[
    {
        "class": "com.facebook.FacebookSdk",
        "method": "sdkInitialize",
        "arguments": "{\"0\":\"<instance: android.content.Context, $className: android.app.Application>\"}"
    },
    {
        "class": "com.facebook.FacebookSdk",
        "method": "sdkInitialize",
        "arguments": "{\"0\":\"<instance: android.content.Context, $className: android.app.Application>\",\"1\":null}"
    },
    {
        "class": "com.facebook.FacebookSdk",
        "method": "loadDefaultsFromMetadata$facebook_core_release",
        "arguments": "{\"0\":\"<instance: android.content.Context, $className: android.app.Application>\"}"
    },
    {
        "class": "com.facebook.FacebookSdk",
        "method": "getAutoInitEnabled",
        "arguments": "{}"
    },
    {
        "class": "com.facebook.FacebookSdk",
        "method": "isInitialized",
        "arguments": "{}"
    },
    {
        "class": "com.facebook.FacebookSdk",
        "method": "getApplicationContext",
        "arguments": "{}"
    },
    {
        "class": "com.facebook.FacebookSdk",
        "method": "isInitialized",
        "arguments": "{}"
    },
    {
        "class": "com.facebook.FacebookSdk",
        "method": "getApplicationContext",
        "arguments": "{}"
    },
    {
        "class": "com.facebook.FacebookSdk",
        "method": "isInitialized",
        "arguments": "{}"
    },
    {
        "class": "com.facebook.FacebookSdk",
        "method": "getApplicationContext",
        "arguments": "{}"
    },
    {
        "class": "com.facebook.FacebookSdk",
        "method": "isInitialized",
        "arguments": "{}"
    },
    {
        "class": "com.facebook.FacebookSdk",
        "method": "getApplicationContext",
        "arguments": "{}"
    },
    {
        "class": "com.facebook.FacebookSdk",
        "method": "isInitialized",
        "arguments": "{}"
    },
    {
        "class": "com.facebook.FacebookSdk",
        "method": "getExecutor",
        "arguments": "{}"
    },
    {
        "class": "com.facebook.FacebookSdk",
        "method": "getApplicationContext",
        "arguments": "{}"
    },
    {
        "class": "com.facebook.FacebookSdk",
        "method": "isInitialized",
        "arguments": "{}"
    },
    {
        "class": "com.facebook.FacebookSdk",
        "method": "isInitialized",
        "arguments": "{}"
    },
    {
        "class": "com.facebook.FacebookSdk",
        "method": "isInitialized",
        "arguments": "{}"
    },
    {
        "class": "com.facebook.FacebookSdk",
        "method": "getApplicationContext",
        "arguments": "{}"
    },
    {
        "class": "com.facebook.FacebookSdk",
        "method": "isInitialized",
        "arguments": "{}"
    },
    {
        "class": "com.facebook.FacebookSdk",
        "method": "isInitialized",
        "arguments": "{}"
    },
    {
        "class": "com.facebook.FacebookSdk",
        "method": "getApplicationContext",
        "arguments": "{}"
    },
    {
        "class": "com.facebook.FacebookSdk",
        "method": "isInitialized",
        "arguments": "{}"
    },
    {
        "class": "com.facebook.FacebookSdk",
        "method": "getApplicationId",
        "arguments": "{}"
    },
    {
        "class": "com.facebook.FacebookSdk",
        "method": "getApplicationContext",
        "arguments": "{}"
    },
    {
        "class": "com.facebook.FacebookSdk",
        "method": "isInitialized",
        "arguments": "{}"
    },
    {
        "class": "com.facebook.FacebookSdk",
        "method": "isInitialized",
        "arguments": "{}"
    },
    {
        "class": "com.facebook.FacebookSdk",
        "method": "getApplicationContext",
        "arguments": "{}"
    },
    {
        "class": "com.facebook.FacebookSdk",
        "method": "isLoggingBehaviorEnabled",
        "arguments": "{\"0\":\"<instance: com.facebook.LoggingBehavior>\"}"
    },
    {
        "class": "com.facebook.FacebookSdk",
        "method": "isInitialized",
        "arguments": "{}"
    },
    {
        "class": "com.facebook.FacebookSdk",
        "method": "isDebugEnabled",
        "arguments": "{}"
    },
    {
        "class": "com.facebook.FacebookSdk",
        "method": "getApplicationId",
        "arguments": "{}"
    },
    {
        "class": "com.facebook.FacebookSdk",
        "method": "isInitialized",
        "arguments": "{}"
    },
    {
        "class": "com.facebook.FacebookSdk",
        "method": "isLoggingBehaviorEnabled",
        "arguments": "{\"0\":\"<instance: com.facebook.LoggingBehavior>\"}"
    },
    {
        "class": "com.facebook.FacebookSdk",
        "method": "getAutoLogAppEventsEnabled",
        "arguments": "{}"
    },
    {
        "class": "com.facebook.FacebookSdk",
        "method": "isDebugEnabled",
        "arguments": "{}"
    },
    {
        "class": "com.facebook.FacebookSdk",
        "method": "isInitialized",
        "arguments": "{}"
    },
    {
        "class": "com.facebook.FacebookSdk",
        "method": "getGraphApiVersion",
        "arguments": "{}"
    },
    {
        "class": "com.facebook.FacebookSdk",
        "method": "isDebugEnabled",
        "arguments": "{}"
    },
    {
        "class": "com.facebook.FacebookSdk",
        "method": "getApplicationId",
        "arguments": "{}"
    },
    {
        "class": "com.facebook.FacebookSdk",
        "method": "getGraphDomain",
        "arguments": "{}"
    },
    {
        "class": "com.facebook.FacebookSdk",
        "method": "isInitialized",
        "arguments": "{}"
    },
    {
        "class": "com.facebook.FacebookSdk",
        "method": "getFacebookDomain",
        "arguments": "{}"
    },
    {
        "class": "com.facebook.FacebookSdk",
        "method": "getApplicationId",
        "arguments": "{}"
    },
    {
        "class": "com.facebook.FacebookSdk",
        "method": "isInitialized",
        "arguments": "{}"
    },
    {
        "class": "com.facebook.FacebookSdk",
        "method": "getApplicationContext",
        "arguments": "{}"
    },
    {
        "class": "com.facebook.FacebookSdk",
        "method": "getGraphDomain",
        "arguments": "{}"
    },
    {
        "class": "com.facebook.FacebookSdk",
        "method": "isInitialized",
        "arguments": "{}"
    },
    {
        "class": "com.facebook.FacebookSdk",
        "method": "getExecutor",
        "arguments": "{}"
    },
    {
        "class": "com.facebook.FacebookSdk",
        "method": "getFacebookDomain",
        "arguments": "{}"
    },
    {
        "class": "com.facebook.FacebookSdk",
        "method": "getApplicationId",
        "arguments": "{}"
    },
    {
        "class": "com.facebook.FacebookSdk",
        "method": "getApplicationContext",
        "arguments": "{}"
    },
    {
        "class": "com.facebook.FacebookSdk",
        "method": "isInitialized",
        "arguments": "{}"
    },
    {
        "class": "com.facebook.FacebookSdk",
        "method": "getApplicationContext",
        "arguments": "{}"
    },
    {
        "class": "com.facebook.FacebookSdk",
        "method": "isInitialized",
        "arguments": "{}"
    },
    {
        "class": "com.facebook.FacebookSdk",
        "method": "getApplicationContext",
        "arguments": "{}"
    },
    {
        "class": "com.facebook.FacebookSdk",
        "method": "getSdkVersion",
        "arguments": "{}"
    },
    {
        "class": "com.facebook.FacebookSdk",
        "method": "isInitialized",
        "arguments": "{}"
    },
    {
        "class": "com.facebook.FacebookSdk",
        "method": "getApplicationId",
        "arguments": "{}"
    },
    {
        "class": "com.facebook.FacebookSdk",
        "method": "isInitialized",
        "arguments": "{}"
    },
    {
        "class": "com.facebook.FacebookSdk",
        "method": "isInitialized",
        "arguments": "{}"
    },
    {
        "class": "com.facebook.FacebookSdk",
        "method": "isLoggingBehaviorEnabled",
        "arguments": "{\"0\":\"<instance: com.facebook.LoggingBehavior>\"}"
    },
    {
        "class": "com.facebook.FacebookSdk",
        "method": "getApplicationId",
        "arguments": "{}"
    },
    {
        "class": "com.facebook.FacebookSdk",
        "method": "isInitialized",
        "arguments": "{}"
    },
    {
        "class": "com.facebook.FacebookSdk",
        "method": "getClientToken",
        "arguments": "{}"
    },
    {
        "class": "com.facebook.FacebookSdk",
        "method": "isDebugEnabled",
        "arguments": "{}"
    },
    {
        "class": "com.facebook.FacebookSdk",
        "method": "getApplicationContext",
        "arguments": "{}"
    },
    {
        "class": "com.facebook.FacebookSdk",
        "method": "isLoggingBehaviorEnabled",
        "arguments": "{\"0\":\"<instance: com.facebook.LoggingBehavior>\"}"
    },
    {
        "class": "com.facebook.FacebookSdk",
        "method": "isInitialized",
        "arguments": "{}"
    },
    {
        "class": "com.facebook.FacebookSdk",
        "method": "getApplicationContext",
        "arguments": "{}"
    },
    {
        "class": "com.facebook.FacebookSdk",
        "method": "getExecutor",
        "arguments": "{}"
    },
    {
        "class": "com.facebook.FacebookSdk",
        "method": "isDebugEnabled",
        "arguments": "{}"
    },
    {
        "class": "com.facebook.FacebookSdk",
        "method": "getApplicationId",
        "arguments": "{}"
    },
    {
        "class": "com.facebook.FacebookSdk",
        "method": "isInitialized",
        "arguments": "{}"
    },
    {
        "class": "com.facebook.FacebookSdk",
        "method": "getApplicationId",
        "arguments": "{}"
    },
    {
        "class": "com.facebook.FacebookSdk",
        "method": "isInitialized",
        "arguments": "{}"
    },
    {
        "class": "com.facebook.FacebookSdk",
        "method": "isInitialized",
        "arguments": "{}"
    },
    {
        "class": "com.facebook.FacebookSdk",
        "method": "isInitialized",
        "arguments": "{}"
    },
    {
        "class": "com.facebook.FacebookSdk",
        "method": "getGraphApiVersion",
        "arguments": "{}"
    },
    {
        "class": "com.facebook.FacebookSdk",
        "method": "getApplicationContext",
        "arguments": "{}"
    },
    {
        "class": "com.facebook.FacebookSdk",
        "method": "isDebugEnabled",
        "arguments": "{}"
    },
    {
        "class": "com.facebook.FacebookSdk",
        "method": "getGraphDomain",
        "arguments": "{}"
    },
    {
        "class": "com.facebook.FacebookSdk",
        "method": "isInitialized",
        "arguments": "{}"
    },
    {
        "class": "com.facebook.FacebookSdk",
        "method": "getExecutor",
        "arguments": "{}"
    },
    {
        "class": "com.facebook.FacebookSdk",
        "method": "getFacebookDomain",
        "arguments": "{}"
    },
    {
        "class": "com.facebook.FacebookSdk",
        "method": "fullyInitialize",
        "arguments": "{}"
    },
    {
        "class": "com.facebook.FacebookSdk",
        "method": "isInitialized",
        "arguments": "{}"
    },
    {
        "class": "com.facebook.FacebookSdk",
        "method": "getApplicationId",
        "arguments": "{}"
    },
    {
        "class": "com.facebook.FacebookSdk",
        "method": "getApplicationId",
        "arguments": "{}"
    },
    {
        "class": "com.facebook.FacebookSdk",
        "method": "isInitialized",
        "arguments": "{}"
    },
    {
        "class": "com.facebook.FacebookSdk",
        "method": "getGraphDomain",
        "arguments": "{}"
    },
    {
        "class": "com.facebook.FacebookSdk",
        "method": "getApplicationContext",
        "arguments": "{}"
    },
    {
        "class": "com.facebook.FacebookSdk",
        "method": "isInitialized",
        "arguments": "{}"
    },
    {
        "class": "com.facebook.FacebookSdk",
        "method": "getExecutor",
        "arguments": "{}"
    },
    {
        "class": "com.facebook.FacebookSdk",
        "method": "getApplicationContext",
        "arguments": "{}"
    },
    {
        "class": "com.facebook.FacebookSdk",
        "method": "isInitialized",
        "arguments": "{}"
    },
    {
        "class": "com.facebook.FacebookSdk",
        "method": "isInitialized",
        "arguments": "{}"
    },
    {
        "class": "com.facebook.FacebookSdk",
        "method": "getApplicationId",
        "arguments": "{}"
    },
    {
        "class": "com.facebook.FacebookSdk",
        "method": "getFacebookDomain",
        "arguments": "{}"
    },
    {
        "class": "com.facebook.FacebookSdk",
        "method": "isInitialized",
        "arguments": "{}"
    },
    {
        "class": "com.facebook.FacebookSdk",
        "method": "getExecutor",
        "arguments": "{}"
    },
    {
        "class": "com.facebook.FacebookSdk",
        "method": "getGraphDomain",
        "arguments": "{}"
    },
    {
        "class": "com.facebook.FacebookSdk",
        "method": "getExecutor",
        "arguments": "{}"
    },
    {
        "class": "com.facebook.FacebookSdk",
        "method": "getExecutor",
        "arguments": "{}"
    },
    {
        "class": "com.facebook.FacebookSdk",
        "method": "getClientToken",
        "arguments": "{}"
    },
    {
        "class": "com.facebook.FacebookSdk",
        "method": "getFacebookDomain",
        "arguments": "{}"
    },
    {
        "class": "com.facebook.FacebookSdk",
        "method": "getApplicationId",
        "arguments": "{}"
    },
    {
        "class": "com.facebook.FacebookSdk",
        "method": "isInitialized",
        "arguments": "{}"
    },
    {
        "class": "com.facebook.FacebookSdk",
        "method": "isInitialized",
        "arguments": "{}"
    },
    {
        "class": "com.facebook.FacebookSdk",
        "method": "getApplicationContext",
        "arguments": "{}"
    },
    {
        "class": "com.facebook.FacebookSdk",
        "method": "getApplicationContext",
        "arguments": "{}"
    },
    {
        "class": "com.facebook.FacebookSdk",
        "method": "isLoggingBehaviorEnabled",
        "arguments": "{\"0\":\"<instance: com.facebook.LoggingBehavior>\"}"
    },
    {
        "class": "com.facebook.FacebookSdk",
        "method": "isInitialized",
        "arguments": "{}"
    },
    {
        "class": "com.facebook.FacebookSdk",
        "method": "getExecutor",
        "arguments": "{}"
    },
    {
        "class": "com.facebook.FacebookSdk",
        "method": "isDebugEnabled",
        "arguments": "{}"
    },
    {
        "class": "com.facebook.FacebookSdk",
        "method": "sdkInitialize$lambda-3",
        "arguments": "{}"
    },
    {
        "class": "com.facebook.FacebookSdk",
        "method": "getApplicationId",
        "arguments": "{}"
    },
    {
        "class": "com.facebook.FacebookSdk",
        "method": "getApplicationId",
        "arguments": "{}"
    },
    {
        "class": "com.facebook.FacebookSdk",
        "method": "isInitialized",
        "arguments": "{}"
    },
    {
        "class": "com.facebook.FacebookSdk",
        "method": "getApplicationContext",
        "arguments": "{}"
    },
    {
        "class": "com.facebook.FacebookSdk",
        "method": "isInitialized",
        "arguments": "{}"
    },
    {
        "class": "com.facebook.FacebookSdk",
        "method": "getExecutor",
        "arguments": "{}"
    },
    {
        "class": "com.facebook.FacebookSdk",
        "method": "isLoggingBehaviorEnabled",
        "arguments": "{\"0\":\"<instance: com.facebook.LoggingBehavior>\"}"
    },
    {
        "class": "com.facebook.FacebookSdk",
        "method": "getApplicationId",
        "arguments": "{}"
    },
    {
        "class": "com.facebook.FacebookSdk",
        "method": "isInitialized",
        "arguments": "{}"
    },
    {
        "class": "com.facebook.FacebookSdk",
        "method": "isInitialized",
        "arguments": "{}"
    },
    {
        "class": "com.facebook.FacebookSdk",
        "method": "getApplicationContext",
        "arguments": "{}"
    },
    {
        "class": "com.facebook.FacebookSdk",
        "method": "isInitialized",
        "arguments": "{}"
    },
    {
        "class": "com.facebook.FacebookSdk",
        "method": "isInitialized",
        "arguments": "{}"
    },
    {
        "class": "com.facebook.FacebookSdk",
        "method": "getExecutor",
        "arguments": "{}"
    },
    {
        "class": "com.facebook.FacebookSdk",
        "method": "getApplicationId",
        "arguments": "{}"
    },
    {
        "class": "com.facebook.FacebookSdk",
        "method": "getApplicationContext",
        "arguments": "{}"
    },
    {
        "class": "com.facebook.FacebookSdk",
        "method": "getClientToken",
        "arguments": "{}"
    },
    {
        "class": "com.facebook.FacebookSdk",
        "method": "isInitialized",
        "arguments": "{}"
    },
    {
        "class": "com.facebook.FacebookSdk",
        "method": "isDebugEnabled",
        "arguments": "{}"
    },
    {
        "class": "com.facebook.FacebookSdk",
        "method": "getApplicationContext",
        "arguments": "{}"
    },
    {
        "class": "com.facebook.FacebookSdk",
        "method": "isInitialized",
        "arguments": "{}"
    },
    {
        "class": "com.facebook.FacebookSdk",
        "method": "getExecutor",
        "arguments": "{}"
    },
    {
        "class": "com.facebook.FacebookSdk",
        "method": "getApplicationId",
        "arguments": "{}"
    },
    {
        "class": "com.facebook.FacebookSdk",
        "method": "isInitialized",
        "arguments": "{}"
    },
    {
        "class": "com.facebook.FacebookSdk",
        "method": "isInitialized",
        "arguments": "{}"
    },
    {
        "class": "com.facebook.FacebookSdk",
        "method": "isInitialized",
        "arguments": "{}"
    },
    {
        "class": "com.facebook.FacebookSdk",
        "method": "getApplicationContext",
        "arguments": "{}"
    },
    {
        "class": "com.facebook.FacebookSdk",
        "method": "isInitialized",
        "arguments": "{}"
    },
    {
        "class": "com.facebook.FacebookSdk",
        "method": "isLoggingBehaviorEnabled",
        "arguments": "{\"0\":\"<instance: com.facebook.LoggingBehavior>\"}"
    },
    {
        "class": "com.facebook.FacebookSdk",
        "method": "getGraphDomain",
        "arguments": "{}"
    },
    {
        "class": "com.facebook.FacebookSdk",
        "method": "getExecutor",
        "arguments": "{}"
    },
    {
        "class": "com.facebook.FacebookSdk",
        "method": "getApplicationContext",
        "arguments": "{}"
    },
    {
        "class": "com.facebook.FacebookSdk",
        "method": "isLoggingBehaviorEnabled",
        "arguments": "{\"0\":\"<instance: com.facebook.LoggingBehavior>\"}"
    },
    {
        "class": "com.facebook.FacebookSdk",
        "method": "getExecutor",
        "arguments": "{}"
    },
    {
        "class": "com.facebook.FacebookSdk",
        "method": "sdkInitialize$lambda-9",
        "arguments": "{\"0\":null}"
    },
    {
        "class": "com.facebook.FacebookSdk",
        "method": "isInitialized",
        "arguments": "{}"
    },
    {
        "class": "com.facebook.FacebookSdk",
        "method": "isLegacyTokenUpgradeSupported",
        "arguments": "{}"
    },
    {
        "class": "com.facebook.FacebookSdk",
        "method": "getApplicationContext",
        "arguments": "{}"
    },
    {
        "class": "com.facebook.FacebookSdk",
        "method": "getApplicationContext",
        "arguments": "{}"
    },
    {
        "class": "com.facebook.FacebookSdk",
        "method": "isDebugEnabled",
        "arguments": "{}"
    },
    {
        "class": "com.facebook.FacebookSdk",
        "method": "isInitialized",
        "arguments": "{}"
    },
    {
        "class": "com.facebook.FacebookSdk",
        "method": "isDebugEnabled",
        "arguments": "{}"
    },
    {
        "class": "com.facebook.FacebookSdk",
        "method": "isLoggingBehaviorEnabled",
        "arguments": "{\"0\":\"<instance: com.facebook.LoggingBehavior>\"}"
    },
    {
        "class": "com.facebook.FacebookSdk",
        "method": "isInitialized",
        "arguments": "{}"
    },
    {
        "class": "com.facebook.FacebookSdk",
        "method": "getApplicationContext",
        "arguments": "{}"
    },
    {
        "class": "com.facebook.FacebookSdk",
        "method": "getFacebookDomain",
        "arguments": "{}"
    },
    {
        "class": "com.facebook.FacebookSdk",
        "method": "isLoggingBehaviorEnabled",
        "arguments": "{\"0\":\"<instance: com.facebook.LoggingBehavior>\"}"
    },
    {
        "class": "com.facebook.FacebookSdk",
        "method": "getApplicationContext",
        "arguments": "{}"
    },
    {
        "class": "com.facebook.FacebookSdk",
        "method": "isInitialized",
        "arguments": "{}"
    },
    {
        "class": "com.facebook.FacebookSdk",
        "method": "isInitialized",
        "arguments": "{}"
    },
    {
        "class": "com.facebook.FacebookSdk",
        "method": "isLoggingBehaviorEnabled",
        "arguments": "{\"0\":\"<instance: com.facebook.LoggingBehavior>\"}"
    },
    {
        "class": "com.facebook.FacebookSdk",
        "method": "getApplicationContext",
        "arguments": "{}"
    },
    {
        "class": "com.facebook.FacebookSdk",
        "method": "isDebugEnabled",
        "arguments": "{}"
    },
    {
        "class": "com.facebook.FacebookSdk",
        "method": "isInitialized",
        "arguments": "{}"
    },
    {
        "class": "com.facebook.FacebookSdk",
        "method": "getAutoLogAppEventsEnabled",
        "arguments": "{}"
    },
    {
        "class": "com.facebook.FacebookSdk",
        "method": "isDebugEnabled",
        "arguments": "{}"
    },
    {
        "class": "com.facebook.FacebookSdk",
        "method": "getApplicationId",
        "arguments": "{}"
    },
    {
        "class": "com.facebook.FacebookSdk",
        "method": "isDebugEnabled",
        "arguments": "{}"
    },
    {
        "class": "com.facebook.FacebookSdk",
        "method": "isInitialized",
        "arguments": "{}"
    },
    {
        "class": "com.facebook.FacebookSdk",
        "method": "getGraphApiVersion",
        "arguments": "{}"
    },
    {
        "class": "com.facebook.FacebookSdk",
        "method": "isInitialized",
        "arguments": "{}"
    },
    {
        "class": "com.facebook.FacebookSdk",
        "method": "isInitialized",
        "arguments": "{}"
    },
    {
        "class": "com.facebook.FacebookSdk",
        "method": "isLoggingBehaviorEnabled",
        "arguments": "{\"0\":\"<instance: com.facebook.LoggingBehavior>\"}"
    },
    {
        "class": "com.facebook.FacebookSdk",
        "method": "getApplicationId",
        "arguments": "{}"
    },
    {
        "class": "com.facebook.FacebookSdk",
        "method": "getApplicationContext",
        "arguments": "{}"
    },
    {
        "class": "com.facebook.FacebookSdk",
        "method": "getClientToken",
        "arguments": "{}"
    },
    {
        "class": "com.facebook.FacebookSdk",
        "method": "isDebugEnabled",
        "arguments": "{}"
    },
    {
        "class": "com.facebook.FacebookSdk",
        "method": "isDebugEnabled",
        "arguments": "{}"
    },
    {
        "class": "com.facebook.FacebookSdk",
        "method": "isInitialized",
        "arguments": "{}"
    },
    {
        "class": "com.facebook.FacebookSdk",
        "method": "isInitialized",
        "arguments": "{}"
    },
    {
        "class": "com.facebook.FacebookSdk",
        "method": "isLoggingBehaviorEnabled",
        "arguments": "{\"0\":\"<instance: com.facebook.LoggingBehavior>\"}"
    },
    {
        "class": "com.facebook.FacebookSdk",
        "method": "getGraphDomain",
        "arguments": "{}"
    },
    {
        "class": "com.facebook.FacebookSdk",
        "method": "getApplicationContext",
        "arguments": "{}"
    },
    {
        "class": "com.facebook.FacebookSdk",
        "method": "getApplicationId",
        "arguments": "{}"
    },
    {
        "class": "com.facebook.FacebookSdk",
        "method": "isInitialized",
        "arguments": "{}"
    },
    {
        "class": "com.facebook.FacebookSdk",
        "method": "getApplicationContext",
        "arguments": "{}"
    },
    {
        "class": "com.facebook.FacebookSdk",
        "method": "isInitialized",
        "arguments": "{}"
    },
    {
        "class": "com.facebook.FacebookSdk",
        "method": "getFacebookDomain",
        "arguments": "{}"
    },
    {
        "class": "com.facebook.FacebookSdk",
        "method": "isLoggingBehaviorEnabled",
        "arguments": "{\"0\":\"<instance: com.facebook.LoggingBehavior>\"}"
    },
    {
        "class": "com.facebook.FacebookSdk",
        "method": "isDebugEnabled",
        "arguments": "{}"
    },
    {
        "class": "com.facebook.FacebookSdk",
        "method": "isInitialized",
        "arguments": "{}"
    },
    {
        "class": "com.facebook.FacebookSdk",
        "method": "isInitialized",
        "arguments": "{}"
    },
    {
        "class": "com.facebook.FacebookSdk",
        "method": "getGraphDomain",
        "arguments": "{}"
    },
    {
        "class": "com.facebook.FacebookSdk",
        "method": "isInitialized",
        "arguments": "{}"
    },
    {
        "class": "com.facebook.FacebookSdk",
        "method": "isDebugEnabled",
        "arguments": "{}"
    },
    {
        "class": "com.facebook.FacebookSdk",
        "method": "getApplicationContext",
        "arguments": "{}"
    },
    {
        "class": "com.facebook.FacebookSdk",
        "method": "isLoggingBehaviorEnabled",
        "arguments": "{\"0\":\"<instance: com.facebook.LoggingBehavior>\"}"
    },
    {
        "class": "com.facebook.FacebookSdk",
        "method": "getFacebookDomain",
        "arguments": "{}"
    },
    {
        "class": "com.facebook.FacebookSdk",
        "method": "getApplicationContext",
        "arguments": "{}"
    },
    {
        "class": "com.facebook.FacebookSdk",
        "method": "isLoggingBehaviorEnabled",
        "arguments": "{\"0\":\"<instance: com.facebook.LoggingBehavior>\"}"
    },
    {
        "class": "com.facebook.FacebookSdk",
        "method": "isInitialized",
        "arguments": "{}"
    },
    {
        "class": "com.facebook.FacebookSdk",
        "method": "isInitialized",
        "arguments": "{}"
    },
    {
        "class": "com.google.firebase.analytics.FirebaseAnalytics",
        "method": "getInstance",
        "arguments": "{\"0\":\"<instance: android.content.Context, $className: android.app.Application>\"}"
    },
    {
        "class": "com.facebook.FacebookSdk",
        "method": "getApplicationId",
        "arguments": "{}"
    },
    {
        "class": "com.facebook.FacebookSdk",
        "method": "isDebugEnabled",
        "arguments": "{}"
    },
    {
        "class": "com.facebook.FacebookSdk",
        "method": "getApplicationId",
        "arguments": "{}"
    },
    {
        "class": "com.facebook.FacebookSdk",
        "method": "getExecutor",
        "arguments": "{}"
    },
    {
        "class": "com.facebook.FacebookSdk",
        "method": "isDebugEnabled",
        "arguments": "{}"
    },
    {
        "class": "com.facebook.FacebookSdk",
        "method": "isInitialized",
        "arguments": "{}"
    },
    {
        "class": "com.google.firebase.analytics.FirebaseAnalytics",
        "method": "getFirebaseInstanceId",
        "arguments": "{}"
    },
    {
        "class": "com.facebook.FacebookSdk",
        "method": "isLoggingBehaviorEnabled",
        "arguments": "{\"0\":\"<instance: com.facebook.LoggingBehavior>\"}"
    },
    {
        "class": "com.facebook.FacebookSdk",
        "method": "isInitialized",
        "arguments": "{}"
    },
    {
        "class": "com.facebook.FacebookSdk",
        "method": "isLoggingBehaviorEnabled",
        "arguments": "{\"0\":\"<instance: com.facebook.LoggingBehavior>\"}"
    },
    {
        "class": "com.facebook.FacebookSdk",
        "method": "isDebugEnabled",
        "arguments": "{}"
    },
    {
        "class": "com.facebook.FacebookSdk",
        "method": "getClientToken",
        "arguments": "{}"
    },
    {
        "class": "com.facebook.FacebookSdk",
        "method": "isDebugEnabled",
        "arguments": "{}"
    },
    {
        "class": "com.facebook.FacebookSdk",
        "method": "isLoggingBehaviorEnabled",
        "arguments": "{\"0\":\"<instance: com.facebook.LoggingBehavior>\"}"
    },
    {
        "class": "com.facebook.FacebookSdk",
        "method": "isDebugEnabled",
        "arguments": "{}"
    },
    {
        "class": "com.facebook.FacebookSdk",
        "method": "isInitialized",
        "arguments": "{}"
    },
    {
        "class": "com.facebook.FacebookSdk",
        "method": "isLoggingBehaviorEnabled",
        "arguments": "{\"0\":\"<instance: com.facebook.LoggingBehavior>\"}"
    },
    {
        "class": "com.facebook.FacebookSdk",
        "method": "isLoggingBehaviorEnabled",
        "arguments": "{\"0\":\"<instance: com.facebook.LoggingBehavior>\"}"
    },
    {
        "class": "com.facebook.FacebookSdk",
        "method": "getGraphDomain",
        "arguments": "{}"
    },
    {
        "class": "com.facebook.FacebookSdk",
        "method": "isDebugEnabled",
        "arguments": "{}"
    },
    {
        "class": "com.facebook.FacebookSdk",
        "method": "getApplicationContext",
        "arguments": "{}"
    },
    {
        "class": "com.facebook.FacebookSdk",
        "method": "getFacebookDomain",
        "arguments": "{}"
    },
    {
        "class": "com.facebook.FacebookSdk",
        "method": "isDebugEnabled",
        "arguments": "{}"
    },
    {
        "class": "com.facebook.FacebookSdk",
        "method": "isInitialized",
        "arguments": "{}"
    },
    {
        "class": "com.facebook.FacebookSdk",
        "method": "isFullyInitialized",
        "arguments": "{}"
    },
    {
        "class": "com.facebook.FacebookSdk",
        "method": "isLoggingBehaviorEnabled",
        "arguments": "{\"0\":\"<instance: com.facebook.LoggingBehavior>\"}"
    },
    {
        "class": "com.facebook.FacebookSdk",
        "method": "isLoggingBehaviorEnabled",
        "arguments": "{\"0\":\"<instance: com.facebook.LoggingBehavior>\"}"
    },
    {
        "class": "com.facebook.FacebookSdk",
        "method": "isDebugEnabled",
        "arguments": "{}"
    },
    {
        "class": "com.facebook.FacebookSdk",
        "method": "getApplicationId",
        "arguments": "{}"
    },
    {
        "class": "com.facebook.FacebookSdk",
        "method": "isDebugEnabled",
        "arguments": "{}"
    },
    {
        "class": "com.facebook.FacebookSdk",
        "method": "isLoggingBehaviorEnabled",
        "arguments": "{\"0\":\"<instance: com.facebook.LoggingBehavior>\"}"
    },
    {
        "class": "com.facebook.FacebookSdk",
        "method": "getApplicationId",
        "arguments": "{}"
    },
    {
        "class": "com.facebook.FacebookSdk",
        "method": "isInitialized",
        "arguments": "{}"
    },
    {
        "class": "com.facebook.FacebookSdk",
        "method": "getApplicationContext",
        "arguments": "{}"
    },
    {
        "class": "com.facebook.FacebookSdk",
        "method": "isInitialized",
        "arguments": "{}"
    },
    {
        "class": "com.facebook.FacebookSdk",
        "method": "isDebugEnabled",
        "arguments": "{}"
    },
    {
        "class": "com.facebook.FacebookSdk",
        "method": "getClientToken",
        "arguments": "{}"
    },
    {
        "class": "com.facebook.FacebookSdk",
        "method": "isInitialized",
        "arguments": "{}"
    },
    {
        "class": "com.facebook.FacebookSdk",
        "method": "getApplicationContext",
        "arguments": "{}"
    },
    {
        "class": "com.facebook.FacebookSdk",
        "method": "isInitialized",
        "arguments": "{}"
    },
    {
        "class": "com.facebook.FacebookSdk",
        "method": "isInitialized",
        "arguments": "{}"
    },
    {
        "class": "com.facebook.FacebookSdk",
        "method": "isLoggingBehaviorEnabled",
        "arguments": "{\"0\":\"<instance: com.facebook.LoggingBehavior>\"}"
    },
    {
        "class": "com.facebook.FacebookSdk",
        "method": "getApplicationId",
        "arguments": "{}"
    },
    {
        "class": "com.facebook.FacebookSdk",
        "method": "isLoggingBehaviorEnabled",
        "arguments": "{\"0\":\"<instance: com.facebook.LoggingBehavior>\"}"
    },
    {
        "class": "com.facebook.FacebookSdk",
        "method": "isDebugEnabled",
        "arguments": "{}"
    },
    {
        "class": "com.facebook.FacebookSdk",
        "method": "isInitialized",
        "arguments": "{}"
    },
    {
        "class": "com.facebook.FacebookSdk",
        "method": "isLoggingBehaviorEnabled",
        "arguments": "{\"0\":\"<instance: com.facebook.LoggingBehavior>\"}"
    },
    {
        "class": "com.facebook.FacebookSdk",
        "method": "getApplicationId",
        "arguments": "{}"
    },
    {
        "class": "com.facebook.FacebookSdk",
        "method": "isInitialized",
        "arguments": "{}"
    },
    {
        "class": "com.facebook.FacebookSdk",
        "method": "getApplicationContext",
        "arguments": "{}"
    },
    {
        "class": "com.facebook.FacebookSdk",
        "method": "isDebugEnabled",
        "arguments": "{}"
    },
    {
        "class": "com.facebook.FacebookSdk",
        "method": "isDebugEnabled",
        "arguments": "{}"
    },
    {
        "class": "com.facebook.FacebookSdk",
        "method": "isInitialized",
        "arguments": "{}"
    },
    {
        "class": "com.facebook.FacebookSdk",
        "method": "isLoggingBehaviorEnabled",
        "arguments": "{\"0\":\"<instance: com.facebook.LoggingBehavior>\"}"
    },
    {
        "class": "com.facebook.FacebookSdk",
        "method": "isDebugEnabled",
        "arguments": "{}"
    },
    {
        "class": "com.facebook.FacebookSdk",
        "method": "isFullyInitialized",
        "arguments": "{}"
    },
    {
        "class": "com.facebook.FacebookSdk",
        "method": "isLoggingBehaviorEnabled",
        "arguments": "{\"0\":\"<instance: com.facebook.LoggingBehavior>\"}"
    },
    {
        "class": "com.facebook.FacebookSdk",
        "method": "isDebugEnabled",
        "arguments": "{}"
    },
    {
        "class": "com.facebook.FacebookSdk",
        "method": "getExecutor",
        "arguments": "{}"
    },
    {
        "class": "com.facebook.FacebookSdk",
        "method": "getApplicationId",
        "arguments": "{}"
    },
    {
        "class": "com.facebook.FacebookSdk",
        "method": "isLoggingBehaviorEnabled",
        "arguments": "{\"0\":\"<instance: com.facebook.LoggingBehavior>\"}"
    },
    {
        "class": "com.facebook.FacebookSdk",
        "method": "isInitialized",
        "arguments": "{}"
    },
    {
        "class": "com.facebook.FacebookSdk",
        "method": "isDebugEnabled",
        "arguments": "{}"
    },
    {
        "class": "com.facebook.FacebookSdk",
        "method": "getApplicationId",
        "arguments": "{}"
    },
    {
        "class": "com.facebook.FacebookSdk",
        "method": "isLoggingBehaviorEnabled",
        "arguments": "{\"0\":\"<instance: com.facebook.LoggingBehavior>\"}"
    },
    {
        "class": "com.facebook.FacebookSdk",
        "method": "isInitialized",
        "arguments": "{}"
    },
    {
        "class": "com.facebook.FacebookSdk",
        "method": "getApplicationContext",
        "arguments": "{}"
    },
    {
        "class": "com.facebook.FacebookSdk",
        "method": "isDebugEnabled",
        "arguments": "{}"
    },
    {
        "class": "com.facebook.FacebookSdk",
        "method": "isInitialized",
        "arguments": "{}"
    },
    {
        "class": "com.facebook.FacebookSdk",
        "method": "getExecutor",
        "arguments": "{}"
    },
    {
        "class": "com.facebook.FacebookSdk",
        "method": "isLoggingBehaviorEnabled",
        "arguments": "{\"0\":\"<instance: com.facebook.LoggingBehavior>\"}"
    },
    {
        "class": "com.facebook.FacebookSdk",
        "method": "isDebugEnabled",
        "arguments": "{}"
    },
    {
        "class": "com.google.firebase.analytics.FirebaseAnalytics",
        "method": "getInstance",
        "arguments": "{\"0\":\"<instance: android.content.Context, $className: android.app.Application>\"}"
    },
    {
        "class": "com.facebook.FacebookSdk",
        "method": "isLoggingBehaviorEnabled",
        "arguments": "{\"0\":\"<instance: com.facebook.LoggingBehavior>\"}"
    },
    {
        "class": "com.facebook.FacebookSdk",
        "method": "getApplicationContext",
        "arguments": "{}"
    },
    {
        "class": "com.facebook.FacebookSdk",
        "method": "isDebugEnabled",
        "arguments": "{}"
    },
    {
        "class": "com.facebook.FacebookSdk",
        "method": "getApplicationId",
        "arguments": "{}"
    },
    {
        "class": "com.google.firebase.analytics.FirebaseAnalytics",
        "method": "getFirebaseInstanceId",
        "arguments": "{}"
    },
    {
        "class": "com.facebook.FacebookSdk",
        "method": "isInitialized",
        "arguments": "{}"
    },
    {
        "class": "com.facebook.FacebookSdk",
        "method": "isLoggingBehaviorEnabled",
        "arguments": "{\"0\":\"<instance: com.facebook.LoggingBehavior>\"}"
    },
    {
        "class": "com.facebook.FacebookSdk",
        "method": "isDebugEnabled",
        "arguments": "{}"
    },
    {
        "class": "com.facebook.FacebookSdk",
        "method": "isInitialized",
        "arguments": "{}"
    },
    {
        "class": "com.facebook.FacebookSdk",
        "method": "isLoggingBehaviorEnabled",
        "arguments": "{\"0\":\"<instance: com.facebook.LoggingBehavior>\"}"
    },
    {
        "class": "com.facebook.FacebookSdk",
        "method": "getApplicationContext",
        "arguments": "{}"
    },
    {
        "class": "com.facebook.FacebookSdk",
        "method": "isDebugEnabled",
        "arguments": "{}"
    },
    {
        "class": "com.facebook.FacebookSdk",
        "method": "isInitialized",
        "arguments": "{}"
    },
    {
        "class": "com.facebook.FacebookSdk",
        "method": "getLimitEventAndDataUsage",
        "arguments": "{\"0\":\"<instance: android.content.Context, $className: android.app.Application>\"}"
    },
    {
        "class": "com.facebook.FacebookSdk",
        "method": "isInitialized",
        "arguments": "{}"
    },
    {
        "class": "com.facebook.FacebookSdk",
        "method": "isLoggingBehaviorEnabled",
        "arguments": "{\"0\":\"<instance: com.facebook.LoggingBehavior>\"}"
    },
    {
        "class": "com.facebook.FacebookSdk",
        "method": "isDebugEnabled",
        "arguments": "{}"
    },
    {
        "class": "com.facebook.FacebookSdk",
        "method": "isLoggingBehaviorEnabled",
        "arguments": "{\"0\":\"<instance: com.facebook.LoggingBehavior>\"}"
    },
    {
        "class": "com.facebook.FacebookSdk",
        "method": "isDebugEnabled",
        "arguments": "{}"
    },
    {
        "class": "com.facebook.FacebookSdk",
        "method": "isLoggingBehaviorEnabled",
        "arguments": "{\"0\":\"<instance: com.facebook.LoggingBehavior>\"}"
    },
    {
        "class": "com.facebook.FacebookSdk",
        "method": "isDebugEnabled",
        "arguments": "{}"
    },
    {
        "class": "com.facebook.FacebookSdk",
        "method": "getGraphApiVersion",
        "arguments": "{}"
    },
    {
        "class": "com.facebook.FacebookSdk",
        "method": "isFullyInitialized",
        "arguments": "{}"
    },
    {
        "class": "com.facebook.FacebookSdk",
        "method": "isDebugEnabled",
        "arguments": "{}"
    },
    {
        "class": "com.facebook.FacebookSdk",
        "method": "getGraphDomain",
        "arguments": "{}"
    },
    {
        "class": "com.facebook.FacebookSdk",
        "method": "getFacebookDomain",
        "arguments": "{}"
    },
    {
        "class": "com.facebook.FacebookSdk",
        "method": "getGraphDomain",
        "arguments": "{}"
    },
    {
        "class": "com.facebook.FacebookSdk",
        "method": "getFacebookDomain",
        "arguments": "{}"
    },
    {
        "class": "com.facebook.FacebookSdk",
        "method": "getApplicationId",
        "arguments": "{}"
    },
    {
        "class": "com.facebook.FacebookSdk",
        "method": "isInitialized",
        "arguments": "{}"
    },
    {
        "class": "com.facebook.FacebookSdk",
        "method": "getClientToken",
        "arguments": "{}"
    },
    {
        "class": "com.facebook.FacebookSdk",
        "method": "isInitialized",
        "arguments": "{}"
    },
    {
        "class": "com.facebook.FacebookSdk",
        "method": "getGraphDomain",
        "arguments": "{}"
    },
    {
        "class": "com.facebook.FacebookSdk",
        "method": "getFacebookDomain",
        "arguments": "{}"
    },
    {
        "class": "com.facebook.FacebookSdk",
        "method": "getApplicationId",
        "arguments": "{}"
    },
    {
        "class": "com.facebook.FacebookSdk",
        "method": "isInitialized",
        "arguments": "{}"
    },
    {
        "class": "com.facebook.FacebookSdk",
        "method": "getClientToken",
        "arguments": "{}"
    },
    {
        "class": "com.facebook.FacebookSdk",
        "method": "isInitialized",
        "arguments": "{}"
    },
    {
        "class": "com.facebook.FacebookSdk",
        "method": "isLoggingBehaviorEnabled",
        "arguments": "{\"0\":\"<instance: com.facebook.LoggingBehavior>\"}"
    },
    {
        "class": "com.google.firebase.analytics.FirebaseAnalytics",
        "method": "getInstance",
        "arguments": "{\"0\":\"<instance: android.content.Context, $className: android.app.Application>\"}"
    },
    {
        "class": "com.facebook.FacebookSdk",
        "method": "isDebugEnabled",
        "arguments": "{}"
    },
    {
        "class": "com.facebook.FacebookSdk",
        "method": "isLoggingBehaviorEnabled",
        "arguments": "{\"0\":\"<instance: com.facebook.LoggingBehavior>\"}"
    },
    {
        "class": "com.facebook.FacebookSdk",
        "method": "isDebugEnabled",
        "arguments": "{}"
    },
    {
        "class": "com.google.firebase.analytics.FirebaseAnalytics",
        "method": "getFirebaseInstanceId",
        "arguments": "{}"
    },
    {
        "class": "com.facebook.FacebookSdk",
        "method": "isLoggingBehaviorEnabled",
        "arguments": "{\"0\":\"<instance: com.facebook.LoggingBehavior>\"}"
    },
    {
        "class": "com.facebook.FacebookSdk",
        "method": "isDebugEnabled",
        "arguments": "{}"
    },
    {
        "class": "com.facebook.FacebookSdk",
        "method": "isLoggingBehaviorEnabled",
        "arguments": "{\"0\":\"<instance: com.facebook.LoggingBehavior>\"}"
    },
    {
        "class": "com.facebook.FacebookSdk",
        "method": "isDebugEnabled",
        "arguments": "{}"
    },
    {
        "class": "com.facebook.FacebookSdk",
        "method": "isLoggingBehaviorEnabled",
        "arguments": "{\"0\":\"<instance: com.facebook.LoggingBehavior>\"}"
    },
    {
        "class": "com.facebook.FacebookSdk",
        "method": "isDebugEnabled",
        "arguments": "{}"
    },
    {
        "class": "com.facebook.FacebookSdk",
        "method": "isLoggingBehaviorEnabled",
        "arguments": "{\"0\":\"<instance: com.facebook.LoggingBehavior>\"}"
    },
    {
        "class": "com.facebook.FacebookSdk",
        "method": "isDebugEnabled",
        "arguments": "{}"
    },
    {
        "class": "com.facebook.FacebookSdk",
        "method": "isLoggingBehaviorEnabled",
        "arguments": "{\"0\":\"<instance: com.facebook.LoggingBehavior>\"}"
    },
    {
        "class": "com.facebook.FacebookSdk",
        "method": "isDebugEnabled",
        "arguments": "{}"
    },
    {
        "class": "com.facebook.FacebookSdk",
        "method": "isLoggingBehaviorEnabled",
        "arguments": "{\"0\":\"<instance: com.facebook.LoggingBehavior>\"}"
    },
    {
        "class": "com.facebook.FacebookSdk",
        "method": "isDebugEnabled",
        "arguments": "{}"
    },
    {
        "class": "com.google.firebase.analytics.FirebaseAnalytics",
        "method": "getInstance",
        "arguments": "{\"0\":\"<instance: android.content.Context, $className: android.app.Application>\"}"
    },
    {
        "class": "com.google.firebase.analytics.FirebaseAnalytics",
        "method": "getFirebaseInstanceId",
        "arguments": "{}"
    },
    {
        "class": "com.facebook.FacebookSdk",
        "method": "isLoggingBehaviorEnabled",
        "arguments": "{\"0\":\"<instance: com.facebook.LoggingBehavior>\"}"
    },
    {
        "class": "com.facebook.FacebookSdk",
        "method": "isDebugEnabled",
        "arguments": "{}"
    },
    {
        "class": "com.facebook.FacebookSdk",
        "method": "isFullyInitialized",
        "arguments": "{}"
    },
    {
        "class": "com.google.firebase.analytics.FirebaseAnalytics",
        "method": "getInstance",
        "arguments": "{\"0\":\"<instance: android.content.Context, $className: android.app.Application>\"}"
    },
    {
        "class": "com.google.firebase.analytics.FirebaseAnalytics",
        "method": "getFirebaseInstanceId",
        "arguments": "{}"
    },
    {
        "class": "com.facebook.FacebookSdk",
        "method": "isInitialized",
        "arguments": "{}"
    },
    {
        "class": "com.facebook.FacebookSdk",
        "method": "getAutoLogAppEventsEnabled",
        "arguments": "{}"
    },
    {
        "class": "com.facebook.FacebookSdk",
        "method": "isInitialized",
        "arguments": "{}"
    },
    {
        "class": "com.facebook.FacebookSdk",
        "method": "getApplicationId",
        "arguments": "{}"
    },
    {
        "class": "com.facebook.FacebookSdk",
        "method": "isInitialized",
        "arguments": "{}"
    },
    {
        "class": "com.facebook.FacebookSdk",
        "method": "getApplicationId",
        "arguments": "{}"
    },
    {
        "class": "com.facebook.FacebookSdk",
        "method": "isInitialized",
        "arguments": "{}"
    },
    {
        "class": "com.facebook.FacebookSdk",
        "method": "getApplicationContext",
        "arguments": "{}"
    },
    {
        "class": "com.facebook.FacebookSdk",
        "method": "isInitialized",
        "arguments": "{}"
    },
    {
        "class": "com.facebook.FacebookSdk",
        "method": "getExecutor",
        "arguments": "{}"
    },
    {
        "class": "com.facebook.FacebookSdk",
        "method": "isLoggingBehaviorEnabled",
        "arguments": "{\"0\":\"<instance: com.facebook.LoggingBehavior>\"}"
    },
    {
        "class": "com.facebook.FacebookSdk",
        "method": "isDebugEnabled",
        "arguments": "{}"
    },
    {
        "class": "com.facebook.FacebookSdk",
        "method": "getApplicationContext",
        "arguments": "{}"
    },
    {
        "class": "com.facebook.FacebookSdk",
        "method": "isInitialized",
        "arguments": "{}"
    },
    {
        "class": "com.facebook.FacebookSdk",
        "method": "getApplicationContext",
        "arguments": "{}"
    },
    {
        "class": "com.facebook.FacebookSdk",
        "method": "isInitialized",
        "arguments": "{}"
    },
    {
        "class": "com.facebook.FacebookSdk",
        "method": "getApplicationContext",
        "arguments": "{}"
    },
    {
        "class": "com.facebook.FacebookSdk",
        "method": "isInitialized",
        "arguments": "{}"
    },
    {
        "class": "com.facebook.FacebookSdk",
        "method": "getApplicationId",
        "arguments": "{}"
    },
    {
        "class": "com.facebook.FacebookSdk",
        "method": "isInitialized",
        "arguments": "{}"
    },
    {
        "class": "com.google.firebase.analytics.FirebaseAnalytics",
        "method": "getInstance",
        "arguments": "{\"0\":\"<instance: android.content.Context, $className: android.app.Application>\"}"
    },
    {
        "class": "com.facebook.FacebookSdk",
        "method": "getApplicationId",
        "arguments": "{}"
    },
    {
        "class": "com.google.firebase.analytics.FirebaseAnalytics",
        "method": "getFirebaseInstanceId",
        "arguments": "{}"
    },
    {
        "class": "com.facebook.FacebookSdk",
        "method": "isInitialized",
        "arguments": "{}"
    },
    {
        "class": "com.facebook.FacebookSdk",
        "method": "getApplicationContext",
        "arguments": "{}"
    },
    {
        "class": "com.facebook.FacebookSdk",
        "method": "isInitialized",
        "arguments": "{}"
    },
    {
        "class": "com.facebook.FacebookSdk",
        "method": "getExecutor",
        "arguments": "{}"
    },
    {
        "class": "com.facebook.FacebookSdk",
        "method": "getApplicationId",
        "arguments": "{}"
    },
    {
        "class": "com.facebook.FacebookSdk",
        "method": "isInitialized",
        "arguments": "{}"
    },
    {
        "class": "com.facebook.FacebookSdk",
        "method": "getApplicationId",
        "arguments": "{}"
    },
    {
        "class": "com.facebook.FacebookSdk",
        "method": "isInitialized",
        "arguments": "{}"
    },
    {
        "class": "com.facebook.FacebookSdk",
        "method": "getApplicationContext",
        "arguments": "{}"
    },
    {
        "class": "com.facebook.FacebookSdk",
        "method": "isInitialized",
        "arguments": "{}"
    },
    {
        "class": "com.facebook.FacebookSdk",
        "method": "getExecutor",
        "arguments": "{}"
    },
    {
        "class": "com.facebook.FacebookSdk",
        "method": "getApplicationContext",
        "arguments": "{}"
    },
    {
        "class": "com.facebook.FacebookSdk",
        "method": "isInitialized",
        "arguments": "{}"
    },
    {
        "class": "com.facebook.FacebookSdk",
        "method": "isLoggingBehaviorEnabled",
        "arguments": "{\"0\":\"<instance: com.facebook.LoggingBehavior>\"}"
    },
    {
        "class": "com.facebook.FacebookSdk",
        "method": "isDebugEnabled",
        "arguments": "{}"
    },
    {
        "class": "com.facebook.FacebookSdk",
        "method": "isLoggingBehaviorEnabled",
        "arguments": "{\"0\":\"<instance: com.facebook.LoggingBehavior>\"}"
    },
    {
        "class": "com.facebook.FacebookSdk",
        "method": "isDebugEnabled",
        "arguments": "{}"
    },
    {
        "class": "com.facebook.FacebookSdk",
        "method": "isLoggingBehaviorEnabled",
        "arguments": "{\"0\":\"<instance: com.facebook.LoggingBehavior>\"}"
    },
    {
        "class": "com.facebook.FacebookSdk",
        "method": "isDebugEnabled",
        "arguments": "{}"
    },
    {
        "class": "com.facebook.FacebookSdk",
        "method": "getApplicationId",
        "arguments": "{}"
    },
    {
        "class": "com.facebook.FacebookSdk",
        "method": "isLoggingBehaviorEnabled",
        "arguments": "{\"0\":\"<instance: com.facebook.LoggingBehavior>\"}"
    },
    {
        "class": "com.facebook.FacebookSdk",
        "method": "isInitialized",
        "arguments": "{}"
    },
    {
        "class": "com.facebook.FacebookSdk",
        "method": "isDebugEnabled",
        "arguments": "{}"
    },
    {
        "class": "com.facebook.FacebookSdk",
        "method": "getApplicationId",
        "arguments": "{}"
    },
    {
        "class": "com.facebook.FacebookSdk",
        "method": "isInitialized",
        "arguments": "{}"
    },
    {
        "class": "com.facebook.FacebookSdk",
        "method": "getApplicationContext",
        "arguments": "{}"
    },
    {
        "class": "com.facebook.FacebookSdk",
        "method": "isInitialized",
        "arguments": "{}"
    },
    {
        "class": "com.facebook.FacebookSdk",
        "method": "getApplicationContext",
        "arguments": "{}"
    },
    {
        "class": "com.facebook.FacebookSdk",
        "method": "isInitialized",
        "arguments": "{}"
    },
    {
        "class": "com.facebook.FacebookSdk",
        "method": "getApplicationId",
        "arguments": "{}"
    },
    {
        "class": "com.facebook.FacebookSdk",
        "method": "isInitialized",
        "arguments": "{}"
    },
    {
        "class": "com.facebook.FacebookSdk",
        "method": "getApplicationId",
        "arguments": "{}"
    },
    {
        "class": "com.facebook.FacebookSdk",
        "method": "isInitialized",
        "arguments": "{}"
    },
    {
        "class": "com.facebook.FacebookSdk",
        "method": "getApplicationId",
        "arguments": "{}"
    },
    {
        "class": "com.facebook.FacebookSdk",
        "method": "isInitialized",
        "arguments": "{}"
    },
    {
        "class": "com.facebook.FacebookSdk",
        "method": "getApplicationId",
        "arguments": "{}"
    },
    {
        "class": "com.facebook.FacebookSdk",
        "method": "isInitialized",
        "arguments": "{}"
    },
    {
        "class": "com.facebook.FacebookSdk",
        "method": "getApplicationContext",
        "arguments": "{}"
    },
    {
        "class": "com.facebook.FacebookSdk",
        "method": "isInitialized",
        "arguments": "{}"
    },
    {
        "class": "com.facebook.FacebookSdk",
        "method": "getApplicationId",
        "arguments": "{}"
    },
    {
        "class": "com.facebook.FacebookSdk",
        "method": "isInitialized",
        "arguments": "{}"
    },
    {
        "class": "com.facebook.FacebookSdk",
        "method": "getApplicationId",
        "arguments": "{}"
    },
    {
        "class": "com.facebook.FacebookSdk",
        "method": "isInitialized",
        "arguments": "{}"
    },
    {
        "class": "com.facebook.FacebookSdk",
        "method": "sdkInitialize$lambda-4",
        "arguments": "{\"0\":true}"
    },
    {
        "class": "com.facebook.FacebookSdk",
        "method": "getAutoLogAppEventsEnabled",
        "arguments": "{}"
    },
    {
        "class": "com.facebook.FacebookSdk",
        "method": "isInitialized",
        "arguments": "{}"
    },
    {
        "class": "com.facebook.FacebookSdk",
        "method": "isLoggingBehaviorEnabled",
        "arguments": "{\"0\":\"<instance: com.facebook.LoggingBehavior>\"}"
    },
    {
        "class": "com.facebook.FacebookSdk",
        "method": "getApplicationId",
        "arguments": "{}"
    },
    {
        "class": "com.facebook.FacebookSdk",
        "method": "isDebugEnabled",
        "arguments": "{}"
    },
    {
        "class": "com.facebook.FacebookSdk",
        "method": "isInitialized",
        "arguments": "{}"
    },
    {
        "class": "com.facebook.FacebookSdk",
        "method": "getApplicationId",
        "arguments": "{}"
    },
    {
        "class": "com.facebook.FacebookSdk",
        "method": "isInitialized",
        "arguments": "{}"
    },
    {
        "class": "com.facebook.FacebookSdk",
        "method": "isLoggingBehaviorEnabled",
        "arguments": "{\"0\":\"<instance: com.facebook.LoggingBehavior>\"}"
    },
    {
        "class": "com.facebook.FacebookSdk",
        "method": "getApplicationId",
        "arguments": "{}"
    },
    {
        "class": "com.facebook.FacebookSdk",
        "method": "isDebugEnabled",
        "arguments": "{}"
    },
    {
        "class": "com.facebook.FacebookSdk",
        "method": "isInitialized",
        "arguments": "{}"
    },
    {
        "class": "com.facebook.FacebookSdk",
        "method": "getApplicationContext",
        "arguments": "{}"
    },
    {
        "class": "com.facebook.FacebookSdk",
        "method": "isInitialized",
        "arguments": "{}"
    },
    {
        "class": "com.facebook.FacebookSdk",
        "method": "getSdkVersion",
        "arguments": "{}"
    },
    {
        "class": "com.facebook.FacebookSdk",
        "method": "getApplicationId",
        "arguments": "{}"
    },
    {
        "class": "com.facebook.FacebookSdk",
        "method": "isLoggingBehaviorEnabled",
        "arguments": "{\"0\":\"<instance: com.facebook.LoggingBehavior>\"}"
    },
    {
        "class": "com.facebook.FacebookSdk",
        "method": "isDebugEnabled",
        "arguments": "{}"
    },
    {
        "class": "com.facebook.FacebookSdk",
        "method": "isInitialized",
        "arguments": "{}"
    },
    {
        "class": "com.facebook.FacebookSdk",
        "method": "isLoggingBehaviorEnabled",
        "arguments": "{\"0\":\"<instance: com.facebook.LoggingBehavior>\"}"
    },
    {
        "class": "com.facebook.FacebookSdk",
        "method": "isDebugEnabled",
        "arguments": "{}"
    },
    {
        "class": "com.facebook.FacebookSdk",
        "method": "getApplicationId",
        "arguments": "{}"
    },
    {
        "class": "com.facebook.FacebookSdk",
        "method": "getGraphApiVersion",
        "arguments": "{}"
    },
    {
        "class": "com.facebook.FacebookSdk",
        "method": "isDebugEnabled",
        "arguments": "{}"
    },
    {
        "class": "com.facebook.FacebookSdk",
        "method": "isInitialized",
        "arguments": "{}"
    },
    {
        "class": "com.facebook.FacebookSdk",
        "method": "getGraphDomain",
        "arguments": "{}"
    },
    {
        "class": "com.facebook.FacebookSdk",
        "method": "sdkInitialize$lambda-5",
        "arguments": "{\"0\":true}"
    },
    {
        "class": "com.facebook.FacebookSdk",
        "method": "getFacebookDomain",
        "arguments": "{}"
    },
    {
        "class": "com.facebook.FacebookSdk",
        "method": "getGraphDomain",
        "arguments": "{}"
    },
    {
        "class": "com.facebook.FacebookSdk",
        "method": "getApplicationContext",
        "arguments": "{}"
    },
    {
        "class": "com.facebook.FacebookSdk",
        "method": "getFacebookDomain",
        "arguments": "{}"
    },
    {
        "class": "com.facebook.FacebookSdk",
        "method": "isInitialized",
        "arguments": "{}"
    },
    {
        "class": "com.facebook.FacebookSdk",
        "method": "getApplicationId",
        "arguments": "{}"
    },
    {
        "class": "com.facebook.FacebookSdk",
        "method": "getApplicationId",
        "arguments": "{}"
    },
    {
        "class": "com.facebook.FacebookSdk",
        "method": "isInitialized",
        "arguments": "{}"
    },
    {
        "class": "com.facebook.FacebookSdk",
        "method": "getApplicationId",
        "arguments": "{}"
    },
    {
        "class": "com.facebook.FacebookSdk",
        "method": "isInitialized",
        "arguments": "{}"
    },
    {
        "class": "com.facebook.FacebookSdk",
        "method": "isInitialized",
        "arguments": "{}"
    },
    {
        "class": "com.facebook.FacebookSdk",
        "method": "getClientToken",
        "arguments": "{}"
    },
    {
        "class": "com.facebook.FacebookSdk",
        "method": "getApplicationContext",
        "arguments": "{}"
    },
    {
        "class": "com.facebook.FacebookSdk",
        "method": "isInitialized",
        "arguments": "{}"
    },
    {
        "class": "com.facebook.FacebookSdk",
        "method": "isInitialized",
        "arguments": "{}"
    },
    {
        "class": "com.facebook.FacebookSdk",
        "method": "getApplicationContext",
        "arguments": "{}"
    },
    {
        "class": "com.facebook.FacebookSdk",
        "method": "isInitialized",
        "arguments": "{}"
    },
    {
        "class": "com.facebook.FacebookSdk",
        "method": "getGraphDomain",
        "arguments": "{}"
    },
    {
        "class": "com.facebook.FacebookSdk",
        "method": "getApplicationId",
        "arguments": "{}"
    },
    {
        "class": "com.facebook.FacebookSdk",
        "method": "isInitialized",
        "arguments": "{}"
    },
    {
        "class": "com.facebook.FacebookSdk",
        "method": "getFacebookDomain",
        "arguments": "{}"
    },
    {
        "class": "com.facebook.FacebookSdk",
        "method": "getApplicationId",
        "arguments": "{}"
    },
    {
        "class": "com.facebook.FacebookSdk",
        "method": "isInitialized",
        "arguments": "{}"
    },
    {
        "class": "com.facebook.FacebookSdk",
        "method": "getApplicationId",
        "arguments": "{}"
    },
    {
        "class": "com.facebook.FacebookSdk",
        "method": "getApplicationId",
        "arguments": "{}"
    },
    {
        "class": "com.facebook.FacebookSdk",
        "method": "isInitialized",
        "arguments": "{}"
    },
    {
        "class": "com.facebook.FacebookSdk",
        "method": "isInitialized",
        "arguments": "{}"
    },
    {
        "class": "com.facebook.FacebookSdk",
        "method": "getClientToken",
        "arguments": "{}"
    },
    {
        "class": "com.facebook.FacebookSdk",
        "method": "getApplicationId",
        "arguments": "{}"
    },
    {
        "class": "com.facebook.FacebookSdk",
        "method": "isInitialized",
        "arguments": "{}"
    },
    {
        "class": "com.facebook.FacebookSdk",
        "method": "sdkInitialize$lambda-6",
        "arguments": "{\"0\":false}"
    },
    {
        "class": "com.facebook.FacebookSdk",
        "method": "getApplicationContext",
        "arguments": "{}"
    },
    {
        "class": "com.facebook.FacebookSdk",
        "method": "isInitialized",
        "arguments": "{}"
    },
    {
        "class": "com.facebook.FacebookSdk",
        "method": "getApplicationContext",
        "arguments": "{}"
    },
    {
        "class": "com.facebook.FacebookSdk",
        "method": "isInitialized",
        "arguments": "{}"
    },
    {
        "class": "com.facebook.FacebookSdk",
        "method": "isInitialized",
        "arguments": "{}"
    },
    {
        "class": "com.facebook.FacebookSdk",
        "method": "getApplicationId",
        "arguments": "{}"
    },
    {
        "class": "com.facebook.FacebookSdk",
        "method": "isLoggingBehaviorEnabled",
        "arguments": "{\"0\":\"<instance: com.facebook.LoggingBehavior>\"}"
    },
    {
        "class": "com.facebook.FacebookSdk",
        "method": "isInitialized",
        "arguments": "{}"
    },
    {
        "class": "com.facebook.FacebookSdk",
        "method": "isDebugEnabled",
        "arguments": "{}"
    },
    {
        "class": "com.facebook.FacebookSdk",
        "method": "getApplicationId",
        "arguments": "{}"
    },
    {
        "class": "com.facebook.FacebookSdk",
        "method": "isInitialized",
        "arguments": "{}"
    },
    {
        "class": "com.facebook.FacebookSdk",
        "method": "isLoggingBehaviorEnabled",
        "arguments": "{\"0\":\"<instance: com.facebook.LoggingBehavior>\"}"
    },
    {
        "class": "com.facebook.FacebookSdk",
        "method": "getApplicationId",
        "arguments": "{}"
    },
    {
        "class": "com.facebook.FacebookSdk",
        "method": "isDebugEnabled",
        "arguments": "{}"
    },
    {
        "class": "com.facebook.FacebookSdk",
        "method": "isInitialized",
        "arguments": "{}"
    },
    {
        "class": "com.facebook.FacebookSdk",
        "method": "getApplicationId",
        "arguments": "{}"
    },
    {
        "class": "com.facebook.FacebookSdk",
        "method": "isInitialized",
        "arguments": "{}"
    },
    {
        "class": "com.facebook.FacebookSdk",
        "method": "isLoggingBehaviorEnabled",
        "arguments": "{\"0\":\"<instance: com.facebook.LoggingBehavior>\"}"
    },
    {
        "class": "com.facebook.FacebookSdk",
        "method": "sdkInitialize$lambda-7",
        "arguments": "{\"0\":false}"
    },
    {
        "class": "com.facebook.FacebookSdk",
        "method": "getApplicationContext",
        "arguments": "{}"
    },
    {
        "class": "com.facebook.FacebookSdk",
        "method": "isDebugEnabled",
        "arguments": "{}"
    },
    {
        "class": "com.facebook.FacebookSdk",
        "method": "isInitialized",
        "arguments": "{}"
    },
    {
        "class": "com.facebook.FacebookSdk",
        "method": "getApplicationContext",
        "arguments": "{}"
    },
    {
        "class": "com.facebook.FacebookSdk",
        "method": "isInitialized",
        "arguments": "{}"
    },
    {
        "class": "com.facebook.FacebookSdk",
        "method": "isLoggingBehaviorEnabled",
        "arguments": "{\"0\":\"<instance: com.facebook.LoggingBehavior>\"}"
    },
    {
        "class": "com.facebook.FacebookSdk",
        "method": "getApplicationId",
        "arguments": "{}"
    },
    {
        "class": "com.facebook.FacebookSdk",
        "method": "isInitialized",
        "arguments": "{}"
    },
    {
        "class": "com.facebook.FacebookSdk",
        "method": "isDebugEnabled",
        "arguments": "{}"
    },
    {
        "class": "com.facebook.FacebookSdk",
        "method": "getApplicationId",
        "arguments": "{}"
    },
    {
        "class": "com.facebook.FacebookSdk",
        "method": "isLoggingBehaviorEnabled",
        "arguments": "{\"0\":\"<instance: com.facebook.LoggingBehavior>\"}"
    },
    {
        "class": "com.facebook.FacebookSdk",
        "method": "isInitialized",
        "arguments": "{}"
    },
    {
        "class": "com.facebook.FacebookSdk",
        "method": "isDebugEnabled",
        "arguments": "{}"
    },
    {
        "class": "com.facebook.FacebookSdk",
        "method": "getApplicationId",
        "arguments": "{}"
    },
    {
        "class": "com.facebook.FacebookSdk",
        "method": "isLoggingBehaviorEnabled",
        "arguments": "{\"0\":\"<instance: com.facebook.LoggingBehavior>\"}"
    },
    {
        "class": "com.facebook.FacebookSdk",
        "method": "isInitialized",
        "arguments": "{}"
    },
    {
        "class": "com.facebook.FacebookSdk",
        "method": "isDebugEnabled",
        "arguments": "{}"
    },
    {
        "class": "com.facebook.FacebookSdk",
        "method": "getApplicationId",
        "arguments": "{}"
    },
    {
        "class": "com.facebook.FacebookSdk",
        "method": "isLoggingBehaviorEnabled",
        "arguments": "{\"0\":\"<instance: com.facebook.LoggingBehavior>\"}"
    },
    {
        "class": "com.facebook.FacebookSdk",
        "method": "isInitialized",
        "arguments": "{}"
    },
    {
        "class": "com.facebook.FacebookSdk",
        "method": "isDebugEnabled",
        "arguments": "{}"
    },
    {
        "class": "com.facebook.FacebookSdk",
        "method": "sdkInitialize$lambda-8",
        "arguments": "{\"0\":false}"
    },
    {
        "class": "com.facebook.FacebookSdk",
        "method": "isLoggingBehaviorEnabled",
        "arguments": "{\"0\":\"<instance: com.facebook.LoggingBehavior>\"}"
    },
    {
        "class": "com.facebook.FacebookSdk",
        "method": "isDebugEnabled",
        "arguments": "{}"
    },
    {
        "class": "com.facebook.FacebookSdk",
        "method": "getApplicationContext",
        "arguments": "{}"
    },
    {
        "class": "com.facebook.FacebookSdk",
        "method": "isLoggingBehaviorEnabled",
        "arguments": "{\"0\":\"<instance: com.facebook.LoggingBehavior>\"}"
    },
    {
        "class": "com.facebook.FacebookSdk",
        "method": "isInitialized",
        "arguments": "{}"
    },
    {
        "class": "com.facebook.FacebookSdk",
        "method": "isDebugEnabled",
        "arguments": "{}"
    },
    {
        "class": "com.facebook.FacebookSdk",
        "method": "getApplicationContext",
        "arguments": "{}"
    },
    {
        "class": "com.facebook.FacebookSdk",
        "method": "isFullyInitialized",
        "arguments": "{}"
    },
    {
        "class": "com.facebook.FacebookSdk",
        "method": "isInitialized",
        "arguments": "{}"
    },
    {
        "class": "com.facebook.FacebookSdk",
        "method": "getApplicationId",
        "arguments": "{}"
    },
    {
        "class": "com.facebook.FacebookSdk",
        "method": "isInitialized",
        "arguments": "{}"
    },
    {
        "class": "com.facebook.FacebookSdk",
        "method": "getApplicationId",
        "arguments": "{}"
    },
    {
        "class": "com.facebook.FacebookSdk",
        "method": "isInitialized",
        "arguments": "{}"
    },
    {
        "class": "com.facebook.FacebookSdk",
        "method": "getApplicationId",
        "arguments": "{}"
    },
    {
        "class": "com.facebook.FacebookSdk",
        "method": "isInitialized",
        "arguments": "{}"
    },
    {
        "class": "com.facebook.FacebookSdk",
        "method": "getApplicationId",
        "arguments": "{}"
    },
    {
        "class": "com.facebook.FacebookSdk",
        "method": "isInitialized",
        "arguments": "{}"
    },
    {
        "class": "com.facebook.FacebookSdk",
        "method": "getAutoLogAppEventsEnabled",
        "arguments": "{}"
    },
    {
        "class": "com.facebook.FacebookSdk",
        "method": "isInitialized",
        "arguments": "{}"
    },
    {
        "class": "com.facebook.FacebookSdk",
        "method": "getApplicationContext",
        "arguments": "{}"
    },
    {
        "class": "com.facebook.FacebookSdk",
        "method": "isInitialized",
        "arguments": "{}"
    },
    {
        "class": "com.facebook.FacebookSdk",
        "method": "getApplicationContext",
        "arguments": "{}"
    },
    {
        "class": "com.facebook.FacebookSdk",
        "method": "isInitialized",
        "arguments": "{}"
    },
    {
        "class": "com.facebook.FacebookSdk",
        "method": "isLoggingBehaviorEnabled",
        "arguments": "{\"0\":\"<instance: com.facebook.LoggingBehavior>\"}"
    },
    {
        "class": "com.facebook.FacebookSdk",
        "method": "getApplicationContext",
        "arguments": "{}"
    },
    {
        "class": "com.facebook.FacebookSdk",
        "method": "isDebugEnabled",
        "arguments": "{}"
    },
    {
        "class": "com.facebook.FacebookSdk",
        "method": "isInitialized",
        "arguments": "{}"
    },
    {
        "class": "com.facebook.FacebookSdk",
        "method": "getApplicationContext",
        "arguments": "{}"
    },
    {
        "class": "com.facebook.FacebookSdk",
        "method": "isInitialized",
        "arguments": "{}"
    },
    {
        "class": "com.facebook.FacebookSdk",
        "method": "getApplicationContext",
        "arguments": "{}"
    },
    {
        "class": "com.tapjoy.Tapjoy",
        "method": "setDebugEnabled",
        "arguments": "{\"0\":false}"
    },
    {
        "class": "com.facebook.FacebookSdk",
        "method": "isLoggingBehaviorEnabled",
        "arguments": "{\"0\":\"<instance: com.facebook.LoggingBehavior>\"}"
    },
    {
        "class": "com.facebook.FacebookSdk",
        "method": "isInitialized",
        "arguments": "{}"
    },
    {
        "class": "com.facebook.FacebookSdk",
        "method": "getApplicationId",
        "arguments": "{}"
    },
    {
        "class": "com.facebook.FacebookSdk",
        "method": "isDebugEnabled",
        "arguments": "{}"
    },
    {
        "class": "com.facebook.FacebookSdk",
        "method": "isInitialized",
        "arguments": "{}"
    },
    {
        "class": "com.facebook.FacebookSdk",
        "method": "getApplicationId",
        "arguments": "{}"
    },
    {
        "class": "com.facebook.FacebookSdk",
        "method": "getApplicationId",
        "arguments": "{}"
    },
    {
        "class": "com.facebook.FacebookSdk",
        "method": "isInitialized",
        "arguments": "{}"
    },
    {
        "class": "com.facebook.FacebookSdk",
        "method": "getApplicationId",
        "arguments": "{}"
    },
    {
        "class": "com.facebook.FacebookSdk",
        "method": "isInitialized",
        "arguments": "{}"
    },
    {
        "class": "com.facebook.FacebookSdk",
        "method": "isInitialized",
        "arguments": "{}"
    },
    {
        "class": "com.facebook.FacebookSdk",
        "method": "getApplicationId",
        "arguments": "{}"
    },
    {
        "class": "com.facebook.FacebookSdk",
        "method": "isInitialized",
        "arguments": "{}"
    },
    {
        "class": "com.facebook.FacebookSdk",
        "method": "isLoggingBehaviorEnabled",
        "arguments": "{\"0\":\"<instance: com.facebook.LoggingBehavior>\"}"
    },
    {
        "class": "com.facebook.FacebookSdk",
        "method": "isDebugEnabled",
        "arguments": "{}"
    },
    {
        "class": "com.facebook.FacebookSdk",
        "method": "getApplicationId",
        "arguments": "{}"
    },
    {
        "class": "com.facebook.FacebookSdk",
        "method": "isLoggingBehaviorEnabled",
        "arguments": "{\"0\":\"<instance: com.facebook.LoggingBehavior>\"}"
    },
    {
        "class": "com.facebook.FacebookSdk",
        "method": "isInitialized",
        "arguments": "{}"
    },
    {
        "class": "com.facebook.FacebookSdk",
        "method": "isDebugEnabled",
        "arguments": "{}"
    },
    {
        "class": "com.facebook.FacebookSdk",
        "method": "getApplicationId",
        "arguments": "{}"
    },
    {
        "class": "com.facebook.FacebookSdk",
        "method": "getGraphApiVersion",
        "arguments": "{}"
    },
    {
        "class": "com.facebook.FacebookSdk",
        "method": "isInitialized",
        "arguments": "{}"
    },
    {
        "class": "com.facebook.FacebookSdk",
        "method": "isDebugEnabled",
        "arguments": "{}"
    },
    {
        "class": "com.facebook.FacebookSdk",
        "method": "getApplicationId",
        "arguments": "{}"
    },
    {
        "class": "com.facebook.FacebookSdk",
        "method": "getApplicationContext",
        "arguments": "{}"
    },
    {
        "class": "com.facebook.FacebookSdk",
        "method": "isInitialized",
        "arguments": "{}"
    },
    {
        "class": "com.facebook.FacebookSdk",
        "method": "isInitialized",
        "arguments": "{}"
    },
    {
        "class": "com.facebook.FacebookSdk",
        "method": "getAutoLogAppEventsEnabled",
        "arguments": "{}"
    },
    {
        "class": "com.facebook.FacebookSdk",
        "method": "getApplicationContext",
        "arguments": "{}"
    },
    {
        "class": "com.facebook.FacebookSdk",
        "method": "isInitialized",
        "arguments": "{}"
    },
    {
        "class": "com.facebook.FacebookSdk",
        "method": "isInitialized",
        "arguments": "{}"
    },
    {
        "class": "com.facebook.FacebookSdk",
        "method": "getApplicationContext",
        "arguments": "{}"
    },
    {
        "class": "com.facebook.FacebookSdk",
        "method": "isInitialized",
        "arguments": "{}"
    },
    {
        "class": "com.facebook.FacebookSdk",
        "method": "getApplicationContext",
        "arguments": "{}"
    },
    {
        "class": "com.facebook.FacebookSdk",
        "method": "isInitialized",
        "arguments": "{}"
    },
    {
        "class": "com.facebook.FacebookSdk",
        "method": "getApplicationContext",
        "arguments": "{}"
    },
    {
        "class": "com.facebook.FacebookSdk",
        "method": "getApplicationContext",
        "arguments": "{}"
    },
    {
        "class": "com.facebook.FacebookSdk",
        "method": "isInitialized",
        "arguments": "{}"
    },
    {
        "class": "com.facebook.FacebookSdk",
        "method": "isInitialized",
        "arguments": "{}"
    },
    {
        "class": "com.facebook.FacebookSdk",
        "method": "getApplicationContext",
        "arguments": "{}"
    },
    {
        "class": "com.facebook.FacebookSdk",
        "method": "getApplicationContext",
        "arguments": "{}"
    },
    {
        "class": "com.facebook.FacebookSdk",
        "method": "isInitialized",
        "arguments": "{}"
    },
    {
        "class": "com.facebook.FacebookSdk",
        "method": "isInitialized",
        "arguments": "{}"
    },
    {
        "class": "com.facebook.FacebookSdk",
        "method": "getApplicationContext",
        "arguments": "{}"
    },
    {
        "class": "com.facebook.FacebookSdk",
        "method": "isInitialized",
        "arguments": "{}"
    },
    {
        "class": "com.facebook.FacebookSdk",
        "method": "getApplicationContext",
        "arguments": "{}"
    },
    {
        "class": "com.facebook.FacebookSdk",
        "method": "getApplicationId",
        "arguments": "{}"
    },
    {
        "class": "com.facebook.FacebookSdk",
        "method": "isInitialized",
        "arguments": "{}"
    },
    {
        "class": "com.facebook.FacebookSdk",
        "method": "isInitialized",
        "arguments": "{}"
    },
    {
        "class": "com.facebook.FacebookSdk",
        "method": "getApplicationId",
        "arguments": "{}"
    },
    {
        "class": "com.facebook.FacebookSdk",
        "method": "getApplicationContext",
        "arguments": "{}"
    },
    {
        "class": "com.facebook.FacebookSdk",
        "method": "isInitialized",
        "arguments": "{}"
    },
    {
        "class": "com.facebook.FacebookSdk",
        "method": "isInitialized",
        "arguments": "{}"
    },
    {
        "class": "com.facebook.FacebookSdk",
        "method": "getApplicationId",
        "arguments": "{}"
    },
    {
        "class": "com.facebook.FacebookSdk",
        "method": "getApplicationContext",
        "arguments": "{}"
    },
    {
        "class": "com.facebook.FacebookSdk",
        "method": "isInitialized",
        "arguments": "{}"
    },
    {
        "class": "com.facebook.FacebookSdk",
        "method": "getApplicationId",
        "arguments": "{}"
    },
    {
        "class": "com.facebook.FacebookSdk",
        "method": "isInitialized",
        "arguments": "{}"
    },
    {
        "class": "com.facebook.FacebookSdk",
        "method": "isInitialized",
        "arguments": "{}"
    },
    {
        "class": "com.facebook.FacebookSdk",
        "method": "getApplicationId",
        "arguments": "{}"
    },
    {
        "class": "com.facebook.FacebookSdk",
        "method": "getApplicationId",
        "arguments": "{}"
    },
    {
        "class": "com.facebook.FacebookSdk",
        "method": "isLoggingBehaviorEnabled",
        "arguments": "{\"0\":\"<instance: com.facebook.LoggingBehavior>\"}"
    },
    {
        "class": "com.facebook.FacebookSdk",
        "method": "isInitialized",
        "arguments": "{}"
    },
    {
        "class": "com.facebook.FacebookSdk",
        "method": "isInitialized",
        "arguments": "{}"
    },
    {
        "class": "com.facebook.FacebookSdk",
        "method": "isDebugEnabled",
        "arguments": "{}"
    },
    {
        "class": "com.facebook.FacebookSdk",
        "method": "getApplicationId",
        "arguments": "{}"
    },
    {
        "class": "com.facebook.FacebookSdk",
        "method": "isInitialized",
        "arguments": "{}"
    },
    {
        "class": "com.facebook.FacebookSdk",
        "method": "getApplicationId",
        "arguments": "{}"
    },
    {
        "class": "com.facebook.FacebookSdk",
        "method": "getAdvertiserIDCollectionEnabled",
        "arguments": "{}"
    },
    {
        "class": "com.facebook.FacebookSdk",
        "method": "isInitialized",
        "arguments": "{}"
    },
    {
        "class": "com.facebook.FacebookSdk",
        "method": "isInitialized",
        "arguments": "{}"
    },
    {
        "class": "com.facebook.FacebookSdk",
        "method": "getApplicationContext",
        "arguments": "{}"
    },
    {
        "class": "com.facebook.FacebookSdk",
        "method": "getApplicationContext",
        "arguments": "{}"
    },
    {
        "class": "com.facebook.FacebookSdk",
        "method": "isInitialized",
        "arguments": "{}"
    },
    {
        "class": "com.facebook.FacebookSdk",
        "method": "getApplicationContext",
        "arguments": "{}"
    },
    {
        "class": "com.facebook.FacebookSdk",
        "method": "isInitialized",
        "arguments": "{}"
    },
    {
        "class": "com.facebook.FacebookSdk",
        "method": "isInitialized",
        "arguments": "{}"
    },
    {
        "class": "com.facebook.FacebookSdk",
        "method": "getApplicationId",
        "arguments": "{}"
    },
    {
        "class": "com.facebook.FacebookSdk",
        "method": "getApplicationContext",
        "arguments": "{}"
    },
    {
        "class": "com.facebook.FacebookSdk",
        "method": "isInitialized",
        "arguments": "{}"
    },
    {
        "class": "com.facebook.FacebookSdk",
        "method": "isLoggingBehaviorEnabled",
        "arguments": "{\"0\":\"<instance: com.facebook.LoggingBehavior>\"}"
    },
    {
        "class": "com.facebook.FacebookSdk",
        "method": "getApplicationId",
        "arguments": "{}"
    },
    {
        "class": "com.facebook.FacebookSdk",
        "method": "isInitialized",
        "arguments": "{}"
    },
    {
        "class": "com.facebook.FacebookSdk",
        "method": "isDebugEnabled",
        "arguments": "{}"
    },
    {
        "class": "com.facebook.FacebookSdk",
        "method": "isInitialized",
        "arguments": "{}"
    },
    {
        "class": "com.facebook.FacebookSdk",
        "method": "getApplicationId",
        "arguments": "{}"
    },
    {
        "class": "com.facebook.FacebookSdk",
        "method": "getApplicationId",
        "arguments": "{}"
    },
    {
        "class": "com.facebook.FacebookSdk",
        "method": "getApplicationContext",
        "arguments": "{}"
    },
    {
        "class": "com.facebook.FacebookSdk",
        "method": "isInitialized",
        "arguments": "{}"
    },
    {
        "class": "com.facebook.FacebookSdk",
        "method": "isInitialized",
        "arguments": "{}"
    },
    {
        "class": "com.facebook.FacebookSdk",
        "method": "getApplicationId",
        "arguments": "{}"
    },
    {
        "class": "com.facebook.FacebookSdk",
        "method": "isInitialized",
        "arguments": "{}"
    },
    {
        "class": "com.facebook.FacebookSdk",
        "method": "isInitialized",
        "arguments": "{}"
    },
    {
        "class": "com.facebook.FacebookSdk",
        "method": "getApplicationContext",
        "arguments": "{}"
    },
    {
        "class": "com.facebook.FacebookSdk",
        "method": "getApplicationId",
        "arguments": "{}"
    },
    {
        "class": "com.facebook.FacebookSdk",
        "method": "isInitialized",
        "arguments": "{}"
    },
    {
        "class": "com.facebook.FacebookSdk",
        "method": "getApplicationContext",
        "arguments": "{}"
    },
    {
        "class": "com.facebook.FacebookSdk",
        "method": "isInitialized",
        "arguments": "{}"
    },
    {
        "class": "com.facebook.FacebookSdk",
        "method": "isInitialized",
        "arguments": "{}"
    },
    {
        "class": "com.facebook.FacebookSdk",
        "method": "getApplicationId",
        "arguments": "{}"
    },
    {
        "class": "com.facebook.FacebookSdk",
        "method": "isInitialized",
        "arguments": "{}"
    },
    {
        "class": "com.facebook.FacebookSdk",
        "method": "isInitialized",
        "arguments": "{}"
    },
    {
        "class": "com.facebook.FacebookSdk",
        "method": "getAdvertiserIDCollectionEnabled",
        "arguments": "{}"
    },
    {
        "class": "com.facebook.FacebookSdk",
        "method": "getApplicationContext",
        "arguments": "{}"
    },
    {
        "class": "com.facebook.FacebookSdk",
        "method": "isInitialized",
        "arguments": "{}"
    },
    {
        "class": "com.facebook.FacebookSdk",
        "method": "getApplicationId",
        "arguments": "{}"
    },
    {
        "class": "com.facebook.FacebookSdk",
        "method": "isInitialized",
        "arguments": "{}"
    },
    {
        "class": "com.facebook.FacebookSdk",
        "method": "isInitialized",
        "arguments": "{}"
    },
    {
        "class": "com.facebook.FacebookSdk",
        "method": "getAdvertiserIDCollectionEnabled",
        "arguments": "{}"
    },
    {
        "class": "com.facebook.FacebookSdk",
        "method": "isInitialized",
        "arguments": "{}"
    },
    {
        "class": "com.facebook.FacebookSdk",
        "method": "isInitialized",
        "arguments": "{}"
    },
    {
        "class": "com.facebook.FacebookSdk",
        "method": "isInitialized",
        "arguments": "{}"
    },
    {
        "class": "com.facebook.FacebookSdk",
        "method": "getApplicationId",
        "arguments": "{}"
    },
    {
        "class": "com.facebook.FacebookSdk",
        "method": "getApplicationContext",
        "arguments": "{}"
    },
    {
        "class": "com.facebook.FacebookSdk",
        "method": "getApplicationContext",
        "arguments": "{}"
    },
    {
        "class": "com.facebook.FacebookSdk",
        "method": "isInitialized",
        "arguments": "{}"
    },
    {
        "class": "com.facebook.FacebookSdk",
        "method": "isInitialized",
        "arguments": "{}"
    },
    {
        "class": "com.facebook.FacebookSdk",
        "method": "isInitialized",
        "arguments": "{}"
    },
    {
        "class": "com.facebook.FacebookSdk",
        "method": "getApplicationId",
        "arguments": "{}"
    },
    {
        "class": "com.facebook.FacebookSdk",
        "method": "getApplicationId",
        "arguments": "{}"
    },
    {
        "class": "com.facebook.FacebookSdk",
        "method": "isInitialized",
        "arguments": "{}"
    },
    {
        "class": "com.facebook.FacebookSdk",
        "method": "isInitialized",
        "arguments": "{}"
    },
    {
        "class": "com.facebook.FacebookSdk",
        "method": "getApplicationContext",
        "arguments": "{}"
    },
    {
        "class": "com.facebook.FacebookSdk",
        "method": "isInitialized",
        "arguments": "{}"
    },
    {
        "class": "com.facebook.FacebookSdk",
        "method": "getApplicationId",
        "arguments": "{}"
    },
    {
        "class": "com.facebook.FacebookSdk",
        "method": "getApplicationId",
        "arguments": "{}"
    },
    {
        "class": "com.facebook.FacebookSdk",
        "method": "isInitialized",
        "arguments": "{}"
    },
    {
        "class": "com.facebook.FacebookSdk",
        "method": "isInitialized",
        "arguments": "{}"
    },
    {
        "class": "com.facebook.FacebookSdk",
        "method": "getApplicationId",
        "arguments": "{}"
    },
    {
        "class": "com.facebook.FacebookSdk",
        "method": "getAutoLogAppEventsEnabled",
        "arguments": "{}"
    },
    {
        "class": "com.facebook.FacebookSdk",
        "method": "isInitialized",
        "arguments": "{}"
    },
    {
        "class": "com.facebook.FacebookSdk",
        "method": "isInitialized",
        "arguments": "{}"
    },
    {
        "class": "com.facebook.FacebookSdk",
        "method": "getApplicationId",
        "arguments": "{}"
    },
    {
        "class": "com.facebook.FacebookSdk",
        "method": "isInitialized",
        "arguments": "{}"
    },
    {
        "class": "com.facebook.FacebookSdk",
        "method": "isInitialized",
        "arguments": "{}"
    },
    {
        "class": "com.facebook.FacebookSdk",
        "method": "getApplicationId",
        "arguments": "{}"
    },
    {
        "class": "com.facebook.FacebookSdk",
        "method": "publishInstallAsync",
        "arguments": "{\"0\":\"<instance: android.content.Context, $className: android.app.Application>\",\"1\":\"1560288864204920\"}"
    },
    {
        "class": "com.facebook.FacebookSdk",
        "method": "isInitialized",
        "arguments": "{}"
    },
    {
        "class": "com.facebook.FacebookSdk",
        "method": "getApplicationId",
        "arguments": "{}"
    },
    {
        "class": "com.facebook.FacebookSdk",
        "method": "getExecutor",
        "arguments": "{}"
    },
    {
        "class": "com.facebook.FacebookSdk",
        "method": "isInitialized",
        "arguments": "{}"
    },
    {
        "class": "com.facebook.FacebookSdk",
        "method": "publishInstallAsync$lambda-15",
        "arguments": "{\"0\":\"<instance: android.content.Context, $className: android.app.Application>\",\"1\":\"1560288864204920\"}"
    },
    {
        "class": "com.facebook.FacebookSdk",
        "method": "getApplicationId",
        "arguments": "{}"
    },
    {
        "class": "com.facebook.FacebookSdk",
        "method": "isInitialized",
        "arguments": "{}"
    },
    {
        "class": "com.facebook.FacebookSdk",
        "method": "publishInstallAndWaitForResponse",
        "arguments": "{\"0\":\"<instance: android.content.Context, $className: android.app.Application>\",\"1\":\"1560288864204920\"}"
    },
    {
        "class": "com.facebook.FacebookSdk",
        "method": "getApplicationContext",
        "arguments": "{}"
    },
    {
        "class": "com.facebook.FacebookSdk",
        "method": "isInitialized",
        "arguments": "{}"
    },
    {
        "class": "com.facebook.FacebookSdk",
        "method": "getApplicationContext",
        "arguments": "{}"
    },
    {
        "class": "com.facebook.FacebookSdk",
        "method": "getApplicationContext",
        "arguments": "{}"
    },
    {
        "class": "com.facebook.FacebookSdk",
        "method": "isInitialized",
        "arguments": "{}"
    },
    {
        "class": "com.tapjoy.Tapjoy",
        "method": "setActivity",
        "arguments": "{\"0\":\"<instance: android.app.Activity, $className: com.tfg.libs.billing.unity.BillingActivity>\"}"
    },
    {
        "class": "com.facebook.FacebookSdk",
        "method": "getApplicationId",
        "arguments": "{}"
    },
    {
        "class": "com.facebook.FacebookSdk",
        "method": "isInitialized",
        "arguments": "{}"
    },
    {
        "class": "com.facebook.FacebookSdk",
        "method": "isInitialized",
        "arguments": "{}"
    },
    {
        "class": "com.facebook.FacebookSdk",
        "method": "getApplicationContext",
        "arguments": "{}"
    },
    {
        "class": "com.facebook.FacebookSdk",
        "method": "getApplicationId",
        "arguments": "{}"
    },
    {
        "class": "com.facebook.FacebookSdk",
        "method": "isInitialized",
        "arguments": "{}"
    },
    {
        "class": "com.facebook.FacebookSdk",
        "method": "isLoggingBehaviorEnabled",
        "arguments": "{\"0\":\"<instance: com.facebook.LoggingBehavior>\"}"
    },
    {
        "class": "com.facebook.FacebookSdk",
        "method": "isInitialized",
        "arguments": "{}"
    },
    {
        "class": "com.facebook.FacebookSdk",
        "method": "isDebugEnabled",
        "arguments": "{}"
    },
    {
        "class": "com.facebook.FacebookSdk",
        "method": "getApplicationContext",
        "arguments": "{}"
    },
    {
        "class": "com.facebook.FacebookSdk",
        "method": "getApplicationId",
        "arguments": "{}"
    },
    {
        "class": "com.facebook.FacebookSdk",
        "method": "isInitialized",
        "arguments": "{}"
    },
    {
        "class": "com.facebook.FacebookSdk",
        "method": "isInitialized",
        "arguments": "{}"
    },
    {
        "class": "com.facebook.FacebookSdk",
        "method": "isLoggingBehaviorEnabled",
        "arguments": "{\"0\":\"<instance: com.facebook.LoggingBehavior>\"}"
    },
    {
        "class": "com.facebook.FacebookSdk",
        "method": "getApplicationContext",
        "arguments": "{}"
    },
    {
        "class": "com.facebook.FacebookSdk",
        "method": "getApplicationId",
        "arguments": "{}"
    },
    {
        "class": "com.facebook.FacebookSdk",
        "method": "isDebugEnabled",
        "arguments": "{}"
    },
    {
        "class": "com.facebook.FacebookSdk",
        "method": "isInitialized",
        "arguments": "{}"
    },
    {
        "class": "com.facebook.FacebookSdk",
        "method": "isInitialized",
        "arguments": "{}"
    },
    {
        "class": "com.facebook.FacebookSdk",
        "method": "getApplicationId",
        "arguments": "{}"
    },
    {
        "class": "com.facebook.FacebookSdk",
        "method": "isLoggingBehaviorEnabled",
        "arguments": "{\"0\":\"<instance: com.facebook.LoggingBehavior>\"}"
    },
    {
        "class": "com.facebook.FacebookSdk",
        "method": "getApplicationId",
        "arguments": "{}"
    },
    {
        "class": "com.facebook.FacebookSdk",
        "method": "isInitialized",
        "arguments": "{}"
    },
    {
        "class": "com.facebook.FacebookSdk",
        "method": "isInitialized",
        "arguments": "{}"
    },
    {
        "class": "com.facebook.FacebookSdk",
        "method": "getApplicationId",
        "arguments": "{}"
    },
    {
        "class": "com.facebook.FacebookSdk",
        "method": "isDebugEnabled",
        "arguments": "{}"
    },
    {
        "class": "com.facebook.FacebookSdk",
        "method": "isInitialized",
        "arguments": "{}"
    },
    {
        "class": "com.facebook.FacebookSdk",
        "method": "getGraphDomain",
        "arguments": "{}"
    },
    {
        "class": "com.facebook.FacebookSdk",
        "method": "getApplicationId",
        "arguments": "{}"
    },
    {
        "class": "com.facebook.FacebookSdk",
        "method": "isInitialized",
        "arguments": "{}"
    },
    {
        "class": "com.facebook.FacebookSdk",
        "method": "getFacebookDomain",
        "arguments": "{}"
    },
    {
        "class": "com.facebook.FacebookSdk",
        "method": "getApplicationId",
        "arguments": "{}"
    },
    {
        "class": "com.facebook.FacebookSdk",
        "method": "isInitialized",
        "arguments": "{}"
    },
    {
        "class": "com.facebook.FacebookSdk",
        "method": "getGraphDomain",
        "arguments": "{}"
    },
    {
        "class": "com.facebook.FacebookSdk",
        "method": "getExecutor",
        "arguments": "{}"
    },
    {
        "class": "com.facebook.FacebookSdk",
        "method": "getFacebookDomain",
        "arguments": "{}"
    },
    {
        "class": "com.facebook.FacebookSdk",
        "method": "getApplicationContext",
        "arguments": "{}"
    },
    {
        "class": "com.facebook.FacebookSdk",
        "method": "getApplicationContext",
        "arguments": "{}"
    },
    {
        "class": "com.facebook.FacebookSdk",
        "method": "isInitialized",
        "arguments": "{}"
    },
    {
        "class": "com.facebook.FacebookSdk",
        "method": "isInitialized",
        "arguments": "{}"
    },
    {
        "class": "com.facebook.FacebookSdk",
        "method": "getGraphDomain",
        "arguments": "{}"
    },
    {
        "class": "com.facebook.FacebookSdk",
        "method": "getApplicationContext",
        "arguments": "{}"
    },
    {
        "class": "com.facebook.FacebookSdk",
        "method": "isInitialized",
        "arguments": "{}"
    },
    {
        "class": "com.facebook.FacebookSdk",
        "method": "getFacebookDomain",
        "arguments": "{}"
    },
    {
        "class": "com.facebook.FacebookSdk",
        "method": "getApplicationId",
        "arguments": "{}"
    },
    {
        "class": "com.facebook.FacebookSdk",
        "method": "isInitialized",
        "arguments": "{}"
    },
    {
        "class": "com.facebook.FacebookSdk",
        "method": "isLoggingBehaviorEnabled",
        "arguments": "{\"0\":\"<instance: com.facebook.LoggingBehavior>\"}"
    },
    {
        "class": "com.facebook.FacebookSdk",
        "method": "getApplicationId",
        "arguments": "{}"
    },
    {
        "class": "com.facebook.FacebookSdk",
        "method": "isDebugEnabled",
        "arguments": "{}"
    },
    {
        "class": "com.facebook.FacebookSdk",
        "method": "isInitialized",
        "arguments": "{}"
    },
    {
        "class": "com.facebook.FacebookSdk",
        "method": "isLoggingBehaviorEnabled",
        "arguments": "{\"0\":\"<instance: com.facebook.LoggingBehavior>\"}"
    },
    {
        "class": "com.facebook.FacebookSdk",
        "method": "getApplicationId",
        "arguments": "{}"
    },
    {
        "class": "com.facebook.FacebookSdk",
        "method": "isDebugEnabled",
        "arguments": "{}"
    },
    {
        "class": "com.facebook.FacebookSdk",
        "method": "isInitialized",
        "arguments": "{}"
    },
    {
        "class": "com.facebook.FacebookSdk",
        "method": "isLoggingBehaviorEnabled",
        "arguments": "{\"0\":\"<instance: com.facebook.LoggingBehavior>\"}"
    },
    {
        "class": "com.facebook.FacebookSdk",
        "method": "getApplicationId",
        "arguments": "{}"
    },
    {
        "class": "com.facebook.FacebookSdk",
        "method": "isDebugEnabled",
        "arguments": "{}"
    },
    {
        "class": "com.facebook.FacebookSdk",
        "method": "isInitialized",
        "arguments": "{}"
    },
    {
        "class": "com.facebook.FacebookSdk",
        "method": "isLoggingBehaviorEnabled",
        "arguments": "{\"0\":\"<instance: com.facebook.LoggingBehavior>\"}"
    },
    {
        "class": "com.facebook.FacebookSdk",
        "method": "getApplicationId",
        "arguments": "{}"
    },
    {
        "class": "com.facebook.FacebookSdk",
        "method": "isInitialized",
        "arguments": "{}"
    },
    {
        "class": "com.facebook.FacebookSdk",
        "method": "isDebugEnabled",
        "arguments": "{}"
    },
    {
        "class": "com.facebook.FacebookSdk",
        "method": "getApplicationContext",
        "arguments": "{}"
    },
    {
        "class": "com.facebook.FacebookSdk",
        "method": "isInitialized",
        "arguments": "{}"
    },
    {
        "class": "com.facebook.FacebookSdk",
        "method": "isLoggingBehaviorEnabled",
        "arguments": "{\"0\":\"<instance: com.facebook.LoggingBehavior>\"}"
    },
    {
        "class": "com.facebook.FacebookSdk",
        "method": "getApplicationContext",
        "arguments": "{}"
    },
    {
        "class": "com.facebook.FacebookSdk",
        "method": "isDebugEnabled",
        "arguments": "{}"
    },
    {
        "class": "com.facebook.FacebookSdk",
        "method": "isInitialized",
        "arguments": "{}"
    },
    {
        "class": "com.facebook.FacebookSdk",
        "method": "getApplicationId",
        "arguments": "{}"
    },
    {
        "class": "com.facebook.FacebookSdk",
        "method": "isLoggingBehaviorEnabled",
        "arguments": "{\"0\":\"<instance: com.facebook.LoggingBehavior>\"}"
    },
    {
        "class": "com.facebook.FacebookSdk",
        "method": "isInitialized",
        "arguments": "{}"
    },
    {
        "class": "com.facebook.FacebookSdk",
        "method": "getApplicationId",
        "arguments": "{}"
    },
    {
        "class": "com.facebook.FacebookSdk",
        "method": "isDebugEnabled",
        "arguments": "{}"
    },
    {
        "class": "com.facebook.FacebookSdk",
        "method": "isInitialized",
        "arguments": "{}"
    },
    {
        "class": "com.facebook.FacebookSdk",
        "method": "getApplicationId",
        "arguments": "{}"
    },
    {
        "class": "com.facebook.FacebookSdk",
        "method": "isLoggingBehaviorEnabled",
        "arguments": "{\"0\":\"<instance: com.facebook.LoggingBehavior>\"}"
    },
    {
        "class": "com.facebook.FacebookSdk",
        "method": "isInitialized",
        "arguments": "{}"
    },
    {
        "class": "com.facebook.FacebookSdk",
        "method": "getApplicationId",
        "arguments": "{}"
    },
    {
        "class": "com.facebook.FacebookSdk",
        "method": "isDebugEnabled",
        "arguments": "{}"
    },
    {
        "class": "com.facebook.FacebookSdk",
        "method": "isInitialized",
        "arguments": "{}"
    },
    {
        "class": "com.facebook.FacebookSdk",
        "method": "isLoggingBehaviorEnabled",
        "arguments": "{\"0\":\"<instance: com.facebook.LoggingBehavior>\"}"
    },
    {
        "class": "com.facebook.FacebookSdk",
        "method": "getExecutor",
        "arguments": "{}"
    },
    {
        "class": "com.facebook.FacebookSdk",
        "method": "getApplicationContext",
        "arguments": "{}"
    },
    {
        "class": "com.facebook.FacebookSdk",
        "method": "getApplicationContext",
        "arguments": "{}"
    },
    {
        "class": "com.facebook.FacebookSdk",
        "method": "isDebugEnabled",
        "arguments": "{}"
    },
    {
        "class": "com.facebook.FacebookSdk",
        "method": "isInitialized",
        "arguments": "{}"
    },
    {
        "class": "com.facebook.FacebookSdk",
        "method": "isInitialized",
        "arguments": "{}"
    },
    {
        "class": "com.facebook.FacebookSdk",
        "method": "getApplicationContext",
        "arguments": "{}"
    },
    {
        "class": "com.facebook.FacebookSdk",
        "method": "getApplicationContext",
        "arguments": "{}"
    },
    {
        "class": "com.facebook.FacebookSdk",
        "method": "isInitialized",
        "arguments": "{}"
    },
    {
        "class": "com.facebook.FacebookSdk",
        "method": "isInitialized",
        "arguments": "{}"
    },
    {
        "class": "com.facebook.FacebookSdk",
        "method": "getApplicationId",
        "arguments": "{}"
    },
    {
        "class": "com.facebook.FacebookSdk",
        "method": "isLoggingBehaviorEnabled",
        "arguments": "{\"0\":\"<instance: com.facebook.LoggingBehavior>\"}"
    },
    {
        "class": "com.facebook.FacebookSdk",
        "method": "isInitialized",
        "arguments": "{}"
    },
    {
        "class": "com.facebook.FacebookSdk",
        "method": "getApplicationContext",
        "arguments": "{}"
    },
    {
        "class": "com.facebook.FacebookSdk",
        "method": "getApplicationId",
        "arguments": "{}"
    },
    {
        "class": "com.facebook.FacebookSdk",
        "method": "isInitialized",
        "arguments": "{}"
    },
    {
        "class": "com.facebook.FacebookSdk",
        "method": "isDebugEnabled",
        "arguments": "{}"
    },
    {
        "class": "com.facebook.FacebookSdk",
        "method": "isInitialized",
        "arguments": "{}"
    },
    {
        "class": "com.facebook.FacebookSdk",
        "method": "getApplicationContext",
        "arguments": "{}"
    },
    {
        "class": "com.facebook.FacebookSdk",
        "method": "getApplicationId",
        "arguments": "{}"
    },
    {
        "class": "com.facebook.FacebookSdk",
        "method": "isLoggingBehaviorEnabled",
        "arguments": "{\"0\":\"<instance: com.facebook.LoggingBehavior>\"}"
    },
    {
        "class": "com.facebook.FacebookSdk",
        "method": "isInitialized",
        "arguments": "{}"
    },
    {
        "class": "com.facebook.FacebookSdk",
        "method": "isInitialized",
        "arguments": "{}"
    },
    {
        "class": "com.facebook.FacebookSdk",
        "method": "getApplicationId",
        "arguments": "{}"
    },
    {
        "class": "com.facebook.FacebookSdk",
        "method": "getApplicationId",
        "arguments": "{}"
    },
    {
        "class": "com.facebook.FacebookSdk",
        "method": "isDebugEnabled",
        "arguments": "{}"
    },
    {
        "class": "com.facebook.FacebookSdk",
        "method": "isInitialized",
        "arguments": "{}"
    },
    {
        "class": "com.facebook.FacebookSdk",
        "method": "isInitialized",
        "arguments": "{}"
    },
    {
        "class": "com.facebook.FacebookSdk",
        "method": "isLoggingBehaviorEnabled",
        "arguments": "{\"0\":\"<instance: com.facebook.LoggingBehavior>\"}"
    },
    {
        "class": "com.facebook.FacebookSdk",
        "method": "getApplicationId",
        "arguments": "{}"
    },
    {
        "class": "com.facebook.FacebookSdk",
        "method": "getApplicationId",
        "arguments": "{}"
    },
    {
        "class": "com.facebook.FacebookSdk",
        "method": "isDebugEnabled",
        "arguments": "{}"
    },
    {
        "class": "com.facebook.FacebookSdk",
        "method": "isInitialized",
        "arguments": "{}"
    },
    {
        "class": "com.facebook.FacebookSdk",
        "method": "isInitialized",
        "arguments": "{}"
    },
    {
        "class": "com.facebook.FacebookSdk",
        "method": "getApplicationContext",
        "arguments": "{}"
    },
    {
        "class": "com.facebook.FacebookSdk",
        "method": "getApplicationId",
        "arguments": "{}"
    },
    {
        "class": "com.facebook.FacebookSdk",
        "method": "isInitialized",
        "arguments": "{}"
    },
    {
        "class": "com.facebook.FacebookSdk",
        "method": "isLoggingBehaviorEnabled",
        "arguments": "{\"0\":\"<instance: com.facebook.LoggingBehavior>\"}"
    },
    {
        "class": "com.facebook.FacebookSdk",
        "method": "isInitialized",
        "arguments": "{}"
    },
    {
        "class": "com.facebook.FacebookSdk",
        "method": "getApplicationContext",
        "arguments": "{}"
    },
    {
        "class": "com.facebook.FacebookSdk",
        "method": "isInitialized",
        "arguments": "{}"
    },
    {
        "class": "com.facebook.FacebookSdk",
        "method": "isDebugEnabled",
        "arguments": "{}"
    },
    {
        "class": "com.facebook.FacebookSdk",
        "method": "getApplicationId",
        "arguments": "{}"
    },
    {
        "class": "com.facebook.FacebookSdk",
        "method": "getApplicationId",
        "arguments": "{}"
    },
    {
        "class": "com.facebook.FacebookSdk",
        "method": "isLoggingBehaviorEnabled",
        "arguments": "{\"0\":\"<instance: com.facebook.LoggingBehavior>\"}"
    },
    {
        "class": "com.facebook.FacebookSdk",
        "method": "isInitialized",
        "arguments": "{}"
    },
    {
        "class": "com.facebook.FacebookSdk",
        "method": "isInitialized",
        "arguments": "{}"
    },
    {
        "class": "com.facebook.FacebookSdk",
        "method": "isDebugEnabled",
        "arguments": "{}"
    },
    {
        "class": "com.facebook.FacebookSdk",
        "method": "getApplicationId",
        "arguments": "{}"
    },
    {
        "class": "com.facebook.FacebookSdk",
        "method": "getApplicationId",
        "arguments": "{}"
    },
    {
        "class": "com.facebook.FacebookSdk",
        "method": "isLoggingBehaviorEnabled",
        "arguments": "{\"0\":\"<instance: com.facebook.LoggingBehavior>\"}"
    },
    {
        "class": "com.facebook.FacebookSdk",
        "method": "isInitialized",
        "arguments": "{}"
    },
    {
        "class": "com.facebook.FacebookSdk",
        "method": "isInitialized",
        "arguments": "{}"
    },
    {
        "class": "com.facebook.FacebookSdk",
        "method": "isDebugEnabled",
        "arguments": "{}"
    },
    {
        "class": "com.facebook.FacebookSdk",
        "method": "getApplicationId",
        "arguments": "{}"
    },
    {
        "class": "com.facebook.FacebookSdk",
        "method": "getApplicationId",
        "arguments": "{}"
    },
    {
        "class": "com.facebook.FacebookSdk",
        "method": "isInitialized",
        "arguments": "{}"
    },
    {
        "class": "com.facebook.FacebookSdk",
        "method": "isInitialized",
        "arguments": "{}"
    },
    {
        "class": "com.facebook.FacebookSdk",
        "method": "isLoggingBehaviorEnabled",
        "arguments": "{\"0\":\"<instance: com.facebook.LoggingBehavior>\"}"
    },
    {
        "class": "com.facebook.FacebookSdk",
        "method": "isLoggingBehaviorEnabled",
        "arguments": "{\"0\":\"<instance: com.facebook.LoggingBehavior>\"}"
    },
    {
        "class": "com.facebook.FacebookSdk",
        "method": "getApplicationId",
        "arguments": "{}"
    },
    {
        "class": "com.facebook.FacebookSdk",
        "method": "isDebugEnabled",
        "arguments": "{}"
    },
    {
        "class": "com.facebook.FacebookSdk",
        "method": "isInitialized",
        "arguments": "{}"
    },
    {
        "class": "com.facebook.FacebookSdk",
        "method": "isDebugEnabled",
        "arguments": "{}"
    },
    {
        "class": "com.facebook.FacebookSdk",
        "method": "getApplicationContext",
        "arguments": "{}"
    },
    {
        "class": "com.facebook.FacebookSdk",
        "method": "isLoggingBehaviorEnabled",
        "arguments": "{\"0\":\"<instance: com.facebook.LoggingBehavior>\"}"
    },
    {
        "class": "com.facebook.FacebookSdk",
        "method": "isInitialized",
        "arguments": "{}"
    },
    {
        "class": "com.facebook.FacebookSdk",
        "method": "isLoggingBehaviorEnabled",
        "arguments": "{\"0\":\"<instance: com.facebook.LoggingBehavior>\"}"
    },
    {
        "class": "com.facebook.FacebookSdk",
        "method": "isDebugEnabled",
        "arguments": "{}"
    },
    {
        "class": "com.facebook.FacebookSdk",
        "method": "getApplicationContext",
        "arguments": "{}"
    },
    {
        "class": "com.facebook.FacebookSdk",
        "method": "isDebugEnabled",
        "arguments": "{}"
    },
    {
        "class": "com.facebook.FacebookSdk",
        "method": "isLoggingBehaviorEnabled",
        "arguments": "{\"0\":\"<instance: com.facebook.LoggingBehavior>\"}"
    },
    {
        "class": "com.facebook.FacebookSdk",
        "method": "isInitialized",
        "arguments": "{}"
    },
    {
        "class": "com.facebook.FacebookSdk",
        "method": "getGraphApiVersion",
        "arguments": "{}"
    },
    {
        "class": "com.facebook.FacebookSdk",
        "method": "isDebugEnabled",
        "arguments": "{}"
    },
    {
        "class": "com.facebook.FacebookSdk",
        "method": "getApplicationContext",
        "arguments": "{}"
    },
    {
        "class": "com.facebook.FacebookSdk",
        "method": "isDebugEnabled",
        "arguments": "{}"
    },
    {
        "class": "com.facebook.FacebookSdk",
        "method": "isLoggingBehaviorEnabled",
        "arguments": "{\"0\":\"<instance: com.facebook.LoggingBehavior>\"}"
    },
    {
        "class": "com.facebook.FacebookSdk",
        "method": "isInitialized",
        "arguments": "{}"
    },
    {
        "class": "com.facebook.FacebookSdk",
        "method": "getGraphDomain",
        "arguments": "{}"
    },
    {
        "class": "com.facebook.FacebookSdk",
        "method": "isDebugEnabled",
        "arguments": "{}"
    },
    {
        "class": "com.facebook.FacebookSdk",
        "method": "getApplicationContext",
        "arguments": "{}"
    },
    {
        "class": "com.facebook.FacebookSdk",
        "method": "getFacebookDomain",
        "arguments": "{}"
    },
    {
        "class": "com.facebook.FacebookSdk",
        "method": "isInitialized",
        "arguments": "{}"
    },
    {
        "class": "com.facebook.FacebookSdk",
        "method": "getGraphDomain",
        "arguments": "{}"
    },
    {
        "class": "com.facebook.FacebookSdk",
        "method": "isLoggingBehaviorEnabled",
        "arguments": "{\"0\":\"<instance: com.facebook.LoggingBehavior>\"}"
    },
    {
        "class": "com.facebook.FacebookSdk",
        "method": "getApplicationId",
        "arguments": "{}"
    },
    {
        "class": "com.facebook.FacebookSdk",
        "method": "getFacebookDomain",
        "arguments": "{}"
    },
    {
        "class": "com.facebook.FacebookSdk",
        "method": "isInitialized",
        "arguments": "{}"
    },
    {
        "class": "com.facebook.FacebookSdk",
        "method": "isDebugEnabled",
        "arguments": "{}"
    },
    {
        "class": "com.facebook.FacebookSdk",
        "method": "getApplicationId",
        "arguments": "{}"
    },
    {
        "class": "com.facebook.FacebookSdk",
        "method": "getApplicationId",
        "arguments": "{}"
    },
    {
        "class": "com.facebook.FacebookSdk",
        "method": "isLoggingBehaviorEnabled",
        "arguments": "{\"0\":\"<instance: com.facebook.LoggingBehavior>\"}"
    },
    {
        "class": "com.facebook.FacebookSdk",
        "method": "isInitialized",
        "arguments": "{}"
    },
    {
        "class": "com.facebook.FacebookSdk",
        "method": "isInitialized",
        "arguments": "{}"
    },
    {
        "class": "com.facebook.FacebookSdk",
        "method": "isDebugEnabled",
        "arguments": "{}"
    },
    {
        "class": "com.facebook.FacebookSdk",
        "method": "getApplicationId",
        "arguments": "{}"
    },
    {
        "class": "com.facebook.FacebookSdk",
        "method": "getClientToken",
        "arguments": "{}"
    },
    {
        "class": "com.facebook.FacebookSdk",
        "method": "isInitialized",
        "arguments": "{}"
    },
    {
        "class": "com.facebook.FacebookSdk",
        "method": "isInitialized",
        "arguments": "{}"
    },
    {
        "class": "com.facebook.FacebookSdk",
        "method": "isLoggingBehaviorEnabled",
        "arguments": "{\"0\":\"<instance: com.facebook.LoggingBehavior>\"}"
    },
    {
        "class": "com.facebook.FacebookSdk",
        "method": "getApplicationId",
        "arguments": "{}"
    },
    {
        "class": "com.facebook.FacebookSdk",
        "method": "getGraphDomain",
        "arguments": "{}"
    },
    {
        "class": "com.facebook.FacebookSdk",
        "method": "getFacebookDomain",
        "arguments": "{}"
    },
    {
        "class": "com.facebook.FacebookSdk",
        "method": "isInitialized",
        "arguments": "{}"
    },
    {
        "class": "com.facebook.FacebookSdk",
        "method": "isDebugEnabled",
        "arguments": "{}"
    },
    {
        "class": "com.facebook.FacebookSdk",
        "method": "getApplicationId",
        "arguments": "{}"
    },
    {
        "class": "com.facebook.FacebookSdk",
        "method": "getApplicationId",
        "arguments": "{}"
    },
    {
        "class": "com.facebook.FacebookSdk",
        "method": "isInitialized",
        "arguments": "{}"
    },
    {
        "class": "com.facebook.FacebookSdk",
        "method": "isLoggingBehaviorEnabled",
        "arguments": "{\"0\":\"<instance: com.facebook.LoggingBehavior>\"}"
    },
    {
        "class": "com.facebook.FacebookSdk",
        "method": "isInitialized",
        "arguments": "{}"
    },
    {
        "class": "com.facebook.FacebookSdk",
        "method": "getClientToken",
        "arguments": "{}"
    },
    {
        "class": "com.facebook.FacebookSdk",
        "method": "isDebugEnabled",
        "arguments": "{}"
    },
    {
        "class": "com.facebook.FacebookSdk",
        "method": "getApplicationId",
        "arguments": "{}"
    },
    {
        "class": "com.facebook.FacebookSdk",
        "method": "isInitialized",
        "arguments": "{}"
    },
    {
        "class": "com.facebook.FacebookSdk",
        "method": "isInitialized",
        "arguments": "{}"
    },
    {
        "class": "com.facebook.FacebookSdk",
        "method": "isLoggingBehaviorEnabled",
        "arguments": "{\"0\":\"<instance: com.facebook.LoggingBehavior>\"}"
    },
    {
        "class": "com.facebook.FacebookSdk",
        "method": "isLoggingBehaviorEnabled",
        "arguments": "{\"0\":\"<instance: com.facebook.LoggingBehavior>\"}"
    },
    {
        "class": "com.facebook.FacebookSdk",
        "method": "getApplicationContext",
        "arguments": "{}"
    },
    {
        "class": "com.facebook.FacebookSdk",
        "method": "isInitialized",
        "arguments": "{}"
    },
    {
        "class": "com.facebook.FacebookSdk",
        "method": "isDebugEnabled",
        "arguments": "{}"
    },
    {
        "class": "com.facebook.FacebookSdk",
        "method": "getApplicationContext",
        "arguments": "{}"
    },
    {
        "class": "com.facebook.FacebookSdk",
        "method": "isLoggingBehaviorEnabled",
        "arguments": "{\"0\":\"<instance: com.facebook.LoggingBehavior>\"}"
    },
    {
        "class": "com.facebook.FacebookSdk",
        "method": "isInitialized",
        "arguments": "{}"
    },
    {
        "class": "com.facebook.FacebookSdk",
        "method": "isDebugEnabled",
        "arguments": "{}"
    },
    {
        "class": "com.facebook.FacebookSdk",
        "method": "getApplicationContext",
        "arguments": "{}"
    },
    {
        "class": "com.facebook.FacebookSdk",
        "method": "isInitialized",
        "arguments": "{}"
    },
    {
        "class": "com.facebook.FacebookSdk",
        "method": "isDebugEnabled",
        "arguments": "{}"
    },
    {
        "class": "com.facebook.FacebookSdk",
        "method": "isFullyInitialized",
        "arguments": "{}"
    },
    {
        "class": "com.facebook.FacebookSdk",
        "method": "getApplicationId",
        "arguments": "{}"
    },
    {
        "class": "com.facebook.FacebookSdk",
        "method": "isInitialized",
        "arguments": "{}"
    },
    {
        "class": "com.facebook.FacebookSdk",
        "method": "isLoggingBehaviorEnabled",
        "arguments": "{\"0\":\"<instance: com.facebook.LoggingBehavior>\"}"
    },
    {
        "class": "com.facebook.FacebookSdk",
        "method": "getApplicationId",
        "arguments": "{}"
    },
    {
        "class": "com.facebook.FacebookSdk",
        "method": "isInitialized",
        "arguments": "{}"
    },
    {
        "class": "com.facebook.FacebookSdk",
        "method": "isDebugEnabled",
        "arguments": "{}"
    },
    {
        "class": "com.facebook.FacebookSdk",
        "method": "getApplicationId",
        "arguments": "{}"
    },
    {
        "class": "com.facebook.FacebookSdk",
        "method": "isLoggingBehaviorEnabled",
        "arguments": "{\"0\":\"<instance: com.facebook.LoggingBehavior>\"}"
    },
    {
        "class": "com.facebook.FacebookSdk",
        "method": "isInitialized",
        "arguments": "{}"
    },
    {
        "class": "com.facebook.FacebookSdk",
        "method": "getApplicationId",
        "arguments": "{}"
    },
    {
        "class": "com.facebook.FacebookSdk",
        "method": "isDebugEnabled",
        "arguments": "{}"
    },
    {
        "class": "com.facebook.FacebookSdk",
        "method": "isInitialized",
        "arguments": "{}"
    },
    {
        "class": "com.facebook.FacebookSdk",
        "method": "isLoggingBehaviorEnabled",
        "arguments": "{\"0\":\"<instance: com.facebook.LoggingBehavior>\"}"
    },
    {
        "class": "com.facebook.FacebookSdk",
        "method": "isDebugEnabled",
        "arguments": "{}"
    },
    {
        "class": "com.facebook.FacebookSdk",
        "method": "isLoggingBehaviorEnabled",
        "arguments": "{\"0\":\"<instance: com.facebook.LoggingBehavior>\"}"
    },
    {
        "class": "com.facebook.FacebookSdk",
        "method": "isDebugEnabled",
        "arguments": "{}"
    },
    {
        "class": "com.facebook.FacebookSdk",
        "method": "isLoggingBehaviorEnabled",
        "arguments": "{\"0\":\"<instance: com.facebook.LoggingBehavior>\"}"
    },
    {
        "class": "com.facebook.FacebookSdk",
        "method": "isDebugEnabled",
        "arguments": "{}"
    },
    {
        "class": "com.facebook.FacebookSdk",
        "method": "isLoggingBehaviorEnabled",
        "arguments": "{\"0\":\"<instance: com.facebook.LoggingBehavior>\"}"
    },
    {
        "class": "com.facebook.FacebookSdk",
        "method": "isDebugEnabled",
        "arguments": "{}"
    },
    {
        "class": "com.facebook.FacebookSdk",
        "method": "isLoggingBehaviorEnabled",
        "arguments": "{\"0\":\"<instance: com.facebook.LoggingBehavior>\"}"
    },
    {
        "class": "com.facebook.FacebookSdk",
        "method": "isDebugEnabled",
        "arguments": "{}"
    },
    {
        "class": "com.facebook.FacebookSdk",
        "method": "isFullyInitialized",
        "arguments": "{}"
    },
    {
        "class": "com.facebook.FacebookSdk",
        "method": "getApplicationId",
        "arguments": "{}"
    },
    {
        "class": "com.facebook.FacebookSdk",
        "method": "getLimitEventAndDataUsage",
        "arguments": "{\"0\":\"<instance: android.content.Context, $className: android.app.Application>\"}"
    },
    {
        "class": "com.facebook.FacebookSdk",
        "method": "isInitialized",
        "arguments": "{}"
    },
    {
        "class": "com.facebook.FacebookSdk",
        "method": "getApplicationContext",
        "arguments": "{}"
    },
    {
        "class": "com.facebook.FacebookSdk",
        "method": "isInitialized",
        "arguments": "{}"
    },
    {
        "class": "com.facebook.FacebookSdk",
        "method": "getApplicationContext",
        "arguments": "{}"
    },
    {
        "class": "com.facebook.FacebookSdk",
        "method": "isInitialized",
        "arguments": "{}"
    },
    {
        "class": "com.facebook.FacebookSdk",
        "method": "isInitialized",
        "arguments": "{}"
    },
    {
        "class": "com.facebook.FacebookSdk",
        "method": "getApplicationId",
        "arguments": "{}"
    },
    {
        "class": "com.facebook.FacebookSdk",
        "method": "isInitialized",
        "arguments": "{}"
    },
    {
        "class": "com.facebook.FacebookSdk",
        "method": "getApplicationId",
        "arguments": "{}"
    },
    {
        "class": "com.facebook.FacebookSdk",
        "method": "isInitialized",
        "arguments": "{}"
    },
    {
        "class": "com.facebook.FacebookSdk",
        "method": "getAdvertiserIDCollectionEnabled",
        "arguments": "{}"
    },
    {
        "class": "com.facebook.FacebookSdk",
        "method": "isInitialized",
        "arguments": "{}"
    },
    {
        "class": "com.facebook.FacebookSdk",
        "method": "getApplicationContext",
        "arguments": "{}"
    },
    {
        "class": "com.facebook.FacebookSdk",
        "method": "isInitialized",
        "arguments": "{}"
    },
    {
        "class": "com.facebook.FacebookSdk",
        "method": "getApplicationContext",
        "arguments": "{}"
    },
    {
        "class": "com.facebook.FacebookSdk",
        "method": "isInitialized",
        "arguments": "{}"
    },
    {
        "class": "com.facebook.FacebookSdk",
        "method": "getApplicationId",
        "arguments": "{}"
    },
    {
        "class": "com.facebook.FacebookSdk",
        "method": "isInitialized",
        "arguments": "{}"
    },
    {
        "class": "com.facebook.FacebookSdk",
        "method": "getApplicationId",
        "arguments": "{}"
    },
    {
        "class": "com.facebook.FacebookSdk",
        "method": "isInitialized",
        "arguments": "{}"
    },
    {
        "class": "com.facebook.FacebookSdk",
        "method": "isInitialized",
        "arguments": "{}"
    },
    {
        "class": "com.facebook.FacebookSdk",
        "method": "getAdvertiserIDCollectionEnabled",
        "arguments": "{}"
    },
    {
        "class": "com.facebook.FacebookSdk",
        "method": "isInitialized",
        "arguments": "{}"
    },
    {
        "class": "com.facebook.FacebookSdk",
        "method": "isInitialized",
        "arguments": "{}"
    },
    {
        "class": "com.facebook.FacebookSdk",
        "method": "getAdvertiserIDCollectionEnabled",
        "arguments": "{}"
    },
    {
        "class": "com.facebook.FacebookSdk",
        "method": "isInitialized",
        "arguments": "{}"
    },
    {
        "class": "com.facebook.FacebookSdk",
        "method": "getApplicationContext",
        "arguments": "{}"
    },
    {
        "class": "com.facebook.FacebookSdk",
        "method": "isLoggingBehaviorEnabled",
        "arguments": "{\"0\":\"<instance: com.facebook.LoggingBehavior>\"}"
    },
    {
        "class": "com.facebook.FacebookSdk",
        "method": "isDebugEnabled",
        "arguments": "{}"
    },
    {
        "class": "com.facebook.FacebookSdk",
        "method": "isInitialized",
        "arguments": "{}"
    },
    {
        "class": "com.facebook.FacebookSdk",
        "method": "graphRequestCreator$lambda-0",
        "arguments": "{\"0\":null,\"1\":\"1560288864204920/activities\",\"2\":\"<instance: org.json.JSONObject>\",\"3\":null}"
    },
    {
        "class": "com.facebook.FacebookSdk",
        "method": "isLoggingBehaviorEnabled",
        "arguments": "{\"0\":\"<instance: com.facebook.LoggingBehavior>\"}"
    },
    {
        "class": "com.facebook.FacebookSdk",
        "method": "isDebugEnabled",
        "arguments": "{}"
    },
    {
        "class": "com.facebook.FacebookSdk",
        "method": "isLoggingBehaviorEnabled",
        "arguments": "{\"0\":\"<instance: com.facebook.LoggingBehavior>\"}"
    },
    {
        "class": "com.facebook.FacebookSdk",
        "method": "isLoggingBehaviorEnabled",
        "arguments": "{\"0\":\"<instance: com.facebook.LoggingBehavior>\"}"
    },
    {
        "class": "com.facebook.FacebookSdk",
        "method": "isDebugEnabled",
        "arguments": "{}"
    },
    {
        "class": "com.facebook.FacebookSdk",
        "method": "getGraphApiVersion",
        "arguments": "{}"
    },
    {
        "class": "com.facebook.FacebookSdk",
        "method": "isDebugEnabled",
        "arguments": "{}"
    },
    {
        "class": "com.facebook.FacebookSdk",
        "method": "isDebugEnabled",
        "arguments": "{}"
    },
    {
        "class": "com.facebook.FacebookSdk",
        "method": "getGraphDomain",
        "arguments": "{}"
    },
    {
        "class": "com.facebook.FacebookSdk",
        "method": "getFacebookDomain",
        "arguments": "{}"
    },
    {
        "class": "com.facebook.FacebookSdk",
        "method": "getGraphDomain",
        "arguments": "{}"
    },
    {
        "class": "com.facebook.FacebookSdk",
        "method": "getApplicationContext",
        "arguments": "{}"
    },
    {
        "class": "com.facebook.FacebookSdk",
        "method": "getFacebookDomain",
        "arguments": "{}"
    },
    {
        "class": "com.facebook.FacebookSdk",
        "method": "isInitialized",
        "arguments": "{}"
    },
    {
        "class": "com.facebook.FacebookSdk",
        "method": "getApplicationId",
        "arguments": "{}"
    },
    {
        "class": "com.facebook.FacebookSdk",
        "method": "getApplicationContext",
        "arguments": "{}"
    },
    {
        "class": "com.facebook.FacebookSdk",
        "method": "isInitialized",
        "arguments": "{}"
    },
    {
        "class": "com.facebook.FacebookSdk",
        "method": "getClientToken",
        "arguments": "{}"
    },
    {
        "class": "com.facebook.FacebookSdk",
        "method": "isInitialized",
        "arguments": "{}"
    },
    {
        "class": "com.facebook.FacebookSdk",
        "method": "isInitialized",
        "arguments": "{}"
    },
    {
        "class": "com.facebook.FacebookSdk",
        "method": "getApplicationContext",
        "arguments": "{}"
    },
    {
        "class": "com.facebook.FacebookSdk",
        "method": "isLoggingBehaviorEnabled",
        "arguments": "{\"0\":\"<instance: com.facebook.LoggingBehavior>\"}"
    },
    {
        "class": "com.facebook.FacebookSdk",
        "method": "isInitialized",
        "arguments": "{}"
    },
    {
        "class": "com.facebook.FacebookSdk",
        "method": "getGraphDomain",
        "arguments": "{}"
    },
    {
        "class": "com.facebook.FacebookSdk",
        "method": "isDebugEnabled",
        "arguments": "{}"
    },
    {
        "class": "com.facebook.FacebookSdk",
        "method": "getApplicationId",
        "arguments": "{}"
    },
    {
        "class": "com.facebook.FacebookSdk",
        "method": "isInitialized",
        "arguments": "{}"
    },
    {
        "class": "com.facebook.FacebookSdk",
        "method": "isLoggingBehaviorEnabled",
        "arguments": "{\"0\":\"<instance: com.facebook.LoggingBehavior>\"}"
    },
    {
        "class": "com.facebook.FacebookSdk",
        "method": "getFacebookDomain",
        "arguments": "{}"
    },
    {
        "class": "com.facebook.FacebookSdk",
        "method": "getApplicationId",
        "arguments": "{}"
    },
    {
        "class": "com.facebook.FacebookSdk",
        "method": "getApplicationId",
        "arguments": "{}"
    },
    {
        "class": "com.facebook.FacebookSdk",
        "method": "isDebugEnabled",
        "arguments": "{}"
    },
    {
        "class": "com.facebook.FacebookSdk",
        "method": "isInitialized",
        "arguments": "{}"
    },
    {
        "class": "com.facebook.FacebookSdk",
        "method": "isInitialized",
        "arguments": "{}"
    },
    {
        "class": "com.facebook.FacebookSdk",
        "method": "isLoggingBehaviorEnabled",
        "arguments": "{\"0\":\"<instance: com.facebook.LoggingBehavior>\"}"
    },
    {
        "class": "com.facebook.FacebookSdk",
        "method": "getApplicationId",
        "arguments": "{}"
    },
    {
        "class": "com.facebook.FacebookSdk",
        "method": "getClientToken",
        "arguments": "{}"
    },
    {
        "class": "com.facebook.FacebookSdk",
        "method": "isDebugEnabled",
        "arguments": "{}"
    },
    {
        "class": "com.facebook.FacebookSdk",
        "method": "isInitialized",
        "arguments": "{}"
    },
    {
        "class": "com.facebook.FacebookSdk",
        "method": "getApplicationContext",
        "arguments": "{}"
    },
    {
        "class": "com.facebook.FacebookSdk",
        "method": "isInitialized",
        "arguments": "{}"
    },
    {
        "class": "com.facebook.FacebookSdk",
        "method": "getApplicationId",
        "arguments": "{}"
    },
    {
        "class": "com.facebook.FacebookSdk",
        "method": "isInitialized",
        "arguments": "{}"
    },
    {
        "class": "com.facebook.FacebookSdk",
        "method": "isLoggingBehaviorEnabled",
        "arguments": "{\"0\":\"<instance: com.facebook.LoggingBehavior>\"}"
    },
    {
        "class": "com.facebook.FacebookSdk",
        "method": "isInitialized",
        "arguments": "{}"
    },
    {
        "class": "com.facebook.FacebookSdk",
        "method": "getApplicationContext",
        "arguments": "{}"
    },
    {
        "class": "com.facebook.FacebookSdk",
        "method": "isDebugEnabled",
        "arguments": "{}"
    },
    {
        "class": "com.facebook.FacebookSdk",
        "method": "getApplicationId",
        "arguments": "{}"
    },
    {
        "class": "com.facebook.FacebookSdk",
        "method": "isInitialized",
        "arguments": "{}"
    },
    {
        "class": "com.facebook.FacebookSdk",
        "method": "isInitialized",
        "arguments": "{}"
    },
    {
        "class": "com.facebook.FacebookSdk",
        "method": "getApplicationId",
        "arguments": "{}"
    },
    {
        "class": "com.facebook.FacebookSdk",
        "method": "isLoggingBehaviorEnabled",
        "arguments": "{\"0\":\"<instance: com.facebook.LoggingBehavior>\"}"
    },
    {
        "class": "com.facebook.FacebookSdk",
        "method": "getApplicationContext",
        "arguments": "{}"
    },
    {
        "class": "com.facebook.FacebookSdk",
        "method": "isInitialized",
        "arguments": "{}"
    },
    {
        "class": "com.facebook.FacebookSdk",
        "method": "isDebugEnabled",
        "arguments": "{}"
    },
    {
        "class": "com.facebook.FacebookSdk",
        "method": "getApplicationContext",
        "arguments": "{}"
    },
    {
        "class": "com.facebook.FacebookSdk",
        "method": "isInitialized",
        "arguments": "{}"
    },
    {
        "class": "com.facebook.FacebookSdk",
        "method": "isInitialized",
        "arguments": "{}"
    },
    {
        "class": "com.facebook.FacebookSdk",
        "method": "getLimitEventAndDataUsage",
        "arguments": "{\"0\":\"<instance: android.content.Context, $className: android.app.Application>\"}"
    },
    {
        "class": "com.facebook.FacebookSdk",
        "method": "isInitialized",
        "arguments": "{}"
    },
    {
        "class": "com.facebook.FacebookSdk",
        "method": "getApplicationContext",
        "arguments": "{}"
    },
    {
        "class": "com.facebook.FacebookSdk",
        "method": "isInitialized",
        "arguments": "{}"
    },
    {
        "class": "com.facebook.FacebookSdk",
        "method": "getApplicationContext",
        "arguments": "{}"
    },
    {
        "class": "com.facebook.FacebookSdk",
        "method": "isInitialized",
        "arguments": "{}"
    },
    {
        "class": "com.facebook.FacebookSdk",
        "method": "isLoggingBehaviorEnabled",
        "arguments": "{\"0\":\"<instance: com.facebook.LoggingBehavior>\"}"
    },
    {
        "class": "com.facebook.FacebookSdk",
        "method": "getApplicationId",
        "arguments": "{}"
    },
    {
        "class": "com.facebook.FacebookSdk",
        "method": "isLoggingBehaviorEnabled",
        "arguments": "{\"0\":\"<instance: com.facebook.LoggingBehavior>\"}"
    },
    {
        "class": "com.facebook.FacebookSdk",
        "method": "isInitialized",
        "arguments": "{}"
    },
    {
        "class": "com.facebook.FacebookSdk",
        "method": "isDebugEnabled",
        "arguments": "{}"
    },
    {
        "class": "com.facebook.FacebookSdk",
        "method": "getApplicationId",
        "arguments": "{}"
    },
    {
        "class": "com.facebook.FacebookSdk",
        "method": "isDebugEnabled",
        "arguments": "{}"
    },
    {
        "class": "com.facebook.FacebookSdk",
        "method": "isLoggingBehaviorEnabled",
        "arguments": "{\"0\":\"<instance: com.facebook.LoggingBehavior>\"}"
    },
    {
        "class": "com.facebook.FacebookSdk",
        "method": "isLoggingBehaviorEnabled",
        "arguments": "{\"0\":\"<instance: com.facebook.LoggingBehavior>\"}"
    },
    {
        "class": "com.facebook.FacebookSdk",
        "method": "isInitialized",
        "arguments": "{}"
    },
    {
        "class": "com.facebook.FacebookSdk",
        "method": "isDebugEnabled",
        "arguments": "{}"
    },
    {
        "class": "com.facebook.FacebookSdk",
        "method": "getApplicationId",
        "arguments": "{}"
    },
    {
        "class": "com.facebook.FacebookSdk",
        "method": "isDebugEnabled",
        "arguments": "{}"
    },
    {
        "class": "com.facebook.FacebookSdk",
        "method": "isInitialized",
        "arguments": "{}"
    },
    {
        "class": "com.facebook.FacebookSdk",
        "method": "getGraphApiVersion",
        "arguments": "{}"
    },
    {
        "class": "com.facebook.FacebookSdk",
        "method": "getApplicationId",
        "arguments": "{}"
    },
    {
        "class": "com.facebook.FacebookSdk",
        "method": "isLoggingBehaviorEnabled",
        "arguments": "{\"0\":\"<instance: com.facebook.LoggingBehavior>\"}"
    },
    {
        "class": "com.facebook.FacebookSdk",
        "method": "isDebugEnabled",
        "arguments": "{}"
    },
    {
        "class": "com.facebook.FacebookSdk",
        "method": "isInitialized",
        "arguments": "{}"
    },
    {
        "class": "com.facebook.FacebookSdk",
        "method": "isDebugEnabled",
        "arguments": "{}"
    },
    {
        "class": "com.facebook.FacebookSdk",
        "method": "getApplicationId",
        "arguments": "{}"
    },
    {
        "class": "com.facebook.FacebookSdk",
        "method": "isInitialized",
        "arguments": "{}"
    },
    {
        "class": "com.facebook.FacebookSdk",
        "method": "getApplicationContext",
        "arguments": "{}"
    },
    {
        "class": "com.facebook.FacebookSdk",
        "method": "isLoggingBehaviorEnabled",
        "arguments": "{\"0\":\"<instance: com.facebook.LoggingBehavior>\"}"
    },
    {
        "class": "com.facebook.FacebookSdk",
        "method": "getApplicationId",
        "arguments": "{}"
    },
    {
        "class": "com.facebook.FacebookSdk",
        "method": "isInitialized",
        "arguments": "{}"
    },
    {
        "class": "com.facebook.FacebookSdk",
        "method": "isInitialized",
        "arguments": "{}"
    },
    {
        "class": "com.facebook.FacebookSdk",
        "method": "isDebugEnabled",
        "arguments": "{}"
    },
    {
        "class": "com.facebook.FacebookSdk",
        "method": "getApplicationContext",
        "arguments": "{}"
    },
    {
        "class": "com.facebook.FacebookSdk",
        "method": "isLoggingBehaviorEnabled",
        "arguments": "{\"0\":\"<instance: com.facebook.LoggingBehavior>\"}"
    },
    {
        "class": "com.facebook.FacebookSdk",
        "method": "isInitialized",
        "arguments": "{}"
    },
    {
        "class": "com.facebook.FacebookSdk",
        "method": "isDebugEnabled",
        "arguments": "{}"
    },
    {
        "class": "com.facebook.FacebookSdk",
        "method": "getApplicationContext",
        "arguments": "{}"
    },
    {
        "class": "com.facebook.FacebookSdk",
        "method": "isLoggingBehaviorEnabled",
        "arguments": "{\"0\":\"<instance: com.facebook.LoggingBehavior>\"}"
    },
    {
        "class": "com.facebook.FacebookSdk",
        "method": "isInitialized",
        "arguments": "{}"
    },
    {
        "class": "com.facebook.FacebookSdk",
        "method": "isDebugEnabled",
        "arguments": "{}"
    },
    {
        "class": "com.facebook.FacebookSdk",
        "method": "getApplicationContext",
        "arguments": "{}"
    },
    {
        "class": "com.facebook.FacebookSdk",
        "method": "isLoggingBehaviorEnabled",
        "arguments": "{\"0\":\"<instance: com.facebook.LoggingBehavior>\"}"
    },
    {
        "class": "com.facebook.FacebookSdk",
        "method": "isDebugEnabled",
        "arguments": "{}"
    },
    {
        "class": "com.facebook.FacebookSdk",
        "method": "isInitialized",
        "arguments": "{}"
    },
    {
        "class": "com.facebook.FacebookSdk",
        "method": "isLoggingBehaviorEnabled",
        "arguments": "{\"0\":\"<instance: com.facebook.LoggingBehavior>\"}"
    },
    {
        "class": "com.facebook.FacebookSdk",
        "method": "getApplicationContext",
        "arguments": "{}"
    },
    {
        "class": "com.facebook.FacebookSdk",
        "method": "isDebugEnabled",
        "arguments": "{}"
    },
    {
        "class": "com.facebook.FacebookSdk",
        "method": "isInitialized",
        "arguments": "{}"
    },
    {
        "class": "com.facebook.FacebookSdk",
        "method": "getApplicationId",
        "arguments": "{}"
    },
    {
        "class": "com.facebook.FacebookSdk",
        "method": "isLoggingBehaviorEnabled",
        "arguments": "{\"0\":\"<instance: com.facebook.LoggingBehavior>\"}"
    },
    {
        "class": "com.facebook.FacebookSdk",
        "method": "isInitialized",
        "arguments": "{}"
    },
    {
        "class": "com.facebook.FacebookSdk",
        "method": "isDebugEnabled",
        "arguments": "{}"
    },
    {
        "class": "com.facebook.FacebookSdk",
        "method": "getApplicationId",
        "arguments": "{}"
    },
    {
        "class": "com.facebook.FacebookSdk",
        "method": "isLoggingBehaviorEnabled",
        "arguments": "{\"0\":\"<instance: com.facebook.LoggingBehavior>\"}"
    },
    {
        "class": "com.facebook.FacebookSdk",
        "method": "isInitialized",
        "arguments": "{}"
    },
    {
        "class": "com.facebook.FacebookSdk",
        "method": "isDebugEnabled",
        "arguments": "{}"
    },
    {
        "class": "com.facebook.FacebookSdk",
        "method": "getAdvertiserIDCollectionEnabled",
        "arguments": "{}"
    },
    {
        "class": "com.facebook.FacebookSdk",
        "method": "isLoggingBehaviorEnabled",
        "arguments": "{\"0\":\"<instance: com.facebook.LoggingBehavior>\"}"
    },
    {
        "class": "com.facebook.FacebookSdk",
        "method": "isDebugEnabled",
        "arguments": "{}"
    },
    {
        "class": "com.facebook.FacebookSdk",
        "method": "isInitialized",
        "arguments": "{}"
    },
    {
        "class": "com.facebook.FacebookSdk",
        "method": "getApplicationContext",
        "arguments": "{}"
    },
    {
        "class": "com.facebook.FacebookSdk",
        "method": "isLoggingBehaviorEnabled",
        "arguments": "{\"0\":\"<instance: com.facebook.LoggingBehavior>\"}"
    },
    {
        "class": "com.facebook.FacebookSdk",
        "method": "isDebugEnabled",
        "arguments": "{}"
    },
    {
        "class": "com.facebook.FacebookSdk",
        "method": "isInitialized",
        "arguments": "{}"
    },
    {
        "class": "com.facebook.FacebookSdk",
        "method": "isLoggingBehaviorEnabled",
        "arguments": "{\"0\":\"<instance: com.facebook.LoggingBehavior>\"}"
    },
    {
        "class": "com.facebook.FacebookSdk",
        "method": "getApplicationContext",
        "arguments": "{}"
    },
    {
        "class": "com.facebook.FacebookSdk",
        "method": "isDebugEnabled",
        "arguments": "{}"
    },
    {
        "class": "com.facebook.FacebookSdk",
        "method": "isInitialized",
        "arguments": "{}"
    },
    {
        "class": "com.facebook.FacebookSdk",
        "method": "isLoggingBehaviorEnabled",
        "arguments": "{\"0\":\"<instance: com.facebook.LoggingBehavior>\"}"
    },
    {
        "class": "com.facebook.FacebookSdk",
        "method": "isDebugEnabled",
        "arguments": "{}"
    },
    {
        "class": "com.facebook.FacebookSdk",
        "method": "getApplicationId",
        "arguments": "{}"
    },
    {
        "class": "com.facebook.FacebookSdk",
        "method": "isLoggingBehaviorEnabled",
        "arguments": "{\"0\":\"<instance: com.facebook.LoggingBehavior>\"}"
    },
    {
        "class": "com.facebook.FacebookSdk",
        "method": "isInitialized",
        "arguments": "{}"
    },
    {
        "class": "com.facebook.FacebookSdk",
        "method": "isDebugEnabled",
        "arguments": "{}"
    },
    {
        "class": "com.facebook.FacebookSdk",
        "method": "getApplicationId",
        "arguments": "{}"
    },
    {
        "class": "com.facebook.FacebookSdk",
        "method": "isLoggingBehaviorEnabled",
        "arguments": "{\"0\":\"<instance: com.facebook.LoggingBehavior>\"}"
    },
    {
        "class": "com.facebook.FacebookSdk",
        "method": "isInitialized",
        "arguments": "{}"
    },
    {
        "class": "com.facebook.FacebookSdk",
        "method": "isDebugEnabled",
        "arguments": "{}"
    },
    {
        "class": "com.facebook.FacebookSdk",
        "method": "isInitialized",
        "arguments": "{}"
    },
    {
        "class": "com.facebook.FacebookSdk",
        "method": "getAdvertiserIDCollectionEnabled",
        "arguments": "{}"
    },
    {
        "class": "com.facebook.FacebookSdk",
        "method": "isLoggingBehaviorEnabled",
        "arguments": "{\"0\":\"<instance: com.facebook.LoggingBehavior>\"}"
    },
    {
        "class": "com.facebook.FacebookSdk",
        "method": "isInitialized",
        "arguments": "{}"
    },
    {
        "class": "com.facebook.FacebookSdk",
        "method": "isInitialized",
        "arguments": "{}"
    },
    {
        "class": "com.facebook.FacebookSdk",
        "method": "isDebugEnabled",
        "arguments": "{}"
    },
    {
        "class": "com.facebook.FacebookSdk",
        "method": "getAdvertiserIDCollectionEnabled",
        "arguments": "{}"
    },
    {
        "class": "com.facebook.FacebookSdk",
        "method": "isInitialized",
        "arguments": "{}"
    },
    {
        "class": "com.facebook.FacebookSdk",
        "method": "isLoggingBehaviorEnabled",
        "arguments": "{\"0\":\"<instance: com.facebook.LoggingBehavior>\"}"
    },
    {
        "class": "com.facebook.FacebookSdk",
        "method": "isDebugEnabled",
        "arguments": "{}"
    },
    {
        "class": "com.facebook.FacebookSdk",
        "method": "getApplicationContext",
        "arguments": "{}"
    },
    {
        "class": "com.facebook.FacebookSdk",
        "method": "isInitialized",
        "arguments": "{}"
    },
    {
        "class": "com.facebook.FacebookSdk",
        "method": "isLoggingBehaviorEnabled",
        "arguments": "{\"0\":\"<instance: com.facebook.LoggingBehavior>\"}"
    },
    {
        "class": "com.facebook.FacebookSdk",
        "method": "isLoggingBehaviorEnabled",
        "arguments": "{\"0\":\"<instance: com.facebook.LoggingBehavior>\"}"
    },
    {
        "class": "com.facebook.FacebookSdk",
        "method": "isDebugEnabled",
        "arguments": "{}"
    },
    {
        "class": "com.facebook.FacebookSdk",
        "method": "isDebugEnabled",
        "arguments": "{}"
    },
    {
        "class": "com.facebook.FacebookSdk",
        "method": "isLoggingBehaviorEnabled",
        "arguments": "{\"0\":\"<instance: com.facebook.LoggingBehavior>\"}"
    },
    {
        "class": "com.facebook.FacebookSdk",
        "method": "isLoggingBehaviorEnabled",
        "arguments": "{\"0\":\"<instance: com.facebook.LoggingBehavior>\"}"
    },
    {
        "class": "com.facebook.FacebookSdk",
        "method": "isDebugEnabled",
        "arguments": "{}"
    },
    {
        "class": "com.facebook.FacebookSdk",
        "method": "isDebugEnabled",
        "arguments": "{}"
    },
    {
        "class": "com.facebook.FacebookSdk",
        "method": "isLoggingBehaviorEnabled",
        "arguments": "{\"0\":\"<instance: com.facebook.LoggingBehavior>\"}"
    },
    {
        "class": "com.facebook.FacebookSdk",
        "method": "isLoggingBehaviorEnabled",
        "arguments": "{\"0\":\"<instance: com.facebook.LoggingBehavior>\"}"
    },
    {
        "class": "com.facebook.FacebookSdk",
        "method": "isDebugEnabled",
        "arguments": "{}"
    },
    {
        "class": "com.facebook.FacebookSdk",
        "method": "isDebugEnabled",
        "arguments": "{}"
    },
    {
        "class": "com.facebook.FacebookSdk",
        "method": "isFullyInitialized",
        "arguments": "{}"
    },
    {
        "class": "com.facebook.FacebookSdk",
        "method": "getGraphDomain",
        "arguments": "{}"
    },
    {
        "class": "com.facebook.FacebookSdk",
        "method": "getFacebookDomain",
        "arguments": "{}"
    },
    {
        "class": "com.facebook.FacebookSdk",
        "method": "getGraphDomain",
        "arguments": "{}"
    },
    {
        "class": "com.facebook.FacebookSdk",
        "method": "getFacebookDomain",
        "arguments": "{}"
    },
    {
        "class": "com.facebook.FacebookSdk",
        "method": "getGraphDomain",
        "arguments": "{}"
    },
    {
        "class": "com.facebook.FacebookSdk",
        "method": "getFacebookDomain",
        "arguments": "{}"
    },
    {
        "class": "com.facebook.FacebookSdk",
        "method": "isLoggingBehaviorEnabled",
        "arguments": "{\"0\":\"<instance: com.facebook.LoggingBehavior>\"}"
    },
    {
        "class": "com.facebook.FacebookSdk",
        "method": "isDebugEnabled",
        "arguments": "{}"
    },
    {
        "class": "com.facebook.FacebookSdk",
        "method": "isLoggingBehaviorEnabled",
        "arguments": "{\"0\":\"<instance: com.facebook.LoggingBehavior>\"}"
    },
    {
        "class": "com.facebook.FacebookSdk",
        "method": "isDebugEnabled",
        "arguments": "{}"
    },
    {
        "class": "com.facebook.FacebookSdk",
        "method": "isLoggingBehaviorEnabled",
        "arguments": "{\"0\":\"<instance: com.facebook.LoggingBehavior>\"}"
    },
    {
        "class": "com.facebook.FacebookSdk",
        "method": "isDebugEnabled",
        "arguments": "{}"
    },
    {
        "class": "com.facebook.FacebookSdk",
        "method": "isLoggingBehaviorEnabled",
        "arguments": "{\"0\":\"<instance: com.facebook.LoggingBehavior>\"}"
    },
    {
        "class": "com.facebook.FacebookSdk",
        "method": "isDebugEnabled",
        "arguments": "{}"
    },
    {
        "class": "com.facebook.FacebookSdk",
        "method": "isLoggingBehaviorEnabled",
        "arguments": "{\"0\":\"<instance: com.facebook.LoggingBehavior>\"}"
    },
    {
        "class": "com.facebook.FacebookSdk",
        "method": "isDebugEnabled",
        "arguments": "{}"
    },
    {
        "class": "com.facebook.FacebookSdk",
        "method": "isLoggingBehaviorEnabled",
        "arguments": "{\"0\":\"<instance: com.facebook.LoggingBehavior>\"}"
    },
    {
        "class": "com.facebook.FacebookSdk",
        "method": "isDebugEnabled",
        "arguments": "{}"
    },
    {
        "class": "com.facebook.FacebookSdk",
        "method": "isLoggingBehaviorEnabled",
        "arguments": "{\"0\":\"<instance: com.facebook.LoggingBehavior>\"}"
    },
    {
        "class": "com.facebook.FacebookSdk",
        "method": "isDebugEnabled",
        "arguments": "{}"
    },
    {
        "class": "com.facebook.FacebookSdk",
        "method": "isLoggingBehaviorEnabled",
        "arguments": "{\"0\":\"<instance: com.facebook.LoggingBehavior>\"}"
    },
    {
        "class": "com.facebook.FacebookSdk",
        "method": "isDebugEnabled",
        "arguments": "{}"
    },
    {
        "class": "com.facebook.FacebookSdk",
        "method": "isLoggingBehaviorEnabled",
        "arguments": "{\"0\":\"<instance: com.facebook.LoggingBehavior>\"}"
    },
    {
        "class": "com.facebook.FacebookSdk",
        "method": "isDebugEnabled",
        "arguments": "{}"
    },
    {
        "class": "com.facebook.FacebookSdk",
        "method": "isLoggingBehaviorEnabled",
        "arguments": "{\"0\":\"<instance: com.facebook.LoggingBehavior>\"}"
    },
    {
        "class": "com.facebook.FacebookSdk",
        "method": "isDebugEnabled",
        "arguments": "{}"
    },
    {
        "class": "com.facebook.FacebookSdk",
        "method": "isLoggingBehaviorEnabled",
        "arguments": "{\"0\":\"<instance: com.facebook.LoggingBehavior>\"}"
    },
    {
        "class": "com.facebook.FacebookSdk",
        "method": "isDebugEnabled",
        "arguments": "{}"
    },
    {
        "class": "com.facebook.FacebookSdk",
        "method": "isLoggingBehaviorEnabled",
        "arguments": "{\"0\":\"<instance: com.facebook.LoggingBehavior>\"}"
    },
    {
        "class": "com.facebook.FacebookSdk",
        "method": "isDebugEnabled",
        "arguments": "{}"
    },
    {
        "class": "com.facebook.FacebookSdk",
        "method": "isLoggingBehaviorEnabled",
        "arguments": "{\"0\":\"<instance: com.facebook.LoggingBehavior>\"}"
    },
    {
        "class": "com.facebook.FacebookSdk",
        "method": "isDebugEnabled",
        "arguments": "{}"
    },
    {
        "class": "com.facebook.FacebookSdk",
        "method": "isLoggingBehaviorEnabled",
        "arguments": "{\"0\":\"<instance: com.facebook.LoggingBehavior>\"}"
    },
    {
        "class": "com.facebook.FacebookSdk",
        "method": "isDebugEnabled",
        "arguments": "{}"
    },
    {
        "class": "com.facebook.FacebookSdk",
        "method": "isLoggingBehaviorEnabled",
        "arguments": "{\"0\":\"<instance: com.facebook.LoggingBehavior>\"}"
    },
    {
        "class": "com.facebook.FacebookSdk",
        "method": "isDebugEnabled",
        "arguments": "{}"
    },
    {
        "class": "com.facebook.FacebookSdk",
        "method": "isLoggingBehaviorEnabled",
        "arguments": "{\"0\":\"<instance: com.facebook.LoggingBehavior>\"}"
    },
    {
        "class": "com.facebook.FacebookSdk",
        "method": "isDebugEnabled",
        "arguments": "{}"
    },
    {
        "class": "com.facebook.FacebookSdk",
        "method": "isLoggingBehaviorEnabled",
        "arguments": "{\"0\":\"<instance: com.facebook.LoggingBehavior>\"}"
    },
    {
        "class": "com.facebook.FacebookSdk",
        "method": "isDebugEnabled",
        "arguments": "{}"
    },
    {
        "class": "com.facebook.FacebookSdk",
        "method": "isLoggingBehaviorEnabled",
        "arguments": "{\"0\":\"<instance: com.facebook.LoggingBehavior>\"}"
    },
    {
        "class": "com.facebook.FacebookSdk",
        "method": "isDebugEnabled",
        "arguments": "{}"
    },
    {
        "class": "com.facebook.FacebookSdk",
        "method": "isLoggingBehaviorEnabled",
        "arguments": "{\"0\":\"<instance: com.facebook.LoggingBehavior>\"}"
    },
    {
        "class": "com.facebook.FacebookSdk",
        "method": "isDebugEnabled",
        "arguments": "{}"
    },
    {
        "class": "com.facebook.FacebookSdk",
        "method": "isLoggingBehaviorEnabled",
        "arguments": "{\"0\":\"<instance: com.facebook.LoggingBehavior>\"}"
    },
    {
        "class": "com.facebook.FacebookSdk",
        "method": "isDebugEnabled",
        "arguments": "{}"
    },
    {
        "class": "com.facebook.FacebookSdk",
        "method": "isLoggingBehaviorEnabled",
        "arguments": "{\"0\":\"<instance: com.facebook.LoggingBehavior>\"}"
    },
    {
        "class": "com.facebook.FacebookSdk",
        "method": "isDebugEnabled",
        "arguments": "{}"
    },
    {
        "class": "com.facebook.FacebookSdk",
        "method": "isLoggingBehaviorEnabled",
        "arguments": "{\"0\":\"<instance: com.facebook.LoggingBehavior>\"}"
    },
    {
        "class": "com.facebook.FacebookSdk",
        "method": "isDebugEnabled",
        "arguments": "{}"
    },
    {
        "class": "com.facebook.FacebookSdk",
        "method": "isLoggingBehaviorEnabled",
        "arguments": "{\"0\":\"<instance: com.facebook.LoggingBehavior>\"}"
    },
    {
        "class": "com.facebook.FacebookSdk",
        "method": "isDebugEnabled",
        "arguments": "{}"
    },
    {
        "class": "com.facebook.FacebookSdk",
        "method": "isFullyInitialized",
        "arguments": "{}"
    },
    {
        "class": "com.adjust.sdk.Adjust",
        "method": "addSessionCallbackParameter",
        "arguments": "{\"0\":\"fiu\",\"1\":\"85e15541-b393-443b-9228-932d4daa690f\"}"
    },
    {
        "class": "com.adjust.sdk.Adjust",
        "method": "getDefaultInstance",
        "arguments": "{}"
    },
    {
        "class": "com.adjust.sdk.AdjustConfig",
        "method": "init",
        "arguments": "{\"0\":\"<instance: android.content.Context, $className: com.tfg.libs.billing.unity.BillingActivity>\",\"1\":\"sjtlpl5qh96e\",\"2\":\"production\",\"3\":false}"
    },
    {
        "class": "com.adjust.sdk.AdjustConfig",
        "method": "setLogLevel",
        "arguments": "{\"0\":\"<instance: com.adjust.sdk.LogLevel>\",\"1\":\"production\"}"
    },
    {
        "class": "com.adjust.sdk.AdjustConfig",
        "method": "setLogLevel",
        "arguments": "{\"0\":\"<instance: com.adjust.sdk.LogLevel>\"}"
    },
    {
        "class": "com.adjust.sdk.AdjustConfig",
        "method": "setLogLevel",
        "arguments": "{\"0\":\"<instance: com.adjust.sdk.LogLevel>\",\"1\":\"production\"}"
    },
    {
        "class": "com.adjust.sdk.AdjustConfig",
        "method": "setSdkPrefix",
        "arguments": "{\"0\":\"unity4.30.0\"}"
    },
    {
        "class": "com.adjust.sdk.AdjustConfig",
        "method": "setPreinstallTrackingEnabled",
        "arguments": "{\"0\":true}"
    },
    {
        "class": "com.adjust.sdk.AdjustConfig",
        "method": "setExternalDeviceId",
        "arguments": "{\"0\":\"85e15541-b393-443b-9228-932d4daa690f\"}"
    },
    {
        "class": "com.adjust.sdk.AdjustConfig",
        "method": "setOnAttributionChangedListener",
        "arguments": "{\"0\":\"<instance: com.adjust.sdk.OnAttributionChangedListener, $className: $Proxy25>\"}"
    },
    {
        "class": "com.adjust.sdk.Adjust",
        "method": "onCreate",
        "arguments": "{\"0\":\"<instance: com.adjust.sdk.AdjustConfig>\"}"
    },
    {
        "class": "com.adjust.sdk.Adjust",
        "method": "getDefaultInstance",
        "arguments": "{}"
    },
    {
        "class": "com.adjust.sdk.AdjustConfig",
        "method": "isValid",
        "arguments": "{}"
    },
    {
        "class": "com.adjust.sdk.AdjustConfig",
        "method": "checkAppToken",
        "arguments": "{\"0\":\"sjtlpl5qh96e\"}"
    },
    {
        "class": "com.adjust.sdk.AdjustConfig",
        "method": "checkEnvironment",
        "arguments": "{\"0\":\"production\"}"
    },
    {
        "class": "com.adjust.sdk.AdjustConfig",
        "method": "checkContext",
        "arguments": "{\"0\":\"<instance: android.content.Context, $className: android.app.Application>\"}"
    },
    {
        "class": "com.adjust.sdk.AdjustConfig",
        "method": "isValid",
        "arguments": "{}"
    },
    {
        "class": "com.adjust.sdk.AdjustConfig",
        "method": "checkAppToken",
        "arguments": "{\"0\":\"sjtlpl5qh96e\"}"
    },
    {
        "class": "com.adjust.sdk.AdjustConfig",
        "method": "checkEnvironment",
        "arguments": "{\"0\":\"production\"}"
    },
    {
        "class": "com.adjust.sdk.AdjustConfig",
        "method": "checkContext",
        "arguments": "{\"0\":\"<instance: android.content.Context, $className: android.app.Application>\"}"
    },
    {
        "class": "com.adjust.sdk.Adjust",
        "method": "onResume",
        "arguments": "{}"
    },
    {
        "class": "com.adjust.sdk.Adjust",
        "method": "getDefaultInstance",
        "arguments": "{}"
    },
    {
        "class": "com.ironsource.mediationsdk.IronSource",
        "method": "addImpressionDataListener",
        "arguments": "{\"0\":\"<instance: com.ironsource.mediationsdk.impressionData.ImpressionDataListener, $className: com.ironsource.unity.androidbridge.AndroidBridge>\"}"
    },
    {
        "class": "com.ironsource.mediationsdk.IronSource",
        "method": "setInterstitialListener",
        "arguments": "{\"0\":\"<instance: com.ironsource.mediationsdk.sdk.InterstitialListener, $className: com.ironsource.unity.androidbridge.AndroidBridge>\"}"
    },
    {
        "class": "com.ironsource.mediationsdk.IronSource",
        "method": "setOfferwallListener",
        "arguments": "{\"0\":\"<instance: com.ironsource.mediationsdk.sdk.OfferwallListener, $className: com.ironsource.unity.androidbridge.AndroidBridge>\"}"
    },
    {
        "class": "com.ironsource.mediationsdk.IronSource",
        "method": "setISDemandOnlyRewardedVideoListener",
        "arguments": "{\"0\":\"<instance: com.ironsource.mediationsdk.demandOnly.ISDemandOnlyRewardedVideoListener, $className: com.ironsource.unity.androidbridge.AndroidBridge>\"}"
    },
    {
        "class": "com.ironsource.mediationsdk.IronSource",
        "method": "setSegmentListener",
        "arguments": "{\"0\":\"<instance: com.ironsource.mediationsdk.sdk.SegmentListener, $className: com.ironsource.unity.androidbridge.AndroidBridge>\"}"
    },
    {
        "class": "com.ironsource.mediationsdk.IronSource",
        "method": "setRewardedVideoListener",
        "arguments": "{\"0\":\"<instance: com.ironsource.mediationsdk.sdk.RewardedVideoListener, $className: com.ironsource.unity.androidbridge.AndroidBridge>\"}"
    },
    {
        "class": "com.ironsource.mediationsdk.IronSource",
        "method": "setLevelPlayRewardedVideoListener",
        "arguments": "{\"0\":\"<instance: com.ironsource.mediationsdk.sdk.LevelPlayRewardedVideoListener, $className: com.ironsource.unity.androidbridge.LevelPlayRewardedVideoWrapper>\"}"
    },
    {
        "class": "com.ironsource.mediationsdk.IronSource",
        "method": "setLevelPlayInterstitialListener",
        "arguments": "{\"0\":\"<instance: com.ironsource.mediationsdk.sdk.LevelPlayInterstitialListener, $className: com.ironsource.unity.androidbridge.LevelPlayInterstitialWrapper>\"}"
    },
    {
        "class": "com.ironsource.mediationsdk.IronSource",
        "method": "onResume",
        "arguments": "{\"0\":\"<instance: android.app.Activity, $className: com.tfg.libs.billing.unity.BillingActivity>\"}"
    },
    {
        "class": "com.facebook.FacebookSdk",
        "method": "isInitialized",
        "arguments": "{}"
    },
    {
        "class": "com.facebook.FacebookSdk",
        "method": "getAutoLogAppEventsEnabled",
        "arguments": "{}"
    },
    {
        "class": "com.facebook.FacebookSdk",
        "method": "isInitialized",
        "arguments": "{}"
    },
    {
        "class": "com.facebook.FacebookSdk",
        "method": "isInitialized",
        "arguments": "{}"
    },
    {
        "class": "com.facebook.FacebookSdk",
        "method": "publishInstallAsync",
        "arguments": "{\"0\":\"<instance: android.content.Context, $className: android.app.Application>\",\"1\":\"1560288864204920\"}"
    },
    {
        "class": "com.facebook.FacebookSdk",
        "method": "getExecutor",
        "arguments": "{}"
    },
    {
        "class": "com.facebook.FacebookSdk",
        "method": "getApplicationContext",
        "arguments": "{}"
    },
    {
        "class": "com.facebook.FacebookSdk",
        "method": "publishInstallAsync$lambda-15",
        "arguments": "{\"0\":\"<instance: android.content.Context, $className: android.app.Application>\",\"1\":\"1560288864204920\"}"
    },
    {
        "class": "com.facebook.FacebookSdk",
        "method": "isInitialized",
        "arguments": "{}"
    },
    {
        "class": "com.facebook.FacebookSdk",
        "method": "publishInstallAndWaitForResponse",
        "arguments": "{\"0\":\"<instance: android.content.Context, $className: android.app.Application>\",\"1\":\"1560288864204920\"}"
    },
    {
        "class": "com.facebook.FacebookSdk",
        "method": "getApplicationContext",
        "arguments": "{}"
    },
    {
        "class": "com.facebook.FacebookSdk",
        "method": "isInitialized",
        "arguments": "{}"
    },
    {
        "class": "com.facebook.FacebookSdk",
        "method": "getApplicationId",
        "arguments": "{}"
    },
    {
        "class": "com.facebook.FacebookSdk",
        "method": "isInitialized",
        "arguments": "{}"
    },
    {
        "class": "com.facebook.FacebookSdk",
        "method": "getApplicationId",
        "arguments": "{}"
    },
    {
        "class": "com.facebook.FacebookSdk",
        "method": "isInitialized",
        "arguments": "{}"
    },
    {
        "class": "com.facebook.FacebookSdk",
        "method": "getApplicationId",
        "arguments": "{}"
    },
    {
        "class": "com.facebook.FacebookSdk",
        "method": "isInitialized",
        "arguments": "{}"
    },
    {
        "class": "com.facebook.FacebookSdk",
        "method": "getApplicationId",
        "arguments": "{}"
    },
    {
        "class": "com.facebook.FacebookSdk",
        "method": "isInitialized",
        "arguments": "{}"
    },
    {
        "class": "com.facebook.FacebookSdk",
        "method": "isInitialized",
        "arguments": "{}"
    },
    {
        "class": "com.facebook.FacebookSdk",
        "method": "getApplicationId",
        "arguments": "{}"
    },
    {
        "class": "com.facebook.FacebookSdk",
        "method": "getSdkVersion",
        "arguments": "{}"
    },
    {
        "class": "com.facebook.FacebookSdk",
        "method": "isInitialized",
        "arguments": "{}"
    },
    {
        "class": "com.facebook.FacebookSdk",
        "method": "getApplicationContext",
        "arguments": "{}"
    },
    {
        "class": "com.facebook.FacebookSdk",
        "method": "isInitialized",
        "arguments": "{}"
    },
    {
        "class": "com.facebook.FacebookSdk",
        "method": "getApplicationContext",
        "arguments": "{}"
    },
    {
        "class": "com.facebook.FacebookSdk",
        "method": "isInitialized",
        "arguments": "{}"
    },
    {
        "class": "com.facebook.FacebookSdk",
        "method": "getApplicationContext",
        "arguments": "{}"
    },
    {
        "class": "com.facebook.FacebookSdk",
        "method": "isInitialized",
        "arguments": "{}"
    },
    {
        "class": "com.facebook.FacebookSdk",
        "method": "getApplicationContext",
        "arguments": "{}"
    },
    {
        "class": "com.facebook.FacebookSdk",
        "method": "isInitialized",
        "arguments": "{}"
    },
    {
        "class": "com.facebook.FacebookSdk",
        "method": "getApplicationId",
        "arguments": "{}"
    },
    {
        "class": "com.facebook.FacebookSdk",
        "method": "isInitialized",
        "arguments": "{}"
    },
    {
        "class": "com.facebook.FacebookSdk",
        "method": "getApplicationId",
        "arguments": "{}"
    },
    {
        "class": "com.facebook.FacebookSdk",
        "method": "isInitialized",
        "arguments": "{}"
    },
    {
        "class": "com.facebook.FacebookSdk",
        "method": "getApplicationId",
        "arguments": "{}"
    },
    {
        "class": "com.facebook.FacebookSdk",
        "method": "isInitialized",
        "arguments": "{}"
    },
    {
        "class": "com.facebook.FacebookSdk",
        "method": "getApplicationId",
        "arguments": "{}"
    },
    {
        "class": "com.facebook.FacebookSdk",
        "method": "isInitialized",
        "arguments": "{}"
    },
    {
        "class": "com.facebook.FacebookSdk",
        "method": "getApplicationId",
        "arguments": "{}"
    },
    {
        "class": "com.facebook.FacebookSdk",
        "method": "isInitialized",
        "arguments": "{}"
    },
    {
        "class": "com.facebook.FacebookSdk",
        "method": "getApplicationId",
        "arguments": "{}"
    },
    {
        "class": "com.facebook.FacebookSdk",
        "method": "isInitialized",
        "arguments": "{}"
    },
    {
        "class": "com.facebook.FacebookSdk",
        "method": "getApplicationContext",
        "arguments": "{}"
    },
    {
        "class": "com.facebook.FacebookSdk",
        "method": "isInitialized",
        "arguments": "{}"
    },
    {
        "class": "com.facebook.FacebookSdk",
        "method": "getApplicationId",
        "arguments": "{}"
    },
    {
        "class": "com.facebook.FacebookSdk",
        "method": "isInitialized",
        "arguments": "{}"
    },
    {
        "class": "com.facebook.FacebookSdk",
        "method": "getApplicationContext",
        "arguments": "{}"
    },
    {
        "class": "com.facebook.FacebookSdk",
        "method": "getLimitEventAndDataUsage",
        "arguments": "{\"0\":\"<instance: android.content.Context, $className: android.app.Application>\"}"
    },
    {
        "class": "com.facebook.FacebookSdk",
        "method": "isInitialized",
        "arguments": "{}"
    },
    {
        "class": "com.facebook.FacebookSdk",
        "method": "isInitialized",
        "arguments": "{}"
    },
    {
        "class": "com.facebook.FacebookSdk",
        "method": "isLoggingBehaviorEnabled",
        "arguments": "{\"0\":\"<instance: com.facebook.LoggingBehavior>\"}"
    },
    {
        "class": "com.facebook.FacebookSdk",
        "method": "getApplicationContext",
        "arguments": "{}"
    },
    {
        "class": "com.facebook.FacebookSdk",
        "method": "isDebugEnabled",
        "arguments": "{}"
    },
    {
        "class": "com.facebook.FacebookSdk",
        "method": "isInitialized",
        "arguments": "{}"
    },
    {
        "class": "com.facebook.FacebookSdk",
        "method": "getApplicationContext",
        "arguments": "{}"
    },
    {
        "class": "com.facebook.FacebookSdk",
        "method": "getApplicationContext",
        "arguments": "{}"
    },
    {
        "class": "com.facebook.FacebookSdk",
        "method": "isInitialized",
        "arguments": "{}"
    },
    {
        "class": "com.facebook.FacebookSdk",
        "method": "isInitialized",
        "arguments": "{}"
    },
    {
        "class": "com.facebook.FacebookSdk",
        "method": "getApplicationId",
        "arguments": "{}"
    },
    {
        "class": "com.facebook.FacebookSdk",
        "method": "getApplicationId",
        "arguments": "{}"
    },
    {
        "class": "com.facebook.FacebookSdk",
        "method": "isInitialized",
        "arguments": "{}"
    },
    {
        "class": "com.facebook.FacebookSdk",
        "method": "isInitialized",
        "arguments": "{}"
    },
    {
        "class": "com.facebook.FacebookSdk",
        "method": "getApplicationContext",
        "arguments": "{}"
    },
    {
        "class": "com.google.firebase.analytics.FirebaseAnalytics",
        "method": "getInstance",
        "arguments": "{\"0\":\"<instance: android.content.Context, $className: com.tfg.libs.billing.unity.BillingActivity>\"}"
    },
    {
        "class": "com.facebook.FacebookSdk",
        "method": "getApplicationId",
        "arguments": "{}"
    },
    {
        "class": "com.facebook.FacebookSdk",
        "method": "isInitialized",
        "arguments": "{}"
    },
    {
        "class": "com.facebook.FacebookSdk",
        "method": "isInitialized",
        "arguments": "{}"
    },
    {
        "class": "com.facebook.FacebookSdk",
        "method": "getAdvertiserIDCollectionEnabled",
        "arguments": "{}"
    },
    {
        "class": "com.facebook.FacebookSdk",
        "method": "isInitialized",
        "arguments": "{}"
    },
    {
        "class": "com.facebook.FacebookSdk",
        "method": "getApplicationContext",
        "arguments": "{}"
    },
    {
        "class": "com.facebook.FacebookSdk",
        "method": "isInitialized",
        "arguments": "{}"
    },
    {
        "class": "com.google.firebase.analytics.FirebaseAnalytics",
        "method": "getInstance",
        "arguments": "{\"0\":\"<instance: android.content.Context, $className: android.app.Application>\"}"
    },
    {
        "class": "com.facebook.FacebookSdk",
        "method": "getApplicationContext",
        "arguments": "{}"
    },
    {
        "class": "com.google.firebase.analytics.FirebaseAnalytics",
        "method": "getFirebaseInstanceId",
        "arguments": "{}"
    },
    {
        "class": "com.facebook.FacebookSdk",
        "method": "isInitialized",
        "arguments": "{}"
    },
    {
        "class": "com.facebook.FacebookSdk",
        "method": "getApplicationId",
        "arguments": "{}"
    },
    {
        "class": "com.facebook.FacebookSdk",
        "method": "isInitialized",
        "arguments": "{}"
    },
    {
        "class": "com.facebook.FacebookSdk",
        "method": "isLoggingBehaviorEnabled",
        "arguments": "{\"0\":\"<instance: com.facebook.LoggingBehavior>\"}"
    },
    {
        "class": "com.facebook.FacebookSdk",
        "method": "getApplicationId",
        "arguments": "{}"
    },
    {
        "class": "com.facebook.FacebookSdk",
        "method": "isDebugEnabled",
        "arguments": "{}"
    },
    {
        "class": "com.facebook.FacebookSdk",
        "method": "isInitialized",
        "arguments": "{}"
    },
    {
        "class": "com.facebook.FacebookSdk",
        "method": "isLoggingBehaviorEnabled",
        "arguments": "{\"0\":\"<instance: com.facebook.LoggingBehavior>\"}"
    },
    {
        "class": "com.facebook.FacebookSdk",
        "method": "isInitialized",
        "arguments": "{}"
    },
    {
        "class": "com.facebook.FacebookSdk",
        "method": "getAdvertiserIDCollectionEnabled",
        "arguments": "{}"
    },
    {
        "class": "com.facebook.FacebookSdk",
        "method": "isDebugEnabled",
        "arguments": "{}"
    },
    {
        "class": "com.facebook.FacebookSdk",
        "method": "isInitialized",
        "arguments": "{}"
    },
    {
        "class": "com.facebook.FacebookSdk",
        "method": "isInitialized",
        "arguments": "{}"
    },
    {
        "class": "com.facebook.FacebookSdk",
        "method": "getAdvertiserIDCollectionEnabled",
        "arguments": "{}"
    },
    {
        "class": "com.facebook.FacebookSdk",
        "method": "isInitialized",
        "arguments": "{}"
    },
    {
        "class": "com.facebook.FacebookSdk",
        "method": "getApplicationContext",
        "arguments": "{}"
    },
    {
        "class": "com.facebook.FacebookSdk",
        "method": "isInitialized",
        "arguments": "{}"
    },
    {
        "class": "com.facebook.FacebookSdk",
        "method": "graphRequestCreator$lambda-0",
        "arguments": "{\"0\":null,\"1\":\"1560288864204920/activities\",\"2\":\"<instance: org.json.JSONObject>\",\"3\":null}"
    },
    {
        "class": "com.facebook.FacebookSdk",
        "method": "isLoggingBehaviorEnabled",
        "arguments": "{\"0\":\"<instance: com.facebook.LoggingBehavior>\"}"
    },
    {
        "class": "com.facebook.FacebookSdk",
        "method": "isDebugEnabled",
        "arguments": "{}"
    },
    {
        "class": "com.facebook.FacebookSdk",
        "method": "isLoggingBehaviorEnabled",
        "arguments": "{\"0\":\"<instance: com.facebook.LoggingBehavior>\"}"
    },
    {
        "class": "com.facebook.FacebookSdk",
        "method": "isDebugEnabled",
        "arguments": "{}"
    },
    {
        "class": "com.facebook.FacebookSdk",
        "method": "getGraphApiVersion",
        "arguments": "{}"
    },
    {
        "class": "com.facebook.FacebookSdk",
        "method": "isDebugEnabled",
        "arguments": "{}"
    },
    {
        "class": "com.facebook.FacebookSdk",
        "method": "getGraphDomain",
        "arguments": "{}"
    },
    {
        "class": "com.facebook.FacebookSdk",
        "method": "getFacebookDomain",
        "arguments": "{}"
    },
    {
        "class": "com.facebook.FacebookSdk",
        "method": "getGraphDomain",
        "arguments": "{}"
    },
    {
        "class": "com.facebook.FacebookSdk",
        "method": "getFacebookDomain",
        "arguments": "{}"
    },
    {
        "class": "com.ironsource.mediationsdk.IronSource",
        "method": "onPause",
        "arguments": "{\"0\":\"<instance: android.app.Activity, $className: com.tfg.libs.billing.unity.BillingActivity>\"}"
    },
    {
        "class": "com.facebook.FacebookSdk",
        "method": "getApplicationId",
        "arguments": "{}"
    },
    {
        "class": "com.facebook.FacebookSdk",
        "method": "isLoggingBehaviorEnabled",
        "arguments": "{\"0\":\"<instance: com.facebook.LoggingBehavior>\"}"
    },
    {
        "class": "com.facebook.FacebookSdk",
        "method": "isInitialized",
        "arguments": "{}"
    },
    {
        "class": "com.facebook.FacebookSdk",
        "method": "getClientToken",
        "arguments": "{}"
    },
    {
        "class": "com.facebook.FacebookSdk",
        "method": "isDebugEnabled",
        "arguments": "{}"
    },
    {
        "class": "com.facebook.FacebookSdk",
        "method": "isInitialized",
        "arguments": "{}"
    },
    {
        "class": "com.facebook.FacebookSdk",
        "method": "getGraphDomain",
        "arguments": "{}"
    },
    {
        "class": "com.facebook.FacebookSdk",
        "method": "isLoggingBehaviorEnabled",
        "arguments": "{\"0\":\"<instance: com.facebook.LoggingBehavior>\"}"
    },
    {
        "class": "com.facebook.FacebookSdk",
        "method": "getFacebookDomain",
        "arguments": "{}"
    },
    {
        "class": "com.facebook.FacebookSdk",
        "method": "getApplicationId",
        "arguments": "{}"
    },
    {
        "class": "com.facebook.FacebookSdk",
        "method": "isInitialized",
        "arguments": "{}"
    },
    {
        "class": "com.facebook.FacebookSdk",
        "method": "isDebugEnabled",
        "arguments": "{}"
    },
    {
        "class": "com.facebook.FacebookSdk",
        "method": "isLoggingBehaviorEnabled",
        "arguments": "{\"0\":\"<instance: com.facebook.LoggingBehavior>\"}"
    },
    {
        "class": "com.facebook.FacebookSdk",
        "method": "getClientToken",
        "arguments": "{}"
    },
    {
        "class": "com.facebook.FacebookSdk",
        "method": "isInitialized",
        "arguments": "{}"
    },
    {
        "class": "com.facebook.FacebookSdk",
        "method": "isDebugEnabled",
        "arguments": "{}"
    },
    {
        "class": "com.facebook.FacebookSdk",
        "method": "getApplicationContext",
        "arguments": "{}"
    },
    {
        "class": "com.facebook.FacebookSdk",
        "method": "isLoggingBehaviorEnabled",
        "arguments": "{\"0\":\"<instance: com.facebook.LoggingBehavior>\"}"
    },
    {
        "class": "com.facebook.FacebookSdk",
        "method": "isInitialized",
        "arguments": "{}"
    },
    {
        "class": "com.facebook.FacebookSdk",
        "method": "isDebugEnabled",
        "arguments": "{}"
    },
    {
        "class": "com.facebook.FacebookSdk",
        "method": "isLoggingBehaviorEnabled",
        "arguments": "{\"0\":\"<instance: com.facebook.LoggingBehavior>\"}"
    },
    {
        "class": "com.facebook.FacebookSdk",
        "method": "isDebugEnabled",
        "arguments": "{}"
    },
    {
        "class": "com.facebook.FacebookSdk",
        "method": "isLoggingBehaviorEnabled",
        "arguments": "{\"0\":\"<instance: com.facebook.LoggingBehavior>\"}"
    },
    {
        "class": "com.facebook.FacebookSdk",
        "method": "isDebugEnabled",
        "arguments": "{}"
    },
    {
        "class": "com.facebook.FacebookSdk",
        "method": "isLoggingBehaviorEnabled",
        "arguments": "{\"0\":\"<instance: com.facebook.LoggingBehavior>\"}"
    },
    {
        "class": "com.facebook.FacebookSdk",
        "method": "isDebugEnabled",
        "arguments": "{}"
    },
    {
        "class": "com.facebook.FacebookSdk",
        "method": "isLoggingBehaviorEnabled",
        "arguments": "{\"0\":\"<instance: com.facebook.LoggingBehavior>\"}"
    },
    {
        "class": "com.facebook.FacebookSdk",
        "method": "isDebugEnabled",
        "arguments": "{}"
    },
    {
        "class": "com.facebook.FacebookSdk",
        "method": "isLoggingBehaviorEnabled",
        "arguments": "{\"0\":\"<instance: com.facebook.LoggingBehavior>\"}"
    },
    {
        "class": "com.facebook.FacebookSdk",
        "method": "isDebugEnabled",
        "arguments": "{}"
    },
    {
        "class": "com.facebook.FacebookSdk",
        "method": "isLoggingBehaviorEnabled",
        "arguments": "{\"0\":\"<instance: com.facebook.LoggingBehavior>\"}"
    },
    {
        "class": "com.facebook.FacebookSdk",
        "method": "isDebugEnabled",
        "arguments": "{}"
    },
    {
        "class": "com.facebook.FacebookSdk",
        "method": "isLoggingBehaviorEnabled",
        "arguments": "{\"0\":\"<instance: com.facebook.LoggingBehavior>\"}"
    },
    {
        "class": "com.facebook.FacebookSdk",
        "method": "isDebugEnabled",
        "arguments": "{}"
    },
    {
        "class": "com.facebook.FacebookSdk",
        "method": "isLoggingBehaviorEnabled",
        "arguments": "{\"0\":\"<instance: com.facebook.LoggingBehavior>\"}"
    },
    {
        "class": "com.facebook.FacebookSdk",
        "method": "isDebugEnabled",
        "arguments": "{}"
    },
    {
        "class": "com.facebook.FacebookSdk",
        "method": "isLoggingBehaviorEnabled",
        "arguments": "{\"0\":\"<instance: com.facebook.LoggingBehavior>\"}"
    },
    {
        "class": "com.facebook.FacebookSdk",
        "method": "isDebugEnabled",
        "arguments": "{}"
    },
    {
        "class": "com.facebook.FacebookSdk",
        "method": "isLoggingBehaviorEnabled",
        "arguments": "{\"0\":\"<instance: com.facebook.LoggingBehavior>\"}"
    },
    {
        "class": "com.facebook.FacebookSdk",
        "method": "isDebugEnabled",
        "arguments": "{}"
    },
    {
        "class": "com.facebook.FacebookSdk",
        "method": "isLoggingBehaviorEnabled",
        "arguments": "{\"0\":\"<instance: com.facebook.LoggingBehavior>\"}"
    },
    {
        "class": "com.facebook.FacebookSdk",
        "method": "isDebugEnabled",
        "arguments": "{}"
    },
    {
        "class": "com.facebook.FacebookSdk",
        "method": "isLoggingBehaviorEnabled",
        "arguments": "{\"0\":\"<instance: com.facebook.LoggingBehavior>\"}"
    },
    {
        "class": "com.facebook.FacebookSdk",
        "method": "isDebugEnabled",
        "arguments": "{}"
    },
    {
        "class": "com.facebook.FacebookSdk",
        "method": "isLoggingBehaviorEnabled",
        "arguments": "{\"0\":\"<instance: com.facebook.LoggingBehavior>\"}"
    },
    {
        "class": "com.facebook.FacebookSdk",
        "method": "isDebugEnabled",
        "arguments": "{}"
    },
    {
        "class": "com.facebook.FacebookSdk",
        "method": "isLoggingBehaviorEnabled",
        "arguments": "{\"0\":\"<instance: com.facebook.LoggingBehavior>\"}"
    },
    {
        "class": "com.facebook.FacebookSdk",
        "method": "isDebugEnabled",
        "arguments": "{}"
    },
    {
        "class": "com.facebook.FacebookSdk",
        "method": "isLoggingBehaviorEnabled",
        "arguments": "{\"0\":\"<instance: com.facebook.LoggingBehavior>\"}"
    },
    {
        "class": "com.facebook.FacebookSdk",
        "method": "isDebugEnabled",
        "arguments": "{}"
    },
    {
        "class": "com.facebook.FacebookSdk",
        "method": "isLoggingBehaviorEnabled",
        "arguments": "{\"0\":\"<instance: com.facebook.LoggingBehavior>\"}"
    },
    {
        "class": "com.facebook.FacebookSdk",
        "method": "isDebugEnabled",
        "arguments": "{}"
    },
    {
        "class": "com.facebook.FacebookSdk",
        "method": "isLoggingBehaviorEnabled",
        "arguments": "{\"0\":\"<instance: com.facebook.LoggingBehavior>\"}"
    },
    {
        "class": "com.facebook.FacebookSdk",
        "method": "isDebugEnabled",
        "arguments": "{}"
    },
    {
        "class": "com.facebook.FacebookSdk",
        "method": "isLoggingBehaviorEnabled",
        "arguments": "{\"0\":\"<instance: com.facebook.LoggingBehavior>\"}"
    },
    {
        "class": "com.facebook.FacebookSdk",
        "method": "isDebugEnabled",
        "arguments": "{}"
    },
    {
        "class": "com.facebook.FacebookSdk",
        "method": "isLoggingBehaviorEnabled",
        "arguments": "{\"0\":\"<instance: com.facebook.LoggingBehavior>\"}"
    },
    {
        "class": "com.facebook.FacebookSdk",
        "method": "isDebugEnabled",
        "arguments": "{}"
    },
    {
        "class": "com.facebook.FacebookSdk",
        "method": "isLoggingBehaviorEnabled",
        "arguments": "{\"0\":\"<instance: com.facebook.LoggingBehavior>\"}"
    },
    {
        "class": "com.facebook.FacebookSdk",
        "method": "isDebugEnabled",
        "arguments": "{}"
    },
    {
        "class": "com.facebook.FacebookSdk",
        "method": "isLoggingBehaviorEnabled",
        "arguments": "{\"0\":\"<instance: com.facebook.LoggingBehavior>\"}"
    },
    {
        "class": "com.facebook.FacebookSdk",
        "method": "isDebugEnabled",
        "arguments": "{}"
    },
    {
        "class": "com.facebook.FacebookSdk",
        "method": "isLoggingBehaviorEnabled",
        "arguments": "{\"0\":\"<instance: com.facebook.LoggingBehavior>\"}"
    },
    {
        "class": "com.facebook.FacebookSdk",
        "method": "isDebugEnabled",
        "arguments": "{}"
    },
    {
        "class": "com.facebook.FacebookSdk",
        "method": "isFullyInitialized",
        "arguments": "{}"
    },
    {
        "class": "com.facebook.FacebookSdk",
        "method": "isLoggingBehaviorEnabled",
        "arguments": "{\"0\":\"<instance: com.facebook.LoggingBehavior>\"}"
    },
    {
        "class": "com.facebook.FacebookSdk",
        "method": "isDebugEnabled",
        "arguments": "{}"
    },
    {
        "class": "com.facebook.FacebookSdk",
        "method": "isLoggingBehaviorEnabled",
        "arguments": "{\"0\":\"<instance: com.facebook.LoggingBehavior>\"}"
    },
    {
        "class": "com.facebook.FacebookSdk",
        "method": "isDebugEnabled",
        "arguments": "{}"
    },
    {
        "class": "com.facebook.FacebookSdk",
        "method": "isLoggingBehaviorEnabled",
        "arguments": "{\"0\":\"<instance: com.facebook.LoggingBehavior>\"}"
    },
    {
        "class": "com.facebook.FacebookSdk",
        "method": "isDebugEnabled",
        "arguments": "{}"
    },
    {
        "class": "com.facebook.FacebookSdk",
        "method": "getApplicationId",
        "arguments": "{}"
    },
    {
        "class": "com.facebook.FacebookSdk",
        "method": "isInitialized",
        "arguments": "{}"
    },
    {
        "class": "com.facebook.FacebookSdk",
        "method": "getApplicationContext",
        "arguments": "{}"
    },
    {
        "class": "com.facebook.FacebookSdk",
        "method": "isInitialized",
        "arguments": "{}"
    },
    {
        "class": "com.facebook.FacebookSdk",
        "method": "getApplicationContext",
        "arguments": "{}"
    },
    {
        "class": "com.facebook.FacebookSdk",
        "method": "isInitialized",
        "arguments": "{}"
    },
    {
        "class": "com.facebook.FacebookSdk",
        "method": "getApplicationContext",
        "arguments": "{}"
    },
    {
        "class": "com.facebook.FacebookSdk",
        "method": "isInitialized",
        "arguments": "{}"
    },
    {
        "class": "com.facebook.FacebookSdk",
        "method": "getApplicationContext",
        "arguments": "{}"
    },
    {
        "class": "com.facebook.FacebookSdk",
        "method": "isInitialized",
        "arguments": "{}"
    },
    {
        "class": "com.facebook.FacebookSdk",
        "method": "getApplicationId",
        "arguments": "{}"
    },
    {
        "class": "com.facebook.FacebookSdk",
        "method": "isInitialized",
        "arguments": "{}"
    },
    {
        "class": "com.facebook.FacebookSdk",
        "method": "getApplicationId",
        "arguments": "{}"
    },
    {
        "class": "com.facebook.FacebookSdk",
        "method": "isInitialized",
        "arguments": "{}"
    },
    {
        "class": "com.facebook.FacebookSdk",
        "method": "getApplicationId",
        "arguments": "{}"
    },
    {
        "class": "com.facebook.FacebookSdk",
        "method": "isInitialized",
        "arguments": "{}"
    },
    {
        "class": "com.facebook.FacebookSdk",
        "method": "getApplicationId",
        "arguments": "{}"
    },
    {
        "class": "com.facebook.FacebookSdk",
        "method": "isInitialized",
        "arguments": "{}"
    },
    {
        "class": "com.facebook.FacebookSdk",
        "method": "getApplicationId",
        "arguments": "{}"
    },
    {
        "class": "com.facebook.FacebookSdk",
        "method": "isInitialized",
        "arguments": "{}"
    },
    {
        "class": "com.facebook.FacebookSdk",
        "method": "getApplicationId",
        "arguments": "{}"
    },
    {
        "class": "com.facebook.FacebookSdk",
        "method": "isInitialized",
        "arguments": "{}"
    },
    {
        "class": "com.facebook.FacebookSdk",
        "method": "getApplicationContext",
        "arguments": "{}"
    },
    {
        "class": "com.facebook.FacebookSdk",
        "method": "isInitialized",
        "arguments": "{}"
    },
    {
        "class": "com.facebook.FacebookSdk",
        "method": "getApplicationId",
        "arguments": "{}"
    },
    {
        "class": "com.facebook.FacebookSdk",
        "method": "isInitialized",
        "arguments": "{}"
    },
    {
        "class": "com.facebook.FacebookSdk",
        "method": "getApplicationContext",
        "arguments": "{}"
    },
    {
        "class": "com.facebook.FacebookSdk",
        "method": "isInitialized",
        "arguments": "{}"
    },
    {
        "class": "com.ironsource.mediationsdk.IronSource",
        "method": "onResume",
        "arguments": "{\"0\":\"<instance: android.app.Activity, $className: com.tfg.libs.billing.unity.BillingActivity>\"}"
    },
    {
        "class": "com.google.firebase.analytics.FirebaseAnalytics",
        "method": "getInstance",
        "arguments": "{\"0\":\"<instance: android.content.Context, $className: com.tfg.libs.billing.unity.BillingActivity>\"}"
    },
    {
        "class": "com.google.firebase.analytics.FirebaseAnalytics",
        "method": "setUserId",
        "arguments": "{\"0\":\"011a881c254f4078b43e5d675ec0c4ff\"}"
    },
    {
        "class": "com.google.firebase.analytics.FirebaseAnalytics",
        "method": "setAnalyticsCollectionEnabled",
        "arguments": "{\"0\":true}"
    },
    {
        "class": "com.google.firebase.analytics.FirebaseAnalytics",
        "method": "getInstance",
        "arguments": "{\"0\":\"<instance: android.content.Context, $className: android.app.Application>\"}"
    },
    {
        "class": "com.google.firebase.analytics.FirebaseAnalytics",
        "method": "getFirebaseInstanceId",
        "arguments": "{}"
    },
    {
        "class": "com.google.firebase.analytics.FirebaseAnalytics",
        "method": "getInstance",
        "arguments": "{\"0\":\"<instance: android.content.Context, $className: android.app.Application>\"}"
    },
    {
        "class": "com.google.firebase.analytics.FirebaseAnalytics",
        "method": "getFirebaseInstanceId",
        "arguments": "{}"
    },
    {
        "class": "com.ironsource.mediationsdk.IronSource",
        "method": "shouldTrackNetworkState",
        "arguments": "{\"0\":\"<instance: android.content.Context, $className: com.tfg.libs.billing.unity.BillingActivity>\",\"1\":true}"
    },
    {
        "class": "com.ironsource.mediationsdk.IronSource",
        "method": "setUserId",
        "arguments": "{\"0\":\"85e15541-b393-443b-9228-932d4daa690f\"}"
    },
    {
        "class": "com.ironsource.mediationsdk.IronSource",
        "method": "setConsent",
        "arguments": "{\"0\":true}"
    },
    {
        "class": "com.ironsource.mediationsdk.IronSource",
        "method": "setSegmentListener",
        "arguments": "{\"0\":\"<instance: com.ironsource.mediationsdk.sdk.SegmentListener, $className: com.ironsource.unity.androidbridge.AndroidBridge>\"}"
    },
    {
        "class": "com.ironsource.mediationsdk.IronSource",
        "method": "setSegment",
        "arguments": "{\"0\":\"<instance: com.ironsource.mediationsdk.IronSourceSegment>\"}"
    },
    {
        "class": "com.ironsource.mediationsdk.IronSource",
        "method": "init",
        "arguments": "{\"0\":\"<instance: android.content.Context, $className: com.tfg.libs.billing.unity.BillingActivity>\",\"1\":\"681fd8a5\",\"2\":\"<instance: com.ironsource.mediationsdk.sdk.InitializationListener, $className: com.ironsource.unity.androidbridge.AndroidBridge>\"}"
    },
    {
        "class": "com.ironsource.mediationsdk.IronSource",
        "method": "init",
        "arguments": "{\"0\":\"<instance: android.content.Context, $className: com.tfg.libs.billing.unity.BillingActivity>\",\"1\":\"681fd8a5\",\"2\":\"<instance: com.ironsource.mediationsdk.sdk.InitializationListener, $className: com.ironsource.unity.androidbridge.AndroidBridge>\",\"3\":null}"
    },
    {
        "class": "com.facebook.FacebookSdk",
        "method": "isLoggingBehaviorEnabled",
        "arguments": "{\"0\":\"<instance: com.facebook.LoggingBehavior>\"}"
    },
    {
        "class": "com.facebook.FacebookSdk",
        "method": "isDebugEnabled",
        "arguments": "{}"
    },
    {
        "class": "com.facebook.FacebookSdk",
        "method": "getApplicationContext",
        "arguments": "{}"
    },
    {
        "class": "com.facebook.FacebookSdk",
        "method": "isInitialized",
        "arguments": "{}"
    },
    {
        "class": "com.facebook.FacebookSdk",
        "method": "getApplicationId",
        "arguments": "{}"
    },
    {
        "class": "com.ironsource.mediationsdk.IronSource",
        "method": "onPause",
        "arguments": "{\"0\":\"<instance: android.app.Activity, $className: com.tfg.libs.billing.unity.BillingActivity>\"}"
    },
    {
        "class": "com.facebook.FacebookSdk",
        "method": "isInitialized",
        "arguments": "{}"
    },
    {
        "class": "com.facebook.FacebookSdk",
        "method": "getApplicationContext",
        "arguments": "{}"
    },
    {
        "class": "com.facebook.FacebookSdk",
        "method": "isInitialized",
        "arguments": "{}"
    },
    {
        "class": "com.google.firebase.analytics.FirebaseAnalytics",
        "method": "getInstance",
        "arguments": "{\"0\":\"<instance: android.content.Context, $className: android.app.Application>\"}"
    },
    {
        "class": "com.google.firebase.analytics.FirebaseAnalytics",
        "method": "getFirebaseInstanceId",
        "arguments": "{}"
    },
    {
        "class": "com.facebook.FacebookSdk",
        "method": "isLoggingBehaviorEnabled",
        "arguments": "{\"0\":\"<instance: com.facebook.LoggingBehavior>\"}"
    },
    {
        "class": "com.facebook.FacebookSdk",
        "method": "isDebugEnabled",
        "arguments": "{}"
    },
    {
        "class": "com.facebook.FacebookSdk",
        "method": "isLoggingBehaviorEnabled",
        "arguments": "{\"0\":\"<instance: com.facebook.LoggingBehavior>\"}"
    },
    {
        "class": "com.facebook.FacebookSdk",
        "method": "isDebugEnabled",
        "arguments": "{}"
    },
    {
        "class": "com.facebook.FacebookSdk",
        "method": "isLoggingBehaviorEnabled",
        "arguments": "{\"0\":\"<instance: com.facebook.LoggingBehavior>\"}"
    },
    {
        "class": "com.facebook.FacebookSdk",
        "method": "isDebugEnabled",
        "arguments": "{}"
    },
    {
        "class": "com.facebook.FacebookSdk",
        "method": "getApplicationId",
        "arguments": "{}"
    },
    {
        "class": "com.facebook.FacebookSdk",
        "method": "isInitialized",
        "arguments": "{}"
    },
    {
        "class": "com.facebook.FacebookSdk",
        "method": "getApplicationContext",
        "arguments": "{}"
    },
    {
        "class": "com.facebook.FacebookSdk",
        "method": "isInitialized",
        "arguments": "{}"
    },
    {
        "class": "com.facebook.FacebookSdk",
        "method": "getApplicationContext",
        "arguments": "{}"
    },
    {
        "class": "com.facebook.FacebookSdk",
        "method": "isInitialized",
        "arguments": "{}"
    },
    {
        "class": "com.facebook.FacebookSdk",
        "method": "getApplicationContext",
        "arguments": "{}"
    },
    {
        "class": "com.facebook.FacebookSdk",
        "method": "isInitialized",
        "arguments": "{}"
    },
    {
        "class": "com.facebook.FacebookSdk",
        "method": "getApplicationContext",
        "arguments": "{}"
    },
    {
        "class": "com.facebook.FacebookSdk",
        "method": "isInitialized",
        "arguments": "{}"
    },
    {
        "class": "com.facebook.FacebookSdk",
        "method": "getApplicationId",
        "arguments": "{}"
    },
    {
        "class": "com.facebook.FacebookSdk",
        "method": "isInitialized",
        "arguments": "{}"
    },
    {
        "class": "com.facebook.FacebookSdk",
        "method": "getApplicationId",
        "arguments": "{}"
    },
    {
        "class": "com.facebook.FacebookSdk",
        "method": "isInitialized",
        "arguments": "{}"
    },
    {
        "class": "com.facebook.FacebookSdk",
        "method": "getApplicationId",
        "arguments": "{}"
    },
    {
        "class": "com.facebook.FacebookSdk",
        "method": "isInitialized",
        "arguments": "{}"
    },
    {
        "class": "com.facebook.FacebookSdk",
        "method": "getApplicationId",
        "arguments": "{}"
    },
    {
        "class": "com.facebook.FacebookSdk",
        "method": "isInitialized",
        "arguments": "{}"
    },
    {
        "class": "com.facebook.FacebookSdk",
        "method": "getApplicationId",
        "arguments": "{}"
    },
    {
        "class": "com.facebook.FacebookSdk",
        "method": "isInitialized",
        "arguments": "{}"
    },
    {
        "class": "com.facebook.FacebookSdk",
        "method": "getApplicationId",
        "arguments": "{}"
    },
    {
        "class": "com.facebook.FacebookSdk",
        "method": "isInitialized",
        "arguments": "{}"
    },
    {
        "class": "com.facebook.FacebookSdk",
        "method": "getApplicationContext",
        "arguments": "{}"
    },
    {
        "class": "com.facebook.FacebookSdk",
        "method": "isInitialized",
        "arguments": "{}"
    },
    {
        "class": "com.facebook.FacebookSdk",
        "method": "getApplicationId",
        "arguments": "{}"
    },
    {
        "class": "com.facebook.FacebookSdk",
        "method": "isInitialized",
        "arguments": "{}"
    },
    {
        "class": "com.facebook.FacebookSdk",
        "method": "getApplicationContext",
        "arguments": "{}"
    },
    {
        "class": "com.facebook.FacebookSdk",
        "method": "isInitialized",
        "arguments": "{}"
    },
    {
        "class": "com.facebook.FacebookSdk",
        "method": "isLoggingBehaviorEnabled",
        "arguments": "{\"0\":\"<instance: com.facebook.LoggingBehavior>\"}"
    },
    {
        "class": "com.facebook.FacebookSdk",
        "method": "isDebugEnabled",
        "arguments": "{}"
    },
    {
        "class": "com.facebook.FacebookSdk",
        "method": "getApplicationContext",
        "arguments": "{}"
    },
    {
        "class": "com.facebook.FacebookSdk",
        "method": "isInitialized",
        "arguments": "{}"
    },
    {
        "class": "com.facebook.FacebookSdk",
        "method": "getApplicationId",
        "arguments": "{}"
    },
    {
        "class": "com.facebook.FacebookSdk",
        "method": "isInitialized",
        "arguments": "{}"
    },
    {
        "class": "com.facebook.FacebookSdk",
        "method": "getApplicationContext",
        "arguments": "{}"
    },
    {
        "class": "com.facebook.FacebookSdk",
        "method": "isInitialized",
        "arguments": "{}"
    },
    {
        "class": "com.google.firebase.analytics.FirebaseAnalytics",
        "method": "getInstance",
        "arguments": "{\"0\":\"<instance: android.content.Context, $className: android.app.Application>\"}"
    },
    {
        "class": "com.google.firebase.analytics.FirebaseAnalytics",
        "method": "getFirebaseInstanceId",
        "arguments": "{}"
    },
    {
        "class": "com.applovin.sdk.AppLovinPrivacySettings",
        "method": "setHasUserConsent",
        "arguments": "{\"0\":true,\"1\":\"<instance: android.content.Context, $className: android.app.Application>\"}"
    },
    {
        "class": "com.applovin.sdk.AppLovinSdk",
        "method": "reinitializeAll",
        "arguments": "{\"0\":\"<instance: java.lang.Boolean>\",\"1\":null,\"2\":null}"
    },
    {
        "class": "com.unity3d.ads.UnityAds",
        "method": "getVersion",
        "arguments": "{}"
    },
    {
        "class": "com.unity3d.ads.metadata.MetaData",
        "method": "set",
        "arguments": "{\"0\":\"gdpr.consent\",\"1\":\"<instance: java.lang.Object, $className: java.lang.Boolean>\"}"
    },
    {
        "class": "com.unity3d.ads.metadata.MetaData",
        "method": "getActualKey",
        "arguments": "{\"0\":\"gdpr.consent\"}"
    },
    {
        "class": "com.unity3d.ads.metadata.MetaData",
        "method": "getCategory",
        "arguments": "{}"
    },
    {
        "class": "com.unity3d.ads.metadata.MetaData",
        "method": "getActualKey",
        "arguments": "{\"0\":\"gdpr.consent\"}"
    },
    {
        "class": "com.unity3d.ads.metadata.MetaData",
        "method": "getCategory",
        "arguments": "{}"
    },
    {
        "class": "com.unity3d.ads.metadata.MetaData",
        "method": "commit",
        "arguments": "{}"
    },
    {
        "class": "com.unity3d.ads.metadata.MetaData",
        "method": "setCategory",
        "arguments": "{\"0\":\"mediation\"}"
    },
    {
        "class": "com.unity3d.ads.metadata.MetaData",
        "method": "set",
        "arguments": "{\"0\":\"name\",\"1\":\"<instance: java.lang.Object, $className: java.lang.String>\"}"
    },
    {
        "class": "com.unity3d.ads.metadata.MetaData",
        "method": "getActualKey",
        "arguments": "{\"0\":\"name\"}"
    },
    {
        "class": "com.unity3d.ads.metadata.MetaData",
        "method": "getCategory",
        "arguments": "{}"
    },
    {
        "class": "com.unity3d.ads.metadata.MetaData",
        "method": "getCategory",
        "arguments": "{}"
    },
    {
        "class": "com.unity3d.ads.metadata.MetaData",
        "method": "getActualKey",
        "arguments": "{\"0\":\"name\"}"
    },
    {
        "class": "com.unity3d.ads.metadata.MetaData",
        "method": "getCategory",
        "arguments": "{}"
    },
    {
        "class": "com.unity3d.ads.metadata.MetaData",
        "method": "getCategory",
        "arguments": "{}"
    },
    {
        "class": "com.unity3d.ads.metadata.MetaData",
        "method": "set",
        "arguments": "{\"0\":\"version\",\"1\":\"<instance: java.lang.Object, $className: java.lang.String>\"}"
    },
    {
        "class": "com.unity3d.ads.metadata.MetaData",
        "method": "getActualKey",
        "arguments": "{\"0\":\"version\"}"
    },
    {
        "class": "com.unity3d.ads.metadata.MetaData",
        "method": "getCategory",
        "arguments": "{}"
    },
    {
        "class": "com.unity3d.ads.metadata.MetaData",
        "method": "getCategory",
        "arguments": "{}"
    },
    {
        "class": "com.unity3d.ads.metadata.MetaData",
        "method": "getActualKey",
        "arguments": "{\"0\":\"version\"}"
    },
    {
        "class": "com.unity3d.ads.metadata.MetaData",
        "method": "getCategory",
        "arguments": "{}"
    },
    {
        "class": "com.unity3d.ads.metadata.MetaData",
        "method": "getCategory",
        "arguments": "{}"
    },
    {
        "class": "com.unity3d.ads.metadata.MetaData",
        "method": "set",
        "arguments": "{\"0\":\"adapter_version\",\"1\":\"<instance: java.lang.Object, $className: java.lang.String>\"}"
    },
    {
        "class": "com.unity3d.ads.metadata.MetaData",
        "method": "getActualKey",
        "arguments": "{\"0\":\"adapter_version\"}"
    },
    {
        "class": "com.unity3d.ads.metadata.MetaData",
        "method": "getCategory",
        "arguments": "{}"
    },
    {
        "class": "com.unity3d.ads.metadata.MetaData",
        "method": "getCategory",
        "arguments": "{}"
    },
    {
        "class": "com.unity3d.ads.metadata.MetaData",
        "method": "getActualKey",
        "arguments": "{\"0\":\"adapter_version\"}"
    },
    {
        "class": "com.unity3d.ads.metadata.MetaData",
        "method": "getCategory",
        "arguments": "{}"
    },
    {
        "class": "com.unity3d.ads.metadata.MetaData",
        "method": "getCategory",
        "arguments": "{}"
    },
    {
        "class": "com.unity3d.ads.metadata.MetaData",
        "method": "commit",
        "arguments": "{}"
    },
    {
        "class": "com.unity3d.ads.metadata.MetaData",
        "method": "set",
        "arguments": "{\"0\":\"adsGatewayV2\",\"1\":\"<instance: java.lang.Object, $className: java.lang.Boolean>\"}"
    },
    {
        "class": "com.unity3d.ads.metadata.MetaData",
        "method": "getActualKey",
        "arguments": "{\"0\":\"adsGatewayV2\"}"
    },
    {
        "class": "com.unity3d.ads.metadata.MetaData",
        "method": "getCategory",
        "arguments": "{}"
    },
    {
        "class": "com.unity3d.ads.metadata.MetaData",
        "method": "getActualKey",
        "arguments": "{\"0\":\"adsGatewayV2\"}"
    },
    {
        "class": "com.unity3d.ads.metadata.MetaData",
        "method": "getCategory",
        "arguments": "{}"
    },
    {
        "class": "com.unity3d.ads.metadata.MetaData",
        "method": "commit",
        "arguments": "{}"
    },
    {
        "class": "com.unity3d.ads.UnityAds",
        "method": "setDebugMode",
        "arguments": "{\"0\":false}"
    },
    {
        "class": "com.unity3d.ads.UnityAds",
        "method": "initialize",
        "arguments": "{\"0\":\"<instance: android.content.Context, $className: android.app.Application>\",\"1\":\"20956\",\"2\":false,\"3\":\"<instance: com.unity3d.ads.IUnityAdsInitializationListener, $className: com.ironsource.adapters.unityads.UnityAdsAdapter>\"}"
    },
    {
        "class": "com.unity3d.ads.UnityAds",
        "method": "getToken",
        "arguments": "{\"0\":\"<instance: com.unity3d.ads.IUnityAdsTokenListener, $className: com.ironsource.adapters.unityads.UnityAdsAdapter$1>\"}"
    },
    {
        "class": "com.google.android.gms.ads.MobileAds",
        "method": "getVersion",
        "arguments": "{}"
    },
    {
        "class": "com.google.android.gms.ads.RequestConfiguration$Builder",
        "method": "build",
        "arguments": "{}"
    },
    {
        "class": "com.facebook.ads.AudienceNetworkAds",
        "method": "buildInitSettings",
        "arguments": "{\"0\":\"<instance: android.content.Context, $className: android.app.Application>\"}"
    },
    {
        "class": "com.facebook.ads.AdSettings",
        "method": "setMediationService",
        "arguments": "{\"0\":\"ironSource_7.9.0:4.3.45\"}"
    },
    {
        "class": "com.google.android.gms.ads.MobileAds",
        "method": "getVersion",
        "arguments": "{}"
    },
    {
        "class": "com.google.android.gms.ads.MobileAds",
        "method": "disableMediationAdapterInitialization",
        "arguments": "{\"0\":\"<instance: android.content.Context, $className: android.app.Application>\"}"
    },
    {
        "class": "com.facebook.ads.AdSettings",
        "method": "getTestAdType",
        "arguments": "{}"
    },
    {
        "class": "com.facebook.ads.AdSettings",
        "method": "isTestMode",
        "arguments": "{\"0\":\"<instance: android.content.Context, $className: com.facebook.ads.redexgen.X.Y9>\"}"
    },
    {
        "class": "com.facebook.ads.AdSettings",
        "method": "isMixedAudience",
        "arguments": "{}"
    },
    {
        "class": "com.google.android.gms.ads.MobileAds",
        "method": "initialize",
        "arguments": "{\"0\":\"<instance: android.content.Context, $className: android.app.Application>\"}"
    },
    {
        "class": "com.google.android.gms.ads.RequestConfiguration",
        "method": "getTagForChildDirectedTreatment",
        "arguments": "{}"
    },
    {
        "class": "com.google.android.gms.ads.RequestConfiguration",
        "method": "getTagForUnderAgeOfConsent",
        "arguments": "{}"
    },
    {
        "class": "com.vungle.ads.VungleAds",
        "method": "access$getVungleInternal$cp",
        "arguments": "{}"
    },
    {
        "class": "com.vungle.ads.VunglePrivacySettings",
        "method": "setGDPRStatus",
        "arguments": "{\"0\":true,\"1\":\"1.0.0\"}"
    },
    {
        "class": "com.vungle.ads.VungleAds",
        "method": "access$getInitializer$cp",
        "arguments": "{}"
    },
    {
        "class": "com.vungle.ads.VungleAds",
        "method": "access$getInitializer$cp",
        "arguments": "{}"
    },
    {
        "class": "com.chartboost.sdk.Chartboost",
        "method": "getSDKVersion",
        "arguments": "{}"
    },
    {
        "class": "com.facebook.FacebookSdk",
        "method": "getApplicationContext",
        "arguments": "{}"
    },
    {
        "class": "com.facebook.FacebookSdk",
        "method": "isInitialized",
        "arguments": "{}"
    },
    {
        "class": "com.facebook.FacebookSdk",
        "method": "getApplicationContext",
        "arguments": "{}"
    },
    {
        "class": "com.facebook.FacebookSdk",
        "method": "isInitialized",
        "arguments": "{}"
    },
    {
        "class": "com.facebook.FacebookSdk",
        "method": "getLimitEventAndDataUsage",
        "arguments": "{\"0\":\"<instance: android.content.Context, $className: android.app.Application>\"}"
    },
    {
        "class": "com.facebook.FacebookSdk",
        "method": "isInitialized",
        "arguments": "{}"
    },
    {
        "class": "com.facebook.FacebookSdk",
        "method": "isLoggingBehaviorEnabled",
        "arguments": "{\"0\":\"<instance: com.facebook.LoggingBehavior>\"}"
    },
    {
        "class": "com.facebook.FacebookSdk",
        "method": "isDebugEnabled",
        "arguments": "{}"
    },
    {
        "class": "com.facebook.FacebookSdk",
        "method": "isLoggingBehaviorEnabled",
        "arguments": "{\"0\":\"<instance: com.facebook.LoggingBehavior>\"}"
    },
    {
        "class": "com.facebook.FacebookSdk",
        "method": "isDebugEnabled",
        "arguments": "{}"
    },
    {
        "class": "com.facebook.FacebookSdk",
        "method": "getGraphApiVersion",
        "arguments": "{}"
    },
    {
        "class": "com.facebook.FacebookSdk",
        "method": "isDebugEnabled",
        "arguments": "{}"
    },
    {
        "class": "com.facebook.FacebookSdk",
        "method": "getApplicationContext",
        "arguments": "{}"
    },
    {
        "class": "com.facebook.FacebookSdk",
        "method": "isInitialized",
        "arguments": "{}"
    },
    {
        "class": "com.facebook.FacebookSdk",
        "method": "getApplicationContext",
        "arguments": "{}"
    },
    {
        "class": "com.facebook.FacebookSdk",
        "method": "isInitialized",
        "arguments": "{}"
    },
    {
        "class": "com.facebook.FacebookSdk",
        "method": "getApplicationContext",
        "arguments": "{}"
    },
    {
        "class": "com.facebook.FacebookSdk",
        "method": "isInitialized",
        "arguments": "{}"
    },
    {
        "class": "com.google.android.gms.ads.MobileAds",
        "method": "getVersion",
        "arguments": "{}"
    },
    {
        "class": "com.unity3d.ads.UnityAds",
        "method": "getVersion",
        "arguments": "{}"
    },
    {
        "class": "com.google.android.gms.ads.AdRequest$Builder",
        "method": "setRequestAgent",
        "arguments": "{\"0\":\"unity\"}"
    },
    {
        "class": "com.vungle.ads.VungleAds",
        "method": "access$getVungleInternal$cp",
        "arguments": "{}"
    },
    {
        "class": "com.vungle.ads.VungleAds",
        "method": "access$getVungleInternal$cp",
        "arguments": "{}"
    },
    {
        "class": "com.unity3d.ads.UnityAds",
        "method": "getToken",
        "arguments": "{\"0\":\"<instance: com.unity3d.ads.IUnityAdsTokenListener, $className: com.ironsource.adapters.unityads.UnityAdsAdapter$1>\"}"
    },
    {
        "class": "com.google.android.gms.ads.AdRequest$Builder",
        "method": "addNetworkExtrasBundle",
        "arguments": "{\"0\":\"<instance: java.lang.Class>\",\"1\":\"<instance: android.os.Bundle>\"}"
    },
    {
        "class": "com.google.android.gms.ads.AdRequest$Builder",
        "method": "build",
        "arguments": "{}"
    },
    {
        "class": "com.google.android.gms.ads.AdRequest",
        "method": "zza",
        "arguments": "{}"
    },
    {
        "class": "com.vungle.ads.VungleAds",
        "method": "access$getVungleInternal$cp",
        "arguments": "{}"
    },
    {
        "class": "com.google.android.gms.ads.RequestConfiguration",
        "method": "getTestDeviceIds",
        "arguments": "{}"
    },
    {
        "class": "com.google.android.gms.ads.RequestConfiguration",
        "method": "getTagForChildDirectedTreatment",
        "arguments": "{}"
    },
    {
        "class": "com.google.android.gms.ads.RequestConfiguration",
        "method": "getMaxAdContentRating",
        "arguments": "{}"
    },
    {
        "class": "com.google.android.gms.ads.RequestConfiguration",
        "method": "getTagForUnderAgeOfConsent",
        "arguments": "{}"
    },
    {
        "class": "com.google.firebase.analytics.FirebaseAnalytics",
        "method": "getScionFrontendApiImplementation",
        "arguments": "{\"0\":\"<instance: android.content.Context, $className: android.app.Application>\",\"1\":null}"
    },
    {
        "class": "com.google.android.gms.ads.MobileAds",
        "method": "getVersion",
        "arguments": "{}"
    },
    {
        "class": "com.unity3d.ads.UnityAds",
        "method": "getVersion",
        "arguments": "{}"
    },
    {
        "class": "com.google.android.gms.ads.MobileAds",
        "method": "getVersion",
        "arguments": "{}"
    },
    {
        "class": "com.vungle.ads.VungleAds",
        "method": "access$getVungleInternal$cp",
        "arguments": "{}"
    },
    {
        "class": "com.google.android.gms.ads.MobileAds",
        "method": "getInitializationStatus",
        "arguments": "{}"
    },
    {
        "class": "com.applovin.sdk.AppLovinSdk",
        "method": "getInstance",
        "arguments": "{\"0\":\"Wo5TCD1k8qrCIwuMaU7_U6QXKZU5JWDqJIMWVOEdC4rV-itZC-Tg5-DQXiVrEifX012WPG8cK-6JhztuyQZ2On\",\"1\":\"<instance: com.applovin.sdk.AppLovinSdkSettings>\",\"2\":\"<instance: android.content.Context, $className: android.app.Application>\"}"
    }
]