[
    {
        "class": "com.facebook.FacebookSdk",
        "method": "sdkInitialize",
        "arguments": "{\"0\":\"<instance: android.content.Context, $className: com.safedk.android.SafeDKApplication>\"}"
    },
    {
        "class": "com.facebook.FacebookSdk",
        "method": "sdkInitialize",
        "arguments": "{\"0\":\"<instance: android.content.Context, $className: com.safedk.android.SafeDKApplication>\",\"1\":null}"
    },
    {
        "class": "com.facebook.FacebookSdk",
        "method": "loadDefaultsFromMetadata$facebook_core_release",
        "arguments": "{\"0\":\"<instance: android.content.Context, $className: com.safedk.android.SafeDKApplication>\"}"
    },
    {
        "class": "com.facebook.FacebookSdk",
        "method": "getAutoInitEnabled",
        "arguments": "{}"
    },
    {
        "class": "com.facebook.FacebookSdk",
        "method": "isInitialized",
        "arguments": "{}"
    },
    {
        "class": "com.facebook.FacebookSdk",
        "method": "getApplicationContext",
        "arguments": "{}"
    },
    {
        "class": "com.facebook.FacebookSdk",
        "method": "isInitialized",
        "arguments": "{}"
    },
    {
        "class": "com.facebook.FacebookSdk",
        "method": "getApplicationContext",
        "arguments": "{}"
    },
    {
        "class": "com.facebook.FacebookSdk",
        "method": "isInitialized",
        "arguments": "{}"
    },
    {
        "class": "com.facebook.FacebookSdk",
        "method": "getApplicationContext",
        "arguments": "{}"
    },
    {
        "class": "com.facebook.FacebookSdk",
        "method": "isInitialized",
        "arguments": "{}"
    },
    {
        "class": "com.facebook.FacebookSdk",
        "method": "getApplicationContext",
        "arguments": "{}"
    },
    {
        "class": "com.facebook.FacebookSdk",
        "method": "isInitialized",
        "arguments": "{}"
    },
    {
        "class": "com.facebook.FacebookSdk",
        "method": "getExecutor",
        "arguments": "{}"
    },
    {
        "class": "com.facebook.FacebookSdk",
        "method": "getApplicationId",
        "arguments": "{}"
    },
    {
        "class": "com.facebook.FacebookSdk",
        "method": "getApplicationContext",
        "arguments": "{}"
    },
    {
        "class": "com.facebook.FacebookSdk",
        "method": "isInitialized",
        "arguments": "{}"
    },
    {
        "class": "com.facebook.FacebookSdk",
        "method": "isInitialized",
        "arguments": "{}"
    },
    {
        "class": "com.facebook.FacebookSdk",
        "method": "isInitialized",
        "arguments": "{}"
    },
    {
        "class": "com.facebook.FacebookSdk",
        "method": "isLoggingBehaviorEnabled",
        "arguments": "{\"0\":\"<instance: com.facebook.LoggingBehavior>\"}"
    },
    {
        "class": "com.facebook.FacebookSdk",
        "method": "isInitialized",
        "arguments": "{}"
    },
    {
        "class": "com.facebook.FacebookSdk",
        "method": "isDebugEnabled",
        "arguments": "{}"
    },
    {
        "class": "com.facebook.FacebookSdk",
        "method": "getApplicationContext",
        "arguments": "{}"
    },
    {
        "class": "com.facebook.FacebookSdk",
        "method": "isLoggingBehaviorEnabled",
        "arguments": "{\"0\":\"<instance: com.facebook.LoggingBehavior>\"}"
    },
    {
        "class": "com.facebook.FacebookSdk",
        "method": "isDebugEnabled",
        "arguments": "{}"
    },
    {
        "class": "com.facebook.FacebookSdk",
        "method": "isInitialized",
        "arguments": "{}"
    },
    {
        "class": "com.facebook.FacebookSdk",
        "method": "getGraphApiVersion",
        "arguments": "{}"
    },
    {
        "class": "com.facebook.FacebookSdk",
        "method": "isDebugEnabled",
        "arguments": "{}"
    },
    {
        "class": "com.facebook.FacebookSdk",
        "method": "isInitialized",
        "arguments": "{}"
    },
    {
        "class": "com.facebook.FacebookSdk",
        "method": "getGraphDomain",
        "arguments": "{}"
    },
    {
        "class": "com.facebook.FacebookSdk",
        "method": "getApplicationContext",
        "arguments": "{}"
    },
    {
        "class": "com.facebook.FacebookSdk",
        "method": "isInitialized",
        "arguments": "{}"
    },
    {
        "class": "com.facebook.FacebookSdk",
        "method": "getApplicationContext",
        "arguments": "{}"
    },
    {
        "class": "com.facebook.FacebookSdk",
        "method": "isInitialized",
        "arguments": "{}"
    },
    {
        "class": "com.facebook.FacebookSdk",
        "method": "getFacebookDomain",
        "arguments": "{}"
    },
    {
        "class": "com.facebook.FacebookSdk",
        "method": "getApplicationContext",
        "arguments": "{}"
    },
    {
        "class": "com.facebook.FacebookSdk",
        "method": "getGraphDomain",
        "arguments": "{}"
    },
    {
        "class": "com.facebook.FacebookSdk",
        "method": "isInitialized",
        "arguments": "{}"
    },
    {
        "class": "com.facebook.FacebookSdk",
        "method": "getFacebookDomain",
        "arguments": "{}"
    },
    {
        "class": "com.facebook.FacebookSdk",
        "method": "getApplicationId",
        "arguments": "{}"
    },
    {
        "class": "com.facebook.FacebookSdk",
        "method": "getApplicationId",
        "arguments": "{}"
    },
    {
        "class": "com.facebook.FacebookSdk",
        "method": "isInitialized",
        "arguments": "{}"
    },
    {
        "class": "com.facebook.FacebookSdk",
        "method": "isInitialized",
        "arguments": "{}"
    },
    {
        "class": "com.facebook.FacebookSdk",
        "method": "getClientToken",
        "arguments": "{}"
    },
    {
        "class": "com.facebook.FacebookSdk",
        "method": "getAutoLogAppEventsEnabled",
        "arguments": "{}"
    },
    {
        "class": "com.facebook.FacebookSdk",
        "method": "isInitialized",
        "arguments": "{}"
    },
    {
        "class": "com.facebook.FacebookSdk",
        "method": "isInitialized",
        "arguments": "{}"
    },
    {
        "class": "com.facebook.FacebookSdk",
        "method": "getGraphDomain",
        "arguments": "{}"
    },
    {
        "class": "com.facebook.FacebookSdk",
        "method": "getApplicationContext",
        "arguments": "{}"
    },
    {
        "class": "com.facebook.FacebookSdk",
        "method": "getFacebookDomain",
        "arguments": "{}"
    },
    {
        "class": "com.facebook.FacebookSdk",
        "method": "getApplicationId",
        "arguments": "{}"
    },
    {
        "class": "com.facebook.FacebookSdk",
        "method": "isInitialized",
        "arguments": "{}"
    },
    {
        "class": "com.facebook.FacebookSdk",
        "method": "isInitialized",
        "arguments": "{}"
    },
    {
        "class": "com.facebook.FacebookSdk",
        "method": "getApplicationId",
        "arguments": "{}"
    },
    {
        "class": "com.facebook.FacebookSdk",
        "method": "getClientToken",
        "arguments": "{}"
    },
    {
        "class": "com.facebook.FacebookSdk",
        "method": "isInitialized",
        "arguments": "{}"
    },
    {
        "class": "com.facebook.FacebookSdk",
        "method": "isLoggingBehaviorEnabled",
        "arguments": "{\"0\":\"<instance: com.facebook.LoggingBehavior>\"}"
    },
    {
        "class": "com.facebook.FacebookSdk",
        "method": "isInitialized",
        "arguments": "{}"
    },
    {
        "class": "com.facebook.FacebookSdk",
        "method": "isDebugEnabled",
        "arguments": "{}"
    },
    {
        "class": "com.facebook.FacebookSdk",
        "method": "isLoggingBehaviorEnabled",
        "arguments": "{\"0\":\"<instance: com.facebook.LoggingBehavior>\"}"
    },
    {
        "class": "com.facebook.FacebookSdk",
        "method": "isDebugEnabled",
        "arguments": "{}"
    },
    {
        "class": "com.facebook.FacebookSdk",
        "method": "isLoggingBehaviorEnabled",
        "arguments": "{\"0\":\"<instance: com.facebook.LoggingBehavior>\"}"
    },
    {
        "class": "com.facebook.FacebookSdk",
        "method": "getApplicationId",
        "arguments": "{}"
    },
    {
        "class": "com.facebook.FacebookSdk",
        "method": "isDebugEnabled",
        "arguments": "{}"
    },
    {
        "class": "com.facebook.FacebookSdk",
        "method": "isLoggingBehaviorEnabled",
        "arguments": "{\"0\":\"<instance: com.facebook.LoggingBehavior>\"}"
    },
    {
        "class": "com.facebook.FacebookSdk",
        "method": "isInitialized",
        "arguments": "{}"
    },
    {
        "class": "com.facebook.FacebookSdk",
        "method": "isDebugEnabled",
        "arguments": "{}"
    },
    {
        "class": "com.facebook.FacebookSdk",
        "method": "isLoggingBehaviorEnabled",
        "arguments": "{\"0\":\"<instance: com.facebook.LoggingBehavior>\"}"
    },
    {
        "class": "com.facebook.FacebookSdk",
        "method": "getApplicationId",
        "arguments": "{}"
    },
    {
        "class": "com.facebook.FacebookSdk",
        "method": "isDebugEnabled",
        "arguments": "{}"
    },
    {
        "class": "com.facebook.FacebookSdk",
        "method": "isLoggingBehaviorEnabled",
        "arguments": "{\"0\":\"<instance: com.facebook.LoggingBehavior>\"}"
    },
    {
        "class": "com.facebook.FacebookSdk",
        "method": "isInitialized",
        "arguments": "{}"
    },
    {
        "class": "com.facebook.FacebookSdk",
        "method": "isDebugEnabled",
        "arguments": "{}"
    },
    {
        "class": "com.facebook.FacebookSdk",
        "method": "isLoggingBehaviorEnabled",
        "arguments": "{\"0\":\"<instance: com.facebook.LoggingBehavior>\"}"
    },
    {
        "class": "com.facebook.FacebookSdk",
        "method": "getApplicationContext",
        "arguments": "{}"
    },
    {
        "class": "com.facebook.FacebookSdk",
        "method": "isDebugEnabled",
        "arguments": "{}"
    },
    {
        "class": "com.facebook.FacebookSdk",
        "method": "isLoggingBehaviorEnabled",
        "arguments": "{\"0\":\"<instance: com.facebook.LoggingBehavior>\"}"
    },
    {
        "class": "com.facebook.FacebookSdk",
        "method": "isDebugEnabled",
        "arguments": "{}"
    },
    {
        "class": "com.facebook.FacebookSdk",
        "method": "isInitialized",
        "arguments": "{}"
    },
    {
        "class": "com.facebook.FacebookSdk",
        "method": "isLoggingBehaviorEnabled",
        "arguments": "{\"0\":\"<instance: com.facebook.LoggingBehavior>\"}"
    },
    {
        "class": "com.facebook.FacebookSdk",
        "method": "getExecutor",
        "arguments": "{}"
    },
    {
        "class": "com.facebook.FacebookSdk",
        "method": "isDebugEnabled",
        "arguments": "{}"
    },
    {
        "class": "com.facebook.FacebookSdk",
        "method": "getSdkVersion",
        "arguments": "{}"
    },
    {
        "class": "com.facebook.FacebookSdk",
        "method": "isLoggingBehaviorEnabled",
        "arguments": "{\"0\":\"<instance: com.facebook.LoggingBehavior>\"}"
    },
    {
        "class": "com.facebook.FacebookSdk",
        "method": "isDebugEnabled",
        "arguments": "{}"
    },
    {
        "class": "com.facebook.FacebookSdk",
        "method": "isLoggingBehaviorEnabled",
        "arguments": "{\"0\":\"<instance: com.facebook.LoggingBehavior>\"}"
    },
    {
        "class": "com.facebook.FacebookSdk",
        "method": "getApplicationContext",
        "arguments": "{}"
    },
    {
        "class": "com.facebook.FacebookSdk",
        "method": "isDebugEnabled",
        "arguments": "{}"
    },
    {
        "class": "com.facebook.FacebookSdk",
        "method": "getApplicationContext",
        "arguments": "{}"
    },
    {
        "class": "com.facebook.FacebookSdk",
        "method": "getGraphApiVersion",
        "arguments": "{}"
    },
    {
        "class": "com.facebook.FacebookSdk",
        "method": "isInitialized",
        "arguments": "{}"
    },
    {
        "class": "com.facebook.FacebookSdk",
        "method": "isDebugEnabled",
        "arguments": "{}"
    },
    {
        "class": "com.facebook.FacebookSdk",
        "method": "isInitialized",
        "arguments": "{}"
    },
    {
        "class": "com.facebook.FacebookSdk",
        "method": "getGraphDomain",
        "arguments": "{}"
    },
    {
        "class": "com.facebook.FacebookSdk",
        "method": "getFacebookDomain",
        "arguments": "{}"
    },
    {
        "class": "com.facebook.FacebookSdk",
        "method": "getApplicationContext",
        "arguments": "{}"
    },
    {
        "class": "com.facebook.FacebookSdk",
        "method": "getGraphDomain",
        "arguments": "{}"
    },
    {
        "class": "com.facebook.FacebookSdk",
        "method": "getFacebookDomain",
        "arguments": "{}"
    },
    {
        "class": "com.facebook.FacebookSdk",
        "method": "isInitialized",
        "arguments": "{}"
    },
    {
        "class": "com.facebook.FacebookSdk",
        "method": "getApplicationId",
        "arguments": "{}"
    },
    {
        "class": "com.facebook.FacebookSdk",
        "method": "getApplicationContext",
        "arguments": "{}"
    },
    {
        "class": "com.facebook.FacebookSdk",
        "method": "isInitialized",
        "arguments": "{}"
    },
    {
        "class": "com.facebook.FacebookSdk",
        "method": "isInitialized",
        "arguments": "{}"
    },
    {
        "class": "com.facebook.FacebookSdk",
        "method": "getClientToken",
        "arguments": "{}"
    },
    {
        "class": "com.facebook.FacebookSdk",
        "method": "getApplicationId",
        "arguments": "{}"
    },
    {
        "class": "com.facebook.FacebookSdk",
        "method": "isInitialized",
        "arguments": "{}"
    },
    {
        "class": "com.facebook.FacebookSdk",
        "method": "isInitialized",
        "arguments": "{}"
    },
    {
        "class": "com.facebook.FacebookSdk",
        "method": "getGraphDomain",
        "arguments": "{}"
    },
    {
        "class": "com.facebook.FacebookSdk",
        "method": "getFacebookDomain",
        "arguments": "{}"
    },
    {
        "class": "com.facebook.FacebookSdk",
        "method": "getApplicationId",
        "arguments": "{}"
    },
    {
        "class": "com.facebook.FacebookSdk",
        "method": "getApplicationId",
        "arguments": "{}"
    },
    {
        "class": "com.facebook.FacebookSdk",
        "method": "isInitialized",
        "arguments": "{}"
    },
    {
        "class": "com.facebook.FacebookSdk",
        "method": "isInitialized",
        "arguments": "{}"
    },
    {
        "class": "com.facebook.FacebookSdk",
        "method": "getApplicationContext",
        "arguments": "{}"
    },
    {
        "class": "com.facebook.FacebookSdk",
        "method": "getClientToken",
        "arguments": "{}"
    },
    {
        "class": "com.facebook.FacebookSdk",
        "method": "isInitialized",
        "arguments": "{}"
    },
    {
        "class": "com.facebook.FacebookSdk",
        "method": "isInitialized",
        "arguments": "{}"
    },
    {
        "class": "com.facebook.FacebookSdk",
        "method": "isLoggingBehaviorEnabled",
        "arguments": "{\"0\":\"<instance: com.facebook.LoggingBehavior>\"}"
    },
    {
        "class": "com.facebook.FacebookSdk",
        "method": "getExecutor",
        "arguments": "{}"
    },
    {
        "class": "com.facebook.FacebookSdk",
        "method": "isDebugEnabled",
        "arguments": "{}"
    },
    {
        "class": "com.facebook.FacebookSdk",
        "method": "isLoggingBehaviorEnabled",
        "arguments": "{\"0\":\"<instance: com.facebook.LoggingBehavior>\"}"
    },
    {
        "class": "com.facebook.FacebookSdk",
        "method": "getApplicationId",
        "arguments": "{}"
    },
    {
        "class": "com.facebook.FacebookSdk",
        "method": "isDebugEnabled",
        "arguments": "{}"
    },
    {
        "class": "com.facebook.FacebookSdk",
        "method": "isLoggingBehaviorEnabled",
        "arguments": "{\"0\":\"<instance: com.facebook.LoggingBehavior>\"}"
    },
    {
        "class": "com.facebook.FacebookSdk",
        "method": "isInitialized",
        "arguments": "{}"
    },
    {
        "class": "com.facebook.FacebookSdk",
        "method": "isDebugEnabled",
        "arguments": "{}"
    },
    {
        "class": "com.facebook.FacebookSdk",
        "method": "isLoggingBehaviorEnabled",
        "arguments": "{\"0\":\"<instance: com.facebook.LoggingBehavior>\"}"
    },
    {
        "class": "com.facebook.FacebookSdk",
        "method": "getApplicationId",
        "arguments": "{}"
    },
    {
        "class": "com.facebook.FacebookSdk",
        "method": "isDebugEnabled",
        "arguments": "{}"
    },
    {
        "class": "com.facebook.FacebookSdk",
        "method": "isLoggingBehaviorEnabled",
        "arguments": "{\"0\":\"<instance: com.facebook.LoggingBehavior>\"}"
    },
    {
        "class": "com.facebook.FacebookSdk",
        "method": "isDebugEnabled",
        "arguments": "{}"
    },
    {
        "class": "com.facebook.FacebookSdk",
        "method": "isInitialized",
        "arguments": "{}"
    },
    {
        "class": "com.facebook.FacebookSdk",
        "method": "isLoggingBehaviorEnabled",
        "arguments": "{\"0\":\"<instance: com.facebook.LoggingBehavior>\"}"
    },
    {
        "class": "com.facebook.FacebookSdk",
        "method": "isDebugEnabled",
        "arguments": "{}"
    },
    {
        "class": "com.facebook.FacebookSdk",
        "method": "getApplicationContext",
        "arguments": "{}"
    },
    {
        "class": "com.facebook.FacebookSdk",
        "method": "isLoggingBehaviorEnabled",
        "arguments": "{\"0\":\"<instance: com.facebook.LoggingBehavior>\"}"
    },
    {
        "class": "com.facebook.FacebookSdk",
        "method": "isDebugEnabled",
        "arguments": "{}"
    },
    {
        "class": "com.facebook.FacebookSdk",
        "method": "isInitialized",
        "arguments": "{}"
    },
    {
        "class": "com.facebook.FacebookSdk",
        "method": "isLoggingBehaviorEnabled",
        "arguments": "{\"0\":\"<instance: com.facebook.LoggingBehavior>\"}"
    },
    {
        "class": "com.facebook.FacebookSdk",
        "method": "isDebugEnabled",
        "arguments": "{}"
    },
    {
        "class": "com.facebook.FacebookSdk",
        "method": "getExecutor",
        "arguments": "{}"
    },
    {
        "class": "com.facebook.FacebookSdk",
        "method": "isLoggingBehaviorEnabled",
        "arguments": "{\"0\":\"<instance: com.facebook.LoggingBehavior>\"}"
    },
    {
        "class": "com.facebook.FacebookSdk",
        "method": "fullyInitialize",
        "arguments": "{}"
    },
    {
        "class": "com.facebook.FacebookSdk",
        "method": "isDebugEnabled",
        "arguments": "{}"
    },
    {
        "class": "com.facebook.FacebookSdk",
        "method": "isInitialized",
        "arguments": "{}"
    },
    {
        "class": "com.facebook.FacebookSdk",
        "method": "getApplicationContext",
        "arguments": "{}"
    },
    {
        "class": "com.facebook.FacebookSdk",
        "method": "isInitialized",
        "arguments": "{}"
    },
    {
        "class": "com.facebook.FacebookSdk",
        "method": "getApplicationId",
        "arguments": "{}"
    },
    {
        "class": "com.facebook.FacebookSdk",
        "method": "isInitialized",
        "arguments": "{}"
    },
    {
        "class": "com.facebook.FacebookSdk",
        "method": "getApplicationId",
        "arguments": "{}"
    },
    {
        "class": "com.facebook.FacebookSdk",
        "method": "isInitialized",
        "arguments": "{}"
    },
    {
        "class": "com.facebook.FacebookSdk",
        "method": "getApplicationContext",
        "arguments": "{}"
    },
    {
        "class": "com.facebook.FacebookSdk",
        "method": "isInitialized",
        "arguments": "{}"
    },
    {
        "class": "com.facebook.FacebookSdk",
        "method": "getExecutor",
        "arguments": "{}"
    },
    {
        "class": "com.facebook.FacebookSdk",
        "method": "getApplicationContext",
        "arguments": "{}"
    },
    {
        "class": "com.facebook.FacebookSdk",
        "method": "isInitialized",
        "arguments": "{}"
    },
    {
        "class": "com.facebook.FacebookSdk",
        "method": "getApplicationId",
        "arguments": "{}"
    },
    {
        "class": "com.facebook.FacebookSdk",
        "method": "isInitialized",
        "arguments": "{}"
    },
    {
        "class": "com.facebook.FacebookSdk",
        "method": "getExecutor",
        "arguments": "{}"
    },
    {
        "class": "com.facebook.FacebookSdk",
        "method": "getExecutor",
        "arguments": "{}"
    },
    {
        "class": "com.facebook.FacebookSdk",
        "method": "isLoggingBehaviorEnabled",
        "arguments": "{\"0\":\"<instance: com.facebook.LoggingBehavior>\"}"
    },
    {
        "class": "com.facebook.FacebookSdk",
        "method": "getExecutor",
        "arguments": "{}"
    },
    {
        "class": "com.facebook.FacebookSdk",
        "method": "getApplicationContext",
        "arguments": "{}"
    },
    {
        "class": "com.facebook.FacebookSdk",
        "method": "isDebugEnabled",
        "arguments": "{}"
    },
    {
        "class": "com.facebook.FacebookSdk",
        "method": "sdkInitialize$lambda-3",
        "arguments": "{}"
    },
    {
        "class": "com.facebook.FacebookSdk",
        "method": "getApplicationId",
        "arguments": "{}"
    },
    {
        "class": "com.facebook.FacebookSdk",
        "method": "isInitialized",
        "arguments": "{}"
    },
    {
        "class": "com.facebook.FacebookSdk",
        "method": "isLoggingBehaviorEnabled",
        "arguments": "{\"0\":\"<instance: com.facebook.LoggingBehavior>\"}"
    },
    {
        "class": "com.facebook.FacebookSdk",
        "method": "getApplicationContext",
        "arguments": "{}"
    },
    {
        "class": "com.facebook.FacebookSdk",
        "method": "isDebugEnabled",
        "arguments": "{}"
    },
    {
        "class": "com.facebook.FacebookSdk",
        "method": "isInitialized",
        "arguments": "{}"
    },
    {
        "class": "com.facebook.FacebookSdk",
        "method": "isInitialized",
        "arguments": "{}"
    },
    {
        "class": "com.facebook.FacebookSdk",
        "method": "getGraphApiVersion",
        "arguments": "{}"
    },
    {
        "class": "com.facebook.FacebookSdk",
        "method": "getApplicationContext",
        "arguments": "{}"
    },
    {
        "class": "com.facebook.FacebookSdk",
        "method": "getApplicationContext",
        "arguments": "{}"
    },
    {
        "class": "com.facebook.FacebookSdk",
        "method": "isDebugEnabled",
        "arguments": "{}"
    },
    {
        "class": "com.facebook.FacebookSdk",
        "method": "isInitialized",
        "arguments": "{}"
    },
    {
        "class": "com.facebook.FacebookSdk",
        "method": "getApplicationContext",
        "arguments": "{}"
    },
    {
        "class": "com.facebook.FacebookSdk",
        "method": "getGraphDomain",
        "arguments": "{}"
    },
    {
        "class": "com.facebook.FacebookSdk",
        "method": "isInitialized",
        "arguments": "{}"
    },
    {
        "class": "com.facebook.FacebookSdk",
        "method": "isInitialized",
        "arguments": "{}"
    },
    {
        "class": "com.facebook.FacebookSdk",
        "method": "getFacebookDomain",
        "arguments": "{}"
    },
    {
        "class": "com.facebook.FacebookSdk",
        "method": "getApplicationContext",
        "arguments": "{}"
    },
    {
        "class": "com.facebook.FacebookSdk",
        "method": "getExecutor",
        "arguments": "{}"
    },
    {
        "class": "com.facebook.FacebookSdk",
        "method": "getGraphDomain",
        "arguments": "{}"
    },
    {
        "class": "com.facebook.FacebookSdk",
        "method": "isInitialized",
        "arguments": "{}"
    },
    {
        "class": "com.facebook.FacebookSdk",
        "method": "getApplicationId",
        "arguments": "{}"
    },
    {
        "class": "com.facebook.FacebookSdk",
        "method": "getFacebookDomain",
        "arguments": "{}"
    },
    {
        "class": "com.facebook.FacebookSdk",
        "method": "isInitialized",
        "arguments": "{}"
    },
    {
        "class": "com.facebook.FacebookSdk",
        "method": "getApplicationId",
        "arguments": "{}"
    },
    {
        "class": "com.facebook.FacebookSdk",
        "method": "getApplicationContext",
        "arguments": "{}"
    },
    {
        "class": "com.facebook.FacebookSdk",
        "method": "isInitialized",
        "arguments": "{}"
    },
    {
        "class": "com.facebook.FacebookSdk",
        "method": "isInitialized",
        "arguments": "{}"
    },
    {
        "class": "com.facebook.FacebookSdk",
        "method": "getClientToken",
        "arguments": "{}"
    },
    {
        "class": "com.facebook.FacebookSdk",
        "method": "getExecutor",
        "arguments": "{}"
    },
    {
        "class": "com.facebook.FacebookSdk",
        "method": "isInitialized",
        "arguments": "{}"
    },
    {
        "class": "com.facebook.FacebookSdk",
        "method": "getGraphDomain",
        "arguments": "{}"
    },
    {
        "class": "com.facebook.FacebookSdk",
        "method": "getApplicationId",
        "arguments": "{}"
    },
    {
        "class": "com.facebook.FacebookSdk",
        "method": "getFacebookDomain",
        "arguments": "{}"
    },
    {
        "class": "com.facebook.FacebookSdk",
        "method": "isInitialized",
        "arguments": "{}"
    },
    {
        "class": "com.facebook.FacebookSdk",
        "method": "getApplicationId",
        "arguments": "{}"
    },
    {
        "class": "com.facebook.FacebookSdk",
        "method": "isInitialized",
        "arguments": "{}"
    },
    {
        "class": "com.facebook.FacebookSdk",
        "method": "getApplicationContext",
        "arguments": "{}"
    },
    {
        "class": "com.facebook.FacebookSdk",
        "method": "getClientToken",
        "arguments": "{}"
    },
    {
        "class": "com.facebook.FacebookSdk",
        "method": "isInitialized",
        "arguments": "{}"
    },
    {
        "class": "com.facebook.FacebookSdk",
        "method": "getExecutor",
        "arguments": "{}"
    },
    {
        "class": "com.facebook.FacebookSdk",
        "method": "isInitialized",
        "arguments": "{}"
    },
    {
        "class": "com.facebook.FacebookSdk",
        "method": "getApplicationId",
        "arguments": "{}"
    },
    {
        "class": "com.facebook.FacebookSdk",
        "method": "isLoggingBehaviorEnabled",
        "arguments": "{\"0\":\"<instance: com.facebook.LoggingBehavior>\"}"
    },
    {
        "class": "com.facebook.FacebookSdk",
        "method": "isInitialized",
        "arguments": "{}"
    },
    {
        "class": "com.facebook.FacebookSdk",
        "method": "isDebugEnabled",
        "arguments": "{}"
    },
    {
        "class": "com.facebook.FacebookSdk",
        "method": "getApplicationContext",
        "arguments": "{}"
    },
    {
        "class": "com.facebook.FacebookSdk",
        "method": "isLoggingBehaviorEnabled",
        "arguments": "{\"0\":\"<instance: com.facebook.LoggingBehavior>\"}"
    },
    {
        "class": "com.facebook.FacebookSdk",
        "method": "isInitialized",
        "arguments": "{}"
    },
    {
        "class": "com.facebook.FacebookSdk",
        "method": "isDebugEnabled",
        "arguments": "{}"
    },
    {
        "class": "com.facebook.FacebookSdk",
        "method": "getExecutor",
        "arguments": "{}"
    },
    {
        "class": "com.facebook.FacebookSdk",
        "method": "getApplicationId",
        "arguments": "{}"
    },
    {
        "class": "com.facebook.FacebookSdk",
        "method": "isLoggingBehaviorEnabled",
        "arguments": "{\"0\":\"<instance: com.facebook.LoggingBehavior>\"}"
    },
    {
        "class": "com.facebook.FacebookSdk",
        "method": "isInitialized",
        "arguments": "{}"
    },
    {
        "class": "com.facebook.FacebookSdk",
        "method": "getApplicationContext",
        "arguments": "{}"
    },
    {
        "class": "com.facebook.FacebookSdk",
        "method": "isDebugEnabled",
        "arguments": "{}"
    },
    {
        "class": "com.facebook.FacebookSdk",
        "method": "isInitialized",
        "arguments": "{}"
    },
    {
        "class": "com.facebook.FacebookSdk",
        "method": "isLoggingBehaviorEnabled",
        "arguments": "{\"0\":\"<instance: com.facebook.LoggingBehavior>\"}"
    },
    {
        "class": "com.facebook.FacebookSdk",
        "method": "isDebugEnabled",
        "arguments": "{}"
    },
    {
        "class": "com.facebook.FacebookSdk",
        "method": "getExecutor",
        "arguments": "{}"
    },
    {
        "class": "com.facebook.FacebookSdk",
        "method": "isLoggingBehaviorEnabled",
        "arguments": "{\"0\":\"<instance: com.facebook.LoggingBehavior>\"}"
    },
    {
        "class": "com.facebook.FacebookSdk",
        "method": "isDebugEnabled",
        "arguments": "{}"
    },
    {
        "class": "com.facebook.FacebookSdk",
        "method": "getExecutor",
        "arguments": "{}"
    },
    {
        "class": "com.facebook.FacebookSdk",
        "method": "isLoggingBehaviorEnabled",
        "arguments": "{\"0\":\"<instance: com.facebook.LoggingBehavior>\"}"
    },
    {
        "class": "com.facebook.FacebookSdk",
        "method": "sdkInitialize$lambda-9",
        "arguments": "{\"0\":null}"
    },
    {
        "class": "com.facebook.FacebookSdk",
        "method": "isFullyInitialized",
        "arguments": "{}"
    },
    {
        "class": "com.facebook.FacebookSdk",
        "method": "isDebugEnabled",
        "arguments": "{}"
    },
    {
        "class": "com.facebook.FacebookSdk",
        "method": "isLegacyTokenUpgradeSupported",
        "arguments": "{}"
    },
    {
        "class": "com.facebook.FacebookSdk",
        "method": "isLoggingBehaviorEnabled",
        "arguments": "{\"0\":\"<instance: com.facebook.LoggingBehavior>\"}"
    },
    {
        "class": "com.facebook.FacebookSdk",
        "method": "getApplicationContext",
        "arguments": "{}"
    },
    {
        "class": "com.facebook.FacebookSdk",
        "method": "isDebugEnabled",
        "arguments": "{}"
    },
    {
        "class": "com.facebook.FacebookSdk",
        "method": "isLoggingBehaviorEnabled",
        "arguments": "{\"0\":\"<instance: com.facebook.LoggingBehavior>\"}"
    },
    {
        "class": "com.facebook.FacebookSdk",
        "method": "isInitialized",
        "arguments": "{}"
    },
    {
        "class": "com.facebook.FacebookSdk",
        "method": "isFullyInitialized",
        "arguments": "{}"
    },
    {
        "class": "com.facebook.FacebookSdk",
        "method": "isDebugEnabled",
        "arguments": "{}"
    },
    {
        "class": "com.facebook.FacebookSdk",
        "method": "getApplicationContext",
        "arguments": "{}"
    },
    {
        "class": "com.facebook.FacebookSdk",
        "method": "isLoggingBehaviorEnabled",
        "arguments": "{\"0\":\"<instance: com.facebook.LoggingBehavior>\"}"
    },
    {
        "class": "com.facebook.FacebookSdk",
        "method": "isInitialized",
        "arguments": "{}"
    },
    {
        "class": "com.facebook.FacebookSdk",
        "method": "isDebugEnabled",
        "arguments": "{}"
    },
    {
        "class": "com.facebook.FacebookSdk",
        "method": "getApplicationContext",
        "arguments": "{}"
    },
    {
        "class": "com.facebook.FacebookSdk",
        "method": "isInitialized",
        "arguments": "{}"
    },
    {
        "class": "com.facebook.FacebookSdk",
        "method": "getAutoLogAppEventsEnabled",
        "arguments": "{}"
    },
    {
        "class": "com.facebook.FacebookSdk",
        "method": "isInitialized",
        "arguments": "{}"
    },
    {
        "class": "com.facebook.FacebookSdk",
        "method": "isFullyInitialized",
        "arguments": "{}"
    },
    {
        "class": "com.facebook.FacebookSdk",
        "method": "getApplicationContext",
        "arguments": "{}"
    },
    {
        "class": "com.facebook.FacebookSdk",
        "method": "isInitialized",
        "arguments": "{}"
    },
    {
        "class": "com.facebook.FacebookSdk",
        "method": "getApplicationId",
        "arguments": "{}"
    },
    {
        "class": "com.facebook.FacebookSdk",
        "method": "isInitialized",
        "arguments": "{}"
    },
    {
        "class": "com.facebook.FacebookSdk",
        "method": "isInitialized",
        "arguments": "{}"
    },
    {
        "class": "com.facebook.FacebookSdk",
        "method": "getApplicationContext",
        "arguments": "{}"
    },
    {
        "class": "com.facebook.FacebookSdk",
        "method": "getApplicationId",
        "arguments": "{}"
    },
    {
        "class": "com.facebook.FacebookSdk",
        "method": "isInitialized",
        "arguments": "{}"
    },
    {
        "class": "com.facebook.FacebookSdk",
        "method": "getApplicationId",
        "arguments": "{}"
    },
    {
        "class": "com.facebook.FacebookSdk",
        "method": "isInitialized",
        "arguments": "{}"
    },
    {
        "class": "com.facebook.FacebookSdk",
        "method": "getApplicationContext",
        "arguments": "{}"
    },
    {
        "class": "com.facebook.FacebookSdk",
        "method": "isInitialized",
        "arguments": "{}"
    },
    {
        "class": "com.facebook.FacebookSdk",
        "method": "isInitialized",
        "arguments": "{}"
    },
    {
        "class": "com.facebook.FacebookSdk",
        "method": "getApplicationContext",
        "arguments": "{}"
    },
    {
        "class": "com.facebook.FacebookSdk",
        "method": "isInitialized",
        "arguments": "{}"
    },
    {
        "class": "com.facebook.FacebookSdk",
        "method": "getApplicationContext",
        "arguments": "{}"
    },
    {
        "class": "com.facebook.FacebookSdk",
        "method": "isInitialized",
        "arguments": "{}"
    },
    {
        "class": "com.facebook.FacebookSdk",
        "method": "isInitialized",
        "arguments": "{}"
    },
    {
        "class": "com.facebook.FacebookSdk",
        "method": "getExecutor",
        "arguments": "{}"
    },
    {
        "class": "com.facebook.FacebookSdk",
        "method": "isLoggingBehaviorEnabled",
        "arguments": "{\"0\":\"<instance: com.facebook.LoggingBehavior>\"}"
    },
    {
        "class": "com.facebook.FacebookSdk",
        "method": "getApplicationId",
        "arguments": "{}"
    },
    {
        "class": "com.facebook.FacebookSdk",
        "method": "isInitialized",
        "arguments": "{}"
    },
    {
        "class": "com.facebook.FacebookSdk",
        "method": "isDebugEnabled",
        "arguments": "{}"
    },
    {
        "class": "com.facebook.FacebookSdk",
        "method": "getApplicationContext",
        "arguments": "{}"
    },
    {
        "class": "com.facebook.FacebookSdk",
        "method": "isInitialized",
        "arguments": "{}"
    },
    {
        "class": "com.facebook.FacebookSdk",
        "method": "getApplicationContext",
        "arguments": "{}"
    },
    {
        "class": "com.facebook.FacebookSdk",
        "method": "isInitialized",
        "arguments": "{}"
    },
    {
        "class": "com.facebook.FacebookSdk",
        "method": "getApplicationContext",
        "arguments": "{}"
    },
    {
        "class": "com.facebook.FacebookSdk",
        "method": "isInitialized",
        "arguments": "{}"
    },
    {
        "class": "com.facebook.FacebookSdk",
        "method": "getApplicationContext",
        "arguments": "{}"
    },
    {
        "class": "com.facebook.FacebookSdk",
        "method": "isInitialized",
        "arguments": "{}"
    },
    {
        "class": "com.facebook.FacebookSdk",
        "method": "getApplicationId",
        "arguments": "{}"
    },
    {
        "class": "com.facebook.FacebookSdk",
        "method": "isInitialized",
        "arguments": "{}"
    },
    {
        "class": "com.facebook.FacebookSdk",
        "method": "getApplicationId",
        "arguments": "{}"
    },
    {
        "class": "com.facebook.FacebookSdk",
        "method": "isInitialized",
        "arguments": "{}"
    },
    {
        "class": "com.facebook.FacebookSdk",
        "method": "getApplicationContext",
        "arguments": "{}"
    },
    {
        "class": "com.facebook.FacebookSdk",
        "method": "isInitialized",
        "arguments": "{}"
    },
    {
        "class": "com.facebook.FacebookSdk",
        "method": "getExecutor",
        "arguments": "{}"
    },
    {
        "class": "com.facebook.FacebookSdk",
        "method": "getApplicationId",
        "arguments": "{}"
    },
    {
        "class": "com.facebook.FacebookSdk",
        "method": "isInitialized",
        "arguments": "{}"
    },
    {
        "class": "com.facebook.FacebookSdk",
        "method": "getApplicationId",
        "arguments": "{}"
    },
    {
        "class": "com.facebook.FacebookSdk",
        "method": "isLoggingBehaviorEnabled",
        "arguments": "{\"0\":\"<instance: com.facebook.LoggingBehavior>\"}"
    },
    {
        "class": "com.facebook.FacebookSdk",
        "method": "isInitialized",
        "arguments": "{}"
    },
    {
        "class": "com.facebook.FacebookSdk",
        "method": "isDebugEnabled",
        "arguments": "{}"
    },
    {
        "class": "com.facebook.FacebookSdk",
        "method": "getApplicationContext",
        "arguments": "{}"
    },
    {
        "class": "com.facebook.FacebookSdk",
        "method": "isInitialized",
        "arguments": "{}"
    },
    {
        "class": "com.facebook.FacebookSdk",
        "method": "getExecutor",
        "arguments": "{}"
    },
    {
        "class": "com.facebook.FacebookSdk",
        "method": "isLoggingBehaviorEnabled",
        "arguments": "{\"0\":\"<instance: com.facebook.LoggingBehavior>\"}"
    },
    {
        "class": "com.facebook.FacebookSdk",
        "method": "isDebugEnabled",
        "arguments": "{}"
    },
    {
        "class": "com.facebook.FacebookSdk",
        "method": "getApplicationId",
        "arguments": "{}"
    },
    {
        "class": "com.facebook.FacebookSdk",
        "method": "isInitialized",
        "arguments": "{}"
    },
    {
        "class": "com.facebook.FacebookSdk",
        "method": "getApplicationContext",
        "arguments": "{}"
    },
    {
        "class": "com.facebook.FacebookSdk",
        "method": "isInitialized",
        "arguments": "{}"
    },
    {
        "class": "com.facebook.FacebookSdk",
        "method": "getApplicationContext",
        "arguments": "{}"
    },
    {
        "class": "com.facebook.FacebookSdk",
        "method": "isInitialized",
        "arguments": "{}"
    },
    {
        "class": "com.facebook.FacebookSdk",
        "method": "getLimitEventAndDataUsage",
        "arguments": "{\"0\":\"<instance: android.content.Context, $className: com.safedk.android.SafeDKApplication>\"}"
    },
    {
        "class": "com.facebook.FacebookSdk",
        "method": "isInitialized",
        "arguments": "{}"
    },
    {
        "class": "com.facebook.FacebookSdk",
        "method": "isLoggingBehaviorEnabled",
        "arguments": "{\"0\":\"<instance: com.facebook.LoggingBehavior>\"}"
    },
    {
        "class": "com.facebook.FacebookSdk",
        "method": "getApplicationId",
        "arguments": "{}"
    },
    {
        "class": "com.facebook.FacebookSdk",
        "method": "isDebugEnabled",
        "arguments": "{}"
    },
    {
        "class": "com.facebook.FacebookSdk",
        "method": "isInitialized",
        "arguments": "{}"
    },
    {
        "class": "com.facebook.FacebookSdk",
        "method": "isLoggingBehaviorEnabled",
        "arguments": "{\"0\":\"<instance: com.facebook.LoggingBehavior>\"}"
    },
    {
        "class": "com.facebook.FacebookSdk",
        "method": "isDebugEnabled",
        "arguments": "{}"
    },
    {
        "class": "com.facebook.FacebookSdk",
        "method": "getGraphApiVersion",
        "arguments": "{}"
    },
    {
        "class": "com.facebook.FacebookSdk",
        "method": "isDebugEnabled",
        "arguments": "{}"
    },
    {
        "class": "com.facebook.FacebookSdk",
        "method": "getGraphDomain",
        "arguments": "{}"
    },
    {
        "class": "com.facebook.FacebookSdk",
        "method": "getFacebookDomain",
        "arguments": "{}"
    },
    {
        "class": "com.facebook.FacebookSdk",
        "method": "isInitialized",
        "arguments": "{}"
    },
    {
        "class": "com.facebook.FacebookSdk",
        "method": "getGraphDomain",
        "arguments": "{}"
    },
    {
        "class": "com.facebook.FacebookSdk",
        "method": "getAutoLogAppEventsEnabled",
        "arguments": "{}"
    },
    {
        "class": "com.facebook.FacebookSdk",
        "method": "getFacebookDomain",
        "arguments": "{}"
    },
    {
        "class": "com.facebook.FacebookSdk",
        "method": "isInitialized",
        "arguments": "{}"
    },
    {
        "class": "com.facebook.FacebookSdk",
        "method": "getApplicationContext",
        "arguments": "{}"
    },
    {
        "class": "com.facebook.FacebookSdk",
        "method": "getApplicationId",
        "arguments": "{}"
    },
    {
        "class": "com.facebook.FacebookSdk",
        "method": "isInitialized",
        "arguments": "{}"
    },
    {
        "class": "com.facebook.FacebookSdk",
        "method": "getApplicationId",
        "arguments": "{}"
    },
    {
        "class": "com.facebook.FacebookSdk",
        "method": "isInitialized",
        "arguments": "{}"
    },
    {
        "class": "com.facebook.FacebookSdk",
        "method": "isInitialized",
        "arguments": "{}"
    },
    {
        "class": "com.facebook.FacebookSdk",
        "method": "getClientToken",
        "arguments": "{}"
    },
    {
        "class": "com.facebook.FacebookSdk",
        "method": "getApplicationId",
        "arguments": "{}"
    },
    {
        "class": "com.facebook.FacebookSdk",
        "method": "isInitialized",
        "arguments": "{}"
    },
    {
        "class": "com.facebook.FacebookSdk",
        "method": "isInitialized",
        "arguments": "{}"
    },
    {
        "class": "com.facebook.FacebookSdk",
        "method": "getApplicationId",
        "arguments": "{}"
    },
    {
        "class": "com.facebook.FacebookSdk",
        "method": "isInitialized",
        "arguments": "{}"
    },
    {
        "class": "com.facebook.FacebookSdk",
        "method": "getGraphDomain",
        "arguments": "{}"
    },
    {
        "class": "com.facebook.FacebookSdk",
        "method": "getApplicationContext",
        "arguments": "{}"
    },
    {
        "class": "com.facebook.FacebookSdk",
        "method": "getFacebookDomain",
        "arguments": "{}"
    },
    {
        "class": "com.facebook.FacebookSdk",
        "method": "isInitialized",
        "arguments": "{}"
    },
    {
        "class": "com.facebook.FacebookSdk",
        "method": "getApplicationId",
        "arguments": "{}"
    },
    {
        "class": "com.facebook.FacebookSdk",
        "method": "getExecutor",
        "arguments": "{}"
    },
    {
        "class": "com.facebook.FacebookSdk",
        "method": "isInitialized",
        "arguments": "{}"
    },
    {
        "class": "com.facebook.FacebookSdk",
        "method": "getClientToken",
        "arguments": "{}"
    },
    {
        "class": "com.facebook.FacebookSdk",
        "method": "isLoggingBehaviorEnabled",
        "arguments": "{\"0\":\"<instance: com.facebook.LoggingBehavior>\"}"
    },
    {
        "class": "com.facebook.FacebookSdk",
        "method": "isInitialized",
        "arguments": "{}"
    },
    {
        "class": "com.facebook.FacebookSdk",
        "method": "isDebugEnabled",
        "arguments": "{}"
    },
    {
        "class": "com.facebook.FacebookSdk",
        "method": "isLoggingBehaviorEnabled",
        "arguments": "{\"0\":\"<instance: com.facebook.LoggingBehavior>\"}"
    },
    {
        "class": "com.facebook.FacebookSdk",
        "method": "isDebugEnabled",
        "arguments": "{}"
    },
    {
        "class": "com.facebook.FacebookSdk",
        "method": "getApplicationContext",
        "arguments": "{}"
    },
    {
        "class": "com.facebook.FacebookSdk",
        "method": "isLoggingBehaviorEnabled",
        "arguments": "{\"0\":\"<instance: com.facebook.LoggingBehavior>\"}"
    },
    {
        "class": "com.facebook.FacebookSdk",
        "method": "isInitialized",
        "arguments": "{}"
    },
    {
        "class": "com.facebook.FacebookSdk",
        "method": "isDebugEnabled",
        "arguments": "{}"
    },
    {
        "class": "com.facebook.FacebookSdk",
        "method": "getApplicationContext",
        "arguments": "{}"
    },
    {
        "class": "com.facebook.FacebookSdk",
        "method": "isInitialized",
        "arguments": "{}"
    },
    {
        "class": "com.facebook.FacebookSdk",
        "method": "isLoggingBehaviorEnabled",
        "arguments": "{\"0\":\"<instance: com.facebook.LoggingBehavior>\"}"
    },
    {
        "class": "com.facebook.FacebookSdk",
        "method": "getApplicationContext",
        "arguments": "{}"
    },
    {
        "class": "com.facebook.FacebookSdk",
        "method": "isDebugEnabled",
        "arguments": "{}"
    },
    {
        "class": "com.facebook.FacebookSdk",
        "method": "isInitialized",
        "arguments": "{}"
    },
    {
        "class": "com.facebook.FacebookSdk",
        "method": "isLoggingBehaviorEnabled",
        "arguments": "{\"0\":\"<instance: com.facebook.LoggingBehavior>\"}"
    },
    {
        "class": "com.facebook.FacebookSdk",
        "method": "getApplicationId",
        "arguments": "{}"
    },
    {
        "class": "com.facebook.FacebookSdk",
        "method": "isDebugEnabled",
        "arguments": "{}"
    },
    {
        "class": "com.facebook.FacebookSdk",
        "method": "isInitialized",
        "arguments": "{}"
    },
    {
        "class": "com.facebook.FacebookSdk",
        "method": "getApplicationId",
        "arguments": "{}"
    },
    {
        "class": "com.facebook.FacebookSdk",
        "method": "isLoggingBehaviorEnabled",
        "arguments": "{\"0\":\"<instance: com.facebook.LoggingBehavior>\"}"
    },
    {
        "class": "com.facebook.FacebookSdk",
        "method": "isInitialized",
        "arguments": "{}"
    },
    {
        "class": "com.facebook.FacebookSdk",
        "method": "isDebugEnabled",
        "arguments": "{}"
    },
    {
        "class": "com.facebook.FacebookSdk",
        "method": "getApplicationContext",
        "arguments": "{}"
    },
    {
        "class": "com.facebook.FacebookSdk",
        "method": "isLoggingBehaviorEnabled",
        "arguments": "{\"0\":\"<instance: com.facebook.LoggingBehavior>\"}"
    },
    {
        "class": "com.facebook.FacebookSdk",
        "method": "isInitialized",
        "arguments": "{}"
    },
    {
        "class": "com.facebook.FacebookSdk",
        "method": "isDebugEnabled",
        "arguments": "{}"
    },
    {
        "class": "com.facebook.FacebookSdk",
        "method": "isLoggingBehaviorEnabled",
        "arguments": "{\"0\":\"<instance: com.facebook.LoggingBehavior>\"}"
    },
    {
        "class": "com.facebook.FacebookSdk",
        "method": "getExecutor",
        "arguments": "{}"
    },
    {
        "class": "com.facebook.FacebookSdk",
        "method": "isDebugEnabled",
        "arguments": "{}"
    },
    {
        "class": "com.facebook.FacebookSdk",
        "method": "getApplicationId",
        "arguments": "{}"
    },
    {
        "class": "com.facebook.FacebookSdk",
        "method": "isLoggingBehaviorEnabled",
        "arguments": "{\"0\":\"<instance: com.facebook.LoggingBehavior>\"}"
    },
    {
        "class": "com.facebook.FacebookSdk",
        "method": "isInitialized",
        "arguments": "{}"
    },
    {
        "class": "com.facebook.FacebookSdk",
        "method": "isDebugEnabled",
        "arguments": "{}"
    },
    {
        "class": "com.facebook.FacebookSdk",
        "method": "getApplicationId",
        "arguments": "{}"
    },
    {
        "class": "com.facebook.FacebookSdk",
        "method": "isLoggingBehaviorEnabled",
        "arguments": "{\"0\":\"<instance: com.facebook.LoggingBehavior>\"}"
    },
    {
        "class": "com.facebook.FacebookSdk",
        "method": "isInitialized",
        "arguments": "{}"
    },
    {
        "class": "com.facebook.FacebookSdk",
        "method": "isDebugEnabled",
        "arguments": "{}"
    },
    {
        "class": "com.facebook.FacebookSdk",
        "method": "getApplicationContext",
        "arguments": "{}"
    },
    {
        "class": "com.facebook.FacebookSdk",
        "method": "isFullyInitialized",
        "arguments": "{}"
    },
    {
        "class": "com.facebook.FacebookSdk",
        "method": "isInitialized",
        "arguments": "{}"
    },
    {
        "class": "com.facebook.FacebookSdk",
        "method": "getExecutor",
        "arguments": "{}"
    },
    {
        "class": "com.facebook.FacebookSdk",
        "method": "getApplicationContext",
        "arguments": "{}"
    },
    {
        "class": "com.facebook.FacebookSdk",
        "method": "isInitialized",
        "arguments": "{}"
    },
    {
        "class": "com.facebook.FacebookSdk",
        "method": "isLoggingBehaviorEnabled",
        "arguments": "{\"0\":\"<instance: com.facebook.LoggingBehavior>\"}"
    },
    {
        "class": "com.facebook.FacebookSdk",
        "method": "isDebugEnabled",
        "arguments": "{}"
    },
    {
        "class": "com.facebook.FacebookSdk",
        "method": "isLoggingBehaviorEnabled",
        "arguments": "{\"0\":\"<instance: com.facebook.LoggingBehavior>\"}"
    },
    {
        "class": "com.facebook.FacebookSdk",
        "method": "isDebugEnabled",
        "arguments": "{}"
    },
    {
        "class": "com.facebook.FacebookSdk",
        "method": "isLoggingBehaviorEnabled",
        "arguments": "{\"0\":\"<instance: com.facebook.LoggingBehavior>\"}"
    },
    {
        "class": "com.facebook.FacebookSdk",
        "method": "isLoggingBehaviorEnabled",
        "arguments": "{\"0\":\"<instance: com.facebook.LoggingBehavior>\"}"
    },
    {
        "class": "com.facebook.FacebookSdk",
        "method": "isDebugEnabled",
        "arguments": "{}"
    },
    {
        "class": "com.facebook.FacebookSdk",
        "method": "isDebugEnabled",
        "arguments": "{}"
    },
    {
        "class": "com.facebook.FacebookSdk",
        "method": "isLoggingBehaviorEnabled",
        "arguments": "{\"0\":\"<instance: com.facebook.LoggingBehavior>\"}"
    },
    {
        "class": "com.facebook.FacebookSdk",
        "method": "isDebugEnabled",
        "arguments": "{}"
    },
    {
        "class": "com.facebook.FacebookSdk",
        "method": "getSdkVersion",
        "arguments": "{}"
    },
    {
        "class": "com.facebook.FacebookSdk",
        "method": "getApplicationId",
        "arguments": "{}"
    },
    {
        "class": "com.facebook.FacebookSdk",
        "method": "isLoggingBehaviorEnabled",
        "arguments": "{\"0\":\"<instance: com.facebook.LoggingBehavior>\"}"
    },
    {
        "class": "com.facebook.FacebookSdk",
        "method": "isLoggingBehaviorEnabled",
        "arguments": "{\"0\":\"<instance: com.facebook.LoggingBehavior>\"}"
    },
    {
        "class": "com.facebook.FacebookSdk",
        "method": "isInitialized",
        "arguments": "{}"
    },
    {
        "class": "com.facebook.FacebookSdk",
        "method": "isDebugEnabled",
        "arguments": "{}"
    },
    {
        "class": "com.facebook.FacebookSdk",
        "method": "isLoggingBehaviorEnabled",
        "arguments": "{\"0\":\"<instance: com.facebook.LoggingBehavior>\"}"
    },
    {
        "class": "com.facebook.FacebookSdk",
        "method": "getApplicationId",
        "arguments": "{}"
    },
    {
        "class": "com.facebook.FacebookSdk",
        "method": "isDebugEnabled",
        "arguments": "{}"
    },
    {
        "class": "com.facebook.FacebookSdk",
        "method": "isInitialized",
        "arguments": "{}"
    },
    {
        "class": "com.facebook.FacebookSdk",
        "method": "isDebugEnabled",
        "arguments": "{}"
    },
    {
        "class": "com.facebook.FacebookSdk",
        "method": "getGraphApiVersion",
        "arguments": "{}"
    },
    {
        "class": "com.facebook.FacebookSdk",
        "method": "isDebugEnabled",
        "arguments": "{}"
    },
    {
        "class": "com.facebook.FacebookSdk",
        "method": "getGraphDomain",
        "arguments": "{}"
    },
    {
        "class": "com.facebook.FacebookSdk",
        "method": "getFacebookDomain",
        "arguments": "{}"
    },
    {
        "class": "com.facebook.FacebookSdk",
        "method": "getGraphDomain",
        "arguments": "{}"
    },
    {
        "class": "com.facebook.FacebookSdk",
        "method": "getApplicationContext",
        "arguments": "{}"
    },
    {
        "class": "com.facebook.FacebookSdk",
        "method": "isInitialized",
        "arguments": "{}"
    },
    {
        "class": "com.facebook.FacebookSdk",
        "method": "getFacebookDomain",
        "arguments": "{}"
    },
    {
        "class": "com.facebook.FacebookSdk",
        "method": "getApplicationContext",
        "arguments": "{}"
    },
    {
        "class": "com.facebook.FacebookSdk",
        "method": "getApplicationId",
        "arguments": "{}"
    },
    {
        "class": "com.facebook.FacebookSdk",
        "method": "isInitialized",
        "arguments": "{}"
    },
    {
        "class": "com.facebook.FacebookSdk",
        "method": "getApplicationId",
        "arguments": "{}"
    },
    {
        "class": "com.facebook.FacebookSdk",
        "method": "isInitialized",
        "arguments": "{}"
    },
    {
        "class": "com.facebook.FacebookSdk",
        "method": "isInitialized",
        "arguments": "{}"
    },
    {
        "class": "com.facebook.FacebookSdk",
        "method": "getClientToken",
        "arguments": "{}"
    },
    {
        "class": "com.facebook.FacebookSdk",
        "method": "getApplicationId",
        "arguments": "{}"
    },
    {
        "class": "com.facebook.FacebookSdk",
        "method": "isInitialized",
        "arguments": "{}"
    },
    {
        "class": "com.facebook.FacebookSdk",
        "method": "isInitialized",
        "arguments": "{}"
    },
    {
        "class": "com.facebook.FacebookSdk",
        "method": "getGraphDomain",
        "arguments": "{}"
    },
    {
        "class": "com.facebook.FacebookSdk",
        "method": "getFacebookDomain",
        "arguments": "{}"
    },
    {
        "class": "com.facebook.FacebookSdk",
        "method": "getApplicationId",
        "arguments": "{}"
    },
    {
        "class": "com.facebook.FacebookSdk",
        "method": "isInitialized",
        "arguments": "{}"
    },
    {
        "class": "com.facebook.FacebookSdk",
        "method": "getApplicationId",
        "arguments": "{}"
    },
    {
        "class": "com.facebook.FacebookSdk",
        "method": "getApplicationId",
        "arguments": "{}"
    },
    {
        "class": "com.facebook.FacebookSdk",
        "method": "isInitialized",
        "arguments": "{}"
    },
    {
        "class": "com.facebook.FacebookSdk",
        "method": "isInitialized",
        "arguments": "{}"
    },
    {
        "class": "com.facebook.FacebookSdk",
        "method": "getClientToken",
        "arguments": "{}"
    },
    {
        "class": "com.facebook.FacebookSdk",
        "method": "isInitialized",
        "arguments": "{}"
    },
    {
        "class": "com.facebook.FacebookSdk",
        "method": "getApplicationContext",
        "arguments": "{}"
    },
    {
        "class": "com.facebook.FacebookSdk",
        "method": "isInitialized",
        "arguments": "{}"
    },
    {
        "class": "com.facebook.FacebookSdk",
        "method": "isLoggingBehaviorEnabled",
        "arguments": "{\"0\":\"<instance: com.facebook.LoggingBehavior>\"}"
    },
    {
        "class": "com.facebook.FacebookSdk",
        "method": "getApplicationId",
        "arguments": "{}"
    },
    {
        "class": "com.facebook.FacebookSdk",
        "method": "isInitialized",
        "arguments": "{}"
    },
    {
        "class": "com.facebook.FacebookSdk",
        "method": "isDebugEnabled",
        "arguments": "{}"
    },
    {
        "class": "com.facebook.FacebookSdk",
        "method": "getApplicationId",
        "arguments": "{}"
    },
    {
        "class": "com.facebook.FacebookSdk",
        "method": "isLoggingBehaviorEnabled",
        "arguments": "{\"0\":\"<instance: com.facebook.LoggingBehavior>\"}"
    },
    {
        "class": "com.facebook.FacebookSdk",
        "method": "isInitialized",
        "arguments": "{}"
    },
    {
        "class": "com.facebook.FacebookSdk",
        "method": "isDebugEnabled",
        "arguments": "{}"
    },
    {
        "class": "com.facebook.FacebookSdk",
        "method": "sdkInitialize$lambda-4",
        "arguments": "{\"0\":true}"
    },
    {
        "class": "com.facebook.FacebookSdk",
        "method": "getAutoLogAppEventsEnabled",
        "arguments": "{}"
    },
    {
        "class": "com.facebook.FacebookSdk",
        "method": "isLoggingBehaviorEnabled",
        "arguments": "{\"0\":\"<instance: com.facebook.LoggingBehavior>\"}"
    },
    {
        "class": "com.facebook.FacebookSdk",
        "method": "isInitialized",
        "arguments": "{}"
    },
    {
        "class": "com.facebook.FacebookSdk",
        "method": "getApplicationContext",
        "arguments": "{}"
    },
    {
        "class": "com.facebook.FacebookSdk",
        "method": "isDebugEnabled",
        "arguments": "{}"
    },
    {
        "class": "com.facebook.FacebookSdk",
        "method": "isInitialized",
        "arguments": "{}"
    },
    {
        "class": "com.facebook.FacebookSdk",
        "method": "isLoggingBehaviorEnabled",
        "arguments": "{\"0\":\"<instance: com.facebook.LoggingBehavior>\"}"
    },
    {
        "class": "com.facebook.FacebookSdk",
        "method": "getApplicationId",
        "arguments": "{}"
    },
    {
        "class": "com.facebook.FacebookSdk",
        "method": "isDebugEnabled",
        "arguments": "{}"
    },
    {
        "class": "com.facebook.FacebookSdk",
        "method": "isInitialized",
        "arguments": "{}"
    },
    {
        "class": "com.facebook.FacebookSdk",
        "method": "isLoggingBehaviorEnabled",
        "arguments": "{\"0\":\"<instance: com.facebook.LoggingBehavior>\"}"
    },
    {
        "class": "com.facebook.FacebookSdk",
        "method": "getApplicationContext",
        "arguments": "{}"
    },
    {
        "class": "com.facebook.FacebookSdk",
        "method": "isDebugEnabled",
        "arguments": "{}"
    },
    {
        "class": "com.facebook.FacebookSdk",
        "method": "isLoggingBehaviorEnabled",
        "arguments": "{\"0\":\"<instance: com.facebook.LoggingBehavior>\"}"
    },
    {
        "class": "com.facebook.FacebookSdk",
        "method": "isInitialized",
        "arguments": "{}"
    },
    {
        "class": "com.facebook.FacebookSdk",
        "method": "isDebugEnabled",
        "arguments": "{}"
    },
    {
        "class": "com.facebook.FacebookSdk",
        "method": "isLoggingBehaviorEnabled",
        "arguments": "{\"0\":\"<instance: com.facebook.LoggingBehavior>\"}"
    },
    {
        "class": "com.facebook.FacebookSdk",
        "method": "getApplicationId",
        "arguments": "{}"
    },
    {
        "class": "com.facebook.FacebookSdk",
        "method": "isDebugEnabled",
        "arguments": "{}"
    },
    {
        "class": "com.facebook.FacebookSdk",
        "method": "isInitialized",
        "arguments": "{}"
    },
    {
        "class": "com.facebook.FacebookSdk",
        "method": "isLoggingBehaviorEnabled",
        "arguments": "{\"0\":\"<instance: com.facebook.LoggingBehavior>\"}"
    },
    {
        "class": "com.facebook.FacebookSdk",
        "method": "getApplicationId",
        "arguments": "{}"
    },
    {
        "class": "com.facebook.FacebookSdk",
        "method": "isDebugEnabled",
        "arguments": "{}"
    },
    {
        "class": "com.facebook.FacebookSdk",
        "method": "isInitialized",
        "arguments": "{}"
    },
    {
        "class": "com.facebook.FacebookSdk",
        "method": "isLoggingBehaviorEnabled",
        "arguments": "{\"0\":\"<instance: com.facebook.LoggingBehavior>\"}"
    },
    {
        "class": "com.facebook.FacebookSdk",
        "method": "getApplicationId",
        "arguments": "{}"
    },
    {
        "class": "com.facebook.FacebookSdk",
        "method": "isDebugEnabled",
        "arguments": "{}"
    },
    {
        "class": "com.facebook.FacebookSdk",
        "method": "isInitialized",
        "arguments": "{}"
    },
    {
        "class": "com.facebook.FacebookSdk",
        "method": "isFullyInitialized",
        "arguments": "{}"
    },
    {
        "class": "com.facebook.FacebookSdk",
        "method": "getApplicationContext",
        "arguments": "{}"
    },
    {
        "class": "com.facebook.FacebookSdk",
        "method": "isInitialized",
        "arguments": "{}"
    },
    {
        "class": "com.facebook.FacebookSdk",
        "method": "getApplicationId",
        "arguments": "{}"
    },
    {
        "class": "com.facebook.FacebookSdk",
        "method": "isInitialized",
        "arguments": "{}"
    },
    {
        "class": "com.facebook.FacebookSdk",
        "method": "getApplicationId",
        "arguments": "{}"
    },
    {
        "class": "com.facebook.FacebookSdk",
        "method": "isInitialized",
        "arguments": "{}"
    },
    {
        "class": "com.facebook.FacebookSdk",
        "method": "sdkInitialize$lambda-5",
        "arguments": "{\"0\":true}"
    },
    {
        "class": "com.facebook.FacebookSdk",
        "method": "getApplicationContext",
        "arguments": "{}"
    },
    {
        "class": "com.facebook.FacebookSdk",
        "method": "isInitialized",
        "arguments": "{}"
    },
    {
        "class": "com.facebook.FacebookSdk",
        "method": "getApplicationId",
        "arguments": "{}"
    },
    {
        "class": "com.facebook.FacebookSdk",
        "method": "isInitialized",
        "arguments": "{}"
    },
    {
        "class": "com.facebook.FacebookSdk",
        "method": "getApplicationId",
        "arguments": "{}"
    },
    {
        "class": "com.adjust.sdk.Adjust",
        "method": "onResume",
        "arguments": "{}"
    },
    {
        "class": "com.facebook.FacebookSdk",
        "method": "isInitialized",
        "arguments": "{}"
    },
    {
        "class": "com.adjust.sdk.Adjust",
        "method": "getDefaultInstance",
        "arguments": "{}"
    },
    {
        "class": "com.facebook.FacebookSdk",
        "method": "getApplicationContext",
        "arguments": "{}"
    },
    {
        "class": "com.facebook.FacebookSdk",
        "method": "isInitialized",
        "arguments": "{}"
    },
    {
        "class": "com.facebook.FacebookSdk",
        "method": "getApplicationContext",
        "arguments": "{}"
    },
    {
        "class": "com.facebook.FacebookSdk",
        "method": "isInitialized",
        "arguments": "{}"
    },
    {
        "class": "com.facebook.FacebookSdk",
        "method": "getApplicationId",
        "arguments": "{}"
    },
    {
        "class": "com.facebook.FacebookSdk",
        "method": "isInitialized",
        "arguments": "{}"
    },
    {
        "class": "com.facebook.FacebookSdk",
        "method": "getApplicationId",
        "arguments": "{}"
    },
    {
        "class": "com.facebook.FacebookSdk",
        "method": "isInitialized",
        "arguments": "{}"
    },
    {
        "class": "com.facebook.FacebookSdk",
        "method": "getApplicationId",
        "arguments": "{}"
    },
    {
        "class": "com.facebook.FacebookSdk",
        "method": "isInitialized",
        "arguments": "{}"
    },
    {
        "class": "com.facebook.FacebookSdk",
        "method": "getApplicationId",
        "arguments": "{}"
    },
    {
        "class": "com.facebook.FacebookSdk",
        "method": "isInitialized",
        "arguments": "{}"
    },
    {
        "class": "com.facebook.FacebookSdk",
        "method": "sdkInitialize$lambda-6",
        "arguments": "{\"0\":false}"
    },
    {
        "class": "com.facebook.FacebookSdk",
        "method": "getApplicationContext",
        "arguments": "{}"
    },
    {
        "class": "com.facebook.FacebookSdk",
        "method": "isInitialized",
        "arguments": "{}"
    },
    {
        "class": "com.facebook.FacebookSdk",
        "method": "getApplicationContext",
        "arguments": "{}"
    },
    {
        "class": "com.facebook.FacebookSdk",
        "method": "isInitialized",
        "arguments": "{}"
    },
    {
        "class": "com.facebook.FacebookSdk",
        "method": "getApplicationId",
        "arguments": "{}"
    },
    {
        "class": "com.facebook.FacebookSdk",
        "method": "isInitialized",
        "arguments": "{}"
    },
    {
        "class": "com.facebook.FacebookSdk",
        "method": "getApplicationId",
        "arguments": "{}"
    },
    {
        "class": "com.facebook.FacebookSdk",
        "method": "isInitialized",
        "arguments": "{}"
    },
    {
        "class": "com.facebook.FacebookSdk",
        "method": "getApplicationId",
        "arguments": "{}"
    },
    {
        "class": "com.facebook.FacebookSdk",
        "method": "isInitialized",
        "arguments": "{}"
    },
    {
        "class": "com.facebook.FacebookSdk",
        "method": "getApplicationId",
        "arguments": "{}"
    },
    {
        "class": "com.facebook.FacebookSdk",
        "method": "isLoggingBehaviorEnabled",
        "arguments": "{\"0\":\"<instance: com.facebook.LoggingBehavior>\"}"
    },
    {
        "class": "com.facebook.FacebookSdk",
        "method": "isInitialized",
        "arguments": "{}"
    },
    {
        "class": "com.facebook.FacebookSdk",
        "method": "isDebugEnabled",
        "arguments": "{}"
    },
    {
        "class": "com.facebook.FacebookSdk",
        "method": "sdkInitialize$lambda-7",
        "arguments": "{\"0\":false}"
    },
    {
        "class": "com.facebook.FacebookSdk",
        "method": "getApplicationContext",
        "arguments": "{}"
    },
    {
        "class": "com.facebook.FacebookSdk",
        "method": "isInitialized",
        "arguments": "{}"
    },
    {
        "class": "com.facebook.FacebookSdk",
        "method": "getApplicationContext",
        "arguments": "{}"
    },
    {
        "class": "com.facebook.FacebookSdk",
        "method": "isLoggingBehaviorEnabled",
        "arguments": "{\"0\":\"<instance: com.facebook.LoggingBehavior>\"}"
    },
    {
        "class": "com.facebook.FacebookSdk",
        "method": "isInitialized",
        "arguments": "{}"
    },
    {
        "class": "com.facebook.FacebookSdk",
        "method": "getApplicationId",
        "arguments": "{}"
    },
    {
        "class": "com.facebook.FacebookSdk",
        "method": "isDebugEnabled",
        "arguments": "{}"
    },
    {
        "class": "com.facebook.FacebookSdk",
        "method": "isInitialized",
        "arguments": "{}"
    },
    {
        "class": "com.facebook.FacebookSdk",
        "method": "getApplicationId",
        "arguments": "{}"
    },
    {
        "class": "com.facebook.FacebookSdk",
        "method": "getApplicationId",
        "arguments": "{}"
    },
    {
        "class": "com.facebook.FacebookSdk",
        "method": "isInitialized",
        "arguments": "{}"
    },
    {
        "class": "com.facebook.FacebookSdk",
        "method": "isInitialized",
        "arguments": "{}"
    },
    {
        "class": "com.facebook.FacebookSdk",
        "method": "getApplicationId",
        "arguments": "{}"
    },
    {
        "class": "com.facebook.FacebookSdk",
        "method": "isLoggingBehaviorEnabled",
        "arguments": "{\"0\":\"<instance: com.facebook.LoggingBehavior>\"}"
    },
    {
        "class": "com.facebook.FacebookSdk",
        "method": "isInitialized",
        "arguments": "{}"
    },
    {
        "class": "com.facebook.FacebookSdk",
        "method": "getApplicationId",
        "arguments": "{}"
    },
    {
        "class": "com.facebook.FacebookSdk",
        "method": "isLoggingBehaviorEnabled",
        "arguments": "{\"0\":\"<instance: com.facebook.LoggingBehavior>\"}"
    },
    {
        "class": "com.facebook.FacebookSdk",
        "method": "isDebugEnabled",
        "arguments": "{}"
    },
    {
        "class": "com.facebook.FacebookSdk",
        "method": "isDebugEnabled",
        "arguments": "{}"
    },
    {
        "class": "com.facebook.FacebookSdk",
        "method": "isInitialized",
        "arguments": "{}"
    },
    {
        "class": "com.facebook.FacebookSdk",
        "method": "isLoggingBehaviorEnabled",
        "arguments": "{\"0\":\"<instance: com.facebook.LoggingBehavior>\"}"
    },
    {
        "class": "com.facebook.FacebookSdk",
        "method": "getApplicationId",
        "arguments": "{}"
    },
    {
        "class": "com.facebook.FacebookSdk",
        "method": "isDebugEnabled",
        "arguments": "{}"
    },
    {
        "class": "com.facebook.FacebookSdk",
        "method": "getGraphApiVersion",
        "arguments": "{}"
    },
    {
        "class": "com.facebook.FacebookSdk",
        "method": "isInitialized",
        "arguments": "{}"
    },
    {
        "class": "com.facebook.FacebookSdk",
        "method": "isDebugEnabled",
        "arguments": "{}"
    },
    {
        "class": "com.facebook.FacebookSdk",
        "method": "getApplicationContext",
        "arguments": "{}"
    },
    {
        "class": "com.facebook.FacebookSdk",
        "method": "sdkInitialize$lambda-8",
        "arguments": "{\"0\":false}"
    },
    {
        "class": "com.facebook.FacebookSdk",
        "method": "isInitialized",
        "arguments": "{}"
    },
    {
        "class": "com.facebook.FacebookSdk",
        "method": "getApplicationContext",
        "arguments": "{}"
    },
    {
        "class": "com.facebook.FacebookSdk",
        "method": "getApplicationContext",
        "arguments": "{}"
    },
    {
        "class": "com.facebook.FacebookSdk",
        "method": "isInitialized",
        "arguments": "{}"
    },
    {
        "class": "com.facebook.FacebookSdk",
        "method": "isInitialized",
        "arguments": "{}"
    },
    {
        "class": "com.facebook.FacebookSdk",
        "method": "isLoggingBehaviorEnabled",
        "arguments": "{\"0\":\"<instance: com.facebook.LoggingBehavior>\"}"
    },
    {
        "class": "com.facebook.FacebookSdk",
        "method": "getApplicationContext",
        "arguments": "{}"
    },
    {
        "class": "com.facebook.FacebookSdk",
        "method": "isDebugEnabled",
        "arguments": "{}"
    },
    {
        "class": "com.facebook.FacebookSdk",
        "method": "getApplicationContext",
        "arguments": "{}"
    },
    {
        "class": "com.facebook.FacebookSdk",
        "method": "isInitialized",
        "arguments": "{}"
    },
    {
        "class": "com.facebook.FacebookSdk",
        "method": "isInitialized",
        "arguments": "{}"
    },
    {
        "class": "com.facebook.FacebookSdk",
        "method": "getApplicationId",
        "arguments": "{}"
    },
    {
        "class": "com.facebook.FacebookSdk",
        "method": "getApplicationContext",
        "arguments": "{}"
    },
    {
        "class": "com.facebook.FacebookSdk",
        "method": "isInitialized",
        "arguments": "{}"
    },
    {
        "class": "com.facebook.FacebookSdk",
        "method": "isInitialized",
        "arguments": "{}"
    },
    {
        "class": "com.facebook.FacebookSdk",
        "method": "getApplicationId",
        "arguments": "{}"
    },
    {
        "class": "com.facebook.FacebookSdk",
        "method": "getApplicationContext",
        "arguments": "{}"
    },
    {
        "class": "com.facebook.FacebookSdk",
        "method": "isInitialized",
        "arguments": "{}"
    },
    {
        "class": "com.facebook.FacebookSdk",
        "method": "isInitialized",
        "arguments": "{}"
    },
    {
        "class": "com.facebook.FacebookSdk",
        "method": "getApplicationId",
        "arguments": "{}"
    },
    {
        "class": "com.facebook.FacebookSdk",
        "method": "getApplicationContext",
        "arguments": "{}"
    },
    {
        "class": "com.facebook.FacebookSdk",
        "method": "isInitialized",
        "arguments": "{}"
    },
    {
        "class": "com.facebook.FacebookSdk",
        "method": "getApplicationContext",
        "arguments": "{}"
    },
    {
        "class": "com.facebook.FacebookSdk",
        "method": "isInitialized",
        "arguments": "{}"
    },
    {
        "class": "com.facebook.FacebookSdk",
        "method": "isInitialized",
        "arguments": "{}"
    },
    {
        "class": "com.facebook.FacebookSdk",
        "method": "getApplicationId",
        "arguments": "{}"
    },
    {
        "class": "com.facebook.FacebookSdk",
        "method": "getApplicationContext",
        "arguments": "{}"
    },
    {
        "class": "com.facebook.FacebookSdk",
        "method": "isInitialized",
        "arguments": "{}"
    },
    {
        "class": "com.facebook.FacebookSdk",
        "method": "isInitialized",
        "arguments": "{}"
    },
    {
        "class": "com.facebook.FacebookSdk",
        "method": "getApplicationContext",
        "arguments": "{}"
    },
    {
        "class": "com.facebook.FacebookSdk",
        "method": "isInitialized",
        "arguments": "{}"
    },
    {
        "class": "com.facebook.FacebookSdk",
        "method": "getAutoLogAppEventsEnabled",
        "arguments": "{}"
    },
    {
        "class": "com.facebook.FacebookSdk",
        "method": "isInitialized",
        "arguments": "{}"
    },
    {
        "class": "com.facebook.FacebookSdk",
        "method": "getApplicationContext",
        "arguments": "{}"
    },
    {
        "class": "com.facebook.FacebookSdk",
        "method": "isInitialized",
        "arguments": "{}"
    },
    {
        "class": "com.facebook.FacebookSdk",
        "method": "isInitialized",
        "arguments": "{}"
    },
    {
        "class": "com.facebook.FacebookSdk",
        "method": "getApplicationId",
        "arguments": "{}"
    },
    {
        "class": "com.facebook.FacebookSdk",
        "method": "isInitialized",
        "arguments": "{}"
    },
    {
        "class": "com.facebook.FacebookSdk",
        "method": "getApplicationContext",
        "arguments": "{}"
    },
    {
        "class": "com.facebook.FacebookSdk",
        "method": "getApplicationContext",
        "arguments": "{}"
    },
    {
        "class": "com.facebook.FacebookSdk",
        "method": "getApplicationId",
        "arguments": "{}"
    },
    {
        "class": "com.facebook.FacebookSdk",
        "method": "isInitialized",
        "arguments": "{}"
    },
    {
        "class": "com.facebook.FacebookSdk",
        "method": "isInitialized",
        "arguments": "{}"
    },
    {
        "class": "com.facebook.FacebookSdk",
        "method": "getApplicationId",
        "arguments": "{}"
    },
    {
        "class": "com.facebook.FacebookSdk",
        "method": "getApplicationId",
        "arguments": "{}"
    },
    {
        "class": "com.facebook.FacebookSdk",
        "method": "isInitialized",
        "arguments": "{}"
    },
    {
        "class": "com.facebook.FacebookSdk",
        "method": "isInitialized",
        "arguments": "{}"
    },
    {
        "class": "com.facebook.FacebookSdk",
        "method": "getAutoLogAppEventsEnabled",
        "arguments": "{}"
    },
    {
        "class": "com.facebook.FacebookSdk",
        "method": "getApplicationId",
        "arguments": "{}"
    },
    {
        "class": "com.facebook.FacebookSdk",
        "method": "isInitialized",
        "arguments": "{}"
    },
    {
        "class": "com.facebook.FacebookSdk",
        "method": "isInitialized",
        "arguments": "{}"
    },
    {
        "class": "com.facebook.FacebookSdk",
        "method": "isInitialized",
        "arguments": "{}"
    },
    {
        "class": "com.facebook.FacebookSdk",
        "method": "getApplicationContext",
        "arguments": "{}"
    },
    {
        "class": "com.facebook.FacebookSdk",
        "method": "isInitialized",
        "arguments": "{}"
    },
    {
        "class": "com.facebook.FacebookSdk",
        "method": "getApplicationId",
        "arguments": "{}"
    },
    {
        "class": "com.facebook.FacebookSdk",
        "method": "getAdvertiserIDCollectionEnabled",
        "arguments": "{}"
    },
    {
        "class": "com.facebook.FacebookSdk",
        "method": "getApplicationContext",
        "arguments": "{}"
    },
    {
        "class": "com.facebook.FacebookSdk",
        "method": "isInitialized",
        "arguments": "{}"
    },
    {
        "class": "com.facebook.FacebookSdk",
        "method": "isInitialized",
        "arguments": "{}"
    },
    {
        "class": "com.facebook.FacebookSdk",
        "method": "isInitialized",
        "arguments": "{}"
    },
    {
        "class": "com.facebook.FacebookSdk",
        "method": "getApplicationContext",
        "arguments": "{}"
    },
    {
        "class": "com.facebook.FacebookSdk",
        "method": "getApplicationContext",
        "arguments": "{}"
    },
    {
        "class": "com.facebook.FacebookSdk",
        "method": "getApplicationContext",
        "arguments": "{}"
    },
    {
        "class": "com.facebook.FacebookSdk",
        "method": "isInitialized",
        "arguments": "{}"
    },
    {
        "class": "com.facebook.FacebookSdk",
        "method": "isInitialized",
        "arguments": "{}"
    },
    {
        "class": "com.facebook.FacebookSdk",
        "method": "isInitialized",
        "arguments": "{}"
    },
    {
        "class": "com.facebook.FacebookSdk",
        "method": "isInitialized",
        "arguments": "{}"
    },
    {
        "class": "com.facebook.FacebookSdk",
        "method": "getApplicationContext",
        "arguments": "{}"
    },
    {
        "class": "com.facebook.FacebookSdk",
        "method": "getApplicationContext",
        "arguments": "{}"
    },
    {
        "class": "com.facebook.FacebookSdk",
        "method": "isInitialized",
        "arguments": "{}"
    },
    {
        "class": "com.facebook.FacebookSdk",
        "method": "getApplicationContext",
        "arguments": "{}"
    },
    {
        "class": "com.facebook.FacebookSdk",
        "method": "isInitialized",
        "arguments": "{}"
    },
    {
        "class": "com.facebook.FacebookSdk",
        "method": "isInitialized",
        "arguments": "{}"
    },
    {
        "class": "com.facebook.FacebookSdk",
        "method": "getApplicationId",
        "arguments": "{}"
    },
    {
        "class": "com.facebook.FacebookSdk",
        "method": "publishInstallAsync",
        "arguments": "{\"0\":\"<instance: android.content.Context, $className: com.safedk.android.SafeDKApplication>\",\"1\":\"1646321876217779\"}"
    },
    {
        "class": "com.facebook.FacebookSdk",
        "method": "getApplicationContext",
        "arguments": "{}"
    },
    {
        "class": "com.facebook.FacebookSdk",
        "method": "isInitialized",
        "arguments": "{}"
    },
    {
        "class": "com.facebook.FacebookSdk",
        "method": "getApplicationId",
        "arguments": "{}"
    },
    {
        "class": "com.facebook.FacebookSdk",
        "method": "isInitialized",
        "arguments": "{}"
    },
    {
        "class": "com.facebook.FacebookSdk",
        "method": "isInitialized",
        "arguments": "{}"
    },
    {
        "class": "com.facebook.FacebookSdk",
        "method": "getApplicationId",
        "arguments": "{}"
    },
    {
        "class": "com.facebook.FacebookSdk",
        "method": "getApplicationContext",
        "arguments": "{}"
    },
    {
        "class": "com.facebook.FacebookSdk",
        "method": "isInitialized",
        "arguments": "{}"
    },
    {
        "class": "com.facebook.FacebookSdk",
        "method": "getApplicationContext",
        "arguments": "{}"
    },
    {
        "class": "com.facebook.FacebookSdk",
        "method": "isInitialized",
        "arguments": "{}"
    },
    {
        "class": "com.facebook.FacebookSdk",
        "method": "isInitialized",
        "arguments": "{}"
    },
    {
        "class": "com.facebook.FacebookSdk",
        "method": "getApplicationId",
        "arguments": "{}"
    },
    {
        "class": "com.facebook.FacebookSdk",
        "method": "getApplicationId",
        "arguments": "{}"
    },
    {
        "class": "com.facebook.FacebookSdk",
        "method": "isInitialized",
        "arguments": "{}"
    },
    {
        "class": "com.facebook.FacebookSdk",
        "method": "isInitialized",
        "arguments": "{}"
    },
    {
        "class": "com.facebook.FacebookSdk",
        "method": "isInitialized",
        "arguments": "{}"
    },
    {
        "class": "com.facebook.FacebookSdk",
        "method": "getAdvertiserIDCollectionEnabled",
        "arguments": "{}"
    },
    {
        "class": "com.facebook.FacebookSdk",
        "method": "getExecutor",
        "arguments": "{}"
    },
    {
        "class": "com.facebook.FacebookSdk",
        "method": "publishInstallAsync$lambda-15",
        "arguments": "{\"0\":\"<instance: android.content.Context, $className: com.safedk.android.SafeDKApplication>\",\"1\":\"1646321876217779\"}"
    },
    {
        "class": "com.facebook.FacebookSdk",
        "method": "getApplicationContext",
        "arguments": "{}"
    },
    {
        "class": "com.facebook.FacebookSdk",
        "method": "getApplicationId",
        "arguments": "{}"
    },
    {
        "class": "com.facebook.FacebookSdk",
        "method": "isInitialized",
        "arguments": "{}"
    },
    {
        "class": "com.facebook.FacebookSdk",
        "method": "isInitialized",
        "arguments": "{}"
    },
    {
        "class": "com.facebook.FacebookSdk",
        "method": "publishInstallAndWaitForResponse",
        "arguments": "{\"0\":\"<instance: android.content.Context, $className: com.safedk.android.SafeDKApplication>\",\"1\":\"1646321876217779\"}"
    },
    {
        "class": "com.facebook.FacebookSdk",
        "method": "isInitialized",
        "arguments": "{}"
    },
    {
        "class": "com.facebook.FacebookSdk",
        "method": "isInitialized",
        "arguments": "{}"
    },
    {
        "class": "com.facebook.FacebookSdk",
        "method": "getApplicationContext",
        "arguments": "{}"
    },
    {
        "class": "com.facebook.FacebookSdk",
        "method": "getAdvertiserIDCollectionEnabled",
        "arguments": "{}"
    },
    {
        "class": "com.facebook.FacebookSdk",
        "method": "isInitialized",
        "arguments": "{}"
    },
    {
        "class": "com.facebook.FacebookSdk",
        "method": "isInitialized",
        "arguments": "{}"
    },
    {
        "class": "com.facebook.FacebookSdk",
        "method": "getApplicationId",
        "arguments": "{}"
    },
    {
        "class": "com.facebook.FacebookSdk",
        "method": "getApplicationId",
        "arguments": "{}"
    },
    {
        "class": "com.facebook.FacebookSdk",
        "method": "isInitialized",
        "arguments": "{}"
    },
    {
        "class": "com.facebook.FacebookSdk",
        "method": "isInitialized",
        "arguments": "{}"
    },
    {
        "class": "com.facebook.FacebookSdk",
        "method": "getApplicationId",
        "arguments": "{}"
    },
    {
        "class": "com.facebook.FacebookSdk",
        "method": "isInitialized",
        "arguments": "{}"
    },
    {
        "class": "com.facebook.FacebookSdk",
        "method": "getApplicationContext",
        "arguments": "{}"
    },
    {
        "class": "com.facebook.FacebookSdk",
        "method": "getApplicationId",
        "arguments": "{}"
    },
    {
        "class": "com.facebook.FacebookSdk",
        "method": "isInitialized",
        "arguments": "{}"
    },
    {
        "class": "com.facebook.FacebookSdk",
        "method": "isInitialized",
        "arguments": "{}"
    },
    {
        "class": "com.facebook.FacebookSdk",
        "method": "getApplicationId",
        "arguments": "{}"
    },
    {
        "class": "com.facebook.FacebookSdk",
        "method": "isLoggingBehaviorEnabled",
        "arguments": "{\"0\":\"<instance: com.facebook.LoggingBehavior>\"}"
    },
    {
        "class": "com.facebook.FacebookSdk",
        "method": "isInitialized",
        "arguments": "{}"
    },
    {
        "class": "com.facebook.FacebookSdk",
        "method": "isDebugEnabled",
        "arguments": "{}"
    },
    {
        "class": "com.facebook.FacebookSdk",
        "method": "isLoggingBehaviorEnabled",
        "arguments": "{\"0\":\"<instance: com.facebook.LoggingBehavior>\"}"
    },
    {
        "class": "com.facebook.FacebookSdk",
        "method": "getApplicationId",
        "arguments": "{}"
    },
    {
        "class": "com.facebook.FacebookSdk",
        "method": "getApplicationId",
        "arguments": "{}"
    },
    {
        "class": "com.facebook.FacebookSdk",
        "method": "isDebugEnabled",
        "arguments": "{}"
    },
    {
        "class": "com.facebook.FacebookSdk",
        "method": "isInitialized",
        "arguments": "{}"
    },
    {
        "class": "com.facebook.FacebookSdk",
        "method": "isLoggingBehaviorEnabled",
        "arguments": "{\"0\":\"<instance: com.facebook.LoggingBehavior>\"}"
    },
    {
        "class": "com.facebook.FacebookSdk",
        "method": "isInitialized",
        "arguments": "{}"
    },
    {
        "class": "com.facebook.FacebookSdk",
        "method": "isDebugEnabled",
        "arguments": "{}"
    },
    {
        "class": "com.facebook.FacebookSdk",
        "method": "getApplicationId",
        "arguments": "{}"
    },
    {
        "class": "com.facebook.FacebookSdk",
        "method": "getApplicationId",
        "arguments": "{}"
    },
    {
        "class": "com.facebook.FacebookSdk",
        "method": "getGraphDomain",
        "arguments": "{}"
    },
    {
        "class": "com.google.firebase.analytics.FirebaseAnalytics",
        "method": "getInstance",
        "arguments": "{\"0\":\"<instance: android.content.Context, $className: com.unity3d.player.UnityPlayerActivity>\"}"
    },
    {
        "class": "com.facebook.FacebookSdk",
        "method": "isInitialized",
        "arguments": "{}"
    },
    {
        "class": "com.facebook.FacebookSdk",
        "method": "getFacebookDomain",
        "arguments": "{}"
    },
    {
        "class": "com.facebook.FacebookSdk",
        "method": "isInitialized",
        "arguments": "{}"
    },
    {
        "class": "com.facebook.FacebookSdk",
        "method": "getGraphDomain",
        "arguments": "{}"
    },
    {
        "class": "com.facebook.FacebookSdk",
        "method": "getAutoLogAppEventsEnabled",
        "arguments": "{}"
    },
    {
        "class": "com.google.firebase.analytics.FirebaseAnalytics",
        "method": "getInstance",
        "arguments": "{\"0\":\"<instance: android.content.Context, $className: com.unity3d.player.UnityPlayerActivity>\"}"
    },
    {
        "class": "com.facebook.FacebookSdk",
        "method": "getFacebookDomain",
        "arguments": "{}"
    },
    {
        "class": "com.facebook.FacebookSdk",
        "method": "isInitialized",
        "arguments": "{}"
    },
    {
        "class": "com.facebook.FacebookSdk",
        "method": "getApplicationContext",
        "arguments": "{}"
    },
    {
        "class": "com.facebook.FacebookSdk",
        "method": "getGraphDomain",
        "arguments": "{}"
    },
    {
        "class": "com.facebook.FacebookSdk",
        "method": "isInitialized",
        "arguments": "{}"
    },
    {
        "class": "com.facebook.FacebookSdk",
        "method": "getFacebookDomain",
        "arguments": "{}"
    },
    {
        "class": "com.facebook.FacebookSdk",
        "method": "getApplicationId",
        "arguments": "{}"
    },
    {
        "class": "com.facebook.FacebookSdk",
        "method": "isLoggingBehaviorEnabled",
        "arguments": "{\"0\":\"<instance: com.facebook.LoggingBehavior>\"}"
    },
    {
        "class": "com.facebook.FacebookSdk",
        "method": "isDebugEnabled",
        "arguments": "{}"
    },
    {
        "class": "com.facebook.FacebookSdk",
        "method": "isInitialized",
        "arguments": "{}"
    },
    {
        "class": "com.google.firebase.analytics.FirebaseAnalytics",
        "method": "logEvent",
        "arguments": "{\"0\":\"PlayerDataManager_Initialization\",\"1\":\"<instance: android.os.Bundle>\"}"
    },
    {
        "class": "com.facebook.FacebookSdk",
        "method": "isLoggingBehaviorEnabled",
        "arguments": "{\"0\":\"<instance: com.facebook.LoggingBehavior>\"}"
    },
    {
        "class": "com.google.firebase.analytics.FirebaseAnalytics",
        "method": "logEvent",
        "arguments": "{\"0\":\"Backpack_Initialization\",\"1\":\"<instance: android.os.Bundle>\"}"
    },
    {
        "class": "com.facebook.FacebookSdk",
        "method": "getApplicationContext",
        "arguments": "{}"
    },
    {
        "class": "com.facebook.FacebookSdk",
        "method": "isDebugEnabled",
        "arguments": "{}"
    },
    {
        "class": "com.facebook.FacebookSdk",
        "method": "isInitialized",
        "arguments": "{}"
    },
    {
        "class": "com.facebook.FacebookSdk",
        "method": "isLoggingBehaviorEnabled",
        "arguments": "{\"0\":\"<instance: com.facebook.LoggingBehavior>\"}"
    },
    {
        "class": "com.facebook.FacebookSdk",
        "method": "getApplicationContext",
        "arguments": "{}"
    },
    {
        "class": "com.facebook.FacebookSdk",
        "method": "isDebugEnabled",
        "arguments": "{}"
    },
    {
        "class": "com.facebook.FacebookSdk",
        "method": "isInitialized",
        "arguments": "{}"
    },
    {
        "class": "com.facebook.FacebookSdk",
        "method": "isLoggingBehaviorEnabled",
        "arguments": "{\"0\":\"<instance: com.facebook.LoggingBehavior>\"}"
    },
    {
        "class": "com.facebook.FacebookSdk",
        "method": "getApplicationContext",
        "arguments": "{}"
    },
    {
        "class": "com.facebook.FacebookSdk",
        "method": "isDebugEnabled",
        "arguments": "{}"
    },
    {
        "class": "com.facebook.FacebookSdk",
        "method": "isLoggingBehaviorEnabled",
        "arguments": "{\"0\":\"<instance: com.facebook.LoggingBehavior>\"}"
    },
    {
        "class": "com.facebook.FacebookSdk",
        "method": "isInitialized",
        "arguments": "{}"
    },
    {
        "class": "com.facebook.FacebookSdk",
        "method": "getApplicationContext",
        "arguments": "{}"
    },
    {
        "class": "com.facebook.FacebookSdk",
        "method": "isDebugEnabled",
        "arguments": "{}"
    },
    {
        "class": "com.facebook.FacebookSdk",
        "method": "isInitialized",
        "arguments": "{}"
    },
    {
        "class": "com.facebook.FacebookSdk",
        "method": "isLoggingBehaviorEnabled",
        "arguments": "{\"0\":\"<instance: com.facebook.LoggingBehavior>\"}"
    },
    {
        "class": "com.facebook.FacebookSdk",
        "method": "getApplicationContext",
        "arguments": "{}"
    },
    {
        "class": "com.facebook.FacebookSdk",
        "method": "isDebugEnabled",
        "arguments": "{}"
    },
    {
        "class": "com.facebook.FacebookSdk",
        "method": "isInitialized",
        "arguments": "{}"
    },
    {
        "class": "com.facebook.FacebookSdk",
        "method": "isLoggingBehaviorEnabled",
        "arguments": "{\"0\":\"<instance: com.facebook.LoggingBehavior>\"}"
    },
    {
        "class": "com.facebook.FacebookSdk",
        "method": "getApplicationContext",
        "arguments": "{}"
    },
    {
        "class": "com.facebook.FacebookSdk",
        "method": "isDebugEnabled",
        "arguments": "{}"
    },
    {
        "class": "com.facebook.FacebookSdk",
        "method": "isInitialized",
        "arguments": "{}"
    },
    {
        "class": "com.facebook.FacebookSdk",
        "method": "getApplicationId",
        "arguments": "{}"
    },
    {
        "class": "com.facebook.FacebookSdk",
        "method": "isLoggingBehaviorEnabled",
        "arguments": "{\"0\":\"<instance: com.facebook.LoggingBehavior>\"}"
    },
    {
        "class": "com.facebook.FacebookSdk",
        "method": "isInitialized",
        "arguments": "{}"
    },
    {
        "class": "com.facebook.FacebookSdk",
        "method": "isDebugEnabled",
        "arguments": "{}"
    },
    {
        "class": "com.facebook.FacebookSdk",
        "method": "getApplicationId",
        "arguments": "{}"
    },
    {
        "class": "com.facebook.FacebookSdk",
        "method": "isInitialized",
        "arguments": "{}"
    },
    {
        "class": "com.facebook.FacebookSdk",
        "method": "isLoggingBehaviorEnabled",
        "arguments": "{\"0\":\"<instance: com.facebook.LoggingBehavior>\"}"
    },
    {
        "class": "com.facebook.FacebookSdk",
        "method": "getApplicationId",
        "arguments": "{}"
    },
    {
        "class": "com.facebook.FacebookSdk",
        "method": "isDebugEnabled",
        "arguments": "{}"
    },
    {
        "class": "com.facebook.FacebookSdk",
        "method": "isInitialized",
        "arguments": "{}"
    },
    {
        "class": "com.facebook.FacebookSdk",
        "method": "isLoggingBehaviorEnabled",
        "arguments": "{\"0\":\"<instance: com.facebook.LoggingBehavior>\"}"
    },
    {
        "class": "com.facebook.FacebookSdk",
        "method": "getApplicationId",
        "arguments": "{}"
    },
    {
        "class": "com.facebook.FacebookSdk",
        "method": "isDebugEnabled",
        "arguments": "{}"
    },
    {
        "class": "com.facebook.FacebookSdk",
        "method": "isInitialized",
        "arguments": "{}"
    },
    {
        "class": "com.facebook.FacebookSdk",
        "method": "isLoggingBehaviorEnabled",
        "arguments": "{\"0\":\"<instance: com.facebook.LoggingBehavior>\"}"
    },
    {
        "class": "com.facebook.FacebookSdk",
        "method": "getApplicationId",
        "arguments": "{}"
    },
    {
        "class": "com.facebook.FacebookSdk",
        "method": "isInitialized",
        "arguments": "{}"
    },
    {
        "class": "com.facebook.FacebookSdk",
        "method": "isDebugEnabled",
        "arguments": "{}"
    },
    {
        "class": "com.facebook.FacebookSdk",
        "method": "getApplicationId",
        "arguments": "{}"
    },
    {
        "class": "com.facebook.FacebookSdk",
        "method": "isInitialized",
        "arguments": "{}"
    },
    {
        "class": "com.facebook.FacebookSdk",
        "method": "isLoggingBehaviorEnabled",
        "arguments": "{\"0\":\"<instance: com.facebook.LoggingBehavior>\"}"
    },
    {
        "class": "com.facebook.FacebookSdk",
        "method": "getApplicationContext",
        "arguments": "{}"
    },
    {
        "class": "com.facebook.FacebookSdk",
        "method": "isDebugEnabled",
        "arguments": "{}"
    },
    {
        "class": "com.facebook.FacebookSdk",
        "method": "isInitialized",
        "arguments": "{}"
    },
    {
        "class": "com.facebook.FacebookSdk",
        "method": "isLoggingBehaviorEnabled",
        "arguments": "{\"0\":\"<instance: com.facebook.LoggingBehavior>\"}"
    },
    {
        "class": "com.facebook.FacebookSdk",
        "method": "getApplicationContext",
        "arguments": "{}"
    },
    {
        "class": "com.facebook.FacebookSdk",
        "method": "isInitialized",
        "arguments": "{}"
    },
    {
        "class": "com.facebook.FacebookSdk",
        "method": "isDebugEnabled",
        "arguments": "{}"
    },
    {
        "class": "com.facebook.FacebookSdk",
        "method": "getApplicationId",
        "arguments": "{}"
    },
    {
        "class": "com.facebook.FacebookSdk",
        "method": "isInitialized",
        "arguments": "{}"
    },
    {
        "class": "com.facebook.FacebookSdk",
        "method": "isLoggingBehaviorEnabled",
        "arguments": "{\"0\":\"<instance: com.facebook.LoggingBehavior>\"}"
    },
    {
        "class": "com.facebook.FacebookSdk",
        "method": "getApplicationId",
        "arguments": "{}"
    },
    {
        "class": "com.facebook.FacebookSdk",
        "method": "isInitialized",
        "arguments": "{}"
    },
    {
        "class": "com.facebook.FacebookSdk",
        "method": "isDebugEnabled",
        "arguments": "{}"
    },
    {
        "class": "com.facebook.FacebookSdk",
        "method": "getApplicationId",
        "arguments": "{}"
    },
    {
        "class": "com.facebook.FacebookSdk",
        "method": "isInitialized",
        "arguments": "{}"
    },
    {
        "class": "com.facebook.FacebookSdk",
        "method": "isLoggingBehaviorEnabled",
        "arguments": "{\"0\":\"<instance: com.facebook.LoggingBehavior>\"}"
    },
    {
        "class": "com.facebook.FacebookSdk",
        "method": "getApplicationId",
        "arguments": "{}"
    },
    {
        "class": "com.facebook.FacebookSdk",
        "method": "isDebugEnabled",
        "arguments": "{}"
    },
    {
        "class": "com.facebook.FacebookSdk",
        "method": "isInitialized",
        "arguments": "{}"
    },
    {
        "class": "com.facebook.FacebookSdk",
        "method": "isLoggingBehaviorEnabled",
        "arguments": "{\"0\":\"<instance: com.facebook.LoggingBehavior>\"}"
    },
    {
        "class": "com.facebook.FacebookSdk",
        "method": "getApplicationContext",
        "arguments": "{}"
    },
    {
        "class": "com.facebook.FacebookSdk",
        "method": "isDebugEnabled",
        "arguments": "{}"
    },
    {
        "class": "com.facebook.FacebookSdk",
        "method": "isInitialized",
        "arguments": "{}"
    },
    {
        "class": "com.facebook.FacebookSdk",
        "method": "getApplicationContext",
        "arguments": "{}"
    },
    {
        "class": "com.facebook.FacebookSdk",
        "method": "isLoggingBehaviorEnabled",
        "arguments": "{\"0\":\"<instance: com.facebook.LoggingBehavior>\"}"
    },
    {
        "class": "com.facebook.FacebookSdk",
        "method": "isInitialized",
        "arguments": "{}"
    },
    {
        "class": "com.facebook.FacebookSdk",
        "method": "isDebugEnabled",
        "arguments": "{}"
    },
    {
        "class": "com.facebook.FacebookSdk",
        "method": "getApplicationId",
        "arguments": "{}"
    },
    {
        "class": "com.facebook.FacebookSdk",
        "method": "isInitialized",
        "arguments": "{}"
    },
    {
        "class": "com.facebook.FacebookSdk",
        "method": "isLoggingBehaviorEnabled",
        "arguments": "{\"0\":\"<instance: com.facebook.LoggingBehavior>\"}"
    },
    {
        "class": "com.facebook.FacebookSdk",
        "method": "getApplicationId",
        "arguments": "{}"
    },
    {
        "class": "com.facebook.FacebookSdk",
        "method": "isDebugEnabled",
        "arguments": "{}"
    },
    {
        "class": "com.facebook.FacebookSdk",
        "method": "isInitialized",
        "arguments": "{}"
    },
    {
        "class": "com.facebook.FacebookSdk",
        "method": "isLoggingBehaviorEnabled",
        "arguments": "{\"0\":\"<instance: com.facebook.LoggingBehavior>\"}"
    },
    {
        "class": "com.facebook.FacebookSdk",
        "method": "getApplicationId",
        "arguments": "{}"
    },
    {
        "class": "com.facebook.FacebookSdk",
        "method": "isInitialized",
        "arguments": "{}"
    },
    {
        "class": "com.facebook.FacebookSdk",
        "method": "isDebugEnabled",
        "arguments": "{}"
    },
    {
        "class": "com.facebook.FacebookSdk",
        "method": "getApplicationId",
        "arguments": "{}"
    },
    {
        "class": "com.facebook.FacebookSdk",
        "method": "isLoggingBehaviorEnabled",
        "arguments": "{\"0\":\"<instance: com.facebook.LoggingBehavior>\"}"
    },
    {
        "class": "com.facebook.FacebookSdk",
        "method": "isInitialized",
        "arguments": "{}"
    },
    {
        "class": "com.facebook.FacebookSdk",
        "method": "isDebugEnabled",
        "arguments": "{}"
    },
    {
        "class": "com.facebook.FacebookSdk",
        "method": "getAutoLogAppEventsEnabled",
        "arguments": "{}"
    },
    {
        "class": "com.facebook.FacebookSdk",
        "method": "isInitialized",
        "arguments": "{}"
    },
    {
        "class": "com.facebook.FacebookSdk",
        "method": "isLoggingBehaviorEnabled",
        "arguments": "{\"0\":\"<instance: com.facebook.LoggingBehavior>\"}"
    },
    {
        "class": "com.facebook.FacebookSdk",
        "method": "getApplicationContext",
        "arguments": "{}"
    },
    {
        "class": "com.facebook.FacebookSdk",
        "method": "isDebugEnabled",
        "arguments": "{}"
    },
    {
        "class": "com.facebook.FacebookSdk",
        "method": "isInitialized",
        "arguments": "{}"
    },
    {
        "class": "com.facebook.FacebookSdk",
        "method": "getApplicationId",
        "arguments": "{}"
    },
    {
        "class": "com.facebook.FacebookSdk",
        "method": "isLoggingBehaviorEnabled",
        "arguments": "{\"0\":\"<instance: com.facebook.LoggingBehavior>\"}"
    },
    {
        "class": "com.facebook.FacebookSdk",
        "method": "isInitialized",
        "arguments": "{}"
    },
    {
        "class": "com.facebook.FacebookSdk",
        "method": "isDebugEnabled",
        "arguments": "{}"
    },
    {
        "class": "com.facebook.FacebookSdk",
        "method": "isLoggingBehaviorEnabled",
        "arguments": "{\"0\":\"<instance: com.facebook.LoggingBehavior>\"}"
    },
    {
        "class": "com.facebook.FacebookSdk",
        "method": "getApplicationContext",
        "arguments": "{}"
    },
    {
        "class": "com.facebook.FacebookSdk",
        "method": "isDebugEnabled",
        "arguments": "{}"
    },
    {
        "class": "com.facebook.FacebookSdk",
        "method": "isInitialized",
        "arguments": "{}"
    },
    {
        "class": "com.facebook.FacebookSdk",
        "method": "isFullyInitialized",
        "arguments": "{}"
    },
    {
        "class": "com.facebook.FacebookSdk",
        "method": "getApplicationContext",
        "arguments": "{}"
    },
    {
        "class": "com.facebook.FacebookSdk",
        "method": "isInitialized",
        "arguments": "{}"
    },
    {
        "class": "com.facebook.FacebookSdk",
        "method": "getApplicationContext",
        "arguments": "{}"
    },
    {
        "class": "com.facebook.FacebookSdk",
        "method": "isInitialized",
        "arguments": "{}"
    },
    {
        "class": "com.facebook.FacebookSdk",
        "method": "getApplicationContext",
        "arguments": "{}"
    },
    {
        "class": "com.facebook.FacebookSdk",
        "method": "getApplicationId",
        "arguments": "{}"
    },
    {
        "class": "com.facebook.FacebookSdk",
        "method": "isInitialized",
        "arguments": "{}"
    },
    {
        "class": "com.facebook.FacebookSdk",
        "method": "isInitialized",
        "arguments": "{}"
    },
    {
        "class": "com.facebook.FacebookSdk",
        "method": "getApplicationId",
        "arguments": "{}"
    },
    {
        "class": "com.facebook.FacebookSdk",
        "method": "isInitialized",
        "arguments": "{}"
    },
    {
        "class": "com.facebook.FacebookSdk",
        "method": "getApplicationId",
        "arguments": "{}"
    },
    {
        "class": "com.facebook.FacebookSdk",
        "method": "isInitialized",
        "arguments": "{}"
    },
    {
        "class": "com.facebook.FacebookSdk",
        "method": "getApplicationId",
        "arguments": "{}"
    },
    {
        "class": "com.facebook.FacebookSdk",
        "method": "isInitialized",
        "arguments": "{}"
    },
    {
        "class": "com.facebook.FacebookSdk",
        "method": "getApplicationId",
        "arguments": "{}"
    },
    {
        "class": "com.facebook.FacebookSdk",
        "method": "isInitialized",
        "arguments": "{}"
    },
    {
        "class": "com.facebook.FacebookSdk",
        "method": "getApplicationId",
        "arguments": "{}"
    },
    {
        "class": "com.facebook.FacebookSdk",
        "method": "isInitialized",
        "arguments": "{}"
    },
    {
        "class": "com.facebook.FacebookSdk",
        "method": "getApplicationId",
        "arguments": "{}"
    },
    {
        "class": "com.facebook.FacebookSdk",
        "method": "isInitialized",
        "arguments": "{}"
    },
    {
        "class": "com.facebook.FacebookSdk",
        "method": "getApplicationId",
        "arguments": "{}"
    },
    {
        "class": "com.facebook.FacebookSdk",
        "method": "isInitialized",
        "arguments": "{}"
    },
    {
        "class": "com.facebook.FacebookSdk",
        "method": "getApplicationId",
        "arguments": "{}"
    },
    {
        "class": "com.facebook.FacebookSdk",
        "method": "isInitialized",
        "arguments": "{}"
    },
    {
        "class": "com.facebook.FacebookSdk",
        "method": "getApplicationId",
        "arguments": "{}"
    },
    {
        "class": "com.facebook.FacebookSdk",
        "method": "isInitialized",
        "arguments": "{}"
    },
    {
        "class": "com.facebook.FacebookSdk",
        "method": "getApplicationId",
        "arguments": "{}"
    },
    {
        "class": "com.facebook.FacebookSdk",
        "method": "isInitialized",
        "arguments": "{}"
    },
    {
        "class": "com.facebook.FacebookSdk",
        "method": "getApplicationContext",
        "arguments": "{}"
    },
    {
        "class": "com.facebook.FacebookSdk",
        "method": "isInitialized",
        "arguments": "{}"
    },
    {
        "class": "com.facebook.FacebookSdk",
        "method": "getApplicationContext",
        "arguments": "{}"
    },
    {
        "class": "com.facebook.FacebookSdk",
        "method": "isInitialized",
        "arguments": "{}"
    },
    {
        "class": "com.facebook.FacebookSdk",
        "method": "getApplicationContext",
        "arguments": "{}"
    },
    {
        "class": "com.facebook.FacebookSdk",
        "method": "isInitialized",
        "arguments": "{}"
    },
    {
        "class": "com.facebook.FacebookSdk",
        "method": "getLimitEventAndDataUsage",
        "arguments": "{\"0\":\"<instance: android.content.Context, $className: com.safedk.android.SafeDKApplication>\"}"
    },
    {
        "class": "com.facebook.FacebookSdk",
        "method": "getApplicationId",
        "arguments": "{}"
    },
    {
        "class": "com.facebook.FacebookSdk",
        "method": "isInitialized",
        "arguments": "{}"
    },
    {
        "class": "com.facebook.FacebookSdk",
        "method": "isInitialized",
        "arguments": "{}"
    },
    {
        "class": "com.facebook.FacebookSdk",
        "method": "getApplicationContext",
        "arguments": "{}"
    },
    {
        "class": "com.facebook.FacebookSdk",
        "method": "getApplicationId",
        "arguments": "{}"
    },
    {
        "class": "com.facebook.FacebookSdk",
        "method": "isInitialized",
        "arguments": "{}"
    },
    {
        "class": "com.facebook.FacebookSdk",
        "method": "isInitialized",
        "arguments": "{}"
    },
    {
        "class": "com.facebook.FacebookSdk",
        "method": "getApplicationContext",
        "arguments": "{}"
    },
    {
        "class": "com.facebook.FacebookSdk",
        "method": "getApplicationId",
        "arguments": "{}"
    },
    {
        "class": "com.facebook.FacebookSdk",
        "method": "isInitialized",
        "arguments": "{}"
    },
    {
        "class": "com.facebook.FacebookSdk",
        "method": "isInitialized",
        "arguments": "{}"
    },
    {
        "class": "com.facebook.FacebookSdk",
        "method": "getApplicationId",
        "arguments": "{}"
    },
    {
        "class": "com.facebook.FacebookSdk",
        "method": "getApplicationId",
        "arguments": "{}"
    },
    {
        "class": "com.facebook.FacebookSdk",
        "method": "isInitialized",
        "arguments": "{}"
    },
    {
        "class": "com.facebook.FacebookSdk",
        "method": "isInitialized",
        "arguments": "{}"
    },
    {
        "class": "com.facebook.FacebookSdk",
        "method": "getExecutor",
        "arguments": "{}"
    },
    {
        "class": "com.facebook.FacebookSdk",
        "method": "getApplicationId",
        "arguments": "{}"
    },
    {
        "class": "com.facebook.FacebookSdk",
        "method": "getApplicationContext",
        "arguments": "{}"
    },
    {
        "class": "com.facebook.FacebookSdk",
        "method": "getApplicationContext",
        "arguments": "{}"
    },
    {
        "class": "com.facebook.FacebookSdk",
        "method": "isInitialized",
        "arguments": "{}"
    },
    {
        "class": "com.facebook.FacebookSdk",
        "method": "isInitialized",
        "arguments": "{}"
    },
    {
        "class": "com.facebook.FacebookSdk",
        "method": "isInitialized",
        "arguments": "{}"
    },
    {
        "class": "com.facebook.FacebookSdk",
        "method": "getApplicationContext",
        "arguments": "{}"
    },
    {
        "class": "com.facebook.FacebookSdk",
        "method": "getAdvertiserIDCollectionEnabled",
        "arguments": "{}"
    },
    {
        "class": "com.facebook.FacebookSdk",
        "method": "isInitialized",
        "arguments": "{}"
    },
    {
        "class": "com.facebook.FacebookSdk",
        "method": "isInitialized",
        "arguments": "{}"
    },
    {
        "class": "com.facebook.FacebookSdk",
        "method": "getApplicationId",
        "arguments": "{}"
    },
    {
        "class": "com.facebook.FacebookSdk",
        "method": "isInitialized",
        "arguments": "{}"
    },
    {
        "class": "com.facebook.FacebookSdk",
        "method": "getApplicationContext",
        "arguments": "{}"
    },
    {
        "class": "com.facebook.FacebookSdk",
        "method": "getApplicationId",
        "arguments": "{}"
    },
    {
        "class": "com.facebook.FacebookSdk",
        "method": "isInitialized",
        "arguments": "{}"
    },
    {
        "class": "com.facebook.FacebookSdk",
        "method": "isInitialized",
        "arguments": "{}"
    },
    {
        "class": "com.facebook.FacebookSdk",
        "method": "getApplicationContext",
        "arguments": "{}"
    },
    {
        "class": "com.facebook.FacebookSdk",
        "method": "isInitialized",
        "arguments": "{}"
    },
    {
        "class": "com.facebook.FacebookSdk",
        "method": "getApplicationId",
        "arguments": "{}"
    },
    {
        "class": "com.facebook.FacebookSdk",
        "method": "getApplicationId",
        "arguments": "{}"
    },
    {
        "class": "com.facebook.FacebookSdk",
        "method": "isInitialized",
        "arguments": "{}"
    },
    {
        "class": "com.facebook.FacebookSdk",
        "method": "isInitialized",
        "arguments": "{}"
    },
    {
        "class": "com.facebook.FacebookSdk",
        "method": "getApplicationId",
        "arguments": "{}"
    },
    {
        "class": "com.facebook.FacebookSdk",
        "method": "isInitialized",
        "arguments": "{}"
    },
    {
        "class": "com.facebook.FacebookSdk",
        "method": "getApplicationId",
        "arguments": "{}"
    },
    {
        "class": "com.facebook.FacebookSdk",
        "method": "getApplicationId",
        "arguments": "{}"
    },
    {
        "class": "com.facebook.FacebookSdk",
        "method": "isInitialized",
        "arguments": "{}"
    },
    {
        "class": "com.facebook.FacebookSdk",
        "method": "isInitialized",
        "arguments": "{}"
    },
    {
        "class": "com.facebook.FacebookSdk",
        "method": "getApplicationContext",
        "arguments": "{}"
    },
    {
        "class": "com.facebook.FacebookSdk",
        "method": "isInitialized",
        "arguments": "{}"
    },
    {
        "class": "com.facebook.FacebookSdk",
        "method": "isInitialized",
        "arguments": "{}"
    },
    {
        "class": "com.facebook.FacebookSdk",
        "method": "getApplicationContext",
        "arguments": "{}"
    },
    {
        "class": "com.facebook.FacebookSdk",
        "method": "getAdvertiserIDCollectionEnabled",
        "arguments": "{}"
    },
    {
        "class": "com.facebook.FacebookSdk",
        "method": "isInitialized",
        "arguments": "{}"
    },
    {
        "class": "com.facebook.FacebookSdk",
        "method": "isInitialized",
        "arguments": "{}"
    },
    {
        "class": "com.facebook.FacebookSdk",
        "method": "getApplicationId",
        "arguments": "{}"
    },
    {
        "class": "com.facebook.FacebookSdk",
        "method": "isInitialized",
        "arguments": "{}"
    },
    {
        "class": "com.facebook.FacebookSdk",
        "method": "isInitialized",
        "arguments": "{}"
    },
    {
        "class": "com.facebook.FacebookSdk",
        "method": "getAdvertiserIDCollectionEnabled",
        "arguments": "{}"
    },
    {
        "class": "com.facebook.FacebookSdk",
        "method": "getApplicationId",
        "arguments": "{}"
    },
    {
        "class": "com.facebook.FacebookSdk",
        "method": "isInitialized",
        "arguments": "{}"
    },
    {
        "class": "com.facebook.FacebookSdk",
        "method": "isInitialized",
        "arguments": "{}"
    },
    {
        "class": "com.facebook.FacebookSdk",
        "method": "getApplicationContext",
        "arguments": "{}"
    },
    {
        "class": "com.facebook.FacebookSdk",
        "method": "getApplicationId",
        "arguments": "{}"
    },
    {
        "class": "com.facebook.FacebookSdk",
        "method": "isInitialized",
        "arguments": "{}"
    },
    {
        "class": "com.facebook.FacebookSdk",
        "method": "isInitialized",
        "arguments": "{}"
    },
    {
        "class": "com.facebook.FacebookSdk",
        "method": "graphRequestCreator$lambda-0",
        "arguments": "{\"0\":null,\"1\":\"1646321876217779/activities\",\"2\":\"<instance: org.json.JSONObject>\",\"3\":null}"
    },
    {
        "class": "com.facebook.FacebookSdk",
        "method": "isLoggingBehaviorEnabled",
        "arguments": "{\"0\":\"<instance: com.facebook.LoggingBehavior>\"}"
    },
    {
        "class": "com.facebook.FacebookSdk",
        "method": "getApplicationId",
        "arguments": "{}"
    },
    {
        "class": "com.facebook.FacebookSdk",
        "method": "isDebugEnabled",
        "arguments": "{}"
    },
    {
        "class": "com.facebook.FacebookSdk",
        "method": "isInitialized",
        "arguments": "{}"
    },
    {
        "class": "com.facebook.FacebookSdk",
        "method": "isLoggingBehaviorEnabled",
        "arguments": "{\"0\":\"<instance: com.facebook.LoggingBehavior>\"}"
    },
    {
        "class": "com.facebook.FacebookSdk",
        "method": "isDebugEnabled",
        "arguments": "{}"
    },
    {
        "class": "com.facebook.FacebookSdk",
        "method": "getGraphApiVersion",
        "arguments": "{}"
    },
    {
        "class": "com.facebook.FacebookSdk",
        "method": "getExecutor",
        "arguments": "{}"
    },
    {
        "class": "com.facebook.FacebookSdk",
        "method": "getApplicationContext",
        "arguments": "{}"
    },
    {
        "class": "com.facebook.FacebookSdk",
        "method": "getApplicationContext",
        "arguments": "{}"
    },
    {
        "class": "com.facebook.FacebookSdk",
        "method": "isDebugEnabled",
        "arguments": "{}"
    },
    {
        "class": "com.facebook.FacebookSdk",
        "method": "isInitialized",
        "arguments": "{}"
    },
    {
        "class": "com.facebook.FacebookSdk",
        "method": "isInitialized",
        "arguments": "{}"
    },
    {
        "class": "com.facebook.FacebookSdk",
        "method": "getApplicationContext",
        "arguments": "{}"
    },
    {
        "class": "com.facebook.FacebookSdk",
        "method": "getApplicationContext",
        "arguments": "{}"
    },
    {
        "class": "com.facebook.FacebookSdk",
        "method": "isInitialized",
        "arguments": "{}"
    },
    {
        "class": "com.facebook.FacebookSdk",
        "method": "getGraphDomain",
        "arguments": "{}"
    },
    {
        "class": "com.facebook.FacebookSdk",
        "method": "isInitialized",
        "arguments": "{}"
    },
    {
        "class": "com.facebook.FacebookSdk",
        "method": "getApplicationId",
        "arguments": "{}"
    },
    {
        "class": "com.facebook.FacebookSdk",
        "method": "getApplicationContext",
        "arguments": "{}"
    },
    {
        "class": "com.facebook.FacebookSdk",
        "method": "getFacebookDomain",
        "arguments": "{}"
    },
    {
        "class": "com.facebook.FacebookSdk",
        "method": "isInitialized",
        "arguments": "{}"
    },
    {
        "class": "com.facebook.FacebookSdk",
        "method": "isLoggingBehaviorEnabled",
        "arguments": "{\"0\":\"<instance: com.facebook.LoggingBehavior>\"}"
    },
    {
        "class": "com.facebook.FacebookSdk",
        "method": "isInitialized",
        "arguments": "{}"
    },
    {
        "class": "com.facebook.FacebookSdk",
        "method": "getApplicationId",
        "arguments": "{}"
    },
    {
        "class": "com.facebook.FacebookSdk",
        "method": "getGraphDomain",
        "arguments": "{}"
    },
    {
        "class": "com.facebook.FacebookSdk",
        "method": "getApplicationContext",
        "arguments": "{}"
    },
    {
        "class": "com.facebook.FacebookSdk",
        "method": "getFacebookDomain",
        "arguments": "{}"
    },
    {
        "class": "com.facebook.FacebookSdk",
        "method": "isInitialized",
        "arguments": "{}"
    },
    {
        "class": "com.facebook.FacebookSdk",
        "method": "isDebugEnabled",
        "arguments": "{}"
    },
    {
        "class": "com.facebook.FacebookSdk",
        "method": "isInitialized",
        "arguments": "{}"
    },
    {
        "class": "com.facebook.FacebookSdk",
        "method": "getApplicationId",
        "arguments": "{}"
    },
    {
        "class": "com.facebook.FacebookSdk",
        "method": "getApplicationId",
        "arguments": "{}"
    },
    {
        "class": "com.facebook.FacebookSdk",
        "method": "getApplicationId",
        "arguments": "{}"
    },
    {
        "class": "com.facebook.FacebookSdk",
        "method": "isLoggingBehaviorEnabled",
        "arguments": "{\"0\":\"<instance: com.facebook.LoggingBehavior>\"}"
    },
    {
        "class": "com.facebook.FacebookSdk",
        "method": "isInitialized",
        "arguments": "{}"
    },
    {
        "class": "com.facebook.FacebookSdk",
        "method": "isInitialized",
        "arguments": "{}"
    },
    {
        "class": "com.facebook.FacebookSdk",
        "method": "isInitialized",
        "arguments": "{}"
    },
    {
        "class": "com.facebook.FacebookSdk",
        "method": "isDebugEnabled",
        "arguments": "{}"
    },
    {
        "class": "com.facebook.FacebookSdk",
        "method": "getClientToken",
        "arguments": "{}"
    },
    {
        "class": "com.facebook.FacebookSdk",
        "method": "isInitialized",
        "arguments": "{}"
    },
    {
        "class": "com.facebook.FacebookSdk",
        "method": "isLoggingBehaviorEnabled",
        "arguments": "{\"0\":\"<instance: com.facebook.LoggingBehavior>\"}"
    },
    {
        "class": "com.facebook.FacebookSdk",
        "method": "getApplicationId",
        "arguments": "{}"
    },
    {
        "class": "com.facebook.FacebookSdk",
        "method": "getGraphDomain",
        "arguments": "{}"
    },
    {
        "class": "com.facebook.FacebookSdk",
        "method": "isInitialized",
        "arguments": "{}"
    },
    {
        "class": "com.facebook.FacebookSdk",
        "method": "isDebugEnabled",
        "arguments": "{}"
    },
    {
        "class": "com.facebook.FacebookSdk",
        "method": "getFacebookDomain",
        "arguments": "{}"
    },
    {
        "class": "com.facebook.FacebookSdk",
        "method": "getApplicationId",
        "arguments": "{}"
    },
    {
        "class": "com.facebook.FacebookSdk",
        "method": "getApplicationId",
        "arguments": "{}"
    },
    {
        "class": "com.facebook.FacebookSdk",
        "method": "getApplicationContext",
        "arguments": "{}"
    },
    {
        "class": "com.facebook.FacebookSdk",
        "method": "getApplicationId",
        "arguments": "{}"
    },
    {
        "class": "com.facebook.FacebookSdk",
        "method": "isInitialized",
        "arguments": "{}"
    },
    {
        "class": "com.facebook.FacebookSdk",
        "method": "isInitialized",
        "arguments": "{}"
    },
    {
        "class": "com.facebook.FacebookSdk",
        "method": "isInitialized",
        "arguments": "{}"
    },
    {
        "class": "com.facebook.FacebookSdk",
        "method": "isInitialized",
        "arguments": "{}"
    },
    {
        "class": "com.facebook.FacebookSdk",
        "method": "getApplicationContext",
        "arguments": "{}"
    },
    {
        "class": "com.facebook.FacebookSdk",
        "method": "getClientToken",
        "arguments": "{}"
    },
    {
        "class": "com.facebook.FacebookSdk",
        "method": "getApplicationId",
        "arguments": "{}"
    },
    {
        "class": "com.facebook.FacebookSdk",
        "method": "isInitialized",
        "arguments": "{}"
    },
    {
        "class": "com.facebook.FacebookSdk",
        "method": "getApplicationId",
        "arguments": "{}"
    },
    {
        "class": "com.facebook.FacebookSdk",
        "method": "isInitialized",
        "arguments": "{}"
    },
    {
        "class": "com.facebook.FacebookSdk",
        "method": "isInitialized",
        "arguments": "{}"
    },
    {
        "class": "com.facebook.FacebookSdk",
        "method": "getApplicationContext",
        "arguments": "{}"
    },
    {
        "class": "com.facebook.FacebookSdk",
        "method": "isInitialized",
        "arguments": "{}"
    },
    {
        "class": "com.facebook.FacebookSdk",
        "method": "isLoggingBehaviorEnabled",
        "arguments": "{\"0\":\"<instance: com.facebook.LoggingBehavior>\"}"
    },
    {
        "class": "com.facebook.FacebookSdk",
        "method": "isInitialized",
        "arguments": "{}"
    },
    {
        "class": "com.facebook.FacebookSdk",
        "method": "getApplicationId",
        "arguments": "{}"
    },
    {
        "class": "com.facebook.FacebookSdk",
        "method": "isDebugEnabled",
        "arguments": "{}"
    },
    {
        "class": "com.facebook.FacebookSdk",
        "method": "isInitialized",
        "arguments": "{}"
    },
    {
        "class": "com.facebook.FacebookSdk",
        "method": "getApplicationContext",
        "arguments": "{}"
    },
    {
        "class": "com.facebook.FacebookSdk",
        "method": "getLimitEventAndDataUsage",
        "arguments": "{\"0\":\"<instance: android.content.Context, $className: com.safedk.android.SafeDKApplication>\"}"
    },
    {
        "class": "com.facebook.FacebookSdk",
        "method": "isLoggingBehaviorEnabled",
        "arguments": "{\"0\":\"<instance: com.facebook.LoggingBehavior>\"}"
    },
    {
        "class": "com.facebook.FacebookSdk",
        "method": "getApplicationId",
        "arguments": "{}"
    },
    {
        "class": "com.facebook.FacebookSdk",
        "method": "isInitialized",
        "arguments": "{}"
    },
    {
        "class": "com.facebook.FacebookSdk",
        "method": "isInitialized",
        "arguments": "{}"
    },
    {
        "class": "com.facebook.FacebookSdk",
        "method": "isDebugEnabled",
        "arguments": "{}"
    },
    {
        "class": "com.facebook.FacebookSdk",
        "method": "isInitialized",
        "arguments": "{}"
    },
    {
        "class": "com.facebook.FacebookSdk",
        "method": "getApplicationContext",
        "arguments": "{}"
    },
    {
        "class": "com.facebook.FacebookSdk",
        "method": "isLoggingBehaviorEnabled",
        "arguments": "{\"0\":\"<instance: com.facebook.LoggingBehavior>\"}"
    },
    {
        "class": "com.facebook.FacebookSdk",
        "method": "isLoggingBehaviorEnabled",
        "arguments": "{\"0\":\"<instance: com.facebook.LoggingBehavior>\"}"
    },
    {
        "class": "com.facebook.FacebookSdk",
        "method": "isLoggingBehaviorEnabled",
        "arguments": "{\"0\":\"<instance: com.facebook.LoggingBehavior>\"}"
    },
    {
        "class": "com.facebook.FacebookSdk",
        "method": "isInitialized",
        "arguments": "{}"
    },
    {
        "class": "com.facebook.FacebookSdk",
        "method": "isDebugEnabled",
        "arguments": "{}"
    },
    {
        "class": "com.facebook.FacebookSdk",
        "method": "getApplicationId",
        "arguments": "{}"
    },
    {
        "class": "com.facebook.FacebookSdk",
        "method": "isLoggingBehaviorEnabled",
        "arguments": "{\"0\":\"<instance: com.facebook.LoggingBehavior>\"}"
    },
    {
        "class": "com.facebook.FacebookSdk",
        "method": "isInitialized",
        "arguments": "{}"
    },
    {
        "class": "com.facebook.FacebookSdk",
        "method": "isDebugEnabled",
        "arguments": "{}"
    },
    {
        "class": "com.facebook.FacebookSdk",
        "method": "getApplicationId",
        "arguments": "{}"
    },
    {
        "class": "com.facebook.FacebookSdk",
        "method": "isDebugEnabled",
        "arguments": "{}"
    },
    {
        "class": "com.facebook.FacebookSdk",
        "method": "isLoggingBehaviorEnabled",
        "arguments": "{\"0\":\"<instance: com.facebook.LoggingBehavior>\"}"
    },
    {
        "class": "com.facebook.FacebookSdk",
        "method": "isInitialized",
        "arguments": "{}"
    },
    {
        "class": "com.facebook.FacebookSdk",
        "method": "isLoggingBehaviorEnabled",
        "arguments": "{\"0\":\"<instance: com.facebook.LoggingBehavior>\"}"
    },
    {
        "class": "com.facebook.FacebookSdk",
        "method": "getApplicationId",
        "arguments": "{}"
    },
    {
        "class": "com.facebook.FacebookSdk",
        "method": "isDebugEnabled",
        "arguments": "{}"
    },
    {
        "class": "com.facebook.FacebookSdk",
        "method": "isInitialized",
        "arguments": "{}"
    },
    {
        "class": "com.facebook.FacebookSdk",
        "method": "getGraphApiVersion",
        "arguments": "{}"
    },
    {
        "class": "com.facebook.FacebookSdk",
        "method": "getApplicationId",
        "arguments": "{}"
    },
    {
        "class": "com.facebook.FacebookSdk",
        "method": "isDebugEnabled",
        "arguments": "{}"
    },
    {
        "class": "com.facebook.FacebookSdk",
        "method": "isInitialized",
        "arguments": "{}"
    },
    {
        "class": "com.facebook.FacebookSdk",
        "method": "isDebugEnabled",
        "arguments": "{}"
    },
    {
        "class": "com.facebook.FacebookSdk",
        "method": "isDebugEnabled",
        "arguments": "{}"
    },
    {
        "class": "com.facebook.FacebookSdk",
        "method": "getApplicationContext",
        "arguments": "{}"
    },
    {
        "class": "com.facebook.FacebookSdk",
        "method": "getApplicationContext",
        "arguments": "{}"
    },
    {
        "class": "com.facebook.FacebookSdk",
        "method": "isInitialized",
        "arguments": "{}"
    },
    {
        "class": "com.facebook.FacebookSdk",
        "method": "isInitialized",
        "arguments": "{}"
    },
    {
        "class": "com.facebook.FacebookSdk",
        "method": "getGraphApiVersion",
        "arguments": "{}"
    },
    {
        "class": "com.facebook.FacebookSdk",
        "method": "getApplicationContext",
        "arguments": "{}"
    },
    {
        "class": "com.facebook.FacebookSdk",
        "method": "isLoggingBehaviorEnabled",
        "arguments": "{\"0\":\"<instance: com.facebook.LoggingBehavior>\"}"
    },
    {
        "class": "com.facebook.FacebookSdk",
        "method": "getApplicationContext",
        "arguments": "{}"
    },
    {
        "class": "com.facebook.FacebookSdk",
        "method": "isDebugEnabled",
        "arguments": "{}"
    },
    {
        "class": "com.facebook.FacebookSdk",
        "method": "isInitialized",
        "arguments": "{}"
    },
    {
        "class": "com.facebook.FacebookSdk",
        "method": "isInitialized",
        "arguments": "{}"
    },
    {
        "class": "com.facebook.FacebookSdk",
        "method": "isDebugEnabled",
        "arguments": "{}"
    },
    {
        "class": "com.facebook.FacebookSdk",
        "method": "getGraphDomain",
        "arguments": "{}"
    },
    {
        "class": "com.facebook.FacebookSdk",
        "method": "getApplicationContext",
        "arguments": "{}"
    },
    {
        "class": "com.facebook.FacebookSdk",
        "method": "getApplicationContext",
        "arguments": "{}"
    },
    {
        "class": "com.facebook.FacebookSdk",
        "method": "getFacebookDomain",
        "arguments": "{}"
    },
    {
        "class": "com.facebook.FacebookSdk",
        "method": "isInitialized",
        "arguments": "{}"
    },
    {
        "class": "com.facebook.FacebookSdk",
        "method": "isInitialized",
        "arguments": "{}"
    },
    {
        "class": "com.facebook.FacebookSdk",
        "method": "isLoggingBehaviorEnabled",
        "arguments": "{\"0\":\"<instance: com.facebook.LoggingBehavior>\"}"
    },
    {
        "class": "com.facebook.FacebookSdk",
        "method": "getApplicationContext",
        "arguments": "{}"
    },
    {
        "class": "com.facebook.FacebookSdk",
        "method": "getGraphDomain",
        "arguments": "{}"
    },
    {
        "class": "com.facebook.FacebookSdk",
        "method": "isInitialized",
        "arguments": "{}"
    },
    {
        "class": "com.facebook.FacebookSdk",
        "method": "isDebugEnabled",
        "arguments": "{}"
    },
    {
        "class": "com.facebook.FacebookSdk",
        "method": "getFacebookDomain",
        "arguments": "{}"
    },
    {
        "class": "com.facebook.FacebookSdk",
        "method": "getApplicationId",
        "arguments": "{}"
    },
    {
        "class": "com.facebook.FacebookSdk",
        "method": "isLoggingBehaviorEnabled",
        "arguments": "{\"0\":\"<instance: com.facebook.LoggingBehavior>\"}"
    },
    {
        "class": "com.facebook.FacebookSdk",
        "method": "getApplicationId",
        "arguments": "{}"
    },
    {
        "class": "com.facebook.FacebookSdk",
        "method": "isInitialized",
        "arguments": "{}"
    },
    {
        "class": "com.facebook.FacebookSdk",
        "method": "isDebugEnabled",
        "arguments": "{}"
    },
    {
        "class": "com.facebook.FacebookSdk",
        "method": "getApplicationContext",
        "arguments": "{}"
    },
    {
        "class": "com.facebook.FacebookSdk",
        "method": "isInitialized",
        "arguments": "{}"
    },
    {
        "class": "com.facebook.FacebookSdk",
        "method": "getClientToken",
        "arguments": "{}"
    },
    {
        "class": "com.facebook.FacebookSdk",
        "method": "getApplicationId",
        "arguments": "{}"
    },
    {
        "class": "com.facebook.FacebookSdk",
        "method": "isLoggingBehaviorEnabled",
        "arguments": "{\"0\":\"<instance: com.facebook.LoggingBehavior>\"}"
    },
    {
        "class": "com.facebook.FacebookSdk",
        "method": "isInitialized",
        "arguments": "{}"
    },
    {
        "class": "com.facebook.FacebookSdk",
        "method": "isInitialized",
        "arguments": "{}"
    },
    {
        "class": "com.facebook.FacebookSdk",
        "method": "isInitialized",
        "arguments": "{}"
    },
    {
        "class": "com.facebook.FacebookSdk",
        "method": "isDebugEnabled",
        "arguments": "{}"
    },
    {
        "class": "com.facebook.FacebookSdk",
        "method": "getApplicationContext",
        "arguments": "{}"
    },
    {
        "class": "com.facebook.FacebookSdk",
        "method": "getGraphDomain",
        "arguments": "{}"
    },
    {
        "class": "com.facebook.FacebookSdk",
        "method": "getApplicationId",
        "arguments": "{}"
    },
    {
        "class": "com.facebook.FacebookSdk",
        "method": "getFacebookDomain",
        "arguments": "{}"
    },
    {
        "class": "com.facebook.FacebookSdk",
        "method": "isInitialized",
        "arguments": "{}"
    },
    {
        "class": "com.facebook.FacebookSdk",
        "method": "isInitialized",
        "arguments": "{}"
    },
    {
        "class": "com.facebook.FacebookSdk",
        "method": "getApplicationId",
        "arguments": "{}"
    },
    {
        "class": "com.facebook.FacebookSdk",
        "method": "getApplicationId",
        "arguments": "{}"
    },
    {
        "class": "com.facebook.FacebookSdk",
        "method": "isLoggingBehaviorEnabled",
        "arguments": "{\"0\":\"<instance: com.facebook.LoggingBehavior>\"}"
    },
    {
        "class": "com.facebook.FacebookSdk",
        "method": "isInitialized",
        "arguments": "{}"
    },
    {
        "class": "com.facebook.FacebookSdk",
        "method": "getApplicationId",
        "arguments": "{}"
    },
    {
        "class": "com.facebook.FacebookSdk",
        "method": "isInitialized",
        "arguments": "{}"
    },
    {
        "class": "com.facebook.FacebookSdk",
        "method": "getApplicationId",
        "arguments": "{}"
    },
    {
        "class": "com.facebook.FacebookSdk",
        "method": "getClientToken",
        "arguments": "{}"
    },
    {
        "class": "com.facebook.FacebookSdk",
        "method": "isInitialized",
        "arguments": "{}"
    },
    {
        "class": "com.facebook.FacebookSdk",
        "method": "isInitialized",
        "arguments": "{}"
    },
    {
        "class": "com.facebook.FacebookSdk",
        "method": "isDebugEnabled",
        "arguments": "{}"
    },
    {
        "class": "com.facebook.FacebookSdk",
        "method": "isInitialized",
        "arguments": "{}"
    },
    {
        "class": "com.facebook.FacebookSdk",
        "method": "getApplicationId",
        "arguments": "{}"
    },
    {
        "class": "com.facebook.FacebookSdk",
        "method": "isLoggingBehaviorEnabled",
        "arguments": "{\"0\":\"<instance: com.facebook.LoggingBehavior>\"}"
    },
    {
        "class": "com.facebook.FacebookSdk",
        "method": "isInitialized",
        "arguments": "{}"
    },
    {
        "class": "com.facebook.FacebookSdk",
        "method": "isLoggingBehaviorEnabled",
        "arguments": "{\"0\":\"<instance: com.facebook.LoggingBehavior>\"}"
    },
    {
        "class": "com.facebook.FacebookSdk",
        "method": "getApplicationContext",
        "arguments": "{}"
    },
    {
        "class": "com.facebook.FacebookSdk",
        "method": "getApplicationContext",
        "arguments": "{}"
    },
    {
        "class": "com.facebook.FacebookSdk",
        "method": "isDebugEnabled",
        "arguments": "{}"
    },
    {
        "class": "com.facebook.FacebookSdk",
        "method": "getApplicationId",
        "arguments": "{}"
    },
    {
        "class": "com.facebook.FacebookSdk",
        "method": "isInitialized",
        "arguments": "{}"
    },
    {
        "class": "com.facebook.FacebookSdk",
        "method": "isInitialized",
        "arguments": "{}"
    },
    {
        "class": "com.facebook.FacebookSdk",
        "method": "isDebugEnabled",
        "arguments": "{}"
    },
    {
        "class": "com.facebook.FacebookSdk",
        "method": "getApplicationContext",
        "arguments": "{}"
    },
    {
        "class": "com.facebook.FacebookSdk",
        "method": "isInitialized",
        "arguments": "{}"
    },
    {
        "class": "com.facebook.FacebookSdk",
        "method": "isLoggingBehaviorEnabled",
        "arguments": "{\"0\":\"<instance: com.facebook.LoggingBehavior>\"}"
    },
    {
        "class": "com.facebook.FacebookSdk",
        "method": "isInitialized",
        "arguments": "{}"
    },
    {
        "class": "com.facebook.FacebookSdk",
        "method": "getApplicationContext",
        "arguments": "{}"
    },
    {
        "class": "com.facebook.FacebookSdk",
        "method": "isLoggingBehaviorEnabled",
        "arguments": "{\"0\":\"<instance: com.facebook.LoggingBehavior>\"}"
    },
    {
        "class": "com.facebook.FacebookSdk",
        "method": "getAdvertiserIDCollectionEnabled",
        "arguments": "{}"
    },
    {
        "class": "com.facebook.FacebookSdk",
        "method": "isDebugEnabled",
        "arguments": "{}"
    },
    {
        "class": "com.facebook.FacebookSdk",
        "method": "isInitialized",
        "arguments": "{}"
    },
    {
        "class": "com.facebook.FacebookSdk",
        "method": "isInitialized",
        "arguments": "{}"
    },
    {
        "class": "com.facebook.FacebookSdk",
        "method": "getApplicationContext",
        "arguments": "{}"
    },
    {
        "class": "com.facebook.FacebookSdk",
        "method": "isDebugEnabled",
        "arguments": "{}"
    },
    {
        "class": "com.facebook.FacebookSdk",
        "method": "isLoggingBehaviorEnabled",
        "arguments": "{\"0\":\"<instance: com.facebook.LoggingBehavior>\"}"
    },
    {
        "class": "com.facebook.FacebookSdk",
        "method": "isInitialized",
        "arguments": "{}"
    },
    {
        "class": "com.facebook.FacebookSdk",
        "method": "getApplicationContext",
        "arguments": "{}"
    },
    {
        "class": "com.facebook.FacebookSdk",
        "method": "getApplicationId",
        "arguments": "{}"
    },
    {
        "class": "com.facebook.FacebookSdk",
        "method": "isDebugEnabled",
        "arguments": "{}"
    },
    {
        "class": "com.facebook.FacebookSdk",
        "method": "isLoggingBehaviorEnabled",
        "arguments": "{\"0\":\"<instance: com.facebook.LoggingBehavior>\"}"
    },
    {
        "class": "com.facebook.FacebookSdk",
        "method": "isInitialized",
        "arguments": "{}"
    },
    {
        "class": "com.facebook.FacebookSdk",
        "method": "isInitialized",
        "arguments": "{}"
    },
    {
        "class": "com.facebook.FacebookSdk",
        "method": "isLoggingBehaviorEnabled",
        "arguments": "{\"0\":\"<instance: com.facebook.LoggingBehavior>\"}"
    },
    {
        "class": "com.facebook.FacebookSdk",
        "method": "isDebugEnabled",
        "arguments": "{}"
    },
    {
        "class": "com.facebook.FacebookSdk",
        "method": "getApplicationContext",
        "arguments": "{}"
    },
    {
        "class": "com.facebook.FacebookSdk",
        "method": "getApplicationId",
        "arguments": "{}"
    },
    {
        "class": "com.facebook.FacebookSdk",
        "method": "isDebugEnabled",
        "arguments": "{}"
    },
    {
        "class": "com.facebook.FacebookSdk",
        "method": "isLoggingBehaviorEnabled",
        "arguments": "{\"0\":\"<instance: com.facebook.LoggingBehavior>\"}"
    },
    {
        "class": "com.facebook.FacebookSdk",
        "method": "isInitialized",
        "arguments": "{}"
    },
    {
        "class": "com.facebook.FacebookSdk",
        "method": "isInitialized",
        "arguments": "{}"
    },
    {
        "class": "com.facebook.FacebookSdk",
        "method": "isDebugEnabled",
        "arguments": "{}"
    },
    {
        "class": "com.facebook.FacebookSdk",
        "method": "isLoggingBehaviorEnabled",
        "arguments": "{\"0\":\"<instance: com.facebook.LoggingBehavior>\"}"
    },
    {
        "class": "com.facebook.FacebookSdk",
        "method": "getApplicationId",
        "arguments": "{}"
    },
    {
        "class": "com.facebook.FacebookSdk",
        "method": "isInitialized",
        "arguments": "{}"
    },
    {
        "class": "com.facebook.FacebookSdk",
        "method": "isLoggingBehaviorEnabled",
        "arguments": "{\"0\":\"<instance: com.facebook.LoggingBehavior>\"}"
    },
    {
        "class": "com.facebook.FacebookSdk",
        "method": "getApplicationId",
        "arguments": "{}"
    },
    {
        "class": "com.facebook.FacebookSdk",
        "method": "getApplicationId",
        "arguments": "{}"
    },
    {
        "class": "com.facebook.FacebookSdk",
        "method": "isDebugEnabled",
        "arguments": "{}"
    },
    {
        "class": "com.facebook.FacebookSdk",
        "method": "isInitialized",
        "arguments": "{}"
    },
    {
        "class": "com.facebook.FacebookSdk",
        "method": "getApplicationId",
        "arguments": "{}"
    },
    {
        "class": "com.facebook.FacebookSdk",
        "method": "isDebugEnabled",
        "arguments": "{}"
    },
    {
        "class": "com.facebook.FacebookSdk",
        "method": "isInitialized",
        "arguments": "{}"
    },
    {
        "class": "com.facebook.FacebookSdk",
        "method": "isInitialized",
        "arguments": "{}"
    },
    {
        "class": "com.facebook.FacebookSdk",
        "method": "isLoggingBehaviorEnabled",
        "arguments": "{\"0\":\"<instance: com.facebook.LoggingBehavior>\"}"
    },
    {
        "class": "com.facebook.FacebookSdk",
        "method": "getApplicationId",
        "arguments": "{}"
    },
    {
        "class": "com.facebook.FacebookSdk",
        "method": "isLoggingBehaviorEnabled",
        "arguments": "{\"0\":\"<instance: com.facebook.LoggingBehavior>\"}"
    },
    {
        "class": "com.facebook.FacebookSdk",
        "method": "isDebugEnabled",
        "arguments": "{}"
    },
    {
        "class": "com.facebook.FacebookSdk",
        "method": "isInitialized",
        "arguments": "{}"
    },
    {
        "class": "com.facebook.FacebookSdk",
        "method": "getApplicationContext",
        "arguments": "{}"
    },
    {
        "class": "com.facebook.FacebookSdk",
        "method": "isDebugEnabled",
        "arguments": "{}"
    },
    {
        "class": "com.facebook.FacebookSdk",
        "method": "isInitialized",
        "arguments": "{}"
    },
    {
        "class": "com.facebook.FacebookSdk",
        "method": "isLoggingBehaviorEnabled",
        "arguments": "{\"0\":\"<instance: com.facebook.LoggingBehavior>\"}"
    },
    {
        "class": "com.facebook.FacebookSdk",
        "method": "getApplicationId",
        "arguments": "{}"
    },
    {
        "class": "com.facebook.FacebookSdk",
        "method": "getApplicationContext",
        "arguments": "{}"
    },
    {
        "class": "com.facebook.FacebookSdk",
        "method": "isLoggingBehaviorEnabled",
        "arguments": "{\"0\":\"<instance: com.facebook.LoggingBehavior>\"}"
    },
    {
        "class": "com.facebook.FacebookSdk",
        "method": "isInitialized",
        "arguments": "{}"
    },
    {
        "class": "com.facebook.FacebookSdk",
        "method": "isDebugEnabled",
        "arguments": "{}"
    },
    {
        "class": "com.facebook.FacebookSdk",
        "method": "isInitialized",
        "arguments": "{}"
    },
    {
        "class": "com.facebook.FacebookSdk",
        "method": "getApplicationContext",
        "arguments": "{}"
    },
    {
        "class": "com.facebook.FacebookSdk",
        "method": "isDebugEnabled",
        "arguments": "{}"
    },
    {
        "class": "com.facebook.FacebookSdk",
        "method": "isInitialized",
        "arguments": "{}"
    },
    {
        "class": "com.facebook.FacebookSdk",
        "method": "isInitialized",
        "arguments": "{}"
    },
    {
        "class": "com.facebook.FacebookSdk",
        "method": "getApplicationId",
        "arguments": "{}"
    },
    {
        "class": "com.facebook.FacebookSdk",
        "method": "getAdvertiserIDCollectionEnabled",
        "arguments": "{}"
    },
    {
        "class": "com.facebook.FacebookSdk",
        "method": "isLoggingBehaviorEnabled",
        "arguments": "{\"0\":\"<instance: com.facebook.LoggingBehavior>\"}"
    },
    {
        "class": "com.facebook.FacebookSdk",
        "method": "isInitialized",
        "arguments": "{}"
    },
    {
        "class": "com.facebook.FacebookSdk",
        "method": "isLoggingBehaviorEnabled",
        "arguments": "{\"0\":\"<instance: com.facebook.LoggingBehavior>\"}"
    },
    {
        "class": "com.facebook.FacebookSdk",
        "method": "isInitialized",
        "arguments": "{}"
    },
    {
        "class": "com.facebook.FacebookSdk",
        "method": "isDebugEnabled",
        "arguments": "{}"
    },
    {
        "class": "com.facebook.FacebookSdk",
        "method": "getApplicationId",
        "arguments": "{}"
    },
    {
        "class": "com.facebook.FacebookSdk",
        "method": "isInitialized",
        "arguments": "{}"
    },
    {
        "class": "com.facebook.FacebookSdk",
        "method": "isInitialized",
        "arguments": "{}"
    },
    {
        "class": "com.facebook.FacebookSdk",
        "method": "isLoggingBehaviorEnabled",
        "arguments": "{\"0\":\"<instance: com.facebook.LoggingBehavior>\"}"
    },
    {
        "class": "com.facebook.FacebookSdk",
        "method": "isDebugEnabled",
        "arguments": "{}"
    },
    {
        "class": "com.facebook.FacebookSdk",
        "method": "getAdvertiserIDCollectionEnabled",
        "arguments": "{}"
    },
    {
        "class": "com.facebook.FacebookSdk",
        "method": "getApplicationId",
        "arguments": "{}"
    },
    {
        "class": "com.facebook.FacebookSdk",
        "method": "isInitialized",
        "arguments": "{}"
    },
    {
        "class": "com.facebook.FacebookSdk",
        "method": "isDebugEnabled",
        "arguments": "{}"
    },
    {
        "class": "com.facebook.FacebookSdk",
        "method": "isLoggingBehaviorEnabled",
        "arguments": "{\"0\":\"<instance: com.facebook.LoggingBehavior>\"}"
    },
    {
        "class": "com.facebook.FacebookSdk",
        "method": "isInitialized",
        "arguments": "{}"
    },
    {
        "class": "com.facebook.FacebookSdk",
        "method": "getApplicationId",
        "arguments": "{}"
    },
    {
        "class": "com.facebook.FacebookSdk",
        "method": "isFullyInitialized",
        "arguments": "{}"
    },
    {
        "class": "com.facebook.FacebookSdk",
        "method": "isInitialized",
        "arguments": "{}"
    },
    {
        "class": "com.facebook.FacebookSdk",
        "method": "isDebugEnabled",
        "arguments": "{}"
    },
    {
        "class": "com.facebook.FacebookSdk",
        "method": "getApplicationId",
        "arguments": "{}"
    },
    {
        "class": "com.facebook.FacebookSdk",
        "method": "getApplicationContext",
        "arguments": "{}"
    },
    {
        "class": "com.facebook.FacebookSdk",
        "method": "isLoggingBehaviorEnabled",
        "arguments": "{\"0\":\"<instance: com.facebook.LoggingBehavior>\"}"
    },
    {
        "class": "com.facebook.FacebookSdk",
        "method": "isInitialized",
        "arguments": "{}"
    },
    {
        "class": "com.facebook.FacebookSdk",
        "method": "isInitialized",
        "arguments": "{}"
    },
    {
        "class": "com.facebook.FacebookSdk",
        "method": "isDebugEnabled",
        "arguments": "{}"
    },
    {
        "class": "com.facebook.FacebookSdk",
        "method": "getApplicationId",
        "arguments": "{}"
    },
    {
        "class": "com.facebook.FacebookSdk",
        "method": "isInitialized",
        "arguments": "{}"
    },
    {
        "class": "com.facebook.FacebookSdk",
        "method": "isLoggingBehaviorEnabled",
        "arguments": "{\"0\":\"<instance: com.facebook.LoggingBehavior>\"}"
    },
    {
        "class": "com.facebook.FacebookSdk",
        "method": "isLoggingBehaviorEnabled",
        "arguments": "{\"0\":\"<instance: com.facebook.LoggingBehavior>\"}"
    },
    {
        "class": "com.facebook.FacebookSdk",
        "method": "getApplicationContext",
        "arguments": "{}"
    },
    {
        "class": "com.facebook.FacebookSdk",
        "method": "isInitialized",
        "arguments": "{}"
    },
    {
        "class": "com.facebook.FacebookSdk",
        "method": "isDebugEnabled",
        "arguments": "{}"
    },
    {
        "class": "com.facebook.FacebookSdk",
        "method": "getApplicationContext",
        "arguments": "{}"
    },
    {
        "class": "com.facebook.FacebookSdk",
        "method": "isDebugEnabled",
        "arguments": "{}"
    },
    {
        "class": "com.facebook.FacebookSdk",
        "method": "isLoggingBehaviorEnabled",
        "arguments": "{\"0\":\"<instance: com.facebook.LoggingBehavior>\"}"
    },
    {
        "class": "com.facebook.FacebookSdk",
        "method": "isInitialized",
        "arguments": "{}"
    },
    {
        "class": "com.facebook.FacebookSdk",
        "method": "isDebugEnabled",
        "arguments": "{}"
    },
    {
        "class": "com.facebook.FacebookSdk",
        "method": "getApplicationContext",
        "arguments": "{}"
    },
    {
        "class": "com.facebook.FacebookSdk",
        "method": "isLoggingBehaviorEnabled",
        "arguments": "{\"0\":\"<instance: com.facebook.LoggingBehavior>\"}"
    },
    {
        "class": "com.facebook.FacebookSdk",
        "method": "isInitialized",
        "arguments": "{}"
    },
    {
        "class": "com.facebook.FacebookSdk",
        "method": "isLoggingBehaviorEnabled",
        "arguments": "{\"0\":\"<instance: com.facebook.LoggingBehavior>\"}"
    },
    {
        "class": "com.facebook.FacebookSdk",
        "method": "getApplicationId",
        "arguments": "{}"
    },
    {
        "class": "com.facebook.FacebookSdk",
        "method": "isDebugEnabled",
        "arguments": "{}"
    },
    {
        "class": "com.facebook.FacebookSdk",
        "method": "isInitialized",
        "arguments": "{}"
    },
    {
        "class": "com.facebook.FacebookSdk",
        "method": "isDebugEnabled",
        "arguments": "{}"
    },
    {
        "class": "com.facebook.FacebookSdk",
        "method": "getApplicationId",
        "arguments": "{}"
    },
    {
        "class": "com.facebook.FacebookSdk",
        "method": "isLoggingBehaviorEnabled",
        "arguments": "{\"0\":\"<instance: com.facebook.LoggingBehavior>\"}"
    },
    {
        "class": "com.facebook.FacebookSdk",
        "method": "isInitialized",
        "arguments": "{}"
    },
    {
        "class": "com.facebook.FacebookSdk",
        "method": "getGraphDomain",
        "arguments": "{}"
    },
    {
        "class": "com.facebook.FacebookSdk",
        "method": "isDebugEnabled",
        "arguments": "{}"
    },
    {
        "class": "com.facebook.FacebookSdk",
        "method": "getApplicationId",
        "arguments": "{}"
    },
    {
        "class": "com.facebook.FacebookSdk",
        "method": "getFacebookDomain",
        "arguments": "{}"
    },
    {
        "class": "com.facebook.FacebookSdk",
        "method": "isInitialized",
        "arguments": "{}"
    },
    {
        "class": "com.facebook.FacebookSdk",
        "method": "isLoggingBehaviorEnabled",
        "arguments": "{\"0\":\"<instance: com.facebook.LoggingBehavior>\"}"
    },
    {
        "class": "com.facebook.FacebookSdk",
        "method": "getGraphDomain",
        "arguments": "{}"
    },
    {
        "class": "com.facebook.FacebookSdk",
        "method": "getApplicationId",
        "arguments": "{}"
    },
    {
        "class": "com.facebook.FacebookSdk",
        "method": "isDebugEnabled",
        "arguments": "{}"
    },
    {
        "class": "com.facebook.FacebookSdk",
        "method": "isInitialized",
        "arguments": "{}"
    },
    {
        "class": "com.facebook.FacebookSdk",
        "method": "getFacebookDomain",
        "arguments": "{}"
    },
    {
        "class": "com.facebook.FacebookSdk",
        "method": "getApplicationId",
        "arguments": "{}"
    },
    {
        "class": "com.facebook.FacebookSdk",
        "method": "isFullyInitialized",
        "arguments": "{}"
    },
    {
        "class": "com.facebook.FacebookSdk",
        "method": "isInitialized",
        "arguments": "{}"
    },
    {
        "class": "com.facebook.FacebookSdk",
        "method": "getGraphDomain",
        "arguments": "{}"
    },
    {
        "class": "com.facebook.FacebookSdk",
        "method": "getApplicationId",
        "arguments": "{}"
    },
    {
        "class": "com.facebook.FacebookSdk",
        "method": "isInitialized",
        "arguments": "{}"
    },
    {
        "class": "com.facebook.FacebookSdk",
        "method": "getFacebookDomain",
        "arguments": "{}"
    },
    {
        "class": "com.facebook.FacebookSdk",
        "method": "getApplicationId",
        "arguments": "{}"
    },
    {
        "class": "com.facebook.FacebookSdk",
        "method": "isLoggingBehaviorEnabled",
        "arguments": "{\"0\":\"<instance: com.facebook.LoggingBehavior>\"}"
    },
    {
        "class": "com.facebook.FacebookSdk",
        "method": "isInitialized",
        "arguments": "{}"
    },
    {
        "class": "com.facebook.FacebookSdk",
        "method": "isDebugEnabled",
        "arguments": "{}"
    },
    {
        "class": "com.facebook.FacebookSdk",
        "method": "getApplicationContext",
        "arguments": "{}"
    },
    {
        "class": "com.facebook.FacebookSdk",
        "method": "isLoggingBehaviorEnabled",
        "arguments": "{\"0\":\"<instance: com.facebook.LoggingBehavior>\"}"
    },
    {
        "class": "com.facebook.FacebookSdk",
        "method": "isInitialized",
        "arguments": "{}"
    },
    {
        "class": "com.facebook.FacebookSdk",
        "method": "getApplicationContext",
        "arguments": "{}"
    },
    {
        "class": "com.facebook.FacebookSdk",
        "method": "isDebugEnabled",
        "arguments": "{}"
    },
    {
        "class": "com.facebook.FacebookSdk",
        "method": "isInitialized",
        "arguments": "{}"
    },
    {
        "class": "com.facebook.FacebookSdk",
        "method": "isLoggingBehaviorEnabled",
        "arguments": "{\"0\":\"<instance: com.facebook.LoggingBehavior>\"}"
    },
    {
        "class": "com.facebook.FacebookSdk",
        "method": "getApplicationContext",
        "arguments": "{}"
    },
    {
        "class": "com.facebook.FacebookSdk",
        "method": "isDebugEnabled",
        "arguments": "{}"
    },
    {
        "class": "com.facebook.FacebookSdk",
        "method": "isInitialized",
        "arguments": "{}"
    },
    {
        "class": "com.facebook.FacebookSdk",
        "method": "isLoggingBehaviorEnabled",
        "arguments": "{\"0\":\"<instance: com.facebook.LoggingBehavior>\"}"
    },
    {
        "class": "com.facebook.FacebookSdk",
        "method": "getApplicationId",
        "arguments": "{}"
    },
    {
        "class": "com.facebook.FacebookSdk",
        "method": "isDebugEnabled",
        "arguments": "{}"
    },
    {
        "class": "com.facebook.FacebookSdk",
        "method": "isInitialized",
        "arguments": "{}"
    },
    {
        "class": "com.facebook.FacebookSdk",
        "method": "isLoggingBehaviorEnabled",
        "arguments": "{\"0\":\"<instance: com.facebook.LoggingBehavior>\"}"
    },
    {
        "class": "com.facebook.FacebookSdk",
        "method": "getApplicationId",
        "arguments": "{}"
    },
    {
        "class": "com.facebook.FacebookSdk",
        "method": "isInitialized",
        "arguments": "{}"
    },
    {
        "class": "com.facebook.FacebookSdk",
        "method": "isDebugEnabled",
        "arguments": "{}"
    },
    {
        "class": "com.facebook.FacebookSdk",
        "method": "getApplicationId",
        "arguments": "{}"
    },
    {
        "class": "com.facebook.FacebookSdk",
        "method": "isInitialized",
        "arguments": "{}"
    },
    {
        "class": "com.facebook.FacebookSdk",
        "method": "isLoggingBehaviorEnabled",
        "arguments": "{\"0\":\"<instance: com.facebook.LoggingBehavior>\"}"
    },
    {
        "class": "com.facebook.FacebookSdk",
        "method": "getApplicationId",
        "arguments": "{}"
    },
    {
        "class": "com.facebook.FacebookSdk",
        "method": "isDebugEnabled",
        "arguments": "{}"
    },
    {
        "class": "com.facebook.FacebookSdk",
        "method": "isInitialized",
        "arguments": "{}"
    },
    {
        "class": "com.facebook.FacebookSdk",
        "method": "isLoggingBehaviorEnabled",
        "arguments": "{\"0\":\"<instance: com.facebook.LoggingBehavior>\"}"
    },
    {
        "class": "com.facebook.FacebookSdk",
        "method": "getApplicationId",
        "arguments": "{}"
    },
    {
        "class": "com.facebook.FacebookSdk",
        "method": "isDebugEnabled",
        "arguments": "{}"
    },
    {
        "class": "com.facebook.FacebookSdk",
        "method": "isInitialized",
        "arguments": "{}"
    },
    {
        "class": "com.facebook.FacebookSdk",
        "method": "isLoggingBehaviorEnabled",
        "arguments": "{\"0\":\"<instance: com.facebook.LoggingBehavior>\"}"
    },
    {
        "class": "com.facebook.FacebookSdk",
        "method": "getApplicationId",
        "arguments": "{}"
    },
    {
        "class": "com.facebook.FacebookSdk",
        "method": "isInitialized",
        "arguments": "{}"
    },
    {
        "class": "com.facebook.FacebookSdk",
        "method": "isDebugEnabled",
        "arguments": "{}"
    },
    {
        "class": "com.facebook.FacebookSdk",
        "method": "getApplicationContext",
        "arguments": "{}"
    },
    {
        "class": "com.facebook.FacebookSdk",
        "method": "isInitialized",
        "arguments": "{}"
    },
    {
        "class": "com.facebook.FacebookSdk",
        "method": "getApplicationContext",
        "arguments": "{}"
    },
    {
        "class": "com.facebook.FacebookSdk",
        "method": "isLoggingBehaviorEnabled",
        "arguments": "{\"0\":\"<instance: com.facebook.LoggingBehavior>\"}"
    },
    {
        "class": "com.facebook.FacebookSdk",
        "method": "isInitialized",
        "arguments": "{}"
    },
    {
        "class": "com.facebook.FacebookSdk",
        "method": "isDebugEnabled",
        "arguments": "{}"
    },
    {
        "class": "com.facebook.FacebookSdk",
        "method": "getApplicationContext",
        "arguments": "{}"
    },
    {
        "class": "com.facebook.FacebookSdk",
        "method": "isInitialized",
        "arguments": "{}"
    },
    {
        "class": "com.facebook.FacebookSdk",
        "method": "isLoggingBehaviorEnabled",
        "arguments": "{\"0\":\"<instance: com.facebook.LoggingBehavior>\"}"
    },
    {
        "class": "com.facebook.FacebookSdk",
        "method": "getApplicationId",
        "arguments": "{}"
    },
    {
        "class": "com.facebook.FacebookSdk",
        "method": "isDebugEnabled",
        "arguments": "{}"
    },
    {
        "class": "com.facebook.FacebookSdk",
        "method": "isInitialized",
        "arguments": "{}"
    },
    {
        "class": "com.facebook.FacebookSdk",
        "method": "getApplicationId",
        "arguments": "{}"
    },
    {
        "class": "com.facebook.FacebookSdk",
        "method": "isLoggingBehaviorEnabled",
        "arguments": "{\"0\":\"<instance: com.facebook.LoggingBehavior>\"}"
    },
    {
        "class": "com.facebook.FacebookSdk",
        "method": "isLoggingBehaviorEnabled",
        "arguments": "{\"0\":\"<instance: com.facebook.LoggingBehavior>\"}"
    },
    {
        "class": "com.facebook.FacebookSdk",
        "method": "isInitialized",
        "arguments": "{}"
    },
    {
        "class": "com.facebook.FacebookSdk",
        "method": "isDebugEnabled",
        "arguments": "{}"
    },
    {
        "class": "com.facebook.FacebookSdk",
        "method": "getApplicationId",
        "arguments": "{}"
    },
    {
        "class": "com.facebook.FacebookSdk",
        "method": "isDebugEnabled",
        "arguments": "{}"
    },
    {
        "class": "com.facebook.FacebookSdk",
        "method": "isInitialized",
        "arguments": "{}"
    },
    {
        "class": "com.facebook.FacebookSdk",
        "method": "getApplicationId",
        "arguments": "{}"
    },
    {
        "class": "com.facebook.FacebookSdk",
        "method": "isLoggingBehaviorEnabled",
        "arguments": "{\"0\":\"<instance: com.facebook.LoggingBehavior>\"}"
    },
    {
        "class": "com.facebook.FacebookSdk",
        "method": "isLoggingBehaviorEnabled",
        "arguments": "{\"0\":\"<instance: com.facebook.LoggingBehavior>\"}"
    },
    {
        "class": "com.facebook.FacebookSdk",
        "method": "isInitialized",
        "arguments": "{}"
    },
    {
        "class": "com.facebook.FacebookSdk",
        "method": "isDebugEnabled",
        "arguments": "{}"
    },
    {
        "class": "com.facebook.FacebookSdk",
        "method": "getApplicationId",
        "arguments": "{}"
    },
    {
        "class": "com.facebook.FacebookSdk",
        "method": "isInitialized",
        "arguments": "{}"
    },
    {
        "class": "com.facebook.FacebookSdk",
        "method": "isLoggingBehaviorEnabled",
        "arguments": "{\"0\":\"<instance: com.facebook.LoggingBehavior>\"}"
    },
    {
        "class": "com.facebook.FacebookSdk",
        "method": "isDebugEnabled",
        "arguments": "{}"
    },
    {
        "class": "com.facebook.FacebookSdk",
        "method": "getApplicationId",
        "arguments": "{}"
    },
    {
        "class": "com.facebook.FacebookSdk",
        "method": "isDebugEnabled",
        "arguments": "{}"
    },
    {
        "class": "com.facebook.FacebookSdk",
        "method": "isInitialized",
        "arguments": "{}"
    },
    {
        "class": "com.facebook.FacebookSdk",
        "method": "isLoggingBehaviorEnabled",
        "arguments": "{\"0\":\"<instance: com.facebook.LoggingBehavior>\"}"
    },
    {
        "class": "com.facebook.FacebookSdk",
        "method": "getApplicationId",
        "arguments": "{}"
    },
    {
        "class": "com.facebook.FacebookSdk",
        "method": "isDebugEnabled",
        "arguments": "{}"
    },
    {
        "class": "com.facebook.FacebookSdk",
        "method": "isInitialized",
        "arguments": "{}"
    },
    {
        "class": "com.facebook.FacebookSdk",
        "method": "getApplicationContext",
        "arguments": "{}"
    },
    {
        "class": "com.facebook.FacebookSdk",
        "method": "isLoggingBehaviorEnabled",
        "arguments": "{\"0\":\"<instance: com.facebook.LoggingBehavior>\"}"
    },
    {
        "class": "com.facebook.FacebookSdk",
        "method": "isInitialized",
        "arguments": "{}"
    },
    {
        "class": "com.facebook.FacebookSdk",
        "method": "isDebugEnabled",
        "arguments": "{}"
    },
    {
        "class": "com.facebook.FacebookSdk",
        "method": "getApplicationContext",
        "arguments": "{}"
    },
    {
        "class": "com.facebook.FacebookSdk",
        "method": "isInitialized",
        "arguments": "{}"
    },
    {
        "class": "com.facebook.FacebookSdk",
        "method": "isLoggingBehaviorEnabled",
        "arguments": "{\"0\":\"<instance: com.facebook.LoggingBehavior>\"}"
    },
    {
        "class": "com.facebook.FacebookSdk",
        "method": "getApplicationId",
        "arguments": "{}"
    },
    {
        "class": "com.facebook.FacebookSdk",
        "method": "isDebugEnabled",
        "arguments": "{}"
    },
    {
        "class": "com.facebook.FacebookSdk",
        "method": "isInitialized",
        "arguments": "{}"
    },
    {
        "class": "com.facebook.FacebookSdk",
        "method": "isLoggingBehaviorEnabled",
        "arguments": "{\"0\":\"<instance: com.facebook.LoggingBehavior>\"}"
    },
    {
        "class": "com.facebook.FacebookSdk",
        "method": "getApplicationId",
        "arguments": "{}"
    },
    {
        "class": "com.facebook.FacebookSdk",
        "method": "isDebugEnabled",
        "arguments": "{}"
    },
    {
        "class": "com.facebook.FacebookSdk",
        "method": "isInitialized",
        "arguments": "{}"
    },
    {
        "class": "com.facebook.FacebookSdk",
        "method": "getApplicationId",
        "arguments": "{}"
    },
    {
        "class": "com.facebook.FacebookSdk",
        "method": "isLoggingBehaviorEnabled",
        "arguments": "{\"0\":\"<instance: com.facebook.LoggingBehavior>\"}"
    },
    {
        "class": "com.facebook.FacebookSdk",
        "method": "isInitialized",
        "arguments": "{}"
    },
    {
        "class": "com.facebook.FacebookSdk",
        "method": "isDebugEnabled",
        "arguments": "{}"
    },
    {
        "class": "com.facebook.FacebookSdk",
        "method": "getApplicationId",
        "arguments": "{}"
    },
    {
        "class": "com.facebook.FacebookSdk",
        "method": "isLoggingBehaviorEnabled",
        "arguments": "{\"0\":\"<instance: com.facebook.LoggingBehavior>\"}"
    },
    {
        "class": "com.facebook.FacebookSdk",
        "method": "isInitialized",
        "arguments": "{}"
    },
    {
        "class": "com.facebook.FacebookSdk",
        "method": "isDebugEnabled",
        "arguments": "{}"
    },
    {
        "class": "com.facebook.FacebookSdk",
        "method": "isLoggingBehaviorEnabled",
        "arguments": "{\"0\":\"<instance: com.facebook.LoggingBehavior>\"}"
    },
    {
        "class": "com.facebook.FacebookSdk",
        "method": "isDebugEnabled",
        "arguments": "{}"
    },
    {
        "class": "com.facebook.FacebookSdk",
        "method": "isLoggingBehaviorEnabled",
        "arguments": "{\"0\":\"<instance: com.facebook.LoggingBehavior>\"}"
    },
    {
        "class": "com.facebook.FacebookSdk",
        "method": "isDebugEnabled",
        "arguments": "{}"
    },
    {
        "class": "com.facebook.FacebookSdk",
        "method": "isLoggingBehaviorEnabled",
        "arguments": "{\"0\":\"<instance: com.facebook.LoggingBehavior>\"}"
    },
    {
        "class": "com.facebook.FacebookSdk",
        "method": "isDebugEnabled",
        "arguments": "{}"
    },
    {
        "class": "com.facebook.FacebookSdk",
        "method": "isLoggingBehaviorEnabled",
        "arguments": "{\"0\":\"<instance: com.facebook.LoggingBehavior>\"}"
    },
    {
        "class": "com.facebook.FacebookSdk",
        "method": "isDebugEnabled",
        "arguments": "{}"
    },
    {
        "class": "com.facebook.FacebookSdk",
        "method": "isFullyInitialized",
        "arguments": "{}"
    },
    {
        "class": "com.facebook.FacebookSdk",
        "method": "getApplicationId",
        "arguments": "{}"
    },
    {
        "class": "com.facebook.FacebookSdk",
        "method": "isInitialized",
        "arguments": "{}"
    },
    {
        "class": "com.facebook.FacebookSdk",
        "method": "getApplicationContext",
        "arguments": "{}"
    },
    {
        "class": "com.facebook.FacebookSdk",
        "method": "isInitialized",
        "arguments": "{}"
    },
    {
        "class": "com.google.firebase.analytics.FirebaseAnalytics",
        "method": "logEvent",
        "arguments": "{\"0\":\"PrivacyPolicy_Initialization\",\"1\":\"<instance: android.os.Bundle>\"}"
    },
    {
        "class": "com.facebook.FacebookSdk",
        "method": "getApplicationContext",
        "arguments": "{}"
    },
    {
        "class": "com.facebook.FacebookSdk",
        "method": "isInitialized",
        "arguments": "{}"
    },
    {
        "class": "com.facebook.FacebookSdk",
        "method": "isLoggingBehaviorEnabled",
        "arguments": "{\"0\":\"<instance: com.facebook.LoggingBehavior>\"}"
    },
    {
        "class": "com.facebook.FacebookSdk",
        "method": "isDebugEnabled",
        "arguments": "{}"
    },
    {
        "class": "com.facebook.FacebookSdk",
        "method": "isLoggingBehaviorEnabled",
        "arguments": "{\"0\":\"<instance: com.facebook.LoggingBehavior>\"}"
    },
    {
        "class": "com.facebook.FacebookSdk",
        "method": "isDebugEnabled",
        "arguments": "{}"
    },
    {
        "class": "com.facebook.FacebookSdk",
        "method": "isLoggingBehaviorEnabled",
        "arguments": "{\"0\":\"<instance: com.facebook.LoggingBehavior>\"}"
    },
    {
        "class": "com.facebook.FacebookSdk",
        "method": "isDebugEnabled",
        "arguments": "{}"
    },
    {
        "class": "com.facebook.FacebookSdk",
        "method": "isLoggingBehaviorEnabled",
        "arguments": "{\"0\":\"<instance: com.facebook.LoggingBehavior>\"}"
    },
    {
        "class": "com.facebook.FacebookSdk",
        "method": "isDebugEnabled",
        "arguments": "{}"
    },
    {
        "class": "com.facebook.FacebookSdk",
        "method": "isLoggingBehaviorEnabled",
        "arguments": "{\"0\":\"<instance: com.facebook.LoggingBehavior>\"}"
    },
    {
        "class": "com.facebook.FacebookSdk",
        "method": "isDebugEnabled",
        "arguments": "{}"
    },
    {
        "class": "com.facebook.FacebookSdk",
        "method": "isLoggingBehaviorEnabled",
        "arguments": "{\"0\":\"<instance: com.facebook.LoggingBehavior>\"}"
    },
    {
        "class": "com.facebook.FacebookSdk",
        "method": "isDebugEnabled",
        "arguments": "{}"
    },
    {
        "class": "com.facebook.FacebookSdk",
        "method": "getApplicationContext",
        "arguments": "{}"
    },
    {
        "class": "com.facebook.FacebookSdk",
        "method": "isInitialized",
        "arguments": "{}"
    },
    {
        "class": "com.facebook.FacebookSdk",
        "method": "getApplicationContext",
        "arguments": "{}"
    },
    {
        "class": "com.facebook.FacebookSdk",
        "method": "isInitialized",
        "arguments": "{}"
    },
    {
        "class": "com.facebook.FacebookSdk",
        "method": "getApplicationContext",
        "arguments": "{}"
    },
    {
        "class": "com.facebook.FacebookSdk",
        "method": "isInitialized",
        "arguments": "{}"
    },
    {
        "class": "com.facebook.FacebookSdk",
        "method": "getApplicationContext",
        "arguments": "{}"
    },
    {
        "class": "com.facebook.FacebookSdk",
        "method": "isInitialized",
        "arguments": "{}"
    },
    {
        "class": "com.facebook.FacebookSdk",
        "method": "getApplicationContext",
        "arguments": "{}"
    },
    {
        "class": "com.facebook.FacebookSdk",
        "method": "isInitialized",
        "arguments": "{}"
    },
    {
        "class": "com.facebook.FacebookSdk",
        "method": "getApplicationContext",
        "arguments": "{}"
    },
    {
        "class": "com.facebook.FacebookSdk",
        "method": "isInitialized",
        "arguments": "{}"
    },
    {
        "class": "com.facebook.FacebookSdk",
        "method": "getApplicationContext",
        "arguments": "{}"
    },
    {
        "class": "com.facebook.FacebookSdk",
        "method": "isInitialized",
        "arguments": "{}"
    },
    {
        "class": "com.facebook.FacebookSdk",
        "method": "getApplicationContext",
        "arguments": "{}"
    },
    {
        "class": "com.facebook.FacebookSdk",
        "method": "isInitialized",
        "arguments": "{}"
    },
    {
        "class": "com.facebook.FacebookSdk",
        "method": "getApplicationContext",
        "arguments": "{}"
    },
    {
        "class": "com.facebook.FacebookSdk",
        "method": "isInitialized",
        "arguments": "{}"
    },
    {
        "class": "com.facebook.FacebookSdk",
        "method": "getApplicationContext",
        "arguments": "{}"
    },
    {
        "class": "com.facebook.FacebookSdk",
        "method": "isInitialized",
        "arguments": "{}"
    },
    {
        "class": "com.facebook.FacebookSdk",
        "method": "getApplicationContext",
        "arguments": "{}"
    },
    {
        "class": "com.facebook.FacebookSdk",
        "method": "isInitialized",
        "arguments": "{}"
    },
    {
        "class": "com.facebook.FacebookSdk",
        "method": "getApplicationContext",
        "arguments": "{}"
    },
    {
        "class": "com.facebook.FacebookSdk",
        "method": "isInitialized",
        "arguments": "{}"
    },
    {
        "class": "com.facebook.FacebookSdk",
        "method": "getApplicationContext",
        "arguments": "{}"
    },
    {
        "class": "com.facebook.FacebookSdk",
        "method": "isInitialized",
        "arguments": "{}"
    },
    {
        "class": "com.facebook.FacebookSdk",
        "method": "getApplicationContext",
        "arguments": "{}"
    },
    {
        "class": "com.facebook.FacebookSdk",
        "method": "isInitialized",
        "arguments": "{}"
    },
    {
        "class": "com.facebook.FacebookSdk",
        "method": "getApplicationContext",
        "arguments": "{}"
    },
    {
        "class": "com.facebook.FacebookSdk",
        "method": "isInitialized",
        "arguments": "{}"
    },
    {
        "class": "com.facebook.FacebookSdk",
        "method": "getApplicationContext",
        "arguments": "{}"
    },
    {
        "class": "com.facebook.FacebookSdk",
        "method": "isInitialized",
        "arguments": "{}"
    },
    {
        "class": "com.facebook.FacebookSdk",
        "method": "getApplicationContext",
        "arguments": "{}"
    },
    {
        "class": "com.facebook.FacebookSdk",
        "method": "isInitialized",
        "arguments": "{}"
    },
    {
        "class": "com.facebook.FacebookSdk",
        "method": "getApplicationContext",
        "arguments": "{}"
    },
    {
        "class": "com.facebook.FacebookSdk",
        "method": "isInitialized",
        "arguments": "{}"
    },
    {
        "class": "com.facebook.FacebookSdk",
        "method": "getApplicationContext",
        "arguments": "{}"
    },
    {
        "class": "com.facebook.FacebookSdk",
        "method": "isInitialized",
        "arguments": "{}"
    },
    {
        "class": "com.google.firebase.analytics.FirebaseAnalytics",
        "method": "logEvent",
        "arguments": "{\"0\":\"DataUsageConsentManager_Initialization\",\"1\":\"<instance: android.os.Bundle>\"}"
    },
    {
        "class": "admost.sdk.base.AdMostConfiguration$Builder",
        "method": "setSubjectToGDPR",
        "arguments": "{\"0\":true}"
    },
    {
        "class": "admost.sdk.base.AdMostConfiguration$Builder",
        "method": "setSubjectToCCPA",
        "arguments": "{\"0\":false}"
    },
    {
        "class": "admost.sdk.base.AdMostConfiguration$Builder",
        "method": "setUserConsent",
        "arguments": "{\"0\":true}"
    },
    {
        "class": "admost.sdk.base.AdMostConfiguration$Builder",
        "method": "setUserChild",
        "arguments": "{\"0\":false}"
    },
    {
        "class": "admost.sdk.base.AdMostConfiguration$Builder",
        "method": "setUseHttps",
        "arguments": "{}"
    },
    {
        "class": "com.facebook.FacebookSdk",
        "method": "isInitialized",
        "arguments": "{}"
    },
    {
        "class": "admost.sdk.base.AdMost",
        "method": "getInstance",
        "arguments": "{}"
    },
    {
        "class": "admost.sdk.base.AdMostConfiguration$Builder",
        "method": "build",
        "arguments": "{}"
    },
    {
        "class": "com.facebook.FacebookSdk",
        "method": "getAutoLogAppEventsEnabled",
        "arguments": "{}"
    },
    {
        "class": "admost.sdk.base.AdMost",
        "method": "getInstance",
        "arguments": "{}"
    },
    {
        "class": "com.facebook.FacebookSdk",
        "method": "isInitialized",
        "arguments": "{}"
    },
    {
        "class": "admost.sdk.base.AdMost",
        "method": "getConfiguration",
        "arguments": "{}"
    },
    {
        "class": "admost.sdk.base.AdMostConfiguration$Builder",
        "method": "access$400",
        "arguments": "{\"0\":\"<instance: admost.sdk.base.AdMostConfiguration$Builder>\"}"
    },
    {
        "class": "com.facebook.FacebookSdk",
        "method": "getApplicationContext",
        "arguments": "{}"
    },
    {
        "class": "com.facebook.FacebookSdk",
        "method": "isInitialized",
        "arguments": "{}"
    },
    {
        "class": "admost.sdk.base.AdMostConfiguration$Builder",
        "method": "access$500",
        "arguments": "{\"0\":\"<instance: admost.sdk.base.AdMostConfiguration$Builder>\"}"
    },
    {
        "class": "admost.sdk.base.AdMostConfiguration$Builder",
        "method": "access$600",
        "arguments": "{\"0\":\"<instance: admost.sdk.base.AdMostConfiguration$Builder>\"}"
    },
    {
        "class": "com.facebook.FacebookSdk",
        "method": "getApplicationId",
        "arguments": "{}"
    },
    {
        "class": "admost.sdk.base.AdMostConfiguration$Builder",
        "method": "access$700",
        "arguments": "{\"0\":\"<instance: admost.sdk.base.AdMostConfiguration$Builder>\"}"
    },
    {
        "class": "com.facebook.FacebookSdk",
        "method": "isInitialized",
        "arguments": "{}"
    },
    {
        "class": "admost.sdk.base.AdMostConfiguration$Builder",
        "method": "access$800",
        "arguments": "{\"0\":\"<instance: admost.sdk.base.AdMostConfiguration$Builder>\"}"
    },
    {
        "class": "admost.sdk.base.AdMostConfiguration$Builder",
        "method": "access$900",
        "arguments": "{\"0\":\"<instance: admost.sdk.base.AdMostConfiguration$Builder>\"}"
    },
    {
        "class": "com.facebook.FacebookSdk",
        "method": "getApplicationContext",
        "arguments": "{}"
    },
    {
        "class": "admost.sdk.base.AdMostConfiguration$Builder",
        "method": "access$1000",
        "arguments": "{\"0\":\"<instance: admost.sdk.base.AdMostConfiguration$Builder>\"}"
    },
    {
        "class": "admost.sdk.base.AdMostConfiguration$Builder",
        "method": "access$1100",
        "arguments": "{\"0\":\"<instance: admost.sdk.base.AdMostConfiguration$Builder>\"}"
    },
    {
        "class": "com.facebook.FacebookSdk",
        "method": "isInitialized",
        "arguments": "{}"
    },
    {
        "class": "admost.sdk.base.AdMostConfiguration$Builder",
        "method": "access$1200",
        "arguments": "{\"0\":\"<instance: admost.sdk.base.AdMostConfiguration$Builder>\"}"
    },
    {
        "class": "com.facebook.FacebookSdk",
        "method": "isInitialized",
        "arguments": "{}"
    },
    {
        "class": "admost.sdk.base.AdMostConfiguration$Builder",
        "method": "access$1300",
        "arguments": "{\"0\":\"<instance: admost.sdk.base.AdMostConfiguration$Builder>\"}"
    },
    {
        "class": "com.facebook.FacebookSdk",
        "method": "publishInstallAsync",
        "arguments": "{\"0\":\"<instance: android.content.Context, $className: com.safedk.android.SafeDKApplication>\",\"1\":\"1646321876217779\"}"
    },
    {
        "class": "admost.sdk.base.AdMostConfiguration$Builder",
        "method": "access$1400",
        "arguments": "{\"0\":\"<instance: admost.sdk.base.AdMostConfiguration$Builder>\"}"
    },
    {
        "class": "com.facebook.FacebookSdk",
        "method": "getApplicationId",
        "arguments": "{}"
    },
    {
        "class": "admost.sdk.base.AdMostConfiguration$Builder",
        "method": "access$1500",
        "arguments": "{\"0\":\"<instance: admost.sdk.base.AdMostConfiguration$Builder>\"}"
    },
    {
        "class": "com.facebook.FacebookSdk",
        "method": "isInitialized",
        "arguments": "{}"
    },
    {
        "class": "admost.sdk.base.AdMostConfiguration$Builder",
        "method": "access$1600",
        "arguments": "{\"0\":\"<instance: admost.sdk.base.AdMostConfiguration$Builder>\"}"
    },
    {
        "class": "admost.sdk.base.AdMostConfiguration$Builder",
        "method": "access$1700",
        "arguments": "{\"0\":\"<instance: admost.sdk.base.AdMostConfiguration$Builder>\"}"
    },
    {
        "class": "com.facebook.FacebookSdk",
        "method": "getApplicationId",
        "arguments": "{}"
    },
    {
        "class": "admost.sdk.base.AdMostConfiguration$Builder",
        "method": "access$1800",
        "arguments": "{\"0\":\"<instance: admost.sdk.base.AdMostConfiguration$Builder>\"}"
    },
    {
        "class": "com.facebook.FacebookSdk",
        "method": "isInitialized",
        "arguments": "{}"
    },
    {
        "class": "admost.sdk.base.AdMostConfiguration$Builder",
        "method": "access$1900",
        "arguments": "{\"0\":\"<instance: admost.sdk.base.AdMostConfiguration$Builder>\"}"
    },
    {
        "class": "admost.sdk.base.AdMostConfiguration$Builder",
        "method": "access$2000",
        "arguments": "{\"0\":\"<instance: admost.sdk.base.AdMostConfiguration$Builder>\"}"
    },
    {
        "class": "com.facebook.FacebookSdk",
        "method": "getExecutor",
        "arguments": "{}"
    },
    {
        "class": "admost.sdk.base.AdMostConfiguration$Builder",
        "method": "access$2100",
        "arguments": "{\"0\":\"<instance: admost.sdk.base.AdMostConfiguration$Builder>\"}"
    },
    {
        "class": "admost.sdk.base.AdMostConfiguration$Builder",
        "method": "access$2200",
        "arguments": "{\"0\":\"<instance: admost.sdk.base.AdMostConfiguration$Builder>\"}"
    },
    {
        "class": "com.facebook.FacebookSdk",
        "method": "getApplicationContext",
        "arguments": "{}"
    },
    {
        "class": "com.facebook.FacebookSdk",
        "method": "publishInstallAsync$lambda-15",
        "arguments": "{\"0\":\"<instance: android.content.Context, $className: com.safedk.android.SafeDKApplication>\",\"1\":\"1646321876217779\"}"
    },
    {
        "class": "com.facebook.FacebookSdk",
        "method": "isInitialized",
        "arguments": "{}"
    },
    {
        "class": "admost.sdk.base.AdMostConfiguration$Builder",
        "method": "access$2300",
        "arguments": "{\"0\":\"<instance: admost.sdk.base.AdMostConfiguration$Builder>\"}"
    },
    {
        "class": "com.facebook.FacebookSdk",
        "method": "publishInstallAndWaitForResponse",
        "arguments": "{\"0\":\"<instance: android.content.Context, $className: com.safedk.android.SafeDKApplication>\",\"1\":\"1646321876217779\"}"
    },
    {
        "class": "com.facebook.FacebookSdk",
        "method": "getApplicationContext",
        "arguments": "{}"
    },
    {
        "class": "admost.sdk.base.AdMostConfiguration$Builder",
        "method": "access$2400",
        "arguments": "{\"0\":\"<instance: admost.sdk.base.AdMostConfiguration$Builder>\"}"
    },
    {
        "class": "com.facebook.FacebookSdk",
        "method": "isInitialized",
        "arguments": "{}"
    },
    {
        "class": "admost.sdk.base.AdMostConfiguration",
        "method": "setInstallReferrers",
        "arguments": "{}"
    },
    {
        "class": "com.facebook.FacebookSdk",
        "method": "getApplicationId",
        "arguments": "{}"
    },
    {
        "class": "admost.sdk.base.AdMost",
        "method": "getInstance",
        "arguments": "{}"
    },
    {
        "class": "com.facebook.FacebookSdk",
        "method": "isInitialized",
        "arguments": "{}"
    },
    {
        "class": "admost.sdk.base.AdMost",
        "method": "getConfiguration",
        "arguments": "{}"
    },
    {
        "class": "com.facebook.FacebookSdk",
        "method": "getApplicationId",
        "arguments": "{}"
    },
    {
        "class": "admost.sdk.base.AdMostConfiguration$Builder",
        "method": "access$2500",
        "arguments": "{\"0\":\"<instance: admost.sdk.base.AdMostConfiguration$Builder>\"}"
    },
    {
        "class": "com.facebook.FacebookSdk",
        "method": "isInitialized",
        "arguments": "{}"
    },
    {
        "class": "admost.sdk.base.AdMostConfiguration$Builder",
        "method": "clearGC",
        "arguments": "{}"
    },
    {
        "class": "com.facebook.FacebookSdk",
        "method": "getApplicationId",
        "arguments": "{}"
    },
    {
        "class": "admost.sdk.base.AdMost",
        "method": "init",
        "arguments": "{\"0\":\"<instance: admost.sdk.base.AdMostConfiguration>\",\"1\":\"<instance: admost.sdk.listener.AdMostInitListener, $className: com.amr.unity.ads.Config$2$1>\"}"
    },
    {
        "class": "com.facebook.FacebookSdk",
        "method": "isInitialized",
        "arguments": "{}"
    },
    {
        "class": "admost.sdk.base.AdMost",
        "method": "getInstance",
        "arguments": "{}"
    },
    {
        "class": "com.facebook.FacebookSdk",
        "method": "getApplicationId",
        "arguments": "{}"
    },
    {
        "class": "admost.sdk.base.AdMost",
        "method": "isInitCompleted",
        "arguments": "{}"
    },
    {
        "class": "admost.sdk.base.AdMost",
        "method": "init",
        "arguments": "{\"0\":\"<instance: admost.sdk.base.AdMostConfiguration>\"}"
    },
    {
        "class": "com.facebook.FacebookSdk",
        "method": "isInitialized",
        "arguments": "{}"
    },
    {
        "class": "admost.sdk.base.AdMostConfiguration",
        "method": "getAppId",
        "arguments": "{}"
    },
    {
        "class": "admost.sdk.base.AdMostConfiguration",
        "method": "getAppId",
        "arguments": "{}"
    },
    {
        "class": "admost.sdk.base.AdMost",
        "method": "getContext",
        "arguments": "{}"
    },
    {
        "class": "com.facebook.FacebookSdk",
        "method": "isInitialized",
        "arguments": "{}"
    },
    {
        "class": "com.facebook.FacebookSdk",
        "method": "getSdkVersion",
        "arguments": "{}"
    },
    {
        "class": "admost.sdk.base.AdMost",
        "method": "checkConfiguration",
        "arguments": "{}"
    },
    {
        "class": "admost.sdk.base.AdMost",
        "method": "getInstance",
        "arguments": "{}"
    },
    {
        "class": "admost.sdk.base.AdMost",
        "method": "getConfiguration",
        "arguments": "{}"
    },
    {
        "class": "admost.sdk.base.AdMost",
        "method": "getInstance",
        "arguments": "{}"
    },
    {
        "class": "admost.sdk.base.AdMost",
        "method": "getConfiguration",
        "arguments": "{}"
    },
    {
        "class": "admost.sdk.base.AdMostConfiguration",
        "method": "useHttps",
        "arguments": "{}"
    },
    {
        "class": "admost.sdk.base.AdMost",
        "method": "getInstance",
        "arguments": "{}"
    },
    {
        "class": "admost.sdk.base.AdMost",
        "method": "isInitStarted",
        "arguments": "{}"
    },
    {
        "class": "admost.sdk.base.AdMost",
        "method": "getInstance",
        "arguments": "{}"
    },
    {
        "class": "admost.sdk.base.AdMost",
        "method": "getExecutor",
        "arguments": "{}"
    },
    {
        "class": "admost.sdk.base.AdMost",
        "method": "checkConfiguration",
        "arguments": "{}"
    },
    {
        "class": "admost.sdk.base.AdMost",
        "method": "getAppId",
        "arguments": "{}"
    },
    {
        "class": "admost.sdk.base.AdMost",
        "method": "checkConfiguration",
        "arguments": "{}"
    },
    {
        "class": "admost.sdk.base.AdMostConfiguration",
        "method": "getAppId",
        "arguments": "{}"
    },
    {
        "class": "admost.sdk.base.AdMostConfiguration",
        "method": "makeInitRequest",
        "arguments": "{\"0\":false}"
    },
    {
        "class": "admost.sdk.base.AdMost",
        "method": "getInstance",
        "arguments": "{}"
    },
    {
        "class": "admost.sdk.base.AdMost",
        "method": "getContext",
        "arguments": "{}"
    },
    {
        "class": "admost.sdk.base.AdMost",
        "method": "checkConfiguration",
        "arguments": "{}"
    },
    {
        "class": "admost.sdk.base.AdMost",
        "method": "getInstance",
        "arguments": "{}"
    },
    {
        "class": "admost.sdk.base.AdMost",
        "method": "getAppId",
        "arguments": "{}"
    },
    {
        "class": "admost.sdk.base.AdMost",
        "method": "checkConfiguration",
        "arguments": "{}"
    },
    {
        "class": "admost.sdk.base.AdMostConfiguration",
        "method": "getAppId",
        "arguments": "{}"
    },
    {
        "class": "admost.sdk.base.AdMost",
        "method": "getInstance",
        "arguments": "{}"
    },
    {
        "class": "admost.sdk.base.AdMost",
        "method": "getContext",
        "arguments": "{}"
    },
    {
        "class": "admost.sdk.base.AdMost",
        "method": "checkConfiguration",
        "arguments": "{}"
    },
    {
        "class": "admost.sdk.base.AdMost",
        "method": "getInstance",
        "arguments": "{}"
    },
    {
        "class": "admost.sdk.base.AdMost",
        "method": "getContext",
        "arguments": "{}"
    },
    {
        "class": "admost.sdk.base.AdMost",
        "method": "checkConfiguration",
        "arguments": "{}"
    },
    {
        "class": "admost.sdk.base.AdMost",
        "method": "getInstance",
        "arguments": "{}"
    },
    {
        "class": "admost.sdk.base.AdMost",
        "method": "getContext",
        "arguments": "{}"
    },
    {
        "class": "admost.sdk.base.AdMost",
        "method": "checkConfiguration",
        "arguments": "{}"
    },
    {
        "class": "admost.sdk.base.AdMost",
        "method": "getInstance",
        "arguments": "{}"
    },
    {
        "class": "admost.sdk.base.AdMost",
        "method": "getVersion",
        "arguments": "{}"
    },
    {
        "class": "admost.sdk.base.AdMost",
        "method": "getContext",
        "arguments": "{}"
    },
    {
        "class": "admost.sdk.base.AdMost",
        "method": "checkConfiguration",
        "arguments": "{}"
    },
    {
        "class": "admost.sdk.base.AdMost",
        "method": "getVersion",
        "arguments": "{\"0\":\"<instance: android.content.Context, $className: com.safedk.android.SafeDKApplication>\"}"
    },
    {
        "class": "admost.sdk.base.AdMost",
        "method": "getInstance",
        "arguments": "{}"
    },
    {
        "class": "admost.sdk.base.AdMost",
        "method": "getContext",
        "arguments": "{}"
    },
    {
        "class": "admost.sdk.base.AdMost",
        "method": "checkConfiguration",
        "arguments": "{}"
    },
    {
        "class": "admost.sdk.base.AdMost",
        "method": "getInstance",
        "arguments": "{}"
    },
    {
        "class": "admost.sdk.base.AdMost",
        "method": "getConfiguration",
        "arguments": "{}"
    },
    {
        "class": "admost.sdk.base.AdMost",
        "method": "getInstance",
        "arguments": "{}"
    },
    {
        "class": "admost.sdk.base.AdMost",
        "method": "getConfiguration",
        "arguments": "{}"
    },
    {
        "class": "admost.sdk.base.AdMostConfiguration",
        "method": "useHttps",
        "arguments": "{}"
    },
    {
        "class": "admost.sdk.base.AdMost",
        "method": "getInstance",
        "arguments": "{}"
    },
    {
        "class": "admost.sdk.base.AdMost",
        "method": "isInitStarted",
        "arguments": "{}"
    },
    {
        "class": "admost.sdk.base.AdMost",
        "method": "getInstance",
        "arguments": "{}"
    },
    {
        "class": "admost.sdk.base.AdMost",
        "method": "getExecutor",
        "arguments": "{}"
    },
    {
        "class": "admost.sdk.base.AdMost",
        "method": "checkConfiguration",
        "arguments": "{}"
    },
    {
        "class": "admost.sdk.base.AdMost",
        "method": "getActivity",
        "arguments": "{}"
    },
    {
        "class": "admost.sdk.base.AdMost",
        "method": "getInstance",
        "arguments": "{}"
    },
    {
        "class": "admost.sdk.base.AdMost",
        "method": "checkConfiguration",
        "arguments": "{}"
    },
    {
        "class": "admost.sdk.base.AdMost",
        "method": "getActivity",
        "arguments": "{}"
    },
    {
        "class": "admost.sdk.base.AdMost",
        "method": "getAppId",
        "arguments": "{}"
    },
    {
        "class": "admost.sdk.base.AdMost",
        "method": "checkConfiguration",
        "arguments": "{}"
    },
    {
        "class": "admost.sdk.base.AdMost",
        "method": "checkConfiguration",
        "arguments": "{}"
    },
    {
        "class": "admost.sdk.base.AdMost",
        "method": "getInstance",
        "arguments": "{}"
    },
    {
        "class": "admost.sdk.base.AdMostConfiguration",
        "method": "getAppId",
        "arguments": "{}"
    },
    {
        "class": "admost.sdk.base.AdMost",
        "method": "getInstance",
        "arguments": "{}"
    },
    {
        "class": "admost.sdk.base.AdMost",
        "method": "isInitStarted",
        "arguments": "{}"
    },
    {
        "class": "admost.sdk.base.AdMost",
        "method": "getInstance",
        "arguments": "{}"
    },
    {
        "class": "admost.sdk.base.AdMost",
        "method": "getContext",
        "arguments": "{}"
    },
    {
        "class": "admost.sdk.base.AdMost",
        "method": "getAppId",
        "arguments": "{}"
    },
    {
        "class": "admost.sdk.base.AdMost",
        "method": "checkConfiguration",
        "arguments": "{}"
    },
    {
        "class": "admost.sdk.base.AdMost",
        "method": "isInitStarted",
        "arguments": "{}"
    },
    {
        "class": "admost.sdk.base.AdMost",
        "method": "checkConfiguration",
        "arguments": "{}"
    },
    {
        "class": "admost.sdk.base.AdMost",
        "method": "initActivityRelatedFeatures",
        "arguments": "{}"
    },
    {
        "class": "admost.sdk.base.AdMost",
        "method": "getInstance",
        "arguments": "{}"
    },
    {
        "class": "admost.sdk.base.AdMost",
        "method": "getActivity",
        "arguments": "{}"
    },
    {
        "class": "admost.sdk.base.AdMostConfiguration",
        "method": "getAppId",
        "arguments": "{}"
    },
    {
        "class": "admost.sdk.base.AdMost",
        "method": "checkConfiguration",
        "arguments": "{}"
    },
    {
        "class": "admost.sdk.base.AdMost",
        "method": "isInitCompleted",
        "arguments": "{}"
    },
    {
        "class": "admost.sdk.base.AdMost",
        "method": "getInstance",
        "arguments": "{}"
    },
    {
        "class": "admost.sdk.base.AdMost",
        "method": "getActivity",
        "arguments": "{}"
    },
    {
        "class": "admost.sdk.base.AdMost",
        "method": "getInstance",
        "arguments": "{}"
    },
    {
        "class": "admost.sdk.base.AdMost",
        "method": "checkConfiguration",
        "arguments": "{}"
    },
    {
        "class": "admost.sdk.base.AdMost",
        "method": "isInitCompleted",
        "arguments": "{}"
    },
    {
        "class": "admost.sdk.base.AdMost",
        "method": "getAppId",
        "arguments": "{}"
    },
    {
        "class": "admost.sdk.base.AdMost",
        "method": "onResumeActivity",
        "arguments": "{\"0\":\"<instance: android.app.Activity, $className: com.unity3d.player.UnityPlayerActivity>\"}"
    },
    {
        "class": "admost.sdk.base.AdMost",
        "method": "checkConfiguration",
        "arguments": "{}"
    },
    {
        "class": "admost.sdk.base.AdMostConfiguration",
        "method": "getAppId",
        "arguments": "{}"
    },
    {
        "class": "admost.sdk.base.AdMost",
        "method": "getInstance",
        "arguments": "{}"
    },
    {
        "class": "admost.sdk.base.AdMost",
        "method": "getVersion",
        "arguments": "{}"
    },
    {
        "class": "admost.sdk.base.AdMost",
        "method": "getContext",
        "arguments": "{}"
    },
    {
        "class": "admost.sdk.base.AdMost",
        "method": "checkConfiguration",
        "arguments": "{}"
    },
    {
        "class": "admost.sdk.base.AdMost",
        "method": "getVersion",
        "arguments": "{\"0\":\"<instance: android.content.Context, $className: com.safedk.android.SafeDKApplication>\"}"
    },
    {
        "class": "admost.sdk.base.AdMostConfiguration",
        "method": "arrangeAdMostAppLifecycleCallbacks",
        "arguments": "{\"0\":false}"
    },
    {
        "class": "admost.sdk.base.AdMost",
        "method": "getInstance",
        "arguments": "{}"
    },
    {
        "class": "admost.sdk.base.AdMost",
        "method": "getActivity",
        "arguments": "{}"
    },
    {
        "class": "admost.sdk.base.AdMost",
        "method": "checkConfiguration",
        "arguments": "{}"
    },
    {
        "class": "admost.sdk.base.AdMost",
        "method": "getInstance",
        "arguments": "{}"
    },
    {
        "class": "admost.sdk.base.AdMost",
        "method": "onStart",
        "arguments": "{\"0\":\"<instance: android.app.Activity, $className: com.unity3d.player.UnityPlayerActivity>\"}"
    },
    {
        "class": "admost.sdk.base.AdMost",
        "method": "getInstance",
        "arguments": "{}"
    },
    {
        "class": "admost.sdk.base.AdMost",
        "method": "onResume",
        "arguments": "{\"0\":\"<instance: android.app.Activity, $className: com.unity3d.player.UnityPlayerActivity>\"}"
    },
    {
        "class": "com.facebook.FacebookSdk",
        "method": "getApplicationId",
        "arguments": "{}"
    },
    {
        "class": "com.facebook.FacebookSdk",
        "method": "isInitialized",
        "arguments": "{}"
    },
    {
        "class": "com.facebook.FacebookSdk",
        "method": "getApplicationContext",
        "arguments": "{}"
    },
    {
        "class": "com.facebook.FacebookSdk",
        "method": "isInitialized",
        "arguments": "{}"
    },
    {
        "class": "com.facebook.FacebookSdk",
        "method": "getLimitEventAndDataUsage",
        "arguments": "{\"0\":\"<instance: android.content.Context, $className: com.safedk.android.SafeDKApplication>\"}"
    },
    {
        "class": "com.facebook.FacebookSdk",
        "method": "getApplicationContext",
        "arguments": "{}"
    },
    {
        "class": "com.facebook.FacebookSdk",
        "method": "isInitialized",
        "arguments": "{}"
    },
    {
        "class": "com.facebook.FacebookSdk",
        "method": "isInitialized",
        "arguments": "{}"
    },
    {
        "class": "com.facebook.FacebookSdk",
        "method": "getApplicationContext",
        "arguments": "{}"
    },
    {
        "class": "com.facebook.FacebookSdk",
        "method": "getApplicationContext",
        "arguments": "{}"
    },
    {
        "class": "com.facebook.FacebookSdk",
        "method": "isInitialized",
        "arguments": "{}"
    },
    {
        "class": "com.facebook.FacebookSdk",
        "method": "isInitialized",
        "arguments": "{}"
    },
    {
        "class": "com.facebook.FacebookSdk",
        "method": "getApplicationContext",
        "arguments": "{}"
    },
    {
        "class": "com.facebook.FacebookSdk",
        "method": "isInitialized",
        "arguments": "{}"
    },
    {
        "class": "com.facebook.FacebookSdk",
        "method": "getApplicationId",
        "arguments": "{}"
    },
    {
        "class": "com.facebook.FacebookSdk",
        "method": "isInitialized",
        "arguments": "{}"
    },
    {
        "class": "com.facebook.FacebookSdk",
        "method": "getApplicationContext",
        "arguments": "{}"
    },
    {
        "class": "com.facebook.FacebookSdk",
        "method": "getApplicationId",
        "arguments": "{}"
    },
    {
        "class": "com.facebook.FacebookSdk",
        "method": "isInitialized",
        "arguments": "{}"
    },
    {
        "class": "com.facebook.FacebookSdk",
        "method": "getApplicationId",
        "arguments": "{}"
    },
    {
        "class": "com.facebook.FacebookSdk",
        "method": "isInitialized",
        "arguments": "{}"
    },
    {
        "class": "com.facebook.FacebookSdk",
        "method": "isInitialized",
        "arguments": "{}"
    },
    {
        "class": "com.facebook.FacebookSdk",
        "method": "getApplicationId",
        "arguments": "{}"
    },
    {
        "class": "com.facebook.FacebookSdk",
        "method": "getApplicationId",
        "arguments": "{}"
    },
    {
        "class": "com.facebook.FacebookSdk",
        "method": "isInitialized",
        "arguments": "{}"
    },
    {
        "class": "com.facebook.FacebookSdk",
        "method": "isInitialized",
        "arguments": "{}"
    },
    {
        "class": "com.facebook.FacebookSdk",
        "method": "getApplicationId",
        "arguments": "{}"
    },
    {
        "class": "com.facebook.FacebookSdk",
        "method": "getApplicationId",
        "arguments": "{}"
    },
    {
        "class": "com.facebook.FacebookSdk",
        "method": "isInitialized",
        "arguments": "{}"
    },
    {
        "class": "com.facebook.FacebookSdk",
        "method": "isInitialized",
        "arguments": "{}"
    },
    {
        "class": "com.facebook.FacebookSdk",
        "method": "getAdvertiserIDCollectionEnabled",
        "arguments": "{}"
    },
    {
        "class": "com.facebook.FacebookSdk",
        "method": "getApplicationId",
        "arguments": "{}"
    },
    {
        "class": "com.facebook.FacebookSdk",
        "method": "isInitialized",
        "arguments": "{}"
    },
    {
        "class": "com.facebook.FacebookSdk",
        "method": "isInitialized",
        "arguments": "{}"
    },
    {
        "class": "com.facebook.FacebookSdk",
        "method": "getApplicationContext",
        "arguments": "{}"
    },
    {
        "class": "com.facebook.FacebookSdk",
        "method": "getApplicationContext",
        "arguments": "{}"
    },
    {
        "class": "com.facebook.FacebookSdk",
        "method": "isInitialized",
        "arguments": "{}"
    },
    {
        "class": "com.facebook.FacebookSdk",
        "method": "isInitialized",
        "arguments": "{}"
    },
    {
        "class": "com.facebook.FacebookSdk",
        "method": "getApplicationId",
        "arguments": "{}"
    },
    {
        "class": "com.facebook.FacebookSdk",
        "method": "getApplicationContext",
        "arguments": "{}"
    },
    {
        "class": "com.facebook.FacebookSdk",
        "method": "isInitialized",
        "arguments": "{}"
    },
    {
        "class": "com.facebook.FacebookSdk",
        "method": "isInitialized",
        "arguments": "{}"
    },
    {
        "class": "com.facebook.FacebookSdk",
        "method": "getApplicationContext",
        "arguments": "{}"
    },
    {
        "class": "com.facebook.FacebookSdk",
        "method": "getApplicationId",
        "arguments": "{}"
    },
    {
        "class": "com.facebook.FacebookSdk",
        "method": "isInitialized",
        "arguments": "{}"
    },
    {
        "class": "com.facebook.FacebookSdk",
        "method": "getApplicationId",
        "arguments": "{}"
    },
    {
        "class": "com.facebook.FacebookSdk",
        "method": "isInitialized",
        "arguments": "{}"
    },
    {
        "class": "com.facebook.FacebookSdk",
        "method": "isInitialized",
        "arguments": "{}"
    },
    {
        "class": "com.facebook.FacebookSdk",
        "method": "isInitialized",
        "arguments": "{}"
    },
    {
        "class": "com.facebook.FacebookSdk",
        "method": "getAdvertiserIDCollectionEnabled",
        "arguments": "{}"
    },
    {
        "class": "com.facebook.FacebookSdk",
        "method": "isInitialized",
        "arguments": "{}"
    },
    {
        "class": "com.facebook.FacebookSdk",
        "method": "isInitialized",
        "arguments": "{}"
    },
    {
        "class": "com.facebook.FacebookSdk",
        "method": "getAdvertiserIDCollectionEnabled",
        "arguments": "{}"
    },
    {
        "class": "com.facebook.FacebookSdk",
        "method": "isInitialized",
        "arguments": "{}"
    },
    {
        "class": "com.facebook.FacebookSdk",
        "method": "getApplicationContext",
        "arguments": "{}"
    },
    {
        "class": "com.facebook.FacebookSdk",
        "method": "isInitialized",
        "arguments": "{}"
    },
    {
        "class": "com.facebook.FacebookSdk",
        "method": "graphRequestCreator$lambda-0",
        "arguments": "{\"0\":null,\"1\":\"1646321876217779/activities\",\"2\":\"<instance: org.json.JSONObject>\",\"3\":null}"
    },
    {
        "class": "com.facebook.FacebookSdk",
        "method": "isLoggingBehaviorEnabled",
        "arguments": "{\"0\":\"<instance: com.facebook.LoggingBehavior>\"}"
    },
    {
        "class": "com.facebook.FacebookSdk",
        "method": "isDebugEnabled",
        "arguments": "{}"
    },
    {
        "class": "com.facebook.FacebookSdk",
        "method": "isLoggingBehaviorEnabled",
        "arguments": "{\"0\":\"<instance: com.facebook.LoggingBehavior>\"}"
    },
    {
        "class": "com.facebook.FacebookSdk",
        "method": "isDebugEnabled",
        "arguments": "{}"
    },
    {
        "class": "com.facebook.FacebookSdk",
        "method": "getGraphApiVersion",
        "arguments": "{}"
    },
    {
        "class": "com.facebook.FacebookSdk",
        "method": "isDebugEnabled",
        "arguments": "{}"
    },
    {
        "class": "com.facebook.FacebookSdk",
        "method": "getApplicationContext",
        "arguments": "{}"
    },
    {
        "class": "com.facebook.FacebookSdk",
        "method": "isInitialized",
        "arguments": "{}"
    },
    {
        "class": "com.facebook.FacebookSdk",
        "method": "getApplicationContext",
        "arguments": "{}"
    },
    {
        "class": "com.facebook.FacebookSdk",
        "method": "isInitialized",
        "arguments": "{}"
    },
    {
        "class": "admost.sdk.base.AdMostConfiguration",
        "method": "access$3702",
        "arguments": "{\"0\":\"<instance: admost.sdk.base.AdMostConfiguration>\",\"1\":1}"
    },
    {
        "class": "admost.sdk.base.AdMostConfiguration",
        "method": "access$3800",
        "arguments": "{\"0\":\"<instance: admost.sdk.base.AdMostConfiguration>\",\"1\":\"<instance: org.json.JSONObject>\",\"2\":false,\"3\":false}"
    },
    {
        "class": "admost.sdk.base.AdMostConfiguration",
        "method": "initResponse",
        "arguments": "{\"0\":\"<instance: org.json.JSONObject>\",\"1\":false,\"2\":false}"
    },
    {
        "class": "admost.sdk.base.AdMost",
        "method": "getInstance",
        "arguments": "{}"
    },
    {
        "class": "admost.sdk.base.AdMost",
        "method": "getAppId",
        "arguments": "{}"
    },
    {
        "class": "admost.sdk.base.AdMost",
        "method": "checkConfiguration",
        "arguments": "{}"
    },
    {
        "class": "admost.sdk.base.AdMostConfiguration",
        "method": "getAppId",
        "arguments": "{}"
    },
    {
        "class": "admost.sdk.base.AdMost",
        "method": "getInstance",
        "arguments": "{}"
    },
    {
        "class": "admost.sdk.base.AdMost",
        "method": "getAppId",
        "arguments": "{}"
    },
    {
        "class": "admost.sdk.base.AdMost",
        "method": "checkConfiguration",
        "arguments": "{}"
    },
    {
        "class": "admost.sdk.base.AdMostConfiguration",
        "method": "getAppId",
        "arguments": "{}"
    },
    {
        "class": "admost.sdk.base.AdMost",
        "method": "getInstance",
        "arguments": "{}"
    },
    {
        "class": "admost.sdk.base.AdMost",
        "method": "getAppId",
        "arguments": "{}"
    },
    {
        "class": "admost.sdk.base.AdMost",
        "method": "checkConfiguration",
        "arguments": "{}"
    },
    {
        "class": "admost.sdk.base.AdMostConfiguration",
        "method": "getAppId",
        "arguments": "{}"
    },
    {
        "class": "admost.sdk.base.AdMost",
        "method": "getInstance",
        "arguments": "{}"
    },
    {
        "class": "admost.sdk.base.AdMost",
        "method": "getAppId",
        "arguments": "{}"
    },
    {
        "class": "admost.sdk.base.AdMost",
        "method": "checkConfiguration",
        "arguments": "{}"
    },
    {
        "class": "admost.sdk.base.AdMostConfiguration",
        "method": "getAppId",
        "arguments": "{}"
    },
    {
        "class": "admost.sdk.base.AdMost",
        "method": "getInstance",
        "arguments": "{}"
    },
    {
        "class": "admost.sdk.base.AdMost",
        "method": "getAppId",
        "arguments": "{}"
    },
    {
        "class": "admost.sdk.base.AdMost",
        "method": "checkConfiguration",
        "arguments": "{}"
    },
    {
        "class": "admost.sdk.base.AdMostConfiguration",
        "method": "getAppId",
        "arguments": "{}"
    },
    {
        "class": "admost.sdk.base.AdMost",
        "method": "getInstance",
        "arguments": "{}"
    },
    {
        "class": "admost.sdk.base.AdMost",
        "method": "getAppId",
        "arguments": "{}"
    },
    {
        "class": "admost.sdk.base.AdMost",
        "method": "checkConfiguration",
        "arguments": "{}"
    },
    {
        "class": "admost.sdk.base.AdMostConfiguration",
        "method": "getAppId",
        "arguments": "{}"
    },
    {
        "class": "admost.sdk.base.AdMost",
        "method": "getInstance",
        "arguments": "{}"
    },
    {
        "class": "admost.sdk.base.AdMost",
        "method": "getAppId",
        "arguments": "{}"
    },
    {
        "class": "admost.sdk.base.AdMost",
        "method": "checkConfiguration",
        "arguments": "{}"
    },
    {
        "class": "admost.sdk.base.AdMostConfiguration",
        "method": "getAppId",
        "arguments": "{}"
    },
    {
        "class": "admost.sdk.base.AdMostConfiguration",
        "method": "setPolicy",
        "arguments": "{}"
    },
    {
        "class": "admost.sdk.base.AdMostConfiguration",
        "method": "initializeUMP",
        "arguments": "{\"0\":\"<instance: org.json.JSONObject>\",\"1\":false}"
    },
    {
        "class": "admost.sdk.base.AdMost",
        "method": "getInstance",
        "arguments": "{}"
    },
    {
        "class": "admost.sdk.base.AdMost",
        "method": "isInitStarted",
        "arguments": "{}"
    },
    {
        "class": "admost.sdk.base.AdMost",
        "method": "getInstance",
        "arguments": "{}"
    },
    {
        "class": "admost.sdk.base.AdMost",
        "method": "getConfiguration",
        "arguments": "{}"
    },
    {
        "class": "admost.sdk.base.AdMostConfiguration",
        "method": "autoCMPInitialization",
        "arguments": "{}"
    },
    {
        "class": "admost.sdk.base.AdMost",
        "method": "getInstance",
        "arguments": "{}"
    },
    {
        "class": "admost.sdk.base.AdMost",
        "method": "getConfiguration",
        "arguments": "{}"
    },
    {
        "class": "admost.sdk.base.AdMostConfiguration",
        "method": "getInitParams",
        "arguments": "{}"
    },
    {
        "class": "admost.sdk.base.AdMost",
        "method": "getInstance",
        "arguments": "{}"
    },
    {
        "class": "admost.sdk.base.AdMost",
        "method": "isInitCompleted",
        "arguments": "{}"
    },
    {
        "class": "admost.sdk.base.AdMost",
        "method": "getInstance",
        "arguments": "{}"
    },
    {
        "class": "admost.sdk.base.AdMost",
        "method": "initCompleted",
        "arguments": "{\"0\":\"UMP\",\"1\":false}"
    },
    {
        "class": "admost.sdk.base.AdMostConfiguration",
        "method": "completeInitProcess",
        "arguments": "{\"0\":\"<instance: org.json.JSONObject>\",\"1\":false}"
    },
    {
        "class": "admost.sdk.base.AdMostConfiguration",
        "method": "checkTCFParameters",
        "arguments": "{}"
    },
    {
        "class": "admost.sdk.base.AdMostConfiguration",
        "method": "autoCMPDetection",
        "arguments": "{}"
    },
    {
        "class": "admost.sdk.base.AdMost",
        "method": "getInstance",
        "arguments": "{}"
    },
    {
        "class": "admost.sdk.base.AdMost",
        "method": "getConfiguration",
        "arguments": "{}"
    },
    {
        "class": "admost.sdk.base.AdMostConfiguration",
        "method": "getInitParams",
        "arguments": "{}"
    },
    {
        "class": "admost.sdk.base.AdMost",
        "method": "getInstance",
        "arguments": "{}"
    },
    {
        "class": "admost.sdk.base.AdMost",
        "method": "isInitCompleted",
        "arguments": "{}"
    },
    {
        "class": "admost.sdk.base.AdMostConfiguration",
        "method": "autoCMPInitialization",
        "arguments": "{}"
    },
    {
        "class": "admost.sdk.base.AdMost",
        "method": "getInstance",
        "arguments": "{}"
    },
    {
        "class": "admost.sdk.base.AdMost",
        "method": "getConfiguration",
        "arguments": "{}"
    },
    {
        "class": "admost.sdk.base.AdMostConfiguration",
        "method": "getInitParams",
        "arguments": "{}"
    },
    {
        "class": "admost.sdk.base.AdMost",
        "method": "getInstance",
        "arguments": "{}"
    },
    {
        "class": "admost.sdk.base.AdMost",
        "method": "isInitCompleted",
        "arguments": "{}"
    },
    {
        "class": "admost.sdk.base.AdMostConfiguration",
        "method": "autoCMPDetection",
        "arguments": "{}"
    },
    {
        "class": "admost.sdk.base.AdMost",
        "method": "getInstance",
        "arguments": "{}"
    },
    {
        "class": "admost.sdk.base.AdMost",
        "method": "getConfiguration",
        "arguments": "{}"
    },
    {
        "class": "admost.sdk.base.AdMostConfiguration",
        "method": "getInitParams",
        "arguments": "{}"
    },
    {
        "class": "admost.sdk.base.AdMost",
        "method": "getInstance",
        "arguments": "{}"
    },
    {
        "class": "admost.sdk.base.AdMost",
        "method": "isInitCompleted",
        "arguments": "{}"
    },
    {
        "class": "admost.sdk.base.AdMostConfiguration",
        "method": "autoCMPInitialization",
        "arguments": "{}"
    },
    {
        "class": "admost.sdk.base.AdMost",
        "method": "getInstance",
        "arguments": "{}"
    },
    {
        "class": "admost.sdk.base.AdMost",
        "method": "getConfiguration",
        "arguments": "{}"
    },
    {
        "class": "admost.sdk.base.AdMostConfiguration",
        "method": "getInitParams",
        "arguments": "{}"
    },
    {
        "class": "admost.sdk.base.AdMost",
        "method": "getInstance",
        "arguments": "{}"
    },
    {
        "class": "admost.sdk.base.AdMost",
        "method": "isInitCompleted",
        "arguments": "{}"
    },
    {
        "class": "admost.sdk.base.AdMostConfiguration",
        "method": "getAdvertisingId",
        "arguments": "{\"0\":true}"
    },
    {
        "class": "admost.sdk.base.AdMost",
        "method": "getInstance",
        "arguments": "{}"
    },
    {
        "class": "admost.sdk.base.AdMost",
        "method": "hasCMP",
        "arguments": "{}"
    },
    {
        "class": "admost.sdk.base.AdMost",
        "method": "getInstance",
        "arguments": "{}"
    },
    {
        "class": "admost.sdk.base.AdMost",
        "method": "hasCMP",
        "arguments": "{}"
    },
    {
        "class": "admost.sdk.base.AdMostConfiguration",
        "method": "showPersonalizedAdForGDPR",
        "arguments": "{}"
    },
    {
        "class": "admost.sdk.base.AdMost",
        "method": "getInstance",
        "arguments": "{}"
    },
    {
        "class": "admost.sdk.base.AdMost",
        "method": "getContext",
        "arguments": "{}"
    },
    {
        "class": "admost.sdk.base.AdMost",
        "method": "checkConfiguration",
        "arguments": "{}"
    },
    {
        "class": "admost.sdk.base.AdMostConfiguration",
        "method": "showPersonalizedAdForCCPA",
        "arguments": "{}"
    },
    {
        "class": "admost.sdk.base.AdMost",
        "method": "getInstance",
        "arguments": "{}"
    },
    {
        "class": "admost.sdk.base.AdMost",
        "method": "getContext",
        "arguments": "{}"
    },
    {
        "class": "admost.sdk.base.AdMost",
        "method": "checkConfiguration",
        "arguments": "{}"
    },
    {
        "class": "admost.sdk.base.AdMost",
        "method": "getInstance",
        "arguments": "{}"
    },
    {
        "class": "admost.sdk.base.AdMost",
        "method": "isUserChild",
        "arguments": "{}"
    },
    {
        "class": "admost.sdk.base.AdMost",
        "method": "checkConfiguration",
        "arguments": "{}"
    },
    {
        "class": "admost.sdk.base.AdMostConfiguration",
        "method": "isUserChild",
        "arguments": "{}"
    },
    {
        "class": "admost.sdk.base.AdMost",
        "method": "getInstance",
        "arguments": "{}"
    },
    {
        "class": "admost.sdk.base.AdMost",
        "method": "hasCMP",
        "arguments": "{}"
    },
    {
        "class": "admost.sdk.base.AdMost",
        "method": "getInstance",
        "arguments": "{}"
    },
    {
        "class": "admost.sdk.base.AdMost",
        "method": "getCustomVendors",
        "arguments": "{}"
    },
    {
        "class": "admost.sdk.base.AdMost",
        "method": "getInstance",
        "arguments": "{}"
    },
    {
        "class": "admost.sdk.base.AdMost",
        "method": "getContext",
        "arguments": "{}"
    },
    {
        "class": "admost.sdk.base.AdMost",
        "method": "checkConfiguration",
        "arguments": "{}"
    },
    {
        "class": "admost.sdk.base.AdMostConfiguration",
        "method": "getAppSetId",
        "arguments": "{}"
    },
    {
        "class": "admost.sdk.base.AdMost",
        "method": "getInstance",
        "arguments": "{}"
    },
    {
        "class": "admost.sdk.base.AdMost",
        "method": "hasCMP",
        "arguments": "{}"
    },
    {
        "class": "admost.sdk.base.AdMostConfiguration",
        "method": "showPersonalizedAdForGDPR",
        "arguments": "{}"
    },
    {
        "class": "admost.sdk.base.AdMost",
        "method": "getInstance",
        "arguments": "{}"
    },
    {
        "class": "admost.sdk.base.AdMost",
        "method": "getContext",
        "arguments": "{}"
    },
    {
        "class": "admost.sdk.base.AdMost",
        "method": "checkConfiguration",
        "arguments": "{}"
    },
    {
        "class": "admost.sdk.base.AdMostConfiguration",
        "method": "showPersonalizedAdForCCPA",
        "arguments": "{}"
    },
    {
        "class": "admost.sdk.base.AdMost",
        "method": "getInstance",
        "arguments": "{}"
    },
    {
        "class": "admost.sdk.base.AdMost",
        "method": "getContext",
        "arguments": "{}"
    },
    {
        "class": "admost.sdk.base.AdMost",
        "method": "checkConfiguration",
        "arguments": "{}"
    },
    {
        "class": "admost.sdk.base.AdMost",
        "method": "getInstance",
        "arguments": "{}"
    },
    {
        "class": "admost.sdk.base.AdMost",
        "method": "hasCMP",
        "arguments": "{}"
    },
    {
        "class": "admost.sdk.base.AdMost",
        "method": "getInstance",
        "arguments": "{}"
    },
    {
        "class": "admost.sdk.base.AdMost",
        "method": "getCustomVendors",
        "arguments": "{}"
    },
    {
        "class": "admost.sdk.base.AdMost",
        "method": "getInstance",
        "arguments": "{}"
    },
    {
        "class": "admost.sdk.base.AdMost",
        "method": "getContext",
        "arguments": "{}"
    },
    {
        "class": "admost.sdk.base.AdMost",
        "method": "checkConfiguration",
        "arguments": "{}"
    },
    {
        "class": "admost.sdk.base.AdMost",
        "method": "getInstance",
        "arguments": "{}"
    },
    {
        "class": "admost.sdk.base.AdMost",
        "method": "getAppId",
        "arguments": "{}"
    },
    {
        "class": "admost.sdk.base.AdMost",
        "method": "checkConfiguration",
        "arguments": "{}"
    },
    {
        "class": "admost.sdk.base.AdMostConfiguration",
        "method": "getAppId",
        "arguments": "{}"
    },
    {
        "class": "admost.sdk.base.AdMost",
        "method": "getInstance",
        "arguments": "{}"
    },
    {
        "class": "admost.sdk.base.AdMost",
        "method": "getVersion",
        "arguments": "{}"
    },
    {
        "class": "admost.sdk.base.AdMost",
        "method": "getContext",
        "arguments": "{}"
    },
    {
        "class": "admost.sdk.base.AdMost",
        "method": "checkConfiguration",
        "arguments": "{}"
    },
    {
        "class": "admost.sdk.base.AdMost",
        "method": "getVersion",
        "arguments": "{\"0\":\"<instance: android.content.Context, $className: com.safedk.android.SafeDKApplication>\"}"
    },
    {
        "class": "admost.sdk.base.AdMostConfiguration",
        "method": "startNetworkInitProcess",
        "arguments": "{}"
    },
    {
        "class": "admost.sdk.base.AdMostConfiguration",
        "method": "setInitCompleted",
        "arguments": "{\"0\":false}"
    },
    {
        "class": "admost.sdk.base.AdMost",
        "method": "getInstance",
        "arguments": "{}"
    },
    {
        "class": "admost.sdk.base.AdMost",
        "method": "initCompleted",
        "arguments": "{\"0\":\"CONFIGURATION\",\"1\":false}"
    },
    {
        "class": "admost.sdk.base.AdMostConfiguration",
        "method": "initializeRemoteConfig",
        "arguments": "{}"
    },
    {
        "class": "admost.sdk.base.AdMostConfiguration",
        "method": "getRemoteConfigVersion",
        "arguments": "{}"
    },
    {
        "class": "admost.sdk.base.AdMost",
        "method": "getInstance",
        "arguments": "{}"
    },
    {
        "class": "admost.sdk.base.AdMost",
        "method": "getConfiguration",
        "arguments": "{}"
    },
    {
        "class": "admost.sdk.base.AdMostConfiguration",
        "method": "getRemoteConfigVersion",
        "arguments": "{}"
    },
    {
        "class": "admost.sdk.base.AdMost",
        "method": "getInstance",
        "arguments": "{}"
    },
    {
        "class": "admost.sdk.base.AdMost",
        "method": "getAppId",
        "arguments": "{}"
    },
    {
        "class": "admost.sdk.base.AdMost",
        "method": "checkConfiguration",
        "arguments": "{}"
    },
    {
        "class": "admost.sdk.base.AdMostConfiguration",
        "method": "getAppId",
        "arguments": "{}"
    },
    {
        "class": "admost.sdk.base.AdMost",
        "method": "getInstance",
        "arguments": "{}"
    },
    {
        "class": "admost.sdk.base.AdMost",
        "method": "getConfiguration",
        "arguments": "{}"
    },
    {
        "class": "admost.sdk.base.AdMostConfiguration",
        "method": "getRemoteConfigVersion",
        "arguments": "{}"
    },
    {
        "class": "admost.sdk.base.AdMost",
        "method": "getInstance",
        "arguments": "{}"
    },
    {
        "class": "admost.sdk.base.AdMost",
        "method": "getContext",
        "arguments": "{}"
    },
    {
        "class": "admost.sdk.base.AdMost",
        "method": "checkConfiguration",
        "arguments": "{}"
    },
    {
        "class": "admost.sdk.base.AdMost",
        "method": "getInstance",
        "arguments": "{}"
    },
    {
        "class": "admost.sdk.base.AdMost",
        "method": "getConfiguration",
        "arguments": "{}"
    },
    {
        "class": "admost.sdk.base.AdMost",
        "method": "getInstance",
        "arguments": "{}"
    },
    {
        "class": "admost.sdk.base.AdMost",
        "method": "getConfiguration",
        "arguments": "{}"
    },
    {
        "class": "admost.sdk.base.AdMostConfiguration",
        "method": "useHttps",
        "arguments": "{}"
    },
    {
        "class": "admost.sdk.base.AdMost",
        "method": "getInstance",
        "arguments": "{}"
    },
    {
        "class": "admost.sdk.base.AdMost",
        "method": "isInitStarted",
        "arguments": "{}"
    },
    {
        "class": "admost.sdk.base.AdMost",
        "method": "getInstance",
        "arguments": "{}"
    },
    {
        "class": "admost.sdk.base.AdMost",
        "method": "getExecutor",
        "arguments": "{}"
    },
    {
        "class": "admost.sdk.base.AdMost",
        "method": "checkConfiguration",
        "arguments": "{}"
    },
    {
        "class": "admost.sdk.base.AdMost",
        "method": "getInstance",
        "arguments": "{}"
    },
    {
        "class": "admost.sdk.base.AdMost",
        "method": "getAppId",
        "arguments": "{}"
    },
    {
        "class": "admost.sdk.base.AdMost",
        "method": "checkConfiguration",
        "arguments": "{}"
    },
    {
        "class": "admost.sdk.base.AdMostConfiguration",
        "method": "access$3300",
        "arguments": "{\"0\":\"<instance: admost.sdk.base.AdMostConfiguration>\",\"1\":\"56795512-6730-4e4d-83b9-bbaaf904d3e0\"}"
    },
    {
        "class": "admost.sdk.base.AdMostConfiguration",
        "method": "isValidAdvId",
        "arguments": "{\"0\":\"56795512-6730-4e4d-83b9-bbaaf904d3e0\"}"
    },
    {
        "class": "admost.sdk.base.AdMostConfiguration",
        "method": "access$3400",
        "arguments": "{\"0\":\"<instance: admost.sdk.base.AdMostConfiguration>\",\"1\":\"56795512-6730-4e4d-83b9-bbaaf904d3e0\",\"2\":true}"
    },
    {
        "class": "admost.sdk.base.AdMostConfiguration",
        "method": "getAppId",
        "arguments": "{}"
    },
    {
        "class": "com.facebook.FacebookSdk",
        "method": "getApplicationContext",
        "arguments": "{}"
    },
    {
        "class": "admost.sdk.base.AdMostConfiguration",
        "method": "arrangeDebugMode",
        "arguments": "{\"0\":\"56795512-6730-4e4d-83b9-bbaaf904d3e0\",\"1\":true}"
    },
    {
        "class": "com.facebook.FacebookSdk",
        "method": "isInitialized",
        "arguments": "{}"
    },
    {
        "class": "admost.sdk.base.AdMostConfiguration",
        "method": "isDebuggableBuild",
        "arguments": "{}"
    },
    {
        "class": "admost.sdk.base.AdMost",
        "method": "getInstance",
        "arguments": "{}"
    },
    {
        "class": "admost.sdk.base.AdMost",
        "method": "getInstance",
        "arguments": "{}"
    },
    {
        "class": "admost.sdk.base.AdMost",
        "method": "getInstance",
        "arguments": "{}"
    },
    {
        "class": "admost.sdk.base.AdMost",
        "method": "getConfiguration",
        "arguments": "{}"
    },
    {
        "class": "admost.sdk.base.AdMost",
        "method": "getContext",
        "arguments": "{}"
    },
    {
        "class": "admost.sdk.base.AdMostConfiguration",
        "method": "getRemoteConfigVersion",
        "arguments": "{}"
    },
    {
        "class": "admost.sdk.base.AdMost",
        "method": "checkConfiguration",
        "arguments": "{}"
    },
    {
        "class": "admost.sdk.base.AdMost",
        "method": "getInstance",
        "arguments": "{}"
    },
    {
        "class": "admost.sdk.base.AdMost",
        "method": "getContext",
        "arguments": "{}"
    },
    {
        "class": "admost.sdk.base.AdMost",
        "method": "checkConfiguration",
        "arguments": "{}"
    },
    {
        "class": "admost.sdk.base.AdMost",
        "method": "getInstance",
        "arguments": "{}"
    },
    {
        "class": "admost.sdk.base.AdMost",
        "method": "getConfiguration",
        "arguments": "{}"
    },
    {
        "class": "admost.sdk.base.AdMostConfiguration",
        "method": "registerOrUpdateCheck",
        "arguments": "{}"
    },
    {
        "class": "admost.sdk.base.AdMost",
        "method": "getInstance",
        "arguments": "{}"
    },
    {
        "class": "admost.sdk.base.AdMost",
        "method": "getContext",
        "arguments": "{}"
    },
    {
        "class": "admost.sdk.base.AdMost",
        "method": "checkConfiguration",
        "arguments": "{}"
    },
    {
        "class": "admost.sdk.base.AdMost",
        "method": "getInstance",
        "arguments": "{}"
    },
    {
        "class": "admost.sdk.base.AdMost",
        "method": "getActivity",
        "arguments": "{}"
    },
    {
        "class": "admost.sdk.base.AdMost",
        "method": "checkConfiguration",
        "arguments": "{}"
    },
    {
        "class": "admost.sdk.base.AdMost",
        "method": "getInstance",
        "arguments": "{}"
    },
    {
        "class": "admost.sdk.base.AdMost",
        "method": "getContext",
        "arguments": "{}"
    },
    {
        "class": "admost.sdk.base.AdMost",
        "method": "checkConfiguration",
        "arguments": "{}"
    },
    {
        "class": "admost.sdk.base.AdMost",
        "method": "getInstance",
        "arguments": "{}"
    },
    {
        "class": "admost.sdk.base.AdMost",
        "method": "getContext",
        "arguments": "{}"
    },
    {
        "class": "admost.sdk.base.AdMost",
        "method": "checkConfiguration",
        "arguments": "{}"
    },
    {
        "class": "admost.sdk.base.AdMost",
        "method": "getInstance",
        "arguments": "{}"
    },
    {
        "class": "admost.sdk.base.AdMost",
        "method": "getAppId",
        "arguments": "{}"
    },
    {
        "class": "admost.sdk.base.AdMost",
        "method": "checkConfiguration",
        "arguments": "{}"
    },
    {
        "class": "admost.sdk.base.AdMostConfiguration",
        "method": "getAppId",
        "arguments": "{}"
    },
    {
        "class": "admost.sdk.base.AdMost",
        "method": "getInstance",
        "arguments": "{}"
    },
    {
        "class": "admost.sdk.base.AdMost",
        "method": "getVersion",
        "arguments": "{}"
    },
    {
        "class": "admost.sdk.base.AdMost",
        "method": "getContext",
        "arguments": "{}"
    },
    {
        "class": "admost.sdk.base.AdMost",
        "method": "checkConfiguration",
        "arguments": "{}"
    },
    {
        "class": "admost.sdk.base.AdMost",
        "method": "getVersion",
        "arguments": "{\"0\":\"<instance: android.content.Context, $className: com.safedk.android.SafeDKApplication>\"}"
    },
    {
        "class": "admost.sdk.base.AdMost",
        "method": "getInstance",
        "arguments": "{}"
    },
    {
        "class": "admost.sdk.base.AdMost",
        "method": "getConfiguration",
        "arguments": "{}"
    },
    {
        "class": "admost.sdk.base.AdMostConfiguration",
        "method": "getUserConsentDescription",
        "arguments": "{}"
    },
    {
        "class": "admost.sdk.base.AdMost",
        "method": "getInstance",
        "arguments": "{}"
    },
    {
        "class": "admost.sdk.base.AdMost",
        "method": "hasCMP",
        "arguments": "{}"
    },
    {
        "class": "admost.sdk.base.AdMost",
        "method": "getInstance",
        "arguments": "{}"
    },
    {
        "class": "admost.sdk.base.AdMost",
        "method": "getVersion",
        "arguments": "{}"
    },
    {
        "class": "admost.sdk.base.AdMost",
        "method": "getContext",
        "arguments": "{}"
    },
    {
        "class": "admost.sdk.base.AdMost",
        "method": "checkConfiguration",
        "arguments": "{}"
    },
    {
        "class": "admost.sdk.base.AdMost",
        "method": "getVersion",
        "arguments": "{\"0\":\"<instance: android.content.Context, $className: com.safedk.android.SafeDKApplication>\"}"
    },
    {
        "class": "admost.sdk.base.AdMost",
        "method": "getInstance",
        "arguments": "{}"
    },
    {
        "class": "admost.sdk.base.AdMost",
        "method": "getConfiguration",
        "arguments": "{}"
    },
    {
        "class": "admost.sdk.base.AdMostConfiguration",
        "method": "getUserConsentDescription",
        "arguments": "{}"
    },
    {
        "class": "admost.sdk.base.AdMost",
        "method": "getInstance",
        "arguments": "{}"
    },
    {
        "class": "admost.sdk.base.AdMost",
        "method": "hasCMP",
        "arguments": "{}"
    },
    {
        "class": "admost.sdk.base.AdMost",
        "method": "getInstance",
        "arguments": "{}"
    },
    {
        "class": "admost.sdk.base.AdMost",
        "method": "getContext",
        "arguments": "{}"
    },
    {
        "class": "admost.sdk.base.AdMost",
        "method": "checkConfiguration",
        "arguments": "{}"
    },
    {
        "class": "admost.sdk.base.AdMost",
        "method": "getInstance",
        "arguments": "{}"
    },
    {
        "class": "admost.sdk.base.AdMost",
        "method": "getContext",
        "arguments": "{}"
    },
    {
        "class": "admost.sdk.base.AdMost",
        "method": "checkConfiguration",
        "arguments": "{}"
    },
    {
        "class": "admost.sdk.base.AdMost",
        "method": "getInstance",
        "arguments": "{}"
    },
    {
        "class": "admost.sdk.base.AdMost",
        "method": "getContext",
        "arguments": "{}"
    },
    {
        "class": "admost.sdk.base.AdMost",
        "method": "checkConfiguration",
        "arguments": "{}"
    },
    {
        "class": "admost.sdk.base.AdMost",
        "method": "getInstance",
        "arguments": "{}"
    },
    {
        "class": "admost.sdk.base.AdMost",
        "method": "getContext",
        "arguments": "{}"
    },
    {
        "class": "admost.sdk.base.AdMost",
        "method": "checkConfiguration",
        "arguments": "{}"
    },
    {
        "class": "admost.sdk.base.AdMost",
        "method": "getInstance",
        "arguments": "{}"
    },
    {
        "class": "admost.sdk.base.AdMost",
        "method": "getAppId",
        "arguments": "{}"
    },
    {
        "class": "admost.sdk.base.AdMost",
        "method": "checkConfiguration",
        "arguments": "{}"
    },
    {
        "class": "admost.sdk.base.AdMostConfiguration",
        "method": "getAppId",
        "arguments": "{}"
    },
    {
        "class": "admost.sdk.base.AdMost",
        "method": "getInstance",
        "arguments": "{}"
    },
    {
        "class": "admost.sdk.base.AdMost",
        "method": "getContext",
        "arguments": "{}"
    },
    {
        "class": "admost.sdk.base.AdMost",
        "method": "checkConfiguration",
        "arguments": "{}"
    },
    {
        "class": "admost.sdk.base.AdMost",
        "method": "getInstance",
        "arguments": "{}"
    },
    {
        "class": "admost.sdk.base.AdMost",
        "method": "getConfiguration",
        "arguments": "{}"
    },
    {
        "class": "admost.sdk.base.AdMost",
        "method": "getInstance",
        "arguments": "{}"
    },
    {
        "class": "admost.sdk.base.AdMost",
        "method": "getConfiguration",
        "arguments": "{}"
    },
    {
        "class": "admost.sdk.base.AdMostConfiguration",
        "method": "useHttps",
        "arguments": "{}"
    },
    {
        "class": "admost.sdk.base.AdMost",
        "method": "getInstance",
        "arguments": "{}"
    },
    {
        "class": "admost.sdk.base.AdMost",
        "method": "getConfiguration",
        "arguments": "{}"
    },
    {
        "class": "admost.sdk.base.AdMostConfiguration",
        "method": "medApiHttps",
        "arguments": "{}"
    },
    {
        "class": "admost.sdk.base.AdMost",
        "method": "getInstance",
        "arguments": "{}"
    },
    {
        "class": "admost.sdk.base.AdMost",
        "method": "getInstance",
        "arguments": "{}"
    },
    {
        "class": "admost.sdk.base.AdMost",
        "method": "getAppId",
        "arguments": "{}"
    },
    {
        "class": "admost.sdk.base.AdMost",
        "method": "checkConfiguration",
        "arguments": "{}"
    },
    {
        "class": "admost.sdk.base.AdMost",
        "method": "isInitStarted",
        "arguments": "{}"
    },
    {
        "class": "admost.sdk.base.AdMostConfiguration",
        "method": "getAppId",
        "arguments": "{}"
    },
    {
        "class": "admost.sdk.base.AdMost",
        "method": "getInstance",
        "arguments": "{}"
    },
    {
        "class": "admost.sdk.base.AdMost",
        "method": "getInstance",
        "arguments": "{}"
    },
    {
        "class": "admost.sdk.base.AdMost",
        "method": "getConfiguration",
        "arguments": "{}"
    },
    {
        "class": "admost.sdk.base.AdMost",
        "method": "getExecutor",
        "arguments": "{}"
    },
    {
        "class": "admost.sdk.base.AdMostConfiguration",
        "method": "getRemoteConfigVersion",
        "arguments": "{}"
    },
    {
        "class": "admost.sdk.base.AdMost",
        "method": "checkConfiguration",
        "arguments": "{}"
    },
    {
        "class": "admost.sdk.base.AdMost",
        "method": "getInstance",
        "arguments": "{}"
    },
    {
        "class": "admost.sdk.base.AdMost",
        "method": "isInitStarted",
        "arguments": "{}"
    },
    {
        "class": "admost.sdk.base.AdMost",
        "method": "getInstance",
        "arguments": "{}"
    },
    {
        "class": "admost.sdk.base.AdMost",
        "method": "getConfiguration",
        "arguments": "{}"
    },
    {
        "class": "admost.sdk.base.AdMostConfiguration",
        "method": "isAdjustDisabled",
        "arguments": "{}"
    },
    {
        "class": "admost.sdk.base.AdMost",
        "method": "getInstance",
        "arguments": "{}"
    },
    {
        "class": "admost.sdk.base.AdMost",
        "method": "isInitStarted",
        "arguments": "{}"
    },
    {
        "class": "com.adjust.sdk.Adjust",
        "method": "isEnabled",
        "arguments": "{}"
    },
    {
        "class": "com.adjust.sdk.Adjust",
        "method": "getDefaultInstance",
        "arguments": "{}"
    },
    {
        "class": "com.adjust.sdk.Adjust",
        "method": "getAdid",
        "arguments": "{}"
    },
    {
        "class": "com.adjust.sdk.Adjust",
        "method": "getDefaultInstance",
        "arguments": "{}"
    },
    {
        "class": "admost.sdk.base.AdMost",
        "method": "getInstance",
        "arguments": "{}"
    },
    {
        "class": "admost.sdk.base.AdMost",
        "method": "isInitStarted",
        "arguments": "{}"
    },
    {
        "class": "admost.sdk.base.AdMost",
        "method": "getInstance",
        "arguments": "{}"
    },
    {
        "class": "admost.sdk.base.AdMost",
        "method": "getConfiguration",
        "arguments": "{}"
    },
    {
        "class": "admost.sdk.base.AdMostConfiguration",
        "method": "isAppsflyerDisabled",
        "arguments": "{}"
    },
    {
        "class": "admost.sdk.base.AdMost",
        "method": "getInstance",
        "arguments": "{}"
    },
    {
        "class": "admost.sdk.base.AdMost",
        "method": "isInitStarted",
        "arguments": "{}"
    },
    {
        "class": "admost.sdk.base.AdMost",
        "method": "getInstance",
        "arguments": "{}"
    },
    {
        "class": "admost.sdk.base.AdMost",
        "method": "getConfiguration",
        "arguments": "{}"
    },
    {
        "class": "admost.sdk.base.AdMostConfiguration",
        "method": "isAirbridgeDisabled",
        "arguments": "{}"
    },
    {
        "class": "admost.sdk.base.AdMost",
        "method": "getInstance",
        "arguments": "{}"
    },
    {
        "class": "admost.sdk.base.AdMost",
        "method": "getContext",
        "arguments": "{}"
    },
    {
        "class": "admost.sdk.base.AdMost",
        "method": "checkConfiguration",
        "arguments": "{}"
    },
    {
        "class": "admost.sdk.base.AdMost",
        "method": "getInstance",
        "arguments": "{}"
    },
    {
        "class": "admost.sdk.base.AdMost",
        "method": "getAppId",
        "arguments": "{}"
    },
    {
        "class": "admost.sdk.base.AdMost",
        "method": "checkConfiguration",
        "arguments": "{}"
    },
    {
        "class": "admost.sdk.base.AdMostConfiguration",
        "method": "getAppId",
        "arguments": "{}"
    },
    {
        "class": "admost.sdk.base.AdMost",
        "method": "getInstance",
        "arguments": "{}"
    },
    {
        "class": "admost.sdk.base.AdMost",
        "method": "getConfiguration",
        "arguments": "{}"
    },
    {
        "class": "admost.sdk.base.AdMost",
        "method": "getInstance",
        "arguments": "{}"
    },
    {
        "class": "admost.sdk.base.AdMost",
        "method": "getConfiguration",
        "arguments": "{}"
    },
    {
        "class": "admost.sdk.base.AdMostConfiguration",
        "method": "useHttps",
        "arguments": "{}"
    },
    {
        "class": "admost.sdk.base.AdMost",
        "method": "getInstance",
        "arguments": "{}"
    },
    {
        "class": "admost.sdk.base.AdMost",
        "method": "isInitStarted",
        "arguments": "{}"
    },
    {
        "class": "admost.sdk.base.AdMost",
        "method": "getInstance",
        "arguments": "{}"
    },
    {
        "class": "admost.sdk.base.AdMost",
        "method": "getExecutor",
        "arguments": "{}"
    },
    {
        "class": "admost.sdk.base.AdMost",
        "method": "checkConfiguration",
        "arguments": "{}"
    },
    {
        "class": "admost.sdk.base.AdMostConfiguration",
        "method": "initAFA",
        "arguments": "{\"0\":true}"
    },
    {
        "class": "admost.sdk.base.AdMostConfiguration",
        "method": "access$3500",
        "arguments": "{\"0\":\"<instance: admost.sdk.base.AdMostConfiguration>\"}"
    },
    {
        "class": "admost.sdk.base.AdMostConfiguration",
        "method": "updateUserInfo",
        "arguments": "{}"
    },
    {
        "class": "admost.sdk.base.AdMostConfiguration",
        "method": "registerOrUpdateCheck",
        "arguments": "{}"
    },
    {
        "class": "admost.sdk.base.AdMost",
        "method": "getInstance",
        "arguments": "{}"
    },
    {
        "class": "admost.sdk.base.AdMost",
        "method": "getConfiguration",
        "arguments": "{}"
    },
    {
        "class": "admost.sdk.base.AdMost",
        "method": "getInstance",
        "arguments": "{}"
    },
    {
        "class": "admost.sdk.base.AdMost",
        "method": "getConfiguration",
        "arguments": "{}"
    },
    {
        "class": "admost.sdk.base.AdMostConfiguration",
        "method": "hasCampaign",
        "arguments": "{}"
    },
    {
        "class": "admost.sdk.base.AdMost",
        "method": "getInstance",
        "arguments": "{}"
    },
    {
        "class": "admost.sdk.base.AdMost",
        "method": "initCompleted",
        "arguments": "{\"0\":\"REMOTE_CONFIG\",\"1\":false}"
    },
    {
        "class": "admost.sdk.base.AdMost",
        "method": "getInstance",
        "arguments": "{}"
    },
    {
        "class": "admost.sdk.base.AdMost",
        "method": "getConfiguration",
        "arguments": "{}"
    },
    {
        "class": "admost.sdk.base.AdMost",
        "method": "getInstance",
        "arguments": "{}"
    },
    {
        "class": "admost.sdk.base.AdMost",
        "method": "getConfiguration",
        "arguments": "{}"
    },
    {
        "class": "admost.sdk.base.AdMostConfiguration",
        "method": "hasPolicy",
        "arguments": "{}"
    },
    {
        "class": "admost.sdk.base.AdMost",
        "method": "getInstance",
        "arguments": "{}"
    },
    {
        "class": "admost.sdk.base.AdMost",
        "method": "initCompleted",
        "arguments": "{\"0\":\"EXPERIMENT\",\"1\":false}"
    },
    {
        "class": "com.facebook.FacebookSdk",
        "method": "getApplicationContext",
        "arguments": "{}"
    },
    {
        "class": "admost.sdk.base.AdMost",
        "method": "getContext",
        "arguments": "{}"
    },
    {
        "class": "com.facebook.FacebookSdk",
        "method": "isInitialized",
        "arguments": "{}"
    },
    {
        "class": "admost.sdk.base.AdMost",
        "method": "checkConfiguration",
        "arguments": "{}"
    },
    {
        "class": "admost.sdk.base.AdMostConfiguration",
        "method": "initForce",
        "arguments": "{}"
    },
    {
        "class": "admost.sdk.base.AdMost",
        "method": "getInstance",
        "arguments": "{}"
    },
    {
        "class": "admost.sdk.base.AdMost",
        "method": "getConfiguration",
        "arguments": "{}"
    },
    {
        "class": "admost.sdk.base.AdMostConfiguration",
        "method": "getAdNetworkMeta",
        "arguments": "{\"0\":\"A4G\"}"
    },
    {
        "class": "admost.sdk.base.AdMost",
        "method": "getInstance",
        "arguments": "{}"
    },
    {
        "class": "admost.sdk.base.AdMost",
        "method": "getConfiguration",
        "arguments": "{}"
    },
    {
        "class": "admost.sdk.base.AdMostConfiguration",
        "method": "getAdNetworkMeta",
        "arguments": "{\"0\":\"ADCOLONY\"}"
    },
    {
        "class": "admost.sdk.base.AdMost",
        "method": "getInstance",
        "arguments": "{}"
    },
    {
        "class": "admost.sdk.base.AdMost",
        "method": "getConfiguration",
        "arguments": "{}"
    },
    {
        "class": "admost.sdk.base.AdMostConfiguration",
        "method": "getAdNetworkMeta",
        "arguments": "{\"0\":\"ADMOB\"}"
    },
    {
        "class": "admost.sdk.base.AdMost",
        "method": "getInstance",
        "arguments": "{}"
    },
    {
        "class": "admost.sdk.base.AdMost",
        "method": "getConfiguration",
        "arguments": "{}"
    },
    {
        "class": "admost.sdk.base.AdMostConfiguration",
        "method": "getAdNetworkMeta",
        "arguments": "{\"0\":\"ADREACT\"}"
    },
    {
        "class": "admost.sdk.base.AdMost",
        "method": "getInstance",
        "arguments": "{}"
    },
    {
        "class": "admost.sdk.base.AdMost",
        "method": "getConfiguration",
        "arguments": "{}"
    },
    {
        "class": "admost.sdk.base.AdMostConfiguration",
        "method": "getAdNetworkMeta",
        "arguments": "{\"0\":\"ADX\"}"
    },
    {
        "class": "admost.sdk.base.AdMost",
        "method": "getInstance",
        "arguments": "{}"
    },
    {
        "class": "admost.sdk.base.AdMost",
        "method": "getConfiguration",
        "arguments": "{}"
    },
    {
        "class": "admost.sdk.base.AdMostConfiguration",
        "method": "getAdNetworkMeta",
        "arguments": "{\"0\":\"AMAZON\"}"
    },
    {
        "class": "admost.sdk.base.AdMost",
        "method": "getInstance",
        "arguments": "{}"
    },
    {
        "class": "admost.sdk.base.AdMost",
        "method": "getConfiguration",
        "arguments": "{}"
    },
    {
        "class": "admost.sdk.base.AdMostConfiguration",
        "method": "getAdNetworkMeta",
        "arguments": "{\"0\":\"APPLOVIN\"}"
    },
    {
        "class": "admost.sdk.base.AdMost",
        "method": "getInstance",
        "arguments": "{}"
    },
    {
        "class": "admost.sdk.base.AdMost",
        "method": "getConfiguration",
        "arguments": "{}"
    },
    {
        "class": "admost.sdk.base.AdMostConfiguration",
        "method": "getAdNetworkMeta",
        "arguments": "{\"0\":\"CHARTBOOST\"}"
    },
    {
        "class": "admost.sdk.base.AdMost",
        "method": "getInstance",
        "arguments": "{}"
    },
    {
        "class": "admost.sdk.base.AdMost",
        "method": "getConfiguration",
        "arguments": "{}"
    },
    {
        "class": "admost.sdk.base.AdMostConfiguration",
        "method": "getAdNetworkMeta",
        "arguments": "{\"0\":\"CRITEO\"}"
    },
    {
        "class": "admost.sdk.base.AdMost",
        "method": "getInstance",
        "arguments": "{}"
    },
    {
        "class": "admost.sdk.base.AdMost",
        "method": "getConfiguration",
        "arguments": "{}"
    },
    {
        "class": "admost.sdk.base.AdMostConfiguration",
        "method": "getAdNetworkMeta",
        "arguments": "{\"0\":\"CROSSPROMOTION\"}"
    },
    {
        "class": "admost.sdk.base.AdMost",
        "method": "getInstance",
        "arguments": "{}"
    },
    {
        "class": "admost.sdk.base.AdMost",
        "method": "getConfiguration",
        "arguments": "{}"
    },
    {
        "class": "admost.sdk.base.AdMostConfiguration",
        "method": "getAdNetworkMeta",
        "arguments": "{\"0\":\"FACEBOOK\"}"
    },
    {
        "class": "admost.sdk.base.AdMost",
        "method": "getInstance",
        "arguments": "{}"
    },
    {
        "class": "admost.sdk.base.AdMost",
        "method": "getConfiguration",
        "arguments": "{}"
    },
    {
        "class": "admost.sdk.base.AdMostConfiguration",
        "method": "getAdNetworkMeta",
        "arguments": "{\"0\":\"FYBER\"}"
    },
    {
        "class": "admost.sdk.base.AdMost",
        "method": "getInstance",
        "arguments": "{}"
    },
    {
        "class": "admost.sdk.base.AdMost",
        "method": "getConfiguration",
        "arguments": "{}"
    },
    {
        "class": "admost.sdk.base.AdMostConfiguration",
        "method": "getAdNetworkMeta",
        "arguments": "{\"0\":\"HUAWEI\"}"
    },
    {
        "class": "admost.sdk.base.AdMost",
        "method": "getInstance",
        "arguments": "{}"
    },
    {
        "class": "admost.sdk.base.AdMost",
        "method": "getConfiguration",
        "arguments": "{}"
    },
    {
        "class": "admost.sdk.base.AdMostConfiguration",
        "method": "getAdNetworkMeta",
        "arguments": "{\"0\":\"INMOBI\"}"
    },
    {
        "class": "admost.sdk.base.AdMost",
        "method": "getInstance",
        "arguments": "{}"
    },
    {
        "class": "admost.sdk.base.AdMost",
        "method": "getConfiguration",
        "arguments": "{}"
    },
    {
        "class": "admost.sdk.base.AdMostConfiguration",
        "method": "getAdNetworkMeta",
        "arguments": "{\"0\":\"INNERACTIVE\"}"
    },
    {
        "class": "admost.sdk.base.AdMost",
        "method": "getInstance",
        "arguments": "{}"
    },
    {
        "class": "admost.sdk.base.AdMost",
        "method": "getConfiguration",
        "arguments": "{}"
    },
    {
        "class": "admost.sdk.base.AdMostConfiguration",
        "method": "getAdNetworkMeta",
        "arguments": "{\"0\":\"IRONSOURCE\"}"
    },
    {
        "class": "admost.sdk.base.AdMost",
        "method": "getInstance",
        "arguments": "{}"
    },
    {
        "class": "admost.sdk.base.AdMost",
        "method": "getConfiguration",
        "arguments": "{}"
    },
    {
        "class": "admost.sdk.base.AdMostConfiguration",
        "method": "getAdNetworkMeta",
        "arguments": "{\"0\":\"MINTEGRAL\"}"
    },
    {
        "class": "admost.sdk.base.AdMost",
        "method": "getInstance",
        "arguments": "{}"
    },
    {
        "class": "admost.sdk.base.AdMost",
        "method": "getConfiguration",
        "arguments": "{}"
    },
    {
        "class": "admost.sdk.base.AdMostConfiguration",
        "method": "getAdNetworkMeta",
        "arguments": "{\"0\":\"MOBFOX\"}"
    },
    {
        "class": "admost.sdk.base.AdMost",
        "method": "getInstance",
        "arguments": "{}"
    },
    {
        "class": "admost.sdk.base.AdMost",
        "method": "getConfiguration",
        "arguments": "{}"
    },
    {
        "class": "admost.sdk.base.AdMostConfiguration",
        "method": "getAdNetworkMeta",
        "arguments": "{\"0\":\"OGURY\"}"
    },
    {
        "class": "admost.sdk.base.AdMost",
        "method": "getInstance",
        "arguments": "{}"
    },
    {
        "class": "admost.sdk.base.AdMost",
        "method": "getConfiguration",
        "arguments": "{}"
    },
    {
        "class": "admost.sdk.base.AdMostConfiguration",
        "method": "getAdNetworkMeta",
        "arguments": "{\"0\":\"PUBNATIVE\"}"
    },
    {
        "class": "admost.sdk.base.AdMost",
        "method": "getInstance",
        "arguments": "{}"
    },
    {
        "class": "admost.sdk.base.AdMost",
        "method": "getConfiguration",
        "arguments": "{}"
    },
    {
        "class": "admost.sdk.base.AdMostConfiguration",
        "method": "getAdNetworkMeta",
        "arguments": "{\"0\":\"REKLAMUP\"}"
    },
    {
        "class": "admost.sdk.base.AdMost",
        "method": "getInstance",
        "arguments": "{}"
    },
    {
        "class": "admost.sdk.base.AdMost",
        "method": "getConfiguration",
        "arguments": "{}"
    },
    {
        "class": "admost.sdk.base.AdMostConfiguration",
        "method": "getAdNetworkMeta",
        "arguments": "{\"0\":\"SMAATO\"}"
    },
    {
        "class": "admost.sdk.base.AdMost",
        "method": "getInstance",
        "arguments": "{}"
    },
    {
        "class": "admost.sdk.base.AdMost",
        "method": "getConfiguration",
        "arguments": "{}"
    },
    {
        "class": "admost.sdk.base.AdMostConfiguration",
        "method": "getAdNetworkMeta",
        "arguments": "{\"0\":\"STARTAPP\"}"
    },
    {
        "class": "admost.sdk.base.AdMost",
        "method": "getInstance",
        "arguments": "{}"
    },
    {
        "class": "admost.sdk.base.AdMost",
        "method": "getConfiguration",
        "arguments": "{}"
    },
    {
        "class": "admost.sdk.base.AdMostConfiguration",
        "method": "getAdNetworkMeta",
        "arguments": "{\"0\":\"TAPJOY\"}"
    },
    {
        "class": "admost.sdk.base.AdMost",
        "method": "getInstance",
        "arguments": "{}"
    },
    {
        "class": "admost.sdk.base.AdMost",
        "method": "getConfiguration",
        "arguments": "{}"
    },
    {
        "class": "admost.sdk.base.AdMostConfiguration",
        "method": "getAdNetworkMeta",
        "arguments": "{\"0\":\"TIKTOK\"}"
    },
    {
        "class": "admost.sdk.base.AdMost",
        "method": "getInstance",
        "arguments": "{}"
    },
    {
        "class": "admost.sdk.base.AdMost",
        "method": "getConfiguration",
        "arguments": "{}"
    },
    {
        "class": "admost.sdk.base.AdMostConfiguration",
        "method": "getAdNetworkMeta",
        "arguments": "{\"0\":\"UNITYAD\"}"
    },
    {
        "class": "admost.sdk.base.AdMost",
        "method": "getInstance",
        "arguments": "{}"
    },
    {
        "class": "admost.sdk.base.AdMost",
        "method": "getConfiguration",
        "arguments": "{}"
    },
    {
        "class": "admost.sdk.base.AdMostConfiguration",
        "method": "getAdNetworkMeta",
        "arguments": "{\"0\":\"VUNGLE\"}"
    },
    {
        "class": "admost.sdk.base.AdMost",
        "method": "getInstance",
        "arguments": "{}"
    },
    {
        "class": "admost.sdk.base.AdMost",
        "method": "getConfiguration",
        "arguments": "{}"
    },
    {
        "class": "admost.sdk.base.AdMostConfiguration",
        "method": "getAdNetworkMeta",
        "arguments": "{\"0\":\"YANDEX\"}"
    },
    {
        "class": "admost.sdk.base.AdMostConfiguration",
        "method": "initAFA",
        "arguments": "{\"0\":false}"
    },
    {
        "class": "admost.sdk.base.AdMost",
        "method": "getInstance",
        "arguments": "{}"
    },
    {
        "class": "admost.sdk.base.AdMost",
        "method": "getConfiguration",
        "arguments": "{}"
    },
    {
        "class": "admost.sdk.base.AdMostConfiguration",
        "method": "getAdNetworkMeta",
        "arguments": "{\"0\":\"AFA\"}"
    },
    {
        "class": "admost.sdk.base.AdMostConfiguration",
        "method": "initDefault",
        "arguments": "{}"
    },
    {
        "class": "admost.sdk.base.AdMostConfiguration",
        "method": "startExternalRevenueAPI",
        "arguments": "{}"
    },
    {
        "class": "admost.sdk.base.AdMostConfiguration",
        "method": "isApplovinMaxRevenueAPIEnabled",
        "arguments": "{}"
    },
    {
        "class": "admost.sdk.base.AdMost",
        "method": "getInstance",
        "arguments": "{}"
    },
    {
        "class": "admost.sdk.base.AdMost",
        "method": "getConfiguration",
        "arguments": "{}"
    },
    {
        "class": "admost.sdk.base.AdMostConfiguration",
        "method": "getInitParams",
        "arguments": "{}"
    },
    {
        "class": "admost.sdk.base.AdMost",
        "method": "getInstance",
        "arguments": "{}"
    },
    {
        "class": "admost.sdk.base.AdMost",
        "method": "isInitStarted",
        "arguments": "{}"
    },
    {
        "class": "admost.sdk.base.AdMost",
        "method": "getInstance",
        "arguments": "{}"
    },
    {
        "class": "admost.sdk.base.AdMost",
        "method": "getConfiguration",
        "arguments": "{}"
    },
    {
        "class": "admost.sdk.base.AdMostConfiguration",
        "method": "getRevenueApiSendPeriod",
        "arguments": "{}"
    },
    {
        "class": "com.facebook.FacebookSdk",
        "method": "getApplicationContext",
        "arguments": "{}"
    },
    {
        "class": "admost.sdk.base.AdMost",
        "method": "getInstance",
        "arguments": "{}"
    },
    {
        "class": "admost.sdk.base.AdMost",
        "method": "getContext",
        "arguments": "{}"
    },
    {
        "class": "com.facebook.FacebookSdk",
        "method": "isInitialized",
        "arguments": "{}"
    },
    {
        "class": "admost.sdk.base.AdMost",
        "method": "checkConfiguration",
        "arguments": "{}"
    },
    {
        "class": "com.facebook.FacebookSdk",
        "method": "getApplicationContext",
        "arguments": "{}"
    },
    {
        "class": "com.facebook.FacebookSdk",
        "method": "isInitialized",
        "arguments": "{}"
    },
    {
        "class": "admost.sdk.base.AdMost",
        "method": "access$200",
        "arguments": "{\"0\":\"<instance: admost.sdk.base.AdMost>\"}"
    },
    {
        "class": "com.facebook.FacebookSdk",
        "method": "getLimitEventAndDataUsage",
        "arguments": "{\"0\":\"<instance: android.content.Context, $className: com.safedk.android.SafeDKApplication>\"}"
    },
    {
        "class": "admost.sdk.base.AdMost",
        "method": "getInstance",
        "arguments": "{}"
    },
    {
        "class": "admost.sdk.base.AdMost",
        "method": "isInitStarted",
        "arguments": "{}"
    },
    {
        "class": "com.facebook.FacebookSdk",
        "method": "isInitialized",
        "arguments": "{}"
    },
    {
        "class": "admost.sdk.base.AdMost",
        "method": "getInstance",
        "arguments": "{}"
    },
    {
        "class": "admost.sdk.base.AdMost",
        "method": "getConfiguration",
        "arguments": "{}"
    },
    {
        "class": "com.facebook.FacebookSdk",
        "method": "isLoggingBehaviorEnabled",
        "arguments": "{\"0\":\"<instance: com.facebook.LoggingBehavior>\"}"
    },
    {
        "class": "admost.sdk.base.AdMostConfiguration",
        "method": "isAppHarbrEnabled",
        "arguments": "{}"
    },
    {
        "class": "com.facebook.FacebookSdk",
        "method": "isDebugEnabled",
        "arguments": "{}"
    },
    {
        "class": "admost.sdk.base.AdMostConfiguration",
        "method": "sendScoreDataToAPI",
        "arguments": "{}"
    },
    {
        "class": "admost.sdk.base.AdMost",
        "method": "access$000",
        "arguments": "{\"0\":\"<instance: admost.sdk.base.AdMost>\"}"
    },
    {
        "class": "com.facebook.FacebookSdk",
        "method": "isLoggingBehaviorEnabled",
        "arguments": "{\"0\":\"<instance: com.facebook.LoggingBehavior>\"}"
    },
    {
        "class": "admost.sdk.base.AdMost",
        "method": "access$000",
        "arguments": "{\"0\":\"<instance: admost.sdk.base.AdMost>\"}"
    },
    {
        "class": "admost.sdk.base.AdMost",
        "method": "access$100",
        "arguments": "{\"0\":\"<instance: admost.sdk.base.AdMost>\"}"
    },
    {
        "class": "admost.sdk.base.AdMost",
        "method": "access$102",
        "arguments": "{\"0\":\"<instance: admost.sdk.base.AdMost>\",\"1\":null}"
    },
    {
        "class": "com.facebook.FacebookSdk",
        "method": "isDebugEnabled",
        "arguments": "{}"
    },
    {
        "class": "com.facebook.FacebookSdk",
        "method": "getGraphApiVersion",
        "arguments": "{}"
    },
    {
        "class": "com.facebook.FacebookSdk",
        "method": "isDebugEnabled",
        "arguments": "{}"
    },
    {
        "class": "com.facebook.FacebookSdk",
        "method": "getApplicationContext",
        "arguments": "{}"
    },
    {
        "class": "com.facebook.FacebookSdk",
        "method": "isInitialized",
        "arguments": "{}"
    },
    {
        "class": "com.facebook.FacebookSdk",
        "method": "getApplicationContext",
        "arguments": "{}"
    },
    {
        "class": "com.facebook.FacebookSdk",
        "method": "isInitialized",
        "arguments": "{}"
    },
    {
        "class": "com.facebook.FacebookSdk",
        "method": "getApplicationContext",
        "arguments": "{}"
    },
    {
        "class": "com.facebook.FacebookSdk",
        "method": "isInitialized",
        "arguments": "{}"
    },
    {
        "class": "admost.sdk.base.AdMost",
        "method": "getInstance",
        "arguments": "{}"
    },
    {
        "class": "admost.sdk.base.AdMost",
        "method": "isInitCompleted",
        "arguments": "{}"
    },
    {
        "class": "admost.sdk.base.AdMost",
        "method": "getInstance",
        "arguments": "{}"
    },
    {
        "class": "admost.sdk.base.AdMost",
        "method": "getConfiguration",
        "arguments": "{}"
    },
    {
        "class": "admost.sdk.base.AdMostConfiguration",
        "method": "mergeRemoteConfig",
        "arguments": "{}"
    },
    {
        "class": "admost.sdk.base.AdMost",
        "method": "getInstance",
        "arguments": "{}"
    },
    {
        "class": "admost.sdk.base.AdMost",
        "method": "isInitCompleted",
        "arguments": "{}"
    },
    {
        "class": "admost.sdk.base.AdMost",
        "method": "getInstance",
        "arguments": "{}"
    },
    {
        "class": "admost.sdk.base.AdMost",
        "method": "isInitCompleted",
        "arguments": "{}"
    },
    {
        "class": "admost.sdk.base.AdMost",
        "method": "getInstance",
        "arguments": "{}"
    },
    {
        "class": "admost.sdk.base.AdMost",
        "method": "isInitCompleted",
        "arguments": "{}"
    },
    {
        "class": "admost.sdk.base.AdMost",
        "method": "getInstance",
        "arguments": "{}"
    },
    {
        "class": "admost.sdk.base.AdMost",
        "method": "isInitCompleted",
        "arguments": "{}"
    },
    {
        "class": "admost.sdk.base.AdMost",
        "method": "getInstance",
        "arguments": "{}"
    },
    {
        "class": "admost.sdk.base.AdMost",
        "method": "isInitCompleted",
        "arguments": "{}"
    },
    {
        "class": "admost.sdk.base.AdMost",
        "method": "getInstance",
        "arguments": "{}"
    },
    {
        "class": "admost.sdk.base.AdMost",
        "method": "isInitCompleted",
        "arguments": "{}"
    },
    {
        "class": "admost.sdk.base.AdMost",
        "method": "getInstance",
        "arguments": "{}"
    },
    {
        "class": "admost.sdk.base.AdMost",
        "method": "isInitCompleted",
        "arguments": "{}"
    },
    {
        "class": "com.google.firebase.analytics.FirebaseAnalytics",
        "method": "logEvent",
        "arguments": "{\"0\":\"Meteor_Initialization\",\"1\":\"<instance: android.os.Bundle>\"}"
    },
    {
        "class": "com.google.firebase.analytics.FirebaseAnalytics",
        "method": "logEvent",
        "arguments": "{\"0\":\"Apollo_Initialization\",\"1\":\"<instance: android.os.Bundle>\"}"
    },
    {
        "class": "com.google.firebase.analytics.FirebaseAnalytics",
        "method": "logEvent",
        "arguments": "{\"0\":\"Vibrator_Initialization\",\"1\":\"<instance: android.os.Bundle>\"}"
    },
    {
        "class": "com.google.firebase.analytics.FirebaseAnalytics",
        "method": "logEvent",
        "arguments": "{\"0\":\"Court_Initialization\",\"1\":\"<instance: android.os.Bundle>\"}"
    },
    {
        "class": "com.adjust.sdk.AdjustConfig",
        "method": "init",
        "arguments": "{\"0\":\"<instance: android.content.Context, $className: com.unity3d.player.UnityPlayerActivity>\",\"1\":\"qib72kf2phc0\",\"2\":\"production\",\"3\":false}"
    },
    {
        "class": "com.adjust.sdk.AdjustConfig",
        "method": "setLogLevel",
        "arguments": "{\"0\":\"<instance: com.adjust.sdk.LogLevel>\",\"1\":\"production\"}"
    },
    {
        "class": "com.adjust.sdk.AdjustConfig",
        "method": "setLogLevel",
        "arguments": "{\"0\":\"<instance: com.adjust.sdk.LogLevel>\"}"
    },
    {
        "class": "com.adjust.sdk.AdjustConfig",
        "method": "setLogLevel",
        "arguments": "{\"0\":\"<instance: com.adjust.sdk.LogLevel>\",\"1\":\"production\"}"
    },
    {
        "class": "com.adjust.sdk.AdjustConfig",
        "method": "setSdkPrefix",
        "arguments": "{\"0\":\"unity4.38.0\"}"
    },
    {
        "class": "com.adjust.sdk.AdjustConfig",
        "method": "setDelayStart",
        "arguments": "{\"0\":0}"
    },
    {
        "class": "com.adjust.sdk.AdjustConfig",
        "method": "setEventBufferingEnabled",
        "arguments": "{\"0\":\"<instance: java.lang.Boolean>\"}"
    },
    {
        "class": "com.adjust.sdk.AdjustConfig",
        "method": "setCoppaCompliantEnabled",
        "arguments": "{\"0\":false}"
    },
    {
        "class": "com.adjust.sdk.AdjustConfig",
        "method": "setPlayStoreKidsAppEnabled",
        "arguments": "{\"0\":false}"
    },
    {
        "class": "com.adjust.sdk.AdjustConfig",
        "method": "setSendInBackground",
        "arguments": "{\"0\":false}"
    },
    {
        "class": "com.adjust.sdk.AdjustConfig",
        "method": "setNeedsCost",
        "arguments": "{\"0\":false}"
    },
    {
        "class": "com.facebook.FacebookSdk",
        "method": "getApplicationContext",
        "arguments": "{}"
    },
    {
        "class": "com.adjust.sdk.AdjustConfig",
        "method": "setPreinstallTrackingEnabled",
        "arguments": "{\"0\":false}"
    },
    {
        "class": "com.adjust.sdk.AdjustConfig",
        "method": "setPreinstallFilePath",
        "arguments": "{\"0\":\"\"}"
    },
    {
        "class": "com.adjust.sdk.AdjustConfig",
        "method": "setFbAppId",
        "arguments": "{\"0\":\"1646321876217779\"}"
    },
    {
        "class": "com.facebook.FacebookSdk",
        "method": "isInitialized",
        "arguments": "{}"
    },
    {
        "class": "com.adjust.sdk.AdjustConfig",
        "method": "setDefaultTracker",
        "arguments": "{\"0\":\"\"}"
    },
    {
        "class": "com.facebook.FacebookSdk",
        "method": "isLoggingBehaviorEnabled",
        "arguments": "{\"0\":\"<instance: com.facebook.LoggingBehavior>\"}"
    },
    {
        "class": "com.adjust.sdk.AdjustConfig",
        "method": "setAppSecret",
        "arguments": "{\"0\":\"0\",\"1\":\"0\",\"2\":\"0\",\"3\":\"0\",\"4\":\"0\"}"
    },
    {
        "class": "com.facebook.FacebookSdk",
        "method": "isDebugEnabled",
        "arguments": "{}"
    },
    {
        "class": "com.adjust.sdk.AdjustConfig",
        "method": "setOnAttributionChangedListener",
        "arguments": "{\"0\":\"<instance: com.adjust.sdk.OnAttributionChangedListener, $className: $Proxy22>\"}"
    },
    {
        "class": "admost.sdk.base.AdMost",
        "method": "getInstance",
        "arguments": "{}"
    },
    {
        "class": "com.facebook.FacebookSdk",
        "method": "getApplicationContext",
        "arguments": "{}"
    },
    {
        "class": "admost.sdk.base.AdMost",
        "method": "onPauseActivity",
        "arguments": "{\"0\":\"<instance: android.app.Activity, $className: com.unity3d.player.UnityPlayerActivity>\"}"
    },
    {
        "class": "com.facebook.FacebookSdk",
        "method": "isInitialized",
        "arguments": "{}"
    },
    {
        "class": "com.adjust.sdk.AdjustConfig",
        "method": "setOnEventTrackingSucceededListener",
        "arguments": "{\"0\":\"<instance: com.adjust.sdk.OnEventTrackingSucceededListener, $className: $Proxy23>\"}"
    },
    {
        "class": "com.adjust.sdk.AdjustConfig",
        "method": "setOnEventTrackingFailedListener",
        "arguments": "{\"0\":\"<instance: com.adjust.sdk.OnEventTrackingFailedListener, $className: $Proxy24>\"}"
    },
    {
        "class": "com.facebook.FacebookSdk",
        "method": "getApplicationId",
        "arguments": "{}"
    },
    {
        "class": "com.facebook.FacebookSdk",
        "method": "isInitialized",
        "arguments": "{}"
    },
    {
        "class": "com.adjust.sdk.AdjustConfig",
        "method": "setOnSessionTrackingSucceededListener",
        "arguments": "{\"0\":\"<instance: com.adjust.sdk.OnSessionTrackingSucceededListener, $className: $Proxy25>\"}"
    },
    {
        "class": "com.facebook.FacebookSdk",
        "method": "getApplicationContext",
        "arguments": "{}"
    },
    {
        "class": "com.adjust.sdk.AdjustConfig",
        "method": "setOnSessionTrackingFailedListener",
        "arguments": "{\"0\":\"<instance: com.adjust.sdk.OnSessionTrackingFailedListener, $className: $Proxy26>\"}"
    },
    {
        "class": "com.facebook.FacebookSdk",
        "method": "isInitialized",
        "arguments": "{}"
    },
    {
        "class": "com.adjust.sdk.AdjustConfig",
        "method": "setOnDeeplinkResponseListener",
        "arguments": "{\"0\":\"<instance: com.adjust.sdk.OnDeeplinkResponseListener, $className: $Proxy27>\"}"
    },
    {
        "class": "com.adjust.sdk.Adjust",
        "method": "onCreate",
        "arguments": "{\"0\":\"<instance: com.adjust.sdk.AdjustConfig>\"}"
    },
    {
        "class": "com.adjust.sdk.Adjust",
        "method": "getDefaultInstance",
        "arguments": "{}"
    },
    {
        "class": "com.adjust.sdk.AdjustConfig",
        "method": "isValid",
        "arguments": "{}"
    },
    {
        "class": "com.adjust.sdk.AdjustConfig",
        "method": "checkAppToken",
        "arguments": "{\"0\":\"qib72kf2phc0\"}"
    },
    {
        "class": "com.adjust.sdk.AdjustConfig",
        "method": "checkEnvironment",
        "arguments": "{\"0\":\"production\"}"
    },
    {
        "class": "com.adjust.sdk.AdjustConfig",
        "method": "checkContext",
        "arguments": "{\"0\":\"<instance: android.content.Context, $className: com.safedk.android.SafeDKApplication>\"}"
    },
    {
        "class": "com.adjust.sdk.AdjustConfig",
        "method": "isValid",
        "arguments": "{}"
    },
    {
        "class": "com.adjust.sdk.AdjustConfig",
        "method": "checkAppToken",
        "arguments": "{\"0\":\"qib72kf2phc0\"}"
    },
    {
        "class": "com.adjust.sdk.AdjustConfig",
        "method": "checkEnvironment",
        "arguments": "{\"0\":\"production\"}"
    },
    {
        "class": "com.adjust.sdk.AdjustConfig",
        "method": "checkContext",
        "arguments": "{\"0\":\"<instance: android.content.Context, $className: com.safedk.android.SafeDKApplication>\"}"
    },
    {
        "class": "com.adjust.sdk.Adjust",
        "method": "onResume",
        "arguments": "{}"
    },
    {
        "class": "com.adjust.sdk.Adjust",
        "method": "getDefaultInstance",
        "arguments": "{}"
    },
    {
        "class": "com.adjust.sdk.Adjust",
        "method": "getAdid",
        "arguments": "{}"
    },
    {
        "class": "com.adjust.sdk.Adjust",
        "method": "getDefaultInstance",
        "arguments": "{}"
    },
    {
        "class": "com.adjust.sdk.Adjust",
        "method": "trackMeasurementConsent",
        "arguments": "{\"0\":true}"
    },
    {
        "class": "com.adjust.sdk.Adjust",
        "method": "getDefaultInstance",
        "arguments": "{}"
    },
    {
        "class": "com.adjust.sdk.AdjustThirdPartySharing",
        "method": "addGranularOption",
        "arguments": "{\"0\":\"google_dma\",\"1\":\"eea\",\"2\":\"1\"}"
    },
    {
        "class": "com.adjust.sdk.AdjustThirdPartySharing",
        "method": "addGranularOption",
        "arguments": "{\"0\":\"google_dma\",\"1\":\"ad_personalization\",\"2\":\"1\"}"
    },
    {
        "class": "com.adjust.sdk.AdjustThirdPartySharing",
        "method": "addGranularOption",
        "arguments": "{\"0\":\"google_dma\",\"1\":\"ad_user_data\",\"2\":\"1\"}"
    },
    {
        "class": "com.adjust.sdk.Adjust",
        "method": "trackThirdPartySharing",
        "arguments": "{\"0\":\"<instance: com.adjust.sdk.AdjustThirdPartySharing>\"}"
    },
    {
        "class": "com.adjust.sdk.Adjust",
        "method": "getDefaultInstance",
        "arguments": "{}"
    },
    {
        "class": "com.adjust.sdk.AdjustThirdPartySharing",
        "method": "addPartnerSharingSetting",
        "arguments": "{\"0\":\"facebook\",\"1\":\"install\",\"2\":true}"
    },
    {
        "class": "com.adjust.sdk.AdjustThirdPartySharing",
        "method": "addPartnerSharingSetting",
        "arguments": "{\"0\":\"facebook\",\"1\":\"events\",\"2\":true}"
    },
    {
        "class": "com.adjust.sdk.AdjustThirdPartySharing",
        "method": "addPartnerSharingSetting",
        "arguments": "{\"0\":\"facebook\",\"1\":\"sessions\",\"2\":true}"
    },
    {
        "class": "com.adjust.sdk.Adjust",
        "method": "trackThirdPartySharing",
        "arguments": "{\"0\":\"<instance: com.adjust.sdk.AdjustThirdPartySharing>\"}"
    },
    {
        "class": "com.adjust.sdk.Adjust",
        "method": "getDefaultInstance",
        "arguments": "{}"
    },
    {
        "class": "com.adjust.sdk.AdjustThirdPartySharing",
        "method": "addPartnerSharingSetting",
        "arguments": "{\"0\":\"adwords\",\"1\":\"install\",\"2\":true}"
    },
    {
        "class": "com.adjust.sdk.AdjustThirdPartySharing",
        "method": "addPartnerSharingSetting",
        "arguments": "{\"0\":\"adwords\",\"1\":\"events\",\"2\":true}"
    },
    {
        "class": "com.adjust.sdk.AdjustThirdPartySharing",
        "method": "addPartnerSharingSetting",
        "arguments": "{\"0\":\"adwords\",\"1\":\"sessions\",\"2\":true}"
    },
    {
        "class": "com.adjust.sdk.Adjust",
        "method": "trackThirdPartySharing",
        "arguments": "{\"0\":\"<instance: com.adjust.sdk.AdjustThirdPartySharing>\"}"
    },
    {
        "class": "com.adjust.sdk.Adjust",
        "method": "getDefaultInstance",
        "arguments": "{}"
    },
    {
        "class": "com.adjust.sdk.AdjustThirdPartySharing",
        "method": "addPartnerSharingSetting",
        "arguments": "{\"0\":\"google_marketing_platform\",\"1\":\"install\",\"2\":true}"
    },
    {
        "class": "com.adjust.sdk.AdjustThirdPartySharing",
        "method": "addPartnerSharingSetting",
        "arguments": "{\"0\":\"google_marketing_platform\",\"1\":\"events\",\"2\":true}"
    },
    {
        "class": "com.adjust.sdk.AdjustThirdPartySharing",
        "method": "addPartnerSharingSetting",
        "arguments": "{\"0\":\"google_marketing_platform\",\"1\":\"sessions\",\"2\":true}"
    },
    {
        "class": "com.adjust.sdk.Adjust",
        "method": "trackThirdPartySharing",
        "arguments": "{\"0\":\"<instance: com.adjust.sdk.AdjustThirdPartySharing>\"}"
    },
    {
        "class": "com.adjust.sdk.Adjust",
        "method": "getDefaultInstance",
        "arguments": "{}"
    },
    {
        "class": "com.adjust.sdk.Adjust",
        "method": "getAdid",
        "arguments": "{}"
    },
    {
        "class": "com.adjust.sdk.Adjust",
        "method": "getDefaultInstance",
        "arguments": "{}"
    },
    {
        "class": "com.adjust.sdk.Adjust",
        "method": "getAdid",
        "arguments": "{}"
    },
    {
        "class": "com.adjust.sdk.Adjust",
        "method": "getDefaultInstance",
        "arguments": "{}"
    },
    {
        "class": "com.google.firebase.analytics.FirebaseAnalytics",
        "method": "setAnalyticsCollectionEnabled",
        "arguments": "{\"0\":true}"
    },
    {
        "class": "com.google.firebase.analytics.FirebaseAnalytics",
        "method": "setConsent",
        "arguments": "{\"0\":\"<instance: java.util.Map, $className: java.util.HashMap>\"}"
    },
    {
        "class": "com.google.firebase.analytics.FirebaseAnalytics",
        "method": "getInstance",
        "arguments": "{\"0\":\"<instance: android.content.Context, $className: com.safedk.android.SafeDKApplication>\"}"
    },
    {
        "class": "com.google.firebase.analytics.FirebaseAnalytics",
        "method": "getFirebaseInstanceId",
        "arguments": "{}"
    },
    {
        "class": "com.google.firebase.analytics.FirebaseAnalytics",
        "method": "logEvent",
        "arguments": "{\"0\":\"Sherlock_Initialization\",\"1\":\"<instance: android.os.Bundle>\"}"
    },
    {
        "class": "com.adjust.sdk.Adjust",
        "method": "getGoogleAdId",
        "arguments": "{\"0\":\"<instance: android.content.Context, $className: com.unity3d.player.UnityPlayerActivity>\",\"1\":\"<instance: com.adjust.sdk.OnDeviceIdsRead, $className: $Proxy28>\"}"
    },
    {
        "class": "com.adjust.sdk.Adjust",
        "method": "getAdid",
        "arguments": "{}"
    },
    {
        "class": "com.adjust.sdk.Adjust",
        "method": "getDefaultInstance",
        "arguments": "{}"
    },
    {
        "class": "com.applovin.sdk.AppLovinSdk",
        "method": "getInstance",
        "arguments": "{\"0\":\"UtG15GUS7BFKcCT0Sl2lhrohtiTLzmLGThnQ_SWzysD2abTol_o7CCxuEddGaXI-2WXMsxvQ6g8sTslIp-D4Sv\",\"1\":\"<instance: com.applovin.sdk.AppLovinSdkSettings>\",\"2\":\"<instance: android.content.Context, $className: com.unity3d.player.UnityPlayerActivity>\"}"
    }
]