[
    {
        "class": "com.facebook.FacebookSdk",
        "method": "sdkInitialize",
        "arguments": "{\"0\":\"<instance: android.content.Context, $className: com.sybogames.chili.SubwayApplication>\"}"
    },
    {
        "class": "com.facebook.FacebookSdk",
        "method": "sdkInitialize",
        "arguments": "{\"0\":\"<instance: android.content.Context, $className: com.sybogames.chili.SubwayApplication>\",\"1\":null}"
    },
    {
        "class": "com.facebook.FacebookSdk",
        "method": "loadDefaultsFromMetadata$facebook_core_release",
        "arguments": "{\"0\":\"<instance: android.content.Context, $className: com.sybogames.chili.SubwayApplication>\"}"
    },
    {
        "class": "com.facebook.FacebookSdk",
        "method": "getAutoInitEnabled",
        "arguments": "{}"
    },
    {
        "class": "com.facebook.FacebookSdk",
        "method": "isInitialized",
        "arguments": "{}"
    },
    {
        "class": "com.facebook.FacebookSdk",
        "method": "getApplicationContext",
        "arguments": "{}"
    },
    {
        "class": "com.facebook.FacebookSdk",
        "method": "isInitialized",
        "arguments": "{}"
    },
    {
        "class": "com.facebook.FacebookSdk",
        "method": "getApplicationContext",
        "arguments": "{}"
    },
    {
        "class": "com.facebook.FacebookSdk",
        "method": "isInitialized",
        "arguments": "{}"
    },
    {
        "class": "com.facebook.FacebookSdk",
        "method": "getApplicationContext",
        "arguments": "{}"
    },
    {
        "class": "com.facebook.FacebookSdk",
        "method": "isInitialized",
        "arguments": "{}"
    },
    {
        "class": "com.facebook.FacebookSdk",
        "method": "getApplicationContext",
        "arguments": "{}"
    },
    {
        "class": "com.facebook.FacebookSdk",
        "method": "isInitialized",
        "arguments": "{}"
    },
    {
        "class": "com.facebook.FacebookSdk",
        "method": "getExecutor",
        "arguments": "{}"
    },
    {
        "class": "com.facebook.FacebookSdk",
        "method": "getApplicationId",
        "arguments": "{}"
    },
    {
        "class": "com.facebook.FacebookSdk",
        "method": "getApplicationContext",
        "arguments": "{}"
    },
    {
        "class": "com.facebook.FacebookSdk",
        "method": "isInitialized",
        "arguments": "{}"
    },
    {
        "class": "com.facebook.FacebookSdk",
        "method": "isInitialized",
        "arguments": "{}"
    },
    {
        "class": "com.facebook.FacebookSdk",
        "method": "isInitialized",
        "arguments": "{}"
    },
    {
        "class": "com.facebook.FacebookSdk",
        "method": "isInitialized",
        "arguments": "{}"
    },
    {
        "class": "com.facebook.FacebookSdk",
        "method": "getApplicationContext",
        "arguments": "{}"
    },
    {
        "class": "com.facebook.FacebookSdk",
        "method": "isLoggingBehaviorEnabled",
        "arguments": "{\"0\":\"<instance: com.facebook.LoggingBehavior>\"}"
    },
    {
        "class": "com.facebook.FacebookSdk",
        "method": "isInitialized",
        "arguments": "{}"
    },
    {
        "class": "com.facebook.FacebookSdk",
        "method": "isDebugEnabled",
        "arguments": "{}"
    },
    {
        "class": "com.facebook.FacebookSdk",
        "method": "isInitialized",
        "arguments": "{}"
    },
    {
        "class": "com.google.firebase.analytics.FirebaseAnalytics",
        "method": "getInstance",
        "arguments": "{\"0\":\"<instance: android.content.Context, $className: com.sybogames.chili.SubwayApplication>\"}"
    },
    {
        "class": "com.facebook.FacebookSdk",
        "method": "isLoggingBehaviorEnabled",
        "arguments": "{\"0\":\"<instance: com.facebook.LoggingBehavior>\"}"
    },
    {
        "class": "com.facebook.FacebookSdk",
        "method": "getApplicationContext",
        "arguments": "{}"
    },
    {
        "class": "com.facebook.FacebookSdk",
        "method": "isInitialized",
        "arguments": "{}"
    },
    {
        "class": "com.facebook.FacebookSdk",
        "method": "getApplicationContext",
        "arguments": "{}"
    },
    {
        "class": "com.google.firebase.analytics.FirebaseAnalytics",
        "method": "getFirebaseInstanceId",
        "arguments": "{}"
    },
    {
        "class": "com.facebook.FacebookSdk",
        "method": "isDebugEnabled",
        "arguments": "{}"
    },
    {
        "class": "com.facebook.FacebookSdk",
        "method": "isInitialized",
        "arguments": "{}"
    },
    {
        "class": "com.facebook.FacebookSdk",
        "method": "getApplicationContext",
        "arguments": "{}"
    },
    {
        "class": "com.facebook.FacebookSdk",
        "method": "getGraphApiVersion",
        "arguments": "{}"
    },
    {
        "class": "com.facebook.FacebookSdk",
        "method": "isInitialized",
        "arguments": "{}"
    },
    {
        "class": "com.facebook.FacebookSdk",
        "method": "isDebugEnabled",
        "arguments": "{}"
    },
    {
        "class": "com.facebook.FacebookSdk",
        "method": "getApplicationId",
        "arguments": "{}"
    },
    {
        "class": "com.facebook.FacebookSdk",
        "method": "isInitialized",
        "arguments": "{}"
    },
    {
        "class": "com.facebook.FacebookSdk",
        "method": "getGraphDomain",
        "arguments": "{}"
    },
    {
        "class": "com.facebook.FacebookSdk",
        "method": "getFacebookDomain",
        "arguments": "{}"
    },
    {
        "class": "com.facebook.FacebookSdk",
        "method": "getGraphDomain",
        "arguments": "{}"
    },
    {
        "class": "com.facebook.FacebookSdk",
        "method": "getAutoLogAppEventsEnabled",
        "arguments": "{}"
    },
    {
        "class": "com.facebook.FacebookSdk",
        "method": "isInitialized",
        "arguments": "{}"
    },
    {
        "class": "com.facebook.FacebookSdk",
        "method": "getFacebookDomain",
        "arguments": "{}"
    },
    {
        "class": "com.facebook.FacebookSdk",
        "method": "getApplicationContext",
        "arguments": "{}"
    },
    {
        "class": "com.google.firebase.analytics.FirebaseAnalytics",
        "method": "getInstance",
        "arguments": "{\"0\":\"<instance: android.content.Context, $className: com.sybogames.chili.SubwayApplication>\"}"
    },
    {
        "class": "com.facebook.FacebookSdk",
        "method": "getApplicationId",
        "arguments": "{}"
    },
    {
        "class": "com.facebook.FacebookSdk",
        "method": "isInitialized",
        "arguments": "{}"
    },
    {
        "class": "com.google.firebase.analytics.FirebaseAnalytics",
        "method": "getFirebaseInstanceId",
        "arguments": "{}"
    },
    {
        "class": "com.facebook.FacebookSdk",
        "method": "getApplicationId",
        "arguments": "{}"
    },
    {
        "class": "com.facebook.FacebookSdk",
        "method": "isInitialized",
        "arguments": "{}"
    },
    {
        "class": "com.facebook.FacebookSdk",
        "method": "isInitialized",
        "arguments": "{}"
    },
    {
        "class": "com.facebook.FacebookSdk",
        "method": "getClientToken",
        "arguments": "{}"
    },
    {
        "class": "com.facebook.FacebookSdk",
        "method": "fullyInitialize",
        "arguments": "{}"
    },
    {
        "class": "com.facebook.FacebookSdk",
        "method": "isInitialized",
        "arguments": "{}"
    },
    {
        "class": "com.facebook.FacebookSdk",
        "method": "isInitialized",
        "arguments": "{}"
    },
    {
        "class": "com.facebook.FacebookSdk",
        "method": "getApplicationContext",
        "arguments": "{}"
    },
    {
        "class": "com.facebook.FacebookSdk",
        "method": "getGraphDomain",
        "arguments": "{}"
    },
    {
        "class": "com.facebook.FacebookSdk",
        "method": "isInitialized",
        "arguments": "{}"
    },
    {
        "class": "com.facebook.FacebookSdk",
        "method": "getApplicationId",
        "arguments": "{}"
    },
    {
        "class": "com.facebook.FacebookSdk",
        "method": "isInitialized",
        "arguments": "{}"
    },
    {
        "class": "com.facebook.FacebookSdk",
        "method": "getFacebookDomain",
        "arguments": "{}"
    },
    {
        "class": "com.facebook.FacebookSdk",
        "method": "getApplicationContext",
        "arguments": "{}"
    },
    {
        "class": "com.facebook.FacebookSdk",
        "method": "isInitialized",
        "arguments": "{}"
    },
    {
        "class": "com.facebook.FacebookSdk",
        "method": "getApplicationId",
        "arguments": "{}"
    },
    {
        "class": "com.facebook.FacebookSdk",
        "method": "getApplicationId",
        "arguments": "{}"
    },
    {
        "class": "com.facebook.FacebookSdk",
        "method": "isInitialized",
        "arguments": "{}"
    },
    {
        "class": "com.facebook.FacebookSdk",
        "method": "isInitialized",
        "arguments": "{}"
    },
    {
        "class": "com.google.firebase.analytics.FirebaseAnalytics",
        "method": "getInstance",
        "arguments": "{\"0\":\"<instance: android.content.Context, $className: com.sybogames.chili.SubwayApplication>\"}"
    },
    {
        "class": "com.facebook.FacebookSdk",
        "method": "getExecutor",
        "arguments": "{}"
    },
    {
        "class": "com.google.firebase.analytics.FirebaseAnalytics",
        "method": "getFirebaseInstanceId",
        "arguments": "{}"
    },
    {
        "class": "com.facebook.FacebookSdk",
        "method": "getClientToken",
        "arguments": "{}"
    },
    {
        "class": "com.facebook.FacebookSdk",
        "method": "getExecutor",
        "arguments": "{}"
    },
    {
        "class": "com.facebook.FacebookSdk",
        "method": "isInitialized",
        "arguments": "{}"
    },
    {
        "class": "com.facebook.FacebookSdk",
        "method": "isLoggingBehaviorEnabled",
        "arguments": "{\"0\":\"<instance: com.facebook.LoggingBehavior>\"}"
    },
    {
        "class": "com.facebook.FacebookSdk",
        "method": "getExecutor",
        "arguments": "{}"
    },
    {
        "class": "com.facebook.FacebookSdk",
        "method": "getApplicationContext",
        "arguments": "{}"
    },
    {
        "class": "com.facebook.FacebookSdk",
        "method": "isDebugEnabled",
        "arguments": "{}"
    },
    {
        "class": "com.facebook.FacebookSdk",
        "method": "getApplicationId",
        "arguments": "{}"
    },
    {
        "class": "com.facebook.FacebookSdk",
        "method": "isLoggingBehaviorEnabled",
        "arguments": "{\"0\":\"<instance: com.facebook.LoggingBehavior>\"}"
    },
    {
        "class": "com.facebook.FacebookSdk",
        "method": "isInitialized",
        "arguments": "{}"
    },
    {
        "class": "com.facebook.FacebookSdk",
        "method": "h",
        "arguments": "{}"
    },
    {
        "class": "com.facebook.FacebookSdk",
        "method": "getApplicationContext",
        "arguments": "{}"
    },
    {
        "class": "com.facebook.FacebookSdk",
        "method": "isInitialized",
        "arguments": "{}"
    },
    {
        "class": "com.facebook.FacebookSdk",
        "method": "isDebugEnabled",
        "arguments": "{}"
    },
    {
        "class": "com.facebook.FacebookSdk",
        "method": "isLoggingBehaviorEnabled",
        "arguments": "{\"0\":\"<instance: com.facebook.LoggingBehavior>\"}"
    },
    {
        "class": "com.facebook.FacebookSdk",
        "method": "getApplicationContext",
        "arguments": "{}"
    },
    {
        "class": "com.facebook.FacebookSdk",
        "method": "isLoggingBehaviorEnabled",
        "arguments": "{\"0\":\"<instance: com.facebook.LoggingBehavior>\"}"
    },
    {
        "class": "com.facebook.FacebookSdk",
        "method": "sdkInitialize$lambda-3",
        "arguments": "{}"
    },
    {
        "class": "com.facebook.FacebookSdk",
        "method": "isDebugEnabled",
        "arguments": "{}"
    },
    {
        "class": "com.facebook.FacebookSdk",
        "method": "isInitialized",
        "arguments": "{}"
    },
    {
        "class": "com.facebook.FacebookSdk",
        "method": "isInitialized",
        "arguments": "{}"
    },
    {
        "class": "com.facebook.FacebookSdk",
        "method": "getApplicationContext",
        "arguments": "{}"
    },
    {
        "class": "com.facebook.FacebookSdk",
        "method": "getGraphApiVersion",
        "arguments": "{}"
    },
    {
        "class": "com.facebook.FacebookSdk",
        "method": "isDebugEnabled",
        "arguments": "{}"
    },
    {
        "class": "com.facebook.FacebookSdk",
        "method": "isDebugEnabled",
        "arguments": "{}"
    },
    {
        "class": "com.facebook.FacebookSdk",
        "method": "getExecutor",
        "arguments": "{}"
    },
    {
        "class": "com.facebook.FacebookSdk",
        "method": "getGraphDomain",
        "arguments": "{}"
    },
    {
        "class": "com.facebook.FacebookSdk",
        "method": "isInitialized",
        "arguments": "{}"
    },
    {
        "class": "com.facebook.FacebookSdk",
        "method": "getSdkVersion",
        "arguments": "{}"
    },
    {
        "class": "com.facebook.FacebookSdk",
        "method": "getApplicationId",
        "arguments": "{}"
    },
    {
        "class": "com.facebook.FacebookSdk",
        "method": "getApplicationContext",
        "arguments": "{}"
    },
    {
        "class": "com.facebook.FacebookSdk",
        "method": "isInitialized",
        "arguments": "{}"
    },
    {
        "class": "com.facebook.FacebookSdk",
        "method": "isInitialized",
        "arguments": "{}"
    },
    {
        "class": "com.facebook.FacebookSdk",
        "method": "getApplicationContext",
        "arguments": "{}"
    },
    {
        "class": "com.facebook.FacebookSdk",
        "method": "getFacebookDomain",
        "arguments": "{}"
    },
    {
        "class": "com.facebook.FacebookSdk",
        "method": "isLoggingBehaviorEnabled",
        "arguments": "{\"0\":\"<instance: com.facebook.LoggingBehavior>\"}"
    },
    {
        "class": "com.facebook.FacebookSdk",
        "method": "isInitialized",
        "arguments": "{}"
    },
    {
        "class": "com.facebook.FacebookSdk",
        "method": "isLoggingBehaviorEnabled",
        "arguments": "{\"0\":\"<instance: com.facebook.LoggingBehavior>\"}"
    },
    {
        "class": "com.facebook.FacebookSdk",
        "method": "getExecutor",
        "arguments": "{}"
    },
    {
        "class": "com.facebook.FacebookSdk",
        "method": "isDebugEnabled",
        "arguments": "{}"
    },
    {
        "class": "com.facebook.FacebookSdk",
        "method": "getApplicationId",
        "arguments": "{}"
    },
    {
        "class": "com.facebook.FacebookSdk",
        "method": "getGraphDomain",
        "arguments": "{}"
    },
    {
        "class": "com.google.firebase.analytics.FirebaseAnalytics",
        "method": "getInstance",
        "arguments": "{\"0\":\"<instance: android.content.Context, $className: com.sybogames.chili.SubwayApplication>\"}"
    },
    {
        "class": "com.facebook.FacebookSdk",
        "method": "isInitialized",
        "arguments": "{}"
    },
    {
        "class": "com.facebook.FacebookSdk",
        "method": "getApplicationContext",
        "arguments": "{}"
    },
    {
        "class": "com.facebook.FacebookSdk",
        "method": "isLoggingBehaviorEnabled",
        "arguments": "{\"0\":\"<instance: com.facebook.LoggingBehavior>\"}"
    },
    {
        "class": "com.facebook.FacebookSdk",
        "method": "getApplicationContext",
        "arguments": "{}"
    },
    {
        "class": "com.facebook.FacebookSdk",
        "method": "getFacebookDomain",
        "arguments": "{}"
    },
    {
        "class": "com.google.firebase.analytics.FirebaseAnalytics",
        "method": "getFirebaseInstanceId",
        "arguments": "{}"
    },
    {
        "class": "com.facebook.FacebookSdk",
        "method": "isInitialized",
        "arguments": "{}"
    },
    {
        "class": "com.facebook.FacebookSdk",
        "method": "isInitialized",
        "arguments": "{}"
    },
    {
        "class": "com.facebook.FacebookSdk",
        "method": "isDebugEnabled",
        "arguments": "{}"
    },
    {
        "class": "com.facebook.FacebookSdk",
        "method": "getApplicationId",
        "arguments": "{}"
    },
    {
        "class": "com.facebook.FacebookSdk",
        "method": "getExecutor",
        "arguments": "{}"
    },
    {
        "class": "com.facebook.FacebookSdk",
        "method": "isDebugEnabled",
        "arguments": "{}"
    },
    {
        "class": "com.facebook.FacebookSdk",
        "method": "getApplicationId",
        "arguments": "{}"
    },
    {
        "class": "com.facebook.FacebookSdk",
        "method": "isInitialized",
        "arguments": "{}"
    },
    {
        "class": "com.facebook.FacebookSdk",
        "method": "isInitialized",
        "arguments": "{}"
    },
    {
        "class": "com.facebook.FacebookSdk",
        "method": "isLoggingBehaviorEnabled",
        "arguments": "{\"0\":\"<instance: com.facebook.LoggingBehavior>\"}"
    },
    {
        "class": "com.facebook.FacebookSdk",
        "method": "getApplicationContext",
        "arguments": "{}"
    },
    {
        "class": "com.facebook.FacebookSdk",
        "method": "isLoggingBehaviorEnabled",
        "arguments": "{\"0\":\"<instance: com.facebook.LoggingBehavior>\"}"
    },
    {
        "class": "com.facebook.FacebookSdk",
        "method": "isInitialized",
        "arguments": "{}"
    },
    {
        "class": "com.facebook.FacebookSdk",
        "method": "isDebugEnabled",
        "arguments": "{}"
    },
    {
        "class": "com.facebook.FacebookSdk",
        "method": "getClientToken",
        "arguments": "{}"
    },
    {
        "class": "com.facebook.FacebookSdk",
        "method": "getExecutor",
        "arguments": "{}"
    },
    {
        "class": "com.facebook.FacebookSdk",
        "method": "getGraphApiVersion",
        "arguments": "{}"
    },
    {
        "class": "com.facebook.FacebookSdk",
        "method": "getApplicationId",
        "arguments": "{}"
    },
    {
        "class": "com.facebook.FacebookSdk",
        "method": "isInitialized",
        "arguments": "{}"
    },
    {
        "class": "com.facebook.FacebookSdk",
        "method": "isDebugEnabled",
        "arguments": "{}"
    },
    {
        "class": "com.facebook.FacebookSdk",
        "method": "isInitialized",
        "arguments": "{}"
    },
    {
        "class": "com.facebook.FacebookSdk",
        "method": "getApplicationContext",
        "arguments": "{}"
    },
    {
        "class": "com.facebook.FacebookSdk",
        "method": "isDebugEnabled",
        "arguments": "{}"
    },
    {
        "class": "com.facebook.FacebookSdk",
        "method": "isInitialized",
        "arguments": "{}"
    },
    {
        "class": "com.facebook.FacebookSdk",
        "method": "getGraphDomain",
        "arguments": "{}"
    },
    {
        "class": "com.facebook.FacebookSdk",
        "method": "getGraphDomain",
        "arguments": "{}"
    },
    {
        "class": "com.facebook.FacebookSdk",
        "method": "getExecutor",
        "arguments": "{}"
    },
    {
        "class": "com.facebook.FacebookSdk",
        "method": "isLoggingBehaviorEnabled",
        "arguments": "{\"0\":\"<instance: com.facebook.LoggingBehavior>\"}"
    },
    {
        "class": "com.facebook.FacebookSdk",
        "method": "getExecutor",
        "arguments": "{}"
    },
    {
        "class": "com.facebook.FacebookSdk",
        "method": "d",
        "arguments": "{\"0\":null}"
    },
    {
        "class": "com.facebook.FacebookSdk",
        "method": "isDebugEnabled",
        "arguments": "{}"
    },
    {
        "class": "com.facebook.FacebookSdk",
        "method": "getFacebookDomain",
        "arguments": "{}"
    },
    {
        "class": "com.facebook.FacebookSdk",
        "method": "getFacebookDomain",
        "arguments": "{}"
    },
    {
        "class": "com.facebook.FacebookSdk",
        "method": "isLoggingBehaviorEnabled",
        "arguments": "{\"0\":\"<instance: com.facebook.LoggingBehavior>\"}"
    },
    {
        "class": "com.facebook.FacebookSdk",
        "method": "sdkInitialize$lambda-9",
        "arguments": "{\"0\":null}"
    },
    {
        "class": "com.facebook.FacebookSdk",
        "method": "isDebugEnabled",
        "arguments": "{}"
    },
    {
        "class": "com.facebook.FacebookSdk",
        "method": "getGraphDomain",
        "arguments": "{}"
    },
    {
        "class": "com.facebook.FacebookSdk",
        "method": "getApplicationId",
        "arguments": "{}"
    },
    {
        "class": "com.facebook.FacebookSdk",
        "method": "isLegacyTokenUpgradeSupported",
        "arguments": "{}"
    },
    {
        "class": "com.facebook.FacebookSdk",
        "method": "getApplicationContext",
        "arguments": "{}"
    },
    {
        "class": "com.facebook.FacebookSdk",
        "method": "getFacebookDomain",
        "arguments": "{}"
    },
    {
        "class": "com.facebook.FacebookSdk",
        "method": "isLoggingBehaviorEnabled",
        "arguments": "{\"0\":\"<instance: com.facebook.LoggingBehavior>\"}"
    },
    {
        "class": "com.facebook.FacebookSdk",
        "method": "isInitialized",
        "arguments": "{}"
    },
    {
        "class": "com.facebook.FacebookSdk",
        "method": "isInitialized",
        "arguments": "{}"
    },
    {
        "class": "com.facebook.FacebookSdk",
        "method": "getApplicationId",
        "arguments": "{}"
    },
    {
        "class": "com.facebook.FacebookSdk",
        "method": "getApplicationContext",
        "arguments": "{}"
    },
    {
        "class": "com.facebook.FacebookSdk",
        "method": "getClientToken",
        "arguments": "{}"
    },
    {
        "class": "com.facebook.FacebookSdk",
        "method": "isDebugEnabled",
        "arguments": "{}"
    },
    {
        "class": "com.facebook.FacebookSdk",
        "method": "isInitialized",
        "arguments": "{}"
    },
    {
        "class": "com.facebook.FacebookSdk",
        "method": "isLoggingBehaviorEnabled",
        "arguments": "{\"0\":\"<instance: com.facebook.LoggingBehavior>\"}"
    },
    {
        "class": "com.google.firebase.analytics.FirebaseAnalytics",
        "method": "getInstance",
        "arguments": "{\"0\":\"<instance: android.content.Context, $className: com.sybogames.chili.SubwayApplication>\"}"
    },
    {
        "class": "com.facebook.FacebookSdk",
        "method": "isInitialized",
        "arguments": "{}"
    },
    {
        "class": "com.facebook.FacebookSdk",
        "method": "isInitialized",
        "arguments": "{}"
    },
    {
        "class": "com.facebook.FacebookSdk",
        "method": "getApplicationContext",
        "arguments": "{}"
    },
    {
        "class": "com.facebook.FacebookSdk",
        "method": "isDebugEnabled",
        "arguments": "{}"
    },
    {
        "class": "com.facebook.FacebookSdk",
        "method": "getClientToken",
        "arguments": "{}"
    },
    {
        "class": "com.google.firebase.analytics.FirebaseAnalytics",
        "method": "getFirebaseInstanceId",
        "arguments": "{}"
    },
    {
        "class": "com.facebook.FacebookSdk",
        "method": "isInitialized",
        "arguments": "{}"
    },
    {
        "class": "com.facebook.FacebookSdk",
        "method": "isLoggingBehaviorEnabled",
        "arguments": "{\"0\":\"<instance: com.facebook.LoggingBehavior>\"}"
    },
    {
        "class": "com.facebook.FacebookSdk",
        "method": "isFullyInitialized",
        "arguments": "{}"
    },
    {
        "class": "com.facebook.FacebookSdk",
        "method": "getAutoLogAppEventsEnabled",
        "arguments": "{}"
    },
    {
        "class": "com.facebook.FacebookSdk",
        "method": "isInitialized",
        "arguments": "{}"
    },
    {
        "class": "com.facebook.FacebookSdk",
        "method": "isDebugEnabled",
        "arguments": "{}"
    },
    {
        "class": "com.facebook.FacebookSdk",
        "method": "isLoggingBehaviorEnabled",
        "arguments": "{\"0\":\"<instance: com.facebook.LoggingBehavior>\"}"
    },
    {
        "class": "com.facebook.FacebookSdk",
        "method": "isInitialized",
        "arguments": "{}"
    },
    {
        "class": "com.facebook.FacebookSdk",
        "method": "getGraphDomain",
        "arguments": "{}"
    },
    {
        "class": "com.facebook.FacebookSdk",
        "method": "getApplicationContext",
        "arguments": "{}"
    },
    {
        "class": "com.facebook.FacebookSdk",
        "method": "getFacebookDomain",
        "arguments": "{}"
    },
    {
        "class": "com.facebook.FacebookSdk",
        "method": "isInitialized",
        "arguments": "{}"
    },
    {
        "class": "com.facebook.FacebookSdk",
        "method": "isDebugEnabled",
        "arguments": "{}"
    },
    {
        "class": "com.facebook.FacebookSdk",
        "method": "getApplicationId",
        "arguments": "{}"
    },
    {
        "class": "com.facebook.FacebookSdk",
        "method": "getApplicationId",
        "arguments": "{}"
    },
    {
        "class": "com.facebook.FacebookSdk",
        "method": "isInitialized",
        "arguments": "{}"
    },
    {
        "class": "com.facebook.FacebookSdk",
        "method": "getClientToken",
        "arguments": "{}"
    },
    {
        "class": "com.facebook.FacebookSdk",
        "method": "isInitialized",
        "arguments": "{}"
    },
    {
        "class": "com.facebook.FacebookSdk",
        "method": "isLoggingBehaviorEnabled",
        "arguments": "{\"0\":\"<instance: com.facebook.LoggingBehavior>\"}"
    },
    {
        "class": "com.facebook.FacebookSdk",
        "method": "isLoggingBehaviorEnabled",
        "arguments": "{\"0\":\"<instance: com.facebook.LoggingBehavior>\"}"
    },
    {
        "class": "com.facebook.FacebookSdk",
        "method": "isDebugEnabled",
        "arguments": "{}"
    },
    {
        "class": "com.facebook.FacebookSdk",
        "method": "isInitialized",
        "arguments": "{}"
    },
    {
        "class": "com.google.firebase.analytics.FirebaseAnalytics",
        "method": "getInstance",
        "arguments": "{\"0\":\"<instance: android.content.Context, $className: com.sybogames.chili.SubwayApplication>\"}"
    },
    {
        "class": "com.facebook.FacebookSdk",
        "method": "getApplicationContext",
        "arguments": "{}"
    },
    {
        "class": "com.facebook.FacebookSdk",
        "method": "isLoggingBehaviorEnabled",
        "arguments": "{\"0\":\"<instance: com.facebook.LoggingBehavior>\"}"
    },
    {
        "class": "com.google.firebase.analytics.FirebaseAnalytics",
        "method": "getFirebaseInstanceId",
        "arguments": "{}"
    },
    {
        "class": "com.facebook.FacebookSdk",
        "method": "isDebugEnabled",
        "arguments": "{}"
    },
    {
        "class": "com.facebook.FacebookSdk",
        "method": "isInitialized",
        "arguments": "{}"
    },
    {
        "class": "com.facebook.FacebookSdk",
        "method": "isLoggingBehaviorEnabled",
        "arguments": "{\"0\":\"<instance: com.facebook.LoggingBehavior>\"}"
    },
    {
        "class": "com.facebook.FacebookSdk",
        "method": "isDebugEnabled",
        "arguments": "{}"
    },
    {
        "class": "com.facebook.FacebookSdk",
        "method": "getApplicationContext",
        "arguments": "{}"
    },
    {
        "class": "com.facebook.FacebookSdk",
        "method": "isLoggingBehaviorEnabled",
        "arguments": "{\"0\":\"<instance: com.facebook.LoggingBehavior>\"}"
    },
    {
        "class": "com.facebook.FacebookSdk",
        "method": "isDebugEnabled",
        "arguments": "{}"
    },
    {
        "class": "com.facebook.FacebookSdk",
        "method": "isInitialized",
        "arguments": "{}"
    },
    {
        "class": "com.facebook.FacebookSdk",
        "method": "isDebugEnabled",
        "arguments": "{}"
    },
    {
        "class": "com.facebook.FacebookSdk",
        "method": "isLoggingBehaviorEnabled",
        "arguments": "{\"0\":\"<instance: com.facebook.LoggingBehavior>\"}"
    },
    {
        "class": "com.facebook.FacebookSdk",
        "method": "isInitialized",
        "arguments": "{}"
    },
    {
        "class": "com.facebook.FacebookSdk",
        "method": "isDebugEnabled",
        "arguments": "{}"
    },
    {
        "class": "com.facebook.FacebookSdk",
        "method": "getApplicationContext",
        "arguments": "{}"
    },
    {
        "class": "com.facebook.FacebookSdk",
        "method": "isInitialized",
        "arguments": "{}"
    },
    {
        "class": "com.facebook.FacebookSdk",
        "method": "isLoggingBehaviorEnabled",
        "arguments": "{\"0\":\"<instance: com.facebook.LoggingBehavior>\"}"
    },
    {
        "class": "com.facebook.FacebookSdk",
        "method": "isLoggingBehaviorEnabled",
        "arguments": "{\"0\":\"<instance: com.facebook.LoggingBehavior>\"}"
    },
    {
        "class": "com.facebook.FacebookSdk",
        "method": "getApplicationId",
        "arguments": "{}"
    },
    {
        "class": "com.facebook.FacebookSdk",
        "method": "isDebugEnabled",
        "arguments": "{}"
    },
    {
        "class": "com.google.firebase.analytics.FirebaseAnalytics",
        "method": "getInstance",
        "arguments": "{\"0\":\"<instance: android.content.Context, $className: com.sybogames.chili.SubwayApplication>\"}"
    },
    {
        "class": "com.facebook.FacebookSdk",
        "method": "isInitialized",
        "arguments": "{}"
    },
    {
        "class": "com.facebook.FacebookSdk",
        "method": "isLoggingBehaviorEnabled",
        "arguments": "{\"0\":\"<instance: com.facebook.LoggingBehavior>\"}"
    },
    {
        "class": "com.facebook.FacebookSdk",
        "method": "isDebugEnabled",
        "arguments": "{}"
    },
    {
        "class": "com.google.firebase.analytics.FirebaseAnalytics",
        "method": "getFirebaseInstanceId",
        "arguments": "{}"
    },
    {
        "class": "com.facebook.FacebookSdk",
        "method": "getApplicationContext",
        "arguments": "{}"
    },
    {
        "class": "com.facebook.FacebookSdk",
        "method": "isDebugEnabled",
        "arguments": "{}"
    },
    {
        "class": "com.facebook.FacebookSdk",
        "method": "isLoggingBehaviorEnabled",
        "arguments": "{\"0\":\"<instance: com.facebook.LoggingBehavior>\"}"
    },
    {
        "class": "com.facebook.FacebookSdk",
        "method": "isInitialized",
        "arguments": "{}"
    },
    {
        "class": "com.facebook.FacebookSdk",
        "method": "isLoggingBehaviorEnabled",
        "arguments": "{\"0\":\"<instance: com.facebook.LoggingBehavior>\"}"
    },
    {
        "class": "com.facebook.FacebookSdk",
        "method": "getApplicationContext",
        "arguments": "{}"
    },
    {
        "class": "com.facebook.FacebookSdk",
        "method": "isDebugEnabled",
        "arguments": "{}"
    },
    {
        "class": "com.facebook.FacebookSdk",
        "method": "isInitialized",
        "arguments": "{}"
    },
    {
        "class": "com.facebook.FacebookSdk",
        "method": "getLimitEventAndDataUsage",
        "arguments": "{\"0\":\"<instance: android.content.Context, $className: com.sybogames.chili.SubwayApplication>\"}"
    },
    {
        "class": "com.facebook.FacebookSdk",
        "method": "isInitialized",
        "arguments": "{}"
    },
    {
        "class": "com.facebook.FacebookSdk",
        "method": "isDebugEnabled",
        "arguments": "{}"
    },
    {
        "class": "com.facebook.FacebookSdk",
        "method": "isLoggingBehaviorEnabled",
        "arguments": "{\"0\":\"<instance: com.facebook.LoggingBehavior>\"}"
    },
    {
        "class": "com.facebook.FacebookSdk",
        "method": "isLoggingBehaviorEnabled",
        "arguments": "{\"0\":\"<instance: com.facebook.LoggingBehavior>\"}"
    },
    {
        "class": "com.facebook.FacebookSdk",
        "method": "isDebugEnabled",
        "arguments": "{}"
    },
    {
        "class": "com.facebook.FacebookSdk",
        "method": "isLoggingBehaviorEnabled",
        "arguments": "{\"0\":\"<instance: com.facebook.LoggingBehavior>\"}"
    },
    {
        "class": "com.facebook.FacebookSdk",
        "method": "isDebugEnabled",
        "arguments": "{}"
    },
    {
        "class": "com.facebook.FacebookSdk",
        "method": "isFullyInitialized",
        "arguments": "{}"
    },
    {
        "class": "com.facebook.FacebookSdk",
        "method": "isDebugEnabled",
        "arguments": "{}"
    },
    {
        "class": "com.facebook.FacebookSdk",
        "method": "isLoggingBehaviorEnabled",
        "arguments": "{\"0\":\"<instance: com.facebook.LoggingBehavior>\"}"
    },
    {
        "class": "com.facebook.FacebookSdk",
        "method": "isDebugEnabled",
        "arguments": "{}"
    },
    {
        "class": "com.facebook.FacebookSdk",
        "method": "isLoggingBehaviorEnabled",
        "arguments": "{\"0\":\"<instance: com.facebook.LoggingBehavior>\"}"
    },
    {
        "class": "com.facebook.FacebookSdk",
        "method": "isDebugEnabled",
        "arguments": "{}"
    },
    {
        "class": "com.facebook.FacebookSdk",
        "method": "isFullyInitialized",
        "arguments": "{}"
    },
    {
        "class": "com.google.firebase.analytics.FirebaseAnalytics",
        "method": "getInstance",
        "arguments": "{\"0\":\"<instance: android.content.Context, $className: com.sybogames.chili.SubwayApplication>\"}"
    },
    {
        "class": "com.google.firebase.analytics.FirebaseAnalytics",
        "method": "getFirebaseInstanceId",
        "arguments": "{}"
    },
    {
        "class": "com.facebook.FacebookSdk",
        "method": "isLoggingBehaviorEnabled",
        "arguments": "{\"0\":\"<instance: com.facebook.LoggingBehavior>\"}"
    },
    {
        "class": "com.facebook.FacebookSdk",
        "method": "isDebugEnabled",
        "arguments": "{}"
    },
    {
        "class": "com.facebook.FacebookSdk",
        "method": "isLoggingBehaviorEnabled",
        "arguments": "{\"0\":\"<instance: com.facebook.LoggingBehavior>\"}"
    },
    {
        "class": "com.facebook.FacebookSdk",
        "method": "isDebugEnabled",
        "arguments": "{}"
    },
    {
        "class": "com.facebook.FacebookSdk",
        "method": "getApplicationId",
        "arguments": "{}"
    },
    {
        "class": "com.facebook.FacebookSdk",
        "method": "isInitialized",
        "arguments": "{}"
    },
    {
        "class": "com.facebook.FacebookSdk",
        "method": "getApplicationId",
        "arguments": "{}"
    },
    {
        "class": "com.facebook.FacebookSdk",
        "method": "isInitialized",
        "arguments": "{}"
    },
    {
        "class": "com.facebook.FacebookSdk",
        "method": "isLoggingBehaviorEnabled",
        "arguments": "{\"0\":\"<instance: com.facebook.LoggingBehavior>\"}"
    },
    {
        "class": "com.facebook.FacebookSdk",
        "method": "isDebugEnabled",
        "arguments": "{}"
    },
    {
        "class": "com.facebook.FacebookSdk",
        "method": "isLoggingBehaviorEnabled",
        "arguments": "{\"0\":\"<instance: com.facebook.LoggingBehavior>\"}"
    },
    {
        "class": "com.facebook.FacebookSdk",
        "method": "isDebugEnabled",
        "arguments": "{}"
    },
    {
        "class": "com.facebook.FacebookSdk",
        "method": "isLoggingBehaviorEnabled",
        "arguments": "{\"0\":\"<instance: com.facebook.LoggingBehavior>\"}"
    },
    {
        "class": "com.facebook.FacebookSdk",
        "method": "isLoggingBehaviorEnabled",
        "arguments": "{\"0\":\"<instance: com.facebook.LoggingBehavior>\"}"
    },
    {
        "class": "com.facebook.FacebookSdk",
        "method": "isDebugEnabled",
        "arguments": "{}"
    },
    {
        "class": "com.facebook.FacebookSdk",
        "method": "isDebugEnabled",
        "arguments": "{}"
    },
    {
        "class": "com.facebook.FacebookSdk",
        "method": "getSdkVersion",
        "arguments": "{}"
    },
    {
        "class": "com.facebook.FacebookSdk",
        "method": "isLoggingBehaviorEnabled",
        "arguments": "{\"0\":\"<instance: com.facebook.LoggingBehavior>\"}"
    },
    {
        "class": "com.facebook.FacebookSdk",
        "method": "isDebugEnabled",
        "arguments": "{}"
    },
    {
        "class": "com.facebook.FacebookSdk",
        "method": "isLoggingBehaviorEnabled",
        "arguments": "{\"0\":\"<instance: com.facebook.LoggingBehavior>\"}"
    },
    {
        "class": "com.facebook.FacebookSdk",
        "method": "getApplicationContext",
        "arguments": "{}"
    },
    {
        "class": "com.facebook.FacebookSdk",
        "method": "isDebugEnabled",
        "arguments": "{}"
    },
    {
        "class": "com.facebook.FacebookSdk",
        "method": "getGraphApiVersion",
        "arguments": "{}"
    },
    {
        "class": "com.facebook.FacebookSdk",
        "method": "isInitialized",
        "arguments": "{}"
    },
    {
        "class": "com.facebook.FacebookSdk",
        "method": "isDebugEnabled",
        "arguments": "{}"
    },
    {
        "class": "com.facebook.FacebookSdk",
        "method": "getGraphDomain",
        "arguments": "{}"
    },
    {
        "class": "com.facebook.FacebookSdk",
        "method": "getApplicationId",
        "arguments": "{}"
    },
    {
        "class": "com.facebook.FacebookSdk",
        "method": "getFacebookDomain",
        "arguments": "{}"
    },
    {
        "class": "com.facebook.FacebookSdk",
        "method": "isInitialized",
        "arguments": "{}"
    },
    {
        "class": "com.facebook.FacebookSdk",
        "method": "getGraphDomain",
        "arguments": "{}"
    },
    {
        "class": "com.facebook.FacebookSdk",
        "method": "getApplicationId",
        "arguments": "{}"
    },
    {
        "class": "com.facebook.FacebookSdk",
        "method": "getFacebookDomain",
        "arguments": "{}"
    },
    {
        "class": "com.facebook.FacebookSdk",
        "method": "isInitialized",
        "arguments": "{}"
    },
    {
        "class": "com.facebook.FacebookSdk",
        "method": "getApplicationId",
        "arguments": "{}"
    },
    {
        "class": "com.facebook.FacebookSdk",
        "method": "a",
        "arguments": "{\"0\":true}"
    },
    {
        "class": "com.facebook.FacebookSdk",
        "method": "isInitialized",
        "arguments": "{}"
    },
    {
        "class": "com.facebook.FacebookSdk",
        "method": "sdkInitialize$lambda-4",
        "arguments": "{\"0\":true}"
    },
    {
        "class": "com.facebook.FacebookSdk",
        "method": "getClientToken",
        "arguments": "{}"
    },
    {
        "class": "com.facebook.FacebookSdk",
        "method": "getAutoLogAppEventsEnabled",
        "arguments": "{}"
    },
    {
        "class": "com.facebook.FacebookSdk",
        "method": "isInitialized",
        "arguments": "{}"
    },
    {
        "class": "com.facebook.FacebookSdk",
        "method": "isInitialized",
        "arguments": "{}"
    },
    {
        "class": "com.facebook.FacebookSdk",
        "method": "getApplicationContext",
        "arguments": "{}"
    },
    {
        "class": "com.facebook.FacebookSdk",
        "method": "getGraphDomain",
        "arguments": "{}"
    },
    {
        "class": "com.facebook.FacebookSdk",
        "method": "isInitialized",
        "arguments": "{}"
    },
    {
        "class": "com.facebook.FacebookSdk",
        "method": "getApplicationId",
        "arguments": "{}"
    },
    {
        "class": "com.facebook.FacebookSdk",
        "method": "getFacebookDomain",
        "arguments": "{}"
    },
    {
        "class": "com.facebook.FacebookSdk",
        "method": "getApplicationId",
        "arguments": "{}"
    },
    {
        "class": "com.facebook.FacebookSdk",
        "method": "isInitialized",
        "arguments": "{}"
    },
    {
        "class": "com.facebook.FacebookSdk",
        "method": "isInitialized",
        "arguments": "{}"
    },
    {
        "class": "com.facebook.FacebookSdk",
        "method": "getApplicationContext",
        "arguments": "{}"
    },
    {
        "class": "com.facebook.FacebookSdk",
        "method": "isInitialized",
        "arguments": "{}"
    },
    {
        "class": "com.facebook.FacebookSdk",
        "method": "getApplicationContext",
        "arguments": "{}"
    },
    {
        "class": "com.facebook.FacebookSdk",
        "method": "getClientToken",
        "arguments": "{}"
    },
    {
        "class": "com.facebook.FacebookSdk",
        "method": "isInitialized",
        "arguments": "{}"
    },
    {
        "class": "com.facebook.FacebookSdk",
        "method": "getApplicationId",
        "arguments": "{}"
    },
    {
        "class": "com.facebook.FacebookSdk",
        "method": "isInitialized",
        "arguments": "{}"
    },
    {
        "class": "com.facebook.FacebookSdk",
        "method": "isInitialized",
        "arguments": "{}"
    },
    {
        "class": "com.facebook.FacebookSdk",
        "method": "isLoggingBehaviorEnabled",
        "arguments": "{\"0\":\"<instance: com.facebook.LoggingBehavior>\"}"
    },
    {
        "class": "com.facebook.FacebookSdk",
        "method": "getApplicationId",
        "arguments": "{}"
    },
    {
        "class": "com.facebook.FacebookSdk",
        "method": "isDebugEnabled",
        "arguments": "{}"
    },
    {
        "class": "com.facebook.FacebookSdk",
        "method": "isInitialized",
        "arguments": "{}"
    },
    {
        "class": "com.facebook.FacebookSdk",
        "method": "e",
        "arguments": "{\"0\":true}"
    },
    {
        "class": "com.facebook.FacebookSdk",
        "method": "isLoggingBehaviorEnabled",
        "arguments": "{\"0\":\"<instance: com.facebook.LoggingBehavior>\"}"
    },
    {
        "class": "com.facebook.FacebookSdk",
        "method": "sdkInitialize$lambda-5",
        "arguments": "{\"0\":true}"
    },
    {
        "class": "com.facebook.FacebookSdk",
        "method": "isDebugEnabled",
        "arguments": "{}"
    },
    {
        "class": "com.facebook.FacebookSdk",
        "method": "getApplicationContext",
        "arguments": "{}"
    },
    {
        "class": "com.facebook.FacebookSdk",
        "method": "isLoggingBehaviorEnabled",
        "arguments": "{\"0\":\"<instance: com.facebook.LoggingBehavior>\"}"
    },
    {
        "class": "com.facebook.FacebookSdk",
        "method": "isInitialized",
        "arguments": "{}"
    },
    {
        "class": "com.facebook.FacebookSdk",
        "method": "isDebugEnabled",
        "arguments": "{}"
    },
    {
        "class": "com.facebook.FacebookSdk",
        "method": "getApplicationId",
        "arguments": "{}"
    },
    {
        "class": "com.facebook.FacebookSdk",
        "method": "isLoggingBehaviorEnabled",
        "arguments": "{\"0\":\"<instance: com.facebook.LoggingBehavior>\"}"
    },
    {
        "class": "com.facebook.FacebookSdk",
        "method": "isInitialized",
        "arguments": "{}"
    },
    {
        "class": "com.facebook.FacebookSdk",
        "method": "isDebugEnabled",
        "arguments": "{}"
    },
    {
        "class": "com.facebook.FacebookSdk",
        "method": "getApplicationId",
        "arguments": "{}"
    },
    {
        "class": "com.facebook.FacebookSdk",
        "method": "isLoggingBehaviorEnabled",
        "arguments": "{\"0\":\"<instance: com.facebook.LoggingBehavior>\"}"
    },
    {
        "class": "com.facebook.FacebookSdk",
        "method": "isInitialized",
        "arguments": "{}"
    },
    {
        "class": "com.facebook.FacebookSdk",
        "method": "isDebugEnabled",
        "arguments": "{}"
    },
    {
        "class": "com.facebook.FacebookSdk",
        "method": "getApplicationContext",
        "arguments": "{}"
    },
    {
        "class": "com.facebook.FacebookSdk",
        "method": "isInitialized",
        "arguments": "{}"
    },
    {
        "class": "com.facebook.FacebookSdk",
        "method": "isLoggingBehaviorEnabled",
        "arguments": "{\"0\":\"<instance: com.facebook.LoggingBehavior>\"}"
    },
    {
        "class": "com.facebook.FacebookSdk",
        "method": "getApplicationContext",
        "arguments": "{}"
    },
    {
        "class": "com.facebook.FacebookSdk",
        "method": "isDebugEnabled",
        "arguments": "{}"
    },
    {
        "class": "com.facebook.FacebookSdk",
        "method": "isInitialized",
        "arguments": "{}"
    },
    {
        "class": "com.facebook.FacebookSdk",
        "method": "isLoggingBehaviorEnabled",
        "arguments": "{\"0\":\"<instance: com.facebook.LoggingBehavior>\"}"
    },
    {
        "class": "com.facebook.FacebookSdk",
        "method": "getApplicationId",
        "arguments": "{}"
    },
    {
        "class": "com.facebook.FacebookSdk",
        "method": "isDebugEnabled",
        "arguments": "{}"
    },
    {
        "class": "com.facebook.FacebookSdk",
        "method": "isInitialized",
        "arguments": "{}"
    },
    {
        "class": "com.facebook.FacebookSdk",
        "method": "isLoggingBehaviorEnabled",
        "arguments": "{\"0\":\"<instance: com.facebook.LoggingBehavior>\"}"
    },
    {
        "class": "com.facebook.FacebookSdk",
        "method": "getApplicationId",
        "arguments": "{}"
    },
    {
        "class": "com.facebook.FacebookSdk",
        "method": "isDebugEnabled",
        "arguments": "{}"
    },
    {
        "class": "com.facebook.FacebookSdk",
        "method": "isInitialized",
        "arguments": "{}"
    },
    {
        "class": "com.facebook.FacebookSdk",
        "method": "isLoggingBehaviorEnabled",
        "arguments": "{\"0\":\"<instance: com.facebook.LoggingBehavior>\"}"
    },
    {
        "class": "com.facebook.FacebookSdk",
        "method": "getApplicationId",
        "arguments": "{}"
    },
    {
        "class": "com.facebook.FacebookSdk",
        "method": "isDebugEnabled",
        "arguments": "{}"
    },
    {
        "class": "com.facebook.FacebookSdk",
        "method": "isInitialized",
        "arguments": "{}"
    },
    {
        "class": "com.facebook.FacebookSdk",
        "method": "isFullyInitialized",
        "arguments": "{}"
    },
    {
        "class": "com.facebook.FacebookSdk",
        "method": "getApplicationId",
        "arguments": "{}"
    },
    {
        "class": "com.facebook.FacebookSdk",
        "method": "isInitialized",
        "arguments": "{}"
    },
    {
        "class": "com.facebook.FacebookSdk",
        "method": "g",
        "arguments": "{\"0\":false}"
    },
    {
        "class": "com.facebook.FacebookSdk",
        "method": "sdkInitialize$lambda-6",
        "arguments": "{\"0\":false}"
    },
    {
        "class": "com.facebook.FacebookSdk",
        "method": "getApplicationContext",
        "arguments": "{}"
    },
    {
        "class": "com.facebook.FacebookSdk",
        "method": "isInitialized",
        "arguments": "{}"
    },
    {
        "class": "com.facebook.FacebookSdk",
        "method": "getApplicationContext",
        "arguments": "{}"
    },
    {
        "class": "com.facebook.FacebookSdk",
        "method": "isInitialized",
        "arguments": "{}"
    },
    {
        "class": "com.facebook.FacebookSdk",
        "method": "getApplicationId",
        "arguments": "{}"
    },
    {
        "class": "com.facebook.FacebookSdk",
        "method": "isInitialized",
        "arguments": "{}"
    },
    {
        "class": "com.facebook.FacebookSdk",
        "method": "getApplicationId",
        "arguments": "{}"
    },
    {
        "class": "com.facebook.FacebookSdk",
        "method": "isInitialized",
        "arguments": "{}"
    },
    {
        "class": "com.facebook.FacebookSdk",
        "method": "getApplicationId",
        "arguments": "{}"
    },
    {
        "class": "com.facebook.FacebookSdk",
        "method": "isInitialized",
        "arguments": "{}"
    },
    {
        "class": "com.facebook.FacebookSdk",
        "method": "getApplicationId",
        "arguments": "{}"
    },
    {
        "class": "com.facebook.FacebookSdk",
        "method": "isInitialized",
        "arguments": "{}"
    },
    {
        "class": "com.facebook.FacebookSdk",
        "method": "b",
        "arguments": "{\"0\":false}"
    },
    {
        "class": "com.facebook.FacebookSdk",
        "method": "sdkInitialize$lambda-7",
        "arguments": "{\"0\":false}"
    },
    {
        "class": "com.facebook.FacebookSdk",
        "method": "getApplicationContext",
        "arguments": "{}"
    },
    {
        "class": "com.facebook.FacebookSdk",
        "method": "isInitialized",
        "arguments": "{}"
    },
    {
        "class": "com.facebook.FacebookSdk",
        "method": "getApplicationContext",
        "arguments": "{}"
    },
    {
        "class": "com.facebook.FacebookSdk",
        "method": "isInitialized",
        "arguments": "{}"
    },
    {
        "class": "com.facebook.FacebookSdk",
        "method": "getApplicationId",
        "arguments": "{}"
    },
    {
        "class": "com.facebook.FacebookSdk",
        "method": "isInitialized",
        "arguments": "{}"
    },
    {
        "class": "com.facebook.FacebookSdk",
        "method": "getApplicationId",
        "arguments": "{}"
    },
    {
        "class": "com.facebook.FacebookSdk",
        "method": "isInitialized",
        "arguments": "{}"
    },
    {
        "class": "com.facebook.FacebookSdk",
        "method": "getApplicationId",
        "arguments": "{}"
    },
    {
        "class": "com.facebook.FacebookSdk",
        "method": "isInitialized",
        "arguments": "{}"
    },
    {
        "class": "com.facebook.FacebookSdk",
        "method": "getApplicationId",
        "arguments": "{}"
    },
    {
        "class": "com.facebook.FacebookSdk",
        "method": "isInitialized",
        "arguments": "{}"
    },
    {
        "class": "com.facebook.FacebookSdk",
        "method": "c",
        "arguments": "{\"0\":false}"
    },
    {
        "class": "com.facebook.FacebookSdk",
        "method": "sdkInitialize$lambda-8",
        "arguments": "{\"0\":false}"
    },
    {
        "class": "com.facebook.FacebookSdk",
        "method": "getApplicationId",
        "arguments": "{}"
    },
    {
        "class": "com.facebook.FacebookSdk",
        "method": "isInitialized",
        "arguments": "{}"
    },
    {
        "class": "com.facebook.FacebookSdk",
        "method": "getApplicationId",
        "arguments": "{}"
    },
    {
        "class": "com.facebook.FacebookSdk",
        "method": "isInitialized",
        "arguments": "{}"
    },
    {
        "class": "com.facebook.FacebookSdk",
        "method": "getApplicationId",
        "arguments": "{}"
    },
    {
        "class": "com.facebook.FacebookSdk",
        "method": "isInitialized",
        "arguments": "{}"
    },
    {
        "class": "com.facebook.FacebookSdk",
        "method": "getApplicationId",
        "arguments": "{}"
    },
    {
        "class": "com.facebook.FacebookSdk",
        "method": "isInitialized",
        "arguments": "{}"
    },
    {
        "class": "com.facebook.FacebookSdk",
        "method": "getApplicationId",
        "arguments": "{}"
    },
    {
        "class": "com.facebook.FacebookSdk",
        "method": "isInitialized",
        "arguments": "{}"
    },
    {
        "class": "com.facebook.FacebookSdk",
        "method": "getApplicationId",
        "arguments": "{}"
    },
    {
        "class": "com.facebook.FacebookSdk",
        "method": "isInitialized",
        "arguments": "{}"
    },
    {
        "class": "com.facebook.FacebookSdk",
        "method": "getApplicationId",
        "arguments": "{}"
    },
    {
        "class": "com.facebook.FacebookSdk",
        "method": "isInitialized",
        "arguments": "{}"
    },
    {
        "class": "com.facebook.FacebookSdk",
        "method": "getApplicationId",
        "arguments": "{}"
    },
    {
        "class": "com.facebook.FacebookSdk",
        "method": "isInitialized",
        "arguments": "{}"
    },
    {
        "class": "com.facebook.FacebookSdk",
        "method": "isLoggingBehaviorEnabled",
        "arguments": "{\"0\":\"<instance: com.facebook.LoggingBehavior>\"}"
    },
    {
        "class": "com.facebook.FacebookSdk",
        "method": "isDebugEnabled",
        "arguments": "{}"
    },
    {
        "class": "com.facebook.FacebookSdk",
        "method": "getApplicationContext",
        "arguments": "{}"
    },
    {
        "class": "com.facebook.FacebookSdk",
        "method": "isInitialized",
        "arguments": "{}"
    },
    {
        "class": "com.facebook.FacebookSdk",
        "method": "getApplicationContext",
        "arguments": "{}"
    },
    {
        "class": "com.facebook.FacebookSdk",
        "method": "isInitialized",
        "arguments": "{}"
    },
    {
        "class": "com.facebook.FacebookSdk",
        "method": "getApplicationId",
        "arguments": "{}"
    },
    {
        "class": "com.facebook.FacebookSdk",
        "method": "isInitialized",
        "arguments": "{}"
    },
    {
        "class": "com.facebook.FacebookSdk",
        "method": "getApplicationId",
        "arguments": "{}"
    },
    {
        "class": "com.facebook.FacebookSdk",
        "method": "isInitialized",
        "arguments": "{}"
    },
    {
        "class": "com.facebook.FacebookSdk",
        "method": "getApplicationId",
        "arguments": "{}"
    },
    {
        "class": "com.facebook.FacebookSdk",
        "method": "isLoggingBehaviorEnabled",
        "arguments": "{\"0\":\"<instance: com.facebook.LoggingBehavior>\"}"
    },
    {
        "class": "com.facebook.FacebookSdk",
        "method": "isInitialized",
        "arguments": "{}"
    },
    {
        "class": "com.facebook.FacebookSdk",
        "method": "isDebugEnabled",
        "arguments": "{}"
    },
    {
        "class": "com.facebook.FacebookSdk",
        "method": "getApplicationContext",
        "arguments": "{}"
    },
    {
        "class": "com.facebook.FacebookSdk",
        "method": "getApplicationId",
        "arguments": "{}"
    },
    {
        "class": "com.facebook.FacebookSdk",
        "method": "isInitialized",
        "arguments": "{}"
    },
    {
        "class": "com.facebook.FacebookSdk",
        "method": "isInitialized",
        "arguments": "{}"
    },
    {
        "class": "com.facebook.FacebookSdk",
        "method": "getExecutor",
        "arguments": "{}"
    },
    {
        "class": "com.facebook.FacebookSdk",
        "method": "getApplicationContext",
        "arguments": "{}"
    },
    {
        "class": "com.facebook.FacebookSdk",
        "method": "getApplicationContext",
        "arguments": "{}"
    },
    {
        "class": "com.facebook.FacebookSdk",
        "method": "isInitialized",
        "arguments": "{}"
    },
    {
        "class": "com.facebook.FacebookSdk",
        "method": "isInitialized",
        "arguments": "{}"
    },
    {
        "class": "com.facebook.FacebookSdk",
        "method": "getApplicationContext",
        "arguments": "{}"
    },
    {
        "class": "com.facebook.FacebookSdk",
        "method": "isInitialized",
        "arguments": "{}"
    },
    {
        "class": "com.facebook.FacebookSdk",
        "method": "getApplicationId",
        "arguments": "{}"
    },
    {
        "class": "com.facebook.FacebookSdk",
        "method": "isInitialized",
        "arguments": "{}"
    },
    {
        "class": "com.facebook.FacebookSdk",
        "method": "getApplicationContext",
        "arguments": "{}"
    },
    {
        "class": "com.facebook.FacebookSdk",
        "method": "isInitialized",
        "arguments": "{}"
    },
    {
        "class": "com.facebook.FacebookSdk",
        "method": "getApplicationId",
        "arguments": "{}"
    },
    {
        "class": "com.facebook.FacebookSdk",
        "method": "isInitialized",
        "arguments": "{}"
    },
    {
        "class": "com.facebook.FacebookSdk",
        "method": "isInitialized",
        "arguments": "{}"
    },
    {
        "class": "com.facebook.FacebookSdk",
        "method": "getApplicationContext",
        "arguments": "{}"
    },
    {
        "class": "com.facebook.FacebookSdk",
        "method": "isInitialized",
        "arguments": "{}"
    },
    {
        "class": "com.facebook.FacebookSdk",
        "method": "getApplicationId",
        "arguments": "{}"
    },
    {
        "class": "com.facebook.FacebookSdk",
        "method": "getApplicationId",
        "arguments": "{}"
    },
    {
        "class": "com.facebook.FacebookSdk",
        "method": "isInitialized",
        "arguments": "{}"
    },
    {
        "class": "com.facebook.FacebookSdk",
        "method": "isInitialized",
        "arguments": "{}"
    },
    {
        "class": "com.facebook.FacebookSdk",
        "method": "getApplicationId",
        "arguments": "{}"
    },
    {
        "class": "com.facebook.FacebookSdk",
        "method": "getApplicationContext",
        "arguments": "{}"
    },
    {
        "class": "com.facebook.FacebookSdk",
        "method": "isInitialized",
        "arguments": "{}"
    },
    {
        "class": "com.facebook.FacebookSdk",
        "method": "isInitialized",
        "arguments": "{}"
    },
    {
        "class": "com.facebook.FacebookSdk",
        "method": "getApplicationId",
        "arguments": "{}"
    },
    {
        "class": "com.facebook.FacebookSdk",
        "method": "isInitialized",
        "arguments": "{}"
    },
    {
        "class": "com.facebook.FacebookSdk",
        "method": "getApplicationId",
        "arguments": "{}"
    },
    {
        "class": "com.facebook.FacebookSdk",
        "method": "getAutoLogAppEventsEnabled",
        "arguments": "{}"
    },
    {
        "class": "com.facebook.FacebookSdk",
        "method": "isInitialized",
        "arguments": "{}"
    },
    {
        "class": "com.facebook.FacebookSdk",
        "method": "isInitialized",
        "arguments": "{}"
    },
    {
        "class": "com.facebook.FacebookSdk",
        "method": "getApplicationContext",
        "arguments": "{}"
    },
    {
        "class": "com.facebook.FacebookSdk",
        "method": "isInitialized",
        "arguments": "{}"
    },
    {
        "class": "com.facebook.FacebookSdk",
        "method": "getApplicationContext",
        "arguments": "{}"
    },
    {
        "class": "com.facebook.FacebookSdk",
        "method": "getApplicationId",
        "arguments": "{}"
    },
    {
        "class": "com.facebook.FacebookSdk",
        "method": "isInitialized",
        "arguments": "{}"
    },
    {
        "class": "com.facebook.FacebookSdk",
        "method": "isInitialized",
        "arguments": "{}"
    },
    {
        "class": "com.facebook.FacebookSdk",
        "method": "getApplicationContext",
        "arguments": "{}"
    },
    {
        "class": "com.facebook.FacebookSdk",
        "method": "isInitialized",
        "arguments": "{}"
    },
    {
        "class": "com.facebook.FacebookSdk",
        "method": "getApplicationContext",
        "arguments": "{}"
    },
    {
        "class": "com.facebook.FacebookSdk",
        "method": "getApplicationId",
        "arguments": "{}"
    },
    {
        "class": "com.facebook.FacebookSdk",
        "method": "isInitialized",
        "arguments": "{}"
    },
    {
        "class": "com.facebook.FacebookSdk",
        "method": "isInitialized",
        "arguments": "{}"
    },
    {
        "class": "com.facebook.FacebookSdk",
        "method": "getApplicationId",
        "arguments": "{}"
    },
    {
        "class": "com.facebook.FacebookSdk",
        "method": "getApplicationId",
        "arguments": "{}"
    },
    {
        "class": "com.facebook.FacebookSdk",
        "method": "isInitialized",
        "arguments": "{}"
    },
    {
        "class": "com.facebook.FacebookSdk",
        "method": "isInitialized",
        "arguments": "{}"
    },
    {
        "class": "com.facebook.FacebookSdk",
        "method": "getApplicationId",
        "arguments": "{}"
    },
    {
        "class": "com.facebook.FacebookSdk",
        "method": "isInitialized",
        "arguments": "{}"
    },
    {
        "class": "com.facebook.FacebookSdk",
        "method": "getApplicationId",
        "arguments": "{}"
    },
    {
        "class": "com.facebook.FacebookSdk",
        "method": "isInitialized",
        "arguments": "{}"
    },
    {
        "class": "com.facebook.FacebookSdk",
        "method": "getExecutor",
        "arguments": "{}"
    },
    {
        "class": "com.facebook.FacebookSdk",
        "method": "getApplicationContext",
        "arguments": "{}"
    },
    {
        "class": "com.facebook.FacebookSdk",
        "method": "getApplicationContext",
        "arguments": "{}"
    },
    {
        "class": "com.facebook.FacebookSdk",
        "method": "isInitialized",
        "arguments": "{}"
    },
    {
        "class": "com.facebook.FacebookSdk",
        "method": "isInitialized",
        "arguments": "{}"
    },
    {
        "class": "com.facebook.FacebookSdk",
        "method": "getApplicationContext",
        "arguments": "{}"
    },
    {
        "class": "com.facebook.FacebookSdk",
        "method": "getApplicationContext",
        "arguments": "{}"
    },
    {
        "class": "com.facebook.FacebookSdk",
        "method": "isInitialized",
        "arguments": "{}"
    },
    {
        "class": "com.facebook.FacebookSdk",
        "method": "isInitialized",
        "arguments": "{}"
    },
    {
        "class": "com.facebook.FacebookSdk",
        "method": "getApplicationContext",
        "arguments": "{}"
    },
    {
        "class": "com.facebook.FacebookSdk",
        "method": "getApplicationId",
        "arguments": "{}"
    },
    {
        "class": "com.facebook.FacebookSdk",
        "method": "isInitialized",
        "arguments": "{}"
    },
    {
        "class": "com.facebook.FacebookSdk",
        "method": "getApplicationId",
        "arguments": "{}"
    },
    {
        "class": "com.facebook.FacebookSdk",
        "method": "isInitialized",
        "arguments": "{}"
    },
    {
        "class": "com.facebook.FacebookSdk",
        "method": "isInitialized",
        "arguments": "{}"
    },
    {
        "class": "com.facebook.FacebookSdk",
        "method": "getApplicationContext",
        "arguments": "{}"
    },
    {
        "class": "com.facebook.FacebookSdk",
        "method": "getApplicationId",
        "arguments": "{}"
    },
    {
        "class": "com.facebook.FacebookSdk",
        "method": "isInitialized",
        "arguments": "{}"
    },
    {
        "class": "com.facebook.FacebookSdk",
        "method": "getApplicationId",
        "arguments": "{}"
    },
    {
        "class": "com.facebook.FacebookSdk",
        "method": "isInitialized",
        "arguments": "{}"
    },
    {
        "class": "com.facebook.FacebookSdk",
        "method": "isInitialized",
        "arguments": "{}"
    },
    {
        "class": "com.facebook.FacebookSdk",
        "method": "getApplicationId",
        "arguments": "{}"
    },
    {
        "class": "com.facebook.FacebookSdk",
        "method": "isInitialized",
        "arguments": "{}"
    },
    {
        "class": "com.facebook.FacebookSdk",
        "method": "getApplicationId",
        "arguments": "{}"
    },
    {
        "class": "com.facebook.FacebookSdk",
        "method": "getApplicationId",
        "arguments": "{}"
    },
    {
        "class": "com.facebook.FacebookSdk",
        "method": "isInitialized",
        "arguments": "{}"
    },
    {
        "class": "com.facebook.FacebookSdk",
        "method": "isInitialized",
        "arguments": "{}"
    },
    {
        "class": "com.facebook.FacebookSdk",
        "method": "getApplicationId",
        "arguments": "{}"
    },
    {
        "class": "com.facebook.FacebookSdk",
        "method": "getApplicationContext",
        "arguments": "{}"
    },
    {
        "class": "com.facebook.FacebookSdk",
        "method": "isInitialized",
        "arguments": "{}"
    },
    {
        "class": "com.facebook.FacebookSdk",
        "method": "getApplicationId",
        "arguments": "{}"
    },
    {
        "class": "com.facebook.FacebookSdk",
        "method": "isInitialized",
        "arguments": "{}"
    },
    {
        "class": "com.facebook.FacebookSdk",
        "method": "getApplicationContext",
        "arguments": "{}"
    },
    {
        "class": "com.facebook.FacebookSdk",
        "method": "isInitialized",
        "arguments": "{}"
    },
    {
        "class": "com.facebook.FacebookSdk",
        "method": "isInitialized",
        "arguments": "{}"
    },
    {
        "class": "com.facebook.FacebookSdk",
        "method": "getApplicationId",
        "arguments": "{}"
    },
    {
        "class": "com.facebook.FacebookSdk",
        "method": "getApplicationId",
        "arguments": "{}"
    },
    {
        "class": "com.facebook.FacebookSdk",
        "method": "isInitialized",
        "arguments": "{}"
    },
    {
        "class": "com.facebook.FacebookSdk",
        "method": "isInitialized",
        "arguments": "{}"
    },
    {
        "class": "com.facebook.FacebookSdk",
        "method": "getApplicationId",
        "arguments": "{}"
    },
    {
        "class": "com.facebook.FacebookSdk",
        "method": "isInitialized",
        "arguments": "{}"
    },
    {
        "class": "com.facebook.FacebookSdk",
        "method": "getApplicationId",
        "arguments": "{}"
    },
    {
        "class": "com.facebook.FacebookSdk",
        "method": "isLoggingBehaviorEnabled",
        "arguments": "{\"0\":\"<instance: com.facebook.LoggingBehavior>\"}"
    },
    {
        "class": "com.facebook.FacebookSdk",
        "method": "isInitialized",
        "arguments": "{}"
    },
    {
        "class": "com.facebook.FacebookSdk",
        "method": "isDebugEnabled",
        "arguments": "{}"
    },
    {
        "class": "com.facebook.FacebookSdk",
        "method": "isLoggingBehaviorEnabled",
        "arguments": "{\"0\":\"<instance: com.facebook.LoggingBehavior>\"}"
    },
    {
        "class": "com.facebook.FacebookSdk",
        "method": "getApplicationId",
        "arguments": "{}"
    },
    {
        "class": "com.facebook.FacebookSdk",
        "method": "isInitialized",
        "arguments": "{}"
    },
    {
        "class": "com.facebook.FacebookSdk",
        "method": "isDebugEnabled",
        "arguments": "{}"
    },
    {
        "class": "com.facebook.FacebookSdk",
        "method": "getApplicationId",
        "arguments": "{}"
    },
    {
        "class": "com.facebook.FacebookSdk",
        "method": "getGraphApiVersion",
        "arguments": "{}"
    },
    {
        "class": "com.facebook.FacebookSdk",
        "method": "isDebugEnabled",
        "arguments": "{}"
    },
    {
        "class": "com.facebook.FacebookSdk",
        "method": "isInitialized",
        "arguments": "{}"
    },
    {
        "class": "com.facebook.FacebookSdk",
        "method": "getGraphDomain",
        "arguments": "{}"
    },
    {
        "class": "com.facebook.FacebookSdk",
        "method": "getApplicationContext",
        "arguments": "{}"
    },
    {
        "class": "com.facebook.FacebookSdk",
        "method": "isInitialized",
        "arguments": "{}"
    },
    {
        "class": "com.facebook.FacebookSdk",
        "method": "getFacebookDomain",
        "arguments": "{}"
    },
    {
        "class": "com.facebook.FacebookSdk",
        "method": "getGraphDomain",
        "arguments": "{}"
    },
    {
        "class": "com.facebook.FacebookSdk",
        "method": "getApplicationContext",
        "arguments": "{}"
    },
    {
        "class": "com.facebook.FacebookSdk",
        "method": "getFacebookDomain",
        "arguments": "{}"
    },
    {
        "class": "com.facebook.FacebookSdk",
        "method": "getApplicationId",
        "arguments": "{}"
    },
    {
        "class": "com.facebook.FacebookSdk",
        "method": "isInitialized",
        "arguments": "{}"
    },
    {
        "class": "com.facebook.FacebookSdk",
        "method": "isInitialized",
        "arguments": "{}"
    },
    {
        "class": "com.facebook.FacebookSdk",
        "method": "getApplicationContext",
        "arguments": "{}"
    },
    {
        "class": "com.facebook.FacebookSdk",
        "method": "isInitialized",
        "arguments": "{}"
    },
    {
        "class": "com.facebook.FacebookSdk",
        "method": "getClientToken",
        "arguments": "{}"
    },
    {
        "class": "com.facebook.FacebookSdk",
        "method": "getApplicationContext",
        "arguments": "{}"
    },
    {
        "class": "com.facebook.FacebookSdk",
        "method": "isInitialized",
        "arguments": "{}"
    },
    {
        "class": "com.facebook.FacebookSdk",
        "method": "isInitialized",
        "arguments": "{}"
    },
    {
        "class": "com.facebook.FacebookSdk",
        "method": "getGraphDomain",
        "arguments": "{}"
    },
    {
        "class": "com.facebook.FacebookSdk",
        "method": "getFacebookDomain",
        "arguments": "{}"
    },
    {
        "class": "com.facebook.FacebookSdk",
        "method": "getApplicationId",
        "arguments": "{}"
    },
    {
        "class": "com.facebook.FacebookSdk",
        "method": "getApplicationId",
        "arguments": "{}"
    },
    {
        "class": "com.facebook.FacebookSdk",
        "method": "isInitialized",
        "arguments": "{}"
    },
    {
        "class": "com.facebook.FacebookSdk",
        "method": "isInitialized",
        "arguments": "{}"
    },
    {
        "class": "com.facebook.FacebookSdk",
        "method": "getApplicationId",
        "arguments": "{}"
    },
    {
        "class": "com.facebook.FacebookSdk",
        "method": "getClientToken",
        "arguments": "{}"
    },
    {
        "class": "com.facebook.FacebookSdk",
        "method": "isInitialized",
        "arguments": "{}"
    },
    {
        "class": "com.facebook.FacebookSdk",
        "method": "isInitialized",
        "arguments": "{}"
    },
    {
        "class": "com.facebook.FacebookSdk",
        "method": "getApplicationId",
        "arguments": "{}"
    },
    {
        "class": "com.facebook.FacebookSdk",
        "method": "isLoggingBehaviorEnabled",
        "arguments": "{\"0\":\"<instance: com.facebook.LoggingBehavior>\"}"
    },
    {
        "class": "com.facebook.FacebookSdk",
        "method": "isInitialized",
        "arguments": "{}"
    },
    {
        "class": "com.facebook.FacebookSdk",
        "method": "isDebugEnabled",
        "arguments": "{}"
    },
    {
        "class": "com.facebook.FacebookSdk",
        "method": "isLoggingBehaviorEnabled",
        "arguments": "{\"0\":\"<instance: com.facebook.LoggingBehavior>\"}"
    },
    {
        "class": "com.facebook.FacebookSdk",
        "method": "getApplicationId",
        "arguments": "{}"
    },
    {
        "class": "com.facebook.FacebookSdk",
        "method": "isDebugEnabled",
        "arguments": "{}"
    },
    {
        "class": "com.facebook.FacebookSdk",
        "method": "isInitialized",
        "arguments": "{}"
    },
    {
        "class": "com.facebook.FacebookSdk",
        "method": "getApplicationId",
        "arguments": "{}"
    },
    {
        "class": "com.facebook.FacebookSdk",
        "method": "isLoggingBehaviorEnabled",
        "arguments": "{\"0\":\"<instance: com.facebook.LoggingBehavior>\"}"
    },
    {
        "class": "com.facebook.FacebookSdk",
        "method": "isInitialized",
        "arguments": "{}"
    },
    {
        "class": "com.facebook.FacebookSdk",
        "method": "isDebugEnabled",
        "arguments": "{}"
    },
    {
        "class": "com.facebook.FacebookSdk",
        "method": "getApplicationId",
        "arguments": "{}"
    },
    {
        "class": "com.facebook.FacebookSdk",
        "method": "isLoggingBehaviorEnabled",
        "arguments": "{\"0\":\"<instance: com.facebook.LoggingBehavior>\"}"
    },
    {
        "class": "com.facebook.FacebookSdk",
        "method": "isInitialized",
        "arguments": "{}"
    },
    {
        "class": "com.facebook.FacebookSdk",
        "method": "isDebugEnabled",
        "arguments": "{}"
    },
    {
        "class": "com.facebook.FacebookSdk",
        "method": "getApplicationContext",
        "arguments": "{}"
    },
    {
        "class": "com.facebook.FacebookSdk",
        "method": "isLoggingBehaviorEnabled",
        "arguments": "{\"0\":\"<instance: com.facebook.LoggingBehavior>\"}"
    },
    {
        "class": "com.facebook.FacebookSdk",
        "method": "isInitialized",
        "arguments": "{}"
    },
    {
        "class": "com.facebook.FacebookSdk",
        "method": "isDebugEnabled",
        "arguments": "{}"
    },
    {
        "class": "com.facebook.FacebookSdk",
        "method": "getApplicationContext",
        "arguments": "{}"
    },
    {
        "class": "com.facebook.FacebookSdk",
        "method": "isLoggingBehaviorEnabled",
        "arguments": "{\"0\":\"<instance: com.facebook.LoggingBehavior>\"}"
    },
    {
        "class": "com.facebook.FacebookSdk",
        "method": "isInitialized",
        "arguments": "{}"
    },
    {
        "class": "com.facebook.FacebookSdk",
        "method": "isDebugEnabled",
        "arguments": "{}"
    },
    {
        "class": "com.facebook.FacebookSdk",
        "method": "getApplicationContext",
        "arguments": "{}"
    },
    {
        "class": "com.facebook.FacebookSdk",
        "method": "isLoggingBehaviorEnabled",
        "arguments": "{\"0\":\"<instance: com.facebook.LoggingBehavior>\"}"
    },
    {
        "class": "com.facebook.FacebookSdk",
        "method": "isInitialized",
        "arguments": "{}"
    },
    {
        "class": "com.facebook.FacebookSdk",
        "method": "isDebugEnabled",
        "arguments": "{}"
    },
    {
        "class": "com.facebook.FacebookSdk",
        "method": "getApplicationContext",
        "arguments": "{}"
    },
    {
        "class": "com.facebook.FacebookSdk",
        "method": "isLoggingBehaviorEnabled",
        "arguments": "{\"0\":\"<instance: com.facebook.LoggingBehavior>\"}"
    },
    {
        "class": "com.facebook.FacebookSdk",
        "method": "isInitialized",
        "arguments": "{}"
    },
    {
        "class": "com.facebook.FacebookSdk",
        "method": "isDebugEnabled",
        "arguments": "{}"
    },
    {
        "class": "com.facebook.FacebookSdk",
        "method": "getApplicationId",
        "arguments": "{}"
    },
    {
        "class": "com.facebook.FacebookSdk",
        "method": "isLoggingBehaviorEnabled",
        "arguments": "{\"0\":\"<instance: com.facebook.LoggingBehavior>\"}"
    },
    {
        "class": "com.facebook.FacebookSdk",
        "method": "isDebugEnabled",
        "arguments": "{}"
    },
    {
        "class": "com.facebook.FacebookSdk",
        "method": "isInitialized",
        "arguments": "{}"
    },
    {
        "class": "com.facebook.FacebookSdk",
        "method": "isFullyInitialized",
        "arguments": "{}"
    },
    {
        "class": "com.facebook.FacebookSdk",
        "method": "getApplicationId",
        "arguments": "{}"
    },
    {
        "class": "com.facebook.FacebookSdk",
        "method": "isInitialized",
        "arguments": "{}"
    },
    {
        "class": "com.facebook.FacebookSdk",
        "method": "getApplicationId",
        "arguments": "{}"
    },
    {
        "class": "com.facebook.FacebookSdk",
        "method": "isInitialized",
        "arguments": "{}"
    },
    {
        "class": "com.facebook.FacebookSdk",
        "method": "getApplicationId",
        "arguments": "{}"
    },
    {
        "class": "com.facebook.FacebookSdk",
        "method": "isInitialized",
        "arguments": "{}"
    },
    {
        "class": "com.facebook.FacebookSdk",
        "method": "getApplicationId",
        "arguments": "{}"
    },
    {
        "class": "com.facebook.FacebookSdk",
        "method": "isInitialized",
        "arguments": "{}"
    },
    {
        "class": "com.facebook.FacebookSdk",
        "method": "getApplicationId",
        "arguments": "{}"
    },
    {
        "class": "com.facebook.FacebookSdk",
        "method": "isInitialized",
        "arguments": "{}"
    },
    {
        "class": "com.facebook.FacebookSdk",
        "method": "getApplicationContext",
        "arguments": "{}"
    },
    {
        "class": "com.facebook.FacebookSdk",
        "method": "isInitialized",
        "arguments": "{}"
    },
    {
        "class": "com.facebook.FacebookSdk",
        "method": "getApplicationContext",
        "arguments": "{}"
    },
    {
        "class": "com.facebook.FacebookSdk",
        "method": "isInitialized",
        "arguments": "{}"
    },
    {
        "class": "com.facebook.FacebookSdk",
        "method": "getApplicationContext",
        "arguments": "{}"
    },
    {
        "class": "com.facebook.FacebookSdk",
        "method": "isInitialized",
        "arguments": "{}"
    },
    {
        "class": "com.facebook.FacebookSdk",
        "method": "getApplicationId",
        "arguments": "{}"
    },
    {
        "class": "com.facebook.FacebookSdk",
        "method": "isInitialized",
        "arguments": "{}"
    },
    {
        "class": "com.facebook.FacebookSdk",
        "method": "getApplicationId",
        "arguments": "{}"
    },
    {
        "class": "com.facebook.FacebookSdk",
        "method": "isInitialized",
        "arguments": "{}"
    },
    {
        "class": "com.facebook.FacebookSdk",
        "method": "getApplicationId",
        "arguments": "{}"
    },
    {
        "class": "com.facebook.FacebookSdk",
        "method": "isInitialized",
        "arguments": "{}"
    },
    {
        "class": "com.facebook.FacebookSdk",
        "method": "getApplicationId",
        "arguments": "{}"
    },
    {
        "class": "com.facebook.FacebookSdk",
        "method": "isInitialized",
        "arguments": "{}"
    },
    {
        "class": "com.facebook.FacebookSdk",
        "method": "getApplicationId",
        "arguments": "{}"
    },
    {
        "class": "com.facebook.FacebookSdk",
        "method": "isInitialized",
        "arguments": "{}"
    },
    {
        "class": "com.facebook.FacebookSdk",
        "method": "getApplicationId",
        "arguments": "{}"
    },
    {
        "class": "com.facebook.FacebookSdk",
        "method": "isInitialized",
        "arguments": "{}"
    },
    {
        "class": "com.facebook.FacebookSdk",
        "method": "getApplicationContext",
        "arguments": "{}"
    },
    {
        "class": "com.facebook.FacebookSdk",
        "method": "isInitialized",
        "arguments": "{}"
    },
    {
        "class": "com.facebook.FacebookSdk",
        "method": "getApplicationContext",
        "arguments": "{}"
    },
    {
        "class": "com.facebook.FacebookSdk",
        "method": "isInitialized",
        "arguments": "{}"
    },
    {
        "class": "com.facebook.FacebookSdk",
        "method": "getApplicationId",
        "arguments": "{}"
    },
    {
        "class": "com.facebook.FacebookSdk",
        "method": "isInitialized",
        "arguments": "{}"
    },
    {
        "class": "com.facebook.FacebookSdk",
        "method": "getApplicationId",
        "arguments": "{}"
    },
    {
        "class": "com.facebook.FacebookSdk",
        "method": "isInitialized",
        "arguments": "{}"
    },
    {
        "class": "com.facebook.FacebookSdk",
        "method": "getApplicationId",
        "arguments": "{}"
    },
    {
        "class": "com.facebook.FacebookSdk",
        "method": "isInitialized",
        "arguments": "{}"
    },
    {
        "class": "com.facebook.FacebookSdk",
        "method": "getApplicationId",
        "arguments": "{}"
    },
    {
        "class": "com.facebook.FacebookSdk",
        "method": "isInitialized",
        "arguments": "{}"
    },
    {
        "class": "com.facebook.FacebookSdk",
        "method": "getApplicationId",
        "arguments": "{}"
    },
    {
        "class": "com.facebook.FacebookSdk",
        "method": "isInitialized",
        "arguments": "{}"
    },
    {
        "class": "com.facebook.FacebookSdk",
        "method": "isLoggingBehaviorEnabled",
        "arguments": "{\"0\":\"<instance: com.facebook.LoggingBehavior>\"}"
    },
    {
        "class": "com.facebook.FacebookSdk",
        "method": "isDebugEnabled",
        "arguments": "{}"
    },
    {
        "class": "com.facebook.FacebookSdk",
        "method": "isLoggingBehaviorEnabled",
        "arguments": "{\"0\":\"<instance: com.facebook.LoggingBehavior>\"}"
    },
    {
        "class": "com.facebook.FacebookSdk",
        "method": "isDebugEnabled",
        "arguments": "{}"
    },
    {
        "class": "com.google.firebase.analytics.FirebaseAnalytics",
        "method": "getInstance",
        "arguments": "{\"0\":\"<instance: android.content.Context, $className: com.sybogames.chili.multidex.ChiliMultidexSupportActivity>\"}"
    },
    {
        "class": "com.google.firebase.analytics.FirebaseAnalytics",
        "method": "getInstance",
        "arguments": "{\"0\":\"<instance: android.content.Context, $className: com.sybogames.chili.multidex.ChiliMultidexSupportActivity>\"}"
    },
    {
        "class": "com.google.firebase.analytics.FirebaseAnalytics",
        "method": "setUserProperty",
        "arguments": "{\"0\":\"vendor_id\",\"1\":\"e3a31e550fb3c262823c3c2a5b35123b\"}"
    },
    {
        "class": "com.google.firebase.analytics.FirebaseAnalytics",
        "method": "setUserProperty",
        "arguments": "{\"0\":\"analytics_user_id\",\"1\":\"f19eec0f-5e37-42eb-bb68-4ddc808047e9\"}"
    },
    {
        "class": "com.google.firebase.analytics.FirebaseAnalytics",
        "method": "setUserProperty",
        "arguments": "{\"0\":\"net_ping\",\"1\":\"0\"}"
    },
    {
        "class": "com.google.firebase.analytics.FirebaseAnalytics",
        "method": "setUserProperty",
        "arguments": "{\"0\":\"network_type\",\"1\":\"Invalid\"}"
    },
    {
        "class": "com.google.firebase.analytics.FirebaseAnalytics",
        "method": "setUserProperty",
        "arguments": "{\"0\":\"network_type\",\"1\":\"ConnectedToWIFI\"}"
    },
    {
        "class": "com.google.firebase.analytics.FirebaseAnalytics",
        "method": "setUserProperty",
        "arguments": "{\"0\":\"pkg_sample_value\",\"1\":\"1\"}"
    },
    {
        "class": "com.google.firebase.analytics.FirebaseAnalytics",
        "method": "getInstance",
        "arguments": "{\"0\":\"<instance: android.content.Context, $className: com.sybogames.chili.SubwayApplication>\"}"
    },
    {
        "class": "com.google.firebase.analytics.FirebaseAnalytics",
        "method": "logEvent",
        "arguments": "{\"0\":\"device_info\",\"1\":\"<instance: android.os.Bundle>\"}"
    },
    {
        "class": "com.google.firebase.analytics.FirebaseAnalytics",
        "method": "logEvent",
        "arguments": "{\"0\":\"bootstrap_start\",\"1\":\"<instance: android.os.Bundle>\"}"
    },
    {
        "class": "com.google.firebase.analytics.FirebaseAnalytics",
        "method": "getFirebaseInstanceId",
        "arguments": "{}"
    },
    {
        "class": "com.google.firebase.analytics.FirebaseAnalytics",
        "method": "setUserProperty",
        "arguments": "{\"0\":\"platform\",\"1\":\"google\"}"
    },
    {
        "class": "com.google.firebase.analytics.FirebaseAnalytics",
        "method": "setUserProperty",
        "arguments": "{\"0\":\"region_code\",\"1\":\"cn\"}"
    },
    {
        "class": "com.google.firebase.analytics.FirebaseAnalytics",
        "method": "setUserProperty",
        "arguments": "{\"0\":\"language\",\"1\":\"zh-cn\"}"
    },
    {
        "class": "com.google.firebase.analytics.FirebaseAnalytics",
        "method": "setUserProperty",
        "arguments": "{\"0\":\"language\",\"1\":\"zh-cn\"}"
    },
    {
        "class": "com.google.firebase.analytics.FirebaseAnalytics",
        "method": "logEvent",
        "arguments": "{\"0\":\"bootstrap_step\",\"1\":\"<instance: android.os.Bundle>\"}"
    },
    {
        "class": "com.google.firebase.analytics.FirebaseAnalytics",
        "method": "logEvent",
        "arguments": "{\"0\":\"bootstrap_step\",\"1\":\"<instance: android.os.Bundle>\"}"
    },
    {
        "class": "com.google.firebase.analytics.FirebaseAnalytics",
        "method": "setAnalyticsCollectionEnabled",
        "arguments": "{\"0\":true}"
    },
    {
        "class": "com.google.firebase.analytics.FirebaseAnalytics",
        "method": "logEvent",
        "arguments": "{\"0\":\"bootstrap_step\",\"1\":\"<instance: android.os.Bundle>\"}"
    },
    {
        "class": "com.google.firebase.analytics.FirebaseAnalytics",
        "method": "setUserProperty",
        "arguments": "{\"0\":\"genuine_app\",\"1\":\"0\"}"
    },
    {
        "class": "com.google.firebase.analytics.FirebaseAnalytics",
        "method": "setUserProperty",
        "arguments": "{\"0\":\"installer_package\",\"1\":\"com.android.packageinstaller\"}"
    },
    {
        "class": "com.google.firebase.analytics.FirebaseAnalytics",
        "method": "getInstance",
        "arguments": "{\"0\":\"<instance: android.content.Context, $className: com.sybogames.chili.SubwayApplication>\"}"
    },
    {
        "class": "com.google.firebase.analytics.FirebaseAnalytics",
        "method": "getFirebaseInstanceId",
        "arguments": "{}"
    },
    {
        "class": "com.google.firebase.analytics.FirebaseAnalytics",
        "method": "logEvent",
        "arguments": "{\"0\":\"bootstrap_step\",\"1\":\"<instance: android.os.Bundle>\"}"
    },
    {
        "class": "com.google.firebase.analytics.FirebaseAnalytics",
        "method": "logEvent",
        "arguments": "{\"0\":\"bootstrap_step\",\"1\":\"<instance: android.os.Bundle>\"}"
    },
    {
        "class": "com.google.firebase.analytics.FirebaseAnalytics",
        "method": "getInstance",
        "arguments": "{\"0\":\"<instance: android.content.Context, $className: com.sybogames.chili.SubwayApplication>\"}"
    },
    {
        "class": "com.google.firebase.analytics.FirebaseAnalytics",
        "method": "getFirebaseInstanceId",
        "arguments": "{}"
    },
    {
        "class": "com.google.firebase.analytics.FirebaseAnalytics",
        "method": "logEvent",
        "arguments": "{\"0\":\"bootstrap_step\",\"1\":\"<instance: android.os.Bundle>\"}"
    },
    {
        "class": "com.google.firebase.analytics.FirebaseAnalytics",
        "method": "getInstance",
        "arguments": "{\"0\":\"<instance: android.content.Context, $className: com.sybogames.chili.SubwayApplication>\"}"
    },
    {
        "class": "com.google.firebase.analytics.FirebaseAnalytics",
        "method": "logEvent",
        "arguments": "{\"0\":\"bootstrap_step\",\"1\":\"<instance: android.os.Bundle>\"}"
    },
    {
        "class": "com.google.firebase.analytics.FirebaseAnalytics",
        "method": "getFirebaseInstanceId",
        "arguments": "{}"
    },
    {
        "class": "com.google.firebase.analytics.FirebaseAnalytics",
        "method": "logEvent",
        "arguments": "{\"0\":\"bootstrap_step\",\"1\":\"<instance: android.os.Bundle>\"}"
    },
    {
        "class": "com.google.firebase.analytics.FirebaseAnalytics",
        "method": "getInstance",
        "arguments": "{\"0\":\"<instance: android.content.Context, $className: com.sybogames.chili.SubwayApplication>\"}"
    },
    {
        "class": "com.google.firebase.analytics.FirebaseAnalytics",
        "method": "getFirebaseInstanceId",
        "arguments": "{}"
    },
    {
        "class": "com.google.firebase.analytics.FirebaseAnalytics",
        "method": "getInstance",
        "arguments": "{\"0\":\"<instance: android.content.Context, $className: com.sybogames.chili.SubwayApplication>\"}"
    },
    {
        "class": "com.google.firebase.analytics.FirebaseAnalytics",
        "method": "getFirebaseInstanceId",
        "arguments": "{}"
    },
    {
        "class": "com.google.firebase.analytics.FirebaseAnalytics",
        "method": "getInstance",
        "arguments": "{\"0\":\"<instance: android.content.Context, $className: com.sybogames.chili.SubwayApplication>\"}"
    },
    {
        "class": "com.google.firebase.analytics.FirebaseAnalytics",
        "method": "getFirebaseInstanceId",
        "arguments": "{}"
    },
    {
        "class": "com.google.firebase.analytics.FirebaseAnalytics",
        "method": "getInstance",
        "arguments": "{\"0\":\"<instance: android.content.Context, $className: com.sybogames.chili.SubwayApplication>\"}"
    },
    {
        "class": "com.google.firebase.analytics.FirebaseAnalytics",
        "method": "getFirebaseInstanceId",
        "arguments": "{}"
    },
    {
        "class": "com.google.firebase.analytics.FirebaseAnalytics",
        "method": "getInstance",
        "arguments": "{\"0\":\"<instance: android.content.Context, $className: com.sybogames.chili.SubwayApplication>\"}"
    },
    {
        "class": "com.google.firebase.analytics.FirebaseAnalytics",
        "method": "getFirebaseInstanceId",
        "arguments": "{}"
    },
    {
        "class": "com.google.firebase.analytics.FirebaseAnalytics",
        "method": "logEvent",
        "arguments": "{\"0\":\"bootstrap_step\",\"1\":\"<instance: android.os.Bundle>\"}"
    },
    {
        "class": "com.google.firebase.analytics.FirebaseAnalytics",
        "method": "getInstance",
        "arguments": "{\"0\":\"<instance: android.content.Context, $className: com.sybogames.chili.SubwayApplication>\"}"
    },
    {
        "class": "com.google.firebase.analytics.FirebaseAnalytics",
        "method": "getFirebaseInstanceId",
        "arguments": "{}"
    },
    {
        "class": "com.google.firebase.analytics.FirebaseAnalytics",
        "method": "getInstance",
        "arguments": "{\"0\":\"<instance: android.content.Context, $className: com.sybogames.chili.SubwayApplication>\"}"
    },
    {
        "class": "com.google.firebase.analytics.FirebaseAnalytics",
        "method": "getFirebaseInstanceId",
        "arguments": "{}"
    },
    {
        "class": "com.google.firebase.analytics.FirebaseAnalytics",
        "method": "getInstance",
        "arguments": "{\"0\":\"<instance: android.content.Context, $className: com.sybogames.chili.SubwayApplication>\"}"
    },
    {
        "class": "com.google.firebase.analytics.FirebaseAnalytics",
        "method": "getFirebaseInstanceId",
        "arguments": "{}"
    },
    {
        "class": "com.google.firebase.analytics.FirebaseAnalytics",
        "method": "getInstance",
        "arguments": "{\"0\":\"<instance: android.content.Context, $className: com.sybogames.chili.SubwayApplication>\"}"
    },
    {
        "class": "com.google.firebase.analytics.FirebaseAnalytics",
        "method": "getFirebaseInstanceId",
        "arguments": "{}"
    },
    {
        "class": "com.google.firebase.analytics.FirebaseAnalytics",
        "method": "getInstance",
        "arguments": "{\"0\":\"<instance: android.content.Context, $className: com.sybogames.chili.SubwayApplication>\"}"
    },
    {
        "class": "com.google.firebase.analytics.FirebaseAnalytics",
        "method": "getFirebaseInstanceId",
        "arguments": "{}"
    },
    {
        "class": "com.google.firebase.analytics.FirebaseAnalytics",
        "method": "getInstance",
        "arguments": "{\"0\":\"<instance: android.content.Context, $className: com.sybogames.chili.SubwayApplication>\"}"
    },
    {
        "class": "com.google.firebase.analytics.FirebaseAnalytics",
        "method": "getFirebaseInstanceId",
        "arguments": "{}"
    },
    {
        "class": "com.google.firebase.analytics.FirebaseAnalytics",
        "method": "getInstance",
        "arguments": "{\"0\":\"<instance: android.content.Context, $className: com.sybogames.chili.SubwayApplication>\"}"
    },
    {
        "class": "com.google.firebase.analytics.FirebaseAnalytics",
        "method": "getFirebaseInstanceId",
        "arguments": "{}"
    },
    {
        "class": "com.google.firebase.analytics.FirebaseAnalytics",
        "method": "getInstance",
        "arguments": "{\"0\":\"<instance: android.content.Context, $className: com.sybogames.chili.SubwayApplication>\"}"
    },
    {
        "class": "com.google.firebase.analytics.FirebaseAnalytics",
        "method": "getFirebaseInstanceId",
        "arguments": "{}"
    },
    {
        "class": "com.google.firebase.analytics.FirebaseAnalytics",
        "method": "getInstance",
        "arguments": "{\"0\":\"<instance: android.content.Context, $className: com.sybogames.chili.SubwayApplication>\"}"
    },
    {
        "class": "com.google.firebase.analytics.FirebaseAnalytics",
        "method": "getFirebaseInstanceId",
        "arguments": "{}"
    },
    {
        "class": "com.google.firebase.analytics.FirebaseAnalytics",
        "method": "getInstance",
        "arguments": "{\"0\":\"<instance: android.content.Context, $className: com.sybogames.chili.SubwayApplication>\"}"
    },
    {
        "class": "com.google.firebase.analytics.FirebaseAnalytics",
        "method": "getFirebaseInstanceId",
        "arguments": "{}"
    },
    {
        "class": "com.google.firebase.analytics.FirebaseAnalytics",
        "method": "getInstance",
        "arguments": "{\"0\":\"<instance: android.content.Context, $className: com.sybogames.chili.SubwayApplication>\"}"
    },
    {
        "class": "com.google.firebase.analytics.FirebaseAnalytics",
        "method": "getFirebaseInstanceId",
        "arguments": "{}"
    },
    {
        "class": "com.google.firebase.analytics.FirebaseAnalytics",
        "method": "getInstance",
        "arguments": "{\"0\":\"<instance: android.content.Context, $className: com.sybogames.chili.SubwayApplication>\"}"
    },
    {
        "class": "com.google.firebase.analytics.FirebaseAnalytics",
        "method": "getFirebaseInstanceId",
        "arguments": "{}"
    },
    {
        "class": "com.google.firebase.analytics.FirebaseAnalytics",
        "method": "getInstance",
        "arguments": "{\"0\":\"<instance: android.content.Context, $className: com.sybogames.chili.SubwayApplication>\"}"
    },
    {
        "class": "com.google.firebase.analytics.FirebaseAnalytics",
        "method": "getFirebaseInstanceId",
        "arguments": "{}"
    },
    {
        "class": "com.google.firebase.analytics.FirebaseAnalytics",
        "method": "getInstance",
        "arguments": "{\"0\":\"<instance: android.content.Context, $className: com.sybogames.chili.SubwayApplication>\"}"
    },
    {
        "class": "com.google.firebase.analytics.FirebaseAnalytics",
        "method": "getFirebaseInstanceId",
        "arguments": "{}"
    },
    {
        "class": "com.google.firebase.analytics.FirebaseAnalytics",
        "method": "getInstance",
        "arguments": "{\"0\":\"<instance: android.content.Context, $className: com.sybogames.chili.SubwayApplication>\"}"
    },
    {
        "class": "com.google.firebase.analytics.FirebaseAnalytics",
        "method": "getFirebaseInstanceId",
        "arguments": "{}"
    },
    {
        "class": "com.google.firebase.analytics.FirebaseAnalytics",
        "method": "setUserProperty",
        "arguments": "{\"0\":\"backend_id\",\"1\":\"1ceb6907-e88c-4440-91b0-111aa4c240b9\"}"
    },
    {
        "class": "com.google.firebase.analytics.FirebaseAnalytics",
        "method": "setUserProperty",
        "arguments": "{\"0\":\"net_ping\",\"1\":\"1539\"}"
    },
    {
        "class": "com.google.firebase.analytics.FirebaseAnalytics",
        "method": "setUserProperty",
        "arguments": "{\"0\":\"subway_user_id\",\"1\":\"1ceb6907-e88c-4440-91b0-111aa4c240b9\"}"
    },
    {
        "class": "com.google.firebase.analytics.FirebaseAnalytics",
        "method": "logEvent",
        "arguments": "{\"0\":\"bootstrap_step\",\"1\":\"<instance: android.os.Bundle>\"}"
    },
    {
        "class": "com.google.firebase.analytics.FirebaseAnalytics",
        "method": "getInstance",
        "arguments": "{\"0\":\"<instance: android.content.Context, $className: com.sybogames.chili.SubwayApplication>\"}"
    },
    {
        "class": "com.google.firebase.analytics.FirebaseAnalytics",
        "method": "getFirebaseInstanceId",
        "arguments": "{}"
    },
    {
        "class": "com.google.firebase.analytics.FirebaseAnalytics",
        "method": "logEvent",
        "arguments": "{\"0\":\"bootstrap_step\",\"1\":\"<instance: android.os.Bundle>\"}"
    },
    {
        "class": "com.google.firebase.analytics.FirebaseAnalytics",
        "method": "getInstance",
        "arguments": "{\"0\":\"<instance: android.content.Context, $className: com.sybogames.chili.SubwayApplication>\"}"
    },
    {
        "class": "com.google.firebase.analytics.FirebaseAnalytics",
        "method": "getFirebaseInstanceId",
        "arguments": "{}"
    },
    {
        "class": "com.google.firebase.analytics.FirebaseAnalytics",
        "method": "getInstance",
        "arguments": "{\"0\":\"<instance: android.content.Context, $className: com.sybogames.chili.SubwayApplication>\"}"
    },
    {
        "class": "com.google.firebase.analytics.FirebaseAnalytics",
        "method": "getFirebaseInstanceId",
        "arguments": "{}"
    },
    {
        "class": "com.google.firebase.analytics.FirebaseAnalytics",
        "method": "getInstance",
        "arguments": "{\"0\":\"<instance: android.content.Context, $className: com.sybogames.chili.SubwayApplication>\"}"
    },
    {
        "class": "com.google.firebase.analytics.FirebaseAnalytics",
        "method": "getFirebaseInstanceId",
        "arguments": "{}"
    },
    {
        "class": "com.google.firebase.analytics.FirebaseAnalytics",
        "method": "getInstance",
        "arguments": "{\"0\":\"<instance: android.content.Context, $className: com.sybogames.chili.SubwayApplication>\"}"
    },
    {
        "class": "com.google.firebase.analytics.FirebaseAnalytics",
        "method": "getFirebaseInstanceId",
        "arguments": "{}"
    },
    {
        "class": "com.google.firebase.analytics.FirebaseAnalytics",
        "method": "setUserProperty",
        "arguments": "{\"0\":\"experiment\",\"1\":\"ex_xpromo_ab\"}"
    },
    {
        "class": "com.google.firebase.analytics.FirebaseAnalytics",
        "method": "setUserProperty",
        "arguments": "{\"0\":\"variant\",\"1\":\"default\"}"
    },
    {
        "class": "com.google.firebase.analytics.FirebaseAnalytics",
        "method": "logEvent",
        "arguments": "{\"0\":\"bootstrap_step\",\"1\":\"<instance: android.os.Bundle>\"}"
    },
    {
        "class": "com.google.firebase.analytics.FirebaseAnalytics",
        "method": "getInstance",
        "arguments": "{\"0\":\"<instance: android.content.Context, $className: com.sybogames.chili.SubwayApplication>\"}"
    },
    {
        "class": "com.google.firebase.analytics.FirebaseAnalytics",
        "method": "getFirebaseInstanceId",
        "arguments": "{}"
    },
    {
        "class": "com.google.firebase.analytics.FirebaseAnalytics",
        "method": "getInstance",
        "arguments": "{\"0\":\"<instance: android.content.Context, $className: com.sybogames.chili.SubwayApplication>\"}"
    },
    {
        "class": "com.google.firebase.analytics.FirebaseAnalytics",
        "method": "getFirebaseInstanceId",
        "arguments": "{}"
    },
    {
        "class": "com.google.firebase.analytics.FirebaseAnalytics",
        "method": "getInstance",
        "arguments": "{\"0\":\"<instance: android.content.Context, $className: com.sybogames.chili.SubwayApplication>\"}"
    },
    {
        "class": "com.google.firebase.analytics.FirebaseAnalytics",
        "method": "getFirebaseInstanceId",
        "arguments": "{}"
    },
    {
        "class": "com.google.firebase.analytics.FirebaseAnalytics",
        "method": "logEvent",
        "arguments": "{\"0\":\"bootstrap_step\",\"1\":\"<instance: android.os.Bundle>\"}"
    },
    {
        "class": "com.google.firebase.analytics.FirebaseAnalytics",
        "method": "setUserProperty",
        "arguments": "{\"0\":\"genuine_app\",\"1\":\"0\"}"
    },
    {
        "class": "com.google.firebase.analytics.FirebaseAnalytics",
        "method": "logEvent",
        "arguments": "{\"0\":\"bootstrap_step\",\"1\":\"<instance: android.os.Bundle>\"}"
    },
    {
        "class": "com.google.firebase.analytics.FirebaseAnalytics",
        "method": "getInstance",
        "arguments": "{\"0\":\"<instance: android.content.Context, $className: com.sybogames.chili.SubwayApplication>\"}"
    },
    {
        "class": "com.google.firebase.analytics.FirebaseAnalytics",
        "method": "getFirebaseInstanceId",
        "arguments": "{}"
    },
    {
        "class": "com.google.firebase.analytics.FirebaseAnalytics",
        "method": "logEvent",
        "arguments": "{\"0\":\"bootstrap_step\",\"1\":\"<instance: android.os.Bundle>\"}"
    },
    {
        "class": "com.google.firebase.analytics.FirebaseAnalytics",
        "method": "getInstance",
        "arguments": "{\"0\":\"<instance: android.content.Context, $className: com.sybogames.chili.SubwayApplication>\"}"
    },
    {
        "class": "com.google.firebase.analytics.FirebaseAnalytics",
        "method": "getFirebaseInstanceId",
        "arguments": "{}"
    },
    {
        "class": "com.google.firebase.analytics.FirebaseAnalytics",
        "method": "logEvent",
        "arguments": "{\"0\":\"bootstrap_step\",\"1\":\"<instance: android.os.Bundle>\"}"
    },
    {
        "class": "com.google.firebase.analytics.FirebaseAnalytics",
        "method": "getInstance",
        "arguments": "{\"0\":\"<instance: android.content.Context, $className: com.sybogames.chili.SubwayApplication>\"}"
    },
    {
        "class": "com.google.firebase.analytics.FirebaseAnalytics",
        "method": "getFirebaseInstanceId",
        "arguments": "{}"
    },
    {
        "class": "com.google.firebase.analytics.FirebaseAnalytics",
        "method": "logEvent",
        "arguments": "{\"0\":\"bootstrap_step\",\"1\":\"<instance: android.os.Bundle>\"}"
    },
    {
        "class": "com.google.firebase.analytics.FirebaseAnalytics",
        "method": "getInstance",
        "arguments": "{\"0\":\"<instance: android.content.Context, $className: com.sybogames.chili.SubwayApplication>\"}"
    },
    {
        "class": "com.google.firebase.analytics.FirebaseAnalytics",
        "method": "getFirebaseInstanceId",
        "arguments": "{}"
    },
    {
        "class": "com.google.firebase.analytics.FirebaseAnalytics",
        "method": "logEvent",
        "arguments": "{\"0\":\"bootstrap_step\",\"1\":\"<instance: android.os.Bundle>\"}"
    },
    {
        "class": "com.google.firebase.analytics.FirebaseAnalytics",
        "method": "getInstance",
        "arguments": "{\"0\":\"<instance: android.content.Context, $className: com.sybogames.chili.SubwayApplication>\"}"
    },
    {
        "class": "com.google.firebase.analytics.FirebaseAnalytics",
        "method": "getFirebaseInstanceId",
        "arguments": "{}"
    },
    {
        "class": "com.google.firebase.analytics.FirebaseAnalytics",
        "method": "logEvent",
        "arguments": "{\"0\":\"bootstrap_step\",\"1\":\"<instance: android.os.Bundle>\"}"
    },
    {
        "class": "com.google.firebase.analytics.FirebaseAnalytics",
        "method": "getInstance",
        "arguments": "{\"0\":\"<instance: android.content.Context, $className: com.sybogames.chili.SubwayApplication>\"}"
    },
    {
        "class": "com.google.firebase.analytics.FirebaseAnalytics",
        "method": "getFirebaseInstanceId",
        "arguments": "{}"
    },
    {
        "class": "com.google.firebase.analytics.FirebaseAnalytics",
        "method": "logEvent",
        "arguments": "{\"0\":\"bootstrap_step\",\"1\":\"<instance: android.os.Bundle>\"}"
    },
    {
        "class": "com.google.firebase.analytics.FirebaseAnalytics",
        "method": "getInstance",
        "arguments": "{\"0\":\"<instance: android.content.Context, $className: com.sybogames.chili.SubwayApplication>\"}"
    },
    {
        "class": "com.google.firebase.analytics.FirebaseAnalytics",
        "method": "getFirebaseInstanceId",
        "arguments": "{}"
    },
    {
        "class": "com.google.firebase.analytics.FirebaseAnalytics",
        "method": "getInstance",
        "arguments": "{\"0\":\"<instance: android.content.Context, $className: com.sybogames.chili.SubwayApplication>\"}"
    },
    {
        "class": "com.google.firebase.analytics.FirebaseAnalytics",
        "method": "getFirebaseInstanceId",
        "arguments": "{}"
    },
    {
        "class": "com.google.firebase.analytics.FirebaseAnalytics",
        "method": "getInstance",
        "arguments": "{\"0\":\"<instance: android.content.Context, $className: com.sybogames.chili.SubwayApplication>\"}"
    },
    {
        "class": "com.google.firebase.analytics.FirebaseAnalytics",
        "method": "getFirebaseInstanceId",
        "arguments": "{}"
    },
    {
        "class": "com.google.firebase.analytics.FirebaseAnalytics",
        "method": "logEvent",
        "arguments": "{\"0\":\"game_data_pull\",\"1\":\"<instance: android.os.Bundle>\"}"
    },
    {
        "class": "com.google.firebase.analytics.FirebaseAnalytics",
        "method": "getInstance",
        "arguments": "{\"0\":\"<instance: android.content.Context, $className: com.sybogames.chili.SubwayApplication>\"}"
    },
    {
        "class": "com.google.firebase.analytics.FirebaseAnalytics",
        "method": "getFirebaseInstanceId",
        "arguments": "{}"
    },
    {
        "class": "com.google.firebase.analytics.FirebaseAnalytics",
        "method": "logEvent",
        "arguments": "{\"0\":\"game_data_pull\",\"1\":\"<instance: android.os.Bundle>\"}"
    },
    {
        "class": "com.google.firebase.analytics.FirebaseAnalytics",
        "method": "logEvent",
        "arguments": "{\"0\":\"game_data_pull\",\"1\":\"<instance: android.os.Bundle>\"}"
    },
    {
        "class": "com.google.firebase.analytics.FirebaseAnalytics",
        "method": "getInstance",
        "arguments": "{\"0\":\"<instance: android.content.Context, $className: com.sybogames.chili.SubwayApplication>\"}"
    },
    {
        "class": "com.google.firebase.analytics.FirebaseAnalytics",
        "method": "getFirebaseInstanceId",
        "arguments": "{}"
    },
    {
        "class": "com.google.firebase.analytics.FirebaseAnalytics",
        "method": "getInstance",
        "arguments": "{\"0\":\"<instance: android.content.Context, $className: com.sybogames.chili.SubwayApplication>\"}"
    },
    {
        "class": "com.google.firebase.analytics.FirebaseAnalytics",
        "method": "getFirebaseInstanceId",
        "arguments": "{}"
    },
    {
        "class": "com.google.firebase.analytics.FirebaseAnalytics",
        "method": "logEvent",
        "arguments": "{\"0\":\"game_data_pull\",\"1\":\"<instance: android.os.Bundle>\"}"
    },
    {
        "class": "com.google.firebase.analytics.FirebaseAnalytics",
        "method": "getInstance",
        "arguments": "{\"0\":\"<instance: android.content.Context, $className: com.sybogames.chili.SubwayApplication>\"}"
    },
    {
        "class": "com.google.firebase.analytics.FirebaseAnalytics",
        "method": "getFirebaseInstanceId",
        "arguments": "{}"
    },
    {
        "class": "com.google.firebase.analytics.FirebaseAnalytics",
        "method": "setUserProperty",
        "arguments": "{\"0\":\"net_ping\",\"1\":\"131\"}"
    },
    {
        "class": "com.google.firebase.analytics.FirebaseAnalytics",
        "method": "getInstance",
        "arguments": "{\"0\":\"<instance: android.content.Context, $className: com.sybogames.chili.SubwayApplication>\"}"
    },
    {
        "class": "com.google.firebase.analytics.FirebaseAnalytics",
        "method": "getFirebaseInstanceId",
        "arguments": "{}"
    },
    {
        "class": "com.google.firebase.analytics.FirebaseAnalytics",
        "method": "logEvent",
        "arguments": "{\"0\":\"bootstrap_step\",\"1\":\"<instance: android.os.Bundle>\"}"
    },
    {
        "class": "com.google.firebase.analytics.FirebaseAnalytics",
        "method": "getInstance",
        "arguments": "{\"0\":\"<instance: android.content.Context, $className: com.sybogames.chili.SubwayApplication>\"}"
    },
    {
        "class": "com.google.firebase.analytics.FirebaseAnalytics",
        "method": "getFirebaseInstanceId",
        "arguments": "{}"
    },
    {
        "class": "com.google.firebase.analytics.FirebaseAnalytics",
        "method": "logEvent",
        "arguments": "{\"0\":\"bootstrap_step\",\"1\":\"<instance: android.os.Bundle>\"}"
    },
    {
        "class": "com.google.firebase.analytics.FirebaseAnalytics",
        "method": "getInstance",
        "arguments": "{\"0\":\"<instance: android.content.Context, $className: com.sybogames.chili.SubwayApplication>\"}"
    },
    {
        "class": "com.google.firebase.analytics.FirebaseAnalytics",
        "method": "logEvent",
        "arguments": "{\"0\":\"data_req\",\"1\":\"<instance: android.os.Bundle>\"}"
    },
    {
        "class": "com.google.firebase.analytics.FirebaseAnalytics",
        "method": "getFirebaseInstanceId",
        "arguments": "{}"
    },
    {
        "class": "com.google.firebase.analytics.FirebaseAnalytics",
        "method": "getInstance",
        "arguments": "{\"0\":\"<instance: android.content.Context, $className: com.sybogames.chili.SubwayApplication>\"}"
    },
    {
        "class": "com.google.firebase.analytics.FirebaseAnalytics",
        "method": "getFirebaseInstanceId",
        "arguments": "{}"
    },
    {
        "class": "com.google.firebase.analytics.FirebaseAnalytics",
        "method": "setUserProperty",
        "arguments": "{\"0\":\"net_ping\",\"1\":\"164\"}"
    },
    {
        "class": "com.google.firebase.analytics.FirebaseAnalytics",
        "method": "getInstance",
        "arguments": "{\"0\":\"<instance: android.content.Context, $className: com.sybogames.chili.SubwayApplication>\"}"
    },
    {
        "class": "com.google.firebase.analytics.FirebaseAnalytics",
        "method": "getFirebaseInstanceId",
        "arguments": "{}"
    },
    {
        "class": "com.google.firebase.analytics.FirebaseAnalytics",
        "method": "logEvent",
        "arguments": "{\"0\":\"data_resp\",\"1\":\"<instance: android.os.Bundle>\"}"
    },
    {
        "class": "com.google.firebase.analytics.FirebaseAnalytics",
        "method": "logEvent",
        "arguments": "{\"0\":\"bootstrap_step\",\"1\":\"<instance: android.os.Bundle>\"}"
    },
    {
        "class": "com.google.firebase.analytics.FirebaseAnalytics",
        "method": "logEvent",
        "arguments": "{\"0\":\"bootstrap_step\",\"1\":\"<instance: android.os.Bundle>\"}"
    },
    {
        "class": "com.google.firebase.analytics.FirebaseAnalytics",
        "method": "getInstance",
        "arguments": "{\"0\":\"<instance: android.content.Context, $className: com.sybogames.chili.SubwayApplication>\"}"
    },
    {
        "class": "com.google.firebase.analytics.FirebaseAnalytics",
        "method": "getFirebaseInstanceId",
        "arguments": "{}"
    },
    {
        "class": "com.google.firebase.analytics.FirebaseAnalytics",
        "method": "getInstance",
        "arguments": "{\"0\":\"<instance: android.content.Context, $className: com.sybogames.chili.SubwayApplication>\"}"
    },
    {
        "class": "com.google.firebase.analytics.FirebaseAnalytics",
        "method": "getFirebaseInstanceId",
        "arguments": "{}"
    },
    {
        "class": "com.google.firebase.analytics.FirebaseAnalytics",
        "method": "logEvent",
        "arguments": "{\"0\":\"bootstrap_step\",\"1\":\"<instance: android.os.Bundle>\"}"
    },
    {
        "class": "com.google.firebase.analytics.FirebaseAnalytics",
        "method": "setConsent",
        "arguments": "{\"0\":\"<instance: java.util.Map, $className: java.util.HashMap>\"}"
    },
    {
        "class": "com.google.firebase.analytics.FirebaseAnalytics",
        "method": "logEvent",
        "arguments": "{\"0\":\"bootstrap_step\",\"1\":\"<instance: android.os.Bundle>\"}"
    },
    {
        "class": "com.google.firebase.analytics.FirebaseAnalytics",
        "method": "getInstance",
        "arguments": "{\"0\":\"<instance: android.content.Context, $className: com.sybogames.chili.SubwayApplication>\"}"
    },
    {
        "class": "com.google.firebase.analytics.FirebaseAnalytics",
        "method": "getFirebaseInstanceId",
        "arguments": "{}"
    },
    {
        "class": "com.google.firebase.analytics.FirebaseAnalytics",
        "method": "logEvent",
        "arguments": "{\"0\":\"bootstrap_step\",\"1\":\"<instance: android.os.Bundle>\"}"
    },
    {
        "class": "com.google.firebase.analytics.FirebaseAnalytics",
        "method": "getInstance",
        "arguments": "{\"0\":\"<instance: android.content.Context, $className: com.sybogames.chili.SubwayApplication>\"}"
    },
    {
        "class": "com.google.firebase.analytics.FirebaseAnalytics",
        "method": "getFirebaseInstanceId",
        "arguments": "{}"
    },
    {
        "class": "com.google.firebase.analytics.FirebaseAnalytics",
        "method": "logEvent",
        "arguments": "{\"0\":\"bootstrap_step\",\"1\":\"<instance: android.os.Bundle>\"}"
    },
    {
        "class": "com.google.firebase.analytics.FirebaseAnalytics",
        "method": "getInstance",
        "arguments": "{\"0\":\"<instance: android.content.Context, $className: com.sybogames.chili.SubwayApplication>\"}"
    },
    {
        "class": "com.google.firebase.analytics.FirebaseAnalytics",
        "method": "getFirebaseInstanceId",
        "arguments": "{}"
    },
    {
        "class": "com.google.firebase.analytics.FirebaseAnalytics",
        "method": "getInstance",
        "arguments": "{\"0\":\"<instance: android.content.Context, $className: com.sybogames.chili.SubwayApplication>\"}"
    },
    {
        "class": "com.google.firebase.analytics.FirebaseAnalytics",
        "method": "getFirebaseInstanceId",
        "arguments": "{}"
    },
    {
        "class": "com.google.firebase.analytics.FirebaseAnalytics",
        "method": "getInstance",
        "arguments": "{\"0\":\"<instance: android.content.Context, $className: com.sybogames.chili.SubwayApplication>\"}"
    },
    {
        "class": "com.google.firebase.analytics.FirebaseAnalytics",
        "method": "getFirebaseInstanceId",
        "arguments": "{}"
    },
    {
        "class": "com.google.firebase.analytics.FirebaseAnalytics",
        "method": "getInstance",
        "arguments": "{\"0\":\"<instance: android.content.Context, $className: com.sybogames.chili.SubwayApplication>\"}"
    },
    {
        "class": "com.google.firebase.analytics.FirebaseAnalytics",
        "method": "getFirebaseInstanceId",
        "arguments": "{}"
    },
    {
        "class": "com.google.firebase.analytics.FirebaseAnalytics",
        "method": "setUserProperty",
        "arguments": "{\"0\":\"subway_profile_id\",\"1\":\"2e763ac4-6ff4-48fb-9a59-5bfc82288bda\"}"
    },
    {
        "class": "com.google.firebase.analytics.FirebaseAnalytics",
        "method": "getInstance",
        "arguments": "{\"0\":\"<instance: android.content.Context, $className: com.sybogames.chili.SubwayApplication>\"}"
    },
    {
        "class": "com.google.firebase.analytics.FirebaseAnalytics",
        "method": "getFirebaseInstanceId",
        "arguments": "{}"
    },
    {
        "class": "com.google.firebase.analytics.FirebaseAnalytics",
        "method": "logEvent",
        "arguments": "{\"0\":\"bootstrap_step\",\"1\":\"<instance: android.os.Bundle>\"}"
    },
    {
        "class": "com.google.firebase.analytics.FirebaseAnalytics",
        "method": "getInstance",
        "arguments": "{\"0\":\"<instance: android.content.Context, $className: com.sybogames.chili.SubwayApplication>\"}"
    },
    {
        "class": "com.google.firebase.analytics.FirebaseAnalytics",
        "method": "getFirebaseInstanceId",
        "arguments": "{}"
    },
    {
        "class": "com.google.firebase.analytics.FirebaseAnalytics",
        "method": "logEvent",
        "arguments": "{\"0\":\"bootstrap_step\",\"1\":\"<instance: android.os.Bundle>\"}"
    },
    {
        "class": "com.google.firebase.analytics.FirebaseAnalytics",
        "method": "logEvent",
        "arguments": "{\"0\":\"collectibles\",\"1\":\"<instance: android.os.Bundle>\"}"
    },
    {
        "class": "com.google.firebase.analytics.FirebaseAnalytics",
        "method": "getInstance",
        "arguments": "{\"0\":\"<instance: android.content.Context, $className: com.sybogames.chili.SubwayApplication>\"}"
    },
    {
        "class": "com.google.firebase.analytics.FirebaseAnalytics",
        "method": "getFirebaseInstanceId",
        "arguments": "{}"
    },
    {
        "class": "com.google.firebase.analytics.FirebaseAnalytics",
        "method": "logEvent",
        "arguments": "{\"0\":\"bootstrap_step\",\"1\":\"<instance: android.os.Bundle>\"}"
    },
    {
        "class": "com.google.firebase.analytics.FirebaseAnalytics",
        "method": "getInstance",
        "arguments": "{\"0\":\"<instance: android.content.Context, $className: com.sybogames.chili.SubwayApplication>\"}"
    },
    {
        "class": "com.google.firebase.analytics.FirebaseAnalytics",
        "method": "getFirebaseInstanceId",
        "arguments": "{}"
    },
    {
        "class": "com.google.firebase.analytics.FirebaseAnalytics",
        "method": "logEvent",
        "arguments": "{\"0\":\"bootstrap_step\",\"1\":\"<instance: android.os.Bundle>\"}"
    },
    {
        "class": "com.google.firebase.analytics.FirebaseAnalytics",
        "method": "getInstance",
        "arguments": "{\"0\":\"<instance: android.content.Context, $className: com.sybogames.chili.SubwayApplication>\"}"
    },
    {
        "class": "com.google.firebase.analytics.FirebaseAnalytics",
        "method": "getFirebaseInstanceId",
        "arguments": "{}"
    },
    {
        "class": "com.google.firebase.analytics.FirebaseAnalytics",
        "method": "logEvent",
        "arguments": "{\"0\":\"bootstrap_step\",\"1\":\"<instance: android.os.Bundle>\"}"
    },
    {
        "class": "com.fyber.inneractive.sdk.external.InneractiveAdManager",
        "method": "setMuteVideo",
        "arguments": "{\"0\":true}"
    },
    {
        "class": "com.google.firebase.analytics.FirebaseAnalytics",
        "method": "getInstance",
        "arguments": "{\"0\":\"<instance: android.content.Context, $className: com.sybogames.chili.SubwayApplication>\"}"
    },
    {
        "class": "com.google.firebase.analytics.FirebaseAnalytics",
        "method": "getFirebaseInstanceId",
        "arguments": "{}"
    },
    {
        "class": "com.facebook.ads.AdSettings",
        "method": "setDataProcessingOptions",
        "arguments": "{\"0\":[\"LDU\"],\"1\":1,\"2\":1000}"
    },
    {
        "class": "com.ironsource.mediationsdk.IronSource",
        "method": "addImpressionDataListener",
        "arguments": "{\"0\":\"<instance: com.ironsource.mediationsdk.impressionData.ImpressionDataListener, $className: com.ironsource.unity.androidbridge.AndroidBridge>\"}"
    },
    {
        "class": "com.ironsource.mediationsdk.IronSource",
        "method": "setSegmentListener",
        "arguments": "{\"0\":\"<instance: com.ironsource.mediationsdk.sdk.SegmentListener, $className: com.ironsource.unity.androidbridge.AndroidBridge>\"}"
    },
    {
        "class": "com.google.firebase.analytics.FirebaseAnalytics",
        "method": "getInstance",
        "arguments": "{\"0\":\"<instance: android.content.Context, $className: com.sybogames.chili.SubwayApplication>\"}"
    },
    {
        "class": "com.ironsource.mediationsdk.IronSource",
        "method": "setLevelPlayRewardedVideoListener",
        "arguments": "{\"0\":\"<instance: com.ironsource.mediationsdk.sdk.LevelPlayRewardedVideoListener, $className: com.ironsource.unity.androidbridge.LevelPlayRewardedVideoWrapper>\"}"
    },
    {
        "class": "com.google.firebase.analytics.FirebaseAnalytics",
        "method": "getFirebaseInstanceId",
        "arguments": "{}"
    },
    {
        "class": "com.ironsource.mediationsdk.IronSource",
        "method": "setLevelPlayInterstitialListener",
        "arguments": "{\"0\":\"<instance: com.ironsource.mediationsdk.sdk.LevelPlayInterstitialListener, $className: com.ironsource.unity.androidbridge.LevelPlayInterstitialWrapper>\"}"
    },
    {
        "class": "com.ironsource.mediationsdk.IronSource",
        "method": "setMetaData",
        "arguments": "{\"0\":\"do_not_sell\",\"1\":\"true\"}"
    },
    {
        "class": "com.ironsource.mediationsdk.IronSource",
        "method": "setMetaData",
        "arguments": "{\"0\":\"Facebook_IS_CacheFlag\",\"1\":\"ALL\"}"
    },
    {
        "class": "com.ironsource.mediationsdk.IronSource",
        "method": "setUserId",
        "arguments": "{\"0\":\"1ceb6907-e88c-4440-91b0-111aa4c240b9\"}"
    },
    {
        "class": "com.ironsource.mediationsdk.IronSource",
        "method": "setConsent",
        "arguments": "{\"0\":false}"
    },
    {
        "class": "com.ironsource.mediationsdk.IronSource",
        "method": "setSegmentListener",
        "arguments": "{\"0\":\"<instance: com.ironsource.mediationsdk.sdk.SegmentListener, $className: com.ironsource.unity.androidbridge.AndroidBridge>\"}"
    },
    {
        "class": "com.google.firebase.analytics.FirebaseAnalytics",
        "method": "getInstance",
        "arguments": "{\"0\":\"<instance: android.content.Context, $className: com.sybogames.chili.SubwayApplication>\"}"
    },
    {
        "class": "com.ironsource.mediationsdk.IronSource",
        "method": "setSegment",
        "arguments": "{\"0\":\"<instance: com.ironsource.mediationsdk.IronSourceSegment>\"}"
    },
    {
        "class": "com.google.firebase.analytics.FirebaseAnalytics",
        "method": "getFirebaseInstanceId",
        "arguments": "{}"
    },
    {
        "class": "com.ironsource.mediationsdk.IronSource",
        "method": "setMetaData",
        "arguments": "{\"0\":\"AdMob_TFCD\",\"1\":\"true\"}"
    },
    {
        "class": "com.ironsource.mediationsdk.IronSource",
        "method": "setMetaData",
        "arguments": "{\"0\":\"AdMob_TFUA\",\"1\":\"true\"}"
    },
    {
        "class": "com.ironsource.mediationsdk.IronSource",
        "method": "setMetaData",
        "arguments": "{\"0\":\"AppLovin_AgeRestrictedUser\",\"1\":\"true\"}"
    },
    {
        "class": "com.ironsource.mediationsdk.IronSource",
        "method": "setMetaData",
        "arguments": "{\"0\":\"is_child_directed\",\"1\":\"true\"}"
    },
    {
        "class": "com.ironsource.mediationsdk.IronSource",
        "method": "setMetaData",
        "arguments": "{\"0\":\"is_deviceid_optout\",\"1\":\"true\"}"
    },
    {
        "class": "com.ironsource.mediationsdk.IronSource",
        "method": "setMetaData",
        "arguments": "{\"0\":\"UnityAds_coppa\",\"1\":\"true\"}"
    },
    {
        "class": "com.ironsource.mediationsdk.IronSource",
        "method": "setMetaData",
        "arguments": "{\"0\":\"Vungle_coppa\",\"1\":\"true\"}"
    },
    {
        "class": "com.ironsource.mediationsdk.IronSource",
        "method": "setMetaData",
        "arguments": "{\"0\":\"HyprMX_ageRestricted\",\"1\":\"true\"}"
    },
    {
        "class": "com.ironsource.mediationsdk.IronSource",
        "method": "setMetaData",
        "arguments": "{\"0\":\"InMobi_AgeRestricted\",\"1\":\"true\"}"
    },
    {
        "class": "com.google.firebase.analytics.FirebaseAnalytics",
        "method": "getInstance",
        "arguments": "{\"0\":\"<instance: android.content.Context, $className: com.sybogames.chili.SubwayApplication>\"}"
    },
    {
        "class": "com.ironsource.mediationsdk.IronSource",
        "method": "setMetaData",
        "arguments": "{\"0\":\"DT_COPPA\",\"1\":\"true\"}"
    },
    {
        "class": "com.google.firebase.analytics.FirebaseAnalytics",
        "method": "getFirebaseInstanceId",
        "arguments": "{}"
    },
    {
        "class": "com.ironsource.mediationsdk.IronSource",
        "method": "setMetaData",
        "arguments": "{\"0\":\"BidMachine_COPPA\",\"1\":\"true\"}"
    },
    {
        "class": "com.ironsource.mediationsdk.IronSource",
        "method": "shouldTrackNetworkState",
        "arguments": "{\"0\":\"<instance: android.content.Context, $className: com.sybogames.chili.multidex.ChiliMultidexSupportActivity>\",\"1\":true}"
    },
    {
        "class": "com.ironsource.mediationsdk.IronSource",
        "method": "init",
        "arguments": "{\"0\":\"<instance: android.content.Context, $className: com.sybogames.chili.multidex.ChiliMultidexSupportActivity>\",\"1\":\"b42596e5\",\"2\":\"<instance: com.ironsource.mediationsdk.sdk.InitializationListener, $className: com.ironsource.unity.androidbridge.AndroidBridge>\",\"3\":[\"<instance: com.ironsource.mediationsdk.IronSource$AD_UNIT>\",\"<instance: com.ironsource.mediationsdk.IronSource$AD_UNIT>\",\"<instance: com.ironsource.mediationsdk.IronSource$AD_UNIT>\"]}"
    },
    {
        "class": "com.ironsource.mediationsdk.IronSource",
        "method": "setAdaptersDebug",
        "arguments": "{\"0\":false}"
    },
    {
        "class": "com.google.firebase.analytics.FirebaseAnalytics",
        "method": "logEvent",
        "arguments": "{\"0\":\"bootstrap_step\",\"1\":\"<instance: android.os.Bundle>\"}"
    },
    {
        "class": "com.google.firebase.analytics.FirebaseAnalytics",
        "method": "logEvent",
        "arguments": "{\"0\":\"bootstrap_step\",\"1\":\"<instance: android.os.Bundle>\"}"
    },
    {
        "class": "com.google.firebase.analytics.FirebaseAnalytics",
        "method": "logEvent",
        "arguments": "{\"0\":\"bootstrap_step\",\"1\":\"<instance: android.os.Bundle>\"}"
    },
    {
        "class": "com.google.firebase.analytics.FirebaseAnalytics",
        "method": "logEvent",
        "arguments": "{\"0\":\"bootstrap_step\",\"1\":\"<instance: android.os.Bundle>\"}"
    },
    {
        "class": "com.google.firebase.analytics.FirebaseAnalytics",
        "method": "logEvent",
        "arguments": "{\"0\":\"bootstrap_step\",\"1\":\"<instance: android.os.Bundle>\"}"
    },
    {
        "class": "com.google.firebase.analytics.FirebaseAnalytics",
        "method": "logEvent",
        "arguments": "{\"0\":\"bootstrap_step\",\"1\":\"<instance: android.os.Bundle>\"}"
    },
    {
        "class": "com.google.firebase.analytics.FirebaseAnalytics",
        "method": "getInstance",
        "arguments": "{\"0\":\"<instance: android.content.Context, $className: com.sybogames.chili.SubwayApplication>\"}"
    },
    {
        "class": "com.google.firebase.analytics.FirebaseAnalytics",
        "method": "getFirebaseInstanceId",
        "arguments": "{}"
    },
    {
        "class": "com.google.firebase.analytics.FirebaseAnalytics",
        "method": "logEvent",
        "arguments": "{\"0\":\"bootstrap_step\",\"1\":\"<instance: android.os.Bundle>\"}"
    },
    {
        "class": "com.google.firebase.analytics.FirebaseAnalytics",
        "method": "getInstance",
        "arguments": "{\"0\":\"<instance: android.content.Context, $className: com.sybogames.chili.SubwayApplication>\"}"
    },
    {
        "class": "com.google.firebase.analytics.FirebaseAnalytics",
        "method": "getFirebaseInstanceId",
        "arguments": "{}"
    },
    {
        "class": "com.google.firebase.analytics.FirebaseAnalytics",
        "method": "logEvent",
        "arguments": "{\"0\":\"bootstrap_step\",\"1\":\"<instance: android.os.Bundle>\"}"
    },
    {
        "class": "com.google.firebase.analytics.FirebaseAnalytics",
        "method": "getInstance",
        "arguments": "{\"0\":\"<instance: android.content.Context, $className: com.sybogames.chili.SubwayApplication>\"}"
    },
    {
        "class": "com.google.firebase.analytics.FirebaseAnalytics",
        "method": "getFirebaseInstanceId",
        "arguments": "{}"
    },
    {
        "class": "com.google.firebase.analytics.FirebaseAnalytics",
        "method": "getInstance",
        "arguments": "{\"0\":\"<instance: android.content.Context, $className: com.sybogames.chili.SubwayApplication>\"}"
    },
    {
        "class": "com.google.firebase.analytics.FirebaseAnalytics",
        "method": "getFirebaseInstanceId",
        "arguments": "{}"
    },
    {
        "class": "com.google.firebase.analytics.FirebaseAnalytics",
        "method": "getInstance",
        "arguments": "{\"0\":\"<instance: android.content.Context, $className: com.sybogames.chili.SubwayApplication>\"}"
    },
    {
        "class": "com.google.firebase.analytics.FirebaseAnalytics",
        "method": "getFirebaseInstanceId",
        "arguments": "{}"
    },
    {
        "class": "com.google.firebase.analytics.FirebaseAnalytics",
        "method": "getInstance",
        "arguments": "{\"0\":\"<instance: android.content.Context, $className: com.sybogames.chili.SubwayApplication>\"}"
    },
    {
        "class": "com.google.firebase.analytics.FirebaseAnalytics",
        "method": "getFirebaseInstanceId",
        "arguments": "{}"
    },
    {
        "class": "com.google.firebase.analytics.FirebaseAnalytics",
        "method": "logEvent",
        "arguments": "{\"0\":\"bootstrap_step\",\"1\":\"<instance: android.os.Bundle>\"}"
    },
    {
        "class": "com.google.firebase.analytics.FirebaseAnalytics",
        "method": "logEvent",
        "arguments": "{\"0\":\"bootstrap_step\",\"1\":\"<instance: android.os.Bundle>\"}"
    },
    {
        "class": "com.google.firebase.analytics.FirebaseAnalytics",
        "method": "getInstance",
        "arguments": "{\"0\":\"<instance: android.content.Context, $className: com.sybogames.chili.SubwayApplication>\"}"
    },
    {
        "class": "com.google.firebase.analytics.FirebaseAnalytics",
        "method": "getFirebaseInstanceId",
        "arguments": "{}"
    },
    {
        "class": "com.google.firebase.analytics.FirebaseAnalytics",
        "method": "logEvent",
        "arguments": "{\"0\":\"bootstrap_step\",\"1\":\"<instance: android.os.Bundle>\"}"
    },
    {
        "class": "com.google.firebase.analytics.FirebaseAnalytics",
        "method": "getInstance",
        "arguments": "{\"0\":\"<instance: android.content.Context, $className: com.sybogames.chili.SubwayApplication>\"}"
    },
    {
        "class": "com.google.firebase.analytics.FirebaseAnalytics",
        "method": "getFirebaseInstanceId",
        "arguments": "{}"
    },
    {
        "class": "com.google.firebase.analytics.FirebaseAnalytics",
        "method": "getInstance",
        "arguments": "{\"0\":\"<instance: android.content.Context, $className: com.sybogames.chili.SubwayApplication>\"}"
    },
    {
        "class": "com.google.firebase.analytics.FirebaseAnalytics",
        "method": "getFirebaseInstanceId",
        "arguments": "{}"
    },
    {
        "class": "com.google.firebase.analytics.FirebaseAnalytics",
        "method": "getInstance",
        "arguments": "{\"0\":\"<instance: android.content.Context, $className: com.sybogames.chili.SubwayApplication>\"}"
    },
    {
        "class": "com.google.firebase.analytics.FirebaseAnalytics",
        "method": "getFirebaseInstanceId",
        "arguments": "{}"
    },
    {
        "class": "com.google.firebase.analytics.FirebaseAnalytics",
        "method": "logEvent",
        "arguments": "{\"0\":\"bootstrap_step\",\"1\":\"<instance: android.os.Bundle>\"}"
    },
    {
        "class": "com.google.firebase.analytics.FirebaseAnalytics",
        "method": "getInstance",
        "arguments": "{\"0\":\"<instance: android.content.Context, $className: com.sybogames.chili.SubwayApplication>\"}"
    },
    {
        "class": "com.google.firebase.analytics.FirebaseAnalytics",
        "method": "getFirebaseInstanceId",
        "arguments": "{}"
    },
    {
        "class": "com.google.firebase.analytics.FirebaseAnalytics",
        "method": "getInstance",
        "arguments": "{\"0\":\"<instance: android.content.Context, $className: com.sybogames.chili.SubwayApplication>\"}"
    },
    {
        "class": "com.google.firebase.analytics.FirebaseAnalytics",
        "method": "getFirebaseInstanceId",
        "arguments": "{}"
    },
    {
        "class": "com.google.firebase.analytics.FirebaseAnalytics",
        "method": "logEvent",
        "arguments": "{\"0\":\"ui_shown\",\"1\":\"<instance: android.os.Bundle>\"}"
    },
    {
        "class": "com.google.firebase.analytics.FirebaseAnalytics",
        "method": "getInstance",
        "arguments": "{\"0\":\"<instance: android.content.Context, $className: com.sybogames.chili.SubwayApplication>\"}"
    },
    {
        "class": "com.google.firebase.analytics.FirebaseAnalytics",
        "method": "getFirebaseInstanceId",
        "arguments": "{}"
    },
    {
        "class": "com.google.firebase.analytics.FirebaseAnalytics",
        "method": "logEvent",
        "arguments": "{\"0\":\"bootstrap_step\",\"1\":\"<instance: android.os.Bundle>\"}"
    },
    {
        "class": "com.google.firebase.analytics.FirebaseAnalytics",
        "method": "getInstance",
        "arguments": "{\"0\":\"<instance: android.content.Context, $className: com.sybogames.chili.SubwayApplication>\"}"
    },
    {
        "class": "com.google.firebase.analytics.FirebaseAnalytics",
        "method": "getFirebaseInstanceId",
        "arguments": "{}"
    },
    {
        "class": "com.google.firebase.analytics.FirebaseAnalytics",
        "method": "logEvent",
        "arguments": "{\"0\":\"bootstrap_step\",\"1\":\"<instance: android.os.Bundle>\"}"
    },
    {
        "class": "com.google.firebase.analytics.FirebaseAnalytics",
        "method": "logEvent",
        "arguments": "{\"0\":\"bootstrap_step\",\"1\":\"<instance: android.os.Bundle>\"}"
    },
    {
        "class": "com.google.firebase.analytics.FirebaseAnalytics",
        "method": "getInstance",
        "arguments": "{\"0\":\"<instance: android.content.Context, $className: com.sybogames.chili.SubwayApplication>\"}"
    },
    {
        "class": "com.google.firebase.analytics.FirebaseAnalytics",
        "method": "getFirebaseInstanceId",
        "arguments": "{}"
    },
    {
        "class": "com.google.firebase.analytics.FirebaseAnalytics",
        "method": "logEvent",
        "arguments": "{\"0\":\"bootstrap_step\",\"1\":\"<instance: android.os.Bundle>\"}"
    },
    {
        "class": "com.google.firebase.analytics.FirebaseAnalytics",
        "method": "logEvent",
        "arguments": "{\"0\":\"bootstrap_end\",\"1\":\"<instance: android.os.Bundle>\"}"
    },
    {
        "class": "com.google.firebase.analytics.FirebaseAnalytics",
        "method": "getInstance",
        "arguments": "{\"0\":\"<instance: android.content.Context, $className: com.sybogames.chili.SubwayApplication>\"}"
    },
    {
        "class": "com.google.firebase.analytics.FirebaseAnalytics",
        "method": "getFirebaseInstanceId",
        "arguments": "{}"
    },
    {
        "class": "com.google.firebase.analytics.FirebaseAnalytics",
        "method": "logEvent",
        "arguments": "{\"0\":\"session_data\",\"1\":\"<instance: android.os.Bundle>\"}"
    },
    {
        "class": "com.google.firebase.analytics.FirebaseAnalytics",
        "method": "getInstance",
        "arguments": "{\"0\":\"<instance: android.content.Context, $className: com.sybogames.chili.SubwayApplication>\"}"
    },
    {
        "class": "com.google.firebase.analytics.FirebaseAnalytics",
        "method": "getFirebaseInstanceId",
        "arguments": "{}"
    },
    {
        "class": "com.google.firebase.analytics.FirebaseAnalytics",
        "method": "getInstance",
        "arguments": "{\"0\":\"<instance: android.content.Context, $className: com.sybogames.chili.SubwayApplication>\"}"
    },
    {
        "class": "com.google.firebase.analytics.FirebaseAnalytics",
        "method": "getFirebaseInstanceId",
        "arguments": "{}"
    },
    {
        "class": "com.google.firebase.analytics.FirebaseAnalytics",
        "method": "getInstance",
        "arguments": "{\"0\":\"<instance: android.content.Context, $className: com.sybogames.chili.SubwayApplication>\"}"
    },
    {
        "class": "com.google.firebase.analytics.FirebaseAnalytics",
        "method": "getFirebaseInstanceId",
        "arguments": "{}"
    },
    {
        "class": "com.google.firebase.analytics.FirebaseAnalytics",
        "method": "setUserProperty",
        "arguments": "{\"0\":\"net_ping\",\"1\":\"136\"}"
    },
    {
        "class": "com.google.firebase.analytics.FirebaseAnalytics",
        "method": "getInstance",
        "arguments": "{\"0\":\"<instance: android.content.Context, $className: com.sybogames.chili.SubwayApplication>\"}"
    },
    {
        "class": "com.google.firebase.analytics.FirebaseAnalytics",
        "method": "getFirebaseInstanceId",
        "arguments": "{}"
    },
    {
        "class": "com.google.android.gms.ads.MobileAds",
        "method": "getVersion",
        "arguments": "{}"
    },
    {
        "class": "com.google.android.gms.ads.RequestConfiguration$Builder",
        "method": "build",
        "arguments": "{}"
    },
    {
        "class": "com.google.android.gms.ads.MobileAds",
        "method": "getRequestConfiguration",
        "arguments": "{}"
    },
    {
        "class": "com.google.android.gms.ads.RequestConfiguration",
        "method": "toBuilder",
        "arguments": "{}"
    },
    {
        "class": "com.google.android.gms.ads.RequestConfiguration$Builder",
        "method": "setTagForChildDirectedTreatment",
        "arguments": "{\"0\":-1}"
    },
    {
        "class": "com.google.android.gms.ads.RequestConfiguration$Builder",
        "method": "setTagForUnderAgeOfConsent",
        "arguments": "{\"0\":-1}"
    },
    {
        "class": "com.google.android.gms.ads.RequestConfiguration$Builder",
        "method": "setMaxAdContentRating",
        "arguments": "{\"0\":null}"
    },
    {
        "class": "com.google.android.gms.ads.RequestConfiguration$Builder",
        "method": "setTestDeviceIds",
        "arguments": "{\"0\":\"<instance: java.util.List, $className: java.util.ArrayList>\"}"
    },
    {
        "class": "com.google.android.gms.ads.MobileAds",
        "method": "getRequestConfiguration",
        "arguments": "{}"
    },
    {
        "class": "com.google.android.gms.ads.RequestConfiguration",
        "method": "toBuilder",
        "arguments": "{}"
    },
    {
        "class": "com.google.android.gms.ads.RequestConfiguration$Builder",
        "method": "setTagForChildDirectedTreatment",
        "arguments": "{\"0\":-1}"
    },
    {
        "class": "com.google.android.gms.ads.RequestConfiguration$Builder",
        "method": "setTagForUnderAgeOfConsent",
        "arguments": "{\"0\":-1}"
    },
    {
        "class": "com.google.android.gms.ads.RequestConfiguration$Builder",
        "method": "setMaxAdContentRating",
        "arguments": "{\"0\":null}"
    },
    {
        "class": "com.google.android.gms.ads.RequestConfiguration$Builder",
        "method": "setTestDeviceIds",
        "arguments": "{\"0\":\"<instance: java.util.List, $className: java.util.ArrayList>\"}"
    },
    {
        "class": "com.google.android.gms.ads.MobileAds",
        "method": "getRequestConfiguration",
        "arguments": "{}"
    },
    {
        "class": "com.google.android.gms.ads.RequestConfiguration",
        "method": "toBuilder",
        "arguments": "{}"
    },
    {
        "class": "com.google.android.gms.ads.RequestConfiguration$Builder",
        "method": "setTagForChildDirectedTreatment",
        "arguments": "{\"0\":-1}"
    },
    {
        "class": "com.google.android.gms.ads.RequestConfiguration$Builder",
        "method": "setTagForUnderAgeOfConsent",
        "arguments": "{\"0\":-1}"
    },
    {
        "class": "com.google.android.gms.ads.RequestConfiguration$Builder",
        "method": "setMaxAdContentRating",
        "arguments": "{\"0\":null}"
    },
    {
        "class": "com.google.android.gms.ads.RequestConfiguration$Builder",
        "method": "setTestDeviceIds",
        "arguments": "{\"0\":\"<instance: java.util.List, $className: java.util.ArrayList>\"}"
    },
    {
        "class": "com.google.android.gms.ads.RequestConfiguration$Builder",
        "method": "setTagForUnderAgeOfConsent",
        "arguments": "{\"0\":1}"
    },
    {
        "class": "com.google.android.gms.ads.RequestConfiguration$Builder",
        "method": "build",
        "arguments": "{}"
    },
    {
        "class": "com.google.android.gms.ads.MobileAds",
        "method": "setRequestConfiguration",
        "arguments": "{\"0\":\"<instance: com.google.android.gms.ads.RequestConfiguration>\"}"
    },
    {
        "class": "com.google.android.gms.ads.MobileAds",
        "method": "getRequestConfiguration",
        "arguments": "{}"
    },
    {
        "class": "com.google.android.gms.ads.RequestConfiguration",
        "method": "toBuilder",
        "arguments": "{}"
    },
    {
        "class": "com.google.android.gms.ads.RequestConfiguration$Builder",
        "method": "setTagForChildDirectedTreatment",
        "arguments": "{\"0\":-1}"
    },
    {
        "class": "com.google.android.gms.ads.RequestConfiguration$Builder",
        "method": "setTagForUnderAgeOfConsent",
        "arguments": "{\"0\":1}"
    },
    {
        "class": "com.google.android.gms.ads.RequestConfiguration$Builder",
        "method": "setMaxAdContentRating",
        "arguments": "{\"0\":null}"
    },
    {
        "class": "com.google.android.gms.ads.RequestConfiguration$Builder",
        "method": "setTestDeviceIds",
        "arguments": "{\"0\":\"<instance: java.util.List, $className: java.util.ArrayList>\"}"
    },
    {
        "class": "com.google.android.gms.ads.RequestConfiguration$Builder",
        "method": "setTagForUnderAgeOfConsent",
        "arguments": "{\"0\":1}"
    },
    {
        "class": "com.google.android.gms.ads.RequestConfiguration$Builder",
        "method": "build",
        "arguments": "{}"
    },
    {
        "class": "com.google.android.gms.ads.MobileAds",
        "method": "setRequestConfiguration",
        "arguments": "{\"0\":\"<instance: com.google.android.gms.ads.RequestConfiguration>\"}"
    },
    {
        "class": "com.google.android.gms.ads.MobileAds",
        "method": "getRequestConfiguration",
        "arguments": "{}"
    },
    {
        "class": "com.google.android.gms.ads.RequestConfiguration",
        "method": "toBuilder",
        "arguments": "{}"
    },
    {
        "class": "com.google.android.gms.ads.RequestConfiguration$Builder",
        "method": "setTagForChildDirectedTreatment",
        "arguments": "{\"0\":-1}"
    },
    {
        "class": "com.google.android.gms.ads.RequestConfiguration$Builder",
        "method": "setTagForUnderAgeOfConsent",
        "arguments": "{\"0\":1}"
    },
    {
        "class": "com.google.android.gms.ads.RequestConfiguration$Builder",
        "method": "setMaxAdContentRating",
        "arguments": "{\"0\":null}"
    },
    {
        "class": "com.google.android.gms.ads.RequestConfiguration$Builder",
        "method": "setTestDeviceIds",
        "arguments": "{\"0\":\"<instance: java.util.List, $className: java.util.ArrayList>\"}"
    },
    {
        "class": "com.google.android.gms.ads.RequestConfiguration$Builder",
        "method": "setTagForUnderAgeOfConsent",
        "arguments": "{\"0\":1}"
    },
    {
        "class": "com.google.android.gms.ads.RequestConfiguration$Builder",
        "method": "build",
        "arguments": "{}"
    },
    {
        "class": "com.google.android.gms.ads.MobileAds",
        "method": "setRequestConfiguration",
        "arguments": "{\"0\":\"<instance: com.google.android.gms.ads.RequestConfiguration>\"}"
    },
    {
        "class": "com.google.android.gms.ads.MobileAds",
        "method": "getRequestConfiguration",
        "arguments": "{}"
    },
    {
        "class": "com.google.android.gms.ads.RequestConfiguration",
        "method": "toBuilder",
        "arguments": "{}"
    },
    {
        "class": "com.google.android.gms.ads.RequestConfiguration$Builder",
        "method": "setTagForChildDirectedTreatment",
        "arguments": "{\"0\":-1}"
    },
    {
        "class": "com.google.android.gms.ads.RequestConfiguration$Builder",
        "method": "setTagForUnderAgeOfConsent",
        "arguments": "{\"0\":1}"
    },
    {
        "class": "com.google.android.gms.ads.RequestConfiguration$Builder",
        "method": "setMaxAdContentRating",
        "arguments": "{\"0\":null}"
    },
    {
        "class": "com.google.android.gms.ads.RequestConfiguration$Builder",
        "method": "setTestDeviceIds",
        "arguments": "{\"0\":\"<instance: java.util.List, $className: java.util.ArrayList>\"}"
    },
    {
        "class": "com.google.android.gms.ads.RequestConfiguration$Builder",
        "method": "setTagForUnderAgeOfConsent",
        "arguments": "{\"0\":1}"
    },
    {
        "class": "com.google.android.gms.ads.RequestConfiguration$Builder",
        "method": "build",
        "arguments": "{}"
    },
    {
        "class": "com.google.android.gms.ads.MobileAds",
        "method": "setRequestConfiguration",
        "arguments": "{\"0\":\"<instance: com.google.android.gms.ads.RequestConfiguration>\"}"
    },
    {
        "class": "com.google.android.gms.ads.MobileAds",
        "method": "getRequestConfiguration",
        "arguments": "{}"
    },
    {
        "class": "com.google.android.gms.ads.RequestConfiguration",
        "method": "toBuilder",
        "arguments": "{}"
    },
    {
        "class": "com.google.android.gms.ads.RequestConfiguration$Builder",
        "method": "setTagForChildDirectedTreatment",
        "arguments": "{\"0\":-1}"
    },
    {
        "class": "com.google.android.gms.ads.RequestConfiguration$Builder",
        "method": "setTagForUnderAgeOfConsent",
        "arguments": "{\"0\":1}"
    },
    {
        "class": "com.google.android.gms.ads.RequestConfiguration$Builder",
        "method": "setMaxAdContentRating",
        "arguments": "{\"0\":null}"
    },
    {
        "class": "com.google.android.gms.ads.RequestConfiguration$Builder",
        "method": "setTestDeviceIds",
        "arguments": "{\"0\":\"<instance: java.util.List, $className: java.util.ArrayList>\"}"
    },
    {
        "class": "com.google.android.gms.ads.RequestConfiguration$Builder",
        "method": "setTagForUnderAgeOfConsent",
        "arguments": "{\"0\":1}"
    },
    {
        "class": "com.google.android.gms.ads.RequestConfiguration$Builder",
        "method": "build",
        "arguments": "{}"
    },
    {
        "class": "com.google.android.gms.ads.MobileAds",
        "method": "setRequestConfiguration",
        "arguments": "{\"0\":\"<instance: com.google.android.gms.ads.RequestConfiguration>\"}"
    },
    {
        "class": "com.google.android.gms.ads.MobileAds",
        "method": "getRequestConfiguration",
        "arguments": "{}"
    },
    {
        "class": "com.google.android.gms.ads.RequestConfiguration",
        "method": "toBuilder",
        "arguments": "{}"
    },
    {
        "class": "com.google.android.gms.ads.RequestConfiguration$Builder",
        "method": "setTagForChildDirectedTreatment",
        "arguments": "{\"0\":-1}"
    },
    {
        "class": "com.google.android.gms.ads.RequestConfiguration$Builder",
        "method": "setTagForUnderAgeOfConsent",
        "arguments": "{\"0\":1}"
    },
    {
        "class": "com.google.android.gms.ads.RequestConfiguration$Builder",
        "method": "setMaxAdContentRating",
        "arguments": "{\"0\":null}"
    },
    {
        "class": "com.google.android.gms.ads.RequestConfiguration$Builder",
        "method": "setTestDeviceIds",
        "arguments": "{\"0\":\"<instance: java.util.List, $className: java.util.ArrayList>\"}"
    },
    {
        "class": "com.google.android.gms.ads.RequestConfiguration$Builder",
        "method": "setTagForUnderAgeOfConsent",
        "arguments": "{\"0\":1}"
    },
    {
        "class": "com.google.android.gms.ads.RequestConfiguration$Builder",
        "method": "build",
        "arguments": "{}"
    },
    {
        "class": "com.google.android.gms.ads.MobileAds",
        "method": "setRequestConfiguration",
        "arguments": "{\"0\":\"<instance: com.google.android.gms.ads.RequestConfiguration>\"}"
    },
    {
        "class": "com.google.android.gms.ads.MobileAds",
        "method": "getRequestConfiguration",
        "arguments": "{}"
    },
    {
        "class": "com.google.android.gms.ads.RequestConfiguration",
        "method": "toBuilder",
        "arguments": "{}"
    },
    {
        "class": "com.google.android.gms.ads.RequestConfiguration$Builder",
        "method": "setTagForChildDirectedTreatment",
        "arguments": "{\"0\":-1}"
    },
    {
        "class": "com.google.android.gms.ads.RequestConfiguration$Builder",
        "method": "setTagForUnderAgeOfConsent",
        "arguments": "{\"0\":1}"
    },
    {
        "class": "com.google.android.gms.ads.RequestConfiguration$Builder",
        "method": "setMaxAdContentRating",
        "arguments": "{\"0\":null}"
    },
    {
        "class": "com.google.android.gms.ads.RequestConfiguration$Builder",
        "method": "setTestDeviceIds",
        "arguments": "{\"0\":\"<instance: java.util.List, $className: java.util.ArrayList>\"}"
    },
    {
        "class": "com.google.android.gms.ads.RequestConfiguration$Builder",
        "method": "setTagForChildDirectedTreatment",
        "arguments": "{\"0\":1}"
    },
    {
        "class": "com.google.android.gms.ads.RequestConfiguration$Builder",
        "method": "build",
        "arguments": "{}"
    },
    {
        "class": "com.google.android.gms.ads.RequestConfiguration$Builder",
        "method": "setTagForUnderAgeOfConsent",
        "arguments": "{\"0\":1}"
    },
    {
        "class": "com.google.android.gms.ads.RequestConfiguration$Builder",
        "method": "build",
        "arguments": "{}"
    },
    {
        "class": "com.google.android.gms.ads.MobileAds",
        "method": "setRequestConfiguration",
        "arguments": "{\"0\":\"<instance: com.google.android.gms.ads.RequestConfiguration>\"}"
    },
    {
        "class": "com.google.android.gms.ads.MobileAds",
        "method": "getRequestConfiguration",
        "arguments": "{}"
    },
    {
        "class": "com.google.android.gms.ads.RequestConfiguration",
        "method": "toBuilder",
        "arguments": "{}"
    },
    {
        "class": "com.google.android.gms.ads.RequestConfiguration$Builder",
        "method": "setTagForChildDirectedTreatment",
        "arguments": "{\"0\":1}"
    },
    {
        "class": "com.google.android.gms.ads.RequestConfiguration$Builder",
        "method": "setTagForUnderAgeOfConsent",
        "arguments": "{\"0\":1}"
    },
    {
        "class": "com.google.android.gms.ads.RequestConfiguration$Builder",
        "method": "setMaxAdContentRating",
        "arguments": "{\"0\":null}"
    },
    {
        "class": "com.google.android.gms.ads.RequestConfiguration$Builder",
        "method": "setTestDeviceIds",
        "arguments": "{\"0\":\"<instance: java.util.List, $className: java.util.ArrayList>\"}"
    },
    {
        "class": "com.google.android.gms.ads.RequestConfiguration$Builder",
        "method": "setTagForChildDirectedTreatment",
        "arguments": "{\"0\":1}"
    },
    {
        "class": "com.google.android.gms.ads.RequestConfiguration$Builder",
        "method": "build",
        "arguments": "{}"
    },
    {
        "class": "com.google.android.gms.ads.RequestConfiguration$Builder",
        "method": "setTagForUnderAgeOfConsent",
        "arguments": "{\"0\":1}"
    },
    {
        "class": "com.google.android.gms.ads.RequestConfiguration$Builder",
        "method": "build",
        "arguments": "{}"
    },
    {
        "class": "com.google.android.gms.ads.MobileAds",
        "method": "setRequestConfiguration",
        "arguments": "{\"0\":\"<instance: com.google.android.gms.ads.RequestConfiguration>\"}"
    },
    {
        "class": "com.google.android.gms.ads.MobileAds",
        "method": "getRequestConfiguration",
        "arguments": "{}"
    },
    {
        "class": "com.google.android.gms.ads.RequestConfiguration",
        "method": "toBuilder",
        "arguments": "{}"
    },
    {
        "class": "com.google.android.gms.ads.RequestConfiguration$Builder",
        "method": "setTagForChildDirectedTreatment",
        "arguments": "{\"0\":1}"
    },
    {
        "class": "com.google.android.gms.ads.RequestConfiguration$Builder",
        "method": "setTagForUnderAgeOfConsent",
        "arguments": "{\"0\":1}"
    },
    {
        "class": "com.google.android.gms.ads.RequestConfiguration$Builder",
        "method": "setMaxAdContentRating",
        "arguments": "{\"0\":null}"
    },
    {
        "class": "com.google.android.gms.ads.RequestConfiguration$Builder",
        "method": "setTestDeviceIds",
        "arguments": "{\"0\":\"<instance: java.util.List, $className: java.util.ArrayList>\"}"
    },
    {
        "class": "com.google.android.gms.ads.RequestConfiguration$Builder",
        "method": "setTagForChildDirectedTreatment",
        "arguments": "{\"0\":1}"
    },
    {
        "class": "com.google.android.gms.ads.RequestConfiguration$Builder",
        "method": "build",
        "arguments": "{}"
    },
    {
        "class": "com.google.android.gms.ads.RequestConfiguration$Builder",
        "method": "setTagForUnderAgeOfConsent",
        "arguments": "{\"0\":1}"
    },
    {
        "class": "com.google.android.gms.ads.RequestConfiguration$Builder",
        "method": "build",
        "arguments": "{}"
    },
    {
        "class": "com.google.android.gms.ads.MobileAds",
        "method": "setRequestConfiguration",
        "arguments": "{\"0\":\"<instance: com.google.android.gms.ads.RequestConfiguration>\"}"
    },
    {
        "class": "com.google.android.gms.ads.MobileAds",
        "method": "getRequestConfiguration",
        "arguments": "{}"
    },
    {
        "class": "com.google.android.gms.ads.RequestConfiguration",
        "method": "toBuilder",
        "arguments": "{}"
    },
    {
        "class": "com.google.android.gms.ads.RequestConfiguration$Builder",
        "method": "setTagForChildDirectedTreatment",
        "arguments": "{\"0\":1}"
    },
    {
        "class": "com.google.android.gms.ads.RequestConfiguration$Builder",
        "method": "setTagForUnderAgeOfConsent",
        "arguments": "{\"0\":1}"
    },
    {
        "class": "com.google.android.gms.ads.RequestConfiguration$Builder",
        "method": "setMaxAdContentRating",
        "arguments": "{\"0\":null}"
    },
    {
        "class": "com.google.android.gms.ads.RequestConfiguration$Builder",
        "method": "setTestDeviceIds",
        "arguments": "{\"0\":\"<instance: java.util.List, $className: java.util.ArrayList>\"}"
    },
    {
        "class": "com.google.android.gms.ads.RequestConfiguration$Builder",
        "method": "setTagForChildDirectedTreatment",
        "arguments": "{\"0\":1}"
    },
    {
        "class": "com.google.android.gms.ads.RequestConfiguration$Builder",
        "method": "build",
        "arguments": "{}"
    },
    {
        "class": "com.google.android.gms.ads.RequestConfiguration$Builder",
        "method": "setTagForUnderAgeOfConsent",
        "arguments": "{\"0\":1}"
    },
    {
        "class": "com.google.android.gms.ads.RequestConfiguration$Builder",
        "method": "build",
        "arguments": "{}"
    },
    {
        "class": "com.google.android.gms.ads.MobileAds",
        "method": "setRequestConfiguration",
        "arguments": "{\"0\":\"<instance: com.google.android.gms.ads.RequestConfiguration>\"}"
    },
    {
        "class": "com.fyber.inneractive.sdk.external.InneractiveAdManager",
        "method": "getVersion",
        "arguments": "{}"
    },
    {
        "class": "com.vungle.ads.VungleAds",
        "method": "access$getVungleInternal$cp",
        "arguments": "{}"
    },
    {
        "class": "io.bidmachine.BidMachine",
        "method": "setCoppa",
        "arguments": "{\"0\":\"<instance: java.lang.Boolean>\"}"
    },
    {
        "class": "io.bidmachine.BidMachine",
        "method": "setUSPrivacyString",
        "arguments": "{\"0\":\"1YY-\"}"
    },
    {
        "class": "io.bidmachine.BidMachine",
        "method": "setSubjectToGDPR",
        "arguments": "{\"0\":\"<instance: java.lang.Boolean>\"}"
    },
    {
        "class": "io.bidmachine.BidMachine",
        "method": "setConsentConfig",
        "arguments": "{\"0\":false,\"1\":null}"
    },
    {
        "class": "com.unity3d.ads.UnityAds",
        "method": "getVersion",
        "arguments": "{}"
    },
    {
        "class": "com.unity3d.ads.metadata.MetaData",
        "method": "set",
        "arguments": "{\"0\":\"privacy.consent\",\"1\":\"<instance: java.lang.Object, $className: java.lang.Boolean>\"}"
    },
    {
        "class": "com.unity3d.ads.metadata.MetaData",
        "method": "getActualKey",
        "arguments": "{\"0\":\"privacy.consent\"}"
    },
    {
        "class": "com.unity3d.ads.metadata.MetaData",
        "method": "getCategory",
        "arguments": "{}"
    },
    {
        "class": "com.unity3d.ads.metadata.MetaData",
        "method": "getActualKey",
        "arguments": "{\"0\":\"privacy.consent\"}"
    },
    {
        "class": "com.unity3d.ads.metadata.MetaData",
        "method": "getCategory",
        "arguments": "{}"
    },
    {
        "class": "com.unity3d.ads.metadata.MetaData",
        "method": "commit",
        "arguments": "{}"
    },
    {
        "class": "com.unity3d.ads.metadata.MetaData",
        "method": "set",
        "arguments": "{\"0\":\"user.nonBehavioral\",\"1\":\"<instance: java.lang.Object, $className: java.lang.Boolean>\"}"
    },
    {
        "class": "com.unity3d.ads.metadata.MetaData",
        "method": "getActualKey",
        "arguments": "{\"0\":\"user.nonBehavioral\"}"
    },
    {
        "class": "com.unity3d.ads.metadata.MetaData",
        "method": "getCategory",
        "arguments": "{}"
    },
    {
        "class": "com.unity3d.ads.metadata.MetaData",
        "method": "getActualKey",
        "arguments": "{\"0\":\"user.nonBehavioral\"}"
    },
    {
        "class": "com.unity3d.ads.metadata.MetaData",
        "method": "getCategory",
        "arguments": "{}"
    },
    {
        "class": "com.unity3d.ads.metadata.MetaData",
        "method": "set",
        "arguments": "{\"0\":\"mode\",\"1\":\"<instance: java.lang.Object, $className: java.lang.String>\"}"
    },
    {
        "class": "com.unity3d.ads.metadata.MetaData",
        "method": "getActualKey",
        "arguments": "{\"0\":\"mode\"}"
    },
    {
        "class": "com.unity3d.ads.metadata.MetaData",
        "method": "getCategory",
        "arguments": "{}"
    },
    {
        "class": "com.unity3d.ads.metadata.MetaData",
        "method": "getActualKey",
        "arguments": "{\"0\":\"mode\"}"
    },
    {
        "class": "com.unity3d.ads.metadata.MetaData",
        "method": "getCategory",
        "arguments": "{}"
    },
    {
        "class": "com.unity3d.ads.metadata.MetaData",
        "method": "commit",
        "arguments": "{}"
    },
    {
        "class": "com.unity3d.ads.metadata.MetaData",
        "method": "set",
        "arguments": "{\"0\":\"gdpr.consent\",\"1\":\"<instance: java.lang.Object, $className: java.lang.Boolean>\"}"
    },
    {
        "class": "com.unity3d.ads.metadata.MetaData",
        "method": "getActualKey",
        "arguments": "{\"0\":\"gdpr.consent\"}"
    },
    {
        "class": "com.unity3d.ads.metadata.MetaData",
        "method": "getCategory",
        "arguments": "{}"
    },
    {
        "class": "com.unity3d.ads.metadata.MetaData",
        "method": "getActualKey",
        "arguments": "{\"0\":\"gdpr.consent\"}"
    },
    {
        "class": "com.unity3d.ads.metadata.MetaData",
        "method": "getCategory",
        "arguments": "{}"
    },
    {
        "class": "com.unity3d.ads.metadata.MetaData",
        "method": "commit",
        "arguments": "{}"
    },
    {
        "class": "com.google.android.gms.ads.MobileAds",
        "method": "getVersion",
        "arguments": "{}"
    },
    {
        "class": "com.google.android.gms.ads.MobileAds",
        "method": "getRequestConfiguration",
        "arguments": "{}"
    },
    {
        "class": "com.google.android.gms.ads.RequestConfiguration",
        "method": "toBuilder",
        "arguments": "{}"
    },
    {
        "class": "com.google.android.gms.ads.RequestConfiguration$Builder",
        "method": "setTagForChildDirectedTreatment",
        "arguments": "{\"0\":1}"
    },
    {
        "class": "com.google.android.gms.ads.RequestConfiguration$Builder",
        "method": "setTagForUnderAgeOfConsent",
        "arguments": "{\"0\":1}"
    },
    {
        "class": "com.google.android.gms.ads.RequestConfiguration$Builder",
        "method": "setMaxAdContentRating",
        "arguments": "{\"0\":null}"
    },
    {
        "class": "com.google.android.gms.ads.RequestConfiguration$Builder",
        "method": "setTestDeviceIds",
        "arguments": "{\"0\":\"<instance: java.util.List, $className: java.util.ArrayList>\"}"
    },
    {
        "class": "com.google.android.gms.ads.RequestConfiguration$Builder",
        "method": "setTagForChildDirectedTreatment",
        "arguments": "{\"0\":1}"
    },
    {
        "class": "com.google.android.gms.ads.RequestConfiguration$Builder",
        "method": "build",
        "arguments": "{}"
    },
    {
        "class": "com.google.android.gms.ads.RequestConfiguration$Builder",
        "method": "setTagForUnderAgeOfConsent",
        "arguments": "{\"0\":1}"
    },
    {
        "class": "com.google.android.gms.ads.RequestConfiguration$Builder",
        "method": "build",
        "arguments": "{}"
    },
    {
        "class": "com.google.android.gms.ads.MobileAds",
        "method": "setRequestConfiguration",
        "arguments": "{\"0\":\"<instance: com.google.android.gms.ads.RequestConfiguration>\"}"
    },
    {
        "class": "com.google.android.gms.ads.MobileAds",
        "method": "getRequestConfiguration",
        "arguments": "{}"
    },
    {
        "class": "com.google.android.gms.ads.RequestConfiguration",
        "method": "toBuilder",
        "arguments": "{}"
    },
    {
        "class": "com.google.android.gms.ads.RequestConfiguration$Builder",
        "method": "setTagForChildDirectedTreatment",
        "arguments": "{\"0\":1}"
    },
    {
        "class": "com.google.android.gms.ads.RequestConfiguration$Builder",
        "method": "setTagForUnderAgeOfConsent",
        "arguments": "{\"0\":1}"
    },
    {
        "class": "com.google.android.gms.ads.RequestConfiguration$Builder",
        "method": "setMaxAdContentRating",
        "arguments": "{\"0\":null}"
    },
    {
        "class": "com.google.android.gms.ads.RequestConfiguration$Builder",
        "method": "setTestDeviceIds",
        "arguments": "{\"0\":\"<instance: java.util.List, $className: java.util.ArrayList>\"}"
    },
    {
        "class": "com.google.android.gms.ads.RequestConfiguration$Builder",
        "method": "setTagForChildDirectedTreatment",
        "arguments": "{\"0\":1}"
    },
    {
        "class": "com.google.android.gms.ads.RequestConfiguration$Builder",
        "method": "build",
        "arguments": "{}"
    },
    {
        "class": "com.google.android.gms.ads.RequestConfiguration$Builder",
        "method": "setTagForUnderAgeOfConsent",
        "arguments": "{\"0\":1}"
    },
    {
        "class": "com.google.android.gms.ads.RequestConfiguration$Builder",
        "method": "build",
        "arguments": "{}"
    },
    {
        "class": "com.google.android.gms.ads.MobileAds",
        "method": "setRequestConfiguration",
        "arguments": "{\"0\":\"<instance: com.google.android.gms.ads.RequestConfiguration>\"}"
    },
    {
        "class": "com.google.android.gms.ads.MobileAds",
        "method": "getRequestConfiguration",
        "arguments": "{}"
    },
    {
        "class": "com.google.android.gms.ads.RequestConfiguration",
        "method": "toBuilder",
        "arguments": "{}"
    },
    {
        "class": "com.google.android.gms.ads.RequestConfiguration$Builder",
        "method": "setTagForChildDirectedTreatment",
        "arguments": "{\"0\":1}"
    },
    {
        "class": "com.google.android.gms.ads.RequestConfiguration$Builder",
        "method": "setTagForUnderAgeOfConsent",
        "arguments": "{\"0\":1}"
    },
    {
        "class": "com.google.android.gms.ads.RequestConfiguration$Builder",
        "method": "setMaxAdContentRating",
        "arguments": "{\"0\":null}"
    },
    {
        "class": "com.google.android.gms.ads.RequestConfiguration$Builder",
        "method": "setTestDeviceIds",
        "arguments": "{\"0\":\"<instance: java.util.List, $className: java.util.ArrayList>\"}"
    },
    {
        "class": "com.google.android.gms.ads.RequestConfiguration$Builder",
        "method": "setTagForChildDirectedTreatment",
        "arguments": "{\"0\":1}"
    },
    {
        "class": "com.google.android.gms.ads.RequestConfiguration$Builder",
        "method": "build",
        "arguments": "{}"
    },
    {
        "class": "com.google.android.gms.ads.RequestConfiguration$Builder",
        "method": "setTagForUnderAgeOfConsent",
        "arguments": "{\"0\":1}"
    },
    {
        "class": "com.google.android.gms.ads.RequestConfiguration$Builder",
        "method": "build",
        "arguments": "{}"
    },
    {
        "class": "com.google.android.gms.ads.MobileAds",
        "method": "setRequestConfiguration",
        "arguments": "{\"0\":\"<instance: com.google.android.gms.ads.RequestConfiguration>\"}"
    },
    {
        "class": "com.google.android.gms.ads.MobileAds",
        "method": "getRequestConfiguration",
        "arguments": "{}"
    },
    {
        "class": "com.google.android.gms.ads.RequestConfiguration",
        "method": "toBuilder",
        "arguments": "{}"
    },
    {
        "class": "com.google.android.gms.ads.RequestConfiguration$Builder",
        "method": "setTagForChildDirectedTreatment",
        "arguments": "{\"0\":1}"
    },
    {
        "class": "com.google.android.gms.ads.RequestConfiguration$Builder",
        "method": "setTagForUnderAgeOfConsent",
        "arguments": "{\"0\":1}"
    },
    {
        "class": "com.google.android.gms.ads.RequestConfiguration$Builder",
        "method": "setMaxAdContentRating",
        "arguments": "{\"0\":null}"
    },
    {
        "class": "com.google.android.gms.ads.RequestConfiguration$Builder",
        "method": "setTestDeviceIds",
        "arguments": "{\"0\":\"<instance: java.util.List, $className: java.util.ArrayList>\"}"
    },
    {
        "class": "com.google.android.gms.ads.RequestConfiguration$Builder",
        "method": "setTagForChildDirectedTreatment",
        "arguments": "{\"0\":1}"
    },
    {
        "class": "com.google.android.gms.ads.RequestConfiguration$Builder",
        "method": "build",
        "arguments": "{}"
    },
    {
        "class": "com.google.android.gms.ads.RequestConfiguration$Builder",
        "method": "setTagForUnderAgeOfConsent",
        "arguments": "{\"0\":1}"
    },
    {
        "class": "com.google.android.gms.ads.RequestConfiguration$Builder",
        "method": "build",
        "arguments": "{}"
    },
    {
        "class": "com.google.android.gms.ads.MobileAds",
        "method": "setRequestConfiguration",
        "arguments": "{\"0\":\"<instance: com.google.android.gms.ads.RequestConfiguration>\"}"
    },
    {
        "class": "com.google.android.gms.ads.MobileAds",
        "method": "getRequestConfiguration",
        "arguments": "{}"
    },
    {
        "class": "com.google.android.gms.ads.RequestConfiguration",
        "method": "toBuilder",
        "arguments": "{}"
    },
    {
        "class": "com.google.android.gms.ads.RequestConfiguration$Builder",
        "method": "setTagForChildDirectedTreatment",
        "arguments": "{\"0\":1}"
    },
    {
        "class": "com.google.android.gms.ads.RequestConfiguration$Builder",
        "method": "setTagForUnderAgeOfConsent",
        "arguments": "{\"0\":1}"
    },
    {
        "class": "com.google.android.gms.ads.RequestConfiguration$Builder",
        "method": "setMaxAdContentRating",
        "arguments": "{\"0\":null}"
    },
    {
        "class": "com.google.android.gms.ads.RequestConfiguration$Builder",
        "method": "setTestDeviceIds",
        "arguments": "{\"0\":\"<instance: java.util.List, $className: java.util.ArrayList>\"}"
    },
    {
        "class": "com.google.android.gms.ads.RequestConfiguration$Builder",
        "method": "setTagForChildDirectedTreatment",
        "arguments": "{\"0\":1}"
    },
    {
        "class": "com.google.android.gms.ads.RequestConfiguration$Builder",
        "method": "build",
        "arguments": "{}"
    },
    {
        "class": "com.google.android.gms.ads.RequestConfiguration$Builder",
        "method": "setTagForUnderAgeOfConsent",
        "arguments": "{\"0\":1}"
    },
    {
        "class": "com.google.android.gms.ads.RequestConfiguration$Builder",
        "method": "build",
        "arguments": "{}"
    },
    {
        "class": "com.google.android.gms.ads.MobileAds",
        "method": "setRequestConfiguration",
        "arguments": "{\"0\":\"<instance: com.google.android.gms.ads.RequestConfiguration>\"}"
    },
    {
        "class": "com.google.android.gms.ads.MobileAds",
        "method": "getRequestConfiguration",
        "arguments": "{}"
    },
    {
        "class": "com.google.android.gms.ads.RequestConfiguration",
        "method": "toBuilder",
        "arguments": "{}"
    },
    {
        "class": "com.google.android.gms.ads.RequestConfiguration$Builder",
        "method": "setTagForChildDirectedTreatment",
        "arguments": "{\"0\":1}"
    },
    {
        "class": "com.google.android.gms.ads.RequestConfiguration$Builder",
        "method": "setTagForUnderAgeOfConsent",
        "arguments": "{\"0\":1}"
    },
    {
        "class": "com.google.android.gms.ads.RequestConfiguration$Builder",
        "method": "setMaxAdContentRating",
        "arguments": "{\"0\":null}"
    },
    {
        "class": "com.google.android.gms.ads.RequestConfiguration$Builder",
        "method": "setTestDeviceIds",
        "arguments": "{\"0\":\"<instance: java.util.List, $className: java.util.ArrayList>\"}"
    },
    {
        "class": "com.google.android.gms.ads.RequestConfiguration$Builder",
        "method": "setTagForChildDirectedTreatment",
        "arguments": "{\"0\":1}"
    },
    {
        "class": "com.google.android.gms.ads.RequestConfiguration$Builder",
        "method": "build",
        "arguments": "{}"
    },
    {
        "class": "com.google.android.gms.ads.RequestConfiguration$Builder",
        "method": "setTagForUnderAgeOfConsent",
        "arguments": "{\"0\":1}"
    },
    {
        "class": "com.google.android.gms.ads.RequestConfiguration$Builder",
        "method": "build",
        "arguments": "{}"
    },
    {
        "class": "com.google.android.gms.ads.MobileAds",
        "method": "setRequestConfiguration",
        "arguments": "{\"0\":\"<instance: com.google.android.gms.ads.RequestConfiguration>\"}"
    },
    {
        "class": "com.google.android.gms.ads.MobileAds",
        "method": "getRequestConfiguration",
        "arguments": "{}"
    },
    {
        "class": "com.google.android.gms.ads.RequestConfiguration",
        "method": "toBuilder",
        "arguments": "{}"
    },
    {
        "class": "com.google.android.gms.ads.RequestConfiguration$Builder",
        "method": "setTagForChildDirectedTreatment",
        "arguments": "{\"0\":1}"
    },
    {
        "class": "com.google.android.gms.ads.RequestConfiguration$Builder",
        "method": "setTagForUnderAgeOfConsent",
        "arguments": "{\"0\":1}"
    },
    {
        "class": "com.google.android.gms.ads.RequestConfiguration$Builder",
        "method": "setMaxAdContentRating",
        "arguments": "{\"0\":null}"
    },
    {
        "class": "com.google.android.gms.ads.RequestConfiguration$Builder",
        "method": "setTestDeviceIds",
        "arguments": "{\"0\":\"<instance: java.util.List, $className: java.util.ArrayList>\"}"
    },
    {
        "class": "com.google.android.gms.ads.RequestConfiguration$Builder",
        "method": "setTagForChildDirectedTreatment",
        "arguments": "{\"0\":1}"
    },
    {
        "class": "com.google.android.gms.ads.RequestConfiguration$Builder",
        "method": "build",
        "arguments": "{}"
    },
    {
        "class": "com.google.android.gms.ads.RequestConfiguration$Builder",
        "method": "setTagForUnderAgeOfConsent",
        "arguments": "{\"0\":1}"
    },
    {
        "class": "com.google.android.gms.ads.RequestConfiguration$Builder",
        "method": "build",
        "arguments": "{}"
    },
    {
        "class": "com.google.android.gms.ads.MobileAds",
        "method": "setRequestConfiguration",
        "arguments": "{\"0\":\"<instance: com.google.android.gms.ads.RequestConfiguration>\"}"
    },
    {
        "class": "com.google.android.gms.ads.MobileAds",
        "method": "getRequestConfiguration",
        "arguments": "{}"
    },
    {
        "class": "com.google.android.gms.ads.RequestConfiguration",
        "method": "toBuilder",
        "arguments": "{}"
    },
    {
        "class": "com.google.android.gms.ads.RequestConfiguration$Builder",
        "method": "setTagForChildDirectedTreatment",
        "arguments": "{\"0\":1}"
    },
    {
        "class": "com.google.android.gms.ads.RequestConfiguration$Builder",
        "method": "setTagForUnderAgeOfConsent",
        "arguments": "{\"0\":1}"
    },
    {
        "class": "com.google.android.gms.ads.RequestConfiguration$Builder",
        "method": "setMaxAdContentRating",
        "arguments": "{\"0\":null}"
    },
    {
        "class": "com.google.android.gms.ads.RequestConfiguration$Builder",
        "method": "setTestDeviceIds",
        "arguments": "{\"0\":\"<instance: java.util.List, $className: java.util.ArrayList>\"}"
    },
    {
        "class": "com.google.android.gms.ads.RequestConfiguration$Builder",
        "method": "setTagForChildDirectedTreatment",
        "arguments": "{\"0\":1}"
    },
    {
        "class": "com.google.android.gms.ads.RequestConfiguration$Builder",
        "method": "build",
        "arguments": "{}"
    },
    {
        "class": "com.google.android.gms.ads.RequestConfiguration$Builder",
        "method": "setTagForUnderAgeOfConsent",
        "arguments": "{\"0\":1}"
    },
    {
        "class": "com.google.android.gms.ads.RequestConfiguration$Builder",
        "method": "build",
        "arguments": "{}"
    },
    {
        "class": "com.google.android.gms.ads.MobileAds",
        "method": "setRequestConfiguration",
        "arguments": "{\"0\":\"<instance: com.google.android.gms.ads.RequestConfiguration>\"}"
    },
    {
        "class": "com.google.android.gms.ads.MobileAds",
        "method": "getRequestConfiguration",
        "arguments": "{}"
    },
    {
        "class": "com.google.android.gms.ads.RequestConfiguration",
        "method": "toBuilder",
        "arguments": "{}"
    },
    {
        "class": "com.google.android.gms.ads.RequestConfiguration$Builder",
        "method": "setTagForChildDirectedTreatment",
        "arguments": "{\"0\":1}"
    },
    {
        "class": "com.google.android.gms.ads.RequestConfiguration$Builder",
        "method": "setTagForUnderAgeOfConsent",
        "arguments": "{\"0\":1}"
    },
    {
        "class": "com.google.android.gms.ads.RequestConfiguration$Builder",
        "method": "setMaxAdContentRating",
        "arguments": "{\"0\":null}"
    },
    {
        "class": "com.google.android.gms.ads.RequestConfiguration$Builder",
        "method": "setTestDeviceIds",
        "arguments": "{\"0\":\"<instance: java.util.List, $className: java.util.ArrayList>\"}"
    },
    {
        "class": "com.google.android.gms.ads.RequestConfiguration$Builder",
        "method": "setTagForChildDirectedTreatment",
        "arguments": "{\"0\":1}"
    },
    {
        "class": "com.google.android.gms.ads.RequestConfiguration$Builder",
        "method": "build",
        "arguments": "{}"
    },
    {
        "class": "com.google.android.gms.ads.RequestConfiguration$Builder",
        "method": "setTagForUnderAgeOfConsent",
        "arguments": "{\"0\":1}"
    },
    {
        "class": "com.google.android.gms.ads.RequestConfiguration$Builder",
        "method": "build",
        "arguments": "{}"
    },
    {
        "class": "com.google.android.gms.ads.MobileAds",
        "method": "setRequestConfiguration",
        "arguments": "{\"0\":\"<instance: com.google.android.gms.ads.RequestConfiguration>\"}"
    },
    {
        "class": "com.google.android.gms.ads.MobileAds",
        "method": "getRequestConfiguration",
        "arguments": "{}"
    },
    {
        "class": "com.google.android.gms.ads.RequestConfiguration",
        "method": "toBuilder",
        "arguments": "{}"
    },
    {
        "class": "com.google.android.gms.ads.RequestConfiguration$Builder",
        "method": "setTagForChildDirectedTreatment",
        "arguments": "{\"0\":1}"
    },
    {
        "class": "com.google.android.gms.ads.RequestConfiguration$Builder",
        "method": "setTagForUnderAgeOfConsent",
        "arguments": "{\"0\":1}"
    },
    {
        "class": "com.google.android.gms.ads.RequestConfiguration$Builder",
        "method": "setMaxAdContentRating",
        "arguments": "{\"0\":null}"
    },
    {
        "class": "com.google.android.gms.ads.RequestConfiguration$Builder",
        "method": "setTestDeviceIds",
        "arguments": "{\"0\":\"<instance: java.util.List, $className: java.util.ArrayList>\"}"
    },
    {
        "class": "com.google.android.gms.ads.RequestConfiguration$Builder",
        "method": "setTagForChildDirectedTreatment",
        "arguments": "{\"0\":1}"
    },
    {
        "class": "com.google.android.gms.ads.RequestConfiguration$Builder",
        "method": "build",
        "arguments": "{}"
    },
    {
        "class": "com.google.android.gms.ads.RequestConfiguration$Builder",
        "method": "setTagForUnderAgeOfConsent",
        "arguments": "{\"0\":1}"
    },
    {
        "class": "com.google.android.gms.ads.RequestConfiguration$Builder",
        "method": "build",
        "arguments": "{}"
    },
    {
        "class": "com.google.android.gms.ads.MobileAds",
        "method": "setRequestConfiguration",
        "arguments": "{\"0\":\"<instance: com.google.android.gms.ads.RequestConfiguration>\"}"
    },
    {
        "class": "com.google.android.gms.ads.MobileAds",
        "method": "getRequestConfiguration",
        "arguments": "{}"
    },
    {
        "class": "com.google.android.gms.ads.RequestConfiguration",
        "method": "toBuilder",
        "arguments": "{}"
    },
    {
        "class": "com.google.android.gms.ads.RequestConfiguration$Builder",
        "method": "setTagForChildDirectedTreatment",
        "arguments": "{\"0\":1}"
    },
    {
        "class": "com.google.android.gms.ads.RequestConfiguration$Builder",
        "method": "setTagForUnderAgeOfConsent",
        "arguments": "{\"0\":1}"
    },
    {
        "class": "com.google.android.gms.ads.RequestConfiguration$Builder",
        "method": "setMaxAdContentRating",
        "arguments": "{\"0\":null}"
    },
    {
        "class": "com.google.android.gms.ads.RequestConfiguration$Builder",
        "method": "setTestDeviceIds",
        "arguments": "{\"0\":\"<instance: java.util.List, $className: java.util.ArrayList>\"}"
    },
    {
        "class": "com.google.android.gms.ads.RequestConfiguration$Builder",
        "method": "setTagForChildDirectedTreatment",
        "arguments": "{\"0\":1}"
    },
    {
        "class": "com.google.android.gms.ads.RequestConfiguration$Builder",
        "method": "build",
        "arguments": "{}"
    },
    {
        "class": "com.google.android.gms.ads.RequestConfiguration$Builder",
        "method": "setTagForUnderAgeOfConsent",
        "arguments": "{\"0\":1}"
    },
    {
        "class": "com.google.android.gms.ads.RequestConfiguration$Builder",
        "method": "build",
        "arguments": "{}"
    },
    {
        "class": "com.google.android.gms.ads.MobileAds",
        "method": "setRequestConfiguration",
        "arguments": "{\"0\":\"<instance: com.google.android.gms.ads.RequestConfiguration>\"}"
    },
    {
        "class": "com.google.android.gms.ads.MobileAds",
        "method": "getRequestConfiguration",
        "arguments": "{}"
    },
    {
        "class": "com.google.android.gms.ads.RequestConfiguration",
        "method": "toBuilder",
        "arguments": "{}"
    },
    {
        "class": "com.google.android.gms.ads.RequestConfiguration$Builder",
        "method": "setTagForChildDirectedTreatment",
        "arguments": "{\"0\":1}"
    },
    {
        "class": "com.google.android.gms.ads.RequestConfiguration$Builder",
        "method": "setTagForUnderAgeOfConsent",
        "arguments": "{\"0\":1}"
    },
    {
        "class": "com.google.android.gms.ads.RequestConfiguration$Builder",
        "method": "setMaxAdContentRating",
        "arguments": "{\"0\":null}"
    },
    {
        "class": "com.google.android.gms.ads.RequestConfiguration$Builder",
        "method": "setTestDeviceIds",
        "arguments": "{\"0\":\"<instance: java.util.List, $className: java.util.ArrayList>\"}"
    },
    {
        "class": "com.google.android.gms.ads.RequestConfiguration$Builder",
        "method": "setTagForChildDirectedTreatment",
        "arguments": "{\"0\":1}"
    },
    {
        "class": "com.google.android.gms.ads.RequestConfiguration$Builder",
        "method": "build",
        "arguments": "{}"
    },
    {
        "class": "com.google.android.gms.ads.RequestConfiguration$Builder",
        "method": "setTagForUnderAgeOfConsent",
        "arguments": "{\"0\":1}"
    },
    {
        "class": "com.google.android.gms.ads.RequestConfiguration$Builder",
        "method": "build",
        "arguments": "{}"
    },
    {
        "class": "com.google.android.gms.ads.MobileAds",
        "method": "setRequestConfiguration",
        "arguments": "{\"0\":\"<instance: com.google.android.gms.ads.RequestConfiguration>\"}"
    },
    {
        "class": "com.inmobi.sdk.InMobiSdk",
        "method": "getVersion",
        "arguments": "{}"
    },
    {
        "class": "com.vungle.ads.VungleAds",
        "method": "access$getInitializer$cp",
        "arguments": "{}"
    },
    {
        "class": "com.vungle.ads.VungleAds",
        "method": "access$getInitializer$cp",
        "arguments": "{}"
    },
    {
        "class": "io.bidmachine.BidMachine",
        "method": "setLoggingEnabled",
        "arguments": "{\"0\":false}"
    },
    {
        "class": "io.bidmachine.BidMachine",
        "method": "initialize",
        "arguments": "{\"0\":\"<instance: android.content.Context, $className: com.sybogames.chili.SubwayApplication>\",\"1\":\"e6487d5e-a269-4872-80a5-b6a61c8ab82b\",\"2\":\"<instance: io.bidmachine.InitializationCallback, $className: com.ironsource.adapters.bidmachine.a>\"}"
    },
    {
        "class": "com.unity3d.ads.metadata.MetaData",
        "method": "setCategory",
        "arguments": "{\"0\":\"mediation\"}"
    },
    {
        "class": "com.unity3d.ads.metadata.MetaData",
        "method": "set",
        "arguments": "{\"0\":\"name\",\"1\":\"<instance: java.lang.Object, $className: java.lang.String>\"}"
    },
    {
        "class": "com.unity3d.ads.metadata.MetaData",
        "method": "getActualKey",
        "arguments": "{\"0\":\"name\"}"
    },
    {
        "class": "com.unity3d.ads.metadata.MetaData",
        "method": "getCategory",
        "arguments": "{}"
    },
    {
        "class": "com.unity3d.ads.metadata.MetaData",
        "method": "getCategory",
        "arguments": "{}"
    },
    {
        "class": "com.unity3d.ads.metadata.MetaData",
        "method": "getActualKey",
        "arguments": "{\"0\":\"name\"}"
    },
    {
        "class": "com.unity3d.ads.metadata.MetaData",
        "method": "getCategory",
        "arguments": "{}"
    },
    {
        "class": "com.unity3d.ads.metadata.MetaData",
        "method": "getCategory",
        "arguments": "{}"
    },
    {
        "class": "com.unity3d.ads.metadata.MetaData",
        "method": "set",
        "arguments": "{\"0\":\"version\",\"1\":\"<instance: java.lang.Object, $className: java.lang.String>\"}"
    },
    {
        "class": "com.unity3d.ads.metadata.MetaData",
        "method": "getActualKey",
        "arguments": "{\"0\":\"version\"}"
    },
    {
        "class": "com.unity3d.ads.metadata.MetaData",
        "method": "getCategory",
        "arguments": "{}"
    },
    {
        "class": "com.unity3d.ads.metadata.MetaData",
        "method": "getCategory",
        "arguments": "{}"
    },
    {
        "class": "com.unity3d.ads.metadata.MetaData",
        "method": "getActualKey",
        "arguments": "{\"0\":\"version\"}"
    },
    {
        "class": "com.unity3d.ads.metadata.MetaData",
        "method": "getCategory",
        "arguments": "{}"
    },
    {
        "class": "com.unity3d.ads.metadata.MetaData",
        "method": "getCategory",
        "arguments": "{}"
    },
    {
        "class": "com.unity3d.ads.metadata.MetaData",
        "method": "set",
        "arguments": "{\"0\":\"adapter_version\",\"1\":\"<instance: java.lang.Object, $className: java.lang.String>\"}"
    },
    {
        "class": "com.unity3d.ads.metadata.MetaData",
        "method": "getActualKey",
        "arguments": "{\"0\":\"adapter_version\"}"
    },
    {
        "class": "com.unity3d.ads.metadata.MetaData",
        "method": "getCategory",
        "arguments": "{}"
    },
    {
        "class": "com.unity3d.ads.metadata.MetaData",
        "method": "getCategory",
        "arguments": "{}"
    },
    {
        "class": "com.unity3d.ads.metadata.MetaData",
        "method": "getActualKey",
        "arguments": "{\"0\":\"adapter_version\"}"
    },
    {
        "class": "com.unity3d.ads.metadata.MetaData",
        "method": "getCategory",
        "arguments": "{}"
    },
    {
        "class": "com.unity3d.ads.metadata.MetaData",
        "method": "getCategory",
        "arguments": "{}"
    },
    {
        "class": "com.unity3d.ads.metadata.MetaData",
        "method": "commit",
        "arguments": "{}"
    },
    {
        "class": "com.unity3d.ads.metadata.MetaData",
        "method": "set",
        "arguments": "{\"0\":\"adsGatewayV2\",\"1\":\"<instance: java.lang.Object, $className: java.lang.Boolean>\"}"
    },
    {
        "class": "com.unity3d.ads.metadata.MetaData",
        "method": "getActualKey",
        "arguments": "{\"0\":\"adsGatewayV2\"}"
    },
    {
        "class": "com.unity3d.ads.metadata.MetaData",
        "method": "getCategory",
        "arguments": "{}"
    },
    {
        "class": "com.unity3d.ads.metadata.MetaData",
        "method": "getActualKey",
        "arguments": "{\"0\":\"adsGatewayV2\"}"
    },
    {
        "class": "com.unity3d.ads.metadata.MetaData",
        "method": "getCategory",
        "arguments": "{}"
    },
    {
        "class": "com.unity3d.ads.metadata.MetaData",
        "method": "commit",
        "arguments": "{}"
    },
    {
        "class": "com.unity3d.ads.UnityAds",
        "method": "setDebugMode",
        "arguments": "{\"0\":false}"
    },
    {
        "class": "com.unity3d.ads.UnityAds",
        "method": "initialize",
        "arguments": "{\"0\":\"<instance: android.content.Context, $className: com.sybogames.chili.SubwayApplication>\",\"1\":\"3447644\",\"2\":false,\"3\":\"<instance: com.unity3d.ads.IUnityAdsInitializationListener, $className: com.ironsource.adapters.unityads.UnityAdsAdapter>\"}"
    },
    {
        "class": "com.unity3d.ads.UnityAds",
        "method": "getToken",
        "arguments": "{\"0\":\"<instance: com.unity3d.ads.IUnityAdsTokenListener, $className: com.ironsource.adapters.unityads.UnityAdsAdapter$1>\"}"
    },
    {
        "class": "com.google.android.gms.ads.MobileAds",
        "method": "getVersion",
        "arguments": "{}"
    },
    {
        "class": "com.google.android.gms.ads.MobileAds",
        "method": "disableMediationAdapterInitialization",
        "arguments": "{\"0\":\"<instance: android.content.Context, $className: com.sybogames.chili.SubwayApplication>\"}"
    },
    {
        "class": "com.google.android.gms.ads.MobileAds",
        "method": "initialize",
        "arguments": "{\"0\":\"<instance: android.content.Context, $className: com.sybogames.chili.SubwayApplication>\"}"
    },
    {
        "class": "com.google.android.gms.ads.RequestConfiguration",
        "method": "getTagForChildDirectedTreatment",
        "arguments": "{}"
    },
    {
        "class": "com.google.android.gms.ads.RequestConfiguration",
        "method": "getTagForChildDirectedTreatment",
        "arguments": "{}"
    },
    {
        "class": "com.google.android.gms.ads.RequestConfiguration",
        "method": "getTagForUnderAgeOfConsent",
        "arguments": "{}"
    },
    {
        "class": "com.inmobi.sdk.InMobiSdk",
        "method": "setLogLevel",
        "arguments": "{\"0\":\"<instance: com.inmobi.sdk.InMobiSdk$LogLevel>\"}"
    },
    {
        "class": "com.inmobi.sdk.InMobiSdk",
        "method": "init",
        "arguments": "{\"0\":\"<instance: android.content.Context, $className: com.sybogames.chili.SubwayApplication>\",\"1\":\"4b60cfde54ba4804ac64e67020fe7f99\",\"2\":\"<instance: org.json.JSONObject>\",\"3\":\"<instance: com.inmobi.sdk.SdkInitializationListener, $className: com.ironsource.adapters.inmobi.InMobiInitListener>\"}"
    },
    {
        "class": "com.inmobi.sdk.InMobiSdk",
        "method": "a",
        "arguments": "{\"0\":\"<instance: android.content.Context, $className: com.sybogames.chili.SubwayApplication>\",\"1\":\"4b60cfde54ba4804ac64e67020fe7f99\",\"2\":\"<instance: org.json.JSONObject>\",\"3\":\"<instance: com.inmobi.sdk.SdkInitializationListener, $className: com.ironsource.adapters.inmobi.InMobiInitListener>\"}"
    },
    {
        "class": "com.inmobi.sdk.InMobiSdk",
        "method": "a",
        "arguments": "{\"0\":\"<instance: android.content.Context, $className: com.sybogames.chili.SubwayApplication>\",\"1\":\"<instance: com.inmobi.sdk.SdkInitializationListener, $className: com.ironsource.adapters.inmobi.InMobiInitListener>\",\"2\":\"4b60cfde54ba4804ac64e67020fe7f99\",\"3\":\"<instance: org.json.JSONObject>\"}"
    },
    {
        "class": "com.inmobi.sdk.InMobiSdk",
        "method": "a",
        "arguments": "{}"
    },
    {
        "class": "com.inmobi.sdk.InMobiSdk",
        "method": "b",
        "arguments": "{}"
    },
    {
        "class": "com.inmobi.sdk.InMobiSdk",
        "method": "a",
        "arguments": "{\"0\":\"<instance: android.content.Context, $className: com.sybogames.chili.SubwayApplication>\",\"1\":\"4b60cfde54ba4804ac64e67020fe7f99\",\"2\":\"<instance: com.inmobi.sdk.SdkInitializationListener, $className: com.ironsource.adapters.inmobi.InMobiInitListener>\",\"3\":\"6033761\"}"
    },
    {
        "class": "com.google.firebase.analytics.FirebaseAnalytics",
        "method": "logEvent",
        "arguments": "{\"0\":\"ad_init\",\"1\":\"<instance: android.os.Bundle>\"}"
    },
    {
        "class": "com.google.firebase.analytics.FirebaseAnalytics",
        "method": "getInstance",
        "arguments": "{\"0\":\"<instance: android.content.Context, $className: com.sybogames.chili.SubwayApplication>\"}"
    },
    {
        "class": "com.google.firebase.analytics.FirebaseAnalytics",
        "method": "getFirebaseInstanceId",
        "arguments": "{}"
    },
    {
        "class": "com.inmobi.sdk.InMobiSdk",
        "method": "b",
        "arguments": "{\"0\":\"<instance: com.inmobi.sdk.SdkInitializationListener, $className: com.ironsource.adapters.inmobi.InMobiInitListener>\",\"1\":null}"
    },
    {
        "class": "com.inmobi.sdk.InMobiSdk",
        "method": "c",
        "arguments": "{\"0\":\"<instance: com.inmobi.sdk.SdkInitializationListener, $className: com.ironsource.adapters.inmobi.InMobiInitListener>\",\"1\":null}"
    },
    {
        "class": "com.inmobi.sdk.InMobiSdk",
        "method": "setIsAgeRestricted",
        "arguments": "{\"0\":true}"
    },
    {
        "class": "com.inmobi.sdk.InMobiSdk",
        "method": "getToken",
        "arguments": "{\"0\":\"<instance: java.util.Map, $className: java.util.HashMap>\",\"1\":\"\"}"
    },
    {
        "class": "io.bidmachine.BidMachine",
        "method": "getBidToken",
        "arguments": "{\"0\":\"<instance: android.content.Context, $className: com.sybogames.chili.SubwayApplication>\",\"1\":\"<instance: io.bidmachine.AdsFormat>\"}"
    },
    {
        "class": "com.vungle.ads.VungleAds",
        "method": "access$getVungleInternal$cp",
        "arguments": "{}"
    },
    {
        "class": "com.vungle.ads.VungleAds",
        "method": "access$getInitializer$cp",
        "arguments": "{}"
    },
    {
        "class": "com.google.android.gms.ads.AdRequest$Builder",
        "method": "self",
        "arguments": "{}"
    },
    {
        "class": "com.google.android.gms.ads.AdRequest$Builder",
        "method": "self",
        "arguments": "{}"
    },
    {
        "class": "com.unity3d.ads.UnityAds",
        "method": "getToken",
        "arguments": "{\"0\":\"<instance: com.unity3d.ads.IUnityAdsTokenListener, $className: com.ironsource.adapters.unityads.UnityAdsAdapter$1>\"}"
    },
    {
        "class": "com.google.android.gms.ads.AdRequest$Builder",
        "method": "self",
        "arguments": "{}"
    },
    {
        "class": "com.google.android.gms.ads.AdRequest$Builder",
        "method": "self",
        "arguments": "{}"
    },
    {
        "class": "com.unity3d.ads.UnityAds",
        "method": "getVersion",
        "arguments": "{}"
    },
    {
        "class": "com.google.android.gms.ads.AdRequest$Builder",
        "method": "build",
        "arguments": "{}"
    },
    {
        "class": "com.google.android.gms.ads.MobileAds",
        "method": "getVersion",
        "arguments": "{}"
    },
    {
        "class": "com.vungle.ads.VungleAds",
        "method": "access$getVungleInternal$cp",
        "arguments": "{}"
    },
    {
        "class": "com.vungle.ads.VungleAds",
        "method": "access$getVungleInternal$cp",
        "arguments": "{}"
    },
    {
        "class": "com.google.android.gms.ads.AdRequest",
        "method": "zza",
        "arguments": "{}"
    },
    {
        "class": "com.google.android.gms.ads.RequestConfiguration",
        "method": "getTestDeviceIds",
        "arguments": "{}"
    },
    {
        "class": "com.google.android.gms.ads.RequestConfiguration",
        "method": "getTagForChildDirectedTreatment",
        "arguments": "{}"
    },
    {
        "class": "com.google.android.gms.ads.RequestConfiguration",
        "method": "getMaxAdContentRating",
        "arguments": "{}"
    },
    {
        "class": "com.google.android.gms.ads.RequestConfiguration",
        "method": "getTagForUnderAgeOfConsent",
        "arguments": "{}"
    },
    {
        "class": "com.google.android.gms.ads.RequestConfiguration",
        "method": "getPublisherPrivacyPersonalizationState",
        "arguments": "{}"
    },
    {
        "class": "com.inmobi.sdk.InMobiSdk",
        "method": "getVersion",
        "arguments": "{}"
    },
    {
        "class": "com.google.firebase.analytics.FirebaseAnalytics",
        "method": "getScionFrontendApiImplementation",
        "arguments": "{\"0\":\"<instance: android.content.Context, $className: com.sybogames.chili.SubwayApplication>\",\"1\":null}"
    },
    {
        "class": "com.facebook.FacebookSdk",
        "method": "sdkInitialize",
        "arguments": "{\"0\":\"<instance: android.content.Context, $className: com.sybogames.chili.SubwayApplication>\"}"
    },
    {
        "class": "com.facebook.FacebookSdk",
        "method": "sdkInitialize",
        "arguments": "{\"0\":\"<instance: android.content.Context, $className: com.sybogames.chili.SubwayApplication>\",\"1\":null}"
    },
    {
        "class": "com.facebook.FacebookSdk",
        "method": "loadDefaultsFromMetadata$facebook_core_release",
        "arguments": "{\"0\":\"<instance: android.content.Context, $className: com.sybogames.chili.SubwayApplication>\"}"
    },
    {
        "class": "com.facebook.FacebookSdk",
        "method": "getAutoInitEnabled",
        "arguments": "{}"
    },
    {
        "class": "com.facebook.FacebookSdk",
        "method": "isInitialized",
        "arguments": "{}"
    },
    {
        "class": "com.facebook.FacebookSdk",
        "method": "getApplicationContext",
        "arguments": "{}"
    },
    {
        "class": "com.facebook.FacebookSdk",
        "method": "isInitialized",
        "arguments": "{}"
    },
    {
        "class": "com.facebook.FacebookSdk",
        "method": "getApplicationContext",
        "arguments": "{}"
    },
    {
        "class": "com.facebook.FacebookSdk",
        "method": "isInitialized",
        "arguments": "{}"
    },
    {
        "class": "com.facebook.FacebookSdk",
        "method": "getApplicationContext",
        "arguments": "{}"
    },
    {
        "class": "com.facebook.FacebookSdk",
        "method": "isInitialized",
        "arguments": "{}"
    },
    {
        "class": "com.facebook.FacebookSdk",
        "method": "getApplicationContext",
        "arguments": "{}"
    },
    {
        "class": "com.facebook.FacebookSdk",
        "method": "isInitialized",
        "arguments": "{}"
    },
    {
        "class": "com.facebook.FacebookSdk",
        "method": "getExecutor",
        "arguments": "{}"
    },
    {
        "class": "com.facebook.FacebookSdk",
        "method": "getApplicationId",
        "arguments": "{}"
    },
    {
        "class": "com.facebook.FacebookSdk",
        "method": "getApplicationContext",
        "arguments": "{}"
    },
    {
        "class": "com.facebook.FacebookSdk",
        "method": "isInitialized",
        "arguments": "{}"
    },
    {
        "class": "com.facebook.FacebookSdk",
        "method": "isInitialized",
        "arguments": "{}"
    },
    {
        "class": "com.facebook.FacebookSdk",
        "method": "isInitialized",
        "arguments": "{}"
    },
    {
        "class": "com.facebook.FacebookSdk",
        "method": "isLoggingBehaviorEnabled",
        "arguments": "{\"0\":\"<instance: com.facebook.LoggingBehavior>\"}"
    },
    {
        "class": "com.facebook.FacebookSdk",
        "method": "isInitialized",
        "arguments": "{}"
    },
    {
        "class": "com.facebook.FacebookSdk",
        "method": "isDebugEnabled",
        "arguments": "{}"
    },
    {
        "class": "com.facebook.FacebookSdk",
        "method": "getApplicationContext",
        "arguments": "{}"
    },
    {
        "class": "com.facebook.FacebookSdk",
        "method": "isLoggingBehaviorEnabled",
        "arguments": "{\"0\":\"<instance: com.facebook.LoggingBehavior>\"}"
    },
    {
        "class": "com.facebook.FacebookSdk",
        "method": "isInitialized",
        "arguments": "{}"
    },
    {
        "class": "com.google.firebase.analytics.FirebaseAnalytics",
        "method": "getInstance",
        "arguments": "{\"0\":\"<instance: android.content.Context, $className: com.sybogames.chili.SubwayApplication>\"}"
    },
    {
        "class": "com.facebook.FacebookSdk",
        "method": "isDebugEnabled",
        "arguments": "{}"
    },
    {
        "class": "com.google.firebase.analytics.FirebaseAnalytics",
        "method": "getFirebaseInstanceId",
        "arguments": "{}"
    },
    {
        "class": "com.facebook.FacebookSdk",
        "method": "getGraphApiVersion",
        "arguments": "{}"
    },
    {
        "class": "com.facebook.FacebookSdk",
        "method": "isInitialized",
        "arguments": "{}"
    },
    {
        "class": "com.facebook.FacebookSdk",
        "method": "isDebugEnabled",
        "arguments": "{}"
    },
    {
        "class": "com.facebook.FacebookSdk",
        "method": "getApplicationContext",
        "arguments": "{}"
    },
    {
        "class": "com.facebook.FacebookSdk",
        "method": "getGraphDomain",
        "arguments": "{}"
    },
    {
        "class": "com.facebook.FacebookSdk",
        "method": "isInitialized",
        "arguments": "{}"
    },
    {
        "class": "com.facebook.FacebookSdk",
        "method": "getApplicationContext",
        "arguments": "{}"
    },
    {
        "class": "com.facebook.FacebookSdk",
        "method": "isInitialized",
        "arguments": "{}"
    },
    {
        "class": "com.facebook.FacebookSdk",
        "method": "getApplicationContext",
        "arguments": "{}"
    },
    {
        "class": "com.facebook.FacebookSdk",
        "method": "getFacebookDomain",
        "arguments": "{}"
    },
    {
        "class": "com.facebook.FacebookSdk",
        "method": "isInitialized",
        "arguments": "{}"
    },
    {
        "class": "com.facebook.FacebookSdk",
        "method": "getGraphDomain",
        "arguments": "{}"
    },
    {
        "class": "com.google.firebase.analytics.FirebaseAnalytics",
        "method": "getInstance",
        "arguments": "{\"0\":\"<instance: android.content.Context, $className: com.sybogames.chili.SubwayApplication>\"}"
    },
    {
        "class": "com.facebook.FacebookSdk",
        "method": "getFacebookDomain",
        "arguments": "{}"
    },
    {
        "class": "com.google.firebase.analytics.FirebaseAnalytics",
        "method": "getFirebaseInstanceId",
        "arguments": "{}"
    },
    {
        "class": "com.facebook.FacebookSdk",
        "method": "getApplicationId",
        "arguments": "{}"
    },
    {
        "class": "com.facebook.FacebookSdk",
        "method": "getApplicationId",
        "arguments": "{}"
    },
    {
        "class": "com.facebook.FacebookSdk",
        "method": "isInitialized",
        "arguments": "{}"
    },
    {
        "class": "com.facebook.FacebookSdk",
        "method": "getClientToken",
        "arguments": "{}"
    },
    {
        "class": "com.facebook.FacebookSdk",
        "method": "isInitialized",
        "arguments": "{}"
    },
    {
        "class": "com.facebook.FacebookSdk",
        "method": "isInitialized",
        "arguments": "{}"
    },
    {
        "class": "com.facebook.FacebookSdk",
        "method": "getAutoLogAppEventsEnabled",
        "arguments": "{}"
    },
    {
        "class": "com.facebook.FacebookSdk",
        "method": "getGraphDomain",
        "arguments": "{}"
    },
    {
        "class": "com.google.firebase.analytics.FirebaseAnalytics",
        "method": "getInstance",
        "arguments": "{\"0\":\"<instance: android.content.Context, $className: com.sybogames.chili.SubwayApplication>\"}"
    },
    {
        "class": "com.facebook.FacebookSdk",
        "method": "isInitialized",
        "arguments": "{}"
    },
    {
        "class": "com.facebook.FacebookSdk",
        "method": "getFacebookDomain",
        "arguments": "{}"
    },
    {
        "class": "com.google.firebase.analytics.FirebaseAnalytics",
        "method": "getFirebaseInstanceId",
        "arguments": "{}"
    },
    {
        "class": "com.facebook.FacebookSdk",
        "method": "getApplicationContext",
        "arguments": "{}"
    },
    {
        "class": "com.facebook.FacebookSdk",
        "method": "getApplicationId",
        "arguments": "{}"
    },
    {
        "class": "com.facebook.FacebookSdk",
        "method": "isInitialized",
        "arguments": "{}"
    },
    {
        "class": "com.facebook.FacebookSdk",
        "method": "isInitialized",
        "arguments": "{}"
    },
    {
        "class": "com.facebook.FacebookSdk",
        "method": "getApplicationId",
        "arguments": "{}"
    },
    {
        "class": "com.facebook.FacebookSdk",
        "method": "getClientToken",
        "arguments": "{}"
    },
    {
        "class": "com.facebook.FacebookSdk",
        "method": "isInitialized",
        "arguments": "{}"
    },
    {
        "class": "com.facebook.FacebookSdk",
        "method": "fullyInitialize",
        "arguments": "{}"
    },
    {
        "class": "com.facebook.FacebookSdk",
        "method": "isInitialized",
        "arguments": "{}"
    },
    {
        "class": "com.facebook.FacebookSdk",
        "method": "getApplicationContext",
        "arguments": "{}"
    },
    {
        "class": "com.facebook.FacebookSdk",
        "method": "isInitialized",
        "arguments": "{}"
    },
    {
        "class": "com.facebook.FacebookSdk",
        "method": "isInitialized",
        "arguments": "{}"
    },
    {
        "class": "com.facebook.FacebookSdk",
        "method": "getApplicationId",
        "arguments": "{}"
    },
    {
        "class": "com.facebook.FacebookSdk",
        "method": "isLoggingBehaviorEnabled",
        "arguments": "{\"0\":\"<instance: com.facebook.LoggingBehavior>\"}"
    },
    {
        "class": "com.facebook.FacebookSdk",
        "method": "isInitialized",
        "arguments": "{}"
    },
    {
        "class": "com.facebook.FacebookSdk",
        "method": "isDebugEnabled",
        "arguments": "{}"
    },
    {
        "class": "com.facebook.FacebookSdk",
        "method": "getApplicationContext",
        "arguments": "{}"
    },
    {
        "class": "com.facebook.FacebookSdk",
        "method": "isInitialized",
        "arguments": "{}"
    },
    {
        "class": "com.facebook.FacebookSdk",
        "method": "isLoggingBehaviorEnabled",
        "arguments": "{\"0\":\"<instance: com.facebook.LoggingBehavior>\"}"
    },
    {
        "class": "com.facebook.FacebookSdk",
        "method": "getApplicationId",
        "arguments": "{}"
    },
    {
        "class": "com.facebook.FacebookSdk",
        "method": "isInitialized",
        "arguments": "{}"
    },
    {
        "class": "com.google.firebase.analytics.FirebaseAnalytics",
        "method": "getInstance",
        "arguments": "{\"0\":\"<instance: android.content.Context, $className: com.sybogames.chili.SubwayApplication>\"}"
    },
    {
        "class": "com.facebook.FacebookSdk",
        "method": "isDebugEnabled",
        "arguments": "{}"
    },
    {
        "class": "com.facebook.FacebookSdk",
        "method": "getExecutor",
        "arguments": "{}"
    },
    {
        "class": "com.google.firebase.analytics.FirebaseAnalytics",
        "method": "getFirebaseInstanceId",
        "arguments": "{}"
    },
    {
        "class": "com.facebook.FacebookSdk",
        "method": "getExecutor",
        "arguments": "{}"
    },
    {
        "class": "com.facebook.FacebookSdk",
        "method": "getExecutor",
        "arguments": "{}"
    },
    {
        "class": "com.facebook.FacebookSdk",
        "method": "getApplicationContext",
        "arguments": "{}"
    },
    {
        "class": "com.facebook.FacebookSdk",
        "method": "isInitialized",
        "arguments": "{}"
    },
    {
        "class": "com.facebook.FacebookSdk",
        "method": "isLoggingBehaviorEnabled",
        "arguments": "{\"0\":\"<instance: com.facebook.LoggingBehavior>\"}"
    },
    {
        "class": "com.facebook.FacebookSdk",
        "method": "h",
        "arguments": "{}"
    },
    {
        "class": "com.facebook.FacebookSdk",
        "method": "getApplicationContext",
        "arguments": "{}"
    },
    {
        "class": "com.facebook.FacebookSdk",
        "method": "isDebugEnabled",
        "arguments": "{}"
    },
    {
        "class": "com.facebook.FacebookSdk",
        "method": "sdkInitialize$lambda-3",
        "arguments": "{}"
    },
    {
        "class": "com.facebook.FacebookSdk",
        "method": "isLoggingBehaviorEnabled",
        "arguments": "{\"0\":\"<instance: com.facebook.LoggingBehavior>\"}"
    },
    {
        "class": "com.facebook.FacebookSdk",
        "method": "isInitialized",
        "arguments": "{}"
    },
    {
        "class": "com.facebook.FacebookSdk",
        "method": "isDebugEnabled",
        "arguments": "{}"
    },
    {
        "class": "com.facebook.FacebookSdk",
        "method": "getApplicationId",
        "arguments": "{}"
    },
    {
        "class": "com.facebook.FacebookSdk",
        "method": "isLoggingBehaviorEnabled",
        "arguments": "{\"0\":\"<instance: com.facebook.LoggingBehavior>\"}"
    },
    {
        "class": "com.facebook.FacebookSdk",
        "method": "getGraphApiVersion",
        "arguments": "{}"
    },
    {
        "class": "com.facebook.FacebookSdk",
        "method": "getApplicationContext",
        "arguments": "{}"
    },
    {
        "class": "com.facebook.FacebookSdk",
        "method": "isInitialized",
        "arguments": "{}"
    },
    {
        "class": "com.facebook.FacebookSdk",
        "method": "getApplicationContext",
        "arguments": "{}"
    },
    {
        "class": "com.facebook.FacebookSdk",
        "method": "isDebugEnabled",
        "arguments": "{}"
    },
    {
        "class": "com.facebook.FacebookSdk",
        "method": "isDebugEnabled",
        "arguments": "{}"
    },
    {
        "class": "com.facebook.FacebookSdk",
        "method": "isInitialized",
        "arguments": "{}"
    },
    {
        "class": "com.facebook.FacebookSdk",
        "method": "isInitialized",
        "arguments": "{}"
    },
    {
        "class": "com.facebook.FacebookSdk",
        "method": "getGraphDomain",
        "arguments": "{}"
    },
    {
        "class": "com.facebook.FacebookSdk",
        "method": "getApplicationContext",
        "arguments": "{}"
    },
    {
        "class": "com.facebook.FacebookSdk",
        "method": "getFacebookDomain",
        "arguments": "{}"
    },
    {
        "class": "com.facebook.FacebookSdk",
        "method": "getExecutor",
        "arguments": "{}"
    },
    {
        "class": "com.facebook.FacebookSdk",
        "method": "isLoggingBehaviorEnabled",
        "arguments": "{\"0\":\"<instance: com.facebook.LoggingBehavior>\"}"
    },
    {
        "class": "com.facebook.FacebookSdk",
        "method": "getApplicationId",
        "arguments": "{}"
    },
    {
        "class": "com.facebook.FacebookSdk",
        "method": "isInitialized",
        "arguments": "{}"
    },
    {
        "class": "com.facebook.FacebookSdk",
        "method": "getGraphDomain",
        "arguments": "{}"
    },
    {
        "class": "com.facebook.FacebookSdk",
        "method": "getSdkVersion",
        "arguments": "{}"
    },
    {
        "class": "com.facebook.FacebookSdk",
        "method": "isInitialized",
        "arguments": "{}"
    },
    {
        "class": "com.facebook.FacebookSdk",
        "method": "getApplicationContext",
        "arguments": "{}"
    },
    {
        "class": "com.facebook.FacebookSdk",
        "method": "isDebugEnabled",
        "arguments": "{}"
    },
    {
        "class": "com.facebook.FacebookSdk",
        "method": "getFacebookDomain",
        "arguments": "{}"
    },
    {
        "class": "com.facebook.FacebookSdk",
        "method": "getApplicationContext",
        "arguments": "{}"
    },
    {
        "class": "com.facebook.FacebookSdk",
        "method": "isInitialized",
        "arguments": "{}"
    },
    {
        "class": "com.facebook.FacebookSdk",
        "method": "isLoggingBehaviorEnabled",
        "arguments": "{\"0\":\"<instance: com.facebook.LoggingBehavior>\"}"
    },
    {
        "class": "com.google.firebase.analytics.FirebaseAnalytics",
        "method": "getInstance",
        "arguments": "{\"0\":\"<instance: android.content.Context, $className: com.sybogames.chili.SubwayApplication>\"}"
    },
    {
        "class": "com.facebook.FacebookSdk",
        "method": "getExecutor",
        "arguments": "{}"
    },
    {
        "class": "com.facebook.FacebookSdk",
        "method": "getApplicationId",
        "arguments": "{}"
    },
    {
        "class": "com.facebook.FacebookSdk",
        "method": "isLoggingBehaviorEnabled",
        "arguments": "{\"0\":\"<instance: com.facebook.LoggingBehavior>\"}"
    },
    {
        "class": "com.facebook.FacebookSdk",
        "method": "isInitialized",
        "arguments": "{}"
    },
    {
        "class": "com.facebook.FacebookSdk",
        "method": "isDebugEnabled",
        "arguments": "{}"
    },
    {
        "class": "com.google.firebase.analytics.FirebaseAnalytics",
        "method": "getFirebaseInstanceId",
        "arguments": "{}"
    },
    {
        "class": "com.facebook.FacebookSdk",
        "method": "getApplicationContext",
        "arguments": "{}"
    },
    {
        "class": "com.facebook.FacebookSdk",
        "method": "getApplicationId",
        "arguments": "{}"
    },
    {
        "class": "com.facebook.FacebookSdk",
        "method": "isDebugEnabled",
        "arguments": "{}"
    },
    {
        "class": "com.facebook.FacebookSdk",
        "method": "isLoggingBehaviorEnabled",
        "arguments": "{\"0\":\"<instance: com.facebook.LoggingBehavior>\"}"
    },
    {
        "class": "com.facebook.FacebookSdk",
        "method": "isInitialized",
        "arguments": "{}"
    },
    {
        "class": "com.facebook.FacebookSdk",
        "method": "isLoggingBehaviorEnabled",
        "arguments": "{\"0\":\"<instance: com.facebook.LoggingBehavior>\"}"
    },
    {
        "class": "com.facebook.FacebookSdk",
        "method": "isInitialized",
        "arguments": "{}"
    },
    {
        "class": "com.facebook.FacebookSdk",
        "method": "getExecutor",
        "arguments": "{}"
    },
    {
        "class": "com.facebook.FacebookSdk",
        "method": "getApplicationId",
        "arguments": "{}"
    },
    {
        "class": "com.facebook.FacebookSdk",
        "method": "isInitialized",
        "arguments": "{}"
    },
    {
        "class": "com.facebook.FacebookSdk",
        "method": "isDebugEnabled",
        "arguments": "{}"
    },
    {
        "class": "com.facebook.FacebookSdk",
        "method": "isInitialized",
        "arguments": "{}"
    },
    {
        "class": "com.facebook.FacebookSdk",
        "method": "getApplicationContext",
        "arguments": "{}"
    },
    {
        "class": "com.facebook.FacebookSdk",
        "method": "isInitialized",
        "arguments": "{}"
    },
    {
        "class": "com.facebook.FacebookSdk",
        "method": "getExecutor",
        "arguments": "{}"
    },
    {
        "class": "com.facebook.FacebookSdk",
        "method": "getClientToken",
        "arguments": "{}"
    },
    {
        "class": "com.facebook.FacebookSdk",
        "method": "isDebugEnabled",
        "arguments": "{}"
    },
    {
        "class": "com.facebook.FacebookSdk",
        "method": "isInitialized",
        "arguments": "{}"
    },
    {
        "class": "com.facebook.FacebookSdk",
        "method": "getApplicationId",
        "arguments": "{}"
    },
    {
        "class": "com.facebook.FacebookSdk",
        "method": "isLoggingBehaviorEnabled",
        "arguments": "{\"0\":\"<instance: com.facebook.LoggingBehavior>\"}"
    },
    {
        "class": "com.facebook.FacebookSdk",
        "method": "isInitialized",
        "arguments": "{}"
    },
    {
        "class": "com.facebook.FacebookSdk",
        "method": "getGraphDomain",
        "arguments": "{}"
    },
    {
        "class": "com.facebook.FacebookSdk",
        "method": "getApplicationContext",
        "arguments": "{}"
    },
    {
        "class": "com.facebook.FacebookSdk",
        "method": "isDebugEnabled",
        "arguments": "{}"
    },
    {
        "class": "com.facebook.FacebookSdk",
        "method": "isInitialized",
        "arguments": "{}"
    },
    {
        "class": "com.facebook.FacebookSdk",
        "method": "getGraphApiVersion",
        "arguments": "{}"
    },
    {
        "class": "com.facebook.FacebookSdk",
        "method": "getFacebookDomain",
        "arguments": "{}"
    },
    {
        "class": "com.google.firebase.analytics.FirebaseAnalytics",
        "method": "getInstance",
        "arguments": "{\"0\":\"<instance: android.content.Context, $className: com.sybogames.chili.SubwayApplication>\"}"
    },
    {
        "class": "com.facebook.FacebookSdk",
        "method": "getExecutor",
        "arguments": "{}"
    },
    {
        "class": "com.facebook.FacebookSdk",
        "method": "isLoggingBehaviorEnabled",
        "arguments": "{\"0\":\"<instance: com.facebook.LoggingBehavior>\"}"
    },
    {
        "class": "com.facebook.FacebookSdk",
        "method": "getExecutor",
        "arguments": "{}"
    },
    {
        "class": "com.facebook.FacebookSdk",
        "method": "getApplicationId",
        "arguments": "{}"
    },
    {
        "class": "com.facebook.FacebookSdk",
        "method": "d",
        "arguments": "{\"0\":null}"
    },
    {
        "class": "com.facebook.FacebookSdk",
        "method": "isDebugEnabled",
        "arguments": "{}"
    },
    {
        "class": "com.facebook.FacebookSdk",
        "method": "sdkInitialize$lambda-9",
        "arguments": "{\"0\":null}"
    },
    {
        "class": "com.google.firebase.analytics.FirebaseAnalytics",
        "method": "getFirebaseInstanceId",
        "arguments": "{}"
    },
    {
        "class": "com.facebook.FacebookSdk",
        "method": "isDebugEnabled",
        "arguments": "{}"
    },
    {
        "class": "com.facebook.FacebookSdk",
        "method": "isInitialized",
        "arguments": "{}"
    },
    {
        "class": "com.facebook.FacebookSdk",
        "method": "isLegacyTokenUpgradeSupported",
        "arguments": "{}"
    },
    {
        "class": "com.facebook.FacebookSdk",
        "method": "getApplicationContext",
        "arguments": "{}"
    },
    {
        "class": "com.facebook.FacebookSdk",
        "method": "getGraphDomain",
        "arguments": "{}"
    },
    {
        "class": "com.facebook.FacebookSdk",
        "method": "isLoggingBehaviorEnabled",
        "arguments": "{\"0\":\"<instance: com.facebook.LoggingBehavior>\"}"
    },
    {
        "class": "com.facebook.FacebookSdk",
        "method": "getClientToken",
        "arguments": "{}"
    },
    {
        "class": "com.facebook.FacebookSdk",
        "method": "isInitialized",
        "arguments": "{}"
    },
    {
        "class": "com.facebook.FacebookSdk",
        "method": "getFacebookDomain",
        "arguments": "{}"
    },
    {
        "class": "com.facebook.FacebookSdk",
        "method": "isInitialized",
        "arguments": "{}"
    },
    {
        "class": "com.facebook.FacebookSdk",
        "method": "getApplicationContext",
        "arguments": "{}"
    },
    {
        "class": "com.facebook.FacebookSdk",
        "method": "isDebugEnabled",
        "arguments": "{}"
    },
    {
        "class": "com.facebook.FacebookSdk",
        "method": "isFullyInitialized",
        "arguments": "{}"
    },
    {
        "class": "com.facebook.FacebookSdk",
        "method": "getGraphDomain",
        "arguments": "{}"
    },
    {
        "class": "com.facebook.FacebookSdk",
        "method": "isLoggingBehaviorEnabled",
        "arguments": "{\"0\":\"<instance: com.facebook.LoggingBehavior>\"}"
    },
    {
        "class": "com.facebook.FacebookSdk",
        "method": "isInitialized",
        "arguments": "{}"
    },
    {
        "class": "com.google.firebase.analytics.FirebaseAnalytics",
        "method": "getInstance",
        "arguments": "{\"0\":\"<instance: android.content.Context, $className: com.sybogames.chili.SubwayApplication>\"}"
    },
    {
        "class": "com.facebook.FacebookSdk",
        "method": "getApplicationContext",
        "arguments": "{}"
    },
    {
        "class": "com.google.firebase.analytics.FirebaseAnalytics",
        "method": "getFirebaseInstanceId",
        "arguments": "{}"
    },
    {
        "class": "com.facebook.FacebookSdk",
        "method": "isDebugEnabled",
        "arguments": "{}"
    },
    {
        "class": "com.facebook.FacebookSdk",
        "method": "getFacebookDomain",
        "arguments": "{}"
    },
    {
        "class": "com.facebook.FacebookSdk",
        "method": "isInitialized",
        "arguments": "{}"
    },
    {
        "class": "com.facebook.FacebookSdk",
        "method": "isLoggingBehaviorEnabled",
        "arguments": "{\"0\":\"<instance: com.facebook.LoggingBehavior>\"}"
    },
    {
        "class": "com.facebook.FacebookSdk",
        "method": "getAutoLogAppEventsEnabled",
        "arguments": "{}"
    },
    {
        "class": "com.facebook.FacebookSdk",
        "method": "isDebugEnabled",
        "arguments": "{}"
    },
    {
        "class": "com.facebook.FacebookSdk",
        "method": "getApplicationId",
        "arguments": "{}"
    },
    {
        "class": "com.facebook.FacebookSdk",
        "method": "isLoggingBehaviorEnabled",
        "arguments": "{\"0\":\"<instance: com.facebook.LoggingBehavior>\"}"
    },
    {
        "class": "com.facebook.FacebookSdk",
        "method": "isInitialized",
        "arguments": "{}"
    },
    {
        "class": "com.facebook.FacebookSdk",
        "method": "isDebugEnabled",
        "arguments": "{}"
    },
    {
        "class": "com.facebook.FacebookSdk",
        "method": "isInitialized",
        "arguments": "{}"
    },
    {
        "class": "com.facebook.FacebookSdk",
        "method": "getApplicationContext",
        "arguments": "{}"
    },
    {
        "class": "com.facebook.FacebookSdk",
        "method": "isLoggingBehaviorEnabled",
        "arguments": "{\"0\":\"<instance: com.facebook.LoggingBehavior>\"}"
    },
    {
        "class": "com.facebook.FacebookSdk",
        "method": "getClientToken",
        "arguments": "{}"
    },
    {
        "class": "com.facebook.FacebookSdk",
        "method": "isDebugEnabled",
        "arguments": "{}"
    },
    {
        "class": "com.facebook.FacebookSdk",
        "method": "isInitialized",
        "arguments": "{}"
    },
    {
        "class": "com.facebook.FacebookSdk",
        "method": "isInitialized",
        "arguments": "{}"
    },
    {
        "class": "com.facebook.FacebookSdk",
        "method": "getApplicationId",
        "arguments": "{}"
    },
    {
        "class": "com.facebook.FacebookSdk",
        "method": "isInitialized",
        "arguments": "{}"
    },
    {
        "class": "com.facebook.FacebookSdk",
        "method": "isLoggingBehaviorEnabled",
        "arguments": "{\"0\":\"<instance: com.facebook.LoggingBehavior>\"}"
    },
    {
        "class": "com.facebook.FacebookSdk",
        "method": "getGraphDomain",
        "arguments": "{}"
    },
    {
        "class": "com.facebook.FacebookSdk",
        "method": "getFacebookDomain",
        "arguments": "{}"
    },
    {
        "class": "com.facebook.FacebookSdk",
        "method": "getApplicationContext",
        "arguments": "{}"
    },
    {
        "class": "com.facebook.FacebookSdk",
        "method": "isInitialized",
        "arguments": "{}"
    },
    {
        "class": "com.facebook.FacebookSdk",
        "method": "isDebugEnabled",
        "arguments": "{}"
    },
    {
        "class": "com.facebook.FacebookSdk",
        "method": "getApplicationId",
        "arguments": "{}"
    },
    {
        "class": "com.facebook.FacebookSdk",
        "method": "getApplicationContext",
        "arguments": "{}"
    },
    {
        "class": "com.facebook.FacebookSdk",
        "method": "isInitialized",
        "arguments": "{}"
    },
    {
        "class": "com.facebook.FacebookSdk",
        "method": "isInitialized",
        "arguments": "{}"
    },
    {
        "class": "com.facebook.FacebookSdk",
        "method": "isInitialized",
        "arguments": "{}"
    },
    {
        "class": "com.facebook.FacebookSdk",
        "method": "getApplicationContext",
        "arguments": "{}"
    },
    {
        "class": "com.facebook.FacebookSdk",
        "method": "getClientToken",
        "arguments": "{}"
    },
    {
        "class": "com.facebook.FacebookSdk",
        "method": "isLoggingBehaviorEnabled",
        "arguments": "{\"0\":\"<instance: com.facebook.LoggingBehavior>\"}"
    },
    {
        "class": "com.facebook.FacebookSdk",
        "method": "isInitialized",
        "arguments": "{}"
    },
    {
        "class": "com.facebook.FacebookSdk",
        "method": "isInitialized",
        "arguments": "{}"
    },
    {
        "class": "com.facebook.FacebookSdk",
        "method": "isLoggingBehaviorEnabled",
        "arguments": "{\"0\":\"<instance: com.facebook.LoggingBehavior>\"}"
    },
    {
        "class": "com.facebook.FacebookSdk",
        "method": "isDebugEnabled",
        "arguments": "{}"
    },
    {
        "class": "com.facebook.FacebookSdk",
        "method": "getApplicationId",
        "arguments": "{}"
    },
    {
        "class": "com.facebook.FacebookSdk",
        "method": "isDebugEnabled",
        "arguments": "{}"
    },
    {
        "class": "com.facebook.FacebookSdk",
        "method": "isLoggingBehaviorEnabled",
        "arguments": "{\"0\":\"<instance: com.facebook.LoggingBehavior>\"}"
    },
    {
        "class": "com.facebook.FacebookSdk",
        "method": "isInitialized",
        "arguments": "{}"
    },
    {
        "class": "com.facebook.FacebookSdk",
        "method": "isDebugEnabled",
        "arguments": "{}"
    },
    {
        "class": "com.facebook.FacebookSdk",
        "method": "isLoggingBehaviorEnabled",
        "arguments": "{\"0\":\"<instance: com.facebook.LoggingBehavior>\"}"
    },
    {
        "class": "com.facebook.FacebookSdk",
        "method": "isLoggingBehaviorEnabled",
        "arguments": "{\"0\":\"<instance: com.facebook.LoggingBehavior>\"}"
    },
    {
        "class": "com.facebook.FacebookSdk",
        "method": "getApplicationContext",
        "arguments": "{}"
    },
    {
        "class": "com.facebook.FacebookSdk",
        "method": "isDebugEnabled",
        "arguments": "{}"
    },
    {
        "class": "com.facebook.FacebookSdk",
        "method": "isInitialized",
        "arguments": "{}"
    },
    {
        "class": "com.facebook.FacebookSdk",
        "method": "getApplicationContext",
        "arguments": "{}"
    },
    {
        "class": "com.facebook.FacebookSdk",
        "method": "isLoggingBehaviorEnabled",
        "arguments": "{\"0\":\"<instance: com.facebook.LoggingBehavior>\"}"
    },
    {
        "class": "com.facebook.FacebookSdk",
        "method": "isInitialized",
        "arguments": "{}"
    },
    {
        "class": "com.facebook.FacebookSdk",
        "method": "isDebugEnabled",
        "arguments": "{}"
    },
    {
        "class": "com.facebook.FacebookSdk",
        "method": "getLimitEventAndDataUsage",
        "arguments": "{\"0\":\"<instance: android.content.Context, $className: com.sybogames.chili.SubwayApplication>\"}"
    },
    {
        "class": "com.facebook.FacebookSdk",
        "method": "isDebugEnabled",
        "arguments": "{}"
    },
    {
        "class": "com.facebook.FacebookSdk",
        "method": "isLoggingBehaviorEnabled",
        "arguments": "{\"0\":\"<instance: com.facebook.LoggingBehavior>\"}"
    },
    {
        "class": "com.facebook.FacebookSdk",
        "method": "isInitialized",
        "arguments": "{}"
    },
    {
        "class": "com.facebook.FacebookSdk",
        "method": "isLoggingBehaviorEnabled",
        "arguments": "{\"0\":\"<instance: com.facebook.LoggingBehavior>\"}"
    },
    {
        "class": "com.facebook.FacebookSdk",
        "method": "isDebugEnabled",
        "arguments": "{}"
    },
    {
        "class": "com.facebook.FacebookSdk",
        "method": "isFullyInitialized",
        "arguments": "{}"
    },
    {
        "class": "com.facebook.FacebookSdk",
        "method": "isDebugEnabled",
        "arguments": "{}"
    },
    {
        "class": "com.facebook.FacebookSdk",
        "method": "isLoggingBehaviorEnabled",
        "arguments": "{\"0\":\"<instance: com.facebook.LoggingBehavior>\"}"
    },
    {
        "class": "com.facebook.FacebookSdk",
        "method": "isDebugEnabled",
        "arguments": "{}"
    },
    {
        "class": "com.facebook.FacebookSdk",
        "method": "isLoggingBehaviorEnabled",
        "arguments": "{\"0\":\"<instance: com.facebook.LoggingBehavior>\"}"
    },
    {
        "class": "com.facebook.FacebookSdk",
        "method": "isDebugEnabled",
        "arguments": "{}"
    },
    {
        "class": "com.facebook.FacebookSdk",
        "method": "isLoggingBehaviorEnabled",
        "arguments": "{\"0\":\"<instance: com.facebook.LoggingBehavior>\"}"
    },
    {
        "class": "com.facebook.FacebookSdk",
        "method": "isDebugEnabled",
        "arguments": "{}"
    },
    {
        "class": "com.google.firebase.analytics.FirebaseAnalytics",
        "method": "getInstance",
        "arguments": "{\"0\":\"<instance: android.content.Context, $className: com.sybogames.chili.SubwayApplication>\"}"
    },
    {
        "class": "com.google.firebase.analytics.FirebaseAnalytics",
        "method": "getFirebaseInstanceId",
        "arguments": "{}"
    },
    {
        "class": "com.facebook.FacebookSdk",
        "method": "isLoggingBehaviorEnabled",
        "arguments": "{\"0\":\"<instance: com.facebook.LoggingBehavior>\"}"
    },
    {
        "class": "com.facebook.FacebookSdk",
        "method": "isDebugEnabled",
        "arguments": "{}"
    },
    {
        "class": "com.facebook.FacebookSdk",
        "method": "isLoggingBehaviorEnabled",
        "arguments": "{\"0\":\"<instance: com.facebook.LoggingBehavior>\"}"
    },
    {
        "class": "com.facebook.FacebookSdk",
        "method": "isDebugEnabled",
        "arguments": "{}"
    },
    {
        "class": "com.facebook.FacebookSdk",
        "method": "isFullyInitialized",
        "arguments": "{}"
    },
    {
        "class": "com.facebook.FacebookSdk",
        "method": "isLoggingBehaviorEnabled",
        "arguments": "{\"0\":\"<instance: com.facebook.LoggingBehavior>\"}"
    },
    {
        "class": "com.facebook.FacebookSdk",
        "method": "isDebugEnabled",
        "arguments": "{}"
    },
    {
        "class": "com.facebook.FacebookSdk",
        "method": "isLoggingBehaviorEnabled",
        "arguments": "{\"0\":\"<instance: com.facebook.LoggingBehavior>\"}"
    },
    {
        "class": "com.facebook.FacebookSdk",
        "method": "isDebugEnabled",
        "arguments": "{}"
    },
    {
        "class": "com.facebook.FacebookSdk",
        "method": "getApplicationId",
        "arguments": "{}"
    },
    {
        "class": "com.facebook.FacebookSdk",
        "method": "isInitialized",
        "arguments": "{}"
    },
    {
        "class": "com.facebook.FacebookSdk",
        "method": "getApplicationId",
        "arguments": "{}"
    },
    {
        "class": "com.facebook.FacebookSdk",
        "method": "isInitialized",
        "arguments": "{}"
    },
    {
        "class": "com.facebook.FacebookSdk",
        "method": "isLoggingBehaviorEnabled",
        "arguments": "{\"0\":\"<instance: com.facebook.LoggingBehavior>\"}"
    },
    {
        "class": "com.facebook.FacebookSdk",
        "method": "isDebugEnabled",
        "arguments": "{}"
    },
    {
        "class": "com.facebook.FacebookSdk",
        "method": "isLoggingBehaviorEnabled",
        "arguments": "{\"0\":\"<instance: com.facebook.LoggingBehavior>\"}"
    },
    {
        "class": "com.facebook.FacebookSdk",
        "method": "isDebugEnabled",
        "arguments": "{}"
    },
    {
        "class": "com.facebook.FacebookSdk",
        "method": "getSdkVersion",
        "arguments": "{}"
    },
    {
        "class": "com.facebook.FacebookSdk",
        "method": "isLoggingBehaviorEnabled",
        "arguments": "{\"0\":\"<instance: com.facebook.LoggingBehavior>\"}"
    },
    {
        "class": "com.facebook.FacebookSdk",
        "method": "isDebugEnabled",
        "arguments": "{}"
    },
    {
        "class": "com.facebook.FacebookSdk",
        "method": "isLoggingBehaviorEnabled",
        "arguments": "{\"0\":\"<instance: com.facebook.LoggingBehavior>\"}"
    },
    {
        "class": "com.facebook.FacebookSdk",
        "method": "isDebugEnabled",
        "arguments": "{}"
    },
    {
        "class": "com.facebook.FacebookSdk",
        "method": "getGraphApiVersion",
        "arguments": "{}"
    },
    {
        "class": "com.facebook.FacebookSdk",
        "method": "isDebugEnabled",
        "arguments": "{}"
    },
    {
        "class": "com.facebook.FacebookSdk",
        "method": "getGraphDomain",
        "arguments": "{}"
    },
    {
        "class": "com.facebook.FacebookSdk",
        "method": "getFacebookDomain",
        "arguments": "{}"
    },
    {
        "class": "com.facebook.FacebookSdk",
        "method": "getGraphDomain",
        "arguments": "{}"
    },
    {
        "class": "com.facebook.FacebookSdk",
        "method": "getFacebookDomain",
        "arguments": "{}"
    },
    {
        "class": "com.facebook.FacebookSdk",
        "method": "getApplicationId",
        "arguments": "{}"
    },
    {
        "class": "com.facebook.FacebookSdk",
        "method": "isInitialized",
        "arguments": "{}"
    },
    {
        "class": "com.facebook.FacebookSdk",
        "method": "isLoggingBehaviorEnabled",
        "arguments": "{\"0\":\"<instance: com.facebook.LoggingBehavior>\"}"
    },
    {
        "class": "com.facebook.FacebookSdk",
        "method": "getClientToken",
        "arguments": "{}"
    },
    {
        "class": "com.facebook.FacebookSdk",
        "method": "isInitialized",
        "arguments": "{}"
    },
    {
        "class": "com.facebook.FacebookSdk",
        "method": "isDebugEnabled",
        "arguments": "{}"
    },
    {
        "class": "com.facebook.FacebookSdk",
        "method": "getGraphDomain",
        "arguments": "{}"
    },
    {
        "class": "com.facebook.FacebookSdk",
        "method": "getFacebookDomain",
        "arguments": "{}"
    },
    {
        "class": "com.facebook.FacebookSdk",
        "method": "getApplicationId",
        "arguments": "{}"
    },
    {
        "class": "com.facebook.FacebookSdk",
        "method": "isInitialized",
        "arguments": "{}"
    },
    {
        "class": "com.facebook.FacebookSdk",
        "method": "getClientToken",
        "arguments": "{}"
    },
    {
        "class": "com.facebook.FacebookSdk",
        "method": "isInitialized",
        "arguments": "{}"
    },
    {
        "class": "com.facebook.FacebookSdk",
        "method": "isLoggingBehaviorEnabled",
        "arguments": "{\"0\":\"<instance: com.facebook.LoggingBehavior>\"}"
    },
    {
        "class": "com.facebook.FacebookSdk",
        "method": "isLoggingBehaviorEnabled",
        "arguments": "{\"0\":\"<instance: com.facebook.LoggingBehavior>\"}"
    },
    {
        "class": "com.facebook.FacebookSdk",
        "method": "isDebugEnabled",
        "arguments": "{}"
    },
    {
        "class": "com.facebook.FacebookSdk",
        "method": "isDebugEnabled",
        "arguments": "{}"
    },
    {
        "class": "com.facebook.FacebookSdk",
        "method": "isLoggingBehaviorEnabled",
        "arguments": "{\"0\":\"<instance: com.facebook.LoggingBehavior>\"}"
    },
    {
        "class": "com.facebook.FacebookSdk",
        "method": "isDebugEnabled",
        "arguments": "{}"
    },
    {
        "class": "com.facebook.FacebookSdk",
        "method": "isLoggingBehaviorEnabled",
        "arguments": "{\"0\":\"<instance: com.facebook.LoggingBehavior>\"}"
    },
    {
        "class": "com.facebook.FacebookSdk",
        "method": "isDebugEnabled",
        "arguments": "{}"
    },
    {
        "class": "com.facebook.FacebookSdk",
        "method": "isLoggingBehaviorEnabled",
        "arguments": "{\"0\":\"<instance: com.facebook.LoggingBehavior>\"}"
    },
    {
        "class": "com.facebook.FacebookSdk",
        "method": "getApplicationContext",
        "arguments": "{}"
    },
    {
        "class": "com.facebook.FacebookSdk",
        "method": "isDebugEnabled",
        "arguments": "{}"
    },
    {
        "class": "com.facebook.FacebookSdk",
        "method": "isInitialized",
        "arguments": "{}"
    },
    {
        "class": "com.facebook.FacebookSdk",
        "method": "isLoggingBehaviorEnabled",
        "arguments": "{\"0\":\"<instance: com.facebook.LoggingBehavior>\"}"
    },
    {
        "class": "com.facebook.FacebookSdk",
        "method": "getApplicationId",
        "arguments": "{}"
    },
    {
        "class": "com.facebook.FacebookSdk",
        "method": "isInitialized",
        "arguments": "{}"
    },
    {
        "class": "com.facebook.FacebookSdk",
        "method": "isDebugEnabled",
        "arguments": "{}"
    },
    {
        "class": "com.facebook.FacebookSdk",
        "method": "getApplicationId",
        "arguments": "{}"
    },
    {
        "class": "com.facebook.FacebookSdk",
        "method": "isLoggingBehaviorEnabled",
        "arguments": "{\"0\":\"<instance: com.facebook.LoggingBehavior>\"}"
    },
    {
        "class": "com.facebook.FacebookSdk",
        "method": "isInitialized",
        "arguments": "{}"
    },
    {
        "class": "com.facebook.FacebookSdk",
        "method": "isDebugEnabled",
        "arguments": "{}"
    },
    {
        "class": "com.facebook.FacebookSdk",
        "method": "isLoggingBehaviorEnabled",
        "arguments": "{\"0\":\"<instance: com.facebook.LoggingBehavior>\"}"
    },
    {
        "class": "com.facebook.FacebookSdk",
        "method": "a",
        "arguments": "{\"0\":true}"
    },
    {
        "class": "com.facebook.FacebookSdk",
        "method": "isDebugEnabled",
        "arguments": "{}"
    },
    {
        "class": "com.facebook.FacebookSdk",
        "method": "sdkInitialize$lambda-4",
        "arguments": "{\"0\":true}"
    },
    {
        "class": "com.facebook.FacebookSdk",
        "method": "isLoggingBehaviorEnabled",
        "arguments": "{\"0\":\"<instance: com.facebook.LoggingBehavior>\"}"
    },
    {
        "class": "com.facebook.FacebookSdk",
        "method": "getAutoLogAppEventsEnabled",
        "arguments": "{}"
    },
    {
        "class": "com.facebook.FacebookSdk",
        "method": "isDebugEnabled",
        "arguments": "{}"
    },
    {
        "class": "com.facebook.FacebookSdk",
        "method": "isInitialized",
        "arguments": "{}"
    },
    {
        "class": "com.facebook.FacebookSdk",
        "method": "isLoggingBehaviorEnabled",
        "arguments": "{\"0\":\"<instance: com.facebook.LoggingBehavior>\"}"
    },
    {
        "class": "com.facebook.FacebookSdk",
        "method": "isDebugEnabled",
        "arguments": "{}"
    },
    {
        "class": "com.facebook.FacebookSdk",
        "method": "getApplicationContext",
        "arguments": "{}"
    },
    {
        "class": "com.facebook.FacebookSdk",
        "method": "isFullyInitialized",
        "arguments": "{}"
    },
    {
        "class": "com.facebook.FacebookSdk",
        "method": "isInitialized",
        "arguments": "{}"
    },
    {
        "class": "com.facebook.FacebookSdk",
        "method": "getApplicationId",
        "arguments": "{}"
    },
    {
        "class": "com.facebook.FacebookSdk",
        "method": "isInitialized",
        "arguments": "{}"
    },
    {
        "class": "com.facebook.FacebookSdk",
        "method": "getApplicationContext",
        "arguments": "{}"
    },
    {
        "class": "com.facebook.FacebookSdk",
        "method": "isInitialized",
        "arguments": "{}"
    },
    {
        "class": "com.facebook.FacebookSdk",
        "method": "getApplicationContext",
        "arguments": "{}"
    },
    {
        "class": "com.facebook.FacebookSdk",
        "method": "isInitialized",
        "arguments": "{}"
    },
    {
        "class": "com.facebook.FacebookSdk",
        "method": "getApplicationId",
        "arguments": "{}"
    },
    {
        "class": "com.facebook.FacebookSdk",
        "method": "isInitialized",
        "arguments": "{}"
    },
    {
        "class": "com.facebook.FacebookSdk",
        "method": "getApplicationId",
        "arguments": "{}"
    },
    {
        "class": "com.facebook.FacebookSdk",
        "method": "isInitialized",
        "arguments": "{}"
    },
    {
        "class": "com.facebook.FacebookSdk",
        "method": "e",
        "arguments": "{\"0\":true}"
    },
    {
        "class": "com.facebook.FacebookSdk",
        "method": "sdkInitialize$lambda-5",
        "arguments": "{\"0\":true}"
    },
    {
        "class": "com.facebook.FacebookSdk",
        "method": "getApplicationContext",
        "arguments": "{}"
    },
    {
        "class": "com.facebook.FacebookSdk",
        "method": "isInitialized",
        "arguments": "{}"
    },
    {
        "class": "com.facebook.FacebookSdk",
        "method": "getApplicationId",
        "arguments": "{}"
    },
    {
        "class": "com.facebook.FacebookSdk",
        "method": "isInitialized",
        "arguments": "{}"
    },
    {
        "class": "com.facebook.FacebookSdk",
        "method": "getApplicationId",
        "arguments": "{}"
    },
    {
        "class": "com.facebook.FacebookSdk",
        "method": "isInitialized",
        "arguments": "{}"
    },
    {
        "class": "com.facebook.FacebookSdk",
        "method": "getApplicationContext",
        "arguments": "{}"
    },
    {
        "class": "com.facebook.FacebookSdk",
        "method": "isInitialized",
        "arguments": "{}"
    },
    {
        "class": "com.facebook.FacebookSdk",
        "method": "getApplicationContext",
        "arguments": "{}"
    },
    {
        "class": "com.facebook.FacebookSdk",
        "method": "isInitialized",
        "arguments": "{}"
    },
    {
        "class": "com.facebook.FacebookSdk",
        "method": "getApplicationId",
        "arguments": "{}"
    },
    {
        "class": "com.facebook.FacebookSdk",
        "method": "isInitialized",
        "arguments": "{}"
    },
    {
        "class": "com.facebook.FacebookSdk",
        "method": "getApplicationId",
        "arguments": "{}"
    },
    {
        "class": "com.facebook.FacebookSdk",
        "method": "isInitialized",
        "arguments": "{}"
    },
    {
        "class": "com.facebook.FacebookSdk",
        "method": "getApplicationId",
        "arguments": "{}"
    },
    {
        "class": "com.facebook.FacebookSdk",
        "method": "isInitialized",
        "arguments": "{}"
    },
    {
        "class": "com.facebook.FacebookSdk",
        "method": "getApplicationId",
        "arguments": "{}"
    },
    {
        "class": "com.facebook.FacebookSdk",
        "method": "isInitialized",
        "arguments": "{}"
    },
    {
        "class": "com.facebook.FacebookSdk",
        "method": "g",
        "arguments": "{\"0\":false}"
    },
    {
        "class": "com.facebook.FacebookSdk",
        "method": "sdkInitialize$lambda-6",
        "arguments": "{\"0\":false}"
    },
    {
        "class": "com.facebook.FacebookSdk",
        "method": "getApplicationContext",
        "arguments": "{}"
    },
    {
        "class": "com.facebook.FacebookSdk",
        "method": "isInitialized",
        "arguments": "{}"
    },
    {
        "class": "com.facebook.FacebookSdk",
        "method": "getApplicationContext",
        "arguments": "{}"
    },
    {
        "class": "com.facebook.FacebookSdk",
        "method": "isInitialized",
        "arguments": "{}"
    },
    {
        "class": "com.facebook.FacebookSdk",
        "method": "getApplicationId",
        "arguments": "{}"
    },
    {
        "class": "com.facebook.FacebookSdk",
        "method": "isInitialized",
        "arguments": "{}"
    },
    {
        "class": "com.facebook.FacebookSdk",
        "method": "getApplicationId",
        "arguments": "{}"
    },
    {
        "class": "com.facebook.FacebookSdk",
        "method": "isInitialized",
        "arguments": "{}"
    },
    {
        "class": "com.facebook.FacebookSdk",
        "method": "getApplicationId",
        "arguments": "{}"
    },
    {
        "class": "com.facebook.FacebookSdk",
        "method": "isLoggingBehaviorEnabled",
        "arguments": "{\"0\":\"<instance: com.facebook.LoggingBehavior>\"}"
    },
    {
        "class": "com.facebook.FacebookSdk",
        "method": "isInitialized",
        "arguments": "{}"
    },
    {
        "class": "com.facebook.FacebookSdk",
        "method": "isDebugEnabled",
        "arguments": "{}"
    },
    {
        "class": "com.facebook.FacebookSdk",
        "method": "getApplicationId",
        "arguments": "{}"
    },
    {
        "class": "com.facebook.FacebookSdk",
        "method": "isInitialized",
        "arguments": "{}"
    },
    {
        "class": "com.facebook.FacebookSdk",
        "method": "b",
        "arguments": "{\"0\":false}"
    },
    {
        "class": "com.facebook.FacebookSdk",
        "method": "sdkInitialize$lambda-7",
        "arguments": "{\"0\":false}"
    },
    {
        "class": "com.facebook.FacebookSdk",
        "method": "getApplicationContext",
        "arguments": "{}"
    },
    {
        "class": "com.facebook.FacebookSdk",
        "method": "isInitialized",
        "arguments": "{}"
    },
    {
        "class": "com.facebook.FacebookSdk",
        "method": "getApplicationContext",
        "arguments": "{}"
    },
    {
        "class": "com.facebook.FacebookSdk",
        "method": "isInitialized",
        "arguments": "{}"
    },
    {
        "class": "com.facebook.FacebookSdk",
        "method": "isLoggingBehaviorEnabled",
        "arguments": "{\"0\":\"<instance: com.facebook.LoggingBehavior>\"}"
    },
    {
        "class": "com.facebook.FacebookSdk",
        "method": "getApplicationId",
        "arguments": "{}"
    },
    {
        "class": "com.facebook.FacebookSdk",
        "method": "isDebugEnabled",
        "arguments": "{}"
    },
    {
        "class": "com.facebook.FacebookSdk",
        "method": "getApplicationContext",
        "arguments": "{}"
    },
    {
        "class": "com.facebook.FacebookSdk",
        "method": "isInitialized",
        "arguments": "{}"
    },
    {
        "class": "com.facebook.FacebookSdk",
        "method": "isInitialized",
        "arguments": "{}"
    },
    {
        "class": "com.facebook.FacebookSdk",
        "method": "getApplicationId",
        "arguments": "{}"
    },
    {
        "class": "com.facebook.FacebookSdk",
        "method": "isInitialized",
        "arguments": "{}"
    },
    {
        "class": "com.facebook.FacebookSdk",
        "method": "getApplicationId",
        "arguments": "{}"
    },
    {
        "class": "com.facebook.FacebookSdk",
        "method": "isInitialized",
        "arguments": "{}"
    },
    {
        "class": "com.facebook.FacebookSdk",
        "method": "getApplicationId",
        "arguments": "{}"
    },
    {
        "class": "com.facebook.FacebookSdk",
        "method": "isInitialized",
        "arguments": "{}"
    },
    {
        "class": "com.facebook.FacebookSdk",
        "method": "c",
        "arguments": "{\"0\":false}"
    },
    {
        "class": "com.facebook.FacebookSdk",
        "method": "sdkInitialize$lambda-8",
        "arguments": "{\"0\":false}"
    },
    {
        "class": "com.facebook.FacebookSdk",
        "method": "getApplicationContext",
        "arguments": "{}"
    },
    {
        "class": "com.facebook.FacebookSdk",
        "method": "isInitialized",
        "arguments": "{}"
    },
    {
        "class": "com.facebook.FacebookSdk",
        "method": "isInitialized",
        "arguments": "{}"
    },
    {
        "class": "com.facebook.FacebookSdk",
        "method": "getApplicationContext",
        "arguments": "{}"
    },
    {
        "class": "com.facebook.FacebookSdk",
        "method": "isInitialized",
        "arguments": "{}"
    },
    {
        "class": "com.facebook.FacebookSdk",
        "method": "getApplicationId",
        "arguments": "{}"
    },
    {
        "class": "com.facebook.FacebookSdk",
        "method": "getApplicationId",
        "arguments": "{}"
    },
    {
        "class": "com.facebook.FacebookSdk",
        "method": "isInitialized",
        "arguments": "{}"
    },
    {
        "class": "com.facebook.FacebookSdk",
        "method": "isInitialized",
        "arguments": "{}"
    },
    {
        "class": "com.facebook.FacebookSdk",
        "method": "getApplicationId",
        "arguments": "{}"
    },
    {
        "class": "com.facebook.FacebookSdk",
        "method": "getApplicationContext",
        "arguments": "{}"
    },
    {
        "class": "com.facebook.FacebookSdk",
        "method": "isInitialized",
        "arguments": "{}"
    },
    {
        "class": "com.facebook.FacebookSdk",
        "method": "isInitialized",
        "arguments": "{}"
    },
    {
        "class": "com.facebook.FacebookSdk",
        "method": "getApplicationId",
        "arguments": "{}"
    },
    {
        "class": "com.facebook.FacebookSdk",
        "method": "getApplicationId",
        "arguments": "{}"
    },
    {
        "class": "com.facebook.FacebookSdk",
        "method": "isInitialized",
        "arguments": "{}"
    },
    {
        "class": "com.facebook.FacebookSdk",
        "method": "isInitialized",
        "arguments": "{}"
    },
    {
        "class": "com.facebook.FacebookSdk",
        "method": "getAutoLogAppEventsEnabled",
        "arguments": "{}"
    },
    {
        "class": "com.facebook.FacebookSdk",
        "method": "getApplicationId",
        "arguments": "{}"
    },
    {
        "class": "com.facebook.FacebookSdk",
        "method": "isInitialized",
        "arguments": "{}"
    },
    {
        "class": "com.facebook.FacebookSdk",
        "method": "isInitialized",
        "arguments": "{}"
    },
    {
        "class": "com.facebook.FacebookSdk",
        "method": "getApplicationContext",
        "arguments": "{}"
    },
    {
        "class": "com.facebook.FacebookSdk",
        "method": "isInitialized",
        "arguments": "{}"
    },
    {
        "class": "com.facebook.FacebookSdk",
        "method": "getApplicationId",
        "arguments": "{}"
    },
    {
        "class": "com.facebook.FacebookSdk",
        "method": "getApplicationId",
        "arguments": "{}"
    },
    {
        "class": "com.facebook.FacebookSdk",
        "method": "isInitialized",
        "arguments": "{}"
    },
    {
        "class": "com.facebook.FacebookSdk",
        "method": "isInitialized",
        "arguments": "{}"
    },
    {
        "class": "com.facebook.FacebookSdk",
        "method": "getApplicationId",
        "arguments": "{}"
    },
    {
        "class": "com.facebook.FacebookSdk",
        "method": "getApplicationContext",
        "arguments": "{}"
    },
    {
        "class": "com.facebook.FacebookSdk",
        "method": "isInitialized",
        "arguments": "{}"
    },
    {
        "class": "com.facebook.FacebookSdk",
        "method": "isInitialized",
        "arguments": "{}"
    },
    {
        "class": "com.facebook.FacebookSdk",
        "method": "getApplicationId",
        "arguments": "{}"
    },
    {
        "class": "com.facebook.FacebookSdk",
        "method": "getApplicationId",
        "arguments": "{}"
    },
    {
        "class": "com.facebook.FacebookSdk",
        "method": "isInitialized",
        "arguments": "{}"
    },
    {
        "class": "com.facebook.FacebookSdk",
        "method": "isInitialized",
        "arguments": "{}"
    },
    {
        "class": "com.facebook.FacebookSdk",
        "method": "getApplicationId",
        "arguments": "{}"
    },
    {
        "class": "com.facebook.FacebookSdk",
        "method": "isInitialized",
        "arguments": "{}"
    },
    {
        "class": "com.facebook.FacebookSdk",
        "method": "getApplicationContext",
        "arguments": "{}"
    },
    {
        "class": "com.facebook.FacebookSdk",
        "method": "isInitialized",
        "arguments": "{}"
    },
    {
        "class": "com.facebook.FacebookSdk",
        "method": "getApplicationContext",
        "arguments": "{}"
    },
    {
        "class": "com.facebook.FacebookSdk",
        "method": "isInitialized",
        "arguments": "{}"
    },
    {
        "class": "com.facebook.FacebookSdk",
        "method": "getApplicationId",
        "arguments": "{}"
    },
    {
        "class": "com.facebook.FacebookSdk",
        "method": "isInitialized",
        "arguments": "{}"
    },
    {
        "class": "com.facebook.FacebookSdk",
        "method": "getApplicationId",
        "arguments": "{}"
    },
    {
        "class": "com.facebook.FacebookSdk",
        "method": "isInitialized",
        "arguments": "{}"
    },
    {
        "class": "com.facebook.FacebookSdk",
        "method": "getApplicationId",
        "arguments": "{}"
    },
    {
        "class": "com.facebook.FacebookSdk",
        "method": "isInitialized",
        "arguments": "{}"
    },
    {
        "class": "com.facebook.FacebookSdk",
        "method": "getApplicationId",
        "arguments": "{}"
    },
    {
        "class": "com.facebook.FacebookSdk",
        "method": "isInitialized",
        "arguments": "{}"
    },
    {
        "class": "com.facebook.FacebookSdk",
        "method": "getExecutor",
        "arguments": "{}"
    },
    {
        "class": "com.facebook.FacebookSdk",
        "method": "getApplicationContext",
        "arguments": "{}"
    },
    {
        "class": "com.facebook.FacebookSdk",
        "method": "getApplicationContext",
        "arguments": "{}"
    },
    {
        "class": "com.facebook.FacebookSdk",
        "method": "isInitialized",
        "arguments": "{}"
    },
    {
        "class": "com.facebook.FacebookSdk",
        "method": "isInitialized",
        "arguments": "{}"
    },
    {
        "class": "com.facebook.FacebookSdk",
        "method": "getApplicationContext",
        "arguments": "{}"
    },
    {
        "class": "com.facebook.FacebookSdk",
        "method": "isInitialized",
        "arguments": "{}"
    },
    {
        "class": "com.facebook.FacebookSdk",
        "method": "getApplicationId",
        "arguments": "{}"
    },
    {
        "class": "com.facebook.FacebookSdk",
        "method": "isInitialized",
        "arguments": "{}"
    },
    {
        "class": "com.facebook.FacebookSdk",
        "method": "getApplicationId",
        "arguments": "{}"
    },
    {
        "class": "com.facebook.FacebookSdk",
        "method": "isInitialized",
        "arguments": "{}"
    },
    {
        "class": "com.facebook.FacebookSdk",
        "method": "getApplicationId",
        "arguments": "{}"
    },
    {
        "class": "com.facebook.FacebookSdk",
        "method": "isInitialized",
        "arguments": "{}"
    },
    {
        "class": "com.facebook.FacebookSdk",
        "method": "getApplicationId",
        "arguments": "{}"
    },
    {
        "class": "com.facebook.FacebookSdk",
        "method": "isInitialized",
        "arguments": "{}"
    },
    {
        "class": "com.facebook.FacebookSdk",
        "method": "getApplicationId",
        "arguments": "{}"
    },
    {
        "class": "com.facebook.FacebookSdk",
        "method": "isInitialized",
        "arguments": "{}"
    },
    {
        "class": "com.facebook.FacebookSdk",
        "method": "getApplicationContext",
        "arguments": "{}"
    },
    {
        "class": "com.facebook.FacebookSdk",
        "method": "isInitialized",
        "arguments": "{}"
    },
    {
        "class": "com.facebook.FacebookSdk",
        "method": "getApplicationContext",
        "arguments": "{}"
    },
    {
        "class": "com.facebook.FacebookSdk",
        "method": "isInitialized",
        "arguments": "{}"
    },
    {
        "class": "com.facebook.FacebookSdk",
        "method": "getApplicationId",
        "arguments": "{}"
    },
    {
        "class": "com.facebook.FacebookSdk",
        "method": "isInitialized",
        "arguments": "{}"
    },
    {
        "class": "com.facebook.FacebookSdk",
        "method": "getApplicationId",
        "arguments": "{}"
    },
    {
        "class": "com.facebook.FacebookSdk",
        "method": "isInitialized",
        "arguments": "{}"
    },
    {
        "class": "com.facebook.FacebookSdk",
        "method": "getApplicationId",
        "arguments": "{}"
    },
    {
        "class": "com.facebook.FacebookSdk",
        "method": "isInitialized",
        "arguments": "{}"
    },
    {
        "class": "com.facebook.FacebookSdk",
        "method": "getApplicationId",
        "arguments": "{}"
    },
    {
        "class": "com.facebook.FacebookSdk",
        "method": "isInitialized",
        "arguments": "{}"
    },
    {
        "class": "com.facebook.FacebookSdk",
        "method": "getExecutor",
        "arguments": "{}"
    },
    {
        "class": "com.facebook.FacebookSdk",
        "method": "getApplicationContext",
        "arguments": "{}"
    },
    {
        "class": "com.facebook.FacebookSdk",
        "method": "getApplicationContext",
        "arguments": "{}"
    },
    {
        "class": "com.facebook.FacebookSdk",
        "method": "isInitialized",
        "arguments": "{}"
    },
    {
        "class": "com.facebook.FacebookSdk",
        "method": "isInitialized",
        "arguments": "{}"
    },
    {
        "class": "com.facebook.FacebookSdk",
        "method": "getApplicationContext",
        "arguments": "{}"
    },
    {
        "class": "com.facebook.FacebookSdk",
        "method": "getApplicationContext",
        "arguments": "{}"
    },
    {
        "class": "com.facebook.FacebookSdk",
        "method": "isInitialized",
        "arguments": "{}"
    },
    {
        "class": "com.facebook.FacebookSdk",
        "method": "isInitialized",
        "arguments": "{}"
    },
    {
        "class": "com.facebook.FacebookSdk",
        "method": "getApplicationId",
        "arguments": "{}"
    },
    {
        "class": "com.facebook.FacebookSdk",
        "method": "getApplicationContext",
        "arguments": "{}"
    },
    {
        "class": "com.facebook.FacebookSdk",
        "method": "isInitialized",
        "arguments": "{}"
    },
    {
        "class": "com.facebook.FacebookSdk",
        "method": "isInitialized",
        "arguments": "{}"
    },
    {
        "class": "com.facebook.FacebookSdk",
        "method": "getApplicationId",
        "arguments": "{}"
    },
    {
        "class": "com.facebook.FacebookSdk",
        "method": "getApplicationContext",
        "arguments": "{}"
    },
    {
        "class": "com.facebook.FacebookSdk",
        "method": "isInitialized",
        "arguments": "{}"
    },
    {
        "class": "com.facebook.FacebookSdk",
        "method": "isInitialized",
        "arguments": "{}"
    },
    {
        "class": "com.facebook.FacebookSdk",
        "method": "getApplicationId",
        "arguments": "{}"
    },
    {
        "class": "com.facebook.FacebookSdk",
        "method": "isInitialized",
        "arguments": "{}"
    },
    {
        "class": "com.facebook.FacebookSdk",
        "method": "getApplicationId",
        "arguments": "{}"
    },
    {
        "class": "com.facebook.FacebookSdk",
        "method": "getApplicationId",
        "arguments": "{}"
    },
    {
        "class": "com.facebook.FacebookSdk",
        "method": "isInitialized",
        "arguments": "{}"
    },
    {
        "class": "com.facebook.FacebookSdk",
        "method": "isInitialized",
        "arguments": "{}"
    },
    {
        "class": "com.facebook.FacebookSdk",
        "method": "getApplicationId",
        "arguments": "{}"
    },
    {
        "class": "com.facebook.FacebookSdk",
        "method": "getApplicationId",
        "arguments": "{}"
    },
    {
        "class": "com.facebook.FacebookSdk",
        "method": "isInitialized",
        "arguments": "{}"
    },
    {
        "class": "com.facebook.FacebookSdk",
        "method": "getApplicationId",
        "arguments": "{}"
    },
    {
        "class": "com.facebook.FacebookSdk",
        "method": "isInitialized",
        "arguments": "{}"
    },
    {
        "class": "com.facebook.FacebookSdk",
        "method": "isInitialized",
        "arguments": "{}"
    },
    {
        "class": "com.facebook.FacebookSdk",
        "method": "getApplicationContext",
        "arguments": "{}"
    },
    {
        "class": "com.facebook.FacebookSdk",
        "method": "getApplicationId",
        "arguments": "{}"
    },
    {
        "class": "com.facebook.FacebookSdk",
        "method": "isInitialized",
        "arguments": "{}"
    },
    {
        "class": "com.facebook.FacebookSdk",
        "method": "getApplicationContext",
        "arguments": "{}"
    },
    {
        "class": "com.facebook.FacebookSdk",
        "method": "isInitialized",
        "arguments": "{}"
    },
    {
        "class": "com.facebook.FacebookSdk",
        "method": "isInitialized",
        "arguments": "{}"
    },
    {
        "class": "com.facebook.FacebookSdk",
        "method": "getApplicationId",
        "arguments": "{}"
    },
    {
        "class": "com.facebook.FacebookSdk",
        "method": "isInitialized",
        "arguments": "{}"
    },
    {
        "class": "com.facebook.FacebookSdk",
        "method": "getApplicationId",
        "arguments": "{}"
    },
    {
        "class": "com.facebook.FacebookSdk",
        "method": "getApplicationId",
        "arguments": "{}"
    },
    {
        "class": "com.facebook.FacebookSdk",
        "method": "isInitialized",
        "arguments": "{}"
    },
    {
        "class": "com.facebook.FacebookSdk",
        "method": "isInitialized",
        "arguments": "{}"
    },
    {
        "class": "com.facebook.FacebookSdk",
        "method": "isLoggingBehaviorEnabled",
        "arguments": "{\"0\":\"<instance: com.facebook.LoggingBehavior>\"}"
    },
    {
        "class": "com.facebook.FacebookSdk",
        "method": "getApplicationId",
        "arguments": "{}"
    },
    {
        "class": "com.facebook.FacebookSdk",
        "method": "isDebugEnabled",
        "arguments": "{}"
    },
    {
        "class": "com.facebook.FacebookSdk",
        "method": "isInitialized",
        "arguments": "{}"
    },
    {
        "class": "com.facebook.FacebookSdk",
        "method": "isLoggingBehaviorEnabled",
        "arguments": "{\"0\":\"<instance: com.facebook.LoggingBehavior>\"}"
    },
    {
        "class": "com.facebook.FacebookSdk",
        "method": "isDebugEnabled",
        "arguments": "{}"
    },
    {
        "class": "com.facebook.FacebookSdk",
        "method": "getApplicationId",
        "arguments": "{}"
    },
    {
        "class": "com.facebook.FacebookSdk",
        "method": "getGraphApiVersion",
        "arguments": "{}"
    },
    {
        "class": "com.facebook.FacebookSdk",
        "method": "isInitialized",
        "arguments": "{}"
    },
    {
        "class": "com.facebook.FacebookSdk",
        "method": "isDebugEnabled",
        "arguments": "{}"
    },
    {
        "class": "com.facebook.FacebookSdk",
        "method": "getGraphDomain",
        "arguments": "{}"
    },
    {
        "class": "com.facebook.FacebookSdk",
        "method": "getApplicationId",
        "arguments": "{}"
    },
    {
        "class": "com.facebook.FacebookSdk",
        "method": "getFacebookDomain",
        "arguments": "{}"
    },
    {
        "class": "com.facebook.FacebookSdk",
        "method": "isInitialized",
        "arguments": "{}"
    },
    {
        "class": "com.facebook.FacebookSdk",
        "method": "getGraphDomain",
        "arguments": "{}"
    },
    {
        "class": "com.facebook.FacebookSdk",
        "method": "getApplicationContext",
        "arguments": "{}"
    },
    {
        "class": "com.facebook.FacebookSdk",
        "method": "getFacebookDomain",
        "arguments": "{}"
    },
    {
        "class": "com.facebook.FacebookSdk",
        "method": "isInitialized",
        "arguments": "{}"
    },
    {
        "class": "com.facebook.FacebookSdk",
        "method": "getApplicationId",
        "arguments": "{}"
    },
    {
        "class": "com.facebook.FacebookSdk",
        "method": "getApplicationContext",
        "arguments": "{}"
    },
    {
        "class": "com.facebook.FacebookSdk",
        "method": "isInitialized",
        "arguments": "{}"
    },
    {
        "class": "com.facebook.FacebookSdk",
        "method": "getClientToken",
        "arguments": "{}"
    },
    {
        "class": "com.facebook.FacebookSdk",
        "method": "isInitialized",
        "arguments": "{}"
    },
    {
        "class": "com.facebook.FacebookSdk",
        "method": "isInitialized",
        "arguments": "{}"
    },
    {
        "class": "com.facebook.FacebookSdk",
        "method": "getApplicationContext",
        "arguments": "{}"
    },
    {
        "class": "com.facebook.FacebookSdk",
        "method": "getGraphDomain",
        "arguments": "{}"
    },
    {
        "class": "com.facebook.FacebookSdk",
        "method": "isInitialized",
        "arguments": "{}"
    },
    {
        "class": "com.facebook.FacebookSdk",
        "method": "getApplicationContext",
        "arguments": "{}"
    },
    {
        "class": "com.facebook.FacebookSdk",
        "method": "getFacebookDomain",
        "arguments": "{}"
    },
    {
        "class": "com.facebook.FacebookSdk",
        "method": "getApplicationId",
        "arguments": "{}"
    },
    {
        "class": "com.facebook.FacebookSdk",
        "method": "isInitialized",
        "arguments": "{}"
    },
    {
        "class": "com.facebook.FacebookSdk",
        "method": "isInitialized",
        "arguments": "{}"
    },
    {
        "class": "com.facebook.FacebookSdk",
        "method": "getApplicationId",
        "arguments": "{}"
    },
    {
        "class": "com.facebook.FacebookSdk",
        "method": "getClientToken",
        "arguments": "{}"
    },
    {
        "class": "com.facebook.FacebookSdk",
        "method": "isInitialized",
        "arguments": "{}"
    },
    {
        "class": "com.facebook.FacebookSdk",
        "method": "isInitialized",
        "arguments": "{}"
    },
    {
        "class": "com.facebook.FacebookSdk",
        "method": "getApplicationId",
        "arguments": "{}"
    },
    {
        "class": "com.facebook.FacebookSdk",
        "method": "isLoggingBehaviorEnabled",
        "arguments": "{\"0\":\"<instance: com.facebook.LoggingBehavior>\"}"
    },
    {
        "class": "com.facebook.FacebookSdk",
        "method": "isInitialized",
        "arguments": "{}"
    },
    {
        "class": "com.facebook.FacebookSdk",
        "method": "isDebugEnabled",
        "arguments": "{}"
    },
    {
        "class": "com.facebook.FacebookSdk",
        "method": "isLoggingBehaviorEnabled",
        "arguments": "{\"0\":\"<instance: com.facebook.LoggingBehavior>\"}"
    },
    {
        "class": "com.facebook.FacebookSdk",
        "method": "getApplicationId",
        "arguments": "{}"
    },
    {
        "class": "com.facebook.FacebookSdk",
        "method": "isDebugEnabled",
        "arguments": "{}"
    },
    {
        "class": "com.facebook.FacebookSdk",
        "method": "isInitialized",
        "arguments": "{}"
    },
    {
        "class": "com.facebook.FacebookSdk",
        "method": "getApplicationId",
        "arguments": "{}"
    },
    {
        "class": "com.facebook.FacebookSdk",
        "method": "isLoggingBehaviorEnabled",
        "arguments": "{\"0\":\"<instance: com.facebook.LoggingBehavior>\"}"
    },
    {
        "class": "com.facebook.FacebookSdk",
        "method": "isDebugEnabled",
        "arguments": "{}"
    },
    {
        "class": "com.facebook.FacebookSdk",
        "method": "isInitialized",
        "arguments": "{}"
    },
    {
        "class": "com.facebook.FacebookSdk",
        "method": "isLoggingBehaviorEnabled",
        "arguments": "{\"0\":\"<instance: com.facebook.LoggingBehavior>\"}"
    },
    {
        "class": "com.facebook.FacebookSdk",
        "method": "isDebugEnabled",
        "arguments": "{}"
    },
    {
        "class": "com.facebook.FacebookSdk",
        "method": "getApplicationId",
        "arguments": "{}"
    },
    {
        "class": "com.facebook.FacebookSdk",
        "method": "isLoggingBehaviorEnabled",
        "arguments": "{\"0\":\"<instance: com.facebook.LoggingBehavior>\"}"
    },
    {
        "class": "com.facebook.FacebookSdk",
        "method": "isInitialized",
        "arguments": "{}"
    },
    {
        "class": "com.facebook.FacebookSdk",
        "method": "isDebugEnabled",
        "arguments": "{}"
    },
    {
        "class": "com.facebook.FacebookSdk",
        "method": "getApplicationId",
        "arguments": "{}"
    },
    {
        "class": "com.facebook.FacebookSdk",
        "method": "isLoggingBehaviorEnabled",
        "arguments": "{\"0\":\"<instance: com.facebook.LoggingBehavior>\"}"
    },
    {
        "class": "com.facebook.FacebookSdk",
        "method": "isInitialized",
        "arguments": "{}"
    },
    {
        "class": "com.facebook.FacebookSdk",
        "method": "isDebugEnabled",
        "arguments": "{}"
    },
    {
        "class": "com.facebook.FacebookSdk",
        "method": "getApplicationContext",
        "arguments": "{}"
    },
    {
        "class": "com.facebook.FacebookSdk",
        "method": "isLoggingBehaviorEnabled",
        "arguments": "{\"0\":\"<instance: com.facebook.LoggingBehavior>\"}"
    },
    {
        "class": "com.facebook.FacebookSdk",
        "method": "isInitialized",
        "arguments": "{}"
    },
    {
        "class": "com.facebook.FacebookSdk",
        "method": "isDebugEnabled",
        "arguments": "{}"
    },
    {
        "class": "com.facebook.FacebookSdk",
        "method": "getApplicationContext",
        "arguments": "{}"
    },
    {
        "class": "com.facebook.FacebookSdk",
        "method": "isLoggingBehaviorEnabled",
        "arguments": "{\"0\":\"<instance: com.facebook.LoggingBehavior>\"}"
    },
    {
        "class": "com.facebook.FacebookSdk",
        "method": "isInitialized",
        "arguments": "{}"
    },
    {
        "class": "com.facebook.FacebookSdk",
        "method": "isDebugEnabled",
        "arguments": "{}"
    },
    {
        "class": "com.facebook.FacebookSdk",
        "method": "getApplicationContext",
        "arguments": "{}"
    },
    {
        "class": "com.facebook.FacebookSdk",
        "method": "isLoggingBehaviorEnabled",
        "arguments": "{\"0\":\"<instance: com.facebook.LoggingBehavior>\"}"
    },
    {
        "class": "com.facebook.FacebookSdk",
        "method": "isInitialized",
        "arguments": "{}"
    },
    {
        "class": "com.facebook.FacebookSdk",
        "method": "isDebugEnabled",
        "arguments": "{}"
    },
    {
        "class": "com.facebook.FacebookSdk",
        "method": "getApplicationContext",
        "arguments": "{}"
    },
    {
        "class": "com.facebook.FacebookSdk",
        "method": "isFullyInitialized",
        "arguments": "{}"
    },
    {
        "class": "com.facebook.FacebookSdk",
        "method": "isInitialized",
        "arguments": "{}"
    },
    {
        "class": "com.facebook.FacebookSdk",
        "method": "getApplicationId",
        "arguments": "{}"
    },
    {
        "class": "com.facebook.FacebookSdk",
        "method": "isInitialized",
        "arguments": "{}"
    },
    {
        "class": "com.facebook.FacebookSdk",
        "method": "getApplicationId",
        "arguments": "{}"
    },
    {
        "class": "com.facebook.FacebookSdk",
        "method": "isInitialized",
        "arguments": "{}"
    },
    {
        "class": "com.facebook.FacebookSdk",
        "method": "getApplicationId",
        "arguments": "{}"
    },
    {
        "class": "com.facebook.FacebookSdk",
        "method": "isInitialized",
        "arguments": "{}"
    },
    {
        "class": "com.facebook.FacebookSdk",
        "method": "getApplicationId",
        "arguments": "{}"
    },
    {
        "class": "com.facebook.FacebookSdk",
        "method": "isInitialized",
        "arguments": "{}"
    },
    {
        "class": "com.facebook.FacebookSdk",
        "method": "getApplicationId",
        "arguments": "{}"
    },
    {
        "class": "com.facebook.FacebookSdk",
        "method": "isInitialized",
        "arguments": "{}"
    },
    {
        "class": "com.facebook.FacebookSdk",
        "method": "getApplicationId",
        "arguments": "{}"
    },
    {
        "class": "com.facebook.FacebookSdk",
        "method": "isInitialized",
        "arguments": "{}"
    },
    {
        "class": "com.facebook.FacebookSdk",
        "method": "getApplicationContext",
        "arguments": "{}"
    },
    {
        "class": "com.facebook.FacebookSdk",
        "method": "isInitialized",
        "arguments": "{}"
    },
    {
        "class": "com.facebook.FacebookSdk",
        "method": "getApplicationContext",
        "arguments": "{}"
    },
    {
        "class": "com.facebook.FacebookSdk",
        "method": "isInitialized",
        "arguments": "{}"
    },
    {
        "class": "com.facebook.FacebookSdk",
        "method": "getApplicationContext",
        "arguments": "{}"
    },
    {
        "class": "com.facebook.FacebookSdk",
        "method": "isInitialized",
        "arguments": "{}"
    },
    {
        "class": "com.facebook.FacebookSdk",
        "method": "getApplicationId",
        "arguments": "{}"
    },
    {
        "class": "com.facebook.FacebookSdk",
        "method": "isInitialized",
        "arguments": "{}"
    },
    {
        "class": "com.facebook.FacebookSdk",
        "method": "getApplicationId",
        "arguments": "{}"
    },
    {
        "class": "com.facebook.FacebookSdk",
        "method": "isInitialized",
        "arguments": "{}"
    },
    {
        "class": "com.facebook.FacebookSdk",
        "method": "getApplicationId",
        "arguments": "{}"
    },
    {
        "class": "com.facebook.FacebookSdk",
        "method": "isInitialized",
        "arguments": "{}"
    },
    {
        "class": "com.facebook.FacebookSdk",
        "method": "getApplicationId",
        "arguments": "{}"
    },
    {
        "class": "com.facebook.FacebookSdk",
        "method": "isInitialized",
        "arguments": "{}"
    },
    {
        "class": "com.facebook.FacebookSdk",
        "method": "getApplicationId",
        "arguments": "{}"
    },
    {
        "class": "com.facebook.FacebookSdk",
        "method": "isInitialized",
        "arguments": "{}"
    },
    {
        "class": "com.facebook.FacebookSdk",
        "method": "getApplicationId",
        "arguments": "{}"
    },
    {
        "class": "com.facebook.FacebookSdk",
        "method": "isInitialized",
        "arguments": "{}"
    },
    {
        "class": "com.facebook.FacebookSdk",
        "method": "getApplicationContext",
        "arguments": "{}"
    },
    {
        "class": "com.facebook.FacebookSdk",
        "method": "isInitialized",
        "arguments": "{}"
    },
    {
        "class": "com.google.firebase.analytics.FirebaseAnalytics",
        "method": "getInstance",
        "arguments": "{\"0\":\"<instance: android.content.Context, $className: com.sybogames.chili.multidex.ChiliMultidexSupportActivity>\"}"
    },
    {
        "class": "com.facebook.FacebookSdk",
        "method": "getApplicationContext",
        "arguments": "{}"
    },
    {
        "class": "com.facebook.FacebookSdk",
        "method": "isInitialized",
        "arguments": "{}"
    },
    {
        "class": "com.facebook.FacebookSdk",
        "method": "getApplicationId",
        "arguments": "{}"
    },
    {
        "class": "com.facebook.FacebookSdk",
        "method": "isInitialized",
        "arguments": "{}"
    },
    {
        "class": "com.facebook.FacebookSdk",
        "method": "getApplicationId",
        "arguments": "{}"
    },
    {
        "class": "com.facebook.FacebookSdk",
        "method": "isLoggingBehaviorEnabled",
        "arguments": "{\"0\":\"<instance: com.facebook.LoggingBehavior>\"}"
    },
    {
        "class": "com.facebook.FacebookSdk",
        "method": "isInitialized",
        "arguments": "{}"
    },
    {
        "class": "com.google.firebase.analytics.FirebaseAnalytics",
        "method": "getInstance",
        "arguments": "{\"0\":\"<instance: android.content.Context, $className: com.sybogames.chili.multidex.ChiliMultidexSupportActivity>\"}"
    },
    {
        "class": "com.facebook.FacebookSdk",
        "method": "getApplicationId",
        "arguments": "{}"
    },
    {
        "class": "com.facebook.FacebookSdk",
        "method": "isDebugEnabled",
        "arguments": "{}"
    },
    {
        "class": "com.facebook.FacebookSdk",
        "method": "isInitialized",
        "arguments": "{}"
    },
    {
        "class": "com.facebook.FacebookSdk",
        "method": "isLoggingBehaviorEnabled",
        "arguments": "{\"0\":\"<instance: com.facebook.LoggingBehavior>\"}"
    },
    {
        "class": "com.facebook.FacebookSdk",
        "method": "getApplicationId",
        "arguments": "{}"
    },
    {
        "class": "com.facebook.FacebookSdk",
        "method": "isDebugEnabled",
        "arguments": "{}"
    },
    {
        "class": "com.facebook.FacebookSdk",
        "method": "isInitialized",
        "arguments": "{}"
    },
    {
        "class": "com.google.firebase.analytics.FirebaseAnalytics",
        "method": "setUserProperty",
        "arguments": "{\"0\":\"vendor_id\",\"1\":\"e3a31e550fb3c262823c3c2a5b35123b\"}"
    },
    {
        "class": "com.google.firebase.analytics.FirebaseAnalytics",
        "method": "setUserProperty",
        "arguments": "{\"0\":\"analytics_user_id\",\"1\":\"17086463-0abe-4f8c-8271-ff2ef6987542\"}"
    },
    {
        "class": "com.google.firebase.analytics.FirebaseAnalytics",
        "method": "setUserProperty",
        "arguments": "{\"0\":\"net_ping\",\"1\":\"0\"}"
    },
    {
        "class": "com.google.firebase.analytics.FirebaseAnalytics",
        "method": "setUserProperty",
        "arguments": "{\"0\":\"network_type\",\"1\":\"Invalid\"}"
    },
    {
        "class": "com.google.firebase.analytics.FirebaseAnalytics",
        "method": "setUserProperty",
        "arguments": "{\"0\":\"network_type\",\"1\":\"ConnectedToWIFI\"}"
    },
    {
        "class": "com.google.firebase.analytics.FirebaseAnalytics",
        "method": "setUserProperty",
        "arguments": "{\"0\":\"pkg_sample_value\",\"1\":\"43\"}"
    },
    {
        "class": "com.facebook.FacebookSdk",
        "method": "getApplicationId",
        "arguments": "{}"
    },
    {
        "class": "com.facebook.FacebookSdk",
        "method": "isInitialized",
        "arguments": "{}"
    },
    {
        "class": "com.google.firebase.analytics.FirebaseAnalytics",
        "method": "logEvent",
        "arguments": "{\"0\":\"device_info\",\"1\":\"<instance: android.os.Bundle>\"}"
    },
    {
        "class": "com.google.firebase.analytics.FirebaseAnalytics",
        "method": "getInstance",
        "arguments": "{\"0\":\"<instance: android.content.Context, $className: com.sybogames.chili.SubwayApplication>\"}"
    },
    {
        "class": "com.google.firebase.analytics.FirebaseAnalytics",
        "method": "logEvent",
        "arguments": "{\"0\":\"bootstrap_start\",\"1\":\"<instance: android.os.Bundle>\"}"
    },
    {
        "class": "com.google.firebase.analytics.FirebaseAnalytics",
        "method": "setUserProperty",
        "arguments": "{\"0\":\"platform\",\"1\":\"google\"}"
    },
    {
        "class": "com.google.firebase.analytics.FirebaseAnalytics",
        "method": "getFirebaseInstanceId",
        "arguments": "{}"
    },
    {
        "class": "com.google.firebase.analytics.FirebaseAnalytics",
        "method": "setUserProperty",
        "arguments": "{\"0\":\"region_code\",\"1\":\"cn\"}"
    },
    {
        "class": "com.google.firebase.analytics.FirebaseAnalytics",
        "method": "setUserProperty",
        "arguments": "{\"0\":\"language\",\"1\":\"zh-cn\"}"
    },
    {
        "class": "com.google.firebase.analytics.FirebaseAnalytics",
        "method": "setUserProperty",
        "arguments": "{\"0\":\"language\",\"1\":\"zh-cn\"}"
    },
    {
        "class": "com.google.firebase.analytics.FirebaseAnalytics",
        "method": "setAnalyticsCollectionEnabled",
        "arguments": "{\"0\":true}"
    },
    {
        "class": "com.google.firebase.analytics.FirebaseAnalytics",
        "method": "setUserProperty",
        "arguments": "{\"0\":\"genuine_app\",\"1\":\"0\"}"
    },
    {
        "class": "com.google.firebase.analytics.FirebaseAnalytics",
        "method": "setUserProperty",
        "arguments": "{\"0\":\"installer_package\",\"1\":\"com.android.packageinstaller\"}"
    },
    {
        "class": "com.google.firebase.analytics.FirebaseAnalytics",
        "method": "getInstance",
        "arguments": "{\"0\":\"<instance: android.content.Context, $className: com.sybogames.chili.SubwayApplication>\"}"
    },
    {
        "class": "com.google.firebase.analytics.FirebaseAnalytics",
        "method": "getFirebaseInstanceId",
        "arguments": "{}"
    },
    {
        "class": "com.google.firebase.analytics.FirebaseAnalytics",
        "method": "getInstance",
        "arguments": "{\"0\":\"<instance: android.content.Context, $className: com.sybogames.chili.SubwayApplication>\"}"
    },
    {
        "class": "com.google.firebase.analytics.FirebaseAnalytics",
        "method": "getFirebaseInstanceId",
        "arguments": "{}"
    },
    {
        "class": "com.google.firebase.analytics.FirebaseAnalytics",
        "method": "getInstance",
        "arguments": "{\"0\":\"<instance: android.content.Context, $className: com.sybogames.chili.SubwayApplication>\"}"
    },
    {
        "class": "com.google.firebase.analytics.FirebaseAnalytics",
        "method": "getFirebaseInstanceId",
        "arguments": "{}"
    },
    {
        "class": "com.google.firebase.analytics.FirebaseAnalytics",
        "method": "getInstance",
        "arguments": "{\"0\":\"<instance: android.content.Context, $className: com.sybogames.chili.SubwayApplication>\"}"
    },
    {
        "class": "com.google.firebase.analytics.FirebaseAnalytics",
        "method": "getFirebaseInstanceId",
        "arguments": "{}"
    },
    {
        "class": "com.google.firebase.analytics.FirebaseAnalytics",
        "method": "getInstance",
        "arguments": "{\"0\":\"<instance: android.content.Context, $className: com.sybogames.chili.SubwayApplication>\"}"
    },
    {
        "class": "com.google.firebase.analytics.FirebaseAnalytics",
        "method": "getFirebaseInstanceId",
        "arguments": "{}"
    },
    {
        "class": "com.google.firebase.analytics.FirebaseAnalytics",
        "method": "getInstance",
        "arguments": "{\"0\":\"<instance: android.content.Context, $className: com.sybogames.chili.SubwayApplication>\"}"
    },
    {
        "class": "com.google.firebase.analytics.FirebaseAnalytics",
        "method": "getFirebaseInstanceId",
        "arguments": "{}"
    },
    {
        "class": "com.google.firebase.analytics.FirebaseAnalytics",
        "method": "getInstance",
        "arguments": "{\"0\":\"<instance: android.content.Context, $className: com.sybogames.chili.SubwayApplication>\"}"
    },
    {
        "class": "com.google.firebase.analytics.FirebaseAnalytics",
        "method": "getFirebaseInstanceId",
        "arguments": "{}"
    },
    {
        "class": "com.google.firebase.analytics.FirebaseAnalytics",
        "method": "getInstance",
        "arguments": "{\"0\":\"<instance: android.content.Context, $className: com.sybogames.chili.SubwayApplication>\"}"
    },
    {
        "class": "com.google.firebase.analytics.FirebaseAnalytics",
        "method": "getFirebaseInstanceId",
        "arguments": "{}"
    },
    {
        "class": "com.google.firebase.analytics.FirebaseAnalytics",
        "method": "getInstance",
        "arguments": "{\"0\":\"<instance: android.content.Context, $className: com.sybogames.chili.SubwayApplication>\"}"
    },
    {
        "class": "com.google.firebase.analytics.FirebaseAnalytics",
        "method": "getFirebaseInstanceId",
        "arguments": "{}"
    },
    {
        "class": "com.google.firebase.analytics.FirebaseAnalytics",
        "method": "getInstance",
        "arguments": "{\"0\":\"<instance: android.content.Context, $className: com.sybogames.chili.SubwayApplication>\"}"
    },
    {
        "class": "com.google.firebase.analytics.FirebaseAnalytics",
        "method": "getFirebaseInstanceId",
        "arguments": "{}"
    },
    {
        "class": "com.google.firebase.analytics.FirebaseAnalytics",
        "method": "getInstance",
        "arguments": "{\"0\":\"<instance: android.content.Context, $className: com.sybogames.chili.SubwayApplication>\"}"
    },
    {
        "class": "com.google.firebase.analytics.FirebaseAnalytics",
        "method": "getFirebaseInstanceId",
        "arguments": "{}"
    },
    {
        "class": "com.google.firebase.analytics.FirebaseAnalytics",
        "method": "getInstance",
        "arguments": "{\"0\":\"<instance: android.content.Context, $className: com.sybogames.chili.SubwayApplication>\"}"
    },
    {
        "class": "com.google.firebase.analytics.FirebaseAnalytics",
        "method": "getFirebaseInstanceId",
        "arguments": "{}"
    },
    {
        "class": "com.google.firebase.analytics.FirebaseAnalytics",
        "method": "getInstance",
        "arguments": "{\"0\":\"<instance: android.content.Context, $className: com.sybogames.chili.SubwayApplication>\"}"
    },
    {
        "class": "com.google.firebase.analytics.FirebaseAnalytics",
        "method": "getFirebaseInstanceId",
        "arguments": "{}"
    },
    {
        "class": "com.google.firebase.analytics.FirebaseAnalytics",
        "method": "getInstance",
        "arguments": "{\"0\":\"<instance: android.content.Context, $className: com.sybogames.chili.SubwayApplication>\"}"
    },
    {
        "class": "com.google.firebase.analytics.FirebaseAnalytics",
        "method": "getFirebaseInstanceId",
        "arguments": "{}"
    },
    {
        "class": "com.google.firebase.analytics.FirebaseAnalytics",
        "method": "setUserProperty",
        "arguments": "{\"0\":\"net_ping\",\"1\":\"1402\"}"
    },
    {
        "class": "com.google.firebase.analytics.FirebaseAnalytics",
        "method": "getInstance",
        "arguments": "{\"0\":\"<instance: android.content.Context, $className: com.sybogames.chili.SubwayApplication>\"}"
    },
    {
        "class": "com.google.firebase.analytics.FirebaseAnalytics",
        "method": "getFirebaseInstanceId",
        "arguments": "{}"
    },
    {
        "class": "com.google.firebase.analytics.FirebaseAnalytics",
        "method": "setUserProperty",
        "arguments": "{\"0\":\"backend_id\",\"1\":\"afb21281-60a7-437f-b509-257a3d48277f\"}"
    },
    {
        "class": "com.google.firebase.analytics.FirebaseAnalytics",
        "method": "setUserProperty",
        "arguments": "{\"0\":\"subway_user_id\",\"1\":\"afb21281-60a7-437f-b509-257a3d48277f\"}"
    },
    {
        "class": "com.google.firebase.analytics.FirebaseAnalytics",
        "method": "getInstance",
        "arguments": "{\"0\":\"<instance: android.content.Context, $className: com.sybogames.chili.SubwayApplication>\"}"
    },
    {
        "class": "com.google.firebase.analytics.FirebaseAnalytics",
        "method": "getFirebaseInstanceId",
        "arguments": "{}"
    },
    {
        "class": "com.google.firebase.analytics.FirebaseAnalytics",
        "method": "getInstance",
        "arguments": "{\"0\":\"<instance: android.content.Context, $className: com.sybogames.chili.SubwayApplication>\"}"
    },
    {
        "class": "com.google.firebase.analytics.FirebaseAnalytics",
        "method": "getFirebaseInstanceId",
        "arguments": "{}"
    },
    {
        "class": "com.google.firebase.analytics.FirebaseAnalytics",
        "method": "setUserProperty",
        "arguments": "{\"0\":\"experiment\",\"1\":\"ex_xpromo_ab\"}"
    },
    {
        "class": "com.google.firebase.analytics.FirebaseAnalytics",
        "method": "setUserProperty",
        "arguments": "{\"0\":\"variant\",\"1\":\"default\"}"
    },
    {
        "class": "com.google.firebase.analytics.FirebaseAnalytics",
        "method": "getInstance",
        "arguments": "{\"0\":\"<instance: android.content.Context, $className: com.sybogames.chili.SubwayApplication>\"}"
    },
    {
        "class": "com.google.firebase.analytics.FirebaseAnalytics",
        "method": "getFirebaseInstanceId",
        "arguments": "{}"
    },
    {
        "class": "com.google.firebase.analytics.FirebaseAnalytics",
        "method": "getInstance",
        "arguments": "{\"0\":\"<instance: android.content.Context, $className: com.sybogames.chili.SubwayApplication>\"}"
    },
    {
        "class": "com.google.firebase.analytics.FirebaseAnalytics",
        "method": "getFirebaseInstanceId",
        "arguments": "{}"
    },
    {
        "class": "com.google.firebase.analytics.FirebaseAnalytics",
        "method": "setUserProperty",
        "arguments": "{\"0\":\"genuine_app\",\"1\":\"0\"}"
    },
    {
        "class": "com.google.firebase.analytics.FirebaseAnalytics",
        "method": "getInstance",
        "arguments": "{\"0\":\"<instance: android.content.Context, $className: com.sybogames.chili.SubwayApplication>\"}"
    },
    {
        "class": "com.google.firebase.analytics.FirebaseAnalytics",
        "method": "getFirebaseInstanceId",
        "arguments": "{}"
    },
    {
        "class": "com.google.firebase.analytics.FirebaseAnalytics",
        "method": "logEvent",
        "arguments": "{\"0\":\"game_data_pull\",\"1\":\"<instance: android.os.Bundle>\"}"
    },
    {
        "class": "com.google.firebase.analytics.FirebaseAnalytics",
        "method": "getInstance",
        "arguments": "{\"0\":\"<instance: android.content.Context, $className: com.sybogames.chili.SubwayApplication>\"}"
    },
    {
        "class": "com.google.firebase.analytics.FirebaseAnalytics",
        "method": "getFirebaseInstanceId",
        "arguments": "{}"
    },
    {
        "class": "com.google.firebase.analytics.FirebaseAnalytics",
        "method": "logEvent",
        "arguments": "{\"0\":\"game_data_pull\",\"1\":\"<instance: android.os.Bundle>\"}"
    },
    {
        "class": "com.google.firebase.analytics.FirebaseAnalytics",
        "method": "logEvent",
        "arguments": "{\"0\":\"game_data_pull\",\"1\":\"<instance: android.os.Bundle>\"}"
    },
    {
        "class": "com.google.firebase.analytics.FirebaseAnalytics",
        "method": "logEvent",
        "arguments": "{\"0\":\"game_data_pull\",\"1\":\"<instance: android.os.Bundle>\"}"
    },
    {
        "class": "com.google.firebase.analytics.FirebaseAnalytics",
        "method": "getInstance",
        "arguments": "{\"0\":\"<instance: android.content.Context, $className: com.sybogames.chili.SubwayApplication>\"}"
    },
    {
        "class": "com.google.firebase.analytics.FirebaseAnalytics",
        "method": "getFirebaseInstanceId",
        "arguments": "{}"
    },
    {
        "class": "com.google.firebase.analytics.FirebaseAnalytics",
        "method": "getInstance",
        "arguments": "{\"0\":\"<instance: android.content.Context, $className: com.sybogames.chili.SubwayApplication>\"}"
    },
    {
        "class": "com.google.firebase.analytics.FirebaseAnalytics",
        "method": "getFirebaseInstanceId",
        "arguments": "{}"
    },
    {
        "class": "com.google.firebase.analytics.FirebaseAnalytics",
        "method": "getInstance",
        "arguments": "{\"0\":\"<instance: android.content.Context, $className: com.sybogames.chili.SubwayApplication>\"}"
    },
    {
        "class": "com.google.firebase.analytics.FirebaseAnalytics",
        "method": "getFirebaseInstanceId",
        "arguments": "{}"
    },
    {
        "class": "com.google.firebase.analytics.FirebaseAnalytics",
        "method": "setUserProperty",
        "arguments": "{\"0\":\"net_ping\",\"1\":\"132\"}"
    },
    {
        "class": "com.google.firebase.analytics.FirebaseAnalytics",
        "method": "getInstance",
        "arguments": "{\"0\":\"<instance: android.content.Context, $className: com.sybogames.chili.SubwayApplication>\"}"
    },
    {
        "class": "com.google.firebase.analytics.FirebaseAnalytics",
        "method": "getFirebaseInstanceId",
        "arguments": "{}"
    },
    {
        "class": "com.google.firebase.analytics.FirebaseAnalytics",
        "method": "logEvent",
        "arguments": "{\"0\":\"data_req\",\"1\":\"<instance: android.os.Bundle>\"}"
    },
    {
        "class": "com.google.firebase.analytics.FirebaseAnalytics",
        "method": "getInstance",
        "arguments": "{\"0\":\"<instance: android.content.Context, $className: com.sybogames.chili.SubwayApplication>\"}"
    },
    {
        "class": "com.google.firebase.analytics.FirebaseAnalytics",
        "method": "getFirebaseInstanceId",
        "arguments": "{}"
    },
    {
        "class": "com.google.firebase.analytics.FirebaseAnalytics",
        "method": "getInstance",
        "arguments": "{\"0\":\"<instance: android.content.Context, $className: com.sybogames.chili.SubwayApplication>\"}"
    },
    {
        "class": "com.google.firebase.analytics.FirebaseAnalytics",
        "method": "getFirebaseInstanceId",
        "arguments": "{}"
    },
    {
        "class": "com.google.firebase.analytics.FirebaseAnalytics",
        "method": "setUserProperty",
        "arguments": "{\"0\":\"net_ping\",\"1\":\"133\"}"
    },
    {
        "class": "com.google.firebase.analytics.FirebaseAnalytics",
        "method": "getInstance",
        "arguments": "{\"0\":\"<instance: android.content.Context, $className: com.sybogames.chili.SubwayApplication>\"}"
    },
    {
        "class": "com.google.firebase.analytics.FirebaseAnalytics",
        "method": "getFirebaseInstanceId",
        "arguments": "{}"
    },
    {
        "class": "com.google.firebase.analytics.FirebaseAnalytics",
        "method": "setUserProperty",
        "arguments": "{\"0\":\"net_ping\",\"1\":\"133\"}"
    },
    {
        "class": "com.google.firebase.analytics.FirebaseAnalytics",
        "method": "getInstance",
        "arguments": "{\"0\":\"<instance: android.content.Context, $className: com.sybogames.chili.SubwayApplication>\"}"
    },
    {
        "class": "com.google.firebase.analytics.FirebaseAnalytics",
        "method": "getFirebaseInstanceId",
        "arguments": "{}"
    }
]