[
    {
        "class": "com.facebook.FacebookSdk",
        "method": "sdkInitialize",
        "arguments": "{\"0\":\"<instance: android.content.Context, $className: com.boombit.BoombitApplication>\"}"
    },
    {
        "class": "com.facebook.FacebookSdk",
        "method": "sdkInitialize",
        "arguments": "{\"0\":\"<instance: android.content.Context, $className: com.boombit.BoombitApplication>\",\"1\":null}"
    },
    {
        "class": "com.facebook.FacebookSdk",
        "method": "loadDefaultsFromMetadata$facebook_core_release",
        "arguments": "{\"0\":\"<instance: android.content.Context, $className: com.boombit.BoombitApplication>\"}"
    },
    {
        "class": "com.facebook.FacebookSdk",
        "method": "getAutoInitEnabled",
        "arguments": "{}"
    },
    {
        "class": "com.facebook.FacebookSdk",
        "method": "isInitialized",
        "arguments": "{}"
    },
    {
        "class": "com.facebook.FacebookSdk",
        "method": "getApplicationContext",
        "arguments": "{}"
    },
    {
        "class": "com.facebook.FacebookSdk",
        "method": "isInitialized",
        "arguments": "{}"
    },
    {
        "class": "com.facebook.FacebookSdk",
        "method": "getApplicationContext",
        "arguments": "{}"
    },
    {
        "class": "com.facebook.FacebookSdk",
        "method": "isInitialized",
        "arguments": "{}"
    },
    {
        "class": "com.facebook.FacebookSdk",
        "method": "getApplicationContext",
        "arguments": "{}"
    },
    {
        "class": "com.facebook.FacebookSdk",
        "method": "isInitialized",
        "arguments": "{}"
    },
    {
        "class": "com.facebook.FacebookSdk",
        "method": "getApplicationContext",
        "arguments": "{}"
    },
    {
        "class": "com.facebook.FacebookSdk",
        "method": "isInitialized",
        "arguments": "{}"
    },
    {
        "class": "com.facebook.FacebookSdk",
        "method": "getExecutor",
        "arguments": "{}"
    },
    {
        "class": "com.facebook.FacebookSdk",
        "method": "getApplicationContext",
        "arguments": "{}"
    },
    {
        "class": "com.facebook.FacebookSdk",
        "method": "isInitialized",
        "arguments": "{}"
    },
    {
        "class": "com.facebook.FacebookSdk",
        "method": "isInitialized",
        "arguments": "{}"
    },
    {
        "class": "com.facebook.FacebookSdk",
        "method": "isInitialized",
        "arguments": "{}"
    },
    {
        "class": "com.facebook.FacebookSdk",
        "method": "getApplicationContext",
        "arguments": "{}"
    },
    {
        "class": "com.facebook.FacebookSdk",
        "method": "isInitialized",
        "arguments": "{}"
    },
    {
        "class": "com.facebook.FacebookSdk",
        "method": "getApplicationId",
        "arguments": "{}"
    },
    {
        "class": "com.facebook.FacebookSdk",
        "method": "isInitialized",
        "arguments": "{}"
    },
    {
        "class": "com.facebook.FacebookSdk",
        "method": "isInitialized",
        "arguments": "{}"
    },
    {
        "class": "com.facebook.FacebookSdk",
        "method": "getApplicationContext",
        "arguments": "{}"
    },
    {
        "class": "com.facebook.FacebookSdk",
        "method": "isInitialized",
        "arguments": "{}"
    },
    {
        "class": "com.facebook.FacebookSdk",
        "method": "getApplicationContext",
        "arguments": "{}"
    },
    {
        "class": "com.facebook.FacebookSdk",
        "method": "isLoggingBehaviorEnabled",
        "arguments": "{\"0\":\"<instance: com.facebook.LoggingBehavior>\"}"
    },
    {
        "class": "com.facebook.FacebookSdk",
        "method": "isInitialized",
        "arguments": "{}"
    },
    {
        "class": "com.facebook.FacebookSdk",
        "method": "isDebugEnabled",
        "arguments": "{}"
    },
    {
        "class": "com.facebook.FacebookSdk",
        "method": "getApplicationContext",
        "arguments": "{}"
    },
    {
        "class": "com.facebook.FacebookSdk",
        "method": "isLoggingBehaviorEnabled",
        "arguments": "{\"0\":\"<instance: com.facebook.LoggingBehavior>\"}"
    },
    {
        "class": "com.facebook.FacebookSdk",
        "method": "isInitialized",
        "arguments": "{}"
    },
    {
        "class": "com.facebook.FacebookSdk",
        "method": "isDebugEnabled",
        "arguments": "{}"
    },
    {
        "class": "com.facebook.FacebookSdk",
        "method": "getApplicationId",
        "arguments": "{}"
    },
    {
        "class": "com.facebook.FacebookSdk",
        "method": "isInitialized",
        "arguments": "{}"
    },
    {
        "class": "com.facebook.FacebookSdk",
        "method": "getGraphApiVersion",
        "arguments": "{}"
    },
    {
        "class": "com.facebook.FacebookSdk",
        "method": "getAutoLogAppEventsEnabled",
        "arguments": "{}"
    },
    {
        "class": "com.facebook.FacebookSdk",
        "method": "isDebugEnabled",
        "arguments": "{}"
    },
    {
        "class": "com.facebook.FacebookSdk",
        "method": "getGraphDomain",
        "arguments": "{}"
    },
    {
        "class": "com.facebook.FacebookSdk",
        "method": "isInitialized",
        "arguments": "{}"
    },
    {
        "class": "com.facebook.FacebookSdk",
        "method": "getFacebookDomain",
        "arguments": "{}"
    },
    {
        "class": "com.facebook.FacebookSdk",
        "method": "getApplicationContext",
        "arguments": "{}"
    },
    {
        "class": "com.facebook.FacebookSdk",
        "method": "getGraphDomain",
        "arguments": "{}"
    },
    {
        "class": "com.facebook.FacebookSdk",
        "method": "getFacebookDomain",
        "arguments": "{}"
    },
    {
        "class": "com.facebook.FacebookSdk",
        "method": "isInitialized",
        "arguments": "{}"
    },
    {
        "class": "com.facebook.FacebookSdk",
        "method": "getApplicationId",
        "arguments": "{}"
    },
    {
        "class": "com.facebook.FacebookSdk",
        "method": "getApplicationId",
        "arguments": "{}"
    },
    {
        "class": "com.facebook.FacebookSdk",
        "method": "isInitialized",
        "arguments": "{}"
    },
    {
        "class": "com.facebook.FacebookSdk",
        "method": "fullyInitialize",
        "arguments": "{}"
    },
    {
        "class": "com.facebook.FacebookSdk",
        "method": "isInitialized",
        "arguments": "{}"
    },
    {
        "class": "com.facebook.FacebookSdk",
        "method": "getApplicationContext",
        "arguments": "{}"
    },
    {
        "class": "com.facebook.FacebookSdk",
        "method": "isInitialized",
        "arguments": "{}"
    },
    {
        "class": "com.facebook.FacebookSdk",
        "method": "getApplicationId",
        "arguments": "{}"
    },
    {
        "class": "com.facebook.FacebookSdk",
        "method": "isInitialized",
        "arguments": "{}"
    },
    {
        "class": "com.facebook.FacebookSdk",
        "method": "getApplicationContext",
        "arguments": "{}"
    },
    {
        "class": "com.facebook.FacebookSdk",
        "method": "isInitialized",
        "arguments": "{}"
    },
    {
        "class": "com.facebook.FacebookSdk",
        "method": "getApplicationId",
        "arguments": "{}"
    },
    {
        "class": "com.facebook.FacebookSdk",
        "method": "isInitialized",
        "arguments": "{}"
    },
    {
        "class": "com.facebook.FacebookSdk",
        "method": "getExecutor",
        "arguments": "{}"
    },
    {
        "class": "com.facebook.FacebookSdk",
        "method": "isInitialized",
        "arguments": "{}"
    },
    {
        "class": "com.facebook.FacebookSdk",
        "method": "getExecutor",
        "arguments": "{}"
    },
    {
        "class": "com.facebook.FacebookSdk",
        "method": "getExecutor",
        "arguments": "{}"
    },
    {
        "class": "com.facebook.FacebookSdk",
        "method": "getClientToken",
        "arguments": "{}"
    },
    {
        "class": "com.facebook.FacebookSdk",
        "method": "isLoggingBehaviorEnabled",
        "arguments": "{\"0\":\"<instance: com.facebook.LoggingBehavior>\"}"
    },
    {
        "class": "com.facebook.FacebookSdk",
        "method": "isInitialized",
        "arguments": "{}"
    },
    {
        "class": "com.facebook.FacebookSdk",
        "method": "isDebugEnabled",
        "arguments": "{}"
    },
    {
        "class": "com.facebook.FacebookSdk",
        "method": "getGraphDomain",
        "arguments": "{}"
    },
    {
        "class": "com.facebook.FacebookSdk",
        "method": "isLoggingBehaviorEnabled",
        "arguments": "{\"0\":\"<instance: com.facebook.LoggingBehavior>\"}"
    },
    {
        "class": "com.facebook.FacebookSdk",
        "method": "isDebugEnabled",
        "arguments": "{}"
    },
    {
        "class": "com.facebook.FacebookSdk",
        "method": "getFacebookDomain",
        "arguments": "{}"
    },
    {
        "class": "com.facebook.FacebookSdk",
        "method": "getGraphApiVersion",
        "arguments": "{}"
    },
    {
        "class": "com.facebook.FacebookSdk",
        "method": "lambda$J0805Clgxed1K59G9leFVPRGzM4",
        "arguments": "{}"
    },
    {
        "class": "com.facebook.FacebookSdk",
        "method": "isDebugEnabled",
        "arguments": "{}"
    },
    {
        "class": "com.facebook.FacebookSdk",
        "method": "sdkInitialize$lambda-3",
        "arguments": "{}"
    },
    {
        "class": "com.facebook.FacebookSdk",
        "method": "getApplicationContext",
        "arguments": "{}"
    },
    {
        "class": "com.facebook.FacebookSdk",
        "method": "getApplicationId",
        "arguments": "{}"
    },
    {
        "class": "com.facebook.FacebookSdk",
        "method": "getGraphDomain",
        "arguments": "{}"
    },
    {
        "class": "com.facebook.FacebookSdk",
        "method": "isInitialized",
        "arguments": "{}"
    },
    {
        "class": "com.facebook.FacebookSdk",
        "method": "isInitialized",
        "arguments": "{}"
    },
    {
        "class": "com.facebook.FacebookSdk",
        "method": "getFacebookDomain",
        "arguments": "{}"
    },
    {
        "class": "com.facebook.FacebookSdk",
        "method": "getApplicationId",
        "arguments": "{}"
    },
    {
        "class": "com.facebook.FacebookSdk",
        "method": "getGraphDomain",
        "arguments": "{}"
    },
    {
        "class": "com.facebook.FacebookSdk",
        "method": "getApplicationContext",
        "arguments": "{}"
    },
    {
        "class": "com.facebook.FacebookSdk",
        "method": "isInitialized",
        "arguments": "{}"
    },
    {
        "class": "com.facebook.FacebookSdk",
        "method": "isInitialized",
        "arguments": "{}"
    },
    {
        "class": "com.facebook.FacebookSdk",
        "method": "getClientToken",
        "arguments": "{}"
    },
    {
        "class": "com.facebook.FacebookSdk",
        "method": "getApplicationContext",
        "arguments": "{}"
    },
    {
        "class": "com.facebook.FacebookSdk",
        "method": "getFacebookDomain",
        "arguments": "{}"
    },
    {
        "class": "com.facebook.FacebookSdk",
        "method": "isInitialized",
        "arguments": "{}"
    },
    {
        "class": "com.facebook.FacebookSdk",
        "method": "getApplicationId",
        "arguments": "{}"
    },
    {
        "class": "com.facebook.FacebookSdk",
        "method": "isInitialized",
        "arguments": "{}"
    },
    {
        "class": "com.facebook.FacebookSdk",
        "method": "getApplicationContext",
        "arguments": "{}"
    },
    {
        "class": "com.facebook.FacebookSdk",
        "method": "getExecutor",
        "arguments": "{}"
    },
    {
        "class": "com.facebook.FacebookSdk",
        "method": "isInitialized",
        "arguments": "{}"
    },
    {
        "class": "com.facebook.FacebookSdk",
        "method": "getApplicationId",
        "arguments": "{}"
    },
    {
        "class": "com.facebook.FacebookSdk",
        "method": "getApplicationContext",
        "arguments": "{}"
    },
    {
        "class": "com.facebook.FacebookSdk",
        "method": "isInitialized",
        "arguments": "{}"
    },
    {
        "class": "com.facebook.FacebookSdk",
        "method": "isInitialized",
        "arguments": "{}"
    },
    {
        "class": "com.facebook.FacebookSdk",
        "method": "isLoggingBehaviorEnabled",
        "arguments": "{\"0\":\"<instance: com.facebook.LoggingBehavior>\"}"
    },
    {
        "class": "com.facebook.FacebookSdk",
        "method": "isInitialized",
        "arguments": "{}"
    },
    {
        "class": "com.facebook.FacebookSdk",
        "method": "getClientToken",
        "arguments": "{}"
    },
    {
        "class": "com.facebook.FacebookSdk",
        "method": "getApplicationContext",
        "arguments": "{}"
    },
    {
        "class": "com.facebook.FacebookSdk",
        "method": "isDebugEnabled",
        "arguments": "{}"
    },
    {
        "class": "com.facebook.FacebookSdk",
        "method": "getApplicationContext",
        "arguments": "{}"
    },
    {
        "class": "com.facebook.FacebookSdk",
        "method": "isInitialized",
        "arguments": "{}"
    },
    {
        "class": "com.facebook.FacebookSdk",
        "method": "isLoggingBehaviorEnabled",
        "arguments": "{\"0\":\"<instance: com.facebook.LoggingBehavior>\"}"
    },
    {
        "class": "com.facebook.FacebookSdk",
        "method": "isInitialized",
        "arguments": "{}"
    },
    {
        "class": "com.facebook.FacebookSdk",
        "method": "getGraphDomain",
        "arguments": "{}"
    },
    {
        "class": "com.facebook.FacebookSdk",
        "method": "isDebugEnabled",
        "arguments": "{}"
    },
    {
        "class": "com.facebook.FacebookSdk",
        "method": "getExecutor",
        "arguments": "{}"
    },
    {
        "class": "com.facebook.FacebookSdk",
        "method": "getFacebookDomain",
        "arguments": "{}"
    },
    {
        "class": "com.facebook.FacebookSdk",
        "method": "getApplicationId",
        "arguments": "{}"
    },
    {
        "class": "com.facebook.FacebookSdk",
        "method": "isLoggingBehaviorEnabled",
        "arguments": "{\"0\":\"<instance: com.facebook.LoggingBehavior>\"}"
    },
    {
        "class": "com.facebook.FacebookSdk",
        "method": "getApplicationId",
        "arguments": "{}"
    },
    {
        "class": "com.facebook.FacebookSdk",
        "method": "isInitialized",
        "arguments": "{}"
    },
    {
        "class": "com.facebook.FacebookSdk",
        "method": "isInitialized",
        "arguments": "{}"
    },
    {
        "class": "com.facebook.FacebookSdk",
        "method": "getSdkVersion",
        "arguments": "{}"
    },
    {
        "class": "com.facebook.FacebookSdk",
        "method": "isDebugEnabled",
        "arguments": "{}"
    },
    {
        "class": "com.facebook.FacebookSdk",
        "method": "getClientToken",
        "arguments": "{}"
    },
    {
        "class": "com.facebook.FacebookSdk",
        "method": "isLoggingBehaviorEnabled",
        "arguments": "{\"0\":\"<instance: com.facebook.LoggingBehavior>\"}"
    },
    {
        "class": "com.facebook.FacebookSdk",
        "method": "isInitialized",
        "arguments": "{}"
    },
    {
        "class": "com.facebook.FacebookSdk",
        "method": "isDebugEnabled",
        "arguments": "{}"
    },
    {
        "class": "com.facebook.FacebookSdk",
        "method": "getApplicationContext",
        "arguments": "{}"
    },
    {
        "class": "com.facebook.FacebookSdk",
        "method": "isLoggingBehaviorEnabled",
        "arguments": "{\"0\":\"<instance: com.facebook.LoggingBehavior>\"}"
    },
    {
        "class": "com.facebook.FacebookSdk",
        "method": "isInitialized",
        "arguments": "{}"
    },
    {
        "class": "com.facebook.FacebookSdk",
        "method": "isInitialized",
        "arguments": "{}"
    },
    {
        "class": "com.facebook.FacebookSdk",
        "method": "isLoggingBehaviorEnabled",
        "arguments": "{\"0\":\"<instance: com.facebook.LoggingBehavior>\"}"
    },
    {
        "class": "com.facebook.FacebookSdk",
        "method": "isDebugEnabled",
        "arguments": "{}"
    },
    {
        "class": "com.facebook.FacebookSdk",
        "method": "getExecutor",
        "arguments": "{}"
    },
    {
        "class": "com.facebook.FacebookSdk",
        "method": "isLoggingBehaviorEnabled",
        "arguments": "{\"0\":\"<instance: com.facebook.LoggingBehavior>\"}"
    },
    {
        "class": "com.facebook.FacebookSdk",
        "method": "getApplicationId",
        "arguments": "{}"
    },
    {
        "class": "com.facebook.FacebookSdk",
        "method": "isLoggingBehaviorEnabled",
        "arguments": "{\"0\":\"<instance: com.facebook.LoggingBehavior>\"}"
    },
    {
        "class": "com.facebook.FacebookSdk",
        "method": "isDebugEnabled",
        "arguments": "{}"
    },
    {
        "class": "com.facebook.FacebookSdk",
        "method": "isDebugEnabled",
        "arguments": "{}"
    },
    {
        "class": "com.facebook.FacebookSdk",
        "method": "isLoggingBehaviorEnabled",
        "arguments": "{\"0\":\"<instance: com.facebook.LoggingBehavior>\"}"
    },
    {
        "class": "com.facebook.FacebookSdk",
        "method": "isInitialized",
        "arguments": "{}"
    },
    {
        "class": "com.facebook.FacebookSdk",
        "method": "isDebugEnabled",
        "arguments": "{}"
    },
    {
        "class": "com.facebook.FacebookSdk",
        "method": "getApplicationContext",
        "arguments": "{}"
    },
    {
        "class": "com.facebook.FacebookSdk",
        "method": "isLoggingBehaviorEnabled",
        "arguments": "{\"0\":\"<instance: com.facebook.LoggingBehavior>\"}"
    },
    {
        "class": "com.facebook.FacebookSdk",
        "method": "getGraphApiVersion",
        "arguments": "{}"
    },
    {
        "class": "com.facebook.FacebookSdk",
        "method": "isInitialized",
        "arguments": "{}"
    },
    {
        "class": "com.facebook.FacebookSdk",
        "method": "isDebugEnabled",
        "arguments": "{}"
    },
    {
        "class": "com.facebook.FacebookSdk",
        "method": "isDebugEnabled",
        "arguments": "{}"
    },
    {
        "class": "com.facebook.FacebookSdk",
        "method": "getExecutor",
        "arguments": "{}"
    },
    {
        "class": "com.facebook.FacebookSdk",
        "method": "getGraphDomain",
        "arguments": "{}"
    },
    {
        "class": "com.facebook.FacebookSdk",
        "method": "isLoggingBehaviorEnabled",
        "arguments": "{\"0\":\"<instance: com.facebook.LoggingBehavior>\"}"
    },
    {
        "class": "com.facebook.FacebookSdk",
        "method": "getApplicationId",
        "arguments": "{}"
    },
    {
        "class": "com.facebook.FacebookSdk",
        "method": "isDebugEnabled",
        "arguments": "{}"
    },
    {
        "class": "com.facebook.FacebookSdk",
        "method": "getFacebookDomain",
        "arguments": "{}"
    },
    {
        "class": "com.facebook.FacebookSdk",
        "method": "isInitialized",
        "arguments": "{}"
    },
    {
        "class": "com.facebook.FacebookSdk",
        "method": "getGraphDomain",
        "arguments": "{}"
    },
    {
        "class": "com.facebook.FacebookSdk",
        "method": "isDebugEnabled",
        "arguments": "{}"
    },
    {
        "class": "com.facebook.FacebookSdk",
        "method": "getFacebookDomain",
        "arguments": "{}"
    },
    {
        "class": "com.facebook.FacebookSdk",
        "method": "getApplicationContext",
        "arguments": "{}"
    },
    {
        "class": "com.facebook.FacebookSdk",
        "method": "isLoggingBehaviorEnabled",
        "arguments": "{\"0\":\"<instance: com.facebook.LoggingBehavior>\"}"
    },
    {
        "class": "com.facebook.FacebookSdk",
        "method": "isInitialized",
        "arguments": "{}"
    },
    {
        "class": "com.facebook.FacebookSdk",
        "method": "isLoggingBehaviorEnabled",
        "arguments": "{\"0\":\"<instance: com.facebook.LoggingBehavior>\"}"
    },
    {
        "class": "com.facebook.FacebookSdk",
        "method": "getApplicationId",
        "arguments": "{}"
    },
    {
        "class": "com.facebook.FacebookSdk",
        "method": "getExecutor",
        "arguments": "{}"
    },
    {
        "class": "com.facebook.FacebookSdk",
        "method": "isDebugEnabled",
        "arguments": "{}"
    },
    {
        "class": "com.facebook.FacebookSdk",
        "method": "isInitialized",
        "arguments": "{}"
    },
    {
        "class": "com.facebook.FacebookSdk",
        "method": "getExecutor",
        "arguments": "{}"
    },
    {
        "class": "com.facebook.FacebookSdk",
        "method": "isDebugEnabled",
        "arguments": "{}"
    },
    {
        "class": "com.facebook.FacebookSdk",
        "method": "isLoggingBehaviorEnabled",
        "arguments": "{\"0\":\"<instance: com.facebook.LoggingBehavior>\"}"
    },
    {
        "class": "com.facebook.FacebookSdk",
        "method": "lambda$0kbXjfnH1rWqSbnFNjnUSyk2drw",
        "arguments": "{\"0\":null}"
    },
    {
        "class": "com.facebook.FacebookSdk",
        "method": "getClientToken",
        "arguments": "{}"
    },
    {
        "class": "com.facebook.FacebookSdk",
        "method": "sdkInitialize$lambda-9",
        "arguments": "{\"0\":null}"
    },
    {
        "class": "com.facebook.FacebookSdk",
        "method": "isDebugEnabled",
        "arguments": "{}"
    },
    {
        "class": "com.facebook.FacebookSdk",
        "method": "isLoggingBehaviorEnabled",
        "arguments": "{\"0\":\"<instance: com.facebook.LoggingBehavior>\"}"
    },
    {
        "class": "com.facebook.FacebookSdk",
        "method": "isLegacyTokenUpgradeSupported",
        "arguments": "{}"
    },
    {
        "class": "com.facebook.FacebookSdk",
        "method": "getApplicationContext",
        "arguments": "{}"
    },
    {
        "class": "com.facebook.FacebookSdk",
        "method": "isDebugEnabled",
        "arguments": "{}"
    },
    {
        "class": "com.facebook.FacebookSdk",
        "method": "isFullyInitialized",
        "arguments": "{}"
    },
    {
        "class": "com.facebook.FacebookSdk",
        "method": "isInitialized",
        "arguments": "{}"
    },
    {
        "class": "com.facebook.FacebookSdk",
        "method": "isInitialized",
        "arguments": "{}"
    },
    {
        "class": "com.facebook.FacebookSdk",
        "method": "isLoggingBehaviorEnabled",
        "arguments": "{\"0\":\"<instance: com.facebook.LoggingBehavior>\"}"
    },
    {
        "class": "com.facebook.FacebookSdk",
        "method": "getGraphDomain",
        "arguments": "{}"
    },
    {
        "class": "com.facebook.FacebookSdk",
        "method": "getApplicationContext",
        "arguments": "{}"
    },
    {
        "class": "com.facebook.FacebookSdk",
        "method": "isInitialized",
        "arguments": "{}"
    },
    {
        "class": "com.facebook.FacebookSdk",
        "method": "getFacebookDomain",
        "arguments": "{}"
    },
    {
        "class": "com.facebook.FacebookSdk",
        "method": "isDebugEnabled",
        "arguments": "{}"
    },
    {
        "class": "com.facebook.FacebookSdk",
        "method": "getApplicationContext",
        "arguments": "{}"
    },
    {
        "class": "com.facebook.FacebookSdk",
        "method": "isLoggingBehaviorEnabled",
        "arguments": "{\"0\":\"<instance: com.facebook.LoggingBehavior>\"}"
    },
    {
        "class": "com.facebook.FacebookSdk",
        "method": "getApplicationId",
        "arguments": "{}"
    },
    {
        "class": "com.facebook.FacebookSdk",
        "method": "isInitialized",
        "arguments": "{}"
    },
    {
        "class": "com.facebook.FacebookSdk",
        "method": "isDebugEnabled",
        "arguments": "{}"
    },
    {
        "class": "com.facebook.FacebookSdk",
        "method": "getAutoLogAppEventsEnabled",
        "arguments": "{}"
    },
    {
        "class": "com.facebook.FacebookSdk",
        "method": "isInitialized",
        "arguments": "{}"
    },
    {
        "class": "com.facebook.FacebookSdk",
        "method": "isInitialized",
        "arguments": "{}"
    },
    {
        "class": "com.facebook.FacebookSdk",
        "method": "getClientToken",
        "arguments": "{}"
    },
    {
        "class": "com.facebook.FacebookSdk",
        "method": "isLoggingBehaviorEnabled",
        "arguments": "{\"0\":\"<instance: com.facebook.LoggingBehavior>\"}"
    },
    {
        "class": "com.facebook.FacebookSdk",
        "method": "getApplicationContext",
        "arguments": "{}"
    },
    {
        "class": "com.facebook.FacebookSdk",
        "method": "isInitialized",
        "arguments": "{}"
    },
    {
        "class": "com.facebook.FacebookSdk",
        "method": "isDebugEnabled",
        "arguments": "{}"
    },
    {
        "class": "com.facebook.FacebookSdk",
        "method": "isInitialized",
        "arguments": "{}"
    },
    {
        "class": "com.facebook.FacebookSdk",
        "method": "isLoggingBehaviorEnabled",
        "arguments": "{\"0\":\"<instance: com.facebook.LoggingBehavior>\"}"
    },
    {
        "class": "com.facebook.FacebookSdk",
        "method": "isLoggingBehaviorEnabled",
        "arguments": "{\"0\":\"<instance: com.facebook.LoggingBehavior>\"}"
    },
    {
        "class": "com.facebook.FacebookSdk",
        "method": "getApplicationId",
        "arguments": "{}"
    },
    {
        "class": "com.facebook.FacebookSdk",
        "method": "isDebugEnabled",
        "arguments": "{}"
    },
    {
        "class": "com.facebook.FacebookSdk",
        "method": "isInitialized",
        "arguments": "{}"
    },
    {
        "class": "com.facebook.FacebookSdk",
        "method": "isLoggingBehaviorEnabled",
        "arguments": "{\"0\":\"<instance: com.facebook.LoggingBehavior>\"}"
    },
    {
        "class": "com.facebook.FacebookSdk",
        "method": "getApplicationContext",
        "arguments": "{}"
    },
    {
        "class": "com.facebook.FacebookSdk",
        "method": "isDebugEnabled",
        "arguments": "{}"
    },
    {
        "class": "com.facebook.FacebookSdk",
        "method": "isInitialized",
        "arguments": "{}"
    },
    {
        "class": "com.facebook.FacebookSdk",
        "method": "isLoggingBehaviorEnabled",
        "arguments": "{\"0\":\"<instance: com.facebook.LoggingBehavior>\"}"
    },
    {
        "class": "com.facebook.FacebookSdk",
        "method": "getApplicationContext",
        "arguments": "{}"
    },
    {
        "class": "com.facebook.FacebookSdk",
        "method": "isDebugEnabled",
        "arguments": "{}"
    },
    {
        "class": "com.facebook.FacebookSdk",
        "method": "isInitialized",
        "arguments": "{}"
    },
    {
        "class": "com.facebook.FacebookSdk",
        "method": "isDebugEnabled",
        "arguments": "{}"
    },
    {
        "class": "com.facebook.FacebookSdk",
        "method": "isInitialized",
        "arguments": "{}"
    },
    {
        "class": "com.facebook.FacebookSdk",
        "method": "getApplicationContext",
        "arguments": "{}"
    },
    {
        "class": "com.facebook.FacebookSdk",
        "method": "isFullyInitialized",
        "arguments": "{}"
    },
    {
        "class": "com.facebook.FacebookSdk",
        "method": "isLoggingBehaviorEnabled",
        "arguments": "{\"0\":\"<instance: com.facebook.LoggingBehavior>\"}"
    },
    {
        "class": "com.facebook.FacebookSdk",
        "method": "isInitialized",
        "arguments": "{}"
    },
    {
        "class": "com.facebook.FacebookSdk",
        "method": "isDebugEnabled",
        "arguments": "{}"
    },
    {
        "class": "com.facebook.FacebookSdk",
        "method": "getApplicationId",
        "arguments": "{}"
    },
    {
        "class": "com.facebook.FacebookSdk",
        "method": "isLoggingBehaviorEnabled",
        "arguments": "{\"0\":\"<instance: com.facebook.LoggingBehavior>\"}"
    },
    {
        "class": "com.facebook.FacebookSdk",
        "method": "isDebugEnabled",
        "arguments": "{}"
    },
    {
        "class": "com.facebook.FacebookSdk",
        "method": "isInitialized",
        "arguments": "{}"
    },
    {
        "class": "com.facebook.FacebookSdk",
        "method": "isLoggingBehaviorEnabled",
        "arguments": "{\"0\":\"<instance: com.facebook.LoggingBehavior>\"}"
    },
    {
        "class": "com.facebook.FacebookSdk",
        "method": "getApplicationContext",
        "arguments": "{}"
    },
    {
        "class": "com.facebook.FacebookSdk",
        "method": "isDebugEnabled",
        "arguments": "{}"
    },
    {
        "class": "com.facebook.FacebookSdk",
        "method": "isInitialized",
        "arguments": "{}"
    },
    {
        "class": "com.facebook.FacebookSdk",
        "method": "getApplicationContext",
        "arguments": "{}"
    },
    {
        "class": "com.facebook.FacebookSdk",
        "method": "isLoggingBehaviorEnabled",
        "arguments": "{\"0\":\"<instance: com.facebook.LoggingBehavior>\"}"
    },
    {
        "class": "com.facebook.FacebookSdk",
        "method": "isInitialized",
        "arguments": "{}"
    },
    {
        "class": "com.facebook.FacebookSdk",
        "method": "isDebugEnabled",
        "arguments": "{}"
    },
    {
        "class": "com.facebook.FacebookSdk",
        "method": "getLimitEventAndDataUsage",
        "arguments": "{\"0\":\"<instance: android.content.Context, $className: com.boombit.BoombitApplication>\"}"
    },
    {
        "class": "com.facebook.FacebookSdk",
        "method": "isLoggingBehaviorEnabled",
        "arguments": "{\"0\":\"<instance: com.facebook.LoggingBehavior>\"}"
    },
    {
        "class": "com.facebook.FacebookSdk",
        "method": "isInitialized",
        "arguments": "{}"
    },
    {
        "class": "com.facebook.FacebookSdk",
        "method": "isDebugEnabled",
        "arguments": "{}"
    },
    {
        "class": "com.facebook.FacebookSdk",
        "method": "isLoggingBehaviorEnabled",
        "arguments": "{\"0\":\"<instance: com.facebook.LoggingBehavior>\"}"
    },
    {
        "class": "com.facebook.FacebookSdk",
        "method": "isDebugEnabled",
        "arguments": "{}"
    },
    {
        "class": "com.facebook.FacebookSdk",
        "method": "isLoggingBehaviorEnabled",
        "arguments": "{\"0\":\"<instance: com.facebook.LoggingBehavior>\"}"
    },
    {
        "class": "com.facebook.FacebookSdk",
        "method": "isDebugEnabled",
        "arguments": "{}"
    },
    {
        "class": "com.facebook.FacebookSdk",
        "method": "isFullyInitialized",
        "arguments": "{}"
    },
    {
        "class": "com.facebook.FacebookSdk",
        "method": "isLoggingBehaviorEnabled",
        "arguments": "{\"0\":\"<instance: com.facebook.LoggingBehavior>\"}"
    },
    {
        "class": "com.facebook.FacebookSdk",
        "method": "isDebugEnabled",
        "arguments": "{}"
    },
    {
        "class": "com.facebook.FacebookSdk",
        "method": "isLoggingBehaviorEnabled",
        "arguments": "{\"0\":\"<instance: com.facebook.LoggingBehavior>\"}"
    },
    {
        "class": "com.facebook.FacebookSdk",
        "method": "isDebugEnabled",
        "arguments": "{}"
    },
    {
        "class": "com.facebook.FacebookSdk",
        "method": "getApplicationId",
        "arguments": "{}"
    },
    {
        "class": "com.facebook.FacebookSdk",
        "method": "isInitialized",
        "arguments": "{}"
    },
    {
        "class": "com.facebook.FacebookSdk",
        "method": "getApplicationId",
        "arguments": "{}"
    },
    {
        "class": "com.facebook.FacebookSdk",
        "method": "isInitialized",
        "arguments": "{}"
    },
    {
        "class": "com.facebook.FacebookSdk",
        "method": "isLoggingBehaviorEnabled",
        "arguments": "{\"0\":\"<instance: com.facebook.LoggingBehavior>\"}"
    },
    {
        "class": "com.facebook.FacebookSdk",
        "method": "isDebugEnabled",
        "arguments": "{}"
    },
    {
        "class": "com.facebook.FacebookSdk",
        "method": "isLoggingBehaviorEnabled",
        "arguments": "{\"0\":\"<instance: com.facebook.LoggingBehavior>\"}"
    },
    {
        "class": "com.facebook.FacebookSdk",
        "method": "isDebugEnabled",
        "arguments": "{}"
    },
    {
        "class": "com.facebook.FacebookSdk",
        "method": "isLoggingBehaviorEnabled",
        "arguments": "{\"0\":\"<instance: com.facebook.LoggingBehavior>\"}"
    },
    {
        "class": "com.facebook.FacebookSdk",
        "method": "isDebugEnabled",
        "arguments": "{}"
    },
    {
        "class": "com.facebook.FacebookSdk",
        "method": "getSdkVersion",
        "arguments": "{}"
    },
    {
        "class": "com.facebook.FacebookSdk",
        "method": "isLoggingBehaviorEnabled",
        "arguments": "{\"0\":\"<instance: com.facebook.LoggingBehavior>\"}"
    },
    {
        "class": "com.facebook.FacebookSdk",
        "method": "isDebugEnabled",
        "arguments": "{}"
    },
    {
        "class": "com.facebook.FacebookSdk",
        "method": "isLoggingBehaviorEnabled",
        "arguments": "{\"0\":\"<instance: com.facebook.LoggingBehavior>\"}"
    },
    {
        "class": "com.facebook.FacebookSdk",
        "method": "isLoggingBehaviorEnabled",
        "arguments": "{\"0\":\"<instance: com.facebook.LoggingBehavior>\"}"
    },
    {
        "class": "com.facebook.FacebookSdk",
        "method": "isDebugEnabled",
        "arguments": "{}"
    },
    {
        "class": "com.facebook.FacebookSdk",
        "method": "getGraphApiVersion",
        "arguments": "{}"
    },
    {
        "class": "com.facebook.FacebookSdk",
        "method": "isDebugEnabled",
        "arguments": "{}"
    },
    {
        "class": "com.facebook.FacebookSdk",
        "method": "isDebugEnabled",
        "arguments": "{}"
    },
    {
        "class": "com.facebook.FacebookSdk",
        "method": "getGraphDomain",
        "arguments": "{}"
    },
    {
        "class": "com.facebook.FacebookSdk",
        "method": "getFacebookDomain",
        "arguments": "{}"
    },
    {
        "class": "com.facebook.FacebookSdk",
        "method": "getGraphDomain",
        "arguments": "{}"
    },
    {
        "class": "com.facebook.FacebookSdk",
        "method": "getApplicationContext",
        "arguments": "{}"
    },
    {
        "class": "com.facebook.FacebookSdk",
        "method": "getFacebookDomain",
        "arguments": "{}"
    },
    {
        "class": "com.facebook.FacebookSdk",
        "method": "isInitialized",
        "arguments": "{}"
    },
    {
        "class": "com.facebook.FacebookSdk",
        "method": "getApplicationId",
        "arguments": "{}"
    },
    {
        "class": "com.facebook.FacebookSdk",
        "method": "isInitialized",
        "arguments": "{}"
    },
    {
        "class": "com.facebook.FacebookSdk",
        "method": "getClientToken",
        "arguments": "{}"
    },
    {
        "class": "com.facebook.FacebookSdk",
        "method": "isInitialized",
        "arguments": "{}"
    },
    {
        "class": "com.facebook.FacebookSdk",
        "method": "getApplicationId",
        "arguments": "{}"
    },
    {
        "class": "com.facebook.FacebookSdk",
        "method": "getGraphDomain",
        "arguments": "{}"
    },
    {
        "class": "com.facebook.FacebookSdk",
        "method": "isInitialized",
        "arguments": "{}"
    },
    {
        "class": "com.facebook.FacebookSdk",
        "method": "getApplicationId",
        "arguments": "{}"
    },
    {
        "class": "com.facebook.FacebookSdk",
        "method": "getFacebookDomain",
        "arguments": "{}"
    },
    {
        "class": "com.facebook.FacebookSdk",
        "method": "isInitialized",
        "arguments": "{}"
    },
    {
        "class": "com.facebook.FacebookSdk",
        "method": "getApplicationId",
        "arguments": "{}"
    },
    {
        "class": "com.facebook.FacebookSdk",
        "method": "lambda$fGv4uIuB4ckkxwOf8O4RgtXZub4",
        "arguments": "{\"0\":true}"
    },
    {
        "class": "com.facebook.FacebookSdk",
        "method": "isInitialized",
        "arguments": "{}"
    },
    {
        "class": "com.facebook.FacebookSdk",
        "method": "sdkInitialize$lambda-4",
        "arguments": "{\"0\":true}"
    },
    {
        "class": "com.facebook.FacebookSdk",
        "method": "getClientToken",
        "arguments": "{}"
    },
    {
        "class": "com.facebook.FacebookSdk",
        "method": "getAutoLogAppEventsEnabled",
        "arguments": "{}"
    },
    {
        "class": "com.facebook.FacebookSdk",
        "method": "isInitialized",
        "arguments": "{}"
    },
    {
        "class": "com.facebook.FacebookSdk",
        "method": "isInitialized",
        "arguments": "{}"
    },
    {
        "class": "com.facebook.FacebookSdk",
        "method": "isLoggingBehaviorEnabled",
        "arguments": "{\"0\":\"<instance: com.facebook.LoggingBehavior>\"}"
    },
    {
        "class": "com.facebook.FacebookSdk",
        "method": "getApplicationContext",
        "arguments": "{}"
    },
    {
        "class": "com.facebook.FacebookSdk",
        "method": "isDebugEnabled",
        "arguments": "{}"
    },
    {
        "class": "com.facebook.FacebookSdk",
        "method": "isInitialized",
        "arguments": "{}"
    },
    {
        "class": "com.facebook.FacebookSdk",
        "method": "isLoggingBehaviorEnabled",
        "arguments": "{\"0\":\"<instance: com.facebook.LoggingBehavior>\"}"
    },
    {
        "class": "com.facebook.FacebookSdk",
        "method": "getApplicationId",
        "arguments": "{}"
    },
    {
        "class": "com.facebook.FacebookSdk",
        "method": "isDebugEnabled",
        "arguments": "{}"
    },
    {
        "class": "com.facebook.FacebookSdk",
        "method": "isInitialized",
        "arguments": "{}"
    },
    {
        "class": "com.facebook.FacebookSdk",
        "method": "isLoggingBehaviorEnabled",
        "arguments": "{\"0\":\"<instance: com.facebook.LoggingBehavior>\"}"
    },
    {
        "class": "com.facebook.FacebookSdk",
        "method": "isDebugEnabled",
        "arguments": "{}"
    },
    {
        "class": "com.facebook.FacebookSdk",
        "method": "isLoggingBehaviorEnabled",
        "arguments": "{\"0\":\"<instance: com.facebook.LoggingBehavior>\"}"
    },
    {
        "class": "com.facebook.FacebookSdk",
        "method": "getApplicationContext",
        "arguments": "{}"
    },
    {
        "class": "com.facebook.FacebookSdk",
        "method": "isDebugEnabled",
        "arguments": "{}"
    },
    {
        "class": "com.facebook.FacebookSdk",
        "method": "isInitialized",
        "arguments": "{}"
    },
    {
        "class": "com.facebook.FacebookSdk",
        "method": "getApplicationContext",
        "arguments": "{}"
    },
    {
        "class": "com.facebook.FacebookSdk",
        "method": "isInitialized",
        "arguments": "{}"
    },
    {
        "class": "com.facebook.FacebookSdk",
        "method": "isLoggingBehaviorEnabled",
        "arguments": "{\"0\":\"<instance: com.facebook.LoggingBehavior>\"}"
    },
    {
        "class": "com.facebook.FacebookSdk",
        "method": "getApplicationId",
        "arguments": "{}"
    },
    {
        "class": "com.facebook.FacebookSdk",
        "method": "isInitialized",
        "arguments": "{}"
    },
    {
        "class": "com.facebook.FacebookSdk",
        "method": "getApplicationId",
        "arguments": "{}"
    },
    {
        "class": "com.google.firebase.analytics.FirebaseAnalytics",
        "method": "getInstance",
        "arguments": "{\"0\":\"<instance: android.content.Context, $className: com.boombit.MainActivity>\"}"
    },
    {
        "class": "com.google.firebase.analytics.FirebaseAnalytics",
        "method": "getAppInstanceId",
        "arguments": "{}"
    },
    {
        "class": "com.google.firebase.analytics.FirebaseAnalytics",
        "method": "zza",
        "arguments": "{}"
    },
    {
        "class": "com.facebook.FacebookSdk",
        "method": "isInitialized",
        "arguments": "{}"
    },
    {
        "class": "com.google.firebase.analytics.FirebaseAnalytics",
        "method": "zza",
        "arguments": "{\"0\":\"<instance: com.google.firebase.analytics.FirebaseAnalytics>\"}"
    },
    {
        "class": "com.facebook.FacebookSdk",
        "method": "lambda$8Xi3kKcv5EqcfpghgczttKFq8YE",
        "arguments": "{\"0\":true}"
    },
    {
        "class": "com.facebook.FacebookSdk",
        "method": "isDebugEnabled",
        "arguments": "{}"
    },
    {
        "class": "com.facebook.FacebookSdk",
        "method": "sdkInitialize$lambda-5",
        "arguments": "{\"0\":true}"
    },
    {
        "class": "com.facebook.FacebookSdk",
        "method": "isLoggingBehaviorEnabled",
        "arguments": "{\"0\":\"<instance: com.facebook.LoggingBehavior>\"}"
    },
    {
        "class": "com.facebook.FacebookSdk",
        "method": "getApplicationContext",
        "arguments": "{}"
    },
    {
        "class": "com.facebook.FacebookSdk",
        "method": "isInitialized",
        "arguments": "{}"
    },
    {
        "class": "com.facebook.FacebookSdk",
        "method": "isDebugEnabled",
        "arguments": "{}"
    },
    {
        "class": "com.facebook.FacebookSdk",
        "method": "isLoggingBehaviorEnabled",
        "arguments": "{\"0\":\"<instance: com.facebook.LoggingBehavior>\"}"
    },
    {
        "class": "com.facebook.FacebookSdk",
        "method": "getApplicationId",
        "arguments": "{}"
    },
    {
        "class": "com.facebook.FacebookSdk",
        "method": "isDebugEnabled",
        "arguments": "{}"
    },
    {
        "class": "com.facebook.FacebookSdk",
        "method": "isInitialized",
        "arguments": "{}"
    },
    {
        "class": "com.facebook.FacebookSdk",
        "method": "getApplicationId",
        "arguments": "{}"
    },
    {
        "class": "com.facebook.FacebookSdk",
        "method": "isLoggingBehaviorEnabled",
        "arguments": "{\"0\":\"<instance: com.facebook.LoggingBehavior>\"}"
    },
    {
        "class": "com.facebook.FacebookSdk",
        "method": "isInitialized",
        "arguments": "{}"
    },
    {
        "class": "com.facebook.FacebookSdk",
        "method": "isDebugEnabled",
        "arguments": "{}"
    },
    {
        "class": "com.facebook.FacebookSdk",
        "method": "getApplicationContext",
        "arguments": "{}"
    },
    {
        "class": "com.facebook.FacebookSdk",
        "method": "isInitialized",
        "arguments": "{}"
    },
    {
        "class": "com.facebook.FacebookSdk",
        "method": "isLoggingBehaviorEnabled",
        "arguments": "{\"0\":\"<instance: com.facebook.LoggingBehavior>\"}"
    },
    {
        "class": "com.facebook.FacebookSdk",
        "method": "getApplicationContext",
        "arguments": "{}"
    },
    {
        "class": "com.facebook.FacebookSdk",
        "method": "isDebugEnabled",
        "arguments": "{}"
    },
    {
        "class": "com.facebook.FacebookSdk",
        "method": "isFullyInitialized",
        "arguments": "{}"
    },
    {
        "class": "com.facebook.FacebookSdk",
        "method": "isInitialized",
        "arguments": "{}"
    },
    {
        "class": "com.facebook.FacebookSdk",
        "method": "getApplicationId",
        "arguments": "{}"
    },
    {
        "class": "com.facebook.FacebookSdk",
        "method": "isInitialized",
        "arguments": "{}"
    },
    {
        "class": "com.facebook.FacebookSdk",
        "method": "getApplicationId",
        "arguments": "{}"
    },
    {
        "class": "com.facebook.FacebookSdk",
        "method": "isInitialized",
        "arguments": "{}"
    },
    {
        "class": "com.facebook.FacebookSdk",
        "method": "getApplicationId",
        "arguments": "{}"
    },
    {
        "class": "com.facebook.FacebookSdk",
        "method": "isInitialized",
        "arguments": "{}"
    },
    {
        "class": "com.facebook.FacebookSdk",
        "method": "getApplicationId",
        "arguments": "{}"
    },
    {
        "class": "com.facebook.FacebookSdk",
        "method": "isInitialized",
        "arguments": "{}"
    },
    {
        "class": "com.facebook.FacebookSdk",
        "method": "lambda$PFMuGw4-GX6YxoewlCboSNJ46iw",
        "arguments": "{\"0\":false}"
    },
    {
        "class": "com.facebook.FacebookSdk",
        "method": "sdkInitialize$lambda-6",
        "arguments": "{\"0\":false}"
    },
    {
        "class": "com.facebook.FacebookSdk",
        "method": "getApplicationContext",
        "arguments": "{}"
    },
    {
        "class": "com.facebook.FacebookSdk",
        "method": "isInitialized",
        "arguments": "{}"
    },
    {
        "class": "com.facebook.FacebookSdk",
        "method": "getApplicationContext",
        "arguments": "{}"
    },
    {
        "class": "com.facebook.FacebookSdk",
        "method": "isInitialized",
        "arguments": "{}"
    },
    {
        "class": "com.facebook.FacebookSdk",
        "method": "getApplicationId",
        "arguments": "{}"
    },
    {
        "class": "com.facebook.FacebookSdk",
        "method": "isInitialized",
        "arguments": "{}"
    },
    {
        "class": "com.facebook.FacebookSdk",
        "method": "getApplicationId",
        "arguments": "{}"
    },
    {
        "class": "com.facebook.FacebookSdk",
        "method": "isInitialized",
        "arguments": "{}"
    },
    {
        "class": "com.facebook.FacebookSdk",
        "method": "getApplicationId",
        "arguments": "{}"
    },
    {
        "class": "com.facebook.FacebookSdk",
        "method": "isInitialized",
        "arguments": "{}"
    },
    {
        "class": "com.facebook.FacebookSdk",
        "method": "getApplicationId",
        "arguments": "{}"
    },
    {
        "class": "com.facebook.FacebookSdk",
        "method": "isInitialized",
        "arguments": "{}"
    },
    {
        "class": "com.facebook.FacebookSdk",
        "method": "lambda$xnPiGMIrZY-efkOoczDJVIjnueQ",
        "arguments": "{\"0\":false}"
    },
    {
        "class": "com.facebook.FacebookSdk",
        "method": "sdkInitialize$lambda-7",
        "arguments": "{\"0\":false}"
    },
    {
        "class": "com.facebook.FacebookSdk",
        "method": "getApplicationContext",
        "arguments": "{}"
    },
    {
        "class": "com.facebook.FacebookSdk",
        "method": "isInitialized",
        "arguments": "{}"
    },
    {
        "class": "com.facebook.FacebookSdk",
        "method": "getApplicationContext",
        "arguments": "{}"
    },
    {
        "class": "com.facebook.FacebookSdk",
        "method": "isInitialized",
        "arguments": "{}"
    },
    {
        "class": "com.facebook.FacebookSdk",
        "method": "getApplicationId",
        "arguments": "{}"
    },
    {
        "class": "com.facebook.FacebookSdk",
        "method": "isInitialized",
        "arguments": "{}"
    },
    {
        "class": "com.facebook.FacebookSdk",
        "method": "getApplicationId",
        "arguments": "{}"
    },
    {
        "class": "com.facebook.FacebookSdk",
        "method": "isInitialized",
        "arguments": "{}"
    },
    {
        "class": "com.facebook.FacebookSdk",
        "method": "getApplicationId",
        "arguments": "{}"
    },
    {
        "class": "com.facebook.FacebookSdk",
        "method": "isInitialized",
        "arguments": "{}"
    },
    {
        "class": "com.facebook.FacebookSdk",
        "method": "getApplicationId",
        "arguments": "{}"
    },
    {
        "class": "com.facebook.FacebookSdk",
        "method": "isLoggingBehaviorEnabled",
        "arguments": "{\"0\":\"<instance: com.facebook.LoggingBehavior>\"}"
    },
    {
        "class": "com.facebook.FacebookSdk",
        "method": "isInitialized",
        "arguments": "{}"
    },
    {
        "class": "com.facebook.FacebookSdk",
        "method": "isDebugEnabled",
        "arguments": "{}"
    },
    {
        "class": "com.facebook.FacebookSdk",
        "method": "lambda$4yZ8An2h0IO8z381mtb9us73H-E",
        "arguments": "{\"0\":false}"
    },
    {
        "class": "com.facebook.FacebookSdk",
        "method": "sdkInitialize$lambda-8",
        "arguments": "{\"0\":false}"
    },
    {
        "class": "com.facebook.FacebookSdk",
        "method": "getApplicationId",
        "arguments": "{}"
    },
    {
        "class": "com.facebook.FacebookSdk",
        "method": "isInitialized",
        "arguments": "{}"
    },
    {
        "class": "com.facebook.FacebookSdk",
        "method": "getApplicationId",
        "arguments": "{}"
    },
    {
        "class": "com.facebook.FacebookSdk",
        "method": "isInitialized",
        "arguments": "{}"
    },
    {
        "class": "com.facebook.FacebookSdk",
        "method": "getApplicationId",
        "arguments": "{}"
    },
    {
        "class": "com.facebook.FacebookSdk",
        "method": "isInitialized",
        "arguments": "{}"
    },
    {
        "class": "com.facebook.FacebookSdk",
        "method": "getApplicationId",
        "arguments": "{}"
    },
    {
        "class": "com.facebook.FacebookSdk",
        "method": "isLoggingBehaviorEnabled",
        "arguments": "{\"0\":\"<instance: com.facebook.LoggingBehavior>\"}"
    },
    {
        "class": "com.facebook.FacebookSdk",
        "method": "isInitialized",
        "arguments": "{}"
    },
    {
        "class": "com.facebook.FacebookSdk",
        "method": "isDebugEnabled",
        "arguments": "{}"
    },
    {
        "class": "com.facebook.FacebookSdk",
        "method": "getApplicationId",
        "arguments": "{}"
    },
    {
        "class": "com.facebook.FacebookSdk",
        "method": "getApplicationContext",
        "arguments": "{}"
    },
    {
        "class": "com.facebook.FacebookSdk",
        "method": "isInitialized",
        "arguments": "{}"
    },
    {
        "class": "com.facebook.FacebookSdk",
        "method": "isInitialized",
        "arguments": "{}"
    },
    {
        "class": "com.facebook.FacebookSdk",
        "method": "getApplicationId",
        "arguments": "{}"
    },
    {
        "class": "com.facebook.FacebookSdk",
        "method": "isInitialized",
        "arguments": "{}"
    },
    {
        "class": "com.facebook.FacebookSdk",
        "method": "getApplicationId",
        "arguments": "{}"
    },
    {
        "class": "com.facebook.FacebookSdk",
        "method": "isInitialized",
        "arguments": "{}"
    },
    {
        "class": "com.facebook.FacebookSdk",
        "method": "getApplicationId",
        "arguments": "{}"
    },
    {
        "class": "com.facebook.FacebookSdk",
        "method": "isInitialized",
        "arguments": "{}"
    },
    {
        "class": "com.facebook.FacebookSdk",
        "method": "getApplicationContext",
        "arguments": "{}"
    },
    {
        "class": "com.facebook.FacebookSdk",
        "method": "isInitialized",
        "arguments": "{}"
    },
    {
        "class": "com.facebook.FacebookSdk",
        "method": "isInitialized",
        "arguments": "{}"
    },
    {
        "class": "com.facebook.FacebookSdk",
        "method": "getApplicationContext",
        "arguments": "{}"
    },
    {
        "class": "com.facebook.FacebookSdk",
        "method": "isInitialized",
        "arguments": "{}"
    },
    {
        "class": "com.facebook.FacebookSdk",
        "method": "getApplicationId",
        "arguments": "{}"
    },
    {
        "class": "com.facebook.FacebookSdk",
        "method": "isInitialized",
        "arguments": "{}"
    },
    {
        "class": "com.facebook.FacebookSdk",
        "method": "getApplicationContext",
        "arguments": "{}"
    },
    {
        "class": "com.facebook.FacebookSdk",
        "method": "isInitialized",
        "arguments": "{}"
    },
    {
        "class": "com.facebook.FacebookSdk",
        "method": "getApplicationId",
        "arguments": "{}"
    },
    {
        "class": "com.facebook.FacebookSdk",
        "method": "isInitialized",
        "arguments": "{}"
    },
    {
        "class": "com.facebook.FacebookSdk",
        "method": "getAutoLogAppEventsEnabled",
        "arguments": "{}"
    },
    {
        "class": "com.facebook.FacebookSdk",
        "method": "isInitialized",
        "arguments": "{}"
    },
    {
        "class": "com.facebook.FacebookSdk",
        "method": "getApplicationContext",
        "arguments": "{}"
    },
    {
        "class": "com.facebook.FacebookSdk",
        "method": "getApplicationContext",
        "arguments": "{}"
    },
    {
        "class": "com.facebook.FacebookSdk",
        "method": "isInitialized",
        "arguments": "{}"
    },
    {
        "class": "com.facebook.FacebookSdk",
        "method": "isInitialized",
        "arguments": "{}"
    },
    {
        "class": "com.facebook.FacebookSdk",
        "method": "getApplicationContext",
        "arguments": "{}"
    },
    {
        "class": "com.facebook.FacebookSdk",
        "method": "getApplicationId",
        "arguments": "{}"
    },
    {
        "class": "com.facebook.FacebookSdk",
        "method": "isInitialized",
        "arguments": "{}"
    },
    {
        "class": "com.facebook.FacebookSdk",
        "method": "isInitialized",
        "arguments": "{}"
    },
    {
        "class": "com.facebook.FacebookSdk",
        "method": "getApplicationId",
        "arguments": "{}"
    },
    {
        "class": "com.facebook.FacebookSdk",
        "method": "isInitialized",
        "arguments": "{}"
    },
    {
        "class": "com.facebook.FacebookSdk",
        "method": "getApplicationContext",
        "arguments": "{}"
    },
    {
        "class": "com.facebook.FacebookSdk",
        "method": "getApplicationId",
        "arguments": "{}"
    },
    {
        "class": "com.facebook.FacebookSdk",
        "method": "isInitialized",
        "arguments": "{}"
    },
    {
        "class": "com.facebook.FacebookSdk",
        "method": "getApplicationId",
        "arguments": "{}"
    },
    {
        "class": "com.facebook.FacebookSdk",
        "method": "isInitialized",
        "arguments": "{}"
    },
    {
        "class": "com.facebook.FacebookSdk",
        "method": "isInitialized",
        "arguments": "{}"
    },
    {
        "class": "com.facebook.FacebookSdk",
        "method": "getApplicationId",
        "arguments": "{}"
    },
    {
        "class": "com.facebook.FacebookSdk",
        "method": "isInitialized",
        "arguments": "{}"
    },
    {
        "class": "com.facebook.FacebookSdk",
        "method": "getApplicationId",
        "arguments": "{}"
    },
    {
        "class": "com.facebook.FacebookSdk",
        "method": "isInitialized",
        "arguments": "{}"
    },
    {
        "class": "com.facebook.FacebookSdk",
        "method": "getExecutor",
        "arguments": "{}"
    },
    {
        "class": "com.facebook.FacebookSdk",
        "method": "getApplicationContext",
        "arguments": "{}"
    },
    {
        "class": "com.facebook.FacebookSdk",
        "method": "getApplicationContext",
        "arguments": "{}"
    },
    {
        "class": "com.facebook.FacebookSdk",
        "method": "isInitialized",
        "arguments": "{}"
    },
    {
        "class": "com.facebook.FacebookSdk",
        "method": "isInitialized",
        "arguments": "{}"
    },
    {
        "class": "com.facebook.FacebookSdk",
        "method": "getApplicationContext",
        "arguments": "{}"
    },
    {
        "class": "com.facebook.FacebookSdk",
        "method": "isInitialized",
        "arguments": "{}"
    },
    {
        "class": "com.facebook.FacebookSdk",
        "method": "getApplicationId",
        "arguments": "{}"
    },
    {
        "class": "com.facebook.FacebookSdk",
        "method": "isInitialized",
        "arguments": "{}"
    },
    {
        "class": "com.facebook.FacebookSdk",
        "method": "getApplicationId",
        "arguments": "{}"
    },
    {
        "class": "com.facebook.FacebookSdk",
        "method": "isInitialized",
        "arguments": "{}"
    },
    {
        "class": "com.facebook.FacebookSdk",
        "method": "getApplicationId",
        "arguments": "{}"
    },
    {
        "class": "com.facebook.FacebookSdk",
        "method": "isInitialized",
        "arguments": "{}"
    },
    {
        "class": "com.facebook.FacebookSdk",
        "method": "getApplicationId",
        "arguments": "{}"
    },
    {
        "class": "com.facebook.FacebookSdk",
        "method": "isInitialized",
        "arguments": "{}"
    },
    {
        "class": "com.facebook.FacebookSdk",
        "method": "getApplicationId",
        "arguments": "{}"
    },
    {
        "class": "com.facebook.FacebookSdk",
        "method": "isInitialized",
        "arguments": "{}"
    },
    {
        "class": "com.facebook.FacebookSdk",
        "method": "getApplicationContext",
        "arguments": "{}"
    },
    {
        "class": "com.facebook.FacebookSdk",
        "method": "isInitialized",
        "arguments": "{}"
    },
    {
        "class": "com.facebook.FacebookSdk",
        "method": "getApplicationContext",
        "arguments": "{}"
    },
    {
        "class": "com.facebook.FacebookSdk",
        "method": "isInitialized",
        "arguments": "{}"
    },
    {
        "class": "com.facebook.FacebookSdk",
        "method": "getApplicationId",
        "arguments": "{}"
    },
    {
        "class": "com.facebook.FacebookSdk",
        "method": "isInitialized",
        "arguments": "{}"
    },
    {
        "class": "com.facebook.FacebookSdk",
        "method": "getApplicationId",
        "arguments": "{}"
    },
    {
        "class": "com.facebook.FacebookSdk",
        "method": "isInitialized",
        "arguments": "{}"
    },
    {
        "class": "com.facebook.FacebookSdk",
        "method": "getApplicationId",
        "arguments": "{}"
    },
    {
        "class": "com.facebook.FacebookSdk",
        "method": "isInitialized",
        "arguments": "{}"
    },
    {
        "class": "com.facebook.FacebookSdk",
        "method": "getApplicationId",
        "arguments": "{}"
    },
    {
        "class": "com.facebook.FacebookSdk",
        "method": "isInitialized",
        "arguments": "{}"
    },
    {
        "class": "com.facebook.FacebookSdk",
        "method": "getExecutor",
        "arguments": "{}"
    },
    {
        "class": "com.facebook.FacebookSdk",
        "method": "getApplicationContext",
        "arguments": "{}"
    },
    {
        "class": "com.facebook.FacebookSdk",
        "method": "getApplicationContext",
        "arguments": "{}"
    },
    {
        "class": "com.facebook.FacebookSdk",
        "method": "isInitialized",
        "arguments": "{}"
    },
    {
        "class": "com.facebook.FacebookSdk",
        "method": "isInitialized",
        "arguments": "{}"
    },
    {
        "class": "com.facebook.FacebookSdk",
        "method": "getApplicationContext",
        "arguments": "{}"
    },
    {
        "class": "com.facebook.FacebookSdk",
        "method": "getApplicationContext",
        "arguments": "{}"
    },
    {
        "class": "com.facebook.FacebookSdk",
        "method": "isInitialized",
        "arguments": "{}"
    },
    {
        "class": "com.facebook.FacebookSdk",
        "method": "isInitialized",
        "arguments": "{}"
    },
    {
        "class": "com.facebook.FacebookSdk",
        "method": "getApplicationContext",
        "arguments": "{}"
    },
    {
        "class": "com.facebook.FacebookSdk",
        "method": "getApplicationId",
        "arguments": "{}"
    },
    {
        "class": "com.facebook.FacebookSdk",
        "method": "isInitialized",
        "arguments": "{}"
    },
    {
        "class": "com.facebook.FacebookSdk",
        "method": "getApplicationContext",
        "arguments": "{}"
    },
    {
        "class": "com.facebook.FacebookSdk",
        "method": "isInitialized",
        "arguments": "{}"
    },
    {
        "class": "com.facebook.FacebookSdk",
        "method": "isInitialized",
        "arguments": "{}"
    },
    {
        "class": "com.facebook.FacebookSdk",
        "method": "getApplicationId",
        "arguments": "{}"
    },
    {
        "class": "com.facebook.FacebookSdk",
        "method": "getApplicationId",
        "arguments": "{}"
    },
    {
        "class": "com.facebook.FacebookSdk",
        "method": "isInitialized",
        "arguments": "{}"
    },
    {
        "class": "com.facebook.FacebookSdk",
        "method": "isInitialized",
        "arguments": "{}"
    },
    {
        "class": "com.facebook.FacebookSdk",
        "method": "getApplicationId",
        "arguments": "{}"
    },
    {
        "class": "com.facebook.FacebookSdk",
        "method": "isInitialized",
        "arguments": "{}"
    },
    {
        "class": "com.facebook.FacebookSdk",
        "method": "getApplicationId",
        "arguments": "{}"
    },
    {
        "class": "com.facebook.FacebookSdk",
        "method": "isInitialized",
        "arguments": "{}"
    },
    {
        "class": "com.facebook.FacebookSdk",
        "method": "getApplicationId",
        "arguments": "{}"
    },
    {
        "class": "com.facebook.FacebookSdk",
        "method": "getApplicationId",
        "arguments": "{}"
    },
    {
        "class": "com.facebook.FacebookSdk",
        "method": "isInitialized",
        "arguments": "{}"
    },
    {
        "class": "com.facebook.FacebookSdk",
        "method": "isInitialized",
        "arguments": "{}"
    },
    {
        "class": "com.facebook.FacebookSdk",
        "method": "getApplicationId",
        "arguments": "{}"
    },
    {
        "class": "com.facebook.FacebookSdk",
        "method": "getApplicationId",
        "arguments": "{}"
    },
    {
        "class": "com.facebook.FacebookSdk",
        "method": "isInitialized",
        "arguments": "{}"
    },
    {
        "class": "com.facebook.FacebookSdk",
        "method": "isInitialized",
        "arguments": "{}"
    },
    {
        "class": "com.facebook.FacebookSdk",
        "method": "getApplicationId",
        "arguments": "{}"
    },
    {
        "class": "com.facebook.FacebookSdk",
        "method": "getApplicationContext",
        "arguments": "{}"
    },
    {
        "class": "com.facebook.FacebookSdk",
        "method": "isInitialized",
        "arguments": "{}"
    },
    {
        "class": "com.facebook.FacebookSdk",
        "method": "isInitialized",
        "arguments": "{}"
    },
    {
        "class": "com.facebook.FacebookSdk",
        "method": "getApplicationId",
        "arguments": "{}"
    },
    {
        "class": "com.facebook.FacebookSdk",
        "method": "getApplicationContext",
        "arguments": "{}"
    },
    {
        "class": "com.facebook.FacebookSdk",
        "method": "isInitialized",
        "arguments": "{}"
    },
    {
        "class": "com.facebook.FacebookSdk",
        "method": "isInitialized",
        "arguments": "{}"
    },
    {
        "class": "com.facebook.FacebookSdk",
        "method": "getApplicationId",
        "arguments": "{}"
    },
    {
        "class": "com.facebook.FacebookSdk",
        "method": "isLoggingBehaviorEnabled",
        "arguments": "{\"0\":\"<instance: com.facebook.LoggingBehavior>\"}"
    },
    {
        "class": "com.facebook.FacebookSdk",
        "method": "isInitialized",
        "arguments": "{}"
    },
    {
        "class": "com.facebook.FacebookSdk",
        "method": "isDebugEnabled",
        "arguments": "{}"
    },
    {
        "class": "com.facebook.FacebookSdk",
        "method": "getApplicationId",
        "arguments": "{}"
    },
    {
        "class": "com.facebook.FacebookSdk",
        "method": "isLoggingBehaviorEnabled",
        "arguments": "{\"0\":\"<instance: com.facebook.LoggingBehavior>\"}"
    },
    {
        "class": "com.facebook.FacebookSdk",
        "method": "isInitialized",
        "arguments": "{}"
    },
    {
        "class": "com.facebook.FacebookSdk",
        "method": "isDebugEnabled",
        "arguments": "{}"
    },
    {
        "class": "com.facebook.FacebookSdk",
        "method": "getGraphApiVersion",
        "arguments": "{}"
    },
    {
        "class": "com.facebook.FacebookSdk",
        "method": "getApplicationId",
        "arguments": "{}"
    },
    {
        "class": "com.facebook.FacebookSdk",
        "method": "isDebugEnabled",
        "arguments": "{}"
    },
    {
        "class": "com.facebook.FacebookSdk",
        "method": "isInitialized",
        "arguments": "{}"
    },
    {
        "class": "com.facebook.FacebookSdk",
        "method": "getGraphDomain",
        "arguments": "{}"
    },
    {
        "class": "com.facebook.FacebookSdk",
        "method": "getFacebookDomain",
        "arguments": "{}"
    },
    {
        "class": "com.facebook.FacebookSdk",
        "method": "getApplicationId",
        "arguments": "{}"
    },
    {
        "class": "com.facebook.FacebookSdk",
        "method": "getGraphDomain",
        "arguments": "{}"
    },
    {
        "class": "com.facebook.FacebookSdk",
        "method": "isInitialized",
        "arguments": "{}"
    },
    {
        "class": "com.facebook.FacebookSdk",
        "method": "getFacebookDomain",
        "arguments": "{}"
    },
    {
        "class": "com.facebook.FacebookSdk",
        "method": "getApplicationId",
        "arguments": "{}"
    },
    {
        "class": "com.facebook.FacebookSdk",
        "method": "getApplicationContext",
        "arguments": "{}"
    },
    {
        "class": "com.facebook.FacebookSdk",
        "method": "isInitialized",
        "arguments": "{}"
    },
    {
        "class": "com.facebook.FacebookSdk",
        "method": "isInitialized",
        "arguments": "{}"
    },
    {
        "class": "com.facebook.FacebookSdk",
        "method": "getClientToken",
        "arguments": "{}"
    },
    {
        "class": "com.facebook.FacebookSdk",
        "method": "isInitialized",
        "arguments": "{}"
    },
    {
        "class": "com.facebook.FacebookSdk",
        "method": "getApplicationContext",
        "arguments": "{}"
    },
    {
        "class": "com.facebook.FacebookSdk",
        "method": "getGraphDomain",
        "arguments": "{}"
    },
    {
        "class": "com.facebook.FacebookSdk",
        "method": "isInitialized",
        "arguments": "{}"
    },
    {
        "class": "com.facebook.FacebookSdk",
        "method": "getFacebookDomain",
        "arguments": "{}"
    },
    {
        "class": "com.facebook.FacebookSdk",
        "method": "getApplicationContext",
        "arguments": "{}"
    },
    {
        "class": "com.facebook.FacebookSdk",
        "method": "isInitialized",
        "arguments": "{}"
    },
    {
        "class": "com.facebook.FacebookSdk",
        "method": "getApplicationId",
        "arguments": "{}"
    },
    {
        "class": "com.facebook.FacebookSdk",
        "method": "getApplicationContext",
        "arguments": "{}"
    },
    {
        "class": "com.facebook.FacebookSdk",
        "method": "isInitialized",
        "arguments": "{}"
    },
    {
        "class": "com.facebook.FacebookSdk",
        "method": "isInitialized",
        "arguments": "{}"
    },
    {
        "class": "com.facebook.FacebookSdk",
        "method": "getClientToken",
        "arguments": "{}"
    },
    {
        "class": "com.facebook.FacebookSdk",
        "method": "isInitialized",
        "arguments": "{}"
    },
    {
        "class": "com.facebook.FacebookSdk",
        "method": "getApplicationId",
        "arguments": "{}"
    },
    {
        "class": "com.facebook.FacebookSdk",
        "method": "isLoggingBehaviorEnabled",
        "arguments": "{\"0\":\"<instance: com.facebook.LoggingBehavior>\"}"
    },
    {
        "class": "com.facebook.FacebookSdk",
        "method": "isInitialized",
        "arguments": "{}"
    },
    {
        "class": "com.facebook.FacebookSdk",
        "method": "isDebugEnabled",
        "arguments": "{}"
    },
    {
        "class": "com.facebook.FacebookSdk",
        "method": "getApplicationId",
        "arguments": "{}"
    },
    {
        "class": "com.facebook.FacebookSdk",
        "method": "isLoggingBehaviorEnabled",
        "arguments": "{\"0\":\"<instance: com.facebook.LoggingBehavior>\"}"
    },
    {
        "class": "com.facebook.FacebookSdk",
        "method": "isDebugEnabled",
        "arguments": "{}"
    },
    {
        "class": "com.facebook.FacebookSdk",
        "method": "isInitialized",
        "arguments": "{}"
    },
    {
        "class": "com.facebook.FacebookSdk",
        "method": "getApplicationId",
        "arguments": "{}"
    },
    {
        "class": "com.facebook.FacebookSdk",
        "method": "isLoggingBehaviorEnabled",
        "arguments": "{\"0\":\"<instance: com.facebook.LoggingBehavior>\"}"
    },
    {
        "class": "com.facebook.FacebookSdk",
        "method": "isDebugEnabled",
        "arguments": "{}"
    },
    {
        "class": "com.facebook.FacebookSdk",
        "method": "isInitialized",
        "arguments": "{}"
    },
    {
        "class": "com.facebook.FacebookSdk",
        "method": "isLoggingBehaviorEnabled",
        "arguments": "{\"0\":\"<instance: com.facebook.LoggingBehavior>\"}"
    },
    {
        "class": "com.facebook.FacebookSdk",
        "method": "getApplicationId",
        "arguments": "{}"
    },
    {
        "class": "com.facebook.FacebookSdk",
        "method": "isDebugEnabled",
        "arguments": "{}"
    },
    {
        "class": "com.facebook.FacebookSdk",
        "method": "isInitialized",
        "arguments": "{}"
    },
    {
        "class": "com.facebook.FacebookSdk",
        "method": "isLoggingBehaviorEnabled",
        "arguments": "{\"0\":\"<instance: com.facebook.LoggingBehavior>\"}"
    },
    {
        "class": "com.facebook.FacebookSdk",
        "method": "isDebugEnabled",
        "arguments": "{}"
    },
    {
        "class": "com.facebook.FacebookSdk",
        "method": "getApplicationId",
        "arguments": "{}"
    },
    {
        "class": "com.facebook.FacebookSdk",
        "method": "isLoggingBehaviorEnabled",
        "arguments": "{\"0\":\"<instance: com.facebook.LoggingBehavior>\"}"
    },
    {
        "class": "com.facebook.FacebookSdk",
        "method": "isInitialized",
        "arguments": "{}"
    },
    {
        "class": "com.facebook.FacebookSdk",
        "method": "isDebugEnabled",
        "arguments": "{}"
    },
    {
        "class": "com.facebook.FacebookSdk",
        "method": "getApplicationId",
        "arguments": "{}"
    },
    {
        "class": "com.facebook.FacebookSdk",
        "method": "isLoggingBehaviorEnabled",
        "arguments": "{\"0\":\"<instance: com.facebook.LoggingBehavior>\"}"
    },
    {
        "class": "com.facebook.FacebookSdk",
        "method": "isInitialized",
        "arguments": "{}"
    },
    {
        "class": "com.facebook.FacebookSdk",
        "method": "isDebugEnabled",
        "arguments": "{}"
    },
    {
        "class": "com.facebook.FacebookSdk",
        "method": "getApplicationContext",
        "arguments": "{}"
    },
    {
        "class": "com.facebook.FacebookSdk",
        "method": "isLoggingBehaviorEnabled",
        "arguments": "{\"0\":\"<instance: com.facebook.LoggingBehavior>\"}"
    },
    {
        "class": "com.facebook.FacebookSdk",
        "method": "isInitialized",
        "arguments": "{}"
    },
    {
        "class": "com.facebook.FacebookSdk",
        "method": "isDebugEnabled",
        "arguments": "{}"
    },
    {
        "class": "com.facebook.FacebookSdk",
        "method": "isLoggingBehaviorEnabled",
        "arguments": "{\"0\":\"<instance: com.facebook.LoggingBehavior>\"}"
    },
    {
        "class": "com.facebook.FacebookSdk",
        "method": "getApplicationContext",
        "arguments": "{}"
    },
    {
        "class": "com.facebook.FacebookSdk",
        "method": "isInitialized",
        "arguments": "{}"
    },
    {
        "class": "com.facebook.FacebookSdk",
        "method": "isDebugEnabled",
        "arguments": "{}"
    },
    {
        "class": "com.facebook.FacebookSdk",
        "method": "getApplicationContext",
        "arguments": "{}"
    },
    {
        "class": "com.facebook.FacebookSdk",
        "method": "isFullyInitialized",
        "arguments": "{}"
    },
    {
        "class": "com.facebook.FacebookSdk",
        "method": "isInitialized",
        "arguments": "{}"
    },
    {
        "class": "com.facebook.FacebookSdk",
        "method": "getApplicationContext",
        "arguments": "{}"
    },
    {
        "class": "com.facebook.FacebookSdk",
        "method": "isInitialized",
        "arguments": "{}"
    },
    {
        "class": "com.facebook.FacebookSdk",
        "method": "getApplicationId",
        "arguments": "{}"
    },
    {
        "class": "com.facebook.FacebookSdk",
        "method": "isInitialized",
        "arguments": "{}"
    },
    {
        "class": "com.facebook.FacebookSdk",
        "method": "getApplicationId",
        "arguments": "{}"
    },
    {
        "class": "com.facebook.FacebookSdk",
        "method": "isInitialized",
        "arguments": "{}"
    },
    {
        "class": "com.facebook.FacebookSdk",
        "method": "getApplicationId",
        "arguments": "{}"
    },
    {
        "class": "com.facebook.FacebookSdk",
        "method": "isInitialized",
        "arguments": "{}"
    },
    {
        "class": "com.facebook.FacebookSdk",
        "method": "getApplicationId",
        "arguments": "{}"
    },
    {
        "class": "com.facebook.FacebookSdk",
        "method": "isInitialized",
        "arguments": "{}"
    },
    {
        "class": "com.facebook.FacebookSdk",
        "method": "getApplicationId",
        "arguments": "{}"
    },
    {
        "class": "com.facebook.FacebookSdk",
        "method": "isInitialized",
        "arguments": "{}"
    },
    {
        "class": "com.facebook.FacebookSdk",
        "method": "getApplicationId",
        "arguments": "{}"
    },
    {
        "class": "com.facebook.FacebookSdk",
        "method": "isInitialized",
        "arguments": "{}"
    },
    {
        "class": "com.facebook.FacebookSdk",
        "method": "getApplicationContext",
        "arguments": "{}"
    },
    {
        "class": "com.facebook.FacebookSdk",
        "method": "isInitialized",
        "arguments": "{}"
    },
    {
        "class": "com.facebook.FacebookSdk",
        "method": "getApplicationContext",
        "arguments": "{}"
    },
    {
        "class": "com.facebook.FacebookSdk",
        "method": "isInitialized",
        "arguments": "{}"
    },
    {
        "class": "com.facebook.FacebookSdk",
        "method": "getApplicationContext",
        "arguments": "{}"
    },
    {
        "class": "com.facebook.FacebookSdk",
        "method": "isInitialized",
        "arguments": "{}"
    },
    {
        "class": "com.facebook.FacebookSdk",
        "method": "getApplicationId",
        "arguments": "{}"
    },
    {
        "class": "com.facebook.FacebookSdk",
        "method": "isInitialized",
        "arguments": "{}"
    },
    {
        "class": "com.facebook.FacebookSdk",
        "method": "getApplicationId",
        "arguments": "{}"
    },
    {
        "class": "com.facebook.FacebookSdk",
        "method": "isInitialized",
        "arguments": "{}"
    },
    {
        "class": "com.facebook.FacebookSdk",
        "method": "getApplicationId",
        "arguments": "{}"
    },
    {
        "class": "com.facebook.FacebookSdk",
        "method": "isInitialized",
        "arguments": "{}"
    },
    {
        "class": "com.facebook.FacebookSdk",
        "method": "getApplicationId",
        "arguments": "{}"
    },
    {
        "class": "com.facebook.FacebookSdk",
        "method": "isInitialized",
        "arguments": "{}"
    },
    {
        "class": "com.facebook.FacebookSdk",
        "method": "getApplicationId",
        "arguments": "{}"
    },
    {
        "class": "com.facebook.FacebookSdk",
        "method": "isInitialized",
        "arguments": "{}"
    },
    {
        "class": "com.facebook.FacebookSdk",
        "method": "getApplicationId",
        "arguments": "{}"
    },
    {
        "class": "com.facebook.FacebookSdk",
        "method": "isInitialized",
        "arguments": "{}"
    },
    {
        "class": "com.facebook.FacebookSdk",
        "method": "getApplicationContext",
        "arguments": "{}"
    },
    {
        "class": "com.facebook.FacebookSdk",
        "method": "isInitialized",
        "arguments": "{}"
    },
    {
        "class": "com.facebook.FacebookSdk",
        "method": "getApplicationContext",
        "arguments": "{}"
    },
    {
        "class": "com.facebook.FacebookSdk",
        "method": "isInitialized",
        "arguments": "{}"
    },
    {
        "class": "com.facebook.FacebookSdk",
        "method": "getApplicationId",
        "arguments": "{}"
    },
    {
        "class": "com.facebook.FacebookSdk",
        "method": "isInitialized",
        "arguments": "{}"
    },
    {
        "class": "com.facebook.FacebookSdk",
        "method": "getApplicationId",
        "arguments": "{}"
    },
    {
        "class": "com.facebook.FacebookSdk",
        "method": "isInitialized",
        "arguments": "{}"
    },
    {
        "class": "com.facebook.FacebookSdk",
        "method": "getApplicationId",
        "arguments": "{}"
    },
    {
        "class": "com.facebook.FacebookSdk",
        "method": "isInitialized",
        "arguments": "{}"
    },
    {
        "class": "com.facebook.FacebookSdk",
        "method": "getApplicationId",
        "arguments": "{}"
    },
    {
        "class": "com.facebook.FacebookSdk",
        "method": "isInitialized",
        "arguments": "{}"
    },
    {
        "class": "com.facebook.FacebookSdk",
        "method": "getApplicationId",
        "arguments": "{}"
    },
    {
        "class": "com.facebook.FacebookSdk",
        "method": "isInitialized",
        "arguments": "{}"
    },
    {
        "class": "com.appsflyer.AppsFlyerLib",
        "method": "getInstance",
        "arguments": "{}"
    },
    {
        "class": "com.appsflyer.AppsFlyerLib",
        "method": "getInstance",
        "arguments": "{}"
    },
    {
        "class": "com.appsflyer.AppsFlyerLib",
        "method": "getInstance",
        "arguments": "{}"
    },
    {
        "class": "com.appsflyer.AppsFlyerLib",
        "method": "getInstance",
        "arguments": "{}"
    },
    {
        "class": "com.appsflyer.AppsFlyerLib",
        "method": "getInstance",
        "arguments": "{}"
    },
    {
        "class": "com.appsflyer.AppsFlyerLib",
        "method": "getInstance",
        "arguments": "{}"
    },
    {
        "class": "com.appsflyer.AppsFlyerLib",
        "method": "getInstance",
        "arguments": "{}"
    },
    {
        "class": "com.appsflyer.AppsFlyerLib",
        "method": "getInstance",
        "arguments": "{}"
    },
    {
        "class": "com.facebook.FacebookSdk",
        "method": "isLoggingBehaviorEnabled",
        "arguments": "{\"0\":\"<instance: com.facebook.LoggingBehavior>\"}"
    },
    {
        "class": "com.facebook.FacebookSdk",
        "method": "isDebugEnabled",
        "arguments": "{}"
    },
    {
        "class": "com.facebook.FacebookSdk",
        "method": "isLoggingBehaviorEnabled",
        "arguments": "{\"0\":\"<instance: com.facebook.LoggingBehavior>\"}"
    },
    {
        "class": "com.facebook.FacebookSdk",
        "method": "isDebugEnabled",
        "arguments": "{}"
    },
    {
        "class": "com.ironsource.mediationsdk.IronSource",
        "method": "addImpressionDataListener",
        "arguments": "{\"0\":\"<instance: com.ironsource.mediationsdk.impressionData.ImpressionDataListener, $className: com.ironsource.unity.androidbridge.AndroidBridge>\"}"
    },
    {
        "class": "com.ironsource.mediationsdk.IronSource",
        "method": "setInterstitialListener",
        "arguments": "{\"0\":\"<instance: com.ironsource.mediationsdk.sdk.InterstitialListener, $className: com.ironsource.unity.androidbridge.AndroidBridge>\"}"
    },
    {
        "class": "com.ironsource.mediationsdk.IronSource",
        "method": "setOfferwallListener",
        "arguments": "{\"0\":\"<instance: com.ironsource.mediationsdk.sdk.OfferwallListener, $className: com.ironsource.unity.androidbridge.AndroidBridge>\"}"
    },
    {
        "class": "com.ironsource.mediationsdk.IronSource",
        "method": "setISDemandOnlyRewardedVideoListener",
        "arguments": "{\"0\":\"<instance: com.ironsource.mediationsdk.demandOnly.ISDemandOnlyRewardedVideoListener, $className: com.ironsource.unity.androidbridge.AndroidBridge>\"}"
    },
    {
        "class": "com.ironsource.mediationsdk.IronSource",
        "method": "setSegmentListener",
        "arguments": "{\"0\":\"<instance: com.ironsource.mediationsdk.sdk.SegmentListener, $className: com.ironsource.unity.androidbridge.AndroidBridge>\"}"
    },
    {
        "class": "com.ironsource.mediationsdk.IronSource",
        "method": "setRewardedVideoListener",
        "arguments": "{\"0\":\"<instance: com.ironsource.mediationsdk.sdk.RewardedVideoListener, $className: com.ironsource.unity.androidbridge.AndroidBridge>\"}"
    },
    {
        "class": "com.ironsource.mediationsdk.IronSource",
        "method": "setLevelPlayRewardedVideoListener",
        "arguments": "{\"0\":\"<instance: com.ironsource.mediationsdk.sdk.LevelPlayRewardedVideoListener, $className: com.ironsource.unity.androidbridge.LevelPlayRewardedVideoWrapper>\"}"
    },
    {
        "class": "com.ironsource.mediationsdk.IronSource",
        "method": "setLevelPlayInterstitialListener",
        "arguments": "{\"0\":\"<instance: com.ironsource.mediationsdk.sdk.LevelPlayInterstitialListener, $className: com.ironsource.unity.androidbridge.LevelPlayInterstitialWrapper>\"}"
    },
    {
        "class": "com.ironsource.mediationsdk.IronSource",
        "method": "setSegmentListener",
        "arguments": "{\"0\":\"<instance: com.ironsource.mediationsdk.sdk.SegmentListener, $className: com.ironsource.unity.androidbridge.AndroidBridge>\"}"
    },
    {
        "class": "com.ironsource.mediationsdk.IronSource",
        "method": "setSegment",
        "arguments": "{\"0\":\"<instance: com.ironsource.mediationsdk.IronSourceSegment>\"}"
    },
    {
        "class": "com.ironsource.mediationsdk.IronSource",
        "method": "setConsent",
        "arguments": "{\"0\":false}"
    },
    {
        "class": "com.ironsource.mediationsdk.IronSource",
        "method": "setMetaData",
        "arguments": "{\"0\":\"do_not_sell\",\"1\":\"true\"}"
    },
    {
        "class": "com.appsflyer.AppsFlyerLib",
        "method": "getInstance",
        "arguments": "{}"
    },
    {
        "class": "com.ironsource.mediationsdk.IronSource",
        "method": "setUserId",
        "arguments": "{\"0\":\"1728462130525-3205505064718001778\"}"
    },
    {
        "class": "com.ironsource.mediationsdk.IronSource",
        "method": "init",
        "arguments": "{\"0\":\"<instance: android.content.Context, $className: com.boombit.MainActivity>\",\"1\":\"6a4ab54d\",\"2\":\"<instance: com.ironsource.mediationsdk.sdk.InitializationListener, $className: com.ironsource.unity.androidbridge.AndroidBridge>\"}"
    },
    {
        "class": "com.ironsource.mediationsdk.IronSource",
        "method": "init",
        "arguments": "{\"0\":\"<instance: android.content.Context, $className: com.boombit.MainActivity>\",\"1\":\"6a4ab54d\",\"2\":\"<instance: com.ironsource.mediationsdk.sdk.InitializationListener, $className: com.ironsource.unity.androidbridge.AndroidBridge>\",\"3\":null}"
    },
    {
        "class": "com.ironsource.mediationsdk.IronSource",
        "method": "shouldTrackNetworkState",
        "arguments": "{\"0\":\"<instance: android.content.Context, $className: com.boombit.MainActivity>\",\"1\":true}"
    },
    {
        "class": "com.google.android.gms.ads.MobileAds",
        "method": "getVersion",
        "arguments": "{}"
    },
    {
        "class": "com.google.android.gms.ads.RequestConfiguration$Builder",
        "method": "build",
        "arguments": "{}"
    },
    {
        "class": "com.unity3d.ads.UnityAds",
        "method": "getVersion",
        "arguments": "{}"
    },
    {
        "class": "com.unity3d.ads.metadata.MetaData",
        "method": "set",
        "arguments": "{\"0\":\"privacy.consent\",\"1\":\"<instance: java.lang.Object, $className: java.lang.Boolean>\"}"
    },
    {
        "class": "com.unity3d.ads.metadata.MetaData",
        "method": "getActualKey",
        "arguments": "{\"0\":\"privacy.consent\"}"
    },
    {
        "class": "com.unity3d.ads.metadata.MetaData",
        "method": "getCategory",
        "arguments": "{}"
    },
    {
        "class": "com.unity3d.ads.metadata.MetaData",
        "method": "getActualKey",
        "arguments": "{\"0\":\"privacy.consent\"}"
    },
    {
        "class": "com.unity3d.ads.metadata.MetaData",
        "method": "getCategory",
        "arguments": "{}"
    },
    {
        "class": "com.unity3d.ads.metadata.MetaData",
        "method": "commit",
        "arguments": "{}"
    },
    {
        "class": "com.unity3d.ads.metadata.MetaData",
        "method": "set",
        "arguments": "{\"0\":\"gdpr.consent\",\"1\":\"<instance: java.lang.Object, $className: java.lang.Boolean>\"}"
    },
    {
        "class": "com.unity3d.ads.metadata.MetaData",
        "method": "getActualKey",
        "arguments": "{\"0\":\"gdpr.consent\"}"
    },
    {
        "class": "com.unity3d.ads.metadata.MetaData",
        "method": "getCategory",
        "arguments": "{}"
    },
    {
        "class": "com.unity3d.ads.metadata.MetaData",
        "method": "getActualKey",
        "arguments": "{\"0\":\"gdpr.consent\"}"
    },
    {
        "class": "com.unity3d.ads.metadata.MetaData",
        "method": "getCategory",
        "arguments": "{}"
    },
    {
        "class": "com.unity3d.ads.metadata.MetaData",
        "method": "commit",
        "arguments": "{}"
    },
    {
        "class": "com.applovin.sdk.AppLovinPrivacySettings",
        "method": "setDoNotSell",
        "arguments": "{\"0\":true,\"1\":\"<instance: android.content.Context, $className: com.boombit.BoombitApplication>\"}"
    },
    {
        "class": "com.applovin.sdk.AppLovinSdk",
        "method": "reinitializeAll",
        "arguments": "{\"0\":null,\"1\":null,\"2\":\"<instance: java.lang.Boolean>\"}"
    },
    {
        "class": "com.applovin.sdk.AppLovinPrivacySettings",
        "method": "setHasUserConsent",
        "arguments": "{\"0\":false,\"1\":\"<instance: android.content.Context, $className: com.boombit.BoombitApplication>\"}"
    },
    {
        "class": "com.applovin.sdk.AppLovinSdk",
        "method": "reinitializeAll",
        "arguments": "{\"0\":\"<instance: java.lang.Boolean>\",\"1\":null,\"2\":null}"
    },
    {
        "class": "com.fyber.inneractive.sdk.external.InneractiveAdManager",
        "method": "getVersion",
        "arguments": "{}"
    },
    {
        "class": "com.facebook.ads.AudienceNetworkAds",
        "method": "buildInitSettings",
        "arguments": "{\"0\":\"<instance: android.content.Context, $className: com.boombit.BoombitApplication>\"}"
    },
    {
        "class": "com.facebook.ads.AdSettings",
        "method": "setMediationService",
        "arguments": "{\"0\":\"ironSource_7.6.1:4.3.45\"}"
    },
    {
        "class": "com.google.android.gms.ads.MobileAds",
        "method": "disableMediationAdapterInitialization",
        "arguments": "{\"0\":\"<instance: android.content.Context, $className: com.boombit.BoombitApplication>\"}"
    },
    {
        "class": "com.facebook.ads.AdSettings",
        "method": "getTestAdType",
        "arguments": "{}"
    },
    {
        "class": "com.facebook.ads.AdSettings",
        "method": "isTestMode",
        "arguments": "{\"0\":\"<instance: android.content.Context, $className: com.facebook.ads.redexgen.X.Y9>\"}"
    },
    {
        "class": "com.facebook.ads.AdSettings",
        "method": "isMixedAudience",
        "arguments": "{}"
    },
    {
        "class": "com.google.android.gms.ads.MobileAds",
        "method": "initialize",
        "arguments": "{\"0\":\"<instance: android.content.Context, $className: com.boombit.BoombitApplication>\"}"
    },
    {
        "class": "com.google.android.gms.ads.RequestConfiguration",
        "method": "getTagForChildDirectedTreatment",
        "arguments": "{}"
    },
    {
        "class": "com.google.android.gms.ads.RequestConfiguration",
        "method": "getTagForUnderAgeOfConsent",
        "arguments": "{}"
    },
    {
        "class": "com.inmobi.sdk.InMobiSdk",
        "method": "getVersion",
        "arguments": "{}"
    },
    {
        "class": "com.inmobi.sdk.InMobiSdk",
        "method": "setLogLevel",
        "arguments": "{\"0\":\"<instance: com.inmobi.sdk.InMobiSdk$LogLevel>\"}"
    },
    {
        "class": "com.vungle.ads.VungleAds",
        "method": "access$getVungleInternal$cp",
        "arguments": "{}"
    },
    {
        "class": "com.vungle.ads.VunglePrivacySettings",
        "method": "setCCPAStatus",
        "arguments": "{\"0\":false}"
    },
    {
        "class": "com.vungle.ads.VunglePrivacySettings",
        "method": "setGDPRStatus",
        "arguments": "{\"0\":false,\"1\":\"1.0.0\"}"
    },
    {
        "class": "com.vungle.ads.VungleAds",
        "method": "access$getInitializer$cp",
        "arguments": "{}"
    },
    {
        "class": "com.inmobi.sdk.InMobiSdk",
        "method": "init",
        "arguments": "{\"0\":\"<instance: android.content.Context, $className: com.boombit.BoombitApplication>\",\"1\":\"82973cb589794b7892ab0ef172a208d4\",\"2\":\"<instance: org.json.JSONObject>\",\"3\":\"<instance: com.inmobi.sdk.SdkInitializationListener, $className: com.ironsource.adapters.inmobi.InMobiInitListener>\"}"
    },
    {
        "class": "com.inmobi.sdk.InMobiSdk",
        "method": "a",
        "arguments": "{\"0\":\"<instance: android.content.Context, $className: com.boombit.BoombitApplication>\",\"1\":\"82973cb589794b7892ab0ef172a208d4\",\"2\":\"<instance: org.json.JSONObject>\",\"3\":\"<instance: com.inmobi.sdk.SdkInitializationListener, $className: com.ironsource.adapters.inmobi.InMobiInitListener>\"}"
    },
    {
        "class": "com.inmobi.sdk.InMobiSdk",
        "method": "a",
        "arguments": "{\"0\":\"<instance: android.content.Context, $className: com.boombit.BoombitApplication>\",\"1\":\"<instance: com.inmobi.sdk.SdkInitializationListener, $className: com.ironsource.adapters.inmobi.InMobiInitListener>\",\"2\":\"82973cb589794b7892ab0ef172a208d4\",\"3\":\"<instance: org.json.JSONObject>\"}"
    },
    {
        "class": "com.inmobi.sdk.InMobiSdk",
        "method": "a",
        "arguments": "{}"
    },
    {
        "class": "com.inmobi.sdk.InMobiSdk",
        "method": "b",
        "arguments": "{}"
    },
    {
        "class": "com.inmobi.sdk.InMobiSdk",
        "method": "a",
        "arguments": "{\"0\":\"<instance: android.content.Context, $className: com.boombit.BoombitApplication>\",\"1\":\"82973cb589794b7892ab0ef172a208d4\",\"2\":\"<instance: com.inmobi.sdk.SdkInitializationListener, $className: com.ironsource.adapters.inmobi.InMobiInitListener>\",\"3\":\"5102919\"}"
    },
    {
        "class": "com.inmobi.sdk.InMobiSdk",
        "method": "b",
        "arguments": "{\"0\":\"<instance: com.inmobi.sdk.SdkInitializationListener, $className: com.ironsource.adapters.inmobi.InMobiInitListener>\",\"1\":null}"
    },
    {
        "class": "com.inmobi.sdk.InMobiSdk",
        "method": "c",
        "arguments": "{\"0\":\"<instance: com.inmobi.sdk.SdkInitializationListener, $className: com.ironsource.adapters.inmobi.InMobiInitListener>\",\"1\":null}"
    },
    {
        "class": "com.google.android.gms.ads.MobileAds",
        "method": "getVersion",
        "arguments": "{}"
    },
    {
        "class": "com.inmobi.sdk.InMobiSdk",
        "method": "getVersion",
        "arguments": "{}"
    },
    {
        "class": "com.inmobi.sdk.InMobiSdk",
        "method": "getToken",
        "arguments": "{\"0\":\"<instance: java.util.Map, $className: java.util.HashMap>\",\"1\":\"\"}"
    },
    {
        "class": "com.vungle.ads.VungleAds",
        "method": "access$getVungleInternal$cp",
        "arguments": "{}"
    },
    {
        "class": "com.google.android.gms.ads.AdRequest$Builder",
        "method": "setRequestAgent",
        "arguments": "{\"0\":\"unity\"}"
    },
    {
        "class": "com.vungle.ads.VungleAds",
        "method": "access$getVungleInternal$cp",
        "arguments": "{}"
    },
    {
        "class": "com.google.android.gms.ads.AdRequest$Builder",
        "method": "addNetworkExtrasBundle",
        "arguments": "{\"0\":\"<instance: java.lang.Class>\",\"1\":\"<instance: android.os.Bundle>\"}"
    },
    {
        "class": "com.google.android.gms.ads.AdRequest$Builder",
        "method": "build",
        "arguments": "{}"
    },
    {
        "class": "com.google.android.gms.ads.AdRequest",
        "method": "zza",
        "arguments": "{}"
    },
    {
        "class": "com.vungle.ads.VungleAds",
        "method": "access$getVungleInternal$cp",
        "arguments": "{}"
    },
    {
        "class": "com.google.android.gms.ads.RequestConfiguration",
        "method": "getTestDeviceIds",
        "arguments": "{}"
    },
    {
        "class": "com.google.android.gms.ads.RequestConfiguration",
        "method": "getTagForChildDirectedTreatment",
        "arguments": "{}"
    },
    {
        "class": "com.google.android.gms.ads.RequestConfiguration",
        "method": "getTagForUnderAgeOfConsent",
        "arguments": "{}"
    },
    {
        "class": "com.google.android.gms.ads.RequestConfiguration",
        "method": "getMaxAdContentRating",
        "arguments": "{}"
    },
    {
        "class": "com.google.firebase.analytics.FirebaseAnalytics",
        "method": "getScionFrontendApiImplementation",
        "arguments": "{\"0\":\"<instance: android.content.Context, $className: com.boombit.BoombitApplication>\",\"1\":null}"
    },
    {
        "class": "com.google.android.gms.ads.MobileAds",
        "method": "getVersion",
        "arguments": "{}"
    },
    {
        "class": "com.google.android.gms.ads.MobileAds",
        "method": "getVersion",
        "arguments": "{}"
    },
    {
        "class": "com.inmobi.sdk.InMobiSdk",
        "method": "getVersion",
        "arguments": "{}"
    },
    {
        "class": "com.vungle.ads.VungleAds",
        "method": "access$getVungleInternal$cp",
        "arguments": "{}"
    },
    {
        "class": "com.ironsource.mediationsdk.IronSource",
        "method": "isRewardedVideoAvailable",
        "arguments": "{}"
    },
    {
        "class": "com.ironsource.mediationsdk.IronSource",
        "method": "isRewardedVideoAvailable",
        "arguments": "{}"
    },
    {
        "class": "com.ironsource.mediationsdk.IronSource",
        "method": "isRewardedVideoAvailable",
        "arguments": "{}"
    },
    {
        "class": "com.ironsource.mediationsdk.IronSource",
        "method": "isRewardedVideoAvailable",
        "arguments": "{}"
    },
    {
        "class": "com.ironsource.mediationsdk.IronSource",
        "method": "isRewardedVideoAvailable",
        "arguments": "{}"
    },
    {
        "class": "com.ironsource.mediationsdk.IronSource",
        "method": "isRewardedVideoAvailable",
        "arguments": "{}"
    },
    {
        "class": "com.ironsource.mediationsdk.IronSource",
        "method": "isRewardedVideoAvailable",
        "arguments": "{}"
    },
    {
        "class": "com.ironsource.mediationsdk.IronSource",
        "method": "isRewardedVideoAvailable",
        "arguments": "{}"
    },
    {
        "class": "com.ironsource.mediationsdk.IronSource",
        "method": "isRewardedVideoAvailable",
        "arguments": "{}"
    },
    {
        "class": "com.ironsource.mediationsdk.IronSource",
        "method": "isRewardedVideoAvailable",
        "arguments": "{}"
    },
    {
        "class": "com.ironsource.mediationsdk.IronSource",
        "method": "isInterstitialReady",
        "arguments": "{}"
    },
    {
        "class": "com.ironsource.mediationsdk.IronSource",
        "method": "isInterstitialReady",
        "arguments": "{}"
    },
    {
        "class": "com.ironsource.mediationsdk.IronSource",
        "method": "loadInterstitial",
        "arguments": "{}"
    },
    {
        "class": "com.ironsource.mediationsdk.IronSource",
        "method": "isInterstitialReady",
        "arguments": "{}"
    },
    {
        "class": "com.ironsource.mediationsdk.IronSource",
        "method": "isInterstitialReady",
        "arguments": "{}"
    },
    {
        "class": "com.ironsource.mediationsdk.IronSource",
        "method": "isInterstitialReady",
        "arguments": "{}"
    },
    {
        "class": "com.ironsource.mediationsdk.IronSource",
        "method": "isInterstitialReady",
        "arguments": "{}"
    },
    {
        "class": "com.ironsource.mediationsdk.IronSource",
        "method": "isRewardedVideoAvailable",
        "arguments": "{}"
    },
    {
        "class": "com.ironsource.mediationsdk.IronSource",
        "method": "isRewardedVideoAvailable",
        "arguments": "{}"
    },
    {
        "class": "com.ironsource.mediationsdk.IronSource",
        "method": "isRewardedVideoAvailable",
        "arguments": "{}"
    },
    {
        "class": "com.ironsource.mediationsdk.IronSource",
        "method": "isRewardedVideoAvailable",
        "arguments": "{}"
    },
    {
        "class": "com.ironsource.mediationsdk.IronSource",
        "method": "isRewardedVideoAvailable",
        "arguments": "{}"
    },
    {
        "class": "com.ironsource.mediationsdk.IronSource",
        "method": "isRewardedVideoAvailable",
        "arguments": "{}"
    },
    {
        "class": "com.inmobi.sdk.InMobiSdk",
        "method": "getToken",
        "arguments": "{\"0\":\"<instance: java.util.Map, $className: java.util.HashMap>\",\"1\":\"\"}"
    },
    {
        "class": "com.vungle.ads.VungleAds",
        "method": "access$getVungleInternal$cp",
        "arguments": "{}"
    },
    {
        "class": "com.google.android.gms.ads.AdRequest$Builder",
        "method": "setRequestAgent",
        "arguments": "{\"0\":\"unity\"}"
    },
    {
        "class": "com.ironsource.mediationsdk.IronSource",
        "method": "isRewardedVideoAvailable",
        "arguments": "{}"
    },
    {
        "class": "com.ironsource.mediationsdk.IronSource",
        "method": "isRewardedVideoAvailable",
        "arguments": "{}"
    },
    {
        "class": "com.ironsource.mediationsdk.IronSource",
        "method": "isRewardedVideoAvailable",
        "arguments": "{}"
    },
    {
        "class": "com.google.android.gms.ads.AdRequest$Builder",
        "method": "addNetworkExtrasBundle",
        "arguments": "{\"0\":\"<instance: java.lang.Class>\",\"1\":\"<instance: android.os.Bundle>\"}"
    },
    {
        "class": "com.ironsource.mediationsdk.IronSource",
        "method": "isRewardedVideoAvailable",
        "arguments": "{}"
    },
    {
        "class": "com.ironsource.mediationsdk.IronSource",
        "method": "isRewardedVideoAvailable",
        "arguments": "{}"
    },
    {
        "class": "com.ironsource.mediationsdk.IronSource",
        "method": "isRewardedVideoAvailable",
        "arguments": "{}"
    },
    {
        "class": "com.google.android.gms.ads.AdRequest$Builder",
        "method": "build",
        "arguments": "{}"
    },
    {
        "class": "com.ironsource.mediationsdk.IronSource",
        "method": "isRewardedVideoAvailable",
        "arguments": "{}"
    },
    {
        "class": "com.vungle.ads.VungleAds",
        "method": "access$getVungleInternal$cp",
        "arguments": "{}"
    },
    {
        "class": "com.ironsource.mediationsdk.IronSource",
        "method": "isRewardedVideoAvailable",
        "arguments": "{}"
    },
    {
        "class": "com.ironsource.mediationsdk.IronSource",
        "method": "isRewardedVideoAvailable",
        "arguments": "{}"
    },
    {
        "class": "com.ironsource.mediationsdk.IronSource",
        "method": "isRewardedVideoAvailable",
        "arguments": "{}"
    },
    {
        "class": "com.vungle.ads.VungleAds",
        "method": "access$getVungleInternal$cp",
        "arguments": "{}"
    },
    {
        "class": "com.google.android.gms.ads.AdRequest",
        "method": "zza",
        "arguments": "{}"
    },
    {
        "class": "com.ironsource.mediationsdk.IronSource",
        "method": "isRewardedVideoAvailable",
        "arguments": "{}"
    },
    {
        "class": "com.google.android.gms.ads.MobileAds",
        "method": "getVersion",
        "arguments": "{}"
    },
    {
        "class": "com.ironsource.mediationsdk.IronSource",
        "method": "isRewardedVideoAvailable",
        "arguments": "{}"
    },
    {
        "class": "com.ironsource.mediationsdk.IronSource",
        "method": "isRewardedVideoAvailable",
        "arguments": "{}"
    },
    {
        "class": "com.google.android.gms.ads.RequestConfiguration",
        "method": "getTestDeviceIds",
        "arguments": "{}"
    },
    {
        "class": "com.ironsource.mediationsdk.IronSource",
        "method": "isRewardedVideoAvailable",
        "arguments": "{}"
    },
    {
        "class": "com.google.android.gms.ads.RequestConfiguration",
        "method": "getTagForChildDirectedTreatment",
        "arguments": "{}"
    },
    {
        "class": "com.ironsource.mediationsdk.IronSource",
        "method": "isRewardedVideoAvailable",
        "arguments": "{}"
    },
    {
        "class": "com.google.android.gms.ads.RequestConfiguration",
        "method": "getTagForUnderAgeOfConsent",
        "arguments": "{}"
    },
    {
        "class": "com.ironsource.mediationsdk.IronSource",
        "method": "isRewardedVideoAvailable",
        "arguments": "{}"
    },
    {
        "class": "com.google.android.gms.ads.RequestConfiguration",
        "method": "getMaxAdContentRating",
        "arguments": "{}"
    },
    {
        "class": "com.ironsource.mediationsdk.IronSource",
        "method": "isRewardedVideoAvailable",
        "arguments": "{}"
    },
    {
        "class": "com.ironsource.mediationsdk.IronSource",
        "method": "isRewardedVideoAvailable",
        "arguments": "{}"
    },
    {
        "class": "com.ironsource.mediationsdk.IronSource",
        "method": "isRewardedVideoAvailable",
        "arguments": "{}"
    },
    {
        "class": "com.ironsource.mediationsdk.IronSource",
        "method": "isRewardedVideoAvailable",
        "arguments": "{}"
    },
    {
        "class": "com.ironsource.mediationsdk.IronSource",
        "method": "isRewardedVideoAvailable",
        "arguments": "{}"
    },
    {
        "class": "com.ironsource.mediationsdk.IronSource",
        "method": "isRewardedVideoAvailable",
        "arguments": "{}"
    },
    {
        "class": "com.ironsource.mediationsdk.IronSource",
        "method": "isRewardedVideoAvailable",
        "arguments": "{}"
    },
    {
        "class": "com.ironsource.mediationsdk.IronSource",
        "method": "isRewardedVideoAvailable",
        "arguments": "{}"
    },
    {
        "class": "com.inmobi.sdk.InMobiSdk",
        "method": "getVersion",
        "arguments": "{}"
    },
    {
        "class": "com.ironsource.mediationsdk.IronSource",
        "method": "isRewardedVideoAvailable",
        "arguments": "{}"
    },
    {
        "class": "com.ironsource.mediationsdk.IronSource",
        "method": "isRewardedVideoAvailable",
        "arguments": "{}"
    },
    {
        "class": "com.ironsource.mediationsdk.IronSource",
        "method": "isRewardedVideoAvailable",
        "arguments": "{}"
    },
    {
        "class": "com.ironsource.mediationsdk.IronSource",
        "method": "isRewardedVideoAvailable",
        "arguments": "{}"
    },
    {
        "class": "com.google.android.gms.ads.MobileAds",
        "method": "getVersion",
        "arguments": "{}"
    },
    {
        "class": "com.google.android.gms.ads.MobileAds",
        "method": "getVersion",
        "arguments": "{}"
    },
    {
        "class": "com.google.android.gms.ads.AdRequest$Builder",
        "method": "setRequestAgent",
        "arguments": "{\"0\":\"unity\"}"
    },
    {
        "class": "com.unity3d.ads.UnityAds",
        "method": "getVersion",
        "arguments": "{}"
    },
    {
        "class": "com.google.android.gms.ads.MobileAds",
        "method": "getRequestConfiguration",
        "arguments": "{}"
    },
    {
        "class": "com.google.android.gms.ads.RequestConfiguration",
        "method": "toBuilder",
        "arguments": "{}"
    },
    {
        "class": "com.google.android.gms.ads.RequestConfiguration$Builder",
        "method": "setTagForChildDirectedTreatment",
        "arguments": "{\"0\":-1}"
    },
    {
        "class": "com.unity3d.ads.metadata.MetaData",
        "method": "setCategory",
        "arguments": "{\"0\":\"mediation\"}"
    },
    {
        "class": "com.google.android.gms.ads.RequestConfiguration$Builder",
        "method": "setTagForUnderAgeOfConsent",
        "arguments": "{\"0\":-1}"
    },
    {
        "class": "com.google.android.gms.ads.RequestConfiguration$Builder",
        "method": "setMaxAdContentRating",
        "arguments": "{\"0\":null}"
    },
    {
        "class": "com.unity3d.ads.metadata.MetaData",
        "method": "set",
        "arguments": "{\"0\":\"name\",\"1\":\"<instance: java.lang.Object, $className: java.lang.String>\"}"
    },
    {
        "class": "com.google.android.gms.ads.RequestConfiguration$Builder",
        "method": "setTestDeviceIds",
        "arguments": "{\"0\":\"<instance: java.util.List, $className: java.util.ArrayList>\"}"
    },
    {
        "class": "com.unity3d.ads.metadata.MetaData",
        "method": "getActualKey",
        "arguments": "{\"0\":\"name\"}"
    },
    {
        "class": "com.google.android.gms.ads.AdRequest$Builder",
        "method": "addNetworkExtrasBundle",
        "arguments": "{\"0\":\"<instance: java.lang.Class>\",\"1\":\"<instance: android.os.Bundle>\"}"
    },
    {
        "class": "com.google.android.gms.ads.AdRequest$Builder",
        "method": "build",
        "arguments": "{}"
    },
    {
        "class": "com.unity3d.ads.metadata.MetaData",
        "method": "getCategory",
        "arguments": "{}"
    },
    {
        "class": "com.unity3d.ads.metadata.MetaData",
        "method": "getCategory",
        "arguments": "{}"
    },
    {
        "class": "com.unity3d.ads.metadata.MetaData",
        "method": "getActualKey",
        "arguments": "{\"0\":\"name\"}"
    },
    {
        "class": "com.unity3d.ads.metadata.MetaData",
        "method": "getCategory",
        "arguments": "{}"
    },
    {
        "class": "com.unity3d.ads.metadata.MetaData",
        "method": "getCategory",
        "arguments": "{}"
    },
    {
        "class": "com.google.android.gms.ads.AdRequest",
        "method": "zza",
        "arguments": "{}"
    },
    {
        "class": "com.google.android.gms.ads.RequestConfiguration",
        "method": "getTestDeviceIds",
        "arguments": "{}"
    },
    {
        "class": "com.unity3d.ads.metadata.MetaData",
        "method": "set",
        "arguments": "{\"0\":\"version\",\"1\":\"<instance: java.lang.Object, $className: java.lang.String>\"}"
    },
    {
        "class": "com.google.android.gms.ads.RequestConfiguration",
        "method": "getTagForChildDirectedTreatment",
        "arguments": "{}"
    },
    {
        "class": "com.unity3d.ads.metadata.MetaData",
        "method": "getActualKey",
        "arguments": "{\"0\":\"version\"}"
    },
    {
        "class": "com.google.android.gms.ads.RequestConfiguration",
        "method": "getTagForUnderAgeOfConsent",
        "arguments": "{}"
    },
    {
        "class": "com.google.android.gms.ads.RequestConfiguration",
        "method": "getMaxAdContentRating",
        "arguments": "{}"
    },
    {
        "class": "com.unity3d.ads.metadata.MetaData",
        "method": "getCategory",
        "arguments": "{}"
    },
    {
        "class": "com.unity3d.ads.metadata.MetaData",
        "method": "getCategory",
        "arguments": "{}"
    },
    {
        "class": "com.unity3d.ads.metadata.MetaData",
        "method": "getActualKey",
        "arguments": "{\"0\":\"version\"}"
    },
    {
        "class": "com.unity3d.ads.metadata.MetaData",
        "method": "getCategory",
        "arguments": "{}"
    },
    {
        "class": "com.unity3d.ads.metadata.MetaData",
        "method": "getCategory",
        "arguments": "{}"
    },
    {
        "class": "com.unity3d.ads.metadata.MetaData",
        "method": "set",
        "arguments": "{\"0\":\"adapter_version\",\"1\":\"<instance: java.lang.Object, $className: java.lang.String>\"}"
    },
    {
        "class": "com.unity3d.ads.metadata.MetaData",
        "method": "getActualKey",
        "arguments": "{\"0\":\"adapter_version\"}"
    },
    {
        "class": "com.unity3d.ads.metadata.MetaData",
        "method": "getCategory",
        "arguments": "{}"
    },
    {
        "class": "com.unity3d.ads.metadata.MetaData",
        "method": "getCategory",
        "arguments": "{}"
    },
    {
        "class": "com.unity3d.ads.metadata.MetaData",
        "method": "getActualKey",
        "arguments": "{\"0\":\"adapter_version\"}"
    },
    {
        "class": "com.unity3d.ads.metadata.MetaData",
        "method": "getCategory",
        "arguments": "{}"
    },
    {
        "class": "com.unity3d.ads.metadata.MetaData",
        "method": "getCategory",
        "arguments": "{}"
    },
    {
        "class": "com.unity3d.ads.metadata.MetaData",
        "method": "commit",
        "arguments": "{}"
    },
    {
        "class": "com.unity3d.ads.metadata.MetaData",
        "method": "set",
        "arguments": "{\"0\":\"adsGateway\",\"1\":\"<instance: java.lang.Object, $className: java.lang.Boolean>\"}"
    },
    {
        "class": "com.unity3d.ads.metadata.MetaData",
        "method": "getActualKey",
        "arguments": "{\"0\":\"adsGateway\"}"
    },
    {
        "class": "com.unity3d.ads.metadata.MetaData",
        "method": "getCategory",
        "arguments": "{}"
    },
    {
        "class": "com.unity3d.ads.metadata.MetaData",
        "method": "getActualKey",
        "arguments": "{\"0\":\"adsGateway\"}"
    },
    {
        "class": "com.unity3d.ads.metadata.MetaData",
        "method": "getCategory",
        "arguments": "{}"
    },
    {
        "class": "com.unity3d.ads.metadata.MetaData",
        "method": "commit",
        "arguments": "{}"
    },
    {
        "class": "com.ironsource.mediationsdk.IronSource",
        "method": "isRewardedVideoAvailable",
        "arguments": "{}"
    },
    {
        "class": "com.ironsource.mediationsdk.IronSource",
        "method": "isRewardedVideoAvailable",
        "arguments": "{}"
    },
    {
        "class": "com.ironsource.mediationsdk.IronSource",
        "method": "isRewardedVideoAvailable",
        "arguments": "{}"
    },
    {
        "class": "com.unity3d.ads.UnityAds",
        "method": "setDebugMode",
        "arguments": "{\"0\":false}"
    },
    {
        "class": "com.ironsource.mediationsdk.IronSource",
        "method": "isRewardedVideoAvailable",
        "arguments": "{}"
    },
    {
        "class": "com.unity3d.ads.UnityAds",
        "method": "initialize",
        "arguments": "{\"0\":\"<instance: android.content.Context, $className: com.boombit.BoombitApplication>\",\"1\":\"1628601\",\"2\":false,\"3\":\"<instance: com.unity3d.ads.IUnityAdsInitializationListener, $className: com.ironsource.adapters.unityads.UnityAdsAdapter>\"}"
    },
    {
        "class": "com.ironsource.mediationsdk.IronSource",
        "method": "isRewardedVideoAvailable",
        "arguments": "{}"
    },
    {
        "class": "com.ironsource.mediationsdk.IronSource",
        "method": "isRewardedVideoAvailable",
        "arguments": "{}"
    },
    {
        "class": "com.ironsource.mediationsdk.IronSource",
        "method": "isRewardedVideoAvailable",
        "arguments": "{}"
    },
    {
        "class": "com.ironsource.mediationsdk.IronSource",
        "method": "isRewardedVideoAvailable",
        "arguments": "{}"
    },
    {
        "class": "com.ironsource.mediationsdk.IronSource",
        "method": "isRewardedVideoAvailable",
        "arguments": "{}"
    },
    {
        "class": "com.unity3d.ads.UnityAds",
        "method": "getToken",
        "arguments": "{\"0\":\"<instance: com.unity3d.ads.IUnityAdsTokenListener, $className: com.ironsource.adapters.unityads.UnityAdsAdapter$1>\"}"
    },
    {
        "class": "com.ironsource.mediationsdk.IronSource",
        "method": "isRewardedVideoAvailable",
        "arguments": "{}"
    },
    {
        "class": "com.ironsource.mediationsdk.IronSource",
        "method": "isRewardedVideoAvailable",
        "arguments": "{}"
    },
    {
        "class": "com.google.android.gms.ads.MobileAds",
        "method": "getVersion",
        "arguments": "{}"
    },
    {
        "class": "com.ironsource.mediationsdk.IronSource",
        "method": "isRewardedVideoAvailable",
        "arguments": "{}"
    },
    {
        "class": "com.vungle.ads.VungleAds",
        "method": "access$getVungleInternal$cp",
        "arguments": "{}"
    },
    {
        "class": "com.google.android.gms.ads.MobileAds",
        "method": "getVersion",
        "arguments": "{}"
    },
    {
        "class": "com.inmobi.sdk.InMobiSdk",
        "method": "getVersion",
        "arguments": "{}"
    },
    {
        "class": "com.google.android.gms.ads.MobileAds",
        "method": "getVersion",
        "arguments": "{}"
    },
    {
        "class": "com.google.android.gms.ads.MobileAds",
        "method": "getVersion",
        "arguments": "{}"
    },
    {
        "class": "com.applovin.sdk.AppLovinSdk",
        "method": "getInstance",
        "arguments": "{\"0\":\"qLNAv15_J2p7eTLGQ9gAmtFnzVO2qS6eoTphVugpxUxZ1GqSPVcAMtyKMLNBoTqZydFRVxERQA_RQqvrJW_gNy\",\"1\":\"<instance: com.applovin.sdk.AppLovinSdkSettings>\",\"2\":\"<instance: android.content.Context, $className: com.boombit.BoombitApplication>\"}"
    }
]