{
    "type": "error",
    "extra": "hook all methods error",
    "package_name": "ai.art.generator.paint.draw.photo",
    "class_name": "com.batch.config.BatchConfiguration",
    "error": "Error: java.lang.ClassNotFoundException: Didn't find class \"com.batch.config.BatchConfiguration\" on path: DexPathList[[zip file \"/data/app/~~UggiF4tMgUXISaGR3sI3OQ==/ai.art.generator.paint.draw.photo-x5DhWyVln17kUzbl0DtQpw==/base.apk\"],nativeLibraryDirectories=[/data/app/~~UggiF4tMgUXISaGR3sI3OQ==/ai.art.generator.paint.draw.photo-x5DhWyVln17kUzbl0DtQpw==/lib/arm64, /data/app/~~UggiF4tMgUXISaGR3sI3OQ==/ai.art.generator.paint.draw.photo-x5DhWyVln17kUzbl0DtQpw==/base.apk!/lib/arm64-v8a, /system/lib64, /system_ext/lib64]]"
},
{
    "type": "error",
    "extra": "hook all methods error",
    "package_name": "ai.art.generator.paint.draw.photo",
    "class_name": "com.braze.configuration.BrazeConfig",
    "error": "Error: java.lang.ClassNotFoundException: Didn't find class \"com.braze.configuration.BrazeConfig\" on path: DexPathList[[zip file \"/data/app/~~UggiF4tMgUXISaGR3sI3OQ==/ai.art.generator.paint.draw.photo-x5DhWyVln17kUzbl0DtQpw==/base.apk\"],nativeLibraryDirectories=[/data/app/~~UggiF4tMgUXISaGR3sI3OQ==/ai.art.generator.paint.draw.photo-x5DhWyVln17kUzbl0DtQpw==/lib/arm64, /data/app/~~UggiF4tMgUXISaGR3sI3OQ==/ai.art.generator.paint.draw.photo-x5DhWyVln17kUzbl0DtQpw==/base.apk!/lib/arm64-v8a, /system/lib64, /system_ext/lib64]]"
},
{
    "type": "error",
    "extra": "hook all methods error",
    "package_name": "ai.art.generator.paint.draw.photo",
    "class_name": "com.tradplus.ads.open.splash.TPSplash",
    "error": "Error: java.lang.ClassNotFoundException: Didn't find class \"com.tradplus.ads.open.splash.TPSplash\" on path: DexPathList[[zip file \"/data/app/~~UggiF4tMgUXISaGR3sI3OQ==/ai.art.generator.paint.draw.photo-x5DhWyVln17kUzbl0DtQpw==/base.apk\"],nativeLibraryDirectories=[/data/app/~~UggiF4tMgUXISaGR3sI3OQ==/ai.art.generator.paint.draw.photo-x5DhWyVln17kUzbl0DtQpw==/lib/arm64, /data/app/~~UggiF4tMgUXISaGR3sI3OQ==/ai.art.generator.paint.draw.photo-x5DhWyVln17kUzbl0DtQpw==/base.apk!/lib/arm64-v8a, /system/lib64, /system_ext/lib64]]"
},
{
    "type": "error",
    "extra": "hook all methods error",
    "package_name": "ai.art.generator.paint.draw.photo",
    "class_name": "com.tenjin.android.TenjinSDK",
    "error": "Error: java.lang.ClassNotFoundException: Didn't find class \"com.tenjin.android.TenjinSDK\" on path: DexPathList[[zip file \"/data/app/~~UggiF4tMgUXISaGR3sI3OQ==/ai.art.generator.paint.draw.photo-x5DhWyVln17kUzbl0DtQpw==/base.apk\"],nativeLibraryDirectories=[/data/app/~~UggiF4tMgUXISaGR3sI3OQ==/ai.art.generator.paint.draw.photo-x5DhWyVln17kUzbl0DtQpw==/lib/arm64, /data/app/~~UggiF4tMgUXISaGR3sI3OQ==/ai.art.generator.paint.draw.photo-x5DhWyVln17kUzbl0DtQpw==/base.apk!/lib/arm64-v8a, /system/lib64, /system_ext/lib64]]"
},
{
    "type": "error",
    "extra": "hook all methods error",
    "package_name": "ai.art.generator.paint.draw.photo",
    "class_name": "com.appnexus.opensdk.ANUSPrivacySettings",
    "error": "Error: java.lang.ClassNotFoundException: Didn't find class \"com.appnexus.opensdk.ANUSPrivacySettings\" on path: DexPathList[[zip file \"/data/app/~~UggiF4tMgUXISaGR3sI3OQ==/ai.art.generator.paint.draw.photo-x5DhWyVln17kUzbl0DtQpw==/base.apk\"],nativeLibraryDirectories=[/data/app/~~UggiF4tMgUXISaGR3sI3OQ==/ai.art.generator.paint.draw.photo-x5DhWyVln17kUzbl0DtQpw==/lib/arm64, /data/app/~~UggiF4tMgUXISaGR3sI3OQ==/ai.art.generator.paint.draw.photo-x5DhWyVln17kUzbl0DtQpw==/base.apk!/lib/arm64-v8a, /system/lib64, /system_ext/lib64]]"
},
{
    "type": "error",
    "extra": "hook all methods error",
    "package_name": "ai.art.generator.paint.draw.photo",
    "class_name": "com.quantcast.measurement.service.QuantcastClient",
    "error": "Error: java.lang.ClassNotFoundException: Didn't find class \"com.quantcast.measurement.service.QuantcastClient\" on path: DexPathList[[zip file \"/data/app/~~UggiF4tMgUXISaGR3sI3OQ==/ai.art.generator.paint.draw.photo-x5DhWyVln17kUzbl0DtQpw==/base.apk\"],nativeLibraryDirectories=[/data/app/~~UggiF4tMgUXISaGR3sI3OQ==/ai.art.generator.paint.draw.photo-x5DhWyVln17kUzbl0DtQpw==/lib/arm64, /data/app/~~UggiF4tMgUXISaGR3sI3OQ==/ai.art.generator.paint.draw.photo-x5DhWyVln17kUzbl0DtQpw==/base.apk!/lib/arm64-v8a, /system/lib64, /system_ext/lib64]]"
},
{
    "type": "error",
    "extra": "hook all methods error",
    "package_name": "ai.art.generator.paint.draw.photo",
    "class_name": "com.appbrain.mediation.AdmobAdapter",
    "error": "Error: java.lang.ClassNotFoundException: Didn't find class \"com.appbrain.mediation.AdmobAdapter\" on path: DexPathList[[zip file \"/data/app/~~UggiF4tMgUXISaGR3sI3OQ==/ai.art.generator.paint.draw.photo-x5DhWyVln17kUzbl0DtQpw==/base.apk\"],nativeLibraryDirectories=[/data/app/~~UggiF4tMgUXISaGR3sI3OQ==/ai.art.generator.paint.draw.photo-x5DhWyVln17kUzbl0DtQpw==/lib/arm64, /data/app/~~UggiF4tMgUXISaGR3sI3OQ==/ai.art.generator.paint.draw.photo-x5DhWyVln17kUzbl0DtQpw==/base.apk!/lib/arm64-v8a, /system/lib64, /system_ext/lib64]]"
},
{
    "type": "error",
    "extra": "hook all methods error",
    "package_name": "ai.art.generator.paint.draw.photo",
    "class_name": "com.tappx.sdk.android.TappxBanner",
    "error": "Error: java.lang.ClassNotFoundException: Didn't find class \"com.tappx.sdk.android.TappxBanner\" on path: DexPathList[[zip file \"/data/app/~~UggiF4tMgUXISaGR3sI3OQ==/ai.art.generator.paint.draw.photo-x5DhWyVln17kUzbl0DtQpw==/base.apk\"],nativeLibraryDirectories=[/data/app/~~UggiF4tMgUXISaGR3sI3OQ==/ai.art.generator.paint.draw.photo-x5DhWyVln17kUzbl0DtQpw==/lib/arm64, /data/app/~~UggiF4tMgUXISaGR3sI3OQ==/ai.art.generator.paint.draw.photo-x5DhWyVln17kUzbl0DtQpw==/base.apk!/lib/arm64-v8a, /system/lib64, /system_ext/lib64]]"
},
{
    "type": "error",
    "extra": "hook all methods error",
    "package_name": "ai.art.generator.paint.draw.photo",
    "class_name": "com.vungle.ads.NativeAd",
    "error": "Error: java.lang.ClassNotFoundException: Didn't find class \"com.vungle.ads.NativeAd\" on path: DexPathList[[zip file \"/data/app/~~UggiF4tMgUXISaGR3sI3OQ==/ai.art.generator.paint.draw.photo-x5DhWyVln17kUzbl0DtQpw==/base.apk\"],nativeLibraryDirectories=[/data/app/~~UggiF4tMgUXISaGR3sI3OQ==/ai.art.generator.paint.draw.photo-x5DhWyVln17kUzbl0DtQpw==/lib/arm64, /data/app/~~UggiF4tMgUXISaGR3sI3OQ==/ai.art.generator.paint.draw.photo-x5DhWyVln17kUzbl0DtQpw==/base.apk!/lib/arm64-v8a, /system/lib64, /system_ext/lib64]]"
},
{
    "type": "error",
    "extra": "hook all methods error",
    "package_name": "ai.art.generator.paint.draw.photo",
    "class_name": "com.clevertap.android.sdk.CleverTapAPI",
    "error": "Error: java.lang.ClassNotFoundException: Didn't find class \"com.clevertap.android.sdk.CleverTapAPI\" on path: DexPathList[[zip file \"/data/app/~~UggiF4tMgUXISaGR3sI3OQ==/ai.art.generator.paint.draw.photo-x5DhWyVln17kUzbl0DtQpw==/base.apk\"],nativeLibraryDirectories=[/data/app/~~UggiF4tMgUXISaGR3sI3OQ==/ai.art.generator.paint.draw.photo-x5DhWyVln17kUzbl0DtQpw==/lib/arm64, /data/app/~~UggiF4tMgUXISaGR3sI3OQ==/ai.art.generator.paint.draw.photo-x5DhWyVln17kUzbl0DtQpw==/base.apk!/lib/arm64-v8a, /system/lib64, /system_ext/lib64]]"
},
{
    "type": "error",
    "extra": "hook all methods error",
    "package_name": "ai.art.generator.paint.draw.photo",
    "class_name": "org.prebid.mobile.TargetingParams",
    "error": "Error: java.lang.ClassNotFoundException: Didn't find class \"org.prebid.mobile.TargetingParams\" on path: DexPathList[[zip file \"/data/app/~~UggiF4tMgUXISaGR3sI3OQ==/ai.art.generator.paint.draw.photo-x5DhWyVln17kUzbl0DtQpw==/base.apk\"],nativeLibraryDirectories=[/data/app/~~UggiF4tMgUXISaGR3sI3OQ==/ai.art.generator.paint.draw.photo-x5DhWyVln17kUzbl0DtQpw==/lib/arm64, /data/app/~~UggiF4tMgUXISaGR3sI3OQ==/ai.art.generator.paint.draw.photo-x5DhWyVln17kUzbl0DtQpw==/base.apk!/lib/arm64-v8a, /system/lib64, /system_ext/lib64]]"
},
{
    "type": "error",
    "extra": "hook all methods error",
    "package_name": "ai.art.generator.paint.draw.photo",
    "class_name": "com.anythink.core.api.ATSDK",
    "error": "Error: java.lang.ClassNotFoundException: Didn't find class \"com.anythink.core.api.ATSDK\" on path: DexPathList[[zip file \"/data/app/~~UggiF4tMgUXISaGR3sI3OQ==/ai.art.generator.paint.draw.photo-x5DhWyVln17kUzbl0DtQpw==/base.apk\"],nativeLibraryDirectories=[/data/app/~~UggiF4tMgUXISaGR3sI3OQ==/ai.art.generator.paint.draw.photo-x5DhWyVln17kUzbl0DtQpw==/lib/arm64, /data/app/~~UggiF4tMgUXISaGR3sI3OQ==/ai.art.generator.paint.draw.photo-x5DhWyVln17kUzbl0DtQpw==/base.apk!/lib/arm64-v8a, /system/lib64, /system_ext/lib64]]"
},
{
    "type": "error",
    "extra": "hook all methods error",
    "package_name": "ai.art.generator.paint.draw.photo",
    "class_name": "com.kochava.tracker.events.Event",
    "error": "Error: java.lang.ClassNotFoundException: Didn't find class \"com.kochava.tracker.events.Event\" on path: DexPathList[[zip file \"/data/app/~~UggiF4tMgUXISaGR3sI3OQ==/ai.art.generator.paint.draw.photo-x5DhWyVln17kUzbl0DtQpw==/base.apk\"],nativeLibraryDirectories=[/data/app/~~UggiF4tMgUXISaGR3sI3OQ==/ai.art.generator.paint.draw.photo-x5DhWyVln17kUzbl0DtQpw==/lib/arm64, /data/app/~~UggiF4tMgUXISaGR3sI3OQ==/ai.art.generator.paint.draw.photo-x5DhWyVln17kUzbl0DtQpw==/base.apk!/lib/arm64-v8a, /system/lib64, /system_ext/lib64]]"
},
{
    "type": "error",
    "extra": "hook all methods error",
    "package_name": "ai.art.generator.paint.draw.photo",
    "class_name": "com.vungle.ads.VungleAds",
    "error": "Error: java.lang.ClassNotFoundException: Didn't find class \"com.vungle.ads.VungleAds\" on path: DexPathList[[zip file \"/data/app/~~UggiF4tMgUXISaGR3sI3OQ==/ai.art.generator.paint.draw.photo-x5DhWyVln17kUzbl0DtQpw==/base.apk\"],nativeLibraryDirectories=[/data/app/~~UggiF4tMgUXISaGR3sI3OQ==/ai.art.generator.paint.draw.photo-x5DhWyVln17kUzbl0DtQpw==/lib/arm64, /data/app/~~UggiF4tMgUXISaGR3sI3OQ==/ai.art.generator.paint.draw.photo-x5DhWyVln17kUzbl0DtQpw==/base.apk!/lib/arm64-v8a, /system/lib64, /system_ext/lib64]]"
},
{
    "type": "error",
    "extra": "hook all methods error",
    "package_name": "ai.art.generator.paint.draw.photo",
    "class_name": "com.adxcorp.ads.BannerAd",
    "error": "Error: java.lang.ClassNotFoundException: Didn't find class \"com.adxcorp.ads.BannerAd\" on path: DexPathList[[zip file \"/data/app/~~UggiF4tMgUXISaGR3sI3OQ==/ai.art.generator.paint.draw.photo-x5DhWyVln17kUzbl0DtQpw==/base.apk\"],nativeLibraryDirectories=[/data/app/~~UggiF4tMgUXISaGR3sI3OQ==/ai.art.generator.paint.draw.photo-x5DhWyVln17kUzbl0DtQpw==/lib/arm64, /data/app/~~UggiF4tMgUXISaGR3sI3OQ==/ai.art.generator.paint.draw.photo-x5DhWyVln17kUzbl0DtQpw==/base.apk!/lib/arm64-v8a, /system/lib64, /system_ext/lib64]]"
},
{
    "type": "error",
    "extra": "hook all methods error",
    "package_name": "ai.art.generator.paint.draw.photo",
    "class_name": "admost.sdk.base.AdMostConfiguration$Builder",
    "error": "Error: java.lang.ClassNotFoundException: Didn't find class \"admost.sdk.base.AdMostConfiguration$Builder\" on path: DexPathList[[zip file \"/data/app/~~UggiF4tMgUXISaGR3sI3OQ==/ai.art.generator.paint.draw.photo-x5DhWyVln17kUzbl0DtQpw==/base.apk\"],nativeLibraryDirectories=[/data/app/~~UggiF4tMgUXISaGR3sI3OQ==/ai.art.generator.paint.draw.photo-x5DhWyVln17kUzbl0DtQpw==/lib/arm64, /data/app/~~UggiF4tMgUXISaGR3sI3OQ==/ai.art.generator.paint.draw.photo-x5DhWyVln17kUzbl0DtQpw==/base.apk!/lib/arm64-v8a, /system/lib64, /system_ext/lib64]]"
},
{
    "type": "error",
    "extra": "hook all methods error",
    "package_name": "ai.art.generator.paint.draw.photo",
    "class_name": "com.appodeal.consent.ConsentManager",
    "error": "Error: java.lang.ClassNotFoundException: Didn't find class \"com.appodeal.consent.ConsentManager\" on path: DexPathList[[zip file \"/data/app/~~UggiF4tMgUXISaGR3sI3OQ==/ai.art.generator.paint.draw.photo-x5DhWyVln17kUzbl0DtQpw==/base.apk\"],nativeLibraryDirectories=[/data/app/~~UggiF4tMgUXISaGR3sI3OQ==/ai.art.generator.paint.draw.photo-x5DhWyVln17kUzbl0DtQpw==/lib/arm64, /data/app/~~UggiF4tMgUXISaGR3sI3OQ==/ai.art.generator.paint.draw.photo-x5DhWyVln17kUzbl0DtQpw==/base.apk!/lib/arm64-v8a, /system/lib64, /system_ext/lib64]]"
},
{
    "type": "error",
    "extra": "hook all methods error",
    "package_name": "ai.art.generator.paint.draw.photo",
    "class_name": "org.prebid.mobile.PrebidMobile",
    "error": "Error: java.lang.ClassNotFoundException: Didn't find class \"org.prebid.mobile.PrebidMobile\" on path: DexPathList[[zip file \"/data/app/~~UggiF4tMgUXISaGR3sI3OQ==/ai.art.generator.paint.draw.photo-x5DhWyVln17kUzbl0DtQpw==/base.apk\"],nativeLibraryDirectories=[/data/app/~~UggiF4tMgUXISaGR3sI3OQ==/ai.art.generator.paint.draw.photo-x5DhWyVln17kUzbl0DtQpw==/lib/arm64, /data/app/~~UggiF4tMgUXISaGR3sI3OQ==/ai.art.generator.paint.draw.photo-x5DhWyVln17kUzbl0DtQpw==/base.apk!/lib/arm64-v8a, /system/lib64, /system_ext/lib64]]"
},
{
    "type": "error",
    "extra": "hook all methods error",
    "package_name": "ai.art.generator.paint.draw.photo",
    "class_name": "com.segment.analytics.Analytics",
    "error": "Error: java.lang.ClassNotFoundException: Didn't find class \"com.segment.analytics.Analytics\" on path: DexPathList[[zip file \"/data/app/~~UggiF4tMgUXISaGR3sI3OQ==/ai.art.generator.paint.draw.photo-x5DhWyVln17kUzbl0DtQpw==/base.apk\"],nativeLibraryDirectories=[/data/app/~~UggiF4tMgUXISaGR3sI3OQ==/ai.art.generator.paint.draw.photo-x5DhWyVln17kUzbl0DtQpw==/lib/arm64, /data/app/~~UggiF4tMgUXISaGR3sI3OQ==/ai.art.generator.paint.draw.photo-x5DhWyVln17kUzbl0DtQpw==/base.apk!/lib/arm64-v8a, /system/lib64, /system_ext/lib64]]"
},
{
    "type": "error",
    "extra": "hook all methods error",
    "package_name": "ai.art.generator.paint.draw.photo",
    "class_name": "com.vpon.ads.VponNativeAd",
    "error": "Error: java.lang.ClassNotFoundException: Didn't find class \"com.vpon.ads.VponNativeAd\" on path: DexPathList[[zip file \"/data/app/~~UggiF4tMgUXISaGR3sI3OQ==/ai.art.generator.paint.draw.photo-x5DhWyVln17kUzbl0DtQpw==/base.apk\"],nativeLibraryDirectories=[/data/app/~~UggiF4tMgUXISaGR3sI3OQ==/ai.art.generator.paint.draw.photo-x5DhWyVln17kUzbl0DtQpw==/lib/arm64, /data/app/~~UggiF4tMgUXISaGR3sI3OQ==/ai.art.generator.paint.draw.photo-x5DhWyVln17kUzbl0DtQpw==/base.apk!/lib/arm64-v8a, /system/lib64, /system_ext/lib64]]"
},
{
    "type": "error",
    "extra": "hook all methods error",
    "package_name": "ai.art.generator.paint.draw.photo",
    "class_name": "com.tradplus.ads.open.banner.TPBanner",
    "error": "Error: java.lang.ClassNotFoundException: Didn't find class \"com.tradplus.ads.open.banner.TPBanner\" on path: DexPathList[[zip file \"/data/app/~~UggiF4tMgUXISaGR3sI3OQ==/ai.art.generator.paint.draw.photo-x5DhWyVln17kUzbl0DtQpw==/base.apk\"],nativeLibraryDirectories=[/data/app/~~UggiF4tMgUXISaGR3sI3OQ==/ai.art.generator.paint.draw.photo-x5DhWyVln17kUzbl0DtQpw==/lib/arm64, /data/app/~~UggiF4tMgUXISaGR3sI3OQ==/ai.art.generator.paint.draw.photo-x5DhWyVln17kUzbl0DtQpw==/base.apk!/lib/arm64-v8a, /system/lib64, /system_ext/lib64]]"
},
{
    "type": "error",
    "extra": "hook all methods error",
    "package_name": "ai.art.generator.paint.draw.photo",
    "class_name": "sg.bigo.ads.api.BannerAdLoader",
    "error": "Error: java.lang.ClassNotFoundException: Didn't find class \"sg.bigo.ads.api.BannerAdLoader\" on path: DexPathList[[zip file \"/data/app/~~UggiF4tMgUXISaGR3sI3OQ==/ai.art.generator.paint.draw.photo-x5DhWyVln17kUzbl0DtQpw==/base.apk\"],nativeLibraryDirectories=[/data/app/~~UggiF4tMgUXISaGR3sI3OQ==/ai.art.generator.paint.draw.photo-x5DhWyVln17kUzbl0DtQpw==/lib/arm64, /data/app/~~UggiF4tMgUXISaGR3sI3OQ==/ai.art.generator.paint.draw.photo-x5DhWyVln17kUzbl0DtQpw==/base.apk!/lib/arm64-v8a, /system/lib64, /system_ext/lib64]]"
},
{
    "type": "error",
    "extra": "hook all methods error",
    "package_name": "ai.art.generator.paint.draw.photo",
    "class_name": "com.appbrain.AdService",
    "error": "Error: java.lang.ClassNotFoundException: Didn't find class \"com.appbrain.AdService\" on path: DexPathList[[zip file \"/data/app/~~UggiF4tMgUXISaGR3sI3OQ==/ai.art.generator.paint.draw.photo-x5DhWyVln17kUzbl0DtQpw==/base.apk\"],nativeLibraryDirectories=[/data/app/~~UggiF4tMgUXISaGR3sI3OQ==/ai.art.generator.paint.draw.photo-x5DhWyVln17kUzbl0DtQpw==/lib/arm64, /data/app/~~UggiF4tMgUXISaGR3sI3OQ==/ai.art.generator.paint.draw.photo-x5DhWyVln17kUzbl0DtQpw==/base.apk!/lib/arm64-v8a, /system/lib64, /system_ext/lib64]]"
},
{
    "type": "error",
    "extra": "hook all methods error",
    "package_name": "ai.art.generator.paint.draw.photo",
    "class_name": "com.appnext.banners.BannerView",
    "error": "Error: java.lang.ClassNotFoundException: Didn't find class \"com.appnext.banners.BannerView\" on path: DexPathList[[zip file \"/data/app/~~UggiF4tMgUXISaGR3sI3OQ==/ai.art.generator.paint.draw.photo-x5DhWyVln17kUzbl0DtQpw==/base.apk\"],nativeLibraryDirectories=[/data/app/~~UggiF4tMgUXISaGR3sI3OQ==/ai.art.generator.paint.draw.photo-x5DhWyVln17kUzbl0DtQpw==/lib/arm64, /data/app/~~UggiF4tMgUXISaGR3sI3OQ==/ai.art.generator.paint.draw.photo-x5DhWyVln17kUzbl0DtQpw==/base.apk!/lib/arm64-v8a, /system/lib64, /system_ext/lib64]]"
},
{
    "type": "error",
    "extra": "hook all methods error",
    "package_name": "ai.art.generator.paint.draw.photo",
    "class_name": "com.quantcast.measurement.service.QCLocation",
    "error": "Error: java.lang.ClassNotFoundException: Didn't find class \"com.quantcast.measurement.service.QCLocation\" on path: DexPathList[[zip file \"/data/app/~~UggiF4tMgUXISaGR3sI3OQ==/ai.art.generator.paint.draw.photo-x5DhWyVln17kUzbl0DtQpw==/base.apk\"],nativeLibraryDirectories=[/data/app/~~UggiF4tMgUXISaGR3sI3OQ==/ai.art.generator.paint.draw.photo-x5DhWyVln17kUzbl0DtQpw==/lib/arm64, /data/app/~~UggiF4tMgUXISaGR3sI3OQ==/ai.art.generator.paint.draw.photo-x5DhWyVln17kUzbl0DtQpw==/base.apk!/lib/arm64-v8a, /system/lib64, /system_ext/lib64]]"
},
{
    "type": "error",
    "extra": "hook all methods error",
    "package_name": "ai.art.generator.paint.draw.photo",
    "class_name": "com.vungle.ads.BannerAd",
    "error": "Error: java.lang.ClassNotFoundException: Didn't find class \"com.vungle.ads.BannerAd\" on path: DexPathList[[zip file \"/data/app/~~UggiF4tMgUXISaGR3sI3OQ==/ai.art.generator.paint.draw.photo-x5DhWyVln17kUzbl0DtQpw==/base.apk\"],nativeLibraryDirectories=[/data/app/~~UggiF4tMgUXISaGR3sI3OQ==/ai.art.generator.paint.draw.photo-x5DhWyVln17kUzbl0DtQpw==/lib/arm64, /data/app/~~UggiF4tMgUXISaGR3sI3OQ==/ai.art.generator.paint.draw.photo-x5DhWyVln17kUzbl0DtQpw==/base.apk!/lib/arm64-v8a, /system/lib64, /system_ext/lib64]]"
},
{
    "type": "error",
    "extra": "hook all methods error",
    "package_name": "ai.art.generator.paint.draw.photo",
    "class_name": "com.chartboost.sdk.Chartboost",
    "error": "Error: java.lang.ClassNotFoundException: Didn't find class \"com.chartboost.sdk.Chartboost\" on path: DexPathList[[zip file \"/data/app/~~UggiF4tMgUXISaGR3sI3OQ==/ai.art.generator.paint.draw.photo-x5DhWyVln17kUzbl0DtQpw==/base.apk\"],nativeLibraryDirectories=[/data/app/~~UggiF4tMgUXISaGR3sI3OQ==/ai.art.generator.paint.draw.photo-x5DhWyVln17kUzbl0DtQpw==/lib/arm64, /data/app/~~UggiF4tMgUXISaGR3sI3OQ==/ai.art.generator.paint.draw.photo-x5DhWyVln17kUzbl0DtQpw==/base.apk!/lib/arm64-v8a, /system/lib64, /system_ext/lib64]]"
},
{
    "type": "error",
    "extra": "hook all methods error",
    "package_name": "ai.art.generator.paint.draw.photo",
    "class_name": "com.flurry.android.ads.FlurryAdInterstitial",
    "error": "Error: java.lang.ClassNotFoundException: Didn't find class \"com.flurry.android.ads.FlurryAdInterstitial\" on path: DexPathList[[zip file \"/data/app/~~UggiF4tMgUXISaGR3sI3OQ==/ai.art.generator.paint.draw.photo-x5DhWyVln17kUzbl0DtQpw==/base.apk\"],nativeLibraryDirectories=[/data/app/~~UggiF4tMgUXISaGR3sI3OQ==/ai.art.generator.paint.draw.photo-x5DhWyVln17kUzbl0DtQpw==/lib/arm64, /data/app/~~UggiF4tMgUXISaGR3sI3OQ==/ai.art.generator.paint.draw.photo-x5DhWyVln17kUzbl0DtQpw==/base.apk!/lib/arm64-v8a, /system/lib64, /system_ext/lib64]]"
},
{
    "type": "error",
    "extra": "hook all methods error",
    "package_name": "ai.art.generator.paint.draw.photo",
    "class_name": "com.ironsource.mediationsdk.IronSource",
    "error": "Error: java.lang.ClassNotFoundException: Didn't find class \"com.ironsource.mediationsdk.IronSource\" on path: DexPathList[[zip file \"/data/app/~~UggiF4tMgUXISaGR3sI3OQ==/ai.art.generator.paint.draw.photo-x5DhWyVln17kUzbl0DtQpw==/base.apk\"],nativeLibraryDirectories=[/data/app/~~UggiF4tMgUXISaGR3sI3OQ==/ai.art.generator.paint.draw.photo-x5DhWyVln17kUzbl0DtQpw==/lib/arm64, /data/app/~~UggiF4tMgUXISaGR3sI3OQ==/ai.art.generator.paint.draw.photo-x5DhWyVln17kUzbl0DtQpw==/base.apk!/lib/arm64-v8a, /system/lib64, /system_ext/lib64]]"
},
{
    "type": "error",
    "extra": "hook all methods error",
    "package_name": "ai.art.generator.paint.draw.photo",
    "class_name": "sg.bigo.ads.api.AdConfig",
    "error": "Error: java.lang.ClassNotFoundException: Didn't find class \"sg.bigo.ads.api.AdConfig\" on path: DexPathList[[zip file \"/data/app/~~UggiF4tMgUXISaGR3sI3OQ==/ai.art.generator.paint.draw.photo-x5DhWyVln17kUzbl0DtQpw==/base.apk\"],nativeLibraryDirectories=[/data/app/~~UggiF4tMgUXISaGR3sI3OQ==/ai.art.generator.paint.draw.photo-x5DhWyVln17kUzbl0DtQpw==/lib/arm64, /data/app/~~UggiF4tMgUXISaGR3sI3OQ==/ai.art.generator.paint.draw.photo-x5DhWyVln17kUzbl0DtQpw==/base.apk!/lib/arm64-v8a, /system/lib64, /system_ext/lib64]]"
},
{
    "type": "error",
    "extra": "hook all methods error",
    "package_name": "ai.art.generator.paint.draw.photo",
    "class_name": "com.tradplus.ads.open.TradPlusSdk",
    "error": "Error: java.lang.ClassNotFoundException: Didn't find class \"com.tradplus.ads.open.TradPlusSdk\" on path: DexPathList[[zip file \"/data/app/~~UggiF4tMgUXISaGR3sI3OQ==/ai.art.generator.paint.draw.photo-x5DhWyVln17kUzbl0DtQpw==/base.apk\"],nativeLibraryDirectories=[/data/app/~~UggiF4tMgUXISaGR3sI3OQ==/ai.art.generator.paint.draw.photo-x5DhWyVln17kUzbl0DtQpw==/lib/arm64, /data/app/~~UggiF4tMgUXISaGR3sI3OQ==/ai.art.generator.paint.draw.photo-x5DhWyVln17kUzbl0DtQpw==/base.apk!/lib/arm64-v8a, /system/lib64, /system_ext/lib64]]"
},
{
    "type": "error",
    "extra": "hook all methods error",
    "package_name": "ai.art.generator.paint.draw.photo",
    "class_name": "com.my.target.common.MyTargetPrivacy",
    "error": "Error: java.lang.ClassNotFoundException: Didn't find class \"com.my.target.common.MyTargetPrivacy\" on path: DexPathList[[zip file \"/data/app/~~UggiF4tMgUXISaGR3sI3OQ==/ai.art.generator.paint.draw.photo-x5DhWyVln17kUzbl0DtQpw==/base.apk\"],nativeLibraryDirectories=[/data/app/~~UggiF4tMgUXISaGR3sI3OQ==/ai.art.generator.paint.draw.photo-x5DhWyVln17kUzbl0DtQpw==/lib/arm64, /data/app/~~UggiF4tMgUXISaGR3sI3OQ==/ai.art.generator.paint.draw.photo-x5DhWyVln17kUzbl0DtQpw==/base.apk!/lib/arm64-v8a, /system/lib64, /system_ext/lib64]]"
},
{
    "type": "error",
    "extra": "hook all methods error",
    "package_name": "ai.art.generator.paint.draw.photo",
    "class_name": "com.igaworks.v2.core.AdBrixRm",
    "error": "Error: java.lang.ClassNotFoundException: Didn't find class \"com.igaworks.v2.core.AdBrixRm\" on path: DexPathList[[zip file \"/data/app/~~UggiF4tMgUXISaGR3sI3OQ==/ai.art.generator.paint.draw.photo-x5DhWyVln17kUzbl0DtQpw==/base.apk\"],nativeLibraryDirectories=[/data/app/~~UggiF4tMgUXISaGR3sI3OQ==/ai.art.generator.paint.draw.photo-x5DhWyVln17kUzbl0DtQpw==/lib/arm64, /data/app/~~UggiF4tMgUXISaGR3sI3OQ==/ai.art.generator.paint.draw.photo-x5DhWyVln17kUzbl0DtQpw==/base.apk!/lib/arm64-v8a, /system/lib64, /system_ext/lib64]]"
},
{
    "type": "error",
    "extra": "hook all methods error",
    "package_name": "ai.art.generator.paint.draw.photo",
    "class_name": "com.microsoft.appcenter.crashes.Crashes",
    "error": "Error: java.lang.ClassNotFoundException: Didn't find class \"com.microsoft.appcenter.crashes.Crashes\" on path: DexPathList[[zip file \"/data/app/~~UggiF4tMgUXISaGR3sI3OQ==/ai.art.generator.paint.draw.photo-x5DhWyVln17kUzbl0DtQpw==/base.apk\"],nativeLibraryDirectories=[/data/app/~~UggiF4tMgUXISaGR3sI3OQ==/ai.art.generator.paint.draw.photo-x5DhWyVln17kUzbl0DtQpw==/lib/arm64, /data/app/~~UggiF4tMgUXISaGR3sI3OQ==/ai.art.generator.paint.draw.photo-x5DhWyVln17kUzbl0DtQpw==/base.apk!/lib/arm64-v8a, /system/lib64, /system_ext/lib64]]"
},
{
    "type": "error",
    "extra": "hook all methods error",
    "package_name": "ai.art.generator.paint.draw.photo",
    "class_name": "com.adxcorp.ads.ADXConfiguration",
    "error": "Error: java.lang.ClassNotFoundException: Didn't find class \"com.adxcorp.ads.ADXConfiguration\" on path: DexPathList[[zip file \"/data/app/~~UggiF4tMgUXISaGR3sI3OQ==/ai.art.generator.paint.draw.photo-x5DhWyVln17kUzbl0DtQpw==/base.apk\"],nativeLibraryDirectories=[/data/app/~~UggiF4tMgUXISaGR3sI3OQ==/ai.art.generator.paint.draw.photo-x5DhWyVln17kUzbl0DtQpw==/lib/arm64, /data/app/~~UggiF4tMgUXISaGR3sI3OQ==/ai.art.generator.paint.draw.photo-x5DhWyVln17kUzbl0DtQpw==/base.apk!/lib/arm64-v8a, /system/lib64, /system_ext/lib64]]"
},
{
    "type": "error",
    "extra": "hook all methods error",
    "package_name": "ai.art.generator.paint.draw.photo",
    "class_name": "com.hyprmx.android.sdk.core.HyprMX",
    "error": "Error: java.lang.ClassNotFoundException: Didn't find class \"com.hyprmx.android.sdk.core.HyprMX\" on path: DexPathList[[zip file \"/data/app/~~UggiF4tMgUXISaGR3sI3OQ==/ai.art.generator.paint.draw.photo-x5DhWyVln17kUzbl0DtQpw==/base.apk\"],nativeLibraryDirectories=[/data/app/~~UggiF4tMgUXISaGR3sI3OQ==/ai.art.generator.paint.draw.photo-x5DhWyVln17kUzbl0DtQpw==/lib/arm64, /data/app/~~UggiF4tMgUXISaGR3sI3OQ==/ai.art.generator.paint.draw.photo-x5DhWyVln17kUzbl0DtQpw==/base.apk!/lib/arm64-v8a, /system/lib64, /system_ext/lib64]]"
},
{
    "type": "error",
    "extra": "hook all methods error",
    "package_name": "ai.art.generator.paint.draw.photo",
    "class_name": "admost.sdk.base.AdMostConfiguration",
    "error": "Error: java.lang.ClassNotFoundException: Didn't find class \"admost.sdk.base.AdMostConfiguration\" on path: DexPathList[[zip file \"/data/app/~~UggiF4tMgUXISaGR3sI3OQ==/ai.art.generator.paint.draw.photo-x5DhWyVln17kUzbl0DtQpw==/base.apk\"],nativeLibraryDirectories=[/data/app/~~UggiF4tMgUXISaGR3sI3OQ==/ai.art.generator.paint.draw.photo-x5DhWyVln17kUzbl0DtQpw==/lib/arm64, /data/app/~~UggiF4tMgUXISaGR3sI3OQ==/ai.art.generator.paint.draw.photo-x5DhWyVln17kUzbl0DtQpw==/base.apk!/lib/arm64-v8a, /system/lib64, /system_ext/lib64]]"
},
{
    "type": "error",
    "extra": "hook all methods error",
    "package_name": "ai.art.generator.paint.draw.photo",
    "class_name": "com.ogury.cm.OguryChoiceManagerExternal$TcfV2.",
    "error": "Error: java.lang.ClassNotFoundException: Didn't find class \"com.ogury.cm.OguryChoiceManagerExternal$TcfV2.\" on path: DexPathList[[zip file \"/data/app/~~UggiF4tMgUXISaGR3sI3OQ==/ai.art.generator.paint.draw.photo-x5DhWyVln17kUzbl0DtQpw==/base.apk\"],nativeLibraryDirectories=[/data/app/~~UggiF4tMgUXISaGR3sI3OQ==/ai.art.generator.paint.draw.photo-x5DhWyVln17kUzbl0DtQpw==/lib/arm64, /data/app/~~UggiF4tMgUXISaGR3sI3OQ==/ai.art.generator.paint.draw.photo-x5DhWyVln17kUzbl0DtQpw==/base.apk!/lib/arm64-v8a, /system/lib64, /system_ext/lib64]]"
},
{
    "type": "error",
    "extra": "hook all methods error",
    "package_name": "ai.art.generator.paint.draw.photo",
    "class_name": "com.gameanalytics.sdk.imei.GAImei",
    "error": "Error: java.lang.ClassNotFoundException: Didn't find class \"com.gameanalytics.sdk.imei.GAImei\" on path: DexPathList[[zip file \"/data/app/~~UggiF4tMgUXISaGR3sI3OQ==/ai.art.generator.paint.draw.photo-x5DhWyVln17kUzbl0DtQpw==/base.apk\"],nativeLibraryDirectories=[/data/app/~~UggiF4tMgUXISaGR3sI3OQ==/ai.art.generator.paint.draw.photo-x5DhWyVln17kUzbl0DtQpw==/lib/arm64, /data/app/~~UggiF4tMgUXISaGR3sI3OQ==/ai.art.generator.paint.draw.photo-x5DhWyVln17kUzbl0DtQpw==/base.apk!/lib/arm64-v8a, /system/lib64, /system_ext/lib64]]"
},
{
    "type": "error",
    "extra": "hook all methods error",
    "package_name": "ai.art.generator.paint.draw.photo",
    "class_name": "com.tappx.sdk.android.TappxInterstitial",
    "error": "Error: java.lang.ClassNotFoundException: Didn't find class \"com.tappx.sdk.android.TappxInterstitial\" on path: DexPathList[[zip file \"/data/app/~~UggiF4tMgUXISaGR3sI3OQ==/ai.art.generator.paint.draw.photo-x5DhWyVln17kUzbl0DtQpw==/base.apk\"],nativeLibraryDirectories=[/data/app/~~UggiF4tMgUXISaGR3sI3OQ==/ai.art.generator.paint.draw.photo-x5DhWyVln17kUzbl0DtQpw==/lib/arm64, /data/app/~~UggiF4tMgUXISaGR3sI3OQ==/ai.art.generator.paint.draw.photo-x5DhWyVln17kUzbl0DtQpw==/base.apk!/lib/arm64-v8a, /system/lib64, /system_ext/lib64]]"
},
{
    "type": "error",
    "extra": "hook all methods error",
    "package_name": "ai.art.generator.paint.draw.photo",
    "class_name": "com.flurry.android.FlurryAgent.Builder",
    "error": "Error: java.lang.ClassNotFoundException: Didn't find class \"com.flurry.android.FlurryAgent.Builder\" on path: DexPathList[[zip file \"/data/app/~~UggiF4tMgUXISaGR3sI3OQ==/ai.art.generator.paint.draw.photo-x5DhWyVln17kUzbl0DtQpw==/base.apk\"],nativeLibraryDirectories=[/data/app/~~UggiF4tMgUXISaGR3sI3OQ==/ai.art.generator.paint.draw.photo-x5DhWyVln17kUzbl0DtQpw==/lib/arm64, /data/app/~~UggiF4tMgUXISaGR3sI3OQ==/ai.art.generator.paint.draw.photo-x5DhWyVln17kUzbl0DtQpw==/base.apk!/lib/arm64-v8a, /system/lib64, /system_ext/lib64]]"
},
{
    "type": "error",
    "extra": "hook all methods error",
    "package_name": "ai.art.generator.paint.draw.photo",
    "class_name": "com.tappx.sdk.android.AdRequest",
    "error": "Error: java.lang.ClassNotFoundException: Didn't find class \"com.tappx.sdk.android.AdRequest\" on path: DexPathList[[zip file \"/data/app/~~UggiF4tMgUXISaGR3sI3OQ==/ai.art.generator.paint.draw.photo-x5DhWyVln17kUzbl0DtQpw==/base.apk\"],nativeLibraryDirectories=[/data/app/~~UggiF4tMgUXISaGR3sI3OQ==/ai.art.generator.paint.draw.photo-x5DhWyVln17kUzbl0DtQpw==/lib/arm64, /data/app/~~UggiF4tMgUXISaGR3sI3OQ==/ai.art.generator.paint.draw.photo-x5DhWyVln17kUzbl0DtQpw==/base.apk!/lib/arm64-v8a, /system/lib64, /system_ext/lib64]]"
},
{
    "type": "error",
    "extra": "hook all methods error",
    "package_name": "ai.art.generator.paint.draw.photo",
    "class_name": "com.appnexus.opensdk.BannerAdView",
    "error": "Error: java.lang.ClassNotFoundException: Didn't find class \"com.appnexus.opensdk.BannerAdView\" on path: DexPathList[[zip file \"/data/app/~~UggiF4tMgUXISaGR3sI3OQ==/ai.art.generator.paint.draw.photo-x5DhWyVln17kUzbl0DtQpw==/base.apk\"],nativeLibraryDirectories=[/data/app/~~UggiF4tMgUXISaGR3sI3OQ==/ai.art.generator.paint.draw.photo-x5DhWyVln17kUzbl0DtQpw==/lib/arm64, /data/app/~~UggiF4tMgUXISaGR3sI3OQ==/ai.art.generator.paint.draw.photo-x5DhWyVln17kUzbl0DtQpw==/base.apk!/lib/arm64-v8a, /system/lib64, /system_ext/lib64]]"
},
{
    "type": "error",
    "extra": "hook all methods error",
    "package_name": "ai.art.generator.paint.draw.photo",
    "class_name": "com.aerserv.sdk.AerServInterstitial",
    "error": "Error: java.lang.ClassNotFoundException: Didn't find class \"com.aerserv.sdk.AerServInterstitial\" on path: DexPathList[[zip file \"/data/app/~~UggiF4tMgUXISaGR3sI3OQ==/ai.art.generator.paint.draw.photo-x5DhWyVln17kUzbl0DtQpw==/base.apk\"],nativeLibraryDirectories=[/data/app/~~UggiF4tMgUXISaGR3sI3OQ==/ai.art.generator.paint.draw.photo-x5DhWyVln17kUzbl0DtQpw==/lib/arm64, /data/app/~~UggiF4tMgUXISaGR3sI3OQ==/ai.art.generator.paint.draw.photo-x5DhWyVln17kUzbl0DtQpw==/base.apk!/lib/arm64-v8a, /system/lib64, /system_ext/lib64]]"
},
{
    "type": "error",
    "extra": "hook all methods error",
    "package_name": "ai.art.generator.paint.draw.photo",
    "class_name": "com.adxcorp.ads.RewardedAd",
    "error": "Error: java.lang.ClassNotFoundException: Didn't find class \"com.adxcorp.ads.RewardedAd\" on path: DexPathList[[zip file \"/data/app/~~UggiF4tMgUXISaGR3sI3OQ==/ai.art.generator.paint.draw.photo-x5DhWyVln17kUzbl0DtQpw==/base.apk\"],nativeLibraryDirectories=[/data/app/~~UggiF4tMgUXISaGR3sI3OQ==/ai.art.generator.paint.draw.photo-x5DhWyVln17kUzbl0DtQpw==/lib/arm64, /data/app/~~UggiF4tMgUXISaGR3sI3OQ==/ai.art.generator.paint.draw.photo-x5DhWyVln17kUzbl0DtQpw==/base.apk!/lib/arm64-v8a, /system/lib64, /system_ext/lib64]]"
},
{
    "type": "error",
    "extra": "hook all methods error",
    "package_name": "ai.art.generator.paint.draw.photo",
    "class_name": "com.appnexus.opensdk.utils.SDKSettings",
    "error": "Error: java.lang.ClassNotFoundException: Didn't find class \"com.appnexus.opensdk.utils.SDKSettings\" on path: DexPathList[[zip file \"/data/app/~~UggiF4tMgUXISaGR3sI3OQ==/ai.art.generator.paint.draw.photo-x5DhWyVln17kUzbl0DtQpw==/base.apk\"],nativeLibraryDirectories=[/data/app/~~UggiF4tMgUXISaGR3sI3OQ==/ai.art.generator.paint.draw.photo-x5DhWyVln17kUzbl0DtQpw==/lib/arm64, /data/app/~~UggiF4tMgUXISaGR3sI3OQ==/ai.art.generator.paint.draw.photo-x5DhWyVln17kUzbl0DtQpw==/base.apk!/lib/arm64-v8a, /system/lib64, /system_ext/lib64]]"
},
{
    "type": "error",
    "extra": "hook all methods error",
    "package_name": "ai.art.generator.paint.draw.photo",
    "class_name": "com.tappx.sdk.android.TappxRewardedVideo",
    "error": "Error: java.lang.ClassNotFoundException: Didn't find class \"com.tappx.sdk.android.TappxRewardedVideo\" on path: DexPathList[[zip file \"/data/app/~~UggiF4tMgUXISaGR3sI3OQ==/ai.art.generator.paint.draw.photo-x5DhWyVln17kUzbl0DtQpw==/base.apk\"],nativeLibraryDirectories=[/data/app/~~UggiF4tMgUXISaGR3sI3OQ==/ai.art.generator.paint.draw.photo-x5DhWyVln17kUzbl0DtQpw==/lib/arm64, /data/app/~~UggiF4tMgUXISaGR3sI3OQ==/ai.art.generator.paint.draw.photo-x5DhWyVln17kUzbl0DtQpw==/base.apk!/lib/arm64-v8a, /system/lib64, /system_ext/lib64]]"
},
{
    "type": "error",
    "extra": "hook all methods error",
    "package_name": "ai.art.generator.paint.draw.photo",
    "class_name": "com.google.android.ump.ConsentRequestParameters",
    "error": "Error: java.lang.ClassNotFoundException: Didn't find class \"com.google.android.ump.ConsentRequestParameters\" on path: DexPathList[[zip file \"/data/app/~~UggiF4tMgUXISaGR3sI3OQ==/ai.art.generator.paint.draw.photo-x5DhWyVln17kUzbl0DtQpw==/base.apk\"],nativeLibraryDirectories=[/data/app/~~UggiF4tMgUXISaGR3sI3OQ==/ai.art.generator.paint.draw.photo-x5DhWyVln17kUzbl0DtQpw==/lib/arm64, /data/app/~~UggiF4tMgUXISaGR3sI3OQ==/ai.art.generator.paint.draw.photo-x5DhWyVln17kUzbl0DtQpw==/base.apk!/lib/arm64-v8a, /system/lib64, /system_ext/lib64]]"
},
{
    "type": "error",
    "extra": "hook all methods error",
    "package_name": "ai.art.generator.paint.draw.photo",
    "class_name": "com.tradplus.ads.open.reward.TPReward",
    "error": "Error: java.lang.ClassNotFoundException: Didn't find class \"com.tradplus.ads.open.reward.TPReward\" on path: DexPathList[[zip file \"/data/app/~~UggiF4tMgUXISaGR3sI3OQ==/ai.art.generator.paint.draw.photo-x5DhWyVln17kUzbl0DtQpw==/base.apk\"],nativeLibraryDirectories=[/data/app/~~UggiF4tMgUXISaGR3sI3OQ==/ai.art.generator.paint.draw.photo-x5DhWyVln17kUzbl0DtQpw==/lib/arm64, /data/app/~~UggiF4tMgUXISaGR3sI3OQ==/ai.art.generator.paint.draw.photo-x5DhWyVln17kUzbl0DtQpw==/base.apk!/lib/arm64-v8a, /system/lib64, /system_ext/lib64]]"
},
{
    "type": "error",
    "extra": "hook all methods error",
    "package_name": "ai.art.generator.paint.draw.photo",
    "class_name": "com.vpon.ads.VponAdRequest",
    "error": "Error: java.lang.ClassNotFoundException: Didn't find class \"com.vpon.ads.VponAdRequest\" on path: DexPathList[[zip file \"/data/app/~~UggiF4tMgUXISaGR3sI3OQ==/ai.art.generator.paint.draw.photo-x5DhWyVln17kUzbl0DtQpw==/base.apk\"],nativeLibraryDirectories=[/data/app/~~UggiF4tMgUXISaGR3sI3OQ==/ai.art.generator.paint.draw.photo-x5DhWyVln17kUzbl0DtQpw==/lib/arm64, /data/app/~~UggiF4tMgUXISaGR3sI3OQ==/ai.art.generator.paint.draw.photo-x5DhWyVln17kUzbl0DtQpw==/base.apk!/lib/arm64-v8a, /system/lib64, /system_ext/lib64]]"
},
{
    "type": "error",
    "extra": "hook all methods error",
    "package_name": "ai.art.generator.paint.draw.photo",
    "class_name": "com.adobe.marketing.mobile.edge.consent.Consent",
    "error": "Error: java.lang.ClassNotFoundException: Didn't find class \"com.adobe.marketing.mobile.edge.consent.Consent\" on path: DexPathList[[zip file \"/data/app/~~UggiF4tMgUXISaGR3sI3OQ==/ai.art.generator.paint.draw.photo-x5DhWyVln17kUzbl0DtQpw==/base.apk\"],nativeLibraryDirectories=[/data/app/~~UggiF4tMgUXISaGR3sI3OQ==/ai.art.generator.paint.draw.photo-x5DhWyVln17kUzbl0DtQpw==/lib/arm64, /data/app/~~UggiF4tMgUXISaGR3sI3OQ==/ai.art.generator.paint.draw.photo-x5DhWyVln17kUzbl0DtQpw==/base.apk!/lib/arm64-v8a, /system/lib64, /system_ext/lib64]]"
},
{
    "type": "error",
    "extra": "hook all methods error",
    "package_name": "ai.art.generator.paint.draw.photo",
    "class_name": "com.mobilefuse.sdk.MobileFuseOmniAd",
    "error": "Error: java.lang.ClassNotFoundException: Didn't find class \"com.mobilefuse.sdk.MobileFuseOmniAd\" on path: DexPathList[[zip file \"/data/app/~~UggiF4tMgUXISaGR3sI3OQ==/ai.art.generator.paint.draw.photo-x5DhWyVln17kUzbl0DtQpw==/base.apk\"],nativeLibraryDirectories=[/data/app/~~UggiF4tMgUXISaGR3sI3OQ==/ai.art.generator.paint.draw.photo-x5DhWyVln17kUzbl0DtQpw==/lib/arm64, /data/app/~~UggiF4tMgUXISaGR3sI3OQ==/ai.art.generator.paint.draw.photo-x5DhWyVln17kUzbl0DtQpw==/base.apk!/lib/arm64-v8a, /system/lib64, /system_ext/lib64]]"
},
{
    "type": "error",
    "extra": "hook all methods error",
    "package_name": "ai.art.generator.paint.draw.photo",
    "class_name": "com.tapjoy.Tapjoy",
    "error": "Error: java.lang.ClassNotFoundException: Didn't find class \"com.tapjoy.Tapjoy\" on path: DexPathList[[zip file \"/data/app/~~UggiF4tMgUXISaGR3sI3OQ==/ai.art.generator.paint.draw.photo-x5DhWyVln17kUzbl0DtQpw==/base.apk\"],nativeLibraryDirectories=[/data/app/~~UggiF4tMgUXISaGR3sI3OQ==/ai.art.generator.paint.draw.photo-x5DhWyVln17kUzbl0DtQpw==/lib/arm64, /data/app/~~UggiF4tMgUXISaGR3sI3OQ==/ai.art.generator.paint.draw.photo-x5DhWyVln17kUzbl0DtQpw==/base.apk!/lib/arm64-v8a, /system/lib64, /system_ext/lib64]]"
},
{
    "type": "error",
    "extra": "hook all methods error",
    "package_name": "ai.art.generator.paint.draw.photo",
    "class_name": "com.smartadserver.android.library.util.SASConfiguration",
    "error": "Error: java.lang.ClassNotFoundException: Didn't find class \"com.smartadserver.android.library.util.SASConfiguration\" on path: DexPathList[[zip file \"/data/app/~~UggiF4tMgUXISaGR3sI3OQ==/ai.art.generator.paint.draw.photo-x5DhWyVln17kUzbl0DtQpw==/base.apk\"],nativeLibraryDirectories=[/data/app/~~UggiF4tMgUXISaGR3sI3OQ==/ai.art.generator.paint.draw.photo-x5DhWyVln17kUzbl0DtQpw==/lib/arm64, /data/app/~~UggiF4tMgUXISaGR3sI3OQ==/ai.art.generator.paint.draw.photo-x5DhWyVln17kUzbl0DtQpw==/base.apk!/lib/arm64-v8a, /system/lib64, /system_ext/lib64]]"
},
{
    "type": "error",
    "extra": "hook all methods error",
    "package_name": "ai.art.generator.paint.draw.photo",
    "class_name": "com.microsoft.appcenter.analytics.Analytics",
    "error": "Error: java.lang.ClassNotFoundException: Didn't find class \"com.microsoft.appcenter.analytics.Analytics\" on path: DexPathList[[zip file \"/data/app/~~UggiF4tMgUXISaGR3sI3OQ==/ai.art.generator.paint.draw.photo-x5DhWyVln17kUzbl0DtQpw==/base.apk\"],nativeLibraryDirectories=[/data/app/~~UggiF4tMgUXISaGR3sI3OQ==/ai.art.generator.paint.draw.photo-x5DhWyVln17kUzbl0DtQpw==/lib/arm64, /data/app/~~UggiF4tMgUXISaGR3sI3OQ==/ai.art.generator.paint.draw.photo-x5DhWyVln17kUzbl0DtQpw==/base.apk!/lib/arm64-v8a, /system/lib64, /system_ext/lib64]]"
},
{
    "type": "error",
    "extra": "hook all methods error",
    "package_name": "ai.art.generator.paint.draw.photo",
    "class_name": "com.mobilefuse.sdk.MobileFuseRewardedAd",
    "error": "Error: java.lang.ClassNotFoundException: Didn't find class \"com.mobilefuse.sdk.MobileFuseRewardedAd\" on path: DexPathList[[zip file \"/data/app/~~UggiF4tMgUXISaGR3sI3OQ==/ai.art.generator.paint.draw.photo-x5DhWyVln17kUzbl0DtQpw==/base.apk\"],nativeLibraryDirectories=[/data/app/~~UggiF4tMgUXISaGR3sI3OQ==/ai.art.generator.paint.draw.photo-x5DhWyVln17kUzbl0DtQpw==/lib/arm64, /data/app/~~UggiF4tMgUXISaGR3sI3OQ==/ai.art.generator.paint.draw.photo-x5DhWyVln17kUzbl0DtQpw==/base.apk!/lib/arm64-v8a, /system/lib64, /system_ext/lib64]]"
},
{
    "type": "error",
    "extra": "hook all methods error",
    "package_name": "ai.art.generator.paint.draw.photo",
    "class_name": "com.appnext.ads.interstitial.InterstitialConfig",
    "error": "Error: java.lang.ClassNotFoundException: Didn't find class \"com.appnext.ads.interstitial.InterstitialConfig\" on path: DexPathList[[zip file \"/data/app/~~UggiF4tMgUXISaGR3sI3OQ==/ai.art.generator.paint.draw.photo-x5DhWyVln17kUzbl0DtQpw==/base.apk\"],nativeLibraryDirectories=[/data/app/~~UggiF4tMgUXISaGR3sI3OQ==/ai.art.generator.paint.draw.photo-x5DhWyVln17kUzbl0DtQpw==/lib/arm64, /data/app/~~UggiF4tMgUXISaGR3sI3OQ==/ai.art.generator.paint.draw.photo-x5DhWyVln17kUzbl0DtQpw==/base.apk!/lib/arm64-v8a, /system/lib64, /system_ext/lib64]]"
},
{
    "type": "error",
    "extra": "hook all methods error",
    "package_name": "ai.art.generator.paint.draw.photo",
    "class_name": "com.tappx.sdk.android.TappxPrivacyManager",
    "error": "Error: java.lang.ClassNotFoundException: Didn't find class \"com.tappx.sdk.android.TappxPrivacyManager\" on path: DexPathList[[zip file \"/data/app/~~UggiF4tMgUXISaGR3sI3OQ==/ai.art.generator.paint.draw.photo-x5DhWyVln17kUzbl0DtQpw==/base.apk\"],nativeLibraryDirectories=[/data/app/~~UggiF4tMgUXISaGR3sI3OQ==/ai.art.generator.paint.draw.photo-x5DhWyVln17kUzbl0DtQpw==/lib/arm64, /data/app/~~UggiF4tMgUXISaGR3sI3OQ==/ai.art.generator.paint.draw.photo-x5DhWyVln17kUzbl0DtQpw==/base.apk!/lib/arm64-v8a, /system/lib64, /system_ext/lib64]]"
},
{
    "type": "error",
    "extra": "hook all methods error",
    "package_name": "ai.art.generator.paint.draw.photo",
    "class_name": "com.youappi.sdk.ads.YARewardedVideoAd",
    "error": "Error: java.lang.ClassNotFoundException: Didn't find class \"com.youappi.sdk.ads.YARewardedVideoAd\" on path: DexPathList[[zip file \"/data/app/~~UggiF4tMgUXISaGR3sI3OQ==/ai.art.generator.paint.draw.photo-x5DhWyVln17kUzbl0DtQpw==/base.apk\"],nativeLibraryDirectories=[/data/app/~~UggiF4tMgUXISaGR3sI3OQ==/ai.art.generator.paint.draw.photo-x5DhWyVln17kUzbl0DtQpw==/lib/arm64, /data/app/~~UggiF4tMgUXISaGR3sI3OQ==/ai.art.generator.paint.draw.photo-x5DhWyVln17kUzbl0DtQpw==/base.apk!/lib/arm64-v8a, /system/lib64, /system_ext/lib64]]"
},
{
    "type": "error",
    "extra": "hook all methods error",
    "package_name": "ai.art.generator.paint.draw.photo",
    "class_name": "com.amplitude.android.Amplitude",
    "error": "Error: java.lang.ClassNotFoundException: Didn't find class \"com.amplitude.android.Amplitude\" on path: DexPathList[[zip file \"/data/app/~~UggiF4tMgUXISaGR3sI3OQ==/ai.art.generator.paint.draw.photo-x5DhWyVln17kUzbl0DtQpw==/base.apk\"],nativeLibraryDirectories=[/data/app/~~UggiF4tMgUXISaGR3sI3OQ==/ai.art.generator.paint.draw.photo-x5DhWyVln17kUzbl0DtQpw==/lib/arm64, /data/app/~~UggiF4tMgUXISaGR3sI3OQ==/ai.art.generator.paint.draw.photo-x5DhWyVln17kUzbl0DtQpw==/base.apk!/lib/arm64-v8a, /system/lib64, /system_ext/lib64]]"
},
{
    "type": "error",
    "extra": "hook all methods error",
    "package_name": "ai.art.generator.paint.draw.photo",
    "class_name": "admost.sdk.base.AdMost",
    "error": "Error: java.lang.ClassNotFoundException: Didn't find class \"admost.sdk.base.AdMost\" on path: DexPathList[[zip file \"/data/app/~~UggiF4tMgUXISaGR3sI3OQ==/ai.art.generator.paint.draw.photo-x5DhWyVln17kUzbl0DtQpw==/base.apk\"],nativeLibraryDirectories=[/data/app/~~UggiF4tMgUXISaGR3sI3OQ==/ai.art.generator.paint.draw.photo-x5DhWyVln17kUzbl0DtQpw==/lib/arm64, /data/app/~~UggiF4tMgUXISaGR3sI3OQ==/ai.art.generator.paint.draw.photo-x5DhWyVln17kUzbl0DtQpw==/base.apk!/lib/arm64-v8a, /system/lib64, /system_ext/lib64]]"
},
{
    "type": "error",
    "extra": "hook all methods error",
    "package_name": "ai.art.generator.paint.draw.photo",
    "class_name": "com.appnexus.opensdk.ANGDPRSettings",
    "error": "Error: java.lang.ClassNotFoundException: Didn't find class \"com.appnexus.opensdk.ANGDPRSettings\" on path: DexPathList[[zip file \"/data/app/~~UggiF4tMgUXISaGR3sI3OQ==/ai.art.generator.paint.draw.photo-x5DhWyVln17kUzbl0DtQpw==/base.apk\"],nativeLibraryDirectories=[/data/app/~~UggiF4tMgUXISaGR3sI3OQ==/ai.art.generator.paint.draw.photo-x5DhWyVln17kUzbl0DtQpw==/lib/arm64, /data/app/~~UggiF4tMgUXISaGR3sI3OQ==/ai.art.generator.paint.draw.photo-x5DhWyVln17kUzbl0DtQpw==/base.apk!/lib/arm64-v8a, /system/lib64, /system_ext/lib64]]"
},
{
    "type": "error",
    "extra": "hook all methods error",
    "package_name": "ai.art.generator.paint.draw.photo",
    "class_name": "com.tapjoy.TJStatus",
    "error": "Error: java.lang.ClassNotFoundException: Didn't find class \"com.tapjoy.TJStatus\" on path: DexPathList[[zip file \"/data/app/~~UggiF4tMgUXISaGR3sI3OQ==/ai.art.generator.paint.draw.photo-x5DhWyVln17kUzbl0DtQpw==/base.apk\"],nativeLibraryDirectories=[/data/app/~~UggiF4tMgUXISaGR3sI3OQ==/ai.art.generator.paint.draw.photo-x5DhWyVln17kUzbl0DtQpw==/lib/arm64, /data/app/~~UggiF4tMgUXISaGR3sI3OQ==/ai.art.generator.paint.draw.photo-x5DhWyVln17kUzbl0DtQpw==/base.apk!/lib/arm64-v8a, /system/lib64, /system_ext/lib64]]"
},
{
    "type": "error",
    "extra": "hook all methods error",
    "package_name": "ai.art.generator.paint.draw.photo",
    "class_name": "com.my.target.ads.MyTargetView",
    "error": "Error: java.lang.ClassNotFoundException: Didn't find class \"com.my.target.ads.MyTargetView\" on path: DexPathList[[zip file \"/data/app/~~UggiF4tMgUXISaGR3sI3OQ==/ai.art.generator.paint.draw.photo-x5DhWyVln17kUzbl0DtQpw==/base.apk\"],nativeLibraryDirectories=[/data/app/~~UggiF4tMgUXISaGR3sI3OQ==/ai.art.generator.paint.draw.photo-x5DhWyVln17kUzbl0DtQpw==/lib/arm64, /data/app/~~UggiF4tMgUXISaGR3sI3OQ==/ai.art.generator.paint.draw.photo-x5DhWyVln17kUzbl0DtQpw==/base.apk!/lib/arm64-v8a, /system/lib64, /system_ext/lib64]]"
},
{
    "type": "error",
    "extra": "hook all methods error",
    "package_name": "ai.art.generator.paint.draw.photo",
    "class_name": "com.fyber.FairBid",
    "error": "Error: java.lang.ClassNotFoundException: Didn't find class \"com.fyber.FairBid\" on path: DexPathList[[zip file \"/data/app/~~UggiF4tMgUXISaGR3sI3OQ==/ai.art.generator.paint.draw.photo-x5DhWyVln17kUzbl0DtQpw==/base.apk\"],nativeLibraryDirectories=[/data/app/~~UggiF4tMgUXISaGR3sI3OQ==/ai.art.generator.paint.draw.photo-x5DhWyVln17kUzbl0DtQpw==/lib/arm64, /data/app/~~UggiF4tMgUXISaGR3sI3OQ==/ai.art.generator.paint.draw.photo-x5DhWyVln17kUzbl0DtQpw==/base.apk!/lib/arm64-v8a, /system/lib64, /system_ext/lib64]]"
},
{
    "type": "error",
    "extra": "hook all methods error",
    "package_name": "ai.art.generator.paint.draw.photo",
    "class_name": "com.mobilefuse.sdk.MobileFuseInterstitialAd",
    "error": "Error: java.lang.ClassNotFoundException: Didn't find class \"com.mobilefuse.sdk.MobileFuseInterstitialAd\" on path: DexPathList[[zip file \"/data/app/~~UggiF4tMgUXISaGR3sI3OQ==/ai.art.generator.paint.draw.photo-x5DhWyVln17kUzbl0DtQpw==/base.apk\"],nativeLibraryDirectories=[/data/app/~~UggiF4tMgUXISaGR3sI3OQ==/ai.art.generator.paint.draw.photo-x5DhWyVln17kUzbl0DtQpw==/lib/arm64, /data/app/~~UggiF4tMgUXISaGR3sI3OQ==/ai.art.generator.paint.draw.photo-x5DhWyVln17kUzbl0DtQpw==/base.apk!/lib/arm64-v8a, /system/lib64, /system_ext/lib64]]"
},
{
    "type": "error",
    "extra": "hook all methods error",
    "package_name": "ai.art.generator.paint.draw.photo",
    "class_name": "com.vpon.ads.VponInterstitialAd",
    "error": "Error: java.lang.ClassNotFoundException: Didn't find class \"com.vpon.ads.VponInterstitialAd\" on path: DexPathList[[zip file \"/data/app/~~UggiF4tMgUXISaGR3sI3OQ==/ai.art.generator.paint.draw.photo-x5DhWyVln17kUzbl0DtQpw==/base.apk\"],nativeLibraryDirectories=[/data/app/~~UggiF4tMgUXISaGR3sI3OQ==/ai.art.generator.paint.draw.photo-x5DhWyVln17kUzbl0DtQpw==/lib/arm64, /data/app/~~UggiF4tMgUXISaGR3sI3OQ==/ai.art.generator.paint.draw.photo-x5DhWyVln17kUzbl0DtQpw==/base.apk!/lib/arm64-v8a, /system/lib64, /system_ext/lib64]]"
},
{
    "type": "error",
    "extra": "hook all methods error",
    "package_name": "ai.art.generator.paint.draw.photo",
    "class_name": "com.adsbynimbus.NimbusAdManager",
    "error": "Error: java.lang.ClassNotFoundException: Didn't find class \"com.adsbynimbus.NimbusAdManager\" on path: DexPathList[[zip file \"/data/app/~~UggiF4tMgUXISaGR3sI3OQ==/ai.art.generator.paint.draw.photo-x5DhWyVln17kUzbl0DtQpw==/base.apk\"],nativeLibraryDirectories=[/data/app/~~UggiF4tMgUXISaGR3sI3OQ==/ai.art.generator.paint.draw.photo-x5DhWyVln17kUzbl0DtQpw==/lib/arm64, /data/app/~~UggiF4tMgUXISaGR3sI3OQ==/ai.art.generator.paint.draw.photo-x5DhWyVln17kUzbl0DtQpw==/base.apk!/lib/arm64-v8a, /system/lib64, /system_ext/lib64]]"
},
{
    "type": "error",
    "extra": "hook all methods error",
    "package_name": "ai.art.generator.paint.draw.photo",
    "class_name": "com.inmobi.compliance.InMobiPrivacyCompliance",
    "error": "Error: java.lang.ClassNotFoundException: Didn't find class \"com.inmobi.compliance.InMobiPrivacyCompliance\" on path: DexPathList[[zip file \"/data/app/~~UggiF4tMgUXISaGR3sI3OQ==/ai.art.generator.paint.draw.photo-x5DhWyVln17kUzbl0DtQpw==/base.apk\"],nativeLibraryDirectories=[/data/app/~~UggiF4tMgUXISaGR3sI3OQ==/ai.art.generator.paint.draw.photo-x5DhWyVln17kUzbl0DtQpw==/lib/arm64, /data/app/~~UggiF4tMgUXISaGR3sI3OQ==/ai.art.generator.paint.draw.photo-x5DhWyVln17kUzbl0DtQpw==/base.apk!/lib/arm64-v8a, /system/lib64, /system_ext/lib64]]"
},
{
    "type": "error",
    "extra": "hook all methods error",
    "package_name": "ai.art.generator.paint.draw.photo",
    "class_name": "com.adxcorp.ads.common.ADXGdprManager",
    "error": "Error: java.lang.ClassNotFoundException: Didn't find class \"com.adxcorp.ads.common.ADXGdprManager\" on path: DexPathList[[zip file \"/data/app/~~UggiF4tMgUXISaGR3sI3OQ==/ai.art.generator.paint.draw.photo-x5DhWyVln17kUzbl0DtQpw==/base.apk\"],nativeLibraryDirectories=[/data/app/~~UggiF4tMgUXISaGR3sI3OQ==/ai.art.generator.paint.draw.photo-x5DhWyVln17kUzbl0DtQpw==/lib/arm64, /data/app/~~UggiF4tMgUXISaGR3sI3OQ==/ai.art.generator.paint.draw.photo-x5DhWyVln17kUzbl0DtQpw==/base.apk!/lib/arm64-v8a, /system/lib64, /system_ext/lib64]]"
},
{
    "type": "error",
    "extra": "hook all methods error",
    "package_name": "ai.art.generator.paint.draw.photo",
    "class_name": "com.adobe.marketing.mobile.MobileCore",
    "error": "Error: java.lang.ClassNotFoundException: Didn't find class \"com.adobe.marketing.mobile.MobileCore\" on path: DexPathList[[zip file \"/data/app/~~UggiF4tMgUXISaGR3sI3OQ==/ai.art.generator.paint.draw.photo-x5DhWyVln17kUzbl0DtQpw==/base.apk\"],nativeLibraryDirectories=[/data/app/~~UggiF4tMgUXISaGR3sI3OQ==/ai.art.generator.paint.draw.photo-x5DhWyVln17kUzbl0DtQpw==/lib/arm64, /data/app/~~UggiF4tMgUXISaGR3sI3OQ==/ai.art.generator.paint.draw.photo-x5DhWyVln17kUzbl0DtQpw==/base.apk!/lib/arm64-v8a, /system/lib64, /system_ext/lib64]]"
},
{
    "type": "error",
    "extra": "hook all methods error",
    "package_name": "ai.art.generator.paint.draw.photo",
    "class_name": "com.umeng.commonsdk.UMConfigure",
    "error": "Error: java.lang.ClassNotFoundException: Didn't find class \"com.umeng.commonsdk.UMConfigure\" on path: DexPathList[[zip file \"/data/app/~~UggiF4tMgUXISaGR3sI3OQ==/ai.art.generator.paint.draw.photo-x5DhWyVln17kUzbl0DtQpw==/base.apk\"],nativeLibraryDirectories=[/data/app/~~UggiF4tMgUXISaGR3sI3OQ==/ai.art.generator.paint.draw.photo-x5DhWyVln17kUzbl0DtQpw==/lib/arm64, /data/app/~~UggiF4tMgUXISaGR3sI3OQ==/ai.art.generator.paint.draw.photo-x5DhWyVln17kUzbl0DtQpw==/base.apk!/lib/arm64-v8a, /system/lib64, /system_ext/lib64]]"
},
{
    "type": "error",
    "extra": "hook all methods error",
    "package_name": "ai.art.generator.paint.draw.photo",
    "class_name": "com.youappi.sdk.YouAPPi",
    "error": "Error: java.lang.ClassNotFoundException: Didn't find class \"com.youappi.sdk.YouAPPi\" on path: DexPathList[[zip file \"/data/app/~~UggiF4tMgUXISaGR3sI3OQ==/ai.art.generator.paint.draw.photo-x5DhWyVln17kUzbl0DtQpw==/base.apk\"],nativeLibraryDirectories=[/data/app/~~UggiF4tMgUXISaGR3sI3OQ==/ai.art.generator.paint.draw.photo-x5DhWyVln17kUzbl0DtQpw==/lib/arm64, /data/app/~~UggiF4tMgUXISaGR3sI3OQ==/ai.art.generator.paint.draw.photo-x5DhWyVln17kUzbl0DtQpw==/base.apk!/lib/arm64-v8a, /system/lib64, /system_ext/lib64]]"
},
{
    "type": "error",
    "extra": "hook all methods error",
    "package_name": "ai.art.generator.paint.draw.photo",
    "class_name": "com.mobilefuse.sdk.MobileFuseNativeAd",
    "error": "Error: java.lang.ClassNotFoundException: Didn't find class \"com.mobilefuse.sdk.MobileFuseNativeAd\" on path: DexPathList[[zip file \"/data/app/~~UggiF4tMgUXISaGR3sI3OQ==/ai.art.generator.paint.draw.photo-x5DhWyVln17kUzbl0DtQpw==/base.apk\"],nativeLibraryDirectories=[/data/app/~~UggiF4tMgUXISaGR3sI3OQ==/ai.art.generator.paint.draw.photo-x5DhWyVln17kUzbl0DtQpw==/lib/arm64, /data/app/~~UggiF4tMgUXISaGR3sI3OQ==/ai.art.generator.paint.draw.photo-x5DhWyVln17kUzbl0DtQpw==/base.apk!/lib/arm64-v8a, /system/lib64, /system_ext/lib64]]"
},
{
    "type": "error",
    "extra": "hook all methods error",
    "package_name": "ai.art.generator.paint.draw.photo",
    "class_name": "com.appnext.ads.fullscreen.FullScreenVideo",
    "error": "Error: java.lang.ClassNotFoundException: Didn't find class \"com.appnext.ads.fullscreen.FullScreenVideo\" on path: DexPathList[[zip file \"/data/app/~~UggiF4tMgUXISaGR3sI3OQ==/ai.art.generator.paint.draw.photo-x5DhWyVln17kUzbl0DtQpw==/base.apk\"],nativeLibraryDirectories=[/data/app/~~UggiF4tMgUXISaGR3sI3OQ==/ai.art.generator.paint.draw.photo-x5DhWyVln17kUzbl0DtQpw==/lib/arm64, /data/app/~~UggiF4tMgUXISaGR3sI3OQ==/ai.art.generator.paint.draw.photo-x5DhWyVln17kUzbl0DtQpw==/base.apk!/lib/arm64-v8a, /system/lib64, /system_ext/lib64]]"
},
{
    "type": "error",
    "extra": "hook all methods error",
    "package_name": "ai.art.generator.paint.draw.photo",
    "class_name": "com.amplitude.android.TrackingOptions",
    "error": "Error: java.lang.ClassNotFoundException: Didn't find class \"com.amplitude.android.TrackingOptions\" on path: DexPathList[[zip file \"/data/app/~~UggiF4tMgUXISaGR3sI3OQ==/ai.art.generator.paint.draw.photo-x5DhWyVln17kUzbl0DtQpw==/base.apk\"],nativeLibraryDirectories=[/data/app/~~UggiF4tMgUXISaGR3sI3OQ==/ai.art.generator.paint.draw.photo-x5DhWyVln17kUzbl0DtQpw==/lib/arm64, /data/app/~~UggiF4tMgUXISaGR3sI3OQ==/ai.art.generator.paint.draw.photo-x5DhWyVln17kUzbl0DtQpw==/base.apk!/lib/arm64-v8a, /system/lib64, /system_ext/lib64]]"
},
{
    "type": "error",
    "extra": "hook all methods error",
    "package_name": "ai.art.generator.paint.draw.photo",
    "class_name": "com.amplitude.android.Configuration",
    "error": "Error: java.lang.ClassNotFoundException: Didn't find class \"com.amplitude.android.Configuration\" on path: DexPathList[[zip file \"/data/app/~~UggiF4tMgUXISaGR3sI3OQ==/ai.art.generator.paint.draw.photo-x5DhWyVln17kUzbl0DtQpw==/base.apk\"],nativeLibraryDirectories=[/data/app/~~UggiF4tMgUXISaGR3sI3OQ==/ai.art.generator.paint.draw.photo-x5DhWyVln17kUzbl0DtQpw==/lib/arm64, /data/app/~~UggiF4tMgUXISaGR3sI3OQ==/ai.art.generator.paint.draw.photo-x5DhWyVln17kUzbl0DtQpw==/base.apk!/lib/arm64-v8a, /system/lib64, /system_ext/lib64]]"
},
{
    "type": "error",
    "extra": "hook all methods error",
    "package_name": "ai.art.generator.paint.draw.photo",
    "class_name": "com.gameanalytics.sdk.GameAnalytics",
    "error": "Error: java.lang.ClassNotFoundException: Didn't find class \"com.gameanalytics.sdk.GameAnalytics\" on path: DexPathList[[zip file \"/data/app/~~UggiF4tMgUXISaGR3sI3OQ==/ai.art.generator.paint.draw.photo-x5DhWyVln17kUzbl0DtQpw==/base.apk\"],nativeLibraryDirectories=[/data/app/~~UggiF4tMgUXISaGR3sI3OQ==/ai.art.generator.paint.draw.photo-x5DhWyVln17kUzbl0DtQpw==/lib/arm64, /data/app/~~UggiF4tMgUXISaGR3sI3OQ==/ai.art.generator.paint.draw.photo-x5DhWyVln17kUzbl0DtQpw==/base.apk!/lib/arm64-v8a, /system/lib64, /system_ext/lib64]]"
},
{
    "type": "error",
    "extra": "hook all methods error",
    "package_name": "ai.art.generator.paint.draw.photo",
    "class_name": "com.braze.Braze",
    "error": "Error: java.lang.ClassNotFoundException: Didn't find class \"com.braze.Braze\" on path: DexPathList[[zip file \"/data/app/~~UggiF4tMgUXISaGR3sI3OQ==/ai.art.generator.paint.draw.photo-x5DhWyVln17kUzbl0DtQpw==/base.apk\"],nativeLibraryDirectories=[/data/app/~~UggiF4tMgUXISaGR3sI3OQ==/ai.art.generator.paint.draw.photo-x5DhWyVln17kUzbl0DtQpw==/lib/arm64, /data/app/~~UggiF4tMgUXISaGR3sI3OQ==/ai.art.generator.paint.draw.photo-x5DhWyVln17kUzbl0DtQpw==/base.apk!/lib/arm64-v8a, /system/lib64, /system_ext/lib64]]"
},
{
    "type": "error",
    "extra": "hook all methods error",
    "package_name": "ai.art.generator.paint.draw.photo",
    "class_name": "com.flurry.android.FlurryAgent",
    "error": "Error: java.lang.ClassNotFoundException: Didn't find class \"com.flurry.android.FlurryAgent\" on path: DexPathList[[zip file \"/data/app/~~UggiF4tMgUXISaGR3sI3OQ==/ai.art.generator.paint.draw.photo-x5DhWyVln17kUzbl0DtQpw==/base.apk\"],nativeLibraryDirectories=[/data/app/~~UggiF4tMgUXISaGR3sI3OQ==/ai.art.generator.paint.draw.photo-x5DhWyVln17kUzbl0DtQpw==/lib/arm64, /data/app/~~UggiF4tMgUXISaGR3sI3OQ==/ai.art.generator.paint.draw.photo-x5DhWyVln17kUzbl0DtQpw==/base.apk!/lib/arm64-v8a, /system/lib64, /system_ext/lib64]]"
},
{
    "type": "error",
    "extra": "hook all methods error",
    "package_name": "ai.art.generator.paint.draw.photo",
    "class_name": "com.kochava.tracker.Tracker",
    "error": "Error: java.lang.ClassNotFoundException: Didn't find class \"com.kochava.tracker.Tracker\" on path: DexPathList[[zip file \"/data/app/~~UggiF4tMgUXISaGR3sI3OQ==/ai.art.generator.paint.draw.photo-x5DhWyVln17kUzbl0DtQpw==/base.apk\"],nativeLibraryDirectories=[/data/app/~~UggiF4tMgUXISaGR3sI3OQ==/ai.art.generator.paint.draw.photo-x5DhWyVln17kUzbl0DtQpw==/lib/arm64, /data/app/~~UggiF4tMgUXISaGR3sI3OQ==/ai.art.generator.paint.draw.photo-x5DhWyVln17kUzbl0DtQpw==/base.apk!/lib/arm64-v8a, /system/lib64, /system_ext/lib64]]"
},
{
    "type": "error",
    "extra": "hook all methods error",
    "package_name": "ai.art.generator.paint.draw.photo",
    "class_name": "com.ogury.unity.interstitial.OguryInterstitialAd",
    "error": "Error: java.lang.ClassNotFoundException: Didn't find class \"com.ogury.unity.interstitial.OguryInterstitialAd\" on path: DexPathList[[zip file \"/data/app/~~UggiF4tMgUXISaGR3sI3OQ==/ai.art.generator.paint.draw.photo-x5DhWyVln17kUzbl0DtQpw==/base.apk\"],nativeLibraryDirectories=[/data/app/~~UggiF4tMgUXISaGR3sI3OQ==/ai.art.generator.paint.draw.photo-x5DhWyVln17kUzbl0DtQpw==/lib/arm64, /data/app/~~UggiF4tMgUXISaGR3sI3OQ==/ai.art.generator.paint.draw.photo-x5DhWyVln17kUzbl0DtQpw==/base.apk!/lib/arm64-v8a, /system/lib64, /system_ext/lib64]]"
},
{
    "type": "error",
    "extra": "hook all methods error",
    "package_name": "ai.art.generator.paint.draw.photo",
    "class_name": "com.startapp.sdk.adsbase.StartAppSDK",
    "error": "Error: java.lang.ClassNotFoundException: Didn't find class \"com.startapp.sdk.adsbase.StartAppSDK\" on path: DexPathList[[zip file \"/data/app/~~UggiF4tMgUXISaGR3sI3OQ==/ai.art.generator.paint.draw.photo-x5DhWyVln17kUzbl0DtQpw==/base.apk\"],nativeLibraryDirectories=[/data/app/~~UggiF4tMgUXISaGR3sI3OQ==/ai.art.generator.paint.draw.photo-x5DhWyVln17kUzbl0DtQpw==/lib/arm64, /data/app/~~UggiF4tMgUXISaGR3sI3OQ==/ai.art.generator.paint.draw.photo-x5DhWyVln17kUzbl0DtQpw==/base.apk!/lib/arm64-v8a, /system/lib64, /system_ext/lib64]]"
},
{
    "type": "error",
    "extra": "hook all methods error",
    "package_name": "ai.art.generator.paint.draw.photo",
    "class_name": "com.criteo.Criteo",
    "error": "Error: java.lang.ClassNotFoundException: Didn't find class \"com.criteo.Criteo\" on path: DexPathList[[zip file \"/data/app/~~UggiF4tMgUXISaGR3sI3OQ==/ai.art.generator.paint.draw.photo-x5DhWyVln17kUzbl0DtQpw==/base.apk\"],nativeLibraryDirectories=[/data/app/~~UggiF4tMgUXISaGR3sI3OQ==/ai.art.generator.paint.draw.photo-x5DhWyVln17kUzbl0DtQpw==/lib/arm64, /data/app/~~UggiF4tMgUXISaGR3sI3OQ==/ai.art.generator.paint.draw.photo-x5DhWyVln17kUzbl0DtQpw==/base.apk!/lib/arm64-v8a, /system/lib64, /system_ext/lib64]]"
},
{
    "type": "error",
    "extra": "hook all methods error",
    "package_name": "ai.art.generator.paint.draw.photo",
    "class_name": "com.umeng.analytics.MobclickAgent",
    "error": "Error: java.lang.ClassNotFoundException: Didn't find class \"com.umeng.analytics.MobclickAgent\" on path: DexPathList[[zip file \"/data/app/~~UggiF4tMgUXISaGR3sI3OQ==/ai.art.generator.paint.draw.photo-x5DhWyVln17kUzbl0DtQpw==/base.apk\"],nativeLibraryDirectories=[/data/app/~~UggiF4tMgUXISaGR3sI3OQ==/ai.art.generator.paint.draw.photo-x5DhWyVln17kUzbl0DtQpw==/lib/arm64, /data/app/~~UggiF4tMgUXISaGR3sI3OQ==/ai.art.generator.paint.draw.photo-x5DhWyVln17kUzbl0DtQpw==/base.apk!/lib/arm64-v8a, /system/lib64, /system_ext/lib64]]"
},
{
    "type": "error",
    "extra": "hook all methods error",
    "package_name": "ai.art.generator.paint.draw.photo",
    "class_name": "com.gameanalytics.sdk.GAPlatform",
    "error": "Error: java.lang.ClassNotFoundException: Didn't find class \"com.gameanalytics.sdk.GAPlatform\" on path: DexPathList[[zip file \"/data/app/~~UggiF4tMgUXISaGR3sI3OQ==/ai.art.generator.paint.draw.photo-x5DhWyVln17kUzbl0DtQpw==/base.apk\"],nativeLibraryDirectories=[/data/app/~~UggiF4tMgUXISaGR3sI3OQ==/ai.art.generator.paint.draw.photo-x5DhWyVln17kUzbl0DtQpw==/lib/arm64, /data/app/~~UggiF4tMgUXISaGR3sI3OQ==/ai.art.generator.paint.draw.photo-x5DhWyVln17kUzbl0DtQpw==/base.apk!/lib/arm64-v8a, /system/lib64, /system_ext/lib64]]"
},
{
    "type": "error",
    "extra": "hook all methods error",
    "package_name": "ai.art.generator.paint.draw.photo",
    "class_name": "com.google.android.ump.ConsentRequestParameters$Builder",
    "error": "Error: java.lang.ClassNotFoundException: Didn't find class \"com.google.android.ump.ConsentRequestParameters$Builder\" on path: DexPathList[[zip file \"/data/app/~~UggiF4tMgUXISaGR3sI3OQ==/ai.art.generator.paint.draw.photo-x5DhWyVln17kUzbl0DtQpw==/base.apk\"],nativeLibraryDirectories=[/data/app/~~UggiF4tMgUXISaGR3sI3OQ==/ai.art.generator.paint.draw.photo-x5DhWyVln17kUzbl0DtQpw==/lib/arm64, /data/app/~~UggiF4tMgUXISaGR3sI3OQ==/ai.art.generator.paint.draw.photo-x5DhWyVln17kUzbl0DtQpw==/base.apk!/lib/arm64-v8a, /system/lib64, /system_ext/lib64]]"
},
{
    "type": "error",
    "extra": "hook all methods error",
    "package_name": "ai.art.generator.paint.draw.photo",
    "class_name": "com.aerserv.sdk.AerServBanner",
    "error": "Error: java.lang.ClassNotFoundException: Didn't find class \"com.aerserv.sdk.AerServBanner\" on path: DexPathList[[zip file \"/data/app/~~UggiF4tMgUXISaGR3sI3OQ==/ai.art.generator.paint.draw.photo-x5DhWyVln17kUzbl0DtQpw==/base.apk\"],nativeLibraryDirectories=[/data/app/~~UggiF4tMgUXISaGR3sI3OQ==/ai.art.generator.paint.draw.photo-x5DhWyVln17kUzbl0DtQpw==/lib/arm64, /data/app/~~UggiF4tMgUXISaGR3sI3OQ==/ai.art.generator.paint.draw.photo-x5DhWyVln17kUzbl0DtQpw==/base.apk!/lib/arm64-v8a, /system/lib64, /system_ext/lib64]]"
},
{
    "type": "error",
    "extra": "hook all methods error",
    "package_name": "ai.art.generator.paint.draw.photo",
    "class_name": "com.tradplus.ads.base.TradPlus",
    "error": "Error: java.lang.ClassNotFoundException: Didn't find class \"com.tradplus.ads.base.TradPlus\" on path: DexPathList[[zip file \"/data/app/~~UggiF4tMgUXISaGR3sI3OQ==/ai.art.generator.paint.draw.photo-x5DhWyVln17kUzbl0DtQpw==/base.apk\"],nativeLibraryDirectories=[/data/app/~~UggiF4tMgUXISaGR3sI3OQ==/ai.art.generator.paint.draw.photo-x5DhWyVln17kUzbl0DtQpw==/lib/arm64, /data/app/~~UggiF4tMgUXISaGR3sI3OQ==/ai.art.generator.paint.draw.photo-x5DhWyVln17kUzbl0DtQpw==/base.apk!/lib/arm64-v8a, /system/lib64, /system_ext/lib64]]"
},
{
    "type": "error",
    "extra": "hook all methods error",
    "package_name": "ai.art.generator.paint.draw.photo",
    "class_name": "com.chartboost.sdk.ads.Interstitial",
    "error": "Error: java.lang.ClassNotFoundException: Didn't find class \"com.chartboost.sdk.ads.Interstitial\" on path: DexPathList[[zip file \"/data/app/~~UggiF4tMgUXISaGR3sI3OQ==/ai.art.generator.paint.draw.photo-x5DhWyVln17kUzbl0DtQpw==/base.apk\"],nativeLibraryDirectories=[/data/app/~~UggiF4tMgUXISaGR3sI3OQ==/ai.art.generator.paint.draw.photo-x5DhWyVln17kUzbl0DtQpw==/lib/arm64, /data/app/~~UggiF4tMgUXISaGR3sI3OQ==/ai.art.generator.paint.draw.photo-x5DhWyVln17kUzbl0DtQpw==/base.apk!/lib/arm64-v8a, /system/lib64, /system_ext/lib64]]"
},
{
    "type": "error",
    "extra": "hook all methods error",
    "package_name": "ai.art.generator.paint.draw.photo",
    "class_name": "com.quantcast.measurement.service.QCAdvertising",
    "error": "Error: java.lang.ClassNotFoundException: Didn't find class \"com.quantcast.measurement.service.QCAdvertising\" on path: DexPathList[[zip file \"/data/app/~~UggiF4tMgUXISaGR3sI3OQ==/ai.art.generator.paint.draw.photo-x5DhWyVln17kUzbl0DtQpw==/base.apk\"],nativeLibraryDirectories=[/data/app/~~UggiF4tMgUXISaGR3sI3OQ==/ai.art.generator.paint.draw.photo-x5DhWyVln17kUzbl0DtQpw==/lib/arm64, /data/app/~~UggiF4tMgUXISaGR3sI3OQ==/ai.art.generator.paint.draw.photo-x5DhWyVln17kUzbl0DtQpw==/base.apk!/lib/arm64-v8a, /system/lib64, /system_ext/lib64]]"
},
{
    "type": "error",
    "extra": "hook all methods error",
    "package_name": "ai.art.generator.paint.draw.photo",
    "class_name": "com.prodege.Prodege",
    "error": "Error: java.lang.ClassNotFoundException: Didn't find class \"com.prodege.Prodege\" on path: DexPathList[[zip file \"/data/app/~~UggiF4tMgUXISaGR3sI3OQ==/ai.art.generator.paint.draw.photo-x5DhWyVln17kUzbl0DtQpw==/base.apk\"],nativeLibraryDirectories=[/data/app/~~UggiF4tMgUXISaGR3sI3OQ==/ai.art.generator.paint.draw.photo-x5DhWyVln17kUzbl0DtQpw==/lib/arm64, /data/app/~~UggiF4tMgUXISaGR3sI3OQ==/ai.art.generator.paint.draw.photo-x5DhWyVln17kUzbl0DtQpw==/base.apk!/lib/arm64-v8a, /system/lib64, /system_ext/lib64]]"
},
{
    "type": "error",
    "extra": "hook all methods error",
    "package_name": "ai.art.generator.paint.draw.photo",
    "class_name": "io.branch.referral.Branch",
    "error": "Error: java.lang.ClassNotFoundException: Didn't find class \"io.branch.referral.Branch\" on path: DexPathList[[zip file \"/data/app/~~UggiF4tMgUXISaGR3sI3OQ==/ai.art.generator.paint.draw.photo-x5DhWyVln17kUzbl0DtQpw==/base.apk\"],nativeLibraryDirectories=[/data/app/~~UggiF4tMgUXISaGR3sI3OQ==/ai.art.generator.paint.draw.photo-x5DhWyVln17kUzbl0DtQpw==/lib/arm64, /data/app/~~UggiF4tMgUXISaGR3sI3OQ==/ai.art.generator.paint.draw.photo-x5DhWyVln17kUzbl0DtQpw==/base.apk!/lib/arm64-v8a, /system/lib64, /system_ext/lib64]]"
},
{
    "type": "error",
    "extra": "hook all methods error",
    "package_name": "ai.art.generator.paint.draw.photo",
    "class_name": "com.amplitude.android.events.Identify",
    "error": "Error: java.lang.ClassNotFoundException: Didn't find class \"com.amplitude.android.events.Identify\" on path: DexPathList[[zip file \"/data/app/~~UggiF4tMgUXISaGR3sI3OQ==/ai.art.generator.paint.draw.photo-x5DhWyVln17kUzbl0DtQpw==/base.apk\"],nativeLibraryDirectories=[/data/app/~~UggiF4tMgUXISaGR3sI3OQ==/ai.art.generator.paint.draw.photo-x5DhWyVln17kUzbl0DtQpw==/lib/arm64, /data/app/~~UggiF4tMgUXISaGR3sI3OQ==/ai.art.generator.paint.draw.photo-x5DhWyVln17kUzbl0DtQpw==/base.apk!/lib/arm64-v8a, /system/lib64, /system_ext/lib64]]"
},
{
    "type": "error",
    "extra": "hook all methods error",
    "package_name": "ai.art.generator.paint.draw.photo",
    "class_name": "com.adxcorp.gdpr.ADXGDPR",
    "error": "Error: java.lang.ClassNotFoundException: Didn't find class \"com.adxcorp.gdpr.ADXGDPR\" on path: DexPathList[[zip file \"/data/app/~~UggiF4tMgUXISaGR3sI3OQ==/ai.art.generator.paint.draw.photo-x5DhWyVln17kUzbl0DtQpw==/base.apk\"],nativeLibraryDirectories=[/data/app/~~UggiF4tMgUXISaGR3sI3OQ==/ai.art.generator.paint.draw.photo-x5DhWyVln17kUzbl0DtQpw==/lib/arm64, /data/app/~~UggiF4tMgUXISaGR3sI3OQ==/ai.art.generator.paint.draw.photo-x5DhWyVln17kUzbl0DtQpw==/base.apk!/lib/arm64-v8a, /system/lib64, /system_ext/lib64]]"
},
{
    "type": "error",
    "extra": "hook all methods error",
    "package_name": "ai.art.generator.paint.draw.photo",
    "class_name": "com.adxcorp.ads.InterstitialAd",
    "error": "Error: java.lang.ClassNotFoundException: Didn't find class \"com.adxcorp.ads.InterstitialAd\" on path: DexPathList[[zip file \"/data/app/~~UggiF4tMgUXISaGR3sI3OQ==/ai.art.generator.paint.draw.photo-x5DhWyVln17kUzbl0DtQpw==/base.apk\"],nativeLibraryDirectories=[/data/app/~~UggiF4tMgUXISaGR3sI3OQ==/ai.art.generator.paint.draw.photo-x5DhWyVln17kUzbl0DtQpw==/lib/arm64, /data/app/~~UggiF4tMgUXISaGR3sI3OQ==/ai.art.generator.paint.draw.photo-x5DhWyVln17kUzbl0DtQpw==/base.apk!/lib/arm64-v8a, /system/lib64, /system_ext/lib64]]"
},
{
    "type": "error",
    "extra": "hook all methods error",
    "package_name": "ai.art.generator.paint.draw.photo",
    "class_name": "com.tradplus.ads.open.nativead.TPNative",
    "error": "Error: java.lang.ClassNotFoundException: Didn't find class \"com.tradplus.ads.open.nativead.TPNative\" on path: DexPathList[[zip file \"/data/app/~~UggiF4tMgUXISaGR3sI3OQ==/ai.art.generator.paint.draw.photo-x5DhWyVln17kUzbl0DtQpw==/base.apk\"],nativeLibraryDirectories=[/data/app/~~UggiF4tMgUXISaGR3sI3OQ==/ai.art.generator.paint.draw.photo-x5DhWyVln17kUzbl0DtQpw==/lib/arm64, /data/app/~~UggiF4tMgUXISaGR3sI3OQ==/ai.art.generator.paint.draw.photo-x5DhWyVln17kUzbl0DtQpw==/base.apk!/lib/arm64-v8a, /system/lib64, /system_ext/lib64]]"
},
{
    "type": "error",
    "extra": "hook all methods error",
    "package_name": "ai.art.generator.paint.draw.photo",
    "class_name": "com.mobilefuse.sdk.MobileFuseBannerAd",
    "error": "Error: java.lang.ClassNotFoundException: Didn't find class \"com.mobilefuse.sdk.MobileFuseBannerAd\" on path: DexPathList[[zip file \"/data/app/~~UggiF4tMgUXISaGR3sI3OQ==/ai.art.generator.paint.draw.photo-x5DhWyVln17kUzbl0DtQpw==/base.apk\"],nativeLibraryDirectories=[/data/app/~~UggiF4tMgUXISaGR3sI3OQ==/ai.art.generator.paint.draw.photo-x5DhWyVln17kUzbl0DtQpw==/lib/arm64, /data/app/~~UggiF4tMgUXISaGR3sI3OQ==/ai.art.generator.paint.draw.photo-x5DhWyVln17kUzbl0DtQpw==/base.apk!/lib/arm64-v8a, /system/lib64, /system_ext/lib64]]"
},
{
    "type": "error",
    "extra": "hook all methods error",
    "package_name": "ai.art.generator.paint.draw.photo",
    "class_name": "io.bidmachine.BidMachine",
    "error": "Error: java.lang.ClassNotFoundException: Didn't find class \"io.bidmachine.BidMachine\" on path: DexPathList[[zip file \"/data/app/~~UggiF4tMgUXISaGR3sI3OQ==/ai.art.generator.paint.draw.photo-x5DhWyVln17kUzbl0DtQpw==/base.apk\"],nativeLibraryDirectories=[/data/app/~~UggiF4tMgUXISaGR3sI3OQ==/ai.art.generator.paint.draw.photo-x5DhWyVln17kUzbl0DtQpw==/lib/arm64, /data/app/~~UggiF4tMgUXISaGR3sI3OQ==/ai.art.generator.paint.draw.photo-x5DhWyVln17kUzbl0DtQpw==/base.apk!/lib/arm64-v8a, /system/lib64, /system_ext/lib64]]"
},
{
    "type": "error",
    "extra": "hook all methods error",
    "package_name": "ai.art.generator.paint.draw.photo",
    "class_name": "com.splunk.mint.Mint",
    "error": "Error: java.lang.ClassNotFoundException: Didn't find class \"com.splunk.mint.Mint\" on path: DexPathList[[zip file \"/data/app/~~UggiF4tMgUXISaGR3sI3OQ==/ai.art.generator.paint.draw.photo-x5DhWyVln17kUzbl0DtQpw==/base.apk\"],nativeLibraryDirectories=[/data/app/~~UggiF4tMgUXISaGR3sI3OQ==/ai.art.generator.paint.draw.photo-x5DhWyVln17kUzbl0DtQpw==/lib/arm64, /data/app/~~UggiF4tMgUXISaGR3sI3OQ==/ai.art.generator.paint.draw.photo-x5DhWyVln17kUzbl0DtQpw==/base.apk!/lib/arm64-v8a, /system/lib64, /system_ext/lib64]]"
},
{
    "type": "error",
    "extra": "hook all methods error",
    "package_name": "ai.art.generator.paint.draw.photo",
    "class_name": "com.tradplus.ads.open.mediavideo.TPMediaVideo",
    "error": "Error: java.lang.ClassNotFoundException: Didn't find class \"com.tradplus.ads.open.mediavideo.TPMediaVideo\" on path: DexPathList[[zip file \"/data/app/~~UggiF4tMgUXISaGR3sI3OQ==/ai.art.generator.paint.draw.photo-x5DhWyVln17kUzbl0DtQpw==/base.apk\"],nativeLibraryDirectories=[/data/app/~~UggiF4tMgUXISaGR3sI3OQ==/ai.art.generator.paint.draw.photo-x5DhWyVln17kUzbl0DtQpw==/lib/arm64, /data/app/~~UggiF4tMgUXISaGR3sI3OQ==/ai.art.generator.paint.draw.photo-x5DhWyVln17kUzbl0DtQpw==/base.apk!/lib/arm64-v8a, /system/lib64, /system_ext/lib64]]"
},
{
    "type": "error",
    "extra": "hook all methods error",
    "package_name": "ai.art.generator.paint.draw.photo",
    "class_name": "com.leanplum.Leanplum",
    "error": "Error: java.lang.ClassNotFoundException: Didn't find class \"com.leanplum.Leanplum\" on path: DexPathList[[zip file \"/data/app/~~UggiF4tMgUXISaGR3sI3OQ==/ai.art.generator.paint.draw.photo-x5DhWyVln17kUzbl0DtQpw==/base.apk\"],nativeLibraryDirectories=[/data/app/~~UggiF4tMgUXISaGR3sI3OQ==/ai.art.generator.paint.draw.photo-x5DhWyVln17kUzbl0DtQpw==/lib/arm64, /data/app/~~UggiF4tMgUXISaGR3sI3OQ==/ai.art.generator.paint.draw.photo-x5DhWyVln17kUzbl0DtQpw==/base.apk!/lib/arm64-v8a, /system/lib64, /system_ext/lib64]]"
},
{
    "type": "error",
    "extra": "hook all methods error",
    "package_name": "ai.art.generator.paint.draw.photo",
    "class_name": "com.braze.BrazeUser",
    "error": "Error: java.lang.ClassNotFoundException: Didn't find class \"com.braze.BrazeUser\" on path: DexPathList[[zip file \"/data/app/~~UggiF4tMgUXISaGR3sI3OQ==/ai.art.generator.paint.draw.photo-x5DhWyVln17kUzbl0DtQpw==/base.apk\"],nativeLibraryDirectories=[/data/app/~~UggiF4tMgUXISaGR3sI3OQ==/ai.art.generator.paint.draw.photo-x5DhWyVln17kUzbl0DtQpw==/lib/arm64, /data/app/~~UggiF4tMgUXISaGR3sI3OQ==/ai.art.generator.paint.draw.photo-x5DhWyVln17kUzbl0DtQpw==/base.apk!/lib/arm64-v8a, /system/lib64, /system_ext/lib64]]"
},
{
    "type": "error",
    "extra": "hook all methods error",
    "package_name": "ai.art.generator.paint.draw.photo",
    "class_name": "com.ogury.unity.Ogury",
    "error": "Error: java.lang.ClassNotFoundException: Didn't find class \"com.ogury.unity.Ogury\" on path: DexPathList[[zip file \"/data/app/~~UggiF4tMgUXISaGR3sI3OQ==/ai.art.generator.paint.draw.photo-x5DhWyVln17kUzbl0DtQpw==/base.apk\"],nativeLibraryDirectories=[/data/app/~~UggiF4tMgUXISaGR3sI3OQ==/ai.art.generator.paint.draw.photo-x5DhWyVln17kUzbl0DtQpw==/lib/arm64, /data/app/~~UggiF4tMgUXISaGR3sI3OQ==/ai.art.generator.paint.draw.photo-x5DhWyVln17kUzbl0DtQpw==/base.apk!/lib/arm64-v8a, /system/lib64, /system_ext/lib64]]"
},
{
    "type": "error",
    "extra": "hook all methods error",
    "package_name": "ai.art.generator.paint.draw.photo",
    "class_name": "com.vungle.ads.RewardedAd",
    "error": "Error: java.lang.ClassNotFoundException: Didn't find class \"com.vungle.ads.RewardedAd\" on path: DexPathList[[zip file \"/data/app/~~UggiF4tMgUXISaGR3sI3OQ==/ai.art.generator.paint.draw.photo-x5DhWyVln17kUzbl0DtQpw==/base.apk\"],nativeLibraryDirectories=[/data/app/~~UggiF4tMgUXISaGR3sI3OQ==/ai.art.generator.paint.draw.photo-x5DhWyVln17kUzbl0DtQpw==/lib/arm64, /data/app/~~UggiF4tMgUXISaGR3sI3OQ==/ai.art.generator.paint.draw.photo-x5DhWyVln17kUzbl0DtQpw==/base.apk!/lib/arm64-v8a, /system/lib64, /system_ext/lib64]]"
},
{
    "type": "error",
    "extra": "hook all methods error",
    "package_name": "ai.art.generator.paint.draw.photo",
    "class_name": "com.aerserv.sdk.AerServSdk",
    "error": "Error: java.lang.ClassNotFoundException: Didn't find class \"com.aerserv.sdk.AerServSdk\" on path: DexPathList[[zip file \"/data/app/~~UggiF4tMgUXISaGR3sI3OQ==/ai.art.generator.paint.draw.photo-x5DhWyVln17kUzbl0DtQpw==/base.apk\"],nativeLibraryDirectories=[/data/app/~~UggiF4tMgUXISaGR3sI3OQ==/ai.art.generator.paint.draw.photo-x5DhWyVln17kUzbl0DtQpw==/lib/arm64, /data/app/~~UggiF4tMgUXISaGR3sI3OQ==/ai.art.generator.paint.draw.photo-x5DhWyVln17kUzbl0DtQpw==/base.apk!/lib/arm64-v8a, /system/lib64, /system_ext/lib64]]"
},
{
    "type": "error",
    "extra": "hook all methods error",
    "package_name": "ai.art.generator.paint.draw.photo",
    "class_name": "com.smartadserver.android.library.model.SASAdPlacement",
    "error": "Error: java.lang.ClassNotFoundException: Didn't find class \"com.smartadserver.android.library.model.SASAdPlacement\" on path: DexPathList[[zip file \"/data/app/~~UggiF4tMgUXISaGR3sI3OQ==/ai.art.generator.paint.draw.photo-x5DhWyVln17kUzbl0DtQpw==/base.apk\"],nativeLibraryDirectories=[/data/app/~~UggiF4tMgUXISaGR3sI3OQ==/ai.art.generator.paint.draw.photo-x5DhWyVln17kUzbl0DtQpw==/lib/arm64, /data/app/~~UggiF4tMgUXISaGR3sI3OQ==/ai.art.generator.paint.draw.photo-x5DhWyVln17kUzbl0DtQpw==/base.apk!/lib/arm64-v8a, /system/lib64, /system_ext/lib64]]"
},
{
    "type": "error",
    "extra": "hook all methods error",
    "package_name": "ai.art.generator.paint.draw.photo",
    "class_name": "com.appsflyer.AppsFlyerConsent",
    "error": "Error: java.lang.ClassNotFoundException: Didn't find class \"com.appsflyer.AppsFlyerConsent\" on path: DexPathList[[zip file \"/data/app/~~UggiF4tMgUXISaGR3sI3OQ==/ai.art.generator.paint.draw.photo-x5DhWyVln17kUzbl0DtQpw==/base.apk\"],nativeLibraryDirectories=[/data/app/~~UggiF4tMgUXISaGR3sI3OQ==/ai.art.generator.paint.draw.photo-x5DhWyVln17kUzbl0DtQpw==/lib/arm64, /data/app/~~UggiF4tMgUXISaGR3sI3OQ==/ai.art.generator.paint.draw.photo-x5DhWyVln17kUzbl0DtQpw==/base.apk!/lib/arm64-v8a, /system/lib64, /system_ext/lib64]]"
},
{
    "type": "error",
    "extra": "hook all methods error",
    "package_name": "ai.art.generator.paint.draw.photo",
    "class_name": "com.fyber.fairbid.user.UserInfo",
    "error": "Error: java.lang.ClassNotFoundException: Didn't find class \"com.fyber.fairbid.user.UserInfo\" on path: DexPathList[[zip file \"/data/app/~~UggiF4tMgUXISaGR3sI3OQ==/ai.art.generator.paint.draw.photo-x5DhWyVln17kUzbl0DtQpw==/base.apk\"],nativeLibraryDirectories=[/data/app/~~UggiF4tMgUXISaGR3sI3OQ==/ai.art.generator.paint.draw.photo-x5DhWyVln17kUzbl0DtQpw==/lib/arm64, /data/app/~~UggiF4tMgUXISaGR3sI3OQ==/ai.art.generator.paint.draw.photo-x5DhWyVln17kUzbl0DtQpw==/base.apk!/lib/arm64-v8a, /system/lib64, /system_ext/lib64]]"
},
{
    "type": "error",
    "extra": "hook all methods error",
    "package_name": "ai.art.generator.paint.draw.photo",
    "class_name": "com.mobilefuse.sdk.MobileFuse",
    "error": "Error: java.lang.ClassNotFoundException: Didn't find class \"com.mobilefuse.sdk.MobileFuse\" on path: DexPathList[[zip file \"/data/app/~~UggiF4tMgUXISaGR3sI3OQ==/ai.art.generator.paint.draw.photo-x5DhWyVln17kUzbl0DtQpw==/base.apk\"],nativeLibraryDirectories=[/data/app/~~UggiF4tMgUXISaGR3sI3OQ==/ai.art.generator.paint.draw.photo-x5DhWyVln17kUzbl0DtQpw==/lib/arm64, /data/app/~~UggiF4tMgUXISaGR3sI3OQ==/ai.art.generator.paint.draw.photo-x5DhWyVln17kUzbl0DtQpw==/base.apk!/lib/arm64-v8a, /system/lib64, /system_ext/lib64]]"
},
{
    "type": "error",
    "extra": "hook all methods error",
    "package_name": "ai.art.generator.paint.draw.photo",
    "class_name": "com.tradplus.ads.open.interstitial.TPInterstitial",
    "error": "Error: java.lang.ClassNotFoundException: Didn't find class \"com.tradplus.ads.open.interstitial.TPInterstitial\" on path: DexPathList[[zip file \"/data/app/~~UggiF4tMgUXISaGR3sI3OQ==/ai.art.generator.paint.draw.photo-x5DhWyVln17kUzbl0DtQpw==/base.apk\"],nativeLibraryDirectories=[/data/app/~~UggiF4tMgUXISaGR3sI3OQ==/ai.art.generator.paint.draw.photo-x5DhWyVln17kUzbl0DtQpw==/lib/arm64, /data/app/~~UggiF4tMgUXISaGR3sI3OQ==/ai.art.generator.paint.draw.photo-x5DhWyVln17kUzbl0DtQpw==/base.apk!/lib/arm64-v8a, /system/lib64, /system_ext/lib64]]"
},
{
    "type": "error",
    "extra": "hook all methods error",
    "package_name": "ai.art.generator.paint.draw.photo",
    "class_name": "admost.sdk.AdMostView",
    "error": "Error: java.lang.ClassNotFoundException: Didn't find class \"admost.sdk.AdMostView\" on path: DexPathList[[zip file \"/data/app/~~UggiF4tMgUXISaGR3sI3OQ==/ai.art.generator.paint.draw.photo-x5DhWyVln17kUzbl0DtQpw==/base.apk\"],nativeLibraryDirectories=[/data/app/~~UggiF4tMgUXISaGR3sI3OQ==/ai.art.generator.paint.draw.photo-x5DhWyVln17kUzbl0DtQpw==/lib/arm64, /data/app/~~UggiF4tMgUXISaGR3sI3OQ==/ai.art.generator.paint.draw.photo-x5DhWyVln17kUzbl0DtQpw==/base.apk!/lib/arm64-v8a, /system/lib64, /system_ext/lib64]]"
},
{
    "type": "error",
    "extra": "hook all methods error",
    "package_name": "ai.art.generator.paint.draw.photo",
    "class_name": "com.facebook.FacebookSdk",
    "error": "Error: java.lang.ClassNotFoundException: Didn't find class \"com.facebook.FacebookSdk\" on path: DexPathList[[zip file \"/data/app/~~UggiF4tMgUXISaGR3sI3OQ==/ai.art.generator.paint.draw.photo-x5DhWyVln17kUzbl0DtQpw==/base.apk\"],nativeLibraryDirectories=[/data/app/~~UggiF4tMgUXISaGR3sI3OQ==/ai.art.generator.paint.draw.photo-x5DhWyVln17kUzbl0DtQpw==/lib/arm64, /data/app/~~UggiF4tMgUXISaGR3sI3OQ==/ai.art.generator.paint.draw.photo-x5DhWyVln17kUzbl0DtQpw==/base.apk!/lib/arm64-v8a, /system/lib64, /system_ext/lib64]]"
},
{
    "type": "error",
    "extra": "hook all methods error",
    "package_name": "ai.art.generator.paint.draw.photo",
    "class_name": "com.clevertap.android.sdk.CleverTapInstanceConfig",
    "error": "Error: java.lang.ClassNotFoundException: Didn't find class \"com.clevertap.android.sdk.CleverTapInstanceConfig\" on path: DexPathList[[zip file \"/data/app/~~UggiF4tMgUXISaGR3sI3OQ==/ai.art.generator.paint.draw.photo-x5DhWyVln17kUzbl0DtQpw==/base.apk\"],nativeLibraryDirectories=[/data/app/~~UggiF4tMgUXISaGR3sI3OQ==/ai.art.generator.paint.draw.photo-x5DhWyVln17kUzbl0DtQpw==/lib/arm64, /data/app/~~UggiF4tMgUXISaGR3sI3OQ==/ai.art.generator.paint.draw.photo-x5DhWyVln17kUzbl0DtQpw==/base.apk!/lib/arm64-v8a, /system/lib64, /system_ext/lib64]]"
},
{
    "type": "error",
    "extra": "hook all methods error",
    "package_name": "ai.art.generator.paint.draw.photo",
    "class_name": "sg.bigo.ads.BigoAdSdk",
    "error": "Error: java.lang.ClassNotFoundException: Didn't find class \"sg.bigo.ads.BigoAdSdk\" on path: DexPathList[[zip file \"/data/app/~~UggiF4tMgUXISaGR3sI3OQ==/ai.art.generator.paint.draw.photo-x5DhWyVln17kUzbl0DtQpw==/base.apk\"],nativeLibraryDirectories=[/data/app/~~UggiF4tMgUXISaGR3sI3OQ==/ai.art.generator.paint.draw.photo-x5DhWyVln17kUzbl0DtQpw==/lib/arm64, /data/app/~~UggiF4tMgUXISaGR3sI3OQ==/ai.art.generator.paint.draw.photo-x5DhWyVln17kUzbl0DtQpw==/base.apk!/lib/arm64-v8a, /system/lib64, /system_ext/lib64]]"
},
{
    "type": "error",
    "extra": "hook all methods error",
    "package_name": "ai.art.generator.paint.draw.photo",
    "class_name": "com.appbrain.AppBrain",
    "error": "Error: java.lang.ClassNotFoundException: Didn't find class \"com.appbrain.AppBrain\" on path: DexPathList[[zip file \"/data/app/~~UggiF4tMgUXISaGR3sI3OQ==/ai.art.generator.paint.draw.photo-x5DhWyVln17kUzbl0DtQpw==/base.apk\"],nativeLibraryDirectories=[/data/app/~~UggiF4tMgUXISaGR3sI3OQ==/ai.art.generator.paint.draw.photo-x5DhWyVln17kUzbl0DtQpw==/lib/arm64, /data/app/~~UggiF4tMgUXISaGR3sI3OQ==/ai.art.generator.paint.draw.photo-x5DhWyVln17kUzbl0DtQpw==/base.apk!/lib/arm64-v8a, /system/lib64, /system_ext/lib64]]"
},
{
    "type": "error",
    "extra": "hook all methods error",
    "package_name": "ai.art.generator.paint.draw.photo",
    "class_name": "sg.bigo.ads.api.RewardVideoAdLoader",
    "error": "Error: java.lang.ClassNotFoundException: Didn't find class \"sg.bigo.ads.api.RewardVideoAdLoader\" on path: DexPathList[[zip file \"/data/app/~~UggiF4tMgUXISaGR3sI3OQ==/ai.art.generator.paint.draw.photo-x5DhWyVln17kUzbl0DtQpw==/base.apk\"],nativeLibraryDirectories=[/data/app/~~UggiF4tMgUXISaGR3sI3OQ==/ai.art.generator.paint.draw.photo-x5DhWyVln17kUzbl0DtQpw==/lib/arm64, /data/app/~~UggiF4tMgUXISaGR3sI3OQ==/ai.art.generator.paint.draw.photo-x5DhWyVln17kUzbl0DtQpw==/base.apk!/lib/arm64-v8a, /system/lib64, /system_ext/lib64]]"
},
{
    "type": "error",
    "extra": "hook all methods error",
    "package_name": "ai.art.generator.paint.draw.photo",
    "class_name": "sg.bigo.ads.api.SplashAdLoader",
    "error": "Error: java.lang.ClassNotFoundException: Didn't find class \"sg.bigo.ads.api.SplashAdLoader\" on path: DexPathList[[zip file \"/data/app/~~UggiF4tMgUXISaGR3sI3OQ==/ai.art.generator.paint.draw.photo-x5DhWyVln17kUzbl0DtQpw==/base.apk\"],nativeLibraryDirectories=[/data/app/~~UggiF4tMgUXISaGR3sI3OQ==/ai.art.generator.paint.draw.photo-x5DhWyVln17kUzbl0DtQpw==/lib/arm64, /data/app/~~UggiF4tMgUXISaGR3sI3OQ==/ai.art.generator.paint.draw.photo-x5DhWyVln17kUzbl0DtQpw==/base.apk!/lib/arm64-v8a, /system/lib64, /system_ext/lib64]]"
},
{
    "type": "error",
    "extra": "hook all methods error",
    "package_name": "ai.art.generator.paint.draw.photo",
    "class_name": "com.yandex.mobile.ads.common.MobileAds",
    "error": "Error: java.lang.ClassNotFoundException: Didn't find class \"com.yandex.mobile.ads.common.MobileAds\" on path: DexPathList[[zip file \"/data/app/~~UggiF4tMgUXISaGR3sI3OQ==/ai.art.generator.paint.draw.photo-x5DhWyVln17kUzbl0DtQpw==/base.apk\"],nativeLibraryDirectories=[/data/app/~~UggiF4tMgUXISaGR3sI3OQ==/ai.art.generator.paint.draw.photo-x5DhWyVln17kUzbl0DtQpw==/lib/arm64, /data/app/~~UggiF4tMgUXISaGR3sI3OQ==/ai.art.generator.paint.draw.photo-x5DhWyVln17kUzbl0DtQpw==/base.apk!/lib/arm64-v8a, /system/lib64, /system_ext/lib64]]"
},
{
    "type": "error",
    "extra": "hook all methods error",
    "package_name": "ai.art.generator.paint.draw.photo",
    "class_name": "com.fyber.fairbid.ads.Banner",
    "error": "Error: java.lang.ClassNotFoundException: Didn't find class \"com.fyber.fairbid.ads.Banner\" on path: DexPathList[[zip file \"/data/app/~~UggiF4tMgUXISaGR3sI3OQ==/ai.art.generator.paint.draw.photo-x5DhWyVln17kUzbl0DtQpw==/base.apk\"],nativeLibraryDirectories=[/data/app/~~UggiF4tMgUXISaGR3sI3OQ==/ai.art.generator.paint.draw.photo-x5DhWyVln17kUzbl0DtQpw==/lib/arm64, /data/app/~~UggiF4tMgUXISaGR3sI3OQ==/ai.art.generator.paint.draw.photo-x5DhWyVln17kUzbl0DtQpw==/base.apk!/lib/arm64-v8a, /system/lib64, /system_ext/lib64]]"
},
{
    "type": "error",
    "extra": "hook all methods error",
    "package_name": "ai.art.generator.paint.draw.photo",
    "class_name": "com.flurry.android.FlurryAdSettings",
    "error": "Error: java.lang.ClassNotFoundException: Didn't find class \"com.flurry.android.FlurryAdSettings\" on path: DexPathList[[zip file \"/data/app/~~UggiF4tMgUXISaGR3sI3OQ==/ai.art.generator.paint.draw.photo-x5DhWyVln17kUzbl0DtQpw==/base.apk\"],nativeLibraryDirectories=[/data/app/~~UggiF4tMgUXISaGR3sI3OQ==/ai.art.generator.paint.draw.photo-x5DhWyVln17kUzbl0DtQpw==/lib/arm64, /data/app/~~UggiF4tMgUXISaGR3sI3OQ==/ai.art.generator.paint.draw.photo-x5DhWyVln17kUzbl0DtQpw==/base.apk!/lib/arm64-v8a, /system/lib64, /system_ext/lib64]]"
},
{
    "type": "error",
    "extra": "hook all methods error",
    "package_name": "ai.art.generator.paint.draw.photo",
    "class_name": "com.batch.android.BatchDataCollectionConfig",
    "error": "Error: java.lang.ClassNotFoundException: Didn't find class \"com.batch.android.BatchDataCollectionConfig\" on path: DexPathList[[zip file \"/data/app/~~UggiF4tMgUXISaGR3sI3OQ==/ai.art.generator.paint.draw.photo-x5DhWyVln17kUzbl0DtQpw==/base.apk\"],nativeLibraryDirectories=[/data/app/~~UggiF4tMgUXISaGR3sI3OQ==/ai.art.generator.paint.draw.photo-x5DhWyVln17kUzbl0DtQpw==/lib/arm64, /data/app/~~UggiF4tMgUXISaGR3sI3OQ==/ai.art.generator.paint.draw.photo-x5DhWyVln17kUzbl0DtQpw==/base.apk!/lib/arm64-v8a, /system/lib64, /system_ext/lib64]]"
},
{
    "type": "error",
    "extra": "hook all methods error",
    "package_name": "ai.art.generator.paint.draw.photo",
    "class_name": "com.appnext.ads.interstitial.Interstitial",
    "error": "Error: java.lang.ClassNotFoundException: Didn't find class \"com.appnext.ads.interstitial.Interstitial\" on path: DexPathList[[zip file \"/data/app/~~UggiF4tMgUXISaGR3sI3OQ==/ai.art.generator.paint.draw.photo-x5DhWyVln17kUzbl0DtQpw==/base.apk\"],nativeLibraryDirectories=[/data/app/~~UggiF4tMgUXISaGR3sI3OQ==/ai.art.generator.paint.draw.photo-x5DhWyVln17kUzbl0DtQpw==/lib/arm64, /data/app/~~UggiF4tMgUXISaGR3sI3OQ==/ai.art.generator.paint.draw.photo-x5DhWyVln17kUzbl0DtQpw==/base.apk!/lib/arm64-v8a, /system/lib64, /system_ext/lib64]]"
},
{
    "type": "error",
    "extra": "hook all methods error",
    "package_name": "ai.art.generator.paint.draw.photo",
    "class_name": "com.amplitude.api.DeviceInfo",
    "error": "Error: java.lang.ClassNotFoundException: Didn't find class \"com.amplitude.api.DeviceInfo\" on path: DexPathList[[zip file \"/data/app/~~UggiF4tMgUXISaGR3sI3OQ==/ai.art.generator.paint.draw.photo-x5DhWyVln17kUzbl0DtQpw==/base.apk\"],nativeLibraryDirectories=[/data/app/~~UggiF4tMgUXISaGR3sI3OQ==/ai.art.generator.paint.draw.photo-x5DhWyVln17kUzbl0DtQpw==/lib/arm64, /data/app/~~UggiF4tMgUXISaGR3sI3OQ==/ai.art.generator.paint.draw.photo-x5DhWyVln17kUzbl0DtQpw==/base.apk!/lib/arm64-v8a, /system/lib64, /system_ext/lib64]]"
},
{
    "type": "error",
    "extra": "hook all methods error",
    "package_name": "ai.art.generator.paint.draw.photo",
    "class_name": "com.vpon.ads.VponAdRequest$Builder",
    "error": "Error: java.lang.ClassNotFoundException: Didn't find class \"com.vpon.ads.VponAdRequest$Builder\" on path: DexPathList[[zip file \"/data/app/~~UggiF4tMgUXISaGR3sI3OQ==/ai.art.generator.paint.draw.photo-x5DhWyVln17kUzbl0DtQpw==/base.apk\"],nativeLibraryDirectories=[/data/app/~~UggiF4tMgUXISaGR3sI3OQ==/ai.art.generator.paint.draw.photo-x5DhWyVln17kUzbl0DtQpw==/lib/arm64, /data/app/~~UggiF4tMgUXISaGR3sI3OQ==/ai.art.generator.paint.draw.photo-x5DhWyVln17kUzbl0DtQpw==/base.apk!/lib/arm64-v8a, /system/lib64, /system_ext/lib64]]"
},
{
    "type": "error",
    "extra": "hook all methods error",
    "package_name": "ai.art.generator.paint.draw.photo",
    "class_name": "com.batch.android.Batch",
    "error": "Error: java.lang.ClassNotFoundException: Didn't find class \"com.batch.android.Batch\" on path: DexPathList[[zip file \"/data/app/~~UggiF4tMgUXISaGR3sI3OQ==/ai.art.generator.paint.draw.photo-x5DhWyVln17kUzbl0DtQpw==/base.apk\"],nativeLibraryDirectories=[/data/app/~~UggiF4tMgUXISaGR3sI3OQ==/ai.art.generator.paint.draw.photo-x5DhWyVln17kUzbl0DtQpw==/lib/arm64, /data/app/~~UggiF4tMgUXISaGR3sI3OQ==/ai.art.generator.paint.draw.photo-x5DhWyVln17kUzbl0DtQpw==/base.apk!/lib/arm64-v8a, /system/lib64, /system_ext/lib64]]"
},
{
    "type": "error",
    "extra": "hook all methods error",
    "package_name": "ai.art.generator.paint.draw.photo",
    "class_name": "com.vpon.ads.VponMobileAds",
    "error": "Error: java.lang.ClassNotFoundException: Didn't find class \"com.vpon.ads.VponMobileAds\" on path: DexPathList[[zip file \"/data/app/~~UggiF4tMgUXISaGR3sI3OQ==/ai.art.generator.paint.draw.photo-x5DhWyVln17kUzbl0DtQpw==/base.apk\"],nativeLibraryDirectories=[/data/app/~~UggiF4tMgUXISaGR3sI3OQ==/ai.art.generator.paint.draw.photo-x5DhWyVln17kUzbl0DtQpw==/lib/arm64, /data/app/~~UggiF4tMgUXISaGR3sI3OQ==/ai.art.generator.paint.draw.photo-x5DhWyVln17kUzbl0DtQpw==/base.apk!/lib/arm64-v8a, /system/lib64, /system_ext/lib64]]"
},
{
    "type": "error",
    "extra": "hook all methods error",
    "package_name": "ai.art.generator.paint.draw.photo",
    "class_name": "com.vungle.ads.VunglePrivacySettings",
    "error": "Error: java.lang.ClassNotFoundException: Didn't find class \"com.vungle.ads.VunglePrivacySettings\" on path: DexPathList[[zip file \"/data/app/~~UggiF4tMgUXISaGR3sI3OQ==/ai.art.generator.paint.draw.photo-x5DhWyVln17kUzbl0DtQpw==/base.apk\"],nativeLibraryDirectories=[/data/app/~~UggiF4tMgUXISaGR3sI3OQ==/ai.art.generator.paint.draw.photo-x5DhWyVln17kUzbl0DtQpw==/lib/arm64, /data/app/~~UggiF4tMgUXISaGR3sI3OQ==/ai.art.generator.paint.draw.photo-x5DhWyVln17kUzbl0DtQpw==/base.apk!/lib/arm64-v8a, /system/lib64, /system_ext/lib64]]"
},
{
    "type": "error",
    "extra": "hook all methods error",
    "package_name": "ai.art.generator.paint.draw.photo",
    "class_name": "com.taboola.android.TaboolaWidget",
    "error": "Error: java.lang.ClassNotFoundException: Didn't find class \"com.taboola.android.TaboolaWidget\" on path: DexPathList[[zip file \"/data/app/~~UggiF4tMgUXISaGR3sI3OQ==/ai.art.generator.paint.draw.photo-x5DhWyVln17kUzbl0DtQpw==/base.apk\"],nativeLibraryDirectories=[/data/app/~~UggiF4tMgUXISaGR3sI3OQ==/ai.art.generator.paint.draw.photo-x5DhWyVln17kUzbl0DtQpw==/lib/arm64, /data/app/~~UggiF4tMgUXISaGR3sI3OQ==/ai.art.generator.paint.draw.photo-x5DhWyVln17kUzbl0DtQpw==/base.apk!/lib/arm64-v8a, /system/lib64, /system_ext/lib64]]"
},
{
    "type": "error",
    "extra": "hook all methods error",
    "package_name": "ai.art.generator.paint.draw.photo",
    "class_name": "com.smaato.soma.VideoBannerView",
    "error": "Error: java.lang.ClassNotFoundException: Didn't find class \"com.smaato.soma.VideoBannerView\" on path: DexPathList[[zip file \"/data/app/~~UggiF4tMgUXISaGR3sI3OQ==/ai.art.generator.paint.draw.photo-x5DhWyVln17kUzbl0DtQpw==/base.apk\"],nativeLibraryDirectories=[/data/app/~~UggiF4tMgUXISaGR3sI3OQ==/ai.art.generator.paint.draw.photo-x5DhWyVln17kUzbl0DtQpw==/lib/arm64, /data/app/~~UggiF4tMgUXISaGR3sI3OQ==/ai.art.generator.paint.draw.photo-x5DhWyVln17kUzbl0DtQpw==/base.apk!/lib/arm64-v8a, /system/lib64, /system_ext/lib64]]"
},
{
    "type": "error",
    "extra": "hook all methods error",
    "package_name": "ai.art.generator.paint.draw.photo",
    "class_name": "com.adxcorp.ads.ADXSdk",
    "error": "Error: java.lang.ClassNotFoundException: Didn't find class \"com.adxcorp.ads.ADXSdk\" on path: DexPathList[[zip file \"/data/app/~~UggiF4tMgUXISaGR3sI3OQ==/ai.art.generator.paint.draw.photo-x5DhWyVln17kUzbl0DtQpw==/base.apk\"],nativeLibraryDirectories=[/data/app/~~UggiF4tMgUXISaGR3sI3OQ==/ai.art.generator.paint.draw.photo-x5DhWyVln17kUzbl0DtQpw==/lib/arm64, /data/app/~~UggiF4tMgUXISaGR3sI3OQ==/ai.art.generator.paint.draw.photo-x5DhWyVln17kUzbl0DtQpw==/base.apk!/lib/arm64-v8a, /system/lib64, /system_ext/lib64]]"
},
{
    "type": "error",
    "extra": "hook all methods error",
    "package_name": "ai.art.generator.paint.draw.photo",
    "class_name": "com.taboola.android.Taboola",
    "error": "Error: java.lang.ClassNotFoundException: Didn't find class \"com.taboola.android.Taboola\" on path: DexPathList[[zip file \"/data/app/~~UggiF4tMgUXISaGR3sI3OQ==/ai.art.generator.paint.draw.photo-x5DhWyVln17kUzbl0DtQpw==/base.apk\"],nativeLibraryDirectories=[/data/app/~~UggiF4tMgUXISaGR3sI3OQ==/ai.art.generator.paint.draw.photo-x5DhWyVln17kUzbl0DtQpw==/lib/arm64, /data/app/~~UggiF4tMgUXISaGR3sI3OQ==/ai.art.generator.paint.draw.photo-x5DhWyVln17kUzbl0DtQpw==/base.apk!/lib/arm64-v8a, /system/lib64, /system_ext/lib64]]"
},
{
    "type": "error",
    "extra": "hook all methods error",
    "package_name": "ai.art.generator.paint.draw.photo",
    "class_name": "com.vungle.ads.InterstitialAd",
    "error": "Error: java.lang.ClassNotFoundException: Didn't find class \"com.vungle.ads.InterstitialAd\" on path: DexPathList[[zip file \"/data/app/~~UggiF4tMgUXISaGR3sI3OQ==/ai.art.generator.paint.draw.photo-x5DhWyVln17kUzbl0DtQpw==/base.apk\"],nativeLibraryDirectories=[/data/app/~~UggiF4tMgUXISaGR3sI3OQ==/ai.art.generator.paint.draw.photo-x5DhWyVln17kUzbl0DtQpw==/lib/arm64, /data/app/~~UggiF4tMgUXISaGR3sI3OQ==/ai.art.generator.paint.draw.photo-x5DhWyVln17kUzbl0DtQpw==/base.apk!/lib/arm64-v8a, /system/lib64, /system_ext/lib64]]"
},
{
    "type": "error",
    "extra": "hook all methods error",
    "package_name": "ai.art.generator.paint.draw.photo",
    "class_name": "com.vpon.ads.VponBanner",
    "error": "Error: java.lang.ClassNotFoundException: Didn't find class \"com.vpon.ads.VponBanner\" on path: DexPathList[[zip file \"/data/app/~~UggiF4tMgUXISaGR3sI3OQ==/ai.art.generator.paint.draw.photo-x5DhWyVln17kUzbl0DtQpw==/base.apk\"],nativeLibraryDirectories=[/data/app/~~UggiF4tMgUXISaGR3sI3OQ==/ai.art.generator.paint.draw.photo-x5DhWyVln17kUzbl0DtQpw==/lib/arm64, /data/app/~~UggiF4tMgUXISaGR3sI3OQ==/ai.art.generator.paint.draw.photo-x5DhWyVln17kUzbl0DtQpw==/base.apk!/lib/arm64-v8a, /system/lib64, /system_ext/lib64]]"
},
{
    "type": "error",
    "extra": "hook all methods error",
    "package_name": "ai.art.generator.paint.draw.photo",
    "class_name": "com.criteo.Criteo$Builder",
    "error": "Error: java.lang.ClassNotFoundException: Didn't find class \"com.criteo.Criteo$Builder\" on path: DexPathList[[zip file \"/data/app/~~UggiF4tMgUXISaGR3sI3OQ==/ai.art.generator.paint.draw.photo-x5DhWyVln17kUzbl0DtQpw==/base.apk\"],nativeLibraryDirectories=[/data/app/~~UggiF4tMgUXISaGR3sI3OQ==/ai.art.generator.paint.draw.photo-x5DhWyVln17kUzbl0DtQpw==/lib/arm64, /data/app/~~UggiF4tMgUXISaGR3sI3OQ==/ai.art.generator.paint.draw.photo-x5DhWyVln17kUzbl0DtQpw==/base.apk!/lib/arm64-v8a, /system/lib64, /system_ext/lib64]]"
},
{
    "type": "error",
    "extra": "hook all methods error",
    "package_name": "ai.art.generator.paint.draw.photo",
    "class_name": "sg.bigo.ads.api.NativeAdLoader",
    "error": "Error: java.lang.ClassNotFoundException: Didn't find class \"sg.bigo.ads.api.NativeAdLoader\" on path: DexPathList[[zip file \"/data/app/~~UggiF4tMgUXISaGR3sI3OQ==/ai.art.generator.paint.draw.photo-x5DhWyVln17kUzbl0DtQpw==/base.apk\"],nativeLibraryDirectories=[/data/app/~~UggiF4tMgUXISaGR3sI3OQ==/ai.art.generator.paint.draw.photo-x5DhWyVln17kUzbl0DtQpw==/lib/arm64, /data/app/~~UggiF4tMgUXISaGR3sI3OQ==/ai.art.generator.paint.draw.photo-x5DhWyVln17kUzbl0DtQpw==/base.apk!/lib/arm64-v8a, /system/lib64, /system_ext/lib64]]"
},
{
    "type": "error",
    "extra": "hook all methods error",
    "package_name": "ai.art.generator.paint.draw.photo",
    "class_name": "com.flurry.android.ads.FlurryAdBanner",
    "error": "Error: java.lang.ClassNotFoundException: Didn't find class \"com.flurry.android.ads.FlurryAdBanner\" on path: DexPathList[[zip file \"/data/app/~~UggiF4tMgUXISaGR3sI3OQ==/ai.art.generator.paint.draw.photo-x5DhWyVln17kUzbl0DtQpw==/base.apk\"],nativeLibraryDirectories=[/data/app/~~UggiF4tMgUXISaGR3sI3OQ==/ai.art.generator.paint.draw.photo-x5DhWyVln17kUzbl0DtQpw==/lib/arm64, /data/app/~~UggiF4tMgUXISaGR3sI3OQ==/ai.art.generator.paint.draw.photo-x5DhWyVln17kUzbl0DtQpw==/base.apk!/lib/arm64-v8a, /system/lib64, /system_ext/lib64]]"
},
{
    "type": "error",
    "extra": "hook all methods error",
    "package_name": "ai.art.generator.paint.draw.photo",
    "class_name": "com.prodege.builder.InitOptions$Builder",
    "error": "Error: java.lang.ClassNotFoundException: Didn't find class \"com.prodege.builder.InitOptions$Builder\" on path: DexPathList[[zip file \"/data/app/~~UggiF4tMgUXISaGR3sI3OQ==/ai.art.generator.paint.draw.photo-x5DhWyVln17kUzbl0DtQpw==/base.apk\"],nativeLibraryDirectories=[/data/app/~~UggiF4tMgUXISaGR3sI3OQ==/ai.art.generator.paint.draw.photo-x5DhWyVln17kUzbl0DtQpw==/lib/arm64, /data/app/~~UggiF4tMgUXISaGR3sI3OQ==/ai.art.generator.paint.draw.photo-x5DhWyVln17kUzbl0DtQpw==/base.apk!/lib/arm64-v8a, /system/lib64, /system_ext/lib64]]"
},
{
    "type": "error",
    "extra": "hook all methods error",
    "package_name": "ai.art.generator.paint.draw.photo",
    "class_name": "com.prodege.builder.InitOptions",
    "error": "Error: java.lang.ClassNotFoundException: Didn't find class \"com.prodege.builder.InitOptions\" on path: DexPathList[[zip file \"/data/app/~~UggiF4tMgUXISaGR3sI3OQ==/ai.art.generator.paint.draw.photo-x5DhWyVln17kUzbl0DtQpw==/base.apk\"],nativeLibraryDirectories=[/data/app/~~UggiF4tMgUXISaGR3sI3OQ==/ai.art.generator.paint.draw.photo-x5DhWyVln17kUzbl0DtQpw==/lib/arm64, /data/app/~~UggiF4tMgUXISaGR3sI3OQ==/ai.art.generator.paint.draw.photo-x5DhWyVln17kUzbl0DtQpw==/base.apk!/lib/arm64-v8a, /system/lib64, /system_ext/lib64]]"
},
{
    "type": "error",
    "extra": "hook all methods error",
    "package_name": "ai.art.generator.paint.draw.photo",
    "class_name": "com.appodeal.consent.ConsentForm",
    "error": "Error: java.lang.ClassNotFoundException: Didn't find class \"com.appodeal.consent.ConsentForm\" on path: DexPathList[[zip file \"/data/app/~~UggiF4tMgUXISaGR3sI3OQ==/ai.art.generator.paint.draw.photo-x5DhWyVln17kUzbl0DtQpw==/base.apk\"],nativeLibraryDirectories=[/data/app/~~UggiF4tMgUXISaGR3sI3OQ==/ai.art.generator.paint.draw.photo-x5DhWyVln17kUzbl0DtQpw==/lib/arm64, /data/app/~~UggiF4tMgUXISaGR3sI3OQ==/ai.art.generator.paint.draw.photo-x5DhWyVln17kUzbl0DtQpw==/base.apk!/lib/arm64-v8a, /system/lib64, /system_ext/lib64]]"
},
{
    "type": "error",
    "extra": "hook all methods error",
    "package_name": "ai.art.generator.paint.draw.photo",
    "class_name": "com.my.target.ads.InterstitialAd",
    "error": "Error: java.lang.ClassNotFoundException: Didn't find class \"com.my.target.ads.InterstitialAd\" on path: DexPathList[[zip file \"/data/app/~~UggiF4tMgUXISaGR3sI3OQ==/ai.art.generator.paint.draw.photo-x5DhWyVln17kUzbl0DtQpw==/base.apk\"],nativeLibraryDirectories=[/data/app/~~UggiF4tMgUXISaGR3sI3OQ==/ai.art.generator.paint.draw.photo-x5DhWyVln17kUzbl0DtQpw==/lib/arm64, /data/app/~~UggiF4tMgUXISaGR3sI3OQ==/ai.art.generator.paint.draw.photo-x5DhWyVln17kUzbl0DtQpw==/base.apk!/lib/arm64-v8a, /system/lib64, /system_ext/lib64]]"
},
{
    "type": "error",
    "extra": "hook all methods error",
    "package_name": "ai.art.generator.paint.draw.photo",
    "class_name": "com.microsoft.appcenter.AppCenter",
    "error": "Error: java.lang.ClassNotFoundException: Didn't find class \"com.microsoft.appcenter.AppCenter\" on path: DexPathList[[zip file \"/data/app/~~UggiF4tMgUXISaGR3sI3OQ==/ai.art.generator.paint.draw.photo-x5DhWyVln17kUzbl0DtQpw==/base.apk\"],nativeLibraryDirectories=[/data/app/~~UggiF4tMgUXISaGR3sI3OQ==/ai.art.generator.paint.draw.photo-x5DhWyVln17kUzbl0DtQpw==/lib/arm64, /data/app/~~UggiF4tMgUXISaGR3sI3OQ==/ai.art.generator.paint.draw.photo-x5DhWyVln17kUzbl0DtQpw==/base.apk!/lib/arm64-v8a, /system/lib64, /system_ext/lib64]]"
},
{
    "type": "error",
    "extra": "hook all methods error",
    "package_name": "ai.art.generator.paint.draw.photo",
    "class_name": "com.youappi.sdk.ads.YAInterstitialAd",
    "error": "Error: java.lang.ClassNotFoundException: Didn't find class \"com.youappi.sdk.ads.YAInterstitialAd\" on path: DexPathList[[zip file \"/data/app/~~UggiF4tMgUXISaGR3sI3OQ==/ai.art.generator.paint.draw.photo-x5DhWyVln17kUzbl0DtQpw==/base.apk\"],nativeLibraryDirectories=[/data/app/~~UggiF4tMgUXISaGR3sI3OQ==/ai.art.generator.paint.draw.photo-x5DhWyVln17kUzbl0DtQpw==/lib/arm64, /data/app/~~UggiF4tMgUXISaGR3sI3OQ==/ai.art.generator.paint.draw.photo-x5DhWyVln17kUzbl0DtQpw==/base.apk!/lib/arm64-v8a, /system/lib64, /system_ext/lib64]]"
},
{
    "type": "error",
    "extra": "hook all methods error",
    "package_name": "ai.art.generator.paint.draw.photo",
    "class_name": "com.fyber.fairbid.ads.Rewarded",
    "error": "Error: java.lang.ClassNotFoundException: Didn't find class \"com.fyber.fairbid.ads.Rewarded\" on path: DexPathList[[zip file \"/data/app/~~UggiF4tMgUXISaGR3sI3OQ==/ai.art.generator.paint.draw.photo-x5DhWyVln17kUzbl0DtQpw==/base.apk\"],nativeLibraryDirectories=[/data/app/~~UggiF4tMgUXISaGR3sI3OQ==/ai.art.generator.paint.draw.photo-x5DhWyVln17kUzbl0DtQpw==/lib/arm64, /data/app/~~UggiF4tMgUXISaGR3sI3OQ==/ai.art.generator.paint.draw.photo-x5DhWyVln17kUzbl0DtQpw==/base.apk!/lib/arm64-v8a, /system/lib64, /system_ext/lib64]]"
},
{
    "type": "error",
    "extra": "hook all methods error",
    "package_name": "ai.art.generator.paint.draw.photo",
    "class_name": "ly.count.android.sdk.Countly",
    "error": "Error: java.lang.ClassNotFoundException: Didn't find class \"ly.count.android.sdk.Countly\" on path: DexPathList[[zip file \"/data/app/~~UggiF4tMgUXISaGR3sI3OQ==/ai.art.generator.paint.draw.photo-x5DhWyVln17kUzbl0DtQpw==/base.apk\"],nativeLibraryDirectories=[/data/app/~~UggiF4tMgUXISaGR3sI3OQ==/ai.art.generator.paint.draw.photo-x5DhWyVln17kUzbl0DtQpw==/lib/arm64, /data/app/~~UggiF4tMgUXISaGR3sI3OQ==/ai.art.generator.paint.draw.photo-x5DhWyVln17kUzbl0DtQpw==/base.apk!/lib/arm64-v8a, /system/lib64, /system_ext/lib64]]"
},
{
    "type": "error",
    "extra": "hook all methods error",
    "package_name": "ai.art.generator.paint.draw.photo",
    "class_name": "com.my.target.nativeads.NativeAd",
    "error": "Error: java.lang.ClassNotFoundException: Didn't find class \"com.my.target.nativeads.NativeAd\" on path: DexPathList[[zip file \"/data/app/~~UggiF4tMgUXISaGR3sI3OQ==/ai.art.generator.paint.draw.photo-x5DhWyVln17kUzbl0DtQpw==/base.apk\"],nativeLibraryDirectories=[/data/app/~~UggiF4tMgUXISaGR3sI3OQ==/ai.art.generator.paint.draw.photo-x5DhWyVln17kUzbl0DtQpw==/lib/arm64, /data/app/~~UggiF4tMgUXISaGR3sI3OQ==/ai.art.generator.paint.draw.photo-x5DhWyVln17kUzbl0DtQpw==/base.apk!/lib/arm64-v8a, /system/lib64, /system_ext/lib64]]"
},
{
    "type": "error",
    "extra": "hook all methods error",
    "package_name": "ai.art.generator.paint.draw.photo",
    "class_name": "com.adsbynimbus.Nimbus",
    "error": "Error: java.lang.ClassNotFoundException: Didn't find class \"com.adsbynimbus.Nimbus\" on path: DexPathList[[zip file \"/data/app/~~UggiF4tMgUXISaGR3sI3OQ==/ai.art.generator.paint.draw.photo-x5DhWyVln17kUzbl0DtQpw==/base.apk\"],nativeLibraryDirectories=[/data/app/~~UggiF4tMgUXISaGR3sI3OQ==/ai.art.generator.paint.draw.photo-x5DhWyVln17kUzbl0DtQpw==/lib/arm64, /data/app/~~UggiF4tMgUXISaGR3sI3OQ==/ai.art.generator.paint.draw.photo-x5DhWyVln17kUzbl0DtQpw==/base.apk!/lib/arm64-v8a, /system/lib64, /system_ext/lib64]]"
},
{
    "type": "error",
    "extra": "hook all methods error",
    "package_name": "ai.art.generator.paint.draw.photo",
    "class_name": "com.chartboost.sdk.ads.Banner",
    "error": "Error: java.lang.ClassNotFoundException: Didn't find class \"com.chartboost.sdk.ads.Banner\" on path: DexPathList[[zip file \"/data/app/~~UggiF4tMgUXISaGR3sI3OQ==/ai.art.generator.paint.draw.photo-x5DhWyVln17kUzbl0DtQpw==/base.apk\"],nativeLibraryDirectories=[/data/app/~~UggiF4tMgUXISaGR3sI3OQ==/ai.art.generator.paint.draw.photo-x5DhWyVln17kUzbl0DtQpw==/lib/arm64, /data/app/~~UggiF4tMgUXISaGR3sI3OQ==/ai.art.generator.paint.draw.photo-x5DhWyVln17kUzbl0DtQpw==/base.apk!/lib/arm64-v8a, /system/lib64, /system_ext/lib64]]"
},
{
    "type": "error",
    "extra": "hook all methods error",
    "package_name": "ai.art.generator.paint.draw.photo",
    "class_name": "com.prodege.builder.UserProperties",
    "error": "Error: java.lang.ClassNotFoundException: Didn't find class \"com.prodege.builder.UserProperties\" on path: DexPathList[[zip file \"/data/app/~~UggiF4tMgUXISaGR3sI3OQ==/ai.art.generator.paint.draw.photo-x5DhWyVln17kUzbl0DtQpw==/base.apk\"],nativeLibraryDirectories=[/data/app/~~UggiF4tMgUXISaGR3sI3OQ==/ai.art.generator.paint.draw.photo-x5DhWyVln17kUzbl0DtQpw==/lib/arm64, /data/app/~~UggiF4tMgUXISaGR3sI3OQ==/ai.art.generator.paint.draw.photo-x5DhWyVln17kUzbl0DtQpw==/base.apk!/lib/arm64-v8a, /system/lib64, /system_ext/lib64]]"
},
{
    "type": "error",
    "extra": "hook all methods error",
    "package_name": "ai.art.generator.paint.draw.photo",
    "class_name": "com.appnext.nativeads.NativeAd",
    "error": "Error: java.lang.ClassNotFoundException: Didn't find class \"com.appnext.nativeads.NativeAd\" on path: DexPathList[[zip file \"/data/app/~~UggiF4tMgUXISaGR3sI3OQ==/ai.art.generator.paint.draw.photo-x5DhWyVln17kUzbl0DtQpw==/base.apk\"],nativeLibraryDirectories=[/data/app/~~UggiF4tMgUXISaGR3sI3OQ==/ai.art.generator.paint.draw.photo-x5DhWyVln17kUzbl0DtQpw==/lib/arm64, /data/app/~~UggiF4tMgUXISaGR3sI3OQ==/ai.art.generator.paint.draw.photo-x5DhWyVln17kUzbl0DtQpw==/base.apk!/lib/arm64-v8a, /system/lib64, /system_ext/lib64]]"
},
{
    "type": "error",
    "extra": "hook all methods error",
    "package_name": "ai.art.generator.paint.draw.photo",
    "class_name": "com.ogury.unity.optinvideo.OguryOptinVideoAd",
    "error": "Error: java.lang.ClassNotFoundException: Didn't find class \"com.ogury.unity.optinvideo.OguryOptinVideoAd\" on path: DexPathList[[zip file \"/data/app/~~UggiF4tMgUXISaGR3sI3OQ==/ai.art.generator.paint.draw.photo-x5DhWyVln17kUzbl0DtQpw==/base.apk\"],nativeLibraryDirectories=[/data/app/~~UggiF4tMgUXISaGR3sI3OQ==/ai.art.generator.paint.draw.photo-x5DhWyVln17kUzbl0DtQpw==/lib/arm64, /data/app/~~UggiF4tMgUXISaGR3sI3OQ==/ai.art.generator.paint.draw.photo-x5DhWyVln17kUzbl0DtQpw==/base.apk!/lib/arm64-v8a, /system/lib64, /system_ext/lib64]]"
},
{
    "type": "error",
    "extra": "hook all methods error",
    "package_name": "ai.art.generator.paint.draw.photo",
    "class_name": "com.appodeal.ads.Appodeal",
    "error": "Error: java.lang.ClassNotFoundException: Didn't find class \"com.appodeal.ads.Appodeal\" on path: DexPathList[[zip file \"/data/app/~~UggiF4tMgUXISaGR3sI3OQ==/ai.art.generator.paint.draw.photo-x5DhWyVln17kUzbl0DtQpw==/base.apk\"],nativeLibraryDirectories=[/data/app/~~UggiF4tMgUXISaGR3sI3OQ==/ai.art.generator.paint.draw.photo-x5DhWyVln17kUzbl0DtQpw==/lib/arm64, /data/app/~~UggiF4tMgUXISaGR3sI3OQ==/ai.art.generator.paint.draw.photo-x5DhWyVln17kUzbl0DtQpw==/base.apk!/lib/arm64-v8a, /system/lib64, /system_ext/lib64]]"
},
{
    "type": "error",
    "extra": "hook all methods error",
    "package_name": "ai.art.generator.paint.draw.photo",
    "class_name": "com.fyber.fairbid.ads.Interstitial",
    "error": "Error: java.lang.ClassNotFoundException: Didn't find class \"com.fyber.fairbid.ads.Interstitial\" on path: DexPathList[[zip file \"/data/app/~~UggiF4tMgUXISaGR3sI3OQ==/ai.art.generator.paint.draw.photo-x5DhWyVln17kUzbl0DtQpw==/base.apk\"],nativeLibraryDirectories=[/data/app/~~UggiF4tMgUXISaGR3sI3OQ==/ai.art.generator.paint.draw.photo-x5DhWyVln17kUzbl0DtQpw==/lib/arm64, /data/app/~~UggiF4tMgUXISaGR3sI3OQ==/ai.art.generator.paint.draw.photo-x5DhWyVln17kUzbl0DtQpw==/base.apk!/lib/arm64-v8a, /system/lib64, /system_ext/lib64]]"
},
{
    "type": "error",
    "extra": "hook all methods error",
    "package_name": "ai.art.generator.paint.draw.photo",
    "class_name": "com.ogury.unity.cm.OguryChoiceManager",
    "error": "Error: java.lang.ClassNotFoundException: Didn't find class \"com.ogury.unity.cm.OguryChoiceManager\" on path: DexPathList[[zip file \"/data/app/~~UggiF4tMgUXISaGR3sI3OQ==/ai.art.generator.paint.draw.photo-x5DhWyVln17kUzbl0DtQpw==/base.apk\"],nativeLibraryDirectories=[/data/app/~~UggiF4tMgUXISaGR3sI3OQ==/ai.art.generator.paint.draw.photo-x5DhWyVln17kUzbl0DtQpw==/lib/arm64, /data/app/~~UggiF4tMgUXISaGR3sI3OQ==/ai.art.generator.paint.draw.photo-x5DhWyVln17kUzbl0DtQpw==/base.apk!/lib/arm64-v8a, /system/lib64, /system_ext/lib64]]"
},
{
    "type": "error",
    "extra": "hook all methods error",
    "package_name": "ai.art.generator.paint.draw.photo",
    "class_name": "com.mixpanel.android.mpmetrics.MixpanelAPI",
    "error": "Error: java.lang.ClassNotFoundException: Didn't find class \"com.mixpanel.android.mpmetrics.MixpanelAPI\" on path: DexPathList[[zip file \"/data/app/~~UggiF4tMgUXISaGR3sI3OQ==/ai.art.generator.paint.draw.photo-x5DhWyVln17kUzbl0DtQpw==/base.apk\"],nativeLibraryDirectories=[/data/app/~~UggiF4tMgUXISaGR3sI3OQ==/ai.art.generator.paint.draw.photo-x5DhWyVln17kUzbl0DtQpw==/lib/arm64, /data/app/~~UggiF4tMgUXISaGR3sI3OQ==/ai.art.generator.paint.draw.photo-x5DhWyVln17kUzbl0DtQpw==/base.apk!/lib/arm64-v8a, /system/lib64, /system_ext/lib64]]"
},
{
    "type": "error",
    "extra": "hook all methods error",
    "package_name": "ai.art.generator.paint.draw.photo",
    "class_name": "com.youappi.sdk.ads.YAAdRequest",
    "error": "Error: java.lang.ClassNotFoundException: Didn't find class \"com.youappi.sdk.ads.YAAdRequest\" on path: DexPathList[[zip file \"/data/app/~~UggiF4tMgUXISaGR3sI3OQ==/ai.art.generator.paint.draw.photo-x5DhWyVln17kUzbl0DtQpw==/base.apk\"],nativeLibraryDirectories=[/data/app/~~UggiF4tMgUXISaGR3sI3OQ==/ai.art.generator.paint.draw.photo-x5DhWyVln17kUzbl0DtQpw==/lib/arm64, /data/app/~~UggiF4tMgUXISaGR3sI3OQ==/ai.art.generator.paint.draw.photo-x5DhWyVln17kUzbl0DtQpw==/base.apk!/lib/arm64-v8a, /system/lib64, /system_ext/lib64]]"
},
{
    "type": "error",
    "extra": "hook all methods error",
    "package_name": "ai.art.generator.paint.draw.photo",
    "class_name": "com.ogury.unity.thumbnailad.OguryThumbnailAd",
    "error": "Error: java.lang.ClassNotFoundException: Didn't find class \"com.ogury.unity.thumbnailad.OguryThumbnailAd\" on path: DexPathList[[zip file \"/data/app/~~UggiF4tMgUXISaGR3sI3OQ==/ai.art.generator.paint.draw.photo-x5DhWyVln17kUzbl0DtQpw==/base.apk\"],nativeLibraryDirectories=[/data/app/~~UggiF4tMgUXISaGR3sI3OQ==/ai.art.generator.paint.draw.photo-x5DhWyVln17kUzbl0DtQpw==/lib/arm64, /data/app/~~UggiF4tMgUXISaGR3sI3OQ==/ai.art.generator.paint.draw.photo-x5DhWyVln17kUzbl0DtQpw==/base.apk!/lib/arm64-v8a, /system/lib64, /system_ext/lib64]]"
},
{
    "type": "error",
    "extra": "hook all methods error",
    "package_name": "ai.art.generator.paint.draw.photo",
    "class_name": "com.tappx.sdk.android.Tappx",
    "error": "Error: java.lang.ClassNotFoundException: Didn't find class \"com.tappx.sdk.android.Tappx\" on path: DexPathList[[zip file \"/data/app/~~UggiF4tMgUXISaGR3sI3OQ==/ai.art.generator.paint.draw.photo-x5DhWyVln17kUzbl0DtQpw==/base.apk\"],nativeLibraryDirectories=[/data/app/~~UggiF4tMgUXISaGR3sI3OQ==/ai.art.generator.paint.draw.photo-x5DhWyVln17kUzbl0DtQpw==/lib/arm64, /data/app/~~UggiF4tMgUXISaGR3sI3OQ==/ai.art.generator.paint.draw.photo-x5DhWyVln17kUzbl0DtQpw==/base.apk!/lib/arm64-v8a, /system/lib64, /system_ext/lib64]]"
},
{
    "type": "error",
    "extra": "hook all methods error",
    "package_name": "ai.art.generator.paint.draw.photo",
    "class_name": "ly.count.android.sdk.CountlyConfig",
    "error": "Error: java.lang.ClassNotFoundException: Didn't find class \"ly.count.android.sdk.CountlyConfig\" on path: DexPathList[[zip file \"/data/app/~~UggiF4tMgUXISaGR3sI3OQ==/ai.art.generator.paint.draw.photo-x5DhWyVln17kUzbl0DtQpw==/base.apk\"],nativeLibraryDirectories=[/data/app/~~UggiF4tMgUXISaGR3sI3OQ==/ai.art.generator.paint.draw.photo-x5DhWyVln17kUzbl0DtQpw==/lib/arm64, /data/app/~~UggiF4tMgUXISaGR3sI3OQ==/ai.art.generator.paint.draw.photo-x5DhWyVln17kUzbl0DtQpw==/base.apk!/lib/arm64-v8a, /system/lib64, /system_ext/lib64]]"
},
{
    "type": "error",
    "extra": "hook all methods error",
    "package_name": "ai.art.generator.paint.draw.photo",
    "class_name": "com.gameanalytics.sdk.GameAnalyticsJNI",
    "error": "Error: java.lang.ClassNotFoundException: Didn't find class \"com.gameanalytics.sdk.GameAnalyticsJNI\" on path: DexPathList[[zip file \"/data/app/~~UggiF4tMgUXISaGR3sI3OQ==/ai.art.generator.paint.draw.photo-x5DhWyVln17kUzbl0DtQpw==/base.apk\"],nativeLibraryDirectories=[/data/app/~~UggiF4tMgUXISaGR3sI3OQ==/ai.art.generator.paint.draw.photo-x5DhWyVln17kUzbl0DtQpw==/lib/arm64, /data/app/~~UggiF4tMgUXISaGR3sI3OQ==/ai.art.generator.paint.draw.photo-x5DhWyVln17kUzbl0DtQpw==/base.apk!/lib/arm64-v8a, /system/lib64, /system_ext/lib64]]"
},
{
    "type": "error",
    "extra": "hook all methods error",
    "package_name": "ai.art.generator.paint.draw.photo",
    "class_name": "com.appsflyer.AppsFlyerLib",
    "error": "Error: java.lang.ClassNotFoundException: Didn't find class \"com.appsflyer.AppsFlyerLib\" on path: DexPathList[[zip file \"/data/app/~~UggiF4tMgUXISaGR3sI3OQ==/ai.art.generator.paint.draw.photo-x5DhWyVln17kUzbl0DtQpw==/base.apk\"],nativeLibraryDirectories=[/data/app/~~UggiF4tMgUXISaGR3sI3OQ==/ai.art.generator.paint.draw.photo-x5DhWyVln17kUzbl0DtQpw==/lib/arm64, /data/app/~~UggiF4tMgUXISaGR3sI3OQ==/ai.art.generator.paint.draw.photo-x5DhWyVln17kUzbl0DtQpw==/base.apk!/lib/arm64-v8a, /system/lib64, /system_ext/lib64]]"
},
{
    "type": "error",
    "extra": "hook all methods error",
    "package_name": "ai.art.generator.paint.draw.photo",
    "class_name": "admost.sdk.AdMostInterstitial",
    "error": "Error: java.lang.ClassNotFoundException: Didn't find class \"admost.sdk.AdMostInterstitial\" on path: DexPathList[[zip file \"/data/app/~~UggiF4tMgUXISaGR3sI3OQ==/ai.art.generator.paint.draw.photo-x5DhWyVln17kUzbl0DtQpw==/base.apk\"],nativeLibraryDirectories=[/data/app/~~UggiF4tMgUXISaGR3sI3OQ==/ai.art.generator.paint.draw.photo-x5DhWyVln17kUzbl0DtQpw==/lib/arm64, /data/app/~~UggiF4tMgUXISaGR3sI3OQ==/ai.art.generator.paint.draw.photo-x5DhWyVln17kUzbl0DtQpw==/base.apk!/lib/arm64-v8a, /system/lib64, /system_ext/lib64]]"
},
{
    "type": "error",
    "extra": "hook all methods error",
    "package_name": "ai.art.generator.paint.draw.photo",
    "class_name": "sg.bigo.ads.api.InterstitialAdLoader",
    "error": "Error: java.lang.ClassNotFoundException: Didn't find class \"sg.bigo.ads.api.InterstitialAdLoader\" on path: DexPathList[[zip file \"/data/app/~~UggiF4tMgUXISaGR3sI3OQ==/ai.art.generator.paint.draw.photo-x5DhWyVln17kUzbl0DtQpw==/base.apk\"],nativeLibraryDirectories=[/data/app/~~UggiF4tMgUXISaGR3sI3OQ==/ai.art.generator.paint.draw.photo-x5DhWyVln17kUzbl0DtQpw==/lib/arm64, /data/app/~~UggiF4tMgUXISaGR3sI3OQ==/ai.art.generator.paint.draw.photo-x5DhWyVln17kUzbl0DtQpw==/base.apk!/lib/arm64-v8a, /system/lib64, /system_ext/lib64]]"
},
{
    "type": "error",
    "extra": "hook all methods error",
    "package_name": "ai.art.generator.paint.draw.photo",
    "class_name": "com.google.android.ump.ConsentInformation",
    "error": "Error: java.lang.ClassNotFoundException: Didn't find class \"com.google.android.ump.ConsentInformation\" on path: DexPathList[[zip file \"/data/app/~~UggiF4tMgUXISaGR3sI3OQ==/ai.art.generator.paint.draw.photo-x5DhWyVln17kUzbl0DtQpw==/base.apk\"],nativeLibraryDirectories=[/data/app/~~UggiF4tMgUXISaGR3sI3OQ==/ai.art.generator.paint.draw.photo-x5DhWyVln17kUzbl0DtQpw==/lib/arm64, /data/app/~~UggiF4tMgUXISaGR3sI3OQ==/ai.art.generator.paint.draw.photo-x5DhWyVln17kUzbl0DtQpw==/base.apk!/lib/arm64-v8a, /system/lib64, /system_ext/lib64]]"
},
{
    "type": "error",
    "extra": "hook all methods error",
    "package_name": "ai.art.generator.paint.draw.photo",
    "class_name": "com.amplitude.api.Amplitude",
    "error": "Error: java.lang.ClassNotFoundException: Didn't find class \"com.amplitude.api.Amplitude\" on path: DexPathList[[zip file \"/data/app/~~UggiF4tMgUXISaGR3sI3OQ==/ai.art.generator.paint.draw.photo-x5DhWyVln17kUzbl0DtQpw==/base.apk\"],nativeLibraryDirectories=[/data/app/~~UggiF4tMgUXISaGR3sI3OQ==/ai.art.generator.paint.draw.photo-x5DhWyVln17kUzbl0DtQpw==/lib/arm64, /data/app/~~UggiF4tMgUXISaGR3sI3OQ==/ai.art.generator.paint.draw.photo-x5DhWyVln17kUzbl0DtQpw==/base.apk!/lib/arm64-v8a, /system/lib64, /system_ext/lib64]]"
},
{
    "type": "error",
    "extra": "hook all methods error",
    "package_name": "ai.art.generator.paint.draw.photo",
    "class_name": "com.flurry.android.ads.FlurryAdNative",
    "error": "Error: java.lang.ClassNotFoundException: Didn't find class \"com.flurry.android.ads.FlurryAdNative\" on path: DexPathList[[zip file \"/data/app/~~UggiF4tMgUXISaGR3sI3OQ==/ai.art.generator.paint.draw.photo-x5DhWyVln17kUzbl0DtQpw==/base.apk\"],nativeLibraryDirectories=[/data/app/~~UggiF4tMgUXISaGR3sI3OQ==/ai.art.generator.paint.draw.photo-x5DhWyVln17kUzbl0DtQpw==/lib/arm64, /data/app/~~UggiF4tMgUXISaGR3sI3OQ==/ai.art.generator.paint.draw.photo-x5DhWyVln17kUzbl0DtQpw==/base.apk!/lib/arm64-v8a, /system/lib64, /system_ext/lib64]]"
},
{
    "type": "error",
    "extra": "hook all methods error",
    "package_name": "ai.art.generator.paint.draw.photo",
    "class_name": "com.appsflyer.MediationNetwork",
    "error": "Error: java.lang.ClassNotFoundException: Didn't find class \"com.appsflyer.MediationNetwork\" on path: DexPathList[[zip file \"/data/app/~~UggiF4tMgUXISaGR3sI3OQ==/ai.art.generator.paint.draw.photo-x5DhWyVln17kUzbl0DtQpw==/base.apk\"],nativeLibraryDirectories=[/data/app/~~UggiF4tMgUXISaGR3sI3OQ==/ai.art.generator.paint.draw.photo-x5DhWyVln17kUzbl0DtQpw==/lib/arm64, /data/app/~~UggiF4tMgUXISaGR3sI3OQ==/ai.art.generator.paint.draw.photo-x5DhWyVln17kUzbl0DtQpw==/base.apk!/lib/arm64-v8a, /system/lib64, /system_ext/lib64]]"
},
{
    "type": "error",
    "extra": "hook all methods error",
    "package_name": "ai.art.generator.paint.draw.photo",
    "class_name": "com.appnext.banners.BannerAdRequest",
    "error": "Error: java.lang.ClassNotFoundException: Didn't find class \"com.appnext.banners.BannerAdRequest\" on path: DexPathList[[zip file \"/data/app/~~UggiF4tMgUXISaGR3sI3OQ==/ai.art.generator.paint.draw.photo-x5DhWyVln17kUzbl0DtQpw==/base.apk\"],nativeLibraryDirectories=[/data/app/~~UggiF4tMgUXISaGR3sI3OQ==/ai.art.generator.paint.draw.photo-x5DhWyVln17kUzbl0DtQpw==/lib/arm64, /data/app/~~UggiF4tMgUXISaGR3sI3OQ==/ai.art.generator.paint.draw.photo-x5DhWyVln17kUzbl0DtQpw==/base.apk!/lib/arm64-v8a, /system/lib64, /system_ext/lib64]]"
},
{
    "type": "error",
    "extra": "hook all methods error",
    "package_name": "ai.art.generator.paint.draw.photo",
    "class_name": "com.my.target.ads.RewardedAd",
    "error": "Error: java.lang.ClassNotFoundException: Didn't find class \"com.my.target.ads.RewardedAd\" on path: DexPathList[[zip file \"/data/app/~~UggiF4tMgUXISaGR3sI3OQ==/ai.art.generator.paint.draw.photo-x5DhWyVln17kUzbl0DtQpw==/base.apk\"],nativeLibraryDirectories=[/data/app/~~UggiF4tMgUXISaGR3sI3OQ==/ai.art.generator.paint.draw.photo-x5DhWyVln17kUzbl0DtQpw==/lib/arm64, /data/app/~~UggiF4tMgUXISaGR3sI3OQ==/ai.art.generator.paint.draw.photo-x5DhWyVln17kUzbl0DtQpw==/base.apk!/lib/arm64-v8a, /system/lib64, /system_ext/lib64]]"
},
{
    "type": "error",
    "extra": "hook all methods error",
    "package_name": "ai.art.generator.paint.draw.photo",
    "class_name": "com.flurry.android.FlurryConsent",
    "error": "Error: java.lang.ClassNotFoundException: Didn't find class \"com.flurry.android.FlurryConsent\" on path: DexPathList[[zip file \"/data/app/~~UggiF4tMgUXISaGR3sI3OQ==/ai.art.generator.paint.draw.photo-x5DhWyVln17kUzbl0DtQpw==/base.apk\"],nativeLibraryDirectories=[/data/app/~~UggiF4tMgUXISaGR3sI3OQ==/ai.art.generator.paint.draw.photo-x5DhWyVln17kUzbl0DtQpw==/lib/arm64, /data/app/~~UggiF4tMgUXISaGR3sI3OQ==/ai.art.generator.paint.draw.photo-x5DhWyVln17kUzbl0DtQpw==/base.apk!/lib/arm64-v8a, /system/lib64, /system_ext/lib64]]"
},
{
    "type": "error",
    "extra": "hook all methods error",
    "package_name": "ai.art.generator.paint.draw.photo",
    "class_name": "com.google.android.gms.analytics.GoogleAnalytics",
    "error": "Error: java.lang.ClassNotFoundException: Didn't find class \"com.google.android.gms.analytics.GoogleAnalytics\" on path: DexPathList[[zip file \"/data/app/~~UggiF4tMgUXISaGR3sI3OQ==/ai.art.generator.paint.draw.photo-x5DhWyVln17kUzbl0DtQpw==/base.apk\"],nativeLibraryDirectories=[/data/app/~~UggiF4tMgUXISaGR3sI3OQ==/ai.art.generator.paint.draw.photo-x5DhWyVln17kUzbl0DtQpw==/lib/arm64, /data/app/~~UggiF4tMgUXISaGR3sI3OQ==/ai.art.generator.paint.draw.photo-x5DhWyVln17kUzbl0DtQpw==/base.apk!/lib/arm64-v8a, /system/lib64, /system_ext/lib64]]"
},
{
    "type": "error",
    "extra": "hook all methods error",
    "package_name": "ai.art.generator.paint.draw.photo",
    "class_name": "com.mobilefuse.sdk.MobileFuseTargetingData",
    "error": "Error: java.lang.ClassNotFoundException: Didn't find class \"com.mobilefuse.sdk.MobileFuseTargetingData\" on path: DexPathList[[zip file \"/data/app/~~UggiF4tMgUXISaGR3sI3OQ==/ai.art.generator.paint.draw.photo-x5DhWyVln17kUzbl0DtQpw==/base.apk\"],nativeLibraryDirectories=[/data/app/~~UggiF4tMgUXISaGR3sI3OQ==/ai.art.generator.paint.draw.photo-x5DhWyVln17kUzbl0DtQpw==/lib/arm64, /data/app/~~UggiF4tMgUXISaGR3sI3OQ==/ai.art.generator.paint.draw.photo-x5DhWyVln17kUzbl0DtQpw==/base.apk!/lib/arm64-v8a, /system/lib64, /system_ext/lib64]]"
},
{
    "type": "error",
    "extra": "hook all methods error",
    "package_name": "ai.art.generator.paint.draw.photo",
    "class_name": "com.localytics.androidx.Localytics",
    "error": "Error: java.lang.ClassNotFoundException: Didn't find class \"com.localytics.androidx.Localytics\" on path: DexPathList[[zip file \"/data/app/~~UggiF4tMgUXISaGR3sI3OQ==/ai.art.generator.paint.draw.photo-x5DhWyVln17kUzbl0DtQpw==/base.apk\"],nativeLibraryDirectories=[/data/app/~~UggiF4tMgUXISaGR3sI3OQ==/ai.art.generator.paint.draw.photo-x5DhWyVln17kUzbl0DtQpw==/lib/arm64, /data/app/~~UggiF4tMgUXISaGR3sI3OQ==/ai.art.generator.paint.draw.photo-x5DhWyVln17kUzbl0DtQpw==/base.apk!/lib/arm64-v8a, /system/lib64, /system_ext/lib64]]"
},
{
    "type": "error",
    "extra": "hook all methods error",
    "package_name": "ai.art.generator.paint.draw.photo",
    "class_name": "com.google.android.ump.UserMessagingPlatform",
    "error": "Error: java.lang.ClassNotFoundException: Didn't find class \"com.google.android.ump.UserMessagingPlatform\" on path: DexPathList[[zip file \"/data/app/~~UggiF4tMgUXISaGR3sI3OQ==/ai.art.generator.paint.draw.photo-x5DhWyVln17kUzbl0DtQpw==/base.apk\"],nativeLibraryDirectories=[/data/app/~~UggiF4tMgUXISaGR3sI3OQ==/ai.art.generator.paint.draw.photo-x5DhWyVln17kUzbl0DtQpw==/lib/arm64, /data/app/~~UggiF4tMgUXISaGR3sI3OQ==/ai.art.generator.paint.draw.photo-x5DhWyVln17kUzbl0DtQpw==/base.apk!/lib/arm64-v8a, /system/lib64, /system_ext/lib64]]"
},
{
    "type": "error",
    "extra": "hook all methods error",
    "package_name": "ai.art.generator.paint.draw.photo",
    "class_name": "com.my.target.common.MyTargetManager",
    "error": "Error: java.lang.ClassNotFoundException: Didn't find class \"com.my.target.common.MyTargetManager\" on path: DexPathList[[zip file \"/data/app/~~UggiF4tMgUXISaGR3sI3OQ==/ai.art.generator.paint.draw.photo-x5DhWyVln17kUzbl0DtQpw==/base.apk\"],nativeLibraryDirectories=[/data/app/~~UggiF4tMgUXISaGR3sI3OQ==/ai.art.generator.paint.draw.photo-x5DhWyVln17kUzbl0DtQpw==/lib/arm64, /data/app/~~UggiF4tMgUXISaGR3sI3OQ==/ai.art.generator.paint.draw.photo-x5DhWyVln17kUzbl0DtQpw==/base.apk!/lib/arm64-v8a, /system/lib64, /system_ext/lib64]]"
},
{
    "type": "error",
    "extra": "hook all methods error",
    "package_name": "ai.art.generator.paint.draw.photo",
    "class_name": "com.tapjoy.TJPrivacyPolicy",
    "error": "Error: java.lang.ClassNotFoundException: Didn't find class \"com.tapjoy.TJPrivacyPolicy\" on path: DexPathList[[zip file \"/data/app/~~UggiF4tMgUXISaGR3sI3OQ==/ai.art.generator.paint.draw.photo-x5DhWyVln17kUzbl0DtQpw==/base.apk\"],nativeLibraryDirectories=[/data/app/~~UggiF4tMgUXISaGR3sI3OQ==/ai.art.generator.paint.draw.photo-x5DhWyVln17kUzbl0DtQpw==/lib/arm64, /data/app/~~UggiF4tMgUXISaGR3sI3OQ==/ai.art.generator.paint.draw.photo-x5DhWyVln17kUzbl0DtQpw==/base.apk!/lib/arm64-v8a, /system/lib64, /system_ext/lib64]]"
},
{
    "type": "error",
    "extra": "hook all methods error",
    "package_name": "ai.art.generator.paint.draw.photo",
    "class_name": "com.appnext.nativeads.NativeAdRequest",
    "error": "Error: java.lang.ClassNotFoundException: Didn't find class \"com.appnext.nativeads.NativeAdRequest\" on path: DexPathList[[zip file \"/data/app/~~UggiF4tMgUXISaGR3sI3OQ==/ai.art.generator.paint.draw.photo-x5DhWyVln17kUzbl0DtQpw==/base.apk\"],nativeLibraryDirectories=[/data/app/~~UggiF4tMgUXISaGR3sI3OQ==/ai.art.generator.paint.draw.photo-x5DhWyVln17kUzbl0DtQpw==/lib/arm64, /data/app/~~UggiF4tMgUXISaGR3sI3OQ==/ai.art.generator.paint.draw.photo-x5DhWyVln17kUzbl0DtQpw==/base.apk!/lib/arm64-v8a, /system/lib64, /system_ext/lib64]]"
},
{
    "type": "error",
    "extra": "hook all methods error",
    "package_name": "ai.art.generator.paint.draw.photo",
    "class_name": "com.google.sdk.android.gms.ads.admanager.AdManagerAdRequest",
    "error": "Error: java.lang.ClassNotFoundException: Didn't find class \"com.google.sdk.android.gms.ads.admanager.AdManagerAdRequest\" on path: DexPathList[[zip file \"/data/app/~~UggiF4tMgUXISaGR3sI3OQ==/ai.art.generator.paint.draw.photo-x5DhWyVln17kUzbl0DtQpw==/base.apk\"],nativeLibraryDirectories=[/data/app/~~UggiF4tMgUXISaGR3sI3OQ==/ai.art.generator.paint.draw.photo-x5DhWyVln17kUzbl0DtQpw==/lib/arm64, /data/app/~~UggiF4tMgUXISaGR3sI3OQ==/ai.art.generator.paint.draw.photo-x5DhWyVln17kUzbl0DtQpw==/base.apk!/lib/arm64-v8a, /system/lib64, /system_ext/lib64]]"
},
{
    "type": "error",
    "extra": "hook all methods error",
    "package_name": "ai.art.generator.paint.draw.photo",
    "class_name": "com.startapp.sdk.adsbase.StartAppAd",
    "error": "Error: java.lang.ClassNotFoundException: Didn't find class \"com.startapp.sdk.adsbase.StartAppAd\" on path: DexPathList[[zip file \"/data/app/~~UggiF4tMgUXISaGR3sI3OQ==/ai.art.generator.paint.draw.photo-x5DhWyVln17kUzbl0DtQpw==/base.apk\"],nativeLibraryDirectories=[/data/app/~~UggiF4tMgUXISaGR3sI3OQ==/ai.art.generator.paint.draw.photo-x5DhWyVln17kUzbl0DtQpw==/lib/arm64, /data/app/~~UggiF4tMgUXISaGR3sI3OQ==/ai.art.generator.paint.draw.photo-x5DhWyVln17kUzbl0DtQpw==/base.apk!/lib/arm64-v8a, /system/lib64, /system_ext/lib64]]"
},
{
    "type": "error",
    "extra": "hook all methods error",
    "package_name": "ai.art.generator.paint.draw.photo",
    "class_name": "com.supersonic.mediationsdk.sdk.Supersonic",
    "error": "Error: java.lang.ClassNotFoundException: Didn't find class \"com.supersonic.mediationsdk.sdk.Supersonic\" on path: DexPathList[[zip file \"/data/app/~~UggiF4tMgUXISaGR3sI3OQ==/ai.art.generator.paint.draw.photo-x5DhWyVln17kUzbl0DtQpw==/base.apk\"],nativeLibraryDirectories=[/data/app/~~UggiF4tMgUXISaGR3sI3OQ==/ai.art.generator.paint.draw.photo-x5DhWyVln17kUzbl0DtQpw==/lib/arm64, /data/app/~~UggiF4tMgUXISaGR3sI3OQ==/ai.art.generator.paint.draw.photo-x5DhWyVln17kUzbl0DtQpw==/base.apk!/lib/arm64-v8a, /system/lib64, /system_ext/lib64]]"
},
{
    "type": "error",
    "extra": "hook all methods error",
    "package_name": "ai.art.generator.paint.draw.photo",
    "class_name": "com.appnext.base.Appnext",
    "error": "Error: java.lang.ClassNotFoundException: Didn't find class \"com.appnext.base.Appnext\" on path: DexPathList[[zip file \"/data/app/~~UggiF4tMgUXISaGR3sI3OQ==/ai.art.generator.paint.draw.photo-x5DhWyVln17kUzbl0DtQpw==/base.apk\"],nativeLibraryDirectories=[/data/app/~~UggiF4tMgUXISaGR3sI3OQ==/ai.art.generator.paint.draw.photo-x5DhWyVln17kUzbl0DtQpw==/lib/arm64, /data/app/~~UggiF4tMgUXISaGR3sI3OQ==/ai.art.generator.paint.draw.photo-x5DhWyVln17kUzbl0DtQpw==/base.apk!/lib/arm64-v8a, /system/lib64, /system_ext/lib64]]"
},
{
    "type": "error",
    "extra": "hook all methods error",
    "package_name": "ai.art.generator.paint.draw.photo",
    "class_name": "com.appnext.ads.fullscreen.RewardedVideo",
    "error": "Error: java.lang.ClassNotFoundException: Didn't find class \"com.appnext.ads.fullscreen.RewardedVideo\" on path: DexPathList[[zip file \"/data/app/~~UggiF4tMgUXISaGR3sI3OQ==/ai.art.generator.paint.draw.photo-x5DhWyVln17kUzbl0DtQpw==/base.apk\"],nativeLibraryDirectories=[/data/app/~~UggiF4tMgUXISaGR3sI3OQ==/ai.art.generator.paint.draw.photo-x5DhWyVln17kUzbl0DtQpw==/lib/arm64, /data/app/~~UggiF4tMgUXISaGR3sI3OQ==/ai.art.generator.paint.draw.photo-x5DhWyVln17kUzbl0DtQpw==/base.apk!/lib/arm64-v8a, /system/lib64, /system_ext/lib64]]"
},
{
    "type": "error",
    "extra": "hook all methods error",
    "package_name": "ai.art.generator.paint.draw.photo",
    "class_name": "sg.bigo.ads.ConsentOptions",
    "error": "Error: java.lang.ClassNotFoundException: Didn't find class \"sg.bigo.ads.ConsentOptions\" on path: DexPathList[[zip file \"/data/app/~~UggiF4tMgUXISaGR3sI3OQ==/ai.art.generator.paint.draw.photo-x5DhWyVln17kUzbl0DtQpw==/base.apk\"],nativeLibraryDirectories=[/data/app/~~UggiF4tMgUXISaGR3sI3OQ==/ai.art.generator.paint.draw.photo-x5DhWyVln17kUzbl0DtQpw==/lib/arm64, /data/app/~~UggiF4tMgUXISaGR3sI3OQ==/ai.art.generator.paint.draw.photo-x5DhWyVln17kUzbl0DtQpw==/base.apk!/lib/arm64-v8a, /system/lib64, /system_ext/lib64]]"
},
{
    "type": "error",
    "extra": "hook all methods error",
    "package_name": "ai.art.generator.paint.draw.photo",
    "class_name": "com.chartboost.sdk.ads.Rewarded",
    "error": "Error: java.lang.ClassNotFoundException: Didn't find class \"com.chartboost.sdk.ads.Rewarded\" on path: DexPathList[[zip file \"/data/app/~~UggiF4tMgUXISaGR3sI3OQ==/ai.art.generator.paint.draw.photo-x5DhWyVln17kUzbl0DtQpw==/base.apk\"],nativeLibraryDirectories=[/data/app/~~UggiF4tMgUXISaGR3sI3OQ==/ai.art.generator.paint.draw.photo-x5DhWyVln17kUzbl0DtQpw==/lib/arm64, /data/app/~~UggiF4tMgUXISaGR3sI3OQ==/ai.art.generator.paint.draw.photo-x5DhWyVln17kUzbl0DtQpw==/base.apk!/lib/arm64-v8a, /system/lib64, /system_ext/lib64]]"
},
{
    "type": "error",
    "extra": "hook all methods error",
    "package_name": "ai.art.generator.paint.draw.photo",
    "class_name": "com.chartboost.sdk.Analytics",
    "error": "Error: java.lang.ClassNotFoundException: Didn't find class \"com.chartboost.sdk.Analytics\" on path: DexPathList[[zip file \"/data/app/~~UggiF4tMgUXISaGR3sI3OQ==/ai.art.generator.paint.draw.photo-x5DhWyVln17kUzbl0DtQpw==/base.apk\"],nativeLibraryDirectories=[/data/app/~~UggiF4tMgUXISaGR3sI3OQ==/ai.art.generator.paint.draw.photo-x5DhWyVln17kUzbl0DtQpw==/lib/arm64, /data/app/~~UggiF4tMgUXISaGR3sI3OQ==/ai.art.generator.paint.draw.photo-x5DhWyVln17kUzbl0DtQpw==/base.apk!/lib/arm64-v8a, /system/lib64, /system_ext/lib64]]"
},
{
    "type": "error",
    "extra": "hook all methods error",
    "package_name": "ai.art.generator.paint.draw.photo",
    "class_name": "com.inmobi.ads.InMobiAudio",
    "error": "Error: java.lang.ClassNotFoundException: Didn't find class \"com.inmobi.ads.InMobiAudio\" on path: DexPathList[[zip file \"/data/app/~~UggiF4tMgUXISaGR3sI3OQ==/ai.art.generator.paint.draw.photo-x5DhWyVln17kUzbl0DtQpw==/base.apk\"],nativeLibraryDirectories=[/data/app/~~UggiF4tMgUXISaGR3sI3OQ==/ai.art.generator.paint.draw.photo-x5DhWyVln17kUzbl0DtQpw==/lib/arm64, /data/app/~~UggiF4tMgUXISaGR3sI3OQ==/ai.art.generator.paint.draw.photo-x5DhWyVln17kUzbl0DtQpw==/base.apk!/lib/arm64-v8a, /system/lib64, /system_ext/lib64]]"
},
{
    "type": "error",
    "extra": "hook all methods error",
    "package_name": "ai.art.generator.paint.draw.photo",
    "class_name": "com.mobilefuse.sdk.privacy.MobileFusePrivacyPreferences",
    "error": "Error: java.lang.ClassNotFoundException: Didn't find class \"com.mobilefuse.sdk.privacy.MobileFusePrivacyPreferences\" on path: DexPathList[[zip file \"/data/app/~~UggiF4tMgUXISaGR3sI3OQ==/ai.art.generator.paint.draw.photo-x5DhWyVln17kUzbl0DtQpw==/base.apk\"],nativeLibraryDirectories=[/data/app/~~UggiF4tMgUXISaGR3sI3OQ==/ai.art.generator.paint.draw.photo-x5DhWyVln17kUzbl0DtQpw==/lib/arm64, /data/app/~~UggiF4tMgUXISaGR3sI3OQ==/ai.art.generator.paint.draw.photo-x5DhWyVln17kUzbl0DtQpw==/base.apk!/lib/arm64-v8a, /system/lib64, /system_ext/lib64]]"
},
{
    "type": "error",
    "extra": "hook all methods error",
    "package_name": "ai.art.generator.paint.draw.photo",
    "class_name": "com.appnexus.opensdk.ANDSASettings",
    "error": "Error: java.lang.ClassNotFoundException: Didn't find class \"com.appnexus.opensdk.ANDSASettings\" on path: DexPathList[[zip file \"/data/app/~~UggiF4tMgUXISaGR3sI3OQ==/ai.art.generator.paint.draw.photo-x5DhWyVln17kUzbl0DtQpw==/base.apk\"],nativeLibraryDirectories=[/data/app/~~UggiF4tMgUXISaGR3sI3OQ==/ai.art.generator.paint.draw.photo-x5DhWyVln17kUzbl0DtQpw==/lib/arm64, /data/app/~~UggiF4tMgUXISaGR3sI3OQ==/ai.art.generator.paint.draw.photo-x5DhWyVln17kUzbl0DtQpw==/base.apk!/lib/arm64-v8a, /system/lib64, /system_ext/lib64]]"
},
