appId,title,type
"net.sharewire.parkmobilev2","ParkMobile: Park. Pay. Go.","AUTO_AND_VEHICLES"
""com.toyota.oneapp","Toyota","AUTO_AND_VEHICLES"
""com.cars.android","Cars.com – New & Used Vehicles","AUTO_AND_VEHICLES"
""com.shell.sitibv.motorist.america","Shell: Fuel, Charge & More","AUTO_AND_VEHICLES"
""com.carfax.consumer","CARFAX - Shop New & Used Cars","AUTO_AND_VEHICLES"
""com.stuzo.chevron","Chevron","AUTO_AND_VEHICLES"
""com.cargurus.mobileApp","CarGurus: Used & New Cars","AUTO_AND_VEHICLES"
""com.autozone.mobile","AutoZone Auto Parts & Repair","AUTO_AND_VEHICLES"
""com.paybyphone","PayByPhone","AUTO_AND_VEHICLES"
""com.innova.rs2","RepairSolutions2","AUTO_AND_VEHICLES"
""com.carvana.carvana","Carvana: Buy/Sell Used Cars","AUTO_AND_VEHICLES"
""com.advanceauto.mobile.commerce.dist","Advance Auto Parts","AUTO_AND_VEHICLES"
""com.fixdapp.two","FIXD OBD2 Scanner","AUTO_AND_VEHICLES"
""com.driivz.mobile.android.evgo.driver","EVgo - Fast EV Charging","AUTO_AND_VEHICLES"
""com.carmax.carmax","CarMax: Used Cars for Sale","AUTO_AND_VEHICLES"
""com.glocal.tinker","Tinker DIY","AUTO_AND_VEHICLES"
""com.amp.whistleexpress1","Whistle Express Car Wash","AUTO_AND_VEHICLES"
""com.nissan.mynissan","MyNISSAN®","AUTO_AND_VEHICLES"
""com.honda.hondalink.connect","HondaLink","AUTO_AND_VEHICLES"
""com.autotrader.android","Autotrader: Shop Cars For Sale","AUTO_AND_VEHICLES"
""com.usaa.mobile.android.safedriving","USAA SafePilot","AUTO_AND_VEHICLES"
""com.ovz.carscanner","Car Scanner ELM OBD2","AUTO_AND_VEHICLES"
""ai.oc.experience.marathonrewards","Marathon ARCO Rewards","AUTO_AND_VEHICLES"
""com.subaru.telematics.app.remote","MySubaru","AUTO_AND_VEHICLES"
""com.dmv.app","DMV Practice Test Pro 2024","AUTO_AND_VEHICLES"
""com.ebay.motorsapp","eBay Motors: Parts, Cars, more","AUTO_AND_VEHICLES"
""es.dmv.app","DMV Prueba de Práctica 2024","AUTO_AND_VEHICLES"
""com.keyconnect.android","KeyConnect Digital Car Key","AUTO_AND_VEHICLES"
""com.carparts.mobilewrapper.customer","CarParts.com","AUTO_AND_VEHICLES"
""com.autolist.autolist","Autolist: Used Car Marketplace","AUTO_AND_VEHICLES"
""com.google.android.projection.gearhead","Android Auto","AUTO_AND_VEHICLES"
""group.flowbird.mpp","Flowbird Parking","AUTO_AND_VEHICLES"
""com.mustname.car_connect","Auto Sync for Android/Car Play","AUTO_AND_VEHICLES"
""com.arity.routereport","Routely V1","AUTO_AND_VEHICLES"
""com.cooldev.carplay.castcar","CarLink: MirrorLink & Car Play","AUTO_AND_VEHICLES"
""com.obdocker.obdocker","OBDocker - OBD2 Car Scanner","AUTO_AND_VEHICLES"
""app.mechai.mobile","MECH.AI: Diagnostic & Repair","AUTO_AND_VEHICLES"
""com.garmin.android.apps.gecko","Garmin Drive™","AUTO_AND_VEHICLES"
""com.maps.radar.trafficappfordriving","Driving Instructor-Theory Test","AUTO_AND_VEHICLES"
""ai.carsx.app","CarsX: New & Used Cars","AUTO_AND_VEHICLES"
""com.lexus.oneapp","Lexus","AUTO_AND_VEHICLES"
""com.gpshopper.discounttire","Discount Tire","AUTO_AND_VEHICLES"
""com.taxsee.taxsee","maxim — order a taxi & food","AUTO_AND_VEHICLES"
""com.carfax.mycarfax","CARFAX Car Care App","AUTO_AND_VEHICLES"
""key.connect.car.remote","Car Key Smart Remote Connect","AUTO_AND_VEHICLES"
""ai.metaverselabs.smartcar","Car Key: Smart Car Remote Lock","AUTO_AND_VEHICLES"
""com.lemurmonitors.bluedriver","BlueDriver OBD2 Scan Tool","AUTO_AND_VEHICLES"
""com.drivetime.MobileOnline","DriveTime Used Cars for Sale","AUTO_AND_VEHICLES"
""com.blinknetwork.mobile2","Blink Charging Mobile App","AUTO_AND_VEHICLES"
""com.moniqtap.obd2torque.scanner.fixd","OBD2 Car Scanner: Torque ELM","AUTO_AND_VEHICLES"
""app.aawireless","AAWireless for Android Auto™","AUTO_AND_VEHICLES"
""org.eobdfacile.android","EOBD Facile: OBD 2 Car Scanner","AUTO_AND_VEHICLES"
""com.mistercarwash.prod","Mister Car Wash","AUTO_AND_VEHICLES"
""com.boatsgroup.boattrader","Boat Trader","AUTO_AND_VEHICLES"
""com.passio3.go","Passio GO!","AUTO_AND_VEHICLES"
""dto.ee.dmv.genius","DMV Practice Test Permit Genie","AUTO_AND_VEHICLES"
""com.oreillyauto.fco.vinscan","O’Reilly First Call VIN Scan","AUTO_AND_VEHICLES"
""de.myaudi.mobile.assistant","myAudi","AUTO_AND_VEHICLES"
""com.garmin.android.driveapp.dezl","dēzl™","AUTO_AND_VEHICLES"
""com.bsro.fcac","My Firestone","AUTO_AND_VEHICLES"
""com.tempestsystems.autotempest","AutoTempest - Car search","AUTO_AND_VEHICLES"
""com.dontdrivedirty.myqq.twa","myQQ – Quick Quack","AUTO_AND_VEHICLES"
""com.tm.tmcar","TMCARS","AUTO_AND_VEHICLES"
""com.hyundaiusa.hyundai.digitalcarkey","Hyundai Digital Key","AUTO_AND_VEHICLES"
""com.carpart.classic","Car-Part.com Used Auto Parts","AUTO_AND_VEHICLES"
""com.link.autolink","Autolink","AUTO_AND_VEHICLES"
""com.mtsdealersolutions.vindecoded","VIN Check Report for Used Cars","AUTO_AND_VEHICLES"
""com.mobile.vioc","Valvoline Instant Oil Change","AUTO_AND_VEHICLES"
""ai.oc.experience.yeswayrewards","Yesway & Allsup’s Rewards","AUTO_AND_VEHICLES"
""com.helge.droiddashcam","Droid Dashcam - Video Recorder","AUTO_AND_VEHICLES"
""com.edmunds","Edmunds - Shop Cars For Sale","AUTO_AND_VEHICLES"
""com.calculation.automobileengineeringapp","Auto Mechanic Mate: Automobile","AUTO_AND_VEHICLES"
""com.napa.prolink","NAPA PROLink","AUTO_AND_VEHICLES"
""cdl.study","CDL Study: Permit Prep Test","AUTO_AND_VEHICLES"
""com.stuzo.texaco","Texaco","AUTO_AND_VEHICLES"
""net.wavis.laserappraiser","VIN Scanner","AUTO_AND_VEHICLES"
""com.banyac.midrive.app.na","70mai","AUTO_AND_VEHICLES"
""com.min.car","Carmin","AUTO_AND_VEHICLES"
""se.volvo.vcc","Volvo Cars","AUTO_AND_VEHICLES"
""com.apple.carplay.carplayandroid.screenmirror","Carplay Auto for Android","AUTO_AND_VEHICLES"
""com.spotinc.drivermobilebetatester","MySpot Driver","AUTO_AND_VEHICLES"
""com.mitsubishimotors.mymitsubishiconnect","My Mitsubishi Connect","AUTO_AND_VEHICLES"
""com.zenthek.autozen","AutoZen-Car Dashboard&Launcher","AUTO_AND_VEHICLES"
""com.sunoco.sunoco","Sunoco: Pay fast & save","AUTO_AND_VEHICLES"
""org.aarp.safetrip","AARP SafeTrip™","AUTO_AND_VEHICLES"
""com.applecarplayforandroid.carstream.mirrorlink_app","Apple Carplay for Android","AUTO_AND_VEHICLES"
""com.aplications.main.torobid","Tor OBD2 Diagnostics","AUTO_AND_VEHICLES"
""com.flowbird.septapark","SEPTA Park","AUTO_AND_VEHICLES"
""com.tmobile.drive","SyncUP DRIVE ™","AUTO_AND_VEHICLES"
""com.car.android.parking.locator","Where is my car","AUTO_AND_VEHICLES"
""io.opencomm.experience.cefcorewards","CEFCO Rewards","AUTO_AND_VEHICLES"
""com.idemia.mobileid.us.tn","Tennessee Proctor ID","AUTO_AND_VEHICLES"
""gov.nhtsa.safercar2","SaferCar","AUTO_AND_VEHICLES"
""com.link.autolink.pro","Autolink Pro","AUTO_AND_VEHICLES"
""com.obdautodoctor","OBD Auto Doctor scanner","AUTO_AND_VEHICLES"
""com.kalvlad.car","Cars Mod for Minecraft PE 2024","AUTO_AND_VEHICLES"
""dto.ee.cdl.genius","DMV Genie CDL Prep Test 2024","AUTO_AND_VEHICLES"
""com.zymbia.carpm_mechanic","GaragePro OBD2 Car Scanner","AUTO_AND_VEHICLES"
""com.take5carwash.Take5CarWash","Take 5 Car Wash","AUTO_AND_VEHICLES"
""com.platelookup","Plate Lookup","AUTO_AND_VEHICLES"
""com.tcs.mobility.nyrr","TCS New York City Marathon App","EVENTS"
""com.seatgeek.android","SeatGeek – Tickets to Events","EVENTS"
""com.tickpickllc.ceobrien.tickpick","TickPick - Live Event Tickets","EVENTS"
""com.gametime.gametime","Gametime - Last Minute Tickets","EVENTS"
""com.vividseats.android","Vivid Seats | Event Tickets","EVENTS"
""com.stubhub","StubHub - Live Event Tickets","EVENTS"
""com.arioch.efgr","Epic Freebie Games Radar","EVENTS"
""com.feverup.fever","Fever: Local Events & Tickets","EVENTS"
""com.timeleft.app","Timeleft","EVENTS"
""com.xogrp.planner","The Knot Wedding Planner","EVENTS"
""swift.alert.app","Swift Alert","EVENTS"
""com.todaytix.TodayTix","TodayTix – Theatre Tickets","EVENTS"
""com.wizards.winter_orb","Magic: The Gathering Companion","EVENTS"
""com.hometownticketing.tix.androidapp","HomeTown Fan","EVENTS"
""com.untitledshows.pov","POV – Disposable Camera Events","EVENTS"
""com.greetingsisland.sam","Invitation Maker: Card Creator","EVENTS"
""com.amitech.allevents","AllEvents - Discover Events","EVENTS"
""com.sched","Sched","EVENTS"
""com.genmobile.app","MyGenMobile App","EVENTS"
""io.hobnob.hobnob","Hobnob - Invitation Card Maker","EVENTS"
""com.sitix.app","SI Tickets","EVENTS"
""com.tixr.tixr","Tixr: Live Event Tickets","EVENTS"
""com.cloud.remotely.miner.usdt.tether","USDT Mining, Crypto USDT Miner","EVENTS"
""com.ether.aiminers","ETH Cloud Miner- Earn Ethereum","EVENTS"
""com.blue.mozahemyab","مزاحم یاب و شماره یاب حرفه ای","EVENTS"
""live.match.app.android","بث للمباريات - رياضة لايف","EVENTS"
""com.weddingwire.user","Wedding Planner by WeddingWire","EVENTS"
""io.Lineleap","LineLeap","EVENTS"
""com.peerspace.app","Peerspace - Rent Unique Venues","EVENTS"
""com.appswize.weddingcardmaker","Wedding Invitation Card Maker","EVENTS"
""com.muslimappassistant.Islampro.qiblafinder.quranprayerdua","Easy Quran Mp3 Audio Offline","EVENTS"
""pk.uselection.com.twentytwenty","US Election 2024 Polling","EVENTS"
""com.posh.mobile","Posh – Social Experiences","EVENTS"
""com.edmtrain.edmtracks","Edmtrain Concerts & Raves","EVENTS"
""com.narnxt2024","NAR NXT 2024","EVENTS"
""me.discotech","Discotech: Nightlife/Festivals","EVENTS"
""com.ticketon.customerapp","Ticketón - Event tickets","EVENTS"
""com.microsoft.ignite.twa","Microsoft Ignite","EVENTS"
""com.cricimworld.footersd","Live Football Tv : Live Score","EVENTS"
""splendid.invitation.maker","Invitation card Maker, Design","EVENTS"
""com.kickstandtech.spacelaunchschedule","Space Launch Schedule","EVENTS"
""com.cueaudio.stadiumfx","Stadium FX","EVENTS"
""com.ss.invitation.card.maker.rsvp","Invitation Maker - Card Design","EVENTS"
""com.alqurankareem.holyquran.qibladirection.mp3quran.prayertimes","AL Quran Kareem - Holy Quran","EVENTS"
""com.kaboom.apps.free.invitation.maker","Invitation Maker－Card Creator","EVENTS"
""com.cirqueitalia.tickets","Cirque Italia","EVENTS"
""com.bitsens.daytracker","Day Counter. Count Up & Down","EVENTS"
""com.hometownticketing.androidapp","HomeTown Gate","EVENTS"
""com.cueaudio.cue","CUE Live","EVENTS"
""com.wpwatcherpro","WP Watcher: Online Tracker","EVENTS"
""wedding.card.maker","Wedding Invitation Card Maker","EVENTS"
""com.fabasgalaxy.upixarena","wePix arena","EVENTS"
""com.vFairs.mobileApp","vFairs","EVENTS"
""com.eventnab.app","eventNab - Discover Events","EVENTS"
""com.kruu.photoapp","KRUU","EVENTS"
""com.bibanglobal.sa","Biban 24","EVENTS"
""app.topevent.android","Event Planner: Birthday, Party","EVENTS"
""com.eventeny.eventeny_app","Eventeny","EVENTS"
""com.amitech.alleventsorg","Event Manager - AllEvents.in","EVENTS"
""com.yakopro.onechat","Yakopro-Call.Video.Chat","EVENTS"
""com.bridebook.mobileapp","Bridebook - Wedding Planner","EVENTS"
""com.angkormobi.ukcalendar","Holiday Calendar","EVENTS"
""com.nikanomi.addonmodfromthefog","From the Fog Map for MCPE","EVENTS"
""io.tixngo.app.wpmi","3e Encore","EVENTS"
""com.all.eventpower","ShoApp","EVENTS"
""com.gosayhello","GoSayHELLO - Networking Nearby","EVENTS"
""com.eastsidegames.drag","Fruits Combo Lucky!","EVENTS"
""com.ticketswap.ticketswap","TicketSwap - Buy, Sell Tickets","EVENTS"
""com.xtreamxr.michelangelossistine_audioguide","SEE's Michelangelo's Sistine","EVENTS"
""com.firabarcelona.smartcity","Smart City Expo","EVENTS"
""com.unation.app","UNATION - Discover Events","EVENTS"
""com.app.mobaryatliveapp","مباريات لايف - كرة القدم","EVENTS"
""com.live.mobaryat","مباريات لايف | كورة لايف","EVENTS"
""com.ticketnetwork.TicketNetwork","TicketNetwork","EVENTS"
""com.creationent.mobile","Creation Entertainment","EVENTS"
""com.davidroselle.doorlist","DoorList","EVENTS"
""minecraft.mk.mods.j","Superheroes Mod for Minecraft ","EVENTS"
""com.superfeedtech.conservativenews","Conservative News America","EVENTS"
""com.jobleticspro","JobleticsPro","EVENTS"
""com.hsdeveloper.cardmaker.birthdaycardmaker","Birthday Invitation Card Maker","EVENTS"
""us.helperhelper","Helper Helper","EVENTS"
""com.luma.studio","Luma Events Check In","EVENTS"
""com.invitation.maker.wishes.greeting.card.greetingcard","halloween card maker","EVENTS"
""com.company.toster","Survival maps for Minecraft PE","EVENTS"
""com.platinumlist","Platinumlist: Events & Tickets","EVENTS"
""com.tanggulkrek.rlcraftsurvivalmod","RLcraft v2 modpack for MCPE","EVENTS"
""io.kodular.dhaneswarojha434.TwentyTwentycalnder","2025 Calendar","EVENTS"
""com.softaxes.birthdaycard.design.invitationcard.maker","Modern Invitation Card Maker","EVENTS"
""nexus.concepts.dust","Burn Guide - dust","EVENTS"
""com.yowinglobal.play","Yowin Play:Justplay money tree","EVENTS"
""com.tpni.njlmevents","NJLM Events","EVENTS"
""com.greencopper.pax","PAX Nav","EVENTS"
""org.concertarchives","Concert Archives","EVENTS"
""com.pixelpainter.aViewFromMySeat","A View From My Seat","EVENTS"
""com.bankofamerica.eventsplanner","Bank of America Events","EVENTS"
""com.tanggulkrek.mcpeicescream5","MCPE Ice Scream 7 mod addon","EVENTS"
""com.sympla.tickets","Sympla: Ingressos para eventos","EVENTS"
""com.rxdigital.leadmanager","RX Lead Manager (Emperia)","EVENTS"
""app.mywed.android","Wedding Planner by MyWed","EVENTS"
""com.bucketlisters.checkin","Bucket Listers Checkin","EVENTS"
""com.ppss22.emulator","PPSS22 Emulator - PS2 Emulator","LIBRARIES_AND_DEMO"
""com.google.samples.apps.cardboarddemo","Cardboard","LIBRARIES_AND_DEMO"
""com.lightsaber.gunsound.simulator.prank","Lightsaber: Gun Sound Effects","LIBRARIES_AND_DEMO"
""com.booster.gameboostermega2","Game Booster Fire GFX- Fix Lag","LIBRARIES_AND_DEMO"
""com.mobilesecretcodes.allandroidtips.androidtricks.allsecretcodes","Secret codes and Ciphers","LIBRARIES_AND_DEMO"
""com.airplay.mirror","AirPlay - Cast Screen","LIBRARIES_AND_DEMO"
""com.findmybluetooth.wifi","Carplay Android auto sync: bt","LIBRARIES_AND_DEMO"
""melon.playground.mod.addons","Addons for Melon","LIBRARIES_AND_DEMO"
""com.gunsimulator.gunsounds.toughguns","Gun Sounds: Tough Guns","LIBRARIES_AND_DEMO"
""com.mctech.gamelauncher","Game Launcher: Gaming Hub App","LIBRARIES_AND_DEMO"
""com.pcsx3.app","DamonSX2 Pro - PS2 Emulator","LIBRARIES_AND_DEMO"
""com.softwareupdate.allappsupdate","Update Software - Upgrade","LIBRARIES_AND_DEMO"
""com.booster.gfx","Game Booster Power GFX Lag Fix","LIBRARIES_AND_DEMO"
""hdmi.connector.five","USB Connector Phone to TV","LIBRARIES_AND_DEMO"
""com.manateeworks.barcodescanners","Barcode Scanner","LIBRARIES_AND_DEMO"
""ru.iiec.pydroid3.quickinstallrepo","Pydroid repository plugin","LIBRARIES_AND_DEMO"
""inc.trilokia.gfxtool.free","Gamers GLTool with Game Tuner","LIBRARIES_AND_DEMO"
""co.pamobile.mcpe.mobsmaker","Mobs Maker for Minecraft PE","LIBRARIES_AND_DEMO"
""co.pamobile.mods.melon.playground","Melon Mod for Melon Sandbox PG","LIBRARIES_AND_DEMO"
""com.connectionwireless.mirrorlinkc","Mirror link car connector","LIBRARIES_AND_DEMO"
""com.car.cardashboard.aaad.mirrorlink.timestamp.parkingmap","Car Play for Android/Auto sync","LIBRARIES_AND_DEMO"
""com.wirelesscharging.reverse","Wireless Reverse Charging","LIBRARIES_AND_DEMO"
""com.applewatch.connect","Apple Watch for Android","LIBRARIES_AND_DEMO"
""com.remoteapp.tvapple","Apple tv Remote","LIBRARIES_AND_DEMO"
""inc.trilokia.pubgfxtool.free","PGT: GFX, Launcher & Optimizer","LIBRARIES_AND_DEMO"
""com.Endoscope.scope","Camera endoscope / OTG USB","LIBRARIES_AND_DEMO"
""com.datashow.movie.projector","HD Movie Projector","LIBRARIES_AND_DEMO"
""com.quanticapps.quranandroid","Quran Pro: Read the Holy Quran","LIBRARIES_AND_DEMO"
""com.jmsm.cloude","CloudEye 365","LIBRARIES_AND_DEMO"
""study.bible.with.explanation.offline","Study Bible with explanation","LIBRARIES_AND_DEMO"
""com.mirror.link.screenmirroringforcar.mirrorlink.screenmirroring.miracast.wireless.connection.casttocar","Mirror Link Car Display","LIBRARIES_AND_DEMO"
""com.RemoteControl.AppleTv","Remote for Apple TV","LIBRARIES_AND_DEMO"
""com.hdmi.app.tv","Mobile Connect to TV USB HDMI","LIBRARIES_AND_DEMO"
""com.bettertomorrowapps.camerablockfree","Camera Block: Guard & Anti spy","LIBRARIES_AND_DEMO"
""com.Asteroid.droneremotecontrol","Drone Remote Control","LIBRARIES_AND_DEMO"
""com.henrikherzig.playintegritychecker","SPIC - Play Integrity Checker","LIBRARIES_AND_DEMO"
""com.wireless.reversecharging","Wireless charge Phone to Phone","LIBRARIES_AND_DEMO"
""whats.web.app","Web Scan - Dual Accounts","LIBRARIES_AND_DEMO"
""com.apkgw.pwa","Apkgw - Mod Menu Game and Apps","LIBRARIES_AND_DEMO"
""com.mirror.link","Mirror Link","LIBRARIES_AND_DEMO"
""com.scnc.cameraendscopes","Endoscope Camera Connector","LIBRARIES_AND_DEMO"
""free.alquran.quranpak.holyquran.offline.quranreading.readquranoffline","Holy Quran Read(القرآن الكريم)","LIBRARIES_AND_DEMO"
""inc.trilokia.addon.graphics.manager","Graphics Manager : GFX Addon","LIBRARIES_AND_DEMO"
""com.Smarttag.samsung.galaxy","Galaxy SmartTag","LIBRARIES_AND_DEMO"
""com.afwsamples.testdpc","Test DPC","LIBRARIES_AND_DEMO"
""com.glaxxy.smarttagsfinder","Samsung SmartTag","LIBRARIES_AND_DEMO"
""com.free.alquran.holyquran.quranpak","Quran Majeed - 13 Line Quran","LIBRARIES_AND_DEMO"
""com.carplay.app","CarPlay : Android Auto App","LIBRARIES_AND_DEMO"
""com.ezeshare.smartswitch.filesharing.phoneclone","Smart Data Transfer-File Share","LIBRARIES_AND_DEMO"
""com.carplay.applecarplay","Apple Carplay","LIBRARIES_AND_DEMO"
""com.bettertomorrowapps.microphoneblockfree","Microphone Block: Mic Anti Spy","LIBRARIES_AND_DEMO"
""com.djidrone.remots","Drone Remote Control","LIBRARIES_AND_DEMO"
""com.daddonmod","Mods for Dmod","LIBRARIES_AND_DEMO"
""com.miniai.facerecognition","Face Recognition","LIBRARIES_AND_DEMO"
""com.fpsmeter.crosshairfree","Crosshair & Nickname Generator","LIBRARIES_AND_DEMO"
""com.ns.poetry","Urdu Poetry   اردو شاعری","LIBRARIES_AND_DEMO"
""com.scandit.demoapp","Scandit SDK Showcase","LIBRARIES_AND_DEMO"
""com.ttv.ocrdemo","ID Card, Passport, Driver Lice","LIBRARIES_AND_DEMO"
""com.microsd.card.formatter","Micro SD Card formatter","LIBRARIES_AND_DEMO"
""com.robloc_murder_mystery_2.robux_assist_roblox_mod","Murder Mystery 2 Aid","LIBRARIES_AND_DEMO"
""com.smartengines.code","Smart Code Engine","LIBRARIES_AND_DEMO"
""com.sah.smarttagsfinder","Samsung Galaxy SmartTag","LIBRARIES_AND_DEMO"
""rikka.safetynetchecker","YASNAC - SafetyNet Checker","LIBRARIES_AND_DEMO"
""inc.trilokia.addon.instant.boost","Instant Boost : Addon","LIBRARIES_AND_DEMO"
""com.kbyai.facerecognition","Face Recognition","LIBRARIES_AND_DEMO"
""galaxys9ringtones.ringtonesfors9.notifications","Galaxy S9 Plus Ringtones","LIBRARIES_AND_DEMO"
""com.tplink.skylight","TP-LINK tpCamera","LIBRARIES_AND_DEMO"
""com.melmods.pg.melonskins","Mods and Skins for Melon PG","LIBRARIES_AND_DEMO"
""inc.trilokia.addon.preference.manager","Preference Manager: Addon","LIBRARIES_AND_DEMO"
""com.smartswitch.phonecloneapp.easydatatransfer.alldatatransfer","Switch Mobile, Share Files","LIBRARIES_AND_DEMO"
""com.dual.camerasid","Dual Camera Sides","LIBRARIES_AND_DEMO"
""io.github.vvb2060.keyattestation","Key Attestation Demo","LIBRARIES_AND_DEMO"
""com.estudiobiblico.catolica","Biblia Católica Español","LIBRARIES_AND_DEMO"
""com.melonmod.playground.skins","Mods&Skins for Melon","LIBRARIES_AND_DEMO"
""com.pspstation.databaseultimate","PSP Ultimate Database Game Pro","LIBRARIES_AND_DEMO"
""com.otgbrow.files","OTG Reader","LIBRARIES_AND_DEMO"
""com.governikus.ausweisapp2","AusweisApp Bund","LIBRARIES_AND_DEMO"
""com.momine_minecraft_horror.craft_world_mod","Minecraft Horror Mods for MCPE","LIBRARIES_AND_DEMO"
""com.momine_scary_neighbor_granny.craft_world_mod51","Scary Neighbor Granny for MCPE","LIBRARIES_AND_DEMO"
""com.sixbox.joystickgame","XB CONTROLLER","LIBRARIES_AND_DEMO"
""com.controller.connect.Ps","Ps Controller for PS4 PS5","LIBRARIES_AND_DEMO"
""biblia.lenguaje.actual","Biblia con lenguaje actual","LIBRARIES_AND_DEMO"
""com.fortnite_battle_royale_chapter4_season_OG","BATTLE ROYALE CHAPTER 5","LIBRARIES_AND_DEMO"
""com.webview.space","WebView Android App","LIBRARIES_AND_DEMO"
""androidx.compose.material.catalog","Compose Material Catalog","LIBRARIES_AND_DEMO"
""com.tansoft.projectgutenberg","Project Gutenberg Ebooks","LIBRARIES_AND_DEMO"
""lv.mcprotector.mcpro24fps.demo","mcpro24fps demo - video camera","LIBRARIES_AND_DEMO"
""com.free.quran.quranpak.alquran.holyquran.quranreading.quranmajeed.quranoffline","Holy Quran - القران الكريم","LIBRARIES_AND_DEMO"
""com.rgb.superxunroot","Basic Root Checker Pro- Unroot","LIBRARIES_AND_DEMO"
""com.holyquran.quransharif.alqurankareemoffline.quranmajeed","Quran Majeed Pro - Quran App","LIBRARIES_AND_DEMO"
""com.songs_Raiman.songs_sadtones_nbmnm_oiuiy","Sad ringtones phone 2024","LIBRARIES_AND_DEMO"
""com.unistellar.evscope.android","Unistellar","LIBRARIES_AND_DEMO"
""com.digimoncardencyclopedia","Digimon Card Game Encyclopedia","LIBRARIES_AND_DEMO"
""com.mirror.car","Mirror Link Car","LIBRARIES_AND_DEMO"
""ma.wafaassurance.wafahealth","My Wafa - Assur","LIBRARIES_AND_DEMO"
""com.finder.smart.tag","Samsung Galaxy SmartTag","LIBRARIES_AND_DEMO"
""com.WifiDisplay.TV","Wireless Display","LIBRARIES_AND_DEMO"
""com.free.alquran.holyquran.quranmajeed","Quran Majeed - Al Quran","LIBRARIES_AND_DEMO"
""com.clc.wow","WoW Books","LIBRARIES_AND_DEMO"
""com.dji.connrctors","Drone Remote Controller","LIBRARIES_AND_DEMO"
""epic.mychart.android","MyChart","MEDICAL"
""com.mobile.uhc","UnitedHealthcare","MEDICAL"
""com.teladoc.members","Teladoc Health","MEDICAL"
""com.goodrx","GoodRx: Prescription Coupons","MEDICAL"
""com.modernizingmedicine.patientportal","APPatient","MEDICAL"
""com.anthem.sydney","Sydney Health","MEDICAL"
""com.simplepractice.clients","SimplePractice Client Portal","MEDICAL"
""com.resmed.myair","myAir™ by ResMed","MEDICAL"
""com.athenahealth.athenapatient","athenaPatient","MEDICAL"
""com.singlecare.scma","SingleCare - Rx Coupons","MEDICAL"
""com.shire.biolife","BioLife Plasma Services","MEDICAL"
""com.aetna.aetnahealth","Aetna Health","MEDICAL"
""com.jardogs.fmhmobile","FollowMyHealth®","MEDICAL"
""com.simplepractice.video","Telehealth by SimplePractice","MEDICAL"
""com.solutran.otc","Healthy Benefits+","MEDICAL"
""com.myquest","MyQuest for Patients","MEDICAL"
""com.cslplasma.cslplasmadonorapplication","CSL Plasma","MEDICAL"
""com.zeroapp.bloodpresshelp.app","Dr. Blood Pressure: BP Tracker","MEDICAL"
""com.aligntech.myinvisalign","My Invisalign - Official App","MEDICAL"
""com.publix.pharmacyonline","Publix Pharmacy","MEDICAL"
""mobi.firedepartment","PulsePoint Respond","MEDICAL"
""com.mysalesforce.mycommunity.C00D6g000000DEMvEAO.A0OT3p000000CaRIGA0","Grifols Plasma Donor Hub","MEDICAL"
""com.zocdoc.android","Zocdoc - Find and book doctors","MEDICAL"
""com.octapharma.OctaApp","OctaApp – Donate Blood Plasma!","MEDICAL"
""com.medco.medcopharmacy","Express Scripts","MEDICAL"
""com.pawp.android","Pawp: 24/7 Vet & Pet Care","MEDICAL"
""gov.va.vamf.vavideoconnect","VA Video Connect","MEDICAL"
""com.solv","Solv: Find Quality Doctor Care","MEDICAL"
""com.labcorp.patientportal","Labcorp | Patient","MEDICAL"
""com.alivecor.aliveecg","Kardia","MEDICAL"
""com.nimblerx","Nimble Rx","MEDICAL"
""com.hcsc.android.providerfindertx","BCBSTX","MEDICAL"
""com.lbrc.PeriodCalendar","My Calendar - Period Tracker","MEDICAL"
""com.sonova.phonak.dsapp","myPhonak","MEDICAL"
""com.modivcareriderapp","Modivcare","MEDICAL"
""com.freestylelibre2.app.us","FreeStyle Libre 2 - US","MEDICAL"
""providence.nassau.mobile.providencehealth","Providence","MEDICAL"
""com.irhythm.myzio.android","MyZio","MEDICAL"
""com.meditech.PatientPhm","MEDITECH MHealth","MEDICAL"
""com.doctorondemand.android.patient","Doctor On Demand","MEDICAL"
""com.hcahealthcare.mhom","MyHealthONE","MEDICAL"
""com.cube.arc.blood","Blood Donor","MEDICAL"
""com.mysugr.android.companion","mySugr - Diabetes Tracker Log","MEDICAL"
""com.pathwaymedical.pathway","Pathway","MEDICAL"
""com.spruce.messenger","Spruce: Medical Communication","MEDICAL"
""health.human.app","Human Health Tracker","MEDICAL"
""com.molina.mobile.myhealthinhand","My Molina","MEDICAL"
""com.mdlive.mobile","MDLIVE: Talk to a Doctor 24/7","MEDICAL"
""com.lifescan.reveal","​OneTouch Reveal® app","MEDICAL"
""com.allergan.bd.bdmobileapp","Allē","MEDICAL"
""com.clearcare.clearcareconnect","WellSky Personal Care","MEDICAL"
""com.rrsolutions.fevercheckup","Body Temperature・Fever Tracker","MEDICAL"
""leafly.android","Leafly: Find Cannabis and CBD","MEDICAL"
""com.vca.careclub","myVCA","MEDICAL"
""com.optum.rx","OptumRx","MEDICAL"
""org.cancer.cares","ACS CARES","MEDICAL"
""com.futurhealth.futurhealth","FuturHealth","MEDICAL"
""com.sixoversix.copyglass","GlassesOn | Pupils & Lenses","MEDICAL"
""com.kareheroes","KARE Heroes","MEDICAL"
""com.omada.prevent","Omada","MEDICAL"
""org.trinity.health","Trinity Health MyChart","MEDICAL"
""com.adventhealth.flagship","AdventHealth","MEDICAL"
""com.dexcom.g6","Dexcom G6","MEDICAL"
""com.wellcare.pdp","Wellcare+","MEDICAL"
""com.highmark.myhighmark","My Highmark","MEDICAL"
""com.ovuline.pregnancy","Ovia Pregnancy & Baby Tracker","MEDICAL"
""com.AnatomyLearning.Anatomy3DViewer3","Anatomy Learning - 3D Anatomy","MEDICAL"
""com.signia.rta","Signia App","MEDICAL"
""com.workithealth.workitapp","Workit Health","MEDICAL"
""com.bcbsm.mmaprod","BCBSM","MEDICAL"
""com.hioscar.member","Oscar Health","MEDICAL"
""com.upmc.enterprises.myupmc","MyUPMC","MEDICAL"
""com.oph.prod.ct152.rejoyn","Rejoyn™","MEDICAL"
""com.buoysoftware.parachute","Parachute Plasma Donation","MEDICAL"
""com.affecttherapeutics","Affect: Addiction Recovery","MEDICAL"
""org.nyulmc.clinical.mychart","NYU Langone Health","MEDICAL"
""com.freestylelibre.app.us","FreeStyle LibreLink - US","MEDICAL"
""com.contacts1800.ecomapp","1800 Contacts - Lens Store","MEDICAL"
""com.drugscom.app","Drugs.com Medication Guide","MEDICAL"
""com.glic.group.ga.mobile","Guardian® Dental & Vision","MEDICAL"
""org.carolinas.android.dir","MyAtriumHealth","MEDICAL"
""org.memorialhermann.my","My Memorial Hermann™","MEDICAL"
""com.webmd.android","WebMD: Symptom Checker","MEDICAL"
""com.ectosense.nightowl","NightOwl Companion","MEDICAL"
""com.allydvm.ast","PetPage","MEDICAL"
""com.advocate.myadvocate","LiveWell with Advocate Aurora","MEDICAL"
""com.baritastic.view","Baritastic - Bariatric Tracker","MEDICAL"
""org.TexasHealth.TexasHealthMyChart","Texas Health MyChart","MEDICAL"
""com.lowestmed.android","RxSaver – Prescription Coupons","MEDICAL"
""com.shiftkey.provider","ShiftKey - PRN Healthcare Jobs","MEDICAL"
""com.revdoc.member","RevDoc: Find a Verified Doctor","MEDICAL"
""com.mayoclinic.patient","Mayo Clinic","MEDICAL"
""com.ovuline.fertility","Ovia: Fertility, Cycle, Health","MEDICAL"
""com.ppfa.direct","Planned Parenthood Direct℠","MEDICAL"
""com.snapworx.snapmobile","SNAP Resupply","MEDICAL"
""io.pdcgs.buzzrxconsumer","BuzzRx: Save with Rx Coupons","MEDICAL"
""com.aetna.aetnabetterhealthmobile","Aetna Better Health - Medicaid","MEDICAL"
""org.nativescript.LibreLinkUp","LibreLinkUp","MEDICAL"
""com.ingenovishealth.CandidatePortal","Ingenovis Health","MEDICAL"
""com.priviamedicalgroup.priviaapp","myPrivia","MEDICAL"
""com.localaiapp.scoops","Scoopz: Real Life, Real Video","ENTERTAINMENT"
""com.storymatrix.drama","DramaBox - Stream Drama Shorts","ENTERTAINMENT"
""com.tubitv","Tubi: Free Movies & Live TV","ENTERTAINMENT"
""com.netflix.mediaclient","Netflix","ENTERTAINMENT"
""tv.pluto.android","Pluto TV: Watch Free Movies/TV","ENTERTAINMENT"
""com.disney.disneyplus","Disney+","ENTERTAINMENT"
""com.wbd.stream","Max: Stream HBO, TV, & Movies","ENTERTAINMENT"
""com.peacocktv.peacockandroid","Peacock TV: Stream TV & Movies","ENTERTAINMENT"
""com.cbs.app","Paramount+","ENTERTAINMENT"
""live.shorttv.apps","ShortMax - Watch Dramas & Show","ENTERTAINMENT"
""com.roku.remote","The Roku App (Official)","ENTERTAINMENT"
""com.plexapp.android","Plex: Stream Movies & TV","ENTERTAINMENT"
""ai.socialapps.speakmaster","Poly.AI - Create AI Chat Bot","ENTERTAINMENT"
""com.amazon.avod.thirdpartyclient","Amazon Prime Video","ENTERTAINMENT"
""com.google.android.apps.youtube.unplugged","YouTube TV: Live TV & more","ENTERTAINMENT"
""com.mwm.procolor","Color Pop - Fun Coloring Games","ENTERTAINMENT"
""com.weaver.app.prod","Talkie: Personalized AI Chats","ENTERTAINMENT"
""com.hulu.plus","Hulu: Stream TV shows & movies","ENTERTAINMENT"
""com.google.android.apps.youtube.kids","YouTube Kids","ENTERTAINMENT"
""com.newleaf.app.android.victor","ReelShort - Short Movie & TV","ENTERTAINMENT"
""com.justplay.app","JustPlay: Earn Money or Donate","ENTERTAINMENT"
""com.mistplay.mistplay","MISTPLAY: Play to Earn Money","ENTERTAINMENT"
""com.stickermobi.avatarmaker","Neku: OC character creator","ENTERTAINMENT"
""tv.twitch.android.app","Twitch: Live Streaming","ENTERTAINMENT"
""me.zepeto.main","ZEPETO: Avatar, Connect & Live","ENTERTAINMENT"
""com.crunchyroll.crunchyroid","Crunchyroll","ENTERTAINMENT"
""ai.character.app","Character AI: Chat, Talk, Text","ENTERTAINMENT"
""com.netshort.abroad","NetShort：Popular Dramas & TV","ENTERTAINMENT"
""com.bala.ai.android","BALA AI: Character AI Chat App","ENTERTAINMENT"
""com.microsoft.xboxone.smartglass","Xbox","ENTERTAINMENT"
""com.sling","Sling TV: Live TV + Freestream","ENTERTAINMENT"
""com.play.lucky.real.earn.money.free.fun.games.play.reward.income","PlayWell: Play to Earn","ENTERTAINMENT"
""tv.fubo.mobile","Fubo: Watch Live TV & Sports","ENTERTAINMENT"
""com.scee.psxandroid","PlayStation App","ENTERTAINMENT"
""com.eventbrite.attendee","Eventbrite – Discover events","ENTERTAINMENT"
""tv.remote.control.firetv","Remote for Fire TV & FireStick","ENTERTAINMENT"
""com.vizio.vue.launcher","VIZIO | WatchFree+","ENTERTAINMENT"
""com.changdu.moboshort","MoboShort","ENTERTAINMENT"
""com.nbcuni.nbc","The NBC App - Stream TV Shows","ENTERTAINMENT"
""com.rankingfilter.whatmakes.challengeapp","Ranking Filter Funny Challenge","ENTERTAINMENT"
""com.amazon.imdb.tv.mobile.app","Amazon Freevee: Free Movies/TV","ENTERTAINMENT"
""com.philo.philo.google","Philo: Shows, Movies, Live TV.","ENTERTAINMENT"
""com.lutech.ghostdetector","Ghost Detector & Ghost Tracker","ENTERTAINMENT"
""com.univision.prendetv","ViX: TV, Deportes y Noticias","ENTERTAINMENT"
""com.lego.common.legoplay","LEGO® Play","ENTERTAINMENT"
""com.cbs.tve","CBS","ENTERTAINMENT"
""com.newreading.goodreels","GoodShort - Movies & Dramas","ENTERTAINMENT"
""com.Beauchamp.Messenger.external","Chai: Chat AI Platform","ENTERTAINMENT"
""com.roku.web.trc","The Roku Channel","ENTERTAINMENT"
""com.patreon.android","Patreon","ENTERTAINMENT"
""com.thezeusnetwork.www","Zeus","ENTERTAINMENT"
""com.TWCableTV","Spectrum TV","ENTERTAINMENT"
""musica.musicfree.snaptube.weezer.mp3app","Offline Music Player- Weezer","ENTERTAINMENT"
""com.hairclipper.pranksounds.funnyjoke","Hair Clipper Prank: Fun Sounds","ENTERTAINMENT"
""playstation.ps.remote.play.controller","Remote Play Controller for PS","ENTERTAINMENT"
""com.oculus.twilight","Meta Horizon","ENTERTAINMENT"
""com.digidust.elokence.akinator.freemium","Akinator","ENTERTAINMENT"
""com.iqiyi.i18n","iQIYI - Drama, Anime, Show","ENTERTAINMENT"
""com.bluesky.best_ringtone.free2017","Ringtones for android phones","ENTERTAINMENT"
""com.lego.legobuildinginstructions","LEGO® Builder","ENTERTAINMENT"
""com.imdb.mobile","IMDb: Movies & TV Shows","ENTERTAINMENT"
""com.harman.ble.jbllink","JBL Portable","ENTERTAINMENT"
""com.airhorn.funny.prank.sounds","Air Horn: Funny Prank Sounds","ENTERTAINMENT"
""com.changdu.mobovideo","MoboReels-Surprise Vows","ENTERTAINMENT"
""com.inapp.incolor","InColor: Coloring & Drawing","ENTERTAINMENT"
""com.bydeluxe.d3.android.program.starz","STARZ","ENTERTAINMENT"
""com.att.tv","DIRECTV","ENTERTAINMENT"
""com.axs.android","AXS Tickets","ENTERTAINMENT"
""com.google.android.play.games","Google Play Games","ENTERTAINMENT"
""com.ai.dogtranslator.animaltranslator","Human to Dog Translator","ENTERTAINMENT"
""revive.app","Revive: Animation & AI Photos","ENTERTAINMENT"
""com.magiclabs.mimic","Mimic - AI Photo Face Animator","ENTERTAINMENT"
""com.chat.master.prank.master.game","Chat Master: Prank Story","ENTERTAINMENT"
""com.playstation.remoteplay","PS Remote Play","ENTERTAINMENT"
""com.telemundo.awe","Telemundo: Series y TV en vivo","ENTERTAINMENT"
""com.kick.mobile","Kick: Live Streaming","ENTERTAINMENT"
""com.dailywire.androidtv","DailyWire+","ENTERTAINMENT"
""com.open.dreamer.ai","AI Hug Video Maker: JoyTu","ENTERTAINMENT"
""translate.dog.meaning","Human to Dog Translator","ENTERTAINMENT"
""ai.music.app","MyTunes : AI Music Generator","ENTERTAINMENT"
""com.burakgon.gamebooster3","Richie Games - Play & Earn","ENTERTAINMENT"
""com.ifriend.app","EVA Character AI & AI Friend","ENTERTAINMENT"
""io.zebedee.wallet","ZBD: Earn Bitcoin Rewards","ENTERTAINMENT"
""com.cargunmap.mod","Mods, addons for minecraft","ENTERTAINMENT"
""com.viacom.betplus","BET+","ENTERTAINMENT"
""com.money.time","MoneyTime - Play & Earn","ENTERTAINMENT"
""com.tapchamps.tap","TC: Play Games & Earn Rewards","ENTERTAINMENT"
""air.com.vudu.air.DownloaderTablet","Fandango at Home","ENTERTAINMENT"
""com.gofindmm.sdpro","LoveDate - AI Romantic Match","ENTERTAINMENT"
""mobi.ifunny","iFunny - memes, videos & jokes","ENTERTAINMENT"
""com.moviesanywhere.goo","Movies Anywhere","ENTERTAINMENT"
""com.kakideveloper.pickupline","Pickup Lines - Flirt Messages","ENTERTAINMENT"
""com.britbox.us","BritBox: Brilliant British TV","ENTERTAINMENT"
""com.mcpe.mods.zombie.horror","Morph&Mob Mod for MinecraftPE","ENTERTAINMENT"
""com.total.music.and","Total Mp3, offline music play","ENTERTAINMENT"
""com.pbs.video","PBS: Watch Live TV Shows","ENTERTAINMENT"
""com.viki.android","Viki: Asian Dramas & Movies","ENTERTAINMENT"
""com.nintendo.znca","Nintendo Switch Online","ENTERTAINMENT"
""com.playnearn","Snakzy: Earn While You Play","ENTERTAINMENT"
""com.amazon.tahoe.grownups","Amazon Kids+ Parent Dashboard","ENTERTAINMENT"
""com.audible.application","Audible: Audio Entertainment","BOOKS_AND_REFERENCE"
""com.mybible.todaypraybible","My Bible - Verse+Audio","BOOKS_AND_REFERENCE"
""bible.kjvbible.audio.plan.verse","Holy Bible - KJV+Verse","BOOKS_AND_REFERENCE"
""com.sirma.mobile.bible.android","YouVersion Bible App + Audio","BOOKS_AND_REFERENCE"
""com.offline.bible","Bible Offline-KJV Holy Bible","BOOKS_AND_REFERENCE"
""com.overdrive.mobile.android.libby","Libby, the Library App","BOOKS_AND_REFERENCE"
""com.liotek.lannbible","KJV Bible: Audio+Verse","BOOKS_AND_REFERENCE"
""kjvbible.verse.daily.bible.prayer","KJV Daily Bible - Verse+Audio","BOOKS_AND_REFERENCE"
""com.bible.holy.bible.for.women","Bible For Women","BOOKS_AND_REFERENCE"
""com.rnovel.android.app","NovelFlow","BOOKS_AND_REFERENCE"
""com.amazon.kindle","Amazon Kindle","BOOKS_AND_REFERENCE"
""bible.pray.daily.women.offline.kjv","Pray Daily - KJV Bible & Verse","BOOKS_AND_REFERENCE"
""holy.bible.kjv.kingjamesbible.verse.biblia","Holy Bible, KJV Bible + Audio","BOOKS_AND_REFERENCE"
""app.hallow.android","Hallow: Prayer & Meditation","BOOKS_AND_REFERENCE"
""com.hoopladigital.android","hoopla Digital","BOOKS_AND_REFERENCE"
""com.onunhen.bible","HerBible--Verses&Prayer","BOOKS_AND_REFERENCE"
""bible.offline.kingjames.holy.kjv.bible.daily.verse","Bible Daily, KJV Bible + Audio","BOOKS_AND_REFERENCE"
""holy.bible.verse.audio.kjv","Holy Bible - Verse+Audio","BOOKS_AND_REFERENCE"
""com.google.android.apps.books","Google Play Books & Audiobooks","BOOKS_AND_REFERENCE"
""com.oremus.catholic.bible.rosary.prayer","Oremus - Catholic Bible&Prayer","BOOKS_AND_REFERENCE"
""wp.wattpad","Wattpad - Read & Write Stories","BOOKS_AND_REFERENCE"
""com.kbible.htimegix","Holy Bible Time-Verses&Audio","BOOKS_AND_REFERENCE"
""gov.LA.SOS.GeauxVote","GeauxVote Mobile","BOOKS_AND_REFERENCE"
""com.cliffweitzman.speechify2","Speechify Text to Speech Voice","BOOKS_AND_REFERENCE"
""com.saintel.labible","Holy Bible Light","BOOKS_AND_REFERENCE"
""amen.blessed.app","Blessed - Daily Verse & Prayer","BOOKS_AND_REFERENCE"
""com.bible.truth.reading.daily","Truth Bible: Audio+Verse","BOOKS_AND_REFERENCE"
""com.bible.holybible.nkjv.dailyverse","Bible-Daily Bible Verse","BOOKS_AND_REFERENCE"
""com.ibooktok.novel","BookTok- Read Good Novel","BOOKS_AND_REFERENCE"
""com.goodreads","Goodreads - Find & Track Books","BOOKS_AND_REFERENCE"
""com.dailybible.lite","DailyBible Lite - KJV Version","BOOKS_AND_REFERENCE"
""com.quran.deeperquran.aiquran","Holy Quran - Deeper journey","BOOKS_AND_REFERENCE"
""com.audiobooks.androidapp","Audiobooks.com: Books & More","BOOKS_AND_REFERENCE"
""com.read.goodnovel","GoodNovel - Web Novel, Fiction","BOOKS_AND_REFERENCE"
""com.deepl.mobiletranslator","DeepL: translate & write","BOOKS_AND_REFERENCE"
""co.fable.fable","Fable: Books & TV","BOOKS_AND_REFERENCE"
""com.embria.freefm","WhisperFM - Romance Novels","BOOKS_AND_REFERENCE"
""kjv.holy.bible.verse.audio","Holy Bible - KJV+Audio+Verse","BOOKS_AND_REFERENCE"
""org.jw.jwlibrary.mobile","JW Library","BOOKS_AND_REFERENCE"
""org.readera","ReadEra – book reader pdf epub","BOOKS_AND_REFERENCE"
""kjv.bible.kingjamesbible","King James Bible - Verse+Audio","BOOKS_AND_REFERENCE"
""com.mobisystems.msdict.embedded.wireless.collins.ee","Talk & Translate - Translator","BOOKS_AND_REFERENCE"
""com.vitotechnology.sky.tonight.map.star.walk","Sky Tonight - Star Gazer Guide","BOOKS_AND_REFERENCE"
""com.labs.merlinbirdid.app","Merlin Bird ID by Cornell Lab","BOOKS_AND_REFERENCE"
""gm.passion.app","My Passion: Reading App","BOOKS_AND_REFERENCE"
""com.qidian.Int.reader","WebNovel","BOOKS_AND_REFERENCE"
""com.ancestry.android.apps.ancestry","Ancestry: Family History & DNA","BOOKS_AND_REFERENCE"
""com.heapsol.spanishenglishtranslator","Spanish English Translator","BOOKS_AND_REFERENCE"
""com.dreame.unlimited.gp","Starynovel: Read Novel & Story","BOOKS_AND_REFERENCE"
""com.scribd.app.reader0","Everand: Ebooks and audiobooks","BOOKS_AND_REFERENCE"
""com.colt","GALATEA: Novels & Audiobooks","BOOKS_AND_REFERENCE"
""net.bitbible.en","BitBible (Lockscreen, English)","BOOKS_AND_REFERENCE"
""com.JabazavrStudioCraftia.OneBlock","One Block for Minecraft Maps","BOOKS_AND_REFERENCE"
""com.eet.bible.launcher","Bible Homescreen - Read Now","BOOKS_AND_REFERENCE"
""com.sss.blackmagicspell","Black Magic","BOOKS_AND_REFERENCE"
""io.alpha.novel","AlphaNovel — Books & Stories","BOOKS_AND_REFERENCE"
""com.appgame.free.books.read.free.books","Books - Read and Download","BOOKS_AND_REFERENCE"
""com.mobisystems.msdict.embedded.wireless.oxford.dictionaryofenglish","Oxford Dictionary & Thesaurus","BOOKS_AND_REFERENCE"
""com.czaso.opisma.bible","Holy Bible Moments","BOOKS_AND_REFERENCE"
""com.beloved.bible.prayer.verse.android","Holy Bible Launcher: KJV+Audio","BOOKS_AND_REFERENCE"
""com.dwellapp.dwell","Dwell: Audio Bible","BOOKS_AND_REFERENCE"
""com.hifiction.novel.android","JoyLit","BOOKS_AND_REFERENCE"
""com.mulheres.dasbible","Women's Bible","BOOKS_AND_REFERENCE"
""com.novel.fiction.read.story.book","Readict -One Click Away Novels","BOOKS_AND_REFERENCE"
""org.familysearch.mobile","FamilySearch Tree","BOOKS_AND_REFERENCE"
""org.blueletterbible.blb","Blue Letter Bible","BOOKS_AND_REFERENCE"
""com.pakdata.QuranMajeed","Quran Majeed – القران الكريم","BOOKS_AND_REFERENCE"
""com.taghche.books","طاقچه؛ کتاب الکترونیکی و صوتی","BOOKS_AND_REFERENCE"
""com.dreame.reader","Dreame-Read Romance Stories","BOOKS_AND_REFERENCE"
""com.throughtheword.v2","Through the Word","BOOKS_AND_REFERENCE"
""org.wikipedia","Wikipedia","BOOKS_AND_REFERENCE"
""com.kw.literie","Literie-Endless Stories Await","BOOKS_AND_REFERENCE"
""org.lds.ldssa","Gospel Library","BOOKS_AND_REFERENCE"
""holy.bible.kjv.verse.audio","Bible Audio - KJV Daily Verse","BOOKS_AND_REFERENCE"
""com.wromance.mobile.ads","Freewave: Romance Audiobooks","BOOKS_AND_REFERENCE"
""com.kw.fournovel","MetroNovel - Let Stories Shine","BOOKS_AND_REFERENCE"
""io.elevenlabs.readerapp","Reader by ElevenLabs","BOOKS_AND_REFERENCE"
""com.zhangyue.read.novelzoom","NovelZoom","BOOKS_AND_REFERENCE"
""com.ascension.app","Ascension | Bible & Catechism","BOOKS_AND_REFERENCE"
""com.basmo.BibleChat","Bible Chat - Christian Prayer","BOOKS_AND_REFERENCE"
""com.google.android.stardroid","Sky Map","BOOKS_AND_REFERENCE"
""com.coreapps.android.followme.sema2015","SEMAShow","BOOKS_AND_REFERENCE"
""com.zhangyue.read.rosanovela","Novelmates-Stories&Novels","BOOKS_AND_REFERENCE"
""com.whaledream.novel","Joyread","BOOKS_AND_REFERENCE"
""com.thriftbooks.mobile","ThriftBooks: New & Used Books","BOOKS_AND_REFERENCE"
""com.merriamwebster","Dictionary - Merriam-Webster","BOOKS_AND_REFERENCE"
""com.fiction.me","FictionMe: Stories & Novels","BOOKS_AND_REFERENCE"
""com.fishmy.android","Daily Bible Devotion & Prayer","BOOKS_AND_REFERENCE"
""com.miccron.coinoscope","Coinoscope: Coin identifier","BOOKS_AND_REFERENCE"
""bible.nivapp","NIV Bible","BOOKS_AND_REFERENCE"
""com.wromance.mobile","Tempt: Romance Audiobooks","BOOKS_AND_REFERENCE"
""com.zhangyue.read.ireaderpor","Fatednovel- Web novel & Story","BOOKS_AND_REFERENCE"
""com.translateasy.chattranslator","Translateasy Lingual Assistant","BOOKS_AND_REFERENCE"
""com.zhangyue.read.novelworld","NovelWorld - Enjoy novels","BOOKS_AND_REFERENCE"
""free.alquran.holyquran","Al QURAN - القرآن الكريم","BOOKS_AND_REFERENCE"
""org.rbc.odb","Our Daily Bread","BOOKS_AND_REFERENCE"
""net.tonysoft.bookmory","Bookmory - reading tracker","BOOKS_AND_REFERENCE"
""org.lds.stream","Gospel Stream","BOOKS_AND_REFERENCE"
""com.tecarta.TecartaBible","Life Bible","BOOKS_AND_REFERENCE"
""com.qvon.novellair","Novellair-Your Book Nook","BOOKS_AND_REFERENCE"
""com.particlenews.newsbreak","NewsBreak: Local News & Alerts","NEWS_AND_MAGAZINES"
""com.novanews.localnews.en","Local News: Breaking & Latest","NEWS_AND_MAGAZINES"
""com.cnn.mobile.android.phone","CNN: Breaking US & World News","NEWS_AND_MAGAZINES"
""com.opera.app.news.local","Local News: Headlines & Alerts","NEWS_AND_MAGAZINES"
""police.scanner.radio.broadcastify.citizen","Police Scanner - Live Radio","NEWS_AND_MAGAZINES"
""com.novanews.android.dailynews","Daily News: Local & Alerts","NEWS_AND_MAGAZINES"
""com.nbcnews.msnbc.mobile","MSNBC: Watch Live & Analysis","NEWS_AND_MAGAZINES"
""com.zumobi.msnbc","NBC News: Breaking News & Live","NEWS_AND_MAGAZINES"
""com.abc.abcnews","ABC News: Breaking News Live","NEWS_AND_MAGAZINES"
""com.yahoo.mobile.client.android.yahoo","Yahoo News: Your Guide to News","NEWS_AND_MAGAZINES"
""com.nytimes.android","The New York Times: Live News","NEWS_AND_MAGAZINES"
""com.dailywire.thedailywire","DailyWire+","NEWS_AND_MAGAZINES"
""com.newsvison.android.newstoday","News Today","NEWS_AND_MAGAZINES"
""com.fox.fts.android","FOX LOCAL: Live Streaming News","NEWS_AND_MAGAZINES"
""com.scannerradio","Scanner Radio - Police Scanner","NEWS_AND_MAGAZINES"
""com.news.app.global","Breaking News - Live Headlines","NEWS_AND_MAGAZINES"
""com.quora.android","Quora: the knowledge platform","NEWS_AND_MAGAZINES"
""com.fng.foxnation","FOX Nation: Celebrate America","NEWS_AND_MAGAZINES"
""com.fli.android.newsmaxapp","Newsmax","NEWS_AND_MAGAZINES"
""com.haystack.android","Haystack News: Local TV News","NEWS_AND_MAGAZINES"
""com.checkitt","Ground News","NEWS_AND_MAGAZINES"
""com.podcast.podcasts","Podcast Player","NEWS_AND_MAGAZINES"
""ma.safe.bnus","US News: Breaking News & Local","NEWS_AND_MAGAZINES"
""com.particlenews.newsbreaklite","NewsBreak Lite","NEWS_AND_MAGAZINES"
""com.microsoft.amp.apps.bingnews","Microsoft Start: News & more","NEWS_AND_MAGAZINES"
""com.local.news.radar","Zip News: Latest & Alerts","NEWS_AND_MAGAZINES"
""sp0n.citizen","Citizen: Local Safety Alerts","NEWS_AND_MAGAZINES"
""com.google.android.apps.magazines","Google News - Daily Headlines","NEWS_AND_MAGAZINES"
""com.local.news.plus","Local News - Latest & Smart","NEWS_AND_MAGAZINES"
""mnn.Android","AP News: World & Local","NEWS_AND_MAGAZINES"
""com.quicknews.android.newsdeliver","Quick News","NEWS_AND_MAGAZINES"
""com.treemolabs.apps.cbsnews","CBS News - Live Breaking News","NEWS_AND_MAGAZINES"
""jp.gocro.smartnews.android","SmartNews: News That Matters","NEWS_AND_MAGAZINES"
""com.opera.app.news","Opera News: breaking & local","NEWS_AND_MAGAZINES"
""com.twcable.twcnews","Spectrum News: Local Stories","NEWS_AND_MAGAZINES"
""org.npr.android.news","NPR","NEWS_AND_MAGAZINES"
""com.hearst.android.koco","KOCO 5 News and Weather","NEWS_AND_MAGAZINES"
""com.novanews.android.localnews.es","Noticias Locales","NEWS_AND_MAGAZINES"
""com.straightarrownews","Straight Arrow News","NEWS_AND_MAGAZINES"
""com.tuckercarlson.tv","Tucker Carlson Network","NEWS_AND_MAGAZINES"
""com.theepochtimes.news","The Epoch Times: Breaking News","NEWS_AND_MAGAZINES"
""com.cbsnews.ott","CBS News - Live Breaking News","NEWS_AND_MAGAZINES"
""com.MericaNowNews.android","Real News - Republican News","NEWS_AND_MAGAZINES"
""com.ring.neighborhoods","Neighbors by Ring","NEWS_AND_MAGAZINES"
""wsj.reader_sp","The Wall Street Journal.","NEWS_AND_MAGAZINES"
""live.free.tv_us","FREECABLE© TV App: Shows, News","NEWS_AND_MAGAZINES"
""com.balatarin.android.app","Balatarin","NEWS_AND_MAGAZINES"
""bbc.mobile.news.ww","BBC: World News & Stories","NEWS_AND_MAGAZINES"
""com.breakingnewsbrief.app","US News - Breaking News Brief","NEWS_AND_MAGAZINES"
""app.tpusa.mobile","TPACTION","NEWS_AND_MAGAZINES"
""com.medium.reader","Medium","NEWS_AND_MAGAZINES"
""com.griffincommunications.droid.news9","News 9","NEWS_AND_MAGAZINES"
""com.eet.news.launcher","NewsNow Home: Breaking & Local","NEWS_AND_MAGAZINES"
""com.nexstar.newsnation","NewsNation: Unbiased News","NEWS_AND_MAGAZINES"
""com.washingtonpost.android","Washington Post","NEWS_AND_MAGAZINES"
""com.maz.combo3578","RSBN","NEWS_AND_MAGAZINES"
""com.abclocal.wabc.news","ABC 7 New York","NEWS_AND_MAGAZINES"
""ma.safe.bn","Breaking News: Local & Alerts","NEWS_AND_MAGAZINES"
""au.com.shiftyjelly.pocketcasts","Pocket Casts - Podcast Player","NEWS_AND_MAGAZINES"
""com.guardian","The Guardian - News & Sport","NEWS_AND_MAGAZINES"
""com.griffincommunications.droid.newson6","News On 6","NEWS_AND_MAGAZINES"
""com.weather.forecast.news","Local Weather & News - Radar","NEWS_AND_MAGAZINES"
""com.hearst.android.Four029TV","40/29 News and Weather","NEWS_AND_MAGAZINES"
""com.weathergroup.localnow","Local Now: News, Movies & TV","NEWS_AND_MAGAZINES"
""com.forhy.clobaltimes","Global Times","NEWS_AND_MAGAZINES"
""com.rcp.mobile","Real Clear Politics","NEWS_AND_MAGAZINES"
""com.levintv","BlazeTV","NEWS_AND_MAGAZINES"
""com.fivenewsonline.localtv","5NEWS Northwest Arkansas","NEWS_AND_MAGAZINES"
""com.cmgdigital.AJCBreakingNews","AJC News","NEWS_AND_MAGAZINES"
""io.sixminutes.breakingnews","6Minutes - Local News & Alerts","NEWS_AND_MAGAZINES"
""com.usatoday.android.news","USA TODAY: US & Breaking News","NEWS_AND_MAGAZINES"
""com.andresbonilla.wapatv.WapaTV","WAPA.TV","NEWS_AND_MAGAZINES"
""org.cspan.app","C-SPAN Now","NEWS_AND_MAGAZINES"
""com.aljazeera.mobile","Al Jazeera","NEWS_AND_MAGAZINES"
""com.kunpo88.baba2.tay","Ps2 64bit Plugins arm64","NEWS_AND_MAGAZINES"
""com.bskyb.skynews.android","Sky News: Breaking, UK & World","NEWS_AND_MAGAZINES"
""com.nbcuni.telemundostations.puertorico","Telemundo Puerto Rico","NEWS_AND_MAGAZINES"
""com.abclocal.kabc.news","ABC7 Los Angeles","NEWS_AND_MAGAZINES"
""com.nbcuni.nbcots.nbcphiladelphia.android","NBC10 Philadelphia Local News","NEWS_AND_MAGAZINES"
""com.doapps.android.mln.MLN_b9e6d9221dcefc50ba23c6bd04ace911","WFAA - News from North Texas","NEWS_AND_MAGAZINES"
""com.nbcuni.telemundo.noticiastelemundo","Noticias Telemundo","NEWS_AND_MAGAZINES"
""com.oan.live","OAN Live","NEWS_AND_MAGAZINES"
""com.economist.lamarr","The Economist - News, Podcasts","NEWS_AND_MAGAZINES"
""com.nbcuni.telemundostation.telemundo51","Telemundo 51 Miami: Noticias","NEWS_AND_MAGAZINES"
""com.americasvoicenews.androidtv","Real America’s Voice News","NEWS_AND_MAGAZINES"
""com.stocks.news","Stocks News","NEWS_AND_MAGAZINES"
""com.newssynergy.koki","FOX23 News Tulsa","NEWS_AND_MAGAZINES"
""com.courttv","Court TV","NEWS_AND_MAGAZINES"
""com.bloomberg.android.plus","Bloomberg: Finance Market News","NEWS_AND_MAGAZINES"
""com.goforit.localtv","KFOR","NEWS_AND_MAGAZINES"
""com.abclocal.wls.news","ABC7 Chicago","NEWS_AND_MAGAZINES"
""com.superfeedtech.eva","Early Vote Action","NEWS_AND_MAGAZINES"
""me.oann.news","OAN: Live Breaking News","NEWS_AND_MAGAZINES"
""com.salemwebnetwork.salemnewschannel","Salem News Channel","NEWS_AND_MAGAZINES"
""com.condenast.thenewyorker.android","The New Yorker","NEWS_AND_MAGAZINES"
""com.abclocal.ktrk.news","ABC13 Houston","NEWS_AND_MAGAZINES"
""com.imib.cctv","CGTN – China Global TV Network","NEWS_AND_MAGAZINES"
""com.politico.android","POLITICO","NEWS_AND_MAGAZINES"
""com.iart.chromecastapps","Apps 4 Chromecast & Android TV","NEWS_AND_MAGAZINES"
""com.tribtv.ktla2","KTLA 5","NEWS_AND_MAGAZINES"
""com.indeed.android.jobsearch","Indeed Job Search","BUSINESS"
""us.zoom.videomeetings","Zoom Workplace","BUSINESS"
""com.azure.authenticator","Microsoft Authenticator","BUSINESS"
""com.microsoft.teams","Microsoft Teams","BUSINESS"
""com.doordash.driverapp","DoorDash - Dasher","BUSINESS"
""com.ubercab.driver","Uber - Driver: Drive & Deliver","BUSINESS"
""com.adpmobile.android","ADP Mobile Solutions","BUSINESS"
""com.amazon.flex.rabbit","Amazon Flex","BUSINESS"
""com.linkedin.android","LinkedIn: Jobs & Business News","BUSINESS"
""com.ukg.oneapp","UKG Pro","BUSINESS"
""com.google.android.apps.dynamite","Google Chat","BUSINESS"
""com.workday.workdroidapp","Workday","BUSINESS"
""com.boatip.browser","Boat Browser","BUSINESS"
""com.duosecurity.duomobile","Duo Mobile","BUSINESS"
""com.glassdoor.app","Glassdoor | Jobs & Community","BUSINESS"
""com.ziprecruiter.android.release","Job Search by ZipRecruiter","BUSINESS"
""com.walmart.sparkdriver","Spark Driver","BUSINESS"
""com.usps.app","USPS MOBILE®","BUSINESS"
""com.fedex.ida.android","FedEx Mobile","BUSINESS"
""com.lyft.android.driver","Lyft Driver","BUSINESS"
""com.adobe.scan.android","Adobe Scan: PDF Scanner, OCR","BUSINESS"
""com.voteractivationnetwork.minivan","MiniVAN","BUSINESS"
""com.paylocity.paylocitymobile","Paylocity","BUSINESS"
""com.squareup","Square Point of Sale: Payment","BUSINESS"
""com.Slack","Slack","BUSINESS"
""one.cryptoguru.cryptotradingacademy","Cryptoguru: Trading Simulator","BUSINESS"
""com.cisco.wx2.android","Webex","BUSINESS"
""com.alightsolutions.benefitscenter","Alight Mobile","BUSINESS"
""com.tvscreencasting.screencast.screenmirroring","Cast Phone to TV, Chromecast","BUSINESS"
""com.documentscan.simplescan.scanpdf","Document Scan: PDF scanner","BUSINESS"
""com.shipt.shopper","Shipt: Deliver & Earn Money","BUSINESS"
""com.publicstorage.officialapp","Public Storage","BUSINESS"
""com.instaworkmobile","Instawork: Be your own boss","BUSINESS"
""com.grubhub.driver","Grubhub for Drivers","BUSINESS"
""com.shopify.mobile","Shopify - Your Ecommerce Store","BUSINESS"
""com.bpmobile.iscanner.free","iScanner - PDF Scanner App","BUSINESS"
""com.walmart.squiggly","Me@Walmart","BUSINESS"
""com.ups.mobile.android","UPS","BUSINESS"
""org.peopleready.jobstack","JobStack for Work | Job Search","BUSINESS"
""net.itx.paychex","Paychex Flex","BUSINESS"
""com.businessolver.mychoice","MyChoice Benefits","BUSINESS"
""com.amazon.atozm","Amazon A to Z","BUSINESS"
""com.cisco.webex.meetings","Webex Meetings","BUSINESS"
""com.logmein.gotoconnect","GoTo","BUSINESS"
""com.fiverr.fiverr","Fiverr - Freelance Service","BUSINESS"
""com.facebook.pages.app","Meta Business Suite","BUSINESS"
""exchange.ondemand.randstad.worker","randstad: jobs for workers","BUSINESS"
""com.etsy.butter.sell_on_etsy","Etsy Seller: Manage Your Shop","BUSINESS"
""com.allinone.logomaker.app","Logo Maker : Graphic Designer","BUSINESS"
""com.meeting.onlinemeetingsvideomeeting","Meeting - Video Conference","BUSINESS"
""com.kronos.dimensions.enterprise","UKG Dimensions","BUSINESS"
""us.zoom.pwa.twa","Zoom for Chromebook","BUSINESS"
""com.logmein.rescuemobile","Rescue + Mobile for Android","BUSINESS"
""com.dayforce.mobile","Dayforce","BUSINESS"
""com.joinhomebase.homebase.homebase","Employee Schedule & Time Clock","BUSINESS"
""com.paycor.perform","Paycor Mobile","BUSINESS"
""com.shiftsmart.workerapp","Shiftsmart - Find Work","BUSINESS"
""com.hugoteam.airtalk_wireless","AirTalk Wireless","BUSINESS"
""com.paypal.merchant.client","PayPal Business","BUSINESS"
""com.dat.unified","DAT One","BUSINESS"
""com.kronos.workforceready","UKG Ready","BUSINESS"
""biz.faxapp.app","FAX App: Send Faxes from Phone","BUSINESS"
""com.jobtoday.app","JOB TODAY: Hire & Find Jobs","BUSINESS"
""com.tmobile.techphd","Protection 360™","BUSINESS"
""com.amarkets","AMarkets: Trade & Invest","BUSINESS"
""com.thisclicks.wiw","When I Work Team Scheduling","BUSINESS"
""com.thegrizzlylabs.geniusscan.free","Genius Scan - PDF Scanner","BUSINESS"
""com.yelp.android.biz","Yelp for Business","BUSINESS"
""com.kdanmobile.android.pdfreader.google.pad","PDF Reader: Edit & Convert PDF","BUSINESS"
""us.zoom.videomeetings4intune","Zoom Workplace for Intune","BUSINESS"
""com.connecteamco.Connecteam.app","Connecteam Team Management App","BUSINESS"
""com.paveapp","Solo: Your Gig Business App","BUSINESS"
""com.maverik.rewards","Maverik Rewards","BUSINESS"
""com.pgac.general.droid","The General® Auto Insurance","BUSINESS"
""com.jobget","JobGet: Job Search","BUSINESS"
""com.whova.event","Whova - Event & Conference App","BUSINESS"
""com.mobisystems.office","MobiOffice: Word, Sheets, PDF","BUSINESS"
""com.gigsmart.worker","GigSmart Get Gigs","BUSINESS"
""com.intuit.quickbooks","QuickBooks Online Accounting","BUSINESS"
""onlinejobs.opportunities.employment","Work from Home","BUSINESS"
""com.google.android.apps.adwords","Google Ads","BUSINESS"
""com.cvent.mobile.eventapp","Cvent Events","BUSINESS"
""com.wooask.zx","Wooask | Offline translation","BUSINESS"
""com.trucksmarter.app","TruckSmarter Load Board & Fuel","BUSINESS"
""com.serveture.staffmark","Staffmark Group WorkNOW","BUSINESS"
""com.benefitfocus.myhrit","Benefitplace","BUSINESS"
""com.concur.breeze","SAP Concur","BUSINESS"
""com.sevenshifts.android","7shifts: Employee Scheduling","BUSINESS"
""com.jobrapp.jobr","Monster Job Search","BUSINESS"
""co.legion.client","Legion Workforce Engagement","BUSINESS"
""com.semaphore.login","Vagaro Pro","BUSINESS"
""com.glip.mobile","RingCentral","BUSINESS"
""com.facebook.adsmanager","Meta Ads Manager","BUSINESS"
""com.vehotechnologies.Driver","Veho Driver","BUSINESS"
""com.traba.trabaapp","Traba","BUSINESS"
""com.bg.flyermaker","Flyers, Poster Maker, Design","BUSINESS"
""com.aadhk.woinvoice","Invoice Simple: Invoice Maker","BUSINESS"
""com.workjam.workjam","WorkJam","BUSINESS"
""com.microsoft.rdc.androidx","Remote Desktop","BUSINESS"
""com.teamviewer.teamviewer.market.mobile","TeamViewer Remote Control","BUSINESS"
""com.naver.linewebtoon","WEBTOON","COMICS"
""com.kodansha.kmanga","K MANGA","COMICS"
""com.dashtoon.app","Dashtoon: Comics & Manga","COMICS"
""com.tapastic","Tapas – Comics and Novels","COMICS"
""jp.co.shueisha.mangaplus","MANGA Plus by SHUEISHA","COMICS"
""com.viz.wsj.android","Shonen Jump Manga & Comics","COMICS"
""net.manta.comic","Manta: Comics & Graphic Novels","COMICS"
""com.square_enix.android_googleplay.mangaup_global","Manga UP!","COMICS"
""com.webcomics.manga","WebComics - Webtoon & Manga","COMICS"
""com.vizmanga.android","VIZ Manga","COMICS"
""com.contentsfirst.tappytoon","Tappytoon Manhwa & Novels","COMICS"
""com.globalcomix.mobileapp","GlobalComix: Comic Book Reader","COMICS"
""com.marvel.unlimited","Marvel Unlimited","COMICS"
""com.toomics.global.google","Toomics - Read Premium Comics","COMICS"
""com.pocketfm.toons","Pocket Toons","COMICS"
""com.zalivka.animation2","Draw Cartoons 2","COMICS"
""com.lezhin.comics","Lezhin Comics - Daily Releases","COMICS"
""io.comico","POCKET COMICS: Premium Webtoon","COMICS"
""com.hipcomic","My Collection: Comic Scanner","COMICS"
""com.wb.goog.dcuniverse","DC UNIVERSE INFINITE","COMICS"
""com.wael.mangamello","Mangamello - مانجاميلو","COMICS"
""com.yhi.street.city.mafia.gangster.thug.crime.shooting.simulator.game","Indian Gangster Bike Games","COMICS"
""com.viewer.comicscreen","ComicScreen - PDF, ComicReader","COMICS"
""com.voyce.me","VoyceMe: Manga and Webtoons","COMICS"
""jp.co.amutus.comicle.mangaapp","Comicle Manga: Manhwa & Manga","COMICS"
""mobi.mangatoon.comics.aphone","MangaToon: Comic & Manga","COMICS"
""com.nhn.android.webtoon","네이버 웹툰 - Naver Webtoon","COMICS"
""com.alpha_manga.alphamanga","Alpha Manga: Read Isekai Manga","COMICS"
""com.collectorz.javamobile.android.comics","CLZ Comics comic book database","COMICS"
""com.animetv.sub.dub.origin","Anime tv - Watch Anime Online","COMICS"
""com.srpc.MangaArabia","مانجا للصغار","COMICS"
""com.mangamo.app","Mangamo Manga & Comics","COMICS"
""com.initialcoms.ridi","리디 - 웹툰, 만화, 웹소설, 전자책 모두 여기에!","COMICS"
""com.progdigy.cdisplay.free","CDisplayEx Comic Reader Lite","COMICS"
""com.jegulabs.manga","Mango: Lector de Manga Español","COMICS"
""com.LeagueofComicGeeks.app2","League of Comic Geeks","COMICS"
""com.keycollectorcomics.keycollector","Key Collector Comics","COMICS"
""com.mouaadouajib.mangago","MangaGo - Ultimate Manga App","COMICS"
""com.tmolector.labs","TMOLector: Manga and Stories","COMICS"
""com.ai.create.comic","Comickey - AI Comic Maker","COMICS"
""com.animetv.animetvonline.us2002","Anime tv - Anime Tv Online HD","COMICS"
""com.csmart.cartooncomic.stripmaker","Cartoon Comic Strip Maker","COMICS"
""com.rookiestudio.perfectviewer","Perfect Viewer","COMICS"
""ru.androidtools.comic_book_magazine_reader_cbr_cbz","Comic Book Reader (cbz/cbr)","COMICS"
""com.wexpy.ocaso","ArcStory - AI Comic generator","COMICS"
""com.manga.library.online","Manga Library - مكتبة المانجا","COMICS"
""co.pamobile.pokemon.cardmaker","Card Maker for PKM (Poke Fan)","COMICS"
""com.topco.toptoonglobal.iap","DayComics","COMICS"
""com.lalatoon.android","Lalatoon - Comics & Webtoon","COMICS"
""marcostudios.funnyjokes","Funny Jokes And Riddles","COMICS"
""caz.cartoon.avatarmaker","Avatar Maker - Avatar Creator","COMICS"
""photo.smile.comic.dragonz","SelfComic: Super Saiyan Photo","COMICS"
""com.ebookrenta.en_app","Manga Renta","COMICS"
""com.balcony.bomtoon.tw","BOMTOON - 正版授權網漫","COMICS"
""com.comikey.banagher","Comikey - Manga & Webcomics","COMICS"
""com.manga.player.arabic","مانجا بلاير - Manga Player","COMICS"
""com.arkham","Comics Price Guide","COMICS"
""com.bomcomics.bomtoon.playstore","봄툰","COMICS"
""com.hand.craft.omblo.handcraft.survival.adventure","Minicraft Crafting Building","COMICS"
""eu.bandainamcoent.LNDC","Little Nightmares Comics","COMICS"
""com.ffmapmcpe.ffFieMaxminecraftaddon","FF Fire Minecraft Map: Max Mod","COMICS"
""com.inkr.comics","INKR — Comics, Manga, Webtoons","COMICS"
""com.abyss.abyssreader","Abyss Reader","COMICS"
""nz.yoozoo.caddy","CCC: The Mystery of Caddy","COMICS"
""com.wiryaimd.mangatranslator","Manga Translator","COMICS"
""com.mimanga.app","MiManga: Manga and Comics","COMICS"
""sunnary.bibleforchildren","The Bible in pictures","COMICS"
""crie.mycomics","MyComics","COMICS"
""com.dhaouadi.MangaUniverse","MangaRise - Manga Reader","COMICS"
""com.grandrapids.comiccon","Grand Rapids Comic Con","COMICS"
""br.com.escolhatecnologia.voztradutor","Translator Woman's Voice - TTS","COMICS"
""com.rahatlabs.pukhto.stories.landeqesi","Pashto short stories پښتو قیصی","COMICS"
""com.toonsutra.comicapp","Toonsutra: Webtoon & Comics","COMICS"
""com.shortboxed","Shortboxed","COMICS"
""jp.pxv.android.manga","pixivコミック - みんなのマンガアプリ","COMICS"
""com.avatarmaker.cartoonmaker","Cartoon Video & Gif Maker","COMICS"
""us.fakevideocallingprank.jasonfriday","Jason Calling - Fake Friday 13","COMICS"
""com.newput.tinyview","Tinyview Comics","COMICS"
""com.icollect.comic","iCollect Comic Books","COMICS"
""com.knightmodels.batmanminiaturegame","Batman Miniature Game","COMICS"
""app.game.rentaapps","漫画 ”Ｒｅｎｔａ”マンガ レンタル漫画アプリ","COMICS"
""com.Mensajes.buena.manana.tarde.noche","Buenos días tardes y noches","COMICS"
""dme.systems.zebra_comics","Zebra Comics: Webtoons & Manga","COMICS"
""com.manganet_club","MangaNet Club","COMICS"
""com.bl.cod.black.ops","Cover Hunter - 3v3 Team Battle","COMICS"
""com.ai.video.generator.text.to.video","Text to AI Video Generator","COMICS"
""com.legendary.farm.animal.sim","Animal Farm Sim Farming Games","COMICS"
""nz.yoozoo.gianteagle","CCC: Call of the Giant Eagle","COMICS"
""com.delitoon","delitoon","COMICS"
""co.trulite.pentacomix","Pentacomix","COMICS"
""com.sgh.policedog.policecrime","Pet Dog Simulator Puppy Life","COMICS"
""com.Pygmies.superhero.flash.rescue.free","Superhero Flying speedster","COMICS"
""com.madmustachecompany.comic.book.manga.reader","ComiQuest - Comic Reader","COMICS"
""photo.smile.comic.ninja","SelfComic: Sasuke Ninja Photo","COMICS"
""co.azuki.app","Azuki – Manga Reader App","COMICS"
""balcony.beltoon.jp","BeLTOON","COMICS"
""org.kill.geek.bdviewer","Challenger Comics Viewer","COMICS"
""com.rahatlabs.pukhto.novel.pakhtonovels","Pashto novels پښتو ناولې قیصی","COMICS"
""com.rookiestudio.perfectviewer.pdfplugin","Perfect Viewer PDF&DJVU Plugin","COMICS"
""wastickerapps.newemojistickers.stickersforwhatsapp","WASticker-Sticker for WhatsApp","COMICS"
""com.openai.chatgpt","ChatGPT","PRODUCTIVITY"
""com.officedocument.word.docx.document.viewer","Office Word Reader: PDF, DOCX","PRODUCTIVITY"
""pdf.pdfreader.viewer.editor.free","PDF Reader - PDF Viewer","PRODUCTIVITY"
""com.google.android.apps.bard","Google Gemini","PRODUCTIVITY"
""com.instabridge.android","Instabridge: WiFi Map","PRODUCTIVITY"
""com.devicefile.clear.helper","Device File Helper","PRODUCTIVITY"
""ai.chat.gpt.bot","ChatOn - AI Chat Bot Assistant","PRODUCTIVITY"
""com.xfinity.digitalhome","Xfinity","PRODUCTIVITY"
""com.adobe.reader","Adobe Acrobat Reader: Edit PDF","PRODUCTIVITY"
""com.pdf.read.view.editor.pdfreader.pdfviewer","PDF Reader - Viewer & Editor","PRODUCTIVITY"
""com.google.android.apps.docs.editors.docs","Google Docs","PRODUCTIVITY"
""com.notes.todolist.notebook.checklist.notepad.android","Notes Launcher: Notepad, To-do","PRODUCTIVITY"
""com.documentreader.documentviewer.office","Document Reader & Viewer","PRODUCTIVITY"
""com.learned.guard.jildo","MiraClean - File Manager","PRODUCTIVITY"
""com.hp.printercontrol","HP Smart","PRODUCTIVITY"
""com.tsheets.android.hammerhead","QuickBooks Workforce","PRODUCTIVITY"
""com.google.android.apps.docs.editors.sheets","Google Sheets","PRODUCTIVITY"
""com.anthropic.claude","Claude by Anthropic","PRODUCTIVITY"
""com.scaleup.chatai","AI Chatbot - Nova","PRODUCTIVITY"
""com.trustedapp.qrcodebarcode","QR Scanner - Barcode Reader","PRODUCTIVITY"
""com.microsoft.copilot","​​Microsoft Copilot","PRODUCTIVITY"
""com.microsoft.office.word","Microsoft Word: Edit Documents","PRODUCTIVITY"
""com.microsoft.office.outlook","Microsoft Outlook","PRODUCTIVITY"
""com.teacapps.barcodescanner","QR & Barcode Reader","PRODUCTIVITY"
""com.dropbox.android","Dropbox: Secure Cloud Storage","PRODUCTIVITY"
""smart.air.printer","Smart Print - Air Printer App","PRODUCTIVITY"
""applock.lockapps.fingerprint.password.applocker","App Lock - Fingerprint Lock","PRODUCTIVITY"
""com.mammothvpn20023.pro","Mammoth VPN","PRODUCTIVITY"
""notes.notepad.checklist.calendar.todolist.notebook","Notepad, Notes, Easy Notebook","PRODUCTIVITY"
""all.documentreader.filereader.office.viewer","Document Reader & PDF Editor","PRODUCTIVITY"
""com.microsoft.office.officehubrow","Microsoft 365 (Office)","PRODUCTIVITY"
""com.google.android.apps.subscriptions.red","Google One","PRODUCTIVITY"
""com.intsig.camscanner","CamScanner- scanner, PDF maker","PRODUCTIVITY"
""com.okta.android.auth","Okta Verify","PRODUCTIVITY"
""com.google.android.calendar","Google Calendar","PRODUCTIVITY"
""email.home.allmail.launcher","Email: Fast, Manage All Mails","PRODUCTIVITY"
""com.translater.language.translator.voice.photo","All Language Translator App","PRODUCTIVITY"
""com.att.shm","Smart Home Manager","PRODUCTIVITY"
""com.tsoft.pdfreader","PDF Reader - All PDF Viewer","PRODUCTIVITY"
""com.unrollme","Unroll.Me - Email Cleanup","PRODUCTIVITY"
""com.ezt.pdfreader.pdfviewer","PDF Reader – PDF Viewer","PRODUCTIVITY"
""com.supervpn.vpn.free.proxy","VPN Proxy Speed - Super VPN","PRODUCTIVITY"
""com.google.android.apps.docs.editors.slides","Google Slides","PRODUCTIVITY"
""com.freevpnplanet","Free VPN Proxy by Planet VPN","PRODUCTIVITY"
""com.huasheng.frugality.quickpdf","DITUO PDF","PRODUCTIVITY"
""com.code.use","QR Elite-Code Linker","PRODUCTIVITY"
""com.codespaceapps.aichat","Chatbot AI & Smart Assistant","PRODUCTIVITY"
""pdf.tap.scanner","PDF Scanner app - TapScanner","PRODUCTIVITY"
""com.google.android.keep","Google Keep - Notes and Lists","PRODUCTIVITY"
""com.google.android.apps.tasks","Google Tasks","PRODUCTIVITY"
""com.microsoft.appmanager","Link to Windows","PRODUCTIVITY"
""com.normally.office.trans","Cow Cat-Chat Translate","PRODUCTIVITY"
""ai.perplexity.app.android","Perplexity - Ask Anything","PRODUCTIVITY"
""translate.voice.translator.camera.translation.free.all.language.app","Translate - Translator","PRODUCTIVITY"
""pdf.pdfreader.pdfeditor.pdfmaker.pdfscanner","PDF Reader: PDF Viewer","PRODUCTIVITY"
""com.chatbot.ai.aichat.openaibot.chat","AI Chat: Ask AI Chat Anything","PRODUCTIVITY"
""com.microsoft.office.excel","Microsoft Excel: Spreadsheets","PRODUCTIVITY"
""com.appswing.qr.barcodescanner.barcodereader","QR Scanner - Barcode Scanner","PRODUCTIVITY"
""com.mlink.ai.chat.assistant.robot","AI Chat・Ask Chatbot Assistant","PRODUCTIVITY"
""com.docusign.ink","Docusign - Upload & Sign Docs","PRODUCTIVITY"
""com.hp.android.printservice","HP Print Service Plugin","PRODUCTIVITY"
""com.ibragunduz.applockpro","Applock Pro - App Lock & Guard","PRODUCTIVITY"
""com.documentreader.free.viewer.all","All Document Reader","PRODUCTIVITY"
""com.game.console.emulator","Gamu: Emulator Console Game","PRODUCTIVITY"
""com.aol.mobile.aolapp","AOL: Email News Weather Video","PRODUCTIVITY"
""com.avg.cleaner","AVG Cleaner – Storage Cleaner","PRODUCTIVITY"
""com.readpdf.pdfreader.pdfviewer","Image to PDF: PDF Converter","PRODUCTIVITY"
""com.clockhome.android.clock.alarm","Clock Launcher: Set Alarms","PRODUCTIVITY"
""ygvas.scanqr.master.udybc","Ank ScanMaster","PRODUCTIVITY"
""mega.privacy.android.app","MEGA","PRODUCTIVITY"
""pdfreader.pdfviewer.allofficedocumentreader.pdfgo","PDF Reader, All PDF Viewer","PRODUCTIVITY"
""com.pdf.editor.viewer.pdfreader.pdfviewer","PDF Reader and Photo to PDF","PRODUCTIVITY"
""com.atomczak.notepat","Notepad - simple notes","PRODUCTIVITY"
""com.grammarly.android.keyboard","Grammarly-AI Writing Assistant","PRODUCTIVITY"
""com.coffeebeanventures.easyvoicerecorder","Easy Voice Recorder","PRODUCTIVITY"
""com.microsoft.office.powerpoint","Microsoft PowerPoint","PRODUCTIVITY"
""pdf.reader.pdfviewer.pdfeditor","PDF Reader - PDF Editor","PRODUCTIVITY"
""com.calendar2019.hindicalendar","Calendar 2024","PRODUCTIVITY"
""applock.lockapps.fingerprint.password.lockit","App Lock - Applock Fingerprint","PRODUCTIVITY"
""todolist.scheduleplanner.dailyplanner.todo.reminders","To-Do List - Schedule Planner","PRODUCTIVITY"
""com.calendarlauncher.calendar.agenda.planner.schedule.events.android","Calendar Launcher","PRODUCTIVITY"
""com.duokelike.box","Antivirus - PhoneMaster","PRODUCTIVITY"
""cn.wps.moffice_eng","WPS Office-PDF,Word,Sheet,PPT","PRODUCTIVITY"
""com.antivirus.viruscleaner.mobilesecurity","Antivirus: Virus Cleaner, Junk","PRODUCTIVITY"
""com.microsoft.skydrive","Microsoft OneDrive","PRODUCTIVITY"
""me.id.auth","ID.me Authenticator","PRODUCTIVITY"
""com.wa.status.app.downloader.photo.video.status","Save Video Status - Status App","PRODUCTIVITY"
""com.authenticator.app.starnest","Authenticator App","PRODUCTIVITY"
""com.sense.android","6Sense","PRODUCTIVITY"
""com.microsoft.office.onenote","Microsoft OneNote: Save Notes","PRODUCTIVITY"
""com.cardsapp.android","Cards - Mobile Wallet","PRODUCTIVITY"
""com.netgear.netgearup","NETGEAR Nighthawk WiFi Router","PRODUCTIVITY"
""com.google.android.apps.googleassistant","Google Assistant","PRODUCTIVITY"
""com.alphainventor.filemanager","File Manager","PRODUCTIVITY"
""notion.id","Notion: Notes, Tasks, AI","PRODUCTIVITY"
""journal.notes.planner.starnest","Journal: Notes, Planner, PDFs","PRODUCTIVITY"
""com.smartwidgetlabs.chatgpt","AI Chat Smith Smart Assistant","PRODUCTIVITY"
""chatgpt.ai.chatbot.open.chat.gpt.bot.writer.assistant","ChatBox: AI Chat Bot Assistant","PRODUCTIVITY"
""ai.chat.app","Chatbot - AI Smart Assistant","PRODUCTIVITY"
""com.codeway.chatapp","Ask AI - Chat with AI Chatbot","PRODUCTIVITY"
""com.einnovation.temu","Temu: Shop Like a Billionaire","APPLICATION"
""com.zhiliaoapp.musically","TikTok","APPLICATION"
""com.whatsapp","WhatsApp Messenger","APPLICATION"
""com.localaiapp.scoops","Scoopz: Real Life, Real Video","APPLICATION"
""com.instagram.android","Instagram","APPLICATION"
""com.instagram.barcelona","Threads","APPLICATION"
""com.facebook.orca","Messenger","APPLICATION"
""com.openai.chatgpt","ChatGPT","APPLICATION"
""org.telegram.messenger","Telegram","APPLICATION"
""com.snapchat.android","Snapchat","APPLICATION"
""com.squareup.cash","Cash App","APPLICATION"
""com.alibaba.aliexpresshd","AliExpress - Shopping App","APPLICATION"
""com.zzkko","SHEIN-Shopping Online","APPLICATION"
""com.lemon.lvoverseas","CapCut - Video Editor","APPLICATION"
""com.google.android.apps.messaging","Google Messages","APPLICATION"
""com.storymatrix.drama","DramaBox - Stream Drama Shorts","APPLICATION"
""com.facebook.katana","Facebook","APPLICATION"
""com.amazon.mShop.android.shopping","Amazon Shopping","APPLICATION"
""com.healthapplines.healthsense.bloodsugarhub","Health Sense: Blood Sugar Hub","APPLICATION"
""com.tubitv","Tubi: Free Movies & Live TV","APPLICATION"
""com.walmart.android","Walmart: Shopping & Savings","APPLICATION"
""com.officedocument.word.docx.document.viewer","Office Word Reader: PDF, DOCX","APPLICATION"
""com.enflick.android.TextNow","TextNow: Call + Text Unlimited","APPLICATION"
""com.mcdonalds.app","McDonald's","APPLICATION"
""com.netflix.mediaclient","Netflix","APPLICATION"
""com.indeed.android.jobsearch","Indeed Job Search","APPLICATION"
""tv.pluto.android","Pluto TV: Watch Free Movies/TV","APPLICATION"
""com.disney.disneyplus","Disney+","APPLICATION"
""com.wbd.stream","Max: Stream HBO, TV, & Movies","APPLICATION"
""com.paypal.android.p2pmobile","PayPal - Pay, Send, Save","APPLICATION"
""com.officeapp.pdf.readerapp","PDF Reader - PDF Viewer","APPLICATION"
""pdf.pdfreader.viewer.editor.free","PDF Reader - PDF Viewer","APPLICATION"
""easy.launcher","Easy Homescreen","APPLICATION"
""com.dd.doordash","DoorDash - Food Delivery","APPLICATION"
""com.pdfreader.free.viewer.documentreader","PDF Reader - PDF Viewer","APPLICATION"
""com.peacocktv.peacockandroid","Peacock TV: Stream TV & Movies","APPLICATION"
""com.twitter.android","X","APPLICATION"
""us.zoom.videomeetings","Zoom Workplace","APPLICATION"
""com.cbs.app","Paramount+","APPLICATION"
""com.qr.code.reader.scanner.qrscan.android","QR & Barcode Scanner Launcher","APPLICATION"
""com.life360.android.safetymapd","Life360: Live Location Sharing","APPLICATION"
""com.nintendo.znba","Nintendo Music","APPLICATION"
""com.discord","Discord - Talk, Play, Hang Out","APPLICATION"
""com.google.android.apps.bard","Google Gemini","APPLICATION"
""com.instabridge.android","Instabridge: WiFi Map","APPLICATION"
""com.duolingo","Duolingo: Language Lessons","APPLICATION"
""com.spotify.music","Spotify: Music and Podcasts","APPLICATION"
""com.pinterest","Pinterest","APPLICATION"
""me.lyft.android","Lyft","APPLICATION"
""com.onedebit.chime","Chime – Mobile Banking","APPLICATION"
""bloodsugar.diabetes.pressuretraker","Blood Sugar & Pressure Tracker","APPLICATION"
""com.maps.locator.gps.gpstracker.phone","Phone Tracker and GPS Location","APPLICATION"
""com.ubercab","Uber - Request a ride","APPLICATION"
""live.shorttv.apps","ShortMax - Watch Dramas & Show","APPLICATION"
""com.bp.app.bpme.global.ros","earnify","APPLICATION"
""com.atomvpn.freevpn","Atom VPN","APPLICATION"
""com.roku.remote","The Roku App (Official)","APPLICATION"
""com.plexapp.android","Plex: Stream Movies & TV","APPLICATION"
""com.creditkarma.mobile","Intuit Credit Karma","APPLICATION"
""ai.socialapps.speakmaster","Poly.AI - Create AI Chat Bot","APPLICATION"
""com.azure.authenticator","Microsoft Authenticator","APPLICATION"
""com.google.android.apps.adm","Google Find My Device","APPLICATION"
""com.canva.editor","Canva: Design, Art & AI Editor","APPLICATION"
""com.amazon.avod.thirdpartyclient","Amazon Prime Video","APPLICATION"
""com.smart.remote.control.app","Smart Remote Control For TV","APPLICATION"
""com.venmo","Venmo","APPLICATION"
""remote.control.tv.universal.forall.roku","Remote Control for TV - All TV","APPLICATION"
""com.google.android.apps.youtube.unplugged","YouTube TV: Live TV & more","APPLICATION"
""com.alibaba.intl.android.apps.poseidon","Alibaba.com - B2B marketplace","APPLICATION"
""com.espn.score_center","ESPN","APPLICATION"
""com.konylabs.capitalone","Capital One Mobile","APPLICATION"
""com.microsoft.teams","Microsoft Teams","APPLICATION"
""com.shopify.arrive","Shop: All your favorite brands","APPLICATION"
""com.reddit.frontpage","Reddit","APPLICATION"
""com.mwm.sampler","Beat Maker Pro - DJ Drum Pad","APPLICATION"
""com.google.android.apps.translate","Google Translate","APPLICATION"
""com.gamma.scan","QR & Barcode Scanner","APPLICATION"
""com.gswave.paperwall.design.studio","3D Wave Scapes","APPLICATION"
""com.apple.movetoios","Move to iOS","APPLICATION"
""com.zellepay.zelle","Zelle","APPLICATION"
""com.AI.Generated.kylian.Wallpapers","Walli","APPLICATION"
""com.newsclapper.video","Clapper: Video, Live, Chat","APPLICATION"
""com.mwm.procolor","Color Pop - Fun Coloring Games","APPLICATION"
""com.weaver.app.prod","Talkie: Personalized AI Chats","APPLICATION"
""com.polymarket.android","Polymarket: Election Forecast","APPLICATION"
""com.particlenews.newsbreak","NewsBreak: Local News & Alerts","APPLICATION"
""com.hulu.plus","Hulu: Stream TV shows & movies","APPLICATION"
""com.octool.idphoto","ID Photo - Easy ID Maker","APPLICATION"
""com.xphotokit.app","X PhotoKit","APPLICATION"
""com.sec.android.easyMover","Samsung Smart Switch Mobile","APPLICATION"
""com.aigc.ushow.ichat","Linky AI: Chat, Play, Connect","APPLICATION"
""com.google.android.apps.walletnfcrel","Google Wallet","APPLICATION"
""com.devicefile.clear.helper","Device File Helper","APPLICATION"
""com.eet.email.launcher","Inbox Homescreen","APPLICATION"
""com.microsoft.emmx","Microsoft Edge: AI browser","APPLICATION"
""com.subway.mobile.subwayapp03","Subway®","APPLICATION"
""cashgiraffe.app","Cash Giraffe - Play and earn","APPLICATION"
""com.doordash.driverapp","DoorDash - Dasher","APPLICATION"
""com.google.android.apps.youtube.kids","YouTube Kids","APPLICATION"
""gen.tech.impulse.android","Impulse - Brain Training Games","APPLICATION"
""com.einnovation.temu","Temu: Shop Like a Billionaire","SHOPPING"
""com.alibaba.aliexpresshd","AliExpress - Shopping App","SHOPPING"
""com.zzkko","SHEIN-Shopping Online","SHOPPING"
""com.amazon.mShop.android.shopping","Amazon Shopping","SHOPPING"
""com.walmart.android","Walmart: Shopping & Savings","SHOPPING"
""com.alibaba.intl.android.apps.poseidon","Alibaba.com - B2B marketplace","SHOPPING"
""com.shopify.arrive","Shop: All your favorite brands","SHOPPING"
""com.gowish.app","GoWish - Your Digital Wishlist","SHOPPING"
""com.target.ui","Target","SHOPPING"
""com.etsy.android","Etsy: Shop & Gift with Style","SHOPPING"
""com.ebay.mobile","eBay online shopping & selling","SHOPPING"
""com.fetchrewards.fetchrewards.hop","Fetch: America’s Rewards App","SHOPPING"
""com.nike.omega","Nike: Shoes, Apparel & Stories","SHOPPING"
""com.rfi.sams.android","Sam's Club","SHOPPING"
""com.thehomedepot","The Home Depot","SHOPPING"
""com.costco.app.android","Costco Wholesale","SHOPPING"
""com.offerup","OfferUp: Buy. Sell. Simple.","SHOPPING"
""com.affirm.central","Affirm: Buy now, pay over time","SHOPPING"
""com.bestbuy.android","Best Buy: Shop tech deals","SHOPPING"
""com.bathandbody.bbw","Bath & Body Works","SHOPPING"
""com.benjaminone.client","Benjamin - Earn Cash Rewards","SHOPPING"
""com.myklarnamobile","Klarna | Shop now. Pay later.","SHOPPING"
""com.wikibuy.prod.main","Capital One Shopping","SHOPPING"
""com.dollargeneral.android","Dollar General-Digital Coupons","SHOPPING"
""com.cvs.launchers.cvs","CVS/pharmacy","SHOPPING"
""com.lowes.android","Lowe's","SHOPPING"
""com.afterpaymobile.us","Afterpay - Buy Now, Pay Later","SHOPPING"
""com.chewy.android","Chewy: Pet Shopping & Delivery","SHOPPING"
""com.wayfair.wayfair","Wayfair - Shop All Things Home","SHOPPING"
""com.usablenet.mobile.walgreen","Walgreens","SHOPPING"
""com.pogotech.pogocash","Pogo: Earn Cash & Rewards","SHOPPING"
""com.poshmark.app","Poshmark - Sell & Shop Online","SHOPPING"
""com.quadpay.quadpay","Zip - Buy Now, Pay Later","SHOPPING"
""com.harborfreight.app","Harbor Freight Tools","SHOPPING"
""org.craigslist.CraigslistMobile","craigslist","SHOPPING"
""com.whatnot_mobile","Whatnot: Live Video Shopping","SHOPPING"
""com.instacart.shopper","Instacart: Earn money to shop","SHOPPING"
""com.circlek.gmap.na","Circle K","SHOPPING"
""com.brandingbrand.reactnative.and.bjs","BJ's Wholesale Club","SHOPPING"
""com.overstock","Bed Bath & Beyond","SHOPPING"
""com.petsmart.consumermobile","PetSmart","SHOPPING"
""com.dhgate.buyermob","DHgate-online wholesale stores","SHOPPING"
""com.kroger.mobile","Kroger","SHOPPING"
""com.acehardware.rewards","Ace Hardware","SHOPPING"
""com.sezzle.sezzlemobile","Sezzle - Buy Now, Pay Later","SHOPPING"
""com.safeway.client.android.safeway","Safeway Deals & Delivery","SHOPPING"
""com.kohls.mcommerce.opal","Kohl's - Shopping & More","SHOPPING"
""com.amazon.mShop.android.business.shopping","Amazon Business: B2B Shopping","SHOPPING"
""de.apptiv.business.android.aldi_us","ALDI USA","SHOPPING"
""com.familydollar","Family Dollar","SHOPPING"
""com.zennioptical.app","Zenni - Eyewear for Everyone","SHOPPING"
""dsgui.android","DICK'S Sporting Goods","SHOPPING"
""com.backmarket","Back Market - Buy & Sell tech","SHOPPING"
""com.ebates","Rakuten: Cash Back and Deals","SHOPPING"
""com.macys.android","Macy's: Online Shopping & Save","SHOPPING"
""com.tiktokshop.seller","TikTok Shop Seller Center","SHOPPING"
""com.route.app","Route: Package Tracker","SHOPPING"
""com.consumerapp_v1","Tractor Supply Company","SHOPPING"
""com.groupon","Groupon – Deals & Coupons","SHOPPING"
""com.ibotta.android","Ibotta: Save & Earn Cash Back","SHOPPING"
""com.mercariapp.mercari","Mercari: Buy and Sell App","SHOPPING"
""com.gap.mobile.oldnavy","Old Navy: Fashion at a Value!","SHOPPING"
""com.loves.finder","Love's Connect","SHOPPING"
""com.dollartree.consumer","Dollar Tree","SHOPPING"
""com.samsung.ecomm","Shop Samsung","SHOPPING"
""com.depop","Depop - Buy & Sell Clothes App","SHOPPING"
""com.jcp","JCPenney – Shopping & Deals","SHOPPING"
""com.ralphlauren.us.app","Ralph Lauren: Luxury Shopping","SHOPPING"
""com.payrange.payrange","PayRange","SHOPPING"
""com.mercadolibre","Mercado Libre: Compras online","SHOPPING"
""co.tapcart.app.id_K2pNP2pYor","New Era Cap","SHOPPING"
""com.biddl.biddl","Blidz - Shop Deals, Earn Money","SHOPPING"
""com.dealdash","DealDash - Bid & Save Auctions","SHOPPING"
""com.victoriassecret.vsaa","Victoria's Secret—Bras & More","SHOPPING"
""com.stockx.stockx","StockX - Sneakers and Apparel","SHOPPING"
""com.infoscout.receipthog","Receipt Hog: Cash for Receipts","SHOPPING"
""com.safeway.client.android.albertsons","Albertsons Deals & Delivery","SHOPPING"
""com.groceryoutlet.loyaltyapp","Grocery Outlet Bargain Market","SHOPPING"
""co.tapcart.app.npQt0DXZpj","Fashion Nova","SHOPPING"
""com.belk.android.belk","Belk – Shopping App","SHOPPING"
""com.ingka.ikea.app","IKEA","SHOPPING"
""com.contextlogic.wish","Wish: Shop and Save","SHOPPING"
""com.doublefs.halara","Halara","SHOPPING"
""com.puma.ecom.app","PUMA | Clothes & Shoes App","SHOPPING"
""com.elfster.elfdroid","Elfster: The Secret Santa App","SHOPPING"
""com.shizhuang.poizon.hk","POIZON - Sneakers & Apparel","SHOPPING"
""com.shopkick.app","Shopkick: Cash Back Gift Cards","SHOPPING"
""com.influenster","Influenster","SHOPPING"
""com.ncp.ncpmobile","NCPMobile: Shopping Rewards","SHOPPING"
""com.heb.myheb","My H-E-B","SHOPPING"
""com.qvc","QVC Mobile Shopping (US)","SHOPPING"
""com.fifthfinger.clients.joann","JOANN - Shopping & Crafts","SHOPPING"
""com.cider","CIDER - Clothing & Fashion","SHOPPING"
""com.academy.android","Academy Sports + Outdoors","SHOPPING"
""com.tjx.tjmaxx","T.J.Maxx","SHOPPING"
""com.mercatustechnologies.smartfinal","Smart & Final","SHOPPING"
""com.foodlion.mobile","Food Lion","SHOPPING"
""com.receiptpalapp.android","Receipt Pal Scanner & Rewards","SHOPPING"
""com.meijer.mobile.meijer","Meijer - Delivery & Pickup","SHOPPING"
""com.nextmar.zeelool.android","Zeelool - AR Try On Glasses","SHOPPING"
""com.canva.editor","Canva: Design, Art & AI Editor","ART_AND_DESIGN"
""com.artgenerator.texttoimage.aiart.outpaiting","Genius: AI Photo Generator","ART_AND_DESIGN"
""com.draw.sketch.ardrawing.trace.anime.paint","AR Drawing - Sketchar App","ART_AND_DESIGN"
""com.facechanger.agingapp.futureself","Future Self Face Aging Changer","ART_AND_DESIGN"
""jp.ne.ibis.ibispaintx.app","ibis Paint X","ART_AND_DESIGN"
""com.adsk.sketchbook","Sketchbook","ART_AND_DESIGN"
""com.ar.sketch.trace.outliner.drawing","AR Tracer: Trace Drawing","ART_AND_DESIGN"
""com.banix.drawsketch.animationmaker","Draw Animation - Anim Creator","ART_AND_DESIGN"
""com.metacortext.tattoo.ai","Ink AI – Tattoo design maker","ART_AND_DESIGN"
""ai.video.generator","AI Video - AI Video Generator","ART_AND_DESIGN"
""com.adobe.spark.post","Adobe Express: AI Video Design","ART_AND_DESIGN"
""com.logomaster.logomaker","Logo Master - Design & Maker","ART_AND_DESIGN"
""com.vyroai.aiart","ImagineArt: AI Image Generator","ART_AND_DESIGN"
""com.vblast.flipaclip","FlipaClip: Create 2D Animation","ART_AND_DESIGN"
""com.lutech.ardrawing","AR Drawing: Paint & Sketch Art","ART_AND_DESIGN"
""com.wavy.photoeditor.aiart.artgenerator","Wavy: Photo Editor & AI Art","ART_AND_DESIGN"
""com.photoeditor.objectremover.bgeraser.aiphoto.enhancer","AI Photo Editor: BG Remover","ART_AND_DESIGN"
""xyz.castle","Castle - Make and Pla‪y","ART_AND_DESIGN"
""ai.generated.art.photo","Artist AI Art Photo Generator","ART_AND_DESIGN"
""com.customuse.customuse","Customuse: Skins Maker Roblox","ART_AND_DESIGN"
""ar.drawing.sketch.paint.trace.draw.picture.paper","AR Drawing: Sketch & Paint","ART_AND_DESIGN"
""com.drawing.pad.desk.app.coloring.book.paint.sketch","Drawing Apps: Draw, Sketch Pad","ART_AND_DESIGN"
""com.brakefield.painter","Infinite Painter","ART_AND_DESIGN"
""com.circular.pixels","Pixelcut AI Photo Editor","ART_AND_DESIGN"
""com.cat.language.keyboard.wallpaper","Cat Language: DIY Wallpaper","ART_AND_DESIGN"
""com.zimad.magicpaintings","Magic Diamond Painting－Art App","ART_AND_DESIGN"
""com.raed.drawing","Sketchbook Lite - Artbook","ART_AND_DESIGN"
""com.azmobile.card.design.invitation.maker","Invitation Maker & Card Design","ART_AND_DESIGN"
""pl.planmieszkania.android","Floor Plan Creator","ART_AND_DESIGN"
""com.appolo13.stickmandrawanimation","Stickman: draw animation maker","ART_AND_DESIGN"
""jp.co.celsys.clipstudiopaint.googleplay","Clip Studio Paint","ART_AND_DESIGN"
""com.hubx.imagination","DaVinci - AI Image Generator","ART_AND_DESIGN"
""com.tc.picrew.me","Picrew Character Creator&Maker","ART_AND_DESIGN"
""com.gencraftandroid","Gencraft - AI Art Generator","ART_AND_DESIGN"
""com.codespaceapps.aiartapp","AI Image Generator - Dali","ART_AND_DESIGN"
""io.mewtant.pixaiart","PixAI: AI Anime Art Generator","ART_AND_DESIGN"
""com.univenn.videogen","Sora - AI Video Generator","ART_AND_DESIGN"
""com.axis.drawingdesk.v3","Drawing Desk: Draw, Paint Art","ART_AND_DESIGN"
""com.mgapp.wall.thanksgiving","Thanksgiving Wallpaper","ART_AND_DESIGN"
""com.eyewind.paperone","PaperColor","ART_AND_DESIGN"
""com.ardrawing.drawingsketch.easydraw.trace","AR Drawing: Sketch, Art, Trace","ART_AND_DESIGN"
""com.inforcegames.app3dmodelling","3D Modeling App: Sculpt & Draw","ART_AND_DESIGN"
""tracesketch.draweasy.traceanything","Trace Drawing－Sketch and Paint","ART_AND_DESIGN"
""ai.reimage.remodel","Remodel AI - Home Renovation","ART_AND_DESIGN"
""com.ardraw.sketchpaint.chibi","AR Draw Sketch & Paint","ART_AND_DESIGN"
""com.hangoverstudios.faceswap.ai.art.avatar.generator","Face Swap Magic: AI Avatars","ART_AND_DESIGN"
""com.starryai","starryai - AI Art Generator","ART_AND_DESIGN"
""com.draw.ardrawing.drawanimation.traceimage","Sketch Art: Drawing AR & Paint","ART_AND_DESIGN"
""com.madcat.easyposer","Easy Pose - 3D pose making app","ART_AND_DESIGN"
""ai.aiart.aiartgenerator.creart","CreArt - AI Image Generator","ART_AND_DESIGN"
""ai.art.generator.paint.draw.photo","AI Art Generator: Photo, Draw","ART_AND_DESIGN"
""aesthetic.wallpaper","aesthetic background","ART_AND_DESIGN"
""com.vyroai.animeart","Animagic: Anime Art Generator","ART_AND_DESIGN"
""org.contentarcade.apps.logomaker","Logo Maker : Logo Creator","ART_AND_DESIGN"
""com.diamond.painting.by.number","Diamond Painting by Number","ART_AND_DESIGN"
""com.whidev.mapchart","MapChart","ART_AND_DESIGN"
""com.zxaeclub.codebyanju.project.drawingpadpro","Drawing Pad Pro - Sketchpad","ART_AND_DESIGN"
""com.lightricks.photoleap","Photoleap: Photo Editor/AI Art","ART_AND_DESIGN"
""me.bazaart.app","Bazaart AI Photo Editor Design","ART_AND_DESIGN"
""drawing.trace.sketch.draw.anything","AI Drawing : Trace & Sketch","ART_AND_DESIGN"
""com.microsoft.designer","Microsoft Designer","ART_AND_DESIGN"
""com.zimad.mpixel","Magic Cross Stitch: Pixel Art","ART_AND_DESIGN"
""ai.interior.design.home.renovation.app","AI Home Design: Interior Decor","ART_AND_DESIGN"
""ai.recraft","Recraft","ART_AND_DESIGN"
""com.aige.hipaint","HiPaint -Sketch Draw Paint it!","ART_AND_DESIGN"
""com.coloring.asmr.draw.alphabet.lore.number.block.emoji","Coloring Paint: ASMR Superhero","ART_AND_DESIGN"
""com.hubx.tattoo","Tattoo AI - Tattoo Design","ART_AND_DESIGN"
""com.keego.ar.drawing.drawsketch.paint","AR Draw Sketch: Trace & Paint","ART_AND_DESIGN"
""ai.leonardo.leonardo","Leonardo.Ai - Image Generator","ART_AND_DESIGN"
""app.poster.maker.postermaker.flyer.designer","Flyers, Poster Maker, Design","ART_AND_DESIGN"
""ai.generated.art.maker.image.picture.photo.generator.painting","ARTA: AI Art & Photo Generator","ART_AND_DESIGN"
""com.ar.drawing.sketch.tracedrawing.tracingapp.artdrawing","AR Drawing - Trace Drawing App","ART_AND_DESIGN"
""com.axis.sketchpro","Sketch Pro: Draw & Create Art","ART_AND_DESIGN"
""com.simplemobiletools.draw","Simple Drawing - Sketchbook","ART_AND_DESIGN"
""art.tattoo.designs.photo.maker","Tattoo Maker - Tattoo Design","ART_AND_DESIGN"
""com.womboai.wombodream","WOMBO Dream - AI Art Generator","ART_AND_DESIGN"
""com.arpaint.drawsketch","AR Drawing: Sketch & Paint","ART_AND_DESIGN"
""com.colorbynumber.unicorn.pixel.art.pokepix3.draw.paintbynumber","Pokepix Color By Number","ART_AND_DESIGN"
""com.ar.drawing.sketch.trace.artprojector.paint","AR Drawing: Sketch Trace Paint","ART_AND_DESIGN"
""com.tophatch.concepts","Concepts: Sketch, Note, Draw","ART_AND_DESIGN"
""com.feraset.livensa","AI Effect Video Maker -Livensa","ART_AND_DESIGN"
""com.stephaneginier.nomad","Nomad Sculpt","ART_AND_DESIGN"
""com.PixelStudio","Pixel Studio: pixel art editor","ART_AND_DESIGN"
""com.ardrawing.tracedrawing.drawingsketch.drawingapps","AR Drawing Sketch Paint","ART_AND_DESIGN"
""com.ng_labs.paint","Paint","ART_AND_DESIGN"
""br.com.blackmountain.photo.tattoosimulator","Tattoo Simulator Tattoo Maker","ART_AND_DESIGN"
""com.OneManBand.PoseIt","Poseit","ART_AND_DESIGN"
""com.doodle.master.draw.glow.art","Doodle Master - Glow Art","ART_AND_DESIGN"
""com.ardrawing.sketch.trace.paint.drawsketch.aipainting.paper","AR Draw Sketch: Trace & Paint","ART_AND_DESIGN"
""com.starii.xdesign","X-Design-AI Photo Editor","ART_AND_DESIGN"
""com.pixilart.app","Pixilart - Make Pixel Art","ART_AND_DESIGN"
""com.sec.penup","PENUP – Drawing-sharing SNS","ART_AND_DESIGN"
""com.ayzalpearls.learntodraw","Learn To Draw Step By Step","ART_AND_DESIGN"
""com.kanishka_developer.SketchPad","SketchPad - Doodle On The Go","ART_AND_DESIGN"
""com.toddler.coloring.book","Toddler Coloring Book","ART_AND_DESIGN"
""video.faceswap.app","AI Face Swap Video App-Swapme","ART_AND_DESIGN"
""com.dephotos.crello","VistaCreate: Graphic Design","ART_AND_DESIGN"
""art.splurge.app","Splurge Art AI Image Generator","ART_AND_DESIGN"
""com.adobe.creativeapps.gather","Adobe Capture: Illustrator,Ps","ART_AND_DESIGN"
""com.figma.mirror","Figma – prototype mirror share","ART_AND_DESIGN"
""com.sephora","Sephora: Buy Makeup & Skincare","BEAUTY"
""com.ulta","Ulta Beauty: Makeup & Skincare","BEAUTY"
""net.booksy.customer","Booksy for Customers","BEAUTY"
""com.photo.hd.camera.beauty.filter","HD Camera for Android","BEAUTY"
""com.createaiart.aigenerator.draw.photo","BeautifyX - AI Makeover Studio","BEAUTY"
""com.follow.ElfCosmetics","e.l.f. Cosmetics and Skincare","BEAUTY"
""com.standysoftware.colorstyle","Color Analysis - Dressika","BEAUTY"
""com.scentbird","Scentbird Monthly Perfume Box","BEAUTY"
""com.styleseat.promobile","StyleSeat: Book Hair & Beauty","BEAUTY"
""com.lajeuneandassociatesllc.barberchopdev","Barber Chop","BEAUTY"
""com.ipsy.mobile.production","IPSY: Personalized Beauty","BEAUTY"
""net.booksy.business","Booksy Biz: For Businesses","BEAUTY"
""mirrorapp.lightmirror.beautymirror.makeupmirror","Beauty Mirror, The Mirror App","BEAUTY"
""com.sallybeauty.shop","SALLY BEAUTY","BEAUTY"
""com.fresha.Fresha","Fresha for customers","BEAUTY"
""photo.cam.filter.beauty.effect","Beauty Camera: Sweet Camera","BEAUTY"
""beauty.haircut.haircolor.hairstyles","Hair Color Changer: Hairstyles","BEAUTY"
""io.mindgarden.colorme","WhatColors: AI Color Analysis","BEAUTY"
""com.pandora.jewelry.store.newapp","Jewelry for Pandora","BEAUTY"
""com.nabilsoft.daily_hairstyles_for_girls","Easy Hairstyles for Girls","BEAUTY"
""photography.sweet.selfie.camera","Beauty Camera - Selfie Camera","BEAUTY"
""com.arcsoft.perfect365","Perfect365 Makeup Photo Editor","BEAUTY"
""com.hair_flutter","AI Hairstyle Try On・Bangs・Wigs","BEAUTY"
""beauty.camera.coocent","Beauty Camera - Selfie Camera","BEAUTY"
""com.mobile.bizo.inpainting.clothes","AI Dress up-Try Clothes Design","BEAUTY"
""com.cosmoprofbeauty.shop","CosmoProf Beauty","BEAUTY"
""com.studio360apps.mirror","Mirror - Fullscreen Mirror App","BEAUTY"
""photo.cameraselfie.sweet.camera","Beauty Camera - Sweet Camera","BEAUTY"
""beauty.skin.care.app","Skincare and Face Care Routine","BEAUTY"
""com.rstream.haircare","Haircare app for women","BEAUTY"
""com.marykay.skinsight.android.flavorProd","Mary Kay® Skin Analyzer","BEAUTY"
""com.vivaldicolor.twa","Vivaldi Color Analysis","BEAUTY"
""com.blink.beautycam.facemakeup.photoeditor","Blink Beauty Cam: Photo Makeup","BEAUTY"
""com.netigen.bestmirror","Phone Mirror app - True Mirror","BEAUTY"
""com.glossgenius.GlossGeniusSaaS","GlossGenius","BEAUTY"
""com.ai.lab.face.swap","FunSwap - AI Face Swap","BEAUTY"
""com.studio.aone.girlshairstyle.hairstylestepbystep","Girls Hairstyle Step By Step","BEAUTY"
""com.htwig.luvmehair","Luvme Hair","BEAUTY"
""com.mw.hd.mobile.mirror.pro","Mirror App - Makeup Mirror","BEAUTY"
""com.colorwise.me.allseasons","My Best Colors","BEAUTY"
""sweet.snap.art.camera.lite.snap.cat.face.camera","Sweet Editor Camera Lite","BEAUTY"
""com.getskinbliss.skinbliss","Skin Bliss: Skincare Routines","BEAUTY"
""beauty.picshop.sweet.face.camera","Sweet Camera Selfie","BEAUTY"
""maa.greenscreen_effect.background_changer","Video Background Changer","BEAUTY"
""com.bs.brilliantseasons2","Show My Colors: Color Palettes","BEAUTY"
""br.art.code.meucronogramacapilar","My Capillary Schedule","BEAUTY"
""app.foryou","Face Massage, Skincare: forYou","BEAUTY"
""mmapps.mirror.free","Mirror Plus: Mirror with Light","BEAUTY"
""com.shortcutssoftware.mysalon.cookiecutters","Cookie Cutters","BEAUTY"
""com.fragrantica.www.twa","Fragrantica Perfumes","BEAUTY"
""com.ahmetburak.haircuts","Men's Hair Cuts & Hairstyles","BEAUTY"
""com.app.ratebyfresh","RateByFresh","BEAUTY"
""com.haircolor.beautycamera.hairstyle.hairstylechanger","Beauty hair: Hair Color","BEAUTY"
""haircolour.hairstyle.photoeditor.haircolorchanger","Hair Color Changer: Change you","BEAUTY"
""com.apr.digitalclinic","AGE-R medicube Digital clinic","BEAUTY"
""com.madisonreed","Madison Reed App - Hair Color ","BEAUTY"
""kynguyen.app.mirror","Mirror - Makeup and Shaving","BEAUTY"
""hairstyle.colorChanger.haircut_salon","Hair Makeover-modiface・haircut","BEAUTY"
""com.marykay.beauty","Mary Kay® MirrorMe™","BEAUTY"
""com.nerovero.beautycalculator","Beauty Calculator Pretty Scale","BEAUTY"
""com.wonderbeauties.app","Wonder Beauties","BEAUTY"
""photo.hd.video.beauty.camera","HD Camera for Android: 4K Cam","BEAUTY"
""com.glinttec.beautyscan.beautyscore.photoBeautyScan","Face Shape - Pretty Scale","BEAUTY"
""com.perfectcorp.amb","Artistry Virtual Beauty","BEAUTY"
""com.as.nailpaint.nailart.nailpolish.design.salon","Nail Art Design : Nails Polish","BEAUTY"
""maa.remove_video_background","Remove Background From Video","BEAUTY"
""mobi.barberly.primebarbershop","Prime Barbershop","BEAUTY"
""com.lyrebirdstudio.beauty","Beauty Makeup Editor & Camera","BEAUTY"
""com.nuface.android","NuFACE","BEAUTY"
""corte.depelohombres2023","Cortes de Pelo Hombre 2024","BEAUTY"
""com.typology.app.us","Typology Paris - Skincare","BEAUTY"
""com.magicvfacemakeup.beauty.makeup.camera.selfie.photoeditor.dailyaims","Face Beauty Makeup Camera-Self","BEAUTY"
""com.colorscan.app","Color Analysis AI","BEAUTY"
""com.zodel","Zodel - Book Models","BEAUTY"
""com.chamsDohaLtd.Tools.Zakhrafa","زخرفة الكتابة بكل انواع الخطوط","BEAUTY"
""com.choicely.miss.international","Miss International","BEAUTY"
""com.tj.dslrprofessional.hdcamera","DSLR HD Camera : 4K HD Camera","BEAUTY"
""com.fresha.Business","Fresha for business","BEAUTY"
""com.foreo.foreoapp","FOREO For You","BEAUTY"
""care.jivaka.picky","Picky - Beauty Community","BEAUTY"
""beauty.camera.sticker.photoeditor","Beauty Camera & Selfie Camera","BEAUTY"
""com.dresstry","AI Clothes Try-On: DressTry","BEAUTY"
""com.smartsoftasia.perfume","PERFUMIST Perfumes Advisor","BEAUTY"
""filters.selfies.foto.art","Filters for Selfies","BEAUTY"
""com.beauty.camera.android.micamera","Beauty Camera -AI Photo Editor","BEAUTY"
""com.getsquire.barberapp","SQUIRE™ Book Your Barber","BEAUTY"
""com.lomographic.vintage.camera.filters","Camera Filters and Effects","BEAUTY"
""photo.smile.red.eyes.changer.color","FoxEyes - Change Eye Color","BEAUTY"
""truefunapps.longhair","Easy hairstyles step by step","BEAUTY"
""com.stylekorean.www","StyleKorean","BEAUTY"
""com.flower.language.keyboard.fonts.letter","DIY Flower Language App","BEAUTY"
""com.girls.photo.editor.christmas.frames","Christmas Photo Frames & Cards","BEAUTY"
""top.tinysoft.mirror","Mirror - Make up","BEAUTY"
""com.mabixa.mirror","Mirror","BEAUTY"
""com.ck.ai.video.background.changer.remover","Video Background Changer","BEAUTY"
""com.rstream.hairstyles","Hairstyles for your face","BEAUTY"
""com.astor.loyalty.mobile.mcosmetic","M Cosmetic","BEAUTY"
""sweet.camera.selfie","Sweet Camera Selfie","BEAUTY"
""xyz.sindan.facescore","Face Shape & Color Analysis","BEAUTY"
""yesmadamservices.app.com.yesmadamservices","Yes Madam - Salon at Home","BEAUTY"
""com.whatsapp","WhatsApp Messenger","COMMUNICATION"
""com.facebook.orca","Messenger","COMMUNICATION"
""org.telegram.messenger","Telegram","COMMUNICATION"
""com.snapchat.android","Snapchat","COMMUNICATION"
""com.google.android.apps.messaging","Google Messages","COMMUNICATION"
""com.enflick.android.TextNow","TextNow: Call + Text Unlimited","COMMUNICATION"
""com.discord","Discord - Talk, Play, Hang Out","COMMUNICATION"
""com.eet.email.launcher","Inbox Homescreen","COMMUNICATION"
""com.microsoft.emmx","Microsoft Edge: AI browser","COMMUNICATION"
""org.thoughtcrime.securesms","Signal Private Messenger","COMMUNICATION"
""com.whatsapp.w4b","WhatsApp Business","COMMUNICATION"
""com.chating.messages.chat.fun","Messages","COMMUNICATION"
""com.beint.zangi","Zangi Private Messenger","COMMUNICATION"
""messenger.sms","Messenger - Texting App","COMMUNICATION"
""sms.app.messages.app.message.box.message.me","Messages: SMS Messaging","COMMUNICATION"
""com.google.android.apps.googlevoice","Google Voice","COMMUNICATION"
""com.brave.browser","Brave Private Web Browser, VPN","COMMUNICATION"
""com.messenger.sms.messages","Messages - SMS Texting App","COMMUNICATION"
""messages.chat.free.text.messaging.sms","Messenger: Text Messages, SMS","COMMUNICATION"
""com.groupme.android","GroupMe","COMMUNICATION"
""com.psiphon3.subscription","Psiphon Pro","COMMUNICATION"
""com.yahoo.mobile.client.android.mail","Yahoo Mail – Organized Email","COMMUNICATION"
""org.mozilla.firefox","Firefox Fast & Private Browser","COMMUNICATION"
""com.callapp.contacts","CallApp: Caller ID & Block","COMMUNICATION"
""com.allemail.login","All Email Login","COMMUNICATION"
""com.google.android.contacts","Contacts","COMMUNICATION"
""com.opera.browser","Opera browser with AI","COMMUNICATION"
""com.adhoclabs.burner","Burner: Second Phone Number","COMMUNICATION"
""com.dish.wireless.boostone","Boost Mobile","COMMUNICATION"
""com.truecaller","Truecaller: AI Call Blocker","COMMUNICATION"
""com.facebook.talk","Messenger Kids – The Messaging","COMMUNICATION"
""net.idt.um.android.bossrevapp","BOSS Revolution: Calling App","COMMUNICATION"
""sms.messenger.text.messaging.mms","Message Plus - SMS Messager","COMMUNICATION"
""com.skype.raider","Skype","COMMUNICATION"
""com.textmessages.chatandmessage","Messages: SMS Text Messenger","COMMUNICATION"
""com.talkatone.android","Talkatone: Texting & Calling","COMMUNICATION"
""call.blacklist.blocker","Call Blocker - Block Numbers","COMMUNICATION"
""com.imo.android.imous","imo video calls and chat HD","COMMUNICATION"
""com.tracfone.straighttalk.myaccount","Straight Talk My Account","COMMUNICATION"
""org.torproject.torbrowser","Tor Browser","COMMUNICATION"
""com.android.chrome","Google Chrome","COMMUNICATION"
""com.mmcallsapp.duocall.android","Duo Call - Dual Global Calling","COMMUNICATION"
""com.link.messages.sms","Messenger SMS - Text Messages","COMMUNICATION"
""com.google.android.gm","Gmail","COMMUNICATION"
""com.aiphone.secondphonenumber","AI Phone: Phone Call Translate","COMMUNICATION"
""com.securus.videoclient","Securus Mobile","COMMUNICATION"
""jp.naver.line.android","LINE: Calls & Messages","COMMUNICATION"
""com.opera.gx","Opera GX: Gaming Browser","COMMUNICATION"
""com.viber.voip","Rakuten Viber Messenger","COMMUNICATION"
""com.bpmobile.second.phone","Second Phone Number - 2Number","COMMUNICATION"
""com.schedule.telmate.telmatescheduleandroid","GettingOut Visits","COMMUNICATION"
""com.opera.mini.native","Opera Mini: Fast Web Browser","COMMUNICATION"
""com.matchtech.cafe","Cafe - Live video chat","COMMUNICATION"
""com.visiblemobile.flagship","Visible mobile","COMMUNICATION"
""me.spam.robo.call.blocker.call.filter.app","Spam Call Blocker for Android","COMMUNICATION"
""wearos.smart.watch.bt.sync.notifier","Watch Sync App - BT Notifier","COMMUNICATION"
""com.cdyala.blazing","Blazing: Ignite Your Love Life","COMMUNICATION"
""com.textmessage.messenger","Messages","COMMUNICATION"
""com.frontier.selfserve","MyFrontier","COMMUNICATION"
""kik.android","Kik — Messaging & Chat App","COMMUNICATION"
""com.machinegenius.olelo","CaptionCall","COMMUNICATION"
""com.azarlive.android","Azar: Video Chat & Meet People","COMMUNICATION"
""com.enflick.android.tn2ndLine","2ndLine - Second Phone Number","COMMUNICATION"
""com.textra","Textra SMS","COMMUNICATION"
""com.messgeinstant.textmessage","Messages","COMMUNICATION"
""com.recommended.videocall","Video Call","COMMUNICATION"
""com.snowcorp.stickerly.android","Sticker.ly - Sticker Maker","COMMUNICATION"
""pi.browser","Pi Browser","COMMUNICATION"
""com.sparklight","MySparklight","COMMUNICATION"
""com.kiwibrowser.browser","Kiwi Browser - Fast & Quiet","COMMUNICATION"
""net.thunderbird.android","Thunderbird: Free Your Inbox","COMMUNICATION"
""com.google.android.apps.tachyon","Google Meet","COMMUNICATION"
""ch.protonmail.android","Proton Mail: Encrypted Email","COMMUNICATION"
""com.tracfone.tracfone.myaccount","TracFone My Account","COMMUNICATION"
""com.juphoon.justalk","JusTalk - Video Chat & Calls","COMMUNICATION"
""im.thebot.messenger","Botim - Video and Voice Call","COMMUNICATION"
""com.qr.whatscan.whats.web.qrscan","Match Girl Card Flip","COMMUNICATION"
""com.app.recover.deleted.messages.messagerecovery.restoredeletedmessages","Recover Deleted Messages App","COMMUNICATION"
""com.hsv.freeadblockerbrowser","FAB Adblocker Browser:Adblock","COMMUNICATION"
""com.contacts.easy.phone.dialer","Contacts : Easy Phone Dialer","COMMUNICATION"
""com.tracfone.total.myaccount","My Total Wireless","COMMUNICATION"
""com.sec.android.app.sbrowser","Samsung Internet Browser","COMMUNICATION"
""com.sms.messenger","Messenger SMS - Text messages","COMMUNICATION"
""com.smartwatch.bluetooth.sync.notifications","Smart Watch app - BT Notifier","COMMUNICATION"
""com.text.call.textunlimited.free","Text, Call & Phone number","COMMUNICATION"
""com.isharing.isharing","iSharing: GPS Location Tracker","COMMUNICATION"
""phone.contact.call.phonecontact.phonecall.contactpp.dialer.contacts.dialcontacts.calldialerpad","Contacts","COMMUNICATION"
""com.OnSoft.android.BluetoothChat","SmartWatch & BT Sync Watch App","COMMUNICATION"
""messenger.text.now","Messenger: Text Messages","COMMUNICATION"
""com.robokiller.app","Robokiller - Spam Call Blocker","COMMUNICATION"
""com.tmobile.services.nameid","T-Mobile Scam Shield","COMMUNICATION"
""speak.app.audiotranslator","Voice translator all language","COMMUNICATION"
""com.loudtalks","Zello PTT Walkie Talkie","COMMUNICATION"
""com.youmail.android.vvm","YouMail: Block Spam on Android","COMMUNICATION"
""com.mail.inbox.allemailaccess","All Email Connect","COMMUNICATION"
""com.marblemedia.dazechat","Daze - Freeform Chat","COMMUNICATION"
""app.source.getcontact","Getcontact","COMMUNICATION"
""com.gangverk.sling","Sling: Employee Scheduling App","COMMUNICATION"
""com.avast.android.vpn","Avast SecureLine VPN & Privacy","COMMUNICATION"
""com.messages.chat","Smart Messages","COMMUNICATION"
""com.zhiliaoapp.musically","TikTok","SOCIAL"
""com.instagram.android","Instagram","SOCIAL"
""com.instagram.barcelona","Threads","SOCIAL"
""com.facebook.katana","Facebook","SOCIAL"
""com.twitter.android","X","SOCIAL"
""com.reddit.frontpage","Reddit","SOCIAL"
""com.newsclapper.video","Clapper: Video, Live, Chat","SOCIAL"
""com.aigc.ushow.ichat","Linky AI: Chat, Play, Connect","SOCIAL"
""com.facebook.lite","Facebook Lite","SOCIAL"
""sg.bigo.live","Bigo Live - Live Streaming App","SOCIAL"
""com.pinger.textfree","Text Free: Second Phone Number","SOCIAL"
""com.americasbestpics","ABPV America’s best pics&vids","SOCIAL"
""com.textmeinc.textme","Text Me: Second Phone Number","SOCIAL"
""com.truthsocial.android.app","Truth Social","SOCIAL"
""com.sgiggle.production","Tango- Live Stream, Video Chat","SOCIAL"
""org.thunderdog.challegram","Telegram X","SOCIAL"
""xyz.blueskyweb.app","Bluesky","SOCIAL"
""com.myyearbook.m","MeetMe: Chat & Meet New People","SOCIAL"
""com.pof.android","Plenty of Fish Dating App","SOCIAL"
""com.taggedapp","Tagged - Meet, Chat & Dating","SOCIAL"
""omegle.tv","OmeTV – Video Chat Alternative","SOCIAL"
""com.nhn.android.band","BAND - App for all groups","SOCIAL"
""com.takimi.android","Taimi - LGBTQ+ Dating & Chat","SOCIAL"
""com.adoraboo","Adoraboo - Raise Boos Together","SOCIAL"
""com.kismia.app","Kismia - Meet Singles Nearby","SOCIAL"
""com.rodolfogs.nextdooralerts","Freebie Alerts: Free Stuff App","SOCIAL"
""com.pinger.textfree.call","Text Free: Calling & Texting","SOCIAL"
""net.wrightflyer.le.reality","REALITY-Become an Anime Avatar","SOCIAL"
""app.local.single","Local Single: Chat & Friends","SOCIAL"
""com.grindrapp.android","Grindr - Gay Dating & Chat","SOCIAL"
""cool.monkey.android","Monkey - random video chat","SOCIAL"
""co.yellw.yellowapp","Yubo: Make new friends","SOCIAL"
""com.gogii.textplus","textPlus: Text Message + Call","SOCIAL"
""com.thvine.nayo","Nayo: Chat, Meet & Dating App","SOCIAL"
""com.xiaoyu.heyo","Heyo- Chat & Message","SOCIAL"
""com.chiclive.chiclive","Shhhh - Live Video chat","SOCIAL"
""com.plamfy.platform","Plamfy: Live Stream Video Chat","SOCIAL"
""info.wizzapp","Wizz App - chat now","SOCIAL"
""com.blockchainvault","Pi Network","SOCIAL"
""com.hdvideodownloader.downloaderapp","Video Downloader HD - Vidow","SOCIAL"
""com.imvu.mobilecordova","IMVU: Social Chat & Avatar app","SOCIAL"
""video.like","Likee - Short Video Community","SOCIAL"
""com.guochao.faceshow","BuzzCast - Live Video Chat App","SOCIAL"
""io.cheelee.app","Cheelee: watch and get money","SOCIAL"
""instagram.video.downloader.story.saver.ig","Video downloader - Story Saver","SOCIAL"
""com.nglreactnative","NGL: ask me anything","SOCIAL"
""com.textmeinc.freetone","FreeTone Calls & Texting","SOCIAL"
""com.tailtales.android","Do it - Meet & Video Chat","SOCIAL"
""com.scorp.who","Who - Live Video Chat","SOCIAL"
""com.datarecovery.business.restoredeletedmessages","Recover Deleted Messages","SOCIAL"
""com.locket.Locket","Locket Widget","SOCIAL"
""com.fullsenders.sendit","sendit","SOCIAL"
""com.overseas.hapend","HapEnd: Dating, Love & Fun","SOCIAL"
""com.superlive.liveapp","SuperLive- Live Stream & Chat","SOCIAL"
""com.tumblr","Tumblr—Fandom, Art, Chaos","SOCIAL"
""com.overseas.hizone","HiZone App: Meet. Chat. Dating","SOCIAL"
""statussaver.statusdownloader.downloadstatus.videoimagesaver","Status Saver - Video Saver","SOCIAL"
""com.vb.hush","Hush","SOCIAL"
""com.hkfuliao.chamet","Chamet - Live Video Chat","SOCIAL"
""com.skool.skoolcommunities","Skool","SOCIAL"
""com.star.ayar.android","Ayar-Chat&Play","SOCIAL"
""com.plato.android","Plato: Fun Multiplayer Games","SOCIAL"
""com.joymeet.lite","Joymeet Dating App: Chat& Date","SOCIAL"
""com.vkontakte.android","VK: music, video, messenger","SOCIAL"
""com.p1.mobile.putong","TanTan - Asian Dating App","SOCIAL"
""com.rosyandroid.xme","X Me - Live Video Chat","SOCIAL"
""co.seasoned.seasonedMessaging","Seasoned Service Industry Jobs","SOCIAL"
""mini.video.chat","Minichat – The Fast Video Chat","SOCIAL"
""me.dingtone.app.im","Second Number for Call & Text","SOCIAL"
""app.zyng.app","Howbout: social calendar","SOCIAL"
""com.meetup","Meetup: Social Events & Groups","SOCIAL"
""com.hubolabs.hubo","purp - Make new friends","SOCIAL"
""video.chat.joi","Joi - Live Video Chat","SOCIAL"
""com.fun.d2m","D2M Dating: Match Chat & Meet","SOCIAL"
""ai.butterflies.ios","Butterflies - Talk to Real AIs","SOCIAL"
""ly.omegle.android","Omega - Live video call & chat","SOCIAL"
""com.towneers.www","Karrot: Buy & sell locally","SOCIAL"
""com.livhub.android","LivHub - Video Chat Online","SOCIAL"
""com.GoFundMe.GoFundMe","GoFundMe: Best in Crowdfunding","SOCIAL"
""com.ilocatemobile.navigation","Track Any Phone","SOCIAL"
""net.familo.android","Familo: Find My Phone Locator","SOCIAL"
""com.iaznl.holme","HolMe Dating app. Meet People","SOCIAL"
""com.purebond.social","Purebond - Fun chat & dating","SOCIAL"
""com.bumblebff.app","Bumble For Friends: Meet IRL","SOCIAL"
""com.guppir.swipr","BeFriend: make friends nearby","SOCIAL"
""com.gameram.gameram","Gameram: Gaming social network","SOCIAL"
""com.bereal.ft","BeReal. Your friends for real.","SOCIAL"
""com.matchtech.solive","SoLive - Live Video Chat","SOCIAL"
""com.weareher.her","HER Lesbian, bi & queer dating","SOCIAL"
""com.baitu.qingshu","Poppo Live- Live Stream","SOCIAL"
""com.photogallery.managealbum.photovault.pixagallery.cloudbackup","Cloud Gallery - Photo Editor","SOCIAL"
""com.pandoraroom.pandora","Nicee - Video Chat & Meet","SOCIAL"
""com.interfun.buz","Buz - Communication Made Easy","SOCIAL"
""com.talkielive","Chat Online: Talkie Live","SOCIAL"
""com.xingin.xhs","REDnote—小红书国际版","SOCIAL"
""com.waplog.social","Waplog: Dating, Match & Chat","SOCIAL"
""com.skout.android","SKOUT - Meet, Chat, Go Live","SOCIAL"
""social.hunch.app","Hunch - chat, vibe, date","SOCIAL"
""com.canary.vpn","CanaryVPN: VPN Fast & Secure","SOCIAL"
""com.nianticlabs.campfire","Niantic Campfire","SOCIAL"
""com.squareup.cash","Cash App","FINANCE"
""com.paypal.android.p2pmobile","PayPal - Pay, Send, Save","FINANCE"
""com.onedebit.chime","Chime – Mobile Banking","FINANCE"
""com.creditkarma.mobile","Intuit Credit Karma","FINANCE"
""com.venmo","Venmo","FINANCE"
""com.konylabs.capitalone","Capital One Mobile","FINANCE"
""com.zellepay.zelle","Zelle","FINANCE"
""com.google.android.apps.walletnfcrel","Google Wallet","FINANCE"
""com.kalshi.mobile","Kalshi: Bet the 2024 Election","FINANCE"
""com.phonevalley.progressive","Progressive","FINANCE"
""com.truebill","Rocket Money - Bills & Budgets","FINANCE"
""com.onefinance.one","One — Mobile Banking","FINANCE"
""com.chase.sig.android","Chase Mobile","FINANCE"
""de.empfohlen","testerup - earn money","FINANCE"
""com.propel.ebenefits","Propel EBT (Providers)","FINANCE"
""com.infonow.bofa","Bank of America Mobile Banking","FINANCE"
""com.okinc.okex.gp","OKX: Buy Bitcoin BTC & Crypto","FINANCE"
""finance.empower","Empower: Advance & Credit","FINANCE"
""com.wf.wellsfargomobile","Wells Fargo Mobile","FINANCE"
""com.statefarm.pocketagent","State Farm®","FINANCE"
""com.experian.android","Experian","FINANCE"
""com.kikoff","Kikoff - Build Credit Quickly","FINANCE"
""com.remitly.androidapp","Remitly: Send Money & Transfer","FINANCE"
""com.dave","Dave: Fast Cash & Banking","FINANCE"
""com.freecash.app2","Freecash: Earn Money & Rewards","FINANCE"
""com.robinhood.android","Robinhood: Stocks & Crypto","FINANCE"
""com.current.app","Current: The Future of Banking","FINANCE"
""com.westernunion.android.mtapp","Western Union Send Money Now","FINANCE"
""com.statefarm.dssm","Drive Safe & Save®","FINANCE"
""com.citi.citimobile","Citi Mobile®","FINANCE"
""com.moneylion","MoneyLion: Bank & Earn Rewards","FINANCE"
""com.hellobrigit.Brigit","Brigit: Borrow & Build Credit","FINANCE"
""com.geico.mobile","GEICO Mobile - Car Insurance","FINANCE"
""co.mona.android","Crypto.com - Buy Bitcoin, ETH","FINANCE"
""com.creditonebank.mobile","Credit One Bank Mobile","FINANCE"
""com.klovercredit.android_app","Klover - Instant Cash Advance","FINANCE"
""com.meetcleo.cleo","Cleo AI: Budget & Build Credit","FINANCE"
""com.sofi.mobile","SoFi - Banking & Investing","FINANCE"
""com.meetalbert","Albert: Budgeting and Banking","FINANCE"
""com.exto.arrow","Atlas - Rewards Credit Card","FINANCE"
""com.coinbase.android","Coinbase: Buy Bitcoin & Ether","FINANCE"
""com.activehours","EarnIn: Make Every Day Payday","FINANCE"
""com.americanexpress.android.acctsvcs.us","Amex","FINANCE"
""com.usbank.mobilebanking","U.S. Bank Mobile Banking","FINANCE"
""com.discoverfinancial.mobile","Discover Mobile","FINANCE"
""com.payfare.doordash","DasherDirect, by Payfare","FINANCE"
""com.fis.ebtedge","ebtEDGE","FINANCE"
""com.allstate.view","Allstate Mobile","FINANCE"
""com.creditgenie.app","Credit Genie: Get Cash Advance","FINANCE"
""com.participantmobileapp","Empower®","FINANCE"
""com.DailyPay.DailyPay","DailyPay On-Demand Pay","FINANCE"
""com.bossrevolution.money.production","BOSS Money: Send Cash Fast","FINANCE"
""com.fidelity.android","Fidelity Investments","FINANCE"
""ci.atlasearth.client","Atlas Earth - Buy Virtual Land","FINANCE"
""com.wallet.crypto.trustapp","Trust: Crypto & Bitcoin Wallet","FINANCE"
""bitcoin.minning.com","Bitcoin mining - Crypto Miner","FINANCE"
""com.barclaycardus","Barclays US","FINANCE"
""io.floatme.floatmeapp","FloatMe: Budget & Cash Advance","FINANCE"
""com.hrblock.blockmobile","MyBlock","FINANCE"
""com.varomoney.bank","Varo Bank: Mobile Banking","FINANCE"
""com.adp.wiselymobile","myWisely: Mobile Banking","FINANCE"
""com.avance.consumer","Flex - Rent On Your Schedule","FINANCE"
""com.pnc.ecommerce.mobile","PNC Mobile","FINANCE"
""com.greendotcorp.go2bank","GO2bank: Mobile banking","FINANCE"
""com.usdirectexpress.mobileapp","Direct Express® Mobile","FINANCE"
""com.fidelity.wi.activity","NetBenefits - Fidelity at Work","FINANCE"
""com.binance.us","Binance.US: Buy Bitcoin & ETH","FINANCE"
""com.everydollar.android","EveryDollar: Budget Tracker","FINANCE"
""com.acorns.android","Acorns: Invest For Your Future","FINANCE"
""org.toshi","Coinbase Wallet: NFTs & Crypto","FINANCE"
""com.dtm.bambu","MyBambu","FINANCE"
""com.majority.android","MAJORITY: Mobile banking","FINANCE"
""com.brightcapital.app","Bright - Crush Your Card Debt","FINANCE"
""com.gpshopper.moneygram","MoneyGram® Money Transfers App","FINANCE"
""com.instant.cash.advance.loan.app","Instant Cash Advance Loan App","FINANCE"
""com.greendot.walmart.prepaid","Walmart MoneyCard","FINANCE"
""com.conduent.ebt","ConnectEBT","FINANCE"
""com.truist.mobile","Truist Mobile","FINANCE"
""io.metamask","MetaMask - Blockchain Wallet","FINANCE"
""com.paywithfour","Four | Buy Now, Pay Later","FINANCE"
""com.cardinalcommerce.greendot","Green Dot - Mobile Banking","FINANCE"
""com.netspend.product.android","Classic Netspend","FINANCE"
""com.possible_mobile","Possible: Fast Cash & Credit","FINANCE"
""com.dovly.app","Dovly: Grow your Credit Score","FINANCE"
""com.transferwise.android","Wise","FINANCE"
""com.syf.cc","CareCredit Mobile","FINANCE"
""com.snaptravel.core","Super.com - Save, Earn, Travel","FINANCE"
""com.netspend.mobileapp.netspend","Netspend Wallet","FINANCE"
""com.usaa.mobile.android.usaa","USAA Mobile","FINANCE"
""com.aura.suite","Aura: Security & Protection","FINANCE"
""com.taptapsend","Taptap Send: Send money abroad","FINANCE"
""com.tradingview.tradingviewapp","TradingView: Track All Markets","FINANCE"
""com.brisk.jpay","JPay","FINANCE"
""com.instantly.bils.rent.pay.loan","Borrow Cash - Instant Loans","FINANCE"
""com.selflender.thor","Self - Credit Builder","FINANCE"
""com.bitkeep.wallet","Bitget Wallet: Crypto and BTC","FINANCE"
""get.instant.personal.loan.app","Cash Advance App: Borrow Money","FINANCE"
""com.ton_keeper","Tonkeeper — TON Wallet","FINANCE"
""com.ria.moneytransfer","Ria Money Transfer: Send Money","FINANCE"
""com.ifs.banking.fiid1369","Fulton Bank Mobile","FINANCE"
""com.officeapp.pdf.readerapp","PDF Reader - PDF Viewer","TOOLS"
""com.pdfreader.free.viewer.documentreader","PDF Reader - PDF Viewer","TOOLS"
""com.qr.code.reader.scanner.qrscan.android","QR & Barcode Scanner Launcher","TOOLS"
""com.atomvpn.freevpn","Atom VPN","TOOLS"
""com.google.android.apps.adm","Google Find My Device","TOOLS"
""com.smart.remote.control.app","Smart Remote Control For TV","TOOLS"
""remote.control.tv.universal.forall.roku","Remote Control for TV - All TV","TOOLS"
""com.google.android.apps.translate","Google Translate","TOOLS"
""com.gamma.scan","QR & Barcode Scanner","TOOLS"
""com.apple.movetoios","Move to iOS","TOOLS"
""com.octool.idphoto","ID Photo - Easy ID Maker","TOOLS"
""com.sec.android.easyMover","Samsung Smart Switch Mobile","TOOLS"
""com.facebook.viewpoints","Viewpoints","TOOLS"
""com.google.android.apps.authenticator2","Google Authenticator","TOOLS"
""com.boost.roku.remote","Remote for Roku: TV Remote","TOOLS"
""com.quickcash.gurujiapps","Lie Detector Fun Prank","TOOLS"
""claptofind.claptofindmyphone.phonefinderpro","Find Your Phone By Clap","TOOLS"
""com.fly.web.smart.browser","Fly Browser-Search & Private","TOOLS"
""com.brighthouse.mybhn","My Spectrum","TOOLS"
""com.symantec.mobilesecurity","Norton360 Antivirus & Security","TOOLS"
""com.duckduckgo.mobile.android","DuckDuckGo Private Browser","TOOLS"
""com.nordvpn.android","NordVPN – fast VPN for privacy","TOOLS"
""com.fast.free.unblock.secure.vpn","Secure VPN－Safer Internet","TOOLS"
""com.boost.universal.remote","Universal TV Remote for All TV","TOOLS"
""com.rokuremote.casttv.remotecontrol.tvcontrol","TV Remote Control for RokuTV","TOOLS"
""com.scan.qrcode.tool.scanner","Qr Code Scanner","TOOLS"
""ch.protonvpn.android","VPN Proton: Fast & Secure VPN","TOOLS"
""com.utils.antivirustoolkit","AntiVirus Toolkit","TOOLS"
""videoplayer.videodownloader.downloader","All Video Downloader & Player","TOOLS"
""proxy.browser.unblock.sites.proxybrowser.unblocksites","Proxy Browser","TOOLS"
""app.jumpjumpvpn.jumpjumpvpn","JumpJumpVPN- Fast & Secure VPN","TOOLS"
""com.wifikeyview.wifikeyrecovery.wifi.passwordview.wifispeedtest.wifianalyzer.password.show","WIFI Geniet","TOOLS"
""free.vpn.unblock.proxy.vpn.master.pro","VPN Proxy Master - Safer Vpn","TOOLS"
""com.zhiliao.musically.livewallpaper","TickTock-TikTok Live Wallpaper","TOOLS"
""com.fapp.translate.language.translator.fasttranslation","XTranslate - Photo, Voice, PDF","TOOLS"
""com.amazon.storm.lightning.client.aosp","Amazon Fire TV","TOOLS"
""authenticator.two.factor.authentication.otp","Authenticator App - SafeAuth","TOOLS"
""com.best.quick.browser","Ai Browser - Smarter & Safer","TOOLS"
""com.flashlight.bright.led.light","Brightest Flashlight Launcher","TOOLS"
""filerecovery.recoverdeletedphotosvideo.irecovery","File Recovery, Photo Recovery","TOOLS"
""com.until.futon.simplescanner","Simple Scanner-QR Code Reader","TOOLS"
""com.free.vpn.super.hotspot.open","VPN - Super Unlimited Proxy","TOOLS"
""com.kudus.wifimanager.datamonitor","WiFi Connection Manager","TOOLS"
""qrcodescanner.barcodescanner.qrscanner.qrcodereader","QR Code Scanner & Scanner App","TOOLS"
""screen.mirroring.smart.tv","Screen Mirroring TV & Miracast","TOOLS"
""myfiles.filemanager.fileexplorer.cleaner","Phone Cleaner - AI Cleaner","TOOLS"
""com.expressvpn.vpn","ExpressVPN: VPN Fast & Secure","TOOLS"
""com.mediamushroom.copymydata","Copy My Data: Transfer Content","TOOLS"
""com.cleanertool.box","Cleaner Toolbox","TOOLS"
""org.malwarebytes.antimalware","Malwarebytes Mobile Security","TOOLS"
""com.google.ar.lens","Google Lens","TOOLS"
""com.dubox.drive","TeraBox: Cloud Storage Space","TOOLS"
""com.coinidentifyer.ai","CoinSnap - Coin Identifier","TOOLS"
""com.officepdf.pdfeditor.pdfreader","PDF Editor - PDF Reader","TOOLS"
""com.fast.translatealllanguages.voice.translateapp.texttovoice.alllanguages.translator","Go Translate All Languages","TOOLS"
""free.vpn.unblock.proxy.turbovpn","Turbo VPN - Secure VPN Proxy","TOOLS"
""com.manread.wytan.onepro","One Clean Pro: Antivirus Clean","TOOLS"
""antivirus.virus.cleaner.clean.vpn.booster","Cleaner Antivirus VPN Cleaner","TOOLS"
""com.scannerreader.qrcode.creatorfree","QR Scanner","TOOLS"
""com.immediasemi.android.blink","Blink Home Monitor","TOOLS"
""com.antivirus","AVG AntiVirus & Security","TOOLS"
""com.cleanplanner","Clean Planner","TOOLS"
""com.apple.bnd","Beats","TOOLS"
""com.translate.language.translator.camera.photo.all.free.voice.ai.video","All Languages Translator","TOOLS"
""com.dmobileapps.barcodescanner","QR & Barcode Scanner","TOOLS"
""com.google.android.apps.paidtasks","Google Opinion Rewards","TOOLS"
""recorder.screenrecorder.videoeditor","Screen Recorder Video Recorder","TOOLS"
""com.cleaner.goal","Cleaner Goal","TOOLS"
""com.dalivpn.v2raydalivpn","Dali VPN","TOOLS"
""sadev.mobile.androidapps","aTranslator - Text & Voice","TOOLS"
""com.baliuapps.superapp","8Super App Manager & Cleaner","TOOLS"
""com.kk.junkcleaner.easy.zxkk","Easy Cleaner Junk","TOOLS"
""com.voicefive.mms","My Mobile Secure VPN","TOOLS"
""com.tools.flashapp.flashlight.flashcall","Flash App - Flash Alert","TOOLS"
""com.feelclean.booster","Feel Clean","TOOLS"
""com.tip.calculator.unit.converter.android","All-in-one Calculator Launcher","TOOLS"
""com.att.mobilesecurity","AT&T ActiveArmor℠","TOOLS"
""com.dazoppy.plus","Dazofy","TOOLS"
""calculator.currencyconverter.tipcalculator.unitconverter","Calculator: Simple Calculator","TOOLS"
""jp.co.canon.bsd.ad.pixmaprint","Canon PRINT","TOOLS"
""com.lenovo.anyshare.gps","SHAREit: Transfer, Share Files","TOOLS"
""com.govee.home","Govee Home","TOOLS"
""com.lutech.fileminer","File Recovery Photo Recovery","TOOLS"
""com.video.free.x.play.downloader","X Downloader -All Video Player","TOOLS"
""com.space.reclaimer.sr","Space Reclaimer","TOOLS"
""com.an.flashlight.flashalert.flashlightpro","Flashlight Pro: Super LED","TOOLS"
""com.datu.livefluid.fluidwallpaper","Magic Wallpaper: Magic Fluid","TOOLS"
""com.fast.cleanup.oc","AI CleanUp","TOOLS"
""com.fast.free.unblock.thunder.vpn","Thunder VPN - Fast, Safe VPN","TOOLS"
""com.bonbast.vpn","فیلتر شکن قوی Bonbast VPN","TOOLS"
""com.casttv.castforchromecast.screencast","Cast for Chromecast & TV Cast","TOOLS"
""com.vpn.proxy.unblock.privatevpn.fastvpn.securevpn","Bolt VPN - Super VPN Proxy","TOOLS"
""net.uploss.water_app","Water Tracker and Drink Alarm","TOOLS"
""com.tmobile.pr.mytmobile","T-Mobile","TOOLS"
""com.microsoft.bing","Microsoft Bing Search","TOOLS"
""com.tools.scanner.qrcodescan","Qr Code Scanner","TOOLS"
""thxdroid.androidapp.translatepro","Translate Pro - Text & Voice","TOOLS"
""com.cyber.fox","Fox Cleaner","TOOLS"
""com.manik.words","Wodfix Max","TOOLS"
""com.esaba.downloader","Downloader by AFTVnews","TOOLS"
""com.mcdonalds.app","McDonald's","FOOD_AND_DRINK"
""com.dd.doordash","DoorDash - Food Delivery","FOOD_AND_DRINK"
""com.subway.mobile.subwayapp03","Subway®","FOOD_AND_DRINK"
""com.ubercab.eats","Uber Eats: Food Delivery","FOOD_AND_DRINK"
""com.dominospizza","Domino's Pizza USA","FOOD_AND_DRINK"
""com.emn8.mobilem8.nativeapp.bk","BURGER KING® App","FOOD_AND_DRINK"
""com.starbucks.mobilecard","Starbucks","FOOD_AND_DRINK"
""com.instacart.client","Instacart: Get Food Delivery","FOOD_AND_DRINK"
""com.littlecaesars","Little Caesars","FOOD_AND_DRINK"
""com.app.tgtg","Too Good To Go: End Food Waste","FOOD_AND_DRINK"
""com.wendys.nutritiontool","Wendy’s","FOOD_AND_DRINK"
""com.chickfila.cfaflagship","Chick-fil-A®","FOOD_AND_DRINK"
""com.dunkinbrands.otgo","Dunkin’","FOOD_AND_DRINK"
""com.yelp.android","Yelp: Food, Delivery & Reviews","FOOD_AND_DRINK"
""com.emn8.mobilem8.nativeapp.popeyes","Popeyes® App","FOOD_AND_DRINK"
""com.pandaexpress.app","Panda Express","FOOD_AND_DRINK"
""com.kfc.us.mobile","KFC US - Ordering App","FOOD_AND_DRINK"
""com.yum.pizzahut","Pizza Hut - Food Delivery & Ta","FOOD_AND_DRINK"
""com.chipotle.ordering","Chipotle - Fresh Food Fast","FOOD_AND_DRINK"
""com.seattleapplab.jerseymikes","Jersey Mike's","FOOD_AND_DRINK"
""com.grubhub.android","Grubhub: Food Delivery","FOOD_AND_DRINK"
""com.sonic.sonicdrivein","SONIC Drive-In - Order Online","FOOD_AND_DRINK"
""crumbl.cookies","Crumbl","FOOD_AND_DRINK"
""com.sei.android","7-Eleven: Rewards & Shopping","FOOD_AND_DRINK"
""com.arbys.android.arbysapp","Arby's Fast Food Sandwiches","FOOD_AND_DRINK"
""com.savealot.rewards","Save A Lot","FOOD_AND_DRINK"
""com.ak.app.firehouse.activity","Firehouse Subs","FOOD_AND_DRINK"
""com.olo.dairyqueen.production","Dairy Queen® Food & Treats","FOOD_AND_DRINK"
""com.papajohns.android","Papa Johns Pizza & Delivery","FOOD_AND_DRINK"
""wb.mobile.cx.client.droid","Whataburger","FOOD_AND_DRINK"
""com.buffalowildwings.blazinrewards","Buffalo Wild Wings Ordering","FOOD_AND_DRINK"
""com.panera.bread","Panera Bread","FOOD_AND_DRINK"
""com.dutchbros.loyalty","Dutch Bros","FOOD_AND_DRINK"
""com.mobilaurus.wingstopandroid","Wingstop","FOOD_AND_DRINK"
""com.wawa.android.appv2","Wawa","FOOD_AND_DRINK"
""com.olo.ihop","IHOP®","FOOD_AND_DRINK"
""com.toasttab.consumer","Local by Toast","FOOD_AND_DRINK"
""com.opentable","OpenTable","FOOD_AND_DRINK"
""com.main.gopuff","Gopuff—Alcohol & Food Delivery","FOOD_AND_DRINK"
""com.jimmyjohns","Jimmy John's Sandwiches","FOOD_AND_DRINK"
""com.factor75.factor75","Factor_ Prepared Meal Delivery","FOOD_AND_DRINK"
""app.quiktrip.com.quiktrip","QuikTrip: Food, Coupons & Fuel","FOOD_AND_DRINK"
""com.culvers.mobile","Culver's","FOOD_AND_DRINK"
""com.raisingcanes.ordering","Raising Cane's Chicken Fingers","FOOD_AND_DRINK"
""com.Caseys.finder","Casey's","FOOD_AND_DRINK"
""com.foodient.whisk","Samsung Food: Meal Planning","FOOD_AND_DRINK"
""com.relevantmobile.texasroadhouse","Texas Roadhouse","FOOD_AND_DRINK"
""com.tropicalsmoothie.tropicalsmoothiecafe.android.app","Tropical Smoothie Cafe","FOOD_AND_DRINK"
""com.thanx.nothingbundtcakes","Nothing Bundt Cakes","FOOD_AND_DRINK"
""com.speedway.mobile","Speedway: Rewards & Shopping","FOOD_AND_DRINK"
""com.mcdo.mcdonalds","McDonald's Offers and Delivery","FOOD_AND_DRINK"
""com.crackerbarrel.app","Cracker Barrel","FOOD_AND_DRINK"
""com.tts.gueststar","Church's Texas Chicken®","FOOD_AND_DRINK"
""com.shipt.groceries","Shipt Snack & Grocery Delivery","FOOD_AND_DRINK"
""com.olo.applebees","Applebee's","FOOD_AND_DRINK"
""com.slicelife.storefront","Slice: Pizza Delivery/Pick Up","FOOD_AND_DRINK"
""com.inkind.inkind","inKind","FOOD_AND_DRINK"
""com.instacart.client.publix","Publix Delivery & Curbside","FOOD_AND_DRINK"
""com.darden.mobile.olivegarden","Olive Garden Italian Kitchen","FOOD_AND_DRINK"
""com.ljsilvers","Long John Silver's","FOOD_AND_DRINK"
""com.totalwine.app.store","Total Wine & More","FOOD_AND_DRINK"
""com.murphy.driverewards","Murphy Drive Rewards","FOOD_AND_DRINK"
""com.kraft.allotta","What's Cooking?","FOOD_AND_DRINK"
""com.snapfinger.mobile.zaxbys","Zaxbys","FOOD_AND_DRINK"
""com.tillster.frd_us_mobile","Freddy’s","FOOD_AND_DRINK"
""com.dennys.mobile","Denny's","FOOD_AND_DRINK"
""com.trubeacon.scooters_mobile_android","Scooter's Coffee","FOOD_AND_DRINK"
""com.bobbyapproved","Bobby Approved","FOOD_AND_DRINK"
""com.hellofresh.androidapp","HelloFresh: Meal Kit Delivery","FOOD_AND_DRINK"
""com.postmates.android","Postmates - Food Delivery","FOOD_AND_DRINK"
""com.flashfoodapp.android","Flashfood—Grocery deals","FOOD_AND_DRINK"
""com.paytronix.client.android.app.checkersandrallys","Checkers & Rally's Rewards","FOOD_AND_DRINK"
""com.qdoba.android","QDOBA Mexican Eats","FOOD_AND_DRINK"
""com.redrobin.appstore","Red Robin","FOOD_AND_DRINK"
""com.chownow.discover","ChowNow: Local Food Ordering","FOOD_AND_DRINK"
""org.pleinair.bojanglesmobile","Bojangles","FOOD_AND_DRINK"
""com.buzzfeed.tasty","Tasty","FOOD_AND_DRINK"
""whitecastle.ordering","White Castle Online Ordering","FOOD_AND_DRINK"
""com.supercook.app","SuperCook - Recipe Generator","FOOD_AND_DRINK"
""com.shakeshack.android","Shake Shack","FOOD_AND_DRINK"
""ruby.tuesday.app","Ruby Rewards","FOOD_AND_DRINK"
""com.outback.tampa","Outback Steakhouse","FOOD_AND_DRINK"
""com.olo.deltaco","Del Taco - Del Yeah! Rewards","FOOD_AND_DRINK"
""com.goldencorralapp.app","Golden Corral","FOOD_AND_DRINK"
""com.baskinrobbins.app","Baskin-Robbins","FOOD_AND_DRINK"
""com.mobile.potbelly","Potbelly Sandwich Works","FOOD_AND_DRINK"
""com.mobile.daveshotchicken","Dave’s Hot Chicken®","FOOD_AND_DRINK"
""com.zeptoconsumerapp","Zepto:10-Min Grocery Delivery*","FOOD_AND_DRINK"
""com.olo.papamurphys","Papa Murphy’s Pizza","FOOD_AND_DRINK"
""com.neighbfav.neighborfavor","Favor: Texas Food Delivery","FOOD_AND_DRINK"
""com.nytimes.cooking","NYT Cooking: Recipes & Tips","FOOD_AND_DRINK"
""com.talabat","talabat: Food, grocery & more","FOOD_AND_DRINK"
""com.punchh.smashburger","Smashburger - Burgers & Shakes","FOOD_AND_DRINK"
""com.chuckecheese.app","Chuck E. Cheese","FOOD_AND_DRINK"
""com.olo.elpolloloco","El Pollo Loco - Loco Rewards","FOOD_AND_DRINK"
""com.paytronix.client.android.app.gpm","fas REWARDS®","FOOD_AND_DRINK"
""com.paytronix.client.android.app.blackrockcoffee","Black Rock Coffee Bar","FOOD_AND_DRINK"
""com.hashtagapplications.fromtherest","FromTheRestaurant","FOOD_AND_DRINK"
""com.toters.customer","Toters: Food Delivery & More","FOOD_AND_DRINK"
""com.punchh.slimchickens","Slim Chickens","FOOD_AND_DRINK"
""com.life360.android.safetymapd","Life360: Live Location Sharing","LIFESTYLE"
""com.pinterest","Pinterest","LIFESTYLE"
""com.polymarket.android","Polymarket: Election Forecast","LIFESTYLE"
""cashgiraffe.app","Cash Giraffe - Play and earn","LIFESTYLE"
""com.kashkick.kashkickapp","KashKick: Get paid to have fun","LIFESTYLE"
""com.tmobile.tuesdays","T-Life","LIFESTYLE"
""com.substack.app","Substack","LIFESTYLE"
""com.amazon.dee.app","Amazon Alexa","LIFESTYLE"
""com.nextdoor","Nextdoor: Neighborhood network","LIFESTYLE"
""com.ringapp","Ring - Always Home","LIFESTYLE"
""com.affinity.rewarded_play","Rewarded Play: Earn Gift Cards","LIFESTYLE"
""com.google.android.apps.chromecast.app","Google Home","LIFESTYLE"
""com.bd.nproject","Lemon8 - Lifestyle Community","LIFESTYLE"
""video.clip.call.fake.chat.message.prank","Prank Video Call - Fake Chat","LIFESTYLE"
""com.scrambly","Play & Earn Rewards - Scrambly","LIFESTYLE"
""com.lgeha.nuts","LG ThinQ","LIFESTYLE"
""com.chamberlain.android.liftmaster.myq","myQ Garage & Access Control","LIFESTYLE"
""com.dramaton.slime","Super Slime Simulator: DIY Art","LIFESTYLE"
""com.fivesurveys.mobile","Five Surveys - Earn Money Fast","LIFESTYLE"
""com.prodege.swagbucksmobile","Swagbucks Play Games + Surveys","LIFESTYLE"
""com.muslimprayer.qiblafinder.qiblacompass","Muslim Prayer - Qibla Finder","LIFESTYLE"
""com.eero.android","eero wifi system","LIFESTYLE"
""aichat.chatgpt","AiGo - Chat with AI Girlfriend","LIFESTYLE"
""com.habit.record.reward.tracker","DailyGift: Earn Reward","LIFESTYLE"
""com.nestle.us.purina.fellowshipapp","myPurina – Pet Rewards & Care","LIFESTYLE"
""com.cashday.reward","CashDay: Earn Money Daily","LIFESTYLE"
""com.ford.fordpass","FordPass™","LIFESTYLE"
""com.tuya.smartlife","Smart Life - Smart Living","LIFESTYLE"
""com.tuya.smart","Tuya Smart","LIFESTYLE"
""com.yardi.systems.rentcafe.resident","RentCafe Resident","LIFESTYLE"
""com.theoremreach.wizardbucks","Playful Rewards: Play & Earn","LIFESTYLE"
""com.plantparentai.app","Plant Parent: Plant Care Guide","LIFESTYLE"
""com.hualai","Wyze - Make Your Home Smarter","LIFESTYLE"
""com.aaa.android.discounts","AAA Mobile","LIFESTYLE"
""ai.metaverse.remote.control.smarthome","Smart Light Smart Home Control","LIFESTYLE"
""com.aarp.app","AARP Now","LIFESTYLE"
""io.at.cash.dream","CashDream: Play & Earn Rewards","LIFESTYLE"
""com.publix.main","Publix","LIFESTYLE"
""com.picturerock.rock","Rock Identifier: Stone ID","LIFESTYLE"
""com.fakecall.fakechat.prank.app","Prank Call - Fake Call & Chat","LIFESTYLE"
""diary.diarywithlock.diaryforgirls","Diary with Fingerprint Lock","LIFESTYLE"
""com.thetileapp.tile","Tile: Making Things Findable","LIFESTYLE"
""com.heycash.surveys.earn.money","HeyCash: Surveys for Money","LIFESTYLE"
""com.onstar.guardian","OnStar Guardian: Safety App","LIFESTYLE"
""mydiary.journal.diary.diarywithlock.diaryjournal.secretdiary","My Diary - Daily Diary Journal","LIFESTYLE"
""com.gm.chevrolet.nomad.ownership","myChevrolet","LIFESTYLE"
""com.nest.android","Nest","LIFESTYLE"
""com.samsung.android.oneconnect","SmartThings","LIFESTYLE"
""online.cashemall.app","Cash’em All: Play & Win","LIFESTYLE"
""com.samsung.android.samsungpay.gear","Samsung Wallet/Pay (Watch)","LIFESTYLE"
""com.tplink.iot","TP-Link Tapo","LIFESTYLE"
""com.greatclips.android","Great Clips Online Check-in","LIFESTYLE"
""com.oceanwing.battery.cam","eufy Security","LIFESTYLE"
""jp.cocone.sweetdays","Hello Kitty Dream Village","LIFESTYLE"
""cpro.freestuff","Free Stuff","LIFESTYLE"
""com.tplink.kasa_android","Kasa Smart","LIFESTYLE"
""com.teslamotors.tesla","Tesla","LIFESTYLE"
""com.brinker.chilis","Chilis","LIFESTYLE"
""com.life.palm","Life Palmistry - Palm&Gender","LIFESTYLE"
""com.locai.petpartner","PetDesk - Pet Health Reminders","LIFESTYLE"
""com.hm.goe","H&M - we love fashion","LIFESTYLE"
""com.heypiggy.heypiggy","HeyPiggy - Earn with Surveys","LIFESTYLE"
""com.ust.sheetzretapp","Sheetz Food Delivery & Rewards","LIFESTYLE"
""com.etekcity.vesyncplatform","VeSync","LIFESTYLE"
""com.sotg.surveys","Surveys On The Go","LIFESTYLE"
""com.horoscopedaily.astrology.zodiac.horoscope.android","Daily Horoscope Launcher","LIFESTYLE"
""com.ministrycentered.churchcenter","Church Center App","LIFESTYLE"
""com.michaels.michaelsstores","Michaels Stores","LIFESTYLE"
""com.pch.pchworld","PCH+ - Real Prizes, Fun Games","LIFESTYLE"
""com.excentus.frn.android","Fuel Rewards® program","LIFESTYLE"
""com.bilt.mobile","BILT: 3D Instructions","LIFESTYLE"
""com.fyxtech.muslim","WeMuslim: Athan, Qibla&Quran","LIFESTYLE"
""com.ge.kitchen","SmartHQ","LIFESTYLE"
""com.fet.ideawise","FET: Connect, Date & Explore","LIFESTYLE"
""com.iproyal.android","Pawns.app: Surveys for Money","LIFESTYLE"
""thetestemall.app","Test'em All: Test & Get Paid","LIFESTYLE"
""iq.qicard.qipay.prod","SuperQi","LIFESTYLE"
""com.hobbylobbystores.android","Hobby Lobby Stores","LIFESTYLE"
""online.moneywell.app","Money Well - Games for rewards","LIFESTYLE"
""com.matchpublive","MatchPub - Live Video Chat","LIFESTYLE"
""colorwidgets.ios.widget.topwidgets","Color Widgets, Theme: iWidgets","LIFESTYLE"
""com.irobot.home","iRobot Home","LIFESTYLE"
""com.survjun","Survey Junkie","LIFESTYLE"
""com.ace.shell.production","Auto Club","LIFESTYLE"
""com.arlo.app","Arlo Secure: Home Security","LIFESTYLE"
""com.rizzlabs.rizz","RIZZ","LIFESTYLE"
""com.mm.android.DMSS","DMSS","LIFESTYLE"
""qiblafinder.prayertimes.qibladirection.hijricalendar","Prayer Times & Qibla Finder","LIFESTYLE"
""com.costarastrology","Co–Star Personalized Astrology","LIFESTYLE"
""com.adt.adtcontrolalarm","ADT Control ®","LIFESTYLE"
""com.wand.simulator.wizard.magicwand","Magic Wand - Wizard Simulator","LIFESTYLE"
""com.aigirlfriend.anna","My AI Sweetheart","LIFESTYLE"
""com.verizon.familybase.parent","Verizon Family","LIFESTYLE"
""com.ge.cbyge","Cync (the new name of C by GE)","LIFESTYLE"
""com.sharkninja.shark","SharkClean","LIFESTYLE"
""com.partiful.partiful","Partiful: Fun Party Invites","LIFESTYLE"
""com.majx.geoloc","Friend Tracker: Find Anyone","LIFESTYLE"
""genesis.nebula","Nebula: Horoscope & Astrology","LIFESTYLE"
""com.bblab.time_lockscreen.gesture_lockscreen","Gesture Guard: Screen Lock","LIFESTYLE"
""com.cricut.designspace","Design Space: DIY with Cricut","LIFESTYLE"
""com.espn.score_center","ESPN","SPORTS"
""com.foxsports.android","FOX Sports: Watch Live","SPORTS"
""onxmaps.hunt","onX Hunt: GPS Hunting Maps","SPORTS"
""com.fanduel.sportsbook","FanDuel Sportsbook & Casino","SPORTS"
""com.gotv.nflgamecenter.us.lite","NFL","SPORTS"
""com.draftkings.sportsbook","DraftKings Sportsbook & Casino","SPORTS"
""com.nbaimd.gametime.nba2011","NBA: Live Games & Scores","SPORTS"
""com.handmark.sportcaster","CBS Sports App: Scores & News","SPORTS"
""com.hardrockdigital.client","Hard Rock Bet: Betting, Casino","SPORTS"
""com.fubo.firetv.screen","Fubo: Watch Live TV & Sports","SPORTS"
""com.crrepa.band.dafit","Da Fit","SPORTS"
""com.playmgm.nj.sports","BetMGM - Online Sports Betting","SPORTS"
""com.bet365SportsNJ.Bet365_ApplicationNJ","bet365 - Sportsbook & Casino","SPORTS"
""com.dfnfl.live","Dofu Live NFL NBA MLB NHL NCAA","SPORTS"
""com.dabblesports.us_fantasy","Dabble - DFS & Player Props","SPORTS"
""com.adidas.app","adidas: Shop Shoes & Clothing","SPORTS"
""com.espn.bet","ESPN BET","SPORTS"
""com.bleacherreport.android.teamstream","Bleacher Report: Sports News","SPORTS"
""com.draftkings.picksix","DraftKings Pick6: Fantasy Game","SPORTS"
""com.buoy76.huntpredictor","HuntWise: A Better Hunting App","SPORTS"
""com.betfanatics.sportsbook.android","Fanatics Sportsbook & Casino","SPORTS"
""com.ludexmobile","LUDEX Sports Card Scanner +TCG","SPORTS"
""com.sportsyou.sportsYou","sportsYou","SPORTS"
""com.gc.teammanager","GameChanger","SPORTS"
""com.draftkings.dknativermgGP","DraftKings Fantasy Sports","SPORTS"
""com.teamreach.app","TeamReach - Your Team App","SPORTS"
""com.huntstand.core","HuntStand: GPS Maps & Tools","SPORTS"
""com.rush.ri","BetRivers Casino & Sportsbook","SPORTS"
""com.teamsnap.teamsnap","TeamSnap: manage youth sports","SPORTS"
""com.df.df_sports_betting_tips","Dofu - NFL Live Streaming","SPORTS"
""com.espn.fantasy.lm.football","ESPN Fantasy Sports","SPORTS"
""com.sofascore.results","Sofascore - Live sports scores","SPORTS"
""com.williamhill.us.nj.sports","Caesars Sportsbook","SPORTS"
""com.resultadosfutbol.mobile","BeSoccer - Soccer Live Score","SPORTS"
""com.sgatech.free.sports.tv","Live Football Tv Stream Hd","SPORTS"
""com.handmark.sportscaster.androidtv","CBS Sports: Watch Live","SPORTS"
""com.fivemobile.thescore","theScore: Sports News & Scores","SPORTS"
""com.nbcsports.apps.tv","NBC Sports","SPORTS"
""air.com.nbcuni.com.nbcsports.liveextra","NBC Sports","SPORTS"
""com.formulaone.production","F1 TV","SPORTS"
""com.moutriemobile.android.tyche","Moultrie Mobile","SPORTS"
""com.huami.watch.hmwatchmanager","Zepp（formerly Amazfit）","SPORTS"
""co.gofan.fan.iron","GoFan: Buy Tickets to Events","SPORTS"
""app.instabet.betr","Betr Fantasy & Sportsbook","SPORTS"
""com.foxsports.videogo","FanDuel Sports Network","SPORTS"
""com.mobilefootie.wc2010","FotMob - Soccer Live Scores","SPORTS"
""com.spypoint.spypointApp","SPYPOINT","SPORTS"
""com.sportngin.android","SportsEngine – Team Management","SPORTS"
""com.fanatics","Fanatics: Shop NFL, NBA & More","SPORTS"
""onxmaps.backcountry","onX Backcountry Trail Maps GPS","SPORTS"
""app.collx.android","CollX: Sports Card Scanner","SPORTS"
""com.sleeperbot","Sleeper Fantasy Sports","SPORTS"
""com.uefa.ucl","Champions League Official","SPORTS"
""com.sportsduelreader.nflfan","FanDuel NFL Games","SPORTS"
""com.HOFBet.hofbet","HOF Bets: Make Smarter Bets","SPORTS"
""pk.hadieditz.urdu.poetry","NFL Live Stream - HD Streaming","SPORTS"
""com.command2020","COMMAND PRO","SPORTS"
""com.bamnetworks.mobile.android.gameday.atbat","MLB","SPORTS"
""com.neulion.android.tablet.nfl.wnfln","NFL Network","SPORTS"
""com.dkhorse.android","DK Horse Racing & Betting","SPORTS"
""com.fishbrain.app","Fishbrain - Fishing App","SPORTS"
""com.johneyboy.whitetaildeercalls","Whitetail Deer Calls","SPORTS"
""com.yinzcam.nfl.chiefs","Chiefs Mobile","SPORTS"
""com.nflfordofu.bestapp","Live Sports","SPORTS"
""com.maxpreps.mpscoreboard","MaxPreps: High School Sports","SPORTS"
""com.scores365","365Scores: Live Scores & News","SPORTS"
""com.squarevalley.i8birdies","18Birdies Golf GPS Rangefinder","SPORTS"
""com.hudl.fanexperience","Hudl Fan: Find, Watch, Follow.","SPORTS"
""com.topgolf.mobile","Topgolf","SPORTS"
""com.yinzcam.nfl.vikings","Minnesota Vikings","SPORTS"
""com.yahoo.mobile.client.android.sportacular","Yahoo Sports: Scores & News","SPORTS"
""com.wagon.fccardcreator","FUT 25 Card Creator","SPORTS"
""com.livescore.footballscores.matchlive","MatchLive: Football Live Score","SPORTS"
""com.parlayplay.app","ParlayPlay Fantasy Sports Game","SPORTS"
""com.taild","Chalkboard Fantasy Sports","SPORTS"
""com.lanetalk","Lanetalk","SPORTS"
""com.sportslive.ussportsapp","NFL Live streaming app","SPORTS"
""com.fanduel.android.self","FanDuel Fantasy Sports","SPORTS"
""vg.real","Real - Sports","SPORTS"
""app.football.stream.team.sports.live.tv","Live Football TV Streaming HD","SPORTS"
""com.teamapp.teamapp","Stack Team App","SPORTS"
""com.ballys.ballysportsapp","Bally Bet Sportsbook","SPORTS"
""com.gothamsports.gotham.tv","Gotham Sports","SPORTS"
""com.theappdoor.tpwd.app","Texas Outdoor Annual","SPORTS"
""com.pl.premierleague","Premier League - Official App","SPORTS"
""com.hudl.hudroid","Hudl","SPORTS"
""com.hmbase.live.sport.wnba.freestream","Watch Live WNBA Basketball","SPORTS"
""com.yalla.korascore","الكورة - شاهد مباريات اليوم","SPORTS"
""com.livescore","LiveScore: Live Sports Scores","SPORTS"
""com.siplay.tourneymachine_android","SportsEngine Tourney","SPORTS"
""com.leagueapps.mobile.client","LeagueApps Play","SPORTS"
""com.yahoo.mobile.client.android.fantasyfootball","Yahoo Fantasy Football, Sports","SPORTS"
""com.thrillzzgamesstudio.thrillzz.t2","Thrillzz Social Sportsbook","SPORTS"
""com.betwayusa.BetwayOhio","Betway - NJ & PA Casino Online","SPORTS"
""com.softpauer.f1timingapp2014.basic","Formula 1®","SPORTS"
""com.playon.nfhslive","NFHS Network","SPORTS"
""com.predictionstrike","PredictionStrike: Sport Stocks","SPORTS"
""com.mcentric.mcclient.FCBWorld","FC Barcelona Official App","SPORTS"
""com.yallagroup.yallashoot","Yalla Shoot - Live Scores","SPORTS"
""scorebuzz.soccerlivescore.livesports.footballscore","Soccer Live Scores: SnapGoal","SPORTS"
""com.google.android.apps.photos","Google Photos","WATCH_FACE"
""com.jeremysteckling.facerrel","Facer Watch Faces","WATCH_FACE"
""com.watchfacestudio.v12","TOP GUN - hybrid watch face","WATCH_FACE"
""com.watch.face.wallpaper","Watch Face Wallpaper","WATCH_FACE"
""com.recreative.outdoor","Outdoor - Mountain & Sea","WATCH_FACE"
""com.watchfacestudio.ficture_reflecto_light","Ficture Reflecto Light","WATCH_FACE"
""com.dexcom.g6","Dexcom G6","WATCH_FACE"
""com.luxsank.analogclassic","Analog Classic - Luxsank","WATCH_FACE"
""com.inbody2014.inbody","InBody","WATCH_FACE"
""com.recreative.pumpkinframe","Autumn Frame & Halloween","WATCH_FACE"
""com.pujie.watchfaces","Watch Faces - Pujie","WATCH_FACE"
""slide.watchFrenzy","WatchMaker Watch Faces","WATCH_FACE"
""com.benoitletondor.pixelminimalwatchface","Minimal Watch Faces","WATCH_FACE"
""com.recreative.recreative01","Minimal & Simple Watch - RE","WATCH_FACE"
""com.watchfacestudio.blaine021","Blaine 021 Hybrid Watch Face","WATCH_FACE"
""com.watchfacestudio.PER009_Mesaa","Sport Watch Face PER009 Mesa","WATCH_FACE"
""com.watchfacedesigns.Vanish","Vanishing Hour - Watch Face","WATCH_FACE"
""com.zaheer.scifi","Sci-Fi Digital Watch Face","WATCH_FACE"
""com.watchfacestudio.lihtnes024","Sporty Watch Face 024","WATCH_FACE"
""com.JiaRen.LCDsimple","LCD simple","WATCH_FACE"
""com.watchfacestudio.wfp225_brutal","WFP 225 Hybrid watch face","WATCH_FACE"
""com.gywatchface.gyd003","GYD003 | Digital watchface","WATCH_FACE"
""com.mochaseeds.pixyworld","Pixyworld - Watch Face","WATCH_FACE"
""com.watchfacestudio.s4urconefree","S4U RC ONE - Basic watch face","WATCH_FACE"
""fr.thema.wear.watch.christmaslights","Christmas Lights Watch Face","WATCH_FACE"
""com.starwatchfaces.thanksgiving","Thanksgiving","WATCH_FACE"
""com.watchfacestudio.ballozi.skynox.watchface","Ballozi SKYNOX Analog","WATCH_FACE"
""com.watchfacestudio.lihtnes044","Health Watch Face 044","WATCH_FACE"
""com.watchfacestudio.sunlight","Sunlight Watch Face","WATCH_FACE"
""com.samsung.sree","Samsung Global Goals","WATCH_FACE"
""com.sparkistic.photowear","PhotoWear Classic Watch Face","WATCH_FACE"
""com.watchfacestudio.sg_61","SG-61","WATCH_FACE"
""com.watchfacestudio.sg_sport_2","SG Sport 2","WATCH_FACE"
""com.watch.richface.challenger","Challenger Watch Face","WATCH_FACE"
""fr.thema.wear.watch.flower","Flower Watch Face","WATCH_FACE"
""com.watchfacestudio.minimalblack1","Minimal Black Watch Face","WATCH_FACE"
""com.space.galaxy.galaxy3d.watchface.wear","3D Galaxy Watch Face","WATCH_FACE"
""fr.thema.wear.watch.minimalistpixel","Simple Pixel Watch Face","WATCH_FACE"
""com.recreative.santaclaus","Santa Claus & Christmas","WATCH_FACE"
""skullwatchface.scaryskullonwearoswatch.neonskullartwatchfaces","Skull Watchface: Wear OS Watch","WATCH_FACE"
""com.mahmoudzadah.watchface.arabic.premium","Arabic Premium Watchface","WATCH_FACE"
""com.watchfacestudio.per015","Sport Watch Face PER015 Luna","WATCH_FACE"
""watch.richface.app.timecast","TimeCast Watch Face Lite","WATCH_FACE"
""com.recreative.recreative23","Military Classic - Army - RE23","WATCH_FACE"
""com.watchfacestudio.otsa4silver2","OT | Analog Watch Face 4 S","WATCH_FACE"
""com.sparkine.watchfaces","Muviz Watch Faces Collection","WATCH_FACE"
""com.watchfacestudio.md266","MD266 Classic Watch Face","WATCH_FACE"
""com.gywatchface.gyh007","GYH007: Hybrid watchface","WATCH_FACE"
""com.watchfacestudio.lihtnes019","Sports Watch Face 019","WATCH_FACE"
""neonwatchface.neonlightwatch.neonsignwatchfaces","Neon Glow Watch Faces","WATCH_FACE"
""com.gluroo.app","Gluroo: Diabetes Log Tracker","WATCH_FACE"
""com.watchfacedesigns.Rotate","Rotate - Digital Watch Face","WATCH_FACE"
""com.watchfacestudio.awfwave","Wave: Wear OS Watch face","WATCH_FACE"
""com.watchfacestudio.lihtnes001","Lihtnes Watch Face 001","WATCH_FACE"
""com.primedesign.galaxywatchface","Galaxy Watch Face","WATCH_FACE"
""com.watchfacestudio.samwatch_basic_2_2021","SamWatch Basic 2 2024","WATCH_FACE"
""com.GD.Minimal","Minimal Watch Face","WATCH_FACE"
""com.watchfacestudio.ai_code_black_F","AI Code Black F","WATCH_FACE"
""autumnwatchfaceforestscene.animatedautumnweatheronwatch.beautifulautumnwatchfaces","Autumn Watchface: Forest Scene","WATCH_FACE"
""com.denite.watchface.christmassnow","Christmas Snow HD Watch Face","WATCH_FACE"
""watch.richface.androidwear.metrix","Metrix Watch Face","WATCH_FACE"
""com.watchfacedesigns.Concentric","Concentric - Pixel Watch Face","WATCH_FACE"
""com.watchfacestudio.s4urconeusa","S4U RC ONE - USA watch face","WATCH_FACE"
""com.amoledwatchfaces.digitalinformer","Digital Informer: Watch face","WATCH_FACE"
""watch.richface.androidwear.novus","Novus WatchFace","WATCH_FACE"
""com.bosenko.watchface.marinecaptain","Marine Captain Watch Face","WATCH_FACE"
""wfs.wtw.m13b10free","WTW M13B10 Basic watch face","WATCH_FACE"
""com.watch.richface.ultra","Ultra Watch Face","WATCH_FACE"
""com.watchfacestudio.per004_nova","Sport Watch Face PER004 Nova","WATCH_FACE"
""com.watchfacestudio.tanchahalloween","Tancha Halloween Watch Face","WATCH_FACE"
""fr.thema.wear.watch.butterfly","Butterfly Watch Face","WATCH_FACE"
""com.watchfacestudio.per003_signatra","Retro Digital PER003 Signatra","WATCH_FACE"
""com.apposter.watchmaker","TIMEFLIK Watch Face","WATCH_FACE"
""lunarmoonphasewatchface.fullmoonviewonmywatch.moonplanetartwatchfaces","Lunar Moon Phase Watch Faces","WATCH_FACE"
""com.gw.thesunset","The Sunset Digital Watchface","WATCH_FACE"
""com.starwatchfaces.autumnvibes","Autumn Vibes","WATCH_FACE"
""com.watchfacestudio.chromebasic","Chrome Basic Watch Face","WATCH_FACE"
""com.watchfacestudio.sumoinfo","Digital watch face - SUMO INFO","WATCH_FACE"
""com.watchfacestudio.digital_rubik_animation","Pump Up The Flame Animated","WATCH_FACE"
""com.watchfacestudio.ey01","EY01 Flowers Watch Face","WATCH_FACE"
""com.orhanyapici.mnm","MNM","WATCH_FACE"
""dyna.logix.bookmarkbubbles","Bubble Cloud Wear OS Launcher","WATCH_FACE"
""com.ammarptn.willow.digital.watch.face","Willow - Photo Watch face","WATCH_FACE"
""halloweenliveanimatedwatchface.spookyscarylivehalloweenwatchface.livehalloweenpumpkinonwatch","Festival Watchface - Christmas","WATCH_FACE"
""watch.richface.androidwear.cyber","Cyber Watch Face","WATCH_FACE"
""com.cool.watch.faces.maker.igor","Watch faces - Clock Wallpaper","WATCH_FACE"
""com.recreative.brightmarble","Bright Marble - Rose Gold","WATCH_FACE"
""watch.richface.androidwear.fazer","Fazer Watch Face","WATCH_FACE"
""com.albuquerquedesign.adanalog013","AD ELgnT - Watch Face","WATCH_FACE"
""com.tvisuals.tvvluxuryflowers","TVV Luxury Flowers Watch Face","WATCH_FACE"
""fr.thema.wear.watch.octane","Octane Watch Face","WATCH_FACE"
""time.flies.nebula","Nebula Watch Face","WATCH_FACE"
""glowingsunlightwatchfaces.sunriseliveenergywatchfaces.wearossunsetwatchfaces","Glowing Sunlight Watch Faces","WATCH_FACE"
""com.futorum.w5","Weather watch face W5","WATCH_FACE"
""com.watchfacestudio.wdesignwos125","W-Design WOS125 - Watch Face","WATCH_FACE"
""com.amoledwatchfaces.simpledigital","Simple Digital Watch Face","WATCH_FACE"
""com.watchface.wintersnow","Winter Snow Watch Face","WATCH_FACE"
""de.mindfabrik.watchface.android.dos","DOS Style Watch face","WATCH_FACE"
""com.watchfacestudio.goldensimple","Golden Simple Classic Watch","WATCH_FACE"
""com.futorum.h6","Futorum H6 Digital watch face","WATCH_FACE"
""com.healthapplines.healthsense.bloodsugarhub","Health Sense: Blood Sugar Hub","HEALTH_AND_FITNESS"
""bloodsugar.diabetes.pressuretraker","Blood Sugar & Pressure Tracker","HEALTH_AND_FITNESS"
""gen.tech.impulse.android","Impulse - Brain Training Games","HEALTH_AND_FITNESS"
""com.bloodpressure.health.healthtracker","Health Tracker: BP Monitor App","HEALTH_AND_FITNESS"
""com.appsky.slumbercycle.sleeptracker","SlumberCycle+: Sleep Tracker","HEALTH_AND_FITNESS"
""io.yuka.android","Yuka - Food & Cosmetic Scanner","HEALTH_AND_FITNESS"
""com.finch.finch","Finch: Self-Care Pet","HEALTH_AND_FITNESS"
""com.planetfitness","Planet Fitness Workouts","HEALTH_AND_FITNESS"
""com.blood.pressure.healthapp","Health Tracker: Blood Pressure","HEALTH_AND_FITNESS"
""com.gen.workoutme","BetterMe: Health Coaching","HEALTH_AND_FITNESS"
""org.iggymedia.periodtracker","Flo Period & Pregnancy Tracker","HEALTH_AND_FITNESS"
""com.mearsure.heartratepro.manage","Health Kit","HEALTH_AND_FITNESS"
""com.mejordailytracker.app","LazyFit: Home Workout Planner","HEALTH_AND_FITNESS"
""com.counter.setp.pedometer","Pedometer - Step Counter","HEALTH_AND_FITNESS"
""com.ecw.healow","healow","HEALTH_AND_FITNESS"
""bloodpressure.bloodpressureapp.bloodpressuretracker","Blood Pressure App","HEALTH_AND_FITNESS"
""com.water.tracker.remind","My Water Tracker & Reminder","HEALTH_AND_FITNESS"
""pilatesworkout.yogaworkout.loseweight.workoutapps","Pilates Workout at Home","HEALTH_AND_FITNESS"
""stepcounter.pedometer.stepstracker","Step Counter - Pedometer","HEALTH_AND_FITNESS"
""daily.planner.routine.habits","Me+ Daily Routine Planner","HEALTH_AND_FITNESS"
""com.calm.android","Calm - Sleep, Meditate, Relax","HEALTH_AND_FITNESS"
""com.ai.life.manage.healthtracker","Heart Rate & Blood Sugar Care","HEALTH_AND_FITNESS"
""com.myfitnesspal.android","MyFitnessPal: Calorie Counter","HEALTH_AND_FITNESS"
""com.bloodsugar.bloodpressure.bloodsugartracking","Blood Pressure - Blood Sugar","HEALTH_AND_FITNESS"
""heartratemonitor.heartrate.pulse.pulseapp","Heart Rate Monitor - Pulse App","HEALTH_AND_FITNESS"
""com.hrd.iam","I am - Daily affirmations","HEALTH_AND_FITNESS"
""com.google.android.apps.fitness","Google Fit: Activity Tracking","HEALTH_AND_FITNESS"
""com.alltrails.alltrails","AllTrails: Hike, Bike & Run","HEALTH_AND_FITNESS"
""com.yc.gloryfit","Glory Fit","HEALTH_AND_FITNESS"
""com.water.reminder.tracker","My Water Reminder: Drink Water","HEALTH_AND_FITNESS"
""com.google.android.apps.healthdata","Health Connect","HEALTH_AND_FITNESS"
""musclebooster.workout.home.gym.abs.loseweight","Muscle Booster – Plan Workouts","HEALTH_AND_FITNESS"
""app.feelsy","Feelsy: Stress Anxiety Relief","HEALTH_AND_FITNESS"
""com.fitbit.FitbitMobile","Fitbit","HEALTH_AND_FITNESS"
""bloodsugar.bloodsugarapp.diabetes.diabetesapp","Blood Sugar - Diabetes App","HEALTH_AND_FITNESS"
""health.sleep.sounds.tracker.alarm.calm","ShutEye®: Sleep Tracker","HEALTH_AND_FITNESS"
""weightloss.weightlossforwomen.workoutforwomen.womenworkout","Weight Loss for Women: Workout","HEALTH_AND_FITNESS"
""com.strava","Strava: Run, Bike, Hike","HEALTH_AND_FITNESS"
""fitness.home.workout.weight.loss","JustFit - Lazy Workout","HEALTH_AND_FITNESS"
""com.healthy.numerical","Blood Pressure Care","HEALTH_AND_FITNESS"
""com.getpaired.app","Paired: Couples & Relationship","HEALTH_AND_FITNESS"
""com.watch.life","VeryFit","HEALTH_AND_FITNESS"
""homeworkout.homeworkouts.noequipment","Home Workout - No Equipment","HEALTH_AND_FITNESS"
""com.blood.sugar.diabetes.tracker","Blood Sugar","HEALTH_AND_FITNESS"
""com.healthapplines.android.stepcounter","Step Counter - Pedometer & BMI","HEALTH_AND_FITNESS"
""com.daily.bloodpressure.sugar.tracker","Blood Sugar & Pressure Tracker","HEALTH_AND_FITNESS"
""com.topstep.fitcloudpro","FitCloudPro","HEALTH_AND_FITNESS"
""in.sweatco.app","Sweatcoin・Walking Step Counter","HEALTH_AND_FITNESS"
""com.loseweight.seven.minute.workout","7 Minute Workout","HEALTH_AND_FITNESS"
""com.fourtechnologies.mynetdiary.ad","Calorie Counter - MyNetDiary","HEALTH_AND_FITNESS"
""sixpack.sixpackabs.absworkout","Six Pack in 30 Days","HEALTH_AND_FITNESS"
""com.lifestyle.relief.anxiety.stress","Stress Relief: Anxiety Relief","HEALTH_AND_FITNESS"
""com.walkfit.weightloss.steptracker.pedometer","Weight Loss Walking: WalkFit","HEALTH_AND_FITNESS"
""com.fitbod.fitbod","Fitbod: Workout & Gym Planner","HEALTH_AND_FITNESS"
""com.centene.dxe.ambetter","Ambetter Health","HEALTH_AND_FITNESS"
""com.prayapp.client","Pray.com: Bible & Daily Prayer","HEALTH_AND_FITNESS"
""dance.fit.zumba.weightloss.danceburn","Dancefitme: Fun Workouts","HEALTH_AND_FITNESS"
""com.himshers.hims","Hims: Telehealth for Men","HEALTH_AND_FITNESS"
""com.blood.pressure.bptracker","Blood Pressure App: BP Monitor","HEALTH_AND_FITNESS"
""com.healthapplines.android.pedometer","Pedometer - Walk & Lose Weight","HEALTH_AND_FITNESS"
""women.workout.female.fitness","Workout for Women: Fit at Home","HEALTH_AND_FITNESS"
""com.bowerydigital.bend","Bend: Stretching & Flexibility","HEALTH_AND_FITNESS"
""com.popularapp.periodcalendar","Period Calendar Period Tracker","HEALTH_AND_FITNESS"
""io.foodvisor.foodvisor","Foodvisor - Nutrition & Diet","HEALTH_AND_FITNESS"
""com.garmin.android.apps.connectmobile","Garmin Connect™","HEALTH_AND_FITNESS"
""ipnossoft.rma.free","BetterSleep: Sleep tracker","HEALTH_AND_FITNESS"
""com.winwalk.android","winwalk - it pays to walk","HEALTH_AND_FITNESS"
""pedometer.steptracker.calorieburner.stepcounter","Step Counter - Pedometer","HEALTH_AND_FITNESS"
""com.medbridgeed.hep.go","MedBridge GO for Patients","HEALTH_AND_FITNESS"
""com.betterhelp","BetterHelp - Therapy","HEALTH_AND_FITNESS"
""com.smartwidgetlabs.fitbitandroid","Fitness Band - Fitness Tracker","HEALTH_AND_FITNESS"
""yoga.beginners.workout.dailyyoga.weightloss","Yoga for Beginners | Pilates","HEALTH_AND_FITNESS"
""us.tx.state.hhsc.ytbmobile","Your Texas Benefits","HEALTH_AND_FITNESS"
""com.welltory.client.android","Welltory: Heart Rate Monitor","HEALTH_AND_FITNESS"
""com.hrd.motivation","Motivation - Daily quotes","HEALTH_AND_FITNESS"
""com.yc14ec100daa.www","Shmoody: Improve Your Mood","HEALTH_AND_FITNESS"
""com.cronometer.android.gold","Calorie Counter by Cronometer","HEALTH_AND_FITNESS"
""com.macadamapp","Macadam - Walk And Earn","HEALTH_AND_FITNESS"
""com.highsecure.bloodpresure.bloodsugar","Blood pressure - Blood Sugar","HEALTH_AND_FITNESS"
""com.getsomeheadspace.android","Headspace: Meditation & Sleep","HEALTH_AND_FITNESS"
""com.dreams.sweetdream","Sweet Dream - Sleep Sounds","HEALTH_AND_FITNESS"
""com.sleepmonitor.aio","Sleep Monitor: Sleep Tracker","HEALTH_AND_FITNESS"
""com.bpfit.bloodpressure.health","Blood Pressure","HEALTH_AND_FITNESS"
""de.fastic.app","Fastic AI Food Calorie Tracker","HEALTH_AND_FITNESS"
""com.ratemeasure.heart","Heart Rate Health & BP Monitor","HEALTH_AND_FITNESS"
""com.bloodpressuretracker.bloodpressureapp.bptracker.bloodsugar.bloodglucose.heartrate","Blood Pressure App & Tracker","HEALTH_AND_FITNESS"
""splits.splitstraining.dothesplits.splitsin30days","Splits Training in 30 Days","HEALTH_AND_FITNESS"
""com.bodyfast","BodyFast: Intermittent Fasting","HEALTH_AND_FITNESS"
""net.beginners.weight.loss.workout.women.yoga.go","Yoga For Beginners by Yoga-Go","HEALTH_AND_FITNESS"
""org.goodlab.day1labs","Day1Lab - Paid Clinical Trials","HEALTH_AND_FITNESS"
""com.cashwalklabs.cashwalk","CashWalk - Daily pedometer app","HEALTH_AND_FITNESS"
""com.viraldevelopment.calai","Cal AI - Food Calorie Tracker","HEALTH_AND_FITNESS"
""com.appsky.bpdiary.healthtracker","Health Tracker: BP Diary","HEALTH_AND_FITNESS"
""life.simple","Simple: Weight Loss Coach","HEALTH_AND_FITNESS"
""com.epedometer.step","E-Pedometer: Step Tracker","HEALTH_AND_FITNESS"
""intermittentfasting.weightloss.fastingtracker.yazio","Fasting App & Calorie Counter","HEALTH_AND_FITNESS"
""homeworkoutapp.homeworkout.fitness.workout.loseweight","Home Workout App: Fitness","HEALTH_AND_FITNESS"
""com.lovense.wear","Lovense Remote","HEALTH_AND_FITNESS"
""increaseheightworkout.heightincreaseexercise.tallerexercise","Height Increase Workout","HEALTH_AND_FITNESS"
""relax.sleep.relaxation.sleepingsounds","Sleep Sounds - relaxing sounds","HEALTH_AND_FITNESS"
""com.tinder","Tinder Dating App: Chat & Date","DATING"
""com.bumble.app","Bumble Dating App: Meet & Date","DATING"
""co.hinge.app","Hinge Dating App: Match & Date","DATING"
""enterprises.dating.boo","Boo: Dating. Friends. Chat.","DATING"
""com.badoo.mobile","Badoo Dating App: Meet & Date","DATING"
""com.ihappydate","Dating and Chat - iHappy","DATING"
""com.hily.app","Hily Dating app: Meet & Date","DATING"
""com.panda.likerro","Dating and chat - Likerro","DATING"
""com.onlyspark","Dating and Chat - Only Spark","DATING"
""com.affinityapps.chispa","Chispa: Dating App for Latinos","DATING"
""com.match.android.matchmobile","Match Dating App: Meet & Date","DATING"
""com.affinityapps.blk","BLK Dating: Meet Black Singles","DATING"
""com.dating.pheromance","Pheromance Dating: Meet & Date","DATING"
""com.hickeyapp.app.android","Local Meet & Dating App：Hickey","DATING"
""io.cmbus.app","Coffee Meets Bagel: Dating App","DATING"
""ru.fotostrana.sweetmeet","Dating and Chat - SweetMeet","DATING"
""com.maybeyou","Maybe You Dating: Chat & Date","DATING"
""com.affinityapps.twozerofour","Upward: Christian Dating App","DATING"
""com.okcupid.okcupid","OkCupid Dating: Date Singles","DATING"
""com.datemyage","DateMyAge Mature & Senior Date","DATING"
""com.flure.app","Flure Dating:Made for Pleasure","DATING"
""com.dating.android","Dating.com: Global Online Date","DATING"
""app.blackgentry","BlackGentry – Black Dating App","DATING"
""com.evermatch","Dating and Chat - Evermatch","DATING"
""com.eharmony","eharmony dating & real love","DATING"
""co.feeld","Feeld: Date & Meet New People","DATING"
""com.mason.wooplus","WooPlus: Curvy Dating App","DATING"
""com.match.android.stir","Stir - Single Parent Dating","DATING"
""com.peoplemedia.ourtime","Ourtime Date, Meet 50+ Singles","DATING"
""com.picpals.app","Snap, Chat & Dating - Picpals","DATING"
""com.beber.bebs","Bebs: make the date real","DATING"
""com.fwbhookup.xpal","FWB Hookup & NSA Dating: XFun","DATING"
""com.picu.app","Random Chat & Dating - PicU","DATING"
""com.zoosk.zoosk","Zoosk - Social Dating App","DATING"
""com.udates","Once: Find your Perfect Match","DATING"
""com.ftw_and_co.happn","happn: Dating, Chat & Meet","DATING"
""app.bumpy.android","Bumpy – International Dating","DATING"
""com.dating.lovector","Lovector Dating: Chat & Date","DATING"
""com.ardor.kexin","Bliss: Discover Unique","DATING"
""com.cupidmedia.wrapper.bbwcupid","BBWCupid: BBW Dating Plus Size","DATING"
""com.cougardating.cougard","Cougar Dating & Hook Up App","DATING"
""com.sdm.dating","SDM: Sweet & Discreet Meet","DATING"
""com.video18.dating","Live Me - Video Chat online","DATING"
""so.nymph.android","Nymph: Inclusive Dating & Chat","DATING"
""ru.taboo.app","Secret - Dating Nearby Casual","DATING"
""com.archerapp.archer","Archer: Gay Dating & Gay Chat","DATING"
""com.beedee.app","BeeDee","DATING"
""com.threesome.swingers.threefun","3Fun: Threesome Couples Dating","DATING"
""com.free.hookup.dating.apps.wild","Wild: Hook up, Meet, Dating Me","DATING"
""com.antiland","Anonymous Chat Rooms, Dating","DATING"
""ru.loveplanet.app","LovePlanet - Live video dating","DATING"
""com.meetty.app","Meetty: Local Match & Dating","DATING"
""com.inchallah.inchmobile","Inshallah muslims for Marriage","DATING"
""com.jaumo.prime","BLOOM, Meet Singles. Find Love","DATING"
""com.loosidapp.dating","Loosid: Sober Dating & Meetups","DATING"
""down.date.hookup.app","DOWN Dating App: Date Near Me","DATING"
""app.threesome.dating","3way: Threesome Hookup Dating","DATING"
""com.cupidmedia.wrapper.filipinocupid","FilipinoCupid: Filipino Dating","DATING"
""com.diacoipj.friendship","فرندلند : جایی برای آشنایی","DATING"
""com.millionairedating.millionairematch","Meet, Date the Rich Elite - MM","DATING"
""co.lucky.hookup","Casual Hookup Dating - Kasual","DATING"
""love.waiter.android","Waiter: one date a day","DATING"
""mingle.android.mingle2","Mingle2: Dating, Chat & Meet","DATING"
""com.cupidmedia.wrapper.interracialcupid","InterracialCupid: Mixed Dating","DATING"
""com.infostream.seekingarrangement","Seeking","DATING"
""com.bi.bicupid","BiCupid: Date Singles, Couples","DATING"
""com.raw.app","RAW: date 100% real people","DATING"
""com.instinct.dating.unl","Instinct: Casual Dating App","DATING"
""com.peoplemedia.blackpeoplemeet","Black People Meet Singles Date","DATING"
""com.flirtini","Flirtini - Chat, Flirt, Date","DATING"
""com.cupidmedia.wrapper.asiandating","AsianDating: Asian Dating","DATING"
""com.muzmatch.muzmatchapp","Muzz: Muslim Marriage & Social","DATING"
""net.spark.silversingles.android.app.m1","SilverSingles: Mature Dating","DATING"
""com.adult.friend.finder.friendswithbenifits.fwbapp","FWB: Friends with Benefits App","DATING"
""co.dilmil.android","Dil Mil: South Asian Dating","DATING"
""ru.mamba.client","Mamba Dating App: Make friends","DATING"
""com.cupichat.android","CUPI CHAT: dating, flirt, meet","DATING"
""com.thingsx.freegirlvideochat","Sexy Live—18+ Live Video Chat","DATING"
""app.linduuus","Linduu, and you?","DATING"
""com.stddating.positivesingles","Positive Singles Herpes Dating","DATING"
""co.hud.app","HUD Hookup App: Dating & Chat","DATING"
""com.kinky.fetlifestyle","Kink D - BDSM, Fetish Dating","DATING"
""com.blissbond.chat","Blissbond：Fun Chat and Dating","DATING"
""com.successfulmatch.seniormatchdating","Senior Match: Mature Dating","DATING"
""com.idealmatch.idma","iris Dating: Find Love with AI","DATING"
""com.cupidmedia.wrapper.internationalcupid","InternationalCupid: Dating","DATING"
""com.besalt.app","SALT - Christian Dating App","DATING"
""com.mutualapp","Mutual LDS Dating: Meet & Chat","DATING"
""chat.roulette","Roulette Chat Video Omegle Ome","DATING"
""com.social.onenight","ONE Night - Hook Up Dating App","DATING"
""dating.hookup.apps","Casualx Hookup: Hook Up Dating","DATING"
""com.cupidmedia.wrapper.blackcupid","BlackCupid: Black Dating","DATING"
""com.yeoboya.global","Honey - Date & Match, Meet","DATING"
""com.sdcmedia.swingers.g4","Swingers & Threesomes by SDC","DATING"
""com.chinalove","ZenDate - Meet Asian Singles","DATING"
""app.hook.dating","Hookup & NSA Dating - Hook","DATING"
""com.cupidmedia.wrapper.afrointroductions","AfroIntroductions: Afro Dating","DATING"
""com.cupidmedia.wrapper.latinamericancupid","LatinAmericanCupid: Latin Chat","DATING"
""com.bbwtodate.meet.chat.curvy.women.nearby","BBWtoDate: Meet Curvy Women","DATING"
""datingorhookup.theunicorn.threesomechat","3Some, Hookup & Dating - YOLO","DATING"
""com.roblox.client","Roblox","GAME_ADVENTURE"
""com.innplaylabs.animalkingdomraid","Animals & Coins Adventure Game","GAME_ADVENTURE"
""com.ksowkl.iskql","Hunting Park","GAME_ADVENTURE"
""com.movile.playkids.pkxd","PK XD: Fun, friends & games","GAME_ADVENTURE"
""com.nianticlabs.pokemongo","Pokémon GO","GAME_ADVENTURE"
""com.AgainstGravity.RecRoom","Rec Room - Play with friends!","GAME_ADVENTURE"
""com.candyroom.clubcraft","School Party Craft","GAME_ADVENTURE"
""com.Chillgaming.oneState","One State RP - Role Play Life","GAME_ADVENTURE"
""com.sega.sprint","Sonic Forces: PvP Battle Race","GAME_ADVENTURE"
""com.iwi.toolevolution","Tool Evolution: Mine & Evolve","GAME_ADVENTURE"
""com.MegaJoy.LoveStory68","Star Girl: Love Story","GAME_ADVENTURE"
""com.ddup.zombiewaves.zw","Zombie Waves","GAME_ADVENTURE"
""com.byabyak.Tartar","The Legend of Tartar","GAME_ADVENTURE"
""net.wooga.junes_journey_hidden_object_mystery_game","June's Journey: Hidden Objects","GAME_ADVENTURE"
""com.dxx.firenow","Survivor.io","GAME_ADVENTURE"
""com.HoYoverse.hkrpgoversea","Honkai: Star Rail","GAME_ADVENTURE"
""com.artifexmundi.mopa1.gp","Unsolved: Hidden Mystery Games","GAME_ADVENTURE"
""com.miHoYo.GenshinImpact","Genshin Impact","GAME_ADVENTURE"
""com.tinybuildgames.hndiaries","Hello Neighbor Nicky's Diaries","GAME_ADVENTURE"
""com.CAYN.TowerOfHellObby","Obby Parkour: Runner Game","GAME_ADVENTURE"
""com.superbinogo.jungleboyadventure","Super Bino Go:Adventure Jungle","GAME_ADVENTURE"
""com.bitgamesoft.TommyRun","Super Mano Bros - Jungle World","GAME_ADVENTURE"
""com.stick.empires.infinity","Stick Empires: Infinity","GAME_ADVENTURE"
""com.mmircil.cnb2","Crafting and Building","GAME_ADVENTURE"
""com.xgamesgroup.puzzleisland","Island Hoppers: Farm Adventure","GAME_ADVENTURE"
""com.tinyco.potter","Harry Potter: Hogwarts Mystery","GAME_ADVENTURE"
""com.kgs.housedesigner","House Designer : Fix & Flip","GAME_ADVENTURE"
""com.fansipan.epic.stickman.survival.rpg.idle.game","Epic Stickman: RPG Idle War","GAME_ADVENTURE"
""com.greenmushroom.boomblitz.gp","Top Heroes: Kingdom Saga","GAME_ADVENTURE"
""com.gs360.warstrike.shooting.games","WarStrike","GAME_ADVENTURE"
""com.playrix.manormatters","Manor Matters","GAME_ADVENTURE"
""com.tellurionmobile.realmcraft","Mini Block Craft Realm Craft","GAME_ADVENTURE"
""com.peekaphone.app","Peek a Phone - Detective Game","GAME_ADVENTURE"
""com.dream.miraibo","Miraibo GO","GAME_ADVENTURE"
""com.gamesunion.idleracingtycoon","Idle Racing Tycoon-Car Games","GAME_ADVENTURE"
""com.senspark.mine.build.block.craft.free.game","Build Block Craft","GAME_ADVENTURE"
""com.loltap.farmland","Farm Land - Farming life game","GAME_ADVENTURE"
""com.rockstargames.gtalcs","GTA: Liberty City Stories","GAME_ADVENTURE"
""com.slay.pengu","Pengu - Virtual Pets","GAME_ADVENTURE"
""com.bitgamesoft.SuperBillyBros","Super Billy Bros - Jump & Run","GAME_ADVENTURE"
""com.goodville.goodgame","Goodville: Farm Game Adventure","GAME_ADVENTURE"
""com.fgs.horror.games","Evil Mom & Bad Dad Horror Game","GAME_ADVENTURE"
""com.sgs.antiterrorism.counterattack.commandomissiongame","FPS Commando Shooting Games","GAME_ADVENTURE"
""com.heliogames.westland","Westland Survival: Cowboy Game","GAME_ADVENTURE"
""com.YovoGames.paintinganimals","Animal coloring pages","GAME_ADVENTURE"
""com.oneway.Deathcoming","Death Incoming!","GAME_ADVENTURE"
""com.pridegames.risenhero","Last Hero: Shooter vs. Horde","GAME_ADVENTURE"
""com.nb.obby.block.lava.parkour.mod","Obby Block World: Lava Fall","GAME_ADVENTURE"
""com.playkot.adventure","Spring Valley: Farm Game","GAME_ADVENTURE"
""com.one.m1.world","Pop's World - Running game","GAME_ADVENTURE"
""com.permast.shopq","Train Pets Master-My Mini Pets","GAME_ADVENTURE"
""com.vancese.vatorgem","Gems Adventure-Mech Evolution","GAME_ADVENTURE"
""com.slwldi.lqwposkj","Master Legend","GAME_ADVENTURE"
""com.fa.gym.fighting.game","Gym Heros: Fighting Game","GAME_ADVENTURE"
""com.ta.strike.ops","FPS Strike Ops : Modern Arena","GAME_ADVENTURE"
""com.turf.warzone","Turf War - Skeleton Warzone","GAME_ADVENTURE"
""com.playrix.mysterymatters","Mystery Matters","GAME_ADVENTURE"
""com.Earthkwak.Platformer","Super Bear Adventure","GAME_ADVENTURE"
""free.os.jump.superbros.adventure.world","Bob's World - Super Bob Run","GAME_ADVENTURE"
""com.mytona.seekersnotes.android","Seekers Notes: Hidden Objects","GAME_ADVENTURE"
""com.nianticlabs.pikmin","Pikmin Bloom","GAME_ADVENTURE"
""obby.world","Obby World: Parkour Runner","GAME_ADVENTURE"
""org.nanobit.hollywood","Hollywood Story®: Fashion Star","GAME_ADVENTURE"
""com.barry.tron.school.obby.escape","School Break: Obby Escape","GAME_ADVENTURE"
""com.miniit.save.the.guy.game","Save the Guy: Funny Choice","GAME_ADVENTURE"
""com.hoyoverse.cloudgames.GenshinImpact","Genshin Impact · Cloud","GAME_ADVENTURE"
""com.pixelfederation.solve.mystery.puzzle.adventure","Puzzle Adventure: Mystery Tale","GAME_ADVENTURE"
""com.MegaJoy.PrisonBreak68","Prison Break: Stick Story","GAME_ADVENTURE"
""com.jagex.oldscape.android","Old School RuneScape","GAME_ADVENTURE"
""com.fivebn.ts1","Artifact Seekers","GAME_ADVENTURE"
""com.one.m2.world","Super Jungle Bros: Tribe Boy","GAME_ADVENTURE"
""com.FireTotemGames.AWebbingJourney","A Webbing Journey Demo","GAME_ADVENTURE"
""com.royal.hero.lord.of.sword","Royal Hero: Lord of Swords","GAME_ADVENTURE"
""com.haiku.adventure.escape.game.mystery.stories","Adventure Escape Mysteries","GAME_ADVENTURE"
""com.gamepublicsia.squadofheroes","Love Guns & Glory","GAME_ADVENTURE"
""com.wb.goog.legoswtfa","LEGO® Star Wars™: TFA","GAME_ADVENTURE"
""com.BlissGames.Juego23","Web Hero","GAME_ADVENTURE"
""com.dorian.playtogether","Dorian: Comics Game Platform","GAME_ADVENTURE"
""com.Khadiev.SirenHeadHorrorGame","Siren horror: Big head game 3d","GAME_ADVENTURE"
""com.xd.craft.school","Craft School: Monster Class","GAME_ADVENTURE"
""com.crazylabs.hotel.transylvania.adventure","Hotel Transylvania Adventures","GAME_ADVENTURE"
""com.blackpanther.ninjaarashi2","Ninja Arashi 2","GAME_ADVENTURE"
""com.upjers.zoo2animalpark","Zoo 2: Animal Park","GAME_ADVENTURE"
""com.eg.horrortale2","Horror Tale 2: Samantha","GAME_ADVENTURE"
""obby.prison","Obby Prison Escape from Barry","GAME_ADVENTURE"
""com.techyonic.textbasedrpg","An Elmwood Trail - Crime Story","GAME_ADVENTURE"
""com.DefaultCompany.HoboLife","Street Dude - Homeless Empire","GAME_ADVENTURE"
""com.Deven.PerfectArcher3D","Hit Perfect 3D","GAME_ADVENTURE"
""com.hitcents.drawastickmanepic2free","Draw a Stickman: EPIC 2","GAME_ADVENTURE"
""com.xd.craft.school.monster","Craft School: Monster Madness","GAME_ADVENTURE"
""com.budgestudios.googleplay.ThomasAndFriendsMagicalTracks","Thomas & Friends: Magic Tracks","GAME_ADVENTURE"
""com.eyesthegame.eyes","Eyes Horror & Coop Multiplayer","GAME_ADVENTURE"
""air.com.lunime.wonderend0","WonderEnd 0","GAME_ADVENTURE"
""com.arireuh.mcpeaddons","4Craft : Addons for MCPE","GAME_ADVENTURE"
""com.HonestChronicle.ViragoMobile","Virago: Herstory","GAME_ADVENTURE"
""com.starstable.ssom","Star Stable Online","GAME_ADVENTURE"
""com.prettysimple.criminalcaseandroid","Criminal Case","GAME_ADVENTURE"
""com.lobstargames.dungeon.idle.rpg","Dungeon Sisters : IDLE RPG","GAME_ADVENTURE"
""com.al.airport","Airplane Game Flight Simulator","GAME_ADVENTURE"
""pl.idreams.cotd","Creatures of the Deep: Fishing","GAME_ADVENTURE"
""com.zillow.android.zillowmap","Zillow: Homes For Sale & Rent","HOUSE_AND_HOME"
""com.move.realtor","Realtor.com Real Estate & Rent","HOUSE_AND_HOME"
""app.visory.security_camera","Surveillance camera Visory","HOUSE_AND_HOME"
""com.homes.homesdotcom","Homes.com for Sale & Rent","HOUSE_AND_HOME"
""com.thumbtack.consumer","Thumbtack: Hire Service Pros","HOUSE_AND_HOME"
""com.roku.rokuhome","Roku Smart Home","HOUSE_AND_HOME"
""com.redfin.android","Redfin Houses for Sale & Rent","HOUSE_AND_HOME"
""com.rent","Rent. Apartments & Homes","HOUSE_AND_HOME"
""com.ivuu","AlfredCamera Home Security app","HOUSE_AND_HOME"
""com.appfolio.resident_portal","Online Portal by AppFolio","HOUSE_AND_HOME"
""com.apartmentlist.mobile","Apartment List","HOUSE_AND_HOME"
""com.sherwin.diy","Sherwin-Williams Color Expert™","HOUSE_AND_HOME"
""io.afero.partner.hubspace","Hubspace","HOUSE_AND_HOME"
""com.apartments.mobile.android","Apartments.com Rental Search a","HOUSE_AND_HOME"
""com.zillow.android.rentals","Apartments & Rentals - Zillow","HOUSE_AND_HOME"
""com.boost.samsung.remote","Remote for Smart Samsung TV","HOUSE_AND_HOME"
""com.wizconnected.wiz2","WiZ Connected","HOUSE_AND_HOME"
""com.trulia.android","Trulia: Homes For Sale & Rent","HOUSE_AND_HOME"
""com.activebuilding.residents","ActiveBuilding","HOUSE_AND_HOME"
""com.ecobee.athenamobile","ecobee","HOUSE_AND_HOME"
""com.taskrabbit.droid.consumer","Taskrabbit - Handyman, Errands","HOUSE_AND_HOME"
""com.servicemagic.consumer","Angi: Hire Home Service Pros","HOUSE_AND_HOME"
""com.merkury.geeni","Merkury Smart","HOUSE_AND_HOME"
""com.xtreme.monstersmartlighting","Monster Smart Lighting","HOUSE_AND_HOME"
""com.smartwidgetlabs.philipshue","Hue Light App Remote Control","HOUSE_AND_HOME"
""com.whiskerlabs.sparkfault.mobile","Ting Sensor","HOUSE_AND_HOME"
""com.planner5d.planner5d","Planner 5D: Home Design, Decor","HOUSE_AND_HOME"
""co.real.productionreal2","Real Messenger","HOUSE_AND_HOME"
""com.icandesignapp.all","Room Planner: Home Interior 3D","HOUSE_AND_HOME"
""com.vivint.vivintsky","Vivint","HOUSE_AND_HOME"
""com.primedia.apartmentguide","Apartments by Apartment Guide","HOUSE_AND_HOME"
""io.homeassistant.companion.android","Home Assistant","HOUSE_AND_HOME"
""com.tv.cast.screen.mirroring.remote.control","TV Cast: Anycast in smart view","HOUSE_AND_HOME"
""com.tvapp.remote.tvremote.universalremote","Universal TV Remote Control","HOUSE_AND_HOME"
""com.padsplit.memberapp","PadSplit: Rooms for rent","HOUSE_AND_HOME"
""com.stromming.planta","Planta - Care for your plants","HOUSE_AND_HOME"
""com.roku.tv.remote.control","Remote Control for Roku TV","HOUSE_AND_HOME"
""com.buildium.resident.android","Resident Center","HOUSE_AND_HOME"
""com.allegion.leopard","Schlage Home","HOUSE_AND_HOME"
""com.trulia.android.rentals","Trulia Rent Apartments & Homes","HOUSE_AND_HOME"
""com.as.housemap.designcreator.floorplan","House Design Floor Plan App 3D","HOUSE_AND_HOME"
""com.sunrun.customerapp","Sunrun","HOUSE_AND_HOME"
""com.hotpads.mobile","HotPads Rent Apartments","HOUSE_AND_HOME"
""com.houzz.app","Houzz - Home Design & Remodel","HOUSE_AND_HOME"
""app.sweepy.sweepy","Sweepy: Home Cleaning Schedule","HOUSE_AND_HOME"
""codematics.universal.tv.remote.control","Universal TV Remote Control","HOUSE_AND_HOME"
""com.smartrent.resident","SmartRent","HOUSE_AND_HOME"
""com.bonc.paintmyroom","Paint my Room - Try wall color","HOUSE_AND_HOME"
""io.hometasker.android","House Chores Cleaning Schedule","HOUSE_AND_HOME"
""com.parcelpendingmobile.app","Parcel Pending","HOUSE_AND_HOME"
""com.variable.sw","ColorSnap® Match","HOUSE_AND_HOME"
""com.twinkly","Twinkly","HOUSE_AND_HOME"
""com.turbotenant.renter","TurboTenant for Renters","HOUSE_AND_HOME"
""com.RentRedi.RentRedi2","RentRedi for Tenants & Owners","HOUSE_AND_HOME"
""cz.master.lois","ZoomOn Home Security Camera","HOUSE_AND_HOME"
""com.universal.tv.remote.control.screen.mirroring","Remote Control for All TV","HOUSE_AND_HOME"
""com.kapron.ap.aicamview.tv","IP Camera Viewer","HOUSE_AND_HOME"
""fr.anuman.HomeDesign3D","Home Design 3D","HOUSE_AND_HOME"
""com.veteransunited.my.twa","MyVeteransUnited","HOUSE_AND_HOME"
""com.universal.ac.remote.control.air.conditioner","AC Remote - Air Conditioner","HOUSE_AND_HOME"
""com.benjaminmoore.colorportfolio","Color Portfolio","HOUSE_AND_HOME"
""io.betidy.BeTidy","BeTidy: Home Cleaning Schedule","HOUSE_AND_HOME"
""com.universal.tv.remote.control.all.tv.controller","Universal TV Remote Control","HOUSE_AND_HOME"
""com.hunterindustries.hydrawise","Hydrawise","HOUSE_AND_HOME"
""onn.smart.tv.remote","Onn Smart TV Remote","HOUSE_AND_HOME"
""com.showingtime.ConsumerApp","Home by ShowingTime","HOUSE_AND_HOME"
""com.hisense.smart.tv.remote.hisensesmarttvremote","HiSense Smart TV Remote","HOUSE_AND_HOME"
""com.looploop.tody","Tody - Smarter Cleaning","HOUSE_AND_HOME"
""com.deepvision.interiordesign","AI Interior Design - Interio","HOUSE_AND_HOME"
""com.mydroid.tv.remote.control.all.tv.controller","Universal Smart Tv Remote Ctrl","HOUSE_AND_HOME"
""insignia.fire.tv.remote","Insignia Fire TV Remote","HOUSE_AND_HOME"
""com.fineart.universal.tv.remote.control","Univesal Tv Remote: Cast to TV","HOUSE_AND_HOME"
""com.opendoor.buyerapp","Opendoor - Buy and Sell Homes","HOUSE_AND_HOME"
""com.autodesk.homestyler","Homestyler-Room Realize design","HOUSE_AND_HOME"
""com.zumper.rentals","Zumper - Apartment Finder","HOUSE_AND_HOME"
""com.ushud","USHUD Foreclosure Home Search","HOUSE_AND_HOME"
""com.purascents.android","Pura","HOUSE_AND_HOME"
""com.theithubbs.universaltvremote","Universal TV Remote Control","HOUSE_AND_HOME"
""com.housedesing.homeplanner.floorplan","House Design 3D - Home Planner","HOUSE_AND_HOME"
""com.orbit.orbitsmarthome","B-hyve","HOUSE_AND_HOME"
""com.boomtownroi.android.consumer","HomeSearchNOW","HOUSE_AND_HOME"
""com.yosmart.yolink","YoLink","HOUSE_AND_HOME"
""cz.scamera.securitycamera","Security Camera CZ","HOUSE_AND_HOME"
""com.yandex.iot","Дом с Алисой","HOUSE_AND_HOME"
""com.skybell.gen5","SkyBell","HOUSE_AND_HOME"
""hisensetvremote.tvremote.remote.remotecontrol.hisense","Hisense TV Remote","HOUSE_AND_HOME"
""com.brownberry.screen.mirroring.app.tv.cast.sharing","Screen Mirroring for All TV","HOUSE_AND_HOME"
""com.kangaroo.security","Kangaroo: Simple Home Security","HOUSE_AND_HOME"
""mobiletoolsshop.tvremote.philips","Philips TV Remote","HOUSE_AND_HOME"
""com.tcl.android.tv.remote.tclandroidtvremote","TCL Android TV Remote","HOUSE_AND_HOME"
""com.houserion","Housy: House Cleaning Schedule","HOUSE_AND_HOME"
""com.touchberry.plant.story.identification.gardening","Palmstreet - Live shopping","HOUSE_AND_HOME"
""com.zillow.android.streeteasy","StreetEasy - Apartments in NYC","HOUSE_AND_HOME"
""com.interiordesignai.homedecor","AI Interior Design Home Decor","HOUSE_AND_HOME"
""com.sav.tenantcloud","TenantCloud Pro","HOUSE_AND_HOME"
""com.palettecad.palettehome","Palette Home","HOUSE_AND_HOME"
""com.rachio.iro","Rachio","HOUSE_AND_HOME"
""com.windlogics.energy_optimizer","Gexa Energy","HOUSE_AND_HOME"
""codematics.vizio.remote.control.smartcast","Vizio Smart TV Remote","HOUSE_AND_HOME"
""com.alexvas.dvr","tinyCam Monitor","HOUSE_AND_HOME"
""com.xphotokit.app","X PhotoKit","PHOTOGRAPHY"
""com.photoroom.app","Photoroom AI Photo Editor","PHOTOGRAPHY"
""com.thmobile.sketchphotomaker","Pencil Sketch Photo Editor","PHOTOGRAPHY"
""com.camera.photolocation.geotasgphoto.cameralocation","Camera Location: Geotag Photos","PHOTOGRAPHY"
""com.picsart.studio","Picsart: AI Photo Video Editor","PHOTOGRAPHY"
""com.amazon.clouddrive.photos","Amazon Photos","PHOTOGRAPHY"
""com.camerasideas.instashot","Video Editor & Maker - InShot","PHOTOGRAPHY"
""com.google.android.apps.photos","Google Photos","PHOTOGRAPHY"
""photo.editor.photoeditor.photoeditorpro","AI Photo Editor - Polish","PHOTOGRAPHY"
""com.bigwinepot.nwdn.international","Remini - AI Photo Enhancer","PHOTOGRAPHY"
""com.faceapp.faceretouch.aifaceeditor","FaceMagic - AI Face Editor","PHOTOGRAPHY"
""ai.photo.enhancer.photoclear","UpFoto - AI Photo Enhancer","PHOTOGRAPHY"
""gallery.photogallery.pictures.vault.album","Gallery - Photo Gallery, Album","PHOTOGRAPHY"
""com.shutterfly","Shutterfly: Prints Cards Gifts","PHOTOGRAPHY"
""com.adobe.lrmobile","Lightroom Photo & Video Editor","PHOTOGRAPHY"
""com.adobe.psmobile","Photoshop Express Photo Editor","PHOTOGRAPHY"
""com.scaleup.photofx","PhotoApp - AI Photo Enhancer","PHOTOGRAPHY"
""photoeditor.photocollage.ai.editor.photoart","AI Photo Editor - PhotoArt","PHOTOGRAPHY"
""cosplay.ai.art.generator","Future Baby Generator","PHOTOGRAPHY"
""com.codespaceapps.you","Retake AI: Face & Photo Editor","PHOTOGRAPHY"
""com.yes366.etm","ETM: AI Art Generator","PHOTOGRAPHY"
""com.animax.max","AniDub Max","PHOTOGRAPHY"
""photoeditor.layout.collagemaker","Collage Maker | Photo Editor","PHOTOGRAPHY"
""com.cam001.selfie361","AI Photo to Video : SelfyzAI","PHOTOGRAPHY"
""com.lightricks.facetune.free","Facetune Hair, AI Photo Editor","PHOTOGRAPHY"
""com.google.android.apps.photosgo","Gallery","PHOTOGRAPHY"
""com.cyberlink.youcammakeup","YouCam Makeup - Selfie Editor","PHOTOGRAPHY"
""photoeditor.piccollage.grid.collagemaker","Photo Collage Maker - FunPic","PHOTOGRAPHY"
""vsin.t16_funny_photo","Photo Lab Picture Editor & Art","PHOTOGRAPHY"
""com.photo.android.camera","Camera for Android","PHOTOGRAPHY"
""photoeditor.ai.photo.editor.photoeditorpro","AI Photo Editor - AIFoto","PHOTOGRAPHY"
""com.photoeditor.sunflower","Remover bg - Photo Editor","PHOTOGRAPHY"
""com.snapfish.mobile","Snapfish: Prints + Photo Books","PHOTOGRAPHY"
""com.timewarp.scanface.selfiephotoeditor.videopopulartiktok","Time Warp Scan Cam&Face Filter","PHOTOGRAPHY"
""com.photoaffections.freeprints","FreePrints","PHOTOGRAPHY"
""com.xt.retouchoversea","Hypic - Photo Editor & AI Art","PHOTOGRAPHY"
""com.cyberlink.youperfect","YouCam Perfect - Photo Editor","PHOTOGRAPHY"
""com.ai.polyverse.mirror","AI Mirror: Hugs Video & Photo","PHOTOGRAPHY"
""com.niksoftware.snapseed","Snapseed","PHOTOGRAPHY"
""hair.style.changer.filter.haircut.color.cut.hairstyle.beard.editor.bald.dye","HairApp: Hair Styler App, Bald","PHOTOGRAPHY"
""cartoon.picture.photo.editor.caricature.maker.yourself.caricaturas.fotos.ai","Cartoonify: Caricature Maker","PHOTOGRAPHY"
""com.photogrid.collage.videomaker","PhotoGrid: Video Collage Maker","PHOTOGRAPHY"
""com.gps.photo.geo.capture.location.map.time.stamp","Tagofy - Geotag Map Camera","PHOTOGRAPHY"
""com.lyrebirdstudio.facelab","FaceLab Face Editor App, Aging","PHOTOGRAPHY"
""io.faceapp","FaceApp: Perfect Face Editor","PHOTOGRAPHY"
""net.frameo.app","Frameo: Share to photo frames","PHOTOGRAPHY"
""com.appostrophe.scrl","Photo Collage Maker: SCRL","PHOTOGRAPHY"
""com.photoappworld.cut.paste.photo","Cut and Paste Photos","PHOTOGRAPHY"
""com.ai.video.mova","MOVA - AI Hugs Video & Filter","PHOTOGRAPHY"
""com.app.resort.time.warp.scan.face.scanner.offline","Time Warp Scan : Face Scanner","PHOTOGRAPHY"
""uk.co.commonapps.apufuturebabyface","AI Baby Generator: Face Maker","PHOTOGRAPHY"
""com.cameratag.geotagphoto.gpscamera","Geotag Photo: Camera Location","PHOTOGRAPHY"
""photo.selfie.sweet.effect.camera","Selfie Camera - Beauty Camera","PHOTOGRAPHY"
""com.photo.ai.art.agecam.fx","AgeCam: Face Age Changer App","PHOTOGRAPHY"
""io.instories","InStories: Insta Stories Maker","PHOTOGRAPHY"
""peachy.bodyeditor.faceapp","Peachy - AI Face & Body Editor","PHOTOGRAPHY"
""net.sourceforge.opencamera","Open Camera","PHOTOGRAPHY"
""com.google.android.apps.photos.scanner","PhotoScan by Google Photos","PHOTOGRAPHY"
""photoframe.lovecollage.truelove.loveframes","Photo Frame & Collage Maker","PHOTOGRAPHY"
""com.removeobject.touchretouch","TouchCut - Remover object","PHOTOGRAPHY"
""online.passportphoto.visa.id.app","Passport Photo & ID Maker","PHOTOGRAPHY"
""com.kii.safe","Private Photo Vault - Keepsafe","PHOTOGRAPHY"
""photo.editor.photoeditor.filtersforpictures","AI Photo Editor - Lumii","PHOTOGRAPHY"
""com.cyberlink.photodirector","PhotoDirector: AI Photo Editor","PHOTOGRAPHY"
""com.lightx","LightX AI Photo Editor Retouch","PHOTOGRAPHY"
""xprocamera.hd.camera","HD Camera for Android: XCamera","PHOTOGRAPHY"
""com.duygiangdg.magiceraser","Magic Eraser - Remove Objects","PHOTOGRAPHY"
""com.tactacam.reveal","Tactacam REVEAL","PHOTOGRAPHY"
""tool.photo.collage.maker.photoeditor","Photo Collage Maker,Pic Editor","PHOTOGRAPHY"
""com.circle38.photocircle","PhotoCircle","PHOTOGRAPHY"
""gallery.photomanager.picturegalleryapp.imagegallery","Gallery - photo gallery, album","PHOTOGRAPHY"
""com.etoolkit.fitpix","FitPix - Face & Body Editor","PHOTOGRAPHY"
""com.ror.removal","Photo Retouch- Object Removal","PHOTOGRAPHY"
""com.timewarp.scan.bluelinefiltertiktok.free","Time Warp Scan - Face Scanner","PHOTOGRAPHY"
""com.energysh.quickarte","AI Image Generator & AI Video","PHOTOGRAPHY"
""photocollage.photoeditor.collagemaker","Photo Editor - Collage Maker","PHOTOGRAPHY"
""com.cutestudio.photomixer","Blend Photos - Photo Blender","PHOTOGRAPHY"
""com.mt.mtxx.mtxx","Meitu","PHOTOGRAPHY"
""com.gpsmapcamera.phototimestamp.datestamper.gpscamera.photodatestamp.geotagapp","GPS Camera: Live Earth Map","PHOTOGRAPHY"
""photoeditor.aiart.animefilter.snapai","AI Photo Editor - AI Morph","PHOTOGRAPHY"
""photoeditor.photoretouch.removeobjects.retouch","Pic Retouch - Remove Objects","PHOTOGRAPHY"
""com.ai.avatar.face.portrait.app","AI Photo: Hug Video & Enhancer","PHOTOGRAPHY"
""beauty.hd.camera","HD Camera: Professional Camera","PHOTOGRAPHY"
""com.linecorp.b612.android","B612 AI Photo&Video Editor","PHOTOGRAPHY"
""com.commsource.beautyplus","BeautyPlus-AI Photo/Video Edit","PHOTOGRAPHY"
""photoeditor.cutout.backgrounderaser","Background Eraser Photo Editor","PHOTOGRAPHY"
""com.magictiger.ai.picma","PicMa: Hugs Video&AI Photo Lab","PHOTOGRAPHY"
""photoeditor.enhancer.ai.photo","AI Photo Editor - AI Enhancer","PHOTOGRAPHY"
""mobi.charmer.fotocollage","Collage Maker & Photo Editor","PHOTOGRAPHY"
""com.gpsmapcamera.geotagging.map.gpscamera","GPS Photo Location & Timestamp","PHOTOGRAPHY"
""com.risingcabbage.hd.camera","HD Camera 2024 for Android","PHOTOGRAPHY"
""com.cardinalblue.piccollage.google","PicCollage: Photo Grid Editor","PHOTOGRAPHY"
""com.vsco.cam","VSCO: Photo & Video Editor","PHOTOGRAPHY"
""ai.photo.generator.cartoon.picture.editor.face.filter.make.anime.avatar.art","AI Future Baby Maker: GenArt","PHOTOGRAPHY"
""com.photomyne","Photo Scan App by Photomyne","PHOTOGRAPHY"
""com.photogalleryapp.picturegallery","Gallery - Photo Album","PHOTOGRAPHY"
""com.cateater.stopmotionstudio","Stop Motion Studio","PHOTOGRAPHY"
""com.vicman.toonmeapp","ToonMe photo cartoon maker","PHOTOGRAPHY"
""com.everimaging.photoeffectstudio","AI Photo Editor, Collage-Fotor","PHOTOGRAPHY"
""photo.filter.selfie.beauty.camera","Beauty Camera -Selfie, Sticker","PHOTOGRAPHY"
""com.use.specie.scratch.card","Fortune Scratch Life:Earn cash","GAME_CASINO"
""co.vgw.chumbalite","Chumba Casino Lite","GAME_CASINO"
""com.diamondlife.slots.vegas.free","Lotsa Slots - Casino Games","GAME_CASINO"
""net.playtowingames.casino","Play To Win: Real Money Games","GAME_CASINO"
""com.productmadness.cashmancasino","Cashman Casino Slots Games","GAME_CASINO"
""com.grandegames.slots.dafu.casino","Jackpot World™ - Slots Casino","GAME_CASINO"
""com.h5g.high5casino","High 5 Casino: Real Slot Games","GAME_CASINO"
""com.ballytechnologies.quickhitslots","Quick Hit Casino Slots Games","GAME_CASINO"
""com.murka.scatterslots","Scatter Slots - Slot Machines","GAME_CASINO"
""com.grandcashslots.free.gp","Grand Cash Casino Slots Games","GAME_CASINO"
""com.bagelcode.slots1","Club Vegas Slots Casino Games","GAME_CASINO"
""com.playmgmcasino.nj","BetMGM Casino - Real Money","GAME_CASINO"
""com.jmsgame.jackpotmastercasino","Jackpot Master™ Slots - Casino","GAME_CASINO"
""com.productmadness.lightninglink","Lightning Link Casino Slots","GAME_CASINO"
""com.playlinks.vegascraze","Vegas Craze Casino","GAME_CASINO"
""com.zynga.wizardofoz","Wizard of Oz Slots Games","GAME_CASINO"
""com.williamsinteractive.jackpotparty","Jackpot Party Casino Slots","GAME_CASINO"
""slots.pcg.casino.games.free.android","Cash Frenzy™ - Casino Slots","GAME_CASINO"
""air.com.playtika.slotomania","Slotomania™ Slots Casino Games","GAME_CASINO"
""net.flysher.rockncash","Rock N' Cash Vegas Slot Casino","GAME_CASINO"
""com.slots.free.vegas.casino.jackpotland","Jackpotland-Vegas Casino Slots","GAME_CASINO"
""com.playtika.caesarscasino","Caesars Slots: Casino Games","GAME_CASINO"
""com.pacificinteractive.HouseOfFun","House of Fun™ - Casino Slots","GAME_CASINO"
""com.sciplay.dancingdrumsslots","Dancing Drums Slots Casino","GAME_CASINO"
""com.higgs.slotsmash","Slotsmash™ - Casino Slots Game","GAME_CASINO"
""com.trpz.travel","Match To Win: Real Money Games","GAME_CASINO"
""com.mcluck","McLuck Casino: Jackpot Slots","GAME_CASINO"
""com.pulsz","Pulsz: Fun Slots & Casino","GAME_CASINO"
""slots.acg.casino.games.free.android","Cash Rally - Slots Casino Game","GAME_CASINO"
""com.huuuge.casino.slots","Huuuge Casino 777 Slots Games","GAME_CASINO"
""com.productmadness.hovmobile","Slots: Heart of Vegas Casino","GAME_CASINO"
""com.murka.slotsera","Slots Era - Jackpot Slots Game","GAME_CASINO"
""com.kamagames.slotist","Vegas Casino & Slots: Slottist","GAME_CASINO"
""com.goldennugget.casino","Golden Nugget Online Casino","GAME_CASINO"
""com.clipwiregames.tpirbingo","The Price Is Right: Bingo!","GAME_CASINO"
""com.grandvegas.casino.slot.games","Grand Vegas Casino Slots Games","GAME_CASINO"
""com.aaagame.aaacasino","Classic Slots™ - Casino Games","GAME_CASINO"
""com.funtriolimited.slots.casino.free","Jackpot Wins - Slots Casino","GAME_CASINO"
""com.luckyday.app","Lucky Day","GAME_CASINO"
""com.zynga.gotslots","Game of Thrones Slots Casino","GAME_CASINO"
""com.slotsgame.juwa","Juwa Casino 777 Online","GAME_CASINO"
""com.unicornstudio.cashparty.slots.casino.vegas.free","Cash Club Casino - Vegas Slots","GAME_CASINO"
""lucky.jackpot.slot.vegas.casino.free.game.android","Woohoo™Casino-Vegas Slot Games","GAME_CASINO"
""com.ballytechnologies.f88","88 Fortunes Casino Slot Games","GAME_CASINO"
""com.kamagames.keno","Vegas Keno by Pokerist","GAME_CASINO"
""co.vgw.chumbamini","Chumba Casino Mini","GAME_CASINO"
""com.bigfishgames.jackpotcityslotsf2pgoogle","Jackpot Magic - Casino Slots","GAME_CASINO"
""com.igs.slotverse","Slotverse - Slots Casino","GAME_CASINO"
""casino.wild.jackpot.slots.android","Jackpot Wild - Slots Casino","GAME_CASINO"
""com.huuuge.casino.texas","Billionaire Casino Slots 777","GAME_CASINO"
""com.lynxgames.hrv","HighRoller Vegas: Casino Games","GAME_CASINO"
""com.rds.game.client","River game","GAME_CASINO"
""com.jackpotfriends.slots","Jackpot Friends™ Slots Casino","GAME_CASINO"
""com.topultragame.slotlasvega","Cash Tornado™ Slots - Casino","GAME_CASINO"
""com.selfawaregames.acecasino","Big Fish Casino - Slots Games","GAME_CASINO"
""com.williamsinteractive.goldfish","Gold Fish Casino Slot Games","GAME_CASINO"
""com.kamagames.setpoker","Set Poker by Pokerist","GAME_CASINO"
""com.lucky.sweepstakes.match.cash.paypal.win","Lucky Match - Real Money Games","GAME_CASINO"
""com.ddi","DoubleDown Casino Vegas Slots","GAME_CASINO"
""com.jackpotwinner.slots","Jackpot Winner - Slots Casino","GAME_CASINO"
""com.bhe.solitaire","Win Cash Solitaire","GAME_CASINO"
""com.playstudios.popslots","POP! Slots™ Vegas Casino Games","GAME_CASINO"
""com.bravo.slots.casino.android","Lucky Hit Classic Casino Slots","GAME_CASINO"
""vegas.classic.slots.bravo.free.android","Bravo Classic Slots-777 Casino","GAME_CASINO"
""casino.legendary.cash.slots.android","Legendary Hero Slots - Casino","GAME_CASINO"
""com.wgames.en.neverlandcasino","Hard Rock Neverland Casino","GAME_CASINO"
""com.casino.slots.bingo.poker.free.jackpot.spins","Lucky Spin Slot Casino","GAME_CASINO"
""com.kamagames.craps","Vegas Craps by Pokerist","GAME_CASINO"
""com.kamagames.roulettist","Casino Roulette: Roulettist","GAME_CASINO"
""billion.cash.free.games.jackpot.casino.slots.android","Billion Cash Slots Casino Game","GAME_CASINO"
""slots.dcg.casino.games.free.android","Jackpot Crush - Slots Games","GAME_CASINO"
""com.fruitgames.slot.machines","Slots","GAME_CASINO"
""com.slotslimited.goldencasino","Golden Casino - Slots Games","GAME_CASINO"
""com.bingo.scape.android.free","Bingo Journey - Lucky Casino","GAME_CASINO"
""com.productmadness.fafafagold","Mighty Fu Casino - Slots Game","GAME_CASINO"
""casino.tinysoft.slot.machines.slots","Slots 7777 -Slot Machine 77777","GAME_CASINO"
""com.treasure.spintorich","Spin To Rich - Vegas Slots","GAME_CASINO"
""com.scientificgames.monopolyslots","MONOPOLY Slots - Casino Games","GAME_CASINO"
""tinysoft.casino.slots.slot.machines","777 Casino Slot Machines","GAME_CASINO"
""com.pulszbingo","PulszBingo: Social Casino","GAME_CASINO"
""com.huge.slots.casino.vegas.android.avidly","Double Win Slots- Vegas Casino","GAME_CASINO"
""com.uphill.slot.classic","Superb Casino - HD Slots Games","GAME_CASINO"
""com.vegas.casino.buffaloslots.free.slotmachines","Vegas Casino: Witch Slots","GAME_CASINO"
""com.luckyslots.lucky.lands.slots.casino.money","Lucky Lands Slots: Casino-Cash","GAME_CASINO"
""com.cash.rush.vegas.casino.slots","Cash Rush - Casino Slots","GAME_CASINO"
""com.jackpot.fever.slots.android","Cash Hoard Slots-Casino slots!","GAME_CASINO"
""com.leftover.CoinDozer","Coin Dozer - Carnival Prizes","GAME_CASINO"
""com.cashstorm.slots","Cash Storm Slots Games","GAME_CASINO"
""com.slotslimited.fatcatcasino.android","Fat Cat Casino - Slots Game","GAME_CASINO"
""com.byte3d.poker","Poker Offline","GAME_CASINO"
""com.borgatapoker.casino.wrapper","Borgata Casino - Real Money","GAME_CASINO"
""com.zynga.hititrich","Hit it Rich! Casino Slots Game","GAME_CASINO"
""com.playstudios.showstar","MGM Slots Live - Vegas Casino","GAME_CASINO"
""com.gsn.android.casino","GSN Casino: Slot Machine Games","GAME_CASINO"
""com.playlinks.slotmate","Slot Mate - Vegas Slot Casino","GAME_CASINO"
""com.citrusjoy.trojan","Huge Win Slots - Casino Game","GAME_CASINO"
""slots.machine.winning.android","Winning Slots:Las Vegas Casino","GAME_CASINO"
""com.winning.jackpot.slots.casino.mania.slotmachines.free","Winning Jackpot Slots Casino","GAME_CASINO"
""com.vegas.casino.slotmachines","Vegas Casino: Dragon Slots","GAME_CASINO"
""com.purplekiwii.vegaslive","Vegas Live Slots: Casino Games","GAME_CASINO"
""com.playspare.supermarket.store.simulator","My Supermarket Simulator 3D","GAME_SIMULATION"
""io.supercent.pizzaidle","Pizza Ready!","GAME_SIMULATION"
""com.alexp.eyemix","Eye Color Mix","GAME_SIMULATION"
""com.city.building.master","Super City: Building Master","GAME_SIMULATION"
""com.paurau.MakeHer","Move People","GAME_SIMULATION"
""com.kayac.KissingNow","Kissing Now : Just Match!","GAME_SIMULATION"
""com.sanbox.ragdoll.playground.ragdollfall.dismount","Doll PlayGround","GAME_SIMULATION"
""com.newnormalgames.phonecasediy","Phone Case DIY","GAME_SIMULATION"
""com.vizorapps.klondike","Klondike Adventures: Farm Game","GAME_SIMULATION"
""com.cclaw.diypaperdoll","DIY Paper Doll","GAME_SIMULATION"
""com.studio27.MelonPlayground","Melon Sandbox","GAME_SIMULATION"
""com.crazylabs.acrylic.nails","Acrylic Nails!","GAME_SIMULATION"
""com.candywriter.bitlife","BitLife - Life Simulator","GAME_SIMULATION"
""com.pd.vehiclemasters","Vehicle Masters","GAME_SIMULATION"
""com.BallGames.Woodturning","Woodturning","GAME_SIMULATION"
""com.weloadin.dessertdiy","Dessert DIY","GAME_SIMULATION"
""com.redcat.hypermarket","Hypermarket 3D: Store Cashier","GAME_SIMULATION"
""com.redcell.goldandgoblins","Gold & Goblins: Idle Merger","GAME_SIMULATION"
""com.jura.coloring.page","Color ASMR: Painting Book","GAME_SIMULATION"
""com.luckyskeletonstudios.idlebanktycoon","Idle Bank Tycoon: Money Empire","GAME_SIMULATION"
""com.mirai.bad.cat.life.sim","Bad Cat: Pet Simulator 3D","GAME_SIMULATION"
""com.idle.egg.factory.inc.tycoon","Idle Egg Factory","GAME_SIMULATION"
""tr.com.apps.drill.and.collect","Idle Mine Dig: Drill & Collect","GAME_SIMULATION"
""com.pixelcraft.legends","Pixel Craft Legends","GAME_SIMULATION"
""com.yoyogames.anime.star.princess.doll.dressupgames","Live Star: YOYO Doll Dress Up","GAME_SIMULATION"
""jp.fourm.flipbeat","Flip Beat: Ragdoll Shooter","GAME_SIMULATION"
""com.ttterbagames.businesssimulator","Business Empire: RichMan","GAME_SIMULATION"
""com.game.minicraft.village","Village City Life Building","GAME_SIMULATION"
""com.zombie.idleminertycoon","Idle Zombie Miner: Gold Tycoon","GAME_SIMULATION"
""com.hwqgrhhjfd.idlefastfood","Eatventure","GAME_SIMULATION"
""com.millecrepestudios.queen","Become an Office Queen","GAME_SIMULATION"
""com.yoyo.doll.decor.life.home.design.love.match.makeover.games","YOYO Decor: Doll Dress Up","GAME_SIMULATION"
""com.mine.crazy.auto.dragon.maxi","Craft World - Building Craft","GAME_SIMULATION"
""com.paradyme.solarsmash","Solar Smash","GAME_SIMULATION"
""com.OPNeon.TCGCardTycoon","TCG Card Shop Tycoon Simulator","GAME_SIMULATION"
""com.decor.life","Decor Life - Home Design Game","GAME_SIMULATION"
""com.downhill.race.league","Downhill Race League","GAME_SIMULATION"
""diy.makeup.master.artist.stylist","Makeup Stylist: Makeup Game","GAME_SIMULATION"
""com.MGD.Ragdoll.Sandbox.Bone.Smash","Ragdoll Sandbox 3D","GAME_SIMULATION"
""es.socialpoint.DragonCity","Dragon City: Mobile Adventure","GAME_SIMULATION"
""com.pineapple.craft.ragdoll.playground","Human Sandbox: Ragdoll Play","GAME_SIMULATION"
""com.building.craft.robo.education.skyland.block.cell","Block Crazy Life Building","GAME_SIMULATION"
""com.freak.stan","Freaky Stan - Fun Story Game","GAME_SIMULATION"
""com.sdpgames.sculptpeople","Sculpt People","GAME_SIMULATION"
""jp.pokemon.pokemonsleep","Pokémon Sleep","GAME_SIMULATION"
""com.tree.idle.cat.office","Office Cat: Idle Tycoon Games","GAME_SIMULATION"
""com.cdtg.we.craft","WeCraft Worlds","GAME_SIMULATION"
""com.bacon.zdb.traffic.driving.simulator","Traffic Driving Car Simulation","GAME_SIMULATION"
""com.rockbite.zombieoutpost","Idle Outpost: Upgrade Games","GAME_SIMULATION"
""com.supermarket.journey","My Supermarket Journey","GAME_SIMULATION"
""com.oninou.revolution","Revolution Idle","GAME_SIMULATION"
""com.avatarlife.avatarstory.mystory.myworld.mywonder","Avatar Life World: My Story","GAME_SIMULATION"
""su.canoe.zoo.elephant","Zoo - Happy Animals","GAME_SIMULATION"
""com.game.colorslime","Jelly Dye: Jelly Games & ASMR","GAME_SIMULATION"
""com.u14.backyardmaster","Backyard Master","GAME_SIMULATION"
""com.mmc.flychallenge","Fly Challenge: Build a Plane!","GAME_SIMULATION"
""com.sushirolls.app","Sushi Roll 3D - Cooking ASMR","GAME_SIMULATION"
""com.liftapp.tamadog","Tamadog - Puppy Pet Dog Games","GAME_SIMULATION"
""com.craft.building.world.robo.fairy.crazy.earth","Block Craft 3D - Building City","GAME_SIMULATION"
""com.idle.food.venture.fast","Foodventure Inc: Idle Tycoon","GAME_SIMULATION"
""com.qidafcl.sl054","DIY Keyboard","GAME_SIMULATION"
""com.ction.playergames","2 3 4 Player Mini Games","GAME_SIMULATION"
""com.dramaton.slimepet","Bruno - My Super Slime Pet","GAME_SIMULATION"
""tatto.the.ink.store.shop.art.asmr","The Ink Shop - Tattoo Art ASMR","GAME_SIMULATION"
""com.d20c.pro.racer.driving.in.the.city.game","Car Racing Game: Street Legend","GAME_SIMULATION"
""com.makeoverstory.makeupasmr","Makeup ASMR: Makeover Story","GAME_SIMULATION"
""com.bid.master.war.auction.battle","Bid Master : auction tycoon","GAME_SIMULATION"
""com.wn.hairtattoo","Hair Tattoo: Barber Shop Game","GAME_SIMULATION"
""com.queen.drink.bubble.tasty.milktea","Boba DIY Bubble Tea","GAME_SIMULATION"
""com.craftcitypro.game","Block Crazy Robo World Vip 3D","GAME_SIMULATION"
""com.lumber.inc","Idle Lumber Empire","GAME_SIMULATION"
""com.streamerrush.game","Streamer Rush: Dress & Impress","GAME_SIMULATION"
""com.gk.orderp","Order please! -Draw&Story game","GAME_SIMULATION"
""com.corestudios.storemanagementidle","Outlets Rush","GAME_SIMULATION"
""com.rubygames.doctorcare","Beauty Care!","GAME_SIMULATION"
""com.craftsman.go","Craftsman: Building Craft","GAME_SIMULATION"
""com.rimashev.nextbots.sandbox","Nextbots In Playground mod","GAME_SIMULATION"
""farm.parking.game","Farm Jam: Animal Parking Game","GAME_SIMULATION"
""com.matchingham.judgementday","Judgment Day: Angel of God","GAME_SIMULATION"
""com.zakg.scaryteacher.hellgame","Scary Teacher 3D","GAME_SIMULATION"
""com.episodeinteractive.android.catalog","Episode - Choose Your Story","GAME_SIMULATION"
""com.crazy.plane.landing","Crazy Plane Landing","GAME_SIMULATION"
""com.craftworld.blockcrazy.vip3d","Craft World Block Crazy 3D","GAME_SIMULATION"
""com.omer.ropeanddemolishhh","Rope and Demolish","GAME_SIMULATION"
""com.pet.shop.cl","Pet Paradise - Shop Simulator","GAME_SIMULATION"
""com.gtsy.annoying.punch.game","Annoying Uncle Punch Game","GAME_SIMULATION"
""com.moon.craft.buildingcraft","Town Building Life Simulator","GAME_SIMULATION"
""com.dynlwpp.atur129","Drawing Carnival","GAME_SIMULATION"
""com.fumbgames.bitcoinminor","Bitcoin Miner Earn Real Crypto","GAME_SIMULATION"
""com.fashion.designer.stylist.super.tailor","Fashion Designer: Super Tailor","GAME_SIMULATION"
""com.hg.heromaking","Hero Making Tycoon: Idle Games","GAME_SIMULATION"
""com.idle.cinema.empire.sim.tycoon","Idle Cinema Empire Idle Games","GAME_SIMULATION"
""com.openworld.indiandriving.bikes","Openworld Indian Driving Game","GAME_SIMULATION"
""com.miniclip.plagueinc","Plague Inc.","GAME_SIMULATION"
""com.ig.color.car.coloring","Car Coloring Pages ASMR","GAME_SIMULATION"
""com.gpg.ninemonths","Idle 9 Months","GAME_SIMULATION"
""com.Eliten.Turning","Wood Turning 3D - Carving Game","GAME_SIMULATION"
""com.SekGames.MyDreamHospital","Dream Hospital","GAME_SIMULATION"
""com.tt.my.pets.cat.simulator.catsim.kitties.wildcraft.life.escape","Cat Simulator: My Pets","GAME_SIMULATION"
""com.gg.nextbots.sandbox.shooter.playground","Shooter Nextbots: Sandbox Mod","GAME_SIMULATION"
""com.lemon.lvoverseas","CapCut - Video Editor","VIDEO_PLAYERS"
""com.ss.android.tt.creator","TikTok Studio","VIDEO_PLAYERS"
""com.rumble.battles","Rumble","VIDEO_PLAYERS"
""com.google.android.apps.youtube.creator","YouTube Studio","VIDEO_PLAYERS"
""com.google.android.youtube","YouTube","VIDEO_PLAYERS"
""oneplayer.local.web.video.player.downloader.vault","OnePlayer - Video Downloader","VIDEO_PLAYERS"
""org.videolan.vlc","VLC for Android","VIDEO_PLAYERS"
""com.wondershare.filmorago","Filmora：AI Video Editor, Maker","VIDEO_PLAYERS"
""cast.video.screenmirroring.casttotv","Cast to TV, Chromecast & Roku","VIDEO_PLAYERS"
""videoeditor.videorecorder.screenrecorder","Screen Recorder - XRecorder","VIDEO_PLAYERS"
""com.videoeditorpro.android","Video Editor APP - VivaCut","VIDEO_PLAYERS"
""video.downloader.videodownloader","Video Downloader","VIDEO_PLAYERS"
""com.videomedia.photovideomaker.slideshow","Photo Video Maker with Music","VIDEO_PLAYERS"
""com.instantbits.cast.webvideo","Web Video Cast | Browser to TV","VIDEO_PLAYERS"
""com.camerasideas.trimmer","YouCut - Video Editor & Maker","VIDEO_PLAYERS"
""com.mxtech.videoplayer.ad","MX Player","VIDEO_PLAYERS"
""com.professionalvideoplayer.allformathdvideoplayer","HD Video Player","VIDEO_PLAYERS"
""maxplayer.mediaplayer.videoplayer","Video Player All Format HD","VIDEO_PLAYERS"
""com.quick.video.hot.downloader","Fast Downloader - Video Player","VIDEO_PLAYERS"
""top.reelme.reelplayer","Reel Player - Video Player","VIDEO_PLAYERS"
""com.videoplayerhd.allformatplayer.allvideoplayerhd","Video Player All Format Hd","VIDEO_PLAYERS"
""videodownloader.instagram.videosaver","Video Downloader & Story Saver","VIDEO_PLAYERS"
""com.alightcreative.motion","Alight Motion","VIDEO_PLAYERS"
""com.rocks.music.videoplayer","HD Video Player All Formats","VIDEO_PLAYERS"
""com.smartaddx.vicohome","VicoHome: Security Camera App","VIDEO_PLAYERS"
""io.invideo.ai","invideo AI: Video Generator","VIDEO_PLAYERS"
""instasaver.videodownloader.photodownloader.repost","Video Downloader - Story Saver","VIDEO_PLAYERS"
""com.alpha.instantcut","Instant Cut - Video Editor","VIDEO_PLAYERS"
""com.cyberlink.powerdirector.DRA140225_01","PowerDirector - Video Editor","VIDEO_PLAYERS"
""screenmirroring.casttotv.tvcast.chromecast","Cast to TV - Screen Mirroring","VIDEO_PLAYERS"
""com.meitu.wink","Wink - Video Enhancing Tool","VIDEO_PLAYERS"
""com.ytv.pronew","YTV Player Pro","VIDEO_PLAYERS"
""downloader.video.download.free","Video Downloader & Video Saver","VIDEO_PLAYERS"
""com.recorder.screen.handy","Screen Recorder Video Recorder","VIDEO_PLAYERS"
""slideshow.videomaker.music.photoslideshow","Photo Video Maker - InSlide","VIDEO_PLAYERS"
""video.player.videoplayer","Video Player All Format","VIDEO_PLAYERS"
""com.boostvision.player.iptv","IPTV Player: Watch Live TV","VIDEO_PLAYERS"
""videoeditor.videomaker.videoeditorforyoutube","Video Maker","VIDEO_PLAYERS"
""downloader.vitmate.downloaderapp","Downloader - Video Downloader","VIDEO_PLAYERS"
""com.yunyi.smartcamera","YI IoT","VIDEO_PLAYERS"
""com.snaptik.app.snaptik.snaptick10","SnapTick - Download Video TT","VIDEO_PLAYERS"
""com.turner.cnvideoapp","Cartoon Network App","VIDEO_PLAYERS"
""com.castify","Cast to TV+ Chromecast Roku TV","VIDEO_PLAYERS"
""com.frontrow.vlog","VN - Video Editor & Maker","VIDEO_PLAYERS"
""video.maker.photo.music.slideshow","Photo Video Maker With Music","VIDEO_PLAYERS"
""com.nexstreaming.app.kinemasterfree","KineMaster-Video Editor&Maker","VIDEO_PLAYERS"
""mp3videoconverter.videotomp3.videotomp3converter","Video to MP3 - Video to Audio","VIDEO_PLAYERS"
""com.tera.provid.iplayer","Provid - Video Player","VIDEO_PLAYERS"
""com.tradron.downloadhub","Download Hub, Video Downloader","VIDEO_PLAYERS"
""free.xnxx.hot.video.downloader","X Sexy Video Downloader","VIDEO_PLAYERS"
""com.hecorat.screenrecorder.free","Screen Recorder - AZ Recorder","VIDEO_PLAYERS"
""com.utorrent.client","µTorrent®- Torrent Downloader","VIDEO_PLAYERS"
""com.nocap.captions","Captions: For Talking Videos","VIDEO_PLAYERS"
""com.splice.video.editor","Splice - Video Editor & Maker","VIDEO_PLAYERS"
""com.project100pi.videoplayer.video.player","Pi Video Player - Media Player","VIDEO_PLAYERS"
""com.giphy.messenger","GIPHY: GIFs, Stickers & Clips","VIDEO_PLAYERS"
""com.gopro.smarty","GoPro Quik: Video Editor","VIDEO_PLAYERS"
""com.sneig.livedrama","Drama Live | Video Player","VIDEO_PLAYERS"
""com.playit.videoplayer","PLAYit-All in One Video Player","VIDEO_PLAYERS"
""videodownloader.downloader.videoplayer","Video Downloader - HD & Easy","VIDEO_PLAYERS"
""video.editor.videomaker.effects.fx","AI Video Editor: ShotCut AI","VIDEO_PLAYERS"
""com.video.editor.greattalent","EasyCut - Video Editor & Maker","VIDEO_PLAYERS"
""org.xbmc.kodi","Kodi","VIDEO_PLAYERS"
""com.zozoplayer","ZoZo Player - URL Video Player","VIDEO_PLAYERS"
""free.video.downloader.converter.music","Video Downloader, Download All","VIDEO_PLAYERS"
""com.bilibili.app.in","bilibili-弹幕动画直播高清视频","VIDEO_PLAYERS"
""ir.remote.smg.tv","TV (Samsung) Remote Control","VIDEO_PLAYERS"
""com.videodownloader.snap.originalapktube","Snap-tubè All Video Downloader","VIDEO_PLAYERS"
""iplayer.and.new.com","lPlayer - Offline Video Player","VIDEO_PLAYERS"
""com.hdvideoplayer.musicplayer.mp3player.allformat.mediaplayer","Video Player HD : Music Player","VIDEO_PLAYERS"
""free.video.downloader.freevideodownloader","Video Downloader - Downloader","VIDEO_PLAYERS"
""screenrecorder.recorder.editor","Screen Recorder Video Recorder","VIDEO_PLAYERS"
""com.funcamerastudio.videomaker","Video Maker Music Video Editor","VIDEO_PLAYERS"
""videoeditor.videomaker.slideshow.fotoplay","Video Maker & Photo Music","VIDEO_PLAYERS"
""com.slideshow.videomaker.photovideo","Photo Video Maker with Music","VIDEO_PLAYERS"
""com.streamlabs","Streamlabs: Live Streaming","VIDEO_PLAYERS"
""video.downloader.allvideodownloader.videosaver","Video Downloader: Video Saver","VIDEO_PLAYERS"
""maxplayer.video.videoplayer","HD Video Player All Format","VIDEO_PLAYERS"
""free.files.downloader.save.video.manager","Video Downloader - Save Videos","VIDEO_PLAYERS"
""glitchvideoeditor.videoeffects.glitchvideoeffect","Video Editor&Maker - VideoCook","VIDEO_PLAYERS"
""com.xvideostudio.videoeditor","Video Editor & Maker VideoShow","VIDEO_PLAYERS"
""com.video.download.videodownloader.storydownloader.savevideos","All Video Downloader App","VIDEO_PLAYERS"
""com.virtual.video.i18n","Virbo-AI Video & AI Generator","VIDEO_PLAYERS"
""com.google.android.videos","Google TV","VIDEO_PLAYERS"
""ins.freevideodownload.pro","Video Downloader: Story Video","VIDEO_PLAYERS"
""com.softin.recgo","Screen Recorder - Record Video","VIDEO_PLAYERS"
""all.video.downloader.allvideodownloader","All Video Downloader - V","VIDEO_PLAYERS"
""tiktok.video.downloader.nowatermark.tiktokdownload","Download video no watermark","VIDEO_PLAYERS"
""com.xenstudios.allformate.videoplay.hdvideoplayer","VPlay: All in One Video Player","VIDEO_PLAYERS"
""com.editor.video.photoslideshow.videomaker","Photo Video Maker with Music","VIDEO_PLAYERS"
""tiktok.video.downloader.nowatermark.tiktokdownload.snaptik","SnapTik - TT Video Downloader","VIDEO_PLAYERS"
""com.instantbits.cast.receiver","Web Video Caster Receiver","VIDEO_PLAYERS"
""video.player.free.offline.downloader.movie.social.larkplayer.media.mp4","Lark Video Player: HD Video","VIDEO_PLAYERS"
""vidma.video.editor.videomaker","AI Video Editor - Vidma AI Cut","VIDEO_PLAYERS"
""com.hld.anzenbokusucal","Calculator - photo vault","VIDEO_PLAYERS"
""com.play.tube.adsblock.video.vanceded.free","Pro Video Tube : Remove Ads","VIDEO_PLAYERS"
""com.freemovies.watchingonline.hdmovies2024.streaming","HD Movies-Moviebox: 2024 Watch","VIDEO_PLAYERS"
""com.quvideo.xiaoying","VivaVideo - Video Editor&Maker","VIDEO_PLAYERS"
""com.rec.screen","Screen Recorder: Facecam Audio","VIDEO_PLAYERS"
""com.camera.secretvideorecorder","background video recorder","VIDEO_PLAYERS"
""com.duolingo","Duolingo: Language Lessons","EDUCATION"
""com.education.android.h.intelligence","Gauth: AI Study Companion","EDUCATION"
""com.classdojo.android","ClassDojo","EDUCATION"
""mobi.abcmouse.academy_goo","ABCmouse – Kids Learning Games","EDUCATION"
""org.pbskids.video","PBS KIDS Video","EDUCATION"
""com.codeway.brainapp","IQ Masters - Brain Games","EDUCATION"
""com.headway.books","Headway: 15-Min Book Summaries","EDUCATION"
""com.mojang.minecraftedu","Minecraft Education","EDUCATION"
""com.microblink.photomath","Photomath","EDUCATION"
""no.mobitroll.kahoot.android","Kahoot! Play & Create Quizzes","EDUCATION"
""cn.danatech.xingseus","PictureThis - Plant Identifier","EDUCATION"
""com.wonder","Elevate - Brain Training Games","EDUCATION"
""com.qianfan.aihomework","Question.AI - Chatbot&Math AI","EDUCATION"
""net.activote.app","ActiVote: Voting & Politics","EDUCATION"
""com.remind101","Remind: School Communication","EDUCATION"
""com.codeway.aitutor","Learna AI: English Learning","EDUCATION"
""air.com.starfall.more","Starfall","EDUCATION"
""com.tocaboca.tocahairsalon4","Toca Boca Hair Salon 4","EDUCATION"
""com.ixl.ixlmath","IXL","EDUCATION"
""com.babbel.mobile.android.en","Babbel - Learn Languages","EDUCATION"
""com.quizlet.quizletandroid","Quizlet: AI-powered Flashcards","EDUCATION"
""com.dmvwrittentest.android","Driver Written Test: 2024 Test","EDUCATION"
""com.instructure.candroid","Canvas Student","EDUCATION"
""com.noctuasoftware.stellarium_free","Stellarium Mobile - Star Map","EDUCATION"
""com.studyevolution.android.anemo","Uknow.AI: Homework&Math Solver","EDUCATION"
""com.joytunes.simplypiano","Simply Piano: Learn Piano Fast","EDUCATION"
""com.cappital.prageru","PragerU","EDUCATION"
""com.parentsquare.psapp","ParentSquare","EDUCATION"
""com.astralerstudio.mydmv.android","DMV Permit Practice Test 2024","EDUCATION"
""com.coloring.dinosaur","Dino Coloring Game","EDUCATION"
""com.getepic.Epic","Epic: Kids' Books & Reading","EDUCATION"
""co.brainly","Brainly: AI Homework Helper","EDUCATION"
""kr.co.smartstudy.babyshark_android_googlemarket","Pinkfong Baby Shark: Kid Games","EDUCATION"
""ai.mybuddy.talkingflashcards_new","Buddy.ai: Fun Learning Games","EDUCATION"
""com.goperceptron.superteacher","Super Teacher","EDUCATION"
""com.duolingo.literacy","Learn to Read - Duolingo ABC","EDUCATION"
""com.lingvano.app","Lingvano: Sign Language - ASL","EDUCATION"
""es.monkimun.lingokids","Lingokids - Play and Learn","EDUCATION"
""com.storytoys.lego.duplo.marvel.spiderman.avengers.kids.preschool.free.googleplay","LEGO® DUPLO® MARVEL","EDUCATION"
""net.wordbit.enes","WordBit Inglés","EDUCATION"
""teaching_com.reading_com","Learn to Read: Reading.com","EDUCATION"
""com.myplantin.app","PlantIn Plant Identifier, Care","EDUCATION"
""com.codeway.homework","Nerd AI - Tutor & Math Helper","EDUCATION"
""com.busuu.android.enc","Busuu: Learn & Speak Languages","EDUCATION"
""com.bagatrix.mathway.android","Mathway: Scan & Solve Problems","EDUCATION"
""com.originatorkids.paw","PAW Patrol Academy","EDUCATION"
""com.hubx.homework","Homework AI: Study Companion","EDUCATION"
""com.yousician.yousician","Yousician: Learn Guitar & Bass","EDUCATION"
""com.adaptedmind.mobile","AdaptedMind Math","EDUCATION"
""com.hrd.vocabulary","Vocabulary - Learn words daily","EDUCATION"
""org.scratchjr.android","ScratchJr","EDUCATION"
""com.driverlicenseapp","Zutobi: Permit & Driving Prep","EDUCATION"
""com.polywise.lucid","Imprint: Learn Visually","EDUCATION"
""org.coursera.android","Coursera: Learn career skills","EDUCATION"
""org.khankids.android","Khan Academy Kids","EDUCATION"
""co.kidcasa.app","brightwheel: Childcare App","EDUCATION"
""com.PYOPYO.StarTracker","Star Tracker - Mobile Sky Map ","EDUCATION"
""com.rubicksmaster.cubesolver.cubegame","Rubik's Cube Solver: 3×3 Cube","EDUCATION"
""com.bible.kids","Bible App for Kids","EDUCATION"
""com.playpokpok.pokpok","Pok Pok | Montessori Preschool","EDUCATION"
""com.getmimo","Learn Coding/Programming: Mimo","EDUCATION"
""com.mojang.minecraftedu_preview","Minecraft Education Preview","EDUCATION"
""com.t11.skyviewfree","SkyView® Lite","EDUCATION"
""ai.metaverselabs.grammargpt","Grammar Check by AI Writing","EDUCATION"
""com.selabs.speak","Speak - Language Learning","EDUCATION"
""com.magicmath.mathslover.cameramath.aimath","Magic Math- Photo Math Scanner","EDUCATION"
""ai.praktika.android","Speak English with Praktika","EDUCATION"
""org.khanacademy.android","Khan Academy","EDUCATION"
""org.collegeboard.pivot","BigFuture® School","EDUCATION"
""game.gamedevelopment.gamedev.makegames.mobilegames.creategame.learngame","Build Your First Game","EDUCATION"
""us.nobarriers.elsa","ELSA Speak: English Learning","EDUCATION"
""rock.identifier.stone.gem.crystal.mineral","Rock ID - Stone Identifier","EDUCATION"
""tv.skyship.supersimple","Super Simple - Kids Songs","EDUCATION"
""com.lutech.ltdtranslate","Language Translator, Translate","EDUCATION"
""com.testgames.psyhologytests","Psychological Assessment Test","EDUCATION"
""io.legacy.academy","Legacy Academy – Learn Success","EDUCATION"
""kr.co.smartstudy.singingphone_android_googlemarket","Pinkfong Baby Shark Phone Game","EDUCATION"
""com.languagelearningapp.learnandspeak.android2023","Lingual Coach: Learn with AI","EDUCATION"
""com.scaleup.plantid","Plant App - Plant Identifier","EDUCATION"
""com.logicappkids","LogicLike: Kids learning games","EDUCATION"
""com.kinderlime.dev","Procare: Childcare App","EDUCATION"
""com.storytoys.lego.duplo.disney.mickey.and.friends.googleplay","LEGO® DUPLO® Disney","EDUCATION"
""com.blinkslabs.blinkist.android","Blinkist: Book Summaries Daily","EDUCATION"
""air.com.rosettastone.mobile.CoursePlayer","Rosetta Stone: Learn, Practice","EDUCATION"
""com.joytunes.simplyguitar","Simply Guitar - Learn Guitar","EDUCATION"
""com.miga.world","Miga Town: My World","EDUCATION"
""air.nn.mobile.app.main","NeuroNation - Brain Training","EDUCATION"
""com.easymath.smartcalculator.unitconverter.basiccalculator","Easy Math: AI Homework Helper","EDUCATION"
""org.plantnet","PlantNet Plant Identification","EDUCATION"
""com.simonandschuster.pimsleur.unified.android","Language Learning | Pimsleur","EDUCATION"
""com.deepstash","Deepstash: Smarter Every Day!","EDUCATION"
""org.talkingpoints.parents","FAMILIES | TalkingPoints","EDUCATION"
""com.learnlanguage.languagelearning.app2022","Lingutown - Learn Languages","EDUCATION"
""com.bestfungames.cdl","CDL Prep Practice Test 2024","EDUCATION"
""com.anjeldeveloper.essentialword","آموزش زبان انگلیسی 504 واژه","EDUCATION"
""com.redberry.glitterdressa2","Glitter Dress Coloring Game","EDUCATION"
""com.languageeducation.learnanewlanguage","MemoryLingo - Learn Languages","EDUCATION"
""com.wiserapp.android","Wiser - 15 minutes Audio Books","EDUCATION"
""com.infinitecampus.student.campusportalhybrid","Campus Student","EDUCATION"
""com.hellotalk","HelloTalk - Learn Languages","EDUCATION"
""kidultlovin.word.zen","Zen Word® - Relax Puzzle Game","GAME_WORD"
""com.peoplefun.wordcross","Wordscapes","GAME_WORD"
""in.playsimple.wordsearch","Word Search Explorer","GAME_WORD"
""bible.wordgame.words.connect.crossword.cookies","Bible Word Puzzle - Word Games","GAME_WORD"
""word.search.cross.games","Word Search","GAME_WORD"
""com.fugo.wow","Words of Wonders: Crossword","GAME_WORD"
""com.peoplefun.wordsolitaire","Wordscapes Solitaire","GAME_WORD"
""com.easybrain.crossword.puzzles","Crossword Master - Word Puzzle","GAME_WORD"
""com.braindom","Braindom: Brain Games Test","GAME_WORD"
""com.platinumplayer.word.addict","Word Collect - Word Games Fun","GAME_WORD"
""com.crypt.gram.puzz","Cryptogram Letters and Numbers","GAME_WORD"
""com.playvalve.wsjourney","Word Search - Word Puzzle Game","GAME_WORD"
""com.mobilegame.wordsearch","Word Search","GAME_WORD"
""com.hitapps.associations","Associations Word Connections","GAME_WORD"
""com.nytimes.crossword","NYT Games: Word, Number, Logic","GAME_WORD"
""com.vottzapps.wordle","Wordle!","GAME_WORD"
""com.kiwifun.game.android.wordsearch.puzzles","Word Search Trip","GAME_WORD"
""com.zynga.words3","Words With Friends Word Game","GAME_WORD"
""in.playsimple.wordbingo","Word Roll","GAME_WORD"
""com.blackout.word","Word Search - Word Puzzle Game","GAME_WORD"
""hang.man.word.guessing.games","Hangman Words:Two Player Games","GAME_WORD"
""in.playsimple.tripcross","Crossword Jam","GAME_WORD"
""in.crossy.daily_crossword","Daily Themed Crossword Puzzles","GAME_WORD"
""com.joyvendor.wordhike.android.en","Word Hike -Inventive Crossword","GAME_WORD"
""in.daily_puzzle.crossword","Crossword Puzzle Explorer","GAME_WORD"
""com.pieyel.scrabble","Scrabble® GO-Classic Word Game","GAME_WORD"
""word.connect.puzzle.games","Word Connect - Train Brain","GAME_WORD"
""com.aaaudi.wordmaker","Word Maker: Words Games Puzzle","GAME_WORD"
""word.cross.connect.puzzle.games","Word Cross - Crossword Puzzle","GAME_WORD"
""in.WordSearch.WordBliss","Word Bliss","GAME_WORD"
""in.playsimple.wordtrip","Word Trip - Word Puzzle Game","GAME_WORD"
""spelling.quiz.trivia.question.answer.correct.word.learn.language.puzzle","Spelling Quiz - Word Trivia","GAME_WORD"
""com.playvalve.crossword","Crossword Deluxe: Word Puzzles","GAME_WORD"
""fun.neal.infinite.craft","Infinite Craft by Neal","GAME_WORD"
""com.wb.headsup","Heads Up!","GAME_WORD"
""com.funcraft.dicewords","Dice Words - Fun Word Game","GAME_WORD"
""com.easybrain.word.puzzle.game","Easy Words - Word Puzzle Games","GAME_WORD"
""com.Eventyr.WS","Word Journey: Word Search Game","GAME_WORD"
""com.word.block.puzzle.free.relax","Word Search Block Puzzle Game","GAME_WORD"
""in.playsimple.wordtour","Word Tour","GAME_WORD"
""com.word.madness","Word Madness","GAME_WORD"
""words.puzzle.wordgame.free.connect","Word Go: Word Link Puzzle","GAME_WORD"
""com.fugo.wowsearch","Words of Wonders: Search","GAME_WORD"
""com.gsr.wordcross","Crossword Quest","GAME_WORD"
""com.fbig.words","Word Galaxy Challenge","GAME_WORD"
""com.partycharades.wordguessinggame.party","Party Charades: Guessing Game","GAME_WORD"
""com.peoplefun.wordsearch","Wordscapes Search","GAME_WORD"
""com.funcraft.whamzee","Word Yatzy - Fun Word Puzzler","GAME_WORD"
""com.wordsearch.wordtrip.crossword.puzzle","Word Search Zen","GAME_WORD"
""com.bigstarkids.wordtravel","Word City: Connect Word Game","GAME_WORD"
""com.scopely.wheeloffortune","Wheel of Fortune: TV Game","GAME_WORD"
""com.otium.wordconnect.android","Otium Word: Relax Puzzle Game","GAME_WORD"
""com.wordfarm.scapes","Word Farm Adventure: Word Game","GAME_WORD"
""se.maginteractive.wordzee","Wordzee! - Social Word Game","GAME_WORD"
""com.openmygame.android.sky.words","Sky Words: Word Game","GAME_WORD"
""com.braingames.wordsearch","Word Search Hunt","GAME_WORD"
""word.connect.free","Word Connect - Words of Nature","GAME_WORD"
""com.matchingham.drawpuzzle.something","Draw Puzzle: Tricky Brain Test","GAME_WORD"
""infinite.alchemy.magic.merge","Magic Merge: Endless Craft","GAME_WORD"
""com.braindom2riddle","Brain Who? Tricky Riddle Tests","GAME_WORD"
""com.hitappsgames.connectwords","Connect Word: Association Game","GAME_WORD"
""com.fanatee.stop2","Stop 2 - Word Trivia Game","GAME_WORD"
""com.tellmewow.senior.hangman","Hangman","GAME_WORD"
""com.severex.cross.word.puzzle.logic","Crostic Crossword－Word Puzzles","GAME_WORD"
""com.word.search.find.puzzle","Word Search!","GAME_WORD"
""com.unicostudio.cryptoletter","Logicross: Crossword Puzzle","GAME_WORD"
""com.wordgame.words.connect","Word Connect","GAME_WORD"
""com.lotum.wordblitz","Word Blitz","GAME_WORD"
""com.joyvendor.wordsmore.android.en","Words More -Ultimate Crossword","GAME_WORD"
""com.randomlogicgames.wordsearch","Infinite Word Search Puzzles","GAME_WORD"
""com.word.search.butterfly.puzzle.game","Word Search","GAME_WORD"
""com.bitmango.go.wordcookies","Word Cookies! ®","GAME_WORD"
""se.maginteractive.crozzle","Crozzle - Crossword Puzzles","GAME_WORD"
""net.artgamestudio.charadesapp","Charades App - Guess the Word","GAME_WORD"
""dh3games.namemeaning","My Name Meaning","GAME_WORD"
""com.hyperthought.lingolegend","Lingo Legend Language Learning","GAME_WORD"
""com.openmygame.magicwordsearch","Word Spells: Word Puzzles","GAME_WORD"
""com.fiddlerswork.drawwithfriends","Draw With Friends Multiplayer","GAME_WORD"
""com.androidcss.hangman","Hangman Kids","GAME_WORD"
""com.fanatee.cody","CodyCross: Crossword Puzzles","GAME_WORD"
""com.softowelgames.casual.free.word.puzzle.game.connect.letters.paradise","Words of Paradise","GAME_WORD"
""com.matchingham.braindom3","Riddle Test: Brain Teaser Game","GAME_WORD"
""com.appspot.orium_blog.crossword.eng","English Crossword puzzle","GAME_WORD"
""com.aperfectpartnership.sqworble","sQworble : Crossword Scramble","GAME_WORD"
""com.starfish.wordsearch.an","Word Search Tycoon:Seek & Find","GAME_WORD"
""com.PalmCourt.Wavelength","Wavelength","GAME_WORD"
""com.tangramgames.gourddoll.wordvista","Word Vista","GAME_WORD"
""com.gimica.wordseeker","Word Seeker","GAME_WORD"
""com.zynga.words","Classic Words With Friends","GAME_WORD"
""trivia.quiz.trivia.star.millionaire.word.question.offine.game.free","Word Trivia - Word Quiz Games","GAME_WORD"
""com.fugo.wowguru","Words of Wonders: Guru","GAME_WORD"
""wordcross.wordscapes.wordconnect.lots.free","Word Lots","GAME_WORD"
""com.kooapps.pictowordandroid","Pictoword: Fun Brain Word Game","GAME_WORD"
""com.funcraft.wordgrams","Wordgrams - Crossword & Puzzle","GAME_WORD"
""com.tangramgames.gourddoll.wordcrush","Word Crush - Fun Puzzle Game","GAME_WORD"
""com.funcraft.yatzygram","Anagram Yatzy - Word Game","GAME_WORD"
""com.wordconnect.word.games.search.find","Word Search: Word Find","GAME_WORD"
""com.hideseek.vocabventure","WordVenture","GAME_WORD"
""com.openmygame.games.android.fillwordsoffline","Word Search - Evolution Puzzle","GAME_WORD"
""com.hitapps.figgerits","Figgerits - Word Puzzle Game","GAME_WORD"
""com.uc.minigame.relax","Mini Games: Calm & Relax","GAME_CASUAL"
""com.syubestgames.teachersimulator","Teacher Simulator: School Days","GAME_CASUAL"
""com.screw.away.pin.puzzle.and","Screw Away: 3D Pin Puzzle","GAME_CASUAL"
""com.Polystation.BuildABabe","Build A Queen","GAME_CASUAL"
""com.JindoBlu.OfflineGames","Offline Games - No Wifi Games","GAME_CASUAL"
""com.tile.match.masters","Tile Match Masters","GAME_CASUAL"
""com.trending.tik.tap.game.challenge","Tik Tap Challenge","GAME_CASUAL"
""com.moonactive.coinmaster","Coin Master","GAME_CASUAL"
""com.pronetis.ironball2","Going Balls","GAME_CASUAL"
""com.PlaySense.BulletArmyRun","Bullet Army Run","GAME_CASUAL"
""com.media720.games2020","Offline Games No WiFi Puzzles","GAME_CASUAL"
""com.paperdoll.diary.dressup.game","Paper Doll Diary: Dress Up DIY","GAME_CASUAL"
""com.millecrepestudios.couplelife","Couple Life 3D","GAME_CASUAL"
""com.playrix.township","Township","GAME_CASUAL"
""com.king.candycrushsaga","Candy Crush Saga","GAME_CASUAL"
""com.easystudio.screw.pin.jam.puzzle","Screw Pin Jam Puzzle","GAME_CASUAL"
""com.online.huntingsniper","Hunting Sniper","GAME_CASUAL"
""com.outfit7.mytalkingtom2","My Talking Tom 2","GAME_CASUAL"
""com.foursgames.camouflagesniper","Camo Sniper","GAME_CASUAL"
""com.superplaystudios.dicedreams","Dice Dreams™️","GAME_CASUAL"
""com.Garawell.BridgeRace","Bridge Race","GAME_CASUAL"
""com.outfit7.mytalkingangela2","My Talking Angela 2","GAME_CASUAL"
""com.playrix.gardenscapes","Gardenscapes","GAME_CASUAL"
""com.kwalee.transformhunt","Hunt & Seek","GAME_CASUAL"
""com.sh.fidget.toys.mini.relaxing.antistress.games","Mini Relaxing Game- pop it","GAME_CASUAL"
""com.gimica.treasuremaster","Treasure Master","GAME_CASUAL"
""com.sunsetgames.bordersecurity","Airport Security","GAME_CASUAL"
""com.playrix.homescapes","Homescapes","GAME_CASUAL"
""com.king.candycrushsodasaga","Candy Crush Soda Saga","GAME_CASUAL"
""closet.match.pair.matching.games","Goods Sort™ - Sorting Games","GAME_CASUAL"
""gg.sunday.catescape","Cat Escape","GAME_CASUAL"
""com.outfit7.mytalkingtomfriends","My Talking Tom Friends","GAME_CASUAL"
""com.cat.life.sim","Cat Choices: Virtual Pet 3D","GAME_CASUAL"
""com.tictoc.challenge","TickTock Challenge","GAME_CASUAL"
""com.bravestars.hair.salon.beauty","Hair Salon: Beauty Salon Game","GAME_CASUAL"
""com.metroville.global","Livetopia: Party!","GAME_CASUAL"
""com.shape.shifting.shape.transforming","Shape Transforming: Shape Race","GAME_CASUAL"
""com.qycrazypuzzledom.game","NoWiFi - Relaxing Arcade Games","GAME_CASUAL"
""com.budgestudios.googleplay.BlueyBLU","Bluey: Let's Play!","GAME_CASUAL"
""com.bgg.jump","Project Makeover","GAME_CASUAL"
""com.sunsetgames.copcarscan","Traffic Cop 3D","GAME_CASUAL"
""com.hexa.master.puzzle.match3d","Hexa Master 3D - Color Sort","GAME_CASUAL"
""pampam.ibf2","Bottle Flip 3D — Tap & Jump!","GAME_CASUAL"
""com.scary.prankcall.horror.fake.video","Scary Prank Call & Fake Chat","GAME_CASUAL"
""com.goods.master3d.triple.puzzle","Goods Master 3D: Puzzle Games","GAME_CASUAL"
""com.tripledot.tile.blossom","Blossom Match - Puzzle Game","GAME_CASUAL"
""com.vm3.global","Truck Star","GAME_CASUAL"
""com.VectorUpGames.TallManRun","Tall Man Run","GAME_CASUAL"
""me.pou.app","Pou","GAME_CASUAL"
""com.christmas.funny.happy.festival.paint.coloring.game","Christmas Color by Number Game","GAME_CASUAL"
""com.fc.p.zto.tip.tap.ticktock.rigolo.challenge.minigames","Tip Tap Challenge: Mini Games","GAME_CASUAL"
""com.funcell.trashinc","Trash Tycoon Idle business","GAME_CASUAL"
""com.rovio.baba","Angry Birds 2","GAME_CASUAL"
""com.funtomic.matchmasters","Match Masters ‎- PvP Match 3","GAME_CASUAL"
""com.casualjoygames.tileblast","Tile Blast: Match ASMR Game","GAME_CASUAL"
""net.wyvernware.whosthealien","Find the Alien - Alien Game","GAME_CASUAL"
""com.Ondrej.GossipMaster","GossipMaster","GAME_CASUAL"
""com.paurau.SlowMoRun","Slow Mo Run","GAME_CASUAL"
""com.aa.puffup","Puff Up - Balloon puzzle game","GAME_CASUAL"
""com.sniper.shooter.wild.ssw","Sniper Shooter Wild","GAME_CASUAL"
""com.color.page.paint.pixel.number.happy","Color Fan - Color By Number","GAME_CASUAL"
""com.readygo.dark.gp","Dark War Survival","GAME_CASUAL"
""com.ken.supermarket","Supermarket Simulator Master","GAME_CASUAL"
""com.outfit7.mytalkingtomfree","My Talking Tom","GAME_CASUAL"
""com.hybridparking.game","Roadside Empire","GAME_CASUAL"
""com.higame.par.country.ball.war","Country Balls: World Battle","GAME_CASUAL"
""com.games.whodiesfirst","Who Dies Last?","GAME_CASUAL"
""me.eladga.memesoundboard","Meme Soundboard 2024 Ultimate","GAME_CASUAL"
""com.higame.par.trendy.fun.tick.tock.challenge.game","Tap Challenge: Filter Games","GAME_CASUAL"
""com.BeautifullyMadeGames.ThePresident","The President","GAME_CASUAL"
""com.gym.idle.battle.simulation","Gym Workout Clicker: Muscle Up","GAME_CASUAL"
""com.pw.textanddrive","Text And Drive!","GAME_CASUAL"
""com.headlines.air.dance","SpanningTiles","GAME_CASUAL"
""com.MelsoftGames.FamilyIslandFarm","Family Island™ — Farming game","GAME_CASUAL"
""com.ea.game.pvz2_na","Plants vs. Zombies™ 2","GAME_CASUAL"
""com.outfit7.mytalkinghank","My Talking Hank: Islands","GAME_CASUAL"
""com.kayac.ball_run","Ball Run 2048: merge number","GAME_CASUAL"
""com.funcell.momlifesimulator","Momlife Simulator","GAME_CASUAL"
""com.shape.change","Jelly Shift - Obstacle Course","GAME_CASUAL"
""com.amanotes.gs.g06","Duet Cats: Cute Cat Game","GAME_CASUAL"
""com.dressup.fashionshow.leftright","Left or right: Magic Dress up","GAME_CASUAL"
""air.com.lunime.gachalife","Gacha Life","GAME_CASUAL"
""com.joycastle.mergematch","Matching Story - Puzzle Games","GAME_CASUAL"
""tangle3d.twistedrope.untie.untangle","Tangle Rope 3D: Untie Master","GAME_CASUAL"
""com.higame.par.idol.prank.video.call.chat.phone.fun","Idol Prank Video Call & Chat","GAME_CASUAL"
""com.bounce.ball2048","Bounce Merge","GAME_CASUAL"
""drawing.to.smash.puzzle.angry.crashing","Draw Puzzle: Break The Dog","GAME_CASUAL"
""com.savetheworld.game","My Little Universe","GAME_CASUAL"
""com.diy.phonecase.phonemaker","Mobile Phone Case Design & DIY","GAME_CASUAL"
""com.cheddarbox.slingshotquiz","Text & Fly","GAME_CASUAL"
""com.triple.match3d.family","Match Family: Triple Match 3D","GAME_CASUAL"
""com.funcell.perfectlie","Perfect Lie","GAME_CASUAL"
""com.nxksass.GirlParkour","Make Girlfriend","GAME_CASUAL"
""com.yogaworkout.flexrun3d","Yoga Workout","GAME_CASUAL"
""com.higame.par.craft3d.build.block.master","Craft 3D Build: Block Master","GAME_CASUAL"
""com.tripledot.tile.dynasty","Tile Dynasty: Triple Mahjong","GAME_CASUAL"
""com.pixeland.talkingbuddy","My Talking Slimy: Cat Friends","GAME_CASUAL"
""games.rivvy.monstersurvivors","Monster Survivors","GAME_CASUAL"
""com.JacobVanHaag.ColorMatch","Color Match","GAME_CASUAL"
""com.RedLineGames.Game49","Ice Cream Inc. ASMR, DIY Games","GAME_CASUAL"
""com.funcat.tgbtc","Tokyo Ghoul · Break the Chains","GAME_ACTION"
""com.supercell.brawlstars","Brawl Stars","GAME_ACTION"
""com.innersloth.spacemafia","Among Us","GAME_ACTION"
""com.dts.freefireth","Free Fire","GAME_ACTION"
""com.playgendary.bowmasters","Bowmasters: Archery Shooting","GAME_ACTION"
""com.WalkTalk.FlightMaster","Epic Plane Evolution","GAME_ACTION"
""com.amelosinteractive.snake","Snake.io - Fun Snake .io Games","GAME_ACTION"
""com.starplay.spider.fighter.openworld","Spider Fighter 3: Action Game","GAME_ACTION"
""com.activision.callofduty.shooter","Call of Duty: Mobile Season 9","GAME_ACTION"
""com.atknsyl.weaponmaster","Weapon Master: Action Gun Game","GAME_ACTION"
""com.kayac.breakragdoll","Ragdoll Break: Let's destroy!","GAME_ACTION"
""merge.armored.robots","Armored Robots: Mech Battle","GAME_ACTION"
""com.playgendary.kickthebuddy","Kick the Buddy－Fun Action Game","GAME_ACTION"
""com.Neurononfire.SupremeDuelist","Supreme Duelist","GAME_ACTION"
""com.playgendary.ktbremaster","Kick the Buddy: Second Kick","GAME_ACTION"
""com.playgendary.tom","Tomb of the Mask","GAME_ACTION"
""com.cassette.aquapark","aquapark.io","GAME_ACTION"
""com.kayac.grabthrow","Grab Throw : Hit Annoying Men","GAME_ACTION"
""jp.co.dwango.HcgDW007SandwichRun","Sandwich Runner","GAME_ACTION"
""com.kayac.level_up_number","Number Master: Run and merge","GAME_ACTION"
""com.bandainamcoent.dblegends_ww","DRAGON BALL LEGENDS","GAME_ACTION"
""com.kitkagames.fallbuddies","Stumble Guys","GAME_ACTION"
""com.tencent.ig","PUBG MOBILE","GAME_ACTION"
""com.dicedpixel.foodrun","Food Run","GAME_ACTION"
""com.gnarlygamestudio.agenthunt","Agent Hunt - Hitman Shooter","GAME_ACTION"
""com.playflix.kick.breakragdoll.games","Kick & Break The Ragdoll Games","GAME_ACTION"
""com.playstrom.hero.tower","TDS - Tower Destiny Survive","GAME_ACTION"
""com.fungames.sniper3d","Sniper 3D：Gun Shooting Games","GAME_ACTION"
""com.slicing.hero","Slicing Hero Sword Master Game","GAME_ACTION"
""com.animal.hunter.sniper","Animal Hunter: Wild Shooting","GAME_ACTION"
""hide.seek.room","Hide in The Backrooms: Horror","GAME_ACTION"
""com.atesgamestudio.rollance","Rollance : Adventure Balls","GAME_ACTION"
""com.creativestarsgames.bombevolution","Evolving Bombs!","GAME_ACTION"
""com.seenax.HideAndSeek","Hide 'N Seek!","GAME_ACTION"
""com.kayac.chargefist","ChargeFist: Punch Action!","GAME_ACTION"
""com.miniclip.realsniper","Pure Sniper: Gun Shooter Games","GAME_ACTION"
""com.RastleksGames.TheShootout","Zombie Apocalypse: Doomsday-Z","GAME_ACTION"
""com.GnarlyGameStudio.FrontlineHeroes","Frontline Heroes: WW2 Warfare","GAME_ACTION"
""com.nintendo.zaka","Mario Kart Tour","GAME_ACTION"
""com.dts.freefiremax","Free Fire MAX","GAME_ACTION"
""flexus.dye.hard","Dye Hard - Color War","GAME_ACTION"
""com.stickman.warriors.stickwarriors.dragon.shadow.fight","Stickman Warriors","GAME_ACTION"
""com.yodo1.crossyroad","Crossy Road","GAME_ACTION"
""com.Hitica.FightForAmerica","Fight For America: Country War","GAME_ACTION"
""com.soccer.football.kick","Super Goal: Fun Soccer Game","GAME_ACTION"
""freeplay.crowdrun.com","Count Masters: Stickman Games","GAME_ACTION"
""com.hit.master","Hit Master 3D - Knife Assassin","GAME_ACTION"
""vh.one","I, The One — Fun Fighting Game","GAME_ACTION"
""com.gaijingames.wtm","War Thunder Mobile","GAME_ACTION"
""jp.pokemon.pokemonunite","Pokémon UNITE","GAME_ACTION"
""com.fungames.battletanksbeta","War Machines：Tanks Battle Game","GAME_ACTION"
""com.time.trigger","Johnny Trigger: Action Shooter","GAME_ACTION"
""com.mysterytag.cryptominer","Crypto Miner Tycoon","GAME_ACTION"
""com.starplay.spider.fighter3d","Spider Fighter 2","GAME_ACTION"
""com.netease.newspike","Blood Strike - FPS for all","GAME_ACTION"
""com.outfit7.talkingtomgoldrun","Talking Tom Gold Run","GAME_ACTION"
""com.netflix.NGP.GTASanAndreasDefinitiveEdition","GTA: San Andreas – NETFLIX","GAME_ACTION"
""com.barsstudios.swordplay","Sword Play! Ninja Slice Runner","GAME_ACTION"
""com.devilgame.trolllevel","Die Again: Troll Game Ever","GAME_ACTION"
""com.outfit7.herodash","Talking Tom Hero Dash","GAME_ACTION"
""com.imangi.templerun2","Temple Run 2","GAME_ACTION"
""com.scream.imposter.monster.survival","Space Survivor","GAME_ACTION"
""com.miniclip.puresoldier","War Sniper: FPS Shooting Game","GAME_ACTION"
""com.ig.spider.fighting","Spider Fighting: Hero Game","GAME_ACTION"
""com.crazylabs.lady.bug","Miraculous Ladybug & Cat Noir","GAME_ACTION"
""com.kayac.JetpackMaster","Jetpack Master : Flying Action","GAME_ACTION"
""com.activision.callofduty.warzone","Call of Duty®: Warzone™ Mobile","GAME_ACTION"
""com.oreon.monsterdraft","Monster Draft : Running Game","GAME_ACTION"
""com.Lightneer.BazookaBoy","Bazooka Boy","GAME_ACTION"
""air.com.hypah.io.slither","slither.io","GAME_ACTION"
""com.nintendo.zara","Super Mario Run","GAME_ACTION"
""com.pixonic.wwr","War Robots Multiplayer Battles","GAME_ACTION"
""com.kayac.DrawFight","Draw Action: Freestyle Fight","GAME_ACTION"
""com.RocinanteGames.SwatTacticalShooter","SWAT Tactical Shooter","GAME_ACTION"
""com.crazylabs.football.master.kick","Touch Down 3D","GAME_ACTION"
""com.actopolus.PixelDudeSandbox","Gangs Wars: Pixel Shooter RP","GAME_ACTION"
""com.generagames.resistance","Cover Fire: Offline Shooting","GAME_ACTION"
""com.horus.sky.defense","Sky Defense: War Duty","GAME_ACTION"
""com.playnoob.homeflip","Home Flip: Crazy Jump Master","GAME_ACTION"
""com.starform.metalstorm","Metalstorm","GAME_ACTION"
""com.rescue.agent","Helicopter Escape 3D","GAME_ACTION"
""com.hepagames.wheelevolution","Steering Wheel Evolution","GAME_ACTION"
""com.ohbibi.fps","FRAG Pro Shooter","GAME_ACTION"
""com.pixel.gun3d","Pixel Gun 3D - FPS Shooter","GAME_ACTION"
""com.whitespiritgames.the.school","SCHOOLBOY: Teacher Bot","GAME_ACTION"
""com.freeplaysultanov.shootit","Shoot Out: Gun Shooting Games","GAME_ACTION"
""com.hypergutura.tearthemall","Tear Them All: Robot fighting","GAME_ACTION"
""com.je.supersus","Super Sus","GAME_ACTION"
""com.horus.warzone","War Zone: Fight For Homeland","GAME_ACTION"
""com.heli.monsters","Heli Monsters - Giant Hunter","GAME_ACTION"
""com.horus.beach.head","World War: Army Battle FPS 3D","GAME_ACTION"
""com.spellbindgames.wildhunt","Heli Hog Hunt - Sniper Game","GAME_ACTION"
""ru.galya.drawjoust","Draw Joust!","GAME_ACTION"
""com.symbiote.shooting.puzzle.swing","Symbiote Shooting Puzzle","GAME_ACTION"
""com.rubygames.assassin","Hunter Assassin","GAME_ACTION"
""com.devolverdigital.carrion","Carrion","GAME_ACTION"
""com.plarium.mechlegion","Mech Arena - Shooting Game","GAME_ACTION"
""com.cover.zombie.fire.shooter","Zombie Fire 3D: Offline Game","GAME_ACTION"
""com.mgs.sniper1","Sniper Strike FPS 3D Shooting","GAME_ACTION"
""wild.west.sniper","Western Sniper: Wild West FPS","GAME_ACTION"
""com.bilibilihk.jujutsuphanparagp","Jujutsu Kaisen Phantom Parade","GAME_ROLE_PLAYING"
""com.ridgge.conquercountries","Conquer Countries","GAME_ROLE_PLAYING"
""io.supercent.prison","Prison Life: Idle Game","GAME_ROLE_PLAYING"
""com.com2us.starseedgl.android.google.global.normal","STARSEED: Asnia Trigger","GAME_ROLE_PLAYING"
""com.studio501.cuphero","Cup Heroes","GAME_ROLE_PLAYING"
""com.pazugames.avatarworld","Avatar World ®","GAME_ROLE_PLAYING"
""com.crunchyroll.crg.overlord","Lord of Nazarick","GAME_ROLE_PLAYING"
""com.dlitegames.terminalmaster","Terminal Master - Bus Tycoon","GAME_ROLE_PLAYING"
""com.manekigames.fashionqueen","Fashion Queen: Dress Up Game","GAME_ROLE_PLAYING"
""com.nexters.herowars","Hero Wars: Alliance","GAME_ROLE_PLAYING"
""com.fivebits.emeregencydispatch","911 Emergency Dispatcher","GAME_ROLE_PLAYING"
""com.crazylabs.monster.high","Monster High™ Beauty Salon","GAME_ROLE_PLAYING"
""com.nekki.shadowfight3","Shadow Fight 3 - RPG fighting","GAME_ROLE_PLAYING"
""tr.com.apps.fashion.battle","Fashion Battle - Dress up game","GAME_ROLE_PLAYING"
""com.northicagames.kopp3","Knights of Pen and Paper 3","GAME_ROLE_PLAYING"
""jp.co.drecom.wizardry.daphne","Wizardry Variants Daphne","GAME_ROLE_PLAYING"
""com.devgame.masha.and.bear.my.friends","Masha and the Bear: My Friends","GAME_ROLE_PLAYING"
""com.plarium.raidlegends","RAID: Shadow Legends","GAME_ROLE_PLAYING"
""com.funcell.petsimulator","Dog Life Simulator","GAME_ROLE_PLAYING"
""com.wasteland.heart","Wasteland Life: Survival Idle","GAME_ROLE_PLAYING"
""jp.gungho.tri","Disney Pixel RPG","GAME_ROLE_PLAYING"
""com.devgame.masha.and.bear.pizzeria.games","Masha and the Bear Pizza Maker","GAME_ROLE_PLAYING"
""io.superbrick.minimartmaster","My Dream Store!","GAME_ROLE_PLAYING"
""com.foxnextgames.m3","MARVEL Strike Force: Squad RPG","GAME_ROLE_PLAYING"
""com.hyper.hundredmysterybuttons","100 Mystery Buttons - Escape","GAME_ROLE_PLAYING"
""com.playfocus.king","King or Fail - Castle Takeover","GAME_ROLE_PLAYING"
""com.proximabeta.nikke","GODDESS OF VICTORY: NIKKE","GAME_ROLE_PLAYING"
""com.moe.aylalife","Ayla World : Avatar Life","GAME_ROLE_PLAYING"
""com.cww.laststronghold","Last Stronghold: Idle Survival","GAME_ROLE_PLAYING"
""com.pizza.maker.game.baking.making.cooking","Pizza Maker Kids Cooking Games","GAME_ROLE_PLAYING"
""com.YovoGames.dentist","Children's doctor : dentist","GAME_ROLE_PLAYING"
""com.sugargame.mfdq","Magic Forest: Dragon Quest","GAME_ROLE_PLAYING"
""com.crazylabs.hair.dye.challenge","Hair Dye","GAME_ROLE_PLAYING"
""com.gp.pilot.simulator.airplanegames","Pilot Simulator: Airplane Game","GAME_ROLE_PLAYING"
""com.cc.only.going.up.rooftop.parkour.game","Going Up Rooftop Parkour Games","GAME_ROLE_PLAYING"
""com.funtrigger.underworld","Underworld War","GAME_ROLE_PLAYING"
""com.nekki.shadowfightarena","Shadow Fight 4: Arena","GAME_ROLE_PLAYING"
""com.cocoplay.fashion.style","Super Stylist Fashion Makeover","GAME_ROLE_PLAYING"
""com.Grand.Napal","RP Grand - Open World Game","GAME_ROLE_PLAYING"
""com.lionroar.mobilefun.toddler","princess phone game","GAME_ROLE_PLAYING"
""com.arkgames.ggplay.tlonglobal","The Legend of Neverland","GAME_ROLE_PLAYING"
""com.gc.real.city.car.driving.game.car.simulator","Car Racing City 3D Car Driving","GAME_ROLE_PLAYING"
""com.lockwoodpublishing.avakinlife","Avakin Life - 3D Virtual World","GAME_ROLE_PLAYING"
""com.battle.worldofartillery","World of Artillery: Cannon War","GAME_ROLE_PLAYING"
""com.qyj.az.glb","Destiny M:God Descends","GAME_ROLE_PLAYING"
""fantasy.survival.game.rpg","Grim Soul: Dark Survival RPG","GAME_ROLE_PLAYING"
""com.dream.dale","Dreamdale - Fairy Adventure","GAME_ROLE_PLAYING"
""com.ludia.tmnt","Ninja Turtles: Legends","GAME_ROLE_PLAYING"
""mermaid.life.games","Mermaid Games: Princess Salon","GAME_ROLE_PLAYING"
""com.global.tmslg","Puzzles & Conquest","GAME_ROLE_PLAYING"
""com.piggy.panda.cake.maker.games","Cake Maker: Kids Cooking Games","GAME_ROLE_PLAYING"
""com.HoYoverse.Nap","Zenless Zone Zero","GAME_ROLE_PLAYING"
""com.ss.sparkle","Sparkle Sweepers - Cleaning","GAME_ROLE_PLAYING"
""com.ImaginativeGames.GunUp2048","Gun up Weapon Ball Shooter","GAME_ROLE_PLAYING"
""com.devgame.booba.cooking.kids.games","Booba Kitchen: Kids Cooking!","GAME_ROLE_PLAYING"
""com.zigzagame.tokyodebunker","Tokyo Debunker","GAME_ROLE_PLAYING"
""com.devsisters.ck","CookieRun: Kingdom","GAME_ROLE_PLAYING"
""com.tgc.sky.android","Sky: Children of the Light","GAME_ROLE_PLAYING"
""jp.pokemon.pokemonquest","Pokémon Quest","GAME_ROLE_PLAYING"
""com.allstarunion.myths","Myths of Moonrise","GAME_ROLE_PLAYING"
""com.yjsy.en.google","Pocket Warriors: Idle RPG","GAME_ROLE_PLAYING"
""com.eu.firegp","Flame of Valhalla Global","GAME_ROLE_PLAYING"
""com.yoozoo.jgame.us","Echocalypse: Scarlet Covenant","GAME_ROLE_PLAYING"
""com.finallygames.bionics","Bionics","GAME_ROLE_PLAYING"
""com.libii.march","SuitU: Fashion Avatar Dress Up","GAME_ROLE_PLAYING"
""com.iskslowtest.mislen","Isekai:Slow Life","GAME_ROLE_PLAYING"
""com.blizzard.diablo.immortal","Diablo Immortal","GAME_ROLE_PLAYING"
""com.cww.cubecraft","CubeCrafter","GAME_ROLE_PLAYING"
""com.hometownbuilder.hometownbuilder","Tut world:Home Town builder","GAME_ROLE_PLAYING"
""com.pazugames.sushimaker","Sushi Maker Kids Cooking Games","GAME_ROLE_PLAYING"
""com.misrfen.android","Influencer Story: Rise to Fame","GAME_ROLE_PLAYING"
""com.panoramik.mightyparty","Mighty Party","GAME_ROLE_PLAYING"
""com.pz.life.android","Highrise: Avatar, Chat & Games","GAME_ROLE_PLAYING"
""com.ea.game.starwarscapital_row","Star Wars™: Galaxy of Heroes","GAME_ROLE_PLAYING"
""com.farlightgames.igame.gp","AFK Journey","GAME_ROLE_PLAYING"
""com.swiftappskom.thewolfrpg","The Wolf","GAME_ROLE_PLAYING"
""com.gs.extreme.car.drifting.driving.game","Extreme Car Drifting: Car Game","GAME_ROLE_PLAYING"
""com.and.brawl.en","Mini Heroes: Magic Throne","GAME_ROLE_PLAYING"
""com.supermarket.master.simulator","Supermarket Master Simulator","GAME_ROLE_PLAYING"
""com.playducky.sandblox","Sandblox: City sandbox","GAME_ROLE_PLAYING"
""com.carolgames.everlegion","Ever Legion","GAME_ROLE_PLAYING"
""com.scopely.whiplash","WWE Champions","GAME_ROLE_PLAYING"
""com.DetailGames.HungryAliens","HungryAliens","GAME_ROLE_PLAYING"
""com.fungames.flightpilot","Flight Pilot: 3D Simulator","GAME_ROLE_PLAYING"
""com.funcell.hyperpa","Hyper PA","GAME_ROLE_PLAYING"
""com.depthsofendor.game","Depths of Endor: Dungeon Crawl","GAME_ROLE_PLAYING"
""com.frsjz.gp","Nevermore-W: Idle Immortal RPG","GAME_ROLE_PLAYING"
""com.summoners.kingdom.usagoogle","Summoners Kingdom:Goddess","GAME_ROLE_PLAYING"
""com.an.kbx.global.unlock","Blade of Chaos: Raider","GAME_ROLE_PLAYING"
""com.mxdzzus.google","Legend of Mushroom","GAME_ROLE_PLAYING"
""com.gf.bus.simulator.citypassenger.driving","City Bus Simulator City Game","GAME_ROLE_PLAYING"
""com.zenc.labradordog","Puppy pet care salon game","GAME_ROLE_PLAYING"
""com.rat.carcrash.games.megacrashes.car.simulator","Car Crashes Simulator Car Game","GAME_ROLE_PLAYING"
""com.ag.fashion.catwalk.show","Fashion Catwalk Show","GAME_ROLE_PLAYING"
""com.campaign.mystical.disputeworld","Dispute World","GAME_ROLE_PLAYING"
""com.fp.fashionbattle.catwalkshow.dressupgame","Rampwalk Fashion Game","GAME_ROLE_PLAYING"
""com.ludia.jw2","Jurassic World Alive","GAME_ROLE_PLAYING"
""com.gaminglegends.taxigame.taxisimulator.grand.car.driving2020","Taxi Games: Taxi Driving Games","GAME_ROLE_PLAYING"
""com.ddd.americansniper3d","American Sniper 3D - Gun Games","GAME_ROLE_PLAYING"
""com.pazugames.princesspetpalace","Princess Palace Pets World","GAME_ROLE_PLAYING"
""io.voodoo.holeio","Hole.io","GAME_ARCADE"
""io.voodoo.paper2","Paper.io 2","GAME_ARCADE"
""com.kiloo.subwaysurf","Subway Surfers","GAME_ARCADE"
""com.robtopx.geometryjumplite","Geometry Dash Lite","GAME_ARCADE"
""io.supercent.linkedcubic","Snake Clash!","GAME_ARCADE"
""com.vincentb.MobControl","Mob Control","GAME_ARCADE"
""com.master.hotelmaster","My Perfect Hotel","GAME_ARCADE"
""games.vaveda.militaryoverturn","Tower War - Tactical Conquest","GAME_ARCADE"
""com.d09.car.crash.jump.arena.game","Car Crash Driving Test Game 3D","GAME_ARCADE"
""com.halfbrick.fruitninjafree","Fruit Ninja®","GAME_ARCADE"
""com.xplay.pop_antistress_simulator","Antistress relaxing toy game","GAME_ARCADE"
""com.freeplay.twerk","Twerk Race 3d — Fun run game!","GAME_ARCADE"
""com.nomonkeys.ballblast","Ball Blast Cannon blitz mania","GAME_ARCADE"
""com.fungames.blockcraft","Block Craft 3D：Building Game","GAME_ARCADE"
""com.orbitalknight.ridiculousfreekick","Crazy Kick! Fun Football game","GAME_ARCADE"
""com.JindoBlu.TwoPlayerGamesChallenge","2 Player games : the Challenge","GAME_ARCADE"
""com.os.space.force.galaxy.alien","Galaxiga Arcade Shooting Game","GAME_ARCADE"
""com.os.airforce","1945 Air Force: Airplane games","GAME_ARCADE"
""com.fcg.tricky.puzzle.mini.games","Crazy Challenge: Mini Games 3D","GAME_ARCADE"
""com.matryoshka.royal.cooking.kitchen.madness","Royal Cooking - Cooking games","GAME_ARCADE"
""com.snakeattack.game","Snake Run Race・3D Running Game","GAME_ARCADE"
""io.supercent.mosquito","Mosquito.io","GAME_ARCADE"
""com.redlinegames.attackhole","Attack Hole - Black Hole Games","GAME_ARCADE"
""com.games.bottle","Bottle Jump 3D","GAME_ARCADE"
""com.acidcousins.fdunk","Flappy Dunk","GAME_ARCADE"
""com.multicastgames.venomSurvive","Alien Invasion: RPG Idle Space","GAME_ARCADE"
""com.dvloper.granny","Granny","GAME_ARCADE"
""com.robtopx.geometrydashworld","Geometry Dash World","GAME_ARCADE"
""com.gergedan.trapgame","Trap Master - Squish Enemies","GAME_ARCADE"
""net.apex_designs.payback2","Payback 2 - The Battle Sandbox","GAME_ARCADE"
""com.kwalee.drawit","Draw it","GAME_ARCADE"
""com.robtopx.geometrydashsubzero","Geometry Dash SubZero","GAME_ARCADE"
""com.sega.sonicdash","Sonic Dash Endless Runner Game","GAME_ARCADE"
""com.freeplay.crazyoffice","Crazy Office — Slap & Smash","GAME_ARCADE"
""kr.co.alohacorp.BlasttheGiant","Kiss in Public: Sneaky Date","GAME_ARCADE"
""com.robtopx.geometrydashmeltdown","Geometry Dash Meltdown","GAME_ARCADE"
""com.game.space.shooter2","Space shooter - Galaxy attack","GAME_ARCADE"
""com.games.layerman","Layer Man 3D: Run & Collect","GAME_ARCADE"
""com.champion.cubes","Cubes Empire Champions","GAME_ARCADE"
""com.PlayMax.playergames","Stickman Party 234 MiniGames","GAME_ARCADE"
""com.riseup.game","Rise Up: Balloon Game","GAME_ARCADE"
""com.hg.paperdeliveryboy","Paper Delivery Boy","GAME_ARCADE"
""com.LuB.DeliveryConstruct","Ride Master: Car Builder Game","GAME_ARCADE"
""com.elemental.gloves","Elemental Gloves - Magic Power","GAME_ARCADE"
""com.kwalee.wantedgp","Police Pursuit","GAME_ARCADE"
""com.azurgames.stackball","Stack Ball - Crash Platforms","GAME_ARCADE"
""com.alien.shooter.galaxy.attack","Galaxy Attack: Shooting Game","GAME_ARCADE"
""com.fgol.HungrySharkEvolution","Hungry Shark Evolution","GAME_ARCADE"
""com.sega.sonic2.runner","Sonic The Hedgehog 2 Classic","GAME_ARCADE"
""jp.co.goodroid.hyper.armwrestling","Arm Wrestling Master","GAME_ARCADE"
""com.appadvisory.drawclimber","Draw Climber","GAME_ARCADE"
""com.xia.familylife","Family Life","GAME_ARCADE"
""com.pocketchamps.game","Pocket Champs: 3D Racing Games","GAME_ARCADE"
""com.happykamp.aquariumland","Aquarium Land - Fishbowl World","GAME_ARCADE"
""com.YoBroStudios.MergeSpinner","Spinner Merge","GAME_ARCADE"
""fall.stars.race","STAR: Super Tricky Amazing Run","GAME_ARCADE"
""bike.hop.fall","Bike Hop: Crazy BMX Bike Jump","GAME_ARCADE"
""io.supercent.downhill","Downhill Racer","GAME_ARCADE"
""com.shaverma.lazyjump","Lazy Jump","GAME_ARCADE"
""com.mindy.grap1","Stickman Hook","GAME_ARCADE"
""com.nekki.vector","Vector","GAME_ARCADE"
""com.playgendary.sportmasters","Bouncemasters: Penguin Games","GAME_ARCADE"
""com.biglime.cookingmadness","Cooking Madness: A Chef's Game","GAME_ARCADE"
""com.ketchapp.rider","Rider – Stunt Bike Racing","GAME_ARCADE"
""slingshot.building.destroy","Slingshot Smash－Shooting Range","GAME_ARCADE"
""com.hyperpixelgames.idlecruiseship","My Cruise World","GAME_ARCADE"
""com.frph.stonegrass","Stone Grass: Mowing Simulator","GAME_ARCADE"
""com.andrea.monsterchase","Monster Chase","GAME_ARCADE"
""mml.studio.pixelshooterbattle","Royale Gun Battle: Pixel Shoot","GAME_ARCADE"
""com.ISAAC.Autodiggers","Auto Diggers","GAME_ARCADE"
""com.FDGEntertainment.redball4.gp","Red Ball 4","GAME_ARCADE"
""com.custom.goescape","Go Escape! - Casual Ball Games","GAME_ARCADE"
""com.gamepie.airpolice","HellCopter","GAME_ARCADE"
""com.chatgame.prank.messenger.chat.master.chatstory","Chat Master Prank: Chat Story","GAME_ARCADE"
""com.northerncoldgames.popsiclestack","Popsicle Stack","GAME_ARCADE"
""com.lilyxgame.cleanit","Clean It: Cleaning Games","GAME_ARCADE"
""com.JindoBlu.FourPlayers","1 2 3 4 Player Games - Offline","GAME_ARCADE"
""com.imangi.templerun","Temple Run","GAME_ARCADE"
""war.of.islands","War of Rafts: Crazy Sea Battle","GAME_ARCADE"
""com.DVloper.Granny3","Granny 3","GAME_ARCADE"
""com.hanna.bodyguard.expert","VIP Guard","GAME_ARCADE"
""com.sega.sonicboomandroid","Sonic Dash 2: Sonic Boom Run","GAME_ARCADE"
""com.dvloper.grannychaptertwo","Granny: Chapter Two","GAME_ARCADE"
""com.zyb.galaxy.attack","Galaxy Shooter - Space Attack","GAME_ARCADE"
""com.sh.twoplayergame.mini.challenge","Two Player Game: 1v1 Challenge","GAME_ARCADE"
""com.bastion.archers","Archery Bastions: Castle War","GAME_ARCADE"
""com.mobirix.swipebrick2","Bricks Breaker Quest","GAME_ARCADE"
""com.namcobandaigames.pacmantournaments","PAC-MAN","GAME_ARCADE"
""merge.master.hero.monster.battle","Dino Merge Master Animal Fight","GAME_ARCADE"
""com.playgendary.polyspherecoolgame","Polysphere: Art Puzzle Game","GAME_ARCADE"
""com.stoneaxe.slapandrun","Slap and Run","GAME_ARCADE"
""com.crazylabs.light.it.up","Light-It Up","GAME_ARCADE"
""com.rioo.runnersubway","Subway Princess Runner","GAME_ARCADE"
""com.HalilIbrahimSahin.PastaCareer","Pasta Machine","GAME_ARCADE"
""com.ubisoft.hungrysharkworld","Hungry Shark World","GAME_ARCADE"
""com.playgendary.tanks","Tank Stars","GAME_ARCADE"
""com.rovio.angrybirdsfriends","Angry Birds Friends","GAME_ARCADE"
""com.spungegames.failybrakesflatout","Faily Brakes 2: Car Crash Game","GAME_ARCADE"
""com.ns.sand.castle.build.compete.idle","Sand Castle","GAME_ARCADE"
""spinner.merge.masters","Spinner Merge: Masters","GAME_ARCADE"
""com.nintendo.znba","Nintendo Music","MUSIC_AND_AUDIO"
""com.spotify.music","Spotify: Music and Podcasts","MUSIC_AND_AUDIO"
""com.mwm.sampler","Beat Maker Pro - DJ Drum Pad","MUSIC_AND_AUDIO"
""com.pandora.android","Pandora - Music & Podcasts","MUSIC_AND_AUDIO"
""musicplayer.playmusic.audioplayer","Music Player & MP3 - DDMusic","MUSIC_AND_AUDIO"
""com.radio.pocketfm","Pocket FM: Audio Series","MUSIC_AND_AUDIO"
""com.bandlab.bandlab","BandLab – Music Making Studio","MUSIC_AND_AUDIO"
""com.musicify.musipler","Musicify-Offline MP3 Player","MUSIC_AND_AUDIO"
""com.hellosimply.simplysingdroid","Simply Sing: My Singing App","MUSIC_AND_AUDIO"
""com.mwm.piano","Piano - music & songs games","MUSIC_AND_AUDIO"
""com.make.audker.mipbui","Audio Master - Ringtone Maker","MUSIC_AND_AUDIO"
""com.amazon.mp3","Amazon Music: Songs & Podcasts","MUSIC_AND_AUDIO"
""com.clearchannel.iheartradio.controller","iHeart: Music, Radio, Podcasts","MUSIC_AND_AUDIO"
""com.starmakerinteractive.starmaker","StarMaker: Sing Karaoke Songs","MUSIC_AND_AUDIO"
""com.soundcloud.android","SoundCloud: Play Music & Songs","MUSIC_AND_AUDIO"
""jbl.stc.com","JBL Headphones","MUSIC_AND_AUDIO"
""volumebooster.soundspeaker.louder","Volume Booster - Sound Booster","MUSIC_AND_AUDIO"
""com.shazam.android","Shazam: Find Music & Concerts","MUSIC_AND_AUDIO"
""com.sirius","SiriusXM: Music, Sports & News","MUSIC_AND_AUDIO"
""com.apple.android.music","Apple Music","MUSIC_AND_AUDIO"
""com.google.android.apps.youtube.music","YouTube Music","MUSIC_AND_AUDIO"
""com.agminstruments.drumpadmachine","Drum Pad Machine - beat maker","MUSIC_AND_AUDIO"
""com.pianokeyboard.learnpiano.playmusic.instrument","Learn Piano - Real Keyboard","MUSIC_AND_AUDIO"
""com.effect.voicechanger.aichanger.soundeffects","Voice Changer by Sound Effects","MUSIC_AND_AUDIO"
""com.audiomack","Audiomack: Music Downloader","MUSIC_AND_AUDIO"
""ringtonesforandroidphonefree.ringtones.ringtonessongs.ringtonesapp","Ringtones for Android Phone","MUSIC_AND_AUDIO"
""com.weezerlite.and","Weezer-Lite, MP3 Music player","MUSIC_AND_AUDIO"
""com.mmm.trebelmusic","TREBEL: Music, MP3 & Podcasts","MUSIC_AND_AUDIO"
""com.easybrain.make.music","Groovepad - music & beat maker","MUSIC_AND_AUDIO"
""equalizer.bassbooster.volumebooster.soundeffect","Volume Bass Booster, Equalizer","MUSIC_AND_AUDIO"
""com.bestringtonesapps.freeringtonesforandroid","Ringtones for Android™","MUSIC_AND_AUDIO"
""musicplayer.musicapp.playmusic.mp3player","Music Player Offline & MP3","MUSIC_AND_AUDIO"
""com.fcmusicplayer.app","Music Echo-Offline Music","MUSIC_AND_AUDIO"
""com.bose.bosemusic","Bose","MUSIC_AND_AUDIO"
""dj.music.mixer.sound.effects","DJ Music mixer - DJ Mix Studio","MUSIC_AND_AUDIO"
""musicplayer.musicapps.music.mp3player","Music Player & MP3 Player","MUSIC_AND_AUDIO"
""com.radiocom","Audacy: Radio & Sports Talk","MUSIC_AND_AUDIO"
""com.mwm.stems","Stemz: AI Tool for Musicians","MUSIC_AND_AUDIO"
""com.vlv.aravali","Kuku FM: Audio Series","MUSIC_AND_AUDIO"
""tunein.player","TuneIn Radio: Music & Sports","MUSIC_AND_AUDIO"
""com.smule.singandroid","Smule: Karaoke, Sing & Record","MUSIC_AND_AUDIO"
""com.spotify.tv.android","Spotify - Music and Podcasts","MUSIC_AND_AUDIO"
""com.dywx.larkplayer","Lark Player:Music Player & MP3","MUSIC_AND_AUDIO"
""com.record.voice.day.all","Voice Recorder Sound Recorder","MUSIC_AND_AUDIO"
""com.radio.fmradio","Radio FM","MUSIC_AND_AUDIO"
""com.touchtunes.android","TouchTunes: Play the jukebox","MUSIC_AND_AUDIO"
""com.media.bestrecorder.audiorecorder","Voice Recorder","MUSIC_AND_AUDIO"
""com.capp.poplive","Airbuds Widget","MUSIC_AND_AUDIO"
""radio.usa","Radio USA - Live Radio FM / AM","MUSIC_AND_AUDIO"
""com.sec.android.app.music","Samsung Music","MUSIC_AND_AUDIO"
""com.volume.equalizer.bass.booster","Volume Booster & Bass Booster","MUSIC_AND_AUDIO"
""volumebooster.sound.loud.speaker.booster","Volume Booster - Sound Booster","MUSIC_AND_AUDIO"
""com.streema.simpleradio","Simple Radio: Live AM FM Radio","MUSIC_AND_AUDIO"
""com.alarmusic.offline.ringtone","MP3 Music App: Alarm Music","MUSIC_AND_AUDIO"
""music.disc.dj.mixer.music.mixer","DJ Mixer Studio - DJ Music Mix","MUSIC_AND_AUDIO"
""voicerecorder.audiorecorder.voice","Voice Recorder & Voice Memos","MUSIC_AND_AUDIO"
""com.tianxingjian.supersound","Music Audio Editor, MP3 Cutter","MUSIC_AND_AUDIO"
""com.eliferun.music","Music Player for Android","MUSIC_AND_AUDIO"
""fm.castbox.audiobook.radio.podcast","Podcast Player - Castbox","MUSIC_AND_AUDIO"
""com.freemusic.download.oiuna","Music Downloader AudioDownload","MUSIC_AND_AUDIO"
""com.ultimateguitar.tabs","Ultimate Guitar: Chords & Tabs","MUSIC_AND_AUDIO"
""com.ring.fantasy.today","Android Ringtones 2024","MUSIC_AND_AUDIO"
""ai.moises","Moises: The Musician's AI App","MUSIC_AND_AUDIO"
""com.lutech.musicplayer","Offline Music Player - MP3 App","MUSIC_AND_AUDIO"
""com.mx.ringtone.pro","Ringtones for Android 2024","MUSIC_AND_AUDIO"
""com.komspek.battleme","Rap Fame - Rap Music Studio","MUSIC_AND_AUDIO"
""com.gamestar.perfectpiano","Perfect Piano","MUSIC_AND_AUDIO"
""com.toto.jcyj.mvmix","Offline Music Player - Mixtube","MUSIC_AND_AUDIO"
""com.drum.muse.pad.bit","Beat Maker Beat Music Maker","MUSIC_AND_AUDIO"
""dev.netlob.spotistats","stats.fm for Spotify","MUSIC_AND_AUDIO"
""com.adjust.volume.booster.go","Volume Booster EQ 200% Louder","MUSIC_AND_AUDIO"
""com.realguitarsimulator.learnguitar.playguitar.simplyguitar.tabsandchords.musicband","Learn Guitar - Real Tabs","MUSIC_AND_AUDIO"
""ai.mureka.android","Mureka - AI Song&Music Maker","MUSIC_AND_AUDIO"
""com.ai.voice.recorder","Voice Recorder Sound Memo Pro","MUSIC_AND_AUDIO"
""com.learningpiano.simplepiano.easy.piano","Easy Piano Learning App","MUSIC_AND_AUDIO"
""app.funny.pranksound.airhorn.fartsound.haircutprank","Prank Sounds & Haircut, Fart","MUSIC_AND_AUDIO"
""com.appgeneration.itunerfree","myTuner Radio App: FM stations","MUSIC_AND_AUDIO"
""com.bose.monet","Bose Connect","MUSIC_AND_AUDIO"
""music.downloader.free.download.music.mp3.song.app","Music Downloader Mp3 Download","MUSIC_AND_AUDIO"
""com.sonlam.mypianophone","My Piano Phone","MUSIC_AND_AUDIO"
""net.melodify.android","ملودیفای | مرجع تخصصی آهنگ","MUSIC_AND_AUDIO"
""com.bandsintown","Bandsintown Concerts","MUSIC_AND_AUDIO"
""com.soundcorset.client.android","Tuner & Metronome","MUSIC_AND_AUDIO"
""myrecorder.voicerecorder.voicememos.audiorecorder.recordingapp","Voice Recorder & Voice Memos","MUSIC_AND_AUDIO"
""mymusic.offlinemusicplayer.mp3player.playmusic","Offline Music Player: Play MP3","MUSIC_AND_AUDIO"
""com.freemusic.offline.usa","Free Music - music downloader","MUSIC_AND_AUDIO"
""com.podbean.app.podcast","Podcast Player App - Podbean","MUSIC_AND_AUDIO"
""com.bassbosster.equalizer.volumebooster","Volume Booster & Sound Booster","MUSIC_AND_AUDIO"
""com.fender.tuner","Fender Guitar Tuner","MUSIC_AND_AUDIO"
""com.productivity.musicdj.mixer2.sound.effect","DJ Music Mixer - DJ Mix Studio","MUSIC_AND_AUDIO"
""io.musistream","xMUSI - Simple Music Streaming","MUSIC_AND_AUDIO"
""com.snapmusi.mp3","Offline Music, Mp3 Player Tube","MUSIC_AND_AUDIO"
""com.light.music.recognition","Music Recognition - Find Songs","MUSIC_AND_AUDIO"
""volumebooster.equalizer.soundbooster.bassboost","Volume Booster - Equalizer","MUSIC_AND_AUDIO"
""com.bestringtonesapps.bestringtonesfree","Phone Ringtones","MUSIC_AND_AUDIO"
""com.happymusic.music.downloader.free.online.offline.music","MP3 Music Download","MUSIC_AND_AUDIO"
""com.mwm.guitartuner","Guitar Tuner Pro: Music Tuning","MUSIC_AND_AUDIO"
""com.ai.music.generate","AI Music Generator","MUSIC_AND_AUDIO"
""com.atpc","MP3 Downloader - Music Player","MUSIC_AND_AUDIO"
""www.whimmusic.info","Unlimited MP3 Music Downloader","MUSIC_AND_AUDIO"
""org.findmykids.app","Find my kids: live GPS tracker","PARENTING"
""com.babycenter.pregnancytracker","Pregnancy App & Baby Tracker","PARENTING"
""com.app.findmesa","FindMesa","PARENTING"
""us.mitene","FamilyAlbum - Photo Sharing","PARENTING"
""com.wte.view","Pregnancy Tracker & Baby App","PARENTING"
""com.testlab.family360","Family360 - GPS Live Locator","PARENTING"
""com.hp.pregnancy.lite","Pregnancy + | Tracker App","PARENTING"
""com.microsoft.familysafety","Microsoft Family Safety","PARENTING"
""com.huckleberry_labs.app","Huckleberry: Baby & Child","PARENTING"
""com.happyfamily.coloringbook","Family Love Coloring Book","PARENTING"
""com.appclose.androidapp","AppClose: Co-Parent Essentials","PARENTING"
""org.blubblub.app.speechblubs","Speech Blubs: Language Therapy","PARENTING"
""pr.gahvare.gahvare","گهواره تربیت کودک و بارداری","PARENTING"
""com.wondershare.famisafe","Parental Control App- FamiSafe","PARENTING"
""cm.pt.barkparent","Bark - Parental Controls","PARENTING"
""com.pg.clubpampers.android.us","Pampers Club - Rewards & Deals","PARENTING"
""com.sand.airdroidkidp","AirDroid Parental Control","PARENTING"
""com.antonio.family.locator.phone.tracker","Phone Tracker By Number in US","PARENTING"
""app.kids360.parent","Kids360: Parental Control App","PARENTING"
""com.becloser","Be Closer: Family location","PARENTING"
""com.neiman.contractions","Contraction Timer & Counter 9m","PARENTING"
""com.qustodio.family.parental.control.app.screentime","Qustodio Parental Control App","PARENTING"
""com.digitas.solidstarts","Solid Starts: Baby Food App","PARENTING"
""com.flashget.parentalcontrol","FlashGet Kids:parental control","PARENTING"
""ru.mobiledimension.kbr","Pregnancy Tracker: amma","PARENTING"
""com.diveomedia.little.stories.bedtime.books.kids","Little Stories: Bedtime Books","PARENTING"
""com.orange.magic.board.doodle.coloring","Magic Board - Doodle & Color","PARENTING"
""com.nanit.baby","Nanit","PARENTING"
""com.canopy.vpn.filter.parent","Canopy - Parental Control App","PARENTING"
""org.understood.community","Understood: Support ADHD Kids","PARENTING"
""org.twisevictory.apps.ex","The Wonder Weeks - Leaps","PARENTING"
""com.nighp.babytracker_android","Baby Tracker - Newborn Log","PARENTING"
""com.tmobile.familycontrols","T-Mobile® FamilyMode™","PARENTING"
""com.wachanga.pregnancy","Pregnancy and Due Date Tracker","PARENTING"
""com.talkingparents.tpandroid","TalkingParents: Co-Parent App","PARENTING"
""fr.wemoms","WeMoms Pregnancy Baby Tracker","PARENTING"
""com.ourfamilywizard","OurFamilyWizard Co-Parent App","PARENTING"
""com.naraorganics.nara","Baby Tracker by Nara","PARENTING"
""app.kids360.kid","Alli360 by Kids360","PARENTING"
""com.rb.enfamil","Enfamil: Baby Rewards Tracker®","PARENTING"
""com.pg.smartsleepcoach","Smart Sleep Coach by Pampers™","PARENTING"
""bebi.family.baby.photo.album","Baby Photo Editor","PARENTING"
""com.codefit.trackerapp","GPS Phone Location Tracker","PARENTING"
""com.securly.pnphub","Securly Home","PARENTING"
""com.oubapps.po.ch","شرطة الأطفال - مكالمة وهمية","PARENTING"
""global.gps.location.tracker.kids","GPS Location Tracker For Kids","PARENTING"
""com.women.pregnancytrackerapp22","Pregnancy Tracker, Maternity","PARENTING"
""family.tracker.my","My Family - Family Locator","PARENTING"
""com.hubblebaby.nursery","HubbleClub By Hubble Connected","PARENTING"
""com.arjonasoftware.babycam","BabyCam - Baby Monitor Camera","PARENTING"
""com.saby.babymonitor3g","Baby Monitor Saby - 3G Babycam","PARENTING"
""org.commonsensemedia.mobile","Common Sense Media","PARENTING"
""com.xogrp.thebump","Pregnancy App & Baby Tracker","PARENTING"
""vision.pathfinder.iparent","Hearty App: Everyday Bonding","PARENTING"
""com.kinedu.appkinedu","Kinedu: Baby Development","PARENTING"
""ru.drivepixels.babyname","Babyname","PARENTING"
""jp.firstascent.cryanalyzer","CryAnalyzer - baby translator","PARENTING"
""com.sunny.monster.maker","Monster Maker","PARENTING"
""com.appbards.baby.heartbeat.monitor","Hear My Baby Heartbeat Monitor","PARENTING"
""com.pathwaysapp","Pathways.org Baby Milestones","PARENTING"
""com.family.locator.find.my.kids","Family Tracker by Phone Number","PARENTING"
""com.BabyName.start","Baby Name Together","PARENTING"
""com.clevguard.kidsguardpro.parent","KidsGuard Pro-Phone Monitoring","PARENTING"
""com.mmguardian.parentapp","MMGuardian Parental Control","PARENTING"
""com.baby_sleep_sounds","Baby Sleep Sounds","PARENTING"
""com.locatormidgard.findnumber","Phone Number Location Tracker","PARENTING"
""com.realdream.kidspolice_sp","Policía de niños - para padres","PARENTING"
""com.easymobs.pregnancy","Pregnancy App","PARENTING"
""com.evoprox.morningroutines","Happy Kids Timer Chores","PARENTING"
""com.hp.babyapp","Baby + | Your Baby Tracker","PARENTING"
""com.coquisoft.parentlove","Baby & Breastfeeding Tracker","PARENTING"
""com.simka.ai.children.bed.stories.android","Bedtime Stories for your Kids","PARENTING"
""com.goodinside.gimobile","Good Inside: Parenting","PARENTING"
""com.amila.parenting","Baby tracker - feeding, sleep","PARENTING"
""com.applicaster.babytv.vod","BabyTV - Kids Videos & Songs","PARENTING"
""com.motorola.spaces","Family Space","PARENTING"
""pl.trpaslik.babynoise","White Noise: Baby Sleep Sounds","PARENTING"
""co.qeepsake.qeepsakeApp","Qeepsake: Family & Baby Book","PARENTING"
""com.wachanga.contractions","Contraction Timer & Counter","PARENTING"
""com.supportpay","SupportPay: Split Expenses","PARENTING"
""com.blinkhd","Hubble Connected for Motorola","PARENTING"
""com.speakeasy.community","SpeakEasy: Home Speech Therapy","PARENTING"
""com.fairylandai","FairylandAI Bedtime Stories","PARENTING"
""exxe.babyApp","AI Baby Generator: BabySu","PARENTING"
""cz.masterapp.annie3","Annie Baby Monitor: Nanny Cam","PARENTING"
""com.tinybeans","Tinybeans Private Family Album","PARENTING"
""com.drillyapps.babydaybook","Baby Daybook - Newborn Tracker","PARENTING"
""viticly.intrudersfinder","Find who's spying my phone","PARENTING"
""maybebaby.getpregnant.getbaby.flo","Ovulation Calendar & Fertility","PARENTING"
""com.unboundapplications.theshortyears","The Short Years Baby Book","PARENTING"
""ro.heykids.povesti.desene.app","Bedtime Stories - HeyKids","PARENTING"
""life.stroller.preggers","Preggers: Pregnancy & Baby App","PARENTING"
""com.babysits","Babysits - Find Babysitters","PARENTING"
""com.ns804.mamava","Mamava - Breastfeed on the Go","PARENTING"
""com.wingboat.AllowanceBot","Chores & Allowance Bot","PARENTING"
""com.symantec.familysafety","Norton Family Parental Control","PARENTING"
""ai.healai.assistant","Heal Baby Care","PARENTING"
""app.mamana","مامانا | بارداری هفته به هفته","PARENTING"
""com.evenflo.sensorsafe","Evenflo SensorSafe","PARENTING"
""net.cleverbit.VegeFruits","Fruits and Vegetables for Kids","PARENTING"
""com.youmusic.magictiles","Magic Tiles 3","GAME_MUSIC"
""com.metanote.boyandgirl.musicgame","Incredible Sprunki Music Box","GAME_MUSIC"
""com.pianonbeat.rhythm","Cyber Music Rush","GAME_MUSIC"
""com.piano.pocket.music","Pocket Piano:Rhythm Music Game","GAME_MUSIC"
""piano.tiles.pop.music.game.beat.tunes.master","Rhythm Rush - Piano Music Game","GAME_MUSIC"
""com.dancing.smash.hop.game.tiles.beat.piano.surfer","Cyber Surfer","GAME_MUSIC"
""com.candle.magic_piano","Beat Piano Dance:music game","GAME_MUSIC"
""com.music.ball.hop.tiles.beat.dancing.game","Music Ballz Hop","GAME_MUSIC"
""com.beat.cat.dancing.hop.tiles.music.game","Beat Cats","GAME_MUSIC"
""com.amanotes.beathopper","Tiles Hop EDM Rush Music Game","GAME_MUSIC"
""com.happy.game.beat.music.fight.android","Beat Battle Full Mod Fight","GAME_MUSIC"
""game.piano.music.tiles.challenge","Piano Game: Classic Music Song","GAME_MUSIC"
""com.dream.hop.jump.ball.music.free","Dream Hop - 3D Magic Dash","GAME_MUSIC"
""beatmaker.edm.musicgames.PianoGames","Piano Fire: Edm Music & Piano","GAME_MUSIC"
""com.pem.pianomagictiles","Piano Magic Star 4: Music Game","GAME_MUSIC"
""com.piano.tiles.music.game.circles.dancing.beat.magictiles","Piano Star","GAME_MUSIC"
""com.bigbluebubble.singingmonsters.full","My Singing Monsters","GAME_MUSIC"
""com.amanotes.pamadancingroad","Dancing Road: Color Ball Run!","GAME_MUSIC"
""beatmaker.edm.musicgames.pianofire2","Piano Fire 2: Slide Challenge","GAME_MUSIC"
""com.orange.kidspiano.music.songs","Piano Kids - Music & Songs","GAME_MUSIC"
""com.cat.music.rainbow.surfer.duet","Rainbow Surfer: Duet Color","GAME_MUSIC"
""com.rhythm.dancing.tiles.piano.cat.kpop.music","Cat Piano Tiles: Rhythm Games","GAME_MUSIC"
""com.musicdreamtiles.pianogame","Dreameow Tiles: Piano & Music","GAME_MUSIC"
""com.magic.space.dancing.tiles.music.color.smash.game","Dream Circles Dash","GAME_MUSIC"
""com.musicgame.colordancinghop","Color Dance Hop:music game","GAME_MUSIC"
""com.dancing.smash.hop.game.tiles.circles.beat.piano.beatracing","Beat Racing","GAME_MUSIC"
""com.amanotes.duettiles","Duet Tiles - Rhythm Music Game","GAME_MUSIC"
""com.sega.ColorfulStage.en","HATSUNE MIKU: COLORFUL STAGE!","GAME_MUSIC"
""com.music.game.dancing.hair.beat.race","Dancing Hair","GAME_MUSIC"
""com.wgm.piano.cat.tiles","Cat Tiles: Cute Piano Game","GAME_MUSIC"
""com.perfect.piano.music","Magic Piano Rush - Music Star","GAME_MUSIC"
""com.Zeeppo.GuitarBand","Guitar Band: Rock Battle","GAME_MUSIC"
""com.VotroGame.Sprunki","Sprunki Horror Music Game","GAME_MUSIC"
""com.spaceapegames.beatstar","Beatstar - Touch Your Music","GAME_MUSIC"
""com.fnfstudio.ff","Music Rap Time Battle","GAME_MUSIC"
""com.rhythmdance.taptile.dancingcats","Dancing Cats - Cute Music Game","GAME_MUSIC"
""com.animemagictiles","Piano Level 9: Beat Music Duel","GAME_MUSIC"
""com.jmhy.magicpiano","Magic Piano Music game","GAME_MUSIC"
""com.ningningstudio.kpopmagictiles","Kpop Piano Star - Music Game","GAME_MUSIC"
""com.kooapps.pianotiles2gp","Piano Tiles 2™ - Piano Game","GAME_MUSIC"
""com.amanotes.rock.anna","Music Night Battle - Full Mods","GAME_MUSIC"
""com.dress.skirt.run.dancing.hop.game.beat.piano.hair","Dancing Dress - Fashion Girl","GAME_MUSIC"
""com.joyjourney.PianoWhiteGo","Piano Music Go-EDM Piano Games","GAME_MUSIC"
""com.amanotes.duetfriends","Duet Friends: Cute Music Games","GAME_MUSIC"
""com.rhythm.rush.piano.music.tile.song.games.guitar.tiles","Rhythm Rush Lite-Be Piano Star","GAME_MUSIC"
""com.beat.fight.fnf.mobile.original.friday.night.funkin.game.android","Beat Fight:Full Mod Battle","GAME_MUSIC"
""vn.zeze.sticktuber","Stick Tuber: Punch Fight Dance","GAME_MUSIC"
""com.FriendlyGhostStd.MandelaFunkin","My Singing Incredible Sprunki","GAME_MUSIC"
""com.wingsmob.bluepiano","Catch Tiles: Piano Game","GAME_MUSIC"
""com.dash.dancing.smash.game.tiles.circles.beat.piano.rhythm.hop","Magic Hop","GAME_MUSIC"
""com.piano.journey.music.muse.beat","Piano Journey : Play & Create","GAME_MUSIC"
""beatmaker.edm.musicgames.gunsounds","Beat Fire - Edm Gun Music Game","GAME_MUSIC"
""br.com.rodrigokolb.realdrum","Real Drum electronic drums set","GAME_MUSIC"
""com.bigbluebubble.msm2","Singing Monsters: Dawn of Fire","GAME_MUSIC"
""com.rhythm.piano.tiles.hop.dancing.cat.runner.music","Cat Hop - Piano Music Games","GAME_MUSIC"
""com.indocipta.piano","Piano Music & Songs","GAME_MUSIC"
""com.bunbunstudio.magicblocktiles","Music Piano 7: Rush Song Games","GAME_MUSIC"
""com.josef.electrodrumpadnew","Real Electro Drum Pad: Hip Hop","GAME_MUSIC"
""com.xgame.BeatCarRacing","Beat Racing:Car&Music game","GAME_MUSIC"
""com.super_toki.giraffe","Like A Dino!","GAME_MUSIC"
""com.music.hop.game.run.ball.magic.edm.piano.tiles.beats","Music Hop: EDM Rush","GAME_MUSIC"
""com.garystudio.countrymagictiles","Country Music: Piano Tap 1","GAME_MUSIC"
""com.ubisoft.dance.JustDance","Just Dance Now","GAME_MUSIC"
""com.tt.toddler.songs.tunes.fun.games","Toddler Piano and Music Games","GAME_MUSIC"
""com.candle.beatcar","Magic Beat Racing music game","GAME_MUSIC"
""com.bilkon.easypiano","Real Piano","GAME_MUSIC"
""com.dancing.smash.hop.game.tiles.circles.beat.paino","Smash Colors","GAME_MUSIC"
""dino.piano.instrument.music.games","Baby Dino Piano:Kids Piano Fun","GAME_MUSIC"
""com.candle.piano_star","Magic Piano:EDM Music game","GAME_MUSIC"
""tune.verse.tuneverse","Myfantasy-Magic of Stories","GAME_MUSIC"
""com.cat.meow.run.music.beat.hop.tiles.piano.kids.build.island.card","Cats' Melody Run","GAME_MUSIC"
""com.music.ball.tunes.fallingball","Music Ball Tunes: Falling Ball","GAME_MUSIC"
""com.approver.beatjumpy","Beat Tiles 3D: Music Game","GAME_MUSIC"
""music.game.beat.battle","Music Beat Night Show","GAME_MUSIC"
""game.beat.music.fnf.battle","Music Night Battle: Rap Battle","GAME_MUSIC"
""br.com.rodrigokolb.realguitar","Real Guitar: acoustic electric","GAME_MUSIC"
""com.kooapps.pianotilesgp","Piano Tiles ™ - Tap Music Game","GAME_MUSIC"
""dk.drohm.idaft","iDaft Jamming-Daft Punk Sounds","GAME_MUSIC"
""com.music.game.cute.run.ball.magic.edm.piano.tiles.beats","Dream Notes: Cute Music Game","GAME_MUSIC"
""com.og.fnf.music","Beat Live: Show Music Game","GAME_MUSIC"
""com.xipu.cwqmx.beimei","Magic Star","GAME_MUSIC"
""com.PerfectWorldStd.fnf.eteledmod","Twiddle Finger Night Battle","GAME_MUSIC"
""catdog.music.tiles.challenge","Cat Dog Music Voice","GAME_MUSIC"
""com.music.rhythm.player","Music Rhythm Player","GAME_MUSIC"
""com.netflix.NGP.HelloKittyHappinessParade","HELLO KITTY HAPPINESS PARADE","GAME_MUSIC"
""com.GaragaraBoneStd.fnf.thursday.night","Thursday Night Music Battles","GAME_MUSIC"
""com.vedu.music.Instruments.piano.forpianists","Real Piano For Pianists","GAME_MUSIC"
""com.bandlegame.bandleguessasong","Bandle - Guess the song","GAME_MUSIC"
""com.music.game.cyber.run.ball.magic.edm.piano.tiles.beats","Beat Notes Cyber Music Game","GAME_MUSIC"
""com.cloverfi.windowgarden","Window Garden - Lofi Idle Game","GAME_MUSIC"
""com.rhythmdance.taptile.rt","Rolling Twins: Music Ball Rush","GAME_MUSIC"
""com.eyu.music.tap.tap2","Tap Music 3D","GAME_MUSIC"
""com.rhythmdance.taptile.twocats","Two Cats - Dancing Music Games","GAME_MUSIC"
""com.musicbrothers.rhythmtrain","Rhythm Train - Tap Music Games","GAME_MUSIC"
""com.superb.rhv","Rhythm Hive","GAME_MUSIC"
""com.fnf.music.character.test","Music Character Test","GAME_MUSIC"
""com.gismart.realpianofree","Piano - Music Keyboard & Tiles","GAME_MUSIC"
""com.wkg.pianokids.musical.journey","Piano Kids: Musical Journey","GAME_MUSIC"
""com.spaceapegames.country.music.game","Country Star: Music Game","GAME_MUSIC"
""com.au.dance.en","Sweet Dance","GAME_MUSIC"
""com.block.juggle","Block Blast!","GAME_PUZZLE"
""com.abi.perfect.tidy","Perfect Tidy","GAME_PUZZLE"
""com.ventogames.findthecat","Find The Cat - Spot It!","GAME_PUZZLE"
""com.zm.nuts","Nut Sort: Color Sorting Game","GAME_PUZZLE"
""com.ig.bus.out","Bus Out","GAME_PUZZLE"
""find.difference.spot.differences.hidden.puzzle.games.free","Differences - Find & Spot It","GAME_PUZZLE"
""com.luwukmeliana.lexicard","Clue Master - Logic Puzzle","GAME_PUZZLE"
""net.peakgames.match","Match Factory!","GAME_PUZZLE"
""com.melon.drop.fruit.merge.master","Fruit Merge: Juicy Drop Game","GAME_PUZZLE"
""com.fc.sn.satisy.makeup.ocd.organizer","Satisroom: Perfectly Organize","GAME_PUZZLE"
""jigsaw.puzzle.game.banana","Jigsawscapes® - Jigsaw Puzzles","GAME_PUZZLE"
""com.dreamgames.royalmatch","Royal Match","GAME_PUZZLE"
""com.screenshake.dominodreams","Domino Dreams™","GAME_PUZZLE"
""io.randomco.travel","Travel Town - Merge Adventure","GAME_PUZZLE"
""com.onebutton.mrsuper2","The Superhero League 2","GAME_PUZZLE"
""jp.co.goodroid.hyper.hexaaway","Hexa Away","GAME_PUZZLE"
""com.ozn.busqueuee","Seat Away","GAME_PUZZLE"
""com.fc.goods.sort.matching.puzzle.triplemaster","Goods Puzzle: Sort Challenge","GAME_PUZZLE"
""com.wood.bolt.wordle.screw.nuts.puzzle","Woodle Screw Jam: Nuts & Bolts","GAME_PUZZLE"
""com.bonnie.trafficescape","Traffic Escape!","GAME_PUZZLE"
""water.sort.puzzle.color.sort.games","Water Sort","GAME_PUZZLE"
""com.gplay.annoying.puzzle.game","Annoying Puzzle Game","GAME_PUZZLE"
""com.playrix.fishdomdd.gplay","Fishdom","GAME_PUZZLE"
""com.gamebrain.hexasort","Hexa Sort","GAME_PUZZLE"
""com.draw.one.line","One Line: Drawing Puzzle Game","GAME_PUZZLE"
""com.fc.nut.screw.bolt.washer.fastener.puzzle","Screw Puzzle: Wood Nut & Bolt™","GAME_PUZZLE"
""com.weegoon.thiefpuzzle","Thief Puzzle: to pass a level","GAME_PUZZLE"
""com.cdg.tictactoe","Tic Tac Toe - 2 Player XO","GAME_PUZZLE"
""com.europosit.pixelcoloring","Pixel Art - Color by Number","GAME_PUZZLE"
""com.AliceTile.Story.Secret.and","Alice's Tile Story: Garden","GAME_PUZZLE"
""com.smashing.draw2","Draw To Smash: Logic puzzle","GAME_PUZZLE"
""com.baf.connectballs","Connect Balls - Line Puzzle -","GAME_PUZZLE"
""com.playvalve.ballsort","Ball Sort Puz - Color Game","GAME_PUZZLE"
""com.playstrom.drawonepart","DOP: Draw One Part","GAME_PUZZLE"
""com.loop.number.match.pethereum","Number Match - Merge Puzzle","GAME_PUZZLE"
""com.dxm.nopuzzle","Block Puzzle","GAME_PUZZLE"
""com.block.blast.free.cube.puzzle.game","Block Crush: Block Puzzle Game","GAME_PUZZLE"
""com.screw.jam.puzzle","Screw Pin - Nuts Jam","GAME_PUZZLE"
""com.crazylabs.amaze.game","AMAZE!","GAME_PUZZLE"
""com.balloon.master.cube.match","Balloon Master 3D:Triple Match","GAME_PUZZLE"
""com.flyingwhalegames.carout","Car Out! Traffic Parking Games","GAME_PUZZLE"
""com.easybrain.block.puzzle.games","Blockudoku®: Block Puzzle Game","GAME_PUZZLE"
""com.color.busfrenzy","Bus Frenzy : Station Shuffle","GAME_PUZZLE"
""com.ig.coffee.jam","Coffee Craze","GAME_PUZZLE"
""hidden.objects.find.it.out.seek.puzzle.games.free","Find It - Hidden Object Games","GAME_PUZZLE"
""com.tripledot.woodoku","Woodoku - Wood Block Puzzle","GAME_PUZZLE"
""ball.sort.color.water.puzzle.games","Ball Sort","GAME_PUZZLE"
""com.falcon.dm.water.cake.sort.puzzle","Cake Sort - Color Puzzle Game","GAME_PUZZLE"
""onetap.game.tictactoe","Tic Tac Toe 2 Player: XO Game","GAME_PUZZLE"
""com.jigfungame.jigsaw.puzzle","JigFun-Jigsaw Puzzle HD Photo","GAME_PUZZLE"
""com.mergegames.gossipharbor","Gossip Harbor: Merge & Story","GAME_PUZZLE"
""find.spot.fun.relax.difference","Find Fun Difference: Spot it!","GAME_PUZZLE"
""com.bbg.one.line.puzzle.games","Line Drawing: No Lift Puzzle","GAME_PUZZLE"
""com.abi.busjam.sortpuzzle","Bus Escape: Traffic Jam","GAME_PUZZLE"
""com.wood.nut.and.bolts.puzzle","Wood Nuts & Bolts Puzzle","GAME_PUZZLE"
""jp.co.goodroid.hyper.nutsandboltssort","Nuts And Bolts Sort","GAME_PUZZLE"
""com.paxiegames.mergestudio","Merge Studio: Fashion Makeover","GAME_PUZZLE"
""com.insbraingames.cryptoscapes.gp","Cryptoscapes - Brain Word Game","GAME_PUZZLE"
""nuts.sort.bolts.master","Nuts Sort Master","GAME_PUZZLE"
""com.bubblepop.cannon.puzzle","Bubble Pop! Cannon Shooter","GAME_PUZZLE"
""com.hide.ball","Hide Ball: Brain Teaser Games","GAME_PUZZLE"
""math.puzzle.games.crossmath.number.puzzles.free","Crossmath - Math Puzzle Games","GAME_PUZZLE"
""com.matchingham.flashback.tricky.riddles","Flashback: Tricky Fun Riddles","GAME_PUZZLE"
""com.fenghenda.mahjong","Mahjong","GAME_PUZZLE"
""com.mathbrain.sudoku","Sudoku Master!","GAME_PUZZLE"
""com.onet.connect.puzzle.match.game.wh","Fantasy Onet - Match Girl Game","GAME_PUZZLE"
""com.AlexandrJanashvili.MultiMaze3D","Multi Maze 3D","GAME_PUZZLE"
""com.n3twork.tetris","Tetris®","GAME_PUZZLE"
""com.deletemaster2.brain.puzzle","Delete Master 2, Brain Puzzle","GAME_PUZZLE"
""com.easybrain.number.puzzle.game","Number Match - Number Games","GAME_PUZZLE"
""com.niuaigo.bubble.shooter","Bubble Shooter Pop - Blast Fun","GAME_PUZZLE"
""com.gimica.sugarmatch","Sugar Rush Adventure","GAME_PUZZLE"
""games.burny.color.sort.woody.puzzle","Colorwood Sort Puzzle Game","GAME_PUZZLE"
""com.tile.match.blockpuzzle","Tile Family®:Match Puzzle Game","GAME_PUZZLE"
""com.maroieqrwlk.unpin","Pull the Pin","GAME_PUZZLE"
""com.gamincat.roomsort","Room Sort - Floor Plan Game","GAME_PUZZLE"
""com.inspiredsquare.jupiter","2248 - Number Games 2048","GAME_PUZZLE"
""com.bubble.shooter.family","Bubble Shooter Family","GAME_PUZZLE"
""park.master.car.parking.games","Car Out: Car Parking Jam Games","GAME_PUZZLE"
""com.playstrom.dop2","DOP 2: Delete One Part","GAME_PUZZLE"
""com.bitmango.go.bubblepop","Bubble Pop! Puzzle Game Legend","GAME_PUZZLE"
""com.gamovation.tileclub","Tile Club - Match Puzzle Game","GAME_PUZZLE"
""com.DifLabs.Differences","Find Differences Search & Spot","GAME_PUZZLE"
""stickman.thief.brain.puzzle","Robber Thief Long Hand Puzzle","GAME_PUZZLE"
""com.playvalve.watersort","Water Sort Puz - Color Game","GAME_PUZZLE"
""com.jctswbglsm.SwipeAway","Tap Away","GAME_PUZZLE"
""com.emoji.fun.puzzle","Emoji Story: Tricky Puzzles","GAME_PUZZLE"
""traffic.parking.jam.escape.car3d.games","Traffic 3D Parking: Car Jam","GAME_PUZZLE"
""com.master.triple3d.find","Triple Match 3D","GAME_PUZZLE"
""com.together.CrazyBus","Bus Mania - Car Parking Jam","GAME_PUZZLE"
""com.balloon.triple.match.master3d.game","Balloon Triple Match: Match 3D","GAME_PUZZLE"
""com.bigcake.android.bpdaily","Block Puzzle","GAME_PUZZLE"
""com.disney.frozensaga_goo","Disney Frozen Free Fall Games","GAME_PUZZLE"
""com.yolo.hiddenobjects","Find Hidden Objects - Spot It!","GAME_PUZZLE"
""com.puzzle1studio.go.brickoutshoottheball","Brick Out - Shoot the ball","GAME_PUZZLE"
""net.peakgames.toonblast","Toon Blast","GAME_PUZZLE"
""ball.sort.puzzle.color.sorting.bubble.games","Ball Sort Puzzle - Color Game","GAME_PUZZLE"
""games.urmobi.found.it","Found It! Hidden Object Game","GAME_PUZZLE"
""com.screw.pin.nuts.bolts.jam.puzzle","Screw Master: Nuts Jam Puzzle","GAME_PUZZLE"
""find.out.hidden.objects.seek.puzzle.games.free","Find It Out - Hidden Object","GAME_PUZZLE"
""com.vitastudio.mahjong","Vita Mahjong","GAME_BOARD"
""com.scopely.monopolygo","MONOPOLY GO!","GAME_BOARD"
""com.pixel.art.coloring.color.number","Happy Color®: Coloring Book","GAME_BOARD"
""paint.by.number.pixel.art.coloring.drawing.puzzle","Paint by Number: Coloring Game","GAME_BOARD"
""air.com.buffalo_studios.newflashbingo","Bingo Blitz™️ - Bingo Games","GAME_BOARD"
""happy.paint.coloring.color.number","Zen Color - Color By Number","GAME_BOARD"
""com.playvalve.dominoes","Dominoes Master: Classic Game","GAME_BOARD"
""com.tapcolor.color.coloring.number.paint.free","Color Oasis - Color by Number","GAME_BOARD"
""and.lihuhu.woober","Woodber - Classic Number Game","GAME_BOARD"
""com.kiwifun.game.android.mahjong","Mahjong Solitaire - Master","GAME_BOARD"
""com.bingo.cruise.free.best.top.game","Bingo Voyage - Live Bingo Game","GAME_BOARD"
""com.tfgco.apps.coloring.free.color.by.number","Color by Number：Coloring Games","GAME_BOARD"
""com.meta.inno.sticker","StickerHub - Mono GO Stickers","GAME_BOARD"
""com.gamovation.mahjongclub","Mahjong Club - Solitaire Game","GAME_BOARD"
""com.iceors.colorbook.release","Coloring Book: Color by Number","GAME_BOARD"
""com.LoopGames.Domino","Dominoes","GAME_BOARD"
""com.mahjong.op.gp","Shanghai Mahjongg","GAME_BOARD"
""com.arcadiastudio.mahjong.puzzle","Arcadia Mahjong","GAME_BOARD"
""com.chess","Chess - Play and Learn","GAME_BOARD"
""com.playvalve.yatzy","Yatzy - Fun Classic Dice Game","GAME_BOARD"
""onet.tile.match.puzzle.android","Onet Puzzle - Tile Match Game","GAME_BOARD"
""mahjong.free.games","Mahjong for Seniors","GAME_BOARD"
""com.bigc.numlink.number.match","NumLink - Number Match Puzzle","GAME_BOARD"
""and.brainworks.nummatch","NumMatch: Logic Puzzle","GAME_BOARD"
""com.mintgames.jigsawmaster","Jigsaw Master - Jigsaw Puzzles","GAME_BOARD"
""com.gamovation.chessclubpilot","Chess - Offline Board Game","GAME_BOARD"
""com.mystery.hidden.objects.find.clue.puzzle.games.free","Hidden Folks: Scavenger Hunt","GAME_BOARD"
""com.playvalve.tm","Tilescapes Match - Puzzle Game","GAME_BOARD"
""com.cooking.bingo.ldkwh","Bingo Frenzy™-Live Bingo Games","GAME_BOARD"
""com.playvalve.tc","Tilescapes - Onnect Match Game","GAME_BOARD"
""spider.classic.solitaire.card.pgmaker","Spider Solitaire","GAME_BOARD"
""com.funcraft.diceyatzy","Dice Yatzy - Classic Fun Game","GAME_BOARD"
""com.paint.by.numbers.coloring.pages.blend.coloring","Adult Sexy Coloring Games","GAME_BOARD"
""com.jetstartgames.chess","Chess","GAME_BOARD"
""coloring.color.number.happy.paint.art.drawing.puzzle","Tap Color Pro: Color By Number","GAME_BOARD"
""com.painting.book.colorme","ColorMe - Painting Book","GAME_BOARD"
""com.yatzy.classic.dice.duel.game","Yatzy GO! Classic Dice Game","GAME_BOARD"
""loppipoppi.dominoes","Dominoes: Classic Dominos Game","GAME_BOARD"
""com.scopely.yux","YAHTZEE With Buddies Dice Game","GAME_BOARD"
""com.ludo.king","Ludo King®","GAME_BOARD"
""com.fiogonia.dominoes","Dominos Game Classic Dominoes","GAME_BOARD"
""com.fairy.tale.happy.paint.by.number.coloring.game","Fairytale Color by number game","GAME_BOARD"
""com.coloring.book.coloring.game.paint.by.number.color.page","Thanksgiving Color By Number","GAME_BOARD"
""com.paint.by.number.pixel.art.coloring.pages","Dark, Horror Color by Number","GAME_BOARD"
""air.ynfo.stickergo","Sticker GO!","GAME_BOARD"
""com.coloring.book.paint.by.number.sing2","Death Park Coloring Games","GAME_BOARD"
""com.color.by.numbers.halloween.painting","Fluid Art:Color By Number","GAME_BOARD"
""com.mandala.pattern.happy.paint.by.number.coloring.game","Mandala Color by Number Book","GAME_BOARD"
""st.ows.chess","Chess Master: Board Game","GAME_BOARD"
""solitaire.arcadegames.freecard.solitaireplus.epic.klodike","Solitaire - Classic Card Game","GAME_BOARD"
""com.pop.happy.art.paint.by.number.coloring.game","Pop Color - Paint by number","GAME_BOARD"
""com.art.pixel.bible.games.paint.color.by.numbers","Bible Color Paint By Number","GAME_BOARD"
""com.coloring.games.color.by.number","Retro Style Coloring Games","GAME_BOARD"
""classic.relax.happy.color.by.number.game","Color Up - Color By Number","GAME_BOARD"
""ru.skillcap.dominoes","Domino - Dominos online game","GAME_BOARD"
""air.com.bitrhymes.bingo","Bingo Bash: Live Bingo Games","GAME_BOARD"
""com.art.pixel.pet.games.paint.color.by.numbers","Macabre Color Paint By Number","GAME_BOARD"
""com.alpg.bingo","Bingo Classic - Bingo Games","GAME_BOARD"
""com.yatzy.blitz.dice.roll.game","Yatzy Blitz: Classic Dice Game","GAME_BOARD"
""com.bigcake.android.classicdominoes","Classic Dominoes: Dominos Game","GAME_BOARD"
""com.coloring.games.paint.by.number.magic.color","Tattoo Coloring games","GAME_BOARD"
""com.godlike.vigormahjong","Vigor Mahjong","GAME_BOARD"
""com.christmas.winter.happy.art.jigsaw.puzzle.free.game","Christmas Jigsaw Puzzle Games","GAME_BOARD"
""mahjong.solitaire.card.games.free.senior.match.puzzle","Mahjong Solitaire Classic Game","GAME_BOARD"
""and.lihuhu.findmatch","Triple Find - Match Triple 3D","GAME_BOARD"
""com.severex.bingo.lottery.number","Bingo Lotto: Win Lucky Number","GAME_BOARD"
""com.mintgames.fancycolorpro","Fancy Color - Paint By Number","GAME_BOARD"
""com.easybrain.chess","Easy Chess - Online Board Game","GAME_BOARD"
""com.weplaydots.twodotsandroid","Two Dots: Fun Dot & Line Games","GAME_BOARD"
""com.mintgames.memorycolor","Memory Color - Paint by Number","GAME_BOARD"
""air.com.spicerackmedia.bingoshowdown","Bingo Showdown - Classic Bingo","GAME_BOARD"
""com.iceors.color.joy","Anima Color for Seniors","GAME_BOARD"
""and.lihuhu.mahjongtriple3d","Mahjong Triple 3D -Tile Match","GAME_BOARD"
""com.mintgames.happyblackcolor","Happy Black Color","GAME_BOARD"
""com.gown.happy.paint.by.number.coloring.game","Gown Color by Number Book","GAME_BOARD"
""com.moonfrog.ludo.club","Ludo Club - Dice & Board Game","GAME_BOARD"
""com.qenegames.gebeta","Mancala Adventures Board Games","GAME_BOARD"
""com.country.farm.happy.paint.coloring.game","Country Farm Coloring Book","GAME_BOARD"
""com.dream.home.house.happy.paint.by.number.coloring.game","Dream Home Coloring book","GAME_BOARD"
""com.paint.by.numbers.color.fun","Anime Cosplay Coloring Pages","GAME_BOARD"
""pl.lukok.draughts","Checkers Online","GAME_BOARD"
""com.coloring.games.color.by.numbers","Graffiti Quote Color by number","GAME_BOARD"
""com.art.pixel.beauty.girl.games.paint.color.by.numbers","Nostalgia Color by number game","GAME_BOARD"
""com.mintgames.adultcoloring","Adult Color - Paint by Number","GAME_BOARD"
""com.coloring.book.paint.by.number.christmas","Christmas Game Color by number","GAME_BOARD"
""solitaire.card.games.klondike.solitaire.classic.free","Solitaire","GAME_BOARD"
""tile.master.connect.matching.game","3 Tiles - Tile Matching Games","GAME_BOARD"
""solitaire.classic.klondike.patience.card.game","Beauty Solitaire - Card Games","GAME_BOARD"
""com.blackcircleapps.christmasbingo","Christmas Bingo Santa's Gifts","GAME_BOARD"
""linkdesks.tile.match.story","Tile Story: Match Puzzle Game","GAME_BOARD"
""com.pop.happy.art.jigsaw.puzzle.free.game","Pop Jigsaw - Jigsaw Puzzles","GAME_BOARD"
""com.dimcoms.checkers","Checkers","GAME_BOARD"
""com.art.pixel.vivid.games.paint.color.by.numbers","Vivid Color Paint By Number","GAME_BOARD"
""com.kiaora.dominoes","Dominoes Classic Dominos Game","GAME_BOARD"
""com.playcus.crosstitchcoloringart","Cross Stitch Coloring Art","GAME_BOARD"
""spider.solitaire.card.bgames","Spider Solitaire Card Game","GAME_BOARD"
""link.merge.puzzle.onnect.number","Tile Connect - Matching Games","GAME_BOARD"
""com.yalla.yallagames","Yalla Ludo - Ludo&Domino","GAME_BOARD"
""com.tilemaster.puzzle.block.match","Tile Master® - Triple Match","GAME_BOARD"
""com.coloring.game.black.app.by.number","Black Family Coloring Games","GAME_BOARD"
""com.bp.app.bpme.global.ros","earnify","TRAVEL_AND_LOCAL"
""com.expedia.bookings","Expedia: Hotels, Flights & Car","TRAVEL_AND_LOCAL"
""com.airbnb.android","Airbnb","TRAVEL_AND_LOCAL"
""com.google.earth","Google Earth","TRAVEL_AND_LOCAL"
""com.vrbo.android","Vrbo Vacation Rentals","TRAVEL_AND_LOCAL"
""com.aa.android","American Airlines","TRAVEL_AND_LOCAL"
""com.united.mobile.android","United Airlines","TRAVEL_AND_LOCAL"
""com.booking","Booking.com: Hotels & Travel","TRAVEL_AND_LOCAL"
""com.delta.mobile.android","Fly Delta","TRAVEL_AND_LOCAL"
""com.upside.consumer.android","Upside: Cash Back - Gas & Food","TRAVEL_AND_LOCAL"
""com.flyfrontier.android","Frontier Airlines","TRAVEL_AND_LOCAL"
""com.southwestairlines.mobile","Southwest Airlines","TRAVEL_AND_LOCAL"
""com.priceline.android.negotiator","Priceline: Hotel, Flight & Car","TRAVEL_AND_LOCAL"
""com.hcom.android","Hotels.com: Travel Booking","TRAVEL_AND_LOCAL"
""com.hilton.android.hhonors","Hilton Honors: Book Hotels","TRAVEL_AND_LOCAL"
""com.marriott.mrt","Marriott Bonvoy: Book Hotels","TRAVEL_AND_LOCAL"
""com.relayrides.android.relayrides","Turo — Car rental marketplace","TRAVEL_AND_LOCAL"
""com.google.android.apps.mapslite","Google Maps Go","TRAVEL_AND_LOCAL"
""com.amtrak.rider","Amtrak","TRAVEL_AND_LOCAL"
""com.sygic.familywhere.android","Find my Phone - Family Locator","TRAVEL_AND_LOCAL"
""com.viator.mobile.android","Viator Tours & Attractions","TRAVEL_AND_LOCAL"
""com.carnival.android","Carnival HUB","TRAVEL_AND_LOCAL"
""com.spirit.customerapp","Spirit Airlines","TRAVEL_AND_LOCAL"
""com.disney.wdw.android","My Disney Experience","TRAVEL_AND_LOCAL"
""com.rccl.royalcaribbean","Royal Caribbean International","TRAVEL_AND_LOCAL"
""com.limebike","Lime - #RideGreen","TRAVEL_AND_LOCAL"
""gov.dhs.cbp.pspd.mpc","Mobile Passport Control","TRAVEL_AND_LOCAL"
""ctrip.english","Trip.com: Book Flights, Hotels","TRAVEL_AND_LOCAL"
""com.pilottravelcenters.mypilot","Pilot: myRewards+","TRAVEL_AND_LOCAL"
""com.flightradar24free","Flightradar24 Flight Tracker","TRAVEL_AND_LOCAL"
""com.alaskaairlines.android","Alaska Airlines - Travel","TRAVEL_AND_LOCAL"
""com.ihg.apps.android","IHG Hotels & Rewards","TRAVEL_AND_LOCAL"
""com.hopper.mountainview.play","Hopper: Hotels, Flights & Cars","TRAVEL_AND_LOCAL"
""com.greyhound.mobile.consumer","Greyhound: Buy Bus Tickets","TRAVEL_AND_LOCAL"
""com.live.earth.map.cam.street.view","Live Earth Map: Street View 3D","TRAVEL_AND_LOCAL"
""com.disney.wdpro.dlr","Disneyland®","TRAVEL_AND_LOCAL"
""gbis.gbandroid","GasBuddy: Find & Pay for Gas","TRAVEL_AND_LOCAL"
""com.ehi.enterprise.android","Enterprise Car Rental","TRAVEL_AND_LOCAL"
""com.universalstudios.orlandoresort","Universal Orlando Resort","TRAVEL_AND_LOCAL"
""com.jetblue.JetBlueAndroid","JetBlue - Book & manage trips","TRAVEL_AND_LOCAL"
""com.grabtaxi.passenger","Grab - Taxi & Food Delivery","TRAVEL_AND_LOCAL"
""com.rover.android","Rover - Dog Boarding & Walking","TRAVEL_AND_LOCAL"
""com.agoda.mobile.consumer","Agoda: Cheap Flights & Hotels","TRAVEL_AND_LOCAL"
""com.tripadvisor.tripadvisor","Tripadvisor: Plan & Book Trips","TRAVEL_AND_LOCAL"
""com.vio.mobileapp","Vio.com: Hotels & travel deals","TRAVEL_AND_LOCAL"
""com.lixar.allegiant","Allegiant","TRAVEL_AND_LOCAL"
""com.mgmresorts.mgmresorts","MGM Rewards","TRAVEL_AND_LOCAL"
""com.nbelapro.pro","Bella Pro","TRAVEL_AND_LOCAL"
""com.fp.cheapoair","CheapOair: Cheap Flight Deals","TRAVEL_AND_LOCAL"
""com.tollway","Illinois Tollway","TRAVEL_AND_LOCAL"
""net.skyscanner.android.main","Skyscanner Flights Hotels Cars","TRAVEL_AND_LOCAL"
""com.google.android.apps.maps","Google Maps","TRAVEL_AND_LOCAL"
""com.hertz.android.digital","Hertz Rent-a-Car Deals - Easy!","TRAVEL_AND_LOCAL"
""com.trivago","trivago: Compare hotel prices","TRAVEL_AND_LOCAL"
""com.getyourguide.android","GetYourGuide: Travel & Tickets","TRAVEL_AND_LOCAL"
""de.flixbus.app","FlixBus: Book Bus Tickets","TRAVEL_AND_LOCAL"
""com.mobillium.airalo","Airalo: eSIM Travel & Internet","TRAVEL_AND_LOCAL"
""com.volaris.android","Volaris","TRAVEL_AND_LOCAL"
""co.bird.android","Bird — Ride Electric","TRAVEL_AND_LOCAL"
""com.avis.androidapp","Avis Car Rental","TRAVEL_AND_LOCAL"
""com.clearme.clearapp","CLEAR - Travel & Experiences","TRAVEL_AND_LOCAL"
""com.kayak.android","KAYAK: Flights, Hotels & Cars","TRAVEL_AND_LOCAL"
""coocent.app.tools.light.flashlight","Bright LED Flashlight","TRAVEL_AND_LOCAL"
""info.mta.mymta","The Official MTA App","TRAVEL_AND_LOCAL"
""com.Hyatt.hyt","World of Hyatt","TRAVEL_AND_LOCAL"
""com.Sunpass.Sunpass_Android","SunPass","TRAVEL_AND_LOCAL"
""com.ncl.bge","Cruise Norwegian – NCL","TRAVEL_AND_LOCAL"
""com.p66.b2c.stationfinder.p66","Fuel Forward","TRAVEL_AND_LOCAL"
""com.klook","Klook: Travel, Hotels, Leisure","TRAVEL_AND_LOCAL"
""com.wyndhamhotelgroup.wyndhamrewards","Wyndham Hotels & Resorts","TRAVEL_AND_LOCAL"
""com.saily.android","Saily: An eSIM travel app","TRAVEL_AND_LOCAL"
""com.jabamaguest","جاباما | اجاره ویلا و اقامتگاه","TRAVEL_AND_LOCAL"
""co.piontech.mobile.phone.number.locator","Mobile Number Locator","TRAVEL_AND_LOCAL"
""com.choicehotels.android","Choice Hotels","TRAVEL_AND_LOCAL"
""com.prioritypass3","Priority Pass™","TRAVEL_AND_LOCAL"
""com.sixflags.android","Six Flags","TRAVEL_AND_LOCAL"
""com.flightaware.android.liveFlightTracker","FlightAware Flight Tracker","TRAVEL_AND_LOCAL"
""com.seaworld.mobile","SeaWorld","TRAVEL_AND_LOCAL"
""com.universalstudios.hollywoodresort","Universal Studios Hollywood","TRAVEL_AND_LOCAL"
""pm.spin","Spin - Electric Scooters","TRAVEL_AND_LOCAL"
""com.pgt.veoride","Veo - Shared Electric Vehicles","TRAVEL_AND_LOCAL"
""gov.nps.mobileapp","National Park Service","TRAVEL_AND_LOCAL"
""com.caesars.playbytr","Caesars Rewards Resort Offers","TRAVEL_AND_LOCAL"
""com.erudite.translator","Instant Voice Translate","TRAVEL_AND_LOCAL"
""com.mobikasaba.carlaandroid","Carla Book Instantly Pay Later","TRAVEL_AND_LOCAL"
""com.rvlife.rvlife","RV LIFE - RV GPS & Campgrounds","TRAVEL_AND_LOCAL"
""gov.dhs.cbp.pspd.gem","Global Entry","TRAVEL_AND_LOCAL"
""com.flybreeze.booking","Breeze Airways","TRAVEL_AND_LOCAL"
""com.m.qr","Qatar Airways","TRAVEL_AND_LOCAL"
""com.budget.androidapp","Budget Car Rental","TRAVEL_AND_LOCAL"
""com.lufthansa.android.lufthansa","Lufthansa","TRAVEL_AND_LOCAL"
""com.tokentransit.tokentransit","Token Transit","TRAVEL_AND_LOCAL"
""com.rccl.celebrity","Celebrity Cruises","TRAVEL_AND_LOCAL"
""gov.ca.dmv.wallet","CA DMV Wallet","TRAVEL_AND_LOCAL"
""com.wanderlog.android","Wanderlog - Trip Planner App","TRAVEL_AND_LOCAL"
""com.msccruises.mscforme","MSC for Me","TRAVEL_AND_LOCAL"
""com.buschgardens.mobile","Busch Gardens","TRAVEL_AND_LOCAL"
""gov.ny.its.nysparks","NY State Parks Explorer","TRAVEL_AND_LOCAL"
""com.going.mobile","Going: Find Flight Deals","TRAVEL_AND_LOCAL"
""com.hoteltonight.android.prod","HotelTonight: Hotel Deals","TRAVEL_AND_LOCAL"
""me.lyft.android","Lyft","MAPS_AND_NAVIGATION"
""com.maps.locator.gps.gpstracker.phone","Phone Tracker and GPS Location","MAPS_AND_NAVIGATION"
""com.ubercab","Uber - Request a ride","MAPS_AND_NAVIGATION"
""com.locationshare.family.phone","Phone Locator: Family Location","MAPS_AND_NAVIGATION"
""com.waze","Waze Navigation & Live Traffic","MAPS_AND_NAVIGATION"
""com.phonetracker.location.share","Phone Tracker","MAPS_AND_NAVIGATION"
""com.thetransitapp.droid","Transit • Subway & Bus Times","MAPS_AND_NAVIGATION"
""com.gps.location.live.earth.map.diriving.direction.weather.voice.navigation","Live Earth Map & GPS Map","MAPS_AND_NAVIGATION"
""com.jvstudios.gpstracker","GPS+ Maps, Navigation, Traffic","MAPS_AND_NAVIGATION"
""com.tranzmate","Moovit: Bus & Train Schedules","MAPS_AND_NAVIGATION"
""com.rstech.maps.gps.route.finder.number.location.tracker.directions.maps.gpsarea.navigation.compass","GPS Navigation, Map Directions","MAPS_AND_NAVIGATION"
""com.sharlocation.friend.family","Location Share","MAPS_AND_NAVIGATION"
""gps.speedometer.gpsspeedometer.odometer","Speedometer: GPS Speedometer","MAPS_AND_NAVIGATION"
""com.gps.phonelocation.tracker.locatorsharing.maps","GPS Location Tracker for Phone","MAPS_AND_NAVIGATION"
""sinet.startup.inDriver","inDrive. Save on city rides","MAPS_AND_NAVIGATION"
""gps.speedometer.digihud.odometer","GPS Speedometer - Odometer App","MAPS_AND_NAVIGATION"
""com.appscourt.livestreetview.gps.maps.travelnavigation.apps","Live Satellite View GPS Map","MAPS_AND_NAVIGATION"
""com.webmarketing.exxonmpl","Exxon Mobil Rewards+","MAPS_AND_NAVIGATION"
""com.tmt.gpsnavigation.satellitemap.driving.routefinder","Live Earth Map- Satellite View","MAPS_AND_NAVIGATION"
""com.waymo.carapp","Waymo One","MAPS_AND_NAVIGATION"
""onxmaps.offroad","onX Offroad: Trail Maps & GPS","MAPS_AND_NAVIGATION"
""com.qtonz.locationgps.phonetracker","Phone Number Tracker 2024","MAPS_AND_NAVIGATION"
""com.parkwhiz.driverApp","ParkWhiz -- Parking App","MAPS_AND_NAVIGATION"
""com.radarapp.trip.speedometer","Offline Maps, GPS, Speedometer","MAPS_AND_NAVIGATION"
""com.voice.gps.driving.directions.gps.navigation.maps.location","Voice GPS & Driving Directions","MAPS_AND_NAVIGATION"
""ee.mtakso.client","Bolt: Request a Ride","MAPS_AND_NAVIGATION"
""org.rajman.neshan.traffic.tehran.navigator","نشان | نقشه و مسیریاب Neshan","MAPS_AND_NAVIGATION"
""liveearthmap.liveearthcam.livestreetview","Live Earth Map HD - Live Cam","MAPS_AND_NAVIGATION"
""navigation.location.maps.finder.directions.gps.gpsroutefinder","GPS Navigation Maps Directions","MAPS_AND_NAVIGATION"
""com.roadie.drive.android.app","Roadie Driver","MAPS_AND_NAVIGATION"
""com.voice.navigation.driving.voicegps.map.directions","GPS Voice Navigation: Live Map","MAPS_AND_NAVIGATION"
""com.spothero.spothero","SpotHero - Find Parking","MAPS_AND_NAVIGATION"
""com.radar.offlinemap.radarapp","Radar - Speed Camera Detector","MAPS_AND_NAVIGATION"
""com.coulombtech","ChargePoint","MAPS_AND_NAVIGATION"
""com.didiglobal.passenger","DiDi Rider: Affordable rides","MAPS_AND_NAVIGATION"
""com.streetview.liveearthview.mapsnavigation.gpsfinder","Street View Earth Map Live GPS","MAPS_AND_NAVIGATION"
""com.gpsmaps.streetview.gpsnavigation.live.routefinder","GPS Satellite View: Live Maps","MAPS_AND_NAVIGATION"
""com.gpsearth.maphd.view3d.livesatellite.route.finderfree.navigation","Live Satellite View, GPS Maps","MAPS_AND_NAVIGATION"
""com.sixdays.truckerpath","Trucker Path: Truck GPS & Fuel","MAPS_AND_NAVIGATION"
""com.njtransit.njtapp","NJ TRANSIT Mobile App","MAPS_AND_NAVIGATION"
""com.mta.mobileapp","MTA TrainTime","MAPS_AND_NAVIGATION"
""com.gps.map.navigation.tracker.location.compass.handy","GPS Navigation - Route Finder","MAPS_AND_NAVIGATION"
""apps.r.compass","Compass: Accurate Compass","MAPS_AND_NAVIGATION"
""com.passportparking.mobile","Passport Parking","MAPS_AND_NAVIGATION"
""com.theparkingspot.tpscustomer","The Parking Spot","MAPS_AND_NAVIGATION"
""com.live.streetview.map","Street View Live Map Satellite","MAPS_AND_NAVIGATION"
""com.goxradar.hudnavigationapp21","Radar GO-X: HUD, GPS, Maps","MAPS_AND_NAVIGATION"
""com.mudflap.mudflap","Mudflap","MAPS_AND_NAVIGATION"
""com.nyctrans.it","MyTransit NYC Subway & MTA Bus","MAPS_AND_NAVIGATION"
""com.locator.gps.trackinglocation","Phone Location Tracker via GPS","MAPS_AND_NAVIGATION"
""phonetracker.locationtracker.gpstracker.familylocator","Phone Tracker: Phone Locator","MAPS_AND_NAVIGATION"
""com.navigationstreet.liveearthmap.liveearthcam.livestreetview.areafinder.gps.maps.travelnavigation","Live Satellite View Earth Map","MAPS_AND_NAVIGATION"
""com.loveland.pr","The Regrid Property App","MAPS_AND_NAVIGATION"
""com.yandex.yango","Yango — different from a taxi","MAPS_AND_NAVIGATION"
""com.reportallusa.landglide","LandGlide: GPS Property Finder","MAPS_AND_NAVIGATION"
""com.live.street.view.streetview.maps.gps.navigation.route.finder.gpsnav","Mobile Number Locator App","MAPS_AND_NAVIGATION"
""com.live.earthmap.streetview.livecam","Live Earth Map - World Map 3D","MAPS_AND_NAVIGATION"
""com.maps.android.trafficradarapp","Map Drive - Radar, Speedometer","MAPS_AND_NAVIGATION"
""com.vialsoft.radarbot_free","Radarbot Speed Camera Detector","MAPS_AND_NAVIGATION"
""com.webcam.streaming.live","Live Street Camera View","MAPS_AND_NAVIGATION"
""com.citymapper.app.release","Citymapper","MAPS_AND_NAVIGATION"
""com.ea.evowner","Electrify America","MAPS_AND_NAVIGATION"
""com.xatori.Plugshare","PlugShare - EV & Tesla Map","MAPS_AND_NAVIGATION"
""com.astraler.android.landparcels","LandMap: Property Line Finder","MAPS_AND_NAVIGATION"
""com.maps.radar.navigation.android2023","MapXplorer: Navigation, Radar","MAPS_AND_NAVIGATION"
""map.ly.gps.navigation.route.planer","GPS Navigation Route Finder","MAPS_AND_NAVIGATION"
""com.mapcord.gps.coordinates","GPS Coordinates Locator Map","MAPS_AND_NAVIGATION"
""io.apptitude.premiumparking","Premium Parking","MAPS_AND_NAVIGATION"
""com.Avenza","Avenza Maps: Offline Mapping","MAPS_AND_NAVIGATION"
""org.valleymetro.app","Valley Metro","MAPS_AND_NAVIGATION"
""com.norta.lepass","Le Pass","MAPS_AND_NAVIGATION"
""com.rosteam.gpsemulator","GPS Emulator","MAPS_AND_NAVIGATION"
""com.negroni.android.radar.maps.app","Radar Map, Radar Detector, HUD","MAPS_AND_NAVIGATION"
""livestreetview.gpsnavigation.liveearthmap","Live Street View - Earth Map","MAPS_AND_NAVIGATION"
""com.driving.guide.earth.navigationmap.trackingfree","GPS Earth Maps Live Navigation","MAPS_AND_NAVIGATION"
""com.navigationstreet.areafinder.livemaps.earthview.free","GPS Satellite Maps: Live Earth","MAPS_AND_NAVIGATION"
""com.tmobile.syncuptag","SyncUP TRACKER","MAPS_AND_NAVIGATION"
""com.gps.speedometer.odometer.speedtracker.pedometer.stepcounter","Speedometer - Odometer App","MAPS_AND_NAVIGATION"
""com.think.earth","Earth 3D Map","MAPS_AND_NAVIGATION"
""com.ridecharge.android.taximagic","Curb - Request & Pay for Taxis","MAPS_AND_NAVIGATION"
""com.dena.automotive.taxibell","GO / Taxi app for Japan","MAPS_AND_NAVIGATION"
""com.mapquest.android.ace","MapQuest: Get Directions","MAPS_AND_NAVIGATION"
""com.roadwarrior.android","RoadWarrior Route Planner","MAPS_AND_NAVIGATION"
""fakegps.fakelocation.mocklocation.gpsfaker","FlashGo: Fake GPS Location","MAPS_AND_NAVIGATION"
""com.raa.gps.maps.voice.navigation.location.traffic.route.driving.directions","GPS Route Maps & Navigation","MAPS_AND_NAVIGATION"
""com.truckerguide.droid","Trucker Guide: Navigation Tool","MAPS_AND_NAVIGATION"
""com.raisingapps.gpsroutefind.tracklocation.nearplaces","GPS Location, Maps, Navigation","MAPS_AND_NAVIGATION"
""shandy.radar.map.hud.navigation","Radar, HUD, Map, Speed Camera","MAPS_AND_NAVIGATION"
""com.sygic.aura","Sygic GPS Navigation & Maps","MAPS_AND_NAVIGATION"
""com.gps.maps.voicenavigation.routefinder.numberlocator","GPS, Voice Navigation live Map","MAPS_AND_NAVIGATION"
""com.live.earth.map.satellite.map.view.driving.directions.navigation","Earth Map Satellite: View Live","MAPS_AND_NAVIGATION"
""com.macropoint.application","MacroPoint for Truckers","MAPS_AND_NAVIGATION"
""live.camera.earthcam.street.view.world.map","Live Earth Cam - Street View","MAPS_AND_NAVIGATION"
""com.live.voice.navigation.driving.directions.gps.maps","GPS, Maps Driving Directions","MAPS_AND_NAVIGATION"
""com.careem.acma","Careem – rides, food & more","MAPS_AND_NAVIGATION"
""com.yellowishdev.hyrecarandroid","HyreCar Driver - Gig Rentals","MAPS_AND_NAVIGATION"
""dk.unwire.projects.dart","GoPass ®","MAPS_AND_NAVIGATION"
""com.gpsmaps.navigation.streetview.live.earthmap","GPS Navigation Live Earth Map","MAPS_AND_NAVIGATION"
""com.gss.street.view.gps.map","Street View Live 3D GPS Map","MAPS_AND_NAVIGATION"
""com.thetrainline","Trainline: Train travel Europe","MAPS_AND_NAVIGATION"
""com.whatsapp","WhatsApp Messenger","ANDROID_WEAR"
""com.google.android.apps.messaging","Google Messages","ANDROID_WEAR"
""com.spotify.music","Spotify: Music and Podcasts","ANDROID_WEAR"
""com.google.android.apps.walletnfcrel","Google Wallet","ANDROID_WEAR"
""com.radio.pocketfm","Pocket FM: Audio Series","ANDROID_WEAR"
""com.audible.application","Audible: Audio Entertainment","ANDROID_WEAR"
""onxmaps.hunt","onX Hunt: GPS Hunting Maps","ANDROID_WEAR"
""com.amazon.mp3","Amazon Music: Songs & Podcasts","ANDROID_WEAR"
""com.clearchannel.iheartradio.controller","iHeart: Music, Radio, Podcasts","ANDROID_WEAR"
""com.soundcloud.android","SoundCloud: Play Music & Songs","ANDROID_WEAR"
""com.google.android.apps.chromecast.app","Google Home","ANDROID_WEAR"
""com.shazam.android","Shazam: Find Music & Concerts","ANDROID_WEAR"
""com.google.android.apps.photos","Google Photos","ANDROID_WEAR"
""com.callapp.contacts","CallApp: Caller ID & Block","ANDROID_WEAR"
""com.google.android.apps.youtube.music","YouTube Music","ANDROID_WEAR"
""com.microsoft.office.outlook","Microsoft Outlook","ANDROID_WEAR"
""org.iggymedia.periodtracker","Flo Period & Pregnancy Tracker","ANDROID_WEAR"
""com.google.android.contacts","Contacts","ANDROID_WEAR"
""com.audiomack","Audiomack: Music Downloader","ANDROID_WEAR"
""com.google.android.calendar","Google Calendar","ANDROID_WEAR"
""com.truecaller","Truecaller: AI Call Blocker","ANDROID_WEAR"
""com.calm.android","Calm - Sleep, Meditate, Relax","ANDROID_WEAR"
""com.myfitnesspal.android","MyFitnessPal: Calorie Counter","ANDROID_WEAR"
""com.google.android.keep","Google Keep - Notes and Lists","ANDROID_WEAR"
""com.hrd.iam","I am - Daily affirmations","ANDROID_WEAR"
""com.google.android.apps.fitness","Google Fit: Activity Tracking","ANDROID_WEAR"
""com.alltrails.alltrails","AllTrails: Hike, Bike & Run","ANDROID_WEAR"
""com.toyota.oneapp","Toyota","ANDROID_WEAR"
""com.acmeaom.android.myradar","MyRadar Weather Radar","ANDROID_WEAR"
""com.google.android.inputmethod.latin","Gboard - the Google Keyboard","ANDROID_WEAR"
""com.fitbit.FitbitMobile","Fitbit","ANDROID_WEAR"
""com.strava","Strava: Run, Bike, Hike","ANDROID_WEAR"
""com.accuweather.android","AccuWeather: Weather Radar","ANDROID_WEAR"
""com.stuzo.chevron","Chevron","ANDROID_WEAR"
""com.google.android.gm","Gmail","ANDROID_WEAR"
""com.coffeebeanventures.easyvoicerecorder","Easy Voice Recorder","ANDROID_WEAR"
""jp.naver.line.android","LINE: Calls & Messages","ANDROID_WEAR"
""com.samsung.android.oneconnect","SmartThings","ANDROID_WEAR"
""todolist.scheduleplanner.dailyplanner.todo.reminders","To-Do List - Schedule Planner","ANDROID_WEAR"
""com.flightradar24free","Flightradar24 Flight Tracker","ANDROID_WEAR"
""com.fourtechnologies.mynetdiary.ad","Calorie Counter - MyNetDiary","ANDROID_WEAR"
""com.google.android.dialer","Phone by Google","ANDROID_WEAR"
""com.walkfit.weightloss.steptracker.pedometer","Weight Loss Walking: WalkFit","ANDROID_WEAR"
""com.fitbod.fitbod","Fitbod: Workout & Gym Planner","ANDROID_WEAR"
""wearos.smart.watch.bt.sync.notifier","Watch Sync App - BT Notifier","ANDROID_WEAR"
""com.popularapp.periodcalendar","Period Calendar Period Tracker","ANDROID_WEAR"
""com.ifs.banking.fiid1369","Fulton Bank Mobile","ANDROID_WEAR"
""com.windyty.android","Windy.com - Weather Forecast","ANDROID_WEAR"
""com.hrd.vocabulary","Vocabulary - Learn words daily","ANDROID_WEAR"
""com.welltory.client.android","Welltory: Heart Rate Monitor","ANDROID_WEAR"
""com.hrd.motivation","Motivation - Daily quotes","ANDROID_WEAR"
""com.cronometer.android.gold","Calorie Counter by Cronometer","ANDROID_WEAR"
""com.sofascore.results","Sofascore - Live sports scores","ANDROID_WEAR"
""com.google.android.apps.maps","Google Maps","ANDROID_WEAR"
""com.coulombtech","ChargePoint","ANDROID_WEAR"
""com.aligntech.myinvisalign","My Invisalign - Official App","ANDROID_WEAR"
""com.sec.android.app.sbrowser","Samsung Internet Browser","ANDROID_WEAR"
""com.google.android.deskclock","Clock","ANDROID_WEAR"
""com.habitrpg.android.habitica","Habitica: Gamify Your Tasks","ANDROID_WEAR"
""com.stationdm.bluelink","MyHyundai with Bluelink","ANDROID_WEAR"
""com.nissan.mynissan","MyNISSAN®","ANDROID_WEAR"
""com.myuvo.link","Kia Access","ANDROID_WEAR"
""apps.r.compass","Compass: Accurate Compass","ANDROID_WEAR"
""calendar.agenda.calendarplanner.agendaplanner","Calendar Planner - Agenda App","ANDROID_WEAR"
""com.verisign.mvip.main","VIP Access","ANDROID_WEAR"
""com.mobilefootie.wc2010","FotMob - Soccer Live Scores","ANDROID_WEAR"
""de.komoot.android","komoot - hike, bike & run","ANDROID_WEAR"
""com.handcent.app.nextsms","Handcent Next SMS messenger","ANDROID_WEAR"
""deezer.android.app","Deezer: Music & Podcast Player","ANDROID_WEAR"
""com.jeremysteckling.facerrel","Facer Watch Faces","ANDROID_WEAR"
""com.ua.makeev.antitheft","Find My: Phone, Watch, Earbuds","ANDROID_WEAR"
""com.fca.myconnect.nafta","Jeep®","ANDROID_WEAR"
""com.endel.endel","Endel: Focus, Relax & Sleep","ANDROID_WEAR"
""com.google.android.wearable.app","Wear OS by Google Smartwatch","ANDROID_WEAR"
""com.digitalinsight.cma.fiid01685","FNBT & FCB Mobile","ANDROID_WEAR"
""com.rabbl.blinq","Blinq - Digital Business Card","ANDROID_WEAR"
""com.todoist","Todoist: Planner & Calendar","ANDROID_WEAR"
""apps.r.calculator","Calculator","ANDROID_WEAR"
""com.citymapper.app.release","Citymapper","ANDROID_WEAR"
""com.kakao.talk","KakaoTalk : Messenger","ANDROID_WEAR"
""com.burockgames.timeclocker","Screen Time - StayFree","ANDROID_WEAR"
""com.squarevalley.i8birdies","18Birdies Golf GPS Rangefinder","ANDROID_WEAR"
""io.homeassistant.companion.android","Home Assistant","ANDROID_WEAR"
""com.hevy","Hevy - Gym Log Workout Tracker","ANDROID_WEAR"
""com.nike.plusgps","Nike Run Club - Running Coach","ANDROID_WEAR"
""com.kraftwerk9.rokie","Remote Control for Roku","ANDROID_WEAR"
""io.a24go.android.dev","24GO by 24 Hour Fitness","ANDROID_WEAR"
""com.infinitygames.loopenergy","Energy: Anti-Stress Loops","ANDROID_WEAR"
""com.onepeloton.callisto","Peloton - Fitness & Workouts","ANDROID_WEAR"
""com.watchfacestudio.v12","TOP GUN - hybrid watch face","ANDROID_WEAR"
""com.bshg.homeconnect.android.release.na","Home Connect (America)","ANDROID_WEAR"
""com.watch.face.wallpaper","Watch Face Wallpaper","ANDROID_WEAR"
""com.arlosoft.macrodroid","MacroDroid - Device Automation","ANDROID_WEAR"
""com.ticktick.task","TickTick:To Do List & Calendar","ANDROID_WEAR"
""com.recreative.outdoor","Outdoor - Mountain & Sea","ANDROID_WEAR"
""com.geozilla.family","GeoZilla - Find My Family","ANDROID_WEAR"
""au.com.shiftyjelly.pocketcasts","Pocket Casts - Podcast Player","ANDROID_WEAR"
""com.lexus.oneapp","Lexus","ANDROID_WEAR"
""com.fiton.android","FitOn Workouts & Fitness Plans","ANDROID_WEAR"
""com.kmshack.onewallet","ONEWallet - Cards Wallet","ANDROID_WEAR"
""easy.launcher","Easy Homescreen","PERSONALIZATION"
""com.gswave.paperwall.design.studio","3D Wave Scapes","PERSONALIZATION"
""com.AI.Generated.kylian.Wallpapers","Walli","PERSONALIZATION"
""com.lutech.doorlock","Zipper Lock Screen Wallpapers","PERSONALIZATION"
""com.clean.fast.launcher","Fast Launcher","PERSONALIZATION"
""net.zedge.android","Zedge™ Wallpapers & Ringtones","PERSONALIZATION"
""com.iconchanger.widget.theme.shortcut","Themepack - App Icons, Widgets","PERSONALIZATION"
""com.applock.launcher","Shield: Antivirus Home Screen","PERSONALIZATION"
""com.esame.phonefinder","Find Phone by Clap, Whistle","PERSONALIZATION"
""com.voicechanger.voiceeffect.audiorecorder.funnysound","Voice Changer & Sound Effects","PERSONALIZATION"
""com.bigkeyboardeasylauncher.biggerkeybuttonandroidlauncherapp","Big Keyboard: Easy Launcher","PERSONALIZATION"
""com.texting.chatting.homescreen","Connect SMS Home Screen","PERSONALIZATION"
""com.tools.control.center.simplecontrol","Control Center Simple","PERSONALIZATION"
""com.themekit.lite.widgets.themes","ThemePro - Widget & Wallpaper","PERSONALIZATION"
""com.flashlight.flashalert.ledflashlight","Flash Alert on Call SMS, Noti","PERSONALIZATION"
""com.simejikeyboard","Facemoji AI Emoji Keyboard","PERSONALIZATION"
""com.ikeyboard.theme.neon.love","Neon Love Theme","PERSONALIZATION"
""com.themekit.widgets.themes","ThemeKit - Themes & Widgets","PERSONALIZATION"
""com.lutech.theme","Themes - Wallpapers & Widgets","PERSONALIZATION"
""yoshion.pictures.jigsaw","Yoshion - Pic Collage Maker","PERSONALIZATION"
""com.swedai.ai.wallpapers.art.background.anime_wallpaper.aiphoto","4K Wallpapers - Live Wallpaper","PERSONALIZATION"
""com.lutech.lockscreencustomizer","Zipper Lock Screen - Zip Lock","PERSONALIZATION"
""us.current.android","Make Money: Play & Earn Cash","PERSONALIZATION"
""com.ikeyboard.theme.pinkcutehippo","Pink Cute Hippo Theme","PERSONALIZATION"
""com.coolguy.desktoppet","Pixel Shimeji - Desktop Pet","PERSONALIZATION"
""com.wallpaperscraft.wallpaperscraft_parallax","3D Live Wallpapers 4D video 4K","PERSONALIZATION"
""com.miraculous.wallpapers.fatepo","Miraculous Wallpapers","PERSONALIZATION"
""com.babydola.launcherios","Launcher OS™","PERSONALIZATION"
""com.bestapp.entertainment.ringsfree","Android Ringtone Songs","PERSONALIZATION"
""com.launcher.light.theme3d","Live Launcher Lite-3Dwallpaper","PERSONALIZATION"
""com.zipperlock.hdwallpaper","Zipper Wallpaper: Lock Screen","PERSONALIZATION"
""com.lutech.callcolor","Color Phone Call Screen Theme","PERSONALIZATION"
""com.atlantis.launcher","DNA Launcher","PERSONALIZATION"
""com.ezt.lockscreen.draw","Lockscreen Drawing","PERSONALIZATION"
""com.calltheme.colorcall.callscreen.calleffect.callflash","Color Call Theme, Call Screen","PERSONALIZATION"
""aquarium.live.wallpaper.keyboard","Aquarium 3D Live Wallpaper 4K","PERSONALIZATION"
""com.batterycharging.artcharginganimation.chargermaster","Set Battery Charging Animation","PERSONALIZATION"
""com.flashkeyboard.leds","LED Keyboard: Colorful Backlit","PERSONALIZATION"
""id.highfivestudio.stitchbluekoala","Cute Blue Koala Wallpaper HD","PERSONALIZATION"
""com.godhitech.phonefinder.claptofind.antitheft","FiMe: Find Phone By Clap Hand","PERSONALIZATION"
""com.an.livewallpaper.magicfluid.brokenscreen","Magic Wallpaper: Broken Screen","PERSONALIZATION"
""ryouab.pixlayer.wallpaper.giestc","PixLayer","PERSONALIZATION"
""qaz.sillysmiles.livewallpapers","Silly Smiles Live Wallpapers","PERSONALIZATION"
""com.qlsmobile.chargingshow","Pika! Charging show","PERSONALIZATION"
""cool.fonts.symbol.keyboard.custom.fancy.text.editor","Fonts Art: Cute Keyboard Font","PERSONALIZATION"
""com.uxto.gcd","Greeting Card Design","PERSONALIZATION"
""com.wallpaperscraft.wallpaper","Wallpaper 4K HD – Wallcraft","PERSONALIZATION"
""wallpaper.hd.live.background","HD Live Wallpaper Background","PERSONALIZATION"
""com.findmyphone.trackmyphone.phonelocator","Find My Phone: Phone Locator","PERSONALIZATION"
""com.screen.hipsters.re","Screen hipsters:wallpaper HD","PERSONALIZATION"
""com.bigsoft.clap.myphone","Find Phone by Clap, Whistle","PERSONALIZATION"
""com.fp.stickerbox","Sticker Box, WASticker Maker","PERSONALIZATION"
""com.claptofind.phone.find.lostphone.by.clap.whistle","Find My Phone By Clap, Whistle","PERSONALIZATION"
""com.glitter.sparkle.diamond.wallpapers.backgrounds.uhd4k","Glitter Wallpaper","PERSONALIZATION"
""com.hd.live.wallpaper.hd.parallax","Wallpo: 3D live wallpaper","PERSONALIZATION"
""fonts.keyboard.fontboard.stylish","Fonts Keyboard Themes & Emoji","PERSONALIZATION"
""com.applabstudios.ai.mail.homescreen.inbox","AI Mail Home","PERSONALIZATION"
""com.remi.keyboard.keyboardtheme","Keyboard Maker: Keyboard Theme","PERSONALIZATION"
""com.clockwallpaper.neonclock.colorfullclock.livewallpaper","Neon Clock Wallpaper","PERSONALIZATION"
""com.shanga.walli","Walli - Stunning Wallpapers","PERSONALIZATION"
""com.fc.p.bk.wifi.passwordshow.wifimaster.wifikey","Wifi Password Show: Master Key","PERSONALIZATION"
""com.battery.charging.animation.screen","Battery Charging Animation App","PERSONALIZATION"
""helectronsoft.com.grubl.live.wallpapers3d","GRUBL™ 4D Live Wallpapers + AI","PERSONALIZATION"
""com.mhlhdmi.two","USB Screen Share - Phone to TV","PERSONALIZATION"
""com.animewallpapers4K.STUDIOLOVE","Anime Wallpapers 4K Live","PERSONALIZATION"
""com.emojimaker.emoji.sticker.mix","Emoji Maker: DIY Emoji Merge","PERSONALIZATION"
""com.ezworldapp.fluidwallpaper","Magic Fluid: 4D Live Wallpaper","PERSONALIZATION"
""com.teslacoilsw.launcher","Nova Launcher","PERSONALIZATION"
""com.fancystudiomods.mobmods","Morph & Mobs Mod For Minecraft","PERSONALIZATION"
""com.mediapro.entertainment.freeringtone","Music ringtones for android","PERSONALIZATION"
""com.live.theme.launcher","Live Launcher","PERSONALIZATION"
""com.eco.iconchanger.themes","Theme, Widget & Icon changer","PERSONALIZATION"
""com.thmobile.transparentwallpaper","Transparent Wallpaper","PERSONALIZATION"
""com.finder.phone.by.clap.findphone.lostphone","Find My Phone by Clap, Flash","PERSONALIZATION"
""com.wallpaper3d.parallax.hd","Wallpaper 3D Live","PERSONALIZATION"
""com.phonefinder.byclap.findphone","Find my Phone - Clap, Whistle","PERSONALIZATION"
""com.magicwallpaper.fluidwallpaper.livewallpaper","Magic Wallpaper-Fluid&Live","PERSONALIZATION"
""com.pixelkraft.edgelightcolors","EDGE Lighting -LED Borderlight","PERSONALIZATION"
""com.xiaoyu.hlight","HappyLighting","PERSONALIZATION"
""com.wallpaper.express.daily","Cute Wallpapers Cool Wallpaper","PERSONALIZATION"
""com.locker.lockscreen.os12","Lock Screen, Widgets - YoLock","PERSONALIZATION"
""livewallpaper.wallpapers.animewallpaper","Live Wallpaper - 4K Background","PERSONALIZATION"
""com.findphone.byclapping.finder","Clap to Find Phone with Flash","PERSONALIZATION"
""helectronsoft.com.live.wallpaper.pixel4d","Pixel 4D™ Live Wallpapers","PERSONALIZATION"
""yuh.yuh.finelock","Fine Lock (only for Samsung)","PERSONALIZATION"
""com.touchtype.swiftkey","Microsoft SwiftKey AI Keyboard","PERSONALIZATION"
""com.live.fluidwallpaper.magicapp.simulator","4D Wallpaper: Fluid Simulation","PERSONALIZATION"
""hd.uhd.live.wallpapers.topwallpapers","Live Wallpapers, 4K Wallpapers","PERSONALIZATION"
""evil.eyes.wallpaper.live.keyboard","Evil Eyes Wallpapers","PERSONALIZATION"
""com.lite.themes.wallpaper.icon","ThemeBox-wallpaper&widget","PERSONALIZATION"
""com.football4k.wallpaper","Football Wallpaper HD 4K","PERSONALIZATION"
""com.digital.analog.antique.clockwally","Smart Watch - Clock Wallpaper","PERSONALIZATION"
""com.fontskeyboard.fonts","Fonts Keyboard","PERSONALIZATION"
""com.clap.find.phone.find.lostphone.by.clap","Find My Phone By Clap, Whistle","PERSONALIZATION"
""com.keyboard.fontskeyboard.fonts.emoji","Keyboard Font & Keyboard Theme","PERSONALIZATION"
""widgetheme.icon.wallpaper.widgetsart","Widgets Art - Wallpaper, Theme","PERSONALIZATION"
""com.remi.widget","Widget 2024: Aesthetic Widgets","PERSONALIZATION"
""com.lbe.parallel.intl","Parallel Space - app cloning","PERSONALIZATION"
""com.catlanguage.diycat.catwallpaper","DIY Cat Language Wallpaper","PERSONALIZATION"
""com.bblab.nokia.launcher","Retro Nokia Phone Launcher","PERSONALIZATION"
""com.google.android.apps.youtube.kids","YouTube Kids","FAMILY"
""com.tocaboca.tocalifeworld","Toca Boca World","FAMILY"
""com.pazugames.avatarworld","Avatar World ®","FAMILY"
""com.rvappstudios.kids.coloring.book.color.painting","Coloring Games: Color & Paint","FAMILY"
""com.budgestudios.googleplay.BlueyBLU","Bluey: Let's Play!","FAMILY"
""com.classdojo.android","ClassDojo","FAMILY"
""com.lego.common.legoplay","LEGO® Play","FAMILY"
""mobi.abcmouse.academy_goo","ABCmouse – Kids Learning Games","FAMILY"
""org.pbskids.video","PBS KIDS Video","FAMILY"
""com.tocaboca.tocakitchen2","Toca Boca Jr","FAMILY"
""org.pbskids.gamesapp","PBS KIDS Games App","FAMILY"
""com.mojang.minecraftedu","Minecraft Education","FAMILY"
""com.microblink.photomath","Photomath","FAMILY"
""no.mobitroll.kahoot.android","Kahoot! Play & Create Quizzes","FAMILY"
""com.facebook.talk","Messenger Kids – The Messaging","FAMILY"
""org.videolan.vlc","VLC for Android","FAMILY"
""com.lego.legobuildinginstructions","LEGO® Builder","FAMILY"
""com.rvappstudios.baby.toddler.kids.games.learning.activity","Kids Games: For Toddlers 3-5","FAMILY"
""com.sinyee.babybus.taxi","Baby Panda's School Bus","FAMILY"
""com.tt.coloring.drawing.girls","Coloring and Drawing For Girls","FAMILY"
""com.rvappstudios.baby.games.piano.phone.kids","Baby Games: Piano & Baby Phone","FAMILY"
""com.tutotoons.app.fluvsies.free","Fluvsies - A Fluff to Luv","FAMILY"
""air.com.starfall.more","Starfall","FAMILY"
""com.tocaboca.tocahairsalon4","Toca Boca Hair Salon 4","FAMILY"
""com.ixl.ixlmath","IXL","FAMILY"
""com.ahaworld.ahaworld","Aha World: Doll Dress-Up Game","FAMILY"
""com.devgame.masha.and.bear.my.friends","Masha and the Bear: My Friends","FAMILY"
""com.rvappstudios.abc_kids_toddler_tracing_phonics","ABC Kids - Tracing & Phonics","FAMILY"
""com.budgestudios.HelloKittyNailSalon","Hello Kitty Nail Salon","FAMILY"
""com.devgame.masha.and.bear.pizzeria.games","Masha and the Bear Pizza Maker","FAMILY"
""air.com.hypah.io.slither","slither.io","FAMILY"
""doll.makeover.fashion.makeup.anime.avatar.dressupgames","Doll Makeup: Dress up for kids","FAMILY"
""com.orange.kidspiano.music.songs","Piano Kids - Music & Songs","FAMILY"
""com.coloring.dinosaur","Dino Coloring Game","FAMILY"
""com.turborocketgames.wildcraft","WildCraft: Animal Sim Online","FAMILY"
""com.coloring.love","Valentines love coloring book","FAMILY"
""com.pizza.maker.game.baking.making.cooking","Pizza Maker Kids Cooking Games","FAMILY"
""com.miaworld.life.avatar.doll.dressup.design.makeover","Mia World - Makeover Life","FAMILY"
""com.tutotoons.app.princesses","Princesses - Enchanted Castle","FAMILY"
""com.peppapig.worldofpeppapig_g","World of Peppa Pig: Kids Games","FAMILY"
""com.YovoGames.dentist","Children's doctor : dentist","FAMILY"
""com.getepic.Epic","Epic: Kids' Books & Reading","FAMILY"
""com.sinyee.babybus.shopping","Baby Panda's Supermarket","FAMILY"
""com.tutotoons.app.sweetbabygirlcleanup5.free","Sweet Baby Girl Cleanup 5","FAMILY"
""com.budgestudios.googleplay.PawPatrolRescueWorld","PAW Patrol Rescue World","FAMILY"
""com.sagosago.World.googleplay","Sago Mini World: Kids Games","FAMILY"
""com.budgestudios.googleplay.HotWheelsUnlimited","Hot Wheels Unlimited","FAMILY"
""kr.co.smartstudy.babyshark_android_googlemarket","Pinkfong Baby Shark: Kid Games","FAMILY"
""smellymoo.sand","sand:box","FAMILY"
""ai.mybuddy.talkingflashcards_new","Buddy.ai: Fun Learning Games","FAMILY"
""com.tt.coloring.drawing","Coloring and Drawing For Kids","FAMILY"
""com.sinyee.babybus.icecream","Little Panda's Ice Cream Games","FAMILY"
""com.rvappstudios.math.kids.counting","Math Kids: Math Games For Kids","FAMILY"
""com.duolingo.literacy","Learn to Read - Duolingo ABC","FAMILY"
""com.psv.like_nastya.event_agency","Like Nastya: Party Time","FAMILY"
""com.prodigygame.prodigy","Prodigy Math: Kids Game","FAMILY"
""com.sinyee.babybus.princess_coloring_fantasy_magic_girls_games","Princess Game Fantasy Coloring","FAMILY"
""art.games.color.princess.coloring","Doll Color: Princess Coloring","FAMILY"
""com.Edugamus.CityPatrol","City Patrol : Rescue Vehicles","FAMILY"
""com.spinmaster.gabbysdollhouse","Gabbys Dollhouse: Games & Cats","FAMILY"
""es.monkimun.lingokids","Lingokids - Play and Learn","FAMILY"
""com.budgestudios.googleplay.BarbieDreamhouse","Barbie Dreamhouse Adventures","FAMILY"
""com.orange.coloring.learn.kids","Coloring & Learn","FAMILY"
""com.rud.twelvelocks2","12 Locks II","FAMILY"
""com.sesameworkshop.alphabetkitchen.play","Sesame Street Alphabet Kitchen","FAMILY"
""com.sinyee.babybus.dentistII","Baby Panda: Dental Care","FAMILY"
""com.pazugames.avatarmaker","Avatar Maker Dress up for kids","FAMILY"
""com.bubadu.bubbu","Bubbu – My Virtual Pet Cat","FAMILY"
""com.ninja.coloringbook","Boys Ninja Coloring & Memory","FAMILY"
""com.storytoys.lego.duplo.marvel.spiderman.avengers.kids.preschool.free.googleplay","LEGO® DUPLO® MARVEL","FAMILY"
""com.WildWorks.RyansTag","Tag with Ryan","FAMILY"
""com.kgs.housedesigner","House Designer : Fix & Flip","FAMILY"
""teaching_com.reading_com","Learn to Read: Reading.com","FAMILY"
""com.tutotoons.app.animalhairsalonaustralia.free","Animal Hair Salon Australia","FAMILY"
""boys.coloring.book.painting.games","Kids Coloring Pages For Boys","FAMILY"
""com.storytoys.marvelhq.googleplay","Marvel HQ: Kids Super Hero Fun","FAMILY"
""com.forqan.tech.PrincessColoring","Princess Coloring Book & Games","FAMILY"
""com.educational.baby.games","Baby Games for 1-3 Year Olds","FAMILY"
""com.budgestudios.googleplay.MiraculousMIR","Miraculous Ladybug Life","FAMILY"
""com.originatorkids.paw","PAW Patrol Academy","FAMILY"
""com.gi.talkinggummybear","Talking Gummy Bear Kids Games","FAMILY"
""com.drawing.pad.desk.app.coloring.book.paint.sketch","Drawing Apps: Draw, Sketch Pad","FAMILY"
""com.psv.hello_kitty.doctor_hospital","Hello Kitty: Kids Hospital","FAMILY"
""com.tutotoons.app.floofmypethouse","Floof - My Pet House","FAMILY"
""com.tutotoons.app.kpopsiescuteunicornpets","Kpopsies - Hatch Baby Unicorns","FAMILY"
""com.toddler.coloring","Toddler Coloring Book For Kids","FAMILY"
""cute.color.coloring.puzzle","Cute Drawing : Anime Color Fan","FAMILY"
""com.tutotoons.app.gigglebabies","Giggle Babies - Toddler Care","FAMILY"
""com.tutotoons.app.junglefloof","Jungle Floof - Island Pet Care","FAMILY"
""com.rvappstudios.math.games.kids.addition.subtraction.multiplication.division","Math Games: Math for Kids","FAMILY"
""com.tutotoons.app.fruitsies","Fruitsies - Pet Friends","FAMILY"
""com.kids.learning.abc.games","ABC Games: Tracing & phonics","FAMILY"
""org.scratchjr.android","ScratchJr","FAMILY"
""com.sagosago.School.googleplay","Sago Mini School (Kids 2-5)","FAMILY"
""com.sinyee.babybus.princessII","Little Panda: Princess Makeup","FAMILY"
""com.tutotoons.app.lolsurprisediscohouse","L.O.L. Surprise! Disco House","FAMILY"
""com.sinyee.babybus.recommendapp.global","Baby Panda's Kids Play","FAMILY"
""com.sinyee.babybus.townhospital","Little Panda's Town: Hospital","FAMILY"
""org.khankids.android","Khan Academy Kids","FAMILY"
""me.apptivise.vladnikita","Vlad and Niki – games & videos","FAMILY"
""com.gof.global","Whiteout Survival","GAME_STRATEGY"
""com.fun.lastwar.gp","Last War:Survival Game","GAME_STRATEGY"
""com.ea.game.pvzfree_row","Plants vs. Zombies™","GAME_STRATEGY"
""com.topgamesinc.evony","Evony: The King's Return","GAME_STRATEGY"
""com.totalbattle","Total Battle: War of Empires","GAME_STRATEGY"
""com.igg.android.doomsdaylastsurvivors","Doomsday: B.Duck","GAME_STRATEGY"
""com.goldlion.and.fh","Gods Chaos","GAME_STRATEGY"
""com.wgame.codeg","Grand Gangster War","GAME_STRATEGY"
""com.ccpgames.evegalaxyconquest","EVE Galaxy Conquest","GAME_STRATEGY"
""com.igg.android.lordsmobile","Lords Mobile: Pagani GO!","GAME_STRATEGY"
""com.supercell.clashofclans","Clash of Clans","GAME_STRATEGY"
""com.proximabeta.aoemobile","Age of Empires Mobile","GAME_STRATEGY"
""com.LightBeam.MeltingASMR","Melt and Fill","GAME_STRATEGY"
""com.global.ztmslg","Puzzles & Survival","GAME_STRATEGY"
""com.playakor.clashofcolor","Color Clash","GAME_STRATEGY"
""com.joycrit.jfe.and","Jurassic Front: Exploration","GAME_STRATEGY"
""com.gamepark.cop.simulator.police.games","Police Simulator: Police Games","GAME_STRATEGY"
""com.survive.silentcastle","Silent Castle: Survive","GAME_STRATEGY"
""io.state.fight","State.io — Conquer the World","GAME_STRATEGY"
""com.vjsjlqvlmp.wearewarriors","We Are Warriors!","GAME_STRATEGY"
""com.supercell.clashroyale","Clash Royale","GAME_STRATEGY"
""clash.war.dictators.io","Country Balls: World Battle","GAME_STRATEGY"
""com.wireless.defenseland","Raid Rush: Tower Defense TD","GAME_STRATEGY"
""com.bw.ud.googleplay","Sea War: Raid","GAME_STRATEGY"
""com.ninjakiwi.bloonscardstorm","Bloons Card Storm","GAME_STRATEGY"
""com.yottagames.gameofmafia","The Grand Mafia","GAME_STRATEGY"
""com.maxgames.stickwarlegacy","Stick War: Legacy","GAME_STRATEGY"
""com.tap4fun.ape.gplay","Age of Apes","GAME_STRATEGY"
""com.ig.weapon.backpack","Backpack Hero: Merge Weapon","GAME_STRATEGY"
""com.gf.busdriving.publictransport.citypassenger.drivinggames","Bus Simulator : 3D Bus Games","GAME_STRATEGY"
""com.flyzom.deadout","Zombie Outpost:Deadly","GAME_STRATEGY"
""com.fundrivegames.mega.ramp.ultimate.cars.stunts.impossibletracks","Ramp Car Games: GT Car Stunts","GAME_STRATEGY"
""com.global.antgame","Ant Legion: For The Swarm","GAME_STRATEGY"
""com.global.pnck","Puzzles & Chaos: Frozen Castle","GAME_STRATEGY"
""com.my.defense","Rush Royale: Tower Defense TD","GAME_STRATEGY"
""com.dustlands.android","Dust Lands Survival GO!","GAME_STRATEGY"
""com.gv.gangster.crime.attack.world.city","Rope Gangster Crime City","GAME_STRATEGY"
""com.ht2.stick.hero","Stick Hero: Tower Defense","GAME_STRATEGY"
""com.mustardgames.police.bike.stunt.mega.ramp.impossibletracks","Parking Jam: Car Parking Games","GAME_STRATEGY"
""com.star.union.planetant","The Ants: Underground Kingdom","GAME_STRATEGY"
""com.ti.police.car.simulator.police.game.police.carchase.police.car.driving","US Police Cop Car Chase Game","GAME_STRATEGY"
""com.igg.android.vikingriseglobal","Viking Rise: Valhalla","GAME_STRATEGY"
""com.tap4fun.odin.kingdomguard","Kingdom Guard:Tower Defense TD","GAME_STRATEGY"
""com.imi.nitikowa","Fridge Horror Game","GAME_STRATEGY"
""com.yottagames.mafiawar","Mafia City","GAME_STRATEGY"
""com.outerdawn.grimguard","Grimguard Tactics: Fantasy RPG","GAME_STRATEGY"
""com.fansipan.nightfall.tower.simulation.strategy.td.game","Nightfall: Kingdom Frontier TD","GAME_STRATEGY"
""com.camelgames.aoz","Age of Origins","GAME_STRATEGY"
""com.gamelab.winterlord.gp","Winter Lord","GAME_STRATEGY"
""com.dino.steel","Mecha Domination: Rampage","GAME_STRATEGY"
""com.falcon.and.bsk","Bricks Kingdom","GAME_STRATEGY"
""com.volcanoforce.lost2","LOST in Blue 2: Fate's Island","GAME_STRATEGY"
""com.lilithgame.roc.gp","Rise of Kingdoms: Lost Crusade","GAME_STRATEGY"
""com.snowprintstudios.tacticus","Warhammer 40,000: Tacticus ™","GAME_STRATEGY"
""com.netflix.NGP.BloonsTDSix","Bloons TD 6 NETFLIX","GAME_STRATEGY"
""games.resourcer.hex","States Builder: Trade Empire","GAME_STRATEGY"
""com.redtailworks.slimetd","Slime Castle — Idle TD Game","GAME_STRATEGY"
""com.rapidfiregames.backpackbrawl","Backpack Brawl","GAME_STRATEGY"
""com.popve.dicevmonster","Dice vs Monsters: Idle Defense","GAME_STRATEGY"
""com.BasicallyGames.BaldisBasicsClassic","Baldi's Basics Classic","GAME_STRATEGY"
""com.scopely.startrek","Star Trek™ Fleet Command","GAME_STRATEGY"
""com.unitedracing.coach.bus.simulator.coachbus.simulatorbus","Bus Simulator 3D: Bus Games","GAME_STRATEGY"
""com.tt.flying.car.driving.ultimate.cars","Flying Car Simulator: Car Game","GAME_STRATEGY"
""com.dmg.grand.superheroes.robot.wrestling.ring.fighting","Police Crime Chase: Vice Town","GAME_STRATEGY"
""com.airplane.flight.simulator.games","Flight Pilot Simulator 3d","GAME_STRATEGY"
""com.quantumgames.skyscraper","Tower Craft：Skyscraper Builder","GAME_STRATEGY"
""com.dreams.novel","Dreams-Romance&Fantasy Stories","GAME_STRATEGY"
""com.gpp.RollerCoaster","Idle Roller Coaster","GAME_STRATEGY"
""br.com.tapps.bidwars2","Bid Wars 2: Business Simulator","GAME_STRATEGY"
""com.seaofconquest.global","Sea of Conquest: Pirate War","GAME_STRATEGY"
""com.seagame.warmechanic.googleplay","Buy the Farm","GAME_STRATEGY"
""com.games.mn","Mafia Monopoly","GAME_STRATEGY"
""com.nvsgames.snap","MARVEL SNAP","GAME_STRATEGY"
""com.wondergames.warpath.gp","Warpath: Ace Shooter","GAME_STRATEGY"
""com.FreeDust.UnderDark","UnderDark : Defense","GAME_STRATEGY"
""es.socialpoint.MonsterLegends","Monster Legends","GAME_STRATEGY"
""com.sivona.stormshot.e","Stormshot: Isle of Adventure","GAME_STRATEGY"
""com.multirobotgames.flying.hero.robot","Spider Robot Hero Car Games","GAME_STRATEGY"
""com.material.parkour21","Front War: Survival","GAME_STRATEGY"
""com.camelgames.superking","War and Order","GAME_STRATEGY"
""com.kingsgroup.sos","State of Survival: Zombie War","GAME_STRATEGY"
""games.war.regions","War Regions - Tactical Game","GAME_STRATEGY"
""com.mobirate.DeadAheadTactics","Dead Ahead: Zombie Warfare","GAME_STRATEGY"
""com.studion.mergearena","LUDUS - Merge Arena PvP","GAME_STRATEGY"
""com.igg.castleclash","Castle Clash: World Ruler","GAME_STRATEGY"
""com.innogames.foeandroid","Forge of Empires: Build a City","GAME_STRATEGY"
""com.pixio.google.mtd","Summoners Greed: Tower Defense","GAME_STRATEGY"
""com.bytro.supremacy1914","Supremacy 1914 - WW1 Strategy","GAME_STRATEGY"
""com.rom.game","Realm of Mystery","GAME_STRATEGY"
""com.ninjakiwi.bloonstdbattles2","Bloons TD Battles 2","GAME_STRATEGY"
""com.i89trillion.strategy.survival","War Inc: Rise","GAME_STRATEGY"
""com.maxgames.stickwar3","Stick War: Saga","GAME_STRATEGY"
""com.pixelfederation.ts2","Train Station 2: Rail Tycoon","GAME_STRATEGY"
""com.gel.bottle.shooting.game.free","Extreme Car Driving Games","GAME_STRATEGY"
""com.wb.goog.got.conquest","Game of Thrones: Conquest ™","GAME_STRATEGY"
""com.haunted.silentinvade","Silent Invade","GAME_STRATEGY"
""com.farlightgames.samo.gp","Call of Dragons","GAME_STRATEGY"
""com.byblos.offroad.mountain.bus.ramp","Bus Driving Games 3d Simulator","GAME_STRATEGY"
""com.bekids.save.dog.puzzle.games","Dog Bee Rescue - Save the Dog","GAME_STRATEGY"
""com.world.war.defence","WWII Defense: RTS Army TD game","GAME_STRATEGY"
""com.unicostudio.braintest","Brain Test: Tricky Puzzles","GAME_TRIVIA"
""com.trivia.star.android","TRIVIA STAR Quiz Games Offline","GAME_TRIVIA"
""com.unicostudio.braintestlegacy","Brain Test All-Star: IQ Boost","GAME_TRIVIA"
""com.qoni.guesstheiranswer","Guess Their Answer - IQ Games","GAME_TRIVIA"
""com.fanatee.keep","Everyday Puzzles: Mini Games","GAME_TRIVIA"
""com.tile.onet.match.connect.puzzle.gp","Supreme Onet - Tile Match Puz","GAME_TRIVIA"
""typing.fast.texting.practice.keybord.type.games","Type Sprint: Typing Games","GAME_TRIVIA"
""com.art.pixel.black.girl.games.paint.color.by.numbers","Black Color Paint By Number","GAME_TRIVIA"
""com.unicostudio.braintest2new","Brain Test 2: Tricky Stories","GAME_TRIVIA"
""com.JaddZayed.GuessTheDrawing","Guess The Drawing","GAME_TRIVIA"
""com.unicostudio.braintest4","Brain Test 4: Tricky Friends","GAME_TRIVIA"
""com.etermax.preguntados.lite","Trivia Crack: Fun Quiz Games","GAME_TRIVIA"
""word.riddles.guess.brain.test.tricky.puzzle.quiz.game.free","Word Riddles - Offline Word Ga","GAME_TRIVIA"
""com.gimica.triviamadness","Trivia Madness","GAME_TRIVIA"
""com.fun.frenzy.trivia.android","Fun Frenzy Trivia Play Offline","GAME_TRIVIA"
""com.zd.answer","Trivia Crush","GAME_TRIVIA"
""bible.trivia.quiz.question.answer.spelling.correct.knowledge.test.game","Bible Trivia - Word Quiz Game","GAME_TRIVIA"
""com.mnogogames.triviascapes","Triviascapes: trivia & IQ test","GAME_TRIVIA"
""com.funquiz.puzzle.missgame","Fun Quiz - Quiz & Trivia Game","GAME_TRIVIA"
""com.severex.quiz.trivia.riddles.puzzles","Trivia Spin－Guess Brain Quiz","GAME_TRIVIA"
""com.geoguessr.app","GeoGuessr","GAME_TRIVIA"
""com.logoquiz.triviagame","Logo Quiz - World Trivia Game","GAME_TRIVIA"
""com.bigc.daily.jigsaw.puzzles","Daily Jigsaw Puzzles","GAME_TRIVIA"
""com.xmonetize.quizzland","QuizzLand. Quiz & Trivia game","GAME_TRIVIA"
""trivia.master.question.quiz.answer.crack.star.millionaire.free.knowledge","Trivia Master - Word Quiz Game","GAME_TRIVIA"
""com.trivia.knowledgeispower","Power Of Knowledge : Trivia","GAME_TRIVIA"
""dev.minis.popcorn","Mindblow: Guess the Word!","GAME_TRIVIA"
""com.unicostudio.whois","Who is? Brain Teaser & Riddles","GAME_TRIVIA"
""com.nuomondo.millionaire.quiz","Millionaire - Quiz & Trivia","GAME_TRIVIA"
""com.quizland.triviagame.kofos","Quiz Land - Trivia Game","GAME_TRIVIA"
""com.unicostudio.popularwords","Popular Words: Family Game","GAME_TRIVIA"
""com.art.pixel.chill.hobby.games.paint.color.by.numbers","Chill Color By Number Game","GAME_TRIVIA"
""com.funcraft.triviamasters","Trivia Tower - Trivia Game","GAME_TRIVIA"
""com.etermax.trivia.preguntados2","Trivia Crack 2","GAME_TRIVIA"
""com.umi.feudlive","Family Feud® Live!","GAME_TRIVIA"
""com.sonypicturestelevision.millionaire","Official Millionaire Game","GAME_TRIVIA"
""com.niceteen.games.dtbam","Deal To Be A Millionaire","GAME_TRIVIA"
""com.unicostudio.braintest3","Brain Test 3: Tricky Quests","GAME_TRIVIA"
""games.elia.logosound","Jingle Quiz: logo music trivia","GAME_TRIVIA"
""com.daily.bible.trivia.android","Daily Bible Trivia Bible Games","GAME_TRIVIA"
""com.word.guess.pixelphrase","PixelPhrase ™ Pics & Word Game","GAME_TRIVIA"
""com.randomlogicgames.triviagame","Trivia Night","GAME_TRIVIA"
""pt.cosmicode.truthordare","Truth or Dare - Spicy and Evil","GAME_TRIVIA"
""com.RealMoneyBingo.WinCashRewards.BountyGam","Las Vegas Bingo-win real cash","GAME_TRIVIA"
""com.sonypicturestelevision.jeopardy2","Jeopardy!® Trivia TV Game Show","GAME_TRIVIA"
""se.maginteractive.quizduel2","QuizDuel! Quiz & Trivia Game","GAME_TRIVIA"
""com.nixgames.truthordare","Truth or Dare","GAME_TRIVIA"
""com.fortune.phrases.android","Trivia Puzzle Fortune Word Fun","GAME_TRIVIA"
""com.prodege.swagiq","Swagbucks Trivia for Money","GAME_TRIVIA"
""movie.trivia.film.quiz.guess.star.question.answer.knowledge.test.game","Movie Trivia - Quiz Puzzle","GAME_TRIVIA"
""com.whoisit.celebquiz","Who is it? Celeb Quiz Trivia","GAME_TRIVIA"
""com.unicostudio.popularwords2","Popular Words 2: Trivia Quiz","GAME_TRIVIA"
""com.gedev.brainstormtest","Brainstorm Test: Tricky Puzzle","GAME_TRIVIA"
""com.flags.quiz.trivia","Flags Quiz - Guess The Flag","GAME_TRIVIA"
""com.ohmgames.geofinder","Trivia Planet!","GAME_TRIVIA"
""com.tellmewow.senior.wheel.fortune","Wheel of Fame - Guess words","GAME_TRIVIA"
""com.severex.trivia.quiz.brain.puzzle","Brain Blitz Trivia－Quiz Test","GAME_TRIVIA"
""com.kolmogames.logoquiz","Logo Quiz: Guess the Brand!","GAME_TRIVIA"
""com.sporcle.party","Sporcle Party: Social Trivia","GAME_TRIVIA"
""io.gartic.Gartic","Gartic.io - Draw, Guess, WIN","GAME_TRIVIA"
""com.vgames.thefallingball","The Falling Ball Game","GAME_TRIVIA"
""com.clappy.millionairetrivia","Trivia Game: Millionaire Quiz","GAME_TRIVIA"
""com.submarineapps.mill","Millionaire 2024 - Trivia Game","GAME_TRIVIA"
""com.erudite.trivia.brain.quiz.mind.game","Erudite: Trivia Game & Quiz","GAME_TRIVIA"
""com.algame.app.logoquiz","Logo Quiz:Guess Brand Game","GAME_TRIVIA"
""com.bornstarsoft.wordkpopsearch","Word Kpop Search","GAME_TRIVIA"
""games.elia.peoplesay","People Say - Family Game","GAME_TRIVIA"
""com.brain.game.word.quiz","Acertijo Mental: Brain Games","GAME_TRIVIA"
""tr.com.apps.how.many","How Many - Trivia Game","GAME_TRIVIA"
""puzzle.brain.games.brain.test.brain.out","Brain Tricks: Brain Games","GAME_TRIVIA"
""com.find.out.hidden.objects.puzzle.scavenger.hunt","Spot It - Find Hidden Objects","GAME_TRIVIA"
""com.iq.test.maths.intelligence.logic.iqtest","IQ Test: Logic brain training","GAME_TRIVIA"
""com.partylabapp","Exposed 2: Party Lab Edition","GAME_TRIVIA"
""smartowlapps.com.quiz360","TRIVIA 360: Quiz Game","GAME_TRIVIA"
""quess.song.music.pop.quiz","Guess The Song - Music Quiz","GAME_TRIVIA"
""com.football.quiz.trivia","Football Quiz! Ultimate Trivia","GAME_TRIVIA"
""com.sporcle.geneva","Sporcle","GAME_TRIVIA"
""com.qbis.guessthecountry","World Map Quiz","GAME_TRIVIA"
""com.vgames.millionairegoldendeal","Million Golden Deal Game","GAME_TRIVIA"
""tv.telescope.onepercentclub.us","The 1% Club TV","GAME_TRIVIA"
""com.freshplanet.games.SongPop3","SongPop® - Guess The Song","GAME_TRIVIA"
""com.tellmewow.senior.attention","Train your Brain - Attention","GAME_TRIVIA"
""com.vns.three.quiz.logo.quiz.flag.quiz.capital.quiz","3in1 Quiz : Logo-Flag-Capital","GAME_TRIVIA"
""com.timleg.quiz","General Knowledge Quiz","GAME_TRIVIA"
""com.ncm.noovietrivia","Noovie Trivia","GAME_TRIVIA"
""com.sfantasticgames.obbystinkydetention","Mr Obby's Detention","GAME_TRIVIA"
""com.age.usa.appspot","USA Geography - Quiz Game","GAME_TRIVIA"
""macrostudios.howwelldoyouknowme","How Well Do You Know Me?","GAME_TRIVIA"
""com.sfantasticgames.policegirl","Escape Barry's Wife Prison","GAME_TRIVIA"
""com.biblestudios.bibletrivia","Daily Bible Trivia: Quiz Games","GAME_TRIVIA"
""com.VorensStudios.WouldYouRather","Would You Rather","GAME_TRIVIA"
""com.us.wouldyourather.game","Would You Rather?","GAME_TRIVIA"
""com.fps.shooting.counterattack.commandomissiongames","Commando Gun Shooting Games 3D","GAME_TRIVIA"
""com.happyverse.spellinggame","Spelling Bee: Spelling Quiz","GAME_TRIVIA"
""com.hussaintt55.genius","العباقرة - لعبة ذكاء و تحدي","GAME_TRIVIA"
""com.fullfat.textordie","Text or Die","GAME_TRIVIA"
""tr.com.apps.trivia.race","Trivia Race 3D - Guess Quizup","GAME_TRIVIA"
""com.zoomquiz.guessit","Guess it! Zoom Pic Trivia Game","GAME_TRIVIA"
""com.asmolgam.flags","Flags of All World Countries","GAME_TRIVIA"
""com.wordsearch.connections","Connections Game - No wifi","GAME_TRIVIA"
""jp.pokemon.pokemontcgp","Pokémon TCG Pocket","GAME_CARD"
""com.playvalve.solitaire","Solitaire - Classic Card Game","GAME_CARD"
""io.monumental.cardclash","Nickelodeon Card Clash","GAME_CARD"
""solitaire.patience.card.games.klondike.free","Solitaire - Classic Card Games","GAME_CARD"
""com.solitarie.card.regal.game","Classic Solitaire: Regal Card","GAME_CARD"
""com.matteljv.uno","UNO!™","GAME_CARD"
""com.smilerlee.klondike","Solitaire","GAME_CARD"
""com.game.whatdoyoumeme","Meme Challenge: Dank Memes","GAME_CARD"
""net.supertreat.solitaire","Solitaire Grand Harvest","GAME_CARD"
""com.blackout.spades","Spades - Card Game","GAME_CARD"
""com.gimica.solitaireverse","Solitaire Verse","GAME_CARD"
""com.playvalve.spades","Spades Stars - Card Game","GAME_CARD"
""com.playvalve.solitaire.spider","Spider Solitaire - Card Games","GAME_CARD"
""com.tripledot.solitaire","Solitaire: Classic Card Games","GAME_CARD"
""com.greyfun.card.solitaire.classic","Solitaire Classic","GAME_CARD"
""com.homa.free.solitaire.card.game","Solitaire Classic - Klondike","GAME_CARD"
""solitaire.klondike.classic.card.games","Solitaire, Classic Card Game","GAME_CARD"
""com.mobilityware.solitaire","Solitaire - Classic Card Games","GAME_CARD"
""com.kamagames.blackjack","Blackjack 21: Blackjackist","GAME_CARD"
""com.evergreen.games.card.solitaire.free","Solitaire - 2024","GAME_CARD"
""com.agedstudio.card.solitaire.klondike","Solitaire","GAME_CARD"
""com.bbumgames.opa","OPA! - Family Card Game","GAME_CARD"
""at.ner.SolitaireKlondike","Solitaire - Classic Card Games","GAME_CARD"
""beetles.puzzle.solitaire","Solitaire - Classic Card Games","GAME_CARD"
""com.newpubco.spades","Spades: Classic Card Game","GAME_CARD"
""com.playtika.wsop.gp","WSOP Poker: Texas Holdem Game","GAME_CARD"
""com.catdaddy.phoenix","NFL 2K Playmakers Card Battler","GAME_CARD"
""com.xiyou.puzzle.card.solitaire.classic","Solitaire Classic Card","GAME_CARD"
""solitaire.collection.girls.klondike.spider","Solitaire Collection Girls","GAME_CARD"
""solitaire.puzzlemaker.solitaire.klondike.cardgame.patience","Solitaire","GAME_CARD"
""com.mobilityware.spider","Spider Solitaire: Card Games","GAME_CARD"
""com.mattel163.phase10","Phase 10: Casual Card Game","GAME_CARD"
""com.solitaire.classic.game","Classic Solitaire 2024","GAME_CARD"
""com.kidultlovin.royalsolitaire","Jenny Solitaire® - Card Games","GAME_CARD"
""solitaire.collection.klondike.card.games.free.game","Solitaire for Seniors Game","GAME_CARD"
""com.standard.puzzle.game.card.solitaire","Solitaire - Card Game 2024","GAME_CARD"
""com.bigcake.android.spidersolitaire","Daily Spider Solitaire Classic","GAME_CARD"
""com.free.spider.solitaire.card.game","Spider Solitaire: Card Game","GAME_CARD"
""com.mobilityware.MahjongSolitaire","Mahjong Solitaire","GAME_CARD"
""com.vitastudio.solitaire","Vita Solitaire for Seniors","GAME_CARD"
""com.spades.solitaire.online.plus.offline.free.card.games","Spades Solitaire - Card Games","GAME_CARD"
""net.peakgames.mobile.spades.android","Spades Plus - Card Game","GAME_CARD"
""solitaire.classic.hungrystudio.free.klondike.card.patience","Solitaire Master!","GAME_CARD"
""spider.solitaire.card.games.free.klondike.patience","Spider Solitaire Classic Games","GAME_CARD"
""com.solitaire.relax.classic.card.game","Solitaire Relax® Big Card Game","GAME_CARD"
""com.wonderpeople.megahitpoker.global","Mega Hit Poker: Texas Holdem","GAME_CARD"
""solitaire.spider.card.free.mania","Spider Solitaire Classic","GAME_CARD"
""com.vitastudio.spider","Vita Spider Solitaire","GAME_CARD"
""com.wizards.mtga","Magic: The Gathering Arena","GAME_CARD"
""com.mobilityware.Spades","Spades: Classic Card Games","GAME_CARD"
""games.conifer.card.spider.solitaire.free","Spider Solitaire","GAME_CARD"
""com.tripledot.spades","Spades - Classic Cards","GAME_CARD"
""com.euchre.solitaire.plus.offline.free.card.games","Euchre - Card Game Offline","GAME_CARD"
""com.gosub60.sol5","Solitaire Deluxe® 2","GAME_CARD"
""com.gsn.android.tripeaks","Tiki Solitaire TriPeaks","GAME_CARD"
""com.inforcegames.blackdeck","Black Deck - Card Battle CCG","GAME_CARD"
""com.zynga.livepoker","Zynga Poker- Texas Holdem Game","GAME_CARD"
""com.mintgames.solitaire.classic.card.game.free","Solitaire Classic","GAME_CARD"
""com.mattel163.skipbo","Skip-Bo™: Solitaire Card Game","GAME_CARD"
""com.kamagames.videopoker","Video Poker by Pokerist","GAME_CARD"
""com.fiogonia.spades","Spades","GAME_CARD"
""com.solitaire.card","Classic Solitaire","GAME_CARD"
""spades.classic.card.free.online.offline.multiplayer","Spades: Classic Card Game","GAME_CARD"
""com.termggb.beimei","Titan War","GAME_CARD"
""com.mobilityware.MonopolySolitaire","MONOPOLY Solitaire: Card Games","GAME_CARD"
""com.mobilityware.PyramidFree","Pyramid Solitaire - Card Games","GAME_CARD"
""com.creavect.solitaire","Classic Solitaire 2024","GAME_CARD"
""cribbage.card.game.classic.board.offline.multiplayer.poker.dice.score","Cribbage - Card Game","GAME_CARD"
""com.brainium.solitairefree","Solitaire: Classic Card Games","GAME_CARD"
""com.mobilityware.freecell","FreeCell Solitaire: Card Games","GAME_CARD"
""com.wildcard.spades","Spades Fever: Card Plus Royale","GAME_CARD"
""com.gosub60.sol5spdr2","Spider Solitaire Deluxe® 2","GAME_CARD"
""jp.konami.masterduel","Yu-Gi-Oh! Master Duel","GAME_CARD"
""com.happy.solitaire.card.puzzles","Jolly Solitaire - Card Games","GAME_CARD"
""com.klondike.solitaire.girls.puzzle.card","Solitaire Date-Girls Journey","GAME_CARD"
""com.easyfun.solitaire","Solitaire HD - Card Games","GAME_CARD"
""com.solitaire.blast.puzzle","Classic Solitaire : Card Games","GAME_CARD"
""solitaire.collection.klondike.spider.card.games","Solitaire Collection","GAME_CARD"
""com.blackout.gin","Gin Rummy - Classic Card Game","GAME_CARD"
""com.tripledot.blackjack","Blackjack","GAME_CARD"
""com.zimad.spades","Spades Online - Card Game","GAME_CARD"
""com.dna.solitaireapp","Solitaire - Classic Card Game","GAME_CARD"
""com.kamagames.pokerist","Texas Hold'em Poker: Pokerist","GAME_CARD"
""com.yy.solitaire.classic.card.game.free","Solitaire: Big Card Games","GAME_CARD"
""solitaire.klondike.classic.patience.card.games","Solitaire","GAME_CARD"
""com.duole.solitaire.romance.journey.patience.free.card.games","Solitaire Journey:Romance Time","GAME_CARD"
""com.fiogonia.gin","Gin Rummy - Classic Card Game","GAME_CARD"
""com.solitaire.daily.challenge.card.game","Solitaire, Klondike Card Games","GAME_CARD"
""com.mobilityware.Euchre","Euchre Daily - Card Game","GAME_CARD"
""com.standard.puzzle.solitaire","Solitaire - 2024","GAME_CARD"
""com.girls.solitaire.klondike.card.game.free","Solitaire Girls: Card Games","GAME_CARD"
""spider.solitaire.classic.card.games.makeup","Spider Solitaire","GAME_CARD"
""com.solitaire.klondike.patience.ocean.aquarium","Solitaire","GAME_CARD"
""games.conifer.card.solitaire.klondike.free","Solitaire","GAME_CARD"
""com.me2zen.tripeaks","Solitaire TriPeaks Journey","GAME_CARD"
""com.ordinaryjoy.solitaire.largecard","Daily Solitaire Classic Game","GAME_CARD"
""com.bbumgames.spadesroyale","Spades Royale","GAME_CARD"
""com.mobilityware.CrazyEights","Crazy Eights","GAME_CARD"
""com.Solitaire.Card.MoneyGame.CashRewards","Solitaire - Win Real Money","GAME_CARD"
""com.ea.gp.pvzheroes","Plants vs. Zombies™ Heroes","GAME_CARD"
""com.localweather.radar.climate","Local Weather: Live Forecast","WEATHER"
""com.weather.Weather","The Weather Channel - Radar","WEATHER"
""com.eet.weather.launcher","Weather Now Launcher - Radar","WEATHER"
""com.weatherradarhome.weather.forecast.live.radar.aqi.android","Live Weather Radar Launcher","WEATHER"
""weather.forecast.channel.live","Weather Forecast & Live Radar","WEATHER"
""com.daily.forecast.weather.radar","Daily Forecast: Weather&Radar","WEATHER"
""com.accurate.weather.forecast.live","Weather: Live radar & widgets","WEATHER"
""com.forecast.weather.severe.wind","Know Weather: Live Radar","WEATHER"
""com.acmeaom.android.myradar","MyRadar Weather Radar","WEATHER"
""com.weather.nold.forecast","Live Weather: Weather Forecast","WEATHER"
""com.accuweather.android","AccuWeather: Weather Radar","WEATHER"
""com.live.life.forecast.weathertracker","Weather Tracker-Live forecast","WEATHER"
""aplicacion.tiempo","Weather Radar - Meteored News","WEATHER"
""de.wetteronline.wetterapp","Weather & Radar","WEATHER"
""com.weather.forecast.radar.rain.days.home","Daily Weather Launcher - Radar","WEATHER"
""live.weather.vitality.local.channel.forecast","Local Weather Forecast - Radar","WEATHER"
""com.aws.android","Weather Radar by WeatherBug","WEATHER"
""life.channel.accurate.local.weather.forecast","Local Weather：Weather Forecast","WEATHER"
""com.weather.free.forecast.dailyweather","Daily Weather","WEATHER"
""com.druryoutdoors.deercast.app","DeerCast: Weather, Maps, Track","WEATHER"
""gov.fema.mobile.android","FEMA","WEATHER"
""com.windyty.android","Windy.com - Weather Forecast","WEATHER"
""com.roomthermometer.interior","Room Temperature Thermometer","WEATHER"
""com.weather.forecast.weatherchannel","Weather app","WEATHER"
""live.weather.vitality.studio.forecast.widget","Local Weather Alerts - Widget","WEATHER"
""com.wdtinc.android.KWTV","News 9 Weather","WEATHER"
""com.neave.zoomearth","Zoom Earth - Live Weather Map","WEATHER"
""co.windyapp.android","Windy.app - Enhanced forecast","WEATHER"
""com.cube.arc.hzd","Emergency: Severe Weather App","WEATHER"
""com.wunderground.android.weather","Weather data & microclimate : ","WEATHER"
""com.wdtinc.android.KOTV","News On 6 Weather","WEATHER"
""com.hi.weather.home.forecast.live","Hi Weather Launcher-Live Radar","WEATHER"
""com.droidteam.weather","Weather Forecast","WEATHER"
""com.apalon.weatherradar.free","Clime: NOAA Weather Radar Live","WEATHER"
""com.channel.weather.forecast","Weather Forecast: Live Weather","WEATHER"
""com.accurate.live.weather.widget","Weather Forecast - Live Radar","WEATHER"
""com.fox.weather","FOX Weather: Daily Forecasts","WEATHER"
""com.raindroptest","RainDrop: Virtual Rain Gauge","WEATHER"
""com.accurate.local.weather.forecast.live","Weather app - Radar & Widget","WEATHER"
""com.omni.weather.launcher","Weather Radar Home","WEATHER"
""com.weawow","Weather & Widget - Weawow","WEATHER"
""com.accurate.local.live.weather","Weather Live - Radar & Alerts","WEATHER"
""com.wftab.weather.forecast","Weather forecast","WEATHER"
""com.mc.wx","MCWX","WEATHER"
""com.handmark.expressweather","1Weather Forecasts & Radar","WEATHER"
""com.kytv.android.weather","KY3 Weather","WEATHER"
""com.maritime.commando.shooting.battlefield","FPS Shooting Games - Gun Games","WEATHER"
""com.ruivop.realweather","Real Weather","WEATHER"
""com.bb.monstertruck.demolition.derby","Rocket Car Soccer League Games","WEATHER"
""com.getprecip.precip","Precip - Rainfall Totals","WEATHER"
""com.probadosoft.moonphasecalendar","Moon Phase Calendar","WEATHER"
""com.voyagegames.weatherroute","Highway Weather","WEATHER"
""com.droid27.transparentclockweather","Transparent clock and weather","WEATHER"
""com.mst.smart.compass.qibla.digial.compass.direction","Smart Compass: Digital Compass","WEATHER"
""com.localtvllc.fourwarnme","4WarnMe","WEATHER"
""com.universetoday.moon.free","Phases of the Moon","WEATHER"
""blizzard.tornadoalley","Tornado Alley Weather","WEATHER"
""com.tuttle.wx","ATsWeatherToGo","WEATHER"
""com.kdfw.android.weather","FOX 4 Dallas-Fort Worth: Weath","WEATHER"
""com.weather.forecast.easy","Weather Forecast","WEATHER"
""asav.roomtemprature","Room Temperature Thermometer","WEATHER"
""amobi.weather.forecast.storm.radar","9Weather: Weather forecast","WEATHER"
""weather.launcher.radar.ai.forecast","Weather Foracast Radar Channel","WEATHER"
""com.cmgdigital.android.kokiweather","FOX23 Weather","WEATHER"
""com.weather.weatherforcast.accurateweather.aleartwidget","Weather forecast: Live Radar","WEATHER"
""com.weathercreative.weatherkitty","Weather Kitty - App & Widget","WEATHER"
""com.jrustonapps.mylightningtracker","My Lightning Tracker & Alerts","WEATHER"
""com.accurate.channel.forecast.live.weather","Live Weather Forecast","WEATHER"
""com.jrustonapps.myauroraforecast","My Aurora Forecast & Alerts","WEATHER"
""life.widget.accurate.channel.local.weather.forecast","Local Weather Forecast& Widget","WEATHER"
""com.pelmorex.WeatherEyeAndroid.tv","The Weather Network","WEATHER"
""com.channel.liveweather.localweather.weatherforecast.weather","Weather Forecast - Live Radar","WEATHER"
""com.jpltech.hurricanetracker","Tropical Hurricane Tracker","WEATHER"
""cz.ackee.ventusky","Ventusky: Weather Maps & Radar","WEATHER"
""com.exovoid.weather.app","Weather XL PRO","WEATHER"
""weatherradar.livemaps.free","Weather Radar: Forecast & Maps","WEATHER"
""com.driveweather","Drive Weather","WEATHER"
""com.daugherty.nws_remastered","NWS Weather","WEATHER"
""com.world.clock.time.countries","World Clock – World time clock","WEATHER"
""com.jrustonapps.myearthquakealerts","My Earthquake Alerts - Map","WEATHER"
""com.nstudio.weatherhere.free","NOAA Weather Unofficial","WEATHER"
""com.koam.android.weather","KOAM Sky Watch Weather","WEATHER"
""com.yahoo.mobile.client.android.weather","Yahoo Weather","WEATHER"
""com.weathercreative.weatherpuppy","Weather Puppy - App & Widget","WEATHER"
""weather.weasnap","Live Weather Forecast","WEATHER"
""com.airvisual","IQAir AirVisual | Air Quality","WEATHER"
""moon.free.moonphase.calendar.weather","Moon Phase Calendar","WEATHER"
""com.weatherteam.rainy.forecast.radar.widgets","Weather","WEATHER"
""com.studioeleven.windfinder","Windfinder: Wind & Weather map","WEATHER"
""com.fansipan.thermometer.roomtemperature","Room Temperature Thermometer","WEATHER"
""weather.weatherforcast.accuweather.weatherchannel","Weather - Live Radar & Widgets","WEATHER"
""noaa.weather.radar","Weather Radar Live Map","WEATHER"
""com.kxii.android.weather","KXII Weather Authority App","WEATHER"
""com.wdtinc.android.stormshield","Storm Shield","WEATHER"
""com.weather.radar.clime.weathernews","Weather Today: Live Radar","WEATHER"
""com.today.weather.widget","Weather Widgets","WEATHER"
""net.artstyle.noaa_weather_radio_stations_live_forecasts_hurricane_tornadoes","NOAA Weather radio","WEATHER"
""weather.live","Weather - Weather Live","WEATHER"
""com.williamking.whattheforecast","What The Forecast","WEATHER"
""com.wcyb.android.weather","StormTrack 5","WEATHER"
""jp.pokemon.pokemontcgp","Pokémon TCG Pocket","GAME"
""com.bilibilihk.jujutsuphanparagp","Jujutsu Kaisen Phantom Parade","GAME"
""com.uc.minigame.relax","Mini Games: Calm & Relax","GAME"
""com.block.juggle","Block Blast!","GAME"
""com.roblox.client","Roblox","GAME"
""com.abi.perfect.tidy","Perfect Tidy","GAME"
""com.vitastudio.mahjong","Vita Mahjong","GAME"
""com.syubestgames.teachersimulator","Teacher Simulator: School Days","GAME"
""io.voodoo.holeio","Hole.io","GAME"
""com.screw.away.pin.puzzle.and","Screw Away: 3D Pin Puzzle","GAME"
""com.gof.global","Whiteout Survival","GAME"
""com.ventogames.findthecat","Find The Cat - Spot It!","GAME"
""com.scopely.monopolygo","MONOPOLY GO!","GAME"
""com.zm.nuts","Nut Sort: Color Sorting Game","GAME"
""com.playspare.supermarket.store.simulator","My Supermarket Simulator 3D","GAME"
""io.voodoo.paper2","Paper.io 2","GAME"
""com.Polystation.BuildABabe","Build A Queen","GAME"
""com.ig.bus.out","Bus Out","GAME"
""com.fun.lastwar.gp","Last War:Survival Game","GAME"
""com.kiloo.subwaysurf","Subway Surfers","GAME"
""find.difference.spot.differences.hidden.puzzle.games.free","Differences - Find & Spot It","GAME"
""com.luwukmeliana.lexicard","Clue Master - Logic Puzzle","GAME"
""com.dino.race.master","Car Race","GAME"
""net.peakgames.match","Match Factory!","GAME"
""com.JindoBlu.OfflineGames","Offline Games - No Wifi Games","GAME"
""com.melon.drop.fruit.merge.master","Fruit Merge: Juicy Drop Game","GAME"
""io.supercent.pizzaidle","Pizza Ready!","GAME"
""com.robtopx.geometryjumplite","Geometry Dash Lite","GAME"
""io.supercent.linkedcubic","Snake Clash!","GAME"
""com.playvalve.solitaire","Solitaire - Classic Card Game","GAME"
""io.monumental.cardclash","Nickelodeon Card Clash","GAME"
""com.vincentb.MobControl","Mob Control","GAME"
""com.funcat.tgbtc","Tokyo Ghoul · Break the Chains","GAME"
""com.tile.match.masters","Tile Match Masters","GAME"
""com.ridgge.conquercountries","Conquer Countries","GAME"
""kidultlovin.word.zen","Zen Word® - Relax Puzzle Game","GAME"
""com.youmusic.magictiles","Magic Tiles 3","GAME"
""com.fc.sn.satisy.makeup.ocd.organizer","Satisroom: Perfectly Organize","GAME"
""com.metanote.boyandgirl.musicgame","Incredible Sprunki Music Box","GAME"
""jigsaw.puzzle.game.banana","Jigsawscapes® - Jigsaw Puzzles","GAME"
""com.trending.tik.tap.game.challenge","Tik Tap Challenge","GAME"
""com.supercell.brawlstars","Brawl Stars","GAME"
""io.supercent.prison","Prison Life: Idle Game","GAME"
""com.zdb.c23.traffic.driving.simulator","Ultimate Traffic Driving Car","GAME"
""com.peoplefun.wordcross","Wordscapes","GAME"
""com.moonactive.coinmaster","Coin Master","GAME"
""in.playsimple.wordsearch","Word Search Explorer","GAME"
""com.dreamgames.royalmatch","Royal Match","GAME"
""com.pronetis.ironball2","Going Balls","GAME"
""com.miniclip.eightballpool","8 Ball Pool","GAME"
""com.PlaySense.BulletArmyRun","Bullet Army Run","GAME"
""com.media720.games2020","Offline Games No WiFi Puzzles","GAME"
""com.screenshake.dominodreams","Domino Dreams™","GAME"
""io.randomco.travel","Travel Town - Merge Adventure","GAME"
""com.onebutton.mrsuper2","The Superhero League 2","GAME"
""com.unicostudio.braintest","Brain Test: Tricky Puzzles","GAME"
""com.paperdoll.diary.dressup.game","Paper Doll Diary: Dress Up DIY","GAME"
""com.millecrepestudios.couplelife","Couple Life 3D","GAME"
""com.alexp.eyemix","Eye Color Mix","GAME"
""jp.co.goodroid.hyper.hexaaway","Hexa Away","GAME"
""com.playrix.township","Township","GAME"
""com.innersloth.spacemafia","Among Us","GAME"
""com.ozn.busqueuee","Seat Away","GAME"
""com.king.candycrushsaga","Candy Crush Saga","GAME"
""com.dts.freefireth","Free Fire","GAME"
""com.fc.goods.sort.matching.puzzle.triplemaster","Goods Puzzle: Sort Challenge","GAME"
""com.wood.bolt.wordle.screw.nuts.puzzle","Woodle Screw Jam: Nuts & Bolts","GAME"
""com.easystudio.screw.pin.jam.puzzle","Screw Pin Jam Puzzle","GAME"
""com.bonnie.trafficescape","Traffic Escape!","GAME"
""com.playgendary.bowmasters","Bowmasters: Archery Shooting","GAME"
""com.WalkTalk.FlightMaster","Epic Plane Evolution","GAME"
""com.pianonbeat.rhythm","Cyber Music Rush","GAME"
""com.online.huntingsniper","Hunting Sniper","GAME"
""com.city.building.master","Super City: Building Master","GAME"
""com.amelosinteractive.snake","Snake.io - Fun Snake .io Games","GAME"
""com.starplay.spider.fighter.openworld","Spider Fighter 3: Action Game","GAME"
""com.paurau.MakeHer","Move People","GAME"
""com.ea.game.pvzfree_row","Plants vs. Zombies™","GAME"
""com.outfit7.mytalkingtom2","My Talking Tom 2","GAME"
""com.kayac.KissingNow","Kissing Now : Just Match!","GAME"
""water.sort.puzzle.color.sort.games","Water Sort","GAME"
""com.sanbox.ragdoll.playground.ragdollfall.dismount","Doll PlayGround","GAME"
""com.activision.callofduty.shooter","Call of Duty: Mobile Season 9","GAME"
""com.gplay.annoying.puzzle.game","Annoying Puzzle Game","GAME"
""solitaire.patience.card.games.klondike.free","Solitaire - Classic Card Games","GAME"
""com.newnormalgames.phonecasediy","Phone Case DIY","GAME"
""com.soccer.score.star","Soccer Superstar","GAME"
""com.pixel.art.coloring.color.number","Happy Color®: Coloring Book","GAME"
""com.master.hotelmaster","My Perfect Hotel","GAME"
""com.topgamesinc.evony","Evony: The King's Return","GAME"
""com.com2us.starseedgl.android.google.global.normal","STARSEED: Asnia Trigger","GAME"
""com.playrix.fishdomdd.gplay","Fishdom","GAME"
""com.tocaboca.tocalifeworld","Toca Boca World","GAME"
""com.fingersoft.hcr2","Hill Climb Racing 2","GAME"
""com.atknsyl.weaponmaster","Weapon Master: Action Gun Game","GAME"
""com.studio501.cuphero","Cup Heroes","GAME"
""com.solitarie.card.regal.game","Classic Solitaire: Regal Card","GAME"
""com.foursgames.camouflagesniper","Camo Sniper","GAME"
""com.innplaylabs.animalkingdomraid","Animals & Coins Adventure Game","GAME"
""com.hypermonkgames.HighwayOvertake","Highway Overtake - Car Racing","GAME"
""com.miniclip.eightballpool","8 Ball Pool","GAME_SPORTS"
""com.soccer.score.star","Soccer Superstar","GAME_SPORTS"
""com.ea.gp.fifamobile","EA SPORTS FC™ Mobile Soccer","GAME_SPORTS"
""archery.clash.tournament","Archery Clash!","GAME_SPORTS"
""com.myprizepicks.myprizepicks","PrizePicks - Fantasy Sports","GAME_SPORTS"
""jp.konami.mps","MLB PRO SPIRIT","GAME_SPORTS"
""com.ea.gp.maddennfl21mobile","Madden NFL 25 Mobile Football","GAME_SPORTS"
""com.football.soccer.league","Football League 2024","GAME_SPORTS"
""com.boombitgames.Dartsy","Darts Club: PvP Multiplayer","GAME_SPORTS"
""com.newstargames.retrobowl","Retro Bowl","GAME_SPORTS"
""com.newstargames.retrobowlcollege","Retro Bowl College","GAME_SPORTS"
""com.noorgames.basketbattle","Basket Battle","GAME_SPORTS"
""com.tetrox.bowl","Bowling Crew — 3D bowling game","GAME_SPORTS"
""com.billiards.shooting.ball.pool","Shooting Ball","GAME_SPORTS"
""com.qs.pool","Pool Tour - Pocket Billiards","GAME_SPORTS"
""com.underdogsports.fantasy","Underdog Fantasy Sports","GAME_SPORTS"
""us.kr.baseballnine","BASEBALL 9","GAME_SPORTS"
""com.mythical.superteam","NFL Rivals - Football Game","GAME_SPORTS"
""com.firsttouchgames.dls7","Dream League Soccer 2024","GAME_SPORTS"
""com.SPSoftwareProductions.TheRealJuggle","The Real Juggle: Soccer 2024","GAME_SPORTS"
""com.sports.real.golf.rival.online","Golf Rival - Multiplayer Game","GAME_SPORTS"
""com.big.bikelife","Bike Life Moto Stunt Games","GAME_SPORTS"
""com.playdemic.golf.android","Golf Clash - Golfing Simulator","GAME_SPORTS"
""com.ea.gp.nbamobile","NBA LIVE Mobile Basketball","GAME_SPORTS"
""com.miniclip.basketballstars","Basketball Stars: Multiplayer","GAME_SPORTS"
""jp.konami.pesam","eFootball™","GAME_SPORTS"
""com.catdaddy.nba2km","NBA 2K Mobile Basketball Game","GAME_SPORTS"
""com.motionvolt.flipdiving","Flip Diving","GAME_SPORTS"
""com.sports.eightball.pool.rival","Infinity 8 Ball™ Pool King","GAME_SPORTS"
""com.boss.fight","Boss Fight","GAME_SPORTS"
""com.afgame.app.poolball","8 Pool Master","GAME_SPORTS"
""games.onebutton.golfbattle","Golf Battle","GAME_SPORTS"
""com.masomo.basketballarena","Basketball Arena: Online Game","GAME_SPORTS"
""com.sport.cornhole","Cornhole League - Board Games","GAME_SPORTS"
""com.motionvolt.flipbounce","Flip Master","GAME_SPORTS"
""com.cg.archery","Archery Battle 3D","GAME_SPORTS"
""com.rugby.swiperugby","Touchdown Glory: Football Game","GAME_SPORTS"
""com.masomo.headball2","Head Ball 2 - Online Soccer","GAME_SPORTS"
""com.touch2goal.soccer","Mini Soccer Star","GAME_SPORTS"
""com.billiards.city.pool.nation.club","Pooking - Billiards City","GAME_SPORTS"
""com.vividgames.realboxing2","Real Boxing 2","GAME_SPORTS"
""com.wildbeep.dribblehoops","Dribble Hoops","GAME_SPORTS"
""com.thebosokacompany.skylinebowling","Skyline Bowling","GAME_SPORTS"
""com.bowling.club","Bowling Club: Realistic 3D PvP","GAME_SPORTS"
""com.ea.gp.easportsufc2","EA SPORTS™ UFC® Mobile 2","GAME_SPORTS"
""com.doubletapsoftware.basketballbattle","Basketball Battle","GAME_SPORTS"
""com.miniclip.minifootball","Mini Football - Soccer Games","GAME_SPORTS"
""com.breiange.superleage","Badminton Hero-Championship","GAME_SPORTS"
""com.miniclip.footballstrike","Football Strike: Online Soccer","GAME_SPORTS"
""se.illusionlabs.touchgrindbmx2","Touchgrind BMX 2","GAME_SPORTS"
""eu.nordeus.topeleven.android","Top Eleven Be a Soccer Manager","GAME_SPORTS"
""com.hypgames.ultimatepool","Ultimate 8 Ball Pool","GAME_SPORTS"
""com.neowiz.game.baseball.clash","Baseball Clash: Real-time game","GAME_SPORTS"
""com.miniclip.carrom","Carrom Pool: Disc Game","GAME_SPORTS"
""com.stoneaxe.CatchAndShoot","Catch And Shoot","GAME_SPORTS"
""com.boombit.easy.boxing","Boxing Ring","GAME_SPORTS"
""com.com2us.ninepb3d.normal.freefull.google.global.android.common","MLB 9 Innings 24","GAME_SPORTS"
""com.tfgco.games.sports.free.tennis.clash","Tennis Clash: Multiplayer Game","GAME_SPORTS"
""com.gamebasics.afm","Football Head Coach 25 NFL PA","GAME_SPORTS"
""com.hyper.ballbrawl","Ball Brawl 3D - Soccer Cup","GAME_SPORTS"
""com.threed.bowling","3D Bowling","GAME_SPORTS"
""com.firsttouchgames.story","Score! Hero","GAME_SPORTS"
""com.wgt.android.golf","WGT Golf","GAME_SPORTS"
""com.hypgames.ultimategolf","Ultimate Golf!","GAME_SPORTS"
""se.illusionlabs.skate2","Touchgrind Skate 2","GAME_SPORTS"
""com.fgw.eightballbrawl","8 Ball Brawl: Pool & Billiards","GAME_SPORTS"
""com.miniclip.ultimatefishing","Ultimate Fishing! Fish Game","GAME_SPORTS"
""com.miniclip.minibasketball","Mini Basketball","GAME_SPORTS"
""com.flamingo.nfllife3d","Hyper Touchdown 3D","GAME_SPORTS"
""com.koalitygame.hoopland","Hoop Land","GAME_SPORTS"
""com.gamebasics.osm","OSM 24/25 Soccer Manager Game","GAME_SPORTS"
""uk.co.yakuto.DartsOfFury","Darts of Fury","GAME_SPORTS"
""com.audify.football","Football World - Real People","GAME_SPORTS"
""com.scoring.champion","Scoring Champion","GAME_SPORTS"
""com.gameloft.anmp.sniper.champions","Sniper Champions: 3D shooting","GAME_SPORTS"
""com.concretesoftware.pbachallenge_androidmarket","PBA® Bowling Challenge","GAME_SPORTS"
""com.com2ususa.mlbpiul.android.google.global.normal","MLB Perfect Inning 24","GAME_SPORTS"
""com.miniclip.minivolley","Volleyball Arena: Spike Hard","GAME_SPORTS"
""com.archery.battlehero.tournament.game","Archery Master: Hero Battle","GAME_SPORTS"
""com.rasugames.pls","Pro League Soccer","GAME_SPORTS"
""com.miniclip.cricketleague","Cricket League","GAME_SPORTS"
""com.miniclip.footballbattle","Football Battle: Touchdown!","GAME_SPORTS"
""com.fliff.fapp","Fliff - Sports Picks","GAME_SPORTS"
""com.driftwood.galaxybowl.free","Galaxy Bowling 3D","GAME_SPORTS"
""com.malvo.frisbee","Ultimate Disc 3D","GAME_SPORTS"
""com.wildcaly.chbaseball.global","MLB Clutch Hit Baseball 2024","GAME_SPORTS"
""com.tapped.dunkworld","Hoop World: Flip Dunk Game 3D","GAME_SPORTS"
""com.refinedgames.americanfootballchamps","American Football Champs","GAME_SPORTS"
""com.concretesoftware.golf","PGA TOUR Golf Shootout","GAME_SPORTS"
""com.outthinking.basketballshoot","Basketball Shooting","GAME_SPORTS"
""com.derwinstudio.golforbit","Golf Orbit: Oneshot Golf Games","GAME_SPORTS"
""com.t2ksports.myteam","NBA 2K24 MyTEAM","GAME_SPORTS"
""com.pnixgames.golfkingwt","Golf King - World Tour","GAME_SPORTS"
""com.azgame.app.poolcity","Billiards City - 8 Ball Pool","GAME_SPORTS"
""com.parkourrace.game","Parkour Race - FreeRun Game","GAME_SPORTS"
""com.miniclip.topskater","Flip Skater","GAME_SPORTS"
""se.illusionlabs.bmx","Touchgrind BMX","GAME_SPORTS"
""com.flamingogamestudio.basketballlife3d","Basketball Life 3D - Dunk Game","GAME_SPORTS"
""com.alberun.mamoball","MamoBall 4v4 Online Soccer","GAME_SPORTS"
""com.Partyup.GolfRoyale","Golf Guys","GAME_SPORTS"
""com.dino.race.master","Car Race","GAME_RACING"
""com.zdb.c23.traffic.driving.simulator","Ultimate Traffic Driving Car","GAME_RACING"
""com.fingersoft.hcr2","Hill Climb Racing 2","GAME_RACING"
""com.hypermonkgames.HighwayOvertake","Highway Overtake - Car Racing","GAME_RACING"
""com.battlecreek.offroadoutlaws","Offroad Outlaws","GAME_RACING"
""com.real.car.racing.stunt.master.driving.game","Real Car Driving Midnight Club","GAME_RACING"
""realcar.driving.traffic.city.car3d.race.openworld","Car Driving Traffic Simulator","GAME_RACING"
""com.fingersoft.hillclimb","Hill Climb Racing","GAME_RACING"
""com.drivezone.car.race.game","Drive Zone: Car Simulator Game","GAME_RACING"
""com.ea.game.nfs14_row","Need for Speed™ No Limits","GAME_RACING"
""com.skgames.trafficrider","Traffic Rider","GAME_RACING"
""com.v09.real.moto.bike.driving.racing.city.open.world","Real Moto Driving Racing World","GAME_RACING"
""com.boombitgames.DrivingSchoolParking","Car Driving School Simulator","GAME_RACING"
""com.MojoGames.EraEvolution","Timeline Up","GAME_RACING"
""com.d18c.epic.high.speed.car.jump.game","High Speed Car : Car Racing 3D","GAME_RACING"
""com.gameloft.android.ANMP.GloftA8HM","Asphalt 8 - Car Racing Game","GAME_RACING"
""racer.idle.merge","Idle Racer — Tap, Merge & Race","GAME_RACING"
""com.chillies.real.car.driving.simulator","Real Car Driving: 3D City","GAME_RACING"
""com.money.run.hypercasual3d","Money Run 3D","GAME_RACING"
""com.gym.racegame","Epic Race 3D – Parkour Game","GAME_RACING"
""com.aim.racing","Extreme Car Driving Simulator","GAME_RACING"
""com.dino.moto.race.master","Bike Race: Racing Game","GAME_RACING"
""com.ig.moto.racing","Moto Rider, Bike Racing Game","GAME_RACING"
""com.vectorunit.purple.googleplay","Beach Buggy Racing","GAME_RACING"
""com.naturalmotion.customstreetracer2","CSR 2 Realistic Drag Racing","GAME_RACING"
""com.pf.bmx.cycle.games.extreme.bicycle.games","BMX Cycle Extreme Bicycle Game","GAME_RACING"
""com.battlecreek.nolimit2","No Limit Drag Racing 2","GAME_RACING"
""com.d03.real.bike.stunt.xtreme.game3D","Bike Stunt Extreme Bike Racing","GAME_RACING"
""com.hyperkani.trialbike","Stunt Bike Extreme","GAME_RACING"
""com.MadOut.BIG","MadOut 2: Grand Auto Racing","GAME_RACING"
""com.combineinc.streetracing.driftthreeD","Street Racing 3D","GAME_RACING"
""car.line.race","Line Race: Police Pursuit","GAME_RACING"
""com.fengiiley.frlegends","FR Legends","GAME_RACING"
""com.monster.demolition","Monster Demolition - Giants 3D","GAME_RACING"
""racearena.io","Cars Arena: Fast Race 3D","GAME_RACING"
""offroad.racing.game","Off Road 4x4 Driving Simulator","GAME_RACING"
""com.budgestudios.googleplay.HotWheelsUnlimited","Hot Wheels Unlimited","GAME_RACING"
""com.ea.games.r3_na","Real Racing 3","GAME_RACING"
""com.refuelgames.rally","Rally Fury - Extreme Racing","GAME_RACING"
""com.candle.moto_race","Moto Race Master","GAME_RACING"
""com.battlecreek.nolimit2dirtdrags","Offroad Outlaws Drag Racing","GAME_RACING"
""com.dodreams.driveahead","Drive Ahead! - Fun Car Battles","GAME_RACING"
""com.hypermonkgames.Drift2Drag","Drift 2 Drag","GAME_RACING"
""com.tbegames.and.best_moto_race","Moto Rider GO: Highway Traffic","GAME_RACING"
""com.x3m.tx4","Trial Xtreme 4 Bike Racing","GAME_RACING"
""air.com.aceviral.motox3m","Moto X3M Bike Race Game","GAME_RACING"
""com.games.bus.arrival","Bus Arrival","GAME_RACING"
""game.revani.racemaxpro","Race Max Pro - Car Racing","GAME_RACING"
""com.hyperkani.stuntcarextreme","Stunt Car Extreme","GAME_RACING"
""com.notdoppler.earntodierogue","Earn to Die Rogue","GAME_RACING"
""com.StudioFurukawa.PixelCarRacer","Pixel Car Racer","GAME_RACING"
""com.turborilla.bike.racing.madskillsmotocross3","Mad Skills Motocross 3","GAME_RACING"
""com.kayac.PuppetmanOffRoad","Puppetman Off-Road","GAME_RACING"
""com.plane.chase","Plane Chase","GAME_RACING"
""com.dogbytegames.offtheroad","OTR - Offroad Car Driving Game","GAME_RACING"
""com.plug.head.man.adventure.racing.hyper.casual.games","Head Connector Plug Race Game","GAME_RACING"
""com.ducky.bikehill3d","Riding Extreme 3D","GAME_RACING"
""com.yg.bike.racinggame","Motocross Bike Racing Game","GAME_RACING"
""com.gameloft.android.ANMP.GloftA9HM","Asphalt Legends Unite","GAME_RACING"
""com.realcardriving.racingcity.masterwheels.bg","Car Driving Master: Race City","GAME_RACING"
""com.kayac.mannequinDownhill","Mannequin Downhill","GAME_RACING"
""com.minicades.stockcars","Stock Car Racing","GAME_RACING"
""com.vodigitalarts.rally1","Rally One : Race to glory","GAME_RACING"
""com.vectorunit.red","Riptide GP2","GAME_RACING"
""com.jura.monster.truck.stunt","Car Games: Monster Truck Stunt","GAME_RACING"
""com.CandyGaming.CarGame","Fast&Grand: Car Driving Game","GAME_RACING"
""com.CarXTech.highWay","CarX Highway Racing","GAME_RACING"
""com.vectorunit.cobalt.googleplay","Beach Buggy Racing 2","GAME_RACING"
""com.cerebelliumapps.motoextremeracing","Motorcycle Real Simulator","GAME_RACING"
""com.cassette.ballsgohigh","Balls Go High","GAME_RACING"
""com.hutchgames.cccg","Top Drives – Car Cards Racing","GAME_RACING"
""com.kayac.type_spin","Type Spin: alphabet run game","GAME_RACING"
""com.foosegames.brasiltuning2","Brasil Tuning 2","GAME_RACING"
""com.miniit.iracing","Instant Drag Racing: Car Games","GAME_RACING"
""car.smash.drive","Crazy Rush 3D: Race Master","GAME_RACING"
""com.ansangha.drparking4","Dr. Parking 4","GAME_RACING"
""com.game.animal.race","Animal Racing","GAME_RACING"
""com.tiramisu.driftmax2","Drift Max Pro Car Racing Game","GAME_RACING"
""com.tojgames.trafficracer","Traffic Racer Pro : Car Games","GAME_RACING"
""com.budgestudios.googleplay.BudgeRacing","Race Craft - Kids Car Games","GAME_RACING"
""com.nathanmalville.slalom2","Double Drift","GAME_RACING"
""com.bc10c.racing.car.master.crazy","Car Driving Master Racing 3D","GAME_RACING"
""com.azurgames.taxi","Taxi Run: Traffic Driver","GAME_RACING"
""com.carxtech.carxdr2","CarX Drift Racing 2","GAME_RACING"
""com.race.master.stunt.drift.racing.drive.free.car.games","Car Racing 3D: Racer Master","GAME_RACING"
""com.olzhas.carparking.multyplayer2","Car Parking Multiplayer 2","GAME_RACING"
""com.kingkodestudio.classicracing","Classic Drag Racing Car Game","GAME_RACING"
""leagueofmonkeys.torqueburnout","Torque Burnout","GAME_RACING"
""com.jura.motor.stunt.master","GT Moto Stunt 3D: Driving Game","GAME_RACING"
""com.fancyforce.happywheels","Happy Wheels","GAME_RACING"
""com.carxtech.sr","CarX Street","GAME_RACING"
""com.mobirix.driveking","Traffic and Driving Simulator","GAME_RACING"
""com.pixelperfectdude.htdrive","#DRIVE","GAME_RACING"
""com.notdoppler.earntodie2","Earn to Die 2","GAME_RACING"
""com.GoofyGamerGames.Pizza","Deliver It 3D","GAME_RACING"
""com.hutchgames.rebelracing","Rebel Racing","GAME_RACING"
""com.ansangha.drdriving","Dr. Driving","GAME_RACING"
""com.MantisGames.FormulaUnlimitedFREE","Fx Racer","GAME_RACING"
""com.gameloft.anmp.disney.speedstorm","Disney Speedstorm","GAME_RACING"
""com.appstrend.top.speed.car.racing.game","City Driving Car Simulator 3D","GAME_RACING"
""com.tocaboca.tocalifeworld","Toca Boca World","GAME_EDUCATIONAL"
""com.rvappstudios.kids.coloring.book.color.painting","Coloring Games: Color & Paint","GAME_EDUCATIONAL"
""com.tocaboca.tocakitchen2","Toca Boca Jr","GAME_EDUCATIONAL"
""org.pbskids.gamesapp","PBS KIDS Games App","GAME_EDUCATIONAL"
""com.rvappstudios.baby.toddler.kids.games.learning.activity","Kids Games: For Toddlers 3-5","GAME_EDUCATIONAL"
""com.sinyee.babybus.taxi","Baby Panda's School Bus","GAME_EDUCATIONAL"
""com.tt.coloring.drawing.girls","Coloring and Drawing For Girls","GAME_EDUCATIONAL"
""com.rvappstudios.baby.games.piano.phone.kids","Baby Games: Piano & Baby Phone","GAME_EDUCATIONAL"
""com.tutotoons.app.fluvsies.free","Fluvsies - A Fluff to Luv","GAME_EDUCATIONAL"
""com.ahaworld.ahaworld","Aha World: Doll Dress-Up Game","GAME_EDUCATIONAL"
""com.rvappstudios.abc_kids_toddler_tracing_phonics","ABC Kids - Tracing & Phonics","GAME_EDUCATIONAL"
""de.softan.multiplication.table","Times Table  - Learn Math","GAME_EDUCATIONAL"
""com.coloring.love","Valentines love coloring book","GAME_EDUCATIONAL"
""com.miaworld.life.avatar.doll.dressup.design.makeover","Mia World - Makeover Life","GAME_EDUCATIONAL"
""com.tutotoons.app.princesses","Princesses - Enchanted Castle","GAME_EDUCATIONAL"
""com.peppapig.worldofpeppapig_g","World of Peppa Pig: Kids Games","GAME_EDUCATIONAL"
""com.sinyee.babybus.shopping","Baby Panda's Supermarket","GAME_EDUCATIONAL"
""com.tutotoons.app.sweetbabygirlcleanup5.free","Sweet Baby Girl Cleanup 5","GAME_EDUCATIONAL"
""com.sagosago.World.googleplay","Sago Mini World: Kids Games","GAME_EDUCATIONAL"
""com.tt.coloring.drawing","Coloring and Drawing For Kids","GAME_EDUCATIONAL"
""com.sinyee.babybus.icecream","Little Panda's Ice Cream Games","GAME_EDUCATIONAL"
""com.rvappstudios.math.kids.counting","Math Kids: Math Games For Kids","GAME_EDUCATIONAL"
""com.psv.like_nastya.event_agency","Like Nastya: Party Time","GAME_EDUCATIONAL"
""com.prodigygame.prodigy","Prodigy Math: Kids Game","GAME_EDUCATIONAL"
""com.sinyee.babybus.princess_coloring_fantasy_magic_girls_games","Princess Game Fantasy Coloring","GAME_EDUCATIONAL"
""art.games.color.princess.coloring","Doll Color: Princess Coloring","GAME_EDUCATIONAL"
""com.Edugamus.CityPatrol","City Patrol : Rescue Vehicles","GAME_EDUCATIONAL"
""com.spinmaster.gabbysdollhouse","Gabbys Dollhouse: Games & Cats","GAME_EDUCATIONAL"
""com.orange.coloring.learn.kids","Coloring & Learn","GAME_EDUCATIONAL"
""com.sesameworkshop.alphabetkitchen.play","Sesame Street Alphabet Kitchen","GAME_EDUCATIONAL"
""com.sinyee.babybus.dentistII","Baby Panda: Dental Care","GAME_EDUCATIONAL"
""com.pazugames.avatarmaker","Avatar Maker Dress up for kids","GAME_EDUCATIONAL"
""com.doll.lifeworld","Pippi World :Avatar Life","GAME_EDUCATIONAL"
""com.ninja.coloringbook","Boys Ninja Coloring & Memory","GAME_EDUCATIONAL"
""com.melemoe.catlife","Lovely Cat World : Avatar Life","GAME_EDUCATIONAL"
""com.tutotoons.app.animalhairsalonaustralia.free","Animal Hair Salon Australia","GAME_EDUCATIONAL"
""boys.coloring.book.painting.games","Kids Coloring Pages For Boys","GAME_EDUCATIONAL"
""com.forqan.tech.PrincessColoring","Princess Coloring Book & Games","GAME_EDUCATIONAL"
""com.educational.baby.games","Baby Games for 1-3 Year Olds","GAME_EDUCATIONAL"
""com.psv.hello_kitty.doctor_hospital","Hello Kitty: Kids Hospital","GAME_EDUCATIONAL"
""com.tutotoons.app.floofmypethouse","Floof - My Pet House","GAME_EDUCATIONAL"
""com.tutotoons.app.kpopsiescuteunicornpets","Kpopsies - Hatch Baby Unicorns","GAME_EDUCATIONAL"
""com.toddler.coloring","Toddler Coloring Book For Kids","GAME_EDUCATIONAL"
""cute.color.coloring.puzzle","Cute Drawing : Anime Color Fan","GAME_EDUCATIONAL"
""com.tutotoons.app.gigglebabies","Giggle Babies - Toddler Care","GAME_EDUCATIONAL"
""com.tutotoons.app.junglefloof","Jungle Floof - Island Pet Care","GAME_EDUCATIONAL"
""com.rvappstudios.math.games.kids.addition.subtraction.multiplication.division","Math Games: Math for Kids","GAME_EDUCATIONAL"
""com.tutotoons.app.fruitsies","Fruitsies - Pet Friends","GAME_EDUCATIONAL"
""com.kids.learning.abc.games","ABC Games: Tracing & phonics","GAME_EDUCATIONAL"
""com.sagosago.School.googleplay","Sago Mini School (Kids 2-5)","GAME_EDUCATIONAL"
""com.sinyee.babybus.princessII","Little Panda: Princess Makeup","GAME_EDUCATIONAL"
""com.dramaton.squisher","Squishy Magic: 3D Toy Coloring","GAME_EDUCATIONAL"
""com.tutotoons.app.lolsurprisediscohouse","L.O.L. Surprise! Disco House","GAME_EDUCATIONAL"
""com.sinyee.babybus.recommendapp.global","Baby Panda's Kids Play","GAME_EDUCATIONAL"
""com.sinyee.babybus.townhospital","Little Panda's Town: Hospital","GAME_EDUCATIONAL"
""com.abcya.android.games","ABCya! Games","GAME_EDUCATIONAL"
""com.tutotoons.app.jungleanimalhairsalon2.free","Jungle Animal Hair Salon 2","GAME_EDUCATIONAL"
""com.crayolallc.crayola_create_and_play","Crayola Create & Play","GAME_EDUCATIONAL"
""com.tutotoons.app.fluvsiesmergeparty","Fluvsies Merge Party","GAME_EDUCATIONAL"
""com.PepiPlay.PepiHospital","Pepi Hospital: Learn & Care","GAME_EDUCATIONAL"
""gen.tech.keiki.world.learning","Keiki Learning games for Kids","GAME_EDUCATIONAL"
""com.rvappstudios.numbers123.toddler.counting.tracing","123 Numbers - Count & Tracing","GAME_EDUCATIONAL"
""com.iz.coloring.games.kids.drawing.book.color.by.number","Coloring Games for Kids: Color","GAME_EDUCATIONAL"
""com.boddle.learning","Boddle","GAME_EDUCATIONAL"
""com.kigle.cocobi.babycare","Cocobi Baby Care - Babysitter","GAME_EDUCATIONAL"
""com.pazugames.nailsalon","Girls Nail Salon - Kids Games","GAME_EDUCATIONAL"
""com.edujoy.masha.games","Masha and the Bear Educational","GAME_EDUCATIONAL"
""com.tt.coloring.drawing.boys","Coloring and Drawing For Boys","GAME_EDUCATIONAL"
""com.pepiplay.pepischool","Pepi School: Fun Kid Games","GAME_EDUCATIONAL"
""com.kigle.cocobi.hospital","Cocobi Hospital - Kids Doctor","GAME_EDUCATIONAL"
""com.storytoys.disney.pixar.coloring.princess.googleplay","Disney Coloring World","GAME_EDUCATIONAL"
""com.storytoys.lego.duplo.peppa.pig.googleplay","LEGO® DUPLO® PEPPA PIG","GAME_EDUCATIONAL"
""com.sinyee.babybus.world","Baby Panda World-Learning Game","GAME_EDUCATIONAL"
""com.my.tizi.town.unicorn.games.girls.dream.house.home.design.decorating","Tizi Town Home Decoration Game","GAME_EDUCATIONAL"
""com.tutotoons.app.mybabyunicorn.free","My Baby Unicorn - Pony Care","GAME_EDUCATIONAL"
""coloring.car.paint.drawing.color.book","Car coloring games - Color car","GAME_EDUCATIONAL"
""com.gamesforkids.preschoolworksheets.alphabets","ABC Tracing Preschool Games 2+","GAME_EDUCATIONAL"
""com.tutotoons.app.kikififipetfriends.free","Kiki & Fifi Pet Friends","GAME_EDUCATIONAL"
""com.bekids.gogotown.salon","Beauty Salon Game for Toddlers","GAME_EDUCATIONAL"
""com.rvappstudios.abc.spelling.toddler.spell.phonics","Spelling & Phonics: Kids Games","GAME_EDUCATIONAL"
""com.kigle.cocobi.lifeworld","Cocobi Life World - city, town","GAME_EDUCATIONAL"
""com.tutotoons.app.smolsies2","Smolsies 2 - Cute Pet Stories","GAME_EDUCATIONAL"
""com.rvappstudios.jigsaw.puzzles.kids","Puzzle Kids: Jigsaw Puzzles","GAME_EDUCATIONAL"
""com.boys.drawing.coloring.games","Drawing Games: Paint And Color","GAME_EDUCATIONAL"
""com.my.tizi.modern.home.decor.room.design.house","Tizi Modern Home & Room Design","GAME_EDUCATIONAL"
""com.rvappstudios.kids.multiplication.games.multiply.math","Kids Multiplication Math Games","GAME_EDUCATIONAL"
""com.playtoddlers.centralhospitalstories.free","Central Hospital Stories","GAME_EDUCATIONAL"
""com.playtoddlers.sweethomestories.free","Sweet Home Stories","GAME_EDUCATIONAL"
""com.psv.lol.surprise.pet_center","L.O.L. Surprise! Pet Center","GAME_EDUCATIONAL"
""com.happytools.learning.kids.games","Bebi: Baby Games for 2-4y kids","GAME_EDUCATIONAL"
""com.YovoGames.babycare","Baby Care : Toddler games","GAME_EDUCATIONAL"
""com.ferrero.applayduGP","Applaydu Play & Discover","GAME_EDUCATIONAL"
""com.rvappstudios.kids.drawing.games.coloring.book.paint","Drawing Games: Draw & Color","GAME_EDUCATIONAL"
""com.tutotoons.app.smolsiesmycutepethouse.free","Smolsies - My Cute Pet House","GAME_EDUCATIONAL"
""uk.co.bluezoo.numberblocks.meet","Meet the Numberblocks","GAME_EDUCATIONAL"
""com.rvappstudios.sight.words.phonics.reading.kids.games","Learn to Read: Kids Games","GAME_EDUCATIONAL"
""jp.co.ofcr.cm00","Cooking Mama: Let's cook!","GAME_EDUCATIONAL"
""com.fabulousfun.babysitterdaycare","BabySitter DayCare Games","GAME_EDUCATIONAL"
""com.doll.pipprincess","Pippi World: Princess Avatar","GAME_EDUCATIONAL"
""com.sinyee.babybus.dress","Little Panda: Doll Dress up","GAME_EDUCATIONAL"
"