{
    "type": "log",
    "source": "class",
    "method": "getInstance",
    "package_name": "ai.art.generator.paint.draw.photo",
    "class_name": "com.google.firebase.analytics.FirebaseAnalytics",
    "timestamp": 1730744993621,
    "ref": "<class: com.google.firebase.analytics.FirebaseAnalytics>",
    "arguments": "{\"0\":\"<instance: android.content.Context, $className: ai.art.generator.paint.draw.photo.BaseApplication>\"}",
    "stack_trace": "java.lang.Exception\n\tat com.google.firebase.analytics.FirebaseAnalytics.getInstance(Native Method)\n\tat n6.p01z.x011(com.google.firebase:firebase-analytics-ktx@@21.2.0:7)\n\tat f01b.p06f.h(SourceFile:1)\n\tat d9.p01z.x022(LocalVersionChecker.kt:13)\n\tat com.icekrvams.air.InitializerProvider.onCreate(InitializerProvider.kt:12)\n\tat android.content.ContentProvider.attachInfo(ContentProvider.java:2650)\n\tat android.content.ContentProvider.attachInfo(ContentProvider.java:2620)\n\tat android.app.ActivityThread.installProvider(ActivityThread.java:8506)\n\tat android.app.ActivityThread.installContentProviders(ActivityThread.java:8017)\n\tat android.app.ActivityThread.handleBindApplication(ActivityThread.java:7704)\n\tat android.app.ActivityThread.handleBindApplication(Native Method)\n\tat android.app.ActivityThread.-$$Nest$mhandleBindApplication(Unknown Source:0)\n\tat android.app.ActivityThread$H.handleMessage(ActivityThread.java:2471)\n\tat android.os.Handler.dispatchMessage(Handler.java:106)\n\tat android.os.Looper.loopOnce(Looper.java:255)\n\tat android.os.Looper.loop(Looper.java:364)\n\tat android.app.ActivityThread.main(ActivityThread.java:8979)\n\tat java.lang.reflect.Method.invoke(Native Method)\n\tat com.android.internal.os.RuntimeInit$MethodAndArgsCaller.run(RuntimeInit.java:572)\n\tat com.android.internal.os.ZygoteInit.main(ZygoteInit.java:1053)\n",
    "is_privacy": false
},
{
    "type": "log",
    "source": "class",
    "method": "initialize",
    "package_name": "ai.art.generator.paint.draw.photo",
    "class_name": "com.google.android.gms.ads.MobileAds",
    "timestamp": 1730744993918,
    "ref": "<class: com.google.android.gms.ads.MobileAds>",
    "arguments": "{\"0\":\"<instance: android.content.Context, $className: ai.art.generator.paint.draw.photo.BaseApplication>\"}",
    "stack_trace": "java.lang.Exception\n\tat com.google.android.gms.ads.MobileAds.initialize(Native Method)\n\tat ai.art.generator.paint.draw.photo.BaseApplication.safedk_BaseApplication_onCreate_85aecb9530329aebd30d9e6f790d58ad(BaseApplication.kt:33)\n\tat ai.art.generator.paint.draw.photo.BaseApplication.onCreate(Unknown Source:8)\n\tat android.app.Instrumentation.callApplicationOnCreate(Instrumentation.java:1335)\n\tat android.app.ActivityThread.handleBindApplication(ActivityThread.java:7722)\n\tat android.app.ActivityThread.handleBindApplication(Native Method)\n\tat android.app.ActivityThread.-$$Nest$mhandleBindApplication(Unknown Source:0)\n\tat android.app.ActivityThread$H.handleMessage(ActivityThread.java:2471)\n\tat android.os.Handler.dispatchMessage(Handler.java:106)\n\tat android.os.Looper.loopOnce(Looper.java:255)\n\tat android.os.Looper.loop(Looper.java:364)\n\tat android.app.ActivityThread.main(ActivityThread.java:8979)\n\tat java.lang.reflect.Method.invoke(Native Method)\n\tat com.android.internal.os.RuntimeInit$MethodAndArgsCaller.run(RuntimeInit.java:572)\n\tat com.android.internal.os.ZygoteInit.main(ZygoteInit.java:1053)\n",
    "is_privacy": false
},
{
    "type": "log",
    "source": "class",
    "method": "build",
    "package_name": "ai.art.generator.paint.draw.photo",
    "class_name": "com.google.android.gms.ads.RequestConfiguration$Builder",
    "timestamp": 1730744993921,
    "ref": "com.google.android.gms.ads.RequestConfiguration$Builder@304783d",
    "arguments": "{}",
    "stack_trace": "java.lang.Exception\n\tat com.google.android.gms.ads.RequestConfiguration$Builder.build(Native Method)\n\tat com.google.android.gms.ads.internal.client.zzej.<init>(com.google.android.gms:play-services-ads-lite@@22.0.0:2)\n\tat com.google.android.gms.ads.internal.client.zzej.zzf(com.google.android.gms:play-services-ads-lite@@22.0.0:1)\n\tat com.google.android.gms.ads.MobileAds.initialize(com.google.android.gms:play-services-ads-lite@@22.0.0:1)\n\tat com.google.android.gms.ads.MobileAds.initialize(Native Method)\n\tat ai.art.generator.paint.draw.photo.BaseApplication.safedk_BaseApplication_onCreate_85aecb9530329aebd30d9e6f790d58ad(BaseApplication.kt:33)\n\tat ai.art.generator.paint.draw.photo.BaseApplication.onCreate(Unknown Source:8)\n\tat android.app.Instrumentation.callApplicationOnCreate(Instrumentation.java:1335)\n\tat android.app.ActivityThread.handleBindApplication(ActivityThread.java:7722)\n\tat android.app.ActivityThread.handleBindApplication(Native Method)\n\tat android.app.ActivityThread.-$$Nest$mhandleBindApplication(Unknown Source:0)\n\tat android.app.ActivityThread$H.handleMessage(ActivityThread.java:2471)\n\tat android.os.Handler.dispatchMessage(Handler.java:106)\n\tat android.os.Looper.loopOnce(Looper.java:255)\n\tat android.os.Looper.loop(Looper.java:364)\n\tat android.app.ActivityThread.main(ActivityThread.java:8979)\n\tat java.lang.reflect.Method.invoke(Native Method)\n\tat com.android.internal.os.RuntimeInit$MethodAndArgsCaller.run(RuntimeInit.java:572)\n\tat com.android.internal.os.ZygoteInit.main(ZygoteInit.java:1053)\n",
    "is_privacy": false
},
{
    "type": "log",
    "source": "class",
    "method": "getInstance",
    "package_name": "ai.art.generator.paint.draw.photo",
    "class_name": "com.google.firebase.analytics.FirebaseAnalytics",
    "timestamp": 1730744994077,
    "ref": "<class: com.google.firebase.analytics.FirebaseAnalytics>",
    "arguments": "{\"0\":\"<instance: android.content.Context, $className: ai.art.generator.paint.draw.photo.BaseApplication>\"}",
    "stack_trace": "java.lang.Exception\n\tat com.google.firebase.analytics.FirebaseAnalytics.getInstance(Native Method)\n\tat java.lang.reflect.Method.invoke(Native Method)\n\tat m.th.f(:com.google.android.gms.dynamite_measurementdynamite@244336029@24.43.36 (190400-0):47)\n\tat m.rr.s(:com.google.android.gms.dynamite_measurementdynamite@244336029@24.43.36 (190400-0):81)\n\tat m.pr.run(:com.google.android.gms.dynamite_measurementdynamite@244336029@24.43.36 (190400-0):2078)\n\tat java.util.concurrent.Executors$RunnableAdapter.call(Executors.java:487)\n\tat java.util.concurrent.FutureTask.run(FutureTask.java:290)\n\tat m.pn.run(:com.google.android.gms.dynamite_measurementdynamite@244336029@24.43.36 (190400-0):48)\n",
    "is_privacy": false
},
{
    "type": "log",
    "source": "class",
    "method": "getFirebaseInstanceId",
    "package_name": "ai.art.generator.paint.draw.photo",
    "class_name": "com.google.firebase.analytics.FirebaseAnalytics",
    "timestamp": 1730744994080,
    "ref": "com.google.firebase.analytics.FirebaseAnalytics@597ade",
    "arguments": "{}",
    "stack_trace": "java.lang.Exception\n\tat com.google.firebase.analytics.FirebaseAnalytics.getFirebaseInstanceId(Native Method)\n\tat java.lang.reflect.Method.invoke(Native Method)\n\tat m.th.f(:com.google.android.gms.dynamite_measurementdynamite@244336029@24.43.36 (190400-0):49)\n\tat m.rr.s(:com.google.android.gms.dynamite_measurementdynamite@244336029@24.43.36 (190400-0):81)\n\tat m.pr.run(:com.google.android.gms.dynamite_measurementdynamite@244336029@24.43.36 (190400-0):2078)\n\tat java.util.concurrent.Executors$RunnableAdapter.call(Executors.java:487)\n\tat java.util.concurrent.FutureTask.run(FutureTask.java:290)\n\tat m.pn.run(:com.google.android.gms.dynamite_measurementdynamite@244336029@24.43.36 (190400-0):48)\n",
    "is_privacy": false
},
{
    "type": "log",
    "source": "class",
    "method": "getInstance",
    "package_name": "ai.art.generator.paint.draw.photo",
    "class_name": "com.google.firebase.analytics.FirebaseAnalytics",
    "timestamp": 1730744994141,
    "ref": "<class: com.google.firebase.analytics.FirebaseAnalytics>",
    "arguments": "{\"0\":\"<instance: android.content.Context, $className: ai.art.generator.paint.draw.photo.BaseApplication>\"}",
    "stack_trace": "java.lang.Exception\n\tat com.google.firebase.analytics.FirebaseAnalytics.getInstance(Native Method)\n\tat java.lang.reflect.Method.invoke(Native Method)\n\tat m.th.f(:com.google.android.gms.dynamite_measurementdynamite@244336029@24.43.36 (190400-0):47)\n\tat m.rr.U(:com.google.android.gms.dynamite_measurementdynamite@244336029@24.43.36 (190400-0):209)\n\tat m.tp.b(:com.google.android.gms.dynamite_measurementdynamite@244336029@24.43.36 (190400-0):70)\n\tat m.tp.a(:com.google.android.gms.dynamite_measurementdynamite@244336029@24.43.36 (190400-0):65)\n\tat m.pr.run(:com.google.android.gms.dynamite_measurementdynamite@244336029@24.43.36 (190400-0):2087)\n\tat java.util.concurrent.Executors$RunnableAdapter.call(Executors.java:487)\n\tat java.util.concurrent.FutureTask.run(FutureTask.java:290)\n\tat m.pn.run(:com.google.android.gms.dynamite_measurementdynamite@244336029@24.43.36 (190400-0):48)\n",
    "is_privacy": false
},
{
    "type": "log",
    "source": "class",
    "method": "getFirebaseInstanceId",
    "package_name": "ai.art.generator.paint.draw.photo",
    "class_name": "com.google.firebase.analytics.FirebaseAnalytics",
    "timestamp": 1730744994145,
    "ref": "com.google.firebase.analytics.FirebaseAnalytics@597ade",
    "arguments": "{}",
    "stack_trace": "java.lang.Exception\n\tat com.google.firebase.analytics.FirebaseAnalytics.getFirebaseInstanceId(Native Method)\n\tat java.lang.reflect.Method.invoke(Native Method)\n\tat m.th.f(:com.google.android.gms.dynamite_measurementdynamite@244336029@24.43.36 (190400-0):49)\n\tat m.rr.U(:com.google.android.gms.dynamite_measurementdynamite@244336029@24.43.36 (190400-0):209)\n\tat m.tp.b(:com.google.android.gms.dynamite_measurementdynamite@244336029@24.43.36 (190400-0):70)\n\tat m.tp.a(:com.google.android.gms.dynamite_measurementdynamite@244336029@24.43.36 (190400-0):65)\n\tat m.pr.run(:com.google.android.gms.dynamite_measurementdynamite@244336029@24.43.36 (190400-0):2087)\n\tat java.util.concurrent.Executors$RunnableAdapter.call(Executors.java:487)\n\tat java.util.concurrent.FutureTask.run(FutureTask.java:290)\n\tat m.pn.run(:com.google.android.gms.dynamite_measurementdynamite@244336029@24.43.36 (190400-0):48)\n",
    "is_privacy": false
},
{
    "type": "log",
    "source": "class",
    "method": "getInstance",
    "package_name": "ai.art.generator.paint.draw.photo",
    "class_name": "com.google.firebase.analytics.FirebaseAnalytics",
    "timestamp": 1730744994176,
    "ref": "<class: com.google.firebase.analytics.FirebaseAnalytics>",
    "arguments": "{\"0\":\"<instance: android.content.Context, $className: ai.art.generator.paint.draw.photo.BaseApplication>\"}",
    "stack_trace": "java.lang.Exception\n\tat com.google.firebase.analytics.FirebaseAnalytics.getInstance(Native Method)\n\tat java.lang.reflect.Method.invoke(Native Method)\n\tat m.th.f(:com.google.android.gms.dynamite_measurementdynamite@244336029@24.43.36 (190400-0):47)\n\tat m.rr.Y(:com.google.android.gms.dynamite_measurementdynamite@244336029@24.43.36 (190400-0):143)\n\tat m.rr.H(:com.google.android.gms.dynamite_measurementdynamite@244336029@24.43.36 (190400-0):30)\n\tat m.tp.b(:com.google.android.gms.dynamite_measurementdynamite@244336029@24.43.36 (190400-0):123)\n\tat m.tp.a(:com.google.android.gms.dynamite_measurementdynamite@244336029@24.43.36 (190400-0):65)\n\tat m.pr.run(:com.google.android.gms.dynamite_measurementdynamite@244336029@24.43.36 (190400-0):2087)\n\tat java.util.concurrent.Executors$RunnableAdapter.call(Executors.java:487)\n\tat java.util.concurrent.FutureTask.run(FutureTask.java:290)\n\tat m.pn.run(:com.google.android.gms.dynamite_measurementdynamite@244336029@24.43.36 (190400-0):48)\n",
    "is_privacy": false
},
{
    "type": "log",
    "source": "class",
    "method": "getFirebaseInstanceId",
    "package_name": "ai.art.generator.paint.draw.photo",
    "class_name": "com.google.firebase.analytics.FirebaseAnalytics",
    "timestamp": 1730744994179,
    "ref": "com.google.firebase.analytics.FirebaseAnalytics@597ade",
    "arguments": "{}",
    "stack_trace": "java.lang.Exception\n\tat com.google.firebase.analytics.FirebaseAnalytics.getFirebaseInstanceId(Native Method)\n\tat java.lang.reflect.Method.invoke(Native Method)\n\tat m.th.f(:com.google.android.gms.dynamite_measurementdynamite@244336029@24.43.36 (190400-0):49)\n\tat m.rr.Y(:com.google.android.gms.dynamite_measurementdynamite@244336029@24.43.36 (190400-0):143)\n\tat m.rr.H(:com.google.android.gms.dynamite_measurementdynamite@244336029@24.43.36 (190400-0):30)\n\tat m.tp.b(:com.google.android.gms.dynamite_measurementdynamite@244336029@24.43.36 (190400-0):123)\n\tat m.tp.a(:com.google.android.gms.dynamite_measurementdynamite@244336029@24.43.36 (190400-0):65)\n\tat m.pr.run(:com.google.android.gms.dynamite_measurementdynamite@244336029@24.43.36 (190400-0):2087)\n\tat java.util.concurrent.Executors$RunnableAdapter.call(Executors.java:487)\n\tat java.util.concurrent.FutureTask.run(FutureTask.java:290)\n\tat m.pn.run(:com.google.android.gms.dynamite_measurementdynamite@244336029@24.43.36 (190400-0):48)\n",
    "is_privacy": false
},
{
    "type": "log",
    "source": "class",
    "method": "getInstance",
    "package_name": "ai.art.generator.paint.draw.photo",
    "class_name": "com.google.firebase.analytics.FirebaseAnalytics",
    "timestamp": 1730744994191,
    "ref": "<class: com.google.firebase.analytics.FirebaseAnalytics>",
    "arguments": "{\"0\":\"<instance: android.content.Context, $className: ai.art.generator.paint.draw.photo.BaseApplication>\"}",
    "stack_trace": "java.lang.Exception\n\tat com.google.firebase.analytics.FirebaseAnalytics.getInstance(Native Method)\n\tat java.lang.reflect.Method.invoke(Native Method)\n\tat m.th.f(:com.google.android.gms.dynamite_measurementdynamite@244336029@24.43.36 (190400-0):47)\n\tat m.th.s(:com.google.android.gms.dynamite_measurementdynamite@244336029@24.43.36 (190400-0):8)\n\tat m.pr.run(:com.google.android.gms.dynamite_measurementdynamite@244336029@24.43.36 (190400-0):2099)\n\tat java.util.concurrent.Executors$RunnableAdapter.call(Executors.java:487)\n\tat java.util.concurrent.FutureTask.run(FutureTask.java:290)\n\tat m.pn.run(:com.google.android.gms.dynamite_measurementdynamite@244336029@24.43.36 (190400-0):48)\n",
    "is_privacy": false
},
{
    "type": "log",
    "source": "class",
    "method": "getFirebaseInstanceId",
    "package_name": "ai.art.generator.paint.draw.photo",
    "class_name": "com.google.firebase.analytics.FirebaseAnalytics",
    "timestamp": 1730744994194,
    "ref": "com.google.firebase.analytics.FirebaseAnalytics@597ade",
    "arguments": "{}",
    "stack_trace": "java.lang.Exception\n\tat com.google.firebase.analytics.FirebaseAnalytics.getFirebaseInstanceId(Native Method)\n\tat java.lang.reflect.Method.invoke(Native Method)\n\tat m.th.f(:com.google.android.gms.dynamite_measurementdynamite@244336029@24.43.36 (190400-0):49)\n\tat m.th.s(:com.google.android.gms.dynamite_measurementdynamite@244336029@24.43.36 (190400-0):8)\n\tat m.pr.run(:com.google.android.gms.dynamite_measurementdynamite@244336029@24.43.36 (190400-0):2099)\n\tat java.util.concurrent.Executors$RunnableAdapter.call(Executors.java:487)\n\tat java.util.concurrent.FutureTask.run(FutureTask.java:290)\n\tat m.pn.run(:com.google.android.gms.dynamite_measurementdynamite@244336029@24.43.36 (190400-0):48)\n",
    "is_privacy": false
},
{
    "type": "log",
    "source": "class",
    "method": "getInstance",
    "package_name": "ai.art.generator.paint.draw.photo",
    "class_name": "com.google.firebase.analytics.FirebaseAnalytics",
    "timestamp": 1730744994206,
    "ref": "<class: com.google.firebase.analytics.FirebaseAnalytics>",
    "arguments": "{\"0\":\"<instance: android.content.Context, $className: ai.art.generator.paint.draw.photo.BaseApplication>\"}",
    "stack_trace": "java.lang.Exception\n\tat com.google.firebase.analytics.FirebaseAnalytics.getInstance(Native Method)\n\tat java.lang.reflect.Method.invoke(Native Method)\n\tat m.th.f(:com.google.android.gms.dynamite_measurementdynamite@244336029@24.43.36 (190400-0):47)\n\tat m.th.F(:com.google.android.gms.dynamite_measurementdynamite@244336029@24.43.36 (190400-0):8)\n\tat m.pr.run(:com.google.android.gms.dynamite_measurementdynamite@244336029@24.43.36 (190400-0):2116)\n\tat java.util.concurrent.Executors$RunnableAdapter.call(Executors.java:487)\n\tat java.util.concurrent.FutureTask.run(FutureTask.java:290)\n\tat m.pn.run(:com.google.android.gms.dynamite_measurementdynamite@244336029@24.43.36 (190400-0):48)\n",
    "is_privacy": false
},
{
    "type": "log",
    "source": "class",
    "method": "getFirebaseInstanceId",
    "package_name": "ai.art.generator.paint.draw.photo",
    "class_name": "com.google.firebase.analytics.FirebaseAnalytics",
    "timestamp": 1730744994209,
    "ref": "com.google.firebase.analytics.FirebaseAnalytics@597ade",
    "arguments": "{}",
    "stack_trace": "java.lang.Exception\n\tat com.google.firebase.analytics.FirebaseAnalytics.getFirebaseInstanceId(Native Method)\n\tat java.lang.reflect.Method.invoke(Native Method)\n\tat m.th.f(:com.google.android.gms.dynamite_measurementdynamite@244336029@24.43.36 (190400-0):49)\n\tat m.th.F(:com.google.android.gms.dynamite_measurementdynamite@244336029@24.43.36 (190400-0):8)\n\tat m.pr.run(:com.google.android.gms.dynamite_measurementdynamite@244336029@24.43.36 (190400-0):2116)\n\tat java.util.concurrent.Executors$RunnableAdapter.call(Executors.java:487)\n\tat java.util.concurrent.FutureTask.run(FutureTask.java:290)\n\tat m.pn.run(:com.google.android.gms.dynamite_measurementdynamite@244336029@24.43.36 (190400-0):48)\n",
    "is_privacy": false
},
{
    "type": "log",
    "source": "class",
    "method": "getInstance",
    "package_name": "ai.art.generator.paint.draw.photo",
    "class_name": "com.google.firebase.analytics.FirebaseAnalytics",
    "timestamp": 1730744994246,
    "ref": "<class: com.google.firebase.analytics.FirebaseAnalytics>",
    "arguments": "{\"0\":\"<instance: android.content.Context, $className: ai.art.generator.paint.draw.photo.BaseApplication>\"}",
    "stack_trace": "java.lang.Exception\n\tat com.google.firebase.analytics.FirebaseAnalytics.getInstance(Native Method)\n\tat java.lang.reflect.Method.invoke(Native Method)\n\tat m.th.f(:com.google.android.gms.dynamite_measurementdynamite@244336029@24.43.36 (190400-0):47)\n\tat m.rr.Y(:com.google.android.gms.dynamite_measurementdynamite@244336029@24.43.36 (190400-0):143)\n\tat m.qw.run(:com.google.android.gms.dynamite_measurementdynamite@244336029@24.43.36 (190400-0):17)\n\tat java.util.concurrent.Executors$RunnableAdapter.call(Executors.java:487)\n\tat java.util.concurrent.FutureTask.run(FutureTask.java:290)\n\tat m.pn.run(:com.google.android.gms.dynamite_measurementdynamite@244336029@24.43.36 (190400-0):48)\n",
    "is_privacy": false
},
{
    "type": "log",
    "source": "class",
    "method": "getFirebaseInstanceId",
    "package_name": "ai.art.generator.paint.draw.photo",
    "class_name": "com.google.firebase.analytics.FirebaseAnalytics",
    "timestamp": 1730744994248,
    "ref": "com.google.firebase.analytics.FirebaseAnalytics@597ade",
    "arguments": "{}",
    "stack_trace": "java.lang.Exception\n\tat com.google.firebase.analytics.FirebaseAnalytics.getFirebaseInstanceId(Native Method)\n\tat java.lang.reflect.Method.invoke(Native Method)\n\tat m.th.f(:com.google.android.gms.dynamite_measurementdynamite@244336029@24.43.36 (190400-0):49)\n\tat m.rr.Y(:com.google.android.gms.dynamite_measurementdynamite@244336029@24.43.36 (190400-0):143)\n\tat m.qw.run(:com.google.android.gms.dynamite_measurementdynamite@244336029@24.43.36 (190400-0):17)\n\tat java.util.concurrent.Executors$RunnableAdapter.call(Executors.java:487)\n\tat java.util.concurrent.FutureTask.run(FutureTask.java:290)\n\tat m.pn.run(:com.google.android.gms.dynamite_measurementdynamite@244336029@24.43.36 (190400-0):48)\n",
    "is_privacy": false
},
{
    "type": "log",
    "source": "class",
    "method": "getTagForChildDirectedTreatment",
    "package_name": "ai.art.generator.paint.draw.photo",
    "class_name": "com.google.android.gms.ads.RequestConfiguration",
    "timestamp": 1730744994565,
    "ref": "com.google.android.gms.ads.RequestConfiguration@7ba746a",
    "arguments": "{}",
    "stack_trace": "java.lang.Exception\n\tat com.google.android.gms.ads.RequestConfiguration.getTagForChildDirectedTreatment(Native Method)\n\tat com.google.android.gms.ads.internal.client.zzej.zzm(com.google.android.gms:play-services-ads-lite@@22.0.0:11)\n\tat com.google.android.gms.ads.MobileAds.initialize(com.google.android.gms:play-services-ads-lite@@22.0.0:2)\n\tat com.google.android.gms.ads.MobileAds.initialize(Native Method)\n\tat ai.art.generator.paint.draw.photo.BaseApplication.safedk_BaseApplication_onCreate_85aecb9530329aebd30d9e6f790d58ad(BaseApplication.kt:33)\n\tat ai.art.generator.paint.draw.photo.BaseApplication.onCreate(Unknown Source:8)\n\tat android.app.Instrumentation.callApplicationOnCreate(Instrumentation.java:1335)\n\tat android.app.ActivityThread.handleBindApplication(ActivityThread.java:7722)\n\tat android.app.ActivityThread.handleBindApplication(Native Method)\n\tat android.app.ActivityThread.-$$Nest$mhandleBindApplication(Unknown Source:0)\n\tat android.app.ActivityThread$H.handleMessage(ActivityThread.java:2471)\n\tat android.os.Handler.dispatchMessage(Handler.java:106)\n\tat android.os.Looper.loopOnce(Looper.java:255)\n\tat android.os.Looper.loop(Looper.java:364)\n\tat android.app.ActivityThread.main(ActivityThread.java:8979)\n\tat java.lang.reflect.Method.invoke(Native Method)\n\tat com.android.internal.os.RuntimeInit$MethodAndArgsCaller.run(RuntimeInit.java:572)\n\tat com.android.internal.os.ZygoteInit.main(ZygoteInit.java:1053)\n",
    "is_privacy": false
},
{
    "type": "log",
    "source": "class",
    "method": "getTagForUnderAgeOfConsent",
    "package_name": "ai.art.generator.paint.draw.photo",
    "class_name": "com.google.android.gms.ads.RequestConfiguration",
    "timestamp": 1730744994567,
    "ref": "com.google.android.gms.ads.RequestConfiguration@7ba746a",
    "arguments": "{}",
    "stack_trace": "java.lang.Exception\n\tat com.google.android.gms.ads.RequestConfiguration.getTagForUnderAgeOfConsent(Native Method)\n\tat com.google.android.gms.ads.internal.client.zzej.zzm(com.google.android.gms:play-services-ads-lite@@22.0.0:12)\n\tat com.google.android.gms.ads.MobileAds.initialize(com.google.android.gms:play-services-ads-lite@@22.0.0:2)\n\tat com.google.android.gms.ads.MobileAds.initialize(Native Method)\n\tat ai.art.generator.paint.draw.photo.BaseApplication.safedk_BaseApplication_onCreate_85aecb9530329aebd30d9e6f790d58ad(BaseApplication.kt:33)\n\tat ai.art.generator.paint.draw.photo.BaseApplication.onCreate(Unknown Source:8)\n\tat android.app.Instrumentation.callApplicationOnCreate(Instrumentation.java:1335)\n\tat android.app.ActivityThread.handleBindApplication(ActivityThread.java:7722)\n\tat android.app.ActivityThread.handleBindApplication(Native Method)\n\tat android.app.ActivityThread.-$$Nest$mhandleBindApplication(Unknown Source:0)\n\tat android.app.ActivityThread$H.handleMessage(ActivityThread.java:2471)\n\tat android.os.Handler.dispatchMessage(Handler.java:106)\n\tat android.os.Looper.loopOnce(Looper.java:255)\n\tat android.os.Looper.loop(Looper.java:364)\n\tat android.app.ActivityThread.main(ActivityThread.java:8979)\n\tat java.lang.reflect.Method.invoke(Native Method)\n\tat com.android.internal.os.RuntimeInit$MethodAndArgsCaller.run(RuntimeInit.java:572)\n\tat com.android.internal.os.ZygoteInit.main(ZygoteInit.java:1053)\n",
    "is_privacy": false
},
{
    "type": "log",
    "source": "class",
    "method": "getInstance",
    "package_name": "ai.art.generator.paint.draw.photo",
    "class_name": "com.google.firebase.analytics.FirebaseAnalytics",
    "timestamp": 1730744994574,
    "ref": "<class: com.google.firebase.analytics.FirebaseAnalytics>",
    "arguments": "{\"0\":\"<instance: android.content.Context, $className: ai.art.generator.paint.draw.photo.BaseApplication>\"}",
    "stack_trace": "java.lang.Exception\n\tat com.google.firebase.analytics.FirebaseAnalytics.getInstance(Native Method)\n\tat s.i.x011(OxFirebaseEventTracker.kt:1)\n\tat s.i.x022(OxFirebaseEventTracker.kt:2)\n\tat t.p02z.x011(OxAdSdk.java:10)\n\tat ai.art.generator.paint.draw.photo.BaseApplication.safedk_BaseApplication_onCreate_85aecb9530329aebd30d9e6f790d58ad(BaseApplication.kt:59)\n\tat ai.art.generator.paint.draw.photo.BaseApplication.onCreate(Unknown Source:8)\n\tat android.app.Instrumentation.callApplicationOnCreate(Instrumentation.java:1335)\n\tat android.app.ActivityThread.handleBindApplication(ActivityThread.java:7722)\n\tat android.app.ActivityThread.handleBindApplication(Native Method)\n\tat android.app.ActivityThread.-$$Nest$mhandleBindApplication(Unknown Source:0)\n\tat android.app.ActivityThread$H.handleMessage(ActivityThread.java:2471)\n\tat android.os.Handler.dispatchMessage(Handler.java:106)\n\tat android.os.Looper.loopOnce(Looper.java:255)\n\tat android.os.Looper.loop(Looper.java:364)\n\tat android.app.ActivityThread.main(ActivityThread.java:8979)\n\tat java.lang.reflect.Method.invoke(Native Method)\n\tat com.android.internal.os.RuntimeInit$MethodAndArgsCaller.run(RuntimeInit.java:572)\n\tat com.android.internal.os.ZygoteInit.main(ZygoteInit.java:1053)\n",
    "is_privacy": false
},
{
    "type": "log",
    "source": "class",
    "method": "init",
    "package_name": "ai.art.generator.paint.draw.photo",
    "class_name": "com.adjust.sdk.AdjustConfig",
    "timestamp": 1730744994577,
    "ref": "com.adjust.sdk.AdjustConfig@bbe0ac5",
    "arguments": "{\"0\":\"<instance: android.content.Context, $className: ai.art.generator.paint.draw.photo.BaseApplication>\",\"1\":\"vl0a785yq9ds\",\"2\":\"production\",\"3\":false}",
    "stack_trace": "java.lang.Exception\n\tat com.adjust.sdk.AdjustConfig.init(Native Method)\n\tat com.adjust.sdk.AdjustConfig.<init>(Unknown Source:4)\n\tat ai.art.generator.paint.draw.photo.BaseApplication.safedk_BaseApplication_onCreate_85aecb9530329aebd30d9e6f790d58ad(BaseApplication.kt:61)\n\tat ai.art.generator.paint.draw.photo.BaseApplication.onCreate(Unknown Source:8)\n\tat android.app.Instrumentation.callApplicationOnCreate(Instrumentation.java:1335)\n\tat android.app.ActivityThread.handleBindApplication(ActivityThread.java:7722)\n\tat android.app.ActivityThread.handleBindApplication(Native Method)\n\tat android.app.ActivityThread.-$$Nest$mhandleBindApplication(Unknown Source:0)\n\tat android.app.ActivityThread$H.handleMessage(ActivityThread.java:2471)\n\tat android.os.Handler.dispatchMessage(Handler.java:106)\n\tat android.os.Looper.loopOnce(Looper.java:255)\n\tat android.os.Looper.loop(Looper.java:364)\n\tat android.app.ActivityThread.main(ActivityThread.java:8979)\n\tat java.lang.reflect.Method.invoke(Native Method)\n\tat com.android.internal.os.RuntimeInit$MethodAndArgsCaller.run(RuntimeInit.java:572)\n\tat com.android.internal.os.ZygoteInit.main(ZygoteInit.java:1053)\n",
    "is_privacy": false
},
{
    "type": "log",
    "source": "class",
    "method": "setLogLevel",
    "package_name": "ai.art.generator.paint.draw.photo",
    "class_name": "com.adjust.sdk.AdjustConfig",
    "timestamp": 1730744994579,
    "ref": "com.adjust.sdk.AdjustConfig@bbe0ac5",
    "arguments": "{\"0\":\"<instance: com.adjust.sdk.LogLevel>\",\"1\":\"production\"}",
    "stack_trace": "java.lang.Exception\n\tat com.adjust.sdk.AdjustConfig.setLogLevel(Native Method)\n\tat com.adjust.sdk.AdjustConfig.init(Unknown Source:21)\n\tat com.adjust.sdk.AdjustConfig.init(Native Method)\n\tat com.adjust.sdk.AdjustConfig.<init>(Unknown Source:4)\n\tat ai.art.generator.paint.draw.photo.BaseApplication.safedk_BaseApplication_onCreate_85aecb9530329aebd30d9e6f790d58ad(BaseApplication.kt:61)\n\tat ai.art.generator.paint.draw.photo.BaseApplication.onCreate(Unknown Source:8)\n\tat android.app.Instrumentation.callApplicationOnCreate(Instrumentation.java:1335)\n\tat android.app.ActivityThread.handleBindApplication(ActivityThread.java:7722)\n\tat android.app.ActivityThread.handleBindApplication(Native Method)\n\tat android.app.ActivityThread.-$$Nest$mhandleBindApplication(Unknown Source:0)\n\tat android.app.ActivityThread$H.handleMessage(ActivityThread.java:2471)\n\tat android.os.Handler.dispatchMessage(Handler.java:106)\n\tat android.os.Looper.loopOnce(Looper.java:255)\n\tat android.os.Looper.loop(Looper.java:364)\n\tat android.app.ActivityThread.main(ActivityThread.java:8979)\n\tat java.lang.reflect.Method.invoke(Native Method)\n\tat com.android.internal.os.RuntimeInit$MethodAndArgsCaller.run(RuntimeInit.java:572)\n\tat com.android.internal.os.ZygoteInit.main(ZygoteInit.java:1053)\n",
    "is_privacy": false
},
{
    "type": "log",
    "source": "class",
    "method": "setOnAttributionChangedListener",
    "package_name": "ai.art.generator.paint.draw.photo",
    "class_name": "com.adjust.sdk.AdjustConfig",
    "timestamp": 1730744994583,
    "ref": "com.adjust.sdk.AdjustConfig@bbe0ac5",
    "arguments": "{\"0\":\"<instance: com.adjust.sdk.OnAttributionChangedListener, $className: f08y.p02z>\"}",
    "stack_trace": "java.lang.Exception\n\tat com.adjust.sdk.AdjustConfig.setOnAttributionChangedListener(Native Method)\n\tat ai.art.generator.paint.draw.photo.BaseApplication.safedk_BaseApplication_onCreate_85aecb9530329aebd30d9e6f790d58ad(BaseApplication.kt:62)\n\tat ai.art.generator.paint.draw.photo.BaseApplication.onCreate(Unknown Source:8)\n\tat android.app.Instrumentation.callApplicationOnCreate(Instrumentation.java:1335)\n\tat android.app.ActivityThread.handleBindApplication(ActivityThread.java:7722)\n\tat android.app.ActivityThread.handleBindApplication(Native Method)\n\tat android.app.ActivityThread.-$$Nest$mhandleBindApplication(Unknown Source:0)\n\tat android.app.ActivityThread$H.handleMessage(ActivityThread.java:2471)\n\tat android.os.Handler.dispatchMessage(Handler.java:106)\n\tat android.os.Looper.loopOnce(Looper.java:255)\n\tat android.os.Looper.loop(Looper.java:364)\n\tat android.app.ActivityThread.main(ActivityThread.java:8979)\n\tat java.lang.reflect.Method.invoke(Native Method)\n\tat com.android.internal.os.RuntimeInit$MethodAndArgsCaller.run(RuntimeInit.java:572)\n\tat com.android.internal.os.ZygoteInit.main(ZygoteInit.java:1053)\n",
    "is_privacy": false
},
{
    "type": "log",
    "source": "class",
    "method": "onCreate",
    "package_name": "ai.art.generator.paint.draw.photo",
    "class_name": "com.adjust.sdk.Adjust",
    "timestamp": 1730744994585,
    "ref": "<class: com.adjust.sdk.Adjust>",
    "arguments": "{\"0\":\"<instance: com.adjust.sdk.AdjustConfig>\"}",
    "stack_trace": "java.lang.Exception\n\tat com.adjust.sdk.Adjust.onCreate(Native Method)\n\tat ai.art.generator.paint.draw.photo.BaseApplication.safedk_BaseApplication_onCreate_85aecb9530329aebd30d9e6f790d58ad(BaseApplication.kt:63)\n\tat ai.art.generator.paint.draw.photo.BaseApplication.onCreate(Unknown Source:8)\n\tat android.app.Instrumentation.callApplicationOnCreate(Instrumentation.java:1335)\n\tat android.app.ActivityThread.handleBindApplication(ActivityThread.java:7722)\n\tat android.app.ActivityThread.handleBindApplication(Native Method)\n\tat android.app.ActivityThread.-$$Nest$mhandleBindApplication(Unknown Source:0)\n\tat android.app.ActivityThread$H.handleMessage(ActivityThread.java:2471)\n\tat android.os.Handler.dispatchMessage(Handler.java:106)\n\tat android.os.Looper.loopOnce(Looper.java:255)\n\tat android.os.Looper.loop(Looper.java:364)\n\tat android.app.ActivityThread.main(ActivityThread.java:8979)\n\tat java.lang.reflect.Method.invoke(Native Method)\n\tat com.android.internal.os.RuntimeInit$MethodAndArgsCaller.run(RuntimeInit.java:572)\n\tat com.android.internal.os.ZygoteInit.main(ZygoteInit.java:1053)\n",
    "is_privacy": false
},
{
    "type": "log",
    "source": "class",
    "method": "getDefaultInstance",
    "package_name": "ai.art.generator.paint.draw.photo",
    "class_name": "com.adjust.sdk.Adjust",
    "timestamp": 1730744994587,
    "ref": "<class: com.adjust.sdk.Adjust>",
    "arguments": "{}",
    "stack_trace": "java.lang.Exception\n\tat com.adjust.sdk.Adjust.getDefaultInstance(Native Method)\n\tat com.adjust.sdk.Adjust.onCreate(Unknown Source:0)\n\tat com.adjust.sdk.Adjust.onCreate(Native Method)\n\tat ai.art.generator.paint.draw.photo.BaseApplication.safedk_BaseApplication_onCreate_85aecb9530329aebd30d9e6f790d58ad(BaseApplication.kt:63)\n\tat ai.art.generator.paint.draw.photo.BaseApplication.onCreate(Unknown Source:8)\n\tat android.app.Instrumentation.callApplicationOnCreate(Instrumentation.java:1335)\n\tat android.app.ActivityThread.handleBindApplication(ActivityThread.java:7722)\n\tat android.app.ActivityThread.handleBindApplication(Native Method)\n\tat android.app.ActivityThread.-$$Nest$mhandleBindApplication(Unknown Source:0)\n\tat android.app.ActivityThread$H.handleMessage(ActivityThread.java:2471)\n\tat android.os.Handler.dispatchMessage(Handler.java:106)\n\tat android.os.Looper.loopOnce(Looper.java:255)\n\tat android.os.Looper.loop(Looper.java:364)\n\tat android.app.ActivityThread.main(ActivityThread.java:8979)\n\tat java.lang.reflect.Method.invoke(Native Method)\n\tat com.android.internal.os.RuntimeInit$MethodAndArgsCaller.run(RuntimeInit.java:572)\n\tat com.android.internal.os.ZygoteInit.main(ZygoteInit.java:1053)\n",
    "is_privacy": false
},
{
    "type": "log",
    "source": "class",
    "method": "isValid",
    "package_name": "ai.art.generator.paint.draw.photo",
    "class_name": "com.adjust.sdk.AdjustConfig",
    "timestamp": 1730744994590,
    "ref": "com.adjust.sdk.AdjustConfig@bbe0ac5",
    "arguments": "{}",
    "stack_trace": "java.lang.Exception\n\tat com.adjust.sdk.AdjustConfig.isValid(Native Method)\n\tat com.adjust.sdk.AdjustInstance.onCreate(Unknown Source:15)\n\tat com.adjust.sdk.Adjust.onCreate(Unknown Source:4)\n\tat com.adjust.sdk.Adjust.onCreate(Native Method)\n\tat ai.art.generator.paint.draw.photo.BaseApplication.safedk_BaseApplication_onCreate_85aecb9530329aebd30d9e6f790d58ad(BaseApplication.kt:63)\n\tat ai.art.generator.paint.draw.photo.BaseApplication.onCreate(Unknown Source:8)\n\tat android.app.Instrumentation.callApplicationOnCreate(Instrumentation.java:1335)\n\tat android.app.ActivityThread.handleBindApplication(ActivityThread.java:7722)\n\tat android.app.ActivityThread.handleBindApplication(Native Method)\n\tat android.app.ActivityThread.-$$Nest$mhandleBindApplication(Unknown Source:0)\n\tat android.app.ActivityThread$H.handleMessage(ActivityThread.java:2471)\n\tat android.os.Handler.dispatchMessage(Handler.java:106)\n\tat android.os.Looper.loopOnce(Looper.java:255)\n\tat android.os.Looper.loop(Looper.java:364)\n\tat android.app.ActivityThread.main(ActivityThread.java:8979)\n\tat java.lang.reflect.Method.invoke(Native Method)\n\tat com.android.internal.os.RuntimeInit$MethodAndArgsCaller.run(RuntimeInit.java:572)\n\tat com.android.internal.os.ZygoteInit.main(ZygoteInit.java:1053)\n",
    "is_privacy": false
},
{
    "type": "log",
    "source": "class",
    "method": "checkAppToken",
    "package_name": "ai.art.generator.paint.draw.photo",
    "class_name": "com.adjust.sdk.AdjustConfig",
    "timestamp": 1730744994591,
    "ref": "com.adjust.sdk.AdjustConfig@bbe0ac5",
    "arguments": "{\"0\":\"vl0a785yq9ds\"}",
    "stack_trace": "java.lang.Exception\n\tat com.adjust.sdk.AdjustConfig.checkAppToken(Native Method)\n\tat com.adjust.sdk.AdjustConfig.isValid(Unknown Source:2)\n\tat com.adjust.sdk.AdjustConfig.isValid(Native Method)\n\tat com.adjust.sdk.AdjustInstance.onCreate(Unknown Source:15)\n\tat com.adjust.sdk.Adjust.onCreate(Unknown Source:4)\n\tat com.adjust.sdk.Adjust.onCreate(Native Method)\n\tat ai.art.generator.paint.draw.photo.BaseApplication.safedk_BaseApplication_onCreate_85aecb9530329aebd30d9e6f790d58ad(BaseApplication.kt:63)\n\tat ai.art.generator.paint.draw.photo.BaseApplication.onCreate(Unknown Source:8)\n\tat android.app.Instrumentation.callApplicationOnCreate(Instrumentation.java:1335)\n\tat android.app.ActivityThread.handleBindApplication(ActivityThread.java:7722)\n\tat android.app.ActivityThread.handleBindApplication(Native Method)\n\tat android.app.ActivityThread.-$$Nest$mhandleBindApplication(Unknown Source:0)\n\tat android.app.ActivityThread$H.handleMessage(ActivityThread.java:2471)\n\tat android.os.Handler.dispatchMessage(Handler.java:106)\n\tat android.os.Looper.loopOnce(Looper.java:255)\n\tat android.os.Looper.loop(Looper.java:364)\n\tat android.app.ActivityThread.main(ActivityThread.java:8979)\n\tat java.lang.reflect.Method.invoke(Native Method)\n\tat com.android.internal.os.RuntimeInit$MethodAndArgsCaller.run(RuntimeInit.java:572)\n\tat com.android.internal.os.ZygoteInit.main(ZygoteInit.java:1053)\n",
    "is_privacy": false
},
{
    "type": "log",
    "source": "class",
    "method": "checkEnvironment",
    "package_name": "ai.art.generator.paint.draw.photo",
    "class_name": "com.adjust.sdk.AdjustConfig",
    "timestamp": 1730744994592,
    "ref": "com.adjust.sdk.AdjustConfig@bbe0ac5",
    "arguments": "{\"0\":\"production\"}",
    "stack_trace": "java.lang.Exception\n\tat com.adjust.sdk.AdjustConfig.checkEnvironment(Native Method)\n\tat com.adjust.sdk.AdjustConfig.isValid(Unknown Source:12)\n\tat com.adjust.sdk.AdjustConfig.isValid(Native Method)\n\tat com.adjust.sdk.AdjustInstance.onCreate(Unknown Source:15)\n\tat com.adjust.sdk.Adjust.onCreate(Unknown Source:4)\n\tat com.adjust.sdk.Adjust.onCreate(Native Method)\n\tat ai.art.generator.paint.draw.photo.BaseApplication.safedk_BaseApplication_onCreate_85aecb9530329aebd30d9e6f790d58ad(BaseApplication.kt:63)\n\tat ai.art.generator.paint.draw.photo.BaseApplication.onCreate(Unknown Source:8)\n\tat android.app.Instrumentation.callApplicationOnCreate(Instrumentation.java:1335)\n\tat android.app.ActivityThread.handleBindApplication(ActivityThread.java:7722)\n\tat android.app.ActivityThread.handleBindApplication(Native Method)\n\tat android.app.ActivityThread.-$$Nest$mhandleBindApplication(Unknown Source:0)\n\tat android.app.ActivityThread$H.handleMessage(ActivityThread.java:2471)\n\tat android.os.Handler.dispatchMessage(Handler.java:106)\n\tat android.os.Looper.loopOnce(Looper.java:255)\n\tat android.os.Looper.loop(Looper.java:364)\n\tat android.app.ActivityThread.main(ActivityThread.java:8979)\n\tat java.lang.reflect.Method.invoke(Native Method)\n\tat com.android.internal.os.RuntimeInit$MethodAndArgsCaller.run(RuntimeInit.java:572)\n\tat com.android.internal.os.ZygoteInit.main(ZygoteInit.java:1053)\n",
    "is_privacy": false
},
{
    "type": "log",
    "source": "class",
    "method": "checkContext",
    "package_name": "ai.art.generator.paint.draw.photo",
    "class_name": "com.adjust.sdk.AdjustConfig",
    "timestamp": 1730744994596,
    "ref": "com.adjust.sdk.AdjustConfig@bbe0ac5",
    "arguments": "{\"0\":\"<instance: android.content.Context, $className: ai.art.generator.paint.draw.photo.BaseApplication>\"}",
    "stack_trace": "java.lang.Exception\n\tat com.adjust.sdk.AdjustConfig.checkContext(Native Method)\n\tat com.adjust.sdk.AdjustConfig.isValid(Unknown Source:21)\n\tat com.adjust.sdk.AdjustConfig.isValid(Native Method)\n\tat com.adjust.sdk.AdjustInstance.onCreate(Unknown Source:15)\n\tat com.adjust.sdk.Adjust.onCreate(Unknown Source:4)\n\tat com.adjust.sdk.Adjust.onCreate(Native Method)\n\tat ai.art.generator.paint.draw.photo.BaseApplication.safedk_BaseApplication_onCreate_85aecb9530329aebd30d9e6f790d58ad(BaseApplication.kt:63)\n\tat ai.art.generator.paint.draw.photo.BaseApplication.onCreate(Unknown Source:8)\n\tat android.app.Instrumentation.callApplicationOnCreate(Instrumentation.java:1335)\n\tat android.app.ActivityThread.handleBindApplication(ActivityThread.java:7722)\n\tat android.app.ActivityThread.handleBindApplication(Native Method)\n\tat android.app.ActivityThread.-$$Nest$mhandleBindApplication(Unknown Source:0)\n\tat android.app.ActivityThread$H.handleMessage(ActivityThread.java:2471)\n\tat android.os.Handler.dispatchMessage(Handler.java:106)\n\tat android.os.Looper.loopOnce(Looper.java:255)\n\tat android.os.Looper.loop(Looper.java:364)\n\tat android.app.ActivityThread.main(ActivityThread.java:8979)\n\tat java.lang.reflect.Method.invoke(Native Method)\n\tat com.android.internal.os.RuntimeInit$MethodAndArgsCaller.run(RuntimeInit.java:572)\n\tat com.android.internal.os.ZygoteInit.main(ZygoteInit.java:1053)\n",
    "is_privacy": false
},
{
    "type": "log",
    "source": "class",
    "method": "isValid",
    "package_name": "ai.art.generator.paint.draw.photo",
    "class_name": "com.adjust.sdk.AdjustConfig",
    "timestamp": 1730744994597,
    "ref": "com.adjust.sdk.AdjustConfig@bbe0ac5",
    "arguments": "{}",
    "stack_trace": "java.lang.Exception\n\tat com.adjust.sdk.AdjustConfig.isValid(Native Method)\n\tat com.adjust.sdk.ActivityHandler.getInstance(Unknown Source:16)\n\tat com.adjust.sdk.AdjustFactory.getActivityHandler(Unknown Source:4)\n\tat com.adjust.sdk.AdjustInstance.onCreate(Unknown Source:77)\n\tat com.adjust.sdk.Adjust.onCreate(Unknown Source:4)\n\tat com.adjust.sdk.Adjust.onCreate(Native Method)\n\tat ai.art.generator.paint.draw.photo.BaseApplication.safedk_BaseApplication_onCreate_85aecb9530329aebd30d9e6f790d58ad(BaseApplication.kt:63)\n\tat ai.art.generator.paint.draw.photo.BaseApplication.onCreate(Unknown Source:8)\n\tat android.app.Instrumentation.callApplicationOnCreate(Instrumentation.java:1335)\n\tat android.app.ActivityThread.handleBindApplication(ActivityThread.java:7722)\n\tat android.app.ActivityThread.handleBindApplication(Native Method)\n\tat android.app.ActivityThread.-$$Nest$mhandleBindApplication(Unknown Source:0)\n\tat android.app.ActivityThread$H.handleMessage(ActivityThread.java:2471)\n\tat android.os.Handler.dispatchMessage(Handler.java:106)\n\tat android.os.Looper.loopOnce(Looper.java:255)\n\tat android.os.Looper.loop(Looper.java:364)\n\tat android.app.ActivityThread.main(ActivityThread.java:8979)\n\tat java.lang.reflect.Method.invoke(Native Method)\n\tat com.android.internal.os.RuntimeInit$MethodAndArgsCaller.run(RuntimeInit.java:572)\n\tat com.android.internal.os.ZygoteInit.main(ZygoteInit.java:1053)\n",
    "is_privacy": false
},
{
    "type": "log",
    "source": "class",
    "method": "checkAppToken",
    "package_name": "ai.art.generator.paint.draw.photo",
    "class_name": "com.adjust.sdk.AdjustConfig",
    "timestamp": 1730744994600,
    "ref": "com.adjust.sdk.AdjustConfig@bbe0ac5",
    "arguments": "{\"0\":\"vl0a785yq9ds\"}",
    "stack_trace": "java.lang.Exception\n\tat com.adjust.sdk.AdjustConfig.checkAppToken(Native Method)\n\tat com.adjust.sdk.AdjustConfig.isValid(Unknown Source:2)\n\tat com.adjust.sdk.AdjustConfig.isValid(Native Method)\n\tat com.adjust.sdk.ActivityHandler.getInstance(Unknown Source:16)\n\tat com.adjust.sdk.AdjustFactory.getActivityHandler(Unknown Source:4)\n\tat com.adjust.sdk.AdjustInstance.onCreate(Unknown Source:77)\n\tat com.adjust.sdk.Adjust.onCreate(Unknown Source:4)\n\tat com.adjust.sdk.Adjust.onCreate(Native Method)\n\tat ai.art.generator.paint.draw.photo.BaseApplication.safedk_BaseApplication_onCreate_85aecb9530329aebd30d9e6f790d58ad(BaseApplication.kt:63)\n\tat ai.art.generator.paint.draw.photo.BaseApplication.onCreate(Unknown Source:8)\n\tat android.app.Instrumentation.callApplicationOnCreate(Instrumentation.java:1335)\n\tat android.app.ActivityThread.handleBindApplication(ActivityThread.java:7722)\n\tat android.app.ActivityThread.handleBindApplication(Native Method)\n\tat android.app.ActivityThread.-$$Nest$mhandleBindApplication(Unknown Source:0)\n\tat android.app.ActivityThread$H.handleMessage(ActivityThread.java:2471)\n\tat android.os.Handler.dispatchMessage(Handler.java:106)\n\tat android.os.Looper.loopOnce(Looper.java:255)\n\tat android.os.Looper.loop(Looper.java:364)\n\tat android.app.ActivityThread.main(ActivityThread.java:8979)\n\tat java.lang.reflect.Method.invoke(Native Method)\n\tat com.android.internal.os.RuntimeInit$MethodAndArgsCaller.run(RuntimeInit.java:572)\n\tat com.android.internal.os.ZygoteInit.main(ZygoteInit.java:1053)\n",
    "is_privacy": false
},
{
    "type": "log",
    "source": "class",
    "method": "checkEnvironment",
    "package_name": "ai.art.generator.paint.draw.photo",
    "class_name": "com.adjust.sdk.AdjustConfig",
    "timestamp": 1730744994601,
    "ref": "com.adjust.sdk.AdjustConfig@bbe0ac5",
    "arguments": "{\"0\":\"production\"}",
    "stack_trace": "java.lang.Exception\n\tat com.adjust.sdk.AdjustConfig.checkEnvironment(Native Method)\n\tat com.adjust.sdk.AdjustConfig.isValid(Unknown Source:12)\n\tat com.adjust.sdk.AdjustConfig.isValid(Native Method)\n\tat com.adjust.sdk.ActivityHandler.getInstance(Unknown Source:16)\n\tat com.adjust.sdk.AdjustFactory.getActivityHandler(Unknown Source:4)\n\tat com.adjust.sdk.AdjustInstance.onCreate(Unknown Source:77)\n\tat com.adjust.sdk.Adjust.onCreate(Unknown Source:4)\n\tat com.adjust.sdk.Adjust.onCreate(Native Method)\n\tat ai.art.generator.paint.draw.photo.BaseApplication.safedk_BaseApplication_onCreate_85aecb9530329aebd30d9e6f790d58ad(BaseApplication.kt:63)\n\tat ai.art.generator.paint.draw.photo.BaseApplication.onCreate(Unknown Source:8)\n\tat android.app.Instrumentation.callApplicationOnCreate(Instrumentation.java:1335)\n\tat android.app.ActivityThread.handleBindApplication(ActivityThread.java:7722)\n\tat android.app.ActivityThread.handleBindApplication(Native Method)\n\tat android.app.ActivityThread.-$$Nest$mhandleBindApplication(Unknown Source:0)\n\tat android.app.ActivityThread$H.handleMessage(ActivityThread.java:2471)\n\tat android.os.Handler.dispatchMessage(Handler.java:106)\n\tat android.os.Looper.loopOnce(Looper.java:255)\n\tat android.os.Looper.loop(Looper.java:364)\n\tat android.app.ActivityThread.main(ActivityThread.java:8979)\n\tat java.lang.reflect.Method.invoke(Native Method)\n\tat com.android.internal.os.RuntimeInit$MethodAndArgsCaller.run(RuntimeInit.java:572)\n\tat com.android.internal.os.ZygoteInit.main(ZygoteInit.java:1053)\n",
    "is_privacy": false
},
{
    "type": "log",
    "source": "class",
    "method": "checkContext",
    "package_name": "ai.art.generator.paint.draw.photo",
    "class_name": "com.adjust.sdk.AdjustConfig",
    "timestamp": 1730744994603,
    "ref": "com.adjust.sdk.AdjustConfig@bbe0ac5",
    "arguments": "{\"0\":\"<instance: android.content.Context, $className: ai.art.generator.paint.draw.photo.BaseApplication>\"}",
    "stack_trace": "java.lang.Exception\n\tat com.adjust.sdk.AdjustConfig.checkContext(Native Method)\n\tat com.adjust.sdk.AdjustConfig.isValid(Unknown Source:21)\n\tat com.adjust.sdk.AdjustConfig.isValid(Native Method)\n\tat com.adjust.sdk.ActivityHandler.getInstance(Unknown Source:16)\n\tat com.adjust.sdk.AdjustFactory.getActivityHandler(Unknown Source:4)\n\tat com.adjust.sdk.AdjustInstance.onCreate(Unknown Source:77)\n\tat com.adjust.sdk.Adjust.onCreate(Unknown Source:4)\n\tat com.adjust.sdk.Adjust.onCreate(Native Method)\n\tat ai.art.generator.paint.draw.photo.BaseApplication.safedk_BaseApplication_onCreate_85aecb9530329aebd30d9e6f790d58ad(BaseApplication.kt:63)\n\tat ai.art.generator.paint.draw.photo.BaseApplication.onCreate(Unknown Source:8)\n\tat android.app.Instrumentation.callApplicationOnCreate(Instrumentation.java:1335)\n\tat android.app.ActivityThread.handleBindApplication(ActivityThread.java:7722)\n\tat android.app.ActivityThread.handleBindApplication(Native Method)\n\tat android.app.ActivityThread.-$$Nest$mhandleBindApplication(Unknown Source:0)\n\tat android.app.ActivityThread$H.handleMessage(ActivityThread.java:2471)\n\tat android.os.Handler.dispatchMessage(Handler.java:106)\n\tat android.os.Looper.loopOnce(Looper.java:255)\n\tat android.os.Looper.loop(Looper.java:364)\n\tat android.app.ActivityThread.main(ActivityThread.java:8979)\n\tat java.lang.reflect.Method.invoke(Native Method)\n\tat com.android.internal.os.RuntimeInit$MethodAndArgsCaller.run(RuntimeInit.java:572)\n\tat com.android.internal.os.ZygoteInit.main(ZygoteInit.java:1053)\n",
    "is_privacy": false
},
{
    "type": "log",
    "source": "class",
    "method": "getInstance",
    "package_name": "ai.art.generator.paint.draw.photo",
    "class_name": "com.google.firebase.analytics.FirebaseAnalytics",
    "timestamp": 1730744994599,
    "ref": "<class: com.google.firebase.analytics.FirebaseAnalytics>",
    "arguments": "{\"0\":\"<instance: android.content.Context, $className: ai.art.generator.paint.draw.photo.BaseApplication>\"}",
    "stack_trace": "java.lang.Exception\n\tat com.google.firebase.analytics.FirebaseAnalytics.getInstance(Native Method)\n\tat java.lang.reflect.Method.invoke(Native Method)\n\tat m.th.f(:com.google.android.gms.dynamite_measurementdynamite@244336029@24.43.36 (190400-0):47)\n\tat m.rr.Y(:com.google.android.gms.dynamite_measurementdynamite@244336029@24.43.36 (190400-0):143)\n\tat m.qw.run(:com.google.android.gms.dynamite_measurementdynamite@244336029@24.43.36 (190400-0):17)\n\tat java.util.concurrent.Executors$RunnableAdapter.call(Executors.java:487)\n\tat java.util.concurrent.FutureTask.run(FutureTask.java:290)\n\tat m.pn.run(:com.google.android.gms.dynamite_measurementdynamite@244336029@24.43.36 (190400-0):48)\n",
    "is_privacy": false
},
{
    "type": "log",
    "source": "class",
    "method": "getFirebaseInstanceId",
    "package_name": "ai.art.generator.paint.draw.photo",
    "class_name": "com.google.firebase.analytics.FirebaseAnalytics",
    "timestamp": 1730744994606,
    "ref": "com.google.firebase.analytics.FirebaseAnalytics@597ade",
    "arguments": "{}",
    "stack_trace": "java.lang.Exception\n\tat com.google.firebase.analytics.FirebaseAnalytics.getFirebaseInstanceId(Native Method)\n\tat java.lang.reflect.Method.invoke(Native Method)\n\tat m.th.f(:com.google.android.gms.dynamite_measurementdynamite@244336029@24.43.36 (190400-0):49)\n\tat m.rr.Y(:com.google.android.gms.dynamite_measurementdynamite@244336029@24.43.36 (190400-0):143)\n\tat m.qw.run(:com.google.android.gms.dynamite_measurementdynamite@244336029@24.43.36 (190400-0):17)\n\tat java.util.concurrent.Executors$RunnableAdapter.call(Executors.java:487)\n\tat java.util.concurrent.FutureTask.run(FutureTask.java:290)\n\tat m.pn.run(:com.google.android.gms.dynamite_measurementdynamite@244336029@24.43.36 (190400-0):48)\n",
    "is_privacy": false
},
{
    "type": "log",
    "source": "class",
    "method": "getInstance",
    "package_name": "ai.art.generator.paint.draw.photo",
    "class_name": "com.google.firebase.analytics.FirebaseAnalytics",
    "timestamp": 1730744994639,
    "ref": "<class: com.google.firebase.analytics.FirebaseAnalytics>",
    "arguments": "{\"0\":\"<instance: android.content.Context, $className: ai.art.generator.paint.draw.photo.BaseApplication>\"}",
    "stack_trace": "java.lang.Exception\n\tat com.google.firebase.analytics.FirebaseAnalytics.getInstance(Native Method)\n\tat java.lang.reflect.Method.invoke(Native Method)\n\tat m.th.f(:com.google.android.gms.dynamite_measurementdynamite@244336029@24.43.36 (190400-0):47)\n\tat m.rr.Y(:com.google.android.gms.dynamite_measurementdynamite@244336029@24.43.36 (190400-0):143)\n\tat m.qw.run(:com.google.android.gms.dynamite_measurementdynamite@244336029@24.43.36 (190400-0):17)\n\tat java.util.concurrent.Executors$RunnableAdapter.call(Executors.java:487)\n\tat java.util.concurrent.FutureTask.run(FutureTask.java:290)\n\tat m.pn.run(:com.google.android.gms.dynamite_measurementdynamite@244336029@24.43.36 (190400-0):48)\n",
    "is_privacy": false
},
{
    "type": "log",
    "source": "class",
    "method": "getFirebaseInstanceId",
    "package_name": "ai.art.generator.paint.draw.photo",
    "class_name": "com.google.firebase.analytics.FirebaseAnalytics",
    "timestamp": 1730744994662,
    "ref": "com.google.firebase.analytics.FirebaseAnalytics@597ade",
    "arguments": "{}",
    "stack_trace": "java.lang.Exception\n\tat com.google.firebase.analytics.FirebaseAnalytics.getFirebaseInstanceId(Native Method)\n\tat java.lang.reflect.Method.invoke(Native Method)\n\tat m.th.f(:com.google.android.gms.dynamite_measurementdynamite@244336029@24.43.36 (190400-0):49)\n\tat m.rr.Y(:com.google.android.gms.dynamite_measurementdynamite@244336029@24.43.36 (190400-0):143)\n\tat m.qw.run(:com.google.android.gms.dynamite_measurementdynamite@244336029@24.43.36 (190400-0):17)\n\tat java.util.concurrent.Executors$RunnableAdapter.call(Executors.java:487)\n\tat java.util.concurrent.FutureTask.run(FutureTask.java:290)\n\tat m.pn.run(:com.google.android.gms.dynamite_measurementdynamite@244336029@24.43.36 (190400-0):48)\n",
    "is_privacy": false
},
{
    "type": "log",
    "source": "class",
    "method": "getInstance",
    "package_name": "ai.art.generator.paint.draw.photo",
    "class_name": "com.google.firebase.analytics.FirebaseAnalytics",
    "timestamp": 1730744994709,
    "ref": "<class: com.google.firebase.analytics.FirebaseAnalytics>",
    "arguments": "{\"0\":\"<instance: android.content.Context, $className: ai.art.generator.paint.draw.photo.BaseApplication>\"}",
    "stack_trace": "java.lang.Exception\n\tat com.google.firebase.analytics.FirebaseAnalytics.getInstance(Native Method)\n\tat java.lang.reflect.Method.invoke(Native Method)\n\tat m.th.f(:com.google.android.gms.dynamite_measurementdynamite@244336029@24.43.36 (190400-0):47)\n\tat m.rr.Y(:com.google.android.gms.dynamite_measurementdynamite@244336029@24.43.36 (190400-0):143)\n\tat m.qw.run(:com.google.android.gms.dynamite_measurementdynamite@244336029@24.43.36 (190400-0):17)\n\tat java.util.concurrent.Executors$RunnableAdapter.call(Executors.java:487)\n\tat java.util.concurrent.FutureTask.run(FutureTask.java:290)\n\tat m.pn.run(:com.google.android.gms.dynamite_measurementdynamite@244336029@24.43.36 (190400-0):48)\n",
    "is_privacy": false
},
{
    "type": "log",
    "source": "class",
    "method": "getFirebaseInstanceId",
    "package_name": "ai.art.generator.paint.draw.photo",
    "class_name": "com.google.firebase.analytics.FirebaseAnalytics",
    "timestamp": 1730744994716,
    "ref": "com.google.firebase.analytics.FirebaseAnalytics@597ade",
    "arguments": "{}",
    "stack_trace": "java.lang.Exception\n\tat com.google.firebase.analytics.FirebaseAnalytics.getFirebaseInstanceId(Native Method)\n\tat java.lang.reflect.Method.invoke(Native Method)\n\tat m.th.f(:com.google.android.gms.dynamite_measurementdynamite@244336029@24.43.36 (190400-0):49)\n\tat m.rr.Y(:com.google.android.gms.dynamite_measurementdynamite@244336029@24.43.36 (190400-0):143)\n\tat m.qw.run(:com.google.android.gms.dynamite_measurementdynamite@244336029@24.43.36 (190400-0):17)\n\tat java.util.concurrent.Executors$RunnableAdapter.call(Executors.java:487)\n\tat java.util.concurrent.FutureTask.run(FutureTask.java:290)\n\tat m.pn.run(:com.google.android.gms.dynamite_measurementdynamite@244336029@24.43.36 (190400-0):48)\n",
    "is_privacy": false
},
{
    "type": "log",
    "source": "class",
    "method": "getInstance",
    "package_name": "ai.art.generator.paint.draw.photo",
    "class_name": "com.google.firebase.analytics.FirebaseAnalytics",
    "timestamp": 1730744994772,
    "ref": "<class: com.google.firebase.analytics.FirebaseAnalytics>",
    "arguments": "{\"0\":\"<instance: android.content.Context, $className: ai.art.generator.paint.draw.photo.ui.activity.SplashActivity>\"}",
    "stack_trace": "java.lang.Exception\n\tat com.google.firebase.analytics.FirebaseAnalytics.getInstance(Native Method)\n\tat s.i.x011(OxFirebaseEventTracker.kt:1)\n\tat ai.art.generator.paint.draw.photo.ui.activity.SplashActivity.onCreate(SplashActivity.kt:37)\n\tat android.app.Activity.performCreate(Activity.java:8780)\n\tat android.app.Activity.performCreate(Activity.java:8752)\n\tat android.app.Instrumentation.callActivityOnCreate(Instrumentation.java:1475)\n\tat android.app.ActivityThread.performLaunchActivity(ActivityThread.java:4086)\n\tat android.app.ActivityThread.handleLaunchActivity(ActivityThread.java:4263)\n\tat android.app.servertransaction.LaunchActivityItem.execute(LaunchActivityItem.java:114)\n\tat android.app.servertransaction.TransactionExecutor.executeCallbacks(TransactionExecutor.java:144)\n\tat android.app.servertransaction.TransactionExecutor.execute(TransactionExecutor.java:101)\n\tat android.app.ActivityThread$H.handleMessage(ActivityThread.java:2724)\n\tat android.os.Handler.dispatchMessage(Handler.java:106)\n\tat android.os.Looper.loopOnce(Looper.java:255)\n\tat android.os.Looper.loop(Looper.java:364)\n\tat android.app.ActivityThread.main(ActivityThread.java:8979)\n\tat java.lang.reflect.Method.invoke(Native Method)\n\tat com.android.internal.os.RuntimeInit$MethodAndArgsCaller.run(RuntimeInit.java:572)\n\tat com.android.internal.os.ZygoteInit.main(ZygoteInit.java:1053)\n",
    "is_privacy": false
},
{
    "type": "log",
    "source": "class",
    "method": "onResume",
    "package_name": "ai.art.generator.paint.draw.photo",
    "class_name": "com.adjust.sdk.Adjust",
    "timestamp": 1730744994819,
    "ref": "<class: com.adjust.sdk.Adjust>",
    "arguments": "{}",
    "stack_trace": "java.lang.Exception\n\tat com.adjust.sdk.Adjust.onResume(Native Method)\n\tat ai.art.generator.paint.draw.photo.BaseApplication$p01z.onActivityResumed(BaseApplication.kt:1)\n\tat android.app.Application.dispatchActivityResumed(Application.java:451)\n\tat android.app.Activity.dispatchActivityResumed(Activity.java:1493)\n\tat android.app.Activity.onResume(Activity.java:2119)\n\tat androidx.fragment.app.FragmentActivity.onResume(FragmentActivity.java:2)\n\tat ai.art.generator.paint.draw.photo.ui.activity.SplashActivity.onResume(SplashActivity.kt:1)\n\tat android.app.Instrumentation.callActivityOnResume(Instrumentation.java:1622)\n\tat android.app.Activity.performResume(Activity.java:8939)\n\tat android.app.ActivityThread.performResumeActivity(ActivityThread.java:5359)\n\tat android.app.ActivityThread.handleResumeActivity(ActivityThread.java:5420)\n\tat android.app.servertransaction.ResumeActivityItem.execute(ResumeActivityItem.java:64)\n\tat android.app.servertransaction.ActivityTransactionItem.execute(ActivityTransactionItem.java:45)\n\tat android.app.servertransaction.TransactionExecutor.executeLifecycleState(TransactionExecutor.java:185)\n\tat android.app.servertransaction.TransactionExecutor.execute(TransactionExecutor.java:103)\n\tat android.app.ActivityThread$H.handleMessage(ActivityThread.java:2724)\n\tat android.os.Handler.dispatchMessage(Handler.java:106)\n\tat android.os.Looper.loopOnce(Looper.java:255)\n\tat android.os.Looper.loop(Looper.java:364)\n\tat android.app.ActivityThread.main(ActivityThread.java:8979)\n\tat java.lang.reflect.Method.invoke(Native Method)\n\tat com.android.internal.os.RuntimeInit$MethodAndArgsCaller.run(RuntimeInit.java:572)\n\tat com.android.internal.os.ZygoteInit.main(ZygoteInit.java:1053)\n",
    "is_privacy": false
},
{
    "type": "log",
    "source": "class",
    "method": "getDefaultInstance",
    "package_name": "ai.art.generator.paint.draw.photo",
    "class_name": "com.adjust.sdk.Adjust",
    "timestamp": 1730744994824,
    "ref": "<class: com.adjust.sdk.Adjust>",
    "arguments": "{}",
    "stack_trace": "java.lang.Exception\n\tat com.adjust.sdk.Adjust.getDefaultInstance(Native Method)\n\tat com.adjust.sdk.Adjust.onResume(Unknown Source:0)\n\tat com.adjust.sdk.Adjust.onResume(Native Method)\n\tat ai.art.generator.paint.draw.photo.BaseApplication$p01z.onActivityResumed(BaseApplication.kt:1)\n\tat android.app.Application.dispatchActivityResumed(Application.java:451)\n\tat android.app.Activity.dispatchActivityResumed(Activity.java:1493)\n\tat android.app.Activity.onResume(Activity.java:2119)\n\tat androidx.fragment.app.FragmentActivity.onResume(FragmentActivity.java:2)\n\tat ai.art.generator.paint.draw.photo.ui.activity.SplashActivity.onResume(SplashActivity.kt:1)\n\tat android.app.Instrumentation.callActivityOnResume(Instrumentation.java:1622)\n\tat android.app.Activity.performResume(Activity.java:8939)\n\tat android.app.ActivityThread.performResumeActivity(ActivityThread.java:5359)\n\tat android.app.ActivityThread.handleResumeActivity(ActivityThread.java:5420)\n\tat android.app.servertransaction.ResumeActivityItem.execute(ResumeActivityItem.java:64)\n\tat android.app.servertransaction.ActivityTransactionItem.execute(ActivityTransactionItem.java:45)\n\tat android.app.servertransaction.TransactionExecutor.executeLifecycleState(TransactionExecutor.java:185)\n\tat android.app.servertransaction.TransactionExecutor.execute(TransactionExecutor.java:103)\n\tat android.app.ActivityThread$H.handleMessage(ActivityThread.java:2724)\n\tat android.os.Handler.dispatchMessage(Handler.java:106)\n\tat android.os.Looper.loopOnce(Looper.java:255)\n\tat android.os.Looper.loop(Looper.java:364)\n\tat android.app.ActivityThread.main(ActivityThread.java:8979)\n\tat java.lang.reflect.Method.invoke(Native Method)\n\tat com.android.internal.os.RuntimeInit$MethodAndArgsCaller.run(RuntimeInit.java:572)\n\tat com.android.internal.os.ZygoteInit.main(ZygoteInit.java:1053)\n",
    "is_privacy": false
},
{
    "type": "log",
    "source": "class",
    "method": "getInstance",
    "package_name": "ai.art.generator.paint.draw.photo",
    "class_name": "com.google.firebase.analytics.FirebaseAnalytics",
    "timestamp": 1730744994847,
    "ref": "<class: com.google.firebase.analytics.FirebaseAnalytics>",
    "arguments": "{\"0\":\"<instance: android.content.Context, $className: ai.art.generator.paint.draw.photo.BaseApplication>\"}",
    "stack_trace": "java.lang.Exception\n\tat com.google.firebase.analytics.FirebaseAnalytics.getInstance(Native Method)\n\tat java.lang.reflect.Method.invoke(Native Method)\n\tat m.th.f(:com.google.android.gms.dynamite_measurementdynamite@244336029@24.43.36 (190400-0):47)\n\tat m.rr.Y(:com.google.android.gms.dynamite_measurementdynamite@244336029@24.43.36 (190400-0):143)\n\tat m.qw.run(:com.google.android.gms.dynamite_measurementdynamite@244336029@24.43.36 (190400-0):17)\n\tat java.util.concurrent.Executors$RunnableAdapter.call(Executors.java:487)\n\tat java.util.concurrent.FutureTask.run(FutureTask.java:290)\n\tat m.pn.run(:com.google.android.gms.dynamite_measurementdynamite@244336029@24.43.36 (190400-0):48)\n",
    "is_privacy": false
},
{
    "type": "log",
    "source": "class",
    "method": "getFirebaseInstanceId",
    "package_name": "ai.art.generator.paint.draw.photo",
    "class_name": "com.google.firebase.analytics.FirebaseAnalytics",
    "timestamp": 1730744994856,
    "ref": "com.google.firebase.analytics.FirebaseAnalytics@597ade",
    "arguments": "{}",
    "stack_trace": "java.lang.Exception\n\tat com.google.firebase.analytics.FirebaseAnalytics.getFirebaseInstanceId(Native Method)\n\tat java.lang.reflect.Method.invoke(Native Method)\n\tat m.th.f(:com.google.android.gms.dynamite_measurementdynamite@244336029@24.43.36 (190400-0):49)\n\tat m.rr.Y(:com.google.android.gms.dynamite_measurementdynamite@244336029@24.43.36 (190400-0):143)\n\tat m.qw.run(:com.google.android.gms.dynamite_measurementdynamite@244336029@24.43.36 (190400-0):17)\n\tat java.util.concurrent.Executors$RunnableAdapter.call(Executors.java:487)\n\tat java.util.concurrent.FutureTask.run(FutureTask.java:290)\n\tat m.pn.run(:com.google.android.gms.dynamite_measurementdynamite@244336029@24.43.36 (190400-0):48)\n",
    "is_privacy": false
},
{
    "type": "log",
    "source": "class",
    "method": "getInstance",
    "package_name": "ai.art.generator.paint.draw.photo",
    "class_name": "com.google.firebase.analytics.FirebaseAnalytics",
    "timestamp": 1730744994943,
    "ref": "<class: com.google.firebase.analytics.FirebaseAnalytics>",
    "arguments": "{\"0\":\"<instance: android.content.Context, $className: ai.art.generator.paint.draw.photo.BaseApplication>\"}",
    "stack_trace": "java.lang.Exception\n\tat com.google.firebase.analytics.FirebaseAnalytics.getInstance(Native Method)\n\tat java.lang.reflect.Method.invoke(Native Method)\n\tat m.th.f(:com.google.android.gms.dynamite_measurementdynamite@244336029@24.43.36 (190400-0):47)\n\tat m.rr.Y(:com.google.android.gms.dynamite_measurementdynamite@244336029@24.43.36 (190400-0):143)\n\tat m.qw.run(:com.google.android.gms.dynamite_measurementdynamite@244336029@24.43.36 (190400-0):17)\n\tat java.util.concurrent.Executors$RunnableAdapter.call(Executors.java:487)\n\tat java.util.concurrent.FutureTask.run(FutureTask.java:290)\n\tat m.pn.run(:com.google.android.gms.dynamite_measurementdynamite@244336029@24.43.36 (190400-0):48)\n",
    "is_privacy": false
},
{
    "type": "log",
    "source": "class",
    "method": "getFirebaseInstanceId",
    "package_name": "ai.art.generator.paint.draw.photo",
    "class_name": "com.google.firebase.analytics.FirebaseAnalytics",
    "timestamp": 1730744994951,
    "ref": "com.google.firebase.analytics.FirebaseAnalytics@597ade",
    "arguments": "{}",
    "stack_trace": "java.lang.Exception\n\tat com.google.firebase.analytics.FirebaseAnalytics.getFirebaseInstanceId(Native Method)\n\tat java.lang.reflect.Method.invoke(Native Method)\n\tat m.th.f(:com.google.android.gms.dynamite_measurementdynamite@244336029@24.43.36 (190400-0):49)\n\tat m.rr.Y(:com.google.android.gms.dynamite_measurementdynamite@244336029@24.43.36 (190400-0):143)\n\tat m.qw.run(:com.google.android.gms.dynamite_measurementdynamite@244336029@24.43.36 (190400-0):17)\n\tat java.util.concurrent.Executors$RunnableAdapter.call(Executors.java:487)\n\tat java.util.concurrent.FutureTask.run(FutureTask.java:290)\n\tat m.pn.run(:com.google.android.gms.dynamite_measurementdynamite@244336029@24.43.36 (190400-0):48)\n",
    "is_privacy": false
},
{
    "type": "log",
    "source": "class",
    "method": "getInstance",
    "package_name": "ai.art.generator.paint.draw.photo",
    "class_name": "com.google.firebase.analytics.FirebaseAnalytics",
    "timestamp": 1730744994998,
    "ref": "<class: com.google.firebase.analytics.FirebaseAnalytics>",
    "arguments": "{\"0\":\"<instance: android.content.Context, $className: ai.art.generator.paint.draw.photo.BaseApplication>\"}",
    "stack_trace": "java.lang.Exception\n\tat com.google.firebase.analytics.FirebaseAnalytics.getInstance(Native Method)\n\tat java.lang.reflect.Method.invoke(Native Method)\n\tat m.th.f(:com.google.android.gms.dynamite_measurementdynamite@244336029@24.43.36 (190400-0):47)\n\tat m.rr.Y(:com.google.android.gms.dynamite_measurementdynamite@244336029@24.43.36 (190400-0):143)\n\tat m.qw.run(:com.google.android.gms.dynamite_measurementdynamite@244336029@24.43.36 (190400-0):17)\n\tat java.util.concurrent.Executors$RunnableAdapter.call(Executors.java:487)\n\tat java.util.concurrent.FutureTask.run(FutureTask.java:290)\n\tat m.pn.run(:com.google.android.gms.dynamite_measurementdynamite@244336029@24.43.36 (190400-0):48)\n",
    "is_privacy": false
},
{
    "type": "log",
    "source": "class",
    "method": "getFirebaseInstanceId",
    "package_name": "ai.art.generator.paint.draw.photo",
    "class_name": "com.google.firebase.analytics.FirebaseAnalytics",
    "timestamp": 1730744995004,
    "ref": "com.google.firebase.analytics.FirebaseAnalytics@597ade",
    "arguments": "{}",
    "stack_trace": "java.lang.Exception\n\tat com.google.firebase.analytics.FirebaseAnalytics.getFirebaseInstanceId(Native Method)\n\tat java.lang.reflect.Method.invoke(Native Method)\n\tat m.th.f(:com.google.android.gms.dynamite_measurementdynamite@244336029@24.43.36 (190400-0):49)\n\tat m.rr.Y(:com.google.android.gms.dynamite_measurementdynamite@244336029@24.43.36 (190400-0):143)\n\tat m.qw.run(:com.google.android.gms.dynamite_measurementdynamite@244336029@24.43.36 (190400-0):17)\n\tat java.util.concurrent.Executors$RunnableAdapter.call(Executors.java:487)\n\tat java.util.concurrent.FutureTask.run(FutureTask.java:290)\n\tat m.pn.run(:com.google.android.gms.dynamite_measurementdynamite@244336029@24.43.36 (190400-0):48)\n",
    "is_privacy": false
},
{
    "type": "log",
    "source": "class",
    "method": "getInstance",
    "package_name": "ai.art.generator.paint.draw.photo",
    "class_name": "com.google.firebase.analytics.FirebaseAnalytics",
    "timestamp": 1730744995078,
    "ref": "<class: com.google.firebase.analytics.FirebaseAnalytics>",
    "arguments": "{\"0\":\"<instance: android.content.Context, $className: ai.art.generator.paint.draw.photo.BaseApplication>\"}",
    "stack_trace": "java.lang.Exception\n\tat com.google.firebase.analytics.FirebaseAnalytics.getInstance(Native Method)\n\tat java.lang.reflect.Method.invoke(Native Method)\n\tat m.th.f(:com.google.android.gms.dynamite_measurementdynamite@244336029@24.43.36 (190400-0):47)\n\tat m.rr.Y(:com.google.android.gms.dynamite_measurementdynamite@244336029@24.43.36 (190400-0):143)\n\tat m.rr.H(:com.google.android.gms.dynamite_measurementdynamite@244336029@24.43.36 (190400-0):30)\n\tat m.se.A(:com.google.android.gms.dynamite_measurementdynamite@244336029@24.43.36 (190400-0):183)\n\tat m.rz.run(:com.google.android.gms.dynamite_measurementdynamite@244336029@24.43.36 (190400-0):12)\n\tat java.util.concurrent.Executors$RunnableAdapter.call(Executors.java:487)\n\tat java.util.concurrent.FutureTask.run(FutureTask.java:290)\n\tat m.pn.run(:com.google.android.gms.dynamite_measurementdynamite@244336029@24.43.36 (190400-0):48)\n",
    "is_privacy": false
},
{
    "type": "log",
    "source": "class",
    "method": "getFirebaseInstanceId",
    "package_name": "ai.art.generator.paint.draw.photo",
    "class_name": "com.google.firebase.analytics.FirebaseAnalytics",
    "timestamp": 1730744995081,
    "ref": "com.google.firebase.analytics.FirebaseAnalytics@597ade",
    "arguments": "{}",
    "stack_trace": "java.lang.Exception\n\tat com.google.firebase.analytics.FirebaseAnalytics.getFirebaseInstanceId(Native Method)\n\tat java.lang.reflect.Method.invoke(Native Method)\n\tat m.th.f(:com.google.android.gms.dynamite_measurementdynamite@244336029@24.43.36 (190400-0):49)\n\tat m.rr.Y(:com.google.android.gms.dynamite_measurementdynamite@244336029@24.43.36 (190400-0):143)\n\tat m.rr.H(:com.google.android.gms.dynamite_measurementdynamite@244336029@24.43.36 (190400-0):30)\n\tat m.se.A(:com.google.android.gms.dynamite_measurementdynamite@244336029@24.43.36 (190400-0):183)\n\tat m.rz.run(:com.google.android.gms.dynamite_measurementdynamite@244336029@24.43.36 (190400-0):12)\n\tat java.util.concurrent.Executors$RunnableAdapter.call(Executors.java:487)\n\tat java.util.concurrent.FutureTask.run(FutureTask.java:290)\n\tat m.pn.run(:com.google.android.gms.dynamite_measurementdynamite@244336029@24.43.36 (190400-0):48)\n",
    "is_privacy": false
},
{
    "type": "log",
    "source": "class",
    "method": "getInstance",
    "package_name": "ai.art.generator.paint.draw.photo",
    "class_name": "com.google.firebase.analytics.FirebaseAnalytics",
    "timestamp": 1730744995090,
    "ref": "<class: com.google.firebase.analytics.FirebaseAnalytics>",
    "arguments": "{\"0\":\"<instance: android.content.Context, $className: ai.art.generator.paint.draw.photo.BaseApplication>\"}",
    "stack_trace": "java.lang.Exception\n\tat com.google.firebase.analytics.FirebaseAnalytics.getInstance(Native Method)\n\tat java.lang.reflect.Method.invoke(Native Method)\n\tat m.th.f(:com.google.android.gms.dynamite_measurementdynamite@244336029@24.43.36 (190400-0):47)\n\tat m.jd.run(:com.google.android.gms.dynamite_measurementdynamite@244336029@24.43.36 (190400-0):16)\n\tat java.util.concurrent.Executors$RunnableAdapter.call(Executors.java:487)\n\tat java.util.concurrent.FutureTask.run(FutureTask.java:290)\n\tat m.pn.run(:com.google.android.gms.dynamite_measurementdynamite@244336029@24.43.36 (190400-0):48)\n",
    "is_privacy": false
},
{
    "type": "log",
    "source": "class",
    "method": "getFirebaseInstanceId",
    "package_name": "ai.art.generator.paint.draw.photo",
    "class_name": "com.google.firebase.analytics.FirebaseAnalytics",
    "timestamp": 1730744995091,
    "ref": "com.google.firebase.analytics.FirebaseAnalytics@597ade",
    "arguments": "{}",
    "stack_trace": "java.lang.Exception\n\tat com.google.firebase.analytics.FirebaseAnalytics.getFirebaseInstanceId(Native Method)\n\tat java.lang.reflect.Method.invoke(Native Method)\n\tat m.th.f(:com.google.android.gms.dynamite_measurementdynamite@244336029@24.43.36 (190400-0):49)\n\tat m.jd.run(:com.google.android.gms.dynamite_measurementdynamite@244336029@24.43.36 (190400-0):16)\n\tat java.util.concurrent.Executors$RunnableAdapter.call(Executors.java:487)\n\tat java.util.concurrent.FutureTask.run(FutureTask.java:290)\n\tat m.pn.run(:com.google.android.gms.dynamite_measurementdynamite@244336029@24.43.36 (190400-0):48)\n",
    "is_privacy": false
},
{
    "type": "log",
    "source": "class",
    "method": "getInstance",
    "package_name": "ai.art.generator.paint.draw.photo",
    "class_name": "com.google.firebase.analytics.FirebaseAnalytics",
    "timestamp": 1730744995096,
    "ref": "<class: com.google.firebase.analytics.FirebaseAnalytics>",
    "arguments": "{\"0\":\"<instance: android.content.Context, $className: ai.art.generator.paint.draw.photo.BaseApplication>\"}",
    "stack_trace": "java.lang.Exception\n\tat com.google.firebase.analytics.FirebaseAnalytics.getInstance(Native Method)\n\tat java.lang.reflect.Method.invoke(Native Method)\n\tat m.th.f(:com.google.android.gms.dynamite_measurementdynamite@244336029@24.43.36 (190400-0):47)\n\tat m.jd.run(:com.google.android.gms.dynamite_measurementdynamite@244336029@24.43.36 (190400-0):16)\n\tat java.util.concurrent.Executors$RunnableAdapter.call(Executors.java:487)\n\tat java.util.concurrent.FutureTask.run(FutureTask.java:290)\n\tat m.pn.run(:com.google.android.gms.dynamite_measurementdynamite@244336029@24.43.36 (190400-0):48)\n",
    "is_privacy": false
},
{
    "type": "log",
    "source": "class",
    "method": "getFirebaseInstanceId",
    "package_name": "ai.art.generator.paint.draw.photo",
    "class_name": "com.google.firebase.analytics.FirebaseAnalytics",
    "timestamp": 1730744995097,
    "ref": "com.google.firebase.analytics.FirebaseAnalytics@597ade",
    "arguments": "{}",
    "stack_trace": "java.lang.Exception\n\tat com.google.firebase.analytics.FirebaseAnalytics.getFirebaseInstanceId(Native Method)\n\tat java.lang.reflect.Method.invoke(Native Method)\n\tat m.th.f(:com.google.android.gms.dynamite_measurementdynamite@244336029@24.43.36 (190400-0):49)\n\tat m.jd.run(:com.google.android.gms.dynamite_measurementdynamite@244336029@24.43.36 (190400-0):16)\n\tat java.util.concurrent.Executors$RunnableAdapter.call(Executors.java:487)\n\tat java.util.concurrent.FutureTask.run(FutureTask.java:290)\n\tat m.pn.run(:com.google.android.gms.dynamite_measurementdynamite@244336029@24.43.36 (190400-0):48)\n",
    "is_privacy": false
},
{
    "type": "log",
    "source": "class",
    "method": "getInstance",
    "package_name": "ai.art.generator.paint.draw.photo",
    "class_name": "com.google.firebase.analytics.FirebaseAnalytics",
    "timestamp": 1730744995335,
    "ref": "<class: com.google.firebase.analytics.FirebaseAnalytics>",
    "arguments": "{\"0\":\"<instance: android.content.Context, $className: ai.art.generator.paint.draw.photo.BaseApplication>\"}",
    "stack_trace": "java.lang.Exception\n\tat com.google.firebase.analytics.FirebaseAnalytics.getInstance(Native Method)\n\tat java.lang.reflect.Method.invoke(Native Method)\n\tat m.th.f(:com.google.android.gms.dynamite_measurementdynamite@244336029@24.43.36 (190400-0):47)\n\tat m.rr.Y(:com.google.android.gms.dynamite_measurementdynamite@244336029@24.43.36 (190400-0):143)\n\tat m.qw.run(:com.google.android.gms.dynamite_measurementdynamite@244336029@24.43.36 (190400-0):17)\n\tat java.util.concurrent.Executors$RunnableAdapter.call(Executors.java:487)\n\tat java.util.concurrent.FutureTask.run(FutureTask.java:290)\n\tat m.pn.run(:com.google.android.gms.dynamite_measurementdynamite@244336029@24.43.36 (190400-0):48)\n",
    "is_privacy": false
},
{
    "type": "log",
    "source": "class",
    "method": "getFirebaseInstanceId",
    "package_name": "ai.art.generator.paint.draw.photo",
    "class_name": "com.google.firebase.analytics.FirebaseAnalytics",
    "timestamp": 1730744995341,
    "ref": "com.google.firebase.analytics.FirebaseAnalytics@597ade",
    "arguments": "{}",
    "stack_trace": "java.lang.Exception\n\tat com.google.firebase.analytics.FirebaseAnalytics.getFirebaseInstanceId(Native Method)\n\tat java.lang.reflect.Method.invoke(Native Method)\n\tat m.th.f(:com.google.android.gms.dynamite_measurementdynamite@244336029@24.43.36 (190400-0):49)\n\tat m.rr.Y(:com.google.android.gms.dynamite_measurementdynamite@244336029@24.43.36 (190400-0):143)\n\tat m.qw.run(:com.google.android.gms.dynamite_measurementdynamite@244336029@24.43.36 (190400-0):17)\n\tat java.util.concurrent.Executors$RunnableAdapter.call(Executors.java:487)\n\tat java.util.concurrent.FutureTask.run(FutureTask.java:290)\n\tat m.pn.run(:com.google.android.gms.dynamite_measurementdynamite@244336029@24.43.36 (190400-0):48)\n",
    "is_privacy": false
},
{
    "type": "log",
    "source": "class",
    "method": "onPause",
    "package_name": "ai.art.generator.paint.draw.photo",
    "class_name": "com.adjust.sdk.Adjust",
    "timestamp": 1730744995449,
    "ref": "<class: com.adjust.sdk.Adjust>",
    "arguments": "{}",
    "stack_trace": "java.lang.Exception\n\tat com.adjust.sdk.Adjust.onPause(Native Method)\n\tat ai.art.generator.paint.draw.photo.BaseApplication$p01z.onActivityPaused(BaseApplication.kt:1)\n\tat android.app.Application.dispatchActivityPaused(Application.java:481)\n\tat android.app.Activity.dispatchActivityPaused(Activity.java:1529)\n\tat android.app.Activity.onPause(Activity.java:2522)\n\tat androidx.fragment.app.FragmentActivity.onPause(FragmentActivity.java:1)\n\tat ai.art.generator.paint.draw.photo.ui.activity.SplashActivity.onPause(SplashActivity.kt:1)\n\tat android.app.Activity.performPause(Activity.java:8986)\n\tat android.app.Instrumentation.callActivityOnPause(Instrumentation.java:1676)\n\tat android.app.ActivityThread.performPauseActivityIfNeeded(ActivityThread.java:5701)\n\tat android.app.ActivityThread.performPauseActivity(ActivityThread.java:5662)\n\tat android.app.ActivityThread.handlePauseActivity(ActivityThread.java:5614)\n\tat android.app.servertransaction.PauseActivityItem.execute(PauseActivityItem.java:55)\n\tat android.app.servertransaction.ActivityTransactionItem.execute(ActivityTransactionItem.java:45)\n\tat android.app.servertransaction.TransactionExecutor.executeLifecycleState(TransactionExecutor.java:185)\n\tat android.app.servertransaction.TransactionExecutor.execute(TransactionExecutor.java:103)\n\tat android.app.ActivityThread$H.handleMessage(ActivityThread.java:2724)\n\tat android.os.Handler.dispatchMessage(Handler.java:106)\n\tat android.os.Looper.loopOnce(Looper.java:255)\n\tat android.os.Looper.loop(Looper.java:364)\n\tat android.app.ActivityThread.main(ActivityThread.java:8979)\n\tat java.lang.reflect.Method.invoke(Native Method)\n\tat com.android.internal.os.RuntimeInit$MethodAndArgsCaller.run(RuntimeInit.java:572)\n\tat com.android.internal.os.ZygoteInit.main(ZygoteInit.java:1053)\n",
    "is_privacy": false
},
{
    "type": "log",
    "source": "class",
    "method": "getDefaultInstance",
    "package_name": "ai.art.generator.paint.draw.photo",
    "class_name": "com.adjust.sdk.Adjust",
    "timestamp": 1730744995456,
    "ref": "<class: com.adjust.sdk.Adjust>",
    "arguments": "{}",
    "stack_trace": "java.lang.Exception\n\tat com.adjust.sdk.Adjust.getDefaultInstance(Native Method)\n\tat com.adjust.sdk.Adjust.onPause(Unknown Source:0)\n\tat com.adjust.sdk.Adjust.onPause(Native Method)\n\tat ai.art.generator.paint.draw.photo.BaseApplication$p01z.onActivityPaused(BaseApplication.kt:1)\n\tat android.app.Application.dispatchActivityPaused(Application.java:481)\n\tat android.app.Activity.dispatchActivityPaused(Activity.java:1529)\n\tat android.app.Activity.onPause(Activity.java:2522)\n\tat androidx.fragment.app.FragmentActivity.onPause(FragmentActivity.java:1)\n\tat ai.art.generator.paint.draw.photo.ui.activity.SplashActivity.onPause(SplashActivity.kt:1)\n\tat android.app.Activity.performPause(Activity.java:8986)\n\tat android.app.Instrumentation.callActivityOnPause(Instrumentation.java:1676)\n\tat android.app.ActivityThread.performPauseActivityIfNeeded(ActivityThread.java:5701)\n\tat android.app.ActivityThread.performPauseActivity(ActivityThread.java:5662)\n\tat android.app.ActivityThread.handlePauseActivity(ActivityThread.java:5614)\n\tat android.app.servertransaction.PauseActivityItem.execute(PauseActivityItem.java:55)\n\tat android.app.servertransaction.ActivityTransactionItem.execute(ActivityTransactionItem.java:45)\n\tat android.app.servertransaction.TransactionExecutor.executeLifecycleState(TransactionExecutor.java:185)\n\tat android.app.servertransaction.TransactionExecutor.execute(TransactionExecutor.java:103)\n\tat android.app.ActivityThread$H.handleMessage(ActivityThread.java:2724)\n\tat android.os.Handler.dispatchMessage(Handler.java:106)\n\tat android.os.Looper.loopOnce(Looper.java:255)\n\tat android.os.Looper.loop(Looper.java:364)\n\tat android.app.ActivityThread.main(ActivityThread.java:8979)\n\tat java.lang.reflect.Method.invoke(Native Method)\n\tat com.android.internal.os.RuntimeInit$MethodAndArgsCaller.run(RuntimeInit.java:572)\n\tat com.android.internal.os.ZygoteInit.main(ZygoteInit.java:1053)\n",
    "is_privacy": false
},
{
    "type": "log",
    "source": "class",
    "method": "getInstance",
    "package_name": "ai.art.generator.paint.draw.photo",
    "class_name": "com.applovin.sdk.AppLovinSdk",
    "timestamp": 1730744995527,
    "ref": "<class: com.applovin.sdk.AppLovinSdk>",
    "arguments": "{\"0\":\"<instance: com.applovin.sdk.AppLovinSdkSettings>\",\"1\":\"<instance: android.content.Context, $className: ai.art.generator.paint.draw.photo.BaseApplication>\"}",
    "stack_trace": "java.lang.Exception\n\tat com.applovin.sdk.AppLovinSdk.getInstance(Native Method)\n\tat s.p0.x022(MaxAdSdkManager.java:10)\n\tat s.p05v.x033(OxAdSdkManager.kt:4)\n\tat s.p02z.invokeSuspend(OxAdSdkManager.kt:37)\n\tat xb.p01z.resumeWith(ContinuationImpl.kt:4)\n\tat lc.h0.run(DispatchedTask.kt:18)\n\tat android.os.Handler.handleCallback(Handler.java:958)\n\tat android.os.Handler.dispatchMessage(Handler.java:99)\n\tat android.os.Looper.loopOnce(Looper.java:255)\n\tat android.os.Looper.loop(Looper.java:364)\n\tat android.app.ActivityThread.main(ActivityThread.java:8979)\n\tat java.lang.reflect.Method.invoke(Native Method)\n\tat com.android.internal.os.RuntimeInit$MethodAndArgsCaller.run(RuntimeInit.java:572)\n\tat com.android.internal.os.ZygoteInit.main(ZygoteInit.java:1053)\n",
    "is_privacy": false
},
{
    "type": "log",
    "source": "class",
    "method": "getInstance",
    "package_name": "ai.art.generator.paint.draw.photo",
    "class_name": "com.applovin.sdk.AppLovinSdk",
    "timestamp": 1730744995531,
    "ref": "<class: com.applovin.sdk.AppLovinSdk>",
    "arguments": "{\"0\":\"Agvz0yO4xh71GTAfQXLOyQXvx6qgylvMxlotHsBg4KGzAuNgKAVR5M6JmEzvX_rbT-ux2TqekEQ-ei5vcGzh2I\",\"1\":\"<instance: com.applovin.sdk.AppLovinSdkSettings>\",\"2\":\"<instance: android.content.Context, $className: ai.art.generator.paint.draw.photo.BaseApplication>\"}",
    "stack_trace": "java.lang.Exception\n\tat com.applovin.sdk.AppLovinSdk.getInstance(Native Method)\n\tat com.applovin.sdk.AppLovinSdk.getInstance(SourceFile:3)\n\tat com.applovin.sdk.AppLovinSdk.getInstance(Native Method)\n\tat s.p0.x022(MaxAdSdkManager.java:10)\n\tat s.p05v.x033(OxAdSdkManager.kt:4)\n\tat s.p02z.invokeSuspend(OxAdSdkManager.kt:37)\n\tat xb.p01z.resumeWith(ContinuationImpl.kt:4)\n\tat lc.h0.run(DispatchedTask.kt:18)\n\tat android.os.Handler.handleCallback(Handler.java:958)\n\tat android.os.Handler.dispatchMessage(Handler.java:99)\n\tat android.os.Looper.loopOnce(Looper.java:255)\n\tat android.os.Looper.loop(Looper.java:364)\n\tat android.app.ActivityThread.main(ActivityThread.java:8979)\n\tat java.lang.reflect.Method.invoke(Native Method)\n\tat com.android.internal.os.RuntimeInit$MethodAndArgsCaller.run(RuntimeInit.java:572)\n\tat com.android.internal.os.ZygoteInit.main(ZygoteInit.java:1053)\n",
    "is_privacy": false
},
{
    "type": "log",
    "source": "class",
    "method": "getInstance",
    "package_name": "ai.art.generator.paint.draw.photo",
    "class_name": "com.google.firebase.analytics.FirebaseAnalytics",
    "timestamp": 1730744995532,
    "ref": "<class: com.google.firebase.analytics.FirebaseAnalytics>",
    "arguments": "{\"0\":\"<instance: android.content.Context, $className: ai.art.generator.paint.draw.photo.BaseApplication>\"}",
    "stack_trace": "java.lang.Exception\n\tat com.google.firebase.analytics.FirebaseAnalytics.getInstance(Native Method)\n\tat java.lang.reflect.Method.invoke(Native Method)\n\tat m.th.f(:com.google.android.gms.dynamite_measurementdynamite@244336029@24.43.36 (190400-0):47)\n\tat m.rr.Y(:com.google.android.gms.dynamite_measurementdynamite@244336029@24.43.36 (190400-0):143)\n\tat m.rr.H(:com.google.android.gms.dynamite_measurementdynamite@244336029@24.43.36 (190400-0):30)\n\tat m.rr.G(:com.google.android.gms.dynamite_measurementdynamite@244336029@24.43.36 (190400-0):15)\n\tat m.to.c(:com.google.android.gms.dynamite_measurementdynamite@244336029@24.43.36 (190400-0):138)\n\tat m.tq.q(:com.google.android.gms.dynamite_measurementdynamite@244336029@24.43.36 (190400-0):3)\n\tat m.se.C(:com.google.android.gms.dynamite_measurementdynamite@244336029@24.43.36 (190400-0):26)\n\tat m.sc.run(:com.google.android.gms.dynamite_measurementdynamite@244336029@24.43.36 (190400-0):8)\n\tat java.util.concurrent.Executors$RunnableAdapter.call(Executors.java:487)\n\tat java.util.concurrent.FutureTask.run(FutureTask.java:290)\n\tat m.pn.run(:com.google.android.gms.dynamite_measurementdynamite@244336029@24.43.36 (190400-0):48)\n",
    "is_privacy": false
},
{
    "type": "log",
    "source": "class",
    "method": "getFirebaseInstanceId",
    "package_name": "ai.art.generator.paint.draw.photo",
    "class_name": "com.google.firebase.analytics.FirebaseAnalytics",
    "timestamp": 1730744995554,
    "ref": "com.google.firebase.analytics.FirebaseAnalytics@597ade",
    "arguments": "{}",
    "stack_trace": "java.lang.Exception\n\tat com.google.firebase.analytics.FirebaseAnalytics.getFirebaseInstanceId(Native Method)\n\tat java.lang.reflect.Method.invoke(Native Method)\n\tat m.th.f(:com.google.android.gms.dynamite_measurementdynamite@244336029@24.43.36 (190400-0):49)\n\tat m.rr.Y(:com.google.android.gms.dynamite_measurementdynamite@244336029@24.43.36 (190400-0):143)\n\tat m.rr.H(:com.google.android.gms.dynamite_measurementdynamite@244336029@24.43.36 (190400-0):30)\n\tat m.rr.G(:com.google.android.gms.dynamite_measurementdynamite@244336029@24.43.36 (190400-0):15)\n\tat m.to.c(:com.google.android.gms.dynamite_measurementdynamite@244336029@24.43.36 (190400-0):138)\n\tat m.tq.q(:com.google.android.gms.dynamite_measurementdynamite@244336029@24.43.36 (190400-0):3)\n\tat m.se.C(:com.google.android.gms.dynamite_measurementdynamite@244336029@24.43.36 (190400-0):26)\n\tat m.sc.run(:com.google.android.gms.dynamite_measurementdynamite@244336029@24.43.36 (190400-0):8)\n\tat java.util.concurrent.Executors$RunnableAdapter.call(Executors.java:487)\n\tat java.util.concurrent.FutureTask.run(FutureTask.java:290)\n\tat m.pn.run(:com.google.android.gms.dynamite_measurementdynamite@244336029@24.43.36 (190400-0):48)\n",
    "is_privacy": false
},
{
    "type": "log",
    "source": "class",
    "method": "getInstance",
    "package_name": "ai.art.generator.paint.draw.photo",
    "class_name": "com.google.firebase.analytics.FirebaseAnalytics",
    "timestamp": 1730924093725,
    "ref": "<class: com.google.firebase.analytics.FirebaseAnalytics>",
    "arguments": "{\"0\":\"<instance: android.content.Context, $className: ai.art.generator.paint.draw.photo.BaseApplication>\"}",
    "stack_trace": "java.lang.Exception\n\tat com.google.firebase.analytics.FirebaseAnalytics.getInstance(Native Method)\n\tat n6.p01z.x011(com.google.firebase:firebase-analytics-ktx@@21.2.0:7)\n\tat f01b.p06f.h(SourceFile:1)\n\tat d9.p01z.x022(LocalVersionChecker.kt:13)\n\tat com.icekrvams.air.InitializerProvider.onCreate(InitializerProvider.kt:12)\n\tat android.content.ContentProvider.attachInfo(ContentProvider.java:2650)\n\tat android.content.ContentProvider.attachInfo(ContentProvider.java:2620)\n\tat android.app.ActivityThread.installProvider(ActivityThread.java:8506)\n\tat android.app.ActivityThread.installContentProviders(ActivityThread.java:8017)\n\tat android.app.ActivityThread.handleBindApplication(ActivityThread.java:7704)\n\tat android.app.ActivityThread.handleBindApplication(Native Method)\n\tat android.app.ActivityThread.-$$Nest$mhandleBindApplication(Unknown Source:0)\n\tat android.app.ActivityThread$H.handleMessage(ActivityThread.java:2471)\n\tat android.os.Handler.dispatchMessage(Handler.java:106)\n\tat android.os.Looper.loopOnce(Looper.java:255)\n\tat android.os.Looper.loop(Looper.java:364)\n\tat android.app.ActivityThread.main(ActivityThread.java:8979)\n\tat java.lang.reflect.Method.invoke(Native Method)\n\tat com.android.internal.os.RuntimeInit$MethodAndArgsCaller.run(RuntimeInit.java:572)\n\tat com.android.internal.os.ZygoteInit.main(ZygoteInit.java:1053)\n",
    "is_privacy": false
},
{
    "type": "log",
    "source": "class",
    "method": "initialize",
    "package_name": "ai.art.generator.paint.draw.photo",
    "class_name": "com.google.android.gms.ads.MobileAds",
    "timestamp": 1730924093940,
    "ref": "<class: com.google.android.gms.ads.MobileAds>",
    "arguments": "{\"0\":\"<instance: android.content.Context, $className: ai.art.generator.paint.draw.photo.BaseApplication>\"}",
    "stack_trace": "java.lang.Exception\n\tat com.google.android.gms.ads.MobileAds.initialize(Native Method)\n\tat ai.art.generator.paint.draw.photo.BaseApplication.safedk_BaseApplication_onCreate_85aecb9530329aebd30d9e6f790d58ad(BaseApplication.kt:33)\n\tat ai.art.generator.paint.draw.photo.BaseApplication.onCreate(Unknown Source:8)\n\tat android.app.Instrumentation.callApplicationOnCreate(Instrumentation.java:1335)\n\tat android.app.ActivityThread.handleBindApplication(ActivityThread.java:7722)\n\tat android.app.ActivityThread.handleBindApplication(Native Method)\n\tat android.app.ActivityThread.-$$Nest$mhandleBindApplication(Unknown Source:0)\n\tat android.app.ActivityThread$H.handleMessage(ActivityThread.java:2471)\n\tat android.os.Handler.dispatchMessage(Handler.java:106)\n\tat android.os.Looper.loopOnce(Looper.java:255)\n\tat android.os.Looper.loop(Looper.java:364)\n\tat android.app.ActivityThread.main(ActivityThread.java:8979)\n\tat java.lang.reflect.Method.invoke(Native Method)\n\tat com.android.internal.os.RuntimeInit$MethodAndArgsCaller.run(RuntimeInit.java:572)\n\tat com.android.internal.os.ZygoteInit.main(ZygoteInit.java:1053)\n",
    "is_privacy": false
},
{
    "type": "log",
    "source": "class",
    "method": "build",
    "package_name": "ai.art.generator.paint.draw.photo",
    "class_name": "com.google.android.gms.ads.RequestConfiguration$Builder",
    "timestamp": 1730924093944,
    "ref": "com.google.android.gms.ads.RequestConfiguration$Builder@1b01594",
    "arguments": "{}",
    "stack_trace": "java.lang.Exception\n\tat com.google.android.gms.ads.RequestConfiguration$Builder.build(Native Method)\n\tat com.google.android.gms.ads.internal.client.zzej.<init>(com.google.android.gms:play-services-ads-lite@@22.0.0:2)\n\tat com.google.android.gms.ads.internal.client.zzej.zzf(com.google.android.gms:play-services-ads-lite@@22.0.0:1)\n\tat com.google.android.gms.ads.MobileAds.initialize(com.google.android.gms:play-services-ads-lite@@22.0.0:1)\n\tat com.google.android.gms.ads.MobileAds.initialize(Native Method)\n\tat ai.art.generator.paint.draw.photo.BaseApplication.safedk_BaseApplication_onCreate_85aecb9530329aebd30d9e6f790d58ad(BaseApplication.kt:33)\n\tat ai.art.generator.paint.draw.photo.BaseApplication.onCreate(Unknown Source:8)\n\tat android.app.Instrumentation.callApplicationOnCreate(Instrumentation.java:1335)\n\tat android.app.ActivityThread.handleBindApplication(ActivityThread.java:7722)\n\tat android.app.ActivityThread.handleBindApplication(Native Method)\n\tat android.app.ActivityThread.-$$Nest$mhandleBindApplication(Unknown Source:0)\n\tat android.app.ActivityThread$H.handleMessage(ActivityThread.java:2471)\n\tat android.os.Handler.dispatchMessage(Handler.java:106)\n\tat android.os.Looper.loopOnce(Looper.java:255)\n\tat android.os.Looper.loop(Looper.java:364)\n\tat android.app.ActivityThread.main(ActivityThread.java:8979)\n\tat java.lang.reflect.Method.invoke(Native Method)\n\tat com.android.internal.os.RuntimeInit$MethodAndArgsCaller.run(RuntimeInit.java:572)\n\tat com.android.internal.os.ZygoteInit.main(ZygoteInit.java:1053)\n",
    "is_privacy": false
},
{
    "type": "log",
    "source": "class",
    "method": "getInstance",
    "package_name": "ai.art.generator.paint.draw.photo",
    "class_name": "com.google.firebase.analytics.FirebaseAnalytics",
    "timestamp": 1730924093958,
    "ref": "<class: com.google.firebase.analytics.FirebaseAnalytics>",
    "arguments": "{\"0\":\"<instance: android.content.Context, $className: ai.art.generator.paint.draw.photo.BaseApplication>\"}",
    "stack_trace": "java.lang.Exception\n\tat com.google.firebase.analytics.FirebaseAnalytics.getInstance(Native Method)\n\tat java.lang.reflect.Method.invoke(Native Method)\n\tat m.th.f(:com.google.android.gms.dynamite_measurementdynamite@244336029@24.43.36 (190400-0):47)\n\tat m.rr.s(:com.google.android.gms.dynamite_measurementdynamite@244336029@24.43.36 (190400-0):81)\n\tat m.pr.run(:com.google.android.gms.dynamite_measurementdynamite@244336029@24.43.36 (190400-0):2078)\n\tat java.util.concurrent.Executors$RunnableAdapter.call(Executors.java:487)\n\tat java.util.concurrent.FutureTask.run(FutureTask.java:290)\n\tat m.pn.run(:com.google.android.gms.dynamite_measurementdynamite@244336029@24.43.36 (190400-0):48)\n",
    "is_privacy": false
},
{
    "type": "log",
    "source": "class",
    "method": "getFirebaseInstanceId",
    "package_name": "ai.art.generator.paint.draw.photo",
    "class_name": "com.google.firebase.analytics.FirebaseAnalytics",
    "timestamp": 1730924093965,
    "ref": "com.google.firebase.analytics.FirebaseAnalytics@1c0cadf",
    "arguments": "{}",
    "stack_trace": "java.lang.Exception\n\tat com.google.firebase.analytics.FirebaseAnalytics.getFirebaseInstanceId(Native Method)\n\tat java.lang.reflect.Method.invoke(Native Method)\n\tat m.th.f(:com.google.android.gms.dynamite_measurementdynamite@244336029@24.43.36 (190400-0):49)\n\tat m.rr.s(:com.google.android.gms.dynamite_measurementdynamite@244336029@24.43.36 (190400-0):81)\n\tat m.pr.run(:com.google.android.gms.dynamite_measurementdynamite@244336029@24.43.36 (190400-0):2078)\n\tat java.util.concurrent.Executors$RunnableAdapter.call(Executors.java:487)\n\tat java.util.concurrent.FutureTask.run(FutureTask.java:290)\n\tat m.pn.run(:com.google.android.gms.dynamite_measurementdynamite@244336029@24.43.36 (190400-0):48)\n",
    "is_privacy": false
},
{
    "type": "log",
    "source": "class",
    "method": "getInstance",
    "package_name": "ai.art.generator.paint.draw.photo",
    "class_name": "com.google.firebase.analytics.FirebaseAnalytics",
    "timestamp": 1730924094065,
    "ref": "<class: com.google.firebase.analytics.FirebaseAnalytics>",
    "arguments": "{\"0\":\"<instance: android.content.Context, $className: ai.art.generator.paint.draw.photo.BaseApplication>\"}",
    "stack_trace": "java.lang.Exception\n\tat com.google.firebase.analytics.FirebaseAnalytics.getInstance(Native Method)\n\tat java.lang.reflect.Method.invoke(Native Method)\n\tat m.th.f(:com.google.android.gms.dynamite_measurementdynamite@244336029@24.43.36 (190400-0):47)\n\tat m.rr.U(:com.google.android.gms.dynamite_measurementdynamite@244336029@24.43.36 (190400-0):209)\n\tat m.tp.b(:com.google.android.gms.dynamite_measurementdynamite@244336029@24.43.36 (190400-0):70)\n\tat m.tp.a(:com.google.android.gms.dynamite_measurementdynamite@244336029@24.43.36 (190400-0):65)\n\tat m.pr.run(:com.google.android.gms.dynamite_measurementdynamite@244336029@24.43.36 (190400-0):2087)\n\tat java.util.concurrent.Executors$RunnableAdapter.call(Executors.java:487)\n\tat java.util.concurrent.FutureTask.run(FutureTask.java:290)\n\tat m.pn.run(:com.google.android.gms.dynamite_measurementdynamite@244336029@24.43.36 (190400-0):48)\n",
    "is_privacy": false
},
{
    "type": "log",
    "source": "class",
    "method": "getFirebaseInstanceId",
    "package_name": "ai.art.generator.paint.draw.photo",
    "class_name": "com.google.firebase.analytics.FirebaseAnalytics",
    "timestamp": 1730924094068,
    "ref": "com.google.firebase.analytics.FirebaseAnalytics@1c0cadf",
    "arguments": "{}",
    "stack_trace": "java.lang.Exception\n\tat com.google.firebase.analytics.FirebaseAnalytics.getFirebaseInstanceId(Native Method)\n\tat java.lang.reflect.Method.invoke(Native Method)\n\tat m.th.f(:com.google.android.gms.dynamite_measurementdynamite@244336029@24.43.36 (190400-0):49)\n\tat m.rr.U(:com.google.android.gms.dynamite_measurementdynamite@244336029@24.43.36 (190400-0):209)\n\tat m.tp.b(:com.google.android.gms.dynamite_measurementdynamite@244336029@24.43.36 (190400-0):70)\n\tat m.tp.a(:com.google.android.gms.dynamite_measurementdynamite@244336029@24.43.36 (190400-0):65)\n\tat m.pr.run(:com.google.android.gms.dynamite_measurementdynamite@244336029@24.43.36 (190400-0):2087)\n\tat java.util.concurrent.Executors$RunnableAdapter.call(Executors.java:487)\n\tat java.util.concurrent.FutureTask.run(FutureTask.java:290)\n\tat m.pn.run(:com.google.android.gms.dynamite_measurementdynamite@244336029@24.43.36 (190400-0):48)\n",
    "is_privacy": false
},
{
    "type": "log",
    "source": "class",
    "method": "getInstance",
    "package_name": "ai.art.generator.paint.draw.photo",
    "class_name": "com.google.firebase.analytics.FirebaseAnalytics",
    "timestamp": 1730924094091,
    "ref": "<class: com.google.firebase.analytics.FirebaseAnalytics>",
    "arguments": "{\"0\":\"<instance: android.content.Context, $className: ai.art.generator.paint.draw.photo.BaseApplication>\"}",
    "stack_trace": "java.lang.Exception\n\tat com.google.firebase.analytics.FirebaseAnalytics.getInstance(Native Method)\n\tat java.lang.reflect.Method.invoke(Native Method)\n\tat m.th.f(:com.google.android.gms.dynamite_measurementdynamite@244336029@24.43.36 (190400-0):47)\n\tat m.rr.Y(:com.google.android.gms.dynamite_measurementdynamite@244336029@24.43.36 (190400-0):143)\n\tat m.rr.H(:com.google.android.gms.dynamite_measurementdynamite@244336029@24.43.36 (190400-0):30)\n\tat m.tp.b(:com.google.android.gms.dynamite_measurementdynamite@244336029@24.43.36 (190400-0):123)\n\tat m.tp.a(:com.google.android.gms.dynamite_measurementdynamite@244336029@24.43.36 (190400-0):65)\n\tat m.pr.run(:com.google.android.gms.dynamite_measurementdynamite@244336029@24.43.36 (190400-0):2087)\n\tat java.util.concurrent.Executors$RunnableAdapter.call(Executors.java:487)\n\tat java.util.concurrent.FutureTask.run(FutureTask.java:290)\n\tat m.pn.run(:com.google.android.gms.dynamite_measurementdynamite@244336029@24.43.36 (190400-0):48)\n",
    "is_privacy": false
},
{
    "type": "log",
    "source": "class",
    "method": "getFirebaseInstanceId",
    "package_name": "ai.art.generator.paint.draw.photo",
    "class_name": "com.google.firebase.analytics.FirebaseAnalytics",
    "timestamp": 1730924094094,
    "ref": "com.google.firebase.analytics.FirebaseAnalytics@1c0cadf",
    "arguments": "{}",
    "stack_trace": "java.lang.Exception\n\tat com.google.firebase.analytics.FirebaseAnalytics.getFirebaseInstanceId(Native Method)\n\tat java.lang.reflect.Method.invoke(Native Method)\n\tat m.th.f(:com.google.android.gms.dynamite_measurementdynamite@244336029@24.43.36 (190400-0):49)\n\tat m.rr.Y(:com.google.android.gms.dynamite_measurementdynamite@244336029@24.43.36 (190400-0):143)\n\tat m.rr.H(:com.google.android.gms.dynamite_measurementdynamite@244336029@24.43.36 (190400-0):30)\n\tat m.tp.b(:com.google.android.gms.dynamite_measurementdynamite@244336029@24.43.36 (190400-0):123)\n\tat m.tp.a(:com.google.android.gms.dynamite_measurementdynamite@244336029@24.43.36 (190400-0):65)\n\tat m.pr.run(:com.google.android.gms.dynamite_measurementdynamite@244336029@24.43.36 (190400-0):2087)\n\tat java.util.concurrent.Executors$RunnableAdapter.call(Executors.java:487)\n\tat java.util.concurrent.FutureTask.run(FutureTask.java:290)\n\tat m.pn.run(:com.google.android.gms.dynamite_measurementdynamite@244336029@24.43.36 (190400-0):48)\n",
    "is_privacy": false
},
{
    "type": "log",
    "source": "class",
    "method": "getInstance",
    "package_name": "ai.art.generator.paint.draw.photo",
    "class_name": "com.google.firebase.analytics.FirebaseAnalytics",
    "timestamp": 1730924094102,
    "ref": "<class: com.google.firebase.analytics.FirebaseAnalytics>",
    "arguments": "{\"0\":\"<instance: android.content.Context, $className: ai.art.generator.paint.draw.photo.BaseApplication>\"}",
    "stack_trace": "java.lang.Exception\n\tat com.google.firebase.analytics.FirebaseAnalytics.getInstance(Native Method)\n\tat java.lang.reflect.Method.invoke(Native Method)\n\tat m.th.f(:com.google.android.gms.dynamite_measurementdynamite@244336029@24.43.36 (190400-0):47)\n\tat m.th.s(:com.google.android.gms.dynamite_measurementdynamite@244336029@24.43.36 (190400-0):8)\n\tat m.pr.run(:com.google.android.gms.dynamite_measurementdynamite@244336029@24.43.36 (190400-0):2099)\n\tat java.util.concurrent.Executors$RunnableAdapter.call(Executors.java:487)\n\tat java.util.concurrent.FutureTask.run(FutureTask.java:290)\n\tat m.pn.run(:com.google.android.gms.dynamite_measurementdynamite@244336029@24.43.36 (190400-0):48)\n",
    "is_privacy": false
},
{
    "type": "log",
    "source": "class",
    "method": "getFirebaseInstanceId",
    "package_name": "ai.art.generator.paint.draw.photo",
    "class_name": "com.google.firebase.analytics.FirebaseAnalytics",
    "timestamp": 1730924094104,
    "ref": "com.google.firebase.analytics.FirebaseAnalytics@1c0cadf",
    "arguments": "{}",
    "stack_trace": "java.lang.Exception\n\tat com.google.firebase.analytics.FirebaseAnalytics.getFirebaseInstanceId(Native Method)\n\tat java.lang.reflect.Method.invoke(Native Method)\n\tat m.th.f(:com.google.android.gms.dynamite_measurementdynamite@244336029@24.43.36 (190400-0):49)\n\tat m.th.s(:com.google.android.gms.dynamite_measurementdynamite@244336029@24.43.36 (190400-0):8)\n\tat m.pr.run(:com.google.android.gms.dynamite_measurementdynamite@244336029@24.43.36 (190400-0):2099)\n\tat java.util.concurrent.Executors$RunnableAdapter.call(Executors.java:487)\n\tat java.util.concurrent.FutureTask.run(FutureTask.java:290)\n\tat m.pn.run(:com.google.android.gms.dynamite_measurementdynamite@244336029@24.43.36 (190400-0):48)\n",
    "is_privacy": false
},
{
    "type": "log",
    "source": "class",
    "method": "getInstance",
    "package_name": "ai.art.generator.paint.draw.photo",
    "class_name": "com.google.firebase.analytics.FirebaseAnalytics",
    "timestamp": 1730924094111,
    "ref": "<class: com.google.firebase.analytics.FirebaseAnalytics>",
    "arguments": "{\"0\":\"<instance: android.content.Context, $className: ai.art.generator.paint.draw.photo.BaseApplication>\"}",
    "stack_trace": "java.lang.Exception\n\tat com.google.firebase.analytics.FirebaseAnalytics.getInstance(Native Method)\n\tat java.lang.reflect.Method.invoke(Native Method)\n\tat m.th.f(:com.google.android.gms.dynamite_measurementdynamite@244336029@24.43.36 (190400-0):47)\n\tat m.th.F(:com.google.android.gms.dynamite_measurementdynamite@244336029@24.43.36 (190400-0):8)\n\tat m.pr.run(:com.google.android.gms.dynamite_measurementdynamite@244336029@24.43.36 (190400-0):2116)\n\tat java.util.concurrent.Executors$RunnableAdapter.call(Executors.java:487)\n\tat java.util.concurrent.FutureTask.run(FutureTask.java:290)\n\tat m.pn.run(:com.google.android.gms.dynamite_measurementdynamite@244336029@24.43.36 (190400-0):48)\n",
    "is_privacy": false
},
{
    "type": "log",
    "source": "class",
    "method": "getFirebaseInstanceId",
    "package_name": "ai.art.generator.paint.draw.photo",
    "class_name": "com.google.firebase.analytics.FirebaseAnalytics",
    "timestamp": 1730924094113,
    "ref": "com.google.firebase.analytics.FirebaseAnalytics@1c0cadf",
    "arguments": "{}",
    "stack_trace": "java.lang.Exception\n\tat com.google.firebase.analytics.FirebaseAnalytics.getFirebaseInstanceId(Native Method)\n\tat java.lang.reflect.Method.invoke(Native Method)\n\tat m.th.f(:com.google.android.gms.dynamite_measurementdynamite@244336029@24.43.36 (190400-0):49)\n\tat m.th.F(:com.google.android.gms.dynamite_measurementdynamite@244336029@24.43.36 (190400-0):8)\n\tat m.pr.run(:com.google.android.gms.dynamite_measurementdynamite@244336029@24.43.36 (190400-0):2116)\n\tat java.util.concurrent.Executors$RunnableAdapter.call(Executors.java:487)\n\tat java.util.concurrent.FutureTask.run(FutureTask.java:290)\n\tat m.pn.run(:com.google.android.gms.dynamite_measurementdynamite@244336029@24.43.36 (190400-0):48)\n",
    "is_privacy": false
},
{
    "type": "log",
    "source": "class",
    "method": "getInstance",
    "package_name": "ai.art.generator.paint.draw.photo",
    "class_name": "com.google.firebase.analytics.FirebaseAnalytics",
    "timestamp": 1730924094134,
    "ref": "<class: com.google.firebase.analytics.FirebaseAnalytics>",
    "arguments": "{\"0\":\"<instance: android.content.Context, $className: ai.art.generator.paint.draw.photo.BaseApplication>\"}",
    "stack_trace": "java.lang.Exception\n\tat com.google.firebase.analytics.FirebaseAnalytics.getInstance(Native Method)\n\tat java.lang.reflect.Method.invoke(Native Method)\n\tat m.th.f(:com.google.android.gms.dynamite_measurementdynamite@244336029@24.43.36 (190400-0):47)\n\tat m.rr.Y(:com.google.android.gms.dynamite_measurementdynamite@244336029@24.43.36 (190400-0):143)\n\tat m.qw.run(:com.google.android.gms.dynamite_measurementdynamite@244336029@24.43.36 (190400-0):17)\n\tat java.util.concurrent.Executors$RunnableAdapter.call(Executors.java:487)\n\tat java.util.concurrent.FutureTask.run(FutureTask.java:290)\n\tat m.pn.run(:com.google.android.gms.dynamite_measurementdynamite@244336029@24.43.36 (190400-0):48)\n",
    "is_privacy": false
},
{
    "type": "log",
    "source": "class",
    "method": "getFirebaseInstanceId",
    "package_name": "ai.art.generator.paint.draw.photo",
    "class_name": "com.google.firebase.analytics.FirebaseAnalytics",
    "timestamp": 1730924094137,
    "ref": "com.google.firebase.analytics.FirebaseAnalytics@1c0cadf",
    "arguments": "{}",
    "stack_trace": "java.lang.Exception\n\tat com.google.firebase.analytics.FirebaseAnalytics.getFirebaseInstanceId(Native Method)\n\tat java.lang.reflect.Method.invoke(Native Method)\n\tat m.th.f(:com.google.android.gms.dynamite_measurementdynamite@244336029@24.43.36 (190400-0):49)\n\tat m.rr.Y(:com.google.android.gms.dynamite_measurementdynamite@244336029@24.43.36 (190400-0):143)\n\tat m.qw.run(:com.google.android.gms.dynamite_measurementdynamite@244336029@24.43.36 (190400-0):17)\n\tat java.util.concurrent.Executors$RunnableAdapter.call(Executors.java:487)\n\tat java.util.concurrent.FutureTask.run(FutureTask.java:290)\n\tat m.pn.run(:com.google.android.gms.dynamite_measurementdynamite@244336029@24.43.36 (190400-0):48)\n",
    "is_privacy": false
},
{
    "type": "log",
    "source": "class",
    "method": "getTagForChildDirectedTreatment",
    "package_name": "ai.art.generator.paint.draw.photo",
    "class_name": "com.google.android.gms.ads.RequestConfiguration",
    "timestamp": 1730924094483,
    "ref": "com.google.android.gms.ads.RequestConfiguration@f4e03f1",
    "arguments": "{}",
    "stack_trace": "java.lang.Exception\n\tat com.google.android.gms.ads.RequestConfiguration.getTagForChildDirectedTreatment(Native Method)\n\tat com.google.android.gms.ads.internal.client.zzej.zzm(com.google.android.gms:play-services-ads-lite@@22.0.0:11)\n\tat com.google.android.gms.ads.MobileAds.initialize(com.google.android.gms:play-services-ads-lite@@22.0.0:2)\n\tat com.google.android.gms.ads.MobileAds.initialize(Native Method)\n\tat ai.art.generator.paint.draw.photo.BaseApplication.safedk_BaseApplication_onCreate_85aecb9530329aebd30d9e6f790d58ad(BaseApplication.kt:33)\n\tat ai.art.generator.paint.draw.photo.BaseApplication.onCreate(Unknown Source:8)\n\tat android.app.Instrumentation.callApplicationOnCreate(Instrumentation.java:1335)\n\tat android.app.ActivityThread.handleBindApplication(ActivityThread.java:7722)\n\tat android.app.ActivityThread.handleBindApplication(Native Method)\n\tat android.app.ActivityThread.-$$Nest$mhandleBindApplication(Unknown Source:0)\n\tat android.app.ActivityThread$H.handleMessage(ActivityThread.java:2471)\n\tat android.os.Handler.dispatchMessage(Handler.java:106)\n\tat android.os.Looper.loopOnce(Looper.java:255)\n\tat android.os.Looper.loop(Looper.java:364)\n\tat android.app.ActivityThread.main(ActivityThread.java:8979)\n\tat java.lang.reflect.Method.invoke(Native Method)\n\tat com.android.internal.os.RuntimeInit$MethodAndArgsCaller.run(RuntimeInit.java:572)\n\tat com.android.internal.os.ZygoteInit.main(ZygoteInit.java:1053)\n",
    "is_privacy": false
},
{
    "type": "log",
    "source": "class",
    "method": "getTagForUnderAgeOfConsent",
    "package_name": "ai.art.generator.paint.draw.photo",
    "class_name": "com.google.android.gms.ads.RequestConfiguration",
    "timestamp": 1730924094485,
    "ref": "com.google.android.gms.ads.RequestConfiguration@f4e03f1",
    "arguments": "{}",
    "stack_trace": "java.lang.Exception\n\tat com.google.android.gms.ads.RequestConfiguration.getTagForUnderAgeOfConsent(Native Method)\n\tat com.google.android.gms.ads.internal.client.zzej.zzm(com.google.android.gms:play-services-ads-lite@@22.0.0:12)\n\tat com.google.android.gms.ads.MobileAds.initialize(com.google.android.gms:play-services-ads-lite@@22.0.0:2)\n\tat com.google.android.gms.ads.MobileAds.initialize(Native Method)\n\tat ai.art.generator.paint.draw.photo.BaseApplication.safedk_BaseApplication_onCreate_85aecb9530329aebd30d9e6f790d58ad(BaseApplication.kt:33)\n\tat ai.art.generator.paint.draw.photo.BaseApplication.onCreate(Unknown Source:8)\n\tat android.app.Instrumentation.callApplicationOnCreate(Instrumentation.java:1335)\n\tat android.app.ActivityThread.handleBindApplication(ActivityThread.java:7722)\n\tat android.app.ActivityThread.handleBindApplication(Native Method)\n\tat android.app.ActivityThread.-$$Nest$mhandleBindApplication(Unknown Source:0)\n\tat android.app.ActivityThread$H.handleMessage(ActivityThread.java:2471)\n\tat android.os.Handler.dispatchMessage(Handler.java:106)\n\tat android.os.Looper.loopOnce(Looper.java:255)\n\tat android.os.Looper.loop(Looper.java:364)\n\tat android.app.ActivityThread.main(ActivityThread.java:8979)\n\tat java.lang.reflect.Method.invoke(Native Method)\n\tat com.android.internal.os.RuntimeInit$MethodAndArgsCaller.run(RuntimeInit.java:572)\n\tat com.android.internal.os.ZygoteInit.main(ZygoteInit.java:1053)\n",
    "is_privacy": false
},
{
    "type": "log",
    "source": "class",
    "method": "getInstance",
    "package_name": "ai.art.generator.paint.draw.photo",
    "class_name": "com.google.firebase.analytics.FirebaseAnalytics",
    "timestamp": 1730924094492,
    "ref": "<class: com.google.firebase.analytics.FirebaseAnalytics>",
    "arguments": "{\"0\":\"<instance: android.content.Context, $className: ai.art.generator.paint.draw.photo.BaseApplication>\"}",
    "stack_trace": "java.lang.Exception\n\tat com.google.firebase.analytics.FirebaseAnalytics.getInstance(Native Method)\n\tat s.i.x011(OxFirebaseEventTracker.kt:1)\n\tat s.i.x022(OxFirebaseEventTracker.kt:2)\n\tat t.p02z.x011(OxAdSdk.java:10)\n\tat ai.art.generator.paint.draw.photo.BaseApplication.safedk_BaseApplication_onCreate_85aecb9530329aebd30d9e6f790d58ad(BaseApplication.kt:59)\n\tat ai.art.generator.paint.draw.photo.BaseApplication.onCreate(Unknown Source:8)\n\tat android.app.Instrumentation.callApplicationOnCreate(Instrumentation.java:1335)\n\tat android.app.ActivityThread.handleBindApplication(ActivityThread.java:7722)\n\tat android.app.ActivityThread.handleBindApplication(Native Method)\n\tat android.app.ActivityThread.-$$Nest$mhandleBindApplication(Unknown Source:0)\n\tat android.app.ActivityThread$H.handleMessage(ActivityThread.java:2471)\n\tat android.os.Handler.dispatchMessage(Handler.java:106)\n\tat android.os.Looper.loopOnce(Looper.java:255)\n\tat android.os.Looper.loop(Looper.java:364)\n\tat android.app.ActivityThread.main(ActivityThread.java:8979)\n\tat java.lang.reflect.Method.invoke(Native Method)\n\tat com.android.internal.os.RuntimeInit$MethodAndArgsCaller.run(RuntimeInit.java:572)\n\tat com.android.internal.os.ZygoteInit.main(ZygoteInit.java:1053)\n",
    "is_privacy": false
},
{
    "type": "log",
    "source": "class",
    "method": "init",
    "package_name": "ai.art.generator.paint.draw.photo",
    "class_name": "com.adjust.sdk.AdjustConfig",
    "timestamp": 1730924094493,
    "ref": "com.adjust.sdk.AdjustConfig@acf736b",
    "arguments": "{\"0\":\"<instance: android.content.Context, $className: ai.art.generator.paint.draw.photo.BaseApplication>\",\"1\":\"vl0a785yq9ds\",\"2\":\"production\",\"3\":false}",
    "stack_trace": "java.lang.Exception\n\tat com.adjust.sdk.AdjustConfig.init(Native Method)\n\tat com.adjust.sdk.AdjustConfig.<init>(Unknown Source:4)\n\tat ai.art.generator.paint.draw.photo.BaseApplication.safedk_BaseApplication_onCreate_85aecb9530329aebd30d9e6f790d58ad(BaseApplication.kt:61)\n\tat ai.art.generator.paint.draw.photo.BaseApplication.onCreate(Unknown Source:8)\n\tat android.app.Instrumentation.callApplicationOnCreate(Instrumentation.java:1335)\n\tat android.app.ActivityThread.handleBindApplication(ActivityThread.java:7722)\n\tat android.app.ActivityThread.handleBindApplication(Native Method)\n\tat android.app.ActivityThread.-$$Nest$mhandleBindApplication(Unknown Source:0)\n\tat android.app.ActivityThread$H.handleMessage(ActivityThread.java:2471)\n\tat android.os.Handler.dispatchMessage(Handler.java:106)\n\tat android.os.Looper.loopOnce(Looper.java:255)\n\tat android.os.Looper.loop(Looper.java:364)\n\tat android.app.ActivityThread.main(ActivityThread.java:8979)\n\tat java.lang.reflect.Method.invoke(Native Method)\n\tat com.android.internal.os.RuntimeInit$MethodAndArgsCaller.run(RuntimeInit.java:572)\n\tat com.android.internal.os.ZygoteInit.main(ZygoteInit.java:1053)\n",
    "is_privacy": false
},
{
    "type": "log",
    "source": "class",
    "method": "setLogLevel",
    "package_name": "ai.art.generator.paint.draw.photo",
    "class_name": "com.adjust.sdk.AdjustConfig",
    "timestamp": 1730924094496,
    "ref": "com.adjust.sdk.AdjustConfig@acf736b",
    "arguments": "{\"0\":\"<instance: com.adjust.sdk.LogLevel>\",\"1\":\"production\"}",
    "stack_trace": "java.lang.Exception\n\tat com.adjust.sdk.AdjustConfig.setLogLevel(Native Method)\n\tat com.adjust.sdk.AdjustConfig.init(Unknown Source:21)\n\tat com.adjust.sdk.AdjustConfig.init(Native Method)\n\tat com.adjust.sdk.AdjustConfig.<init>(Unknown Source:4)\n\tat ai.art.generator.paint.draw.photo.BaseApplication.safedk_BaseApplication_onCreate_85aecb9530329aebd30d9e6f790d58ad(BaseApplication.kt:61)\n\tat ai.art.generator.paint.draw.photo.BaseApplication.onCreate(Unknown Source:8)\n\tat android.app.Instrumentation.callApplicationOnCreate(Instrumentation.java:1335)\n\tat android.app.ActivityThread.handleBindApplication(ActivityThread.java:7722)\n\tat android.app.ActivityThread.handleBindApplication(Native Method)\n\tat android.app.ActivityThread.-$$Nest$mhandleBindApplication(Unknown Source:0)\n\tat android.app.ActivityThread$H.handleMessage(ActivityThread.java:2471)\n\tat android.os.Handler.dispatchMessage(Handler.java:106)\n\tat android.os.Looper.loopOnce(Looper.java:255)\n\tat android.os.Looper.loop(Looper.java:364)\n\tat android.app.ActivityThread.main(ActivityThread.java:8979)\n\tat java.lang.reflect.Method.invoke(Native Method)\n\tat com.android.internal.os.RuntimeInit$MethodAndArgsCaller.run(RuntimeInit.java:572)\n\tat com.android.internal.os.ZygoteInit.main(ZygoteInit.java:1053)\n",
    "is_privacy": false
},
{
    "type": "log",
    "source": "class",
    "method": "setOnAttributionChangedListener",
    "package_name": "ai.art.generator.paint.draw.photo",
    "class_name": "com.adjust.sdk.AdjustConfig",
    "timestamp": 1730924094499,
    "ref": "com.adjust.sdk.AdjustConfig@acf736b",
    "arguments": "{\"0\":\"<instance: com.adjust.sdk.OnAttributionChangedListener, $className: f08y.p02z>\"}",
    "stack_trace": "java.lang.Exception\n\tat com.adjust.sdk.AdjustConfig.setOnAttributionChangedListener(Native Method)\n\tat ai.art.generator.paint.draw.photo.BaseApplication.safedk_BaseApplication_onCreate_85aecb9530329aebd30d9e6f790d58ad(BaseApplication.kt:62)\n\tat ai.art.generator.paint.draw.photo.BaseApplication.onCreate(Unknown Source:8)\n\tat android.app.Instrumentation.callApplicationOnCreate(Instrumentation.java:1335)\n\tat android.app.ActivityThread.handleBindApplication(ActivityThread.java:7722)\n\tat android.app.ActivityThread.handleBindApplication(Native Method)\n\tat android.app.ActivityThread.-$$Nest$mhandleBindApplication(Unknown Source:0)\n\tat android.app.ActivityThread$H.handleMessage(ActivityThread.java:2471)\n\tat android.os.Handler.dispatchMessage(Handler.java:106)\n\tat android.os.Looper.loopOnce(Looper.java:255)\n\tat android.os.Looper.loop(Looper.java:364)\n\tat android.app.ActivityThread.main(ActivityThread.java:8979)\n\tat java.lang.reflect.Method.invoke(Native Method)\n\tat com.android.internal.os.RuntimeInit$MethodAndArgsCaller.run(RuntimeInit.java:572)\n\tat com.android.internal.os.ZygoteInit.main(ZygoteInit.java:1053)\n",
    "is_privacy": false
},
{
    "type": "log",
    "source": "class",
    "method": "onCreate",
    "package_name": "ai.art.generator.paint.draw.photo",
    "class_name": "com.adjust.sdk.Adjust",
    "timestamp": 1730924094501,
    "ref": "<class: com.adjust.sdk.Adjust>",
    "arguments": "{\"0\":\"<instance: com.adjust.sdk.AdjustConfig>\"}",
    "stack_trace": "java.lang.Exception\n\tat com.adjust.sdk.Adjust.onCreate(Native Method)\n\tat ai.art.generator.paint.draw.photo.BaseApplication.safedk_BaseApplication_onCreate_85aecb9530329aebd30d9e6f790d58ad(BaseApplication.kt:63)\n\tat ai.art.generator.paint.draw.photo.BaseApplication.onCreate(Unknown Source:8)\n\tat android.app.Instrumentation.callApplicationOnCreate(Instrumentation.java:1335)\n\tat android.app.ActivityThread.handleBindApplication(ActivityThread.java:7722)\n\tat android.app.ActivityThread.handleBindApplication(Native Method)\n\tat android.app.ActivityThread.-$$Nest$mhandleBindApplication(Unknown Source:0)\n\tat android.app.ActivityThread$H.handleMessage(ActivityThread.java:2471)\n\tat android.os.Handler.dispatchMessage(Handler.java:106)\n\tat android.os.Looper.loopOnce(Looper.java:255)\n\tat android.os.Looper.loop(Looper.java:364)\n\tat android.app.ActivityThread.main(ActivityThread.java:8979)\n\tat java.lang.reflect.Method.invoke(Native Method)\n\tat com.android.internal.os.RuntimeInit$MethodAndArgsCaller.run(RuntimeInit.java:572)\n\tat com.android.internal.os.ZygoteInit.main(ZygoteInit.java:1053)\n",
    "is_privacy": false
},
{
    "type": "log",
    "source": "class",
    "method": "getDefaultInstance",
    "package_name": "ai.art.generator.paint.draw.photo",
    "class_name": "com.adjust.sdk.Adjust",
    "timestamp": 1730924094502,
    "ref": "<class: com.adjust.sdk.Adjust>",
    "arguments": "{}",
    "stack_trace": "java.lang.Exception\n\tat com.adjust.sdk.Adjust.getDefaultInstance(Native Method)\n\tat com.adjust.sdk.Adjust.onCreate(Unknown Source:0)\n\tat com.adjust.sdk.Adjust.onCreate(Native Method)\n\tat ai.art.generator.paint.draw.photo.BaseApplication.safedk_BaseApplication_onCreate_85aecb9530329aebd30d9e6f790d58ad(BaseApplication.kt:63)\n\tat ai.art.generator.paint.draw.photo.BaseApplication.onCreate(Unknown Source:8)\n\tat android.app.Instrumentation.callApplicationOnCreate(Instrumentation.java:1335)\n\tat android.app.ActivityThread.handleBindApplication(ActivityThread.java:7722)\n\tat android.app.ActivityThread.handleBindApplication(Native Method)\n\tat android.app.ActivityThread.-$$Nest$mhandleBindApplication(Unknown Source:0)\n\tat android.app.ActivityThread$H.handleMessage(ActivityThread.java:2471)\n\tat android.os.Handler.dispatchMessage(Handler.java:106)\n\tat android.os.Looper.loopOnce(Looper.java:255)\n\tat android.os.Looper.loop(Looper.java:364)\n\tat android.app.ActivityThread.main(ActivityThread.java:8979)\n\tat java.lang.reflect.Method.invoke(Native Method)\n\tat com.android.internal.os.RuntimeInit$MethodAndArgsCaller.run(RuntimeInit.java:572)\n\tat com.android.internal.os.ZygoteInit.main(ZygoteInit.java:1053)\n",
    "is_privacy": false
},
{
    "type": "log",
    "source": "class",
    "method": "isValid",
    "package_name": "ai.art.generator.paint.draw.photo",
    "class_name": "com.adjust.sdk.AdjustConfig",
    "timestamp": 1730924094504,
    "ref": "com.adjust.sdk.AdjustConfig@acf736b",
    "arguments": "{}",
    "stack_trace": "java.lang.Exception\n\tat com.adjust.sdk.AdjustConfig.isValid(Native Method)\n\tat com.adjust.sdk.AdjustInstance.onCreate(Unknown Source:15)\n\tat com.adjust.sdk.Adjust.onCreate(Unknown Source:4)\n\tat com.adjust.sdk.Adjust.onCreate(Native Method)\n\tat ai.art.generator.paint.draw.photo.BaseApplication.safedk_BaseApplication_onCreate_85aecb9530329aebd30d9e6f790d58ad(BaseApplication.kt:63)\n\tat ai.art.generator.paint.draw.photo.BaseApplication.onCreate(Unknown Source:8)\n\tat android.app.Instrumentation.callApplicationOnCreate(Instrumentation.java:1335)\n\tat android.app.ActivityThread.handleBindApplication(ActivityThread.java:7722)\n\tat android.app.ActivityThread.handleBindApplication(Native Method)\n\tat android.app.ActivityThread.-$$Nest$mhandleBindApplication(Unknown Source:0)\n\tat android.app.ActivityThread$H.handleMessage(ActivityThread.java:2471)\n\tat android.os.Handler.dispatchMessage(Handler.java:106)\n\tat android.os.Looper.loopOnce(Looper.java:255)\n\tat android.os.Looper.loop(Looper.java:364)\n\tat android.app.ActivityThread.main(ActivityThread.java:8979)\n\tat java.lang.reflect.Method.invoke(Native Method)\n\tat com.android.internal.os.RuntimeInit$MethodAndArgsCaller.run(RuntimeInit.java:572)\n\tat com.android.internal.os.ZygoteInit.main(ZygoteInit.java:1053)\n",
    "is_privacy": false
},
{
    "type": "log",
    "source": "class",
    "method": "checkAppToken",
    "package_name": "ai.art.generator.paint.draw.photo",
    "class_name": "com.adjust.sdk.AdjustConfig",
    "timestamp": 1730924094506,
    "ref": "com.adjust.sdk.AdjustConfig@acf736b",
    "arguments": "{\"0\":\"vl0a785yq9ds\"}",
    "stack_trace": "java.lang.Exception\n\tat com.adjust.sdk.AdjustConfig.checkAppToken(Native Method)\n\tat com.adjust.sdk.AdjustConfig.isValid(Unknown Source:2)\n\tat com.adjust.sdk.AdjustConfig.isValid(Native Method)\n\tat com.adjust.sdk.AdjustInstance.onCreate(Unknown Source:15)\n\tat com.adjust.sdk.Adjust.onCreate(Unknown Source:4)\n\tat com.adjust.sdk.Adjust.onCreate(Native Method)\n\tat ai.art.generator.paint.draw.photo.BaseApplication.safedk_BaseApplication_onCreate_85aecb9530329aebd30d9e6f790d58ad(BaseApplication.kt:63)\n\tat ai.art.generator.paint.draw.photo.BaseApplication.onCreate(Unknown Source:8)\n\tat android.app.Instrumentation.callApplicationOnCreate(Instrumentation.java:1335)\n\tat android.app.ActivityThread.handleBindApplication(ActivityThread.java:7722)\n\tat android.app.ActivityThread.handleBindApplication(Native Method)\n\tat android.app.ActivityThread.-$$Nest$mhandleBindApplication(Unknown Source:0)\n\tat android.app.ActivityThread$H.handleMessage(ActivityThread.java:2471)\n\tat android.os.Handler.dispatchMessage(Handler.java:106)\n\tat android.os.Looper.loopOnce(Looper.java:255)\n\tat android.os.Looper.loop(Looper.java:364)\n\tat android.app.ActivityThread.main(ActivityThread.java:8979)\n\tat java.lang.reflect.Method.invoke(Native Method)\n\tat com.android.internal.os.RuntimeInit$MethodAndArgsCaller.run(RuntimeInit.java:572)\n\tat com.android.internal.os.ZygoteInit.main(ZygoteInit.java:1053)\n",
    "is_privacy": false
},
{
    "type": "log",
    "source": "class",
    "method": "checkEnvironment",
    "package_name": "ai.art.generator.paint.draw.photo",
    "class_name": "com.adjust.sdk.AdjustConfig",
    "timestamp": 1730924094508,
    "ref": "com.adjust.sdk.AdjustConfig@acf736b",
    "arguments": "{\"0\":\"production\"}",
    "stack_trace": "java.lang.Exception\n\tat com.adjust.sdk.AdjustConfig.checkEnvironment(Native Method)\n\tat com.adjust.sdk.AdjustConfig.isValid(Unknown Source:12)\n\tat com.adjust.sdk.AdjustConfig.isValid(Native Method)\n\tat com.adjust.sdk.AdjustInstance.onCreate(Unknown Source:15)\n\tat com.adjust.sdk.Adjust.onCreate(Unknown Source:4)\n\tat com.adjust.sdk.Adjust.onCreate(Native Method)\n\tat ai.art.generator.paint.draw.photo.BaseApplication.safedk_BaseApplication_onCreate_85aecb9530329aebd30d9e6f790d58ad(BaseApplication.kt:63)\n\tat ai.art.generator.paint.draw.photo.BaseApplication.onCreate(Unknown Source:8)\n\tat android.app.Instrumentation.callApplicationOnCreate(Instrumentation.java:1335)\n\tat android.app.ActivityThread.handleBindApplication(ActivityThread.java:7722)\n\tat android.app.ActivityThread.handleBindApplication(Native Method)\n\tat android.app.ActivityThread.-$$Nest$mhandleBindApplication(Unknown Source:0)\n\tat android.app.ActivityThread$H.handleMessage(ActivityThread.java:2471)\n\tat android.os.Handler.dispatchMessage(Handler.java:106)\n\tat android.os.Looper.loopOnce(Looper.java:255)\n\tat android.os.Looper.loop(Looper.java:364)\n\tat android.app.ActivityThread.main(ActivityThread.java:8979)\n\tat java.lang.reflect.Method.invoke(Native Method)\n\tat com.android.internal.os.RuntimeInit$MethodAndArgsCaller.run(RuntimeInit.java:572)\n\tat com.android.internal.os.ZygoteInit.main(ZygoteInit.java:1053)\n",
    "is_privacy": false
},
{
    "type": "log",
    "source": "class",
    "method": "checkContext",
    "package_name": "ai.art.generator.paint.draw.photo",
    "class_name": "com.adjust.sdk.AdjustConfig",
    "timestamp": 1730924094511,
    "ref": "com.adjust.sdk.AdjustConfig@acf736b",
    "arguments": "{\"0\":\"<instance: android.content.Context, $className: ai.art.generator.paint.draw.photo.BaseApplication>\"}",
    "stack_trace": "java.lang.Exception\n\tat com.adjust.sdk.AdjustConfig.checkContext(Native Method)\n\tat com.adjust.sdk.AdjustConfig.isValid(Unknown Source:21)\n\tat com.adjust.sdk.AdjustConfig.isValid(Native Method)\n\tat com.adjust.sdk.AdjustInstance.onCreate(Unknown Source:15)\n\tat com.adjust.sdk.Adjust.onCreate(Unknown Source:4)\n\tat com.adjust.sdk.Adjust.onCreate(Native Method)\n\tat ai.art.generator.paint.draw.photo.BaseApplication.safedk_BaseApplication_onCreate_85aecb9530329aebd30d9e6f790d58ad(BaseApplication.kt:63)\n\tat ai.art.generator.paint.draw.photo.BaseApplication.onCreate(Unknown Source:8)\n\tat android.app.Instrumentation.callApplicationOnCreate(Instrumentation.java:1335)\n\tat android.app.ActivityThread.handleBindApplication(ActivityThread.java:7722)\n\tat android.app.ActivityThread.handleBindApplication(Native Method)\n\tat android.app.ActivityThread.-$$Nest$mhandleBindApplication(Unknown Source:0)\n\tat android.app.ActivityThread$H.handleMessage(ActivityThread.java:2471)\n\tat android.os.Handler.dispatchMessage(Handler.java:106)\n\tat android.os.Looper.loopOnce(Looper.java:255)\n\tat android.os.Looper.loop(Looper.java:364)\n\tat android.app.ActivityThread.main(ActivityThread.java:8979)\n\tat java.lang.reflect.Method.invoke(Native Method)\n\tat com.android.internal.os.RuntimeInit$MethodAndArgsCaller.run(RuntimeInit.java:572)\n\tat com.android.internal.os.ZygoteInit.main(ZygoteInit.java:1053)\n",
    "is_privacy": false
},
{
    "type": "log",
    "source": "class",
    "method": "isValid",
    "package_name": "ai.art.generator.paint.draw.photo",
    "class_name": "com.adjust.sdk.AdjustConfig",
    "timestamp": 1730924094514,
    "ref": "com.adjust.sdk.AdjustConfig@acf736b",
    "arguments": "{}",
    "stack_trace": "java.lang.Exception\n\tat com.adjust.sdk.AdjustConfig.isValid(Native Method)\n\tat com.adjust.sdk.ActivityHandler.getInstance(Unknown Source:16)\n\tat com.adjust.sdk.AdjustFactory.getActivityHandler(Unknown Source:4)\n\tat com.adjust.sdk.AdjustInstance.onCreate(Unknown Source:77)\n\tat com.adjust.sdk.Adjust.onCreate(Unknown Source:4)\n\tat com.adjust.sdk.Adjust.onCreate(Native Method)\n\tat ai.art.generator.paint.draw.photo.BaseApplication.safedk_BaseApplication_onCreate_85aecb9530329aebd30d9e6f790d58ad(BaseApplication.kt:63)\n\tat ai.art.generator.paint.draw.photo.BaseApplication.onCreate(Unknown Source:8)\n\tat android.app.Instrumentation.callApplicationOnCreate(Instrumentation.java:1335)\n\tat android.app.ActivityThread.handleBindApplication(ActivityThread.java:7722)\n\tat android.app.ActivityThread.handleBindApplication(Native Method)\n\tat android.app.ActivityThread.-$$Nest$mhandleBindApplication(Unknown Source:0)\n\tat android.app.ActivityThread$H.handleMessage(ActivityThread.java:2471)\n\tat android.os.Handler.dispatchMessage(Handler.java:106)\n\tat android.os.Looper.loopOnce(Looper.java:255)\n\tat android.os.Looper.loop(Looper.java:364)\n\tat android.app.ActivityThread.main(ActivityThread.java:8979)\n\tat java.lang.reflect.Method.invoke(Native Method)\n\tat com.android.internal.os.RuntimeInit$MethodAndArgsCaller.run(RuntimeInit.java:572)\n\tat com.android.internal.os.ZygoteInit.main(ZygoteInit.java:1053)\n",
    "is_privacy": false
},
{
    "type": "log",
    "source": "class",
    "method": "checkAppToken",
    "package_name": "ai.art.generator.paint.draw.photo",
    "class_name": "com.adjust.sdk.AdjustConfig",
    "timestamp": 1730924094515,
    "ref": "com.adjust.sdk.AdjustConfig@acf736b",
    "arguments": "{\"0\":\"vl0a785yq9ds\"}",
    "stack_trace": "java.lang.Exception\n\tat com.adjust.sdk.AdjustConfig.checkAppToken(Native Method)\n\tat com.adjust.sdk.AdjustConfig.isValid(Unknown Source:2)\n\tat com.adjust.sdk.AdjustConfig.isValid(Native Method)\n\tat com.adjust.sdk.ActivityHandler.getInstance(Unknown Source:16)\n\tat com.adjust.sdk.AdjustFactory.getActivityHandler(Unknown Source:4)\n\tat com.adjust.sdk.AdjustInstance.onCreate(Unknown Source:77)\n\tat com.adjust.sdk.Adjust.onCreate(Unknown Source:4)\n\tat com.adjust.sdk.Adjust.onCreate(Native Method)\n\tat ai.art.generator.paint.draw.photo.BaseApplication.safedk_BaseApplication_onCreate_85aecb9530329aebd30d9e6f790d58ad(BaseApplication.kt:63)\n\tat ai.art.generator.paint.draw.photo.BaseApplication.onCreate(Unknown Source:8)\n\tat android.app.Instrumentation.callApplicationOnCreate(Instrumentation.java:1335)\n\tat android.app.ActivityThread.handleBindApplication(ActivityThread.java:7722)\n\tat android.app.ActivityThread.handleBindApplication(Native Method)\n\tat android.app.ActivityThread.-$$Nest$mhandleBindApplication(Unknown Source:0)\n\tat android.app.ActivityThread$H.handleMessage(ActivityThread.java:2471)\n\tat android.os.Handler.dispatchMessage(Handler.java:106)\n\tat android.os.Looper.loopOnce(Looper.java:255)\n\tat android.os.Looper.loop(Looper.java:364)\n\tat android.app.ActivityThread.main(ActivityThread.java:8979)\n\tat java.lang.reflect.Method.invoke(Native Method)\n\tat com.android.internal.os.RuntimeInit$MethodAndArgsCaller.run(RuntimeInit.java:572)\n\tat com.android.internal.os.ZygoteInit.main(ZygoteInit.java:1053)\n",
    "is_privacy": false
},
{
    "type": "log",
    "source": "class",
    "method": "checkEnvironment",
    "package_name": "ai.art.generator.paint.draw.photo",
    "class_name": "com.adjust.sdk.AdjustConfig",
    "timestamp": 1730924094516,
    "ref": "com.adjust.sdk.AdjustConfig@acf736b",
    "arguments": "{\"0\":\"production\"}",
    "stack_trace": "java.lang.Exception\n\tat com.adjust.sdk.AdjustConfig.checkEnvironment(Native Method)\n\tat com.adjust.sdk.AdjustConfig.isValid(Unknown Source:12)\n\tat com.adjust.sdk.AdjustConfig.isValid(Native Method)\n\tat com.adjust.sdk.ActivityHandler.getInstance(Unknown Source:16)\n\tat com.adjust.sdk.AdjustFactory.getActivityHandler(Unknown Source:4)\n\tat com.adjust.sdk.AdjustInstance.onCreate(Unknown Source:77)\n\tat com.adjust.sdk.Adjust.onCreate(Unknown Source:4)\n\tat com.adjust.sdk.Adjust.onCreate(Native Method)\n\tat ai.art.generator.paint.draw.photo.BaseApplication.safedk_BaseApplication_onCreate_85aecb9530329aebd30d9e6f790d58ad(BaseApplication.kt:63)\n\tat ai.art.generator.paint.draw.photo.BaseApplication.onCreate(Unknown Source:8)\n\tat android.app.Instrumentation.callApplicationOnCreate(Instrumentation.java:1335)\n\tat android.app.ActivityThread.handleBindApplication(ActivityThread.java:7722)\n\tat android.app.ActivityThread.handleBindApplication(Native Method)\n\tat android.app.ActivityThread.-$$Nest$mhandleBindApplication(Unknown Source:0)\n\tat android.app.ActivityThread$H.handleMessage(ActivityThread.java:2471)\n\tat android.os.Handler.dispatchMessage(Handler.java:106)\n\tat android.os.Looper.loopOnce(Looper.java:255)\n\tat android.os.Looper.loop(Looper.java:364)\n\tat android.app.ActivityThread.main(ActivityThread.java:8979)\n\tat java.lang.reflect.Method.invoke(Native Method)\n\tat com.android.internal.os.RuntimeInit$MethodAndArgsCaller.run(RuntimeInit.java:572)\n\tat com.android.internal.os.ZygoteInit.main(ZygoteInit.java:1053)\n",
    "is_privacy": false
},
{
    "type": "log",
    "source": "class",
    "method": "checkContext",
    "package_name": "ai.art.generator.paint.draw.photo",
    "class_name": "com.adjust.sdk.AdjustConfig",
    "timestamp": 1730924094518,
    "ref": "com.adjust.sdk.AdjustConfig@acf736b",
    "arguments": "{\"0\":\"<instance: android.content.Context, $className: ai.art.generator.paint.draw.photo.BaseApplication>\"}",
    "stack_trace": "java.lang.Exception\n\tat com.adjust.sdk.AdjustConfig.checkContext(Native Method)\n\tat com.adjust.sdk.AdjustConfig.isValid(Unknown Source:21)\n\tat com.adjust.sdk.AdjustConfig.isValid(Native Method)\n\tat com.adjust.sdk.ActivityHandler.getInstance(Unknown Source:16)\n\tat com.adjust.sdk.AdjustFactory.getActivityHandler(Unknown Source:4)\n\tat com.adjust.sdk.AdjustInstance.onCreate(Unknown Source:77)\n\tat com.adjust.sdk.Adjust.onCreate(Unknown Source:4)\n\tat com.adjust.sdk.Adjust.onCreate(Native Method)\n\tat ai.art.generator.paint.draw.photo.BaseApplication.safedk_BaseApplication_onCreate_85aecb9530329aebd30d9e6f790d58ad(BaseApplication.kt:63)\n\tat ai.art.generator.paint.draw.photo.BaseApplication.onCreate(Unknown Source:8)\n\tat android.app.Instrumentation.callApplicationOnCreate(Instrumentation.java:1335)\n\tat android.app.ActivityThread.handleBindApplication(ActivityThread.java:7722)\n\tat android.app.ActivityThread.handleBindApplication(Native Method)\n\tat android.app.ActivityThread.-$$Nest$mhandleBindApplication(Unknown Source:0)\n\tat android.app.ActivityThread$H.handleMessage(ActivityThread.java:2471)\n\tat android.os.Handler.dispatchMessage(Handler.java:106)\n\tat android.os.Looper.loopOnce(Looper.java:255)\n\tat android.os.Looper.loop(Looper.java:364)\n\tat android.app.ActivityThread.main(ActivityThread.java:8979)\n\tat java.lang.reflect.Method.invoke(Native Method)\n\tat com.android.internal.os.RuntimeInit$MethodAndArgsCaller.run(RuntimeInit.java:572)\n\tat com.android.internal.os.ZygoteInit.main(ZygoteInit.java:1053)\n",
    "is_privacy": false
},
{
    "type": "log",
    "source": "class",
    "method": "getInstance",
    "package_name": "ai.art.generator.paint.draw.photo",
    "class_name": "com.google.firebase.analytics.FirebaseAnalytics",
    "timestamp": 1730924094523,
    "ref": "<class: com.google.firebase.analytics.FirebaseAnalytics>",
    "arguments": "{\"0\":\"<instance: android.content.Context, $className: ai.art.generator.paint.draw.photo.BaseApplication>\"}",
    "stack_trace": "java.lang.Exception\n\tat com.google.firebase.analytics.FirebaseAnalytics.getInstance(Native Method)\n\tat java.lang.reflect.Method.invoke(Native Method)\n\tat m.th.f(:com.google.android.gms.dynamite_measurementdynamite@244336029@24.43.36 (190400-0):47)\n\tat m.rr.Y(:com.google.android.gms.dynamite_measurementdynamite@244336029@24.43.36 (190400-0):143)\n\tat m.qw.run(:com.google.android.gms.dynamite_measurementdynamite@244336029@24.43.36 (190400-0):17)\n\tat java.util.concurrent.Executors$RunnableAdapter.call(Executors.java:487)\n\tat java.util.concurrent.FutureTask.run(FutureTask.java:290)\n\tat m.pn.run(:com.google.android.gms.dynamite_measurementdynamite@244336029@24.43.36 (190400-0):48)\n",
    "is_privacy": false
},
{
    "type": "log",
    "source": "class",
    "method": "getFirebaseInstanceId",
    "package_name": "ai.art.generator.paint.draw.photo",
    "class_name": "com.google.firebase.analytics.FirebaseAnalytics",
    "timestamp": 1730924094530,
    "ref": "com.google.firebase.analytics.FirebaseAnalytics@1c0cadf",
    "arguments": "{}",
    "stack_trace": "java.lang.Exception\n\tat com.google.firebase.analytics.FirebaseAnalytics.getFirebaseInstanceId(Native Method)\n\tat java.lang.reflect.Method.invoke(Native Method)\n\tat m.th.f(:com.google.android.gms.dynamite_measurementdynamite@244336029@24.43.36 (190400-0):49)\n\tat m.rr.Y(:com.google.android.gms.dynamite_measurementdynamite@244336029@24.43.36 (190400-0):143)\n\tat m.qw.run(:com.google.android.gms.dynamite_measurementdynamite@244336029@24.43.36 (190400-0):17)\n\tat java.util.concurrent.Executors$RunnableAdapter.call(Executors.java:487)\n\tat java.util.concurrent.FutureTask.run(FutureTask.java:290)\n\tat m.pn.run(:com.google.android.gms.dynamite_measurementdynamite@244336029@24.43.36 (190400-0):48)\n",
    "is_privacy": false
},
{
    "type": "log",
    "source": "class",
    "method": "getInstance",
    "package_name": "ai.art.generator.paint.draw.photo",
    "class_name": "com.google.firebase.analytics.FirebaseAnalytics",
    "timestamp": 1730924094629,
    "ref": "<class: com.google.firebase.analytics.FirebaseAnalytics>",
    "arguments": "{\"0\":\"<instance: android.content.Context, $className: ai.art.generator.paint.draw.photo.BaseApplication>\"}",
    "stack_trace": "java.lang.Exception\n\tat com.google.firebase.analytics.FirebaseAnalytics.getInstance(Native Method)\n\tat java.lang.reflect.Method.invoke(Native Method)\n\tat m.th.f(:com.google.android.gms.dynamite_measurementdynamite@244336029@24.43.36 (190400-0):47)\n\tat m.rr.Y(:com.google.android.gms.dynamite_measurementdynamite@244336029@24.43.36 (190400-0):143)\n\tat m.qw.run(:com.google.android.gms.dynamite_measurementdynamite@244336029@24.43.36 (190400-0):17)\n\tat java.util.concurrent.Executors$RunnableAdapter.call(Executors.java:487)\n\tat java.util.concurrent.FutureTask.run(FutureTask.java:290)\n\tat m.pn.run(:com.google.android.gms.dynamite_measurementdynamite@244336029@24.43.36 (190400-0):48)\n",
    "is_privacy": false
},
{
    "type": "log",
    "source": "class",
    "method": "getFirebaseInstanceId",
    "package_name": "ai.art.generator.paint.draw.photo",
    "class_name": "com.google.firebase.analytics.FirebaseAnalytics",
    "timestamp": 1730924094632,
    "ref": "com.google.firebase.analytics.FirebaseAnalytics@1c0cadf",
    "arguments": "{}",
    "stack_trace": "java.lang.Exception\n\tat com.google.firebase.analytics.FirebaseAnalytics.getFirebaseInstanceId(Native Method)\n\tat java.lang.reflect.Method.invoke(Native Method)\n\tat m.th.f(:com.google.android.gms.dynamite_measurementdynamite@244336029@24.43.36 (190400-0):49)\n\tat m.rr.Y(:com.google.android.gms.dynamite_measurementdynamite@244336029@24.43.36 (190400-0):143)\n\tat m.qw.run(:com.google.android.gms.dynamite_measurementdynamite@244336029@24.43.36 (190400-0):17)\n\tat java.util.concurrent.Executors$RunnableAdapter.call(Executors.java:487)\n\tat java.util.concurrent.FutureTask.run(FutureTask.java:290)\n\tat m.pn.run(:com.google.android.gms.dynamite_measurementdynamite@244336029@24.43.36 (190400-0):48)\n",
    "is_privacy": false
},
{
    "type": "log",
    "source": "class",
    "method": "getInstance",
    "package_name": "ai.art.generator.paint.draw.photo",
    "class_name": "com.google.firebase.analytics.FirebaseAnalytics",
    "timestamp": 1730924094652,
    "ref": "<class: com.google.firebase.analytics.FirebaseAnalytics>",
    "arguments": "{\"0\":\"<instance: android.content.Context, $className: ai.art.generator.paint.draw.photo.ui.activity.SplashActivity>\"}",
    "stack_trace": "java.lang.Exception\n\tat com.google.firebase.analytics.FirebaseAnalytics.getInstance(Native Method)\n\tat s.i.x011(OxFirebaseEventTracker.kt:1)\n\tat ai.art.generator.paint.draw.photo.ui.activity.SplashActivity.onCreate(SplashActivity.kt:37)\n\tat android.app.Activity.performCreate(Activity.java:8780)\n\tat android.app.Activity.performCreate(Activity.java:8752)\n\tat android.app.Instrumentation.callActivityOnCreate(Instrumentation.java:1475)\n\tat android.app.ActivityThread.performLaunchActivity(ActivityThread.java:4086)\n\tat android.app.ActivityThread.handleLaunchActivity(ActivityThread.java:4263)\n\tat android.app.servertransaction.LaunchActivityItem.execute(LaunchActivityItem.java:114)\n\tat android.app.servertransaction.TransactionExecutor.executeCallbacks(TransactionExecutor.java:144)\n\tat android.app.servertransaction.TransactionExecutor.execute(TransactionExecutor.java:101)\n\tat android.app.ActivityThread$H.handleMessage(ActivityThread.java:2724)\n\tat android.os.Handler.dispatchMessage(Handler.java:106)\n\tat android.os.Looper.loopOnce(Looper.java:255)\n\tat android.os.Looper.loop(Looper.java:364)\n\tat android.app.ActivityThread.main(ActivityThread.java:8979)\n\tat java.lang.reflect.Method.invoke(Native Method)\n\tat com.android.internal.os.RuntimeInit$MethodAndArgsCaller.run(RuntimeInit.java:572)\n\tat com.android.internal.os.ZygoteInit.main(ZygoteInit.java:1053)\n",
    "is_privacy": false
},
{
    "type": "log",
    "source": "class",
    "method": "getInstance",
    "package_name": "ai.art.generator.paint.draw.photo",
    "class_name": "com.google.firebase.analytics.FirebaseAnalytics",
    "timestamp": 1730924094655,
    "ref": "<class: com.google.firebase.analytics.FirebaseAnalytics>",
    "arguments": "{\"0\":\"<instance: android.content.Context, $className: ai.art.generator.paint.draw.photo.BaseApplication>\"}",
    "stack_trace": "java.lang.Exception\n\tat com.google.firebase.analytics.FirebaseAnalytics.getInstance(Native Method)\n\tat java.lang.reflect.Method.invoke(Native Method)\n\tat m.th.f(:com.google.android.gms.dynamite_measurementdynamite@244336029@24.43.36 (190400-0):47)\n\tat m.rr.Y(:com.google.android.gms.dynamite_measurementdynamite@244336029@24.43.36 (190400-0):143)\n\tat m.qw.run(:com.google.android.gms.dynamite_measurementdynamite@244336029@24.43.36 (190400-0):17)\n\tat java.util.concurrent.Executors$RunnableAdapter.call(Executors.java:487)\n\tat java.util.concurrent.FutureTask.run(FutureTask.java:290)\n\tat m.pn.run(:com.google.android.gms.dynamite_measurementdynamite@244336029@24.43.36 (190400-0):48)\n",
    "is_privacy": false
},
{
    "type": "log",
    "source": "class",
    "method": "getFirebaseInstanceId",
    "package_name": "ai.art.generator.paint.draw.photo",
    "class_name": "com.google.firebase.analytics.FirebaseAnalytics",
    "timestamp": 1730924094657,
    "ref": "com.google.firebase.analytics.FirebaseAnalytics@1c0cadf",
    "arguments": "{}",
    "stack_trace": "java.lang.Exception\n\tat com.google.firebase.analytics.FirebaseAnalytics.getFirebaseInstanceId(Native Method)\n\tat java.lang.reflect.Method.invoke(Native Method)\n\tat m.th.f(:com.google.android.gms.dynamite_measurementdynamite@244336029@24.43.36 (190400-0):49)\n\tat m.rr.Y(:com.google.android.gms.dynamite_measurementdynamite@244336029@24.43.36 (190400-0):143)\n\tat m.qw.run(:com.google.android.gms.dynamite_measurementdynamite@244336029@24.43.36 (190400-0):17)\n\tat java.util.concurrent.Executors$RunnableAdapter.call(Executors.java:487)\n\tat java.util.concurrent.FutureTask.run(FutureTask.java:290)\n\tat m.pn.run(:com.google.android.gms.dynamite_measurementdynamite@244336029@24.43.36 (190400-0):48)\n",
    "is_privacy": false
},
{
    "type": "log",
    "source": "class",
    "method": "onResume",
    "package_name": "ai.art.generator.paint.draw.photo",
    "class_name": "com.adjust.sdk.Adjust",
    "timestamp": 1730924094694,
    "ref": "<class: com.adjust.sdk.Adjust>",
    "arguments": "{}",
    "stack_trace": "java.lang.Exception\n\tat com.adjust.sdk.Adjust.onResume(Native Method)\n\tat ai.art.generator.paint.draw.photo.BaseApplication$p01z.onActivityResumed(BaseApplication.kt:1)\n\tat android.app.Application.dispatchActivityResumed(Application.java:451)\n\tat android.app.Activity.dispatchActivityResumed(Activity.java:1493)\n\tat android.app.Activity.onResume(Activity.java:2119)\n\tat androidx.fragment.app.FragmentActivity.onResume(FragmentActivity.java:2)\n\tat ai.art.generator.paint.draw.photo.ui.activity.SplashActivity.onResume(SplashActivity.kt:1)\n\tat android.app.Instrumentation.callActivityOnResume(Instrumentation.java:1622)\n\tat android.app.Activity.performResume(Activity.java:8939)\n\tat android.app.ActivityThread.performResumeActivity(ActivityThread.java:5359)\n\tat android.app.ActivityThread.handleResumeActivity(ActivityThread.java:5420)\n\tat android.app.servertransaction.ResumeActivityItem.execute(ResumeActivityItem.java:64)\n\tat android.app.servertransaction.ActivityTransactionItem.execute(ActivityTransactionItem.java:45)\n\tat android.app.servertransaction.TransactionExecutor.executeLifecycleState(TransactionExecutor.java:185)\n\tat android.app.servertransaction.TransactionExecutor.execute(TransactionExecutor.java:103)\n\tat android.app.ActivityThread$H.handleMessage(ActivityThread.java:2724)\n\tat android.os.Handler.dispatchMessage(Handler.java:106)\n\tat android.os.Looper.loopOnce(Looper.java:255)\n\tat android.os.Looper.loop(Looper.java:364)\n\tat android.app.ActivityThread.main(ActivityThread.java:8979)\n\tat java.lang.reflect.Method.invoke(Native Method)\n\tat com.android.internal.os.RuntimeInit$MethodAndArgsCaller.run(RuntimeInit.java:572)\n\tat com.android.internal.os.ZygoteInit.main(ZygoteInit.java:1053)\n",
    "is_privacy": false
},
{
    "type": "log",
    "source": "class",
    "method": "getDefaultInstance",
    "package_name": "ai.art.generator.paint.draw.photo",
    "class_name": "com.adjust.sdk.Adjust",
    "timestamp": 1730924094699,
    "ref": "<class: com.adjust.sdk.Adjust>",
    "arguments": "{}",
    "stack_trace": "java.lang.Exception\n\tat com.adjust.sdk.Adjust.getDefaultInstance(Native Method)\n\tat com.adjust.sdk.Adjust.onResume(Unknown Source:0)\n\tat com.adjust.sdk.Adjust.onResume(Native Method)\n\tat ai.art.generator.paint.draw.photo.BaseApplication$p01z.onActivityResumed(BaseApplication.kt:1)\n\tat android.app.Application.dispatchActivityResumed(Application.java:451)\n\tat android.app.Activity.dispatchActivityResumed(Activity.java:1493)\n\tat android.app.Activity.onResume(Activity.java:2119)\n\tat androidx.fragment.app.FragmentActivity.onResume(FragmentActivity.java:2)\n\tat ai.art.generator.paint.draw.photo.ui.activity.SplashActivity.onResume(SplashActivity.kt:1)\n\tat android.app.Instrumentation.callActivityOnResume(Instrumentation.java:1622)\n\tat android.app.Activity.performResume(Activity.java:8939)\n\tat android.app.ActivityThread.performResumeActivity(ActivityThread.java:5359)\n\tat android.app.ActivityThread.handleResumeActivity(ActivityThread.java:5420)\n\tat android.app.servertransaction.ResumeActivityItem.execute(ResumeActivityItem.java:64)\n\tat android.app.servertransaction.ActivityTransactionItem.execute(ActivityTransactionItem.java:45)\n\tat android.app.servertransaction.TransactionExecutor.executeLifecycleState(TransactionExecutor.java:185)\n\tat android.app.servertransaction.TransactionExecutor.execute(TransactionExecutor.java:103)\n\tat android.app.ActivityThread$H.handleMessage(ActivityThread.java:2724)\n\tat android.os.Handler.dispatchMessage(Handler.java:106)\n\tat android.os.Looper.loopOnce(Looper.java:255)\n\tat android.os.Looper.loop(Looper.java:364)\n\tat android.app.ActivityThread.main(ActivityThread.java:8979)\n\tat java.lang.reflect.Method.invoke(Native Method)\n\tat com.android.internal.os.RuntimeInit$MethodAndArgsCaller.run(RuntimeInit.java:572)\n\tat com.android.internal.os.ZygoteInit.main(ZygoteInit.java:1053)\n",
    "is_privacy": false
},
{
    "type": "log",
    "source": "class",
    "method": "getInstance",
    "package_name": "ai.art.generator.paint.draw.photo",
    "class_name": "com.google.firebase.analytics.FirebaseAnalytics",
    "timestamp": 1730924094739,
    "ref": "<class: com.google.firebase.analytics.FirebaseAnalytics>",
    "arguments": "{\"0\":\"<instance: android.content.Context, $className: ai.art.generator.paint.draw.photo.BaseApplication>\"}",
    "stack_trace": "java.lang.Exception\n\tat com.google.firebase.analytics.FirebaseAnalytics.getInstance(Native Method)\n\tat java.lang.reflect.Method.invoke(Native Method)\n\tat m.th.f(:com.google.android.gms.dynamite_measurementdynamite@244336029@24.43.36 (190400-0):47)\n\tat m.rr.Y(:com.google.android.gms.dynamite_measurementdynamite@244336029@24.43.36 (190400-0):143)\n\tat m.qw.run(:com.google.android.gms.dynamite_measurementdynamite@244336029@24.43.36 (190400-0):17)\n\tat java.util.concurrent.Executors$RunnableAdapter.call(Executors.java:487)\n\tat java.util.concurrent.FutureTask.run(FutureTask.java:290)\n\tat m.pn.run(:com.google.android.gms.dynamite_measurementdynamite@244336029@24.43.36 (190400-0):48)\n",
    "is_privacy": false
},
{
    "type": "log",
    "source": "class",
    "method": "getFirebaseInstanceId",
    "package_name": "ai.art.generator.paint.draw.photo",
    "class_name": "com.google.firebase.analytics.FirebaseAnalytics",
    "timestamp": 1730924094750,
    "ref": "com.google.firebase.analytics.FirebaseAnalytics@1c0cadf",
    "arguments": "{}",
    "stack_trace": "java.lang.Exception\n\tat com.google.firebase.analytics.FirebaseAnalytics.getFirebaseInstanceId(Native Method)\n\tat java.lang.reflect.Method.invoke(Native Method)\n\tat m.th.f(:com.google.android.gms.dynamite_measurementdynamite@244336029@24.43.36 (190400-0):49)\n\tat m.rr.Y(:com.google.android.gms.dynamite_measurementdynamite@244336029@24.43.36 (190400-0):143)\n\tat m.qw.run(:com.google.android.gms.dynamite_measurementdynamite@244336029@24.43.36 (190400-0):17)\n\tat java.util.concurrent.Executors$RunnableAdapter.call(Executors.java:487)\n\tat java.util.concurrent.FutureTask.run(FutureTask.java:290)\n\tat m.pn.run(:com.google.android.gms.dynamite_measurementdynamite@244336029@24.43.36 (190400-0):48)\n",
    "is_privacy": false
},
{
    "type": "log",
    "source": "class",
    "method": "getInstance",
    "package_name": "ai.art.generator.paint.draw.photo",
    "class_name": "com.google.firebase.analytics.FirebaseAnalytics",
    "timestamp": 1730924094912,
    "ref": "<class: com.google.firebase.analytics.FirebaseAnalytics>",
    "arguments": "{\"0\":\"<instance: android.content.Context, $className: ai.art.generator.paint.draw.photo.BaseApplication>\"}",
    "stack_trace": "java.lang.Exception\n\tat com.google.firebase.analytics.FirebaseAnalytics.getInstance(Native Method)\n\tat java.lang.reflect.Method.invoke(Native Method)\n\tat m.th.f(:com.google.android.gms.dynamite_measurementdynamite@244336029@24.43.36 (190400-0):47)\n\tat m.rr.Y(:com.google.android.gms.dynamite_measurementdynamite@244336029@24.43.36 (190400-0):143)\n\tat m.qw.run(:com.google.android.gms.dynamite_measurementdynamite@244336029@24.43.36 (190400-0):17)\n\tat java.util.concurrent.Executors$RunnableAdapter.call(Executors.java:487)\n\tat java.util.concurrent.FutureTask.run(FutureTask.java:290)\n\tat m.pn.run(:com.google.android.gms.dynamite_measurementdynamite@244336029@24.43.36 (190400-0):48)\n",
    "is_privacy": false
},
{
    "type": "log",
    "source": "class",
    "method": "getFirebaseInstanceId",
    "package_name": "ai.art.generator.paint.draw.photo",
    "class_name": "com.google.firebase.analytics.FirebaseAnalytics",
    "timestamp": 1730924094925,
    "ref": "com.google.firebase.analytics.FirebaseAnalytics@1c0cadf",
    "arguments": "{}",
    "stack_trace": "java.lang.Exception\n\tat com.google.firebase.analytics.FirebaseAnalytics.getFirebaseInstanceId(Native Method)\n\tat java.lang.reflect.Method.invoke(Native Method)\n\tat m.th.f(:com.google.android.gms.dynamite_measurementdynamite@244336029@24.43.36 (190400-0):49)\n\tat m.rr.Y(:com.google.android.gms.dynamite_measurementdynamite@244336029@24.43.36 (190400-0):143)\n\tat m.qw.run(:com.google.android.gms.dynamite_measurementdynamite@244336029@24.43.36 (190400-0):17)\n\tat java.util.concurrent.Executors$RunnableAdapter.call(Executors.java:487)\n\tat java.util.concurrent.FutureTask.run(FutureTask.java:290)\n\tat m.pn.run(:com.google.android.gms.dynamite_measurementdynamite@244336029@24.43.36 (190400-0):48)\n",
    "is_privacy": false
},
{
    "type": "log",
    "source": "class",
    "method": "getInstance",
    "package_name": "ai.art.generator.paint.draw.photo",
    "class_name": "com.google.firebase.analytics.FirebaseAnalytics",
    "timestamp": 1730924094993,
    "ref": "<class: com.google.firebase.analytics.FirebaseAnalytics>",
    "arguments": "{\"0\":\"<instance: android.content.Context, $className: ai.art.generator.paint.draw.photo.BaseApplication>\"}",
    "stack_trace": "java.lang.Exception\n\tat com.google.firebase.analytics.FirebaseAnalytics.getInstance(Native Method)\n\tat java.lang.reflect.Method.invoke(Native Method)\n\tat m.th.f(:com.google.android.gms.dynamite_measurementdynamite@244336029@24.43.36 (190400-0):47)\n\tat m.rr.Y(:com.google.android.gms.dynamite_measurementdynamite@244336029@24.43.36 (190400-0):143)\n\tat m.qw.run(:com.google.android.gms.dynamite_measurementdynamite@244336029@24.43.36 (190400-0):17)\n\tat java.util.concurrent.Executors$RunnableAdapter.call(Executors.java:487)\n\tat java.util.concurrent.FutureTask.run(FutureTask.java:290)\n\tat m.pn.run(:com.google.android.gms.dynamite_measurementdynamite@244336029@24.43.36 (190400-0):48)\n",
    "is_privacy": false
},
{
    "type": "log",
    "source": "class",
    "method": "getFirebaseInstanceId",
    "package_name": "ai.art.generator.paint.draw.photo",
    "class_name": "com.google.firebase.analytics.FirebaseAnalytics",
    "timestamp": 1730924094997,
    "ref": "com.google.firebase.analytics.FirebaseAnalytics@1c0cadf",
    "arguments": "{}",
    "stack_trace": "java.lang.Exception\n\tat com.google.firebase.analytics.FirebaseAnalytics.getFirebaseInstanceId(Native Method)\n\tat java.lang.reflect.Method.invoke(Native Method)\n\tat m.th.f(:com.google.android.gms.dynamite_measurementdynamite@244336029@24.43.36 (190400-0):49)\n\tat m.rr.Y(:com.google.android.gms.dynamite_measurementdynamite@244336029@24.43.36 (190400-0):143)\n\tat m.qw.run(:com.google.android.gms.dynamite_measurementdynamite@244336029@24.43.36 (190400-0):17)\n\tat java.util.concurrent.Executors$RunnableAdapter.call(Executors.java:487)\n\tat java.util.concurrent.FutureTask.run(FutureTask.java:290)\n\tat m.pn.run(:com.google.android.gms.dynamite_measurementdynamite@244336029@24.43.36 (190400-0):48)\n",
    "is_privacy": false
},
{
    "type": "log",
    "source": "class",
    "method": "getInstance",
    "package_name": "ai.art.generator.paint.draw.photo",
    "class_name": "com.google.firebase.analytics.FirebaseAnalytics",
    "timestamp": 1730924095022,
    "ref": "<class: com.google.firebase.analytics.FirebaseAnalytics>",
    "arguments": "{\"0\":\"<instance: android.content.Context, $className: ai.art.generator.paint.draw.photo.BaseApplication>\"}",
    "stack_trace": "java.lang.Exception\n\tat com.google.firebase.analytics.FirebaseAnalytics.getInstance(Native Method)\n\tat java.lang.reflect.Method.invoke(Native Method)\n\tat m.th.f(:com.google.android.gms.dynamite_measurementdynamite@244336029@24.43.36 (190400-0):47)\n\tat m.rr.Y(:com.google.android.gms.dynamite_measurementdynamite@244336029@24.43.36 (190400-0):143)\n\tat m.rr.H(:com.google.android.gms.dynamite_measurementdynamite@244336029@24.43.36 (190400-0):30)\n\tat m.se.A(:com.google.android.gms.dynamite_measurementdynamite@244336029@24.43.36 (190400-0):183)\n\tat m.rz.run(:com.google.android.gms.dynamite_measurementdynamite@244336029@24.43.36 (190400-0):12)\n\tat java.util.concurrent.Executors$RunnableAdapter.call(Executors.java:487)\n\tat java.util.concurrent.FutureTask.run(FutureTask.java:290)\n\tat m.pn.run(:com.google.android.gms.dynamite_measurementdynamite@244336029@24.43.36 (190400-0):48)\n",
    "is_privacy": false
},
{
    "type": "log",
    "source": "class",
    "method": "getFirebaseInstanceId",
    "package_name": "ai.art.generator.paint.draw.photo",
    "class_name": "com.google.firebase.analytics.FirebaseAnalytics",
    "timestamp": 1730924095032,
    "ref": "com.google.firebase.analytics.FirebaseAnalytics@1c0cadf",
    "arguments": "{}",
    "stack_trace": "java.lang.Exception\n\tat com.google.firebase.analytics.FirebaseAnalytics.getFirebaseInstanceId(Native Method)\n\tat java.lang.reflect.Method.invoke(Native Method)\n\tat m.th.f(:com.google.android.gms.dynamite_measurementdynamite@244336029@24.43.36 (190400-0):49)\n\tat m.rr.Y(:com.google.android.gms.dynamite_measurementdynamite@244336029@24.43.36 (190400-0):143)\n\tat m.rr.H(:com.google.android.gms.dynamite_measurementdynamite@244336029@24.43.36 (190400-0):30)\n\tat m.se.A(:com.google.android.gms.dynamite_measurementdynamite@244336029@24.43.36 (190400-0):183)\n\tat m.rz.run(:com.google.android.gms.dynamite_measurementdynamite@244336029@24.43.36 (190400-0):12)\n\tat java.util.concurrent.Executors$RunnableAdapter.call(Executors.java:487)\n\tat java.util.concurrent.FutureTask.run(FutureTask.java:290)\n\tat m.pn.run(:com.google.android.gms.dynamite_measurementdynamite@244336029@24.43.36 (190400-0):48)\n",
    "is_privacy": false
},
{
    "type": "log",
    "source": "class",
    "method": "getInstance",
    "package_name": "ai.art.generator.paint.draw.photo",
    "class_name": "com.google.firebase.analytics.FirebaseAnalytics",
    "timestamp": 1730924095156,
    "ref": "<class: com.google.firebase.analytics.FirebaseAnalytics>",
    "arguments": "{\"0\":\"<instance: android.content.Context, $className: ai.art.generator.paint.draw.photo.BaseApplication>\"}",
    "stack_trace": "java.lang.Exception\n\tat com.google.firebase.analytics.FirebaseAnalytics.getInstance(Native Method)\n\tat java.lang.reflect.Method.invoke(Native Method)\n\tat m.th.f(:com.google.android.gms.dynamite_measurementdynamite@244336029@24.43.36 (190400-0):47)\n\tat m.rr.Y(:com.google.android.gms.dynamite_measurementdynamite@244336029@24.43.36 (190400-0):143)\n\tat m.qw.run(:com.google.android.gms.dynamite_measurementdynamite@244336029@24.43.36 (190400-0):17)\n\tat java.util.concurrent.Executors$RunnableAdapter.call(Executors.java:487)\n\tat java.util.concurrent.FutureTask.run(FutureTask.java:290)\n\tat m.pn.run(:com.google.android.gms.dynamite_measurementdynamite@244336029@24.43.36 (190400-0):48)\n",
    "is_privacy": false
},
{
    "type": "log",
    "source": "class",
    "method": "getFirebaseInstanceId",
    "package_name": "ai.art.generator.paint.draw.photo",
    "class_name": "com.google.firebase.analytics.FirebaseAnalytics",
    "timestamp": 1730924095158,
    "ref": "com.google.firebase.analytics.FirebaseAnalytics@1c0cadf",
    "arguments": "{}",
    "stack_trace": "java.lang.Exception\n\tat com.google.firebase.analytics.FirebaseAnalytics.getFirebaseInstanceId(Native Method)\n\tat java.lang.reflect.Method.invoke(Native Method)\n\tat m.th.f(:com.google.android.gms.dynamite_measurementdynamite@244336029@24.43.36 (190400-0):49)\n\tat m.rr.Y(:com.google.android.gms.dynamite_measurementdynamite@244336029@24.43.36 (190400-0):143)\n\tat m.qw.run(:com.google.android.gms.dynamite_measurementdynamite@244336029@24.43.36 (190400-0):17)\n\tat java.util.concurrent.Executors$RunnableAdapter.call(Executors.java:487)\n\tat java.util.concurrent.FutureTask.run(FutureTask.java:290)\n\tat m.pn.run(:com.google.android.gms.dynamite_measurementdynamite@244336029@24.43.36 (190400-0):48)\n",
    "is_privacy": false
},
{
    "type": "log",
    "source": "class",
    "method": "getInstance",
    "package_name": "ai.art.generator.paint.draw.photo",
    "class_name": "com.google.firebase.analytics.FirebaseAnalytics",
    "timestamp": 1730924095186,
    "ref": "<class: com.google.firebase.analytics.FirebaseAnalytics>",
    "arguments": "{\"0\":\"<instance: android.content.Context, $className: ai.art.generator.paint.draw.photo.BaseApplication>\"}",
    "stack_trace": "java.lang.Exception\n\tat com.google.firebase.analytics.FirebaseAnalytics.getInstance(Native Method)\n\tat java.lang.reflect.Method.invoke(Native Method)\n\tat m.th.f(:com.google.android.gms.dynamite_measurementdynamite@244336029@24.43.36 (190400-0):47)\n\tat m.jd.run(:com.google.android.gms.dynamite_measurementdynamite@244336029@24.43.36 (190400-0):16)\n\tat java.util.concurrent.Executors$RunnableAdapter.call(Executors.java:487)\n\tat java.util.concurrent.FutureTask.run(FutureTask.java:290)\n\tat m.pn.run(:com.google.android.gms.dynamite_measurementdynamite@244336029@24.43.36 (190400-0):48)\n",
    "is_privacy": false
},
{
    "type": "log",
    "source": "class",
    "method": "getFirebaseInstanceId",
    "package_name": "ai.art.generator.paint.draw.photo",
    "class_name": "com.google.firebase.analytics.FirebaseAnalytics",
    "timestamp": 1730924095196,
    "ref": "com.google.firebase.analytics.FirebaseAnalytics@1c0cadf",
    "arguments": "{}",
    "stack_trace": "java.lang.Exception\n\tat com.google.firebase.analytics.FirebaseAnalytics.getFirebaseInstanceId(Native Method)\n\tat java.lang.reflect.Method.invoke(Native Method)\n\tat m.th.f(:com.google.android.gms.dynamite_measurementdynamite@244336029@24.43.36 (190400-0):49)\n\tat m.jd.run(:com.google.android.gms.dynamite_measurementdynamite@244336029@24.43.36 (190400-0):16)\n\tat java.util.concurrent.Executors$RunnableAdapter.call(Executors.java:487)\n\tat java.util.concurrent.FutureTask.run(FutureTask.java:290)\n\tat m.pn.run(:com.google.android.gms.dynamite_measurementdynamite@244336029@24.43.36 (190400-0):48)\n",
    "is_privacy": false
},
{
    "type": "log",
    "source": "class",
    "method": "getInstance",
    "package_name": "ai.art.generator.paint.draw.photo",
    "class_name": "com.google.firebase.analytics.FirebaseAnalytics",
    "timestamp": 1730924095226,
    "ref": "<class: com.google.firebase.analytics.FirebaseAnalytics>",
    "arguments": "{\"0\":\"<instance: android.content.Context, $className: ai.art.generator.paint.draw.photo.BaseApplication>\"}",
    "stack_trace": "java.lang.Exception\n\tat com.google.firebase.analytics.FirebaseAnalytics.getInstance(Native Method)\n\tat java.lang.reflect.Method.invoke(Native Method)\n\tat m.th.f(:com.google.android.gms.dynamite_measurementdynamite@244336029@24.43.36 (190400-0):47)\n\tat m.jd.run(:com.google.android.gms.dynamite_measurementdynamite@244336029@24.43.36 (190400-0):16)\n\tat java.util.concurrent.Executors$RunnableAdapter.call(Executors.java:487)\n\tat java.util.concurrent.FutureTask.run(FutureTask.java:290)\n\tat m.pn.run(:com.google.android.gms.dynamite_measurementdynamite@244336029@24.43.36 (190400-0):48)\n",
    "is_privacy": false
},
{
    "type": "log",
    "source": "class",
    "method": "getFirebaseInstanceId",
    "package_name": "ai.art.generator.paint.draw.photo",
    "class_name": "com.google.firebase.analytics.FirebaseAnalytics",
    "timestamp": 1730924095231,
    "ref": "com.google.firebase.analytics.FirebaseAnalytics@1c0cadf",
    "arguments": "{}",
    "stack_trace": "java.lang.Exception\n\tat com.google.firebase.analytics.FirebaseAnalytics.getFirebaseInstanceId(Native Method)\n\tat java.lang.reflect.Method.invoke(Native Method)\n\tat m.th.f(:com.google.android.gms.dynamite_measurementdynamite@244336029@24.43.36 (190400-0):49)\n\tat m.jd.run(:com.google.android.gms.dynamite_measurementdynamite@244336029@24.43.36 (190400-0):16)\n\tat java.util.concurrent.Executors$RunnableAdapter.call(Executors.java:487)\n\tat java.util.concurrent.FutureTask.run(FutureTask.java:290)\n\tat m.pn.run(:com.google.android.gms.dynamite_measurementdynamite@244336029@24.43.36 (190400-0):48)\n",
    "is_privacy": false
},
{
    "type": "log",
    "source": "class",
    "method": "onPause",
    "package_name": "ai.art.generator.paint.draw.photo",
    "class_name": "com.adjust.sdk.Adjust",
    "timestamp": 1730924095280,
    "ref": "<class: com.adjust.sdk.Adjust>",
    "arguments": "{}",
    "stack_trace": "java.lang.Exception\n\tat com.adjust.sdk.Adjust.onPause(Native Method)\n\tat ai.art.generator.paint.draw.photo.BaseApplication$p01z.onActivityPaused(BaseApplication.kt:1)\n\tat android.app.Application.dispatchActivityPaused(Application.java:481)\n\tat android.app.Activity.dispatchActivityPaused(Activity.java:1529)\n\tat android.app.Activity.onPause(Activity.java:2522)\n\tat androidx.fragment.app.FragmentActivity.onPause(FragmentActivity.java:1)\n\tat ai.art.generator.paint.draw.photo.ui.activity.SplashActivity.onPause(SplashActivity.kt:1)\n\tat android.app.Activity.performPause(Activity.java:8986)\n\tat android.app.Instrumentation.callActivityOnPause(Instrumentation.java:1676)\n\tat android.app.ActivityThread.performPauseActivityIfNeeded(ActivityThread.java:5701)\n\tat android.app.ActivityThread.performPauseActivity(ActivityThread.java:5662)\n\tat android.app.ActivityThread.handlePauseActivity(ActivityThread.java:5614)\n\tat android.app.servertransaction.PauseActivityItem.execute(PauseActivityItem.java:55)\n\tat android.app.servertransaction.ActivityTransactionItem.execute(ActivityTransactionItem.java:45)\n\tat android.app.servertransaction.TransactionExecutor.executeLifecycleState(TransactionExecutor.java:185)\n\tat android.app.servertransaction.TransactionExecutor.execute(TransactionExecutor.java:103)\n\tat android.app.ActivityThread$H.handleMessage(ActivityThread.java:2724)\n\tat android.os.Handler.dispatchMessage(Handler.java:106)\n\tat android.os.Looper.loopOnce(Looper.java:255)\n\tat android.os.Looper.loop(Looper.java:364)\n\tat android.app.ActivityThread.main(ActivityThread.java:8979)\n\tat java.lang.reflect.Method.invoke(Native Method)\n\tat com.android.internal.os.RuntimeInit$MethodAndArgsCaller.run(RuntimeInit.java:572)\n\tat com.android.internal.os.ZygoteInit.main(ZygoteInit.java:1053)\n",
    "is_privacy": false
},
{
    "type": "log",
    "source": "class",
    "method": "getDefaultInstance",
    "package_name": "ai.art.generator.paint.draw.photo",
    "class_name": "com.adjust.sdk.Adjust",
    "timestamp": 1730924095285,
    "ref": "<class: com.adjust.sdk.Adjust>",
    "arguments": "{}",
    "stack_trace": "java.lang.Exception\n\tat com.adjust.sdk.Adjust.getDefaultInstance(Native Method)\n\tat com.adjust.sdk.Adjust.onPause(Unknown Source:0)\n\tat com.adjust.sdk.Adjust.onPause(Native Method)\n\tat ai.art.generator.paint.draw.photo.BaseApplication$p01z.onActivityPaused(BaseApplication.kt:1)\n\tat android.app.Application.dispatchActivityPaused(Application.java:481)\n\tat android.app.Activity.dispatchActivityPaused(Activity.java:1529)\n\tat android.app.Activity.onPause(Activity.java:2522)\n\tat androidx.fragment.app.FragmentActivity.onPause(FragmentActivity.java:1)\n\tat ai.art.generator.paint.draw.photo.ui.activity.SplashActivity.onPause(SplashActivity.kt:1)\n\tat android.app.Activity.performPause(Activity.java:8986)\n\tat android.app.Instrumentation.callActivityOnPause(Instrumentation.java:1676)\n\tat android.app.ActivityThread.performPauseActivityIfNeeded(ActivityThread.java:5701)\n\tat android.app.ActivityThread.performPauseActivity(ActivityThread.java:5662)\n\tat android.app.ActivityThread.handlePauseActivity(ActivityThread.java:5614)\n\tat android.app.servertransaction.PauseActivityItem.execute(PauseActivityItem.java:55)\n\tat android.app.servertransaction.ActivityTransactionItem.execute(ActivityTransactionItem.java:45)\n\tat android.app.servertransaction.TransactionExecutor.executeLifecycleState(TransactionExecutor.java:185)\n\tat android.app.servertransaction.TransactionExecutor.execute(TransactionExecutor.java:103)\n\tat android.app.ActivityThread$H.handleMessage(ActivityThread.java:2724)\n\tat android.os.Handler.dispatchMessage(Handler.java:106)\n\tat android.os.Looper.loopOnce(Looper.java:255)\n\tat android.os.Looper.loop(Looper.java:364)\n\tat android.app.ActivityThread.main(ActivityThread.java:8979)\n\tat java.lang.reflect.Method.invoke(Native Method)\n\tat com.android.internal.os.RuntimeInit$MethodAndArgsCaller.run(RuntimeInit.java:572)\n\tat com.android.internal.os.ZygoteInit.main(ZygoteInit.java:1053)\n",
    "is_privacy": false
},
{
    "type": "log",
    "source": "class",
    "method": "getInstance",
    "package_name": "ai.art.generator.paint.draw.photo",
    "class_name": "com.applovin.sdk.AppLovinSdk",
    "timestamp": 1730924095349,
    "ref": "<class: com.applovin.sdk.AppLovinSdk>",
    "arguments": "{\"0\":\"<instance: com.applovin.sdk.AppLovinSdkSettings>\",\"1\":\"<instance: android.content.Context, $className: ai.art.generator.paint.draw.photo.BaseApplication>\"}",
    "stack_trace": "java.lang.Exception\n\tat com.applovin.sdk.AppLovinSdk.getInstance(Native Method)\n\tat s.p0.x022(MaxAdSdkManager.java:10)\n\tat s.p05v.x033(OxAdSdkManager.kt:4)\n\tat s.p02z.invokeSuspend(OxAdSdkManager.kt:37)\n\tat xb.p01z.resumeWith(ContinuationImpl.kt:4)\n\tat lc.h0.run(DispatchedTask.kt:18)\n\tat android.os.Handler.handleCallback(Handler.java:958)\n\tat android.os.Handler.dispatchMessage(Handler.java:99)\n\tat android.os.Looper.loopOnce(Looper.java:255)\n\tat android.os.Looper.loop(Looper.java:364)\n\tat android.app.ActivityThread.main(ActivityThread.java:8979)\n\tat java.lang.reflect.Method.invoke(Native Method)\n\tat com.android.internal.os.RuntimeInit$MethodAndArgsCaller.run(RuntimeInit.java:572)\n\tat com.android.internal.os.ZygoteInit.main(ZygoteInit.java:1053)\n",
    "is_privacy": false
},
{
    "type": "log",
    "source": "class",
    "method": "getInstance",
    "package_name": "ai.art.generator.paint.draw.photo",
    "class_name": "com.applovin.sdk.AppLovinSdk",
    "timestamp": 1730924095351,
    "ref": "<class: com.applovin.sdk.AppLovinSdk>",
    "arguments": "{\"0\":\"Agvz0yO4xh71GTAfQXLOyQXvx6qgylvMxlotHsBg4KGzAuNgKAVR5M6JmEzvX_rbT-ux2TqekEQ-ei5vcGzh2I\",\"1\":\"<instance: com.applovin.sdk.AppLovinSdkSettings>\",\"2\":\"<instance: android.content.Context, $className: ai.art.generator.paint.draw.photo.BaseApplication>\"}",
    "stack_trace": "java.lang.Exception\n\tat com.applovin.sdk.AppLovinSdk.getInstance(Native Method)\n\tat com.applovin.sdk.AppLovinSdk.getInstance(SourceFile:3)\n\tat com.applovin.sdk.AppLovinSdk.getInstance(Native Method)\n\tat s.p0.x022(MaxAdSdkManager.java:10)\n\tat s.p05v.x033(OxAdSdkManager.kt:4)\n\tat s.p02z.invokeSuspend(OxAdSdkManager.kt:37)\n\tat xb.p01z.resumeWith(ContinuationImpl.kt:4)\n\tat lc.h0.run(DispatchedTask.kt:18)\n\tat android.os.Handler.handleCallback(Handler.java:958)\n\tat android.os.Handler.dispatchMessage(Handler.java:99)\n\tat android.os.Looper.loopOnce(Looper.java:255)\n\tat android.os.Looper.loop(Looper.java:364)\n\tat android.app.ActivityThread.main(ActivityThread.java:8979)\n\tat java.lang.reflect.Method.invoke(Native Method)\n\tat com.android.internal.os.RuntimeInit$MethodAndArgsCaller.run(RuntimeInit.java:572)\n\tat com.android.internal.os.ZygoteInit.main(ZygoteInit.java:1053)\n",
    "is_privacy": false
},
{
    "type": "log",
    "source": "class",
    "method": "getInstance",
    "package_name": "ai.art.generator.paint.draw.photo",
    "class_name": "com.google.firebase.analytics.FirebaseAnalytics",
    "timestamp": 1730924095371,
    "ref": "<class: com.google.firebase.analytics.FirebaseAnalytics>",
    "arguments": "{\"0\":\"<instance: android.content.Context, $className: ai.art.generator.paint.draw.photo.BaseApplication>\"}",
    "stack_trace": "java.lang.Exception\n\tat com.google.firebase.analytics.FirebaseAnalytics.getInstance(Native Method)\n\tat java.lang.reflect.Method.invoke(Native Method)\n\tat m.th.f(:com.google.android.gms.dynamite_measurementdynamite@244336029@24.43.36 (190400-0):47)\n\tat m.rr.Y(:com.google.android.gms.dynamite_measurementdynamite@244336029@24.43.36 (190400-0):143)\n\tat m.rr.H(:com.google.android.gms.dynamite_measurementdynamite@244336029@24.43.36 (190400-0):30)\n\tat m.rr.G(:com.google.android.gms.dynamite_measurementdynamite@244336029@24.43.36 (190400-0):15)\n\tat m.to.c(:com.google.android.gms.dynamite_measurementdynamite@244336029@24.43.36 (190400-0):138)\n\tat m.tq.q(:com.google.android.gms.dynamite_measurementdynamite@244336029@24.43.36 (190400-0):3)\n\tat m.se.C(:com.google.android.gms.dynamite_measurementdynamite@244336029@24.43.36 (190400-0):26)\n\tat m.sc.run(:com.google.android.gms.dynamite_measurementdynamite@244336029@24.43.36 (190400-0):8)\n\tat java.util.concurrent.Executors$RunnableAdapter.call(Executors.java:487)\n\tat java.util.concurrent.FutureTask.run(FutureTask.java:290)\n\tat m.pn.run(:com.google.android.gms.dynamite_measurementdynamite@244336029@24.43.36 (190400-0):48)\n",
    "is_privacy": false
},
{
    "type": "log",
    "source": "class",
    "method": "getFirebaseInstanceId",
    "package_name": "ai.art.generator.paint.draw.photo",
    "class_name": "com.google.firebase.analytics.FirebaseAnalytics",
    "timestamp": 1730924095385,
    "ref": "com.google.firebase.analytics.FirebaseAnalytics@1c0cadf",
    "arguments": "{}",
    "stack_trace": "java.lang.Exception\n\tat com.google.firebase.analytics.FirebaseAnalytics.getFirebaseInstanceId(Native Method)\n\tat java.lang.reflect.Method.invoke(Native Method)\n\tat m.th.f(:com.google.android.gms.dynamite_measurementdynamite@244336029@24.43.36 (190400-0):49)\n\tat m.rr.Y(:com.google.android.gms.dynamite_measurementdynamite@244336029@24.43.36 (190400-0):143)\n\tat m.rr.H(:com.google.android.gms.dynamite_measurementdynamite@244336029@24.43.36 (190400-0):30)\n\tat m.rr.G(:com.google.android.gms.dynamite_measurementdynamite@244336029@24.43.36 (190400-0):15)\n\tat m.to.c(:com.google.android.gms.dynamite_measurementdynamite@244336029@24.43.36 (190400-0):138)\n\tat m.tq.q(:com.google.android.gms.dynamite_measurementdynamite@244336029@24.43.36 (190400-0):3)\n\tat m.se.C(:com.google.android.gms.dynamite_measurementdynamite@244336029@24.43.36 (190400-0):26)\n\tat m.sc.run(:com.google.android.gms.dynamite_measurementdynamite@244336029@24.43.36 (190400-0):8)\n\tat java.util.concurrent.Executors$RunnableAdapter.call(Executors.java:487)\n\tat java.util.concurrent.FutureTask.run(FutureTask.java:290)\n\tat m.pn.run(:com.google.android.gms.dynamite_measurementdynamite@244336029@24.43.36 (190400-0):48)\n",
    "is_privacy": false
},
