{
    "type": "log",
    "source": "class",
    "method": "getInstance",
    "package_name": "com.amelosinteractive.snake",
    "class_name": "com.google.firebase.analytics.FirebaseAnalytics",
    "timestamp": 1728462848477,
    "ref": "<class: com.google.firebase.analytics.FirebaseAnalytics>",
    "arguments": "{\"0\":\"<instance: android.content.Context, $className: com.kooapps.unity.UnityApplication>\"}",
    "stack_trace": "java.lang.Exception\n\tat com.google.firebase.analytics.FirebaseAnalytics.getInstance(Native Method)\n\tat java.lang.reflect.Method.invoke(Native Method)\n\tat m.oh.f(:com.google.android.gms.dynamite_measurementdynamite@240714038@24.07.14 (190400-0):63)\n\tat m.mu.s(:com.google.android.gms.dynamite_measurementdynamite@240714038@24.07.14 (190400-0):82)\n\tat m.kx.run(:com.google.android.gms.dynamite_measurementdynamite@240714038@24.07.14 (190400-0):1955)\n\tat java.util.concurrent.Executors$RunnableAdapter.call(Executors.java:487)\n\tat java.util.concurrent.FutureTask.run(FutureTask.java:290)\n\tat m.kt.run(:com.google.android.gms.dynamite_measurementdynamite@240714038@24.07.14 (190400-0):48)\n",
    "is_privacy": false
},
{
    "type": "log",
    "source": "class",
    "method": "getFirebaseInstanceId",
    "package_name": "com.amelosinteractive.snake",
    "class_name": "com.google.firebase.analytics.FirebaseAnalytics",
    "timestamp": 1728462848489,
    "ref": "com.google.firebase.analytics.FirebaseAnalytics@7a5b267",
    "arguments": "{}",
    "stack_trace": "java.lang.Exception\n\tat com.google.firebase.analytics.FirebaseAnalytics.getFirebaseInstanceId(Native Method)\n\tat java.lang.reflect.Method.invoke(Native Method)\n\tat m.oh.f(:com.google.android.gms.dynamite_measurementdynamite@240714038@24.07.14 (190400-0):65)\n\tat m.mu.s(:com.google.android.gms.dynamite_measurementdynamite@240714038@24.07.14 (190400-0):82)\n\tat m.kx.run(:com.google.android.gms.dynamite_measurementdynamite@240714038@24.07.14 (190400-0):1955)\n\tat java.util.concurrent.Executors$RunnableAdapter.call(Executors.java:487)\n\tat java.util.concurrent.FutureTask.run(FutureTask.java:290)\n\tat m.kt.run(:com.google.android.gms.dynamite_measurementdynamite@240714038@24.07.14 (190400-0):48)\n",
    "is_privacy": false
},
{
    "type": "log",
    "source": "class",
    "method": "getInstance",
    "package_name": "com.amelosinteractive.snake",
    "class_name": "com.google.firebase.analytics.FirebaseAnalytics",
    "timestamp": 1728462848669,
    "ref": "<class: com.google.firebase.analytics.FirebaseAnalytics>",
    "arguments": "{\"0\":\"<instance: android.content.Context, $className: com.kooapps.unity.UnityApplication>\"}",
    "stack_trace": "java.lang.Exception\n\tat com.google.firebase.analytics.FirebaseAnalytics.getInstance(Native Method)\n\tat java.lang.reflect.Method.invoke(Native Method)\n\tat m.oh.f(:com.google.android.gms.dynamite_measurementdynamite@240714038@24.07.14 (190400-0):63)\n\tat m.mu.W(:com.google.android.gms.dynamite_measurementdynamite@240714038@24.07.14 (190400-0):206)\n\tat m.op.a(:com.google.android.gms.dynamite_measurementdynamite@240714038@24.07.14 (190400-0):70)\n\tat m.kx.run(:com.google.android.gms.dynamite_measurementdynamite@240714038@24.07.14 (190400-0):2031)\n\tat java.util.concurrent.Executors$RunnableAdapter.call(Executors.java:487)\n\tat java.util.concurrent.FutureTask.run(FutureTask.java:290)\n\tat m.kt.run(:com.google.android.gms.dynamite_measurementdynamite@240714038@24.07.14 (190400-0):48)\n",
    "is_privacy": false
},
{
    "type": "log",
    "source": "class",
    "method": "getFirebaseInstanceId",
    "package_name": "com.amelosinteractive.snake",
    "class_name": "com.google.firebase.analytics.FirebaseAnalytics",
    "timestamp": 1728462848673,
    "ref": "com.google.firebase.analytics.FirebaseAnalytics@7a5b267",
    "arguments": "{}",
    "stack_trace": "java.lang.Exception\n\tat com.google.firebase.analytics.FirebaseAnalytics.getFirebaseInstanceId(Native Method)\n\tat java.lang.reflect.Method.invoke(Native Method)\n\tat m.oh.f(:com.google.android.gms.dynamite_measurementdynamite@240714038@24.07.14 (190400-0):65)\n\tat m.mu.W(:com.google.android.gms.dynamite_measurementdynamite@240714038@24.07.14 (190400-0):206)\n\tat m.op.a(:com.google.android.gms.dynamite_measurementdynamite@240714038@24.07.14 (190400-0):70)\n\tat m.kx.run(:com.google.android.gms.dynamite_measurementdynamite@240714038@24.07.14 (190400-0):2031)\n\tat java.util.concurrent.Executors$RunnableAdapter.call(Executors.java:487)\n\tat java.util.concurrent.FutureTask.run(FutureTask.java:290)\n\tat m.kt.run(:com.google.android.gms.dynamite_measurementdynamite@240714038@24.07.14 (190400-0):48)\n",
    "is_privacy": false
},
{
    "type": "log",
    "source": "class",
    "method": "getInstance",
    "package_name": "com.amelosinteractive.snake",
    "class_name": "com.google.firebase.analytics.FirebaseAnalytics",
    "timestamp": 1728462848742,
    "ref": "<class: com.google.firebase.analytics.FirebaseAnalytics>",
    "arguments": "{\"0\":\"<instance: android.content.Context, $className: com.kooapps.unity.UnityApplication>\"}",
    "stack_trace": "java.lang.Exception\n\tat com.google.firebase.analytics.FirebaseAnalytics.getInstance(Native Method)\n\tat java.lang.reflect.Method.invoke(Native Method)\n\tat m.oh.f(:com.google.android.gms.dynamite_measurementdynamite@240714038@24.07.14 (190400-0):63)\n\tat m.mu.aa(:com.google.android.gms.dynamite_measurementdynamite@240714038@24.07.14 (190400-0):165)\n\tat m.mu.G(:com.google.android.gms.dynamite_measurementdynamite@240714038@24.07.14 (190400-0):32)\n\tat m.op.a(:com.google.android.gms.dynamite_measurementdynamite@240714038@24.07.14 (190400-0):125)\n\tat m.kx.run(:com.google.android.gms.dynamite_measurementdynamite@240714038@24.07.14 (190400-0):2031)\n\tat java.util.concurrent.Executors$RunnableAdapter.call(Executors.java:487)\n\tat java.util.concurrent.FutureTask.run(FutureTask.java:290)\n\tat m.kt.run(:com.google.android.gms.dynamite_measurementdynamite@240714038@24.07.14 (190400-0):48)\n",
    "is_privacy": false
},
{
    "type": "log",
    "source": "class",
    "method": "getFirebaseInstanceId",
    "package_name": "com.amelosinteractive.snake",
    "class_name": "com.google.firebase.analytics.FirebaseAnalytics",
    "timestamp": 1728462848746,
    "ref": "com.google.firebase.analytics.FirebaseAnalytics@7a5b267",
    "arguments": "{}",
    "stack_trace": "java.lang.Exception\n\tat com.google.firebase.analytics.FirebaseAnalytics.getFirebaseInstanceId(Native Method)\n\tat java.lang.reflect.Method.invoke(Native Method)\n\tat m.oh.f(:com.google.android.gms.dynamite_measurementdynamite@240714038@24.07.14 (190400-0):65)\n\tat m.mu.aa(:com.google.android.gms.dynamite_measurementdynamite@240714038@24.07.14 (190400-0):165)\n\tat m.mu.G(:com.google.android.gms.dynamite_measurementdynamite@240714038@24.07.14 (190400-0):32)\n\tat m.op.a(:com.google.android.gms.dynamite_measurementdynamite@240714038@24.07.14 (190400-0):125)\n\tat m.kx.run(:com.google.android.gms.dynamite_measurementdynamite@240714038@24.07.14 (190400-0):2031)\n\tat java.util.concurrent.Executors$RunnableAdapter.call(Executors.java:487)\n\tat java.util.concurrent.FutureTask.run(FutureTask.java:290)\n\tat m.kt.run(:com.google.android.gms.dynamite_measurementdynamite@240714038@24.07.14 (190400-0):48)\n",
    "is_privacy": false
},
{
    "type": "log",
    "source": "class",
    "method": "getInstance",
    "package_name": "com.amelosinteractive.snake",
    "class_name": "com.google.firebase.analytics.FirebaseAnalytics",
    "timestamp": 1728462848770,
    "ref": "<class: com.google.firebase.analytics.FirebaseAnalytics>",
    "arguments": "{\"0\":\"<instance: android.content.Context, $className: com.kooapps.unity.UnityApplication>\"}",
    "stack_trace": "java.lang.Exception\n\tat com.google.firebase.analytics.FirebaseAnalytics.getInstance(Native Method)\n\tat java.lang.reflect.Method.invoke(Native Method)\n\tat m.oh.f(:com.google.android.gms.dynamite_measurementdynamite@240714038@24.07.14 (190400-0):63)\n\tat m.oh.s(:com.google.android.gms.dynamite_measurementdynamite@240714038@24.07.14 (190400-0):8)\n\tat m.kx.run(:com.google.android.gms.dynamite_measurementdynamite@240714038@24.07.14 (190400-0):2043)\n\tat java.util.concurrent.Executors$RunnableAdapter.call(Executors.java:487)\n\tat java.util.concurrent.FutureTask.run(FutureTask.java:290)\n\tat m.kt.run(:com.google.android.gms.dynamite_measurementdynamite@240714038@24.07.14 (190400-0):48)\n",
    "is_privacy": false
},
{
    "type": "log",
    "source": "class",
    "method": "getFirebaseInstanceId",
    "package_name": "com.amelosinteractive.snake",
    "class_name": "com.google.firebase.analytics.FirebaseAnalytics",
    "timestamp": 1728462848776,
    "ref": "com.google.firebase.analytics.FirebaseAnalytics@7a5b267",
    "arguments": "{}",
    "stack_trace": "java.lang.Exception\n\tat com.google.firebase.analytics.FirebaseAnalytics.getFirebaseInstanceId(Native Method)\n\tat java.lang.reflect.Method.invoke(Native Method)\n\tat m.oh.f(:com.google.android.gms.dynamite_measurementdynamite@240714038@24.07.14 (190400-0):65)\n\tat m.oh.s(:com.google.android.gms.dynamite_measurementdynamite@240714038@24.07.14 (190400-0):8)\n\tat m.kx.run(:com.google.android.gms.dynamite_measurementdynamite@240714038@24.07.14 (190400-0):2043)\n\tat java.util.concurrent.Executors$RunnableAdapter.call(Executors.java:487)\n\tat java.util.concurrent.FutureTask.run(FutureTask.java:290)\n\tat m.kt.run(:com.google.android.gms.dynamite_measurementdynamite@240714038@24.07.14 (190400-0):48)\n",
    "is_privacy": false
},
{
    "type": "log",
    "source": "class",
    "method": "getInstance",
    "package_name": "com.amelosinteractive.snake",
    "class_name": "com.google.firebase.analytics.FirebaseAnalytics",
    "timestamp": 1728462848803,
    "ref": "<class: com.google.firebase.analytics.FirebaseAnalytics>",
    "arguments": "{\"0\":\"<instance: android.content.Context, $className: com.kooapps.unity.UnityApplication>\"}",
    "stack_trace": "java.lang.Exception\n\tat com.google.firebase.analytics.FirebaseAnalytics.getInstance(Native Method)\n\tat java.lang.reflect.Method.invoke(Native Method)\n\tat m.oh.f(:com.google.android.gms.dynamite_measurementdynamite@240714038@24.07.14 (190400-0):63)\n\tat m.oh.G(:com.google.android.gms.dynamite_measurementdynamite@240714038@24.07.14 (190400-0):8)\n\tat m.kx.run(:com.google.android.gms.dynamite_measurementdynamite@240714038@24.07.14 (190400-0):2060)\n\tat java.util.concurrent.Executors$RunnableAdapter.call(Executors.java:487)\n\tat java.util.concurrent.FutureTask.run(FutureTask.java:290)\n\tat m.kt.run(:com.google.android.gms.dynamite_measurementdynamite@240714038@24.07.14 (190400-0):48)\n",
    "is_privacy": false
},
{
    "type": "log",
    "source": "class",
    "method": "getFirebaseInstanceId",
    "package_name": "com.amelosinteractive.snake",
    "class_name": "com.google.firebase.analytics.FirebaseAnalytics",
    "timestamp": 1728462848806,
    "ref": "com.google.firebase.analytics.FirebaseAnalytics@7a5b267",
    "arguments": "{}",
    "stack_trace": "java.lang.Exception\n\tat com.google.firebase.analytics.FirebaseAnalytics.getFirebaseInstanceId(Native Method)\n\tat java.lang.reflect.Method.invoke(Native Method)\n\tat m.oh.f(:com.google.android.gms.dynamite_measurementdynamite@240714038@24.07.14 (190400-0):65)\n\tat m.oh.G(:com.google.android.gms.dynamite_measurementdynamite@240714038@24.07.14 (190400-0):8)\n\tat m.kx.run(:com.google.android.gms.dynamite_measurementdynamite@240714038@24.07.14 (190400-0):2060)\n\tat java.util.concurrent.Executors$RunnableAdapter.call(Executors.java:487)\n\tat java.util.concurrent.FutureTask.run(FutureTask.java:290)\n\tat m.kt.run(:com.google.android.gms.dynamite_measurementdynamite@240714038@24.07.14 (190400-0):48)\n",
    "is_privacy": false
},
{
    "type": "log",
    "source": "class",
    "method": "getInstance",
    "package_name": "com.amelosinteractive.snake",
    "class_name": "com.google.firebase.analytics.FirebaseAnalytics",
    "timestamp": 1728462848845,
    "ref": "<class: com.google.firebase.analytics.FirebaseAnalytics>",
    "arguments": "{\"0\":\"<instance: android.content.Context, $className: com.kooapps.unity.UnityApplication>\"}",
    "stack_trace": "java.lang.Exception\n\tat com.google.firebase.analytics.FirebaseAnalytics.getInstance(Native Method)\n\tat java.lang.reflect.Method.invoke(Native Method)\n\tat m.oh.f(:com.google.android.gms.dynamite_measurementdynamite@240714038@24.07.14 (190400-0):63)\n\tat m.mu.aa(:com.google.android.gms.dynamite_measurementdynamite@240714038@24.07.14 (190400-0):165)\n\tat m.mu.G(:com.google.android.gms.dynamite_measurementdynamite@240714038@24.07.14 (190400-0):32)\n\tat m.nh.A(:com.google.android.gms.dynamite_measurementdynamite@240714038@24.07.14 (190400-0):188)\n\tat m.nc.run(:com.google.android.gms.dynamite_measurementdynamite@240714038@24.07.14 (190400-0):12)\n\tat java.util.concurrent.Executors$RunnableAdapter.call(Executors.java:487)\n\tat java.util.concurrent.FutureTask.run(FutureTask.java:290)\n\tat m.kt.run(:com.google.android.gms.dynamite_measurementdynamite@240714038@24.07.14 (190400-0):48)\n",
    "is_privacy": false
},
{
    "type": "log",
    "source": "class",
    "method": "getFirebaseInstanceId",
    "package_name": "com.amelosinteractive.snake",
    "class_name": "com.google.firebase.analytics.FirebaseAnalytics",
    "timestamp": 1728462848851,
    "ref": "com.google.firebase.analytics.FirebaseAnalytics@7a5b267",
    "arguments": "{}",
    "stack_trace": "java.lang.Exception\n\tat com.google.firebase.analytics.FirebaseAnalytics.getFirebaseInstanceId(Native Method)\n\tat java.lang.reflect.Method.invoke(Native Method)\n\tat m.oh.f(:com.google.android.gms.dynamite_measurementdynamite@240714038@24.07.14 (190400-0):65)\n\tat m.mu.aa(:com.google.android.gms.dynamite_measurementdynamite@240714038@24.07.14 (190400-0):165)\n\tat m.mu.G(:com.google.android.gms.dynamite_measurementdynamite@240714038@24.07.14 (190400-0):32)\n\tat m.nh.A(:com.google.android.gms.dynamite_measurementdynamite@240714038@24.07.14 (190400-0):188)\n\tat m.nc.run(:com.google.android.gms.dynamite_measurementdynamite@240714038@24.07.14 (190400-0):12)\n\tat java.util.concurrent.Executors$RunnableAdapter.call(Executors.java:487)\n\tat java.util.concurrent.FutureTask.run(FutureTask.java:290)\n\tat m.kt.run(:com.google.android.gms.dynamite_measurementdynamite@240714038@24.07.14 (190400-0):48)\n",
    "is_privacy": false
},
{
    "type": "log",
    "source": "class",
    "method": "setWrapperVersion",
    "package_name": "com.amelosinteractive.snake",
    "class_name": "com.tenjin.android.TenjinSDK",
    "timestamp": 1728462849632,
    "ref": "<class: com.tenjin.android.TenjinSDK>",
    "arguments": "{\"0\":\"1.15.4u\"}",
    "stack_trace": "java.lang.Exception\n\tat com.tenjin.android.TenjinSDK.setWrapperVersion(Native Method)\n\tat com.unity3d.player.UnityPlayer.nativeRender(Native Method)\n\tat com.unity3d.player.UnityPlayer.-$$Nest$mnativeRender(Unknown Source:0)\n\tat com.unity3d.player.UnityPlayer$F$a.handleMessage(Unknown Source:122)\n\tat android.os.Handler.dispatchMessage(Handler.java:102)\n\tat android.os.Looper.loopOnce(Looper.java:255)\n\tat android.os.Looper.loop(Looper.java:364)\n\tat com.unity3d.player.UnityPlayer$F.run(Unknown Source:24)\n",
    "is_privacy": false
},
{
    "type": "log",
    "source": "class",
    "method": "getInstance",
    "package_name": "com.amelosinteractive.snake",
    "class_name": "com.tenjin.android.TenjinSDK",
    "timestamp": 1728462849655,
    "ref": "<class: com.tenjin.android.TenjinSDK>",
    "arguments": "{\"0\":\"<instance: android.content.Context, $className: com.kooapps.unity.CustomUnityPlayerActivity>\",\"1\":\"MVSJZWERLSIBH65CZRYQBAPD6NFX2DPY\"}",
    "stack_trace": "java.lang.Exception\n\tat com.tenjin.android.TenjinSDK.getInstance(Native Method)\n\tat com.unity3d.player.UnityPlayer.nativeRender(Native Method)\n\tat com.unity3d.player.UnityPlayer.-$$Nest$mnativeRender(Unknown Source:0)\n\tat com.unity3d.player.UnityPlayer$F$a.handleMessage(Unknown Source:122)\n\tat android.os.Handler.dispatchMessage(Handler.java:102)\n\tat android.os.Looper.loopOnce(Looper.java:255)\n\tat android.os.Looper.loop(Looper.java:364)\n\tat com.unity3d.player.UnityPlayer$F.run(Unknown Source:24)\n",
    "is_privacy": false
},
{
    "type": "log",
    "source": "class",
    "method": "getStandardParams",
    "package_name": "com.amelosinteractive.snake",
    "class_name": "com.tenjin.android.TenjinSDK",
    "timestamp": 1728462849656,
    "ref": "<class: com.tenjin.android.TenjinSDK>",
    "arguments": "{\"0\":\"<instance: android.content.Context, $className: com.kooapps.unity.CustomUnityPlayerActivity>\"}",
    "stack_trace": "java.lang.Exception\n\tat com.tenjin.android.TenjinSDK.getStandardParams(Native Method)\n\tat com.tenjin.android.TenjinSDK.<init>(TenjinSDK.java:867)\n\tat com.tenjin.android.TenjinSDK.getInstance(TenjinSDK.java:192)\n\tat com.tenjin.android.TenjinSDK.getInstance(Native Method)\n\tat com.unity3d.player.UnityPlayer.nativeRender(Native Method)\n\tat com.unity3d.player.UnityPlayer.-$$Nest$mnativeRender(Unknown Source:0)\n\tat com.unity3d.player.UnityPlayer$F$a.handleMessage(Unknown Source:122)\n\tat android.os.Handler.dispatchMessage(Handler.java:102)\n\tat android.os.Looper.loopOnce(Looper.java:255)\n\tat android.os.Looper.loop(Looper.java:364)\n\tat com.unity3d.player.UnityPlayer$F.run(Unknown Source:24)\n",
    "is_privacy": false
},
{
    "type": "log",
    "source": "class",
    "method": "startup",
    "package_name": "com.amelosinteractive.snake",
    "class_name": "com.tenjin.android.TenjinSDK",
    "timestamp": 1728462849661,
    "ref": "com.tenjin.android.TenjinSDK@76eb024",
    "arguments": "{}",
    "stack_trace": "java.lang.Exception\n\tat com.tenjin.android.TenjinSDK.startup(Native Method)\n\tat com.tenjin.android.TenjinSDK.getInstance(TenjinSDK.java:195)\n\tat com.tenjin.android.TenjinSDK.getInstance(Native Method)\n\tat com.unity3d.player.UnityPlayer.nativeRender(Native Method)\n\tat com.unity3d.player.UnityPlayer.-$$Nest$mnativeRender(Unknown Source:0)\n\tat com.unity3d.player.UnityPlayer$F$a.handleMessage(Unknown Source:122)\n\tat android.os.Handler.dispatchMessage(Handler.java:102)\n\tat android.os.Looper.loopOnce(Looper.java:255)\n\tat android.os.Looper.loop(Looper.java:364)\n\tat com.unity3d.player.UnityPlayer$F.run(Unknown Source:24)\n",
    "is_privacy": false
},
{
    "type": "log",
    "source": "class",
    "method": "access$1400",
    "package_name": "com.amelosinteractive.snake",
    "class_name": "com.tenjin.android.TenjinSDK",
    "timestamp": 1728462849665,
    "ref": "<class: com.tenjin.android.TenjinSDK>",
    "arguments": "{\"0\":\"<instance: com.tenjin.android.TenjinSDK>\"}",
    "stack_trace": "java.lang.Exception\n\tat com.tenjin.android.TenjinSDK.access$1400(Native Method)\n\tat com.tenjin.android.TenjinSDK$2.run(TenjinSDK.java:918)\n\tat android.os.Handler.handleCallback(Handler.java:958)\n\tat android.os.Handler.dispatchMessage(Handler.java:99)\n\tat android.os.Looper.loopOnce(Looper.java:255)\n\tat android.os.Looper.loop(Looper.java:364)\n\tat android.os.HandlerThread.run(HandlerThread.java:67)\n",
    "is_privacy": false
},
{
    "type": "log",
    "source": "class",
    "method": "setAppStore",
    "package_name": "com.amelosinteractive.snake",
    "class_name": "com.tenjin.android.TenjinSDK",
    "timestamp": 1728462849667,
    "ref": "com.tenjin.android.TenjinSDK@76eb024",
    "arguments": "{\"0\":\"<instance: com.tenjin.android.TenjinSDK$AppStoreType>\"}",
    "stack_trace": "java.lang.Exception\n\tat com.tenjin.android.TenjinSDK.setAppStore(Native Method)\n\tat com.unity3d.player.UnityPlayer.nativeRender(Native Method)\n\tat com.unity3d.player.UnityPlayer.-$$Nest$mnativeRender(Unknown Source:0)\n\tat com.unity3d.player.UnityPlayer$F$a.handleMessage(Unknown Source:122)\n\tat android.os.Handler.dispatchMessage(Handler.java:102)\n\tat android.os.Looper.loopOnce(Looper.java:255)\n\tat android.os.Looper.loop(Looper.java:364)\n\tat com.unity3d.player.UnityPlayer$F.run(Unknown Source:24)\n",
    "is_privacy": false
},
{
    "type": "log",
    "source": "class",
    "method": "access$1500",
    "package_name": "com.amelosinteractive.snake",
    "class_name": "com.tenjin.android.TenjinSDK",
    "timestamp": 1728462849669,
    "ref": "<class: com.tenjin.android.TenjinSDK>",
    "arguments": "{\"0\":\"<instance: com.tenjin.android.TenjinSDK>\"}",
    "stack_trace": "java.lang.Exception\n\tat com.tenjin.android.TenjinSDK.access$1500(Native Method)\n\tat com.tenjin.android.TenjinSDK$2.run(TenjinSDK.java:919)\n\tat android.os.Handler.handleCallback(Handler.java:958)\n\tat android.os.Handler.dispatchMessage(Handler.java:99)\n\tat android.os.Looper.loopOnce(Looper.java:255)\n\tat android.os.Looper.loop(Looper.java:364)\n\tat android.os.HandlerThread.run(HandlerThread.java:67)\n",
    "is_privacy": false
},
{
    "type": "log",
    "source": "class",
    "method": "connect",
    "package_name": "com.amelosinteractive.snake",
    "class_name": "com.tenjin.android.TenjinSDK",
    "timestamp": 1728462849671,
    "ref": "com.tenjin.android.TenjinSDK@76eb024",
    "arguments": "{\"0\":null,\"1\":null}",
    "stack_trace": "java.lang.Exception\n\tat com.tenjin.android.TenjinSDK.connect(Native Method)\n\tat com.unity3d.player.UnityPlayer.nativeRender(Native Method)\n\tat com.unity3d.player.UnityPlayer.-$$Nest$mnativeRender(Unknown Source:0)\n\tat com.unity3d.player.UnityPlayer$F$a.handleMessage(Unknown Source:122)\n\tat android.os.Handler.dispatchMessage(Handler.java:102)\n\tat android.os.Looper.loopOnce(Looper.java:255)\n\tat android.os.Looper.loop(Looper.java:364)\n\tat com.unity3d.player.UnityPlayer$F.run(Unknown Source:24)\n",
    "is_privacy": false
},
{
    "type": "log",
    "source": "class",
    "method": "requestIsProcessing",
    "package_name": "com.amelosinteractive.snake",
    "class_name": "com.tenjin.android.TenjinSDK",
    "timestamp": 1728462849673,
    "ref": "com.tenjin.android.TenjinSDK@76eb024",
    "arguments": "{\"0\":\"connect\"}",
    "stack_trace": "java.lang.Exception\n\tat com.tenjin.android.TenjinSDK.requestIsProcessing(Native Method)\n\tat com.tenjin.android.TenjinSDK.connect(TenjinSDK.java:374)\n\tat com.tenjin.android.TenjinSDK.connect(Native Method)\n\tat com.unity3d.player.UnityPlayer.nativeRender(Native Method)\n\tat com.unity3d.player.UnityPlayer.-$$Nest$mnativeRender(Unknown Source:0)\n\tat com.unity3d.player.UnityPlayer$F$a.handleMessage(Unknown Source:122)\n\tat android.os.Handler.dispatchMessage(Handler.java:102)\n\tat android.os.Looper.loopOnce(Looper.java:255)\n\tat android.os.Looper.loop(Looper.java:364)\n\tat com.unity3d.player.UnityPlayer$F.run(Unknown Source:24)\n",
    "is_privacy": false
},
{
    "type": "log",
    "source": "class",
    "method": "queueProcessingEvent",
    "package_name": "com.amelosinteractive.snake",
    "class_name": "com.tenjin.android.TenjinSDK",
    "timestamp": 1728462849674,
    "ref": "com.tenjin.android.TenjinSDK@76eb024",
    "arguments": "{\"0\":\"connect\"}",
    "stack_trace": "java.lang.Exception\n\tat com.tenjin.android.TenjinSDK.queueProcessingEvent(Native Method)\n\tat com.tenjin.android.TenjinSDK.requestIsProcessing(TenjinSDK.java:1793)\n\tat com.tenjin.android.TenjinSDK.requestIsProcessing(Native Method)\n\tat com.tenjin.android.TenjinSDK.connect(TenjinSDK.java:374)\n\tat com.tenjin.android.TenjinSDK.connect(Native Method)\n\tat com.unity3d.player.UnityPlayer.nativeRender(Native Method)\n\tat com.unity3d.player.UnityPlayer.-$$Nest$mnativeRender(Unknown Source:0)\n\tat com.unity3d.player.UnityPlayer$F$a.handleMessage(Unknown Source:122)\n\tat android.os.Handler.dispatchMessage(Handler.java:102)\n\tat android.os.Looper.loopOnce(Looper.java:255)\n\tat android.os.Looper.loop(Looper.java:364)\n\tat com.unity3d.player.UnityPlayer$F.run(Unknown Source:24)\n",
    "is_privacy": false
},
{
    "type": "log",
    "source": "class",
    "method": "optOutGoogleDMA",
    "package_name": "com.amelosinteractive.snake",
    "class_name": "com.tenjin.android.TenjinSDK",
    "timestamp": 1728462849678,
    "ref": "com.tenjin.android.TenjinSDK@76eb024",
    "arguments": "{}",
    "stack_trace": "java.lang.Exception\n\tat com.tenjin.android.TenjinSDK.optOutGoogleDMA(Native Method)\n\tat com.unity3d.player.UnityPlayer.nativeRender(Native Method)\n\tat com.unity3d.player.UnityPlayer.-$$Nest$mnativeRender(Unknown Source:0)\n\tat com.unity3d.player.UnityPlayer$F$a.handleMessage(Unknown Source:122)\n\tat android.os.Handler.dispatchMessage(Handler.java:102)\n\tat android.os.Looper.loopOnce(Looper.java:255)\n\tat android.os.Looper.loop(Looper.java:364)\n\tat com.unity3d.player.UnityPlayer$F.run(Unknown Source:24)\n",
    "is_privacy": true
},
{
    "type": "log",
    "source": "class",
    "method": "access$900",
    "package_name": "com.amelosinteractive.snake",
    "class_name": "com.tenjin.android.TenjinSDK",
    "timestamp": 1728462849677,
    "ref": "<class: com.tenjin.android.TenjinSDK>",
    "arguments": "{\"0\":\"<instance: com.tenjin.android.TenjinSDK>\"}",
    "stack_trace": "java.lang.Exception\n\tat com.tenjin.android.TenjinSDK.access$900(Native Method)\n\tat com.tenjin.android.TenjinSDK$AsyncConnect.doInBackground(TenjinSDK.java:939)\n\tat com.tenjin.android.TenjinSDK$AsyncConnect.doInBackground(TenjinSDK.java:930)\n\tat android.os.AsyncTask$3.call(AsyncTask.java:394)\n\tat java.util.concurrent.FutureTask.run(FutureTask.java:290)\n\tat java.util.concurrent.ThreadPoolExecutor.runWorker(ThreadPoolExecutor.java:1145)\n\tat java.util.concurrent.ThreadPoolExecutor$Worker.run(ThreadPoolExecutor.java:644)\n\tat java.lang.Thread.run(Thread.java:1012)\n",
    "is_privacy": false
},
{
    "type": "log",
    "source": "class",
    "method": "access$1600",
    "package_name": "com.amelosinteractive.snake",
    "class_name": "com.tenjin.android.TenjinSDK",
    "timestamp": 1728462849685,
    "ref": "<class: com.tenjin.android.TenjinSDK>",
    "arguments": "{\"0\":\"<instance: com.tenjin.android.TenjinSDK>\"}",
    "stack_trace": "java.lang.Exception\n\tat com.tenjin.android.TenjinSDK.access$1600(Native Method)\n\tat com.tenjin.android.TenjinSDK$AsyncConnect.doInBackground(TenjinSDK.java:943)\n\tat com.tenjin.android.TenjinSDK$AsyncConnect.doInBackground(TenjinSDK.java:930)\n\tat android.os.AsyncTask$3.call(AsyncTask.java:394)\n\tat java.util.concurrent.FutureTask.run(FutureTask.java:290)\n\tat java.util.concurrent.ThreadPoolExecutor.runWorker(ThreadPoolExecutor.java:1145)\n\tat java.util.concurrent.ThreadPoolExecutor$Worker.run(ThreadPoolExecutor.java:644)\n\tat java.lang.Thread.run(Thread.java:1012)\n",
    "is_privacy": false
},
{
    "type": "log",
    "source": "class",
    "method": "isReadyToConnect",
    "package_name": "com.amelosinteractive.snake",
    "class_name": "com.tenjin.android.TenjinSDK",
    "timestamp": 1728462849687,
    "ref": "com.tenjin.android.TenjinSDK@76eb024",
    "arguments": "{}",
    "stack_trace": "java.lang.Exception\n\tat com.tenjin.android.TenjinSDK.isReadyToConnect(Native Method)\n\tat com.tenjin.android.TenjinSDK.access$1600(TenjinSDK.java:120)\n\tat com.tenjin.android.TenjinSDK.access$1600(Native Method)\n\tat com.tenjin.android.TenjinSDK$AsyncConnect.doInBackground(TenjinSDK.java:943)\n\tat com.tenjin.android.TenjinSDK$AsyncConnect.doInBackground(TenjinSDK.java:930)\n\tat android.os.AsyncTask$3.call(AsyncTask.java:394)\n\tat java.util.concurrent.FutureTask.run(FutureTask.java:290)\n\tat java.util.concurrent.ThreadPoolExecutor.runWorker(ThreadPoolExecutor.java:1145)\n\tat java.util.concurrent.ThreadPoolExecutor$Worker.run(ThreadPoolExecutor.java:644)\n\tat java.lang.Thread.run(Thread.java:1012)\n",
    "is_privacy": false
},
{
    "type": "log",
    "source": "class",
    "method": "access$1400",
    "package_name": "com.amelosinteractive.snake",
    "class_name": "com.tenjin.android.TenjinSDK",
    "timestamp": 1728462849689,
    "ref": "<class: com.tenjin.android.TenjinSDK>",
    "arguments": "{\"0\":\"<instance: com.tenjin.android.TenjinSDK>\"}",
    "stack_trace": "java.lang.Exception\n\tat com.tenjin.android.TenjinSDK.access$1400(Native Method)\n\tat com.tenjin.android.TenjinSDK$AsyncConnect.doInBackground(TenjinSDK.java:944)\n\tat com.tenjin.android.TenjinSDK$AsyncConnect.doInBackground(TenjinSDK.java:930)\n\tat android.os.AsyncTask$3.call(AsyncTask.java:394)\n\tat java.util.concurrent.FutureTask.run(FutureTask.java:290)\n\tat java.util.concurrent.ThreadPoolExecutor.runWorker(ThreadPoolExecutor.java:1145)\n\tat java.util.concurrent.ThreadPoolExecutor$Worker.run(ThreadPoolExecutor.java:644)\n\tat java.lang.Thread.run(Thread.java:1012)\n",
    "is_privacy": false
},
{
    "type": "log",
    "source": "class",
    "method": "getAppStore",
    "package_name": "com.amelosinteractive.snake",
    "class_name": "com.tenjin.android.TenjinSDK",
    "timestamp": 1728462849705,
    "ref": "<class: com.tenjin.android.TenjinSDK>",
    "arguments": "{}",
    "stack_trace": "java.lang.Exception\n\tat com.tenjin.android.TenjinSDK.getAppStore(Native Method)\n\tat com.tenjin.android.utils.ImeiRequester.<init>(ImeiRequester.java:29)\n\tat com.tenjin.android.params.PlatformParams.GetParamsForPlatform(PlatformParams.java:71)\n\tat com.tenjin.android.utils.TenjinStartup$2.run(TenjinStartup.java:40)\n",
    "is_privacy": false
},
{
    "type": "log",
    "source": "class",
    "method": "access$1300",
    "package_name": "com.amelosinteractive.snake",
    "class_name": "com.tenjin.android.TenjinSDK",
    "timestamp": 1728462849707,
    "ref": "<class: com.tenjin.android.TenjinSDK>",
    "arguments": "{\"0\":\"<instance: com.tenjin.android.TenjinSDK>\"}",
    "stack_trace": "java.lang.Exception\n\tat com.tenjin.android.TenjinSDK.access$1300(Native Method)\n\tat com.tenjin.android.TenjinSDK$1.onStartupComplete(TenjinSDK.java:906)\n\tat com.tenjin.android.utils.TenjinStartup.doStartup(TenjinStartup.java:62)\n\tat com.tenjin.android.TenjinSDK$2.run(TenjinSDK.java:919)\n\tat android.os.Handler.handleCallback(Handler.java:958)\n\tat android.os.Handler.dispatchMessage(Handler.java:99)\n\tat android.os.Looper.loopOnce(Looper.java:255)\n\tat android.os.Looper.loop(Looper.java:364)\n\tat android.os.HandlerThread.run(HandlerThread.java:67)\n",
    "is_privacy": false
},
{
    "type": "log",
    "source": "class",
    "method": "access$1300",
    "package_name": "com.amelosinteractive.snake",
    "class_name": "com.tenjin.android.TenjinSDK",
    "timestamp": 1728462849710,
    "ref": "<class: com.tenjin.android.TenjinSDK>",
    "arguments": "{\"0\":\"<instance: com.tenjin.android.TenjinSDK>\"}",
    "stack_trace": "java.lang.Exception\n\tat com.tenjin.android.TenjinSDK.access$1300(Native Method)\n\tat com.tenjin.android.TenjinSDK$1.onStartupComplete(TenjinSDK.java:910)\n\tat com.tenjin.android.utils.TenjinStartup.doStartup(TenjinStartup.java:62)\n\tat com.tenjin.android.TenjinSDK$2.run(TenjinSDK.java:919)\n\tat android.os.Handler.handleCallback(Handler.java:958)\n\tat android.os.Handler.dispatchMessage(Handler.java:99)\n\tat android.os.Looper.loopOnce(Looper.java:255)\n\tat android.os.Looper.loop(Looper.java:364)\n\tat android.os.HandlerThread.run(HandlerThread.java:67)\n",
    "is_privacy": false
},
{
    "type": "log",
    "source": "class",
    "method": "access$1700",
    "package_name": "com.amelosinteractive.snake",
    "class_name": "com.tenjin.android.TenjinSDK",
    "timestamp": 1728462849712,
    "ref": "<class: com.tenjin.android.TenjinSDK>",
    "arguments": "{\"0\":\"<instance: com.tenjin.android.TenjinSDK>\"}",
    "stack_trace": "java.lang.Exception\n\tat com.tenjin.android.TenjinSDK.access$1700(Native Method)\n\tat com.tenjin.android.TenjinSDK$AsyncConnect.doInBackground(TenjinSDK.java:946)\n\tat com.tenjin.android.TenjinSDK$AsyncConnect.doInBackground(TenjinSDK.java:930)\n\tat android.os.AsyncTask$3.call(AsyncTask.java:394)\n\tat java.util.concurrent.FutureTask.run(FutureTask.java:290)\n\tat java.util.concurrent.ThreadPoolExecutor.runWorker(ThreadPoolExecutor.java:1145)\n\tat java.util.concurrent.ThreadPoolExecutor$Worker.run(ThreadPoolExecutor.java:644)\n\tat java.lang.Thread.run(Thread.java:1012)\n",
    "is_privacy": false
},
{
    "type": "log",
    "source": "class",
    "method": "getParams",
    "package_name": "com.amelosinteractive.snake",
    "class_name": "com.tenjin.android.TenjinSDK",
    "timestamp": 1728462849715,
    "ref": "com.tenjin.android.TenjinSDK@76eb024",
    "arguments": "{}",
    "stack_trace": "java.lang.Exception\n\tat com.tenjin.android.TenjinSDK.getParams(Native Method)\n\tat com.tenjin.android.TenjinSDK.access$1700(TenjinSDK.java:120)\n\tat com.tenjin.android.TenjinSDK.access$1700(Native Method)\n\tat com.tenjin.android.TenjinSDK$AsyncConnect.doInBackground(TenjinSDK.java:946)\n\tat com.tenjin.android.TenjinSDK$AsyncConnect.doInBackground(TenjinSDK.java:930)\n\tat android.os.AsyncTask$3.call(AsyncTask.java:394)\n\tat java.util.concurrent.FutureTask.run(FutureTask.java:290)\n\tat java.util.concurrent.ThreadPoolExecutor.runWorker(ThreadPoolExecutor.java:1145)\n\tat java.util.concurrent.ThreadPoolExecutor$Worker.run(ThreadPoolExecutor.java:644)\n\tat java.lang.Thread.run(Thread.java:1012)\n",
    "is_privacy": false
},
{
    "type": "log",
    "source": "class",
    "method": "getParams",
    "package_name": "com.amelosinteractive.snake",
    "class_name": "com.tenjin.android.TenjinSDK",
    "timestamp": 1728462849718,
    "ref": "com.tenjin.android.TenjinSDK@76eb024",
    "arguments": "{\"0\":\"<instance: java.util.Map, $className: java.util.HashMap>\"}",
    "stack_trace": "java.lang.Exception\n\tat com.tenjin.android.TenjinSDK.getParams(Native Method)\n\tat com.tenjin.android.TenjinSDK.getParams(TenjinSDK.java:1037)\n\tat com.tenjin.android.TenjinSDK.getParams(Native Method)\n\tat com.tenjin.android.TenjinSDK.access$1700(TenjinSDK.java:120)\n\tat com.tenjin.android.TenjinSDK.access$1700(Native Method)\n\tat com.tenjin.android.TenjinSDK$AsyncConnect.doInBackground(TenjinSDK.java:946)\n\tat com.tenjin.android.TenjinSDK$AsyncConnect.doInBackground(TenjinSDK.java:930)\n\tat android.os.AsyncTask$3.call(AsyncTask.java:394)\n\tat java.util.concurrent.FutureTask.run(FutureTask.java:290)\n\tat java.util.concurrent.ThreadPoolExecutor.runWorker(ThreadPoolExecutor.java:1145)\n\tat java.util.concurrent.ThreadPoolExecutor$Worker.run(ThreadPoolExecutor.java:644)\n\tat java.lang.Thread.run(Thread.java:1012)\n",
    "is_privacy": false
},
{
    "type": "log",
    "source": "class",
    "method": "applyTrackingParams",
    "package_name": "com.amelosinteractive.snake",
    "class_name": "com.tenjin.android.TenjinSDK",
    "timestamp": 1728462849721,
    "ref": "com.tenjin.android.TenjinSDK@76eb024",
    "arguments": "{\"0\":\"<instance: java.util.Map, $className: java.util.HashMap>\"}",
    "stack_trace": "java.lang.Exception\n\tat com.tenjin.android.TenjinSDK.applyTrackingParams(Native Method)\n\tat com.tenjin.android.TenjinSDK.getParams(TenjinSDK.java:1042)\n\tat com.tenjin.android.TenjinSDK.getParams(Native Method)\n\tat com.tenjin.android.TenjinSDK.getParams(TenjinSDK.java:1037)\n\tat com.tenjin.android.TenjinSDK.getParams(Native Method)\n\tat com.tenjin.android.TenjinSDK.access$1700(TenjinSDK.java:120)\n\tat com.tenjin.android.TenjinSDK.access$1700(Native Method)\n\tat com.tenjin.android.TenjinSDK$AsyncConnect.doInBackground(TenjinSDK.java:946)\n\tat com.tenjin.android.TenjinSDK$AsyncConnect.doInBackground(TenjinSDK.java:930)\n\tat android.os.AsyncTask$3.call(AsyncTask.java:394)\n\tat java.util.concurrent.FutureTask.run(FutureTask.java:290)\n\tat java.util.concurrent.ThreadPoolExecutor.runWorker(ThreadPoolExecutor.java:1145)\n\tat java.util.concurrent.ThreadPoolExecutor$Worker.run(ThreadPoolExecutor.java:644)\n\tat java.lang.Thread.run(Thread.java:1012)\n",
    "is_privacy": false
},
{
    "type": "log",
    "source": "class",
    "method": "getAppStore",
    "package_name": "com.amelosinteractive.snake",
    "class_name": "com.tenjin.android.TenjinSDK",
    "timestamp": 1728462849728,
    "ref": "<class: com.tenjin.android.TenjinSDK>",
    "arguments": "{}",
    "stack_trace": "java.lang.Exception\n\tat com.tenjin.android.TenjinSDK.getAppStore(Native Method)\n\tat com.tenjin.android.utils.SourceAppStoreLoader.<init>(SourceAppStoreLoader.java:29)\n\tat com.tenjin.android.params.AndroidParams.getSourceAppStore(AndroidParams.java:97)\n\tat com.tenjin.android.params.AndroidParams.apply(AndroidParams.java:73)\n\tat com.tenjin.android.TenjinSDK.applyTrackingParams(TenjinSDK.java:1064)\n\tat com.tenjin.android.TenjinSDK.applyTrackingParams(Native Method)\n\tat com.tenjin.android.TenjinSDK.getParams(TenjinSDK.java:1042)\n\tat com.tenjin.android.TenjinSDK.getParams(Native Method)\n\tat com.tenjin.android.TenjinSDK.getParams(TenjinSDK.java:1037)\n\tat com.tenjin.android.TenjinSDK.getParams(Native Method)\n\tat com.tenjin.android.TenjinSDK.access$1700(TenjinSDK.java:120)\n\tat com.tenjin.android.TenjinSDK.access$1700(Native Method)\n\tat com.tenjin.android.TenjinSDK$AsyncConnect.doInBackground(TenjinSDK.java:946)\n\tat com.tenjin.android.TenjinSDK$AsyncConnect.doInBackground(TenjinSDK.java:930)\n\tat android.os.AsyncTask$3.call(AsyncTask.java:394)\n\tat java.util.concurrent.FutureTask.run(FutureTask.java:290)\n\tat java.util.concurrent.ThreadPoolExecutor.runWorker(ThreadPoolExecutor.java:1145)\n\tat java.util.concurrent.ThreadPoolExecutor$Worker.run(ThreadPoolExecutor.java:644)\n\tat java.lang.Thread.run(Thread.java:1012)\n",
    "is_privacy": false
},
{
    "type": "log",
    "source": "class",
    "method": "addEphemeralDataToParams",
    "package_name": "com.amelosinteractive.snake",
    "class_name": "com.tenjin.android.TenjinSDK",
    "timestamp": 1728462849739,
    "ref": "com.tenjin.android.TenjinSDK@76eb024",
    "arguments": "{\"0\":\"<instance: java.util.Map, $className: java.util.HashMap>\"}",
    "stack_trace": "java.lang.Exception\n\tat com.tenjin.android.TenjinSDK.addEphemeralDataToParams(Native Method)\n\tat com.tenjin.android.TenjinSDK.getParams(TenjinSDK.java:1043)\n\tat com.tenjin.android.TenjinSDK.getParams(Native Method)\n\tat com.tenjin.android.TenjinSDK.getParams(TenjinSDK.java:1037)\n\tat com.tenjin.android.TenjinSDK.getParams(Native Method)\n\tat com.tenjin.android.TenjinSDK.access$1700(TenjinSDK.java:120)\n\tat com.tenjin.android.TenjinSDK.access$1700(Native Method)\n\tat com.tenjin.android.TenjinSDK$AsyncConnect.doInBackground(TenjinSDK.java:946)\n\tat com.tenjin.android.TenjinSDK$AsyncConnect.doInBackground(TenjinSDK.java:930)\n\tat android.os.AsyncTask$3.call(AsyncTask.java:394)\n\tat java.util.concurrent.FutureTask.run(FutureTask.java:290)\n\tat java.util.concurrent.ThreadPoolExecutor.runWorker(ThreadPoolExecutor.java:1145)\n\tat java.util.concurrent.ThreadPoolExecutor$Worker.run(ThreadPoolExecutor.java:644)\n\tat java.lang.Thread.run(Thread.java:1012)\n",
    "is_privacy": false
},
{
    "type": "log",
    "source": "class",
    "method": "addAppSubversionToParams",
    "package_name": "com.amelosinteractive.snake",
    "class_name": "com.tenjin.android.TenjinSDK",
    "timestamp": 1728462849741,
    "ref": "com.tenjin.android.TenjinSDK@76eb024",
    "arguments": "{\"0\":\"<instance: java.util.Map, $className: java.util.HashMap>\"}",
    "stack_trace": "java.lang.Exception\n\tat com.tenjin.android.TenjinSDK.addAppSubversionToParams(Native Method)\n\tat com.tenjin.android.TenjinSDK.getParams(TenjinSDK.java:1044)\n\tat com.tenjin.android.TenjinSDK.getParams(Native Method)\n\tat com.tenjin.android.TenjinSDK.getParams(TenjinSDK.java:1037)\n\tat com.tenjin.android.TenjinSDK.getParams(Native Method)\n\tat com.tenjin.android.TenjinSDK.access$1700(TenjinSDK.java:120)\n\tat com.tenjin.android.TenjinSDK.access$1700(Native Method)\n\tat com.tenjin.android.TenjinSDK$AsyncConnect.doInBackground(TenjinSDK.java:946)\n\tat com.tenjin.android.TenjinSDK$AsyncConnect.doInBackground(TenjinSDK.java:930)\n\tat android.os.AsyncTask$3.call(AsyncTask.java:394)\n\tat java.util.concurrent.FutureTask.run(FutureTask.java:290)\n\tat java.util.concurrent.ThreadPoolExecutor.runWorker(ThreadPoolExecutor.java:1145)\n\tat java.util.concurrent.ThreadPoolExecutor$Worker.run(ThreadPoolExecutor.java:644)\n\tat java.lang.Thread.run(Thread.java:1012)\n",
    "is_privacy": false
},
{
    "type": "log",
    "source": "class",
    "method": "addDeeplinkToParams",
    "package_name": "com.amelosinteractive.snake",
    "class_name": "com.tenjin.android.TenjinSDK",
    "timestamp": 1728462849744,
    "ref": "com.tenjin.android.TenjinSDK@76eb024",
    "arguments": "{\"0\":\"<instance: java.util.Map, $className: java.util.HashMap>\"}",
    "stack_trace": "java.lang.Exception\n\tat com.tenjin.android.TenjinSDK.addDeeplinkToParams(Native Method)\n\tat com.tenjin.android.TenjinSDK.getParams(TenjinSDK.java:1045)\n\tat com.tenjin.android.TenjinSDK.getParams(Native Method)\n\tat com.tenjin.android.TenjinSDK.getParams(TenjinSDK.java:1037)\n\tat com.tenjin.android.TenjinSDK.getParams(Native Method)\n\tat com.tenjin.android.TenjinSDK.access$1700(TenjinSDK.java:120)\n\tat com.tenjin.android.TenjinSDK.access$1700(Native Method)\n\tat com.tenjin.android.TenjinSDK$AsyncConnect.doInBackground(TenjinSDK.java:946)\n\tat com.tenjin.android.TenjinSDK$AsyncConnect.doInBackground(TenjinSDK.java:930)\n\tat android.os.AsyncTask$3.call(AsyncTask.java:394)\n\tat java.util.concurrent.FutureTask.run(FutureTask.java:290)\n\tat java.util.concurrent.ThreadPoolExecutor.runWorker(ThreadPoolExecutor.java:1145)\n\tat java.util.concurrent.ThreadPoolExecutor$Worker.run(ThreadPoolExecutor.java:644)\n\tat java.lang.Thread.run(Thread.java:1012)\n",
    "is_privacy": false
},
{
    "type": "log",
    "source": "class",
    "method": "addCustomerUserIdToParams",
    "package_name": "com.amelosinteractive.snake",
    "class_name": "com.tenjin.android.TenjinSDK",
    "timestamp": 1728462849746,
    "ref": "com.tenjin.android.TenjinSDK@76eb024",
    "arguments": "{\"0\":\"<instance: java.util.Map, $className: java.util.HashMap>\"}",
    "stack_trace": "java.lang.Exception\n\tat com.tenjin.android.TenjinSDK.addCustomerUserIdToParams(Native Method)\n\tat com.tenjin.android.TenjinSDK.getParams(TenjinSDK.java:1046)\n\tat com.tenjin.android.TenjinSDK.getParams(Native Method)\n\tat com.tenjin.android.TenjinSDK.getParams(TenjinSDK.java:1037)\n\tat com.tenjin.android.TenjinSDK.getParams(Native Method)\n\tat com.tenjin.android.TenjinSDK.access$1700(TenjinSDK.java:120)\n\tat com.tenjin.android.TenjinSDK.access$1700(Native Method)\n\tat com.tenjin.android.TenjinSDK$AsyncConnect.doInBackground(TenjinSDK.java:946)\n\tat com.tenjin.android.TenjinSDK$AsyncConnect.doInBackground(TenjinSDK.java:930)\n\tat android.os.AsyncTask$3.call(AsyncTask.java:394)\n\tat java.util.concurrent.FutureTask.run(FutureTask.java:290)\n\tat java.util.concurrent.ThreadPoolExecutor.runWorker(ThreadPoolExecutor.java:1145)\n\tat java.util.concurrent.ThreadPoolExecutor$Worker.run(ThreadPoolExecutor.java:644)\n\tat java.lang.Thread.run(Thread.java:1012)\n",
    "is_privacy": false
},
{
    "type": "log",
    "source": "class",
    "method": "getCustomerUserId",
    "package_name": "com.amelosinteractive.snake",
    "class_name": "com.tenjin.android.TenjinSDK",
    "timestamp": 1728462849748,
    "ref": "com.tenjin.android.TenjinSDK@76eb024",
    "arguments": "{}",
    "stack_trace": "java.lang.Exception\n\tat com.tenjin.android.TenjinSDK.getCustomerUserId(Native Method)\n\tat com.tenjin.android.TenjinSDK.addCustomerUserIdToParams(TenjinSDK.java:1090)\n\tat com.tenjin.android.TenjinSDK.addCustomerUserIdToParams(Native Method)\n\tat com.tenjin.android.TenjinSDK.getParams(TenjinSDK.java:1046)\n\tat com.tenjin.android.TenjinSDK.getParams(Native Method)\n\tat com.tenjin.android.TenjinSDK.getParams(TenjinSDK.java:1037)\n\tat com.tenjin.android.TenjinSDK.getParams(Native Method)\n\tat com.tenjin.android.TenjinSDK.access$1700(TenjinSDK.java:120)\n\tat com.tenjin.android.TenjinSDK.access$1700(Native Method)\n\tat com.tenjin.android.TenjinSDK$AsyncConnect.doInBackground(TenjinSDK.java:946)\n\tat com.tenjin.android.TenjinSDK$AsyncConnect.doInBackground(TenjinSDK.java:930)\n\tat android.os.AsyncTask$3.call(AsyncTask.java:394)\n\tat java.util.concurrent.FutureTask.run(FutureTask.java:290)\n\tat java.util.concurrent.ThreadPoolExecutor.runWorker(ThreadPoolExecutor.java:1145)\n\tat java.util.concurrent.ThreadPoolExecutor$Worker.run(ThreadPoolExecutor.java:644)\n\tat java.lang.Thread.run(Thread.java:1012)\n",
    "is_privacy": false
},
{
    "type": "log",
    "source": "class",
    "method": "addRetryEnabledToParams",
    "package_name": "com.amelosinteractive.snake",
    "class_name": "com.tenjin.android.TenjinSDK",
    "timestamp": 1728462849751,
    "ref": "com.tenjin.android.TenjinSDK@76eb024",
    "arguments": "{\"0\":\"<instance: java.util.Map, $className: java.util.HashMap>\"}",
    "stack_trace": "java.lang.Exception\n\tat com.tenjin.android.TenjinSDK.addRetryEnabledToParams(Native Method)\n\tat com.tenjin.android.TenjinSDK.getParams(TenjinSDK.java:1047)\n\tat com.tenjin.android.TenjinSDK.getParams(Native Method)\n\tat com.tenjin.android.TenjinSDK.getParams(TenjinSDK.java:1037)\n\tat com.tenjin.android.TenjinSDK.getParams(Native Method)\n\tat com.tenjin.android.TenjinSDK.access$1700(TenjinSDK.java:120)\n\tat com.tenjin.android.TenjinSDK.access$1700(Native Method)\n\tat com.tenjin.android.TenjinSDK$AsyncConnect.doInBackground(TenjinSDK.java:946)\n\tat com.tenjin.android.TenjinSDK$AsyncConnect.doInBackground(TenjinSDK.java:930)\n\tat android.os.AsyncTask$3.call(AsyncTask.java:394)\n\tat java.util.concurrent.FutureTask.run(FutureTask.java:290)\n\tat java.util.concurrent.ThreadPoolExecutor.runWorker(ThreadPoolExecutor.java:1145)\n\tat java.util.concurrent.ThreadPoolExecutor$Worker.run(ThreadPoolExecutor.java:644)\n\tat java.lang.Thread.run(Thread.java:1012)\n",
    "is_privacy": false
},
{
    "type": "log",
    "source": "class",
    "method": "addSignatureToParams",
    "package_name": "com.amelosinteractive.snake",
    "class_name": "com.tenjin.android.TenjinSDK",
    "timestamp": 1728462849755,
    "ref": "com.tenjin.android.TenjinSDK@76eb024",
    "arguments": "{\"0\":\"<instance: java.util.Map, $className: java.util.HashMap>\"}",
    "stack_trace": "java.lang.Exception\n\tat com.tenjin.android.TenjinSDK.addSignatureToParams(Native Method)\n\tat com.tenjin.android.TenjinSDK.getParams(TenjinSDK.java:1052)\n\tat com.tenjin.android.TenjinSDK.getParams(Native Method)\n\tat com.tenjin.android.TenjinSDK.getParams(TenjinSDK.java:1037)\n\tat com.tenjin.android.TenjinSDK.getParams(Native Method)\n\tat com.tenjin.android.TenjinSDK.access$1700(TenjinSDK.java:120)\n\tat com.tenjin.android.TenjinSDK.access$1700(Native Method)\n\tat com.tenjin.android.TenjinSDK$AsyncConnect.doInBackground(TenjinSDK.java:946)\n\tat com.tenjin.android.TenjinSDK$AsyncConnect.doInBackground(TenjinSDK.java:930)\n\tat android.os.AsyncTask$3.call(AsyncTask.java:394)\n\tat java.util.concurrent.FutureTask.run(FutureTask.java:290)\n\tat java.util.concurrent.ThreadPoolExecutor.runWorker(ThreadPoolExecutor.java:1145)\n\tat java.util.concurrent.ThreadPoolExecutor$Worker.run(ThreadPoolExecutor.java:644)\n\tat java.lang.Thread.run(Thread.java:1012)\n",
    "is_privacy": false
},
{
    "type": "log",
    "source": "class",
    "method": "addSandboxModeToParams",
    "package_name": "com.amelosinteractive.snake",
    "class_name": "com.tenjin.android.TenjinSDK",
    "timestamp": 1728462849758,
    "ref": "com.tenjin.android.TenjinSDK@76eb024",
    "arguments": "{\"0\":\"<instance: java.util.Map, $className: java.util.HashMap>\"}",
    "stack_trace": "java.lang.Exception\n\tat com.tenjin.android.TenjinSDK.addSandboxModeToParams(Native Method)\n\tat com.tenjin.android.TenjinSDK.getParams(TenjinSDK.java:1053)\n\tat com.tenjin.android.TenjinSDK.getParams(Native Method)\n\tat com.tenjin.android.TenjinSDK.getParams(TenjinSDK.java:1037)\n\tat com.tenjin.android.TenjinSDK.getParams(Native Method)\n\tat com.tenjin.android.TenjinSDK.access$1700(TenjinSDK.java:120)\n\tat com.tenjin.android.TenjinSDK.access$1700(Native Method)\n\tat com.tenjin.android.TenjinSDK$AsyncConnect.doInBackground(TenjinSDK.java:946)\n\tat com.tenjin.android.TenjinSDK$AsyncConnect.doInBackground(TenjinSDK.java:930)\n\tat android.os.AsyncTask$3.call(AsyncTask.java:394)\n\tat java.util.concurrent.FutureTask.run(FutureTask.java:290)\n\tat java.util.concurrent.ThreadPoolExecutor.runWorker(ThreadPoolExecutor.java:1145)\n\tat java.util.concurrent.ThreadPoolExecutor$Worker.run(ThreadPoolExecutor.java:644)\n\tat java.lang.Thread.run(Thread.java:1012)\n",
    "is_privacy": false
},
{
    "type": "log",
    "source": "class",
    "method": "getInstance",
    "package_name": "com.amelosinteractive.snake",
    "class_name": "com.google.firebase.analytics.FirebaseAnalytics",
    "timestamp": 1728462850119,
    "ref": "<class: com.google.firebase.analytics.FirebaseAnalytics>",
    "arguments": "{\"0\":\"<instance: android.content.Context, $className: com.kooapps.unity.CustomUnityPlayerActivity>\"}",
    "stack_trace": "java.lang.Exception\n\tat com.google.firebase.analytics.FirebaseAnalytics.getInstance(Native Method)\n",
    "is_privacy": false
},
{
    "type": "log",
    "source": "class",
    "method": "getInstance",
    "package_name": "com.amelosinteractive.snake",
    "class_name": "com.google.firebase.analytics.FirebaseAnalytics",
    "timestamp": 1728462850160,
    "ref": "<class: com.google.firebase.analytics.FirebaseAnalytics>",
    "arguments": "{\"0\":\"<instance: android.content.Context, $className: com.kooapps.unity.CustomUnityPlayerActivity>\"}",
    "stack_trace": "java.lang.Exception\n\tat com.google.firebase.analytics.FirebaseAnalytics.getInstance(Native Method)\n",
    "is_privacy": false
},
{
    "type": "log",
    "source": "class",
    "method": "setAnalyticsCollectionEnabled",
    "package_name": "com.amelosinteractive.snake",
    "class_name": "com.google.firebase.analytics.FirebaseAnalytics",
    "timestamp": 1728462850200,
    "ref": "com.google.firebase.analytics.FirebaseAnalytics@7a5b267",
    "arguments": "{\"0\":true}",
    "stack_trace": "java.lang.Exception\n\tat com.google.firebase.analytics.FirebaseAnalytics.setAnalyticsCollectionEnabled(Native Method)\n",
    "is_privacy": false
},
{
    "type": "log",
    "source": "class",
    "method": "getInstance",
    "package_name": "com.amelosinteractive.snake",
    "class_name": "com.google.firebase.analytics.FirebaseAnalytics",
    "timestamp": 1728462850207,
    "ref": "<class: com.google.firebase.analytics.FirebaseAnalytics>",
    "arguments": "{\"0\":\"<instance: android.content.Context, $className: com.kooapps.unity.UnityApplication>\"}",
    "stack_trace": "java.lang.Exception\n\tat com.google.firebase.analytics.FirebaseAnalytics.getInstance(Native Method)\n\tat java.lang.reflect.Method.invoke(Native Method)\n\tat m.oh.f(:com.google.android.gms.dynamite_measurementdynamite@240714038@24.07.14 (190400-0):63)\n\tat m.mu.X(:com.google.android.gms.dynamite_measurementdynamite@240714038@24.07.14 (190400-0):132)\n\tat m.mu.T(:com.google.android.gms.dynamite_measurementdynamite@240714038@24.07.14 (190400-0):85)\n\tat m.mo.run(:com.google.android.gms.dynamite_measurementdynamite@240714038@24.07.14 (190400-0):6)\n\tat java.util.concurrent.Executors$RunnableAdapter.call(Executors.java:487)\n\tat java.util.concurrent.FutureTask.run(FutureTask.java:290)\n\tat m.kt.run(:com.google.android.gms.dynamite_measurementdynamite@240714038@24.07.14 (190400-0):48)\n",
    "is_privacy": false
},
{
    "type": "log",
    "source": "class",
    "method": "setUserId",
    "package_name": "com.amelosinteractive.snake",
    "class_name": "com.google.firebase.analytics.FirebaseAnalytics",
    "timestamp": 1728462850210,
    "ref": "com.google.firebase.analytics.FirebaseAnalytics@7a5b267",
    "arguments": "{\"0\":\"a68d925bc5a8a9f6\"}",
    "stack_trace": "java.lang.Exception\n\tat com.google.firebase.analytics.FirebaseAnalytics.setUserId(Native Method)\n",
    "is_privacy": false
},
{
    "type": "log",
    "source": "class",
    "method": "getFirebaseInstanceId",
    "package_name": "com.amelosinteractive.snake",
    "class_name": "com.google.firebase.analytics.FirebaseAnalytics",
    "timestamp": 1728462850211,
    "ref": "com.google.firebase.analytics.FirebaseAnalytics@7a5b267",
    "arguments": "{}",
    "stack_trace": "java.lang.Exception\n\tat com.google.firebase.analytics.FirebaseAnalytics.getFirebaseInstanceId(Native Method)\n\tat java.lang.reflect.Method.invoke(Native Method)\n\tat m.oh.f(:com.google.android.gms.dynamite_measurementdynamite@240714038@24.07.14 (190400-0):65)\n\tat m.mu.X(:com.google.android.gms.dynamite_measurementdynamite@240714038@24.07.14 (190400-0):132)\n\tat m.mu.T(:com.google.android.gms.dynamite_measurementdynamite@240714038@24.07.14 (190400-0):85)\n\tat m.mo.run(:com.google.android.gms.dynamite_measurementdynamite@240714038@24.07.14 (190400-0):6)\n\tat java.util.concurrent.Executors$RunnableAdapter.call(Executors.java:487)\n\tat java.util.concurrent.FutureTask.run(FutureTask.java:290)\n\tat m.kt.run(:com.google.android.gms.dynamite_measurementdynamite@240714038@24.07.14 (190400-0):48)\n",
    "is_privacy": false
},
{
    "type": "log",
    "source": "class",
    "method": "setUserProperty",
    "package_name": "com.amelosinteractive.snake",
    "class_name": "com.google.firebase.analytics.FirebaseAnalytics",
    "timestamp": 1728462850215,
    "ref": "com.google.firebase.analytics.FirebaseAnalytics@7a5b267",
    "arguments": "{\"0\":\"FlightDimension\",\"1\":\"0\"}",
    "stack_trace": "java.lang.Exception\n\tat com.google.firebase.analytics.FirebaseAnalytics.setUserProperty(Native Method)\n",
    "is_privacy": true
},
{
    "type": "log",
    "source": "class",
    "method": "setUserProperty",
    "package_name": "com.amelosinteractive.snake",
    "class_name": "com.google.firebase.analytics.FirebaseAnalytics",
    "timestamp": 1728462850217,
    "ref": "com.google.firebase.analytics.FirebaseAnalytics@7a5b267",
    "arguments": "{\"0\":\"Last_IsNoAdsUser\",\"1\":\"False\"}",
    "stack_trace": "java.lang.Exception\n\tat com.google.firebase.analytics.FirebaseAnalytics.setUserProperty(Native Method)\n",
    "is_privacy": true
},
{
    "type": "log",
    "source": "class",
    "method": "setUserProperty",
    "package_name": "com.amelosinteractive.snake",
    "class_name": "com.google.firebase.analytics.FirebaseAnalytics",
    "timestamp": 1728462850219,
    "ref": "com.google.firebase.analytics.FirebaseAnalytics@7a5b267",
    "arguments": "{\"0\":\"has_no_ads\",\"1\":\"False\"}",
    "stack_trace": "java.lang.Exception\n\tat com.google.firebase.analytics.FirebaseAnalytics.setUserProperty(Native Method)\n",
    "is_privacy": true
},
{
    "type": "log",
    "source": "class",
    "method": "setUserProperty",
    "package_name": "com.amelosinteractive.snake",
    "class_name": "com.google.firebase.analytics.FirebaseAnalytics",
    "timestamp": 1728462850221,
    "ref": "com.google.firebase.analytics.FirebaseAnalytics@7a5b267",
    "arguments": "{\"0\":\"has_no_ads_legacy\",\"1\":\"False\"}",
    "stack_trace": "java.lang.Exception\n\tat com.google.firebase.analytics.FirebaseAnalytics.setUserProperty(Native Method)\n",
    "is_privacy": true
},
{
    "type": "log",
    "source": "class",
    "method": "setUserProperty",
    "package_name": "com.amelosinteractive.snake",
    "class_name": "com.google.firebase.analytics.FirebaseAnalytics",
    "timestamp": 1728462850222,
    "ref": "com.google.firebase.analytics.FirebaseAnalytics@7a5b267",
    "arguments": "{\"0\":\"Last_ForcePlayDidAppear\",\"1\":\"0\"}",
    "stack_trace": "java.lang.Exception\n\tat com.google.firebase.analytics.FirebaseAnalytics.setUserProperty(Native Method)\n",
    "is_privacy": true
},
{
    "type": "log",
    "source": "class",
    "method": "setUserProperty",
    "package_name": "com.amelosinteractive.snake",
    "class_name": "com.google.firebase.analytics.FirebaseAnalytics",
    "timestamp": 1728462850223,
    "ref": "com.google.firebase.analytics.FirebaseAnalytics@7a5b267",
    "arguments": "{\"0\":\"Last_EventGamePlayed\",\"1\":\"0\"}",
    "stack_trace": "java.lang.Exception\n\tat com.google.firebase.analytics.FirebaseAnalytics.setUserProperty(Native Method)\n",
    "is_privacy": true
},
{
    "type": "log",
    "source": "class",
    "method": "setUserProperty",
    "package_name": "com.amelosinteractive.snake",
    "class_name": "com.google.firebase.analytics.FirebaseAnalytics",
    "timestamp": 1728462850225,
    "ref": "com.google.firebase.analytics.FirebaseAnalytics@7a5b267",
    "arguments": "{\"0\":\"DayOfPlayingDimension\",\"1\":\"1\"}",
    "stack_trace": "java.lang.Exception\n\tat com.google.firebase.analytics.FirebaseAnalytics.setUserProperty(Native Method)\n",
    "is_privacy": true
},
{
    "type": "log",
    "source": "class",
    "method": "setUserProperty",
    "package_name": "com.amelosinteractive.snake",
    "class_name": "com.google.firebase.analytics.FirebaseAnalytics",
    "timestamp": 1728462850226,
    "ref": "com.google.firebase.analytics.FirebaseAnalytics@7a5b267",
    "arguments": "{\"0\":\"BoostPreference\",\"1\":\"MoreMass\"}",
    "stack_trace": "java.lang.Exception\n\tat com.google.firebase.analytics.FirebaseAnalytics.setUserProperty(Native Method)\n",
    "is_privacy": true
},
{
    "type": "log",
    "source": "class",
    "method": "setUserProperty",
    "package_name": "com.amelosinteractive.snake",
    "class_name": "com.google.firebase.analytics.FirebaseAnalytics",
    "timestamp": 1728462850228,
    "ref": "com.google.firebase.analytics.FirebaseAnalytics@7a5b267",
    "arguments": "{\"0\":\"Last_HasUnlockedBaseSkin\",\"1\":\"False\"}",
    "stack_trace": "java.lang.Exception\n\tat com.google.firebase.analytics.FirebaseAnalytics.setUserProperty(Native Method)\n",
    "is_privacy": true
},
{
    "type": "log",
    "source": "class",
    "method": "getInstance",
    "package_name": "com.amelosinteractive.snake",
    "class_name": "com.google.firebase.analytics.FirebaseAnalytics",
    "timestamp": 1728462850236,
    "ref": "<class: com.google.firebase.analytics.FirebaseAnalytics>",
    "arguments": "{\"0\":\"<instance: android.content.Context, $className: com.kooapps.unity.UnityApplication>\"}",
    "stack_trace": "java.lang.Exception\n\tat com.google.firebase.analytics.FirebaseAnalytics.getInstance(Native Method)\n\tat java.lang.reflect.Method.invoke(Native Method)\n\tat m.oh.f(:com.google.android.gms.dynamite_measurementdynamite@240714038@24.07.14 (190400-0):63)\n\tat m.mu.W(:com.google.android.gms.dynamite_measurementdynamite@240714038@24.07.14 (190400-0):206)\n\tat m.ma.run(:com.google.android.gms.dynamite_measurementdynamite@240714038@24.07.14 (190400-0):11)\n\tat java.util.concurrent.Executors$RunnableAdapter.call(Executors.java:487)\n\tat java.util.concurrent.FutureTask.run(FutureTask.java:290)\n\tat m.kt.run(:com.google.android.gms.dynamite_measurementdynamite@240714038@24.07.14 (190400-0):48)\n",
    "is_privacy": false
},
{
    "type": "log",
    "source": "class",
    "method": "getFirebaseInstanceId",
    "package_name": "com.amelosinteractive.snake",
    "class_name": "com.google.firebase.analytics.FirebaseAnalytics",
    "timestamp": 1728462850237,
    "ref": "com.google.firebase.analytics.FirebaseAnalytics@7a5b267",
    "arguments": "{}",
    "stack_trace": "java.lang.Exception\n\tat com.google.firebase.analytics.FirebaseAnalytics.getFirebaseInstanceId(Native Method)\n\tat java.lang.reflect.Method.invoke(Native Method)\n\tat m.oh.f(:com.google.android.gms.dynamite_measurementdynamite@240714038@24.07.14 (190400-0):65)\n\tat m.mu.W(:com.google.android.gms.dynamite_measurementdynamite@240714038@24.07.14 (190400-0):206)\n\tat m.ma.run(:com.google.android.gms.dynamite_measurementdynamite@240714038@24.07.14 (190400-0):11)\n\tat java.util.concurrent.Executors$RunnableAdapter.call(Executors.java:487)\n\tat java.util.concurrent.FutureTask.run(FutureTask.java:290)\n\tat m.kt.run(:com.google.android.gms.dynamite_measurementdynamite@240714038@24.07.14 (190400-0):48)\n",
    "is_privacy": false
},
{
    "type": "log",
    "source": "class",
    "method": "logEvent",
    "package_name": "com.amelosinteractive.snake",
    "class_name": "com.google.firebase.analytics.FirebaseAnalytics",
    "timestamp": 1728462850245,
    "ref": "com.google.firebase.analytics.FirebaseAnalytics@7a5b267",
    "arguments": "{\"0\":\"Show_Screen\",\"1\":\"<instance: android.os.Bundle>\"}",
    "stack_trace": "java.lang.Exception\n\tat com.google.firebase.analytics.FirebaseAnalytics.logEvent(Native Method)\n\tat com.unity3d.player.UnityPlayer.nativeRender(Native Method)\n\tat com.unity3d.player.UnityPlayer.-$$Nest$mnativeRender(Unknown Source:0)\n\tat com.unity3d.player.UnityPlayer$F$a.handleMessage(Unknown Source:122)\n\tat android.os.Handler.dispatchMessage(Handler.java:102)\n\tat android.os.Looper.loopOnce(Looper.java:255)\n\tat android.os.Looper.loop(Looper.java:364)\n\tat com.unity3d.player.UnityPlayer$F.run(Unknown Source:24)\n",
    "is_privacy": false
},
{
    "type": "log",
    "source": "class",
    "method": "logEvent",
    "package_name": "com.amelosinteractive.snake",
    "class_name": "com.google.firebase.analytics.FirebaseAnalytics",
    "timestamp": 1728462850249,
    "ref": "com.google.firebase.analytics.FirebaseAnalytics@7a5b267",
    "arguments": "{\"0\":\"App_Launch\",\"1\":\"<instance: android.os.Bundle>\"}",
    "stack_trace": "java.lang.Exception\n\tat com.google.firebase.analytics.FirebaseAnalytics.logEvent(Native Method)\n\tat com.unity3d.player.UnityPlayer.nativeRender(Native Method)\n\tat com.unity3d.player.UnityPlayer.-$$Nest$mnativeRender(Unknown Source:0)\n\tat com.unity3d.player.UnityPlayer$F$a.handleMessage(Unknown Source:122)\n\tat android.os.Handler.dispatchMessage(Handler.java:102)\n\tat android.os.Looper.loopOnce(Looper.java:255)\n\tat android.os.Looper.loop(Looper.java:364)\n\tat com.unity3d.player.UnityPlayer$F.run(Unknown Source:24)\n",
    "is_privacy": false
},
{
    "type": "log",
    "source": "class",
    "method": "logEvent",
    "package_name": "com.amelosinteractive.snake",
    "class_name": "com.google.firebase.analytics.FirebaseAnalytics",
    "timestamp": 1728462850252,
    "ref": "com.google.firebase.analytics.FirebaseAnalytics@7a5b267",
    "arguments": "{\"0\":\"First_Launch\",\"1\":\"<instance: android.os.Bundle>\"}",
    "stack_trace": "java.lang.Exception\n\tat com.google.firebase.analytics.FirebaseAnalytics.logEvent(Native Method)\n\tat com.unity3d.player.UnityPlayer.nativeRender(Native Method)\n\tat com.unity3d.player.UnityPlayer.-$$Nest$mnativeRender(Unknown Source:0)\n\tat com.unity3d.player.UnityPlayer$F$a.handleMessage(Unknown Source:122)\n\tat android.os.Handler.dispatchMessage(Handler.java:102)\n\tat android.os.Looper.loopOnce(Looper.java:255)\n\tat android.os.Looper.loop(Looper.java:364)\n\tat com.unity3d.player.UnityPlayer$F.run(Unknown Source:24)\n",
    "is_privacy": false
},
{
    "type": "log",
    "source": "class",
    "method": "logEvent",
    "package_name": "com.amelosinteractive.snake",
    "class_name": "com.google.firebase.analytics.FirebaseAnalytics",
    "timestamp": 1728462850255,
    "ref": "com.google.firebase.analytics.FirebaseAnalytics@7a5b267",
    "arguments": "{\"0\":\"App_Launch\",\"1\":\"<instance: android.os.Bundle>\"}",
    "stack_trace": "java.lang.Exception\n\tat com.google.firebase.analytics.FirebaseAnalytics.logEvent(Native Method)\n\tat com.unity3d.player.UnityPlayer.nativeRender(Native Method)\n\tat com.unity3d.player.UnityPlayer.-$$Nest$mnativeRender(Unknown Source:0)\n\tat com.unity3d.player.UnityPlayer$F$a.handleMessage(Unknown Source:122)\n\tat android.os.Handler.dispatchMessage(Handler.java:102)\n\tat android.os.Looper.loopOnce(Looper.java:255)\n\tat android.os.Looper.loop(Looper.java:364)\n\tat com.unity3d.player.UnityPlayer$F.run(Unknown Source:24)\n",
    "is_privacy": false
},
{
    "type": "log",
    "source": "class",
    "method": "getInstance",
    "package_name": "com.amelosinteractive.snake",
    "class_name": "com.google.firebase.analytics.FirebaseAnalytics",
    "timestamp": 1728462850265,
    "ref": "<class: com.google.firebase.analytics.FirebaseAnalytics>",
    "arguments": "{\"0\":\"<instance: android.content.Context, $className: com.kooapps.unity.UnityApplication>\"}",
    "stack_trace": "java.lang.Exception\n\tat com.google.firebase.analytics.FirebaseAnalytics.getInstance(Native Method)\n\tat java.lang.reflect.Method.invoke(Native Method)\n\tat m.oh.f(:com.google.android.gms.dynamite_measurementdynamite@240714038@24.07.14 (190400-0):63)\n\tat m.mu.W(:com.google.android.gms.dynamite_measurementdynamite@240714038@24.07.14 (190400-0):206)\n\tat m.ma.run(:com.google.android.gms.dynamite_measurementdynamite@240714038@24.07.14 (190400-0):11)\n\tat java.util.concurrent.Executors$RunnableAdapter.call(Executors.java:487)\n\tat java.util.concurrent.FutureTask.run(FutureTask.java:290)\n\tat m.kt.run(:com.google.android.gms.dynamite_measurementdynamite@240714038@24.07.14 (190400-0):48)\n",
    "is_privacy": false
},
{
    "type": "log",
    "source": "class",
    "method": "getFirebaseInstanceId",
    "package_name": "com.amelosinteractive.snake",
    "class_name": "com.google.firebase.analytics.FirebaseAnalytics",
    "timestamp": 1728462850267,
    "ref": "com.google.firebase.analytics.FirebaseAnalytics@7a5b267",
    "arguments": "{}",
    "stack_trace": "java.lang.Exception\n\tat com.google.firebase.analytics.FirebaseAnalytics.getFirebaseInstanceId(Native Method)\n\tat java.lang.reflect.Method.invoke(Native Method)\n\tat m.oh.f(:com.google.android.gms.dynamite_measurementdynamite@240714038@24.07.14 (190400-0):65)\n\tat m.mu.W(:com.google.android.gms.dynamite_measurementdynamite@240714038@24.07.14 (190400-0):206)\n\tat m.ma.run(:com.google.android.gms.dynamite_measurementdynamite@240714038@24.07.14 (190400-0):11)\n\tat java.util.concurrent.Executors$RunnableAdapter.call(Executors.java:487)\n\tat java.util.concurrent.FutureTask.run(FutureTask.java:290)\n\tat m.kt.run(:com.google.android.gms.dynamite_measurementdynamite@240714038@24.07.14 (190400-0):48)\n",
    "is_privacy": false
},
{
    "type": "log",
    "source": "class",
    "method": "getInstance",
    "package_name": "com.amelosinteractive.snake",
    "class_name": "com.google.firebase.analytics.FirebaseAnalytics",
    "timestamp": 1728462850310,
    "ref": "<class: com.google.firebase.analytics.FirebaseAnalytics>",
    "arguments": "{\"0\":\"<instance: android.content.Context, $className: com.kooapps.unity.UnityApplication>\"}",
    "stack_trace": "java.lang.Exception\n\tat com.google.firebase.analytics.FirebaseAnalytics.getInstance(Native Method)\n\tat java.lang.reflect.Method.invoke(Native Method)\n\tat m.oh.f(:com.google.android.gms.dynamite_measurementdynamite@240714038@24.07.14 (190400-0):63)\n\tat m.mu.W(:com.google.android.gms.dynamite_measurementdynamite@240714038@24.07.14 (190400-0):206)\n\tat m.ma.run(:com.google.android.gms.dynamite_measurementdynamite@240714038@24.07.14 (190400-0):11)\n\tat java.util.concurrent.Executors$RunnableAdapter.call(Executors.java:487)\n\tat java.util.concurrent.FutureTask.run(FutureTask.java:290)\n\tat m.kt.run(:com.google.android.gms.dynamite_measurementdynamite@240714038@24.07.14 (190400-0):48)\n",
    "is_privacy": false
},
{
    "type": "log",
    "source": "class",
    "method": "getFirebaseInstanceId",
    "package_name": "com.amelosinteractive.snake",
    "class_name": "com.google.firebase.analytics.FirebaseAnalytics",
    "timestamp": 1728462850312,
    "ref": "com.google.firebase.analytics.FirebaseAnalytics@7a5b267",
    "arguments": "{}",
    "stack_trace": "java.lang.Exception\n\tat com.google.firebase.analytics.FirebaseAnalytics.getFirebaseInstanceId(Native Method)\n\tat java.lang.reflect.Method.invoke(Native Method)\n\tat m.oh.f(:com.google.android.gms.dynamite_measurementdynamite@240714038@24.07.14 (190400-0):65)\n\tat m.mu.W(:com.google.android.gms.dynamite_measurementdynamite@240714038@24.07.14 (190400-0):206)\n\tat m.ma.run(:com.google.android.gms.dynamite_measurementdynamite@240714038@24.07.14 (190400-0):11)\n\tat java.util.concurrent.Executors$RunnableAdapter.call(Executors.java:487)\n\tat java.util.concurrent.FutureTask.run(FutureTask.java:290)\n\tat m.kt.run(:com.google.android.gms.dynamite_measurementdynamite@240714038@24.07.14 (190400-0):48)\n",
    "is_privacy": false
},
{
    "type": "log",
    "source": "class",
    "method": "getInstance",
    "package_name": "com.amelosinteractive.snake",
    "class_name": "com.google.firebase.analytics.FirebaseAnalytics",
    "timestamp": 1728462850352,
    "ref": "<class: com.google.firebase.analytics.FirebaseAnalytics>",
    "arguments": "{\"0\":\"<instance: android.content.Context, $className: com.kooapps.unity.UnityApplication>\"}",
    "stack_trace": "java.lang.Exception\n\tat com.google.firebase.analytics.FirebaseAnalytics.getInstance(Native Method)\n\tat java.lang.reflect.Method.invoke(Native Method)\n\tat m.oh.f(:com.google.android.gms.dynamite_measurementdynamite@240714038@24.07.14 (190400-0):63)\n\tat m.mu.W(:com.google.android.gms.dynamite_measurementdynamite@240714038@24.07.14 (190400-0):206)\n\tat m.ma.run(:com.google.android.gms.dynamite_measurementdynamite@240714038@24.07.14 (190400-0):11)\n\tat java.util.concurrent.Executors$RunnableAdapter.call(Executors.java:487)\n\tat java.util.concurrent.FutureTask.run(FutureTask.java:290)\n\tat m.kt.run(:com.google.android.gms.dynamite_measurementdynamite@240714038@24.07.14 (190400-0):48)\n",
    "is_privacy": false
},
{
    "type": "log",
    "source": "class",
    "method": "getFirebaseInstanceId",
    "package_name": "com.amelosinteractive.snake",
    "class_name": "com.google.firebase.analytics.FirebaseAnalytics",
    "timestamp": 1728462850354,
    "ref": "com.google.firebase.analytics.FirebaseAnalytics@7a5b267",
    "arguments": "{}",
    "stack_trace": "java.lang.Exception\n\tat com.google.firebase.analytics.FirebaseAnalytics.getFirebaseInstanceId(Native Method)\n\tat java.lang.reflect.Method.invoke(Native Method)\n\tat m.oh.f(:com.google.android.gms.dynamite_measurementdynamite@240714038@24.07.14 (190400-0):65)\n\tat m.mu.W(:com.google.android.gms.dynamite_measurementdynamite@240714038@24.07.14 (190400-0):206)\n\tat m.ma.run(:com.google.android.gms.dynamite_measurementdynamite@240714038@24.07.14 (190400-0):11)\n\tat java.util.concurrent.Executors$RunnableAdapter.call(Executors.java:487)\n\tat java.util.concurrent.FutureTask.run(FutureTask.java:290)\n\tat m.kt.run(:com.google.android.gms.dynamite_measurementdynamite@240714038@24.07.14 (190400-0):48)\n",
    "is_privacy": false
},
{
    "type": "log",
    "source": "class",
    "method": "getInstance",
    "package_name": "com.amelosinteractive.snake",
    "class_name": "com.google.firebase.analytics.FirebaseAnalytics",
    "timestamp": 1728462850381,
    "ref": "<class: com.google.firebase.analytics.FirebaseAnalytics>",
    "arguments": "{\"0\":\"<instance: android.content.Context, $className: com.kooapps.unity.UnityApplication>\"}",
    "stack_trace": "java.lang.Exception\n\tat com.google.firebase.analytics.FirebaseAnalytics.getInstance(Native Method)\n\tat java.lang.reflect.Method.invoke(Native Method)\n\tat m.oh.f(:com.google.android.gms.dynamite_measurementdynamite@240714038@24.07.14 (190400-0):63)\n\tat m.mu.W(:com.google.android.gms.dynamite_measurementdynamite@240714038@24.07.14 (190400-0):206)\n\tat m.ma.run(:com.google.android.gms.dynamite_measurementdynamite@240714038@24.07.14 (190400-0):11)\n\tat java.util.concurrent.Executors$RunnableAdapter.call(Executors.java:487)\n\tat java.util.concurrent.FutureTask.run(FutureTask.java:290)\n\tat m.kt.run(:com.google.android.gms.dynamite_measurementdynamite@240714038@24.07.14 (190400-0):48)\n",
    "is_privacy": false
},
{
    "type": "log",
    "source": "class",
    "method": "getFirebaseInstanceId",
    "package_name": "com.amelosinteractive.snake",
    "class_name": "com.google.firebase.analytics.FirebaseAnalytics",
    "timestamp": 1728462850383,
    "ref": "com.google.firebase.analytics.FirebaseAnalytics@7a5b267",
    "arguments": "{}",
    "stack_trace": "java.lang.Exception\n\tat com.google.firebase.analytics.FirebaseAnalytics.getFirebaseInstanceId(Native Method)\n\tat java.lang.reflect.Method.invoke(Native Method)\n\tat m.oh.f(:com.google.android.gms.dynamite_measurementdynamite@240714038@24.07.14 (190400-0):65)\n\tat m.mu.W(:com.google.android.gms.dynamite_measurementdynamite@240714038@24.07.14 (190400-0):206)\n\tat m.ma.run(:com.google.android.gms.dynamite_measurementdynamite@240714038@24.07.14 (190400-0):11)\n\tat java.util.concurrent.Executors$RunnableAdapter.call(Executors.java:487)\n\tat java.util.concurrent.FutureTask.run(FutureTask.java:290)\n\tat m.kt.run(:com.google.android.gms.dynamite_measurementdynamite@240714038@24.07.14 (190400-0):48)\n",
    "is_privacy": false
},
{
    "type": "log",
    "source": "class",
    "method": "getInstance",
    "package_name": "com.amelosinteractive.snake",
    "class_name": "com.google.firebase.analytics.FirebaseAnalytics",
    "timestamp": 1728462850417,
    "ref": "<class: com.google.firebase.analytics.FirebaseAnalytics>",
    "arguments": "{\"0\":\"<instance: android.content.Context, $className: com.kooapps.unity.UnityApplication>\"}",
    "stack_trace": "java.lang.Exception\n\tat com.google.firebase.analytics.FirebaseAnalytics.getInstance(Native Method)\n\tat java.lang.reflect.Method.invoke(Native Method)\n\tat m.oh.f(:com.google.android.gms.dynamite_measurementdynamite@240714038@24.07.14 (190400-0):63)\n\tat m.mu.W(:com.google.android.gms.dynamite_measurementdynamite@240714038@24.07.14 (190400-0):206)\n\tat m.ma.run(:com.google.android.gms.dynamite_measurementdynamite@240714038@24.07.14 (190400-0):11)\n\tat java.util.concurrent.Executors$RunnableAdapter.call(Executors.java:487)\n\tat java.util.concurrent.FutureTask.run(FutureTask.java:290)\n\tat m.kt.run(:com.google.android.gms.dynamite_measurementdynamite@240714038@24.07.14 (190400-0):48)\n",
    "is_privacy": false
},
{
    "type": "log",
    "source": "class",
    "method": "getFirebaseInstanceId",
    "package_name": "com.amelosinteractive.snake",
    "class_name": "com.google.firebase.analytics.FirebaseAnalytics",
    "timestamp": 1728462850423,
    "ref": "com.google.firebase.analytics.FirebaseAnalytics@7a5b267",
    "arguments": "{}",
    "stack_trace": "java.lang.Exception\n\tat com.google.firebase.analytics.FirebaseAnalytics.getFirebaseInstanceId(Native Method)\n\tat java.lang.reflect.Method.invoke(Native Method)\n\tat m.oh.f(:com.google.android.gms.dynamite_measurementdynamite@240714038@24.07.14 (190400-0):65)\n\tat m.mu.W(:com.google.android.gms.dynamite_measurementdynamite@240714038@24.07.14 (190400-0):206)\n\tat m.ma.run(:com.google.android.gms.dynamite_measurementdynamite@240714038@24.07.14 (190400-0):11)\n\tat java.util.concurrent.Executors$RunnableAdapter.call(Executors.java:487)\n\tat java.util.concurrent.FutureTask.run(FutureTask.java:290)\n\tat m.kt.run(:com.google.android.gms.dynamite_measurementdynamite@240714038@24.07.14 (190400-0):48)\n",
    "is_privacy": false
},
{
    "type": "log",
    "source": "class",
    "method": "getInstance",
    "package_name": "com.amelosinteractive.snake",
    "class_name": "com.google.firebase.analytics.FirebaseAnalytics",
    "timestamp": 1728462850460,
    "ref": "<class: com.google.firebase.analytics.FirebaseAnalytics>",
    "arguments": "{\"0\":\"<instance: android.content.Context, $className: com.kooapps.unity.UnityApplication>\"}",
    "stack_trace": "java.lang.Exception\n\tat com.google.firebase.analytics.FirebaseAnalytics.getInstance(Native Method)\n\tat java.lang.reflect.Method.invoke(Native Method)\n\tat m.oh.f(:com.google.android.gms.dynamite_measurementdynamite@240714038@24.07.14 (190400-0):63)\n\tat m.mu.W(:com.google.android.gms.dynamite_measurementdynamite@240714038@24.07.14 (190400-0):206)\n\tat m.ma.run(:com.google.android.gms.dynamite_measurementdynamite@240714038@24.07.14 (190400-0):11)\n\tat java.util.concurrent.Executors$RunnableAdapter.call(Executors.java:487)\n\tat java.util.concurrent.FutureTask.run(FutureTask.java:290)\n\tat m.kt.run(:com.google.android.gms.dynamite_measurementdynamite@240714038@24.07.14 (190400-0):48)\n",
    "is_privacy": false
},
{
    "type": "log",
    "source": "class",
    "method": "getFirebaseInstanceId",
    "package_name": "com.amelosinteractive.snake",
    "class_name": "com.google.firebase.analytics.FirebaseAnalytics",
    "timestamp": 1728462850462,
    "ref": "com.google.firebase.analytics.FirebaseAnalytics@7a5b267",
    "arguments": "{}",
    "stack_trace": "java.lang.Exception\n\tat com.google.firebase.analytics.FirebaseAnalytics.getFirebaseInstanceId(Native Method)\n\tat java.lang.reflect.Method.invoke(Native Method)\n\tat m.oh.f(:com.google.android.gms.dynamite_measurementdynamite@240714038@24.07.14 (190400-0):65)\n\tat m.mu.W(:com.google.android.gms.dynamite_measurementdynamite@240714038@24.07.14 (190400-0):206)\n\tat m.ma.run(:com.google.android.gms.dynamite_measurementdynamite@240714038@24.07.14 (190400-0):11)\n\tat java.util.concurrent.Executors$RunnableAdapter.call(Executors.java:487)\n\tat java.util.concurrent.FutureTask.run(FutureTask.java:290)\n\tat m.kt.run(:com.google.android.gms.dynamite_measurementdynamite@240714038@24.07.14 (190400-0):48)\n",
    "is_privacy": false
},
{
    "type": "log",
    "source": "class",
    "method": "getInstance",
    "package_name": "com.amelosinteractive.snake",
    "class_name": "com.google.firebase.analytics.FirebaseAnalytics",
    "timestamp": 1728462850489,
    "ref": "<class: com.google.firebase.analytics.FirebaseAnalytics>",
    "arguments": "{\"0\":\"<instance: android.content.Context, $className: com.kooapps.unity.UnityApplication>\"}",
    "stack_trace": "java.lang.Exception\n\tat com.google.firebase.analytics.FirebaseAnalytics.getInstance(Native Method)\n\tat java.lang.reflect.Method.invoke(Native Method)\n\tat m.oh.f(:com.google.android.gms.dynamite_measurementdynamite@240714038@24.07.14 (190400-0):63)\n\tat m.mu.W(:com.google.android.gms.dynamite_measurementdynamite@240714038@24.07.14 (190400-0):206)\n\tat m.ma.run(:com.google.android.gms.dynamite_measurementdynamite@240714038@24.07.14 (190400-0):11)\n\tat java.util.concurrent.Executors$RunnableAdapter.call(Executors.java:487)\n\tat java.util.concurrent.FutureTask.run(FutureTask.java:290)\n\tat m.kt.run(:com.google.android.gms.dynamite_measurementdynamite@240714038@24.07.14 (190400-0):48)\n",
    "is_privacy": false
},
{
    "type": "log",
    "source": "class",
    "method": "getFirebaseInstanceId",
    "package_name": "com.amelosinteractive.snake",
    "class_name": "com.google.firebase.analytics.FirebaseAnalytics",
    "timestamp": 1728462850490,
    "ref": "com.google.firebase.analytics.FirebaseAnalytics@7a5b267",
    "arguments": "{}",
    "stack_trace": "java.lang.Exception\n\tat com.google.firebase.analytics.FirebaseAnalytics.getFirebaseInstanceId(Native Method)\n\tat java.lang.reflect.Method.invoke(Native Method)\n\tat m.oh.f(:com.google.android.gms.dynamite_measurementdynamite@240714038@24.07.14 (190400-0):65)\n\tat m.mu.W(:com.google.android.gms.dynamite_measurementdynamite@240714038@24.07.14 (190400-0):206)\n\tat m.ma.run(:com.google.android.gms.dynamite_measurementdynamite@240714038@24.07.14 (190400-0):11)\n\tat java.util.concurrent.Executors$RunnableAdapter.call(Executors.java:487)\n\tat java.util.concurrent.FutureTask.run(FutureTask.java:290)\n\tat m.kt.run(:com.google.android.gms.dynamite_measurementdynamite@240714038@24.07.14 (190400-0):48)\n",
    "is_privacy": false
},
{
    "type": "log",
    "source": "class",
    "method": "getInstance",
    "package_name": "com.amelosinteractive.snake",
    "class_name": "com.google.firebase.analytics.FirebaseAnalytics",
    "timestamp": 1728462850510,
    "ref": "<class: com.google.firebase.analytics.FirebaseAnalytics>",
    "arguments": "{\"0\":\"<instance: android.content.Context, $className: com.kooapps.unity.UnityApplication>\"}",
    "stack_trace": "java.lang.Exception\n\tat com.google.firebase.analytics.FirebaseAnalytics.getInstance(Native Method)\n\tat java.lang.reflect.Method.invoke(Native Method)\n\tat m.oh.f(:com.google.android.gms.dynamite_measurementdynamite@240714038@24.07.14 (190400-0):63)\n\tat m.mu.W(:com.google.android.gms.dynamite_measurementdynamite@240714038@24.07.14 (190400-0):206)\n\tat m.ma.run(:com.google.android.gms.dynamite_measurementdynamite@240714038@24.07.14 (190400-0):11)\n\tat java.util.concurrent.Executors$RunnableAdapter.call(Executors.java:487)\n\tat java.util.concurrent.FutureTask.run(FutureTask.java:290)\n\tat m.kt.run(:com.google.android.gms.dynamite_measurementdynamite@240714038@24.07.14 (190400-0):48)\n",
    "is_privacy": false
},
{
    "type": "log",
    "source": "class",
    "method": "getFirebaseInstanceId",
    "package_name": "com.amelosinteractive.snake",
    "class_name": "com.google.firebase.analytics.FirebaseAnalytics",
    "timestamp": 1728462850512,
    "ref": "com.google.firebase.analytics.FirebaseAnalytics@7a5b267",
    "arguments": "{}",
    "stack_trace": "java.lang.Exception\n\tat com.google.firebase.analytics.FirebaseAnalytics.getFirebaseInstanceId(Native Method)\n\tat java.lang.reflect.Method.invoke(Native Method)\n\tat m.oh.f(:com.google.android.gms.dynamite_measurementdynamite@240714038@24.07.14 (190400-0):65)\n\tat m.mu.W(:com.google.android.gms.dynamite_measurementdynamite@240714038@24.07.14 (190400-0):206)\n\tat m.ma.run(:com.google.android.gms.dynamite_measurementdynamite@240714038@24.07.14 (190400-0):11)\n\tat java.util.concurrent.Executors$RunnableAdapter.call(Executors.java:487)\n\tat java.util.concurrent.FutureTask.run(FutureTask.java:290)\n\tat m.kt.run(:com.google.android.gms.dynamite_measurementdynamite@240714038@24.07.14 (190400-0):48)\n",
    "is_privacy": false
},
{
    "type": "log",
    "source": "class",
    "method": "getInstance",
    "package_name": "com.amelosinteractive.snake",
    "class_name": "com.google.firebase.analytics.FirebaseAnalytics",
    "timestamp": 1728462850541,
    "ref": "<class: com.google.firebase.analytics.FirebaseAnalytics>",
    "arguments": "{\"0\":\"<instance: android.content.Context, $className: com.kooapps.unity.UnityApplication>\"}",
    "stack_trace": "java.lang.Exception\n\tat com.google.firebase.analytics.FirebaseAnalytics.getInstance(Native Method)\n\tat java.lang.reflect.Method.invoke(Native Method)\n\tat m.oh.f(:com.google.android.gms.dynamite_measurementdynamite@240714038@24.07.14 (190400-0):63)\n\tat m.mu.W(:com.google.android.gms.dynamite_measurementdynamite@240714038@24.07.14 (190400-0):206)\n\tat m.ma.run(:com.google.android.gms.dynamite_measurementdynamite@240714038@24.07.14 (190400-0):11)\n\tat java.util.concurrent.Executors$RunnableAdapter.call(Executors.java:487)\n\tat java.util.concurrent.FutureTask.run(FutureTask.java:290)\n\tat m.kt.run(:com.google.android.gms.dynamite_measurementdynamite@240714038@24.07.14 (190400-0):48)\n",
    "is_privacy": false
},
{
    "type": "log",
    "source": "class",
    "method": "getFirebaseInstanceId",
    "package_name": "com.amelosinteractive.snake",
    "class_name": "com.google.firebase.analytics.FirebaseAnalytics",
    "timestamp": 1728462850543,
    "ref": "com.google.firebase.analytics.FirebaseAnalytics@7a5b267",
    "arguments": "{}",
    "stack_trace": "java.lang.Exception\n\tat com.google.firebase.analytics.FirebaseAnalytics.getFirebaseInstanceId(Native Method)\n\tat java.lang.reflect.Method.invoke(Native Method)\n\tat m.oh.f(:com.google.android.gms.dynamite_measurementdynamite@240714038@24.07.14 (190400-0):65)\n\tat m.mu.W(:com.google.android.gms.dynamite_measurementdynamite@240714038@24.07.14 (190400-0):206)\n\tat m.ma.run(:com.google.android.gms.dynamite_measurementdynamite@240714038@24.07.14 (190400-0):11)\n\tat java.util.concurrent.Executors$RunnableAdapter.call(Executors.java:487)\n\tat java.util.concurrent.FutureTask.run(FutureTask.java:290)\n\tat m.kt.run(:com.google.android.gms.dynamite_measurementdynamite@240714038@24.07.14 (190400-0):48)\n",
    "is_privacy": false
},
{
    "type": "log",
    "source": "class",
    "method": "setDataProcessingOptions",
    "package_name": "com.amelosinteractive.snake",
    "class_name": "com.facebook.ads.AdSettings",
    "timestamp": 1728462850581,
    "ref": "<class: com.facebook.ads.AdSettings>",
    "arguments": "{\"0\":[]}",
    "stack_trace": "java.lang.Exception\n\tat com.facebook.ads.AdSettings.setDataProcessingOptions(Native Method)\n\tat com.unity3d.player.UnityPlayer.nativeRender(Native Method)\n\tat com.unity3d.player.UnityPlayer.-$$Nest$mnativeRender(Unknown Source:0)\n\tat com.unity3d.player.UnityPlayer$F$a.handleMessage(Unknown Source:122)\n\tat android.os.Handler.dispatchMessage(Handler.java:102)\n\tat android.os.Looper.loopOnce(Looper.java:255)\n\tat android.os.Looper.loop(Looper.java:364)\n\tat com.unity3d.player.UnityPlayer$F.run(Unknown Source:24)\n",
    "is_privacy": true
},
{
    "type": "log",
    "source": "class",
    "method": "addImpressionDataListener",
    "package_name": "com.amelosinteractive.snake",
    "class_name": "com.ironsource.mediationsdk.IronSource",
    "timestamp": 1728462850587,
    "ref": "<class: com.ironsource.mediationsdk.IronSource>",
    "arguments": "{\"0\":\"<instance: com.ironsource.mediationsdk.impressionData.ImpressionDataListener, $className: com.ironsource.unity.androidbridge.AndroidBridge>\"}",
    "stack_trace": "java.lang.Exception\n\tat com.ironsource.mediationsdk.IronSource.addImpressionDataListener(Native Method)\n\tat com.ironsource.unity.androidbridge.AndroidBridge.<init>(AndroidBridge.java:83)\n\tat com.ironsource.unity.androidbridge.AndroidBridge.<clinit>(AndroidBridge.java:54)\n\tat com.unity3d.player.UnityPlayer.nativeRender(Native Method)\n\tat com.unity3d.player.UnityPlayer.-$$Nest$mnativeRender(Unknown Source:0)\n\tat com.unity3d.player.UnityPlayer$F$a.handleMessage(Unknown Source:122)\n\tat android.os.Handler.dispatchMessage(Handler.java:102)\n\tat android.os.Looper.loopOnce(Looper.java:255)\n\tat android.os.Looper.loop(Looper.java:364)\n\tat com.unity3d.player.UnityPlayer$F.run(Unknown Source:24)\n",
    "is_privacy": false
},
{
    "type": "log",
    "source": "class",
    "method": "setSegmentListener",
    "package_name": "com.amelosinteractive.snake",
    "class_name": "com.ironsource.mediationsdk.IronSource",
    "timestamp": 1728462850595,
    "ref": "<class: com.ironsource.mediationsdk.IronSource>",
    "arguments": "{\"0\":\"<instance: com.ironsource.mediationsdk.sdk.SegmentListener, $className: com.ironsource.unity.androidbridge.AndroidBridge>\"}",
    "stack_trace": "java.lang.Exception\n\tat com.ironsource.mediationsdk.IronSource.setSegmentListener(Native Method)\n\tat com.ironsource.unity.androidbridge.AndroidBridge.<init>(AndroidBridge.java:84)\n\tat com.ironsource.unity.androidbridge.AndroidBridge.<clinit>(AndroidBridge.java:54)\n\tat com.unity3d.player.UnityPlayer.nativeRender(Native Method)\n\tat com.unity3d.player.UnityPlayer.-$$Nest$mnativeRender(Unknown Source:0)\n\tat com.unity3d.player.UnityPlayer$F$a.handleMessage(Unknown Source:122)\n\tat android.os.Handler.dispatchMessage(Handler.java:102)\n\tat android.os.Looper.loopOnce(Looper.java:255)\n\tat android.os.Looper.loop(Looper.java:364)\n\tat com.unity3d.player.UnityPlayer$F.run(Unknown Source:24)\n",
    "is_privacy": false
},
{
    "type": "log",
    "source": "class",
    "method": "getInstance",
    "package_name": "com.amelosinteractive.snake",
    "class_name": "com.google.firebase.analytics.FirebaseAnalytics",
    "timestamp": 1728462850598,
    "ref": "<class: com.google.firebase.analytics.FirebaseAnalytics>",
    "arguments": "{\"0\":\"<instance: android.content.Context, $className: com.kooapps.unity.UnityApplication>\"}",
    "stack_trace": "java.lang.Exception\n\tat com.google.firebase.analytics.FirebaseAnalytics.getInstance(Native Method)\n\tat java.lang.reflect.Method.invoke(Native Method)\n\tat m.oh.f(:com.google.android.gms.dynamite_measurementdynamite@240714038@24.07.14 (190400-0):63)\n\tat m.mu.aa(:com.google.android.gms.dynamite_measurementdynamite@240714038@24.07.14 (190400-0):165)\n\tat m.lz.run(:com.google.android.gms.dynamite_measurementdynamite@240714038@24.07.14 (190400-0):17)\n\tat java.util.concurrent.Executors$RunnableAdapter.call(Executors.java:487)\n\tat java.util.concurrent.FutureTask.run(FutureTask.java:290)\n\tat m.kt.run(:com.google.android.gms.dynamite_measurementdynamite@240714038@24.07.14 (190400-0):48)\n",
    "is_privacy": false
},
{
    "type": "log",
    "source": "class",
    "method": "setLevelPlayRewardedVideoListener",
    "package_name": "com.amelosinteractive.snake",
    "class_name": "com.ironsource.mediationsdk.IronSource",
    "timestamp": 1728462850600,
    "ref": "<class: com.ironsource.mediationsdk.IronSource>",
    "arguments": "{\"0\":\"<instance: com.ironsource.mediationsdk.sdk.LevelPlayRewardedVideoListener, $className: com.ironsource.unity.androidbridge.LevelPlayRewardedVideoWrapper>\"}",
    "stack_trace": "java.lang.Exception\n\tat com.ironsource.mediationsdk.IronSource.setLevelPlayRewardedVideoListener(Native Method)\n\tat com.ironsource.unity.androidbridge.LevelPlayRewardedVideoWrapper.<init>(LevelPlayRewardedVideoWrapper.java:18)\n\tat com.ironsource.unity.androidbridge.AndroidBridge.<init>(AndroidBridge.java:86)\n\tat com.ironsource.unity.androidbridge.AndroidBridge.<clinit>(AndroidBridge.java:54)\n\tat com.unity3d.player.UnityPlayer.nativeRender(Native Method)\n\tat com.unity3d.player.UnityPlayer.-$$Nest$mnativeRender(Unknown Source:0)\n\tat com.unity3d.player.UnityPlayer$F$a.handleMessage(Unknown Source:122)\n\tat android.os.Handler.dispatchMessage(Handler.java:102)\n\tat android.os.Looper.loopOnce(Looper.java:255)\n\tat android.os.Looper.loop(Looper.java:364)\n\tat com.unity3d.player.UnityPlayer$F.run(Unknown Source:24)\n",
    "is_privacy": false
},
{
    "type": "log",
    "source": "class",
    "method": "setLevelPlayInterstitialListener",
    "package_name": "com.amelosinteractive.snake",
    "class_name": "com.ironsource.mediationsdk.IronSource",
    "timestamp": 1728462850603,
    "ref": "<class: com.ironsource.mediationsdk.IronSource>",
    "arguments": "{\"0\":\"<instance: com.ironsource.mediationsdk.sdk.LevelPlayInterstitialListener, $className: com.ironsource.unity.androidbridge.LevelPlayInterstitialWrapper>\"}",
    "stack_trace": "java.lang.Exception\n\tat com.ironsource.mediationsdk.IronSource.setLevelPlayInterstitialListener(Native Method)\n\tat com.ironsource.unity.androidbridge.LevelPlayInterstitialWrapper.<init>(LevelPlayInterstitialWrapper.java:14)\n\tat com.ironsource.unity.androidbridge.AndroidBridge.<init>(AndroidBridge.java:87)\n\tat com.ironsource.unity.androidbridge.AndroidBridge.<clinit>(AndroidBridge.java:54)\n\tat com.unity3d.player.UnityPlayer.nativeRender(Native Method)\n\tat com.unity3d.player.UnityPlayer.-$$Nest$mnativeRender(Unknown Source:0)\n\tat com.unity3d.player.UnityPlayer$F$a.handleMessage(Unknown Source:122)\n\tat android.os.Handler.dispatchMessage(Handler.java:102)\n\tat android.os.Looper.loopOnce(Looper.java:255)\n\tat android.os.Looper.loop(Looper.java:364)\n\tat com.unity3d.player.UnityPlayer$F.run(Unknown Source:24)\n",
    "is_privacy": false
},
{
    "type": "log",
    "source": "class",
    "method": "getFirebaseInstanceId",
    "package_name": "com.amelosinteractive.snake",
    "class_name": "com.google.firebase.analytics.FirebaseAnalytics",
    "timestamp": 1728462850602,
    "ref": "com.google.firebase.analytics.FirebaseAnalytics@7a5b267",
    "arguments": "{}",
    "stack_trace": "java.lang.Exception\n\tat com.google.firebase.analytics.FirebaseAnalytics.getFirebaseInstanceId(Native Method)\n\tat java.lang.reflect.Method.invoke(Native Method)\n\tat m.oh.f(:com.google.android.gms.dynamite_measurementdynamite@240714038@24.07.14 (190400-0):65)\n\tat m.mu.aa(:com.google.android.gms.dynamite_measurementdynamite@240714038@24.07.14 (190400-0):165)\n\tat m.lz.run(:com.google.android.gms.dynamite_measurementdynamite@240714038@24.07.14 (190400-0):17)\n\tat java.util.concurrent.Executors$RunnableAdapter.call(Executors.java:487)\n\tat java.util.concurrent.FutureTask.run(FutureTask.java:290)\n\tat m.kt.run(:com.google.android.gms.dynamite_measurementdynamite@240714038@24.07.14 (190400-0):48)\n",
    "is_privacy": false
},
{
    "type": "log",
    "source": "class",
    "method": "setConsent",
    "package_name": "com.amelosinteractive.snake",
    "class_name": "com.ironsource.mediationsdk.IronSource",
    "timestamp": 1728462850621,
    "ref": "<class: com.ironsource.mediationsdk.IronSource>",
    "arguments": "{\"0\":true}",
    "stack_trace": "java.lang.Exception\n\tat com.ironsource.mediationsdk.IronSource.setConsent(Native Method)\n\tat com.ironsource.unity.androidbridge.AndroidBridge.setConsent(AndroidBridge.java:702)\n\tat com.unity3d.player.UnityPlayer.nativeRender(Native Method)\n\tat com.unity3d.player.UnityPlayer.-$$Nest$mnativeRender(Unknown Source:0)\n\tat com.unity3d.player.UnityPlayer$F$a.handleMessage(Unknown Source:122)\n\tat android.os.Handler.dispatchMessage(Handler.java:102)\n\tat android.os.Looper.loopOnce(Looper.java:255)\n\tat android.os.Looper.loop(Looper.java:364)\n\tat com.unity3d.player.UnityPlayer$F.run(Unknown Source:24)\n",
    "is_privacy": true
},
{
    "type": "log",
    "source": "class",
    "method": "setMetaData",
    "package_name": "com.amelosinteractive.snake",
    "class_name": "com.ironsource.mediationsdk.IronSource",
    "timestamp": 1728462850626,
    "ref": "<class: com.ironsource.mediationsdk.IronSource>",
    "arguments": "{\"0\":\"do_not_sell\",\"1\":\"false\"}",
    "stack_trace": "java.lang.Exception\n\tat com.ironsource.mediationsdk.IronSource.setMetaData(Native Method)\n\tat com.ironsource.unity.androidbridge.AndroidBridge.setMetaData(AndroidBridge.java:706)\n\tat com.unity3d.player.UnityPlayer.nativeRender(Native Method)\n\tat com.unity3d.player.UnityPlayer.-$$Nest$mnativeRender(Unknown Source:0)\n\tat com.unity3d.player.UnityPlayer$F$a.handleMessage(Unknown Source:122)\n\tat android.os.Handler.dispatchMessage(Handler.java:102)\n\tat android.os.Looper.loopOnce(Looper.java:255)\n\tat android.os.Looper.loop(Looper.java:364)\n\tat com.unity3d.player.UnityPlayer$F.run(Unknown Source:24)\n",
    "is_privacy": true
},
{
    "type": "log",
    "source": "class",
    "method": "getInstance",
    "package_name": "com.amelosinteractive.snake",
    "class_name": "com.google.firebase.analytics.FirebaseAnalytics",
    "timestamp": 1728462850718,
    "ref": "<class: com.google.firebase.analytics.FirebaseAnalytics>",
    "arguments": "{\"0\":\"<instance: android.content.Context, $className: com.kooapps.unity.UnityApplication>\"}",
    "stack_trace": "java.lang.Exception\n\tat com.google.firebase.analytics.FirebaseAnalytics.getInstance(Native Method)\n\tat java.lang.reflect.Method.invoke(Native Method)\n\tat m.oh.f(:com.google.android.gms.dynamite_measurementdynamite@240714038@24.07.14 (190400-0):63)\n\tat m.mu.aa(:com.google.android.gms.dynamite_measurementdynamite@240714038@24.07.14 (190400-0):165)\n\tat m.lz.run(:com.google.android.gms.dynamite_measurementdynamite@240714038@24.07.14 (190400-0):17)\n\tat java.util.concurrent.Executors$RunnableAdapter.call(Executors.java:487)\n\tat java.util.concurrent.FutureTask.run(FutureTask.java:290)\n\tat m.kt.run(:com.google.android.gms.dynamite_measurementdynamite@240714038@24.07.14 (190400-0):48)\n",
    "is_privacy": false
},
{
    "type": "log",
    "source": "class",
    "method": "getFirebaseInstanceId",
    "package_name": "com.amelosinteractive.snake",
    "class_name": "com.google.firebase.analytics.FirebaseAnalytics",
    "timestamp": 1728462850720,
    "ref": "com.google.firebase.analytics.FirebaseAnalytics@7a5b267",
    "arguments": "{}",
    "stack_trace": "java.lang.Exception\n\tat com.google.firebase.analytics.FirebaseAnalytics.getFirebaseInstanceId(Native Method)\n\tat java.lang.reflect.Method.invoke(Native Method)\n\tat m.oh.f(:com.google.android.gms.dynamite_measurementdynamite@240714038@24.07.14 (190400-0):65)\n\tat m.mu.aa(:com.google.android.gms.dynamite_measurementdynamite@240714038@24.07.14 (190400-0):165)\n\tat m.lz.run(:com.google.android.gms.dynamite_measurementdynamite@240714038@24.07.14 (190400-0):17)\n\tat java.util.concurrent.Executors$RunnableAdapter.call(Executors.java:487)\n\tat java.util.concurrent.FutureTask.run(FutureTask.java:290)\n\tat m.kt.run(:com.google.android.gms.dynamite_measurementdynamite@240714038@24.07.14 (190400-0):48)\n",
    "is_privacy": false
},
{
    "type": "log",
    "source": "class",
    "method": "access$1800",
    "package_name": "com.amelosinteractive.snake",
    "class_name": "com.tenjin.android.TenjinSDK",
    "timestamp": 1728462850745,
    "ref": "<class: com.tenjin.android.TenjinSDK>",
    "arguments": "{\"0\":\"<instance: com.tenjin.android.TenjinSDK>\"}",
    "stack_trace": "java.lang.Exception\n\tat com.tenjin.android.TenjinSDK.access$1800(Native Method)\n\tat com.tenjin.android.TenjinSDK$AsyncConnect.onPostExecute(TenjinSDK.java:962)\n\tat com.tenjin.android.TenjinSDK$AsyncConnect.onPostExecute(TenjinSDK.java:930)\n\tat android.os.AsyncTask.finish(AsyncTask.java:771)\n\tat android.os.AsyncTask.-$$Nest$mfinish(Unknown Source:0)\n\tat android.os.AsyncTask$InternalHandler.handleMessage(AsyncTask.java:788)\n\tat android.os.Handler.dispatchMessage(Handler.java:106)\n\tat android.os.Looper.loopOnce(Looper.java:255)\n\tat android.os.Looper.loop(Looper.java:364)\n\tat android.app.ActivityThread.main(ActivityThread.java:8938)\n\tat java.lang.reflect.Method.invoke(Native Method)\n\tat com.android.internal.os.RuntimeInit$MethodAndArgsCaller.run(RuntimeInit.java:572)\n\tat com.android.internal.os.ZygoteInit.main(ZygoteInit.java:1053)\n",
    "is_privacy": false
},
{
    "type": "log",
    "source": "class",
    "method": "access$1900",
    "package_name": "com.amelosinteractive.snake",
    "class_name": "com.tenjin.android.TenjinSDK",
    "timestamp": 1728462850750,
    "ref": "<class: com.tenjin.android.TenjinSDK>",
    "arguments": "{}",
    "stack_trace": "java.lang.Exception\n\tat com.tenjin.android.TenjinSDK.access$1900(Native Method)\n\tat com.tenjin.android.TenjinSDK$AsyncConnect.onPostExecute(TenjinSDK.java:970)\n\tat com.tenjin.android.TenjinSDK$AsyncConnect.onPostExecute(TenjinSDK.java:930)\n\tat android.os.AsyncTask.finish(AsyncTask.java:771)\n\tat android.os.AsyncTask.-$$Nest$mfinish(Unknown Source:0)\n\tat android.os.AsyncTask$InternalHandler.handleMessage(AsyncTask.java:788)\n\tat android.os.Handler.dispatchMessage(Handler.java:106)\n\tat android.os.Looper.loopOnce(Looper.java:255)\n\tat android.os.Looper.loop(Looper.java:364)\n\tat android.app.ActivityThread.main(ActivityThread.java:8938)\n\tat java.lang.reflect.Method.invoke(Native Method)\n\tat com.android.internal.os.RuntimeInit$MethodAndArgsCaller.run(RuntimeInit.java:572)\n\tat com.android.internal.os.ZygoteInit.main(ZygoteInit.java:1053)\n",
    "is_privacy": false
},
{
    "type": "log",
    "source": "class",
    "method": "access$1900",
    "package_name": "com.amelosinteractive.snake",
    "class_name": "com.tenjin.android.TenjinSDK",
    "timestamp": 1728462850754,
    "ref": "<class: com.tenjin.android.TenjinSDK>",
    "arguments": "{}",
    "stack_trace": "java.lang.Exception\n\tat com.tenjin.android.TenjinSDK.access$1900(Native Method)\n\tat com.tenjin.android.TenjinSDK$AsyncConnect.onPostExecute(TenjinSDK.java:971)\n\tat com.tenjin.android.TenjinSDK$AsyncConnect.onPostExecute(TenjinSDK.java:930)\n\tat android.os.AsyncTask.finish(AsyncTask.java:771)\n\tat android.os.AsyncTask.-$$Nest$mfinish(Unknown Source:0)\n\tat android.os.AsyncTask$InternalHandler.handleMessage(AsyncTask.java:788)\n\tat android.os.Handler.dispatchMessage(Handler.java:106)\n\tat android.os.Looper.loopOnce(Looper.java:255)\n\tat android.os.Looper.loop(Looper.java:364)\n\tat android.app.ActivityThread.main(ActivityThread.java:8938)\n\tat java.lang.reflect.Method.invoke(Native Method)\n\tat com.android.internal.os.RuntimeInit$MethodAndArgsCaller.run(RuntimeInit.java:572)\n\tat com.android.internal.os.ZygoteInit.main(ZygoteInit.java:1053)\n",
    "is_privacy": false
},
{
    "type": "log",
    "source": "class",
    "method": "access$2002",
    "package_name": "com.amelosinteractive.snake",
    "class_name": "com.tenjin.android.TenjinSDK",
    "timestamp": 1728462850758,
    "ref": "<class: com.tenjin.android.TenjinSDK>",
    "arguments": "{\"0\":\"<instance: com.tenjin.android.TenjinSDK>\",\"1\":null}",
    "stack_trace": "java.lang.Exception\n\tat com.tenjin.android.TenjinSDK.access$2002(Native Method)\n\tat com.tenjin.android.TenjinSDK$AsyncConnect.onPostExecute(TenjinSDK.java:974)\n\tat com.tenjin.android.TenjinSDK$AsyncConnect.onPostExecute(TenjinSDK.java:930)\n\tat android.os.AsyncTask.finish(AsyncTask.java:771)\n\tat android.os.AsyncTask.-$$Nest$mfinish(Unknown Source:0)\n\tat android.os.AsyncTask$InternalHandler.handleMessage(AsyncTask.java:788)\n\tat android.os.Handler.dispatchMessage(Handler.java:106)\n\tat android.os.Looper.loopOnce(Looper.java:255)\n\tat android.os.Looper.loop(Looper.java:364)\n\tat android.app.ActivityThread.main(ActivityThread.java:8938)\n\tat java.lang.reflect.Method.invoke(Native Method)\n\tat com.android.internal.os.RuntimeInit$MethodAndArgsCaller.run(RuntimeInit.java:572)\n\tat com.android.internal.os.ZygoteInit.main(ZygoteInit.java:1053)\n",
    "is_privacy": false
},
{
    "type": "log",
    "source": "class",
    "method": "access$2100",
    "package_name": "com.amelosinteractive.snake",
    "class_name": "com.tenjin.android.TenjinSDK",
    "timestamp": 1728462850762,
    "ref": "<class: com.tenjin.android.TenjinSDK>",
    "arguments": "{\"0\":\"<instance: com.tenjin.android.TenjinSDK>\"}",
    "stack_trace": "java.lang.Exception\n\tat com.tenjin.android.TenjinSDK.access$2100(Native Method)\n\tat com.tenjin.android.TenjinSDK$AsyncConnect.onPostExecute(TenjinSDK.java:976)\n\tat com.tenjin.android.TenjinSDK$AsyncConnect.onPostExecute(TenjinSDK.java:930)\n\tat android.os.AsyncTask.finish(AsyncTask.java:771)\n\tat android.os.AsyncTask.-$$Nest$mfinish(Unknown Source:0)\n\tat android.os.AsyncTask$InternalHandler.handleMessage(AsyncTask.java:788)\n\tat android.os.Handler.dispatchMessage(Handler.java:106)\n\tat android.os.Looper.loopOnce(Looper.java:255)\n\tat android.os.Looper.loop(Looper.java:364)\n\tat android.app.ActivityThread.main(ActivityThread.java:8938)\n\tat java.lang.reflect.Method.invoke(Native Method)\n\tat com.android.internal.os.RuntimeInit$MethodAndArgsCaller.run(RuntimeInit.java:572)\n\tat com.android.internal.os.ZygoteInit.main(ZygoteInit.java:1053)\n",
    "is_privacy": false
},
{
    "type": "log",
    "source": "class",
    "method": "processQueue",
    "package_name": "com.amelosinteractive.snake",
    "class_name": "com.tenjin.android.TenjinSDK",
    "timestamp": 1728462850765,
    "ref": "com.tenjin.android.TenjinSDK@76eb024",
    "arguments": "{}",
    "stack_trace": "java.lang.Exception\n\tat com.tenjin.android.TenjinSDK.processQueue(Native Method)\n\tat com.tenjin.android.TenjinSDK.access$2100(TenjinSDK.java:120)\n\tat com.tenjin.android.TenjinSDK.access$2100(Native Method)\n\tat com.tenjin.android.TenjinSDK$AsyncConnect.onPostExecute(TenjinSDK.java:976)\n\tat com.tenjin.android.TenjinSDK$AsyncConnect.onPostExecute(TenjinSDK.java:930)\n\tat android.os.AsyncTask.finish(AsyncTask.java:771)\n\tat android.os.AsyncTask.-$$Nest$mfinish(Unknown Source:0)\n\tat android.os.AsyncTask$InternalHandler.handleMessage(AsyncTask.java:788)\n\tat android.os.Handler.dispatchMessage(Handler.java:106)\n\tat android.os.Looper.loopOnce(Looper.java:255)\n\tat android.os.Looper.loop(Looper.java:364)\n\tat android.app.ActivityThread.main(ActivityThread.java:8938)\n\tat java.lang.reflect.Method.invoke(Native Method)\n\tat com.android.internal.os.RuntimeInit$MethodAndArgsCaller.run(RuntimeInit.java:572)\n\tat com.android.internal.os.ZygoteInit.main(ZygoteInit.java:1053)\n",
    "is_privacy": false
},
{
    "type": "log",
    "source": "class",
    "method": "getInstance",
    "package_name": "com.amelosinteractive.snake",
    "class_name": "com.google.firebase.analytics.FirebaseAnalytics",
    "timestamp": 1728462850828,
    "ref": "<class: com.google.firebase.analytics.FirebaseAnalytics>",
    "arguments": "{\"0\":\"<instance: android.content.Context, $className: com.kooapps.unity.UnityApplication>\"}",
    "stack_trace": "java.lang.Exception\n\tat com.google.firebase.analytics.FirebaseAnalytics.getInstance(Native Method)\n\tat java.lang.reflect.Method.invoke(Native Method)\n\tat m.oh.f(:com.google.android.gms.dynamite_measurementdynamite@240714038@24.07.14 (190400-0):63)\n\tat m.mu.aa(:com.google.android.gms.dynamite_measurementdynamite@240714038@24.07.14 (190400-0):165)\n\tat m.lz.run(:com.google.android.gms.dynamite_measurementdynamite@240714038@24.07.14 (190400-0):17)\n\tat java.util.concurrent.Executors$RunnableAdapter.call(Executors.java:487)\n\tat java.util.concurrent.FutureTask.run(FutureTask.java:290)\n\tat m.kt.run(:com.google.android.gms.dynamite_measurementdynamite@240714038@24.07.14 (190400-0):48)\n",
    "is_privacy": false
},
{
    "type": "log",
    "source": "class",
    "method": "getFirebaseInstanceId",
    "package_name": "com.amelosinteractive.snake",
    "class_name": "com.google.firebase.analytics.FirebaseAnalytics",
    "timestamp": 1728462850830,
    "ref": "com.google.firebase.analytics.FirebaseAnalytics@7a5b267",
    "arguments": "{}",
    "stack_trace": "java.lang.Exception\n\tat com.google.firebase.analytics.FirebaseAnalytics.getFirebaseInstanceId(Native Method)\n\tat java.lang.reflect.Method.invoke(Native Method)\n\tat m.oh.f(:com.google.android.gms.dynamite_measurementdynamite@240714038@24.07.14 (190400-0):65)\n\tat m.mu.aa(:com.google.android.gms.dynamite_measurementdynamite@240714038@24.07.14 (190400-0):165)\n\tat m.lz.run(:com.google.android.gms.dynamite_measurementdynamite@240714038@24.07.14 (190400-0):17)\n\tat java.util.concurrent.Executors$RunnableAdapter.call(Executors.java:487)\n\tat java.util.concurrent.FutureTask.run(FutureTask.java:290)\n\tat m.kt.run(:com.google.android.gms.dynamite_measurementdynamite@240714038@24.07.14 (190400-0):48)\n",
    "is_privacy": false
},
{
    "type": "log",
    "source": "class",
    "method": "getInstance",
    "package_name": "com.amelosinteractive.snake",
    "class_name": "com.google.firebase.analytics.FirebaseAnalytics",
    "timestamp": 1728462850967,
    "ref": "<class: com.google.firebase.analytics.FirebaseAnalytics>",
    "arguments": "{\"0\":\"<instance: android.content.Context, $className: com.kooapps.unity.UnityApplication>\"}",
    "stack_trace": "java.lang.Exception\n\tat com.google.firebase.analytics.FirebaseAnalytics.getInstance(Native Method)\n\tat java.lang.reflect.Method.invoke(Native Method)\n\tat m.oh.f(:com.google.android.gms.dynamite_measurementdynamite@240714038@24.07.14 (190400-0):63)\n\tat m.mu.aa(:com.google.android.gms.dynamite_measurementdynamite@240714038@24.07.14 (190400-0):165)\n\tat m.lz.run(:com.google.android.gms.dynamite_measurementdynamite@240714038@24.07.14 (190400-0):17)\n\tat java.util.concurrent.Executors$RunnableAdapter.call(Executors.java:487)\n\tat java.util.concurrent.FutureTask.run(FutureTask.java:290)\n\tat m.kt.run(:com.google.android.gms.dynamite_measurementdynamite@240714038@24.07.14 (190400-0):48)\n",
    "is_privacy": false
},
{
    "type": "log",
    "source": "class",
    "method": "getFirebaseInstanceId",
    "package_name": "com.amelosinteractive.snake",
    "class_name": "com.google.firebase.analytics.FirebaseAnalytics",
    "timestamp": 1728462850970,
    "ref": "com.google.firebase.analytics.FirebaseAnalytics@7a5b267",
    "arguments": "{}",
    "stack_trace": "java.lang.Exception\n\tat com.google.firebase.analytics.FirebaseAnalytics.getFirebaseInstanceId(Native Method)\n\tat java.lang.reflect.Method.invoke(Native Method)\n\tat m.oh.f(:com.google.android.gms.dynamite_measurementdynamite@240714038@24.07.14 (190400-0):65)\n\tat m.mu.aa(:com.google.android.gms.dynamite_measurementdynamite@240714038@24.07.14 (190400-0):165)\n\tat m.lz.run(:com.google.android.gms.dynamite_measurementdynamite@240714038@24.07.14 (190400-0):17)\n\tat java.util.concurrent.Executors$RunnableAdapter.call(Executors.java:487)\n\tat java.util.concurrent.FutureTask.run(FutureTask.java:290)\n\tat m.kt.run(:com.google.android.gms.dynamite_measurementdynamite@240714038@24.07.14 (190400-0):48)\n",
    "is_privacy": false
},
{
    "type": "log",
    "source": "class",
    "method": "init",
    "package_name": "com.amelosinteractive.snake",
    "class_name": "com.ironsource.mediationsdk.IronSource",
    "timestamp": 1728462851414,
    "ref": "<class: com.ironsource.mediationsdk.IronSource>",
    "arguments": "{\"0\":\"<instance: android.content.Context, $className: com.kooapps.unity.CustomUnityPlayerActivity>\",\"1\":\"92cab185\",\"2\":\"<instance: com.ironsource.mediationsdk.sdk.InitializationListener, $className: com.ironsource.unity.androidbridge.AndroidBridge>\",\"3\":[\"<instance: com.ironsource.mediationsdk.IronSource$AD_UNIT>\",\"<instance: com.ironsource.mediationsdk.IronSource$AD_UNIT>\"]}",
    "stack_trace": "java.lang.Exception\n\tat com.ironsource.mediationsdk.IronSource.init(Native Method)\n\tat com.ironsource.unity.androidbridge.AndroidBridge.init(AndroidBridge.java:273)\n\tat com.unity3d.player.UnityPlayer.nativeRender(Native Method)\n\tat com.unity3d.player.UnityPlayer.-$$Nest$mnativeRender(Unknown Source:0)\n\tat com.unity3d.player.UnityPlayer$F$a.handleMessage(Unknown Source:122)\n\tat android.os.Handler.dispatchMessage(Handler.java:102)\n\tat android.os.Looper.loopOnce(Looper.java:255)\n\tat android.os.Looper.loop(Looper.java:364)\n\tat com.unity3d.player.UnityPlayer$F.run(Unknown Source:24)\n",
    "is_privacy": false
},
{
    "type": "log",
    "source": "class",
    "method": "setConsent",
    "package_name": "com.amelosinteractive.snake",
    "class_name": "com.ironsource.mediationsdk.IronSource",
    "timestamp": 1728462851970,
    "ref": "<class: com.ironsource.mediationsdk.IronSource>",
    "arguments": "{\"0\":true}",
    "stack_trace": "java.lang.Exception\n\tat com.ironsource.mediationsdk.IronSource.setConsent(Native Method)\n\tat com.ironsource.unity.androidbridge.AndroidBridge.setConsent(AndroidBridge.java:702)\n\tat com.unity3d.player.UnityPlayer.nativeRender(Native Method)\n\tat com.unity3d.player.UnityPlayer.-$$Nest$mnativeRender(Unknown Source:0)\n\tat com.unity3d.player.UnityPlayer$F$a.handleMessage(Unknown Source:122)\n\tat android.os.Handler.dispatchMessage(Handler.java:102)\n\tat android.os.Looper.loopOnce(Looper.java:255)\n\tat android.os.Looper.loop(Looper.java:364)\n\tat com.unity3d.player.UnityPlayer$F.run(Unknown Source:24)\n",
    "is_privacy": true
},
{
    "type": "log",
    "source": "class",
    "method": "setMetaData",
    "package_name": "com.amelosinteractive.snake",
    "class_name": "com.ironsource.mediationsdk.IronSource",
    "timestamp": 1728462851973,
    "ref": "<class: com.ironsource.mediationsdk.IronSource>",
    "arguments": "{\"0\":\"do_not_sell\",\"1\":\"false\"}",
    "stack_trace": "java.lang.Exception\n\tat com.ironsource.mediationsdk.IronSource.setMetaData(Native Method)\n\tat com.ironsource.unity.androidbridge.AndroidBridge.setMetaData(AndroidBridge.java:706)\n\tat com.unity3d.player.UnityPlayer.nativeRender(Native Method)\n\tat com.unity3d.player.UnityPlayer.-$$Nest$mnativeRender(Unknown Source:0)\n\tat com.unity3d.player.UnityPlayer$F$a.handleMessage(Unknown Source:122)\n\tat android.os.Handler.dispatchMessage(Handler.java:102)\n\tat android.os.Looper.loopOnce(Looper.java:255)\n\tat android.os.Looper.loop(Looper.java:364)\n\tat com.unity3d.player.UnityPlayer$F.run(Unknown Source:24)\n",
    "is_privacy": true
},
{
    "type": "log",
    "source": "class",
    "method": "setUserProperty",
    "package_name": "com.amelosinteractive.snake",
    "class_name": "com.google.firebase.analytics.FirebaseAnalytics",
    "timestamp": 1728462851978,
    "ref": "com.google.firebase.analytics.FirebaseAnalytics@7a5b267",
    "arguments": "{\"0\":\"FlightDimension\",\"1\":\"8803\"}",
    "stack_trace": "java.lang.Exception\n\tat com.google.firebase.analytics.FirebaseAnalytics.setUserProperty(Native Method)\n\tat com.unity3d.player.UnityPlayer.nativeRender(Native Method)\n\tat com.unity3d.player.UnityPlayer.-$$Nest$mnativeRender(Unknown Source:0)\n\tat com.unity3d.player.UnityPlayer$F$a.handleMessage(Unknown Source:122)\n\tat android.os.Handler.dispatchMessage(Handler.java:102)\n\tat android.os.Looper.loopOnce(Looper.java:255)\n\tat android.os.Looper.loop(Looper.java:364)\n\tat com.unity3d.player.UnityPlayer$F.run(Unknown Source:24)\n",
    "is_privacy": true
},
{
    "type": "log",
    "source": "class",
    "method": "setTagForUnderAgeOfConsent",
    "package_name": "com.amelosinteractive.snake",
    "class_name": "com.google.android.ump.ConsentRequestParameters$Builder",
    "timestamp": 1728462851980,
    "ref": "com.google.android.ump.ConsentRequestParameters$Builder@e28573b",
    "arguments": "{\"0\":false}",
    "stack_trace": "java.lang.Exception\n\tat com.google.android.ump.ConsentRequestParameters$Builder.setTagForUnderAgeOfConsent(Native Method)\n\tat com.kooapps.unityplugins.ump.UMPManager.requestConsent(UMPManager.java:34)\n\tat com.unity3d.player.UnityPlayer.nativeRender(Native Method)\n\tat com.unity3d.player.UnityPlayer.-$$Nest$mnativeRender(Unknown Source:0)\n\tat com.unity3d.player.UnityPlayer$F$a.handleMessage(Unknown Source:122)\n\tat android.os.Handler.dispatchMessage(Handler.java:102)\n\tat android.os.Looper.loopOnce(Looper.java:255)\n\tat android.os.Looper.loop(Looper.java:364)\n\tat com.unity3d.player.UnityPlayer$F.run(Unknown Source:24)\n",
    "is_privacy": true
},
{
    "type": "log",
    "source": "class",
    "method": "build",
    "package_name": "com.amelosinteractive.snake",
    "class_name": "com.google.android.ump.ConsentRequestParameters$Builder",
    "timestamp": 1728462851983,
    "ref": "com.google.android.ump.ConsentRequestParameters$Builder@e28573b",
    "arguments": "{}",
    "stack_trace": "java.lang.Exception\n\tat com.google.android.ump.ConsentRequestParameters$Builder.build(Native Method)\n\tat com.kooapps.unityplugins.ump.UMPManager.requestConsent(UMPManager.java:35)\n\tat com.unity3d.player.UnityPlayer.nativeRender(Native Method)\n\tat com.unity3d.player.UnityPlayer.-$$Nest$mnativeRender(Unknown Source:0)\n\tat com.unity3d.player.UnityPlayer$F$a.handleMessage(Unknown Source:122)\n\tat android.os.Handler.dispatchMessage(Handler.java:102)\n\tat android.os.Looper.loopOnce(Looper.java:255)\n\tat android.os.Looper.loop(Looper.java:364)\n\tat com.unity3d.player.UnityPlayer$F.run(Unknown Source:24)\n",
    "is_privacy": false
},
{
    "type": "log",
    "source": "class",
    "method": "zzc",
    "package_name": "com.amelosinteractive.snake",
    "class_name": "com.google.android.ump.ConsentRequestParameters$Builder",
    "timestamp": 1728462851987,
    "ref": "<class: com.google.android.ump.ConsentRequestParameters$Builder>",
    "arguments": "{\"0\":\"<instance: com.google.android.ump.ConsentRequestParameters$Builder>\"}",
    "stack_trace": "java.lang.Exception\n\tat com.google.android.ump.ConsentRequestParameters$Builder.zzc(Native Method)\n\tat com.google.android.ump.ConsentRequestParameters.<init>(Unknown Source:3)\n\tat com.google.android.ump.ConsentRequestParameters$Builder.build(Unknown Source:3)\n\tat com.google.android.ump.ConsentRequestParameters$Builder.build(Native Method)\n\tat com.kooapps.unityplugins.ump.UMPManager.requestConsent(UMPManager.java:35)\n\tat com.unity3d.player.UnityPlayer.nativeRender(Native Method)\n\tat com.unity3d.player.UnityPlayer.-$$Nest$mnativeRender(Unknown Source:0)\n\tat com.unity3d.player.UnityPlayer$F$a.handleMessage(Unknown Source:122)\n\tat android.os.Handler.dispatchMessage(Handler.java:102)\n\tat android.os.Looper.loopOnce(Looper.java:255)\n\tat android.os.Looper.loop(Looper.java:364)\n\tat com.unity3d.player.UnityPlayer$F.run(Unknown Source:24)\n",
    "is_privacy": false
},
{
    "type": "log",
    "source": "class",
    "method": "zzb",
    "package_name": "com.amelosinteractive.snake",
    "class_name": "com.google.android.ump.ConsentRequestParameters$Builder",
    "timestamp": 1728462851990,
    "ref": "<class: com.google.android.ump.ConsentRequestParameters$Builder>",
    "arguments": "{\"0\":\"<instance: com.google.android.ump.ConsentRequestParameters$Builder>\"}",
    "stack_trace": "java.lang.Exception\n\tat com.google.android.ump.ConsentRequestParameters$Builder.zzb(Native Method)\n\tat com.google.android.ump.ConsentRequestParameters.<init>(Unknown Source:9)\n\tat com.google.android.ump.ConsentRequestParameters$Builder.build(Unknown Source:3)\n\tat com.google.android.ump.ConsentRequestParameters$Builder.build(Native Method)\n\tat com.kooapps.unityplugins.ump.UMPManager.requestConsent(UMPManager.java:35)\n\tat com.unity3d.player.UnityPlayer.nativeRender(Native Method)\n\tat com.unity3d.player.UnityPlayer.-$$Nest$mnativeRender(Unknown Source:0)\n\tat com.unity3d.player.UnityPlayer$F$a.handleMessage(Unknown Source:122)\n\tat android.os.Handler.dispatchMessage(Handler.java:102)\n\tat android.os.Looper.loopOnce(Looper.java:255)\n\tat android.os.Looper.loop(Looper.java:364)\n\tat com.unity3d.player.UnityPlayer$F.run(Unknown Source:24)\n",
    "is_privacy": false
},
{
    "type": "log",
    "source": "class",
    "method": "zza",
    "package_name": "com.amelosinteractive.snake",
    "class_name": "com.google.android.ump.ConsentRequestParameters$Builder",
    "timestamp": 1728462851994,
    "ref": "<class: com.google.android.ump.ConsentRequestParameters$Builder>",
    "arguments": "{\"0\":\"<instance: com.google.android.ump.ConsentRequestParameters$Builder>\"}",
    "stack_trace": "java.lang.Exception\n\tat com.google.android.ump.ConsentRequestParameters$Builder.zza(Native Method)\n\tat com.google.android.ump.ConsentRequestParameters.<init>(Unknown Source:15)\n\tat com.google.android.ump.ConsentRequestParameters$Builder.build(Unknown Source:3)\n\tat com.google.android.ump.ConsentRequestParameters$Builder.build(Native Method)\n\tat com.kooapps.unityplugins.ump.UMPManager.requestConsent(UMPManager.java:35)\n\tat com.unity3d.player.UnityPlayer.nativeRender(Native Method)\n\tat com.unity3d.player.UnityPlayer.-$$Nest$mnativeRender(Unknown Source:0)\n\tat com.unity3d.player.UnityPlayer$F$a.handleMessage(Unknown Source:122)\n\tat android.os.Handler.dispatchMessage(Handler.java:102)\n\tat android.os.Looper.loopOnce(Looper.java:255)\n\tat android.os.Looper.loop(Looper.java:364)\n\tat com.unity3d.player.UnityPlayer$F.run(Unknown Source:24)\n",
    "is_privacy": false
},
{
    "type": "log",
    "source": "class",
    "method": "getConsentInformation",
    "package_name": "com.amelosinteractive.snake",
    "class_name": "com.google.android.ump.UserMessagingPlatform",
    "timestamp": 1728462851997,
    "ref": "<class: com.google.android.ump.UserMessagingPlatform>",
    "arguments": "{\"0\":\"<instance: android.content.Context, $className: com.kooapps.unity.CustomUnityPlayerActivity>\"}",
    "stack_trace": "java.lang.Exception\n\tat com.google.android.ump.UserMessagingPlatform.getConsentInformation(Native Method)\n\tat com.kooapps.unityplugins.ump.UMPManager.currentConsentInformation(UMPManager.java:23)\n\tat com.kooapps.unityplugins.ump.UMPManager.requestConsent(UMPManager.java:38)\n\tat com.unity3d.player.UnityPlayer.nativeRender(Native Method)\n\tat com.unity3d.player.UnityPlayer.-$$Nest$mnativeRender(Unknown Source:0)\n\tat com.unity3d.player.UnityPlayer$F$a.handleMessage(Unknown Source:122)\n\tat android.os.Handler.dispatchMessage(Handler.java:102)\n\tat android.os.Looper.loopOnce(Looper.java:255)\n\tat android.os.Looper.loop(Looper.java:364)\n\tat com.unity3d.player.UnityPlayer$F.run(Unknown Source:24)\n",
    "is_privacy": false
},
{
    "type": "log",
    "source": "class",
    "method": "getInstance",
    "package_name": "com.amelosinteractive.snake",
    "class_name": "com.google.firebase.analytics.FirebaseAnalytics",
    "timestamp": 1728462851999,
    "ref": "<class: com.google.firebase.analytics.FirebaseAnalytics>",
    "arguments": "{\"0\":\"<instance: android.content.Context, $className: com.kooapps.unity.UnityApplication>\"}",
    "stack_trace": "java.lang.Exception\n\tat com.google.firebase.analytics.FirebaseAnalytics.getInstance(Native Method)\n\tat java.lang.reflect.Method.invoke(Native Method)\n\tat m.oh.f(:com.google.android.gms.dynamite_measurementdynamite@240714038@24.07.14 (190400-0):63)\n\tat m.mu.W(:com.google.android.gms.dynamite_measurementdynamite@240714038@24.07.14 (190400-0):206)\n\tat m.ma.run(:com.google.android.gms.dynamite_measurementdynamite@240714038@24.07.14 (190400-0):11)\n\tat java.util.concurrent.Executors$RunnableAdapter.call(Executors.java:487)\n\tat java.util.concurrent.FutureTask.run(FutureTask.java:290)\n\tat m.kt.run(:com.google.android.gms.dynamite_measurementdynamite@240714038@24.07.14 (190400-0):48)\n",
    "is_privacy": false
},
{
    "type": "log",
    "source": "class",
    "method": "getFirebaseInstanceId",
    "package_name": "com.amelosinteractive.snake",
    "class_name": "com.google.firebase.analytics.FirebaseAnalytics",
    "timestamp": 1728462852004,
    "ref": "com.google.firebase.analytics.FirebaseAnalytics@7a5b267",
    "arguments": "{}",
    "stack_trace": "java.lang.Exception\n\tat com.google.firebase.analytics.FirebaseAnalytics.getFirebaseInstanceId(Native Method)\n\tat java.lang.reflect.Method.invoke(Native Method)\n\tat m.oh.f(:com.google.android.gms.dynamite_measurementdynamite@240714038@24.07.14 (190400-0):65)\n\tat m.mu.W(:com.google.android.gms.dynamite_measurementdynamite@240714038@24.07.14 (190400-0):206)\n\tat m.ma.run(:com.google.android.gms.dynamite_measurementdynamite@240714038@24.07.14 (190400-0):11)\n\tat java.util.concurrent.Executors$RunnableAdapter.call(Executors.java:487)\n\tat java.util.concurrent.FutureTask.run(FutureTask.java:290)\n\tat m.kt.run(:com.google.android.gms.dynamite_measurementdynamite@240714038@24.07.14 (190400-0):48)\n",
    "is_privacy": false
},
{
    "type": "log",
    "source": "class",
    "method": "build",
    "package_name": "com.amelosinteractive.snake",
    "class_name": "com.google.android.ump.ConsentRequestParameters$Builder",
    "timestamp": 1728462852009,
    "ref": "com.google.android.ump.ConsentRequestParameters$Builder@7f2fd88",
    "arguments": "{}",
    "stack_trace": "java.lang.Exception\n\tat com.google.android.ump.ConsentRequestParameters$Builder.build(Native Method)\n\tat com.google.android.gms.internal.consent_sdk.zzj.<init>(Unknown Source:27)\n\tat com.google.android.gms.internal.consent_sdk.zzk.zza(com.google.android.ump:user-messaging-platform@@2.2.0:1)\n\tat com.google.android.gms.internal.consent_sdk.zzdm.zza(com.google.android.ump:user-messaging-platform@@2.2.0:1)\n\tat com.google.android.gms.internal.consent_sdk.zzag.zzb(com.google.android.ump:user-messaging-platform@@2.2.0:1)\n\tat com.google.android.ump.UserMessagingPlatform.getConsentInformation(com.google.android.ump:user-messaging-platform@@2.2.0:1)\n\tat com.google.android.ump.UserMessagingPlatform.getConsentInformation(Native Method)\n\tat com.kooapps.unityplugins.ump.UMPManager.currentConsentInformation(UMPManager.java:23)\n\tat com.kooapps.unityplugins.ump.UMPManager.requestConsent(UMPManager.java:38)\n\tat com.unity3d.player.UnityPlayer.nativeRender(Native Method)\n\tat com.unity3d.player.UnityPlayer.-$$Nest$mnativeRender(Unknown Source:0)\n\tat com.unity3d.player.UnityPlayer$F$a.handleMessage(Unknown Source:122)\n\tat android.os.Handler.dispatchMessage(Handler.java:102)\n\tat android.os.Looper.loopOnce(Looper.java:255)\n\tat android.os.Looper.loop(Looper.java:364)\n\tat com.unity3d.player.UnityPlayer$F.run(Unknown Source:24)\n",
    "is_privacy": false
},
{
    "type": "log",
    "source": "class",
    "method": "zzc",
    "package_name": "com.amelosinteractive.snake",
    "class_name": "com.google.android.ump.ConsentRequestParameters$Builder",
    "timestamp": 1728462852015,
    "ref": "<class: com.google.android.ump.ConsentRequestParameters$Builder>",
    "arguments": "{\"0\":\"<instance: com.google.android.ump.ConsentRequestParameters$Builder>\"}",
    "stack_trace": "java.lang.Exception\n\tat com.google.android.ump.ConsentRequestParameters$Builder.zzc(Native Method)\n\tat com.google.android.ump.ConsentRequestParameters.<init>(Unknown Source:3)\n\tat com.google.android.ump.ConsentRequestParameters$Builder.build(Unknown Source:3)\n\tat com.google.android.ump.ConsentRequestParameters$Builder.build(Native Method)\n\tat com.google.android.gms.internal.consent_sdk.zzj.<init>(Unknown Source:27)\n\tat com.google.android.gms.internal.consent_sdk.zzk.zza(com.google.android.ump:user-messaging-platform@@2.2.0:1)\n\tat com.google.android.gms.internal.consent_sdk.zzdm.zza(com.google.android.ump:user-messaging-platform@@2.2.0:1)\n\tat com.google.android.gms.internal.consent_sdk.zzag.zzb(com.google.android.ump:user-messaging-platform@@2.2.0:1)\n\tat com.google.android.ump.UserMessagingPlatform.getConsentInformation(com.google.android.ump:user-messaging-platform@@2.2.0:1)\n\tat com.google.android.ump.UserMessagingPlatform.getConsentInformation(Native Method)\n\tat com.kooapps.unityplugins.ump.UMPManager.currentConsentInformation(UMPManager.java:23)\n\tat com.kooapps.unityplugins.ump.UMPManager.requestConsent(UMPManager.java:38)\n\tat com.unity3d.player.UnityPlayer.nativeRender(Native Method)\n\tat com.unity3d.player.UnityPlayer.-$$Nest$mnativeRender(Unknown Source:0)\n\tat com.unity3d.player.UnityPlayer$F$a.handleMessage(Unknown Source:122)\n\tat android.os.Handler.dispatchMessage(Handler.java:102)\n\tat android.os.Looper.loopOnce(Looper.java:255)\n\tat android.os.Looper.loop(Looper.java:364)\n\tat com.unity3d.player.UnityPlayer$F.run(Unknown Source:24)\n",
    "is_privacy": false
},
{
    "type": "log",
    "source": "class",
    "method": "zzb",
    "package_name": "com.amelosinteractive.snake",
    "class_name": "com.google.android.ump.ConsentRequestParameters$Builder",
    "timestamp": 1728462852021,
    "ref": "<class: com.google.android.ump.ConsentRequestParameters$Builder>",
    "arguments": "{\"0\":\"<instance: com.google.android.ump.ConsentRequestParameters$Builder>\"}",
    "stack_trace": "java.lang.Exception\n\tat com.google.android.ump.ConsentRequestParameters$Builder.zzb(Native Method)\n\tat com.google.android.ump.ConsentRequestParameters.<init>(Unknown Source:9)\n\tat com.google.android.ump.ConsentRequestParameters$Builder.build(Unknown Source:3)\n\tat com.google.android.ump.ConsentRequestParameters$Builder.build(Native Method)\n\tat com.google.android.gms.internal.consent_sdk.zzj.<init>(Unknown Source:27)\n\tat com.google.android.gms.internal.consent_sdk.zzk.zza(com.google.android.ump:user-messaging-platform@@2.2.0:1)\n\tat com.google.android.gms.internal.consent_sdk.zzdm.zza(com.google.android.ump:user-messaging-platform@@2.2.0:1)\n\tat com.google.android.gms.internal.consent_sdk.zzag.zzb(com.google.android.ump:user-messaging-platform@@2.2.0:1)\n\tat com.google.android.ump.UserMessagingPlatform.getConsentInformation(com.google.android.ump:user-messaging-platform@@2.2.0:1)\n\tat com.google.android.ump.UserMessagingPlatform.getConsentInformation(Native Method)\n\tat com.kooapps.unityplugins.ump.UMPManager.currentConsentInformation(UMPManager.java:23)\n\tat com.kooapps.unityplugins.ump.UMPManager.requestConsent(UMPManager.java:38)\n\tat com.unity3d.player.UnityPlayer.nativeRender(Native Method)\n\tat com.unity3d.player.UnityPlayer.-$$Nest$mnativeRender(Unknown Source:0)\n\tat com.unity3d.player.UnityPlayer$F$a.handleMessage(Unknown Source:122)\n\tat android.os.Handler.dispatchMessage(Handler.java:102)\n\tat android.os.Looper.loopOnce(Looper.java:255)\n\tat android.os.Looper.loop(Looper.java:364)\n\tat com.unity3d.player.UnityPlayer$F.run(Unknown Source:24)\n",
    "is_privacy": false
},
{
    "type": "log",
    "source": "class",
    "method": "zza",
    "package_name": "com.amelosinteractive.snake",
    "class_name": "com.google.android.ump.ConsentRequestParameters$Builder",
    "timestamp": 1728462852026,
    "ref": "<class: com.google.android.ump.ConsentRequestParameters$Builder>",
    "arguments": "{\"0\":\"<instance: com.google.android.ump.ConsentRequestParameters$Builder>\"}",
    "stack_trace": "java.lang.Exception\n\tat com.google.android.ump.ConsentRequestParameters$Builder.zza(Native Method)\n\tat com.google.android.ump.ConsentRequestParameters.<init>(Unknown Source:15)\n\tat com.google.android.ump.ConsentRequestParameters$Builder.build(Unknown Source:3)\n\tat com.google.android.ump.ConsentRequestParameters$Builder.build(Native Method)\n\tat com.google.android.gms.internal.consent_sdk.zzj.<init>(Unknown Source:27)\n\tat com.google.android.gms.internal.consent_sdk.zzk.zza(com.google.android.ump:user-messaging-platform@@2.2.0:1)\n\tat com.google.android.gms.internal.consent_sdk.zzdm.zza(com.google.android.ump:user-messaging-platform@@2.2.0:1)\n\tat com.google.android.gms.internal.consent_sdk.zzag.zzb(com.google.android.ump:user-messaging-platform@@2.2.0:1)\n\tat com.google.android.ump.UserMessagingPlatform.getConsentInformation(com.google.android.ump:user-messaging-platform@@2.2.0:1)\n\tat com.google.android.ump.UserMessagingPlatform.getConsentInformation(Native Method)\n\tat com.kooapps.unityplugins.ump.UMPManager.currentConsentInformation(UMPManager.java:23)\n\tat com.kooapps.unityplugins.ump.UMPManager.requestConsent(UMPManager.java:38)\n\tat com.unity3d.player.UnityPlayer.nativeRender(Native Method)\n\tat com.unity3d.player.UnityPlayer.-$$Nest$mnativeRender(Unknown Source:0)\n\tat com.unity3d.player.UnityPlayer$F$a.handleMessage(Unknown Source:122)\n\tat android.os.Handler.dispatchMessage(Handler.java:102)\n\tat android.os.Looper.loopOnce(Looper.java:255)\n\tat android.os.Looper.loop(Looper.java:364)\n\tat com.unity3d.player.UnityPlayer$F.run(Unknown Source:24)\n",
    "is_privacy": false
},
{
    "type": "log",
    "source": "class",
    "method": "getConsentDebugSettings",
    "package_name": "com.amelosinteractive.snake",
    "class_name": "com.google.android.ump.ConsentRequestParameters",
    "timestamp": 1728462852034,
    "ref": "com.google.android.ump.ConsentRequestParameters@4b1f5a0",
    "arguments": "{}",
    "stack_trace": "java.lang.Exception\n\tat com.google.android.ump.ConsentRequestParameters.getConsentDebugSettings(Native Method)\n\tat com.google.android.gms.internal.consent_sdk.zzu.zzb(com.google.android.ump:user-messaging-platform@@2.2.0:1)\n\tat com.google.android.gms.internal.consent_sdk.zzq.run(Unknown Source:10)\n\tat java.util.concurrent.ThreadPoolExecutor.runWorker(ThreadPoolExecutor.java:1145)\n\tat java.util.concurrent.ThreadPoolExecutor$Worker.run(ThreadPoolExecutor.java:644)\n\tat java.lang.Thread.run(Thread.java:1012)\n",
    "is_privacy": false
},
{
    "type": "log",
    "source": "class",
    "method": "getConsentDebugSettings",
    "package_name": "com.amelosinteractive.snake",
    "class_name": "com.google.android.ump.ConsentRequestParameters",
    "timestamp": 1728462852041,
    "ref": "com.google.android.ump.ConsentRequestParameters@4b1f5a0",
    "arguments": "{}",
    "stack_trace": "java.lang.Exception\n\tat com.google.android.ump.ConsentRequestParameters.getConsentDebugSettings(Native Method)\n\tat com.google.android.gms.internal.consent_sdk.zzl.zzc(com.google.android.ump:user-messaging-platform@@2.2.0:1)\n\tat com.google.android.gms.internal.consent_sdk.zzu.zzb(com.google.android.ump:user-messaging-platform@@2.2.0:5)\n\tat com.google.android.gms.internal.consent_sdk.zzq.run(Unknown Source:10)\n\tat java.util.concurrent.ThreadPoolExecutor.runWorker(ThreadPoolExecutor.java:1145)\n\tat java.util.concurrent.ThreadPoolExecutor$Worker.run(ThreadPoolExecutor.java:644)\n\tat java.lang.Thread.run(Thread.java:1012)\n",
    "is_privacy": false
},
{
    "type": "log",
    "source": "class",
    "method": "zza",
    "package_name": "com.amelosinteractive.snake",
    "class_name": "com.google.android.ump.ConsentRequestParameters",
    "timestamp": 1728462852045,
    "ref": "com.google.android.ump.ConsentRequestParameters@4b1f5a0",
    "arguments": "{}",
    "stack_trace": "java.lang.Exception\n\tat com.google.android.ump.ConsentRequestParameters.zza(Native Method)\n\tat com.google.android.gms.internal.consent_sdk.zzn.zza(com.google.android.ump:user-messaging-platform@@2.2.0:2)\n\tat com.google.android.gms.internal.consent_sdk.zzl.zzc(com.google.android.ump:user-messaging-platform@@2.2.0:3)\n\tat com.google.android.gms.internal.consent_sdk.zzu.zzb(com.google.android.ump:user-messaging-platform@@2.2.0:5)\n\tat com.google.android.gms.internal.consent_sdk.zzq.run(Unknown Source:10)\n\tat java.util.concurrent.ThreadPoolExecutor.runWorker(ThreadPoolExecutor.java:1145)\n\tat java.util.concurrent.ThreadPoolExecutor$Worker.run(ThreadPoolExecutor.java:644)\n\tat java.lang.Thread.run(Thread.java:1012)\n",
    "is_privacy": false
},
{
    "type": "log",
    "source": "class",
    "method": "isTagForUnderAgeOfConsent",
    "package_name": "com.amelosinteractive.snake",
    "class_name": "com.google.android.ump.ConsentRequestParameters",
    "timestamp": 1728462852051,
    "ref": "com.google.android.ump.ConsentRequestParameters@4b1f5a0",
    "arguments": "{}",
    "stack_trace": "java.lang.Exception\n\tat com.google.android.ump.ConsentRequestParameters.isTagForUnderAgeOfConsent(Native Method)\n\tat com.google.android.gms.internal.consent_sdk.zzn.zza(com.google.android.ump:user-messaging-platform@@2.2.0:17)\n\tat com.google.android.gms.internal.consent_sdk.zzl.zzc(com.google.android.ump:user-messaging-platform@@2.2.0:3)\n\tat com.google.android.gms.internal.consent_sdk.zzu.zzb(com.google.android.ump:user-messaging-platform@@2.2.0:5)\n\tat com.google.android.gms.internal.consent_sdk.zzq.run(Unknown Source:10)\n\tat java.util.concurrent.ThreadPoolExecutor.runWorker(ThreadPoolExecutor.java:1145)\n\tat java.util.concurrent.ThreadPoolExecutor$Worker.run(ThreadPoolExecutor.java:644)\n\tat java.lang.Thread.run(Thread.java:1012)\n",
    "is_privacy": false
},
{
    "type": "log",
    "source": "class",
    "method": "logEvent",
    "package_name": "com.amelosinteractive.snake",
    "class_name": "com.google.firebase.analytics.FirebaseAnalytics",
    "timestamp": 1728462852827,
    "ref": "com.google.firebase.analytics.FirebaseAnalytics@7a5b267",
    "arguments": "{\"0\":\"Tutorial_Start\",\"1\":\"<instance: android.os.Bundle>\"}",
    "stack_trace": "java.lang.Exception\n\tat com.google.firebase.analytics.FirebaseAnalytics.logEvent(Native Method)\n\tat com.unity3d.player.UnityPlayer.nativeRender(Native Method)\n\tat com.unity3d.player.UnityPlayer.-$$Nest$mnativeRender(Unknown Source:0)\n\tat com.unity3d.player.UnityPlayer$F$a.handleMessage(Unknown Source:122)\n\tat android.os.Handler.dispatchMessage(Handler.java:102)\n\tat android.os.Looper.loopOnce(Looper.java:255)\n\tat android.os.Looper.loop(Looper.java:364)\n\tat com.unity3d.player.UnityPlayer$F.run(Unknown Source:24)\n",
    "is_privacy": false
},
{
    "type": "log",
    "source": "class",
    "method": "logEvent",
    "package_name": "com.amelosinteractive.snake",
    "class_name": "com.google.firebase.analytics.FirebaseAnalytics",
    "timestamp": 1728462852831,
    "ref": "com.google.firebase.analytics.FirebaseAnalytics@7a5b267",
    "arguments": "{\"0\":\"Show_Screen\",\"1\":\"<instance: android.os.Bundle>\"}",
    "stack_trace": "java.lang.Exception\n\tat com.google.firebase.analytics.FirebaseAnalytics.logEvent(Native Method)\n\tat com.unity3d.player.UnityPlayer.nativeRender(Native Method)\n\tat com.unity3d.player.UnityPlayer.-$$Nest$mnativeRender(Unknown Source:0)\n\tat com.unity3d.player.UnityPlayer$F$a.handleMessage(Unknown Source:122)\n\tat android.os.Handler.dispatchMessage(Handler.java:102)\n\tat android.os.Looper.loopOnce(Looper.java:255)\n\tat android.os.Looper.loop(Looper.java:364)\n\tat com.unity3d.player.UnityPlayer$F.run(Unknown Source:24)\n",
    "is_privacy": false
},
{
    "type": "log",
    "source": "class",
    "method": "getInstance",
    "package_name": "com.amelosinteractive.snake",
    "class_name": "com.google.firebase.analytics.FirebaseAnalytics",
    "timestamp": 1728462852883,
    "ref": "<class: com.google.firebase.analytics.FirebaseAnalytics>",
    "arguments": "{\"0\":\"<instance: android.content.Context, $className: com.kooapps.unity.UnityApplication>\"}",
    "stack_trace": "java.lang.Exception\n\tat com.google.firebase.analytics.FirebaseAnalytics.getInstance(Native Method)\n\tat java.lang.reflect.Method.invoke(Native Method)\n\tat m.oh.f(:com.google.android.gms.dynamite_measurementdynamite@240714038@24.07.14 (190400-0):63)\n\tat m.mu.aa(:com.google.android.gms.dynamite_measurementdynamite@240714038@24.07.14 (190400-0):165)\n\tat m.lz.run(:com.google.android.gms.dynamite_measurementdynamite@240714038@24.07.14 (190400-0):17)\n\tat java.util.concurrent.Executors$RunnableAdapter.call(Executors.java:487)\n\tat java.util.concurrent.FutureTask.run(FutureTask.java:290)\n\tat m.kt.run(:com.google.android.gms.dynamite_measurementdynamite@240714038@24.07.14 (190400-0):48)\n",
    "is_privacy": false
},
{
    "type": "log",
    "source": "class",
    "method": "getFirebaseInstanceId",
    "package_name": "com.amelosinteractive.snake",
    "class_name": "com.google.firebase.analytics.FirebaseAnalytics",
    "timestamp": 1728462852885,
    "ref": "com.google.firebase.analytics.FirebaseAnalytics@7a5b267",
    "arguments": "{}",
    "stack_trace": "java.lang.Exception\n\tat com.google.firebase.analytics.FirebaseAnalytics.getFirebaseInstanceId(Native Method)\n\tat java.lang.reflect.Method.invoke(Native Method)\n\tat m.oh.f(:com.google.android.gms.dynamite_measurementdynamite@240714038@24.07.14 (190400-0):65)\n\tat m.mu.aa(:com.google.android.gms.dynamite_measurementdynamite@240714038@24.07.14 (190400-0):165)\n\tat m.lz.run(:com.google.android.gms.dynamite_measurementdynamite@240714038@24.07.14 (190400-0):17)\n\tat java.util.concurrent.Executors$RunnableAdapter.call(Executors.java:487)\n\tat java.util.concurrent.FutureTask.run(FutureTask.java:290)\n\tat m.kt.run(:com.google.android.gms.dynamite_measurementdynamite@240714038@24.07.14 (190400-0):48)\n",
    "is_privacy": false
},
{
    "type": "log",
    "source": "class",
    "method": "getInstance",
    "package_name": "com.amelosinteractive.snake",
    "class_name": "com.google.firebase.analytics.FirebaseAnalytics",
    "timestamp": 1728462852995,
    "ref": "<class: com.google.firebase.analytics.FirebaseAnalytics>",
    "arguments": "{\"0\":\"<instance: android.content.Context, $className: com.kooapps.unity.UnityApplication>\"}",
    "stack_trace": "java.lang.Exception\n\tat com.google.firebase.analytics.FirebaseAnalytics.getInstance(Native Method)\n\tat java.lang.reflect.Method.invoke(Native Method)\n\tat m.oh.f(:com.google.android.gms.dynamite_measurementdynamite@240714038@24.07.14 (190400-0):63)\n\tat m.mu.aa(:com.google.android.gms.dynamite_measurementdynamite@240714038@24.07.14 (190400-0):165)\n\tat m.lz.run(:com.google.android.gms.dynamite_measurementdynamite@240714038@24.07.14 (190400-0):17)\n\tat java.util.concurrent.Executors$RunnableAdapter.call(Executors.java:487)\n\tat java.util.concurrent.FutureTask.run(FutureTask.java:290)\n\tat m.kt.run(:com.google.android.gms.dynamite_measurementdynamite@240714038@24.07.14 (190400-0):48)\n",
    "is_privacy": false
},
{
    "type": "log",
    "source": "class",
    "method": "getFirebaseInstanceId",
    "package_name": "com.amelosinteractive.snake",
    "class_name": "com.google.firebase.analytics.FirebaseAnalytics",
    "timestamp": 1728462852998,
    "ref": "com.google.firebase.analytics.FirebaseAnalytics@7a5b267",
    "arguments": "{}",
    "stack_trace": "java.lang.Exception\n\tat com.google.firebase.analytics.FirebaseAnalytics.getFirebaseInstanceId(Native Method)\n\tat java.lang.reflect.Method.invoke(Native Method)\n\tat m.oh.f(:com.google.android.gms.dynamite_measurementdynamite@240714038@24.07.14 (190400-0):65)\n\tat m.mu.aa(:com.google.android.gms.dynamite_measurementdynamite@240714038@24.07.14 (190400-0):165)\n\tat m.lz.run(:com.google.android.gms.dynamite_measurementdynamite@240714038@24.07.14 (190400-0):17)\n\tat java.util.concurrent.Executors$RunnableAdapter.call(Executors.java:487)\n\tat java.util.concurrent.FutureTask.run(FutureTask.java:290)\n\tat m.kt.run(:com.google.android.gms.dynamite_measurementdynamite@240714038@24.07.14 (190400-0):48)\n",
    "is_privacy": false
},
{
    "type": "log",
    "source": "class",
    "method": "getVersion",
    "package_name": "com.amelosinteractive.snake",
    "class_name": "com.google.android.gms.ads.MobileAds",
    "timestamp": 1728462853851,
    "ref": "<class: com.google.android.gms.ads.MobileAds>",
    "arguments": "{}",
    "stack_trace": "java.lang.Exception\n\tat com.google.android.gms.ads.MobileAds.getVersion(Native Method)\n\tat com.ironsource.adapters.admob.AdMobAdapter.getAdapterSDKVersion(AdMobAdapter.java:140)\n\tat com.ironsource.adapters.admob.AdMobAdapter.getCoreSDKVersion(AdMobAdapter.java:136)\n\tat com.ironsource.mediationsdk.c.a(Unknown Source:65)\n\tat com.ironsource.mediationsdk.q.a(Unknown Source:43)\n\tat com.ironsource.mediationsdk.q.a(Unknown Source:0)\n\tat com.ironsource.mediationsdk.q$a.run(Unknown Source:10)\n\tat com.ironsource.environment.thread.IronSourceThreadManager.executeTasks(Unknown Source:23)\n\tat com.ironsource.mediationsdk.q.a(Unknown Source:46)\n\tat com.ironsource.mediationsdk.q.<init>(Unknown Source:188)\n\tat com.ironsource.mediationsdk.p.d0(Unknown Source:61)\n\tat com.ironsource.mediationsdk.p.g0(Unknown Source:43)\n\tat com.ironsource.mediationsdk.p.b(Unknown Source:26)\n\tat com.ironsource.mediationsdk.p.a(Unknown Source:160)\n\tat com.ironsource.mediationsdk.s$a.run(Unknown Source:368)\n\tat android.os.Handler.handleCallback(Handler.java:958)\n\tat android.os.Handler.dispatchMessage(Handler.java:99)\n\tat android.os.Looper.loopOnce(Looper.java:255)\n\tat android.os.Looper.loop(Looper.java:364)\n\tat android.os.HandlerThread.run(HandlerThread.java:67)\n",
    "is_privacy": false
},
{
    "type": "log",
    "source": "class",
    "method": "build",
    "package_name": "com.amelosinteractive.snake",
    "class_name": "com.google.android.gms.ads.RequestConfiguration$Builder",
    "timestamp": 1728462853859,
    "ref": "com.google.android.gms.ads.RequestConfiguration$Builder@30074a",
    "arguments": "{}",
    "stack_trace": "java.lang.Exception\n\tat com.google.android.gms.ads.RequestConfiguration$Builder.build(Native Method)\n\tat com.google.android.gms.ads.internal.client.zzej.<init>(com.google.android.gms:play-services-ads-lite@@23.0.0:2)\n\tat com.google.android.gms.ads.internal.client.zzej.zzf(com.google.android.gms:play-services-ads-lite@@23.0.0:1)\n\tat com.google.android.gms.ads.MobileAds.getVersion(com.google.android.gms:play-services-ads-lite@@23.0.0:1)\n\tat com.google.android.gms.ads.MobileAds.getVersion(Native Method)\n\tat com.ironsource.adapters.admob.AdMobAdapter.getAdapterSDKVersion(AdMobAdapter.java:140)\n\tat com.ironsource.adapters.admob.AdMobAdapter.getCoreSDKVersion(AdMobAdapter.java:136)\n\tat com.ironsource.mediationsdk.c.a(Unknown Source:65)\n\tat com.ironsource.mediationsdk.q.a(Unknown Source:43)\n\tat com.ironsource.mediationsdk.q.a(Unknown Source:0)\n\tat com.ironsource.mediationsdk.q$a.run(Unknown Source:10)\n\tat com.ironsource.environment.thread.IronSourceThreadManager.executeTasks(Unknown Source:23)\n\tat com.ironsource.mediationsdk.q.a(Unknown Source:46)\n\tat com.ironsource.mediationsdk.q.<init>(Unknown Source:188)\n\tat com.ironsource.mediationsdk.p.d0(Unknown Source:61)\n\tat com.ironsource.mediationsdk.p.g0(Unknown Source:43)\n\tat com.ironsource.mediationsdk.p.b(Unknown Source:26)\n\tat com.ironsource.mediationsdk.p.a(Unknown Source:160)\n\tat com.ironsource.mediationsdk.s$a.run(Unknown Source:368)\n\tat android.os.Handler.handleCallback(Handler.java:958)\n\tat android.os.Handler.dispatchMessage(Handler.java:99)\n\tat android.os.Looper.loopOnce(Looper.java:255)\n\tat android.os.Looper.loop(Looper.java:364)\n\tat android.os.HandlerThread.run(HandlerThread.java:67)\n",
    "is_privacy": false
},
{
    "type": "log",
    "source": "class",
    "method": "setDoNotSell",
    "package_name": "com.amelosinteractive.snake",
    "class_name": "com.applovin.sdk.AppLovinPrivacySettings",
    "timestamp": 1728462853887,
    "ref": "<class: com.applovin.sdk.AppLovinPrivacySettings>",
    "arguments": "{\"0\":false,\"1\":\"<instance: android.content.Context, $className: com.kooapps.unity.UnityApplication>\"}",
    "stack_trace": "java.lang.Exception\n\tat com.applovin.sdk.AppLovinPrivacySettings.setDoNotSell(Native Method)\n\tat com.ironsource.adapters.applovin.AppLovinAdapter.setCCPAValue(AppLovinAdapter.java:640)\n\tat com.ironsource.adapters.applovin.AppLovinAdapter.setMetaData(AppLovinAdapter.java:617)\n\tat com.ironsource.mediationsdk.c.c(Unknown Source:67)\n\tat com.ironsource.mediationsdk.c.a(Unknown Source:152)\n\tat com.ironsource.mediationsdk.q.a(Unknown Source:43)\n\tat com.ironsource.mediationsdk.q.a(Unknown Source:0)\n\tat com.ironsource.mediationsdk.q$a.run(Unknown Source:10)\n\tat com.ironsource.environment.thread.IronSourceThreadManager.executeTasks(Unknown Source:23)\n\tat com.ironsource.mediationsdk.q.a(Unknown Source:46)\n\tat com.ironsource.mediationsdk.q.<init>(Unknown Source:188)\n\tat com.ironsource.mediationsdk.p.d0(Unknown Source:61)\n\tat com.ironsource.mediationsdk.p.g0(Unknown Source:43)\n\tat com.ironsource.mediationsdk.p.b(Unknown Source:26)\n\tat com.ironsource.mediationsdk.p.a(Unknown Source:160)\n\tat com.ironsource.mediationsdk.s$a.run(Unknown Source:368)\n\tat android.os.Handler.handleCallback(Handler.java:958)\n\tat android.os.Handler.dispatchMessage(Handler.java:99)\n\tat android.os.Looper.loopOnce(Looper.java:255)\n\tat android.os.Looper.loop(Looper.java:364)\n\tat android.os.HandlerThread.run(HandlerThread.java:67)\n",
    "is_privacy": true
},
{
    "type": "log",
    "source": "class",
    "method": "reinitializeAll",
    "package_name": "com.amelosinteractive.snake",
    "class_name": "com.applovin.sdk.AppLovinSdk",
    "timestamp": 1728462853899,
    "ref": "<class: com.applovin.sdk.AppLovinSdk>",
    "arguments": "{\"0\":null,\"1\":null,\"2\":\"<instance: java.lang.Boolean>\"}",
    "stack_trace": "java.lang.Exception\n\tat com.applovin.sdk.AppLovinSdk.reinitializeAll(Native Method)\n\tat com.applovin.sdk.AppLovinPrivacySettings.setDoNotSell(SourceFile:6)\n\tat com.applovin.sdk.AppLovinPrivacySettings.setDoNotSell(Native Method)\n\tat com.ironsource.adapters.applovin.AppLovinAdapter.setCCPAValue(AppLovinAdapter.java:640)\n\tat com.ironsource.adapters.applovin.AppLovinAdapter.setMetaData(AppLovinAdapter.java:617)\n\tat com.ironsource.mediationsdk.c.c(Unknown Source:67)\n\tat com.ironsource.mediationsdk.c.a(Unknown Source:152)\n\tat com.ironsource.mediationsdk.q.a(Unknown Source:43)\n\tat com.ironsource.mediationsdk.q.a(Unknown Source:0)\n\tat com.ironsource.mediationsdk.q$a.run(Unknown Source:10)\n\tat com.ironsource.environment.thread.IronSourceThreadManager.executeTasks(Unknown Source:23)\n\tat com.ironsource.mediationsdk.q.a(Unknown Source:46)\n\tat com.ironsource.mediationsdk.q.<init>(Unknown Source:188)\n\tat com.ironsource.mediationsdk.p.d0(Unknown Source:61)\n\tat com.ironsource.mediationsdk.p.g0(Unknown Source:43)\n\tat com.ironsource.mediationsdk.p.b(Unknown Source:26)\n\tat com.ironsource.mediationsdk.p.a(Unknown Source:160)\n\tat com.ironsource.mediationsdk.s$a.run(Unknown Source:368)\n\tat android.os.Handler.handleCallback(Handler.java:958)\n\tat android.os.Handler.dispatchMessage(Handler.java:99)\n\tat android.os.Looper.loopOnce(Looper.java:255)\n\tat android.os.Looper.loop(Looper.java:364)\n\tat android.os.HandlerThread.run(HandlerThread.java:67)\n",
    "is_privacy": false
},
{
    "type": "log",
    "source": "class",
    "method": "getInstances",
    "package_name": "com.amelosinteractive.snake",
    "class_name": "com.applovin.sdk.AppLovinSdk",
    "timestamp": 1728462853908,
    "ref": "<class: com.applovin.sdk.AppLovinSdk>",
    "arguments": "{}",
    "stack_trace": "java.lang.Exception\n\tat com.applovin.sdk.AppLovinSdk.getInstances(Native Method)\n\tat com.applovin.sdk.AppLovinSdk.reinitializeAll(SourceFile:3)\n\tat com.applovin.sdk.AppLovinSdk.reinitializeAll(Native Method)\n\tat com.applovin.sdk.AppLovinPrivacySettings.setDoNotSell(SourceFile:6)\n\tat com.applovin.sdk.AppLovinPrivacySettings.setDoNotSell(Native Method)\n\tat com.ironsource.adapters.applovin.AppLovinAdapter.setCCPAValue(AppLovinAdapter.java:640)\n\tat com.ironsource.adapters.applovin.AppLovinAdapter.setMetaData(AppLovinAdapter.java:617)\n\tat com.ironsource.mediationsdk.c.c(Unknown Source:67)\n\tat com.ironsource.mediationsdk.c.a(Unknown Source:152)\n\tat com.ironsource.mediationsdk.q.a(Unknown Source:43)\n\tat com.ironsource.mediationsdk.q.a(Unknown Source:0)\n\tat com.ironsource.mediationsdk.q$a.run(Unknown Source:10)\n\tat com.ironsource.environment.thread.IronSourceThreadManager.executeTasks(Unknown Source:23)\n\tat com.ironsource.mediationsdk.q.a(Unknown Source:46)\n\tat com.ironsource.mediationsdk.q.<init>(Unknown Source:188)\n\tat com.ironsource.mediationsdk.p.d0(Unknown Source:61)\n\tat com.ironsource.mediationsdk.p.g0(Unknown Source:43)\n\tat com.ironsource.mediationsdk.p.b(Unknown Source:26)\n\tat com.ironsource.mediationsdk.p.a(Unknown Source:160)\n\tat com.ironsource.mediationsdk.s$a.run(Unknown Source:368)\n\tat android.os.Handler.handleCallback(Handler.java:958)\n\tat android.os.Handler.dispatchMessage(Handler.java:99)\n\tat android.os.Looper.loopOnce(Looper.java:255)\n\tat android.os.Looper.loop(Looper.java:364)\n\tat android.os.HandlerThread.run(HandlerThread.java:67)\n",
    "is_privacy": false
},
{
    "type": "log",
    "source": "class",
    "method": "setHasUserConsent",
    "package_name": "com.amelosinteractive.snake",
    "class_name": "com.applovin.sdk.AppLovinPrivacySettings",
    "timestamp": 1728462853920,
    "ref": "<class: com.applovin.sdk.AppLovinPrivacySettings>",
    "arguments": "{\"0\":true,\"1\":\"<instance: android.content.Context, $className: com.kooapps.unity.UnityApplication>\"}",
    "stack_trace": "java.lang.Exception\n\tat com.applovin.sdk.AppLovinPrivacySettings.setHasUserConsent(Native Method)\n\tat com.ironsource.adapters.applovin.AppLovinAdapter.setConsent(AppLovinAdapter.java:630)\n\tat com.ironsource.mediationsdk.AbstractAdapter.setNewConsent(Unknown Source:0)\n\tat com.ironsource.r4.a(Unknown Source:15)\n\tat com.ironsource.mediationsdk.c.a(Unknown Source:160)\n\tat com.ironsource.mediationsdk.q.a(Unknown Source:43)\n\tat com.ironsource.mediationsdk.q.a(Unknown Source:0)\n\tat com.ironsource.mediationsdk.q$a.run(Unknown Source:10)\n\tat com.ironsource.environment.thread.IronSourceThreadManager.executeTasks(Unknown Source:23)\n\tat com.ironsource.mediationsdk.q.a(Unknown Source:46)\n\tat com.ironsource.mediationsdk.q.<init>(Unknown Source:188)\n\tat com.ironsource.mediationsdk.p.d0(Unknown Source:61)\n\tat com.ironsource.mediationsdk.p.g0(Unknown Source:43)\n\tat com.ironsource.mediationsdk.p.b(Unknown Source:26)\n\tat com.ironsource.mediationsdk.p.a(Unknown Source:160)\n\tat com.ironsource.mediationsdk.s$a.run(Unknown Source:368)\n\tat android.os.Handler.handleCallback(Handler.java:958)\n\tat android.os.Handler.dispatchMessage(Handler.java:99)\n\tat android.os.Looper.loopOnce(Looper.java:255)\n\tat android.os.Looper.loop(Looper.java:364)\n\tat android.os.HandlerThread.run(HandlerThread.java:67)\n",
    "is_privacy": true
},
{
    "type": "log",
    "source": "class",
    "method": "reinitializeAll",
    "package_name": "com.amelosinteractive.snake",
    "class_name": "com.applovin.sdk.AppLovinSdk",
    "timestamp": 1728462853929,
    "ref": "<class: com.applovin.sdk.AppLovinSdk>",
    "arguments": "{\"0\":\"<instance: java.lang.Boolean>\",\"1\":null,\"2\":null}",
    "stack_trace": "java.lang.Exception\n\tat com.applovin.sdk.AppLovinSdk.reinitializeAll(Native Method)\n\tat com.applovin.sdk.AppLovinPrivacySettings.setHasUserConsent(SourceFile:6)\n\tat com.applovin.sdk.AppLovinPrivacySettings.setHasUserConsent(Native Method)\n\tat com.ironsource.adapters.applovin.AppLovinAdapter.setConsent(AppLovinAdapter.java:630)\n\tat com.ironsource.mediationsdk.AbstractAdapter.setNewConsent(Unknown Source:0)\n\tat com.ironsource.r4.a(Unknown Source:15)\n\tat com.ironsource.mediationsdk.c.a(Unknown Source:160)\n\tat com.ironsource.mediationsdk.q.a(Unknown Source:43)\n\tat com.ironsource.mediationsdk.q.a(Unknown Source:0)\n\tat com.ironsource.mediationsdk.q$a.run(Unknown Source:10)\n\tat com.ironsource.environment.thread.IronSourceThreadManager.executeTasks(Unknown Source:23)\n\tat com.ironsource.mediationsdk.q.a(Unknown Source:46)\n\tat com.ironsource.mediationsdk.q.<init>(Unknown Source:188)\n\tat com.ironsource.mediationsdk.p.d0(Unknown Source:61)\n\tat com.ironsource.mediationsdk.p.g0(Unknown Source:43)\n\tat com.ironsource.mediationsdk.p.b(Unknown Source:26)\n\tat com.ironsource.mediationsdk.p.a(Unknown Source:160)\n\tat com.ironsource.mediationsdk.s$a.run(Unknown Source:368)\n\tat android.os.Handler.handleCallback(Handler.java:958)\n\tat android.os.Handler.dispatchMessage(Handler.java:99)\n\tat android.os.Looper.loopOnce(Looper.java:255)\n\tat android.os.Looper.loop(Looper.java:364)\n\tat android.os.HandlerThread.run(HandlerThread.java:67)\n",
    "is_privacy": false
},
{
    "type": "log",
    "source": "class",
    "method": "getInstances",
    "package_name": "com.amelosinteractive.snake",
    "class_name": "com.applovin.sdk.AppLovinSdk",
    "timestamp": 1728462853936,
    "ref": "<class: com.applovin.sdk.AppLovinSdk>",
    "arguments": "{}",
    "stack_trace": "java.lang.Exception\n\tat com.applovin.sdk.AppLovinSdk.getInstances(Native Method)\n\tat com.applovin.sdk.AppLovinSdk.reinitializeAll(SourceFile:3)\n\tat com.applovin.sdk.AppLovinSdk.reinitializeAll(Native Method)\n\tat com.applovin.sdk.AppLovinPrivacySettings.setHasUserConsent(SourceFile:6)\n\tat com.applovin.sdk.AppLovinPrivacySettings.setHasUserConsent(Native Method)\n\tat com.ironsource.adapters.applovin.AppLovinAdapter.setConsent(AppLovinAdapter.java:630)\n\tat com.ironsource.mediationsdk.AbstractAdapter.setNewConsent(Unknown Source:0)\n\tat com.ironsource.r4.a(Unknown Source:15)\n\tat com.ironsource.mediationsdk.c.a(Unknown Source:160)\n\tat com.ironsource.mediationsdk.q.a(Unknown Source:43)\n\tat com.ironsource.mediationsdk.q.a(Unknown Source:0)\n\tat com.ironsource.mediationsdk.q$a.run(Unknown Source:10)\n\tat com.ironsource.environment.thread.IronSourceThreadManager.executeTasks(Unknown Source:23)\n\tat com.ironsource.mediationsdk.q.a(Unknown Source:46)\n\tat com.ironsource.mediationsdk.q.<init>(Unknown Source:188)\n\tat com.ironsource.mediationsdk.p.d0(Unknown Source:61)\n\tat com.ironsource.mediationsdk.p.g0(Unknown Source:43)\n\tat com.ironsource.mediationsdk.p.b(Unknown Source:26)\n\tat com.ironsource.mediationsdk.p.a(Unknown Source:160)\n\tat com.ironsource.mediationsdk.s$a.run(Unknown Source:368)\n\tat android.os.Handler.handleCallback(Handler.java:958)\n\tat android.os.Handler.dispatchMessage(Handler.java:99)\n\tat android.os.Looper.loopOnce(Looper.java:255)\n\tat android.os.Looper.loop(Looper.java:364)\n\tat android.os.HandlerThread.run(HandlerThread.java:67)\n",
    "is_privacy": false
},
{
    "type": "log",
    "source": "class",
    "method": "getSDKVersion",
    "package_name": "com.amelosinteractive.snake",
    "class_name": "com.chartboost.sdk.Chartboost",
    "timestamp": 1728462853970,
    "ref": "<class: com.chartboost.sdk.Chartboost>",
    "arguments": "{}",
    "stack_trace": "java.lang.Exception\n\tat com.chartboost.sdk.Chartboost.getSDKVersion(Native Method)\n\tat com.ironsource.adapters.chartboost.ChartboostAdapter.getAdapterSDKVersion(ChartboostAdapter.java:153)\n\tat com.ironsource.adapters.chartboost.ChartboostAdapter.getCoreSDKVersion(ChartboostAdapter.java:149)\n\tat com.ironsource.mediationsdk.c.a(Unknown Source:65)\n\tat com.ironsource.mediationsdk.q.a(Unknown Source:43)\n\tat com.ironsource.mediationsdk.q.a(Unknown Source:0)\n\tat com.ironsource.mediationsdk.q$a.run(Unknown Source:10)\n\tat com.ironsource.environment.thread.IronSourceThreadManager.executeTasks(Unknown Source:23)\n\tat com.ironsource.mediationsdk.q.a(Unknown Source:46)\n\tat com.ironsource.mediationsdk.q.<init>(Unknown Source:188)\n\tat com.ironsource.mediationsdk.p.d0(Unknown Source:61)\n\tat com.ironsource.mediationsdk.p.g0(Unknown Source:43)\n\tat com.ironsource.mediationsdk.p.b(Unknown Source:26)\n\tat com.ironsource.mediationsdk.p.a(Unknown Source:160)\n\tat com.ironsource.mediationsdk.s$a.run(Unknown Source:368)\n\tat android.os.Handler.handleCallback(Handler.java:958)\n\tat android.os.Handler.dispatchMessage(Handler.java:99)\n\tat android.os.Looper.loopOnce(Looper.java:255)\n\tat android.os.Looper.loop(Looper.java:364)\n\tat android.os.HandlerThread.run(HandlerThread.java:67)\n",
    "is_privacy": false
},
{
    "type": "log",
    "source": "class",
    "method": "logEvent",
    "package_name": "com.amelosinteractive.snake",
    "class_name": "com.google.firebase.analytics.FirebaseAnalytics",
    "timestamp": 1728462854296,
    "ref": "com.google.firebase.analytics.FirebaseAnalytics@7a5b267",
    "arguments": "{\"0\":\"Cloud_Save_Merge\",\"1\":\"<instance: android.os.Bundle>\"}",
    "stack_trace": "java.lang.Exception\n\tat com.google.firebase.analytics.FirebaseAnalytics.logEvent(Native Method)\n\tat com.unity3d.player.UnityPlayer.nativeRender(Native Method)\n\tat com.unity3d.player.UnityPlayer.-$$Nest$mnativeRender(Unknown Source:0)\n\tat com.unity3d.player.UnityPlayer$F$a.handleMessage(Unknown Source:122)\n\tat android.os.Handler.dispatchMessage(Handler.java:102)\n\tat android.os.Looper.loopOnce(Looper.java:255)\n\tat android.os.Looper.loop(Looper.java:364)\n\tat com.unity3d.player.UnityPlayer$F.run(Unknown Source:24)\n",
    "is_privacy": false
},
{
    "type": "log",
    "source": "class",
    "method": "logEvent",
    "package_name": "com.amelosinteractive.snake",
    "class_name": "com.google.firebase.analytics.FirebaseAnalytics",
    "timestamp": 1728462854319,
    "ref": "com.google.firebase.analytics.FirebaseAnalytics@7a5b267",
    "arguments": "{\"0\":\"Cloud_Save_Merge\",\"1\":\"<instance: android.os.Bundle>\"}",
    "stack_trace": "java.lang.Exception\n\tat com.google.firebase.analytics.FirebaseAnalytics.logEvent(Native Method)\n\tat com.unity3d.player.UnityPlayer.nativeRender(Native Method)\n\tat com.unity3d.player.UnityPlayer.-$$Nest$mnativeRender(Unknown Source:0)\n\tat com.unity3d.player.UnityPlayer$F$a.handleMessage(Unknown Source:122)\n\tat android.os.Handler.dispatchMessage(Handler.java:102)\n\tat android.os.Looper.loopOnce(Looper.java:255)\n\tat android.os.Looper.loop(Looper.java:364)\n\tat com.unity3d.player.UnityPlayer$F.run(Unknown Source:24)\n",
    "is_privacy": false
},
{
    "type": "log",
    "source": "class",
    "method": "getInstance",
    "package_name": "com.amelosinteractive.snake",
    "class_name": "com.google.firebase.analytics.FirebaseAnalytics",
    "timestamp": 1728462854615,
    "ref": "<class: com.google.firebase.analytics.FirebaseAnalytics>",
    "arguments": "{\"0\":\"<instance: android.content.Context, $className: com.kooapps.unity.UnityApplication>\"}",
    "stack_trace": "java.lang.Exception\n\tat com.google.firebase.analytics.FirebaseAnalytics.getInstance(Native Method)\n\tat java.lang.reflect.Method.invoke(Native Method)\n\tat m.oh.f(:com.google.android.gms.dynamite_measurementdynamite@240714038@24.07.14 (190400-0):63)\n\tat m.mu.aa(:com.google.android.gms.dynamite_measurementdynamite@240714038@24.07.14 (190400-0):165)\n\tat m.lz.run(:com.google.android.gms.dynamite_measurementdynamite@240714038@24.07.14 (190400-0):17)\n\tat java.util.concurrent.Executors$RunnableAdapter.call(Executors.java:487)\n\tat java.util.concurrent.FutureTask.run(FutureTask.java:290)\n\tat m.kt.run(:com.google.android.gms.dynamite_measurementdynamite@240714038@24.07.14 (190400-0):48)\n",
    "is_privacy": false
},
{
    "type": "log",
    "source": "class",
    "method": "getFirebaseInstanceId",
    "package_name": "com.amelosinteractive.snake",
    "class_name": "com.google.firebase.analytics.FirebaseAnalytics",
    "timestamp": 1728462854620,
    "ref": "com.google.firebase.analytics.FirebaseAnalytics@7a5b267",
    "arguments": "{}",
    "stack_trace": "java.lang.Exception\n\tat com.google.firebase.analytics.FirebaseAnalytics.getFirebaseInstanceId(Native Method)\n\tat java.lang.reflect.Method.invoke(Native Method)\n\tat m.oh.f(:com.google.android.gms.dynamite_measurementdynamite@240714038@24.07.14 (190400-0):65)\n\tat m.mu.aa(:com.google.android.gms.dynamite_measurementdynamite@240714038@24.07.14 (190400-0):165)\n\tat m.lz.run(:com.google.android.gms.dynamite_measurementdynamite@240714038@24.07.14 (190400-0):17)\n\tat java.util.concurrent.Executors$RunnableAdapter.call(Executors.java:487)\n\tat java.util.concurrent.FutureTask.run(FutureTask.java:290)\n\tat m.kt.run(:com.google.android.gms.dynamite_measurementdynamite@240714038@24.07.14 (190400-0):48)\n",
    "is_privacy": false
},
{
    "type": "log",
    "source": "class",
    "method": "getInstance",
    "package_name": "com.amelosinteractive.snake",
    "class_name": "com.google.firebase.analytics.FirebaseAnalytics",
    "timestamp": 1728462855066,
    "ref": "<class: com.google.firebase.analytics.FirebaseAnalytics>",
    "arguments": "{\"0\":\"<instance: android.content.Context, $className: com.kooapps.unity.UnityApplication>\"}",
    "stack_trace": "java.lang.Exception\n\tat com.google.firebase.analytics.FirebaseAnalytics.getInstance(Native Method)\n\tat java.lang.reflect.Method.invoke(Native Method)\n\tat m.oh.f(:com.google.android.gms.dynamite_measurementdynamite@240714038@24.07.14 (190400-0):63)\n\tat m.mu.aa(:com.google.android.gms.dynamite_measurementdynamite@240714038@24.07.14 (190400-0):165)\n\tat m.lz.run(:com.google.android.gms.dynamite_measurementdynamite@240714038@24.07.14 (190400-0):17)\n\tat java.util.concurrent.Executors$RunnableAdapter.call(Executors.java:487)\n\tat java.util.concurrent.FutureTask.run(FutureTask.java:290)\n\tat m.kt.run(:com.google.android.gms.dynamite_measurementdynamite@240714038@24.07.14 (190400-0):48)\n",
    "is_privacy": false
},
{
    "type": "log",
    "source": "class",
    "method": "getFirebaseInstanceId",
    "package_name": "com.amelosinteractive.snake",
    "class_name": "com.google.firebase.analytics.FirebaseAnalytics",
    "timestamp": 1728462855070,
    "ref": "com.google.firebase.analytics.FirebaseAnalytics@7a5b267",
    "arguments": "{}",
    "stack_trace": "java.lang.Exception\n\tat com.google.firebase.analytics.FirebaseAnalytics.getFirebaseInstanceId(Native Method)\n\tat java.lang.reflect.Method.invoke(Native Method)\n\tat m.oh.f(:com.google.android.gms.dynamite_measurementdynamite@240714038@24.07.14 (190400-0):65)\n\tat m.mu.aa(:com.google.android.gms.dynamite_measurementdynamite@240714038@24.07.14 (190400-0):165)\n\tat m.lz.run(:com.google.android.gms.dynamite_measurementdynamite@240714038@24.07.14 (190400-0):17)\n\tat java.util.concurrent.Executors$RunnableAdapter.call(Executors.java:487)\n\tat java.util.concurrent.FutureTask.run(FutureTask.java:290)\n\tat m.kt.run(:com.google.android.gms.dynamite_measurementdynamite@240714038@24.07.14 (190400-0):48)\n",
    "is_privacy": false
},
{
    "type": "log",
    "source": "class",
    "method": "buildInitSettings",
    "package_name": "com.amelosinteractive.snake",
    "class_name": "com.facebook.ads.AudienceNetworkAds",
    "timestamp": 1728462855457,
    "ref": "<class: com.facebook.ads.AudienceNetworkAds>",
    "arguments": "{\"0\":\"<instance: android.content.Context, $className: com.kooapps.unity.UnityApplication>\"}",
    "stack_trace": "java.lang.Exception\n\tat com.facebook.ads.AudienceNetworkAds.buildInitSettings(Native Method)\n\tat com.ironsource.adapters.facebook.FacebookAdapter.initSDK(FacebookAdapter.java:132)\n\tat com.ironsource.adapters.facebook.rewardedvideo.FacebookRewardedVideoAdapter.initRewardedVideoWithCallback(FacebookRewardedVideoAdapter.java:116)\n\tat com.ironsource.mediationsdk.AbstractAdapter.initRewardedVideoWithCallback(Unknown Source:8)\n\tat com.ironsource.mediationsdk.r.t(Unknown Source:49)\n\tat com.ironsource.mediationsdk.r.<init>(Unknown Source:65)\n\tat com.ironsource.mediationsdk.q.a(Unknown Source:65)\n\tat com.ironsource.mediationsdk.q.a(Unknown Source:0)\n\tat com.ironsource.mediationsdk.q$a.run(Unknown Source:10)\n\tat com.ironsource.environment.thread.IronSourceThreadManager.executeTasks(Unknown Source:23)\n\tat com.ironsource.mediationsdk.q.a(Unknown Source:46)\n\tat com.ironsource.mediationsdk.q.<init>(Unknown Source:188)\n\tat com.ironsource.mediationsdk.p.d0(Unknown Source:61)\n\tat com.ironsource.mediationsdk.p.g0(Unknown Source:43)\n\tat com.ironsource.mediationsdk.p.b(Unknown Source:26)\n\tat com.ironsource.mediationsdk.p.a(Unknown Source:160)\n\tat com.ironsource.mediationsdk.s$a.run(Unknown Source:368)\n\tat android.os.Handler.handleCallback(Handler.java:958)\n\tat android.os.Handler.dispatchMessage(Handler.java:99)\n\tat android.os.Looper.loopOnce(Looper.java:255)\n\tat android.os.Looper.loop(Looper.java:364)\n\tat android.os.HandlerThread.run(HandlerThread.java:67)\n",
    "is_privacy": false
},
{
    "type": "log",
    "source": "class",
    "method": "setMediationService",
    "package_name": "com.amelosinteractive.snake",
    "class_name": "com.facebook.ads.AdSettings",
    "timestamp": 1728462855463,
    "ref": "<class: com.facebook.ads.AdSettings>",
    "arguments": "{\"0\":\"ironSource_8.0.0:4.3.46\"}",
    "stack_trace": "java.lang.Exception\n\tat com.facebook.ads.AdSettings.setMediationService(Native Method)\n\tat com.facebook.ads.internal.api.InitSettingsBuilder.withMediationService(InitSettingsBuilder.java:42)\n\tat com.facebook.ads.internal.api.InitSettingsBuilder.withMediationService(InitSettingsBuilder.java:19)\n\tat com.ironsource.adapters.facebook.FacebookAdapter.initSDK(FacebookAdapter.java:134)\n\tat com.ironsource.adapters.facebook.rewardedvideo.FacebookRewardedVideoAdapter.initRewardedVideoWithCallback(FacebookRewardedVideoAdapter.java:116)\n\tat com.ironsource.mediationsdk.AbstractAdapter.initRewardedVideoWithCallback(Unknown Source:8)\n\tat com.ironsource.mediationsdk.r.t(Unknown Source:49)\n\tat com.ironsource.mediationsdk.r.<init>(Unknown Source:65)\n\tat com.ironsource.mediationsdk.q.a(Unknown Source:65)\n\tat com.ironsource.mediationsdk.q.a(Unknown Source:0)\n\tat com.ironsource.mediationsdk.q$a.run(Unknown Source:10)\n\tat com.ironsource.environment.thread.IronSourceThreadManager.executeTasks(Unknown Source:23)\n\tat com.ironsource.mediationsdk.q.a(Unknown Source:46)\n\tat com.ironsource.mediationsdk.q.<init>(Unknown Source:188)\n\tat com.ironsource.mediationsdk.p.d0(Unknown Source:61)\n\tat com.ironsource.mediationsdk.p.g0(Unknown Source:43)\n\tat com.ironsource.mediationsdk.p.b(Unknown Source:26)\n\tat com.ironsource.mediationsdk.p.a(Unknown Source:160)\n\tat com.ironsource.mediationsdk.s$a.run(Unknown Source:368)\n\tat android.os.Handler.handleCallback(Handler.java:958)\n\tat android.os.Handler.dispatchMessage(Handler.java:99)\n\tat android.os.Looper.loopOnce(Looper.java:255)\n\tat android.os.Looper.loop(Looper.java:364)\n\tat android.os.HandlerThread.run(HandlerThread.java:67)\n",
    "is_privacy": false
},
{
    "type": "log",
    "source": "class",
    "method": "logEvent",
    "package_name": "com.amelosinteractive.snake",
    "class_name": "com.google.firebase.analytics.FirebaseAnalytics",
    "timestamp": 1728462855485,
    "ref": "com.google.firebase.analytics.FirebaseAnalytics@7a5b267",
    "arguments": "{\"0\":\"Live_Event_Step\",\"1\":\"<instance: android.os.Bundle>\"}",
    "stack_trace": "java.lang.Exception\n\tat com.google.firebase.analytics.FirebaseAnalytics.logEvent(Native Method)\n\tat com.unity3d.player.UnityPlayer.nativeRender(Native Method)\n\tat com.unity3d.player.UnityPlayer.-$$Nest$mnativeRender(Unknown Source:0)\n\tat com.unity3d.player.UnityPlayer$F$a.handleMessage(Unknown Source:122)\n\tat android.os.Handler.dispatchMessage(Handler.java:102)\n\tat android.os.Looper.loopOnce(Looper.java:255)\n\tat android.os.Looper.loop(Looper.java:364)\n\tat com.unity3d.player.UnityPlayer$F.run(Unknown Source:24)\n",
    "is_privacy": false
},
{
    "type": "log",
    "source": "class",
    "method": "getVersion",
    "package_name": "com.amelosinteractive.snake",
    "class_name": "com.google.android.gms.ads.MobileAds",
    "timestamp": 1728462855496,
    "ref": "<class: com.google.android.gms.ads.MobileAds>",
    "arguments": "{}",
    "stack_trace": "java.lang.Exception\n\tat com.google.android.gms.ads.MobileAds.getVersion(Native Method)\n\tat com.ironsource.adapters.admob.AdMobAdapter.getAdapterSDKVersion(AdMobAdapter.java:140)\n\tat com.ironsource.adapters.admob.AdMobAdapter.getCoreSDKVersion(AdMobAdapter.java:136)\n\tat com.ironsource.mediationsdk.c.a(Unknown Source:65)\n\tat com.ironsource.mediationsdk.q.a(Unknown Source:43)\n\tat com.ironsource.mediationsdk.q.a(Unknown Source:0)\n\tat com.ironsource.mediationsdk.q$a.run(Unknown Source:10)\n\tat com.ironsource.environment.thread.IronSourceThreadManager.executeTasks(Unknown Source:23)\n\tat com.ironsource.mediationsdk.q.a(Unknown Source:46)\n\tat com.ironsource.mediationsdk.q.<init>(Unknown Source:188)\n\tat com.ironsource.mediationsdk.p.d0(Unknown Source:61)\n\tat com.ironsource.mediationsdk.p.g0(Unknown Source:43)\n\tat com.ironsource.mediationsdk.p.b(Unknown Source:26)\n\tat com.ironsource.mediationsdk.p.a(Unknown Source:160)\n\tat com.ironsource.mediationsdk.s$a.run(Unknown Source:368)\n\tat android.os.Handler.handleCallback(Handler.java:958)\n\tat android.os.Handler.dispatchMessage(Handler.java:99)\n\tat android.os.Looper.loopOnce(Looper.java:255)\n\tat android.os.Looper.loop(Looper.java:364)\n\tat android.os.HandlerThread.run(HandlerThread.java:67)\n",
    "is_privacy": false
},
{
    "type": "log",
    "source": "class",
    "method": "disableMediationAdapterInitialization",
    "package_name": "com.amelosinteractive.snake",
    "class_name": "com.google.android.gms.ads.MobileAds",
    "timestamp": 1728462855524,
    "ref": "<class: com.google.android.gms.ads.MobileAds>",
    "arguments": "{\"0\":\"<instance: android.content.Context, $className: com.kooapps.unity.UnityApplication>\"}",
    "stack_trace": "java.lang.Exception\n\tat com.google.android.gms.ads.MobileAds.disableMediationAdapterInitialization(Native Method)\n\tat com.ironsource.adapters.admob.AdMobAdapter.initSDK(AdMobAdapter.java:164)\n\tat com.ironsource.adapters.admob.rewardedvideo.AdMobRewardedVideoAdapter.initRewardedVideoWithCallback(AdMobRewardedVideoAdapter.java:103)\n\tat com.ironsource.mediationsdk.AbstractAdapter.initRewardedVideoWithCallback(Unknown Source:8)\n\tat com.ironsource.mediationsdk.r.t(Unknown Source:49)\n\tat com.ironsource.mediationsdk.r.<init>(Unknown Source:65)\n\tat com.ironsource.mediationsdk.q.a(Unknown Source:65)\n\tat com.ironsource.mediationsdk.q.a(Unknown Source:0)\n\tat com.ironsource.mediationsdk.q$a.run(Unknown Source:10)\n\tat com.ironsource.environment.thread.IronSourceThreadManager.executeTasks(Unknown Source:23)\n\tat com.ironsource.mediationsdk.q.a(Unknown Source:46)\n\tat com.ironsource.mediationsdk.q.<init>(Unknown Source:188)\n\tat com.ironsource.mediationsdk.p.d0(Unknown Source:61)\n\tat com.ironsource.mediationsdk.p.g0(Unknown Source:43)\n\tat com.ironsource.mediationsdk.p.b(Unknown Source:26)\n\tat com.ironsource.mediationsdk.p.a(Unknown Source:160)\n\tat com.ironsource.mediationsdk.s$a.run(Unknown Source:368)\n\tat android.os.Handler.handleCallback(Handler.java:958)\n\tat android.os.Handler.dispatchMessage(Handler.java:99)\n\tat android.os.Looper.loopOnce(Looper.java:255)\n\tat android.os.Looper.loop(Looper.java:364)\n\tat android.os.HandlerThread.run(HandlerThread.java:67)\n",
    "is_privacy": false
},
{
    "type": "log",
    "source": "class",
    "method": "initialize",
    "package_name": "com.amelosinteractive.snake",
    "class_name": "com.google.android.gms.ads.MobileAds",
    "timestamp": 1728462855717,
    "ref": "<class: com.google.android.gms.ads.MobileAds>",
    "arguments": "{\"0\":\"<instance: android.content.Context, $className: com.kooapps.unity.UnityApplication>\"}",
    "stack_trace": "java.lang.Exception\n\tat com.google.android.gms.ads.MobileAds.initialize(Native Method)\n\tat com.ironsource.adapters.admob.AdMobAdapter.initSDK(AdMobAdapter.java:192)\n\tat com.ironsource.adapters.admob.rewardedvideo.AdMobRewardedVideoAdapter.initRewardedVideoWithCallback(AdMobRewardedVideoAdapter.java:103)\n\tat com.ironsource.mediationsdk.AbstractAdapter.initRewardedVideoWithCallback(Unknown Source:8)\n\tat com.ironsource.mediationsdk.r.t(Unknown Source:49)\n\tat com.ironsource.mediationsdk.r.<init>(Unknown Source:65)\n\tat com.ironsource.mediationsdk.q.a(Unknown Source:65)\n\tat com.ironsource.mediationsdk.q.a(Unknown Source:0)\n\tat com.ironsource.mediationsdk.q$a.run(Unknown Source:10)\n\tat com.ironsource.environment.thread.IronSourceThreadManager.executeTasks(Unknown Source:23)\n\tat com.ironsource.mediationsdk.q.a(Unknown Source:46)\n\tat com.ironsource.mediationsdk.q.<init>(Unknown Source:188)\n\tat com.ironsource.mediationsdk.p.d0(Unknown Source:61)\n\tat com.ironsource.mediationsdk.p.g0(Unknown Source:43)\n\tat com.ironsource.mediationsdk.p.b(Unknown Source:26)\n\tat com.ironsource.mediationsdk.p.a(Unknown Source:160)\n\tat com.ironsource.mediationsdk.s$a.run(Unknown Source:368)\n\tat android.os.Handler.handleCallback(Handler.java:958)\n\tat android.os.Handler.dispatchMessage(Handler.java:99)\n\tat android.os.Looper.loopOnce(Looper.java:255)\n\tat android.os.Looper.loop(Looper.java:364)\n\tat android.os.HandlerThread.run(HandlerThread.java:67)\n",
    "is_privacy": false
},
{
    "type": "log",
    "source": "class",
    "method": "getTagForChildDirectedTreatment",
    "package_name": "com.amelosinteractive.snake",
    "class_name": "com.google.android.gms.ads.RequestConfiguration",
    "timestamp": 1728462855729,
    "ref": "com.google.android.gms.ads.RequestConfiguration@176c515",
    "arguments": "{}",
    "stack_trace": "java.lang.Exception\n\tat com.google.android.gms.ads.RequestConfiguration.getTagForChildDirectedTreatment(Native Method)\n\tat com.google.android.gms.ads.internal.client.zzej.zzm(com.google.android.gms:play-services-ads-lite@@23.0.0:11)\n\tat com.google.android.gms.ads.MobileAds.initialize(com.google.android.gms:play-services-ads-lite@@23.0.0:2)\n\tat com.google.android.gms.ads.MobileAds.initialize(Native Method)\n\tat com.ironsource.adapters.admob.AdMobAdapter.initSDK(AdMobAdapter.java:192)\n\tat com.ironsource.adapters.admob.rewardedvideo.AdMobRewardedVideoAdapter.initRewardedVideoWithCallback(AdMobRewardedVideoAdapter.java:103)\n\tat com.ironsource.mediationsdk.AbstractAdapter.initRewardedVideoWithCallback(Unknown Source:8)\n\tat com.ironsource.mediationsdk.r.t(Unknown Source:49)\n\tat com.ironsource.mediationsdk.r.<init>(Unknown Source:65)\n\tat com.ironsource.mediationsdk.q.a(Unknown Source:65)\n\tat com.ironsource.mediationsdk.q.a(Unknown Source:0)\n\tat com.ironsource.mediationsdk.q$a.run(Unknown Source:10)\n\tat com.ironsource.environment.thread.IronSourceThreadManager.executeTasks(Unknown Source:23)\n\tat com.ironsource.mediationsdk.q.a(Unknown Source:46)\n\tat com.ironsource.mediationsdk.q.<init>(Unknown Source:188)\n\tat com.ironsource.mediationsdk.p.d0(Unknown Source:61)\n\tat com.ironsource.mediationsdk.p.g0(Unknown Source:43)\n\tat com.ironsource.mediationsdk.p.b(Unknown Source:26)\n\tat com.ironsource.mediationsdk.p.a(Unknown Source:160)\n\tat com.ironsource.mediationsdk.s$a.run(Unknown Source:368)\n\tat android.os.Handler.handleCallback(Handler.java:958)\n\tat android.os.Handler.dispatchMessage(Handler.java:99)\n\tat android.os.Looper.loopOnce(Looper.java:255)\n\tat android.os.Looper.loop(Looper.java:364)\n\tat android.os.HandlerThread.run(HandlerThread.java:67)\n",
    "is_privacy": false
},
{
    "type": "log",
    "source": "class",
    "method": "getTagForUnderAgeOfConsent",
    "package_name": "com.amelosinteractive.snake",
    "class_name": "com.google.android.gms.ads.RequestConfiguration",
    "timestamp": 1728462855742,
    "ref": "com.google.android.gms.ads.RequestConfiguration@176c515",
    "arguments": "{}",
    "stack_trace": "java.lang.Exception\n\tat com.google.android.gms.ads.RequestConfiguration.getTagForUnderAgeOfConsent(Native Method)\n\tat com.google.android.gms.ads.internal.client.zzej.zzm(com.google.android.gms:play-services-ads-lite@@23.0.0:12)\n\tat com.google.android.gms.ads.MobileAds.initialize(com.google.android.gms:play-services-ads-lite@@23.0.0:2)\n\tat com.google.android.gms.ads.MobileAds.initialize(Native Method)\n\tat com.ironsource.adapters.admob.AdMobAdapter.initSDK(AdMobAdapter.java:192)\n\tat com.ironsource.adapters.admob.rewardedvideo.AdMobRewardedVideoAdapter.initRewardedVideoWithCallback(AdMobRewardedVideoAdapter.java:103)\n\tat com.ironsource.mediationsdk.AbstractAdapter.initRewardedVideoWithCallback(Unknown Source:8)\n\tat com.ironsource.mediationsdk.r.t(Unknown Source:49)\n\tat com.ironsource.mediationsdk.r.<init>(Unknown Source:65)\n\tat com.ironsource.mediationsdk.q.a(Unknown Source:65)\n\tat com.ironsource.mediationsdk.q.a(Unknown Source:0)\n\tat com.ironsource.mediationsdk.q$a.run(Unknown Source:10)\n\tat com.ironsource.environment.thread.IronSourceThreadManager.executeTasks(Unknown Source:23)\n\tat com.ironsource.mediationsdk.q.a(Unknown Source:46)\n\tat com.ironsource.mediationsdk.q.<init>(Unknown Source:188)\n\tat com.ironsource.mediationsdk.p.d0(Unknown Source:61)\n\tat com.ironsource.mediationsdk.p.g0(Unknown Source:43)\n\tat com.ironsource.mediationsdk.p.b(Unknown Source:26)\n\tat com.ironsource.mediationsdk.p.a(Unknown Source:160)\n\tat com.ironsource.mediationsdk.s$a.run(Unknown Source:368)\n\tat android.os.Handler.handleCallback(Handler.java:958)\n\tat android.os.Handler.dispatchMessage(Handler.java:99)\n\tat android.os.Looper.loopOnce(Looper.java:255)\n\tat android.os.Looper.loop(Looper.java:364)\n\tat android.os.HandlerThread.run(HandlerThread.java:67)\n",
    "is_privacy": false
},
{
    "type": "log",
    "source": "class",
    "method": "getVersion",
    "package_name": "com.amelosinteractive.snake",
    "class_name": "com.unity3d.ads.UnityAds",
    "timestamp": 1728462855791,
    "ref": "<class: com.unity3d.ads.UnityAds>",
    "arguments": "{}",
    "stack_trace": "java.lang.Exception\n\tat com.unity3d.ads.UnityAds.getVersion(Native Method)\n\tat com.ironsource.adapters.unityads.UnityAdsAdapter.getCoreSDKVersion(UnityAdsAdapter.java:162)\n\tat com.ironsource.mediationsdk.c.a(Unknown Source:65)\n\tat com.ironsource.mediationsdk.q.a(Unknown Source:43)\n\tat com.ironsource.mediationsdk.q.a(Unknown Source:0)\n\tat com.ironsource.mediationsdk.q$a.run(Unknown Source:10)\n\tat com.ironsource.environment.thread.IronSourceThreadManager.executeTasks(Unknown Source:23)\n\tat com.ironsource.mediationsdk.q.a(Unknown Source:46)\n\tat com.ironsource.mediationsdk.q.<init>(Unknown Source:188)\n\tat com.ironsource.mediationsdk.p.d0(Unknown Source:61)\n\tat com.ironsource.mediationsdk.p.g0(Unknown Source:43)\n\tat com.ironsource.mediationsdk.p.b(Unknown Source:26)\n\tat com.ironsource.mediationsdk.p.a(Unknown Source:160)\n\tat com.ironsource.mediationsdk.s$a.run(Unknown Source:368)\n\tat android.os.Handler.handleCallback(Handler.java:958)\n\tat android.os.Handler.dispatchMessage(Handler.java:99)\n\tat android.os.Looper.loopOnce(Looper.java:255)\n\tat android.os.Looper.loop(Looper.java:364)\n\tat android.os.HandlerThread.run(HandlerThread.java:67)\n",
    "is_privacy": false
},
{
    "type": "log",
    "source": "class",
    "method": "getInstance",
    "package_name": "com.amelosinteractive.snake",
    "class_name": "com.google.firebase.analytics.FirebaseAnalytics",
    "timestamp": 1728462855812,
    "ref": "<class: com.google.firebase.analytics.FirebaseAnalytics>",
    "arguments": "{\"0\":\"<instance: android.content.Context, $className: com.kooapps.unity.UnityApplication>\"}",
    "stack_trace": "java.lang.Exception\n\tat com.google.firebase.analytics.FirebaseAnalytics.getInstance(Native Method)\n\tat java.lang.reflect.Method.invoke(Native Method)\n\tat m.oh.f(:com.google.android.gms.dynamite_measurementdynamite@240714038@24.07.14 (190400-0):63)\n\tat m.mu.aa(:com.google.android.gms.dynamite_measurementdynamite@240714038@24.07.14 (190400-0):165)\n\tat m.lz.run(:com.google.android.gms.dynamite_measurementdynamite@240714038@24.07.14 (190400-0):17)\n\tat java.util.concurrent.Executors$RunnableAdapter.call(Executors.java:487)\n\tat java.util.concurrent.FutureTask.run(FutureTask.java:290)\n\tat m.kt.run(:com.google.android.gms.dynamite_measurementdynamite@240714038@24.07.14 (190400-0):48)\n",
    "is_privacy": false
},
{
    "type": "log",
    "source": "class",
    "method": "getFirebaseInstanceId",
    "package_name": "com.amelosinteractive.snake",
    "class_name": "com.google.firebase.analytics.FirebaseAnalytics",
    "timestamp": 1728462855817,
    "ref": "com.google.firebase.analytics.FirebaseAnalytics@7a5b267",
    "arguments": "{}",
    "stack_trace": "java.lang.Exception\n\tat com.google.firebase.analytics.FirebaseAnalytics.getFirebaseInstanceId(Native Method)\n\tat java.lang.reflect.Method.invoke(Native Method)\n\tat m.oh.f(:com.google.android.gms.dynamite_measurementdynamite@240714038@24.07.14 (190400-0):65)\n\tat m.mu.aa(:com.google.android.gms.dynamite_measurementdynamite@240714038@24.07.14 (190400-0):165)\n\tat m.lz.run(:com.google.android.gms.dynamite_measurementdynamite@240714038@24.07.14 (190400-0):17)\n\tat java.util.concurrent.Executors$RunnableAdapter.call(Executors.java:487)\n\tat java.util.concurrent.FutureTask.run(FutureTask.java:290)\n\tat m.kt.run(:com.google.android.gms.dynamite_measurementdynamite@240714038@24.07.14 (190400-0):48)\n",
    "is_privacy": false
},
{
    "type": "log",
    "source": "class",
    "method": "set",
    "package_name": "com.amelosinteractive.snake",
    "class_name": "com.unity3d.ads.metadata.MetaData",
    "timestamp": 1728462855819,
    "ref": "com.unity3d.ads.metadata.MetaData@12d47da",
    "arguments": "{\"0\":\"privacy.consent\",\"1\":\"<instance: java.lang.Object, $className: java.lang.Boolean>\"}",
    "stack_trace": "java.lang.Exception\n\tat com.unity3d.ads.metadata.MetaData.set(Native Method)\n\tat com.ironsource.adapters.unityads.UnityAdsAdapter.setUnityAdsMetaData(UnityAdsAdapter.java:788)\n\tat com.ironsource.adapters.unityads.UnityAdsAdapter.setCCPAValue(UnityAdsAdapter.java:811)\n\tat com.ironsource.adapters.unityads.UnityAdsAdapter.setMetaData(UnityAdsAdapter.java:773)\n\tat com.ironsource.mediationsdk.c.c(Unknown Source:67)\n\tat com.ironsource.mediationsdk.c.a(Unknown Source:152)\n\tat com.ironsource.mediationsdk.q.a(Unknown Source:43)\n\tat com.ironsource.mediationsdk.q.a(Unknown Source:0)\n\tat com.ironsource.mediationsdk.q$a.run(Unknown Source:10)\n\tat com.ironsource.environment.thread.IronSourceThreadManager.executeTasks(Unknown Source:23)\n\tat com.ironsource.mediationsdk.q.a(Unknown Source:46)\n\tat com.ironsource.mediationsdk.q.<init>(Unknown Source:188)\n\tat com.ironsource.mediationsdk.p.d0(Unknown Source:61)\n\tat com.ironsource.mediationsdk.p.g0(Unknown Source:43)\n\tat com.ironsource.mediationsdk.p.b(Unknown Source:26)\n\tat com.ironsource.mediationsdk.p.a(Unknown Source:160)\n\tat com.ironsource.mediationsdk.s$a.run(Unknown Source:368)\n\tat android.os.Handler.handleCallback(Handler.java:958)\n\tat android.os.Handler.dispatchMessage(Handler.java:99)\n\tat android.os.Looper.loopOnce(Looper.java:255)\n\tat android.os.Looper.loop(Looper.java:364)\n\tat android.os.HandlerThread.run(HandlerThread.java:67)\n",
    "is_privacy": false
},
{
    "type": "log",
    "source": "class",
    "method": "getActualKey",
    "package_name": "com.amelosinteractive.snake",
    "class_name": "com.unity3d.ads.metadata.MetaData",
    "timestamp": 1728462855826,
    "ref": "com.unity3d.ads.metadata.MetaData@12d47da",
    "arguments": "{\"0\":\"privacy.consent\"}",
    "stack_trace": "java.lang.Exception\n\tat com.unity3d.ads.metadata.MetaData.getActualKey(Native Method)\n\tat com.unity3d.ads.metadata.MetaData.set(MetaData.java:57)\n\tat com.unity3d.ads.metadata.MetaData.set(Native Method)\n\tat com.ironsource.adapters.unityads.UnityAdsAdapter.setUnityAdsMetaData(UnityAdsAdapter.java:788)\n\tat com.ironsource.adapters.unityads.UnityAdsAdapter.setCCPAValue(UnityAdsAdapter.java:811)\n\tat com.ironsource.adapters.unityads.UnityAdsAdapter.setMetaData(UnityAdsAdapter.java:773)\n\tat com.ironsource.mediationsdk.c.c(Unknown Source:67)\n\tat com.ironsource.mediationsdk.c.a(Unknown Source:152)\n\tat com.ironsource.mediationsdk.q.a(Unknown Source:43)\n\tat com.ironsource.mediationsdk.q.a(Unknown Source:0)\n\tat com.ironsource.mediationsdk.q$a.run(Unknown Source:10)\n\tat com.ironsource.environment.thread.IronSourceThreadManager.executeTasks(Unknown Source:23)\n\tat com.ironsource.mediationsdk.q.a(Unknown Source:46)\n\tat com.ironsource.mediationsdk.q.<init>(Unknown Source:188)\n\tat com.ironsource.mediationsdk.p.d0(Unknown Source:61)\n\tat com.ironsource.mediationsdk.p.g0(Unknown Source:43)\n\tat com.ironsource.mediationsdk.p.b(Unknown Source:26)\n\tat com.ironsource.mediationsdk.p.a(Unknown Source:160)\n\tat com.ironsource.mediationsdk.s$a.run(Unknown Source:368)\n\tat android.os.Handler.handleCallback(Handler.java:958)\n\tat android.os.Handler.dispatchMessage(Handler.java:99)\n\tat android.os.Looper.loopOnce(Looper.java:255)\n\tat android.os.Looper.loop(Looper.java:364)\n\tat android.os.HandlerThread.run(HandlerThread.java:67)\n",
    "is_privacy": false
},
{
    "type": "log",
    "source": "class",
    "method": "getCategory",
    "package_name": "com.amelosinteractive.snake",
    "class_name": "com.unity3d.ads.metadata.MetaData",
    "timestamp": 1728462855837,
    "ref": "com.unity3d.ads.metadata.MetaData@12d47da",
    "arguments": "{}",
    "stack_trace": "java.lang.Exception\n\tat com.unity3d.ads.metadata.MetaData.getCategory(Native Method)\n\tat com.unity3d.ads.metadata.MetaData.getActualKey(MetaData.java:108)\n\tat com.unity3d.ads.metadata.MetaData.getActualKey(Native Method)\n\tat com.unity3d.ads.metadata.MetaData.set(MetaData.java:57)\n\tat com.unity3d.ads.metadata.MetaData.set(Native Method)\n\tat com.ironsource.adapters.unityads.UnityAdsAdapter.setUnityAdsMetaData(UnityAdsAdapter.java:788)\n\tat com.ironsource.adapters.unityads.UnityAdsAdapter.setCCPAValue(UnityAdsAdapter.java:811)\n\tat com.ironsource.adapters.unityads.UnityAdsAdapter.setMetaData(UnityAdsAdapter.java:773)\n\tat com.ironsource.mediationsdk.c.c(Unknown Source:67)\n\tat com.ironsource.mediationsdk.c.a(Unknown Source:152)\n\tat com.ironsource.mediationsdk.q.a(Unknown Source:43)\n\tat com.ironsource.mediationsdk.q.a(Unknown Source:0)\n\tat com.ironsource.mediationsdk.q$a.run(Unknown Source:10)\n\tat com.ironsource.environment.thread.IronSourceThreadManager.executeTasks(Unknown Source:23)\n\tat com.ironsource.mediationsdk.q.a(Unknown Source:46)\n\tat com.ironsource.mediationsdk.q.<init>(Unknown Source:188)\n\tat com.ironsource.mediationsdk.p.d0(Unknown Source:61)\n\tat com.ironsource.mediationsdk.p.g0(Unknown Source:43)\n\tat com.ironsource.mediationsdk.p.b(Unknown Source:26)\n\tat com.ironsource.mediationsdk.p.a(Unknown Source:160)\n\tat com.ironsource.mediationsdk.s$a.run(Unknown Source:368)\n\tat android.os.Handler.handleCallback(Handler.java:958)\n\tat android.os.Handler.dispatchMessage(Handler.java:99)\n\tat android.os.Looper.loopOnce(Looper.java:255)\n\tat android.os.Looper.loop(Looper.java:364)\n\tat android.os.HandlerThread.run(HandlerThread.java:67)\n",
    "is_privacy": false
},
{
    "type": "log",
    "source": "class",
    "method": "getActualKey",
    "package_name": "com.amelosinteractive.snake",
    "class_name": "com.unity3d.ads.metadata.MetaData",
    "timestamp": 1728462855863,
    "ref": "com.unity3d.ads.metadata.MetaData@12d47da",
    "arguments": "{\"0\":\"privacy.consent\"}",
    "stack_trace": "java.lang.Exception\n\tat com.unity3d.ads.metadata.MetaData.getActualKey(Native Method)\n\tat com.unity3d.ads.metadata.MetaData.set(MetaData.java:57)\n\tat com.unity3d.ads.metadata.MetaData.set(Native Method)\n\tat com.ironsource.adapters.unityads.UnityAdsAdapter.setUnityAdsMetaData(UnityAdsAdapter.java:788)\n\tat com.ironsource.adapters.unityads.UnityAdsAdapter.setCCPAValue(UnityAdsAdapter.java:811)\n\tat com.ironsource.adapters.unityads.UnityAdsAdapter.setMetaData(UnityAdsAdapter.java:773)\n\tat com.ironsource.mediationsdk.c.c(Unknown Source:67)\n\tat com.ironsource.mediationsdk.c.a(Unknown Source:152)\n\tat com.ironsource.mediationsdk.q.a(Unknown Source:43)\n\tat com.ironsource.mediationsdk.q.a(Unknown Source:0)\n\tat com.ironsource.mediationsdk.q$a.run(Unknown Source:10)\n\tat com.ironsource.environment.thread.IronSourceThreadManager.executeTasks(Unknown Source:23)\n\tat com.ironsource.mediationsdk.q.a(Unknown Source:46)\n\tat com.ironsource.mediationsdk.q.<init>(Unknown Source:188)\n\tat com.ironsource.mediationsdk.p.d0(Unknown Source:61)\n\tat com.ironsource.mediationsdk.p.g0(Unknown Source:43)\n\tat com.ironsource.mediationsdk.p.b(Unknown Source:26)\n\tat com.ironsource.mediationsdk.p.a(Unknown Source:160)\n\tat com.ironsource.mediationsdk.s$a.run(Unknown Source:368)\n\tat android.os.Handler.handleCallback(Handler.java:958)\n\tat android.os.Handler.dispatchMessage(Handler.java:99)\n\tat android.os.Looper.loopOnce(Looper.java:255)\n\tat android.os.Looper.loop(Looper.java:364)\n\tat android.os.HandlerThread.run(HandlerThread.java:67)\n",
    "is_privacy": false
},
{
    "type": "log",
    "source": "class",
    "method": "getCategory",
    "package_name": "com.amelosinteractive.snake",
    "class_name": "com.unity3d.ads.metadata.MetaData",
    "timestamp": 1728462855868,
    "ref": "com.unity3d.ads.metadata.MetaData@12d47da",
    "arguments": "{}",
    "stack_trace": "java.lang.Exception\n\tat com.unity3d.ads.metadata.MetaData.getCategory(Native Method)\n\tat com.unity3d.ads.metadata.MetaData.getActualKey(MetaData.java:108)\n\tat com.unity3d.ads.metadata.MetaData.getActualKey(Native Method)\n\tat com.unity3d.ads.metadata.MetaData.set(MetaData.java:57)\n\tat com.unity3d.ads.metadata.MetaData.set(Native Method)\n\tat com.ironsource.adapters.unityads.UnityAdsAdapter.setUnityAdsMetaData(UnityAdsAdapter.java:788)\n\tat com.ironsource.adapters.unityads.UnityAdsAdapter.setCCPAValue(UnityAdsAdapter.java:811)\n\tat com.ironsource.adapters.unityads.UnityAdsAdapter.setMetaData(UnityAdsAdapter.java:773)\n\tat com.ironsource.mediationsdk.c.c(Unknown Source:67)\n\tat com.ironsource.mediationsdk.c.a(Unknown Source:152)\n\tat com.ironsource.mediationsdk.q.a(Unknown Source:43)\n\tat com.ironsource.mediationsdk.q.a(Unknown Source:0)\n\tat com.ironsource.mediationsdk.q$a.run(Unknown Source:10)\n\tat com.ironsource.environment.thread.IronSourceThreadManager.executeTasks(Unknown Source:23)\n\tat com.ironsource.mediationsdk.q.a(Unknown Source:46)\n\tat com.ironsource.mediationsdk.q.<init>(Unknown Source:188)\n\tat com.ironsource.mediationsdk.p.d0(Unknown Source:61)\n\tat com.ironsource.mediationsdk.p.g0(Unknown Source:43)\n\tat com.ironsource.mediationsdk.p.b(Unknown Source:26)\n\tat com.ironsource.mediationsdk.p.a(Unknown Source:160)\n\tat com.ironsource.mediationsdk.s$a.run(Unknown Source:368)\n\tat android.os.Handler.handleCallback(Handler.java:958)\n\tat android.os.Handler.dispatchMessage(Handler.java:99)\n\tat android.os.Looper.loopOnce(Looper.java:255)\n\tat android.os.Looper.loop(Looper.java:364)\n\tat android.os.HandlerThread.run(HandlerThread.java:67)\n",
    "is_privacy": false
},
{
    "type": "log",
    "source": "class",
    "method": "commit",
    "package_name": "com.amelosinteractive.snake",
    "class_name": "com.unity3d.ads.metadata.MetaData",
    "timestamp": 1728462855917,
    "ref": "com.unity3d.ads.metadata.MetaData@12d47da",
    "arguments": "{}",
    "stack_trace": "java.lang.Exception\n\tat com.unity3d.ads.metadata.MetaData.commit(Native Method)\n\tat com.ironsource.adapters.unityads.UnityAdsAdapter.setUnityAdsMetaData(UnityAdsAdapter.java:795)\n\tat com.ironsource.adapters.unityads.UnityAdsAdapter.setCCPAValue(UnityAdsAdapter.java:811)\n\tat com.ironsource.adapters.unityads.UnityAdsAdapter.setMetaData(UnityAdsAdapter.java:773)\n\tat com.ironsource.mediationsdk.c.c(Unknown Source:67)\n\tat com.ironsource.mediationsdk.c.a(Unknown Source:152)\n\tat com.ironsource.mediationsdk.q.a(Unknown Source:43)\n\tat com.ironsource.mediationsdk.q.a(Unknown Source:0)\n\tat com.ironsource.mediationsdk.q$a.run(Unknown Source:10)\n\tat com.ironsource.environment.thread.IronSourceThreadManager.executeTasks(Unknown Source:23)\n\tat com.ironsource.mediationsdk.q.a(Unknown Source:46)\n\tat com.ironsource.mediationsdk.q.<init>(Unknown Source:188)\n\tat com.ironsource.mediationsdk.p.d0(Unknown Source:61)\n\tat com.ironsource.mediationsdk.p.g0(Unknown Source:43)\n\tat com.ironsource.mediationsdk.p.b(Unknown Source:26)\n\tat com.ironsource.mediationsdk.p.a(Unknown Source:160)\n\tat com.ironsource.mediationsdk.s$a.run(Unknown Source:368)\n\tat android.os.Handler.handleCallback(Handler.java:958)\n\tat android.os.Handler.dispatchMessage(Handler.java:99)\n\tat android.os.Looper.loopOnce(Looper.java:255)\n\tat android.os.Looper.loop(Looper.java:364)\n\tat android.os.HandlerThread.run(HandlerThread.java:67)\n",
    "is_privacy": false
},
{
    "type": "log",
    "source": "class",
    "method": "set",
    "package_name": "com.amelosinteractive.snake",
    "class_name": "com.unity3d.ads.metadata.MetaData",
    "timestamp": 1728462855967,
    "ref": "com.unity3d.ads.metadata.MetaData@c52078c",
    "arguments": "{\"0\":\"gdpr.consent\",\"1\":\"<instance: java.lang.Object, $className: java.lang.Boolean>\"}",
    "stack_trace": "java.lang.Exception\n\tat com.unity3d.ads.metadata.MetaData.set(Native Method)\n\tat com.ironsource.adapters.unityads.UnityAdsAdapter.setUnityAdsMetaData(UnityAdsAdapter.java:788)\n\tat com.ironsource.adapters.unityads.UnityAdsAdapter.setConsent(UnityAdsAdapter.java:759)\n\tat com.ironsource.mediationsdk.AbstractAdapter.setNewConsent(Unknown Source:0)\n\tat com.ironsource.r4.a(Unknown Source:15)\n\tat com.ironsource.mediationsdk.c.a(Unknown Source:160)\n\tat com.ironsource.mediationsdk.q.a(Unknown Source:43)\n\tat com.ironsource.mediationsdk.q.a(Unknown Source:0)\n\tat com.ironsource.mediationsdk.q$a.run(Unknown Source:10)\n\tat com.ironsource.environment.thread.IronSourceThreadManager.executeTasks(Unknown Source:23)\n\tat com.ironsource.mediationsdk.q.a(Unknown Source:46)\n\tat com.ironsource.mediationsdk.q.<init>(Unknown Source:188)\n\tat com.ironsource.mediationsdk.p.d0(Unknown Source:61)\n\tat com.ironsource.mediationsdk.p.g0(Unknown Source:43)\n\tat com.ironsource.mediationsdk.p.b(Unknown Source:26)\n\tat com.ironsource.mediationsdk.p.a(Unknown Source:160)\n\tat com.ironsource.mediationsdk.s$a.run(Unknown Source:368)\n\tat android.os.Handler.handleCallback(Handler.java:958)\n\tat android.os.Handler.dispatchMessage(Handler.java:99)\n\tat android.os.Looper.loopOnce(Looper.java:255)\n\tat android.os.Looper.loop(Looper.java:364)\n\tat android.os.HandlerThread.run(HandlerThread.java:67)\n",
    "is_privacy": false
},
{
    "type": "log",
    "source": "class",
    "method": "getActualKey",
    "package_name": "com.amelosinteractive.snake",
    "class_name": "com.unity3d.ads.metadata.MetaData",
    "timestamp": 1728462855979,
    "ref": "com.unity3d.ads.metadata.MetaData@c52078c",
    "arguments": "{\"0\":\"gdpr.consent\"}",
    "stack_trace": "java.lang.Exception\n\tat com.unity3d.ads.metadata.MetaData.getActualKey(Native Method)\n\tat com.unity3d.ads.metadata.MetaData.set(MetaData.java:57)\n\tat com.unity3d.ads.metadata.MetaData.set(Native Method)\n\tat com.ironsource.adapters.unityads.UnityAdsAdapter.setUnityAdsMetaData(UnityAdsAdapter.java:788)\n\tat com.ironsource.adapters.unityads.UnityAdsAdapter.setConsent(UnityAdsAdapter.java:759)\n\tat com.ironsource.mediationsdk.AbstractAdapter.setNewConsent(Unknown Source:0)\n\tat com.ironsource.r4.a(Unknown Source:15)\n\tat com.ironsource.mediationsdk.c.a(Unknown Source:160)\n\tat com.ironsource.mediationsdk.q.a(Unknown Source:43)\n\tat com.ironsource.mediationsdk.q.a(Unknown Source:0)\n\tat com.ironsource.mediationsdk.q$a.run(Unknown Source:10)\n\tat com.ironsource.environment.thread.IronSourceThreadManager.executeTasks(Unknown Source:23)\n\tat com.ironsource.mediationsdk.q.a(Unknown Source:46)\n\tat com.ironsource.mediationsdk.q.<init>(Unknown Source:188)\n\tat com.ironsource.mediationsdk.p.d0(Unknown Source:61)\n\tat com.ironsource.mediationsdk.p.g0(Unknown Source:43)\n\tat com.ironsource.mediationsdk.p.b(Unknown Source:26)\n\tat com.ironsource.mediationsdk.p.a(Unknown Source:160)\n\tat com.ironsource.mediationsdk.s$a.run(Unknown Source:368)\n\tat android.os.Handler.handleCallback(Handler.java:958)\n\tat android.os.Handler.dispatchMessage(Handler.java:99)\n\tat android.os.Looper.loopOnce(Looper.java:255)\n\tat android.os.Looper.loop(Looper.java:364)\n\tat android.os.HandlerThread.run(HandlerThread.java:67)\n",
    "is_privacy": false
},
{
    "type": "log",
    "source": "class",
    "method": "getCategory",
    "package_name": "com.amelosinteractive.snake",
    "class_name": "com.unity3d.ads.metadata.MetaData",
    "timestamp": 1728462855995,
    "ref": "com.unity3d.ads.metadata.MetaData@c52078c",
    "arguments": "{}",
    "stack_trace": "java.lang.Exception\n\tat com.unity3d.ads.metadata.MetaData.getCategory(Native Method)\n\tat com.unity3d.ads.metadata.MetaData.getActualKey(MetaData.java:108)\n\tat com.unity3d.ads.metadata.MetaData.getActualKey(Native Method)\n\tat com.unity3d.ads.metadata.MetaData.set(MetaData.java:57)\n\tat com.unity3d.ads.metadata.MetaData.set(Native Method)\n\tat com.ironsource.adapters.unityads.UnityAdsAdapter.setUnityAdsMetaData(UnityAdsAdapter.java:788)\n\tat com.ironsource.adapters.unityads.UnityAdsAdapter.setConsent(UnityAdsAdapter.java:759)\n\tat com.ironsource.mediationsdk.AbstractAdapter.setNewConsent(Unknown Source:0)\n\tat com.ironsource.r4.a(Unknown Source:15)\n\tat com.ironsource.mediationsdk.c.a(Unknown Source:160)\n\tat com.ironsource.mediationsdk.q.a(Unknown Source:43)\n\tat com.ironsource.mediationsdk.q.a(Unknown Source:0)\n\tat com.ironsource.mediationsdk.q$a.run(Unknown Source:10)\n\tat com.ironsource.environment.thread.IronSourceThreadManager.executeTasks(Unknown Source:23)\n\tat com.ironsource.mediationsdk.q.a(Unknown Source:46)\n\tat com.ironsource.mediationsdk.q.<init>(Unknown Source:188)\n\tat com.ironsource.mediationsdk.p.d0(Unknown Source:61)\n\tat com.ironsource.mediationsdk.p.g0(Unknown Source:43)\n\tat com.ironsource.mediationsdk.p.b(Unknown Source:26)\n\tat com.ironsource.mediationsdk.p.a(Unknown Source:160)\n\tat com.ironsource.mediationsdk.s$a.run(Unknown Source:368)\n\tat android.os.Handler.handleCallback(Handler.java:958)\n\tat android.os.Handler.dispatchMessage(Handler.java:99)\n\tat android.os.Looper.loopOnce(Looper.java:255)\n\tat android.os.Looper.loop(Looper.java:364)\n\tat android.os.HandlerThread.run(HandlerThread.java:67)\n",
    "is_privacy": false
},
{
    "type": "log",
    "source": "class",
    "method": "getActualKey",
    "package_name": "com.amelosinteractive.snake",
    "class_name": "com.unity3d.ads.metadata.MetaData",
    "timestamp": 1728462856014,
    "ref": "com.unity3d.ads.metadata.MetaData@c52078c",
    "arguments": "{\"0\":\"gdpr.consent\"}",
    "stack_trace": "java.lang.Exception\n\tat com.unity3d.ads.metadata.MetaData.getActualKey(Native Method)\n\tat com.unity3d.ads.metadata.MetaData.set(MetaData.java:57)\n\tat com.unity3d.ads.metadata.MetaData.set(Native Method)\n\tat com.ironsource.adapters.unityads.UnityAdsAdapter.setUnityAdsMetaData(UnityAdsAdapter.java:788)\n\tat com.ironsource.adapters.unityads.UnityAdsAdapter.setConsent(UnityAdsAdapter.java:759)\n\tat com.ironsource.mediationsdk.AbstractAdapter.setNewConsent(Unknown Source:0)\n\tat com.ironsource.r4.a(Unknown Source:15)\n\tat com.ironsource.mediationsdk.c.a(Unknown Source:160)\n\tat com.ironsource.mediationsdk.q.a(Unknown Source:43)\n\tat com.ironsource.mediationsdk.q.a(Unknown Source:0)\n\tat com.ironsource.mediationsdk.q$a.run(Unknown Source:10)\n\tat com.ironsource.environment.thread.IronSourceThreadManager.executeTasks(Unknown Source:23)\n\tat com.ironsource.mediationsdk.q.a(Unknown Source:46)\n\tat com.ironsource.mediationsdk.q.<init>(Unknown Source:188)\n\tat com.ironsource.mediationsdk.p.d0(Unknown Source:61)\n\tat com.ironsource.mediationsdk.p.g0(Unknown Source:43)\n\tat com.ironsource.mediationsdk.p.b(Unknown Source:26)\n\tat com.ironsource.mediationsdk.p.a(Unknown Source:160)\n\tat com.ironsource.mediationsdk.s$a.run(Unknown Source:368)\n\tat android.os.Handler.handleCallback(Handler.java:958)\n\tat android.os.Handler.dispatchMessage(Handler.java:99)\n\tat android.os.Looper.loopOnce(Looper.java:255)\n\tat android.os.Looper.loop(Looper.java:364)\n\tat android.os.HandlerThread.run(HandlerThread.java:67)\n",
    "is_privacy": false
},
{
    "type": "log",
    "source": "class",
    "method": "getCategory",
    "package_name": "com.amelosinteractive.snake",
    "class_name": "com.unity3d.ads.metadata.MetaData",
    "timestamp": 1728462856035,
    "ref": "com.unity3d.ads.metadata.MetaData@c52078c",
    "arguments": "{}",
    "stack_trace": "java.lang.Exception\n\tat com.unity3d.ads.metadata.MetaData.getCategory(Native Method)\n\tat com.unity3d.ads.metadata.MetaData.getActualKey(MetaData.java:108)\n\tat com.unity3d.ads.metadata.MetaData.getActualKey(Native Method)\n\tat com.unity3d.ads.metadata.MetaData.set(MetaData.java:57)\n\tat com.unity3d.ads.metadata.MetaData.set(Native Method)\n\tat com.ironsource.adapters.unityads.UnityAdsAdapter.setUnityAdsMetaData(UnityAdsAdapter.java:788)\n\tat com.ironsource.adapters.unityads.UnityAdsAdapter.setConsent(UnityAdsAdapter.java:759)\n\tat com.ironsource.mediationsdk.AbstractAdapter.setNewConsent(Unknown Source:0)\n\tat com.ironsource.r4.a(Unknown Source:15)\n\tat com.ironsource.mediationsdk.c.a(Unknown Source:160)\n\tat com.ironsource.mediationsdk.q.a(Unknown Source:43)\n\tat com.ironsource.mediationsdk.q.a(Unknown Source:0)\n\tat com.ironsource.mediationsdk.q$a.run(Unknown Source:10)\n\tat com.ironsource.environment.thread.IronSourceThreadManager.executeTasks(Unknown Source:23)\n\tat com.ironsource.mediationsdk.q.a(Unknown Source:46)\n\tat com.ironsource.mediationsdk.q.<init>(Unknown Source:188)\n\tat com.ironsource.mediationsdk.p.d0(Unknown Source:61)\n\tat com.ironsource.mediationsdk.p.g0(Unknown Source:43)\n\tat com.ironsource.mediationsdk.p.b(Unknown Source:26)\n\tat com.ironsource.mediationsdk.p.a(Unknown Source:160)\n\tat com.ironsource.mediationsdk.s$a.run(Unknown Source:368)\n\tat android.os.Handler.handleCallback(Handler.java:958)\n\tat android.os.Handler.dispatchMessage(Handler.java:99)\n\tat android.os.Looper.loopOnce(Looper.java:255)\n\tat android.os.Looper.loop(Looper.java:364)\n\tat android.os.HandlerThread.run(HandlerThread.java:67)\n",
    "is_privacy": false
},
{
    "type": "log",
    "source": "class",
    "method": "commit",
    "package_name": "com.amelosinteractive.snake",
    "class_name": "com.unity3d.ads.metadata.MetaData",
    "timestamp": 1728462856055,
    "ref": "com.unity3d.ads.metadata.MetaData@c52078c",
    "arguments": "{}",
    "stack_trace": "java.lang.Exception\n\tat com.unity3d.ads.metadata.MetaData.commit(Native Method)\n\tat com.ironsource.adapters.unityads.UnityAdsAdapter.setUnityAdsMetaData(UnityAdsAdapter.java:795)\n\tat com.ironsource.adapters.unityads.UnityAdsAdapter.setConsent(UnityAdsAdapter.java:759)\n\tat com.ironsource.mediationsdk.AbstractAdapter.setNewConsent(Unknown Source:0)\n\tat com.ironsource.r4.a(Unknown Source:15)\n\tat com.ironsource.mediationsdk.c.a(Unknown Source:160)\n\tat com.ironsource.mediationsdk.q.a(Unknown Source:43)\n\tat com.ironsource.mediationsdk.q.a(Unknown Source:0)\n\tat com.ironsource.mediationsdk.q$a.run(Unknown Source:10)\n\tat com.ironsource.environment.thread.IronSourceThreadManager.executeTasks(Unknown Source:23)\n\tat com.ironsource.mediationsdk.q.a(Unknown Source:46)\n\tat com.ironsource.mediationsdk.q.<init>(Unknown Source:188)\n\tat com.ironsource.mediationsdk.p.d0(Unknown Source:61)\n\tat com.ironsource.mediationsdk.p.g0(Unknown Source:43)\n\tat com.ironsource.mediationsdk.p.b(Unknown Source:26)\n\tat com.ironsource.mediationsdk.p.a(Unknown Source:160)\n\tat com.ironsource.mediationsdk.s$a.run(Unknown Source:368)\n\tat android.os.Handler.handleCallback(Handler.java:958)\n\tat android.os.Handler.dispatchMessage(Handler.java:99)\n\tat android.os.Looper.loopOnce(Looper.java:255)\n\tat android.os.Looper.loop(Looper.java:364)\n\tat android.os.HandlerThread.run(HandlerThread.java:67)\n",
    "is_privacy": false
},
{
    "type": "log",
    "source": "class",
    "method": "setCategory",
    "package_name": "com.amelosinteractive.snake",
    "class_name": "com.unity3d.ads.metadata.MetaData",
    "timestamp": 1728462856090,
    "ref": "com.unity3d.ads.metadata.MediationMetaData@4c922c1",
    "arguments": "{\"0\":\"mediation\"}",
    "stack_trace": "java.lang.Exception\n\tat com.unity3d.ads.metadata.MetaData.setCategory(Native Method)\n\tat com.unity3d.ads.metadata.MediationMetaData.<init>(MediationMetaData.java:13)\n\tat com.ironsource.adapters.unityads.UnityAdsAdapter.initSDK(UnityAdsAdapter.java:187)\n\tat com.ironsource.adapters.unityads.UnityAdsAdapter.initRewardedVideoWithCallback(UnityAdsAdapter.java:329)\n\tat com.ironsource.mediationsdk.r.t(Unknown Source:49)\n\tat com.ironsource.mediationsdk.r.<init>(Unknown Source:65)\n\tat com.ironsource.mediationsdk.q.a(Unknown Source:65)\n\tat com.ironsource.mediationsdk.q.a(Unknown Source:0)\n\tat com.ironsource.mediationsdk.q$a.run(Unknown Source:10)\n\tat com.ironsource.environment.thread.IronSourceThreadManager.executeTasks(Unknown Source:23)\n\tat com.ironsource.mediationsdk.q.a(Unknown Source:46)\n\tat com.ironsource.mediationsdk.q.<init>(Unknown Source:188)\n\tat com.ironsource.mediationsdk.p.d0(Unknown Source:61)\n\tat com.ironsource.mediationsdk.p.g0(Unknown Source:43)\n\tat com.ironsource.mediationsdk.p.b(Unknown Source:26)\n\tat com.ironsource.mediationsdk.p.a(Unknown Source:160)\n\tat com.ironsource.mediationsdk.s$a.run(Unknown Source:368)\n\tat android.os.Handler.handleCallback(Handler.java:958)\n\tat android.os.Handler.dispatchMessage(Handler.java:99)\n\tat android.os.Looper.loopOnce(Looper.java:255)\n\tat android.os.Looper.loop(Looper.java:364)\n\tat android.os.HandlerThread.run(HandlerThread.java:67)\n",
    "is_privacy": false
},
{
    "type": "log",
    "source": "class",
    "method": "set",
    "package_name": "com.amelosinteractive.snake",
    "class_name": "com.unity3d.ads.metadata.MetaData",
    "timestamp": 1728462856101,
    "ref": "com.unity3d.ads.metadata.MediationMetaData@4c922c1",
    "arguments": "{\"0\":\"name\",\"1\":\"<instance: java.lang.Object, $className: java.lang.String>\"}",
    "stack_trace": "java.lang.Exception\n\tat com.unity3d.ads.metadata.MetaData.set(Native Method)\n\tat com.unity3d.ads.metadata.MediationMetaData.setName(MediationMetaData.java:25)\n\tat com.ironsource.adapters.unityads.UnityAdsAdapter.initSDK(UnityAdsAdapter.java:188)\n\tat com.ironsource.adapters.unityads.UnityAdsAdapter.initRewardedVideoWithCallback(UnityAdsAdapter.java:329)\n\tat com.ironsource.mediationsdk.r.t(Unknown Source:49)\n\tat com.ironsource.mediationsdk.r.<init>(Unknown Source:65)\n\tat com.ironsource.mediationsdk.q.a(Unknown Source:65)\n\tat com.ironsource.mediationsdk.q.a(Unknown Source:0)\n\tat com.ironsource.mediationsdk.q$a.run(Unknown Source:10)\n\tat com.ironsource.environment.thread.IronSourceThreadManager.executeTasks(Unknown Source:23)\n\tat com.ironsource.mediationsdk.q.a(Unknown Source:46)\n\tat com.ironsource.mediationsdk.q.<init>(Unknown Source:188)\n\tat com.ironsource.mediationsdk.p.d0(Unknown Source:61)\n\tat com.ironsource.mediationsdk.p.g0(Unknown Source:43)\n\tat com.ironsource.mediationsdk.p.b(Unknown Source:26)\n\tat com.ironsource.mediationsdk.p.a(Unknown Source:160)\n\tat com.ironsource.mediationsdk.s$a.run(Unknown Source:368)\n\tat android.os.Handler.handleCallback(Handler.java:958)\n\tat android.os.Handler.dispatchMessage(Handler.java:99)\n\tat android.os.Looper.loopOnce(Looper.java:255)\n\tat android.os.Looper.loop(Looper.java:364)\n\tat android.os.HandlerThread.run(HandlerThread.java:67)\n",
    "is_privacy": false
},
{
    "type": "log",
    "source": "class",
    "method": "getActualKey",
    "package_name": "com.amelosinteractive.snake",
    "class_name": "com.unity3d.ads.metadata.MetaData",
    "timestamp": 1728462856112,
    "ref": "com.unity3d.ads.metadata.MediationMetaData@4c922c1",
    "arguments": "{\"0\":\"name\"}",
    "stack_trace": "java.lang.Exception\n\tat com.unity3d.ads.metadata.MetaData.getActualKey(Native Method)\n\tat com.unity3d.ads.metadata.MetaData.set(MetaData.java:57)\n\tat com.unity3d.ads.metadata.MetaData.set(Native Method)\n\tat com.unity3d.ads.metadata.MediationMetaData.setName(MediationMetaData.java:25)\n\tat com.ironsource.adapters.unityads.UnityAdsAdapter.initSDK(UnityAdsAdapter.java:188)\n\tat com.ironsource.adapters.unityads.UnityAdsAdapter.initRewardedVideoWithCallback(UnityAdsAdapter.java:329)\n\tat com.ironsource.mediationsdk.r.t(Unknown Source:49)\n\tat com.ironsource.mediationsdk.r.<init>(Unknown Source:65)\n\tat com.ironsource.mediationsdk.q.a(Unknown Source:65)\n\tat com.ironsource.mediationsdk.q.a(Unknown Source:0)\n\tat com.ironsource.mediationsdk.q$a.run(Unknown Source:10)\n\tat com.ironsource.environment.thread.IronSourceThreadManager.executeTasks(Unknown Source:23)\n\tat com.ironsource.mediationsdk.q.a(Unknown Source:46)\n\tat com.ironsource.mediationsdk.q.<init>(Unknown Source:188)\n\tat com.ironsource.mediationsdk.p.d0(Unknown Source:61)\n\tat com.ironsource.mediationsdk.p.g0(Unknown Source:43)\n\tat com.ironsource.mediationsdk.p.b(Unknown Source:26)\n\tat com.ironsource.mediationsdk.p.a(Unknown Source:160)\n\tat com.ironsource.mediationsdk.s$a.run(Unknown Source:368)\n\tat android.os.Handler.handleCallback(Handler.java:958)\n\tat android.os.Handler.dispatchMessage(Handler.java:99)\n\tat android.os.Looper.loopOnce(Looper.java:255)\n\tat android.os.Looper.loop(Looper.java:364)\n\tat android.os.HandlerThread.run(HandlerThread.java:67)\n",
    "is_privacy": false
},
{
    "type": "log",
    "source": "class",
    "method": "getCategory",
    "package_name": "com.amelosinteractive.snake",
    "class_name": "com.unity3d.ads.metadata.MetaData",
    "timestamp": 1728462856124,
    "ref": "com.unity3d.ads.metadata.MediationMetaData@4c922c1",
    "arguments": "{}",
    "stack_trace": "java.lang.Exception\n\tat com.unity3d.ads.metadata.MetaData.getCategory(Native Method)\n\tat com.unity3d.ads.metadata.MetaData.getActualKey(MetaData.java:108)\n\tat com.unity3d.ads.metadata.MetaData.getActualKey(Native Method)\n\tat com.unity3d.ads.metadata.MetaData.set(MetaData.java:57)\n\tat com.unity3d.ads.metadata.MetaData.set(Native Method)\n\tat com.unity3d.ads.metadata.MediationMetaData.setName(MediationMetaData.java:25)\n\tat com.ironsource.adapters.unityads.UnityAdsAdapter.initSDK(UnityAdsAdapter.java:188)\n\tat com.ironsource.adapters.unityads.UnityAdsAdapter.initRewardedVideoWithCallback(UnityAdsAdapter.java:329)\n\tat com.ironsource.mediationsdk.r.t(Unknown Source:49)\n\tat com.ironsource.mediationsdk.r.<init>(Unknown Source:65)\n\tat com.ironsource.mediationsdk.q.a(Unknown Source:65)\n\tat com.ironsource.mediationsdk.q.a(Unknown Source:0)\n\tat com.ironsource.mediationsdk.q$a.run(Unknown Source:10)\n\tat com.ironsource.environment.thread.IronSourceThreadManager.executeTasks(Unknown Source:23)\n\tat com.ironsource.mediationsdk.q.a(Unknown Source:46)\n\tat com.ironsource.mediationsdk.q.<init>(Unknown Source:188)\n\tat com.ironsource.mediationsdk.p.d0(Unknown Source:61)\n\tat com.ironsource.mediationsdk.p.g0(Unknown Source:43)\n\tat com.ironsource.mediationsdk.p.b(Unknown Source:26)\n\tat com.ironsource.mediationsdk.p.a(Unknown Source:160)\n\tat com.ironsource.mediationsdk.s$a.run(Unknown Source:368)\n\tat android.os.Handler.handleCallback(Handler.java:958)\n\tat android.os.Handler.dispatchMessage(Handler.java:99)\n\tat android.os.Looper.loopOnce(Looper.java:255)\n\tat android.os.Looper.loop(Looper.java:364)\n\tat android.os.HandlerThread.run(HandlerThread.java:67)\n",
    "is_privacy": false
},
{
    "type": "log",
    "source": "class",
    "method": "getCategory",
    "package_name": "com.amelosinteractive.snake",
    "class_name": "com.unity3d.ads.metadata.MetaData",
    "timestamp": 1728462856135,
    "ref": "com.unity3d.ads.metadata.MediationMetaData@4c922c1",
    "arguments": "{}",
    "stack_trace": "java.lang.Exception\n\tat com.unity3d.ads.metadata.MetaData.getCategory(Native Method)\n\tat com.unity3d.ads.metadata.MetaData.getActualKey(MetaData.java:109)\n\tat com.unity3d.ads.metadata.MetaData.getActualKey(Native Method)\n\tat com.unity3d.ads.metadata.MetaData.set(MetaData.java:57)\n\tat com.unity3d.ads.metadata.MetaData.set(Native Method)\n\tat com.unity3d.ads.metadata.MediationMetaData.setName(MediationMetaData.java:25)\n\tat com.ironsource.adapters.unityads.UnityAdsAdapter.initSDK(UnityAdsAdapter.java:188)\n\tat com.ironsource.adapters.unityads.UnityAdsAdapter.initRewardedVideoWithCallback(UnityAdsAdapter.java:329)\n\tat com.ironsource.mediationsdk.r.t(Unknown Source:49)\n\tat com.ironsource.mediationsdk.r.<init>(Unknown Source:65)\n\tat com.ironsource.mediationsdk.q.a(Unknown Source:65)\n\tat com.ironsource.mediationsdk.q.a(Unknown Source:0)\n\tat com.ironsource.mediationsdk.q$a.run(Unknown Source:10)\n\tat com.ironsource.environment.thread.IronSourceThreadManager.executeTasks(Unknown Source:23)\n\tat com.ironsource.mediationsdk.q.a(Unknown Source:46)\n\tat com.ironsource.mediationsdk.q.<init>(Unknown Source:188)\n\tat com.ironsource.mediationsdk.p.d0(Unknown Source:61)\n\tat com.ironsource.mediationsdk.p.g0(Unknown Source:43)\n\tat com.ironsource.mediationsdk.p.b(Unknown Source:26)\n\tat com.ironsource.mediationsdk.p.a(Unknown Source:160)\n\tat com.ironsource.mediationsdk.s$a.run(Unknown Source:368)\n\tat android.os.Handler.handleCallback(Handler.java:958)\n\tat android.os.Handler.dispatchMessage(Handler.java:99)\n\tat android.os.Looper.loopOnce(Looper.java:255)\n\tat android.os.Looper.loop(Looper.java:364)\n\tat android.os.HandlerThread.run(HandlerThread.java:67)\n",
    "is_privacy": false
},
{
    "type": "log",
    "source": "class",
    "method": "getActualKey",
    "package_name": "com.amelosinteractive.snake",
    "class_name": "com.unity3d.ads.metadata.MetaData",
    "timestamp": 1728462856151,
    "ref": "com.unity3d.ads.metadata.MediationMetaData@4c922c1",
    "arguments": "{\"0\":\"name\"}",
    "stack_trace": "java.lang.Exception\n\tat com.unity3d.ads.metadata.MetaData.getActualKey(Native Method)\n\tat com.unity3d.ads.metadata.MetaData.set(MetaData.java:57)\n\tat com.unity3d.ads.metadata.MetaData.set(Native Method)\n\tat com.unity3d.ads.metadata.MediationMetaData.setName(MediationMetaData.java:25)\n\tat com.ironsource.adapters.unityads.UnityAdsAdapter.initSDK(UnityAdsAdapter.java:188)\n\tat com.ironsource.adapters.unityads.UnityAdsAdapter.initRewardedVideoWithCallback(UnityAdsAdapter.java:329)\n\tat com.ironsource.mediationsdk.r.t(Unknown Source:49)\n\tat com.ironsource.mediationsdk.r.<init>(Unknown Source:65)\n\tat com.ironsource.mediationsdk.q.a(Unknown Source:65)\n\tat com.ironsource.mediationsdk.q.a(Unknown Source:0)\n\tat com.ironsource.mediationsdk.q$a.run(Unknown Source:10)\n\tat com.ironsource.environment.thread.IronSourceThreadManager.executeTasks(Unknown Source:23)\n\tat com.ironsource.mediationsdk.q.a(Unknown Source:46)\n\tat com.ironsource.mediationsdk.q.<init>(Unknown Source:188)\n\tat com.ironsource.mediationsdk.p.d0(Unknown Source:61)\n\tat com.ironsource.mediationsdk.p.g0(Unknown Source:43)\n\tat com.ironsource.mediationsdk.p.b(Unknown Source:26)\n\tat com.ironsource.mediationsdk.p.a(Unknown Source:160)\n\tat com.ironsource.mediationsdk.s$a.run(Unknown Source:368)\n\tat android.os.Handler.handleCallback(Handler.java:958)\n\tat android.os.Handler.dispatchMessage(Handler.java:99)\n\tat android.os.Looper.loopOnce(Looper.java:255)\n\tat android.os.Looper.loop(Looper.java:364)\n\tat android.os.HandlerThread.run(HandlerThread.java:67)\n",
    "is_privacy": false
},
{
    "type": "log",
    "source": "class",
    "method": "getCategory",
    "package_name": "com.amelosinteractive.snake",
    "class_name": "com.unity3d.ads.metadata.MetaData",
    "timestamp": 1728462856158,
    "ref": "com.unity3d.ads.metadata.MediationMetaData@4c922c1",
    "arguments": "{}",
    "stack_trace": "java.lang.Exception\n\tat com.unity3d.ads.metadata.MetaData.getCategory(Native Method)\n\tat com.unity3d.ads.metadata.MetaData.getActualKey(MetaData.java:108)\n\tat com.unity3d.ads.metadata.MetaData.getActualKey(Native Method)\n\tat com.unity3d.ads.metadata.MetaData.set(MetaData.java:57)\n\tat com.unity3d.ads.metadata.MetaData.set(Native Method)\n\tat com.unity3d.ads.metadata.MediationMetaData.setName(MediationMetaData.java:25)\n\tat com.ironsource.adapters.unityads.UnityAdsAdapter.initSDK(UnityAdsAdapter.java:188)\n\tat com.ironsource.adapters.unityads.UnityAdsAdapter.initRewardedVideoWithCallback(UnityAdsAdapter.java:329)\n\tat com.ironsource.mediationsdk.r.t(Unknown Source:49)\n\tat com.ironsource.mediationsdk.r.<init>(Unknown Source:65)\n\tat com.ironsource.mediationsdk.q.a(Unknown Source:65)\n\tat com.ironsource.mediationsdk.q.a(Unknown Source:0)\n\tat com.ironsource.mediationsdk.q$a.run(Unknown Source:10)\n\tat com.ironsource.environment.thread.IronSourceThreadManager.executeTasks(Unknown Source:23)\n\tat com.ironsource.mediationsdk.q.a(Unknown Source:46)\n\tat com.ironsource.mediationsdk.q.<init>(Unknown Source:188)\n\tat com.ironsource.mediationsdk.p.d0(Unknown Source:61)\n\tat com.ironsource.mediationsdk.p.g0(Unknown Source:43)\n\tat com.ironsource.mediationsdk.p.b(Unknown Source:26)\n\tat com.ironsource.mediationsdk.p.a(Unknown Source:160)\n\tat com.ironsource.mediationsdk.s$a.run(Unknown Source:368)\n\tat android.os.Handler.handleCallback(Handler.java:958)\n\tat android.os.Handler.dispatchMessage(Handler.java:99)\n\tat android.os.Looper.loopOnce(Looper.java:255)\n\tat android.os.Looper.loop(Looper.java:364)\n\tat android.os.HandlerThread.run(HandlerThread.java:67)\n",
    "is_privacy": false
},
{
    "type": "log",
    "source": "class",
    "method": "getCategory",
    "package_name": "com.amelosinteractive.snake",
    "class_name": "com.unity3d.ads.metadata.MetaData",
    "timestamp": 1728462856165,
    "ref": "com.unity3d.ads.metadata.MediationMetaData@4c922c1",
    "arguments": "{}",
    "stack_trace": "java.lang.Exception\n\tat com.unity3d.ads.metadata.MetaData.getCategory(Native Method)\n\tat com.unity3d.ads.metadata.MetaData.getActualKey(MetaData.java:109)\n\tat com.unity3d.ads.metadata.MetaData.getActualKey(Native Method)\n\tat com.unity3d.ads.metadata.MetaData.set(MetaData.java:57)\n\tat com.unity3d.ads.metadata.MetaData.set(Native Method)\n\tat com.unity3d.ads.metadata.MediationMetaData.setName(MediationMetaData.java:25)\n\tat com.ironsource.adapters.unityads.UnityAdsAdapter.initSDK(UnityAdsAdapter.java:188)\n\tat com.ironsource.adapters.unityads.UnityAdsAdapter.initRewardedVideoWithCallback(UnityAdsAdapter.java:329)\n\tat com.ironsource.mediationsdk.r.t(Unknown Source:49)\n\tat com.ironsource.mediationsdk.r.<init>(Unknown Source:65)\n\tat com.ironsource.mediationsdk.q.a(Unknown Source:65)\n\tat com.ironsource.mediationsdk.q.a(Unknown Source:0)\n\tat com.ironsource.mediationsdk.q$a.run(Unknown Source:10)\n\tat com.ironsource.environment.thread.IronSourceThreadManager.executeTasks(Unknown Source:23)\n\tat com.ironsource.mediationsdk.q.a(Unknown Source:46)\n\tat com.ironsource.mediationsdk.q.<init>(Unknown Source:188)\n\tat com.ironsource.mediationsdk.p.d0(Unknown Source:61)\n\tat com.ironsource.mediationsdk.p.g0(Unknown Source:43)\n\tat com.ironsource.mediationsdk.p.b(Unknown Source:26)\n\tat com.ironsource.mediationsdk.p.a(Unknown Source:160)\n\tat com.ironsource.mediationsdk.s$a.run(Unknown Source:368)\n\tat android.os.Handler.handleCallback(Handler.java:958)\n\tat android.os.Handler.dispatchMessage(Handler.java:99)\n\tat android.os.Looper.loopOnce(Looper.java:255)\n\tat android.os.Looper.loop(Looper.java:364)\n\tat android.os.HandlerThread.run(HandlerThread.java:67)\n",
    "is_privacy": false
},
{
    "type": "log",
    "source": "class",
    "method": "set",
    "package_name": "com.amelosinteractive.snake",
    "class_name": "com.unity3d.ads.metadata.MetaData",
    "timestamp": 1728462856179,
    "ref": "com.unity3d.ads.metadata.MediationMetaData@4c922c1",
    "arguments": "{\"0\":\"version\",\"1\":\"<instance: java.lang.Object, $className: java.lang.String>\"}",
    "stack_trace": "java.lang.Exception\n\tat com.unity3d.ads.metadata.MetaData.set(Native Method)\n\tat com.unity3d.ads.metadata.MediationMetaData.setVersion(MediationMetaData.java:29)\n\tat com.ironsource.adapters.unityads.UnityAdsAdapter.initSDK(UnityAdsAdapter.java:190)\n\tat com.ironsource.adapters.unityads.UnityAdsAdapter.initRewardedVideoWithCallback(UnityAdsAdapter.java:329)\n\tat com.ironsource.mediationsdk.r.t(Unknown Source:49)\n\tat com.ironsource.mediationsdk.r.<init>(Unknown Source:65)\n\tat com.ironsource.mediationsdk.q.a(Unknown Source:65)\n\tat com.ironsource.mediationsdk.q.a(Unknown Source:0)\n\tat com.ironsource.mediationsdk.q$a.run(Unknown Source:10)\n\tat com.ironsource.environment.thread.IronSourceThreadManager.executeTasks(Unknown Source:23)\n\tat com.ironsource.mediationsdk.q.a(Unknown Source:46)\n\tat com.ironsource.mediationsdk.q.<init>(Unknown Source:188)\n\tat com.ironsource.mediationsdk.p.d0(Unknown Source:61)\n\tat com.ironsource.mediationsdk.p.g0(Unknown Source:43)\n\tat com.ironsource.mediationsdk.p.b(Unknown Source:26)\n\tat com.ironsource.mediationsdk.p.a(Unknown Source:160)\n\tat com.ironsource.mediationsdk.s$a.run(Unknown Source:368)\n\tat android.os.Handler.handleCallback(Handler.java:958)\n\tat android.os.Handler.dispatchMessage(Handler.java:99)\n\tat android.os.Looper.loopOnce(Looper.java:255)\n\tat android.os.Looper.loop(Looper.java:364)\n\tat android.os.HandlerThread.run(HandlerThread.java:67)\n",
    "is_privacy": false
},
{
    "type": "log",
    "source": "class",
    "method": "getActualKey",
    "package_name": "com.amelosinteractive.snake",
    "class_name": "com.unity3d.ads.metadata.MetaData",
    "timestamp": 1728462856187,
    "ref": "com.unity3d.ads.metadata.MediationMetaData@4c922c1",
    "arguments": "{\"0\":\"version\"}",
    "stack_trace": "java.lang.Exception\n\tat com.unity3d.ads.metadata.MetaData.getActualKey(Native Method)\n\tat com.unity3d.ads.metadata.MetaData.set(MetaData.java:57)\n\tat com.unity3d.ads.metadata.MetaData.set(Native Method)\n\tat com.unity3d.ads.metadata.MediationMetaData.setVersion(MediationMetaData.java:29)\n\tat com.ironsource.adapters.unityads.UnityAdsAdapter.initSDK(UnityAdsAdapter.java:190)\n\tat com.ironsource.adapters.unityads.UnityAdsAdapter.initRewardedVideoWithCallback(UnityAdsAdapter.java:329)\n\tat com.ironsource.mediationsdk.r.t(Unknown Source:49)\n\tat com.ironsource.mediationsdk.r.<init>(Unknown Source:65)\n\tat com.ironsource.mediationsdk.q.a(Unknown Source:65)\n\tat com.ironsource.mediationsdk.q.a(Unknown Source:0)\n\tat com.ironsource.mediationsdk.q$a.run(Unknown Source:10)\n\tat com.ironsource.environment.thread.IronSourceThreadManager.executeTasks(Unknown Source:23)\n\tat com.ironsource.mediationsdk.q.a(Unknown Source:46)\n\tat com.ironsource.mediationsdk.q.<init>(Unknown Source:188)\n\tat com.ironsource.mediationsdk.p.d0(Unknown Source:61)\n\tat com.ironsource.mediationsdk.p.g0(Unknown Source:43)\n\tat com.ironsource.mediationsdk.p.b(Unknown Source:26)\n\tat com.ironsource.mediationsdk.p.a(Unknown Source:160)\n\tat com.ironsource.mediationsdk.s$a.run(Unknown Source:368)\n\tat android.os.Handler.handleCallback(Handler.java:958)\n\tat android.os.Handler.dispatchMessage(Handler.java:99)\n\tat android.os.Looper.loopOnce(Looper.java:255)\n\tat android.os.Looper.loop(Looper.java:364)\n\tat android.os.HandlerThread.run(HandlerThread.java:67)\n",
    "is_privacy": false
},
{
    "type": "log",
    "source": "class",
    "method": "getCategory",
    "package_name": "com.amelosinteractive.snake",
    "class_name": "com.unity3d.ads.metadata.MetaData",
    "timestamp": 1728462856198,
    "ref": "com.unity3d.ads.metadata.MediationMetaData@4c922c1",
    "arguments": "{}",
    "stack_trace": "java.lang.Exception\n\tat com.unity3d.ads.metadata.MetaData.getCategory(Native Method)\n\tat com.unity3d.ads.metadata.MetaData.getActualKey(MetaData.java:108)\n\tat com.unity3d.ads.metadata.MetaData.getActualKey(Native Method)\n\tat com.unity3d.ads.metadata.MetaData.set(MetaData.java:57)\n\tat com.unity3d.ads.metadata.MetaData.set(Native Method)\n\tat com.unity3d.ads.metadata.MediationMetaData.setVersion(MediationMetaData.java:29)\n\tat com.ironsource.adapters.unityads.UnityAdsAdapter.initSDK(UnityAdsAdapter.java:190)\n\tat com.ironsource.adapters.unityads.UnityAdsAdapter.initRewardedVideoWithCallback(UnityAdsAdapter.java:329)\n\tat com.ironsource.mediationsdk.r.t(Unknown Source:49)\n\tat com.ironsource.mediationsdk.r.<init>(Unknown Source:65)\n\tat com.ironsource.mediationsdk.q.a(Unknown Source:65)\n\tat com.ironsource.mediationsdk.q.a(Unknown Source:0)\n\tat com.ironsource.mediationsdk.q$a.run(Unknown Source:10)\n\tat com.ironsource.environment.thread.IronSourceThreadManager.executeTasks(Unknown Source:23)\n\tat com.ironsource.mediationsdk.q.a(Unknown Source:46)\n\tat com.ironsource.mediationsdk.q.<init>(Unknown Source:188)\n\tat com.ironsource.mediationsdk.p.d0(Unknown Source:61)\n\tat com.ironsource.mediationsdk.p.g0(Unknown Source:43)\n\tat com.ironsource.mediationsdk.p.b(Unknown Source:26)\n\tat com.ironsource.mediationsdk.p.a(Unknown Source:160)\n\tat com.ironsource.mediationsdk.s$a.run(Unknown Source:368)\n\tat android.os.Handler.handleCallback(Handler.java:958)\n\tat android.os.Handler.dispatchMessage(Handler.java:99)\n\tat android.os.Looper.loopOnce(Looper.java:255)\n\tat android.os.Looper.loop(Looper.java:364)\n\tat android.os.HandlerThread.run(HandlerThread.java:67)\n",
    "is_privacy": false
},
{
    "type": "log",
    "source": "class",
    "method": "getCategory",
    "package_name": "com.amelosinteractive.snake",
    "class_name": "com.unity3d.ads.metadata.MetaData",
    "timestamp": 1728462856211,
    "ref": "com.unity3d.ads.metadata.MediationMetaData@4c922c1",
    "arguments": "{}",
    "stack_trace": "java.lang.Exception\n\tat com.unity3d.ads.metadata.MetaData.getCategory(Native Method)\n\tat com.unity3d.ads.metadata.MetaData.getActualKey(MetaData.java:109)\n\tat com.unity3d.ads.metadata.MetaData.getActualKey(Native Method)\n\tat com.unity3d.ads.metadata.MetaData.set(MetaData.java:57)\n\tat com.unity3d.ads.metadata.MetaData.set(Native Method)\n\tat com.unity3d.ads.metadata.MediationMetaData.setVersion(MediationMetaData.java:29)\n\tat com.ironsource.adapters.unityads.UnityAdsAdapter.initSDK(UnityAdsAdapter.java:190)\n\tat com.ironsource.adapters.unityads.UnityAdsAdapter.initRewardedVideoWithCallback(UnityAdsAdapter.java:329)\n\tat com.ironsource.mediationsdk.r.t(Unknown Source:49)\n\tat com.ironsource.mediationsdk.r.<init>(Unknown Source:65)\n\tat com.ironsource.mediationsdk.q.a(Unknown Source:65)\n\tat com.ironsource.mediationsdk.q.a(Unknown Source:0)\n\tat com.ironsource.mediationsdk.q$a.run(Unknown Source:10)\n\tat com.ironsource.environment.thread.IronSourceThreadManager.executeTasks(Unknown Source:23)\n\tat com.ironsource.mediationsdk.q.a(Unknown Source:46)\n\tat com.ironsource.mediationsdk.q.<init>(Unknown Source:188)\n\tat com.ironsource.mediationsdk.p.d0(Unknown Source:61)\n\tat com.ironsource.mediationsdk.p.g0(Unknown Source:43)\n\tat com.ironsource.mediationsdk.p.b(Unknown Source:26)\n\tat com.ironsource.mediationsdk.p.a(Unknown Source:160)\n\tat com.ironsource.mediationsdk.s$a.run(Unknown Source:368)\n\tat android.os.Handler.handleCallback(Handler.java:958)\n\tat android.os.Handler.dispatchMessage(Handler.java:99)\n\tat android.os.Looper.loopOnce(Looper.java:255)\n\tat android.os.Looper.loop(Looper.java:364)\n\tat android.os.HandlerThread.run(HandlerThread.java:67)\n",
    "is_privacy": false
},
{
    "type": "log",
    "source": "class",
    "method": "getActualKey",
    "package_name": "com.amelosinteractive.snake",
    "class_name": "com.unity3d.ads.metadata.MetaData",
    "timestamp": 1728462856229,
    "ref": "com.unity3d.ads.metadata.MediationMetaData@4c922c1",
    "arguments": "{\"0\":\"version\"}",
    "stack_trace": "java.lang.Exception\n\tat com.unity3d.ads.metadata.MetaData.getActualKey(Native Method)\n\tat com.unity3d.ads.metadata.MetaData.set(MetaData.java:57)\n\tat com.unity3d.ads.metadata.MetaData.set(Native Method)\n\tat com.unity3d.ads.metadata.MediationMetaData.setVersion(MediationMetaData.java:29)\n\tat com.ironsource.adapters.unityads.UnityAdsAdapter.initSDK(UnityAdsAdapter.java:190)\n\tat com.ironsource.adapters.unityads.UnityAdsAdapter.initRewardedVideoWithCallback(UnityAdsAdapter.java:329)\n\tat com.ironsource.mediationsdk.r.t(Unknown Source:49)\n\tat com.ironsource.mediationsdk.r.<init>(Unknown Source:65)\n\tat com.ironsource.mediationsdk.q.a(Unknown Source:65)\n\tat com.ironsource.mediationsdk.q.a(Unknown Source:0)\n\tat com.ironsource.mediationsdk.q$a.run(Unknown Source:10)\n\tat com.ironsource.environment.thread.IronSourceThreadManager.executeTasks(Unknown Source:23)\n\tat com.ironsource.mediationsdk.q.a(Unknown Source:46)\n\tat com.ironsource.mediationsdk.q.<init>(Unknown Source:188)\n\tat com.ironsource.mediationsdk.p.d0(Unknown Source:61)\n\tat com.ironsource.mediationsdk.p.g0(Unknown Source:43)\n\tat com.ironsource.mediationsdk.p.b(Unknown Source:26)\n\tat com.ironsource.mediationsdk.p.a(Unknown Source:160)\n\tat com.ironsource.mediationsdk.s$a.run(Unknown Source:368)\n\tat android.os.Handler.handleCallback(Handler.java:958)\n\tat android.os.Handler.dispatchMessage(Handler.java:99)\n\tat android.os.Looper.loopOnce(Looper.java:255)\n\tat android.os.Looper.loop(Looper.java:364)\n\tat android.os.HandlerThread.run(HandlerThread.java:67)\n",
    "is_privacy": false
},
{
    "type": "log",
    "source": "class",
    "method": "getCategory",
    "package_name": "com.amelosinteractive.snake",
    "class_name": "com.unity3d.ads.metadata.MetaData",
    "timestamp": 1728462856241,
    "ref": "com.unity3d.ads.metadata.MediationMetaData@4c922c1",
    "arguments": "{}",
    "stack_trace": "java.lang.Exception\n\tat com.unity3d.ads.metadata.MetaData.getCategory(Native Method)\n\tat com.unity3d.ads.metadata.MetaData.getActualKey(MetaData.java:108)\n\tat com.unity3d.ads.metadata.MetaData.getActualKey(Native Method)\n\tat com.unity3d.ads.metadata.MetaData.set(MetaData.java:57)\n\tat com.unity3d.ads.metadata.MetaData.set(Native Method)\n\tat com.unity3d.ads.metadata.MediationMetaData.setVersion(MediationMetaData.java:29)\n\tat com.ironsource.adapters.unityads.UnityAdsAdapter.initSDK(UnityAdsAdapter.java:190)\n\tat com.ironsource.adapters.unityads.UnityAdsAdapter.initRewardedVideoWithCallback(UnityAdsAdapter.java:329)\n\tat com.ironsource.mediationsdk.r.t(Unknown Source:49)\n\tat com.ironsource.mediationsdk.r.<init>(Unknown Source:65)\n\tat com.ironsource.mediationsdk.q.a(Unknown Source:65)\n\tat com.ironsource.mediationsdk.q.a(Unknown Source:0)\n\tat com.ironsource.mediationsdk.q$a.run(Unknown Source:10)\n\tat com.ironsource.environment.thread.IronSourceThreadManager.executeTasks(Unknown Source:23)\n\tat com.ironsource.mediationsdk.q.a(Unknown Source:46)\n\tat com.ironsource.mediationsdk.q.<init>(Unknown Source:188)\n\tat com.ironsource.mediationsdk.p.d0(Unknown Source:61)\n\tat com.ironsource.mediationsdk.p.g0(Unknown Source:43)\n\tat com.ironsource.mediationsdk.p.b(Unknown Source:26)\n\tat com.ironsource.mediationsdk.p.a(Unknown Source:160)\n\tat com.ironsource.mediationsdk.s$a.run(Unknown Source:368)\n\tat android.os.Handler.handleCallback(Handler.java:958)\n\tat android.os.Handler.dispatchMessage(Handler.java:99)\n\tat android.os.Looper.loopOnce(Looper.java:255)\n\tat android.os.Looper.loop(Looper.java:364)\n\tat android.os.HandlerThread.run(HandlerThread.java:67)\n",
    "is_privacy": false
},
{
    "type": "log",
    "source": "class",
    "method": "getCategory",
    "package_name": "com.amelosinteractive.snake",
    "class_name": "com.unity3d.ads.metadata.MetaData",
    "timestamp": 1728462856251,
    "ref": "com.unity3d.ads.metadata.MediationMetaData@4c922c1",
    "arguments": "{}",
    "stack_trace": "java.lang.Exception\n\tat com.unity3d.ads.metadata.MetaData.getCategory(Native Method)\n\tat com.unity3d.ads.metadata.MetaData.getActualKey(MetaData.java:109)\n\tat com.unity3d.ads.metadata.MetaData.getActualKey(Native Method)\n\tat com.unity3d.ads.metadata.MetaData.set(MetaData.java:57)\n\tat com.unity3d.ads.metadata.MetaData.set(Native Method)\n\tat com.unity3d.ads.metadata.MediationMetaData.setVersion(MediationMetaData.java:29)\n\tat com.ironsource.adapters.unityads.UnityAdsAdapter.initSDK(UnityAdsAdapter.java:190)\n\tat com.ironsource.adapters.unityads.UnityAdsAdapter.initRewardedVideoWithCallback(UnityAdsAdapter.java:329)\n\tat com.ironsource.mediationsdk.r.t(Unknown Source:49)\n\tat com.ironsource.mediationsdk.r.<init>(Unknown Source:65)\n\tat com.ironsource.mediationsdk.q.a(Unknown Source:65)\n\tat com.ironsource.mediationsdk.q.a(Unknown Source:0)\n\tat com.ironsource.mediationsdk.q$a.run(Unknown Source:10)\n\tat com.ironsource.environment.thread.IronSourceThreadManager.executeTasks(Unknown Source:23)\n\tat com.ironsource.mediationsdk.q.a(Unknown Source:46)\n\tat com.ironsource.mediationsdk.q.<init>(Unknown Source:188)\n\tat com.ironsource.mediationsdk.p.d0(Unknown Source:61)\n\tat com.ironsource.mediationsdk.p.g0(Unknown Source:43)\n\tat com.ironsource.mediationsdk.p.b(Unknown Source:26)\n\tat com.ironsource.mediationsdk.p.a(Unknown Source:160)\n\tat com.ironsource.mediationsdk.s$a.run(Unknown Source:368)\n\tat android.os.Handler.handleCallback(Handler.java:958)\n\tat android.os.Handler.dispatchMessage(Handler.java:99)\n\tat android.os.Looper.loopOnce(Looper.java:255)\n\tat android.os.Looper.loop(Looper.java:364)\n\tat android.os.HandlerThread.run(HandlerThread.java:67)\n",
    "is_privacy": false
},
{
    "type": "log",
    "source": "class",
    "method": "set",
    "package_name": "com.amelosinteractive.snake",
    "class_name": "com.unity3d.ads.metadata.MetaData",
    "timestamp": 1728462856269,
    "ref": "com.unity3d.ads.metadata.MediationMetaData@4c922c1",
    "arguments": "{\"0\":\"adapter_version\",\"1\":\"<instance: java.lang.Object, $className: java.lang.String>\"}",
    "stack_trace": "java.lang.Exception\n\tat com.unity3d.ads.metadata.MetaData.set(Native Method)\n\tat com.ironsource.adapters.unityads.UnityAdsAdapter.initSDK(UnityAdsAdapter.java:192)\n\tat com.ironsource.adapters.unityads.UnityAdsAdapter.initRewardedVideoWithCallback(UnityAdsAdapter.java:329)\n\tat com.ironsource.mediationsdk.r.t(Unknown Source:49)\n\tat com.ironsource.mediationsdk.r.<init>(Unknown Source:65)\n\tat com.ironsource.mediationsdk.q.a(Unknown Source:65)\n\tat com.ironsource.mediationsdk.q.a(Unknown Source:0)\n\tat com.ironsource.mediationsdk.q$a.run(Unknown Source:10)\n\tat com.ironsource.environment.thread.IronSourceThreadManager.executeTasks(Unknown Source:23)\n\tat com.ironsource.mediationsdk.q.a(Unknown Source:46)\n\tat com.ironsource.mediationsdk.q.<init>(Unknown Source:188)\n\tat com.ironsource.mediationsdk.p.d0(Unknown Source:61)\n\tat com.ironsource.mediationsdk.p.g0(Unknown Source:43)\n\tat com.ironsource.mediationsdk.p.b(Unknown Source:26)\n\tat com.ironsource.mediationsdk.p.a(Unknown Source:160)\n\tat com.ironsource.mediationsdk.s$a.run(Unknown Source:368)\n\tat android.os.Handler.handleCallback(Handler.java:958)\n\tat android.os.Handler.dispatchMessage(Handler.java:99)\n\tat android.os.Looper.loopOnce(Looper.java:255)\n\tat android.os.Looper.loop(Looper.java:364)\n\tat android.os.HandlerThread.run(HandlerThread.java:67)\n",
    "is_privacy": false
},
{
    "type": "log",
    "source": "class",
    "method": "getActualKey",
    "package_name": "com.amelosinteractive.snake",
    "class_name": "com.unity3d.ads.metadata.MetaData",
    "timestamp": 1728462856278,
    "ref": "com.unity3d.ads.metadata.MediationMetaData@4c922c1",
    "arguments": "{\"0\":\"adapter_version\"}",
    "stack_trace": "java.lang.Exception\n\tat com.unity3d.ads.metadata.MetaData.getActualKey(Native Method)\n\tat com.unity3d.ads.metadata.MetaData.set(MetaData.java:57)\n\tat com.unity3d.ads.metadata.MetaData.set(Native Method)\n\tat com.ironsource.adapters.unityads.UnityAdsAdapter.initSDK(UnityAdsAdapter.java:192)\n\tat com.ironsource.adapters.unityads.UnityAdsAdapter.initRewardedVideoWithCallback(UnityAdsAdapter.java:329)\n\tat com.ironsource.mediationsdk.r.t(Unknown Source:49)\n\tat com.ironsource.mediationsdk.r.<init>(Unknown Source:65)\n\tat com.ironsource.mediationsdk.q.a(Unknown Source:65)\n\tat com.ironsource.mediationsdk.q.a(Unknown Source:0)\n\tat com.ironsource.mediationsdk.q$a.run(Unknown Source:10)\n\tat com.ironsource.environment.thread.IronSourceThreadManager.executeTasks(Unknown Source:23)\n\tat com.ironsource.mediationsdk.q.a(Unknown Source:46)\n\tat com.ironsource.mediationsdk.q.<init>(Unknown Source:188)\n\tat com.ironsource.mediationsdk.p.d0(Unknown Source:61)\n\tat com.ironsource.mediationsdk.p.g0(Unknown Source:43)\n\tat com.ironsource.mediationsdk.p.b(Unknown Source:26)\n\tat com.ironsource.mediationsdk.p.a(Unknown Source:160)\n\tat com.ironsource.mediationsdk.s$a.run(Unknown Source:368)\n\tat android.os.Handler.handleCallback(Handler.java:958)\n\tat android.os.Handler.dispatchMessage(Handler.java:99)\n\tat android.os.Looper.loopOnce(Looper.java:255)\n\tat android.os.Looper.loop(Looper.java:364)\n\tat android.os.HandlerThread.run(HandlerThread.java:67)\n",
    "is_privacy": false
},
{
    "type": "log",
    "source": "class",
    "method": "getCategory",
    "package_name": "com.amelosinteractive.snake",
    "class_name": "com.unity3d.ads.metadata.MetaData",
    "timestamp": 1728462856285,
    "ref": "com.unity3d.ads.metadata.MediationMetaData@4c922c1",
    "arguments": "{}",
    "stack_trace": "java.lang.Exception\n\tat com.unity3d.ads.metadata.MetaData.getCategory(Native Method)\n\tat com.unity3d.ads.metadata.MetaData.getActualKey(MetaData.java:108)\n\tat com.unity3d.ads.metadata.MetaData.getActualKey(Native Method)\n\tat com.unity3d.ads.metadata.MetaData.set(MetaData.java:57)\n\tat com.unity3d.ads.metadata.MetaData.set(Native Method)\n\tat com.ironsource.adapters.unityads.UnityAdsAdapter.initSDK(UnityAdsAdapter.java:192)\n\tat com.ironsource.adapters.unityads.UnityAdsAdapter.initRewardedVideoWithCallback(UnityAdsAdapter.java:329)\n\tat com.ironsource.mediationsdk.r.t(Unknown Source:49)\n\tat com.ironsource.mediationsdk.r.<init>(Unknown Source:65)\n\tat com.ironsource.mediationsdk.q.a(Unknown Source:65)\n\tat com.ironsource.mediationsdk.q.a(Unknown Source:0)\n\tat com.ironsource.mediationsdk.q$a.run(Unknown Source:10)\n\tat com.ironsource.environment.thread.IronSourceThreadManager.executeTasks(Unknown Source:23)\n\tat com.ironsource.mediationsdk.q.a(Unknown Source:46)\n\tat com.ironsource.mediationsdk.q.<init>(Unknown Source:188)\n\tat com.ironsource.mediationsdk.p.d0(Unknown Source:61)\n\tat com.ironsource.mediationsdk.p.g0(Unknown Source:43)\n\tat com.ironsource.mediationsdk.p.b(Unknown Source:26)\n\tat com.ironsource.mediationsdk.p.a(Unknown Source:160)\n\tat com.ironsource.mediationsdk.s$a.run(Unknown Source:368)\n\tat android.os.Handler.handleCallback(Handler.java:958)\n\tat android.os.Handler.dispatchMessage(Handler.java:99)\n\tat android.os.Looper.loopOnce(Looper.java:255)\n\tat android.os.Looper.loop(Looper.java:364)\n\tat android.os.HandlerThread.run(HandlerThread.java:67)\n",
    "is_privacy": false
},
{
    "type": "log",
    "source": "class",
    "method": "getCategory",
    "package_name": "com.amelosinteractive.snake",
    "class_name": "com.unity3d.ads.metadata.MetaData",
    "timestamp": 1728462856299,
    "ref": "com.unity3d.ads.metadata.MediationMetaData@4c922c1",
    "arguments": "{}",
    "stack_trace": "java.lang.Exception\n\tat com.unity3d.ads.metadata.MetaData.getCategory(Native Method)\n\tat com.unity3d.ads.metadata.MetaData.getActualKey(MetaData.java:109)\n\tat com.unity3d.ads.metadata.MetaData.getActualKey(Native Method)\n\tat com.unity3d.ads.metadata.MetaData.set(MetaData.java:57)\n\tat com.unity3d.ads.metadata.MetaData.set(Native Method)\n\tat com.ironsource.adapters.unityads.UnityAdsAdapter.initSDK(UnityAdsAdapter.java:192)\n\tat com.ironsource.adapters.unityads.UnityAdsAdapter.initRewardedVideoWithCallback(UnityAdsAdapter.java:329)\n\tat com.ironsource.mediationsdk.r.t(Unknown Source:49)\n\tat com.ironsource.mediationsdk.r.<init>(Unknown Source:65)\n\tat com.ironsource.mediationsdk.q.a(Unknown Source:65)\n\tat com.ironsource.mediationsdk.q.a(Unknown Source:0)\n\tat com.ironsource.mediationsdk.q$a.run(Unknown Source:10)\n\tat com.ironsource.environment.thread.IronSourceThreadManager.executeTasks(Unknown Source:23)\n\tat com.ironsource.mediationsdk.q.a(Unknown Source:46)\n\tat com.ironsource.mediationsdk.q.<init>(Unknown Source:188)\n\tat com.ironsource.mediationsdk.p.d0(Unknown Source:61)\n\tat com.ironsource.mediationsdk.p.g0(Unknown Source:43)\n\tat com.ironsource.mediationsdk.p.b(Unknown Source:26)\n\tat com.ironsource.mediationsdk.p.a(Unknown Source:160)\n\tat com.ironsource.mediationsdk.s$a.run(Unknown Source:368)\n\tat android.os.Handler.handleCallback(Handler.java:958)\n\tat android.os.Handler.dispatchMessage(Handler.java:99)\n\tat android.os.Looper.loopOnce(Looper.java:255)\n\tat android.os.Looper.loop(Looper.java:364)\n\tat android.os.HandlerThread.run(HandlerThread.java:67)\n",
    "is_privacy": false
},
{
    "type": "log",
    "source": "class",
    "method": "getActualKey",
    "package_name": "com.amelosinteractive.snake",
    "class_name": "com.unity3d.ads.metadata.MetaData",
    "timestamp": 1728462856314,
    "ref": "com.unity3d.ads.metadata.MediationMetaData@4c922c1",
    "arguments": "{\"0\":\"adapter_version\"}",
    "stack_trace": "java.lang.Exception\n\tat com.unity3d.ads.metadata.MetaData.getActualKey(Native Method)\n\tat com.unity3d.ads.metadata.MetaData.set(MetaData.java:57)\n\tat com.unity3d.ads.metadata.MetaData.set(Native Method)\n\tat com.ironsource.adapters.unityads.UnityAdsAdapter.initSDK(UnityAdsAdapter.java:192)\n\tat com.ironsource.adapters.unityads.UnityAdsAdapter.initRewardedVideoWithCallback(UnityAdsAdapter.java:329)\n\tat com.ironsource.mediationsdk.r.t(Unknown Source:49)\n\tat com.ironsource.mediationsdk.r.<init>(Unknown Source:65)\n\tat com.ironsource.mediationsdk.q.a(Unknown Source:65)\n\tat com.ironsource.mediationsdk.q.a(Unknown Source:0)\n\tat com.ironsource.mediationsdk.q$a.run(Unknown Source:10)\n\tat com.ironsource.environment.thread.IronSourceThreadManager.executeTasks(Unknown Source:23)\n\tat com.ironsource.mediationsdk.q.a(Unknown Source:46)\n\tat com.ironsource.mediationsdk.q.<init>(Unknown Source:188)\n\tat com.ironsource.mediationsdk.p.d0(Unknown Source:61)\n\tat com.ironsource.mediationsdk.p.g0(Unknown Source:43)\n\tat com.ironsource.mediationsdk.p.b(Unknown Source:26)\n\tat com.ironsource.mediationsdk.p.a(Unknown Source:160)\n\tat com.ironsource.mediationsdk.s$a.run(Unknown Source:368)\n\tat android.os.Handler.handleCallback(Handler.java:958)\n\tat android.os.Handler.dispatchMessage(Handler.java:99)\n\tat android.os.Looper.loopOnce(Looper.java:255)\n\tat android.os.Looper.loop(Looper.java:364)\n\tat android.os.HandlerThread.run(HandlerThread.java:67)\n",
    "is_privacy": false
},
{
    "type": "log",
    "source": "class",
    "method": "getCategory",
    "package_name": "com.amelosinteractive.snake",
    "class_name": "com.unity3d.ads.metadata.MetaData",
    "timestamp": 1728462856325,
    "ref": "com.unity3d.ads.metadata.MediationMetaData@4c922c1",
    "arguments": "{}",
    "stack_trace": "java.lang.Exception\n\tat com.unity3d.ads.metadata.MetaData.getCategory(Native Method)\n\tat com.unity3d.ads.metadata.MetaData.getActualKey(MetaData.java:108)\n\tat com.unity3d.ads.metadata.MetaData.getActualKey(Native Method)\n\tat com.unity3d.ads.metadata.MetaData.set(MetaData.java:57)\n\tat com.unity3d.ads.metadata.MetaData.set(Native Method)\n\tat com.ironsource.adapters.unityads.UnityAdsAdapter.initSDK(UnityAdsAdapter.java:192)\n\tat com.ironsource.adapters.unityads.UnityAdsAdapter.initRewardedVideoWithCallback(UnityAdsAdapter.java:329)\n\tat com.ironsource.mediationsdk.r.t(Unknown Source:49)\n\tat com.ironsource.mediationsdk.r.<init>(Unknown Source:65)\n\tat com.ironsource.mediationsdk.q.a(Unknown Source:65)\n\tat com.ironsource.mediationsdk.q.a(Unknown Source:0)\n\tat com.ironsource.mediationsdk.q$a.run(Unknown Source:10)\n\tat com.ironsource.environment.thread.IronSourceThreadManager.executeTasks(Unknown Source:23)\n\tat com.ironsource.mediationsdk.q.a(Unknown Source:46)\n\tat com.ironsource.mediationsdk.q.<init>(Unknown Source:188)\n\tat com.ironsource.mediationsdk.p.d0(Unknown Source:61)\n\tat com.ironsource.mediationsdk.p.g0(Unknown Source:43)\n\tat com.ironsource.mediationsdk.p.b(Unknown Source:26)\n\tat com.ironsource.mediationsdk.p.a(Unknown Source:160)\n\tat com.ironsource.mediationsdk.s$a.run(Unknown Source:368)\n\tat android.os.Handler.handleCallback(Handler.java:958)\n\tat android.os.Handler.dispatchMessage(Handler.java:99)\n\tat android.os.Looper.loopOnce(Looper.java:255)\n\tat android.os.Looper.loop(Looper.java:364)\n\tat android.os.HandlerThread.run(HandlerThread.java:67)\n",
    "is_privacy": false
},
{
    "type": "log",
    "source": "class",
    "method": "getCategory",
    "package_name": "com.amelosinteractive.snake",
    "class_name": "com.unity3d.ads.metadata.MetaData",
    "timestamp": 1728462856339,
    "ref": "com.unity3d.ads.metadata.MediationMetaData@4c922c1",
    "arguments": "{}",
    "stack_trace": "java.lang.Exception\n\tat com.unity3d.ads.metadata.MetaData.getCategory(Native Method)\n\tat com.unity3d.ads.metadata.MetaData.getActualKey(MetaData.java:109)\n\tat com.unity3d.ads.metadata.MetaData.getActualKey(Native Method)\n\tat com.unity3d.ads.metadata.MetaData.set(MetaData.java:57)\n\tat com.unity3d.ads.metadata.MetaData.set(Native Method)\n\tat com.ironsource.adapters.unityads.UnityAdsAdapter.initSDK(UnityAdsAdapter.java:192)\n\tat com.ironsource.adapters.unityads.UnityAdsAdapter.initRewardedVideoWithCallback(UnityAdsAdapter.java:329)\n\tat com.ironsource.mediationsdk.r.t(Unknown Source:49)\n\tat com.ironsource.mediationsdk.r.<init>(Unknown Source:65)\n\tat com.ironsource.mediationsdk.q.a(Unknown Source:65)\n\tat com.ironsource.mediationsdk.q.a(Unknown Source:0)\n\tat com.ironsource.mediationsdk.q$a.run(Unknown Source:10)\n\tat com.ironsource.environment.thread.IronSourceThreadManager.executeTasks(Unknown Source:23)\n\tat com.ironsource.mediationsdk.q.a(Unknown Source:46)\n\tat com.ironsource.mediationsdk.q.<init>(Unknown Source:188)\n\tat com.ironsource.mediationsdk.p.d0(Unknown Source:61)\n\tat com.ironsource.mediationsdk.p.g0(Unknown Source:43)\n\tat com.ironsource.mediationsdk.p.b(Unknown Source:26)\n\tat com.ironsource.mediationsdk.p.a(Unknown Source:160)\n\tat com.ironsource.mediationsdk.s$a.run(Unknown Source:368)\n\tat android.os.Handler.handleCallback(Handler.java:958)\n\tat android.os.Handler.dispatchMessage(Handler.java:99)\n\tat android.os.Looper.loopOnce(Looper.java:255)\n\tat android.os.Looper.loop(Looper.java:364)\n\tat android.os.HandlerThread.run(HandlerThread.java:67)\n",
    "is_privacy": false
},
{
    "type": "log",
    "source": "class",
    "method": "commit",
    "package_name": "com.amelosinteractive.snake",
    "class_name": "com.unity3d.ads.metadata.MetaData",
    "timestamp": 1728462856360,
    "ref": "com.unity3d.ads.metadata.MediationMetaData@4c922c1",
    "arguments": "{}",
    "stack_trace": "java.lang.Exception\n\tat com.unity3d.ads.metadata.MetaData.commit(Native Method)\n\tat com.ironsource.adapters.unityads.UnityAdsAdapter.initSDK(UnityAdsAdapter.java:193)\n\tat com.ironsource.adapters.unityads.UnityAdsAdapter.initRewardedVideoWithCallback(UnityAdsAdapter.java:329)\n\tat com.ironsource.mediationsdk.r.t(Unknown Source:49)\n\tat com.ironsource.mediationsdk.r.<init>(Unknown Source:65)\n\tat com.ironsource.mediationsdk.q.a(Unknown Source:65)\n\tat com.ironsource.mediationsdk.q.a(Unknown Source:0)\n\tat com.ironsource.mediationsdk.q$a.run(Unknown Source:10)\n\tat com.ironsource.environment.thread.IronSourceThreadManager.executeTasks(Unknown Source:23)\n\tat com.ironsource.mediationsdk.q.a(Unknown Source:46)\n\tat com.ironsource.mediationsdk.q.<init>(Unknown Source:188)\n\tat com.ironsource.mediationsdk.p.d0(Unknown Source:61)\n\tat com.ironsource.mediationsdk.p.g0(Unknown Source:43)\n\tat com.ironsource.mediationsdk.p.b(Unknown Source:26)\n\tat com.ironsource.mediationsdk.p.a(Unknown Source:160)\n\tat com.ironsource.mediationsdk.s$a.run(Unknown Source:368)\n\tat android.os.Handler.handleCallback(Handler.java:958)\n\tat android.os.Handler.dispatchMessage(Handler.java:99)\n\tat android.os.Looper.loopOnce(Looper.java:255)\n\tat android.os.Looper.loop(Looper.java:364)\n\tat android.os.HandlerThread.run(HandlerThread.java:67)\n",
    "is_privacy": false
},
{
    "type": "log",
    "source": "class",
    "method": "set",
    "package_name": "com.amelosinteractive.snake",
    "class_name": "com.unity3d.ads.metadata.MetaData",
    "timestamp": 1728462856379,
    "ref": "com.unity3d.ads.metadata.MetaData@2826add",
    "arguments": "{\"0\":\"adsGatewayV2\",\"1\":\"<instance: java.lang.Object, $className: java.lang.Boolean>\"}",
    "stack_trace": "java.lang.Exception\n\tat com.unity3d.ads.metadata.MetaData.set(Native Method)\n\tat com.ironsource.adapters.unityads.UnityAdsAdapter.setUnityAdsMetaData(UnityAdsAdapter.java:788)\n\tat com.ironsource.adapters.unityads.UnityAdsAdapter.initSDK(UnityAdsAdapter.java:197)\n\tat com.ironsource.adapters.unityads.UnityAdsAdapter.initRewardedVideoWithCallback(UnityAdsAdapter.java:329)\n\tat com.ironsource.mediationsdk.r.t(Unknown Source:49)\n\tat com.ironsource.mediationsdk.r.<init>(Unknown Source:65)\n\tat com.ironsource.mediationsdk.q.a(Unknown Source:65)\n\tat com.ironsource.mediationsdk.q.a(Unknown Source:0)\n\tat com.ironsource.mediationsdk.q$a.run(Unknown Source:10)\n\tat com.ironsource.environment.thread.IronSourceThreadManager.executeTasks(Unknown Source:23)\n\tat com.ironsource.mediationsdk.q.a(Unknown Source:46)\n\tat com.ironsource.mediationsdk.q.<init>(Unknown Source:188)\n\tat com.ironsource.mediationsdk.p.d0(Unknown Source:61)\n\tat com.ironsource.mediationsdk.p.g0(Unknown Source:43)\n\tat com.ironsource.mediationsdk.p.b(Unknown Source:26)\n\tat com.ironsource.mediationsdk.p.a(Unknown Source:160)\n\tat com.ironsource.mediationsdk.s$a.run(Unknown Source:368)\n\tat android.os.Handler.handleCallback(Handler.java:958)\n\tat android.os.Handler.dispatchMessage(Handler.java:99)\n\tat android.os.Looper.loopOnce(Looper.java:255)\n\tat android.os.Looper.loop(Looper.java:364)\n\tat android.os.HandlerThread.run(HandlerThread.java:67)\n",
    "is_privacy": false
},
{
    "type": "log",
    "source": "class",
    "method": "getActualKey",
    "package_name": "com.amelosinteractive.snake",
    "class_name": "com.unity3d.ads.metadata.MetaData",
    "timestamp": 1728462856384,
    "ref": "com.unity3d.ads.metadata.MetaData@2826add",
    "arguments": "{\"0\":\"adsGatewayV2\"}",
    "stack_trace": "java.lang.Exception\n\tat com.unity3d.ads.metadata.MetaData.getActualKey(Native Method)\n\tat com.unity3d.ads.metadata.MetaData.set(MetaData.java:57)\n\tat com.unity3d.ads.metadata.MetaData.set(Native Method)\n\tat com.ironsource.adapters.unityads.UnityAdsAdapter.setUnityAdsMetaData(UnityAdsAdapter.java:788)\n\tat com.ironsource.adapters.unityads.UnityAdsAdapter.initSDK(UnityAdsAdapter.java:197)\n\tat com.ironsource.adapters.unityads.UnityAdsAdapter.initRewardedVideoWithCallback(UnityAdsAdapter.java:329)\n\tat com.ironsource.mediationsdk.r.t(Unknown Source:49)\n\tat com.ironsource.mediationsdk.r.<init>(Unknown Source:65)\n\tat com.ironsource.mediationsdk.q.a(Unknown Source:65)\n\tat com.ironsource.mediationsdk.q.a(Unknown Source:0)\n\tat com.ironsource.mediationsdk.q$a.run(Unknown Source:10)\n\tat com.ironsource.environment.thread.IronSourceThreadManager.executeTasks(Unknown Source:23)\n\tat com.ironsource.mediationsdk.q.a(Unknown Source:46)\n\tat com.ironsource.mediationsdk.q.<init>(Unknown Source:188)\n\tat com.ironsource.mediationsdk.p.d0(Unknown Source:61)\n\tat com.ironsource.mediationsdk.p.g0(Unknown Source:43)\n\tat com.ironsource.mediationsdk.p.b(Unknown Source:26)\n\tat com.ironsource.mediationsdk.p.a(Unknown Source:160)\n\tat com.ironsource.mediationsdk.s$a.run(Unknown Source:368)\n\tat android.os.Handler.handleCallback(Handler.java:958)\n\tat android.os.Handler.dispatchMessage(Handler.java:99)\n\tat android.os.Looper.loopOnce(Looper.java:255)\n\tat android.os.Looper.loop(Looper.java:364)\n\tat android.os.HandlerThread.run(HandlerThread.java:67)\n",
    "is_privacy": false
},
{
    "type": "log",
    "source": "class",
    "method": "getCategory",
    "package_name": "com.amelosinteractive.snake",
    "class_name": "com.unity3d.ads.metadata.MetaData",
    "timestamp": 1728462856392,
    "ref": "com.unity3d.ads.metadata.MetaData@2826add",
    "arguments": "{}",
    "stack_trace": "java.lang.Exception\n\tat com.unity3d.ads.metadata.MetaData.getCategory(Native Method)\n\tat com.unity3d.ads.metadata.MetaData.getActualKey(MetaData.java:108)\n\tat com.unity3d.ads.metadata.MetaData.getActualKey(Native Method)\n\tat com.unity3d.ads.metadata.MetaData.set(MetaData.java:57)\n\tat com.unity3d.ads.metadata.MetaData.set(Native Method)\n\tat com.ironsource.adapters.unityads.UnityAdsAdapter.setUnityAdsMetaData(UnityAdsAdapter.java:788)\n\tat com.ironsource.adapters.unityads.UnityAdsAdapter.initSDK(UnityAdsAdapter.java:197)\n\tat com.ironsource.adapters.unityads.UnityAdsAdapter.initRewardedVideoWithCallback(UnityAdsAdapter.java:329)\n\tat com.ironsource.mediationsdk.r.t(Unknown Source:49)\n\tat com.ironsource.mediationsdk.r.<init>(Unknown Source:65)\n\tat com.ironsource.mediationsdk.q.a(Unknown Source:65)\n\tat com.ironsource.mediationsdk.q.a(Unknown Source:0)\n\tat com.ironsource.mediationsdk.q$a.run(Unknown Source:10)\n\tat com.ironsource.environment.thread.IronSourceThreadManager.executeTasks(Unknown Source:23)\n\tat com.ironsource.mediationsdk.q.a(Unknown Source:46)\n\tat com.ironsource.mediationsdk.q.<init>(Unknown Source:188)\n\tat com.ironsource.mediationsdk.p.d0(Unknown Source:61)\n\tat com.ironsource.mediationsdk.p.g0(Unknown Source:43)\n\tat com.ironsource.mediationsdk.p.b(Unknown Source:26)\n\tat com.ironsource.mediationsdk.p.a(Unknown Source:160)\n\tat com.ironsource.mediationsdk.s$a.run(Unknown Source:368)\n\tat android.os.Handler.handleCallback(Handler.java:958)\n\tat android.os.Handler.dispatchMessage(Handler.java:99)\n\tat android.os.Looper.loopOnce(Looper.java:255)\n\tat android.os.Looper.loop(Looper.java:364)\n\tat android.os.HandlerThread.run(HandlerThread.java:67)\n",
    "is_privacy": false
},
{
    "type": "log",
    "source": "class",
    "method": "getActualKey",
    "package_name": "com.amelosinteractive.snake",
    "class_name": "com.unity3d.ads.metadata.MetaData",
    "timestamp": 1728462856401,
    "ref": "com.unity3d.ads.metadata.MetaData@2826add",
    "arguments": "{\"0\":\"adsGatewayV2\"}",
    "stack_trace": "java.lang.Exception\n\tat com.unity3d.ads.metadata.MetaData.getActualKey(Native Method)\n\tat com.unity3d.ads.metadata.MetaData.set(MetaData.java:57)\n\tat com.unity3d.ads.metadata.MetaData.set(Native Method)\n\tat com.ironsource.adapters.unityads.UnityAdsAdapter.setUnityAdsMetaData(UnityAdsAdapter.java:788)\n\tat com.ironsource.adapters.unityads.UnityAdsAdapter.initSDK(UnityAdsAdapter.java:197)\n\tat com.ironsource.adapters.unityads.UnityAdsAdapter.initRewardedVideoWithCallback(UnityAdsAdapter.java:329)\n\tat com.ironsource.mediationsdk.r.t(Unknown Source:49)\n\tat com.ironsource.mediationsdk.r.<init>(Unknown Source:65)\n\tat com.ironsource.mediationsdk.q.a(Unknown Source:65)\n\tat com.ironsource.mediationsdk.q.a(Unknown Source:0)\n\tat com.ironsource.mediationsdk.q$a.run(Unknown Source:10)\n\tat com.ironsource.environment.thread.IronSourceThreadManager.executeTasks(Unknown Source:23)\n\tat com.ironsource.mediationsdk.q.a(Unknown Source:46)\n\tat com.ironsource.mediationsdk.q.<init>(Unknown Source:188)\n\tat com.ironsource.mediationsdk.p.d0(Unknown Source:61)\n\tat com.ironsource.mediationsdk.p.g0(Unknown Source:43)\n\tat com.ironsource.mediationsdk.p.b(Unknown Source:26)\n\tat com.ironsource.mediationsdk.p.a(Unknown Source:160)\n\tat com.ironsource.mediationsdk.s$a.run(Unknown Source:368)\n\tat android.os.Handler.handleCallback(Handler.java:958)\n\tat android.os.Handler.dispatchMessage(Handler.java:99)\n\tat android.os.Looper.loopOnce(Looper.java:255)\n\tat android.os.Looper.loop(Looper.java:364)\n\tat android.os.HandlerThread.run(HandlerThread.java:67)\n",
    "is_privacy": false
},
{
    "type": "log",
    "source": "class",
    "method": "getCategory",
    "package_name": "com.amelosinteractive.snake",
    "class_name": "com.unity3d.ads.metadata.MetaData",
    "timestamp": 1728462856407,
    "ref": "com.unity3d.ads.metadata.MetaData@2826add",
    "arguments": "{}",
    "stack_trace": "java.lang.Exception\n\tat com.unity3d.ads.metadata.MetaData.getCategory(Native Method)\n\tat com.unity3d.ads.metadata.MetaData.getActualKey(MetaData.java:108)\n\tat com.unity3d.ads.metadata.MetaData.getActualKey(Native Method)\n\tat com.unity3d.ads.metadata.MetaData.set(MetaData.java:57)\n\tat com.unity3d.ads.metadata.MetaData.set(Native Method)\n\tat com.ironsource.adapters.unityads.UnityAdsAdapter.setUnityAdsMetaData(UnityAdsAdapter.java:788)\n\tat com.ironsource.adapters.unityads.UnityAdsAdapter.initSDK(UnityAdsAdapter.java:197)\n\tat com.ironsource.adapters.unityads.UnityAdsAdapter.initRewardedVideoWithCallback(UnityAdsAdapter.java:329)\n\tat com.ironsource.mediationsdk.r.t(Unknown Source:49)\n\tat com.ironsource.mediationsdk.r.<init>(Unknown Source:65)\n\tat com.ironsource.mediationsdk.q.a(Unknown Source:65)\n\tat com.ironsource.mediationsdk.q.a(Unknown Source:0)\n\tat com.ironsource.mediationsdk.q$a.run(Unknown Source:10)\n\tat com.ironsource.environment.thread.IronSourceThreadManager.executeTasks(Unknown Source:23)\n\tat com.ironsource.mediationsdk.q.a(Unknown Source:46)\n\tat com.ironsource.mediationsdk.q.<init>(Unknown Source:188)\n\tat com.ironsource.mediationsdk.p.d0(Unknown Source:61)\n\tat com.ironsource.mediationsdk.p.g0(Unknown Source:43)\n\tat com.ironsource.mediationsdk.p.b(Unknown Source:26)\n\tat com.ironsource.mediationsdk.p.a(Unknown Source:160)\n\tat com.ironsource.mediationsdk.s$a.run(Unknown Source:368)\n\tat android.os.Handler.handleCallback(Handler.java:958)\n\tat android.os.Handler.dispatchMessage(Handler.java:99)\n\tat android.os.Looper.loopOnce(Looper.java:255)\n\tat android.os.Looper.loop(Looper.java:364)\n\tat android.os.HandlerThread.run(HandlerThread.java:67)\n",
    "is_privacy": false
},
{
    "type": "log",
    "source": "class",
    "method": "commit",
    "package_name": "com.amelosinteractive.snake",
    "class_name": "com.unity3d.ads.metadata.MetaData",
    "timestamp": 1728462856421,
    "ref": "com.unity3d.ads.metadata.MetaData@2826add",
    "arguments": "{}",
    "stack_trace": "java.lang.Exception\n\tat com.unity3d.ads.metadata.MetaData.commit(Native Method)\n\tat com.ironsource.adapters.unityads.UnityAdsAdapter.setUnityAdsMetaData(UnityAdsAdapter.java:795)\n\tat com.ironsource.adapters.unityads.UnityAdsAdapter.initSDK(UnityAdsAdapter.java:197)\n\tat com.ironsource.adapters.unityads.UnityAdsAdapter.initRewardedVideoWithCallback(UnityAdsAdapter.java:329)\n\tat com.ironsource.mediationsdk.r.t(Unknown Source:49)\n\tat com.ironsource.mediationsdk.r.<init>(Unknown Source:65)\n\tat com.ironsource.mediationsdk.q.a(Unknown Source:65)\n\tat com.ironsource.mediationsdk.q.a(Unknown Source:0)\n\tat com.ironsource.mediationsdk.q$a.run(Unknown Source:10)\n\tat com.ironsource.environment.thread.IronSourceThreadManager.executeTasks(Unknown Source:23)\n\tat com.ironsource.mediationsdk.q.a(Unknown Source:46)\n\tat com.ironsource.mediationsdk.q.<init>(Unknown Source:188)\n\tat com.ironsource.mediationsdk.p.d0(Unknown Source:61)\n\tat com.ironsource.mediationsdk.p.g0(Unknown Source:43)\n\tat com.ironsource.mediationsdk.p.b(Unknown Source:26)\n\tat com.ironsource.mediationsdk.p.a(Unknown Source:160)\n\tat com.ironsource.mediationsdk.s$a.run(Unknown Source:368)\n\tat android.os.Handler.handleCallback(Handler.java:958)\n\tat android.os.Handler.dispatchMessage(Handler.java:99)\n\tat android.os.Looper.loopOnce(Looper.java:255)\n\tat android.os.Looper.loop(Looper.java:364)\n\tat android.os.HandlerThread.run(HandlerThread.java:67)\n",
    "is_privacy": false
},
{
    "type": "log",
    "source": "class",
    "method": "setDebugMode",
    "package_name": "com.amelosinteractive.snake",
    "class_name": "com.unity3d.ads.UnityAds",
    "timestamp": 1728462856444,
    "ref": "<class: com.unity3d.ads.UnityAds>",
    "arguments": "{\"0\":false}",
    "stack_trace": "java.lang.Exception\n\tat com.unity3d.ads.UnityAds.setDebugMode(Native Method)\n\tat com.ironsource.adapters.unityads.UnityAdsAdapter.initSDK(UnityAdsAdapter.java:199)\n\tat com.ironsource.adapters.unityads.UnityAdsAdapter.initRewardedVideoWithCallback(UnityAdsAdapter.java:329)\n\tat com.ironsource.mediationsdk.r.t(Unknown Source:49)\n\tat com.ironsource.mediationsdk.r.<init>(Unknown Source:65)\n\tat com.ironsource.mediationsdk.q.a(Unknown Source:65)\n\tat com.ironsource.mediationsdk.q.a(Unknown Source:0)\n\tat com.ironsource.mediationsdk.q$a.run(Unknown Source:10)\n\tat com.ironsource.environment.thread.IronSourceThreadManager.executeTasks(Unknown Source:23)\n\tat com.ironsource.mediationsdk.q.a(Unknown Source:46)\n\tat com.ironsource.mediationsdk.q.<init>(Unknown Source:188)\n\tat com.ironsource.mediationsdk.p.d0(Unknown Source:61)\n\tat com.ironsource.mediationsdk.p.g0(Unknown Source:43)\n\tat com.ironsource.mediationsdk.p.b(Unknown Source:26)\n\tat com.ironsource.mediationsdk.p.a(Unknown Source:160)\n\tat com.ironsource.mediationsdk.s$a.run(Unknown Source:368)\n\tat android.os.Handler.handleCallback(Handler.java:958)\n\tat android.os.Handler.dispatchMessage(Handler.java:99)\n\tat android.os.Looper.loopOnce(Looper.java:255)\n\tat android.os.Looper.loop(Looper.java:364)\n\tat android.os.HandlerThread.run(HandlerThread.java:67)\n",
    "is_privacy": false
},
{
    "type": "log",
    "source": "class",
    "method": "initialize",
    "package_name": "com.amelosinteractive.snake",
    "class_name": "com.unity3d.ads.UnityAds",
    "timestamp": 1728462856451,
    "ref": "<class: com.unity3d.ads.UnityAds>",
    "arguments": "{\"0\":\"<instance: android.content.Context, $className: com.kooapps.unity.UnityApplication>\",\"1\":\"3150380\",\"2\":false,\"3\":\"<instance: com.unity3d.ads.IUnityAdsInitializationListener, $className: com.ironsource.adapters.unityads.UnityAdsAdapter>\"}",
    "stack_trace": "java.lang.Exception\n\tat com.unity3d.ads.UnityAds.initialize(Native Method)\n\tat com.ironsource.adapters.unityads.UnityAdsAdapter.initSDK(UnityAdsAdapter.java:200)\n\tat com.ironsource.adapters.unityads.UnityAdsAdapter.initRewardedVideoWithCallback(UnityAdsAdapter.java:329)\n\tat com.ironsource.mediationsdk.r.t(Unknown Source:49)\n\tat com.ironsource.mediationsdk.r.<init>(Unknown Source:65)\n\tat com.ironsource.mediationsdk.q.a(Unknown Source:65)\n\tat com.ironsource.mediationsdk.q.a(Unknown Source:0)\n\tat com.ironsource.mediationsdk.q$a.run(Unknown Source:10)\n\tat com.ironsource.environment.thread.IronSourceThreadManager.executeTasks(Unknown Source:23)\n\tat com.ironsource.mediationsdk.q.a(Unknown Source:46)\n\tat com.ironsource.mediationsdk.q.<init>(Unknown Source:188)\n\tat com.ironsource.mediationsdk.p.d0(Unknown Source:61)\n\tat com.ironsource.mediationsdk.p.g0(Unknown Source:43)\n\tat com.ironsource.mediationsdk.p.b(Unknown Source:26)\n\tat com.ironsource.mediationsdk.p.a(Unknown Source:160)\n\tat com.ironsource.mediationsdk.s$a.run(Unknown Source:368)\n\tat android.os.Handler.handleCallback(Handler.java:958)\n\tat android.os.Handler.dispatchMessage(Handler.java:99)\n\tat android.os.Looper.loopOnce(Looper.java:255)\n\tat android.os.Looper.loop(Looper.java:364)\n\tat android.os.HandlerThread.run(HandlerThread.java:67)\n",
    "is_privacy": false
},
{
    "type": "log",
    "source": "class",
    "method": "getToken",
    "package_name": "com.amelosinteractive.snake",
    "class_name": "com.unity3d.ads.UnityAds",
    "timestamp": 1728462856582,
    "ref": "<class: com.unity3d.ads.UnityAds>",
    "arguments": "{\"0\":\"<instance: com.unity3d.ads.IUnityAdsTokenListener, $className: com.ironsource.adapters.unityads.UnityAdsAdapter$1>\"}",
    "stack_trace": "java.lang.Exception\n\tat com.unity3d.ads.UnityAds.getToken(Native Method)\n\tat com.ironsource.adapters.unityads.UnityAdsAdapter.getAsyncToken(UnityAdsAdapter.java:967)\n\tat com.ironsource.adapters.unityads.UnityAdsAdapter.initSDK(UnityAdsAdapter.java:204)\n\tat com.ironsource.adapters.unityads.UnityAdsAdapter.initRewardedVideoWithCallback(UnityAdsAdapter.java:329)\n\tat com.ironsource.mediationsdk.r.t(Unknown Source:49)\n\tat com.ironsource.mediationsdk.r.<init>(Unknown Source:65)\n\tat com.ironsource.mediationsdk.q.a(Unknown Source:65)\n\tat com.ironsource.mediationsdk.q.a(Unknown Source:0)\n\tat com.ironsource.mediationsdk.q$a.run(Unknown Source:10)\n\tat com.ironsource.environment.thread.IronSourceThreadManager.executeTasks(Unknown Source:23)\n\tat com.ironsource.mediationsdk.q.a(Unknown Source:46)\n\tat com.ironsource.mediationsdk.q.<init>(Unknown Source:188)\n\tat com.ironsource.mediationsdk.p.d0(Unknown Source:61)\n\tat com.ironsource.mediationsdk.p.g0(Unknown Source:43)\n\tat com.ironsource.mediationsdk.p.b(Unknown Source:26)\n\tat com.ironsource.mediationsdk.p.a(Unknown Source:160)\n\tat com.ironsource.mediationsdk.s$a.run(Unknown Source:368)\n\tat android.os.Handler.handleCallback(Handler.java:958)\n\tat android.os.Handler.dispatchMessage(Handler.java:99)\n\tat android.os.Looper.loopOnce(Looper.java:255)\n\tat android.os.Looper.loop(Looper.java:364)\n\tat android.os.HandlerThread.run(HandlerThread.java:67)\n",
    "is_privacy": false
},
{
    "type": "log",
    "source": "class",
    "method": "getVersion",
    "package_name": "com.amelosinteractive.snake",
    "class_name": "com.google.android.gms.ads.MobileAds",
    "timestamp": 1728462856599,
    "ref": "<class: com.google.android.gms.ads.MobileAds>",
    "arguments": "{}",
    "stack_trace": "java.lang.Exception\n\tat com.google.android.gms.ads.MobileAds.getVersion(Native Method)\n\tat java.lang.reflect.Method.invoke(Native Method)\n\tat com.unity3d.services.core.reflection.GenericBridge.callNonVoidMethod(GenericBridge.java:112)\n\tat com.unity3d.services.ads.gmascar.bridges.mobileads.MobileAdsBridgeBase.getVersionString(MobileAdsBridgeBase.java:42)\n\tat com.unity3d.services.ads.gmascar.finder.ScarVersionFinder.getVersionCode(ScarVersionFinder.java:50)\n\tat com.unity3d.services.ads.gmascar.GMAScarAdapterBridge.getScarAdapterObject(GMAScarAdapterBridge.java:180)\n\tat com.unity3d.services.ads.gmascar.GMAScarAdapterBridge.hasSCARBiddingSupport(GMAScarAdapterBridge.java:105)\n\tat com.unity3d.services.ads.gmascar.GMA.hasSCARBiddingSupport(GMA.java:46)\n\tat com.unity3d.services.ads.gmascar.managers.BiddingManagerFactory.createManager(BiddingManagerFactory.java:23)\n\tat com.unity3d.services.ads.UnityAdsImplementation.getToken(UnityAdsImplementation.java:268)\n\tat com.unity3d.ads.UnityAds.getToken(UnityAds.kt:208)\n\tat com.unity3d.ads.UnityAds.getToken(Native Method)\n\tat com.ironsource.adapters.unityads.UnityAdsAdapter.getAsyncToken(UnityAdsAdapter.java:967)\n\tat com.ironsource.adapters.unityads.UnityAdsAdapter.initSDK(UnityAdsAdapter.java:204)\n\tat com.ironsource.adapters.unityads.UnityAdsAdapter.initRewardedVideoWithCallback(UnityAdsAdapter.java:329)\n\tat com.ironsource.mediationsdk.r.t(Unknown Source:49)\n\tat com.ironsource.mediationsdk.r.<init>(Unknown Source:65)\n\tat com.ironsource.mediationsdk.q.a(Unknown Source:65)\n\tat com.ironsource.mediationsdk.q.a(Unknown Source:0)\n\tat com.ironsource.mediationsdk.q$a.run(Unknown Source:10)\n\tat com.ironsource.environment.thread.IronSourceThreadManager.executeTasks(Unknown Source:23)\n\tat com.ironsource.mediationsdk.q.a(Unknown Source:46)\n\tat com.ironsource.mediationsdk.q.<init>(Unknown Source:188)\n\tat com.ironsource.mediationsdk.p.d0(Unknown Source:61)\n\tat com.ironsource.mediationsdk.p.g0(Unknown Source:43)\n\tat com.ironsource.mediationsdk.p.b(Unknown Source:26)\n\tat com.ironsource.mediationsdk.p.a(Unknown Source:160)\n\tat com.ironsource.mediationsdk.s$a.run(Unknown Source:368)\n\tat android.os.Handler.handleCallback(Handler.java:958)\n\tat android.os.Handler.dispatchMessage(Handler.java:99)\n\tat android.os.Looper.loopOnce(Looper.java:255)\n\tat android.os.Looper.loop(Looper.java:364)\n\tat android.os.HandlerThread.run(HandlerThread.java:67)\n",
    "is_privacy": false
},
{
    "type": "log",
    "source": "class",
    "method": "access$getVungleInternal$cp",
    "package_name": "com.amelosinteractive.snake",
    "class_name": "com.vungle.ads.VungleAds",
    "timestamp": 1728462856633,
    "ref": "<class: com.vungle.ads.VungleAds>",
    "arguments": "{}",
    "stack_trace": "java.lang.Exception\n\tat com.vungle.ads.VungleAds.access$getVungleInternal$cp(Native Method)\n\tat com.vungle.ads.VungleAds$Companion.getSdkVersion(VungleAds.kt:53)\n\tat com.ironsource.adapters.vungle.VungleAdapter$Companion.getAdapterSDKVersion(VungleAdapter.kt:77)\n\tat com.ironsource.adapters.vungle.VungleAdapter.getCoreSDKVersion(VungleAdapter.kt:87)\n\tat com.ironsource.mediationsdk.c.a(Unknown Source:65)\n\tat com.ironsource.mediationsdk.q.a(Unknown Source:43)\n\tat com.ironsource.mediationsdk.q.a(Unknown Source:0)\n\tat com.ironsource.mediationsdk.q$a.run(Unknown Source:10)\n\tat com.ironsource.environment.thread.IronSourceThreadManager.executeTasks(Unknown Source:23)\n\tat com.ironsource.mediationsdk.q.a(Unknown Source:46)\n\tat com.ironsource.mediationsdk.q.<init>(Unknown Source:188)\n\tat com.ironsource.mediationsdk.p.d0(Unknown Source:61)\n\tat com.ironsource.mediationsdk.p.g0(Unknown Source:43)\n\tat com.ironsource.mediationsdk.p.b(Unknown Source:26)\n\tat com.ironsource.mediationsdk.p.a(Unknown Source:160)\n\tat com.ironsource.mediationsdk.s$a.run(Unknown Source:368)\n\tat android.os.Handler.handleCallback(Handler.java:958)\n\tat android.os.Handler.dispatchMessage(Handler.java:99)\n\tat android.os.Looper.loopOnce(Looper.java:255)\n\tat android.os.Looper.loop(Looper.java:364)\n\tat android.os.HandlerThread.run(HandlerThread.java:67)\n",
    "is_privacy": false
},
{
    "type": "log",
    "source": "class",
    "method": "setCCPAStatus",
    "package_name": "com.amelosinteractive.snake",
    "class_name": "com.vungle.ads.VunglePrivacySettings",
    "timestamp": 1728462856661,
    "ref": "<class: com.vungle.ads.VunglePrivacySettings>",
    "arguments": "{\"0\":true}",
    "stack_trace": "java.lang.Exception\n\tat com.vungle.ads.VunglePrivacySettings.setCCPAStatus(Native Method)\n\tat com.ironsource.adapters.vungle.VungleAdapter.setCCPAValue(VungleAdapter.kt:153)\n\tat com.ironsource.adapters.vungle.VungleAdapter.setMetaData(VungleAdapter.kt:139)\n\tat com.ironsource.mediationsdk.c.c(Unknown Source:67)\n\tat com.ironsource.mediationsdk.c.a(Unknown Source:152)\n\tat com.ironsource.mediationsdk.q.a(Unknown Source:43)\n\tat com.ironsource.mediationsdk.q.a(Unknown Source:0)\n\tat com.ironsource.mediationsdk.q$a.run(Unknown Source:10)\n\tat com.ironsource.environment.thread.IronSourceThreadManager.executeTasks(Unknown Source:23)\n\tat com.ironsource.mediationsdk.q.a(Unknown Source:46)\n\tat com.ironsource.mediationsdk.q.<init>(Unknown Source:188)\n\tat com.ironsource.mediationsdk.p.d0(Unknown Source:61)\n\tat com.ironsource.mediationsdk.p.g0(Unknown Source:43)\n\tat com.ironsource.mediationsdk.p.b(Unknown Source:26)\n\tat com.ironsource.mediationsdk.p.a(Unknown Source:160)\n\tat com.ironsource.mediationsdk.s$a.run(Unknown Source:368)\n\tat android.os.Handler.handleCallback(Handler.java:958)\n\tat android.os.Handler.dispatchMessage(Handler.java:99)\n\tat android.os.Looper.loopOnce(Looper.java:255)\n\tat android.os.Looper.loop(Looper.java:364)\n\tat android.os.HandlerThread.run(HandlerThread.java:67)\n",
    "is_privacy": true
},
{
    "type": "log",
    "source": "class",
    "method": "setGDPRStatus",
    "package_name": "com.amelosinteractive.snake",
    "class_name": "com.vungle.ads.VunglePrivacySettings",
    "timestamp": 1728462856671,
    "ref": "<class: com.vungle.ads.VunglePrivacySettings>",
    "arguments": "{\"0\":true,\"1\":\"1.0.0\"}",
    "stack_trace": "java.lang.Exception\n\tat com.vungle.ads.VunglePrivacySettings.setGDPRStatus(Native Method)\n\tat com.ironsource.adapters.vungle.VungleAdapter.setConsent(VungleAdapter.kt:167)\n\tat com.ironsource.mediationsdk.AbstractAdapter.setNewConsent(Unknown Source:0)\n\tat com.ironsource.r4.a(Unknown Source:15)\n\tat com.ironsource.mediationsdk.c.a(Unknown Source:160)\n\tat com.ironsource.mediationsdk.q.a(Unknown Source:43)\n\tat com.ironsource.mediationsdk.q.a(Unknown Source:0)\n\tat com.ironsource.mediationsdk.q$a.run(Unknown Source:10)\n\tat com.ironsource.environment.thread.IronSourceThreadManager.executeTasks(Unknown Source:23)\n\tat com.ironsource.mediationsdk.q.a(Unknown Source:46)\n\tat com.ironsource.mediationsdk.q.<init>(Unknown Source:188)\n\tat com.ironsource.mediationsdk.p.d0(Unknown Source:61)\n\tat com.ironsource.mediationsdk.p.g0(Unknown Source:43)\n\tat com.ironsource.mediationsdk.p.b(Unknown Source:26)\n\tat com.ironsource.mediationsdk.p.a(Unknown Source:160)\n\tat com.ironsource.mediationsdk.s$a.run(Unknown Source:368)\n\tat android.os.Handler.handleCallback(Handler.java:958)\n\tat android.os.Handler.dispatchMessage(Handler.java:99)\n\tat android.os.Looper.loopOnce(Looper.java:255)\n\tat android.os.Looper.loop(Looper.java:364)\n\tat android.os.HandlerThread.run(HandlerThread.java:67)\n",
    "is_privacy": true
},
{
    "type": "log",
    "source": "class",
    "method": "access$getInitializer$cp",
    "package_name": "com.amelosinteractive.snake",
    "class_name": "com.vungle.ads.VungleAds",
    "timestamp": 1728462856685,
    "ref": "<class: com.vungle.ads.VungleAds>",
    "arguments": "{}",
    "stack_trace": "java.lang.Exception\n\tat com.vungle.ads.VungleAds.access$getInitializer$cp(Native Method)\n\tat com.vungle.ads.VungleAds$Companion.isInitialized(VungleAds.kt:36)\n\tat com.vungle.ads.VungleAds$Companion.setIntegrationName(VungleAds.kt:81)\n\tat com.ironsource.adapters.vungle.VungleAdapter.initSDK(VungleAdapter.kt:108)\n\tat com.ironsource.adapters.vungle.rewardedvideo.VungleRewardedVideoAdapter.initRewardedVideoWithCallback(VungleRewardedVideoAdapter.kt:90)\n\tat com.ironsource.mediationsdk.AbstractAdapter.initRewardedVideoWithCallback(Unknown Source:8)\n\tat com.ironsource.mediationsdk.r.t(Unknown Source:49)\n\tat com.ironsource.mediationsdk.r.<init>(Unknown Source:65)\n\tat com.ironsource.mediationsdk.q.a(Unknown Source:65)\n\tat com.ironsource.mediationsdk.q.a(Unknown Source:0)\n\tat com.ironsource.mediationsdk.q$a.run(Unknown Source:10)\n\tat com.ironsource.environment.thread.IronSourceThreadManager.executeTasks(Unknown Source:23)\n\tat com.ironsource.mediationsdk.q.a(Unknown Source:46)\n\tat com.ironsource.mediationsdk.q.<init>(Unknown Source:188)\n\tat com.ironsource.mediationsdk.p.d0(Unknown Source:61)\n\tat com.ironsource.mediationsdk.p.g0(Unknown Source:43)\n\tat com.ironsource.mediationsdk.p.b(Unknown Source:26)\n\tat com.ironsource.mediationsdk.p.a(Unknown Source:160)\n\tat com.ironsource.mediationsdk.s$a.run(Unknown Source:368)\n\tat android.os.Handler.handleCallback(Handler.java:958)\n\tat android.os.Handler.dispatchMessage(Handler.java:99)\n\tat android.os.Looper.loopOnce(Looper.java:255)\n\tat android.os.Looper.loop(Looper.java:364)\n\tat android.os.HandlerThread.run(HandlerThread.java:67)\n",
    "is_privacy": false
},
{
    "type": "log",
    "source": "class",
    "method": "access$getInitializer$cp",
    "package_name": "com.amelosinteractive.snake",
    "class_name": "com.vungle.ads.VungleAds",
    "timestamp": 1728462856697,
    "ref": "<class: com.vungle.ads.VungleAds>",
    "arguments": "{}",
    "stack_trace": "java.lang.Exception\n\tat com.vungle.ads.VungleAds.access$getInitializer$cp(Native Method)\n\tat com.vungle.ads.VungleAds$Companion.init(VungleAds.kt:27)\n\tat com.ironsource.adapters.vungle.VungleAdapter.initSDK(VungleAdapter.kt:114)\n\tat com.ironsource.adapters.vungle.rewardedvideo.VungleRewardedVideoAdapter.initRewardedVideoWithCallback(VungleRewardedVideoAdapter.kt:90)\n\tat com.ironsource.mediationsdk.AbstractAdapter.initRewardedVideoWithCallback(Unknown Source:8)\n\tat com.ironsource.mediationsdk.r.t(Unknown Source:49)\n\tat com.ironsource.mediationsdk.r.<init>(Unknown Source:65)\n\tat com.ironsource.mediationsdk.q.a(Unknown Source:65)\n\tat com.ironsource.mediationsdk.q.a(Unknown Source:0)\n\tat com.ironsource.mediationsdk.q$a.run(Unknown Source:10)\n\tat com.ironsource.environment.thread.IronSourceThreadManager.executeTasks(Unknown Source:23)\n\tat com.ironsource.mediationsdk.q.a(Unknown Source:46)\n\tat com.ironsource.mediationsdk.q.<init>(Unknown Source:188)\n\tat com.ironsource.mediationsdk.p.d0(Unknown Source:61)\n\tat com.ironsource.mediationsdk.p.g0(Unknown Source:43)\n\tat com.ironsource.mediationsdk.p.b(Unknown Source:26)\n\tat com.ironsource.mediationsdk.p.a(Unknown Source:160)\n\tat com.ironsource.mediationsdk.s$a.run(Unknown Source:368)\n\tat android.os.Handler.handleCallback(Handler.java:958)\n\tat android.os.Handler.dispatchMessage(Handler.java:99)\n\tat android.os.Looper.loopOnce(Looper.java:255)\n\tat android.os.Looper.loop(Looper.java:364)\n\tat android.os.HandlerThread.run(HandlerThread.java:67)\n",
    "is_privacy": false
},
{
    "type": "log",
    "source": "class",
    "method": "isInterstitialReady",
    "package_name": "com.amelosinteractive.snake",
    "class_name": "com.ironsource.mediationsdk.IronSource",
    "timestamp": 1728462857187,
    "ref": "<class: com.ironsource.mediationsdk.IronSource>",
    "arguments": "{}",
    "stack_trace": "java.lang.Exception\n\tat com.ironsource.mediationsdk.IronSource.isInterstitialReady(Native Method)\n\tat com.ironsource.unity.androidbridge.AndroidBridge.isInterstitialReady(AndroidBridge.java:341)\n\tat com.unity3d.player.UnityPlayer.nativeRender(Native Method)\n\tat com.unity3d.player.UnityPlayer.-$$Nest$mnativeRender(Unknown Source:0)\n\tat com.unity3d.player.UnityPlayer$F$a.handleMessage(Unknown Source:122)\n\tat android.os.Handler.dispatchMessage(Handler.java:102)\n\tat android.os.Looper.loopOnce(Looper.java:255)\n\tat android.os.Looper.loop(Looper.java:364)\n\tat com.unity3d.player.UnityPlayer$F.run(Unknown Source:24)\n",
    "is_privacy": false
},
{
    "type": "log",
    "source": "class",
    "method": "loadInterstitial",
    "package_name": "com.amelosinteractive.snake",
    "class_name": "com.ironsource.mediationsdk.IronSource",
    "timestamp": 1728462857193,
    "ref": "<class: com.ironsource.mediationsdk.IronSource>",
    "arguments": "{}",
    "stack_trace": "java.lang.Exception\n\tat com.ironsource.mediationsdk.IronSource.loadInterstitial(Native Method)\n\tat com.ironsource.unity.androidbridge.AndroidBridge.loadInterstitial(AndroidBridge.java:329)\n\tat com.unity3d.player.UnityPlayer.nativeRender(Native Method)\n\tat com.unity3d.player.UnityPlayer.-$$Nest$mnativeRender(Unknown Source:0)\n\tat com.unity3d.player.UnityPlayer$F$a.handleMessage(Unknown Source:122)\n\tat android.os.Handler.dispatchMessage(Handler.java:102)\n\tat android.os.Looper.loopOnce(Looper.java:255)\n\tat android.os.Looper.loop(Looper.java:364)\n\tat com.unity3d.player.UnityPlayer$F.run(Unknown Source:24)\n",
    "is_privacy": false
},
{
    "type": "log",
    "source": "class",
    "method": "getVersion",
    "package_name": "com.amelosinteractive.snake",
    "class_name": "com.google.android.gms.ads.MobileAds",
    "timestamp": 1728462858973,
    "ref": "<class: com.google.android.gms.ads.MobileAds>",
    "arguments": "{}",
    "stack_trace": "java.lang.Exception\n\tat com.google.android.gms.ads.MobileAds.getVersion(Native Method)\n\tat com.ironsource.adapters.admob.AdMobAdapter.getAdapterSDKVersion(AdMobAdapter.java:140)\n\tat com.ironsource.adapters.admob.AdMobAdapter.getCoreSDKVersion(AdMobAdapter.java:136)\n\tat com.ironsource.mediationsdk.z.m(Unknown Source:28)\n\tat com.ironsource.mediationsdk.r.a(Unknown Source:0)\n\tat com.ironsource.mediationsdk.r.a(Unknown Source:2)\n\tat com.ironsource.mediationsdk.r.a(Unknown Source:2)\n\tat com.ironsource.b4.a(Unknown Source:48)\n\tat com.ironsource.b4.call(Unknown Source:0)\n\tat java.util.concurrent.FutureTask.run(FutureTask.java:290)\n\tat java.util.concurrent.ThreadPoolExecutor.runWorker(ThreadPoolExecutor.java:1145)\n\tat java.util.concurrent.ThreadPoolExecutor$Worker.run(ThreadPoolExecutor.java:644)\n\tat java.lang.Thread.run(Thread.java:1012)\n",
    "is_privacy": false
},
{
    "type": "log",
    "source": "class",
    "method": "getVersion",
    "package_name": "com.amelosinteractive.snake",
    "class_name": "com.unity3d.ads.UnityAds",
    "timestamp": 1728462858976,
    "ref": "<class: com.unity3d.ads.UnityAds>",
    "arguments": "{}",
    "stack_trace": "java.lang.Exception\n\tat com.unity3d.ads.UnityAds.getVersion(Native Method)\n\tat com.ironsource.adapters.unityads.UnityAdsAdapter.getCoreSDKVersion(UnityAdsAdapter.java:162)\n\tat com.ironsource.mediationsdk.z.m(Unknown Source:28)\n\tat com.ironsource.mediationsdk.r.a(Unknown Source:0)\n\tat com.ironsource.mediationsdk.r.a(Unknown Source:2)\n\tat com.ironsource.mediationsdk.r.a(Unknown Source:2)\n\tat com.ironsource.b4.a(Unknown Source:48)\n\tat com.ironsource.b4.call(Unknown Source:0)\n\tat java.util.concurrent.FutureTask.run(FutureTask.java:290)\n\tat java.util.concurrent.ThreadPoolExecutor.runWorker(ThreadPoolExecutor.java:1145)\n\tat java.util.concurrent.ThreadPoolExecutor$Worker.run(ThreadPoolExecutor.java:644)\n\tat java.lang.Thread.run(Thread.java:1012)\n",
    "is_privacy": false
},
{
    "type": "log",
    "source": "class",
    "method": "access$getVungleInternal$cp",
    "package_name": "com.amelosinteractive.snake",
    "class_name": "com.vungle.ads.VungleAds",
    "timestamp": 1728462858984,
    "ref": "<class: com.vungle.ads.VungleAds>",
    "arguments": "{}",
    "stack_trace": "java.lang.Exception\n\tat com.vungle.ads.VungleAds.access$getVungleInternal$cp(Native Method)\n\tat com.vungle.ads.VungleAds$Companion.getSdkVersion(VungleAds.kt:53)\n\tat com.ironsource.adapters.vungle.VungleAdapter$Companion.getAdapterSDKVersion(VungleAdapter.kt:77)\n\tat com.ironsource.adapters.vungle.VungleAdapter.getCoreSDKVersion(VungleAdapter.kt:87)\n\tat com.ironsource.mediationsdk.z.m(Unknown Source:28)\n\tat com.ironsource.mediationsdk.r.a(Unknown Source:0)\n\tat com.ironsource.mediationsdk.r.a(Unknown Source:2)\n\tat com.ironsource.mediationsdk.r.a(Unknown Source:2)\n\tat com.ironsource.b4.a(Unknown Source:48)\n\tat com.ironsource.b4.call(Unknown Source:0)\n\tat java.util.concurrent.FutureTask.run(FutureTask.java:290)\n\tat java.util.concurrent.ThreadPoolExecutor.runWorker(ThreadPoolExecutor.java:1145)\n\tat java.util.concurrent.ThreadPoolExecutor$Worker.run(ThreadPoolExecutor.java:644)\n\tat java.lang.Thread.run(Thread.java:1012)\n",
    "is_privacy": false
},
{
    "type": "log",
    "source": "class",
    "method": "self",
    "package_name": "com.amelosinteractive.snake",
    "class_name": "com.google.android.gms.ads.AdRequest$Builder",
    "timestamp": 1728462858995,
    "ref": "com.google.android.gms.ads.AdRequest$Builder@f37de33",
    "arguments": "{}",
    "stack_trace": "java.lang.Exception\n\tat com.google.android.gms.ads.AdRequest$Builder.self(Native Method)\n\tat com.google.android.gms.ads.AbstractAdRequestBuilder.setRequestAgent(com.google.android.gms:play-services-ads-lite@@23.0.0:2)\n\tat com.ironsource.adapters.admob.AdMobAdapter.collectBiddingData(AdMobAdapter.java:444)\n\tat com.ironsource.adapters.admob.rewardedvideo.AdMobRewardedVideoAdapter.collectRewardedVideoBiddingData(AdMobRewardedVideoAdapter.java:209)\n\tat com.ironsource.mediationsdk.AbstractAdapter.collectRewardedVideoBiddingData(Unknown Source:6)\n\tat com.ironsource.mediationsdk.r.a(Unknown Source:21)\n\tat com.ironsource.b4.a(Unknown Source:48)\n\tat com.ironsource.b4.call(Unknown Source:0)\n\tat java.util.concurrent.FutureTask.run(FutureTask.java:290)\n\tat java.util.concurrent.ThreadPoolExecutor.runWorker(ThreadPoolExecutor.java:1145)\n\tat java.util.concurrent.ThreadPoolExecutor$Worker.run(ThreadPoolExecutor.java:644)\n\tat java.lang.Thread.run(Thread.java:1012)\n",
    "is_privacy": false
},
{
    "type": "log",
    "source": "class",
    "method": "getToken",
    "package_name": "com.amelosinteractive.snake",
    "class_name": "com.unity3d.ads.UnityAds",
    "timestamp": 1728462859005,
    "ref": "<class: com.unity3d.ads.UnityAds>",
    "arguments": "{\"0\":\"<instance: com.unity3d.ads.IUnityAdsTokenListener, $className: com.ironsource.adapters.unityads.UnityAdsAdapter$1>\"}",
    "stack_trace": "java.lang.Exception\n\tat com.unity3d.ads.UnityAds.getToken(Native Method)\n\tat com.ironsource.adapters.unityads.UnityAdsAdapter.getAsyncToken(UnityAdsAdapter.java:967)\n\tat com.ironsource.adapters.unityads.UnityAdsAdapter.getBiddingData(UnityAdsAdapter.java:829)\n\tat com.ironsource.adapters.unityads.UnityAdsAdapter.getRewardedVideoBiddingData(UnityAdsAdapter.java:472)\n\tat com.ironsource.mediationsdk.AbstractAdapter.collectRewardedVideoBiddingData(Unknown Source:10)\n\tat com.ironsource.mediationsdk.r.a(Unknown Source:21)\n\tat com.ironsource.b4.a(Unknown Source:48)\n\tat com.ironsource.b4.call(Unknown Source:0)\n\tat java.util.concurrent.FutureTask.run(FutureTask.java:290)\n\tat java.util.concurrent.ThreadPoolExecutor.runWorker(ThreadPoolExecutor.java:1145)\n\tat java.util.concurrent.ThreadPoolExecutor$Worker.run(ThreadPoolExecutor.java:644)\n\tat java.lang.Thread.run(Thread.java:1012)\n",
    "is_privacy": false
},
{
    "type": "log",
    "source": "class",
    "method": "access$getVungleInternal$cp",
    "package_name": "com.amelosinteractive.snake",
    "class_name": "com.vungle.ads.VungleAds",
    "timestamp": 1728462859003,
    "ref": "<class: com.vungle.ads.VungleAds>",
    "arguments": "{}",
    "stack_trace": "java.lang.Exception\n\tat com.vungle.ads.VungleAds.access$getVungleInternal$cp(Native Method)\n\tat com.vungle.ads.VungleAds$Companion.getBiddingToken(VungleAds.kt:46)\n\tat com.ironsource.adapters.vungle.VungleAdapter.getBiddingData(VungleAdapter.kt:177)\n\tat com.ironsource.adapters.vungle.rewardedvideo.VungleRewardedVideoAdapter.getRewardedVideoBiddingData(VungleRewardedVideoAdapter.kt:262)\n\tat com.ironsource.mediationsdk.adapter.AbstractRewardedVideoAdapter.collectRewardedVideoBiddingData(Unknown Source:10)\n\tat com.ironsource.mediationsdk.AbstractAdapter.collectRewardedVideoBiddingData(Unknown Source:6)\n\tat com.ironsource.mediationsdk.r.a(Unknown Source:21)\n\tat com.ironsource.b4.a(Unknown Source:48)\n\tat com.ironsource.b4.call(Unknown Source:0)\n\tat java.util.concurrent.FutureTask.run(FutureTask.java:290)\n\tat java.util.concurrent.ThreadPoolExecutor.runWorker(ThreadPoolExecutor.java:1145)\n\tat java.util.concurrent.ThreadPoolExecutor$Worker.run(ThreadPoolExecutor.java:644)\n\tat java.lang.Thread.run(Thread.java:1012)\n",
    "is_privacy": false
},
{
    "type": "log",
    "source": "class",
    "method": "self",
    "package_name": "com.amelosinteractive.snake",
    "class_name": "com.google.android.gms.ads.AdRequest$Builder",
    "timestamp": 1728462859013,
    "ref": "com.google.android.gms.ads.AdRequest$Builder@f37de33",
    "arguments": "{}",
    "stack_trace": "java.lang.Exception\n\tat com.google.android.gms.ads.AdRequest$Builder.self(Native Method)\n\tat com.google.android.gms.ads.AdRequest$Builder.self(com.google.android.gms:play-services-ads-lite@@23.0.0:1)\n\tat com.google.android.gms.ads.AdRequest$Builder.self(Native Method)\n\tat com.google.android.gms.ads.AbstractAdRequestBuilder.setRequestAgent(com.google.android.gms:play-services-ads-lite@@23.0.0:2)\n\tat com.ironsource.adapters.admob.AdMobAdapter.collectBiddingData(AdMobAdapter.java:444)\n\tat com.ironsource.adapters.admob.rewardedvideo.AdMobRewardedVideoAdapter.collectRewardedVideoBiddingData(AdMobRewardedVideoAdapter.java:209)\n\tat com.ironsource.mediationsdk.AbstractAdapter.collectRewardedVideoBiddingData(Unknown Source:6)\n\tat com.ironsource.mediationsdk.r.a(Unknown Source:21)\n\tat com.ironsource.b4.a(Unknown Source:48)\n\tat com.ironsource.b4.call(Unknown Source:0)\n\tat java.util.concurrent.FutureTask.run(FutureTask.java:290)\n\tat java.util.concurrent.ThreadPoolExecutor.runWorker(ThreadPoolExecutor.java:1145)\n\tat java.util.concurrent.ThreadPoolExecutor$Worker.run(ThreadPoolExecutor.java:644)\n\tat java.lang.Thread.run(Thread.java:1012)\n",
    "is_privacy": false
},
{
    "type": "log",
    "source": "class",
    "method": "access$getInitializer$cp",
    "package_name": "com.amelosinteractive.snake",
    "class_name": "com.vungle.ads.VungleAds",
    "timestamp": 1728462859017,
    "ref": "<class: com.vungle.ads.VungleAds>",
    "arguments": "{}",
    "stack_trace": "java.lang.Exception\n\tat com.vungle.ads.VungleAds.access$getInitializer$cp(Native Method)\n\tat com.vungle.ads.VungleAds$Companion.isInitialized(VungleAds.kt:36)\n\tat com.vungle.ads.internal.VungleInternal.getAvailableBidTokens(VungleInternal.kt:26)\n\tat com.vungle.ads.VungleAds$Companion.getBiddingToken(VungleAds.kt:46)\n\tat com.ironsource.adapters.vungle.VungleAdapter.getBiddingData(VungleAdapter.kt:177)\n\tat com.ironsource.adapters.vungle.rewardedvideo.VungleRewardedVideoAdapter.getRewardedVideoBiddingData(VungleRewardedVideoAdapter.kt:262)\n\tat com.ironsource.mediationsdk.adapter.AbstractRewardedVideoAdapter.collectRewardedVideoBiddingData(Unknown Source:10)\n\tat com.ironsource.mediationsdk.AbstractAdapter.collectRewardedVideoBiddingData(Unknown Source:6)\n\tat com.ironsource.mediationsdk.r.a(Unknown Source:21)\n\tat com.ironsource.b4.a(Unknown Source:48)\n\tat com.ironsource.b4.call(Unknown Source:0)\n\tat java.util.concurrent.FutureTask.run(FutureTask.java:290)\n\tat java.util.concurrent.ThreadPoolExecutor.runWorker(ThreadPoolExecutor.java:1145)\n\tat java.util.concurrent.ThreadPoolExecutor$Worker.run(ThreadPoolExecutor.java:644)\n\tat java.lang.Thread.run(Thread.java:1012)\n",
    "is_privacy": false
},
{
    "type": "log",
    "source": "class",
    "method": "self",
    "package_name": "com.amelosinteractive.snake",
    "class_name": "com.google.android.gms.ads.AdRequest$Builder",
    "timestamp": 1728462859025,
    "ref": "com.google.android.gms.ads.AdRequest$Builder@f37de33",
    "arguments": "{}",
    "stack_trace": "java.lang.Exception\n\tat com.google.android.gms.ads.AdRequest$Builder.self(Native Method)\n\tat com.google.android.gms.ads.AbstractAdRequestBuilder.addNetworkExtrasBundle(com.google.android.gms:play-services-ads-lite@@23.0.0:5)\n\tat com.ironsource.adapters.admob.AdMobAdapter.collectBiddingData(AdMobAdapter.java:445)\n\tat com.ironsource.adapters.admob.rewardedvideo.AdMobRewardedVideoAdapter.collectRewardedVideoBiddingData(AdMobRewardedVideoAdapter.java:209)\n\tat com.ironsource.mediationsdk.AbstractAdapter.collectRewardedVideoBiddingData(Unknown Source:6)\n\tat com.ironsource.mediationsdk.r.a(Unknown Source:21)\n\tat com.ironsource.b4.a(Unknown Source:48)\n\tat com.ironsource.b4.call(Unknown Source:0)\n\tat java.util.concurrent.FutureTask.run(FutureTask.java:290)\n\tat java.util.concurrent.ThreadPoolExecutor.runWorker(ThreadPoolExecutor.java:1145)\n\tat java.util.concurrent.ThreadPoolExecutor$Worker.run(ThreadPoolExecutor.java:644)\n\tat java.lang.Thread.run(Thread.java:1012)\n",
    "is_privacy": false
},
{
    "type": "log",
    "source": "class",
    "method": "self",
    "package_name": "com.amelosinteractive.snake",
    "class_name": "com.google.android.gms.ads.AdRequest$Builder",
    "timestamp": 1728462859038,
    "ref": "com.google.android.gms.ads.AdRequest$Builder@f37de33",
    "arguments": "{}",
    "stack_trace": "java.lang.Exception\n\tat com.google.android.gms.ads.AdRequest$Builder.self(Native Method)\n\tat com.google.android.gms.ads.AdRequest$Builder.self(com.google.android.gms:play-services-ads-lite@@23.0.0:1)\n\tat com.google.android.gms.ads.AdRequest$Builder.self(Native Method)\n\tat com.google.android.gms.ads.AbstractAdRequestBuilder.addNetworkExtrasBundle(com.google.android.gms:play-services-ads-lite@@23.0.0:5)\n\tat com.ironsource.adapters.admob.AdMobAdapter.collectBiddingData(AdMobAdapter.java:445)\n\tat com.ironsource.adapters.admob.rewardedvideo.AdMobRewardedVideoAdapter.collectRewardedVideoBiddingData(AdMobRewardedVideoAdapter.java:209)\n\tat com.ironsource.mediationsdk.AbstractAdapter.collectRewardedVideoBiddingData(Unknown Source:6)\n\tat com.ironsource.mediationsdk.r.a(Unknown Source:21)\n\tat com.ironsource.b4.a(Unknown Source:48)\n\tat com.ironsource.b4.call(Unknown Source:0)\n\tat java.util.concurrent.FutureTask.run(FutureTask.java:290)\n\tat java.util.concurrent.ThreadPoolExecutor.runWorker(ThreadPoolExecutor.java:1145)\n\tat java.util.concurrent.ThreadPoolExecutor$Worker.run(ThreadPoolExecutor.java:644)\n\tat java.lang.Thread.run(Thread.java:1012)\n",
    "is_privacy": false
},
{
    "type": "log",
    "source": "class",
    "method": "build",
    "package_name": "com.amelosinteractive.snake",
    "class_name": "com.google.android.gms.ads.AdRequest$Builder",
    "timestamp": 1728462859047,
    "ref": "com.google.android.gms.ads.AdRequest$Builder@f37de33",
    "arguments": "{}",
    "stack_trace": "java.lang.Exception\n\tat com.google.android.gms.ads.AdRequest$Builder.build(Native Method)\n\tat com.ironsource.adapters.admob.AdMobAdapter.collectBiddingData(AdMobAdapter.java:446)\n\tat com.ironsource.adapters.admob.rewardedvideo.AdMobRewardedVideoAdapter.collectRewardedVideoBiddingData(AdMobRewardedVideoAdapter.java:209)\n\tat com.ironsource.mediationsdk.AbstractAdapter.collectRewardedVideoBiddingData(Unknown Source:6)\n\tat com.ironsource.mediationsdk.r.a(Unknown Source:21)\n\tat com.ironsource.b4.a(Unknown Source:48)\n\tat com.ironsource.b4.call(Unknown Source:0)\n\tat java.util.concurrent.FutureTask.run(FutureTask.java:290)\n\tat java.util.concurrent.ThreadPoolExecutor.runWorker(ThreadPoolExecutor.java:1145)\n\tat java.util.concurrent.ThreadPoolExecutor$Worker.run(ThreadPoolExecutor.java:644)\n\tat java.lang.Thread.run(Thread.java:1012)\n",
    "is_privacy": false
},
{
    "type": "log",
    "source": "class",
    "method": "zza",
    "package_name": "com.amelosinteractive.snake",
    "class_name": "com.google.android.gms.ads.AdRequest",
    "timestamp": 1728462859062,
    "ref": "com.google.android.gms.ads.AdRequest@d34ba23",
    "arguments": "{}",
    "stack_trace": "java.lang.Exception\n\tat com.google.android.gms.ads.AdRequest.zza(Native Method)\n\tat com.google.android.gms.ads.query.zza.run(com.google.android.gms:play-services-ads-lite@@23.0.0:1)\n\tat java.util.concurrent.ThreadPoolExecutor.runWorker(ThreadPoolExecutor.java:1145)\n\tat java.util.concurrent.ThreadPoolExecutor$Worker.run(ThreadPoolExecutor.java:644)\n\tat java.lang.Thread.run(Thread.java:1012)\n",
    "is_privacy": false
},
{
    "type": "log",
    "source": "class",
    "method": "access$getVungleInternal$cp",
    "package_name": "com.amelosinteractive.snake",
    "class_name": "com.vungle.ads.VungleAds",
    "timestamp": 1728462859092,
    "ref": "<class: com.vungle.ads.VungleAds>",
    "arguments": "{}",
    "stack_trace": "java.lang.Exception\n\tat com.vungle.ads.VungleAds.access$getVungleInternal$cp(Native Method)\n\tat com.vungle.ads.VungleAds$Companion.getSdkVersion(VungleAds.kt:53)\n\tat com.ironsource.adapters.vungle.VungleAdapter$Companion.getAdapterSDKVersion(VungleAdapter.kt:77)\n\tat com.ironsource.adapters.vungle.VungleAdapter.getCoreSDKVersion(VungleAdapter.kt:87)\n\tat com.ironsource.adapters.vungle.VungleAdapter.getBiddingData(VungleAdapter.kt:179)\n\tat com.ironsource.adapters.vungle.rewardedvideo.VungleRewardedVideoAdapter.getRewardedVideoBiddingData(VungleRewardedVideoAdapter.kt:262)\n\tat com.ironsource.mediationsdk.adapter.AbstractRewardedVideoAdapter.collectRewardedVideoBiddingData(Unknown Source:10)\n\tat com.ironsource.mediationsdk.AbstractAdapter.collectRewardedVideoBiddingData(Unknown Source:6)\n\tat com.ironsource.mediationsdk.r.a(Unknown Source:21)\n\tat com.ironsource.b4.a(Unknown Source:48)\n\tat com.ironsource.b4.call(Unknown Source:0)\n\tat java.util.concurrent.FutureTask.run(FutureTask.java:290)\n\tat java.util.concurrent.ThreadPoolExecutor.runWorker(ThreadPoolExecutor.java:1145)\n\tat java.util.concurrent.ThreadPoolExecutor$Worker.run(ThreadPoolExecutor.java:644)\n\tat java.lang.Thread.run(Thread.java:1012)\n",
    "is_privacy": false
},
{
    "type": "log",
    "source": "class",
    "method": "getTestDeviceIds",
    "package_name": "com.amelosinteractive.snake",
    "class_name": "com.google.android.gms.ads.RequestConfiguration",
    "timestamp": 1728462859150,
    "ref": "com.google.android.gms.ads.RequestConfiguration@176c515",
    "arguments": "{}",
    "stack_trace": "java.lang.Exception\n\tat com.google.android.gms.ads.RequestConfiguration.getTestDeviceIds(Native Method)\n\tat com.google.android.gms.ads.internal.client.zzdx.zzq(com.google.android.gms:play-services-ads-lite@@23.0.0:4)\n\tat com.google.android.gms.ads.internal.client.zzp.zza(com.google.android.gms:play-services-ads-lite@@23.0.0:5)\n\tat com.google.android.gms.internal.ads.zzbxk.zzb(com.google.android.gms:play-services-ads-lite@@23.0.0:4)\n\tat com.google.android.gms.ads.query.zza.run(com.google.android.gms:play-services-ads-lite@@23.0.0:1)\n\tat java.util.concurrent.ThreadPoolExecutor.runWorker(ThreadPoolExecutor.java:1145)\n\tat java.util.concurrent.ThreadPoolExecutor$Worker.run(ThreadPoolExecutor.java:644)\n\tat java.lang.Thread.run(Thread.java:1012)\n",
    "is_privacy": false
},
{
    "type": "log",
    "source": "class",
    "method": "getTagForChildDirectedTreatment",
    "package_name": "com.amelosinteractive.snake",
    "class_name": "com.google.android.gms.ads.RequestConfiguration",
    "timestamp": 1728462859158,
    "ref": "com.google.android.gms.ads.RequestConfiguration@176c515",
    "arguments": "{}",
    "stack_trace": "java.lang.Exception\n\tat com.google.android.gms.ads.RequestConfiguration.getTagForChildDirectedTreatment(Native Method)\n\tat com.google.android.gms.ads.internal.client.zzp.zza(com.google.android.gms:play-services-ads-lite@@23.0.0:17)\n\tat com.google.android.gms.internal.ads.zzbxk.zzb(com.google.android.gms:play-services-ads-lite@@23.0.0:4)\n\tat com.google.android.gms.ads.query.zza.run(com.google.android.gms:play-services-ads-lite@@23.0.0:1)\n\tat java.util.concurrent.ThreadPoolExecutor.runWorker(ThreadPoolExecutor.java:1145)\n\tat java.util.concurrent.ThreadPoolExecutor$Worker.run(ThreadPoolExecutor.java:644)\n\tat java.lang.Thread.run(Thread.java:1012)\n",
    "is_privacy": false
},
{
    "type": "log",
    "source": "class",
    "method": "getMaxAdContentRating",
    "package_name": "com.amelosinteractive.snake",
    "class_name": "com.google.android.gms.ads.RequestConfiguration",
    "timestamp": 1728462859162,
    "ref": "com.google.android.gms.ads.RequestConfiguration@176c515",
    "arguments": "{}",
    "stack_trace": "java.lang.Exception\n\tat com.google.android.gms.ads.RequestConfiguration.getMaxAdContentRating(Native Method)\n\tat com.google.android.gms.ads.internal.client.zzp.zza(com.google.android.gms:play-services-ads-lite@@23.0.0:19)\n\tat com.google.android.gms.internal.ads.zzbxk.zzb(com.google.android.gms:play-services-ads-lite@@23.0.0:4)\n\tat com.google.android.gms.ads.query.zza.run(com.google.android.gms:play-services-ads-lite@@23.0.0:1)\n\tat java.util.concurrent.ThreadPoolExecutor.runWorker(ThreadPoolExecutor.java:1145)\n\tat java.util.concurrent.ThreadPoolExecutor$Worker.run(ThreadPoolExecutor.java:644)\n\tat java.lang.Thread.run(Thread.java:1012)\n",
    "is_privacy": false
},
{
    "type": "log",
    "source": "class",
    "method": "getTagForUnderAgeOfConsent",
    "package_name": "com.amelosinteractive.snake",
    "class_name": "com.google.android.gms.ads.RequestConfiguration",
    "timestamp": 1728462859179,
    "ref": "com.google.android.gms.ads.RequestConfiguration@176c515",
    "arguments": "{}",
    "stack_trace": "java.lang.Exception\n\tat com.google.android.gms.ads.RequestConfiguration.getTagForUnderAgeOfConsent(Native Method)\n\tat com.google.android.gms.ads.internal.client.zzp.zza(com.google.android.gms:play-services-ads-lite@@23.0.0:27)\n\tat com.google.android.gms.internal.ads.zzbxk.zzb(com.google.android.gms:play-services-ads-lite@@23.0.0:4)\n\tat com.google.android.gms.ads.query.zza.run(com.google.android.gms:play-services-ads-lite@@23.0.0:1)\n\tat java.util.concurrent.ThreadPoolExecutor.runWorker(ThreadPoolExecutor.java:1145)\n\tat java.util.concurrent.ThreadPoolExecutor$Worker.run(ThreadPoolExecutor.java:644)\n\tat java.lang.Thread.run(Thread.java:1012)\n",
    "is_privacy": false
},
{
    "type": "log",
    "source": "class",
    "method": "getPublisherPrivacyPersonalizationState",
    "package_name": "com.amelosinteractive.snake",
    "class_name": "com.google.android.gms.ads.RequestConfiguration",
    "timestamp": 1728462859189,
    "ref": "com.google.android.gms.ads.RequestConfiguration@176c515",
    "arguments": "{}",
    "stack_trace": "java.lang.Exception\n\tat com.google.android.gms.ads.RequestConfiguration.getPublisherPrivacyPersonalizationState(Native Method)\n\tat com.google.android.gms.ads.internal.client.zzp.zza(com.google.android.gms:play-services-ads-lite@@23.0.0:30)\n\tat com.google.android.gms.internal.ads.zzbxk.zzb(com.google.android.gms:play-services-ads-lite@@23.0.0:4)\n\tat com.google.android.gms.ads.query.zza.run(com.google.android.gms:play-services-ads-lite@@23.0.0:1)\n\tat java.util.concurrent.ThreadPoolExecutor.runWorker(ThreadPoolExecutor.java:1145)\n\tat java.util.concurrent.ThreadPoolExecutor$Worker.run(ThreadPoolExecutor.java:644)\n\tat java.lang.Thread.run(Thread.java:1012)\n",
    "is_privacy": false
},
{
    "type": "log",
    "source": "class",
    "method": "getScionFrontendApiImplementation",
    "package_name": "com.amelosinteractive.snake",
    "class_name": "com.google.firebase.analytics.FirebaseAnalytics",
    "timestamp": 1728462859808,
    "ref": "<class: com.google.firebase.analytics.FirebaseAnalytics>",
    "arguments": "{\"0\":\"<instance: android.content.Context, $className: com.kooapps.unity.UnityApplication>\",\"1\":null}",
    "stack_trace": "java.lang.Exception\n\tat com.google.firebase.analytics.FirebaseAnalytics.getScionFrontendApiImplementation(Native Method)\n\tat java.lang.reflect.Method.invoke(Native Method)\n\tat com.google.android.gms.measurement.AppMeasurement.getInstance(com.google.android.gms:play-services-measurement-impl@@21.3.0:3)\n\tat java.lang.reflect.Method.invoke(Native Method)\n\tat com.google.android.gms.internal.ads.zzcch.zzw(com.google.android.gms:play-services-ads@@23.0.0:4)\n\tat com.google.android.gms.internal.ads.zzcch.zzr(com.google.android.gms:play-services-ads@@23.0.0:1)\n\tat com.google.android.gms.internal.ads.zzcch.zzd(com.google.android.gms:play-services-ads@@23.0.0:3)\n\tat com.google.android.gms.internal.ads.zzexb.zzc(com.google.android.gms:play-services-ads@@23.0.0:2)\n\tat com.google.android.gms.internal.ads.zzexa.call(Unknown Source:2)\n\tat com.google.android.gms.internal.ads.zzgfm.zza(com.google.android.gms:play-services-ads@@23.0.0:1)\n\tat com.google.android.gms.internal.ads.zzgew.run(com.google.android.gms:play-services-ads@@23.0.0:4)\n\tat com.google.android.gms.internal.ads.zzgfn.run(com.google.android.gms:play-services-ads@@23.0.0:1)\n\tat java.util.concurrent.ThreadPoolExecutor.runWorker(ThreadPoolExecutor.java:1145)\n\tat java.util.concurrent.ThreadPoolExecutor$Worker.run(ThreadPoolExecutor.java:644)\n\tat java.lang.Thread.run(Thread.java:1012)\n",
    "is_privacy": false
},
{
    "type": "log",
    "source": "class",
    "method": "getVersion",
    "package_name": "com.amelosinteractive.snake",
    "class_name": "com.google.android.gms.ads.MobileAds",
    "timestamp": 1728462860294,
    "ref": "<class: com.google.android.gms.ads.MobileAds>",
    "arguments": "{}",
    "stack_trace": "java.lang.Exception\n\tat com.google.android.gms.ads.MobileAds.getVersion(Native Method)\n\tat com.ironsource.adapters.admob.AdMobAdapter.getAdapterSDKVersion(AdMobAdapter.java:140)\n\tat com.ironsource.adapters.admob.AdMobAdapter.getCoreSDKVersion(AdMobAdapter.java:136)\n\tat com.ironsource.adapters.admob.AdMobAdapter$2.onSuccess(AdMobAdapter.java:453)\n\tat com.google.android.gms.internal.ads.zzbxj.zzc(com.google.android.gms:play-services-ads-lite@@23.0.0:2)\n\tat com.google.android.gms.ads.nonagon.signalgeneration.zzw.zzb(com.google.android.gms:play-services-ads@@23.0.0:38)\n\tat com.google.android.gms.internal.ads.zzgek.run(com.google.android.gms:play-services-ads@@23.0.0:6)\n\tat android.os.Handler.handleCallback(Handler.java:958)\n\tat android.os.Handler.dispatchMessage(Handler.java:99)\n\tat com.google.android.gms.internal.ads.zzftt.zza(com.google.android.gms:play-services-ads-lite@@23.0.0:1)\n\tat com.google.android.gms.ads.internal.util.zzf.zza(com.google.android.gms:play-services-ads@@23.0.0:1)\n\tat com.google.android.gms.internal.ads.zzftt.dispatchMessage(com.google.android.gms:play-services-ads-lite@@23.0.0:1)\n\tat android.os.Looper.loopOnce(Looper.java:255)\n\tat android.os.Looper.loop(Looper.java:364)\n\tat android.app.ActivityThread.main(ActivityThread.java:8938)\n\tat java.lang.reflect.Method.invoke(Native Method)\n\tat com.android.internal.os.RuntimeInit$MethodAndArgsCaller.run(RuntimeInit.java:572)\n\tat com.android.internal.os.ZygoteInit.main(ZygoteInit.java:1053)\n",
    "is_privacy": false
},
{
    "type": "log",
    "source": "class",
    "method": "getVersion",
    "package_name": "com.amelosinteractive.snake",
    "class_name": "com.google.android.gms.ads.MobileAds",
    "timestamp": 1728462860335,
    "ref": "<class: com.google.android.gms.ads.MobileAds>",
    "arguments": "{}",
    "stack_trace": "java.lang.Exception\n\tat com.google.android.gms.ads.MobileAds.getVersion(Native Method)\n\tat com.ironsource.adapters.admob.AdMobAdapter.getAdapterSDKVersion(AdMobAdapter.java:140)\n\tat com.ironsource.adapters.admob.AdMobAdapter.getCoreSDKVersion(AdMobAdapter.java:136)\n\tat com.ironsource.mediationsdk.z.m(Unknown Source:28)\n\tat com.ironsource.mediationsdk.r.a(Unknown Source:0)\n\tat com.ironsource.mediationsdk.r.a(Unknown Source:1)\n\tat com.ironsource.mediationsdk.q$d.a(Unknown Source:124)\n\tat com.ironsource.e4$a.onWorkCompleted(Unknown Source:102)\n\tat com.ironsource.environment.workerthread.WorkerManager.startWork(Unknown Source:141)\n\tat com.ironsource.e4.a(Unknown Source:89)\n\tat com.ironsource.mediationsdk.q.a(Unknown Source:34)\n\tat com.ironsource.mediationsdk.q.b(Unknown Source:0)\n\tat com.ironsource.mediationsdk.q$c.run(Unknown Source:56)\n\tat android.os.AsyncTask$SerialExecutor$1.run(AsyncTask.java:305)\n\tat java.util.concurrent.ThreadPoolExecutor.runWorker(ThreadPoolExecutor.java:1145)\n\tat java.util.concurrent.ThreadPoolExecutor$Worker.run(ThreadPoolExecutor.java:644)\n\tat java.lang.Thread.run(Thread.java:1012)\n",
    "is_privacy": false
},
{
    "type": "log",
    "source": "class",
    "method": "getVersion",
    "package_name": "com.amelosinteractive.snake",
    "class_name": "com.unity3d.ads.UnityAds",
    "timestamp": 1728462860345,
    "ref": "<class: com.unity3d.ads.UnityAds>",
    "arguments": "{}",
    "stack_trace": "java.lang.Exception\n\tat com.unity3d.ads.UnityAds.getVersion(Native Method)\n\tat com.ironsource.adapters.unityads.UnityAdsAdapter.getCoreSDKVersion(UnityAdsAdapter.java:162)\n\tat com.ironsource.mediationsdk.z.m(Unknown Source:28)\n\tat com.ironsource.mediationsdk.r.a(Unknown Source:0)\n\tat com.ironsource.mediationsdk.r.a(Unknown Source:1)\n\tat com.ironsource.mediationsdk.q$d.a(Unknown Source:124)\n\tat com.ironsource.e4$a.onWorkCompleted(Unknown Source:102)\n\tat com.ironsource.environment.workerthread.WorkerManager.startWork(Unknown Source:141)\n\tat com.ironsource.e4.a(Unknown Source:89)\n\tat com.ironsource.mediationsdk.q.a(Unknown Source:34)\n\tat com.ironsource.mediationsdk.q.b(Unknown Source:0)\n\tat com.ironsource.mediationsdk.q$c.run(Unknown Source:56)\n\tat android.os.AsyncTask$SerialExecutor$1.run(AsyncTask.java:305)\n\tat java.util.concurrent.ThreadPoolExecutor.runWorker(ThreadPoolExecutor.java:1145)\n\tat java.util.concurrent.ThreadPoolExecutor$Worker.run(ThreadPoolExecutor.java:644)\n\tat java.lang.Thread.run(Thread.java:1012)\n",
    "is_privacy": false
},
{
    "type": "log",
    "source": "class",
    "method": "access$getVungleInternal$cp",
    "package_name": "com.amelosinteractive.snake",
    "class_name": "com.vungle.ads.VungleAds",
    "timestamp": 1728462860353,
    "ref": "<class: com.vungle.ads.VungleAds>",
    "arguments": "{}",
    "stack_trace": "java.lang.Exception\n\tat com.vungle.ads.VungleAds.access$getVungleInternal$cp(Native Method)\n\tat com.vungle.ads.VungleAds$Companion.getSdkVersion(VungleAds.kt:53)\n\tat com.ironsource.adapters.vungle.VungleAdapter$Companion.getAdapterSDKVersion(VungleAdapter.kt:77)\n\tat com.ironsource.adapters.vungle.VungleAdapter.getCoreSDKVersion(VungleAdapter.kt:87)\n\tat com.ironsource.mediationsdk.z.m(Unknown Source:28)\n\tat com.ironsource.mediationsdk.r.a(Unknown Source:0)\n\tat com.ironsource.mediationsdk.r.a(Unknown Source:1)\n\tat com.ironsource.mediationsdk.q$d.a(Unknown Source:124)\n\tat com.ironsource.e4$a.onWorkCompleted(Unknown Source:102)\n\tat com.ironsource.environment.workerthread.WorkerManager.startWork(Unknown Source:141)\n\tat com.ironsource.e4.a(Unknown Source:89)\n\tat com.ironsource.mediationsdk.q.a(Unknown Source:34)\n\tat com.ironsource.mediationsdk.q.b(Unknown Source:0)\n\tat com.ironsource.mediationsdk.q$c.run(Unknown Source:56)\n\tat android.os.AsyncTask$SerialExecutor$1.run(AsyncTask.java:305)\n\tat java.util.concurrent.ThreadPoolExecutor.runWorker(ThreadPoolExecutor.java:1145)\n\tat java.util.concurrent.ThreadPoolExecutor$Worker.run(ThreadPoolExecutor.java:644)\n\tat java.lang.Thread.run(Thread.java:1012)\n",
    "is_privacy": false
},
{
    "type": "log",
    "source": "class",
    "method": "self",
    "package_name": "com.amelosinteractive.snake",
    "class_name": "com.google.android.gms.ads.AdRequest$Builder",
    "timestamp": 1728462860481,
    "ref": "com.google.android.gms.ads.AdRequest$Builder@ca5f823",
    "arguments": "{}",
    "stack_trace": "java.lang.Exception\n\tat com.google.android.gms.ads.AdRequest$Builder.self(Native Method)\n\tat com.google.android.gms.ads.AbstractAdRequestBuilder.setRequestAgent(com.google.android.gms:play-services-ads-lite@@23.0.0:2)\n\tat com.ironsource.adapters.admob.AdMobAdapter.collectBiddingData(AdMobAdapter.java:444)\n\tat com.ironsource.adapters.admob.interstitial.AdMobInterstitialAdapter.collectInterstitialBiddingData(AdMobInterstitialAdapter.java:168)\n\tat com.ironsource.mediationsdk.AbstractAdapter.collectInterstitialBiddingData(Unknown Source:6)\n\tat com.ironsource.mediationsdk.u.a(Unknown Source:44)\n\tat com.ironsource.b4.a(Unknown Source:48)\n\tat com.ironsource.b4.call(Unknown Source:0)\n\tat java.util.concurrent.FutureTask.run(FutureTask.java:290)\n\tat java.util.concurrent.ThreadPoolExecutor.runWorker(ThreadPoolExecutor.java:1145)\n\tat java.util.concurrent.ThreadPoolExecutor$Worker.run(ThreadPoolExecutor.java:644)\n\tat java.lang.Thread.run(Thread.java:1012)\n",
    "is_privacy": false
},
{
    "type": "log",
    "source": "class",
    "method": "access$getVungleInternal$cp",
    "package_name": "com.amelosinteractive.snake",
    "class_name": "com.vungle.ads.VungleAds",
    "timestamp": 1728462860476,
    "ref": "<class: com.vungle.ads.VungleAds>",
    "arguments": "{}",
    "stack_trace": "java.lang.Exception\n\tat com.vungle.ads.VungleAds.access$getVungleInternal$cp(Native Method)\n\tat com.vungle.ads.VungleAds$Companion.getBiddingToken(VungleAds.kt:46)\n\tat com.ironsource.adapters.vungle.VungleAdapter.getBiddingData(VungleAdapter.kt:177)\n\tat com.ironsource.adapters.vungle.interstitial.VungleInterstitialAdapter.getInterstitialBiddingData(VungleInterstitialAdapter.kt:207)\n\tat com.ironsource.mediationsdk.adapter.AbstractInterstitialAdapter.collectInterstitialBiddingData(Unknown Source:10)\n\tat com.ironsource.mediationsdk.AbstractAdapter.collectInterstitialBiddingData(Unknown Source:6)\n\tat com.ironsource.mediationsdk.u.a(Unknown Source:44)\n\tat com.ironsource.b4.a(Unknown Source:48)\n\tat com.ironsource.b4.call(Unknown Source:0)\n\tat java.util.concurrent.FutureTask.run(FutureTask.java:290)\n\tat java.util.concurrent.ThreadPoolExecutor.runWorker(ThreadPoolExecutor.java:1145)\n\tat java.util.concurrent.ThreadPoolExecutor$Worker.run(ThreadPoolExecutor.java:644)\n\tat java.lang.Thread.run(Thread.java:1012)\n",
    "is_privacy": false
},
{
    "type": "log",
    "source": "class",
    "method": "self",
    "package_name": "com.amelosinteractive.snake",
    "class_name": "com.google.android.gms.ads.AdRequest$Builder",
    "timestamp": 1728462860487,
    "ref": "com.google.android.gms.ads.AdRequest$Builder@ca5f823",
    "arguments": "{}",
    "stack_trace": "java.lang.Exception\n\tat com.google.android.gms.ads.AdRequest$Builder.self(Native Method)\n\tat com.google.android.gms.ads.AdRequest$Builder.self(com.google.android.gms:play-services-ads-lite@@23.0.0:1)\n\tat com.google.android.gms.ads.AdRequest$Builder.self(Native Method)\n\tat com.google.android.gms.ads.AbstractAdRequestBuilder.setRequestAgent(com.google.android.gms:play-services-ads-lite@@23.0.0:2)\n\tat com.ironsource.adapters.admob.AdMobAdapter.collectBiddingData(AdMobAdapter.java:444)\n\tat com.ironsource.adapters.admob.interstitial.AdMobInterstitialAdapter.collectInterstitialBiddingData(AdMobInterstitialAdapter.java:168)\n\tat com.ironsource.mediationsdk.AbstractAdapter.collectInterstitialBiddingData(Unknown Source:6)\n\tat com.ironsource.mediationsdk.u.a(Unknown Source:44)\n\tat com.ironsource.b4.a(Unknown Source:48)\n\tat com.ironsource.b4.call(Unknown Source:0)\n\tat java.util.concurrent.FutureTask.run(FutureTask.java:290)\n\tat java.util.concurrent.ThreadPoolExecutor.runWorker(ThreadPoolExecutor.java:1145)\n\tat java.util.concurrent.ThreadPoolExecutor$Worker.run(ThreadPoolExecutor.java:644)\n\tat java.lang.Thread.run(Thread.java:1012)\n",
    "is_privacy": false
},
{
    "type": "log",
    "source": "class",
    "method": "access$getInitializer$cp",
    "package_name": "com.amelosinteractive.snake",
    "class_name": "com.vungle.ads.VungleAds",
    "timestamp": 1728462860494,
    "ref": "<class: com.vungle.ads.VungleAds>",
    "arguments": "{}",
    "stack_trace": "java.lang.Exception\n\tat com.vungle.ads.VungleAds.access$getInitializer$cp(Native Method)\n\tat com.vungle.ads.VungleAds$Companion.isInitialized(VungleAds.kt:36)\n\tat com.vungle.ads.internal.VungleInternal.getAvailableBidTokens(VungleInternal.kt:26)\n\tat com.vungle.ads.VungleAds$Companion.getBiddingToken(VungleAds.kt:46)\n\tat com.ironsource.adapters.vungle.VungleAdapter.getBiddingData(VungleAdapter.kt:177)\n\tat com.ironsource.adapters.vungle.interstitial.VungleInterstitialAdapter.getInterstitialBiddingData(VungleInterstitialAdapter.kt:207)\n\tat com.ironsource.mediationsdk.adapter.AbstractInterstitialAdapter.collectInterstitialBiddingData(Unknown Source:10)\n\tat com.ironsource.mediationsdk.AbstractAdapter.collectInterstitialBiddingData(Unknown Source:6)\n\tat com.ironsource.mediationsdk.u.a(Unknown Source:44)\n\tat com.ironsource.b4.a(Unknown Source:48)\n\tat com.ironsource.b4.call(Unknown Source:0)\n\tat java.util.concurrent.FutureTask.run(FutureTask.java:290)\n\tat java.util.concurrent.ThreadPoolExecutor.runWorker(ThreadPoolExecutor.java:1145)\n\tat java.util.concurrent.ThreadPoolExecutor$Worker.run(ThreadPoolExecutor.java:644)\n\tat java.lang.Thread.run(Thread.java:1012)\n",
    "is_privacy": false
},
{
    "type": "log",
    "source": "class",
    "method": "getToken",
    "package_name": "com.amelosinteractive.snake",
    "class_name": "com.unity3d.ads.UnityAds",
    "timestamp": 1728462860490,
    "ref": "<class: com.unity3d.ads.UnityAds>",
    "arguments": "{\"0\":\"<instance: com.unity3d.ads.IUnityAdsTokenListener, $className: com.ironsource.adapters.unityads.UnityAdsAdapter$1>\"}",
    "stack_trace": "java.lang.Exception\n\tat com.unity3d.ads.UnityAds.getToken(Native Method)\n\tat com.ironsource.adapters.unityads.UnityAdsAdapter.getAsyncToken(UnityAdsAdapter.java:967)\n\tat com.ironsource.adapters.unityads.UnityAdsAdapter.getBiddingData(UnityAdsAdapter.java:829)\n\tat com.ironsource.adapters.unityads.UnityAdsAdapter.getInterstitialBiddingData(UnityAdsAdapter.java:606)\n\tat com.ironsource.mediationsdk.AbstractAdapter.collectInterstitialBiddingData(Unknown Source:10)\n\tat com.ironsource.mediationsdk.u.a(Unknown Source:44)\n\tat com.ironsource.b4.a(Unknown Source:48)\n\tat com.ironsource.b4.call(Unknown Source:0)\n\tat java.util.concurrent.FutureTask.run(FutureTask.java:290)\n\tat java.util.concurrent.ThreadPoolExecutor.runWorker(ThreadPoolExecutor.java:1145)\n\tat java.util.concurrent.ThreadPoolExecutor$Worker.run(ThreadPoolExecutor.java:644)\n\tat java.lang.Thread.run(Thread.java:1012)\n",
    "is_privacy": false
},
{
    "type": "log",
    "source": "class",
    "method": "self",
    "package_name": "com.amelosinteractive.snake",
    "class_name": "com.google.android.gms.ads.AdRequest$Builder",
    "timestamp": 1728462860501,
    "ref": "com.google.android.gms.ads.AdRequest$Builder@ca5f823",
    "arguments": "{}",
    "stack_trace": "java.lang.Exception\n\tat com.google.android.gms.ads.AdRequest$Builder.self(Native Method)\n\tat com.google.android.gms.ads.AbstractAdRequestBuilder.addNetworkExtrasBundle(com.google.android.gms:play-services-ads-lite@@23.0.0:5)\n\tat com.ironsource.adapters.admob.AdMobAdapter.collectBiddingData(AdMobAdapter.java:445)\n\tat com.ironsource.adapters.admob.interstitial.AdMobInterstitialAdapter.collectInterstitialBiddingData(AdMobInterstitialAdapter.java:168)\n\tat com.ironsource.mediationsdk.AbstractAdapter.collectInterstitialBiddingData(Unknown Source:6)\n\tat com.ironsource.mediationsdk.u.a(Unknown Source:44)\n\tat com.ironsource.b4.a(Unknown Source:48)\n\tat com.ironsource.b4.call(Unknown Source:0)\n\tat java.util.concurrent.FutureTask.run(FutureTask.java:290)\n\tat java.util.concurrent.ThreadPoolExecutor.runWorker(ThreadPoolExecutor.java:1145)\n\tat java.util.concurrent.ThreadPoolExecutor$Worker.run(ThreadPoolExecutor.java:644)\n\tat java.lang.Thread.run(Thread.java:1012)\n",
    "is_privacy": false
},
{
    "type": "log",
    "source": "class",
    "method": "self",
    "package_name": "com.amelosinteractive.snake",
    "class_name": "com.google.android.gms.ads.AdRequest$Builder",
    "timestamp": 1728462860508,
    "ref": "com.google.android.gms.ads.AdRequest$Builder@ca5f823",
    "arguments": "{}",
    "stack_trace": "java.lang.Exception\n\tat com.google.android.gms.ads.AdRequest$Builder.self(Native Method)\n\tat com.google.android.gms.ads.AdRequest$Builder.self(com.google.android.gms:play-services-ads-lite@@23.0.0:1)\n\tat com.google.android.gms.ads.AdRequest$Builder.self(Native Method)\n\tat com.google.android.gms.ads.AbstractAdRequestBuilder.addNetworkExtrasBundle(com.google.android.gms:play-services-ads-lite@@23.0.0:5)\n\tat com.ironsource.adapters.admob.AdMobAdapter.collectBiddingData(AdMobAdapter.java:445)\n\tat com.ironsource.adapters.admob.interstitial.AdMobInterstitialAdapter.collectInterstitialBiddingData(AdMobInterstitialAdapter.java:168)\n\tat com.ironsource.mediationsdk.AbstractAdapter.collectInterstitialBiddingData(Unknown Source:6)\n\tat com.ironsource.mediationsdk.u.a(Unknown Source:44)\n\tat com.ironsource.b4.a(Unknown Source:48)\n\tat com.ironsource.b4.call(Unknown Source:0)\n\tat java.util.concurrent.FutureTask.run(FutureTask.java:290)\n\tat java.util.concurrent.ThreadPoolExecutor.runWorker(ThreadPoolExecutor.java:1145)\n\tat java.util.concurrent.ThreadPoolExecutor$Worker.run(ThreadPoolExecutor.java:644)\n\tat java.lang.Thread.run(Thread.java:1012)\n",
    "is_privacy": false
},
{
    "type": "log",
    "source": "class",
    "method": "getVersion",
    "package_name": "com.amelosinteractive.snake",
    "class_name": "com.unity3d.ads.UnityAds",
    "timestamp": 1728462860520,
    "ref": "<class: com.unity3d.ads.UnityAds>",
    "arguments": "{}",
    "stack_trace": "java.lang.Exception\n\tat com.unity3d.ads.UnityAds.getVersion(Native Method)\n\tat com.ironsource.adapters.unityads.UnityAdsAdapter.getCoreSDKVersion(UnityAdsAdapter.java:162)\n\tat com.ironsource.mediationsdk.u.getNetworkSDKVersion(Unknown Source:2)\n\tat com.ironsource.s3.b(Unknown Source:25)\n\tat com.ironsource.s3.a(Unknown Source:20)\n\tat com.ironsource.b4.a(Unknown Source:118)\n\tat com.ironsource.b4.call(Unknown Source:0)\n\tat java.util.concurrent.FutureTask.run(FutureTask.java:290)\n\tat java.util.concurrent.ThreadPoolExecutor.runWorker(ThreadPoolExecutor.java:1145)\n\tat java.util.concurrent.ThreadPoolExecutor$Worker.run(ThreadPoolExecutor.java:644)\n\tat java.lang.Thread.run(Thread.java:1012)\n",
    "is_privacy": false
},
{
    "type": "log",
    "source": "class",
    "method": "isMixedAudience",
    "package_name": "com.amelosinteractive.snake",
    "class_name": "com.facebook.ads.AdSettings",
    "timestamp": 1728462860518,
    "ref": "<class: com.facebook.ads.AdSettings>",
    "arguments": "{}",
    "stack_trace": "java.lang.Exception\n\tat com.facebook.ads.AdSettings.isMixedAudience(Native Method)\n\tat com.facebook.ads.redexgen.X.aZ.A99(:71367)\n\tat com.facebook.ads.redexgen.X.K1.A09(:41446)\n\tat com.facebook.ads.redexgen.X.YM.A6x(:67771)\n\tat com.facebook.ads.redexgen.X.6x.A03(:16534)\n\tat com.facebook.ads.redexgen.X.6x.A04(:16562)\n\tat com.facebook.ads.redexgen.X.6x.AFP(:16617)\n\tat com.facebook.ads.redexgen.X.Hl.A01(:37246)\n\tat com.facebook.ads.redexgen.X.Hl.A03(:37259)\n\tat com.facebook.ads.redexgen.X.Rq.run(:50357)\n\tat java.lang.Thread.run(Thread.java:1012)\n",
    "is_privacy": false
},
{
    "type": "log",
    "source": "class",
    "method": "build",
    "package_name": "com.amelosinteractive.snake",
    "class_name": "com.google.android.gms.ads.AdRequest$Builder",
    "timestamp": 1728462860517,
    "ref": "com.google.android.gms.ads.AdRequest$Builder@ca5f823",
    "arguments": "{}",
    "stack_trace": "java.lang.Exception\n\tat com.google.android.gms.ads.AdRequest$Builder.build(Native Method)\n\tat com.ironsource.adapters.admob.AdMobAdapter.collectBiddingData(AdMobAdapter.java:446)\n\tat com.ironsource.adapters.admob.interstitial.AdMobInterstitialAdapter.collectInterstitialBiddingData(AdMobInterstitialAdapter.java:168)\n\tat com.ironsource.mediationsdk.AbstractAdapter.collectInterstitialBiddingData(Unknown Source:6)\n\tat com.ironsource.mediationsdk.u.a(Unknown Source:44)\n\tat com.ironsource.b4.a(Unknown Source:48)\n\tat com.ironsource.b4.call(Unknown Source:0)\n\tat java.util.concurrent.FutureTask.run(FutureTask.java:290)\n\tat java.util.concurrent.ThreadPoolExecutor.runWorker(ThreadPoolExecutor.java:1145)\n\tat java.util.concurrent.ThreadPoolExecutor$Worker.run(ThreadPoolExecutor.java:644)\n\tat java.lang.Thread.run(Thread.java:1012)\n",
    "is_privacy": false
},
{
    "type": "log",
    "source": "class",
    "method": "isTestMode",
    "package_name": "com.amelosinteractive.snake",
    "class_name": "com.facebook.ads.AdSettings",
    "timestamp": 1728462860526,
    "ref": "<class: com.facebook.ads.AdSettings>",
    "arguments": "{\"0\":\"<instance: android.content.Context, $className: com.facebook.ads.redexgen.X.Ym>\"}",
    "stack_trace": "java.lang.Exception\n\tat com.facebook.ads.AdSettings.isTestMode(Native Method)\n\tat com.facebook.ads.redexgen.X.aZ.isTestMode(:71370)\n\tat com.facebook.ads.redexgen.X.K1.A09(:41456)\n\tat com.facebook.ads.redexgen.X.YM.A6x(:67771)\n\tat com.facebook.ads.redexgen.X.6x.A03(:16534)\n\tat com.facebook.ads.redexgen.X.6x.A04(:16562)\n\tat com.facebook.ads.redexgen.X.6x.AFP(:16617)\n\tat com.facebook.ads.redexgen.X.Hl.A01(:37246)\n\tat com.facebook.ads.redexgen.X.Hl.A03(:37259)\n\tat com.facebook.ads.redexgen.X.Rq.run(:50357)\n\tat java.lang.Thread.run(Thread.java:1012)\n",
    "is_privacy": false
},
{
    "type": "log",
    "source": "class",
    "method": "zza",
    "package_name": "com.amelosinteractive.snake",
    "class_name": "com.google.android.gms.ads.AdRequest",
    "timestamp": 1728462860528,
    "ref": "com.google.android.gms.ads.AdRequest@7bb2555",
    "arguments": "{}",
    "stack_trace": "java.lang.Exception\n\tat com.google.android.gms.ads.AdRequest.zza(Native Method)\n\tat com.google.android.gms.ads.query.zza.run(com.google.android.gms:play-services-ads-lite@@23.0.0:1)\n\tat java.util.concurrent.ThreadPoolExecutor.runWorker(ThreadPoolExecutor.java:1145)\n\tat java.util.concurrent.ThreadPoolExecutor$Worker.run(ThreadPoolExecutor.java:644)\n\tat java.lang.Thread.run(Thread.java:1012)\n",
    "is_privacy": false
},
{
    "type": "log",
    "source": "class",
    "method": "getVersion",
    "package_name": "com.amelosinteractive.snake",
    "class_name": "com.google.android.gms.ads.MobileAds",
    "timestamp": 1728462860529,
    "ref": "<class: com.google.android.gms.ads.MobileAds>",
    "arguments": "{}",
    "stack_trace": "java.lang.Exception\n\tat com.google.android.gms.ads.MobileAds.getVersion(Native Method)\n\tat com.ironsource.adapters.admob.AdMobAdapter.getAdapterSDKVersion(AdMobAdapter.java:140)\n\tat com.ironsource.adapters.admob.AdMobAdapter.getCoreSDKVersion(AdMobAdapter.java:136)\n\tat com.ironsource.mediationsdk.u.getNetworkSDKVersion(Unknown Source:2)\n\tat com.ironsource.s3.b(Unknown Source:25)\n\tat com.ironsource.s3.a(Unknown Source:20)\n\tat com.ironsource.b4.a(Unknown Source:118)\n\tat com.ironsource.b4.call(Unknown Source:0)\n\tat java.util.concurrent.FutureTask.run(FutureTask.java:290)\n\tat java.util.concurrent.ThreadPoolExecutor.runWorker(ThreadPoolExecutor.java:1145)\n\tat java.util.concurrent.ThreadPoolExecutor$Worker.run(ThreadPoolExecutor.java:644)\n\tat java.lang.Thread.run(Thread.java:1012)\n",
    "is_privacy": false
},
{
    "type": "log",
    "source": "class",
    "method": "getTestAdType",
    "package_name": "com.amelosinteractive.snake",
    "class_name": "com.facebook.ads.AdSettings",
    "timestamp": 1728462860535,
    "ref": "<class: com.facebook.ads.AdSettings>",
    "arguments": "{}",
    "stack_trace": "java.lang.Exception\n\tat com.facebook.ads.AdSettings.getTestAdType(Native Method)\n\tat com.facebook.ads.redexgen.X.aZ.A87(:71363)\n\tat com.facebook.ads.redexgen.X.K1.A09(:41458)\n\tat com.facebook.ads.redexgen.X.YM.A6x(:67771)\n\tat com.facebook.ads.redexgen.X.6x.A03(:16534)\n\tat com.facebook.ads.redexgen.X.6x.A04(:16562)\n\tat com.facebook.ads.redexgen.X.6x.AFP(:16617)\n\tat com.facebook.ads.redexgen.X.Hl.A01(:37246)\n\tat com.facebook.ads.redexgen.X.Hl.A03(:37259)\n\tat com.facebook.ads.redexgen.X.Rq.run(:50357)\n\tat java.lang.Thread.run(Thread.java:1012)\n",
    "is_privacy": false
},
{
    "type": "log",
    "source": "class",
    "method": "access$getVungleInternal$cp",
    "package_name": "com.amelosinteractive.snake",
    "class_name": "com.vungle.ads.VungleAds",
    "timestamp": 1728462860538,
    "ref": "<class: com.vungle.ads.VungleAds>",
    "arguments": "{}",
    "stack_trace": "java.lang.Exception\n\tat com.vungle.ads.VungleAds.access$getVungleInternal$cp(Native Method)\n\tat com.vungle.ads.VungleAds$Companion.getSdkVersion(VungleAds.kt:53)\n\tat com.ironsource.adapters.vungle.VungleAdapter$Companion.getAdapterSDKVersion(VungleAdapter.kt:77)\n\tat com.ironsource.adapters.vungle.VungleAdapter.getCoreSDKVersion(VungleAdapter.kt:87)\n\tat com.ironsource.adapters.vungle.VungleAdapter.getBiddingData(VungleAdapter.kt:179)\n\tat com.ironsource.adapters.vungle.interstitial.VungleInterstitialAdapter.getInterstitialBiddingData(VungleInterstitialAdapter.kt:207)\n\tat com.ironsource.mediationsdk.adapter.AbstractInterstitialAdapter.collectInterstitialBiddingData(Unknown Source:10)\n\tat com.ironsource.mediationsdk.AbstractAdapter.collectInterstitialBiddingData(Unknown Source:6)\n\tat com.ironsource.mediationsdk.u.a(Unknown Source:44)\n\tat com.ironsource.b4.a(Unknown Source:48)\n\tat com.ironsource.b4.call(Unknown Source:0)\n\tat java.util.concurrent.FutureTask.run(FutureTask.java:290)\n\tat java.util.concurrent.ThreadPoolExecutor.runWorker(ThreadPoolExecutor.java:1145)\n\tat java.util.concurrent.ThreadPoolExecutor$Worker.run(ThreadPoolExecutor.java:644)\n\tat java.lang.Thread.run(Thread.java:1012)\n",
    "is_privacy": false
},
{
    "type": "log",
    "source": "class",
    "method": "getTestDeviceIds",
    "package_name": "com.amelosinteractive.snake",
    "class_name": "com.google.android.gms.ads.RequestConfiguration",
    "timestamp": 1728462860535,
    "ref": "com.google.android.gms.ads.RequestConfiguration@176c515",
    "arguments": "{}",
    "stack_trace": "java.lang.Exception\n\tat com.google.android.gms.ads.RequestConfiguration.getTestDeviceIds(Native Method)\n\tat com.google.android.gms.ads.internal.client.zzdx.zzq(com.google.android.gms:play-services-ads-lite@@23.0.0:4)\n\tat com.google.android.gms.ads.internal.client.zzp.zza(com.google.android.gms:play-services-ads-lite@@23.0.0:5)\n\tat com.google.android.gms.internal.ads.zzbxk.zzb(com.google.android.gms:play-services-ads-lite@@23.0.0:4)\n\tat com.google.android.gms.ads.query.zza.run(com.google.android.gms:play-services-ads-lite@@23.0.0:1)\n\tat java.util.concurrent.ThreadPoolExecutor.runWorker(ThreadPoolExecutor.java:1145)\n\tat java.util.concurrent.ThreadPoolExecutor$Worker.run(ThreadPoolExecutor.java:644)\n\tat java.lang.Thread.run(Thread.java:1012)\n",
    "is_privacy": false
},
{
    "type": "log",
    "source": "class",
    "method": "access$getVungleInternal$cp",
    "package_name": "com.amelosinteractive.snake",
    "class_name": "com.vungle.ads.VungleAds",
    "timestamp": 1728462860545,
    "ref": "<class: com.vungle.ads.VungleAds>",
    "arguments": "{}",
    "stack_trace": "java.lang.Exception\n\tat com.vungle.ads.VungleAds.access$getVungleInternal$cp(Native Method)\n\tat com.vungle.ads.VungleAds$Companion.getSdkVersion(VungleAds.kt:53)\n\tat com.ironsource.adapters.vungle.VungleAdapter$Companion.getAdapterSDKVersion(VungleAdapter.kt:77)\n\tat com.ironsource.adapters.vungle.VungleAdapter.getCoreSDKVersion(VungleAdapter.kt:87)\n\tat com.ironsource.mediationsdk.u.getNetworkSDKVersion(Unknown Source:2)\n\tat com.ironsource.s3.b(Unknown Source:25)\n\tat com.ironsource.s3.a(Unknown Source:20)\n\tat com.ironsource.b4.a(Unknown Source:118)\n\tat com.ironsource.b4.call(Unknown Source:0)\n\tat java.util.concurrent.FutureTask.run(FutureTask.java:290)\n\tat java.util.concurrent.ThreadPoolExecutor.runWorker(ThreadPoolExecutor.java:1145)\n\tat java.util.concurrent.ThreadPoolExecutor$Worker.run(ThreadPoolExecutor.java:644)\n\tat java.lang.Thread.run(Thread.java:1012)\n",
    "is_privacy": false
},
{
    "type": "log",
    "source": "class",
    "method": "getTagForChildDirectedTreatment",
    "package_name": "com.amelosinteractive.snake",
    "class_name": "com.google.android.gms.ads.RequestConfiguration",
    "timestamp": 1728462860546,
    "ref": "com.google.android.gms.ads.RequestConfiguration@176c515",
    "arguments": "{}",
    "stack_trace": "java.lang.Exception\n\tat com.google.android.gms.ads.RequestConfiguration.getTagForChildDirectedTreatment(Native Method)\n\tat com.google.android.gms.ads.internal.client.zzp.zza(com.google.android.gms:play-services-ads-lite@@23.0.0:17)\n\tat com.google.android.gms.internal.ads.zzbxk.zzb(com.google.android.gms:play-services-ads-lite@@23.0.0:4)\n\tat com.google.android.gms.ads.query.zza.run(com.google.android.gms:play-services-ads-lite@@23.0.0:1)\n\tat java.util.concurrent.ThreadPoolExecutor.runWorker(ThreadPoolExecutor.java:1145)\n\tat java.util.concurrent.ThreadPoolExecutor$Worker.run(ThreadPoolExecutor.java:644)\n\tat java.lang.Thread.run(Thread.java:1012)\n",
    "is_privacy": false
},
{
    "type": "log",
    "source": "class",
    "method": "getMaxAdContentRating",
    "package_name": "com.amelosinteractive.snake",
    "class_name": "com.google.android.gms.ads.RequestConfiguration",
    "timestamp": 1728462860553,
    "ref": "com.google.android.gms.ads.RequestConfiguration@176c515",
    "arguments": "{}",
    "stack_trace": "java.lang.Exception\n\tat com.google.android.gms.ads.RequestConfiguration.getMaxAdContentRating(Native Method)\n\tat com.google.android.gms.ads.internal.client.zzp.zza(com.google.android.gms:play-services-ads-lite@@23.0.0:19)\n\tat com.google.android.gms.internal.ads.zzbxk.zzb(com.google.android.gms:play-services-ads-lite@@23.0.0:4)\n\tat com.google.android.gms.ads.query.zza.run(com.google.android.gms:play-services-ads-lite@@23.0.0:1)\n\tat java.util.concurrent.ThreadPoolExecutor.runWorker(ThreadPoolExecutor.java:1145)\n\tat java.util.concurrent.ThreadPoolExecutor$Worker.run(ThreadPoolExecutor.java:644)\n\tat java.lang.Thread.run(Thread.java:1012)\n",
    "is_privacy": false
},
{
    "type": "log",
    "source": "class",
    "method": "getTagForUnderAgeOfConsent",
    "package_name": "com.amelosinteractive.snake",
    "class_name": "com.google.android.gms.ads.RequestConfiguration",
    "timestamp": 1728462860556,
    "ref": "com.google.android.gms.ads.RequestConfiguration@176c515",
    "arguments": "{}",
    "stack_trace": "java.lang.Exception\n\tat com.google.android.gms.ads.RequestConfiguration.getTagForUnderAgeOfConsent(Native Method)\n\tat com.google.android.gms.ads.internal.client.zzp.zza(com.google.android.gms:play-services-ads-lite@@23.0.0:27)\n\tat com.google.android.gms.internal.ads.zzbxk.zzb(com.google.android.gms:play-services-ads-lite@@23.0.0:4)\n\tat com.google.android.gms.ads.query.zza.run(com.google.android.gms:play-services-ads-lite@@23.0.0:1)\n\tat java.util.concurrent.ThreadPoolExecutor.runWorker(ThreadPoolExecutor.java:1145)\n\tat java.util.concurrent.ThreadPoolExecutor$Worker.run(ThreadPoolExecutor.java:644)\n\tat java.lang.Thread.run(Thread.java:1012)\n",
    "is_privacy": false
},
{
    "type": "log",
    "source": "class",
    "method": "getPublisherPrivacyPersonalizationState",
    "package_name": "com.amelosinteractive.snake",
    "class_name": "com.google.android.gms.ads.RequestConfiguration",
    "timestamp": 1728462860560,
    "ref": "com.google.android.gms.ads.RequestConfiguration@176c515",
    "arguments": "{}",
    "stack_trace": "java.lang.Exception\n\tat com.google.android.gms.ads.RequestConfiguration.getPublisherPrivacyPersonalizationState(Native Method)\n\tat com.google.android.gms.ads.internal.client.zzp.zza(com.google.android.gms:play-services-ads-lite@@23.0.0:30)\n\tat com.google.android.gms.internal.ads.zzbxk.zzb(com.google.android.gms:play-services-ads-lite@@23.0.0:4)\n\tat com.google.android.gms.ads.query.zza.run(com.google.android.gms:play-services-ads-lite@@23.0.0:1)\n\tat java.util.concurrent.ThreadPoolExecutor.runWorker(ThreadPoolExecutor.java:1145)\n\tat java.util.concurrent.ThreadPoolExecutor$Worker.run(ThreadPoolExecutor.java:644)\n\tat java.lang.Thread.run(Thread.java:1012)\n",
    "is_privacy": false
},
{
    "type": "log",
    "source": "class",
    "method": "getVersion",
    "package_name": "com.amelosinteractive.snake",
    "class_name": "com.google.android.gms.ads.MobileAds",
    "timestamp": 1728462860896,
    "ref": "<class: com.google.android.gms.ads.MobileAds>",
    "arguments": "{}",
    "stack_trace": "java.lang.Exception\n\tat com.google.android.gms.ads.MobileAds.getVersion(Native Method)\n\tat com.ironsource.adapters.admob.AdMobAdapter.getAdapterSDKVersion(AdMobAdapter.java:140)\n\tat com.ironsource.adapters.admob.AdMobAdapter.getCoreSDKVersion(AdMobAdapter.java:136)\n\tat com.ironsource.adapters.admob.AdMobAdapter$2.onSuccess(AdMobAdapter.java:453)\n\tat com.google.android.gms.internal.ads.zzbxj.zzc(com.google.android.gms:play-services-ads-lite@@23.0.0:2)\n\tat com.google.android.gms.ads.nonagon.signalgeneration.zzw.zzb(com.google.android.gms:play-services-ads@@23.0.0:38)\n\tat com.google.android.gms.internal.ads.zzgek.run(com.google.android.gms:play-services-ads@@23.0.0:6)\n\tat android.os.Handler.handleCallback(Handler.java:958)\n\tat android.os.Handler.dispatchMessage(Handler.java:99)\n\tat com.google.android.gms.internal.ads.zzftt.zza(com.google.android.gms:play-services-ads-lite@@23.0.0:1)\n\tat com.google.android.gms.ads.internal.util.zzf.zza(com.google.android.gms:play-services-ads@@23.0.0:1)\n\tat com.google.android.gms.internal.ads.zzftt.dispatchMessage(com.google.android.gms:play-services-ads-lite@@23.0.0:1)\n\tat android.os.Looper.loopOnce(Looper.java:255)\n\tat android.os.Looper.loop(Looper.java:364)\n\tat android.app.ActivityThread.main(ActivityThread.java:8938)\n\tat java.lang.reflect.Method.invoke(Native Method)\n\tat com.android.internal.os.RuntimeInit$MethodAndArgsCaller.run(RuntimeInit.java:572)\n\tat com.android.internal.os.ZygoteInit.main(ZygoteInit.java:1053)\n",
    "is_privacy": false
},
{
    "type": "log",
    "source": "class",
    "method": "access$getVungleInternal$cp",
    "package_name": "com.amelosinteractive.snake",
    "class_name": "com.vungle.ads.VungleAds",
    "timestamp": 1728462861006,
    "ref": "<class: com.vungle.ads.VungleAds>",
    "arguments": "{}",
    "stack_trace": "java.lang.Exception\n\tat com.vungle.ads.VungleAds.access$getVungleInternal$cp(Native Method)\n\tat com.vungle.ads.VungleAds$Companion.getSdkVersion(VungleAds.kt:53)\n\tat com.ironsource.adapters.vungle.VungleAdapter$Companion.getAdapterSDKVersion(VungleAdapter.kt:77)\n\tat com.ironsource.adapters.vungle.VungleAdapter.getCoreSDKVersion(VungleAdapter.kt:87)\n\tat com.ironsource.mediationsdk.u.getNetworkSDKVersion(Unknown Source:2)\n\tat com.ironsource.s3.b(Unknown Source:25)\n\tat com.ironsource.s3.a(Unknown Source:0)\n\tat com.ironsource.s3$e.a(Unknown Source:61)\n\tat com.ironsource.e4$a.onWorkCompleted(Unknown Source:102)\n\tat com.ironsource.environment.workerthread.WorkerManager.startWork(Unknown Source:141)\n\tat com.ironsource.e4.a(Unknown Source:89)\n\tat com.ironsource.s3.a(Unknown Source:40)\n\tat com.ironsource.s3.b(Unknown Source:0)\n\tat com.ironsource.s3$d.run(Unknown Source:55)\n\tat android.os.AsyncTask$SerialExecutor$1.run(AsyncTask.java:305)\n\tat java.util.concurrent.ThreadPoolExecutor.runWorker(ThreadPoolExecutor.java:1145)\n\tat java.util.concurrent.ThreadPoolExecutor$Worker.run(ThreadPoolExecutor.java:644)\n\tat java.lang.Thread.run(Thread.java:1012)\n",
    "is_privacy": false
},
{
    "type": "log",
    "source": "class",
    "method": "getVersion",
    "package_name": "com.amelosinteractive.snake",
    "class_name": "com.google.android.gms.ads.MobileAds",
    "timestamp": 1728462861018,
    "ref": "<class: com.google.android.gms.ads.MobileAds>",
    "arguments": "{}",
    "stack_trace": "java.lang.Exception\n\tat com.google.android.gms.ads.MobileAds.getVersion(Native Method)\n\tat com.ironsource.adapters.admob.AdMobAdapter.getAdapterSDKVersion(AdMobAdapter.java:140)\n\tat com.ironsource.adapters.admob.AdMobAdapter.getCoreSDKVersion(AdMobAdapter.java:136)\n\tat com.ironsource.mediationsdk.u.getNetworkSDKVersion(Unknown Source:2)\n\tat com.ironsource.s3.b(Unknown Source:25)\n\tat com.ironsource.s3.a(Unknown Source:0)\n\tat com.ironsource.s3$e.a(Unknown Source:61)\n\tat com.ironsource.e4$a.onWorkCompleted(Unknown Source:102)\n\tat com.ironsource.environment.workerthread.WorkerManager.startWork(Unknown Source:141)\n\tat com.ironsource.e4.a(Unknown Source:89)\n\tat com.ironsource.s3.a(Unknown Source:40)\n\tat com.ironsource.s3.b(Unknown Source:0)\n\tat com.ironsource.s3$d.run(Unknown Source:55)\n\tat android.os.AsyncTask$SerialExecutor$1.run(AsyncTask.java:305)\n\tat java.util.concurrent.ThreadPoolExecutor.runWorker(ThreadPoolExecutor.java:1145)\n\tat java.util.concurrent.ThreadPoolExecutor$Worker.run(ThreadPoolExecutor.java:644)\n\tat java.lang.Thread.run(Thread.java:1012)\n",
    "is_privacy": false
},
{
    "type": "log",
    "source": "class",
    "method": "getVersion",
    "package_name": "com.amelosinteractive.snake",
    "class_name": "com.unity3d.ads.UnityAds",
    "timestamp": 1728462861026,
    "ref": "<class: com.unity3d.ads.UnityAds>",
    "arguments": "{}",
    "stack_trace": "java.lang.Exception\n\tat com.unity3d.ads.UnityAds.getVersion(Native Method)\n\tat com.ironsource.adapters.unityads.UnityAdsAdapter.getCoreSDKVersion(UnityAdsAdapter.java:162)\n\tat com.ironsource.mediationsdk.u.getNetworkSDKVersion(Unknown Source:2)\n\tat com.ironsource.s3.b(Unknown Source:25)\n\tat com.ironsource.s3.a(Unknown Source:0)\n\tat com.ironsource.s3$e.a(Unknown Source:61)\n\tat com.ironsource.e4$a.onWorkCompleted(Unknown Source:102)\n\tat com.ironsource.environment.workerthread.WorkerManager.startWork(Unknown Source:141)\n\tat com.ironsource.e4.a(Unknown Source:89)\n\tat com.ironsource.s3.a(Unknown Source:40)\n\tat com.ironsource.s3.b(Unknown Source:0)\n\tat com.ironsource.s3$d.run(Unknown Source:55)\n\tat android.os.AsyncTask$SerialExecutor$1.run(AsyncTask.java:305)\n\tat java.util.concurrent.ThreadPoolExecutor.runWorker(ThreadPoolExecutor.java:1145)\n\tat java.util.concurrent.ThreadPoolExecutor$Worker.run(ThreadPoolExecutor.java:644)\n\tat java.lang.Thread.run(Thread.java:1012)\n",
    "is_privacy": false
},
{
    "type": "log",
    "source": "class",
    "method": "getInitializationStatus",
    "package_name": "com.amelosinteractive.snake",
    "class_name": "com.google.android.gms.ads.MobileAds",
    "timestamp": 1728462862210,
    "ref": "<class: com.google.android.gms.ads.MobileAds>",
    "arguments": "{}",
    "stack_trace": "java.lang.Exception\n\tat com.google.android.gms.ads.MobileAds.getInitializationStatus(Native Method)\n\tat java.lang.reflect.Method.invoke(Native Method)\n\tat com.unity3d.services.core.reflection.GenericBridge.callNonVoidMethod(GenericBridge.java:112)\n\tat com.unity3d.services.ads.gmascar.bridges.mobileads.MobileAdsBridgeBase.getInitializationStatus(MobileAdsBridgeBase.java:38)\n\tat com.unity3d.services.ads.gmascar.finder.GMAInitializer.isInitialized(GMAInitializer.java:59)\n\tat com.unity3d.services.ads.gmascar.finder.GMAInitializer.shouldInitialize(GMAInitializer.java:67)\n\tat com.unity3d.services.ads.gmascar.finder.GMAInitializer.initializeGMA(GMAInitializer.java:34)\n\tat com.unity3d.services.ads.gmascar.GMAScarAdapterBridge.initializeScar(GMAScarAdapterBridge.java:73)\n\tat com.unity3d.services.ads.api.GMAScar.initializeScar(GMAScar.java:18)\n\tat java.lang.reflect.Method.invoke(Native Method)\n\tat com.unity3d.services.core.webview.bridge.WebViewBridge.handleInvocation(WebViewBridge.java:134)\n\tat com.unity3d.services.core.webview.bridge.SharedInstances$webViewBridge$1.handleInvocation(SharedInstances.kt:41)\n\tat com.unity3d.services.core.webview.bridge.Invocation.nextInvocation(Invocation.java:63)\n\tat com.unity3d.services.core.webview.bridge.WebViewBridgeInterface.handleInvocation(WebViewBridgeInterface.kt:32)\n\tat android.os.MessageQueue.nativePollOnce(Native Method)\n\tat android.os.MessageQueue.next(MessageQueue.java:359)\n\tat android.os.Looper.loopOnce(Looper.java:187)\n\tat android.os.Looper.loop(Looper.java:364)\n\tat android.os.HandlerThread.run(HandlerThread.java:67)\n",
    "is_privacy": false
},
{
    "type": "log",
    "source": "class",
    "method": "getVersion",
    "package_name": "com.amelosinteractive.snake",
    "class_name": "com.google.android.gms.ads.MobileAds",
    "timestamp": 1728462864652,
    "ref": "<class: com.google.android.gms.ads.MobileAds>",
    "arguments": "{}",
    "stack_trace": "java.lang.Exception\n\tat com.google.android.gms.ads.MobileAds.getVersion(Native Method)\n\tat com.ironsource.adapters.admob.AdMobAdapter.getAdapterSDKVersion(AdMobAdapter.java:140)\n\tat com.ironsource.adapters.admob.AdMobAdapter.getCoreSDKVersion(AdMobAdapter.java:136)\n\tat com.ironsource.mediationsdk.z.m(Unknown Source:28)\n\tat com.ironsource.mediationsdk.r.a(Unknown Source:0)\n\tat com.ironsource.mediationsdk.r.a(Unknown Source:2)\n\tat com.ironsource.mediationsdk.r.a(Unknown Source:148)\n\tat com.ironsource.mediationsdk.q.g(Unknown Source:35)\n\tat com.ironsource.mediationsdk.q.i(Unknown Source:180)\n\tat com.ironsource.mediationsdk.q.a(Unknown Source:128)\n\tat com.ironsource.mediationsdk.e$a.a(Unknown Source:46)\n\tat com.ironsource.mediationsdk.e$a.run(Unknown Source:27)\n\tat android.os.Handler.handleCallback(Handler.java:958)\n\tat android.os.Handler.dispatchMessage(Handler.java:99)\n\tat android.os.Looper.loopOnce(Looper.java:255)\n\tat android.os.Looper.loop(Looper.java:364)\n\tat android.os.HandlerThread.run(HandlerThread.java:67)\n",
    "is_privacy": false
},
{
    "type": "log",
    "source": "class",
    "method": "self",
    "package_name": "com.amelosinteractive.snake",
    "class_name": "com.google.android.gms.ads.AdRequest$Builder",
    "timestamp": 1728462864669,
    "ref": "com.google.android.gms.ads.AdRequest$Builder@c2ce3be",
    "arguments": "{}",
    "stack_trace": "java.lang.Exception\n\tat com.google.android.gms.ads.AdRequest$Builder.self(Native Method)\n\tat com.google.android.gms.ads.AbstractAdRequestBuilder.setRequestAgent(com.google.android.gms:play-services-ads-lite@@23.0.0:2)\n\tat com.ironsource.adapters.admob.AdMobAdapter.createAdRequest(AdMobAdapter.java:344)\n\tat com.ironsource.adapters.admob.rewardedvideo.AdMobRewardedVideoAdapter$1.run(AdMobRewardedVideoAdapter.java:152)\n\tat android.os.Handler.handleCallback(Handler.java:958)\n\tat android.os.Handler.dispatchMessage(Handler.java:99)\n\tat android.os.Looper.loopOnce(Looper.java:255)\n\tat android.os.Looper.loop(Looper.java:364)\n\tat android.app.ActivityThread.main(ActivityThread.java:8938)\n\tat java.lang.reflect.Method.invoke(Native Method)\n\tat com.android.internal.os.RuntimeInit$MethodAndArgsCaller.run(RuntimeInit.java:572)\n\tat com.android.internal.os.ZygoteInit.main(ZygoteInit.java:1053)\n",
    "is_privacy": false
},
{
    "type": "log",
    "source": "class",
    "method": "self",
    "package_name": "com.amelosinteractive.snake",
    "class_name": "com.google.android.gms.ads.AdRequest$Builder",
    "timestamp": 1728462864683,
    "ref": "com.google.android.gms.ads.AdRequest$Builder@c2ce3be",
    "arguments": "{}",
    "stack_trace": "java.lang.Exception\n\tat com.google.android.gms.ads.AdRequest$Builder.self(Native Method)\n\tat com.google.android.gms.ads.AdRequest$Builder.self(com.google.android.gms:play-services-ads-lite@@23.0.0:1)\n\tat com.google.android.gms.ads.AdRequest$Builder.self(Native Method)\n\tat com.google.android.gms.ads.AbstractAdRequestBuilder.setRequestAgent(com.google.android.gms:play-services-ads-lite@@23.0.0:2)\n\tat com.ironsource.adapters.admob.AdMobAdapter.createAdRequest(AdMobAdapter.java:344)\n\tat com.ironsource.adapters.admob.rewardedvideo.AdMobRewardedVideoAdapter$1.run(AdMobRewardedVideoAdapter.java:152)\n\tat android.os.Handler.handleCallback(Handler.java:958)\n\tat android.os.Handler.dispatchMessage(Handler.java:99)\n\tat android.os.Looper.loopOnce(Looper.java:255)\n\tat android.os.Looper.loop(Looper.java:364)\n\tat android.app.ActivityThread.main(ActivityThread.java:8938)\n\tat java.lang.reflect.Method.invoke(Native Method)\n\tat com.android.internal.os.RuntimeInit$MethodAndArgsCaller.run(RuntimeInit.java:572)\n\tat com.android.internal.os.ZygoteInit.main(ZygoteInit.java:1053)\n",
    "is_privacy": false
},
{
    "type": "log",
    "source": "class",
    "method": "getRequestConfiguration",
    "package_name": "com.amelosinteractive.snake",
    "class_name": "com.google.android.gms.ads.MobileAds",
    "timestamp": 1728462864693,
    "ref": "<class: com.google.android.gms.ads.MobileAds>",
    "arguments": "{}",
    "stack_trace": "java.lang.Exception\n\tat com.google.android.gms.ads.MobileAds.getRequestConfiguration(Native Method)\n\tat com.ironsource.adapters.admob.AdMobAdapter.setRequestConfiguration(AdMobAdapter.java:402)\n\tat com.ironsource.adapters.admob.AdMobAdapter.createAdRequest(AdMobAdapter.java:369)\n\tat com.ironsource.adapters.admob.rewardedvideo.AdMobRewardedVideoAdapter$1.run(AdMobRewardedVideoAdapter.java:152)\n\tat android.os.Handler.handleCallback(Handler.java:958)\n\tat android.os.Handler.dispatchMessage(Handler.java:99)\n\tat android.os.Looper.loopOnce(Looper.java:255)\n\tat android.os.Looper.loop(Looper.java:364)\n\tat android.app.ActivityThread.main(ActivityThread.java:8938)\n\tat java.lang.reflect.Method.invoke(Native Method)\n\tat com.android.internal.os.RuntimeInit$MethodAndArgsCaller.run(RuntimeInit.java:572)\n\tat com.android.internal.os.ZygoteInit.main(ZygoteInit.java:1053)\n",
    "is_privacy": false
},
{
    "type": "log",
    "source": "class",
    "method": "toBuilder",
    "package_name": "com.amelosinteractive.snake",
    "class_name": "com.google.android.gms.ads.RequestConfiguration",
    "timestamp": 1728462864694,
    "ref": "com.google.android.gms.ads.RequestConfiguration@176c515",
    "arguments": "{}",
    "stack_trace": "java.lang.Exception\n\tat com.google.android.gms.ads.RequestConfiguration.toBuilder(Native Method)\n\tat com.ironsource.adapters.admob.AdMobAdapter.setRequestConfiguration(AdMobAdapter.java:402)\n\tat com.ironsource.adapters.admob.AdMobAdapter.createAdRequest(AdMobAdapter.java:369)\n\tat com.ironsource.adapters.admob.rewardedvideo.AdMobRewardedVideoAdapter$1.run(AdMobRewardedVideoAdapter.java:152)\n\tat android.os.Handler.handleCallback(Handler.java:958)\n\tat android.os.Handler.dispatchMessage(Handler.java:99)\n\tat android.os.Looper.loopOnce(Looper.java:255)\n\tat android.os.Looper.loop(Looper.java:364)\n\tat android.app.ActivityThread.main(ActivityThread.java:8938)\n\tat java.lang.reflect.Method.invoke(Native Method)\n\tat com.android.internal.os.RuntimeInit$MethodAndArgsCaller.run(RuntimeInit.java:572)\n\tat com.android.internal.os.ZygoteInit.main(ZygoteInit.java:1053)\n",
    "is_privacy": false
},
{
    "type": "log",
    "source": "class",
    "method": "setTagForChildDirectedTreatment",
    "package_name": "com.amelosinteractive.snake",
    "class_name": "com.google.android.gms.ads.RequestConfiguration$Builder",
    "timestamp": 1728462864696,
    "ref": "com.google.android.gms.ads.RequestConfiguration$Builder@12aed7a",
    "arguments": "{\"0\":-1}",
    "stack_trace": "java.lang.Exception\n\tat com.google.android.gms.ads.RequestConfiguration$Builder.setTagForChildDirectedTreatment(Native Method)\n\tat com.google.android.gms.ads.RequestConfiguration.toBuilder(com.google.android.gms:play-services-ads-lite@@23.0.0:2)\n\tat com.google.android.gms.ads.RequestConfiguration.toBuilder(Native Method)\n\tat com.ironsource.adapters.admob.AdMobAdapter.setRequestConfiguration(AdMobAdapter.java:402)\n\tat com.ironsource.adapters.admob.AdMobAdapter.createAdRequest(AdMobAdapter.java:369)\n\tat com.ironsource.adapters.admob.rewardedvideo.AdMobRewardedVideoAdapter$1.run(AdMobRewardedVideoAdapter.java:152)\n\tat android.os.Handler.handleCallback(Handler.java:958)\n\tat android.os.Handler.dispatchMessage(Handler.java:99)\n\tat android.os.Looper.loopOnce(Looper.java:255)\n\tat android.os.Looper.loop(Looper.java:364)\n\tat android.app.ActivityThread.main(ActivityThread.java:8938)\n\tat java.lang.reflect.Method.invoke(Native Method)\n\tat com.android.internal.os.RuntimeInit$MethodAndArgsCaller.run(RuntimeInit.java:572)\n\tat com.android.internal.os.ZygoteInit.main(ZygoteInit.java:1053)\n",
    "is_privacy": true
},
{
    "type": "log",
    "source": "class",
    "method": "setTagForUnderAgeOfConsent",
    "package_name": "com.amelosinteractive.snake",
    "class_name": "com.google.android.gms.ads.RequestConfiguration$Builder",
    "timestamp": 1728462864698,
    "ref": "com.google.android.gms.ads.RequestConfiguration$Builder@12aed7a",
    "arguments": "{\"0\":-1}",
    "stack_trace": "java.lang.Exception\n\tat com.google.android.gms.ads.RequestConfiguration$Builder.setTagForUnderAgeOfConsent(Native Method)\n\tat com.google.android.gms.ads.RequestConfiguration.toBuilder(com.google.android.gms:play-services-ads-lite@@23.0.0:3)\n\tat com.google.android.gms.ads.RequestConfiguration.toBuilder(Native Method)\n\tat com.ironsource.adapters.admob.AdMobAdapter.setRequestConfiguration(AdMobAdapter.java:402)\n\tat com.ironsource.adapters.admob.AdMobAdapter.createAdRequest(AdMobAdapter.java:369)\n\tat com.ironsource.adapters.admob.rewardedvideo.AdMobRewardedVideoAdapter$1.run(AdMobRewardedVideoAdapter.java:152)\n\tat android.os.Handler.handleCallback(Handler.java:958)\n\tat android.os.Handler.dispatchMessage(Handler.java:99)\n\tat android.os.Looper.loopOnce(Looper.java:255)\n\tat android.os.Looper.loop(Looper.java:364)\n\tat android.app.ActivityThread.main(ActivityThread.java:8938)\n\tat java.lang.reflect.Method.invoke(Native Method)\n\tat com.android.internal.os.RuntimeInit$MethodAndArgsCaller.run(RuntimeInit.java:572)\n\tat com.android.internal.os.ZygoteInit.main(ZygoteInit.java:1053)\n",
    "is_privacy": true
},
{
    "type": "log",
    "source": "class",
    "method": "setMaxAdContentRating",
    "package_name": "com.amelosinteractive.snake",
    "class_name": "com.google.android.gms.ads.RequestConfiguration$Builder",
    "timestamp": 1728462864701,
    "ref": "com.google.android.gms.ads.RequestConfiguration$Builder@12aed7a",
    "arguments": "{\"0\":null}",
    "stack_trace": "java.lang.Exception\n\tat com.google.android.gms.ads.RequestConfiguration$Builder.setMaxAdContentRating(Native Method)\n\tat com.google.android.gms.ads.RequestConfiguration.toBuilder(com.google.android.gms:play-services-ads-lite@@23.0.0:4)\n\tat com.google.android.gms.ads.RequestConfiguration.toBuilder(Native Method)\n\tat com.ironsource.adapters.admob.AdMobAdapter.setRequestConfiguration(AdMobAdapter.java:402)\n\tat com.ironsource.adapters.admob.AdMobAdapter.createAdRequest(AdMobAdapter.java:369)\n\tat com.ironsource.adapters.admob.rewardedvideo.AdMobRewardedVideoAdapter$1.run(AdMobRewardedVideoAdapter.java:152)\n\tat android.os.Handler.handleCallback(Handler.java:958)\n\tat android.os.Handler.dispatchMessage(Handler.java:99)\n\tat android.os.Looper.loopOnce(Looper.java:255)\n\tat android.os.Looper.loop(Looper.java:364)\n\tat android.app.ActivityThread.main(ActivityThread.java:8938)\n\tat java.lang.reflect.Method.invoke(Native Method)\n\tat com.android.internal.os.RuntimeInit$MethodAndArgsCaller.run(RuntimeInit.java:572)\n\tat com.android.internal.os.ZygoteInit.main(ZygoteInit.java:1053)\n",
    "is_privacy": true
},
{
    "type": "log",
    "source": "class",
    "method": "setTestDeviceIds",
    "package_name": "com.amelosinteractive.snake",
    "class_name": "com.google.android.gms.ads.RequestConfiguration$Builder",
    "timestamp": 1728462864705,
    "ref": "com.google.android.gms.ads.RequestConfiguration$Builder@12aed7a",
    "arguments": "{\"0\":\"<instance: java.util.List, $className: java.util.ArrayList>\"}",
    "stack_trace": "java.lang.Exception\n\tat com.google.android.gms.ads.RequestConfiguration$Builder.setTestDeviceIds(Native Method)\n\tat com.google.android.gms.ads.RequestConfiguration.toBuilder(com.google.android.gms:play-services-ads-lite@@23.0.0:5)\n\tat com.google.android.gms.ads.RequestConfiguration.toBuilder(Native Method)\n\tat com.ironsource.adapters.admob.AdMobAdapter.setRequestConfiguration(AdMobAdapter.java:402)\n\tat com.ironsource.adapters.admob.AdMobAdapter.createAdRequest(AdMobAdapter.java:369)\n\tat com.ironsource.adapters.admob.rewardedvideo.AdMobRewardedVideoAdapter$1.run(AdMobRewardedVideoAdapter.java:152)\n\tat android.os.Handler.handleCallback(Handler.java:958)\n\tat android.os.Handler.dispatchMessage(Handler.java:99)\n\tat android.os.Looper.loopOnce(Looper.java:255)\n\tat android.os.Looper.loop(Looper.java:364)\n\tat android.app.ActivityThread.main(ActivityThread.java:8938)\n\tat java.lang.reflect.Method.invoke(Native Method)\n\tat com.android.internal.os.RuntimeInit$MethodAndArgsCaller.run(RuntimeInit.java:572)\n\tat com.android.internal.os.ZygoteInit.main(ZygoteInit.java:1053)\n",
    "is_privacy": false
},
{
    "type": "log",
    "source": "class",
    "method": "self",
    "package_name": "com.amelosinteractive.snake",
    "class_name": "com.google.android.gms.ads.AdRequest$Builder",
    "timestamp": 1728462864711,
    "ref": "com.google.android.gms.ads.AdRequest$Builder@c2ce3be",
    "arguments": "{}",
    "stack_trace": "java.lang.Exception\n\tat com.google.android.gms.ads.AdRequest$Builder.self(Native Method)\n\tat com.google.android.gms.ads.AbstractAdRequestBuilder.addNetworkExtrasBundle(com.google.android.gms:play-services-ads-lite@@23.0.0:5)\n\tat com.ironsource.adapters.admob.AdMobAdapter.createAdRequest(AdMobAdapter.java:397)\n\tat com.ironsource.adapters.admob.rewardedvideo.AdMobRewardedVideoAdapter$1.run(AdMobRewardedVideoAdapter.java:152)\n\tat android.os.Handler.handleCallback(Handler.java:958)\n\tat android.os.Handler.dispatchMessage(Handler.java:99)\n\tat android.os.Looper.loopOnce(Looper.java:255)\n\tat android.os.Looper.loop(Looper.java:364)\n\tat android.app.ActivityThread.main(ActivityThread.java:8938)\n\tat java.lang.reflect.Method.invoke(Native Method)\n\tat com.android.internal.os.RuntimeInit$MethodAndArgsCaller.run(RuntimeInit.java:572)\n\tat com.android.internal.os.ZygoteInit.main(ZygoteInit.java:1053)\n",
    "is_privacy": false
},
{
    "type": "log",
    "source": "class",
    "method": "self",
    "package_name": "com.amelosinteractive.snake",
    "class_name": "com.google.android.gms.ads.AdRequest$Builder",
    "timestamp": 1728462864714,
    "ref": "com.google.android.gms.ads.AdRequest$Builder@c2ce3be",
    "arguments": "{}",
    "stack_trace": "java.lang.Exception\n\tat com.google.android.gms.ads.AdRequest$Builder.self(Native Method)\n\tat com.google.android.gms.ads.AdRequest$Builder.self(com.google.android.gms:play-services-ads-lite@@23.0.0:1)\n\tat com.google.android.gms.ads.AdRequest$Builder.self(Native Method)\n\tat com.google.android.gms.ads.AbstractAdRequestBuilder.addNetworkExtrasBundle(com.google.android.gms:play-services-ads-lite@@23.0.0:5)\n\tat com.ironsource.adapters.admob.AdMobAdapter.createAdRequest(AdMobAdapter.java:397)\n\tat com.ironsource.adapters.admob.rewardedvideo.AdMobRewardedVideoAdapter$1.run(AdMobRewardedVideoAdapter.java:152)\n\tat android.os.Handler.handleCallback(Handler.java:958)\n\tat android.os.Handler.dispatchMessage(Handler.java:99)\n\tat android.os.Looper.loopOnce(Looper.java:255)\n\tat android.os.Looper.loop(Looper.java:364)\n\tat android.app.ActivityThread.main(ActivityThread.java:8938)\n\tat java.lang.reflect.Method.invoke(Native Method)\n\tat com.android.internal.os.RuntimeInit$MethodAndArgsCaller.run(RuntimeInit.java:572)\n\tat com.android.internal.os.ZygoteInit.main(ZygoteInit.java:1053)\n",
    "is_privacy": false
},
{
    "type": "log",
    "source": "class",
    "method": "build",
    "package_name": "com.amelosinteractive.snake",
    "class_name": "com.google.android.gms.ads.AdRequest$Builder",
    "timestamp": 1728462864718,
    "ref": "com.google.android.gms.ads.AdRequest$Builder@c2ce3be",
    "arguments": "{}",
    "stack_trace": "java.lang.Exception\n\tat com.google.android.gms.ads.AdRequest$Builder.build(Native Method)\n\tat com.ironsource.adapters.admob.AdMobAdapter.createAdRequest(AdMobAdapter.java:398)\n\tat com.ironsource.adapters.admob.rewardedvideo.AdMobRewardedVideoAdapter$1.run(AdMobRewardedVideoAdapter.java:152)\n\tat android.os.Handler.handleCallback(Handler.java:958)\n\tat android.os.Handler.dispatchMessage(Handler.java:99)\n\tat android.os.Looper.loopOnce(Looper.java:255)\n\tat android.os.Looper.loop(Looper.java:364)\n\tat android.app.ActivityThread.main(ActivityThread.java:8938)\n\tat java.lang.reflect.Method.invoke(Native Method)\n\tat com.android.internal.os.RuntimeInit$MethodAndArgsCaller.run(RuntimeInit.java:572)\n\tat com.android.internal.os.ZygoteInit.main(ZygoteInit.java:1053)\n",
    "is_privacy": false
},
{
    "type": "log",
    "source": "class",
    "method": "getInstance",
    "package_name": "com.amelosinteractive.snake",
    "class_name": "com.applovin.sdk.AppLovinSdk",
    "timestamp": 1728462864724,
    "ref": "<class: com.applovin.sdk.AppLovinSdk>",
    "arguments": "{\"0\":\"<instance: android.content.Context, $className: com.kooapps.unity.UnityApplication>\"}",
    "stack_trace": "java.lang.Exception\n\tat com.applovin.sdk.AppLovinSdk.getInstance(Native Method)\n\tat com.ironsource.adapters.applovin.AppLovinAdapter.initSdk(AppLovinAdapter.java:178)\n\tat com.ironsource.adapters.applovin.AppLovinAdapter.lambda$initAndLoadRewardedVideo$1$com-ironsource-adapters-applovin-AppLovinAdapter(AppLovinAdapter.java:307)\n\tat com.ironsource.adapters.applovin.AppLovinAdapter$$ExternalSyntheticLambda2.run(Unknown Source:6)\n\tat android.os.Handler.handleCallback(Handler.java:958)\n\tat android.os.Handler.dispatchMessage(Handler.java:99)\n\tat android.os.Looper.loopOnce(Looper.java:255)\n\tat android.os.Looper.loop(Looper.java:364)\n\tat android.app.ActivityThread.main(ActivityThread.java:8938)\n\tat java.lang.reflect.Method.invoke(Native Method)\n\tat com.android.internal.os.RuntimeInit$MethodAndArgsCaller.run(RuntimeInit.java:572)\n\tat com.android.internal.os.ZygoteInit.main(ZygoteInit.java:1053)\n",
    "is_privacy": false
},
{
    "type": "log",
    "source": "class",
    "method": "zza",
    "package_name": "com.amelosinteractive.snake",
    "class_name": "com.google.android.gms.ads.AdRequest",
    "timestamp": 1728462864746,
    "ref": "com.google.android.gms.ads.AdRequest@e784ecd",
    "arguments": "{}",
    "stack_trace": "java.lang.Exception\n\tat com.google.android.gms.ads.AdRequest.zza(Native Method)\n\tat com.google.android.gms.ads.rewarded.zzc.run(com.google.android.gms:play-services-ads-lite@@23.0.0:2)\n\tat java.util.concurrent.ThreadPoolExecutor.runWorker(ThreadPoolExecutor.java:1145)\n\tat java.util.concurrent.ThreadPoolExecutor$Worker.run(ThreadPoolExecutor.java:644)\n\tat java.lang.Thread.run(Thread.java:1012)\n",
    "is_privacy": false
},
{
    "type": "log",
    "source": "class",
    "method": "getTestDeviceIds",
    "package_name": "com.amelosinteractive.snake",
    "class_name": "com.google.android.gms.ads.RequestConfiguration",
    "timestamp": 1728462864752,
    "ref": "com.google.android.gms.ads.RequestConfiguration@176c515",
    "arguments": "{}",
    "stack_trace": "java.lang.Exception\n\tat com.google.android.gms.ads.RequestConfiguration.getTestDeviceIds(Native Method)\n\tat com.google.android.gms.ads.internal.client.zzdx.zzq(com.google.android.gms:play-services-ads-lite@@23.0.0:4)\n\tat com.google.android.gms.ads.internal.client.zzp.zza(com.google.android.gms:play-services-ads-lite@@23.0.0:5)\n\tat com.google.android.gms.internal.ads.zzcaw.zza(com.google.android.gms:play-services-ads-lite@@23.0.0:1)\n\tat com.google.android.gms.ads.rewarded.zzc.run(com.google.android.gms:play-services-ads-lite@@23.0.0:2)\n\tat java.util.concurrent.ThreadPoolExecutor.runWorker(ThreadPoolExecutor.java:1145)\n\tat java.util.concurrent.ThreadPoolExecutor$Worker.run(ThreadPoolExecutor.java:644)\n\tat java.lang.Thread.run(Thread.java:1012)\n",
    "is_privacy": false
},
{
    "type": "log",
    "source": "class",
    "method": "getTagForChildDirectedTreatment",
    "package_name": "com.amelosinteractive.snake",
    "class_name": "com.google.android.gms.ads.RequestConfiguration",
    "timestamp": 1728462864758,
    "ref": "com.google.android.gms.ads.RequestConfiguration@176c515",
    "arguments": "{}",
    "stack_trace": "java.lang.Exception\n\tat com.google.android.gms.ads.RequestConfiguration.getTagForChildDirectedTreatment(Native Method)\n\tat com.google.android.gms.ads.internal.client.zzp.zza(com.google.android.gms:play-services-ads-lite@@23.0.0:17)\n\tat com.google.android.gms.internal.ads.zzcaw.zza(com.google.android.gms:play-services-ads-lite@@23.0.0:1)\n\tat com.google.android.gms.ads.rewarded.zzc.run(com.google.android.gms:play-services-ads-lite@@23.0.0:2)\n\tat java.util.concurrent.ThreadPoolExecutor.runWorker(ThreadPoolExecutor.java:1145)\n\tat java.util.concurrent.ThreadPoolExecutor$Worker.run(ThreadPoolExecutor.java:644)\n\tat java.lang.Thread.run(Thread.java:1012)\n",
    "is_privacy": false
},
{
    "type": "log",
    "source": "class",
    "method": "getMaxAdContentRating",
    "package_name": "com.amelosinteractive.snake",
    "class_name": "com.google.android.gms.ads.RequestConfiguration",
    "timestamp": 1728462864781,
    "ref": "com.google.android.gms.ads.RequestConfiguration@176c515",
    "arguments": "{}",
    "stack_trace": "java.lang.Exception\n\tat com.google.android.gms.ads.RequestConfiguration.getMaxAdContentRating(Native Method)\n\tat com.google.android.gms.ads.internal.client.zzp.zza(com.google.android.gms:play-services-ads-lite@@23.0.0:19)\n\tat com.google.android.gms.internal.ads.zzcaw.zza(com.google.android.gms:play-services-ads-lite@@23.0.0:1)\n\tat com.google.android.gms.ads.rewarded.zzc.run(com.google.android.gms:play-services-ads-lite@@23.0.0:2)\n\tat java.util.concurrent.ThreadPoolExecutor.runWorker(ThreadPoolExecutor.java:1145)\n\tat java.util.concurrent.ThreadPoolExecutor$Worker.run(ThreadPoolExecutor.java:644)\n\tat java.lang.Thread.run(Thread.java:1012)\n",
    "is_privacy": false
},
{
    "type": "log",
    "source": "class",
    "method": "getTagForUnderAgeOfConsent",
    "package_name": "com.amelosinteractive.snake",
    "class_name": "com.google.android.gms.ads.RequestConfiguration",
    "timestamp": 1728462864800,
    "ref": "com.google.android.gms.ads.RequestConfiguration@176c515",
    "arguments": "{}",
    "stack_trace": "java.lang.Exception\n\tat com.google.android.gms.ads.RequestConfiguration.getTagForUnderAgeOfConsent(Native Method)\n\tat com.google.android.gms.ads.internal.client.zzp.zza(com.google.android.gms:play-services-ads-lite@@23.0.0:27)\n\tat com.google.android.gms.internal.ads.zzcaw.zza(com.google.android.gms:play-services-ads-lite@@23.0.0:1)\n\tat com.google.android.gms.ads.rewarded.zzc.run(com.google.android.gms:play-services-ads-lite@@23.0.0:2)\n\tat java.util.concurrent.ThreadPoolExecutor.runWorker(ThreadPoolExecutor.java:1145)\n\tat java.util.concurrent.ThreadPoolExecutor$Worker.run(ThreadPoolExecutor.java:644)\n\tat java.lang.Thread.run(Thread.java:1012)\n",
    "is_privacy": false
},
{
    "type": "log",
    "source": "class",
    "method": "getPublisherPrivacyPersonalizationState",
    "package_name": "com.amelosinteractive.snake",
    "class_name": "com.google.android.gms.ads.RequestConfiguration",
    "timestamp": 1728462864803,
    "ref": "com.google.android.gms.ads.RequestConfiguration@176c515",
    "arguments": "{}",
    "stack_trace": "java.lang.Exception\n\tat com.google.android.gms.ads.RequestConfiguration.getPublisherPrivacyPersonalizationState(Native Method)\n\tat com.google.android.gms.ads.internal.client.zzp.zza(com.google.android.gms:play-services-ads-lite@@23.0.0:30)\n\tat com.google.android.gms.internal.ads.zzcaw.zza(com.google.android.gms:play-services-ads-lite@@23.0.0:1)\n\tat com.google.android.gms.ads.rewarded.zzc.run(com.google.android.gms:play-services-ads-lite@@23.0.0:2)\n\tat java.util.concurrent.ThreadPoolExecutor.runWorker(ThreadPoolExecutor.java:1145)\n\tat java.util.concurrent.ThreadPoolExecutor$Worker.run(ThreadPoolExecutor.java:644)\n\tat java.lang.Thread.run(Thread.java:1012)\n",
    "is_privacy": false
},
