{
    "type": "log",
    "source": "class",
    "method": "getInstance",
    "package_name": "com.miui.player",
    "class_name": "com.google.firebase.analytics.FirebaseAnalytics",
    "timestamp": 1728462530709,
    "ref": "<class: com.google.firebase.analytics.FirebaseAnalytics>",
    "arguments": "{\"0\":\"<instance: android.content.Context, $className: com.miui.player.app.MusicApplication>\"}",
    "stack_trace": "java.lang.Exception\n\tat com.google.firebase.analytics.FirebaseAnalytics.getInstance(Native Method)\n\tat com.miui.player.util.FirebaseInitializer.j1(SourceFile:7)\n\tat com.miui.player.app.MainProcessApplicationHelper.v0(SourceFile:38)\n\tat com.miui.player.app.MainProcessApplicationHelper.n(SourceFile:1)\n\tat com.miui.player.app.w0.run(SourceFile:1)\n\tat com.xiaomi.music.util.PrivacyUtils$OnPrivacyStateChangeListener.a(SourceFile:26)\n\tat com.xiaomi.music.util.PrivacyUtils.onReceive(SourceFile:24)\n\tat android.app.LoadedApk$ReceiverDispatcher$Args.lambda$getRunnable$0(LoadedApk.java:1956)\n\tat android.app.LoadedApk$ReceiverDispatcher$Args.$r8$lambda$gDuJqgxY6Zb-ifyeubKeivTLAwk(Unknown Source:0)\n\tat android.app.LoadedApk$ReceiverDispatcher$Args$$ExternalSyntheticLambda0.run(Unknown Source:2)\n\tat android.os.Handler.handleCallback(Handler.java:958)\n\tat android.os.Handler.dispatchMessage(Handler.java:99)\n\tat android.os.Looper.loopOnce(Looper.java:255)\n\tat android.os.Looper.loop(Looper.java:364)\n\tat android.app.ActivityThread.main(ActivityThread.java:8938)\n\tat java.lang.reflect.Method.invoke(Native Method)\n\tat com.android.internal.os.RuntimeInit$MethodAndArgsCaller.run(RuntimeInit.java:572)\n\tat com.android.internal.os.ZygoteInit.main(ZygoteInit.java:1053)\n",
    "is_privacy": false
},
{
    "type": "log",
    "source": "class",
    "method": "getAppInstanceId",
    "package_name": "com.miui.player",
    "class_name": "com.google.firebase.analytics.FirebaseAnalytics",
    "timestamp": 1728462530713,
    "ref": "com.google.firebase.analytics.FirebaseAnalytics@4601ce",
    "arguments": "{}",
    "stack_trace": "java.lang.Exception\n\tat com.google.firebase.analytics.FirebaseAnalytics.getAppInstanceId(Native Method)\n\tat com.miui.player.util.FirebaseInitializer.j1(SourceFile:11)\n\tat com.miui.player.app.MainProcessApplicationHelper.v0(SourceFile:38)\n\tat com.miui.player.app.MainProcessApplicationHelper.n(SourceFile:1)\n\tat com.miui.player.app.w0.run(SourceFile:1)\n\tat com.xiaomi.music.util.PrivacyUtils$OnPrivacyStateChangeListener.a(SourceFile:26)\n\tat com.xiaomi.music.util.PrivacyUtils.onReceive(SourceFile:24)\n\tat android.app.LoadedApk$ReceiverDispatcher$Args.lambda$getRunnable$0(LoadedApk.java:1956)\n\tat android.app.LoadedApk$ReceiverDispatcher$Args.$r8$lambda$gDuJqgxY6Zb-ifyeubKeivTLAwk(Unknown Source:0)\n\tat android.app.LoadedApk$ReceiverDispatcher$Args$$ExternalSyntheticLambda0.run(Unknown Source:2)\n\tat android.os.Handler.handleCallback(Handler.java:958)\n\tat android.os.Handler.dispatchMessage(Handler.java:99)\n\tat android.os.Looper.loopOnce(Looper.java:255)\n\tat android.os.Looper.loop(Looper.java:364)\n\tat android.app.ActivityThread.main(ActivityThread.java:8938)\n\tat java.lang.reflect.Method.invoke(Native Method)\n\tat com.android.internal.os.RuntimeInit$MethodAndArgsCaller.run(RuntimeInit.java:572)\n\tat com.android.internal.os.ZygoteInit.main(ZygoteInit.java:1053)\n",
    "is_privacy": false
},
{
    "type": "log",
    "source": "class",
    "method": "zza",
    "package_name": "com.miui.player",
    "class_name": "com.google.firebase.analytics.FirebaseAnalytics",
    "timestamp": 1728462530716,
    "ref": "com.google.firebase.analytics.FirebaseAnalytics@4601ce",
    "arguments": "{}",
    "stack_trace": "java.lang.Exception\n\tat com.google.firebase.analytics.FirebaseAnalytics.zza(Native Method)\n\tat com.google.firebase.analytics.FirebaseAnalytics.getAppInstanceId(SourceFile:1)\n\tat com.google.firebase.analytics.FirebaseAnalytics.getAppInstanceId(Native Method)\n\tat com.miui.player.util.FirebaseInitializer.j1(SourceFile:11)\n\tat com.miui.player.app.MainProcessApplicationHelper.v0(SourceFile:38)\n\tat com.miui.player.app.MainProcessApplicationHelper.n(SourceFile:1)\n\tat com.miui.player.app.w0.run(SourceFile:1)\n\tat com.xiaomi.music.util.PrivacyUtils$OnPrivacyStateChangeListener.a(SourceFile:26)\n\tat com.xiaomi.music.util.PrivacyUtils.onReceive(SourceFile:24)\n\tat android.app.LoadedApk$ReceiverDispatcher$Args.lambda$getRunnable$0(LoadedApk.java:1956)\n\tat android.app.LoadedApk$ReceiverDispatcher$Args.$r8$lambda$gDuJqgxY6Zb-ifyeubKeivTLAwk(Unknown Source:0)\n\tat android.app.LoadedApk$ReceiverDispatcher$Args$$ExternalSyntheticLambda0.run(Unknown Source:2)\n\tat android.os.Handler.handleCallback(Handler.java:958)\n\tat android.os.Handler.dispatchMessage(Handler.java:99)\n\tat android.os.Looper.loopOnce(Looper.java:255)\n\tat android.os.Looper.loop(Looper.java:364)\n\tat android.app.ActivityThread.main(ActivityThread.java:8938)\n\tat java.lang.reflect.Method.invoke(Native Method)\n\tat com.android.internal.os.RuntimeInit$MethodAndArgsCaller.run(RuntimeInit.java:572)\n\tat com.android.internal.os.ZygoteInit.main(ZygoteInit.java:1053)\n",
    "is_privacy": false
},
{
    "type": "log",
    "source": "class",
    "method": "getInstance",
    "package_name": "com.miui.player",
    "class_name": "com.google.firebase.analytics.FirebaseAnalytics",
    "timestamp": 1728462530722,
    "ref": "<class: com.google.firebase.analytics.FirebaseAnalytics>",
    "arguments": "{\"0\":\"<instance: android.content.Context, $className: com.miui.player.app.MusicApplication>\"}",
    "stack_trace": "java.lang.Exception\n\tat com.google.firebase.analytics.FirebaseAnalytics.getInstance(Native Method)\n\tat com.xiaomi.music.stat.FirebaseEvent.e(SourceFile:23)\n\tat com.miui.player.util.FirebaseInitializer.W3(SourceFile:1)\n\tat com.miui.player.util.FirebaseInitializer.l0(SourceFile:1)\n\tat com.miui.player.util.FirebaseInitializer$1.execute(SourceFile:3)\n\tat com.miui.player.executor.CommandWrapper.run(SourceFile:12)\n\tat java.util.concurrent.Executors$RunnableAdapter.call(Executors.java:487)\n\tat java.util.concurrent.FutureTask.run(FutureTask.java:290)\n\tat java.util.concurrent.ThreadPoolExecutor.runWorker(ThreadPoolExecutor.java:1145)\n\tat java.util.concurrent.ThreadPoolExecutor$Worker.run(ThreadPoolExecutor.java:644)\n\tat java.lang.Thread.run(Thread.java:1012)\n",
    "is_privacy": false
},
{
    "type": "log",
    "source": "class",
    "method": "zza",
    "package_name": "com.miui.player",
    "class_name": "com.google.firebase.analytics.FirebaseAnalytics",
    "timestamp": 1728462530724,
    "ref": "<class: com.google.firebase.analytics.FirebaseAnalytics>",
    "arguments": "{\"0\":\"<instance: com.google.firebase.analytics.FirebaseAnalytics>\"}",
    "stack_trace": "java.lang.Exception\n\tat com.google.firebase.analytics.FirebaseAnalytics.zza(Native Method)\n\tat com.google.firebase.analytics.zzc.call(SourceFile:3)\n\tat com.google.android.gms.tasks.zzz.run(SourceFile:5)\n\tat java.util.concurrent.ThreadPoolExecutor.runWorker(ThreadPoolExecutor.java:1145)\n\tat java.util.concurrent.ThreadPoolExecutor$Worker.run(ThreadPoolExecutor.java:644)\n\tat java.lang.Thread.run(Thread.java:1012)\n",
    "is_privacy": false
},
{
    "type": "log",
    "source": "class",
    "method": "setUserProperty",
    "package_name": "com.miui.player",
    "class_name": "com.google.firebase.analytics.FirebaseAnalytics",
    "timestamp": 1728462530728,
    "ref": "com.google.firebase.analytics.FirebaseAnalytics@4601ce",
    "arguments": "{\"0\":\"aobd\",\"1\":\"OP5CFBL1\"}",
    "stack_trace": "java.lang.Exception\n\tat com.google.firebase.analytics.FirebaseAnalytics.setUserProperty(Native Method)\n\tat com.xiaomi.music.stat.FirebaseEvent.i(SourceFile:17)\n\tat com.xiaomi.music.stat.FirebaseEvent.f(SourceFile:5)\n\tat com.xiaomi.music.stat.FirebaseEvent.e(SourceFile:29)\n\tat com.miui.player.util.FirebaseInitializer.W3(SourceFile:1)\n\tat com.miui.player.util.FirebaseInitializer.l0(SourceFile:1)\n\tat com.miui.player.util.FirebaseInitializer$1.execute(SourceFile:3)\n\tat com.miui.player.executor.CommandWrapper.run(SourceFile:12)\n\tat java.util.concurrent.Executors$RunnableAdapter.call(Executors.java:487)\n\tat java.util.concurrent.FutureTask.run(FutureTask.java:290)\n\tat java.util.concurrent.ThreadPoolExecutor.runWorker(ThreadPoolExecutor.java:1145)\n\tat java.util.concurrent.ThreadPoolExecutor$Worker.run(ThreadPoolExecutor.java:644)\n\tat java.lang.Thread.run(Thread.java:1012)\n",
    "is_privacy": true
},
{
    "type": "log",
    "source": "class",
    "method": "setUserProperty",
    "package_name": "com.miui.player",
    "class_name": "com.google.firebase.analytics.FirebaseAnalytics",
    "timestamp": 1728462530735,
    "ref": "com.google.firebase.analytics.FirebaseAnalytics@4601ce",
    "arguments": "{\"0\":\"rd\",\"1\":\"CN\"}",
    "stack_trace": "java.lang.Exception\n\tat com.google.firebase.analytics.FirebaseAnalytics.setUserProperty(Native Method)\n\tat com.xiaomi.music.stat.FirebaseEvent.i(SourceFile:17)\n\tat com.xiaomi.music.stat.FirebaseEvent.f(SourceFile:14)\n\tat com.xiaomi.music.stat.FirebaseEvent.e(SourceFile:29)\n\tat com.miui.player.util.FirebaseInitializer.W3(SourceFile:1)\n\tat com.miui.player.util.FirebaseInitializer.l0(SourceFile:1)\n\tat com.miui.player.util.FirebaseInitializer$1.execute(SourceFile:3)\n\tat com.miui.player.executor.CommandWrapper.run(SourceFile:12)\n\tat java.util.concurrent.Executors$RunnableAdapter.call(Executors.java:487)\n\tat java.util.concurrent.FutureTask.run(FutureTask.java:290)\n\tat java.util.concurrent.ThreadPoolExecutor.runWorker(ThreadPoolExecutor.java:1145)\n\tat java.util.concurrent.ThreadPoolExecutor$Worker.run(ThreadPoolExecutor.java:644)\n\tat java.lang.Thread.run(Thread.java:1012)\n",
    "is_privacy": true
},
{
    "type": "log",
    "source": "class",
    "method": "setUserProperty",
    "package_name": "com.miui.player",
    "class_name": "com.google.firebase.analytics.FirebaseAnalytics",
    "timestamp": 1728462530739,
    "ref": "com.google.firebase.analytics.FirebaseAnalytics@4601ce",
    "arguments": "{\"0\":\"operator\",\"1\":\"nonOperator\"}",
    "stack_trace": "java.lang.Exception\n\tat com.google.firebase.analytics.FirebaseAnalytics.setUserProperty(Native Method)\n\tat com.xiaomi.music.stat.FirebaseEvent.i(SourceFile:17)\n\tat com.xiaomi.music.stat.FirebaseEvent.f(SourceFile:77)\n\tat com.xiaomi.music.stat.FirebaseEvent.e(SourceFile:29)\n\tat com.miui.player.util.FirebaseInitializer.W3(SourceFile:1)\n\tat com.miui.player.util.FirebaseInitializer.l0(SourceFile:1)\n\tat com.miui.player.util.FirebaseInitializer$1.execute(SourceFile:3)\n\tat com.miui.player.executor.CommandWrapper.run(SourceFile:12)\n\tat java.util.concurrent.Executors$RunnableAdapter.call(Executors.java:487)\n\tat java.util.concurrent.FutureTask.run(FutureTask.java:290)\n\tat java.util.concurrent.ThreadPoolExecutor.runWorker(ThreadPoolExecutor.java:1145)\n\tat java.util.concurrent.ThreadPoolExecutor$Worker.run(ThreadPoolExecutor.java:644)\n\tat java.lang.Thread.run(Thread.java:1012)\n",
    "is_privacy": true
},
{
    "type": "log",
    "source": "class",
    "method": "setUserProperty",
    "package_name": "com.miui.player",
    "class_name": "com.google.firebase.analytics.FirebaseAnalytics",
    "timestamp": 1728462530756,
    "ref": "com.google.firebase.analytics.FirebaseAnalytics@4601ce",
    "arguments": "{\"0\":\"random_min\",\"1\":\"54\"}",
    "stack_trace": "java.lang.Exception\n\tat com.google.firebase.analytics.FirebaseAnalytics.setUserProperty(Native Method)\n\tat com.xiaomi.music.stat.FirebaseEvent.i(SourceFile:17)\n\tat com.xiaomi.music.stat.FirebaseEvent.f(SourceFile:86)\n\tat com.xiaomi.music.stat.FirebaseEvent.e(SourceFile:29)\n\tat com.miui.player.util.FirebaseInitializer.W3(SourceFile:1)\n\tat com.miui.player.util.FirebaseInitializer.l0(SourceFile:1)\n\tat com.miui.player.util.FirebaseInitializer$1.execute(SourceFile:3)\n\tat com.miui.player.executor.CommandWrapper.run(SourceFile:12)\n\tat java.util.concurrent.Executors$RunnableAdapter.call(Executors.java:487)\n\tat java.util.concurrent.FutureTask.run(FutureTask.java:290)\n\tat java.util.concurrent.ThreadPoolExecutor.runWorker(ThreadPoolExecutor.java:1145)\n\tat java.util.concurrent.ThreadPoolExecutor$Worker.run(ThreadPoolExecutor.java:644)\n\tat java.lang.Thread.run(Thread.java:1012)\n",
    "is_privacy": true
},
{
    "type": "log",
    "source": "class",
    "method": "setUserProperty",
    "package_name": "com.miui.player",
    "class_name": "com.google.firebase.analytics.FirebaseAnalytics",
    "timestamp": 1728462530759,
    "ref": "com.google.firebase.analytics.FirebaseAnalytics@4601ce",
    "arguments": "{\"0\":\"random_max\",\"1\":\"54\"}",
    "stack_trace": "java.lang.Exception\n\tat com.google.firebase.analytics.FirebaseAnalytics.setUserProperty(Native Method)\n\tat com.xiaomi.music.stat.FirebaseEvent.i(SourceFile:17)\n\tat com.xiaomi.music.stat.FirebaseEvent.f(SourceFile:95)\n\tat com.xiaomi.music.stat.FirebaseEvent.e(SourceFile:29)\n\tat com.miui.player.util.FirebaseInitializer.W3(SourceFile:1)\n\tat com.miui.player.util.FirebaseInitializer.l0(SourceFile:1)\n\tat com.miui.player.util.FirebaseInitializer$1.execute(SourceFile:3)\n\tat com.miui.player.executor.CommandWrapper.run(SourceFile:12)\n\tat java.util.concurrent.Executors$RunnableAdapter.call(Executors.java:487)\n\tat java.util.concurrent.FutureTask.run(FutureTask.java:290)\n\tat java.util.concurrent.ThreadPoolExecutor.runWorker(ThreadPoolExecutor.java:1145)\n\tat java.util.concurrent.ThreadPoolExecutor$Worker.run(ThreadPoolExecutor.java:644)\n\tat java.lang.Thread.run(Thread.java:1012)\n",
    "is_privacy": true
},
{
    "type": "log",
    "source": "class",
    "method": "setUserProperty",
    "package_name": "com.miui.player",
    "class_name": "com.google.firebase.analytics.FirebaseAnalytics",
    "timestamp": 1728462530762,
    "ref": "com.google.firebase.analytics.FirebaseAnalytics@4601ce",
    "arguments": "{\"0\":\"abtest_group\",\"1\":\"0\"}",
    "stack_trace": "java.lang.Exception\n\tat com.google.firebase.analytics.FirebaseAnalytics.setUserProperty(Native Method)\n\tat com.xiaomi.music.stat.FirebaseEvent.i(SourceFile:17)\n\tat com.xiaomi.music.stat.FirebaseEvent.f(SourceFile:108)\n\tat com.xiaomi.music.stat.FirebaseEvent.e(SourceFile:29)\n\tat com.miui.player.util.FirebaseInitializer.W3(SourceFile:1)\n\tat com.miui.player.util.FirebaseInitializer.l0(SourceFile:1)\n\tat com.miui.player.util.FirebaseInitializer$1.execute(SourceFile:3)\n\tat com.miui.player.executor.CommandWrapper.run(SourceFile:12)\n\tat java.util.concurrent.Executors$RunnableAdapter.call(Executors.java:487)\n\tat java.util.concurrent.FutureTask.run(FutureTask.java:290)\n\tat java.util.concurrent.ThreadPoolExecutor.runWorker(ThreadPoolExecutor.java:1145)\n\tat java.util.concurrent.ThreadPoolExecutor$Worker.run(ThreadPoolExecutor.java:644)\n\tat java.lang.Thread.run(Thread.java:1012)\n",
    "is_privacy": true
},
{
    "type": "log",
    "source": "class",
    "method": "setUserProperty",
    "package_name": "com.miui.player",
    "class_name": "com.google.firebase.analytics.FirebaseAnalytics",
    "timestamp": 1728462530767,
    "ref": "com.google.firebase.analytics.FirebaseAnalytics@4601ce",
    "arguments": "{\"0\":\"userMode\",\"1\":\"none\"}",
    "stack_trace": "java.lang.Exception\n\tat com.google.firebase.analytics.FirebaseAnalytics.setUserProperty(Native Method)\n\tat com.xiaomi.music.stat.FirebaseEvent.i(SourceFile:17)\n\tat com.xiaomi.music.stat.FirebaseEvent.f(SourceFile:245)\n\tat com.xiaomi.music.stat.FirebaseEvent.e(SourceFile:29)\n\tat com.miui.player.util.FirebaseInitializer.W3(SourceFile:1)\n\tat com.miui.player.util.FirebaseInitializer.l0(SourceFile:1)\n\tat com.miui.player.util.FirebaseInitializer$1.execute(SourceFile:3)\n\tat com.miui.player.executor.CommandWrapper.run(SourceFile:12)\n\tat java.util.concurrent.Executors$RunnableAdapter.call(Executors.java:487)\n\tat java.util.concurrent.FutureTask.run(FutureTask.java:290)\n\tat java.util.concurrent.ThreadPoolExecutor.runWorker(ThreadPoolExecutor.java:1145)\n\tat java.util.concurrent.ThreadPoolExecutor$Worker.run(ThreadPoolExecutor.java:644)\n\tat java.lang.Thread.run(Thread.java:1012)\n",
    "is_privacy": true
},
{
    "type": "log",
    "source": "class",
    "method": "setUserProperty",
    "package_name": "com.miui.player",
    "class_name": "com.google.firebase.analytics.FirebaseAnalytics",
    "timestamp": 1728462530769,
    "ref": "com.google.firebase.analytics.FirebaseAnalytics@4601ce",
    "arguments": "{\"0\":\"phoneBrand\",\"1\":\"OnePlus\"}",
    "stack_trace": "java.lang.Exception\n\tat com.google.firebase.analytics.FirebaseAnalytics.setUserProperty(Native Method)\n\tat com.xiaomi.music.stat.FirebaseEvent.i(SourceFile:17)\n\tat com.xiaomi.music.stat.FirebaseEvent.f(SourceFile:254)\n\tat com.xiaomi.music.stat.FirebaseEvent.e(SourceFile:29)\n\tat com.miui.player.util.FirebaseInitializer.W3(SourceFile:1)\n\tat com.miui.player.util.FirebaseInitializer.l0(SourceFile:1)\n\tat com.miui.player.util.FirebaseInitializer$1.execute(SourceFile:3)\n\tat com.miui.player.executor.CommandWrapper.run(SourceFile:12)\n\tat java.util.concurrent.Executors$RunnableAdapter.call(Executors.java:487)\n\tat java.util.concurrent.FutureTask.run(FutureTask.java:290)\n\tat java.util.concurrent.ThreadPoolExecutor.runWorker(ThreadPoolExecutor.java:1145)\n\tat java.util.concurrent.ThreadPoolExecutor$Worker.run(ThreadPoolExecutor.java:644)\n\tat java.lang.Thread.run(Thread.java:1012)\n",
    "is_privacy": true
},
{
    "type": "log",
    "source": "class",
    "method": "setUserProperty",
    "package_name": "com.miui.player",
    "class_name": "com.google.firebase.analytics.FirebaseAnalytics",
    "timestamp": 1728462530778,
    "ref": "com.google.firebase.analytics.FirebaseAnalytics@4601ce",
    "arguments": "{\"0\":\"iregion\",\"1\":\"none\"}",
    "stack_trace": "java.lang.Exception\n\tat com.google.firebase.analytics.FirebaseAnalytics.setUserProperty(Native Method)\n\tat com.xiaomi.music.stat.FirebaseEvent.i(SourceFile:17)\n\tat com.xiaomi.music.stat.FirebaseEvent.f(SourceFile:306)\n\tat com.xiaomi.music.stat.FirebaseEvent.e(SourceFile:29)\n\tat com.miui.player.util.FirebaseInitializer.W3(SourceFile:1)\n\tat com.miui.player.util.FirebaseInitializer.l0(SourceFile:1)\n\tat com.miui.player.util.FirebaseInitializer$1.execute(SourceFile:3)\n\tat com.miui.player.executor.CommandWrapper.run(SourceFile:12)\n\tat java.util.concurrent.Executors$RunnableAdapter.call(Executors.java:487)\n\tat java.util.concurrent.FutureTask.run(FutureTask.java:290)\n\tat java.util.concurrent.ThreadPoolExecutor.runWorker(ThreadPoolExecutor.java:1145)\n\tat java.util.concurrent.ThreadPoolExecutor$Worker.run(ThreadPoolExecutor.java:644)\n\tat java.lang.Thread.run(Thread.java:1012)\n",
    "is_privacy": true
},
{
    "type": "log",
    "source": "class",
    "method": "setAnalyticsCollectionEnabled",
    "package_name": "com.miui.player",
    "class_name": "com.google.firebase.analytics.FirebaseAnalytics",
    "timestamp": 1728462532641,
    "ref": "com.google.firebase.analytics.FirebaseAnalytics@4601ce",
    "arguments": "{\"0\":true}",
    "stack_trace": "java.lang.Exception\n\tat com.google.firebase.analytics.FirebaseAnalytics.setAnalyticsCollectionEnabled(Native Method)\n\tat com.xiaomi.music.util.MusicTrackEvent.B(SourceFile:28)\n\tat com.xiaomi.music.util.MusicTrackEvent.c(SourceFile:9)\n\tat com.miui.player.app.MainProcessApplicationHelper.j0(SourceFile:21)\n\tat com.miui.player.app.MainProcessApplicationHelper.r(SourceFile:1)\n\tat com.miui.player.app.n0.run(SourceFile:1)\n\tat com.xiaomi.music.util.PrivacyUtils$OnPrivacyStateChangeListener.a(SourceFile:26)\n\tat com.xiaomi.music.util.PrivacyUtils.onReceive(SourceFile:24)\n\tat android.app.LoadedApk$ReceiverDispatcher$Args.lambda$getRunnable$0(LoadedApk.java:1956)\n\tat android.app.LoadedApk$ReceiverDispatcher$Args.$r8$lambda$gDuJqgxY6Zb-ifyeubKeivTLAwk(Unknown Source:0)\n\tat android.app.LoadedApk$ReceiverDispatcher$Args$$ExternalSyntheticLambda0.run(Unknown Source:2)\n\tat android.os.Handler.handleCallback(Handler.java:958)\n\tat android.os.Handler.dispatchMessage(Handler.java:99)\n\tat android.os.Looper.loopOnce(Looper.java:255)\n\tat android.os.Looper.loop(Looper.java:364)\n\tat android.app.ActivityThread.main(ActivityThread.java:8938)\n\tat java.lang.reflect.Method.invoke(Native Method)\n\tat com.android.internal.os.RuntimeInit$MethodAndArgsCaller.run(RuntimeInit.java:572)\n\tat com.android.internal.os.ZygoteInit.main(ZygoteInit.java:1053)\n",
    "is_privacy": false
},
{
    "type": "log",
    "source": "class",
    "method": "getInstance",
    "package_name": "com.miui.player",
    "class_name": "com.google.firebase.analytics.FirebaseAnalytics",
    "timestamp": 1728462532649,
    "ref": "<class: com.google.firebase.analytics.FirebaseAnalytics>",
    "arguments": "{\"0\":\"<instance: android.content.Context, $className: com.miui.player.app.MusicApplication>\"}",
    "stack_trace": "java.lang.Exception\n\tat com.google.firebase.analytics.FirebaseAnalytics.getInstance(Native Method)\n\tat java.lang.reflect.Method.invoke(Native Method)\n\tat com.google.android.gms.measurement.internal.zzft.zzah(SourceFile:73)\n\tat com.google.android.gms.measurement.internal.zzft.zza(SourceFile:17)\n\tat com.google.android.gms.measurement.internal.zzld.zzc(SourceFile:3)\n\tat com.google.android.gms.measurement.internal.zzld.zzac(SourceFile:8)\n\tat com.google.android.gms.measurement.internal.zzjc.zzak(SourceFile:63)\n\tat com.google.android.gms.measurement.internal.zzjc.zzar(SourceFile:100)\n\tat com.google.android.gms.measurement.internal.zzjc.zza(SourceFile:407)\n\tat com.google.android.gms.measurement.internal.zzjc.zza(SourceFile:3)\n\tat com.google.android.gms.measurement.internal.zzkk.run(SourceFile:6)\n\tat java.util.concurrent.Executors$RunnableAdapter.call(Executors.java:487)\n\tat java.util.concurrent.FutureTask.run(FutureTask.java:290)\n\tat com.google.android.gms.measurement.internal.zzhn.run(SourceFile:49)\n",
    "is_privacy": false
},
{
    "type": "log",
    "source": "class",
    "method": "logEvent",
    "package_name": "com.miui.player",
    "class_name": "com.google.firebase.analytics.FirebaseAnalytics",
    "timestamp": 1728462532655,
    "ref": "com.google.firebase.analytics.FirebaseAnalytics@4601ce",
    "arguments": "{\"0\":\"app_open\",\"1\":\"<instance: android.os.Bundle>\"}",
    "stack_trace": "java.lang.Exception\n\tat com.google.firebase.analytics.FirebaseAnalytics.logEvent(Native Method)\n\tat com.xiaomi.music.stat.FirebaseEvent.b(SourceFile:46)\n\tat com.xiaomi.music.util.MusicTrackEvent.f(SourceFile:85)\n\tat com.xiaomi.music.util.MusicTrackEvent.e(SourceFile:77)\n\tat com.xiaomi.music.util.MusicTrackEvent.B(SourceFile:38)\n\tat com.xiaomi.music.util.MusicTrackEvent.c(SourceFile:9)\n\tat com.miui.player.app.MainProcessApplicationHelper.j0(SourceFile:21)\n\tat com.miui.player.app.MainProcessApplicationHelper.r(SourceFile:1)\n\tat com.miui.player.app.n0.run(SourceFile:1)\n\tat com.xiaomi.music.util.PrivacyUtils$OnPrivacyStateChangeListener.a(SourceFile:26)\n\tat com.xiaomi.music.util.PrivacyUtils.onReceive(SourceFile:24)\n\tat android.app.LoadedApk$ReceiverDispatcher$Args.lambda$getRunnable$0(LoadedApk.java:1956)\n\tat android.app.LoadedApk$ReceiverDispatcher$Args.$r8$lambda$gDuJqgxY6Zb-ifyeubKeivTLAwk(Unknown Source:0)\n\tat android.app.LoadedApk$ReceiverDispatcher$Args$$ExternalSyntheticLambda0.run(Unknown Source:2)\n\tat android.os.Handler.handleCallback(Handler.java:958)\n\tat android.os.Handler.dispatchMessage(Handler.java:99)\n\tat android.os.Looper.loopOnce(Looper.java:255)\n\tat android.os.Looper.loop(Looper.java:364)\n\tat android.app.ActivityThread.main(ActivityThread.java:8938)\n\tat java.lang.reflect.Method.invoke(Native Method)\n\tat com.android.internal.os.RuntimeInit$MethodAndArgsCaller.run(RuntimeInit.java:572)\n\tat com.android.internal.os.ZygoteInit.main(ZygoteInit.java:1053)\n",
    "is_privacy": false
},
{
    "type": "log",
    "source": "class",
    "method": "getFirebaseInstanceId",
    "package_name": "com.miui.player",
    "class_name": "com.google.firebase.analytics.FirebaseAnalytics",
    "timestamp": 1728462532656,
    "ref": "com.google.firebase.analytics.FirebaseAnalytics@4601ce",
    "arguments": "{}",
    "stack_trace": "java.lang.Exception\n\tat com.google.firebase.analytics.FirebaseAnalytics.getFirebaseInstanceId(Native Method)\n\tat java.lang.reflect.Method.invoke(Native Method)\n\tat com.google.android.gms.measurement.internal.zzft.zzah(SourceFile:90)\n\tat com.google.android.gms.measurement.internal.zzft.zza(SourceFile:17)\n\tat com.google.android.gms.measurement.internal.zzld.zzc(SourceFile:3)\n\tat com.google.android.gms.measurement.internal.zzld.zzac(SourceFile:8)\n\tat com.google.android.gms.measurement.internal.zzjc.zzak(SourceFile:63)\n\tat com.google.android.gms.measurement.internal.zzjc.zzar(SourceFile:100)\n\tat com.google.android.gms.measurement.internal.zzjc.zza(SourceFile:407)\n\tat com.google.android.gms.measurement.internal.zzjc.zza(SourceFile:3)\n\tat com.google.android.gms.measurement.internal.zzkk.run(SourceFile:6)\n\tat java.util.concurrent.Executors$RunnableAdapter.call(Executors.java:487)\n\tat java.util.concurrent.FutureTask.run(FutureTask.java:290)\n\tat com.google.android.gms.measurement.internal.zzhn.run(SourceFile:49)\n",
    "is_privacy": false
},
{
    "type": "log",
    "source": "class",
    "method": "getInstance",
    "package_name": "com.miui.player",
    "class_name": "com.google.firebase.analytics.FirebaseAnalytics",
    "timestamp": 1728462532739,
    "ref": "<class: com.google.firebase.analytics.FirebaseAnalytics>",
    "arguments": "{\"0\":\"<instance: android.content.Context, $className: com.miui.player.app.MusicApplication>\"}",
    "stack_trace": "java.lang.Exception\n\tat com.google.firebase.analytics.FirebaseAnalytics.getInstance(Native Method)\n\tat java.lang.reflect.Method.invoke(Native Method)\n\tat com.google.android.gms.measurement.internal.zzft.zzah(SourceFile:73)\n\tat com.google.android.gms.measurement.internal.zzft.zza(SourceFile:17)\n\tat com.google.android.gms.measurement.internal.zzld.zzc(SourceFile:3)\n\tat com.google.android.gms.measurement.internal.zzld.zza(SourceFile:111)\n\tat com.google.android.gms.measurement.internal.zzjc.zza(SourceFile:477)\n\tat com.google.android.gms.measurement.internal.zzmv.zzb(SourceFile:77)\n\tat com.google.android.gms.measurement.internal.zzmv.zza(SourceFile:7)\n\tat com.google.android.gms.measurement.internal.zzjc.zzar(SourceFile:109)\n\tat com.google.android.gms.measurement.internal.zzjc.zza(SourceFile:407)\n\tat com.google.android.gms.measurement.internal.zzjc.zza(SourceFile:3)\n\tat com.google.android.gms.measurement.internal.zzkk.run(SourceFile:6)\n\tat java.util.concurrent.Executors$RunnableAdapter.call(Executors.java:487)\n\tat java.util.concurrent.FutureTask.run(FutureTask.java:290)\n\tat com.google.android.gms.measurement.internal.zzhn.run(SourceFile:49)\n",
    "is_privacy": false
},
{
    "type": "log",
    "source": "class",
    "method": "getFirebaseInstanceId",
    "package_name": "com.miui.player",
    "class_name": "com.google.firebase.analytics.FirebaseAnalytics",
    "timestamp": 1728462532742,
    "ref": "com.google.firebase.analytics.FirebaseAnalytics@4601ce",
    "arguments": "{}",
    "stack_trace": "java.lang.Exception\n\tat com.google.firebase.analytics.FirebaseAnalytics.getFirebaseInstanceId(Native Method)\n\tat java.lang.reflect.Method.invoke(Native Method)\n\tat com.google.android.gms.measurement.internal.zzft.zzah(SourceFile:90)\n\tat com.google.android.gms.measurement.internal.zzft.zza(SourceFile:17)\n\tat com.google.android.gms.measurement.internal.zzld.zzc(SourceFile:3)\n\tat com.google.android.gms.measurement.internal.zzld.zza(SourceFile:111)\n\tat com.google.android.gms.measurement.internal.zzjc.zza(SourceFile:477)\n\tat com.google.android.gms.measurement.internal.zzmv.zzb(SourceFile:77)\n\tat com.google.android.gms.measurement.internal.zzmv.zza(SourceFile:7)\n\tat com.google.android.gms.measurement.internal.zzjc.zzar(SourceFile:109)\n\tat com.google.android.gms.measurement.internal.zzjc.zza(SourceFile:407)\n\tat com.google.android.gms.measurement.internal.zzjc.zza(SourceFile:3)\n\tat com.google.android.gms.measurement.internal.zzkk.run(SourceFile:6)\n\tat java.util.concurrent.Executors$RunnableAdapter.call(Executors.java:487)\n\tat java.util.concurrent.FutureTask.run(FutureTask.java:290)\n\tat com.google.android.gms.measurement.internal.zzhn.run(SourceFile:49)\n",
    "is_privacy": false
},
{
    "type": "log",
    "source": "class",
    "method": "getInstance",
    "package_name": "com.miui.player",
    "class_name": "com.google.firebase.analytics.FirebaseAnalytics",
    "timestamp": 1728462532939,
    "ref": "<class: com.google.firebase.analytics.FirebaseAnalytics>",
    "arguments": "{\"0\":\"<instance: android.content.Context, $className: com.miui.player.app.MusicApplication>\"}",
    "stack_trace": "java.lang.Exception\n\tat com.google.firebase.analytics.FirebaseAnalytics.getInstance(Native Method)\n\tat java.lang.reflect.Method.invoke(Native Method)\n\tat com.google.android.gms.measurement.internal.zzft.zzah(SourceFile:73)\n\tat com.google.android.gms.measurement.internal.zzft.zza(SourceFile:17)\n\tat com.google.android.gms.measurement.internal.zzld.zzc(SourceFile:3)\n\tat com.google.android.gms.measurement.internal.zzld.zza(SourceFile:46)\n\tat com.google.android.gms.measurement.internal.zzjc.zza(SourceFile:269)\n\tat com.google.android.gms.measurement.internal.zzjc.zza(SourceFile:142)\n\tat com.google.android.gms.measurement.internal.zzmv.zzb(SourceFile:132)\n\tat com.google.android.gms.measurement.internal.zzmv.zza(SourceFile:7)\n\tat com.google.android.gms.measurement.internal.zzjc.zzar(SourceFile:109)\n\tat com.google.android.gms.measurement.internal.zzjc.zza(SourceFile:407)\n\tat com.google.android.gms.measurement.internal.zzjc.zza(SourceFile:3)\n\tat com.google.android.gms.measurement.internal.zzkk.run(SourceFile:6)\n\tat java.util.concurrent.Executors$RunnableAdapter.call(Executors.java:487)\n\tat java.util.concurrent.FutureTask.run(FutureTask.java:290)\n\tat com.google.android.gms.measurement.internal.zzhn.run(SourceFile:49)\n",
    "is_privacy": false
},
{
    "type": "log",
    "source": "class",
    "method": "getFirebaseInstanceId",
    "package_name": "com.miui.player",
    "class_name": "com.google.firebase.analytics.FirebaseAnalytics",
    "timestamp": 1728462532942,
    "ref": "com.google.firebase.analytics.FirebaseAnalytics@4601ce",
    "arguments": "{}",
    "stack_trace": "java.lang.Exception\n\tat com.google.firebase.analytics.FirebaseAnalytics.getFirebaseInstanceId(Native Method)\n\tat java.lang.reflect.Method.invoke(Native Method)\n\tat com.google.android.gms.measurement.internal.zzft.zzah(SourceFile:90)\n\tat com.google.android.gms.measurement.internal.zzft.zza(SourceFile:17)\n\tat com.google.android.gms.measurement.internal.zzld.zzc(SourceFile:3)\n\tat com.google.android.gms.measurement.internal.zzld.zza(SourceFile:46)\n\tat com.google.android.gms.measurement.internal.zzjc.zza(SourceFile:269)\n\tat com.google.android.gms.measurement.internal.zzjc.zza(SourceFile:142)\n\tat com.google.android.gms.measurement.internal.zzmv.zzb(SourceFile:132)\n\tat com.google.android.gms.measurement.internal.zzmv.zza(SourceFile:7)\n\tat com.google.android.gms.measurement.internal.zzjc.zzar(SourceFile:109)\n\tat com.google.android.gms.measurement.internal.zzjc.zza(SourceFile:407)\n\tat com.google.android.gms.measurement.internal.zzjc.zza(SourceFile:3)\n\tat com.google.android.gms.measurement.internal.zzkk.run(SourceFile:6)\n\tat java.util.concurrent.Executors$RunnableAdapter.call(Executors.java:487)\n\tat java.util.concurrent.FutureTask.run(FutureTask.java:290)\n\tat com.google.android.gms.measurement.internal.zzhn.run(SourceFile:49)\n",
    "is_privacy": false
},
{
    "type": "log",
    "source": "class",
    "method": "logEvent",
    "package_name": "com.miui.player",
    "class_name": "com.google.firebase.analytics.FirebaseAnalytics",
    "timestamp": 1728462533052,
    "ref": "com.google.firebase.analytics.FirebaseAnalytics@4601ce",
    "arguments": "{\"0\":\"account_playlist\",\"1\":\"<instance: android.os.Bundle>\"}",
    "stack_trace": "java.lang.Exception\n\tat com.google.firebase.analytics.FirebaseAnalytics.logEvent(Native Method)\n\tat com.xiaomi.music.stat.FirebaseEvent.b(SourceFile:46)\n\tat com.xiaomi.music.util.MusicTrackEvent.f(SourceFile:85)\n\tat com.xiaomi.music.util.MusicTrackEvent.e(SourceFile:77)\n\tat com.xiaomi.music.util.MusicTrackEvent.d(SourceFile:9)\n\tat com.miui.player.display.loader.builder.SongGroupLoader$2.a(SourceFile:32)\n\tat com.miui.player.display.loader.builder.SongGroupLoader$2.invoke(SourceFile:3)\n\tat com.miui.player.display.loader.builder.DBLoaderBuilder$2.a(SourceFile:19)\n\tat com.miui.player.display.loader.builder.DBLoaderBuilder$2.parse(SourceFile:3)\n\tat com.xiaomi.music.parser.Parsers$ChainParser.parse(SourceFile:3)\n\tat com.xiaomi.music.parser.IQuery$Transform$2.h(SourceFile:10)\n\tat com.miui.player.display.loader.DBLoader.s(SourceFile:3)\n\tat com.miui.player.display.loader.builder.AbsLocalLoader$1.d(SourceFile:15)\n\tat com.miui.player.display.loader.builder.AbsLocalLoader$1.doInBackground(SourceFile:3)\n\tat com.xiaomi.music.util.AsyncTaskExecutor$LightAsyncTask$1.run(SourceFile:30)\n\tat java.util.concurrent.ThreadPoolExecutor.runWorker(ThreadPoolExecutor.java:1145)\n\tat java.util.concurrent.ThreadPoolExecutor$Worker.run(ThreadPoolExecutor.java:644)\n\tat java.lang.Thread.run(Thread.java:1012)\n",
    "is_privacy": false
},
{
    "type": "log",
    "source": "class",
    "method": "getInstance",
    "package_name": "com.miui.player",
    "class_name": "com.google.firebase.analytics.FirebaseAnalytics",
    "timestamp": 1728462533067,
    "ref": "<class: com.google.firebase.analytics.FirebaseAnalytics>",
    "arguments": "{\"0\":\"<instance: android.content.Context, $className: com.miui.player.app.MusicApplication>\"}",
    "stack_trace": "java.lang.Exception\n\tat com.google.firebase.analytics.FirebaseAnalytics.getInstance(Native Method)\n\tat java.lang.reflect.Method.invoke(Native Method)\n\tat com.google.android.gms.measurement.internal.zzft.zzah(SourceFile:73)\n\tat com.google.android.gms.measurement.internal.zzft.zza(SourceFile:17)\n\tat com.google.android.gms.measurement.internal.zzld.zzc(SourceFile:3)\n\tat com.google.android.gms.measurement.internal.zzld.zza(SourceFile:46)\n\tat com.google.android.gms.measurement.internal.zzjc.zza(SourceFile:269)\n\tat com.google.android.gms.measurement.internal.zzjt.run(SourceFile:19)\n\tat java.util.concurrent.Executors$RunnableAdapter.call(Executors.java:487)\n\tat java.util.concurrent.FutureTask.run(FutureTask.java:290)\n\tat com.google.android.gms.measurement.internal.zzhn.run(SourceFile:49)\n",
    "is_privacy": false
},
{
    "type": "log",
    "source": "class",
    "method": "getFirebaseInstanceId",
    "package_name": "com.miui.player",
    "class_name": "com.google.firebase.analytics.FirebaseAnalytics",
    "timestamp": 1728462533070,
    "ref": "com.google.firebase.analytics.FirebaseAnalytics@4601ce",
    "arguments": "{}",
    "stack_trace": "java.lang.Exception\n\tat com.google.firebase.analytics.FirebaseAnalytics.getFirebaseInstanceId(Native Method)\n\tat java.lang.reflect.Method.invoke(Native Method)\n\tat com.google.android.gms.measurement.internal.zzft.zzah(SourceFile:90)\n\tat com.google.android.gms.measurement.internal.zzft.zza(SourceFile:17)\n\tat com.google.android.gms.measurement.internal.zzld.zzc(SourceFile:3)\n\tat com.google.android.gms.measurement.internal.zzld.zza(SourceFile:46)\n\tat com.google.android.gms.measurement.internal.zzjc.zza(SourceFile:269)\n\tat com.google.android.gms.measurement.internal.zzjt.run(SourceFile:19)\n\tat java.util.concurrent.Executors$RunnableAdapter.call(Executors.java:487)\n\tat java.util.concurrent.FutureTask.run(FutureTask.java:290)\n\tat com.google.android.gms.measurement.internal.zzhn.run(SourceFile:49)\n",
    "is_privacy": false
},
{
    "type": "log",
    "source": "class",
    "method": "getInstance",
    "package_name": "com.miui.player",
    "class_name": "com.google.firebase.analytics.FirebaseAnalytics",
    "timestamp": 1728462533113,
    "ref": "<class: com.google.firebase.analytics.FirebaseAnalytics>",
    "arguments": "{\"0\":\"<instance: android.content.Context, $className: com.miui.player.app.MusicApplication>\"}",
    "stack_trace": "java.lang.Exception\n\tat com.google.firebase.analytics.FirebaseAnalytics.getInstance(Native Method)\n\tat java.lang.reflect.Method.invoke(Native Method)\n\tat com.google.android.gms.measurement.internal.zzft.zzah(SourceFile:73)\n\tat com.google.android.gms.measurement.internal.zzft.zza(SourceFile:17)\n\tat com.google.android.gms.measurement.internal.zzld.zzc(SourceFile:3)\n\tat com.google.android.gms.measurement.internal.zzld.zza(SourceFile:46)\n\tat com.google.android.gms.measurement.internal.zzjc.zza(SourceFile:269)\n\tat com.google.android.gms.measurement.internal.zzjc.zza(SourceFile:142)\n\tat com.google.android.gms.measurement.internal.zzjc.zzc(SourceFile:4)\n\tat com.google.android.gms.measurement.internal.zzmt.zza(SourceFile:21)\n\tat com.google.android.gms.measurement.internal.zzmn.zza(SourceFile:10)\n\tat com.google.android.gms.measurement.internal.zzky.zza(SourceFile:64)\n\tat com.google.android.gms.measurement.internal.zzky.zza(SourceFile:4)\n\tat com.google.android.gms.measurement.internal.zzlb.run(SourceFile:8)\n\tat java.util.concurrent.Executors$RunnableAdapter.call(Executors.java:487)\n\tat java.util.concurrent.FutureTask.run(FutureTask.java:290)\n\tat com.google.android.gms.measurement.internal.zzhn.run(SourceFile:49)\n",
    "is_privacy": false
},
{
    "type": "log",
    "source": "class",
    "method": "getFirebaseInstanceId",
    "package_name": "com.miui.player",
    "class_name": "com.google.firebase.analytics.FirebaseAnalytics",
    "timestamp": 1728462533116,
    "ref": "com.google.firebase.analytics.FirebaseAnalytics@4601ce",
    "arguments": "{}",
    "stack_trace": "java.lang.Exception\n\tat com.google.firebase.analytics.FirebaseAnalytics.getFirebaseInstanceId(Native Method)\n\tat java.lang.reflect.Method.invoke(Native Method)\n\tat com.google.android.gms.measurement.internal.zzft.zzah(SourceFile:90)\n\tat com.google.android.gms.measurement.internal.zzft.zza(SourceFile:17)\n\tat com.google.android.gms.measurement.internal.zzld.zzc(SourceFile:3)\n\tat com.google.android.gms.measurement.internal.zzld.zza(SourceFile:46)\n\tat com.google.android.gms.measurement.internal.zzjc.zza(SourceFile:269)\n\tat com.google.android.gms.measurement.internal.zzjc.zza(SourceFile:142)\n\tat com.google.android.gms.measurement.internal.zzjc.zzc(SourceFile:4)\n\tat com.google.android.gms.measurement.internal.zzmt.zza(SourceFile:21)\n\tat com.google.android.gms.measurement.internal.zzmn.zza(SourceFile:10)\n\tat com.google.android.gms.measurement.internal.zzky.zza(SourceFile:64)\n\tat com.google.android.gms.measurement.internal.zzky.zza(SourceFile:4)\n\tat com.google.android.gms.measurement.internal.zzlb.run(SourceFile:8)\n\tat java.util.concurrent.Executors$RunnableAdapter.call(Executors.java:487)\n\tat java.util.concurrent.FutureTask.run(FutureTask.java:290)\n\tat com.google.android.gms.measurement.internal.zzhn.run(SourceFile:49)\n",
    "is_privacy": false
},
{
    "type": "log",
    "source": "class",
    "method": "setTagForUnderAgeOfConsent",
    "package_name": "com.miui.player",
    "class_name": "com.google.android.ump.ConsentRequestParameters$Builder",
    "timestamp": 1728462533136,
    "ref": "com.google.android.ump.ConsentRequestParameters$Builder@32afd9f",
    "arguments": "{\"0\":false}",
    "stack_trace": "java.lang.Exception\n\tat com.google.android.ump.ConsentRequestParameters$Builder.setTagForUnderAgeOfConsent(Native Method)\n\tat com.zeus.gmc.sdk.mobileads.columbus.cmpLib.CMPConsent.loadMessage(Unknown Source:23)\n\tat com.zeus.gmc.sdk.mobileads.columbus.cmpLib.CMPLib.onResume(SourceFile:56)\n\tat com.miui.player.ui.MusicActivity.onResume(SourceFile:177)\n\tat android.app.Instrumentation.callActivityOnResume(Instrumentation.java:1622)\n\tat android.app.Activity.performResume(Activity.java:8939)\n\tat android.app.ActivityThread.performResumeActivity(ActivityThread.java:5339)\n\tat android.app.ActivityThread.handleResumeActivity(ActivityThread.java:5400)\n\tat android.app.servertransaction.ResumeActivityItem.execute(ResumeActivityItem.java:64)\n\tat android.app.servertransaction.ActivityTransactionItem.execute(ActivityTransactionItem.java:45)\n\tat android.app.servertransaction.TransactionExecutor.executeLifecycleState(TransactionExecutor.java:185)\n\tat android.app.servertransaction.TransactionExecutor.execute(TransactionExecutor.java:103)\n\tat android.app.ActivityThread$H.handleMessage(ActivityThread.java:2705)\n\tat android.os.Handler.dispatchMessage(Handler.java:106)\n\tat android.os.Looper.loopOnce(Looper.java:255)\n\tat android.os.Looper.loop(Looper.java:364)\n\tat android.app.ActivityThread.main(ActivityThread.java:8938)\n\tat java.lang.reflect.Method.invoke(Native Method)\n\tat com.android.internal.os.RuntimeInit$MethodAndArgsCaller.run(RuntimeInit.java:572)\n\tat com.android.internal.os.ZygoteInit.main(ZygoteInit.java:1053)\n",
    "is_privacy": true
},
{
    "type": "log",
    "source": "class",
    "method": "build",
    "package_name": "com.miui.player",
    "class_name": "com.google.android.ump.ConsentRequestParameters$Builder",
    "timestamp": 1728462533140,
    "ref": "com.google.android.ump.ConsentRequestParameters$Builder@32afd9f",
    "arguments": "{}",
    "stack_trace": "java.lang.Exception\n\tat com.google.android.ump.ConsentRequestParameters$Builder.build(Native Method)\n\tat com.zeus.gmc.sdk.mobileads.columbus.cmpLib.CMPConsent.loadMessage(Unknown Source:27)\n\tat com.zeus.gmc.sdk.mobileads.columbus.cmpLib.CMPLib.onResume(SourceFile:56)\n\tat com.miui.player.ui.MusicActivity.onResume(SourceFile:177)\n\tat android.app.Instrumentation.callActivityOnResume(Instrumentation.java:1622)\n\tat android.app.Activity.performResume(Activity.java:8939)\n\tat android.app.ActivityThread.performResumeActivity(ActivityThread.java:5339)\n\tat android.app.ActivityThread.handleResumeActivity(ActivityThread.java:5400)\n\tat android.app.servertransaction.ResumeActivityItem.execute(ResumeActivityItem.java:64)\n\tat android.app.servertransaction.ActivityTransactionItem.execute(ActivityTransactionItem.java:45)\n\tat android.app.servertransaction.TransactionExecutor.executeLifecycleState(TransactionExecutor.java:185)\n\tat android.app.servertransaction.TransactionExecutor.execute(TransactionExecutor.java:103)\n\tat android.app.ActivityThread$H.handleMessage(ActivityThread.java:2705)\n\tat android.os.Handler.dispatchMessage(Handler.java:106)\n\tat android.os.Looper.loopOnce(Looper.java:255)\n\tat android.os.Looper.loop(Looper.java:364)\n\tat android.app.ActivityThread.main(ActivityThread.java:8938)\n\tat java.lang.reflect.Method.invoke(Native Method)\n\tat com.android.internal.os.RuntimeInit$MethodAndArgsCaller.run(RuntimeInit.java:572)\n\tat com.android.internal.os.ZygoteInit.main(ZygoteInit.java:1053)\n",
    "is_privacy": false
},
{
    "type": "log",
    "source": "class",
    "method": "zzc",
    "package_name": "com.miui.player",
    "class_name": "com.google.android.ump.ConsentRequestParameters$Builder",
    "timestamp": 1728462533142,
    "ref": "<class: com.google.android.ump.ConsentRequestParameters$Builder>",
    "arguments": "{\"0\":\"<instance: com.google.android.ump.ConsentRequestParameters$Builder>\"}",
    "stack_trace": "java.lang.Exception\n\tat com.google.android.ump.ConsentRequestParameters$Builder.zzc(Native Method)\n\tat com.google.android.ump.ConsentRequestParameters.<init>(Unknown Source:3)\n\tat com.google.android.ump.ConsentRequestParameters$Builder.build(Unknown Source:3)\n\tat com.google.android.ump.ConsentRequestParameters$Builder.build(Native Method)\n\tat com.zeus.gmc.sdk.mobileads.columbus.cmpLib.CMPConsent.loadMessage(Unknown Source:27)\n\tat com.zeus.gmc.sdk.mobileads.columbus.cmpLib.CMPLib.onResume(SourceFile:56)\n\tat com.miui.player.ui.MusicActivity.onResume(SourceFile:177)\n\tat android.app.Instrumentation.callActivityOnResume(Instrumentation.java:1622)\n\tat android.app.Activity.performResume(Activity.java:8939)\n\tat android.app.ActivityThread.performResumeActivity(ActivityThread.java:5339)\n\tat android.app.ActivityThread.handleResumeActivity(ActivityThread.java:5400)\n\tat android.app.servertransaction.ResumeActivityItem.execute(ResumeActivityItem.java:64)\n\tat android.app.servertransaction.ActivityTransactionItem.execute(ActivityTransactionItem.java:45)\n\tat android.app.servertransaction.TransactionExecutor.executeLifecycleState(TransactionExecutor.java:185)\n\tat android.app.servertransaction.TransactionExecutor.execute(TransactionExecutor.java:103)\n\tat android.app.ActivityThread$H.handleMessage(ActivityThread.java:2705)\n\tat android.os.Handler.dispatchMessage(Handler.java:106)\n\tat android.os.Looper.loopOnce(Looper.java:255)\n\tat android.os.Looper.loop(Looper.java:364)\n\tat android.app.ActivityThread.main(ActivityThread.java:8938)\n\tat java.lang.reflect.Method.invoke(Native Method)\n\tat com.android.internal.os.RuntimeInit$MethodAndArgsCaller.run(RuntimeInit.java:572)\n\tat com.android.internal.os.ZygoteInit.main(ZygoteInit.java:1053)\n",
    "is_privacy": false
},
{
    "type": "log",
    "source": "class",
    "method": "zzb",
    "package_name": "com.miui.player",
    "class_name": "com.google.android.ump.ConsentRequestParameters$Builder",
    "timestamp": 1728462533146,
    "ref": "<class: com.google.android.ump.ConsentRequestParameters$Builder>",
    "arguments": "{\"0\":\"<instance: com.google.android.ump.ConsentRequestParameters$Builder>\"}",
    "stack_trace": "java.lang.Exception\n\tat com.google.android.ump.ConsentRequestParameters$Builder.zzb(Native Method)\n\tat com.google.android.ump.ConsentRequestParameters.<init>(Unknown Source:9)\n\tat com.google.android.ump.ConsentRequestParameters$Builder.build(Unknown Source:3)\n\tat com.google.android.ump.ConsentRequestParameters$Builder.build(Native Method)\n\tat com.zeus.gmc.sdk.mobileads.columbus.cmpLib.CMPConsent.loadMessage(Unknown Source:27)\n\tat com.zeus.gmc.sdk.mobileads.columbus.cmpLib.CMPLib.onResume(SourceFile:56)\n\tat com.miui.player.ui.MusicActivity.onResume(SourceFile:177)\n\tat android.app.Instrumentation.callActivityOnResume(Instrumentation.java:1622)\n\tat android.app.Activity.performResume(Activity.java:8939)\n\tat android.app.ActivityThread.performResumeActivity(ActivityThread.java:5339)\n\tat android.app.ActivityThread.handleResumeActivity(ActivityThread.java:5400)\n\tat android.app.servertransaction.ResumeActivityItem.execute(ResumeActivityItem.java:64)\n\tat android.app.servertransaction.ActivityTransactionItem.execute(ActivityTransactionItem.java:45)\n\tat android.app.servertransaction.TransactionExecutor.executeLifecycleState(TransactionExecutor.java:185)\n\tat android.app.servertransaction.TransactionExecutor.execute(TransactionExecutor.java:103)\n\tat android.app.ActivityThread$H.handleMessage(ActivityThread.java:2705)\n\tat android.os.Handler.dispatchMessage(Handler.java:106)\n\tat android.os.Looper.loopOnce(Looper.java:255)\n\tat android.os.Looper.loop(Looper.java:364)\n\tat android.app.ActivityThread.main(ActivityThread.java:8938)\n\tat java.lang.reflect.Method.invoke(Native Method)\n\tat com.android.internal.os.RuntimeInit$MethodAndArgsCaller.run(RuntimeInit.java:572)\n\tat com.android.internal.os.ZygoteInit.main(ZygoteInit.java:1053)\n",
    "is_privacy": false
},
{
    "type": "log",
    "source": "class",
    "method": "zza",
    "package_name": "com.miui.player",
    "class_name": "com.google.android.ump.ConsentRequestParameters$Builder",
    "timestamp": 1728462533149,
    "ref": "<class: com.google.android.ump.ConsentRequestParameters$Builder>",
    "arguments": "{\"0\":\"<instance: com.google.android.ump.ConsentRequestParameters$Builder>\"}",
    "stack_trace": "java.lang.Exception\n\tat com.google.android.ump.ConsentRequestParameters$Builder.zza(Native Method)\n\tat com.google.android.ump.ConsentRequestParameters.<init>(Unknown Source:15)\n\tat com.google.android.ump.ConsentRequestParameters$Builder.build(Unknown Source:3)\n\tat com.google.android.ump.ConsentRequestParameters$Builder.build(Native Method)\n\tat com.zeus.gmc.sdk.mobileads.columbus.cmpLib.CMPConsent.loadMessage(Unknown Source:27)\n\tat com.zeus.gmc.sdk.mobileads.columbus.cmpLib.CMPLib.onResume(SourceFile:56)\n\tat com.miui.player.ui.MusicActivity.onResume(SourceFile:177)\n\tat android.app.Instrumentation.callActivityOnResume(Instrumentation.java:1622)\n\tat android.app.Activity.performResume(Activity.java:8939)\n\tat android.app.ActivityThread.performResumeActivity(ActivityThread.java:5339)\n\tat android.app.ActivityThread.handleResumeActivity(ActivityThread.java:5400)\n\tat android.app.servertransaction.ResumeActivityItem.execute(ResumeActivityItem.java:64)\n\tat android.app.servertransaction.ActivityTransactionItem.execute(ActivityTransactionItem.java:45)\n\tat android.app.servertransaction.TransactionExecutor.executeLifecycleState(TransactionExecutor.java:185)\n\tat android.app.servertransaction.TransactionExecutor.execute(TransactionExecutor.java:103)\n\tat android.app.ActivityThread$H.handleMessage(ActivityThread.java:2705)\n\tat android.os.Handler.dispatchMessage(Handler.java:106)\n\tat android.os.Looper.loopOnce(Looper.java:255)\n\tat android.os.Looper.loop(Looper.java:364)\n\tat android.app.ActivityThread.main(ActivityThread.java:8938)\n\tat java.lang.reflect.Method.invoke(Native Method)\n\tat com.android.internal.os.RuntimeInit$MethodAndArgsCaller.run(RuntimeInit.java:572)\n\tat com.android.internal.os.ZygoteInit.main(ZygoteInit.java:1053)\n",
    "is_privacy": false
},
{
    "type": "log",
    "source": "class",
    "method": "getConsentInformation",
    "package_name": "com.miui.player",
    "class_name": "com.google.android.ump.UserMessagingPlatform",
    "timestamp": 1728462533152,
    "ref": "<class: com.google.android.ump.UserMessagingPlatform>",
    "arguments": "{\"0\":\"<instance: android.content.Context, $className: com.miui.player.ui.MusicActivity>\"}",
    "stack_trace": "java.lang.Exception\n\tat com.google.android.ump.UserMessagingPlatform.getConsentInformation(Native Method)\n\tat com.zeus.gmc.sdk.mobileads.columbus.cmpLib.CMPConsent.loadMessage(Unknown Source:37)\n\tat com.zeus.gmc.sdk.mobileads.columbus.cmpLib.CMPLib.onResume(SourceFile:56)\n\tat com.miui.player.ui.MusicActivity.onResume(SourceFile:177)\n\tat android.app.Instrumentation.callActivityOnResume(Instrumentation.java:1622)\n\tat android.app.Activity.performResume(Activity.java:8939)\n\tat android.app.ActivityThread.performResumeActivity(ActivityThread.java:5339)\n\tat android.app.ActivityThread.handleResumeActivity(ActivityThread.java:5400)\n\tat android.app.servertransaction.ResumeActivityItem.execute(ResumeActivityItem.java:64)\n\tat android.app.servertransaction.ActivityTransactionItem.execute(ActivityTransactionItem.java:45)\n\tat android.app.servertransaction.TransactionExecutor.executeLifecycleState(TransactionExecutor.java:185)\n\tat android.app.servertransaction.TransactionExecutor.execute(TransactionExecutor.java:103)\n\tat android.app.ActivityThread$H.handleMessage(ActivityThread.java:2705)\n\tat android.os.Handler.dispatchMessage(Handler.java:106)\n\tat android.os.Looper.loopOnce(Looper.java:255)\n\tat android.os.Looper.loop(Looper.java:364)\n\tat android.app.ActivityThread.main(ActivityThread.java:8938)\n\tat java.lang.reflect.Method.invoke(Native Method)\n\tat com.android.internal.os.RuntimeInit$MethodAndArgsCaller.run(RuntimeInit.java:572)\n\tat com.android.internal.os.ZygoteInit.main(ZygoteInit.java:1053)\n",
    "is_privacy": false
},
{
    "type": "log",
    "source": "class",
    "method": "build",
    "package_name": "com.miui.player",
    "class_name": "com.google.android.ump.ConsentRequestParameters$Builder",
    "timestamp": 1728462533158,
    "ref": "com.google.android.ump.ConsentRequestParameters$Builder@3222033",
    "arguments": "{}",
    "stack_trace": "java.lang.Exception\n\tat com.google.android.ump.ConsentRequestParameters$Builder.build(Native Method)\n\tat com.google.android.gms.internal.consent_sdk.zzl.<init>(Unknown Source:27)\n\tat com.google.android.gms.internal.consent_sdk.zzm.zzb(SourceFile:27)\n\tat com.google.android.gms.internal.consent_sdk.zzdn.zzb(SourceFile:14)\n\tat com.google.android.gms.internal.consent_sdk.zzaj.zzb(SourceFile:3)\n\tat com.google.android.ump.UserMessagingPlatform.getConsentInformation(SourceFile:5)\n\tat com.google.android.ump.UserMessagingPlatform.getConsentInformation(Native Method)\n\tat com.zeus.gmc.sdk.mobileads.columbus.cmpLib.CMPConsent.loadMessage(Unknown Source:37)\n\tat com.zeus.gmc.sdk.mobileads.columbus.cmpLib.CMPLib.onResume(SourceFile:56)\n\tat com.miui.player.ui.MusicActivity.onResume(SourceFile:177)\n\tat android.app.Instrumentation.callActivityOnResume(Instrumentation.java:1622)\n\tat android.app.Activity.performResume(Activity.java:8939)\n\tat android.app.ActivityThread.performResumeActivity(ActivityThread.java:5339)\n\tat android.app.ActivityThread.handleResumeActivity(ActivityThread.java:5400)\n\tat android.app.servertransaction.ResumeActivityItem.execute(ResumeActivityItem.java:64)\n\tat android.app.servertransaction.ActivityTransactionItem.execute(ActivityTransactionItem.java:45)\n\tat android.app.servertransaction.TransactionExecutor.executeLifecycleState(TransactionExecutor.java:185)\n\tat android.app.servertransaction.TransactionExecutor.execute(TransactionExecutor.java:103)\n\tat android.app.ActivityThread$H.handleMessage(ActivityThread.java:2705)\n\tat android.os.Handler.dispatchMessage(Handler.java:106)\n\tat android.os.Looper.loopOnce(Looper.java:255)\n\tat android.os.Looper.loop(Looper.java:364)\n\tat android.app.ActivityThread.main(ActivityThread.java:8938)\n\tat java.lang.reflect.Method.invoke(Native Method)\n\tat com.android.internal.os.RuntimeInit$MethodAndArgsCaller.run(RuntimeInit.java:572)\n\tat com.android.internal.os.ZygoteInit.main(ZygoteInit.java:1053)\n",
    "is_privacy": false
},
{
    "type": "log",
    "source": "class",
    "method": "zzc",
    "package_name": "com.miui.player",
    "class_name": "com.google.android.ump.ConsentRequestParameters$Builder",
    "timestamp": 1728462533162,
    "ref": "<class: com.google.android.ump.ConsentRequestParameters$Builder>",
    "arguments": "{\"0\":\"<instance: com.google.android.ump.ConsentRequestParameters$Builder>\"}",
    "stack_trace": "java.lang.Exception\n\tat com.google.android.ump.ConsentRequestParameters$Builder.zzc(Native Method)\n\tat com.google.android.ump.ConsentRequestParameters.<init>(Unknown Source:3)\n\tat com.google.android.ump.ConsentRequestParameters$Builder.build(Unknown Source:3)\n\tat com.google.android.ump.ConsentRequestParameters$Builder.build(Native Method)\n\tat com.google.android.gms.internal.consent_sdk.zzl.<init>(Unknown Source:27)\n\tat com.google.android.gms.internal.consent_sdk.zzm.zzb(SourceFile:27)\n\tat com.google.android.gms.internal.consent_sdk.zzdn.zzb(SourceFile:14)\n\tat com.google.android.gms.internal.consent_sdk.zzaj.zzb(SourceFile:3)\n\tat com.google.android.ump.UserMessagingPlatform.getConsentInformation(SourceFile:5)\n\tat com.google.android.ump.UserMessagingPlatform.getConsentInformation(Native Method)\n\tat com.zeus.gmc.sdk.mobileads.columbus.cmpLib.CMPConsent.loadMessage(Unknown Source:37)\n\tat com.zeus.gmc.sdk.mobileads.columbus.cmpLib.CMPLib.onResume(SourceFile:56)\n\tat com.miui.player.ui.MusicActivity.onResume(SourceFile:177)\n\tat android.app.Instrumentation.callActivityOnResume(Instrumentation.java:1622)\n\tat android.app.Activity.performResume(Activity.java:8939)\n\tat android.app.ActivityThread.performResumeActivity(ActivityThread.java:5339)\n\tat android.app.ActivityThread.handleResumeActivity(ActivityThread.java:5400)\n\tat android.app.servertransaction.ResumeActivityItem.execute(ResumeActivityItem.java:64)\n\tat android.app.servertransaction.ActivityTransactionItem.execute(ActivityTransactionItem.java:45)\n\tat android.app.servertransaction.TransactionExecutor.executeLifecycleState(TransactionExecutor.java:185)\n\tat android.app.servertransaction.TransactionExecutor.execute(TransactionExecutor.java:103)\n\tat android.app.ActivityThread$H.handleMessage(ActivityThread.java:2705)\n\tat android.os.Handler.dispatchMessage(Handler.java:106)\n\tat android.os.Looper.loopOnce(Looper.java:255)\n\tat android.os.Looper.loop(Looper.java:364)\n\tat android.app.ActivityThread.main(ActivityThread.java:8938)\n\tat java.lang.reflect.Method.invoke(Native Method)\n\tat com.android.internal.os.RuntimeInit$MethodAndArgsCaller.run(RuntimeInit.java:572)\n\tat com.android.internal.os.ZygoteInit.main(ZygoteInit.java:1053)\n",
    "is_privacy": false
},
{
    "type": "log",
    "source": "class",
    "method": "zzb",
    "package_name": "com.miui.player",
    "class_name": "com.google.android.ump.ConsentRequestParameters$Builder",
    "timestamp": 1728462533166,
    "ref": "<class: com.google.android.ump.ConsentRequestParameters$Builder>",
    "arguments": "{\"0\":\"<instance: com.google.android.ump.ConsentRequestParameters$Builder>\"}",
    "stack_trace": "java.lang.Exception\n\tat com.google.android.ump.ConsentRequestParameters$Builder.zzb(Native Method)\n\tat com.google.android.ump.ConsentRequestParameters.<init>(Unknown Source:9)\n\tat com.google.android.ump.ConsentRequestParameters$Builder.build(Unknown Source:3)\n\tat com.google.android.ump.ConsentRequestParameters$Builder.build(Native Method)\n\tat com.google.android.gms.internal.consent_sdk.zzl.<init>(Unknown Source:27)\n\tat com.google.android.gms.internal.consent_sdk.zzm.zzb(SourceFile:27)\n\tat com.google.android.gms.internal.consent_sdk.zzdn.zzb(SourceFile:14)\n\tat com.google.android.gms.internal.consent_sdk.zzaj.zzb(SourceFile:3)\n\tat com.google.android.ump.UserMessagingPlatform.getConsentInformation(SourceFile:5)\n\tat com.google.android.ump.UserMessagingPlatform.getConsentInformation(Native Method)\n\tat com.zeus.gmc.sdk.mobileads.columbus.cmpLib.CMPConsent.loadMessage(Unknown Source:37)\n\tat com.zeus.gmc.sdk.mobileads.columbus.cmpLib.CMPLib.onResume(SourceFile:56)\n\tat com.miui.player.ui.MusicActivity.onResume(SourceFile:177)\n\tat android.app.Instrumentation.callActivityOnResume(Instrumentation.java:1622)\n\tat android.app.Activity.performResume(Activity.java:8939)\n\tat android.app.ActivityThread.performResumeActivity(ActivityThread.java:5339)\n\tat android.app.ActivityThread.handleResumeActivity(ActivityThread.java:5400)\n\tat android.app.servertransaction.ResumeActivityItem.execute(ResumeActivityItem.java:64)\n\tat android.app.servertransaction.ActivityTransactionItem.execute(ActivityTransactionItem.java:45)\n\tat android.app.servertransaction.TransactionExecutor.executeLifecycleState(TransactionExecutor.java:185)\n\tat android.app.servertransaction.TransactionExecutor.execute(TransactionExecutor.java:103)\n\tat android.app.ActivityThread$H.handleMessage(ActivityThread.java:2705)\n\tat android.os.Handler.dispatchMessage(Handler.java:106)\n\tat android.os.Looper.loopOnce(Looper.java:255)\n\tat android.os.Looper.loop(Looper.java:364)\n\tat android.app.ActivityThread.main(ActivityThread.java:8938)\n\tat java.lang.reflect.Method.invoke(Native Method)\n\tat com.android.internal.os.RuntimeInit$MethodAndArgsCaller.run(RuntimeInit.java:572)\n\tat com.android.internal.os.ZygoteInit.main(ZygoteInit.java:1053)\n",
    "is_privacy": false
},
{
    "type": "log",
    "source": "class",
    "method": "zza",
    "package_name": "com.miui.player",
    "class_name": "com.google.android.ump.ConsentRequestParameters$Builder",
    "timestamp": 1728462533170,
    "ref": "<class: com.google.android.ump.ConsentRequestParameters$Builder>",
    "arguments": "{\"0\":\"<instance: com.google.android.ump.ConsentRequestParameters$Builder>\"}",
    "stack_trace": "java.lang.Exception\n\tat com.google.android.ump.ConsentRequestParameters$Builder.zza(Native Method)\n\tat com.google.android.ump.ConsentRequestParameters.<init>(Unknown Source:15)\n\tat com.google.android.ump.ConsentRequestParameters$Builder.build(Unknown Source:3)\n\tat com.google.android.ump.ConsentRequestParameters$Builder.build(Native Method)\n\tat com.google.android.gms.internal.consent_sdk.zzl.<init>(Unknown Source:27)\n\tat com.google.android.gms.internal.consent_sdk.zzm.zzb(SourceFile:27)\n\tat com.google.android.gms.internal.consent_sdk.zzdn.zzb(SourceFile:14)\n\tat com.google.android.gms.internal.consent_sdk.zzaj.zzb(SourceFile:3)\n\tat com.google.android.ump.UserMessagingPlatform.getConsentInformation(SourceFile:5)\n\tat com.google.android.ump.UserMessagingPlatform.getConsentInformation(Native Method)\n\tat com.zeus.gmc.sdk.mobileads.columbus.cmpLib.CMPConsent.loadMessage(Unknown Source:37)\n\tat com.zeus.gmc.sdk.mobileads.columbus.cmpLib.CMPLib.onResume(SourceFile:56)\n\tat com.miui.player.ui.MusicActivity.onResume(SourceFile:177)\n\tat android.app.Instrumentation.callActivityOnResume(Instrumentation.java:1622)\n\tat android.app.Activity.performResume(Activity.java:8939)\n\tat android.app.ActivityThread.performResumeActivity(ActivityThread.java:5339)\n\tat android.app.ActivityThread.handleResumeActivity(ActivityThread.java:5400)\n\tat android.app.servertransaction.ResumeActivityItem.execute(ResumeActivityItem.java:64)\n\tat android.app.servertransaction.ActivityTransactionItem.execute(ActivityTransactionItem.java:45)\n\tat android.app.servertransaction.TransactionExecutor.executeLifecycleState(TransactionExecutor.java:185)\n\tat android.app.servertransaction.TransactionExecutor.execute(TransactionExecutor.java:103)\n\tat android.app.ActivityThread$H.handleMessage(ActivityThread.java:2705)\n\tat android.os.Handler.dispatchMessage(Handler.java:106)\n\tat android.os.Looper.loopOnce(Looper.java:255)\n\tat android.os.Looper.loop(Looper.java:364)\n\tat android.app.ActivityThread.main(ActivityThread.java:8938)\n\tat java.lang.reflect.Method.invoke(Native Method)\n\tat com.android.internal.os.RuntimeInit$MethodAndArgsCaller.run(RuntimeInit.java:572)\n\tat com.android.internal.os.ZygoteInit.main(ZygoteInit.java:1053)\n",
    "is_privacy": false
},
{
    "type": "log",
    "source": "class",
    "method": "getConsentDebugSettings",
    "package_name": "com.miui.player",
    "class_name": "com.google.android.ump.ConsentRequestParameters",
    "timestamp": 1728462533175,
    "ref": "com.google.android.ump.ConsentRequestParameters@a578cfa",
    "arguments": "{}",
    "stack_trace": "java.lang.Exception\n\tat com.google.android.ump.ConsentRequestParameters.getConsentDebugSettings(Native Method)\n\tat com.google.android.gms.internal.consent_sdk.zzx.zzb(SourceFile:1)\n\tat com.google.android.gms.internal.consent_sdk.zzw.run(Unknown Source:10)\n\tat java.util.concurrent.ThreadPoolExecutor.runWorker(ThreadPoolExecutor.java:1145)\n\tat java.util.concurrent.ThreadPoolExecutor$Worker.run(ThreadPoolExecutor.java:644)\n\tat java.lang.Thread.run(Thread.java:1012)\n",
    "is_privacy": false
},
{
    "type": "log",
    "source": "class",
    "method": "getConsentDebugSettings",
    "package_name": "com.miui.player",
    "class_name": "com.google.android.ump.ConsentRequestParameters",
    "timestamp": 1728462533181,
    "ref": "com.google.android.ump.ConsentRequestParameters@a578cfa",
    "arguments": "{}",
    "stack_trace": "java.lang.Exception\n\tat com.google.android.ump.ConsentRequestParameters.getConsentDebugSettings(Native Method)\n\tat com.google.android.gms.internal.consent_sdk.zzn.zzd(SourceFile:1)\n\tat com.google.android.gms.internal.consent_sdk.zzx.zzb(SourceFile:53)\n\tat com.google.android.gms.internal.consent_sdk.zzw.run(Unknown Source:10)\n\tat java.util.concurrent.ThreadPoolExecutor.runWorker(ThreadPoolExecutor.java:1145)\n\tat java.util.concurrent.ThreadPoolExecutor$Worker.run(ThreadPoolExecutor.java:644)\n\tat java.lang.Thread.run(Thread.java:1012)\n",
    "is_privacy": false
},
{
    "type": "log",
    "source": "class",
    "method": "zza",
    "package_name": "com.miui.player",
    "class_name": "com.google.android.ump.ConsentRequestParameters",
    "timestamp": 1728462533183,
    "ref": "com.google.android.ump.ConsentRequestParameters@a578cfa",
    "arguments": "{}",
    "stack_trace": "java.lang.Exception\n\tat com.google.android.ump.ConsentRequestParameters.zza(Native Method)\n\tat com.google.android.gms.internal.consent_sdk.zzp.zza(SourceFile:8)\n\tat com.google.android.gms.internal.consent_sdk.zzn.zzd(SourceFile:29)\n\tat com.google.android.gms.internal.consent_sdk.zzx.zzb(SourceFile:53)\n\tat com.google.android.gms.internal.consent_sdk.zzw.run(Unknown Source:10)\n\tat java.util.concurrent.ThreadPoolExecutor.runWorker(ThreadPoolExecutor.java:1145)\n\tat java.util.concurrent.ThreadPoolExecutor$Worker.run(ThreadPoolExecutor.java:644)\n\tat java.lang.Thread.run(Thread.java:1012)\n",
    "is_privacy": false
},
{
    "type": "log",
    "source": "class",
    "method": "isTagForUnderAgeOfConsent",
    "package_name": "com.miui.player",
    "class_name": "com.google.android.ump.ConsentRequestParameters",
    "timestamp": 1728462533186,
    "ref": "com.google.android.ump.ConsentRequestParameters@a578cfa",
    "arguments": "{}",
    "stack_trace": "java.lang.Exception\n\tat com.google.android.ump.ConsentRequestParameters.isTagForUnderAgeOfConsent(Native Method)\n\tat com.google.android.gms.internal.consent_sdk.zzp.zza(SourceFile:68)\n\tat com.google.android.gms.internal.consent_sdk.zzn.zzd(SourceFile:29)\n\tat com.google.android.gms.internal.consent_sdk.zzx.zzb(SourceFile:53)\n\tat com.google.android.gms.internal.consent_sdk.zzw.run(Unknown Source:10)\n\tat java.util.concurrent.ThreadPoolExecutor.runWorker(ThreadPoolExecutor.java:1145)\n\tat java.util.concurrent.ThreadPoolExecutor$Worker.run(ThreadPoolExecutor.java:644)\n\tat java.lang.Thread.run(Thread.java:1012)\n",
    "is_privacy": false
},
{
    "type": "log",
    "source": "class",
    "method": "getInstance",
    "package_name": "com.miui.player",
    "class_name": "com.google.firebase.analytics.FirebaseAnalytics",
    "timestamp": 1728462533238,
    "ref": "<class: com.google.firebase.analytics.FirebaseAnalytics>",
    "arguments": "{\"0\":\"<instance: android.content.Context, $className: com.miui.player.app.MusicApplication>\"}",
    "stack_trace": "java.lang.Exception\n\tat com.google.firebase.analytics.FirebaseAnalytics.getInstance(Native Method)\n\tat java.lang.reflect.Method.invoke(Native Method)\n\tat com.google.android.gms.measurement.internal.zzft.zzah(SourceFile:73)\n\tat com.google.android.gms.measurement.internal.zzft.zza(SourceFile:17)\n\tat com.google.android.gms.measurement.internal.zzld.zzc(SourceFile:3)\n\tat com.google.android.gms.measurement.internal.zzld.zza(SourceFile:46)\n\tat com.google.android.gms.measurement.internal.zzjc.zza(SourceFile:269)\n\tat com.google.android.gms.measurement.internal.zzjt.run(SourceFile:19)\n\tat java.util.concurrent.Executors$RunnableAdapter.call(Executors.java:487)\n\tat java.util.concurrent.FutureTask.run(FutureTask.java:290)\n\tat com.google.android.gms.measurement.internal.zzhn.run(SourceFile:49)\n",
    "is_privacy": false
},
{
    "type": "log",
    "source": "class",
    "method": "getFirebaseInstanceId",
    "package_name": "com.miui.player",
    "class_name": "com.google.firebase.analytics.FirebaseAnalytics",
    "timestamp": 1728462533243,
    "ref": "com.google.firebase.analytics.FirebaseAnalytics@4601ce",
    "arguments": "{}",
    "stack_trace": "java.lang.Exception\n\tat com.google.firebase.analytics.FirebaseAnalytics.getFirebaseInstanceId(Native Method)\n\tat java.lang.reflect.Method.invoke(Native Method)\n\tat com.google.android.gms.measurement.internal.zzft.zzah(SourceFile:90)\n\tat com.google.android.gms.measurement.internal.zzft.zza(SourceFile:17)\n\tat com.google.android.gms.measurement.internal.zzld.zzc(SourceFile:3)\n\tat com.google.android.gms.measurement.internal.zzld.zza(SourceFile:46)\n\tat com.google.android.gms.measurement.internal.zzjc.zza(SourceFile:269)\n\tat com.google.android.gms.measurement.internal.zzjt.run(SourceFile:19)\n\tat java.util.concurrent.Executors$RunnableAdapter.call(Executors.java:487)\n\tat java.util.concurrent.FutureTask.run(FutureTask.java:290)\n\tat com.google.android.gms.measurement.internal.zzhn.run(SourceFile:49)\n",
    "is_privacy": false
},
{
    "type": "log",
    "source": "class",
    "method": "isTagForUnderAgeOfConsent",
    "package_name": "com.miui.player",
    "class_name": "com.google.android.ump.ConsentRequestParameters",
    "timestamp": 1728462533265,
    "ref": "com.google.android.ump.ConsentRequestParameters@a578cfa",
    "arguments": "{}",
    "stack_trace": "java.lang.Exception\n\tat com.google.android.ump.ConsentRequestParameters.isTagForUnderAgeOfConsent(Native Method)\n\tat com.google.android.gms.internal.consent_sdk.zzp.zza(SourceFile:151)\n\tat com.google.android.gms.internal.consent_sdk.zzn.zzd(SourceFile:29)\n\tat com.google.android.gms.internal.consent_sdk.zzx.zzb(SourceFile:53)\n\tat com.google.android.gms.internal.consent_sdk.zzw.run(Unknown Source:10)\n\tat java.util.concurrent.ThreadPoolExecutor.runWorker(ThreadPoolExecutor.java:1145)\n\tat java.util.concurrent.ThreadPoolExecutor$Worker.run(ThreadPoolExecutor.java:644)\n\tat java.lang.Thread.run(Thread.java:1012)\n",
    "is_privacy": false
},
{
    "type": "log",
    "source": "class",
    "method": "getInstance",
    "package_name": "com.miui.player",
    "class_name": "com.google.firebase.analytics.FirebaseAnalytics",
    "timestamp": 1728462533348,
    "ref": "<class: com.google.firebase.analytics.FirebaseAnalytics>",
    "arguments": "{\"0\":\"<instance: android.content.Context, $className: com.miui.player.app.MusicApplication>\"}",
    "stack_trace": "java.lang.Exception\n\tat com.google.firebase.analytics.FirebaseAnalytics.getInstance(Native Method)\n\tat java.lang.reflect.Method.invoke(Native Method)\n\tat com.google.android.gms.measurement.internal.zzft.zzah(SourceFile:73)\n\tat com.google.android.gms.measurement.internal.zzft.zza(SourceFile:17)\n\tat com.google.android.gms.measurement.internal.zzld.zzc(SourceFile:3)\n\tat com.google.android.gms.measurement.internal.zzld.zza(SourceFile:46)\n\tat com.google.android.gms.measurement.internal.zzjc.zza(SourceFile:269)\n\tat com.google.android.gms.measurement.internal.zzjc.zza(SourceFile:142)\n\tat com.google.android.gms.measurement.internal.zzky.zza(SourceFile:45)\n\tat com.google.android.gms.measurement.internal.zzky.zza(SourceFile:3)\n\tat com.google.android.gms.measurement.internal.zzla.run(SourceFile:12)\n\tat java.util.concurrent.Executors$RunnableAdapter.call(Executors.java:487)\n\tat java.util.concurrent.FutureTask.run(FutureTask.java:290)\n\tat com.google.android.gms.measurement.internal.zzhn.run(SourceFile:49)\n",
    "is_privacy": false
},
{
    "type": "log",
    "source": "class",
    "method": "getFirebaseInstanceId",
    "package_name": "com.miui.player",
    "class_name": "com.google.firebase.analytics.FirebaseAnalytics",
    "timestamp": 1728462533352,
    "ref": "com.google.firebase.analytics.FirebaseAnalytics@4601ce",
    "arguments": "{}",
    "stack_trace": "java.lang.Exception\n\tat com.google.firebase.analytics.FirebaseAnalytics.getFirebaseInstanceId(Native Method)\n\tat java.lang.reflect.Method.invoke(Native Method)\n\tat com.google.android.gms.measurement.internal.zzft.zzah(SourceFile:90)\n\tat com.google.android.gms.measurement.internal.zzft.zza(SourceFile:17)\n\tat com.google.android.gms.measurement.internal.zzld.zzc(SourceFile:3)\n\tat com.google.android.gms.measurement.internal.zzld.zza(SourceFile:46)\n\tat com.google.android.gms.measurement.internal.zzjc.zza(SourceFile:269)\n\tat com.google.android.gms.measurement.internal.zzjc.zza(SourceFile:142)\n\tat com.google.android.gms.measurement.internal.zzky.zza(SourceFile:45)\n\tat com.google.android.gms.measurement.internal.zzky.zza(SourceFile:3)\n\tat com.google.android.gms.measurement.internal.zzla.run(SourceFile:12)\n\tat java.util.concurrent.Executors$RunnableAdapter.call(Executors.java:487)\n\tat java.util.concurrent.FutureTask.run(FutureTask.java:290)\n\tat com.google.android.gms.measurement.internal.zzhn.run(SourceFile:49)\n",
    "is_privacy": false
},
{
    "type": "log",
    "source": "class",
    "method": "getInstance",
    "package_name": "com.miui.player",
    "class_name": "com.google.firebase.analytics.FirebaseAnalytics",
    "timestamp": 1728462533381,
    "ref": "<class: com.google.firebase.analytics.FirebaseAnalytics>",
    "arguments": "{\"0\":\"<instance: android.content.Context, $className: com.miui.player.app.MusicApplication>\"}",
    "stack_trace": "java.lang.Exception\n\tat com.google.firebase.analytics.FirebaseAnalytics.getInstance(Native Method)\n\tat java.lang.reflect.Method.invoke(Native Method)\n\tat com.google.android.gms.measurement.internal.zzft.zzah(SourceFile:73)\n\tat com.google.android.gms.measurement.internal.zzft.zza(SourceFile:17)\n\tat com.google.android.gms.measurement.internal.zzld.zzc(SourceFile:3)\n\tat com.google.android.gms.measurement.internal.zzld.zza(SourceFile:36)\n\tat com.google.android.gms.measurement.internal.zzk.run(SourceFile:17)\n\tat java.util.concurrent.Executors$RunnableAdapter.call(Executors.java:487)\n\tat java.util.concurrent.FutureTask.run(FutureTask.java:290)\n\tat com.google.android.gms.measurement.internal.zzhn.run(SourceFile:49)\n",
    "is_privacy": false
},
{
    "type": "log",
    "source": "class",
    "method": "getFirebaseInstanceId",
    "package_name": "com.miui.player",
    "class_name": "com.google.firebase.analytics.FirebaseAnalytics",
    "timestamp": 1728462533384,
    "ref": "com.google.firebase.analytics.FirebaseAnalytics@4601ce",
    "arguments": "{}",
    "stack_trace": "java.lang.Exception\n\tat com.google.firebase.analytics.FirebaseAnalytics.getFirebaseInstanceId(Native Method)\n\tat java.lang.reflect.Method.invoke(Native Method)\n\tat com.google.android.gms.measurement.internal.zzft.zzah(SourceFile:90)\n\tat com.google.android.gms.measurement.internal.zzft.zza(SourceFile:17)\n\tat com.google.android.gms.measurement.internal.zzld.zzc(SourceFile:3)\n\tat com.google.android.gms.measurement.internal.zzld.zza(SourceFile:36)\n\tat com.google.android.gms.measurement.internal.zzk.run(SourceFile:17)\n\tat java.util.concurrent.Executors$RunnableAdapter.call(Executors.java:487)\n\tat java.util.concurrent.FutureTask.run(FutureTask.java:290)\n\tat com.google.android.gms.measurement.internal.zzhn.run(SourceFile:49)\n",
    "is_privacy": false
},
{
    "type": "log",
    "source": "class",
    "method": "getInstance",
    "package_name": "com.miui.player",
    "class_name": "com.google.firebase.analytics.FirebaseAnalytics",
    "timestamp": 1728462533577,
    "ref": "<class: com.google.firebase.analytics.FirebaseAnalytics>",
    "arguments": "{\"0\":\"<instance: android.content.Context, $className: com.miui.player.app.MusicApplication>\"}",
    "stack_trace": "java.lang.Exception\n\tat com.google.firebase.analytics.FirebaseAnalytics.getInstance(Native Method)\n\tat java.lang.reflect.Method.invoke(Native Method)\n\tat com.google.android.gms.measurement.internal.zzft.zzah(SourceFile:73)\n\tat com.google.android.gms.measurement.internal.zzft.zza(SourceFile:17)\n\tat com.google.android.gms.measurement.internal.zzld.zzc(SourceFile:3)\n\tat com.google.android.gms.measurement.internal.zzld.zza(SourceFile:36)\n\tat com.google.android.gms.measurement.internal.zzk.run(SourceFile:17)\n\tat java.util.concurrent.Executors$RunnableAdapter.call(Executors.java:487)\n\tat java.util.concurrent.FutureTask.run(FutureTask.java:290)\n\tat com.google.android.gms.measurement.internal.zzhn.run(SourceFile:49)\n",
    "is_privacy": false
},
{
    "type": "log",
    "source": "class",
    "method": "getFirebaseInstanceId",
    "package_name": "com.miui.player",
    "class_name": "com.google.firebase.analytics.FirebaseAnalytics",
    "timestamp": 1728462533578,
    "ref": "com.google.firebase.analytics.FirebaseAnalytics@4601ce",
    "arguments": "{}",
    "stack_trace": "java.lang.Exception\n\tat com.google.firebase.analytics.FirebaseAnalytics.getFirebaseInstanceId(Native Method)\n\tat java.lang.reflect.Method.invoke(Native Method)\n\tat com.google.android.gms.measurement.internal.zzft.zzah(SourceFile:90)\n\tat com.google.android.gms.measurement.internal.zzft.zza(SourceFile:17)\n\tat com.google.android.gms.measurement.internal.zzld.zzc(SourceFile:3)\n\tat com.google.android.gms.measurement.internal.zzld.zza(SourceFile:36)\n\tat com.google.android.gms.measurement.internal.zzk.run(SourceFile:17)\n\tat java.util.concurrent.Executors$RunnableAdapter.call(Executors.java:487)\n\tat java.util.concurrent.FutureTask.run(FutureTask.java:290)\n\tat com.google.android.gms.measurement.internal.zzhn.run(SourceFile:49)\n",
    "is_privacy": false
},
{
    "type": "log",
    "source": "class",
    "method": "initialize",
    "package_name": "com.miui.player",
    "class_name": "com.facebook.ads.AudienceNetworkAds",
    "timestamp": 1728462533757,
    "ref": "<class: com.facebook.ads.AudienceNetworkAds>",
    "arguments": "{\"0\":\"<instance: android.content.Context, $className: com.miui.player.app.MusicApplication>\"}",
    "stack_trace": "java.lang.Exception\n\tat com.facebook.ads.AudienceNetworkAds.initialize(Native Method)\n\tat com.miui.player.ads.GlobalALoader.w(SourceFile:33)\n\tat com.miui.player.ads.GlobalALoader.X(SourceFile:4)\n\tat com.miui.player.ads.GlobalALoader.b(SourceFile:1)\n\tat com.miui.player.ads.e.run(SourceFile:1)\n\tat java.util.concurrent.ThreadPoolExecutor.runWorker(ThreadPoolExecutor.java:1145)\n\tat java.util.concurrent.ThreadPoolExecutor$Worker.run(ThreadPoolExecutor.java:644)\n\tat java.lang.Thread.run(Thread.java:1012)\n",
    "is_privacy": false
},
{
    "type": "log",
    "source": "class",
    "method": "getTestAdType",
    "package_name": "com.miui.player",
    "class_name": "com.facebook.ads.AdSettings",
    "timestamp": 1728462533769,
    "ref": "<class: com.facebook.ads.AdSettings>",
    "arguments": "{}",
    "stack_trace": "java.lang.Exception\n\tat com.facebook.ads.AdSettings.getTestAdType(Native Method)\n\tat com.facebook.ads.redexgen.X.Xi.A05(:67600)\n\tat com.facebook.ads.redexgen.X.Xi.A0C(:67630)\n\tat com.facebook.ads.redexgen.X.Xx.A06(:67798)\n\tat com.facebook.ads.redexgen.X.K8.run(:41836)\n\tat java.util.concurrent.ThreadPoolExecutor.runWorker(ThreadPoolExecutor.java:1145)\n\tat java.util.concurrent.ThreadPoolExecutor$Worker.run(ThreadPoolExecutor.java:644)\n\tat java.lang.Thread.run(Thread.java:1012)\n",
    "is_privacy": false
},
{
    "type": "log",
    "source": "class",
    "method": "isTestMode",
    "package_name": "com.miui.player",
    "class_name": "com.facebook.ads.AdSettings",
    "timestamp": 1728462533774,
    "ref": "<class: com.facebook.ads.AdSettings>",
    "arguments": "{\"0\":\"<instance: android.content.Context, $className: com.facebook.ads.redexgen.X.Y9>\"}",
    "stack_trace": "java.lang.Exception\n\tat com.facebook.ads.AdSettings.isTestMode(Native Method)\n\tat com.facebook.ads.redexgen.X.Xi.A05(:67603)\n\tat com.facebook.ads.redexgen.X.Xi.A0C(:67630)\n\tat com.facebook.ads.redexgen.X.Xx.A06(:67798)\n\tat com.facebook.ads.redexgen.X.K8.run(:41836)\n\tat java.util.concurrent.ThreadPoolExecutor.runWorker(ThreadPoolExecutor.java:1145)\n\tat java.util.concurrent.ThreadPoolExecutor$Worker.run(ThreadPoolExecutor.java:644)\n\tat java.lang.Thread.run(Thread.java:1012)\n",
    "is_privacy": false
},
{
    "type": "log",
    "source": "class",
    "method": "isMixedAudience",
    "package_name": "com.miui.player",
    "class_name": "com.facebook.ads.AdSettings",
    "timestamp": 1728462533781,
    "ref": "<class: com.facebook.ads.AdSettings>",
    "arguments": "{}",
    "stack_trace": "java.lang.Exception\n\tat com.facebook.ads.AdSettings.isMixedAudience(Native Method)\n\tat com.facebook.ads.redexgen.X.Xi.A05(:67604)\n\tat com.facebook.ads.redexgen.X.Xi.A0C(:67630)\n\tat com.facebook.ads.redexgen.X.Xx.A06(:67798)\n\tat com.facebook.ads.redexgen.X.K8.run(:41836)\n\tat java.util.concurrent.ThreadPoolExecutor.runWorker(ThreadPoolExecutor.java:1145)\n\tat java.util.concurrent.ThreadPoolExecutor$Worker.run(ThreadPoolExecutor.java:644)\n\tat java.lang.Thread.run(Thread.java:1012)\n",
    "is_privacy": false
},
{
    "type": "log",
    "source": "class",
    "method": "logEvent",
    "package_name": "com.miui.player",
    "class_name": "com.google.firebase.analytics.FirebaseAnalytics",
    "timestamp": 1728462534538,
    "ref": "com.google.firebase.analytics.FirebaseAnalytics@4601ce",
    "arguments": "{\"0\":\"playerbar_play_viewed\",\"1\":\"<instance: android.os.Bundle>\"}",
    "stack_trace": "java.lang.Exception\n\tat com.google.firebase.analytics.FirebaseAnalytics.logEvent(Native Method)\n\tat com.xiaomi.music.stat.FirebaseEvent.b(SourceFile:46)\n\tat com.xiaomi.music.util.MusicTrackEvent.f(SourceFile:85)\n\tat com.xiaomi.music.util.MusicTrackEvent.e(SourceFile:77)\n\tat com.xiaomi.music.util.MusicTrackEvent.d(SourceFile:9)\n\tat com.miui.player.stat.MusicStatHandler.a(SourceFile:25)\n\tat com.miui.player.stat.NewReportHelper$ViewExposureListener.run(SourceFile:198)\n\tat com.miui.player.util.StrictExposureHelper$1.handleMessage(SourceFile:48)\n\tat android.os.Handler.dispatchMessage(Handler.java:106)\n\tat android.os.Looper.loopOnce(Looper.java:255)\n\tat android.os.Looper.loop(Looper.java:364)\n\tat android.os.HandlerThread.run(HandlerThread.java:67)\n",
    "is_privacy": false
},
{
    "type": "log",
    "source": "class",
    "method": "getInstance",
    "package_name": "com.miui.player",
    "class_name": "com.google.firebase.analytics.FirebaseAnalytics",
    "timestamp": 1728462534630,
    "ref": "<class: com.google.firebase.analytics.FirebaseAnalytics>",
    "arguments": "{\"0\":\"<instance: android.content.Context, $className: com.miui.player.app.MusicApplication>\"}",
    "stack_trace": "java.lang.Exception\n\tat com.google.firebase.analytics.FirebaseAnalytics.getInstance(Native Method)\n\tat java.lang.reflect.Method.invoke(Native Method)\n\tat com.google.android.gms.measurement.internal.zzft.zzah(SourceFile:73)\n\tat com.google.android.gms.measurement.internal.zzft.zza(SourceFile:17)\n\tat com.google.android.gms.measurement.internal.zzld.zzc(SourceFile:3)\n\tat com.google.android.gms.measurement.internal.zzld.zza(SourceFile:46)\n\tat com.google.android.gms.measurement.internal.zzjc.zza(SourceFile:269)\n\tat com.google.android.gms.measurement.internal.zzjt.run(SourceFile:19)\n\tat java.util.concurrent.Executors$RunnableAdapter.call(Executors.java:487)\n\tat java.util.concurrent.FutureTask.run(FutureTask.java:290)\n\tat com.google.android.gms.measurement.internal.zzhn.run(SourceFile:49)\n",
    "is_privacy": false
},
{
    "type": "log",
    "source": "class",
    "method": "getFirebaseInstanceId",
    "package_name": "com.miui.player",
    "class_name": "com.google.firebase.analytics.FirebaseAnalytics",
    "timestamp": 1728462534637,
    "ref": "com.google.firebase.analytics.FirebaseAnalytics@4601ce",
    "arguments": "{}",
    "stack_trace": "java.lang.Exception\n\tat com.google.firebase.analytics.FirebaseAnalytics.getFirebaseInstanceId(Native Method)\n\tat java.lang.reflect.Method.invoke(Native Method)\n\tat com.google.android.gms.measurement.internal.zzft.zzah(SourceFile:90)\n\tat com.google.android.gms.measurement.internal.zzft.zza(SourceFile:17)\n\tat com.google.android.gms.measurement.internal.zzld.zzc(SourceFile:3)\n\tat com.google.android.gms.measurement.internal.zzld.zza(SourceFile:46)\n\tat com.google.android.gms.measurement.internal.zzjc.zza(SourceFile:269)\n\tat com.google.android.gms.measurement.internal.zzjt.run(SourceFile:19)\n\tat java.util.concurrent.Executors$RunnableAdapter.call(Executors.java:487)\n\tat java.util.concurrent.FutureTask.run(FutureTask.java:290)\n\tat com.google.android.gms.measurement.internal.zzhn.run(SourceFile:49)\n",
    "is_privacy": false
},
{
    "type": "log",
    "source": "class",
    "method": "getInstance",
    "package_name": "com.miui.player",
    "class_name": "com.google.firebase.analytics.FirebaseAnalytics",
    "timestamp": 1728462535100,
    "ref": "<class: com.google.firebase.analytics.FirebaseAnalytics>",
    "arguments": "{\"0\":\"<instance: android.content.Context, $className: com.miui.player.app.MusicApplication>\"}",
    "stack_trace": "java.lang.Exception\n\tat com.google.firebase.analytics.FirebaseAnalytics.getInstance(Native Method)\n\tat java.lang.reflect.Method.invoke(Native Method)\n\tat com.google.android.gms.measurement.internal.zzft.zzah(SourceFile:73)\n\tat com.google.android.gms.measurement.internal.zzft.zza(SourceFile:17)\n\tat com.google.android.gms.measurement.internal.zzld.zzc(SourceFile:3)\n\tat com.google.android.gms.measurement.internal.zzld.zza(SourceFile:36)\n\tat com.google.android.gms.measurement.internal.zzk.run(SourceFile:17)\n\tat java.util.concurrent.Executors$RunnableAdapter.call(Executors.java:487)\n\tat java.util.concurrent.FutureTask.run(FutureTask.java:290)\n\tat com.google.android.gms.measurement.internal.zzhn.run(SourceFile:49)\n",
    "is_privacy": false
},
{
    "type": "log",
    "source": "class",
    "method": "getFirebaseInstanceId",
    "package_name": "com.miui.player",
    "class_name": "com.google.firebase.analytics.FirebaseAnalytics",
    "timestamp": 1728462535111,
    "ref": "com.google.firebase.analytics.FirebaseAnalytics@4601ce",
    "arguments": "{}",
    "stack_trace": "java.lang.Exception\n\tat com.google.firebase.analytics.FirebaseAnalytics.getFirebaseInstanceId(Native Method)\n\tat java.lang.reflect.Method.invoke(Native Method)\n\tat com.google.android.gms.measurement.internal.zzft.zzah(SourceFile:90)\n\tat com.google.android.gms.measurement.internal.zzft.zza(SourceFile:17)\n\tat com.google.android.gms.measurement.internal.zzld.zzc(SourceFile:3)\n\tat com.google.android.gms.measurement.internal.zzld.zza(SourceFile:36)\n\tat com.google.android.gms.measurement.internal.zzk.run(SourceFile:17)\n\tat java.util.concurrent.Executors$RunnableAdapter.call(Executors.java:487)\n\tat java.util.concurrent.FutureTask.run(FutureTask.java:290)\n\tat com.google.android.gms.measurement.internal.zzhn.run(SourceFile:49)\n",
    "is_privacy": false
},
{
    "type": "log",
    "source": "class",
    "method": "getInstance",
    "package_name": "com.miui.player",
    "class_name": "com.google.firebase.analytics.FirebaseAnalytics",
    "timestamp": 1728462535179,
    "ref": "<class: com.google.firebase.analytics.FirebaseAnalytics>",
    "arguments": "{\"0\":\"<instance: android.content.Context, $className: com.miui.player.app.MusicApplication>\"}",
    "stack_trace": "java.lang.Exception\n\tat com.google.firebase.analytics.FirebaseAnalytics.getInstance(Native Method)\n\tat java.lang.reflect.Method.invoke(Native Method)\n\tat com.google.android.gms.measurement.internal.zzft.zzah(SourceFile:73)\n\tat com.google.android.gms.measurement.internal.zzft.zza(SourceFile:17)\n\tat com.google.android.gms.measurement.internal.zzld.zzc(SourceFile:3)\n\tat com.google.android.gms.measurement.internal.zzld.zza(SourceFile:36)\n\tat com.google.android.gms.measurement.internal.zzk.run(SourceFile:17)\n\tat java.util.concurrent.Executors$RunnableAdapter.call(Executors.java:487)\n\tat java.util.concurrent.FutureTask.run(FutureTask.java:290)\n\tat com.google.android.gms.measurement.internal.zzhn.run(SourceFile:49)\n",
    "is_privacy": false
},
{
    "type": "log",
    "source": "class",
    "method": "getFirebaseInstanceId",
    "package_name": "com.miui.player",
    "class_name": "com.google.firebase.analytics.FirebaseAnalytics",
    "timestamp": 1728462535186,
    "ref": "com.google.firebase.analytics.FirebaseAnalytics@4601ce",
    "arguments": "{}",
    "stack_trace": "java.lang.Exception\n\tat com.google.firebase.analytics.FirebaseAnalytics.getFirebaseInstanceId(Native Method)\n\tat java.lang.reflect.Method.invoke(Native Method)\n\tat com.google.android.gms.measurement.internal.zzft.zzah(SourceFile:90)\n\tat com.google.android.gms.measurement.internal.zzft.zza(SourceFile:17)\n\tat com.google.android.gms.measurement.internal.zzld.zzc(SourceFile:3)\n\tat com.google.android.gms.measurement.internal.zzld.zza(SourceFile:36)\n\tat com.google.android.gms.measurement.internal.zzk.run(SourceFile:17)\n\tat java.util.concurrent.Executors$RunnableAdapter.call(Executors.java:487)\n\tat java.util.concurrent.FutureTask.run(FutureTask.java:290)\n\tat com.google.android.gms.measurement.internal.zzhn.run(SourceFile:49)\n",
    "is_privacy": false
},
{
    "type": "log",
    "source": "class",
    "method": "logEvent",
    "package_name": "com.miui.player",
    "class_name": "com.google.firebase.analytics.FirebaseAnalytics",
    "timestamp": 1728462536247,
    "ref": "com.google.firebase.analytics.FirebaseAnalytics@4601ce",
    "arguments": "{\"0\":\"push_request\",\"1\":\"<instance: android.os.Bundle>\"}",
    "stack_trace": "java.lang.Exception\n\tat com.google.firebase.analytics.FirebaseAnalytics.logEvent(Native Method)\n\tat com.xiaomi.music.stat.FirebaseEvent.b(SourceFile:46)\n\tat com.xiaomi.music.util.MusicTrackEvent.f(SourceFile:85)\n\tat com.xiaomi.music.util.MusicTrackEvent.e(SourceFile:77)\n\tat com.xiaomi.music.util.MusicTrackEvent.d(SourceFile:9)\n\tat com.miui.player.stat.NewReportHelperKt.a(SourceFile:33)\n\tat com.miui.player.localpush.LocalPushHandler.U3(SourceFile:162)\n\tat com.miui.player.localpush.LocalPushManager.k(SourceFile:25)\n\tat com.miui.player.localpush.PushLogicWork.doWork(SourceFile:9)\n\tat androidx.work.Worker$1.run(SourceFile:3)\n\tat java.util.concurrent.ThreadPoolExecutor.runWorker(ThreadPoolExecutor.java:1145)\n\tat java.util.concurrent.ThreadPoolExecutor$Worker.run(ThreadPoolExecutor.java:644)\n\tat java.lang.Thread.run(Thread.java:1012)\n",
    "is_privacy": false
},
{
    "type": "log",
    "source": "class",
    "method": "getInstance",
    "package_name": "com.miui.player",
    "class_name": "com.google.firebase.analytics.FirebaseAnalytics",
    "timestamp": 1728462536478,
    "ref": "<class: com.google.firebase.analytics.FirebaseAnalytics>",
    "arguments": "{\"0\":\"<instance: android.content.Context, $className: com.miui.player.app.MusicApplication>\"}",
    "stack_trace": "java.lang.Exception\n\tat com.google.firebase.analytics.FirebaseAnalytics.getInstance(Native Method)\n\tat java.lang.reflect.Method.invoke(Native Method)\n\tat com.google.android.gms.measurement.internal.zzft.zzah(SourceFile:73)\n\tat com.google.android.gms.measurement.internal.zzft.zza(SourceFile:17)\n\tat com.google.android.gms.measurement.internal.zzld.zzc(SourceFile:3)\n\tat com.google.android.gms.measurement.internal.zzld.zza(SourceFile:46)\n\tat com.google.android.gms.measurement.internal.zzjc.zza(SourceFile:269)\n\tat com.google.android.gms.measurement.internal.zzjt.run(SourceFile:19)\n\tat java.util.concurrent.Executors$RunnableAdapter.call(Executors.java:487)\n\tat java.util.concurrent.FutureTask.run(FutureTask.java:290)\n\tat com.google.android.gms.measurement.internal.zzhn.run(SourceFile:49)\n",
    "is_privacy": false
},
{
    "type": "log",
    "source": "class",
    "method": "getFirebaseInstanceId",
    "package_name": "com.miui.player",
    "class_name": "com.google.firebase.analytics.FirebaseAnalytics",
    "timestamp": 1728462536483,
    "ref": "com.google.firebase.analytics.FirebaseAnalytics@4601ce",
    "arguments": "{}",
    "stack_trace": "java.lang.Exception\n\tat com.google.firebase.analytics.FirebaseAnalytics.getFirebaseInstanceId(Native Method)\n\tat java.lang.reflect.Method.invoke(Native Method)\n\tat com.google.android.gms.measurement.internal.zzft.zzah(SourceFile:90)\n\tat com.google.android.gms.measurement.internal.zzft.zza(SourceFile:17)\n\tat com.google.android.gms.measurement.internal.zzld.zzc(SourceFile:3)\n\tat com.google.android.gms.measurement.internal.zzld.zza(SourceFile:46)\n\tat com.google.android.gms.measurement.internal.zzjc.zza(SourceFile:269)\n\tat com.google.android.gms.measurement.internal.zzjt.run(SourceFile:19)\n\tat java.util.concurrent.Executors$RunnableAdapter.call(Executors.java:487)\n\tat java.util.concurrent.FutureTask.run(FutureTask.java:290)\n\tat com.google.android.gms.measurement.internal.zzhn.run(SourceFile:49)\n",
    "is_privacy": false
},
{
    "type": "log",
    "source": "class",
    "method": "initialize",
    "package_name": "com.miui.player",
    "class_name": "com.google.android.gms.ads.MobileAds",
    "timestamp": 1728462537624,
    "ref": "<class: com.google.android.gms.ads.MobileAds>",
    "arguments": "{\"0\":\"<instance: android.content.Context, $className: com.miui.player.app.MusicApplication>\",\"1\":\"<instance: com.google.android.gms.ads.initialization.OnInitializationCompleteListener, $className: com.xiaomi.mobileads.admob.AdmobAdapterConfiguration$1>\"}",
    "stack_trace": "java.lang.Exception\n\tat com.google.android.gms.ads.MobileAds.initialize(Native Method)\n\tat com.xiaomi.mobileads.admob.AdmobAdapterConfiguration.initializeNetwork(SourceFile:49)\n\tat com.xiaomi.miglobaladsdk.loader.Meeeddmedsm.Mddsesesmd(SourceFile:4)\n\tat com.xiaomi.miglobaladsdk.loader.Meeeddmedsm.Meeeddmedsm(SourceFile:1)\n\tat com.xiaomi.miglobaladsdk.loader.Meeeddmedsm$Meeeddmedsm.execute(SourceFile:9)\n\tat com.xiaomi.utils.ThrowableCaughtRunnable.run(SourceFile:1)\n\tat java.util.concurrent.ThreadPoolExecutor.runWorker(ThreadPoolExecutor.java:1145)\n\tat java.util.concurrent.ThreadPoolExecutor$Worker.run(ThreadPoolExecutor.java:644)\n\tat java.lang.Thread.run(Thread.java:1012)\n",
    "is_privacy": false
},
{
    "type": "log",
    "source": "class",
    "method": "isInitialized",
    "package_name": "com.miui.player",
    "class_name": "com.facebook.ads.AudienceNetworkAds",
    "timestamp": 1728462537635,
    "ref": "<class: com.facebook.ads.AudienceNetworkAds>",
    "arguments": "{\"0\":\"<instance: android.content.Context, $className: com.miui.player.app.MusicApplication>\"}",
    "stack_trace": "java.lang.Exception\n\tat com.facebook.ads.AudienceNetworkAds.isInitialized(Native Method)\n\tat com.xiaomi.mobileads.facebook.FacebookAdapterConfiguration.initializeNetwork(SourceFile:23)\n\tat com.xiaomi.miglobaladsdk.loader.Meeeddmedsm.Mddsesesmd(SourceFile:4)\n\tat com.xiaomi.miglobaladsdk.loader.Meeeddmedsm.Meeeddmedsm(SourceFile:1)\n\tat com.xiaomi.miglobaladsdk.loader.Meeeddmedsm$Meeeddmedsm.execute(SourceFile:9)\n\tat com.xiaomi.utils.ThrowableCaughtRunnable.run(SourceFile:1)\n\tat java.util.concurrent.ThreadPoolExecutor.runWorker(ThreadPoolExecutor.java:1145)\n\tat java.util.concurrent.ThreadPoolExecutor$Worker.run(ThreadPoolExecutor.java:644)\n\tat java.lang.Thread.run(Thread.java:1012)\n",
    "is_privacy": false
},
{
    "type": "log",
    "source": "class",
    "method": "build",
    "package_name": "com.miui.player",
    "class_name": "com.google.android.gms.ads.RequestConfiguration$Builder",
    "timestamp": 1728462537632,
    "ref": "com.google.android.gms.ads.RequestConfiguration$Builder@26cdb3",
    "arguments": "{}",
    "stack_trace": "java.lang.Exception\n\tat com.google.android.gms.ads.RequestConfiguration$Builder.build(Native Method)\n\tat com.google.android.gms.ads.internal.client.zzej.<init>(SourceFile:31)\n\tat com.google.android.gms.ads.internal.client.zzej.zzf(SourceFile:10)\n\tat com.google.android.gms.ads.MobileAds.initialize(SourceFile:3)\n\tat com.google.android.gms.ads.MobileAds.initialize(Native Method)\n\tat com.xiaomi.mobileads.admob.AdmobAdapterConfiguration.initializeNetwork(SourceFile:49)\n\tat com.xiaomi.miglobaladsdk.loader.Meeeddmedsm.Mddsesesmd(SourceFile:4)\n\tat com.xiaomi.miglobaladsdk.loader.Meeeddmedsm.Meeeddmedsm(SourceFile:1)\n\tat com.xiaomi.miglobaladsdk.loader.Meeeddmedsm$Meeeddmedsm.execute(SourceFile:9)\n\tat com.xiaomi.utils.ThrowableCaughtRunnable.run(SourceFile:1)\n\tat java.util.concurrent.ThreadPoolExecutor.runWorker(ThreadPoolExecutor.java:1145)\n\tat java.util.concurrent.ThreadPoolExecutor$Worker.run(ThreadPoolExecutor.java:644)\n\tat java.lang.Thread.run(Thread.java:1012)\n",
    "is_privacy": false
},
{
    "type": "log",
    "source": "class",
    "method": "getTagForChildDirectedTreatment",
    "package_name": "com.miui.player",
    "class_name": "com.google.android.gms.ads.RequestConfiguration",
    "timestamp": 1728462538092,
    "ref": "com.google.android.gms.ads.RequestConfiguration@b450df5",
    "arguments": "{}",
    "stack_trace": "java.lang.Exception\n\tat com.google.android.gms.ads.RequestConfiguration.getTagForChildDirectedTreatment(Native Method)\n\tat com.google.android.gms.ads.internal.client.zzej.zzn(SourceFile:78)\n\tat com.google.android.gms.ads.MobileAds.initialize(SourceFile:3)\n\tat com.google.android.gms.ads.MobileAds.initialize(Native Method)\n\tat com.xiaomi.mobileads.admob.AdmobAdapterConfiguration.initializeNetwork(SourceFile:49)\n\tat com.xiaomi.miglobaladsdk.loader.Meeeddmedsm.Mddsesesmd(SourceFile:4)\n\tat com.xiaomi.miglobaladsdk.loader.Meeeddmedsm.Meeeddmedsm(SourceFile:1)\n\tat com.xiaomi.miglobaladsdk.loader.Meeeddmedsm$Meeeddmedsm.execute(SourceFile:9)\n\tat com.xiaomi.utils.ThrowableCaughtRunnable.run(SourceFile:1)\n\tat java.util.concurrent.ThreadPoolExecutor.runWorker(ThreadPoolExecutor.java:1145)\n\tat java.util.concurrent.ThreadPoolExecutor$Worker.run(ThreadPoolExecutor.java:644)\n\tat java.lang.Thread.run(Thread.java:1012)\n",
    "is_privacy": false
},
{
    "type": "log",
    "source": "class",
    "method": "getTagForUnderAgeOfConsent",
    "package_name": "com.miui.player",
    "class_name": "com.google.android.gms.ads.RequestConfiguration",
    "timestamp": 1728462538097,
    "ref": "com.google.android.gms.ads.RequestConfiguration@b450df5",
    "arguments": "{}",
    "stack_trace": "java.lang.Exception\n\tat com.google.android.gms.ads.RequestConfiguration.getTagForUnderAgeOfConsent(Native Method)\n\tat com.google.android.gms.ads.internal.client.zzej.zzn(SourceFile:87)\n\tat com.google.android.gms.ads.MobileAds.initialize(SourceFile:3)\n\tat com.google.android.gms.ads.MobileAds.initialize(Native Method)\n\tat com.xiaomi.mobileads.admob.AdmobAdapterConfiguration.initializeNetwork(SourceFile:49)\n\tat com.xiaomi.miglobaladsdk.loader.Meeeddmedsm.Mddsesesmd(SourceFile:4)\n\tat com.xiaomi.miglobaladsdk.loader.Meeeddmedsm.Meeeddmedsm(SourceFile:1)\n\tat com.xiaomi.miglobaladsdk.loader.Meeeddmedsm$Meeeddmedsm.execute(SourceFile:9)\n\tat com.xiaomi.utils.ThrowableCaughtRunnable.run(SourceFile:1)\n\tat java.util.concurrent.ThreadPoolExecutor.runWorker(ThreadPoolExecutor.java:1145)\n\tat java.util.concurrent.ThreadPoolExecutor$Worker.run(ThreadPoolExecutor.java:644)\n\tat java.lang.Thread.run(Thread.java:1012)\n",
    "is_privacy": false
},
{
    "type": "log",
    "source": "class",
    "method": "logEvent",
    "package_name": "com.miui.player",
    "class_name": "com.google.firebase.analytics.FirebaseAnalytics",
    "timestamp": 1728462540200,
    "ref": "com.google.firebase.analytics.FirebaseAnalytics@4601ce",
    "arguments": "{\"0\":\"ad_webview_config_get\",\"1\":\"<instance: android.os.Bundle>\"}",
    "stack_trace": "java.lang.Exception\n\tat com.google.firebase.analytics.FirebaseAnalytics.logEvent(Native Method)\n\tat com.xiaomi.music.stat.FirebaseEvent.b(SourceFile:46)\n\tat com.xiaomi.music.util.MusicTrackEvent.f(SourceFile:85)\n\tat com.xiaomi.music.util.MusicTrackEvent.e(SourceFile:77)\n\tat com.xiaomi.music.util.MusicTrackEvent.d(SourceFile:9)\n\tat com.miui.player.stat.NewReportHelperKt.a(SourceFile:33)\n\tat com.miui.player.ads.utils.OpenUrlHelper$Companion.p(SourceFile:8)\n\tat com.miui.player.ads.utils.OpenUrlHelper$Companion.b(SourceFile:17)\n\tat com.miui.player.local.viewmodel.LocalTabSongViewModel$loadAD$mAdLoadListener$1.c0(SourceFile:9)\n\tat com.miui.player.ads.GlobalALoader.s0(SourceFile:25)\n\tat com.miui.player.ads.GlobalALoader.o(SourceFile:1)\n\tat com.miui.player.ads.GlobalALoader$12.adFailedToLoad(SourceFile:42)\n\tat com.xiaomi.miglobaladsdk.nativead.api.CustomAdManager$1.adFailedToLoad(SourceFile:5)\n\tat Mmmmmdsmss.Mmddd$Mmdsseem.run(SourceFile:150)\n\tat android.os.Handler.handleCallback(Handler.java:958)\n\tat android.os.Handler.dispatchMessage(Handler.java:99)\n\tat android.os.Looper.loopOnce(Looper.java:255)\n\tat android.os.Looper.loop(Looper.java:364)\n\tat android.app.ActivityThread.main(ActivityThread.java:8938)\n\tat java.lang.reflect.Method.invoke(Native Method)\n\tat com.android.internal.os.RuntimeInit$MethodAndArgsCaller.run(RuntimeInit.java:572)\n\tat com.android.internal.os.ZygoteInit.main(ZygoteInit.java:1053)\n",
    "is_privacy": false
},
{
    "type": "log",
    "source": "class",
    "method": "logEvent",
    "package_name": "com.miui.player",
    "class_name": "com.google.firebase.analytics.FirebaseAnalytics",
    "timestamp": 1728462540419,
    "ref": "com.google.firebase.analytics.FirebaseAnalytics@4601ce",
    "arguments": "{\"0\":\"ad_webview_config_get\",\"1\":\"<instance: android.os.Bundle>\"}",
    "stack_trace": "java.lang.Exception\n\tat com.google.firebase.analytics.FirebaseAnalytics.logEvent(Native Method)\n\tat com.xiaomi.music.stat.FirebaseEvent.b(SourceFile:46)\n\tat com.xiaomi.music.util.MusicTrackEvent.f(SourceFile:85)\n\tat com.xiaomi.music.util.MusicTrackEvent.e(SourceFile:77)\n\tat com.xiaomi.music.util.MusicTrackEvent.d(SourceFile:9)\n\tat com.miui.player.stat.NewReportHelperKt.a(SourceFile:33)\n\tat com.miui.player.ads.utils.OpenUrlHelper$Companion.p(SourceFile:8)\n\tat com.miui.player.ads.utils.OpenUrlHelper$Companion.b(SourceFile:17)\n\tat com.miui.player.local.viewmodel.LocalTabSongViewModel$loadAD$mAdLoadListener$1.c0(SourceFile:9)\n\tat com.miui.player.ads.GlobalALoader.s0(SourceFile:25)\n\tat com.miui.player.ads.GlobalALoader.o(SourceFile:1)\n\tat com.miui.player.ads.GlobalALoader$12.adFailedToLoad(SourceFile:42)\n\tat com.xiaomi.miglobaladsdk.nativead.api.CustomAdManager$1.adFailedToLoad(SourceFile:5)\n\tat Mmmmmdsmss.Mmddd$Mmdsseem.run(SourceFile:150)\n\tat android.os.Handler.handleCallback(Handler.java:958)\n\tat android.os.Handler.dispatchMessage(Handler.java:99)\n\tat android.os.Looper.loopOnce(Looper.java:255)\n\tat android.os.Looper.loop(Looper.java:364)\n\tat android.app.ActivityThread.main(ActivityThread.java:8938)\n\tat java.lang.reflect.Method.invoke(Native Method)\n\tat com.android.internal.os.RuntimeInit$MethodAndArgsCaller.run(RuntimeInit.java:572)\n\tat com.android.internal.os.ZygoteInit.main(ZygoteInit.java:1053)\n",
    "is_privacy": false
},
{
    "type": "log",
    "source": "class",
    "method": "getInstance",
    "package_name": "com.miui.player",
    "class_name": "com.google.firebase.analytics.FirebaseAnalytics",
    "timestamp": 1728462540483,
    "ref": "<class: com.google.firebase.analytics.FirebaseAnalytics>",
    "arguments": "{\"0\":\"<instance: android.content.Context, $className: com.miui.player.app.MusicApplication>\"}",
    "stack_trace": "java.lang.Exception\n\tat com.google.firebase.analytics.FirebaseAnalytics.getInstance(Native Method)\n\tat java.lang.reflect.Method.invoke(Native Method)\n\tat com.google.android.gms.measurement.internal.zzft.zzah(SourceFile:73)\n\tat com.google.android.gms.measurement.internal.zzft.zza(SourceFile:17)\n\tat com.google.android.gms.measurement.internal.zzld.zzc(SourceFile:3)\n\tat com.google.android.gms.measurement.internal.zzld.zza(SourceFile:46)\n\tat com.google.android.gms.measurement.internal.zzjc.zza(SourceFile:269)\n\tat com.google.android.gms.measurement.internal.zzjt.run(SourceFile:19)\n\tat java.util.concurrent.Executors$RunnableAdapter.call(Executors.java:487)\n\tat java.util.concurrent.FutureTask.run(FutureTask.java:290)\n\tat com.google.android.gms.measurement.internal.zzhn.run(SourceFile:49)\n",
    "is_privacy": false
},
{
    "type": "log",
    "source": "class",
    "method": "getFirebaseInstanceId",
    "package_name": "com.miui.player",
    "class_name": "com.google.firebase.analytics.FirebaseAnalytics",
    "timestamp": 1728462540494,
    "ref": "com.google.firebase.analytics.FirebaseAnalytics@4601ce",
    "arguments": "{}",
    "stack_trace": "java.lang.Exception\n\tat com.google.firebase.analytics.FirebaseAnalytics.getFirebaseInstanceId(Native Method)\n\tat java.lang.reflect.Method.invoke(Native Method)\n\tat com.google.android.gms.measurement.internal.zzft.zzah(SourceFile:90)\n\tat com.google.android.gms.measurement.internal.zzft.zza(SourceFile:17)\n\tat com.google.android.gms.measurement.internal.zzld.zzc(SourceFile:3)\n\tat com.google.android.gms.measurement.internal.zzld.zza(SourceFile:46)\n\tat com.google.android.gms.measurement.internal.zzjc.zza(SourceFile:269)\n\tat com.google.android.gms.measurement.internal.zzjt.run(SourceFile:19)\n\tat java.util.concurrent.Executors$RunnableAdapter.call(Executors.java:487)\n\tat java.util.concurrent.FutureTask.run(FutureTask.java:290)\n\tat com.google.android.gms.measurement.internal.zzhn.run(SourceFile:49)\n",
    "is_privacy": false
},
{
    "type": "log",
    "source": "class",
    "method": "logEvent",
    "package_name": "com.miui.player",
    "class_name": "com.google.firebase.analytics.FirebaseAnalytics",
    "timestamp": 1728462540598,
    "ref": "com.google.firebase.analytics.FirebaseAnalytics@4601ce",
    "arguments": "{\"0\":\"scanner_change_count\",\"1\":\"<instance: android.os.Bundle>\"}",
    "stack_trace": "java.lang.Exception\n\tat com.google.firebase.analytics.FirebaseAnalytics.logEvent(Native Method)\n\tat com.xiaomi.music.stat.FirebaseEvent.b(SourceFile:46)\n\tat com.xiaomi.music.util.MusicTrackEvent.f(SourceFile:85)\n\tat com.xiaomi.music.util.MusicTrackEvent.e(SourceFile:77)\n\tat com.xiaomi.music.util.MusicTrackEvent.d(SourceFile:9)\n\tat com.miui.player.scan.BuryingPoint.d(SourceFile:23)\n\tat com.miui.player.scan.AudioScanner.n(SourceFile:27)\n\tat com.miui.player.scan.AudioScanner.f(SourceFile:198)\n\tat com.miui.player.scan.AudioScanner.k(SourceFile:207)\n\tat com.miui.player.scan.AudioScanner$preScan$1.invokeSuspend(Unknown Source:11)\n\tat kotlin.coroutines.jvm.internal.BaseContinuationImpl.resumeWith(SourceFile:12)\n\tat kotlinx.coroutines.DispatchedTask.run(SourceFile:129)\n\tat kotlinx.coroutines.internal.LimitedDispatcher$Worker.run(SourceFile:4)\n\tat kotlinx.coroutines.scheduling.TaskImpl.run(SourceFile:3)\n\tat kotlinx.coroutines.scheduling.CoroutineScheduler.z(SourceFile:1)\n\tat kotlinx.coroutines.scheduling.CoroutineScheduler$Worker.d(SourceFile:15)\n\tat kotlinx.coroutines.scheduling.CoroutineScheduler$Worker.p(SourceFile:29)\n\tat kotlinx.coroutines.scheduling.CoroutineScheduler$Worker.run(SourceFile:1)\n",
    "is_privacy": false
},
{
    "type": "log",
    "source": "class",
    "method": "logEvent",
    "package_name": "com.miui.player",
    "class_name": "com.google.firebase.analytics.FirebaseAnalytics",
    "timestamp": 1728462540630,
    "ref": "com.google.firebase.analytics.FirebaseAnalytics@4601ce",
    "arguments": "{\"0\":\"scanner_change_count\",\"1\":\"<instance: android.os.Bundle>\"}",
    "stack_trace": "java.lang.Exception\n\tat com.google.firebase.analytics.FirebaseAnalytics.logEvent(Native Method)\n\tat com.xiaomi.music.stat.FirebaseEvent.b(SourceFile:46)\n\tat com.xiaomi.music.util.MusicTrackEvent.f(SourceFile:85)\n\tat com.xiaomi.music.util.MusicTrackEvent.e(SourceFile:77)\n\tat com.xiaomi.music.util.MusicTrackEvent.d(SourceFile:9)\n\tat com.miui.player.scan.BuryingPoint.d(SourceFile:29)\n\tat com.miui.player.scan.AudioScanner.n(SourceFile:27)\n\tat com.miui.player.scan.AudioScanner.f(SourceFile:198)\n\tat com.miui.player.scan.AudioScanner.k(SourceFile:207)\n\tat com.miui.player.scan.AudioScanner$preScan$1.invokeSuspend(Unknown Source:11)\n\tat kotlin.coroutines.jvm.internal.BaseContinuationImpl.resumeWith(SourceFile:12)\n\tat kotlinx.coroutines.DispatchedTask.run(SourceFile:129)\n\tat kotlinx.coroutines.internal.LimitedDispatcher$Worker.run(SourceFile:4)\n\tat kotlinx.coroutines.scheduling.TaskImpl.run(SourceFile:3)\n\tat kotlinx.coroutines.scheduling.CoroutineScheduler.z(SourceFile:1)\n\tat kotlinx.coroutines.scheduling.CoroutineScheduler$Worker.d(SourceFile:15)\n\tat kotlinx.coroutines.scheduling.CoroutineScheduler$Worker.p(SourceFile:29)\n\tat kotlinx.coroutines.scheduling.CoroutineScheduler$Worker.run(SourceFile:1)\n",
    "is_privacy": false
},
{
    "type": "log",
    "source": "class",
    "method": "logEvent",
    "package_name": "com.miui.player",
    "class_name": "com.google.firebase.analytics.FirebaseAnalytics",
    "timestamp": 1728462540685,
    "ref": "com.google.firebase.analytics.FirebaseAnalytics@4601ce",
    "arguments": "{\"0\":\"account_song_show\",\"1\":\"<instance: android.os.Bundle>\"}",
    "stack_trace": "java.lang.Exception\n\tat com.google.firebase.analytics.FirebaseAnalytics.logEvent(Native Method)\n\tat com.xiaomi.music.stat.FirebaseEvent.b(SourceFile:46)\n\tat com.xiaomi.music.util.MusicTrackEvent.f(SourceFile:85)\n\tat com.xiaomi.music.util.MusicTrackEvent.e(SourceFile:77)\n\tat com.xiaomi.music.util.MusicTrackEvent.d(SourceFile:9)\n\tat com.miui.player.scan.BuryingPoint.d(SourceFile:34)\n\tat com.miui.player.scan.AudioScanner.n(SourceFile:27)\n\tat com.miui.player.scan.AudioScanner.f(SourceFile:198)\n\tat com.miui.player.scan.AudioScanner.k(SourceFile:207)\n\tat com.miui.player.scan.AudioScanner$preScan$1.invokeSuspend(Unknown Source:11)\n\tat kotlin.coroutines.jvm.internal.BaseContinuationImpl.resumeWith(SourceFile:12)\n\tat kotlinx.coroutines.DispatchedTask.run(SourceFile:129)\n\tat kotlinx.coroutines.internal.LimitedDispatcher$Worker.run(SourceFile:4)\n\tat kotlinx.coroutines.scheduling.TaskImpl.run(SourceFile:3)\n\tat kotlinx.coroutines.scheduling.CoroutineScheduler.z(SourceFile:1)\n\tat kotlinx.coroutines.scheduling.CoroutineScheduler$Worker.d(SourceFile:15)\n\tat kotlinx.coroutines.scheduling.CoroutineScheduler$Worker.p(SourceFile:29)\n\tat kotlinx.coroutines.scheduling.CoroutineScheduler$Worker.run(SourceFile:1)\n",
    "is_privacy": false
},
{
    "type": "log",
    "source": "class",
    "method": "getInstance",
    "package_name": "com.miui.player",
    "class_name": "com.google.firebase.analytics.FirebaseAnalytics",
    "timestamp": 1728462540895,
    "ref": "<class: com.google.firebase.analytics.FirebaseAnalytics>",
    "arguments": "{\"0\":\"<instance: android.content.Context, $className: com.miui.player.app.MusicApplication>\"}",
    "stack_trace": "java.lang.Exception\n\tat com.google.firebase.analytics.FirebaseAnalytics.getInstance(Native Method)\n\tat java.lang.reflect.Method.invoke(Native Method)\n\tat com.google.android.gms.measurement.internal.zzft.zzah(SourceFile:73)\n\tat com.google.android.gms.measurement.internal.zzft.zza(SourceFile:17)\n\tat com.google.android.gms.measurement.internal.zzld.zzc(SourceFile:3)\n\tat com.google.android.gms.measurement.internal.zzld.zza(SourceFile:46)\n\tat com.google.android.gms.measurement.internal.zzjc.zza(SourceFile:269)\n\tat com.google.android.gms.measurement.internal.zzjt.run(SourceFile:19)\n\tat java.util.concurrent.Executors$RunnableAdapter.call(Executors.java:487)\n\tat java.util.concurrent.FutureTask.run(FutureTask.java:290)\n\tat com.google.android.gms.measurement.internal.zzhn.run(SourceFile:49)\n",
    "is_privacy": false
},
{
    "type": "log",
    "source": "class",
    "method": "getFirebaseInstanceId",
    "package_name": "com.miui.player",
    "class_name": "com.google.firebase.analytics.FirebaseAnalytics",
    "timestamp": 1728462540900,
    "ref": "com.google.firebase.analytics.FirebaseAnalytics@4601ce",
    "arguments": "{}",
    "stack_trace": "java.lang.Exception\n\tat com.google.firebase.analytics.FirebaseAnalytics.getFirebaseInstanceId(Native Method)\n\tat java.lang.reflect.Method.invoke(Native Method)\n\tat com.google.android.gms.measurement.internal.zzft.zzah(SourceFile:90)\n\tat com.google.android.gms.measurement.internal.zzft.zza(SourceFile:17)\n\tat com.google.android.gms.measurement.internal.zzld.zzc(SourceFile:3)\n\tat com.google.android.gms.measurement.internal.zzld.zza(SourceFile:46)\n\tat com.google.android.gms.measurement.internal.zzjc.zza(SourceFile:269)\n\tat com.google.android.gms.measurement.internal.zzjt.run(SourceFile:19)\n\tat java.util.concurrent.Executors$RunnableAdapter.call(Executors.java:487)\n\tat java.util.concurrent.FutureTask.run(FutureTask.java:290)\n\tat com.google.android.gms.measurement.internal.zzhn.run(SourceFile:49)\n",
    "is_privacy": false
},
{
    "type": "log",
    "source": "class",
    "method": "getInstance",
    "package_name": "com.miui.player",
    "class_name": "com.google.firebase.analytics.FirebaseAnalytics",
    "timestamp": 1728462541255,
    "ref": "<class: com.google.firebase.analytics.FirebaseAnalytics>",
    "arguments": "{\"0\":\"<instance: android.content.Context, $className: com.miui.player.app.MusicApplication>\"}",
    "stack_trace": "java.lang.Exception\n\tat com.google.firebase.analytics.FirebaseAnalytics.getInstance(Native Method)\n\tat java.lang.reflect.Method.invoke(Native Method)\n\tat com.google.android.gms.measurement.internal.zzft.zzah(SourceFile:73)\n\tat com.google.android.gms.measurement.internal.zzft.zza(SourceFile:17)\n\tat com.google.android.gms.measurement.internal.zzld.zzc(SourceFile:3)\n\tat com.google.android.gms.measurement.internal.zzld.zza(SourceFile:46)\n\tat com.google.android.gms.measurement.internal.zzjc.zza(SourceFile:269)\n\tat com.google.android.gms.measurement.internal.zzjt.run(SourceFile:19)\n\tat java.util.concurrent.Executors$RunnableAdapter.call(Executors.java:487)\n\tat java.util.concurrent.FutureTask.run(FutureTask.java:290)\n\tat com.google.android.gms.measurement.internal.zzhn.run(SourceFile:49)\n",
    "is_privacy": false
},
{
    "type": "log",
    "source": "class",
    "method": "getFirebaseInstanceId",
    "package_name": "com.miui.player",
    "class_name": "com.google.firebase.analytics.FirebaseAnalytics",
    "timestamp": 1728462541261,
    "ref": "com.google.firebase.analytics.FirebaseAnalytics@4601ce",
    "arguments": "{}",
    "stack_trace": "java.lang.Exception\n\tat com.google.firebase.analytics.FirebaseAnalytics.getFirebaseInstanceId(Native Method)\n\tat java.lang.reflect.Method.invoke(Native Method)\n\tat com.google.android.gms.measurement.internal.zzft.zzah(SourceFile:90)\n\tat com.google.android.gms.measurement.internal.zzft.zza(SourceFile:17)\n\tat com.google.android.gms.measurement.internal.zzld.zzc(SourceFile:3)\n\tat com.google.android.gms.measurement.internal.zzld.zza(SourceFile:46)\n\tat com.google.android.gms.measurement.internal.zzjc.zza(SourceFile:269)\n\tat com.google.android.gms.measurement.internal.zzjt.run(SourceFile:19)\n\tat java.util.concurrent.Executors$RunnableAdapter.call(Executors.java:487)\n\tat java.util.concurrent.FutureTask.run(FutureTask.java:290)\n\tat com.google.android.gms.measurement.internal.zzhn.run(SourceFile:49)\n",
    "is_privacy": false
},
{
    "type": "log",
    "source": "class",
    "method": "getInstance",
    "package_name": "com.miui.player",
    "class_name": "com.google.firebase.analytics.FirebaseAnalytics",
    "timestamp": 1728462541497,
    "ref": "<class: com.google.firebase.analytics.FirebaseAnalytics>",
    "arguments": "{\"0\":\"<instance: android.content.Context, $className: com.miui.player.app.MusicApplication>\"}",
    "stack_trace": "java.lang.Exception\n\tat com.google.firebase.analytics.FirebaseAnalytics.getInstance(Native Method)\n\tat java.lang.reflect.Method.invoke(Native Method)\n\tat com.google.android.gms.measurement.internal.zzft.zzah(SourceFile:73)\n\tat com.google.android.gms.measurement.internal.zzft.zza(SourceFile:17)\n\tat com.google.android.gms.measurement.internal.zzld.zzc(SourceFile:3)\n\tat com.google.android.gms.measurement.internal.zzld.zza(SourceFile:46)\n\tat com.google.android.gms.measurement.internal.zzjc.zza(SourceFile:269)\n\tat com.google.android.gms.measurement.internal.zzjt.run(SourceFile:19)\n\tat java.util.concurrent.Executors$RunnableAdapter.call(Executors.java:487)\n\tat java.util.concurrent.FutureTask.run(FutureTask.java:290)\n\tat com.google.android.gms.measurement.internal.zzhn.run(SourceFile:49)\n",
    "is_privacy": false
},
{
    "type": "log",
    "source": "class",
    "method": "getFirebaseInstanceId",
    "package_name": "com.miui.player",
    "class_name": "com.google.firebase.analytics.FirebaseAnalytics",
    "timestamp": 1728462541508,
    "ref": "com.google.firebase.analytics.FirebaseAnalytics@4601ce",
    "arguments": "{}",
    "stack_trace": "java.lang.Exception\n\tat com.google.firebase.analytics.FirebaseAnalytics.getFirebaseInstanceId(Native Method)\n\tat java.lang.reflect.Method.invoke(Native Method)\n\tat com.google.android.gms.measurement.internal.zzft.zzah(SourceFile:90)\n\tat com.google.android.gms.measurement.internal.zzft.zza(SourceFile:17)\n\tat com.google.android.gms.measurement.internal.zzld.zzc(SourceFile:3)\n\tat com.google.android.gms.measurement.internal.zzld.zza(SourceFile:46)\n\tat com.google.android.gms.measurement.internal.zzjc.zza(SourceFile:269)\n\tat com.google.android.gms.measurement.internal.zzjt.run(SourceFile:19)\n\tat java.util.concurrent.Executors$RunnableAdapter.call(Executors.java:487)\n\tat java.util.concurrent.FutureTask.run(FutureTask.java:290)\n\tat com.google.android.gms.measurement.internal.zzhn.run(SourceFile:49)\n",
    "is_privacy": false
},
{
    "type": "log",
    "source": "class",
    "method": "getInstance",
    "package_name": "com.miui.player",
    "class_name": "com.google.firebase.analytics.FirebaseAnalytics",
    "timestamp": 1728462541772,
    "ref": "<class: com.google.firebase.analytics.FirebaseAnalytics>",
    "arguments": "{\"0\":\"<instance: android.content.Context, $className: com.miui.player.app.MusicApplication>\"}",
    "stack_trace": "java.lang.Exception\n\tat com.google.firebase.analytics.FirebaseAnalytics.getInstance(Native Method)\n\tat java.lang.reflect.Method.invoke(Native Method)\n\tat com.google.android.gms.measurement.internal.zzft.zzah(SourceFile:73)\n\tat com.google.android.gms.measurement.internal.zzft.zza(SourceFile:17)\n\tat com.google.android.gms.measurement.internal.zzld.zzc(SourceFile:3)\n\tat com.google.android.gms.measurement.internal.zzld.zza(SourceFile:46)\n\tat com.google.android.gms.measurement.internal.zzjc.zza(SourceFile:269)\n\tat com.google.android.gms.measurement.internal.zzjt.run(SourceFile:19)\n\tat java.util.concurrent.Executors$RunnableAdapter.call(Executors.java:487)\n\tat java.util.concurrent.FutureTask.run(FutureTask.java:290)\n\tat com.google.android.gms.measurement.internal.zzhn.run(SourceFile:49)\n",
    "is_privacy": false
},
{
    "type": "log",
    "source": "class",
    "method": "getFirebaseInstanceId",
    "package_name": "com.miui.player",
    "class_name": "com.google.firebase.analytics.FirebaseAnalytics",
    "timestamp": 1728462541781,
    "ref": "com.google.firebase.analytics.FirebaseAnalytics@4601ce",
    "arguments": "{}",
    "stack_trace": "java.lang.Exception\n\tat com.google.firebase.analytics.FirebaseAnalytics.getFirebaseInstanceId(Native Method)\n\tat java.lang.reflect.Method.invoke(Native Method)\n\tat com.google.android.gms.measurement.internal.zzft.zzah(SourceFile:90)\n\tat com.google.android.gms.measurement.internal.zzft.zza(SourceFile:17)\n\tat com.google.android.gms.measurement.internal.zzld.zzc(SourceFile:3)\n\tat com.google.android.gms.measurement.internal.zzld.zza(SourceFile:46)\n\tat com.google.android.gms.measurement.internal.zzjc.zza(SourceFile:269)\n\tat com.google.android.gms.measurement.internal.zzjt.run(SourceFile:19)\n\tat java.util.concurrent.Executors$RunnableAdapter.call(Executors.java:487)\n\tat java.util.concurrent.FutureTask.run(FutureTask.java:290)\n\tat com.google.android.gms.measurement.internal.zzhn.run(SourceFile:49)\n",
    "is_privacy": false
},
{
    "type": "log",
    "source": "class",
    "method": "logEvent",
    "package_name": "com.miui.player",
    "class_name": "com.google.firebase.analytics.FirebaseAnalytics",
    "timestamp": 1728462542572,
    "ref": "com.google.firebase.analytics.FirebaseAnalytics@4601ce",
    "arguments": "{\"0\":\"privacy_agree\",\"1\":\"<instance: android.os.Bundle>\"}",
    "stack_trace": "java.lang.Exception\n\tat com.google.firebase.analytics.FirebaseAnalytics.logEvent(Native Method)\n\tat com.xiaomi.music.stat.FirebaseEvent.b(SourceFile:46)\n\tat com.xiaomi.music.util.MusicTrackEvent.f(SourceFile:85)\n\tat com.xiaomi.music.util.MusicTrackEvent.e(SourceFile:77)\n\tat com.xiaomi.music.util.MusicTrackEvent.d(SourceFile:9)\n\tat com.miui.player.home.privacy.PrivacyViewFactory.c(SourceFile:45)\n\tat com.miui.player.ui.MusicActivity$2.run(SourceFile:74)\n\tat android.os.Handler.handleCallback(Handler.java:958)\n\tat android.os.Handler.dispatchMessage(Handler.java:99)\n\tat android.os.Looper.loopOnce(Looper.java:255)\n\tat android.os.Looper.loop(Looper.java:364)\n\tat android.app.ActivityThread.main(ActivityThread.java:8938)\n\tat java.lang.reflect.Method.invoke(Native Method)\n\tat com.android.internal.os.RuntimeInit$MethodAndArgsCaller.run(RuntimeInit.java:572)\n\tat com.android.internal.os.ZygoteInit.main(ZygoteInit.java:1053)\n",
    "is_privacy": false
},
{
    "type": "log",
    "source": "class",
    "method": "getInstance",
    "package_name": "com.miui.player",
    "class_name": "com.google.firebase.analytics.FirebaseAnalytics",
    "timestamp": 1728462542737,
    "ref": "<class: com.google.firebase.analytics.FirebaseAnalytics>",
    "arguments": "{\"0\":\"<instance: android.content.Context, $className: com.miui.player.app.MusicApplication>\"}",
    "stack_trace": "java.lang.Exception\n\tat com.google.firebase.analytics.FirebaseAnalytics.getInstance(Native Method)\n\tat java.lang.reflect.Method.invoke(Native Method)\n\tat com.google.android.gms.measurement.internal.zzft.zzah(SourceFile:73)\n\tat com.google.android.gms.measurement.internal.zzft.zza(SourceFile:17)\n\tat com.google.android.gms.measurement.internal.zzld.zzc(SourceFile:3)\n\tat com.google.android.gms.measurement.internal.zzld.zza(SourceFile:46)\n\tat com.google.android.gms.measurement.internal.zzjc.zza(SourceFile:269)\n\tat com.google.android.gms.measurement.internal.zzjt.run(SourceFile:19)\n\tat java.util.concurrent.Executors$RunnableAdapter.call(Executors.java:487)\n\tat java.util.concurrent.FutureTask.run(FutureTask.java:290)\n\tat com.google.android.gms.measurement.internal.zzhn.run(SourceFile:49)\n",
    "is_privacy": false
},
{
    "type": "log",
    "source": "class",
    "method": "getFirebaseInstanceId",
    "package_name": "com.miui.player",
    "class_name": "com.google.firebase.analytics.FirebaseAnalytics",
    "timestamp": 1728462542741,
    "ref": "com.google.firebase.analytics.FirebaseAnalytics@4601ce",
    "arguments": "{}",
    "stack_trace": "java.lang.Exception\n\tat com.google.firebase.analytics.FirebaseAnalytics.getFirebaseInstanceId(Native Method)\n\tat java.lang.reflect.Method.invoke(Native Method)\n\tat com.google.android.gms.measurement.internal.zzft.zzah(SourceFile:90)\n\tat com.google.android.gms.measurement.internal.zzft.zza(SourceFile:17)\n\tat com.google.android.gms.measurement.internal.zzld.zzc(SourceFile:3)\n\tat com.google.android.gms.measurement.internal.zzld.zza(SourceFile:46)\n\tat com.google.android.gms.measurement.internal.zzjc.zza(SourceFile:269)\n\tat com.google.android.gms.measurement.internal.zzjt.run(SourceFile:19)\n\tat java.util.concurrent.Executors$RunnableAdapter.call(Executors.java:487)\n\tat java.util.concurrent.FutureTask.run(FutureTask.java:290)\n\tat com.google.android.gms.measurement.internal.zzhn.run(SourceFile:49)\n",
    "is_privacy": false
},
{
    "type": "log",
    "source": "class",
    "method": "buildInitSettings",
    "package_name": "com.miui.player",
    "class_name": "com.facebook.ads.AudienceNetworkAds",
    "timestamp": 1728462543608,
    "ref": "<class: com.facebook.ads.AudienceNetworkAds>",
    "arguments": "{\"0\":\"<instance: android.content.Context, $className: com.miui.player.app.MusicApplication>\"}",
    "stack_trace": "java.lang.Exception\n\tat com.facebook.ads.AudienceNetworkAds.buildInitSettings(Native Method)\n\tat com.google.ads.mediation.facebook.FacebookInitializer.initialize(SourceFile:7)\n\tat com.google.ads.mediation.facebook.FacebookMediationAdapter.initialize(SourceFile:61)\n\tat com.google.android.gms.internal.ads.zzbpf.zzq(SourceFile:181)\n\tat com.google.android.gms.internal.ads.zzboh.zzbJ(SourceFile:290)\n\tat com.google.android.gms.internal.ads.zzatw.onTransact(SourceFile:21)\n\tat android.os.Binder.transact(Binder.java:1196)\n\tat m.ajj.ba(:com.google.android.gms.policy_ads_fdr_dynamite@234310605@234310602057.578924991.578924991:8)\n\tat com.google.android.gms.ads.internal.mediation.client.e.k(:com.google.android.gms.policy_ads_fdr_dynamite@234310605@234310602057.578924991.578924991:16)\n\tat com.google.android.gms.ads.nonagon.initialization.g.run(:com.google.android.gms.policy_ads_fdr_dynamite@234310605@234310602057.578924991.578924991:42)\n\tat android.os.Handler.handleCallback(Handler.java:958)\n\tat android.os.Handler.dispatchMessage(Handler.java:99)\n\tat m.awy.a(:com.google.android.gms.policy_ads_fdr_dynamite@234310605@234310602057.578924991.578924991:1)\n\tat com.google.android.gms.ads.internal.util.f.a(:com.google.android.gms.policy_ads_fdr_dynamite@234310605@234310602057.578924991.578924991:2)\n\tat m.awy.dispatchMessage(:com.google.android.gms.policy_ads_fdr_dynamite@234310605@234310602057.578924991.578924991:1)\n\tat android.os.Looper.loopOnce(Looper.java:255)\n\tat android.os.Looper.loop(Looper.java:364)\n\tat android.app.ActivityThread.main(ActivityThread.java:8938)\n\tat java.lang.reflect.Method.invoke(Native Method)\n\tat com.android.internal.os.RuntimeInit$MethodAndArgsCaller.run(RuntimeInit.java:572)\n\tat com.android.internal.os.ZygoteInit.main(ZygoteInit.java:1053)\n",
    "is_privacy": false
},
{
    "type": "log",
    "source": "class",
    "method": "setMediationService",
    "package_name": "com.miui.player",
    "class_name": "com.facebook.ads.AdSettings",
    "timestamp": 1728462543616,
    "ref": "<class: com.facebook.ads.AdSettings>",
    "arguments": "{\"0\":\"GOOGLE:6.16.0.0\"}",
    "stack_trace": "java.lang.Exception\n\tat com.facebook.ads.AdSettings.setMediationService(Native Method)\n\tat com.facebook.ads.internal.api.InitSettingsBuilder.withMediationService(SourceFile:2)\n\tat com.facebook.ads.internal.api.InitSettingsBuilder.withMediationService(SourceFile:1)\n\tat com.google.ads.mediation.facebook.FacebookInitializer.initialize(SourceFile:8)\n\tat com.google.ads.mediation.facebook.FacebookMediationAdapter.initialize(SourceFile:61)\n\tat com.google.android.gms.internal.ads.zzbpf.zzq(SourceFile:181)\n\tat com.google.android.gms.internal.ads.zzboh.zzbJ(SourceFile:290)\n\tat com.google.android.gms.internal.ads.zzatw.onTransact(SourceFile:21)\n\tat android.os.Binder.transact(Binder.java:1196)\n\tat m.ajj.ba(:com.google.android.gms.policy_ads_fdr_dynamite@234310605@234310602057.578924991.578924991:8)\n\tat com.google.android.gms.ads.internal.mediation.client.e.k(:com.google.android.gms.policy_ads_fdr_dynamite@234310605@234310602057.578924991.578924991:16)\n\tat com.google.android.gms.ads.nonagon.initialization.g.run(:com.google.android.gms.policy_ads_fdr_dynamite@234310605@234310602057.578924991.578924991:42)\n\tat android.os.Handler.handleCallback(Handler.java:958)\n\tat android.os.Handler.dispatchMessage(Handler.java:99)\n\tat m.awy.a(:com.google.android.gms.policy_ads_fdr_dynamite@234310605@234310602057.578924991.578924991:1)\n\tat com.google.android.gms.ads.internal.util.f.a(:com.google.android.gms.policy_ads_fdr_dynamite@234310605@234310602057.578924991.578924991:2)\n\tat m.awy.dispatchMessage(:com.google.android.gms.policy_ads_fdr_dynamite@234310605@234310602057.578924991.578924991:1)\n\tat android.os.Looper.loopOnce(Looper.java:255)\n\tat android.os.Looper.loop(Looper.java:364)\n\tat android.app.ActivityThread.main(ActivityThread.java:8938)\n\tat java.lang.reflect.Method.invoke(Native Method)\n\tat com.android.internal.os.RuntimeInit$MethodAndArgsCaller.run(RuntimeInit.java:572)\n\tat com.android.internal.os.ZygoteInit.main(ZygoteInit.java:1053)\n",
    "is_privacy": false
},
{
    "type": "log",
    "source": "class",
    "method": "getInstance",
    "package_name": "com.miui.player",
    "class_name": "com.google.firebase.analytics.FirebaseAnalytics",
    "timestamp": 1728462544949,
    "ref": "<class: com.google.firebase.analytics.FirebaseAnalytics>",
    "arguments": "{\"0\":\"<instance: android.content.Context, $className: com.miui.player.app.MusicApplication>\"}",
    "stack_trace": "java.lang.Exception\n\tat com.google.firebase.analytics.FirebaseAnalytics.getInstance(Native Method)\n\tat java.lang.reflect.Method.invoke(Native Method)\n\tat com.google.android.gms.measurement.internal.zzft.zzah(SourceFile:73)\n\tat com.google.android.gms.measurement.internal.zzft.zza(SourceFile:17)\n\tat com.google.android.gms.measurement.internal.zzld.zzc(SourceFile:3)\n\tat com.google.android.gms.measurement.internal.zzld.zza(SourceFile:20)\n\tat com.google.android.gms.measurement.internal.zzm.run(SourceFile:15)\n\tat java.util.concurrent.Executors$RunnableAdapter.call(Executors.java:487)\n\tat java.util.concurrent.FutureTask.run(FutureTask.java:290)\n\tat com.google.android.gms.measurement.internal.zzhn.run(SourceFile:49)\n",
    "is_privacy": false
},
{
    "type": "log",
    "source": "class",
    "method": "getFirebaseInstanceId",
    "package_name": "com.miui.player",
    "class_name": "com.google.firebase.analytics.FirebaseAnalytics",
    "timestamp": 1728462544953,
    "ref": "com.google.firebase.analytics.FirebaseAnalytics@4601ce",
    "arguments": "{}",
    "stack_trace": "java.lang.Exception\n\tat com.google.firebase.analytics.FirebaseAnalytics.getFirebaseInstanceId(Native Method)\n\tat java.lang.reflect.Method.invoke(Native Method)\n\tat com.google.android.gms.measurement.internal.zzft.zzah(SourceFile:90)\n\tat com.google.android.gms.measurement.internal.zzft.zza(SourceFile:17)\n\tat com.google.android.gms.measurement.internal.zzld.zzc(SourceFile:3)\n\tat com.google.android.gms.measurement.internal.zzld.zza(SourceFile:20)\n\tat com.google.android.gms.measurement.internal.zzm.run(SourceFile:15)\n\tat java.util.concurrent.Executors$RunnableAdapter.call(Executors.java:487)\n\tat java.util.concurrent.FutureTask.run(FutureTask.java:290)\n\tat com.google.android.gms.measurement.internal.zzhn.run(SourceFile:49)\n",
    "is_privacy": false
},
{
    "type": "log",
    "source": "class",
    "method": "getInstance",
    "package_name": "com.miui.player",
    "class_name": "com.google.firebase.analytics.FirebaseAnalytics",
    "timestamp": 1728462544992,
    "ref": "<class: com.google.firebase.analytics.FirebaseAnalytics>",
    "arguments": "{\"0\":\"<instance: android.content.Context, $className: com.miui.player.app.MusicApplication>\"}",
    "stack_trace": "java.lang.Exception\n\tat com.google.firebase.analytics.FirebaseAnalytics.getInstance(Native Method)\n\tat java.lang.reflect.Method.invoke(Native Method)\n\tat com.google.android.gms.measurement.internal.zzft.zzah(SourceFile:73)\n\tat com.google.android.gms.measurement.internal.zzft.zza(SourceFile:17)\n\tat com.google.android.gms.measurement.internal.zzld.zzc(SourceFile:3)\n\tat com.google.android.gms.measurement.internal.zzld.zza(SourceFile:20)\n\tat com.google.android.gms.measurement.internal.zzm.run(SourceFile:15)\n\tat java.util.concurrent.Executors$RunnableAdapter.call(Executors.java:487)\n\tat java.util.concurrent.FutureTask.run(FutureTask.java:290)\n\tat com.google.android.gms.measurement.internal.zzhn.run(SourceFile:49)\n",
    "is_privacy": false
},
{
    "type": "log",
    "source": "class",
    "method": "getFirebaseInstanceId",
    "package_name": "com.miui.player",
    "class_name": "com.google.firebase.analytics.FirebaseAnalytics",
    "timestamp": 1728462544996,
    "ref": "com.google.firebase.analytics.FirebaseAnalytics@4601ce",
    "arguments": "{}",
    "stack_trace": "java.lang.Exception\n\tat com.google.firebase.analytics.FirebaseAnalytics.getFirebaseInstanceId(Native Method)\n\tat java.lang.reflect.Method.invoke(Native Method)\n\tat com.google.android.gms.measurement.internal.zzft.zzah(SourceFile:90)\n\tat com.google.android.gms.measurement.internal.zzft.zza(SourceFile:17)\n\tat com.google.android.gms.measurement.internal.zzld.zzc(SourceFile:3)\n\tat com.google.android.gms.measurement.internal.zzld.zza(SourceFile:20)\n\tat com.google.android.gms.measurement.internal.zzm.run(SourceFile:15)\n\tat java.util.concurrent.Executors$RunnableAdapter.call(Executors.java:487)\n\tat java.util.concurrent.FutureTask.run(FutureTask.java:290)\n\tat com.google.android.gms.measurement.internal.zzhn.run(SourceFile:49)\n",
    "is_privacy": false
},
{
    "type": "log",
    "source": "class",
    "method": "setUserProperty",
    "package_name": "com.miui.player",
    "class_name": "com.google.firebase.analytics.FirebaseAnalytics",
    "timestamp": 1728462545027,
    "ref": "com.google.firebase.analytics.FirebaseAnalytics@4601ce",
    "arguments": "{\"0\":\"abtest_group\",\"1\":\"0\"}",
    "stack_trace": "java.lang.Exception\n\tat com.google.firebase.analytics.FirebaseAnalytics.setUserProperty(Native Method)\n\tat com.xiaomi.music.stat.FirebaseEvent.i(SourceFile:17)\n\tat com.miui.player.util.FirebaseRemoteConfigWrapper.t(SourceFile:52)\n\tat com.miui.player.util.FirebaseRemoteConfigWrapper.i(SourceFile:1)\n\tat com.miui.player.util.q.onComplete(SourceFile:1)\n\tat com.google.android.gms.tasks.zzi.run(SourceFile:22)\n\tat android.os.Handler.handleCallback(Handler.java:958)\n\tat android.os.Handler.dispatchMessage(Handler.java:99)\n\tat android.os.Looper.loopOnce(Looper.java:255)\n\tat android.os.Looper.loop(Looper.java:364)\n\tat android.app.ActivityThread.main(ActivityThread.java:8938)\n\tat java.lang.reflect.Method.invoke(Native Method)\n\tat com.android.internal.os.RuntimeInit$MethodAndArgsCaller.run(RuntimeInit.java:572)\n\tat com.android.internal.os.ZygoteInit.main(ZygoteInit.java:1053)\n",
    "is_privacy": true
},
{
    "type": "log",
    "source": "class",
    "method": "getInstance",
    "package_name": "com.miui.player",
    "class_name": "com.google.firebase.analytics.FirebaseAnalytics",
    "timestamp": 1728462545052,
    "ref": "<class: com.google.firebase.analytics.FirebaseAnalytics>",
    "arguments": "{\"0\":\"<instance: android.content.Context, $className: com.miui.player.app.MusicApplication>\"}",
    "stack_trace": "java.lang.Exception\n\tat com.google.firebase.analytics.FirebaseAnalytics.getInstance(Native Method)\n\tat java.lang.reflect.Method.invoke(Native Method)\n\tat com.google.android.gms.measurement.internal.zzft.zzah(SourceFile:73)\n\tat com.google.android.gms.measurement.internal.zzft.zza(SourceFile:17)\n\tat com.google.android.gms.measurement.internal.zzld.zzc(SourceFile:3)\n\tat com.google.android.gms.measurement.internal.zzld.zza(SourceFile:87)\n\tat com.google.android.gms.measurement.internal.zzjz.run(SourceFile:219)\n\tat java.util.concurrent.Executors$RunnableAdapter.call(Executors.java:487)\n\tat java.util.concurrent.FutureTask.run(FutureTask.java:290)\n\tat com.google.android.gms.measurement.internal.zzhn.run(SourceFile:49)\n",
    "is_privacy": false
},
{
    "type": "log",
    "source": "class",
    "method": "getFirebaseInstanceId",
    "package_name": "com.miui.player",
    "class_name": "com.google.firebase.analytics.FirebaseAnalytics",
    "timestamp": 1728462545057,
    "ref": "com.google.firebase.analytics.FirebaseAnalytics@4601ce",
    "arguments": "{}",
    "stack_trace": "java.lang.Exception\n\tat com.google.firebase.analytics.FirebaseAnalytics.getFirebaseInstanceId(Native Method)\n\tat java.lang.reflect.Method.invoke(Native Method)\n\tat com.google.android.gms.measurement.internal.zzft.zzah(SourceFile:90)\n\tat com.google.android.gms.measurement.internal.zzft.zza(SourceFile:17)\n\tat com.google.android.gms.measurement.internal.zzld.zzc(SourceFile:3)\n\tat com.google.android.gms.measurement.internal.zzld.zza(SourceFile:87)\n\tat com.google.android.gms.measurement.internal.zzjz.run(SourceFile:219)\n\tat java.util.concurrent.Executors$RunnableAdapter.call(Executors.java:487)\n\tat java.util.concurrent.FutureTask.run(FutureTask.java:290)\n\tat com.google.android.gms.measurement.internal.zzhn.run(SourceFile:49)\n",
    "is_privacy": false
},
{
    "type": "log",
    "source": "class",
    "method": "getInstance",
    "package_name": "com.miui.player",
    "class_name": "com.google.firebase.analytics.FirebaseAnalytics",
    "timestamp": 1728462545125,
    "ref": "<class: com.google.firebase.analytics.FirebaseAnalytics>",
    "arguments": "{\"0\":\"<instance: android.content.Context, $className: com.miui.player.app.MusicApplication>\"}",
    "stack_trace": "java.lang.Exception\n\tat com.google.firebase.analytics.FirebaseAnalytics.getInstance(Native Method)\n\tat java.lang.reflect.Method.invoke(Native Method)\n\tat com.google.android.gms.measurement.internal.zzft.zzah(SourceFile:73)\n\tat com.google.android.gms.measurement.internal.zzft.zza(SourceFile:17)\n\tat com.google.android.gms.measurement.internal.zzld.zzc(SourceFile:3)\n\tat com.google.android.gms.measurement.internal.zzld.zza(SourceFile:87)\n\tat com.google.android.gms.measurement.internal.zzjz.run(SourceFile:219)\n\tat java.util.concurrent.Executors$RunnableAdapter.call(Executors.java:487)\n\tat java.util.concurrent.FutureTask.run(FutureTask.java:290)\n\tat com.google.android.gms.measurement.internal.zzhn.run(SourceFile:49)\n",
    "is_privacy": false
},
{
    "type": "log",
    "source": "class",
    "method": "getFirebaseInstanceId",
    "package_name": "com.miui.player",
    "class_name": "com.google.firebase.analytics.FirebaseAnalytics",
    "timestamp": 1728462545129,
    "ref": "com.google.firebase.analytics.FirebaseAnalytics@4601ce",
    "arguments": "{}",
    "stack_trace": "java.lang.Exception\n\tat com.google.firebase.analytics.FirebaseAnalytics.getFirebaseInstanceId(Native Method)\n\tat java.lang.reflect.Method.invoke(Native Method)\n\tat com.google.android.gms.measurement.internal.zzft.zzah(SourceFile:90)\n\tat com.google.android.gms.measurement.internal.zzft.zza(SourceFile:17)\n\tat com.google.android.gms.measurement.internal.zzld.zzc(SourceFile:3)\n\tat com.google.android.gms.measurement.internal.zzld.zza(SourceFile:87)\n\tat com.google.android.gms.measurement.internal.zzjz.run(SourceFile:219)\n\tat java.util.concurrent.Executors$RunnableAdapter.call(Executors.java:487)\n\tat java.util.concurrent.FutureTask.run(FutureTask.java:290)\n\tat com.google.android.gms.measurement.internal.zzhn.run(SourceFile:49)\n",
    "is_privacy": false
},
{
    "type": "log",
    "source": "class",
    "method": "getInstance",
    "package_name": "com.miui.player",
    "class_name": "com.google.firebase.analytics.FirebaseAnalytics",
    "timestamp": 1728462545202,
    "ref": "<class: com.google.firebase.analytics.FirebaseAnalytics>",
    "arguments": "{\"0\":\"<instance: android.content.Context, $className: com.miui.player.app.MusicApplication>\"}",
    "stack_trace": "java.lang.Exception\n\tat com.google.firebase.analytics.FirebaseAnalytics.getInstance(Native Method)\n\tat java.lang.reflect.Method.invoke(Native Method)\n\tat com.google.android.gms.measurement.internal.zzft.zzah(SourceFile:73)\n\tat com.google.android.gms.measurement.internal.zzft.zza(SourceFile:17)\n\tat com.google.android.gms.measurement.internal.zzld.zzc(SourceFile:3)\n\tat com.google.android.gms.measurement.internal.zzld.zza(SourceFile:87)\n\tat com.google.android.gms.measurement.internal.zzjz.run(SourceFile:219)\n\tat java.util.concurrent.Executors$RunnableAdapter.call(Executors.java:487)\n\tat java.util.concurrent.FutureTask.run(FutureTask.java:290)\n\tat com.google.android.gms.measurement.internal.zzhn.run(SourceFile:49)\n",
    "is_privacy": false
},
{
    "type": "log",
    "source": "class",
    "method": "getFirebaseInstanceId",
    "package_name": "com.miui.player",
    "class_name": "com.google.firebase.analytics.FirebaseAnalytics",
    "timestamp": 1728462545206,
    "ref": "com.google.firebase.analytics.FirebaseAnalytics@4601ce",
    "arguments": "{}",
    "stack_trace": "java.lang.Exception\n\tat com.google.firebase.analytics.FirebaseAnalytics.getFirebaseInstanceId(Native Method)\n\tat java.lang.reflect.Method.invoke(Native Method)\n\tat com.google.android.gms.measurement.internal.zzft.zzah(SourceFile:90)\n\tat com.google.android.gms.measurement.internal.zzft.zza(SourceFile:17)\n\tat com.google.android.gms.measurement.internal.zzld.zzc(SourceFile:3)\n\tat com.google.android.gms.measurement.internal.zzld.zza(SourceFile:87)\n\tat com.google.android.gms.measurement.internal.zzjz.run(SourceFile:219)\n\tat java.util.concurrent.Executors$RunnableAdapter.call(Executors.java:487)\n\tat java.util.concurrent.FutureTask.run(FutureTask.java:290)\n\tat com.google.android.gms.measurement.internal.zzhn.run(SourceFile:49)\n",
    "is_privacy": false
},
{
    "type": "log",
    "source": "class",
    "method": "getInstance",
    "package_name": "com.miui.player",
    "class_name": "com.google.firebase.analytics.FirebaseAnalytics",
    "timestamp": 1728462545285,
    "ref": "<class: com.google.firebase.analytics.FirebaseAnalytics>",
    "arguments": "{\"0\":\"<instance: android.content.Context, $className: com.miui.player.app.MusicApplication>\"}",
    "stack_trace": "java.lang.Exception\n\tat com.google.firebase.analytics.FirebaseAnalytics.getInstance(Native Method)\n\tat java.lang.reflect.Method.invoke(Native Method)\n\tat com.google.android.gms.measurement.internal.zzft.zzah(SourceFile:73)\n\tat com.google.android.gms.measurement.internal.zzft.zza(SourceFile:17)\n\tat com.google.android.gms.measurement.internal.zzld.zzc(SourceFile:3)\n\tat com.google.android.gms.measurement.internal.zzld.zza(SourceFile:111)\n\tat com.google.android.gms.measurement.internal.zzjc.zza(SourceFile:477)\n\tat com.google.android.gms.measurement.internal.zzjw.run(SourceFile:11)\n\tat java.util.concurrent.Executors$RunnableAdapter.call(Executors.java:487)\n\tat java.util.concurrent.FutureTask.run(FutureTask.java:290)\n\tat com.google.android.gms.measurement.internal.zzhn.run(SourceFile:49)\n",
    "is_privacy": false
},
{
    "type": "log",
    "source": "class",
    "method": "getFirebaseInstanceId",
    "package_name": "com.miui.player",
    "class_name": "com.google.firebase.analytics.FirebaseAnalytics",
    "timestamp": 1728462545292,
    "ref": "com.google.firebase.analytics.FirebaseAnalytics@4601ce",
    "arguments": "{}",
    "stack_trace": "java.lang.Exception\n\tat com.google.firebase.analytics.FirebaseAnalytics.getFirebaseInstanceId(Native Method)\n\tat java.lang.reflect.Method.invoke(Native Method)\n\tat com.google.android.gms.measurement.internal.zzft.zzah(SourceFile:90)\n\tat com.google.android.gms.measurement.internal.zzft.zza(SourceFile:17)\n\tat com.google.android.gms.measurement.internal.zzld.zzc(SourceFile:3)\n\tat com.google.android.gms.measurement.internal.zzld.zza(SourceFile:111)\n\tat com.google.android.gms.measurement.internal.zzjc.zza(SourceFile:477)\n\tat com.google.android.gms.measurement.internal.zzjw.run(SourceFile:11)\n\tat java.util.concurrent.Executors$RunnableAdapter.call(Executors.java:487)\n\tat java.util.concurrent.FutureTask.run(FutureTask.java:290)\n\tat com.google.android.gms.measurement.internal.zzhn.run(SourceFile:49)\n",
    "is_privacy": false
},
{
    "type": "log",
    "source": "class",
    "method": "setUserProperty",
    "package_name": "com.miui.player",
    "class_name": "com.google.firebase.analytics.FirebaseAnalytics",
    "timestamp": 1728462546629,
    "ref": "com.google.firebase.analytics.FirebaseAnalytics@4601ce",
    "arguments": "{\"0\":\"abtest_group\",\"1\":\"0\"}",
    "stack_trace": "java.lang.Exception\n\tat com.google.firebase.analytics.FirebaseAnalytics.setUserProperty(Native Method)\n\tat com.xiaomi.music.stat.FirebaseEvent.i(SourceFile:17)\n\tat com.miui.player.util.FirebaseRemoteConfigWrapper.t(SourceFile:52)\n\tat com.miui.player.util.FirebaseRemoteConfigWrapper.i(SourceFile:1)\n\tat com.miui.player.util.q.onComplete(SourceFile:1)\n\tat com.google.android.gms.tasks.zzi.run(SourceFile:22)\n\tat android.os.Handler.handleCallback(Handler.java:958)\n\tat android.os.Handler.dispatchMessage(Handler.java:99)\n\tat android.os.Looper.loopOnce(Looper.java:255)\n\tat android.os.Looper.loop(Looper.java:364)\n\tat android.app.ActivityThread.main(ActivityThread.java:8938)\n\tat java.lang.reflect.Method.invoke(Native Method)\n\tat com.android.internal.os.RuntimeInit$MethodAndArgsCaller.run(RuntimeInit.java:572)\n\tat com.android.internal.os.ZygoteInit.main(ZygoteInit.java:1053)\n",
    "is_privacy": true
},
{
    "type": "log",
    "source": "class",
    "method": "getInstance",
    "package_name": "com.miui.player",
    "class_name": "com.google.firebase.analytics.FirebaseAnalytics",
    "timestamp": 1728462546662,
    "ref": "<class: com.google.firebase.analytics.FirebaseAnalytics>",
    "arguments": "{\"0\":\"<instance: android.content.Context, $className: com.miui.player.app.MusicApplication>\"}",
    "stack_trace": "java.lang.Exception\n\tat com.google.firebase.analytics.FirebaseAnalytics.getInstance(Native Method)\n\tat java.lang.reflect.Method.invoke(Native Method)\n\tat com.google.android.gms.measurement.internal.zzft.zzah(SourceFile:73)\n\tat com.google.android.gms.measurement.internal.zzft.zza(SourceFile:17)\n\tat com.google.android.gms.measurement.internal.zzld.zzc(SourceFile:3)\n\tat com.google.android.gms.measurement.internal.zzld.zza(SourceFile:111)\n\tat com.google.android.gms.measurement.internal.zzjc.zza(SourceFile:477)\n\tat com.google.android.gms.measurement.internal.zzjw.run(SourceFile:11)\n\tat java.util.concurrent.Executors$RunnableAdapter.call(Executors.java:487)\n\tat java.util.concurrent.FutureTask.run(FutureTask.java:290)\n\tat com.google.android.gms.measurement.internal.zzhn.run(SourceFile:49)\n",
    "is_privacy": false
},
{
    "type": "log",
    "source": "class",
    "method": "getFirebaseInstanceId",
    "package_name": "com.miui.player",
    "class_name": "com.google.firebase.analytics.FirebaseAnalytics",
    "timestamp": 1728462546665,
    "ref": "com.google.firebase.analytics.FirebaseAnalytics@4601ce",
    "arguments": "{}",
    "stack_trace": "java.lang.Exception\n\tat com.google.firebase.analytics.FirebaseAnalytics.getFirebaseInstanceId(Native Method)\n\tat java.lang.reflect.Method.invoke(Native Method)\n\tat com.google.android.gms.measurement.internal.zzft.zzah(SourceFile:90)\n\tat com.google.android.gms.measurement.internal.zzft.zza(SourceFile:17)\n\tat com.google.android.gms.measurement.internal.zzld.zzc(SourceFile:3)\n\tat com.google.android.gms.measurement.internal.zzld.zza(SourceFile:111)\n\tat com.google.android.gms.measurement.internal.zzjc.zza(SourceFile:477)\n\tat com.google.android.gms.measurement.internal.zzjw.run(SourceFile:11)\n\tat java.util.concurrent.Executors$RunnableAdapter.call(Executors.java:487)\n\tat java.util.concurrent.FutureTask.run(FutureTask.java:290)\n\tat com.google.android.gms.measurement.internal.zzhn.run(SourceFile:49)\n",
    "is_privacy": false
},
