{
    "type": "log",
    "source": "class",
    "method": "getInstance",
    "package_name": "com.toppan.shufoo.android",
    "class_name": "com.google.firebase.analytics.FirebaseAnalytics",
    "timestamp": 1728462718002,
    "ref": "<class: com.google.firebase.analytics.FirebaseAnalytics>",
    "arguments": "{\"0\":\"<instance: android.content.Context, $className: com.toppan.shufoo.android.ShufooApp>\"}",
    "stack_trace": "java.lang.Exception\n\tat com.google.firebase.analytics.FirebaseAnalytics.getInstance(Native Method)\n\tat java.lang.reflect.Method.invoke(Native Method)\n\tat com.google.android.gms.measurement.internal.zzft.zzah(com.google.android.gms:play-services-measurement-impl@@22.0.0:145)\n\tat com.google.android.gms.measurement.internal.zzft.zza(com.google.android.gms:play-services-measurement-impl@@22.0.0:36)\n\tat com.google.android.gms.measurement.internal.zzld.zzc(com.google.android.gms:play-services-measurement-impl@@22.0.0:4)\n\tat com.google.android.gms.measurement.internal.zzld.zzac(com.google.android.gms:play-services-measurement-impl@@22.0.0:59)\n\tat com.google.android.gms.measurement.internal.zzjc.zzak(com.google.android.gms:play-services-measurement-impl@@22.0.0:188)\n\tat com.google.android.gms.measurement.internal.zzhm.zza(com.google.android.gms:play-services-measurement-impl@@22.0.0:519)\n\tat com.google.android.gms.measurement.internal.zzhr.run(com.google.android.gms:play-services-measurement-impl@@22.0.0:3)\n\tat java.util.concurrent.Executors$RunnableAdapter.call(Executors.java:487)\n\tat java.util.concurrent.FutureTask.run(FutureTask.java:290)\n\tat com.google.android.gms.measurement.internal.zzhn.run(com.google.android.gms:play-services-measurement-impl@@22.0.0:37)\n",
    "is_privacy": false
},
{
    "type": "log",
    "source": "class",
    "method": "getFirebaseInstanceId",
    "package_name": "com.toppan.shufoo.android",
    "class_name": "com.google.firebase.analytics.FirebaseAnalytics",
    "timestamp": 1728462718005,
    "ref": "com.google.firebase.analytics.FirebaseAnalytics@4093afb",
    "arguments": "{}",
    "stack_trace": "java.lang.Exception\n\tat com.google.firebase.analytics.FirebaseAnalytics.getFirebaseInstanceId(Native Method)\n\tat java.lang.reflect.Method.invoke(Native Method)\n\tat com.google.android.gms.measurement.internal.zzft.zzah(com.google.android.gms:play-services-measurement-impl@@22.0.0:154)\n\tat com.google.android.gms.measurement.internal.zzft.zza(com.google.android.gms:play-services-measurement-impl@@22.0.0:36)\n\tat com.google.android.gms.measurement.internal.zzld.zzc(com.google.android.gms:play-services-measurement-impl@@22.0.0:4)\n\tat com.google.android.gms.measurement.internal.zzld.zzac(com.google.android.gms:play-services-measurement-impl@@22.0.0:59)\n\tat com.google.android.gms.measurement.internal.zzjc.zzak(com.google.android.gms:play-services-measurement-impl@@22.0.0:188)\n\tat com.google.android.gms.measurement.internal.zzhm.zza(com.google.android.gms:play-services-measurement-impl@@22.0.0:519)\n\tat com.google.android.gms.measurement.internal.zzhr.run(com.google.android.gms:play-services-measurement-impl@@22.0.0:3)\n\tat java.util.concurrent.Executors$RunnableAdapter.call(Executors.java:487)\n\tat java.util.concurrent.FutureTask.run(FutureTask.java:290)\n\tat com.google.android.gms.measurement.internal.zzhn.run(com.google.android.gms:play-services-measurement-impl@@22.0.0:37)\n",
    "is_privacy": false
},
{
    "type": "log",
    "source": "class",
    "method": "getInstance",
    "package_name": "com.toppan.shufoo.android",
    "class_name": "com.google.firebase.analytics.FirebaseAnalytics",
    "timestamp": 1728462719102,
    "ref": "<class: com.google.firebase.analytics.FirebaseAnalytics>",
    "arguments": "{\"0\":\"<instance: android.content.Context, $className: com.toppan.shufoo.android.ShufooApp>\"}",
    "stack_trace": "java.lang.Exception\n\tat com.google.firebase.analytics.FirebaseAnalytics.getInstance(Native Method)\n\tat java.lang.reflect.Method.invoke(Native Method)\n\tat com.google.android.gms.measurement.internal.zzft.zzah(com.google.android.gms:play-services-measurement-impl@@22.0.0:145)\n\tat com.google.android.gms.measurement.internal.zzft.zza(com.google.android.gms:play-services-measurement-impl@@22.0.0:36)\n\tat com.google.android.gms.measurement.internal.zzld.zzc(com.google.android.gms:play-services-measurement-impl@@22.0.0:4)\n\tat com.google.android.gms.measurement.internal.zzld.zza(com.google.android.gms:play-services-measurement-impl@@22.0.0:314)\n\tat com.google.android.gms.measurement.internal.zzjc.zza(com.google.android.gms:play-services-measurement-impl@@22.0.0:878)\n\tat com.google.android.gms.measurement.internal.zzmv.zzb(com.google.android.gms:play-services-measurement-impl@@22.0.0:30)\n\tat com.google.android.gms.measurement.internal.zzmv.zza(com.google.android.gms:play-services-measurement-impl@@22.0.0:9)\n\tat com.google.android.gms.measurement.internal.zzhm.zza(com.google.android.gms:play-services-measurement-impl@@22.0.0:520)\n\tat com.google.android.gms.measurement.internal.zzhr.run(com.google.android.gms:play-services-measurement-impl@@22.0.0:3)\n\tat java.util.concurrent.Executors$RunnableAdapter.call(Executors.java:487)\n\tat java.util.concurrent.FutureTask.run(FutureTask.java:290)\n\tat com.google.android.gms.measurement.internal.zzhn.run(com.google.android.gms:play-services-measurement-impl@@22.0.0:37)\n",
    "is_privacy": false
},
{
    "type": "log",
    "source": "class",
    "method": "getFirebaseInstanceId",
    "package_name": "com.toppan.shufoo.android",
    "class_name": "com.google.firebase.analytics.FirebaseAnalytics",
    "timestamp": 1728462719110,
    "ref": "com.google.firebase.analytics.FirebaseAnalytics@4093afb",
    "arguments": "{}",
    "stack_trace": "java.lang.Exception\n\tat com.google.firebase.analytics.FirebaseAnalytics.getFirebaseInstanceId(Native Method)\n\tat java.lang.reflect.Method.invoke(Native Method)\n\tat com.google.android.gms.measurement.internal.zzft.zzah(com.google.android.gms:play-services-measurement-impl@@22.0.0:154)\n\tat com.google.android.gms.measurement.internal.zzft.zza(com.google.android.gms:play-services-measurement-impl@@22.0.0:36)\n\tat com.google.android.gms.measurement.internal.zzld.zzc(com.google.android.gms:play-services-measurement-impl@@22.0.0:4)\n\tat com.google.android.gms.measurement.internal.zzld.zza(com.google.android.gms:play-services-measurement-impl@@22.0.0:314)\n\tat com.google.android.gms.measurement.internal.zzjc.zza(com.google.android.gms:play-services-measurement-impl@@22.0.0:878)\n\tat com.google.android.gms.measurement.internal.zzmv.zzb(com.google.android.gms:play-services-measurement-impl@@22.0.0:30)\n\tat com.google.android.gms.measurement.internal.zzmv.zza(com.google.android.gms:play-services-measurement-impl@@22.0.0:9)\n\tat com.google.android.gms.measurement.internal.zzhm.zza(com.google.android.gms:play-services-measurement-impl@@22.0.0:520)\n\tat com.google.android.gms.measurement.internal.zzhr.run(com.google.android.gms:play-services-measurement-impl@@22.0.0:3)\n\tat java.util.concurrent.Executors$RunnableAdapter.call(Executors.java:487)\n\tat java.util.concurrent.FutureTask.run(FutureTask.java:290)\n\tat com.google.android.gms.measurement.internal.zzhn.run(com.google.android.gms:play-services-measurement-impl@@22.0.0:37)\n",
    "is_privacy": false
},
{
    "type": "log",
    "source": "class",
    "method": "getInstance",
    "package_name": "com.toppan.shufoo.android",
    "class_name": "com.appsflyer.AppsFlyerLib",
    "timestamp": 1728462719155,
    "ref": "<class: com.appsflyer.AppsFlyerLib>",
    "arguments": "{}",
    "stack_trace": "java.lang.Exception\n\tat com.appsflyer.AppsFlyerLib.getInstance(Native Method)\n\tat com.toppan.shufoo.android.helper.AppsFlyerHelper.initialize(AppsFlyerHelper.java:77)\n\tat com.toppan.shufoo.android.LaunchActivity.onCreate(LaunchActivity.java:182)\n\tat android.app.Activity.performCreate(Activity.java:8780)\n\tat android.app.Activity.performCreate(Activity.java:8752)\n\tat android.app.Instrumentation.callActivityOnCreate(Instrumentation.java:1475)\n\tat android.app.ActivityThread.performLaunchActivity(ActivityThread.java:4067)\n\tat android.app.ActivityThread.handleLaunchActivity(ActivityThread.java:4243)\n\tat android.app.servertransaction.LaunchActivityItem.execute(LaunchActivityItem.java:114)\n\tat android.app.servertransaction.TransactionExecutor.executeCallbacks(TransactionExecutor.java:144)\n\tat android.app.servertransaction.TransactionExecutor.execute(TransactionExecutor.java:101)\n\tat android.app.ActivityThread$H.handleMessage(ActivityThread.java:2705)\n\tat android.os.Handler.dispatchMessage(Handler.java:106)\n\tat android.os.Looper.loopOnce(Looper.java:255)\n\tat android.os.Looper.loop(Looper.java:364)\n\tat android.app.ActivityThread.main(ActivityThread.java:8938)\n\tat java.lang.reflect.Method.invoke(Native Method)\n\tat com.android.internal.os.RuntimeInit$MethodAndArgsCaller.run(RuntimeInit.java:572)\n\tat com.android.internal.os.ZygoteInit.main(ZygoteInit.java:1053)\n",
    "is_privacy": false
},
{
    "type": "log",
    "source": "class",
    "method": "getInstance",
    "package_name": "com.toppan.shufoo.android",
    "class_name": "com.appsflyer.AppsFlyerLib",
    "timestamp": 1728462719160,
    "ref": "<class: com.appsflyer.AppsFlyerLib>",
    "arguments": "{}",
    "stack_trace": "java.lang.Exception\n\tat com.appsflyer.AppsFlyerLib.getInstance(Native Method)\n\tat com.toppan.shufoo.android.helper.AppsFlyerHelper.initialize(AppsFlyerHelper.java:78)\n\tat com.toppan.shufoo.android.LaunchActivity.onCreate(LaunchActivity.java:182)\n\tat android.app.Activity.performCreate(Activity.java:8780)\n\tat android.app.Activity.performCreate(Activity.java:8752)\n\tat android.app.Instrumentation.callActivityOnCreate(Instrumentation.java:1475)\n\tat android.app.ActivityThread.performLaunchActivity(ActivityThread.java:4067)\n\tat android.app.ActivityThread.handleLaunchActivity(ActivityThread.java:4243)\n\tat android.app.servertransaction.LaunchActivityItem.execute(LaunchActivityItem.java:114)\n\tat android.app.servertransaction.TransactionExecutor.executeCallbacks(TransactionExecutor.java:144)\n\tat android.app.servertransaction.TransactionExecutor.execute(TransactionExecutor.java:101)\n\tat android.app.ActivityThread$H.handleMessage(ActivityThread.java:2705)\n\tat android.os.Handler.dispatchMessage(Handler.java:106)\n\tat android.os.Looper.loopOnce(Looper.java:255)\n\tat android.os.Looper.loop(Looper.java:364)\n\tat android.app.ActivityThread.main(ActivityThread.java:8938)\n\tat java.lang.reflect.Method.invoke(Native Method)\n\tat com.android.internal.os.RuntimeInit$MethodAndArgsCaller.run(RuntimeInit.java:572)\n\tat com.android.internal.os.ZygoteInit.main(ZygoteInit.java:1053)\n",
    "is_privacy": false
},
{
    "type": "log",
    "source": "class",
    "method": "getInstance",
    "package_name": "com.toppan.shufoo.android",
    "class_name": "com.appsflyer.AppsFlyerLib",
    "timestamp": 1728462719163,
    "ref": "<class: com.appsflyer.AppsFlyerLib>",
    "arguments": "{}",
    "stack_trace": "java.lang.Exception\n\tat com.appsflyer.AppsFlyerLib.getInstance(Native Method)\n\tat com.toppan.shufoo.android.helper.AppsFlyerHelper.initialize(AppsFlyerHelper.java:79)\n\tat com.toppan.shufoo.android.LaunchActivity.onCreate(LaunchActivity.java:182)\n\tat android.app.Activity.performCreate(Activity.java:8780)\n\tat android.app.Activity.performCreate(Activity.java:8752)\n\tat android.app.Instrumentation.callActivityOnCreate(Instrumentation.java:1475)\n\tat android.app.ActivityThread.performLaunchActivity(ActivityThread.java:4067)\n\tat android.app.ActivityThread.handleLaunchActivity(ActivityThread.java:4243)\n\tat android.app.servertransaction.LaunchActivityItem.execute(LaunchActivityItem.java:114)\n\tat android.app.servertransaction.TransactionExecutor.executeCallbacks(TransactionExecutor.java:144)\n\tat android.app.servertransaction.TransactionExecutor.execute(TransactionExecutor.java:101)\n\tat android.app.ActivityThread$H.handleMessage(ActivityThread.java:2705)\n\tat android.os.Handler.dispatchMessage(Handler.java:106)\n\tat android.os.Looper.loopOnce(Looper.java:255)\n\tat android.os.Looper.loop(Looper.java:364)\n\tat android.app.ActivityThread.main(ActivityThread.java:8938)\n\tat java.lang.reflect.Method.invoke(Native Method)\n\tat com.android.internal.os.RuntimeInit$MethodAndArgsCaller.run(RuntimeInit.java:572)\n\tat com.android.internal.os.ZygoteInit.main(ZygoteInit.java:1053)\n",
    "is_privacy": false
},
{
    "type": "log",
    "source": "class",
    "method": "getInstance",
    "package_name": "com.toppan.shufoo.android",
    "class_name": "com.appsflyer.AppsFlyerLib",
    "timestamp": 1728462719168,
    "ref": "<class: com.appsflyer.AppsFlyerLib>",
    "arguments": "{}",
    "stack_trace": "java.lang.Exception\n\tat com.appsflyer.AppsFlyerLib.getInstance(Native Method)\n\tat com.toppan.shufoo.android.helper.AppsFlyerHelper.initialize(AppsFlyerHelper.java:80)\n\tat com.toppan.shufoo.android.LaunchActivity.onCreate(LaunchActivity.java:182)\n\tat android.app.Activity.performCreate(Activity.java:8780)\n\tat android.app.Activity.performCreate(Activity.java:8752)\n\tat android.app.Instrumentation.callActivityOnCreate(Instrumentation.java:1475)\n\tat android.app.ActivityThread.performLaunchActivity(ActivityThread.java:4067)\n\tat android.app.ActivityThread.handleLaunchActivity(ActivityThread.java:4243)\n\tat android.app.servertransaction.LaunchActivityItem.execute(LaunchActivityItem.java:114)\n\tat android.app.servertransaction.TransactionExecutor.executeCallbacks(TransactionExecutor.java:144)\n\tat android.app.servertransaction.TransactionExecutor.execute(TransactionExecutor.java:101)\n\tat android.app.ActivityThread$H.handleMessage(ActivityThread.java:2705)\n\tat android.os.Handler.dispatchMessage(Handler.java:106)\n\tat android.os.Looper.loopOnce(Looper.java:255)\n\tat android.os.Looper.loop(Looper.java:364)\n\tat android.app.ActivityThread.main(ActivityThread.java:8938)\n\tat java.lang.reflect.Method.invoke(Native Method)\n\tat com.android.internal.os.RuntimeInit$MethodAndArgsCaller.run(RuntimeInit.java:572)\n\tat com.android.internal.os.ZygoteInit.main(ZygoteInit.java:1053)\n",
    "is_privacy": false
},
{
    "type": "log",
    "source": "class",
    "method": "getInstance",
    "package_name": "com.toppan.shufoo.android",
    "class_name": "com.appsflyer.AppsFlyerLib",
    "timestamp": 1728462719191,
    "ref": "<class: com.appsflyer.AppsFlyerLib>",
    "arguments": "{}",
    "stack_trace": "java.lang.Exception\n\tat com.appsflyer.AppsFlyerLib.getInstance(Native Method)\n\tat com.toppan.shufoo.android.helper.AppsFlyerHelper.initialize(AppsFlyerHelper.java:81)\n\tat com.toppan.shufoo.android.LaunchActivity.onCreate(LaunchActivity.java:182)\n\tat android.app.Activity.performCreate(Activity.java:8780)\n\tat android.app.Activity.performCreate(Activity.java:8752)\n\tat android.app.Instrumentation.callActivityOnCreate(Instrumentation.java:1475)\n\tat android.app.ActivityThread.performLaunchActivity(ActivityThread.java:4067)\n\tat android.app.ActivityThread.handleLaunchActivity(ActivityThread.java:4243)\n\tat android.app.servertransaction.LaunchActivityItem.execute(LaunchActivityItem.java:114)\n\tat android.app.servertransaction.TransactionExecutor.executeCallbacks(TransactionExecutor.java:144)\n\tat android.app.servertransaction.TransactionExecutor.execute(TransactionExecutor.java:101)\n\tat android.app.ActivityThread$H.handleMessage(ActivityThread.java:2705)\n\tat android.os.Handler.dispatchMessage(Handler.java:106)\n\tat android.os.Looper.loopOnce(Looper.java:255)\n\tat android.os.Looper.loop(Looper.java:364)\n\tat android.app.ActivityThread.main(ActivityThread.java:8938)\n\tat java.lang.reflect.Method.invoke(Native Method)\n\tat com.android.internal.os.RuntimeInit$MethodAndArgsCaller.run(RuntimeInit.java:572)\n\tat com.android.internal.os.ZygoteInit.main(ZygoteInit.java:1053)\n",
    "is_privacy": false
},
{
    "type": "log",
    "source": "class",
    "method": "getInstance",
    "package_name": "com.toppan.shufoo.android",
    "class_name": "com.google.firebase.analytics.FirebaseAnalytics",
    "timestamp": 1728462719235,
    "ref": "<class: com.google.firebase.analytics.FirebaseAnalytics>",
    "arguments": "{\"0\":\"<instance: android.content.Context, $className: com.toppan.shufoo.android.ShufooApp>\"}",
    "stack_trace": "java.lang.Exception\n\tat com.google.firebase.analytics.FirebaseAnalytics.getInstance(Native Method)\n\tat java.lang.reflect.Method.invoke(Native Method)\n\tat com.google.android.gms.measurement.internal.zzft.zzah(com.google.android.gms:play-services-measurement-impl@@22.0.0:145)\n\tat com.google.android.gms.measurement.internal.zzft.zza(com.google.android.gms:play-services-measurement-impl@@22.0.0:36)\n\tat com.google.android.gms.measurement.internal.zzld.zzc(com.google.android.gms:play-services-measurement-impl@@22.0.0:4)\n\tat com.google.android.gms.measurement.internal.zzld.zza(com.google.android.gms:play-services-measurement-impl@@22.0.0:184)\n\tat com.google.android.gms.measurement.internal.zzjc.zza(com.google.android.gms:play-services-measurement-impl@@22.0.0:534)\n\tat com.google.android.gms.measurement.internal.zzjc.zza(com.google.android.gms:play-services-measurement-impl@@22.0.0:348)\n\tat com.google.android.gms.measurement.internal.zzmv.zzb(com.google.android.gms:play-services-measurement-impl@@22.0.0:36)\n\tat com.google.android.gms.measurement.internal.zzmv.zza(com.google.android.gms:play-services-measurement-impl@@22.0.0:9)\n\tat com.google.android.gms.measurement.internal.zzhm.zza(com.google.android.gms:play-services-measurement-impl@@22.0.0:520)\n\tat com.google.android.gms.measurement.internal.zzhr.run(com.google.android.gms:play-services-measurement-impl@@22.0.0:3)\n\tat java.util.concurrent.Executors$RunnableAdapter.call(Executors.java:487)\n\tat java.util.concurrent.FutureTask.run(FutureTask.java:290)\n\tat com.google.android.gms.measurement.internal.zzhn.run(com.google.android.gms:play-services-measurement-impl@@22.0.0:37)\n",
    "is_privacy": false
},
{
    "type": "log",
    "source": "class",
    "method": "getFirebaseInstanceId",
    "package_name": "com.toppan.shufoo.android",
    "class_name": "com.google.firebase.analytics.FirebaseAnalytics",
    "timestamp": 1728462719243,
    "ref": "com.google.firebase.analytics.FirebaseAnalytics@4093afb",
    "arguments": "{}",
    "stack_trace": "java.lang.Exception\n\tat com.google.firebase.analytics.FirebaseAnalytics.getFirebaseInstanceId(Native Method)\n\tat java.lang.reflect.Method.invoke(Native Method)\n\tat com.google.android.gms.measurement.internal.zzft.zzah(com.google.android.gms:play-services-measurement-impl@@22.0.0:154)\n\tat com.google.android.gms.measurement.internal.zzft.zza(com.google.android.gms:play-services-measurement-impl@@22.0.0:36)\n\tat com.google.android.gms.measurement.internal.zzld.zzc(com.google.android.gms:play-services-measurement-impl@@22.0.0:4)\n\tat com.google.android.gms.measurement.internal.zzld.zza(com.google.android.gms:play-services-measurement-impl@@22.0.0:184)\n\tat com.google.android.gms.measurement.internal.zzjc.zza(com.google.android.gms:play-services-measurement-impl@@22.0.0:534)\n\tat com.google.android.gms.measurement.internal.zzjc.zza(com.google.android.gms:play-services-measurement-impl@@22.0.0:348)\n\tat com.google.android.gms.measurement.internal.zzmv.zzb(com.google.android.gms:play-services-measurement-impl@@22.0.0:36)\n\tat com.google.android.gms.measurement.internal.zzmv.zza(com.google.android.gms:play-services-measurement-impl@@22.0.0:9)\n\tat com.google.android.gms.measurement.internal.zzhm.zza(com.google.android.gms:play-services-measurement-impl@@22.0.0:520)\n\tat com.google.android.gms.measurement.internal.zzhr.run(com.google.android.gms:play-services-measurement-impl@@22.0.0:3)\n\tat java.util.concurrent.Executors$RunnableAdapter.call(Executors.java:487)\n\tat java.util.concurrent.FutureTask.run(FutureTask.java:290)\n\tat com.google.android.gms.measurement.internal.zzhn.run(com.google.android.gms:play-services-measurement-impl@@22.0.0:37)\n",
    "is_privacy": false
},
{
    "type": "log",
    "source": "class",
    "method": "getInstance",
    "package_name": "com.toppan.shufoo.android",
    "class_name": "com.google.firebase.analytics.FirebaseAnalytics",
    "timestamp": 1728462719274,
    "ref": "<class: com.google.firebase.analytics.FirebaseAnalytics>",
    "arguments": "{\"0\":\"<instance: android.content.Context, $className: com.toppan.shufoo.android.ShufooApp>\"}",
    "stack_trace": "java.lang.Exception\n\tat com.google.firebase.analytics.FirebaseAnalytics.getInstance(Native Method)\n\tat java.lang.reflect.Method.invoke(Native Method)\n\tat com.google.android.gms.measurement.internal.zzft.zzah(com.google.android.gms:play-services-measurement-impl@@22.0.0:145)\n\tat com.google.android.gms.measurement.internal.zzft.zza(com.google.android.gms:play-services-measurement-impl@@22.0.0:36)\n\tat com.google.android.gms.measurement.internal.zzld.zzc(com.google.android.gms:play-services-measurement-impl@@22.0.0:4)\n\tat com.google.android.gms.measurement.internal.zzld.zza(com.google.android.gms:play-services-measurement-impl@@22.0.0:121)\n\tat com.google.android.gms.measurement.internal.zzhm.zza(com.google.android.gms:play-services-measurement-impl@@22.0.0:521)\n\tat com.google.android.gms.measurement.internal.zzhr.run(com.google.android.gms:play-services-measurement-impl@@22.0.0:3)\n\tat java.util.concurrent.Executors$RunnableAdapter.call(Executors.java:487)\n\tat java.util.concurrent.FutureTask.run(FutureTask.java:290)\n\tat com.google.android.gms.measurement.internal.zzhn.run(com.google.android.gms:play-services-measurement-impl@@22.0.0:37)\n",
    "is_privacy": false
},
{
    "type": "log",
    "source": "class",
    "method": "getFirebaseInstanceId",
    "package_name": "com.toppan.shufoo.android",
    "class_name": "com.google.firebase.analytics.FirebaseAnalytics",
    "timestamp": 1728462719278,
    "ref": "com.google.firebase.analytics.FirebaseAnalytics@4093afb",
    "arguments": "{}",
    "stack_trace": "java.lang.Exception\n\tat com.google.firebase.analytics.FirebaseAnalytics.getFirebaseInstanceId(Native Method)\n\tat java.lang.reflect.Method.invoke(Native Method)\n\tat com.google.android.gms.measurement.internal.zzft.zzah(com.google.android.gms:play-services-measurement-impl@@22.0.0:154)\n\tat com.google.android.gms.measurement.internal.zzft.zza(com.google.android.gms:play-services-measurement-impl@@22.0.0:36)\n\tat com.google.android.gms.measurement.internal.zzld.zzc(com.google.android.gms:play-services-measurement-impl@@22.0.0:4)\n\tat com.google.android.gms.measurement.internal.zzld.zza(com.google.android.gms:play-services-measurement-impl@@22.0.0:121)\n\tat com.google.android.gms.measurement.internal.zzhm.zza(com.google.android.gms:play-services-measurement-impl@@22.0.0:521)\n\tat com.google.android.gms.measurement.internal.zzhr.run(com.google.android.gms:play-services-measurement-impl@@22.0.0:3)\n\tat java.util.concurrent.Executors$RunnableAdapter.call(Executors.java:487)\n\tat java.util.concurrent.FutureTask.run(FutureTask.java:290)\n\tat com.google.android.gms.measurement.internal.zzhn.run(com.google.android.gms:play-services-measurement-impl@@22.0.0:37)\n",
    "is_privacy": false
},
{
    "type": "log",
    "source": "class",
    "method": "getInstance",
    "package_name": "com.toppan.shufoo.android",
    "class_name": "com.google.firebase.analytics.FirebaseAnalytics",
    "timestamp": 1728462719309,
    "ref": "<class: com.google.firebase.analytics.FirebaseAnalytics>",
    "arguments": "{\"0\":\"<instance: android.content.Context, $className: com.toppan.shufoo.android.ShufooApp>\"}",
    "stack_trace": "java.lang.Exception\n\tat com.google.firebase.analytics.FirebaseAnalytics.getInstance(Native Method)\n\tat java.lang.reflect.Method.invoke(Native Method)\n\tat com.google.android.gms.measurement.internal.zzft.zzah(com.google.android.gms:play-services-measurement-impl@@22.0.0:145)\n\tat com.google.android.gms.measurement.internal.zzft.zza(com.google.android.gms:play-services-measurement-impl@@22.0.0:36)\n\tat com.google.android.gms.measurement.internal.zzld.zzc(com.google.android.gms:play-services-measurement-impl@@22.0.0:4)\n\tat com.google.android.gms.measurement.internal.zzld.zza(com.google.android.gms:play-services-measurement-impl@@22.0.0:284)\n\tat com.google.android.gms.measurement.internal.zzhm.zza(com.google.android.gms:play-services-measurement-impl@@22.0.0:523)\n\tat com.google.android.gms.measurement.internal.zzhr.run(com.google.android.gms:play-services-measurement-impl@@22.0.0:3)\n\tat java.util.concurrent.Executors$RunnableAdapter.call(Executors.java:487)\n\tat java.util.concurrent.FutureTask.run(FutureTask.java:290)\n\tat com.google.android.gms.measurement.internal.zzhn.run(com.google.android.gms:play-services-measurement-impl@@22.0.0:37)\n",
    "is_privacy": false
},
{
    "type": "log",
    "source": "class",
    "method": "getInstance",
    "package_name": "com.toppan.shufoo.android",
    "class_name": "com.google.firebase.analytics.FirebaseAnalytics",
    "timestamp": 1728462719314,
    "ref": "<class: com.google.firebase.analytics.FirebaseAnalytics>",
    "arguments": "{\"0\":\"<instance: android.content.Context, $className: com.toppan.shufoo.android.LaunchActivity>\"}",
    "stack_trace": "java.lang.Exception\n\tat com.google.firebase.analytics.FirebaseAnalytics.getInstance(Native Method)\n\tat com.toppan.shufoo.android.util.AnalyticsLogger.sendUserId(AnalyticsLogger.java:973)\n\tat com.toppan.shufoo.android.util.AnalyticsLogger.setSUID(AnalyticsLogger.java:1087)\n\tat com.toppan.shufoo.android.util.AnalyticsLogger.sendUserPropertyOnLaunch(AnalyticsLogger.java:91)\n\tat com.toppan.shufoo.android.LaunchActivity.onCreate(LaunchActivity.java:279)\n\tat android.app.Activity.performCreate(Activity.java:8780)\n\tat android.app.Activity.performCreate(Activity.java:8752)\n\tat android.app.Instrumentation.callActivityOnCreate(Instrumentation.java:1475)\n\tat android.app.ActivityThread.performLaunchActivity(ActivityThread.java:4067)\n\tat android.app.ActivityThread.handleLaunchActivity(ActivityThread.java:4243)\n\tat android.app.servertransaction.LaunchActivityItem.execute(LaunchActivityItem.java:114)\n\tat android.app.servertransaction.TransactionExecutor.executeCallbacks(TransactionExecutor.java:144)\n\tat android.app.servertransaction.TransactionExecutor.execute(TransactionExecutor.java:101)\n\tat android.app.ActivityThread$H.handleMessage(ActivityThread.java:2705)\n\tat android.os.Handler.dispatchMessage(Handler.java:106)\n\tat android.os.Looper.loopOnce(Looper.java:255)\n\tat android.os.Looper.loop(Looper.java:364)\n\tat android.app.ActivityThread.main(ActivityThread.java:8938)\n\tat java.lang.reflect.Method.invoke(Native Method)\n\tat com.android.internal.os.RuntimeInit$MethodAndArgsCaller.run(RuntimeInit.java:572)\n\tat com.android.internal.os.ZygoteInit.main(ZygoteInit.java:1053)\n",
    "is_privacy": false
},
{
    "type": "log",
    "source": "class",
    "method": "getFirebaseInstanceId",
    "package_name": "com.toppan.shufoo.android",
    "class_name": "com.google.firebase.analytics.FirebaseAnalytics",
    "timestamp": 1728462719315,
    "ref": "com.google.firebase.analytics.FirebaseAnalytics@4093afb",
    "arguments": "{}",
    "stack_trace": "java.lang.Exception\n\tat com.google.firebase.analytics.FirebaseAnalytics.getFirebaseInstanceId(Native Method)\n\tat java.lang.reflect.Method.invoke(Native Method)\n\tat com.google.android.gms.measurement.internal.zzft.zzah(com.google.android.gms:play-services-measurement-impl@@22.0.0:154)\n\tat com.google.android.gms.measurement.internal.zzft.zza(com.google.android.gms:play-services-measurement-impl@@22.0.0:36)\n\tat com.google.android.gms.measurement.internal.zzld.zzc(com.google.android.gms:play-services-measurement-impl@@22.0.0:4)\n\tat com.google.android.gms.measurement.internal.zzld.zza(com.google.android.gms:play-services-measurement-impl@@22.0.0:284)\n\tat com.google.android.gms.measurement.internal.zzhm.zza(com.google.android.gms:play-services-measurement-impl@@22.0.0:523)\n\tat com.google.android.gms.measurement.internal.zzhr.run(com.google.android.gms:play-services-measurement-impl@@22.0.0:3)\n\tat java.util.concurrent.Executors$RunnableAdapter.call(Executors.java:487)\n\tat java.util.concurrent.FutureTask.run(FutureTask.java:290)\n\tat com.google.android.gms.measurement.internal.zzhn.run(com.google.android.gms:play-services-measurement-impl@@22.0.0:37)\n",
    "is_privacy": false
},
{
    "type": "log",
    "source": "class",
    "method": "setUserId",
    "package_name": "com.toppan.shufoo.android",
    "class_name": "com.google.firebase.analytics.FirebaseAnalytics",
    "timestamp": 1728462719318,
    "ref": "com.google.firebase.analytics.FirebaseAnalytics@4093afb",
    "arguments": "{\"0\":\"5448fc344a531980df2e0605934cc2d30000000000000\"}",
    "stack_trace": "java.lang.Exception\n\tat com.google.firebase.analytics.FirebaseAnalytics.setUserId(Native Method)\n\tat com.toppan.shufoo.android.util.AnalyticsLogger.sendUserId(AnalyticsLogger.java:974)\n\tat com.toppan.shufoo.android.util.AnalyticsLogger.setSUID(AnalyticsLogger.java:1087)\n\tat com.toppan.shufoo.android.util.AnalyticsLogger.sendUserPropertyOnLaunch(AnalyticsLogger.java:91)\n\tat com.toppan.shufoo.android.LaunchActivity.onCreate(LaunchActivity.java:279)\n\tat android.app.Activity.performCreate(Activity.java:8780)\n\tat android.app.Activity.performCreate(Activity.java:8752)\n\tat android.app.Instrumentation.callActivityOnCreate(Instrumentation.java:1475)\n\tat android.app.ActivityThread.performLaunchActivity(ActivityThread.java:4067)\n\tat android.app.ActivityThread.handleLaunchActivity(ActivityThread.java:4243)\n\tat android.app.servertransaction.LaunchActivityItem.execute(LaunchActivityItem.java:114)\n\tat android.app.servertransaction.TransactionExecutor.executeCallbacks(TransactionExecutor.java:144)\n\tat android.app.servertransaction.TransactionExecutor.execute(TransactionExecutor.java:101)\n\tat android.app.ActivityThread$H.handleMessage(ActivityThread.java:2705)\n\tat android.os.Handler.dispatchMessage(Handler.java:106)\n\tat android.os.Looper.loopOnce(Looper.java:255)\n\tat android.os.Looper.loop(Looper.java:364)\n\tat android.app.ActivityThread.main(ActivityThread.java:8938)\n\tat java.lang.reflect.Method.invoke(Native Method)\n\tat com.android.internal.os.RuntimeInit$MethodAndArgsCaller.run(RuntimeInit.java:572)\n\tat com.android.internal.os.ZygoteInit.main(ZygoteInit.java:1053)\n",
    "is_privacy": false
},
{
    "type": "log",
    "source": "class",
    "method": "getInstance",
    "package_name": "com.toppan.shufoo.android",
    "class_name": "com.google.firebase.analytics.FirebaseAnalytics",
    "timestamp": 1728462719321,
    "ref": "<class: com.google.firebase.analytics.FirebaseAnalytics>",
    "arguments": "{\"0\":\"<instance: android.content.Context, $className: com.toppan.shufoo.android.LaunchActivity>\"}",
    "stack_trace": "java.lang.Exception\n\tat com.google.firebase.analytics.FirebaseAnalytics.getInstance(Native Method)\n\tat com.toppan.shufoo.android.util.AnalyticsLogger.sendUserProperty(AnalyticsLogger.java:967)\n\tat com.toppan.shufoo.android.util.AnalyticsLogger.sendUserPropertyOnLaunch(AnalyticsLogger.java:94)\n\tat com.toppan.shufoo.android.LaunchActivity.onCreate(LaunchActivity.java:279)\n\tat android.app.Activity.performCreate(Activity.java:8780)\n\tat android.app.Activity.performCreate(Activity.java:8752)\n\tat android.app.Instrumentation.callActivityOnCreate(Instrumentation.java:1475)\n\tat android.app.ActivityThread.performLaunchActivity(ActivityThread.java:4067)\n\tat android.app.ActivityThread.handleLaunchActivity(ActivityThread.java:4243)\n\tat android.app.servertransaction.LaunchActivityItem.execute(LaunchActivityItem.java:114)\n\tat android.app.servertransaction.TransactionExecutor.executeCallbacks(TransactionExecutor.java:144)\n\tat android.app.servertransaction.TransactionExecutor.execute(TransactionExecutor.java:101)\n\tat android.app.ActivityThread$H.handleMessage(ActivityThread.java:2705)\n\tat android.os.Handler.dispatchMessage(Handler.java:106)\n\tat android.os.Looper.loopOnce(Looper.java:255)\n\tat android.os.Looper.loop(Looper.java:364)\n\tat android.app.ActivityThread.main(ActivityThread.java:8938)\n\tat java.lang.reflect.Method.invoke(Native Method)\n\tat com.android.internal.os.RuntimeInit$MethodAndArgsCaller.run(RuntimeInit.java:572)\n\tat com.android.internal.os.ZygoteInit.main(ZygoteInit.java:1053)\n",
    "is_privacy": false
},
{
    "type": "log",
    "source": "class",
    "method": "setUserProperty",
    "package_name": "com.toppan.shufoo.android",
    "class_name": "com.google.firebase.analytics.FirebaseAnalytics",
    "timestamp": 1728462719323,
    "ref": "com.google.firebase.analytics.FirebaseAnalytics@4093afb",
    "arguments": "{\"0\":\"member_id\",\"1\":\"\"}",
    "stack_trace": "java.lang.Exception\n\tat com.google.firebase.analytics.FirebaseAnalytics.setUserProperty(Native Method)\n\tat com.toppan.shufoo.android.util.AnalyticsLogger.sendUserProperty(AnalyticsLogger.java:968)\n\tat com.toppan.shufoo.android.util.AnalyticsLogger.sendUserPropertyOnLaunch(AnalyticsLogger.java:94)\n\tat com.toppan.shufoo.android.LaunchActivity.onCreate(LaunchActivity.java:279)\n\tat android.app.Activity.performCreate(Activity.java:8780)\n\tat android.app.Activity.performCreate(Activity.java:8752)\n\tat android.app.Instrumentation.callActivityOnCreate(Instrumentation.java:1475)\n\tat android.app.ActivityThread.performLaunchActivity(ActivityThread.java:4067)\n\tat android.app.ActivityThread.handleLaunchActivity(ActivityThread.java:4243)\n\tat android.app.servertransaction.LaunchActivityItem.execute(LaunchActivityItem.java:114)\n\tat android.app.servertransaction.TransactionExecutor.executeCallbacks(TransactionExecutor.java:144)\n\tat android.app.servertransaction.TransactionExecutor.execute(TransactionExecutor.java:101)\n\tat android.app.ActivityThread$H.handleMessage(ActivityThread.java:2705)\n\tat android.os.Handler.dispatchMessage(Handler.java:106)\n\tat android.os.Looper.loopOnce(Looper.java:255)\n\tat android.os.Looper.loop(Looper.java:364)\n\tat android.app.ActivityThread.main(ActivityThread.java:8938)\n\tat java.lang.reflect.Method.invoke(Native Method)\n\tat com.android.internal.os.RuntimeInit$MethodAndArgsCaller.run(RuntimeInit.java:572)\n\tat com.android.internal.os.ZygoteInit.main(ZygoteInit.java:1053)\n",
    "is_privacy": true
},
{
    "type": "log",
    "source": "class",
    "method": "getInstance",
    "package_name": "com.toppan.shufoo.android",
    "class_name": "com.google.firebase.analytics.FirebaseAnalytics",
    "timestamp": 1728462719326,
    "ref": "<class: com.google.firebase.analytics.FirebaseAnalytics>",
    "arguments": "{\"0\":\"<instance: android.content.Context, $className: com.toppan.shufoo.android.LaunchActivity>\"}",
    "stack_trace": "java.lang.Exception\n\tat com.google.firebase.analytics.FirebaseAnalytics.getInstance(Native Method)\n\tat com.toppan.shufoo.android.util.AnalyticsLogger.sendUserProperty(AnalyticsLogger.java:967)\n\tat com.toppan.shufoo.android.util.AnalyticsLogger.setTodayDeliver(AnalyticsLogger.java:1093)\n\tat com.toppan.shufoo.android.util.AnalyticsLogger.sendUserPropertyOnLaunch(AnalyticsLogger.java:96)\n\tat com.toppan.shufoo.android.LaunchActivity.onCreate(LaunchActivity.java:279)\n\tat android.app.Activity.performCreate(Activity.java:8780)\n\tat android.app.Activity.performCreate(Activity.java:8752)\n\tat android.app.Instrumentation.callActivityOnCreate(Instrumentation.java:1475)\n\tat android.app.ActivityThread.performLaunchActivity(ActivityThread.java:4067)\n\tat android.app.ActivityThread.handleLaunchActivity(ActivityThread.java:4243)\n\tat android.app.servertransaction.LaunchActivityItem.execute(LaunchActivityItem.java:114)\n\tat android.app.servertransaction.TransactionExecutor.executeCallbacks(TransactionExecutor.java:144)\n\tat android.app.servertransaction.TransactionExecutor.execute(TransactionExecutor.java:101)\n\tat android.app.ActivityThread$H.handleMessage(ActivityThread.java:2705)\n\tat android.os.Handler.dispatchMessage(Handler.java:106)\n\tat android.os.Looper.loopOnce(Looper.java:255)\n\tat android.os.Looper.loop(Looper.java:364)\n\tat android.app.ActivityThread.main(ActivityThread.java:8938)\n\tat java.lang.reflect.Method.invoke(Native Method)\n\tat com.android.internal.os.RuntimeInit$MethodAndArgsCaller.run(RuntimeInit.java:572)\n\tat com.android.internal.os.ZygoteInit.main(ZygoteInit.java:1053)\n",
    "is_privacy": false
},
{
    "type": "log",
    "source": "class",
    "method": "setUserProperty",
    "package_name": "com.toppan.shufoo.android",
    "class_name": "com.google.firebase.analytics.FirebaseAnalytics",
    "timestamp": 1728462719329,
    "ref": "com.google.firebase.analytics.FirebaseAnalytics@4093afb",
    "arguments": "{\"0\":\"todays_new\",\"1\":\"\u304a\u307e\u304b\u305b\"}",
    "stack_trace": "java.lang.Exception\n\tat com.google.firebase.analytics.FirebaseAnalytics.setUserProperty(Native Method)\n\tat com.toppan.shufoo.android.util.AnalyticsLogger.sendUserProperty(AnalyticsLogger.java:968)\n\tat com.toppan.shufoo.android.util.AnalyticsLogger.setTodayDeliver(AnalyticsLogger.java:1093)\n\tat com.toppan.shufoo.android.util.AnalyticsLogger.sendUserPropertyOnLaunch(AnalyticsLogger.java:96)\n\tat com.toppan.shufoo.android.LaunchActivity.onCreate(LaunchActivity.java:279)\n\tat android.app.Activity.performCreate(Activity.java:8780)\n\tat android.app.Activity.performCreate(Activity.java:8752)\n\tat android.app.Instrumentation.callActivityOnCreate(Instrumentation.java:1475)\n\tat android.app.ActivityThread.performLaunchActivity(ActivityThread.java:4067)\n\tat android.app.ActivityThread.handleLaunchActivity(ActivityThread.java:4243)\n\tat android.app.servertransaction.LaunchActivityItem.execute(LaunchActivityItem.java:114)\n\tat android.app.servertransaction.TransactionExecutor.executeCallbacks(TransactionExecutor.java:144)\n\tat android.app.servertransaction.TransactionExecutor.execute(TransactionExecutor.java:101)\n\tat android.app.ActivityThread$H.handleMessage(ActivityThread.java:2705)\n\tat android.os.Handler.dispatchMessage(Handler.java:106)\n\tat android.os.Looper.loopOnce(Looper.java:255)\n\tat android.os.Looper.loop(Looper.java:364)\n\tat android.app.ActivityThread.main(ActivityThread.java:8938)\n\tat java.lang.reflect.Method.invoke(Native Method)\n\tat com.android.internal.os.RuntimeInit$MethodAndArgsCaller.run(RuntimeInit.java:572)\n\tat com.android.internal.os.ZygoteInit.main(ZygoteInit.java:1053)\n",
    "is_privacy": true
},
{
    "type": "log",
    "source": "class",
    "method": "getInstance",
    "package_name": "com.toppan.shufoo.android",
    "class_name": "com.google.firebase.analytics.FirebaseAnalytics",
    "timestamp": 1728462719332,
    "ref": "<class: com.google.firebase.analytics.FirebaseAnalytics>",
    "arguments": "{\"0\":\"<instance: android.content.Context, $className: com.toppan.shufoo.android.LaunchActivity>\"}",
    "stack_trace": "java.lang.Exception\n\tat com.google.firebase.analytics.FirebaseAnalytics.getInstance(Native Method)\n\tat com.toppan.shufoo.android.util.AnalyticsLogger.sendUserProperty(AnalyticsLogger.java:967)\n\tat com.toppan.shufoo.android.util.AnalyticsLogger.setTomorrowDeliver(AnalyticsLogger.java:1100)\n\tat com.toppan.shufoo.android.util.AnalyticsLogger.sendUserPropertyOnLaunch(AnalyticsLogger.java:98)\n\tat com.toppan.shufoo.android.LaunchActivity.onCreate(LaunchActivity.java:279)\n\tat android.app.Activity.performCreate(Activity.java:8780)\n\tat android.app.Activity.performCreate(Activity.java:8752)\n\tat android.app.Instrumentation.callActivityOnCreate(Instrumentation.java:1475)\n\tat android.app.ActivityThread.performLaunchActivity(ActivityThread.java:4067)\n\tat android.app.ActivityThread.handleLaunchActivity(ActivityThread.java:4243)\n\tat android.app.servertransaction.LaunchActivityItem.execute(LaunchActivityItem.java:114)\n\tat android.app.servertransaction.TransactionExecutor.executeCallbacks(TransactionExecutor.java:144)\n\tat android.app.servertransaction.TransactionExecutor.execute(TransactionExecutor.java:101)\n\tat android.app.ActivityThread$H.handleMessage(ActivityThread.java:2705)\n\tat android.os.Handler.dispatchMessage(Handler.java:106)\n\tat android.os.Looper.loopOnce(Looper.java:255)\n\tat android.os.Looper.loop(Looper.java:364)\n\tat android.app.ActivityThread.main(ActivityThread.java:8938)\n\tat java.lang.reflect.Method.invoke(Native Method)\n\tat com.android.internal.os.RuntimeInit$MethodAndArgsCaller.run(RuntimeInit.java:572)\n\tat com.android.internal.os.ZygoteInit.main(ZygoteInit.java:1053)\n",
    "is_privacy": false
},
{
    "type": "log",
    "source": "class",
    "method": "setUserProperty",
    "package_name": "com.toppan.shufoo.android",
    "class_name": "com.google.firebase.analytics.FirebaseAnalytics",
    "timestamp": 1728462719334,
    "ref": "com.google.firebase.analytics.FirebaseAnalytics@4093afb",
    "arguments": "{\"0\":\"tomorrows_new\",\"1\":\"\u304a\u307e\u304b\u305b\"}",
    "stack_trace": "java.lang.Exception\n\tat com.google.firebase.analytics.FirebaseAnalytics.setUserProperty(Native Method)\n\tat com.toppan.shufoo.android.util.AnalyticsLogger.sendUserProperty(AnalyticsLogger.java:968)\n\tat com.toppan.shufoo.android.util.AnalyticsLogger.setTomorrowDeliver(AnalyticsLogger.java:1100)\n\tat com.toppan.shufoo.android.util.AnalyticsLogger.sendUserPropertyOnLaunch(AnalyticsLogger.java:98)\n\tat com.toppan.shufoo.android.LaunchActivity.onCreate(LaunchActivity.java:279)\n\tat android.app.Activity.performCreate(Activity.java:8780)\n\tat android.app.Activity.performCreate(Activity.java:8752)\n\tat android.app.Instrumentation.callActivityOnCreate(Instrumentation.java:1475)\n\tat android.app.ActivityThread.performLaunchActivity(ActivityThread.java:4067)\n\tat android.app.ActivityThread.handleLaunchActivity(ActivityThread.java:4243)\n\tat android.app.servertransaction.LaunchActivityItem.execute(LaunchActivityItem.java:114)\n\tat android.app.servertransaction.TransactionExecutor.executeCallbacks(TransactionExecutor.java:144)\n\tat android.app.servertransaction.TransactionExecutor.execute(TransactionExecutor.java:101)\n\tat android.app.ActivityThread$H.handleMessage(ActivityThread.java:2705)\n\tat android.os.Handler.dispatchMessage(Handler.java:106)\n\tat android.os.Looper.loopOnce(Looper.java:255)\n\tat android.os.Looper.loop(Looper.java:364)\n\tat android.app.ActivityThread.main(ActivityThread.java:8938)\n\tat java.lang.reflect.Method.invoke(Native Method)\n\tat com.android.internal.os.RuntimeInit$MethodAndArgsCaller.run(RuntimeInit.java:572)\n\tat com.android.internal.os.ZygoteInit.main(ZygoteInit.java:1053)\n",
    "is_privacy": true
},
{
    "type": "log",
    "source": "class",
    "method": "getInstance",
    "package_name": "com.toppan.shufoo.android",
    "class_name": "com.google.firebase.analytics.FirebaseAnalytics",
    "timestamp": 1728462719338,
    "ref": "<class: com.google.firebase.analytics.FirebaseAnalytics>",
    "arguments": "{\"0\":\"<instance: android.content.Context, $className: com.toppan.shufoo.android.LaunchActivity>\"}",
    "stack_trace": "java.lang.Exception\n\tat com.google.firebase.analytics.FirebaseAnalytics.getInstance(Native Method)\n\tat com.toppan.shufoo.android.util.AnalyticsLogger.sendUserProperty(AnalyticsLogger.java:967)\n\tat com.toppan.shufoo.android.util.AnalyticsLogger.setFavoriteShopDeliver(AnalyticsLogger.java:1122)\n\tat com.toppan.shufoo.android.util.AnalyticsLogger.sendUserPropertyOnLaunch(AnalyticsLogger.java:100)\n\tat com.toppan.shufoo.android.LaunchActivity.onCreate(LaunchActivity.java:279)\n\tat android.app.Activity.performCreate(Activity.java:8780)\n\tat android.app.Activity.performCreate(Activity.java:8752)\n\tat android.app.Instrumentation.callActivityOnCreate(Instrumentation.java:1475)\n\tat android.app.ActivityThread.performLaunchActivity(ActivityThread.java:4067)\n\tat android.app.ActivityThread.handleLaunchActivity(ActivityThread.java:4243)\n\tat android.app.servertransaction.LaunchActivityItem.execute(LaunchActivityItem.java:114)\n\tat android.app.servertransaction.TransactionExecutor.executeCallbacks(TransactionExecutor.java:144)\n\tat android.app.servertransaction.TransactionExecutor.execute(TransactionExecutor.java:101)\n\tat android.app.ActivityThread$H.handleMessage(ActivityThread.java:2705)\n\tat android.os.Handler.dispatchMessage(Handler.java:106)\n\tat android.os.Looper.loopOnce(Looper.java:255)\n\tat android.os.Looper.loop(Looper.java:364)\n\tat android.app.ActivityThread.main(ActivityThread.java:8938)\n\tat java.lang.reflect.Method.invoke(Native Method)\n\tat com.android.internal.os.RuntimeInit$MethodAndArgsCaller.run(RuntimeInit.java:572)\n\tat com.android.internal.os.ZygoteInit.main(ZygoteInit.java:1053)\n",
    "is_privacy": false
},
{
    "type": "log",
    "source": "class",
    "method": "setUserProperty",
    "package_name": "com.toppan.shufoo.android",
    "class_name": "com.google.firebase.analytics.FirebaseAnalytics",
    "timestamp": 1728462719341,
    "ref": "com.google.firebase.analytics.FirebaseAnalytics@4093afb",
    "arguments": "{\"0\":\"favorite_new\",\"1\":\"\u671d/\u663c/\u5915/\u591c\"}",
    "stack_trace": "java.lang.Exception\n\tat com.google.firebase.analytics.FirebaseAnalytics.setUserProperty(Native Method)\n\tat com.toppan.shufoo.android.util.AnalyticsLogger.sendUserProperty(AnalyticsLogger.java:968)\n\tat com.toppan.shufoo.android.util.AnalyticsLogger.setFavoriteShopDeliver(AnalyticsLogger.java:1122)\n\tat com.toppan.shufoo.android.util.AnalyticsLogger.sendUserPropertyOnLaunch(AnalyticsLogger.java:100)\n\tat com.toppan.shufoo.android.LaunchActivity.onCreate(LaunchActivity.java:279)\n\tat android.app.Activity.performCreate(Activity.java:8780)\n\tat android.app.Activity.performCreate(Activity.java:8752)\n\tat android.app.Instrumentation.callActivityOnCreate(Instrumentation.java:1475)\n\tat android.app.ActivityThread.performLaunchActivity(ActivityThread.java:4067)\n\tat android.app.ActivityThread.handleLaunchActivity(ActivityThread.java:4243)\n\tat android.app.servertransaction.LaunchActivityItem.execute(LaunchActivityItem.java:114)\n\tat android.app.servertransaction.TransactionExecutor.executeCallbacks(TransactionExecutor.java:144)\n\tat android.app.servertransaction.TransactionExecutor.execute(TransactionExecutor.java:101)\n\tat android.app.ActivityThread$H.handleMessage(ActivityThread.java:2705)\n\tat android.os.Handler.dispatchMessage(Handler.java:106)\n\tat android.os.Looper.loopOnce(Looper.java:255)\n\tat android.os.Looper.loop(Looper.java:364)\n\tat android.app.ActivityThread.main(ActivityThread.java:8938)\n\tat java.lang.reflect.Method.invoke(Native Method)\n\tat com.android.internal.os.RuntimeInit$MethodAndArgsCaller.run(RuntimeInit.java:572)\n\tat com.android.internal.os.ZygoteInit.main(ZygoteInit.java:1053)\n",
    "is_privacy": true
},
{
    "type": "log",
    "source": "class",
    "method": "getInstance",
    "package_name": "com.toppan.shufoo.android",
    "class_name": "com.google.firebase.analytics.FirebaseAnalytics",
    "timestamp": 1728462719344,
    "ref": "<class: com.google.firebase.analytics.FirebaseAnalytics>",
    "arguments": "{\"0\":\"<instance: android.content.Context, $className: com.toppan.shufoo.android.LaunchActivity>\"}",
    "stack_trace": "java.lang.Exception\n\tat com.google.firebase.analytics.FirebaseAnalytics.getInstance(Native Method)\n\tat com.toppan.shufoo.android.util.AnalyticsLogger.sendUserProperty(AnalyticsLogger.java:967)\n\tat com.toppan.shufoo.android.util.AnalyticsLogger.sendUserPropertyAOrB(AnalyticsLogger.java:963)\n\tat com.toppan.shufoo.android.util.AnalyticsLogger.sendUserPropertyOnLaunch(AnalyticsLogger.java:102)\n\tat com.toppan.shufoo.android.LaunchActivity.onCreate(LaunchActivity.java:279)\n\tat android.app.Activity.performCreate(Activity.java:8780)\n\tat android.app.Activity.performCreate(Activity.java:8752)\n\tat android.app.Instrumentation.callActivityOnCreate(Instrumentation.java:1475)\n\tat android.app.ActivityThread.performLaunchActivity(ActivityThread.java:4067)\n\tat android.app.ActivityThread.handleLaunchActivity(ActivityThread.java:4243)\n\tat android.app.servertransaction.LaunchActivityItem.execute(LaunchActivityItem.java:114)\n\tat android.app.servertransaction.TransactionExecutor.executeCallbacks(TransactionExecutor.java:144)\n\tat android.app.servertransaction.TransactionExecutor.execute(TransactionExecutor.java:101)\n\tat android.app.ActivityThread$H.handleMessage(ActivityThread.java:2705)\n\tat android.os.Handler.dispatchMessage(Handler.java:106)\n\tat android.os.Looper.loopOnce(Looper.java:255)\n\tat android.os.Looper.loop(Looper.java:364)\n\tat android.app.ActivityThread.main(ActivityThread.java:8938)\n\tat java.lang.reflect.Method.invoke(Native Method)\n\tat com.android.internal.os.RuntimeInit$MethodAndArgsCaller.run(RuntimeInit.java:572)\n\tat com.android.internal.os.ZygoteInit.main(ZygoteInit.java:1053)\n",
    "is_privacy": false
},
{
    "type": "log",
    "source": "class",
    "method": "setUserProperty",
    "package_name": "com.toppan.shufoo.android",
    "class_name": "com.google.firebase.analytics.FirebaseAnalytics",
    "timestamp": 1728462719346,
    "ref": "com.google.firebase.analytics.FirebaseAnalytics@4093afb",
    "arguments": "{\"0\":\"timeline\",\"1\":\"\u30aa\u30f3\"}",
    "stack_trace": "java.lang.Exception\n\tat com.google.firebase.analytics.FirebaseAnalytics.setUserProperty(Native Method)\n\tat com.toppan.shufoo.android.util.AnalyticsLogger.sendUserProperty(AnalyticsLogger.java:968)\n\tat com.toppan.shufoo.android.util.AnalyticsLogger.sendUserPropertyAOrB(AnalyticsLogger.java:963)\n\tat com.toppan.shufoo.android.util.AnalyticsLogger.sendUserPropertyOnLaunch(AnalyticsLogger.java:102)\n\tat com.toppan.shufoo.android.LaunchActivity.onCreate(LaunchActivity.java:279)\n\tat android.app.Activity.performCreate(Activity.java:8780)\n\tat android.app.Activity.performCreate(Activity.java:8752)\n\tat android.app.Instrumentation.callActivityOnCreate(Instrumentation.java:1475)\n\tat android.app.ActivityThread.performLaunchActivity(ActivityThread.java:4067)\n\tat android.app.ActivityThread.handleLaunchActivity(ActivityThread.java:4243)\n\tat android.app.servertransaction.LaunchActivityItem.execute(LaunchActivityItem.java:114)\n\tat android.app.servertransaction.TransactionExecutor.executeCallbacks(TransactionExecutor.java:144)\n\tat android.app.servertransaction.TransactionExecutor.execute(TransactionExecutor.java:101)\n\tat android.app.ActivityThread$H.handleMessage(ActivityThread.java:2705)\n\tat android.os.Handler.dispatchMessage(Handler.java:106)\n\tat android.os.Looper.loopOnce(Looper.java:255)\n\tat android.os.Looper.loop(Looper.java:364)\n\tat android.app.ActivityThread.main(ActivityThread.java:8938)\n\tat java.lang.reflect.Method.invoke(Native Method)\n\tat com.android.internal.os.RuntimeInit$MethodAndArgsCaller.run(RuntimeInit.java:572)\n\tat com.android.internal.os.ZygoteInit.main(ZygoteInit.java:1053)\n",
    "is_privacy": true
},
{
    "type": "log",
    "source": "class",
    "method": "getInstance",
    "package_name": "com.toppan.shufoo.android",
    "class_name": "com.google.firebase.analytics.FirebaseAnalytics",
    "timestamp": 1728462719349,
    "ref": "<class: com.google.firebase.analytics.FirebaseAnalytics>",
    "arguments": "{\"0\":\"<instance: android.content.Context, $className: com.toppan.shufoo.android.LaunchActivity>\"}",
    "stack_trace": "java.lang.Exception\n\tat com.google.firebase.analytics.FirebaseAnalytics.getInstance(Native Method)\n\tat com.toppan.shufoo.android.util.AnalyticsLogger.sendUserProperty(AnalyticsLogger.java:967)\n\tat com.toppan.shufoo.android.util.AnalyticsLogger.sendUserPropertyAOrB(AnalyticsLogger.java:963)\n\tat com.toppan.shufoo.android.util.AnalyticsLogger.sendUserPropertyOnLaunch(AnalyticsLogger.java:108)\n\tat com.toppan.shufoo.android.LaunchActivity.onCreate(LaunchActivity.java:279)\n\tat android.app.Activity.performCreate(Activity.java:8780)\n\tat android.app.Activity.performCreate(Activity.java:8752)\n\tat android.app.Instrumentation.callActivityOnCreate(Instrumentation.java:1475)\n\tat android.app.ActivityThread.performLaunchActivity(ActivityThread.java:4067)\n\tat android.app.ActivityThread.handleLaunchActivity(ActivityThread.java:4243)\n\tat android.app.servertransaction.LaunchActivityItem.execute(LaunchActivityItem.java:114)\n\tat android.app.servertransaction.TransactionExecutor.executeCallbacks(TransactionExecutor.java:144)\n\tat android.app.servertransaction.TransactionExecutor.execute(TransactionExecutor.java:101)\n\tat android.app.ActivityThread$H.handleMessage(ActivityThread.java:2705)\n\tat android.os.Handler.dispatchMessage(Handler.java:106)\n\tat android.os.Looper.loopOnce(Looper.java:255)\n\tat android.os.Looper.loop(Looper.java:364)\n\tat android.app.ActivityThread.main(ActivityThread.java:8938)\n\tat java.lang.reflect.Method.invoke(Native Method)\n\tat com.android.internal.os.RuntimeInit$MethodAndArgsCaller.run(RuntimeInit.java:572)\n\tat com.android.internal.os.ZygoteInit.main(ZygoteInit.java:1053)\n",
    "is_privacy": false
},
{
    "type": "log",
    "source": "class",
    "method": "getInstance",
    "package_name": "com.toppan.shufoo.android",
    "class_name": "com.google.firebase.analytics.FirebaseAnalytics",
    "timestamp": 1728462719349,
    "ref": "<class: com.google.firebase.analytics.FirebaseAnalytics>",
    "arguments": "{\"0\":\"<instance: android.content.Context, $className: com.toppan.shufoo.android.ShufooApp>\"}",
    "stack_trace": "java.lang.Exception\n\tat com.google.firebase.analytics.FirebaseAnalytics.getInstance(Native Method)\n\tat java.lang.reflect.Method.invoke(Native Method)\n\tat com.google.android.gms.measurement.internal.zzft.zzah(com.google.android.gms:play-services-measurement-impl@@22.0.0:145)\n\tat com.google.android.gms.measurement.internal.zzft.zza(com.google.android.gms:play-services-measurement-impl@@22.0.0:36)\n\tat com.google.android.gms.measurement.internal.zzld.zzc(com.google.android.gms:play-services-measurement-impl@@22.0.0:4)\n\tat com.google.android.gms.measurement.internal.zzld.zza(com.google.android.gms:play-services-measurement-impl@@22.0.0:314)\n\tat com.google.android.gms.measurement.internal.zzjc.zza(com.google.android.gms:play-services-measurement-impl@@22.0.0:878)\n\tat com.google.android.gms.measurement.internal.zzjw.run(com.google.android.gms:play-services-measurement-impl@@22.0.0:2)\n\tat java.util.concurrent.Executors$RunnableAdapter.call(Executors.java:487)\n\tat java.util.concurrent.FutureTask.run(FutureTask.java:290)\n\tat com.google.android.gms.measurement.internal.zzhn.run(com.google.android.gms:play-services-measurement-impl@@22.0.0:37)\n",
    "is_privacy": false
},
{
    "type": "log",
    "source": "class",
    "method": "setUserProperty",
    "package_name": "com.toppan.shufoo.android",
    "class_name": "com.google.firebase.analytics.FirebaseAnalytics",
    "timestamp": 1728462719352,
    "ref": "com.google.firebase.analytics.FirebaseAnalytics@4093afb",
    "arguments": "{\"0\":\"notice\",\"1\":\"\u30aa\u30f3\"}",
    "stack_trace": "java.lang.Exception\n\tat com.google.firebase.analytics.FirebaseAnalytics.setUserProperty(Native Method)\n\tat com.toppan.shufoo.android.util.AnalyticsLogger.sendUserProperty(AnalyticsLogger.java:968)\n\tat com.toppan.shufoo.android.util.AnalyticsLogger.sendUserPropertyAOrB(AnalyticsLogger.java:963)\n\tat com.toppan.shufoo.android.util.AnalyticsLogger.sendUserPropertyOnLaunch(AnalyticsLogger.java:108)\n\tat com.toppan.shufoo.android.LaunchActivity.onCreate(LaunchActivity.java:279)\n\tat android.app.Activity.performCreate(Activity.java:8780)\n\tat android.app.Activity.performCreate(Activity.java:8752)\n\tat android.app.Instrumentation.callActivityOnCreate(Instrumentation.java:1475)\n\tat android.app.ActivityThread.performLaunchActivity(ActivityThread.java:4067)\n\tat android.app.ActivityThread.handleLaunchActivity(ActivityThread.java:4243)\n\tat android.app.servertransaction.LaunchActivityItem.execute(LaunchActivityItem.java:114)\n\tat android.app.servertransaction.TransactionExecutor.executeCallbacks(TransactionExecutor.java:144)\n\tat android.app.servertransaction.TransactionExecutor.execute(TransactionExecutor.java:101)\n\tat android.app.ActivityThread$H.handleMessage(ActivityThread.java:2705)\n\tat android.os.Handler.dispatchMessage(Handler.java:106)\n\tat android.os.Looper.loopOnce(Looper.java:255)\n\tat android.os.Looper.loop(Looper.java:364)\n\tat android.app.ActivityThread.main(ActivityThread.java:8938)\n\tat java.lang.reflect.Method.invoke(Native Method)\n\tat com.android.internal.os.RuntimeInit$MethodAndArgsCaller.run(RuntimeInit.java:572)\n\tat com.android.internal.os.ZygoteInit.main(ZygoteInit.java:1053)\n",
    "is_privacy": true
},
{
    "type": "log",
    "source": "class",
    "method": "getFirebaseInstanceId",
    "package_name": "com.toppan.shufoo.android",
    "class_name": "com.google.firebase.analytics.FirebaseAnalytics",
    "timestamp": 1728462719352,
    "ref": "com.google.firebase.analytics.FirebaseAnalytics@4093afb",
    "arguments": "{}",
    "stack_trace": "java.lang.Exception\n\tat com.google.firebase.analytics.FirebaseAnalytics.getFirebaseInstanceId(Native Method)\n\tat java.lang.reflect.Method.invoke(Native Method)\n\tat com.google.android.gms.measurement.internal.zzft.zzah(com.google.android.gms:play-services-measurement-impl@@22.0.0:154)\n\tat com.google.android.gms.measurement.internal.zzft.zza(com.google.android.gms:play-services-measurement-impl@@22.0.0:36)\n\tat com.google.android.gms.measurement.internal.zzld.zzc(com.google.android.gms:play-services-measurement-impl@@22.0.0:4)\n\tat com.google.android.gms.measurement.internal.zzld.zza(com.google.android.gms:play-services-measurement-impl@@22.0.0:314)\n\tat com.google.android.gms.measurement.internal.zzjc.zza(com.google.android.gms:play-services-measurement-impl@@22.0.0:878)\n\tat com.google.android.gms.measurement.internal.zzjw.run(com.google.android.gms:play-services-measurement-impl@@22.0.0:2)\n\tat java.util.concurrent.Executors$RunnableAdapter.call(Executors.java:487)\n\tat java.util.concurrent.FutureTask.run(FutureTask.java:290)\n\tat com.google.android.gms.measurement.internal.zzhn.run(com.google.android.gms:play-services-measurement-impl@@22.0.0:37)\n",
    "is_privacy": false
},
{
    "type": "log",
    "source": "class",
    "method": "getInstance",
    "package_name": "com.toppan.shufoo.android",
    "class_name": "com.google.firebase.analytics.FirebaseAnalytics",
    "timestamp": 1728462719355,
    "ref": "<class: com.google.firebase.analytics.FirebaseAnalytics>",
    "arguments": "{\"0\":\"<instance: android.content.Context, $className: com.toppan.shufoo.android.LaunchActivity>\"}",
    "stack_trace": "java.lang.Exception\n\tat com.google.firebase.analytics.FirebaseAnalytics.getInstance(Native Method)\n\tat com.toppan.shufoo.android.util.AnalyticsLogger.sendUserProperty(AnalyticsLogger.java:967)\n\tat com.toppan.shufoo.android.util.AnalyticsLogger.sendUserPropertyAOrB(AnalyticsLogger.java:963)\n\tat com.toppan.shufoo.android.util.AnalyticsLogger.sendUserPropertyOnLaunch(AnalyticsLogger.java:114)\n\tat com.toppan.shufoo.android.LaunchActivity.onCreate(LaunchActivity.java:279)\n\tat android.app.Activity.performCreate(Activity.java:8780)\n\tat android.app.Activity.performCreate(Activity.java:8752)\n\tat android.app.Instrumentation.callActivityOnCreate(Instrumentation.java:1475)\n\tat android.app.ActivityThread.performLaunchActivity(ActivityThread.java:4067)\n\tat android.app.ActivityThread.handleLaunchActivity(ActivityThread.java:4243)\n\tat android.app.servertransaction.LaunchActivityItem.execute(LaunchActivityItem.java:114)\n\tat android.app.servertransaction.TransactionExecutor.executeCallbacks(TransactionExecutor.java:144)\n\tat android.app.servertransaction.TransactionExecutor.execute(TransactionExecutor.java:101)\n\tat android.app.ActivityThread$H.handleMessage(ActivityThread.java:2705)\n\tat android.os.Handler.dispatchMessage(Handler.java:106)\n\tat android.os.Looper.loopOnce(Looper.java:255)\n\tat android.os.Looper.loop(Looper.java:364)\n\tat android.app.ActivityThread.main(ActivityThread.java:8938)\n\tat java.lang.reflect.Method.invoke(Native Method)\n\tat com.android.internal.os.RuntimeInit$MethodAndArgsCaller.run(RuntimeInit.java:572)\n\tat com.android.internal.os.ZygoteInit.main(ZygoteInit.java:1053)\n",
    "is_privacy": false
},
{
    "type": "log",
    "source": "class",
    "method": "setUserProperty",
    "package_name": "com.toppan.shufoo.android",
    "class_name": "com.google.firebase.analytics.FirebaseAnalytics",
    "timestamp": 1728462719358,
    "ref": "com.google.firebase.analytics.FirebaseAnalytics@4093afb",
    "arguments": "{\"0\":\"push\",\"1\":\"\u4e0d\u53ef\"}",
    "stack_trace": "java.lang.Exception\n\tat com.google.firebase.analytics.FirebaseAnalytics.setUserProperty(Native Method)\n\tat com.toppan.shufoo.android.util.AnalyticsLogger.sendUserProperty(AnalyticsLogger.java:968)\n\tat com.toppan.shufoo.android.util.AnalyticsLogger.sendUserPropertyAOrB(AnalyticsLogger.java:963)\n\tat com.toppan.shufoo.android.util.AnalyticsLogger.sendUserPropertyOnLaunch(AnalyticsLogger.java:114)\n\tat com.toppan.shufoo.android.LaunchActivity.onCreate(LaunchActivity.java:279)\n\tat android.app.Activity.performCreate(Activity.java:8780)\n\tat android.app.Activity.performCreate(Activity.java:8752)\n\tat android.app.Instrumentation.callActivityOnCreate(Instrumentation.java:1475)\n\tat android.app.ActivityThread.performLaunchActivity(ActivityThread.java:4067)\n\tat android.app.ActivityThread.handleLaunchActivity(ActivityThread.java:4243)\n\tat android.app.servertransaction.LaunchActivityItem.execute(LaunchActivityItem.java:114)\n\tat android.app.servertransaction.TransactionExecutor.executeCallbacks(TransactionExecutor.java:144)\n\tat android.app.servertransaction.TransactionExecutor.execute(TransactionExecutor.java:101)\n\tat android.app.ActivityThread$H.handleMessage(ActivityThread.java:2705)\n\tat android.os.Handler.dispatchMessage(Handler.java:106)\n\tat android.os.Looper.loopOnce(Looper.java:255)\n\tat android.os.Looper.loop(Looper.java:364)\n\tat android.app.ActivityThread.main(ActivityThread.java:8938)\n\tat java.lang.reflect.Method.invoke(Native Method)\n\tat com.android.internal.os.RuntimeInit$MethodAndArgsCaller.run(RuntimeInit.java:572)\n\tat com.android.internal.os.ZygoteInit.main(ZygoteInit.java:1053)\n",
    "is_privacy": true
},
{
    "type": "log",
    "source": "class",
    "method": "getInstance",
    "package_name": "com.toppan.shufoo.android",
    "class_name": "com.google.firebase.analytics.FirebaseAnalytics",
    "timestamp": 1728462719362,
    "ref": "<class: com.google.firebase.analytics.FirebaseAnalytics>",
    "arguments": "{\"0\":\"<instance: android.content.Context, $className: com.toppan.shufoo.android.LaunchActivity>\"}",
    "stack_trace": "java.lang.Exception\n\tat com.google.firebase.analytics.FirebaseAnalytics.getInstance(Native Method)\n\tat com.toppan.shufoo.android.util.AnalyticsLogger.sendUserProperty(AnalyticsLogger.java:967)\n\tat com.toppan.shufoo.android.util.AnalyticsLogger.sendUserPropertyAOrB(AnalyticsLogger.java:963)\n\tat com.toppan.shufoo.android.util.AnalyticsLogger.sendUserPropertyOnLaunch(AnalyticsLogger.java:122)\n\tat com.toppan.shufoo.android.LaunchActivity.onCreate(LaunchActivity.java:279)\n\tat android.app.Activity.performCreate(Activity.java:8780)\n\tat android.app.Activity.performCreate(Activity.java:8752)\n\tat android.app.Instrumentation.callActivityOnCreate(Instrumentation.java:1475)\n\tat android.app.ActivityThread.performLaunchActivity(ActivityThread.java:4067)\n\tat android.app.ActivityThread.handleLaunchActivity(ActivityThread.java:4243)\n\tat android.app.servertransaction.LaunchActivityItem.execute(LaunchActivityItem.java:114)\n\tat android.app.servertransaction.TransactionExecutor.executeCallbacks(TransactionExecutor.java:144)\n\tat android.app.servertransaction.TransactionExecutor.execute(TransactionExecutor.java:101)\n\tat android.app.ActivityThread$H.handleMessage(ActivityThread.java:2705)\n\tat android.os.Handler.dispatchMessage(Handler.java:106)\n\tat android.os.Looper.loopOnce(Looper.java:255)\n\tat android.os.Looper.loop(Looper.java:364)\n\tat android.app.ActivityThread.main(ActivityThread.java:8938)\n\tat java.lang.reflect.Method.invoke(Native Method)\n\tat com.android.internal.os.RuntimeInit$MethodAndArgsCaller.run(RuntimeInit.java:572)\n\tat com.android.internal.os.ZygoteInit.main(ZygoteInit.java:1053)\n",
    "is_privacy": false
},
{
    "type": "log",
    "source": "class",
    "method": "setUserProperty",
    "package_name": "com.toppan.shufoo.android",
    "class_name": "com.google.firebase.analytics.FirebaseAnalytics",
    "timestamp": 1728462719364,
    "ref": "com.google.firebase.analytics.FirebaseAnalytics@4093afb",
    "arguments": "{\"0\":\"bluetooth\",\"1\":\"\u30aa\u30d5\"}",
    "stack_trace": "java.lang.Exception\n\tat com.google.firebase.analytics.FirebaseAnalytics.setUserProperty(Native Method)\n\tat com.toppan.shufoo.android.util.AnalyticsLogger.sendUserProperty(AnalyticsLogger.java:968)\n\tat com.toppan.shufoo.android.util.AnalyticsLogger.sendUserPropertyAOrB(AnalyticsLogger.java:963)\n\tat com.toppan.shufoo.android.util.AnalyticsLogger.sendUserPropertyOnLaunch(AnalyticsLogger.java:122)\n\tat com.toppan.shufoo.android.LaunchActivity.onCreate(LaunchActivity.java:279)\n\tat android.app.Activity.performCreate(Activity.java:8780)\n\tat android.app.Activity.performCreate(Activity.java:8752)\n\tat android.app.Instrumentation.callActivityOnCreate(Instrumentation.java:1475)\n\tat android.app.ActivityThread.performLaunchActivity(ActivityThread.java:4067)\n\tat android.app.ActivityThread.handleLaunchActivity(ActivityThread.java:4243)\n\tat android.app.servertransaction.LaunchActivityItem.execute(LaunchActivityItem.java:114)\n\tat android.app.servertransaction.TransactionExecutor.executeCallbacks(TransactionExecutor.java:144)\n\tat android.app.servertransaction.TransactionExecutor.execute(TransactionExecutor.java:101)\n\tat android.app.ActivityThread$H.handleMessage(ActivityThread.java:2705)\n\tat android.os.Handler.dispatchMessage(Handler.java:106)\n\tat android.os.Looper.loopOnce(Looper.java:255)\n\tat android.os.Looper.loop(Looper.java:364)\n\tat android.app.ActivityThread.main(ActivityThread.java:8938)\n\tat java.lang.reflect.Method.invoke(Native Method)\n\tat com.android.internal.os.RuntimeInit$MethodAndArgsCaller.run(RuntimeInit.java:572)\n\tat com.android.internal.os.ZygoteInit.main(ZygoteInit.java:1053)\n",
    "is_privacy": true
},
{
    "type": "log",
    "source": "class",
    "method": "getInstance",
    "package_name": "com.toppan.shufoo.android",
    "class_name": "com.google.firebase.analytics.FirebaseAnalytics",
    "timestamp": 1728462719368,
    "ref": "<class: com.google.firebase.analytics.FirebaseAnalytics>",
    "arguments": "{\"0\":\"<instance: android.content.Context, $className: com.toppan.shufoo.android.LaunchActivity>\"}",
    "stack_trace": "java.lang.Exception\n\tat com.google.firebase.analytics.FirebaseAnalytics.getInstance(Native Method)\n\tat com.toppan.shufoo.android.util.AnalyticsLogger.sendUserProperty(AnalyticsLogger.java:967)\n\tat com.toppan.shufoo.android.util.AnalyticsLogger.setLocationPermissionDetail(AnalyticsLogger.java:1127)\n\tat com.toppan.shufoo.android.util.AnalyticsLogger.sendUserPropertyOnLaunch(AnalyticsLogger.java:130)\n\tat com.toppan.shufoo.android.LaunchActivity.onCreate(LaunchActivity.java:279)\n\tat android.app.Activity.performCreate(Activity.java:8780)\n\tat android.app.Activity.performCreate(Activity.java:8752)\n\tat android.app.Instrumentation.callActivityOnCreate(Instrumentation.java:1475)\n\tat android.app.ActivityThread.performLaunchActivity(ActivityThread.java:4067)\n\tat android.app.ActivityThread.handleLaunchActivity(ActivityThread.java:4243)\n\tat android.app.servertransaction.LaunchActivityItem.execute(LaunchActivityItem.java:114)\n\tat android.app.servertransaction.TransactionExecutor.executeCallbacks(TransactionExecutor.java:144)\n\tat android.app.servertransaction.TransactionExecutor.execute(TransactionExecutor.java:101)\n\tat android.app.ActivityThread$H.handleMessage(ActivityThread.java:2705)\n\tat android.os.Handler.dispatchMessage(Handler.java:106)\n\tat android.os.Looper.loopOnce(Looper.java:255)\n\tat android.os.Looper.loop(Looper.java:364)\n\tat android.app.ActivityThread.main(ActivityThread.java:8938)\n\tat java.lang.reflect.Method.invoke(Native Method)\n\tat com.android.internal.os.RuntimeInit$MethodAndArgsCaller.run(RuntimeInit.java:572)\n\tat com.android.internal.os.ZygoteInit.main(ZygoteInit.java:1053)\n",
    "is_privacy": false
},
{
    "type": "log",
    "source": "class",
    "method": "setUserProperty",
    "package_name": "com.toppan.shufoo.android",
    "class_name": "com.google.firebase.analytics.FirebaseAnalytics",
    "timestamp": 1728462719371,
    "ref": "com.google.firebase.analytics.FirebaseAnalytics@4093afb",
    "arguments": "{\"0\":\"locationinfo_permission\",\"1\":\"\u8a31\u53ef\u3057\u306a\u3044\"}",
    "stack_trace": "java.lang.Exception\n\tat com.google.firebase.analytics.FirebaseAnalytics.setUserProperty(Native Method)\n\tat com.toppan.shufoo.android.util.AnalyticsLogger.sendUserProperty(AnalyticsLogger.java:968)\n\tat com.toppan.shufoo.android.util.AnalyticsLogger.setLocationPermissionDetail(AnalyticsLogger.java:1127)\n\tat com.toppan.shufoo.android.util.AnalyticsLogger.sendUserPropertyOnLaunch(AnalyticsLogger.java:130)\n\tat com.toppan.shufoo.android.LaunchActivity.onCreate(LaunchActivity.java:279)\n\tat android.app.Activity.performCreate(Activity.java:8780)\n\tat android.app.Activity.performCreate(Activity.java:8752)\n\tat android.app.Instrumentation.callActivityOnCreate(Instrumentation.java:1475)\n\tat android.app.ActivityThread.performLaunchActivity(ActivityThread.java:4067)\n\tat android.app.ActivityThread.handleLaunchActivity(ActivityThread.java:4243)\n\tat android.app.servertransaction.LaunchActivityItem.execute(LaunchActivityItem.java:114)\n\tat android.app.servertransaction.TransactionExecutor.executeCallbacks(TransactionExecutor.java:144)\n\tat android.app.servertransaction.TransactionExecutor.execute(TransactionExecutor.java:101)\n\tat android.app.ActivityThread$H.handleMessage(ActivityThread.java:2705)\n\tat android.os.Handler.dispatchMessage(Handler.java:106)\n\tat android.os.Looper.loopOnce(Looper.java:255)\n\tat android.os.Looper.loop(Looper.java:364)\n\tat android.app.ActivityThread.main(ActivityThread.java:8938)\n\tat java.lang.reflect.Method.invoke(Native Method)\n\tat com.android.internal.os.RuntimeInit$MethodAndArgsCaller.run(RuntimeInit.java:572)\n\tat com.android.internal.os.ZygoteInit.main(ZygoteInit.java:1053)\n",
    "is_privacy": true
},
{
    "type": "log",
    "source": "class",
    "method": "getInstance",
    "package_name": "com.toppan.shufoo.android",
    "class_name": "com.google.firebase.analytics.FirebaseAnalytics",
    "timestamp": 1728462719374,
    "ref": "<class: com.google.firebase.analytics.FirebaseAnalytics>",
    "arguments": "{\"0\":\"<instance: android.content.Context, $className: com.toppan.shufoo.android.LaunchActivity>\"}",
    "stack_trace": "java.lang.Exception\n\tat com.google.firebase.analytics.FirebaseAnalytics.getInstance(Native Method)\n\tat com.toppan.shufoo.android.util.AnalyticsLogger.sendUserProperty(AnalyticsLogger.java:967)\n\tat com.toppan.shufoo.android.util.AnalyticsLogger.sendUserPropertyAOrB(AnalyticsLogger.java:963)\n\tat com.toppan.shufoo.android.util.AnalyticsLogger.sendUserPropertyOnLaunch(AnalyticsLogger.java:132)\n\tat com.toppan.shufoo.android.LaunchActivity.onCreate(LaunchActivity.java:279)\n\tat android.app.Activity.performCreate(Activity.java:8780)\n\tat android.app.Activity.performCreate(Activity.java:8752)\n\tat android.app.Instrumentation.callActivityOnCreate(Instrumentation.java:1475)\n\tat android.app.ActivityThread.performLaunchActivity(ActivityThread.java:4067)\n\tat android.app.ActivityThread.handleLaunchActivity(ActivityThread.java:4243)\n\tat android.app.servertransaction.LaunchActivityItem.execute(LaunchActivityItem.java:114)\n\tat android.app.servertransaction.TransactionExecutor.executeCallbacks(TransactionExecutor.java:144)\n\tat android.app.servertransaction.TransactionExecutor.execute(TransactionExecutor.java:101)\n\tat android.app.ActivityThread$H.handleMessage(ActivityThread.java:2705)\n\tat android.os.Handler.dispatchMessage(Handler.java:106)\n\tat android.os.Looper.loopOnce(Looper.java:255)\n\tat android.os.Looper.loop(Looper.java:364)\n\tat android.app.ActivityThread.main(ActivityThread.java:8938)\n\tat java.lang.reflect.Method.invoke(Native Method)\n\tat com.android.internal.os.RuntimeInit$MethodAndArgsCaller.run(RuntimeInit.java:572)\n\tat com.android.internal.os.ZygoteInit.main(ZygoteInit.java:1053)\n",
    "is_privacy": false
},
{
    "type": "log",
    "source": "class",
    "method": "setUserProperty",
    "package_name": "com.toppan.shufoo.android",
    "class_name": "com.google.firebase.analytics.FirebaseAnalytics",
    "timestamp": 1728462719377,
    "ref": "com.google.firebase.analytics.FirebaseAnalytics@4093afb",
    "arguments": "{\"0\":\"bluetooth_permission\",\"1\":\"\u975e\u540c\u610f\"}",
    "stack_trace": "java.lang.Exception\n\tat com.google.firebase.analytics.FirebaseAnalytics.setUserProperty(Native Method)\n\tat com.toppan.shufoo.android.util.AnalyticsLogger.sendUserProperty(AnalyticsLogger.java:968)\n\tat com.toppan.shufoo.android.util.AnalyticsLogger.sendUserPropertyAOrB(AnalyticsLogger.java:963)\n\tat com.toppan.shufoo.android.util.AnalyticsLogger.sendUserPropertyOnLaunch(AnalyticsLogger.java:132)\n\tat com.toppan.shufoo.android.LaunchActivity.onCreate(LaunchActivity.java:279)\n\tat android.app.Activity.performCreate(Activity.java:8780)\n\tat android.app.Activity.performCreate(Activity.java:8752)\n\tat android.app.Instrumentation.callActivityOnCreate(Instrumentation.java:1475)\n\tat android.app.ActivityThread.performLaunchActivity(ActivityThread.java:4067)\n\tat android.app.ActivityThread.handleLaunchActivity(ActivityThread.java:4243)\n\tat android.app.servertransaction.LaunchActivityItem.execute(LaunchActivityItem.java:114)\n\tat android.app.servertransaction.TransactionExecutor.executeCallbacks(TransactionExecutor.java:144)\n\tat android.app.servertransaction.TransactionExecutor.execute(TransactionExecutor.java:101)\n\tat android.app.ActivityThread$H.handleMessage(ActivityThread.java:2705)\n\tat android.os.Handler.dispatchMessage(Handler.java:106)\n\tat android.os.Looper.loopOnce(Looper.java:255)\n\tat android.os.Looper.loop(Looper.java:364)\n\tat android.app.ActivityThread.main(ActivityThread.java:8938)\n\tat java.lang.reflect.Method.invoke(Native Method)\n\tat com.android.internal.os.RuntimeInit$MethodAndArgsCaller.run(RuntimeInit.java:572)\n\tat com.android.internal.os.ZygoteInit.main(ZygoteInit.java:1053)\n",
    "is_privacy": true
},
{
    "type": "log",
    "source": "class",
    "method": "getInstance",
    "package_name": "com.toppan.shufoo.android",
    "class_name": "com.google.firebase.analytics.FirebaseAnalytics",
    "timestamp": 1728462719381,
    "ref": "<class: com.google.firebase.analytics.FirebaseAnalytics>",
    "arguments": "{\"0\":\"<instance: android.content.Context, $className: com.toppan.shufoo.android.ShufooApp>\"}",
    "stack_trace": "java.lang.Exception\n\tat com.google.firebase.analytics.FirebaseAnalytics.getInstance(Native Method)\n\tat java.lang.reflect.Method.invoke(Native Method)\n\tat com.google.android.gms.measurement.internal.zzft.zzah(com.google.android.gms:play-services-measurement-impl@@22.0.0:145)\n\tat com.google.android.gms.measurement.internal.zzft.zza(com.google.android.gms:play-services-measurement-impl@@22.0.0:36)\n\tat com.google.android.gms.measurement.internal.zzld.zzc(com.google.android.gms:play-services-measurement-impl@@22.0.0:4)\n\tat com.google.android.gms.measurement.internal.zzld.zza(com.google.android.gms:play-services-measurement-impl@@22.0.0:314)\n\tat com.google.android.gms.measurement.internal.zzjc.zza(com.google.android.gms:play-services-measurement-impl@@22.0.0:878)\n\tat com.google.android.gms.measurement.internal.zzjw.run(com.google.android.gms:play-services-measurement-impl@@22.0.0:2)\n\tat java.util.concurrent.Executors$RunnableAdapter.call(Executors.java:487)\n\tat java.util.concurrent.FutureTask.run(FutureTask.java:290)\n\tat com.google.android.gms.measurement.internal.zzhn.run(com.google.android.gms:play-services-measurement-impl@@22.0.0:37)\n",
    "is_privacy": false
},
{
    "type": "log",
    "source": "class",
    "method": "getFirebaseInstanceId",
    "package_name": "com.toppan.shufoo.android",
    "class_name": "com.google.firebase.analytics.FirebaseAnalytics",
    "timestamp": 1728462719384,
    "ref": "com.google.firebase.analytics.FirebaseAnalytics@4093afb",
    "arguments": "{}",
    "stack_trace": "java.lang.Exception\n\tat com.google.firebase.analytics.FirebaseAnalytics.getFirebaseInstanceId(Native Method)\n\tat java.lang.reflect.Method.invoke(Native Method)\n\tat com.google.android.gms.measurement.internal.zzft.zzah(com.google.android.gms:play-services-measurement-impl@@22.0.0:154)\n\tat com.google.android.gms.measurement.internal.zzft.zza(com.google.android.gms:play-services-measurement-impl@@22.0.0:36)\n\tat com.google.android.gms.measurement.internal.zzld.zzc(com.google.android.gms:play-services-measurement-impl@@22.0.0:4)\n\tat com.google.android.gms.measurement.internal.zzld.zza(com.google.android.gms:play-services-measurement-impl@@22.0.0:314)\n\tat com.google.android.gms.measurement.internal.zzjc.zza(com.google.android.gms:play-services-measurement-impl@@22.0.0:878)\n\tat com.google.android.gms.measurement.internal.zzjw.run(com.google.android.gms:play-services-measurement-impl@@22.0.0:2)\n\tat java.util.concurrent.Executors$RunnableAdapter.call(Executors.java:487)\n\tat java.util.concurrent.FutureTask.run(FutureTask.java:290)\n\tat com.google.android.gms.measurement.internal.zzhn.run(com.google.android.gms:play-services-measurement-impl@@22.0.0:37)\n",
    "is_privacy": false
},
{
    "type": "log",
    "source": "class",
    "method": "getInstance",
    "package_name": "com.toppan.shufoo.android",
    "class_name": "com.google.firebase.analytics.FirebaseAnalytics",
    "timestamp": 1728462719392,
    "ref": "<class: com.google.firebase.analytics.FirebaseAnalytics>",
    "arguments": "{\"0\":\"<instance: android.content.Context, $className: com.toppan.shufoo.android.LaunchActivity>\"}",
    "stack_trace": "java.lang.Exception\n\tat com.google.firebase.analytics.FirebaseAnalytics.getInstance(Native Method)\n\tat com.toppan.shufoo.android.util.AnalyticsLogger.sendUserProperty(AnalyticsLogger.java:967)\n\tat com.toppan.shufoo.android.util.AnalyticsLogger.setFavoriteShopsNum(AnalyticsLogger.java:1146)\n\tat com.toppan.shufoo.android.util.AnalyticsLogger.sendUserPropertyOnLaunch(AnalyticsLogger.java:140)\n\tat com.toppan.shufoo.android.LaunchActivity.onCreate(LaunchActivity.java:279)\n\tat android.app.Activity.performCreate(Activity.java:8780)\n\tat android.app.Activity.performCreate(Activity.java:8752)\n\tat android.app.Instrumentation.callActivityOnCreate(Instrumentation.java:1475)\n\tat android.app.ActivityThread.performLaunchActivity(ActivityThread.java:4067)\n\tat android.app.ActivityThread.handleLaunchActivity(ActivityThread.java:4243)\n\tat android.app.servertransaction.LaunchActivityItem.execute(LaunchActivityItem.java:114)\n\tat android.app.servertransaction.TransactionExecutor.executeCallbacks(TransactionExecutor.java:144)\n\tat android.app.servertransaction.TransactionExecutor.execute(TransactionExecutor.java:101)\n\tat android.app.ActivityThread$H.handleMessage(ActivityThread.java:2705)\n\tat android.os.Handler.dispatchMessage(Handler.java:106)\n\tat android.os.Looper.loopOnce(Looper.java:255)\n\tat android.os.Looper.loop(Looper.java:364)\n\tat android.app.ActivityThread.main(ActivityThread.java:8938)\n\tat java.lang.reflect.Method.invoke(Native Method)\n\tat com.android.internal.os.RuntimeInit$MethodAndArgsCaller.run(RuntimeInit.java:572)\n\tat com.android.internal.os.ZygoteInit.main(ZygoteInit.java:1053)\n",
    "is_privacy": false
},
{
    "type": "log",
    "source": "class",
    "method": "setUserProperty",
    "package_name": "com.toppan.shufoo.android",
    "class_name": "com.google.firebase.analytics.FirebaseAnalytics",
    "timestamp": 1728462719396,
    "ref": "com.google.firebase.analytics.FirebaseAnalytics@4093afb",
    "arguments": "{\"0\":\"favorite_num\",\"1\":\"0\"}",
    "stack_trace": "java.lang.Exception\n\tat com.google.firebase.analytics.FirebaseAnalytics.setUserProperty(Native Method)\n\tat com.toppan.shufoo.android.util.AnalyticsLogger.sendUserProperty(AnalyticsLogger.java:968)\n\tat com.toppan.shufoo.android.util.AnalyticsLogger.setFavoriteShopsNum(AnalyticsLogger.java:1146)\n\tat com.toppan.shufoo.android.util.AnalyticsLogger.sendUserPropertyOnLaunch(AnalyticsLogger.java:140)\n\tat com.toppan.shufoo.android.LaunchActivity.onCreate(LaunchActivity.java:279)\n\tat android.app.Activity.performCreate(Activity.java:8780)\n\tat android.app.Activity.performCreate(Activity.java:8752)\n\tat android.app.Instrumentation.callActivityOnCreate(Instrumentation.java:1475)\n\tat android.app.ActivityThread.performLaunchActivity(ActivityThread.java:4067)\n\tat android.app.ActivityThread.handleLaunchActivity(ActivityThread.java:4243)\n\tat android.app.servertransaction.LaunchActivityItem.execute(LaunchActivityItem.java:114)\n\tat android.app.servertransaction.TransactionExecutor.executeCallbacks(TransactionExecutor.java:144)\n\tat android.app.servertransaction.TransactionExecutor.execute(TransactionExecutor.java:101)\n\tat android.app.ActivityThread$H.handleMessage(ActivityThread.java:2705)\n\tat android.os.Handler.dispatchMessage(Handler.java:106)\n\tat android.os.Looper.loopOnce(Looper.java:255)\n\tat android.os.Looper.loop(Looper.java:364)\n\tat android.app.ActivityThread.main(ActivityThread.java:8938)\n\tat java.lang.reflect.Method.invoke(Native Method)\n\tat com.android.internal.os.RuntimeInit$MethodAndArgsCaller.run(RuntimeInit.java:572)\n\tat com.android.internal.os.ZygoteInit.main(ZygoteInit.java:1053)\n",
    "is_privacy": true
},
{
    "type": "log",
    "source": "class",
    "method": "getInstance",
    "package_name": "com.toppan.shufoo.android",
    "class_name": "com.google.firebase.analytics.FirebaseAnalytics",
    "timestamp": 1728462719414,
    "ref": "<class: com.google.firebase.analytics.FirebaseAnalytics>",
    "arguments": "{\"0\":\"<instance: android.content.Context, $className: com.toppan.shufoo.android.ShufooApp>\"}",
    "stack_trace": "java.lang.Exception\n\tat com.google.firebase.analytics.FirebaseAnalytics.getInstance(Native Method)\n\tat java.lang.reflect.Method.invoke(Native Method)\n\tat com.google.android.gms.measurement.internal.zzft.zzah(com.google.android.gms:play-services-measurement-impl@@22.0.0:145)\n\tat com.google.android.gms.measurement.internal.zzft.zza(com.google.android.gms:play-services-measurement-impl@@22.0.0:36)\n\tat com.google.android.gms.measurement.internal.zzld.zzc(com.google.android.gms:play-services-measurement-impl@@22.0.0:4)\n\tat com.google.android.gms.measurement.internal.zzld.zza(com.google.android.gms:play-services-measurement-impl@@22.0.0:314)\n\tat com.google.android.gms.measurement.internal.zzjc.zza(com.google.android.gms:play-services-measurement-impl@@22.0.0:878)\n\tat com.google.android.gms.measurement.internal.zzjw.run(com.google.android.gms:play-services-measurement-impl@@22.0.0:2)\n\tat java.util.concurrent.Executors$RunnableAdapter.call(Executors.java:487)\n\tat java.util.concurrent.FutureTask.run(FutureTask.java:290)\n\tat com.google.android.gms.measurement.internal.zzhn.run(com.google.android.gms:play-services-measurement-impl@@22.0.0:37)\n",
    "is_privacy": false
},
{
    "type": "log",
    "source": "class",
    "method": "getFirebaseInstanceId",
    "package_name": "com.toppan.shufoo.android",
    "class_name": "com.google.firebase.analytics.FirebaseAnalytics",
    "timestamp": 1728462719418,
    "ref": "com.google.firebase.analytics.FirebaseAnalytics@4093afb",
    "arguments": "{}",
    "stack_trace": "java.lang.Exception\n\tat com.google.firebase.analytics.FirebaseAnalytics.getFirebaseInstanceId(Native Method)\n\tat java.lang.reflect.Method.invoke(Native Method)\n\tat com.google.android.gms.measurement.internal.zzft.zzah(com.google.android.gms:play-services-measurement-impl@@22.0.0:154)\n\tat com.google.android.gms.measurement.internal.zzft.zza(com.google.android.gms:play-services-measurement-impl@@22.0.0:36)\n\tat com.google.android.gms.measurement.internal.zzld.zzc(com.google.android.gms:play-services-measurement-impl@@22.0.0:4)\n\tat com.google.android.gms.measurement.internal.zzld.zza(com.google.android.gms:play-services-measurement-impl@@22.0.0:314)\n\tat com.google.android.gms.measurement.internal.zzjc.zza(com.google.android.gms:play-services-measurement-impl@@22.0.0:878)\n\tat com.google.android.gms.measurement.internal.zzjw.run(com.google.android.gms:play-services-measurement-impl@@22.0.0:2)\n\tat java.util.concurrent.Executors$RunnableAdapter.call(Executors.java:487)\n\tat java.util.concurrent.FutureTask.run(FutureTask.java:290)\n\tat com.google.android.gms.measurement.internal.zzhn.run(com.google.android.gms:play-services-measurement-impl@@22.0.0:37)\n",
    "is_privacy": false
},
{
    "type": "log",
    "source": "class",
    "method": "getInstance",
    "package_name": "com.toppan.shufoo.android",
    "class_name": "com.google.firebase.analytics.FirebaseAnalytics",
    "timestamp": 1728462719449,
    "ref": "<class: com.google.firebase.analytics.FirebaseAnalytics>",
    "arguments": "{\"0\":\"<instance: android.content.Context, $className: com.toppan.shufoo.android.ShufooApp>\"}",
    "stack_trace": "java.lang.Exception\n\tat com.google.firebase.analytics.FirebaseAnalytics.getInstance(Native Method)\n\tat java.lang.reflect.Method.invoke(Native Method)\n\tat com.google.android.gms.measurement.internal.zzft.zzah(com.google.android.gms:play-services-measurement-impl@@22.0.0:145)\n\tat com.google.android.gms.measurement.internal.zzft.zza(com.google.android.gms:play-services-measurement-impl@@22.0.0:36)\n\tat com.google.android.gms.measurement.internal.zzld.zzc(com.google.android.gms:play-services-measurement-impl@@22.0.0:4)\n\tat com.google.android.gms.measurement.internal.zzld.zza(com.google.android.gms:play-services-measurement-impl@@22.0.0:314)\n\tat com.google.android.gms.measurement.internal.zzjc.zza(com.google.android.gms:play-services-measurement-impl@@22.0.0:878)\n\tat com.google.android.gms.measurement.internal.zzjw.run(com.google.android.gms:play-services-measurement-impl@@22.0.0:2)\n\tat java.util.concurrent.Executors$RunnableAdapter.call(Executors.java:487)\n\tat java.util.concurrent.FutureTask.run(FutureTask.java:290)\n\tat com.google.android.gms.measurement.internal.zzhn.run(com.google.android.gms:play-services-measurement-impl@@22.0.0:37)\n",
    "is_privacy": false
},
{
    "type": "log",
    "source": "class",
    "method": "getFirebaseInstanceId",
    "package_name": "com.toppan.shufoo.android",
    "class_name": "com.google.firebase.analytics.FirebaseAnalytics",
    "timestamp": 1728462719453,
    "ref": "com.google.firebase.analytics.FirebaseAnalytics@4093afb",
    "arguments": "{}",
    "stack_trace": "java.lang.Exception\n\tat com.google.firebase.analytics.FirebaseAnalytics.getFirebaseInstanceId(Native Method)\n\tat java.lang.reflect.Method.invoke(Native Method)\n\tat com.google.android.gms.measurement.internal.zzft.zzah(com.google.android.gms:play-services-measurement-impl@@22.0.0:154)\n\tat com.google.android.gms.measurement.internal.zzft.zza(com.google.android.gms:play-services-measurement-impl@@22.0.0:36)\n\tat com.google.android.gms.measurement.internal.zzld.zzc(com.google.android.gms:play-services-measurement-impl@@22.0.0:4)\n\tat com.google.android.gms.measurement.internal.zzld.zza(com.google.android.gms:play-services-measurement-impl@@22.0.0:314)\n\tat com.google.android.gms.measurement.internal.zzjc.zza(com.google.android.gms:play-services-measurement-impl@@22.0.0:878)\n\tat com.google.android.gms.measurement.internal.zzjw.run(com.google.android.gms:play-services-measurement-impl@@22.0.0:2)\n\tat java.util.concurrent.Executors$RunnableAdapter.call(Executors.java:487)\n\tat java.util.concurrent.FutureTask.run(FutureTask.java:290)\n\tat com.google.android.gms.measurement.internal.zzhn.run(com.google.android.gms:play-services-measurement-impl@@22.0.0:37)\n",
    "is_privacy": false
},
{
    "type": "log",
    "source": "class",
    "method": "getInstance",
    "package_name": "com.toppan.shufoo.android",
    "class_name": "com.google.firebase.analytics.FirebaseAnalytics",
    "timestamp": 1728462719485,
    "ref": "<class: com.google.firebase.analytics.FirebaseAnalytics>",
    "arguments": "{\"0\":\"<instance: android.content.Context, $className: com.toppan.shufoo.android.ShufooApp>\"}",
    "stack_trace": "java.lang.Exception\n\tat com.google.firebase.analytics.FirebaseAnalytics.getInstance(Native Method)\n\tat java.lang.reflect.Method.invoke(Native Method)\n\tat com.google.android.gms.measurement.internal.zzft.zzah(com.google.android.gms:play-services-measurement-impl@@22.0.0:145)\n\tat com.google.android.gms.measurement.internal.zzft.zza(com.google.android.gms:play-services-measurement-impl@@22.0.0:36)\n\tat com.google.android.gms.measurement.internal.zzld.zzc(com.google.android.gms:play-services-measurement-impl@@22.0.0:4)\n\tat com.google.android.gms.measurement.internal.zzld.zza(com.google.android.gms:play-services-measurement-impl@@22.0.0:314)\n\tat com.google.android.gms.measurement.internal.zzjc.zza(com.google.android.gms:play-services-measurement-impl@@22.0.0:878)\n\tat com.google.android.gms.measurement.internal.zzjw.run(com.google.android.gms:play-services-measurement-impl@@22.0.0:2)\n\tat java.util.concurrent.Executors$RunnableAdapter.call(Executors.java:487)\n\tat java.util.concurrent.FutureTask.run(FutureTask.java:290)\n\tat com.google.android.gms.measurement.internal.zzhn.run(com.google.android.gms:play-services-measurement-impl@@22.0.0:37)\n",
    "is_privacy": false
},
{
    "type": "log",
    "source": "class",
    "method": "getFirebaseInstanceId",
    "package_name": "com.toppan.shufoo.android",
    "class_name": "com.google.firebase.analytics.FirebaseAnalytics",
    "timestamp": 1728462719490,
    "ref": "com.google.firebase.analytics.FirebaseAnalytics@4093afb",
    "arguments": "{}",
    "stack_trace": "java.lang.Exception\n\tat com.google.firebase.analytics.FirebaseAnalytics.getFirebaseInstanceId(Native Method)\n\tat java.lang.reflect.Method.invoke(Native Method)\n\tat com.google.android.gms.measurement.internal.zzft.zzah(com.google.android.gms:play-services-measurement-impl@@22.0.0:154)\n\tat com.google.android.gms.measurement.internal.zzft.zza(com.google.android.gms:play-services-measurement-impl@@22.0.0:36)\n\tat com.google.android.gms.measurement.internal.zzld.zzc(com.google.android.gms:play-services-measurement-impl@@22.0.0:4)\n\tat com.google.android.gms.measurement.internal.zzld.zza(com.google.android.gms:play-services-measurement-impl@@22.0.0:314)\n\tat com.google.android.gms.measurement.internal.zzjc.zza(com.google.android.gms:play-services-measurement-impl@@22.0.0:878)\n\tat com.google.android.gms.measurement.internal.zzjw.run(com.google.android.gms:play-services-measurement-impl@@22.0.0:2)\n\tat java.util.concurrent.Executors$RunnableAdapter.call(Executors.java:487)\n\tat java.util.concurrent.FutureTask.run(FutureTask.java:290)\n\tat com.google.android.gms.measurement.internal.zzhn.run(com.google.android.gms:play-services-measurement-impl@@22.0.0:37)\n",
    "is_privacy": false
},
{
    "type": "log",
    "source": "class",
    "method": "getInstance",
    "package_name": "com.toppan.shufoo.android",
    "class_name": "com.google.firebase.analytics.FirebaseAnalytics",
    "timestamp": 1728462719521,
    "ref": "<class: com.google.firebase.analytics.FirebaseAnalytics>",
    "arguments": "{\"0\":\"<instance: android.content.Context, $className: com.toppan.shufoo.android.ShufooApp>\"}",
    "stack_trace": "java.lang.Exception\n\tat com.google.firebase.analytics.FirebaseAnalytics.getInstance(Native Method)\n\tat java.lang.reflect.Method.invoke(Native Method)\n\tat com.google.android.gms.measurement.internal.zzft.zzah(com.google.android.gms:play-services-measurement-impl@@22.0.0:145)\n\tat com.google.android.gms.measurement.internal.zzft.zza(com.google.android.gms:play-services-measurement-impl@@22.0.0:36)\n\tat com.google.android.gms.measurement.internal.zzld.zzc(com.google.android.gms:play-services-measurement-impl@@22.0.0:4)\n\tat com.google.android.gms.measurement.internal.zzld.zza(com.google.android.gms:play-services-measurement-impl@@22.0.0:314)\n\tat com.google.android.gms.measurement.internal.zzjc.zza(com.google.android.gms:play-services-measurement-impl@@22.0.0:878)\n\tat com.google.android.gms.measurement.internal.zzjw.run(com.google.android.gms:play-services-measurement-impl@@22.0.0:2)\n\tat java.util.concurrent.Executors$RunnableAdapter.call(Executors.java:487)\n\tat java.util.concurrent.FutureTask.run(FutureTask.java:290)\n\tat com.google.android.gms.measurement.internal.zzhn.run(com.google.android.gms:play-services-measurement-impl@@22.0.0:37)\n",
    "is_privacy": false
},
{
    "type": "log",
    "source": "class",
    "method": "getFirebaseInstanceId",
    "package_name": "com.toppan.shufoo.android",
    "class_name": "com.google.firebase.analytics.FirebaseAnalytics",
    "timestamp": 1728462719525,
    "ref": "com.google.firebase.analytics.FirebaseAnalytics@4093afb",
    "arguments": "{}",
    "stack_trace": "java.lang.Exception\n\tat com.google.firebase.analytics.FirebaseAnalytics.getFirebaseInstanceId(Native Method)\n\tat java.lang.reflect.Method.invoke(Native Method)\n\tat com.google.android.gms.measurement.internal.zzft.zzah(com.google.android.gms:play-services-measurement-impl@@22.0.0:154)\n\tat com.google.android.gms.measurement.internal.zzft.zza(com.google.android.gms:play-services-measurement-impl@@22.0.0:36)\n\tat com.google.android.gms.measurement.internal.zzld.zzc(com.google.android.gms:play-services-measurement-impl@@22.0.0:4)\n\tat com.google.android.gms.measurement.internal.zzld.zza(com.google.android.gms:play-services-measurement-impl@@22.0.0:314)\n\tat com.google.android.gms.measurement.internal.zzjc.zza(com.google.android.gms:play-services-measurement-impl@@22.0.0:878)\n\tat com.google.android.gms.measurement.internal.zzjw.run(com.google.android.gms:play-services-measurement-impl@@22.0.0:2)\n\tat java.util.concurrent.Executors$RunnableAdapter.call(Executors.java:487)\n\tat java.util.concurrent.FutureTask.run(FutureTask.java:290)\n\tat com.google.android.gms.measurement.internal.zzhn.run(com.google.android.gms:play-services-measurement-impl@@22.0.0:37)\n",
    "is_privacy": false
},
{
    "type": "log",
    "source": "class",
    "method": "getInstance",
    "package_name": "com.toppan.shufoo.android",
    "class_name": "com.google.firebase.analytics.FirebaseAnalytics",
    "timestamp": 1728462719555,
    "ref": "<class: com.google.firebase.analytics.FirebaseAnalytics>",
    "arguments": "{\"0\":\"<instance: android.content.Context, $className: com.toppan.shufoo.android.ShufooApp>\"}",
    "stack_trace": "java.lang.Exception\n\tat com.google.firebase.analytics.FirebaseAnalytics.getInstance(Native Method)\n\tat java.lang.reflect.Method.invoke(Native Method)\n\tat com.google.android.gms.measurement.internal.zzft.zzah(com.google.android.gms:play-services-measurement-impl@@22.0.0:145)\n\tat com.google.android.gms.measurement.internal.zzft.zza(com.google.android.gms:play-services-measurement-impl@@22.0.0:36)\n\tat com.google.android.gms.measurement.internal.zzld.zzc(com.google.android.gms:play-services-measurement-impl@@22.0.0:4)\n\tat com.google.android.gms.measurement.internal.zzld.zza(com.google.android.gms:play-services-measurement-impl@@22.0.0:314)\n\tat com.google.android.gms.measurement.internal.zzjc.zza(com.google.android.gms:play-services-measurement-impl@@22.0.0:878)\n\tat com.google.android.gms.measurement.internal.zzjw.run(com.google.android.gms:play-services-measurement-impl@@22.0.0:2)\n\tat java.util.concurrent.Executors$RunnableAdapter.call(Executors.java:487)\n\tat java.util.concurrent.FutureTask.run(FutureTask.java:290)\n\tat com.google.android.gms.measurement.internal.zzhn.run(com.google.android.gms:play-services-measurement-impl@@22.0.0:37)\n",
    "is_privacy": false
},
{
    "type": "log",
    "source": "class",
    "method": "getFirebaseInstanceId",
    "package_name": "com.toppan.shufoo.android",
    "class_name": "com.google.firebase.analytics.FirebaseAnalytics",
    "timestamp": 1728462719558,
    "ref": "com.google.firebase.analytics.FirebaseAnalytics@4093afb",
    "arguments": "{}",
    "stack_trace": "java.lang.Exception\n\tat com.google.firebase.analytics.FirebaseAnalytics.getFirebaseInstanceId(Native Method)\n\tat java.lang.reflect.Method.invoke(Native Method)\n\tat com.google.android.gms.measurement.internal.zzft.zzah(com.google.android.gms:play-services-measurement-impl@@22.0.0:154)\n\tat com.google.android.gms.measurement.internal.zzft.zza(com.google.android.gms:play-services-measurement-impl@@22.0.0:36)\n\tat com.google.android.gms.measurement.internal.zzld.zzc(com.google.android.gms:play-services-measurement-impl@@22.0.0:4)\n\tat com.google.android.gms.measurement.internal.zzld.zza(com.google.android.gms:play-services-measurement-impl@@22.0.0:314)\n\tat com.google.android.gms.measurement.internal.zzjc.zza(com.google.android.gms:play-services-measurement-impl@@22.0.0:878)\n\tat com.google.android.gms.measurement.internal.zzjw.run(com.google.android.gms:play-services-measurement-impl@@22.0.0:2)\n\tat java.util.concurrent.Executors$RunnableAdapter.call(Executors.java:487)\n\tat java.util.concurrent.FutureTask.run(FutureTask.java:290)\n\tat com.google.android.gms.measurement.internal.zzhn.run(com.google.android.gms:play-services-measurement-impl@@22.0.0:37)\n",
    "is_privacy": false
},
{
    "type": "log",
    "source": "class",
    "method": "getInstance",
    "package_name": "com.toppan.shufoo.android",
    "class_name": "com.google.firebase.analytics.FirebaseAnalytics",
    "timestamp": 1728462719586,
    "ref": "<class: com.google.firebase.analytics.FirebaseAnalytics>",
    "arguments": "{\"0\":\"<instance: android.content.Context, $className: com.toppan.shufoo.android.ShufooApp>\"}",
    "stack_trace": "java.lang.Exception\n\tat com.google.firebase.analytics.FirebaseAnalytics.getInstance(Native Method)\n\tat java.lang.reflect.Method.invoke(Native Method)\n\tat com.google.android.gms.measurement.internal.zzft.zzah(com.google.android.gms:play-services-measurement-impl@@22.0.0:145)\n\tat com.google.android.gms.measurement.internal.zzft.zza(com.google.android.gms:play-services-measurement-impl@@22.0.0:36)\n\tat com.google.android.gms.measurement.internal.zzld.zzc(com.google.android.gms:play-services-measurement-impl@@22.0.0:4)\n\tat com.google.android.gms.measurement.internal.zzld.zza(com.google.android.gms:play-services-measurement-impl@@22.0.0:314)\n\tat com.google.android.gms.measurement.internal.zzjc.zza(com.google.android.gms:play-services-measurement-impl@@22.0.0:878)\n\tat com.google.android.gms.measurement.internal.zzjw.run(com.google.android.gms:play-services-measurement-impl@@22.0.0:2)\n\tat java.util.concurrent.Executors$RunnableAdapter.call(Executors.java:487)\n\tat java.util.concurrent.FutureTask.run(FutureTask.java:290)\n\tat com.google.android.gms.measurement.internal.zzhn.run(com.google.android.gms:play-services-measurement-impl@@22.0.0:37)\n",
    "is_privacy": false
},
{
    "type": "log",
    "source": "class",
    "method": "getFirebaseInstanceId",
    "package_name": "com.toppan.shufoo.android",
    "class_name": "com.google.firebase.analytics.FirebaseAnalytics",
    "timestamp": 1728462719589,
    "ref": "com.google.firebase.analytics.FirebaseAnalytics@4093afb",
    "arguments": "{}",
    "stack_trace": "java.lang.Exception\n\tat com.google.firebase.analytics.FirebaseAnalytics.getFirebaseInstanceId(Native Method)\n\tat java.lang.reflect.Method.invoke(Native Method)\n\tat com.google.android.gms.measurement.internal.zzft.zzah(com.google.android.gms:play-services-measurement-impl@@22.0.0:154)\n\tat com.google.android.gms.measurement.internal.zzft.zza(com.google.android.gms:play-services-measurement-impl@@22.0.0:36)\n\tat com.google.android.gms.measurement.internal.zzld.zzc(com.google.android.gms:play-services-measurement-impl@@22.0.0:4)\n\tat com.google.android.gms.measurement.internal.zzld.zza(com.google.android.gms:play-services-measurement-impl@@22.0.0:314)\n\tat com.google.android.gms.measurement.internal.zzjc.zza(com.google.android.gms:play-services-measurement-impl@@22.0.0:878)\n\tat com.google.android.gms.measurement.internal.zzjw.run(com.google.android.gms:play-services-measurement-impl@@22.0.0:2)\n\tat java.util.concurrent.Executors$RunnableAdapter.call(Executors.java:487)\n\tat java.util.concurrent.FutureTask.run(FutureTask.java:290)\n\tat com.google.android.gms.measurement.internal.zzhn.run(com.google.android.gms:play-services-measurement-impl@@22.0.0:37)\n",
    "is_privacy": false
},
{
    "type": "log",
    "source": "class",
    "method": "getInstance",
    "package_name": "com.toppan.shufoo.android",
    "class_name": "com.google.firebase.analytics.FirebaseAnalytics",
    "timestamp": 1728462719617,
    "ref": "<class: com.google.firebase.analytics.FirebaseAnalytics>",
    "arguments": "{\"0\":\"<instance: android.content.Context, $className: com.toppan.shufoo.android.ShufooApp>\"}",
    "stack_trace": "java.lang.Exception\n\tat com.google.firebase.analytics.FirebaseAnalytics.getInstance(Native Method)\n\tat java.lang.reflect.Method.invoke(Native Method)\n\tat com.google.android.gms.measurement.internal.zzft.zzah(com.google.android.gms:play-services-measurement-impl@@22.0.0:145)\n\tat com.google.android.gms.measurement.internal.zzft.zza(com.google.android.gms:play-services-measurement-impl@@22.0.0:36)\n\tat com.google.android.gms.measurement.internal.zzld.zzc(com.google.android.gms:play-services-measurement-impl@@22.0.0:4)\n\tat com.google.android.gms.measurement.internal.zzld.zza(com.google.android.gms:play-services-measurement-impl@@22.0.0:314)\n\tat com.google.android.gms.measurement.internal.zzjc.zza(com.google.android.gms:play-services-measurement-impl@@22.0.0:878)\n\tat com.google.android.gms.measurement.internal.zzjw.run(com.google.android.gms:play-services-measurement-impl@@22.0.0:2)\n\tat java.util.concurrent.Executors$RunnableAdapter.call(Executors.java:487)\n\tat java.util.concurrent.FutureTask.run(FutureTask.java:290)\n\tat com.google.android.gms.measurement.internal.zzhn.run(com.google.android.gms:play-services-measurement-impl@@22.0.0:37)\n",
    "is_privacy": false
},
{
    "type": "log",
    "source": "class",
    "method": "getFirebaseInstanceId",
    "package_name": "com.toppan.shufoo.android",
    "class_name": "com.google.firebase.analytics.FirebaseAnalytics",
    "timestamp": 1728462719620,
    "ref": "com.google.firebase.analytics.FirebaseAnalytics@4093afb",
    "arguments": "{}",
    "stack_trace": "java.lang.Exception\n\tat com.google.firebase.analytics.FirebaseAnalytics.getFirebaseInstanceId(Native Method)\n\tat java.lang.reflect.Method.invoke(Native Method)\n\tat com.google.android.gms.measurement.internal.zzft.zzah(com.google.android.gms:play-services-measurement-impl@@22.0.0:154)\n\tat com.google.android.gms.measurement.internal.zzft.zza(com.google.android.gms:play-services-measurement-impl@@22.0.0:36)\n\tat com.google.android.gms.measurement.internal.zzld.zzc(com.google.android.gms:play-services-measurement-impl@@22.0.0:4)\n\tat com.google.android.gms.measurement.internal.zzld.zza(com.google.android.gms:play-services-measurement-impl@@22.0.0:314)\n\tat com.google.android.gms.measurement.internal.zzjc.zza(com.google.android.gms:play-services-measurement-impl@@22.0.0:878)\n\tat com.google.android.gms.measurement.internal.zzjw.run(com.google.android.gms:play-services-measurement-impl@@22.0.0:2)\n\tat java.util.concurrent.Executors$RunnableAdapter.call(Executors.java:487)\n\tat java.util.concurrent.FutureTask.run(FutureTask.java:290)\n\tat com.google.android.gms.measurement.internal.zzhn.run(com.google.android.gms:play-services-measurement-impl@@22.0.0:37)\n",
    "is_privacy": false
},
{
    "type": "log",
    "source": "class",
    "method": "getInstance",
    "package_name": "com.toppan.shufoo.android",
    "class_name": "com.google.firebase.analytics.FirebaseAnalytics",
    "timestamp": 1728462719650,
    "ref": "<class: com.google.firebase.analytics.FirebaseAnalytics>",
    "arguments": "{\"0\":\"<instance: android.content.Context, $className: com.toppan.shufoo.android.ShufooApp>\"}",
    "stack_trace": "java.lang.Exception\n\tat com.google.firebase.analytics.FirebaseAnalytics.getInstance(Native Method)\n\tat java.lang.reflect.Method.invoke(Native Method)\n\tat com.google.android.gms.measurement.internal.zzft.zzah(com.google.android.gms:play-services-measurement-impl@@22.0.0:145)\n\tat com.google.android.gms.measurement.internal.zzft.zza(com.google.android.gms:play-services-measurement-impl@@22.0.0:36)\n\tat com.google.android.gms.measurement.internal.zzld.zzc(com.google.android.gms:play-services-measurement-impl@@22.0.0:4)\n\tat com.google.android.gms.measurement.internal.zzld.zza(com.google.android.gms:play-services-measurement-impl@@22.0.0:314)\n\tat com.google.android.gms.measurement.internal.zzjc.zza(com.google.android.gms:play-services-measurement-impl@@22.0.0:878)\n\tat com.google.android.gms.measurement.internal.zzjw.run(com.google.android.gms:play-services-measurement-impl@@22.0.0:2)\n\tat java.util.concurrent.Executors$RunnableAdapter.call(Executors.java:487)\n\tat java.util.concurrent.FutureTask.run(FutureTask.java:290)\n\tat com.google.android.gms.measurement.internal.zzhn.run(com.google.android.gms:play-services-measurement-impl@@22.0.0:37)\n",
    "is_privacy": false
},
{
    "type": "log",
    "source": "class",
    "method": "getFirebaseInstanceId",
    "package_name": "com.toppan.shufoo.android",
    "class_name": "com.google.firebase.analytics.FirebaseAnalytics",
    "timestamp": 1728462719653,
    "ref": "com.google.firebase.analytics.FirebaseAnalytics@4093afb",
    "arguments": "{}",
    "stack_trace": "java.lang.Exception\n\tat com.google.firebase.analytics.FirebaseAnalytics.getFirebaseInstanceId(Native Method)\n\tat java.lang.reflect.Method.invoke(Native Method)\n\tat com.google.android.gms.measurement.internal.zzft.zzah(com.google.android.gms:play-services-measurement-impl@@22.0.0:154)\n\tat com.google.android.gms.measurement.internal.zzft.zza(com.google.android.gms:play-services-measurement-impl@@22.0.0:36)\n\tat com.google.android.gms.measurement.internal.zzld.zzc(com.google.android.gms:play-services-measurement-impl@@22.0.0:4)\n\tat com.google.android.gms.measurement.internal.zzld.zza(com.google.android.gms:play-services-measurement-impl@@22.0.0:314)\n\tat com.google.android.gms.measurement.internal.zzjc.zza(com.google.android.gms:play-services-measurement-impl@@22.0.0:878)\n\tat com.google.android.gms.measurement.internal.zzjw.run(com.google.android.gms:play-services-measurement-impl@@22.0.0:2)\n\tat java.util.concurrent.Executors$RunnableAdapter.call(Executors.java:487)\n\tat java.util.concurrent.FutureTask.run(FutureTask.java:290)\n\tat com.google.android.gms.measurement.internal.zzhn.run(com.google.android.gms:play-services-measurement-impl@@22.0.0:37)\n",
    "is_privacy": false
},
{
    "type": "log",
    "source": "class",
    "method": "getInstance",
    "package_name": "com.toppan.shufoo.android",
    "class_name": "com.google.firebase.analytics.FirebaseAnalytics",
    "timestamp": 1728462719689,
    "ref": "<class: com.google.firebase.analytics.FirebaseAnalytics>",
    "arguments": "{\"0\":\"<instance: android.content.Context, $className: com.toppan.shufoo.android.ShufooApp>\"}",
    "stack_trace": "java.lang.Exception\n\tat com.google.firebase.analytics.FirebaseAnalytics.getInstance(Native Method)\n\tat java.lang.reflect.Method.invoke(Native Method)\n\tat com.google.android.gms.measurement.internal.zzft.zzah(com.google.android.gms:play-services-measurement-impl@@22.0.0:145)\n\tat com.google.android.gms.measurement.internal.zzft.zza(com.google.android.gms:play-services-measurement-impl@@22.0.0:36)\n\tat com.google.android.gms.measurement.internal.zzld.zzc(com.google.android.gms:play-services-measurement-impl@@22.0.0:4)\n\tat com.google.android.gms.measurement.internal.zzld.zza(com.google.android.gms:play-services-measurement-impl@@22.0.0:314)\n\tat com.google.android.gms.measurement.internal.zzjc.zza(com.google.android.gms:play-services-measurement-impl@@22.0.0:878)\n\tat com.google.android.gms.measurement.internal.zzjw.run(com.google.android.gms:play-services-measurement-impl@@22.0.0:2)\n\tat java.util.concurrent.Executors$RunnableAdapter.call(Executors.java:487)\n\tat java.util.concurrent.FutureTask.run(FutureTask.java:290)\n\tat com.google.android.gms.measurement.internal.zzhn.run(com.google.android.gms:play-services-measurement-impl@@22.0.0:37)\n",
    "is_privacy": false
},
{
    "type": "log",
    "source": "class",
    "method": "getFirebaseInstanceId",
    "package_name": "com.toppan.shufoo.android",
    "class_name": "com.google.firebase.analytics.FirebaseAnalytics",
    "timestamp": 1728462719693,
    "ref": "com.google.firebase.analytics.FirebaseAnalytics@4093afb",
    "arguments": "{}",
    "stack_trace": "java.lang.Exception\n\tat com.google.firebase.analytics.FirebaseAnalytics.getFirebaseInstanceId(Native Method)\n\tat java.lang.reflect.Method.invoke(Native Method)\n\tat com.google.android.gms.measurement.internal.zzft.zzah(com.google.android.gms:play-services-measurement-impl@@22.0.0:154)\n\tat com.google.android.gms.measurement.internal.zzft.zza(com.google.android.gms:play-services-measurement-impl@@22.0.0:36)\n\tat com.google.android.gms.measurement.internal.zzld.zzc(com.google.android.gms:play-services-measurement-impl@@22.0.0:4)\n\tat com.google.android.gms.measurement.internal.zzld.zza(com.google.android.gms:play-services-measurement-impl@@22.0.0:314)\n\tat com.google.android.gms.measurement.internal.zzjc.zza(com.google.android.gms:play-services-measurement-impl@@22.0.0:878)\n\tat com.google.android.gms.measurement.internal.zzjw.run(com.google.android.gms:play-services-measurement-impl@@22.0.0:2)\n\tat java.util.concurrent.Executors$RunnableAdapter.call(Executors.java:487)\n\tat java.util.concurrent.FutureTask.run(FutureTask.java:290)\n\tat com.google.android.gms.measurement.internal.zzhn.run(com.google.android.gms:play-services-measurement-impl@@22.0.0:37)\n",
    "is_privacy": false
},
{
    "type": "log",
    "source": "class",
    "method": "getInstance",
    "package_name": "com.toppan.shufoo.android",
    "class_name": "com.google.firebase.analytics.FirebaseAnalytics",
    "timestamp": 1728462719730,
    "ref": "<class: com.google.firebase.analytics.FirebaseAnalytics>",
    "arguments": "{\"0\":\"<instance: android.content.Context, $className: com.toppan.shufoo.android.ShufooApp>\"}",
    "stack_trace": "java.lang.Exception\n\tat com.google.firebase.analytics.FirebaseAnalytics.getInstance(Native Method)\n\tat java.lang.reflect.Method.invoke(Native Method)\n\tat com.google.android.gms.measurement.internal.zzft.zzah(com.google.android.gms:play-services-measurement-impl@@22.0.0:145)\n\tat com.google.android.gms.measurement.internal.zzft.zza(com.google.android.gms:play-services-measurement-impl@@22.0.0:36)\n\tat com.google.android.gms.measurement.internal.zzld.zzc(com.google.android.gms:play-services-measurement-impl@@22.0.0:4)\n\tat com.google.android.gms.measurement.internal.zzld.zza(com.google.android.gms:play-services-measurement-impl@@22.0.0:314)\n\tat com.google.android.gms.measurement.internal.zzjc.zza(com.google.android.gms:play-services-measurement-impl@@22.0.0:878)\n\tat com.google.android.gms.measurement.internal.zzjw.run(com.google.android.gms:play-services-measurement-impl@@22.0.0:2)\n\tat java.util.concurrent.Executors$RunnableAdapter.call(Executors.java:487)\n\tat java.util.concurrent.FutureTask.run(FutureTask.java:290)\n\tat com.google.android.gms.measurement.internal.zzhn.run(com.google.android.gms:play-services-measurement-impl@@22.0.0:37)\n",
    "is_privacy": false
},
{
    "type": "log",
    "source": "class",
    "method": "getFirebaseInstanceId",
    "package_name": "com.toppan.shufoo.android",
    "class_name": "com.google.firebase.analytics.FirebaseAnalytics",
    "timestamp": 1728462719746,
    "ref": "com.google.firebase.analytics.FirebaseAnalytics@4093afb",
    "arguments": "{}",
    "stack_trace": "java.lang.Exception\n\tat com.google.firebase.analytics.FirebaseAnalytics.getFirebaseInstanceId(Native Method)\n\tat java.lang.reflect.Method.invoke(Native Method)\n\tat com.google.android.gms.measurement.internal.zzft.zzah(com.google.android.gms:play-services-measurement-impl@@22.0.0:154)\n\tat com.google.android.gms.measurement.internal.zzft.zza(com.google.android.gms:play-services-measurement-impl@@22.0.0:36)\n\tat com.google.android.gms.measurement.internal.zzld.zzc(com.google.android.gms:play-services-measurement-impl@@22.0.0:4)\n\tat com.google.android.gms.measurement.internal.zzld.zza(com.google.android.gms:play-services-measurement-impl@@22.0.0:314)\n\tat com.google.android.gms.measurement.internal.zzjc.zza(com.google.android.gms:play-services-measurement-impl@@22.0.0:878)\n\tat com.google.android.gms.measurement.internal.zzjw.run(com.google.android.gms:play-services-measurement-impl@@22.0.0:2)\n\tat java.util.concurrent.Executors$RunnableAdapter.call(Executors.java:487)\n\tat java.util.concurrent.FutureTask.run(FutureTask.java:290)\n\tat com.google.android.gms.measurement.internal.zzhn.run(com.google.android.gms:play-services-measurement-impl@@22.0.0:37)\n",
    "is_privacy": false
},
{
    "type": "log",
    "source": "class",
    "method": "initialize",
    "package_name": "com.toppan.shufoo.android",
    "class_name": "com.google.android.gms.ads.MobileAds",
    "timestamp": 1728462720476,
    "ref": "<class: com.google.android.gms.ads.MobileAds>",
    "arguments": "{\"0\":\"<instance: android.content.Context, $className: com.toppan.shufoo.android.LaunchActivity>\",\"1\":\"<instance: com.google.android.gms.ads.initialization.OnInitializationCompleteListener, $className: com.toppan.shufoo.android.LaunchActivity$2>\"}",
    "stack_trace": "java.lang.Exception\n\tat com.google.android.gms.ads.MobileAds.initialize(Native Method)\n\tat com.toppan.shufoo.android.LaunchActivity.onCreate(LaunchActivity.java:297)\n\tat android.app.Activity.performCreate(Activity.java:8780)\n\tat android.app.Activity.performCreate(Activity.java:8752)\n\tat android.app.Instrumentation.callActivityOnCreate(Instrumentation.java:1475)\n\tat android.app.ActivityThread.performLaunchActivity(ActivityThread.java:4067)\n\tat android.app.ActivityThread.handleLaunchActivity(ActivityThread.java:4243)\n\tat android.app.servertransaction.LaunchActivityItem.execute(LaunchActivityItem.java:114)\n\tat android.app.servertransaction.TransactionExecutor.executeCallbacks(TransactionExecutor.java:144)\n\tat android.app.servertransaction.TransactionExecutor.execute(TransactionExecutor.java:101)\n\tat android.app.ActivityThread$H.handleMessage(ActivityThread.java:2705)\n\tat android.os.Handler.dispatchMessage(Handler.java:106)\n\tat android.os.Looper.loopOnce(Looper.java:255)\n\tat android.os.Looper.loop(Looper.java:364)\n\tat android.app.ActivityThread.main(ActivityThread.java:8938)\n\tat java.lang.reflect.Method.invoke(Native Method)\n\tat com.android.internal.os.RuntimeInit$MethodAndArgsCaller.run(RuntimeInit.java:572)\n\tat com.android.internal.os.ZygoteInit.main(ZygoteInit.java:1053)\n",
    "is_privacy": false
},
{
    "type": "log",
    "source": "class",
    "method": "build",
    "package_name": "com.toppan.shufoo.android",
    "class_name": "com.google.android.gms.ads.RequestConfiguration$Builder",
    "timestamp": 1728462720478,
    "ref": "com.google.android.gms.ads.RequestConfiguration$Builder@d5f045e",
    "arguments": "{}",
    "stack_trace": "java.lang.Exception\n\tat com.google.android.gms.ads.RequestConfiguration$Builder.build(Native Method)\n\tat com.google.android.gms.ads.internal.client.zzej.<init>(com.google.android.gms:play-services-ads-lite@@23.1.0:2)\n\tat com.google.android.gms.ads.internal.client.zzej.zzf(com.google.android.gms:play-services-ads-lite@@23.1.0:1)\n\tat com.google.android.gms.ads.MobileAds.initialize(com.google.android.gms:play-services-ads-lite@@23.1.0:3)\n\tat com.google.android.gms.ads.MobileAds.initialize(Native Method)\n\tat com.toppan.shufoo.android.LaunchActivity.onCreate(LaunchActivity.java:297)\n\tat android.app.Activity.performCreate(Activity.java:8780)\n\tat android.app.Activity.performCreate(Activity.java:8752)\n\tat android.app.Instrumentation.callActivityOnCreate(Instrumentation.java:1475)\n\tat android.app.ActivityThread.performLaunchActivity(ActivityThread.java:4067)\n\tat android.app.ActivityThread.handleLaunchActivity(ActivityThread.java:4243)\n\tat android.app.servertransaction.LaunchActivityItem.execute(LaunchActivityItem.java:114)\n\tat android.app.servertransaction.TransactionExecutor.executeCallbacks(TransactionExecutor.java:144)\n\tat android.app.servertransaction.TransactionExecutor.execute(TransactionExecutor.java:101)\n\tat android.app.ActivityThread$H.handleMessage(ActivityThread.java:2705)\n\tat android.os.Handler.dispatchMessage(Handler.java:106)\n\tat android.os.Looper.loopOnce(Looper.java:255)\n\tat android.os.Looper.loop(Looper.java:364)\n\tat android.app.ActivityThread.main(ActivityThread.java:8938)\n\tat java.lang.reflect.Method.invoke(Native Method)\n\tat com.android.internal.os.RuntimeInit$MethodAndArgsCaller.run(RuntimeInit.java:572)\n\tat com.android.internal.os.ZygoteInit.main(ZygoteInit.java:1053)\n",
    "is_privacy": false
},
{
    "type": "log",
    "source": "class",
    "method": "getTagForChildDirectedTreatment",
    "package_name": "com.toppan.shufoo.android",
    "class_name": "com.google.android.gms.ads.RequestConfiguration",
    "timestamp": 1728462720540,
    "ref": "com.google.android.gms.ads.RequestConfiguration@536601a",
    "arguments": "{}",
    "stack_trace": "java.lang.Exception\n\tat com.google.android.gms.ads.RequestConfiguration.getTagForChildDirectedTreatment(Native Method)\n\tat com.google.android.gms.ads.internal.client.zzej.zzm(com.google.android.gms:play-services-ads-lite@@23.1.0:11)\n\tat com.google.android.gms.ads.MobileAds.initialize(com.google.android.gms:play-services-ads-lite@@23.1.0:3)\n\tat com.google.android.gms.ads.MobileAds.initialize(Native Method)\n\tat com.toppan.shufoo.android.LaunchActivity.onCreate(LaunchActivity.java:297)\n\tat android.app.Activity.performCreate(Activity.java:8780)\n\tat android.app.Activity.performCreate(Activity.java:8752)\n\tat android.app.Instrumentation.callActivityOnCreate(Instrumentation.java:1475)\n\tat android.app.ActivityThread.performLaunchActivity(ActivityThread.java:4067)\n\tat android.app.ActivityThread.handleLaunchActivity(ActivityThread.java:4243)\n\tat android.app.servertransaction.LaunchActivityItem.execute(LaunchActivityItem.java:114)\n\tat android.app.servertransaction.TransactionExecutor.executeCallbacks(TransactionExecutor.java:144)\n\tat android.app.servertransaction.TransactionExecutor.execute(TransactionExecutor.java:101)\n\tat android.app.ActivityThread$H.handleMessage(ActivityThread.java:2705)\n\tat android.os.Handler.dispatchMessage(Handler.java:106)\n\tat android.os.Looper.loopOnce(Looper.java:255)\n\tat android.os.Looper.loop(Looper.java:364)\n\tat android.app.ActivityThread.main(ActivityThread.java:8938)\n\tat java.lang.reflect.Method.invoke(Native Method)\n\tat com.android.internal.os.RuntimeInit$MethodAndArgsCaller.run(RuntimeInit.java:572)\n\tat com.android.internal.os.ZygoteInit.main(ZygoteInit.java:1053)\n",
    "is_privacy": false
},
{
    "type": "log",
    "source": "class",
    "method": "getTagForUnderAgeOfConsent",
    "package_name": "com.toppan.shufoo.android",
    "class_name": "com.google.android.gms.ads.RequestConfiguration",
    "timestamp": 1728462720544,
    "ref": "com.google.android.gms.ads.RequestConfiguration@536601a",
    "arguments": "{}",
    "stack_trace": "java.lang.Exception\n\tat com.google.android.gms.ads.RequestConfiguration.getTagForUnderAgeOfConsent(Native Method)\n\tat com.google.android.gms.ads.internal.client.zzej.zzm(com.google.android.gms:play-services-ads-lite@@23.1.0:12)\n\tat com.google.android.gms.ads.MobileAds.initialize(com.google.android.gms:play-services-ads-lite@@23.1.0:3)\n\tat com.google.android.gms.ads.MobileAds.initialize(Native Method)\n\tat com.toppan.shufoo.android.LaunchActivity.onCreate(LaunchActivity.java:297)\n\tat android.app.Activity.performCreate(Activity.java:8780)\n\tat android.app.Activity.performCreate(Activity.java:8752)\n\tat android.app.Instrumentation.callActivityOnCreate(Instrumentation.java:1475)\n\tat android.app.ActivityThread.performLaunchActivity(ActivityThread.java:4067)\n\tat android.app.ActivityThread.handleLaunchActivity(ActivityThread.java:4243)\n\tat android.app.servertransaction.LaunchActivityItem.execute(LaunchActivityItem.java:114)\n\tat android.app.servertransaction.TransactionExecutor.executeCallbacks(TransactionExecutor.java:144)\n\tat android.app.servertransaction.TransactionExecutor.execute(TransactionExecutor.java:101)\n\tat android.app.ActivityThread$H.handleMessage(ActivityThread.java:2705)\n\tat android.os.Handler.dispatchMessage(Handler.java:106)\n\tat android.os.Looper.loopOnce(Looper.java:255)\n\tat android.os.Looper.loop(Looper.java:364)\n\tat android.app.ActivityThread.main(ActivityThread.java:8938)\n\tat java.lang.reflect.Method.invoke(Native Method)\n\tat com.android.internal.os.RuntimeInit$MethodAndArgsCaller.run(RuntimeInit.java:572)\n\tat com.android.internal.os.ZygoteInit.main(ZygoteInit.java:1053)\n",
    "is_privacy": false
},
{
    "type": "log",
    "source": "class",
    "method": "getInstance",
    "package_name": "com.toppan.shufoo.android",
    "class_name": "com.google.firebase.analytics.FirebaseAnalytics",
    "timestamp": 1728462721167,
    "ref": "<class: com.google.firebase.analytics.FirebaseAnalytics>",
    "arguments": "{\"0\":\"<instance: android.content.Context, $className: com.toppan.shufoo.android.ShufooApp>\"}",
    "stack_trace": "java.lang.Exception\n\tat com.google.firebase.analytics.FirebaseAnalytics.getInstance(Native Method)\n\tat java.lang.reflect.Method.invoke(Native Method)\n\tat com.google.android.gms.measurement.internal.zzft.zzah(com.google.android.gms:play-services-measurement-impl@@22.0.0:145)\n\tat com.google.android.gms.measurement.internal.zzft.zza(com.google.android.gms:play-services-measurement-impl@@22.0.0:36)\n\tat com.google.android.gms.measurement.internal.zzld.zzc(com.google.android.gms:play-services-measurement-impl@@22.0.0:4)\n\tat com.google.android.gms.measurement.internal.zzld.zza(com.google.android.gms:play-services-measurement-impl@@22.0.0:146)\n\tat com.google.android.gms.measurement.internal.zzk.run(com.google.android.gms:play-services-measurement-sdk@@22.0.0:4)\n\tat java.util.concurrent.Executors$RunnableAdapter.call(Executors.java:487)\n\tat java.util.concurrent.FutureTask.run(FutureTask.java:290)\n\tat com.google.android.gms.measurement.internal.zzhn.run(com.google.android.gms:play-services-measurement-impl@@22.0.0:37)\n",
    "is_privacy": false
},
{
    "type": "log",
    "source": "class",
    "method": "getFirebaseInstanceId",
    "package_name": "com.toppan.shufoo.android",
    "class_name": "com.google.firebase.analytics.FirebaseAnalytics",
    "timestamp": 1728462721240,
    "ref": "com.google.firebase.analytics.FirebaseAnalytics@4093afb",
    "arguments": "{}",
    "stack_trace": "java.lang.Exception\n\tat com.google.firebase.analytics.FirebaseAnalytics.getFirebaseInstanceId(Native Method)\n\tat java.lang.reflect.Method.invoke(Native Method)\n\tat com.google.android.gms.measurement.internal.zzft.zzah(com.google.android.gms:play-services-measurement-impl@@22.0.0:154)\n\tat com.google.android.gms.measurement.internal.zzft.zza(com.google.android.gms:play-services-measurement-impl@@22.0.0:36)\n\tat com.google.android.gms.measurement.internal.zzld.zzc(com.google.android.gms:play-services-measurement-impl@@22.0.0:4)\n\tat com.google.android.gms.measurement.internal.zzld.zza(com.google.android.gms:play-services-measurement-impl@@22.0.0:146)\n\tat com.google.android.gms.measurement.internal.zzk.run(com.google.android.gms:play-services-measurement-sdk@@22.0.0:4)\n\tat java.util.concurrent.Executors$RunnableAdapter.call(Executors.java:487)\n\tat java.util.concurrent.FutureTask.run(FutureTask.java:290)\n\tat com.google.android.gms.measurement.internal.zzhn.run(com.google.android.gms:play-services-measurement-impl@@22.0.0:37)\n",
    "is_privacy": false
},
{
    "type": "log",
    "source": "class",
    "method": "getInstance",
    "package_name": "com.toppan.shufoo.android",
    "class_name": "com.google.firebase.analytics.FirebaseAnalytics",
    "timestamp": 1728462723629,
    "ref": "<class: com.google.firebase.analytics.FirebaseAnalytics>",
    "arguments": "{\"0\":\"<instance: android.content.Context, $className: com.toppan.shufoo.android.ShufooApp>\"}",
    "stack_trace": "java.lang.Exception\n\tat com.google.firebase.analytics.FirebaseAnalytics.getInstance(Native Method)\n\tat java.lang.reflect.Method.invoke(Native Method)\n\tat com.google.android.gms.measurement.internal.zzft.zzah(com.google.android.gms:play-services-measurement-impl@@22.0.0:145)\n\tat com.google.android.gms.measurement.internal.zzft.zza(com.google.android.gms:play-services-measurement-impl@@22.0.0:36)\n\tat com.google.android.gms.measurement.internal.zzld.zzc(com.google.android.gms:play-services-measurement-impl@@22.0.0:4)\n\tat com.google.android.gms.measurement.internal.zzld.zza(com.google.android.gms:play-services-measurement-impl@@22.0.0:146)\n\tat com.google.android.gms.measurement.internal.zzk.run(com.google.android.gms:play-services-measurement-sdk@@22.0.0:4)\n\tat java.util.concurrent.Executors$RunnableAdapter.call(Executors.java:487)\n\tat java.util.concurrent.FutureTask.run(FutureTask.java:290)\n\tat com.google.android.gms.measurement.internal.zzhn.run(com.google.android.gms:play-services-measurement-impl@@22.0.0:37)\n",
    "is_privacy": false
},
{
    "type": "log",
    "source": "class",
    "method": "getFirebaseInstanceId",
    "package_name": "com.toppan.shufoo.android",
    "class_name": "com.google.firebase.analytics.FirebaseAnalytics",
    "timestamp": 1728462723637,
    "ref": "com.google.firebase.analytics.FirebaseAnalytics@4093afb",
    "arguments": "{}",
    "stack_trace": "java.lang.Exception\n\tat com.google.firebase.analytics.FirebaseAnalytics.getFirebaseInstanceId(Native Method)\n\tat java.lang.reflect.Method.invoke(Native Method)\n\tat com.google.android.gms.measurement.internal.zzft.zzah(com.google.android.gms:play-services-measurement-impl@@22.0.0:154)\n\tat com.google.android.gms.measurement.internal.zzft.zza(com.google.android.gms:play-services-measurement-impl@@22.0.0:36)\n\tat com.google.android.gms.measurement.internal.zzld.zzc(com.google.android.gms:play-services-measurement-impl@@22.0.0:4)\n\tat com.google.android.gms.measurement.internal.zzld.zza(com.google.android.gms:play-services-measurement-impl@@22.0.0:146)\n\tat com.google.android.gms.measurement.internal.zzk.run(com.google.android.gms:play-services-measurement-sdk@@22.0.0:4)\n\tat java.util.concurrent.Executors$RunnableAdapter.call(Executors.java:487)\n\tat java.util.concurrent.FutureTask.run(FutureTask.java:290)\n\tat com.google.android.gms.measurement.internal.zzhn.run(com.google.android.gms:play-services-measurement-impl@@22.0.0:37)\n",
    "is_privacy": false
},
{
    "type": "log",
    "source": "class",
    "method": "getInstance",
    "package_name": "com.toppan.shufoo.android",
    "class_name": "com.google.firebase.analytics.FirebaseAnalytics",
    "timestamp": 1728462724715,
    "ref": "<class: com.google.firebase.analytics.FirebaseAnalytics>",
    "arguments": "{\"0\":\"<instance: android.content.Context, $className: com.toppan.shufoo.android.ShufooApp>\"}",
    "stack_trace": "java.lang.Exception\n\tat com.google.firebase.analytics.FirebaseAnalytics.getInstance(Native Method)\n\tat java.lang.reflect.Method.invoke(Native Method)\n\tat com.google.android.gms.measurement.internal.zzft.zzah(com.google.android.gms:play-services-measurement-impl@@22.0.0:145)\n\tat com.google.android.gms.measurement.internal.zzft.zza(com.google.android.gms:play-services-measurement-impl@@22.0.0:36)\n\tat com.google.android.gms.measurement.internal.zzld.zzc(com.google.android.gms:play-services-measurement-impl@@22.0.0:4)\n\tat com.google.android.gms.measurement.internal.zzld.zza(com.google.android.gms:play-services-measurement-impl@@22.0.0:126)\n\tat com.google.android.gms.measurement.internal.zzm.run(com.google.android.gms:play-services-measurement-sdk@@22.0.0:4)\n\tat java.util.concurrent.Executors$RunnableAdapter.call(Executors.java:487)\n\tat java.util.concurrent.FutureTask.run(FutureTask.java:290)\n\tat com.google.android.gms.measurement.internal.zzhn.run(com.google.android.gms:play-services-measurement-impl@@22.0.0:37)\n",
    "is_privacy": false
},
{
    "type": "log",
    "source": "class",
    "method": "getFirebaseInstanceId",
    "package_name": "com.toppan.shufoo.android",
    "class_name": "com.google.firebase.analytics.FirebaseAnalytics",
    "timestamp": 1728462724721,
    "ref": "com.google.firebase.analytics.FirebaseAnalytics@4093afb",
    "arguments": "{}",
    "stack_trace": "java.lang.Exception\n\tat com.google.firebase.analytics.FirebaseAnalytics.getFirebaseInstanceId(Native Method)\n\tat java.lang.reflect.Method.invoke(Native Method)\n\tat com.google.android.gms.measurement.internal.zzft.zzah(com.google.android.gms:play-services-measurement-impl@@22.0.0:154)\n\tat com.google.android.gms.measurement.internal.zzft.zza(com.google.android.gms:play-services-measurement-impl@@22.0.0:36)\n\tat com.google.android.gms.measurement.internal.zzld.zzc(com.google.android.gms:play-services-measurement-impl@@22.0.0:4)\n\tat com.google.android.gms.measurement.internal.zzld.zza(com.google.android.gms:play-services-measurement-impl@@22.0.0:126)\n\tat com.google.android.gms.measurement.internal.zzm.run(com.google.android.gms:play-services-measurement-sdk@@22.0.0:4)\n\tat java.util.concurrent.Executors$RunnableAdapter.call(Executors.java:487)\n\tat java.util.concurrent.FutureTask.run(FutureTask.java:290)\n\tat com.google.android.gms.measurement.internal.zzhn.run(com.google.android.gms:play-services-measurement-impl@@22.0.0:37)\n",
    "is_privacy": false
},
