appId,type,title,installs,minInstalls,maxInstalls,androidVersion,androidMaxVersion,developerEmail,privacyPolicy,available,genreId,categories,contentRating,adSupported,updated,url
"com.squareup.cash","FINANCE","Cash App","100,000,000+","100000000","108209504","7.0","VARY","support@squareup.com","https://cash.app/legal/us/en-us/privacy","true","FINANCE","[object Object]","Everyone","true","1725667649000","https://play.google.com/store/apps/details?id=com.squareup.cash&hl=en&gl=us"
""com.paypal.android.p2pmobile","FINANCE","PayPal - Pay, Send, Save","100,000,000+","100000000","373453210","6.0","VARY","app-feedback@paypal.com","https://www.paypal.com/webapps/mpp/ua/privacy-full","true","FINANCE","[object Object]","Everyone","false","1725036843000","https://play.google.com/store/apps/details?id=com.paypal.android.p2pmobile&hl=en&gl=us"
""com.google.android.apps.walletnfcrel","FINANCE","Google Wallet","1,000,000,000+","1000000000","1000492314","VARY","VARY","google-payments@google.com","https://policies.google.com/privacy","true","FINANCE","[object Object]","Everyone","false","1725466467000","https://play.google.com/store/apps/details?id=com.google.android.apps.walletnfcrel&hl=en&gl=us"
""com.onedebit.chime","FINANCE","Chime – Mobile Banking","10,000,000+","10000000","26839241","8.0","VARY","support@chime.com","https://www.chime.com/privacy","true","FINANCE","[object Object]","Everyone","false","1725905331000","https://play.google.com/store/apps/details?id=com.onedebit.chime&hl=en&gl=us"
""com.venmo","FINANCE","Venmo","50,000,000+","50000000","56597320","8.0","VARY","support+android@venmo.com","https://venmo.com/info/privacy-policy","true","FINANCE","[object Object]","Everyone","false","1724083371000","https://play.google.com/store/apps/details?id=com.venmo&hl=en&gl=us"
""com.zellepay.zelle","FINANCE","Zelle","10,000,000+","10000000","27948284","11","VARY","customerservice@zellepay.com","https://www.zellepay.com/just-time-notice","true","FINANCE","[object Object]","Everyone","false","1721767696000","https://play.google.com/store/apps/details?id=com.zellepay.zelle&hl=en&gl=us"
""com.konylabs.capitalone","FINANCE","Capital One Mobile","10,000,000+","10000000","43528813","10","VARY","webinfo@capitalone.com","https://www.capitalone.com/privacy/online-privacy-policy","true","FINANCE","[object Object]","Everyone","false","1725035456000","https://play.google.com/store/apps/details?id=com.konylabs.capitalone&hl=en&gl=us"
""de.empfohlen","FINANCE","testerup - earn money","5,000,000+","5000000","6387790","5.0","VARY","aestimium@gmail.com","https://www.testerup.com/privacy/","true","FINANCE","[object Object]","Everyone","false","1723048034000","https://play.google.com/store/apps/details?id=de.empfohlen&hl=en&gl=us"
""com.ton_keeper","FINANCE","Tonkeeper — TON Wallet","10,000,000+","10000000","32318158","6.0","VARY","contact@tonkeeper.com","http://tonkeeper.com/privacy","true","FINANCE","[object Object]","Everyone","false","1725642450000","https://play.google.com/store/apps/details?id=com.ton_keeper&hl=en&gl=us"
""com.freecash.app2","FINANCE","Freecash: Earn Money & Rewards","5,000,000+","5000000","8249954","5.0","VARY","contact@freecash.com","https://freecash.com/privacy","true","FINANCE","[object Object]","Everyone","false","1725450315000","https://play.google.com/store/apps/details?id=com.freecash.app2&hl=en&gl=us"
""com.chase.sig.android","FINANCE","Chase Mobile","50,000,000+","50000000","51770171","10","VARY","chasemobilesupport@emailonline.chase.com","https://www.chase.com/resources/consumer-privacy","true","FINANCE","[object Object]","Everyone","false","1724959102000","https://play.google.com/store/apps/details?id=com.chase.sig.android&hl=en&gl=us"
""com.phonevalley.progressive","FINANCE","Progressive","10,000,000+","10000000","18825923","8.0","VARY","App_Feedback@progressive.com","https://www.progressive.com/mobile-privacy/","true","FINANCE","[object Object]","Everyone","false","1724877020000","https://play.google.com/store/apps/details?id=com.phonevalley.progressive&hl=en&gl=us"
""com.creditkarma.mobile","FINANCE","Intuit Credit Karma","10,000,000+","10000000","48595919","9","VARY","AppSupport@creditkarma.com","http://www.creditkarma.com/about/privacy","true","FINANCE","[object Object]","Everyone","true","1725572012000","https://play.google.com/store/apps/details?id=com.creditkarma.mobile&hl=en&gl=us"
""com.onefinance.one","FINANCE","One — Mobile Banking","1,000,000+","1000000","2733533","7.0","VARY","help@onefinance.com","https://hello.one.app/e/privacy-notice","true","FINANCE","[object Object]","Everyone","false","1725663900000","https://play.google.com/store/apps/details?id=com.onefinance.one&hl=en&gl=us"
""com.infonow.bofa","FINANCE","Bank of America Mobile Banking","10,000,000+","10000000","48978129","8.0","VARY","mobileappstore@bofa.com","https://www.bankofamerica.com/privacy/overview.go","true","FINANCE","[object Object]","Everyone","false","1723646956000","https://play.google.com/store/apps/details?id=com.infonow.bofa&hl=en&gl=us"
""com.experian.android","FINANCE","Experian","10,000,000+","10000000","16257313","7.0","VARY","AppSupport@experian.com","https://usa.experian.com/login/#/publicPrivacyPolicy","true","FINANCE","[object Object]","Everyone","false","1725940893000","https://play.google.com/store/apps/details?id=com.experian.android&hl=en&gl=us"
""com.propel.ebenefits","FINANCE","Propel EBT (Providers)","10,000,000+","10000000","21961130","5.1","VARY","feedback@joinproviders.com","https://www.joinproviders.com/providers/en/privacy-policy/","true","FINANCE","[object Object]","Everyone","false","1725487347000","https://play.google.com/store/apps/details?id=com.propel.ebenefits&hl=en&gl=us"
""com.kikoff","FINANCE","Kikoff - Build Credit Quickly","1,000,000+","1000000","2424486","7.0","VARY","hello@kikoff.com","https://kikoff.com/privacy-policy.html","true","FINANCE","[object Object]","Everyone","false","1725580877000","https://play.google.com/store/apps/details?id=com.kikoff&hl=en&gl=us"
""com.truebill","FINANCE","Rocket Money - Bills & Budgets","5,000,000+","5000000","9213965","9","VARY","hello@rocketmoney.com","https://www.truebill.com/privacy","true","FINANCE","[object Object]","Everyone","false","1725664523000","https://play.google.com/store/apps/details?id=com.truebill&hl=en&gl=us"
""finance.empower","FINANCE","Empower: Advance & Credit","1,000,000+","1000000","4064412","6.0","VARY","support@empower.me","https://empower.me/privacy","true","FINANCE","[object Object]","Everyone","false","1725574258000","https://play.google.com/store/apps/details?id=finance.empower&hl=en&gl=us"
""com.wf.wellsfargomobile","FINANCE","Wells Fargo Mobile","10,000,000+","10000000","42497111","10","VARY","Appstorefeedback@wellsfargo.com","https://www.wellsfargo.com/privacy-security/privacy/online","true","FINANCE","[object Object]","Everyone","true","1725381436000","https://play.google.com/store/apps/details?id=com.wf.wellsfargomobile&hl=en&gl=us"
""com.remitly.androidapp","FINANCE","Remitly: Send Money & Transfer","10,000,000+","10000000","17240910","8.0","VARY","service@remitly.com","https://www.remitly.com/home/policy","true","FINANCE","[object Object]","Everyone","false","1725658181000","https://play.google.com/store/apps/details?id=com.remitly.androidapp&hl=en&gl=us"
""com.dave","FINANCE","Dave: Fast Cash & Banking","10,000,000+","10000000","12464049","9","VARY","support@dave.com","https://www.dave.com/privacy","true","FINANCE","[object Object]","Everyone","false","1725664049000","https://play.google.com/store/apps/details?id=com.dave&hl=en&gl=us"
""com.fidelity.android","FINANCE","Fidelity Investments","5,000,000+","5000000","7432365","9","VARY","ElectronicChannelSupport@fidelity.com","https://www.fidelity.com/privacy-policy","true","FINANCE","[object Object]","Everyone","false","1724935598000","https://play.google.com/store/apps/details?id=com.fidelity.android&hl=en&gl=us"
""com.hellobrigit.Brigit","FINANCE","Brigit: Borrow & Build Credit","5,000,000+","5000000","6178144","6.0","VARY","info@hellobrigit.com","https://hellobrigit.com/privacy","true","FINANCE","[object Object]","Everyone","false","1725657231000","https://play.google.com/store/apps/details?id=com.hellobrigit.Brigit&hl=en&gl=us"
""com.citi.citimobile","FINANCE","Citi Mobile®","10,000,000+","10000000","15613656","10","VARY","Mobile.Metrics.US@citi.com","https://online.citi.com/US/JRS/portal/template.do?ID=PrivacyMobile","true","FINANCE","[object Object]","Everyone","false","1725568875000","https://play.google.com/store/apps/details?id=com.citi.citimobile&hl=en&gl=us"
""com.bitkeep.wallet","FINANCE","Bitget Wallet: Crypto and BTC","5,000,000+","5000000","9544484","6.0","VARY","support@bitkeep.com","https://bitkeep.com/resource/privacy.html","true","FINANCE","[object Object]","Everyone","false","1725539261000","https://play.google.com/store/apps/details?id=com.bitkeep.wallet&hl=en&gl=us"
""com.robinhood.android","FINANCE","Robinhood: Stocks & Crypto","10,000,000+","10000000","21886556","7.0","VARY","help@robinhood.com","https://robinhood.com/l/privacy","true","FINANCE","[object Object]","Everyone","false","1725910883000","https://play.google.com/store/apps/details?id=com.robinhood.android&hl=en&gl=us"
""com.statefarm.pocketagent","FINANCE","State Farm®","10,000,000+","10000000","12874475","8.0","VARY","sf-android-apps@statefarm.com","https://www.statefarm.com/customer-care/privacy-security/privacy","true","FINANCE","[object Object]","Everyone","false","1725469966000","https://play.google.com/store/apps/details?id=com.statefarm.pocketagent&hl=en&gl=us"
""com.geico.mobile","FINANCE","GEICO Mobile - Car Insurance","10,000,000+","10000000","20562978","8.0","VARY","mobileapphelp@geico.com","https://media.geico.com/legal/privacy_policy.htm","true","FINANCE","[object Object]","Everyone","false","1725370603000","https://play.google.com/store/apps/details?id=com.geico.mobile&hl=en&gl=us"
""com.moneylion","FINANCE","MoneyLion: Bank & Earn Rewards","5,000,000+","5000000","5969083","6.0","VARY","support@moneylion.com","https://www.moneylion.com/privacy-notice/","true","FINANCE","[object Object]","Everyone","false","1725013234000","https://play.google.com/store/apps/details?id=com.moneylion&hl=en&gl=us"
""com.westernunion.android.mtapp","FINANCE","Western Union Send Money Now","10,000,000+","10000000","17571237","8.0","VARY","customerservice@westernunion.com","https://www.westernunion.com/us/privacy-statement","true","FINANCE","[object Object]","Everyone","true","1725615276000","https://play.google.com/store/apps/details?id=com.westernunion.android.mtapp&hl=en&gl=us"
""com.activehours","FINANCE","EarnIn: Make Every Day Payday","5,000,000+","5000000","9122110","7.0","VARY","support@earnin.com","https://www.earnin.com/privacy","true","FINANCE","[object Object]","Everyone","false","1725919517000","https://play.google.com/store/apps/details?id=com.activehours&hl=en&gl=us"
""com.statefarm.dssm","FINANCE","Drive Safe & Save™","5,000,000+","5000000","8686526","9","VARY","home.sys-dss-support.622o08@statefarm.com","https://www.statefarm.com/customer-care/privacy-security/privacy","true","FINANCE","[object Object]","Everyone","false","1723482257000","https://play.google.com/store/apps/details?id=com.statefarm.dssm&hl=en&gl=us"
""com.meetalbert","FINANCE","Albert: Budgeting and Banking","5,000,000+","5000000","7606786","7.0","VARY","support@albert.com","https://albert.com/privacy/","true","FINANCE","[object Object]","Everyone","false","1725594672000","https://play.google.com/store/apps/details?id=com.meetalbert&hl=en&gl=us"
""com.creditonebank.mobile","FINANCE","Credit One Bank Mobile","5,000,000+","5000000","9914723","10","VARY","AppStoreDevAcct@creditone.com","https://www.creditonebank.com/legal/privacy","true","FINANCE","[object Object]","Everyone","false","1723831463000","https://play.google.com/store/apps/details?id=com.creditonebank.mobile&hl=en&gl=us"
""com.bybit.app","FINANCE","Bybit: Buy Bitcoin & Crypto","10,000,000+","10000000","27146059","6.0","VARY","IT@bybit.com","https://www.bybit.com/app/terms-service/privacyPolicy","true","FINANCE","[object Object]","Everyone","false","1725457608000","https://play.google.com/store/apps/details?id=com.bybit.app&hl=en&gl=us"
""com.klovercredit.android_app","FINANCE","Klover - Instant Cash Advance","1,000,000+","1000000","3061516","7.0","VARY","info@joinklover.com","https://www.joinklover.com/privacy-policy","true","FINANCE","[object Object]","Everyone","true","1725659827000","https://play.google.com/store/apps/details?id=com.klovercredit.android_app&hl=en&gl=us"
""com.discoverfinancial.mobile","FINANCE","Discover Mobile","10,000,000+","10000000","13492590","6.0","VARY","mobappqs@service.discovercard.com","https://www.discover.com/privacy-statement/","true","FINANCE","[object Object]","Everyone","false","1724330552000","https://play.google.com/store/apps/details?id=com.discoverfinancial.mobile&hl=en&gl=us"
""co.mona.android","FINANCE","Crypto.com - Buy Bitcoin, ETH","10,000,000+","10000000","39360821","8.0","VARY","contact@crypto.com","https://crypto.com/privacy/global/html","true","FINANCE","[object Object]","Everyone","false","1725702172000","https://play.google.com/store/apps/details?id=co.mona.android&hl=en&gl=us"
""com.sofi.mobile","FINANCE","SoFi - Banking & Investing","1,000,000+","1000000","3919570","8.0","VARY","mobilesupport@sofi.com","https://www.sofi.com/online-privacy-policy","true","FINANCE","[object Object]","Everyone","false","1725908369000","https://play.google.com/store/apps/details?id=com.sofi.mobile&hl=en&gl=us"
""com.current.app","FINANCE","Current: The Future of Banking","5,000,000+","5000000","5434022","8.0","VARY","support@current.com","https://current.com/privacy_policy","true","FINANCE","[object Object]","Everyone","false","1725892423000","https://play.google.com/store/apps/details?id=com.current.app&hl=en&gl=us"
""com.meetcleo.cleo","FINANCE","Cleo: Budget & Cash Advance","1,000,000+","1000000","3078094","8.0","VARY","team@meetcleo.com","https://www.meetcleo.com/privacy","true","FINANCE","[object Object]","Teen","false","1725634416000","https://play.google.com/store/apps/details?id=com.meetcleo.cleo&hl=en&gl=us"
""com.americanexpress.android.acctsvcs.us","FINANCE","Amex","10,000,000+","10000000","10918879","9","VARY","android@aexp.com","https://www.americanexpress.com/us/content/legal-disclosures/online-privacy-statement.html","true","FINANCE","[object Object]","Everyone","false","1724947563000","https://play.google.com/store/apps/details?id=com.americanexpress.android.acctsvcs.us&hl=en&gl=us"
""com.bossrevolution.money.production","FINANCE","BOSS Money: Send Cash Fast","1,000,000+","1000000","3253133","5.0","VARY","moneyapp@idt.net","https://www.bossrevolution.com/en-us/money-privacy","true","FINANCE","[object Object]","Everyone","false","1725626145000","https://play.google.com/store/apps/details?id=com.bossrevolution.money.production&hl=en&gl=us"
""com.wallet.crypto.trustapp","FINANCE","Trust: Crypto & Bitcoin Wallet","50,000,000+","50000000","54372711","7.0","VARY","support@trustwallet.com","https://trustwallet.com/privacy-policy/","true","FINANCE","[object Object]","Everyone","false","1724664511000","https://play.google.com/store/apps/details?id=com.wallet.crypto.trustapp&hl=en&gl=us"
""com.fis.ebtedge","FINANCE","ebtEDGE","1,000,000+","1000000","2545682","5.0","VARY","ebtedge.mobile@fisglobal.com","https://www.fisglobal.com/Privacy","true","FINANCE","[object Object]","Everyone","false","1718384017000","https://play.google.com/store/apps/details?id=com.fis.ebtedge&hl=en&gl=us"
""com.creditgenie.app","FINANCE","Credit Genie: Get Cash Advance","1,000,000+","1000000","1053468","7.0","VARY","support@creditgenie.zendesk.com","https://www.creditgenie.com/privacy-policy","true","FINANCE","[object Object]","Everyone","false","1719893352000","https://play.google.com/store/apps/details?id=com.creditgenie.app&hl=en&gl=us"
""com.coinbase.android","FINANCE","Coinbase: Buy Bitcoin & Ether","10,000,000+","10000000","44856778","8.1","VARY","support@coinbase.com","https://coinbase.com/legal/privacy","true","FINANCE","[object Object]","Everyone","false","1725666351000","https://play.google.com/store/apps/details?id=com.coinbase.android&hl=en&gl=us"
""com.allstate.view","FINANCE","Allstate Mobile","5,000,000+","5000000","9121274","10","VARY","mobileappsupport@allstate.com","http://www.allstate.com/about/privacy-statement-aic.aspx","true","FINANCE","[object Object]","Everyone","true","1724791770000","https://play.google.com/store/apps/details?id=com.allstate.view&hl=en&gl=us"
""com.DailyPay.DailyPay","FINANCE","DailyPay On-Demand Pay","1,000,000+","1000000","2595327","9","VARY","support@dailypay.com","https://www.dailypay.com/privacy","true","FINANCE","[object Object]","Everyone","false","1725492177000","https://play.google.com/store/apps/details?id=com.DailyPay.DailyPay&hl=en&gl=us"
""com.exto.arrow","FINANCE","Atlas - Rewards Credit Card","100,000+","100000","420440","5.0","VARY","support@atlasfin.com","https://www.atlasfin.com/privacy-policy","true","FINANCE","[object Object]","Everyone","false","1725818895000","https://play.google.com/store/apps/details?id=com.exto.arrow&hl=en&gl=us"
""com.greendotcorp.go2bank","FINANCE","GO2bank: Mobile banking","1,000,000+","1000000","4685144","9","VARY","appsupport@GO2bank.com","https://www.go2bank.com/agreements/technology-privacy-statement","true","FINANCE","[object Object]","Everyone","false","1725601490000","https://play.google.com/store/apps/details?id=com.greendotcorp.go2bank&hl=en&gl=us"
""com.bitget.exchange","FINANCE","Bitget - Buy & Sell Crypto","5,000,000+","5000000","9320689","6.0","VARY","support@bitget.com","https://www.bitget.com/support/articles/360015150651","true","FINANCE","[object Object]","Everyone","false","1725805269000","https://play.google.com/store/apps/details?id=com.bitget.exchange&hl=en&gl=us"
""com.usbank.mobilebanking","FINANCE","U.S. Bank Mobile Banking","10,000,000+","10000000","10426987","9","VARY","1800usbanks@usbank.com","https://www.usbank.com/privacy/.","true","FINANCE","[object Object]","Everyone","false","1724301505000","https://play.google.com/store/apps/details?id=com.usbank.mobilebanking&hl=en&gl=us"
""com.barclaycardus","FINANCE","Barclays US","1,000,000+","1000000","3139043","10","VARY","androidapps@barclaycardus.com","https://cards.barclaycardus.com/privacy-policy.html","true","FINANCE","[object Object]","Everyone","false","1725901808000","https://play.google.com/store/apps/details?id=com.barclaycardus&hl=en&gl=us"
""com.binance.us","FINANCE","Binance.US: Buy Bitcoin & ETH","1,000,000+","1000000","3004399","6.0","VARY","binanceusapp@binance.us","https://www.binance.us/privacy-policy","true","FINANCE","[object Object]","Everyone","false","1722240844000","https://play.google.com/store/apps/details?id=com.binance.us&hl=en&gl=us"
""com.snaptravel.core","FINANCE","Super.com - Save, Earn, Travel","500,000+","500000","954180","10","VARY","service@super.com","https://www.super.com/legal#super-2","true","FINANCE","[object Object]","Everyone","false","1725654640000","https://play.google.com/store/apps/details?id=com.snaptravel.core&hl=en&gl=us"
""com.payfare.doordash","FINANCE","DasherDirect, by Payfare","1,000,000+","1000000","2764169","7.0","VARY","app.store.doordash@payfare.com","https://corp.payfare.com/privacy-policy/","true","FINANCE","[object Object]","Everyone","false","1725726013000","https://play.google.com/store/apps/details?id=com.payfare.doordash&hl=en&gl=us"
""com.okinc.okex.gp","FINANCE","OKX: Buy Bitcoin BTC & Crypto","10,000,000+","10000000","16936947","7.0","VARY","support@okx.com","https://www.okx.com/help/360021590732","true","FINANCE","[object Object]","Everyone","false","1725808645000","https://play.google.com/store/apps/details?id=com.okinc.okex.gp&hl=en&gl=us"
""ci.atlasearth.client","FINANCE","Atlas Earth - Buy Virtual Land","1,000,000+","1000000","2001771","8.0","VARY","support@atlasreality.com","https://legal.atlasreality.com/content/common/privacy-policy.html","true","FINANCE","[object Object]","Everyone","true","1725487216000","https://play.google.com/store/apps/details?id=ci.atlasearth.client&hl=en&gl=us"
""com.participantmobileapp","FINANCE","Empower®","1,000,000+","1000000","2394878","7.0","VARY","ParticipantServices@empower.com","https://www.empower-retirement.com/privacy.shtml","true","FINANCE","[object Object]","Everyone","false","1725487251000","https://play.google.com/store/apps/details?id=com.participantmobileapp&hl=en&gl=us"
""com.adp.wiselymobile","FINANCE","myWisely: Mobile Banking","1,000,000+","1000000","3928110","6.0","VARY","mywisely_feedback@ADP.com","https://www.wiselydirect.com/disclosures/wisely_privacy_policy.html","true","FINANCE","[object Object]","Everyone","false","1696958406000","https://play.google.com/store/apps/details?id=com.adp.wiselymobile&hl=en&gl=us"
""io.floatme.floatmeapp","FINANCE","FloatMe: Budget & Cash Advance","1,000,000+","1000000","2299114","5.0","VARY","support@floatme.com","https://www.floatme.io/privacy-policy","true","FINANCE","[object Object]","Everyone","false","1724880410000","https://play.google.com/store/apps/details?id=io.floatme.floatmeapp&hl=en&gl=us"
""com.acorns.android","FINANCE","Acorns: Save & Invest","10,000,000+","10000000","11433672","8.0","VARY","support@acorns.com","https://www.acorns.com/privacy/","true","FINANCE","[object Object]","Everyone","false","1725906643000","https://play.google.com/store/apps/details?id=com.acorns.android&hl=en&gl=us"
""com.pnc.ecommerce.mobile","FINANCE","PNC Mobile","5,000,000+","5000000","8820511","6.0","VARY","mobileapp@pnc.com","https://www.pnc.com/mobile-privacy-policy","true","FINANCE","[object Object]","Everyone","false","1724679783000","https://play.google.com/store/apps/details?id=com.pnc.ecommerce.mobile&hl=en&gl=us"
""com.majority.android","FINANCE","MAJORITY: Mobile banking","1,000,000+","1000000","1125130","9","VARY","support@majority.com","https://www.majority.com/en/terms-of-use/privacy-policy/","true","FINANCE","[object Object]","Everyone","false","1725638344000","https://play.google.com/store/apps/details?id=com.majority.android&hl=en&gl=us"
""com.varomoney.bank","FINANCE","Varo Bank: Mobile Banking","5,000,000+","5000000","5548140","9","VARY","support@varomoney.com","https://www.varomoney.com/privacy-legal/","true","FINANCE","[object Object]","Everyone","false","1723664871000","https://play.google.com/store/apps/details?id=com.varomoney.bank&hl=en&gl=us"
""org.dayup.stocks","FINANCE","Webull: Investing & Trading","10,000,000+","10000000","15578087","5.0","VARY","cs@webull.com","https://www.webull.com/protocol/webull_privacy_policy?hl=en","true","FINANCE","[object Object]","Everyone","false","1725930529000","https://play.google.com/store/apps/details?id=org.dayup.stocks&hl=en&gl=us"
""com.everydollar.android","FINANCE","EveryDollar: Budget Tracker","1,000,000+","1000000","3547811","8.0","VARY","help@everydollar.com","https://www.everydollar.com/privacy/plain","true","FINANCE","[object Object]","Everyone","false","1725496723000","https://play.google.com/store/apps/details?id=com.everydollar.android&hl=en&gl=us"
""com.instant.cash.advance.loan.app","FINANCE","Instant Cash Advance Loan App","500,000+","500000","508992","5.0","VARY","info@moneyborrowing.app","https://moneyborrowing.app/privacy-policy/","true","FINANCE","[object Object]","Everyone","false","1721036356000","https://play.google.com/store/apps/details?id=com.instant.cash.advance.loan.app&hl=en&gl=us"
""com.fastcash.app","FINANCE","StoreCash","100,000+","100000","252324","7.0","VARY","support@storecashapp.com","https://www.storecashapp.com/privacy-policy","true","FINANCE","[object Object]","Everyone","false","1725556909000","https://play.google.com/store/apps/details?id=com.fastcash.app&hl=en&gl=us"
""com.dtm.bambu","FINANCE","MyBambu","1,000,000+","1000000","1830188","7.0","VARY","customercare@mybambu.com","https://mybambu.com/en/glbanotice/","true","FINANCE","[object Object]","Everyone","false","1720916416000","https://play.google.com/store/apps/details?id=com.dtm.bambu&hl=en&gl=us"
""com.aura.suite","FINANCE","Aura: Security & Protection","500,000+","500000","507134","10","VARY","support@aura.com","https://www.aura.com/legal/privacy-policy","true","FINANCE","[object Object]","Everyone","false","1724787844000","https://play.google.com/store/apps/details?id=com.aura.suite&hl=en&gl=us"
""io.metamask","FINANCE","MetaMask - Blockchain Wallet","10,000,000+","10000000","34140190","6.0","VARY","support@metamask.io","https://legal.consensys.io/metamask/privacy-policy/","true","FINANCE","[object Object]","Everyone","false","1725640264000","https://play.google.com/store/apps/details?id=io.metamask&hl=en&gl=us"
""com.brightcapital.app","FINANCE","Bright - Crush Your Card Debt","1,000,000+","1000000","1082052","8.0","VARY","support@brightmoney.co","https://www.brightmoney.co/legal/privacy-policy/","true","FINANCE","[object Object]","Everyone","false","1719317930000","https://play.google.com/store/apps/details?id=com.brightcapital.app&hl=en&gl=us"
""com.gpshopper.moneygram","FINANCE","MoneyGram® Money Transfers App","5,000,000+","5000000","5282145","8.0","VARY","customerservice@moneygram.com","http://global.moneygram.com/privacy-notice","true","FINANCE","[object Object]","Everyone","false","1724946749000","https://play.google.com/store/apps/details?id=com.gpshopper.moneygram&hl=en&gl=us"
""com.navyfederal.android","FINANCE","Navy Federal Credit Union","5,000,000+","5000000","8405746","9","VARY","mobilehelp@navyfederal.org","https://www.navyfederal.org/policy/privacy.html","true","FINANCE","[object Object]","Everyone","false","1724963167000","https://play.google.com/store/apps/details?id=com.navyfederal.android&hl=en&gl=us"
""org.mytonwallet.app","FINANCE","MyTonWallet • TON Wallet","5,000,000+","5000000","5308538","5.1","VARY","mytonwallethelp@gmail.com","https://mytonwallet.io/privacy-policy","true","FINANCE","[object Object]","Everyone","false","1725625973000","https://play.google.com/store/apps/details?id=org.mytonwallet.app&hl=en&gl=us"
""org.toshi","FINANCE","Coinbase Wallet: NFTs & Crypto","10,000,000+","10000000","14149767","6.0","VARY","wallet.support@coinbase.com","https://wallet.coinbase.com/privacy-policy","true","FINANCE","[object Object]","Everyone","false","1725978517000","https://play.google.com/store/apps/details?id=org.toshi&hl=en&gl=us"
""com.netspend.product.android","FINANCE","Classic Netspend","5,000,000+","5000000","8811438","6.0","VARY","feedback@netspend.com","https://www.netspend.com/help/privacy-policy/","true","FINANCE","[object Object]","Everyone","false","1724692600000","https://play.google.com/store/apps/details?id=com.netspend.product.android&hl=en&gl=us"
""com.netspend.mobileapp.netspend","FINANCE","Netspend Wallet","100,000+","100000","407474","9","VARY","feedback@netspend.com","https://www.netspend.com/help/privacy-policy","true","FINANCE","[object Object]","Everyone","false","1725055544000","https://play.google.com/store/apps/details?id=com.netspend.mobileapp.netspend&hl=en&gl=us"
""com.greendot.walmart.prepaid","FINANCE","Walmart MoneyCard","5,000,000+","5000000","5388726","6.0","VARY","customeronlinefeedback@greendot.com","https://www.walmartmoneycard.com/account/legal-info","true","FINANCE","[object Object]","Everyone","false","1724204112000","https://play.google.com/store/apps/details?id=com.greendot.walmart.prepaid&hl=en&gl=us"
""com.pktmny.mobile","FINANCE","GoHenry by Acorns Kids Banking","1,000,000+","1000000","2204314","5.0","VARY","help@gohenry.co.uk","https://www.gohenry.com/uk/terms-and-conditions/privacy-policy/","true","FINANCE","[object Object]","Everyone","false","1725638950000","https://play.google.com/store/apps/details?id=com.pktmny.mobile&hl=en&gl=us"
""com.arrofinance.production","FINANCE","Arro: Credit Your Way","50,000+","50000","77358","6.0","VARY","support@arrofinance.com","https://www.arrofinance.com/privacy-policy","true","FINANCE","[object Object]","Everyone","false","1717008908000","https://play.google.com/store/apps/details?id=com.arrofinance.production&hl=en&gl=us"
""com.possible_mobile","FINANCE","Possible: Fast Cash & Credit","1,000,000+","1000000","2344990","11","VARY","help@possiblefinance.com","https://www.possiblefinance.com/privacy-policy/","true","FINANCE","[object Object]","Everyone","false","1717184836000","https://play.google.com/store/apps/details?id=com.possible_mobile&hl=en&gl=us"
""com.ria.moneytransfer","FINANCE","Ria Money Transfer: Send Money","5,000,000+","5000000","6464566","5.0","VARY","us_support@riamoneytransfer.com","https://www.riamoneytransfer.com/privacy-policy/","true","FINANCE","[object Object]","Everyone","false","1724828087000","https://play.google.com/store/apps/details?id=com.ria.moneytransfer&hl=en&gl=us"
""com.truist.mobile","FINANCE","Truist Mobile","1,000,000+","1000000","3008239","9","VARY","Truist_Mobile@truist.com","https://www.truist.com/privacy","true","FINANCE","[object Object]","Everyone","false","1722978535000","https://play.google.com/store/apps/details?id=com.truist.mobile&hl=en&gl=us"
""com.potradeweb","FINANCE","Pocket Broker - trading","10,000,000+","10000000","12921369","5.0","VARY","contact@gembell.org","https://po.trade/en/privacy-policy/","true","FINANCE","[object Object]","Everyone","false","1724227422000","https://play.google.com/store/apps/details?id=com.potradeweb&hl=en&gl=us"
""com.taptapsend","FINANCE","Taptap Send: Send money abroad","5,000,000+","5000000","5886840","7.0","VARY","support@taptapsend.com","https://www.taptapsend.com/privacy-policy","true","FINANCE","[object Object]","Everyone","false","1725474696000","https://play.google.com/store/apps/details?id=com.taptapsend&hl=en&gl=us"
""com.transferwise.android","FINANCE","Wise","10,000,000+","10000000","31327995","6.0","VARY","support@wise.com","https://wise.com/privacy-policy","true","FINANCE","[object Object]","Everyone","false","1725878367000","https://play.google.com/store/apps/details?id=com.transferwise.android&hl=en&gl=us"
""get.instant.personal.loan.app","FINANCE","Cash Advance App: Borrow Money","100,000+","100000","115013","5.0","VARY","contact@personal-loan.app","https://personal-loan.app/privacy-policy/","true","FINANCE","[object Object]","Everyone","false","1719308756000","https://play.google.com/store/apps/details?id=get.instant.personal.loan.app&hl=en&gl=us"
""com.cardinalcommerce.greendot","FINANCE","Green Dot - Mobile Banking","5,000,000+","5000000","8843300","5.0","VARY","customeronlinefeedback@greendot.com","https://m2.greendot.com/app/help/legal/techprivacy","true","FINANCE","[object Object]","Everyone","true","1718133776000","https://play.google.com/store/apps/details?id=com.cardinalcommerce.greendot&hl=en&gl=us"
""com.brisk.jpay","FINANCE","JPay","5,000,000+","5000000","7268106","9","VARY","JPayAndroidConsumerFeedback@aventiv.com","https://www.aventiv.com/privacy/","true","FINANCE","[object Object]","Everyone","false","1719426068000","https://play.google.com/store/apps/details?id=com.brisk.jpay&hl=en&gl=us"
""net.thesimplest.creditcardmanager","FINANCE","Credit Card Manager","500,000+","500000","728128","8.0","VARY","admin@thesimplest.net","http://www.thesimplest.net/privacy-policy","true","FINANCE","[object Object]","Everyone","false","1678456394000","https://play.google.com/store/apps/details?id=net.thesimplest.creditcardmanager&hl=en&gl=us"
""com.tdbank","FINANCE","TD Bank (US)","5,000,000+","5000000","6931019","9","VARY","Mobile@td.com","http://www.tdbank.com/bank/privacy_and_security.html","true","FINANCE","[object Object]","Everyone","false","1725473421000","https://play.google.com/store/apps/details?id=com.tdbank&hl=en&gl=us"
""com.fidelity.wi.activity","FINANCE","NetBenefits - Fidelity at Work","1,000,000+","1000000","3350037","9","VARY","workplace.email@fidelity.com","https://nb.fidelity.com/public/nb/default/resourceslibrary/articles/privacypolicy","true","FINANCE","[object Object]","Everyone","false","1725440383000","https://play.google.com/store/apps/details?id=com.fidelity.wi.activity&hl=en&gl=us"
""com.capitalone.credittracker","FINANCE","CreditWise from Capital One","5,000,000+","5000000","6959580","10","VARY","EnterpriseMobileVendorSupport@capitalone.com","https://www.capitalone.com/identity-protection/privacy/","true","FINANCE","[object Object]","Everyone","false","1724855005000","https://play.google.com/store/apps/details?id=com.capitalone.credittracker&hl=en&gl=us"
""com.messapps.vola","FINANCE","Vola Finance","100,000+","100000","356752","7.0","VARY","hello@volafinance.com","https://www.volafinance.com/privacy-policy/","true","FINANCE","[object Object]","Everyone","false","1725456145000","https://play.google.com/store/apps/details?id=com.messapps.vola&hl=en&gl=us"
""com.selflender.thor","FINANCE","Self Is For Building Credit","1,000,000+","1000000","3651591","5.0","VARY","support@self.inc","https://www.self.inc/privacy-policy","true","FINANCE","[object Object]","Everyone","false","1725573553000","https://play.google.com/store/apps/details?id=com.selflender.thor&hl=en&gl=us"
""com.lend.me","FINANCE","Get 250 Cash Advance – LendMe","100,000+","100000","168574","4.4","VARY","apple@quickandeasyloanservice.com","https://quickandeasyloanservice.com/privacy-policy-lendme.html","true","FINANCE","[object Object]","Everyone","false","1703603263000","https://play.google.com/store/apps/details?id=com.lend.me&hl=en&gl=us"
""com.branchapp.uberprocard","FINANCE","Uber Pro Card","500,000+","500000","760075","8.0","VARY","ubersupport@branchapp.com","https://www.branchapp.com/upc/privacy-policy","true","FINANCE","[object Object]","Everyone","false","1725492824000","https://play.google.com/store/apps/details?id=com.branchapp.uberprocard&hl=en&gl=us"
""com.syf.cc","FINANCE","CareCredit Mobile","1,000,000+","1000000","3420183","9","VARY","appsupport@synchronyfinancial.com","https://www.carecredit.com/privacy/","true","FINANCE","[object Object]","Everyone","false","1718724807000","https://play.google.com/store/apps/details?id=com.syf.cc&hl=en&gl=us"
""com.dovly.app","FINANCE","Dovly: Grow your Credit Score","100,000+","100000","291086","7.0","VARY","support@dovly.com","https://www.dovly.com/privacy-policy","true","FINANCE","[object Object]","Everyone","false","1724800366000","https://play.google.com/store/apps/details?id=com.dovly.app&hl=en&gl=us"
""app.SubscriptionStopper","FINANCE","Subscription Stopper & Manager","100,000+","100000","269684","7.0","VARY","support@subscriptionstopper.com","https://inmarket.com/privacy/","true","FINANCE","[object Object]","Everyone","false","1725635051000","https://play.google.com/store/apps/details?id=app.SubscriptionStopper&hl=en&gl=us"
""com.tradingview.tradingviewapp","FINANCE","TradingView: Track All Markets","10,000,000+","10000000","31240291","VARY","VARY","mobile-support@tradingview.com","https://www.tradingview.com/privacy-policy/","true","FINANCE","[object Object]","Everyone","true","1725467456000","https://play.google.com/store/apps/details?id=com.tradingview.tradingviewapp&hl=en&gl=us"
""com.usaa.mobile.android.usaa","FINANCE","USAA Mobile","10,000,000+","10000000","10224153","9","VARY","mobile@usaa.com","https://www.usaa.com/inet/pages/privacy_promise?SearchRanking=2&SearchLinkPhrase=privacy%20promise","true","FINANCE","[object Object]","Everyone","false","1725568198000","https://play.google.com/store/apps/details?id=com.usaa.mobile.android.usaa&hl=en&gl=us"
""inc.zerofinancial.level","FINANCE","Avant","100,000+","100000","255861","6.0","VARY","support@avant.com","https://www.avant.com/privacy-policy","true","FINANCE","[object Object]","Everyone","false","1725472231000","https://play.google.com/store/apps/details?id=inc.zerofinancial.level&hl=en&gl=us"
""com.dotin.wepod","FINANCE","Wepod | ویپاد","500,000+","500000","717015","7.0","VARY","wepod@dotin.ir","https://wepod.ir/privacy/","true","FINANCE","[object Object]","Everyone","false","1722157813000","https://play.google.com/store/apps/details?id=com.dotin.wepod&hl=en&gl=us"
""com.usdirectexpress.mobileapp","FINANCE","Direct Express® Mobile","1,000,000+","1000000","1408065","5.1","VARY","DEPODXMobileApplicationResponse@comerica.com","https://web.usdirectexpress.com/static/html/privacy_policy/en/privacy_policy.html","true","FINANCE","[object Object]","Everyone","true","1723744461000","https://play.google.com/store/apps/details?id=com.usdirectexpress.mobileapp&hl=en&gl=us"
""io.gmt.app.twa","FINANCE","GoMining","1,000,000+","1000000","2244113","4.4","VARY","support@gmt.io","https://gmt.io/docs/privacy-policy","true","FINANCE","[object Object]","Everyone","false","1723734482000","https://play.google.com/store/apps/details?id=io.gmt.app.twa&hl=en&gl=us"
""com.kraken.invest.app","FINANCE","Kraken: Buy Crypto & Bitcoin","1,000,000+","1000000","3790487","8.0","VARY","mobile-retail@kraken.com","https://www.kraken.com/en-us/legal/privacy","true","FINANCE","[object Object]","Everyone","false","1725633190000","https://play.google.com/store/apps/details?id=com.kraken.invest.app&hl=en&gl=us"
""co.uk.getmondo","FINANCE","Monzo - Mobile Banking","5,000,000+","5000000","8656306","7.0","VARY","help@monzo.com","https://monzo.com/privacy/","true","FINANCE","[object Object]","Everyone","false","1725550341000","https://play.google.com/store/apps/details?id=co.uk.getmondo&hl=en&gl=us"
""org.genesis.fs.prod.MobileApplication","FINANCE","Concora Credit","100,000+","100000","262070","5.0","VARY","AppTeam@concoracredit.com","https://about.concoracredit.com/app-privacy-policy","true","FINANCE","[object Object]","Everyone","false","1724777667000","https://play.google.com/store/apps/details?id=org.genesis.fs.prod.MobileApplication&hl=en&gl=us"
""com.perpay.mobile","FINANCE","Perpay - Shop and Build Credit","1,000,000+","1000000","1492129","7.0","VARY","hello@perpay.com","https://perpay.com/privacy","true","FINANCE","[object Object]","Everyone","false","1724091843000","https://play.google.com/store/apps/details?id=com.perpay.mobile&hl=en&gl=us"
""com.clairmail.fth","FINANCE","Fifth Third: 53 Mobile Banking","1,000,000+","1000000","3938259","9","VARY","53_EmailMessages@53.com","https://www.53.com/site/global/privacy-security/consumer/pp-online-privacy-policy.html","true","FINANCE","[object Object]","Everyone","false","1724787458000","https://play.google.com/store/apps/details?id=com.clairmail.fth&hl=en&gl=us"
""me.greenlight","FINANCE","Greenlight Kids & Teen Banking","1,000,000+","1000000","3009836","6.0","VARY","support@greenlightcard.com","https://greenlight.com/privacy/","true","FINANCE","[object Object]","Everyone","false","1724776059000","https://play.google.com/store/apps/details?id=me.greenlight&hl=en&gl=us"
""com.Splitwise.SplitwiseMobile","FINANCE","Splitwise","10,000,000+","10000000","24889171","VARY","VARY","android-support@splitwise.com","https://secure.splitwise.com/privacy","true","FINANCE","[object Object]","Everyone","false","1725578280000","https://play.google.com/store/apps/details?id=com.Splitwise.SplitwiseMobile&hl=en&gl=us"
""com.b9.app","FINANCE","B9: Fast Cash Advance","500,000+","500000","518213","8.0","VARY","support@bnine.com","https://bnine.com/privacy-policy","true","FINANCE","[object Object]","Everyone","false","1725990713000","https://play.google.com/store/apps/details?id=com.b9.app&hl=en&gl=us"
""com.symantec.lifelock.memberapp","FINANCE","LifeLock Identity by Norton","1,000,000+","1000000","4361455","8.0","VARY","norton_mobile@nortonlifelock.com","https://www.nortonlifelock.com/privacy/gps-english","true","FINANCE","[object Object]","Everyone","false","1724734262000","https://play.google.com/store/apps/details?id=com.symantec.lifelock.memberapp&hl=en&gl=us"
""com.transunion.TransUnion","FINANCE","TransUnion: Credit Monitoring","1,000,000+","1000000","1054560","8.0","VARY","TUIMobileApp@transunion.com","https://membership.tui.transunion.com/tucm/support.page?panel=privacy","true","FINANCE","[object Object]","Everyone","false","1723047658000","https://play.google.com/store/apps/details?id=com.transunion.TransUnion&hl=en&gl=us"
""com.rapid.rapidpay","FINANCE","rapid! Pay","500,000+","500000","845483","5.0","VARY","rapidappsupport@rapidpaycard.com","https://www.go2bank.com/agreements/technology-privacy-statement","true","FINANCE","[object Object]","Everyone","false","1724998083000","https://play.google.com/store/apps/details?id=com.rapid.rapidpay&hl=en&gl=us"
""com.gusto.money","FINANCE","Gusto Wallet","500,000+","500000","780144","8.0","VARY","wallet@gusto.com","https://gusto.com/about/privacy","true","FINANCE","[object Object]","Everyone","false","1725651923000","https://play.google.com/store/apps/details?id=com.gusto.money&hl=en&gl=us"
""com.even.harmony","FINANCE","ONE@Work (formerly Even)","1,000,000+","1000000","2350796","5.0","VARY","support@oneatwork.app","https://hello.one.app/e/one-privacy-policy","true","FINANCE","[object Object]","Everyone","false","1725858031000","https://play.google.com/store/apps/details?id=com.even.harmony&hl=en&gl=us"
""net.gtl.mobile_app","FINANCE","ConnectNetwork by GTL","1,000,000+","1000000","2721141","6.0","VARY","support@connectnetwork.com","https://web.connectnetwork.com/privacy-policy/","true","FINANCE","[object Object]","Everyone","false","1720455406000","https://play.google.com/store/apps/details?id=net.gtl.mobile_app&hl=en&gl=us"
""crypto.bitcoin.ethereum.litecoin.cloud.mining.eth.btc.ltc.hash.pool.cloud_mining","FINANCE","Bitcoin Mining (Crypto Miner)","1,000,000+","1000000","1316458","4.4","VARY","social.media.boosting.apps@gmail.com","https://cloudminecrypto.com/privacy_policy.html","true","FINANCE","[object Object]","Everyone","true","1725303939000","https://play.google.com/store/apps/details?id=crypto.bitcoin.ethereum.litecoin.cloud.mining.eth.btc.ltc.hash.pool.cloud_mining&hl=en&gl=us"
""com.prgventures.moneyapp","FINANCE","Money App - Cash Advance","50,000+","50000","59660","7.0","VARY","support@money.app","https://cash.money.app/policies/Privacy-Policy-Money-App.html","true","FINANCE","[object Object]","Everyone","false","1722284234000","https://play.google.com/store/apps/details?id=com.prgventures.moneyapp&hl=en&gl=us"
""com.loans.instant.cash.advance.app","FINANCE","Instant Cash Advance: CashHoop","50,000+","50000","78902","5.0","VARY","contact-gp@cashhoop.com","https://cashhoop.com/privacy-policy-gp/","true","FINANCE","[object Object]","Everyone","false","1721226374000","https://play.google.com/store/apps/details?id=com.loans.instant.cash.advance.app&hl=en&gl=us"
""com.atm.atm.prod","FINANCE","ATM Instant Cash™ & Rewards","500,000+","500000","986821","7.0","VARY","support@atm.com","https://atm.com/privacy-policy","true","FINANCE","[object Object]","Everyone","false","1725474932000","https://play.google.com/store/apps/details?id=com.atm.atm.prod&hl=en&gl=us"
""us.rain.app","FINANCE","Rain Instant Pay","100,000+","100000","390456","5.0","VARY","support@rain.zendesk.com","https://rain.us/privacy.html","true","FINANCE","[object Object]","Everyone","false","1724926951000","https://play.google.com/store/apps/details?id=us.rain.app&hl=en&gl=us"
""com.step.step","FINANCE","Step: Bank & Build Credit","1,000,000+","1000000","2831285","7.0","VARY","hello@step.com","https://step.com/client/privacy","true","FINANCE","[object Object]","Everyone","false","1724670929000","https://play.google.com/store/apps/details?id=com.step.step&hl=en&gl=us"
""com.jerrym","FINANCE","Jerry: The AllCar™ App","1,000,000+","1000000","1438228","8.0","VARY","hi@getjerry.com","https://getjerry.com/privacy-policy","true","FINANCE","[object Object]","Everyone","false","1725048045000","https://play.google.com/store/apps/details?id=com.jerrym&hl=en&gl=us"
""net.metaquotes.metatrader5","FINANCE","MetaTrader 5 — Forex, Stocks","10,000,000+","10000000","29653305","5.0","VARY","support@metaquotes.net","https://www.metaquotes.net/policies/mobile","true","FINANCE","[object Object]","Everyone","false","1725375675000","https://play.google.com/store/apps/details?id=net.metaquotes.metatrader5&hl=en&gl=us"
""com.lcard_app","FINANCE","Mission Lane","1,000,000+","1000000","1027463","8.0","VARY","support@missionlane.com","https://www.missionlane.com/card/app-privacy","true","FINANCE","[object Object]","Everyone","false","1724941391000","https://play.google.com/store/apps/details?id=com.lcard_app&hl=en&gl=us"
""com.yahoo.mobile.client.android.finance","FINANCE","Yahoo Finance: Stock News","10,000,000+","10000000","20183270","6.0","VARY","finance.support@yahooinc.com","https://policies.yahoo.com/us/en/yahoo/privacy/index.htm","true","FINANCE","[object Object]","Everyone 10+","true","1725467134000","https://play.google.com/store/apps/details?id=com.yahoo.mobile.client.android.finance&hl=en&gl=us"
""br.com.intermedium","FINANCE","Inter&Co: Financial APP","50,000,000+","50000000","65262160","6.0","VARY","faleconosco@bancointer.com.br","https://www.bancointer.com.br/politica-de-privacidade/privacidade/","true","FINANCE","[object Object]","Everyone","false","1724163042000","https://play.google.com/store/apps/details?id=br.com.intermedium&hl=en&gl=us"
""com.revolut.revolut","FINANCE","Revolut: Spend, Save, Trade","10,000,000+","10000000","49527880","7.0","VARY","feedback@revolut.com","https://www.revolut.com/legal/privacy/","true","FINANCE","[object Object]","Everyone","false","1725936396000","https://play.google.com/store/apps/details?id=com.revolut.revolut&hl=en&gl=us"
""com.monarchmoney.mobile","FINANCE","Monarch: Budget & Track Money","100,000+","100000","179954","7.0","VARY","support@monarchmoney.com","https://www.monarchmoney.com/privacy","true","FINANCE","[object Object]","Everyone","false","1725570486000","https://play.google.com/store/apps/details?id=com.monarchmoney.mobile&hl=en&gl=us"
""com.moomoo.trade","FINANCE","moomoo: options & stocks","1,000,000+","1000000","3179665","5.0","VARY","support@moomoo.com","https://www.moomoo.com/privacy","true","FINANCE","[object Object]","Everyone","false","1725724754000","https://play.google.com/store/apps/details?id=com.moomoo.trade&hl=en&gl=us"
""com.huntington.m","FINANCE","Huntington Mobile","1,000,000+","1000000","3687561","9","VARY","mobile.developer@huntington.com","https://www.huntington.com/footer/HNB3800.htm","true","FINANCE","[object Object]","Everyone","false","1725416869000","https://play.google.com/store/apps/details?id=com.huntington.m&hl=en&gl=us"
""com.creditsesame","FINANCE","Credit Sesame","5,000,000+","5000000","6075514","10","VARY","help@creditsesame.com","http://www.creditsesame.com/about/privacy-policy/","true","FINANCE","[object Object]","Everyone","true","1724362075000","https://play.google.com/store/apps/details?id=com.creditsesame&hl=en&gl=us"
""com.joinroot.root","FINANCE","Root: Better car insurance","1,000,000+","1000000","3884283","5.0","VARY","support@joinroot.com","https://www.joinroot.com/privacy","true","FINANCE","[object Object]","Everyone","false","1725473217000","https://play.google.com/store/apps/details?id=com.joinroot.root&hl=en&gl=us"
""com.quick.cash.advance.loans","FINANCE","No Credit Check Loans Cash","100,000+","100000","255305","8.1","VARY","kram.app.loan@gmail.com","https://hellenic-cp.site/privacy-policy-app-us.html","true","FINANCE","[object Object]","Everyone","false","1725285630000","https://play.google.com/store/apps/details?id=com.quick.cash.advance.loans&hl=en&gl=us"
""com.kbzbank.kpaycustomer","FINANCE","KBZPay","10,000,000+","10000000","14754950","4.4","VARY","query@kbzpay.com","https://www.kbzpay.com/en/privacy-policy/","true","FINANCE","[object Object]","Everyone","true","1722248458000","https://play.google.com/store/apps/details?id=com.kbzbank.kpaycustomer&hl=en&gl=us"
""borrow.money.cash.advance.app","FINANCE","Borrow Money: Cash Advance App","100,000+","100000","471404","5.0","VARY","support@online-payday-loans.app","https://www.online-payday-loans.app/privacy-policy/","true","FINANCE","[object Object]","Everyone","false","1719240145000","https://play.google.com/store/apps/details?id=borrow.money.cash.advance.app&hl=en&gl=us"
""com.natgen.d2cplatform.mobileapps","FINANCE","Direct Auto Insurance","100,000+","100000","428705","9","VARY","natgenmobiledev@gmail.com","https://www.directauto.com/privacy-and-security","true","FINANCE","[object Object]","Everyone","false","1723475355000","https://play.google.com/store/apps/details?id=com.natgen.d2cplatform.mobileapps&hl=en&gl=us"
""com.lonoperationsllc.breadmobile","FINANCE","Bread Financial","100,000+","100000","110280","11","VARY","BreadFinancialMobileSupport@breadfinancial.com","https://www.breadfinancial.com/en/privacy.html","true","FINANCE","[object Object]","Everyone","false","1725563305000","https://play.google.com/store/apps/details?id=com.lonoperationsllc.breadmobile&hl=en&gl=us"
""com.fusionmedia.investing","FINANCE","Investing.com: Stock Market","50,000,000+","50000000","56293439","7.0","VARY","mobile@investing.com","https://www.investing.com/about-us/privacy-policy","true","FINANCE","[object Object]","Everyone","true","1725437280000","https://play.google.com/store/apps/details?id=com.fusionmedia.investing&hl=en&gl=us"
""com.borrow.money.app.payday.loans","FINANCE","Borrow Money App: Payday Loans","100,000+","100000","305710","5.0","VARY","contact@borrow-money-app.com","https://borrow-money-app.com/privacy/","true","FINANCE","[object Object]","Everyone","false","1719405040000","https://play.google.com/store/apps/details?id=com.borrow.money.app.payday.loans&hl=en&gl=us"
""com.bankofabyssinia.cashgo","FINANCE","CashGo","50,000+","50000","63996","5.0","VARY","cashgocontact@bankofabyssinia.com","https://cashgoethiopia.com/privacy","true","FINANCE","[object Object]","Everyone","false","1725209043000","https://play.google.com/store/apps/details?id=com.bankofabyssinia.cashgo&hl=en&gl=us"
""com.myfico","FINANCE","myFICO: FICO Credit Check","1,000,000+","1000000","1301832","7.0","VARY","myfico_android@fico.com","https://www.myfico.com/policy/privacy-policy/","true","FINANCE","[object Object]","Everyone","false","1722464114000","https://play.google.com/store/apps/details?id=com.myfico&hl=en&gl=us"
""com.seis","FINANCE","Seis: banca móvil en español","500,000+","500000","645029","6.0","VARY","ayuda@seis.com","https://www.seis.com/politica-de-privacidad-8-18-21","true","FINANCE","[object Object]","Everyone","false","1725071306000","https://play.google.com/store/apps/details?id=com.seis&hl=en&gl=us"
""com.springleaf.mobile","FINANCE","OneMain Financial","1,000,000+","1000000","1162914","7.0","VARY","appfeedback@onemainfinancial.com","https://www.onemainfinancial.com/legal/privacy-policy","true","FINANCE","[object Object]","Everyone","false","1724953316000","https://play.google.com/store/apps/details?id=com.springleaf.mobile&hl=en&gl=us"
""com.conduent.ebt","FINANCE","ConnectEBT","500,000+","500000","891976","7.0","VARY","ConnectEBT@Conduent.com","https://www.connectebt.com/privacy.html","true","FINANCE","[object Object]","Everyone","false","1721809627000","https://play.google.com/store/apps/details?id=com.conduent.ebt&hl=en&gl=us"
""com.upgrademobile","FINANCE","Upgrade","500,000+","500000","999113","12","VARY","mobile_app_feedback@upgrade.com","https://www.upgrade.com/privacy","true","FINANCE","[object Object]","Everyone","false","1724698507000","https://play.google.com/store/apps/details?id=com.upgrademobile&hl=en&gl=us"
""com.firstpremier.mypremiercreditcard.app","FINANCE","PREMIER Credit Card","1,000,000+","1000000","2431680","12","VARY","mobileappsupport@premierbankcard.com","https://www.mypremiercreditcard.com/Home/Privacy","true","FINANCE","[object Object]","Everyone","false","1725474915000","https://play.google.com/store/apps/details?id=com.firstpremier.mypremiercreditcard.app&hl=en&gl=us"
""com.freedom.mobile","FINANCE","Freedom Mortgage","100,000+","100000","284699","9","VARY","fmcmobileapp@freedommortgage.com","https://www.freedommortgage.com/disclosures/privacy-policy","true","FINANCE","[object Object]","Everyone","false","1724675991000","https://play.google.com/store/apps/details?id=com.freedom.mobile&hl=en&gl=us"
""com.redotpay","FINANCE","RedotPay: Buy Crypto Card","1,000,000+","1000000","1026421","6.0","VARY","support@redotpay.com","http://www.redotpay.com/privacy/","true","FINANCE","[object Object]","Everyone","false","1725603719000","https://play.google.com/store/apps/details?id=com.redotpay&hl=en&gl=us"
""com.lemonadeinc.lemonade","FINANCE","Lemonade Insurance","1,000,000+","1000000","1498020","8.0","VARY","feedback@lemonade.com","https://www.lemonade.com/privacy-policy/","true","FINANCE","[object Object]","Everyone","false","1725280792000","https://play.google.com/store/apps/details?id=com.lemonadeinc.lemonade&hl=en&gl=us"
""com.citizensbank.androidapp","FINANCE","Citizens Bank Mobile Banking","1,000,000+","1000000","2910567","8.0","VARY","mobilesupport@citizensbank.com","https://www.citizensbank.com/account-safeguards/privacy.aspx","true","FINANCE","[object Object]","Everyone","false","1725473716000","https://play.google.com/store/apps/details?id=com.citizensbank.androidapp&hl=en&gl=us"
""app.comun.mobile","FINANCE","Comun: Tu banca moderna en USA","100,000+","100000","295823","10","VARY","ayuda@comun.app","https://www.comun.app/legal/privacy-policy","true","FINANCE","[object Object]","Everyone","false","1724739758000","https://play.google.com/store/apps/details?id=app.comun.mobile&hl=en&gl=us"
""com.healthequity.healthequitymobile","FINANCE","HealthEquity Mobile","500,000+","500000","935926","10","VARY","mobilehelp@healthequity.com","https://www.healthequity.com/privacy","true","FINANCE","[object Object]","Everyone","false","1724905768000","https://play.google.com/store/apps/details?id=com.healthequity.healthequitymobile&hl=en&gl=us"
""com.moonpay","FINANCE","MoonPay: Buy Bitcoin, Solana","500,000+","500000","726088","9","VARY","support@moonpay.com","https://www.moonpay.com/legal/privacy_policy","true","FINANCE","[object Object]","Everyone","false","1725902554000","https://play.google.com/store/apps/details?id=com.moonpay&hl=en&gl=us"
""com.intermexwire.itmxwebagent","FINANCE","Amigo Paisano","500,000+","500000","515998","9","VARY","info@amigopaisano.com","https://www.amigopaisano.com/about-us/privacy-policy","true","FINANCE","[object Object]","Everyone","false","1720698972000","https://play.google.com/store/apps/details?id=com.intermexwire.itmxwebagent&hl=en&gl=us"
""com.regions.mobbanking","FINANCE","Regions Bank","1,000,000+","1000000","4442760","10","VARY","mobileapps@regions.com","https://www.regions.com/about-regions/privacy-security","true","FINANCE","[object Object]","Everyone","false","1722885957000","https://play.google.com/store/apps/details?id=com.regions.mobbanking&hl=en&gl=us"
""com.mychime.waveremit.app","FINANCE","Sendwave—Send Money","5,000,000+","5000000","5364153","7.0","VARY","help@sendwave.com","http://www.sendwave.com/privacy.html","true","FINANCE","[object Object]","Everyone","false","1725373588000","https://play.google.com/store/apps/details?id=com.mychime.waveremit.app&hl=en&gl=us"
""com.mobilecreditcards","FINANCE","NerdWallet: Manage Your Money","1,000,000+","1000000","1856386","8.0","VARY","support@nerdwallet.com","https://www.nerdwallet.com/page/privacy","true","FINANCE","[object Object]","Everyone","false","1724445770000","https://play.google.com/store/apps/details?id=com.mobilecreditcards&hl=en&gl=us"
""com.acima.leasing","FINANCE","Acima Leasing","500,000+","500000","565424","6.0","VARY","appsupport@acima.com","https://www.acima.com/privacy-policy","true","FINANCE","[object Object]","Everyone","false","1724429702000","https://play.google.com/store/apps/details?id=com.acima.leasing&hl=en&gl=us"
""gov.irs","FINANCE","IRS2Go","10,000,000+","10000000","24480159","7.0","VARY","irs2go@irs.gov","https://www.irs.gov/privacy-disclosure/irs-privacy-policy","true","FINANCE","[object Object]","Everyone","false","1724685544000","https://play.google.com/store/apps/details?id=gov.irs&hl=en&gl=us"
""com.public.app","FINANCE","Public – Stocks and Options","1,000,000+","1000000","2289074","8.0","VARY","support@public.com","https://public.com/privacy-policy/","true","FINANCE","[object Object]","Everyone","false","1725384800000","https://play.google.com/store/apps/details?id=com.public.app&hl=en&gl=us"
""com.xoom.android.app","FINANCE","Xoom Money Transfer","5,000,000+","5000000","8265747","6.0","VARY","product.feedback@xoom.com","https://www.xoom.com/privacy","true","FINANCE","[object Object]","Everyone","false","1725987422000","https://play.google.com/store/apps/details?id=com.xoom.android.app&hl=en&gl=us"
""com.coinmarketcap.android","FINANCE","CoinMarketCap: Crypto Tracker","10,000,000+","10000000","13297328","6.0","VARY","accounts@coinmarketcap.com","https://files.coinmarketcap.com/static/docs/privacy.html?utm_source=coinmarketcap&utm_medium=mobileapp&utm_campaign=android&utm_content=settings","true","FINANCE","[object Object]","Everyone","true","1725881902000","https://play.google.com/store/apps/details?id=com.coinmarketcap.android&hl=en&gl=us"
""com.merrickbank.smartclient.prod","FINANCE","Merrick Bank Mobile","1,000,000+","1000000","2157600","5.1","VARY","merrickmobilesupport@merrickbank.com","https://www.merrickbank.com/policies/terms-and-conditions/","true","FINANCE","[object Object]","Everyone","false","1721227073000","https://play.google.com/store/apps/details?id=com.merrickbank.smartclient.prod&hl=en&gl=us"
""tech.enjaz.qicardservices","FINANCE","Qi Services","5,000,000+","5000000","6948072","5.0","VARY","enjaz.dev@gmail.com","https://account-delete.qi-mobile.tech/","true","FINANCE","[object Object]","Everyone","false","1725627456000","https://play.google.com/store/apps/details?id=tech.enjaz.qicardservices&hl=en&gl=us"
""com.greendotcorp.pls","FINANCE","Xpectations!® Plus","10,000+","10000","44078","6.0","VARY","appsupport@plscard.com","https://www.plscard.com/agreements/technology-privacy-statement","true","FINANCE","[object Object]","Everyone","false","1724206091000","https://play.google.com/store/apps/details?id=com.greendotcorp.pls&hl=en&gl=us"
""com.sweatwallet","FINANCE","Sweat Wallet","10,000,000+","10000000","12694806","6.0","VARY","support@sweateconomy.com","https://sweateconomy.com/privacy","true","FINANCE","[object Object]","Everyone","false","1725527358000","https://play.google.com/store/apps/details?id=com.sweatwallet&hl=en&gl=us"
""com.ProActMobile","FINANCE","Payactiv","500,000+","500000","920317","10","VARY","payactivadmin@payactiv.com","https://www.payactiv.com/privacy-policy/","true","FINANCE","[object Object]","Everyone","false","1720770871000","https://play.google.com/store/apps/details?id=com.ProActMobile&hl=en&gl=us"
""com.avance.consumer","FINANCE","Flex - Rent On Your Schedule","500,000+","500000","651372","8.1","VARY","team@getflex.com","https://getflex.com/privacy/","true","FINANCE","[object Object]","Everyone","false","1724462288000","https://play.google.com/store/apps/details?id=com.avance.consumer&hl=en&gl=us"
""com.lmig.pm.internet.mobile.android.libertymutual","FINANCE","Liberty Mutual Mobile","1,000,000+","1000000","2686848","8.0","VARY","Mobile_App_Feedback@LibertyMutual.com","https://www.libertymutualgroup.com/general/about-lm/corporate-information/website-and-mobile-data-privacy","true","FINANCE","[object Object]","Everyone","false","1724792806000","https://play.google.com/store/apps/details?id=com.lmig.pm.internet.mobile.android.libertymutual&hl=en&gl=us"
""io.cex.app.prod","FINANCE","CEX.IO App - Buy Crypto & BTC","1,000,000+","1000000","4959494","7.0","VARY","support@cex.io","https://cex.io/privacy","true","FINANCE","[object Object]","Everyone","false","1725894000000","https://play.google.com/store/apps/details?id=io.cex.app.prod&hl=en&gl=us"
""com.paysign.app","FINANCE","Paysign®","500,000+","500000","602905","5.1","VARY","mobilesupport@paysign.com","https://paysign.com/privacy-policy/","true","FINANCE","[object Object]","Everyone","false","1715031917000","https://play.google.com/store/apps/details?id=com.paysign.app&hl=en&gl=us"
""com.vanguard","FINANCE","Vanguard","1,000,000+","1000000","2258509","9","VARY","online@vanguard.com","https://investor.vanguard.com/investing/privacy-policy","true","FINANCE","[object Object]","Everyone","false","1724686612000","https://play.google.com/store/apps/details?id=com.vanguard&hl=en&gl=us"
""io.bankingon.dora","FINANCE","Dora – Mobile Banking","50,000+","50000","93276","7.0","VARY","dorasupport@bankdora.com","https://www.bankdora.com/en/privacypolicy","true","FINANCE","[object Object]","Everyone","true","1724774601000","https://play.google.com/store/apps/details?id=io.bankingon.dora&hl=en&gl=us"
""app.phantom","FINANCE","Phantom","10,000,000+","10000000","10175784","7.0","VARY","support@phantom.app","https://phantom.app/privacy","true","FINANCE","[object Object]","Everyone","false","1725927625000","https://play.google.com/store/apps/details?id=app.phantom&hl=en&gl=us"
""com.btcc.hy","FINANCE","BTCC - Trade Bitcoin & Crypto","1,000,000+","1000000","1540809","7.0","VARY","support@btcc.com","https://www.btcc.com/en-US/detail/142638","true","FINANCE","[object Object]","Everyone","false","1725438817000","https://play.google.com/store/apps/details?id=com.btcc.hy&hl=en&gl=us"
""de.schildbach.wallet","FINANCE","Bitcoin Wallet","10,000,000+","10000000","10337102","8.0","VARY","bitcoin.wallet.developers+play@gmail.com","https://github.com/bitcoin-wallet/bitcoin-wallet/wiki/PrivacyPolicy","true","FINANCE","[object Object]","Everyone","false","1725092132000","https://play.google.com/store/apps/details?id=de.schildbach.wallet&hl=en&gl=us"
""com.tonhub.wallet","FINANCE","Tonhub — TON wallet","1,000,000+","1000000","1608294","7.0","VARY","contact@tonhub.com","https://tonhub.com/legal/privacy","true","FINANCE","[object Object]","Teen","false","1723663336000","https://play.google.com/store/apps/details?id=com.tonhub.wallet&hl=en&gl=us"
""io.safepal.wallet","FINANCE","SafePal: Crypto Wallet BTC NFT","1,000,000+","1000000","3158337","6.0","VARY","support@safepal.com","https://www.safepal.com/about/privacy","true","FINANCE","[object Object]","Everyone","false","1725364527000","https://play.google.com/store/apps/details?id=io.safepal.wallet&hl=en&gl=us"
""com.springleaf.omf.cards.prod","FINANCE","BrightWay Credit Card Mobile","100,000+","100000","335968","5.1","VARY","brightwayteam@omf.com","https://www.onemainfinancial.com/legal/privacy-policy","true","FINANCE","[object Object]","Everyone","false","1725645128000","https://play.google.com/store/apps/details?id=com.springleaf.omf.cards.prod&hl=en&gl=us"
""com.aven.advisor","FINANCE","Aven Advisor: Credit Check App","100,000+","100000","161772","5.0","VARY","teamavenadvisor@aven.com","https://www.aven.com/docs/PrivacyPolicy.html","true","FINANCE","[object Object]","Everyone","true","1723765238000","https://play.google.com/store/apps/details?id=com.aven.advisor&hl=en&gl=us"
""exodusmovement.exodus","FINANCE","Exodus: Crypto Bitcoin Wallet","1,000,000+","1000000","4258467","8.0","VARY","support@exodus.com","https://exodus.com/privacy","true","FINANCE","[object Object]","Everyone","false","1725996220000","https://play.google.com/store/apps/details?id=exodusmovement.exodus&hl=en&gl=us"
""com.keefegroup.access.corrections","FINANCE","Access Corrections","1,000,000+","1000000","1221825","5.0","VARY","customerservice@accesscorrections.com","https://accesscorrections.com/#/privacy-policy","true","FINANCE","[object Object]","Everyone","false","1714578349000","https://play.google.com/store/apps/details?id=com.keefegroup.access.corrections&hl=en&gl=us"
""com.branchmessenger","FINANCE","Branch: A Better Payday","1,000,000+","1000000","1734907","8.0","VARY","support@branchapp.com","http://www.branchapp.com/privacy","true","FINANCE","[object Object]","Everyone","false","1725910736000","https://play.google.com/store/apps/details?id=com.branchmessenger&hl=en&gl=us"
""com.bmoharris.digital","FINANCE","BMO Digital Banking","1,000,000+","1000000","1134684","8.0","VARY","onlineservices@harrisbank.com","https://www.bmo.com/main/about-bmo/privacy-security/our-privacy-code/digital-privacy-policy","true","FINANCE","[object Object]","Everyone","false","1722529586000","https://play.google.com/store/apps/details?id=com.bmoharris.digital&hl=en&gl=us"
""com.phonepe.app","FINANCE","PhonePe UPI, Payment, Recharge","500,000,000+","500000000","662132861","6.0","VARY","support@phonepe.com","http://www.phonepe.com/en/policy.html","true","FINANCE","[object Object]","Everyone","true","1725540494000","https://play.google.com/store/apps/details?id=com.phonepe.app&hl=en&gl=us"
""com.ApprizaPayTechnologies.CoppelAccess","FINANCE","Coppel Access","100,000+","100000","289540","9","VARY","contactus@coppelaccess.com","https://www.coppelaccess.com/privacy-policy","true","FINANCE","[object Object]","Everyone","false","1721945921000","https://play.google.com/store/apps/details?id=com.ApprizaPayTechnologies.CoppelAccess&hl=en&gl=us"
""com.venom.wallet","FINANCE","Venom Blockchain Wallet","1,000,000+","1000000","2090419","6.0","VARY","info@venom.foundation","https://venomwallet.com/policy","true","FINANCE","[object Object]","Everyone","false","1723535647000","https://play.google.com/store/apps/details?id=com.venom.wallet&hl=en&gl=us"
""com.gmfinancial.myaccount","FINANCE","GM Financial Mobile","1,000,000+","1000000","1281846","8.0","VARY","digitalapps@gmfinancial.com","https://www.gmfinancial.com/privacy-policy-online.aspx","true","FINANCE","[object Object]","Everyone","false","1724166781000","https://play.google.com/store/apps/details?id=com.gmfinancial.myaccount&hl=en&gl=us"
""com.digitalinsight.cma.fiid01685","FINANCE","FNBT & FCB Mobile","1,000,000+","1000000","1249665","10","VARY","DigitalSupport@fcserv.com","https://www.1stnb.com/digital-banking-privacy-disclosure","true","FINANCE","[object Object]","Everyone","true","1720549131000","https://play.google.com/store/apps/details?id=com.digitalinsight.cma.fiid01685&hl=en&gl=us"
""mm.com.wavemoney.wavepay","FINANCE","WavePay APP by Wave Money","10,000,000+","10000000","17619856","5.0","VARY","care@wavemoney.com.mm","https://www.wavemoney.com.mm/about-us/privacy-policy/","true","FINANCE","[object Object]","Everyone","false","1714708742000","https://play.google.com/store/apps/details?id=mm.com.wavemoney.wavepay&hl=en&gl=us"
""com.localweather.radar.climate","WEATHER","Local Weather: Live Forecast","1,000,000+","1000000","2544916","5.0","VARY","support@weather2024.com","https://sites.google.com/view/privacypolicy-localweather","true","WEATHER","[object Object]","Everyone","true","1725634188000","https://play.google.com/store/apps/details?id=com.localweather.radar.climate&hl=en&gl=us"
""com.weather.Weather","WEATHER","The Weather Channel - Radar","100,000,000+","100000000","144253641","7.0","VARY","android.support@weather.com","https://weather.com/en-US/twc/privacy-policy","true","WEATHER","[object Object]","Everyone","true","1707403656000","https://play.google.com/store/apps/details?id=com.weather.Weather&hl=en&gl=us"
""weather.forecast.channel.live","WEATHER","Weather Forecast & Live Radar","500,000+","500000","930277","5.0","VARY","contactcenter@weather365d.com","https://weather365d.com/weatherforecast/privacy-policy/","true","WEATHER","[object Object]","Everyone","true","1724922868000","https://play.google.com/store/apps/details?id=weather.forecast.channel.live&hl=en&gl=us"
""com.daily.forecast.weather.radar","WEATHER","Daily Forecast: Weather&Radar","10,000,000+","10000000","14786238","5.0","VARY","victorywang29@gmail.com","https://sites.google.com/view/privacy-policy-dailyforecast","true","WEATHER","[object Object]","Everyone","true","1725362617000","https://play.google.com/store/apps/details?id=com.daily.forecast.weather.radar&hl=en&gl=us"
""com.eet.weather.launcher","WEATHER","Weather Now Launcher - Radar","1,000,000+","1000000","1796034","8.0","VARY","eastendtechltd@gmail.com","https://www.weatherhomescreen.com/privacy.html","true","WEATHER","[object Object]","Everyone","true","1724934552000","https://play.google.com/store/apps/details?id=com.eet.weather.launcher&hl=en&gl=us"
""com.weather.forecast.radar.rain.days.home","WEATHER","Weather Forecast & Radar Home","500,000+","500000","537692","6.0","VARY","xymkitty@gmail.com","https://sites.google.com/view/weather-forecast-radar-home/home","true","WEATHER","[object Object]","Everyone","true","1725328921000","https://play.google.com/store/apps/details?id=com.weather.forecast.radar.rain.days.home&hl=en&gl=us"
""com.weatherradarhome.weather.forecast.live.radar.aqi.android","WEATHER","Live Weather Radar Launcher","500,000+","500000","718395","10","VARY","support@liveweatherradar.com","https://liveweatherradar.com/privacy-policy","true","WEATHER","[object Object]","Everyone","true","1725896661000","https://play.google.com/store/apps/details?id=com.weatherradarhome.weather.forecast.live.radar.aqi.android&hl=en&gl=us"
""com.aws.android","WEATHER","Weather Radar by WeatherBug","10,000,000+","10000000","38140601","8.0","VARY","androidsupport@weatherbug.com","https://www.weatherbug.com/legal/privacy","true","WEATHER","[object Object]","Everyone","true","1725907846000","https://play.google.com/store/apps/details?id=com.aws.android&hl=en&gl=us"
""aplicacion.tiempo","WEATHER","Weather Radar - Meteored News","10,000,000+","10000000","49677648","VARY","VARY","support@meteored.com","https://www.yourweather.co.uk/privacy.html","true","WEATHER","[object Object]","Everyone","true","1719391580000","https://play.google.com/store/apps/details?id=aplicacion.tiempo&hl=en&gl=us"
""live.weather.vitality.local.channel.forecast","WEATHER","Local Weather Forecast - Radar","5,000,000+","5000000","5218533","5.0","VARY","vitalityappstudios@gmail.com","https://sites.google.com/view/viweatherpvdoc","true","WEATHER","[object Object]","Everyone","true","1720509482000","https://play.google.com/store/apps/details?id=live.weather.vitality.local.channel.forecast&hl=en&gl=us"
""com.accuweather.android","WEATHER","AccuWeather: Weather Radar","100,000,000+","100000000","120740232","6.0","VARY","support@accuweather.com","http://m.accuweather.com/en/privacy","true","WEATHER","[object Object]","Everyone","true","1724678600000","https://play.google.com/store/apps/details?id=com.accuweather.android&hl=en&gl=us"
""de.wetteronline.wetterapp","WEATHER","Weather & Radar","100,000,000+","100000000","114220241","VARY","VARY","info@weatherandradar.com","https://www.weatherandradar.com/apps/android/privacy/","true","WEATHER","[object Object]","Everyone","true","1724998999000","https://play.google.com/store/apps/details?id=de.wetteronline.wetterapp&hl=en&gl=us"
""com.windyty.android","WEATHER","Windy.com - Weather Forecast","10,000,000+","10000000","44575339","8.0","VARY","android-support@windy.com","https://account.windy.com/agreements/windy-privacy-policy","true","WEATHER","[object Object]","Everyone","false","1723623870000","https://play.google.com/store/apps/details?id=com.windyty.android&hl=en&gl=us"
""com.live.life.forecast.weathertracker","WEATHER","Weather Tracker-Live forecast","50,000+","50000","90080","7.0","VARY","innovatemindtech22@gmail.com","https://sites.google.com/view/privacy-policy-weather-tracker","true","WEATHER","[object Object]","Everyone","true","1725351392000","https://play.google.com/store/apps/details?id=com.live.life.forecast.weathertracker&hl=en&gl=us"
""com.roomthermometer.interior","WEATHER","Room Temperature Thermometer","1,000,000+","1000000","1283285","7.0","VARY","contact@codelio.fr","https://sites.google.com/view/policy-paris-frenchtech","true","WEATHER","[object Object]","Everyone","true","1722051922000","https://play.google.com/store/apps/details?id=com.roomthermometer.interior&hl=en&gl=us"
""live.weather.vitality.studio.forecast.widget","WEATHER","Local Weather Alerts - Widget","5,000,000+","5000000","9487905","5.0","VARY","vitalityappstudios@gmail.com","https://sites.google.com/view/viweatherpvdoc","true","WEATHER","[object Object]","Everyone","true","1720508972000","https://play.google.com/store/apps/details?id=live.weather.vitality.studio.forecast.widget&hl=en&gl=us"
""com.accurate.weather.forecast.live","WEATHER","Weather: Live radar & widgets","10,000,000+","10000000","23272814","5.0","VARY","weatherfeedback@outlook.com","https://sites.google.com/view/weatherteam","true","WEATHER","[object Object]","Everyone","true","1723780345000","https://play.google.com/store/apps/details?id=com.accurate.weather.forecast.live&hl=en&gl=us"
""com.acmeaom.android.myradar","WEATHER","MyRadar Weather Radar","10,000,000+","10000000","16695560","VARY","VARY","myradarandroid@myradar.com","http://myradar.com/privacy_policy.html","true","WEATHER","[object Object]","Everyone","true","1725573605000","https://play.google.com/store/apps/details?id=com.acmeaom.android.myradar&hl=en&gl=us"
""com.weather.nold.forecast","WEATHER","Live Weather: Weather Forecast","5,000,000+","5000000","7307710","5.0","VARY","wowodancerapp@outlook.com","https://sites.google.com/view/promo-tools/home","true","WEATHER","[object Object]","Everyone","true","1715443583000","https://play.google.com/store/apps/details?id=com.weather.nold.forecast&hl=en&gl=us"
""co.windyapp.android","WEATHER","Windy.app - Enhanced forecast","5,000,000+","5000000","8850851","6.0","VARY","windy@windyapp.co","http://www.windyapp.co/CustomMenuItems/26/en","true","WEATHER","[object Object]","Everyone","false","1725965769000","https://play.google.com/store/apps/details?id=co.windyapp.android&hl=en&gl=us"
""edu.berkeley.bsl.myshake","WEATHER","MyShake","1,000,000+","1000000","1165615","VARY","VARY","myshake-info@berkeley.edu","https://myshake.berkeley.edu/privacy-policy.html","true","WEATHER","[object Object]","Everyone","false","1716222195000","https://play.google.com/store/apps/details?id=edu.berkeley.bsl.myshake&hl=en&gl=us"
""com.neave.zoomearth","WEATHER","Zoom Earth - Live Weather Map","1,000,000+","1000000","2113429","8.0","VARY","support@zoom.earth","https://zoom.earth/legal/privacy/","true","WEATHER","[object Object]","Everyone","true","1724405696000","https://play.google.com/store/apps/details?id=com.neave.zoomearth&hl=en&gl=us"
""com.jrustonapps.myearthquakealerts","WEATHER","My Earthquake Alerts - Map","5,000,000+","5000000","6355355","5.0","VARY","meaandroid@jrustonapps.com","https://www.jrustonapps.com/privacy?t=an-fr-15","true","WEATHER","[object Object]","Everyone","true","1723440218000","https://play.google.com/store/apps/details?id=com.jrustonapps.myearthquakealerts&hl=en&gl=us"
""com.druryoutdoors.deercast.app","WEATHER","DeerCast: Weather, Maps, Track","500,000+","500000","623822","6.0","VARY","support@deercast.com","https://deercast.com/public/privacy-policy","true","WEATHER","[object Object]","Everyone 10+","false","1725434256000","https://play.google.com/store/apps/details?id=com.druryoutdoors.deercast.app&hl=en&gl=us"
""com.weather.forecast.weatherchannel","WEATHER","Weather app","10,000,000+","10000000","17159542","5.0","VARY","app.weather@tohsoft.com","https://sites.google.com/view/weather-privacy","true","WEATHER","[object Object]","Everyone","true","1722604136000","https://play.google.com/store/apps/details?id=com.weather.forecast.weatherchannel&hl=en&gl=us"
""life.channel.accurate.local.weather.forecast","WEATHER","Local Weather：Weather Forecast","10,000,000+","10000000","16448966","5.0","VARY","linlifemx2020@gmail.com","https://sites.google.com/view/enjoylifeprivacy","true","WEATHER","[object Object]","Everyone","true","1720355849000","https://play.google.com/store/apps/details?id=life.channel.accurate.local.weather.forecast&hl=en&gl=us"
""com.wunderground.android.weather","WEATHER","Weather data & microclimate : ","10,000,000+","10000000","11700468","7.0","VARY","support@wunderground.com","https://www.wunderground.com/company/privacy-policy","true","WEATHER","[object Object]","Everyone","true","1708447004000","https://play.google.com/store/apps/details?id=com.wunderground.android.weather&hl=en&gl=us"
""com.jpltech.hurricanetracker","WEATHER","Tropical Hurricane Tracker","100,000+","100000","333704","7.0","VARY","hurricane@jpltech.com","https://jpltech.com/privacy-policy","true","WEATHER","[object Object]","Everyone","true","1725203283000","https://play.google.com/store/apps/details?id=com.jpltech.hurricanetracker&hl=en&gl=us"
""com.fox.weather","WEATHER","FOX Weather: Daily Forecasts","500,000+","500000","983434","VARY","VARY","weather@fox.com","https://www.foxweather.com/privacy-policy","true","WEATHER","[object Object]","Everyone","true","1725645292000","https://play.google.com/store/apps/details?id=com.fox.weather&hl=en&gl=us"
""com.apalon.weatherradar.free","WEATHER","Clime: NOAA Weather Radar Live","10,000,000+","10000000","35581137","VARY","VARY","support@climeradar.com","https://support.bendingspoons.com/privacy.html?app=4973849561432544667","true","WEATHER","[object Object]","Everyone","true","1724663993000","https://play.google.com/store/apps/details?id=com.apalon.weatherradar.free&hl=en&gl=us"
""com.jrustonapps.myauroraforecast","WEATHER","My Aurora Forecast & Alerts","1,000,000+","1000000","3966016","5.0","VARY","mafandroid@jrustonapps.com","https://www.jrustonapps.com/privacy?t=an-fr-15","true","WEATHER","[object Object]","Everyone","true","1723440130000","https://play.google.com/store/apps/details?id=com.jrustonapps.myauroraforecast&hl=en&gl=us"
""com.weawow","WEATHER","Weather & Widget - Weawow","5,000,000+","5000000","7717972","4.4","VARY","support@weawow.com","https://weawow.com/i/privacy","true","WEATHER","[object Object]","Everyone","false","1724542821000","https://play.google.com/store/apps/details?id=com.weawow&hl=en&gl=us"
""com.channel.weather.forecast","WEATHER","Weather Forecast: Live Weather","10,000,000+","10000000","14137799","6.0","VARY","wowodancerapp@outlook.com","https://sites.google.com/view/promo-tools/home","true","WEATHER","[object Object]","Everyone","true","1715524198000","https://play.google.com/store/apps/details?id=com.channel.weather.forecast&hl=en&gl=us"
""com.forecast.weather.severe.wind","WEATHER","Know Weather: Live Radar","10,000+","10000","36043","5.0","VARY","victorywang29@gmail.com","https://sites.google.com/view/privacypolicy-knowweather","true","WEATHER","[object Object]","Everyone","true","1725450400000","https://play.google.com/store/apps/details?id=com.forecast.weather.severe.wind&hl=en&gl=us"
""com.airvisual","WEATHER","IQAir AirVisual | Air Quality","5,000,000+","5000000","7402067","7.0","VARY","googleplaystore@iqair.com","https://www.iqair.com/legal/privacy-policy","true","WEATHER","[object Object]","Everyone","false","1714565301000","https://play.google.com/store/apps/details?id=com.airvisual&hl=en&gl=us"
""com.weather.free.forecast.dailyweather","WEATHER","Daily Weather","10,000,000+","10000000","32561575","4.4","VARY","huangcansen260@gmail.com","https://sites.google.com/view/dailyweather-privacy","true","WEATHER","[object Object]","Everyone","true","1724919173000","https://play.google.com/store/apps/details?id=com.weather.free.forecast.dailyweather&hl=en&gl=us"
""com.accurate.local.weather.forecast.live","WEATHER","Weather app - Radar & Widget","10,000,000+","10000000","10363032","5.0","VARY","fillogfeedback@outlook.com","https://sites.google.com/view/vegoo-privacy-policy","true","WEATHER","[object Object]","Everyone","true","1721654260000","https://play.google.com/store/apps/details?id=com.accurate.local.weather.forecast.live&hl=en&gl=us"
""com.handmark.expressweather","WEATHER","1Weather Forecasts & Radar","100,000,000+","100000000","123325071","7.0","VARY","oneweather@onelouder.com","https://1weatherapp.com/privacy","true","WEATHER","[object Object]","Everyone","true","1725642999000","https://play.google.com/store/apps/details?id=com.handmark.expressweather&hl=en&gl=us"
""com.channel.liveweather.localweather.weatherforecast.weather","WEATHER","Weather Forecast - Live Radar","1,000,000+","1000000","3695475","4.4","VARY","fanstudio99@gmail.com","https://sites.google.com/view/playstudio99/","true","WEATHER","[object Object]","Everyone","true","1724647305000","https://play.google.com/store/apps/details?id=com.channel.liveweather.localweather.weatherforecast.weather&hl=en&gl=us"
""gov.fema.mobile.android","WEATHER","FEMA","1,000,000+","1000000","1797363","5.1","VARY","fema-app@fema.dhs.gov","http://www.fema.gov/privacy-policy","true","WEATHER","[object Object]","Everyone","false","1724420280000","https://play.google.com/store/apps/details?id=gov.fema.mobile.android&hl=en&gl=us"
""com.jrustonapps.mylightningtracker","WEATHER","My Lightning Tracker & Alerts","1,000,000+","1000000","1931705","5.0","VARY","mltandroid@jrustonapps.com","https://www.jrustonapps.com/privacy?t=an-fr-15","true","WEATHER","[object Object]","Everyone","true","1723440476000","https://play.google.com/store/apps/details?id=com.jrustonapps.mylightningtracker&hl=en&gl=us"
""com.probadosoft.moonphasecalendar","WEATHER","Moon Phase Calendar","1,000,000+","1000000","3025278","5.0","VARY","probadosoft@probadosoft.com","https://www.probadosoft.com/android/moonphasecalendar/#policy","true","WEATHER","[object Object]","Everyone","true","1707986359000","https://play.google.com/store/apps/details?id=com.probadosoft.moonphasecalendar&hl=en&gl=us"
""com.wftab.weather.forecast","WEATHER","Weather forecast","1,000,000+","1000000","1884484","5.0","VARY","app.weather@tohsoft.com","https://tohsoft.com/apps/weather-forecast/privacy-policy","true","WEATHER","[object Object]","Everyone","true","1721894051000","https://play.google.com/store/apps/details?id=com.wftab.weather.forecast&hl=en&gl=us"
""com.weathercreative.weatherkitty","WEATHER","Weather Kitty - App & Widget","1,000,000+","1000000","2342021","7.0","VARY","meow@weathercreative.com","http://weathercreative.com/weatherkittyapp/privacy.html","true","WEATHER","[object Object]","Teen","true","1720370279000","https://play.google.com/store/apps/details?id=com.weathercreative.weatherkitty&hl=en&gl=us"
""com.droid27.transparentclockweather","WEATHER","Transparent clock and weather","50,000,000+","50000000","64633652","6.0","VARY","support@machapp.net","https://www.machapp.net/privacy.html","true","WEATHER","[object Object]","Everyone","true","1725437155000","https://play.google.com/store/apps/details?id=com.droid27.transparentclockweather&hl=en&gl=us"
""asav.roomtemprature","WEATHER","Room Temperature Thermometer","5,000,000+","5000000","5498625","4.4","VARY","mastertechnologis@gmail.com","https://mastertechnologis.com/policy/rt","true","WEATHER","[object Object]","Everyone","true","1716475335000","https://play.google.com/store/apps/details?id=asav.roomtemprature&hl=en&gl=us"
""com.newgenerationhub.speedtest.meter.wifi.coverage.speed.test","WEATHER","Speed Test - Wifi Speed Test","5,000,000+","5000000","8366306","6.0","VARY","ameelharis18@gmail.com","https://sites.google.com/view/privacy-policy-speedtestdgh/privacy-policy","true","WEATHER","[object Object]","Everyone","true","1725881106000","https://play.google.com/store/apps/details?id=com.newgenerationhub.speedtest.meter.wifi.coverage.speed.test&hl=en&gl=us"
""com.universetoday.moon.free","WEATHER","Phases of the Moon","10,000,000+","10000000","12907228","7.0","VARY","support@m2catalyst.com","http://m2catalyst.com/privacy","true","WEATHER","[object Object]","Everyone","true","1725580097000","https://play.google.com/store/apps/details?id=com.universetoday.moon.free&hl=en&gl=us"
""com.fansipan.thermometer.roomtemperature","WEATHER","Room Temperature Thermometer","100,000+","100000","416472","5.0","VARY","azizion0796@gmail.com","https://docs.google.com/document/d/1tpkLSAh8I4hb7MP3Hd6YC6bmi78q94kJiTlhX3I_XpQ/edit?usp=sharing","true","WEATHER","[object Object]","Everyone","true","1723722714000","https://play.google.com/store/apps/details?id=com.fansipan.thermometer.roomtemperature&hl=en&gl=us"
""weather.launcher.radar.ai.forecast","WEATHER","Weather Radar: Live Forecast","100,000+","100000","194033","5.0","VARY","contactcenter@weather365d.com","https://weather365d.com/weatherforecast/privacy-policy/","true","WEATHER","[object Object]","Everyone","true","1725867090000","https://play.google.com/store/apps/details?id=weather.launcher.radar.ai.forecast&hl=en&gl=us"
""cz.ackee.ventusky","WEATHER","Ventusky: Weather Maps & Radar","1,000,000+","1000000","3325308","5.0","VARY","info@ventusky.com","https://www.ventusky.com/privacy","true","WEATHER","[object Object]","Everyone","false","1724309838000","https://play.google.com/store/apps/details?id=cz.ackee.ventusky&hl=en&gl=us"
""com.weathercreative.weatherpuppy","WEATHER","Weather Puppy - App & Widget","500,000+","500000","943070","7.0","VARY","woof@weathercreative.com","http://weathercreative.com/weatherpuppy/privacy.html","true","WEATHER","[object Object]","Teen","true","1720370394000","https://play.google.com/store/apps/details?id=com.weathercreative.weatherpuppy&hl=en&gl=us"
""com.accurate.live.weather.widget","WEATHER","Weather Forecast - Live Radar","10,000,000+","10000000","10286378","5.0","VARY","zapps-studio@outlook.com","https://sites.google.com/view/vegoo-privacy-policy","true","WEATHER","[object Object]","Everyone","true","1722495003000","https://play.google.com/store/apps/details?id=com.accurate.live.weather.widget&hl=en&gl=us"
""com.today.weather.widget","WEATHER","Weather Widgets","1,000,000+","1000000","1334657","7.0","VARY","info@weatherapps.co.uk","https://sites.google.com/view/weather-radar-widget-tiempo/","true","WEATHER","[object Object]","Everyone","false","1722518712000","https://play.google.com/store/apps/details?id=com.today.weather.widget&hl=en&gl=us"
""com.exovoid.weather.app","WEATHER","Weather XL PRO","10,000,000+","10000000","28123697","VARY","VARY","support@exovoid.ch","http://www.exovoid.ch/privacy-policy","true","WEATHER","[object Object]","Everyone","true","1716362506000","https://play.google.com/store/apps/details?id=com.exovoid.weather.app&hl=en&gl=us"
""moon.free.moonphase.calendar.weather","WEATHER","Moon Phase Calendar","100,000+","100000","220102","6.0","VARY","KuXun.AppTeam@gmail.com","https://sites.google.com/view/coocentpolicy","true","WEATHER","[object Object]","Everyone","true","1724658980000","https://play.google.com/store/apps/details?id=moon.free.moonphase.calendar.weather&hl=en&gl=us"
""com.topzonestudio.internet.speed.test.meter.speedx","WEATHER","Wifi Speed Test - Speed Test","1,000,000+","1000000","4208707","6.0","VARY","toolsgenrationhub@gmail.com","https://sites.google.com/view/toolsgenerationhub-speedtest/home","true","WEATHER","[object Object]","Everyone","true","1721822199000","https://play.google.com/store/apps/details?id=com.topzonestudio.internet.speed.test.meter.speedx&hl=en&gl=us"
""com.studioeleven.windfinder","WEATHER","Windfinder: Wind & Weather map","5,000,000+","5000000","6391472","6.0","VARY","android@windfinder.com","http://www.windfinder.com/contact/privacy_policy.htm","true","WEATHER","[object Object]","Everyone","true","1724851378000","https://play.google.com/store/apps/details?id=com.studioeleven.windfinder&hl=en&gl=us"
""com.wvue.android.weather","WEATHER","FOX 8 Weather","100,000+","100000","227958","9","VARY","gdmsupport@gray.tv","http://www.fox8live.com/privacy-policy/","true","WEATHER","[object Object]","Everyone","true","1721770302000","https://play.google.com/store/apps/details?id=com.wvue.android.weather&hl=en&gl=us"
""com.oimbire.lucky_fisher","WEATHER","Fishing forecast","500,000+","500000","560085","5.0","VARY","maxsaur@ukr.net","https://pomidorchik.com/privat.html","true","WEATHER","[object Object]","Everyone","true","1725964155000","https://play.google.com/store/apps/details?id=com.oimbire.lucky_fisher&hl=en&gl=us"
""com.williamking.whattheforecast","WEATHER","What The Forecast","5,000,000+","5000000","5052598","5.0","VARY","info@byzantineapps.io","https://byzantineapps.io/privacy/","true","WEATHER","[object Object]","Mature 17+","true","1725466076000","https://play.google.com/store/apps/details?id=com.williamking.whattheforecast&hl=en&gl=us"
""me.tidesnear.free","WEATHER","Tides Near Me","1,000,000+","1000000","2727261","VARY","VARY","support@tidesnear.me","https://tidesnear.me/privacy","true","WEATHER","[object Object]","Everyone","true","1675618826000","https://play.google.com/store/apps/details?id=me.tidesnear.free&hl=en&gl=us"
""com.yahoo.mobile.client.android.weather","WEATHER","Yahoo Weather","10,000,000+","10000000","42894818","6.0","VARY","weather.feedback@yahooinc.com","http://privacy.yahoo.com/","true","WEATHER","[object Object]","Everyone","true","1725553840000","https://play.google.com/store/apps/details?id=com.yahoo.mobile.client.android.weather&hl=en&gl=us"
""golazo.tv","WEATHER","Golazo","10,000+","10000","11145","4.4","VARY","roserogalo088@gmail.com","https://www.e-droid.net/privacy.php?ida=3251751&idl=en","true","WEATHER","[object Object]","Teen","true","1724901103000","https://play.google.com/store/apps/details?id=golazo.tv&hl=en&gl=us"
""com.pelmorex.WeatherEyeAndroid.tv","WEATHER","The Weather Network","500,000+","500000","962863","5.0","VARY","support@theweathernetwork.com","http://www.theweathernetwork.com/about-us/privacy-policy","true","WEATHER","[object Object]","Everyone","true","1724682770000","https://play.google.com/store/apps/details?id=com.pelmorex.WeatherEyeAndroid.tv&hl=en&gl=us"
""com.justhurricanes.hou","WEATHER","Hurricane Tracker 2","100,000+","100000","128158","8.0","VARY","android-support+KPRChurricane@grahamdigital.com","https://www.click2houston.com/privacy","true","WEATHER","[object Object]","Everyone","true","1724928928000","https://play.google.com/store/apps/details?id=com.justhurricanes.hou&hl=en&gl=us"
""com.weather.forecast.easy","WEATHER","Weather Forecast","1,000,000+","1000000","2516783","5.0","VARY","alonecoder75@gmail.com","https://sites.google.com/view/weather-easy","true","WEATHER","[object Object]","Everyone","true","1724145882000","https://play.google.com/store/apps/details?id=com.weather.forecast.easy&hl=en&gl=us"
""com.ruivop.realweather","WEATHER","Real Weather","1,000,000+","1000000","2148397","5.0","VARY","appcluepad@gmail.com","https://ruivop.github.io/real_weather_privacy/","true","WEATHER","[object Object]","Everyone","true","1692630377000","https://play.google.com/store/apps/details?id=com.ruivop.realweather&hl=en&gl=us"
""de.mdiener.rain.usa","WEATHER","Rain Alarm","5,000,000+","5000000","9659317","VARY","VARY","android@rain-alarm.com","http://www.rain-alarm.com/android_privacy.html","true","WEATHER","[object Object]","Everyone","true","1723384338000","https://play.google.com/store/apps/details?id=de.mdiener.rain.usa&hl=en&gl=us"
""com.omni.weather.launcher","WEATHER","Live Weather Radar Launcher","500+","500","822","7.0","VARY","support@omnihome.app","https://omnihome.app/privacy-policy/","true","WEATHER","[object Object]","Everyone","true","1725911993000","https://play.google.com/store/apps/details?id=com.omni.weather.launcher&hl=en&gl=us"
""com.clearweather.sunnyhome","WEATHER","Weather Clear","1,000,000+","1000000","1565488","4.4","VARY","aprilwelkindons@gmail.com","https://weatherclear.pro/privacy.html","true","WEATHER","[object Object]","Everyone","true","1720751198000","https://play.google.com/store/apps/details?id=com.clearweather.sunnyhome&hl=en&gl=us"
""com.accurate.channel.forecast.live.weather","WEATHER","Live Weather Forecast","5,000,000+","5000000","8241459","5.0","VARY","cxtool@qq.com","https://sites.google.com/view/cxtoolteam","true","WEATHER","[object Object]","Everyone","true","1720167128000","https://play.google.com/store/apps/details?id=com.accurate.channel.forecast.live.weather&hl=en&gl=us"
""com.mst.smart.compass.qibla.digial.compass.direction","WEATHER","Smart Compass: Digital Compass","1,000,000+","1000000","2205757","5.0","VARY","masa36370@gmail.com","https://sites.google.com/view/smartcompass-mst/home","true","WEATHER","[object Object]","Everyone","true","1722490713000","https://play.google.com/store/apps/details?id=com.mst.smart.compass.qibla.digial.compass.direction&hl=en&gl=us"
""com.aviatorassistant.weather","WEATHER","Weather Scope NOAA Live Radar","10,000+","10000","43840","5.1","VARY","support@aviatorassistant.com","https://aviatorassistant.com/privacy","true","WEATHER","[object Object]","Everyone","true","1723945979000","https://play.google.com/store/apps/details?id=com.aviatorassistant.weather&hl=en&gl=us"
""com.raindroptest","WEATHER","RainDrop: Virtual Rain Gauge","10,000+","10000","14748","8.0","VARY","sai@raindrop.farm","https://www.raindrop.farm/privacy-policy","true","WEATHER","[object Object]","Everyone","false","1725881912000","https://play.google.com/store/apps/details?id=com.raindroptest&hl=en&gl=us"
""com.wetter.androidclient","WEATHER","weather24: Forecast & Radar","10,000,000+","10000000","42073267","5.0","VARY","android@wetter.com","https://www.wetter.com/internal/news/datenschutzhinweise_aid_614ae65187629322ad0dd008.html?webid=lrekP5cHl","true","WEATHER","[object Object]","Everyone","true","1725549134000","https://play.google.com/store/apps/details?id=com.wetter.androidclient&hl=en&gl=us"
""com.getprecip.precip","WEATHER","Precip - Rainfall Totals","10,000+","10000","20395","5.1","VARY","team@getprecip.com","https://www.iubenda.com/privacy-policy/38080871","true","WEATHER","[object Object]","Everyone","false","1725665175000","https://play.google.com/store/apps/details?id=com.getprecip.precip&hl=en&gl=us"
""weather.forecast.radar.weatherchannel","WEATHER","Weather Forecast - Local Radar","10,000+","10000","36925","6.0","VARY","support@zankhana.ltd","https://zankhana.ltd/privacypolicy.html?pkg=weather.forecast.radar.weatherchannel","true","WEATHER","[object Object]","Everyone","true","1724929235000","https://play.google.com/store/apps/details?id=weather.forecast.radar.weatherchannel&hl=en&gl=us"
""weatherradar.livemaps.free","WEATHER","Weather Radar: Forecast & Maps","5,000,000+","5000000","6791056","7.1","VARY","support@smarteam.dev","http://smarteam.dev/privacy.txt","true","WEATHER","[object Object]","Everyone","true","1717267112000","https://play.google.com/store/apps/details?id=weatherradar.livemaps.free&hl=en&gl=us"
""com.accurate.radar.local.weather.forecast","WEATHER","Weather - Live Radar Tracker","100,000+","100000","207590","5.0","VARY","WonderCrossword@outlook.com","https://sites.google.com/view/crosswordpolicy/","true","WEATHER","[object Object]","Everyone","true","1723465522000","https://play.google.com/store/apps/details?id=com.accurate.radar.local.weather.forecast&hl=en&gl=us"
""com.accurate.local.live.weather","WEATHER","Weather Live - Radar & Alerts","1,000,000+","1000000","3798095","5.0","VARY","zapps-studio@outlook.com","https://sites.google.com/view/weatherteam","true","WEATHER","[object Object]","Everyone","true","1725371536000","https://play.google.com/store/apps/details?id=com.accurate.local.live.weather&hl=en&gl=us"
""twc.car.tmpl.go","WEATHER","The Weather Channel Auto App","10,000+","10000","33232","10","VARY","twc-auto-support@weather.com","https://weather.com/en-US/twc/privacy-policy","true","WEATHER","[object Object]","Everyone","false","1724929605000","https://play.google.com/store/apps/details?id=twc.car.tmpl.go&hl=en&gl=us"
""asav.roomtemperature.us","WEATHER","Room Temperature Thermometer","100,000+","100000","229071","4.4","VARY","asavapps@gmail.com","https://sites.google.com/view/room-temperature-thermometer/","true","WEATHER","[object Object]","Everyone","false","1720353825000","https://play.google.com/store/apps/details?id=asav.roomtemperature.us&hl=en&gl=us"
""com.jrustonapps.myhurricanetracker","WEATHER","My Hurricane Tracker & Alerts","500,000+","500000","550203","5.0","VARY","mhtandroid@jrustonapps.com","https://www.jrustonapps.com/privacy?t=an-fr-15","true","WEATHER","[object Object]","Everyone","true","1723440350000","https://play.google.com/store/apps/details?id=com.jrustonapps.myhurricanetracker&hl=en&gl=us"
""com.epsilonv.funnyweather","WEATHER","Funny Weather: Rude Forecast","100,000+","100000","123229","5.0","VARY","epsilon.ventures.llc@gmail.com","https://epsilonv.com/privacy/funny_weather.txt","true","WEATHER","[object Object]","Mature 17+","true","1723340534000","https://play.google.com/store/apps/details?id=com.epsilonv.funnyweather&hl=en&gl=us"
""com.predictwind.mobile.android","WEATHER","PredictWind - Marine Forecasts","1,000,000+","1000000","1509862","8.0","VARY","support@predictwind.com","http://www.predictwind.com/about-us/terms-and-conditions/","true","WEATHER","[object Object]","Everyone","false","1725513933000","https://play.google.com/store/apps/details?id=com.predictwind.mobile.android&hl=en&gl=us"
""mobi.lockdown.weather","WEATHER","Today Weather:Data by NOAA/NWS","1,000,000+","1000000","2679406","VARY","VARY","todayweather.co@gmail.com","https://todayweather.co/privacy.html","true","WEATHER","[object Object]","Everyone","true","1725867882000","https://play.google.com/store/apps/details?id=mobi.lockdown.weather&hl=en&gl=us"
""com.cube.arc.hzd","WEATHER","Emergency: Severe Weather App","100,000+","100000","381116","9","VARY","mobile@redcross.org","http://www.redcross.org/privacy-policy","true","WEATHER","[object Object]","Everyone","false","1719499048000","https://play.google.com/store/apps/details?id=com.cube.arc.hzd&hl=en&gl=us"
""com.weather.radar.clime.weathernews","WEATHER","Weather Now: Radar & Forecast","100,000+","100000","118439","7.0","VARY","support@amobear.com","https://sites.google.com/view/weather-newsforecast/home","true","WEATHER","[object Object]","Everyone","true","1725925297000","https://play.google.com/store/apps/details?id=com.weather.radar.clime.weathernews&hl=en&gl=us"
""com.weatherteam.rainy.forecast.radar.widgets","WEATHER","Weather","10,000,000+","10000000","13310248","7.0","VARY","weather.droidteam@gmail.com","https://sites.google.com/view/weather-droid-team/","true","WEATHER","[object Object]","Everyone","true","1724760242000","https://play.google.com/store/apps/details?id=com.weatherteam.rainy.forecast.radar.widgets&hl=en&gl=us"
""com.katc.android.weather","WEATHER","KATC WX","100,000+","100000","111344","9","VARY","kgarrett@katctv.com","https://www.katc.com/privacy-policy","true","WEATHER","[object Object]","Everyone","true","1718897588000","https://play.google.com/store/apps/details?id=com.katc.android.weather&hl=en&gl=us"
""com.daugherty.nws_remastered","WEATHER","NWS Weather","10,000+","10000","44285","11","VARY","daugherty2016@gmail.com","https://github.com/awesome123man/meteorology_man.github.io/blob/master/index.html","true","WEATHER","[object Object]","Everyone","false","1722920234000","https://play.google.com/store/apps/details?id=com.daugherty.nws_remastered&hl=en&gl=us"
""com.spacecityweather.scw","WEATHER","Space City Weather","10,000+","10000","44261","5.0","VARY","Sci.writer@gmail.com","https://spacecityweather.com/privacy-policy/","true","WEATHER","[object Object]","Everyone","false","1722913449000","https://play.google.com/store/apps/details?id=com.spacecityweather.scw&hl=en&gl=us"
""com.bb.monstertruck.demolition.derby","WEATHER","Rocket Car Soccer League Games","500,000+","500000","513666","7.0","VARY","bluegendry@gmail.com","https://bigbluegendry.blogspot.com/2019/06/privacy-policy.html","true","WEATHER","[object Object]","Teen","true","1724153887000","https://play.google.com/store/apps/details?id=com.bb.monstertruck.demolition.derby&hl=en&gl=us"
""com.weather.channel.accurate.widget","WEATHER","Weather Forecast & Radar","1,000,000+","1000000","2661527","5.0","VARY","zapps-studio@outlook.com","https://sites.google.com/view/crosswordpolicy/","true","WEATHER","[object Object]","Everyone","true","1724331458000","https://play.google.com/store/apps/details?id=com.weather.channel.accurate.widget&hl=en&gl=us"
""com.droidteam.weather","WEATHER","Weather Forecast","5,000,000+","5000000","9018705","5.0","VARY","talentdroidteam@tohsoft.com","https://tohsoft.com/apps/weather/privacy-policy","true","WEATHER","[object Object]","Everyone","true","1724667374000","https://play.google.com/store/apps/details?id=com.droidteam.weather&hl=en&gl=us"
""me.syncrex.earthquaketracker","WEATHER","Earthquakes Near Me","50,000+","50000","90986","5.0","VARY","dev@syncrex.me","https://syncrex.me/policy/zamyad/","true","WEATHER","[object Object]","Everyone","true","1725904510000","https://play.google.com/store/apps/details?id=me.syncrex.earthquaketracker&hl=en&gl=us"
""com.wafb.android.weather","WEATHER","WAFB First Alert Weather","100,000+","100000","215497","9","VARY","gdmsupport@gray.tv","http://www.wafb.com/privacy-policy/","true","WEATHER","[object Object]","Everyone","true","1725891037000","https://play.google.com/store/apps/details?id=com.wafb.android.weather&hl=en&gl=us"
""weather.weasnap","WEATHER","Live Weather Forecast","100,000+","100000","326082","7.0","VARY","gamecenter.tan@gmail.com","https://sites.google.com/view/kx-camera-team-policy","true","WEATHER","[object Object]","Everyone","true","1724232398000","https://play.google.com/store/apps/details?id=weather.weasnap&hl=en&gl=us"
""com.room.temperature.meter","WEATHER","Room Temperature Thermometer","1,000,000+","1000000","2720338","5.0","VARY","morsoltechnology@gmail.com","https://sites.google.com/view/privacypolicymorsoltechnology/home","true","WEATHER","[object Object]","Everyone","true","1721897513000","https://play.google.com/store/apps/details?id=com.room.temperature.meter&hl=en&gl=us"
""com.weatherradar.liveradar.weathermap","WEATHER","Weather Radar & Weather Live","1,000,000+","1000000","2861617","5.0","VARY","support@amobear.com","https://sites.google.com/view/weatherradarmaplive/home","true","WEATHER","[object Object]","Everyone","true","1725020896000","https://play.google.com/store/apps/details?id=com.weatherradar.liveradar.weathermap&hl=en&gl=us"
""com.nautide.app","WEATHER","Nautide","1,000,000+","1000000","1875884","5.1","VARY","support@nautide.com","https://nautide.com/privacy","true","WEATHER","[object Object]","Everyone","true","1692781040000","https://play.google.com/store/apps/details?id=com.nautide.app&hl=en&gl=us"
""com.drone.assist","WEATHER","Drone App: Forecast for UAV","500,000+","500000","823220","6.0","VARY","mynickjasper@yandex.ru","https://apps.aleksaleks.ru/drone-assist/privacy-policy.html","true","WEATHER","[object Object]","Everyone","false","1721128095000","https://play.google.com/store/apps/details?id=com.drone.assist&hl=en&gl=us"
""com.skysky.livewallpapers","WEATHER","Weather Live Wallpapers","1,000,000+","1000000","1362840","7.0","VARY","dev.skysky@gmail.com","https://firebasestorage.googleapis.com/v0/b/skysky-weather-live-wallpapers.appspot.com/o/privacy_policy_v2.html?alt=media&token=0790c73b-e6f4-4889-88e4-a377e62ea38f","true","WEATHER","[object Object]","Everyone","true","1720080905000","https://play.google.com/store/apps/details?id=com.skysky.livewallpapers&hl=en&gl=us"
""com.giovesoft.frogweather","WEATHER","The Frog","500,000+","500000","988767","8.0","VARY","info@giovesoft.com","https://www.frogweather.com/privacy","true","WEATHER","[object Object]","Everyone","true","1725882400000","https://play.google.com/store/apps/details?id=com.giovesoft.frogweather&hl=en&gl=us"
""net.ambientweather.dashboard","WEATHER","Ambient Weather Network","100,000+","100000","176672","7.0","VARY","support@ambientweather.com","https://nkhome.com/privacy","true","WEATHER","[object Object]","Everyone","false","1707712773000","https://play.google.com/store/apps/details?id=net.ambientweather.dashboard&hl=en&gl=us"
""amobi.weather.forecast.storm.radar","WEATHER","9Weather: Weather forecast","1,000,000+","1000000","1668882","6.0","VARY","contact@amobilab.com","http://amobilab.com/policy-weather-forecast-storm-radar.html","true","WEATHER","[object Object]","Everyone","true","1725597282000","https://play.google.com/store/apps/details?id=amobi.weather.forecast.storm.radar&hl=en&gl=us"
""com.inmobi.weather","WEATHER","Weather","10,000,000+","10000000","19599272","7.0","VARY","oneweather@onelouder.com","https://1weatherapp.com/privacy","true","WEATHER","[object Object]","Everyone","true","1725352893000","https://play.google.com/store/apps/details?id=com.inmobi.weather&hl=en&gl=us"
""com.SeventhGear.tides","WEATHER","Tide Charts","1,000,000+","1000000","3610920","5.0","VARY","info@7thg.com","http://www.7thg.com/tides_privacy","true","WEATHER","[object Object]","Everyone","true","1688817116000","https://play.google.com/store/apps/details?id=com.SeventhGear.tides&hl=en&gl=us"
""com.wala.weather","WEATHER","FOX10 Weather Mobile Alabama","10,000+","10000","32329","9","VARY","gdmsupport@gray.tv","https://www.fox10tv.com/privacy-policy","true","WEATHER","[object Object]","Everyone","true","1721755642000","https://play.google.com/store/apps/details?id=com.wala.weather&hl=en&gl=us"
""com.surfline.android","WEATHER","Surfline: Wave & Surf Reports","500,000+","500000","930403","8.0","VARY","support@surfline.com","http://www.surfline.com/privacy.cfm","true","WEATHER","[object Object]","Everyone","true","1725538311000","https://play.google.com/store/apps/details?id=com.surfline.android&hl=en&gl=us"
""com.microsoft.amp.apps.bingweather","WEATHER","MSN Weather - Forecast & Maps","1,000,000+","1000000","2340478","7.0","VARY","sapphirefeedback@microsoft.com","http://go.microsoft.com/fwlink/?LinkID=248686","true","WEATHER","[object Object]","Everyone","true","1703237689000","https://play.google.com/store/apps/details?id=com.microsoft.amp.apps.bingweather&hl=en&gl=us"
""com.tools.weatherapp.daily.wethertracker","WEATHER","Weather Tracker: Daily Weather","10,000+","10000","23934","7.0","VARY","phamnguyetnt89@gmail.com","https://sites.google.com/view/miastudiopolicy","true","WEATHER","[object Object]","Everyone","true","1725422201000","https://play.google.com/store/apps/details?id=com.tools.weatherapp.daily.wethertracker&hl=en&gl=us"
""com.nstudio.weatherhere.free","WEATHER","NOAA Weather Unofficial","1,000,000+","1000000","2154588","4.4","VARY","support@graniteapps.net","https://graniteapps.net/privacy_policy/noaa_weather_free.html","true","WEATHER","[object Object]","Everyone","true","1721971427000","https://play.google.com/store/apps/details?id=com.nstudio.weatherhere.free&hl=en&gl=us"
""com.bvl.weatherapp","WEATHER","Weather","10,000,000+","10000000","16450721","8.0","VARY","saevioapps@gmail.com","https://www.saevioapps.com/privacy-policy.html","true","WEATHER","[object Object]","Everyone","true","1725627882000","https://play.google.com/store/apps/details?id=com.bvl.weatherapp&hl=en&gl=us"
""com.weather.weatherforcast.accurateweather.aleartwidget","WEATHER","Weather forecast: Live Radar","5,000,000+","5000000","6135989","5.0","VARY","developer@diavostar.com","https://sites.google.com/view/weatherk1/","true","WEATHER","[object Object]","Everyone","true","1724819855000","https://play.google.com/store/apps/details?id=com.weather.weatherforcast.accurateweather.aleartwidget&hl=en&gl=us"
""com.storevn.weather","WEATHER","Weather Forecast (Radar Map)","500,000+","500000","849259","5.0","VARY","storevn.feedback@gmail.com","https://sites.google.com/view/weather-privacies/","true","WEATHER","[object Object]","Everyone","true","1721922845000","https://play.google.com/store/apps/details?id=com.storevn.weather&hl=en&gl=us"
""com.justhurricanes.mia.app","WEATHER","Max Hurricane Tracker","100,000+","100000","319314","8.0","VARY","android-support+WPLGhurricane@grahamdigital.com","https://www.local10.com/privacy","true","WEATHER","[object Object]","Everyone","true","1718962149000","https://play.google.com/store/apps/details?id=com.justhurricanes.mia.app&hl=en&gl=us"
""com.accurate.weather.forecast.live.radar","WEATHER","Weather Forecast, Live Weather","1,000,000+","1000000","4780158","4.4","VARY","smartappstudio39@gmail.com","https://sites.google.com/view/smartappstudio39","true","WEATHER","[object Object]","Everyone","true","1712724169000","https://play.google.com/store/apps/details?id=com.accurate.weather.forecast.live.radar&hl=en&gl=us"
""com.uavforecast","WEATHER","UAV Forecast for Drone Pilots","1,000,000+","1000000","1562080","5.0","VARY","android@uavforecast.com","https://www.uavforecast.com/#/privacy","true","WEATHER","[object Object]","Everyone","false","1725992902000","https://play.google.com/store/apps/details?id=com.uavforecast&hl=en&gl=us"
""com.ingenioproductions.airscope","WEATHER","AirScope: Pollen & Air Quality","1,000+","1000","1981","7.0","VARY","support@ingenioproductions.com","https://www.airscope.app/privacy.html","true","WEATHER","[object Object]","Everyone","true","1721331725000","https://play.google.com/store/apps/details?id=com.ingenioproductions.airscope&hl=en&gl=us"
""com.kplc.android.weather","WEATHER","KPLC 7 First Alert Weather","100,000+","100000","129917","9","VARY","gdmsupport@gray.tv","http://www.kplctv.com/privacy-policy/","true","WEATHER","[object Object]","Everyone","true","1721670627000","https://play.google.com/store/apps/details?id=com.kplc.android.weather&hl=en&gl=us"
""com.qstartlabs.moonguide","WEATHER","Deer Hunters MoonGuide 3.0","50,000+","50000","57514","6.0","VARY","info@moonguide.com","https://moonguide.com/privacy/","true","WEATHER","[object Object]","Teen","false","1725038612000","https://play.google.com/store/apps/details?id=com.qstartlabs.moonguide&hl=en&gl=us"
""com.nicusa.msi.memamobile","WEATHER","MEMA (Mississippi)","1,000+","1000","3194","5.0","VARY","support@msegov.com","https://www.msema.org/policies/","true","WEATHER","[object Object]","Everyone","false","1695815127000","https://play.google.com/store/apps/details?id=com.nicusa.msi.memamobile&hl=en&gl=us"
""com.vnilapps.auroranow","WEATHER","Aurora Now - Northern Lights","100,000+","100000","101051","6.0","VARY","viktor@vnil.se","https://vnilapps.com/aurora-now/privacy-policy","true","WEATHER","[object Object]","Everyone","false","1723846651000","https://play.google.com/store/apps/details?id=com.vnilapps.auroranow&hl=en&gl=us"
""com.wbrz.android.weather","WEATHER","WBRZ Weather","50,000+","50000","62447","9","VARY","dnussbaum@wbrz.com","https://www.wbrz.com/pages/privacy","true","WEATHER","[object Object]","Everyone","true","1720552053000","https://play.google.com/store/apps/details?id=com.wbrz.android.weather&hl=en&gl=us"
""com.sweetvrn.therm","WEATHER","Indoor thermometer","1,000,000+","1000000","2346856","5.0","VARY","sweet.meidei@gmail.com","https://sites.google.com/view/gfbg-bf/%D0%B3%D0%BB%D0%B0%D0%B2%D0%BD%D0%B0%D1%8F-%D1%81%D1%82%D1%80%D0%B0%D0%BD%D0%B8%D1%86%D0%B0","true","WEATHER","[object Object]","Everyone","true","1714015141000","https://play.google.com/store/apps/details?id=com.sweetvrn.therm&hl=en&gl=us"
""com.boatus.boatusapp","WEATHER","BoatUS - Boat Weather & Tides","100,000+","100000","363387","6.0","VARY","appfeedback@boatus.com","https://www.boatus.com/privacy-policy","true","WEATHER","[object Object]","Everyone","false","1724297266000","https://play.google.com/store/apps/details?id=com.boatus.boatusapp&hl=en&gl=us"
""com.voyagegames.weatherroute","WEATHER","Highway Weather","100,000+","100000","414998","5.0","VARY","support@weatherroute.io","https://www.weatherroute.io/privacy_policy.html","true","WEATHER","[object Object]","Everyone","true","1722051790000","https://play.google.com/store/apps/details?id=com.voyagegames.weatherroute&hl=en&gl=us"
""widget.dd.com.overdrop.free","WEATHER","Overdrop: Weather today, radar","1,000,000+","1000000","1497356","6.0","VARY","support@overdrop.app","https://sites.google.com/view/overdropinfo/home","true","WEATHER","[object Object]","Everyone","true","1721498669000","https://play.google.com/store/apps/details?id=widget.dd.com.overdrop.free&hl=en&gl=us"
""com.lifeoverflow.app.weather","WEATHER","Weather & Clima - Weather App","1,000,000+","1000000","2360297","5.0","VARY","admin@weatherforecast.io","https://misemise.s3.ap-northeast-2.amazonaws.com/other/privacy_policy/weatherweather_privacy_policy.html","true","WEATHER","[object Object]","Everyone","true","1725521287000","https://play.google.com/store/apps/details?id=com.lifeoverflow.app.weather&hl=en&gl=us"
""com.weatherflow.smartweather","WEATHER","Tempest Weather","50,000+","50000","64885","5.0","VARY","support@weatherflow.com","http://got.wf/privacy","true","WEATHER","[object Object]","Everyone","false","1722006430000","https://play.google.com/store/apps/details?id=com.weatherflow.smartweather&hl=en&gl=us"
""weather.forecast.rain.radar","WEATHER","Weather Screen 2 - Forecast","1,000,000+","1000000","1227842","6.0","VARY","weatherscreenapp+helpcenter@gmail.com","https://firstscreen.mlink.me/policy/privacy","true","WEATHER","[object Object]","Everyone","true","1723098468000","https://play.google.com/store/apps/details?id=weather.forecast.rain.radar&hl=en&gl=us"
""com.miui.weather2","WEATHER","Weather - By Xiaomi","1,000,000,000+","1000000000","1837544394","7.0","VARY","weatherglobal@xiaomi.com","https://privacy.mi.com/all/en_IN","true","WEATHER","[object Object]","Everyone","false","1675663314000","https://play.google.com/store/apps/details?id=com.miui.weather2&hl=en&gl=us"
""com.usnaviguide.radar_now","WEATHER","RadarNow! ®","5,000,000+","5000000","7412544","7.0","VARY","coryat@gmail.com","https://radarnow.net/privacy.htm","true","WEATHER","[object Object]","Everyone","true","1720474166000","https://play.google.com/store/apps/details?id=com.usnaviguide.radar_now&hl=en&gl=us"
""com.macropinch.swan","WEATHER","Weather","10,000,000+","10000000","49746609","VARY","VARY","support@macropinch.com","http://macropinch.com/privacypolicy_weather.html","true","WEATHER","[object Object]","Everyone","true","1708627219000","https://play.google.com/store/apps/details?id=com.macropinch.swan&hl=en&gl=us"
""com.app.mikesweatherpagea","WEATHER","Mikes Weather Page","10,000+","10000","32198","7.0","VARY","rcthunder@aol.com","http://spaghettimodels.com/PP.html","true","WEATHER","[object Object]","Everyone","true","1724846661000","https://play.google.com/store/apps/details?id=com.app.mikesweatherpagea&hl=en&gl=us"
""com.devexpert.weather","WEATHER","Weather & Clock Widget","50,000,000+","50000000","80458706","5.0","VARY","app-support@interactive.sa","https://devexpert.net/privacypolicy","true","WEATHER","[object Object]","Everyone","true","1722708652000","https://play.google.com/store/apps/details?id=com.devexpert.weather&hl=en&gl=us"
""yo.app.free","WEATHER","YoWindow Weather and wallpaper","10,000,000+","10000000","14770526","VARY","VARY","support@repkasoft.com","http://yowindow.com/mobile_privacy_policy.php","true","WEATHER","[object Object]","Everyone","true","1724664529000","https://play.google.com/store/apps/details?id=yo.app.free&hl=en&gl=us"
""au.com.weatherzone.android.weatherzonefreeapp","WEATHER","Weatherzone: Weather Forecasts","1,000,000+","1000000","4715986","5.0","VARY","help@weatherzone.com.au","https://www.weatherzone.com.au/privacy","true","WEATHER","[object Object]","Everyone","true","1725931468000","https://play.google.com/store/apps/details?id=au.com.weatherzone.android.weatherzonefreeapp&hl=en&gl=us"
""pase.tv","WEATHER","Pase tv","1,000+","1000","3046","4.4","VARY","idolotvyuo@gmail.com","https://www.e-droid.net/privacy.php?ida=3273858&idl=en","true","WEATHER","[object Object]","Everyone","true","1725493433000","https://play.google.com/store/apps/details?id=pase.tv&hl=en&gl=us"
""ch.admin.meteoswiss","WEATHER","MeteoSwiss","1,000,000+","1000000","4120747","VARY","VARY","operator@meteoswiss.ch","https://www.meteoswiss.admin.ch/home/about-us/legal-basis/privacy-statement.html","true","WEATHER","[object Object]","Everyone","false","1721723082000","https://play.google.com/store/apps/details?id=ch.admin.meteoswiss&hl=en&gl=us"
""com.rmtheis.fireguard","WEATHER","Fireguard Wildfire Tracker","100,000+","100000","186819","7.0","VARY","support@qvyshift.com","https://www.qvyshift.com/privacy-policy-fireguard.html","true","WEATHER","[object Object]","Everyone","true","1718487244000","https://play.google.com/store/apps/details?id=com.rmtheis.fireguard&hl=en&gl=us"
""com.info.weather.forecast","WEATHER","Weather Forecast","5,000,000+","5000000","7333215","5.0","VARY","musicstudio5.ltd@gmail.com","https://sites.google.com/view/mstd5-weather-forecast","true","WEATHER","[object Object]","Everyone","true","1723773270000","https://play.google.com/store/apps/details?id=com.info.weather.forecast&hl=en&gl=us"
""weather.weatherforcast.accuweather.weatherchannel","WEATHER","Weather - Live Radar & Widgets","100,000+","100000","420511","7.0","VARY","pointdotdog@gmail.com","https://sites.google.com/view/1bitpolicy","true","WEATHER","[object Object]","Everyone","false","1724228532000","https://play.google.com/store/apps/details?id=weather.weatherforcast.accuweather.weatherchannel&hl=en&gl=us"
""com.lucky_apps.RainViewer","WEATHER","Weather Radar RainViewer","1,000,000+","1000000","2574425","8.0","VARY","support@rainviewer.com","https://www.rainviewer.com/privacy.html","true","WEATHER","[object Object]","Everyone","true","1724059051000","https://play.google.com/store/apps/details?id=com.lucky_apps.RainViewer&hl=en&gl=us"
""com.rzweather.android","WEATHER","RedZone Weather","10,000+","10000","25878","7.0","VARY","rzweather@gmail.com","https://redzoneweather.com/privacy/","true","WEATHER","[object Object]","Everyone","false","1704831962000","https://play.google.com/store/apps/details?id=com.rzweather.android&hl=en&gl=us"
""com.channel.weather.forecast.live.radar","WEATHER","Weather App - Weather Forecast","5,000,000+","5000000","5950459","5.0","VARY","weatherfeedback@outlook.com","https://sites.google.com/view/weatherteam","true","WEATHER","[object Object]","Everyone","true","1724404265000","https://play.google.com/store/apps/details?id=com.channel.weather.forecast.live.radar&hl=en&gl=us"
""com.wlox.android.weather","WEATHER","WLOX First Alert Weather","100,000+","100000","195870","9","VARY","gdmsupport@gray.tv","http://www.wlox.com/privacy-policy/","true","WEATHER","[object Object]","Everyone","true","1721765666000","https://play.google.com/store/apps/details?id=com.wlox.android.weather&hl=en&gl=us"
""com.youngmedia.klfy","WEATHER","KLFY Weather - Weather and Rad","50,000+","50000","65400","9","VARY","dev@linmedia.com","https://www.nexstar.tv/privacy-policy","true","WEATHER","[object Object]","Everyone","true","1718832714000","https://play.google.com/store/apps/details?id=com.youngmedia.klfy&hl=en&gl=us"
""com.spaceweatherlive.app","WEATHER","SpaceWeatherLive","100,000+","100000","324704","6.0","VARY","webmaster@spaceweatherlive.com","https://www.spaceweatherlive.com/en/app/privacy-policy/","true","WEATHER","[object Object]","Everyone","true","1711043110000","https://play.google.com/store/apps/details?id=com.spaceweatherlive.app&hl=en&gl=us"
""com.wtvt.android.weather","WEATHER","FOX 13 Tampa: SkyTower Weather","100,000+","100000","322427","9","VARY","foxtvinc@gmail.com","http://www.fox13news.com/privacy-policy","true","WEATHER","[object Object]","Everyone","true","1717433138000","https://play.google.com/store/apps/details?id=com.wtvt.android.weather&hl=en&gl=us"
""com.kriv.android.weather","WEATHER","FOX 26 Houston: Weather","100,000+","100000","255881","9","VARY","foxtvinc@gmail.com","http://www.fox26houston.com/privacy-policy","true","WEATHER","[object Object]","Everyone","true","1717431835000","https://play.google.com/store/apps/details?id=com.kriv.android.weather&hl=en&gl=us"
""com.dungelin.barometerplus","WEATHER","Barometer Plus - Altimeter","100,000+","100000","320049","5.0","VARY","pvdapps.com@gmail.com","http://privacy.pvdapps.com/privacy_brp_ad.html","true","WEATHER","[object Object]","Everyone","true","1721644160000","https://play.google.com/store/apps/details?id=com.dungelin.barometerplus&hl=en&gl=us"
""com.apalon.weatherlive.free","WEATHER","Weather Live°","50,000,000+","50000000","51117063","7.0","VARY","support@weatherlive.com","https://support.bendingspoons.com/privacy.html?app=4973493485117783783","true","WEATHER","[object Object]","Everyone","true","1724664905000","https://play.google.com/store/apps/details?id=com.apalon.weatherlive.free&hl=en&gl=us"
""com.futorum.w5","WEATHER","Weather watch face W5","100,000+","100000","316727","9","VARY","support@futorum.com","https://futorum.com/privacy-apps","true","WEATHER","[object Object]","Everyone","false","1723889471000","https://play.google.com/store/apps/details?id=com.futorum.w5&hl=en&gl=us"
""com.droid27.senseflipclockweather","WEATHER","Sense Flip Clock & Weather","10,000,000+","10000000","10669219","6.0","VARY","support@machapp.net","https://www.machapp.net/privacy.html","true","WEATHER","[object Object]","Everyone","true","1725344772000","https://play.google.com/store/apps/details?id=com.droid27.senseflipclockweather&hl=en&gl=us"
""weather.live","WEATHER","Weather - Weather Live","100,000+","100000","202169","6.0","VARY","voitex.multimedia@gmail.com","https://sites.google.com/view/Voitex","true","WEATHER","[object Object]","Everyone","true","1724229749000","https://play.google.com/store/apps/details?id=weather.live&hl=en&gl=us"
""de.android.riverapp","WEATHER","RiverApp - River levels","100,000+","100000","407344","5.0","VARY","florian@riverapp.net","https://www.riverapp.net/privacy_policy","true","WEATHER","[object Object]","Everyone","true","1722603591000","https://play.google.com/store/apps/details?id=de.android.riverapp&hl=en&gl=us"
""com.noaa_hidef_radar","WEATHER","Weather Hi-Def Radar","100,000+","100000","184621","9","VARY","contact@maplemedia.io","https://maplemedia.io/privacy/","true","WEATHER","[object Object]","Everyone","true","1718989011000","https://play.google.com/store/apps/details?id=com.noaa_hidef_radar&hl=en&gl=us"
""com.driveweather","WEATHER","Drive Weather","100,000+","100000","205740","6.0","VARY","conceptElementsApp@gmail.com","http://driveweatherapp.com/privacy-policy/","true","WEATHER","[object Object]","Everyone","true","1724862297000","https://play.google.com/store/apps/details?id=com.driveweather&hl=en&gl=us"
""com.weather2go.point","WEATHER","Depends on the Weather","1,000+","1000","1196","7.0","VARY","support@dependsontheweather.org","http://www.decisionpointweather.com/home/privacy-policy/","true","WEATHER","[object Object]","Everyone","true","1724862156000","https://play.google.com/store/apps/details?id=com.weather2go.point&hl=en&gl=us"
""mobi.byss.instaweather.watchface","WEATHER","Weather for Wear OS","1,000,000+","1000000","2828471","VARY","VARY","support@byss.mobi","http://byssmobile.com/priv/priv.html","true","WEATHER","[object Object]","Everyone","true","1723628442000","https://play.google.com/store/apps/details?id=mobi.byss.instaweather.watchface&hl=en&gl=us"
""weather.alert.storm.radar","WEATHER","Weather Forecast","500,000+","500000","997278","6.0","VARY","gamecenter.tan@gmail.com","https://sites.google.com/view/kx-camera-team-policy","true","WEATHER","[object Object]","Everyone","true","1724231317000","https://play.google.com/store/apps/details?id=weather.alert.storm.radar&hl=en&gl=us"
""com.storevn.weather.forecast","WEATHER","Weather Real-time Forecast","500,000+","500000","547655","5.0","VARY","storevn.feedback@gmail.com","https://sites.google.com/view/weather-privacies/","true","WEATHER","[object Object]","Everyone","true","1722353054000","https://play.google.com/store/apps/details?id=com.storevn.weather.forecast&hl=en&gl=us"
""com.accurate.forecast.live.weather.channel","WEATHER","Weather Forecast & Widget","1,000,000+","1000000","1916415","6.0","VARY","AppDancerUp@gmail.com","https://sites.google.com/view/my-weather-live/home","true","WEATHER","[object Object]","Everyone","true","1713537976000","https://play.google.com/store/apps/details?id=com.accurate.forecast.live.weather.channel&hl=en&gl=us"
""com.krgv.android.weather","WEATHER","KRGV FIRST WARN 5 Weather","100,000+","100000","117408","9","VARY","malena@krgv.com","https://www.krgv.com/pages/privacy","true","WEATHER","[object Object]","Everyone","true","1724685039000","https://play.google.com/store/apps/details?id=com.krgv.android.weather&hl=en&gl=us"
""com.windalert.android.fishweather","WEATHER","FishWeather: Marine Forecasts","100,000+","100000","148390","5.0","VARY","support@fishweather.com","https://help.weatherflow.com/hc/en-us/articles/360052221353","true","WEATHER","[object Object]","Everyone","true","1725377103000","https://play.google.com/store/apps/details?id=com.windalert.android.fishweather&hl=en&gl=us"
""weather.radar.alert","WEATHER","Weather Live: Weather Forecast","5,000,000+","5000000","8214744","6.0","VARY","appokuco@gmail.com","https://sites.google.com/view/kuco-apps-policy","true","WEATHER","[object Object]","Everyone","true","1724999926000","https://play.google.com/store/apps/details?id=weather.radar.alert&hl=en&gl=us"
""uk.co.openweather","WEATHER","OpenWeather","100,000+","100000","320621","5.0","VARY","info@openweathermap.org","https://openweather.co.uk/privacy-policy","true","WEATHER","[object Object]","Everyone","false","1716058111000","https://play.google.com/store/apps/details?id=uk.co.openweather&hl=en&gl=us"
""com.ml.TXSC","WEATHER","Texas Storm Chasers","50,000+","50000","89435","7.0","VARY","support@texasstormchasers.com","https://texasstorm.blizapps.com/terms-and-conditions-service","true","WEATHER","[object Object]","Everyone","true","1724808652000","https://play.google.com/store/apps/details?id=com.ml.TXSC&hl=en&gl=us"
""com.etool.weather.live","WEATHER","Live weather: Forecast, widget","500,000+","500000","824259","5.0","VARY","phuongchau2783463@gmail.com","https://docs.google.com/document/d/1ojU6HG_eB0PKjlzJPzpHg7G1F8_8XTkoPVQ3NjFtThA/edit","true","WEATHER","[object Object]","Everyone","true","1716955469000","https://play.google.com/store/apps/details?id=com.etool.weather.live&hl=en&gl=us"
""amuseworks.thermometer","WEATHER","Thermometer++","10,000,000+","10000000","18126599","8.0","VARY","thermometerapp@gmail.com","https://www.singularioapps.com/thermometer-privacy/","true","WEATHER","[object Object]","Everyone","true","1721308761000","https://play.google.com/store/apps/details?id=amuseworks.thermometer&hl=en&gl=us"
""com.mcy.cihan.darkskyxweather","WEATHER","Dark Sky Tech Weather App","100,000+","100000","386173","8.0","VARY","info@hyperlocalweather.app","https://hyperlocalweather.app/app_privacy/","true","WEATHER","[object Object]","Everyone","true","1724233283000","https://play.google.com/store/apps/details?id=com.mcy.cihan.darkskyxweather&hl=en&gl=us"
""com.davidgrossapps.wildfire","WEATHER","Wildfire Info","50,000+","50000","78122","5.0","VARY","davidgrossapps@gmail.com","https://davidgrossapps.com/privacy-policy.html","true","WEATHER","[object Object]","Everyone","false","1722318798000","https://play.google.com/store/apps/details?id=com.davidgrossapps.wildfire&hl=en&gl=us"
""com.thermometer.roomtemp","WEATHER","Accurate Indoor Thermometer","10,000+","10000","38937","7.0","VARY","contact@weatheo.com","https://sites.google.com/codelio.fr/privacy-thermometer/","true","WEATHER","[object Object]","Everyone","true","1720768138000","https://play.google.com/store/apps/details?id=com.thermometer.roomtemp&hl=en&gl=us"
""weather.forecast.storm.radar.alert","WEATHER","Weather Forecast- Live Weather","1,000,000+","1000000","1051105","6.0","VARY","gamecenter.tan@gmail.com","https://sites.google.com/view/kx-camera-team-policy","true","WEATHER","[object Object]","Everyone","true","1724903345000","https://play.google.com/store/apps/details?id=weather.forecast.storm.radar.alert&hl=en&gl=us"
""com.weather.location.new","WEATHER","Daily weather","100,000+","100000","294954","7.0","VARY","liuh15005@gmail.com","https://sites.google.com/view/daily-weather-privacy/%E9%A6%96%E9%A1%B5","true","WEATHER","[object Object]","Everyone","true","1724407422000","https://play.google.com/store/apps/details?id=com.weather.location.new&hl=en&gl=us"
""com.topapp.fishingcalendarlt","WEATHER","Fishing Calendar","100,000+","100000","318021","5.0","VARY","topapp.sro@gmail.com","http://www.topapp.si/privacy/privacy.php","true","WEATHER","[object Object]","Everyone","false","1713873964000","https://play.google.com/store/apps/details?id=com.topapp.fishingcalendarlt&hl=en&gl=us"
""com.kdfw.android.weather","WEATHER","FOX 4 Dallas-Fort Worth: Weath","1,000,000+","1000000","1132491","9","VARY","foxtvinc@gmail.com","http://www.fox4news.com/privacy-policy","true","WEATHER","[object Object]","Everyone","true","1717431923000","https://play.google.com/store/apps/details?id=com.kdfw.android.weather&hl=en&gl=us"
""com.astrospheric.dfior.smokewx","WEATHER","SmokeWx","100+","100","280","VARY","VARY","developer@astrospheric.com","https://www.astrospheric.com/swxterms.html","true","WEATHER","[object Object]","Everyone","true","1724791311000","https://play.google.com/store/apps/details?id=com.astrospheric.dfior.smokewx&hl=en&gl=us"
""com.wcyb.android.weather","WEATHER","StormTrack 5","500,000+","500000","671879","9","VARY","drachlin@bontenmedia.com","https://www.wcyb.com/station/privacy","true","WEATHER","[object Object]","Everyone","true","1720551732000","https://play.google.com/store/apps/details?id=com.wcyb.android.weather&hl=en&gl=us"
""buoysweather.nextstack.com.buoysweather","WEATHER","NOAA Marine Weather","50,000+","50000","71172","7.0","VARY","support@buoysweather.com","https://buoysweather.com/privacy","true","WEATHER","[object Object]","Everyone","true","1724079272000","https://play.google.com/store/apps/details?id=buoysweather.nextstack.com.buoysweather&hl=en&gl=us"
""dev.ipapps.uvindex","WEATHER","UV Index - Tan Widget","100,000+","100000","307092","5.0","VARY","ceo@ipapps.dev","https://uv-index.web.ipapps.vaybay.fr/privacy-policy","true","WEATHER","[object Object]","Everyone","true","1723664682000","https://play.google.com/store/apps/details?id=dev.ipapps.uvindex&hl=en&gl=us"
""com.juggernaut_tech.buoycast","WEATHER","NOAA Buoy Reports & Data","10,000+","10000","13843","9","VARY","apps@juggernaut-tech.com","https://www.NOAABuoyReports.com/android_privacy.html","true","WEATHER","[object Object]","Everyone","false","1725334231000","https://play.google.com/store/apps/details?id=com.juggernaut_tech.buoycast&hl=en&gl=us"
""com.astrospheric.dfior.astrospheric","WEATHER","Astrospheric","50,000+","50000","76282","5.0","VARY","developer@astrospheric.com","https://astrospheric.com/privacypolicy.php","true","WEATHER","[object Object]","Everyone","true","1720228180000","https://play.google.com/store/apps/details?id=com.astrospheric.dfior.astrospheric&hl=en&gl=us"
""pandamonium.noaaweather","WEATHER","NOAA Weather & Tides","1,000,000+","1000000","1032342","VARY","VARY","pandamoniumsoftware@gmail.com","https://noaa-weather.firebaseapp.com/privacy.html","true","WEATHER","[object Object]","Everyone","true","1723318795000","https://play.google.com/store/apps/details?id=pandamonium.noaaweather&hl=en&gl=us"
""tools.weather.forecast","WEATHER","Local Weather Forecast","5,000,000+","5000000","7966977","7.0","VARY","tools.mobnet@gmail.com","https://sites.google.com/view/toolsdevpolicy","true","WEATHER","[object Object]","Everyone","true","1724228920000","https://play.google.com/store/apps/details?id=tools.weather.forecast&hl=en&gl=us"
""org.emsc_csem.lastquake","WEATHER","LastQuake","1,000,000+","1000000","2309720","7.0","VARY","webmaster@emsc-csem.org","http://m.emsc.eu/app_mobile/terms.html","true","WEATHER","[object Object]","Everyone","false","1725885432000","https://play.google.com/store/apps/details?id=org.emsc_csem.lastquake&hl=en&gl=us"
""com.kadn.apps.android","WEATHER","Storm Track 15","1,000+","1000","2279","9","VARY","support@wevv.com","https://www.kadn.com/site/privacy.html","true","WEATHER","[object Object]","Everyone 10+","true","1717428554000","https://play.google.com/store/apps/details?id=com.kadn.apps.android&hl=en&gl=us"
""weather.forecast.alert.storm.radar","WEATHER","Weather Forecast","5,000,000+","5000000","8297769","7.0","VARY","KuXun.AppTeam@gmail.com","https://sites.google.com/view/coocentpolicy","true","WEATHER","[object Object]","Everyone","true","1724227982000","https://play.google.com/store/apps/details?id=weather.forecast.alert.storm.radar&hl=en&gl=us"
""com.jrustonapps.mytidetimes","WEATHER","My Tide Times - Tables & Chart","1,000,000+","1000000","1259687","5.0","VARY","mttandroid@jrustonapps.com","https://www.jrustonapps.com/privacy?t=an-fr-15","true","WEATHER","[object Object]","Everyone","true","1723440748000","https://play.google.com/store/apps/details?id=com.jrustonapps.mytidetimes&hl=en&gl=us"
""com.AlienKing.PMTrucks","WEATHER","Monster Jam Trucks Steel Titan","100,000+","100000","269589","6.0","VARY","supporrtalienking@gmail.com","https://alienkingstudios.blogspot.com/2019/12/alien-king-privacy-policy.html","true","WEATHER","[object Object]","Everyone","true","1724360922000","https://play.google.com/store/apps/details?id=com.AlienKing.PMTrucks&hl=en&gl=us"
""com.wdtinc.android.stormshield","WEATHER","Storm Shield","100,000+","100000","405566","9","VARY","support@stormshieldapp.com","http://www.weathersphere.com/privacy/","true","WEATHER","[object Object]","Everyone","false","1713792141000","https://play.google.com/store/apps/details?id=com.wdtinc.android.stormshield&hl=en&gl=us"
""com.fsoydan.howistheweather","WEATHER","How is the Weather? - Wear OS","100,000+","100000","144045","VARY","VARY","fsoydanapps@gmail.com","https://sites.google.com/view/howistheweather/privacy-policy","true","WEATHER","[object Object]","Everyone","false","1723024778000","https://play.google.com/store/apps/details?id=com.fsoydan.howistheweather&hl=en&gl=us"
""ru.yandex.weatherplugin","WEATHER","Yandex Weather","10,000,000+","10000000","44000947","7.0","VARY","app-pogoda@support.yandex.ru","https://yandex.ru/legal/confidential/","true","WEATHER","[object Object]","Everyone","true","1725888717000","https://play.google.com/store/apps/details?id=ru.yandex.weatherplugin&hl=en&gl=us"
""no.nrk.yr","WEATHER","Yr","10,000,000+","10000000","10237595","VARY","VARY","support@yr.no","https://info.nrk.no/personvernerklaering/","true","WEATHER","[object Object]","Everyone","false","1724914353000","https://play.google.com/store/apps/details?id=no.nrk.yr&hl=en&gl=us"
""com.helloaurora","WEATHER","hello aurora: forecast app","100,000+","100000","135545","9","VARY","contact@hello-aurora.com","https://www.hello-aurora.com/privacy-policy","true","WEATHER","[object Object]","Everyone","true","1724253926000","https://play.google.com/store/apps/details?id=com.helloaurora&hl=en&gl=us"
""com.climate.forecast.weather.widgets","WEATHER","Weather","1,000,000+","1000000","1159798","6.0","VARY","support@btbapps.com","https://sites.google.com/view/weather-droid-team/","true","WEATHER","[object Object]","Everyone","true","1725596262000","https://play.google.com/store/apps/details?id=com.climate.forecast.weather.widgets&hl=en&gl=us"
""com.jrustonapps.mymoonphase","WEATHER","My Moon Phase - Lunar Calendar","1,000,000+","1000000","2373352","5.0","VARY","mmpandroid@jrustonapps.com","https://www.jrustonapps.com/privacy?t=an-fr-15","true","WEATHER","[object Object]","Everyone","true","1723440623000","https://play.google.com/store/apps/details?id=com.jrustonapps.mymoonphase&hl=en&gl=us"
""org.findmykids.app","PARENTING","Find my kids: live GPS tracker","50,000,000+","50000000","60309933","8.0","VARY","support@findmykids.org","https://findmykids.org/docs/privacy-policy/android/en","true","PARENTING","[object Object]","Everyone","false","1725037766000","https://play.google.com/store/apps/details?id=org.findmykids.app&hl=en&gl=us"
""com.babycenter.pregnancytracker","PARENTING","Pregnancy App & Baby Tracker","10,000,000+","10000000","32529602","8.0","VARY","customerservice@babycenter.com","http://www.babycenter.com/help-privacy","true","PARENTING","[object Object]","Everyone","true","1724877552000","https://play.google.com/store/apps/details?id=com.babycenter.pregnancytracker&hl=en&gl=us"
""us.mitene","PARENTING","FamilyAlbum - Photo Sharing","10,000,000+","10000000","11403266","8.0","VARY","support@mitene.us","https://mitene.us/privacy","true","PARENTING","[object Object]","Teen","true","1725521301000","https://play.google.com/store/apps/details?id=us.mitene&hl=en&gl=us"
""com.testlab.family360","PARENTING","Family360 - GPS Live Locator","1,000,000+","1000000","2254143","4.1","VARY","support@family360locator.com","https://sites.google.com/site/privacypolicyforfamily360/","true","PARENTING","[object Object]","Everyone","false","1724666171000","https://play.google.com/store/apps/details?id=com.testlab.family360&hl=en&gl=us"
""com.wte.view","PARENTING","Pregnancy Tracker & Baby App","5,000,000+","5000000","7131091","8.0","VARY","support@whattoexpect.com","https://www.whattoexpect.com/privacy-policy","true","PARENTING","[object Object]","Everyone","true","1725347711000","https://play.google.com/store/apps/details?id=com.wte.view&hl=en&gl=us"
""com.microsoft.familysafety","PARENTING","Microsoft Family Safety","1,000,000+","1000000","4726094","8.0","VARY","FamilySafetyFeedback@microsoft.com","https://privacy.microsoft.com/en-us/privacystatement","true","PARENTING","[object Object]","Everyone","false","1710930259000","https://play.google.com/store/apps/details?id=com.microsoft.familysafety&hl=en&gl=us"
""com.huckleberry_labs.app","PARENTING","Huckleberry: Baby & Child","1,000,000+","1000000","1377144","8.0","VARY","support@huckleberry-labs.com","https://www.huckleberrycare.com/privacy-policy","true","PARENTING","[object Object]","Everyone","false","1724366858000","https://play.google.com/store/apps/details?id=com.huckleberry_labs.app&hl=en&gl=us"
""com.appclose.androidapp","PARENTING","AppClose: Co-Parent Essentials","500,000+","500000","740302","5.0","VARY","talktous@appclose.com","https://appclose.com/privacy.html","true","PARENTING","[object Object]","Everyone","false","1725409895000","https://play.google.com/store/apps/details?id=com.appclose.androidapp&hl=en&gl=us"
""cm.pt.barkparent","PARENTING","Bark - Parental Controls","500,000+","500000","671399","5.0","VARY","help@bark.us","https://www.bark.us/privacy","true","PARENTING","[object Object]","Everyone","false","1712254895000","https://play.google.com/store/apps/details?id=cm.pt.barkparent&hl=en&gl=us"
""com.becloser","PARENTING","Be Closer: Family location","10,000,000+","10000000","31849342","9","VARY","becloser@support-team.app","https://applabel.b-cdn.net/Applabel%20Privacy%20Policy.html","true","PARENTING","[object Object]","Everyone","true","1717485846000","https://play.google.com/store/apps/details?id=com.becloser&hl=en&gl=us"
""com.hp.pregnancy.lite","PARENTING","Pregnancy + | Tracker App","10,000,000+","10000000","46065600","8.0","VARY","support@pregnancyplus.app","https://info.philips-digital.com/PrivacyNotice?locale=en&country=US","true","PARENTING","[object Object]","Everyone","true","1721137553000","https://play.google.com/store/apps/details?id=com.hp.pregnancy.lite&hl=en&gl=us"
""app.kids360.parent","PARENTING","Kids360: Child Monitoring App","1,000,000+","1000000","4712844","7.0","VARY","support@kids360.app","https://kids360.app/en/privacy-policy","true","PARENTING","[object Object]","Everyone","false","1725638610000","https://play.google.com/store/apps/details?id=app.kids360.parent&hl=en&gl=us"
""com.sand.airdroidkidp","PARENTING","AirDroid Parental Control","5,000,000+","5000000","5922950","7.0","VARY","support@airdroid.com","https://www.airdroid.com/en/legal/privacy.html","true","PARENTING","[object Object]","Everyone","false","1725607502000","https://play.google.com/store/apps/details?id=com.sand.airdroidkidp&hl=en&gl=us"
""org.blubblub.app.speechblubs","PARENTING","Speech Blubs: Language Therapy","1,000,000+","1000000","3986143","5.1","VARY","hi@blubblub.org","https://speechblubs.com/legal/privacy-policy-for-applications/","true","PARENTING","[object Object]","Everyone","false","1725350452000","https://play.google.com/store/apps/details?id=org.blubblub.app.speechblubs&hl=en&gl=us"
""global.gps.location.tracker.kids","PARENTING","GPS Location Tracker For Kids","1,000,000+","1000000","2801709","8.0","VARY","support@kidstracker.pro","https://kidstracker.pro/docs/privacy-policy","true","PARENTING","[object Object]","Everyone","false","1721827843000","https://play.google.com/store/apps/details?id=global.gps.location.tracker.kids&hl=en&gl=us"
""com.pg.clubpampers.android.us","PARENTING","Pampers Club - Rewards & Deals","1,000,000+","1000000","2772489","9","VARY","proctergambleproductions@gmail.com","http://www.pg.com/privacy/english/privacy_notice.shtml","true","PARENTING","[object Object]","Everyone","false","1725315157000","https://play.google.com/store/apps/details?id=com.pg.clubpampers.android.us&hl=en&gl=us"
""com.antonio.family.locator.phone.tracker","PARENTING","Phone Tracker By Number in US","5,000,000+","5000000","6806399","7.0","VARY","molimolitoni95@gmail.com","https://awesomegamestudio.site/family-locator-policy.html","true","PARENTING","[object Object]","Everyone","true","1705083622000","https://play.google.com/store/apps/details?id=com.antonio.family.locator.phone.tracker&hl=en&gl=us"
""vision.pathfinder.iparent","PARENTING","Hearty App: Everyday Bonding","100,000+","100000","280006","7.0","VARY","techb@pathfinder.vision","https://static.pathfinder.vision/policy.html","true","PARENTING","[object Object]","Everyone","false","1723471375000","https://play.google.com/store/apps/details?id=vision.pathfinder.iparent&hl=en&gl=us"
""com.amazon.tahoe.freetime","PARENTING","Amazon Kids+: Books, Videos…","1,000,000+","1000000","3979427","8.0","VARY","freetime-mobile-app@amazon.com","https://www.amazon.com/gp/help/customer/display.html?nodeId=468496","true","PARENTING","[object Object]","Everyone","false","1724947705000","https://play.google.com/store/apps/details?id=com.amazon.tahoe.freetime&hl=en&gl=us"
""com.securly.pnphub","PARENTING","Securly Home","100,000+","100000","249323","5.0","VARY","homesupport@securly.com","https://www.securly.com/privacy","true","PARENTING","[object Object]","Everyone","false","1697105137000","https://play.google.com/store/apps/details?id=com.securly.pnphub&hl=en&gl=us"
""com.qustodio.family.parental.control.app.screentime","PARENTING","Qustodio Parental Control App","1,000,000+","1000000","4277021","7.0","VARY","info@qustodio.com","https://www.qustodio.com/family/privacy/","true","PARENTING","[object Object]","Everyone","false","1722852161000","https://play.google.com/store/apps/details?id=com.qustodio.family.parental.control.app.screentime&hl=en&gl=us"
""com.hearth.hearthcompanion","PARENTING","Hearth Companion App","1,000+","1000","1378","7.0","VARY","hello@hearthdisplay.com","https://hearthdisplay.com/policies/privacy-policy","true","PARENTING","[object Object]","Everyone","false","1724679078000","https://play.google.com/store/apps/details?id=com.hearth.hearthcompanion&hl=en&gl=us"
""com.neiman.contractions","PARENTING","Contraction Timer & Counter 9m","5,000,000+","5000000","5685016","5.0","VARY","neumandev@gmail.com","http://neumandev.wixsite.com/firstwords/ct-privacypolicy-en","true","PARENTING","[object Object]","Everyone","true","1723724896000","https://play.google.com/store/apps/details?id=com.neiman.contractions&hl=en&gl=us"
""com.happyfamily.coloringbook","PARENTING","Family Love Coloring Book","100,000+","100000","475942","5.1","VARY","contact@funkidstudio.com","https://funkidstudio.com/privacy-policy/","true","PARENTING","[object Object]","Everyone","true","1706054202000","https://play.google.com/store/apps/details?id=com.happyfamily.coloringbook&hl=en&gl=us"
""com.digitas.solidstarts","PARENTING","Solid Starts","500,000+","500000","992371","5.0","VARY","app@solidstarts.com","https://solidstarts.com/privacy-policy-2/","true","PARENTING","[object Object]","Everyone","false","1722372292000","https://play.google.com/store/apps/details?id=com.digitas.solidstarts&hl=en&gl=us"
""com.nanit.baby","PARENTING","Nanit","100,000+","100000","320384","8.0","VARY","support@nanit.com","https://www.nanit.com/legal/privacy","true","PARENTING","[object Object]","Everyone","false","1725444206000","https://play.google.com/store/apps/details?id=com.nanit.baby&hl=en&gl=us"
""com.tmobile.familycontrols","PARENTING","T-Mobile® FamilyMode™","100,000+","100000","465342","9","VARY","GooglePlaySupport@T-Mobile.com","https://www.t-mobile.com/privacy-center/our-practices/privacy-policy","true","PARENTING","[object Object]","Everyone","false","1715892806000","https://play.google.com/store/apps/details?id=com.tmobile.familycontrols&hl=en&gl=us"
""com.kinedu.appkinedu","PARENTING","Kinedu: Baby Development","5,000,000+","5000000","6449990","5.0","VARY","hola@kinedu.com","https://blog.kinedu.com/privacy-policy/","true","PARENTING","[object Object]","Everyone","true","1724350935000","https://play.google.com/store/apps/details?id=com.kinedu.appkinedu&hl=en&gl=us"
""com.talkingparents.tpandroid","PARENTING","TalkingParents: Co-Parent App","100,000+","100000","342459","9","VARY","support@talkingparents.com","https://talkingparents.com/privacy-policy","true","PARENTING","[object Object]","Everyone","false","1722968280000","https://play.google.com/store/apps/details?id=com.talkingparents.tpandroid&hl=en&gl=us"
""app.kids360.kid","PARENTING","Alli360 by Kids360","1,000,000+","1000000","1763679","7.0","VARY","info@kids360.app","https://kids360.app/docs/privacy_policy_en.html","true","PARENTING","[object Object]","Everyone","false","1725637676000","https://play.google.com/store/apps/details?id=app.kids360.kid&hl=en&gl=us"
""com.mmguardian.parentapp","PARENTING","MMGuardian Parental Control","1,000,000+","1000000","2362502","6.0","VARY","support@mmguardian.com","https://www.mmguardian.com/privacy","true","PARENTING","[object Object]","Everyone","false","1725629983000","https://play.google.com/store/apps/details?id=com.mmguardian.parentapp&hl=en&gl=us"
""com.flashget.parentalcontrol","PARENTING","FlashGet Kids:parental control","1,000,000+","1000000","4194709","7.0","VARY","support@flashget.com","https://www.flashget.com/privacy-policy","true","PARENTING","[object Object]","Everyone","false","1725853487000","https://play.google.com/store/apps/details?id=com.flashget.parentalcontrol&hl=en&gl=us"
""com.nighp.babytracker_android","PARENTING","Baby Tracker - Newborn Log","1,000,000+","1000000","2327690","6.0","VARY","babytracker@nighp.com","http://nighp.com/babytracker/privacy.html","true","PARENTING","[object Object]","Everyone","true","1721045285000","https://play.google.com/store/apps/details?id=com.nighp.babytracker_android&hl=en&gl=us"
""com.oubapps.po.ch","PARENTING","شرطة الأطفال - مكالمة وهمية","50,000,000+","50000000","56372120","5.0","VARY","real.dream.apps@gmail.com","https://rdapps.in/privacy/oubapps/com.oubapps.po.ch.html","true","PARENTING","[object Object]","Everyone","true","1725126943000","https://play.google.com/store/apps/details?id=com.oubapps.po.ch&hl=en&gl=us"
""com.app.findmesa","PARENTING","FindMesa","1,000,000+","1000000","1034194","5.0","VARY","findmesasuppor@hotmail.com","https://sites.google.com/view/findmesa-privacy-terms/","true","PARENTING","[object Object]","Everyone","false","1718690344000","https://play.google.com/store/apps/details?id=com.app.findmesa&hl=en&gl=us"
""com.naraorganics.nara","PARENTING","Baby Tracker by Nara","50,000+","50000","93690","5.0","VARY","help@narababy.com","https://narababy.com/pages/nara-baby-tracker-privacy","true","PARENTING","[object Object]","Everyone","false","1722928442000","https://play.google.com/store/apps/details?id=com.naraorganics.nara&hl=en&gl=us"
""com.canopy.vpn.filter.parent","PARENTING","Canopy - Parental Control App","50,000+","50000","60918","5.0","VARY","help@canopy.us","https://canopy.us/privacy-policy","true","PARENTING","[object Object]","Everyone","false","1700980485000","https://play.google.com/store/apps/details?id=com.canopy.vpn.filter.parent&hl=en&gl=us"
""com.codefit.trackerapp","PARENTING","GPS Phone Location Tracker","100,000+","100000","374595","5.0","VARY","geologapp@outlook.com","https://sites.google.com/view/geolog-privacy-policy-news/","true","PARENTING","[object Object]","Everyone","false","1714488395000","https://play.google.com/store/apps/details?id=com.codefit.trackerapp&hl=en&gl=us"
""bebi.family.baby.photo.album","PARENTING","Baby Photo Editor","100,000+","100000","220830","7.0","VARY","gallery@fndr.ge","https://bebi.family/en/about/privacy-policy","true","PARENTING","[object Object]","Everyone","false","1708713221000","https://play.google.com/store/apps/details?id=bebi.family.baby.photo.album&hl=en&gl=us"
""com.pg.smartsleepcoach","PARENTING","Smart Sleep Coach by Pampers™","100,000+","100000","124813","9","VARY","support@smartsleepcoach.com","https://privacypolicy.pg.com/en-US/#statePrivacyNotice","true","PARENTING","[object Object]","Everyone","false","1724158975000","https://play.google.com/store/apps/details?id=com.pg.smartsleepcoach&hl=en&gl=us"
""pr.gahvare.gahvare","PARENTING","گهواره تربیت کودک و بارداری","1,000,000+","1000000","1178034","5.0","VARY","gahvarefamily@gmail.com","https://gahvare.net/terms","true","PARENTING","[object Object]","Everyone","false","1724740879000","https://play.google.com/store/apps/details?id=pr.gahvare.gahvare&hl=en&gl=us"
""com.saby.babymonitor3g","PARENTING","Baby Monitor Saby. 3G BabyCam","1,000,000+","1000000","2266734","5.0","VARY","saby@saby.app","https://saby.app/privacy-policy","true","PARENTING","[object Object]","Everyone","true","1722281665000","https://play.google.com/store/apps/details?id=com.saby.babymonitor3g&hl=en&gl=us"
""com.diveomedia.little.stories.bedtime.books.kids","PARENTING","Little Stories: Bedtime Books","1,000,000+","1000000","2788378","6.0","VARY","abc@diveomedia.com","https://diveomedia.com/little-stories/privacy-policy/en.html","true","PARENTING","[object Object]","Everyone","false","1725024377000","https://play.google.com/store/apps/details?id=com.diveomedia.little.stories.bedtime.books.kids&hl=en&gl=us"
""com.ourfamilywizard","PARENTING","OurFamilyWizard Co-Parent App","100,000+","100000","448579","8.0","VARY","info@OurFamilyWizard.com","http://www.ourfamilywizard.com/ofw/index.cfm/privacy-policy/","true","PARENTING","[object Object]","Everyone","false","1723257687000","https://play.google.com/store/apps/details?id=com.ourfamilywizard&hl=en&gl=us"
""com.rb.enfamil","PARENTING","Enfamil: Baby Rewards Tracker®","100,000+","100000","286398","5.0","VARY","EnfamilResourceCenter@Enfamil.com","https://www.enfamil.com/privacy-policy","true","PARENTING","[object Object]","Everyone","true","1725290386000","https://play.google.com/store/apps/details?id=com.rb.enfamil&hl=en&gl=us"
""com.locatormidgard.findnumber","PARENTING","Phone Number Location Tracker","100,000+","100000","467531","9","VARY","findnumbersupport@proton.me","https://sites.google.com/view/privacy-findnumber/ana-sayfa?read_current=1","true","PARENTING","[object Object]","Everyone","false","1719144335000","https://play.google.com/store/apps/details?id=com.locatormidgard.findnumber&hl=en&gl=us"
""androidgecko.com.himommy","PARENTING","HiMommy: Pregnancy Tracker App","500,000+","500000","936077","8.0","VARY","support@himommyapp.com","https://himommy.app/en/pages/himommy-privacy-policy","true","PARENTING","[object Object]","Everyone","true","1725454272000","https://play.google.com/store/apps/details?id=androidgecko.com.himommy&hl=en&gl=us"
""com.baby_sleep_sounds","PARENTING","Baby Sleep Sounds","5,000+","5000","6420","5.0","VARY","simplemobapps@gmail.com","https://www.babypleasesleep.com/privacy-policy","true","PARENTING","[object Object]","Everyone","true","1724677237000","https://play.google.com/store/apps/details?id=com.baby_sleep_sounds&hl=en&gl=us"
""com.sunny.monster.maker","PARENTING","Monster Maker","1,000,000+","1000000","1072389","4.4","VARY","sunnykidgames@gmail.com","http://sunnydreamsgames.com/privacy_policy.html","true","PARENTING","[object Object]","Everyone","true","1722877119000","https://play.google.com/store/apps/details?id=com.sunny.monster.maker&hl=en&gl=us"
""com.women.pregnancytrackerapp22","PARENTING","Pregnancy Tracker, Maternity","1,000,000+","1000000","4730355","5.0","VARY","hilary.duff.49@gmail.com","https://pregnancytrackermaternity.blogspot.com/p/privacy-policy.html","true","PARENTING","[object Object]","Everyone","true","1722525594000","https://play.google.com/store/apps/details?id=com.women.pregnancytrackerapp22&hl=en&gl=us"
""com.wachanga.pregnancy","PARENTING","Pregnancy and Due Date Tracker","5,000,000+","5000000","8726839","9","VARY","team@wachanga.com","https://wachanga.com/en/page/privacy","true","PARENTING","[object Object]","Everyone","true","1725910120000","https://play.google.com/store/apps/details?id=com.wachanga.pregnancy&hl=en&gl=us"
""com.hubblebaby.nursery","PARENTING","HubbleClub By Hubble Connected","100,000+","100000","224315","5.0","VARY","support@hubbleconnected.com","https://hubbleconnected.com/geo_redirect/privacy.php","true","PARENTING","[object Object]","Everyone","false","1725029303000","https://play.google.com/store/apps/details?id=com.hubblebaby.nursery&hl=en&gl=us"
""com.xogrp.thebump","PARENTING","Pregnancy App & Baby Tracker","1,000,000+","1000000","1725269","9","VARY","appfeedback@xogrp.com","https://www.theknotww.com/privacy-policy/","true","PARENTING","[object Object]","Everyone","true","1722418016000","https://play.google.com/store/apps/details?id=com.xogrp.thebump&hl=en&gl=us"
""com.appbards.baby.heartbeat.monitor","PARENTING","Hear My Baby Heartbeat Monitor","100,000+","100000","168243","8.0","VARY","appbards@gmail.com","https://appbards.github.io/privacy-policy.html","true","PARENTING","[object Object]","Everyone","false","1723671468000","https://play.google.com/store/apps/details?id=com.appbards.baby.heartbeat.monitor&hl=en&gl=us"
""com.orange.magic.board.doodle.coloring","PARENTING","Magic Board - Doodle & Color","1,000,000+","1000000","4132279","4.4","VARY","orangegstudios@gmail.com","http://orangestudiosgames.com/privacy_policy.html","true","PARENTING","[object Object]","Everyone","true","1724877921000","https://play.google.com/store/apps/details?id=com.orange.magic.board.doodle.coloring&hl=en&gl=us"
""com.evoprox.morningroutines","PARENTING","Happy Kids Timer Chores","1,000,000+","1000000","1799289","8.0","VARY","info@happykidstimer.com","https://happykidstimer.com/privacy_policy.html","true","PARENTING","[object Object]","Everyone","false","1724400675000","https://play.google.com/store/apps/details?id=com.evoprox.morningroutines&hl=en&gl=us"
""ru.drivepixels.babyname","PARENTING","Babyname","500,000+","500000","655237","7.0","VARY","hi@dsg.do","http://babyname-app.com/privacy.html","true","PARENTING","[object Object]","Everyone","true","1719388156000","https://play.google.com/store/apps/details?id=ru.drivepixels.babyname&hl=en&gl=us"
""com.arjonasoftware.babycam","PARENTING","BabyCam - Baby Monitor Camera","1,000,000+","1000000","2909219","4.4","VARY","app.babycam@gmail.com","https://arjonasoftware.ovh/babycam/privacy-policy.html","true","PARENTING","[object Object]","Everyone","true","1725067495000","https://play.google.com/store/apps/details?id=com.arjonasoftware.babycam&hl=en&gl=us"
""org.commonsensemedia.mobile","PARENTING","Common Sense Media","10,000+","10000","28282","5.0","VARY","appsupport@commonsense.org","https://www.commonsensemedia.org/about-us/our-mission/privacy-policy","true","PARENTING","[object Object]","Everyone","false","1721855402000","https://play.google.com/store/apps/details?id=org.commonsensemedia.mobile&hl=en&gl=us"
""pl.trpaslik.babynoise","PARENTING","White Noise: Baby Sleep Sounds","1,000,000+","1000000","1374371","5.0","VARY","support.whitenoise@zipoapps.com","https://zipoapps.com/whitenoise/privacy","true","PARENTING","[object Object]","Everyone","true","1700121635000","https://play.google.com/store/apps/details?id=pl.trpaslik.babynoise&hl=en&gl=us"
""ru.mobiledimension.kbr","PARENTING","Pregnancy Tracker: amma","10,000,000+","10000000","19429710","7.0","VARY","help@amma.family","https://amma.family/privacy_policy/en","true","PARENTING","[object Object]","Everyone","true","1725968710000","https://play.google.com/store/apps/details?id=ru.mobiledimension.kbr&hl=en&gl=us"
""com.family.locator.find.my.kids","PARENTING","Family Tracker by Phone Number","5,000,000+","5000000","8088347","5.0","VARY","StunningLibrary@gmail.com","https://sites.google.com/view/family-tracker-by-phone-number/home","true","PARENTING","[object Object]","Everyone","true","1725587377000","https://play.google.com/store/apps/details?id=com.family.locator.find.my.kids&hl=en&gl=us"
""com.wachanga.contractions","PARENTING","Contraction Timer & Counter","1,000,000+","1000000","1164919","9","VARY","team@wachanga.com","https://wachanga.com/privacy","true","PARENTING","[object Object]","Everyone","true","1725286755000","https://play.google.com/store/apps/details?id=com.wachanga.contractions&hl=en&gl=us"
""com.safelagoon.parenting","PARENTING","Safe Lagoon Parental Control","500,000+","500000","521369","7.0","VARY","support@safelagoon.com","https://safelagoon.crunch.help/en/help-center/privacy-policy","true","PARENTING","[object Object]","Everyone","false","1725900507000","https://play.google.com/store/apps/details?id=com.safelagoon.parenting&hl=en&gl=us"
""by.si.soundsleeper.free","PARENTING","Sound Sleeper - White Noise","500,000+","500000","675622","4.1","VARY","soundsleeperapp@gmail.com","https://drive.google.com/file/d/1ha7y73yx7NrhsKSX33SaS2_MwfDyGuq2/view?usp=sharing","true","PARENTING","[object Object]","Everyone","false","1702407649000","https://play.google.com/store/apps/details?id=by.si.soundsleeper.free&hl=en&gl=us"
""com.goodinside.gimobile","PARENTING","Good Inside: Parenting","5,000+","5000","7660","7.0","VARY","support@goodinside.com","https://www.goodinside.com/privacy-policy/","true","PARENTING","[object Object]","Everyone","false","1723829376000","https://play.google.com/store/apps/details?id=com.goodinside.gimobile&hl=en&gl=us"
""cz.masterapp.annie3","PARENTING","Annie Baby Monitor: Nanny Cam","500,000+","500000","502796","8.0","VARY","support@anniebabymonitor.com","https://www.anniebabymonitor.com/privacy-policy","true","PARENTING","[object Object]","Everyone","false","1725257956000","https://play.google.com/store/apps/details?id=cz.masterapp.annie3&hl=en&gl=us"
""com.motorola.spaces","PARENTING","Family Space","50,000,000+","50000000","75155795","12","VARY","playstor@motorola.com","http://www.motorola.com/device-privacy","true","PARENTING","[object Object]","Everyone","false","1718748399000","https://play.google.com/store/apps/details?id=com.motorola.spaces&hl=en&gl=us"
""com.BabyName.start","PARENTING","Baby Name Together","1,000,000+","1000000","1336577","5.1","VARY","contact@linkinet.eu","http://www.babynametogether.com/privacy_policy.html","true","PARENTING","[object Object]","Everyone","true","1716848471000","https://play.google.com/store/apps/details?id=com.BabyName.start&hl=en&gl=us"
""com.easymobs.pregnancy","PARENTING","Pregnancy App","5,000,000+","5000000","8088462","6.0","VARY","developers.amila@gmail.com","https://amila.io/apps/privacy/privacy.html","true","PARENTING","[object Object]","Everyone","true","1725798105000","https://play.google.com/store/apps/details?id=com.easymobs.pregnancy&hl=en&gl=us"
""com.amila.parenting","PARENTING","Baby tracker - feeding, sleep","1,000,000+","1000000","2613655","8.0","VARY","developers.amila@gmail.com","https://amila.io/apps/privacy/privacy.html","true","PARENTING","[object Object]","Everyone","true","1725795801000","https://play.google.com/store/apps/details?id=com.amila.parenting&hl=en&gl=us"
""com.applicaster.babytv.vod","PARENTING","BabyTV - Kids Videos & Songs","1,000,000+","1000000","3322531","5.0","VARY","support@babytvchannel.com","https://www.babytv.com/privacy-policy/","true","PARENTING","[object Object]","Everyone","false","1723638640000","https://play.google.com/store/apps/details?id=com.applicaster.babytv.vod&hl=en&gl=us"
""com.tinybeans","PARENTING","Tinybeans Private Family Album","500,000+","500000","640131","8.0","VARY","info@tinybeans.com","https://tinybeans.com/mobile/privacy/","true","PARENTING","[object Object]","Everyone","true","1722433506000","https://play.google.com/store/apps/details?id=com.tinybeans&hl=en&gl=us"
""com.babyappsleepysounds","PARENTING","Baby Sleep Sounds: White Noise","50,000+","50000","77510","5.0","VARY","simplemobapps@gmail.com","https://www.babysleepysounds.com/privacy-policy","true","PARENTING","[object Object]","Everyone","true","1719998641000","https://play.google.com/store/apps/details?id=com.babyappsleepysounds&hl=en&gl=us"
""com.clevguard.kidsguardpro.parent","PARENTING","KidsGuard Pro-Phone Monitoring","500,000+","500000","762386","8.0","VARY","support@clevguard.com","https://www.clevguard.com/privacy-policy/","true","PARENTING","[object Object]","Everyone","false","1722427898000","https://play.google.com/store/apps/details?id=com.clevguard.kidsguardpro.parent&hl=en&gl=us"
""com.supportpay","PARENTING","SupportPay: Share Family Bills","100,000+","100000","166553","5.0","VARY","help@supportpay.com","http://supportpay.com/privacy-policy/","true","PARENTING","[object Object]","Everyone","false","1724856546000","https://play.google.com/store/apps/details?id=com.supportpay&hl=en&gl=us"
""com.coquisoft.parentlove","PARENTING","Baby & Breastfeeding Tracker","100,000+","100000","353906","5.0","VARY","Care@ParentLove.me","https://www.ParentLove.me/policies/PrivacyPolicy.htm","true","PARENTING","[object Object]","Everyone","true","1725562435000","https://play.google.com/store/apps/details?id=com.coquisoft.parentlove&hl=en&gl=us"
""family.tracker.my","PARENTING","My Family - Family Locator","5,000,000+","5000000","8603824","5.0","VARY","support@friendzy.tech","https://friendzy.tech/MyFamilyPrivacyPolicy/","true","PARENTING","[object Object]","Everyone","false","1725953696000","https://play.google.com/store/apps/details?id=family.tracker.my&hl=en&gl=us"
""com.pathwaysapp","PARENTING","Pathways.org Baby Milestones","10,000+","10000","43507","6.0","VARY","friends@pathways.org","https://pathways.org/privacy-policy/","true","PARENTING","[object Object]","Everyone","false","1725050840000","https://play.google.com/store/apps/details?id=com.pathwaysapp&hl=en&gl=us"
""fake.police.calls","PARENTING","Fake Police Calls","100,000+","100000","114944","5.0","VARY","maaz.kom@gmail.com","https://www.maazkamal.com/policy.html","true","PARENTING","[object Object]","Everyone","false","1719180600000","https://play.google.com/store/apps/details?id=fake.police.calls&hl=en&gl=us"
""jp.firstascent.cryanalyzer","PARENTING","CryAnalyzer - baby translator","1,000,000+","1000000","2429542","5.0","VARY","info@cry-analyzer.com","http://cry-analyzer.com/contents/privacy.html","true","PARENTING","[object Object]","Everyone","false","1721469087000","https://play.google.com/store/apps/details?id=jp.firstascent.cryanalyzer&hl=en&gl=us"
""io.familytime.dashboard","PARENTING","Parental Control FamilyTime","1,000,000+","1000000","3709702","7.0","VARY","support@familytime.io","https://familytime.io/legal/app-privacy-policy.html","true","PARENTING","[object Object]","Everyone","true","1724160632000","https://play.google.com/store/apps/details?id=io.familytime.dashboard&hl=en&gl=us"
""com.blinkhd","PARENTING","Hubble Connected for Motorola","1,000,000+","1000000","1985723","5.0","VARY","support@hubbleconnected.com","https://hubbleconnected.com/geo_redirect/privacy.php","true","PARENTING","[object Object]","Everyone","false","1717501453000","https://play.google.com/store/apps/details?id=com.blinkhd&hl=en&gl=us"
""com.realdream.kidspolice_sp","PARENTING","Policía de niños - para padres","5,000,000+","5000000","9518703","5.0","VARY","real.dream.apps@gmail.com","https://rdapps.in/privacy/kidsPolice/com.realdream.kidspolice_sp.html","true","PARENTING","[object Object]","Everyone","true","1720608398000","https://play.google.com/store/apps/details?id=com.realdream.kidspolice_sp&hl=en&gl=us"
""com.babyg","PARENTING","Baby Development & Milestones","100,000+","100000","360408","7.0","VARY","contact@babyg.app","https://www.privacypolicies.com/live/7185a396-f358-4a7d-8c33-7d4813eedb46","true","PARENTING","[object Object]","Everyone","false","1725862343000","https://play.google.com/store/apps/details?id=com.babyg&hl=en&gl=us"
""fr.wemoms","PARENTING","WeMoms Pregnancy Baby Tracker","1,000,000+","1000000","1680235","9","VARY","contact@wemoms.fr","http://www.wemoms.com/privacy/","true","PARENTING","[object Object]","Teen","true","1725878847000","https://play.google.com/store/apps/details?id=fr.wemoms&hl=en&gl=us"
""com.angelsense.mobile","PARENTING","AngelSense Guardian","50,000+","50000","61745","11","VARY","support@angelsense.com","https://www.angelsense.com/term-and-conditions/","true","PARENTING","[object Object]","Everyone","false","1721214698000","https://play.google.com/store/apps/details?id=com.angelsense.mobile&hl=en&gl=us"
""com.hp.babyapp","PARENTING","Baby + | Your Baby Tracker","5,000,000+","5000000","6274927","8.0","VARY","support@babyplus.app","https://info.health-and-parenting.com/PrivacyNotice?locale=en&country=US","true","PARENTING","[object Object]","Everyone","true","1715786798000","https://play.google.com/store/apps/details?id=com.hp.babyapp&hl=en&gl=us"
""jp.co.sakabou.piyolog","PARENTING","PiyoLog: Newborn Baby Tracker","1,000,000+","1000000","1091537","VARY","VARY","info@sakabou.co.jp","http://www.sakabou.co.jp/app/piyolog/privacy_en.html","true","PARENTING","[object Object]","Everyone","true","1722928421000","https://play.google.com/store/apps/details?id=jp.co.sakabou.piyolog&hl=en&gl=us"
""com.ns804.mamava","PARENTING","Mamava - Breastfeed on the Go","50,000+","50000","81217","5.0","VARY","Hello@Mamava.com","http://www.mamava.com/privacy-policy","true","PARENTING","[object Object]","Everyone","true","1725032183000","https://play.google.com/store/apps/details?id=com.ns804.mamava&hl=en&gl=us"
""com.wingboat.AllowanceBot","PARENTING","Chores & Allowance Bot","100,000+","100000","144992","9","VARY","support@wingboat.com","http://wingboat.com/Privacy_Policy.html","true","PARENTING","[object Object]","Everyone","false","1706940459000","https://play.google.com/store/apps/details?id=com.wingboat.AllowanceBot&hl=en&gl=us"
""maybebaby.getpregnant.getbaby.flo","PARENTING","Ovulation Calendar & Fertility","5,000,000+","5000000","5324336","5.0","VARY","support@leap.app","https://leap.app/privacypolicy.html?pkg=maybebaby.getpregnant.getbaby.flo","true","PARENTING","[object Object]","Everyone","true","1693880924000","https://play.google.com/store/apps/details?id=maybebaby.getpregnant.getbaby.flo&hl=en&gl=us"
""com.evenflo.sensorsafe","PARENTING","Evenflo SensorSafe","10,000+","10000","25232","12","VARY","support@sensorsafeapp.com","https://sensorsafeapp.com/dpp.html","true","PARENTING","[object Object]","Everyone","false","1723794931000","https://play.google.com/store/apps/details?id=com.evenflo.sensorsafe&hl=en&gl=us"
""org.dreamoriented.leeloo","PARENTING","Leeloo AAC - Autism Speech App","100,000+","100000","235449","5.0","VARY","info@dreamoriented.org","https://www.dreamoriented.org/privacypolicy/","true","PARENTING","[object Object]","Everyone","false","1688309762000","https://play.google.com/store/apps/details?id=org.dreamoriented.leeloo&hl=en&gl=us"
""com.mightybell.thereconnected","PARENTING","The Reconnected","10,000+","10000","27301","7.1","VARY","help@mightynetworks.com","https://www.mightynetworks.com/privacy-policy","true","PARENTING","[object Object]","Teen","false","1725608667000","https://play.google.com/store/apps/details?id=com.mightybell.thereconnected&hl=en&gl=us"
""com.screentime.rc","PARENTING","Screen Time - Parental Control","1,000,000+","1000000","4386042","7.0","VARY","support@screentimelabs.com","https://screentimelabs.com/privacy","true","PARENTING","[object Object]","Everyone","false","1725628210000","https://play.google.com/store/apps/details?id=com.screentime.rc&hl=en&gl=us"
""viticly.intrudersfinder","PARENTING","Find who's spying my phone","500,000+","500000","663763","8.0","VARY","support@viticly.com","https://sites.google.com/view/viticly-privacy-policy/accueil","true","PARENTING","[object Object]","Everyone","true","1715013177000","https://play.google.com/store/apps/details?id=viticly.intrudersfinder&hl=en&gl=us"
""com.hifamily.hidaddy","PARENTING","HiDaddy: Pregnancy app for Dad","50,000+","50000","71374","8.0","VARY","support@himommyapp.com","https://himommy.app/en/pages/himommy-privacy-policy","true","PARENTING","[object Object]","Everyone","true","1724942307000","https://play.google.com/store/apps/details?id=com.hifamily.hidaddy&hl=en&gl=us"
""ro.heykids.povesti.desene.app","PARENTING","Bedtime Stories - HeyKids","1,000,000+","1000000","1825940","5.0","VARY","contact@vveee.com","https://www.animaj.com/privacy-policy","true","PARENTING","[object Object]","Everyone","false","1695032574000","https://play.google.com/store/apps/details?id=ro.heykids.povesti.desene.app&hl=en&gl=us"
""io.neatkid.android","PARENTING","NeatKid - Daily Kids Chore App","100+","100","275","6.0","VARY","support@neatkid.io","https://neatkid.io/privacy-policy/","true","PARENTING","[object Object]","Everyone","false","1725552363000","https://play.google.com/store/apps/details?id=io.neatkid.android&hl=en&gl=us"
""com.speakeasy.community","PARENTING","SpeakEasy: Home Speech Therapy","100,000+","100000","252923","8.0","VARY","hello@speakeasycommunity.com","https://speakeasycommunity.com/privacy_policy","true","PARENTING","[object Object]","Everyone","false","1708981207000","https://play.google.com/store/apps/details?id=com.speakeasy.community&hl=en&gl=us"
""gov.in.isdh.askliv","PARENTING","Liv – Pregnancy App","10,000+","10000","33563","5.1","VARY","AskLiv@isdh.in.gov","https://askliv.com/#/privacy","true","PARENTING","[object Object]","Everyone","false","1709570115000","https://play.google.com/store/apps/details?id=gov.in.isdh.askliv&hl=en&gl=us"
""com.urbansitter.android","PARENTING","UrbanSitter - Find a Caregiver","100,000+","100000","298765","8.0","VARY","playstore@urbansitter.com","https://www.urbansitter.com/privacy-policy","true","PARENTING","[object Object]","Everyone","false","1724867938000","https://play.google.com/store/apps/details?id=com.urbansitter.android&hl=en&gl=us"
""com.drillyapps.babydaybook","PARENTING","Baby Daybook - Newborn Tracker","1,000,000+","1000000","2199167","VARY","VARY","support@babydaybook.app","https://babydaybook.app/privacy-policy/","true","PARENTING","[object Object]","Everyone","true","1725718730000","https://play.google.com/store/apps/details?id=com.drillyapps.babydaybook&hl=en&gl=us"
""com.aumio.baby","PARENTING","Happy Baby Sleep & Development","10,000+","10000","33094","5.0","VARY","contact@aumio.de","https://www.aumio.com/rechtliches/datenschutz","true","PARENTING","[object Object]","Everyone","false","1725549839000","https://play.google.com/store/apps/details?id=com.aumio.baby&hl=en&gl=us"
""com.symantec.familysafety","PARENTING","Norton Family Parental Control","1,000,000+","1000000","1698199","8.0","VARY","nortonfamily_support@nortonlifelock.com","https://www.nortonlifelock.com/privacy/gps-english","true","PARENTING","[object Object]","Everyone","false","1721892204000","https://play.google.com/store/apps/details?id=com.symantec.familysafety&hl=en&gl=us"
""net.cleverbit.VegeFruits","PARENTING","Fruits and Vegetables for Kids","5,000,000+","5000000","6404456","5.0","VARY","support@cleverbit.net","http://cleverbit.net/en/privacy-policy.htm","true","PARENTING","[object Object]","Everyone","true","1722431149000","https://play.google.com/store/apps/details?id=net.cleverbit.VegeFruits&hl=en&gl=us"
""kz.sirius.kidssecurity","PARENTING","Parental Control App Blocker","1,000,000+","1000000","3332924","5.0","VARY","support@kidsecurity.net","https://kidsecurity.org/en/privacy_policy/","true","PARENTING","[object Object]","Everyone","false","1724254424000","https://play.google.com/store/apps/details?id=kz.sirius.kidssecurity&hl=en&gl=us"
""app.mamana","PARENTING","مامانا | بارداری هفته به هفته","10,000+","10000","10932","6.0","VARY","mamana.app@gmail.com","https://drive.google.com/file/d/1r2lctEQaYCvBfhFwkiG1vuqGCJFJIrhO/view?usp=sharing","true","PARENTING","[object Object]","Everyone","false","1719919487000","https://play.google.com/store/apps/details?id=app.mamana&hl=en&gl=us"
""com.verdantlabs.nametrix","PARENTING","Baby Name Genius by Nametrix","100,000+","100000","300785","6.0","VARY","nametrix@gmail.com","https://babynamegenius.com/app/privacy","true","PARENTING","[object Object]","Everyone","true","1723593379000","https://play.google.com/store/apps/details?id=com.verdantlabs.nametrix&hl=en&gl=us"
""com.PlayTale.BedtimeStories","PARENTING","Bedtime Stories with Lullabies","100,000+","100000","318704","5.1","VARY","PlayTaleForKids@gmail.com","https://sites.google.com/view/bedtimestories-privacypolicy","true","PARENTING","[object Object]","Everyone","false","1722941893000","https://play.google.com/store/apps/details?id=com.PlayTale.BedtimeStories&hl=en&gl=us"
""com.unboundapplications.theshortyears","PARENTING","The Short Years Baby Book","50,000+","50000","78246","5.1","VARY","admin@unboundapplications.com","https://www.theshortyearsbooks.com/privacy-policy","true","PARENTING","[object Object]","Everyone","true","1717544542000","https://play.google.com/store/apps/details?id=com.unboundapplications.theshortyears&hl=en&gl=us"
""com.childreward","PARENTING","Child Reward","100,000+","100000","126311","5.0","VARY","childreward@gmail.com","https://childrewardapp.com/privacy-policy","true","PARENTING","[object Object]","Everyone","false","1721677228000","https://play.google.com/store/apps/details?id=com.childreward&hl=en&gl=us"
""com.babysparks.babysparks","PARENTING","BabySparks - Development Activ","1,000,000+","1000000","3848251","5.0","VARY","info@babysparks.com","http://babysparks.com/privacy","true","PARENTING","[object Object]","Everyone","false","1724523717000","https://play.google.com/store/apps/details?id=com.babysparks.babysparks&hl=en&gl=us"
""app.storybook.story","PARENTING","Storybook: Calm Bedtime, Sleep","1,000,000+","1000000","1978197","5.0","VARY","info@familify.com","https://storybook-app.com/privacy-policy/","true","PARENTING","[object Object]","Everyone","false","1725906608000","https://play.google.com/store/apps/details?id=app.storybook.story&hl=en&gl=us"
""com.babysits","PARENTING","Babysits - Find Babysitters","1,000,000+","1000000","1012610","7.0","VARY","m.feedback.android@babysits.org","https://www.babysits.com/privacy/","true","PARENTING","[object Object]","Everyone","false","1724334037000","https://play.google.com/store/apps/details?id=com.babysits&hl=en&gl=us"
""app.kidplay.pottywhiz","PARENTING","Potty Whiz: Potty Training Log","100,000+","100000","145112","8.0","VARY","help@kidplay.tech","https://kidplay.app/privacy-policy/","true","PARENTING","[object Object]","Everyone","true","1724276238000","https://play.google.com/store/apps/details?id=app.kidplay.pottywhiz&hl=en&gl=us"
""com.aethiumapps.babylight","PARENTING","BabyLight - Baby Night Light","100,000+","100000","227599","5.0","VARY","aethium.apps@gmail.com","https://docs.google.com/document/d/e/2PACX-1vSYlqGG1NGMKxXHEfEEpXm1iYQIyFB12AaE88m98khN-rPwHlkuTlauJDiZMYs_aKUqb3NR-AGBuCO0/pub","true","PARENTING","[object Object]","Everyone","false","1723278563000","https://play.google.com/store/apps/details?id=com.aethiumapps.babylight&hl=en&gl=us"
""com.sgfamily.sgparentsstat","PARENTING","XLoger","50,000+","50000","85341","7.0","VARY","omererkol54@gmail.com","https://ism-soft.xyz/Privacy_Policy.html","true","PARENTING","[object Object]","Everyone","false","1722357289000","https://play.google.com/store/apps/details?id=com.sgfamily.sgparentsstat&hl=en&gl=us"
""com.whisperarts.erby","PARENTING","Breastfeeding tracker Pump log","100,000+","100000","494990","6.0","VARY","support@whisperarts.com","https://demappsllc.com/policy/erby/android","true","PARENTING","[object Object]","Everyone","true","1724852346000","https://play.google.com/store/apps/details?id=com.whisperarts.erby&hl=en&gl=us"
""com.kidoprotect.app","PARENTING","Kido Protect Parental Control","100,000+","100000","116750","9","VARY","kidoprotect@gmail.com","https://www.kidoprotect.com/privacy-policy/","true","PARENTING","[object Object]","Everyone","false","1723146567000","https://play.google.com/store/apps/details?id=com.kidoprotect.app&hl=en&gl=us"
""com.glow.android.nurture","PARENTING","Glow: Track. Shop. Nurture.","1,000,000+","1000000","1410689","6.0","VARY","info@glowing.com","https://glowing.com/privacy","true","PARENTING","[object Object]","Teen","true","1724733849000","https://play.google.com/store/apps/details?id=com.glow.android.nurture&hl=en&gl=us"
""com.glow.android.baby","PARENTING","Glow: Track. Shop. Growth.","1,000,000+","1000000","1431755","5.0","VARY","info@glowing.com","https://glowing.com/privacy","true","PARENTING","[object Object]","Everyone","true","1724145489000","https://play.google.com/store/apps/details?id=com.glow.android.baby&hl=en&gl=us"
""com.enbyin.babylanguage","PARENTING","Baby Language","1,000,000+","1000000","1215986","5.0","VARY","support@enbyin.com","https://www.babylanguage.info/privacy","true","PARENTING","[object Object]","Everyone","false","1695985761000","https://play.google.com/store/apps/details?id=com.enbyin.babylanguage&hl=en&gl=us"
""com.charlie_names.charlies_names","PARENTING","Baby Names / First Names 2024","1,000,000+","1000000","1331296","5.1","VARY","hello@charlies-names.com","http://charlies-names.com/en/privacy-app/","true","PARENTING","[object Object]","Everyone","false","1712908291000","https://play.google.com/store/apps/details?id=com.charlie_names.charlies_names&hl=en&gl=us"
""com.pregnancy.tracker.due.date.countdown.contraction.timer","PARENTING","Momly: Pregnancy App & Tracker","1,000,000+","1000000","4181800","7.0","VARY","support@listonic.com","https://s3-eu-west-1.amazonaws.com/pregnancytracker.listonic.com/pregnancy_tracker_privacy.html","true","PARENTING","[object Object]","Everyone","true","1725535198000","https://play.google.com/store/apps/details?id=com.pregnancy.tracker.due.date.countdown.contraction.timer&hl=en&gl=us"
""com.bebi.family.baby.rattle","PARENTING","Baby Rattle: Giggles & Lullaby","100,000+","100000","292054","5.1","VARY","info@bebi.family","https://bebi.family/privacy-policy/","true","PARENTING","[object Object]","Everyone","false","1724240653000","https://play.google.com/store/apps/details?id=com.bebi.family.baby.rattle&hl=en&gl=us"
""com.pregnancy.due.date.calculator.tracker","PARENTING","Pregnancy Calculator: Due Date","1,000,000+","1000000","2026277","5.0","VARY","ukomrt@gmail.com","https://calculator-online.net/privacy-policy/","true","PARENTING","[object Object]","Everyone","true","1724321566000","https://play.google.com/store/apps/details?id=com.pregnancy.due.date.calculator.tracker&hl=en&gl=us"
""com.stanislau.bedtime.audio.stories.kids","PARENTING","Bedtime Stories for Kids Sleep","500,000+","500000","756753","5.1","VARY","info.stasapps@gmail.com","https://storystas.com/privacy-policy-bedtime-stories.html","true","PARENTING","[object Object]","Everyone","true","1720514865000","https://play.google.com/store/apps/details?id=com.stanislau.bedtime.audio.stories.kids&hl=en&gl=us"
""com.absolute.magicweavestories","PARENTING","Magic Weave AI bedtime stories","100+","100","267","5.0","VARY","absoluteverse.ai@gmail.com","https://www.magicweave.app/privacy-policy","true","PARENTING","[object Object]","Everyone","false","1725847960000","https://play.google.com/store/apps/details?id=com.absolute.magicweavestories&hl=en&gl=us"
""com.babyTranslator.bankr0t","PARENTING","Baby Translator & Cry Analyzer","100,000+","100000","207230","5.1","VARY","bankrot6@gmail.com","https://docs.google.com/document/d/1E7q-yHYaRsBr5oRYPAdcqdC0-5mgsnrj5ey4RrvQ674/edit?usp=sharing","true","PARENTING","[object Object]","Everyone","false","1721981748000","https://play.google.com/store/apps/details?id=com.babyTranslator.bankr0t&hl=en&gl=us"
""com.sunny.paint.learn.animals","PARENTING","Paint and Learn Animals","5,000,000+","5000000","9587991","5.1","VARY","sunnykidgames@gmail.com","http://sunnydreamsgames.com/privacy_policy.html","true","PARENTING","[object Object]","Everyone","true","1719241969000","https://play.google.com/store/apps/details?id=com.sunny.paint.learn.animals&hl=en&gl=us"
""com.pinwheel.caregiver","PARENTING","Pinwheel Caregiver","10,000+","10000","10956","6.0","VARY","support@pinwheel.com","https://pinwheel.com/policies/privacy-policy","true","PARENTING","[object Object]","Everyone","false","1709578589000","https://play.google.com/store/apps/details?id=com.pinwheel.caregiver&hl=en&gl=us"
""io.kawaiiq","PARENTING","KawaiiQ: Intelligence & Growth","500,000+","500000","533494","8.0","VARY","contact@kawaii.global","https://kawaiiq.io/en/privacy","true","PARENTING","[object Object]","Everyone","false","1725529822000","https://play.google.com/store/apps/details?id=io.kawaiiq&hl=en&gl=us"
""com.alawfa.points","PARENTING","Points - Behavior Task Rewards","50,000+","50000","66249","VARY","VARY","info@alawfa.com","https://points4kids.life/en/privacy-policy.html","true","PARENTING","[object Object]","Everyone","true","1725042264000","https://play.google.com/store/apps/details?id=com.alawfa.points&hl=en&gl=us"
""com.hubble.care","PARENTING","Motorola by Hubble Connected","100,000+","100000","262175","5.0","VARY","support@hubbleconnected.com","https://hubbleconnected.com/geo_redirect/privacy.php","true","PARENTING","[object Object]","Everyone","false","1699431566000","https://play.google.com/store/apps/details?id=com.hubble.care&hl=en&gl=us"
""com.rotation5.smoresup","PARENTING","S'moresUp - Smart Chores App","100,000+","100000","172529","5.0","VARY","allthingsparenting@smoresup.com","https://www.smoresup.com/privacy-policy/","true","PARENTING","[object Object]","Everyone","false","1715845593000","https://play.google.com/store/apps/details?id=com.rotation5.smoresup&hl=en&gl=us"
""com.simka.ai.children.bed.stories.android","PARENTING","Bedtime Stories for your Kids","500,000+","500000","849166","9","VARY","simka.dev@gmail.com","https://simkaapp.wixsite.com/bedtime","true","PARENTING","[object Object]","Everyone","false","1725925176000","https://play.google.com/store/apps/details?id=com.simka.ai.children.bed.stories.android&hl=en&gl=us"
""com.dreamstudio.lullabies","PARENTING","Lullaby for Babies","1,000,000+","1000000","2525965","5.0","VARY","android.dream.studio@gmail.com","http://abc.jupe.pl/privacy_policy_v2/","true","PARENTING","[object Object]","Everyone","true","1724770863000","https://play.google.com/store/apps/details?id=com.dreamstudio.lullabies&hl=en&gl=us"
""com.wachanga.babycare","PARENTING","Baby: Breastfeeding Tracker","1,000,000+","1000000","3799495","9","VARY","team@wachanga.com","https://wachanga.com/page/privacy","true","PARENTING","[object Object]","Everyone","true","1725460884000","https://play.google.com/store/apps/details?id=com.wachanga.babycare&hl=en&gl=us"
""com.sunny.magic.music.xylophone","PARENTING","Learn Music & Songs Xylophone","1,000,000+","1000000","3637547","5.1","VARY","sunnykidgames@gmail.com","http://sunnydreamsgames.com/privacy_policy.html","true","PARENTING","[object Object]","Everyone","true","1691528430000","https://play.google.com/store/apps/details?id=com.sunny.magic.music.xylophone&hl=en&gl=us"
""com.nanit.lite","PARENTING","Nanit Sound and Light","5,000+","5000","9673","8.0","VARY","support@nanit.com","https://www.nanit.com/legal/privacy","true","PARENTING","[object Object]","Everyone","false","1725909715000","https://play.google.com/store/apps/details?id=com.nanit.lite&hl=en&gl=us"
""co.justababy.app","PARENTING","Just a Baby: Become a parent","100,000+","100000","132672","7.0","VARY","info@justababy.com","https://justababy.com/privacy-safety","true","PARENTING","[object Object]","Mature 17+","true","1724837885000","https://play.google.com/store/apps/details?id=co.justababy.app&hl=en&gl=us"
""com.heyqqgmbh.oscarai","PARENTING","Oscar bedtime story generator","50,000+","50000","84374","6.0","VARY","hello@oscarstories.com","https://www.iubenda.com/privacy-policy/23594481/full-legal","true","PARENTING","[object Object]","Everyone","false","1721754578000","https://play.google.com/store/apps/details?id=com.heyqqgmbh.oscarai&hl=en&gl=us"
""com.iteachtinyhumans.inspired_minds","PARENTING","Inspired Minds: Kid Activities","10,000+","10000","13147","5.0","VARY","tinyhumansoftware@gmail.com","https://tiny-human-website.web.app/privacy.html","true","PARENTING","[object Object]","Everyone","false","1723172225000","https://play.google.com/store/apps/details?id=com.iteachtinyhumans.inspired_minds&hl=en&gl=us"
""com.realdream.kidspolice","PARENTING","Kids police - for parents","1,000,000+","1000000","2645260","4.4","VARY","real.dream.apps@gmail.com","https://rdapps.in/privacy/kidsPolice/com.realdream.kidspolice.html","true","PARENTING","[object Object]","Everyone","true","1698249022000","https://play.google.com/store/apps/details?id=com.realdream.kidspolice&hl=en&gl=us"
""com.frontguard.when","PARENTING","When: Last Seen Online Tracker","500,000+","500000","686233","5.0","VARY","info@frontguard.co","https://static.whenguard.com/page/android/privacy","true","PARENTING","[object Object]","Everyone","true","1686595593000","https://play.google.com/store/apps/details?id=com.frontguard.when&hl=en&gl=us"
""ua.com.tim_berners.parental_control","PARENTING","Parental Control Kroha","1,000,000+","1000000","2012878","5.0","VARY","support@parental-control.net","https://parental-control.net/privacy-policy.html?lang=en","true","PARENTING","[object Object]","Everyone","false","1709399045000","https://play.google.com/store/apps/details?id=ua.com.tim_berners.parental_control&hl=en&gl=us"
""com.tappytaps.android.bibino","PARENTING","Bibino Baby Monitor - Baby Cam","100,000+","100000","383392","6.0","VARY","support@tappytaps.com","https://www.iubenda.com/privacy-policy/91528467","true","PARENTING","[object Object]","Everyone","true","1716798572000","https://play.google.com/store/apps/details?id=com.tappytaps.android.bibino&hl=en&gl=us"
""yducky.application.babytime","PARENTING","BabyTime (Tracking & Analysis)","1,000,000+","1000000","1785200","VARY","VARY","support@simfler.com","https://www.simfler.com/private-policy/","true","PARENTING","[object Object]","Everyone","true","1723861799000","https://play.google.com/store/apps/details?id=yducky.application.babytime&hl=en&gl=us"
""pl.metasoft.babymonitor","PARENTING","Simple Nanny - Baby Monitor","100,000+","100000","238857","5.0","VARY","support@simplenanny.app","https://metasoft.pl/baby_monitor_privacy_policy.html","true","PARENTING","[object Object]","Everyone","false","1698675035000","https://play.google.com/store/apps/details?id=pl.metasoft.babymonitor&hl=en&gl=us"
""com.familami","PARENTING","FamiLami - Habit Tracker","50,000+","50000","72693","8.0","VARY","help@familami.com","https://familami.com/documents/privacy.html","true","PARENTING","[object Object]","Everyone","false","1725475430000","https://play.google.com/store/apps/details?id=com.familami&hl=en&gl=us"
""com.thelittleco.pumplog","PARENTING","Exclusive Pumping Tracker","50,000+","50000","69960","8.0","VARY","app@purrfectstudio.com","https://purrrfectstudio.wordpress.com/privacy-policy/","true","PARENTING","[object Object]","Everyone","true","1710844337000","https://play.google.com/store/apps/details?id=com.thelittleco.pumplog&hl=en&gl=us"
""com.urbandroid.babysleep","PARENTING","BabySleep: Whitenoise lullaby","5,000,000+","5000000","5685216","VARY","VARY","petr@nalevka.com","http://team.urbandroid.org/privacy-policy/","true","PARENTING","[object Object]","Everyone","false","1718964596000","https://play.google.com/store/apps/details?id=com.urbandroid.babysleep&hl=en&gl=us"
""com.tryohana.android","PARENTING","Ohana Screen Time Control App","10,000+","10000","31614","8.0","VARY","support@tryohana.com","https://www.tryohana.com/privacy-policy","true","PARENTING","[object Object]","Everyone","false","1725615081000","https://play.google.com/store/apps/details?id=com.tryohana.android&hl=en&gl=us"
""com.safesurfer","PARENTING","Safe Surfer: Block Porn & Apps","500,000+","500000","633354","5.1","VARY","info@safesurfer.io","https://safesurfer.io/privacy/","true","PARENTING","[object Object]","Everyone","false","1724895231000","https://play.google.com/store/apps/details?id=com.safesurfer&hl=en&gl=us"
""com.alfredsystems.circle","PARENTING","AlfredCircle: Family Locator","10,000+","10000","46704","10","VARY","support@alfredcircle.com","https://www.alfredcircle.com/legal/privacy-policy","true","PARENTING","[object Object]","Everyone","false","1722226450000","https://play.google.com/store/apps/details?id=com.alfredsystems.circle&hl=en&gl=us"
""com.timskiy.pregnancy","PARENTING","Pregnancy Tracker & Day by Day","1,000,000+","1000000","2027642","5.0","VARY","support@timskiy.com","https://timskiy.com/pregnancy/privacy/light/privacy_en.html","true","PARENTING","[object Object]","Everyone","true","1725308909000","https://play.google.com/store/apps/details?id=com.timskiy.pregnancy&hl=en&gl=us"
""uk.co.disciplemedia.catholichom","PARENTING","CatholicHÔM","1,000+","1000","2528","10","VARY","gpopcak@catholiccounselors.com","https://catholichom.disciplemedia.com/privacy_policy","true","PARENTING","[object Object]","Teen","false","1721146437000","https://play.google.com/store/apps/details?id=uk.co.disciplemedia.catholichom&hl=en&gl=us"
""com.jeelapp.android","PARENTING","Jeel: Kids Early Education","1,000,000+","1000000","1308434","7.0","VARY","admin@jeelapp.com","http://www.jeelapp.com/EN/privacypolicy","true","PARENTING","[object Object]","Everyone","false","1720707750000","https://play.google.com/store/apps/details?id=com.jeelapp.android&hl=en&gl=us"
""com.gravid.gravid","PARENTING","Preglife - Pregnancy Tracker","1,000,000+","1000000","3104478","6.0","VARY","info@preglife.com","https://preglife.com/privacy-policy","true","PARENTING","[object Object]","Everyone","true","1725610916000","https://play.google.com/store/apps/details?id=com.gravid.gravid&hl=en&gl=us"
""com.kaspersky.safekids","PARENTING","Kaspersky SafeKids with GPS","1,000,000+","1000000","3341415","7.0","VARY","mobilesupport@kaspersky.com","https://www.kaspersky.com/products-and-services-privacy-policy","true","PARENTING","[object Object]","Everyone","false","1717596412000","https://play.google.com/store/apps/details?id=com.kaspersky.safekids&hl=en&gl=us"
""locator24.com.main","PARENTING","family locator - Locator 24","1,000,000+","1000000","1307775","5.0","VARY","radekus87@gmail.com","https://radekus87.github.io/locator24/pp.html","true","PARENTING","[object Object]","Everyone","true","1725355091000","https://play.google.com/store/apps/details?id=locator24.com.main&hl=en&gl=us"
""eu.vrseeds.BabyZone","PARENTING","Baby Zone for Toddler & Parent","100,000+","100000","202860","5.1","VARY","VRSeeds@gmail.com","http://babyzone.vrseeds.eu/index.php/privacy-policy/","true","PARENTING","[object Object]","Everyone","true","1721721137000","https://play.google.com/store/apps/details?id=eu.vrseeds.BabyZone&hl=en&gl=us"
""com.pbjtv.family","PARENTING","PB&J TV Family","10,000+","10000","29363","4.4","VARY","contact@pbnjtv.com","https://www.peanutbutterandjellytv.com/live/privacy-policy/","true","PARENTING","[object Object]","Everyone","false","1720625901000","https://play.google.com/store/apps/details?id=com.pbjtv.family&hl=en&gl=us"
""com.napper","PARENTING","Napper: Baby Sleep & Parenting","100,000+","100000","248778","5.0","VARY","support@napper.app","https://napper.app/privacy","true","PARENTING","[object Object]","Everyone","false","1725864717000","https://play.google.com/store/apps/details?id=com.napper&hl=en&gl=us"
""com.contraction.timer.counter.ninemonths","PARENTING","Contraction Timer & Counter","10,000+","10000","16276","8.0","VARY","apps@teutz.com","https://contractiontimertl.com/privacy-policy/","true","PARENTING","[object Object]","Everyone","false","1701182874000","https://play.google.com/store/apps/details?id=com.contraction.timer.counter.ninemonths&hl=en&gl=us"
""com.harrycarter.rewardapp","PARENTING","Chores 4 Rewards","10,000+","10000","33508","5.0","VARY","harry@chores4rewards.co.uk","https://harrycarter1995.wixsite.com/chores4rewards/privacy-policy","true","PARENTING","[object Object]","Everyone","false","1724836897000","https://play.google.com/store/apps/details?id=com.harrycarter.rewardapp&hl=en&gl=us"
""com.bitraptors.babyweather","PARENTING","BabyWeather","100,000+","100000","244611","6.0","VARY","barthasolutions@gmail.com","https://babyweather.eu/privacy-policy-terms-and-conditions","true","PARENTING","[object Object]","Everyone","false","1702388833000","https://play.google.com/store/apps/details?id=com.bitraptors.babyweather&hl=en&gl=us"
""net.hourglass.familycore.qa","PARENTING","The Family Core","10,000+","10000","31246","5.1","VARY","tech@thefamilycore.com","https://familycore-qa-app-service-ui.azurewebsites.net/#/terms-privacy","true","PARENTING","[object Object]","Everyone","false","1724441556000","https://play.google.com/store/apps/details?id=net.hourglass.familycore.qa&hl=en&gl=us"
""com.fisher_price.android","PARENTING","Fisher-Price® Smart Connect™","100,000+","100000","243580","8.0","VARY","MattelConsumerService@Mattel.com","http://corporate.mattel.com/privacy-statement.aspx","true","PARENTING","[object Object]","Everyone","false","1709048030000","https://play.google.com/store/apps/details?id=com.fisher_price.android&hl=en&gl=us"
""com.nickwatch.app","PARENTING","NickWatch","10,000+","10000","19714","7.0","VARY","support@nickwatch.com","https://www.nickwatch.com/caregiver-app-privacy-policy","true","PARENTING","[object Object]","Everyone","false","1724055129000","https://play.google.com/store/apps/details?id=com.nickwatch.app&hl=en&gl=us"
""au.com.penguinapps.android.babyfeeding.client.android","PARENTING","Feed Baby - Baby Tracker","1,000,000+","1000000","2198970","6.0","VARY","support@penguinapps.com.au","http://penguinapps.com.au/android/feedbaby/privacy.jsp","true","PARENTING","[object Object]","Everyone","true","1724637095000","https://play.google.com/store/apps/details?id=au.com.penguinapps.android.babyfeeding.client.android&hl=en&gl=us"
""com.WaterBearInteractiveLLC.WBISensoryFireworks","PARENTING","WBI Sensory Fireworks","50,000+","50000","53702","5.1","VARY","support@waterbearinteractive.com","http://www.waterbearinteractive.com/privacy/privacysf.html","true","PARENTING","[object Object]","Everyone","false","1692380273000","https://play.google.com/store/apps/details?id=com.WaterBearInteractiveLLC.WBISensoryFireworks&hl=en&gl=us"
""com.preemptivetechnologies.daddyup","PARENTING","Daddy Up","100,000+","100000","237862","8.0","VARY","contact@daddyup.com","https://daddyup.com/terms-privacy","true","PARENTING","[object Object]","Everyone 10+","true","1722220180000","https://play.google.com/store/apps/details?id=com.preemptivetechnologies.daddyup&hl=en&gl=us"
""com.vv.facebaby","PARENTING","AI Baby Generator: Baby Maker","500,000+","500000","787676","8.0","VARY","niluitengfeedback@gmail.com","https://docs.google.com/document/d/1LWrCDEAWf5mjr-KapWrrHkiFgjbKTedTwWxTyFXAQWw/edit?usp=sharing","true","PARENTING","[object Object]","Everyone","true","1725531979000","https://play.google.com/store/apps/details?id=com.vv.facebaby&hl=en&gl=us"
""com.explot.gouda","PARENTING","Kids Storybook · Truth & Tales","50,000+","50000","68536","6.0","VARY","support@truthandtales.app","http://public.plotkids.com/privacy-policy.html","true","PARENTING","[object Object]","Everyone","false","1723648545000","https://play.google.com/store/apps/details?id=com.explot.gouda&hl=en&gl=us"
""com.seacloud.bc","PARENTING","Baby Connect: Newborn Tracker","100,000+","100000","269629","6.0","VARY","support@babyconnect.com","https://www.babyconnect.com/privacy","true","PARENTING","[object Object]","Everyone","false","1724638591000","https://play.google.com/store/apps/details?id=com.seacloud.bc&hl=en&gl=us"
""com.babytiger.babydomisong.a","PARENTING","Baby Domi-Kids Music& Rhymes","100,000+","100000","187163","5.0","VARY","support@babytiger.tv","https://actcdn.ubestkid.com/uc/svip/membersAgreement/policy_en.html","true","PARENTING","[object Object]","Everyone","true","1723100561000","https://play.google.com/store/apps/details?id=com.babytiger.babydomisong.a&hl=en&gl=us"
""com.parental.control_kids","PARENTING","کنترل سریع گوشی فرزندان -نظارت","10,000+","10000","24126","4.0","VARY","developerpro394@gmail.com","https://docs.google.com/document/d/12jdNB9NQsDGp-qC1cOgEMoxQmWe2CT2qVEkZ_FpvxWg/edit?usp=sharing","true","PARENTING","[object Object]","Everyone","false","1689930004000","https://play.google.com/store/apps/details?id=com.parental.control_kids&hl=en&gl=us"
""com.backthen.android","PARENTING","BackThen baby milestones album","100,000+","100000","184198","5.0","VARY","support@backthen.app","https://www.backthen.app/privacy","true","PARENTING","[object Object]","Everyone","false","1725273057000","https://play.google.com/store/apps/details?id=com.backthen.android&hl=en&gl=us"
""com.n51951dd8177.app","PARENTING","BLW Meals: How to Start Solids","100,000+","100000","156233","7.0","VARY","leah@blwmeals.com","https://drive.google.com/drive/folders/1ChNLYv7QMIujc8Q2FYFy51YS1iJy9RPY?usp=sharing","true","PARENTING","[object Object]","Everyone","true","1722962278000","https://play.google.com/store/apps/details?id=com.n51951dd8177.app&hl=en&gl=us"
""com.dreamstudio.babysleepsounds","PARENTING","Baby Sleep Sounds","1,000,000+","1000000","2785539","5.0","VARY","android.dream.studio@gmail.com","http://abc.jupe.pl/privacy_policy_v2/","true","PARENTING","[object Object]","Everyone","true","1724888668000","https://play.google.com/store/apps/details?id=com.dreamstudio.babysleepsounds&hl=en&gl=us"
""com.kidzoye.parentalcontrol","PARENTING","Kids Mode - Kids Lock App","100,000+","100000","243208","VARY","VARY","ava@innoxapps.com","https://parental-control-6e37e.firebaseapp.com/privacy.html","true","PARENTING","[object Object]","Everyone","true","1721202407000","https://play.google.com/store/apps/details?id=com.kidzoye.parentalcontrol&hl=en&gl=us"
""com.kart2023.kids_police","PARENTING","شرطة الاطفال العراقية المطورة","100,000+","100000","135422","4.4","VARY","karar1997ar@gmail.com","https://sites.google.com/view/karar1997ar","true","PARENTING","[object Object]","Everyone","true","1689353939000","https://play.google.com/store/apps/details?id=com.kart2023.kids_police&hl=en&gl=us"
""com.playfuleats.playfuleats","PARENTING","Playful Eats: Fix Picky Eating","500+","500","677","8.0","VARY","hello@playfuleats.org","https://playfuleats.org/privacy","true","PARENTING","[object Object]","Everyone","false","1723231931000","https://play.google.com/store/apps/details?id=com.playfuleats.playfuleats&hl=en&gl=us"
""com.nutri.parentapp","PARENTING","CurbSmart Parent","5,000+","5000","7958","5.1","VARY","sdickerson@n-ltech.com","https://nutrilinktechnologies.com/privacy-security/","true","PARENTING","[object Object]","Everyone","false","1715093913000","https://play.google.com/store/apps/details?id=com.nutri.parentapp&hl=en&gl=us"
""org.uclahealth.chatterbaby","PARENTING","ChatterBaby","100,000+","100000","280740","5.0","VARY","webinfo@mednet.ucla.edu","https://docs.google.com/document/d/1Kk5sS_TZco67vvpb4SCk9bvGAR89szXWqlye-AhISpo/edit?usp=sharing","true","PARENTING","[object Object]","Everyone","false","1698820854000","https://play.google.com/store/apps/details?id=org.uclahealth.chatterbaby&hl=en&gl=us"
""org.kulturecity.app","PARENTING","KultureCity","5,000+","5000","9701","5.1","VARY","support@kulturecity.org","https://www.kulturecity.org/privacy-policy-terms-of-use/","true","PARENTING","[object Object]","Everyone","false","1724789997000","https://play.google.com/store/apps/details?id=org.kulturecity.app&hl=en&gl=us"
""com.camhart.netcountable","PARENTING","Truple - Online Accountability","10,000+","10000","43503","5.0","VARY","support@truple.io","https://truple.io/privacy.html","true","PARENTING","[object Object]","Everyone","false","1723944964000","https://play.google.com/store/apps/details?id=com.camhart.netcountable&hl=en&gl=us"
""com.acousticReport","PARENTING","Nanni AI: Baby Cry Translator","100,000+","100000","265442","6.0","VARY","support@ubenwa.ai","https://ubenwa.ai/privacy-policy-bci.html","true","PARENTING","[object Object]","Everyone","false","1725958630000","https://play.google.com/store/apps/details?id=com.acousticReport&hl=en&gl=us"
""com.sleekbit.dormi","PARENTING","Dormi - Baby Monitor","1,000,000+","1000000","2424693","VARY","VARY","dormi@sleekbit.com","http://dormi.sleekbit.com/privacy.html","true","PARENTING","[object Object]","Everyone","false","1723632854000","https://play.google.com/store/apps/details?id=com.sleekbit.dormi&hl=en&gl=us"
""com.rewardster.rewardster","PARENTING","Rewardster - Behavior chart","10,000+","10000","10167","5.0","VARY","support@rewardster.app","https://www.rewardster.app/privacy.html","true","PARENTING","[object Object]","Everyone","false","1677174442000","https://play.google.com/store/apps/details?id=com.rewardster.rewardster&hl=en&gl=us"
""com.dokdoapps.mybabyfirework","PARENTING","My baby firework","1,000,000+","1000000","1972600","4.4","VARY","support@dokdoapps.com","http://dokdoapps.com/privacystatement/mybabyseriesprivacypolicy.html","true","PARENTING","[object Object]","Everyone","true","1705380319000","https://play.google.com/store/apps/details?id=com.dokdoapps.mybabyfirework&hl=en&gl=us"
""app.familytools.twa","PARENTING","Family Tools: Family Organizer","10,000+","10000","18870","5.1","VARY","support@familytools.app","https://familytools.app/PrivacyPolicy.html","true","PARENTING","[object Object]","Everyone","false","1720734932000","https://play.google.com/store/apps/details?id=app.familytools.twa&hl=en&gl=us"
""com.ourdayscalendar.android.app","PARENTING","Our Days Co-Parenting Calendar","5,000+","5000","6617","5.0","VARY","support@ourdayscalendar.com","https://ourdayscalendar.com/privacy-policy-2/","true","PARENTING","[object Object]","Everyone","false","1724936672000","https://play.google.com/store/apps/details?id=com.ourdayscalendar.android.app&hl=en&gl=us"
""com.wtwt.lggwhat","PARENTING","WhatsTraker","100,000+","100000","145041","5.0","VARY","whatstraker1@gmail.com","http://18.130.14.122/privacy-module","true","PARENTING","[object Object]","Everyone","false","1694888506000","https://play.google.com/store/apps/details?id=com.wtwt.lggwhat&hl=en&gl=us"
""ru.mimizavr.brush.teeth","PARENTING","Mimizaur: Tooth Brushing Timer","100,000+","100000","236983","5.0","VARY","toivogolokos@gmail.com","https://toivogolokos.com/privacy.html","true","PARENTING","[object Object]","Everyone","false","1716282516000","https://play.google.com/store/apps/details?id=ru.mimizavr.brush.teeth&hl=en&gl=us"
""by.applications.mamatracker","PARENTING","Contraction timer, kick count","50,000+","50000","56157","5.0","VARY","support@applications.by","https://applications.by/mamatracker/privacy-policy","true","PARENTING","[object Object]","Everyone","true","1707812677000","https://play.google.com/store/apps/details?id=by.applications.mamatracker&hl=en&gl=us"
""com.fraps.como.saber.si.estas.embarazada","PARENTING","Como saber si estás embarazada","500,000+","500000","502421","5.0","VARY","franaleapps@gmail.com","https://www.misappsfrees.online/politicas/sabes_embarazada.html","true","PARENTING","[object Object]","Mature 17+","true","1719998720000","https://play.google.com/store/apps/details?id=com.fraps.como.saber.si.estas.embarazada&hl=en&gl=us"
""com.photoroom.app","PHOTOGRAPHY","Photoroom AI Photo Editor","100,000,000+","100000000","110151738","9","VARY","help@photoroom.com","https://photoroom.com/legal/privacy","true","PHOTOGRAPHY","[object Object]","Everyone","false","1725983939000","https://play.google.com/store/apps/details?id=com.photoroom.app&hl=en&gl=us"
""com.gpsmapcamera.live.map.geotag.gps","PHOTOGRAPHY","GPS Camera & Photo Timestamp","10,000,000+","10000000","23071826","6.0","VARY","hilaryjames1995@gmail.com","https://ntd-technology.web.app/policy.html","true","PHOTOGRAPHY","[object Object]","Everyone","true","1723722385000","https://play.google.com/store/apps/details?id=com.gpsmapcamera.live.map.geotag.gps&hl=en&gl=us"
""com.camerasideas.instashot","PHOTOGRAPHY","Video Editor & Maker - InShot","500,000,000+","500000000","710631989","7.0","VARY","inshot.android@inshot.com","http://inshotapp.com/website/InShotAndroid/privacypolicy.html","true","PHOTOGRAPHY","[object Object]","Everyone","true","1725546751000","https://play.google.com/store/apps/details?id=com.camerasideas.instashot&hl=en&gl=us"
""com.picsart.studio","PHOTOGRAPHY","Picsart: AI Photo Video Editor","1,000,000,000+","1000000000","1198013216","6.0","VARY","support@picsart.com","https://picsart.com/privacy-policy","true","PHOTOGRAPHY","[object Object]","Teen","true","1725899043000","https://play.google.com/store/apps/details?id=com.picsart.studio&hl=en&gl=us"
""com.yes366.etm","PHOTOGRAPHY","ETM: AI Art Generator","100,000+","100000","300396","5.0","VARY","support@yes366.com","https://etm-image.yes366.com/html/terms/policy.html","true","PHOTOGRAPHY","[object Object]","Teen","true","1723690323000","https://play.google.com/store/apps/details?id=com.yes366.etm&hl=en&gl=us"
""com.google.android.apps.photos","PHOTOGRAPHY","Google Photos","10,000,000,000+","10000000000","10290135071","VARY","VARY","apps-help@google.com","http://www.google.com/policies/privacy","true","PHOTOGRAPHY","[object Object]","Everyone","false","1725491774000","https://play.google.com/store/apps/details?id=com.google.android.apps.photos&hl=en&gl=us"
""photo.editor.photoeditor.photoeditorpro","PHOTOGRAPHY","AI Photo Editor - Polish","100,000,000+","100000000","264737556","8.0","VARY","polish@inshot.com","https://inshotapp.com/website/collage/policy.html","true","PHOTOGRAPHY","[object Object]","Everyone","true","1724406515000","https://play.google.com/store/apps/details?id=photo.editor.photoeditor.photoeditorpro&hl=en&gl=us"
""com.intermedia.hd.camera.professional","PHOTOGRAPHY","ProCam X - Lite :HD Camera Pro","10,000,000+","10000000","17120907","5.0","VARY","intermedia.inc@gmx.com","https://intermedia-inc.weebly.com/privacy-policy.html","true","PHOTOGRAPHY","[object Object]","Everyone","false","1693234993000","https://play.google.com/store/apps/details?id=com.intermedia.hd.camera.professional&hl=en&gl=us"
""com.amazon.clouddrive.photos","PHOTOGRAPHY","Amazon Photos","50,000,000+","50000000","72114300","8.0","VARY","clouddrive-android-feedback@amazon.com","https://www.amazon.com/gp/help/customer/display.html?nodeId=468496","true","PHOTOGRAPHY","[object Object]","Everyone","false","1724993098000","https://play.google.com/store/apps/details?id=com.amazon.clouddrive.photos&hl=en&gl=us"
""com.adobe.lrmobile","PHOTOGRAPHY","Lightroom Photo & Video Editor","100,000,000+","100000000","369642721","8.0","VARY","LrAndroid-Feedback@adobe.com","http://www.adobe.com/go/privacy_policy","true","PHOTOGRAPHY","[object Object]","Everyone","false","1723452310000","https://play.google.com/store/apps/details?id=com.adobe.lrmobile&hl=en&gl=us"
""com.adobe.psmobile","PHOTOGRAPHY","Photoshop Express Photo Editor","100,000,000+","100000000","263268974","VARY","VARY","PSX-Feedback-Android@adobe.com","http://www.adobe.com/privacy/policy.html","true","PHOTOGRAPHY","[object Object]","Everyone","false","1725864066000","https://play.google.com/store/apps/details?id=com.adobe.psmobile&hl=en&gl=us"
""com.ai.polyverse.mirror","PHOTOGRAPHY","AI Mirror: Hugs Video & Photo","5,000,000+","5000000","9063172","5.0","VARY","aimirror-support@polyversestudio.com","https://aimirror.fun/policy","true","PHOTOGRAPHY","[object Object]","Mature 17+","true","1725543149000","https://play.google.com/store/apps/details?id=com.ai.polyverse.mirror&hl=en&gl=us"
""ai.photo.enhancer.photoclear","PHOTOGRAPHY","UpFoto - AI Photo Enhancer","50,000,000+","50000000","57759633","7.0","VARY","support@atlaszz.com","https://atlaszz.com/privacypolicy.html?pkg=ai.photo.enhancer.photoclear","true","PHOTOGRAPHY","[object Object]","Everyone","true","1725879221000","https://play.google.com/store/apps/details?id=ai.photo.enhancer.photoclear&hl=en&gl=us"
""gallery.photogallery.pictures.vault.album","PHOTOGRAPHY","Gallery - Photo Gallery, Album","10,000,000+","10000000","29064274","5.0","VARY","support@atlaszz.com","https://atlaszz.com/privacypolicy.html?pkg=gallery.photogallery.pictures.vault.album","true","PHOTOGRAPHY","[object Object]","Everyone","true","1723202497000","https://play.google.com/store/apps/details?id=gallery.photogallery.pictures.vault.album&hl=en&gl=us"
""com.lyrebirdstudio.facelab","PHOTOGRAPHY","FaceLab Face Editor App, Aging","50,000,000+","50000000","59977740","7.0","VARY","lyrebirdstudio@gmail.com","https://lyrebirdstudio.net/privacy_policy.htm","true","PHOTOGRAPHY","[object Object]","Everyone","true","1725958916000","https://play.google.com/store/apps/details?id=com.lyrebirdstudio.facelab&hl=en&gl=us"
""com.scaleup.photofx","PHOTOGRAPHY","PhotoApp - AI Photo Enhancer","5,000,000+","5000000","6097575","7.0","VARY","info@photoapp.org","https://photoapp.org/privacy","true","PHOTOGRAPHY","[object Object]","Everyone","true","1725286160000","https://play.google.com/store/apps/details?id=com.scaleup.photofx&hl=en&gl=us"
""com.bigwinepot.nwdn.international","PHOTOGRAPHY","Remini - AI Photo Enhancer","100,000,000+","100000000","355472376","7.0","VARY","support-android@remini.ai","https://bendingspoons.com/privacy.html?app=1470373330","true","PHOTOGRAPHY","[object Object]","Everyone","true","1725867658000","https://play.google.com/store/apps/details?id=com.bigwinepot.nwdn.international&hl=en&gl=us"
""hair.style.changer.filter.haircut.color.cut.hairstyle.beard.editor.bald.dye","PHOTOGRAPHY","HairApp: Hair Styler App, Bald","100,000+","100000","279941","7.0","VARY","lyrebirdstudio@gmail.com","https://lyretech.com/privacy_policy.htm","true","PHOTOGRAPHY","[object Object]","Everyone","true","1725861893000","https://play.google.com/store/apps/details?id=hair.style.changer.filter.haircut.color.cut.hairstyle.beard.editor.bald.dye&hl=en&gl=us"
""com.photoaffections.freeprints","PHOTOGRAPHY","FreePrints","10,000,000+","10000000","10106701","9","VARY","support@freeprintsapp.com","http://www.freeprintsapp.com/privacy","true","PHOTOGRAPHY","[object Object]","Everyone","false","1724841493000","https://play.google.com/store/apps/details?id=com.photoaffections.freeprints&hl=en&gl=us"
""com.appostrophe.scrl","PHOTOGRAPHY","SCRL: Photo Collage Maker","500,000+","500000","748229","7.0","VARY","scrl@appostrophe.se","https://appostrophe.com/scrl-privacy.html","true","PHOTOGRAPHY","[object Object]","Everyone","false","1722241209000","https://play.google.com/store/apps/details?id=com.appostrophe.scrl&hl=en&gl=us"
""com.google.android.apps.photosgo","PHOTOGRAPHY","Gallery","1,000,000,000+","1000000000","1061679886","8.0","VARY","apps-help@google.com","http://www.google.com/policies/privacy","true","PHOTOGRAPHY","[object Object]","Everyone","false","1705512190000","https://play.google.com/store/apps/details?id=com.google.android.apps.photosgo&hl=en&gl=us"
""photoeditor.piccollage.grid.collagemaker","PHOTOGRAPHY","Photo Collage Maker - FunPic","10,000,000+","10000000","13368722","7.0","VARY","fotogrid.apps@gmail.com","https://hardstonepte.ltd/funpic/policy.html","true","PHOTOGRAPHY","[object Object]","Everyone","true","1724229752000","https://play.google.com/store/apps/details?id=photoeditor.piccollage.grid.collagemaker&hl=en&gl=us"
""photoeditor.layout.collagemaker","PHOTOGRAPHY","Collage Maker | Photo Editor","100,000,000+","100000000","191336857","7.0","VARY","photostudio.feedback@gmail.com","https://photoeditorapps.com/website/policy2.html","true","PHOTOGRAPHY","[object Object]","Everyone","true","1724413979000","https://play.google.com/store/apps/details?id=photoeditor.layout.collagemaker&hl=en&gl=us"
""com.animax.max","PHOTOGRAPHY","AniDub Max","100,000+","100000","333130","5.0","VARY","veedily230@outlook.com","https://sites.google.com/view/anidubmax430/privacypolicy","true","PHOTOGRAPHY","[object Object]","Everyone","false","1725276987000","https://play.google.com/store/apps/details?id=com.animax.max&hl=en&gl=us"
""com.lightricks.facetune.free","PHOTOGRAPHY","Facetune: AI Hair/Photo Editor","50,000,000+","50000000","78376410","8.0","VARY","facetune2.android.support@lightricks.com","https://static.lightricks.com/legal/privacy-policy.html","true","PHOTOGRAPHY","[object Object]","Everyone","true","1725517470000","https://play.google.com/store/apps/details?id=com.lightricks.facetune.free&hl=en&gl=us"
""com.cyberlink.youcammakeup","PHOTOGRAPHY","YouCam Makeup - Selfie Editor","100,000,000+","100000000","347103754","VARY","VARY","YouCamMakeup_android@perfectcorp.com","https://www.perfectcorp.com/stat/BeautyCircle/enu/privacy.html?utm_source=ymk&utm_medium=android&utm_campaign=policypage","true","PHOTOGRAPHY","[object Object]","Everyone","true","1725184761000","https://play.google.com/store/apps/details?id=com.cyberlink.youcammakeup&hl=en&gl=us"
""com.cyberlink.youperfect","PHOTOGRAPHY","YouCam Perfect - Photo Editor","100,000,000+","100000000","209745220","8.0","VARY","YouCamPerfect_android@perfectcorp.com","https://www.perfectcorp.com/stat/BeautyCircle/enu/privacy.html?utm_source=ycp&utm_medium=android&utm_campaign=policypage","true","PHOTOGRAPHY","[object Object]","Teen","true","1725965430000","https://play.google.com/store/apps/details?id=com.cyberlink.youperfect&hl=en&gl=us"
""com.photo.android.camera","PHOTOGRAPHY","Camera for Android","10,000,000+","10000000","24961377","5.0","VARY","litterpenguin.v6@gmail.com","https://lpprivacy.ijoysoftconnect.com/camera/AppPrivacy.html","true","PHOTOGRAPHY","[object Object]","Everyone","true","1723807225000","https://play.google.com/store/apps/details?id=com.photo.android.camera&hl=en&gl=us"
""cosplay.ai.art.generator","PHOTOGRAPHY","Future Baby Generator: Cosplay","1,000,000+","1000000","2657743","7.0","VARY","support@sparkdyn.com","https://sparkdyn.com/privacy_policy.htm","true","PHOTOGRAPHY","[object Object]","Everyone","false","1724867275000","https://play.google.com/store/apps/details?id=cosplay.ai.art.generator&hl=en&gl=us"
""com.gpsmapcamera.phototimestamp.datestamper.gpscamera.photodatestamp.geotagapp","PHOTOGRAPHY","GPS maps timestamp camera app","5,000,000+","5000000","6353516","5.0","VARY","u.translate.inc@gmail.com","https://sites.google.com/view/gps-map-camera/home","true","PHOTOGRAPHY","[object Object]","Everyone","true","1724606292000","https://play.google.com/store/apps/details?id=com.gpsmapcamera.phototimestamp.datestamper.gpscamera.photodatestamp.geotagapp&hl=en&gl=us"
""uk.co.commonapps.apufuturebabyface","PHOTOGRAPHY","AI Baby Generator: Face Maker","1,000,000+","1000000","3699546","7.0","VARY","info@wowooapps.com","https://futurebabyapp.xyz/privacypolicy.html","true","PHOTOGRAPHY","[object Object]","Everyone","false","1720811308000","https://play.google.com/store/apps/details?id=uk.co.commonapps.apufuturebabyface&hl=en&gl=us"
""com.shutterfly","PHOTOGRAPHY","Shutterfly: Prints Cards Gifts","10,000,000+","10000000","14295733","8.0","VARY","mobilesupport@shutterfly.com","http://shutterflyinc.com/privacy.html","true","PHOTOGRAPHY","[object Object]","Everyone","false","1725987893000","https://play.google.com/store/apps/details?id=com.shutterfly&hl=en&gl=us"
""com.xt.retouchoversea","PHOTOGRAPHY","Hypic - Photo Editor & AI Art","10,000,000+","10000000","28784893","5.0","VARY","retouchpics.support@bytedance.com","https://m.hypic.com/clause/hypic-privacy-policy","true","PHOTOGRAPHY","[object Object]","Everyone","false","1725364042000","https://play.google.com/store/apps/details?id=com.xt.retouchoversea&hl=en&gl=us"
""io.faceapp","PHOTOGRAPHY","FaceApp: Perfect Face Editor","500,000,000+","500000000","525202998","8.0","VARY","support.android@faceapp.com","http://www.faceapp.com/privacy","true","PHOTOGRAPHY","[object Object]","Everyone","false","1725619948000","https://play.google.com/store/apps/details?id=io.faceapp&hl=en&gl=us"
""com.niksoftware.snapseed","PHOTOGRAPHY","Snapseed","100,000,000+","100000000","368621022","VARY","VARY","apps-help@google.com","http://www.google.com/policies/privacy/","true","PHOTOGRAPHY","[object Object]","Everyone","false","1716393643000","https://play.google.com/store/apps/details?id=com.niksoftware.snapseed&hl=en&gl=us"
""vsin.t16_funny_photo","PHOTOGRAPHY","Photo Lab Picture Editor & Art","100,000,000+","100000000","368972818","5.1","VARY","support@pho.to","http://pho.to/policy.php","true","PHOTOGRAPHY","[object Object]","Teen","true","1725468712000","https://play.google.com/store/apps/details?id=vsin.t16_funny_photo&hl=en&gl=us"
""com.photo.ai.art.agecam.fx","PHOTOGRAPHY","AgeCam: Face Age Changer App","100,000+","100000","480863","7.0","VARY","fillogfeedback@outlook.com","https://sites.google.com/view/vegoo-privacy-policy","true","PHOTOGRAPHY","[object Object]","Everyone","true","1724398940000","https://play.google.com/store/apps/details?id=com.photo.ai.art.agecam.fx&hl=en&gl=us"
""net.sourceforge.opencamera","PHOTOGRAPHY","Open Camera","50,000,000+","50000000","98663260","4.0.3","VARY","mark.harman.apps@gmail.com","https://opencamera.org.uk/privacy_oc.html","true","PHOTOGRAPHY","[object Object]","Everyone","true","1717621522000","https://play.google.com/store/apps/details?id=net.sourceforge.opencamera&hl=en&gl=us"
""com.photogrid.collage.videomaker","PHOTOGRAPHY","PhotoGrid: Video Collage Maker","1,000,000+","1000000","3403124","9","VARY","photogrid.help@gmail.com","https://media.grid.plus/doc/grid_plus_privacy_policy","true","PHOTOGRAPHY","[object Object]","Everyone","true","1725430900000","https://play.google.com/store/apps/details?id=com.photogrid.collage.videomaker&hl=en&gl=us"
""com.kgs.timewarpscan","PHOTOGRAPHY","Time Warp Scan : Trendy Filter","1,000,000+","1000000","4618578","6.0","VARY","info.kite.an@gmail.com","https://sites.google.com/view/kgspolicy/privacy-policy","true","PHOTOGRAPHY","[object Object]","Everyone","true","1725620003000","https://play.google.com/store/apps/details?id=com.kgs.timewarpscan&hl=en&gl=us"
""com.app.resort.time.warp.scan.face.scanner.offline","PHOTOGRAPHY","Time Warp Scan : Face Scanner","5,000,000+","5000000","9186077","7.0","VARY","appsresort5@gmail.com","https://sites.google.com/view/time-warp-scanner-policy/home","true","PHOTOGRAPHY","[object Object]","Everyone","true","1725020749000","https://play.google.com/store/apps/details?id=com.app.resort.time.warp.scan.face.scanner.offline&hl=en&gl=us"
""net.frameo.app","PHOTOGRAPHY","Frameo: Share to photo frames","1,000,000+","1000000","3452603","VARY","VARY","support@frameo.com","http://privacy.frameo.net","true","PHOTOGRAPHY","[object Object]","Everyone","false","1718113972000","https://play.google.com/store/apps/details?id=net.frameo.app&hl=en&gl=us"
""faceapp.photoeditor.face.faceedit.faceeditor","PHOTOGRAPHY","FacePic - AI Face App","1,000,000+","1000000","3243036","8.0","VARY","facepicapp@gmail.com","https://hardstonepte.ltd/facepic/website/privacy.html","true","PHOTOGRAPHY","[object Object]","Everyone","true","1725969647000","https://play.google.com/store/apps/details?id=faceapp.photoeditor.face.faceedit.faceeditor&hl=en&gl=us"
""com.cam001.selfie361","PHOTOGRAPHY","SelfyzAI: AI Photo Dance","10,000,000+","10000000","29866177","5.0","VARY","selfie-ai@outlook.com","http://res.ufotosoft.com/aboutus/src/policy.beat.html","true","PHOTOGRAPHY","[object Object]","Teen","true","1724938380000","https://play.google.com/store/apps/details?id=com.cam001.selfie361&hl=en&gl=us"
""photoframe.lovecollage.truelove.loveframes","PHOTOGRAPHY","Photo Frame & Collage Maker","1,000,000+","1000000","2835793","6.0","VARY","meer20221121@gmail.com","https://sigmandroid.com/LoveFrame/PrivacyPolicy.html","true","PHOTOGRAPHY","[object Object]","Everyone","true","1725444598000","https://play.google.com/store/apps/details?id=photoframe.lovecollage.truelove.loveframes&hl=en&gl=us"
""beauty.hd.camera","PHOTOGRAPHY","HD Camera: Professional Camera","10,000,000+","10000000","19224457","5.0","VARY","best.weather.forecast.apps@gmail.com","https://beauty-hd-camera.weebly.com/","true","PHOTOGRAPHY","[object Object]","Everyone","true","1709297779000","https://play.google.com/store/apps/details?id=beauty.hd.camera&hl=en&gl=us"
""com.photoappworld.cut.paste.photo","PHOTOGRAPHY","Cut and Paste Photos","10,000,000+","10000000","40628656","5.0","VARY","support.cutpaste@zipoapps.com","https://zipoapps.com/cutpaste/privacy","true","PHOTOGRAPHY","[object Object]","Everyone","true","1712217307000","https://play.google.com/store/apps/details?id=com.photoappworld.cut.paste.photo&hl=en&gl=us"
""photoeditor.aiart.animefilter.snapai","PHOTOGRAPHY","AI Photo Editor - AI Morph","10,000,000+","10000000","11228875","7.0","VARY","snapai.feedback@gmail.com","https://dailyjoypro.com/policy.html","true","PHOTOGRAPHY","[object Object]","Everyone","true","1725604223000","https://play.google.com/store/apps/details?id=photoeditor.aiart.animefilter.snapai&hl=en&gl=us"
""com.timewarp.scanface.selfiephotoeditor.videopopulartiktok","PHOTOGRAPHY","Time Warp Scan Cam&Face Filter","10,000,000+","10000000","13462699","6.0","VARY","apps@homedy.com","https://sites.google.com/view/privacytosfortimewarpscan/","true","PHOTOGRAPHY","[object Object]","Everyone","true","1684511775000","https://play.google.com/store/apps/details?id=com.timewarp.scanface.selfiephotoeditor.videopopulartiktok&hl=en&gl=us"
""com.google.android.apps.photos.scanner","PHOTOGRAPHY","PhotoScan by Google Photos","50,000,000+","50000000","59007267","5.0","VARY","apps-help@google.com","http://www.google.com/policies/privacy","true","PHOTOGRAPHY","[object Object]","Everyone","false","1690218779000","https://play.google.com/store/apps/details?id=com.google.android.apps.photos.scanner&hl=en&gl=us"
""peachy.bodyeditor.faceapp","PHOTOGRAPHY","Peachy - AI Face & Body Editor","1,000,000+","1000000","4237043","7.0","VARY","peachy.android@inshot.com","https://inshot.cc/peachy/android/terms/privacy_policy.html","true","PHOTOGRAPHY","[object Object]","Everyone 10+","true","1722866570000","https://play.google.com/store/apps/details?id=peachy.bodyeditor.faceapp&hl=en&gl=us"
""com.lensa.app","PHOTOGRAPHY","Lensa: photo editor & AI art","10,000,000+","10000000","22555815","8.0","VARY","hello@lensa-ai.com","https://tos.lensa-ai.com/privacy","true","PHOTOGRAPHY","[object Object]","Everyone","false","1724760256000","https://play.google.com/store/apps/details?id=com.lensa.app&hl=en&gl=us"
""io.instories","PHOTOGRAPHY","InStories: Insta Stories Maker","5,000,000+","5000000","6622987","8.0","VARY","hello@ylee.io","https://instories.com/privacy","true","PHOTOGRAPHY","[object Object]","Everyone","false","1724074401000","https://play.google.com/store/apps/details?id=io.instories&hl=en&gl=us"
""com.kii.safe","PHOTOGRAPHY","Private Photo Vault - Keepsafe","50,000,000+","50000000","68925622","5.1","VARY","support@getkeepsafe.com","https://www.getkeepsafe.com/privacy.html#privacy-policy","true","PHOTOGRAPHY","[object Object]","Everyone","true","1725577769000","https://play.google.com/store/apps/details?id=com.kii.safe&hl=en&gl=us"
""com.cyberlink.photodirector","PHOTOGRAPHY","PhotoDirector: AI Photo Editor","50,000,000+","50000000","73908333","8.0","VARY","PhotoDirector_Android@cyberlink.com","https://www.cyberlink.com/prog/ap/app-privacy-redirect.jsp?","true","PHOTOGRAPHY","[object Object]","Everyone","true","1725447253000","https://play.google.com/store/apps/details?id=com.cyberlink.photodirector&hl=en&gl=us"
""com.ror.removal","PHOTOGRAPHY","Photo Retouch- Object Removal","10,000,000+","10000000","12719400","5.0","VARY","leyouyuan82@163.com","https://privacy.biggerlens.cn/app/privacy?name=photoretouch-google&os=android&language=en","true","PHOTOGRAPHY","[object Object]","Everyone","true","1723467855000","https://play.google.com/store/apps/details?id=com.ror.removal&hl=en&gl=us"
""photocollage.photoeditor.collagemaker","PHOTOGRAPHY","Photo Editor - Collage Maker","50,000,000+","50000000","83037501","7.0","VARY","photostudio.feedback@gmail.com","https://photoeditorapps.com/website/policy2.html","true","PHOTOGRAPHY","[object Object]","Everyone","true","1724056663000","https://play.google.com/store/apps/details?id=photocollage.photoeditor.collagemaker&hl=en&gl=us"
""com.tactacam.reveal","PHOTOGRAPHY","Tactacam REVEAL","100,000+","100000","414745","5.0","VARY","support@revealcellcam.com","https://www.tactacam.com/privacy-policy","true","PHOTOGRAPHY","[object Object]","Everyone","false","1725046694000","https://play.google.com/store/apps/details?id=com.tactacam.reveal&hl=en&gl=us"
""com.pj.blackandwhite.photoeditor","PHOTOGRAPHY","Black & White Photo, Retro Cam","5,000,000+","5000000","7337096","7.0","VARY","mobcrazeglobal@gmail.com","https://www.mobcraze.com/privacy-policy.html","true","PHOTOGRAPHY","[object Object]","Everyone","true","1725959553000","https://play.google.com/store/apps/details?id=com.pj.blackandwhite.photoeditor&hl=en&gl=us"
""com.ai.avatar.face.portrait.app","PHOTOGRAPHY","AI Photo・Future Baby Generator","5,000,000+","5000000","6366583","5.0","VARY","summerdaysc@outlook.com","https://coolsummerdev.com/avatar-privacy-policy","true","PHOTOGRAPHY","[object Object]","Everyone","true","1724238127000","https://play.google.com/store/apps/details?id=com.ai.avatar.face.portrait.app&hl=en&gl=us"
""com.etoolkit.fitpix","PHOTOGRAPHY","FitPix - Face & Body Editor","10,000,000+","10000000","11326110","5.0","VARY","msupport@etoolkit.com","https://fitpix.app/privacy-policy","true","PHOTOGRAPHY","[object Object]","Everyone","true","1721225248000","https://play.google.com/store/apps/details?id=com.etoolkit.fitpix&hl=en&gl=us"
""com.linecorp.b612.android","PHOTOGRAPHY","B612 AI Photo&Video Editor","500,000,000+","500000000","832552713","9","VARY","dl_b612_support@snowcorp.com","https://terms.snow.me/b612/PrivacyPolicy","true","PHOTOGRAPHY","[object Object]","Everyone","false","1724896119000","https://play.google.com/store/apps/details?id=com.linecorp.b612.android&hl=en&gl=us"
""com.cardinalblue.piccollage.google","PHOTOGRAPHY","PicCollage: Photo Grid Editor","100,000,000+","100000000","100442976","9","VARY","support@piccollage.com","http://cardinalblue.com/privacy","true","PHOTOGRAPHY","[object Object]","Everyone","true","1720777583000","https://play.google.com/store/apps/details?id=com.cardinalblue.piccollage.google&hl=en&gl=us"
""com.scaleup.dreame","PHOTOGRAPHY","Momo - AI Photo Generator","1,000,000+","1000000","2572438","6.0","VARY","info@momoai.co","https://momoai.co/privacy","true","PHOTOGRAPHY","[object Object]","Everyone","false","1725881839000","https://play.google.com/store/apps/details?id=com.scaleup.dreame&hl=en&gl=us"
""com.everimaging.photoeffectstudio","PHOTOGRAPHY","AI Photo Editor, Collage-Fotor","10,000,000+","10000000","34004434","6.0","VARY","support@fotor.com","http://www.fotor.com/privacy.html","true","PHOTOGRAPHY","[object Object]","Everyone","true","1725883995000","https://play.google.com/store/apps/details?id=com.everimaging.photoeffectstudio&hl=en&gl=us"
""gallery.photomanager.picturegalleryapp.imagegallery","PHOTOGRAPHY","Gallery - photo gallery, album","10,000,000+","10000000","22209047","5.0","VARY","photogallerytools@gmail.com","http://htmlpreview.github.io/?https://github.com/mundfordklfzuo/docs/blob/master/Privacy%20Policy%20(Gallery).html","true","PHOTOGRAPHY","[object Object]","Everyone","true","1721801317000","https://play.google.com/store/apps/details?id=gallery.photomanager.picturegalleryapp.imagegallery&hl=en&gl=us"
""xprocamera.hd.camera","PHOTOGRAPHY","HD Camera for Android: XCamera","10,000,000+","10000000","16418497","6.0","VARY","support@simpledesign.ltd","https://simpledesign.ltd/privacypolicy.html?pkg=xprocamera.hd.camera","true","PHOTOGRAPHY","[object Object]","Everyone","true","1721897342000","https://play.google.com/store/apps/details?id=xprocamera.hd.camera&hl=en&gl=us"
""com.lyrebirdstudio.cartoon","PHOTOGRAPHY","ToonApp Cartoon Photo Editor","50,000,000+","50000000","92107077","7.0","VARY","lyrebirdstudio@gmail.com","https://lyrebirdstudio.net/privacy_policy.htm","true","PHOTOGRAPHY","[object Object]","Everyone","true","1725378241000","https://play.google.com/store/apps/details?id=com.lyrebirdstudio.cartoon&hl=en&gl=us"
""com.camera.photolocation.geotasgphoto.cameralocation","PHOTOGRAPHY","Camera Location: Geotag Photos","1,000,000+","1000000","2961957","5.0","VARY","philiptran0308@gmail.com","https://sites.google.com/view/gampolicy2023","true","PHOTOGRAPHY","[object Object]","Everyone","true","1724775863000","https://play.google.com/store/apps/details?id=com.camera.photolocation.geotasgphoto.cameralocation&hl=en&gl=us"
""photo.editor.photoeditor.filtersforpictures","PHOTOGRAPHY","AI Photo Editor - Lumii","50,000,000+","50000000","82311290","6.0","VARY","lumii@inshot.com","http://inshotapp.com/lumii/website/privacypolicy.html","true","PHOTOGRAPHY","[object Object]","Everyone","true","1724153181000","https://play.google.com/store/apps/details?id=photo.editor.photoeditor.filtersforpictures&hl=en&gl=us"
""photoeditor.photoretouch.removeobjects.retouch","PHOTOGRAPHY","Pic Retouch - Remove Objects","10,000,000+","10000000","20425329","6.0","VARY","cameras.ideas@gmail.com","http://inshotapp.com/website/policy.html","true","PHOTOGRAPHY","[object Object]","Everyone","true","1724839005000","https://play.google.com/store/apps/details?id=photoeditor.photoretouch.removeobjects.retouch&hl=en&gl=us"
""com.snapfish.mobile","PHOTOGRAPHY","Snapfish: Prints + Photo Books","5,000,000+","5000000","6689836","6.0","VARY","soma-feedback-android@snapfish-llc.com","https://www.snapfish.com/photo-gift/privacypolicy","true","PHOTOGRAPHY","[object Object]","Everyone","false","1724267628000","https://play.google.com/store/apps/details?id=com.snapfish.mobile&hl=en&gl=us"
""dasgrfti.dasgrfiticrter.dasgrfitinmmkr","PHOTOGRAPHY","Graffiti Name Logo Maker","100,000+","100000","461344","5.0","VARY","support.graffitinamelogo@geniustoolslabs.com","https://geniustoolslabs.com/graffitinamelogo/privacy/","true","PHOTOGRAPHY","[object Object]","Everyone","true","1718867958000","https://play.google.com/store/apps/details?id=dasgrfti.dasgrfiticrter.dasgrfitinmmkr&hl=en&gl=us"
""com.xphotokit.app","PHOTOGRAPHY","X PhotoKit","10,000,000+","10000000","24422476","7.0","VARY","team@xphotokit.com","https://sites.google.com/view/x-photokit/privacy","true","PHOTOGRAPHY","[object Object]","Everyone","true","1725286665000","https://play.google.com/store/apps/details?id=com.xphotokit.app&hl=en&gl=us"
""com.vyroai.photoeditorone","PHOTOGRAPHY","PhotoShot - Photo Editor","10,000,000+","10000000","26676632","7.0","VARY","Photoshot.support@vyro.ai","https://docs.google.com/document/d/178DOHi2hUKrp0iUx4AdrjgL9HnbSv6tagNdlkRDwLuM/edit?usp=sharing","true","PHOTOGRAPHY","[object Object]","Everyone","true","1724679828000","https://play.google.com/store/apps/details?id=com.vyroai.photoeditorone&hl=en&gl=us"
""com.toonpics.cam","PHOTOGRAPHY","Toonpics - Cartoon Photo Edit","1,000,000+","1000000","2852852","6.0","VARY","lucadavis212@gmail.com","https://sites.google.com/view/toonpics-privacypolicy","true","PHOTOGRAPHY","[object Object]","Everyone","true","1725613544000","https://play.google.com/store/apps/details?id=com.toonpics.cam&hl=en&gl=us"
""collage.photocollage.collagemaker.photoeditor.photogrid","PHOTOGRAPHY","Collage Maker - Photo Editor","10,000,000+","10000000","16911958","7.0","VARY","photoapps.feedback@gmail.com","https://photocollage.github.io/privacy_policy.html","true","PHOTOGRAPHY","[object Object]","Everyone","true","1725611786000","https://play.google.com/store/apps/details?id=collage.photocollage.collagemaker.photoeditor.photogrid&hl=en&gl=us"
""com.pj.changebackground.collagemaker","PHOTOGRAPHY","Photo Edit, Background Changer","1,000,000+","1000000","1837700","7.0","VARY","mobcrazeglobal@gmail.com","https://www.mobcraze.com/privacy-policy.html","true","PHOTOGRAPHY","[object Object]","Everyone","true","1723231047000","https://play.google.com/store/apps/details?id=com.pj.changebackground.collagemaker&hl=en&gl=us"
""photo.manager.private.photogallery","PHOTOGRAPHY","Photo Gallery - Album, Vault","10,000,000+","10000000","26403156","5.0","VARY","mobilev5.dev@gmail.com","https://mobv5privacy.ijoysoftconnect.com/gallery/AppPrivacy.html","true","PHOTOGRAPHY","[object Object]","Everyone","true","1723715265000","https://play.google.com/store/apps/details?id=photo.manager.private.photogallery&hl=en&gl=us"
""com.timewarp.scan.bluelinefiltertiktok.free","PHOTOGRAPHY","Time Warp Scan - Face Scanner","10,000,000+","10000000","28623449","7.0","VARY","cameraselfie.store@gmail.com","https://www.privacypolicies.com/privacy/view/acf4b0e59ea80d4fa73f167b4a219b25","true","PHOTOGRAPHY","[object Object]","Everyone","true","1723633881000","https://play.google.com/store/apps/details?id=com.timewarp.scan.bluelinefiltertiktok.free&hl=en&gl=us"
""jp.co.canon.ic.cameraconnect","PHOTOGRAPHY","Canon Camera Connect","10,000,000+","10000000","42277263","VARY","VARY","cameraconnect@mail.canon","https://ssw.imaging-saas.canon/app/privacy.html","true","PHOTOGRAPHY","[object Object]","Everyone","false","1722404164000","https://play.google.com/store/apps/details?id=jp.co.canon.ic.cameraconnect&hl=en&gl=us"
""mobi.charmer.fotocollage","PHOTOGRAPHY","Collage Maker & Photo Editor","50,000,000+","50000000","77515976","7.0","VARY","connect.fotocollage@outlook.com","https://www.fotocollageapp.com/privacypolicy.html","true","PHOTOGRAPHY","[object Object]","Teen","true","1724935370000","https://play.google.com/store/apps/details?id=mobi.charmer.fotocollage&hl=en&gl=us"
""com.cutestudio.photomixer","PHOTOGRAPHY","Blend Photos - Photo Blender","5,000,000+","5000000","9944834","5.0","VARY","azmobilesoftware@gmail.com","https://sites.google.com/view/cutewallpapersstudio","true","PHOTOGRAPHY","[object Object]","Everyone","true","1723095126000","https://play.google.com/store/apps/details?id=com.cutestudio.photomixer&hl=en&gl=us"
""com.wangxutech.picwish","PHOTOGRAPHY","PicWish: AI Photo Editor","1,000,000+","1000000","2951806","5.0","VARY","support@picwish.com","https://picwish.com/app-privacy","true","PHOTOGRAPHY","[object Object]","Everyone","false","1724894204000","https://play.google.com/store/apps/details?id=com.wangxutech.picwish&hl=en&gl=us"
""com.photomyne","PHOTOGRAPHY","Photo Scan App by Photomyne","5,000,000+","5000000","7021583","8.0","VARY","support@photomyne.com","https://photomyne.com/privacy-policy-store","true","PHOTOGRAPHY","[object Object]","Everyone","false","1719151362000","https://play.google.com/store/apps/details?id=com.photomyne&hl=en&gl=us"
""com.codespaceapps.you","PHOTOGRAPHY","Retake AI: Face & Photo Editor","1,000,000+","1000000","3318154","8.0","VARY","retake@codeway.co","https://static.selfai.art/retake-privacy-en.html","true","PHOTOGRAPHY","[object Object]","Everyone","false","1724939105000","https://play.google.com/store/apps/details?id=com.codespaceapps.you&hl=en&gl=us"
""photo.selfie.sweet.effect.camera","PHOTOGRAPHY","Selfie Camera - Beauty Camera","10,000,000+","10000000","16326762","5.0","VARY","easyelife.dev@gmail.com","https://apppolicy.ijoysoftconnect.com/camera/AppPrivacy.html","true","PHOTOGRAPHY","[object Object]","Everyone","true","1723720307000","https://play.google.com/store/apps/details?id=photo.selfie.sweet.effect.camera&hl=en&gl=us"
""com.skylightframe.mobile","PHOTOGRAPHY","Skylight","500,000+","500000","942245","7.0","VARY","tech@skylightframe.com","https://app.ourskylight.com/privacy","true","PHOTOGRAPHY","[object Object]","Everyone","false","1725386771000","https://play.google.com/store/apps/details?id=com.skylightframe.mobile&hl=en&gl=us"
""com.mt.mtxx.mtxx","PHOTOGRAPHY","Meitu","100,000,000+","100000000","102237060","8.0","VARY","app@meitu.com","https://pro.meitu.com/xiuxiu/agreements/gdpr.html?lang=en#en-policy","true","PHOTOGRAPHY","[object Object]","Teen","false","1724899461000","https://play.google.com/store/apps/details?id=com.mt.mtxx.mtxx&hl=en&gl=us"
""photoeditor.cutout.backgrounderaser","PHOTOGRAPHY","Background Eraser Photo Editor","10,000,000+","10000000","34187903","6.0","VARY","bgeraser@inshot.com","https://inshot.cc/website/collage/bgeraser_policy.html","true","PHOTOGRAPHY","[object Object]","Everyone","true","1724240776000","https://play.google.com/store/apps/details?id=photoeditor.cutout.backgrounderaser&hl=en&gl=us"
""com.cerdillac.proccd","PHOTOGRAPHY","ProCCD - Digital Film Camera","5,000,000+","5000000","6036117","5.0","VARY","cerdillaczhang@outlook.com","https://www.tribiecommunity.com/privacy.html","true","PHOTOGRAPHY","[object Object]","Teen","true","1725864947000","https://play.google.com/store/apps/details?id=com.cerdillac.proccd&hl=en&gl=us"
""com.vsco.cam","PHOTOGRAPHY","VSCO: Photo & Video Editor","100,000,000+","100000000","149234033","6.0","VARY","info@vsco.co","https://vsco.co/about/privacy_policy","true","PHOTOGRAPHY","[object Object]","Teen","false","1725646217000","https://play.google.com/store/apps/details?id=com.vsco.cam&hl=en&gl=us"
""photoeditor.backgrounderaser.cutandpastephotos","PHOTOGRAPHY","Cut and Paste Photo Editor","1,000,000+","1000000","4020847","6.0","VARY","umagic.aiart@gmail.com","https://dailyjoypro.com/policy.html","true","PHOTOGRAPHY","[object Object]","Teen","true","1725003152000","https://play.google.com/store/apps/details?id=photoeditor.backgrounderaser.cutandpastephotos&hl=en&gl=us"
""com.commsource.beautyplus","PHOTOGRAPHY","BeautyPlus-AI Photo/Video Edit","100,000,000+","100000000","476953384","7.0","VARY","support@beautyplus.com","https://h5.mr.pixocial.com/agreement/beautyPlus/#/privacy","true","PHOTOGRAPHY","[object Object]","Everyone","true","1723517443000","https://play.google.com/store/apps/details?id=com.commsource.beautyplus&hl=en&gl=us"
""albums.gallery.photo.folder.picasa.app.web.gallery","PHOTOGRAPHY","Gallery: Photo Gallery, Album","10,000,000+","10000000","19098577","7.0","VARY","appspecials@gmail.com","https://appspecials.blogspot.com/2018/04/at-app-specials-we-recognize-that.html","true","PHOTOGRAPHY","[object Object]","Everyone","true","1723820321000","https://play.google.com/store/apps/details?id=albums.gallery.photo.folder.picasa.app.web.gallery&hl=en&gl=us"
""com.risingcabbage.hd.camera","PHOTOGRAPHY","HD Camera 2024 for Android","10,000,000+","10000000","22570826","5.0","VARY","risingcabbage@163.com","https://www.risingcabbage.com/privacy.html","true","PHOTOGRAPHY","[object Object]","Teen","true","1724240531000","https://play.google.com/store/apps/details?id=com.risingcabbage.hd.camera&hl=en&gl=us"
""com.smartwidgetlabs.djidrone","PHOTOGRAPHY","Go Fly Drone models controller","1,000,000+","1000000","4285358","5.0","VARY","support@smartwidgetlabs.com","https://smartwidgetlabs.com/privacy-policy/","true","PHOTOGRAPHY","[object Object]","Everyone","true","1723615719000","https://play.google.com/store/apps/details?id=com.smartwidgetlabs.djidrone&hl=en&gl=us"
""com.make.gif.pro","PHOTOGRAPHY","GIF Maker Pro","1,000,000+","1000000","1415327","7.0","VARY","ashishsatishpandya2@gmail.com","https://sites.google.com/view/convert-to-gif","true","PHOTOGRAPHY","[object Object]","Teen","true","1718342020000","https://play.google.com/store/apps/details?id=com.make.gif.pro&hl=en&gl=us"
""com.kvadgroup.photostudio","PHOTOGRAPHY","Photo Studio: pictures editor!","50,000,000+","50000000","53213304","6.0","VARY","support@kvadgroup.com","http://kvadgroup.com/ps_pp.txt","true","PHOTOGRAPHY","[object Object]","Everyone","true","1724827167000","https://play.google.com/store/apps/details?id=com.kvadgroup.photostudio&hl=en&gl=us"
""tool.photo.collage.maker.photoeditor","PHOTOGRAPHY","Photo Collage Maker,Pic Editor","10,000,000+","10000000","13679442","5.0","VARY","leopard.v7@gmail.com","https://leopardpolicy.ijoysoftconnect.com/collager/AppPrivacy.html","true","PHOTOGRAPHY","[object Object]","Everyone","true","1725012570000","https://play.google.com/store/apps/details?id=tool.photo.collage.maker.photoeditor&hl=en&gl=us"
""com.cateater.stopmotionstudio","PHOTOGRAPHY","Stop Motion Studio","10,000,000+","10000000","17829162","6.0","VARY","support@cateater.com","http://www.cateater.com/privacy","true","PHOTOGRAPHY","[object Object]","Everyone","false","1723107461000","https://play.google.com/store/apps/details?id=com.cateater.stopmotionstudio&hl=en&gl=us"
""ai.photo.enhancer.ig.tiktok.editor.remini.pixelup.hd.free","PHOTOGRAPHY","AI Photo Enhancer - Evoke","1,000,000+","1000000","1012628","7.0","VARY","photo@thebetter.ai","https://photo.thebetter.ai/policy.html","true","PHOTOGRAPHY","[object Object]","Everyone","true","1725624687000","https://play.google.com/store/apps/details?id=ai.photo.enhancer.ig.tiktok.editor.remini.pixelup.hd.free&hl=en&gl=us"
""com.autodatetimestamp.timestampcamera","PHOTOGRAPHY","GPS Camera with Time Stamp","10,000,000+","10000000","10194292","8.0","VARY","hockemeyerturchin19@gmail.com","https://hockestudio.netlify.app/policy","true","PHOTOGRAPHY","[object Object]","Everyone","true","1723631913000","https://play.google.com/store/apps/details?id=com.autodatetimestamp.timestampcamera&hl=en&gl=us"
""cartoon.picture.photo.editor.caricature.maker.yourself.caricaturas.fotos.ai","PHOTOGRAPHY","Cartoonify: AI Cartoon Picture","50,000+","50000","84299","7.0","VARY","lyrebirdstudio@gmail.com","https://lyrebirdstudio.net/privacy.txt","true","PHOTOGRAPHY","[object Object]","Everyone","true","1725279817000","https://play.google.com/store/apps/details?id=cartoon.picture.photo.editor.caricature.maker.yourself.caricaturas.fotos.ai&hl=en&gl=us"
""photo.android.hd.camera","PHOTOGRAPHY","HD Camera for Android","50,000,000+","50000000","84110935","5.0","VARY","mobilev5.dev@gmail.com","https://mobv5privacy.ijoysoftconnect.com/camera/AppPrivacy.html","true","PHOTOGRAPHY","[object Object]","Everyone","true","1723801850000","https://play.google.com/store/apps/details?id=photo.android.hd.camera&hl=en&gl=us"
""com.accordion.analogcam","PHOTOGRAPHY","OldRoll - Vintage Film Camera","10,000,000+","10000000","22350121","5.0","VARY","flyelephant01@gmail.com","http://www.apptechmelodyst.com/privacy.html","true","PHOTOGRAPHY","[object Object]","Teen","true","1725028414000","https://play.google.com/store/apps/details?id=com.accordion.analogcam&hl=en&gl=us"
""com.photofilter.hdcamera","PHOTOGRAPHY","HD Camera - Beauty Camera","1,000,000+","1000000","1364333","5.0","VARY","capitalzone007@gmail.com","https://sites.google.com/view/capitalzone007/home","true","PHOTOGRAPHY","[object Object]","Everyone","true","1721114127000","https://play.google.com/store/apps/details?id=com.photofilter.hdcamera&hl=en&gl=us"
""com.magic.retouch","PHOTOGRAPHY","Retouch Remove Objects Editor","10,000,000+","10000000","16972912","6.0","VARY","support@videoshowapps.com","https://manage.magicutapp.com/appMagicCutApi/customizepage?pageType=Retouch_PrivacyPolicy","true","PHOTOGRAPHY","[object Object]","Everyone","true","1724397881000","https://play.google.com/store/apps/details?id=com.magic.retouch&hl=en&gl=us"
""editingapp.pictureeditor.photoeditor","PHOTOGRAPHY","AI Photo Editor - DoFoto","1,000,000+","1000000","3676128","6.0","VARY","support@dofoto.app","https://shelmo.app/website/privacypolicy.html","true","PHOTOGRAPHY","[object Object]","Everyone","true","1724931587000","https://play.google.com/store/apps/details?id=editingapp.pictureeditor.photoeditor&hl=en&gl=us"
""com.duygiangdg.magiceraser","PHOTOGRAPHY","Magic Eraser - Remove Objects","1,000,000+","1000000","1849828","5.0","VARY","duygiangdg@gmail.com","https://magiceraser.live/privacy-policy","true","PHOTOGRAPHY","[object Object]","Everyone","true","1725922232000","https://play.google.com/store/apps/details?id=com.duygiangdg.magiceraser&hl=en&gl=us"
""ai.lumalabs.polar","PHOTOGRAPHY","Luma AI: 3D Capture","1,000,000+","1000000","1760246","9","VARY","hello@lumalabs.ai","https://lumalabs.ai/legal/privacy","true","PHOTOGRAPHY","[object Object]","Everyone","false","1721106552000","https://play.google.com/store/apps/details?id=ai.lumalabs.polar&hl=en&gl=us"
""com.prequel.app","PHOTOGRAPHY","PREQUEL AI Filter Photo Editor","10,000,000+","10000000","49506593","7.0","VARY","support@prequelapp.com","https://prequel.app/privacy-policy/","true","PHOTOGRAPHY","[object Object]","Everyone","false","1722605429000","https://play.google.com/store/apps/details?id=com.prequel.app&hl=en&gl=us"
""com.jeyluta.timestampcamerafree","PHOTOGRAPHY","Timestamp Camera","50,000,000+","50000000","55224189","VARY","VARY","cybfriend@gmail.com","http://www.timestampcamera.com/PrivacyPolicy.html","true","PHOTOGRAPHY","[object Object]","Everyone","true","1723626179000","https://play.google.com/store/apps/details?id=com.jeyluta.timestampcamerafree&hl=en&gl=us"
""photo.filter.selfie.beauty.camera","PHOTOGRAPHY","Beauty Camera -Selfie, Sticker","10,000,000+","10000000","36089022","5.0","VARY","leopard.v7@gmail.com","https://leopardpolicy.ijoysoftconnect.com/camera/AppPrivacy.html","true","PHOTOGRAPHY","[object Object]","Everyone","true","1723718527000","https://play.google.com/store/apps/details?id=photo.filter.selfie.beauty.camera&hl=en&gl=us"
""com.realistic.texturesmcpe","PHOTOGRAPHY","HD Textures for Minecraft","1,000,000+","1000000","2949561","4.4","VARY","lacaloret15@gmail.com","https://www.iubenda.com/privacy-policy/94573600","true","PHOTOGRAPHY","[object Object]","Everyone","true","1717066056000","https://play.google.com/store/apps/details?id=com.realistic.texturesmcpe&hl=en&gl=us"
""com.cameratag.geotagphoto.gpscamera","PHOTOGRAPHY","Geotag Photo: Camera Location","100,000+","100000","328694","5.0","VARY","phamnguyetnt89@gmail.com","https://sites.google.com/view/miastudiopolicy","true","PHOTOGRAPHY","[object Object]","Everyone","true","1724906875000","https://play.google.com/store/apps/details?id=com.cameratag.geotagphoto.gpscamera&hl=en&gl=us"
""photo.gallery.photoeditor.photo.album","PHOTOGRAPHY","Gallery- Photo Gallery & Album","1,000,000+","1000000","4776581","5.0","VARY","mobilev5.dev@gmail.com","https://mobv5privacy.ijoysoftconnect.com/gallery/AppPrivacy.html","true","PHOTOGRAPHY","[object Object]","Everyone","true","1723798220000","https://play.google.com/store/apps/details?id=photo.gallery.photoeditor.photo.album&hl=en&gl=us"
""com.ai.photoeditor.fx","PHOTOGRAPHY","Face Me - AI Art Photo Editor","5,000,000+","5000000","8305641","7.0","VARY","fillogfeedback@outlook.com","https://sites.google.com/view/vegoo-privacy-policy","true","PHOTOGRAPHY","[object Object]","Everyone","true","1725955519000","https://play.google.com/store/apps/details?id=com.ai.photoeditor.fx&hl=en&gl=us"
""com.facebook.stella","PHOTOGRAPHY","Meta View","100,000+","100000","338388","10","VARY","facebook.android@fb.com","https://www.facebook.com/about/privacy/","true","PHOTOGRAPHY","[object Object]","Everyone","false","1725470790000","https://play.google.com/store/apps/details?id=com.facebook.stella&hl=en&gl=us"
""com.photoaffections.wrendaus","PHOTOGRAPHY","FreePrints Photobooks","1,000,000+","1000000","2311750","9","VARY","pbsupport@freeprintsapp.com","http://www.freephotobook.com/privacy","true","PHOTOGRAPHY","[object Object]","Everyone","false","1723796485000","https://play.google.com/store/apps/details?id=com.photoaffections.wrendaus&hl=en&gl=us"
""cartoon.cartoonyourself.toonapp","PHOTOGRAPHY","Cartoon Photo Editor - ToonAI","500,000+","500000","770415","8.0","VARY","hongdt2@gmail.com","https://sites.google.com/view/privacy-policy-ai-cartoon","true","PHOTOGRAPHY","[object Object]","Everyone","true","1722512126000","https://play.google.com/store/apps/details?id=cartoon.cartoonyourself.toonapp&hl=en&gl=us"
""com.littlelf.smarthome","PHOTOGRAPHY","littlelf smart","500,000+","500000","957401","6.0","VARY","sales@cctvskyline.com","http://www.littlelf.com/privacy-policy.html","true","PHOTOGRAPHY","[object Object]","Everyone","false","1717738772000","https://play.google.com/store/apps/details?id=com.littlelf.smarthome&hl=en&gl=us"
""com.hdcampro.procameralens.photography","PHOTOGRAPHY","HD Cam Pro-Professional Camera","5,000,000+","5000000","5191562","5.0","VARY","appsupport@appcentric.net","https://www.appcentric.net/privacy-policy.html","true","PHOTOGRAPHY","[object Object]","Everyone","true","1723221954000","https://play.google.com/store/apps/details?id=com.hdcampro.procameralens.photography&hl=en&gl=us"
""com.collagemaker.photo.frames","PHOTOGRAPHY","Photo frame app, collage maker","10,000,000+","10000000","36351473","6.0","VARY","photocollage.photoframes@gmail.com","https://sites.google.com/view/photoframescollage/home","true","PHOTOGRAPHY","[object Object]","Everyone","true","1723008433000","https://play.google.com/store/apps/details?id=com.collagemaker.photo.frames&hl=en&gl=us"
""photoeditor.photocut.background.eraser.collagemaker.cutout","PHOTOGRAPHY","PhotoEditor - CollageMaker Pro","100,000+","100000","167521","7.0","VARY","photoapps.feedback@gmail.com","https://photocollage.github.io/privacy_policy.html","true","PHOTOGRAPHY","[object Object]","Everyone","true","1724926380000","https://play.google.com/store/apps/details?id=photoeditor.photocut.background.eraser.collagemaker.cutout&hl=en&gl=us"
""com.catchy.tools.funny.camera","PHOTOGRAPHY","Live Funny Face Camera","5,000,000+","5000000","7049403","5.0","VARY","catchytools@gmail.com","http://adtubeservices.co.in/CatchyTools/privacy_policy.html","true","PHOTOGRAPHY","[object Object]","Teen","true","1719404307000","https://play.google.com/store/apps/details?id=com.catchy.tools.funny.camera&hl=en&gl=us"
""beauty.makeup.cosmo.app","PHOTOGRAPHY","Cosmo Hair Editor, Face Filter","500,000+","500000","665684","7.0","VARY","support@sparkdyn.com","https://sparkdyn.com/privacy_policy.htm","true","PHOTOGRAPHY","[object Object]","Everyone","true","1724850142000","https://play.google.com/store/apps/details?id=beauty.makeup.cosmo.app&hl=en&gl=us"
""djifly.drone.gofly","PHOTOGRAPHY","Go Fly Drone Remote Controller","1,000,000+","1000000","1052605","7.0","VARY","support@leostudio.global","https://leostudio.global/policies.html","true","PHOTOGRAPHY","[object Object]","Everyone","true","1721989260000","https://play.google.com/store/apps/details?id=djifly.drone.gofly&hl=en&gl=us"
""hd.camera","PHOTOGRAPHY","HD Camera","100,000,000+","100000000","123766803","4.4","VARY","nice_team@foxmail.com","https://hd-camera.weebly.com/","true","PHOTOGRAPHY","[object Object]","Everyone","true","1720613048000","https://play.google.com/store/apps/details?id=hd.camera&hl=en&gl=us"
""photo.beauty.sticker.ar.camera","PHOTOGRAPHY","Beauty Camera - Selfie Camera","10,000,000+","10000000","18340192","5.0","VARY","smartchen2015@gmail.com","https://appprivacyv2.ijoysoftconnect.com/camera/AppPrivacy.html","true","PHOTOGRAPHY","[object Object]","Everyone","true","1723724252000","https://play.google.com/store/apps/details?id=photo.beauty.sticker.ar.camera&hl=en&gl=us"
""com.popsa.android","PHOTOGRAPHY","Popsa | Print Your Photos","1,000,000+","1000000","4647469","6.0","VARY","hello@popsa.com","https://popsa.com/privacy","true","PHOTOGRAPHY","[object Object]","Everyone","false","1725361603000","https://play.google.com/store/apps/details?id=com.popsa.android&hl=en&gl=us"
""com.gam.photo.collage.photoeditor.maker","PHOTOGRAPHY","Photo Collage Maker, Editor","1,000,000+","1000000","2269435","7.0","VARY","philiptran0308@gmail.com","https://sites.google.com/view/gampolicy2023","true","PHOTOGRAPHY","[object Object]","Everyone","true","1725865175000","https://play.google.com/store/apps/details?id=com.gam.photo.collage.photoeditor.maker&hl=en&gl=us"
""com.collage.m2","PHOTOGRAPHY","Facelab - Selfie Face Editor","1,000,000+","1000000","1360941","8.0","VARY","facelab@irontech.mobi","https://irontech.mobi/facelab/android/privacy","true","PHOTOGRAPHY","[object Object]","Everyone","false","1724331728000","https://play.google.com/store/apps/details?id=com.collage.m2&hl=en&gl=us"
""com.prequelapp.aistudio","PHOTOGRAPHY","GIO: AI Headshot Generator Pro","1,000,000+","1000000","1119373","7.0","VARY","support@gioapp.ai","https://gioapp.ai/privacy-policy","true","PHOTOGRAPHY","[object Object]","Everyone","false","1724934530000","https://play.google.com/store/apps/details?id=com.prequelapp.aistudio&hl=en&gl=us"
""video.reface.app","PHOTOGRAPHY","Reface: Face Swap AI Photo App","100,000,000+","100000000","141792343","9","VARY","hi@reface.ai","https://hey.reface.ai/privacy/","true","PHOTOGRAPHY","[object Object]","Mature 17+","true","1725207724000","https://play.google.com/store/apps/details?id=video.reface.app&hl=en&gl=us"
""com.handycloset.android.eraser","PHOTOGRAPHY","Background Eraser","100,000,000+","100000000","155643369","VARY","VARY","support_android@handycloset.com","https://privacy.handycloset.com","true","PHOTOGRAPHY","[object Object]","Teen","true","1721054351000","https://play.google.com/store/apps/details?id=com.handycloset.android.eraser&hl=en&gl=us"
""com.night.mode.camera.photo.video","PHOTOGRAPHY","Night Camera Mode: Video Photo","100,000+","100000","319830","9","VARY","lmiu382@gmail.com","https://firebasestorage.googleapis.com/v0/b/night-camera-mode-video-photo.appspot.com/o/Privacy-Policy.html?alt=media&token=c96e42b0-8f03-4e7e-a588-93558cb8fd55","true","PHOTOGRAPHY","[object Object]","Everyone","true","1724325123000","https://play.google.com/store/apps/details?id=com.night.mode.camera.photo.video&hl=en&gl=us"
""com.camera.sweet.beauty.fillter.cameraeditor","PHOTOGRAPHY","Sweet Beauty Camera Filter","100,000+","100000","167149","7.0","VARY","phamnguyetnt89@gmail.com","https://sites.google.com/view/miastudiopolicy","true","PHOTOGRAPHY","[object Object]","Everyone","true","1725435482000","https://play.google.com/store/apps/details?id=com.camera.sweet.beauty.fillter.cameraeditor&hl=en&gl=us"
""com.aging.ai.toonme","PHOTOGRAPHY","Dressup: AI photo Editor & Art","1,000,000+","1000000","1738838","7.0","VARY","fillogfeedback@outlook.com","https://sites.google.com/view/weatherteam","true","PHOTOGRAPHY","[object Object]","Everyone","true","1724416574000","https://play.google.com/store/apps/details?id=com.aging.ai.toonme&hl=en&gl=us"
""com.sweetplus.sweetcamera.sweeteditor","PHOTOGRAPHY","Beauty Sweet Plus - Camera","10,000,000+","10000000","12528029","5.0","VARY","phongsai7786@gmail.com","https://sites.google.com/view/yucam-policy/trang-ch%E1%BB%A7","true","PHOTOGRAPHY","[object Object]","Everyone","true","1721028661000","https://play.google.com/store/apps/details?id=com.sweetplus.sweetcamera.sweeteditor&hl=en&gl=us"
""de.swejuppotto.timewarpscan","PHOTOGRAPHY","TIME WARP SCAN: Face Scanner","10,000,000+","10000000","28859962","5.0","VARY","support.twarp@zipoapps.com","https://zipoapps.com/twarp/privacy","true","PHOTOGRAPHY","[object Object]","Everyone","true","1700646085000","https://play.google.com/store/apps/details?id=de.swejuppotto.timewarpscan&hl=en&gl=us"
""com.timewarpscan.timewarpfilter.warpscan.facescanner.slitscan.warpfilter","PHOTOGRAPHY","Time Warp Scan - Face Scanner","1,000,000+","1000000","1941545","6.0","VARY","ninelogixstudio@gmail.com","https://ninelogix.blogspot.com/2021/09/privacy-policy-for-ninelogix-studio.html","true","PHOTOGRAPHY","[object Object]","Teen","true","1725706191000","https://play.google.com/store/apps/details?id=com.timewarpscan.timewarpfilter.warpscan.facescanner.slitscan.warpfilter&hl=en&gl=us"
""com.imaginstudio.imagetools.pixellab","PHOTOGRAPHY","PixelLab - Text on pictures","100,000,000+","100000000","130155859","5.0","VARY","feedback@appholdings.org","http://appholdings.org/privacypolicy.html","true","PHOTOGRAPHY","[object Object]","Everyone","true","1702889197000","https://play.google.com/store/apps/details?id=com.imaginstudio.imagetools.pixellab&hl=en&gl=us"
""video.mojo","PHOTOGRAPHY","Mojo: Reels and Video Captions","10,000,000+","10000000","15874941","10","VARY","feedback@mojo.video","https://www.mojo-app.com/privacy-policy","true","PHOTOGRAPHY","[object Object]","Everyone","false","1723469037000","https://play.google.com/store/apps/details?id=video.mojo&hl=en&gl=us"
""com.snowcorp.epik","PHOTOGRAPHY","EPIK - AI Photo & Video Editor","50,000,000+","50000000","66166581","9","VARY","epik@snowcorp.com","https://terms.snow.me/EPIK/privacy","true","PHOTOGRAPHY","[object Object]","Teen","false","1724756408000","https://play.google.com/store/apps/details?id=com.snowcorp.epik&hl=en&gl=us"
""com.gurushots.app","PHOTOGRAPHY","GuruShots: Photo Game","1,000,000+","1000000","4725039","7.0","VARY","contact@gurushots.com","https://privacy.gurushots.com/","true","PHOTOGRAPHY","[object Object]","Teen","false","1725363451000","https://play.google.com/store/apps/details?id=com.gurushots.app&hl=en&gl=us"
""ai.vyro.retake","PHOTOGRAPHY","ReShot : AI Headshot, AI Photo","1,000,000+","1000000","2500670","7.0","VARY","reshot.support@vyro.ai","https://www.vyro.ai/privacy","true","PHOTOGRAPHY","[object Object]","Everyone","true","1725610107000","https://play.google.com/store/apps/details?id=ai.vyro.retake&hl=en&gl=us"
""com.thmobile.logomaker","PHOTOGRAPHY","Logo Maker & Logo Creator","5,000,000+","5000000","7830166","5.0","VARY","azmobilesoftware@gmail.com","https://sites.google.com/view/cutewallpapersstudio","true","PHOTOGRAPHY","[object Object]","Everyone","true","1724727101000","https://play.google.com/store/apps/details?id=com.thmobile.logomaker&hl=en&gl=us"
""com.unbound.retrolens","PHOTOGRAPHY","RetroLens: AI Time Travel","50,000+","50000","51968","6.0","VARY","welcome@unboundnation.io","https://www.retrolens.ai/privacy-policy","true","PHOTOGRAPHY","[object Object]","Everyone","false","1725391772000","https://play.google.com/store/apps/details?id=com.unbound.retrolens&hl=en&gl=us"
""com.media.zatashima.studio","PHOTOGRAPHY","GIF Maker, GIF Editor","10,000,000+","10000000","20564518","VARY","VARY","zatashimalab@gmail.com","https://sites.google.com/view/gif-maker-private-policy","true","PHOTOGRAPHY","[object Object]","Everyone","true","1725269172000","https://play.google.com/store/apps/details?id=com.media.zatashima.studio&hl=en&gl=us"
""com.planetart.fpgifts.ww","PHOTOGRAPHY","FreePrints Gifts","1,000,000+","1000000","1216311","9","VARY","fpgsupport@freeprintsapp.com","https://www.freeprints.com/privacy","true","PHOTOGRAPHY","[object Object]","Everyone","false","1724162387000","https://play.google.com/store/apps/details?id=com.planetart.fpgifts.ww&hl=en&gl=us"
""com.lightx","PHOTOGRAPHY","LightX AI Photo Editor Retouch","10,000,000+","10000000","49105072","6.0","VARY","support@lightxapp.com","https://www.lightxeditor.com/app/privacy/","true","PHOTOGRAPHY","[object Object]","Everyone","true","1725978864000","https://play.google.com/store/apps/details?id=com.lightx&hl=en&gl=us"
""com.tikipcamera.android.cameraapp","PHOTOGRAPHY","TikiCam: Pro HD Beauty Camera","10,000,000+","10000000","13599048","7.0","VARY","aaadev88@gmail.com","https://tikicamera.blogspot.com/p/privacy-policy.html","true","PHOTOGRAPHY","[object Object]","Everyone","true","1725885439000","https://play.google.com/store/apps/details?id=com.tikipcamera.android.cameraapp&hl=en&gl=us"
""com.vysionapps.face28","PHOTOGRAPHY","Funny Face Changer Warp Camera","10,000,000+","10000000","32845443","7.0","VARY","vysionapps@gmail.com","https://www.iubenda.com/privacy-policy/7881462/full-legal","true","PHOTOGRAPHY","[object Object]","Everyone","true","1722694826000","https://play.google.com/store/apps/details?id=com.vysionapps.face28&hl=en&gl=us"
""com.lyrebirdstudio.toonart","PHOTOGRAPHY","ToonArt: Cartoon Yourself","10,000,000+","10000000","37620070","7.0","VARY","lyrebirdstudio@gmail.com","https://lyrebirdstudio.net/privacy_policy.htm","true","PHOTOGRAPHY","[object Object]","Everyone","true","1724655064000","https://play.google.com/store/apps/details?id=com.lyrebirdstudio.toonart&hl=en&gl=us"
""com.photoeditor.beautycamera.facemakeup","PHOTOGRAPHY","Photo Editor - Face Makeup","1,000,000+","1000000","4328833","6.0","VARY","developer@diavostar.com","https://sites.google.com/view/ppfacemakeup/pphome?pli=1","true","PHOTOGRAPHY","[object Object]","Everyone","true","1724983016000","https://play.google.com/store/apps/details?id=com.photoeditor.beautycamera.facemakeup&hl=en&gl=us"
""com.type.cartoon.video","PHOTOGRAPHY","ArtPlay - Cartoon Video editor","1,000,000+","1000000","3488955","5.0","VARY","lucadavis212@gmail.com","https://sites.google.com/view/artplay-privacypolicy","true","PHOTOGRAPHY","[object Object]","Everyone","true","1724841591000","https://play.google.com/store/apps/details?id=com.type.cartoon.video&hl=en&gl=us"
""co.appnation.aiphotostudio","PHOTOGRAPHY","Fotorama - AI Photo Generator","500,000+","500000","580086","8.0","VARY","hello@appnation.co","https://appnation.co/privacy","true","PHOTOGRAPHY","[object Object]","Everyone","false","1724774200000","https://play.google.com/store/apps/details?id=co.appnation.aiphotostudio&hl=en&gl=us"
""ai.polycam","PHOTOGRAPHY","Polycam: 3D Scanner & Editor","1,000,000+","1000000","2313346","8.0","VARY","contact@polycam.ai","https://poly.cam/privacy_policy.html","true","PHOTOGRAPHY","[object Object]","Everyone","false","1725565307000","https://play.google.com/store/apps/details?id=ai.polycam&hl=en&gl=us"
""com.funcamerastudio.collagemaker","PHOTOGRAPHY","Collage Maker Photo Editor PIP","10,000,000+","10000000","11528964","9","VARY","support@videoshowapps.com","https://manage.magicutapp.com/appMagicCutApi/customizepage?pageType=CollageMakerPrivacyPolicy","true","PHOTOGRAPHY","[object Object]","Everyone","true","1721806457000","https://play.google.com/store/apps/details?id=com.funcamerastudio.collagemaker&hl=en&gl=us"
""com.footej.camera2","PHOTOGRAPHY","Footej Camera - PRO HD Camera","10,000,000+","10000000","18513462","5.0","VARY","support.footej@zipoapps.com","https://zipoapps.com/footej/privacy","true","PHOTOGRAPHY","[object Object]","Everyone","true","1724263306000","https://play.google.com/store/apps/details?id=com.footej.camera2&hl=en&gl=us"
""photoeditor.ai.photo.editor.photoeditorpro","PHOTOGRAPHY","AI Photo Editor - AIFoto","500,000+","500000","629789","8.0","VARY","picttyteam1@gmail.com","https://dailyjoypro.com/website/Pictty/policy.html","true","PHOTOGRAPHY","[object Object]","Everyone","true","1724925895000","https://play.google.com/store/apps/details?id=photoeditor.ai.photo.editor.photoeditorpro&hl=en&gl=us"
""com.vicman.toonmeapp","PHOTOGRAPHY","ToonMe photo cartoon maker","50,000,000+","50000000","89216787","VARY","VARY","support@pho.to","https://pho.to/privacy","true","PHOTOGRAPHY","[object Object]","Everyone","true","1724257053000","https://play.google.com/store/apps/details?id=com.vicman.toonmeapp&hl=en&gl=us"
""app.getglam","PHOTOGRAPHY","Glam AI: Video & Photo Editor","100,000+","100000","408824","7.0","VARY","contact@glamlabs.app","https://getglam.app/privacy/","true","PHOTOGRAPHY","[object Object]","Everyone","false","1725727097000","https://play.google.com/store/apps/details?id=app.getglam&hl=en&gl=us"
""app.grapheneos.camera.play","PHOTOGRAPHY","Secure Camera","1,000,000+","1000000","4188660","10","VARY","contact@grapheneos.org","https://grapheneos.org/camera-privacy-policy","true","PHOTOGRAPHY","[object Object]","Everyone","false","1722980522000","https://play.google.com/store/apps/details?id=app.grapheneos.camera.play&hl=en&gl=us"
""online.passportphoto.visa.id.app","PHOTOGRAPHY","Passport Size Photo Maker","5,000,000+","5000000","6743744","6.0","VARY","help@passport-photo.online","https://passport-photo.online/privacy-policy","true","PHOTOGRAPHY","[object Object]","Everyone","true","1725283740000","https://play.google.com/store/apps/details?id=online.passportphoto.visa.id.app&hl=en&gl=us"
""com.app.inmatephotos","PHOTOGRAPHY","Inmate Photos: Photos to Jail","100,000+","100000","416139","8.0","VARY","info@inmatephotos.com","https://www.inmatephotos.com/privacy-policy/","true","PHOTOGRAPHY","[object Object]","Everyone","false","1723430131000","https://play.google.com/store/apps/details?id=com.app.inmatephotos&hl=en&gl=us"
""com.blackmagicdesign.android.blackmagiccam","PHOTOGRAPHY","Blackmagic Camera","100,000+","100000","296890","VARY","VARY","info@blackmagicdesign.com","https://www.blackmagicdesign.com/privacy","true","PHOTOGRAPHY","[object Object]","Everyone","false","1724143817000","https://play.google.com/store/apps/details?id=com.blackmagicdesign.android.blackmagiccam&hl=en&gl=us"
""com.wtmp.svdsoftware","PHOTOGRAPHY","WTMP — Who touched my phone?","10,000,000+","10000000","25928482","6.0","VARY","mdeveloperspost@gmail.com","https://wtmp.app/posts/wtmp-privacy-policy/","true","PHOTOGRAPHY","[object Object]","Everyone","false","1725782927000","https://play.google.com/store/apps/details?id=com.wtmp.svdsoftware&hl=en&gl=us"
""com.gpsmapcamera.geotagging.map.gpscamera","PHOTOGRAPHY","GPS Photo Location & Timestamp","500,000+","500000","978822","7.0","VARY","abdallahshure99@gmail.com","https://shureestudio.netlify.app/policy","true","PHOTOGRAPHY","[object Object]","Everyone","true","1723870199000","https://play.google.com/store/apps/details?id=com.gpsmapcamera.geotagging.map.gpscamera&hl=en&gl=us"
""collage.maker.photoeditor","PHOTOGRAPHY","Collage Maker - Photo Editor","10,000,000+","10000000","23316847","4.4","VARY","contactshamble@gmail.com","https://aphotostudio.tumblr.com/post/178885611468/privacy-policy","true","PHOTOGRAPHY","[object Object]","Everyone","true","1722876042000","https://play.google.com/store/apps/details?id=collage.maker.photoeditor&hl=en&gl=us"
""com.iosgalleryigallery.iphonegallery","PHOTOGRAPHY","Gallery - Photos & Videos App","100,000+","100000","447858","5.0","VARY","instavideodown@gmail.com","https://videomakerinsta.blogspot.com/2021/05/policy-this-page-is-used-to-inform.html","true","PHOTOGRAPHY","[object Object]","Everyone","true","1725515990000","https://play.google.com/store/apps/details?id=com.iosgalleryigallery.iphonegallery&hl=en&gl=us"
""hd.camera.sticker.filter","PHOTOGRAPHY","Camera - Fast Snap with Filter","10,000,000+","10000000","11141175","6.0","VARY","pointdotdog@gmail.com","https://sites.google.com/view/1bitpolicy","true","PHOTOGRAPHY","[object Object]","Everyone","true","1724913528000","https://play.google.com/store/apps/details?id=hd.camera.sticker.filter&hl=en&gl=us"
""com.photogallery.privategallery.album","PHOTOGRAPHY","Gallery","100,000+","100000","166287","5.0","VARY","floratech9476@gmail.com","https://sites.google.com/view/floratech9476/home","true","PHOTOGRAPHY","[object Object]","Everyone","true","1721886679000","https://play.google.com/store/apps/details?id=com.photogallery.privategallery.album&hl=en&gl=us"
""com.energysh.quickarte","PHOTOGRAPHY","AI Image Generator & AI Video","5,000,000+","5000000","8459273","6.0","VARY","support@videoshowapps.com","https://manage.magicutapp.com/appMagicCutApi/customizepage?pageType=QA_PrivacyPolicy","true","PHOTOGRAPHY","[object Object]","Teen","true","1724402864000","https://play.google.com/store/apps/details?id=com.energysh.quickarte&hl=en&gl=us"
""com.storybeat","PHOTOGRAPHY","Storybeat Reels & Story Maker","10,000,000+","10000000","29125742","6.0","VARY","support@storybeat.com","https://www.storybeat.com/terms","true","PHOTOGRAPHY","[object Object]","Everyone","false","1725255438000","https://play.google.com/store/apps/details?id=com.storybeat&hl=en&gl=us"
""photo.editor.picture.cartoon.face.maker.body.enhance.object.remover.eraser","PHOTOGRAPHY","Photo Editor Effects: PhotoPic","10,000+","10000","28702","7.0","VARY","support@sparkdyn.com","https://sparkdyn.com/privacy_policy.htm","true","PHOTOGRAPHY","[object Object]","Everyone","true","1725636910000","https://play.google.com/store/apps/details?id=photo.editor.picture.cartoon.face.maker.body.enhance.object.remover.eraser&hl=en&gl=us"
""tap.photo.boost.restoration","PHOTOGRAPHY","PhotoBoost: Clear Blurry Photo","1,000,000+","1000000","1618710","9","VARY","support@tap.pm","https://tap.pm/privacy-policy-photoboost/","true","PHOTOGRAPHY","[object Object]","Everyone","true","1725453199000","https://play.google.com/store/apps/details?id=tap.photo.boost.restoration&hl=en&gl=us"
""com.prinics.kodak.photoprinter","PHOTOGRAPHY","KODAK Photo Printer","500,000+","500000","671103","6.0","VARY","support@prinics.com","https://www.elitebrands.com/privacy-policy","true","PHOTOGRAPHY","[object Object]","Everyone","false","1724918995000","https://play.google.com/store/apps/details?id=com.prinics.kodak.photoprinter&hl=en&gl=us"
""ai.photo.generator.cartoon.picture.editor.face.filter.make.anime.avatar.art","PHOTOGRAPHY","AI Future Baby Maker: GenArt","100,000+","100000","144098","7.0","VARY","lyrebirdstudio@gmail.com","https://lyrebirdstudio.net/privacy.txt","true","PHOTOGRAPHY","[object Object]","Everyone","true","1724933153000","https://play.google.com/store/apps/details?id=ai.photo.generator.cartoon.picture.editor.face.filter.make.anime.avatar.art&hl=en&gl=us"
""com.gif.gifmaker","PHOTOGRAPHY","GIF Maker - GIF Editor","5,000,000+","5000000","5268499","5.0","VARY","support.gifmaker@cardsapp.com","https://cardsapp.com/gifmaker/privacy/","true","PHOTOGRAPHY","[object Object]","Everyone","true","1725528545000","https://play.google.com/store/apps/details?id=com.gif.gifmaker&hl=en&gl=us"
""com.picframes.android","PHOTOGRAPHY","Collage Maker - Grid & Frames","10,000,000+","10000000","21668826","5.0","VARY","pavan.doddavala@gmail.com","https://outdoingapps.blogspot.com/p/privacy-policy-for-collage-maker-grid.html","true","PHOTOGRAPHY","[object Object]","Everyone","true","1723619016000","https://play.google.com/store/apps/details?id=com.picframes.android&hl=en&gl=us"
""com.camerafilm.lofiretro","PHOTOGRAPHY","Dazz Cam: Retro Filter Effect","10,000,000+","10000000","11471229","5.0","VARY","support@dazzcam.app","https://sites.google.com/view/dazzstudioprivacy","true","PHOTOGRAPHY","[object Object]","Everyone","true","1725426427000","https://play.google.com/store/apps/details?id=com.camerafilm.lofiretro&hl=en&gl=us"
""instasquare.photoeditor.effect.cutout","PHOTOGRAPHY","InstaSquare Photo Editor","5,000,000+","5000000","8873955","4.1","VARY","lydiamerritt6387@gmail.com","https://sites.google.com/view/photogrid683/home","true","PHOTOGRAPHY","[object Object]","Everyone","true","1717322724000","https://play.google.com/store/apps/details?id=instasquare.photoeditor.effect.cutout&hl=en&gl=us"
""com.magicv.airbrush","PHOTOGRAPHY","AirBrush: Photo/Video Editor","50,000,000+","50000000","84487119","6.0","VARY","support@appairbrush.com","https://airbrush.com/tools/legal/privacy-policy/en","true","PHOTOGRAPHY","[object Object]","Everyone","true","1725531558000","https://play.google.com/store/apps/details?id=com.magicv.airbrush&hl=en&gl=us"
""com.planetart.fptiles.ww","PHOTOGRAPHY","FreePrints Photo Tiles","1,000,000+","1000000","3974148","9","VARY","ptsupport@freeprintsapp.com","http://www.freephototiles.com/privacy","true","PHOTOGRAPHY","[object Object]","Everyone","false","1725278887000","https://play.google.com/store/apps/details?id=com.planetart.fptiles.ww&hl=en&gl=us"
""com.photo.retouch.objects.remove","PHOTOGRAPHY","Photo Retouch: Picture Editor","500,000+","500000","865079","8.0","VARY","support@europosit.com","https://europosit.com/privacy/","true","PHOTOGRAPHY","[object Object]","Everyone","true","1709029635000","https://play.google.com/store/apps/details?id=com.photo.retouch.objects.remove&hl=en&gl=us"
""us.keepsake.keepsake","PHOTOGRAPHY","Keepsake Frames","100,000+","100000","444721","7.0","VARY","support@keepsakeframes.com","https://keepsakeframes.com/privacy","true","PHOTOGRAPHY","[object Object]","Everyone","false","1718979322000","https://play.google.com/store/apps/details?id=us.keepsake.keepsake&hl=en&gl=us"
""com.hde7.fotogenic","PHOTOGRAPHY","Fotogenic : Face & Body Editor","5,000,000+","5000000","8325246","4.4","VARY","support@hde7.com","http://www.hde7.com/privacy_policy.html","true","PHOTOGRAPHY","[object Object]","Everyone","false","1680751855000","https://play.google.com/store/apps/details?id=com.hde7.fotogenic&hl=en&gl=us"
""com.photoeditor.sunflower","PHOTOGRAPHY","Remover bg - Photo Editor","1,000,000+","1000000","4452868","6.0","VARY","anhphuc0208196@gmail.com","https://sites.google.com/view/sunflower-photo/app","true","PHOTOGRAPHY","[object Object]","Everyone","true","1724404705000","https://play.google.com/store/apps/details?id=com.photoeditor.sunflower&hl=en&gl=us"
""photo.camera.beauty.makeup.camera","PHOTOGRAPHY","Beauty Camera - Selfie, Makeup","500,000+","500000","658401","5.0","VARY","litterpenguin.v6@gmail.com","https://lpprivacy.ijoysoftconnect.com/camera/AppPrivacy.html","true","PHOTOGRAPHY","[object Object]","Everyone","true","1723860764000","https://play.google.com/store/apps/details?id=photo.camera.beauty.makeup.camera&hl=en&gl=us"
""com.trevelLinse.nightcamhin","PHOTOGRAPHY","Night Mode: Photo & Video","1,000,000+","1000000","2240350","5.0","VARY","contact@travellens.app","https://travellens.app/privacy","true","PHOTOGRAPHY","[object Object]","Everyone","true","1719913461000","https://play.google.com/store/apps/details?id=com.trevelLinse.nightcamhin&hl=en&gl=us"
""com.locationonphoto.gpsmapcamera.geotagging.gpscamera","PHOTOGRAPHY","GPS Camera - GPS Map","10,000,000+","10000000","11273112","6.0","VARY","officetools360@gmail.com","https://gpsmap.toptapstudio.com/privacy-policy.html","true","PHOTOGRAPHY","[object Object]","Everyone","true","1723437780000","https://play.google.com/store/apps/details?id=com.locationonphoto.gpsmapcamera.geotagging.gpscamera&hl=en&gl=us"
""com.feelty","PHOTOGRAPHY","Presets for Lightroom - FLTR","10,000,000+","10000000","24550149","6.0","VARY","support@fltr.pro","https://onelightapps.io/w-privacy-policy","true","PHOTOGRAPHY","[object Object]","Everyone","true","1722009816000","https://play.google.com/store/apps/details?id=com.feelty&hl=en&gl=us"
""com.cerdillac.filmmaker","PHOTOGRAPHY","Film Maker Pro - Movie Maker","10,000,000+","10000000","30680037","5.0","VARY","cerdillaczhang@outlook.com","http://www.tribiecommunity.com/pp.html","true","PHOTOGRAPHY","[object Object]","Teen","true","1718798635000","https://play.google.com/store/apps/details?id=com.cerdillac.filmmaker&hl=en&gl=us"
""com.picstok.photoeditor.kozalakug","PHOTOGRAPHY","FotoCraft Photo Editor, Camera","1,000,000+","1000000","1983179","5.0","VARY","reachout@kozalakug.com","https://www.kozalakug.com/privacy-policy/","true","PHOTOGRAPHY","[object Object]","Everyone","true","1721312276000","https://play.google.com/store/apps/details?id=com.picstok.photoeditor.kozalakug&hl=en&gl=us"
""com.baseapp.eyeem","PHOTOGRAPHY","EyeEm - Sell Your Photos","10,000,000+","10000000","27045176","5.0","VARY","support@eyeem.com","http://www.eyeem.com/privacy","true","PHOTOGRAPHY","[object Object]","Everyone","false","1694284961000","https://play.google.com/store/apps/details?id=com.baseapp.eyeem&hl=en&gl=us"
""com.jsdev.instasize","PHOTOGRAPHY","InstaSize Photo Editor＋Resizer","50,000,000+","50000000","73539316","6.0","VARY","support@instasize.com","https://instasize.com/privacy-policy","true","PHOTOGRAPHY","[object Object]","Everyone","false","1725894669000","https://play.google.com/store/apps/details?id=com.jsdev.instasize&hl=en&gl=us"
""com.photoeditor.photo.effects","PHOTOGRAPHY","Music Video Maker Photo Editor","10,000,000+","10000000","10692952","7.0","VARY","artstudiojoin@gmail.com","http://photoeffectcut.picartistpro.top/PrivacyPolicy/","true","PHOTOGRAPHY","[object Object]","Everyone","true","1722257058000","https://play.google.com/store/apps/details?id=com.photoeditor.photo.effects&hl=en&gl=us"
""air.com.befunky.BeFunkyPhotoEditor","PHOTOGRAPHY","Photo Editor by BeFunky","10,000,000+","10000000","15997830","9","VARY","support@befunky.com","http://www.befunky.com/privacy/","true","PHOTOGRAPHY","[object Object]","Everyone","false","1716336447000","https://play.google.com/store/apps/details?id=air.com.befunky.BeFunkyPhotoEditor&hl=en&gl=us"
""com.indiecode.dungeon","GAME","Dungeon Manager : Mine King","500,000+","500000","505639","7.0","VARY","indiecode2020@gmail.com","https://rainbowrabbit.co.kr/privacy-policy/","true","GAME_ACTION","[object Object],[object Object],[object Object],[object Object],[object Object],[object Object],[object Object]","Everyone 10+","true","1725590774000","https://play.google.com/store/apps/details?id=com.indiecode.dungeon&hl=en&gl=us"
""com.indiecode.masters","GAME","Moba League:PvP Trainer","1,000,000+","1000000","1007664","6.0","VARY","indiecode20@gmail.com","https://rainbowrabbit.co.kr/privacy-policy/","true","GAME_STRATEGY","[object Object],[object Object],[object Object],[object Object],[object Object],[object Object]","Everyone 10+","true","1725529534000","https://play.google.com/store/apps/details?id=com.indiecode.masters&hl=en&gl=us"
""com.supercell.brawlstars","GAME","Brawl Stars","100,000,000+","100000000","422218344","7.0","VARY","gp-info@supercell.com","https://supercell.com/en/privacy-policy/","true","GAME_ACTION","[object Object],[object Object],[object Object],[object Object],[object Object],[object Object],[object Object],[object Object],[object Object],[object Object]","Everyone 10+","false","1724421326000","https://play.google.com/store/apps/details?id=com.supercell.brawlstars&hl=en&gl=us"
""com.roblox.client","GAME","Roblox","1,000,000,000+","1000000000","1065519760","6.0","VARY","info@roblox.com","http://www.roblox.com/info/Privacy.aspx","true","GAME_ADVENTURE","[object Object],[object Object],[object Object],[object Object],[object Object],[object Object],[object Object],[object Object]","Teen","false","1725566110000","https://play.google.com/store/apps/details?id=com.roblox.client&hl=en&gl=us"
""com.vitastudio.mahjong","GAME","Vita Mahjong","10,000,000+","10000000","13027482","7.0","VARY","Support@vitastudio.ai","https://vitastudio.ai/pp.html","true","GAME_BOARD","[object Object],[object Object],[object Object],[object Object],[object Object],[object Object],[object Object]","Everyone","true","1725633852000","https://play.google.com/store/apps/details?id=com.vitastudio.mahjong&hl=en&gl=us"
""com.tensquaregames.letsfish2","GAME","Fishing Clash: Sport Simulator","100,000,000+","100000000","112506849","7.0","VARY","support.fishingclash@tensquaregames.com","https://regulations.tensquaregames.com/en/privacy_policy_en/","true","GAME_SIMULATION","[object Object],[object Object],[object Object],[object Object],[object Object],[object Object],[object Object]","Everyone","false","1725358588000","https://play.google.com/store/apps/details?id=com.tensquaregames.letsfish2&hl=en&gl=us"
""com.downhill.race.league","GAME","Downhill Race League","1,000,000+","1000000","2634121","7.0","VARY","support@boombit.com","https://boombit.com/privacy-policy","true","GAME_SIMULATION","[object Object]","Everyone 10+","true","1725894414000","https://play.google.com/store/apps/details?id=com.downhill.race.league&hl=en&gl=us"
""com.scopely.monopolygo","GAME","MONOPOLY GO!","50,000,000+","50000000","74315609","6.0","VARY","support@monopolygo.com","https://scopely.com/privacy/","true","GAME_BOARD","[object Object],[object Object],[object Object],[object Object],[object Object],[object Object],[object Object]","Everyone","false","1725954608000","https://play.google.com/store/apps/details?id=com.scopely.monopolygo&hl=en&gl=us"
""com.block.juggle","GAME","Block Blast!","100,000,000+","100000000","277796808","5.0","VARY","blockblast-support@hungrystudio.com","https://www.hungrystudio.com/privacyus.html","true","GAME_PUZZLE","[object Object],[object Object],[object Object],[object Object],[object Object],[object Object]","Everyone","true","1725976288000","https://play.google.com/store/apps/details?id=com.block.juggle&hl=en&gl=us"
""com.JindoBlu.OfflineGames","GAME","Offline Games - No Wifi Games","50,000,000+","50000000","73879488","5.1","VARY","jindofrog@gmail.com","https://www.iubenda.com/privacy-policy/64629328","true","GAME_CASUAL","[object Object],[object Object],[object Object],[object Object],[object Object]","Everyone","true","1723831097000","https://play.google.com/store/apps/details?id=com.JindoBlu.OfflineGames&hl=en&gl=us"
""com.zm.nuts","GAME","Nuts — Color Sort Puzzle Games","5,000,000+","5000000","5358093","5.1","VARY","contact@zephyrmobile.com","https://zephyrmobile.com/privacy/","true","GAME_PUZZLE","[object Object]","Everyone","true","1724414329000","https://play.google.com/store/apps/details?id=com.zm.nuts&hl=en&gl=us"
""io.voodoo.holeio","GAME","Hole.io","100,000,000+","100000000","204015501","7.0","VARY","holeio@voodoo.io","https://www.voodoo.io/privacy","true","GAME_ARCADE","[object Object],[object Object],[object Object],[object Object],[object Object],[object Object],[object Object],[object Object],[object Object],[object Object],[object Object]","Teen","true","1725529051000","https://play.google.com/store/apps/details?id=io.voodoo.holeio&hl=en&gl=us"
""com.Polystation.BuildABabe","GAME","Build A Queen","100,000,000+","100000000","117876404","6.0","VARY","bartoogamecompany@gmail.com","http://supersonic.com/privacy","true","GAME_CASUAL","[object Object],[object Object],[object Object],[object Object],[object Object],[object Object]","Everyone","true","1725225274000","https://play.google.com/store/apps/details?id=com.Polystation.BuildABabe&hl=en&gl=us"
""io.supercent.pizzaidle","GAME","Pizza Ready!","100,000,000+","100000000","128577269","6.0","VARY","help@supercent.io","http://corp.supercent.io/PrivacyPolicy","true","GAME_SIMULATION","[object Object],[object Object],[object Object],[object Object],[object Object],[object Object],[object Object],[object Object]","Everyone","true","1725631407000","https://play.google.com/store/apps/details?id=io.supercent.pizzaidle&hl=en&gl=us"
""net.peakgames.match","GAME","Match Factory!","5,000,000+","5000000","7623716","7.0","VARY","support@peak.com","https://www.peak.com/privacy","true","GAME_PUZZLE","[object Object],[object Object],[object Object],[object Object],[object Object],[object Object]","Everyone","false","1725613363000","https://play.google.com/store/apps/details?id=net.peakgames.match&hl=en&gl=us"
""com.datsgames.citysiege","GAME","Fluff Crusade","1,000,000+","1000000","1373799","5.1","VARY","support@dats.games","https://dats.games/privacy-policy/","true","GAME_STRATEGY","[object Object]","Everyone 10+","true","1725961359000","https://play.google.com/store/apps/details?id=com.datsgames.citysiege&hl=en&gl=us"
""kidultlovin.word.zen","GAME","Zen Word® - Relax Puzzle Game","10,000,000+","10000000","11733136","7.0","VARY","support@oakevergames.com","https://kidultlovin.com/pp.html","true","GAME_WORD","[object Object],[object Object],[object Object],[object Object],[object Object],[object Object]","Everyone","true","1725617479000","https://play.google.com/store/apps/details?id=kidultlovin.word.zen&hl=en&gl=us"
""com.gof.global","GAME","Whiteout Survival","10,000,000+","10000000","30994570","5.0","VARY","contact_wos@centurygame.com","https://www.centurygames.com/privacy-policy/","true","GAME_STRATEGY","[object Object],[object Object],[object Object],[object Object],[object Object],[object Object]","Everyone 10+","false","1725285768000","https://play.google.com/store/apps/details?id=com.gof.global&hl=en&gl=us"
""com.together.CrazyBus","GAME","Bus Mania - Car Parking Jam","1,000,000+","1000000","3732704","6.0","VARY","liuyiping@zplay.com","https://www.zplay.com/privacy-policy/","true","GAME_PUZZLE","[object Object]","Everyone","true","1725553631000","https://play.google.com/store/apps/details?id=com.together.CrazyBus&hl=en&gl=us"
""com.melon.drop.fruit.merge.master","GAME","Fruit Merge: Juicy Drop Game","5,000,000+","5000000","5573116","7.0","VARY","account@bravestars.com","https://ioplus.link/privacy.txt","true","GAME_PUZZLE","[object Object]","Everyone","true","1724648469000","https://play.google.com/store/apps/details?id=com.melon.drop.fruit.merge.master&hl=en&gl=us"
""io.voodoo.paper2","GAME","Paper.io 2","100,000,000+","100000000","293072808","7.0","VARY","support@voodoo.io","https://www.voodoo.io/privacy","true","GAME_ARCADE","[object Object],[object Object],[object Object],[object Object],[object Object]","Everyone","true","1722518204000","https://play.google.com/store/apps/details?id=io.voodoo.paper2&hl=en&gl=us"
""com.fun.lastwar.gp","GAME","Last War:Survival Game","10,000,000+","10000000","31156713","5.0","VARY","lastwar.dev@gmail.com","https://lastwar-h5.lastwargame.com/app/privacy_new.html","true","GAME_STRATEGY","[object Object],[object Object],[object Object],[object Object],[object Object]","Teen","false","1725603439000","https://play.google.com/store/apps/details?id=com.fun.lastwar.gp&hl=en&gl=us"
""com.dts.freefireth","GAME","Free Fire","1,000,000,000+","1000000000","1678943949","4.4","VARY","freefire@garena.com","https://content.garena.com/legal/pp/pp_en.html","true","GAME_ACTION","[object Object],[object Object],[object Object],[object Object],[object Object],[object Object],[object Object],[object Object]","Mature 17+","false","1724826747000","https://play.google.com/store/apps/details?id=com.dts.freefireth&hl=en&gl=us"
""com.playspare.supermarket.store.simulator","GAME","My Supermarket Simulator 3D","10,000,000+","10000000","18707020","7.1","VARY","info@playspare.com","http://playspare.com/privacy-policy/","true","GAME_SIMULATION","[object Object],[object Object],[object Object],[object Object],[object Object]","Everyone","true","1724332461000","https://play.google.com/store/apps/details?id=com.playspare.supermarket.store.simulator&hl=en&gl=us"
""com.dreamgames.royalmatch","GAME","Royal Match","100,000,000+","100000000","224117533","5.1","VARY","contact@dreamgames.com","https://dreamgames.com/en/privacy","true","GAME_PUZZLE","[object Object],[object Object],[object Object],[object Object],[object Object],[object Object],[object Object],[object Object],[object Object],[object Object]","Everyone","false","1724940148000","https://play.google.com/store/apps/details?id=com.dreamgames.royalmatch&hl=en&gl=us"
""io.supercent.linkedcubic","GAME","Snake Clash!","50,000,000+","50000000","50433501","6.0","VARY","help@supercent.io","https://corp.supercent.io/PrivacyPolicy","true","GAME_ARCADE","[object Object],[object Object],[object Object],[object Object],[object Object],[object Object],[object Object],[object Object],[object Object],[object Object]","Everyone","true","1725604301000","https://play.google.com/store/apps/details?id=io.supercent.linkedcubic&hl=en&gl=us"
""com.playrix.township","GAME","Township","100,000,000+","100000000","410368869","5.0","VARY","support@playrix.com","https://www.playrix.com/privacy/index.html","true","GAME_CASUAL","[object Object],[object Object],[object Object],[object Object],[object Object],[object Object],[object Object],[object Object]","Everyone","true","1723133146000","https://play.google.com/store/apps/details?id=com.playrix.township&hl=en&gl=us"
""com.superplaystudios.dicedreams","GAME","Dice Dreams™️","10,000,000+","10000000","41375001","7.0","VARY","support@superplay.co","https://www.superplay.co/privacy-policy","true","GAME_CASUAL","[object Object],[object Object],[object Object],[object Object],[object Object],[object Object],[object Object],[object Object],[object Object],[object Object],[object Object]","Everyone","true","1724917530000","https://play.google.com/store/apps/details?id=com.superplaystudios.dicedreams&hl=en&gl=us"
""com.robtopx.geometryjumplite","GAME","Geometry Dash Lite","100,000,000+","100000000","472549103","5.0","VARY","support@robtopgames.com","http://www.robtopgames.com/privacy","true","GAME_ARCADE","[object Object],[object Object],[object Object],[object Object],[object Object],[object Object],[object Object]","Everyone","true","1712700145000","https://play.google.com/store/apps/details?id=com.robtopx.geometryjumplite&hl=en&gl=us"
""com.kiloo.subwaysurf","GAME","Subway Surfers","1,000,000,000+","1000000000","2466496265","6.0","VARY","help_subwaysurf@sybogames.com","https://sybogames.com/privacy-policy/","true","GAME_ARCADE","[object Object],[object Object],[object Object],[object Object],[object Object],[object Object],[object Object],[object Object],[object Object]","Everyone 10+","true","1725008220000","https://play.google.com/store/apps/details?id=com.kiloo.subwaysurf&hl=en&gl=us"
""com.stoneage.privatesub","GAME","Stone Age: Settlement survival","1,000,000+","1000000","3589271","5.0","VARY","support@mamboo.games","https://ent.mamboo.games/privacy-policy","true","GAME_STRATEGY","[object Object],[object Object],[object Object],[object Object],[object Object],[object Object],[object Object]","Everyone","true","1725622618000","https://play.google.com/store/apps/details?id=com.stoneage.privatesub&hl=en&gl=us"
""com.studio27.MelonPlayground","GAME","Melon Sandbox","10,000,000+","10000000","49699513","6.0","VARY","help@melonplayground.com","https://studio27.games/Privacy-policy","true","GAME_SIMULATION","[object Object],[object Object],[object Object],[object Object],[object Object],[object Object],[object Object]","Teen","true","1725280337000","https://play.google.com/store/apps/details?id=com.studio27.MelonPlayground&hl=en&gl=us"
""com.easystudio.screw.pin.jam.puzzle","GAME","Screw Pin Jam Puzzle","1,000,000+","1000000","4848811","8.0","VARY","miracle.ga2016@gmail.com","http://easyclean.vip/EasyjoyGameStudio/privacy","true","GAME_CASUAL","[object Object],[object Object],[object Object],[object Object],[object Object],[object Object]","Everyone","true","1725446391000","https://play.google.com/store/apps/details?id=com.easystudio.screw.pin.jam.puzzle&hl=en&gl=us"
""ball.sort.color.water.puzzle.games","GAME","Ball Sort","1,000,000+","1000000","1621687","5.1","VARY","myfuncookie@gmail.com","https://prv.wondertrip.fun/privacypolicy.html","true","GAME_PUZZLE","[object Object]","Everyone","true","1724231456000","https://play.google.com/store/apps/details?id=ball.sort.color.water.puzzle.games&hl=en&gl=us"
""com.ig.screw.jam.nuts.bolts","GAME","Screw Out: Jam Puzzle","5,000,000+","5000000","8900767","7.0","VARY","gamesupport@ikameglobal.com","https://zegostudio.com/privacy-policy.html","true","GAME_PUZZLE","[object Object],[object Object],[object Object],[object Object],[object Object],[object Object]","Everyone","true","1725866909000","https://play.google.com/store/apps/details?id=com.ig.screw.jam.nuts.bolts&hl=en&gl=us"
""com.ken.supermarket","GAME","Supermarket Master 3D","1,000,000+","1000000","1864646","6.0","VARY","mutekiken7777xxy@gmail.com","https://ce-games.com/policy.html","true","GAME_CASUAL","[object Object]","Everyone","true","1725351834000","https://play.google.com/store/apps/details?id=com.ken.supermarket&hl=en&gl=us"
""com.playstrom.hero.tower","GAME","TDS - Tower Destiny Survive","1,000,000+","1000000","4285357","8.0","VARY","tower_ds_android@say.games","https://say.games/privacy-policy","true","GAME_ACTION","[object Object]","Everyone 10+","true","1725459878000","https://play.google.com/store/apps/details?id=com.playstrom.hero.tower&hl=en&gl=us"
""com.pronetis.ironball2","GAME","Going Balls","100,000,000+","100000000","321625307","6.0","VARY","support@supersonic.com","https://supersonic.com/privacy/","true","GAME_CASUAL","[object Object],[object Object],[object Object],[object Object],[object Object],[object Object]","Everyone","true","1724759353000","https://play.google.com/store/apps/details?id=com.pronetis.ironball2&hl=en&gl=us"
""com.weegoon.thiefpuzzle","GAME","Thief Puzzle: to pass a level","100,000,000+","100000000","236337048","5.1","VARY","contact+thief-puzzle@tap-nation.io","https://www.tap-nation.io/policy","true","GAME_PUZZLE","[object Object],[object Object],[object Object],[object Object],[object Object],[object Object]","Everyone","true","1724405587000","https://play.google.com/store/apps/details?id=com.weegoon.thiefpuzzle&hl=en&gl=us"
""com.miHoYo.GenshinImpact","GAME","Genshin Impact: Natlan Launch","100,000,000+","100000000","107546334","6.0","VARY","genshin_cs@hoyoverse.com","https://genshin.hoyoverse.com/company/privacy","true","GAME_ADVENTURE","[object Object],[object Object],[object Object],[object Object],[object Object],[object Object],[object Object],[object Object],[object Object]","Teen","false","1724038513000","https://play.google.com/store/apps/details?id=com.miHoYo.GenshinImpact&hl=en&gl=us"
""com.paperdoll.diary.dressup.game","GAME","Paper Doll Diary: Dress Up DIY","10,000,000+","10000000","19422561","5.0","VARY","account@bravestars.com","https://publish.bravestars.com/privacy.txt","true","GAME_CASUAL","[object Object],[object Object],[object Object],[object Object],[object Object],[object Object]","Everyone","true","1724927906000","https://play.google.com/store/apps/details?id=com.paperdoll.diary.dressup.game&hl=en&gl=us"
""com.cedar.homeowner.tiles.match.merge","GAME","Tile Trio: Makeover Match 3d","1,000,000+","1000000","2170826","5.1","VARY","support@freeplay.io","https://freeplay.io/games/android/privacy-policy/","true","GAME_PUZZLE","[object Object]","Everyone","true","1725038879000","https://play.google.com/store/apps/details?id=com.cedar.homeowner.tiles.match.merge&hl=en&gl=us"
""in.playsimple.wordsearch","GAME","Word Search Explorer","10,000,000+","10000000","16300139","7.0","VARY","support@playsimple.in","https://playsimple.in/privacy","true","GAME_WORD","[object Object],[object Object],[object Object],[object Object],[object Object],[object Object]","Everyone","true","1725968869000","https://play.google.com/store/apps/details?id=in.playsimple.wordsearch&hl=en&gl=us"
""com.ig.color.wood.screw","GAME","Color Wood Screw","1,000,000+","1000000","2293383","7.0","VARY","gamesupport@ikameglobal.com","https://zegostudio.com/privacy-policy.html","true","GAME_PUZZLE","[object Object]","Everyone","true","1725718533000","https://play.google.com/store/apps/details?id=com.ig.color.wood.screw&hl=en&gl=us"
""com.balloon.master.cube.match","GAME","Balloon Master 3D:Triple Match","5,000,000+","5000000","5241610","5.1","VARY","higgsstudio@higgs.hk","http://yszc.higgsyx.com/yszc.html","true","GAME_PUZZLE","[object Object],[object Object],[object Object],[object Object],[object Object],[object Object]","Everyone","true","1725630089000","https://play.google.com/store/apps/details?id=com.balloon.master.cube.match&hl=en&gl=us"
""com.ea.gp.maddennfl21mobile","GAME","Madden NFL 25 Mobile Football","10,000,000+","10000000","15910762","5.0","VARY","help@eamobile.com","http://privacy.ea.com/en","true","GAME_SPORTS","[object Object],[object Object],[object Object],[object Object],[object Object],[object Object],[object Object],[object Object]","Everyone","true","1725552113000","https://play.google.com/store/apps/details?id=com.ea.gp.maddennfl21mobile&hl=en&gl=us"
""com.crypt.gram.puzz","GAME","Cryptogram Letters and Numbers","10,000,000+","10000000","11203116","5.1","VARY","contact@joyteractive.com","https://sites.google.com/view/casual-game-privacy-policy","true","GAME_WORD","[object Object],[object Object],[object Object],[object Object],[object Object],[object Object]","Everyone","true","1723479165000","https://play.google.com/store/apps/details?id=com.crypt.gram.puzz&hl=en&gl=us"
""com.playgendary.kickthebuddy","GAME","Kick the Buddy－Fun Action Game","100,000,000+","100000000","426891304","5.1","VARY","support@playgendary.com","https://playgendary.com/en/playgendary-limited-privacy-policy-others","true","GAME_ACTION","[object Object],[object Object],[object Object],[object Object],[object Object],[object Object]","Teen","true","1725894722000","https://play.google.com/store/apps/details?id=com.playgendary.kickthebuddy&hl=en&gl=us"
""com.freeplay.twerk","GAME","Twerk Race 3d — Fun run game!","100,000,000+","100000000","161648384","7.0","VARY","support@freeplay.io","https://freeplay.io/games/android/privacy-policy/","true","GAME_ARCADE","[object Object],[object Object],[object Object],[object Object],[object Object],[object Object]","Teen","true","1724847540000","https://play.google.com/store/apps/details?id=com.freeplay.twerk&hl=en&gl=us"
""com.youmusic.magictiles","GAME","Magic Tiles 3","500,000,000+","500000000","681267919","5.1","VARY","support@amanotes.com","https://www.amanotes.com/privacy-policy","true","GAME_MUSIC","[object Object],[object Object],[object Object],[object Object],[object Object],[object Object],[object Object],[object Object],[object Object]","Everyone 10+","true","1725624638000","https://play.google.com/store/apps/details?id=com.youmusic.magictiles&hl=en&gl=us"
""com.balloon.triple.match.master3d.game","GAME","Balloon Triple Match: Match 3D","5,000,000+","5000000","5220975","5.1","VARY","higgsstudio@higgs.hk","http://yszc.higgsyx.com/yszc.html","true","GAME_PUZZLE","[object Object],[object Object]","Everyone","true","1725373345000","https://play.google.com/store/apps/details?id=com.balloon.triple.match.master3d.game&hl=en&gl=us"
""com.moonactive.coinmaster","GAME","Coin Master","100,000,000+","100000000","293123337","6.0","VARY","support@coinmastergame.com","https://static.moonactive.net/legal/privacy.html","true","GAME_CASUAL","[object Object],[object Object],[object Object],[object Object],[object Object],[object Object],[object Object],[object Object]","Teen","false","1725858514000","https://play.google.com/store/apps/details?id=com.moonactive.coinmaster&hl=en&gl=us"
""com.king.candycrushsaga","GAME","Candy Crush Saga","1,000,000,000+","1000000000","1822697339","5.0","VARY","candycrush.techhelp@king.com","https://king.com/privacyPolicy","true","GAME_CASUAL","[object Object],[object Object],[object Object],[object Object],[object Object],[object Object],[object Object],[object Object],[object Object],[object Object]","Everyone","true","1725533491000","https://play.google.com/store/apps/details?id=com.king.candycrushsaga&hl=en&gl=us"
""com.amelosinteractive.snake","GAME","Snake.io - Fun Snake .io Games","100,000,000+","100000000","283137177","5.1","VARY","support@kooapps.com","https://kooapps.com/privacypolicy.php","true","GAME_ACTION","[object Object],[object Object],[object Object],[object Object],[object Object],[object Object],[object Object]","Everyone","true","1725959507000","https://play.google.com/store/apps/details?id=com.amelosinteractive.snake&hl=en&gl=us"
""com.pazugames.avatarworld","GAME","Avatar World ®","100,000,000+","100000000","131426027","6.0","VARY","info@pazugames.com","https://www.pazugames.com/privacy-policy/","true","GAME_ROLE_PLAYING","[object Object],[object Object],[object Object],[object Object],[object Object]","Everyone","false","1725533149000","https://play.google.com/store/apps/details?id=com.pazugames.avatarworld&hl=en&gl=us"
""com.starplay.spider.fighter.openworld","GAME","Spider Fighter 3: Hero Game","50,000,000+","50000000","57044774","5.1","VARY","support@starplay.games","http://starplay.games/policy.html","true","GAME_ACTION","[object Object],[object Object],[object Object],[object Object],[object Object],[object Object]","Teen","true","1725628974000","https://play.google.com/store/apps/details?id=com.starplay.spider.fighter.openworld&hl=en&gl=us"
""com.wood.nut.and.bolts.puzzle","GAME","Wood Nuts & Bolts Puzzle","50,000,000+","50000000","59141131","6.0","VARY","contact@abigames.com.vn","https://abigames.com.vn/policy/","true","GAME_PUZZLE","[object Object],[object Object],[object Object],[object Object],[object Object],[object Object],[object Object]","Everyone","true","1725018540000","https://play.google.com/store/apps/details?id=com.wood.nut.and.bolts.puzzle&hl=en&gl=us"
""com.screenshake.dominodreams","GAME","Domino Dreams™","5,000,000+","5000000","6297008","7.0","VARY","domino-help@superplay.co","https://www.superplay.co/privacy-policy","true","GAME_PUZZLE","[object Object],[object Object],[object Object],[object Object],[object Object],[object Object],[object Object]","Everyone","false","1725003092000","https://play.google.com/store/apps/details?id=com.screenshake.dominodreams&hl=en&gl=us"
""com.gamebrain.hexasort","GAME","Hexa Sort","10,000,000+","10000000","14558520","5.1","VARY","yunus@gamebra.in","https://lionstudios.cc/privacy/","true","GAME_PUZZLE","[object Object],[object Object],[object Object],[object Object],[object Object],[object Object]","Everyone","true","1725401084000","https://play.google.com/store/apps/details?id=com.gamebrain.hexasort&hl=en&gl=us"
""com.bonnie.trafficescape","GAME","Traffic Escape!","10,000,000+","10000000","36111188","5.1","VARY","support@fomo.gs","https://fomo.gs/privacy.html","true","GAME_PUZZLE","[object Object],[object Object],[object Object],[object Object],[object Object],[object Object],[object Object]","Everyone","true","1723734082000","https://play.google.com/store/apps/details?id=com.bonnie.trafficescape&hl=en&gl=us"
""solitaire.patience.card.games.klondike.free","GAME","Solitaire - Classic Card Games","10,000,000+","10000000","39460770","6.0","VARY","card@fungame.studio","https://solitaire.gurugame.ai/policy.html","true","GAME_CARD","[object Object],[object Object],[object Object],[object Object],[object Object],[object Object]","Everyone","true","1724242740000","https://play.google.com/store/apps/details?id=solitaire.patience.card.games.klondike.free&hl=en&gl=us"
""com.master.hotelmaster","GAME","My Perfect Hotel","100,000,000+","100000000","122760567","8.0","VARY","hotel_master_android@say.games","https://say.games/privacy-policy","true","GAME_ARCADE","[object Object],[object Object],[object Object],[object Object],[object Object],[object Object],[object Object],[object Object],[object Object]","Everyone","true","1724940663000","https://play.google.com/store/apps/details?id=com.master.hotelmaster&hl=en&gl=us"
""com.redcell.goldandgoblins","GAME","Gold & Goblins: Idle Merger","10,000,000+","10000000","37132723","6.0","VARY","goldandgoblins@appquantum.com","http://redcellgames.com/privacy-policy/","true","GAME_SIMULATION","[object Object],[object Object],[object Object],[object Object],[object Object],[object Object],[object Object],[object Object]","Everyone","true","1723854529000","https://play.google.com/store/apps/details?id=com.redcell.goldandgoblins&hl=en&gl=us"
""com.igg.android.doomsdaylastsurvivors","GAME","Doomsday: Metal Warriors","50,000,000+","50000000","54013007","5.1","VARY","help.doomsday.android@igg.com","https://policies.igg.com/view/?id=2","true","GAME_STRATEGY","[object Object],[object Object],[object Object],[object Object],[object Object],[object Object],[object Object],[object Object]","Teen","false","1724491003000","https://play.google.com/store/apps/details?id=com.igg.android.doomsdaylastsurvivors&hl=en&gl=us"
""com.outfit7.mytalkingtom2","GAME","My Talking Tom 2","500,000,000+","500000000","862821487","5.0","VARY","support@outfit7.com","https://talkingtomandfriends.com/privacy-general/apps-privacy-policy","true","GAME_CASUAL","[object Object],[object Object],[object Object],[object Object],[object Object],[object Object],[object Object],[object Object],[object Object],[object Object],[object Object]","Everyone","true","1723794723000","https://play.google.com/store/apps/details?id=com.outfit7.mytalkingtom2&hl=en&gl=us"
""com.playgendary.bowmasters","GAME","Bowmasters: Archery Shooting","100,000,000+","100000000","112201846","7.0","VARY","support@playgendary.com","https://playgendary.com/en/playgendary-limited-privacy-policy-others","true","GAME_ACTION","[object Object],[object Object],[object Object],[object Object],[object Object],[object Object],[object Object]","Teen","true","1725961537000","https://play.google.com/store/apps/details?id=com.playgendary.bowmasters&hl=en&gl=us"
""com.fungames.blockcraft","GAME","Block Craft 3D：Building Game","100,000,000+","100000000","431583702","5.0","VARY","support+blockcraftandroid@fungames-forfree.com","https://wildlifestudios.com/policy-center/privacy-policy/","true","GAME_ARCADE","[object Object],[object Object],[object Object],[object Object],[object Object],[object Object],[object Object],[object Object],[object Object],[object Object],[object Object]","Teen","true","1724947617000","https://play.google.com/store/apps/details?id=com.fungames.blockcraft&hl=en&gl=us"
""com.fc.nut.screw.bolt.washer.fastener.puzzle","GAME","Screw Puzzle: Wood Nut & Bolt","10,000,000+","10000000","25000511","7.0","VARY","support.screw@falcongames.com","https://falcongames.com.vn/policy/en/privacy-policy.html","true","GAME_PUZZLE","[object Object],[object Object],[object Object],[object Object],[object Object]","Everyone","true","1724932988000","https://play.google.com/store/apps/details?id=com.fc.nut.screw.bolt.washer.fastener.puzzle&hl=en&gl=us"
""com.peoplefun.wordsolitaire","GAME","Wordscapes Solitaire","500,000+","500000","693894","6.0","VARY","support@peoplefun.com","https://www.peoplefun.com/privacy","true","GAME_WORD","[object Object]","Everyone","true","1723850976000","https://play.google.com/store/apps/details?id=com.peoplefun.wordsolitaire&hl=en&gl=us"
""com.vincentb.MobControl","GAME","Mob Control","100,000,000+","100000000","123471234","7.0","VARY","support@moc-support.freshdesk.com","https://www.voodoo.io/privacy","true","GAME_ARCADE","[object Object],[object Object],[object Object],[object Object],[object Object],[object Object]","Everyone","false","1725533150000","https://play.google.com/store/apps/details?id=com.vincentb.MobControl&hl=en&gl=us"
""com.playvalve.solitaire","GAME","Solitaire - Classic Card Game","5,000,000+","5000000","8123658","5.1","VARY","contact@playvalve.com","https://playvalve.com/privacy-policy.html","true","GAME_CARD","[object Object],[object Object],[object Object],[object Object],[object Object],[object Object]","Everyone","true","1725446227000","https://play.google.com/store/apps/details?id=com.playvalve.solitaire&hl=en&gl=us"
""com.tocaboca.tocalifeworld","GAME","Toca Boca World","100,000,000+","100000000","313587542","5.1","VARY","tlwsupport@tocaboca.com","http://tocaboca.com/privacy","true","GAME_EDUCATIONAL","[object Object],[object Object],[object Object],[object Object],[object Object],[object Object],[object Object],[object Object]","Everyone","false","1724938724000","https://play.google.com/store/apps/details?id=com.tocaboca.tocalifeworld&hl=en&gl=us"
""com.studio501.cuphero","GAME","Cup Heroes","1,000,000+","1000000","4022635","7.0","VARY","support@voodoo.io","https://www.voodoo.io/privacy","true","GAME_ROLE_PLAYING","[object Object]","Everyone 10+","true","1724142280000","https://play.google.com/store/apps/details?id=com.studio501.cuphero&hl=en&gl=us"
""com.tree.idle.cat.office","GAME","Office Cat: Idle Tycoon Game","1,000,000+","1000000","4551147","6.0","VARY","support@treeplla.com","https://privacy.treeplla.com","true","GAME_SIMULATION","[object Object]","Everyone","true","1724296859000","https://play.google.com/store/apps/details?id=com.tree.idle.cat.office&hl=en&gl=us"
""com.whirlwind.evolution","GAME","Whirlwind Evolution","500,000+","500000","500214","5.0","VARY","linluolan66@gmail.com","https://solidgameinc.com/privacy.html","true","GAME_CASUAL","[object Object]","Everyone","true","1725946636000","https://play.google.com/store/apps/details?id=com.whirlwind.evolution&hl=en&gl=us"
""com.playgendary.ktbremaster","GAME","Kick the Buddy: Second Kick","100,000,000+","100000000","120111321","5.1","VARY","support@playgendary.com","https://playgendary.com/en/playgendary-limited-privacy-policy-others","true","GAME_ACTION","[object Object],[object Object],[object Object],[object Object],[object Object],[object Object],[object Object]","Teen","true","1725891363000","https://play.google.com/store/apps/details?id=com.playgendary.ktbremaster&hl=en&gl=us"
""com.innersloth.spacemafia","GAME","Among Us","500,000,000+","500000000","648453507","6.0","VARY","support@innersloth.com","https://www.innersloth.com/privacy.php","true","GAME_ACTION","[object Object],[object Object],[object Object],[object Object],[object Object],[object Object],[object Object],[object Object]","Everyone 10+","true","1725640397000","https://play.google.com/store/apps/details?id=com.innersloth.spacemafia&hl=en&gl=us"
""com.online.huntingsniper","GAME","Hunting Sniper","1,000,000+","1000000","3526026","7.0","VARY","playerservice@huntingsniper.games","https://docs.google.com/document/d/1Z1hzPF68QA2AGtspJ8azpo060QU4uHbkqCDg4W1YCHs/edit?usp=sharing","true","GAME_CASUAL","[object Object],[object Object],[object Object],[object Object],[object Object],[object Object],[object Object],[object Object],[object Object]","Teen","false","1722433264000","https://play.google.com/store/apps/details?id=com.online.huntingsniper&hl=en&gl=us"
""com.outfit7.mytalkingangela2","GAME","My Talking Angela 2","100,000,000+","100000000","350892451","5.0","VARY","support@outfit7.com","https://talkingtomandfriends.com/privacy-general/apps-privacy-policy","true","GAME_CASUAL","[object Object],[object Object],[object Object],[object Object],[object Object],[object Object],[object Object],[object Object],[object Object],[object Object]","Everyone","true","1722850446000","https://play.google.com/store/apps/details?id=com.outfit7.mytalkingangela2&hl=en&gl=us"
""com.miniclip.eightballpool","GAME","8 Ball Pool","1,000,000,000+","1000000000","1106476141","5.0","VARY","support@miniclip.com","https://www.miniclip.com/privacy-policy","true","GAME_SPORTS","[object Object],[object Object],[object Object],[object Object],[object Object],[object Object],[object Object],[object Object],[object Object],[object Object],[object Object],[object Object]","Everyone","true","1725869869000","https://play.google.com/store/apps/details?id=com.miniclip.eightballpool&hl=en&gl=us"
""com.luckyfortune.screwhome","GAME","Screw Home: ASMR Clean","500,000+","500000","681630","5.1","VARY","developer@luckyfortunegames.com","https://luckyfortunegames.com/privacypolicy/","true","GAME_CASUAL","[object Object]","Everyone","true","1725454020000","https://play.google.com/store/apps/details?id=com.luckyfortune.screwhome&hl=en&gl=us"
""com.nianticlabs.pokemongo","GAME","Pokémon GO","500,000,000+","500000000","504343765","9","VARY","pokemon-go-support@nianticlabs.com","https://nianticlabs.com/privacy/pokemongo/en","true","GAME_ADVENTURE","[object Object],[object Object],[object Object],[object Object],[object Object],[object Object],[object Object],[object Object],[object Object]","Everyone","false","1725414043000","https://play.google.com/store/apps/details?id=com.nianticlabs.pokemongo&hl=en&gl=us"
""io.randomco.travel","GAME","Travel Town - Merge Adventure","10,000,000+","10000000","21919841","5.1","VARY","support@traveltowngame.com","https://static.moonactive.net/legal/privacy.html","true","GAME_PUZZLE","[object Object],[object Object],[object Object],[object Object],[object Object],[object Object],[object Object],[object Object]","Everyone","true","1725558315000","https://play.google.com/store/apps/details?id=io.randomco.travel&hl=en&gl=us"
""com.outfit7.mytalkingtomfriends","GAME","My Talking Tom Friends","500,000,000+","500000000","642380138","5.0","VARY","support@outfit7.com","https://talkingtomandfriends.com/privacy-general/apps-privacy-policy","true","GAME_CASUAL","[object Object],[object Object],[object Object],[object Object],[object Object],[object Object],[object Object],[object Object],[object Object],[object Object]","Everyone","true","1724075602000","https://play.google.com/store/apps/details?id=com.outfit7.mytalkingtomfriends&hl=en&gl=us"
""com.Neurononfire.SupremeDuelist","GAME","Supreme Duelist","100,000,000+","100000000","275861854","6.0","VARY","contact@neronsbrother.com","https://neronsbrother.com/privacy-policy/","true","GAME_ACTION","[object Object],[object Object],[object Object],[object Object],[object Object],[object Object],[object Object],[object Object],[object Object]","Everyone","true","1725898000000","https://play.google.com/store/apps/details?id=com.Neurononfire.SupremeDuelist&hl=en&gl=us"
""com.activision.callofduty.shooter","GAME","Call of Duty: Mobile Season 8","100,000,000+","100000000","319893073","5.0","VARY","CoDMobile@activision.com","https://www.activision.com/legal/privacy-policy","true","GAME_ACTION","[object Object],[object Object],[object Object],[object Object],[object Object],[object Object],[object Object],[object Object],[object Object]","Mature 17+","true","1724354163000","https://play.google.com/store/apps/details?id=com.activision.callofduty.shooter&hl=en&gl=us"
""com.peoplefun.wordcross","GAME","Wordscapes","100,000,000+","100000000","108237661","7.0","VARY","support@peoplefun.com","http://www.peoplefun.com/privacy","true","GAME_WORD","[object Object],[object Object],[object Object],[object Object],[object Object],[object Object],[object Object],[object Object]","Everyone","true","1725815781000","https://play.google.com/store/apps/details?id=com.peoplefun.wordcross&hl=en&gl=us"
""com.nexters.herowars","GAME","Hero Wars: Alliance","100,000,000+","100000000","125732057","6.0","VARY","help@hero-wars.com","https://nextersglobal.com/privacy_hw_an","true","GAME_ROLE_PLAYING","[object Object],[object Object],[object Object],[object Object],[object Object],[object Object],[object Object]","Teen","true","1725624252000","https://play.google.com/store/apps/details?id=com.nexters.herowars&hl=en&gl=us"
""com.onebutton.mrsuper2","GAME","The Superhero League 2","100,000+","100000","207089","6.0","VARY","1button@lionstudios.cc","https://lionstudios.cc/privacy","true","GAME_PUZZLE","[object Object]","Teen","true","1725355541000","https://play.google.com/store/apps/details?id=com.onebutton.mrsuper2&hl=en&gl=us"
""com.kitkagames.fallbuddies","GAME","Stumble Guys","100,000,000+","100000000","353448126","6.0","VARY","stumble-guys-support@scopely.com","https://www.scopely.com/en/legal?id=privacy","true","GAME_ACTION","[object Object],[object Object],[object Object],[object Object],[object Object],[object Object],[object Object]","Everyone","true","1725864612000","https://play.google.com/store/apps/details?id=com.kitkagames.fallbuddies&hl=en&gl=us"
""com.playflix.kick.breakragdoll.games","GAME","Kick & Break The Ragdoll Games","10,000,000+","10000000","18421978","5.1","VARY","feedbackplayflix@gmail.com","https://playflix12345.blogspot.com/2021/09/privacy-policy.html","true","GAME_ACTION","[object Object],[object Object],[object Object],[object Object]","Everyone","true","1725040159000","https://play.google.com/store/apps/details?id=com.playflix.kick.breakragdoll.games&hl=en&gl=us"
""com.topgamesinc.evony","GAME","Evony: The King's Return","100,000,000+","100000000","164215468","VARY","VARY","support@topgamesinc.com","http://m.evony.com/PrivacyPolicy.html","true","GAME_STRATEGY","[object Object],[object Object],[object Object],[object Object],[object Object],[object Object],[object Object],[object Object],[object Object],[object Object]","Everyone 10+","false","1725605014000","https://play.google.com/store/apps/details?id=com.topgamesinc.evony&hl=en&gl=us"
""and.lihuhu.woober","GAME","Woodber - Classic Number Game","10,000,000+","10000000","16255005","7.0","VARY","admin@lihuhugames.com","https://lihuhugames.com/privacy-policy/","true","GAME_BOARD","[object Object],[object Object],[object Object],[object Object],[object Object],[object Object]","Everyone","true","1725878371000","https://play.google.com/store/apps/details?id=and.lihuhu.woober&hl=en&gl=us"
""com.dts.freefiremax","GAME","Free Fire MAX","500,000,000+","500000000","545440986","4.4","VARY","freefiremax@garena.com","https://content.garena.com/legal/pp/pp_en.html","true","GAME_ACTION","[object Object],[object Object],[object Object],[object Object],[object Object],[object Object],[object Object],[object Object],[object Object]","Mature 17+","false","1724916209000","https://play.google.com/store/apps/details?id=com.dts.freefiremax&hl=en&gl=us"
""air.com.buffalo_studios.newflashbingo","GAME","Bingo Blitz™️ - Bingo Games","50,000,000+","50000000","69780928","5.0","VARY","contact-SMO@playtika.com","https://www.playtika.com/privacy-policy","true","GAME_BOARD","[object Object],[object Object],[object Object],[object Object],[object Object],[object Object],[object Object],[object Object]","Teen","true","1725972955000","https://play.google.com/store/apps/details?id=air.com.buffalo_studios.newflashbingo&hl=en&gl=us"
""com.platinumplayer.word.addict","GAME","Word Collect - Word Games Fun","10,000,000+","10000000","36388035","6.0","VARY","support@platinumplayerllc.com","https://superfree.com/privacy-policy/","true","GAME_WORD","[object Object],[object Object],[object Object],[object Object],[object Object],[object Object]","Everyone","true","1725648886000","https://play.google.com/store/apps/details?id=com.platinumplayer.word.addict&hl=en&gl=us"
""com.dino.race.master","GAME","Car Race 3D: Car Racing","100,000,000+","100000000","192513693","7.0","VARY","info@zegostudio.com","https://zegostudio.com/privacy-policy.html","true","GAME_RACING","[object Object],[object Object],[object Object],[object Object],[object Object],[object Object]","Everyone","true","1725589864000","https://play.google.com/store/apps/details?id=com.dino.race.master&hl=en&gl=us"
""com.kiwifun.game.android.mahjong","GAME","Mahjong Solitaire - Master","1,000,000+","1000000","3832041","6.0","VARY","hi@funclick.games","https://sites.google.com/view/kiwi-fun-game-privacy-policy","true","GAME_BOARD","[object Object],[object Object],[object Object],[object Object],[object Object],[object Object],[object Object]","Everyone","true","1725633134000","https://play.google.com/store/apps/details?id=com.kiwifun.game.android.mahjong&hl=en&gl=us"
""com.fc.goods.sort.matching.puzzle.triplemaster","GAME","Goods Sorting: Match 3 Puzzle","5,000,000+","5000000","5268447","6.0","VARY","publisher.mkt@falcongames.com","https://falcongames.com.vn/policy/en/privacy-policy.html","true","GAME_PUZZLE","[object Object],[object Object],[object Object],[object Object],[object Object],[object Object]","Everyone","true","1725980124000","https://play.google.com/store/apps/details?id=com.fc.goods.sort.matching.puzzle.triplemaster&hl=en&gl=us"
""com.goods.master3d.triple.puzzle","GAME","Goods Master 3D: Puzzle Games","10,000,000+","10000000","27102874","5.1","VARY","triplejoy2021@gmail.com","https://cobbygame.com/pp.html","true","GAME_CASUAL","[object Object],[object Object],[object Object],[object Object],[object Object],[object Object],[object Object]","Everyone","true","1723798470000","https://play.google.com/store/apps/details?id=com.goods.master3d.triple.puzzle&hl=en&gl=us"
""com.cdg.tictactoe","GAME","Tic Tac Toe - 2 Player XO","100,000,000+","100000000","101650463","5.1","VARY","winifredirwin194@gmail.com","https://docs.google.com/document/d/1i3sBfoRzy4-_oJilDqbfW-TVLhIPacVv5aIwwmFnWxw","true","GAME_PUZZLE","[object Object],[object Object],[object Object],[object Object],[object Object],[object Object],[object Object]","Everyone","true","1724298220000","https://play.google.com/store/apps/details?id=com.cdg.tictactoe&hl=en&gl=us"
""com.gnarlygamestudio.agenthunt","GAME","Agent Hunt - Hitman Shooter","50,000,000+","50000000","65130125","5.1","VARY","info@gnarlyteam.com","https://gnarlyteam.com/privacy_policy.html","true","GAME_ACTION","[object Object],[object Object],[object Object],[object Object],[object Object],[object Object]","Teen","false","1725004959000","https://play.google.com/store/apps/details?id=com.gnarlygamestudio.agenthunt&hl=en&gl=us"
""jp.co.dwango.HcgDW007SandwichRun","GAME","Sandwich Runner","100,000,000+","100000000","132277391","9","VARY","support-en-us@dwango.co.jp","https://site.nicovideo.jp/app/privacy/index.html","true","GAME_ACTION","[object Object],[object Object],[object Object],[object Object],[object Object],[object Object],[object Object]","Teen","true","1722501006000","https://play.google.com/store/apps/details?id=jp.co.dwango.HcgDW007SandwichRun&hl=en&gl=us"
""com.playrix.gardenscapes","GAME","Gardenscapes","500,000,000+","500000000","518176605","5.0","VARY","gardenscapes@playrix.com","https://www.playrix.com/privacy/index.html","true","GAME_CASUAL","[object Object],[object Object],[object Object],[object Object],[object Object],[object Object],[object Object],[object Object],[object Object]","Everyone","true","1723622248000","https://play.google.com/store/apps/details?id=com.playrix.gardenscapes&hl=en&gl=us"
""com.pixel.art.coloring.color.number","GAME","Happy Color®: Coloring Book","100,000,000+","100000000","249849758","5.1","VARY","support.happycolor@x-flow.app","https://xflowgames.com/privacy-policy.html","true","GAME_BOARD","[object Object],[object Object],[object Object],[object Object],[object Object],[object Object],[object Object],[object Object],[object Object]","Everyone","true","1725033755000","https://play.google.com/store/apps/details?id=com.pixel.art.coloring.color.number&hl=en&gl=us"
""com.v02c.car.race.city.real.simulation","GAME","Driving Real Race City 3D","10,000,000+","10000000","35700786","5.1","VARY","devgame@baconstudio.co","http://baconstudio.co/policy","true","GAME_RACING","[object Object],[object Object],[object Object],[object Object],[object Object]","Everyone","true","1723990852000","https://play.google.com/store/apps/details?id=com.v02c.car.race.city.real.simulation&hl=en&gl=us"
""com.Garawell.BridgeRace","GAME","Bridge Race","100,000,000+","100000000","413367462","6.0","VARY","nebibasaran@gmail.com","https://supersonic.com/privacy/","true","GAME_CASUAL","[object Object],[object Object],[object Object],[object Object],[object Object]","Everyone","true","1724787383000","https://play.google.com/store/apps/details?id=com.Garawell.BridgeRace&hl=en&gl=us"
""bible.wordgame.words.connect.crossword.cookies","GAME","Bible Word Puzzle - Word Games","10,000,000+","10000000","17172396","7.0","VARY","support@oakevergames.com","http://www.idailybread.org/bvprivacy.html","true","GAME_WORD","[object Object],[object Object],[object Object],[object Object],[object Object],[object Object],[object Object],[object Object],[object Object]","Everyone","true","1725619920000","https://play.google.com/store/apps/details?id=bible.wordgame.words.connect.crossword.cookies&hl=en&gl=us"
""com.xplay.pop_antistress_simulator","GAME","Antistress relaxing toy game","10,000,000+","10000000","43312544","7.0","VARY","wrx8192@gmail.com","https://wrx8192.github.io/static/privacy_agreement.html","true","GAME_ARCADE","[object Object],[object Object],[object Object],[object Object]","Everyone","true","1725881653000","https://play.google.com/store/apps/details?id=com.xplay.pop_antistress_simulator&hl=en&gl=us"
""com.scavenger.hunt.find.my.cat.hidden.object.free.brainly.game","GAME","Tidy Master: Hidden Objects","1,000,000+","1000000","3611100","7.0","VARY","TidyMaster2024@outlook.com","https://www.joymaster-studio.com/privacy.html","true","GAME_PUZZLE","[object Object],[object Object],[object Object],[object Object],[object Object],[object Object],[object Object]","Everyone","true","1725620158000","https://play.google.com/store/apps/details?id=com.scavenger.hunt.find.my.cat.hidden.object.free.brainly.game&hl=en&gl=us"
""com.os.space.force.galaxy.alien","GAME","Galaxiga Arcade Shooting Game","50,000,000+","50000000","85653632","6.0","VARY","support.galaxiga@falcongames.com","https://falcongames.com.vn/policy/en/privacy-policy.html","true","GAME_ARCADE","[object Object],[object Object],[object Object],[object Object],[object Object],[object Object],[object Object],[object Object],[object Object],[object Object],[object Object]","Everyone 10+","true","1725642040000","https://play.google.com/store/apps/details?id=com.os.space.force.galaxy.alien&hl=en&gl=us"
""com.tencent.ig","GAME","PUBG MOBILE","500,000,000+","500000000","862941392","VARY","VARY","service@pubgmobile.com","http://pubgmobile.proximabeta.com/privacy.html","true","GAME_ACTION","[object Object],[object Object],[object Object],[object Object],[object Object],[object Object],[object Object]","Teen","true","1720599931000","https://play.google.com/store/apps/details?id=com.tencent.ig&hl=en&gl=us"
""com.draw.one.line","GAME","One Line: Drawing Puzzle Game","5,000,000+","5000000","5913546","7.0","VARY","store@kiddingbox.com","https://kiddingbox.com/privacy.html","true","GAME_PUZZLE","[object Object]","Everyone","true","1724768329000","https://play.google.com/store/apps/details?id=com.draw.one.line&hl=en&gl=us"
""com.decor.life","GAME","Decor Life - Home Design Game","50,000,000+","50000000","82155388","8.0","VARY","decor_life_android@say.games","https://say.games/privacy-policy","true","GAME_SIMULATION","[object Object],[object Object],[object Object],[object Object],[object Object],[object Object],[object Object]","Everyone","true","1721379593000","https://play.google.com/store/apps/details?id=com.decor.life&hl=en&gl=us"
""com.pixelcraft.legends","GAME","Pixel Craft Legends","10,000,000+","10000000","13314117","6.0","VARY","craftbuilding@gmail.com","https://www.termsfeed.com/live/5cee2ef3-9ee5-48c8-9e2e-93743cce78ae","true","GAME_SIMULATION","[object Object],[object Object],[object Object],[object Object],[object Object],[object Object]","Everyone","true","1710991417000","https://play.google.com/store/apps/details?id=com.pixelcraft.legends&hl=en&gl=us"
""com.colobolo.chainball","GAME","Chain Cube 2048: Number Match","10,000,000+","10000000","47916792","5.1","VARY","info@aigames.ae","https://www.aigames.ae/policy","true","GAME_CASUAL","[object Object],[object Object],[object Object],[object Object],[object Object],[object Object],[object Object],[object Object],[object Object]","Everyone","true","1724335637000","https://play.google.com/store/apps/details?id=com.colobolo.chainball&hl=en&gl=us"
""epic.fight.stick.warriors","GAME","Stick Fight: Epic Warriors","100,000+","100000","324584","6.0","VARY","publishing@adone.net","https://adone.net/privacy.html","true","GAME_ACTION","[object Object]","Everyone","true","1725639709000","https://play.google.com/store/apps/details?id=epic.fight.stick.warriors&hl=en&gl=us"
""me.pou.app","GAME","Pou","500,000,000+","500000000","996507124","5.0","VARY","pouhelp@gmail.com","http://help.pou.me/privacy-policy.php","true","GAME_CASUAL","[object Object],[object Object],[object Object],[object Object],[object Object],[object Object],[object Object],[object Object],[object Object],[object Object],[object Object]","Everyone","true","1722862755000","https://play.google.com/store/apps/details?id=me.pou.app&hl=en&gl=us"
""com.gamovation.mahjongclub","GAME","Mahjong Club - Solitaire Game","10,000,000+","10000000","27045502","5.1","VARY","info@gamovation.com","https://gamovation.com/legal/privacy-policy.html","true","GAME_BOARD","[object Object],[object Object],[object Object],[object Object],[object Object],[object Object],[object Object]","Everyone","true","1723644745000","https://play.google.com/store/apps/details?id=com.gamovation.mahjongclub&hl=en&gl=us"
""io.supercent.downhill","GAME","Downhill Racer","1,000,000+","1000000","1870105","6.0","VARY","help@supercent.io","https://corp.supercent.io/PrivacyPolicy","true","GAME_ARCADE","[object Object]","Everyone","true","1725878162000","https://play.google.com/store/apps/details?id=io.supercent.downhill&hl=en&gl=us"
""com.bestplaygame.screwmatch","GAME","Screw Match: ASMR Story","100,000+","100000","326424","8.0","VARY","support@bestplaygame.com","https://www.bestplaygame.com/privacypolicy/","true","GAME_CASUAL","[object Object]","Teen","true","1725724657000","https://play.google.com/store/apps/details?id=com.bestplaygame.screwmatch&hl=en&gl=us"
""com.playrix.fishdomdd.gplay","GAME","Fishdom","100,000,000+","100000000","405541296","5.0","VARY","fishdom@playrix.com","https://www.playrix.com/privacy/index.html","true","GAME_PUZZLE","[object Object],[object Object],[object Object],[object Object],[object Object],[object Object],[object Object],[object Object],[object Object]","Everyone","false","1725871093000","https://play.google.com/store/apps/details?id=com.playrix.fishdomdd.gplay&hl=en&gl=us"
""com.mowand.trim","GAME","Mow And Trim: Mowing Games 3D","1,000,000+","1000000","4242918","5.1","VARY","support@freeplay.io","https://freeplay.mobi/games/android/privacy/","true","GAME_SIMULATION","[object Object]","Everyone","true","1724765246000","https://play.google.com/store/apps/details?id=com.mowand.trim&hl=en&gl=us"
""com.ig.screw.puzzle.nuts.botls","GAME","Wood Screw Puzzle","50,000,000+","50000000","64231951","7.0","VARY","info@zegostudio.com","https://zegostudio.com/privacy-policy.html","true","GAME_PUZZLE","[object Object],[object Object],[object Object],[object Object],[object Object],[object Object],[object Object],[object Object]","Everyone","true","1725610621000","https://play.google.com/store/apps/details?id=com.ig.screw.puzzle.nuts.botls&hl=en&gl=us"
""com.alexp.eyemix","GAME","Eye Color Mix","1,000,000+","1000000","3997930","6.0","VARY","support@crazylabs.com","https://crazylabs.com/privacy-policy/","true","GAME_SIMULATION","[object Object]","Everyone","true","1725611036000","https://play.google.com/store/apps/details?id=com.alexp.eyemix&hl=en&gl=us"
""com.easygames.race","GAME","Race Master 3D - Car Racing","100,000,000+","100000000","363944484","7.0","VARY","race_master_android@say.games","https://say.games/privacy-policy","true","GAME_RACING","[object Object],[object Object],[object Object],[object Object],[object Object],[object Object],[object Object]","Everyone","true","1722502927000","https://play.google.com/store/apps/details?id=com.easygames.race&hl=en&gl=us"
""com.gplay.annoying.puzzle.game","GAME","Annoying Puzzle Game","5,000,000+","5000000","9366724","5.0","VARY","support@mkt.gplayjsc.com","https://sites.google.com/view/global-playstudio-policy","true","GAME_PUZZLE","[object Object]","Everyone 10+","true","1725955108000","https://play.google.com/store/apps/details?id=com.gplay.annoying.puzzle.game&hl=en&gl=us"
""com.cassette.aquapark","GAME","aquapark.io","100,000,000+","100000000","309408717","7.0","VARY","support@voodoo.io","https://www.voodoo.io/privacy","true","GAME_ACTION","[object Object],[object Object],[object Object],[object Object],[object Object],[object Object],[object Object],[object Object]","Everyone 10+","true","1725635078000","https://play.google.com/store/apps/details?id=com.cassette.aquapark&hl=en&gl=us"
""com.gamincat.roomsort","GAME","Room Sort - Floor Plan Game","1,000,000+","1000000","1923312","5.1","VARY","contact@gamincat.com","https://gamincat.com/privacy_policy.html","true","GAME_PUZZLE","[object Object]","Everyone","true","1725608340000","https://play.google.com/store/apps/details?id=com.gamincat.roomsort&hl=en&gl=us"
""com.unicostudio.braintestlegacy","GAME","Brain Test All-Star: IQ Boost","1,000,000+","1000000","2582133","5.1","VARY","support@unicostudio.co","https://unicostudio.co/privacy.html","true","GAME_TRIVIA","[object Object],[object Object],[object Object],[object Object]","Everyone 10+","true","1725055556000","https://play.google.com/store/apps/details?id=com.unicostudio.braintestlegacy&hl=en&gl=us"
""com.bravestars.hair.salon.beauty","GAME","Hair Salon: Beauty Salon Game","10,000,000+","10000000","46394346","5.0","VARY","account@bravestars.com","https://publish.bravestars.com/privacy.txt","true","GAME_CASUAL","[object Object],[object Object],[object Object],[object Object],[object Object],[object Object],[object Object]","Everyone","true","1723695614000","https://play.google.com/store/apps/details?id=com.bravestars.hair.salon.beauty&hl=en&gl=us"
""math.puzzle.games.crossmath.number.puzzles.free","GAME","Crossmath - Math Puzzle Games","10,000,000+","10000000","23269516","6.0","VARY","crossmath@fungame.studio","https://crossmath.gurugame.ai/policy.html","true","GAME_PUZZLE","[object Object],[object Object],[object Object],[object Object],[object Object],[object Object]","Everyone","true","1725004314000","https://play.google.com/store/apps/details?id=math.puzzle.games.crossmath.number.puzzles.free&hl=en&gl=us"
""com.mine.crazy.auto.dragon.maxi","GAME","Craft World - Building Craft","10,000,000+","10000000","20253149","6.0","VARY","napoam21@gmail.com","https://gifted-poitras-f29c34.netlify.app/privacy.html","true","GAME_SIMULATION","[object Object],[object Object],[object Object],[object Object],[object Object],[object Object]","Everyone 10+","true","1710928640000","https://play.google.com/store/apps/details?id=com.mine.crazy.auto.dragon.maxi&hl=en&gl=us"
""com.diy.phonecase.phonemaker","GAME","Mobile Phone Case Design & DIY","5,000,000+","5000000","5156417","5.1","VARY","unipuzz@gmail.com","https://monkidsstudio.com/privacy-policy","true","GAME_CASUAL","[object Object]","Everyone","true","1722594329000","https://play.google.com/store/apps/details?id=com.diy.phonecase.phonemaker&hl=en&gl=us"
""com.pd.vehiclemasters","GAME","Vehicle Masters","50,000,000+","50000000","82975001","8.0","VARY","vehicle_masters_android@say.games","https://say.games/privacy-policy","true","GAME_SIMULATION","[object Object],[object Object],[object Object],[object Object],[object Object],[object Object]","Everyone","true","1725198747000","https://play.google.com/store/apps/details?id=com.pd.vehiclemasters&hl=en&gl=us"
""com.candywriter.bitlife","GAME","BitLife - Life Simulator","10,000,000+","10000000","45869352","6.0","VARY","support@bitlifeapp.com","http://www.candywriter.net/ppolicy.html","true","GAME_SIMULATION","[object Object],[object Object],[object Object],[object Object],[object Object],[object Object]","Mature 17+","true","1725567201000","https://play.google.com/store/apps/details?id=com.candywriter.bitlife&hl=en&gl=us"
""com.totalbattle","GAME","Total Battle: War of Empires","10,000,000+","10000000","19527014","5.0","VARY","support@totalbattle.com","https://totalbattle.com/en/policies/privacy_policy","true","GAME_STRATEGY","[object Object],[object Object],[object Object],[object Object],[object Object],[object Object],[object Object],[object Object]","Everyone 10+","false","1724952192000","https://play.google.com/store/apps/details?id=com.totalbattle&hl=en&gl=us"
""com.europosit.pixelcoloring","GAME","Pixel Art - Color by Number","100,000,000+","100000000","205911759","7.0","VARY","support@easybrain.com","https://easybrain.com/privacy","true","GAME_PUZZLE","[object Object],[object Object],[object Object],[object Object],[object Object],[object Object],[object Object],[object Object]","Everyone","true","1722350799000","https://play.google.com/store/apps/details?id=com.europosit.pixelcoloring&hl=en&gl=us"
""com.ea.gp.fifamobile","GAME","EA SPORTS FC™ Mobile Soccer","500,000,000+","500000000","544523012","5.0","VARY","help@eamobile.com","http://privacy.ea.com/en","true","GAME_SPORTS","[object Object],[object Object],[object Object],[object Object],[object Object],[object Object],[object Object],[object Object]","Everyone","false","1721628646000","https://play.google.com/store/apps/details?id=com.ea.gp.fifamobile&hl=en&gl=us"
""com.myprizepicks.myprizepicks","GAME","PrizePicks - DFS Game","1,000,000+","1000000","1245039","5.1","VARY","support@prizepicks.com","https://www.prizepicks.com/privacy-policy","true","GAME_SPORTS","[object Object]","Adults only 18+","false","1725553599000","https://play.google.com/store/apps/details?id=com.myprizepicks.myprizepicks&hl=en&gl=us"
""com.yoyo.doll.decor.life.home.design.love.match.makeover.games","GAME","YOYO Decor: Doll Dress Up","10,000,000+","10000000","26084057","6.0","VARY","yoyogames.studio@gmail.com","http://www.yoyogame.top/privacy-policy.html","true","GAME_SIMULATION","[object Object],[object Object],[object Object],[object Object],[object Object],[object Object],[object Object]","Everyone","true","1725620612000","https://play.google.com/store/apps/details?id=com.yoyo.doll.decor.life.home.design.love.match.makeover.games&hl=en&gl=us"
""com.paradyme.solarsmash","GAME","Solar Smash","100,000,000+","100000000","181387904","5.1","VARY","apps@paradym3.com","https://www.paradym3.com/privacy/privacypolicy.htm","true","GAME_SIMULATION","[object Object],[object Object],[object Object],[object Object],[object Object],[object Object],[object Object],[object Object]","Everyone 10+","true","1723719659000","https://play.google.com/store/apps/details?id=com.paradyme.solarsmash&hl=en&gl=us"
""com.playgendary.polyspherecoolgame","GAME","Polysphere: Art Puzzle Game","50,000,000+","50000000","83351780","5.1","VARY","info@aigames.ae","https://aigames.ae/policy","true","GAME_ARCADE","[object Object],[object Object],[object Object],[object Object],[object Object],[object Object],[object Object]","Everyone","true","1725034788000","https://play.google.com/store/apps/details?id=com.playgendary.polyspherecoolgame&hl=en&gl=us"
""com.hibox.pickmeupidlegame","GAME","Pick me up - idle","1,000,000+","1000000","1482154","7.0","VARY","ugoodgame123@gmail.com","http://supersonic.com/privacy","true","GAME_CASUAL","[object Object]","Teen","true","1725971154000","https://play.google.com/store/apps/details?id=com.hibox.pickmeupidlegame&hl=en&gl=us"
""nuts.sort.bolts.master","GAME","Nuts Sort Master","5,000,000+","5000000","5460887","6.0","VARY","hipposbro@gmail.com","https://sites.google.com/view/pp-infinitejoy","true","GAME_PUZZLE","[object Object],[object Object],[object Object],[object Object],[object Object],[object Object]","Everyone","true","1724309554000","https://play.google.com/store/apps/details?id=nuts.sort.bolts.master&hl=en&gl=us"
""com.ea.game.pvzfree_row","GAME","Plants vs. Zombies™","500,000,000+","500000000","544712231","7.0","VARY","help@eamobile.com","http://privacy.ea.com/en","true","GAME_STRATEGY","[object Object],[object Object],[object Object],[object Object],[object Object],[object Object],[object Object],[object Object]","Everyone 10+","true","1724999317000","https://play.google.com/store/apps/details?id=com.ea.game.pvzfree_row&hl=en&gl=us"
""com.evergreen.games.card.solitaire.free","GAME","Solitaire - 2024","1,000,000+","1000000","4998066","5.0","VARY","mlj@hkmlj8288.com.hk","http://hkmlj8288.com.hk/game/solitaire/policy/","true","GAME_CARD","[object Object],[object Object]","Everyone","true","1723532495000","https://play.google.com/store/apps/details?id=com.evergreen.games.card.solitaire.free&hl=en&gl=us"
""com.iwi.toolevolution","GAME","Tool Evolution: Mine & Evolve","1,000,000+","1000000","1735018","5.1","VARY","support@imaginaryworldsinc.com","https://www.homagames.com/privacy-policy","true","GAME_ADVENTURE","[object Object]","Everyone","true","1725703181000","https://play.google.com/store/apps/details?id=com.iwi.toolevolution&hl=en&gl=us"
""com.budgestudios.googleplay.BlueyBLU","GAME","Bluey: Let's Play!","10,000,000+","10000000","29909881","5.1","VARY","support@budgestudios.com","https://budgestudios.com/en/legal/privacy-policy/","true","GAME_CASUAL","[object Object],[object Object],[object Object],[object Object],[object Object],[object Object],[object Object]","Everyone","true","1724272621000","https://play.google.com/store/apps/details?id=com.budgestudios.googleplay.BlueyBLU&hl=en&gl=us"
""com.sh.fidget.toys.mini.relaxing.antistress.games","GAME","Mini Relaxing Game- pop it","10,000,000+","10000000","12978000","6.0","VARY","asfandtauqer@gmail.com","https://stick-hunter.com/policy.php","true","GAME_CASUAL","[object Object],[object Object],[object Object],[object Object],[object Object],[object Object]","Everyone","true","1725456833000","https://play.google.com/store/apps/details?id=com.sh.fidget.toys.mini.relaxing.antistress.games&hl=en&gl=us"
""com.unicostudio.braintest","GAME","Brain Test: Tricky Puzzles","100,000,000+","100000000","291269694","5.0","VARY","support@unicostudio.co","https://unicostudio.co/privacy.html","true","GAME_TRIVIA","[object Object],[object Object],[object Object],[object Object],[object Object],[object Object],[object Object],[object Object],[object Object]","Everyone","true","1724938766000","https://play.google.com/store/apps/details?id=com.unicostudio.braintest&hl=en&gl=us"
""com.foursgames.camouflagesniper","GAME","Camo Sniper","10,000,000+","10000000","42204027","6.0","VARY","business@4s-games.com","https://supersonic.com/privacy/","true","GAME_CASUAL","[object Object],[object Object],[object Object],[object Object],[object Object],[object Object],[object Object],[object Object]","Teen","true","1722439856000","https://play.google.com/store/apps/details?id=com.foursgames.camouflagesniper&hl=en&gl=us"
""com.screw.jam.puzzle","GAME","Screw Pin - Nuts Jam","1,000,000+","1000000","2404192","7.0","VARY","publishing@adone.net","https://adone.net/privacy.html","true","GAME_PUZZLE","[object Object],[object Object],[object Object],[object Object],[object Object]","Everyone","true","1725611482000","https://play.google.com/store/apps/details?id=com.screw.jam.puzzle&hl=en&gl=us"
""com.candyroom.clubcraft","GAME","School Party Craft","100,000,000+","100000000","159700643","4.4","VARY","tetianym@gmail.com","http://candy-room.at.ua/","true","GAME_ADVENTURE","[object Object],[object Object],[object Object],[object Object],[object Object],[object Object],[object Object]","Everyone 10+","true","1725050584000","https://play.google.com/store/apps/details?id=com.candyroom.clubcraft&hl=en&gl=us"
""games.vaveda.militaryoverturn","GAME","Tower War - Tactical Conquest","50,000,000+","50000000","58665322","8.0","VARY","tower_war_android@say.games","https://say.games/privacy-policy","true","GAME_ARCADE","[object Object],[object Object],[object Object],[object Object],[object Object],[object Object]","Everyone 10+","true","1725713487000","https://play.google.com/store/apps/details?id=games.vaveda.militaryoverturn&hl=en&gl=us"
""com.matteljv.uno","GAME","UNO!™","100,000,000+","100000000","202063373","4.4","VARY","uno@mattel163.com","https://www.mattel163.com/jumperpp.html","true","GAME_CARD","[object Object],[object Object],[object Object],[object Object],[object Object],[object Object],[object Object],[object Object]","Everyone","true","1724384461000","https://play.google.com/store/apps/details?id=com.matteljv.uno&hl=en&gl=us"
""com.kayac.JetpackMaster","GAME","Jetpack Master : Flying Action","1,000,000+","1000000","1043238","5.1","VARY","kayac-info@kayac.com","https://hypercasual.kayac.com/privacy-policy/","true","GAME_ACTION","[object Object]","Everyone 10+","true","1725958412000","https://play.google.com/store/apps/details?id=com.kayac.JetpackMaster&hl=en&gl=us"
""com.vm3.global","GAME","Truck Star","5,000,000+","5000000","5741291","6.0","VARY","cg.gamestore@centurygame.com","https://www.centurygame.com/privacy-policy/","true","GAME_CASUAL","[object Object]","Everyone","false","1725503342000","https://play.google.com/store/apps/details?id=com.vm3.global&hl=en&gl=us"
""com.smashing.draw2","GAME","Draw To Smash: Logic puzzle","10,000,000+","10000000","31043236","5.1","VARY","game.support@hypercell.games","https://hypercell.games/terms-of-service/","true","GAME_PUZZLE","[object Object],[object Object],[object Object],[object Object],[object Object],[object Object],[object Object]","Everyone","true","1723463655000","https://play.google.com/store/apps/details?id=com.smashing.draw2&hl=en&gl=us"
""com.underdogsports.fantasy","GAME","Underdog Fantasy Sports","500,000+","500000","698398","8.0","VARY","support@underdogfantasy.com","https://underdogfantasy.com/privacy-policy","true","GAME_SPORTS","[object Object]","Adults only 18+","false","1725471363000","https://play.google.com/store/apps/details?id=com.underdogsports.fantasy&hl=en&gl=us"
""com.tictoc.challenge","GAME","TickTock Challenge","10,000,000+","10000000","11634738","5.1","VARY","contact@abigames.com.vn","http://appvillage.com.vn/privacy.txt","true","GAME_CASUAL","[object Object],[object Object],[object Object],[object Object],[object Object]","Everyone","true","1725880728000","https://play.google.com/store/apps/details?id=com.tictoc.challenge&hl=en&gl=us"
""com.shape.shifting.shape.transforming","GAME","Shape Transforming: Shape Race","10,000,000+","10000000","13053656","5.0","VARY","account@bravestars.com","https://ioplus.link/privacy.txt","true","GAME_CASUAL","[object Object],[object Object],[object Object],[object Object],[object Object]","Everyone","true","1723632498000","https://play.google.com/store/apps/details?id=com.shape.shifting.shape.transforming&hl=en&gl=us"
""com.queen.drink.bubble.tasty.milktea","GAME","Boba DIY Bubble Tea","10,000,000+","10000000","17965416","8.0","VARY","queencity.live1004@gmail.com","https://sites.google.com/view/queen-city-policy","true","GAME_SIMULATION","[object Object],[object Object],[object Object],[object Object],[object Object]","Everyone","true","1724750689000","https://play.google.com/store/apps/details?id=com.queen.drink.bubble.tasty.milktea&hl=en&gl=us"
""com.atknsyl.weaponmaster","GAME","Weapon Master: Run & Gun Games","10,000,000+","10000000","26868638","5.1","VARY","support@homagames.com","https://www.homagames.com/privacy","true","GAME_ACTION","[object Object],[object Object],[object Object],[object Object],[object Object],[object Object],[object Object],[object Object]","Everyone","false","1725020633000","https://play.google.com/store/apps/details?id=com.atknsyl.weaponmaster&hl=en&gl=us"
""com.smilerlee.klondike","GAME","Solitaire","10,000,000+","10000000","29156130","4.0","VARY","contact@mouse-games.com","http://www2.mouse-games.com/policy.htm","true","GAME_CARD","[object Object],[object Object],[object Object],[object Object],[object Object],[object Object]","Everyone","true","1704888662000","https://play.google.com/store/apps/details?id=com.smilerlee.klondike&hl=en&gl=us"
""com.os.airforce","GAME","1945 Air Force: Airplane games","100,000,000+","100000000","255507503","7.0","VARY","1945.support@falcongames.com","https://falcongames.com/policy/en/privacy-policy.html","true","GAME_ARCADE","[object Object],[object Object],[object Object],[object Object],[object Object],[object Object],[object Object],[object Object],[object Object]","Everyone 10+","true","1725609914000","https://play.google.com/store/apps/details?id=com.os.airforce&hl=en&gl=us"
""com.baf.connectballs","GAME","Connect Balls - Line Puzzle -","1,000,000+","1000000","4579072","7.0","VARY","hello@baf2020.co.jp","https://baf-apps.github.io/privacy_policy/PrivacyPolicy","true","GAME_PUZZLE","[object Object]","Everyone","true","1725416660000","https://play.google.com/store/apps/details?id=com.baf.connectballs&hl=en&gl=us"
""com.monster.demolition","GAME","Monster Demolition - Giants 3D","10,000,000+","10000000","42086456","8.0","VARY","monster_demolition_android@say.games","https://say.games/privacy-policy","true","GAME_RACING","[object Object],[object Object],[object Object],[object Object],[object Object],[object Object],[object Object]","Everyone","true","1721644627000","https://play.google.com/store/apps/details?id=com.monster.demolition&hl=en&gl=us"
""com.higame.par.escape.prank.run.game","GAME","Escape Run: Endless Die Fun","1,000,000+","1000000","1354579","5.1","VARY","store@higame.com.vn","https://higame.com.vn/privacy","true","GAME_ACTION","[object Object]","Everyone","true","1725878292000","https://play.google.com/store/apps/details?id=com.higame.par.escape.prank.run.game&hl=en&gl=us"
""com.paurau.MakeHer","GAME","Move People","100,000,000+","100000000","121410152","6.0","VARY","parazlegames@gmail.com","http://supersonic.com/privacy","true","GAME_SIMULATION","[object Object],[object Object],[object Object],[object Object],[object Object]","Teen","true","1723476076000","https://play.google.com/store/apps/details?id=com.paurau.MakeHer&hl=en&gl=us"
""com.dramaton.slimepet","GAME","Bruno - My Super Slime Pet","10,000,000+","10000000","22048585","7.0","VARY","pet@dramaton.com","https://dramaton.com/privacy_spt.html","true","GAME_SIMULATION","[object Object],[object Object],[object Object],[object Object],[object Object],[object Object],[object Object],[object Object]","Everyone","true","1725432816000","https://play.google.com/store/apps/details?id=com.dramaton.slimepet&hl=en&gl=us"
""net.supertreat.solitaire","GAME","Solitaire Grand Harvest","50,000,000+","50000000","58051003","5.1","VARY","sgh@supertreat.net","https://www.playtika.com/privacy-policy","true","GAME_CARD","[object Object],[object Object],[object Object],[object Object],[object Object],[object Object],[object Object],[object Object],[object Object],[object Object]","Everyone","true","1725441649000","https://play.google.com/store/apps/details?id=net.supertreat.solitaire&hl=en&gl=us"
""com.game.space.shooter2","GAME","Space shooter - Galaxy attack","100,000,000+","100000000","222703252","5.1","VARY","customer.service@onesoft.com.vn","http://rocketstudio.com.vn/space_shooter/policy.html","true","GAME_ARCADE","[object Object],[object Object],[object Object],[object Object],[object Object],[object Object],[object Object],[object Object],[object Object],[object Object]","Everyone","true","1725630623000","https://play.google.com/store/apps/details?id=com.game.space.shooter2&hl=en&gl=us"
""com.tojgames.trafficracer","GAME","Traffic Racer Pro : Car Games","10,000,000+","10000000","14553733","4.4","VARY","support@tojgames.com","https://tojgames.com/trafficracerpro/privacy/","true","GAME_RACING","[object Object],[object Object],[object Object],[object Object],[object Object],[object Object],[object Object],[object Object]","Everyone","true","1680566716000","https://play.google.com/store/apps/details?id=com.tojgames.trafficracer&hl=en&gl=us"
""hidden.objects.find.it.out.seek.puzzle.games.free","GAME","Find It - Hidden Object Games","1,000,000+","1000000","1691747","5.1","VARY","findit@gurugame.ai","https://find-it.gurugame.ai/policy.html","true","GAME_PUZZLE","[object Object],[object Object],[object Object],[object Object],[object Object],[object Object]","Everyone","true","1724642557000","https://play.google.com/store/apps/details?id=hidden.objects.find.it.out.seek.puzzle.games.free&hl=en&gl=us"
""com.amanotes.gs.g06","GAME","Duet Cats: Cute Cat Game","10,000,000+","10000000","43265992","5.1","VARY","support@amanotes.com","https://www.amanotes.com/privacy-policy","true","GAME_CASUAL","[object Object],[object Object],[object Object],[object Object],[object Object],[object Object],[object Object]","Everyone","true","1725003474000","https://play.google.com/store/apps/details?id=com.amanotes.gs.g06&hl=en&gl=us"
""com.solitaire.fish.klondike.card.aquarium","GAME","Solitaire 3D Fish","10,000,000+","10000000","10675468","5.0","VARY","support@polarbearstudio.zohodesk.com","https://apps.playdayy.com/privacy.html","true","GAME_CARD","[object Object],[object Object],[object Object],[object Object],[object Object],[object Object],[object Object]","Everyone","true","1725272289000","https://play.google.com/store/apps/details?id=com.solitaire.fish.klondike.card.aquarium&hl=en&gl=us"
""com.global.ztmslg","GAME","Puzzles & Survival","10,000,000+","10000000","29923393","4.4","VARY","global.support@37games.com","https://gpassport.37games.com/center/ServicePrivacy/privacy","true","GAME_STRATEGY","[object Object],[object Object],[object Object],[object Object],[object Object],[object Object]","Teen","false","1724935928000","https://play.google.com/store/apps/details?id=com.global.ztmslg&hl=en&gl=us"
""com.game.minicraft.village","GAME","Village City Life Building","50,000,000+","50000000","61809813","7.0","VARY","themoontop2022@gmail.com","https://spacesurvival.online/policy","true","GAME_SIMULATION","[object Object],[object Object],[object Object],[object Object],[object Object],[object Object],[object Object]","Everyone 10+","true","1725001560000","https://play.google.com/store/apps/details?id=com.game.minicraft.village&hl=en&gl=us"
""com.atesgamestudio.rollance","GAME","Rollance : Adventure Balls","50,000,000+","50000000","64321016","5.1","VARY","atesgamestudio@gmail.com","https://aigames.ae/policy","true","GAME_ACTION","[object Object],[object Object],[object Object],[object Object],[object Object],[object Object]","Everyone","true","1725974825000","https://play.google.com/store/apps/details?id=com.atesgamestudio.rollance&hl=en&gl=us"
""archery.clash.tournament","GAME","Archery Clash!","10,000,000+","10000000","10424113","7.0","VARY","support@voodoo.io","https://www.voodoo.io/privacy","true","GAME_SPORTS","[object Object],[object Object],[object Object],[object Object],[object Object],[object Object],[object Object]","Teen","true","1725613518000","https://play.google.com/store/apps/details?id=archery.clash.tournament&hl=en&gl=us"
""com.tfgco.apps.coloring.free.color.by.number","GAME","Color by Number：Coloring Games","50,000,000+","50000000","63840909","5.0","VARY","support+colorbynumber@fungames-forfree.com","https://wildlifestudios.com/privacy-policy/","true","GAME_BOARD","[object Object],[object Object],[object Object],[object Object],[object Object],[object Object],[object Object],[object Object]","Everyone","false","1725891134000","https://play.google.com/store/apps/details?id=com.tfgco.apps.coloring.free.color.by.number&hl=en&gl=us"
""com.dancing.smash.hop.game.tiles.beat.piano.surfer","GAME","Cyber Surfer","50,000,000+","50000000","79615112","7.0","VARY","contact@badsnowball.com","https://firebasestorage.googleapis.com/v0/b/cybersurfer-baf16.appspot.com/o/Privacy%20Policy.html?alt=media&token=c2a30421-ca03-4e94-ab4f-6ff7141263df","true","GAME_MUSIC","[object Object],[object Object],[object Object],[object Object],[object Object],[object Object]","Teen","true","1725502178000","https://play.google.com/store/apps/details?id=com.dancing.smash.hop.game.tiles.beat.piano.surfer&hl=en&gl=us"
""com.fashion.designer.stylist.super.tailor","GAME","Fashion Designer: Super Tailor","1,000,000+","1000000","2523227","5.1","VARY","thadnicholsongame@gmail.com","http://fashiondesigner.thadgame.com/file/Privacypolicy.html","true","GAME_SIMULATION","[object Object]","Everyone","true","1725689663000","https://play.google.com/store/apps/details?id=com.fashion.designer.stylist.super.tailor&hl=en&gl=us"
""com.cat.life.sim","GAME","Cat Choices: Virtual Pet 3D","10,000,000+","10000000","18662496","7.0","VARY","hangdm@abigames.com.vn","https://abigames.com.vn/policy/","true","GAME_CASUAL","[object Object],[object Object],[object Object],[object Object],[object Object],[object Object]","Everyone","true","1723880827000","https://play.google.com/store/apps/details?id=com.cat.life.sim&hl=en&gl=us"
""com.soccer.score.star","GAME","Soccer Superstar","100,000,000+","100000000","317411792","5.0","VARY","soccersuperstarteam@gmail.com","https://www.simface.com/privacy-policy","true","GAME_SPORTS","[object Object],[object Object],[object Object],[object Object],[object Object],[object Object],[object Object]","Everyone","true","1725966098000","https://play.google.com/store/apps/details?id=com.soccer.score.star&hl=en&gl=us"
""com.craftcitypro.game","GAME","Block Crazy Robo World Vip 3D","10,000,000+","10000000","12289628","6.0","VARY","metap@gmail.com","https://www.termsfeed.com/live/3f6a27d4-cab1-479b-871b-afc0a52b945d","true","GAME_SIMULATION","[object Object],[object Object],[object Object],[object Object],[object Object],[object Object]","Everyone 10+","true","1711012534000","https://play.google.com/store/apps/details?id=com.craftcitypro.game&hl=en&gl=us"
""traffic.parking.jam.escape.car3d.games","GAME","Traffic 3D Parking: Escape Jam","1,000,000+","1000000","3022170","8.0","VARY","trafficgamesup@outlook.com","https://tggamesstudio.com/privacy.html","true","GAME_PUZZLE","[object Object],[object Object],[object Object],[object Object],[object Object],[object Object]","Everyone","true","1725617232000","https://play.google.com/store/apps/details?id=traffic.parking.jam.escape.car3d.games&hl=en&gl=us"
""com.vizorapps.klondike","GAME","Klondike Adventures: Farm Game","50,000,000+","50000000","83804082","6.0","VARY","support@vizor-apps.com","https://vizor-games.com/privacy-notice","true","GAME_SIMULATION","[object Object],[object Object],[object Object],[object Object],[object Object],[object Object],[object Object],[object Object]","Everyone","true","1725610906000","https://play.google.com/store/apps/details?id=com.vizorapps.klondike&hl=en&gl=us"
""com.fugo.wow","GAME","Words of Wonders: Crossword","100,000,000+","100000000","327315108","7.0","VARY","wow@fugo.com.tr","http://fugo.com.tr/privacypolicy-wordsofwonders.html","true","GAME_WORD","[object Object],[object Object],[object Object],[object Object],[object Object],[object Object],[object Object],[object Object],[object Object]","Everyone","true","1723825108000","https://play.google.com/store/apps/details?id=com.fugo.wow&hl=en&gl=us"
""com.bubblepop.cannon.puzzle","GAME","Bubble Pop! Cannon Shooter","10,000,000+","10000000","31269598","6.0","VARY","hipposbro@gmail.com","https://sites.google.com/view/pp-infinitejoy","true","GAME_PUZZLE","[object Object],[object Object],[object Object],[object Object],[object Object],[object Object]","Everyone","true","1724343785000","https://play.google.com/store/apps/details?id=com.bubblepop.cannon.puzzle&hl=en&gl=us"
""com.tripledot.solitaire","GAME","Solitaire: Classic Card Games","10,000,000+","10000000","31909799","5.1","VARY","solitaire-support@tripledotstudios.com","https://www.tripledotstudios.com/privacy","true","GAME_CARD","[object Object],[object Object],[object Object],[object Object],[object Object],[object Object]","Everyone","true","1725452795000","https://play.google.com/store/apps/details?id=com.tripledot.solitaire&hl=en&gl=us"
""com.use.specie.scratch.card","GAME","Fortune Scratch Life:Earn cash","1,000,000+","1000000","2724042","5.0","VARY","crollistwte@gmail.com","http://www.lattfolloweaken.com/nninge.html","true","GAME_CASINO","[object Object]","Mature 17+","true","1717730459000","https://play.google.com/store/apps/details?id=com.use.specie.scratch.card&hl=en&gl=us"
""com.LuB.DeliveryConstruct","GAME","Ride Master: Car Builder Game","10,000,000+","10000000","30154229","5.1","VARY","support@freeplay.io","https://freeplay.io/games/android/privacy-policy/","true","GAME_ARCADE","[object Object],[object Object],[object Object],[object Object],[object Object],[object Object]","Everyone","true","1718280618000","https://play.google.com/store/apps/details?id=com.LuB.DeliveryConstruct&hl=en&gl=us"
""com.dxm.nopuzzle","GAME","Block Puzzle","10,000,000+","10000000","28621665","4.0","VARY","contact@candy-mobile.com","http://www2.candy-mobile.com/policy.htm","true","GAME_PUZZLE","[object Object],[object Object],[object Object],[object Object],[object Object],[object Object]","Everyone","true","1725609734000","https://play.google.com/store/apps/details?id=com.dxm.nopuzzle&hl=en&gl=us"
""com.luckyskeletonstudios.idlebanktycoon","GAME","Idle Bank Tycoon: Money Empire","10,000,000+","10000000","20457217","5.1","VARY","community@idlebanktycoon.com","https://tinyurl.com/yaajerrl","true","GAME_SIMULATION","[object Object],[object Object],[object Object],[object Object],[object Object],[object Object],[object Object]","Everyone","true","1725608270000","https://play.google.com/store/apps/details?id=com.luckyskeletonstudios.idlebanktycoon&hl=en&gl=us"
""com.tripledot.woodoku","GAME","Woodoku - Wood Block Puzzle","100,000,000+","100000000","105629192","5.1","VARY","woodoku-support@tripledotstudios.com","https://tripledotstudios.com/privacy-policy/","true","GAME_PUZZLE","[object Object],[object Object],[object Object],[object Object],[object Object],[object Object],[object Object]","Everyone","true","1724834845000","https://play.google.com/store/apps/details?id=com.tripledot.woodoku&hl=en&gl=us"
""jp.pokemon.pokemonsleep","GAME","Pokémon Sleep","5,000,000+","5000000","6733544","8.0","VARY","app-auto-reply@pokemon-support.com","https://view.sleep.pokemon.co.jp/legal/pp/index.html","true","GAME_SIMULATION","[object Object],[object Object],[object Object],[object Object],[object Object],[object Object],[object Object]","Everyone","false","1725440987000","https://play.google.com/store/apps/details?id=jp.pokemon.pokemonsleep&hl=en&gl=us"
""com.maroieqrwlk.unpin","GAME","Pull the Pin","100,000,000+","100000000","187824401","5.1","VARY","support@popcore.com","https://popcore.com/privacy","true","GAME_PUZZLE","[object Object],[object Object],[object Object],[object Object],[object Object],[object Object],[object Object],[object Object],[object Object]","Everyone","true","1725532474000","https://play.google.com/store/apps/details?id=com.maroieqrwlk.unpin&hl=en&gl=us"
""com.trivia.star.android","GAME","TRIVIA STAR Quiz Games Offline","10,000,000+","10000000","27730103","6.0","VARY","support@platinumplayerllc.com","https://superfree.com/privacy-policy/","true","GAME_TRIVIA","[object Object],[object Object],[object Object],[object Object],[object Object],[object Object],[object Object],[object Object]","Everyone","true","1725379297000","https://play.google.com/store/apps/details?id=com.trivia.star.android&hl=en&gl=us"
""com.audible.application","BOOKS_AND_REFERENCE","Audible: Audio Entertainment","100,000,000+","100000000","233672544","VARY","VARY","customersupport@audible.com","https://www.audible.com/privacy-policy","true","BOOKS_AND_REFERENCE","[object Object]","Teen","true","1725912501000","https://play.google.com/store/apps/details?id=com.audible.application&hl=en&gl=us"
""bible.kjvbible.audio.plan.verse","BOOKS_AND_REFERENCE","Holy Bible - KJV+Verse","10,000,000+","10000000","17741383","5.0","VARY","developerfeedback11@gmail.com","https://sites.google.com/view/be-with-god/privacy-policy","true","BOOKS_AND_REFERENCE","[object Object]","Everyone","true","1718179133000","https://play.google.com/store/apps/details?id=bible.kjvbible.audio.plan.verse&hl=en&gl=us"
""com.sirma.mobile.bible.android","BOOKS_AND_REFERENCE","YouVersion Bible App + Audio","100,000,000+","100000000","237362776","5.0","VARY","en.android@youversion.com","https://www.bible.com/privacy","true","BOOKS_AND_REFERENCE","[object Object]","Teen","false","1725932150000","https://play.google.com/store/apps/details?id=com.sirma.mobile.bible.android&hl=en&gl=us"
""com.overdrive.mobile.android.libby","BOOKS_AND_REFERENCE","Libby, the Library App","10,000,000+","10000000","13520758","7.1","VARY","libby@overdrive.com","https://company.cdn.overdrive.com/policies/privacy-policy.htm","true","BOOKS_AND_REFERENCE","[object Object]","Teen","false","1724873629000","https://play.google.com/store/apps/details?id=com.overdrive.mobile.android.libby&hl=en&gl=us"
""com.bible.holy.bible.for.women","BOOKS_AND_REFERENCE","Bible For Women","500,000+","500000","615519","6.0","VARY","bibliaconsigo@gmail.com","https://www.bibliaconsigo.com/privacypolicy.html","true","BOOKS_AND_REFERENCE","[object Object]","Everyone","true","1724999854000","https://play.google.com/store/apps/details?id=com.bible.holy.bible.for.women&hl=en&gl=us"
""com.offline.bible","BOOKS_AND_REFERENCE","Bible Offline-KJV Holy Bible","50,000,000+","50000000","69307770","6.0","VARY","bibliaconsigo@gmail.com","https://www.bibliaconsigo.com/privacypolicy.html","true","BOOKS_AND_REFERENCE","[object Object]","Everyone","true","1725861903000","https://play.google.com/store/apps/details?id=com.offline.bible&hl=en&gl=us"
""com.mybible.todaypraybible","BOOKS_AND_REFERENCE","My Bible - Verse+Audio","5,000,000+","5000000","5345081","5.0","VARY","developerfeedback11@gmail.com","https://sites.google.com/view/be-with-god/privacy-policy","true","BOOKS_AND_REFERENCE","[object Object]","Everyone","true","1724230509000","https://play.google.com/store/apps/details?id=com.mybible.todaypraybible&hl=en&gl=us"
""com.amazon.kindle","BOOKS_AND_REFERENCE","Amazon Kindle","100,000,000+","100000000","446874248","VARY","VARY","kindle-cs-support@amazon.com","https://www.amazon.com/gp/help/customer/display.html?nodeId=468496","true","BOOKS_AND_REFERENCE","[object Object]","Teen","true","1724878501000","https://play.google.com/store/apps/details?id=com.amazon.kindle&hl=en&gl=us"
""com.kjv.bible.now","BOOKS_AND_REFERENCE","KJV Bible Now: Audio+Verse","10,000,000+","10000000","21489145","6.0","VARY","bettycobb6187@gmail.com","https://docs.google.com/document/d/1qx4MfgdZmoX79w-B-oGms1PB356hboI1HAEfhgeY2c4/edit?usp=sharing","true","BOOKS_AND_REFERENCE","[object Object]","Everyone","true","1725892718000","https://play.google.com/store/apps/details?id=com.kjv.bible.now&hl=en&gl=us"
""bible.offline.kingjames.holy.kjv.bible.daily.verse","BOOKS_AND_REFERENCE","Bible Daily, KJV Bible + Audio","1,000,000+","1000000","2870108","5.0","VARY","nickyang19861986@gmail.com","https://privacy.woombit.com/privacy.html","true","BOOKS_AND_REFERENCE","[object Object]","Everyone","true","1724318148000","https://play.google.com/store/apps/details?id=bible.offline.kingjames.holy.kjv.bible.daily.verse&hl=en&gl=us"
""bible.pray.daily.women.offline.kjv","BOOKS_AND_REFERENCE","Pray Daily - KJV Bible & Verse","5,000,000+","5000000","7337200","5.0","VARY","nickyang19861986@gmail.com","https://privacy.woombit.com/privacy.html","true","BOOKS_AND_REFERENCE","[object Object]","Everyone","true","1725373004000","https://play.google.com/store/apps/details?id=bible.pray.daily.women.offline.kjv&hl=en&gl=us"
""kjvbible.verse.daily.bible.prayer","BOOKS_AND_REFERENCE","KJV Daily Bible - Verse+Audio","1,000,000+","1000000","1206754","7.0","VARY","blackpink09091@gmail.com","https://sites.google.com/view/kjvdailybible-privacy","true","BOOKS_AND_REFERENCE","[object Object]","Everyone","true","1725012512000","https://play.google.com/store/apps/details?id=kjvbible.verse.daily.bible.prayer&hl=en&gl=us"
""com.bible.catholic.ismla","BOOKS_AND_REFERENCE","Pray Bible-Verses+Audio","1,000,000+","1000000","2071770","6.0","VARY","bettycobb6187@gmail.com","https://sites.google.com/view/pray-bible-privacy-policy","true","BOOKS_AND_REFERENCE","[object Object]","Everyone","true","1725629239000","https://play.google.com/store/apps/details?id=com.bible.catholic.ismla&hl=en&gl=us"
""com.dailybible.lite","BOOKS_AND_REFERENCE","DailyBible Lite - KJV Version","500,000+","500000","919622","5.0","VARY","Biblelite@linkamen.com","https://license.oiihub.com/biblelite/DailyBibleLite_PrivacyPolicy.html","true","BOOKS_AND_REFERENCE","[object Object]","Everyone","true","1725291149000","https://play.google.com/store/apps/details?id=com.dailybible.lite&hl=en&gl=us"
""com.hoopladigital.android","BOOKS_AND_REFERENCE","hoopla Digital","1,000,000+","1000000","4604538","VARY","VARY","info@hoopladigital.com","https://www.hoopladigital.com/privacy","true","BOOKS_AND_REFERENCE","[object Object]","Teen","false","1725380793000","https://play.google.com/store/apps/details?id=com.hoopladigital.android&hl=en&gl=us"
""holy.bible.kjv.kingjamesbible.verse.biblia","BOOKS_AND_REFERENCE","Holy Bible, KJV Bible + Audio","1,000,000+","1000000","3362138","5.0","VARY","nickyang19861986@gmail.com","https://privacy.woombit.com/privacy.html","true","BOOKS_AND_REFERENCE","[object Object]","Everyone","true","1725886516000","https://play.google.com/store/apps/details?id=holy.bible.kjv.kingjamesbible.verse.biblia&hl=en&gl=us"
""com.rnovel.android.app","BOOKS_AND_REFERENCE","NovelFlow","500,000+","500000","735983","5.0","VARY","rnovel2022@gmail.com","https://www.novelflow.app/privacy-policy.html","true","BOOKS_AND_REFERENCE","[object Object]","Mature 17+","true","1725523464000","https://play.google.com/store/apps/details?id=com.rnovel.android.app&hl=en&gl=us"
""com.google.android.apps.books","BOOKS_AND_REFERENCE","Google Play Books & Audiobooks","1,000,000,000+","1000000000","3554728679","VARY","VARY","googleplay-support@google.com","https://play.google.com/books/intl/privacy.html","true","BOOKS_AND_REFERENCE","[object Object]","Teen","false","1725984378000","https://play.google.com/store/apps/details?id=com.google.android.apps.books&hl=en&gl=us"
""com.cliffweitzman.speechify2","BOOKS_AND_REFERENCE","Speechify Text to Speech Voice","5,000,000+","5000000","5677552","6.0","VARY","support@speechify.com","https://speechify.com/privacy?","true","BOOKS_AND_REFERENCE","[object Object]","Everyone","false","1725611928000","https://play.google.com/store/apps/details?id=com.cliffweitzman.speechify2&hl=en&gl=us"
""com.kbible.htimegix","BOOKS_AND_REFERENCE","Holy Bible Time-Verses&Audio","50,000+","50000","81090","6.0","VARY","bettycobb6187@gmail.com","https://sites.google.com/view/holybibletime-privacypolicy","true","BOOKS_AND_REFERENCE","[object Object]","Everyone","true","1725114797000","https://play.google.com/store/apps/details?id=com.kbible.htimegix&hl=en&gl=us"
""wp.wattpad","BOOKS_AND_REFERENCE","Wattpad - Read & Write Stories","100,000,000+","100000000","286253800","6.0","VARY","support@wattpad.com","http://www.wattpad.com/privacy","true","BOOKS_AND_REFERENCE","[object Object]","Teen","true","1725477658000","https://play.google.com/store/apps/details?id=wp.wattpad&hl=en&gl=us"
""com.labs.merlinbirdid.app","BOOKS_AND_REFERENCE","Merlin Bird ID by Cornell Lab","5,000,000+","5000000","5731267","6.0","VARY","merlinhelp@cornell.edu","https://privacy.cornell.edu/information-use-cornell","true","BOOKS_AND_REFERENCE","[object Object]","Everyone","false","1723552294000","https://play.google.com/store/apps/details?id=com.labs.merlinbirdid.app&hl=en&gl=us"
""com.oremus.catholic.bible.rosary.prayer","BOOKS_AND_REFERENCE","Oremus - Catholic Bible&Prayer","1,000,000+","1000000","2364828","6.0","VARY","bibliaconsigo@gmail.com","https://www.bibliaconsigo.com/privacypolicy.html","true","BOOKS_AND_REFERENCE","[object Object]","Everyone","true","1725708453000","https://play.google.com/store/apps/details?id=com.oremus.catholic.bible.rosary.prayer&hl=en&gl=us"
""app.hallow.android","BOOKS_AND_REFERENCE","Hallow: Prayer & Meditation","5,000,000+","5000000","7814556","6.0","VARY","support@hallow.app","https://hallow.app/privacy-policy","true","BOOKS_AND_REFERENCE","[object Object]","Everyone","false","1724360896000","https://play.google.com/store/apps/details?id=app.hallow.android&hl=en&gl=us"
""com.zhangyue.read.ireaderpor","BOOKS_AND_REFERENCE","Fatednovel- Web novel & Story","50,000+","50000","65475","7.0","VARY","support@ireader.com","http://www.ireader.com/index.php?ca=lang.EnPrivacy","true","BOOKS_AND_REFERENCE","[object Object]","Teen","true","1725275948000","https://play.google.com/store/apps/details?id=com.zhangyue.read.ireaderpor&hl=en&gl=us"
""com.goodreads","BOOKS_AND_REFERENCE","Goodreads - Find & Track Books","10,000,000+","10000000","25969883","10","VARY","android-support@goodreads.com","https://www.goodreads.com/about/privacy","true","BOOKS_AND_REFERENCE","[object Object]","Teen","true","1725915856000","https://play.google.com/store/apps/details?id=com.goodreads&hl=en&gl=us"
""com.kingjamesbible.kjvbible.offline","BOOKS_AND_REFERENCE","Holy Bible - KJV & Prayer","50,000+","50000","77094","8.0","VARY","kvj@holybibleprayer.com","http://kjv.holybibleprayer.com/dilay.html","true","BOOKS_AND_REFERENCE","[object Object]","Everyone 10+","true","1725445570000","https://play.google.com/store/apps/details?id=com.kingjamesbible.kjvbible.offline&hl=en&gl=us"
""com.bible.truth.reading.daily","BOOKS_AND_REFERENCE","Truth Bible: Audio+Verse","1,000,000+","1000000","2098443","5.0","VARY","developerfeedback11@gmail.com","https://sites.google.com/view/holy-bible-for-you/privacy-policy","true","BOOKS_AND_REFERENCE","[object Object]","Everyone","true","1723032693000","https://play.google.com/store/apps/details?id=com.bible.truth.reading.daily&hl=en&gl=us"
""com.ancestry.android.apps.ancestry","BOOKS_AND_REFERENCE","Ancestry: Family History & DNA","10,000,000+","10000000","11195454","9","VARY","MobileApps@ancestry.com","http://www.ancestry.com/cs/legal/privacyphilosophy","true","BOOKS_AND_REFERENCE","[object Object]","Everyone","false","1725630512000","https://play.google.com/store/apps/details?id=com.ancestry.android.apps.ancestry&hl=en&gl=us"
""com.bible.holybible.nkjv.dailyverse","BOOKS_AND_REFERENCE","Bible-Daily Bible Verse","1,000,000+","1000000","1413127","6.0","VARY","bibliaconsigo@gmail.com","https://www.bibliaconsigo.com/privacypolicy.html","true","BOOKS_AND_REFERENCE","[object Object]","Everyone","true","1724990597000","https://play.google.com/store/apps/details?id=com.bible.holybible.nkjv.dailyverse&hl=en&gl=us"
""com.liotek.lannbible","BOOKS_AND_REFERENCE","KJV Bible Library","10,000+","10000","13851","8.0","VARY","joyssk2708@gmail.com","https://sites.google.com/view/kjvbiblelibrary-privacy/home","true","BOOKS_AND_REFERENCE","[object Object]","Everyone","true","1724423784000","https://play.google.com/store/apps/details?id=com.liotek.lannbible&hl=en&gl=us"
""com.islamicworld.qurankareem","BOOKS_AND_REFERENCE","Al Quran MP3 - القرآن الكريم","5,000,000+","5000000","5966469","6.0","VARY","brainteaserandroidapp@gmail.com","https://mobotechmobo.blogspot.com/2024/01/privacy-policy-for-al-quran-mp3-android.html","true","BOOKS_AND_REFERENCE","[object Object]","Everyone","true","1724764378000","https://play.google.com/store/apps/details?id=com.islamicworld.qurankareem&hl=en&gl=us"
""org.jw.jwlibrary.mobile","BOOKS_AND_REFERENCE","JW Library","10,000,000+","10000000","49339658","7.0","VARY","jwlibrary@jw.org","https://www.jw.org/finder?prefer=content&wtlocale=E&docid=1011512","true","BOOKS_AND_REFERENCE","[object Object]","Everyone","false","1721412018000","https://play.google.com/store/apps/details?id=org.jw.jwlibrary.mobile&hl=en&gl=us"
""org.readera","BOOKS_AND_REFERENCE","ReadEra – book reader pdf epub","10,000,000+","10000000","41921144","4.1","VARY","support@readera.org","https://readera.org/en/book-reader/privacy","true","BOOKS_AND_REFERENCE","[object Object]","Everyone","false","1722628601000","https://play.google.com/store/apps/details?id=org.readera&hl=en&gl=us"
""com.colt","BOOKS_AND_REFERENCE","GALATEA: Novels & Audiobooks","5,000,000+","5000000","7597363","7.0","VARY","support@galatea.zendesk.com","http://getgalatea.com/privacy/","true","BOOKS_AND_REFERENCE","[object Object]","Mature 17+","false","1725642666000","https://play.google.com/store/apps/details?id=com.colt&hl=en&gl=us"
""com.scribd.app.reader0","BOOKS_AND_REFERENCE","Everand: Ebooks and audiobooks","10,000,000+","10000000","45241247","7.1","VARY","support@scribd.com","http://www.scribd.com/privacy","true","BOOKS_AND_REFERENCE","[object Object]","Teen","false","1724787960000","https://play.google.com/store/apps/details?id=com.scribd.app.reader0&hl=en&gl=us"
""com.deepl.mobiletranslator","BOOKS_AND_REFERENCE","DeepL: translate & write","10,000,000+","10000000","15182802","8.0","VARY","android@deepl.com","https://www.deepl.com/privacy","true","BOOKS_AND_REFERENCE","[object Object]","Everyone","false","1725870605000","https://play.google.com/store/apps/details?id=com.deepl.mobiletranslator&hl=en&gl=us"
""holy.bible.verse.audio.kjv","BOOKS_AND_REFERENCE","Holy Bible - Verse+Audio","100,000+","100000","346951","7.0","VARY","blackpink09091@gmail.com","https://sites.google.com/view/kjvdailybible-privacy","true","BOOKS_AND_REFERENCE","[object Object]","Everyone","true","1725356204000","https://play.google.com/store/apps/details?id=holy.bible.verse.audio.kjv&hl=en&gl=us"
""com.eet.bible.launcher","BOOKS_AND_REFERENCE","Bible Homescreen - Read Now","100,000+","100000","165437","8.0","VARY","eastendtechltd@gmail.com","https://www.biblehomescreen.com/privacy.html","true","BOOKS_AND_REFERENCE","[object Object]","Everyone 10+","true","1724934513000","https://play.google.com/store/apps/details?id=com.eet.bible.launcher&hl=en&gl=us"
""com.basmo.BibleChat","BOOKS_AND_REFERENCE","Bible Chat - Christian Prayer","100,000+","100000","260775","7.0","VARY","bookvital01@gmail.com","https://thebiblechat.app/privacy-policy","true","BOOKS_AND_REFERENCE","[object Object]","Everyone","false","1725619555000","https://play.google.com/store/apps/details?id=com.basmo.BibleChat&hl=en&gl=us"
""com.read.goodnovel","BOOKS_AND_REFERENCE","GoodNovel - Web Novel, Fiction","10,000,000+","10000000","16639995","5.0","VARY","contact@goodnovel.com","https://www.goodnovel.com/haiwai_other/static_file/privacy_policy.html","true","BOOKS_AND_REFERENCE","[object Object]","Mature 17+","false","1725043225000","https://play.google.com/store/apps/details?id=com.read.goodnovel&hl=en&gl=us"
""com.audiobooks.androidapp","BOOKS_AND_REFERENCE","Audiobooks.com: Books & More","5,000,000+","5000000","6878065","6.0","VARY","customerservice@audiobooks.com","https://www.audiobooks.com/privacy","true","BOOKS_AND_REFERENCE","[object Object]","Teen","false","1723660851000","https://play.google.com/store/apps/details?id=com.audiobooks.androidapp&hl=en&gl=us"
""com.mobisystems.msdict.embedded.wireless.collins.ee","BOOKS_AND_REFERENCE","Talk & Translate - Translator","1,000,000+","1000000","3127106","8.0","VARY","dictionaries-android@mobisystems.com","https://www.mobisystems.com/policies","true","BOOKS_AND_REFERENCE","[object Object]","Everyone","true","1711613907000","https://play.google.com/store/apps/details?id=com.mobisystems.msdict.embedded.wireless.collins.ee&hl=en&gl=us"
""com.kw.fournovel","BOOKS_AND_REFERENCE","MetroNovel - Let Stories Shine","50,000+","50000","84745","5.0","VARY","Literienew@gmail.com","https://api.metronovel.com/privacy_policy","true","BOOKS_AND_REFERENCE","[object Object]","Teen","true","1722396451000","https://play.google.com/store/apps/details?id=com.kw.fournovel&hl=en&gl=us"
""com.dwellapp.dwell","BOOKS_AND_REFERENCE","Dwell: Audio Bible","500,000+","500000","638450","7.0","VARY","hello@dwellapp.io","https://dwellapp.io/privacy_policy","true","BOOKS_AND_REFERENCE","[object Object]","Everyone","false","1725903757000","https://play.google.com/store/apps/details?id=com.dwellapp.dwell&hl=en&gl=us"
""com.heapsol.spanishenglishtranslator","BOOKS_AND_REFERENCE","Spanish English Translator","1,000,000+","1000000","1501588","4.4","VARY","awesomeapps.info@gmail.com","http://www.heapsol.com/privacy/","true","BOOKS_AND_REFERENCE","[object Object]","Everyone","true","1725930857000","https://play.google.com/store/apps/details?id=com.heapsol.spanishenglishtranslator&hl=en&gl=us"
""kjv.holy.bible.verse.audio","BOOKS_AND_REFERENCE","Holy Bible - KJV+Audio+Verse","100,000+","100000","385532","7.0","VARY","livelauncher02@gmail.com","https://sites.google.com/view/holybible-privacy","true","BOOKS_AND_REFERENCE","[object Object]","Everyone","true","1724124385000","https://play.google.com/store/apps/details?id=kjv.holy.bible.verse.audio&hl=en&gl=us"
""com.vitotechnology.sky.tonight.map.star.walk","BOOKS_AND_REFERENCE","Sky Tonight - Star Gazer Guide","1,000,000+","1000000","3040070","5.1","VARY","team@vitotechnology.com","https://vitotechnology.com/privacy-policy","true","BOOKS_AND_REFERENCE","[object Object]","Everyone","true","1724683645000","https://play.google.com/store/apps/details?id=com.vitotechnology.sky.tonight.map.star.walk&hl=en&gl=us"
""io.alpha.novel","BOOKS_AND_REFERENCE","AlphaNovel — Books & Stories","1,000,000+","1000000","1122394","7.0","VARY","support@alphanovel.io","https://alphanovel.io/privacy-policy","true","BOOKS_AND_REFERENCE","[object Object]","Mature 17+","true","1725534450000","https://play.google.com/store/apps/details?id=io.alpha.novel&hl=en&gl=us"
""amen.blessed.app","BOOKS_AND_REFERENCE","Blessed - Daily Verse & Prayer","500,000+","500000","598062","6.0","VARY","feedback@blessed-app.com","https://blessed-h5.blessed-app.com/agreement_detail?type=2&share=1","true","BOOKS_AND_REFERENCE","[object Object]","Everyone","true","1724841920000","https://play.google.com/store/apps/details?id=amen.blessed.app&hl=en&gl=us"
""com.zhangyue.read.rosanovela","BOOKS_AND_REFERENCE","Novelmates-Stories&Novels","100,000+","100000","259200","7.0","VARY","support@ireader.com","https://www.ireader.mobi/web/privacyES","true","BOOKS_AND_REFERENCE","[object Object]","Mature 17+","true","1725246544000","https://play.google.com/store/apps/details?id=com.zhangyue.read.rosanovela&hl=en&gl=us"
""com.mobisystems.msdict.embedded.wireless.oxford.dictionaryofenglish","BOOKS_AND_REFERENCE","Oxford Dictionary & Thesaurus","50,000,000+","50000000","80338330","8.0","VARY","dictionaries-android@mobisystems.com","http://www.mobisystems.com/mobile/privacy-policy.html","true","BOOKS_AND_REFERENCE","[object Object]","Everyone","true","1723018376000","https://play.google.com/store/apps/details?id=com.mobisystems.msdict.embedded.wireless.oxford.dictionaryofenglish&hl=en&gl=us"
""com.jbstuk.bible.now","BOOKS_AND_REFERENCE","Daily Bible Now:Verse+Audio","100,000+","100000","134215","6.0","VARY","bettycobb6187@gmail.com","https://sites.google.com/view/daily-bible-now-privacy-policy","true","BOOKS_AND_REFERENCE","[object Object]","Everyone","true","1725634710000","https://play.google.com/store/apps/details?id=com.jbstuk.bible.now&hl=en&gl=us"
""com.ibooktok.novel","BOOKS_AND_REFERENCE","BookTok- Read Good Novel","100,000+","100000","126438","5.0","VARY","support@ibooktok.com","https://resources.ibooktok.com/PrivacyPolicy.html","true","BOOKS_AND_REFERENCE","[object Object]","Mature 17+","true","1724921155000","https://play.google.com/store/apps/details?id=com.ibooktok.novel&hl=en&gl=us"
""com.JabazavrStudioCraftia.OneBlock","BOOKS_AND_REFERENCE","One Block for Minecraft Maps","1,000,000+","1000000","1305753","5.1","VARY","sofiapavliuk66@gmail.com","https://sites.google.com/view/counciliumblockplace","true","BOOKS_AND_REFERENCE","[object Object]","Everyone","true","1718699968000","https://play.google.com/store/apps/details?id=com.JabazavrStudioCraftia.OneBlock&hl=en&gl=us"
""holy.bible.kjv.verse.audio","BOOKS_AND_REFERENCE","Bible Audio - KJV Daily Verse","100,000+","100000","295209","6.0","VARY","support@rotech.mobi","https://rotech.mobi/privacypolicy.html?pkg=holy.bible.kjv.verse.audio","true","BOOKS_AND_REFERENCE","[object Object]","Everyone","true","1722319597000","https://play.google.com/store/apps/details?id=holy.bible.kjv.verse.audio&hl=en&gl=us"
""kjv.bible.kingjamesbible","BOOKS_AND_REFERENCE","King James Bible - Verse+Audio","100,000,000+","100000000","103457360","5.0","VARY","cs@idailybread.org","http://www.idailybread.org/bvprivacy.html","true","BOOKS_AND_REFERENCE","[object Object]","Everyone","true","1721917328000","https://play.google.com/store/apps/details?id=kjv.bible.kingjamesbible&hl=en&gl=us"
""com.appgame.free.books.read.free.books","BOOKS_AND_REFERENCE","Books - Read and Download","1,000,000+","1000000","2544140","9","VARY","appdevsolutions91@gmail.com","https://gameapp.solutions/privacy-policy-solutions.html","true","BOOKS_AND_REFERENCE","[object Object]","Everyone","true","1705873822000","https://play.google.com/store/apps/details?id=com.appgame.free.books.read.free.books&hl=en&gl=us"
""com.qvon.novellair","BOOKS_AND_REFERENCE","Novellair-Your Book Nook","100,000+","100000","248642","5.0","VARY","Novellairs@gmail.com","https://fqnewapi.novellairs.com/privacy_policy","true","BOOKS_AND_REFERENCE","[object Object]","Teen","false","1725462980000","https://play.google.com/store/apps/details?id=com.qvon.novellair&hl=en&gl=us"
""org.familysearch.mobile","BOOKS_AND_REFERENCE","FamilySearch Tree","5,000,000+","5000000","8597656","7.0","VARY","fsandroiddeveloper@familysearch.org","https://www.familysearch.org/legal/privacy","true","BOOKS_AND_REFERENCE","[object Object]","Everyone","false","1725570181000","https://play.google.com/store/apps/details?id=org.familysearch.mobile&hl=en&gl=us"
""gm.passion.app","BOOKS_AND_REFERENCE","My Passion: Reading App","1,000,000+","1000000","2205722","7.0","VARY","support@passionapp.co","https://passion-app.s3.us-east-2.amazonaws.com/documents/PassionPrivacyPolicyMay2021.docx.html","true","BOOKS_AND_REFERENCE","[object Object]","Mature 17+","false","1725012865000","https://play.google.com/store/apps/details?id=gm.passion.app&hl=en&gl=us"
""com.novel.fiction.read.story.book","BOOKS_AND_REFERENCE","Readict -One Click Away Novels","1,000,000+","1000000","4031403","4.4","VARY","readict@vitaltekinc.com","https://cdn.readictnovel.com/default/webpage/android/privacyPolicy/index.html","true","BOOKS_AND_REFERENCE","[object Object]","Mature 17+","true","1724238189000","https://play.google.com/store/apps/details?id=com.novel.fiction.read.story.book&hl=en&gl=us"
""org.blueletterbible.blb","BOOKS_AND_REFERENCE","Blue Letter Bible","1,000,000+","1000000","2128342","8.0","VARY","theBlueletterBible@gmail.com","https://www.blueletterbible.org/policies/privacy.cfm","true","BOOKS_AND_REFERENCE","[object Object]","Everyone","false","1724870012000","https://play.google.com/store/apps/details?id=org.blueletterbible.blb&hl=en&gl=us"
""com.thriftbooks.mobile","BOOKS_AND_REFERENCE","ThriftBooks: New & Used Books","1,000,000+","1000000","1121085","5.0","VARY","mobile@thriftbooks.com","http://www.thriftbooks.com/privacypolicy.aspx","true","BOOKS_AND_REFERENCE","[object Object]","Teen","false","1723137305000","https://play.google.com/store/apps/details?id=com.thriftbooks.mobile&hl=en&gl=us"
""org.wikipedia","BOOKS_AND_REFERENCE","Wikipedia","50,000,000+","50000000","64345412","5.0","VARY","android-support@wikimedia.org","http://wikimediafoundation.org/wiki/Privacy_policy","true","BOOKS_AND_REFERENCE","[object Object]","Everyone","false","1724779765000","https://play.google.com/store/apps/details?id=org.wikipedia&hl=en&gl=us"
""org.lds.ldssa","BOOKS_AND_REFERENCE","Gospel Library","10,000,000+","10000000","10320302","6.0","VARY","gospel-library-android@churchofjesuschrist.org","https://www.churchofjesuschrist.org/services/platform/v4/resources/privacy-policy","true","BOOKS_AND_REFERENCE","[object Object]","Everyone","false","1725390612000","https://play.google.com/store/apps/details?id=org.lds.ldssa&hl=en&gl=us"
""com.qidian.Int.reader","BOOKS_AND_REFERENCE","WebNovel","10,000,000+","10000000","24968169","6.0","VARY","service@webnovel.com","https://www.webnovel.com/privacy_policy","true","BOOKS_AND_REFERENCE","[object Object]","Teen","true","1725524135000","https://play.google.com/store/apps/details?id=com.qidian.Int.reader&hl=en&gl=us"
""com.zhangyue.read.novelreader","BOOKS_AND_REFERENCE","NovelsReader","50,000+","50000","65242","7.0","VARY","support@ireader.com","http://www.ireader.com/index.php?ca=lang.EnPrivacy","true","BOOKS_AND_REFERENCE","[object Object]","Mature 17+","true","1723638636000","https://play.google.com/store/apps/details?id=com.zhangyue.read.novelreader&hl=en&gl=us"
""com.dreame.unlimited.gp","BOOKS_AND_REFERENCE","Starynovel: Read Novel & Story","100,000+","100000","238233","5.0","VARY","dreameworks2018@gmail.com","https://h5.dreame.com/page/privacyPolicy?originProduct=26","true","BOOKS_AND_REFERENCE","[object Object]","Teen","false","1725874454000","https://play.google.com/store/apps/details?id=com.dreame.unlimited.gp&hl=en&gl=us"
""com.stardust.kissreader","BOOKS_AND_REFERENCE","Kiss: Read & Write Romance","1,000,000+","1000000","1981128","5.0","VARY","support@crazymaplestudio.com","http://www.crazymaplestudios.com/privacy","true","BOOKS_AND_REFERENCE","[object Object]","Mature 17+","true","1724910458000","https://play.google.com/store/apps/details?id=com.stardust.kissreader&hl=en&gl=us"
""com.softissimo.reverso.context","BOOKS_AND_REFERENCE","Reverso Translate and Learn","10,000,000+","10000000","24376871","6.0","VARY","contextapp@softissimo.com","http://www.reverso.net/privacy_app.aspx?lang=EN","true","BOOKS_AND_REFERENCE","[object Object]","Everyone","true","1725548882000","https://play.google.com/store/apps/details?id=com.softissimo.reverso.context&hl=en&gl=us"
""com.changdu.ereader","BOOKS_AND_REFERENCE","MoboReader","1,000,000+","1000000","4763280","5.0","VARY","changduapp@moboreader.com","https://staticpage-en.cdreader.com/SP/PrivacyPolicy.html?client_proid=1003&mt=9","true","BOOKS_AND_REFERENCE","[object Object]","Mature 17+","true","1725850873000","https://play.google.com/store/apps/details?id=com.changdu.ereader&hl=en&gl=us"
""com.ascension.app","BOOKS_AND_REFERENCE","Ascension | Bible & Catechism","100,000+","100000","257327","9","VARY","appfeedback@ascensionpress.com","https://ascensionpress.com/pages/privacy-policy","true","BOOKS_AND_REFERENCE","[object Object]","Everyone","false","1724938401000","https://play.google.com/store/apps/details?id=com.ascension.app&hl=en&gl=us"
""com.pakdata.QuranMajeed","BOOKS_AND_REFERENCE","Quran Majeed – القران الكريم","10,000,000+","10000000","28631626","5.0","VARY","gco@pakdata.com","https://pakdata.com/privacy-policy","true","BOOKS_AND_REFERENCE","[object Object]","Everyone","true","1724759939000","https://play.google.com/store/apps/details?id=com.pakdata.QuranMajeed&hl=en&gl=us"
""com.google.android.stardroid","BOOKS_AND_REFERENCE","Sky Map","50,000,000+","50000000","69269405","VARY","VARY","skymapdevs+feedback@gmail.com","http://github.com/sky-map-team/stardroid/blob/master/PRIVACY_POLICY.md","true","BOOKS_AND_REFERENCE","[object Object]","Everyone","false","1714533807000","https://play.google.com/store/apps/details?id=com.google.android.stardroid&hl=en&gl=us"
""com.dreame.reader","BOOKS_AND_REFERENCE","Dreame-Read Romance Stories","10,000,000+","10000000","32200769","7.0","VARY","support-dreame@stary.com","https://h5.dreame.com/page/privacyPolicy?originProduct=1","true","BOOKS_AND_REFERENCE","[object Object]","Mature 17+","false","1722237698000","https://play.google.com/store/apps/details?id=com.dreame.reader&hl=en&gl=us"
""com.pcgs.coinfacts","BOOKS_AND_REFERENCE","PCGS CoinFacts - U.S. Coin Val","500,000+","500000","679185","4.4","VARY","app@pcgs.com","http://www.collectorsuniverse.com/privacy","true","BOOKS_AND_REFERENCE","[object Object]","Everyone","false","1714172204000","https://play.google.com/store/apps/details?id=com.pcgs.coinfacts&hl=en&gl=us"
""com.merriamwebster","BOOKS_AND_REFERENCE","Dictionary - Merriam-Webster","50,000,000+","50000000","53567970","5.0","VARY","appcontact@merriam-webster.com","https://www.merriam-webster.com/i/privacy-policy","true","BOOKS_AND_REFERENCE","[object Object]","Everyone","true","1717527912000","https://play.google.com/store/apps/details?id=com.merriamwebster&hl=en&gl=us"
""com.acellus.acellus","BOOKS_AND_REFERENCE","Acellus","100,000+","100000","425271","8.0","VARY","jbillings@goldkey.com","https://www.acellus.com/privacy.html","true","BOOKS_AND_REFERENCE","[object Object]","Everyone","false","1710374014000","https://play.google.com/store/apps/details?id=com.acellus.acellus&hl=en&gl=us"
""com.miccron.coinoscope","BOOKS_AND_REFERENCE","Coinoscope: Coin identifier","1,000,000+","1000000","1681523","6.0","VARY","coinoscope@miccron.com","https://coinoscope.com/privacy.html","true","BOOKS_AND_REFERENCE","[object Object]","Everyone","true","1717678384000","https://play.google.com/store/apps/details?id=com.miccron.coinoscope&hl=en&gl=us"
""com.wromance.mobile","BOOKS_AND_REFERENCE","Tempt: Romance Audiobooks","100,000+","100000","212206","7.0","VARY","help@wromance.com","https://wromance.com/privacy_policy.html","true","BOOKS_AND_REFERENCE","[object Object]","Mature 17+","false","1724055098000","https://play.google.com/store/apps/details?id=com.wromance.mobile&hl=en&gl=us"
""com.visionwizard.holybible","BOOKS_AND_REFERENCE","Bible Path: Chat with Bible","10,000+","10000","20395","5.0","VARY","support@visionwizard.co","https://static.holy-bible.app/:privacy-en.html","true","BOOKS_AND_REFERENCE","[object Object]","Everyone","false","1725003897000","https://play.google.com/store/apps/details?id=com.visionwizard.holybible&hl=en&gl=us"
""free.alquran.holyquran","BOOKS_AND_REFERENCE","Al QURAN - القرآن الكريم","10,000,000+","10000000","40585512","6.0","VARY","9dtech.inc@gmail.com","https://quran.9dmuslim.com/privacy-policy.html","true","BOOKS_AND_REFERENCE","[object Object]","Everyone","false","1724416674000","https://play.google.com/store/apps/details?id=free.alquran.holyquran&hl=en&gl=us"
""new.international.version.bible.niv","BOOKS_AND_REFERENCE","NIV Bible version, Offline app","1,000,000+","1000000","1839289","5.0","VARY","mobile.bible.apps@gmail.com","https://sites.google.com/view/mobilebibleapps","true","BOOKS_AND_REFERENCE","[object Object]","Everyone","true","1715874422000","https://play.google.com/store/apps/details?id=new.international.version.bible.niv&hl=en&gl=us"
""com.newreading.meganovel","BOOKS_AND_REFERENCE","MegaNovel: Fictions & Webnovel","1,000,000+","1000000","1234582","5.0","VARY","contact@meganovel.com","https://www.meganovel.com/other/static_file/privacy_policy.html","true","BOOKS_AND_REFERENCE","[object Object]","Mature 17+","false","1725370720000","https://play.google.com/store/apps/details?id=com.newreading.meganovel&hl=en&gl=us"
""com.bookfunnel.bookfunnel","BOOKS_AND_REFERENCE","BookFunnel","1,000,000+","1000000","1341496","VARY","VARY","help@bookfunnel.com","https://bookfunnel.com/privacy/","true","BOOKS_AND_REFERENCE","[object Object]","Everyone","false","1723486647000","https://play.google.com/store/apps/details?id=com.bookfunnel.bookfunnel&hl=en&gl=us"
""com.fiction.me","BOOKS_AND_REFERENCE","FictionMe: Stories & Novels","100,000+","100000","114622","8.0","VARY","support@fictionme.net","https://fictionme.net/public/privacy-policy.html","true","BOOKS_AND_REFERENCE","[object Object]","Mature 17+","false","1725965617000","https://play.google.com/store/apps/details?id=com.fiction.me&hl=en&gl=us"
""com.mheducation.readerShellApp.readAnywhere","BOOKS_AND_REFERENCE","ReadAnywhere","500,000+","500000","590734","10","VARY","caresupport@mheducation.com","https://www.mheducation.com/privacy.html","true","BOOKS_AND_REFERENCE","[object Object]","Everyone","false","1725041483000","https://play.google.com/store/apps/details?id=com.mheducation.readerShellApp.readAnywhere&hl=en&gl=us"
""com.qvon.novelbar","BOOKS_AND_REFERENCE","NovelBar-Your Reading Haven","100,000+","100000","248822","5.0","VARY","Novellair2@gmail.com","https://api.novelbars.com/privacy_policy","true","BOOKS_AND_REFERENCE","[object Object]","Teen","true","1723725828000","https://play.google.com/store/apps/details?id=com.qvon.novelbar&hl=en&gl=us"
""com.logos.androidlogos","BOOKS_AND_REFERENCE","Logos Bible Study App","1,000,000+","1000000","1755163","10","VARY","cs@logos.com","http://www.logos.com/about/privacy","true","BOOKS_AND_REFERENCE","[object Object]","Everyone","true","1724770927000","https://play.google.com/store/apps/details?id=com.logos.androidlogos&hl=en&gl=us"
""com.glorify.app","BOOKS_AND_REFERENCE","Glorify | Prayer & Devotional","5,000,000+","5000000","9931036","8.0","VARY","feedback@glorify-app.com","https://glorify-app.com/privacy-policy/","true","BOOKS_AND_REFERENCE","[object Object]","Everyone","false","1725566424000","https://play.google.com/store/apps/details?id=com.glorify.app&hl=en&gl=us"
""org.lds.stream","BOOKS_AND_REFERENCE","Gospel Stream","100,000+","100000","139179","8.0","VARY","GospelStream@churchofjesuschrist.org","https://www.churchofjesuschrist.org/services/platform/v4/resources/privacy-policy","true","BOOKS_AND_REFERENCE","[object Object]","Everyone","false","1721930521000","https://play.google.com/store/apps/details?id=org.lds.stream&hl=en&gl=us"
""com.chirpbirding.birda","BOOKS_AND_REFERENCE","Birda: Birding Made Better","100,000+","100000","233484","6.0","VARY","support@birda.org","https://birda.org/privacy/","true","BOOKS_AND_REFERENCE","[object Object]","Teen","true","1725632533000","https://play.google.com/store/apps/details?id=com.chirpbirding.birda&hl=en&gl=us"
""com.kw.literie","BOOKS_AND_REFERENCE","Literie-Endless Stories Await","100,000+","100000","299702","5.0","VARY","Literienew@gmail.com","https://api.literiess.com/privacy_policy","true","BOOKS_AND_REFERENCE","[object Object]","Teen","false","1725615391000","https://play.google.com/store/apps/details?id=com.kw.literie&hl=en&gl=us"
""bn.ereader","BOOKS_AND_REFERENCE","Barnes & Noble NOOK","10,000,000+","10000000","12521507","8.1","VARY","customerservice@nook.com","http://www.barnesandnoble.com/h/help/privacy-policy","true","BOOKS_AND_REFERENCE","[object Object]","Teen","false","1725491976000","https://play.google.com/store/apps/details?id=bn.ereader&hl=en&gl=us"
""com.whaledream.novel","BOOKS_AND_REFERENCE","Joyread","5,000,000+","5000000","9020668","8.0","VARY","service@joyread.com","https://www.joyreadings.com/privacy_policy.html","true","BOOKS_AND_REFERENCE","[object Object]","Mature 17+","true","1725356623000","https://play.google.com/store/apps/details?id=com.whaledream.novel&hl=en&gl=us"
""com.tecarta.TecartaBible","BOOKS_AND_REFERENCE","Life Bible","1,000,000+","1000000","1527063","8.0","VARY","androidsupport@tecarta.com","https://tecarta.com/privacy","true","BOOKS_AND_REFERENCE","[object Object]","Everyone","true","1725656600000","https://play.google.com/store/apps/details?id=com.tecarta.TecartaBible&hl=en&gl=us"
""com.beloved.bible.prayer.verse.android","BOOKS_AND_REFERENCE","Holy Bible Launcher: KJV+Audio","100,000+","100000","122842","10","VARY","support@belovedbible.app","https://belovedbible.app/atom/belovedbible/terms/privacypolicy.html","true","BOOKS_AND_REFERENCE","[object Object]","Everyone","true","1724404367000","https://play.google.com/store/apps/details?id=com.beloved.bible.prayer.verse.android&hl=en&gl=us"
""kjv.holy.bible.kingjames","BOOKS_AND_REFERENCE","Daily Bible: Holy Bible KJV","1,000,000+","1000000","2192701","6.0","VARY","support@easybible.io","https://kjv-giving-bible.flycricket.io/privacy.html","true","BOOKS_AND_REFERENCE","[object Object]","Everyone","true","1722500209000","https://play.google.com/store/apps/details?id=kjv.holy.bible.kingjames&hl=en&gl=us"
""com.hifiction.novel.android","BOOKS_AND_REFERENCE","JoyLit","100,000+","100000","485815","5.0","VARY","JoyLit_feedback@glamourred.com","http://cdn.hifreefiction.com/web/matrix_project/hi_free_fiction/privacy_policy.html","true","BOOKS_AND_REFERENCE","[object Object]","Teen","false","1725869436000","https://play.google.com/store/apps/details?id=com.hifiction.novel.android&hl=en&gl=us"
""co.fable.fable","BOOKS_AND_REFERENCE","Fable: Books & TV","100,000+","100000","296901","8.0","VARY","contact@fable.co","https://fable.co/privacy","true","BOOKS_AND_REFERENCE","[object Object]","Teen","false","1725946357000","https://play.google.com/store/apps/details?id=co.fable.fable&hl=en&gl=us"
""com.psacard.certverification","BOOKS_AND_REFERENCE","PSA | Card Grading Service","100,000+","100000","317230","5.0","VARY","app@psacard.com","https://app.collectors.com/privacypolicy","true","BOOKS_AND_REFERENCE","[object Object]","Everyone","false","1725583684000","https://play.google.com/store/apps/details?id=com.psacard.certverification&hl=en&gl=us"
""org.rbc.odb","BOOKS_AND_REFERENCE","Our Daily Bread","1,000,000+","1000000","4984179","5.0","VARY","mobilesupport@odb.org","http://ourdailybread.org/policy/privacy-policy/","true","BOOKS_AND_REFERENCE","[object Object]","Everyone","false","1725026015000","https://play.google.com/store/apps/details?id=org.rbc.odb&hl=en&gl=us"
""com.dailyfm.star.reading","BOOKS_AND_REFERENCE","DailyFM: Audiobooks & Stories","100,000+","100000","158427","6.0","VARY","service@dailyfm.co","https://dailyfm.co/privacy-policy/","true","BOOKS_AND_REFERENCE","[object Object]","Mature 17+","false","1724081614000","https://play.google.com/store/apps/details?id=com.dailyfm.star.reading&hl=en&gl=us"
""org.lds.bom","BOOKS_AND_REFERENCE","The Book of Mormon","1,000,000+","1000000","1549066","8.0","VARY","bookofmormonapp@churchofjesuschrist.org","https://www.churchofjesuschrist.org/services/platform/v4/resources/privacy-policy","true","BOOKS_AND_REFERENCE","[object Object]","Everyone","false","1723052186000","https://play.google.com/store/apps/details?id=org.lds.bom&hl=en&gl=us"
""com.embria.freefm","BOOKS_AND_REFERENCE","WhisperFM - Romance Novels","500,000+","500000","671528","8.0","VARY","info@flingfm.com","http://profittechnics.com/freefm/privacy","true","BOOKS_AND_REFERENCE","[object Object]","Mature 17+","true","1725622896000","https://play.google.com/store/apps/details?id=com.embria.freefm&hl=en&gl=us"
""com.chirpbooks.chirp","BOOKS_AND_REFERENCE","Chirp Audiobooks","500,000+","500000","530166","10","VARY","support@chirpbooks.com","https://www.chirpbooks.com/privacypolicy","true","BOOKS_AND_REFERENCE","[object Object]","Everyone","false","1721663573000","https://play.google.com/store/apps/details?id=com.chirpbooks.chirp&hl=en&gl=us"
""com.appriss.vinemobile","BOOKS_AND_REFERENCE","VINELink","1,000,000+","1000000","1228141","4.2","VARY","appfeedback@appriss.com","https://vinelink.vineapps.com/privacy","true","BOOKS_AND_REFERENCE","[object Object]","Everyone","true","1698692080000","https://play.google.com/store/apps/details?id=com.appriss.vinemobile&hl=en&gl=us"
""com.quran.andi.alquran.holyquran","BOOKS_AND_REFERENCE","Holy Quran Book and Audio","1,000,000+","1000000","2675376","7.0","VARY","sondrak046@gmail.com","http://huynhtransoft.com/policy","true","BOOKS_AND_REFERENCE","[object Object]","Everyone","true","1722053819000","https://play.google.com/store/apps/details?id=com.quran.andi.alquran.holyquran&hl=en&gl=us"
""io.readsy.app","BOOKS_AND_REFERENCE","Readsy: Books and Stories","10,000+","10000","11475","8.0","VARY","support@readsy.io","https://readsy.io/privacy-policy","true","BOOKS_AND_REFERENCE","[object Object]","Mature 17+","false","1725888449000","https://play.google.com/store/apps/details?id=io.readsy.app&hl=en&gl=us"
""air.com.myheritage.mobile","BOOKS_AND_REFERENCE","MyHeritage: Family Tree & DNA","10,000,000+","10000000","27977896","7.0","VARY","support@myheritage.com","http://www.myheritage.com/FP/Company/popup.php?p=privacy_policy","true","BOOKS_AND_REFERENCE","[object Object]","Everyone","false","1724749564000","https://play.google.com/store/apps/details?id=air.com.myheritage.mobile&hl=en&gl=us"
""com.scribd.app.reader0.docs","BOOKS_AND_REFERENCE","Scribd: 170M+ documents","1,000,000+","1000000","2788298","7.1","VARY","support@scribd.com","https://www.everand.com/privacy","true","BOOKS_AND_REFERENCE","[object Object]","Teen","false","1724787858000","https://play.google.com/store/apps/details?id=com.scribd.app.reader0.docs&hl=en&gl=us"
""com.solodevs.fortnitewallpapers","BOOKS_AND_REFERENCE","Battle Royale Chapter5 Season2","500,000+","500000","762793","5.0","VARY","alphastudio2019@gmail.com","https://app.termly.io/document/privacy-notice/27a0f332-0740-4e75-8a0a-12dc97b634c8","true","BOOKS_AND_REFERENCE","[object Object]","Everyone","true","1701978420000","https://play.google.com/store/apps/details?id=com.solodevs.fortnitewallpapers&hl=en&gl=us"
""com.thestorygraph.thestorygraph","BOOKS_AND_REFERENCE","StoryGraph","500,000+","500000","840692","8.0","VARY","support@thestorygraph.com","https://app.thestorygraph.com/privacy","true","BOOKS_AND_REFERENCE","[object Object]","Teen","false","1724402681000","https://play.google.com/store/apps/details?id=com.thestorygraph.thestorygraph&hl=en&gl=us"
""sanity.freeaudiobooks","BOOKS_AND_REFERENCE","Freed Audiobooks","10,000,000+","10000000","12597522","5.0","VARY","insanappsz@gmail.com","https://www.dropbox.com/s/v7bnfjzyi5jti9e/Privacy%20Policy%20of%20App.pdf?dl=0","true","BOOKS_AND_REFERENCE","[object Object]","Teen","true","1719242992000","https://play.google.com/store/apps/details?id=sanity.freeaudiobooks&hl=en&gl=us"
""org.bsfinternational.bsfapp","BOOKS_AND_REFERENCE","Bible Study Fellowship App","100,000+","100000","184996","6.0","VARY","support@bsfinternational.org","https://www.mybsf.org/privacy-policy","true","BOOKS_AND_REFERENCE","[object Object]","Everyone","false","1725572397000","https://play.google.com/store/apps/details?id=org.bsfinternational.bsfapp&hl=en&gl=us"
""com.inkitt.android.hermione","BOOKS_AND_REFERENCE","Inkitt: Books, Novels, Stories","5,000,000+","5000000","5115496","5.0","VARY","support@inkitt.com","https://www.inkitt.com/privacy","true","BOOKS_AND_REFERENCE","[object Object]","Teen","false","1725011985000","https://play.google.com/store/apps/details?id=com.inkitt.android.hermione&hl=en&gl=us"
""com.cozyread.app","BOOKS_AND_REFERENCE","CozyRead - Explore Reading","100,000+","100000","117142","6.0","VARY","cozyread.info@wownovel.net","https://cozyreadh5.wownovel.net/v1/h5/common/privacyAgreement.html","true","BOOKS_AND_REFERENCE","[object Object]","Mature 17+","false","1706668126000","https://play.google.com/store/apps/details?id=com.cozyread.app&hl=en&gl=us"
""com.app.android.qw.readink","BOOKS_AND_REFERENCE","Readink - Read Good Web Novel","500,000+","500000","841964","6.0","VARY","support@readink.app","https://www.readink.app/privacy-policy.html","true","BOOKS_AND_REFERENCE","[object Object]","Mature 17+","false","1725391411000","https://play.google.com/store/apps/details?id=com.app.android.qw.readink&hl=en&gl=us"
""com.txtr.android.mmm","BOOKS_AND_REFERENCE","cloudLibrary","1,000,000+","1000000","1341895","5.0","VARY","cloudlibraryfeedback@bibliotheca.com","http://usestrwebaccess.blob.core.windows.net/apps/CloudLibrary_Privacy.html","true","BOOKS_AND_REFERENCE","[object Object]","Everyone","false","1721682650000","https://play.google.com/store/apps/details?id=com.txtr.android.mmm&hl=en&gl=us"
""com.imagenestop.labiblia2","BOOKS_AND_REFERENCE","Biblia Reina Valera en español","1,000,000+","1000000","2493292","6.0","VARY","peetmunbetmom@gmail.com","https://sites.google.com/view/aplicaciones-cristianas","true","BOOKS_AND_REFERENCE","[object Object]","Everyone","true","1715260274000","https://play.google.com/store/apps/details?id=com.imagenestop.labiblia2&hl=en&gl=us"
""com.obreey.reader","BOOKS_AND_REFERENCE","PocketBook reader - any books","5,000,000+","5000000","7951096","5.0","VARY","info@obreey-products.com","https://pocketbook.ch/en-ch/reader-mobile-privacy-notice","true","BOOKS_AND_REFERENCE","[object Object]","Everyone","false","1721658317000","https://play.google.com/store/apps/details?id=com.obreey.reader&hl=en&gl=us"
""com.goodfic.novel","BOOKS_AND_REFERENCE","Goodfic - Web Novel & Story","50,000+","50000","53159","5.0","VARY","goodficjin@gmail.com","http://www.goodfic.com/Terms/shownews.php?id=68","true","BOOKS_AND_REFERENCE","[object Object]","Teen","true","1721991950000","https://play.google.com/store/apps/details?id=com.goodfic.novel&hl=en&gl=us"
""com.flyersoft.moonreader","BOOKS_AND_REFERENCE","Moon+ Reader","10,000,000+","10000000","25373785","5.0","VARY","seanyword@gmail.com","http://www.moondownload.com/privacymr.html","true","BOOKS_AND_REFERENCE","[object Object]","Everyone","true","1725854624000","https://play.google.com/store/apps/details?id=com.flyersoft.moonreader&hl=en&gl=us"
""com.zhangyue.read.storyaholic","BOOKS_AND_REFERENCE","Storyaholic-Novel & Fiction","500,000+","500000","699177","7.0","VARY","support@ireader.com","http://www.ireader.com/index.php?ca=lang.EnPrivacy","true","BOOKS_AND_REFERENCE","[object Object]","Teen","true","1724141860000","https://play.google.com/store/apps/details?id=com.zhangyue.read.storyaholic&hl=en&gl=us"
""com.taghche.books","BOOKS_AND_REFERENCE","طاقچه؛ کتاب الکترونیکی و صوتی","1,000,000+","1000000","1165963","5.0","VARY","tgbooks.play@gmail.com","https://pages.flycricket.io/taaghche-0/privacy.html","true","BOOKS_AND_REFERENCE","[object Object]","Everyone","false","1722964523000","https://play.google.com/store/apps/details?id=com.taghche.books&hl=en&gl=us"
""com.spanishdict.spanishdict","BOOKS_AND_REFERENCE","SpanishDictionary.com Learning","1,000,000+","1000000","2201057","7.0","VARY","support@spanishdict.com","http://www.spanishdict.com/company/privacy","true","BOOKS_AND_REFERENCE","[object Object]","Everyone","true","1725037659000","https://play.google.com/store/apps/details?id=com.spanishdict.spanishdict&hl=en&gl=us"
""com.biblehub.app","BOOKS_AND_REFERENCE","Bible Hub","100,000+","100000","450504","7.0","VARY","biblehub@aol.com","https://biblehub.com/privacy.htm","true","BOOKS_AND_REFERENCE","[object Object]","Everyone","false","1695564765000","https://play.google.com/store/apps/details?id=com.biblehub.app&hl=en&gl=us"
""com.JurazCraftStudio.CamouflageDoors","BOOKS_AND_REFERENCE","Camouflage Doors Mod for MCPE","1,000,000+","1000000","1603113","5.1","VARY","eduard.andrievski@gmail.com","https://sites.google.com/view/stakordmods","true","BOOKS_AND_REFERENCE","[object Object]","Everyone","true","1716562469000","https://play.google.com/store/apps/details?id=com.JurazCraftStudio.CamouflageDoors&hl=en&gl=us"
""bible.kingjamesbiblelite","BOOKS_AND_REFERENCE","King James Bible - KJV Offline","10,000,000+","10000000","11010739","7.0","VARY","bibleresourcesfree@gmail.com","http://howtopraythescriptures.com/privacy.html","true","BOOKS_AND_REFERENCE","[object Object]","Everyone","true","1722315608000","https://play.google.com/store/apps/details?id=bible.kingjamesbiblelite&hl=en&gl=us"
""org.lds.ldstools","BOOKS_AND_REFERENCE","Member Tools","1,000,000+","1000000","2949009","8.0","VARY","membertools@churchofjesuschrist.org","https://www.churchofjesuschrist.org/services/platform/v4/resources/privacy-policy","true","BOOKS_AND_REFERENCE","[object Object]","Everyone","false","1714585320000","https://play.google.com/store/apps/details?id=org.lds.ldstools&hl=en&gl=us"
""com.IreptioCraftiaCorporation.SecurityCamera","BOOKS_AND_REFERENCE","Security Camera Mod Minecraft","1,000,000+","1000000","1399905","5.1","VARY","ediknight111@gmail.com","https://sites.google.com/view/ireptiocraftiacorporation","true","BOOKS_AND_REFERENCE","[object Object]","Everyone","true","1716481052000","https://play.google.com/store/apps/details?id=com.IreptioCraftiaCorporation.SecurityCamera&hl=en&gl=us"
""com.bloomhut.novelhaven","BOOKS_AND_REFERENCE","BloomHut - Werewolf&iRomance","1,000+","1000","3456","6.0","VARY","BloomHut.onlinebooks@outlook.com","https://bloomhuts.com/privacy","true","BOOKS_AND_REFERENCE","[object Object]","Mature 17+","false","1724310730000","https://play.google.com/store/apps/details?id=com.bloomhut.novelhaven&hl=en&gl=us"
""com.oasis.noveloasis","BOOKS_AND_REFERENCE","NovelOasis-Romance & Webnovel","500,000+","500000","500291","5.0","VARY","NovelOasisofficial@gmail.com","https://api.novel-oasis.com/privacy_policy","true","BOOKS_AND_REFERENCE","[object Object]","Teen","true","1725369112000","https://play.google.com/store/apps/details?id=com.oasis.noveloasis&hl=en&gl=us"
""com.simppro.quran.offline","BOOKS_AND_REFERENCE","القرآن الكريم كامل بدون انترنت","50,000,000+","50000000","70755511","5.0","VARY","android@simppro.com","http://simppro.com/privacy_policy.html","true","BOOKS_AND_REFERENCE","[object Object]","Everyone","true","1712675820000","https://play.google.com/store/apps/details?id=com.simppro.quran.offline&hl=en&gl=us"
""com.messengerx","BOOKS_AND_REFERENCE","MessengerX App","1,000,000+","1000000","1192001","8.1","VARY","mail@messengerinternational.org","https://messengerinternational.org/privacy-policy/","true","BOOKS_AND_REFERENCE","[object Object]","Everyone","false","1725655600000","https://play.google.com/store/apps/details?id=com.messengerx&hl=en&gl=us"
""com.audio.livres","BOOKS_AND_REFERENCE","InStories - Werewolf Romance","100,000+","100000","121356","5.0","VARY","goodstoriesservice@gmail.com","https://www.instoriesai.com/privacy_policy.html","true","BOOKS_AND_REFERENCE","[object Object]","Mature 17+","true","1722352837000","https://play.google.com/store/apps/details?id=com.audio.livres&hl=en&gl=us"
""com.kobobooks.android","BOOKS_AND_REFERENCE","Kobo Books - eBooks Audiobooks","10,000,000+","10000000","26680877","VARY","VARY","androidfeedback@kobo.com","https://www.kobo.com/privacypolicy","true","BOOKS_AND_REFERENCE","[object Object]","Teen","false","1718911455000","https://play.google.com/store/apps/details?id=com.kobobooks.android&hl=en&gl=us"
""com.bible.nkjvbible","BOOKS_AND_REFERENCE","NKJV Bible offline app","100,000+","100000","372909","5.0","VARY","holybibleapps4you@gmail.com","https://sites.google.com/view/holybibleapps4you/","true","BOOKS_AND_REFERENCE","[object Object]","Everyone","true","1701710983000","https://play.google.com/store/apps/details?id=com.bible.nkjvbible&hl=en&gl=us"
""net.tonysoft.bookmory","BOOKS_AND_REFERENCE","Bookmory - reading tracker","1,000,000+","1000000","1021808","6.0","VARY","tonysoft.net@gmail.com","https://sites.google.com/view/bookmory-privacy/%ED%99%88","true","BOOKS_AND_REFERENCE","[object Object]","Everyone","true","1725369882000","https://play.google.com/store/apps/details?id=net.tonysoft.bookmory&hl=en&gl=us"
""br.com.appstarsbiblia.bibliasagradamulher","BOOKS_AND_REFERENCE","Giant Print Women Bible","1,000,000+","1000000","1182151","5.0","VARY","app@appstarsbiblia.com.br","https://appstarsbiblia.com.br/privacy-policy/biblia-mulher-privacy-policy.html","true","BOOKS_AND_REFERENCE","[object Object]","Everyone","false","1724695675000","https://play.google.com/store/apps/details?id=br.com.appstarsbiblia.bibliasagradamulher&hl=en&gl=us"
""com.nanhm.mmcalendar","BOOKS_AND_REFERENCE","MM-Calendar","1,000,000+","1000000","2037458","5.0","VARY","ott.solutions2021@gmail.com","https://nanhaymar.github.io/mmcalendar.html","true","BOOKS_AND_REFERENCE","[object Object]","Everyone","true","1715964454000","https://play.google.com/store/apps/details?id=com.nanhm.mmcalendar&hl=en&gl=us"
""com.tapon.read","BOOKS_AND_REFERENCE","Tapon","1,000,000+","1000000","4159031","5.0","VARY","service@tapon.com","https://support.tapon.com/privacy_policy_en.html","true","BOOKS_AND_REFERENCE","[object Object]","Mature 17+","false","1725612631000","https://play.google.com/store/apps/details?id=com.tapon.read&hl=en&gl=us"
""com.playdatedigital.mlpmoviefree","BOOKS_AND_REFERENCE","My Little Pony - The Movie","100,000+","100000","471517","7.1","VARY","shaan@playdatedigital.com","http://playdatedigital.com/privacy-policy","true","BOOKS_AND_REFERENCE","[object Object]","Everyone","true","1723142162000","https://play.google.com/store/apps/details?id=com.playdatedigital.mlpmoviefree&hl=en&gl=us"
""com.subsplash.esv","BOOKS_AND_REFERENCE","ESV Bible","1,000,000+","1000000","2218580","8.0","VARY","service@crossway.org","https://www.esv.org/about/policy/","true","BOOKS_AND_REFERENCE","[object Object]","Everyone","false","1721832814000","https://play.google.com/store/apps/details?id=com.subsplash.esv&hl=en&gl=us"
""com.webfic.novel","BOOKS_AND_REFERENCE","Webfic - Fantastic Reading","5,000,000+","5000000","6609994","6.0","VARY","webficnovel@gmail.com","http://www.webfic.com/static/webfic/privacy_policy.html","true","BOOKS_AND_REFERENCE","[object Object]","Teen","true","1714273763000","https://play.google.com/store/apps/details?id=com.webfic.novel&hl=en&gl=us"
""uk.co.highapp.audiobook.ebooks","BOOKS_AND_REFERENCE","Languager: Learn Language Fast","5,000,000+","5000000","9885254","5.0","VARY","wecare@highapplimited.co.uk","https://www.highapplimited.co.uk/privacy_policy.html","true","BOOKS_AND_REFERENCE","[object Object]","Everyone","true","1720789578000","https://play.google.com/store/apps/details?id=uk.co.highapp.audiobook.ebooks&hl=en&gl=us"
""com.aynovel.vixs","BOOKS_AND_REFERENCE","Hinovel","5,000,000+","5000000","8586804","6.0","VARY","support@hinovel.com","https://web.hinovelasia.com/home/privacy/enprivacy.html","true","BOOKS_AND_REFERENCE","[object Object]","Teen","false","1725353107000","https://play.google.com/store/apps/details?id=com.aynovel.vixs&hl=en&gl=us"
""com.spencerpages","BOOKS_AND_REFERENCE","Coin Collection","500,000+","500000","505892","4.0","VARY","andrew27379091@gmail.com","https://github.com/anwilli5/coin-collection-android-US/wiki/Privacy-Policy","true","BOOKS_AND_REFERENCE","[object Object]","Everyone","false","1708239326000","https://play.google.com/store/apps/details?id=com.spencerpages&hl=en&gl=us"
""com.joyreading.wehear","BOOKS_AND_REFERENCE","Wehear - Audiobooks & Stories","1,000,000+","1000000","1867570","VARY","VARY","service@wehearfm.com","https://www.wehearfm.com/privacyPolicy/","true","BOOKS_AND_REFERENCE","[object Object]","Teen","false","1722939102000","https://play.google.com/store/apps/details?id=com.joyreading.wehear&hl=en&gl=us"
""com.audioholybible.verse.devotion","BOOKS_AND_REFERENCE","Audio Bible - NIV Bible App","100,000+","100000","211759","5.0","VARY","rutairuenkaew@gmail.com","https://dailyverses.xyz/niv2021/Privacy_Policy.html","true","BOOKS_AND_REFERENCE","[object Object]","Everyone","true","1715008529000","https://play.google.com/store/apps/details?id=com.audioholybible.verse.devotion&hl=en&gl=us"
""com.multibook.read.novellink","BOOKS_AND_REFERENCE","Novelink","10,000+","10000","35808","6.0","VARY","multibook@ireader.com","https://privacy.noveltells.net/Noveltells","true","BOOKS_AND_REFERENCE","[object Object]","Teen","true","1723167524000","https://play.google.com/store/apps/details?id=com.multibook.read.novellink&hl=en&gl=us"
""com.novelsago.cz","BOOKS_AND_REFERENCE","Novelsago","100,000+","100000","222209","7.0","VARY","novelsago@Outlook.com","https://www.novelsago.com/article/privacy","true","BOOKS_AND_REFERENCE","[object Object]","Teen","true","1723102454000","https://play.google.com/store/apps/details?id=com.novelsago.cz&hl=en&gl=us"
""com.naing.englishmyanmardictionary","BOOKS_AND_REFERENCE","English-Myanmar Dictionary","5,000,000+","5000000","8752901","4.4","VARY","group.naing@gmail.com","https://www.naingdroidapps.com/privacy-policy","true","BOOKS_AND_REFERENCE","[object Object]","Everyone","true","1692722699000","https://play.google.com/store/apps/details?id=com.naing.englishmyanmardictionary&hl=en&gl=us"
""com.quran.labs.androidquran","BOOKS_AND_REFERENCE","Quran for Android","50,000,000+","50000000","52936818","VARY","VARY","quran.android@gmail.com","http://android.quran.com/privacy.html","true","BOOKS_AND_REFERENCE","[object Object]","Everyone","false","1706646127000","https://play.google.com/store/apps/details?id=com.quran.labs.androidquran&hl=en&gl=us"
""com.reader.books","BOOKS_AND_REFERENCE","eBoox: ePub PDF e-book Reader","10,000,000+","10000000","10338992","4.4","VARY","apps4reading@gmail.com","https://eboox.ru/privacy","true","BOOKS_AND_REFERENCE","[object Object]","Everyone","false","1711989167000","https://play.google.com/store/apps/details?id=com.reader.books&hl=en&gl=us"
""holy.bible.verse.daily.kjv.audio","BOOKS_AND_REFERENCE","KJV Holy Bible - Verse+Audio","100,000+","100000","182073","7.0","VARY","livelauncher02@gmail.com","https://sites.google.com/view/kjvholybiblepolicy","true","BOOKS_AND_REFERENCE","[object Object]","Everyone","true","1723201463000","https://play.google.com/store/apps/details?id=holy.bible.verse.daily.kjv.audio&hl=en&gl=us"
""com.richshapero.tfma","BOOKS_AND_REFERENCE","TooFar Media","1,000,000+","1000000","2616854","5.1","VARY","info@TooFarMedia.com","http://toofarmedia.com/privacy/","true","BOOKS_AND_REFERENCE","[object Object]","Mature 17+","false","1724837098000","https://play.google.com/store/apps/details?id=com.richshapero.tfma&hl=en&gl=us"
""us.pacourts.docket","BOOKS_AND_REFERENCE","PAeDocket","500,000+","500000","524275","5.0","VARY","aopc.app@gmail.com","https://ujsportal.pacourts.us/privacy.aspx","true","BOOKS_AND_REFERENCE","[object Object]","Everyone","false","1698699084000","https://play.google.com/store/apps/details?id=us.pacourts.docket&hl=en&gl=us"
""org.lds.ldsmusic","BOOKS_AND_REFERENCE","Sacred Music","1,000,000+","1000000","2225815","6.0","VARY","android-support@ldsmail.net","https://www.churchofjesuschrist.org/services/platform/v4/resources/privacy-policy","true","BOOKS_AND_REFERENCE","[object Object]","Everyone","false","1715810944000","https://play.google.com/store/apps/details?id=org.lds.ldsmusic&hl=en&gl=us"
""com.free.goodstories","BOOKS_AND_REFERENCE","GoodStories-Read romance novel","100,000+","100000","215739","5.0","VARY","goodstoriesservice@gmail.com","https://www.freegoodstories.com/privacyPolicy.html","true","BOOKS_AND_REFERENCE","[object Object]","Mature 17+","true","1725424946000","https://play.google.com/store/apps/details?id=com.free.goodstories&hl=en&gl=us"
""com.ketabrah","BOOKS_AND_REFERENCE","کتابراه: کتاب الکترونیک و صوتی","5,000,000+","5000000","5302599","5.0","VARY","ketabrahapp@gmail.com","https://rahbookreader.com/terms.html","true","BOOKS_AND_REFERENCE","[object Object]","Everyone","false","1704806716000","https://play.google.com/store/apps/details?id=com.ketabrah&hl=en&gl=us"
""fff.ff.skintools.zone.emotes.elitepass","BOOKS_AND_REFERENCE","FFF Skin Tool Elite Pass","100,000+","100000","237543","5.0","VARY","pateljewin@gmail.com","https://sites.google.com/view/dailyusefullapp","true","BOOKS_AND_REFERENCE","[object Object]","Everyone","true","1714382483000","https://play.google.com/store/apps/details?id=fff.ff.skintools.zone.emotes.elitepass&hl=en&gl=us"
""app.android.bible","BOOKS_AND_REFERENCE","Bible Study - Verse & Audio","500,000+","500000","825647","7.0","VARY","williamsrm756316@gmail.com","https://cleanmasterx.com/bible-study/privacy","true","BOOKS_AND_REFERENCE","[object Object]","Everyone","true","1720689166000","https://play.google.com/store/apps/details?id=app.android.bible&hl=en&gl=us"
""com.khatmah.android","BOOKS_AND_REFERENCE","ختمة Khatmah - مصحف،أذان،أذكار","5,000,000+","5000000","5309304","4.2","VARY","contact@5atma.com","http://5atma.com/prvcy_pol00.php","true","BOOKS_AND_REFERENCE","[object Object]","Everyone","true","1709765532000","https://play.google.com/store/apps/details?id=com.khatmah.android&hl=en&gl=us"
""com.tibok.app","BOOKS_AND_REFERENCE","MiniNovel-Find Short Novels","50,000+","50000","93725","7.0","VARY","mini.info@wownovel.net","https://tibokh5.wownovel.net/v1/main/privacy_agreement","true","BOOKS_AND_REFERENCE","[object Object]","Teen","false","1725616443000","https://play.google.com/store/apps/details?id=com.tibok.app&hl=en&gl=us"
""com.bookshelf.prod","BOOKS_AND_REFERENCE","Bookshelf-Your virtual library","500,000+","500000","973901","5.0","VARY","bookshelf.concept@gmail.com","https://www.bookshelfapp.info/privacy-policy.html","true","BOOKS_AND_REFERENCE","[object Object]","Everyone","false","1722513921000","https://play.google.com/store/apps/details?id=com.bookshelf.prod&hl=en&gl=us"
""com.dictionary","BOOKS_AND_REFERENCE","Dictionary.com: English Words","10,000,000+","10000000","48219382","7.0","VARY","support@dictionary.zendesk.com","https://www.dictionary.com/e/terms/","true","BOOKS_AND_REFERENCE","[object Object]","Everyone","true","1692214987000","https://play.google.com/store/apps/details?id=com.dictionary&hl=en&gl=us"
""topstory.fiction.novel","BOOKS_AND_REFERENCE","Fictio - Good Novels, Stories","500,000+","500000","553656","5.0","VARY","jamesycd@gmail.com","https://www.fictioapp.com/privacy-policy.html","true","BOOKS_AND_REFERENCE","[object Object]","Teen","false","1725881945000","https://play.google.com/store/apps/details?id=topstory.fiction.novel&hl=en&gl=us"
""by.uniq.es_reinavalera_1909_traducciones_de_la_biblia_al_espanol","BOOKS_AND_REFERENCE","La Biblia Reina Valera 1960","100,000+","100000","182961","6.0","VARY","stuudent@gmail.com","https://uniq.by/privacy.html","true","BOOKS_AND_REFERENCE","[object Object]","Everyone","true","1723656488000","https://play.google.com/store/apps/details?id=by.uniq.es_reinavalera_1909_traducciones_de_la_biblia_al_espanol&hl=en&gl=us"
""com.lemonovel.app","BOOKS_AND_REFERENCE","Wownovel - Ebook Reader","100,000+","100000","334676","6.0","VARY","lemonovel.info@wownovel.net","https://lemonovelh5.wownovel.net/v1/main/privacy_agreement?sitename=%E0%B8%99%E0%B8%A7%E0%B8%99%E0%B8%B4%E0%B8%A2%E0%B8%B2%E0%B8%A2%E0%B8%A1%E0%B8%B0%E0%B8%99%E0%B8%B2%E0%B8%A7&lang=en-us","true","BOOKS_AND_REFERENCE","[object Object]","Teen","false","1702025244000","https://play.google.com/store/apps/details?id=com.lemonovel.app&hl=en&gl=us"
""com.azwstudios.theholybible.kjv","BOOKS_AND_REFERENCE","King James Bible (KJV)","1,000,000+","1000000","4160082","5.0","VARY","alfredo.warpstudios@gmail.com","https://warpstudios.github.io/#/privacy_policy","true","BOOKS_AND_REFERENCE","[object Object]","Everyone","true","1725077821000","https://play.google.com/store/apps/details?id=com.azwstudios.theholybible.kjv&hl=en&gl=us"
""com.hyperionics.avar","BOOKS_AND_REFERENCE","@Voice Aloud Reader (TTS)","10,000,000+","10000000","11545803","5.0","VARY","atVoice@hyperionics.com","https://www.hyperionics.com/atVoice/privacy.html","true","BOOKS_AND_REFERENCE","[object Object],[object Object]","Teen","true","1725659956000","https://play.google.com/store/apps/details?id=com.hyperionics.avar&hl=en&gl=us"
""com.eznetsoft.chantsdesperance","BOOKS_AND_REFERENCE","Chants D'Esperance with Tunes","1,000,000+","1000000","3066193","5.0","VARY","support@eznetsoft.com","https://eznetsoft.com/privacy/","true","BOOKS_AND_REFERENCE","[object Object]","Everyone","true","1717854242000","https://play.google.com/store/apps/details?id=com.eznetsoft.chantsdesperance&hl=en&gl=us"
""livio.pack.lang.en_US","BOOKS_AND_REFERENCE","English Dictionary - Offline","10,000,000+","10000000","38099983","6.0","VARY","android-dictionary-livio@googlegroups.com","https://thesaurus.altervista.org/android-privacy-policy.html","true","BOOKS_AND_REFERENCE","[object Object]","Everyone 10+","false","1709462279000","https://play.google.com/store/apps/details?id=livio.pack.lang.en_US&hl=en&gl=us"
""jp.co.studyswitch.dictionaryippatsuen","BOOKS_AND_REFERENCE","The English Dictionary","50,000+","50000","53113","8.0","VARY","support@studyswitch.co.jp","https://apps.studyswitch.co.jp/privacy.html","true","BOOKS_AND_REFERENCE","[object Object]","Teen","true","1680497955000","https://play.google.com/store/apps/details?id=jp.co.studyswitch.dictionaryippatsuen&hl=en&gl=us"
""com.chereads.reader","BOOKS_AND_REFERENCE","Chereads","500,000+","500000","637272","5.0","VARY","chereads.official@gmail.com","https://www.chereads.com/privacy_policy","true","BOOKS_AND_REFERENCE","[object Object]","Teen","false","1725602192000","https://play.google.com/store/apps/details?id=com.chereads.reader&hl=en&gl=us"
""com.jr.cdxs.ereader","BOOKS_AND_REFERENCE","ReadNow - My CEO Daddy -Novels","1,000,000+","1000000","1403059","6.0","VARY","changduapp@moboreader.com","https://staticpage-en.cdreader.com/EN/PrivacyPolicy.html?client_proid=1000&mt=9","true","BOOKS_AND_REFERENCE","[object Object]","Teen","true","1724684354000","https://play.google.com/store/apps/details?id=com.jr.cdxs.ereader&hl=en&gl=us"
""com.biryudumkitap","BOOKS_AND_REFERENCE","Fabula: Audiobook Summaries","100,000+","100000","300527","6.0","VARY","destek@biryudumkitap.com","https://www.getfabula.com/privacy/en/privacy/","true","BOOKS_AND_REFERENCE","[object Object]","Everyone","false","1720904083000","https://play.google.com/store/apps/details?id=com.biryudumkitap&hl=en&gl=us"
""com.quranly.app","BOOKS_AND_REFERENCE","Quranly","1,000,000+","1000000","1740770","5.0","VARY","salam@quranly.app","https://www.quranly.app/privacy-policy","true","BOOKS_AND_REFERENCE","[object Object]","Everyone","false","1725616675000","https://play.google.com/store/apps/details?id=com.quranly.app&hl=en&gl=us"
""com.gvapps.wisdomquotes","BOOKS_AND_REFERENCE","Wisdom Quotes: Wise Words","1,000,000+","1000000","2202069","6.0","VARY","itsgvapps@gmail.com","https://sites.google.com/view/gvapps-privacy-policy/home","true","BOOKS_AND_REFERENCE","[object Object]","Everyone 10+","true","1722181618000","https://play.google.com/store/apps/details?id=com.gvapps.wisdomquotes&hl=en&gl=us"
""com.tiim.goforexx24","BOOKS_AND_REFERENCE","Forex Trading for Beginners","1,000,000+","1000000","4041601","5.1","VARY","dev@goforex.app","https://goforex.app/privacy","true","BOOKS_AND_REFERENCE","[object Object]","Everyone","false","1725392128000","https://play.google.com/store/apps/details?id=com.tiim.goforexx24&hl=en&gl=us"
""santa.biblia.reina.valera.gratis","BOOKS_AND_REFERENCE","Holy Bible Reina Valera 1960","1,000,000+","1000000","2518906","5.0","VARY","daily.bible.apps@gmail.com","https://sites.google.com/view/daily-bible-apps-privacy-polic/","true","BOOKS_AND_REFERENCE","[object Object]","Everyone","true","1718654337000","https://play.google.com/store/apps/details?id=santa.biblia.reina.valera.gratis&hl=en&gl=us"
""com.bf.aistory","BOOKS_AND_REFERENCE","AI Story Generator Novel Maker","500,000+","500000","619811","11","VARY","aitools.fun@gmail.com","https://sites.google.com/view/novelai-shortstoryai-pro/privacy-policy","true","BOOKS_AND_REFERENCE","[object Object]","Everyone","true","1721570829000","https://play.google.com/store/apps/details?id=com.bf.aistory&hl=en&gl=us"
""com.appgp.bibliacatolicaenespanol","BOOKS_AND_REFERENCE","Biblia Católica en español","1,000,000+","1000000","3504342","6.0","VARY","kumlotgetfum@gmail.com","https://sites.google.com/view/buenaonda-app/p%C3%A1gina-principal","true","BOOKS_AND_REFERENCE","[object Object]","Everyone","true","1715045906000","https://play.google.com/store/apps/details?id=com.appgp.bibliacatolicaenespanol&hl=en&gl=us"
""com.faithcomesbyhearing.android.bibleis","BOOKS_AND_REFERENCE","Bible - Audio & Video Bibles","5,000,000+","5000000","8483463","6.0","VARY","support@bible.is","https://live.bible.is/privacy","true","BOOKS_AND_REFERENCE","[object Object]","Everyone","false","1724698606000","https://play.google.com/store/apps/details?id=com.faithcomesbyhearing.android.bibleis&hl=en&gl=us"
""com.manualslib.app","BOOKS_AND_REFERENCE","Manualslib - User Guides & Own","1,000,000+","1000000","1500386","4.4","VARY","feedback@manualslib.com","https://www.manualslib.com/app/pp.pdf","true","BOOKS_AND_REFERENCE","[object Object]","Everyone","true","1656414069000","https://play.google.com/store/apps/details?id=com.manualslib.app&hl=en&gl=us"
""com.dictionary.words1","BOOKS_AND_REFERENCE","English Dictionary : Thesaurus","500,000+","500000","520734","8.0","VARY","Bennettamitto@gmail.com","https://2cutehinchboard.blogspot.com/2023/02/privacy-policy-dictionary-app.html","true","BOOKS_AND_REFERENCE","[object Object]","Everyone","false","1724829075000","https://play.google.com/store/apps/details?id=com.dictionary.words1&hl=en&gl=us"
""com.wolfram.android.alphapro","BOOKS_AND_REFERENCE","WolframAlpha","500,000+","500000","575666","6.0","VARY","playstore.wolfram@gmail.com","https://www.wolfram.com/legal/privacy/wolfram/","true","BOOKS_AND_REFERENCE","[object Object]","Everyone","false","1709131432000","https://play.google.com/store/apps/details?id=com.wolfram.android.alphapro&hl=en&gl=us"
""com.crystalyze.crystalyze","BOOKS_AND_REFERENCE","Crystalyze: Crystal Guide","100,000+","100000","291526","6.0","VARY","info@crystalyzeguide.com","https://www.crystalyzeguide.com/privacy-policy/","true","BOOKS_AND_REFERENCE","[object Object]","Everyone 10+","false","1722460160000","https://play.google.com/store/apps/details?id=com.crystalyze.crystalyze&hl=en&gl=us"
""com.tecarta.kjv2","BOOKS_AND_REFERENCE","Holy Bible King James + Audio","1,000,000+","1000000","4144650","8.0","VARY","androidsupport@tecarta.com","https://tecarta.com/privacy","true","BOOKS_AND_REFERENCE","[object Object]","Everyone","true","1725656649000","https://play.google.com/store/apps/details?id=com.tecarta.kjv2&hl=en&gl=us"
""app.librivox.android","BOOKS_AND_REFERENCE","LibriVox Audio Books","1,000,000+","1000000","4798128","5.0","VARY","support@bookdesign.biz","http://www.bookdesign.biz/librivox/privacy-policy","true","BOOKS_AND_REFERENCE","[object Object]","Teen","true","1725621903000","https://play.google.com/store/apps/details?id=app.librivox.android&hl=en&gl=us"
""com.greentech.quran","BOOKS_AND_REFERENCE","Al Quran (Tafsir & by Word)","5,000,000+","5000000","8248205","5.0","VARY","contact@gtaf.org","https://gtaf.org/privacy-policy","true","BOOKS_AND_REFERENCE","[object Object]","Everyone","false","1724004150000","https://play.google.com/store/apps/details?id=com.greentech.quran&hl=en&gl=us"
""com.pocketfm.novel","BOOKS_AND_REFERENCE","Pocket Novels","5,000,000+","5000000","9672124","5.0","VARY","pocketnovelcare@pocketfm.com","https://www.pocketfm.com/privacy-policy","true","BOOKS_AND_REFERENCE","[object Object]","Everyone","true","1725542470000","https://play.google.com/store/apps/details?id=com.pocketfm.novel&hl=en&gl=us"
""com.thingsflow.storyplay","BOOKS_AND_REFERENCE","Storyplay: Interactive story","1,000,000+","1000000","1227693","6.0","VARY","help@storyplay.com","https://www.notion.so/thingsflow/v1-3-e841c2e2de7041bb9062e370f62d8f87","true","BOOKS_AND_REFERENCE","[object Object]","Teen","true","1725935171000","https://play.google.com/store/apps/details?id=com.thingsflow.storyplay&hl=en&gl=us"
""com.tyndale.filament","BOOKS_AND_REFERENCE","Filament Bible","100,000+","100000","133698","6.0","VARY","filament@tyndale.com","https://www.tyndale.com/privacy","true","BOOKS_AND_REFERENCE","[object Object]","Everyone","false","1725049241000","https://play.google.com/store/apps/details?id=com.tyndale.filament&hl=en&gl=us"
""com.daily.holybiblelite","BOOKS_AND_REFERENCE","Daily Bible - KJV Holy Bible","1,000,000+","1000000","4145479","5.0","VARY","info@linkamen.com","https://license.oiihub.com/bible/DailyBible_Privacy_Policy.html","true","BOOKS_AND_REFERENCE","[object Object]","Everyone","true","1720613755000","https://play.google.com/store/apps/details?id=com.daily.holybiblelite&hl=en&gl=us"
""com.NotYetMedia.RoyalRoad","BOOKS_AND_REFERENCE","Royal Road - Read Stories","50,000+","50000","69374","7.0","VARY","admin@royalroad.com","https://www.royalroad.com/privacypolicy","true","BOOKS_AND_REFERENCE","[object Object]","Teen","true","1724959149000","https://play.google.com/store/apps/details?id=com.NotYetMedia.RoyalRoad&hl=en&gl=us"
""com.aycka.apps.MassReadings","BOOKS_AND_REFERENCE","Laudate","1,000,000+","1000000","2536253","6.0","VARY","LaudateApp@gmail.com","http://laudateapp.blogspot.com/p/laudate-terms-of-service-and-privacy.html","true","BOOKS_AND_REFERENCE","[object Object]","Everyone","false","1717421860000","https://play.google.com/store/apps/details?id=com.aycka.apps.MassReadings&hl=en&gl=us"
""com.betterme.booksnap","BOOKS_AND_REFERENCE","BookSnap: 15min a book","100,000+","100000","237787","6.0","VARY","allen.zhush@gmail.com","https://sites.google.com/view/booksnap?usp=sharing","true","BOOKS_AND_REFERENCE","[object Object]","Teen","false","1724406291000","https://play.google.com/store/apps/details?id=com.betterme.booksnap&hl=en&gl=us"
""com.easyweightloss.homeworkoutforlazy","HEALTH_AND_FITNESS","Lazy Workout","1,000,000+","1000000","1436451","5.0","VARY","devfeedback0@gmail.com","https://sites.google.com/view/lazyshape/privacy-policy","true","HEALTH_AND_FITNESS","[object Object]","Everyone","true","1724847879000","https://play.google.com/store/apps/details?id=com.easyweightloss.homeworkoutforlazy&hl=en&gl=us"
""com.healthapplines.healthsense.bloodsugarhub","HEALTH_AND_FITNESS","Health Sense: Blood Sugar Hub","500,000+","500000","506770","8.0","VARY","support@healthapplines.com","https://sites.google.com/view/healthapplineslimited?usp=sharing","true","HEALTH_AND_FITNESS","[object Object]","Everyone","true","1725345557000","https://play.google.com/store/apps/details?id=com.healthapplines.healthsense.bloodsugarhub&hl=en&gl=us"
""gen.tech.impulse.android","HEALTH_AND_FITNESS","Impulse - Brain Training Games","5,000,000+","5000000","5716772","10","VARY","support@brainimpulse.me","https://brainimpulse.me/app/privacy_policy.html","true","HEALTH_AND_FITNESS","[object Object]","Everyone","true","1725016123000","https://play.google.com/store/apps/details?id=gen.tech.impulse.android&hl=en&gl=us"
""io.yuka.android","HEALTH_AND_FITNESS","Yuka - Food & Cosmetic Scanner","10,000,000+","10000000","28047210","7.0","VARY","team@yuka.io","https://www.iubenda.com/privacy-policy/49736837","true","HEALTH_AND_FITNESS","[object Object]","Everyone","false","1725538128000","https://play.google.com/store/apps/details?id=io.yuka.android&hl=en&gl=us"
""com.appsky.android.bloodpressure","HEALTH_AND_FITNESS","Health Tracker","10,000,000+","10000000","33627845","6.0","VARY","support@appskyhk.com","https://www.mybptracker.com/privacy_policy.html","true","HEALTH_AND_FITNESS","[object Object]","Everyone","true","1725617077000","https://play.google.com/store/apps/details?id=com.appsky.android.bloodpressure&hl=en&gl=us"
""com.planetfitness","HEALTH_AND_FITNESS","Planet Fitness Workouts","10,000,000+","10000000","14251746","9","VARY","PFMobileAppSupport@abcfinancial.com","https://www.planetfitness.com/privacy-policy","true","HEALTH_AND_FITNESS","[object Object]","Everyone","true","1725972965000","https://play.google.com/store/apps/details?id=com.planetfitness&hl=en&gl=us"
""com.bpfit.bloodpressure.health","HEALTH_AND_FITNESS","Blood Pressure","10,000,000+","10000000","15910840","5.0","VARY","huangcansen260@gmail.com","https://www.bloodppressure.info/privacy.html","true","HEALTH_AND_FITNESS","[object Object]","Everyone","true","1724839074000","https://play.google.com/store/apps/details?id=com.bpfit.bloodpressure.health&hl=en&gl=us"
""com.appsky.pulsecare.healthtracker","HEALTH_AND_FITNESS","PulseCare：Health Tracker","5,000,000+","5000000","5858203","6.0","VARY","support@appskyhk.com","https://www.mybptracker.com/privacy_policy.html","true","HEALTH_AND_FITNESS","[object Object]","Everyone","true","1724397019000","https://play.google.com/store/apps/details?id=com.appsky.pulsecare.healthtracker&hl=en&gl=us"
""com.alltrails.alltrails","HEALTH_AND_FITNESS","AllTrails: Hike, Bike & Run","10,000,000+","10000000","32831193","VARY","VARY","android-support@alltrails.com","https://www.alltrails.com/privacy","true","HEALTH_AND_FITNESS","[object Object]","Everyone","true","1725917202000","https://play.google.com/store/apps/details?id=com.alltrails.alltrails&hl=en&gl=us"
""com.mearsure.heartratepro.manage","HEALTH_AND_FITNESS","Health Kit","10,000,000+","10000000","16464782","5.0","VARY","huangcansen260@gmail.com","https://www.heartratepros.com/privacy.html","true","HEALTH_AND_FITNESS","[object Object]","Everyone","true","1721983754000","https://play.google.com/store/apps/details?id=com.mearsure.heartratepro.manage&hl=en&gl=us"
""com.calm.android","HEALTH_AND_FITNESS","Calm - Sleep, Meditate, Relax","50,000,000+","50000000","58907994","VARY","VARY","android@calm.com","https://www.calm.com/privacy","true","HEALTH_AND_FITNESS","[object Object]","Everyone","false","1725021424000","https://play.google.com/store/apps/details?id=com.calm.android&hl=en&gl=us"
""app.feelsy","HEALTH_AND_FITNESS","Feelsy: Stress Anxiety Relief","10,000,000+","10000000","12247425","7.0","VARY","feelsy@support-team.app","https://gototop.b-cdn.net/Gototop%20Privacy%20Policy.html","true","HEALTH_AND_FITNESS","[object Object]","Everyone","true","1718812047000","https://play.google.com/store/apps/details?id=app.feelsy&hl=en&gl=us"
""dance.fit.zumba.weightloss.danceburn","HEALTH_AND_FITNESS","Dancefitme: Fun Workouts","5,000,000+","5000000","7583578","5.0","VARY","support@dancefit.me","https://www.dancefit.me/privacy-policy.html","true","HEALTH_AND_FITNESS","[object Object]","Everyone","false","1724468530000","https://play.google.com/store/apps/details?id=dance.fit.zumba.weightloss.danceburn&hl=en&gl=us"
""com.finch.finch","HEALTH_AND_FITNESS","Finch: Self-Care Pet","5,000,000+","5000000","6609618","7.0","VARY","support@befinch.com","https://finchcare.com/privacy","true","HEALTH_AND_FITNESS","[object Object]","Everyone","false","1725986747000","https://play.google.com/store/apps/details?id=com.finch.finch&hl=en&gl=us"
""com.mejordailytracker.app","HEALTH_AND_FITNESS","LazyFit: Home Workout Planner","500,000+","500000","792202","10","VARY","support@mejorai.com","https://app-service.mejorai.com/static/privacy_policy.html","true","HEALTH_AND_FITNESS","[object Object]","Everyone","false","1725882771000","https://play.google.com/store/apps/details?id=com.mejordailytracker.app&hl=en&gl=us"
""com.water.reminder.tracker","HEALTH_AND_FITNESS","My Water Reminder: Drink Water","1,000,000+","1000000","2222422","8.0","VARY","general@visionprism.co","https://medium.com/@general_66348/p-a256abab6066","true","HEALTH_AND_FITNESS","[object Object]","Everyone","true","1723029118000","https://play.google.com/store/apps/details?id=com.water.reminder.tracker&hl=en&gl=us"
""com.appsky.slumbercycle.sleeptracker","HEALTH_AND_FITNESS","SlumberCycle+: Sleep Tracker","100,000+","100000","165156","6.0","VARY","support@appskyhk.com","https://www.mybptracker.com/privacy_policy.html","true","HEALTH_AND_FITNESS","[object Object]","Everyone","true","1725429662000","https://play.google.com/store/apps/details?id=com.appsky.slumbercycle.sleeptracker&hl=en&gl=us"
""stepcounter.pedometer.stepstracker","HEALTH_AND_FITNESS","Step Counter - Pedometer","10,000,000+","10000000","27098580","6.0","VARY","support@inston.ltd","https://step.inston.ltd/privacypolicy.html","true","HEALTH_AND_FITNESS","[object Object]","Everyone","true","1725015793000","https://play.google.com/store/apps/details?id=stepcounter.pedometer.stepstracker&hl=en&gl=us"
""org.iggymedia.periodtracker","HEALTH_AND_FITNESS","Flo Period & Pregnancy Tracker","100,000,000+","100000000","139850631","9","VARY","support@flo.health","https://flo.health/privacy-policy","true","HEALTH_AND_FITNESS","[object Object]","Everyone","false","1725897233000","https://play.google.com/store/apps/details?id=org.iggymedia.periodtracker&hl=en&gl=us"
""heartratemonitor.heartrate.pulse.pulseapp","HEALTH_AND_FITNESS","Heart Rate Monitor - Pulse App","10,000,000+","10000000","16066448","6.0","VARY","support@deepthought.industries","https://deepthought.industries/privacypolicy.html?pkg=heartratemonitor.heartrate.pulse.pulseapp","true","HEALTH_AND_FITNESS","[object Object]","Everyone","true","1721906554000","https://play.google.com/store/apps/details?id=heartratemonitor.heartrate.pulse.pulseapp&hl=en&gl=us"
""com.counter.setp.pedometer","HEALTH_AND_FITNESS","Pedometer - Step Counter","1,000,000+","1000000","1939480","5.1","VARY","ur212776@gmail.com","https://sites.google.com/view/pedometer-domain/home","true","HEALTH_AND_FITNESS","[object Object]","Everyone","true","1694161029000","https://play.google.com/store/apps/details?id=com.counter.setp.pedometer&hl=en&gl=us"
""bloodsugar.bloodsugarapp.diabetes.diabetesapp","HEALTH_AND_FITNESS","Blood Sugar - Diabetes App","5,000,000+","5000000","8227550","6.0","VARY","support@deepthought.industries","https://deepthought.industries/privacypolicy.html?pkg=bloodsugar.bloodsugarapp.diabetes.diabetesapp","true","HEALTH_AND_FITNESS","[object Object]","Everyone","true","1722855129000","https://play.google.com/store/apps/details?id=bloodsugar.bloodsugarapp.diabetes.diabetesapp&hl=en&gl=us"
""com.gen.workoutme","HEALTH_AND_FITNESS","BetterMe: Health Coaching","10,000,000+","10000000","36361478","9","VARY","support@betterme.world","https://betterme.world/privacy-policy","true","HEALTH_AND_FITNESS","[object Object]","Everyone","false","1724915976000","https://play.google.com/store/apps/details?id=com.gen.workoutme&hl=en&gl=us"
""com.google.android.apps.fitness","HEALTH_AND_FITNESS","Google Fit: Activity Tracking","100,000,000+","100000000","256360067","VARY","VARY","apps-help@google.com","http://www.google.com/policies/privacy","true","HEALTH_AND_FITNESS","[object Object]","Everyone","false","1725636694000","https://play.google.com/store/apps/details?id=com.google.android.apps.fitness&hl=en&gl=us"
""com.ecw.healow","HEALTH_AND_FITNESS","healow","5,000,000+","5000000","8471721","5.0","VARY","help@healow.com","https://healow.com/apps/healow/policy.html","true","HEALTH_AND_FITNESS","[object Object]","Everyone","false","1724042144000","https://play.google.com/store/apps/details?id=com.ecw.healow&hl=en&gl=us"
""pilatesworkout.yogaworkout.loseweight.workoutapps","HEALTH_AND_FITNESS","Pilates Workout at Home","1,000,000+","1000000","2295980","6.0","VARY","support@ezhealth.app","https://ezhealth.app/privacypolicy.html?pkg=pilatesworkout.yogaworkout.loseweight.workoutapps","true","HEALTH_AND_FITNESS","[object Object]","Everyone","true","1725274407000","https://play.google.com/store/apps/details?id=pilatesworkout.yogaworkout.loseweight.workoutapps&hl=en&gl=us"
""com.myfitnesspal.android","HEALTH_AND_FITNESS","MyFitnessPal: Calorie Counter","100,000,000+","100000000","119296581","VARY","VARY","androidfeedback@myfitnesspal.com","https://www.myfitnesspal.com/privacy-policy","true","HEALTH_AND_FITNESS","[object Object]","Everyone","true","1725380130000","https://play.google.com/store/apps/details?id=com.myfitnesspal.android&hl=en&gl=us"
""com.ratemeasure.heart","HEALTH_AND_FITNESS","Heart Rate Health & BP Monitor","1,000,000+","1000000","2841074","5.0","VARY","zhanjiawei123@proton.me","https://www.ratemeasure.com/privacy.html","true","HEALTH_AND_FITNESS","[object Object]","Everyone","true","1725626513000","https://play.google.com/store/apps/details?id=com.ratemeasure.heart&hl=en&gl=us"
""com.hrd.iam","HEALTH_AND_FITNESS","I am - Daily affirmations","5,000,000+","5000000","7974906","VARY","VARY","hello+android@monkeytaps.app","http://monkeytaps.net/privacypolicy.htm","true","HEALTH_AND_FITNESS","[object Object]","Everyone","true","1723565719000","https://play.google.com/store/apps/details?id=com.hrd.iam&hl=en&gl=us"
""daily.planner.routine.habits","HEALTH_AND_FITNESS","Me+ Daily Routine Planner","10,000,000+","10000000","10704579","9","VARY","support.meplus@enerjoy.life","https://enerjoy.life/privacy-policy","true","HEALTH_AND_FITNESS","[object Object]","Everyone","false","1725269550000","https://play.google.com/store/apps/details?id=daily.planner.routine.habits&hl=en&gl=us"
""com.fitbit.FitbitMobile","HEALTH_AND_FITNESS","Fitbit","50,000,000+","50000000","97345164","VARY","VARY","android@fitbit.com","http://www.fitbit.com/privacy","true","HEALTH_AND_FITNESS","[object Object]","Everyone","false","1725577271000","https://play.google.com/store/apps/details?id=com.fitbit.FitbitMobile&hl=en&gl=us"
""fitness.home.workout.weight.loss","HEALTH_AND_FITNESS","JustFit - Lazy Workout","5,000,000+","5000000","6700855","9","VARY","contact.justfit@enerjoy.life","https://enerjoy.life/privacy-policy","true","HEALTH_AND_FITNESS","[object Object]","Everyone","false","1724723354000","https://play.google.com/store/apps/details?id=fitness.home.workout.weight.loss&hl=en&gl=us"
""com.workout.weight.loss.diet.healthknowledge","HEALTH_AND_FITNESS","Fits Me Well","50,000+","50000","73787","5.0","VARY","devfeedback0@gmail.com","https://sites.google.com/view/lazyshape/privacy-policy","true","HEALTH_AND_FITNESS","[object Object]","Everyone","true","1725438502000","https://play.google.com/store/apps/details?id=com.workout.weight.loss.diet.healthknowledge&hl=en&gl=us"
""com.bloodpressure.bplog.bptracker","HEALTH_AND_FITNESS","Blood Pressure Tracker: Bp Log","1,000,000+","1000000","2401031","6.0","VARY","madutza.mady88@gmail.com","https://firebasestorage.googleapis.com/v0/b/blood-pressure-14331.appspot.com/o/Privacy-Policy.html?alt=media&token=3c76980e-cda9-4a2e-8247-8a4a30044dbf","true","HEALTH_AND_FITNESS","[object Object]","Everyone","true","1724235024000","https://play.google.com/store/apps/details?id=com.bloodpressure.bplog.bptracker&hl=en&gl=us"
""com.strava","HEALTH_AND_FITNESS","Strava: Run, Bike, Hike","50,000,000+","50000000","78947705","VARY","VARY","support@strava.zendesk.com","https://www.strava.com/privacy","true","HEALTH_AND_FITNESS","[object Object]","Teen","false","1725563640000","https://play.google.com/store/apps/details?id=com.strava&hl=en&gl=us"
""bloodpressure.bloodpressureapp.bloodpressuretracker","HEALTH_AND_FITNESS","Blood Pressure App","50,000,000+","50000000","75719428","6.0","VARY","support@deepthought.industries","https://deepthought.industries/privacypolicy.html?pkg=bloodpressure.bloodpressureapp.bloodpressuretracker","true","HEALTH_AND_FITNESS","[object Object]","Everyone","true","1725015845000","https://play.google.com/store/apps/details?id=bloodpressure.bloodpressureapp.bloodpressuretracker&hl=en&gl=us"
""com.yc.gloryfit","HEALTH_AND_FITNESS","Glory Fit","10,000,000+","10000000","14038860","5.0","VARY","jc.huang@ute-tech.com.cn","https://app.help-document.com/privacy-policy/gloryfit_en.html","true","HEALTH_AND_FITNESS","[object Object]","Everyone","false","1725868535000","https://play.google.com/store/apps/details?id=com.yc.gloryfit&hl=en&gl=us"
""health.sleep.sounds.tracker.alarm.calm","HEALTH_AND_FITNESS","ShutEye®: Sleep Tracker","5,000,000+","5000000","6825343","9","VARY","contact.sleep@enerjoy.life","https://enerjoy.life/privacy-policy","true","HEALTH_AND_FITNESS","[object Object]","Everyone","false","1724757286000","https://play.google.com/store/apps/details?id=health.sleep.sounds.tracker.alarm.calm&hl=en&gl=us"
""com.bowerydigital.bend","HEALTH_AND_FITNESS","Bend: Stretching & Flexibility","1,000,000+","1000000","2094321","8.0","VARY","support@joinbend.com","https://www.getbend.co/privacy","true","HEALTH_AND_FITNESS","[object Object]","Everyone","false","1725920828000","https://play.google.com/store/apps/details?id=com.bowerydigital.bend&hl=en&gl=us"
""com.google.android.apps.healthdata","HEALTH_AND_FITNESS","Health Connect","100,000,000+","100000000","405332225","9","VARY","health-connect-support@google.com","https://policies.google.com/privacy","true","HEALTH_AND_FITNESS","[object Object]","Everyone","false","1724941859000","https://play.google.com/store/apps/details?id=com.google.android.apps.healthdata&hl=en&gl=us"
""com.getpaired.app","HEALTH_AND_FITNESS","Paired: Couples & Relationship","1,000,000+","1000000","3131262","8.0","VARY","support@paired.com","https://getpaired.com/privacy_policy.html","true","HEALTH_AND_FITNESS","[object Object]","Mature 17+","false","1725636310000","https://play.google.com/store/apps/details?id=com.getpaired.app&hl=en&gl=us"
""weightloss.weightlossforwomen.workoutforwomen.womenworkout","HEALTH_AND_FITNESS","Weight Loss for Women: Workout","10,000,000+","10000000","17794419","6.0","VARY","support@ezhealth.app","https://ezhealth.app/privacypolicy.html?pkg=weightloss.weightlossforwomen.workoutforwomen.womenworkout","true","HEALTH_AND_FITNESS","[object Object]","Everyone","true","1725450849000","https://play.google.com/store/apps/details?id=weightloss.weightlossforwomen.workoutforwomen.womenworkout&hl=en&gl=us"
""com.bloodsugar.bloodpressure.bloodsugartracking","HEALTH_AND_FITNESS","Blood Pressure - Blood Sugar","10,000,000+","10000000","12198683","8.1","VARY","publishing.apero@gmail.com","https://sites.google.com/view/blood-sugar-policy-sg/home","true","HEALTH_AND_FITNESS","[object Object]","Everyone","true","1725447101000","https://play.google.com/store/apps/details?id=com.bloodsugar.bloodpressure.bloodsugartracking&hl=en&gl=us"
""com.healthapplines.android.pedometer","HEALTH_AND_FITNESS","Pedometer - Walk & Lose Weight","100,000+","100000","379744","8.0","VARY","support@healthapplines.com","https://sites.google.com/view/healthapplineslimited?usp=sharing","true","HEALTH_AND_FITNESS","[object Object]","Everyone","true","1725614255000","https://play.google.com/store/apps/details?id=com.healthapplines.android.pedometer&hl=en&gl=us"
""com.walkfit.weightloss.steptracker.pedometer","HEALTH_AND_FITNESS","Weight Loss Walking: WalkFit","10,000,000+","10000000","12752125","VARY","VARY","support@walkfit.pro","http://walkfit.pro/android/privacy-policy-app.html","true","HEALTH_AND_FITNESS","[object Object]","Everyone","false","1725461062000","https://play.google.com/store/apps/details?id=com.walkfit.weightloss.steptracker.pedometer&hl=en&gl=us"
""com.pg.you","HEALTH_AND_FITNESS","Always You: Period Tracker","100,000+","100000","207623","11","VARY","proctergambleproductions@gmail.com","https://www.pg.com/privacy/english/privacy_statement.shtml","true","HEALTH_AND_FITNESS","[object Object]","Teen","false","1722330671000","https://play.google.com/store/apps/details?id=com.pg.you&hl=en&gl=us"
""homeworkout.homeworkouts.noequipment","HEALTH_AND_FITNESS","Home Workout - No Equipment","100,000,000+","100000000","245988528","6.0","VARY","support@leap.app","https://leap.app/privacypolicy.html?pkg=homeworkout.homeworkouts.noequipment","true","HEALTH_AND_FITNESS","[object Object]","Everyone","true","1725007347000","https://play.google.com/store/apps/details?id=homeworkout.homeworkouts.noequipment&hl=en&gl=us"
""com.watch.life","HEALTH_AND_FITNESS","VeryFit","1,000,000+","1000000","4515195","6.0","VARY","243147030@qq.com","https://life-content.idoocloud.com/page/privacy_policy/en/Veryfit.html","true","HEALTH_AND_FITNESS","[object Object]","Everyone","false","1724241049000","https://play.google.com/store/apps/details?id=com.watch.life&hl=en&gl=us"
""com.topstep.fitcloudpro","HEALTH_AND_FITNESS","FitCloudPro","10,000,000+","10000000","10941718","5.0","VARY","rd@hetangsmart.com","https://fitcloud.hetangsmart.com/oss/static/fitcloudpro/privacy-policy/index_en.html","true","HEALTH_AND_FITNESS","[object Object]","Everyone","false","1725629613000","https://play.google.com/store/apps/details?id=com.topstep.fitcloudpro&hl=en&gl=us"
""com.garmin.android.apps.connectmobile","HEALTH_AND_FITNESS","Garmin Connect™","10,000,000+","10000000","36642060","9","VARY","Android.Dev@garmin.com","https://www.garmin.com/privacy/connect/","true","HEALTH_AND_FITNESS","[object Object]","Everyone","false","1725659310000","https://play.google.com/store/apps/details?id=com.garmin.android.apps.connectmobile&hl=en&gl=us"
""pedometer.steptracker.calorieburner.stepcounter","HEALTH_AND_FITNESS","Step Counter - Pedometer","50,000,000+","50000000","93678696","5.1","VARY","support@leap.app","https://leap.app/privacypolicy.html?pkg=pedometer.steptracker.calorieburner.stepcounter","true","HEALTH_AND_FITNESS","[object Object]","Everyone","true","1724731767000","https://play.google.com/store/apps/details?id=pedometer.steptracker.calorieburner.stepcounter&hl=en&gl=us"
""com.getsomeheadspace.android","HEALTH_AND_FITNESS","Headspace: Meditation & Sleep","10,000,000+","10000000","37000923","7.0","VARY","help@headspace.com","https://www.headspace.com/privacy-policy","true","HEALTH_AND_FITNESS","[object Object]","Everyone","false","1725565724000","https://play.google.com/store/apps/details?id=com.getsomeheadspace.android&hl=en&gl=us"
""com.fourtechnologies.mynetdiary.ad","HEALTH_AND_FITNESS","Calorie Counter - MyNetDiary","5,000,000+","5000000","6533133","8.0","VARY","support@mynetdiary.com","http://www.mynetdiary.com/privacy.html","true","HEALTH_AND_FITNESS","[object Object]","Everyone","false","1725032563000","https://play.google.com/store/apps/details?id=com.fourtechnologies.mynetdiary.ad&hl=en&gl=us"
""in.sweatco.app","HEALTH_AND_FITNESS","Sweatcoin・Walking Step Counter","100,000,000+","100000000","114994640","5.1","VARY","support@sweatco.in","https://sweatco.in/privacy","true","HEALTH_AND_FITNESS","[object Object]","Everyone","true","1725961952000","https://play.google.com/store/apps/details?id=in.sweatco.app&hl=en&gl=us"
""com.himshers.hims","HEALTH_AND_FITNESS","Hims: Telehealth for Men","500,000+","500000","667889","12","VARY","oguzhan@forhims.com","https://www.forhims.com/privacy-policy","true","HEALTH_AND_FITNESS","[object Object]","Everyone","false","1725204680000","https://play.google.com/store/apps/details?id=com.himshers.hims&hl=en&gl=us"
""sixpack.sixpackabs.absworkout","HEALTH_AND_FITNESS","Six Pack in 30 Days","100,000,000+","100000000","180117294","6.0","VARY","support@leap.app","https://leap.app/privacypolicy.html?pkg=sixpack.sixpackabs.absworkout","true","HEALTH_AND_FITNESS","[object Object]","Everyone","true","1724659641000","https://play.google.com/store/apps/details?id=sixpack.sixpackabs.absworkout&hl=en&gl=us"
""com.dexcom.g7","HEALTH_AND_FITNESS","Dexcom G7","500,000+","500000","612105","12","VARY","appsupport@dexcom.com","https://www.dexcom.com/privacy-policy-global","true","HEALTH_AND_FITNESS","[object Object]","Everyone","false","1720799030000","https://play.google.com/store/apps/details?id=com.dexcom.g7&hl=en&gl=us"
""ipnossoft.rma.free","HEALTH_AND_FITNESS","BetterSleep: Sleep tracker","10,000,000+","10000000","20152938","8.0","VARY","support@bettersleep.com","https://www.bettersleep.com/legal/privacy-policy/","true","HEALTH_AND_FITNESS","[object Object]","Everyone","false","1724682027000","https://play.google.com/store/apps/details?id=ipnossoft.rma.free&hl=en&gl=us"
""de.fastic.app","HEALTH_AND_FITNESS","Fastic: Food & Calorie Tracker","10,000,000+","10000000","14015445","8.0","VARY","info@fastic.com","https://fastic.com/privacy","true","HEALTH_AND_FITNESS","[object Object]","Teen","false","1725703200000","https://play.google.com/store/apps/details?id=de.fastic.app&hl=en&gl=us"
""com.cashwalklabs.cashwalk","HEALTH_AND_FITNESS","CashWalk - Daily pedometer app","1,000,000+","1000000","2191468","VARY","VARY","support@cashwalk.io","https://cashwalkus.notion.site/Privacy-Policy-5076bf325dd7434cbd9e9ea6bff90c44","true","HEALTH_AND_FITNESS","[object Object]","Everyone","true","1725592755000","https://play.google.com/store/apps/details?id=com.cashwalklabs.cashwalk&hl=en&gl=us"
""com.macadamapp","HEALTH_AND_FITNESS","Macadam - Walk And Earn","1,000,000+","1000000","3937421","6.0","VARY","contact@macadam.app","https://www.macadam.app/privacy.html","true","HEALTH_AND_FITNESS","[object Object]","Everyone","true","1724342536000","https://play.google.com/store/apps/details?id=com.macadamapp&hl=en&gl=us"
""com.healthapplines.healthsense.bloodpressure","HEALTH_AND_FITNESS","Health Sense: Pulse & BP","1,000,000+","1000000","2262087","8.0","VARY","support@healthapplines.com","https://sites.google.com/view/healthapplineslimited?usp=sharing","true","HEALTH_AND_FITNESS","[object Object]","Everyone","true","1725262013000","https://play.google.com/store/apps/details?id=com.healthapplines.healthsense.bloodpressure&hl=en&gl=us"
""com.prayapp.client","HEALTH_AND_FITNESS","Pray.com: Bible & Daily Prayer","5,000,000+","5000000","5992541","6.0","VARY","purpose@pray.com","https://www.pray.com/privacy-policy","true","HEALTH_AND_FITNESS","[object Object]","Teen","false","1724954991000","https://play.google.com/store/apps/details?id=com.prayapp.client&hl=en&gl=us"
""musclemonster.fitness.workout.home.gym.planner","HEALTH_AND_FITNESS","Muscle Monster Workout Planner","1,000,000+","1000000","1728565","5.0","VARY","support@musclemonster.fit","https://www.musclemonster.fit/privacy_policy.html","true","HEALTH_AND_FITNESS","[object Object]","Everyone","false","1724406963000","https://play.google.com/store/apps/details?id=musclemonster.fitness.workout.home.gym.planner&hl=en&gl=us"
""com.popularapp.periodcalendar","HEALTH_AND_FITNESS","Period Calendar Period Tracker","100,000,000+","100000000","192692079","VARY","VARY","support@simpledesign.ltd","https://simpledesign.ltd/privacy/my_calendar.html","true","HEALTH_AND_FITNESS","[object Object]","Everyone","true","1725932110000","https://play.google.com/store/apps/details?id=com.popularapp.periodcalendar&hl=en&gl=us"
""com.winwalk.android","HEALTH_AND_FITNESS","winwalk - it pays to walk","1,000,000+","1000000","3660610","7.0","VARY","info@winwalk.club","https://winwalk.app/privacy-policy","true","HEALTH_AND_FITNESS","[object Object]","Everyone","true","1721784315000","https://play.google.com/store/apps/details?id=com.winwalk.android&hl=en&gl=us"
""com.fitbod.fitbod","HEALTH_AND_FITNESS","Fitbod Workout & Fitness Plans","1,000,000+","1000000","2853728","8.0","VARY","android-beta@fitbod.me","https://www.fitbod.me/privacy-policy","true","HEALTH_AND_FITNESS","[object Object]","Everyone","false","1725638455000","https://play.google.com/store/apps/details?id=com.fitbod.fitbod&hl=en&gl=us"
""com.tayu.tau.pedometer","HEALTH_AND_FITNESS","Pedometer - Step Counter App","50,000,000+","50000000","72244791","4.4","VARY","support@ito-technologies.com","https://www.ito-technologies.com/privacy","true","HEALTH_AND_FITNESS","[object Object]","Everyone","true","1700676221000","https://play.google.com/store/apps/details?id=com.tayu.tau.pedometer&hl=en&gl=us"
""com.cronometer.android.gold","HEALTH_AND_FITNESS","Calorie Counter by Cronometer","1,000,000+","1000000","3158724","VARY","VARY","support@cronometer.com","https://cronometer.com/privacy/","true","HEALTH_AND_FITNESS","[object Object]","Everyone","true","1724374841000","https://play.google.com/store/apps/details?id=com.cronometer.android.gold&hl=en&gl=us"
""life.simple","HEALTH_AND_FITNESS","Simple: Weight Loss Coach","5,000,000+","5000000","5548374","9","VARY","care@simple.life","http://simple.life/privacy.htm","true","HEALTH_AND_FITNESS","[object Object]","Everyone 10+","true","1725367541000","https://play.google.com/store/apps/details?id=life.simple&hl=en&gl=us"
""musclebooster.workout.home.gym.abs.loseweight","HEALTH_AND_FITNESS","Workout Planner Muscle Booster","10,000,000+","10000000","48346862","8.0","VARY","support@musclebooster.fitness","https://musclebooster.fitness/privacy-policy-app.html","true","HEALTH_AND_FITNESS","[object Object]","Everyone","false","1723578259000","https://play.google.com/store/apps/details?id=musclebooster.workout.home.gym.abs.loseweight&hl=en&gl=us"
""homeworkoutapp.homeworkout.fitness.workout.loseweight","HEALTH_AND_FITNESS","Home Workout App: Fitness","1,000,000+","1000000","2051139","6.0","VARY","support@ezhealth.app","https://ezhealth.app/privacypolicy.html?pkg=homeworkoutapp.homeworkout.fitness.workout.loseweight","true","HEALTH_AND_FITNESS","[object Object]","Everyone","true","1725972736000","https://play.google.com/store/apps/details?id=homeworkoutapp.homeworkout.fitness.workout.loseweight&hl=en&gl=us"
""com.hrd.motivation","HEALTH_AND_FITNESS","Motivation - Daily quotes","5,000,000+","5000000","7071410","VARY","VARY","hello+android@motivation.app","http://monkeytaps.net/privacypolicy.htm","true","HEALTH_AND_FITNESS","[object Object]","Everyone","true","1723565720000","https://play.google.com/store/apps/details?id=com.hrd.motivation&hl=en&gl=us"
""com.blood.sugar.diabetes.tracker","HEALTH_AND_FITNESS","Blood Sugar","500,000+","500000","880520","6.0","VARY","dreamcity.techvn@gmail.com","https://sites.google.com/view/dreamcitytechvn","true","HEALTH_AND_FITNESS","[object Object]","Everyone","true","1724669443000","https://play.google.com/store/apps/details?id=com.blood.sugar.diabetes.tracker&hl=en&gl=us"
""com.app.lively_app","HEALTH_AND_FITNESS","Lively: Cycle, Period tracker","50,000+","50000","50048","10","VARY","support@livelycycle.com","https://livelycycle.com/privacy/","true","HEALTH_AND_FITNESS","[object Object]","Everyone","false","1725883430000","https://play.google.com/store/apps/details?id=com.app.lively_app&hl=en&gl=us"
""net.magictool.bloodsugar","HEALTH_AND_FITNESS","Blood Sugar & Pressure Tracker","500,000+","500000","609052","6.0","VARY","sharploit@gmail.com","https://magictool.net/bloodsugar/protocol/privacy.html","true","HEALTH_AND_FITNESS","[object Object]","Everyone","true","1722838815000","https://play.google.com/store/apps/details?id=net.magictool.bloodsugar&hl=en&gl=us"
""com.betterhelp","HEALTH_AND_FITNESS","BetterHelp - Therapy","1,000,000+","1000000","3122181","7.0","VARY","contact@betterhelp.com","https://www.betterhelp.com/privacy","true","HEALTH_AND_FITNESS","[object Object]","Everyone","false","1725638873000","https://play.google.com/store/apps/details?id=com.betterhelp&hl=en&gl=us"
""com.smartwidgetlabs.fitbitandroid","HEALTH_AND_FITNESS","Fitness Band - Fitness Tracker","1,000,000+","1000000","1577951","9","VARY","support@smartwidgetlabs.com","https://smartwidgetlabs.com/privacy-policy-fitnesstracker/","true","HEALTH_AND_FITNESS","[object Object]","Everyone","true","1725967389000","https://play.google.com/store/apps/details?id=com.smartwidgetlabs.fitbitandroid&hl=en&gl=us"
""com.renpho.health","HEALTH_AND_FITNESS","Renpho Health","1,000,000+","1000000","1601271","6.0","VARY","appsupport@renpho.com","https://renpho.com/pages/renpho-privacy-policy","true","HEALTH_AND_FITNESS","[object Object]","Everyone","false","1725525015000","https://play.google.com/store/apps/details?id=com.renpho.health&hl=en&gl=us"
""com.gravitywell.adhdlove","HEALTH_AND_FITNESS","dubbii: the body doubling app","100,000+","100000","125032","6.0","VARY","hello@gravitywell.co.uk","https://dubbii.app/privacy-policy","true","HEALTH_AND_FITNESS","[object Object]","Everyone","false","1725467336000","https://play.google.com/store/apps/details?id=com.gravitywell.adhdlove&hl=en&gl=us"
""com.epedometer.step","HEALTH_AND_FITNESS","E-Pedometer: Step Tracker","100,000+","100000","149644","5.0","VARY","cdzproductteam@gmail.com","https://sites.google.com/view/privacy-policy-for-e-pedometer/","true","HEALTH_AND_FITNESS","[object Object]","Everyone","true","1715681972000","https://play.google.com/store/apps/details?id=com.epedometer.step&hl=en&gl=us"
""women.workout.female.fitness","HEALTH_AND_FITNESS","Workout for Women: Fit at Home","50,000,000+","50000000","86401198","6.0","VARY","support@leap.app","https://leap.app/privacypolicy.html?pkg=women.workout.female.fitness","true","HEALTH_AND_FITNESS","[object Object]","Everyone","true","1725521963000","https://play.google.com/store/apps/details?id=women.workout.female.fitness&hl=en&gl=us"
""com.yc14ec100daa.www","HEALTH_AND_FITNESS","Shmoody: Improve Your Mood","100,000+","100000","135278","12","VARY","support@shmoodyapp.com","https://learn.appdocumentation.com/en/articles/2782367-privacy-policy","true","HEALTH_AND_FITNESS","[object Object]","Everyone","false","1724087096000","https://play.google.com/store/apps/details?id=com.yc14ec100daa.www&hl=en&gl=us"
""com.blood.pressure.bptracker","HEALTH_AND_FITNESS","Blood Pressure App: BP Monitor","10,000,000+","10000000","10513612","5.0","VARY","zapps-studio@outlook.com","https://zapps-studio.com/privacypolicy.html","true","HEALTH_AND_FITNESS","[object Object]","Everyone","true","1725627211000","https://play.google.com/store/apps/details?id=com.blood.pressure.bptracker&hl=en&gl=us"
""com.tjd.tjdmainS2","HEALTH_AND_FITNESS","Lefun Health","10,000,000+","10000000","21812407","6.0","VARY","2850254319@qq.com","https://app.ss-tjd.com/lelife_privacy_now.html","true","HEALTH_AND_FITNESS","[object Object]","Everyone","false","1725094758000","https://play.google.com/store/apps/details?id=com.tjd.tjdmainS2&hl=en&gl=us"
""com.appsky.bpdiary.healthtracker","HEALTH_AND_FITNESS","Health Tracker: BP Diary","100,000+","100000","438175","6.0","VARY","support@appskyhk.com","https://www.mybptracker.com/privacy_policy.html","true","HEALTH_AND_FITNESS","[object Object]","Everyone","true","1723199545000","https://play.google.com/store/apps/details?id=com.appsky.bpdiary.healthtracker&hl=en&gl=us"
""com.medbridgeed.hep.go","HEALTH_AND_FITNESS","MedBridge GO for Patients","1,000,000+","1000000","1270598","8.0","VARY","patient.support@medbridge.com","https://www.medbridgego.com/privacy_policy","true","HEALTH_AND_FITNESS","[object Object]","Everyone","false","1712207902000","https://play.google.com/store/apps/details?id=com.medbridgeed.hep.go&hl=en&gl=us"
""com.groundspeak.geocaching.intro","HEALTH_AND_FITNESS","Geocaching®","10,000,000+","10000000","19398892","8.0","VARY","contact@geocaching.com","https://www.geocaching.com/account/documents/privacypolicy","true","HEALTH_AND_FITNESS","[object Object]","Teen","false","1725654141000","https://play.google.com/store/apps/details?id=com.groundspeak.geocaching.intro&hl=en&gl=us"
""com.endel.endel","HEALTH_AND_FITNESS","Endel: Focus, Relax & Sleep","1,000,000+","1000000","1027918","VARY","VARY","ask@endel.io","https://endel.zendesk.com/hc/en-us/articles/360003562619","true","HEALTH_AND_FITNESS","[object Object]","Everyone","false","1723636068000","https://play.google.com/store/apps/details?id=com.endel.endel&hl=en&gl=us"
""net.beginners.weight.loss.workout.women.yoga.go","HEALTH_AND_FITNESS","Yoga For Beginners by Yoga-Go","10,000,000+","10000000","25511988","8.0","VARY","support-a@yoga-go.fit","https://legal.yoga-go.io/page/privacy-policy","true","HEALTH_AND_FITNESS","[object Object]","Everyone","false","1725006310000","https://play.google.com/store/apps/details?id=net.beginners.weight.loss.workout.women.yoga.go&hl=en&gl=us"
""yoga.beginners.workout.dailyyoga.weightloss","HEALTH_AND_FITNESS","Yoga for Beginners | Pilates","1,000,000+","1000000","4304904","6.0","VARY","support@ezhealth.app","https://ezhealth.app/privacypolicy.html?pkg=yoga.beginners.workout.dailyyoga.weightloss","true","HEALTH_AND_FITNESS","[object Object]","Everyone","true","1725544028000","https://play.google.com/store/apps/details?id=yoga.beginners.workout.dailyyoga.weightloss&hl=en&gl=us"
""com.fitnow.loseit","HEALTH_AND_FITNESS","Calorie Counter by Lose It!","10,000,000+","10000000","18913059","8.0","VARY","android@loseit.com","http://www.loseit.com/privacy/","true","HEALTH_AND_FITNESS","[object Object]","Everyone","true","1725455970000","https://play.google.com/store/apps/details?id=com.fitnow.loseit&hl=en&gl=us"
""io.foodvisor.foodvisor","HEALTH_AND_FITNESS","Foodvisor - Nutrition & Diet","1,000,000+","1000000","2519664","7.0","VARY","support@foodvisor.io","https://www.foodvisor.io/privacy-policy/","true","HEALTH_AND_FITNESS","[object Object]","Everyone","false","1725544863000","https://play.google.com/store/apps/details?id=io.foodvisor.foodvisor&hl=en&gl=us"
""intermittentfasting.weightloss.fastingtracker.yazio","HEALTH_AND_FITNESS","Fasting App & Calorie Counter","100,000+","100000","424068","6.0","VARY","support@ezhealth.app","https://ezhealth.app/privacypolicy.html?pkg=intermittentfasting.weightloss.fastingtracker.yazio","true","HEALTH_AND_FITNESS","[object Object]","Everyone","false","1725544113000","https://play.google.com/store/apps/details?id=intermittentfasting.weightloss.fastingtracker.yazio&hl=en&gl=us"
""co.thefabulous.app","HEALTH_AND_FITNESS","Fabulous Daily Routine Planner","10,000,000+","10000000","23876181","8.0","VARY","hello@thefabulous.co","https://www.thefabulous.co/terms.html","true","HEALTH_AND_FITNESS","[object Object]","Everyone","false","1724977025000","https://play.google.com/store/apps/details?id=co.thefabulous.app&hl=en&gl=us"
""com.loseweight.seven.minute.workout","HEALTH_AND_FITNESS","7 Minute Workout","10,000+","10000","42161","5.0","VARY","mgarreth433@gmail.com","https://sites.google.com/view/magnifier-flashlight/home","true","HEALTH_AND_FITNESS","[object Object]","Everyone","true","1724987770000","https://play.google.com/store/apps/details?id=com.loseweight.seven.minute.workout&hl=en&gl=us"
""com.lovense.wear","HEALTH_AND_FITNESS","Lovense Remote","1,000,000+","1000000","4169657","5.0","VARY","support@lovense.com","https://hyttoapps.bandnana.com/remote/privacy-policy","true","HEALTH_AND_FITNESS","[object Object]","Mature 17+","false","1725539422000","https://play.google.com/store/apps/details?id=com.lovense.wear&hl=en&gl=us"
""us.tx.state.hhsc.ytbmobile","HEALTH_AND_FITNESS","Your Texas Benefits","1,000,000+","1000000","3706299","7.0","VARY","YourTexasBenefits-App@hhsc.state.tx.us","https://www.hhs.texas.gov/health-human-services-agencies-notice-privacy-practices","true","HEALTH_AND_FITNESS","[object Object]","Everyone","false","1724103714000","https://play.google.com/store/apps/details?id=us.tx.state.hhsc.ytbmobile&hl=en&gl=us"
""com.weight.loss.in30days","HEALTH_AND_FITNESS","Weight Loss in 30 Days","100,000+","100000","197774","5.0","VARY","sim18582165805@gmail.com","https://sites.google.com/view/weightloss-in30days","true","HEALTH_AND_FITNESS","[object Object]","Everyone","true","1709717639000","https://play.google.com/store/apps/details?id=com.weight.loss.in30days&hl=en&gl=us"
""com.codeway.AIFriend","HEALTH_AND_FITNESS","Genesia - AI Friend & Partner","1,000,000+","1000000","1360037","7.0","VARY","genesia_ai@codeway.co","https://storage.googleapis.com/codeway.co/genesia/privacy-en.html","true","HEALTH_AND_FITNESS","[object Object]","Mature 17+","false","1718970815000","https://play.google.com/store/apps/details?id=com.codeway.AIFriend&hl=en&gl=us"
""itech.wearables","HEALTH_AND_FITNESS","iTech Wearables","500,000+","500000","788001","9","VARY","customerservice@itechwearables.com","https://www.itechwearables.com/mobile-app-policy","true","HEALTH_AND_FITNESS","[object Object]","Everyone","false","1720193625000","https://play.google.com/store/apps/details?id=itech.wearables&hl=en&gl=us"
""relax.sleep.relaxation.sleepingsounds","HEALTH_AND_FITNESS","Sleep Sounds - relaxing sounds","5,000,000+","5000000","7957725","5.0","VARY","spiritcraftsman@gmail.com","http://htmlpreview.github.io/?https://github.com/CraftsmanSpirit/docs/blob/master/Privacy%20Policy.md","true","HEALTH_AND_FITNESS","[object Object]","Everyone","true","1724835605000","https://play.google.com/store/apps/details?id=relax.sleep.relaxation.sleepingsounds&hl=en&gl=us"
""com.welltory.client.android","HEALTH_AND_FITNESS","Welltory: Heart Rate Monitor","1,000,000+","1000000","4144582","VARY","VARY","support@welltory.com","https://welltory.com/privacy/","true","HEALTH_AND_FITNESS","[object Object]","Teen","false","1723638193000","https://play.google.com/store/apps/details?id=com.welltory.client.android&hl=en&gl=us"
""com.sleepmonitor.aio","HEALTH_AND_FITNESS","Sleep Monitor: Sleep Tracker","10,000,000+","10000000","12634911","7.1","VARY","SleepMonitor.dev@gmail.com","http://sleepmonitor.emobistudio.com/h5/privacy.html","true","HEALTH_AND_FITNESS","[object Object]","Everyone","true","1725595889000","https://play.google.com/store/apps/details?id=com.sleepmonitor.aio&hl=en&gl=us"
""increaseheightworkout.heightincreaseexercise.tallerexercise","HEALTH_AND_FITNESS","Height Increase Workout","50,000,000+","50000000","78426007","4.4","VARY","support@leap.app","https://leap.app/privacypolicy.html?pkg=increaseheightworkout.heightincreaseexercise.tallerexercise","true","HEALTH_AND_FITNESS","[object Object]","Everyone","true","1718872148000","https://play.google.com/store/apps/details?id=increaseheightworkout.heightincreaseexercise.tallerexercise&hl=en&gl=us"
""net.sumitk.quotesmeditation","HEALTH_AND_FITNESS","Motivational Quotes - Daily","5,000,000+","5000000","9138821","6.0","VARY","pec.sumit@gmail.com","https://naina.xyz/privacy-policy","true","HEALTH_AND_FITNESS","[object Object]","Teen","true","1725791793000","https://play.google.com/store/apps/details?id=net.sumitk.quotesmeditation&hl=en&gl=us"
""com.dexcom.clarity.mobile","HEALTH_AND_FITNESS","Dexcom Clarity","1,000,000+","1000000","1108469","9","VARY","appsupport@dexcom.com","http://www.dexcom.com/links/clarity/privacy_policy","true","HEALTH_AND_FITNESS","[object Object]","Everyone","false","1721859152000","https://play.google.com/store/apps/details?id=com.dexcom.clarity.mobile&hl=en&gl=us"
""bloodsugar.diabetes.pressuretraker","HEALTH_AND_FITNESS","Blood Sugar & Pressure Tracker","1,000,000+","1000000","4186457","8.0","VARY","support@technify.vn","https://sites.google.com/view/technify-blood-sugar-policy","true","HEALTH_AND_FITNESS","[object Object]","Everyone","true","1725527883000","https://play.google.com/store/apps/details?id=bloodsugar.diabetes.pressuretraker&hl=en&gl=us"
""loseweightapp.loseweightappforwomen.womenworkoutathome","HEALTH_AND_FITNESS","Lose Weight App for Women","100,000,000+","100000000","113562849","6.0","VARY","support@leap.app","https://leap.app/privacypolicy.html?pkg=loseweightapp.loseweightappforwomen.womenworkoutathome","true","HEALTH_AND_FITNESS","[object Object]","Everyone","true","1721206389000","https://play.google.com/store/apps/details?id=loseweightapp.loseweightappforwomen.womenworkoutathome&hl=en&gl=us"
""com.women.fitness.body.inspire.herworkout","HEALTH_AND_FITNESS","Her Workout- Shape Body","100,000+","100000","119352","5.0","VARY","160018vmhybl8@gmail.com","https://sites.google.com/view/160018vmhybl8","true","HEALTH_AND_FITNESS","[object Object]","Everyone","true","1725610432000","https://play.google.com/store/apps/details?id=com.women.fitness.body.inspire.herworkout&hl=en&gl=us"
""org.kp.m","HEALTH_AND_FITNESS","Kaiser Permanente","1,000,000+","1000000","4005197","9","VARY","kpmobile@kp.org","https://healthy.kaiserpermanente.org/privacy.html","true","HEALTH_AND_FITNESS","[object Object]","Everyone","false","1724090678000","https://play.google.com/store/apps/details?id=org.kp.m&hl=en&gl=us"
""steptracker.healthandfitness.walkingtracker.pedometer","HEALTH_AND_FITNESS","Step Tracker - Pedometer","10,000,000+","10000000","46238747","5.1","VARY","support@leap.app","https://leap.app/privacypolicy.html?pkg=steptracker.healthandfitness.walkingtracker.pedometer","true","HEALTH_AND_FITNESS","[object Object]","Everyone","true","1721132607000","https://play.google.com/store/apps/details?id=steptracker.healthandfitness.walkingtracker.pedometer&hl=en&gl=us"
""com.risesci.nyx","HEALTH_AND_FITNESS","RISE: Sleep Tracker","500,000+","500000","537461","8.0","VARY","contact@risescience.com","https://www.risescience.com/terms-and-conditions-of-service-and-privacy-policy","true","HEALTH_AND_FITNESS","[object Object]","Everyone","false","1724678101000","https://play.google.com/store/apps/details?id=com.risesci.nyx&hl=en&gl=us"
""com.dreams.sweetdream","HEALTH_AND_FITNESS","Sweet Dream - Sleep Sounds","1,000,000+","1000000","2181629","7.0","VARY","woodglennie@gmail.com","https://sites.google.com/view/sweet-dream--sleep-sounds","true","HEALTH_AND_FITNESS","[object Object]","Everyone","false","1710220564000","https://play.google.com/store/apps/details?id=com.dreams.sweetdream&hl=en&gl=us"
""com.sec.android.app.shealth","HEALTH_AND_FITNESS","Samsung Health","1,000,000,000+","1000000000","1967049347","VARY","VARY","noreply.sec@samsung.com","https://www.samsunghealth.com/privacy/","true","HEALTH_AND_FITNESS","[object Object]","Everyone","false","1724833808000","https://play.google.com/store/apps/details?id=com.sec.android.app.shealth&hl=en&gl=us"
""co.thefab.tm","HEALTH_AND_FITNESS","Clarify: ADHD Organizer & help","100,000+","100000","378646","8.0","VARY","hello@thefabulous.co","https://www.thefabulous.co/terms.html","true","HEALTH_AND_FITNESS","[object Object]","Everyone","false","1724977315000","https://play.google.com/store/apps/details?id=co.thefab.tm&hl=en&gl=us"
""com.fitnessapps.yogakidsworkouts","HEALTH_AND_FITNESS","Yoga for Kids & Family fitness","10,000,000+","10000000","14234506","5.0","VARY","support@gunjanappstudios.com","https://gunjanappstudios.com/privacy-policy","true","HEALTH_AND_FITNESS","[object Object]","Everyone","true","1725016942000","https://play.google.com/store/apps/details?id=com.fitnessapps.yogakidsworkouts&hl=en&gl=us"
""com.nb.benefitspro","HEALTH_AND_FITNESS","Benefits Pro","100,000+","100000","260107","8.0","VARY","appsupport@nationsbenefits.com","https://nationsbenefits.com/privacy","true","HEALTH_AND_FITNESS","[object Object]","Everyone","false","1722851972000","https://play.google.com/store/apps/details?id=com.nb.benefitspro&hl=en&gl=us"
""com.selectcomfort.SleepIQ","HEALTH_AND_FITNESS","Sleep Number","1,000,000+","1000000","1512659","9","VARY","SIQCommunications@Sleepnumber.com","http://sleepnumber.com/customer-service/privacy-policy","true","HEALTH_AND_FITNESS","[object Object]","Everyone","false","1719688414000","https://play.google.com/store/apps/details?id=com.selectcomfort.SleepIQ&hl=en&gl=us"
""menloseweight.loseweightappformen.weightlossformen","HEALTH_AND_FITNESS","Lose Weight App for Men","100,000,000+","100000000","109062283","6.0","VARY","support@leap.app","https://leap.app/privacypolicy.html?pkg=menloseweight.loseweightappformen.weightlossformen","true","HEALTH_AND_FITNESS","[object Object]","Everyone","true","1725891914000","https://play.google.com/store/apps/details?id=menloseweight.loseweightappformen.weightlossformen&hl=en&gl=us"
""com.vshred","HEALTH_AND_FITNESS","V Shred: Diet & Fitness","1,000,000+","1000000","2614185","8.0","VARY","support@vshred.com","https://vshred.com/privacy-policy","true","HEALTH_AND_FITNESS","[object Object]","Everyone","false","1725554068000","https://play.google.com/store/apps/details?id=com.vshred&hl=en&gl=us"
""com.runbuddy.prod","HEALTH_AND_FITNESS","Runna: Running Plans & Coach","100,000+","100000","469893","10","VARY","hello@runna.com","https://www.runna.com/privacy-policy","true","HEALTH_AND_FITNESS","[object Object]","Everyone","false","1725366284000","https://play.google.com/store/apps/details?id=com.runbuddy.prod&hl=en&gl=us"
""me.rtrt.app.irma","HEALTH_AND_FITNESS","IRONMAN Tracker","1,000,000+","1000000","1196092","5.1","VARY","support@dilltree.com","https://rtrt.me/legal/privacy","true","HEALTH_AND_FITNESS","[object Object]","Everyone","true","1715895796000","https://play.google.com/store/apps/details?id=me.rtrt.app.irma&hl=en&gl=us"
""com.hingehealth.phoenix","HEALTH_AND_FITNESS","Hinge Health","100,000+","100000","345607","9","VARY","hello@hingehealth.com","https://www.hingehealth.com/about/privacy/","true","HEALTH_AND_FITNESS","[object Object]","Everyone","false","1724777904000","https://play.google.com/store/apps/details?id=com.hingehealth.phoenix&hl=en&gl=us"
""com.lifestyle.relief.anxiety.stress","HEALTH_AND_FITNESS","Stress Relief: Anxiety Relief","1,000,000+","1000000","1222847","5.0","VARY","phamnguyetnt89@gmail.com","https://sites.google.com/view/miastudiopolicy","true","HEALTH_AND_FITNESS","[object Object]","Everyone","true","1724238197000","https://play.google.com/store/apps/details?id=com.lifestyle.relief.anxiety.stress&hl=en&gl=us"
""com.water.tracker.remind","HEALTH_AND_FITNESS","My Water Tracker & Reminder","50,000+","50000","53766","9","VARY","general@aicaloriecounter.com","https://medium.com/@general_85830/my-watyer-tracker-privacy-policy-a97855dfb5fe","true","HEALTH_AND_FITNESS","[object Object]","Everyone","true","1725246465000","https://play.google.com/store/apps/details?id=com.water.tracker.remind&hl=en&gl=us"
""com.achievemint.android","HEALTH_AND_FITNESS","Evidation - Rewards for Health","1,000,000+","1000000","1387720","6.0","VARY","help@evidation.com","https://evidation.com/members-privacy","true","HEALTH_AND_FITNESS","[object Object]","Everyone","false","1722025299000","https://play.google.com/store/apps/details?id=com.achievemint.android&hl=en&gl=us"
""com.anytimefitness.userapp","HEALTH_AND_FITNESS","AF App","100,000+","100000","326365","9","VARY","help@sebrands.com","https://www.anytimefitness.com/privacy/","true","HEALTH_AND_FITNESS","[object Object]","Everyone","false","1725371322000","https://play.google.com/store/apps/details?id=com.anytimefitness.userapp&hl=en&gl=us"
""com.hiit.home.workout.jian034lite","HEALTH_AND_FITNESS","HIIT Home Workout Lite","500,000+","500000","614864","5.0","VARY","herworkout2020@gmail.com","https://docs.google.com/document/d/1fKhWWANeKl91ezEGE2E47Q41f1IaXWrtco8Hs-fG-ts/edit?usp=sharing","true","HEALTH_AND_FITNESS","[object Object]","Everyone","true","1715345697000","https://play.google.com/store/apps/details?id=com.hiit.home.workout.jian034lite&hl=en&gl=us"
""com.speakmobilewhitelabel.release","HEALTH_AND_FITNESS","OTC Health Solutions","50,000+","50000","96018","7.0","VARY","customercare@cvs.com","http://m.cvs.com/mt/www.cvs.com/help/privacy_policy.jsp","true","HEALTH_AND_FITNESS","[object Object]","Everyone","false","1724874971000","https://play.google.com/store/apps/details?id=com.speakmobilewhitelabel.release&hl=en&gl=us"
""com.tomsmucenieks.asimplevibrator","HEALTH_AND_FITNESS","Vibrator: Strong Vibration App","500,000+","500000","840752","6.0","VARY","support@xtactic.net","https://xtactic.net/vibrator/privacy_policy.html","true","HEALTH_AND_FITNESS","[object Object]","Everyone","true","1715346315000","https://play.google.com/store/apps/details?id=com.tomsmucenieks.asimplevibrator&hl=en&gl=us"
""com.centene.dxe.ambetter","HEALTH_AND_FITNESS","Ambetter Health","50,000+","50000","79523","6.0","VARY","krishna.rudraiah@centene.com","https://www.ambetterhealth.com/privacy-policy.html","true","HEALTH_AND_FITNESS","[object Object]","Everyone","false","1722968792000","https://play.google.com/store/apps/details?id=com.centene.dxe.ambetter&hl=en&gl=us"
""com.mindbodyonline.connect","HEALTH_AND_FITNESS","Mindbody: Fitness, Salon & Spa","5,000,000+","5000000","5728030","6.0","VARY","support@mindbodyonline.com","https://www.mindbodyonline.com/privacy-policy","true","HEALTH_AND_FITNESS","[object Object]","Everyone","false","1725296859000","https://play.google.com/store/apps/details?id=com.mindbodyonline.connect&hl=en&gl=us"
""com.peptalk.app","HEALTH_AND_FITNESS","PepTalk: Daily Motivation App","100,000+","100000","274565","5.0","VARY","info@peptalkapp.com","https://peptalkapp.com/privacypolicy","true","HEALTH_AND_FITNESS","[object Object]","Everyone","false","1724188048000","https://play.google.com/store/apps/details?id=com.peptalk.app&hl=en&gl=us"
""com.omronhealthcare.omronconnect","HEALTH_AND_FITNESS","OMRON connect","1,000,000+","1000000","2017382","9","VARY","support@omronhealthcare.com","https://s3.eu-west-1.amazonaws.com/ocm-static-prd-eu/policy/pages/policies.html","true","HEALTH_AND_FITNESS","[object Object]","Everyone","false","1725370891000","https://play.google.com/store/apps/details?id=com.omronhealthcare.omronconnect&hl=en&gl=us"
""com.spotlightsix.zentimerlite2","HEALTH_AND_FITNESS","Insight Timer - Meditation App","5,000,000+","5000000","9529448","6.0","VARY","help@insighttimer.com","https://insighttimer.com/privacypolicy","true","HEALTH_AND_FITNESS","[object Object]","Everyone","false","1725539557000","https://play.google.com/store/apps/details?id=com.spotlightsix.zentimerlite2&hl=en&gl=us"
""com.weightwatchers.mobile","HEALTH_AND_FITNESS","WeightWatchers Program","10,000,000+","10000000","16353684","8.0","VARY","mobile@ww.com","https://www.weightwatchers.com/us/privacy/policy","true","HEALTH_AND_FITNESS","[object Object]","Everyone","false","1724777674000","https://play.google.com/store/apps/details?id=com.weightwatchers.mobile&hl=en&gl=us"
""com.sbs.diet","HEALTH_AND_FITNESS","MacroFactor - Macro Tracker","100,000+","100000","494509","8.0","VARY","support@macrofactorapp.com","https://macrofactorapp.com/privacy/","true","HEALTH_AND_FITNESS","[object Object]","Everyone","false","1725582034000","https://play.google.com/store/apps/details?id=com.sbs.diet&hl=en&gl=us"
""loseweight.weightloss.workout.fitness","HEALTH_AND_FITNESS","Lose Weight - Weight Loss App","100,000,000+","100000000","117610978","6.0","VARY","support@simpledesign.ltd","https://simpledesign.ltd/privacypolicy.html?pkg=loseweight.weightloss.workout.fitness","true","HEALTH_AND_FITNESS","[object Object]","Everyone","true","1724856856000","https://play.google.com/store/apps/details?id=loseweight.weightloss.workout.fitness&hl=en&gl=us"
""stepcounter.steptracker.pedometer.calorie","HEALTH_AND_FITNESS","Pedometer App - Step Counter","500,000+","500000","858057","6.0","VARY","support@rotech.dev","https://step5.rotech.dev/privacypolicy.html","true","HEALTH_AND_FITNESS","[object Object]","Everyone","true","1723555985000","https://play.google.com/store/apps/details?id=stepcounter.steptracker.pedometer.calorie&hl=en&gl=us"
""jawline.exercises.slim.face.yoga","HEALTH_AND_FITNESS","Jawline Exercises - Face Yoga","10,000,000+","10000000","14522922","6.0","VARY","support@simpledesign.ltd","https://simpledesign.ltd/privacypolicy.html?pkg=jawline.exercises.slim.face.yoga","true","HEALTH_AND_FITNESS","[object Object]","Everyone","true","1724929441000","https://play.google.com/store/apps/details?id=jawline.exercises.slim.face.yoga&hl=en&gl=us"
""com.mapmywalk.android2","HEALTH_AND_FITNESS","Walk with Map My Walk","10,000,000+","10000000","11852239","9","VARY","support@mapmyfitness.com","https://account.underarmour.com/privacy","true","HEALTH_AND_FITNESS","[object Object]","Everyone","false","1721331811000","https://play.google.com/store/apps/details?id=com.mapmywalk.android2&hl=en&gl=us"
""com.abs.core.body.home.workout.jian032c","HEALTH_AND_FITNESS","Abs and Core  Workout at Home","500,000+","500000","605890","5.0","VARY","zhangjunya901@gmail.com","https://sites.google.com/view/abs-and-core-workout-at-home","true","HEALTH_AND_FITNESS","[object Object]","Everyone","true","1709823035000","https://play.google.com/store/apps/details?id=com.abs.core.body.home.workout.jian032c&hl=en&gl=us"
""com.yazio.android","HEALTH_AND_FITNESS","YAZIO Food & Calorie Counter","10,000,000+","10000000","41342878","VARY","VARY","help@yazio.com","https://help.yazio.com/hc/articles/203444951","true","HEALTH_AND_FITNESS","[object Object]","Everyone","true","1725630555000","https://play.google.com/store/apps/details?id=com.yazio.android&hl=en&gl=us"
""com.wsl.noom","HEALTH_AND_FITNESS","Noom: Weight Loss & Health","10,000,000+","10000000","22183731","9","VARY","support@noom.com","https://www.noom.com/terms-and-conditions-of-use/noom-privacy-policy/","true","HEALTH_AND_FITNESS","[object Object]","Everyone","false","1725305733000","https://play.google.com/store/apps/details?id=com.wsl.noom&hl=en&gl=us"
""de.komoot.android","HEALTH_AND_FITNESS","komoot - hike, bike & run","10,000,000+","10000000","31594466","VARY","VARY","help@komoot.de","https://www.komoot.com/privacy/","true","HEALTH_AND_FITNESS","[object Object]","Everyone","false","1725553312000","https://play.google.com/store/apps/details?id=de.komoot.android&hl=en&gl=us"
""com.jaga.ibraceletplus.aigoband","HEALTH_AND_FITNESS","JYouPro - Fitness Tracker","1,000,000+","1000000","1560441","5.0","VARY","thinksth@qq.com","http://download.keeprapid.com/apps/smartband/keepfit/privacy/en-main-privacy.html","true","HEALTH_AND_FITNESS","[object Object]","Everyone","false","1725801804000","https://play.google.com/store/apps/details?id=com.jaga.ibraceletplus.aigoband&hl=en&gl=us"
""com.ihealthlabs.MyVitalsPro","HEALTH_AND_FITNESS","iHealth MyVitals","100,000+","100000","263792","9","VARY","support@ihealthlabs.com","https://cdn.ihealthlabs.com/policy/MyVitals/1.0.0/us/Privacy.html","true","HEALTH_AND_FITNESS","[object Object]","Everyone","false","1720074321000","https://play.google.com/store/apps/details?id=com.ihealthlabs.MyVitalsPro&hl=en&gl=us"
""running.tracker.gps.map","HEALTH_AND_FITNESS","Running App - GPS Run Tracker","10,000,000+","10000000","23274931","5.0","VARY","support@leap.app","https://leap.app/privacypolicy.html?pkg=running.tracker.gps.map","true","HEALTH_AND_FITNESS","[object Object]","Everyone","true","1724761515000","https://play.google.com/store/apps/details?id=running.tracker.gps.map&hl=en&gl=us"
""com.women.workout.fitness.home.jian015lite","HEALTH_AND_FITNESS","Workout for Women Lite","1,000,000+","1000000","1428663","5.0","VARY","elciesmitsey@gmail.com","https://docs.google.com/document/d/187f5vbQDzuR8PXsnODac2p9Xyu1p2sVe2_GpV35_lNM","true","HEALTH_AND_FITNESS","[object Object]","Everyone","true","1709800035000","https://play.google.com/store/apps/details?id=com.women.workout.fitness.home.jian015lite&hl=en&gl=us"
""com.itamarmedical.watchpat","HEALTH_AND_FITNESS","WatchPAT","100,000+","100000","392058","6.0","VARY","itamar.medical.development@gmail.com","https://www.itamar-medical.com/privacy_policy.htm","true","HEALTH_AND_FITNESS","[object Object]","Everyone","false","1722184722000","https://play.google.com/store/apps/details?id=com.itamarmedical.watchpat&hl=en&gl=us"
""com.wakeup.howear","HEALTH_AND_FITNESS","Wearfit Pro","10,000,000+","10000000","25299044","7.0","VARY","developer.wakeup@gmail.com","https://h5.iwhop.com/login/privacy_policy/privacy_policy_en.html","true","HEALTH_AND_FITNESS","[object Object]","Everyone","false","1722304344000","https://play.google.com/store/apps/details?id=com.wakeup.howear&hl=en&gl=us"
""com.glucobit.reframe","HEALTH_AND_FITNESS","Reframe: Drink Less & Thrive","100,000+","100000","217407","8.0","VARY","support@reframeapp.com","https://www.joinreframeapp.com/privacy-policy","true","HEALTH_AND_FITNESS","[object Object]","Everyone","false","1725924585000","https://play.google.com/store/apps/details?id=com.glucobit.reframe&hl=en&gl=us"
""losebellyfat.flatstomach.absworkout.fatburning","HEALTH_AND_FITNESS","Lose Belly Fat  - Abs Workout","50,000,000+","50000000","92002130","6.0","VARY","support@leap.app","https://leap.app/privacypolicy.html?pkg=losebellyfat.flatstomach.absworkout.fatburning","true","HEALTH_AND_FITNESS","[object Object]","Everyone","true","1709032414000","https://play.google.com/store/apps/details?id=losebellyfat.flatstomach.absworkout.fatburning&hl=en&gl=us"
""com.kooth.serenity","HEALTH_AND_FITNESS","Soluna: Gen Z Mental Health","50,000+","50000","69199","9","VARY","thoughts@kooth.com","https://solunaapp.com/privacy","true","HEALTH_AND_FITNESS","[object Object]","Everyone","false","1724971443000","https://play.google.com/store/apps/details?id=com.kooth.serenity&hl=en&gl=us"
""com.humana.myhumana","HEALTH_AND_FITNESS","MyHumana","1,000,000+","1000000","1437899","8.0","VARY","MobileDevelopers@humana.com","https://www.humana.com/about/legal/privacy/","true","HEALTH_AND_FITNESS","[object Object]","Everyone","false","1724683240000","https://play.google.com/store/apps/details?id=com.humana.myhumana&hl=en&gl=us"
""com.twentythreeandme.app","HEALTH_AND_FITNESS","23andMe - DNA Testing","1,000,000+","1000000","2555507","7.0","VARY","android@23andme.com","https://www.23andme.com/about/privacy/","true","HEALTH_AND_FITNESS","[object Object]","Everyone","false","1725396757000","https://play.google.com/store/apps/details?id=com.twentythreeandme.app&hl=en&gl=us"
""io.a24go.android.dev","HEALTH_AND_FITNESS","24GO by 24 Hour Fitness","1,000,000+","1000000","1117465","VARY","VARY","support@24go.zendesk.com","https://www.24hourfitness.com/company/policies/privacy/privacy_policy.html","true","HEALTH_AND_FITNESS","[object Object]","Everyone","false","1721336783000","https://play.google.com/store/apps/details?id=io.a24go.android.dev&hl=en&gl=us"
""com.clue.android","HEALTH_AND_FITNESS","Clue Period Tracker & Calendar","50,000,000+","50000000","52575738","8.0","VARY","support@helloclue.com","http://www.helloclue.com/privacy.html","true","HEALTH_AND_FITNESS","[object Object]","Everyone","false","1724926482000","https://play.google.com/store/apps/details?id=com.clue.android&hl=en&gl=us"
""com.himshers.hers","HEALTH_AND_FITNESS","Hers: Women’s Healthcare","100,000+","100000","125680","12","VARY","oguzhan@forhims.com","https://www.forhers.com/privacy-policy","true","HEALTH_AND_FITNESS","[object Object]","Everyone","false","1725478906000","https://play.google.com/store/apps/details?id=com.himshers.hers&hl=en&gl=us"
""com.socialaudio.wisdom","HEALTH_AND_FITNESS","Noom Vibe: Pedometer & Advice","100,000+","100000","152263","9","VARY","support@noomvibe.com","https://www.noomvibe.com/privacy-policy","true","HEALTH_AND_FITNESS","[object Object]","Mature 17+","false","1725553204000","https://play.google.com/store/apps/details?id=com.socialaudio.wisdom&hl=en&gl=us"
""com.focusonsharing.walkcash","HEALTH_AND_FITNESS","WalkWork","1,000,000+","1000000","4749616","6.0","VARY","support@focusonsharing.com","https://walkwork.focusonsharing.com/privacy-policy","true","HEALTH_AND_FITNESS","[object Object]","Everyone","true","1724229836000","https://play.google.com/store/apps/details?id=com.focusonsharing.walkcash&hl=en&gl=us"
""com.nike.plusgps","HEALTH_AND_FITNESS","Nike Run Club - Running Coach","10,000,000+","10000000","47493849","VARY","VARY","Nike.googleplaysupport@nike.com","https://www.nike.com/help/a/privacy-global","true","HEALTH_AND_FITNESS","[object Object]","Everyone","false","1724716952000","https://play.google.com/store/apps/details?id=com.nike.plusgps&hl=en&gl=us"
""com.fitness.hiit.fat.burning.workout.jian032alite","HEALTH_AND_FITNESS","Fat Burning Workout Lite","100,000+","100000","341201","5.0","VARY","tanq07041@gmail.com","https://sites.google.com/view/fat-burning-workout-pro","true","HEALTH_AND_FITNESS","[object Object]","Everyone","true","1710514813000","https://play.google.com/store/apps/details?id=com.fitness.hiit.fat.burning.workout.jian032alite&hl=en&gl=us"
""com.alphaprogression.alphaprogression","HEALTH_AND_FITNESS","Alpha Progression Gym Tracker","1,000,000+","1000000","1073503","8.0","VARY","info@alphaprogression.com","https://alphaprogression.com/privacy","true","HEALTH_AND_FITNESS","[object Object]","Everyone","false","1721750772000","https://play.google.com/store/apps/details?id=com.alphaprogression.alphaprogression&hl=en&gl=us"
""com.periodtracker.periodcalendar.ovulation.periodcycle","HEALTH_AND_FITNESS","Period Tracker Ovulation Cycle","5,000,000+","5000000","5304917","6.0","VARY","9dcompanions@gmail.com","https://periodsdiary.com/PrivacyPolicy","true","HEALTH_AND_FITNESS","[object Object]","Everyone","true","1725022049000","https://play.google.com/store/apps/details?id=com.periodtracker.periodcalendar.ovulation.periodcycle&hl=en&gl=us"
""splits.splitstraining.dothesplits.splitsin30days","HEALTH_AND_FITNESS","Splits Training in 30 Days","50,000,000+","50000000","55249632","5.0","VARY","support@leap.app","https://leap.app/privacypolicy.html?pkg=splits.splitstraining.dothesplits.splitsin30days","true","HEALTH_AND_FITNESS","[object Object]","Everyone","true","1722930981000","https://play.google.com/store/apps/details?id=splits.splitstraining.dothesplits.splitsin30days&hl=en&gl=us"
""com.chuzefitness","HEALTH_AND_FITNESS","Chuze Fitness","10,000+","10000","33820","5.0","VARY","mobile-app-support@chuzefitness.com","https://chuzefitness.com/privacy-policy/","true","HEALTH_AND_FITNESS","[object Object]","Everyone","false","1723449311000","https://play.google.com/store/apps/details?id=com.chuzefitness&hl=en&gl=us"
""com.wombatapps.carbmanager","HEALTH_AND_FITNESS","Carb Manager–Keto Diet Tracker","5,000,000+","5000000","6364553","8.0","VARY","support@carbmanager.com","https://www.carbmanager.com/privacy-policy","true","HEALTH_AND_FITNESS","[object Object]","Everyone","false","1720555927000","https://play.google.com/store/apps/details?id=com.wombatapps.carbmanager&hl=en&gl=us"
""watertracker.waterreminder.watertrackerapp.drinkwater","HEALTH_AND_FITNESS","Water Tracker: Water Reminder","1,000,000+","1000000","4462048","8.0","VARY","support@lippu.ltd","https://lippu.ltd/privacypolicy.html?pkg=watertracker.waterreminder.watertrackerapp.drinkwater","true","HEALTH_AND_FITNESS","[object Object]","Everyone","true","1723639950000","https://play.google.com/store/apps/details?id=watertracker.waterreminder.watertrackerapp.drinkwater&hl=en&gl=us"
""com.virginpulse.virginpulse","HEALTH_AND_FITNESS","Virgin Pulse","1,000,000+","1000000","2499412","10","VARY","support@virginpulse.com","https://personifyhealth.com/global/virgin-pulse-privacy-notice/","true","HEALTH_AND_FITNESS","[object Object]","Everyone","false","1724320174000","https://play.google.com/store/apps/details?id=com.virginpulse.virginpulse&hl=en&gl=us"
""com.weward","HEALTH_AND_FITNESS","WeWard - The Walking App","10,000,000+","10000000","10724517","8.0","VARY","contact@weward.fr","https://www.wewardapp.com/us-privacy-policy","true","HEALTH_AND_FITNESS","[object Object]","Everyone","false","1725283331000","https://play.google.com/store/apps/details?id=com.weward&hl=en&gl=us"
""com.classpass.classpass","HEALTH_AND_FITNESS","ClassPass: Fitness, Spa, Salon","1,000,000+","1000000","1502630","7.0","VARY","support@classpass.com","http://classpass.com/privacy","true","HEALTH_AND_FITNESS","[object Object]","Everyone","false","1724798747000","https://play.google.com/store/apps/details?id=com.classpass.classpass&hl=en&gl=us"
""com.veepoo.hband","HEALTH_AND_FITNESS","H Band","5,000,000+","5000000","6771748","5.0","VARY","veepooandroid@gmail.com","https://github.com/vpht1/hband/blob/main/README_en.md","true","HEALTH_AND_FITNESS","[object Object]","Everyone","false","1725012380000","https://play.google.com/store/apps/details?id=com.veepoo.hband&hl=en&gl=us"
""com.engagedin.freshtri","HEALTH_AND_FITNESS","Fresh Tri: Habits & Mindset","100,000+","100000","474114","5.0","VARY","support@freshtri.com","https://freshtri.com/privacy-policy/","true","HEALTH_AND_FITNESS","[object Object]","Everyone","false","1725655225000","https://play.google.com/store/apps/details?id=com.engagedin.freshtri&hl=en&gl=us"
""com.hevy","HEALTH_AND_FITNESS","Hevy - Gym Log Workout Tracker","1,000,000+","1000000","3099504","VARY","VARY","hello@hevyapp.com","https://www.iubenda.com/privacy-policy/75379905","true","HEALTH_AND_FITNESS","[object Object]","Teen","false","1725374563000","https://play.google.com/store/apps/details?id=com.hevy&hl=en&gl=us"
""gov.nyc.hra.SelfService","HEALTH_AND_FITNESS","NYC ACCESS HRA","1,000,000+","1000000","1052892","8.1","VARY","ACCESSHRASuppapp@hra.nyc.gov","https://www.nyc.gov/site/hra/help/access-hra-privacy-policy.page","true","HEALTH_AND_FITNESS","[object Object]","Everyone","false","1702326442000","https://play.google.com/store/apps/details?id=gov.nyc.hra.SelfService&hl=en&gl=us"
""com.onepeloton.callisto","HEALTH_AND_FITNESS","Peloton - Fitness & Workouts","1,000,000+","1000000","3188022","VARY","VARY","support@onepeloton.com","https://www.onepeloton.com/privacy-policy","true","HEALTH_AND_FITNESS","[object Object]","Teen","false","1725549428000","https://play.google.com/store/apps/details?id=com.onepeloton.callisto&hl=en&gl=us"
""com.easyfastapp.app","HEALTH_AND_FITNESS","Easy Fast Intermittent Fasting","50,000+","50000","84411","7.0","VARY","info@easyfastapp.com","https://easyfastapp.com/privacy","true","HEALTH_AND_FITNESS","[object Object]","Everyone","false","1725488155000","https://play.google.com/store/apps/details?id=com.easyfastapp.app&hl=en&gl=us"
""heartrate.heartratemonitor.bloodpressure","HEALTH_AND_FITNESS","Heart Rate: Blood Pressure App","100,000+","100000","494606","6.0","VARY","support@zankhana.ltd","https://zankhana.ltd/privacypolicy.html?pkg=heartrate.heartratemonitor.bloodpressure","true","HEALTH_AND_FITNESS","[object Object]","Everyone","true","1725440237000","https://play.google.com/store/apps/details?id=heartrate.heartratemonitor.bloodpressure&hl=en&gl=us"
""com.netpulse.mobile.eosfitness","HEALTH_AND_FITNESS","EōS Fitness","500,000+","500000","515683","8.0","VARY","digitalsupport@egym.com","https://EoSFitness.netpulse.com/#/privacy-policy","true","HEALTH_AND_FITNESS","[object Object]","Everyone","false","1725906683000","https://play.google.com/store/apps/details?id=com.netpulse.mobile.eosfitness&hl=en&gl=us"
""com.outcomes4me","HEALTH_AND_FITNESS","Outcomes4Me Cancer Care","100,000+","100000","456692","7.0","VARY","info@outcomes4me.com","https://www.outcomes4me.com/privacy","true","HEALTH_AND_FITNESS","[object Object]","Everyone","false","1725382575000","https://play.google.com/store/apps/details?id=com.outcomes4me&hl=en&gl=us"
""com.walktask.app","HEALTH_AND_FITNESS","WalkTask - Walk work gets paid","100,000+","100000","113350","8.0","VARY","walktask@hotmail.com","https://utopian-phosphorus-8a1.notion.site/WalkTask-Privacy-Policy-222e38d0471042f4b32626379c585360","true","HEALTH_AND_FITNESS","[object Object]","Mature 17+","true","1725543702000","https://play.google.com/store/apps/details?id=com.walktask.app&hl=en&gl=us"
""com.bodbot.trainer","HEALTH_AND_FITNESS","BodBot AI Personal Trainer","5,000,000+","5000000","8624079","8.1","VARY","information@bodbot.com","http://www.bodbot.com/Privacy.html","true","HEALTH_AND_FITNESS","[object Object]","Teen","false","1725764419000","https://play.google.com/store/apps/details?id=com.bodbot.trainer&hl=en&gl=us"
""com.fig","HEALTH_AND_FITNESS","Fig: Food Scanner & Discovery","100,000+","100000","342418","6.0","VARY","support@foodisgood.com","http://foodisgood.com/privacy","true","HEALTH_AND_FITNESS","[object Object]","Everyone","false","1725395342000","https://play.google.com/store/apps/details?id=com.fig&hl=en&gl=us"
""com.xiaomi.wearable","HEALTH_AND_FITNESS","Mi Fitness (Xiaomi Wear)","10,000,000+","10000000","41509355","6.0","VARY","miot-xiaomiwear@xiaomi.com","https://watch.iot.mi.com/html/privacy/index.html?locale=en_US&type=watch_privacy_policy&model=app#/","true","HEALTH_AND_FITNESS","[object Object]","Everyone","false","1723191832000","https://play.google.com/store/apps/details?id=com.xiaomi.wearable&hl=en&gl=us"
""betwixt.web.app","HEALTH_AND_FITNESS","Betwixt—The Mental Health Game","100,000+","100000","160882","5.1","VARY","hello@betwixt.life","https://www.betwixt.life/privacy-policy","true","HEALTH_AND_FITNESS","[object Object]","Everyone","false","1725373140000","https://play.google.com/store/apps/details?id=betwixt.web.app&hl=en&gl=us"
""com.kitefaster.whitenoise","HEALTH_AND_FITNESS","White Noise Deep Sleep Sounds","500,000+","500000","773293","5.1","VARY","support@deepsleepsounds.com","http://kitefaster.com/privacy-policy/","true","HEALTH_AND_FITNESS","[object Object]","Everyone","true","1722357496000","https://play.google.com/store/apps/details?id=com.kitefaster.whitenoise&hl=en&gl=us"
""com.gymbros.app","HEALTH_AND_FITNESS","GymBros - Workout Tracker","100,000+","100000","155674","6.0","VARY","support@getgymbros.com","https://info.getgymbros.com/en/privacy","true","HEALTH_AND_FITNESS","[object Object]","Teen","false","1725924579000","https://play.google.com/store/apps/details?id=com.gymbros.app&hl=en&gl=us"
""com.butt.home.workout.legs.buttandlegsplus","HEALTH_AND_FITNESS","Butt and Legs Workout Plus","100,000+","100000","176816","5.0","VARY","leseanwang343@gmail.com","https://docs.google.com/document/d/1Zss3gVpS5932FaWtrBHYwIsgRKAhOIFU2nYh-hiPE6c/edit#heading=h.72sutixixw5l","true","HEALTH_AND_FITNESS","[object Object]","Everyone","true","1710149211000","https://play.google.com/store/apps/details?id=com.butt.home.workout.legs.buttandlegsplus&hl=en&gl=us"
""com.lifetimefitness.interests.fitness","HEALTH_AND_FITNESS","Life Time Digital","500,000+","500000","640174","7.0","VARY","mobileapps@lifetimefitness.com","https://my.lifetime.life/policy/privacy-policy.html","true","HEALTH_AND_FITNESS","[object Object]","Everyone","false","1725652843000","https://play.google.com/store/apps/details?id=com.lifetimefitness.interests.fitness&hl=en&gl=us"
""com.stepsappgmbh.stepsapp","HEALTH_AND_FITNESS","StepsApp – Step Counter","5,000,000+","5000000","9714030","7.0","VARY","help@steps.app","https://steps.app/privacy?os=android","true","HEALTH_AND_FITNESS","[object Object]","Everyone","true","1725458798000","https://play.google.com/store/apps/details?id=com.stepsappgmbh.stepsapp&hl=en&gl=us"
""fluid.slime.simulator.live.wallpaper.asmr.anti.stress","HEALTH_AND_FITNESS","Slime Simulator - Relax Melody","1,000,000+","1000000","1338122","8.0","VARY","gobistudio88@gmail.com","https://techstar.mobi/policy.html","true","HEALTH_AND_FITNESS","[object Object]","Everyone","true","1725874865000","https://play.google.com/store/apps/details?id=fluid.slime.simulator.live.wallpaper.asmr.anti.stress&hl=en&gl=us"
""com.bloodpressuretracker.bloodpressureapp.bptracker.bloodsugar.bloodglucose.heartrate","HEALTH_AND_FITNESS","Blood Pressure App & Tracker","100,000+","100000","329098","6.0","VARY","dreamcity.techvn@gmail.com","https://sites.google.com/view/dreamcitytechvn","true","HEALTH_AND_FITNESS","[object Object]","Everyone","true","1721710449000","https://play.google.com/store/apps/details?id=com.bloodpressuretracker.bloodpressureapp.bptracker.bloodsugar.bloodglucose.heartrate&hl=en&gl=us"
""gofasting.fastingtracker.fasting.intermittentfasting","HEALTH_AND_FITNESS","Intermittent Fasting GoFasting","1,000,000+","1000000","4965591","5.0","VARY","gofasting@guloolootech.com","https://guloolootech.com/privacy-policy","true","HEALTH_AND_FITNESS","[object Object]","Everyone","true","1725783537000","https://play.google.com/store/apps/details?id=gofasting.fastingtracker.fasting.intermittentfasting&hl=en&gl=us"
""com.thestepupapp.stepup","HEALTH_AND_FITNESS","StepUp Pedometer Step Counter","1,000,000+","1000000","1072749","7.0","VARY","contact@thestepupapp.com","http://www.thestepupapp.com/privacy","true","HEALTH_AND_FITNESS","[object Object]","Everyone","false","1723823070000","https://play.google.com/store/apps/details?id=com.thestepupapp.stepup&hl=en&gl=us"
""com.appsky.calendar.periodtracker","HEALTH_AND_FITNESS","Luna - AI Period Calendar","50,000+","50000","74214","8.0","VARY","support@appskyhk.com","https://www.hellolunatracker.com/privacy-policy.html","true","HEALTH_AND_FITNESS","[object Object]","Everyone","true","1725421254000","https://play.google.com/store/apps/details?id=com.appsky.calendar.periodtracker&hl=en&gl=us"
""com.viraldevelopment.calai","HEALTH_AND_FITNESS","Cal AI - Food Calorie Tracker","50,000+","50000","91074","8.0","VARY","team@viraldevelopment.co","https://viraldevelopment.co/index.php/privacy-policy/","true","HEALTH_AND_FITNESS","[object Object]","Everyone","false","1725375427000","https://play.google.com/store/apps/details?id=com.viraldevelopment.calai&hl=en&gl=us"
""reverse.health.app","HEALTH_AND_FITNESS","RH: Weight Loss and Fitness","100,000+","100000","100005","6.0","VARY","help@reverse.health","https://eu.reverse.health/privacy","true","HEALTH_AND_FITNESS","[object Object]","Everyone","false","1725906051000","https://play.google.com/store/apps/details?id=reverse.health.app&hl=en&gl=us"
""com.avibra","HEALTH_AND_FITNESS","Avibra: Benefits for Everyone","100,000+","100000","362668","6.0","VARY","hello@avibra.com","https://avibra.com/privacy-policy.html","true","HEALTH_AND_FITNESS","[object Object]","Everyone","false","1724815068000","https://play.google.com/store/apps/details?id=com.avibra&hl=en&gl=us"
""com.bp.app.bpme.global.ros","TRAVEL_AND_LOCAL","earnify","100,000+","100000","114363","10","VARY","bpconsumer@bp.com","https://www.bp.com/en_us/united-states/home/products-and-services/earnify/earnify-privacy-statement.html","true","TRAVEL_AND_LOCAL","[object Object]","Everyone","false","1724766872000","https://play.google.com/store/apps/details?id=com.bp.app.bpme.global.ros&hl=en&gl=us"
""com.airbnb.android","TRAVEL_AND_LOCAL","Airbnb","100,000,000+","100000000","194979018","9","VARY","m.feedback.android@airbnb.com","https://www.airbnb.com/help/article/2855/","true","TRAVEL_AND_LOCAL","[object Object]","Everyone","false","1725409417000","https://play.google.com/store/apps/details?id=com.airbnb.android&hl=en&gl=us"
""com.expedia.bookings","TRAVEL_AND_LOCAL","Expedia: Hotels, Flights & Car","50,000,000+","50000000","61398693","8.0","VARY","support@expedia.com","https://www.expedia.com/p/info-other/privacy-policy.htm","true","TRAVEL_AND_LOCAL","[object Object]","Everyone","true","1725656402000","https://play.google.com/store/apps/details?id=com.expedia.bookings&hl=en&gl=us"
""com.vrbo.android","TRAVEL_AND_LOCAL","Vrbo Vacation Rentals","10,000,000+","10000000","20088795","8.0","VARY","mobile@homeaway.com","https://www.vrbo.com/legal/privacy-policy","true","TRAVEL_AND_LOCAL","[object Object]","Everyone","false","1725656534000","https://play.google.com/store/apps/details?id=com.vrbo.android&hl=en&gl=us"
""com.google.earth","TRAVEL_AND_LOCAL","Google Earth","500,000,000+","500000000","535825413","VARY","VARY","apps-help@google.com","http://www.google.com/policies/privacy","true","TRAVEL_AND_LOCAL","[object Object]","Everyone","false","1725975149000","https://play.google.com/store/apps/details?id=com.google.earth&hl=en&gl=us"
""com.booking","TRAVEL_AND_LOCAL","Booking.com: Hotels & Travel","500,000,000+","500000000","671846994","9","VARY","customer.service@booking.com","http://www.booking.com/content/privacy.html","true","TRAVEL_AND_LOCAL","[object Object]","Everyone","false","1725577278000","https://play.google.com/store/apps/details?id=com.booking&hl=en&gl=us"
""com.united.mobile.android","TRAVEL_AND_LOCAL","United Airlines","10,000,000+","10000000","23400360","9","VARY","ssqa@united.com","https://www.united.com/web/en-US/content/privacy.aspx","true","TRAVEL_AND_LOCAL","[object Object]","Everyone","false","1725649377000","https://play.google.com/store/apps/details?id=com.united.mobile.android&hl=en&gl=us"
""com.upside.consumer.android","TRAVEL_AND_LOCAL","Upside: Cash Back - Gas & Food","10,000,000+","10000000","14393526","6.0","VARY","support@upside.com","https://www.upside.com/privacy/","true","TRAVEL_AND_LOCAL","[object Object]","Everyone","false","1724960071000","https://play.google.com/store/apps/details?id=com.upside.consumer.android&hl=en&gl=us"
""com.aa.android","TRAVEL_AND_LOCAL","American Airlines","10,000,000+","10000000","20878103","8.0","VARY","aa.mobile@aa.com","https://www.aa.com/i18n/customer-service/support/privacy-policy.jsp","true","TRAVEL_AND_LOCAL","[object Object]","Everyone","false","1725375927000","https://play.google.com/store/apps/details?id=com.aa.android&hl=en&gl=us"
""com.delta.mobile.android","TRAVEL_AND_LOCAL","Fly Delta","10,000,000+","10000000","21559236","8.0","VARY","MobileApp@delta.com","https://www.delta.com/us/en/legal/privacy-and-security","true","TRAVEL_AND_LOCAL","[object Object]","Everyone","false","1725552019000","https://play.google.com/store/apps/details?id=com.delta.mobile.android&hl=en&gl=us"
""com.southwestairlines.mobile","TRAVEL_AND_LOCAL","Southwest Airlines","10,000,000+","10000000","19681865","8.0","VARY","MobileAppSupport@wnco.com","https://mobile.southwest.com/privacy-policy","true","TRAVEL_AND_LOCAL","[object Object]","Everyone","true","1725559115000","https://play.google.com/store/apps/details?id=com.southwestairlines.mobile&hl=en&gl=us"
""com.flyfrontier.android","TRAVEL_AND_LOCAL","Frontier Airlines","5,000,000+","5000000","5859609","5.0","VARY","googleplay@flyfrontier.com","https://www.flyfrontier.com/legal/privacy-policy","true","TRAVEL_AND_LOCAL","[object Object]","Everyone","false","1725946359000","https://play.google.com/store/apps/details?id=com.flyfrontier.android&hl=en&gl=us"
""com.priceline.android.negotiator","TRAVEL_AND_LOCAL","Priceline: Hotel, Flight & Car","10,000,000+","10000000","14632836","8.0","VARY","mobile@priceline.com","https://www.priceline.com/static-pages/privacy-policy.html","true","TRAVEL_AND_LOCAL","[object Object]","Everyone","false","1724968449000","https://play.google.com/store/apps/details?id=com.priceline.android.negotiator&hl=en&gl=us"
""com.hilton.android.hhonors","TRAVEL_AND_LOCAL","Hilton Honors: Book Hotels","10,000,000+","10000000","13449337","8.0","VARY","androidsupport@hilton.com","https://www.hilton.com/en/p/global-privacy-statement/","true","TRAVEL_AND_LOCAL","[object Object]","Everyone","false","1725900410000","https://play.google.com/store/apps/details?id=com.hilton.android.hhonors&hl=en&gl=us"
""com.marriott.mrt","TRAVEL_AND_LOCAL","Marriott Bonvoy: Book Hotels","10,000,000+","10000000","16878676","10","VARY","Marriott.Mobile.Customer.Care@Marriott.com","http://www.marriott.com/about/privacy.mi","true","TRAVEL_AND_LOCAL","[object Object]","Everyone","false","1725569486000","https://play.google.com/store/apps/details?id=com.marriott.mrt&hl=en&gl=us"
""com.hcom.android","TRAVEL_AND_LOCAL","Hotels.com: Travel Booking","10,000,000+","10000000","46041735","8.0","VARY","handroid@expedia.com","https://www.hotels.com/lp/b/privacy?pos=HCOM_US&locale=en_US&siteid=300000001","true","TRAVEL_AND_LOCAL","[object Object]","Everyone","false","1725656431000","https://play.google.com/store/apps/details?id=com.hcom.android&hl=en&gl=us"
""com.tripadvisor.tripadvisor","TRAVEL_AND_LOCAL","Tripadvisor: Plan & Book Trips","100,000,000+","100000000","427161862","7.0","VARY","mobilehelp@tripadvisor.com","https://www.tripadvisor.com/pages/privacy.html","true","TRAVEL_AND_LOCAL","[object Object]","Everyone","true","1725373495000","https://play.google.com/store/apps/details?id=com.tripadvisor.tripadvisor&hl=en&gl=us"
""com.google.android.apps.mapslite","TRAVEL_AND_LOCAL","Google Maps Go","500,000,000+","500000000","951910514","VARY","VARY","apps-help@google.com","http://www.google.com/policies/privacy","true","TRAVEL_AND_LOCAL","[object Object]","Everyone","true","1698170588000","https://play.google.com/store/apps/details?id=com.google.android.apps.mapslite&hl=en&gl=us"
""com.pilottravelcenters.mypilot","TRAVEL_AND_LOCAL","Pilot Flying J: myRewards Plus","1,000,000+","1000000","3617685","8.0","VARY","Customer.Service@pilottravelcenters.com","https://www.pilotflyingj.com/privacy-policy","true","TRAVEL_AND_LOCAL","[object Object]","Everyone","false","1725968099000","https://play.google.com/store/apps/details?id=com.pilottravelcenters.mypilot&hl=en&gl=us"
""com.limebike","TRAVEL_AND_LOCAL","Lime - #RideGreen","10,000,000+","10000000","25814771","5.0","VARY","support@li.me","https://www.li.me/privacy/","true","TRAVEL_AND_LOCAL","[object Object]","Everyone","false","1725897688000","https://play.google.com/store/apps/details?id=com.limebike&hl=en&gl=us"
""gov.dhs.cbp.pspd.mpc","TRAVEL_AND_LOCAL","Mobile Passport Control","1,000,000+","1000000","2074858","7.0","VARY","mobilepassportsupport@cbp.dhs.gov","https://www.cbp.gov/travel/us-citizens/mobile-passport-control/mpc-privacy-policy","true","TRAVEL_AND_LOCAL","[object Object]","Everyone","false","1724947454000","https://play.google.com/store/apps/details?id=gov.dhs.cbp.pspd.mpc&hl=en&gl=us"
""com.viator.mobile.android","TRAVEL_AND_LOCAL","Viator Tours & Attractions","1,000,000+","1000000","4080693","8.0","VARY","mobileappsupport@viator.com","https://m.viator.com/support/privacyPolicy","true","TRAVEL_AND_LOCAL","[object Object]","Everyone","false","1725524659000","https://play.google.com/store/apps/details?id=com.viator.mobile.android&hl=en&gl=us"
""com.relayrides.android.relayrides","TRAVEL_AND_LOCAL","Turo — Car rental marketplace","10,000,000+","10000000","10481254","7.0","VARY","support@turo.com","https://turo.com/policies/privacy-policy","true","TRAVEL_AND_LOCAL","[object Object]","Everyone","false","1725914357000","https://play.google.com/store/apps/details?id=com.relayrides.android.relayrides&hl=en&gl=us"
""com.spirit.customerapp","TRAVEL_AND_LOCAL","Spirit Airlines","5,000,000+","5000000","5969311","8.0","VARY","mobilehelp@spirit.com","https://www.spirit.com/s/privacy-policy","true","TRAVEL_AND_LOCAL","[object Object]","Everyone","false","1724444161000","https://play.google.com/store/apps/details?id=com.spirit.customerapp&hl=en&gl=us"
""com.carnival.android","TRAVEL_AND_LOCAL","Carnival HUB","1,000,000+","1000000","4863487","9","VARY","app@carnival.com","https://www.carnival.com/about-carnival/legal-notice/privacy-notice.aspx?webview=true","true","TRAVEL_AND_LOCAL","[object Object]","Everyone","false","1724792795000","https://play.google.com/store/apps/details?id=com.carnival.android&hl=en&gl=us"
""com.rccl.royalcaribbean","TRAVEL_AND_LOCAL","Royal Caribbean International","1,000,000+","1000000","3803656","7.0","VARY","AppFeedback@rccl.com","http://www.royalcaribbean.com/privacyPolicy.do","true","TRAVEL_AND_LOCAL","[object Object]","Everyone","false","1724690689000","https://play.google.com/store/apps/details?id=com.rccl.royalcaribbean&hl=en&gl=us"
""com.flightradar24free","TRAVEL_AND_LOCAL","Flightradar24 Flight Tracker","50,000,000+","50000000","82406405","VARY","VARY","support@fr24.com","http://www.flightradar24.com/privacy-policy","true","TRAVEL_AND_LOCAL","[object Object]","Everyone","true","1725465636000","https://play.google.com/store/apps/details?id=com.flightradar24free&hl=en&gl=us"
""com.trivago","TRAVEL_AND_LOCAL","trivago: Compare hotel prices","100,000,000+","100000000","111517907","8.0","VARY","mobile@trivago.com","https://company.trivago.com/privacy-policy/","true","TRAVEL_AND_LOCAL","[object Object]","Everyone","false","1724929502000","https://play.google.com/store/apps/details?id=com.trivago&hl=en&gl=us"
""com.alaskaairlines.android","TRAVEL_AND_LOCAL","Alaska Airlines - Travel","5,000,000+","5000000","5563366","5.0","VARY","androidapp@alaskaair.com","http://www.alaskaair.com/content/legal/privacy-policy.aspx","true","TRAVEL_AND_LOCAL","[object Object]","Everyone","false","1724795855000","https://play.google.com/store/apps/details?id=com.alaskaairlines.android&hl=en&gl=us"
""com.disney.wdw.android","TRAVEL_AND_LOCAL","My Disney Experience","5,000,000+","5000000","8578201","10","VARY","app.support@disneyworld.com","https://privacy.thewaltdisneycompany.com/en/current-privacy-policy/","true","TRAVEL_AND_LOCAL","[object Object]","Everyone","false","1723850123000","https://play.google.com/store/apps/details?id=com.disney.wdw.android&hl=en&gl=us"
""com.hopper.mountainview.play","TRAVEL_AND_LOCAL","Hopper: Hotels, Flights & Cars","10,000,000+","10000000","33420396","9","VARY","help@hopper.com","https://hopper.com/legal/privacy-notice","true","TRAVEL_AND_LOCAL","[object Object]","Everyone","false","1725662552000","https://play.google.com/store/apps/details?id=com.hopper.mountainview.play&hl=en&gl=us"
""com.amtrak.rider","TRAVEL_AND_LOCAL","Amtrak","5,000,000+","5000000","7238391","5.1","VARY","MobileTeam@amtrak.com","http://www.amtrak.com/privacy-policy","true","TRAVEL_AND_LOCAL","[object Object]","Everyone","false","1725831601000","https://play.google.com/store/apps/details?id=com.amtrak.rider&hl=en&gl=us"
""ctrip.english","TRAVEL_AND_LOCAL","Trip.com: Book Flights, Hotels","10,000,000+","10000000","36921026","7.0","VARY","en_feedback@trip.com","https://pages.trip.com/service-guideline/privacy-policy-en-us.html","true","TRAVEL_AND_LOCAL","[object Object]","Everyone","false","1725534983000","https://play.google.com/store/apps/details?id=ctrip.english&hl=en&gl=us"
""com.jabamaguest","TRAVEL_AND_LOCAL","جاباما | اجاره ویلا و اقامتگاه","1,000,000+","1000000","2383698","5.0","VARY","app.jabama@gmail.com","https://www.jabama.com/policy","true","TRAVEL_AND_LOCAL","[object Object]","Everyone","false","1724227351000","https://play.google.com/store/apps/details?id=com.jabamaguest&hl=en&gl=us"
""coocent.app.tools.light.flashlight","TRAVEL_AND_LOCAL","Bright LED Flashlight","1,000,000+","1000000","4428155","6.0","VARY","tools.mobnet@gmail.com","https://sites.google.com/view/toolsdevpolicy","true","TRAVEL_AND_LOCAL","[object Object]","Everyone","true","1719538622000","https://play.google.com/store/apps/details?id=coocent.app.tools.light.flashlight&hl=en&gl=us"
""com.ihg.apps.android","TRAVEL_AND_LOCAL","IHG Hotels & Rewards","5,000,000+","5000000","9511967","8.0","VARY","ihgapp@ihg.com","https://www.ihg.com/content/us/en/customer-care/privacy_statement#16","true","TRAVEL_AND_LOCAL","[object Object]","Everyone","false","1724862573000","https://play.google.com/store/apps/details?id=com.ihg.apps.android&hl=en&gl=us"
""com.sygic.familywhere.android","TRAVEL_AND_LOCAL","Find my Phone - Family Locator","10,000,000+","10000000","29271212","5.0","VARY","support@family-locator.com","https://family-locator.com/privacy-policy/","true","TRAVEL_AND_LOCAL","[object Object]","Everyone","false","1725272381000","https://play.google.com/store/apps/details?id=com.sygic.familywhere.android&hl=en&gl=us"
""co.bird.android","TRAVEL_AND_LOCAL","Bird — Ride Electric","10,000,000+","10000000","12547025","7.0","VARY","hello@bird.co","http://www.bird.co/privacy","true","TRAVEL_AND_LOCAL","[object Object]","Everyone","false","1725901299000","https://play.google.com/store/apps/details?id=co.bird.android&hl=en&gl=us"
""com.speedway.mobile","TRAVEL_AND_LOCAL","Speedway Fuel & Speedy Rewards","5,000,000+","5000000","5527875","9","VARY","CustServ@speedway.com","https://www.speedway.com/about/privacy-policy","true","TRAVEL_AND_LOCAL","[object Object]","Everyone","false","1721143260000","https://play.google.com/store/apps/details?id=com.speedway.mobile&hl=en&gl=us"
""com.greyhound.mobile.consumer","TRAVEL_AND_LOCAL","Greyhound: Buy Bus Tickets","1,000,000+","1000000","3592802","6.0","VARY","webmaster@greyhound.com","https://www.greyhound.com/privacy-policy/","true","TRAVEL_AND_LOCAL","[object Object]","Everyone","false","1724922488000","https://play.google.com/store/apps/details?id=com.greyhound.mobile.consumer&hl=en&gl=us"
""com.jetblue.JetBlueAndroid","TRAVEL_AND_LOCAL","JetBlue - Book & manage trips","5,000,000+","5000000","6431846","8.0","VARY","JetBlueAppDev@gmail.com","https://www.jetblue.com/legal/privacy?un_jtt_application_platform=iphone","true","TRAVEL_AND_LOCAL","[object Object]","Everyone","false","1725649877000","https://play.google.com/store/apps/details?id=com.jetblue.JetBlueAndroid&hl=en&gl=us"
""gbis.gbandroid","TRAVEL_AND_LOCAL","GasBuddy: Find & Pay for Gas","10,000,000+","10000000","31392011","8.0","VARY","gbsupport@gasbuddy.com","http://www.gasbuddy.com/privacy/","true","TRAVEL_AND_LOCAL","[object Object]","Everyone","true","1725052145000","https://play.google.com/store/apps/details?id=gbis.gbandroid&hl=en&gl=us"
""com.rover.android","TRAVEL_AND_LOCAL","Rover - Dog Boarding & Walking","1,000,000+","1000000","4543859","8.0","VARY","support+android@rover.com","http://www.rover.com/privacy/","true","TRAVEL_AND_LOCAL","[object Object]","Everyone","false","1724976494000","https://play.google.com/store/apps/details?id=com.rover.android&hl=en&gl=us"
""com.getyourguide.android","TRAVEL_AND_LOCAL","GetYourGuide: Travel & Tickets","10,000,000+","10000000","14911120","8.0","VARY","apps@getyourguide.com","https://www.getyourguide.com/c/mobile-app-privacy","true","TRAVEL_AND_LOCAL","[object Object]","Everyone","false","1725868304000","https://play.google.com/store/apps/details?id=com.getyourguide.android&hl=en&gl=us"
""com.ehi.enterprise.android","TRAVEL_AND_LOCAL","Enterprise Car Rental","1,000,000+","1000000","3921379","10","VARY","fieldsupport@ehi.com","https://privacy.ehi.com/en-us/home.html","true","TRAVEL_AND_LOCAL","[object Object]","Everyone","false","1723474658000","https://play.google.com/store/apps/details?id=com.ehi.enterprise.android&hl=en&gl=us"
""com.gps.maps.me.city.navigation.metro.transit.navigation.live.traffic.weather","TRAVEL_AND_LOCAL","GPS Offline Maps & Navigation","5,000,000+","5000000","6069468","7.0","VARY","rcstudioapps@gmail.com","http://rcstudioapps.blogspot.com/2017/06/privacy-policy.html","true","TRAVEL_AND_LOCAL","[object Object]","Everyone","true","1724131778000","https://play.google.com/store/apps/details?id=com.gps.maps.me.city.navigation.metro.transit.navigation.live.traffic.weather&hl=en&gl=us"
""com.disney.wdpro.dlr","TRAVEL_AND_LOCAL","Disneyland®","5,000,000+","5000000","6247421","10","VARY","app.support@disneyland.com","https://privacy.thewaltdisneycompany.com/en/current-privacy-policy/","true","TRAVEL_AND_LOCAL","[object Object]","Everyone","false","1723850262000","https://play.google.com/store/apps/details?id=com.disney.wdpro.dlr&hl=en&gl=us"
""com.p66.b2c.stationfinder.p66","TRAVEL_AND_LOCAL","Fuel Forward","500,000+","500000","750327","11","VARY","cservice@p66.com","http://www.phillips66.com/EN/utilities/Pages/privacy.aspx","true","TRAVEL_AND_LOCAL","[object Object]","Everyone","false","1718823396000","https://play.google.com/store/apps/details?id=com.p66.b2c.stationfinder.p66&hl=en&gl=us"
""com.mgmresorts.mgmresorts","TRAVEL_AND_LOCAL","MGM Rewards","1,000,000+","1000000","2117230","9","VARY","app@mgmresorts.com","https://www.mgmresorts.com/en/privacy-policy.html","true","TRAVEL_AND_LOCAL","[object Object]","Everyone","false","1725481080000","https://play.google.com/store/apps/details?id=com.mgmresorts.mgmresorts&hl=en&gl=us"
""com.live.earth.map.cam.street.view","TRAVEL_AND_LOCAL","Live Earth Map: Street View 3D","10,000,000+","10000000","11038038","5.0","VARY","droiddeveloper4us@gmail.com","http://www.droid-developer.com/privacy.html","true","TRAVEL_AND_LOCAL","[object Object]","Everyone","true","1724722219000","https://play.google.com/store/apps/details?id=com.live.earth.map.cam.street.view&hl=en&gl=us"
""gov.nps.mobileapp","TRAVEL_AND_LOCAL","National Park Service","1,000,000+","1000000","1307568","7.0","VARY","mobile_apps@nps.gov","https://www.nps.gov/aboutus/privacy.htm","true","TRAVEL_AND_LOCAL","[object Object]","Everyone","false","1725378873000","https://play.google.com/store/apps/details?id=gov.nps.mobileapp&hl=en&gl=us"
""com.vio.mobileapp","TRAVEL_AND_LOCAL","Vio.com: Hotels & travel deals","1,000,000+","1000000","1170203","6.0","VARY","appsupport@vio.com","https://www.vio.com/privacy-policy","true","TRAVEL_AND_LOCAL","[object Object]","Everyone","false","1725430501000","https://play.google.com/store/apps/details?id=com.vio.mobileapp&hl=en&gl=us"
""de.flixbus.app","TRAVEL_AND_LOCAL","FlixBus: Book Bus Tickets","10,000,000+","10000000","34112938","6.0","VARY","app@flixbus.com","https://global.flixbus.com/privacy-policy/app","true","TRAVEL_AND_LOCAL","[object Object]","Everyone","false","1724922433000","https://play.google.com/store/apps/details?id=de.flixbus.app&hl=en&gl=us"
""com.randonautica.app","TRAVEL_AND_LOCAL","Randonautica","10,000,000+","10000000","16222360","VARY","VARY","support@randonauts.com","https://beta.randonautica.com/privacy","true","TRAVEL_AND_LOCAL","[object Object]","Everyone","true","1725706776000","https://play.google.com/store/apps/details?id=com.randonautica.app&hl=en&gl=us"
""com.agoda.mobile.consumer","TRAVEL_AND_LOCAL","Agoda: Cheap Flights & Hotels","50,000,000+","50000000","78814889","7.0","VARY","it-android@agoda.com","http://www.agoda.com/info/agoda_privacy.html","true","TRAVEL_AND_LOCAL","[object Object]","Everyone","false","1725962249000","https://play.google.com/store/apps/details?id=com.agoda.mobile.consumer&hl=en&gl=us"
""com.bah.r1smobile","TRAVEL_AND_LOCAL","Recreation.gov","1,000,000+","1000000","1922868","8.0","VARY","recgovhelp@bah.com","https://www.recreation.gov/privacy-policy","true","TRAVEL_AND_LOCAL","[object Object]","Everyone","false","1724959156000","https://play.google.com/store/apps/details?id=com.bah.r1smobile&hl=en&gl=us"
""com.mobillium.airalo","TRAVEL_AND_LOCAL","Airalo: eSIM Travel & Internet","1,000,000+","1000000","4887186","7.0","VARY","support@airalo.com","https://www.airalo.com/more-info/privacy-policy","true","TRAVEL_AND_LOCAL","[object Object]","Everyone","false","1725658794000","https://play.google.com/store/apps/details?id=com.mobillium.airalo&hl=en&gl=us"
""com.hertz.android.digital","TRAVEL_AND_LOCAL","Hertz Rent-a-Car Deals - Easy!","1,000,000+","1000000","1689814","8.0","VARY","mobilesupport@hertz.com","https://www.hertz.com/rentacar/privacypolicy/index.jsp?targetPage=privacyPolicyView.jsp","true","TRAVEL_AND_LOCAL","[object Object]","Everyone","false","1723045660000","https://play.google.com/store/apps/details?id=com.hertz.android.digital&hl=en&gl=us"
""net.skyscanner.android.main","TRAVEL_AND_LOCAL","Skyscanner Flights Hotels Cars","50,000,000+","50000000","78543408","9","VARY","android@skyscanner.net","https://www.skyscanner.net/privacypolicy.aspx","true","TRAVEL_AND_LOCAL","[object Object]","Everyone","true","1725279249000","https://play.google.com/store/apps/details?id=net.skyscanner.android.main&hl=en&gl=us"
""com.lixar.allegiant","TRAVEL_AND_LOCAL","Allegiant","5,000,000+","5000000","5929574","6.0","VARY","mobiledev@allegiantair.com","https://www.allegiantair.com/privacy-policy","true","TRAVEL_AND_LOCAL","[object Object]","Everyone","false","1725034585000","https://play.google.com/store/apps/details?id=com.lixar.allegiant&hl=en&gl=us"
""com.universalstudios.orlandoresort","TRAVEL_AND_LOCAL","Universal Orlando Resort","5,000,000+","5000000","5147086","8.0","VARY","android@nbcuni.com","https://www.nbcuniversal.com/privacy?intake=Universal_Orlando","true","TRAVEL_AND_LOCAL","[object Object]","Everyone","false","1724936884000","https://play.google.com/store/apps/details?id=com.universalstudios.orlandoresort&hl=en&gl=us"
""com.google.android.apps.maps","TRAVEL_AND_LOCAL","Google Maps","10,000,000,000+","10000000000","16243434001","VARY","VARY","apps-help@google.com","http://www.google.com/policies/privacy","true","TRAVEL_AND_LOCAL","[object Object]","Everyone","true","1725974748000","https://play.google.com/store/apps/details?id=com.google.android.apps.maps&hl=en&gl=us"
""com.kayak.android","TRAVEL_AND_LOCAL","KAYAK: Flights, Hotels & Cars","10,000,000+","10000000","29079051","8.0","VARY","android@kayak.com","https://www.kayak.com/privacy","true","TRAVEL_AND_LOCAL","[object Object]","Everyone","true","1725848140000","https://play.google.com/store/apps/details?id=com.kayak.android&hl=en&gl=us"
""com.fp.cheapoair","TRAVEL_AND_LOCAL","CheapOair: Cheap Flight Deals","5,000,000+","5000000","5170991","6.0","VARY","android_feedback@fareportal.com","https://www.cheapoair.com/info/privacy","true","TRAVEL_AND_LOCAL","[object Object]","Everyone","false","1725025426000","https://play.google.com/store/apps/details?id=com.fp.cheapoair&hl=en&gl=us"
""com.grabtaxi.passenger","TRAVEL_AND_LOCAL","Grab - Taxi & Food Delivery","100,000,000+","100000000","277709438","5.0","VARY","support@grab.com","https://www.grab.com/privacy","true","TRAVEL_AND_LOCAL","[object Object]","Everyone","false","1725333526000","https://play.google.com/store/apps/details?id=com.grabtaxi.passenger&hl=en&gl=us"
""com.avis.androidapp","TRAVEL_AND_LOCAL","Avis Car Rental","1,000,000+","1000000","2269397","6.0","VARY","Mobile.Feedback@avisbudget.com","https://www.avis.com/en/legal-documents/privacy-notice","true","TRAVEL_AND_LOCAL","[object Object]","Everyone","false","1725443271000","https://play.google.com/store/apps/details?id=com.avis.androidapp&hl=en&gl=us"
""com.pgt.veoride","TRAVEL_AND_LOCAL","Veo - Shared Electric Vehicles","500,000+","500000","858802","7.0","VARY","hello@veoride.com","https://www.veoride.com/privacy","true","TRAVEL_AND_LOCAL","[object Object]","Everyone","false","1725845899000","https://play.google.com/store/apps/details?id=com.pgt.veoride&hl=en&gl=us"
""com.ncl.bge","TRAVEL_AND_LOCAL","Cruise Norwegian – NCL","1,000,000+","1000000","1392837","8.1","VARY","mobileappteam@ncl.com","https://www.ncl.com/about-us/privacy-policy","true","TRAVEL_AND_LOCAL","[object Object]","Everyone","false","1724183612000","https://play.google.com/store/apps/details?id=com.ncl.bge&hl=en&gl=us"
""com.sixflags.android","TRAVEL_AND_LOCAL","Six Flags","1,000,000+","1000000","4166834","6.0","VARY","appSupport@sixflags.com","https://www.sixflags.com/national/privacy-policy","true","TRAVEL_AND_LOCAL","[object Object]","Everyone","false","1724892117000","https://play.google.com/store/apps/details?id=com.sixflags.android&hl=en&gl=us"
""com.rvlife.rvlife","TRAVEL_AND_LOCAL","RV LIFE - RV GPS & Campgrounds","500,000+","500000","726999","9","VARY","support@rvlife.com","https://rvlife.com/privacy-statement/","true","TRAVEL_AND_LOCAL","[object Object]","Everyone","true","1724171418000","https://play.google.com/store/apps/details?id=com.rvlife.rvlife&hl=en&gl=us"
""com.wyndhamhotelgroup.wyndhamrewards","TRAVEL_AND_LOCAL","Wyndham Hotels & Resorts","1,000,000+","1000000","2653035","7.0","VARY","wynmobile@wyndham.com","https://www.wyndhamhotels.com/about-us/privacy-notice-more-info","true","TRAVEL_AND_LOCAL","[object Object]","Everyone","false","1723465615000","https://play.google.com/store/apps/details?id=com.wyndhamhotelgroup.wyndhamrewards&hl=en&gl=us"
""info.mta.mymta","TRAVEL_AND_LOCAL","The Official MTA App","1,000,000+","1000000","1094747","7.0","VARY","mta-app@mta.info","https://new.mta.info/privacy-policy","true","TRAVEL_AND_LOCAL","[object Object]","Everyone","false","1725550044000","https://play.google.com/store/apps/details?id=info.mta.mymta&hl=en&gl=us"
""com.Sunpass.Sunpass_Android","TRAVEL_AND_LOCAL","SunPass","1,000,000+","1000000","1597122","5.1","VARY","tpk.apple.developer@dot.state.fl.us","https://www.sunpass.com/privacyPolicy","true","TRAVEL_AND_LOCAL","[object Object]","Everyone","false","1693345458000","https://play.google.com/store/apps/details?id=com.Sunpass.Sunpass_Android&hl=en&gl=us"
""com.Hyatt.hyt","TRAVEL_AND_LOCAL","World of Hyatt","1,000,000+","1000000","2194978","10","VARY","consumeraffairs@hyatt.com","https://www.hyatt.com/hyatt/privacy-policy.jsp","true","TRAVEL_AND_LOCAL","[object Object]","Everyone","false","1725572384000","https://play.google.com/store/apps/details?id=com.Hyatt.hyt&hl=en&gl=us"
""com.tollway","TRAVEL_AND_LOCAL","Illinois Tollway","100,000+","100000","461366","5.0","VARY","info@getipass.com","https://www.illinoistollway.com/privacy-information","true","TRAVEL_AND_LOCAL","[object Object]","Everyone","false","1724336584000","https://play.google.com/store/apps/details?id=com.tollway&hl=en&gl=us"
""com.volaris.android","TRAVEL_AND_LOCAL","Volaris","10,000,000+","10000000","11132937","5.0","VARY","app@volaris.com","https://cms.volaris.com/en/site-information/privacy-notice/","true","TRAVEL_AND_LOCAL","[object Object]","Everyone","false","1725116401000","https://play.google.com/store/apps/details?id=com.volaris.android&hl=en&gl=us"
""pm.spin","TRAVEL_AND_LOCAL","Spin - Electric Scooters","1,000,000+","1000000","2446443","7.0","VARY","support@spin.pm","https://www.spin.app/policies/ca-privacy-policy","true","TRAVEL_AND_LOCAL","[object Object]","Everyone","false","1725901298000","https://play.google.com/store/apps/details?id=pm.spin&hl=en&gl=us"
""com.lufthansa.android.lufthansa","TRAVEL_AND_LOCAL","Lufthansa","10,000,000+","10000000","10393528","10","VARY","mobileservices@dlh.de","https://www.lufthansa.com/de/en/common/privacy-statement","true","TRAVEL_AND_LOCAL","[object Object]","Everyone","true","1725520919000","https://play.google.com/store/apps/details?id=com.lufthansa.android.lufthansa&hl=en&gl=us"
""com.clearme.clearapp","TRAVEL_AND_LOCAL","CLEAR - Travel & Experiences","1,000,000+","1000000","2197936","9","VARY","mobilesupport@clearme.com","https://www.clearme.com/privacy-policy","true","TRAVEL_AND_LOCAL","[object Object]","Everyone","false","1722524250000","https://play.google.com/store/apps/details?id=com.clearme.clearapp&hl=en&gl=us"
""com.saily.android","TRAVEL_AND_LOCAL","Saily: An eSIM travel app","500,000+","500000","639670","9","VARY","support@saily.com","https://saily.com/legal/privacy-policy/","true","TRAVEL_AND_LOCAL","[object Object]","Everyone","false","1725536885000","https://play.google.com/store/apps/details?id=com.saily.android&hl=en&gl=us"
""com.prioritypass3","TRAVEL_AND_LOCAL","Priority Pass™","5,000,000+","5000000","5155789","8.0","VARY","mobile@prioritypass.com","https://www.prioritypass.com/privacy-policy","true","TRAVEL_AND_LOCAL","[object Object]","Everyone","false","1725350396000","https://play.google.com/store/apps/details?id=com.prioritypass3&hl=en&gl=us"
""com.choicehotels.android","TRAVEL_AND_LOCAL","Choice Hotels","1,000,000+","1000000","3688141","7.0","VARY","web.mobilefeedback@choicehotels.com","http://www.choicehotels.com/en/privacypolicy","true","TRAVEL_AND_LOCAL","[object Object]","Everyone","false","1723053892000","https://play.google.com/store/apps/details?id=com.choicehotels.android&hl=en&gl=us"
""com.aircanada","TRAVEL_AND_LOCAL","Air Canada + Aeroplan","1,000,000+","1000000","4811248","8.0","VARY","mobile@aircanada.ca","http://www.aircanada.com/en/about/legal/privacy/policy.html","true","TRAVEL_AND_LOCAL","[object Object]","Everyone","false","1725475717000","https://play.google.com/store/apps/details?id=com.aircanada&hl=en&gl=us"
""com.flightaware.android.liveFlightTracker","TRAVEL_AND_LOCAL","FlightAware Flight Tracker","10,000,000+","10000000","13591556","6.0","VARY","support-android@flightaware.com","https://flightaware.com/about/privacy","true","TRAVEL_AND_LOCAL","[object Object]","Everyone","true","1723670609000","https://play.google.com/store/apps/details?id=com.flightaware.android.liveFlightTracker&hl=en&gl=us"
""com.nbelapro.pro","TRAVEL_AND_LOCAL","Bella Pro","1,000,000+","1000000","2224326","5.0","VARY","wongmorada79@gmail.com","https://sites.google.com/view/bellaproprivacypolicy","true","TRAVEL_AND_LOCAL","[object Object]","Mature 17+","false","1712906892000","https://play.google.com/store/apps/details?id=com.nbelapro.pro&hl=en&gl=us"
""com.streetview.map.directions.gps.navigation","TRAVEL_AND_LOCAL","Street View Map Navigation App","500,000+","500000","761378","5.0","VARY","javed.iqbal787877@gmail.com","https://gpsdriving.blogspot.com/2022/12/street-view-map-directions-app.html","true","TRAVEL_AND_LOCAL","[object Object]","Everyone","true","1725987562000","https://play.google.com/store/apps/details?id=com.streetview.map.directions.gps.navigation&hl=en&gl=us"
""com.hipcamp.pocketknife","TRAVEL_AND_LOCAL","Hipcamp: Camping, RVs & Cabins","500,000+","500000","919701","5.0","VARY","support@hipcamp.com","https://www.hipcamp.com/privacy","true","TRAVEL_AND_LOCAL","[object Object]","Everyone","false","1725398736000","https://play.google.com/store/apps/details?id=com.hipcamp.pocketknife&hl=en&gl=us"
""com.satellitemap.finder.navigation.earthmap.world.voice.livetraffic.direction","TRAVEL_AND_LOCAL","Satellite Map Live Navigation","1,000,000+","1000000","1517568","5.0","VARY","worldmapsandgamsapps@gmail.com","https://sites.google.com/view/gps-driving-voice-navigation/home","true","TRAVEL_AND_LOCAL","[object Object]","Everyone","false","1725432213000","https://play.google.com/store/apps/details?id=com.satellitemap.finder.navigation.earthmap.world.voice.livetraffic.direction&hl=en&gl=us"
""com.klook","TRAVEL_AND_LOCAL","Klook: Travel, Hotels, Leisure","10,000,000+","10000000","15077204","5.0","VARY","info@klook.com","https://www.klook.com/policy/","true","TRAVEL_AND_LOCAL","[object Object]","Everyone","false","1725554989000","https://play.google.com/store/apps/details?id=com.klook&hl=en&gl=us"
""com.wanderlog.android","TRAVEL_AND_LOCAL","Wanderlog - Trip Planner App","1,000,000+","1000000","1696743","8.0","VARY","support@wanderlog.com","https://wanderlog.com/privacy","true","TRAVEL_AND_LOCAL","[object Object]","Everyone","false","1724961987000","https://play.google.com/store/apps/details?id=com.wanderlog.android&hl=en&gl=us"
""com.seaworld.mobile","TRAVEL_AND_LOCAL","SeaWorld","1,000,000+","1000000","2538042","9","VARY","AppSupport@SeaWorld.com","https://seaworldentertainment.com/policies/privacy-policy/","true","TRAVEL_AND_LOCAL","[object Object]","Everyone","false","1724184504000","https://play.google.com/store/apps/details?id=com.seaworld.mobile&hl=en&gl=us"
""com.tokentransit.tokentransit","TRAVEL_AND_LOCAL","Token Transit","500,000+","500000","678582","5.0","VARY","help@tokentransit.com","https://tokentransit.com/privacy","true","TRAVEL_AND_LOCAL","[object Object]","Everyone","false","1697684972000","https://play.google.com/store/apps/details?id=com.tokentransit.tokentransit&hl=en&gl=us"
""taxi.android.client","TRAVEL_AND_LOCAL","FREENOW - Taxi and more","10,000,000+","10000000","22508352","VARY","VARY","info@free-now.com","https://free-now.com/uk/passenger-privacy-policy/","true","TRAVEL_AND_LOCAL","[object Object]","Everyone","false","1725424787000","https://play.google.com/store/apps/details?id=taxi.android.client&hl=en&gl=us"
""com.bestwestern.android","TRAVEL_AND_LOCAL","Best Western To Go","1,000,000+","1000000","1231017","9","VARY","ecommerce@bestwestern.com","http://www.bestwestern.com/includes/privacy.asp","true","TRAVEL_AND_LOCAL","[object Object]","Teen","false","1722443850000","https://play.google.com/store/apps/details?id=com.bestwestern.android&hl=en&gl=us"
""com.goeuro.rosie","TRAVEL_AND_LOCAL","Omio: Train and bus travel app","10,000,000+","10000000","17666818","7.0","VARY","apps-feedback@omio.com","https://www.omio.com/privacy-policy","true","TRAVEL_AND_LOCAL","[object Object]","Everyone","false","1725636337000","https://play.google.com/store/apps/details?id=com.goeuro.rosie&hl=en&gl=us"
""gov.ca.dmv.wallet","TRAVEL_AND_LOCAL","CA DMV Wallet","100,000+","100000","195669","8.0","VARY","CPDPOIBOSS@dmv.ca.gov","https://www.dmv.ca.gov/portal/mobile-drivers-license/mdl-privacy-policy/","true","TRAVEL_AND_LOCAL","[object Object]","Everyone","false","1724449068000","https://play.google.com/store/apps/details?id=gov.ca.dmv.wallet&hl=en&gl=us"
""gov.dhs.cbp.pspd.gem","TRAVEL_AND_LOCAL","Global Entry","100,000+","100000","147163","8.0","VARY","GEMOBILESUPPORT@cbp.dhs.gov","https://www.cbp.gov/site-policy-notices/privacy-policy","true","TRAVEL_AND_LOCAL","[object Object]","Everyone","false","1723465461000","https://play.google.com/store/apps/details?id=gov.dhs.cbp.pspd.gem&hl=en&gl=us"
""com.universalstudios.hollywoodresort","TRAVEL_AND_LOCAL","Universal Studios Hollywood","1,000,000+","1000000","2380193","8.0","VARY","appdistribution@nbcuni.com","https://www.nbcuniversal.com/privacy?intake=Universal_Studios_Hollywood","true","TRAVEL_AND_LOCAL","[object Object]","Everyone","false","1724937346000","https://play.google.com/store/apps/details?id=com.universalstudios.hollywoodresort&hl=en&gl=us"
""com.rccl.celebrity","TRAVEL_AND_LOCAL","Celebrity Cruises","500,000+","500000","912538","7.0","VARY","AppFeedback@celebritycruises.com","https://www.celebritycruises.com/privacy-policy","true","TRAVEL_AND_LOCAL","[object Object]","Everyone","false","1724690517000","https://play.google.com/store/apps/details?id=com.rccl.celebrity&hl=en&gl=us"
""com.idemia.mobileid.us.ny","TRAVEL_AND_LOCAL","New York Mobile ID","50,000+","50000","55513","10","VARY","MobileIDHelp@us.idemia.com","https://na.idemia.com/mid/user-privacy/","true","TRAVEL_AND_LOCAL","[object Object]","Everyone","false","1724090781000","https://play.google.com/store/apps/details?id=com.idemia.mobileid.us.ny&hl=en&gl=us"
""com.caesars.playbytr","TRAVEL_AND_LOCAL","Caesars Rewards Resort Offers","1,000,000+","1000000","1756098","10","VARY","Totalrewards@custhelp.com","https://www.caesars.com/corporate/corporate-social-responsibility/play/privacy","true","TRAVEL_AND_LOCAL","[object Object]","Everyone","false","1724076131000","https://play.google.com/store/apps/details?id=com.caesars.playbytr&hl=en&gl=us"
""com.hoteltonight.android.prod","TRAVEL_AND_LOCAL","HotelTonight: Hotel Deals","5,000,000+","5000000","9666746","8.0","VARY","sleeptight@hoteltonight.com","https://www.hoteltonight.com/privacy/","true","TRAVEL_AND_LOCAL","[object Object]","Everyone","false","1723760303000","https://play.google.com/store/apps/details?id=com.hoteltonight.android.prod&hl=en&gl=us"
""com.easypath.maproute.drivingdirection.streetview","TRAVEL_AND_LOCAL","Easy Rout Map: Navigation Path","5,000,000+","5000000","7460405","5.0","VARY","musghu445566@gmail.com","https://sites.google.com/view/trending-tool/home","true","TRAVEL_AND_LOCAL","[object Object]","Everyone","true","1720529879000","https://play.google.com/store/apps/details?id=com.easypath.maproute.drivingdirection.streetview&hl=en&gl=us"
""com.mobikasaba.carlaandroid","TRAVEL_AND_LOCAL","Carla Book Instantly Pay Later","500,000+","500000","594367","7.0","VARY","carla@rentcarla.com","https://rentcarla.com/privacy-policy","true","TRAVEL_AND_LOCAL","[object Object]","Everyone","false","1724764256000","https://play.google.com/store/apps/details?id=com.mobikasaba.carlaandroid&hl=en&gl=us"
""com.msccruises.mscforme","TRAVEL_AND_LOCAL","MSC for Me","1,000,000+","1000000","2412573","6.0","VARY","web.implementation@msccrociere.it","https://www.msccruises.com/int/privacy","true","TRAVEL_AND_LOCAL","[object Object]","Everyone","false","1725290266000","https://play.google.com/store/apps/details?id=com.msccruises.mscforme&hl=en&gl=us"
""com.thedyrt.wayfinder","TRAVEL_AND_LOCAL","The Dyrt: Tent & RV Camping","1,000,000+","1000000","1583832","9","VARY","support@thedyrt.com","https://thedyrt.com/about/privacy","true","TRAVEL_AND_LOCAL","[object Object]","Teen","true","1725028091000","https://play.google.com/store/apps/details?id=com.thedyrt.wayfinder&hl=en&gl=us"
""com.budget.androidapp","TRAVEL_AND_LOCAL","Budget Car Rental","1,000,000+","1000000","1191164","6.0","VARY","Mobile.Feedback@avisbudget.com","https://www.budget.com/en/legal-documents/privacy-notice","true","TRAVEL_AND_LOCAL","[object Object]","Everyone","true","1725440478000","https://play.google.com/store/apps/details?id=com.budget.androidapp&hl=en&gl=us"
""com.flybreeze.booking","TRAVEL_AND_LOCAL","Breeze Airways","100,000+","100000","345236","5.1","VARY","get@flybreeze.com","https://www.flybreeze.com/privacy_policy","true","TRAVEL_AND_LOCAL","[object Object]","Everyone","false","1723244776000","https://play.google.com/store/apps/details?id=com.flybreeze.booking&hl=en&gl=us"
""com.pricetravel","TRAVEL_AND_LOCAL","PriceTravel","100,000+","100000","316945","5.0","VARY","contacto@pricetravel.com","https://www.pricetravel.com/ayuda/aviso-privacidad","true","TRAVEL_AND_LOCAL","[object Object]","Everyone","false","1724949550000","https://play.google.com/store/apps/details?id=com.pricetravel&hl=en&gl=us"
""com.travelocity.android","TRAVEL_AND_LOCAL","Travelocity Hotels & Flights","5,000,000+","5000000","5599376","8.0","VARY","android@travelocity.com","https://www.travelocity.com/p/info-other/privacy-policy.htm","true","TRAVEL_AND_LOCAL","[object Object]","Everyone","true","1725854323000","https://play.google.com/store/apps/details?id=com.travelocity.android&hl=en&gl=us"
""com.paturnpike.PTCEZPass","TRAVEL_AND_LOCAL","PA Toll Pay","500,000+","500000","584638","5.0","VARY","mobilesupport@ezpass.csc.paturnpike.com","https://www.paturnpike.com/about-us/policies-standards/privacy-policies","true","TRAVEL_AND_LOCAL","[object Object]","Everyone","false","1724092834000","https://play.google.com/store/apps/details?id=com.paturnpike.PTCEZPass&hl=en&gl=us"
""com.m.qr","TRAVEL_AND_LOCAL","Qatar Airways","5,000,000+","5000000","8766042","7.0","VARY","mobilepod@qatarairways.com.qa","http://www.qatarairways.com/us/en/privacy.page","true","TRAVEL_AND_LOCAL","[object Object]","Everyone","false","1725367335000","https://play.google.com/store/apps/details?id=com.m.qr&hl=en&gl=us"
""com.compass.weatherforecast.navigation2021","TRAVEL_AND_LOCAL","Digital Compass for Android","1,000,000+","1000000","2131814","5.0","VARY","pkdungtb@gmail.com","https://docs.google.com/document/d/1FzM0ik78wVgQvRNQ6ag44DuaobOGsU8fTKJSC173np4/edit?usp=sharing","true","TRAVEL_AND_LOCAL","[object Object]","Everyone","true","1721565845000","https://play.google.com/store/apps/details?id=com.compass.weatherforecast.navigation2021&hl=en&gl=us"
""com.digitalchemy.currencyconverter","TRAVEL_AND_LOCAL","Currency Converter Plus","10,000,000+","10000000","12922339","6.0","VARY","CurrencyConverterPlus@digitalchemy.us","https://www.digitalchemy.us/currency-converter-plus/privacy-policy","true","TRAVEL_AND_LOCAL","[object Object]","Everyone","true","1725014746000","https://play.google.com/store/apps/details?id=com.digitalchemy.currencyconverter&hl=en&gl=us"
""com.mapswithme.maps.pro","TRAVEL_AND_LOCAL","MAPS.ME: Offline maps GPS Nav","50,000,000+","50000000","85086338","6.0","VARY","android@maps.me","https://maps.me/policy/","true","TRAVEL_AND_LOCAL","[object Object]","Everyone","false","1724850010000","https://play.google.com/store/apps/details?id=com.mapswithme.maps.pro&hl=en&gl=us"
""com.airfrance.android.dinamoprd","TRAVEL_AND_LOCAL","Air France - Book a flight","5,000,000+","5000000","7154738","8.0","VARY","mail.app.support@airfrance.fr","http://www.airfrance.fr/FR/fr/common/transverse/footer/edito_psc.htm","true","TRAVEL_AND_LOCAL","[object Object]","Everyone","false","1722930586000","https://play.google.com/store/apps/details?id=com.airfrance.android.dinamoprd&hl=en&gl=us"
""com.edreams.travel","TRAVEL_AND_LOCAL","eDreams: Flights, Hotels, Cars","10,000,000+","10000000","15237835","8.0","VARY","customerservice-en@contact.edreams.com","https://www.edreams.com/privacy-policy/","true","TRAVEL_AND_LOCAL","[object Object]","Everyone","false","1725946945000","https://play.google.com/store/apps/details?id=com.edreams.travel&hl=en&gl=us"
""com.conduent.ezpass","TRAVEL_AND_LOCAL","Official E-ZPass NY","500,000+","500000","764147","8.1","VARY","tollsnysupport@ezpassny.com","https://www.e-zpassny.com/en/other/privacy.shtml","true","TRAVEL_AND_LOCAL","[object Object]","Everyone","false","1714099894000","https://play.google.com/store/apps/details?id=com.conduent.ezpass&hl=en&gl=us"
""com.hawaiianairlines.app","TRAVEL_AND_LOCAL","Hawaiian Airlines","500,000+","500000","952789","10","VARY","HAMobileApp@hawaiianair.com","https://www.hawaiianairlines.com/legal/privacy-policy","true","TRAVEL_AND_LOCAL","[object Object]","Everyone","false","1725498089000","https://play.google.com/store/apps/details?id=com.hawaiianairlines.app&hl=en&gl=us"
""de.bmw.connected.mobile20.na","TRAVEL_AND_LOCAL","My BMW","500,000+","500000","513097","9","VARY","imprint.mybmw@bmwgroup.com","https://login.bmwusa.com/pm2/pm-document-service/api/v1link/documents/policyName/MY_BMW_APP_DPP/US/HTML?language=en&KeyId=54394a4b-b6c1-45fe-b7b2-8fd3aa9253aa","true","TRAVEL_AND_LOCAL","[object Object]","Everyone","false","1724955275000","https://play.google.com/store/apps/details?id=de.bmw.connected.mobile20.na&hl=en&gl=us"
""com.turkishairlines.mobile","TRAVEL_AND_LOCAL","Turkish Airlines Flight Ticket","5,000,000+","5000000","8765464","7.0","VARY","mobilefeedback@thy.com","https://p.turkishairlines.com/en-gb/legal-notice/privacy-policy/","true","TRAVEL_AND_LOCAL","[object Object]","Everyone","false","1724845839000","https://play.google.com/store/apps/details?id=com.turkishairlines.mobile&hl=en&gl=us"
""com.erudite.translator","TRAVEL_AND_LOCAL","Instant Voice Translate","5,000,000+","5000000","7850094","5.0","VARY","feedback@erudite.cc","http://www.erudite.cc/privacy-policy/","true","TRAVEL_AND_LOCAL","[object Object]","Everyone","true","1720990935000","https://play.google.com/store/apps/details?id=com.erudite.translator&hl=en&gl=us"
""gov.dhs.tsa.mytsa","TRAVEL_AND_LOCAL","MyTSA","1,000,000+","1000000","1116067","7.0","VARY","tsa-ContactCenter@dhs.gov","https://www.tsa.gov/privacy-policy","true","TRAVEL_AND_LOCAL","[object Object]","Everyone","false","1723571277000","https://play.google.com/store/apps/details?id=gov.dhs.tsa.mytsa&hl=en&gl=us"
""com.buschgardens.mobile","TRAVEL_AND_LOCAL","Busch Gardens","1,000,000+","1000000","1256901","9","VARY","AppSupport@SeaWorld.com","https://seaworldentertainment.com/policies/privacy-policy/","true","TRAVEL_AND_LOCAL","[object Object]","Everyone","false","1724184630000","https://play.google.com/store/apps/details?id=com.buschgardens.mobile&hl=en&gl=us"
""com.c4mprod.voiturelib","TRAVEL_AND_LOCAL","Getaround","1,000,000+","1000000","2060373","6.0","VARY","android@getaround.com","https://en.getaround.com/privacy","true","TRAVEL_AND_LOCAL","[object Object]","Everyone","false","1725261907000","https://play.google.com/store/apps/details?id=com.c4mprod.voiturelib&hl=en&gl=us"
""net.sharewire.Nycdot","TRAVEL_AND_LOCAL","ParkNYC powered by Flowbird","500,000+","500000","856041","6.0","VARY","parknyc@flowbirdapp.com","https://www.parknycapp.com/privacy-policies/","true","TRAVEL_AND_LOCAL","[object Object]","Everyone","false","1721826409000","https://play.google.com/store/apps/details?id=net.sharewire.Nycdot&hl=en&gl=us"
""com.justride.rtddenver","TRAVEL_AND_LOCAL","RTD MyRide","500,000+","500000","544567","6.0","VARY","developer@rtd-denver.com","https://www.rtd-denver.com/fares-passes/mobile-ticketing/mobile-ticketing-privacy-policy","true","TRAVEL_AND_LOCAL","[object Object]","Everyone","false","1712928494000","https://play.google.com/store/apps/details?id=com.justride.rtddenver&hl=en&gl=us"
""app.baly.passenger","TRAVEL_AND_LOCAL","Baly | Order Taxi and Food","1,000,000+","1000000","4173329","7.1","VARY","admin@baly.app","https://baly.iq/privacy-policy-ar/","true","TRAVEL_AND_LOCAL","[object Object]","Everyone","false","1724435232000","https://play.google.com/store/apps/details?id=app.baly.passenger&hl=en&gl=us"
""com.ninebot.segway","TRAVEL_AND_LOCAL","Segway-Ninebot","1,000,000+","1000000","2558806","8.0","VARY","biao.zhang@ninebot.com","https://api5-fra.ninebot.com/h5/privacy_agreement/privacy_new","true","TRAVEL_AND_LOCAL","[object Object]","Everyone","false","1723601997000","https://play.google.com/store/apps/details?id=com.ninebot.segway&hl=en&gl=us"
""com.tripit","TRAVEL_AND_LOCAL","TripIt: Travel Planner","5,000,000+","5000000","6476699","10","VARY","support@tripit.com","http://www.tripit.com/uhp/privacyPolicy","true","TRAVEL_AND_LOCAL","[object Object]","Everyone","false","1723136064000","https://play.google.com/store/apps/details?id=com.tripit&hl=en&gl=us"
""com.rtcsnv.rideRTC","TRAVEL_AND_LOCAL","RideRTC","500,000+","500000","748379","6.0","VARY","ridertc@rtcsnv.com","http://www.rtcsnv.com/about-the-rtc/legal-notices-title-vi/#privacy","true","TRAVEL_AND_LOCAL","[object Object]","Everyone","false","1717082134000","https://play.google.com/store/apps/details?id=com.rtcsnv.rideRTC&hl=en&gl=us"
""com.ionicframework.wagandroid554504","TRAVEL_AND_LOCAL","Wag! - Dog Walkers & Sitters","1,000,000+","1000000","1867405","9","VARY","woofsupport@wagwalking.com","https://wagwalking.com/privacy","true","TRAVEL_AND_LOCAL","[object Object]","Everyone","false","1725558940000","https://play.google.com/store/apps/details?id=com.ionicframework.wagandroid554504&hl=en&gl=us"
""ca.gc.cbsa.coronavirus","TRAVEL_AND_LOCAL","ArriveCAN","5,000,000+","5000000","6943888","7.0","VARY","CBSA.ArriveCAN_Support-Soutien_ArriveCAN.ASFC@cbsa-asfc.gc.ca","https://www.canada.ca/en/border-services-agency/services/arrivecan/canarrive-privacy-notice.html","true","TRAVEL_AND_LOCAL","[object Object]","Everyone","false","1721916467000","https://play.google.com/store/apps/details?id=ca.gc.cbsa.coronavirus&hl=en&gl=us"
""com.vacasa.guests","TRAVEL_AND_LOCAL","Vacasa - Vacation Rentals","500,000+","500000","565137","7.0","VARY","mobileapp@vacasa.com","https://www.vacasa.com/policies","true","TRAVEL_AND_LOCAL","[object Object]","Everyone","false","1721059563000","https://play.google.com/store/apps/details?id=com.vacasa.guests&hl=en&gl=us"
""com.ryanair.cheapflights","TRAVEL_AND_LOCAL","Ryanair","10,000,000+","10000000","44923820","8.0","VARY","androidapp@ryanair.com","https://www.ryanair.com/ie/en/corporate/privacy-policy","true","TRAVEL_AND_LOCAL","[object Object]","Everyone","false","1725985643000","https://play.google.com/store/apps/details?id=com.ryanair.cheapflights&hl=en&gl=us"
""com.ehi.national.mobile","TRAVEL_AND_LOCAL","National Car Rental","1,000,000+","1000000","1411377","8.0","VARY","fieldsupport@ehi.com","https://privacy.ehi.com","true","TRAVEL_AND_LOCAL","[object Object]","Everyone","false","1725284244000","https://play.google.com/store/apps/details?id=com.ehi.national.mobile&hl=en&gl=us"
""com.riu","TRAVEL_AND_LOCAL","RIU Hotels & Resorts","1,000,000+","1000000","2319803","8.0","VARY","appsupport@riu.com","https://www.riu.com/privacy","true","TRAVEL_AND_LOCAL","[object Object]","Everyone","false","1723046240000","https://play.google.com/store/apps/details?id=com.riu&hl=en&gl=us"
""com.afklm.mobile.android.gomobile.klm","TRAVEL_AND_LOCAL","KLM - Book a flight","5,000,000+","5000000","6242830","8.0","VARY","mobile.app@klm.com","http://www.klm.com/travel/NL_en/customer_support/privacy_policy/privacy_policy.htm","true","TRAVEL_AND_LOCAL","[object Object]","Everyone","false","1722933429000","https://play.google.com/store/apps/details?id=com.afklm.mobile.android.gomobile.klm&hl=en&gl=us"
""amresorts.app","TRAVEL_AND_LOCAL","Hyatt Inclusive Collection","100,000+","100000","460418","8.0","VARY","mobilesupport@applelg.net","http://www.amresorts.com/privacy","true","TRAVEL_AND_LOCAL","[object Object]","Everyone","true","1709637356000","https://play.google.com/store/apps/details?id=amresorts.app&hl=en&gl=us"
""com.aga.travelaid.us","TRAVEL_AND_LOCAL","Allyz TravelSmart","100,000+","100000","432245","7.0","VARY","travelsmart@allianz.com","https://www.allianztravelinsurance.com/about/privacy.htm","true","TRAVEL_AND_LOCAL","[object Object]","Everyone","false","1724951611000","https://play.google.com/store/apps/details?id=com.aga.travelaid.us&hl=en&gl=us"
""gov.la.omv.lawallet","TRAVEL_AND_LOCAL","LA Wallet","500,000+","500000","954510","5.0","VARY","info@lawallet.com","https://lawallet.com/privacy/","true","TRAVEL_AND_LOCAL","[object Object]","Everyone","false","1721914935000","https://play.google.com/store/apps/details?id=gov.la.omv.lawallet&hl=en&gl=us"
""com.sixt.reservation","TRAVEL_AND_LOCAL","SIXT rent. share. ride. plus.","5,000,000+","5000000","5730264","9","VARY","reservations@sixt.com","https://www.sixt.de/informationen/datenschutzhinweise/","true","TRAVEL_AND_LOCAL","[object Object]","Everyone","false","1725283962000","https://play.google.com/store/apps/details?id=com.sixt.reservation&hl=en&gl=us"
""com.suncountry.suncountrymobile","TRAVEL_AND_LOCAL","Sun Country Airlines","50,000+","50000","53409","5.0","VARY","webdevadmin@suncountry.com","https://www.suncountry.com/privacy-policy","true","TRAVEL_AND_LOCAL","[object Object]","Everyone","false","1725029191000","https://play.google.com/store/apps/details?id=com.suncountry.suncountrymobile&hl=en&gl=us"
""com.ksturnpike.driveks","TRAVEL_AND_LOCAL","DriveKS","5,000+","5000","7588","6.0","VARY","ktag@ksturnpike.com","https://www.DriveKS.com/privacy-policy","true","TRAVEL_AND_LOCAL","[object Object]","Everyone","false","1723144489000","https://play.google.com/store/apps/details?id=com.ksturnpike.driveks&hl=en&gl=us"
""com.tripactions.alpha","TRAVEL_AND_LOCAL","Navan","100,000+","100000","437399","8.0","VARY","support@navan.com","https://navan.com/privacy/","true","TRAVEL_AND_LOCAL","[object Object]","Everyone","false","1725377391000","https://play.google.com/store/apps/details?id=com.tripactions.alpha&hl=en&gl=us"
""io.walletpasses.android","TRAVEL_AND_LOCAL","WalletPasses | Passbook Wallet","10,000,000+","10000000","15767431","5.0","VARY","support@walletpasses.io","https://walletpasses.io/legal/","true","TRAVEL_AND_LOCAL","[object Object]","Everyone","false","1708958398000","https://play.google.com/store/apps/details?id=io.walletpasses.android&hl=en&gl=us"
""com.apalon.flight.tracker","TRAVEL_AND_LOCAL","Planes Live - Flight Tracker","5,000,000+","5000000","7117178","7.0","VARY","support@planeslive.com","https://support.bendingspoons.com/privacy.html?app=4975079153755043418","true","TRAVEL_AND_LOCAL","[object Object]","Everyone","false","1724860953000","https://play.google.com/store/apps/details?id=com.apalon.flight.tracker&hl=en&gl=us"
""com.aerlingus.mobile","TRAVEL_AND_LOCAL","Aer Lingus App","1,000,000+","1000000","2381868","7.0","VARY","customerqueries@aerlingus.com","https://www.aerlingus.com/support/legal/privacy-statement/","true","TRAVEL_AND_LOCAL","[object Object]","Everyone","false","1725551914000","https://play.google.com/store/apps/details?id=com.aerlingus.mobile&hl=en&gl=us"
""com.bigbustours.bbt","TRAVEL_AND_LOCAL","Big Bus Tours","1,000,000+","1000000","1795024","7.0","VARY","info@bigbustours.com","https://www.bigbustours.com/privacy-policy/","true","TRAVEL_AND_LOCAL","[object Object]","Everyone","false","1721905723000","https://play.google.com/store/apps/details?id=com.bigbustours.bbt&hl=en&gl=us"
""org.sdmts.pronto","TRAVEL_AND_LOCAL","Pronto - San Diego","100,000+","100000","345539","6.0","VARY","customerfeedback@sdmts.com","https://www.ridepronto.com/en/privacy-policy/","true","TRAVEL_AND_LOCAL","[object Object]","Everyone","false","1688991190000","https://play.google.com/store/apps/details?id=org.sdmts.pronto&hl=en&gl=us"
""com.cdbv.nextpass","TRAVEL_AND_LOCAL","NextPass Easy Toll Payments","100,000+","100000","122635","7.0","VARY","support@nextpass.io","https://www.nextpass.io/privacy-policy/","true","TRAVEL_AND_LOCAL","[object Object]","Everyone","false","1722341271000","https://play.google.com/store/apps/details?id=com.cdbv.nextpass&hl=en&gl=us"
""com.ilyabogdanovich.geotracker","TRAVEL_AND_LOCAL","Geo Tracker - GPS tracker","10,000,000+","10000000","10818542","5.0","VARY","support+gplay@geo-tracker.org","https://geo-tracker.org/privacy-policy-app","true","TRAVEL_AND_LOCAL","[object Object]","Everyone","false","1717837508000","https://play.google.com/store/apps/details?id=com.ilyabogdanovich.geotracker&hl=en&gl=us"
""co.bytemark.tgt","TRAVEL_AND_LOCAL","Transit GO Ticket","100,000+","100000","311575","6.0","VARY","android-team@bytemark.co","https://www.bytemark.co/privacy-policy","true","TRAVEL_AND_LOCAL","[object Object]","Everyone","false","1686834622000","https://play.google.com/store/apps/details?id=co.bytemark.tgt&hl=en&gl=us"
""com.vivaaerobus.app","TRAVEL_AND_LOCAL","Viva Aerobus","1,000,000+","1000000","3107472","7.0","VARY","soportevivaapp@vivaaerobus.com","https://www.vivaaerobus.com/es-mx/legal/politica-privacidad-aplicacion","true","TRAVEL_AND_LOCAL","[object Object]","Everyone","false","1725037150000","https://play.google.com/store/apps/details?id=com.vivaaerobus.app&hl=en&gl=us"
""com.campspot.aggregatormobile","TRAVEL_AND_LOCAL","Campspot: RV & Tent Camping","500,000+","500000","609393","7.0","VARY","help@campspot.com","https://www.campspot.com/about/privacy","true","TRAVEL_AND_LOCAL","[object Object]","Everyone","false","1724160560000","https://play.google.com/store/apps/details?id=com.campspot.aggregatormobile&hl=en&gl=us"
""com.kontron.breeze","TRAVEL_AND_LOCAL","Breeze Mobile 2","100,000+","100000","101236","5.0","VARY","support@kptcna.zendesk.com","https://client.itsbreezemobile.com/ftp/static/terms/policy-EN-US.html","true","TRAVEL_AND_LOCAL","[object Object]","Everyone","false","1712840669000","https://play.google.com/store/apps/details?id=com.kontron.breeze&hl=en&gl=us"
""au.gov.homeaffairs.eta","TRAVEL_AND_LOCAL","AustralianETA","1,000,000+","1000000","1090950","9","VARY","mobile.apps@homeaffairs.gov.au","https://www.homeaffairs.gov.au/access-and-accountability/our-commitments/plans-and-charters/privacy-policy","true","TRAVEL_AND_LOCAL","[object Object]","Everyone","false","1716179062000","https://play.google.com/store/apps/details?id=au.gov.homeaffairs.eta&hl=en&gl=us"
""mg.locations.track5","TRAVEL_AND_LOCAL","Phone Tracker by Number","50,000,000+","50000000","84764098","6.0","VARY","devteam@onelocator.com","https://www.locatorprivacy.com","true","TRAVEL_AND_LOCAL","[object Object]","Everyone","true","1725277691000","https://play.google.com/store/apps/details?id=mg.locations.track5&hl=en&gl=us"
""com.hometogo","TRAVEL_AND_LOCAL","Vacation Rentals - HomeToGo","1,000,000+","1000000","3812341","8.0","VARY","info@hometogo.com","https://www.hometogo.com/legal/#dataprotection","true","TRAVEL_AND_LOCAL","[object Object]","Everyone","false","1725870577000","https://play.google.com/store/apps/details?id=com.hometogo&hl=en&gl=us"
""com.ravn.freebee","TRAVEL_AND_LOCAL","Ride Freebee","100,000+","100000","228342","6.0","VARY","info@ridefreebee.com","http://ridefreebee.com/privacy/","true","TRAVEL_AND_LOCAL","[object Object]","Everyone","true","1725568890000","https://play.google.com/store/apps/details?id=com.ravn.freebee&hl=en&gl=us"
""com.koa.mobileapp","TRAVEL_AND_LOCAL","KOA | RV, Cabin & Tent Camping","500,000+","500000","992827","5.0","VARY","apps@koa.com","http://koa.com/privacy","true","TRAVEL_AND_LOCAL","[object Object]","Everyone","false","1723472973000","https://play.google.com/store/apps/details?id=com.koa.mobileapp&hl=en&gl=us"
""com.myorca.myorca","TRAVEL_AND_LOCAL","myORCA","100,000+","100000","136446","5.0","VARY","info@myorca.com","https://myorca.com/privacy/","true","TRAVEL_AND_LOCAL","[object Object]","Everyone","false","1712597037000","https://play.google.com/store/apps/details?id=com.myorca.myorca&hl=en&gl=us"
""com.emirates.ek.android","TRAVEL_AND_LOCAL","Emirates","5,000,000+","5000000","8413908","9","VARY","theemiratesapp@emirates.com","https://www.emirates.com/english/information/privacy-policy/","true","TRAVEL_AND_LOCAL","[object Object]","Everyone","false","1725880382000","https://play.google.com/store/apps/details?id=com.emirates.ek.android&hl=en&gl=us"
""com.moh.nusukapp","TRAVEL_AND_LOCAL","Nusuk | نسك","1,000,000+","1000000","4070611","7.0","VARY","hajcc@haj.gov.sa","https://www.nusuk.sa/terms-and-conditions","true","TRAVEL_AND_LOCAL","[object Object]","Everyone","false","1720274111000","https://play.google.com/store/apps/details?id=com.moh.nusukapp&hl=en&gl=us"
""com.mapzonestudio.gps.navigation.live.map.voice.translator","TRAVEL_AND_LOCAL","GPS Navigation Live Map Road","10,000,000+","10000000","19959704","5.0","VARY","mabubakar33770@gmail.com","https://sites.google.com/view/map-zone-studio/home","true","TRAVEL_AND_LOCAL","[object Object]","Everyone","true","1725527638000","https://play.google.com/store/apps/details?id=com.mapzonestudio.gps.navigation.live.map.voice.translator&hl=en&gl=us"
""com.dayuse_hotels.dayuseus","TRAVEL_AND_LOCAL","Dayuse: Hotel rooms by day","500,000+","500000","851441","6.0","VARY","contact@dayuse.com","https://www.dayuse.co.uk/pages/dayuse/data-privacy","true","TRAVEL_AND_LOCAL","[object Object]","Mature 17+","false","1725461779000","https://play.google.com/store/apps/details?id=com.dayuse_hotels.dayuseus&hl=en&gl=us"
""com.disney.playdisneyparks.goo","TRAVEL_AND_LOCAL","Play Disney Parks","1,000,000+","1000000","1558091","8.0","VARY","play.support@disneyparks.com","https://privacy.thewaltdisneycompany.com/en/","true","TRAVEL_AND_LOCAL","[object Object]","Everyone","true","1715982466000","https://play.google.com/store/apps/details?id=com.disney.playdisneyparks.goo&hl=en&gl=us"
""com.pioneerproperties.travelnursehousing","TRAVEL_AND_LOCAL","Furnished Finder","100,000+","100000","199432","7.0","VARY","customerservice@furnishedfinder.com","https://www.furnishedfinder.com/privacy","true","TRAVEL_AND_LOCAL","[object Object]","Everyone","false","1725886980000","https://play.google.com/store/apps/details?id=com.pioneerproperties.travelnursehousing&hl=en&gl=us"
""com.disney.cruise.sept_goo","TRAVEL_AND_LOCAL","Disney Cruise Line Navigator","500,000+","500000","875483","9","VARY","app.support@disneycruise.com","https://privacy.thewaltdisneycompany.com/en/current-privacy-policy/","true","TRAVEL_AND_LOCAL","[object Object]","Everyone","false","1724693256000","https://play.google.com/store/apps/details?id=com.disney.cruise.sept_goo&hl=en&gl=us"
""com.orbitz","TRAVEL_AND_LOCAL","Orbitz Hotels & Flights","5,000,000+","5000000","6426556","8.0","VARY","android@orbitz.com","https://www.orbitz.com/p/info-other/privacy-policy.htm","true","TRAVEL_AND_LOCAL","[object Object]","Everyone","false","1725854116000","https://play.google.com/store/apps/details?id=com.orbitz&hl=en&gl=us"
""com.passportparking.mobile.parkingkitty","TRAVEL_AND_LOCAL","Parking Kitty","100,000+","100000","378153","4.4","VARY","support@gopassport.com","https://parkingkitty.com/privacy-policy/","true","TRAVEL_AND_LOCAL","[object Object]","Everyone","false","1679076766000","https://play.google.com/store/apps/details?id=com.passportparking.mobile.parkingkitty&hl=en&gl=us"
""com.usebounce","TRAVEL_AND_LOCAL","Bounce: Luggage Storage Nearby","500,000+","500000","501861","8.0","VARY","team@usebounce.com","https://usebounce.com/legal/privacy","true","TRAVEL_AND_LOCAL","[object Object]","Everyone","false","1725971734000","https://play.google.com/store/apps/details?id=com.usebounce&hl=en&gl=us"
""com.icelandair.mobile.app.android","TRAVEL_AND_LOCAL","Icelandair","100,000+","100000","334486","8.0","VARY","mobile-app@icelandair.is","https://www.icelandair.com/support/terms-and-conditions/privacy-policy/","true","TRAVEL_AND_LOCAL","[object Object]","Everyone","false","1723803382000","https://play.google.com/store/apps/details?id=com.icelandair.mobile.app.android&hl=en&gl=us"
""areamovil.aviancataca","TRAVEL_AND_LOCAL","avianca","5,000,000+","5000000","5886925","8.1","VARY","soporte.app@avianca.com","http://www.avianca.com/us/es/politica-privacidad.html","true","TRAVEL_AND_LOCAL","[object Object]","Everyone","false","1725632338000","https://play.google.com/store/apps/details?id=areamovil.aviancataca&hl=en&gl=us"
""kulana.tools.vacationcountdown","TRAVEL_AND_LOCAL","Vacation Countdown App","5,000,000+","5000000","5480675","8.0","VARY","apps@kulanamedia.com","http://www.kulanamedia.com/apps/privacy.html","true","TRAVEL_AND_LOCAL","[object Object]","Everyone","true","1724279915000","https://play.google.com/store/apps/details?id=kulana.tools.vacationcountdown&hl=en&gl=us"
""com.citypass.my","TRAVEL_AND_LOCAL","My CityPASS","100,000+","100000","245342","5.0","VARY","webmaster@citypass.com","https://www.citypass.com/privacy","true","TRAVEL_AND_LOCAL","[object Object]","Everyone","false","1717525301000","https://play.google.com/store/apps/details?id=com.citypass.my&hl=en&gl=us"
""com.shre.unitymobile.prod","TRAVEL_AND_LOCAL","Unity by Hard Rock","100,000+","100000","184798","6.0","VARY","customercare@unitybyhardrock.com","https://www.unitybyhardrock.com/privacy-policy","true","TRAVEL_AND_LOCAL","[object Object]","Mature 17+","false","1725465875000","https://play.google.com/store/apps/details?id=com.shre.unitymobile.prod&hl=en&gl=us"
""co.piontech.mobile.phone.number.locator","TRAVEL_AND_LOCAL","Mobile Number Locator","5,000,000+","5000000","7419043","7.0","VARY","dreamgiant999@gmail.com","https://sites.google.com/view/number-locator-privacy-policy","true","TRAVEL_AND_LOCAL","[object Object]","Everyone","true","1725518107000","https://play.google.com/store/apps/details?id=co.piontech.mobile.phone.number.locator&hl=en&gl=us"
""com.bcycle","TRAVEL_AND_LOCAL","BCycle","100,000+","100000","364817","12","VARY","app@bcycle.com","https://www.bcycle.com/terms","true","TRAVEL_AND_LOCAL","[object Object]","Everyone","false","1725656116000","https://play.google.com/store/apps/details?id=com.bcycle&hl=en&gl=us"
""com.oyo.consumer","TRAVEL_AND_LOCAL","OYO: Hotel Booking App","50,000,000+","50000000","91036454","6.0","VARY","appfeedbacksupport@oyorooms.com","https://www.oyorooms.com/privacy-policy/","true","TRAVEL_AND_LOCAL","[object Object]","Everyone","false","1725818141000","https://play.google.com/store/apps/details?id=com.oyo.consumer&hl=en&gl=us"
""com.nclh.ncl_mobile","TRAVEL_AND_LOCAL","Norwegian Cruise Line","1,000+","1000","4109","6.0","VARY","product.team@ncl.com","https://www.ncl.com/about-us/privacy-policy","true","TRAVEL_AND_LOCAL","[object Object]","Everyone","false","1725631673000","https://play.google.com/store/apps/details?id=com.nclh.ncl_mobile&hl=en&gl=us"
""com.tourlandish.chronos","TRAVEL_AND_LOCAL","Headout: Travel Experiences","500,000+","500000","934409","5.0","VARY","hi@headout.com","https://www.headout.com/privacy-policy","true","TRAVEL_AND_LOCAL","[object Object]","Everyone","false","1725716434000","https://play.google.com/store/apps/details?id=com.tourlandish.chronos&hl=en&gl=us"
""co.bytemark.nycf","TRAVEL_AND_LOCAL","NYC Ferry","100,000+","100000","354340","7.0","VARY","apps@hornblower.com","https://www.bytemark.co/privacy-policy","true","TRAVEL_AND_LOCAL","[object Object]","Everyone","false","1725554368000","https://play.google.com/store/apps/details?id=co.bytemark.nycf&hl=en&gl=us"
""com.my6.android","TRAVEL_AND_LOCAL","My6 - Book & Save","100,000+","100000","443362","6.0","VARY","My6AppFeedback@motel6.com","https://www.motel6.com/en/home/app/privacy-policy.html","true","TRAVEL_AND_LOCAL","[object Object]","Everyone","false","1724251297000","https://play.google.com/store/apps/details?id=com.my6.android&hl=en&gl=us"
""net.easypark.android","TRAVEL_AND_LOCAL","EasyPark - Parking made easy","10,000,000+","10000000","19411207","6.0","VARY","support@easypark.net","https://www.easypark.com/en-se/privacy-policy","true","TRAVEL_AND_LOCAL","[object Object]","Everyone","false","1724423776000","https://play.google.com/store/apps/details?id=net.easypark.android&hl=en&gl=us"
""com.thefreeride.rider","TRAVEL_AND_LOCAL","Ride Circuit","100,000+","100000","218006","5.0","VARY","info@ridecircuit.com","http://ridecircuit.com/terms","true","TRAVEL_AND_LOCAL","[object Object]","Everyone","false","1717573327000","https://play.google.com/store/apps/details?id=com.thefreeride.rider&hl=en&gl=us"
""com.daon.glide.person.android","TRAVEL_AND_LOCAL","VeriFLY: Fast Digital Identity","1,000,000+","1000000","3299980","5.0","VARY","info@myVeriFLY.com","https://myverifly.com/#/privacy","true","TRAVEL_AND_LOCAL","[object Object]","Everyone","false","1683277176000","https://play.google.com/store/apps/details?id=com.daon.glide.person.android&hl=en&gl=us"
""com.aeromexico.app","TRAVEL_AND_LOCAL","Aeromexico","5,000,000+","5000000","5098300","8.1","VARY","dpedraza@aeromexico.com","https://www.aeromexico.com/es-mx/informacion-legal","true","TRAVEL_AND_LOCAL","[object Object]","Everyone","false","1725747153000","https://play.google.com/store/apps/details?id=com.aeromexico.app&hl=en&gl=us"
""com.justride.metrolink","TRAVEL_AND_LOCAL","Metrolink","500,000+","500000","547372","5.1","VARY","mticketing@scrra.net","http://www.metrolinktrains.com/help/page/title/privacy_policy","true","TRAVEL_AND_LOCAL","[object Object]","Everyone","false","1709710212000","https://play.google.com/store/apps/details?id=com.justride.metrolink&hl=en&gl=us"
""com.rdh.mulligan.myelevation","TRAVEL_AND_LOCAL","My Elevation","1,000,000+","1000000","2068304","7.0","VARY","rdhsoftware@gmail.com","https://rdhsoftware.com/privacy/my_elevation_privacy_policy.html","true","TRAVEL_AND_LOCAL","[object Object]","Everyone","true","1723296307000","https://play.google.com/store/apps/details?id=com.rdh.mulligan.myelevation&hl=en&gl=us"
""com.idemia.mobileid.us.az","TRAVEL_AND_LOCAL","Arizona Mobile ID","100,000+","100000","429576","6.0","VARY","info@us.idemia.com","https://www.idemia-mobile-id.com/enduserprivacy","true","TRAVEL_AND_LOCAL","[object Object]","Everyone","false","1719502424000","https://play.google.com/store/apps/details?id=com.idemia.mobileid.us.az&hl=en&gl=us"
""net.osmand","TRAVEL_AND_LOCAL","OsmAnd — Maps & GPS Offline","10,000,000+","10000000","12262964","7.0","VARY","support@osmand.net","https://osmand.net/docs/legal/privacy-policy/","true","TRAVEL_AND_LOCAL","[object Object]","Everyone","false","1723145094000","https://play.google.com/store/apps/details?id=net.osmand&hl=en&gl=us"
""com.mttnow.android.copa.production","TRAVEL_AND_LOCAL","Copa Airlines","1,000,000+","1000000","2773935","8.0","VARY","copaapp@copaair.com","https://www.copaair.com/en-gs/legal/terms-and-conditions/privacy-policy/","true","TRAVEL_AND_LOCAL","[object Object]","Everyone","false","1723767669000","https://play.google.com/store/apps/details?id=com.mttnow.android.copa.production&hl=en&gl=us"
""com.samchristiansen.ioverlander.droid","TRAVEL_AND_LOCAL","iOverlander Legacy","1,000,000+","1000000","1335201","4.4","VARY","support@ioverlander.com","http://blog.ioverlander.com/terms-and-conditions/","true","TRAVEL_AND_LOCAL","[object Object]","Everyone","false","1725034982000","https://play.google.com/store/apps/details?id=com.samchristiansen.ioverlander.droid&hl=en&gl=us"
""com.skypicker.main","TRAVEL_AND_LOCAL","Kiwi.com - Book Cheap Flights","5,000,000+","5000000","8221765","9","VARY","support@kiwi.com","https://www.kiwi.com/privacy","true","TRAVEL_AND_LOCAL","[object Object]","Everyone","false","1725894078000","https://play.google.com/store/apps/details?id=com.skypicker.main&hl=en&gl=us"
""com.resortpass.app","TRAVEL_AND_LOCAL","ResortPass","100,000+","100000","153355","8.0","VARY","concierge@resortpass.com","https://www.resortpass.com/privacy-policy","true","TRAVEL_AND_LOCAL","[object Object]","Everyone","false","1721475381000","https://play.google.com/store/apps/details?id=com.resortpass.app&hl=en&gl=us"
""com.iberia.android","TRAVEL_AND_LOCAL","Iberia","1,000,000+","1000000","4795896","7.0","VARY","iberia.com-mobileapps@iberia.es","https://www.iberia.com/es/privacy-information/","true","TRAVEL_AND_LOCAL","[object Object]","Everyone","false","1725434894000","https://play.google.com/store/apps/details?id=com.iberia.android&hl=en&gl=us"
""com.ricksteves.audioeurope","TRAVEL_AND_LOCAL","Rick Steves Audio Europe ™","500,000+","500000","547966","VARY","VARY","bizdev@ricksteves.com","https://www.ricksteves.com/about-us/privacy-policy","true","TRAVEL_AND_LOCAL","[object Object]","Everyone","false","1725043086000","https://play.google.com/store/apps/details?id=com.ricksteves.audioeurope&hl=en&gl=us"
""app.sindibad.android","TRAVEL_AND_LOCAL","Sindibad: Flights and Hotels","500,000+","500000","768347","5.0","VARY","marhaba@sindibad.iq","https://sindibad.iq/en/privacy","true","TRAVEL_AND_LOCAL","[object Object]","Everyone","false","1725194510000","https://play.google.com/store/apps/details?id=app.sindibad.android&hl=en&gl=us"
""com.transatel.selfcare.ubigi","TRAVEL_AND_LOCAL","Ubigi: Travel eSIM & data plan","500,000+","500000","628613","7.0","VARY","dev.Android@transatel.com","https://www.ubigi.com/legal-notice","true","TRAVEL_AND_LOCAL","[object Object]","Everyone","false","1722874376000","https://play.google.com/store/apps/details?id=com.transatel.selfcare.ubigi&hl=en&gl=us"
""com.google.android.apps.photos","WATCH_FACE","Google Photos","10,000,000,000+","10000000000","10290135071","VARY","VARY","apps-help@google.com","http://www.google.com/policies/privacy","true","PHOTOGRAPHY","[object Object]","Everyone","false","1725491774000","https://play.google.com/store/apps/details?id=com.google.android.apps.photos&hl=en&gl=us"
""com.jeremysteckling.facerrel","WATCH_FACE","Facer Watch Faces","10,000,000+","10000000","17285342","6.0","VARY","hello@facer.io","https://www.facer.io/privacy","true","PERSONALIZATION","[object Object]","Everyone","true","1724854907000","https://play.google.com/store/apps/details?id=com.jeremysteckling.facerrel&hl=en&gl=us"
""com.watchfacestudio.v12","WATCH_FACE","TOP GUN - hybrid watch face","500,000+","500000","909944","11","VARY","vyronwf@gmail.com","https://sites.google.com/view/vyron","true","PERSONALIZATION","[object Object]","Everyone","false","1724136152000","https://play.google.com/store/apps/details?id=com.watchfacestudio.v12&hl=en&gl=us"
""com.recreative.outdoor","WATCH_FACE","Outdoor - Mountain & Sea","100,000+","100000","265366","VARY","VARY","support@recreative-watch.com","https://www.recreative-watch.com/privacy-policy/","true","PERSONALIZATION","[object Object]","Everyone","true","1723458427000","https://play.google.com/store/apps/details?id=com.recreative.outdoor&hl=en&gl=us"
""com.watchfacestudio.craft01_latukom","WATCH_FACE","Hybrid LATUKOM WS 1 Watch face","50,000+","50000","65749","VARY","VARY","lab.x.two@gmail.com","https://sites.google.com/view/watchcraftpolicy","true","PERSONALIZATION","[object Object]","Everyone","false","1721737608000","https://play.google.com/store/apps/details?id=com.watchfacestudio.craft01_latukom&hl=en&gl=us"
""com.watchfacestudio.ficture_reflecto_light","WATCH_FACE","Ficture Reflecto Light","100,000+","100000","102745","VARY","VARY","ficture@gmail.com","https://docs.google.com/document/d/19O2MvPVTpKHaad1fRENjdHlOVwlR1aVt8nhz9hyWtCI/edit?usp=sharing","true","PERSONALIZATION","[object Object]","Everyone","false","1724435330000","https://play.google.com/store/apps/details?id=com.watchfacestudio.ficture_reflecto_light&hl=en&gl=us"
""com.pujie.watchfaces","WATCH_FACE","Watch Faces - Pujie","10,000+","10000","40076","8.0","VARY","info@pujie.io","https://pujie.io/legal/privacy","true","PERSONALIZATION","[object Object]","Everyone","false","1724776905000","https://play.google.com/store/apps/details?id=com.pujie.watchfaces&hl=en&gl=us"
""com.inbody2014.inbody","WATCH_FACE","InBody","1,000,000+","1000000","4933916","VARY","VARY","homehealth@inbody.com","https://appapikr.lookinbody.com/html/app_ko/privacy_220913.html","true","HEALTH_AND_FITNESS","[object Object]","Everyone","false","1724997087000","https://play.google.com/store/apps/details?id=com.inbody2014.inbody&hl=en&gl=us"
""com.zaheer.scifi","WATCH_FACE","Sci-Fi Digital Watch Face","50,000+","50000","55282","VARY","VARY","zaheer6110@gmail.com","https://zaheer6111.wordpress.com/privacy-policy-terms-of-use-applications/","true","PERSONALIZATION","[object Object]","Everyone","false","1721804777000","https://play.google.com/store/apps/details?id=com.zaheer.scifi&hl=en&gl=us"
""com.watch.face.wallpaper","WATCH_FACE","Watch Face Wallpaper","100,000+","100000","399822","VARY","VARY","appvillage.publishing@gmail.com","https://appvillage.com.vn/privacy.txt","true","PERSONALIZATION","[object Object]","Everyone","true","1725442441000","https://play.google.com/store/apps/details?id=com.watch.face.wallpaper&hl=en&gl=us"
""com.watchfacestudio.lihtnes024","WATCH_FACE","Sporty Watch Face 024","50,000+","50000","99027","VARY","VARY","tweeec@gmail.com","http://www.lihtnes.com/privacy.html","true","PRODUCTIVITY","[object Object]","Everyone","false","1724862163000","https://play.google.com/store/apps/details?id=com.watchfacestudio.lihtnes024&hl=en&gl=us"
""com.luxsank.analogclassic","WATCH_FACE","Analog Classic - Luxsank","500,000+","500000","589870","VARY","VARY","luxsank.watchfaces@gmail.com","https://sites.google.com/view/luxsank","true","PERSONALIZATION","[object Object]","Everyone","true","1722288369000","https://play.google.com/store/apps/details?id=com.luxsank.analogclassic&hl=en&gl=us"
""com.watchfacestudio.wfp225_brutal","WATCH_FACE","WFP 225 Hybrid watch face","100,000+","100000","147336","VARY","VARY","samsung.wfp@gmail.com","https://sites.google.com/view/wfp-privacypolicy","true","PERSONALIZATION","[object Object]","Everyone","false","1723101318000","https://play.google.com/store/apps/details?id=com.watchfacestudio.wfp225_brutal&hl=en&gl=us"
""com.watchfacestudio.PER009_Mesaa","WATCH_FACE","Sport Watch Face PER009 Mesa","10,000+","10000","34440","VARY","VARY","support@persona-wf.com","https://www.iubenda.com/privacy-policy/43337107","true","PERSONALIZATION","[object Object]","Everyone","false","1724082137000","https://play.google.com/store/apps/details?id=com.watchfacestudio.PER009_Mesaa&hl=en&gl=us"
""slide.watchFrenzy","WATCH_FACE","WatchMaker Watch Faces","5,000,000+","5000000","5330858","VARY","VARY","help@getwatchmaker.com","https://getwatchmaker.com/privacy","true","PERSONALIZATION","[object Object]","Everyone","false","1724930806000","https://play.google.com/store/apps/details?id=slide.watchFrenzy&hl=en&gl=us"
""com.gywatchface.gyd003","WATCH_FACE","GYD003 | Digital watchface","50,000+","50000","79739","VARY","VARY","gy.watchface@gmail.com","https://sites.google.com/view/gy-watchface-privacy/","true","PERSONALIZATION","[object Object]","Everyone","false","1722691125000","https://play.google.com/store/apps/details?id=com.gywatchface.gyd003&hl=en&gl=us"
""com.watchfacestudio.s4urconefree","WATCH_FACE","S4U RC ONE - Basic watch face","100,000+","100000","300250","VARY","VARY","wear@s4u-watches.com","https://www.s4u-watches.com/privacy","true","PERSONALIZATION","[object Object]","Everyone","false","1723373089000","https://play.google.com/store/apps/details?id=com.watchfacestudio.s4urconefree&hl=en&gl=us"
""watch.richface.androidwear.jubilee","WATCH_FACE","RF Jubilee Watch Face Preview","1,000+","1000","1883","VARY","VARY","richface.watch@gmail.com","https://richface.watch/privacy","true","PERSONALIZATION","[object Object]","Everyone","true","1725537229000","https://play.google.com/store/apps/details?id=watch.richface.androidwear.jubilee&hl=en&gl=us"
""com.watchfacestudio.blaine021","WATCH_FACE","Blaine 021 Hybrid Watch Face","50,000+","50000","58951","VARY","VARY","contact.blainewf@gmail.com","https://www.freeprivacypolicy.com/live/24688fd7-6832-484a-b687-ee7e394d5559","true","PERSONALIZATION","[object Object]","Everyone","false","1703870797000","https://play.google.com/store/apps/details?id=com.watchfacestudio.blaine021&hl=en&gl=us"
""com.watchfacestudio.lihtnes044","WATCH_FACE","Health Watch Face 044","100,000+","100000","210989","VARY","VARY","tweeec@gmail.com","http://www.lihtnes.com/privacy.html","true","PERSONALIZATION","[object Object]","Everyone","false","1724862748000","https://play.google.com/store/apps/details?id=com.watchfacestudio.lihtnes044&hl=en&gl=us"
""com.space.galaxy.galaxy3d.watchface.wear","WATCH_FACE","3D Galaxy Watch Face","1,000+","1000","3938","11","VARY","viddroid19@gmail.com","https://viddroidsystemprivacypolicy.wordpress.com/","true","PERSONALIZATION","[object Object]","Everyone","true","1725369209000","https://play.google.com/store/apps/details?id=com.space.galaxy.galaxy3d.watchface.wear&hl=en&gl=us"
""com.recreative.recreative01","WATCH_FACE","Minimal & Simple Watch - RE","500,000+","500000","620808","VARY","VARY","support@recreative-watch.com","https://www.recreative-watch.com/privacy-policy/","true","PERSONALIZATION","[object Object]","Everyone","true","1725095561000","https://play.google.com/store/apps/details?id=com.recreative.recreative01&hl=en&gl=us"
""com.watch.richface.challenger","WATCH_FACE","Challenger Watch Face","1,000,000+","1000000","2088904","VARY","VARY","richface.watch@gmail.com","http://www.richface.watch/privacy.php","true","PERSONALIZATION","[object Object]","Everyone","true","1723939802000","https://play.google.com/store/apps/details?id=com.watch.richface.challenger&hl=en&gl=us"
""fr.thema.wear.watch.minimalistpixel","WATCH_FACE","Simple Pixel Watch Face","500,000+","500000","787895","VARY","VARY","thema.apps@gmail.com","http://www.themaapps.com/privacy-policy/","true","PERSONALIZATION","[object Object]","Everyone","true","1721576646000","https://play.google.com/store/apps/details?id=fr.thema.wear.watch.minimalistpixel&hl=en&gl=us"
""com.watchfacestudio.ballozi.skynox.watchface","WATCH_FACE","Ballozi SKYNOX Analog","50,000+","50000","82723","VARY","VARY","balloziwatchface@gmail.com","https://sites.google.com/view/ballozi/","true","PERSONALIZATION","[object Object]","Everyone","false","1721794934000","https://play.google.com/store/apps/details?id=com.watchfacestudio.ballozi.skynox.watchface&hl=en&gl=us"
""com.watchfacestudio.md266","WATCH_FACE","MD266 Classic Watch Face","100,000+","100000","124151","VARY","VARY","support@mdwatchfaces.com","https://www.matteodinimd.com/privacy/","true","PERSONALIZATION","[object Object]","Everyone","false","1725611413000","https://play.google.com/store/apps/details?id=com.watchfacestudio.md266&hl=en&gl=us"
""watch.richface.androidwear.fazer","WATCH_FACE","Fazer Watch Face","10,000+","10000","19997","VARY","VARY","richface.watch@gmail.com","https://richface.watch/privacy","true","PERSONALIZATION","[object Object]","Everyone","false","1723458476000","https://play.google.com/store/apps/details?id=watch.richface.androidwear.fazer&hl=en&gl=us"
""com.watchfacedesigns.Vanish","WATCH_FACE","Vanishing Hour - Watch Face","100,000+","100000","336229","VARY","VARY","designs.watchface@gmail.com","https://sites.google.com/view/watchface-designs/privacy-policy","true","PERSONALIZATION","[object Object]","Everyone","false","1723297891000","https://play.google.com/store/apps/details?id=com.watchfacedesigns.Vanish&hl=en&gl=us"
""com.sparkistic.photowear","WATCH_FACE","PhotoWear Classic Watch Face","1,000,000+","1000000","4527539","VARY","VARY","support@squeaky.dog","https://squeaky.dog/privacy/","true","PERSONALIZATION","[object Object]","Everyone","false","1707275544000","https://play.google.com/store/apps/details?id=com.sparkistic.photowear&hl=en&gl=us"
""com.watchfacestudio.sg_61","WATCH_FACE","SG-61","50,000+","50000","70887","VARY","VARY","sgwatchdesign@gmail.com","https://docs.google.com/document/d/e/2PACX-1vSc7EVTyBr5UATortufxfcRjOudvThE5vNI__m9_sHbinyqUD0Zw1mKf_PZAspEiDJMgm8qMAQf5NZ0/pub","true","PERSONALIZATION","[object Object]","Everyone","false","1723005478000","https://play.google.com/store/apps/details?id=com.watchfacestudio.sg_61&hl=en&gl=us"
""com.samsung.sree","WATCH_FACE","Samsung Global Goals","500,000,000+","500000000","698427254","VARY","VARY","sgg.support@samsung.com","http://www.samsungglobalgoals.com/pp","true","EDUCATION","[object Object]","Everyone","true","1720680788000","https://play.google.com/store/apps/details?id=com.samsung.sree&hl=en&gl=us"
""com.watchfacestudio.per015","WATCH_FACE","Sport Watch Face PER015 Luna","100,000+","100000","187153","VARY","VARY","support@persona-wf.com","https://www.iubenda.com/privacy-policy/43337107","true","PERSONALIZATION","[object Object]","Everyone","false","1722352193000","https://play.google.com/store/apps/details?id=com.watchfacestudio.per015&hl=en&gl=us"
""com.watchfacestudio.sg_sport_2","WATCH_FACE","SG Sport 2","50,000+","50000","61391","VARY","VARY","sgwatchdesign@gmail.com","https://docs.google.com/document/d/e/2PACX-1vSc7EVTyBr5UATortufxfcRjOudvThE5vNI__m9_sHbinyqUD0Zw1mKf_PZAspEiDJMgm8qMAQf5NZ0/pub","true","PERSONALIZATION","[object Object]","Everyone","false","1723457313000","https://play.google.com/store/apps/details?id=com.watchfacestudio.sg_sport_2&hl=en&gl=us"
""com.watchfacestudio.sh098","WATCH_FACE","SH098 Watch Face, WearOS watch","1,000+","1000","4425","VARY","VARY","shardswf@gmail.com","https://sites.google.com/view/shardsprivacypolicy","true","PERSONALIZATION","[object Object]","Everyone","false","1723666449000","https://play.google.com/store/apps/details?id=com.watchfacestudio.sh098&hl=en&gl=us"
""com.watchfacestudio.lihtnes001","WATCH_FACE","Lihtnes Watch Face 001","100,000+","100000","145868","VARY","VARY","tweeec@gmail.com","http://www.lihtnes.com/privacy.html","true","PERSONALIZATION","[object Object]","Everyone","false","1724859300000","https://play.google.com/store/apps/details?id=com.watchfacestudio.lihtnes001&hl=en&gl=us"
""fr.thema.wear.watch.flower","WATCH_FACE","Flower Watch Face","500,000+","500000","860593","VARY","VARY","thema.apps@gmail.com","http://www.themaapps.com/privacy-policy/","true","PERSONALIZATION","[object Object]","Everyone","true","1721578072000","https://play.google.com/store/apps/details?id=fr.thema.wear.watch.flower&hl=en&gl=us"
""com.sixty9design.magicroad2","WATCH_FACE","[69D] Magic Road 2  watch face","1,000+","1000","3384","VARY","VARY","69designpl@gmail.com","https://sites.google.com/view/69design-privacypolicy/strona-g%C5%82%C3%B3wna","true","PERSONALIZATION","[object Object]","Everyone","false","1722777668000","https://play.google.com/store/apps/details?id=com.sixty9design.magicroad2&hl=en&gl=us"
""com.watchfacestudio.minimalblack1","WATCH_FACE","Minimal Black Watch Face","50,000+","50000","61555","VARY","VARY","watches.regarder@gmail.com","https://regarderwatchfaces.framer.website/page","true","PERSONALIZATION","[object Object]","Everyone","false","1714067201000","https://play.google.com/store/apps/details?id=com.watchfacestudio.minimalblack1&hl=en&gl=us"
""com.watchfacestudio.lihtnes019","WATCH_FACE","Sports Watch Face 019","50,000+","50000","55056","VARY","VARY","tweeec@gmail.com","http://www.lihtnes.com/privacy.html","true","PERSONALIZATION","[object Object]","Everyone","false","1724860896000","https://play.google.com/store/apps/details?id=com.watchfacestudio.lihtnes019&hl=en&gl=us"
""com.watchfacestudio.otsa4silver2","WATCH_FACE","OT | Analog Watch Face 4 S","50,000+","50000","66810","VARY","VARY","jeremy.sod.1@gmail.com","https://docs.google.com/document/d/e/2PACX-1vRD1TD2vX9qqlFtMpgGSLYLGgOPCMvzjy-tQ_x75GOwStYxDlyNwTzyHFGrms55YQxP0kgJlvcg9I5n/pub","true","PERSONALIZATION","[object Object]","Everyone","false","1724742985000","https://play.google.com/store/apps/details?id=com.watchfacestudio.otsa4silver2&hl=en&gl=us"
""com.watchfacedesigns.Rotate","WATCH_FACE","Rotate - Digital Watch Face","50,000+","50000","98003","VARY","VARY","designs.watchface@gmail.com","https://sites.google.com/view/watchface-designs/privacy-policy","true","PERSONALIZATION","[object Object]","Everyone","false","1724234999000","https://play.google.com/store/apps/details?id=com.watchfacedesigns.Rotate&hl=en&gl=us"
""com.gluroo.app","WATCH_FACE","Gluroo: Diabetes Log Tracker","10,000+","10000","44165","VARY","VARY","info@gluroo.com","https://www.gluroo.com/privacy.html","true","HEALTH_AND_FITNESS","[object Object]","Everyone","false","1724340799000","https://play.google.com/store/apps/details?id=com.gluroo.app&hl=en&gl=us"
""com.benoitletondor.pixelminimalwatchface","WATCH_FACE","Minimal Watch Faces","1,000,000+","1000000","2036599","7.1","VARY","support.pixelwatchface@zipoapps.com","https://zipoapps.com/pixelwatchface/privacy","true","PERSONALIZATION","[object Object]","Everyone","true","1725521330000","https://play.google.com/store/apps/details?id=com.benoitletondor.pixelminimalwatchface&hl=en&gl=us"
""lunarmoonphasewatchface.fullmoonviewonmywatch.moonplanetartwatchfaces","WATCH_FACE","Lunar Moon Phase Watch Faces","10,000+","10000","14970","VARY","VARY","sarashvp18@gmail.com","https://sites.google.com/view/systorso-inc-privacy-policy","true","PERSONALIZATION","[object Object]","Everyone","true","1719213605000","https://play.google.com/store/apps/details?id=lunarmoonphasewatchface.fullmoonviewonmywatch.moonplanetartwatchfaces&hl=en&gl=us"
""com.watchfacestudio.ac24","WATCH_FACE","Analog Classic 24 Wear OS 4+","50,000+","50000","91341","VARY","VARY","osmanqadir78@gmail.com","https://osmanqadir78.blogspot.com/p/privacy-policy-analog-classic-24-for.html","true","PERSONALIZATION","[object Object]","Everyone","false","1723845930000","https://play.google.com/store/apps/details?id=com.watchfacestudio.ac24&hl=en&gl=us"
""com.watchfacestudio.sunlight","WATCH_FACE","Sunlight Watch Face","10,000+","10000","29123","11","VARY","cavera.de@gmail.com","https://www.freeprivacypolicy.com/live/1a7c7de5-8215-4b03-8f62-09359485e919","true","PERSONALIZATION","[object Object]","Everyone","false","1690289941000","https://play.google.com/store/apps/details?id=com.watchfacestudio.sunlight&hl=en&gl=us"
""com.myzone.myzoneble","WATCH_FACE","Myzone","500,000+","500000","902036","VARY","VARY","appfeedback@myzone.org","https://www.myzone.org/privacy-policy-services","true","HEALTH_AND_FITNESS","[object Object]","Everyone","false","1724761684000","https://play.google.com/store/apps/details?id=com.myzone.myzoneble&hl=en&gl=us"
""neonwatchface.neonlightwatch.neonsignwatchfaces","WATCH_FACE","Neon Glow Watch Faces","10,000+","10000","28884","VARY","VARY","sarashvp18@gmail.com","https://sites.google.com/view/systorso-inc-privacy-policy","true","PERSONALIZATION","[object Object]","Everyone","true","1708928884000","https://play.google.com/store/apps/details?id=neonwatchface.neonlightwatch.neonsignwatchfaces&hl=en&gl=us"
""com.sparkine.watchfaces","WATCH_FACE","Muviz Watch Faces Collection","100,000+","100000","264857","8.0","VARY","support@sparkine.com","https://sparkine.com/privacy/watch-faces.html","true","PERSONALIZATION","[object Object]","Everyone","true","1724323694000","https://play.google.com/store/apps/details?id=com.sparkine.watchfaces&hl=en&gl=us"
""com.watchfacestudio.awfwave","WATCH_FACE","Wave: Wear OS Watch face","500,000+","500000","634908","VARY","VARY","support@amoledwatchfaces.com","https://amoledwatchfaces.com/privacy","true","PERSONALIZATION","[object Object]","Everyone","false","1720422291000","https://play.google.com/store/apps/details?id=com.watchfacestudio.awfwave&hl=en&gl=us"
""watch.richface.androidwear.metrix","WATCH_FACE","Metrix Watch Face","100,000+","100000","372406","6.0","VARY","richface.watch@gmail.com","https://richface.watch/privacy","true","PERSONALIZATION","[object Object]","Everyone","true","1706046789000","https://play.google.com/store/apps/details?id=watch.richface.androidwear.metrix&hl=en&gl=us"
""wfs.wtw.m13b10free","WATCH_FACE","WTW M13B10 Basic watch face","50,000+","50000","50569","VARY","VARY","wtw.watchface@gmail.com","https://sites.google.com/view/wtwprivacypolicy/home","true","PERSONALIZATION","[object Object]","Everyone","false","1723077276000","https://play.google.com/store/apps/details?id=wfs.wtw.m13b10free&hl=en&gl=us"
""com.watchfacestudio.samwatch_basic_2_2021","WATCH_FACE","SamWatch Basic 2 2024","50,000+","50000","51875","VARY","VARY","help@samtree.kr","https://sites.google.com/view/samtreeprovacy/%ED%99%88","true","PERSONALIZATION","[object Object]","Everyone","false","1721893401000","https://play.google.com/store/apps/details?id=com.watchfacestudio.samwatch_basic_2_2021&hl=en&gl=us"
""com.gywatchface.gyh007","WATCH_FACE","GYH007: Hybrid watchface","10,000+","10000","32243","VARY","VARY","gy.watchface@gmail.com","https://sites.google.com/view/gy-watchface-privacy/","true","PERSONALIZATION","[object Object]","Everyone","true","1722686878000","https://play.google.com/store/apps/details?id=com.gywatchface.gyh007&hl=en&gl=us"
""com.watchfacestudio.per003_signatra","WATCH_FACE","Retro Digital PER003 Signatra","10,000+","10000","19891","VARY","VARY","support@persona-wf.com","https://www.iubenda.com/privacy-policy/43337107","true","PERSONALIZATION","[object Object]","Everyone","false","1722354204000","https://play.google.com/store/apps/details?id=com.watchfacestudio.per003_signatra&hl=en&gl=us"
""com.watchfacestudio.kf154","WATCH_FACE","KF154 WATCH FACE","5,000+","5000","7571","VARY","VARY","KFwatchfaces2023@gmail.com","https://sites.google.com/view/kfprivacypolice/","true","PERSONALIZATION","[object Object]","Everyone","false","1724602938000","https://play.google.com/store/apps/details?id=com.watchfacestudio.kf154&hl=en&gl=us"
""com.amoledwatchfaces.digitalinformer","WATCH_FACE","Digital Informer: Watch face","100,000+","100000","138638","VARY","VARY","support@amoledwatchfaces.com","https://amoledwatchfaces.com/privacy","true","PERSONALIZATION","[object Object]","Everyone","false","1720428292000","https://play.google.com/store/apps/details?id=com.amoledwatchfaces.digitalinformer&hl=en&gl=us"
""com.GD.Minimal","WATCH_FACE","Minimal Watch Face","50,000+","50000","72375","VARY","VARY","galaxywatchdesign@gmail.com","https://sites.google.com/view/galaxywatchdesign/home","true","PERSONALIZATION","[object Object]","Everyone","false","1721831672000","https://play.google.com/store/apps/details?id=com.GD.Minimal&hl=en&gl=us"
""watch.richface.androidwear.novus","WATCH_FACE","Novus WatchFace","100,000+","100000","295804","6.0","VARY","richface.watch@gmail.com","http://richface.watch/privacy.php","true","PERSONALIZATION","[object Object]","Everyone","true","1707777195000","https://play.google.com/store/apps/details?id=watch.richface.androidwear.novus&hl=en&gl=us"
""com.watch.richface.ultra","WATCH_FACE","Ultra Watch Face","1,000,000+","1000000","1098307","6.0","VARY","richface.watch@gmail.com","http://www.richface.watch/privacy.php","true","PERSONALIZATION","[object Object]","Everyone","true","1703629987000","https://play.google.com/store/apps/details?id=com.watch.richface.ultra&hl=en&gl=us"
""com.apposter.watchmaker","WATCH_FACE","TIMEFLIK Watch Face","10,000,000+","10000000","11958510","VARY","VARY","help@apposter.com","https://d32fit0uacb1a0.cloudfront.net/timeflik/eula-en.txt","true","PERSONALIZATION","[object Object]","Everyone","true","1724640481000","https://play.google.com/store/apps/details?id=com.apposter.watchmaker&hl=en&gl=us"
""com.bosenko.watchface.marinecaptain","WATCH_FACE","Marine Captain Watch Face","10,000+","10000","20292","VARY","VARY","marinecaptain@bosenko.com","https://bosenko.com/marine_captain/","true","PERSONALIZATION","[object Object]","Everyone","false","1722097568000","https://play.google.com/store/apps/details?id=com.bosenko.watchface.marinecaptain&hl=en&gl=us"
""com.watchfacestudio.goldensimple","WATCH_FACE","Golden Simple Classic Watch","10,000+","10000","27801","11","VARY","g.alx.mr@gmail.com","http://talexwatch.com/privacy.html","true","PERSONALIZATION","[object Object]","Everyone","false","1712590472000","https://play.google.com/store/apps/details?id=com.watchfacestudio.goldensimple&hl=en&gl=us"
""com.mahmoudzadah.watchface.arabic.premium","WATCH_FACE","Arabic Premium Watchface","50,000+","50000","56629","VARY","VARY","hello@mahmoudzadah.com","https://mahmoudzadah.com/privacy-policy","true","PERSONALIZATION","[object Object]","Everyone","false","1724680832000","https://play.google.com/store/apps/details?id=com.mahmoudzadah.watchface.arabic.premium&hl=en&gl=us"
""com.watchfacestudio.ey01","WATCH_FACE","EY01 Flowers Watch Face","10,000+","10000","11227","VARY","VARY","erlyenwatch@gmail.com","https://www.erlyenwatch.com/","true","PERSONALIZATION","[object Object]","Everyone","false","1705004863000","https://play.google.com/store/apps/details?id=com.watchfacestudio.ey01&hl=en&gl=us"
""com.futorum.w5","WATCH_FACE","Weather watch face W5","100,000+","100000","316727","9","VARY","support@futorum.com","https://futorum.com/privacy-apps","true","WEATHER","[object Object]","Everyone","false","1723889471000","https://play.google.com/store/apps/details?id=com.futorum.w5&hl=en&gl=us"
""com.watchfacestudio.ai_code_black_F","WATCH_FACE","AI Code Black F","10,000+","10000","24288","VARY","VARY","pocary70@gmail.com","https://sites.google.com/view/AIwatch-privacy-policy/","true","PERSONALIZATION","[object Object]","Everyone","false","1721740580000","https://play.google.com/store/apps/details?id=com.watchfacestudio.ai_code_black_F&hl=en&gl=us"
""com.gs.watchface.halloween","WATCH_FACE","GS Halloween Animated Face","10,000+","10000","10810","VARY","VARY","support@gswatchfaces.com","https://www.gswatchfaces.com/privacy-policy/","true","PERSONALIZATION","[object Object]","Everyone","false","1718009802000","https://play.google.com/store/apps/details?id=com.gs.watchface.halloween&hl=en&gl=us"
""com.recreative.pumpkinframe","WATCH_FACE","Autumn Frame & Halloween","500+","500","952","VARY","VARY","support@recreative-watch.com","https://www.recreative-watch.com/privacy-policy/","true","PERSONALIZATION","[object Object]","Everyone","true","1723134068000","https://play.google.com/store/apps/details?id=com.recreative.pumpkinframe&hl=en&gl=us"
""com.watchfacestudio.chromebasic","WATCH_FACE","Chrome Basic Watch Face","10,000+","10000","15668","9","VARY","qsang20@gmail.com","https://studioqxd.netlify.app/privacy","true","PERSONALIZATION","[object Object]","Everyone","false","1663330284000","https://play.google.com/store/apps/details?id=com.watchfacestudio.chromebasic&hl=en&gl=us"
""com.recreative.recreative23","WATCH_FACE","Military Classic - Army - RE23","100,000+","100000","271794","VARY","VARY","support@recreative-watch.com","https://www.recreative-watch.com/privacy-policy/","true","PERSONALIZATION","[object Object]","Everyone","true","1722952348000","https://play.google.com/store/apps/details?id=com.recreative.recreative23&hl=en&gl=us"
""com.ammarptn.willow.digital.watch.face","WATCH_FACE","Willow - Photo Watch face","1,000,000+","1000000","1142645","7.1","VARY","support@ammarptn.com","https://willow-production.firebaseapp.com/privacy_policy.html","true","PERSONALIZATION","[object Object]","Everyone","false","1722570259000","https://play.google.com/store/apps/details?id=com.ammarptn.willow.digital.watch.face&hl=en&gl=us"
""com.watchfacestudio.s4urconeusa","WATCH_FACE","S4U RC ONE - USA watch face","50,000+","50000","62381","VARY","VARY","wear@s4u-watches.com","https://www.s4u-watches.com/privacy","true","PERSONALIZATION","[object Object]","Everyone","false","1724332807000","https://play.google.com/store/apps/details?id=com.watchfacestudio.s4urconeusa&hl=en&gl=us"
""com.karzt.kz01digital","WATCH_FACE","KZ01 - Digital Watch face","10,000+","10000","21135","VARY","VARY","hallo@karzt.nl","https://karzt.nl/privacypolicyKZ01Digital","true","PERSONALIZATION","[object Object]","Everyone","false","1676052006000","https://play.google.com/store/apps/details?id=com.karzt.kz01digital&hl=en&gl=us"
""fr.thema.wear.watch.summerflower","WATCH_FACE","Summer Flower Watch Face","10,000+","10000","14497","VARY","VARY","thema.apps@gmail.com","http://www.themaapps.com/privacy-policy/","true","PERSONALIZATION","[object Object]","Everyone","true","1721575239000","https://play.google.com/store/apps/details?id=fr.thema.wear.watch.summerflower&hl=en&gl=us"
""com.watchfacestudio.az251halloweenwatch","WATCH_FACE","AZ251 Halloween Watch","1,000+","1000","3944","VARY","VARY","lsdtwocb@gmail.com","https://watch-face-app-by-al.flycricket.io/privacy.html","true","PERSONALIZATION","[object Object]","Everyone","false","1666798188000","https://play.google.com/store/apps/details?id=com.watchfacestudio.az251halloweenwatch&hl=en&gl=us"
""com.cogulplanet.watchfacestudio.autumnblossom","WATCH_FACE","Autumn Blossom_Watchface","1,000+","1000","3114","9","VARY","mail@cogul.co.kr","https://cogul.co.kr/terms/?id=watchface_privacypolicy","true","PERSONALIZATION","[object Object]","Everyone","true","1675384809000","https://play.google.com/store/apps/details?id=com.cogulplanet.watchfacestudio.autumnblossom&hl=en&gl=us"
""fr.thema.wear.watch.feisar","WATCH_FACE","Feisar Watch Face","1,000,000+","1000000","1369564","VARY","VARY","thema.apps@gmail.com","http://www.themaapps.com/privacy-policy/","true","PERSONALIZATION","[object Object]","Everyone","true","1721333505000","https://play.google.com/store/apps/details?id=fr.thema.wear.watch.feisar&hl=en&gl=us"
""com.citadelle_du_web.custom_luxury_watchface","WATCH_FACE","Custom Luxury Watchface","100,000+","100000","170725","8.0","VARY","citadelle.du.web@gmail.com","https://citadelle-du-web.com/projects/custom-luxury-watchface/privacy_policy.html","true","PERSONALIZATION","[object Object]","Everyone","false","1723250722000","https://play.google.com/store/apps/details?id=com.citadelle_du_web.custom_luxury_watchface&hl=en&gl=us"
""com.watchfacestudio.per004_nova","WATCH_FACE","Sport Watch Face PER004 Nova","10,000+","10000","10858","VARY","VARY","support@persona-wf.com","https://www.iubenda.com/privacy-policy/43337107","true","PERSONALIZATION","[object Object]","Everyone","false","1722354565000","https://play.google.com/store/apps/details?id=com.watchfacestudio.per004_nova&hl=en&gl=us"
""sk.trupici.gwatch.wear","WATCH_FACE","G-Watch Wear App","50,000+","50000","75633","VARY","VARY","trupici.sk@gmail.com","https://www.freeprivacypolicy.com/live/de147a2f-2118-439b-ba63-1d0b26e53a5d","true","HEALTH_AND_FITNESS","[object Object]","Everyone","false","1701105698000","https://play.google.com/store/apps/details?id=sk.trupici.gwatch.wear&hl=en&gl=us"
""com.primedesign.galaxywatchface","WATCH_FACE","Galaxy Watch Face","1,000+","1000","2108","VARY","VARY","primedesignideas@gmail.com","https://docs.google.com/document/d/1WmVJbsrGjM4HapvQ761vPhButBjrex2GIzOUz-dFK9g","true","PERSONALIZATION","[object Object]","Everyone","false","1724801605000","https://play.google.com/store/apps/details?id=com.primedesign.galaxywatchface&hl=en&gl=us"
""com.watchfacestudio.samwatch_basic_2021","WATCH_FACE","SamWatch Basic 2024","10,000+","10000","11397","VARY","VARY","help@samtree.kr","https://sites.google.com/view/samtreeprovacy/%ED%99%88","true","PERSONALIZATION","[object Object]","Everyone","false","1721893233000","https://play.google.com/store/apps/details?id=com.watchfacestudio.samwatch_basic_2021&hl=en&gl=us"
""skullwatchface.scaryskullonwearoswatch.neonskullartwatchfaces","WATCH_FACE","Skull Watchface: Wear OS Watch","10,000+","10000","19942","VARY","VARY","sarashvp18@gmail.com","https://sites.google.com/view/systorso-inc-privacy-policy","true","PERSONALIZATION","[object Object]","Everyone","true","1703592738000","https://play.google.com/store/apps/details?id=skullwatchface.scaryskullonwearoswatch.neonskullartwatchfaces&hl=en&gl=us"
""huskydev.android.watchface.halloween","WATCH_FACE","Halloween Watch Face HuskyDEV","10,000+","10000","11118","VARY","VARY","huskydevcz@gmail.com","https://mediation-project-d483b.web.app/privacy-policy.html","true","PERSONALIZATION","[object Object]","Everyone","true","1723034496000","https://play.google.com/store/apps/details?id=huskydev.android.watchface.halloween&hl=en&gl=us"
""watch.richface.androidwear.cyber","WATCH_FACE","Cyber Watch Face","500,000+","500000","526938","6.0","VARY","richface.watch@gmail.com","http://www.richface.watch/privacy.php","true","PRODUCTIVITY","[object Object]","Everyone","true","1706049919000","https://play.google.com/store/apps/details?id=watch.richface.androidwear.cyber&hl=en&gl=us"
""time.flies.nebula","WATCH_FACE","Nebula Watch Face","100,000+","100000","191227","VARY","VARY","mg23apps@gmail.com","https://docs.google.com/document/d/1s5jpql66C62ibBNPmQtmm3fv9qQJbbj4Uz1tZtlistI/edit?usp=sharing","true","PERSONALIZATION","[object Object]","Everyone","false","1725273088000","https://play.google.com/store/apps/details?id=time.flies.nebula&hl=en&gl=us"
""com.watchfacestudio.NeonShatter","WATCH_FACE","Wear OS Watch Neon Shatte","100,000+","100000","119937","VARY","VARY","georgkingwatch@gmail.com","https://sites.google.com/view/georgking","true","PERSONALIZATION","[object Object]","Everyone","false","1695380168000","https://play.google.com/store/apps/details?id=com.watchfacestudio.NeonShatter&hl=en&gl=us"
""com.amoledwatchfaces.simpledigital","WATCH_FACE","Simple Digital Watch Face","100,000+","100000","488860","VARY","VARY","support@amoledwatchfaces.com","https://amoledwatchfaces.com/privacy","true","PERSONALIZATION","[object Object]","Everyone","false","1720416312000","https://play.google.com/store/apps/details?id=com.amoledwatchfaces.simpledigital&hl=en&gl=us"
""com.watchfacestudio.digital_rubik_animation","WATCH_FACE","Pump Up The Flame Animated","10,000+","10000","29790","VARY","VARY","info@weinbrandt.de","https://sites.google.com/view/hirnverbrandt-wf/privacy-policy","true","PERSONALIZATION","[object Object]","Everyone","false","1722427015000","https://play.google.com/store/apps/details?id=com.watchfacestudio.digital_rubik_animation&hl=en&gl=us"
""com.watchfacestudio.awfmnmlthin","WATCH_FACE","MNML Thin Watch face","500,000+","500000","731223","VARY","VARY","support@amoledwatchfaces.com","https://amoledwatchfaces.com/privacy","true","PERSONALIZATION","[object Object]","Everyone","false","1720351600000","https://play.google.com/store/apps/details?id=com.watchfacestudio.awfmnmlthin&hl=en&gl=us"
""com.watchfacestudio.zion_blue","WATCH_FACE","ZION Blue - digital watch face","100,000+","100000","360169","VARY","VARY","info@enkeidesignstudio.com","https://www.enkeidesignstudio.com/privacy-policy","true","PERSONALIZATION","[object Object]","Everyone","false","1722517102000","https://play.google.com/store/apps/details?id=com.watchfacestudio.zion_blue&hl=en&gl=us"
""com.watchfacestudio.wdesignwos125","WATCH_FACE","W-Design WOS125 - Watch Face","10,000+","10000","40214","VARY","VARY","erman.cem@gmail.com","https://www.cemapps.com/watch-face-privacy-policy","true","PERSONALIZATION","[object Object]","Everyone","false","1723616477000","https://play.google.com/store/apps/details?id=com.watchfacestudio.wdesignwos125&hl=en&gl=us"
""dyna.logix.bookmarkbubbles","WATCH_FACE","Bubble Cloud Wear OS Launcher","1,000,000+","1000000","2198517","VARY","VARY","bcwhelp@gmail.com","https://bubble.dynalogix.eu/privacy-policy.html","true","PERSONALIZATION","[object Object]","Everyone","true","1697453804000","https://play.google.com/store/apps/details?id=dyna.logix.bookmarkbubbles&hl=en&gl=us"
""com.orhanyapici.mnm","WATCH_FACE","MNM","10,000+","10000","17931","VARY","VARY","orhandevice@gmail.com","https://docs.google.com/document/d/1giENqa7-x4sPa6LHYVoGTqybD31jcMn6a8zjXfyiYuk/edit?usp=sharing","true","PERSONALIZATION","[object Object]","Everyone","false","1686953188000","https://play.google.com/store/apps/details?id=com.orhanyapici.mnm&hl=en&gl=us"
""com.cogulplanet.watchfacestudio.colorfulskulltattoo","WATCH_FACE","Colorful Skull_Watchface","1,000+","1000","4588","9","VARY","mail@cogul.co.kr","https://cogul.co.kr/terms/?id=watchface_privacypolicy","true","PERSONALIZATION","[object Object]","Everyone","true","1675393098000","https://play.google.com/store/apps/details?id=com.cogulplanet.watchfacestudio.colorfulskulltattoo&hl=en&gl=us"
""com.watchfacestudio.wfp1","WATCH_FACE","WFP 239 Ultra watch face","100,000+","100000","131996","VARY","VARY","samsung.wfp@gmail.com","https://sites.google.com/view/wfp-privacypolicy","true","PERSONALIZATION","[object Object]","Everyone","false","1723104410000","https://play.google.com/store/apps/details?id=com.watchfacestudio.wfp1&hl=en&gl=us"
""watch.richface.androidwear.digitec","WATCH_FACE","Digitec Watch Face","500,000+","500000","567456","VARY","VARY","richface.watch@gmail.com","http://www.richface.watch/privacy.php","true","PERSONALIZATION","[object Object]","Everyone","true","1710980735000","https://play.google.com/store/apps/details?id=watch.richface.androidwear.digitec&hl=en&gl=us"
""com.futorum.h6","WATCH_FACE","Futorum H6 Digital watch face","100,000+","100000","311614","9","VARY","support@futorum.com","https://futorum.com/privacy-apps","true","PERSONALIZATION","[object Object]","Everyone","false","1702227177000","https://play.google.com/store/apps/details?id=com.futorum.h6&hl=en&gl=us"
""fr.thema.wear.watch.butterfly","WATCH_FACE","Butterfly Watch Face","100,000+","100000","241878","VARY","VARY","thema.apps@gmail.com","http://www.themaapps.com/privacy-policy/","true","PERSONALIZATION","[object Object]","Everyone","true","1721576350000","https://play.google.com/store/apps/details?id=fr.thema.wear.watch.butterfly&hl=en&gl=us"
""com.watchfacestudio.perslot_06","WATCH_FACE","ULTRA-2","1,000+","1000","2483","VARY","VARY","gpandkorea@gmail.com","https://perslot.kr/member/privacy.html","true","PERSONALIZATION","[object Object]","Everyone","false","1722061380000","https://play.google.com/store/apps/details?id=com.watchfacestudio.perslot_06&hl=en&gl=us"
""com.rzrdesign.ticboy","WATCH_FACE","Atomic Tic Watch Face","1,000+","1000","2612","VARY","VARY","rzrshrpstudio@gmail.com","https://doc-hosting.flycricket.io/razorsharp-studio-watchfaces-privacy-policy/a8dfde50-0949-449d-ad26-036a393fba32/privacy","true","PERSONALIZATION","[object Object]","Everyone","false","1724060649000","https://play.google.com/store/apps/details?id=com.rzrdesign.ticboy&hl=en&gl=us"
""autumnwatchfaceforestscene.animatedautumnweatheronwatch.beautifulautumnwatchfaces","WATCH_FACE","Autumn Watchface: Forest Scene","100+","100","440","VARY","VARY","mehuld0991@gmail.com","https://mdinnovative.wordpress.com","true","PERSONALIZATION","[object Object]","Everyone","true","1708091293000","https://play.google.com/store/apps/details?id=autumnwatchfaceforestscene.animatedautumnweatheronwatch.beautifulautumnwatchfaces&hl=en&gl=us"
""fr.thema.wear.watch.destroy","WATCH_FACE","Destroy Watch Face","500,000+","500000","529868","VARY","VARY","thema.apps@gmail.com","http://www.themaapps.com/privacy-policy/","true","PERSONALIZATION","[object Object]","Everyone","true","1721577015000","https://play.google.com/store/apps/details?id=fr.thema.wear.watch.destroy&hl=en&gl=us"
""fr.thema.wear.watch.spacetraveler","WATCH_FACE","Space Traveler Watch Face","10,000+","10000","26617","VARY","VARY","thema.apps@gmail.com","http://www.themaapps.com/privacy-policy/","true","PERSONALIZATION","[object Object]","Everyone","true","1721575413000","https://play.google.com/store/apps/details?id=fr.thema.wear.watch.spacetraveler&hl=en&gl=us"
""de.mindfabrik.watchface.android.dos","WATCH_FACE","DOS Style Watch face","10,000+","10000","12429","11","VARY","support@mindfabrik.de","https://www.mindfabrik.de/data-privacy-policy-dos-style-watch-face/","true","LIFESTYLE","[object Object]","Everyone","false","1723200198000","https://play.google.com/store/apps/details?id=de.mindfabrik.watchface.android.dos&hl=en&gl=us"
""watch.richface.androidwear.digitalvision","WATCH_FACE","Digital Vision Watch Face","100,000+","100000","372769","6.0","VARY","richface.watch@gmail.com","http://www.richface.watch/privacy.php","true","PERSONALIZATION","[object Object]","Everyone","true","1707174349000","https://play.google.com/store/apps/details?id=watch.richface.androidwear.digitalvision&hl=en&gl=us"
""com.watchfacedesigns.Concentric","WATCH_FACE","Concentric - Pixel Watch Face","100,000+","100000","218338","VARY","VARY","designs.watchface@gmail.com","https://sites.google.com/view/watchface-designs/privacy-policy","true","PERSONALIZATION","[object Object]","Everyone","false","1723280906000","https://play.google.com/store/apps/details?id=com.watchfacedesigns.Concentric&hl=en&gl=us"
""com.recreative.recreative30","WATCH_FACE","RE30 - Minimal - Simple","50,000+","50000","66587","VARY","VARY","support@recreative-watch.com","https://www.recreative-watch.com/privacy-policy/","true","PERSONALIZATION","[object Object]","Everyone","true","1722956079000","https://play.google.com/store/apps/details?id=com.recreative.recreative30&hl=en&gl=us"
""watch.richface.androidwear.walker","WATCH_FACE","Walker Watch Face","100,000+","100000","126853","6.0","VARY","richface.watch@gmail.com","https://www.richface.watch/privacy","true","PERSONALIZATION","[object Object]","Everyone","true","1704745463000","https://play.google.com/store/apps/details?id=watch.richface.androidwear.walker&hl=en&gl=us"
""wb.traveller.analog","WATCH_FACE","Traveller Watch face","10,000+","10000","26291","VARY","VARY","support@belvek.com","https://watchbase.store/page/privacy-policy-android","true","PERSONALIZATION","[object Object]","Everyone","false","1669288583000","https://play.google.com/store/apps/details?id=wb.traveller.analog&hl=en&gl=us"
""com.cogulplanet.watchfacestudio.believeinyourselfneonflower","WATCH_FACE","Neon Flower_Watchface","10,000+","10000","29719","9","VARY","mail@cogul.co.kr","https://cogul.co.kr/terms/?id=watchface_privacypolicy","true","PERSONALIZATION","[object Object]","Everyone","true","1675395117000","https://play.google.com/store/apps/details?id=com.cogulplanet.watchfacestudio.believeinyourselfneonflower&hl=en&gl=us"
""com.watchfacestudio.per019","WATCH_FACE","Classic Watch Face PER019","5,000+","5000","6091","VARY","VARY","support@persona-wf.com","https://www.iubenda.com/privacy-policy/43337107","true","PERSONALIZATION","[object Object]","Everyone","false","1722352966000","https://play.google.com/store/apps/details?id=com.watchfacestudio.per019&hl=en&gl=us"
""com.cogulplanet.watch.loverindarknight","WATCH_FACE","Lover In Dark Night -Watchface","500+","500","617","9","VARY","mail@cogul.co.kr","https://cogul.co.kr/terms/?id=watchface_privacypolicy","true","PERSONALIZATION","[object Object]","Everyone","true","1675209779000","https://play.google.com/store/apps/details?id=com.cogulplanet.watch.loverindarknight&hl=en&gl=us"
""com.recreative.brightmarble","WATCH_FACE","Bright Marble - Rose Gold","5,000+","5000","7731","VARY","VARY","support@recreative-watch.com","https://www.recreative-watch.com/privacy-policy/","true","PERSONALIZATION","[object Object]","Everyone","true","1723132182000","https://play.google.com/store/apps/details?id=com.recreative.brightmarble&hl=en&gl=us"
""fr.thema.wear.watch.legion","WATCH_FACE","Legion Watch Face","100,000+","100000","459436","VARY","VARY","thema.apps@gmail.com","https://themaapps.com/privacy-policy/","true","PERSONALIZATION","[object Object]","Everyone","true","1721333428000","https://play.google.com/store/apps/details?id=fr.thema.wear.watch.legion&hl=en&gl=us"
""com.gw.thesunset","WATCH_FACE","The Sunset Digital Watchface","100,000+","100000","141964","9","VARY","gwatchdesign@gmail.com","https://gwatchdesign5.wixsite.com/website","true","PERSONALIZATION","[object Object]","Everyone","false","1723311077000","https://play.google.com/store/apps/details?id=com.gw.thesunset&hl=en&gl=us"
""com.mpw.bc.big.eyes","WATCH_FACE","Black Meaw","10,000+","10000","22575","11","VARY","malithmpw@gmail.com","https://sites.google.com/view/black-meaw-watch-face/","true","PERSONALIZATION","[object Object]","Everyone","false","1722054827000","https://play.google.com/store/apps/details?id=com.mpw.bc.big.eyes&hl=en&gl=us"
""com.albuquerquedesign.adanalog013","WATCH_FACE","AD ELgnT - Watch Face","10,000+","10000","44063","11","VARY","a.albuquerquedesign@hotmail.com","https://sites.google.com/view/albuquerque-design/in%C3%ADcio","true","PERSONALIZATION","[object Object]","Everyone","false","1720447831000","https://play.google.com/store/apps/details?id=com.albuquerquedesign.adanalog013&hl=en&gl=us"
""fr.thema.wear.watch.octane","WATCH_FACE","Octane Watch Face","100,000+","100000","324108","VARY","VARY","thema.apps@gmail.com","http://www.themaapps.com/privacy-policy/","true","PERSONALIZATION","[object Object]","Everyone","true","1721334367000","https://play.google.com/store/apps/details?id=fr.thema.wear.watch.octane&hl=en&gl=us"
""com.futorum.w6","WATCH_FACE","Weather watch face W6","100,000+","100000","155722","9","VARY","support@futorum.com","https://futorum.com/privacy-apps","true","WEATHER","[object Object]","Everyone","false","1725462818000","https://play.google.com/store/apps/details?id=com.futorum.w6&hl=en&gl=us"
""com.starwatchfaces.summervibes","WATCH_FACE","Summer Vibes","1,000+","1000","1100","VARY","VARY","freewearossupport@starwatchfaces.com","https://starwatchfaces.com/privacy-policy/","true","PERSONALIZATION","[object Object]","Everyone","true","1722284427000","https://play.google.com/store/apps/details?id=com.starwatchfaces.summervibes&hl=en&gl=us"
""com.watchfacestudio.perslot_07","WATCH_FACE","ULTRA-3","1,000+","1000","2032","VARY","VARY","gpandkorea@gmail.com","https://perslot.kr/member/privacy.html","true","PERSONALIZATION","[object Object]","Everyone","false","1722061506000","https://play.google.com/store/apps/details?id=com.watchfacestudio.perslot_07&hl=en&gl=us"
""watch.richface.androidwear.evander","WATCH_FACE","Evander Watch Face","100,000+","100000","352369","6.0","VARY","richface.watch@gmail.com","http://www.richface.watch/privacy.php","true","PERSONALIZATION","[object Object]","Everyone","true","1706223759000","https://play.google.com/store/apps/details?id=watch.richface.androidwear.evander&hl=en&gl=us"
""com.sparkine.mwf.bigapple","WATCH_FACE","Big & Bold - Apple Watch Face","1,000+","1000","2283","VARY","VARY","support@sparkine.com","https://www.sparkine.com/privacy/mwf.html","true","PERSONALIZATION","[object Object]","Everyone","false","1723647590000","https://play.google.com/store/apps/details?id=com.sparkine.mwf.bigapple&hl=en&gl=us"
""com.messa.messabn70","WATCH_FACE","Classic Watch Face White Messa","100,000+","100000","215456","VARY","VARY","yalozgachev@gmail.com","https://docs.google.com/document/d/1U4BU-MwwP3UpcFgK6Wezzg8oYc5pTb6hWOBz9nJsKIs/edit?usp=sharing","true","PERSONALIZATION","[object Object]","Everyone","false","1653984780000","https://play.google.com/store/apps/details?id=com.messa.messabn70&hl=en&gl=us"
""fr.thema.wear.watch.dmax","WATCH_FACE","D-Max Watch Face","100,000+","100000","444148","VARY","VARY","thema.apps@gmail.com","http://www.themaapps.com/privacy-policy/","true","PERSONALIZATION","[object Object]","Everyone","true","1721577856000","https://play.google.com/store/apps/details?id=fr.thema.wear.watch.dmax&hl=en&gl=us"
""fr.thema.wear.watch.christmaslights","WATCH_FACE","Christmas Lights Watch Face","100,000+","100000","339397","VARY","VARY","thema.apps@gmail.com","http://www.themaapps.com/privacy-policy/","true","PERSONALIZATION","[object Object]","Everyone","true","1721576569000","https://play.google.com/store/apps/details?id=fr.thema.wear.watch.christmaslights&hl=en&gl=us"
""watch.richface.androidwear.visor","WATCH_FACE","Visor: Smartwatch Faces App","100,000+","100000","120772","6.0","VARY","richface.watch@gmail.com","https://www.richface.watch/privacy","true","PERSONALIZATION","[object Object]","Everyone","true","1703624526000","https://play.google.com/store/apps/details?id=watch.richface.androidwear.visor&hl=en&gl=us"
""com.watchfacestudio.tanchahalloween","WATCH_FACE","Tancha Halloween Watch Face","5,000+","5000","6832","VARY","VARY","tanchawatch@gmail.com","http://tanchawatch.com/privacy-policy/","true","PERSONALIZATION","[object Object]","Everyone","false","1721996710000","https://play.google.com/store/apps/details?id=com.watchfacestudio.tanchahalloween&hl=en&gl=us"
""fr.thema.wear.watch.minimalanalog","WATCH_FACE","Minimal Analog Watch Face","100,000+","100000","305203","VARY","VARY","thema.apps@gmail.com","http://www.themaapps.com/privacy-policy/","true","PERSONALIZATION","[object Object]","Everyone","true","1721576490000","https://play.google.com/store/apps/details?id=fr.thema.wear.watch.minimalanalog&hl=en&gl=us"
""com.heartdustdesign.railwayclock","WATCH_FACE","Railway Clock Watch Face","10,000+","10000","13773","VARY","VARY","digitalreaches@gmail.com","https://sites.google.com/view/plasticflowerfactory/privacy-policy","true","PERSONALIZATION","[object Object]","Everyone","false","1700247386000","https://play.google.com/store/apps/details?id=com.heartdustdesign.railwayclock&hl=en&gl=us"
""com.watchfacestudio.AnalogClassic5","WATCH_FACE","Analog Classic 5 Wear OS4","5,000+","5000","9865","VARY","VARY","osmanqadir78@gmail.com","https://osmanqadir78.blogspot.com/p/analog-classic-5-watchface-privacy.html","true","PERSONALIZATION","[object Object]","Everyone","false","1724197884000","https://play.google.com/store/apps/details?id=com.watchfacestudio.AnalogClassic5&hl=en&gl=us"
""com.amoledwatchfaces.photowatchface","WATCH_FACE","Photo Watch face for Wear OS","10,000+","10000","31262","VARY","VARY","support@amoledwatchfaces.com","https://amoledwatchfaces.com/privacy","true","PERSONALIZATION","[object Object]","Everyone","false","1720855400000","https://play.google.com/store/apps/details?id=com.amoledwatchfaces.photowatchface&hl=en&gl=us"
""com.tks.noir","WATCH_FACE","TKS 10 Noir Watch Face","1,000+","1000","1250","VARY","VARY","dev.tinykitchenstudios@gmail.com","https://sites.google.com/view/tinykitchenstudios/home","true","PERSONALIZATION","[object Object]","Everyone","false","1725793829000","https://play.google.com/store/apps/details?id=com.tks.noir&hl=en&gl=us"
""com.watchfacestudio.perslot_05","WATCH_FACE","ULTRA-1","1,000+","1000","3236","VARY","VARY","gpandkorea@gmail.com","https://perslot.kr/member/privacy.html","true","PERSONALIZATION","[object Object]","Everyone","false","1722061259000","https://play.google.com/store/apps/details?id=com.watchfacestudio.perslot_05&hl=en&gl=us"
""watch.richface.androidwear.fury","WATCH_FACE","Fury Watch Face","100,000+","100000","349395","6.0","VARY","richface.watch@gmail.com","https://richface.watch/privacy","true","PERSONALIZATION","[object Object]","Everyone","true","1706924378000","https://play.google.com/store/apps/details?id=watch.richface.androidwear.fury&hl=en&gl=us"
""com.denite.watchface.comicpow","WATCH_FACE","Comic Pow HD Watch Face","100,000+","100000","226495","6.0","VARY","deniteappz@gmail.com","http://deniteappz.com/privacypolicy.htm","true","PERSONALIZATION","[object Object]","Everyone","true","1700595960000","https://play.google.com/store/apps/details?id=com.denite.watchface.comicpow&hl=en&gl=us"
""watch.richface.androidwear.striker","WATCH_FACE","Digital Striker Watch Face","100,000+","100000","124785","6.0","VARY","richface.watch@gmail.com","http://www.richface.watch/privacy.php","true","PERSONALIZATION","[object Object]","Everyone","true","1706626088000","https://play.google.com/store/apps/details?id=watch.richface.androidwear.striker&hl=en&gl=us"
""com.watchfacestudio.messabn25","WATCH_FACE","Messa Watch Face BN25 Classic","100,000+","100000","330432","VARY","VARY","yalozgachev@gmail.com","https://docs.google.com/document/d/1U4BU-MwwP3UpcFgK6Wezzg8oYc5pTb6hWOBz9nJsKIs/edit?usp=sharing","true","PERSONALIZATION","[object Object]","Everyone","false","1651128406000","https://play.google.com/store/apps/details?id=com.watchfacestudio.messabn25&hl=en&gl=us"
""com.spwatch.spclassic6","WATCH_FACE","SP Classic 6","10,000+","10000","13811","VARY","VARY","mail@sp-watch.de","https://www.sp-watch.de/#PrivacyPolicy","true","PERSONALIZATION","[object Object]","Everyone","false","1722153161000","https://play.google.com/store/apps/details?id=com.spwatch.spclassic6&hl=en&gl=us"
""com.gs.watchface.hybrid7","WATCH_FACE","GS Hybrid 7 Watch Face","10,000+","10000","12593","VARY","VARY","support@gswatchfaces.com","https://www.gswatchfaces.com/privacy-policy/","true","PERSONALIZATION","[object Object]","Everyone","false","1718008113000","https://play.google.com/store/apps/details?id=com.gs.watchface.hybrid7&hl=en&gl=us"
""com.watchfacestudio.sumoinfo","WATCH_FACE","Digital watch face - SUMO INFO","5,000+","5000","6759","VARY","VARY","dadamassistanceps@gmail.com","https://www.dadamwatchfaces.com/privacy-policy","true","PERSONALIZATION","[object Object]","Everyone","false","1724063264000","https://play.google.com/store/apps/details?id=com.watchfacestudio.sumoinfo&hl=en&gl=us"
""com.watchfacestudio.minia","WATCH_FACE","MINI DIGITAL","50,000+","50000","60971","9","VARY","CRDITMR@gmail.com","https://sites.google.com/view/crditmr","true","PERSONALIZATION","[object Object]","Everyone","false","1683295659000","https://play.google.com/store/apps/details?id=com.watchfacestudio.minia&hl=en&gl=us"
""com.futorum.h8","WATCH_FACE","Futorum H8 Digital watch face","50,000+","50000","89628","9","VARY","support@futorum.com","https://futorum.com/privacy-apps","true","PERSONALIZATION","[object Object]","Everyone","false","1698689194000","https://play.google.com/store/apps/details?id=com.futorum.h8&hl=en&gl=us"
""com.tvisuals.tvvluxuryflowers","WATCH_FACE","TVV Luxury Flowers Watch Face","1,000+","1000","2628","VARY","VARY","contact.tvvisuals@yahoo.com","https://sites.google.com/view/tvvprivacypolicy","true","PERSONALIZATION","[object Object]","Everyone","false","1722510094000","https://play.google.com/store/apps/details?id=com.tvisuals.tvvluxuryflowers&hl=en&gl=us"
""com.nbsix.wff.contour","WATCH_FACE","nbWatch Contour WFF","1,000+","1000","1105","VARY","VARY","me@nbsix.com","https://nbsix.com/privacy-policy","true","ART_AND_DESIGN","[object Object]","Everyone","true","1725463410000","https://play.google.com/store/apps/details?id=com.nbsix.wff.contour&hl=en&gl=us"
""fr.thema.wear.watch.sonar","WATCH_FACE","Sonar Watch Face","10,000+","10000","14735","VARY","VARY","thema.apps@gmail.com","http://www.themaapps.com/privacy-policy/","true","PERSONALIZATION","[object Object]","Everyone","true","1721575320000","https://play.google.com/store/apps/details?id=fr.thema.wear.watch.sonar&hl=en&gl=us"
""es.watchfaces.wes21","WATCH_FACE","WES21 - Colorful Watch Face","10,000+","10000","12344","VARY","VARY","info@watchfaces.es","https://watchfaces.es/privacy/","true","PERSONALIZATION","[object Object]","Everyone","false","1724858467000","https://play.google.com/store/apps/details?id=es.watchfaces.wes21&hl=en&gl=us"
""wolfwatchfacewearos.fullmoonnightwolfwatchfaces.scarydangerwolfonwatch","WATCH_FACE","Wolf Watch Face: Wear OS Watch","10,000+","10000","10218","VARY","VARY","sarashvp18@gmail.com","https://sites.google.com/view/systorso-inc-privacy-policy","true","PERSONALIZATION","[object Object]","Everyone","true","1723717640000","https://play.google.com/store/apps/details?id=wolfwatchfacewearos.fullmoonnightwolfwatchfaces.scarydangerwolfonwatch&hl=en&gl=us"
""com.f2pool.f2pool","WATCH_FACE","F2Pool","100,000+","100000","250824","VARY","VARY","jiwei.yang@f2pool.com","https://www.f2pool.com/terms","true","TOOLS","[object Object]","Everyone","false","1723108943000","https://play.google.com/store/apps/details?id=com.f2pool.f2pool&hl=en&gl=us"
""com.watchface.minimalabstract","WATCH_FACE","Pixel - minimal watch face","1,000+","1000","3429","VARY","VARY","coloringda3@gmail.com","https://sites.google.com/view/watch-face-privacy-policy/accueil","true","PERSONALIZATION","[object Object]","Everyone","false","1704218162000","https://play.google.com/store/apps/details?id=com.watchface.minimalabstract&hl=en&gl=us"
""fr.thema.wear.watch.cvoid","WATCH_FACE","C-Void Watch Face","100,000+","100000","438629","VARY","VARY","thema.apps@gmail.com","https://themaapps.com/privacy-policy/","true","PERSONALIZATION","[object Object]","Everyone","true","1721577236000","https://play.google.com/store/apps/details?id=fr.thema.wear.watch.cvoid&hl=en&gl=us"
""com.artistrytimestudios.f03","WATCH_FACE","Retro 8Bit Pixel Castle - F03","10,000+","10000","13887","VARY","VARY","artistrytimestudios@gmail.com","https://docs.google.com/document/u/3/d/e/2PACX-1vTkCBcJiyqch4cMESJblgeD70jRjNcDRXGgkWROzOr0JfxhzOaZpKz7B67K6dQJADqG6CcqGGGoGezx/pub","true","PERSONALIZATION","[object Object]","Everyone","false","1699386625000","https://play.google.com/store/apps/details?id=com.artistrytimestudios.f03&hl=en&gl=us"
""com.messa.messabn28","WATCH_FACE","Messa Watch Face BN28 Classic","100,000+","100000","128000","VARY","VARY","yalozgachev@gmail.com","https://docs.google.com/document/d/1U4BU-MwwP3UpcFgK6Wezzg8oYc5pTb6hWOBz9nJsKIs/edit?usp=sharing","true","PERSONALIZATION","[object Object]","Everyone","false","1650893317000","https://play.google.com/store/apps/details?id=com.messa.messabn28&hl=en&gl=us"
""com.cool.watch.faces.maker.igor","WATCH_FACE","Watch faces - Clock Wallpaper","100,000+","100000","154524","VARY","VARY","mornhouse.ltd@yahoo.com","https://trasepotun.com/cool_watch/PrivacyPolicy.php","true","TOOLS","[object Object]","Everyone","true","1724933132000","https://play.google.com/store/apps/details?id=com.cool.watch.faces.maker.igor&hl=en&gl=us"
""fr.thema.wear.watch.gover","WATCH_FACE","G-Over Watch Face","100,000+","100000","122969","VARY","VARY","thema.apps@gmail.com","https://themaapps.com/privacy-policy/","true","PERSONALIZATION","[object Object]","Everyone","true","1721577089000","https://play.google.com/store/apps/details?id=fr.thema.wear.watch.gover&hl=en&gl=us"
""com.amoledwatchfaces.athlete2lite","WATCH_FACE","Athlete 2 Lite: Watch face","100,000+","100000","285316","VARY","VARY","support@amoledwatchfaces.com","https://amoledwatchfaces.com/privacy","true","PERSONALIZATION","[object Object]","Everyone","false","1720509422000","https://play.google.com/store/apps/details?id=com.amoledwatchfaces.athlete2lite&hl=en&gl=us"
""com.watchfacestudio.WFP243_Sporty","WATCH_FACE","WFP 243 Sporty watch face","10,000+","10000","12787","VARY","VARY","samsung.wfp@gmail.com","https://sites.google.com/view/wfp-privacypolicy","true","PERSONALIZATION","[object Object]","Everyone","false","1723110481000","https://play.google.com/store/apps/details?id=com.watchfacestudio.WFP243_Sporty&hl=en&gl=us"
""com.watchfacestudio.tanchas32","WATCH_FACE","Tancha S32 Classic Watch Face","100,000+","100000","284188","VARY","VARY","tanchawatch@gmail.com","http://tanchawatch.com/privacy-policy/","true","PERSONALIZATION","[object Object]","Everyone","false","1722017801000","https://play.google.com/store/apps/details?id=com.watchfacestudio.tanchas32&hl=en&gl=us"
""com.cogulplanet.watchfacestudio.rainbowsunflowerpattern","WATCH_FACE","Rainbow Sunflower_Watchface","1,000+","1000","2226","9","VARY","mail@cogul.co.kr","https://cogul.co.kr/terms/?id=watchface_privacypolicy","true","PERSONALIZATION","[object Object]","Everyone","true","1675240285000","https://play.google.com/store/apps/details?id=com.cogulplanet.watchfacestudio.rainbowsunflowerpattern&hl=en&gl=us"
""com.gs.watchface.weather11","WATCH_FACE","GS Weather 11 Hybrid Watchface","10,000+","10000","34918","VARY","VARY","support@gswatchfaces.com","https://www.gswatchfaces.com/privacy-policy/","true","WEATHER","[object Object]","Everyone","false","1725106146000","https://play.google.com/store/apps/details?id=com.gs.watchface.weather11&hl=en&gl=us"
""com.denite.watchface.galaxyglow","WATCH_FACE","Galaxy Glow HD Watch Face","500,000+","500000","598910","6.0","VARY","deniteappz@gmail.com","http://deniteappz.com/privacypolicy.htm","true","PERSONALIZATION","[object Object]","Everyone","true","1700594940000","https://play.google.com/store/apps/details?id=com.denite.watchface.galaxyglow&hl=en&gl=us"
""com.watchfacestudio.nightysaver","WATCH_FACE","Nighty Saver - watch face","50,000+","50000","73843","VARY","VARY","nightywatchfaces@gmail.com","https://www.termsfeed.com/live/200435d9-c4d5-4d99-83c0-25e5e0a2b35e","true","PERSONALIZATION","[object Object]","Everyone","false","1671869870000","https://play.google.com/store/apps/details?id=com.watchfacestudio.nightysaver&hl=en&gl=us"
""com.kacera.photos","WATCH_FACE","Photos - Wear OS Image Gallery","100,000+","100000","110898","8.0","VARY","kacera.m@live.com","https://bio007.github.io/Photos-Web-Site/privacy_policy.html","true","PHOTOGRAPHY","[object Object]","Everyone","false","1709303177000","https://play.google.com/store/apps/details?id=com.kacera.photos&hl=en&gl=us"
""com.futorum.bdw","WATCH_FACE","Basic Digital Watch Face","1,000+","1000","2721","9","VARY","support@futorum.com","https://futorum.com/privacy-apps","true","PERSONALIZATION","[object Object]","Everyone","false","1711613179000","https://play.google.com/store/apps/details?id=com.futorum.bdw&hl=en&gl=us"
""fr.thema.wear.watch.venom","WATCH_FACE","Venom Watch Face","500,000+","500000","512505","VARY","VARY","thema.apps@gmail.com","http://www.themaapps.com/privacy-policy/","true","PERSONALIZATION","[object Object]","Everyone","true","1721577340000","https://play.google.com/store/apps/details?id=fr.thema.wear.watch.venom&hl=en&gl=us"
""com.swisswatchface.swf.solar.v2.planets.proseries","WATCH_FACE","SWF Solar Planets Watch Face","100,000+","100000","207971","VARY","VARY","info@swisswatchface.com","https://www.swisswatchface.com/Privacy_Policy","true","PERSONALIZATION","[object Object]","Everyone","false","1692880001000","https://play.google.com/store/apps/details?id=com.swisswatchface.swf.solar.v2.planets.proseries&hl=en&gl=us"
""fr.thema.wear.watch.swift","WATCH_FACE","Swift Watch Face","500,000+","500000","979405","VARY","VARY","thema.apps@gmail.com","http://www.themaapps.com/privacy-policy/","true","PERSONALIZATION","[object Object]","Everyone","true","1721333192000","https://play.google.com/store/apps/details?id=fr.thema.wear.watch.swift&hl=en&gl=us"
""com.watchfacestudio.goldclassic1","WATCH_FACE","Gold Classic 1 Wear OS 4+","100,000+","100000","108419","VARY","VARY","osmanqadir78@gmail.com","https://osmanqadir78.blogspot.com/p/privacy-policy-for-gold-classic-1.html","true","PERSONALIZATION","[object Object]","Everyone","false","1724890063000","https://play.google.com/store/apps/details?id=com.watchfacestudio.goldclassic1&hl=en&gl=us"
""com.nrwatchfaceshop.nr03","WATCH_FACE","NR03:Watch Face","10,000+","10000","15346","VARY","VARY","emir1440@gmail.com","https://www.termsfeed.com/live/63eedac4-e6ff-4574-aa23-0ec2ee933c66","true","PERSONALIZATION","[object Object]","Everyone","true","1723714780000","https://play.google.com/store/apps/details?id=com.nrwatchfaceshop.nr03&hl=en&gl=us"
""com.tinyapps.facegallerypro","WATCH_FACE","Face Gallery Pro Wear Tizen OS","100,000+","100000","211037","VARY","VARY","tinyapp@yahoo.com","https://home-page.tinywatch.now.sh/privacy","true","TOOLS","[object Object]","Everyone","false","1671867771000","https://play.google.com/store/apps/details?id=com.tinyapps.facegallerypro&hl=en&gl=us"
""animatedcarbongear.animatedgearcomplication.gearmechanisumanimate","WATCH_FACE","Animated Gears Watchfaces","5,000+","5000","6129","VARY","VARY","mehuld0991@gmail.com","https://mdinnovative.wordpress.com","true","PERSONALIZATION","[object Object]","Everyone","true","1711548297000","https://play.google.com/store/apps/details?id=animatedcarbongear.animatedgearcomplication.gearmechanisumanimate&hl=en&gl=us"
""com.denite.watchface.diamondbling","WATCH_FACE","Diamond Bling HD Watch Face","50,000+","50000","60064","6.0","VARY","deniteappz@gmail.com","http://deniteappz.com/privacypolicy.htm","true","PERSONALIZATION","[object Object]","Everyone","true","1700602024000","https://play.google.com/store/apps/details?id=com.denite.watchface.diamondbling&hl=en&gl=us"
""com.sparkine.mwf.cmfanalog","WATCH_FACE","Retro Analog Watch Face","1,000+","1000","1028","VARY","VARY","support@sparkine.com","https://www.sparkine.com/privacy/mwf.html","true","PERSONALIZATION","[object Object]","Everyone","false","1723689089000","https://play.google.com/store/apps/details?id=com.sparkine.mwf.cmfanalog&hl=en&gl=us"
""fr.thema.wear.watch.minimaldigital","WATCH_FACE","Minimal Digital Watch Face","10,000+","10000","48504","VARY","VARY","thema.apps@gmail.com","http://www.themaapps.com/privacy-policy/","true","PERSONALIZATION","[object Object]","Everyone","true","1721576200000","https://play.google.com/store/apps/details?id=fr.thema.wear.watch.minimaldigital&hl=en&gl=us"
""com.arkadiykruglov.ShibaInuWallpapers","WATCH_FACE","DIGI Sport SACO 07 Watch face","10,000+","10000","19723","VARY","VARY","arkadiykruglov@gmail.com","https://sites.google.com/view/falcon-watchpolicy","true","PERSONALIZATION","[object Object]","Everyone","false","1725393554000","https://play.google.com/store/apps/details?id=com.arkadiykruglov.ShibaInuWallpapers&hl=en&gl=us"
""com.watchfacestudio.dbgrd1","WATCH_FACE","Digital Gradient WF Wear OS 4+","50,000+","50000","56275","VARY","VARY","osmanqadir78@gmail.com","https://osmanqadir78.blogspot.com/p/privacy-policy-for-digital-basic.html","true","PERSONALIZATION","[object Object]","Everyone","false","1722442407000","https://play.google.com/store/apps/details?id=com.watchfacestudio.dbgrd1&hl=en&gl=us"
""fr.thema.wear.watch.advanced","WATCH_FACE","Advanced Watch Face","100,000+","100000","254423","VARY","VARY","thema.apps@gmail.com","http://www.themaapps.com/privacy-policy/","true","PERSONALIZATION","[object Object]","Everyone","true","1721334075000","https://play.google.com/store/apps/details?id=fr.thema.wear.watch.advanced&hl=en&gl=us"
""com.watch.richface.guard","WATCH_FACE","Guard Watch Face","100,000+","100000","299494","6.0","VARY","richface.watch@gmail.com","https://www.richface.watch/privacy","true","PERSONALIZATION","[object Object]","Everyone","true","1703379792000","https://play.google.com/store/apps/details?id=com.watch.richface.guard&hl=en&gl=us"
""wb.tourbillon.classic","WATCH_FACE","Tourbillon Classic Watch face","10,000+","10000","21579","VARY","VARY","support@belvek.com","https://watchbase.store/page/privacy-policy-android","true","PERSONALIZATION","[object Object]","Everyone","false","1657781015000","https://play.google.com/store/apps/details?id=wb.tourbillon.classic&hl=en&gl=us"
""qwf.ammarptn.com.qwf","WATCH_FACE","Holo Watch face","100,000+","100000","472580","VARY","VARY","support@ammarptn.com","https://watchfacemanager.web.app/privacy/holo/privacy_policy.html","true","PERSONALIZATION","[object Object]","Everyone","false","1691585859000","https://play.google.com/store/apps/details?id=qwf.ammarptn.com.qwf&hl=en&gl=us"
""com.arkadiykruglov.LabradorRetrieversWallpapers","WATCH_FACE","DIGITAL DIRING 04 Watch face","10,000+","10000","39498","VARY","VARY","arkadiykruglov@gmail.com","https://sites.google.com/view/falcon-watchpolicy","true","PERSONALIZATION","[object Object]","Everyone","false","1725137013000","https://play.google.com/store/apps/details?id=com.arkadiykruglov.LabradorRetrieversWallpapers&hl=en&gl=us"
""springseasonflowerwatchface.beautifulflowerwatchfaces.eyecatchingflowerdesignwatch","WATCH_FACE","Spring Season Flower Watchface","5,000+","5000","8152","VARY","VARY","sarashvp18@gmail.com","https://sites.google.com/view/systorso-inc-privacy-policy","true","PERSONALIZATION","[object Object]","Everyone","true","1712227790000","https://play.google.com/store/apps/details?id=springseasonflowerwatchface.beautifulflowerwatchfaces.eyecatchingflowerdesignwatch&hl=en&gl=us"
""com.cem.watch.faces","WATCH_FACE","Smart Watch Faces Gallery App","100,000+","100000","131623","VARY","VARY","cemsoftware.contact@gmail.com","https://cemsoftwareltd.com/privacyPolicy.html","true","TOOLS","[object Object]","Everyone","true","1697186570000","https://play.google.com/store/apps/details?id=com.cem.watch.faces&hl=en&gl=us"
""skeletonwatchface.skullwithskeletonwatchface.scaryskeletononwearoswatch","WATCH_FACE","Skeleton Watch Face","1,000+","1000","3021","VARY","VARY","sarashvp18@gmail.com","https://sites.google.com/view/systorso-inc-privacy-policy","true","PERSONALIZATION","[object Object]","Everyone","true","1712226639000","https://play.google.com/store/apps/details?id=skeletonwatchface.skullwithskeletonwatchface.scaryskeletononwearoswatch&hl=en&gl=us"
""com.facer.fcr92roLrEAdC","WATCH_FACE","Animated Fire Watch Face","10,000+","10000","14050","6.0","VARY","hello@facer.io","https://www.facer.io/privacy","true","PERSONALIZATION","[object Object]","Everyone","false","1693696509000","https://play.google.com/store/apps/details?id=com.facer.fcr92roLrEAdC&hl=en&gl=us"
""ie.mug.zerophase","WATCH_FACE","Zero Phase Watch Face","50,000+","50000","87541","VARY","VARY","info@mug.ie","http://www.mug.ie/watchprivacypolicy/","true","PERSONALIZATION","[object Object]","Everyone","false","1724754219000","https://play.google.com/store/apps/details?id=ie.mug.zerophase&hl=en&gl=us"
""com.watchfacestudio.sg_141","WATCH_FACE","SG-141","1,000+","1000","1194","VARY","VARY","sgwatchdesign@gmail.com","https://docs.google.com/document/d/e/2PACX-1vSc7EVTyBr5UATortufxfcRjOudvThE5vNI__m9_sHbinyqUD0Zw1mKf_PZAspEiDJMgm8qMAQf5NZ0/pub","true","PERSONALIZATION","[object Object]","Everyone","false","1722495424000","https://play.google.com/store/apps/details?id=com.watchfacestudio.sg_141&hl=en&gl=us"
""fr.thema.wear.watch.elook","WATCH_FACE","E-Look Watch Face","100,000+","100000","439814","VARY","VARY","thema.apps@gmail.com","http://www.themaapps.com/privacy-policy/","true","PERSONALIZATION","[object Object]","Everyone","true","1721333269000","https://play.google.com/store/apps/details?id=fr.thema.wear.watch.elook&hl=en&gl=us"
""com.silversun.digital_oled","WATCH_FACE","Digital OLED","10,000+","10000","10494","11","VARY","ryandare12345@gmail.com","https://doc-hosting.flycricket.io/digital-oled-privacy-policy/cba3b9d0-be5f-438e-b331-3cc5a128f52a/privacy","true","PERSONALIZATION","[object Object]","Everyone","false","1705003481000","https://play.google.com/store/apps/details?id=com.silversun.digital_oled&hl=en&gl=us"
""com.starwatchfaces.springvibes","WATCH_FACE","Spring Vibes","5,000+","5000","5583","VARY","VARY","wearos@starwatchfaces.com","https://starwatchfaces.com/privacy-policy/","true","PERSONALIZATION","[object Object]","Everyone","true","1721942412000","https://play.google.com/store/apps/details?id=com.starwatchfaces.springvibes&hl=en&gl=us"
""fr.thema.wear.watch.cuteanimals","WATCH_FACE","Cute Animals Watch Face","10,000+","10000","15902","VARY","VARY","thema.apps@gmail.com","http://www.themaapps.com/privacy-policy/","true","PERSONALIZATION","[object Object]","Everyone","true","1721576132000","https://play.google.com/store/apps/details?id=fr.thema.wear.watch.cuteanimals&hl=en&gl=us"
""com.watchfacestudio.militaryf01","WATCH_FACE","Military Watch Face - F01","1,000+","1000","1317","VARY","VARY","artistrytimestudios@gmail.com","https://www.termsfeed.com/live/4e463056-f0f8-4cce-a0f8-0da5604de1ec","true","PERSONALIZATION","[object Object]","Everyone","false","1695965872000","https://play.google.com/store/apps/details?id=com.watchfacestudio.militaryf01&hl=en&gl=us"
""com.watch.richface.shield","WATCH_FACE","Shield Watch Face","500,000+","500000","527298","6.0","VARY","richface.watch@gmail.com","http://www.richface.watch/privacy.php","true","PERSONALIZATION","[object Object]","Everyone","true","1707513311000","https://play.google.com/store/apps/details?id=com.watch.richface.shield&hl=en&gl=us"
""fr.thema.wear.watch.rtype","WATCH_FACE","R-Type Watch Face","100,000+","100000","153745","VARY","VARY","thema.apps@gmail.com","https://themaapps.com/privacy-policy/","true","PERSONALIZATION","[object Object]","Everyone","true","1721576421000","https://play.google.com/store/apps/details?id=fr.thema.wear.watch.rtype&hl=en&gl=us"
""com.watchfaces.garbi100","WATCH_FACE","Garbi 100 - Hybrid watch face","5,000+","5000","6563","VARY","VARY","ttwoftstudio@gmail.com","https://docs.google.com/document/d/1j6AKVKKsmpMDzXPc2Uifdl2bziaCjbI18hUzQ4qyyyk/edit?usp=sharing","true","PERSONALIZATION","[object Object]","Everyone","false","1701526559000","https://play.google.com/store/apps/details?id=com.watchfaces.garbi100&hl=en&gl=us"
""fr.thema.wear.watch.guardian","WATCH_FACE","Guardian Watch Face","100,000+","100000","350899","VARY","VARY","thema.apps@gmail.com","http://www.themaapps.com/privacy-policy/","true","PERSONALIZATION","[object Object]","Everyone","true","1721578156000","https://play.google.com/store/apps/details?id=fr.thema.wear.watch.guardian&hl=en&gl=us"
""com.akchimwf.casualwatchface","WATCH_FACE","Casual Watchface AKM Wear OS","10,000+","10000","45676","VARY","VARY","akchimwf@gmail.com","https://sites.google.com/view/akchimwf-privace-policy/","true","PERSONALIZATION","[object Object]","Everyone","false","1720556932000","https://play.google.com/store/apps/details?id=com.akchimwf.casualwatchface&hl=en&gl=us"
""com.watchfacestudio.pww77","WATCH_FACE","PW77 - Simple Lady Watch Face","5,000+","5000","7166","VARY","VARY","papy.hodinky@gmail.com","https://sites.google.com/view/papywatchprivacypolicy","true","PERSONALIZATION","[object Object]","Everyone","false","1699727972000","https://play.google.com/store/apps/details?id=com.watchfacestudio.pww77&hl=en&gl=us"
"