appId,title，type
""com.cars.android","Cars.com – New & Used Vehicles","AUTO_AND_VEHICLES"
""net.sharewire.parkmobilev2","ParkMobile: Park. Pay. Go.","AUTO_AND_VEHICLES"
""com.stuzo.chevron","Chevron","AUTO_AND_VEHICLES"
""com.glocal.tinker","Tinker DIY","AUTO_AND_VEHICLES"
""com.shell.sitibv.motorist.america","Shell: Fuel, Charge & More","AUTO_AND_VEHICLES"
""com.cargurus.mobileApp","CarGurus: Used & New Cars","AUTO_AND_VEHICLES"
""com.carfax.consumer","CARFAX - Shop New & Used Cars","AUTO_AND_VEHICLES"
""com.paybyphone","PayByPhone","AUTO_AND_VEHICLES"
""com.autozone.mobile","AutoZone Auto Parts & Repair","AUTO_AND_VEHICLES"
""com.advanceauto.mobile.commerce.dist","Advance Auto Parts","AUTO_AND_VEHICLES"
""com.innova.rs2","RepairSolutions2","AUTO_AND_VEHICLES"
""com.carvana.carvana","Carvana: Buy/Sell Used Cars","AUTO_AND_VEHICLES"
""com.dmvpracticetest.android","DMV Practice Test","AUTO_AND_VEHICLES"
""com.driivz.mobile.android.evgo.driver","EVgo","AUTO_AND_VEHICLES"
""com.carmax.carmax","CarMax: Used Cars for Sale","AUTO_AND_VEHICLES"
""com.fixdapp.two","FIXD OBD2 Scanner","AUTO_AND_VEHICLES"
""com.keyconnect.android","KeyConnect Digital Car Key","AUTO_AND_VEHICLES"
""com.ebay.motorsapp","eBay Motors: Parts, Cars, more","AUTO_AND_VEHICLES"
""ai.oc.experience.marathonrewards","Marathon ARCO Rewards","AUTO_AND_VEHICLES"
""com.honda.hondalink.connect","HondaLink","AUTO_AND_VEHICLES"
""com.nissan.mynissan","MyNISSAN®","AUTO_AND_VEHICLES"
""com.usaa.mobile.android.safedriving","USAA SafePilot","AUTO_AND_VEHICLES"
""com.ovz.carscanner","Car Scanner ELM OBD2","AUTO_AND_VEHICLES"
""com.dmv.app","DMV Practice Test Pro 2024","AUTO_AND_VEHICLES"
""es.dmv.app","DMV Prueba de Práctica 2024","AUTO_AND_VEHICLES"
""com.subaru.telematics.app.remote","MySubaru","AUTO_AND_VEHICLES"
""com.maps.radar.trafficappfordriving","Driving Instructor-Theory Test","AUTO_AND_VEHICLES"
""com.google.android.projection.gearhead","Android Auto","AUTO_AND_VEHICLES"
""group.flowbird.mpp","Flowbird Parking","AUTO_AND_VEHICLES"
""com.mustname.car_connect","Auto Sync for Android/Car Play","AUTO_AND_VEHICLES"
""com.autolist.autolist","Autolist: Used Car Marketplace","AUTO_AND_VEHICLES"
""app.mechai.mobile","MECH.AI","AUTO_AND_VEHICLES"
""com.carparts.mobilewrapper.customer","CarParts.com","AUTO_AND_VEHICLES"
""com.arity.routereport","Routely V1","AUTO_AND_VEHICLES"
""key.connect.car.remote","Car Key Smart Remote Connect","AUTO_AND_VEHICLES"
""com.obdocker.obdocker","OBDocker - OBD2 Car Scanner","AUTO_AND_VEHICLES"
""com.carfax.mycarfax","CARFAX Car Care App","AUTO_AND_VEHICLES"
""com.gpshopper.discounttire","Discount Tire","AUTO_AND_VEHICLES"
""com.taxsee.taxsee","maxim — order a taxi & food","AUTO_AND_VEHICLES"
""com.drivetime.MobileOnline","DriveTime Used Cars for Sale","AUTO_AND_VEHICLES"
""ai.metaverselabs.smartcar","Car Key: Smart Car Remote Lock","AUTO_AND_VEHICLES"
""com.garmin.android.apps.gecko","Garmin Drive™","AUTO_AND_VEHICLES"
""com.boatsgroup.boattrader","Boat Trader","AUTO_AND_VEHICLES"
""com.lemurmonitors.bluedriver","BlueDriver OBD2 Scan Tool","AUTO_AND_VEHICLES"
""dto.ee.dmv.genius","DMV Permit Practice Test Genie","AUTO_AND_VEHICLES"
""com.blinknetwork.mobile2","Blink Charging Mobile App","AUTO_AND_VEHICLES"
""com.stuzo.texaco","Texaco","AUTO_AND_VEHICLES"
""org.aarp.safetrip","AARP SafeTrip™","AUTO_AND_VEHICLES"
""ai.oc.experience.yeswayrewards","Yesway & Allsup’s Rewards","AUTO_AND_VEHICLES"
""com.zymbia.carpm_mechanic","GaragePro Car OBD2 Scanner","AUTO_AND_VEHICLES"
""org.eobdfacile.android","EOBD Facile: OBD 2 Car Scanner","AUTO_AND_VEHICLES"
""co.gigu.app","GigU","AUTO_AND_VEHICLES"
""com.bsro.fcac","My Firestone","AUTO_AND_VEHICLES"
""com.moniqtap.obd2torque.scanner.fixd","OBD2 Car Scanner: Torque ELM","AUTO_AND_VEHICLES"
""com.tempestsystems.autotempest","AutoTempest - Car search","AUTO_AND_VEHICLES"
""com.oreillyauto.fco.vinscan","O’Reilly First Call VIN Scan","AUTO_AND_VEHICLES"
""com.garmin.android.driveapp.dezl","dēzl™","AUTO_AND_VEHICLES"
""app.aawireless","AAWireless for Android Auto™","AUTO_AND_VEHICLES"
""de.myaudi.mobile.assistant","myAudi","AUTO_AND_VEHICLES"
""cdl.study","CDL Study: Permit Prep Test","AUTO_AND_VEHICLES"
""com.carpart.classic","Car-Part.com Used Auto Parts","AUTO_AND_VEHICLES"
""com.hyundaiusa.hyundai.digitalcarkey","Hyundai Digital Key","AUTO_AND_VEHICLES"
""com.dontdrivedirty.myqq.twa","myQQ – Quick Quack","AUTO_AND_VEHICLES"
""mureung.obdproject","Infocar - OBD2 ELM Diagnostic","AUTO_AND_VEHICLES"
""com.edmunds","Edmunds - Shop Cars For Sale","AUTO_AND_VEHICLES"
""com.tm.tmcar","TMCARS","AUTO_AND_VEHICLES"
""net.wavis.laserappraiser","VIN Scanner","AUTO_AND_VEHICLES"
""com.mtsdealersolutions.vindecoded","VIN Check Report for Used Cars","AUTO_AND_VEHICLES"
""com.min.car","Carmin","AUTO_AND_VEHICLES"
""com.link.autolink","Autolink","AUTO_AND_VEHICLES"
""com.zenthek.autozen","AutoZen-Car Dashboard&Launcher","AUTO_AND_VEHICLES"
""gov.nhtsa.safercar2","SaferCar","AUTO_AND_VEHICLES"
""com.tmobile.drive","SyncUP DRIVE ™","AUTO_AND_VEHICLES"
""com.truecar.mobile.android.consumer","TrueCar Used Cars and New Cars","AUTO_AND_VEHICLES"
""com.spotinc.drivermobilebetatester","MySpot Driver","AUTO_AND_VEHICLES"
""com.copilot.app.release","CoPilot shop/buy/sell used car","AUTO_AND_VEHICLES"
""com.sunoco.sunoco","Sunoco: Pay fast & save","AUTO_AND_VEHICLES"
""ai.oc.experience.gulfpay","Gulf Pay","AUTO_AND_VEHICLES"
""io.opencomm.experience.cefcorewards","CEFCO Rewards","AUTO_AND_VEHICLES"
""se.volvo.vcc","Volvo Cars","AUTO_AND_VEHICLES"
""com.drivingapp.licencetest","Driving Motor & Vehicle Test","AUTO_AND_VEHICLES"
""com.napa.prolink","NAPA PROLink","AUTO_AND_VEHICLES"
""com.autolauncher.motorcar.free","Car Launcher","AUTO_AND_VEHICLES"
""com.kalvlad.car","Cars Mod for Minecraft PE 2024","AUTO_AND_VEHICLES"
""com.kajda.fuelio","Fuelio: gas log & gas prices","AUTO_AND_VEHICLES"
""com.niu.manager","NIU","AUTO_AND_VEHICLES"
""com.mahak_lee_tech.carplay.androidcarplay.applecarplay","Apple Carplay for Android Auto","AUTO_AND_VEHICLES"
""com.mitsubishimotors.mymitsubishiconnect","My Mitsubishi Connect","AUTO_AND_VEHICLES"
""com.link.autolink.pro","Autolink Pro","AUTO_AND_VEHICLES"
""com.apple.carplay.carplayandroid.screenmirror","Carplay Auto for Android","AUTO_AND_VEHICLES"
""com.platelookup","Plate Lookup","AUTO_AND_VEHICLES"
""com.helge.droiddashcam","Droid Dashcam - Video Recorder","AUTO_AND_VEHICLES"
""com.capitalone.autonavigator","Capital One Auto Navigator","AUTO_AND_VEHICLES"
""com.diagnosticapp.app","1A Auto Diagnostic & Repair","AUTO_AND_VEHICLES"
""com.take5carwash.Take5CarWash","Take 5 Car Wash","AUTO_AND_VEHICLES"
""com.idemia.mobileid.us.tn","Tennessee Proctor ID","AUTO_AND_VEHICLES"
""com.partspass","Parts Pass","AUTO_AND_VEHICLES"
""com.iseecars.android.vin","VIN Report for Used Cars","AUTO_AND_VEHICLES"
""com.aplications.main.torobid","Tor OBD2 Diagnostics","AUTO_AND_VEHICLES"
""com.connectedtravel.bfgontrail","BFGoodrich OnTrail","AUTO_AND_VEHICLES"
""com.driveus.dmvapp","Drivers Permit Practice","AUTO_AND_VEHICLES"
""dto.ee.cdl.genius","CDL Prep Test DMV Genie","AUTO_AND_VEHICLES"
""com.prizmos.carista","Carista OBD2","AUTO_AND_VEHICLES"
""com.car.android.parking.locator","Where is my car","AUTO_AND_VEHICLES"
""com.fbfs.driveologyapp","Driveology®","AUTO_AND_VEHICLES"
""com.infiniti.myinfiniti","MyINFINITI App","AUTO_AND_VEHICLES"
""com.punicapp.whoosh","Whoosh","AUTO_AND_VEHICLES"
""com.bringatrailer.android","Bring a Trailer Auctions","AUTO_AND_VEHICLES"
""com.obdautodoctor","OBD Auto Doctor scanner","AUTO_AND_VEHICLES"
""com.technologypartnerspr.autoexpreso","AutoExpreso Móvil","AUTO_AND_VEHICLES"
""com.amp.mrclean","Mr. Clean Car Wash","AUTO_AND_VEHICLES"
""com.banyac.midrive.app.na","70mai","AUTO_AND_VEHICLES"
""de.appomotive.bimmercode","BimmerCode for BMW and MINI","AUTO_AND_VEHICLES"
""rto.owner.address.parivahan.car.malik.address.finder","Vehicle Information App","AUTO_AND_VEHICLES"
""com.aliaspayments.apps.journie","Journie Rewards & SpeedPay","AUTO_AND_VEHICLES"
""altergames.carlauncher","AGAMA Car Launcher","AUTO_AND_VEHICLES"
""com.autozonepro.app","AutoZonePro Mobile","AUTO_AND_VEHICLES"
""com.powerflexsystems.powerflex","PowerFlex","AUTO_AND_VEHICLES"
""com.carvana.android.auction","ADESA Clear","AUTO_AND_VEHICLES"
""com.highwayradar.app","Highway Radar","AUTO_AND_VEHICLES"
""com.autoscout24","AutoScout24: Buy & sell cars","AUTO_AND_VEHICLES"
""com.taillight.bouncie","Bouncie","AUTO_AND_VEHICLES"
""police.speed.gps.antiradar","Police Radar - Camera Detector","AUTO_AND_VEHICLES"
""com.dencar.universal.production","My Wash Membership","AUTO_AND_VEHICLES"
""com.voltasit.obdeleven","OBDeleven VAG car diagnostics","AUTO_AND_VEHICLES"
""com.irvingoil.myirving","MyIRVING","AUTO_AND_VEHICLES"
""com.rivian.android.consumer","Rivian","AUTO_AND_VEHICLES"
""com.porsche.one","My Porsche","AUTO_AND_VEHICLES"
""us.nonda.zus","ZUS - Save Car Expenses","AUTO_AND_VEHICLES"
""ru.urentbike.app","MTS Urent","AUTO_AND_VEHICLES"
""com.manheim.mobile.refresh","Manheim","AUTO_AND_VEHICLES"
""ai.oc.experience.highoctanerewards","Easy Coins","AUTO_AND_VEHICLES"
""com.marklyn.alpenaauto","Alpena Auto","AUTO_AND_VEHICLES"
""net.clever.obd4u","OBD JScan","AUTO_AND_VEHICLES"
""com.autowashco.autowash","Autowash Car Wash","AUTO_AND_VEHICLES"
""com.prepass.mobile.app","PrePass","AUTO_AND_VEHICLES"
""com.unstockable.dragger","Dragger-car acceleration meter","AUTO_AND_VEHICLES"
""com.developerjery.autodistribucion","Mecano","AUTO_AND_VEHICLES"
""com.hagerty.carsthatmatter.android","Hagerty","AUTO_AND_VEHICLES"
""de.mobile.android.app","mobile.de - car market","AUTO_AND_VEHICLES"
""io.sgsoftware.bimmerlink","BimmerLink for BMW and MINI","AUTO_AND_VEHICLES"
""com.blisscarwash.mobile","BLISS Car Wash","AUTO_AND_VEHICLES"
""com.autopten.cheapcarsforsale","Autopten: Cheap Used Cars USA","AUTO_AND_VEHICLES"
""com.keyconnect.carremote","CarKey: Car Play & Digital Key","AUTO_AND_VEHICLES"
""com.nexcell.app","Dr. Prius / Dr. Hybrid","AUTO_AND_VEHICLES"
""com.ezlynk.autoagent","Auto Agent","AUTO_AND_VEHICLES"
""com.byrider.mybyrider","MyByrider","AUTO_AND_VEHICLES"
""com.vehicle.rto.vahan.status.information.register","RTO Vehicle Information","AUTO_AND_VEHICLES"
""net.taraabar.carrier","ترابرنت رانندگان | اعلام بار","AUTO_AND_VEHICLES"
""com.us.thinkdiag.plus","ThinkDiag+","AUTO_AND_VEHICLES"
""com.vitalengarage.pedalcommander","Pedal Commander","AUTO_AND_VEHICLES"
""ru.drom.pdd.android.app","Билеты ПДД 2024 и Экзамен ПДД","AUTO_AND_VEHICLES"
""com.stupendousgame.speedometer.hud.vs","Car Dashboard Speedometer HUD","AUTO_AND_VEHICLES"
""com.softartstudio.carwebguru","CarWebGuru Car Launcher","AUTO_AND_VEHICLES"
""com.vidure.fitcamx","FITCAMX","AUTO_AND_VEHICLES"
""cfmoto.ridesync","CFMOTO RIDESYNC","AUTO_AND_VEHICLES"
""com.applecarplayforandroid.carstream.mirrorlink_app","Apple Carplay for Android","AUTO_AND_VEHICLES"
""com.pocketgeek.auto.android","Vehicle Care by Assurant","AUTO_AND_VEHICLES"
""com.ax.car.engine.sounds","Car Engine Sounds - Gas Pedal","AUTO_AND_VEHICLES"
""com.iseecars.android.app","Used Car Search Pro - iSeeCars","AUTO_AND_VEHICLES"
""com.continental.cdsf.kaas.fcs.nissan","Nissan Virtual Key","AUTO_AND_VEHICLES"
""com.x98lol.taw3ia","TrafficLife - غرامات و معاملات","AUTO_AND_VEHICLES"
""dmv.practice.driving.motor.vehicles.test","DMV Written Exam Practice App","AUTO_AND_VEHICLES"
""app.cartomizer","Cartomizer - Wheels Visualizer","AUTO_AND_VEHICLES"
""com.seeblue.ledglowv2","LEDGlow Automotive Control","AUTO_AND_VEHICLES"
""app.oone.world","OOne World","AUTO_AND_VEHICLES"
""com.escooternerds.electricscooterhelper","Electric Scooter Universal App","AUTO_AND_VEHICLES"
""com.elephantinsurance.mobile","Elephant Insurance Mobile","AUTO_AND_VEHICLES"
""com.arity.routely","Routely","AUTO_AND_VEHICLES"
""com.artasci.Kurdistantrafic","سەرپێچی - غرامات مرورية","AUTO_AND_VEHICLES"
""customcars.carcolorchangercustommodified","Car Color Changer - Body paint","AUTO_AND_VEHICLES"
""com.safepc.taw3ia","توعية مرورية العراق","AUTO_AND_VEHICLES"
""com.bankspower.bankspowerApp","Banks Power","AUTO_AND_VEHICLES"
""com.bsro.tp","Tires Plus","AUTO_AND_VEHICLES"
""com.innova.rspro","RepairSolutionsPRO","AUTO_AND_VEHICLES"
""com.recovr","RecovR: Vehicle Theft Recovery","AUTO_AND_VEHICLES"
""com.youvainfo.rto.vahan.informationapp","Vehicle Information App","AUTO_AND_VEHICLES"
""com.boatsgroup.yachtworld","YachtWorld","AUTO_AND_VEHICLES"
""com.flexcar.flexcar","Flexcar","AUTO_AND_VEHICLES"
""com.gentex.homelink.connect","HomeLink®","AUTO_AND_VEHICLES"
""com.napko.RealDash","RealDash","AUTO_AND_VEHICLES"
""com.AutoRepairInvoice","ARI (Auto Repair Software)","AUTO_AND_VEHICLES"
""com.hptuners.tdn","Tune Delivery Network (TDN)","AUTO_AND_VEHICLES"
""com.kineapps.mycar","My Car - Car Management","AUTO_AND_VEHICLES"
""ru.farpost.dromfilter","Дром Авто","AUTO_AND_VEHICLES"
""bike.hopp","Hopp","AUTO_AND_VEHICLES"
""com.driivz.ckus","Circle K Charge USA","AUTO_AND_VEHICLES"
""mrigapps.andriod.fuelcons","Simply Auto: Car Maintenance","AUTO_AND_VEHICLES"
""com.iViNi.bmwhatLite","Carly — OBD2 car scanner","AUTO_AND_VEHICLES"
""com.elm.elm327.obd2.eobd.obd.car.scanner.diagnostics.tool.dashboard.doctor.check.engine.torque.speed.trouble.codes.mary","Obd Mary – Car Scanner for ELM","AUTO_AND_VEHICLES"
""com.AIC.MobileApp","AIC Mobile","AUTO_AND_VEHICLES"
""com.carplay.car.play.apple","Car play – Carplay Android","AUTO_AND_VEHICLES"
""com.autel.charge","Autel Charge - EV Charging","AUTO_AND_VEHICLES"
""com.pakwheels","PakWheels: Buy & Sell Cars","AUTO_AND_VEHICLES"
""br.com.ctncardoso.ctncar","Drivvo - car management","AUTO_AND_VEHICLES"
""com.arifleet.aridriver","Holman Insights","AUTO_AND_VEHICLES"
""mechsit.ai.obd2gpt","AI Mechanic","AUTO_AND_VEHICLES"
""net.bimmergeeks","ProTool","AUTO_AND_VEHICLES"
""be.appwise.android.fireplace","Car Fireplace","AUTO_AND_VEHICLES"
""com.atob.drivers","AtoB: Find and Save on Fuel","AUTO_AND_VEHICLES"
""com.americasbestpics","ABPV America’s best pics&vids","SOCIAL"
""com.zhiliaoapp.musically","TikTok","SOCIAL"
""com.instagram.android","Instagram","SOCIAL"
""com.instagram.barcelona","Threads","SOCIAL"
""com.facebook.katana","Facebook","SOCIAL"
""com.reddit.frontpage","Reddit","SOCIAL"
""com.twitter.android","X","SOCIAL"
""com.facebook.lite","Facebook Lite","SOCIAL"
""sg.bigo.live","Bigo Live - Live Streaming App","SOCIAL"
""com.pinger.textfree","Text Free: Second Phone Number","SOCIAL"
""com.textmeinc.textme","Text Me: Second Phone Number","SOCIAL"
""com.nhn.android.band","BAND - App for all groups","SOCIAL"
""com.sgiggle.production","Tango- Live Stream, Video Chat","SOCIAL"
""org.thunderdog.challegram","Telegram X","SOCIAL"
""com.aigc.ushow.ichat","Linky AI: Chat, Play, Connect","SOCIAL"
""com.truthsocial.android.app","Truth Social","SOCIAL"
""com.myyearbook.m","MeetMe: Chat & Meet New People","SOCIAL"
""com.pof.android","Plenty of Fish Dating App","SOCIAL"
""com.newsclapper.video","Clapper: Video, Live, Chat","SOCIAL"
""com.kismia.app","Kismia - Meet Singles Nearby","SOCIAL"
""cool.monkey.android","Monkey - random video chat","SOCIAL"
""omegle.tv","OmeTV – Video Chat Alternative","SOCIAL"
""com.taggedapp","Tagged - Meet, Chat & Dating","SOCIAL"
""com.miles.androidliv","Miles - Video chat online","SOCIAL"
""co.yellw.yellowapp","Yubo: Make new friends","SOCIAL"
""com.grindrapp.android","Grindr - Gay Dating & Chat","SOCIAL"
""com.takimi.android","Taimi - LGBTQ+ Dating & Chat","SOCIAL"
""app.local.single","Local Single: Chat & Friends","SOCIAL"
""com.gogii.textplus","textPlus: Text Message + Call","SOCIAL"
""com.datarecovery.business.restoredeletedmessages","Recover Deleted Messages","SOCIAL"
""com.rodolfogs.nextdooralerts","Freebie Alerts: Free Stuff App","SOCIAL"
""net.wrightflyer.le.reality","REALITY-Become an Anime Avatar","SOCIAL"
""app.grotinou.sushi","SUSH Grow cute virtual animal","SOCIAL"
""com.plamfy.platform","Plamfy: Live Stream Video Chat","SOCIAL"
""com.imvu.mobilecordova","IMVU: Social Chat & Avatar app","SOCIAL"
""instagram.video.downloader.story.saver.ig","Video downloader - Story Saver","SOCIAL"
""xyz.copiee.android","CloseMee","SOCIAL"
""com.ilocatemobile.navigation","Track Any Phone","SOCIAL"
""com.hdvideodownloader.downloaderapp","Video Downloader HD - Vidow","SOCIAL"
""com.firelight.android.app","Vibe Dating App: Meet People","SOCIAL"
""video.like","Likee - Short Video Community","SOCIAL"
""com.pinger.textfree.call","Text Free: Calling & Texting","SOCIAL"
""com.fullsenders.sendit","sendit","SOCIAL"
""com.textmeinc.freetone","FreeTone Calls & Texting","SOCIAL"
""com.locket.Locket","Locket Widget","SOCIAL"
""com.blockchainvault","Pi Network","SOCIAL"
""com.baitu.qingshu","Poppo live","SOCIAL"
""video.chat.joi","Joi - Live Video Chat","SOCIAL"
""statussaver.statusdownloader.downloadstatus.videoimagesaver","Status Saver - Video Saver","SOCIAL"
""me.dingtone.app.im","Second Number for Call & Text","SOCIAL"
""info.wizzapp","Wizz App - chat now","SOCIAL"
""io.cheelee.app","Cheelee: watch and get money","SOCIAL"
""com.nglreactnative","NGL: ask me anything","SOCIAL"
""com.xiaoyu.heyo","Heyo- Chat & Message","SOCIAL"
""com.overseas.hizone","HiZone App: Meet. Chat. Dating","SOCIAL"
""com.plato.android","Plato: Fun Multiplayer Games","SOCIAL"
""com.thvine.nayo","Nayo: Chat, Meet & Dating App","SOCIAL"
""com.adoraboo","Adoraboo - Raise Boos Together","SOCIAL"
""ly.omegle.android","Omega - Live video call & chat","SOCIAL"
""com.tumblr","Tumblr—Fandom, Art, Chaos","SOCIAL"
""com.bobo.happy","KissMee - Live Video Chat","SOCIAL"
""co.seasoned.seasonedMessaging","Seasoned Service Industry Jobs","SOCIAL"
""com.p1.mobile.putong","TanTan - Asian Dating App","SOCIAL"
""com.stellavenus.android","XOXO 2 - Live Video Chat","SOCIAL"
""com.guochao.faceshow","BuzzCast - Live Video Chat App","SOCIAL"
""com.rosyandroid.xme","X Me - Live Video Chat","SOCIAL"
""mini.video.chat","Minichat – The Fast Video Chat","SOCIAL"
""com.tailtales.android","Do it - Meet & Video Chat","SOCIAL"
""com.circle38.photocircle","PhotoCircle","SOCIAL"
""com.superlive.liveapp","SuperLive- Live Stream & Chat","SOCIAL"
""com.oraplay.android","Pompon - Video Chat And Joy","SOCIAL"
""xyz.blueskyweb.app","Bluesky","SOCIAL"
""com.scorp.who","Who - Live Video Chat","SOCIAL"
""com.gameram.gameram","Gameram – Network for gamers","SOCIAL"
""com.meetup","Meetup: Social Events & Groups","SOCIAL"
""com.framy.placey","Playsee: Explore Local Reels","SOCIAL"
""com.fun.d2m","D2M Dating: Match Chat & Meet","SOCIAL"
""com.joymeet.lite","Joymeet: Dating, Match & Chat","SOCIAL"
""com.vkontakte.android","VK: music, video, messenger","SOCIAL"
""com.hkfuliao.chamet","Chamet - Live Video Chat","SOCIAL"
""com.GoFundMe.GoFundMe","GoFundMe: Best in Crowdfunding","SOCIAL"
""com.skool.skoolcommunities","Skool","SOCIAL"
""com.livhub.android","LivHub - Video Chat Online","SOCIAL"
""com.habi.android","Habi - Live Video Chat","SOCIAL"
""com.tigo.flower","Tigo - Live Video Chat&More","SOCIAL"
""net.familo.android","Familo: Find My Phone Locator","SOCIAL"
""com.bereal.ft","BeReal. Your friends for real.","SOCIAL"
""com.hay.android","Hay - Live Video Chat & Call","SOCIAL"
""com.hubolabs.hubo","purp - Make new friends","SOCIAL"
""com.bumblebff.app","Bumble For Friends: Meet IRL","SOCIAL"
""com.guppir.swipr","BeFriend: make friends nearby","SOCIAL"
""org.findmykids.child","Pingo by Findmykids","SOCIAL"
""com.skout.android","SKOUT - Meet, Chat, Go Live","SOCIAL"
""org.eitamessenger.ga","eigram zed filter","SOCIAL"
""is.u.utopia","Utopia — Private Messenger","SOCIAL"
""com.photogallery.managealbum.photovault.pixagallery.cloudbackup","Cloud Gallery - Photo Editor","SOCIAL"
""com.clubhouse.app","Clubhouse","SOCIAL"
""com.waplogmatch.social","W-Match: Video Dating & Chat","SOCIAL"
""com.matchtech.solive","SoLive - Live Video Chat","SOCIAL"
""com.new.meet","Meete - Text & Chat","SOCIAL"
""com.letterboxd.letterboxd","Letterboxd","SOCIAL"
""com.waooolive.android","Xviews - Video Chat&Hook Up","SOCIAL"
""app.zyng.app","Howbout: social calendar","SOCIAL"
""com.comlive","ComLive - Live Video Chat","SOCIAL"
""com.fmt.adr","FunMeet-connects with fun","SOCIAL"
""com.weareher.her","HER Lesbian, bi & queer dating","SOCIAL"
""com.xingin.xhs","REDnote—小红书国际版","SOCIAL"
""app.goodmorningnight","Good Morning & Good Night GIFs","SOCIAL"
""video.like.lite","Likee Lite - Funny videos","SOCIAL"
""app.pnk","PNK - Chat now","SOCIAL"
""com.videolite","Video Lite","SOCIAL"
""com.who.tracky","Tracky : Location GPS Sharing","SOCIAL"
""com.bonhub.happy","BonHub - Video Chat Online","SOCIAL"
""com.nianticlabs.campfire","Niantic Campfire","SOCIAL"
""social.media.downloader.video.picture.saver","SDownloader - Video Downloader","SOCIAL"
""video.chat.peachat","Peachat - Live Video Chat","SOCIAL"
""com.mightybell.mb","Mighty Networks","SOCIAL"
""com.waplog.social","Waplog: Dating, Match & Chat","SOCIAL"
""com.videostreamapp.meet","Pandalive - Video Chat","SOCIAL"
""com.mihoyo.hoyolab","HoYoLAB","SOCIAL"
""com.yy.hiyo","Hago- Party, Chat & Games","SOCIAL"
""com.star.ayar.android","Ayar-Chat&Play","SOCIAL"
""com.jaumo","Jaumo Dating App: Flirt & Date","SOCIAL"
""app.renz.make.new.friends.swipe.chat.meet.real.people","Renz - Make New Friends","SOCIAL"
""com.boloup.lite","Boloup Lite - Chat & Date","SOCIAL"
""com.unearby.sayhi","SayHi Chat Meet Dating People","SOCIAL"
""com.pandoraroom.pandora","Nicee - Video Chat & Meet","SOCIAL"
""com.kickstarter.kickstarter","Kickstarter","SOCIAL"
""com.haflla.soulu","SOYO-Live Chat &Make Friends","SOCIAL"
""com.withfeelingai.test","Paradot: Personal AI chat","SOCIAL"
""com.pinterest.twa","Pinterest Lite","SOCIAL"
""statussaver.statusdownloader.downloadstatus.savestatus","Status Saver: Video Downloader","SOCIAL"
""com.Treat.TreatApp","TREAT: Play & impact REAL dogs","SOCIAL"
""com.towneers.www","Karrot: Buy & sell locally","SOCIAL"
""com.live.soulchill","SoulChill - Voice Chat & Party","SOCIAL"
""com.dianyun.chikii","Chikii-Play PC Games","SOCIAL"
""mobi.jackd.android","Jack’d - Gay Chat & Dating","SOCIAL"
""co.ninecount.wink","Wink - Friends & Dating App","SOCIAL"
""so.circle.circle","Circle","SOCIAL"
""com.omnewgentechnologies.vottak","Shorts VotTak: Short Video App","SOCIAL"
""com.zipchat.funny","TeeseMee - Live Video Chat","SOCIAL"
""videochat.juds","Juds- Random Live Video Chat","SOCIAL"
""biz.trans","Trans: Transgender Dating App","SOCIAL"
""com.camsea.videochat","Camsea - Live Video Call","SOCIAL"
""com.messenger.allprivate","Messenger for All Message Apps","SOCIAL"
""com.playbackbone.android","Backbone — Next-Level Play","SOCIAL"
""com.lovinm.site.app","برنامه لاوریا","SOCIAL"
""com.cremasocial.crema","Crema: Social Meal Video Chat","SOCIAL"
""com.plusme.live","LiveMe+: Live Stream & Go Live","SOCIAL"
""com.litatom.app","Litmatch—Make new friends","SOCIAL"
""com.hiwaifu.app","HiWaifu: AI Friend & Waifu Hub","SOCIAL"
""socialallinoneapp.allsocialmediaapps","All Messages - All Social App","SOCIAL"
""com.appspot.scruffapp","SCRUFF","SOCIAL"
""co.benx.weverse","weverse","SOCIAL"
""co.babypenguin.androidlive","imo live","SOCIAL"
""com.loveriaapp.online","بلایند دیت blind date","SOCIAL"
""jp.pxv.android","pixiv","SOCIAL"
""com.inst.socialist","Socialist | Get Fast Followers","SOCIAL"
""com.yougov.mobile.online","YouGov","SOCIAL"
""com.olamet.mobile","Olamet - Video Chat Online","SOCIAL"
""com.pulsechats","Pulsechat-Live Video Chat","SOCIAL"
""com.nighttalk","NightTalk","SOCIAL"
""com.minderapps.minder","Salams - Where Muslims Meet","SOCIAL"
""com.affinityapps.yuzu","Yuzu - for the Asian community","SOCIAL"
""com.boldd.bold","Joke - Live Video chat","SOCIAL"
""com.scorp.wholite","Who Lite - Video chat now","SOCIAL"
""com.initechapps.growlr","GROWLR: Gay Bears Near You","SOCIAL"
""com.gouarego.android","GoGo - Video Chat&Hook up","SOCIAL"
""com.signal.android","Cantina","SOCIAL"
""com.videochat.livu","LivU - Live Video Chat","SOCIAL"
""io.chatyapp","Chaty - Chat & Make Friends","SOCIAL"
""com.zeetok.videochat","Zeetok - Meet and Chat","SOCIAL"
""com.dazz.hoop","Hoop - Make new friends","SOCIAL"
""de.tellonym.app","Tellonym: anonymous questions","SOCIAL"
""com.client.tenderu.android","TenderU - Real Video Chat","SOCIAL"
""ee.linktr.admin","Linktree: Link in bio creator","SOCIAL"
""com.wannachat.live","Wanna - Live Video Chat","SOCIAL"
""com.frasesyreflexiones.saludosparatodaocasion","Daily Wishes and Blessings Gif","SOCIAL"
""com.kinzoo.android","Kinzoo: Fun All-Ages Messenger","SOCIAL"
""io.walkietalkie","Walkie Talkie - All Talk","SOCIAL"
""com.voicemaker.android","SUGO：Voice Live Chat Party","SOCIAL"
""com.messenger.messengerpro.social.chat","The Messenger for Messages","SOCIAL"
""com.deviantart.android.damobile","DeviantArt","SOCIAL"
""com.honeycam","Honeycam Chat-Short Video&Chat","SOCIAL"
""com.app.meego.android","Meego - Video Call, Live Chat","SOCIAL"
""com.vidiq.app","vidIQ for YouTube","SOCIAL"
""com.live.honey","Honey Jar - Voice Chat & Party","SOCIAL"
""com.exutech.chacha","HOLLA - Live Random Video Chat","SOCIAL"
""com.dil.ka.rishta","Dil Ka Rishta","SOCIAL"
""com.locals.localsapp","Locals.com","SOCIAL"
""com.download.whatstatus","Status Saver App, Video Saver","SOCIAL"
""sh.whisper","Whisper","SOCIAL"
""com.evite","Evite: Email & SMS Invitations","SOCIAL"
""emojigif.lovestickers.wasticker.gifsticker","GIF Sticker & WAsticker","SOCIAL"
""com.mico","MICO: Go Live Streaming & Chat","SOCIAL"
""com.pita.oyem","MeYo : be friends","SOCIAL"
""com.rueblur","Rueblur","SOCIAL"
""com.callingme.chat","Calling Me - fun video chat","SOCIAL"
""com.ipsos.isay","Survey Rewards by Ipsos iSay","SOCIAL"
""app.nicegram","Nicegram: AI Chat for Telegram","SOCIAL"
""com.indeed.android.jobsearch","Indeed Job Search","BUSINESS"
""us.zoom.videomeetings","Zoom Workplace","BUSINESS"
""com.microsoft.teams","Microsoft Teams","BUSINESS"
""com.azure.authenticator","Microsoft Authenticator","BUSINESS"
""com.doordash.driverapp","DoorDash - Dasher","BUSINESS"
""com.ubercab.driver","Uber - Driver: Drive & Deliver","BUSINESS"
""com.adpmobile.android","ADP Mobile Solutions","BUSINESS"
""com.linkedin.android","LinkedIn: Jobs & Business News","BUSINESS"
""com.amazon.flex.rabbit","Amazon Flex","BUSINESS"
""com.ukg.oneapp","UKG Pro","BUSINESS"
""com.google.android.apps.dynamite","Google Chat","BUSINESS"
""com.ziprecruiter.android.release","Job Search by ZipRecruiter","BUSINESS"
""com.workday.workdroidapp","Workday","BUSINESS"
""com.duosecurity.duomobile","Duo Mobile","BUSINESS"
""com.boatip.browser","Boat Browser","BUSINESS"
""com.Slack","Slack","BUSINESS"
""com.usps.app","USPS MOBILE®","BUSINESS"
""com.adobe.scan.android","Adobe Scan: PDF Scanner, OCR","BUSINESS"
""com.fedex.ida.android","FedEx Mobile","BUSINESS"
""com.paylocity.paylocitymobile","Paylocity","BUSINESS"
""com.walmart.sparkdriver","Spark Driver","BUSINESS"
""com.squareup","Square Point of Sale: Payment","BUSINESS"
""com.lyft.android.driver","Lyft Driver","BUSINESS"
""com.glassdoor.app","Glassdoor | Jobs & Community","BUSINESS"
""com.cisco.wx2.android","Webex","BUSINESS"
""one.cryptoguru.cryptotradingacademy","Cryptoguru: Trading Simulator","BUSINESS"
""com.shopify.mobile","Shopify - Your Ecommerce Store","BUSINESS"
""com.bpmobile.iscanner.free","iScanner - PDF Scanner App","BUSINESS"
""com.grubhub.driver","Grubhub for Drivers","BUSINESS"
""com.cisco.webex.meetings","Webex Meetings","BUSINESS"
""com.logmein.gotoconnect","GoTo","BUSINESS"
""net.itx.paychex","Paychex Flex","BUSINESS"
""com.facebook.pages.app","Meta Business Suite","BUSINESS"
""com.instaworkmobile","Instawork: Be your own boss","BUSINESS"
""exchange.ondemand.randstad.worker","randstad: jobs for workers","BUSINESS"
""com.walmart.squiggly","Me@Walmart","BUSINESS"
""com.ups.mobile.android","UPS","BUSINESS"
""com.fiverr.fiverr","Fiverr - Freelance Service","BUSINESS"
""com.allinone.logomaker.app","Logo Maker : Graphic Designer","BUSINESS"
""com.tvscreencasting.screencast.screenmirroring","Cast Phone to TV, Chromecast","BUSINESS"
""org.peopleready.jobstack","JobStack for Work | Job Search","BUSINESS"
""us.zoom.pwa.twa","Zoom for Chromebook","BUSINESS"
""com.jobget","JobGet: Get Hired","BUSINESS"
""com.etsy.butter.sell_on_etsy","Etsy Seller: Manage Your Shop","BUSINESS"
""com.joinhomebase.homebase.homebase","Homebase: Staff Scheduling App","BUSINESS"
""com.shipt.shopper","Shipt: Deliver & Earn Money","BUSINESS"
""com.thegrizzlylabs.geniusscan.free","Genius Scan - PDF Scanner","BUSINESS"
""com.logmein.rescuemobile","Rescue + Mobile for Android","BUSINESS"
""com.publicstorage.officialapp","Public Storage","BUSINESS"
""com.kronos.dimensions.enterprise","UKG Dimensions","BUSINESS"
""com.dat.unified","DAT One","BUSINESS"
""com.paypal.merchant.client","PayPal Business","BUSINESS"
""com.dayforce.mobile","Dayforce","BUSINESS"
""com.paycor.perform","Paycor Mobile","BUSINESS"
""com.semaphore.login","Vagaro Pro","BUSINESS"
""com.thisclicks.wiw","When I Work Team Scheduling","BUSINESS"
""com.whova.event","Whova - Event & Conference App","BUSINESS"
""com.kronos.workforceready","UKG Ready","BUSINESS"
""com.cvent.mobile.eventapp","Cvent Events","BUSINESS"
""com.alightsolutions.benefitscenter","Alight Mobile","BUSINESS"
""com.connecteamco.Connecteam.app","Connecteam Team Management App","BUSINESS"
""com.tmobile.techphd","Protection 360™","BUSINESS"
""biz.faxapp.app","FAX App: Send Faxes from Phone","BUSINESS"
""us.zoom.videomeetings4intune","Zoom Workplace for Intune","BUSINESS"
""com.amazon.atozm","Amazon A to Z","BUSINESS"
""com.shiftsmart.workerapp","Shiftsmart - Find Work","BUSINESS"
""com.yelp.android.biz","Yelp for Business","BUSINESS"
""com.mobisystems.office","OfficeSuite: Word, Sheets, PDF","BUSINESS"
""com.jobtoday.app","JOB TODAY: Hire & Find Jobs","BUSINESS"
""com.kdanmobile.android.pdfreader.google.pad","PDF Reader: Edit & Convert PDF","BUSINESS"
""com.facebook.adsmanager","Meta Ads Manager","BUSINESS"
""com.intuit.quickbooks","QuickBooks Online Accounting","BUSINESS"
""com.hugoteam.airtalk_wireless","AirTalk Wireless","BUSINESS"
""com.jobrapp.jobr","Monster Job Search","BUSINESS"
""com.concur.breeze","SAP Concur","BUSINESS"
""com.bg.flyermaker","Flyers, Poster Maker, Design","BUSINESS"
""com.dukeenergy.customerapp.release","Duke Energy","BUSINESS"
""com.joinhandshake.student","Handshake Jobs & New Careers","BUSINESS"
""com.bold.mpr","MyPerfectResume Builder","BUSINESS"
""com.glip.mobile","RingCentral","BUSINESS"
""com.google.android.apps.adwords","Google Ads","BUSINESS"
""com.maverik.rewards","Maverik Rewards","BUSINESS"
""com.sevenshifts.android","7shifts: Employee Scheduling","BUSINESS"
""com.aadhk.woinvoice","Invoice Simple: Invoice Maker","BUSINESS"
""com.gigsmart.worker","GigSmart Get Gigs","BUSINESS"
""com.paveapp","Solo: Your Gig Business App","BUSINESS"
""com.getjobber.jobber","Jobber: For Home Service Pros","BUSINESS"
""com.pgac.general.droid","The General® Auto Insurance","BUSINESS"
""com.hhaexchange.caregiver","HHAeXchange","BUSINESS"
""io.labhouse.invoicesapp","Invoice Fly - Quote Maker","BUSINESS"
""co.legion.client","Legion Workforce Engagement","BUSINESS"
""com.openpath.mobile","Avigilon Alta Open","BUSINESS"
""com.hcmtogo.workforceready","HCMToGo","BUSINESS"
""com.teamviewer.teamviewer.market.mobile","TeamViewer Remote Control","BUSINESS"
""com.joistapp.android.joist","Joist Invoices for Contractors","BUSINESS"
""com.microsoft.rdc.androidx","Remote Desktop","BUSINESS"
""com.documentscan.simplescan.scanpdf","Document Scan: PDF scanner","BUSINESS"
""com.voteractivationnetwork.minivan","MiniVAN","BUSINESS"
""com.mapyourshow.IMTSMobileApp","IMTS 2024 Mobile App","BUSINESS"
""com.amarkets","AMarkets: Trade & Invest","BUSINESS"
""com.rabbl.blinq","Blinq - Digital Business Card","BUSINESS"
""com.hhaexchange.uma","HHAeXchange+","BUSINESS"
""com.datazone.typingjobs","Typing Job : Earn Money Online","BUSINESS"
""com.amazon.sellermobile.android","Amazon Seller","BUSINESS"
""com.altametrics.zipschedulesers","Altametrics Schedules","BUSINESS"
""com.workjam.workjam","WorkJam","BUSINESS"
""com.newgenerationhub.language.translator.voice.translate.languages","AI Translate All Languages","BUSINESS"
""com.uber.restaurants","Uber Eats Orders","BUSINESS"
""com.workwhilejobs.app","WorkWhile","BUSINESS"
""com.vehotechnologies.Driver","Veho Driver","BUSINESS"
""us.zoom.zrc","Zoom Rooms Controller","BUSINESS"
""com.upwork.android.apps.main","Upwork for Freelancers","BUSINESS"
""com.mobisystems.mobiscanner","PDF Extra PDF Editor & Scanner","BUSINESS"
""com.reportallusa.landglide","LandGlide","BUSINESS"
""com.smartsheet.android","Smartsheet: Projects & Teams","BUSINESS"
""com.mokinetworks.bamboohr","BambooHR","BUSINESS"
""com.syftapp.android","Indeed Flex","BUSINESS"
""com.snagajob.jobseeker","Snagajob - Jobs Hiring Now","BUSINESS"
""com.clickworker.clickworkerapp","clickworker","BUSINESS"
""com.bigoceanstudio.language.translator.ocr.language.learning","Language Translator App","BUSINESS"
""gov.dhs.cbp.cbpone","CBP One","BUSINESS"
""com.tasmanic.camtoplanfree","Tape measure Measurement ruler","BUSINESS"
""me.egate.moufadala","المفاضلة","BUSINESS"
""com.hopskipdrive.driver","HopSkipDrive CareDriver","BUSINESS"
""com.squareup.invoicesapp","Square Invoices: Invoice Maker","BUSINESS"
""com.vikktoria","Vikk - AI Legal Assistant","BUSINESS"
""com.salesforce.authenticator","Salesforce Authenticator","BUSINESS"
""com.stripe.android.dashboard","Stripe Dashboard","BUSINESS"
""com.acretrader.acremapsmobile","Acres: Land Data & Parcel Maps","BUSINESS"
""com.asiacell.asiacellodp","Asiacell","BUSINESS"
""com.mobile.tenstreet.driverpulse","Driver Pulse by Tenstreet","BUSINESS"
""com.meeting.onlinemeetingsvideomeeting","Meeting - Video Conference","BUSINESS"
""com.serveture.staffmark","Staffmark Group WorkNOW","BUSINESS"
""co.timesquared.timetracker","Time Clock: Easy Tracker","BUSINESS"
""com.soc.mycolorado","myColorado","BUSINESS"
""com.appxy.tinyscanner","Tiny Scanner - PDF Scanner App","BUSINESS"
""com.veryableops.veryable","Veryable: Work. Next Day Pay","BUSINESS"
""com.cvmaker.cvcreator.makeyourcv.intelligentcv.freecv.cvforjob.professional.cvformat","Resume Builder: CV Maker","BUSINESS"
""icv.resume.curriculumvitae","Resume Builder App, CV maker","BUSINESS"
""onlinejobs.opportunities.employment","Work from Home","BUSINESS"
""com.translate.all.language.translator.dictionary.voice.translation","All Languages Voice Translator","BUSINESS"
""com.dynamixsoftware.printershare","PrinterShare Mobile Print","BUSINESS"
""cn.tydic.ethiopay","telebirr","BUSINESS"
""com.xcelenergy.myaccount.prod","Xcel Energy","BUSINESS"
""com.airwatch.androidagent","Intelligent Hub","BUSINESS"
""com.mor.tedooo","Tedooo","BUSINESS"
""com.barefeet.logomaker","AI Logo Generator Logo Maker","BUSINESS"
""com.keeptruckin.android","Motive Driver (ex KeepTruckin)","BUSINESS"
""com.traba.trabaapp","Traba","BUSINESS"
""com.businessolver.mychoice","MyChoice Benefits","BUSINESS"
""virtualnumber.secondphone.virtualphone","GetCode - Virtual Number SMS","BUSINESS"
""com.swipejobs.premier.worker","swipejobs","BUSINESS"
""com.mobisystems.fileman","File Commander Manager & Vault","BUSINESS"
""com.oracle.events","Oracle Events","BUSINESS"
""com.nee.fpl","FPL","BUSINESS"
""com.reliant.app","Reliant","BUSINESS"
""com.thumbtack.pro","Thumbtack for Professionals","BUSINESS"
""com.jda.mobility.wfmr","Blue Yonder Workforce","BUSINESS"
""com.cfxway.epass","E-PASS Toll App","BUSINESS"
""com.languagetranslator.translatorapp.smartscanner.dictionary.translation.voicetranslator","Translate All Languages","BUSINESS"
""com.swipejobs.jobstack.worker","JobStack | Find a Job | Find T","BUSINESS"
""com.squareup.apos","Square Appointments: Scheduler","BUSINESS"
""com.enphaseenergy.myenlighten","Enphase Enlighten","BUSINESS"
""com.asana.app","Asana: Work in one place","BUSINESS"
""com.mobiletranstorapps.all.languages.translator.free.voice.translation","All Languages Translator","BUSINESS"
""com.netqin.ps","Vault - Hide Pics, App Lock","BUSINESS"
""com.microsoft.msapps","Power Apps","BUSINESS"
""org.ehub1100.eh.ui","eHub","BUSINESS"
""net.fieldwire.app","Fieldwire - Construction App","BUSINESS"
""com.salesforce.chatter","Salesforce","BUSINESS"
""housecall.pros","Housecall Pro","BUSINESS"
""com.Curri.Driver","Curri Driver","BUSINESS"
""com.metropcs.service.vvm","Visual Voicemail by MetroPCS","BUSINESS"
""com.crunchtime.teamworx","Crunchtime Teamworx","BUSINESS"
""com.dominionenergy.oneapp","Dominion Energy","BUSINESS"
""com.docebo.eolo.staging","Go.Learn","BUSINESS"
""com.nfc.popl","Popl - Digital Business Card","BUSINESS"
""egov.app","eGovPH","BUSINESS"
""com.restaurant365.scheduling","Restaurant365","BUSINESS"
""com.vzbusiness","My Verizon For Business","BUSINESS"
""com.mpg.mymanpower","My Manpower App","BUSINESS"
""play.me.hihello.app","HiHello: Digital Business Card","BUSINESS"
""com.rentecdirect.primary","Rentec Direct","BUSINESS"
""com.adp.e","Roll by ADP – Easy Payroll App","BUSINESS"
""com.successfactors.successfactors","SAP SuccessFactors Mobile","BUSINESS"
""com.amazon.relay","Amazon Relay","BUSINESS"
""com.resume.builder.cv.maker.pdf","Resume Builder, CV Maker - PDF","BUSINESS"
""com.izettle.android","PayPal Zettle: Point of Sale","BUSINESS"
""amplify.fill","Fill and Sign Easy PDF Editor","BUSINESS"
""gov.ga.dds.gadds","DDS 2 GO","BUSINESS"
""com.hth.airvoice_wireless","AirVoice Wireless","BUSINESS"
""com.axiscare","AxisCare Mobile","BUSINESS"
""com.facebook.work","Workplace from Meta","BUSINESS"
""com.iaai.android","IAA Buyer Salvage Auctions","BUSINESS"
""health.clipboard.worker","Clipboard Health","BUSINESS"
""mobi.foo.zain","Zain Iraq","BUSINESS"
""com.alliancepayroll.mypay","AllianceHCM MyPay","BUSINESS"
""com.wonolodroid","Wonolo","BUSINESS"
""plus.fax.android","Fax.Plus - Send Fax from Phone","BUSINESS"
""com.southernco.gpc.occnativemobileapp","Georgia Power","BUSINESS"
""com.localweather.radar.climate","Local Weather: Live Forecast","WEATHER"
""com.weather.Weather","The Weather Channel - Radar","WEATHER"
""weather.forecast.channel.live","Weather Forecast & Live Radar","WEATHER"
""com.daily.forecast.weather.radar","Daily Forecast: Weather&Radar","WEATHER"
""com.eet.weather.launcher","Weather Now Launcher - Radar","WEATHER"
""com.acmeaom.android.myradar","MyRadar Weather Radar","WEATHER"
""com.weatherradarhome.weather.forecast.live.radar.aqi.android","Live Weather Radar Launcher","WEATHER"
""com.weather.forecast.radar.rain.days.home","Daily Weather Launcher - Radar","WEATHER"
""com.aws.android","Weather Radar by WeatherBug","WEATHER"
""live.weather.vitality.local.channel.forecast","Local Weather Forecast - Radar","WEATHER"
""de.wetteronline.wetterapp","Weather & Radar","WEATHER"
""com.accuweather.android","AccuWeather: Weather Radar","WEATHER"
""aplicacion.tiempo","Weather Radar - Meteored News","WEATHER"
""com.live.life.forecast.weathertracker","Weather Tracker-Live forecast","WEATHER"
""com.windyty.android","Windy.com - Weather Forecast","WEATHER"
""live.weather.vitality.studio.forecast.widget","Local Weather Alerts - Widget","WEATHER"
""com.accurate.weather.forecast.live","Weather: Live radar & widgets","WEATHER"
""com.roomthermometer.interior","Room Temperature Thermometer","WEATHER"
""com.weather.nold.forecast","Live Weather: Weather Forecast","WEATHER"
""co.windyapp.android","Windy.app - Enhanced forecast","WEATHER"
""com.neave.zoomearth","Zoom Earth - Live Weather Map","WEATHER"
""com.jpltech.hurricanetracker","Tropical Hurricane Tracker","WEATHER"
""com.fox.weather","FOX Weather: Daily Forecasts","WEATHER"
""life.channel.accurate.local.weather.forecast","Local Weather：Weather Forecast","WEATHER"
""edu.berkeley.bsl.myshake","MyShake","WEATHER"
""com.jrustonapps.myauroraforecast","My Aurora Forecast & Alerts","WEATHER"
""com.apalon.weatherradar.free","Clime: NOAA Weather Radar Live","WEATHER"
""com.druryoutdoors.deercast.app","DeerCast: Weather, Maps, Track","WEATHER"
""com.weather.forecast.weatherchannel","Weather app","WEATHER"
""com.jrustonapps.myearthquakealerts","My Earthquake Alerts - Map","WEATHER"
""com.wunderground.android.weather","Weather data & microclimate : ","WEATHER"
""com.channel.weather.forecast","Weather Forecast: Live Weather","WEATHER"
""com.weawow","Weather & Widget - Weawow","WEATHER"
""gov.fema.mobile.android","FEMA","WEATHER"
""com.airvisual","IQAir AirVisual | Air Quality","WEATHER"
""com.forecast.weather.severe.wind","Know Weather: Live Radar","WEATHER"
""com.weather.free.forecast.dailyweather","Daily Weather","WEATHER"
""com.accurate.local.weather.forecast.live","Weather app - Radar & Widget","WEATHER"
""com.wftab.weather.forecast","Weather forecast","WEATHER"
""com.channel.liveweather.localweather.weatherforecast.weather","Weather Forecast - Live Radar","WEATHER"
""com.handmark.expressweather","1Weather Forecasts & Radar","WEATHER"
""com.probadosoft.moonphasecalendar","Moon Phase Calendar","WEATHER"
""com.weathercreative.weatherkitty","Weather Kitty - App & Widget","WEATHER"
""com.wvue.android.weather","FOX 8 Weather","WEATHER"
""cz.ackee.ventusky","Ventusky: Weather Maps & Radar","WEATHER"
""com.newgenerationhub.speedtest.meter.wifi.coverage.speed.test","Speed Test - Wifi Speed Test","WEATHER"
""com.droid27.transparentclockweather","Transparent clock and weather","WEATHER"
""com.jrustonapps.mylightningtracker","My Lightning Tracker & Alerts","WEATHER"
""asav.roomtemprature","Room Temperature Thermometer","WEATHER"
""weather.launcher.radar.ai.forecast","Weather Radar: Live Forecast","WEATHER"
""com.katc.android.weather","KATC WX","WEATHER"
""com.accurate.live.weather.widget","Weather Forecast - Live Radar","WEATHER"
""com.universetoday.moon.free","Phases of the Moon","WEATHER"
""com.wala.weather","FOX10 Weather Mobile Alabama","WEATHER"
""com.fansipan.thermometer.roomtemperature","Room Temperature Thermometer","WEATHER"
""com.exovoid.weather.app","Weather XL PRO","WEATHER"
""com.weathercreative.weatherpuppy","Weather Puppy - App & Widget","WEATHER"
""com.wafb.android.weather","WAFB First Alert Weather","WEATHER"
""com.studioeleven.windfinder","Windfinder: Wind & Weather map","WEATHER"
""com.justhurricanes.hou","Hurricane Tracker 2","WEATHER"
""com.topzonestudio.internet.speed.test.meter.speedx","Wifi Speed Test - Speed Test","WEATHER"
""com.pelmorex.WeatherEyeAndroid.tv","The Weather Network","WEATHER"
""golazo.tv","Golazo","WEATHER"
""com.today.weather.widget","Weather Widgets","WEATHER"
""com.aviatorassistant.weather","Weather Scope NOAA Live Radar","WEATHER"
""com.oimbire.lucky_fisher","Fishing forecast","WEATHER"
""com.cube.arc.hzd","Emergency: Severe Weather App","WEATHER"
""com.yahoo.mobile.client.android.weather","Yahoo Weather","WEATHER"
""com.jrustonapps.myhurricanetracker","My Hurricane Tracker & Alerts","WEATHER"
""com.wbrz.android.weather","WBRZ Weather","WEATHER"
""me.tidesnear.free","Tides Near Me","WEATHER"
""com.omni.weather.launcher","Live Weather Radar Launcher","WEATHER"
""de.mdiener.rain.usa","Rain Alarm","WEATHER"
""com.williamking.whattheforecast","What The Forecast","WEATHER"
""com.accurate.channel.forecast.live.weather","Live Weather Forecast","WEATHER"
""com.wlox.android.weather","WLOX First Alert Weather","WEATHER"
""moon.free.moonphase.calendar.weather","Moon Phase Calendar","WEATHER"
""com.mst.smart.compass.qibla.digial.compass.direction","Smart Compass: Digital Compass","WEATHER"
""com.clearweather.sunnyhome","Weather Clear","WEATHER"
""weatherradar.livemaps.free","Weather Radar: Forecast & Maps","WEATHER"
""com.ruivop.realweather","Real Weather","WEATHER"
""weather.forecast.radar.weatherchannel","Weather Forecast - Local Radar","WEATHER"
""com.spacecityweather.scw","Space City Weather","WEATHER"
""com.wetter.androidclient","weather24: Forecast & Radar","WEATHER"
""com.nicusa.msi.memamobile","MEMA (Mississippi)","WEATHER"
""com.weather.forecast.easy","Weather Forecast","WEATHER"
""com.weatherradar.liveradar.weathermap","Weather Radar & Weather Live","WEATHER"
""com.accurate.local.live.weather","Weather Live - Radar & Alerts","WEATHER"
""com.daugherty.nws_remastered","NWS Weather","WEATHER"
""com.accurate.radar.local.weather.forecast","Weather - Live Radar Tracker","WEATHER"
""com.kplc.android.weather","KPLC 7 First Alert Weather","WEATHER"
""amobi.weather.forecast.storm.radar","9Weather: Weather forecast","WEATHER"
""com.weatherteam.rainy.forecast.radar.widgets","Weather","WEATHER"
""com.droidteam.weather","Weather Forecast","WEATHER"
""com.youngmedia.klfy","KLFY Weather - Weather and Rad","WEATHER"
""com.weather.channel.accurate.widget","Weather Forecast & Radar","WEATHER"
""com.getprecip.precip","Precip - Rainfall Totals","WEATHER"
""twc.car.tmpl.go","The Weather Channel Auto App","WEATHER"
""com.justhurricanes.mia.app","Max Hurricane Tracker","WEATHER"
""mobi.lockdown.weather","Today Weather:Data by NOAA/NWS","WEATHER"
""com.bb.monstertruck.demolition.derby","Rocket Car Soccer League Games","WEATHER"
""com.raindroptest","RainDrop: Virtual Rain Gauge","WEATHER"
""com.predictwind.mobile.android","PredictWind - Marine Forecasts","WEATHER"
""com.vnilapps.auroranow","Aurora Now - Northern Lights","WEATHER"
""com.giovesoft.frogweather","The Frog","WEATHER"
""com.inmobi.weather","Weather","WEATHER"
""asav.roomtemperature.us","Room Temperature Thermometer","WEATHER"
""com.weather.radar.clime.weathernews","Weather Now: Radar & Forecast","WEATHER"
""weather.weasnap","Live Weather Forecast","WEATHER"
""com.nstudio.weatherhere.free","NOAA Weather Unofficial","WEATHER"
""com.room.temperature.meter","Room Temperature Thermometer","WEATHER"
""com.drone.assist","Drone App: Forecast for UAV","WEATHER"
""com.epsilonv.funnyweather","Funny Weather: Rude Forecast","WEATHER"
""com.nautide.app","Nautide","WEATHER"
""com.rmtheis.fireguard","Fireguard Wildfire Tracker","WEATHER"
""com.microsoft.amp.apps.bingweather","MSN Weather - Forecast & Maps","WEATHER"
""com.skysky.livewallpapers","Weather Live Wallpapers","WEATHER"
""com.accurate.weather.forecast.live.radar","Weather Forecast, Live Weather","WEATHER"
""com.bvl.weatherapp","Weather","WEATHER"
""net.ambientweather.dashboard","Ambient Weather Network","WEATHER"
""com.SeventhGear.tides","Tide Charts","WEATHER"
""com.kriv.android.weather","FOX 26 Houston: Weather","WEATHER"
""com.surfline.android","Surfline: Wave & Surf Reports","WEATHER"
""com.app.mikesweatherpagea","Mikes Weather Page","WEATHER"
""weather.alert.storm.radar","Weather Forecast","WEATHER"
""me.syncrex.earthquaketracker","Earthquakes Near Me","WEATHER"
""com.wlbt.android.weather","First Alert Weather","WEATHER"
""com.rzweather.android","RedZone Weather","WEATHER"
""com.weather.weatherforcast.accurateweather.aleartwidget","Weather forecast: Live Radar","WEATHER"
""com.boatus.boatusapp","BoatUS - Boat Weather & Tides","WEATHER"
""widget.dd.com.overdrop.free","Overdrop: Weather today, radar","WEATHER"
""com.lifeoverflow.app.weather","Weather & Clima - Weather App","WEATHER"
""com.storevn.weather","Weather Forecast (Radar Map)","WEATHER"
""com.info.weather.forecast","Weather Forecast","WEATHER"
""com.uavforecast","UAV Forecast for Drone Pilots","WEATHER"
""com.ingenioproductions.airscope","AirScope: Pollen & Air Quality","WEATHER"
""com.qstartlabs.moonguide","Deer Hunters MoonGuide 3.0","WEATHER"
""com.voyagegames.weatherroute","Highway Weather","WEATHER"
""com.krgv.android.weather","KRGV FIRST WARN 5 Weather","WEATHER"
""com.macropinch.swan","Weather","WEATHER"
""pase.tv","Pase tv","WEATHER"
""com.kadn.apps.android","Storm Track 15","WEATHER"
""com.lucky_apps.RainViewer","Weather Radar RainViewer","WEATHER"
""com.spaceweatherlive.app","SpaceWeatherLive","WEATHER"
""weather.forecast.rain.radar","Weather Screen 2 - Forecast","WEATHER"
""com.miui.weather2","Weather - By Xiaomi","WEATHER"
""com.sweetvrn.therm","Indoor thermometer","WEATHER"
""com.tools.weatherapp.daily.wethertracker","Weather Tracker: Daily Weather","WEATHER"
""com.devexpert.weather","Weather & Clock Widget","WEATHER"
""com.weatherflow.smartweather","Tempest Weather","WEATHER"
""campo.play2","Campo Play","WEATHER"
""weather.weatherforcast.accuweather.weatherchannel","Weather - Live Radar & Widgets","WEATHER"
""ch.admin.meteoswiss","MeteoSwiss","WEATHER"
""com.usnaviguide.radar_now","RadarNow! ®","WEATHER"
""yo.app.free","YoWindow Weather and wallpaper","WEATHER"
""com.accurate.forecast.live.weather.channel","Weather Forecast & Widget","WEATHER"
""au.com.weatherzone.android.weatherzonefreeapp","Weatherzone: Weather Forecasts","WEATHER"
""weather.forecast.storm.radar.alert","Weather Forecast- Live Weather","WEATHER"
""com.futorum.w5","Weather watch face W5","WEATHER"
""com.wtvt.android.weather","FOX 13 Tampa: SkyTower Weather","WEATHER"
""com.davidgrossapps.wildfire","Wildfire Info","WEATHER"
""com.apalon.weatherlive.free","Weather Live°","WEATHER"
""com.noaa_hidef_radar","Weather Hi-Def Radar","WEATHER"
""com.channel.weather.forecast.live.radar","Weather App - Weather Forecast","WEATHER"
""weather.forecast.alert.storm.radar","Weather Forecast","WEATHER"
""com.ml.TXSC","Texas Storm Chasers","WEATHER"
""weather.live","Weather - Weather Live","WEATHER"
""com.weather2go.point","Depends on the Weather","WEATHER"
""com.wdam.android.weather","WDAM 7 First Alert Weather","WEATHER"
""com.storevn.weather.forecast","Weather Real-time Forecast","WEATHER"
""com.etool.weather.live","Live weather: Forecast, widget","WEATHER"
""com.driveweather","Drive Weather","WEATHER"
""weather.radar.alert","Weather Live: Weather Forecast","WEATHER"
""com.kalb.android.weather","KALB WX","WEATHER"
""com.dungelin.barometerplus","Barometer Plus - Altimeter","WEATHER"
""com.droid27.senseflipclockweather","Sense Flip Clock & Weather","WEATHER"
""amuseworks.thermometer","Thermometer++","WEATHER"
""de.android.riverapp","RiverApp - River levels","WEATHER"
""noaa.weather.radar","Weather Radar Live Map","WEATHER"
""mobi.byss.instaweather.watchface","Weather for Wear OS","WEATHER"
""com.mylocaltv.wsetwx","ABC13 Weather","WEATHER"
""com.windalert.android.fishweather","FishWeather: Marine Forecasts","WEATHER"
""net.artstyle.noaa_weather_radio_stations_live_forecasts_hurricane_tornadoes","NOAA Weather radio","WEATHER"
""com.helloaurora","hello aurora: forecast app","WEATHER"
""com.juggernaut_tech.buoycast","NOAA Buoy Reports & Data","WEATHER"
""buoysweather.nextstack.com.buoysweather","NOAA Marine Weather","WEATHER"
""com.kdfw.android.weather","FOX 4 Dallas-Fort Worth: Weath","WEATHER"
""com.mcy.cihan.darkskyxweather","Dark Sky Tech Weather App","WEATHER"
""dev.ipapps.uvindex","UV Index - Tan Widget","WEATHER"
""com.astrospheric.dfior.astrospheric","Astrospheric","WEATHER"
""com.wdtinc.android.stormshield","Storm Shield","WEATHER"
""uk.co.openweather","OpenWeather","WEATHER"
""com.wcyb.android.weather","StormTrack 5","WEATHER"
""tools.weather.forecast","Local Weather Forecast","WEATHER"
""com.justhurricanes.app.jax","WJXT - Hurricane Tracker","WEATHER"
""com.exovoid.weatherxs","Weather XS PRO","WEATHER"
""com.thermometer.roomtemp","Accurate Indoor Thermometer","WEATHER"
""no.nrk.yr","Yr","WEATHER"
""pandamonium.noaaweather","NOAA Weather & Tides","WEATHER"
""com.weather.location.new","Daily weather","WEATHER"
""com.sephora","Sephora: Buy Makeup & Skincare","BEAUTY"
""com.ulta","Ulta Beauty: Makeup & Skincare","BEAUTY"
""net.booksy.customer","Booksy for Customers","BEAUTY"
""com.photo.hd.camera.beauty.filter","HD Camera for Android","BEAUTY"
""com.scentbird","Scentbird Monthly Perfume Box","BEAUTY"
""com.follow.ElfCosmetics","e.l.f. Cosmetics and Skincare","BEAUTY"
""com.standysoftware.colorstyle","Color Analysis - Dressika","BEAUTY"
""com.ipsy.mobile.production","IPSY: Personalized Beauty","BEAUTY"
""net.booksy.business","Booksy Biz: For Businesses","BEAUTY"
""com.fresha.Fresha","Fresha for customers","BEAUTY"
""com.htwig.luvmehair","Luvme Hair","BEAUTY"
""mirrorapp.lightmirror.beautymirror.makeupmirror","Beauty Mirror, The Mirror App","BEAUTY"
""com.sallybeauty.shop","SALLY BEAUTY","BEAUTY"
""photo.cam.filter.beauty.effect","Beauty Camera: Sweet Camera","BEAUTY"
""photography.sweet.selfie.camera","Beauty Camera - Selfie Camera","BEAUTY"
""com.styleseat.promobile","StyleSeat: Book Hair & Beauty","BEAUTY"
""com.lajeuneandassociatesllc.barberchopdev","Barber Chop","BEAUTY"
""com.ai.lab.face.swap","FunSwap - AI Face Swap","BEAUTY"
""com.cosmoprofbeauty.shop","CosmoProf Beauty","BEAUTY"
""com.nabilsoft.daily_hairstyles_for_girls","Easy Hairstyles for Girls","BEAUTY"
""com.pandora.jewelry.store.newapp","Jewelry for Pandora","BEAUTY"
""photo.cameraselfie.sweet.camera","Beauty Camera - Sweet Camera","BEAUTY"
""beauty.camera.coocent","Beauty Camera - Selfie Camera","BEAUTY"
""com.mobile.bizo.inpainting.clothes","AI Dress up-Try Clothes Design","BEAUTY"
""com.arcsoft.perfect365","Perfect365 Makeup Photo Editor","BEAUTY"
""com.hair_flutter","AI Hairstyle Try On・Bangs・Wigs","BEAUTY"
""com.blink.beautycam.facemakeup.photoeditor","Blink Beauty Cam: Photo Makeup","BEAUTY"
""com.studio360apps.mirror","Mirror - Fullscreen Mirror App","BEAUTY"
""com.netigen.bestmirror","Phone Mirror app - True Mirror","BEAUTY"
""com.studio.aone.girlshairstyle.hairstylestepbystep","Girls Hairstyle Step By Step","BEAUTY"
""sweet.snap.art.camera.lite.snap.cat.face.camera","Sweet Editor Camera Lite","BEAUTY"
""beauty.skin.care.app","Skincare and Face Care Routine","BEAUTY"
""beauty.haircut.haircolor.hairstyles","Hair Color Changer: Hairstyles","BEAUTY"
""com.vivaldicolor.twa","Vivaldi Color Analysis","BEAUTY"
""com.mw.hd.mobile.mirror.pro","Mirror App - Makeup Mirror","BEAUTY"
""com.glossgenius.GlossGeniusSaaS","GlossGenius","BEAUTY"
""app.foryou","Face Massage, Skincare: forYou","BEAUTY"
""maa.greenscreen_effect.background_changer","Video Background Changer","BEAUTY"
""com.marykay.skinsight.android.flavorProd","Mary Kay® Skin Analyzer","BEAUTY"
""com.colorwise.me.allseasons","My Best Colors","BEAUTY"
""com.getskinbliss.skinbliss","Skin Bliss: Skincare Routines","BEAUTY"
""haircolour.hairstyle.photoeditor.haircolorchanger","Hair Color Changer: Change you","BEAUTY"
""com.apr.digitalclinic","AGE-R medicube Digital clinic","BEAUTY"
""com.rstream.haircare","Haircare app for women","BEAUTY"
""com.shortcutssoftware.mysalon.cookiecutters","Cookie Cutters","BEAUTY"
""com.bs.brilliantseasons2","Show My Colors: Color Palettes","BEAUTY"
""com.fragrantica.www.twa","Fragrantica Perfumes","BEAUTY"
""com.nerovero.beautycalculator","Beauty Calculator Pretty Scale","BEAUTY"
""mmapps.mirror.free","Mirror Plus: Mirror with Light","BEAUTY"
""com.wonderbeauties.app","Wonder Beauties","BEAUTY"
""com.madisonreed","Madison Reed App - Hair Color ","BEAUTY"
""com.mirrorapp.magnifier.camera.mirror.mirrorcam.editor","Beauty Camera: Selfie Editor","BEAUTY"
""photo.hd.video.beauty.camera","HD Camera for Android: 4K Cam","BEAUTY"
""io.mindgarden.colorme","WhatColors: AI Color Analysis","BEAUTY"
""com.glinttec.beautyscan.beautyscore.photoBeautyScan","Face Shape - Pretty Scale","BEAUTY"
""pods.rolsey","Puntero","BEAUTY"
""hairstyle.colorChanger.haircut_salon","Hair Makeover-modiface・haircut","BEAUTY"
""com.lyrebirdstudio.beauty","Beauty Makeup Editor & Camera","BEAUTY"
""com.photoeditor.layout.collagemaker.photocollage.photogrid.piccollage","Photo Editor | Collage Maker","BEAUTY"
""com.nuface.android","NuFACE","BEAUTY"
""com.foreo.foreoapp","FOREO For You","BEAUTY"
""kynguyen.app.mirror","Mirror - Makeup and Shaving","BEAUTY"
""com.ahmetburak.haircuts","Men's Hair Cuts & Hairstyles","BEAUTY"
""com.perfectcorp.amb","Artistry Virtual Beauty","BEAUTY"
""com.fresha.Business","Fresha for business","BEAUTY"
""com.zodel","Zodel - Book Models","BEAUTY"
""truefunapps.longhair","Easy hairstyles step by step","BEAUTY"
""pelter.plotre","Pelotero","BEAUTY"
""xyz.sindan.facescore","Face Shape & Color Analysis","BEAUTY"
""corte.depelohombres2023","Cortes de Pelo Hombre 2024","BEAUTY"
""com.chamsDohaLtd.Tools.Zakhrafa","زخرفة الكتابة بكل انواع الخطوط","BEAUTY"
""com.as.nailpaint.nailart.nailpolish.design.salon","Nail Art Design : Nails Polish","BEAUTY"
""maa.remove_video_background","Remove Background From Video","BEAUTY"
""com.mabixa.mirror","Mirror","BEAUTY"
""com.lashify.app","Lashify","BEAUTY"
""selfie.camera.filter","Selfie Camera - Photo Effects","BEAUTY"
""com.typology.app.us","Typology Paris - Skincare","BEAUTY"
""com.tj.dslrprofessional.hdcamera","DSLR HD Camera : 4K HD Camera","BEAUTY"
""com.marykay.beauty","Mary Kay® MirrorMe™","BEAUTY"
""com.piupiuapps.hairstyles","Hairstyles step by step","BEAUTY"
""com.magicvfacemakeup.beauty.makeup.camera.selfie.photoeditor.dailyaims","Face Beauty Makeup Camera-Self","BEAUTY"
""com.rstream.hairstyles","Hairstyles for your face","BEAUTY"
""ai.haicolor.hairstylechanger","Hair color & style changer","BEAUTY"
""com.stylekorean.www","StyleKorean","BEAUTY"
""maa.standby_ios.widgets.lock_screen","StandBy iOS: Always On Display","BEAUTY"
""beautyrooom.filtersforselfie.sweet.face.camera.selfies","Filters for Selfies","BEAUTY"
""care.jivaka.picky","Picky - Beauty Community","BEAUTY"
""com.ck.ai.video.background.changer.remover","Video Background Changer","BEAUTY"
""photo.smile.red.eyes.changer.color","FoxEyes - Change Eye Color","BEAUTY"
""beat.photoretouch.beautycamera.photoeditor","Beatrix: Natural Beauty Camera","BEAUTY"
""com.sumeruskydevelopers.girlbeautyparlour","Girls Hairstyle Step By Step","BEAUTY"
""com.getsquire.barberapp","SQUIRE™ Book Your Barber","BEAUTY"
""kr.co.company.hwahae","Hwahae(Korea’s Beauty APP)","BEAUTY"
""com.colorscan.app","Color Analysis AI","BEAUTY"
""com.smartsoftasia.perfume","PERFUMIST Perfumes Advisor","BEAUTY"
""com.photo.editor.games.nature.photo","Beautiful Photo Editor & Frame","BEAUTY"
""com.lomographic.vintage.camera.filters","Camera Filters and Effects","BEAUTY"
""com.photovideo.beautycamera.beautyeffects.photoeditor","Beauty Camera : Selfie Camera","BEAUTY"
""makeup.app.artist.tips.tutorial","Makeup Tutorial App","BEAUTY"
""com.beauty.camera.android.micamera","Beauty Camera -AI Photo Editor","BEAUTY"
""best.photo.app.hair.styler","Virtual Hair Style Changer","BEAUTY"
""com.dresstry","AI Clothes Try-On: DressTry","BEAUTY"
""com.feelinmyskin.app","Skincare Routine: FeelinMySkin","BEAUTY"
""best.beard.photo.editor","Beard Photo Editor","BEAUTY"
""top.tinysoft.mirror","Mirror - Make up","BEAUTY"
""com.tattoomaker.tattoodesign.drawing.photo","Tattoo Design & Tattoo Maker","BEAUTY"
""com.mobile.bizo.inpainting.nails","Try Nails-AI Fake Nail Designs","BEAUTY"
""app.foryou.mirror.beauty.makeup.cosmetics.face","Beauty Mirror App for Makeup","BEAUTY"
""com.laseraway.mobile","LaserAway","BEAUTY"
""com.beautyapp.beautysnap","Beauty Snap","BEAUTY"
""com.brandefyapp.brandefy","Brandefy: Affordable Beauty","BEAUTY"
""com.weighttracker.bmi.bmicalculator","BMI Calculator: Weight Tracker","BEAUTY"
""com.photowonder.perfectcam","PhotoWonder: Photo Editor","BEAUTY"
""supra.balob","Super Balon","BEAUTY"
""beautyhut.magic.beauty.makeup.camera","Magic Beauty Makeup Camera","BEAUTY"
""de.parfumo.app","Parfumo","BEAUTY"
""com.Girls.Mobile.Games.Wedding.Hair.Beauty.Salon","Wedding Girl Hair Beauty Salon","BEAUTY"
""com.ophotovideoapps.facenhancer","Face Enhancer: Blemish Remover","BEAUTY"
""com.best.photo.app.weddingdresses","Wedding Dress Photo Montage","BEAUTY"
""com.floyds.guestapp","* New * Floyd's 99 Barbershop","BEAUTY"
""com.peace.Mirror","Mirror App - Check your makeup","BEAUTY"
""com.terramarbrandsusa.cart","Terramar Brands USA","BEAUTY"
""com.photo.editor.dress.change","Dress Change Photo Editor","BEAUTY"
""com.meevoonlinebooking","MeGo Client","BEAUTY"
""best.photo.apps.makeup","Makeup Photo Editor","BEAUTY"
""truefunapps.hairstyles","Hairstyles for short hair","BEAUTY"
""com.stylestudio.hairstyle.stepbystep","Girls Hairstyles step by step","BEAUTY"
""com.microblading_academy.MeasuringTool","PhiApp","BEAUTY"
""com.lopezzzcut.whatcut","WhatCut +","BEAUTY"
""com.jawline.exercise.mewing.jawlineworkout","Jawline Exercises, Face Mewing","BEAUTY"
""com.luckystars.hairstylesstepbystep","Hairstyles step by step","BEAUTY"
""beauty.camera.sticker.photoeditor","Beauty Camera & Selfie Camera","BEAUTY"
""com.mirror.lightmirror.mirrorapp","Mirror App: Mirror Reflector","BEAUTY"
""best.boy.hairstyle.camera","Boy Hairstyle Camera","BEAUTY"
""com.shorthaircuts.hairstyles","Short Haircuts for women","BEAUTY"
""com.trove","TroveSkin: Your Skincare Coach","BEAUTY"
""com.nixgames.motivation.mirror","Daily affirmations mirror","BEAUTY"
""com.northpark.beautycamera","Beauty Camera - Selfie Camera","BEAUTY"
""com.ziip","ZIIP Beauty","BEAUTY"
""com.flower.language.keyboard.fonts.letter","DIY Flower Language App","BEAUTY"
""com.instabeauty.selfie_editor","InstaBeauty -Selfie Cam Editor","BEAUTY"
""yesmadamservices.app.com.yesmadamservices","Yes Madam - Salon at Home","BEAUTY"
""maa.waves_effect.waves_filter","Wacky Mirror Camera Filter","BEAUTY"
""com.mobile.bizo.inpainting.haircut","Try Hairstyles-AI Change Color","BEAUTY"
""com.toontech.umaxlooksmaxxing","Umax AI:A Mewing app for girls","BEAUTY"
""com.dimonnwc3.testframe","Testframe: Rate Attractiveness","BEAUTY"
""sweet.camera.selfie","Sweet Camera Selfie","BEAUTY"
""com.photoeditor.and.games.man.photo","Boy Makeup App: Man Hairstyle","BEAUTY"
""br.art.code.meucronogramacapilar","My Capillary Schedule","BEAUTY"
""com.photo.beauty.plus.filters.pictures","Filters for Pictures - Camera ","BEAUTY"
""com.rasysa.hairstyledesigner","Rasysa Hairstyle Designer","BEAUTY"
""com.beautifulessentials.beautymirror","Essential Beauty Mirror","BEAUTY"
""cam.sweet.selfie.effect.camera","Beauty Camera - Sweet Camera","BEAUTY"
""com.binbibong.cosmeticchecker","Cosmetic Checker","BEAUTY"
""best.photo.app.mermaid","Mermaid Photo","BEAUTY"
""jp.hotpepper.android.beauty.hair","ヘア&ビューティーサロン検索/ホットペッパービューティー","BEAUTY"
""faceyogaexercise.faceapp.skincareroutine.losefacefat.faceyogaworkout","Face Yoga: Face Exercise","BEAUTY"
""com.creamtech.eyemakeup","Eye Makeup: Learn Step by Step","BEAUTY"
""com.lacquergram.android","Lacquergram: for Nail Polish L","BEAUTY"
""com.filterfor.selfie.sweetsnap.facecamera.livefilter","Filter for Selfie - Sweet Face","BEAUTY"
""com.vzgamestudio2019.cortesdepeloparahombres","Cortes de pelo hombres 2024","BEAUTY"
""com.faceai.swap","Face AI:AI Face Swap","BEAUTY"
""com.MeliBar.Colorama","Colorama - Color Analysis","BEAUTY"
""com.simplestudioapps.mirror","Mirror with Light and Video","BEAUTY"
""com.versionupdate19359.frostweb","Maybelline | Sollibyte","BEAUTY"
""com.tikamori.face.age.recognition","Age calculator by face scanner","BEAUTY"
""com.Filterfor.Selfie","Filtre for Selfie","BEAUTY"
""com.gangnam.sister","UNNI: Plastic Surgery & Review","BEAUTY"
""truefunapps.manicure","Nail art designs step by step","BEAUTY"
""com.grimalonline.grimaljewelry","Grimal Jewelry Online Store","BEAUTY"
""best.photo.app.weddinghairstyles2018","Wedding Hairstyles on photo","BEAUTY"
""com.forefo.black_boy_hairstyles","350+ Black Boy Hairstyles","BEAUTY"
""sweet.snap.art.filters.snapchat","Filters for SC & Stickers","BEAUTY"
""com.woman.jewelry.photo.editor","Jewelry Women Jewellery Photo","BEAUTY"
""air.com.rosytales.princessmermaidathairsalon","Princess Mermaid At Hair Salon","BEAUTY"
""com.tirgei.fashionista","Dress Up Wardrobe:Outfit Maker","BEAUTY"
""com.SS.Piercing.Salon.Photo.Montage","Virtual Piercing Pro","BEAUTY"
""com.astor.loyalty.mobile.mcosmetic","M Cosmetic","BEAUTY"
""smaartgr.nail.art","Nail Art","BEAUTY"
""com.kdmedia.nailsdesigns","Nail Art Design Ideas","BEAUTY"
""com.maxsol.beautistics","Beautistics: Makeup Organizer","BEAUTY"
""com.planitypublic","Planity","BEAUTY"
""face.blemishes.blackheads.fairskin.pimples.acne.wrinkles.xtapps.facecare","Skin and Face Care - acne, fai","BEAUTY"
""com.saloncheckin.tuneup","Tune Up, The Manly Salon","BEAUTY"
""ru.dikidi","DIKIDI Online","BEAUTY"
""com.paulaymanu113.nailsdesigns","Ideas y diseño de uñas bonitas","BEAUTY"
""com.piupiuapps.makeup","Makeup Tutorial step by step","BEAUTY"
""com.girlshairstyle.girlshairstylesoffline","Girls Hairstyles Step By Step","BEAUTY"
""com.snaptec.beautysecret","The Beauty Secrets","BEAUTY"
""com.thebarbershop.guestapp","BBS & TGP","BEAUTY"
""com.sleet.beautyplastic","바비톡 - 성형 시술 성형외과 피부과 병원예약 성형어플","BEAUTY"
""beauty.tips.skin.care.homemade","Beauty Tips: Hair & Skin Care","BEAUTY"
""com.ama_care.app","Ama Care - cosmetic scanner","BEAUTY"
""com.nassayalljamal30018260","جميلتي - لكل فتاة تحب الجمال","BEAUTY"
""com.barberr","HairDetect: AI Hair Extraction","BEAUTY"
""seasonalcolorgirlaccessories.matchyourcolor.findsuitablecloths","Seasonal Colors - Match & Find","BEAUTY"
""com.learnguru.bridal_mehndi","Bridal Mehndi Design","BEAUTY"
""com.sandradeveloper.braidsforblackwomen","Braid for Black Women","BEAUTY"
""filters.selfies.foto.art","Filters for Selfies","BEAUTY"
""com.faceenhancer.android","Face Beauty Makeup Camera","BEAUTY"
""com.lightsaber.gunsound.simulator.prank","Lightsaber: Gun Sound Effects","LIBRARIES_AND_DEMO"
""com.ppss22.emulator","PPSS22 Emulator - PS2 Emulator","LIBRARIES_AND_DEMO"
""com.google.samples.apps.cardboarddemo","Cardboard","LIBRARIES_AND_DEMO"
""com.booster.gameboostermega2","Game Booster Fire GFX- Fix Lag","LIBRARIES_AND_DEMO"
""com.mobilesecretcodes.allandroidtips.androidtricks.allsecretcodes","Secret codes and Ciphers","LIBRARIES_AND_DEMO"
""melon.playground.mod.addons","Addons for Melon","LIBRARIES_AND_DEMO"
""com.pcsx3.app","DamonSX2 Pro - PS2 Emulator","LIBRARIES_AND_DEMO"
""com.booster.gfx","Game Booster Power GFX Lag Fix","LIBRARIES_AND_DEMO"
""hdmi.connector.five","USB Connector Phone to TV","LIBRARIES_AND_DEMO"
""com.robloc_murder_mystery_2.robux_assist_roblox_mod","Murder Mystery 2 Aid","LIBRARIES_AND_DEMO"
""ru.iiec.pydroid3.quickinstallrepo","Pydroid repository plugin","LIBRARIES_AND_DEMO"
""com.connection.wireless.wirelessconnectortv","Mirror Link Screen Connector","LIBRARIES_AND_DEMO"
""co.pamobile.mods.melon.playground","Melon Mod for Melon Sandbox PG","LIBRARIES_AND_DEMO"
""com.manateeworks.barcodescanners","Barcode Scanner","LIBRARIES_AND_DEMO"
""com.softwareupdate.allappsupdate","Update Software - Upgrade","LIBRARIES_AND_DEMO"
""inc.trilokia.gfxtool.free","Gamers GLTool with Game Tuner","LIBRARIES_AND_DEMO"
""com.datashow.movie.projector","HD Movie Projector","LIBRARIES_AND_DEMO"
""co.pamobile.mcpe.mobsmaker","Mobs Maker for Minecraft PE","LIBRARIES_AND_DEMO"
""com.apple.airplay","AirPlay : Miracast","LIBRARIES_AND_DEMO"
""rikka.safetynetchecker","YASNAC - SafetyNet Checker","LIBRARIES_AND_DEMO"
""com.wirelesscharging.reverse","Wireless Reverse Charging","LIBRARIES_AND_DEMO"
""inc.trilokia.pubgfxtool.free","PGT: GFX, Launcher & Optimizer","LIBRARIES_AND_DEMO"
""com.filerecovery.recentdelet.photovideo.drivedata.recover","Recover Deleted Photos- Videos","LIBRARIES_AND_DEMO"
""com.bettertomorrowapps.camerablockfree","Camera Block: Guard & Anti spy","LIBRARIES_AND_DEMO"
""com.car.cardashboard.aaad.mirrorlink.timestamp.parkingmap","Car Play for Android/Auto sync","LIBRARIES_AND_DEMO"
""com.remoteapp.tvapple","Apple tv Remote","LIBRARIES_AND_DEMO"
""com.connectionwireless.mirrorlinkc","Mirror link car connector","LIBRARIES_AND_DEMO"
""com.ezeshare.smartswitch.filesharing.phoneclone","Smart Data Transfer-File Share","LIBRARIES_AND_DEMO"
""com.secret.code.samsung.mobile.hack.code.android.codes.all.secret.codes","Secret codes tricks & Ciphers","LIBRARIES_AND_DEMO"
""com.findmybluetooth.wifi","Carplay Android auto sync","LIBRARIES_AND_DEMO"
""com.jmsm.cloude","CloudEye 365","LIBRARIES_AND_DEMO"
""com.quanticapps.quranandroid","Quran Pro: Read the Holy Quran","LIBRARIES_AND_DEMO"
""com.hdmi.app.tv","Mobile Connect to TV USB HDMI","LIBRARIES_AND_DEMO"
""com.applewatch.connect","Apple Watch for Android","LIBRARIES_AND_DEMO"
""com.henrikherzig.playintegritychecker","SPIC - Play Integrity Checker","LIBRARIES_AND_DEMO"
""com.daddonmod","Mods for Dmod","LIBRARIES_AND_DEMO"
""study.bible.with.explanation.offline","Study Bible with explanation","LIBRARIES_AND_DEMO"
""com.Asteroid.droneremotecontrol","Drone Remote Control","LIBRARIES_AND_DEMO"
""app.apk.backup","APK Backup & App Recovery","LIBRARIES_AND_DEMO"
""com.afwsamples.testdpc","Test DPC","LIBRARIES_AND_DEMO"
""com.mctech.gamelauncher","Game Launcher: Gaming Hub App","LIBRARIES_AND_DEMO"
""com.glaxxy.smarttagsfinder","Samsung SmartTag","LIBRARIES_AND_DEMO"
""com.ns.poetry","Urdu Poetry   اردو شاعری","LIBRARIES_AND_DEMO"
""com.kbyai.facerecognition","Face Recognition","LIBRARIES_AND_DEMO"
""com.Endoscope.scope","Camera endoscope / OTG USB","LIBRARIES_AND_DEMO"
""com.scandit.demoapp","Scandit SDK Showcase","LIBRARIES_AND_DEMO"
""io.github.vvb2060.keyattestation","Key Attestation Demo","LIBRARIES_AND_DEMO"
""com.mirror.link","Mirror Link","LIBRARIES_AND_DEMO"
""inc.trilokia.addon.graphics.manager","Graphics Manager : GFX Addon","LIBRARIES_AND_DEMO"
""com.webview.space","WebView Android App","LIBRARIES_AND_DEMO"
""com.Smarttag.samsung.galaxy","Galaxy SmartTag","LIBRARIES_AND_DEMO"
""com.ttv.ocrdemo","ID Card, Passport, Driver Lice","LIBRARIES_AND_DEMO"
""com.bettertomorrowapps.microphoneblockfree","Microphone Block: Mic Anti Spy","LIBRARIES_AND_DEMO"
""com.smartswitch.phonecloneapp.easydatatransfer.alldatatransfer","Smart Mobile phone clone","LIBRARIES_AND_DEMO"
""com.scnc.cameraendscopes","Endoscope Camera Connector","LIBRARIES_AND_DEMO"
""com.fpsmeter.crosshairfree","Crosshair & Nickname Generator","LIBRARIES_AND_DEMO"
""com.epicgames.fortnitechpater4","Battle Royale Chapter 4","LIBRARIES_AND_DEMO"
""com.djidrone.remots","Drone Remote Control","LIBRARIES_AND_DEMO"
""com.microsd.card.formatter","Micro SD Card formatter","LIBRARIES_AND_DEMO"
""com.wireless.reversecharging","Wireless charge Phone to Phone","LIBRARIES_AND_DEMO"
""com.melonmod.playground.skins","Mods&Skins for Melon","LIBRARIES_AND_DEMO"
""info.martinmarinov.dvbdriver","DVB-T Driver","LIBRARIES_AND_DEMO"
""com.tplink.skylight","TP-LINK tpCamera","LIBRARIES_AND_DEMO"
""com.unistellar.evscope.android","Unistellar","LIBRARIES_AND_DEMO"
""com.governikus.ausweisapp2","AusweisApp Bund","LIBRARIES_AND_DEMO"
""com.sah.smarttagsfinder","Samsung Galaxy SmartTag","LIBRARIES_AND_DEMO"
""com.fortnite_battle_royale_chapter4_season_OG","BATTLE ROYALE CHAPTER 5","LIBRARIES_AND_DEMO"
""com.free.quran.quranpak.alquran.holyquran.quranreading.quranmajeed.quranoffline","Holy Quran - القران الكريم","LIBRARIES_AND_DEMO"
""com.dede.android_eggs","Easter Eggs","LIBRARIES_AND_DEMO"
""com.momine_minecraft_horror.craft_world_mod","Minecraft Horror Mods for MCPE","LIBRARIES_AND_DEMO"
""com.digimoncardencyclopedia","Digimon Card Game Encyclopedia","LIBRARIES_AND_DEMO"
""inc.trilokia.addon.instant.boost","Instant Boost : Addon","LIBRARIES_AND_DEMO"
""galaxys9ringtones.ringtonesfors9.notifications","Galaxy S9 Plus Ringtones","LIBRARIES_AND_DEMO"
""com.pspstation.databaseultimate","PSP Ultimate Database Game Pro","LIBRARIES_AND_DEMO"
""com.dual.camerasid","Dual Camera Sides","LIBRARIES_AND_DEMO"
""biblia.lenguaje.actual","Biblia con lenguaje actual","LIBRARIES_AND_DEMO"
""com.momine_scary_neighbor_granny.craft_world_mod51","Scary Neighbor Granny for MCPE","LIBRARIES_AND_DEMO"
""com.tips_pgsharp.toca_assist_tips","PGShap Assist","LIBRARIES_AND_DEMO"
""com.apples.carplay.mirrorlink.android.app","Carplay: Android Auto Sync","LIBRARIES_AND_DEMO"
""com.dualsi.cam","Dual camera","LIBRARIES_AND_DEMO"
""com.miniai.facerecognition","Face Recognition","LIBRARIES_AND_DEMO"
""com.WifiDisplay.TV","Wireless Display","LIBRARIES_AND_DEMO"
""com.finder.smart.tag","Samsung Galaxy SmartTag","LIBRARIES_AND_DEMO"
""whats.web.app","Web Scan - Dual Accounts","LIBRARIES_AND_DEMO"
""androidx.compose.material.catalog","Compose Material Catalog","LIBRARIES_AND_DEMO"
""inc.trilokia.addon.preference.manager","Preference Manager: Addon","LIBRARIES_AND_DEMO"
""com.crackedscreen.timebomb.brokenscreen.prankscreen","Cracked Screen with Time Bomb","LIBRARIES_AND_DEMO"
""com.controller.connect.Ps","Ps Controller for PS4 PS5","LIBRARIES_AND_DEMO"
""co.communico.slcpl","Salt Lake City Public Library","LIBRARIES_AND_DEMO"
""com.free.alquran.holyquran.quranmajeed","Quran Majeed - Al Quran","LIBRARIES_AND_DEMO"
""com.estudiobiblico.catolica","Biblia Católica Español","LIBRARIES_AND_DEMO"
""com.sixbox.joystickgame","XB CONTROLLER","LIBRARIES_AND_DEMO"
""com.smartengines.code","Smart Code Engine","LIBRARIES_AND_DEMO"
""com.mirror.link.screenmirroringforcar.mirrorlink.screenmirroring.miracast.wireless.connection.casttocar","Mirror Link Car Display","LIBRARIES_AND_DEMO"
""com.endoscope.cameraendoscop","Endoscope Camera","LIBRARIES_AND_DEMO"
""com.free.alquran.holyquran.quranpak","Quran Majeed - 13 Line Quran","LIBRARIES_AND_DEMO"
""com.tipsandtricks.fortniteseason4chapter2","BATTLE ROYALE CHAPTER 5","LIBRARIES_AND_DEMO"
""com.dji.connrctors","Drone Remote Controller","LIBRARIES_AND_DEMO"
""com.gs.angry.crocodile.attack3d","Hungry Crocodile 2 Shark Games","LIBRARIES_AND_DEMO"
""com.usbaudio.player","Usb Audio Player","LIBRARIES_AND_DEMO"
""ma.wafaassurance.wafahealth","My Wafa - Assur","LIBRARIES_AND_DEMO"
""c.kms","كرتون منصور حلقات جديدة 2024","LIBRARIES_AND_DEMO"
""com.mirror.car","Mirror Link Car","LIBRARIES_AND_DEMO"
""com.clc.wow","WoW Books","LIBRARIES_AND_DEMO"
""com.zadeveloper.playstore.playservices.info","Services Update Info","LIBRARIES_AND_DEMO"
""com.otgbrow.files","OTG Reader","LIBRARIES_AND_DEMO"
""com.melon_bunzo_mod_for_melon_playground.melmod_playground","Bunzo Mod for Melon Playground","LIBRARIES_AND_DEMO"
""org.commcare.dalvik","CommCare","LIBRARIES_AND_DEMO"
""com.rgb.gfxtool.booster.ff","Booster GFX Fix for FFire","LIBRARIES_AND_DEMO"
""com.rgb.superxunroot","Basic Root Checker Pro- Unroot","LIBRARIES_AND_DEMO"
""com.airmirroring.airplay","AirPlay : ScreenCast","LIBRARIES_AND_DEMO"
""lv.mcprotector.mcpro24fps.demo","mcpro24fps demo - video camera","LIBRARIES_AND_DEMO"
""com.reverse.chargingphone","Reverse Charging Wireless","LIBRARIES_AND_DEMO"
""de.condair.feuchterechnerpsy","Psychrometric Calculator","LIBRARIES_AND_DEMO"
""com.iRingtones2020.ayfonRingtones.PhoneRingtones","Phone iRingtones - For Android","LIBRARIES_AND_DEMO"
""com.microsoft.device.samples.dualscreenexperience","Dual Screen Experience Example","LIBRARIES_AND_DEMO"
""ca.bintec.meescan","Meescan","LIBRARIES_AND_DEMO"
""com.scnc.sdcardrepairfixx","Sd Card Repair (Fix Sdcard)","LIBRARIES_AND_DEMO"
""com.tadarose_quran","تدارس القرآن","LIBRARIES_AND_DEMO"
""com.trq.psdua","P2S Game Database PS2 MAX","LIBRARIES_AND_DEMO"
""com.tpx.top80bestringtones.newringtones","80 Ringtones","LIBRARIES_AND_DEMO"
""com.fitbit.mirrortestapp","Hello World Learning","LIBRARIES_AND_DEMO"
""com.nzdeveloper.updatlatestesoftwareandroid","Software Update - Phone Update","LIBRARIES_AND_DEMO"
""com.capiratech.sclsnj","SCLSNJ","LIBRARIES_AND_DEMO"
""free.alquran.quranpak.holyquran.offline.quranreading.readquranoffline","Holy Quran Read(القرآن الكريم)","LIBRARIES_AND_DEMO"
""com.reverse.WirelessCharging","Reverse Wireless Charging","LIBRARIES_AND_DEMO"
""com.generalcomp.sannce","Sannce Sight","LIBRARIES_AND_DEMO"
""com.fipl.Lawsuit","Lawsuit The Unique Case Finder","LIBRARIES_AND_DEMO"
""com.mcpe.Obby_School_Breakout","Obby School Breakout","LIBRARIES_AND_DEMO"
""com.robotemplates.webviewapp","WebView App","LIBRARIES_AND_DEMO"
""com.RanatIslamia2020.IslamicNasheed.IslamiciRgtones2020","Islamic Ringtones 2024 Ramadan","LIBRARIES_AND_DEMO"
""com.AIOOinc.mirrorLink","Mirror Link Phone Car Screen","LIBRARIES_AND_DEMO"
""org.metabrainz.android","MusicBrainz","LIBRARIES_AND_DEMO"
""com.logiware.go1984mobileclient","go1984 Mobile Client","LIBRARIES_AND_DEMO"
""com.facetec.zoomlogin","FaceTec Demo","LIBRARIES_AND_DEMO"
""com.app.call.detail.history","Call Details of Any Number","LIBRARIES_AND_DEMO"
""com.geotagginglocationon.gpsmapcamera.mapcoordinates.geolocation","Geotag Photos: Camera Location","LIBRARIES_AND_DEMO"
""smsringtones.besttones.notificationsounds","100+ Cool SMS Ringtones Pro","LIBRARIES_AND_DEMO"
""bible.en.francais.COURANT","Bible en français courant","LIBRARIES_AND_DEMO"
""large.print.bible.free","Large print Bible in english","LIBRARIES_AND_DEMO"
""com.rainbow_friends_assist.melon_playground_pg_mod","Rainbow Friend Mod of Melon","LIBRARIES_AND_DEMO"
""nueva.traduccion.VIVIENTE","Biblia Nueva Traducción","LIBRARIES_AND_DEMO"
""com.normalmod.modjalanrusakbussidlumpur","Mod Jalan Rusak Bussid Lumpur","LIBRARIES_AND_DEMO"
""am.usb.camera.endoscope","Endoscope Camera USB - HD 4K","LIBRARIES_AND_DEMO"
""com.lucesdediscoteca.colores.discolights","Disco Lights","LIBRARIES_AND_DEMO"
""com.momomomo111.camerax_opencv","OpenCV Image Process","LIBRARIES_AND_DEMO"
""bluepie.ad_silence","Ad-silence - OpenSource","LIBRARIES_AND_DEMO"
""com.smartkey.cars","Digital Car Key","LIBRARIES_AND_DEMO"
""com.detection.faceshape","Face emotion detection","LIBRARIES_AND_DEMO"
""com.thehive.demo","Hive AI","LIBRARIES_AND_DEMO"
""com.material.components","MaterialX - Material Design UI","LIBRARIES_AND_DEMO"
""com.endoscope.camera.android","Endoscope Camera Otg Connector","LIBRARIES_AND_DEMO"
""com.quran.holybook.offline.read.alquran.holykoran","Quran Majeed Pro - Holy Quran","LIBRARIES_AND_DEMO"
""com.airbnb.lottie","Lottie","LIBRARIES_AND_DEMO"
""com.banuba.tech.demo","Banuba SDK","LIBRARIES_AND_DEMO"
""com.microblink.showcase.playstore","Microblink Identity","LIBRARIES_AND_DEMO"
""easy.to.read.kjv.bible","Easy to read KJV Bible","LIBRARIES_AND_DEMO"
""com.ClassicNokiaRingtones.osdnahtcfa","classic nokia ringtones","LIBRARIES_AND_DEMO"
""com.camera.wowow","Dual Camera For Vlogger","LIBRARIES_AND_DEMO"
""com.samsung.rms.retailagent.proxy","SAMSUNG RM AGENT 2020","LIBRARIES_AND_DEMO"
""com.nextappsgen.vrchecker","Vr checker","LIBRARIES_AND_DEMO"
""com.aoe2companion","AoE II Companion","LIBRARIES_AND_DEMO"
""kjv.bible.online.large.print","KJV Bible online Large Print","LIBRARIES_AND_DEMO"
""amplified.bible.free.OFFLINE","Amplified Bible offline","LIBRARIES_AND_DEMO"
""com.fly.smart.drone","Drone Remote Controller","LIBRARIES_AND_DEMO"
""org.opencv.javacv.recognition","Face Recognition","LIBRARIES_AND_DEMO"
""io.github.x_wei.flutter_catalog","Flutter Catalog","LIBRARIES_AND_DEMO"
""com.aggyapps.BestFreeRingtones.New.Ringtone_2019.ranat_hatif","Ringtones for Android 2024","LIBRARIES_AND_DEMO"
""com.caroap.retoplay","Carplay cast","LIBRARIES_AND_DEMO"
""com.holyquran.quransharif.alqurankareemoffline.quranmajeed","Quran Majeed Pro - Quran App","LIBRARIES_AND_DEMO"
""co.communico.princetonlibrary","Princeton Public Library","LIBRARIES_AND_DEMO"
""com.songs_Raiman.songs_aeny_areky_nre_nmoperdio_zoyuo","Duas ringtones 2024","LIBRARIES_AND_DEMO"
""bible.king.james.francaise.gratuit","Bible King James Française","LIBRARIES_AND_DEMO"
""co.communico.aurora","Aurora Public Library (IL)","LIBRARIES_AND_DEMO"
""camp.visual.android.demo.eyetracking","Eyedid SDK Demo","LIBRARIES_AND_DEMO"
""com.arges.mazlum.gotinenstranan","Gotinên Stranan (Kurd. Lyrics)","LIBRARIES_AND_DEMO"
""com.softcaze.g.boulevoyance3","Learn more about your future","LIBRARIES_AND_DEMO"
""com.secret.code.codes.mobile.hack.code.all.secretcodes.tricks.iapplication","Secret Mobile Codes and Tricks","LIBRARIES_AND_DEMO"
""com.drone.remote.tracker","Drone Remote Controller","LIBRARIES_AND_DEMO"
""com.whatscan.pro.whats.web.app","Web Scanner - Multiple Account","LIBRARIES_AND_DEMO"
""co.communico.delawarelib","Delaware County District Libra","LIBRARIES_AND_DEMO"
""com.app.cpux","CPU-X","LIBRARIES_AND_DEMO"
""de.bhzp.dbmobil","db.Mobil App","LIBRARIES_AND_DEMO"
""com.appletv.remoteaaaa","Apple tv Remote","LIBRARIES_AND_DEMO"
""bible.teenagers","KJV Bible for teenagers","LIBRARIES_AND_DEMO"
""bible.lsg1910","Bible Louis Segond avec audio","LIBRARIES_AND_DEMO"
""com.nicewallpaper55.nicewallpaper4k","Nice Wallpaper 4K","LIBRARIES_AND_DEMO"
""io.kubenav.kubenav","kubenav - Kubernetes Dashboard","LIBRARIES_AND_DEMO"
""com.wpa.android.wifi.display","Connected Wifi Info","LIBRARIES_AND_DEMO"
""ru.a402d.texttoprint","SHARE to PRINT.Intent","LIBRARIES_AND_DEMO"
""com.tips_lysoguba.toca_103_assist_tips","ЛИЗОГУБА ПОБЕГ советы","LIBRARIES_AND_DEMO"
""pro.whatscan.whats.web.app","Web Scan - Dual Accounts","LIBRARIES_AND_DEMO"
""ru.a402d.ippprinter","Virtual printer","LIBRARIES_AND_DEMO"
""com.chaks.juzamma","Juz Amma (Suras of Quran)","LIBRARIES_AND_DEMO"
""com.onprint.generic","ONprint - The Connected Print","LIBRARIES_AND_DEMO"
""com.DanielFurcak.WhatToWatch","Movies: What to Watch","LIBRARIES_AND_DEMO"
""com.callstack.reactnativepaperexample","React Native Paper Example","LIBRARIES_AND_DEMO"
""biblia.del.oso.original1569","Biblia del Oso original 1569","LIBRARIES_AND_DEMO"
""com.mohamedsahassanb.azkaraftersalah","أذكار بعد الصلاة المفروضة","LIBRARIES_AND_DEMO"
""com.laws.yemenit","القوانين اليمنية","LIBRARIES_AND_DEMO"
""epic.mychart.android","MyChart","MEDICAL"
""com.mobile.uhc","UnitedHealthcare","MEDICAL"
""com.goodrx","GoodRx: Prescription Coupons","MEDICAL"
""com.teladoc.members","Teladoc Health: Virtual care","MEDICAL"
""com.modernizingmedicine.patientportal","APPatient","MEDICAL"
""com.simplepractice.clients","SimplePractice Client Portal","MEDICAL"
""com.anthem.sydney","Sydney Health","MEDICAL"
""com.athenahealth.athenapatient","athenaPatient","MEDICAL"
""com.resmed.myair","myAir™ by ResMed","MEDICAL"
""com.shire.biolife","BioLife Plasma Services","MEDICAL"
""com.oph.prod.ct152.rejoyn","Rejoyn™","MEDICAL"
""com.aetna.aetnahealth","Aetna Health","MEDICAL"
""com.jardogs.fmhmobile","FollowMyHealth®","MEDICAL"
""com.freestylelibre3.app.us","FreeStyle Libre 3 – US","MEDICAL"
""com.simplepractice.video","Telehealth by SimplePractice","MEDICAL"
""com.cslplasma.cslplasmadonorapplication","CSL Plasma","MEDICAL"
""com.myquest","MyQuest for Patients","MEDICAL"
""com.solutran.otc","Healthy Benefits+","MEDICAL"
""com.singlecare.scma","SingleCare - Rx Coupons","MEDICAL"
""com.aligntech.myinvisalign","My Invisalign - Official App","MEDICAL"
""mobi.firedepartment","PulsePoint Respond","MEDICAL"
""com.medco.medcopharmacy","Express Scripts","MEDICAL"
""com.zocdoc.android","Zocdoc - Find and book doctors","MEDICAL"
""com.octapharma.OctaApp","OctaApp – Donate Blood Plasma!","MEDICAL"
""com.mysalesforce.mycommunity.C00D6g000000DEMvEAO.A0OT3p000000CaRIGA0","Grifols Plasma Donor Hub","MEDICAL"
""com.modivcareriderapp","Modivcare","MEDICAL"
""com.labcorp.patientportal","Labcorp | Patient","MEDICAL"
""com.publix.pharmacyonline","Publix Pharmacy","MEDICAL"
""gov.va.vamf.vavideoconnect","VA Video Connect","MEDICAL"
""com.alivecor.aliveecg","Kardia","MEDICAL"
""com.doctorondemand.android.patient","Doctor On Demand","MEDICAL"
""com.sonova.phonak.dsapp","myPhonak","MEDICAL"
""com.freestylelibre2.app.us","FreeStyle Libre 2 - US","MEDICAL"
""com.zeroapp.bloodpresshelp.app","Dr. Blood Pressure: BP Tracker","MEDICAL"
""com.meditech.PatientPhm","MEDITECH MHealth","MEDICAL"
""com.hcsc.android.providerfindertx","BCBSTX","MEDICAL"
""xyz.rtrvr.pillo","Angry Pill Box&Reminder, Pillo","MEDICAL"
""org.nebraskamethodist.health","Methodist My Care®","MEDICAL"
""com.nimblerx","Nimble Rx","MEDICAL"
""com.hcahealthcare.mhom","MyHealthONE","MEDICAL"
""com.cube.arc.blood","Blood Donor","MEDICAL"
""com.solv","Solv: Find Quality Doctor Care","MEDICAL"
""providence.nassau.mobile.providencehealth","Providence","MEDICAL"
""health.human.app","Human Health Tracker","MEDICAL"
""com.mdlive.mobile","MDLIVE: Talk to a Doctor 24/7","MEDICAL"
""com.lbrc.PeriodCalendar","My Calendar - Period Tracker","MEDICAL"
""com.irhythm.myzio.android","MyZio","MEDICAL"
""com.rrsolutions.fevercheckup","Body Temperature・Fever Tracker","MEDICAL"
""com.spruce.messenger","Spruce: Medical Communication","MEDICAL"
""com.ihealthlabs.test","iHealth Test","MEDICAL"
""com.omada.prevent","Omada","MEDICAL"
""com.allergan.bd.bdmobileapp","Allē","MEDICAL"
""com.mysugr.android.companion","mySugr - Diabetes Tracker Log","MEDICAL"
""com.clearcare.clearcareconnect","WellSky Personal Care","MEDICAL"
""com.webmd.android","WebMD: Symptom Checker","MEDICAL"
""leafly.android","Leafly: Find Cannabis and CBD","MEDICAL"
""com.lifescan.reveal","​OneTouch Reveal® app","MEDICAL"
""com.vca.careclub","myVCA","MEDICAL"
""com.futurhealth.futurhealth","FuturHealth","MEDICAL"
""com.molina.mobile.myhealthinhand","My Molina","MEDICAL"
""com.kareheroes","KARE Heroes","MEDICAL"
""com.ppfa.direct","Planned Parenthood Direct℠","MEDICAL"
""com.optum.rx","OptumRx","MEDICAL"
""com.adventhealth.flagship","AdventHealth","MEDICAL"
""com.lowestmed.android","RxSaver – Prescription Coupons","MEDICAL"
""com.pathwaymedical.pathway","Pathway","MEDICAL"
""com.revdoc.member","RevDoc: Find a Verified Doctor","MEDICAL"
""com.AnatomyLearning.Anatomy3DViewer3","Anatomy Learning - 3D Anatomy","MEDICAL"
""com.ingenovishealth.CandidatePortal","Ingenovis Health","MEDICAL"
""org.nativescript.LibreLinkUp","LibreLinkUp","MEDICAL"
""com.signia.rta","Signia App","MEDICAL"
""net.mercy.mymercy","MyMercy","MEDICAL"
""org.nyulmc.clinical.mychart","NYU Langone Health","MEDICAL"
""com.upmc.enterprises.myupmc","MyUPMC","MEDICAL"
""com.bcbsm.mmaprod","BCBSM","MEDICAL"
""com.mayoclinic.patient","Mayo Clinic","MEDICAL"
""com.freestylelibre.app.us","FreeStyle LibreLink - US","MEDICAL"
""com.shiftkey.provider","ShiftKey - PRN Healthcare Jobs","MEDICAL"
""org.carolinas.android.dir","MyAtriumHealth","MEDICAL"
""com.allydvm.ast","PetPage","MEDICAL"
""com.drugscom.app","Drugs.com Medication Guide","MEDICAL"
""com.contacts1800.ecomapp","1800 Contacts - Lens Store","MEDICAL"
""com.hioscar.member","Oscar Health","MEDICAL"
""com.baritastic.view","Baritastic - Bariatric Tracker","MEDICAL"
""com.snapworx.snapmobile","SNAP Resupply","MEDICAL"
""com.sixoversix.copyglass","GlassesOn | Pupils & Lenses","MEDICAL"
""com.aetna.aetnabetterhealthmobile","Aetna Better Health - Medicaid","MEDICAL"
""com.advocate.myadvocate","LiveWell with Advocate Aurora","MEDICAL"
""com.ectosense.nightowl","NightOwl Companion","MEDICAL"
""com.ovuline.fertility","Ovia: Fertility, Cycle, Health","MEDICAL"
""com.ovuline.pregnancy","Ovia Pregnancy & Baby Tracker","MEDICAL"
""com.affecttherapeutics","Affect: Addiction Recovery","MEDICAL"
""io.pdcgs.buzzrxconsumer","BuzzRx: Save with Rx Coupons","MEDICAL"
""com.easeapplications.receiver","Ease Applications Messaging","MEDICAL"
""org.trinity.health","Trinity Health MyChart","MEDICAL"
""com.banfield.bpht","Banfield Pet Hospital","MEDICAL"
""org.TexasHealth.TexasHealthMyChart","Texas Health MyChart","MEDICAL"
""com.nursefly.NurseFlyMobile","Vivian - Find Healthcare Jobs","MEDICAL"
""org.memorialhermann.my","My Memorial Hermann™","MEDICAL"
""com.blood.sugar.tracker.glucometer.Diary.test.diabetes.checker.info.glucose.convert.logger.health.fitness.monitor.history","Blood Sugar Diary for Diabetes","MEDICAL"
""com.glic.group.ga.mobile","Guardian® Dental & Vision","MEDICAL"
""com.imprivata.imprivataid","Imprivata ID","MEDICAL"
""com.onemedical.android","One Medical","MEDICAL"
""com.wellcare.pdp","Wellcare+","MEDICAL"
""org.kp.tpmg.preventivecare","My Doctor Online (NCAL Only)","MEDICAL"
""com.buoysoftware.parachute","Parachute Plasma Donation","MEDICAL"
""com.curaleaf.retail","Curaleaf","MEDICAL"
""dk.resound.smart3d","ReSound Smart 3D","MEDICAL"
""eu.smartpatient.mytherapy","MyTherapy Pill Reminder","MEDICAL"
""com.eaze","Eaze","MEDICAL"
""com.galileohealth.android","Galileo Health: Medical Care","MEDICAL"
""com.priviamedicalgroup.priviaapp","myPrivia","MEDICAL"
""com.accredohealth.accredo","Accredo","MEDICAL"
""gov.nih.nlm.erg2012","ERG for Android","MEDICAL"
""com.vsee.clinic.release","VSee Clinic for Patient","MEDICAL"
""com.optum.mobile.perks","Optum Perks: Rx Discount Card","MEDICAL"
""com.angeleye_mobile","Angel Eye Mobile","MEDICAL"
""com.simpleappsvault.temperaturethermometerdiary","Body Temperature - Thermometer","MEDICAL"
""com.FriendsApp.pillidentifieranddrugsearch","Pill Identifier & Drug Search","MEDICAL"
""org.unchealthcare.go","UNC Health","MEDICAL"
""com.rocateer.mediscount","Pilleye – tablet, pill counter","MEDICAL"
""com.bannerhealth.BannerHealthMobileApp","Banner Health","MEDICAL"
""org.sutterhealth.myhealthonline","Sutter Health My Health Online","MEDICAL"
""com.plushcare.plushcare.prod","PlushCare: Online Doctor","MEDICAL"
""com.cod.codapp","CallonDoc","MEDICAL"
""gov.ca.ihss.evv","IHSS EVV Mobile App","MEDICAL"
""com.lifemd.care","LifeMD","MEDICAL"
""org.Ochsner.My","MyOchsner","MEDICAL"
""com.tigertext","TigerConnect - Clinical Soluti","MEDICAL"
""com.doximity.doximitydroid","Doximity - Medical Network","MEDICAL"
""com.carbonhealth.patient.prod","Carbon Health - Medical Care","MEDICAL"
""com.DevExtras.VoiceTools","Voice Tools","MEDICAL"
""com.medstar.android.promptcare","MedStar eVisit – Telehealth","MEDICAL"
""com.ith.patient","Teladoc Health Patient","MEDICAL"
""com.grandroundshealth.m","Included Health","MEDICAL"
""com.gnhearing.enhancepro","Enhance Pro","MEDICAL"
""com.medscape.android","Medscape","MEDICAL"
""com.horizonblue.memberportal","Horizon Blue","MEDICAL"
""com.shc.mobile","Sharp HealthCare","MEDICAL"
""org.uhhospitals.mychart","UH MyChart","MEDICAL"
""org.ihc.dfd","Intermountain Health UT/ID","MEDICAL"
""ai.kanghealth","K Health | 24/7 Virtual Care","MEDICAL"
""com.healint.migraineapp","Migraine Buddy: Track Headache","MEDICAL"
""io.healthy.acr.minutefulUs","Minuteful - Kidney Test","MEDICAL"
""com.staffdna.prod","StaffDNA – Healthcare Careers","MEDICAL"
""com.bluefish.bloodpressure","Blood Pressure Diary","MEDICAL"
""com.microphone.soundmagnifier","Super Hearing from Distance","MEDICAL"
""com.athenaone.prod","athenaOne","MEDICAL"
""com.connexx.rta","Rexton App","MEDICAL"
""com.nursa","Nursa™","MEDICAL"
""com.villagemd.patx","Village Medical","MEDICAL"
""com.participantapp","Virta Health","MEDICAL"
""fan.noise.sleep.sounds.geastrum","Fan Noise for Sleeping - App","MEDICAL"
""com.summithealth.mobile","Summit + CityMD","MEDICAL"
""com.naturalcycles.cordova","Natural Cycles - Birth Control","MEDICAL"
""org.prismahealth.go","Prisma Health GO","MEDICAL"
""com.compsych.gro","GuidanceNow℠","MEDICAL"
""com.truhearing.rta","TruHearing App","MEDICAL"
""com.mobiati.modento","Modento","MEDICAL"
""com.visoryhealth.member","Visory Health: Rx Savings App","MEDICAL"
""com.abbvie.patientapp","Complete – Medication Tracker","MEDICAL"
""com.miracleear.mdapp","Miracle-Ear","MEDICAL"
""org.ascension.one.prod","Ascension One","MEDICAL"
""com.nvamobilegp","Happy Healthy Pets","MEDICAL"
""org.stanfordhealthcare.myhealth","Stanford Health Care MyHealth","MEDICAL"
""com.americanwell.android.member.wellpoint","LiveHealth Online Mobile","MEDICAL"
""ai.mxlabs.heartmonitor","Heart Monitor: Measure BP & HR","MEDICAL"
""org.sanfordhealth.patient","Sanford","MEDICAL"
""com.hct2.nursegrid.android.web","NurseGrid: Nursing Calendar","MEDICAL"
""md.timely.member","TimelyCare Health & Well-being","MEDICAL"
""com.maximus.missinginformation.nysoh","NYSOH Mobile Upload","MEDICAL"
""com.minerva_medical.minerva","Full Code Medical Simulation","MEDICAL"
""org.houstonmethodist.methodistmobile","MyMethodist","MEDICAL"
""com.vc.thedeepcentric","Vision Engage","MEDICAL"
""com.ta.mhav","My Health at Vanderbilt","MEDICAL"
""com.nextcare.health","NextCare AnyWhere","MEDICAL"
""com.marathonhealth.app","Marathon Health","MEDICAL"
""org.novanthealth.mynovant","MyNovant","MEDICAL"
""com.premisehealth.android","My Premise Health","MEDICAL"
""com.tm.nurx","Nurx - Healthcare & Rx at Home","MEDICAL"
""com.aadhk.lite.bptracker","Blood Pressure Tracker","MEDICAL"
""com.ascensia.contour.us","CONTOUR DIABETES app (US)","MEDICAL"
""com.mdaware.mdcalc","MDCalc Medical Calculator","MEDICAL"
""com.galileoinsights.accesstwocare","A2C: Access2Care","MEDICAL"
""com.televet.care","Otto: Your Pet's App","MEDICAL"
""org.secure.mypennmedicine.mypennmed","myPennMedicine","MEDICAL"
""org.partners.ppgmob","Patient Gateway","MEDICAL"
""com.ronasoftstudios.earmaxfxpro","Microphone Amplifier","MEDICAL"
""org.rochesterregional.mycare","RRH MyCare","MEDICAL"
""com.brightside.stringer","Brightside Health","MEDICAL"
""org.mountsinai.MyChart","MyMountSinai","MEDICAL"
""com.castlight.clh.view","Castlight Mobile","MEDICAL"
""com.ronasoftstudios.soundmagnifier","Microphone Amplifier","MEDICAL"
""com.sunlifeus","Sun Life Dental (U.S.)","MEDICAL"
""com.mightybell.threex4genetics.dtcmobile","GENEFIT","MEDICAL"
""org.nm.mobile.myNM","MyNM by Northwestern Medicine","MEDICAL"
""nl.asoft.speechassistant","Speech Assistant AAC","MEDICAL"
""com.firstdata.fdgs.authenticare2","AuthentiCare 2.0","MEDICAL"
""com.smilegeneration.mychart","Smile Generation MyChart","MEDICAL"
""com.ada.app","Ada – check your health","MEDICAL"
""com.gotv.nflgamecenter.us.lite","NFL","SPORTS"
""com.espn.score_center","ESPN","SPORTS"
""com.foxsports.android","FOX Sports: Watch Live","SPORTS"
""com.draftkings.sportsbook","DraftKings Sportsbook & Casino","SPORTS"
""com.fanduel.sportsbook","FanDuel Sportsbook & Casino","SPORTS"
""com.dfnfl.live","Dofu Live NFL NBA MLB NHL NCAA","SPORTS"
""com.fubo.firetv.screen","Fubo: Watch Live TV & Sports","SPORTS"
""com.espn.fantasy.lm.football","ESPN Fantasy Sports","SPORTS"
""onxmaps.hunt","onX Hunt: GPS Hunting Maps","SPORTS"
""com.hardrockdigital.client","Hard Rock Bet: Betting, Casino","SPORTS"
""com.handmark.sportcaster","CBS Sports App: Scores & News","SPORTS"
""com.bamnetworks.mobile.android.ballpark","MLB Ballpark","SPORTS"
""com.draftkings.picksix","DraftKings Pick6: Fantasy Game","SPORTS"
""com.df.df_sports_betting_tips","Dofu - NFL Live Streaming","SPORTS"
""com.yahoo.mobile.client.android.fantasyfootball","Yahoo Fantasy Football, Sports","SPORTS"
""com.neulion.android.tablet.nfl.wnfln","NFL Network","SPORTS"
""com.playmgm.nj.sports","BetMGM - Online Sports Betting","SPORTS"
""com.draftkings.dknativermgGP","DraftKings Fantasy Sports","SPORTS"
""com.betfanatics.sportsbook.android","Fanatics Sportsbook & Casino","SPORTS"
""com.bet365SportsNJ.Bet365_ApplicationNJ","bet365 - Sportsbook & Casino","SPORTS"
""com.espn.bet","ESPN BET","SPORTS"
""com.gc.teammanager","GameChanger","SPORTS"
""com.fivemobile.thescore","theScore: Sports News & Scores","SPORTS"
""com.crrepa.band.dafit","Da Fit","SPORTS"
""com.sleeperbot","Sleeper Fantasy Sports","SPORTS"
""com.bamnetworks.mobile.android.gameday.atbat","MLB","SPORTS"
""wrakeck.comze.watch.xfl.nfl.ncaaf.afl.streaming","Watch XFL NFL NCAAF Football","SPORTS"
""com.yalla.korascore","الكورة - شاهد مباريات اليوم","SPORTS"
""co.gofan.fan.iron","GoFan: Buy Tickets to Events","SPORTS"
""com.nbcsports.apps.tv","NBC Sports","SPORTS"
""com.sportsyou.sportsYou","sportsYou","SPORTS"
""air.com.nbcuni.com.nbcsports.liveextra","NBC Sports","SPORTS"
""com.scores.schedule.stats.football.nfl","Scores App: NFL Football 2024","SPORTS"
""com.adidas.app","adidas: Shop Shoes & Clothing","SPORTS"
""com.dabblesports.us_fantasy","Dabble - DFS & Player Props","SPORTS"
""com.teamsnap.teamsnap","TeamSnap: manage youth sports","SPORTS"
""com.fanduel.android.self","FanDuel Fantasy Football","SPORTS"
""app.instabet.betr","Betr Fantasy & Sportsbook","SPORTS"
""com.hudl.hudroid","Hudl","SPORTS"
""com.teamreach.app","TeamReach - Your Team App","SPORTS"
""com.williamhill.us.nj.sports","Caesars Sportsbook","SPORTS"
""com.ludexmobile","LUDEX Sports Card Scanner +TCG","SPORTS"
""com.daikan.bestnews.sportsday","The Dolo App","SPORTS"
""com.yahoo.mobile.client.android.sportacular","Yahoo Sports: Scores & News","SPORTS"
""com.handmark.sportscaster.androidtv","CBS Sports: Watch Live","SPORTS"
""com.fishbrain.app","Fishbrain - Fishing App","SPORTS"
""com.hudl.fanexperience","Hudl Fan: Find, Watch, Follow.","SPORTS"
""com.saheb.footballtvhd","Live Football TV HD Streaming","SPORTS"
""org.olympic.app.mobile","Paris 2024 Paralympics","SPORTS"
""com.bleacherreport.android.teamstream","Bleacher Report: Sports News","SPORTS"
""com.nflfordofu.bestapp","Live Sports","SPORTS"
""com.rush.ri","BetRivers Casino & Sportsbook","SPORTS"
""pk.hadieditz.urdu.poetry","NFL Live Stream - HD Streaming","SPORTS"
""com.nfl.nba.ncaaf.nhl.mlb.aaf.live.sportlivenews","Live Streaming NFL NCAAF NBA","SPORTS"
""com.fanatics","Fanatics: Shop NFL, NBA & More","SPORTS"
""com.wnba.centercourt","WNBA - Live Games & Scores","SPORTS"
""com.sofascore.results","Sofascore - Live sports scores","SPORTS"
""com.nfllive.echofree","NFL Live Streaming","SPORTS"
""onxmaps.backcountry","onX Backcountry Trail Maps GPS","SPORTS"
""com.resultadosfutbol.mobile","BeSoccer - Soccer Live Score","SPORTS"
""com.sportngin.android","SportsEngine – Team Management","SPORTS"
""com.maxpreps.mpscoreboard","MaxPreps: High School Sports","SPORTS"
""com.moutriemobile.android.tyche","Moultrie Mobile","SPORTS"
""com.huami.watch.hmwatchmanager","Zepp（formerly Amazfit）","SPORTS"
""com.squarevalley.i8birdies","18Birdies Golf GPS Rangefinder","SPORTS"
""com.huntstand.core","HuntStand - GPS Maps & Tools","SPORTS"
""sport.mojo.android","MOJO Sports","SPORTS"
""com.spypoint.spypointApp","SPYPOINT","SPORTS"
""com.scores365","365Scores: Live Scores & News","SPORTS"
""com.command2020","COMMAND PRO","SPORTS"
""com.ballys.ballysportsapp","Bally Bet Sportsbook","SPORTS"
""com.livescore.footballscores.matchlive","MatchLive: Football Live Score","SPORTS"
""com.mobilefootie.wc2010","FotMob - Soccer Live Scores","SPORTS"
""com.sports.schedules.football.ncaa","Scores App: College Football","SPORTS"
""app.collx.android","CollX: Sports Card Scanner","SPORTS"
""ptv.bein.mena","beIN CONNECT (MENA)","SPORTS"
""com.yallagroup.yallashoot","Yalla Shoot - Live Scores","SPORTS"
""com.playmetrics","PlayMetrics","SPORTS"
""com.betterpool.runyourpool","RunYourPool","SPORTS"
""com.widex.goalkolik","Live football TV","SPORTS"
""com.fantasypros.myplaybook","Fantasy Football My Playbook","SPORTS"
""com.beinsports.andcontent","beIN SPORTS","SPORTS"
""com.teamapp.teamapp","Stack Team App","SPORTS"
""gt.com.tigosports","Tigo Sports Guatemala","SPORTS"
""com.fnoex.fan.fanxlight","Snap! Mobile","SPORTS"
""com.futbol.now","Futbol Now","SPORTS"
""com.leagueapps.mobile.client","LeagueApps Play","SPORTS"
""com.parlayplay.app","ParlayPlay Fantasy Sports Game","SPORTS"
""com.yinzcam.nfl.bears","Chicago Bears Official App","SPORTS"
""com.topgolf.mobile","Topgolf","SPORTS"
""com.regasoftware.udisc","UDisc Disc Golf App","SPORTS"
""com.foxsports.videogo","Bally Sports","SPORTS"
""com.yinzcam.nfl.cowboys","Dallas Cowboys","SPORTS"
""com.heja.app","Heja Sports Team Communication","SPORTS"
""vg.real","Real - Sports","SPORTS"
""com.nbaimd.gametime.nba2011","NBA: Live Games & Scores","SPORTS"
""com.fanfut.app","FANFUT","SPORTS"
""com.pl.premierleague","Premier League - Official App","SPORTS"
""com.thrillzzgamesstudio.thrillzz.t2","Thrillzz Social Sportsbook","SPORTS"
""com.yinzcam.nfl.lions","Detroit Lions Mobile","SPORTS"
""com.sportsgrid.app.android","SportsGrid: Trends & Scores","SPORTS"
""com.gregacucnik.fishingpoints","Fishing Points - Fishing App","SPORTS"
""com.leaguesecretary.mobile","League Secretary","SPORTS"
""com.uefa.ucl","Champions League Official","SPORTS"
""com.golfnow.android.teetimes","GolfNow: Golf Tee Times","SPORTS"
""tv.apmc.android.victorysports","Victory+","SPORTS"
""com.playon.nfhslive","NFHS Network","SPORTS"
""wrakeck.comze.watch.nfl.streaming","Dofu Sports Orgirinal","SPORTS"
""com.betwayusa.BetwayOhio","Betway - NJ & PA Casino Online","SPORTS"
""com.rschooltoday.activityscheduler","Activity Scheduler","SPORTS"
""com.dofuentertainment.allsports","Dofu Sports - Updates & Events","SPORTS"
""com.yinzcam.nfl.sf","San Francisco 49ers","SPORTS"
""com.grint.thegrint.pro","TheGrint | Golf Handicap & GPS","SPORTS"
""com.predictionstrike","PredictionStrike: Sport Stocks","SPORTS"
""app.football.stream.team.sports.live.tv","Live Football TV Streaming HD","SPORTS"
""com.swingbyswing","SwingU: Golf GPS Range Finder","SPORTS"
""com.goleadores.app","GOLEADORES","SPORTS"
""com.yinzcam.nfl.steelers","Pittsburgh Steelers","SPORTS"
""com.bpdj.ballparkdj","BallparkDJ Walkout Intros","SPORTS"
""app.bodava.sports","MyBODAVA - US Sports Hub","SPORTS"
""com.pinkbike.trailforks","Trailforks","SPORTS"
""com.sportsaction.action","Action Network: Sports Tracker","SPORTS"
""com.livescore","LiveScore: Live Sports Scores","SPORTS"
""com.splash.splashsports","Splash Sports | Survivor & DFS","SPORTS"
""co.veo.live","Veo Live","SPORTS"
""com.cbs.sports.fantasy","CBS Sports Fantasy","SPORTS"
""de.motain.iliga","OneFootball - Soccer Scores","SPORTS"
""gov.texas.tpwd.whs","Texas Hunt & Fish","SPORTS"
""com.scoreholio.android","Scoreholio","SPORTS"
""com.memsgroupinc.fishbox","Fishbox - Fishing Forecast","SPORTS"
""com.yinzcam.nfl.bills","Buffalo Bills Mobile","SPORTS"
""com.mobile.android.browns","Cleveland Browns","SPORTS"
""com.contorra.golfpad","Golf Pad: Golf GPS & Scorecard","SPORTS"
""com.nascar.nascarmobile","NASCAR MOBILE","SPORTS"
""com.advancedmobile.android.ghin","GHIN","SPORTS"
""com.futbolo.onlino","Futbol Online","SPORTS"
""com.rankone.r1","Rank One","SPORTS"
""com.planosynergy.wgi.base_camp","HuntSmart: The Trail Cam App","SPORTS"
""com.bigupdate.sportlivehub.phule","Schedule And Live NFL NBA NCAA","SPORTS"
""com.golfnow.compete","GolfNow Compete","SPORTS"
""com.bamnetworks.mobile.android.gameday.milb","MiLB","SPORTS"
""com.yinzcam.nfl.seahawks","Seattle Seahawks Mobile","SPORTS"
""com.crossbarhq.crossbar","Crossbar","SPORTS"
""com.yinzcam.nfl.vikings","Minnesota Vikings","SPORTS"
""com.theappdoor.tpwd.app","Texas Outdoor Annual","SPORTS"
""com.truyendiv.scoreboard","Scoreboard - Keep score","SPORTS"
""com.spond.spond","Spond - Sports Team Management","SPORTS"
""com.yinzcam.nfl.chiefs","Chiefs Mobile","SPORTS"
""yacinetv.in.yacinetv","Alostora - Live Scores","SPORTS"
""com.bettingpros.app.play","BettingPros: Sports Betting","SPORTS"
""com.soccer.football.livescores.news","Football Scoreboard-Live Score","SPORTS"
""com.yinzcam.nfl.saints","New Orleans Saints Mobile","SPORTS"
""com.mobile.android.dolphins","Miami Dolphins","SPORTS"
""com.neulion.smartphone.ufc.android","UFC","SPORTS"
""com.yinzcam.nfl.packers","Green Bay Packers","SPORTS"
""com.garmin.android.apps.golf","Garmin Golf","SPORTS"
""com.poolpayday.thegamepoolpayday","Pool-Payday Real Money: guia","SPORTS"
""com.yinzcam.nfl.buccaneers","Tampa Bay Buccaneers Mobile","SPORTS"
""com.fishangler.fishangler","FishAngler - Fishing App","SPORTS"
""com.siplay.tourneymachine_android","SportsEngine Tourney","SPORTS"
""com.coolbet.stations","STN Sports","SPORTS"
""com.yinzcam.nfl.texans","Houston Texans Mobile App","SPORTS"
""es.lfp.gi.main","LALIGA: Official App 24-25","SPORTS"
""tv.kidoodle.android.dudeperfect","Dude Perfect","SPORTS"
""com.fifa.plus.android","FIFA+ | Football entertainment","SPORTS"
""com.sports.footballlive.score","Football Score","SPORTS"
""com.flipps.fitetv","TrillerTV: Live Sports","SPORTS"
""com.lanetalk","Lanetalk","SPORTS"
""com.july.univision","TUDN: TU Deportes Network","SPORTS"
""com.autograph.fangraph","Autograph: Sports Fandom","SPORTS"
""gov.michigan.dnr.midnrhuntfish","Michigan DNR Hunt Fish","SPORTS"
""com.toptracer.community","Toptracer Range","SPORTS"
""com.eisterhues_media_2","GoalAlert - Football Scores","SPORTS"
""league.poolplayers.com","Pool League","SPORTS"
""com.yinzcam.nfl.bengals","Cincinnati Bengals","SPORTS"
""ptv.bein.ui","beIN SPORTS CONNECT","SPORTS"
""com.poolplayers.scorekeeper","APA Scorekeeper","SPORTS"
""com.nova.peshub22","eFHUB™ 24","SPORTS"
""com.theathletic","The Athletic: Sports News","SPORTS"
""com.rojadirecta.futbolenvivo","Roja directa - Live Soccer","SPORTS"
""com.fantrax.www.twa","Fantrax Fantasy Sports","SPORTS"
""com.pikkit.android","Pikkit: Sports Betting Tracker","SPORTS"
""com.onesports.score","AiScore - Live Sports Scores","SPORTS"
""com.taild","Chalkboard Fantasy Sports","SPORTS"
""com.yinzcam.nfl.broncos","Denver Broncos","SPORTS"
""com.wearetrue.playmakerx.tackle","Tackle Football Playmaker X","SPORTS"
""com.imleagues","IMLeagues","SPORTS"
""com.sprocketsports.team","Sprocket Sports","SPORTS"
""com.bssport.koora","مباريات لايف ( بتعليق عربي )","SPORTS"
""com.hmbase.live.sport.wnba.freestream","Watch Live WNBA Basketball","SPORTS"
""com.dii.demosphere.prod","Demosphere","SPORTS"
""com.bassforecast.android","BassForecast: Fishing Forecast","SPORTS"
""com.ballistic.calculator.strelok","Ballistics Calculator 2024","SPORTS"
""com.sportscardinvestor.scour","Sports Card Investor","SPORTS"
""com.geoballistics.ballisticsarc","GeoBallistics","SPORTS"
""com.bushnell.golf","Bushnell Golf Mobile","SPORTS"
""com.formulaone.production","F1 TV","SPORTS"
""kr.co.moais.golffix","GolfFix | AI Coach Golf Lesson","SPORTS"
""com.fantasypros.draftwizard.football","Fantasy Football Draft Wizard","SPORTS"
""com.pickleheads.mobile","Pickleheads - Play Pickleball","SPORTS"
""com.tickpickllc.ceobrien.tickpick","TickPick - Live Event Tickets","EVENTS"
""com.seatgeek.android","SeatGeek – Tickets to Events","EVENTS"
""com.gametime.gametime","Gametime - Last Minute Tickets","EVENTS"
""com.stubhub","StubHub - Live Event Tickets","EVENTS"
""com.vividseats.android","Vivid Seats | Event Tickets","EVENTS"
""com.feverup.fever","Fever: Local Events & Tickets","EVENTS"
""com.hometownticketing.tix.androidapp","HomeTown Fan","EVENTS"
""com.arioch.efgr","Epic Freebie Games Radar","EVENTS"
""com.kansas.statefair","Kansas State Fair","EVENTS"
""com.xogrp.planner","The Knot Wedding Planner","EVENTS"
""com.wizards.winter_orb","Magic: The Gathering Companion","EVENTS"
""com.greetingsisland.sam","Invitation Maker: Card Creator","EVENTS"
""com.todaytix.TodayTix","TodayTix – Theatre Tickets","EVENTS"
""com.amitech.allevents","AllEvents - Discover Events","EVENTS"
""com.untitledshows.pov","POV – Disposable Camera Events","EVENTS"
""com.timeleft.app","Timeleft","EVENTS"
""com.app.mobaryatliveappapkred","مباريات لايف - بث مباشر","EVENTS"
""com.fair.newmexico","EXPO NM & NM State Fair","EVENTS"
""io.hobnob.hobnob","Hobnob - Invitation Card Maker","EVENTS"
""com.genmobile.app","MyGenMobile App","EVENTS"
""com.tixr.tixr","Tixr: Live Event Tickets","EVENTS"
""com.alqurankareem.holyquran.qibladirection.mp3quran.prayertimes","AL Quran Kareem - Holy Quran","EVENTS"
""com.cloud.remotely.miner.usdt.tether","USDT Mining, Crypto USDT Miner","EVENTS"
""me.discotech","Discotech: Nightlife/Festivals","EVENTS"
""com.ether.aiminers","ETH Cloud Miner- Earn Ethereum","EVENTS"
""com.houston.gp.japanfestival","Japan Festival of Houston","EVENTS"
""com.blue.mozahemyab","مزاحم یاب و شماره یاب حرفه ای","EVENTS"
""com.vFairs.mobileApp","vFairs","EVENTS"
""com.app.mobaryatliveapp","مباريات لايف - كرة القدم","EVENTS"
""com.sched","Sched","EVENTS"
""com.weddingwire.user","Wedding Planner by WeddingWire","EVENTS"
""com.peerspace.app","Peerspace - Rent Unique Venues","EVENTS"
""com.muslimappassistant.Islampro.qiblafinder.quranprayerdua","Easy Quran Mp3 Audio Offline","EVENTS"
""wedding.card.maker","Wedding Invitation Card Maker","EVENTS"
""com.edmtrain.edmtracks","Edmtrain Concerts & Raves","EVENTS"
""com.invitation.maker.wishes.greeting.card.greetingcard","Invitation Card Maker: RSVP","EVENTS"
""com.ss.invitation.card.maker.rsvp","Invitation Maker & Card Design","EVENTS"
""com.greencopper.fanx","FanX Salt Lake 2024","EVENTS"
""com.posh.mobile","POSH – Live Experiences","EVENTS"
""live.match.app.android","ماتش لايف بث مباشر","EVENTS"
""us.helperhelper","Helper Helper","EVENTS"
""com.cricimworld.footersd","Live Football Tv : Live Score","EVENTS"
""com.ticketon.customerapp","Ticketón - Event tickets","EVENTS"
""com.kaboom.apps.free.invitation.maker","Invitation Maker－Card Creator","EVENTS"
""com.live.mobaryat","مباريات لايف | كورة لايف","EVENTS"
""splendid.invitation.maker","Invitation card Maker, Design","EVENTS"
""io.Lineleap","LineLeap","EVENTS"
""com.housingfirstmn.paradeofhomes","Parade of Homes MN","EVENTS"
""com.hometownticketing.androidapp","HomeTown Gate","EVENTS"
""com.hollywoodparkca.sofi","SoFi Stadium","EVENTS"
""com.softaxes.birthdaycard.design.invitationcard.maker","Modern Invitation Card Maker","EVENTS"
""swift.alert.app","Swift Alert","EVENTS"
""com.cirqueitalia.tickets","Cirque Italia","EVENTS"
""com.amitech.alleventsorg","Event Manager - AllEvents.in","EVENTS"
""com.ticketswap.ticketswap","TicketSwap - Buy, Sell Tickets","EVENTS"
""com.gfs.events.eventexplorer","Gordon Food Service Shows","EVENTS"
""com.appswize.weddingcardmaker","Wedding Invitation Card Maker","EVENTS"
""app.topevent.android","Event Planner: Birthday, Party","EVENTS"
""com.aventri.connecting30001612","ASCM CONNECT 2024: NA","EVENTS"
""com.bankofamerica.eventsplanner","Bank of America Events","EVENTS"
""com.bitsens.daytracker","Day Counter. Count Up & Down","EVENTS"
""io.tixngo.app.wpmi","3e Encore","EVENTS"
""com.jobleticspro","JobleticsPro","EVENTS"
""com.nikanomi.addonmodfromthefog","From the Fog Map for MCPE","EVENTS"
""app.lense.lense","Lense: Disposable Event Camera","EVENTS"
""com.bridebook.mobileapp","Bridebook - Wedding Planner","EVENTS"
""com.hsdeveloper.cardmaker.birthdaycardmaker","Birthday Invitation Card Maker","EVENTS"
""com.yakopro.onechat","Yakopro-Call.Video.Chat","EVENTS"
""minecraft.mk.mods.j","Superheroes Mod for Minecraft ","EVENTS"
""com.wpwatcherpro","WP Watcher: Online Tracker","EVENTS"
""com.arizona.statefair","Arizona State Fair","EVENTS"
""com.unation.app","UNATION - Discover Events","EVENTS"
""minecraft.mk.mods.h","BackPack Mod for Minecraft PE ","EVENTS"
""com.eventeny.eventeny_app","Eventeny","EVENTS"
""com.topdeck.app","TopDeck.gg","EVENTS"
""com.kickstandtech.spacelaunchschedule","Space Launch Schedule","EVENTS"
""provision.com.app","Suffix Events","EVENTS"
""com.aventri.pmievents22910","PMI Events","EVENTS"
""com.happybirthdaysongswithname.happybirthdaywishes","Happy Birthday songs & wishes","EVENTS"
""com.fenceshow.mobileApp","The Fence Show & Security Expo","EVENTS"
""com.thursday.thursdayevents.identifier","Thursday Events","EVENTS"
""com.pandawadroid.modbussid.modbussidterbaru.modbussidterlengkap","MOD Bus Simulator Indonesia","EVENTS"
""com.kruu.photoapp","KRUU","EVENTS"
""com.creationent.mobile","Creation Entertainment","EVENTS"
""com.hubspot.Inbound2023","INBOUND 2024","EVENTS"
""com.luma.studio","Luma Events Check In","EVENTS"
""com.sacred.sacred_acre_festival","Sacred Acre Festival","EVENTS"
""com.teks.eventify","Eventify","EVENTS"
""com.sitix.app","SI Tickets","EVENTS"
""com.angkormobi.ukcalendar","Holiday Calendar","EVENTS"
""com.greencopper.aftershock","Aftershock Festival","EVENTS"
""com.tanggulkrek.rlcraftsurvivalmod","RLcraft v2 modpack for MCPE","EVENTS"
""com.ProtaTECH.wishess157034","WISH ESS","EVENTS"
""com.chilluminati.fest22","Fest 22","EVENTS"
""com.grandstand.alabamanational","Alabama National Fair","EVENTS"
""com.bucketlisters.checkin","Bucket Listers Checkin","EVENTS"
""com.cueaudio.stadiumfx","Stadium FX","EVENTS"
""com.pixelpainter.aViewFromMySeat","A View From My Seat","EVENTS"
""com.swoogo.live","Swoogo Live","EVENTS"
""com.cinewav.player","Cinewav","EVENTS"
""net.mazein.weddingcounter","The Big Day: Wedding Planning","EVENTS"
""com.company.toster","Survival maps for Minecraft PE","EVENTS"
""com.festival_dust.android","Festival Dust","EVENTS"
""com.sympla.tickets","Sympla: Ingressos para eventos","EVENTS"
""com.festival.mushroom","Kennett Sq. Mushroom Festival","EVENTS"
""io.aida.plato.orgc9881d1e9c3f4f3498a88512cc4d8607","SBE Events","EVENTS"
""com.appleseed.johnny","Johnny Appleseed Festival","EVENTS"
""com.roundabout.hiptix","HIPTIX by Roundabout","EVENTS"
""com.ticketsmarter.TicketSmarter","TicketSmarter - Events Tickets","EVENTS"
""org.concertarchives","Concert Archives","EVENTS"
""com.victoranyirah.Gameplan","ETA - What's the move?","EVENTS"
""com.sitters.managemywedding","Manage My Wedding Planner","EVENTS"
""com.quickmobile.johndeere16","John Deere Events","EVENTS"
""me.gifft.twa","Surprising Gift Service","EVENTS"
""com.barmastersmobilebartending.staffing","BarMasters Mobile Bartending","EVENTS"
""com.all.eventpower","ShoApp","EVENTS"
""com.vivenuapp","vivenu Event Manager","EVENTS"
""live.lounge.loungeApp.production","Lounge - Groups & Events","EVENTS"
""com.superfeedtech.conservativenews","Conservative News America","EVENTS"
""com.leap.wwe","WWE World at WrestleMania","EVENTS"
""io.qrcode.generator","DSE Facility Access","EVENTS"
""com.platinumlist","Platinumlist: Events & Tickets","EVENTS"
""com.invitation.greeting.card.invitationmaker","Invitation Maker: Card Creator","EVENTS"
""com.go_tickets","Go Tickets","EVENTS"
""com.VInvite.EViteMaker","Video Invitation Maker","EVENTS"
""com.samruston.hurry","Hurry Day Countdown & Reminder","EVENTS"
""show.wannago.hrc","HRC Tickets","EVENTS"
""net.prereg.odadroid","ODA Annual Session","EVENTS"
""com.davidroselle.doorlist","DoorList","EVENTS"
""jujama.com.EtherioConnect","Etherio Connect","EVENTS"
""com.ammaker.weddinginvitation","Wedding Invitation Card","EVENTS"
""pro.eventlive","EventLive - Live Stream Events","EVENTS"
""com.khuntech.athousanddreams","A Thousand Dreams","EVENTS"
""memberclicks.mcevents.org","MC Member App","EVENTS"
""nexus.concepts.dust","Burn Guide - dust","EVENTS"
""com.humanitix.organiser","Humanitix for Hosts","EVENTS"
""com.gigreactcli","Gignology Mobile App","EVENTS"
""invitaciones.para15","Invitaciones para 15 anos","EVENTS"
""com.tmobile.eventapp","T-Mobile Events, by Cvent","EVENTS"
""com.watermarkresources.events","Watermark Resources Events","EVENTS"
""io.opendate.thevogue","The Vogue Indy","EVENTS"
""com.allinsummit.app","All-In Summit","EVENTS"
""guru.fan.conlive","ConLive","EVENTS"
""com.idafan.prod","IdaFan","EVENTS"
""app.mywed.android","Wedding Planner by MyWed","EVENTS"
""com.minar.birday","Birday - Birthday Manager","EVENTS"
""com.tanggulkrek.mcpeicescream5","MCPE Ice Scream 7 mod addon","EVENTS"
""com.sched.broadwaycontwozerotwothree","Mischief Management Events","EVENTS"
""com.MOOV3","MOOV","EVENTS"
""com.agorify.app","Agorify","EVENTS"
""no.my.craft.mini.world.crafting.adventure.games","Craftsman Building Sim Games","EVENTS"
""me.dcsv.twa","DCSV.ME - Discord Servers List","EVENTS"
""com.eventsair.mediacorpevents","Focus Network Events","EVENTS"
""com.nikanomi.greatweaponcombinermcpe","Weapon Combiner Mod for MCPE","EVENTS"
""com.rabiulawalframes.namedp.mlaps","12 Rabi ul Awal name DP frames","EVENTS"
""disposable.camera.app","Disposable Camera App","EVENTS"
""net.sorokinapps.hideandseek","Hide and Seek for Minecraft","EVENTS"
""jeyapps.localobituarysearch","Local Obituary Search","EVENTS"
""com.ikskom.quinceanera.planner.organizer","Quincy - Quinceanera Planning","EVENTS"
""com.music.intersection","Music at the Intersection","EVENTS"
""org.timpfest.android","TimpFest","EVENTS"
""net.lattitude.lattitude2022","L’ATTITUDE","EVENTS"
""co.ellym.herenorthere","Here Nor There","EVENTS"
""com.locallevelevents","MyEvents!","EVENTS"
""com.desygner.invitations","Invitation Maker","EVENTS"
""com.alaeat.biteme.app","BiteMe - Event & Food","EVENTS"
""br.com.yazo.bienallivro2024v2","Bienal do Livro SP 2024","EVENTS"
""com.appmystique.birthdayinvitationmaker","Birthday Invitation Maker","EVENTS"
""com.tanggulkrek.scarynextbotmcpe","Update Nextbot mod for MCPE","EVENTS"
""com.cadmiumcd.faa","Florida Apartment Association","EVENTS"
""easeapps.easevent","EasEvent: Add events with ease","EVENTS"
""de.eventim.mobile.app.Android","EVENTIM DE: Tickets for Events","EVENTS"
""de.apuri.free.games","PC Games Radar for Epic Games,","EVENTS"
""io.eventus.orgs","AttendMe - Attendance Tracking","EVENTS"
""com.bayfc.app","Bay FC","EVENTS"
""com.nunify","nunify","EVENTS"
""com.geotix","Evvnt","EVENTS"
""com.checkdin.user","CheckedIn: Connect & Discover","EVENTS"
""com.crowdcomms.scevents","Service Council Events","EVENTS"
""com.nvidia.gtcapp","NVIDIA GTC","EVENTS"
""com.superfeedtech.citizensalliance","PA Chase","EVENTS"
""com.tanggulkrek.animalmobmcpe","cute animal mod for MCPE","EVENTS"
""com.seatz_mvp","sEATz","EVENTS"
""com.goldmansachs.gd.goldmansachsevents","Goldman Sachs Events","EVENTS"
""io.kodular.dhaneswarojha434.TwentyTwentycalnder","2025 Calendar","EVENTS"
""com.statefair.minnesota","Official MN State Fair App","EVENTS"
""com.cueaudio.cue","CUE Live","EVENTS"
""com.sadeem_tech.roayaa","رؤية","EVENTS"
""com.enjoy.celebrare","Wedding Card Maker Indian","EVENTS"
""com.a237global.nkotb","NKOTB","EVENTS"
""com.ticketnetwork.TicketNetwork","TicketNetwork","EVENTS"
""com.appswize.babyshowerinvitation","Baby Shower Invitation Card","EVENTS"
""com.captivate.ymcadetroit","YMCA of Metropolitan Detroit","EVENTS"
""com.meetappevent.meetappgo","Ventla","EVENTS"
""com.rolfusa","ROLFORG","EVENTS"
""com.alldocumentsreader.pdf.fileviewer","All Document Reader Offline","EVENTS"
""com.hybridframework.letsPokerMobi","LetsPoker","EVENTS"
""com.arba.walsworth","ARBA","EVENTS"
""com.chess.chessevents","Chess Events: Games & Results","EVENTS"
""com.firstpriority.core.app","First Priority of South FL","EVENTS"
""com.tinder","Tinder Dating App: Chat & Date","DATING"
""com.bumble.app","Bumble Dating App: Meet & Date","DATING"
""co.hinge.app","Hinge Dating App: Match & Date","DATING"
""com.ihappydate","Dating and Chat - iHappy","DATING"
""com.hily.app","Hily Dating app: Meet & Date","DATING"
""com.badoo.mobile","Badoo Dating App: Meet & Date","DATING"
""enterprises.dating.boo","Boo: Dating. Friends. Chat.","DATING"
""com.panda.likerro","Dating and chat - Likerro","DATING"
""com.flure.app","Flure Dating:Made for Pleasure","DATING"
""io.cmbus.app","Coffee Meets Bagel: Dating App","DATING"
""com.onlyspark","Dating and Chat - Only Spark","DATING"
""com.maybeyou","Maybe You Dating: Chat & Date","DATING"
""com.match.android.matchmobile","Match Dating App: Chat & Meet","DATING"
""ru.fotostrana.sweetmeet","Dating and Chat - SweetMeet","DATING"
""com.hickeyapp.app.android","Local Meet & Dating App：Hickey","DATING"
""com.udates","Once: Find your Perfect Match","DATING"
""com.okcupid.okcupid","OkCupid Dating: Date Singles","DATING"
""com.affinityapps.twozerofour","Upward: Christian Dating App","DATING"
""com.affinityapps.chispa","Chispa: Dating App for Latinos","DATING"
""com.dating.pheromance","Pheromance Dating: Meet & Date","DATING"
""com.affinityapps.blk","BLK Dating: Meet Black Singles","DATING"
""com.getpure.pure","PURE: Anonymous Dating & Chat","DATING"
""com.evermatch","Dating and Chat - Evermatch","DATING"
""app.blackgentry","BlackGentry – Black Dating App","DATING"
""co.feeld","Feeld: Date & Meet New People","DATING"
""com.match.android.stir","Stir - Single Parent Dating","DATING"
""com.eharmony","eharmony dating & real love","DATING"
""com.fwbhookup.xpal","FWB Hookup & NSA Dating: XFun","DATING"
""com.flirtini","Flirtini - Chat, Flirt, Date","DATING"
""com.cupidmedia.wrapper.bbwcupid","BBWCupid: BBW Dating Plus Size","DATING"
""com.datemyage","DateMyAge Mature & Senior Date","DATING"
""com.zoosk.zoosk","Zoosk - Social Dating App","DATING"
""com.mason.wooplus","WooPlus Dating App: Meet Curvy","DATING"
""com.raw.app","RAW: date 100% real people","DATING"
""com.peoplemedia.ourtime","Ourtime Date, Meet 50+ Singles","DATING"
""com.archerapp.archer","Archer: Gay Dating & Gay Chat","DATING"
""com.fun2lite.app","Cikcik: Live, Share & Connect","DATING"
""com.blissbond.chat","Blissbond：Fun Chat and Dating","DATING"
""com.yeoboya.global","Honey - Date & Match, Meet","DATING"
""app.bumpy.android","Bumpy – International Dating","DATING"
""so.nymph.android","Nymph: Inclusive Dating & Chat","DATING"
""com.ftw_and_co.happn","happn: Dating, Chat & Meet","DATING"
""com.cougardating.cougard","Cougar Dating & Hook Up App","DATING"
""com.sdm.dating","SDM: Sweet & Discreet Meet","DATING"
""com.dating.android","Dating.com: Global Online Date","DATING"
""com.magnetappdate","Magnet Anonymous Match Dating","DATING"
""com.threesome.swingers.threefun","3Fun: Threesome Couples Dating","DATING"
""com.instinct.dating.unl","Instinct: Casual Dating App","DATING"
""com.cupidmedia.wrapper.filipinocupid","FilipinoCupid: Filipino Dating","DATING"
""com.picpals.app","Snap, Chat & Dating - Picpals","DATING"
""com.video18.dating","Live Me - Video Chat online","DATING"
""com.free.hookup.dating.apps.wild","Wild: Hook up, Meet, Dating Me","DATING"
""com.adult.friend.finder.friendswithbenifits.fwbapp","FWB: Friends with Benefits App","DATING"
""com.jaumo.prime","BLOOM, Meet Singles. Find Love","DATING"
""com.millionairedating.millionairematch","Meet, Date the Rich Elite - MM","DATING"
""ru.taboo.app","Secret - Dating Nearby Casual","DATING"
""com.gagasoft.randomchat","Random Chat - Stranger Chat","DATING"
""com.infostream.seekingarrangement","Seeking","DATING"
""mingle.android.mingle2","Mingle2: Dating, Chat & Meet","DATING"
""com.ttcode.freechatrandom","xxxx—1v1 Video Chat","DATING"
""com.antiland","Anonymous Chat Rooms, Dating","DATING"
""app.threesome.dating","3way: Threesome Hookup Dating","DATING"
""co.lucky.hookup","Casual Hookup Dating - Kasual","DATING"
""love.waiter.android","Waiter: one date a day","DATING"
""com.sdcmedia.swingers.g4","Swingers & Threesomes by SDC","DATING"
""com.idealmatch.idma","iris Dating: Find Love with AI","DATING"
""com.bi.bicupid","BiCupid: Date Singles, Couples","DATING"
""net.spark.silversingles.android.app.m1","SilverSingles: Mature Dating","DATING"
""ru.mamba.client","Mamba Dating App: Make friends","DATING"
""com.cupidmedia.wrapper.interracialcupid","InterracialCupid: Mixed Dating","DATING"
""com.chinalove","ZenDate - Meet Asian Singles","DATING"
""com.muzmatch.muzmatchapp","Muzz: Muslim Marriage & Social","DATING"
""com.besalt.app","SALT - Christian Dating App","DATING"
""com.kinky.fetlifestyle","Kink D - BDSM, Fetish Dating","DATING"
""com.successfulmatch.seniormatchdating","Senior Match: Mature Dating","DATING"
""com.dateup.android","DateUp - Tall Dating Made Easy","DATING"
""app.linduuus","Linduu, and you?","DATING"
""com.glambu","Glambu - Luxury dating","DATING"
""app.hook.dating","Hookup & NSA Dating - Hook","DATING"
""com.cupidmedia.wrapper.asiandating","AsianDating: Asian Dating","DATING"
""com.flashgap.fruitz","Fruitz - Dating app","DATING"
""com.cupidmedia.wrapper.latinamericancupid","LatinAmericanCupid: Latin Chat","DATING"
""com.cupidmedia.wrapper.blackcupid","BlackCupid: Black Dating","DATING"
""com.blackwhitemeet","Black White Interracial Dating","DATING"
""co.hud.app","HUD™: Hookup Dating App","DATING"
""com.cupichat.android","CUPI CHAT: dating, flirt, meet","DATING"
""com.cupidmedia.wrapper.muslima","Muslima: Arab & Muslim Dating","DATING"
""co.dilmil.android","Dil Mil: South Asian Dating","DATING"
""dating.hookup.apps","Casualx Hookup: Hook Up Dating","DATING"
""net.spark.elitesingles.android.app.m1","EliteSingles: Serious Dating","DATING"
""chat.roulette","Roulette Chat Video Omegle Ome","DATING"
""down.date.hookup.app","DOWN Dating App: Date Near Me","DATING"
""com.app.viida","viida is life","DATING"
""de.mobiletrend.lovidoo","yoomee: Dating & Relationships","DATING"
""com.meetey.app","Meetey - Chat, Match & Dating","DATING"
""datingorhookup.theunicorn.threesomechat","YOLO: Hookup. 3Some. Dating.","DATING"
""com.njada.vikiroom","Vikiroom:Not Just a Dating App","DATING"
""app.mums.date.casual.locals","MumsXplay - Date Flirty Moms","DATING"
""com.social.onenight","ONE Night - Hook Up Dating App","DATING"
""com.cupidmedia.wrapper.afrointroductions","AfroIntroductions: Afro Dating","DATING"
""com.meet.largefriends","Curvy & BBW Dating App - BMeet","DATING"
""com.localhookupdating.android","Local Hookup Dating Chat Date","DATING"
""com.cupidmedia.wrapper.internationalcupid","InternationalCupid: Dating","DATING"
""com.mutualapp","Mutual LDS Dating: Meet & Chat","DATING"
""urmytype.app","Ur My Type - Dating. Friends.","DATING"
""com.cupidmedia.wrapper.japancupid","JapanCupid: Japanese Dating","DATING"
""com.peoplemedia.blackpeoplemeet","Black People Meet Singles Date","DATING"
""ru.loveplanet.app","LovePlanet - Live video dating","DATING"
""com.cupidmedia.wrapper.pinkcupid","PinkCupid: Lesbian Dating","DATING"
""com.dating.spoilme","SpoilMe-Seeking Secret Age Gap","DATING"
""app.bestfriend","BestFriend - Your Online Dost","DATING"
""com.cupidmedia.wrapper.colombiancupid","ColombianCupid Colombia Dating","DATING"
""com.hotornot.app","Chat & Date: Dating Made Simpl","DATING"
""me.olachat.app","Hullo - Matchmaking & Dating","DATING"
""com.foreverbilisim.sevgilibul","Find Lover","DATING"
""com.coomeet.app","CooMeet: Video Chat with Girls","DATING"
""com.aslee.dhabeee","واتس الذهبي الاصلي 2024","DATING"
""com.offleashd","Offleash’d","DATING"
""com.cupidmedia.wrapper.christiancupid","ChristianCupid Christian Dates","DATING"
""com.cupidmedia.wrapper.thaicupid","ThaiCupid: Thai Dating","DATING"
""com.appgame.dating.app.free.chat.flirt.dating","Dating - Chat & Meet Singles","DATING"
""com.chyrpe.chyrpe","Chyrpe Dating: Match & Love","DATING"
""com.jaumo.mature","FINALLY: Mature singles dating","DATING"
""com.cupidmedia.wrapper.militarycupid","MilitaryCupid: Military Dating","DATING"
""com.chatnmatch.hotpink","HotTalk Anonymous Chat&Friends","DATING"
""com.stddating.positivesingles","Positive Singles Herpes Dating","DATING"
""com.wamba.bbs","Masked Love - Anonymous dating","DATING"
""com.flingnative.app","Fling Dating App: Meet & Play","DATING"
""de.yalwa.hashtagdating","#Dating: Date your way","DATING"
""com.loosidapp.dating","Loosid: Sober Dating & Meetups","DATING"
""com.mavenmatchmaker","Maven","DATING"
""com.mobile.android.eris","Eris Dating App: Meet People","DATING"
""com.agegap.gaper","Gaper: Age Gap Dating & Hookup","DATING"
""com.random.chat.app","RandoChat - Chat roulette","DATING"
""com.embrace_2redbeans","2RedBeans|两颗红豆: The Asian Dati","DATING"
""com.twosteps.twosteps","2Steps: Dating App & Chat","DATING"
""com.amolatina","AmoLatina - Chat, Meet, Date","DATING"
""com.ttcode.freelivechat","Sexy Video Call & Sexy Chat","DATING"
""com.meraluv","MeraLuv : Indo American Dating","DATING"
""com.pickyuda.ringle","Ringle - Jewish Dating","DATING"
""juicy.fungame.call","Juicy Live -Naughty Video Chat","DATING"
""aomasoftware.dating.over.seniors","Mature Dating - Senior Meet Me","DATING"
""com.jaumo.casual","CSL – Meet, Chat, Pla‪y & Date","DATING"
""app.hookup.com","HookUP.com Hook UP Dating Apps","DATING"
""com.mytransgenderdate.app","My Transgender Date: TS Dating","DATING"
""com.feels","Feels - dating & friends","DATING"
""gayfriendly.gay.dating.app","Gay guys chat & dating app","DATING"
""com.std.ichat.app","آیچت - دوست یابی، چتروم نزدیکا","DATING"
""com.honeypages.app","HoneyPages","DATING"
""com.swiftdating.app","Soltera - Latino Dating App","DATING"
""com.theystream","Match and Meet - Dating app","DATING"
""com.wildflingmatch.intimatespark","Seeking Arrangement - WildX","DATING"
""mobi.videochatdatingapp.live","CamMate: video chat dating app","DATING"
""com.pinadate","PinaDate - Filipino Dating App","DATING"
""net.mochatingfree.app","ايمو جديد 2023","DATING"
""com.one.goodnight","Goodnight: Voice Chat & Dating","DATING"
""com.std.doostino.app","دوستانه - چت و دوستیابی فارسی","DATING"
""com.tabooapp.dating","Hookup Adult Dating : YBOO","DATING"
""com.christianconnection.fishtank","Christian Connection - Dating","DATING"
""fiori.transgender","Fiorry: Transgender Dating","DATING"
""com.bindrdating.bindr","Bindr: Bisexual Dating & Chat","DATING"
""com.rusdate.net","RusDate. Знакомства на русском","DATING"
""com.cupidmedia.wrapper.dominicancupid","DominicanCupid Dating","DATING"
""com.buzzarab.buzzarab","buzzArab Arab & Muslim Dating","DATING"
""com.eurodate","EuroDate - Dating: Meet People","DATING"
""com.cheerioworld.nevermet","Nevermet - VR Dating Metaverse","DATING"
""co.stellarapp.stellar","easyStars","DATING"
""app.ark.dating","Ark - Christian Dating App","DATING"
""ai.casanova.datingcopilot","Casanova AI: Rizz Assistant","DATING"
""ru.mobstudio.andgalaxy","Galaxy - Chat Rooms & Games","DATING"
""com.sybrix.morethanone","MoreThanOne - Poly Dating","DATING"
""com.cenkle.chat.elele","Elele - Real Chat","DATING"
""com.ardor.kexin","Bliss: Discover Unique","DATING"
""com.cupidmedia.wrapper.caribbeancupid","CaribbeanCupid: Carib Dating","DATING"
""com.om.lastup","واتس عمر الازرق 2023","DATING"
""com.bifishapp","BiFish: Bisexual Dating & Chat","DATING"
""com.hookup.dating.bbw.wink","BBW Dating Hookup App: BBWink","DATING"
""com.thingsxl.sexycalls","Chatrandom–18+ Live Video Chat","DATING"
""com.blinck.mobile","Blinck - Dating & Meet People","DATING"
""com.fake_video.girls_video_call","iTalk: Video Call","DATING"
""com.imlonely.app","I'm Lonely - My Community","DATING"
""com.grandview.youflirt","YouFlirt - flirt & chat app","DATING"
""com.banana.free.dating.apps","BangLocals Dating Hookups Chat","DATING"
""co.adultfnder.android","AdultFinder - Adult Dating App","DATING"
""com.nik.frome","FROME","DATING"
""com.curvydating","Curvy Singles Dating","DATING"
""co.ninecount.summer","Summer Dating","DATING"
""me.ingala.galachat","Galachat: Avatars & Chat Rooms","DATING"
""com.bbw.curvy.dating.woomax","WooMax & Curvy Singles Match","DATING"
""com.migenteapp.migenteandroid","Mi Gente - Latino Dating","DATING"
""com.datingnode.onlywomen","Only Women - Lesbian Dating","DATING"
""br.com.esapiens.ysos","ysos: Couple meeting & dating","DATING"
""com.soudfa","Soudfa - دردشة، تعارف، زواج","DATING"
""com.veggly","Veggly – Vegan Dating App","DATING"
""zone.homie.flirtual.pwa","Flirtual - VR Dating App","DATING"
""com.vr.heymandi","Heymandi Make Friends by Words","DATING"
""com.wildec.meet24","Meet24 - Love, Chat, Singles","DATING"
""com.chatetyamo","Chat&Yamo : dating app","DATING"
""com.cougardating.olderwomendating","Cougar: Older Women Dating App","DATING"
""com.amin.wingr","Wingr: The Social Dating App","DATING"
""com.mcdonalds.app","McDonald's","FOOD_AND_DRINK"
""com.dd.doordash","DoorDash - Food Delivery","FOOD_AND_DRINK"
""com.subway.mobile.subwayapp03","Subway®","FOOD_AND_DRINK"
""com.ubercab.eats","Uber Eats: Food Delivery","FOOD_AND_DRINK"
""com.chickfila.cfaflagship","Chick-fil-A®","FOOD_AND_DRINK"
""com.littlecaesars","Little Caesars","FOOD_AND_DRINK"
""com.instacart.client","Instacart: Get Food Delivery","FOOD_AND_DRINK"
""com.app.tgtg","Too Good To Go: End Food Waste","FOOD_AND_DRINK"
""com.emn8.mobilem8.nativeapp.bk","BURGER KING® App","FOOD_AND_DRINK"
""com.starbucks.mobilecard","Starbucks","FOOD_AND_DRINK"
""com.olo.dairyqueen.production","Dairy Queen® Food & Treats","FOOD_AND_DRINK"
""com.dominospizza","Domino's Pizza USA","FOOD_AND_DRINK"
""com.kfc.us.mobile","KFC US - Ordering App","FOOD_AND_DRINK"
""com.yelp.android","Yelp: Food, Delivery & Reviews","FOOD_AND_DRINK"
""com.yum.pizzahut","Pizza Hut - Food Delivery & Ta","FOOD_AND_DRINK"
""com.dunkinbrands.otgo","Dunkin’","FOOD_AND_DRINK"
""com.wendys.nutritiontool","Wendy’s","FOOD_AND_DRINK"
""com.pandaexpress.app","Panda Express","FOOD_AND_DRINK"
""com.emn8.mobilem8.nativeapp.popeyes","Popeyes® App","FOOD_AND_DRINK"
""com.grubhub.android","Grubhub: Food Delivery","FOOD_AND_DRINK"
""com.sonic.sonicdrivein","SONIC Drive-In - Order Online","FOOD_AND_DRINK"
""com.sei.android","7-Eleven: Rewards & Shopping","FOOD_AND_DRINK"
""crumbl.cookies","Crumbl","FOOD_AND_DRINK"
""com.chipotle.ordering","Chipotle - Fresh Food Fast","FOOD_AND_DRINK"
""com.factor75.factor75","Factor_ Prepared Meal Delivery","FOOD_AND_DRINK"
""com.seattleapplab.jerseymikes","Jersey Mike's","FOOD_AND_DRINK"
""com.papajohns.android","Papa Johns Pizza & Delivery","FOOD_AND_DRINK"
""com.arbys.android.arbysapp","Arby's Fast Food Sandwiches","FOOD_AND_DRINK"
""wb.mobile.cx.client.droid","Whataburger","FOOD_AND_DRINK"
""com.dutchbros.loyalty","Dutch Bros","FOOD_AND_DRINK"
""com.mobilaurus.wingstopandroid","Wingstop","FOOD_AND_DRINK"
""com.usfoodrecalls.android","Food Recalls & Alerts","FOOD_AND_DRINK"
""com.panera.bread","Panera Bread","FOOD_AND_DRINK"
""com.slicelife.storefront","Slice: Pizza Delivery/Pick Up","FOOD_AND_DRINK"
""com.buffalowildwings.blazinrewards","Buffalo Wild Wings Ordering","FOOD_AND_DRINK"
""com.toasttab.consumer","Local by Toast","FOOD_AND_DRINK"
""com.olo.ihop","IHOP®","FOOD_AND_DRINK"
""com.wawa.android.appv2","Wawa","FOOD_AND_DRINK"
""app.quiktrip.com.quiktrip","QuikTrip: Food, Coupons & Fuel","FOOD_AND_DRINK"
""com.raisingcanes.ordering","Raising Cane's Chicken Fingers","FOOD_AND_DRINK"
""com.Caseys.finder","Casey's","FOOD_AND_DRINK"
""com.foodient.whisk","Samsung Food: Meal Planning","FOOD_AND_DRINK"
""com.tillster.frd_us_mobile","Freddy’s","FOOD_AND_DRINK"
""com.opentable","OpenTable","FOOD_AND_DRINK"
""com.jimmyjohns","Jimmy John's Sandwiches","FOOD_AND_DRINK"
""com.hardees.ordering","Hardee’s®","FOOD_AND_DRINK"
""com.mcdo.mcdonalds","McDonald's Offers and Delivery","FOOD_AND_DRINK"
""com.main.gopuff","Gopuff—Alcohol & Food Delivery","FOOD_AND_DRINK"
""com.snapfinger.mobile.zaxbys","Zaxbys","FOOD_AND_DRINK"
""com.trubeacon.scooters_mobile_android","Scooter's Coffee","FOOD_AND_DRINK"
""com.hellofresh.androidapp","HelloFresh: Meal Kit Delivery","FOOD_AND_DRINK"
""com.instacart.client.publix","Publix Delivery & Curbside","FOOD_AND_DRINK"
""com.olo.applebees","Applebee's","FOOD_AND_DRINK"
""com.murphy.driverewards","Murphy Drive Rewards","FOOD_AND_DRINK"
""com.relevantmobile.texasroadhouse","Texas Roadhouse","FOOD_AND_DRINK"
""com.crackerbarrel.app","Cracker Barrel","FOOD_AND_DRINK"
""com.qdoba.android","QDOBA Mexican Eats","FOOD_AND_DRINK"
""com.tropicalsmoothie.tropicalsmoothiecafe.android.app","Tropical Smoothie Cafe","FOOD_AND_DRINK"
""com.bobbyapproved","Bobby Approved","FOOD_AND_DRINK"
""com.thanx.nothingbundtcakes","Nothing Bundt Cakes","FOOD_AND_DRINK"
""com.extravirginventures.seedoilscout","Seed Oil Scout: Healthy Dining","FOOD_AND_DRINK"
""com.darden.mobile.olivegarden","Olive Garden Italian Kitchen","FOOD_AND_DRINK"
""com.ak.app.firehouse.activity","Firehouse Subs","FOOD_AND_DRINK"
""com.shipt.groceries","Shipt Snack & Grocery Delivery","FOOD_AND_DRINK"
""com.punchh.schlotzskys","Schlotzsky's Rewards Program","FOOD_AND_DRINK"
""com.ljsilvers","Long John Silver's","FOOD_AND_DRINK"
""com.dennys.mobile","Denny's","FOOD_AND_DRINK"
""com.totalwine.app.store","Total Wine & More","FOOD_AND_DRINK"
""com.inkind.inkind","inKind","FOOD_AND_DRINK"
""com.paytronix.client.android.app.checkersandrallys","Checkers & Rally's Rewards","FOOD_AND_DRINK"
""com.postmates.android","Postmates - Food Delivery","FOOD_AND_DRINK"
""whitecastle.ordering","White Castle Online Ordering","FOOD_AND_DRINK"
""com.flashfoodapp.android","Flashfood—Grocery deals","FOOD_AND_DRINK"
""com.savealot.rewards","Save A Lot","FOOD_AND_DRINK"
""com.chownow.discover","ChowNow: Local Food Ordering","FOOD_AND_DRINK"
""com.sayweee.weee","Weee! Asian Grocery Delivery","FOOD_AND_DRINK"
""com.baskinrobbins.app","Baskin-Robbins","FOOD_AND_DRINK"
""com.redrobin.appstore","Red Robin","FOOD_AND_DRINK"
""org.pleinair.bojanglesmobile","Bojangles","FOOD_AND_DRINK"
""com.buzzfeed.tasty","Tasty","FOOD_AND_DRINK"
""com.goldencorralapp.app","Golden Corral","FOOD_AND_DRINK"
""com.paytronix.client.android.app.gpm","fas REWARDS®","FOOD_AND_DRINK"
""com.global.foodpanda.android","foodpanda: food & groceries","FOOD_AND_DRINK"
""com.everyplate.android","EveryPlate: Cooking Simplified","FOOD_AND_DRINK"
""com.talabat","talabat: Food, grocery & more","FOOD_AND_DRINK"
""com.outback.tampa","Outback Steakhouse","FOOD_AND_DRINK"
""com.insomniacookies.insomnia","Insomnia Cookies","FOOD_AND_DRINK"
""com.shakeshack.android","Shake Shack","FOOD_AND_DRINK"
""com.misfitsmarket","Misfits Market Grocery App","FOOD_AND_DRINK"
""com.olo.deltaco","Del Taco - Del Yeah! Rewards","FOOD_AND_DRINK"
""com.olo.papamurphys","Papa Murphy’s Pizza","FOOD_AND_DRINK"
""com.neighbfav.neighborfavor","Favor: Texas Food Delivery","FOOD_AND_DRINK"
""com.chuckecheese.app","Chuck E. Cheese","FOOD_AND_DRINK"
""ruby.tuesday.app","Ruby Rewards","FOOD_AND_DRINK"
""com.supercook.app","SuperCook - Recipe Generator","FOOD_AND_DRINK"
""com.kraft.allotta","What's Cooking?","FOOD_AND_DRINK"
""com.wegmans.wegmans2go","Wegmans Meals 2GO","FOOD_AND_DRINK"
""com.tsfrm.tsfpaycanteen","Connect & Pay","FOOD_AND_DRINK"
""com.paytronix.client.android.app.blackrockcoffee","Black Rock Coffee Bar","FOOD_AND_DRINK"
""com.thanx.sonnysbbq","Sonny's BBQ","FOOD_AND_DRINK"
""com.parisbaguette.app","Paris Baguette","FOOD_AND_DRINK"
""uk.co.guardian.feast","Guardian Feast","FOOD_AND_DRINK"
""com.olo.elpolloloco","El Pollo Loco - Loco Rewards","FOOD_AND_DRINK"
""com.punchh.slimchickens","Slim Chickens","FOOD_AND_DRINK"
""com.olo.jambajuice","Jamba","FOOD_AND_DRINK"
""com.toters.customer","Toters: Food Delivery & More","FOOD_AND_DRINK"
""com.togotechnologies.RoyalFarms4","Royal Farms Rewards","FOOD_AND_DRINK"
""com.bobevans.bobevans.android.app","Bob Evans","FOOD_AND_DRINK"
""com.greenchef.GreenChef","Green Chef: Healthy Recipes","FOOD_AND_DRINK"
""com.kurasushi.app","Kura Sushi Rewards","FOOD_AND_DRINK"
""com.pedidosya","PedidosYa - Delivery Online","FOOD_AND_DRINK"
""com.firststarcommunications.ampmscratchpower.android","ampm","FOOD_AND_DRINK"
""com.habit.mobile","Habit Burger Grill","FOOD_AND_DRINK"
""com.hashtagapplications.fromtherest","FromTheRestaurant","FOOD_AND_DRINK"
""com.auntieannes.pretzelperks","Auntie Anne’s Rewards","FOOD_AND_DRINK"
""com.mobile.daveshotchicken","Dave’s Hot Chicken®","FOOD_AND_DRINK"
""com.blackboard.mobileorder","Transact Mobile Ordering","FOOD_AND_DRINK"
""com.harristeeter.htmobile","Harris Teeter","FOOD_AND_DRINK"
""com.hungerrush.hungryhowies","Hungry Howies","FOOD_AND_DRINK"
""digital.rbi.timhortons","Tim Hortons","FOOD_AND_DRINK"
""com.apptionlabs.meater_app","MEATER® Smart Meat Thermometer","FOOD_AND_DRINK"
""com.seven.eleven.phoenix","7NOW: Food Delivery & Alcohol","FOOD_AND_DRINK"
""com.mobile.potbelly","Potbelly Sandwich Works","FOOD_AND_DRINK"
""com.loyaltyplant.partner.cousinsmainelobster","Cousins Maine Lobster","FOOD_AND_DRINK"
""com.cooklist.android","Cooklist: Pantry & Cooking App","FOOD_AND_DRINK"
""com.zipscene.mobile.sns","Steak 'n Shake","FOOD_AND_DRINK"
""org.captaindsmobile","Captain D's","FOOD_AND_DRINK"
""com.anthemventures.secretmenu","Starbucks Secret Menu: Drinks","FOOD_AND_DRINK"
""com.zeptoconsumerapp","Zepto:10-Min Grocery Delivery*","FOOD_AND_DRINK"
""com.sourceapp.ebb","Einstein Bros Bagels","FOOD_AND_DRINK"
""com.punchh.txdq","DQ Texas","FOOD_AND_DRINK"
""com.hungrypanda.waimai","HungryPanda: Food Delivery","FOOD_AND_DRINK"
""com.hteao.app","HTeaO","FOOD_AND_DRINK"
""com.olo.coldstone","Cold Stone®","FOOD_AND_DRINK"
""com.darden.mobile.longhornsteakhouse","LongHorn Steakhouse®","FOOD_AND_DRINK"
""com.wishop.dev.jow","Jow - easy recipes & groceries","FOOD_AND_DRINK"
""com.nutrislice.schoollunch","Nutrislice","FOOD_AND_DRINK"
""com.paytronix.client.android.app.andysfrozencustard","Andy's Frozen Custard","FOOD_AND_DRINK"
""com.olo.noodles","Noodles & Company","FOOD_AND_DRINK"
""com.caribou.caribouapp","Caribou Coffee®","FOOD_AND_DRINK"
""com.cinnfocus.app","Cinnabon","FOOD_AND_DRINK"
""com.grability.rappi","Rappi: Food Delivery, Grocery","FOOD_AND_DRINK"
""com.mealime","Mealime Meal Plans & Recipes","FOOD_AND_DRINK"
""com.wolt.android","Wolt Delivery: Food and more","FOOD_AND_DRINK"
""ru.perekrestok.app","Перекресток доставка продуктов","FOOD_AND_DRINK"
""com.punchh.citybbq","City Barbeque","FOOD_AND_DRINK"
""com.jacks.app","Jack's","FOOD_AND_DRINK"
""com.emeals","eMeals - Meal Planning Recipes","FOOD_AND_DRINK"
""vivino.web.app","Vivino: Buy the Right Wine","FOOD_AND_DRINK"
""ru.sbcs.store","Samokat: Food Delivery","FOOD_AND_DRINK"
""com.kroger.krogerdeliverynow","Kroger Delivery Now","FOOD_AND_DRINK"
""com.untappdllc.app","Untappd: Find Beer You'll Love","FOOD_AND_DRINK"
""com.dynamify.sodexo","Everyday","FOOD_AND_DRINK"
""com.kfteausa.mobile","Kung Fu Tea","FOOD_AND_DRINK"
""com.krystal","Krystal","FOOD_AND_DRINK"
""com.yummly.android","Yummly Recipes & Cooking Tools","FOOD_AND_DRINK"
""com.xiaojukeji.didi.global.customer","DiDi Food: Express Delivery","FOOD_AND_DRINK"
""com.eretail.android.lowesfoods","Lowes Foods","FOOD_AND_DRINK"
""com.nytimes.cooking","NYT Cooking","FOOD_AND_DRINK"
""com.ca.fantuan.customer","Fantuan Delivery-饭团外卖","FOOD_AND_DRINK"
""com.hyvee.fastandfresh","Hy-Vee Fast & Fresh","FOOD_AND_DRINK"
""com.hindsightlabs.paprika.android.v3","Paprika Recipe Manager 3","FOOD_AND_DRINK"
""com.globalbrands.churchs","Church's Chicken","FOOD_AND_DRINK"
""com.kumandgo.rewards","Kum & Go","FOOD_AND_DRINK"
""com.application.zomato","Zomato: Food Delivery & Dining","FOOD_AND_DRINK"
""com.deliveroo.orderapp","Deliveroo: Food & Shopping","FOOD_AND_DRINK"
""com.cookunity.android.app","CookUnity - A Chef Marketplace","FOOD_AND_DRINK"
""com.beliapp.myapp","Beli","FOOD_AND_DRINK"
""in.swiggy.android","Swiggy: Food Instamart Dineout","FOOD_AND_DRINK"
""com.teriyaki.app","Teriyaki Madness","FOOD_AND_DRINK"
""com.olo.cicis","Cicis Pizza","FOOD_AND_DRINK"
""us.thatrecipe","That Recipe","FOOD_AND_DRINK"
""com.tudorspan.recipekeeper","Recipe Keeper","FOOD_AND_DRINK"
""com.conceptaquisitions.mountainmikes","Mountain Mike's Pizza","FOOD_AND_DRINK"
""com.grofers.customerapp","Blinkit: Grocery in 10 minutes","FOOD_AND_DRINK"
""com.peterpiperpizza.app","Peter Piper Pizza","FOOD_AND_DRINK"
""com.olo.hooters","Hooters - Ordering and Rewards","FOOD_AND_DRINK"
""com.jeremiahsice.app","Jeremiah’s Ice J-List Rewards","FOOD_AND_DRINK"
""com.hucks.app","Huck's Bucks Bigg Rewards","FOOD_AND_DRINK"
""com.wishmobile.cafe85en","85C Bakery Cafe","FOOD_AND_DRINK"
""com.seint.gt.seh.android.rewards","7-Eleven Hawaii: Shop & Earn","FOOD_AND_DRINK"
""com.talabatey","Talabatey طلباتي","FOOD_AND_DRINK"
""com.pollocampero.app","Pollo Campero, USA","FOOD_AND_DRINK"
""meal.planner","Meal Planner - Weekly Plan","FOOD_AND_DRINK"
""com.lafourchette.lafourchette","TheFork - Restaurant bookings","FOOD_AND_DRINK"
""com.skollabs.tipcalc","Tip Calculator","FOOD_AND_DRINK"
""com.keurig.kconnect","Keurig","FOOD_AND_DRINK"
""com.thehumanbean.thehumanbean.android.app","The Human Bean","FOOD_AND_DRINK"
""com.chefman.chefiq.prod","CHEF iQ","FOOD_AND_DRINK"
""com.grubhub.android.gfr","Grubhub for Restaurants","FOOD_AND_DRINK"
""com.mufumbo.android.recipe.search","Cookpad recipes, daily cooking","FOOD_AND_DRINK"
""com.darden.mobile.cheddars","Cheddar's Scratch Kitchen","FOOD_AND_DRINK"
""com.icehouseamerica.ice2u","ICE2U","FOOD_AND_DRINK"
""com.jasonsdeli.app","Jason's Deli","FOOD_AND_DRINK"
""co.peppertheapp.android","Pepper - Recipes with Friends","FOOD_AND_DRINK"
""com.thefreshmarket.app.android","The Fresh Market","FOOD_AND_DRINK"
""com.paytronix.client.android.app.pizzaranch","Pizza Ranch Rewards","FOOD_AND_DRINK"
""co.goodiebag.app","Goodie Bag: Local Food Deals","FOOD_AND_DRINK"
""com.ncr.saladandgo","Salad and Go","FOOD_AND_DRINK"
""com.trevornemanic.secretmenuforinnout","Secret Menu for In-N-Out","FOOD_AND_DRINK"
""com.lemon.lvoverseas","CapCut - Video Editor","VIDEO_PLAYERS"
""com.genraltv.app","Genral Tv | Video Player","VIDEO_PLAYERS"
""com.ss.android.tt.creator","TikTok Studio","VIDEO_PLAYERS"
""com.google.android.apps.youtube.creator","YouTube Studio","VIDEO_PLAYERS"
""com.google.android.youtube","YouTube","VIDEO_PLAYERS"
""com.ytv.pronew","YTV Player Pro","VIDEO_PLAYERS"
""org.videolan.vlc","VLC for Android","VIDEO_PLAYERS"
""com.camerasideas.trimmer","YouCut - Video Editor & Maker","VIDEO_PLAYERS"
""com.instantbits.cast.webvideo","Web Video Cast | Browser to TV","VIDEO_PLAYERS"
""com.videoeditorpro.android","Video Editor APP - VivaCut","VIDEO_PLAYERS"
""videoeditor.videorecorder.screenrecorder","Screen Recorder - XRecorder","VIDEO_PLAYERS"
""com.professionalvideoplayer.allformathdvideoplayer","HD Video Player","VIDEO_PLAYERS"
""com.wondershare.filmorago","Filmora：AI Video Editor, Maker","VIDEO_PLAYERS"
""com.rumble.battles","Rumble","VIDEO_PLAYERS"
""com.mxtech.videoplayer.ad","MX Player","VIDEO_PLAYERS"
""video.downloader.videodownloader","Video Downloader","VIDEO_PLAYERS"
""io.invideo.ai","invideo AI: Video Generator","VIDEO_PLAYERS"
""com.videomedia.photovideomaker.slideshow","Photo Video Maker with Music","VIDEO_PLAYERS"
""screenmirroring.casttotv.tvcast.chromecast","Cast to TV - Screen Mirroring","VIDEO_PLAYERS"
""videodownloader.instagram.videosaver","Video Downloader & Story Saver","VIDEO_PLAYERS"
""cast.video.screenmirroring.casttotv","Cast to TV, Chromecast & Roku","VIDEO_PLAYERS"
""maxplayer.mediaplayer.videoplayer","Video Player All Format HD","VIDEO_PLAYERS"
""com.smartaddx.vicohome","VicoHome: Security Camera App","VIDEO_PLAYERS"
""com.boostvision.player.iptv","IPTV Player: Watch Live TV","VIDEO_PLAYERS"
""com.lite.tera.iplayerbox","iPlayer Lite- Video Plalyer","VIDEO_PLAYERS"
""com.sneig.livedrama","Drama Live | Video Player","VIDEO_PLAYERS"
""com.rocks.music.videoplayer","HD Video Player All Formats","VIDEO_PLAYERS"
""com.alightcreative.motion","Alight Motion","VIDEO_PLAYERS"
""com.triple.photo.video.maker","Photo video maker with music","VIDEO_PLAYERS"
""com.cyberlink.powerdirector.DRA140225_01","PowerDirector - Video Editor","VIDEO_PLAYERS"
""com.wiz.videoplayer","Wiz Player","VIDEO_PLAYERS"
""com.yunyi.smartcamera","YI IoT","VIDEO_PLAYERS"
""com.tera.provid.iplayer","Provid - Video Player","VIDEO_PLAYERS"
""slideshow.videomaker.music.photoslideshow","Photo Video Maker - InSlide","VIDEO_PLAYERS"
""downloader.vitmate.downloaderapp","Downloader - Video Downloader","VIDEO_PLAYERS"
""com.alpha.instantcut","Instant Cut - Video Editor","VIDEO_PLAYERS"
""video.maker.photo.music.slideshow","Photo Video Maker With Music","VIDEO_PLAYERS"
""com.recorder.screen.handy","Screen Recorder Video Recorder","VIDEO_PLAYERS"
""downloader.video.download.free","Video Downloader & Video Saver","VIDEO_PLAYERS"
""videoeditor.videomaker.videoeditorforyoutube","Video Maker","VIDEO_PLAYERS"
""com.castify","Cast to TV+ Chromecast Roku TV","VIDEO_PLAYERS"
""com.turner.cnvideoapp","Cartoon Network App","VIDEO_PLAYERS"
""com.nexstreaming.app.kinemasterfree","KineMaster-Video Editor&Maker","VIDEO_PLAYERS"
""video.player.videoplayer","Video Player All Format","VIDEO_PLAYERS"
""videoplayer.musicplayer.audio.allvideoplayer.video.music","Tik Tik Video Player","VIDEO_PLAYERS"
""com.giphy.messenger","GIPHY: GIFs, Stickers & Clips","VIDEO_PLAYERS"
""org.xbmc.kodi","Kodi","VIDEO_PLAYERS"
""com.saveinsta.app.savevideo.saveclip","SaveVideo - No Watermark & HD","VIDEO_PLAYERS"
""video.downloader.allvideodownloader.videosaver","Video Downloader: Video Saver","VIDEO_PLAYERS"
""com.funcamerastudio.videomaker","Video Maker Music Video Editor","VIDEO_PLAYERS"
""com.playit.videoplayer","PLAYit-All in One Video Player","VIDEO_PLAYERS"
""com.frontrow.vlog","VN - Video Editor & Maker","VIDEO_PLAYERS"
""com.gopro.smarty","GoPro Quik: Video Editor","VIDEO_PLAYERS"
""mp3videoconverter.videotomp3.videotomp3converter","Video to MP3 - Video to Audio","VIDEO_PLAYERS"
""com.utorrent.client","µTorrent®- Torrent Downloader","VIDEO_PLAYERS"
""com.meitu.wink","Wink - Video Enhancing Tool","VIDEO_PLAYERS"
""com.free.slideshow.maker.music.videoshow.photo.videomaker","Slideshow Maker Photo Video","VIDEO_PLAYERS"
""com.snaptik.app.snaptik.snaptick10","SnapTick - Download Video TT","VIDEO_PLAYERS"
""com.tradron.downloadhub","Download Hub, Video Downloader","VIDEO_PLAYERS"
""instasaver.videodownloader.photodownloader.repost","Video Downloader - Story Saver","VIDEO_PLAYERS"
""video.editor.videomaker.effects.fx","AI Video Editor: ShotCut AI","VIDEO_PLAYERS"
""com.video.editor.greattalent","EasyCut - Video Editor & Maker","VIDEO_PLAYERS"
""com.splice.video.editor","Splice - Video Editor & Maker","VIDEO_PLAYERS"
""com.video.downloader.quicksave.saver","HD Video Downloader Quick Save","VIDEO_PLAYERS"
""iplayer.and.new.com","lPlayer - Offline Video Player","VIDEO_PLAYERS"
""video.downloader.tiktok.instagram.file.saver.vault","X Video Downloader & Player","VIDEO_PLAYERS"
""free.video.downloader.converter.music","Video Downloader, Download All","VIDEO_PLAYERS"
""com.zozoplayer","ZoZo Player - URL Video Player","VIDEO_PLAYERS"
""com.videodownloader.snap.originalapktube","Snap-tubè All Video Downloader","VIDEO_PLAYERS"
""videoeditor.videomaker.slideshow.fotoplay","Video Maker & Photo Music","VIDEO_PLAYERS"
""com.hecorat.screenrecorder.free","Screen Recorder - AZ Recorder","VIDEO_PLAYERS"
""maxplayer.video.videoplayer","HD Video Player All Format","VIDEO_PLAYERS"
""free.files.downloader.save.video.manager","Video Downloader - Save Videos","VIDEO_PLAYERS"
""com.editor.video.photoslideshow.videomaker","Photo Video Maker with Music","VIDEO_PLAYERS"
""com.smarterspro.smartersprotv","Smarters Pro","VIDEO_PLAYERS"
""com.streamlabs","Streamlabs: Live Streaming","VIDEO_PLAYERS"
""com.quvideo.xiaoying","VivaVideo - Video Editor&Maker","VIDEO_PLAYERS"
""screenrecorder.recorder.editor","Screen Recorder Video Recorder","VIDEO_PLAYERS"
""com.nocap.captions","Captions: For Talking Videos","VIDEO_PLAYERS"
""tiktok.video.downloader.nowatermark.tiktokdownload","Download video no watermark","VIDEO_PLAYERS"
""com.project100pi.videoplayer.video.player","Pi Video Player - Media Player","VIDEO_PLAYERS"
""videodownloader.downloader.videoplayer","Video Downloader - HD & Easy","VIDEO_PLAYERS"
""tiktok.video.downloader.nowatermark.tiktokdownload.snaptik","SnapTik - TT Video Downloader","VIDEO_PLAYERS"
""free.video.downloader.freevideodownloader","Video Downloader - Downloader","VIDEO_PLAYERS"
""ir.remote.smg.tv","TV (Samsung) Remote Control","VIDEO_PLAYERS"
""com.darinsoft.vimo","VLLO, My First Video Editor","VIDEO_PLAYERS"
""free.xnxx.hot.video.downloader","X Sexy Video Downloader","VIDEO_PLAYERS"
""com.instantbits.cast.receiver","Web Video Caster Receiver","VIDEO_PLAYERS"
""com.action.ghost.hunter.shooter","Ghost Hunters","VIDEO_PLAYERS"
""top.reelme.reelplayer","Reel Player - Video Player","VIDEO_PLAYERS"
""music.videomaker.slideshow","MVideo - Music Video Maker","VIDEO_PLAYERS"
""com.bilibili.app.in","bilibili-弹幕动画直播高清视频","VIDEO_PLAYERS"
""com.google.android.videos","Google TV","VIDEO_PLAYERS"
""com.videoplayerhd.allformatplayer.allvideoplayerhd","Video Player All Format Hd","VIDEO_PLAYERS"
""com.smartcast.android","Smart Cast TV -Phone Projector","VIDEO_PLAYERS"
""iptv.pro.player.m3u8.chromecast","IPTV Player Smart TV Streaming","VIDEO_PLAYERS"
""com.audio.mp3cutter.videotoaudio","Video to MP3 Convert","VIDEO_PLAYERS"
""com.jugaadsoft.removeunwantedobject","Remove Objects - Photo & Video","VIDEO_PLAYERS"
""glitchvideoeditor.videoeffects.glitchvideoeffect","Video Editor&Maker - VideoCook","VIDEO_PLAYERS"
""com.virtual.video.i18n","Virbo-AI Video & AI Generator","VIDEO_PLAYERS"
""com.vistring.blink.android","Blink: Captions & Teleprompter","VIDEO_PLAYERS"
""com.mp4mp3","Video & Music Downloader","VIDEO_PLAYERS"
""com.hld.anzenbokusucal","Calculator - photo vault","VIDEO_PLAYERS"
""com.digital.circus.fakecall","Clown Call & Fun Chat","VIDEO_PLAYERS"
""com.video.download.videodownloader.storydownloader.savevideos","All Video Downloader App","VIDEO_PLAYERS"
""ins.freevideodownload.pro","Video Downloader: Story Video","VIDEO_PLAYERS"
""com.softin.recgo","Screen Recorder - Record Video","VIDEO_PLAYERS"
""com.play.tube.adsblock.video.vanceded.free","Pro Video Tube : Remove Ads","VIDEO_PLAYERS"
""com.vidmat.allvideodownloader","All Video Downloader Master","VIDEO_PLAYERS"
""all.video.downloader.allvideodownloader","All Video Downloader - V","VIDEO_PLAYERS"
""com.ttee.leeplayer","SPlayer - Fast Video Player","VIDEO_PLAYERS"
""vidma.video.editor.videomaker","AI Video Editor - Vidma AI Cut","VIDEO_PLAYERS"
""com.xvideostudio.videoeditor","Video Editor & Maker VideoShow","VIDEO_PLAYERS"
""videoeditor.videomaker.aieffect","AI Video Enhancer - Utool","VIDEO_PLAYERS"
""com.vtool.photovideomaker.slideshow.videoeditor","Photo Video Maker With Music","VIDEO_PLAYERS"
""instagram.video.downloader.story.saver.ig.insaver","Video Downloader & Story Saver","VIDEO_PLAYERS"
""com.photo.imageslideshow.photovideomaker","Photo Video Maker: Slideshows","VIDEO_PLAYERS"
""vinkle.video.editor","Beat.ly: AI music video maker","VIDEO_PLAYERS"
""com.arashivision.insta360akiko","Insta360","VIDEO_PLAYERS"
""videopalyer.hd.video.music.player","Video Player - AnyPlay","VIDEO_PLAYERS"
""com.all.social.video.downloader","Video Downloader: All Socials","VIDEO_PLAYERS"
""ar.tvplayer.tv","TiviMate IPTV Player","VIDEO_PLAYERS"
""info.t4w.vp","Url Video Player","VIDEO_PLAYERS"
""cast.video.tool.screenmirroring.casttotv","Cast To TV: Phone Screen to TV","VIDEO_PLAYERS"
""com.itg.videomaker","Photo Video Maker With Song","VIDEO_PLAYERS"
""com.lightricks.videoleap","Videoleap: AI Video Editor","VIDEO_PLAYERS"
""com.google.android.apps.youtube.producer","YouTube Create","VIDEO_PLAYERS"
""com.iwebtv.castwebtv.screenmirroring","iWebTV - Cast Web Videos to TV","VIDEO_PLAYERS"
""com.hd.videodownloader.all.video.downloader","All Video Downloader 4k Saver","VIDEO_PLAYERS"
""de.twokit.castbrowser","TV Cast for Chromecast","VIDEO_PLAYERS"
""com.videodownloader.savevideos.socialmedia.video.saver","Video Downloader - Story Saver","VIDEO_PLAYERS"
""app.video.converter","Video Converter-ConverterBlack","VIDEO_PLAYERS"
""uplayer.video.player","Video Player All Format","VIDEO_PLAYERS"
""com.camera.secretvideorecorder","background video recorder","VIDEO_PLAYERS"
""com.snowcorp.vita","VITA - Video Editor & Maker","VIDEO_PLAYERS"
""m.formuler.mol.plus","MYTVOnline+ IPTV Player","VIDEO_PLAYERS"
""com.mast.status.video.edit","mAst: Music Status Video Maker","VIDEO_PLAYERS"
""com.imgur.mobile","Imgur: Funny Memes & GIF Maker","VIDEO_PLAYERS"
""ins.story.unfold","Mivo: Face swap video bride","VIDEO_PLAYERS"
""com.accordion.prettyo","PrettyUp - Video Body Editor","VIDEO_PLAYERS"
""com.prism.live","PRISM Live Studio: Games & IRL","VIDEO_PLAYERS"
""com.kmplayer","KMPlayer - All Video Player","VIDEO_PLAYERS"
""com.lightcut.videoeditor","LightCut -AI Auto Video Editor","VIDEO_PLAYERS"
""photo.music.video.maker.slideshow","Video Maker With Music & Photo","VIDEO_PLAYERS"
""com.music.slideshow.videoeditor.videomaker","Photo video maker with music","VIDEO_PLAYERS"
""ai.face.swap.faceshow.video","AI Face Swap & Photo - FFace","VIDEO_PLAYERS"
""com.videocreator.android","iCut: Video Editor & Maker","VIDEO_PLAYERS"
""com.vtool.screenrecorder.screenrecording.videoeditor","Screen Recorder - eRecorder","VIDEO_PLAYERS"
""com.xenstudios.allformate.videoplay.hdvideoplayer","VPlay: All in One Video Player","VIDEO_PLAYERS"
""com.allvideodownloader.hdvideodownloader.superfastvideodownloader","Video Downloader","VIDEO_PLAYERS"
""com.picslab.neon.editor","Mivi : Music & AI Video Maker","VIDEO_PLAYERS"
""com.mobi.screenrecorder.durecorder","Screen Recorder GU Recorder","VIDEO_PLAYERS"
""org.jellyfin.mobile","Jellyfin","VIDEO_PLAYERS"
""com.ibopro.player","Ibo Pro Player","VIDEO_PLAYERS"
""com.tianxingjian.screenshot","Screen Recorder+Video Recorder","VIDEO_PLAYERS"
""com.riffsy.FBMGIFApp","GIF Keyboard by Tenor","VIDEO_PLAYERS"
""com.bittorrent.client","BitTorrent®- Torrent Downloads","VIDEO_PLAYERS"
""com.futo.platformplayer.playstore","Grayjay","VIDEO_PLAYERS"
""katabopstudio.tubemaster.downloadhdvideo","Tube Video Downloader","VIDEO_PLAYERS"
""com.toxic.apps.chrome","All Screen Cast to TV Roku","VIDEO_PLAYERS"
""video.hd.videoplayer.mp4videoplayer.mediaplayer.mp3.music.player.maxvideoplayer","Video Player: All Format","VIDEO_PLAYERS"
""com.video_converter.video_compressor","Compress Video Size Compressor","VIDEO_PLAYERS"
""com.zerdalive.app","Zerda Live | Video Player","VIDEO_PLAYERS"
""com.ezviz","EZVIZ","VIDEO_PLAYERS"
""com.adobe.premiererush.videoeditor","Adobe Premiere Rush: Video","VIDEO_PLAYERS"
""bigvu.com.reporter","BIGVU Teleprompter & Captions","VIDEO_PLAYERS"
""com.enjoy.moviebox","Movie Box","VIDEO_PLAYERS"
""com.app_mo.splayer","ASD Player","VIDEO_PLAYERS"
""co.triller.droid","Triller: Social Video Platform","VIDEO_PLAYERS"
""com.pt.auto.background.video.recorder.hidden.camera","Auto Background Video Recorder","VIDEO_PLAYERS"
""com.microapps.screenmirroring","Screen Mirroring - Cast to TV","VIDEO_PLAYERS"
""com.androvid","Video Editor & Maker AndroVid","VIDEO_PLAYERS"
""com.youcam.videoeditor.reface.makeup","YouCam Video Editor & Retouch","VIDEO_PLAYERS"
""com.vaultmicro.camerafi.live","CameraFi Live","VIDEO_PLAYERS"
""rocks.video.videoplayer","Video player - Rocks Player","VIDEO_PLAYERS"
""com.fawazapp.blackhole","BlackHole","VIDEO_PLAYERS"
""com.slideshow.videomaker.photovideo","Photo Video Maker with Music","VIDEO_PLAYERS"
""com.videoeditor.reducesizevideo.videocompressor","Video compressor - Reduce size","VIDEO_PLAYERS"
""com.dwplayer.app","DW Player","VIDEO_PLAYERS"
""ru.iptvremote.android.iptv","IPTV","VIDEO_PLAYERS"
""com.videoplayer.arcplayer","Video Player All Format","VIDEO_PLAYERS"
""com.vrplayer.bestvrvideos","VR Player Vr Videos 360 Videos","VIDEO_PLAYERS"
""com.ottplay.ottplay","Televizo - IPTV player","VIDEO_PLAYERS"
""cn.bluepulse.caption","Zeemo: Captions & Subtitles","VIDEO_PLAYERS"
""com.video.videorecord.backgroundvideorecorder","Background Video Recorder","VIDEO_PLAYERS"
""com.toxic.apps.reciever","All Screen Receiver","VIDEO_PLAYERS"
""screenrecorder.videoeditor.videorecorder","Screen Recorder - AX Recorder","VIDEO_PLAYERS"
""com.avcrbt.funimate","Funimate Video Editor & Maker","VIDEO_PLAYERS"
""twittervideodownloader.twitter.videoindir.savegif.twdown","X Saver:Download Twitter Video","VIDEO_PLAYERS"
""com.shenyaocn.android.usbcamera","USB Camera","VIDEO_PLAYERS"
""video.player.audio.player.music","video player for android","VIDEO_PLAYERS"
""com.boost.cast.universal","Cast to TV - Screen Mirroring","VIDEO_PLAYERS"
""com.video.edit.lyrically.videostatusmaker","All Video Downloader - Browser","VIDEO_PLAYERS"
""pin.pinterest.video.downloader.pinterest.downloader","Video Downloader for Pinterest","VIDEO_PLAYERS"
""com.umix.app.musicplayer","Video Downloader","VIDEO_PLAYERS"
""com.delphicoder.flud","Flud - Torrent Downloader","VIDEO_PLAYERS"
""com.videoplayer.fullhdmediaplayer","Video Player All Format","VIDEO_PLAYERS"
""com.productivity.aivideomaker.slideshow.withmusic","Photo Video Maker with Music","VIDEO_PLAYERS"
""downloadtwittervideo.twitterdownloader.twittervideodownloader.twittersaver","Video Downloader for Twitter","VIDEO_PLAYERS"
""hd.video.downloader.app.hdvideodownloaderapp","HD Video Downloader App - 2022","VIDEO_PLAYERS"
""io.voodoo.holeio","Hole.io","GAME_ARCADE"
""io.voodoo.paper2","Paper.io 2","GAME_ARCADE"
""com.kiloo.subwaysurf","Subway Surfers","GAME_ARCADE"
""com.robtopx.geometryjumplite","Geometry Dash Lite","GAME_ARCADE"
""io.supercent.linkedcubic","Snake Clash!","GAME_ARCADE"
""com.freeplay.twerk","Twerk Race 3d — Fun run game!","GAME_ARCADE"
""com.master.hotelmaster","My Perfect Hotel","GAME_ARCADE"
""com.vincentb.MobControl","Mob Control","GAME_ARCADE"
""com.fungames.blockcraft","Block Craft 3D：Building Game","GAME_ARCADE"
""com.os.space.force.galaxy.alien","Galaxiga Arcade Shooting Game","GAME_ARCADE"
""io.supercent.downhill","Downhill Racer","GAME_ARCADE"
""com.xplay.pop_antistress_simulator","Antistress relaxing toy game","GAME_ARCADE"
""com.os.airforce","1945 Air Force: Airplane games","GAME_ARCADE"
""com.playgendary.polyspherecoolgame","Polysphere: Art Puzzle Game","GAME_ARCADE"
""games.vaveda.militaryoverturn","Tower War - Tactical Conquest","GAME_ARCADE"
""com.game.space.shooter2","Space shooter - Galaxy attack","GAME_ARCADE"
""com.LuB.DeliveryConstruct","Ride Master: Car Builder Game","GAME_ARCADE"
""com.gamepie.airpolice","HellCopter","GAME_ARCADE"
""com.games.layerman","Layer Man 3D: Run & Collect","GAME_ARCADE"
""com.matryoshka.royal.cooking.kitchen.madness","Royal Cooking - Cooking games","GAME_ARCADE"
""com.JindoBlu.TwoPlayerGamesChallenge","2 Player games : the Challenge","GAME_ARCADE"
""com.elemental.gloves","Elemental Gloves - Magic Power","GAME_ARCADE"
""io.supercent.mosquito","Mosquito.io","GAME_ARCADE"
""com.fgol.HungrySharkEvolution","Hungry Shark Evolution","GAME_ARCADE"
""com.riseup.game","Rise Up: Balloon Game","GAME_ARCADE"
""com.sega.sonicdash","Sonic Dash Endless Runner Game","GAME_ARCADE"
""com.orbitalknight.ridiculousfreekick","Crazy Kick! Fun Football game","GAME_ARCADE"
""com.dvloper.granny","Granny","GAME_ARCADE"
""com.multicastgames.venomSurvive","Alien Invasion: RPG Idle Space","GAME_ARCADE"
""com.games.bottle","Bottle Jump 3D","GAME_ARCADE"
""com.happykamp.aquariumland","Aquarium Land - Fishbowl World","GAME_ARCADE"
""com.car.dealer","Car Dealer Idle","GAME_ARCADE"
""com.robtopx.geometrydashsubzero","Geometry Dash SubZero","GAME_ARCADE"
""com.robtopx.geometrydashmeltdown","Geometry Dash Meltdown","GAME_ARCADE"
""com.robtopx.geometrydashworld","Geometry Dash World","GAME_ARCADE"
""com.gergedan.trapgame","Trap Master - Squish Enemies","GAME_ARCADE"
""net.apex_designs.payback2","Payback 2 - The Battle Sandbox","GAME_ARCADE"
""com.halfbrick.fruitninjafree","Fruit Ninja®","GAME_ARCADE"
""com.azurinteractive.animalsevolution","Zoopolis: Animal Evolution","GAME_ARCADE"
""com.alien.shooter.galaxy.attack","Galaxy Attack: Shooting Game","GAME_ARCADE"
""com.snakeattack.game","Snake Run Race・3D Running Game","GAME_ARCADE"
""com.redlinegames.attackhole","Attack Hole - Black Hole Games","GAME_ARCADE"
""com.shaverma.lazyjump","Lazy Jump","GAME_ARCADE"
""com.lilyxgame.cleanit","Clean It: Cleaning Games","GAME_ARCADE"
""com.freeplay.crazyoffice","Crazy Office — Slap & Smash","GAME_ARCADE"
""com.rioo.runnersubway","Subway Princess Runner","GAME_ARCADE"
""com.kwalee.wantedgp","Police Pursuit","GAME_ARCADE"
""com.frph.stonegrass","Stone Grass: Mowing Simulator","GAME_ARCADE"
""com.sega.sonicboomandroid","Sonic Dash 2: Sonic Boom Run","GAME_ARCADE"
""com.PlayMax.playergames","Stick Party 234 MiniGames","GAME_ARCADE"
""com.d09.car.crash.jump.arena.game","Car Crash Driving Test Game 3D","GAME_ARCADE"
""com.biglime.cookingmadness","Cooking Madness: A Chef's Game","GAME_ARCADE"
""mml.studio.pixelshooterbattle","Royale Gun Battle: Pixel Shoot","GAME_ARCADE"
""com.nomonkeys.ballblast","Ball Blast Cannon blitz mania","GAME_ARCADE"
""com.dicedpixel.foodrun","Food Run","GAME_ARCADE"
""com.playgendary.tanks","Tank Stars","GAME_ARCADE"
""com.pocketchamps.game","Pocket Champs: 3D Racing Games","GAME_ARCADE"
""com.sega.sonic2.runner","Sonic The Hedgehog 2 Classic","GAME_ARCADE"
""com.mindy.grap1","Stickman Hook","GAME_ARCADE"
""com.nekki.vector","Vector","GAME_ARCADE"
""com.xia.familylife","Family Life","GAME_ARCADE"
""com.DVloper.Granny3","Granny 3","GAME_ARCADE"
""com.highcore.hoopstars","Hoop Stars","GAME_ARCADE"
""com.evolution.merge","Evolution Merge - Eat and Grow","GAME_ARCADE"
""com.champion.cubes","Cubes Empire Champions","GAME_ARCADE"
""com.ketchapp.rider","Rider – Stunt Bike Racing","GAME_ARCADE"
""com.playgendary.creamaster","Perfect Cream: Cake Games","GAME_ARCADE"
""com.hyperpixelgames.idlecruiseship","My Cruise World","GAME_ARCADE"
""com.northerncoldgames.popsiclestack","Popsicle Stack","GAME_ARCADE"
""war.of.islands","War of Rafts: Crazy Sea Battle","GAME_ARCADE"
""com.bastion.archers","Archery Bastions: Castle War","GAME_ARCADE"
""com.FDGEntertainment.redball4.gp","Red Ball 4","GAME_ARCADE"
""com.andrea.monsterchase","Monster Chase","GAME_ARCADE"
""com.azurgames.stackball","Stack Ball - Crash Platforms","GAME_ARCADE"
""com.JindoBlu.FourPlayers","1 2 3 4 Player Games - Offline","GAME_ARCADE"
""fall.stars.race","STAR: Super Tricky Amazing Run","GAME_ARCADE"
""com.hg.paperdeliveryboy","Paper Delivery Boy","GAME_ARCADE"
""com.YoBroStudios.MergeSpinner","Spinner Merge","GAME_ARCADE"
""com.dvloper.grannychaptertwo","Granny: Chapter Two","GAME_ARCADE"
""com.imangi.templerun","Temple Run","GAME_ARCADE"
""com.games.webmaster","Web Master: Stickman Superhero","GAME_ARCADE"
""kr.co.alohacorp.BlasttheGiant","Kiss in Public: Sneaky Date","GAME_ARCADE"
""com.gigantic.clawee","Clawee - Real Claw Machines","GAME_ARCADE"
""com.phantom.paperboy","Paper Boy Race: Running game","GAME_ARCADE"
""com.rovio.angrybirdsfriends","Angry Birds Friends","GAME_ARCADE"
""com.ISAAC.Autodiggers","Auto Diggers","GAME_ARCADE"
""play.roshka.holefill","Hole and Fill: Collect Master!","GAME_ARCADE"
""com.playgendary.sportmasters","Bouncemasters: Penguin Games","GAME_ARCADE"
""com.hanna.bodyguard.expert","VIP Guard","GAME_ARCADE"
""com.ketchapp.rider.evolution.world.race.car.bike.flip","Rider Worlds - Neon Bike Races","GAME_ARCADE"
""com.ketchapp.screamhero","Scream Go Hero","GAME_ARCADE"
""com.netflix.NGP.Snakeio","Snake.io NETFLIX","GAME_ARCADE"
""jp.co.goodroid.hyper.armwrestling","Arm Wrestling Master","GAME_ARCADE"
""com.app.liban","Liban shop","GAME_ARCADE"
""com.zyb.galaxy.attack","Galaxy Shooter - Space Attack","GAME_ARCADE"
""com.appadvisory.drawclimber","Draw Climber","GAME_ARCADE"
""com.ubisoft.hungrysharkworld","Hungry Shark World","GAME_ARCADE"
""com.trmx.cookingragerestaurant","Cooking Rage - Restaurant Game","GAME_ARCADE"
""com.acidcousins.fdunk","Flappy Dunk","GAME_ARCADE"
""com.lightdev.weaponsurvivor","Weapon Survivor","GAME_ARCADE"
""slingshot.building.destroy","Slingshot Smash－Shooting Range","GAME_ARCADE"
""com.nordcurrent.canteenhd","Cooking Fever: Restaurant Game","GAME_ARCADE"
""com.mediocre.smashhit","Smash Hit","GAME_ARCADE"
""com.namcobandaigames.pacmantournaments","PAC-MAN","GAME_ARCADE"
""com.martinmagni.fancade","Fancade","GAME_ARCADE"
""com.chatgame.prank.messenger.chat.master.chatstory","Chat Master Prank: Chat Story","GAME_ARCADE"
""com.loadcomplete.aichainsaw","Chainsaw Juice King","GAME_ARCADE"
""com.joinblob.clash","Join Blob Clash 3D: Mob Runner","GAME_ARCADE"
""com.chihuahua.babyescape","Hide From Daddy: Little Escape","GAME_ARCADE"
""com.EternalStudio.DozerDemolish","Dozer Demolish: City Tear Down","GAME_ARCADE"
""com.onegame.airattack.planegames","1941 AirAttack: Airplane Games","GAME_ARCADE"
""io.supercent.hitrun","Hit & Run: Solo Leveling","GAME_ARCADE"
""line.color.adventure","Color Adventure: Draw the Path","GAME_ARCADE"
""com.craftgames.worldcrft","World Craft: Block Craftsman","GAME_ARCADE"
""com.topchopgames.skyroller","Sky Roller: Rainbow Skating","GAME_ARCADE"
""com.custom.goescape","Go Escape! - Casual Ball Games","GAME_ARCADE"
""jp.fourm.boundmanadventure","Boundman Adventure","GAME_ARCADE"
""com.anloft.fightermerge","Fighter Merge","GAME_ARCADE"
""net.mobigame.zombietsunami","Zombie Tsunami","GAME_ARCADE"
""com.minigame.wszj.android.gp","Wing Fighter","GAME_ARCADE"
""com.kawaii.craft.world","Kawaii World - Craft and Build","GAME_ARCADE"
""io.supercent.cookiefactory","Dessert Factory Idle","GAME_ARCADE"
""com.claweden.arcade.toy","Claw Eden - Real Claw Machine","GAME_ARCADE"
""com.hideseek.swordslash","SwordSlash","GAME_ARCADE"
""com.kwalee.drawit","Draw it","GAME_ARCADE"
""com.creations.runnergame","Kooply Run: Subway Craft","GAME_ARCADE"
""mow.my.lawn","Mow My Lawn - Cutting Grass","GAME_ARCADE"
""com.proto.MonsterHorde","Monster Horde: Hide and Seek","GAME_ARCADE"
""com.halfbrick.dantheman","Dan the Man: Action Platformer","GAME_ARCADE"
""com.vladk.pipemasters","Flow Legends: Pipe Games","GAME_ARCADE"
""com.ketchapp.knifehit","Knife Hit","GAME_ARCADE"
""com.beetleplay.spidernest","The Spider Nest: Spider Games","GAME_ARCADE"
""invaders.os.galaxy.space.shooter.attack.classic","Falcon Squad","GAME_ARCADE"
""com.sh.twoplayergame.mini.challenge","Two Player Game: 1v1 Challenge","GAME_ARCADE"
""com.ketchapp.divineko","Divineko - Magic Cat","GAME_ARCADE"
""com.superwings.jettrun","Super Wings : Jett Run","GAME_ARCADE"
""com.Binacle.FirstToLife","First To Life","GAME_ARCADE"
""games.tatsumaki.pushmaster","Push Master","GAME_ARCADE"
""com.sandboxol.blockymods","Blockman Go","GAME_ARCADE"
""com.PlayHallaGames.BallsNRopes","Balls and Ropes: Cut 'n Bounce","GAME_ARCADE"
""com.crazy.cooking.diner.chef.restaurant.fever","Crazy Cooking Diner: Chef Game","GAME_ARCADE"
""bike.hop.fall","Bike Hop: Crazy BMX Bike Jump","GAME_ARCADE"
""com.halfbrick.jetpackjoyride","Jetpack Joyride","GAME_ARCADE"
""com.threepotatoes.bowsmash","Bow Smash: Archery King","GAME_ARCADE"
""com.mobirix.swipebrick2","Bricks Breaker Quest","GAME_ARCADE"
""com.darkmatter.smashball","Smash Ball!","GAME_ARCADE"
""com.tellmewow.senior.pastimes","2 Player Games - Pastimes","GAME_ARCADE"
""merge.master.hero.monster.battle","Dino Merge Master Animal Fight","GAME_ARCADE"
""com.YsoCorp.WoodGuy","Wood Guy","GAME_ARCADE"
""com.Rd1RaceTeam.Parkour","Rich Hero Go","GAME_ARCADE"
""com.moorlandgames.brickyboy","Bricky Boy","GAME_ARCADE"
""com.vincentb.RollyLegs","Rolly Legs","GAME_ARCADE"
""merge.archers","Merge Archers: Bow and Arrow","GAME_ARCADE"
""com.poncle.vampiresurvivors","Vampire Survivors","GAME_ARCADE"
""org.dolphinemu.dolphinemu","Dolphin Emulator","GAME_ARCADE"
""com.supergame.ohmycar","Car Master 3D","GAME_ARCADE"
""spinner.merge.masters","Spinner Merge: Masters","GAME_ARCADE"
""com.colorswitch.switch2","Color Switch: Endless Play Fun","GAME_ARCADE"
""io.voodoo.crowdcity","Crowd City","GAME_ARCADE"
""com.train.journey","Derailed: Wild Quest","GAME_ARCADE"
""com.playcreek.DeathWorm_Free","Death Worm™","GAME_ARCADE"
""com.vira.hero.lifting","Lifting Hero: More Strong","GAME_ARCADE"
""com.spacetimer.MoneyBounce","Money Bounce","GAME_ARCADE"
""com.ns.sand.castle.build.compete.idle","Sand Castle","GAME_ARCADE"
""com.BeresnevGames.Knife","Flippy Knife: 3D flipping game","GAME_ARCADE"
""com.neonplay.casualsoccerkickandroid","Soccer Kick","GAME_ARCADE"
""com.Gongulus.SpreadLegs","Stretch Legs: Jump King","GAME_ARCADE"
""com.polyverse.bricks.game","Bricks Royale-Brick Balls Game","GAME_ARCADE"
""com.yorfstudio.zdefense","Zombie Defense: War Z Survival","GAME_ARCADE"
""games.lightheart.superrunroyale","Super Run Royale","GAME_ARCADE"
""com.idleants.game","Idle Ants - Simulator Game","GAME_ARCADE"
""com.crazylabs.light.it.up","Light-It Up","GAME_ARCADE"
""merge.monsters.hide","Hide & Merge Monsters","GAME_ARCADE"
""com.my.cooking.chef.kitchen.craze.fever","My Cooking: Restaurant Game","GAME_ARCADE"
""com.freeplay.runandfight","Join Clash 3D","GAME_ARCADE"
""com.fusee.DinoMadness","Dino.io 3D","GAME_ARCADE"
""com.stoneaxe.slapandrun","Slap and Run","GAME_ARCADE"
""com.basile.kungfuragdoll","Kungfu Ragdoll","GAME_ARCADE"
""space.fighter.shooting.games","Raiden Fighter: Alien Shooter","GAME_ARCADE"
""com.genstudios.foodcourtidle","Food Court Idle","GAME_ARCADE"
""com.EtherealGames.StrandedIsland","Stranded Island Survival Games","GAME_ARCADE"
""com.philipeetienne.stableslife","Horse Life","GAME_ARCADE"
""com.pizza.dough","Pizzaiolo!","GAME_ARCADE"
""com.nbstudio.towercolor","Tower Color","GAME_ARCADE"
""eu.bandainamcoent.pacman256","PAC-MAN 256 - Endless Maze","GAME_ARCADE"
""com.fusee.MergeMaster","Merge Master: Dinosaur Monster","GAME_ARCADE"
""com.xia.spiderking","Spider King","GAME_ARCADE"
""jp.co.goodroid.hyper.moneyhole","MoneyHole!","GAME_ARCADE"
""com.gimica.carsmerge","Cars: Merge and Defend","GAME_ARCADE"
""com.crazylabs.jumanji","Jumanji: Epic Run","GAME_ARCADE"
""com.cookingcity.chef.kitchen.craze.fever","Cooking City: Restaurant Games","GAME_ARCADE"
""com.bike.jump","Bike Jump","GAME_ARCADE"
""com.funovus.wildcastle2","Kitty Keep™","GAME_ARCADE"
""com.stronghold.dude.game","Stronghold Dude: Dragon Rising","GAME_ARCADE"
""com.nordcurrent.flyingfever","Airplane Chefs - Cooking Game","GAME_ARCADE"
""com.mobirix.abmon","Catapult Quest","GAME_ARCADE"
""com.lemonade.classic.falling.brick","Classic Falling Brick","GAME_ARCADE"
""io.voodoo.paper3","Paper.io 3D","GAME_ARCADE"
""com.coolmath_games.coolmath","Coolmath Games Fun Mini Games","GAME_ARCADE"
""com.nepix.humanvehicle","Human Vehicle","GAME_ARCADE"
""com.bp.app.bpme.global.ros","earnify","TRAVEL_AND_LOCAL"
""com.airbnb.android","Airbnb","TRAVEL_AND_LOCAL"
""com.expedia.bookings","Expedia: Hotels, Flights & Car","TRAVEL_AND_LOCAL"
""com.vrbo.android","Vrbo Vacation Rentals","TRAVEL_AND_LOCAL"
""com.google.earth","Google Earth","TRAVEL_AND_LOCAL"
""com.booking","Booking.com: Hotels & Travel","TRAVEL_AND_LOCAL"
""com.united.mobile.android","United Airlines","TRAVEL_AND_LOCAL"
""com.delta.mobile.android","Fly Delta","TRAVEL_AND_LOCAL"
""com.aa.android","American Airlines","TRAVEL_AND_LOCAL"
""com.upside.consumer.android","Upside: Cash Back - Gas & Food","TRAVEL_AND_LOCAL"
""com.southwestairlines.mobile","Southwest Airlines","TRAVEL_AND_LOCAL"
""com.flyfrontier.android","Frontier Airlines","TRAVEL_AND_LOCAL"
""com.priceline.android.negotiator","Priceline: Hotel, Flight & Car","TRAVEL_AND_LOCAL"
""com.marriott.mrt","Marriott Bonvoy: Book Hotels","TRAVEL_AND_LOCAL"
""com.hilton.android.hhonors","Hilton Honors: Book Hotels","TRAVEL_AND_LOCAL"
""com.hcom.android","Hotels.com: Travel Booking","TRAVEL_AND_LOCAL"
""com.tripadvisor.tripadvisor","Tripadvisor: Plan & Book Trips","TRAVEL_AND_LOCAL"
""com.pilottravelcenters.mypilot","Pilot Flying J: myRewards Plus","TRAVEL_AND_LOCAL"
""com.google.android.apps.mapslite","Google Maps Go","TRAVEL_AND_LOCAL"
""com.limebike","Lime - #RideGreen","TRAVEL_AND_LOCAL"
""gov.dhs.cbp.pspd.mpc","Mobile Passport Control","TRAVEL_AND_LOCAL"
""com.relayrides.android.relayrides","Turo — Car rental marketplace","TRAVEL_AND_LOCAL"
""com.viator.mobile.android","Viator Tours & Attractions","TRAVEL_AND_LOCAL"
""com.spirit.customerapp","Spirit Airlines","TRAVEL_AND_LOCAL"
""com.alaskaairlines.android","Alaska Airlines - Travel","TRAVEL_AND_LOCAL"
""com.rccl.royalcaribbean","Royal Caribbean International","TRAVEL_AND_LOCAL"
""com.carnival.android","Carnival HUB","TRAVEL_AND_LOCAL"
""com.flightradar24free","Flightradar24 Flight Tracker","TRAVEL_AND_LOCAL"
""com.trivago","trivago: Compare hotel prices","TRAVEL_AND_LOCAL"
""com.hopper.mountainview.play","Hopper: Hotels, Flights & Cars","TRAVEL_AND_LOCAL"
""com.disney.wdw.android","My Disney Experience","TRAVEL_AND_LOCAL"
""com.amtrak.rider","Amtrak","TRAVEL_AND_LOCAL"
""ctrip.english","Trip.com: Book Flights, Hotels","TRAVEL_AND_LOCAL"
""com.ihg.apps.android","IHG Hotels & Rewards","TRAVEL_AND_LOCAL"
""com.jabamaguest","جاباما | اجاره ویلا و اقامتگاه","TRAVEL_AND_LOCAL"
""coocent.app.tools.light.flashlight","Bright LED Flashlight","TRAVEL_AND_LOCAL"
""com.speedway.mobile","Speedway Fuel & Speedy Rewards","TRAVEL_AND_LOCAL"
""com.sygic.familywhere.android","Find my Phone - Family Locator","TRAVEL_AND_LOCAL"
""com.jetblue.JetBlueAndroid","JetBlue - Book & manage trips","TRAVEL_AND_LOCAL"
""com.greyhound.mobile.consumer","Greyhound: Buy Bus Tickets","TRAVEL_AND_LOCAL"
""gbis.gbandroid","GasBuddy: Find & Pay for Gas","TRAVEL_AND_LOCAL"
""com.rover.android","Rover - Dog Boarding & Walking","TRAVEL_AND_LOCAL"
""com.ehi.enterprise.android","Enterprise Car Rental","TRAVEL_AND_LOCAL"
""com.getyourguide.android","GetYourGuide: Travel & Tickets","TRAVEL_AND_LOCAL"
""com.disney.wdpro.dlr","Disneyland®","TRAVEL_AND_LOCAL"
""co.bird.android","Bird — Ride Electric","TRAVEL_AND_LOCAL"
""gov.nps.mobileapp","National Park Service","TRAVEL_AND_LOCAL"
""com.gps.maps.me.city.navigation.metro.transit.navigation.live.traffic.weather","GPS Offline Maps & Navigation","TRAVEL_AND_LOCAL"
""com.live.earth.map.cam.street.view","Live Earth Map: Street View 3D","TRAVEL_AND_LOCAL"
""com.mgmresorts.mgmresorts","MGM Rewards","TRAVEL_AND_LOCAL"
""com.p66.b2c.stationfinder.p66","Fuel Forward","TRAVEL_AND_LOCAL"
""com.vio.mobileapp","Vio.com: Hotels & travel deals","TRAVEL_AND_LOCAL"
""de.flixbus.app","FlixBus: Book Bus Tickets","TRAVEL_AND_LOCAL"
""com.agoda.mobile.consumer","Agoda: Cheap Flights & Hotels","TRAVEL_AND_LOCAL"
""com.hertz.android.digital","Hertz Rent-a-Car Deals - Easy!","TRAVEL_AND_LOCAL"
""com.bah.r1smobile","Recreation.gov","TRAVEL_AND_LOCAL"
""com.mobillium.airalo","Airalo: eSIM Travel & Internet","TRAVEL_AND_LOCAL"
""com.randonautica.app","Randonautica","TRAVEL_AND_LOCAL"
""net.skyscanner.android.main","Skyscanner Flights Hotels Cars","TRAVEL_AND_LOCAL"
""com.universalstudios.orlandoresort","Universal Orlando Resort","TRAVEL_AND_LOCAL"
""com.google.android.apps.maps","Google Maps","TRAVEL_AND_LOCAL"
""com.avis.androidapp","Avis Car Rental","TRAVEL_AND_LOCAL"
""com.fp.cheapoair","CheapOair: Cheap Flight Deals","TRAVEL_AND_LOCAL"
""com.kayak.android","KAYAK: Flights, Hotels & Cars","TRAVEL_AND_LOCAL"
""com.lixar.allegiant","Allegiant","TRAVEL_AND_LOCAL"
""com.grabtaxi.passenger","Grab - Taxi & Food Delivery","TRAVEL_AND_LOCAL"
""com.ncl.bge","Cruise Norwegian – NCL","TRAVEL_AND_LOCAL"
""info.mta.mymta","The Official MTA App","TRAVEL_AND_LOCAL"
""com.wyndhamhotelgroup.wyndhamrewards","Wyndham Hotels & Resorts","TRAVEL_AND_LOCAL"
""com.Hyatt.hyt","World of Hyatt","TRAVEL_AND_LOCAL"
""com.rvlife.rvlife","RV LIFE - RV GPS & Campgrounds","TRAVEL_AND_LOCAL"
""com.Sunpass.Sunpass_Android","SunPass","TRAVEL_AND_LOCAL"
""com.tollway","Illinois Tollway","TRAVEL_AND_LOCAL"
""com.volaris.android","Volaris","TRAVEL_AND_LOCAL"
""com.pgt.veoride","Veo - Shared Electric Vehicles","TRAVEL_AND_LOCAL"
""com.lufthansa.android.lufthansa","Lufthansa","TRAVEL_AND_LOCAL"
""com.nbelapro.pro","Bella Pro","TRAVEL_AND_LOCAL"
""com.clearme.clearapp","CLEAR - Travel & Experiences","TRAVEL_AND_LOCAL"
""com.saily.android","Saily: An eSIM travel app","TRAVEL_AND_LOCAL"
""com.flightaware.android.liveFlightTracker","FlightAware Flight Tracker","TRAVEL_AND_LOCAL"
""com.aircanada","Air Canada + Aeroplan","TRAVEL_AND_LOCAL"
""com.prioritypass3","Priority Pass™","TRAVEL_AND_LOCAL"
""pm.spin","Spin - Electric Scooters","TRAVEL_AND_LOCAL"
""com.sixflags.android","Six Flags","TRAVEL_AND_LOCAL"
""com.satellitemap.finder.navigation.earthmap.world.voice.livetraffic.direction","Satellite Map Live Navigation","TRAVEL_AND_LOCAL"
""com.hipcamp.pocketknife","Hipcamp: Camping, RVs & Cabins","TRAVEL_AND_LOCAL"
""com.klook","Klook: Travel, Hotels, Leisure","TRAVEL_AND_LOCAL"
""com.choicehotels.android","Choice Hotels","TRAVEL_AND_LOCAL"
""com.wanderlog.android","Wanderlog - Trip Planner App","TRAVEL_AND_LOCAL"
""taxi.android.client","FREENOW - Taxi and more","TRAVEL_AND_LOCAL"
""com.tokentransit.tokentransit","Token Transit","TRAVEL_AND_LOCAL"
""com.bestwestern.android","Best Western To Go","TRAVEL_AND_LOCAL"
""gov.ca.dmv.wallet","CA DMV Wallet","TRAVEL_AND_LOCAL"
""com.goeuro.rosie","Omio: Train and bus travel app","TRAVEL_AND_LOCAL"
""com.streetview.map.directions.gps.navigation","Street View Map Navigation App","TRAVEL_AND_LOCAL"
""gov.dhs.cbp.pspd.gem","Global Entry","TRAVEL_AND_LOCAL"
""com.idemia.mobileid.us.ny","New York Mobile ID","TRAVEL_AND_LOCAL"
""com.seaworld.mobile","SeaWorld","TRAVEL_AND_LOCAL"
""com.universalstudios.hollywoodresort","Universal Studios Hollywood","TRAVEL_AND_LOCAL"
""com.rccl.celebrity","Celebrity Cruises","TRAVEL_AND_LOCAL"
""com.caesars.playbytr","Caesars Rewards Resort Offers","TRAVEL_AND_LOCAL"
""com.easypath.maproute.drivingdirection.streetview","Easy Rout Map: Navigation Path","TRAVEL_AND_LOCAL"
""com.mobikasaba.carlaandroid","Carla Book Instantly Pay Later","TRAVEL_AND_LOCAL"
""com.budget.androidapp","Budget Car Rental","TRAVEL_AND_LOCAL"
""com.hoteltonight.android.prod","HotelTonight: Hotel Deals","TRAVEL_AND_LOCAL"
""com.msccruises.mscforme","MSC for Me","TRAVEL_AND_LOCAL"
""com.pricetravel","PriceTravel","TRAVEL_AND_LOCAL"
""com.thedyrt.wayfinder","The Dyrt: Tent & RV Camping","TRAVEL_AND_LOCAL"
""com.travelocity.android","Travelocity Hotels & Flights","TRAVEL_AND_LOCAL"
""com.digitalchemy.currencyconverter","Currency Converter Plus","TRAVEL_AND_LOCAL"
""com.m.qr","Qatar Airways","TRAVEL_AND_LOCAL"
""com.paturnpike.PTCEZPass","PA Toll Pay","TRAVEL_AND_LOCAL"
""com.flybreeze.booking","Breeze Airways","TRAVEL_AND_LOCAL"
""com.compass.weatherforecast.navigation2021","Digital Compass for Android","TRAVEL_AND_LOCAL"
""com.mapswithme.maps.pro","MAPS.ME: Offline maps GPS Nav","TRAVEL_AND_LOCAL"
""com.edreams.travel","eDreams: Flights, Hotels, Cars","TRAVEL_AND_LOCAL"
""com.conduent.ezpass","Official E-ZPass NY","TRAVEL_AND_LOCAL"
""com.hawaiianairlines.app","Hawaiian Airlines","TRAVEL_AND_LOCAL"
""com.airfrance.android.dinamoprd","Air France - Book a flight","TRAVEL_AND_LOCAL"
""com.turkishairlines.mobile","Turkish Airlines Flight Ticket","TRAVEL_AND_LOCAL"
""com.erudite.translator","Instant Voice Translate","TRAVEL_AND_LOCAL"
""de.bmw.connected.mobile20.na","My BMW","TRAVEL_AND_LOCAL"
""gov.dhs.tsa.mytsa","MyTSA","TRAVEL_AND_LOCAL"
""com.ionicframework.wagandroid554504","Wag! - Dog Walkers & Sitters","TRAVEL_AND_LOCAL"
""com.c4mprod.voiturelib","Getaround","TRAVEL_AND_LOCAL"
""com.tripit","TripIt: Travel Planner","TRAVEL_AND_LOCAL"
""com.justride.rtddenver","RTD MyRide","TRAVEL_AND_LOCAL"
""ca.gc.cbsa.coronavirus","ArriveCAN","TRAVEL_AND_LOCAL"
""app.baly.passenger","Baly | Order Taxi and Food","TRAVEL_AND_LOCAL"
""com.tripactions.alpha","Navan","TRAVEL_AND_LOCAL"
""com.ninebot.segway","Segway-Ninebot","TRAVEL_AND_LOCAL"
""com.rtcsnv.rideRTC","RideRTC","TRAVEL_AND_LOCAL"
""com.ehi.national.mobile","National Car Rental","TRAVEL_AND_LOCAL"
""com.ryanair.cheapflights","Ryanair","TRAVEL_AND_LOCAL"
""com.vacasa.guests","Vacasa - Vacation Rentals","TRAVEL_AND_LOCAL"
""com.riu","RIU Hotels & Resorts","TRAVEL_AND_LOCAL"
""com.ksturnpike.driveks","DriveKS","TRAVEL_AND_LOCAL"
""net.sharewire.Nycdot","ParkNYC powered by Flowbird","TRAVEL_AND_LOCAL"
""com.afklm.mobile.android.gomobile.klm","KLM - Book a flight","TRAVEL_AND_LOCAL"
""com.aga.travelaid.us","Allyz TravelSmart","TRAVEL_AND_LOCAL"
""com.sixt.reservation","SIXT rent. share. ride. plus.","TRAVEL_AND_LOCAL"
""io.walletpasses.android","WalletPasses | Passbook Wallet","TRAVEL_AND_LOCAL"
""com.suncountry.suncountrymobile","Sun Country Airlines","TRAVEL_AND_LOCAL"
""com.vivaaerobus.app","Viva Aerobus","TRAVEL_AND_LOCAL"
""gov.la.omv.lawallet","LA Wallet","TRAVEL_AND_LOCAL"
""com.aerlingus.mobile","Aer Lingus App","TRAVEL_AND_LOCAL"
""amresorts.app","Hyatt Inclusive Collection","TRAVEL_AND_LOCAL"
""com.ilyabogdanovich.geotracker","Geo Tracker - GPS tracker","TRAVEL_AND_LOCAL"
""com.apalon.flight.tracker","Planes Live - Flight Tracker","TRAVEL_AND_LOCAL"
""com.buschgardens.mobile","Busch Gardens","TRAVEL_AND_LOCAL"
""com.hometogo","Vacation Rentals - HomeToGo","TRAVEL_AND_LOCAL"
""com.cdbv.nextpass","NextPass Easy Toll Payments","TRAVEL_AND_LOCAL"
""com.campspot.aggregatormobile","Campspot: RV & Tent Camping","TRAVEL_AND_LOCAL"
""com.bigbustours.bbt","Big Bus Tours","TRAVEL_AND_LOCAL"
""com.koa.mobileapp","KOA | RV, Cabin & Tent Camping","TRAVEL_AND_LOCAL"
""mg.locations.track5","Phone Tracker by Number","TRAVEL_AND_LOCAL"
""com.kontron.breeze","Breeze Mobile 2","TRAVEL_AND_LOCAL"
""au.gov.homeaffairs.eta","AustralianETA","TRAVEL_AND_LOCAL"
""com.disney.playdisneyparks.goo","Play Disney Parks","TRAVEL_AND_LOCAL"
""com.pioneerproperties.travelnursehousing","Furnished Finder","TRAVEL_AND_LOCAL"
""com.emirates.ek.android","Emirates","TRAVEL_AND_LOCAL"
""com.myorca.myorca","myORCA","TRAVEL_AND_LOCAL"
""co.bytemark.tgt","Transit GO Ticket","TRAVEL_AND_LOCAL"
""com.orbitz","Orbitz Hotels & Flights","TRAVEL_AND_LOCAL"
""com.ravn.freebee","Ride Freebee","TRAVEL_AND_LOCAL"
""com.moh.nusukapp","Nusuk | نسك","TRAVEL_AND_LOCAL"
""com.mapzonestudio.gps.navigation.live.map.voice.translator","GPS Navigation Live Map Road","TRAVEL_AND_LOCAL"
""com.icelandair.mobile.app.android","Icelandair","TRAVEL_AND_LOCAL"
""com.usebounce","Bounce: Luggage Storage Nearby","TRAVEL_AND_LOCAL"
""org.sdmts.pronto","Pronto - San Diego","TRAVEL_AND_LOCAL"
""kulana.tools.vacationcountdown","Vacation Countdown App","TRAVEL_AND_LOCAL"
""com.disney.cruise.sept_goo","Disney Cruise Line Navigator","TRAVEL_AND_LOCAL"
""areamovil.aviancataca","avianca","TRAVEL_AND_LOCAL"
""co.piontech.mobile.phone.number.locator","Mobile Number Locator","TRAVEL_AND_LOCAL"
""com.dayuse_hotels.dayuseus","Dayuse: Hotel rooms by day","TRAVEL_AND_LOCAL"
""com.passportparking.mobile.parkingkitty","Parking Kitty","TRAVEL_AND_LOCAL"
""com.tourlandish.chronos","Headout: Travel Experiences","TRAVEL_AND_LOCAL"
""com.citypass.my","My CityPASS","TRAVEL_AND_LOCAL"
""com.aeromexico.app","Aeromexico","TRAVEL_AND_LOCAL"
""com.nclh.ncl_mobile","Norwegian Cruise Line","TRAVEL_AND_LOCAL"
""com.shre.unitymobile.prod","Unity by Hard Rock","TRAVEL_AND_LOCAL"
""com.oyo.consumer","OYO: Hotel Booking App","TRAVEL_AND_LOCAL"
""app.sindibad.android","Sindibad: Flights and Hotels","TRAVEL_AND_LOCAL"
""com.rdh.mulligan.myelevation","My Elevation","TRAVEL_AND_LOCAL"
""com.mttnow.android.copa.production","Copa Airlines","TRAVEL_AND_LOCAL"
""com.my6.android","My6 - Book & Save","TRAVEL_AND_LOCAL"
""net.easypark.android","EasyPark - Parking made easy","TRAVEL_AND_LOCAL"
""com.skypicker.main","Kiwi.com - Book Cheap Flights","TRAVEL_AND_LOCAL"
""co.bytemark.nycf","NYC Ferry","TRAVEL_AND_LOCAL"
""com.daon.glide.person.android","VeriFLY: Fast Digital Identity","TRAVEL_AND_LOCAL"
""com.idemia.mobileid.us.az","Arizona Mobile ID","TRAVEL_AND_LOCAL"
""com.justride.metrolink","Metrolink","TRAVEL_AND_LOCAL"
""com.thefreeride.rider","Ride Circuit","TRAVEL_AND_LOCAL"
""com.bcycle","BCycle","TRAVEL_AND_LOCAL"
""net.osmand","OsmAnd — Maps & GPS Offline","TRAVEL_AND_LOCAL"
""com.going.mobile","Going: Find Flight Deals","TRAVEL_AND_LOCAL"
""com.bp.mobile.bpme.us","BPme: BP & Amoco Gas Rewards","TRAVEL_AND_LOCAL"
""com.ricksteves.audioeurope","Rick Steves Audio Europe ™","TRAVEL_AND_LOCAL"
""com.iberia.android","Iberia","TRAVEL_AND_LOCAL"
""com.mttnow.droid.easyjet","easyJet: Travel App","TRAVEL_AND_LOCAL"
""com.pdf.reader.offcer.pdf","PDF Reader","TOOLS"
""com.qr.code.reader.scanner.qrscan.android","QR & Barcode Scanner Launcher","TOOLS"
""com.best.quick.browser","Ai Browser - Smarter & Safer","TOOLS"
""remote.control.tv.universal.forall.roku","Remote Control for TV - All TV","TOOLS"
""com.google.android.apps.translate","Google Translate","TOOLS"
""com.gamma.scan","QR & Barcode Scanner","TOOLS"
""roxa.vpn.android","Roxa VPN","TOOLS"
""com.link.work","فیلتر شکن قوی پرسرعت Teta vpn","TOOLS"
""com.sec.android.easyMover","Samsung Smart Switch Mobile","TOOLS"
""com.cleanplanner","Clean Planner","TOOLS"
""com.google.android.apps.authenticator2","Google Authenticator","TOOLS"
""clean.master.antivirus.battery.ora","Ora Clean & Master, Antivirus","TOOLS"
""com.google.android.apps.paidtasks","Google Opinion Rewards","TOOLS"
""com.fast.free.unblock.secure.vpn","Secure VPN－Safer Internet","TOOLS"
""com.nordvpn.android","NordVPN – fast VPN for privacy","TOOLS"
""authenticator.two.factor.authentication.otp","Authenticator App - SafeAuth","TOOLS"
""com.google.android.apps.adm","Google Find My Device","TOOLS"
""com.duckduckgo.mobile.android","DuckDuckGo Private Browser","TOOLS"
""com.apple.movetoios","Move to iOS","TOOLS"
""com.pdfreader.free.viewer.documentreader","PDF Reader - PDF Viewer","TOOLS"
""com.pdfviewer.scanner","PDF Viewer＆Scanner","TOOLS"
""com.brighthouse.mybhn","My Spectrum","TOOLS"
""com.symantec.mobilesecurity","Norton360 Antivirus & Security","TOOLS"
""com.coinidentifyer.ai","CoinSnap - Coin Identifier","TOOLS"
""com.boost.roku.remote","Remote for Roku: TV Remote","TOOLS"
""proxy.browser.unblock.sites.proxybrowser.unblocksites","Proxy Browser","TOOLS"
""videoplayer.videodownloader.downloader","All Video Downloader & Player","TOOLS"
""qrcodescanner.barcodescanner.qrscanner.qrcodereader","QR Code Scanner & Scanner App","TOOLS"
""com.tigervpnsoft.org","فیلتر شکن قوی پرسرعت Tiger VPN","TOOLS"
""verde.vpn.android","Verde VPN","TOOLS"
""com.cleanertool.box","Cleaner Toolbox","TOOLS"
""com.randalkoko.vpn","فیلتر شکن قوی پرسرعت Randal","TOOLS"
""com.pri.web.browser","Private Browser","TOOLS"
""com.free.vpn.super.hotspot.open","VPN - Super Unlimited Proxy","TOOLS"
""com.dubox.drive","TeraBox: Cloud Storage Space","TOOLS"
""com.zhiliao.musically.livewallpaper","TickTock-TikTok Live Wallpaper","TOOLS"
""com.amazon.storm.lightning.client.aosp","Amazon Fire TV","TOOLS"
""com.fast.translatealllanguages.voice.translateapp.texttovoice.alllanguages.translator","Go Translate All Languages","TOOLS"
""com.an.flashlight.flashalert.flashlightpro","Flashlight Pro: Super LED","TOOLS"
""com.fapp.translate.language.translator.fasttranslation","AI Translate - Translator","TOOLS"
""com.urbanvpn.android","Urban VPN proxy Unblocker","TOOLS"
""com.scannerreader.qrcode.creatorfree","QR Scanner","TOOLS"
""com.antivirus","AVG AntiVirus & Security","TOOLS"
""com.google.ar.lens","Google Lens","TOOLS"
""com.app.friendschat","Emoji Maker","TOOLS"
""er.notepad.notes.notebook.checklist.calendar","Notepad - Notes and Notebook","TOOLS"
""com.fly.web.smart.browser","Fly Browser-Search & Private","TOOLS"
""com.magnifier.superusagdasu","Super Magnifier","TOOLS"
""free.vpn.unblock.proxy.turbovpn","Turbo VPN - Secure VPN Proxy","TOOLS"
""com.flashlight.plushhdfahdhisadh","FlashLight Plus","TOOLS"
""vpn.secure.tehran","فیلتر شکن قوی پرسرعت Maple VPN","TOOLS"
""com.mix.vpn","Mix VPN - safe & secure","TOOLS"
""com.video.free.hd.downloader","Hyper Downloader - Video Saver","TOOLS"
""ch.protonvpn.android","VPN Proton: Fast & Secure VPN","TOOLS"
""free.vpn.unblock.proxy.vpn.master.pro","VPN Proxy Master - Safer Vpn","TOOLS"
""org.malwarebytes.antimalware","Malwarebytes Mobile Security","TOOLS"
""com.flashlight.bright.led.light","Brightest Flashlight Launcher","TOOLS"
""com.manread.wytan.onepro","One Clean Pro: Antivirus Clean","TOOLS"
""screen.mirroring.smart.tv","Screen Mirroring TV & Miracast","TOOLS"
""com.tools.flashapp.flashlight.flashcall","Flash App - Flash Alert","TOOLS"
""recorder.screenrecorder.videoeditor","Screen Recorder Video Recorder","TOOLS"
""com.photovault.keepsafe.private.cloud","Video Downloader & Photo Vault","TOOLS"
""antivirus.virus.cleaner.clean.vpn.booster","Cleaner Antivirus VPN Cleaner","TOOLS"
""com.video.free.x.play.downloader","X Downloader -All Video Player","TOOLS"
""sadev.mobile.androidapps","aTranslator - Text & Voice","TOOLS"
""com.immediasemi.android.blink","Blink Home Monitor","TOOLS"
""myfiles.filemanager.fileexplorer.cleaner","Phone Cleaner - AI Cleaner","TOOLS"
""com.ultimate.cleanerpro.ucp","Ultimate Cleaner Pro","TOOLS"
""com.syelken.browser","Sail Browser","TOOLS"
""com.fast.vpn.v2ray.raytunnelvpn","فیلترشکن پرسرعت Ray Tunnel VPN","TOOLS"
""com.expressvpn.vpn","ExpressVPN: VPN Fast & Secure","TOOLS"
""com.one.manager","One Manager-AntiVirus&ProClean","TOOLS"
""com.utils.antivirustoolkit","AntiVirus Toolkit","TOOLS"
""calculator.currencyconverter.tipcalculator.unitconverter","Calculator: Simple Calculator","TOOLS"
""com.fast.free.unblock.thunder.vpn","Thunder VPN - Fast, Safe VPN","TOOLS"
""com.ubnt.usurvey","WiFiman","TOOLS"
""com.anti.virus.security","Super Antivirus - Clean Virus","TOOLS"
""azul.vpn.android","Azul VPN","TOOLS"
""com.link.messages.sms","Messenger SMS - Text Messages","TOOLS"
""com.kk.junkcleaner.easy.zxkk","Easy Cleaner Junk","TOOLS"
""com.ittans.itfi.translate","Open Translate","TOOLS"
""com.tcl.browser","Browser TV Web - BrowseHere","TOOLS"
""com.vpn.proxy.unblock.privatevpn.fastvpn.securevpn","Private VPN - Fast VPN Proxy","TOOLS"
""jp.co.canon.bsd.ad.pixmaprint","Canon PRINT","TOOLS"
""com.productivity.smartcast.casttv.screenmirroring","Smart TV Cast: Screen Share","TOOLS"
""com.jackerwang.pdf","PDF Tools","TOOLS"
""cc.coolline.client.pro","Cool VPN Pro: Secure VPN Proxy","TOOLS"
""com.halulp.sweepmask","Sweep Master-Phone Cleaner","TOOLS"
""com.itg.tools.remotetv.smart","Universal TV Remote Control","TOOLS"
""com.lenovo.anyshare.gps","SHAREit: Transfer, Share Files","TOOLS"
""com.tip.calculator.unit.converter.android","All-in-one Calculator Launcher","TOOLS"
""com.esaba.downloader","Downloader by AFTVnews","TOOLS"
""com.apple.bnd","Beats","TOOLS"
""com.dazoppy.plus","Dazofy","TOOLS"
""com.truedevelopersstudio.automatictap.autoclicker","Auto Clicker - Automatic tap","TOOLS"
""com.baliuapps.superapp","8Super App Manager & Cleaner","TOOLS"
""com.now.vpn","Now VPN - Fast Secure Proxy","TOOLS"
""com.totalav.android","TotalAV Mobile Security","TOOLS"
""co.keeptop.multi.space","Multi App-Space","TOOLS"
""com.boost.universal.remote","TV Remote for Ruku & Smart TV","TOOLS"
""com.tenic.tenic","Mannic","TOOLS"
""com.tools.auto.tap.autoclicker2","Auto Clicker - Auto Tap","TOOLS"
""thxdroid.androidapp.translatepro","Translate Pro - Text & Voice","TOOLS"
""com.paycom.mobile.ess","Paycom","TOOLS"
""com.boost.chromecast","TV Cast for Chromecast","TOOLS"
""com.v2ray.ang","v2rayNG","TOOLS"
""com.pramitastudio.uuuu","UU VPN:Fast Proxy","TOOLS"
""com.datu.livefluid.fluidwallpaper","Magic Wallpaper: Magic Fluid","TOOLS"
""com.space.reclaimer.sr","Space Reclaimer","TOOLS"
""app.biubiuvpn.biubiuvpn","VPN - biubiuVPN Fast & Secure","TOOLS"
""com.google.android.apps.nbu.files","Files by Google","TOOLS"
""com.tmobile.pr.mytmobile","T-Mobile","TOOLS"
""com.music.youngradiopro","Medhut","TOOLS"
""app.jumpjumpvpn.jumpjumpvpn","JumpJumpVPN- Fast & Secure VPN","TOOLS"
""com.tplink.tether","TP-Link Tether","TOOLS"
""com.sensustech.tclremote","Remote Control for Rоku & TCL","TOOLS"
""com.loeqm.jpurger","Junk Purger-Phone Manage","TOOLS"
""com.google.android.apps.kids.familylink","Google Family Link","TOOLS"
""com.tools.screenmirroring.mirroringapp.tvremote","Screen Mirroring & Sharing TV","TOOLS"
""com.securex.browser","SecureX - Safe Proxy Browser","TOOLS"
""com.culnissgoal.culnissgoal","Zelivonic","TOOLS"
""com.bota.tap.autoclicker.automatic","Auto Clicker Pro: Auto Tapper","TOOLS"
""com.avast.android.mobilesecurity","Avast Antivirus & Security","TOOLS"
""tv.remote.control.tvremote.alltvremote","Universal TV Remote Control","TOOLS"
""com.surfshark.vpnclient.android","Surfshark: Secure VPN service","TOOLS"
""smart.vizio.tv.remote.control","Smart Remote For Vizio TV","TOOLS"
""com.nas.internet.speedtest.meter.speed.test.meter.app","Wifi Password & Speed Test App","TOOLS"
""com.flashlight.brightest.torchlight.callalert","Flashlight: Torch Light Pro","TOOLS"
""com.uniqueeee.ultrauniquevpn","Ultraunique VPN: Secure & Fast","TOOLS"
""com.app.gamersshieldvpn","Gamers Shield VPN","TOOLS"
""com.speedclean.mens","SPEED CLEAN","TOOLS"
""com.epson.epsonsmart","Epson Smart Panel","TOOLS"
""com.productivity.cast.tvremote.screen.mirroring","Cast To TV: Screen Mirroring","TOOLS"
""com.voicefive.mms","My Mobile Secure VPN","TOOLS"
""com.mediamushroom.copymydata","Copy My Data: Transfer Content","TOOLS"
""com.lutech.fileminer","File Recovery Photo Recovery","TOOLS"
""com.fruit.vertex.vpn","Vertex VPN: Secure Browsing","TOOLS"
""com.jdeveloper.yvplayer","Your Player - All Format Video","TOOLS"
""com.speedy.vpn","Speedy Quark VPN - VPN Master","TOOLS"
""com.casttv.castforchromecast.screencast","Cast for Chromecast & TV Cast","TOOLS"
""com.security.xvpn.z35kb","X-VPN - Private Browser VPN","TOOLS"
""com.ppxm.phonemate","Phone Mate","TOOLS"
""com.uvnv.mintsim","Mint Mobile","TOOLS"
""gozal.vpn.pro2024","Gozal VPN","TOOLS"
""com.cloudflare.onedotonedotonedotone","1.1.1.1 + WARP: Safer Internet","TOOLS"
""ru.zdevs.zarchiver","ZArchiver","TOOLS"
""filerecovery.photosrecovery.allrecovery","File Recovery - Photo Recovery","TOOLS"
""com.smartswitch.phonetransfer.phoneclone.datatransfer.copymydata.newphone","Switch Mobile, Data Transfer","TOOLS"
""com.arta.ivpn","Arta VPN - Easy connect","TOOLS"
""com.cyber.fox","Fox Cleaner","TOOLS"
""com.oceanwing.soundcore","Soundcore","TOOLS"
""org.zwanoo.android.speedtest","Speedtest by Ookla","TOOLS"
""com.google.android.inputmethod.latin","Gboard - the Google Keyboard","TOOLS"
""net.uploss.water_app","Water Tracker and Drink Alarm","TOOLS"
""com.lifestyleappsworld.dott.in","Dott VPN Net","TOOLS"
""com.sony.songpal.mdr","Sony | Headphones Connect","TOOLS"
""com.manik.words","Wodfix Max","TOOLS"
""com.roku.remote.control.tv.cast","TV remote control for Roku","TOOLS"
""dont.touch.antitheft.myphone","Dont Touch: AntiTheft My Phone","TOOLS"
""com.speed.gc.autoclicker.automatictap","Auto Click - Automatic Clicker","TOOLS"
""com.qrmanager.android.qrcode.app","QR Manager","TOOLS"
""com.musicplayer.youngtunes","Cinehut","TOOLS"
""com.jackerwang.pdfreader","PDF Reader","TOOLS"
""jp.co.canon.android.printservice.plugin","Canon Print Service","TOOLS"
""com.feelclean.booster","Feel Clean","TOOLS"
""com.starlink.mobile","Starlink","TOOLS"
""com.cyber.clean","Cyber Cleaner","TOOLS"
""com.vpn.free.hotspot.secure.vpnify","vpnify - Unlimited VPN Proxy","TOOLS"
""com.govee.home","Govee Home","TOOLS"
""com.rcatch.qrcat","QRCatch-Simple QR code scanner","TOOLS"
""com.cleaner.goal","Cleaner Goal","TOOLS"
""com.microsoft.bing","Bing: Chat with AI & GPT-4","TOOLS"
""com.ironmeta.ip.hider","IP Hider - Safe Proxy","TOOLS"
""com.catalinagroup.callrecorder","Call Recorder - Cube ACR","TOOLS"
""com.lottie.speedplayvideo","Video Home - Speed Play","TOOLS"
""com.anilymepro.ani","Venabox - Ani Planet","TOOLS"
""gba.game.emulator.metaverse","GBA Emulator: Classic gameboy","TOOLS"
""com.macpaw.clearvpn.android","ClearVPN - Fast & Secure VPN","TOOLS"
""com.ztnstudio.notepad","Notepad – Notes and To Do List","TOOLS"
""com.screenmirrorapp.casttotv.screenmirroring","Smart TV Cast: Screen Share","TOOLS"
""com.productivity.screenmirroring2.miracast.casttv","Screen Mirroring - TV Miracast","TOOLS"
""com.google.android.apps.searchlite","Google Go","TOOLS"
""com.ovelin.guitartuna","GuitarTuna: Tuner,Chords,Tabs","TOOLS"
""com.jrzheng.supervpnfree","SuperVPN Fast VPN Client","TOOLS"
""com.ironmeta.dog.proxy","Robo Proxy - Safe and Fast","TOOLS"
""com.raymond.zulavpn","ZULA VPN","TOOLS"
""com.buchdeals.cardbase","Collectibles.com: Scan + Value","TOOLS"
""pdfreader.pdfviewer.officetool.pdfscanner","PDF Reader App : Read All PDF","TOOLS"
""com.masterfile.manager","Mobile Phone Storage Explorer","TOOLS"
""com.mycartooncharacter.princess.prince","My Cartoon Character","TOOLS"
""com.vzw.hss.myverizon","My Verizon","TOOLS"
""skyview.star.map.stargazing","Night Sky View 3D - SkyViewer","TOOLS"
""com.vincentlee.compass","Digital Compass","TOOLS"
""com.tvcast.smartthings","Smart TV Remote for Samsung TV","TOOLS"
""com.translate.language.translator.camera.photo.all.free.voice.ai.video","All Languages Translator","TOOLS"
""com.nocardteam.tesla.proxy","Tesla Proxy - Unlimited & Safe","TOOLS"
""com.parar.proxy.vpn","Parar Proxy - Easy and Secure","TOOLS"
""vpn.usa_tap2free","USA VPN - Get USA IP","TOOLS"
""com.begamob.rokuremote","Universal TV Remote Control","TOOLS"
""com.rapidconn.android","Rapid VPN - Safe Secure Proxy","TOOLS"
""com.youmusic.magictiles","Magic Tiles 3","GAME_MUSIC"
""com.dancing.smash.hop.game.tiles.beat.piano.surfer","Cyber Surfer","GAME_MUSIC"
""piano.tiles.pop.music.game.beat.tunes.master","Rhythm Rush - Piano Music Game","GAME_MUSIC"
""com.music.ball.hop.tiles.beat.dancing.game","Music Ballz Hop","GAME_MUSIC"
""com.happy.game.beat.music.fight.android","Beat Battle Full Mod Fight","GAME_MUSIC"
""game.piano.music.tiles.challenge","Piano Game: Classic Music Song","GAME_MUSIC"
""com.piano.tiles.music.game.circles.dancing.beat.magictiles","Piano Star","GAME_MUSIC"
""com.fnfstudio.ff","Music Rap Time Battle","GAME_MUSIC"
""com.amanotes.beathopper","Tiles Hop EDM Rush Music Game","GAME_MUSIC"
""com.dream.hop.jump.ball.music.free","Dream Hop - 3D Magic Dash","GAME_MUSIC"
""beatmaker.edm.musicgames.pianofire2","Piano Fire 2: Slide Challenge","GAME_MUSIC"
""com.pem.pianomagictiles","Piano Magic Star 4: Music Game","GAME_MUSIC"
""com.beat.cat.dancing.hop.tiles.music.game","Beat Cats","GAME_MUSIC"
""com.amanotes.duettiles","Duet Tiles - Rhythm Music Game","GAME_MUSIC"
""com.rhythm.rush.piano.music.tile.song.games.guitar.tiles","Rhythm Rush Lite-Be Piano Star","GAME_MUSIC"
""com.candle.magic_piano","Beat Piano Dance:music game","GAME_MUSIC"
""com.bigbluebubble.singingmonsters.full","My Singing Monsters","GAME_MUSIC"
""com.musicdreamtiles.pianogame","Dreameow Tiles","GAME_MUSIC"
""com.perfect.piano.music","Magic Piano Rush - Music Star","GAME_MUSIC"
""com.musicgame.colordancinghop","Color Dance Hop:music game","GAME_MUSIC"
""beatmaker.edm.musicgames.PianoGames","Piano Fire: Edm Music & Piano","GAME_MUSIC"
""com.orange.kidspiano.music.songs","Piano Kids - Music & Songs","GAME_MUSIC"
""com.music.game.dancing.hair.beat.race","Dancing Hair","GAME_MUSIC"
""com.spaceapegames.beatstar","Beatstar - Touch Your Music","GAME_MUSIC"
""com.magic.space.dancing.tiles.music.color.smash.game","Dream Circles Dash","GAME_MUSIC"
""com.amanotes.pamadancingroad","Dancing Road: Color Ball Run!","GAME_MUSIC"
""com.cat.music.rainbow.surfer.duet","Rainbow Surfer: Duet Color","GAME_MUSIC"
""com.dancing.smash.hop.game.tiles.circles.beat.piano.beatracing","Beat Racing","GAME_MUSIC"
""com.Zeeppo.GuitarBand","Guitar Band: Rock Battle","GAME_MUSIC"
""com.amanotes.duetfriends","Duet Friends: Cute Music Games","GAME_MUSIC"
""com.rhythm.dancing.tiles.piano.cat.kpop.music","Cat Piano Tiles: Rhythm Games","GAME_MUSIC"
""com.amanotes.rock.anna","Music Night Battle - Full Mods","GAME_MUSIC"
""com.wgm.piano.cat.tiles","Cat Tiles: Cute Piano Game","GAME_MUSIC"
""com.bunbunstudio.magicblocktiles","Piano Game 7: Music Games","GAME_MUSIC"
""com.sega.ColorfulStage.en","HATSUNE MIKU: COLORFUL STAGE!","GAME_MUSIC"
""com.music.rhythm.player","Music Rhythm Player","GAME_MUSIC"
""com.dash.dancing.smash.game.tiles.circles.beat.piano.rhythm.hop","Magic Hop","GAME_MUSIC"
""com.kooapps.pianotiles2gp","Piano Tiles 2™ - Piano Game","GAME_MUSIC"
""com.rhythmdance.taptile.dancingcats","Dancing Cats - Cute Music Game","GAME_MUSIC"
""com.beat.fight.fnf.mobile.original.friday.night.funkin.game.android","Beat Fight:Full Mod Battle","GAME_MUSIC"
""beatmaker.edm.musicgames.gunsounds","Beat Fire - Edm Gun Music Game","GAME_MUSIC"
""com.dancing.smash.hop.game.tiles.circles.beat.paino","Smash Colors","GAME_MUSIC"
""com.ningningstudio.kpopmagictiles","Kpop Piano Star - Music Game","GAME_MUSIC"
""br.com.rodrigokolb.realdrum","Real Drum electronic drums set","GAME_MUSIC"
""dk.drohm.idaft","iDaft Jamming-Daft Punk Sounds","GAME_MUSIC"
""com.approver.beatjumpy","Hop Tiles 3D: Hit music game","GAME_MUSIC"
""com.super_toki.giraffe","Like A Dino!","GAME_MUSIC"
""com.music.hop.game.run.ball.magic.edm.piano.tiles.beats","Music Hop: EDM Rush","GAME_MUSIC"
""com.bigbluebubble.msm2","Singing Monsters: Dawn of Fire","GAME_MUSIC"
""com.dress.skirt.run.dancing.hop.game.beat.piano.hair","Dancing Dress - Fashion Girl","GAME_MUSIC"
""com.rhythm.hop.dancing.smash.music.run.rush","Music Runner Rush: Piano Tiles","GAME_MUSIC"
""com.joyjourney.PianoWhiteGo","Piano Music Go-EDM Piano Games","GAME_MUSIC"
""com.gama.catdash","Cat Dash: Cute Cat Music Game","GAME_MUSIC"
""vn.zeze.sticktuber","Stick Tuber: Punch Fight Dance","GAME_MUSIC"
""com.ubisoft.dance.JustDance","Just Dance Now","GAME_MUSIC"
""com.piano.journey.music.muse.beat","Piano Journey : Play & Create","GAME_MUSIC"
""com.josef.electrodrumpadnew","Real Electro Drum Pad: Hip Hop","GAME_MUSIC"
""com.rhythmdance.taptile.twocats","Two Cats - Dancing Music Games","GAME_MUSIC"
""com.wingsmob.bluepiano","Catch Tiles: Piano Game","GAME_MUSIC"
""com.indocipta.piano","Piano Music & Songs","GAME_MUSIC"
""com.garystudio.countrymagictiles","Piano Country Music Games","GAME_MUSIC"
""com.bilkon.easypiano","Real Piano","GAME_MUSIC"
""com.tt.toddler.songs.tunes.fun.games","Toddler Piano and Music Games","GAME_MUSIC"
""com.music.game.car.run.ball.magic.edm.piano.tiles.beats","Rhythm Racer Music Go","GAME_MUSIC"
""com.escapedpixels.lyricsstar","Lyrics Star・Song Lyrics Tiles","GAME_MUSIC"
""com.music.ball.tunes.fallingball","Music Ball Tunes: Falling Ball","GAME_MUSIC"
""com.GaragaraBoneStd.fnf.thursday.night","Thursday Night Music Battles","GAME_MUSIC"
""com.music.game.cute.run.ball.magic.edm.piano.tiles.beats","Dream Notes: Cute Music Game","GAME_MUSIC"
""com.pianogames.BabyPianoKids","Baby Piano Kids Musical Games","GAME_MUSIC"
""music.game.beat.battle","Music Beat Night Show","GAME_MUSIC"
""catdog.music.tiles.challenge","Cat Dog Music Voice","GAME_MUSIC"
""com.spaceapegames.country.music.game","Country Star: Music Game","GAME_MUSIC"
""com.xipu.cwqmx.beimei","Magic Star","GAME_MUSIC"
""br.com.rodrigokolb.realguitar","Real Guitar: electric acoustic","GAME_MUSIC"
""com.og.fnf.music","Beat Live: Show Music Game","GAME_MUSIC"
""com.jmhy.magicpiano","Magic Piano Music game","GAME_MUSIC"
""com.bimiboo.tunes","Baby Piano: Kids Music Games","GAME_MUSIC"
""com.onegame.duetpets.musicgames","Duet Pet Race: EDM Beat Battle","GAME_MUSIC"
""com.superb.rhv","Rhythm Hive","GAME_MUSIC"
""com.bandlegame.bandleguessasong","Bandle - Guess the song","GAME_MUSIC"
""com.au.dance.en","Sweet Dance","GAME_MUSIC"
""com.PerfectWorldStd.fnf.eteledmod","Twiddle Finger Night Battle","GAME_MUSIC"
""beatmaker.edm.musicgames.racinggame.racemaster","Music Racing : Beat Racing GT","GAME_MUSIC"
""com.rhythmdance.taptile.rt","Rolling Twins: Music Ball Rush","GAME_MUSIC"
""com.magic.dream.fish.music.game","Magic Dream Fish - Music Game","GAME_MUSIC"
""fnf.night.funkin","Blade Night : Rhythm Saber","GAME_MUSIC"
""dino.piano.instrument.music.games","Baby Dino Piano:Kids Piano Fun","GAME_MUSIC"
""com.xgame.BeatCarRacing","Beat Racing:Car&Music game","GAME_MUSIC"
""koto.guzheng.gayageum.hammered.dulcimer","Dancing Cats: Duet Meow","GAME_MUSIC"
""com.gismart.realpianofree","Piano - Music Keyboard & Tiles","GAME_MUSIC"
""com.onegame.musicbattle","Music Beat Battle: Rap Mod","GAME_MUSIC"
""com.cloverfi.windowgarden","Window Garden - Lofi Idle Game","GAME_MUSIC"
""com.music.game.cyber.run.ball.magic.edm.piano.tiles.beats","Beat Notes Cyber Music Game","GAME_MUSIC"
""com.FrozenCastleStd.Piggy","Silly Billy Hit Single Real","GAME_MUSIC"
""com.beat.smash.edmmusic.shooter.gunsounds","Beat Shoot 3D:EDM Music Game","GAME_MUSIC"
""com.binaryguilt.completemusicreadingtrainer","Complete Music Reading Trainer","GAME_MUSIC"
""com.netflix.NGP.HelloKittyHappinessParade","HELLO KITTY HAPPINESS PARADE","GAME_MUSIC"
""music.game.fnf","Beat Shooter Night: Rap Battle","GAME_MUSIC"
""chipmunk.piano.tiles","Chipmunks Music Journey","GAME_MUSIC"
""com.amanotes.pamainfinitybounce","Beat Jumper: EDM up","GAME_MUSIC"
""game.fnf.music.beat.battle","Music Night Battle: Beat Music","GAME_MUSIC"
""com.happygo.beatMusicRacing","Beat Music Racing: Motor&Racer","GAME_MUSIC"
""com.psv.vlad_and_niki.piano","Vlad and Niki: Kids Piano","GAME_MUSIC"
""com.bluecorner.dontforgetthelyrics","Don't Forget the Lyrics","GAME_MUSIC"
""com.eyu.music.tap.tap2","Tap Music 3D","GAME_MUSIC"
""com.bushiroad.en.bangdreamgbp","BanG Dream! Girls Band Party!","GAME_MUSIC"
""hafert.fnf.mod","Music Dual Game","GAME_MUSIC"
""com.rolindamou.amazingtilesbluekoala","Amazing tiles blue koala","GAME_MUSIC"
""tune.verse.tuneverse","Myfantasy-Magic of Stories","GAME_MUSIC"
""com.studioHU.BeatCraft","Beat Craft","GAME_MUSIC"
""com.candle.piano_star","Magic Piano Star:EDM Music","GAME_MUSIC"
""com.dalcomsoft.ss.jyp","SUPERSTAR JYPNATION","GAME_MUSIC"
""br.com.rodrigokolb.classicdrum","Classic Drum: play drums","GAME_MUSIC"
""br.com.rodrigokolb.realpiano","Real Piano: digital keyboard","GAME_MUSIC"
""sh.ppy.osustream","osu!stream","GAME_MUSIC"
""com.run.ball.cat.magic.piano.tiles.hop.beats.music","Magic Rhythm Cat: Chorus Music","GAME_MUSIC"
""fnf.mod.story.music.game","Music Rhythm Battle Night","GAME_MUSIC"
""music.piano.magic.tiles.challenge.free","Music Piano: Cool EDM Tiles","GAME_MUSIC"
""air.air.com.A2and2.rcnkaraoke","Baby Karaoke","GAME_MUSIC"
""com.dash.rhythm.dancing.smash.hop.game.tiles.circles.beat.paino","Beat Shooter","GAME_MUSIC"
""br.com.rodrigokolb.realbass","Real Bass electric bass guitar","GAME_MUSIC"
""com.creativetechnology.beatbounce","Beat Bounce – Music Ball Game","GAME_MUSIC"
""com.AutumnRiverStd.FinnPibby.fnf","Finn Digital Darkness Battle","GAME_MUSIC"
""com.happyelements.es2.en.gp","Ensemble Stars Music","GAME_MUSIC"
""com.kidspiano.kidsentertainmentmusicgames","Piano Kids Music Songs & Games","GAME_MUSIC"
""br.com.rodrigokolb.funkbrasil","Brazilian Phonk: beat maker","GAME_MUSIC"
""com.iGroove.guitar","Real Guitar - Tabs and chords!","GAME_MUSIC"
""com.orange.musical.game.kids","Musical Game for Kids","GAME_MUSIC"
""com.xgame.beats.shooting","Beats shooting-music game","GAME_MUSIC"
""com.FriendlyGhostStd.fnf.indie.cross","Indie Cross V1 Digital Battles","GAME_MUSIC"
""com.YoungestBrother.VirusRFunkin","Lyrical Mayhem Twiddle Finger","GAME_MUSIC"
""com.kazegames.friday.night.seven.days.funkin.mod.animation.sound.test","Music Night All Mod Test&Color","GAME_MUSIC"
""air.Popscene","Popscene","GAME_MUSIC"
""com.dropthebeat.beatblade","Beat Mania: Music Dash Dance","GAME_MUSIC"
""com.sonlam.kidspiano","Kids Piano","GAME_MUSIC"
""com.Toddlerama.Instruments2","Baby Instrument Sounds 2","GAME_MUSIC"
""com.luxetecnogames.mymusichero","Guitar Hero Mobile: Music Game","GAME_MUSIC"
""moe.low.arc","Arcaea","GAME_MUSIC"
""air.com.freshplanet.games.SongPop2","SongPop Classic: Music Trivia","GAME_MUSIC"
""com.robotani.dremilite","RoboTone","GAME_MUSIC"
""com.supercharge.poprhythmic","Pop Beat: Star Hits & Music","GAME_MUSIC"
""com.derricklin.rhythmgame","Rhythmetallic: Rock Guitar Tap","GAME_MUSIC"
""com.gismart.realdrum2free","Drum Kit Music Games Simulator","GAME_MUSIC"
""com.eyu.piano","Dream Piano","GAME_MUSIC"
""com.babyphonegames.BabyGlowPhone","Baby Glow Phone Games for Kids","GAME_MUSIC"
""com.tpvapps.simpledrumsrock","Simple Drums Rock - Drum Set","GAME_MUSIC"
""com.Toddlerama.Instruments","Baby Instrument Sounds","GAME_MUSIC"
""com.hosekiapps.xyloPhone","My 1st Xylophone and Piano","GAME_MUSIC"
""com.BuffetGamedStd.mr.beast.fnf","Fire In Music Battles","GAME_MUSIC"
""com.twelvemoments.musicparty","Music Tower: Tap Tiles","GAME_MUSIC"
""com.candle.beatcar","Magic Beat Racing music game","GAME_MUSIC"
""com.superb.pianista","Pianista","GAME_MUSIC"
""com.StrangerAlphabetStd.AgotiTabi","Tabi Music Battle vs AGOTI","GAME_MUSIC"
""com.ezm.number.piano","Piano Number","GAME_MUSIC"
""kr.co.dalcomsoft.superstar.a","SUPERSTAR SMTOWN","GAME_MUSIC"
""com.hyoct.fnfstudio","Funk Studio - Make Your Mods","GAME_MUSIC"
""com.freegames.HungryFish.Eat.Fishdom.hungryshark.evalution.fish.freegames","Big Eat Fish Games Shark Games","GAME_MUSIC"
""com.thrustinteractive.fanlabel","FanLabel: Daily Music Contests","GAME_MUSIC"
""com.binaryguilt.completerhythmtrainer","Complete Rhythm Trainer","GAME_MUSIC"
""com.PigeonGames.Phigros","Phigros","GAME_MUSIC"
""com.kingamescreator.fnmm","Funky Maker: Mobile!","GAME_MUSIC"
""music.beat.piano.fire.magic.tiles.challenge.free","Beat Piano - Music EDM","GAME_MUSIC"
""com.jsplash.musictutor","Music Tutor (Sight Reading)","GAME_MUSIC"
""beatmaker.edm.musicgames.beathop","Piano Music Hop: EDM Rush!","GAME_MUSIC"
""com.oliveiralabs.megadrum","Mega Drum - Drumming App","GAME_MUSIC"
""com.soundpianopice.pianodescendantsgames","Piano Descendants 4 Tiles Game","GAME_MUSIC"
""com.silentapps.inreverse2","inReverse - Backwards Karaoke","GAME_MUSIC"
""com.partycubed.taptapreloaded","Tap Tap Reloaded","GAME_MUSIC"
""com.HashagiSwordstd.fnf.sonic40","FNF Restored.EXE Full Mod 4.0","GAME_MUSIC"
""com.rinzz.projectmuse","Project: Muse","GAME_MUSIC"
""com.LizardonMegaStd.BattleImposterV4","Music mission vs imposter V4","GAME_MUSIC"
""com.p.m.sound.prank.farting.airhorn","Prank Simulator - AirHorn Fart","GAME_MUSIC"
""harmonium.music.gameg.real.harmoniumfree","Harmonium","GAME_MUSIC"
""com.snight.undertalemusic","OSTTALE","GAME_MUSIC"
""com.flyingcastlest.SonicExeZero","Indie Remake EXE Beat Battle","GAME_MUSIC"
""tiles.piano.anime.music.tiles","Piano Tiles 3: Anime & Pop","GAME_MUSIC"
""com.bushiroad.en.d4dj","D4DJ Groovy Mix","GAME_MUSIC"
""com.music.shaperhythm","Shape Rhythm","GAME_MUSIC"
""com.TMC.HalloweenMichaelMyersHits","Halloween Michael Myers Themes","GAME_MUSIC"
""com.rayark.Cytus.full","Cytus","GAME_MUSIC"
""com.ElectricWallStd.fnf.character.test","Remake All Character Test Mod","GAME_MUSIC"
""hop.cat.pop.music","Meow Hop: Cute Cats & Music","GAME_MUSIC"
""com.rayark.deemo2","DEEMO II","GAME_MUSIC"
""com.wingsmob.music.cat.world","Cat World Music","GAME_MUSIC"
""com.KyurenIcesStd.fnfmario.superbross","Indie Madness Music World","GAME_MUSIC"
""com.telea7la.arabspiano","Arabian Piano بيانو العرب","GAME_MUSIC"
""com.FriendlyTerrorisStd.Fnf.PIano","Evil Jeffy Endless Music Fight","GAME_MUSIC"
""com.dalcomsoft.ssat","SUPERSTAR ATEEZ","GAME_MUSIC"
""com.PerfectWorldStd.SonicDashFukin","Dashin Spin Rhythm Battle","GAME_MUSIC"
""com.scaperviperstd.Dorklysonic","Beat Battle Gorefield V2 Mod","GAME_MUSIC"
""com.Zeeppo.GBSolo","Guitar Arena - Hero Legend","GAME_MUSIC"
""com.exodus.fillit","FillIt-Learn KOREAN with KPOP","GAME_MUSIC"
""com.aphmau.craftgame.tileshop","Aphmau Craft Tiles Hop","GAME_MUSIC"
""com.minibuu.SuperSpiderHeroPhone","Super Spider Hero Phone","GAME_MUSIC"
""com.beat.duet.music.cat.pop.cute.android","Beat Duet","GAME_MUSIC"
""com.MashupOrionStd.GorillaFunkin","Pico Mania vs Godzilla Battle","GAME_MUSIC"
""com.animemagictiles","Piano Level 9: Beat Music Duel","GAME_MUSIC"
""com.MasterBallStd.fnf.corrupted.bfdi","Corrupted Island Rap Battle V2","GAME_MUSIC"
""com.fyy.musictile","Dancing Tiles","GAME_MUSIC"
""com.music.game.dacing.money.rush.beat.race","Money Rush: Music Race 3D","GAME_MUSIC"
""com.particlenews.newsbreak","NewsBreak: Local News & Alerts","NEWS_AND_MAGAZINES"
""com.novanews.localnews.en","Local News: Breaking & Latest","NEWS_AND_MAGAZINES"
""police.scanner.radio.broadcastify.citizen","Police Scanner - Live Radio","NEWS_AND_MAGAZINES"
""com.opera.app.news.local","Local News: Headlines & Alerts","NEWS_AND_MAGAZINES"
""com.yahoo.mobile.client.android.yahoo","Yahoo News: Your Guide to News","NEWS_AND_MAGAZINES"
""ma.safe.bnus","US News: Breaking News & Local","NEWS_AND_MAGAZINES"
""com.scannerradio","Scanner Radio - Police Scanner","NEWS_AND_MAGAZINES"
""com.novanews.android.dailynews","Daily News: Local & Alerts","NEWS_AND_MAGAZINES"
""com.haystack.android","Haystack News: Local TV News","NEWS_AND_MAGAZINES"
""com.newsvison.android.newstoday","News Today","NEWS_AND_MAGAZINES"
""com.quora.android","Quora: the knowledge platform","NEWS_AND_MAGAZINES"
""com.particlenews.newsbreaklite","NewsBreak Lite","NEWS_AND_MAGAZINES"
""com.foxnews.android","Fox News - Daily Breaking News","NEWS_AND_MAGAZINES"
""com.news.app.global","Breaking News - Live Headlines","NEWS_AND_MAGAZINES"
""com.abc.abcnews","ABC News: Breaking News Live","NEWS_AND_MAGAZINES"
""com.fli.android.newsmaxapp","Newsmax","NEWS_AND_MAGAZINES"
""com.podcast.podcasts","Podcast Player","NEWS_AND_MAGAZINES"
""com.local.news.plus","Local News - Latest & Smart","NEWS_AND_MAGAZINES"
""com.zumobi.msnbc","NBC News: Breaking News & Live","NEWS_AND_MAGAZINES"
""com.balatarin.android.app","Balatarin","NEWS_AND_MAGAZINES"
""com.google.android.apps.magazines","Google News - Daily Headlines","NEWS_AND_MAGAZINES"
""com.fng.foxnation","FOX Nation: Celebrate America","NEWS_AND_MAGAZINES"
""com.fox.fts.android","FOX LOCAL: Live Streaming News","NEWS_AND_MAGAZINES"
""com.microsoft.amp.apps.bingnews","Microsoft Start: News & more","NEWS_AND_MAGAZINES"
""sp0n.citizen","Citizen: Local Safety Alerts","NEWS_AND_MAGAZINES"
""com.nbcnews.msnbc.mobile","MSNBC: Watch Live & Analysis","NEWS_AND_MAGAZINES"
""com.twcable.twcnews","Spectrum News: Local Stories","NEWS_AND_MAGAZINES"
""com.cnn.mobile.android.phone","CNN Breaking US & World News","NEWS_AND_MAGAZINES"
""com.checkitt","Ground News","NEWS_AND_MAGAZINES"
""com.homepage.news.android","Breaking News & Latest Stories","NEWS_AND_MAGAZINES"
""com.novanews.android.localnews.es","Noticias Locales","NEWS_AND_MAGAZINES"
""com.nytimes.android","The New York Times","NEWS_AND_MAGAZINES"
""com.nbcuni.nbcots.nbcnewyork.android","NBC 4 New York: News & Weather","NEWS_AND_MAGAZINES"
""bbc.mobile.news.ww","BBC: World News & Stories","NEWS_AND_MAGAZINES"
""org.npr.android.news","NPR","NEWS_AND_MAGAZINES"
""live.free.tv_us","FREECABLE© TV App: Shows, News","NEWS_AND_MAGAZINES"
""jp.gocro.smartnews.android","SmartNews: News That Matters","NEWS_AND_MAGAZINES"
""com.beloud","Beloud: News & Free Speech","NEWS_AND_MAGAZINES"
""com.medium.reader","Medium","NEWS_AND_MAGAZINES"
""com.opera.app.news","Opera News: breaking & local","NEWS_AND_MAGAZINES"
""com.washingtonpost.android","Washington Post","NEWS_AND_MAGAZINES"
""com.ring.neighborhoods","Neighbors by Ring","NEWS_AND_MAGAZINES"
""com.straightarrownews","Straight Arrow News","NEWS_AND_MAGAZINES"
""com.treemolabs.apps.cbsnews","CBS News - Live Breaking News","NEWS_AND_MAGAZINES"
""com.breakingnewsbrief.app","US News - Breaking News Brief","NEWS_AND_MAGAZINES"
""ma.safe.bn","Breaking News: Local & Alerts","NEWS_AND_MAGAZINES"
""au.com.shiftyjelly.pocketcasts","Pocket Casts - Podcast Player","NEWS_AND_MAGAZINES"
""com.eet.news.launcher","NewsNow Home: Breaking & Local","NEWS_AND_MAGAZINES"
""com.local.news.radar","Zip News: Latest & Alerts","NEWS_AND_MAGAZINES"
""com.weathergroup.localnow","Local Now: News, Movies & TV","NEWS_AND_MAGAZINES"
""com.dailywire.thedailywire","DailyWire+","NEWS_AND_MAGAZINES"
""com.nbcuni.nbcots.nbcchicago.android","NBC 5 Chicago: News & Weather","NEWS_AND_MAGAZINES"
""com.cbsnews.ott","CBS News - Live Breaking News","NEWS_AND_MAGAZINES"
""mnn.Android","AP News: World & Local","NEWS_AND_MAGAZINES"
""wsj.reader_sp","The Wall Street Journal.","NEWS_AND_MAGAZINES"
""com.cmgdigital.AJCBreakingNews","AJC News","NEWS_AND_MAGAZINES"
""com.abclocal.kabc.news","ABC7 Los Angeles","NEWS_AND_MAGAZINES"
""com.app.teleonce","TeleOnce","NEWS_AND_MAGAZINES"
""com.imib.cctv","CGTN – China Global TV Network","NEWS_AND_MAGAZINES"
""com.forhy.clobaltimes","Global Times","NEWS_AND_MAGAZINES"
""com.kunpo88.baba2.tay","Ps2 64bit Plugins arm64","NEWS_AND_MAGAZINES"
""com.doapps.android.mln.MLN_d6bcd10196773d6203b7e9b10e53fea3","New Orleans News from WWL","NEWS_AND_MAGAZINES"
""com.hearst.android.wdsu","WDSU News and Weather","NEWS_AND_MAGAZINES"
""dev.daily","daily.dev - stay up to date","NEWS_AND_MAGAZINES"
""com.stocks.news","Stocks News","NEWS_AND_MAGAZINES"
""com.nbcuni.nbcots.nbclosangeles.android","NBC LA: News, Weather","NEWS_AND_MAGAZINES"
""com.app.p1251HB","The Marlborough App","NEWS_AND_MAGAZINES"
""com.usatoday.android.news","USA TODAY: US & Breaking News","NEWS_AND_MAGAZINES"
""com.nexstar.newsnation","NewsNation: Unbiased News","NEWS_AND_MAGAZINES"
""org.cspan.app","C-SPAN Now","NEWS_AND_MAGAZINES"
""com.freerange360.mpp.businessinsider","Business Insider","NEWS_AND_MAGAZINES"
""com.raycom.droid.wvuefox8","FOX 8 WVUE Mobile","NEWS_AND_MAGAZINES"
""com.abclocal.ktrk.news","ABC13 Houston","NEWS_AND_MAGAZINES"
""com.infoarabmedia.almashhad","Al Mashhad","NEWS_AND_MAGAZINES"
""com.doapps.android.mln.MLN_61930f86521c97f776f54356358d2dc2","Houston News from KHOU 11","NEWS_AND_MAGAZINES"
""com.aljazeera.mobile","Al Jazeera","NEWS_AND_MAGAZINES"
""com.bloomberg.android.plus","Bloomberg: Finance Market News","NEWS_AND_MAGAZINES"
""com.guardian","The Guardian - News & Sport","NEWS_AND_MAGAZINES"
""com.ak.ta.dainikbhaskar.activity","Hindi News by Dainik Bhaskar","NEWS_AND_MAGAZINES"
""network.americasvoice","Real America’s Voice News","NEWS_AND_MAGAZINES"
""com.ft.news","Financial Times: Business News","NEWS_AND_MAGAZINES"
""com.abclocal.wabc.news","ABC 7 New York","NEWS_AND_MAGAZINES"
""com.mobdub.channel.KATC","KATC News","NEWS_AND_MAGAZINES"
""com.natgeomobile.ngmagazine","National Geographic","NEWS_AND_MAGAZINES"
""flipboard.app","Flipboard:Your Social Magazine","NEWS_AND_MAGAZINES"
""com.droid.foxkmsp","FOX 9 Minneapolis-St. Paul: Ne","NEWS_AND_MAGAZINES"
""com.condenast.thenewyorker.android","The New Yorker","NEWS_AND_MAGAZINES"
""news.local.now.alert.safety","Local News: Breaking&Crime","NEWS_AND_MAGAZINES"
""com.raycom.wafb","WAFB 9News","NEWS_AND_MAGAZINES"
""com.breitbart.app","Breitbart","NEWS_AND_MAGAZINES"
""com.tribtv.ktla2","KTLA 5","NEWS_AND_MAGAZINES"
""news.local.latest.newsbreak.free.app","Local News - Latest & Breaking","NEWS_AND_MAGAZINES"
""com.abclocal.wpvi.news","6abc Philadelphia","NEWS_AND_MAGAZINES"
""com.nbcuni.nbcots.nbcphiladelphia.android","NBC10 Philadelphia Local News","NEWS_AND_MAGAZINES"
""com.eterno","Dailyhunt Xpresso News Cricket","NEWS_AND_MAGAZINES"
""com.newspaperdirect.pressreader.android","PressReader: News & Magazines","NEWS_AND_MAGAZINES"
""com.graytv.android.wkytnews","WKYT News","NEWS_AND_MAGAZINES"
""com.samsedershow.majorityreport","Majority Report","NEWS_AND_MAGAZINES"
""com.abclocal.wls.news","ABC7 Chicago","NEWS_AND_MAGAZINES"
""com.waveline.nabd","نبض Nabd - اخبار العالم ، عاجل","NEWS_AND_MAGAZINES"
""com.ht.news","Hindustan Times: Daily News","NEWS_AND_MAGAZINES"
""com.alrabiaa.tv","Alrabiaa - الرابعة","NEWS_AND_MAGAZINES"
""com.ideashower.readitlater.pro","Pocket: Save. Read. Grow.","NEWS_AND_MAGAZINES"
""com.economist.lamarr","The Economist - News, Podcasts","NEWS_AND_MAGAZINES"
""com.iart.chromecastapps","Apps 4 Chromecast & Android TV","NEWS_AND_MAGAZINES"
""com.whiz.espn.ny","ESPN New York","NEWS_AND_MAGAZINES"
""com.madarsoft.nabaa","نبأ Nabaa - اخبار , مباريات","NEWS_AND_MAGAZINES"
""com.xinhuamm.xinhuanews","Xinhua News","NEWS_AND_MAGAZINES"
""com.toi.reader.activities","Times Of India - News Updates","NEWS_AND_MAGAZINES"
""com.kqbattery.smartcharging","Master Charging","NEWS_AND_MAGAZINES"
""com.noticias.caracol.app","Noticias Caracol","NEWS_AND_MAGAZINES"
""io.sixminutes.breakingnews","6Minutes - Local News & Alerts","NEWS_AND_MAGAZINES"
""com.tuckercarlson.tv","Tucker Carlson Network","NEWS_AND_MAGAZINES"
""com.rhythmnewmedia.tmz","TMZ","NEWS_AND_MAGAZINES"
""com.salemwebnetwork.salemnewschannel","Salem News Channel","NEWS_AND_MAGAZINES"
""com.raycom.kplc","KPLC 7NEWS","NEWS_AND_MAGAZINES"
""com.nexstar.id3549","KLFY News 10","NEWS_AND_MAGAZINES"
""com.nbcuni.rsn.philadelphia","NBC Sports Philadelphia","NEWS_AND_MAGAZINES"
""com.ksl.android","KSL.com News Utah","NEWS_AND_MAGAZINES"
""com.rhythmnewmedia.android.e","E! News","NEWS_AND_MAGAZINES"
""com.devhd.feedly","Feedly - Smarter News Reader","NEWS_AND_MAGAZINES"
""com.theepochtimes.news","The Epoch Times: Breaking News","NEWS_AND_MAGAZINES"
""com.nbcuni.nbcots.nbcwashington.android","NBC4 Washington: News, Weather","NEWS_AND_MAGAZINES"
""com.bskyb.skynews.android","Sky News: Breaking, UK & World","NEWS_AND_MAGAZINES"
""com.andresbonilla.wapatv.WapaTV","WAPA.TV","NEWS_AND_MAGAZINES"
""com.levintv","BlazeTV","NEWS_AND_MAGAZINES"
""com.graytv.android.wymtnews","WYMT News","NEWS_AND_MAGAZINES"
""com.nbcuni.telemundostations.puertorico","Telemundo Puerto Rico","NEWS_AND_MAGAZINES"
""app.tpusa.mobile","TPACTION","NEWS_AND_MAGAZINES"
""com.sentinelbd.news12","News 12","NEWS_AND_MAGAZINES"
""com.graytv.android.kolonews","KOLO 8 News Now","NEWS_AND_MAGAZINES"
""com.afo.media","AFO MEDIA","NEWS_AND_MAGAZINES"
""com.myocv.lafourcheparishlasheriffsoffice","Lafourche Parish Sheriff (LA)","NEWS_AND_MAGAZINES"
""com.nextspaceflight.android.nextspaceflight","Next Spaceflight","NEWS_AND_MAGAZINES"
""com.jacapps.wsbam","95.5 WSB","NEWS_AND_MAGAZINES"
""sanity.podcast.freak","Podcast Go","NEWS_AND_MAGAZINES"
""com.courttv","Court TV","NEWS_AND_MAGAZINES"
""io.friendly.twitter","Friendly For Twitter/X","NEWS_AND_MAGAZINES"
""com.nbcuni.telemundostation.houston","Telemundo Houston: Noticias","NEWS_AND_MAGAZINES"
""com.fox.droid.foxwfld","FOX 32 Chicago: News","NEWS_AND_MAGAZINES"
""com.vervewireless.com.droid.foxwaga","FOX 5 Atlanta: News","NEWS_AND_MAGAZINES"
""com.newson.vinson","NewsON - Local News & Weather","NEWS_AND_MAGAZINES"
""com.cmgdigital.wsbtvhandset","WSB-TV News","NEWS_AND_MAGAZINES"
""com.bloomberg.btva","Bloomberg","NEWS_AND_MAGAZINES"
""com.barrons.us","Barron's: Investing Insights","NEWS_AND_MAGAZINES"
""com.ingalls.huntingtoningalls.ingallsconnect","IngallsConnect","NEWS_AND_MAGAZINES"
""com.vervewireless.droid.foxkdfw","FOX 4 Dallas-Fort Worth: News","NEWS_AND_MAGAZINES"
""com.dci.magzter","Magzter: Magazines, Newspapers","NEWS_AND_MAGAZINES"
""com.nbcuni.telemundostation.telemundo51","Telemundo 51 Miami: Noticias","NEWS_AND_MAGAZINES"
""br.com.golmobile.nypost","New York Post for Phone","NEWS_AND_MAGAZINES"
""com.mortgagenewsdaily.rates.app","Mortgage News Daily","NEWS_AND_MAGAZINES"
""net.aljazeera.english","Al Jazeera English","NEWS_AND_MAGAZINES"
""com.economist.darwin","Espresso from The Economist","NEWS_AND_MAGAZINES"
""com.maz.combo3578","RSBN","NEWS_AND_MAGAZINES"
""com.homilychart.hljw","Homily Link","NEWS_AND_MAGAZINES"
""co.news.hub","Breaking Local News: FlashNews","NEWS_AND_MAGAZINES"
""org.aagrapevine.app","AA Grapevine","NEWS_AND_MAGAZINES"
""com.nbcuni.nbcots.nbcdfw.android","NBC 5 Dallas-Fort Worth News","NEWS_AND_MAGAZINES"
""org.aarp.publications","AARP Publications","NEWS_AND_MAGAZINES"
""com.nbcuni.telemundo.noticiastelemundo","Noticias Telemundo","NEWS_AND_MAGAZINES"
""app.nationallotto.mi","Michigan lottery results","NEWS_AND_MAGAZINES"
""com.abclocal.kgo.news","ABC7 Bay Area","NEWS_AND_MAGAZINES"
""com.nbcuni.telemundostation.telemundo52","Telemundo 52: Los Ángeles","NEWS_AND_MAGAZINES"
""com.fox.droid.foxkriv","FOX 26 Houston: News","NEWS_AND_MAGAZINES"
""com.politico.android","POLITICO","NEWS_AND_MAGAZINES"
""com.shuru.nearme","Shuru:Public News & Local News","NEWS_AND_MAGAZINES"
""com.abclocal.wtvd.news","ABC11 North Carolina","NEWS_AND_MAGAZINES"
""com.berobo.police.scanner.x","Police Scanner X","NEWS_AND_MAGAZINES"
""com.ibsys.app.pns_hou","Click2Houston - KPRC 2","NEWS_AND_MAGAZINES"
""com.cbn.cbnnews.app.android.christian.news","CBN News - Breaking World News","NEWS_AND_MAGAZINES"
""com.lemonde.androidapp","Le Monde, Live News","NEWS_AND_MAGAZINES"
""com.axios.axios","Axios","NEWS_AND_MAGAZINES"
""com.mobdub.channel.WLEX","LEX 18 News - Lexington, KY","NEWS_AND_MAGAZINES"
""com.nbcuni.rsn.bay","NBC Sports Bay Area & CA","NEWS_AND_MAGAZINES"
""com.onewire","One Wire","NEWS_AND_MAGAZINES"
""com.mobolist","Mobolist: Mobile Specs, Prices","NEWS_AND_MAGAZINES"
""me.oann.news","OAN: Live Breaking News","NEWS_AND_MAGAZINES"
""com.nddigital","Nuestro Diario: Noticias GT","NEWS_AND_MAGAZINES"
""com.divum.ibn","News18- Breaking & Local News","NEWS_AND_MAGAZINES"
""com.deseretnews.android","Deseret News","NEWS_AND_MAGAZINES"
""com.newson.vinsonandroidtv","NewsON - Watch Local TV News","NEWS_AND_MAGAZINES"
""com.et.reader.activities","Economic Times : Business News","NEWS_AND_MAGAZINES"
""com.nbcuni.nbcots.nbcmiami.android","NBC South Florida: Miami News","NEWS_AND_MAGAZINES"
""in.AajTak.headlines","Hindi News:Aaj Tak Live TV App","NEWS_AND_MAGAZINES"
""com.amac.amac","AMAC","NEWS_AND_MAGAZINES"
""com.vervewireless.droid.foxwtvt","FOX 13 Tampa Bay: News","NEWS_AND_MAGAZINES"
""com.raycom.wlox","WLOX Local News","NEWS_AND_MAGAZINES"
""com.app.abrelonewsapp","Zora","NEWS_AND_MAGAZINES"
""com.nbcuni.nbcots.nbcsandiego.android","NBC 7 San Diego News & Weather","NEWS_AND_MAGAZINES"
""com.oan.live","OAN Live","NEWS_AND_MAGAZINES"
""com.foxeigflash.localtv","FOX 8","NEWS_AND_MAGAZINES"
""com.doapps.android.mln.wthr","Indianapolis News from 13 WTHR","NEWS_AND_MAGAZINES"
""com.doapps.android.mln.MLN_b9e6d9221dcefc50ba23c6bd04ace911","WFAA - News from North Texas","NEWS_AND_MAGAZINES"
""com.spreaker.android","Spreaker Podcasts","NEWS_AND_MAGAZINES"
""com.localnewsflash.us","Today US - Breaking News","NEWS_AND_MAGAZINES"
""com.crimewatchus.CRIMEWATCH","CRIMEWATCH","NEWS_AND_MAGAZINES"
""com.premiereradio.android.c2c","Coast To Coast AM Insider","NEWS_AND_MAGAZINES"
""com.tomorrowsaffairs.app","Tomorrow's Affairs","NEWS_AND_MAGAZINES"
""com.apptivateme.next.la","LA Times: Essential California","NEWS_AND_MAGAZINES"
""com.theotino.chinadaily","CHINA DAILY - 中国日报","NEWS_AND_MAGAZINES"
""com.JindoBlu.OfflineGames","Offline Games - No Wifi Games","GAME_CASUAL"
""com.Polystation.BuildABabe","Build A Queen","GAME_CASUAL"
""com.superplaystudios.dicedreams","Dice Dreams™️","GAME_CASUAL"
""com.playrix.township","Township","GAME_CASUAL"
""com.easystudio.screw.pin.jam.puzzle","Screw Pin Jam Puzzle","GAME_CASUAL"
""com.ken.supermarket","Supermarket Master 3D","GAME_CASUAL"
""com.king.candycrushsaga","Candy Crush Saga","GAME_CASUAL"
""com.paperdoll.diary.dressup.game","Paper Doll Diary: Dress Up DIY","GAME_CASUAL"
""com.pronetis.ironball2","Going Balls","GAME_CASUAL"
""com.moonactive.coinmaster","Coin Master","GAME_CASUAL"
""com.outfit7.mytalkingtom2","My Talking Tom 2","GAME_CASUAL"
""com.online.huntingsniper","Hunting Sniper","GAME_CASUAL"
""com.outfit7.mytalkingangela2","My Talking Angela 2","GAME_CASUAL"
""com.outfit7.mytalkingtomfriends","My Talking Tom Friends","GAME_CASUAL"
""com.luckyfortune.screwhome","Screw Home: ASMR Clean","GAME_CASUAL"
""com.whirlwind.evolution","Whirlwind Evolution","GAME_CASUAL"
""com.playrix.gardenscapes","Gardenscapes","GAME_CASUAL"
""com.goods.master3d.triple.puzzle","Goods Master 3D: Puzzle Games","GAME_CASUAL"
""com.colobolo.chainball","Chain Cube 2048: Number Match","GAME_CASUAL"
""com.Garawell.BridgeRace","Bridge Race","GAME_CASUAL"
""me.pou.app","Pou","GAME_CASUAL"
""com.bestplaygame.screwmatch","Screw Match: ASMR Story","GAME_CASUAL"
""com.diy.phonecase.phonemaker","Mobile Phone Case Design & DIY","GAME_CASUAL"
""com.vm3.global","Truck Star","GAME_CASUAL"
""com.bravestars.hair.salon.beauty","Hair Salon: Beauty Salon Game","GAME_CASUAL"
""com.foursgames.camouflagesniper","Camo Sniper","GAME_CASUAL"
""com.budgestudios.googleplay.BlueyBLU","Bluey: Let's Play!","GAME_CASUAL"
""com.shape.shifting.shape.transforming","Shape Transforming: Shape Race","GAME_CASUAL"
""com.sh.fidget.toys.mini.relaxing.antistress.games","Mini Relaxing Game- pop it","GAME_CASUAL"
""com.tripledot.tile.dynasty","Tile Dynasty: Triple Mahjong","GAME_CASUAL"
""com.readygo.dark.gp","Dark War Survival","GAME_CASUAL"
""com.tictoc.challenge","TickTock Challenge","GAME_CASUAL"
""com.hibox.pickmeupidlegame","Pick me up - idle","GAME_CASUAL"
""com.amanotes.gs.g06","Duet Cats: Cute Cat Game","GAME_CASUAL"
""com.savetheworld.game","My Little Universe","GAME_CASUAL"
""com.cat.life.sim","Cat Choices: Virtual Pet 3D","GAME_CASUAL"
""com.VectorUpGames.TallManRun","Tall Man Run","GAME_CASUAL"
""closet.match.pair.matching.games","Goods Sort™ - Sorting Games","GAME_CASUAL"
""com.tile.match.masters","Tile Match Masters","GAME_CASUAL"
""com.mana.stickdemon.slayerfight","Stick Demon Shadow Fight","GAME_CASUAL"
""com.gimica.treasuremaster","Treasure Master","GAME_CASUAL"
""com.dressup.fashionshow.leftright","Left or right: Magic Dress up","GAME_CASUAL"
""com.outfit7.mytalkinghank","My Talking Hank: Islands","GAME_CASUAL"
""com.an.satisday.antistress.organizinggame","Satisday ASMR: Organizing game","GAME_CASUAL"
""io.supercent.bigslimemanyslime","Super Slime - Black Hole Game","GAME_CASUAL"
""com.millecrepestudios.couplelife","Couple Life 3D","GAME_CASUAL"
""com.gntrc.tanghuludiysimgez","Tanghulu DIY Sim","GAME_CASUAL"
""games.rivvy.monstersurvivors","Monster Survivors","GAME_CASUAL"
""com.TornadoBear.KingLand","Kingland - Castle Adventure","GAME_CASUAL"
""com.gym.idle.battle.simulation","Gym Workout Clicker: Muscle Up","GAME_CASUAL"
""com.qycrazypuzzledom.game","Relaxing mini Game","GAME_CASUAL"
""com.king.candycrushsodasaga","Candy Crush Soda Saga","GAME_CASUAL"
""com.syubestgames.teachersimulator","Teacher Simulator: School Days","GAME_CASUAL"
""net.wyvernware.whosthealien","Find the Alien","GAME_CASUAL"
""com.metroville.global","Livetopia: Party!","GAME_CASUAL"
""com.sunsetgames.bordersecurity","Airport Security","GAME_CASUAL"
""com.wedding.run","Dream Wedding!","GAME_CASUAL"
""com.funtomic.matchmasters","Match Masters ‎- PvP Match 3","GAME_CASUAL"
""com.Ondrej.GossipMaster","GossipMaster","GAME_CASUAL"
""com.rovio.baba","Angry Birds 2","GAME_CASUAL"
""com.budgestudios.HelloKittyNailSalon","Hello Kitty Nail Salon","GAME_CASUAL"
""com.yg.mini.games","Relax Mini Games","GAME_CASUAL"
""com.outfit7.mytalkingtomfree","My Talking Tom","GAME_CASUAL"
""com.action.web.fist","Whack Strike - Sling & Slam","GAME_CASUAL"
""com.funcell.trashinc","Trash Tycoon Idle business","GAME_CASUAL"
""com.games.whodiesfirst","Who Dies Last?","GAME_CASUAL"
""www.onlycar.supercarjumping","Super Car Jumping","GAME_CASUAL"
""co.gxgames.spa","Serenity's Spa: Beauty Salon","GAME_CASUAL"
""com.hg.FishEaterPro","Fish Eater.io","GAME_CASUAL"
""com.sunsetgames.copcarscan","Traffic Cop 3D","GAME_CASUAL"
""gg.sunday.catescape","Cat Escape","GAME_CASUAL"
""com.homagames.studio.allinhole","All in Hole","GAME_CASUAL"
""com.core.biggame.marble.android","Marble Match Origin","GAME_CASUAL"
""com.bgg.jump","Project Makeover","GAME_CASUAL"
""pampam.ibf2","Bottle Flip 3D — Tap & Jump!","GAME_CASUAL"
""air.com.lunime.gachalife","Gacha Life","GAME_CASUAL"
""tangle3d.twistedrope.untie.untangle","Tangle Rope 3D: Untie Master","GAME_CASUAL"
""com.higame.par.bubble.tea","Boba DIY: Tasty Tea Simulator","GAME_CASUAL"
""com.appideas.minimonsters","Mini Monsters: Card Collector","GAME_CASUAL"
""com.outfit7.mytalkingangelafree","My Talking Angela","GAME_CASUAL"
""com.shape.change","Jelly Shift - Obstacle Course","GAME_CASUAL"
""com.surprise.toy.d3","Super Toy 3D","GAME_CASUAL"
""com.PlaySense.BulletArmyRun","Bullet Army Run","GAME_CASUAL"
""com.tripledot.tile.blossom","Blossom Match - Puzzle Game","GAME_CASUAL"
""air.com.lunime.gachalife2","Gacha Life 2","GAME_CASUAL"
""com.IceCubeGame.CarCops","Car Cops","GAME_CASUAL"
""com.uc.gym.clicker","Gym Idle Clicker: Fitness Hero","GAME_CASUAL"
""com.color.page.paint.pixel.number.happy","Color Fan - Color By Number","GAME_CASUAL"
""com.higame.par.alchemy.emoji","Emoji Merge: Fun Moji","GAME_CASUAL"
""com.hexa.master.puzzle.match3d","Hexa Puzzle Game: Color Sort","GAME_CASUAL"
""com.higame.par.country.ball.war","Country Balls: World Battle","GAME_CASUAL"
""com.bubble.tea.simulator.games","Bubble Tea Simulator","GAME_CASUAL"
""com.hdsoul.minisurvival.android","Mini Survival: final adventure","GAME_CASUAL"
""com.tp.pmu3d","Pick Me Up 3D: Taxi Game","GAME_CASUAL"
""jp.co.ponos.battlecatsen","The Battle Cats","GAME_CASUAL"
""com.funcell.perfectlie","Perfect Lie","GAME_CASUAL"
""com.digitalkingdom.screwfrenzy","Screw Frenzy: ASMR Home","GAME_CASUAL"
""com.playrix.homescapes","Homescapes","GAME_CASUAL"
""com.aa.puffup","Puff Up - Balloon puzzle game","GAME_CASUAL"
""com.leftright.women.fashion.games","Left or Right: Women Fashions","GAME_CASUAL"
""com.kwalee.transformhunt","Hunt & Seek","GAME_CASUAL"
""com.gameloft.android.ANMP.GloftDMHM","Minion Rush: Running Game","GAME_CASUAL"
""com.ea.game.pvz2_na","Plants vs. Zombies™ 2","GAME_CASUAL"
""com.santa.prankcall.funny.christmas","Santa Prank Call: Fake video","GAME_CASUAL"
""com.bg.challenge.puzzle.minigames","Tricky Challenge: Mini Games","GAME_CASUAL"
""puzzle.merge.hotel.empire","Merge Hotel Empire: Design","GAME_CASUAL"
""com.gimica.mergeblast","Merge Blast","GAME_CASUAL"
""com.sg.twisted.tangle3d.ropes.untie.untangle.knot","Tangle Rope 3D: Untwist Knots","GAME_CASUAL"
""com.budgestudios.googleplay.PawPatrolRescueWorld","PAW Patrol Rescue World","GAME_CASUAL"
""com.higame.par.idol.prank.video.call.chat.phone.fun","Idol Prank Video Call & Chat","GAME_CASUAL"
""com.tripledot.triple.tile.match.pair.game.three.master.object","Triple Tile: Match Puzzle Game","GAME_CASUAL"
""com.pixeland.talkingbuddy","My Talking Slimy: Cat Friends","GAME_CASUAL"
""com.blendergame.smash","Blend It 3D","GAME_CASUAL"
""com.big.my.cruise.ship","My Cruise","GAME_CASUAL"
""air.com.lunime.gachaclub","Gacha Club","GAME_CASUAL"
""com.help.me.please","Help Me: Tricky Story","GAME_CASUAL"
""com.pw.textanddrive","Text And Drive!","GAME_CASUAL"
""com.an.beauty.makeoverasmr","Makeup Salon: Makeover ASMR","GAME_CASUAL"
""com.kayac.ball_run","Ball Run 2048: merge number","GAME_CASUAL"
""com.percent.aos.luckydefense","Lucky Defense","GAME_CASUAL"
""com.simugame.stickmenragdolfalling","Stickmen Ragdoll: The Game","GAME_CASUAL"
""com.paurau.SlowMoRun","Slow Mo Run","GAME_CASUAL"
""dress.up.yoyo.dollify.monster.girl.maker2","YoYa: Doll Avatar Maker","GAME_CASUAL"
""com.JacobVanHaag.ColorMatch","Color Match","GAME_CASUAL"
""com.kooapps.stackybirdandroid","Stacky Bird: Fun Offline Game","GAME_CASUAL"
""com.orcas.panthia.island.fairyscapes","Panthia-Magical Merge Game","GAME_CASUAL"
""com.tsyatsya.mechangelion","Mechangelion - Robot Fighting","GAME_CASUAL"
""com.joycastle.mergematch","Matching Story - Puzzle Games","GAME_CASUAL"
""com.nxksass.GirlParkour","Make Girlfriend","GAME_CASUAL"
""com.merge6.mergeremove.goods","Goods Sort Master","GAME_CASUAL"
""gg.sunday.dog.escape.puzzle","Dog Escape","GAME_CASUAL"
""tangle.rope.tieknot.game3d.wood.master","Woody Untangle Rope 3D Puzzle","GAME_CASUAL"
""com.goolny.Split2048","Jelly Run 2048","GAME_CASUAL"
""com.funcell.momlifesimulator","Momlife Simulator","GAME_CASUAL"
""com.gimica.puzzlepopblaster","Puzzle Pop Blaster","GAME_CASUAL"
""com.Seriously.BestFiends","Best Fiends - Match 3 Puzzles","GAME_CASUAL"
""com.rhythm.hop.tiles.ball.music.game","Rhythm Hop 3D: Ball Music Game","GAME_CASUAL"
""com.doll.fashion.anime.dressing.up","Anime Dress Up - Doll Dress Up","GAME_CASUAL"
""com.superbox.aos.suikagame","Melon Maker : Fruit Game","GAME_CASUAL"
""com.MoneyBingo.LuckyRewards.CashGame.BigWinner","Money Bingo-Huge Real Cash Out","GAME_CASUAL"
""com.RedLineGames.Game49","Ice Cream Inc. ASMR, DIY Games","GAME_CASUAL"
""com.bravestars.dressup.diy.paper.doll","Paper Doll: Fashion Dress Up","GAME_CASUAL"
""com.xgame.newglobal.na.gp","Hero Clash","GAME_CASUAL"
""com.bricksball.journey.gp","Bricks Ball Journey","GAME_CASUAL"
""com.gimica.madsmash","Mad Smash","GAME_CASUAL"
""com.supercell.hayday","Hay Day","GAME_CASUAL"
""com.match.hollywood","Hollywood Crush: Match3 puzzle","GAME_CASUAL"
""com.gimica.ballbounce","Ball Bounce","GAME_CASUAL"
""com.dp.hidden.objects","Hidden Objects: Find It!","GAME_CASUAL"
""com.QSSUMSTUDIO.QSWaterMelon","QS Monkey Land : Fruit Merge","GAME_CASUAL"
""com.outfit7.talkingtom","Talking Tom Cat","GAME_CASUAL"
""com.bounce.ball2048","Bounce Merge","GAME_CASUAL"
""com.falcon.p.fun.playergames.redblue","Duel Masters: Player Challenge","GAME_CASUAL"
""com.tapblaze.pizzabusiness","Good Pizza, Great Pizza","GAME_CASUAL"
""com.xxzhz.tlad.nasa","Epic War-Aim and Throw","GAME_CASUAL"
""com.screw.away.pin.puzzle.and","Screw Away: 3D Pin Puzzle","GAME_CASUAL"
""com.dream.house.design.makeover.match","Dream House Design: Tile Match","GAME_CASUAL"
""com.onetgirls.game","Onet Girls - Match Girl Game","GAME_CASUAL"
""com.princess.makeup.dress.up.littlegirl","Little Princess Dress Up","GAME_CASUAL"
""com.obg.shape.shift.race.master.shape.shifting.tranform.race.shapeshifting","Shape Transform: Shifting Car","GAME_CASUAL"
""com.cookie.match3.casual","Dream Family - Match 3 Games","GAME_CASUAL"
""com.talkingjuan.trollcat.happyjuan","Talking Juan - Troll Juan","GAME_CASUAL"
""digital.vim.conveyorrush","Conveyor Rush: Idle Food Games","GAME_CASUAL"
""com.arkgame.fishingmaster","Fishing Master","GAME_CASUAL"
""com.CoralGame.PocketDiver","Pocket Diver: Fishing Game","GAME_CASUAL"
""com.gameloft.android.ANMP.GloftPOHM","My Little Pony: Magic Princess","GAME_CASUAL"
""com.Nokobot.FrozenHoneyASMR","Frozen Honey ASMR","GAME_CASUAL"
""com.sunshine.power","Sunshine Power","GAME_CASUAL"
""com.toilet.rush.to.home","Rush To Home","GAME_CASUAL"
""com.higame.par.fashion.famous.blox","Famous Blox Show: Fashion Star","GAME_CASUAL"
""com.idle.island.builder","Idle Island Builder","GAME_CASUAL"
""com.mergegame.merge","Merge Inn - Cafe Merge Game","GAME_CASUAL"
""com.triple.match3d.family","Match Family: Triple Match 3D","GAME_CASUAL"
""com.actionfit.blockcat","Box Cat Jam : Block Match","GAME_CASUAL"
""com.paper.princess.dress.up.games","Paper Princess - Doll Dress Up","GAME_CASUAL"
""com.whitedot.fg2","Fish Go.io 2","GAME_CASUAL"
""smellymoo.sand","sand:box","GAME_CASUAL"
""com.WildWorks.RyansTag","Tag with Ryan","GAME_CASUAL"
""com.gamoper.candysweetstory.free","Candy Pop Story : Match 3","GAME_CASUAL"
""com.dop4.love.puzzle","DOP Fun: Delete One Part","GAME_CASUAL"
""com.girlfriend.runner.game","Good or Bad Girlfriend Run","GAME_CASUAL"
""com.mysterytag.berryfactory","Berry Factory Tycoon","GAME_CASUAL"
""com.ball.drop.dash","Ball Drop Dash","GAME_CASUAL"
""com.relax.tile.story","Tile Story","GAME_CASUAL"
""sand.box.sandbox.particle.sandbox","SandBox: Powder Simulator","GAME_CASUAL"
""com.action.chargepunch","Punchy Guy: Punch Hero Fight","GAME_CASUAL"
""com.nordcurrent.happyclinicf2p","Happy Clinic: Hospital Game","GAME_CASUAL"
""com.BeautifullyMadeGames.ThePresident","The President","GAME_CASUAL"
""me.eladga.memesoundboard","Meme Soundboard 2024 Ultimate","GAME_CASUAL"
""com.Playflame.Grabber","Grabber Master","GAME_CASUAL"
""com.ice.ball.snow.race","Snow Race 3D: Fun Racing","GAME_CASUAL"
""com.game.android.weaponmaster","Weapon Master: Backpack Battle","GAME_CASUAL"
""com.gi.talkinggummybear","Talking Gummy Bear Kids Games","GAME_CASUAL"
""com.packadom.cansyummy","Pack The Cans","GAME_CASUAL"
""com.casualjoygames.projectmatch","Project Match: ASMR Salon","GAME_CASUAL"
""com.wannaplay.giantcrush","Kick Giant: Giant Hunter","GAME_CASUAL"
""com.MelsoftGames.FamilyIslandFarm","Family Island™ — Farming game","GAME_CASUAL"
""com.game.foj_android","Find Hidden Objects: Tidy up","GAME_CASUAL"
""com.GingGames.Lazy","Grab Master!","GAME_CASUAL"
""com.bravestars.merge.master.spongebob","Merge Master: Monster Battle","GAME_CASUAL"
""com.unicostudio.braintestlegacy","Brain Test All-Star: IQ Boost","GAME_TRIVIA"
""com.unicostudio.braintest","Brain Test: Tricky Puzzles","GAME_TRIVIA"
""com.trivia.star.android","TRIVIA STAR Quiz Games Offline","GAME_TRIVIA"
""dev.minis.popcorn","Mindblow: Guess the Word!","GAME_TRIVIA"
""com.mnogogames.triviascapes","Triviascapes: trivia & IQ test","GAME_TRIVIA"
""com.art.pixel.black.girl.games.paint.color.by.numbers","Black Color Paint By Number","GAME_TRIVIA"
""com.xmonetize.quizzland","QuizzLand. Quiz & Trivia game","GAME_TRIVIA"
""com.fun.frenzy.trivia.android","Fun Frenzy Trivia Play Offline","GAME_TRIVIA"
""com.unicostudio.braintest4","Brain Test 4: Tricky Friends","GAME_TRIVIA"
""com.unicostudio.braintest2new","Brain Test 2: Tricky Stories","GAME_TRIVIA"
""bible.trivia.quiz.question.answer.spelling.correct.knowledge.test.game","Bible Trivia - Word Quiz Game","GAME_TRIVIA"
""com.tile.onet.match.connect.puzzle.gp","Supreme Onet - Tile Match Puz","GAME_TRIVIA"
""com.etermax.preguntados.lite","Trivia Crack: Fun Quiz Games","GAME_TRIVIA"
""com.funcraft.triviamasters","Trivia Tower - Trivia Game","GAME_TRIVIA"
""com.trivia.knowledgeispower","Power Of Knowledge : Trivia","GAME_TRIVIA"
""com.zd.answer","Trivia Crush","GAME_TRIVIA"
""com.gimica.triviamadness","Trivia Madness","GAME_TRIVIA"
""trivia.master.question.quiz.answer.crack.star.millionaire.free.knowledge","Trivia Master - Word Quiz Game","GAME_TRIVIA"
""tv.telescope.onepercentclub.us","The 1% Club TV","GAME_TRIVIA"
""com.fanatee.keep","Everyday Puzzles: Mini Games","GAME_TRIVIA"
""word.riddles.guess.brain.test.tricky.puzzle.quiz.game.free","Word Riddles - Offline Word Ga","GAME_TRIVIA"
""movie.trivia.film.quiz.guess.star.question.answer.knowledge.test.game","Movie Trivia - Quiz Puzzle","GAME_TRIVIA"
""com.severex.trivia.quiz.brain.puzzle","Brain Blitz Trivia－Quiz Test","GAME_TRIVIA"
""com.bigc.daily.jigsaw.puzzles","Daily Jigsaw Puzzles","GAME_TRIVIA"
""typing.fast.texting.practice.keybord.type.games","Type Sprint: Typing Games","GAME_TRIVIA"
""com.logoquiz.triviagame","Logo Quiz - World Trivia Game","GAME_TRIVIA"
""com.tellmewow.senior.wheel.fortune","Wheel of Fame - Guess words","GAME_TRIVIA"
""com.qoni.guesstheiranswer","Guess Their Answer - IQ Games","GAME_TRIVIA"
""com.art.pixel.chill.hobby.games.paint.color.by.numbers","Chill Color By Number Game","GAME_TRIVIA"
""com.daily.bible.trivia.android","Daily Bible Trivia Bible Games","GAME_TRIVIA"
""com.nuomondo.millionaire.quiz","Millionaire - Quiz & Trivia","GAME_TRIVIA"
""com.umi.feudlive","Family Feud® Live!","GAME_TRIVIA"
""com.unicostudio.popularwords","Popular Words: Family Game","GAME_TRIVIA"
""com.niceteen.games.dtbam","Deal To Be A Millionaire","GAME_TRIVIA"
""com.geoguessr.app","GeoGuessr","GAME_TRIVIA"
""com.etermax.trivia.preguntados2","Trivia Crack 2","GAME_TRIVIA"
""com.sonypicturestelevision.millionaire","Official Millionaire Game","GAME_TRIVIA"
""com.JaddZayed.GuessTheDrawing","Guess The Drawing","GAME_TRIVIA"
""topgame.wondertile.com","Wonder Tile","GAME_TRIVIA"
""com.sonypicturestelevision.jeopardy2","Jeopardy!® Trivia TV Game Show","GAME_TRIVIA"
""com.prodege.swagiq","Swagbucks Trivia for Money","GAME_TRIVIA"
""com.RealMoneyBingo.WinCashRewards.BountyGam","Las Vegas Bingo-win real cash","GAME_TRIVIA"
""com.sporcle.party","Sporcle Party: Social Trivia","GAME_TRIVIA"
""com.unicostudio.braintest3","Brain Test 3: Tricky Quests","GAME_TRIVIA"
""com.word.guess.pixelphrase","PixelPhrase ™ Pics & Word Game","GAME_TRIVIA"
""com.randomlogicgames.triviagame","Trivia Night","GAME_TRIVIA"
""com.bornstarsoft.wordkpopsearch","Word Kpop Search","GAME_TRIVIA"
""com.nixgames.truthordare","Truth or Dare","GAME_TRIVIA"
""games.elia.logosound","Jingle Quiz: logo music trivia","GAME_TRIVIA"
""com.wallpaper4d.parallax4d.pixel3d.topwallpapers.best.live.wallpaper.video.clock.camera.hdwallpapers.free.pro","Listenary-Enjoy AudioBooks","GAME_TRIVIA"
""com.flags.quiz.trivia","Flags Quiz - Guess The Flag","GAME_TRIVIA"
""games.elia.peoplesay","People Say - Family Game","GAME_TRIVIA"
""com.whoisit.celebquiz","Who is it? Celeb Quiz Trivia","GAME_TRIVIA"
""io.gartic.Gartic","Gartic.io - Draw, Guess, WIN","GAME_TRIVIA"
""com.fortune.phrases.android","Trivia Puzzle Fortune Word Fun","GAME_TRIVIA"
""com.brain.game.word.quiz","Acertijo Mental: Brain Games","GAME_TRIVIA"
""com.asmolgam.flags","Flags of All World Countries","GAME_TRIVIA"
""com.unicostudio.whois","Who is? Brain Teaser & Riddles","GAME_TRIVIA"
""com.erudite.trivia.brain.quiz.mind.game","Erudite: Trivia Game & Quiz","GAME_TRIVIA"
""com.partylabapp","Exposed: Party Lab Edition","GAME_TRIVIA"
""com.ncm.noovietrivia","Noovie Trivia","GAME_TRIVIA"
""com.submarineapps.mill","Millionaire 2024: Trivia Game","GAME_TRIVIA"
""com.tellmewow.senior.attention","Train your Brain - Attention","GAME_TRIVIA"
""com.vgames.thefallingball","The Falling Ball Game","GAME_TRIVIA"
""com.rg.crazy.lava.gorilla.kaiju.tap","Gorilla tag Chase vs Godzilla","GAME_TRIVIA"
""com.xternity.triviawheel","Trivia Match - Quiz Game","GAME_TRIVIA"
""tr.com.apps.how.many","How Many - Trivia Game","GAME_TRIVIA"
""quess.song.music.pop.quiz","Guess The Song - Music Quiz","GAME_TRIVIA"
""game.million.trivia.top.com","Million Trivia","GAME_TRIVIA"
""com.age.usa.appspot","USA Geography - Quiz Game","GAME_TRIVIA"
""com.sporcle.geneva","Sporcle","GAME_TRIVIA"
""com.unicostudio.popularwords2","Popular Words 2: Trivia Quiz","GAME_TRIVIA"
""com.vgames.millionairegoldendeal","Million Golden Deal Game","GAME_TRIVIA"
""co.palang.QuizOfKingss","Quiz Of Kings: Trivia Games","GAME_TRIVIA"
""com.fyf.mysterygame","Face your fear! Mystery game","GAME_TRIVIA"
""com.clappy.millionairetrivia","Trivia Game: Millionaire Quiz","GAME_TRIVIA"
""com.freshplanet.games.SongPop3","SongPop® - Guess The Song","GAME_TRIVIA"
""com.qbis.guessthecountry","World Map Quiz","GAME_TRIVIA"
""com.iq.test.maths.intelligence.logic.iqtest","IQ Test: Logic brain training","GAME_TRIVIA"
""com.football.quiz.trivia","Football Quiz! Ultimate Trivia","GAME_TRIVIA"
""smartowlapps.com.quiz360","TRIVIA 360: Quiz Game","GAME_TRIVIA"
""com.diacoipj.picopool","پیکوپول بازی حدس تصویر آنلاین‎","GAME_TRIVIA"
""com.cadev.presstheluck","Push The Luck","GAME_TRIVIA"
""com.scholarr.sciencexplore","ScienceSprint","GAME_TRIVIA"
""com.zoomquiz.guessit","Guess it! Zoom Pic Trivia Game","GAME_TRIVIA"
""com.vns.three.quiz.logo.quiz.flag.quiz.capital.quiz","3in1 Quiz : Logo-Flag-Capital","GAME_TRIVIA"
""com.tableknightgames.barraalsalfah","Barrah Alsalfah","GAME_TRIVIA"
""com.oldfashiongames.intobackrooms","Into The Backrooms","GAME_TRIVIA"
""com.biblestudios.bibletrivia","Daily Bible Trivia: Quiz Games","GAME_TRIVIA"
""com.wordsearch.connections","Connections - Word Puzzle Game","GAME_TRIVIA"
""com.asmolgam.states","50 US States - American Quiz","GAME_TRIVIA"
""com.conwov.sneakerpacks","Boxed Up - The Sneaker Game","GAME_TRIVIA"
""com.qiiwi.backpacker","Backpacker™ Travel Quiz Trivia","GAME_TRIVIA"
""com.unlockingplay.ballspath","Ball's Path","GAME_TRIVIA"
""com.abocado.abocado","Vanished Anniversary","GAME_TRIVIA"
""com.lotum.quizplanet","Quiz Planet","GAME_TRIVIA"
""faceoff.app","Faceoff - Song Quiz","GAME_TRIVIA"
""com.VorensStudios.WouldYouRather","Would You Rather","GAME_TRIVIA"
""game.mind.teaser.smartbrain","Smart Brain: Mind-Blowing Game","GAME_TRIVIA"
""mobi.traplab.carsquiz","Cars Quiz 3D","GAME_TRIVIA"
""com.playmania.logomania","LogoMania: Quiz Trivia Game","GAME_TRIVIA"
""com.free.cp.bundle.freecp.cpquizforcod","CP Points Quiz 2023","GAME_TRIVIA"
""com.raci.moviequizandwatchlist","Movie Quiz","GAME_TRIVIA"
""ru.foxyface.vulgarity","Vulgarity test","GAME_TRIVIA"
""com.magmic.android.squash","Scattergories","GAME_TRIVIA"
""com.timleg.quiz","General Knowledge Quiz","GAME_TRIVIA"
""com.one.second.guess.music.quiz.trivia.game","One: Trivia Music Guess Logo","GAME_TRIVIA"
""com.arabvia.game","Arabvia","GAME_TRIVIA"
""com.gamesorbit.airplane.flight.simulator","Airplane Simulator Plane Games","GAME_TRIVIA"
""com.tatweerlab.challengeof30","تحدي الثلاثين ثانية","GAME_TRIVIA"
""ir.unides.khastegari","خواستگاری","GAME_TRIVIA"
""com.sfantasticgames.obbystinkydetention","Mr Obby's Detention","GAME_TRIVIA"
""com.happyverse.spellinggame","Spelling Bee: Spelling Quiz","GAME_TRIVIA"
""com.us.wouldyourather.game","Would You Rather?","GAME_TRIVIA"
""app.playandwinapp.com","Play and Win-Win Cash Prizes!","GAME_TRIVIA"
""com.sfantasticgames.obbyschoolbreakout","Obby School Breakout","GAME_TRIVIA"
""macrostudios.howwelldoyouknowme","How Well Do You Know Me?","GAME_TRIVIA"
""dh3games.doeshelikeme","Does He Like Me?","GAME_TRIVIA"
""puzzle.brain.games.brain.test.brain.out","Brain Tricks: Brain Games","GAME_TRIVIA"
""com.save.the.doggy.puzzle.doge.fungame","Save the Doggy: Draw to Rescue","GAME_TRIVIA"
""com.ohmgames.geofinder","Trivia Planet!","GAME_TRIVIA"
""com.etermax.trivialadder","Adventure Trivia Crack","GAME_TRIVIA"
""com.tellmewow.senior.memory","Train your Brain. Memory Games","GAME_TRIVIA"
""com.geomatey.android.flagtrainer","Country Flags: Geography Quiz","GAME_TRIVIA"
""dh3games.areyousmarterthana5thgrader","5th Grader Quiz: Are You Smart","GAME_TRIVIA"
""com.algame.app.logoquiz","Logo Quiz:Guess Brand Game","GAME_TRIVIA"
""com.triviabar.app","The Trivia Bar","GAME_TRIVIA"
""com.severex.quiz.trivia.riddles.puzzles","Trivia Spin－Guess Brain Quiz","GAME_TRIVIA"
""com.kingim.celebquiz","Guess the Celebrities","GAME_TRIVIA"
""com.questiongames.trivia","Trivia Games: Millionaire Quiz","GAME_TRIVIA"
""com.hussaintt55.genius","العباقرة - لعبة ذكاء و تحدي","GAME_TRIVIA"
""com.PixelRelic.truebffs","BFF Test - Friendship Test","GAME_TRIVIA"
""com.drop.frenzy.bubbly","Bubble Shooter","GAME_TRIVIA"
""lemmingsatwork.quiz","Quiz: Logo game","GAME_TRIVIA"
""com.and.my.projectmatch3.candy","Project Match3","GAME_TRIVIA"
""com.kolmogames.logoquiz","Logo Quiz: Guess the Brand!","GAME_TRIVIA"
""com.sayoo.challenge","QuizUp 2","GAME_TRIVIA"
""com.sfantasticgames.escapebobby","Escape Giant Obby","GAME_TRIVIA"
""com.tvy.bingolive.online","Bingo Live: Online Bingo Games","GAME_TRIVIA"
""com.pblu.wouldyourather","Would You Rather ?","GAME_TRIVIA"
""by.panko.wherelogic","Where Logic?","GAME_TRIVIA"
""tr.com.apps.trivia.race","Trivia Race 3D - Guess Quizup","GAME_TRIVIA"
""com.taladevs.guess.jujutsu","JJK - Guess the Character","GAME_TRIVIA"
""com.whidev.mapgame","MapGame","GAME_TRIVIA"
""com.roth.scharade_andiestirnundlos_raten","Charade explain, guess and win","GAME_TRIVIA"
""com.amientertainment.TapTVController","Tap TV","GAME_TRIVIA"
""com.fullfat.textordie","Text or Die","GAME_TRIVIA"
""cloudtree.farsi.persian.word.game","سرهمبندی: بازی فکری حدس کلمات","GAME_TRIVIA"
""com.dev.geoquizworld","GeoQuiz","GAME_TRIVIA"
""com.aesthetiqore.nhie","Never Have I Ever: Dirty Party","GAME_TRIVIA"
""com.pictolinegames.dilemo","Dilemo","GAME_TRIVIA"
""com.atomiclocs.love.test","Real Love Test","GAME_TRIVIA"
""com.buzztime.go","Buzztime Trivia","GAME_TRIVIA"
""com.age.wgg.appspot","World Geography - Quiz Game","GAME_TRIVIA"
""macrostudios.guessmynickname","Find Your Nickname","GAME_TRIVIA"
""com.scholarr.sports.quiz.trivia","Sports Trivia Champ","GAME_TRIVIA"
""com.NixStudios.WizardingPersonalityQuiz","Potter Personality Quiz","GAME_TRIVIA"
""dh3games.wouldyourather","Would You Rather Choose?","GAME_TRIVIA"
""com.age.math.appspot","Math - Quiz Game","GAME_TRIVIA"
""com.MGX.FKRwKDR","حلها عالماشي - اختبر ثقافتك","GAME_TRIVIA"
""org.adventist.heroes.ii","Bible Trivia Game: Heroes","GAME_TRIVIA"
""us.christiangames.bibletrivia","Bible Trivia","GAME_TRIVIA"
""com.etermax.triviagameshow","Deluxe","GAME_TRIVIA"
""com.knowledgequizgames.justriddles","Riddles Test - 500 Brain Games","GAME_TRIVIA"
""com.adeeb.partygames","لمة | ألعاب جماعية","GAME_TRIVIA"
""com.xinora.charadasadivinalapalabra","Charades Guess the Word","GAME_TRIVIA"
""com.freeajib.irbahjawahir","اجب و اربح مجوهرات فاير","GAME_TRIVIA"
""com.find.out.hidden.objects.puzzle.scavenger.hunt","Spot It - Find Hidden Objects","GAME_TRIVIA"
""com.vgames.dealmaster","Deal Master: Million Deal","GAME_TRIVIA"
""com.alexander_menjivar.Cuanto_Sabes_de_la_Biblia","Cuanto Sabes de la Biblia","GAME_TRIVIA"
""com.qbisstudio.usaquiz","USA Quiz","GAME_TRIVIA"
""com.whowants.tobear","Who Wants to be a Rich","GAME_TRIVIA"
""com.mggam.word.cross","Word Scramble","GAME_TRIVIA"
""com.bedrill.quiz.logo.world","Logo Quizzes World Trivia Game","GAME_TRIVIA"
""com.connectionsunlimited.Pokedoku","Pokedoku Unlimited","GAME_TRIVIA"
""com.action.atv.quadbike.race.free.games","ATV Quad Bike Race ATV Offroad","GAME_TRIVIA"
""com.benjaminwidawski.loldle","LoLdle Official","GAME_TRIVIA"
""com.nixstudios.taylorswifttrivia","Taylor Swift Trivia Quiz","GAME_TRIVIA"
""com.emojiquiz.trivia","Emoji Quiz - Guess the Emojis","GAME_TRIVIA"
""com.mystory.library","Mystory-Read Fantasy Fictions","GAME_TRIVIA"
""com.diacoipj.QDay","QDay جایزه نقدی‎ | کیودی بازی ","GAME_TRIVIA"
""nl.mobles.GuessTheSpot","Guess the Spot - GeoGuess Game","GAME_TRIVIA"
""logo.quiz.guess.movie","Guess The Movie Quiz","GAME_TRIVIA"
""com.cadev.pressyouluck","Press Your Luck","GAME_TRIVIA"
""com.certaingames.logogamequiz","Logo Quiz Game","GAME_TRIVIA"
""com.fps.shooting.counterattack.commandomissiongames","Commando Gun Shooting Games 3D","GAME_TRIVIA"
""logos.quiz.companies.game","Logo Quiz","GAME_TRIVIA"
""com.tableknightgames.JawabakJawabahom","Jawabak Jawabahom","GAME_TRIVIA"
""com.goxal.eighties","80's Quiz Game","GAME_TRIVIA"
""com.joiastudios.logoquiz","Logo Quiz 2024 – Brand Trivia","GAME_TRIVIA"
""us.christiangames.trueorfalse","Daily Bible Trivia Bible Games","GAME_TRIVIA"
""borralloespinarrafael.kissmarrycrucio","Kiss Marry Crucio Harry Wizard","GAME_TRIVIA"
""com.onehundredpics.onehundredpicsquiz","100 PICS Quiz - Logo & Trivia","GAME_TRIVIA"
""com.scholarr.areyousmartquiz","Are U smarter than 6th grader?","GAME_TRIVIA"
""com.tellmewow.senior.visuospatial","Train your Brain. Visuospatial","GAME_TRIVIA"
""com.danpanichev.animedate","Smash or Pass Anime Game","GAME_TRIVIA"
""live.bunch.bunchparty","Bunch Party","GAME_TRIVIA"
""ir.shahab_zarrin.quiz","کوییز - بازی اطلاعات عمومی","GAME_TRIVIA"
""com.b_gems.quiz_plus","Gems Math Quiz - Plus","GAME_TRIVIA"
""com.plus9.shahrbanoo","شهربانو - بازی فکری و معمایی","GAME_TRIVIA"
""easy.launcher","Easy Homescreen","PERSONALIZATION"
""com.art.cool.wallpapers.themes.background","Cool Fonts Keyboard & Themes","PERSONALIZATION"
""com.clean.fast.launcher","Fast Launcher","PERSONALIZATION"
""com.applock.launcher","Shield: Antivirus Home Screen","PERSONALIZATION"
""net.zedge.android","Zedge™ Wallpapers & Ringtones","PERSONALIZATION"
""com.voicechanger.voiceeffect.audiorecorder.funnysound","Voice Changer & Sound Effects","PERSONALIZATION"
""com.bigkeyboardeasylauncher.biggerkeybuttonandroidlauncherapp","Big Keyboard: Easy Launcher","PERSONALIZATION"
""com.iconchanger.widget.theme.shortcut","Themepack - App Icons, Widgets","PERSONALIZATION"
""com.simejikeyboard","Facemoji AI Emoji Keyboard","PERSONALIZATION"
""com.tools.control.center.simplecontrol","Control Center Simple","PERSONALIZATION"
""com.swedai.ai.wallpapers.art.background.anime_wallpaper.aiphoto","4K Wallpapers - Live Wallpaper","PERSONALIZATION"
""com.ikeyboard.theme.neon.love","Neon Love Theme","PERSONALIZATION"
""com.babydola.launcherios","Launcher OS","PERSONALIZATION"
""yoshion.pictures.jigsaw","Yoshion - Pic Collage Maker","PERSONALIZATION"
""co.wl.aaghaz","4K WallpaperX Pro","PERSONALIZATION"
""com.bestapp.entertainment.ringsfree","Android Ringtone Songs","PERSONALIZATION"
""com.flashkeyboard.leds","LED Keyboard: Colorful Backlit","PERSONALIZATION"
""com.atlantis.launcher","DNA Launcher","PERSONALIZATION"
""com.uxto.gcd","Greeting Card Design","PERSONALIZATION"
""com.ikeyboard.theme.pinkcutehippo","Pink Cute Hippo Theme","PERSONALIZATION"
""us.current.android","Make Money: Play & Earn Cash","PERSONALIZATION"
""com.handy.finder.hf","Handy Finder","PERSONALIZATION"
""com.claptofind.phone.find.lostphone.by.clap.whistle","Find My Phone By Clap, Whistle","PERSONALIZATION"
""com.emojimaker.emoji.sticker.mix","Emoji Maker: DIY Emoji Merge","PERSONALIZATION"
""com.themekit.widgets.themes","ThemeKit - Themes & Widgets","PERSONALIZATION"
""com.lutech.phonefinder","Find My Phone by Clap or Flash","PERSONALIZATION"
""com.launcher.light.theme3d","Live Launcher Lite-3Dwallpaper","PERSONALIZATION"
""com.bigsoft.clap.myphone","Find Phone by Clap, Whistle","PERSONALIZATION"
""id.highfivestudio.stitchbluekoala","Cute Blue Koala Wallpaper HD","PERSONALIZATION"
""com.themekit.lite.widgets.themes","ThemePro - Widget & Wallpaper","PERSONALIZATION"
""cool.fonts.symbol.keyboard.custom.fancy.text.editor","Fonts Art: Cute Keyboard Font","PERSONALIZATION"
""bitpit.launcher","Niagara Launcher ‧ Home Screen","PERSONALIZATION"
""com.calltheme.colorcall.callscreen.calleffect.callflash","Color Call Theme, Call Screen","PERSONALIZATION"
""com.esame.phonefinder","Find Phone by Clap, Whistle","PERSONALIZATION"
""com.lutech.doorlock","Zipper Lock Screen Wallpapers","PERSONALIZATION"
""ring.sillysmiles.livewallpaper","Silly Smiles Live Wallpaper","PERSONALIZATION"
""com.animewallpapers4K.STUDIOLOVE","Anime Wallpapers 4K Live","PERSONALIZATION"
""com.battery.charging.animation.screen","Battery Charging Animation App","PERSONALIZATION"
""com.productivity.iconlauncher.themepack","Icon Pack: Theme, Icon Changer","PERSONALIZATION"
""com.findmyphone.clap.finder.lostphone.whistle","Clap to Find My Phone, Whistle","PERSONALIZATION"
""fire.wallpaper.live.keyboard.lone.wolf","Fire Wallpaper Theme Lone Wolf","PERSONALIZATION"
""com.phonefinder.byclap.findphone","Find my Phone - Clap, Whistle","PERSONALIZATION"
""com.doprotectme","Protect Me","PERSONALIZATION"
""qaz.sillysmiles.livewallpapers","Silly Smiles Live Wallpapers","PERSONALIZATION"
""com.remi.keyboard.keyboardtheme","Keyboard Maker: Keyboard Theme","PERSONALIZATION"
""com.wallpaperscraft.wallpaperscraft_parallax","Parallax: 4K 3D Live Wallpaper","PERSONALIZATION"
""com.higame.par.create.emoji.maker.mixer","Emoji Design: Sticker Maker","PERSONALIZATION"
""com.colorphone.flashalert.ringtones.callscreen.colorflashcall","Call Screen & Ringtones Music","PERSONALIZATION"
""com.ezt.lockscreen.draw","Lockscreen Drawing","PERSONALIZATION"
""com.lutech.lockscreencustomizer","Zipper Lock Screen - Zip Lock","PERSONALIZATION"
""com.fc.p.bk.wifi.passwordshow.wifimaster.wifikey","Wifi Password Show: Master Key","PERSONALIZATION"
""com.findphone.byclapping.finder","Clap to Find Phone with Flash","PERSONALIZATION"
""com.lutech.theme","Themes - Wallpapers & Widgets","PERSONALIZATION"
""com.dosecureme","Protect Me Lite","PERSONALIZATION"
""com.battery.theme.charging","Battery Charging Theme","PERSONALIZATION"
""com.screen.hipsters.re","Screen hipsters:wallpaper HD","PERSONALIZATION"
""com.tools.animation.batterycharging.chargingeffect","Battery Charging Animation","PERSONALIZATION"
""com.wallpaper.express.daily","Cute Wallpapers Cool Wallpaper","PERSONALIZATION"
""com.findmyphone.trackmyphone.phonelocator","Find My Phone: Phone Locator","PERSONALIZATION"
""com.teslacoilsw.launcher","Nova Launcher","PERSONALIZATION"
""com.shield.guard","Shield Guard","PERSONALIZATION"
""com.mhlhdmi.two","USB Screen Share - Phone to TV","PERSONALIZATION"
""com.batterycharging.artcharginganimation.chargermaster","Set Battery Charging Animation","PERSONALIZATION"
""com.ringtoneapp.bestringtone.ringtonesfree","Ringtone App For Android","PERSONALIZATION"
""com.ezworldapp.fluidwallpaper","Magic Fluid: 4D Live Wallpaper","PERSONALIZATION"
""com.capp.wallpp4k.hd","4K Wallpaper - HD Backgrounds","PERSONALIZATION"
""com.shanga.walli","Walli - Stunning Wallpapers","PERSONALIZATION"
""com.fontkeyboard.fonts","Font Keyboard: Text Fonts+","PERSONALIZATION"
""com.lovetender.lovelylanguage.flowerlanguage","FloraSpeak - Lovely Language","PERSONALIZATION"
""com.mediapro.entertainment.freeringtone","Music ringtones for android","PERSONALIZATION"
""livewallpaper.transparent.transparentscreen.edgelighting.digitalclock","Camera Wallpaper Transparent","PERSONALIZATION"
""com.widgetkit.widget.theme.wallpaper.icon.sceen.scape","WidgetKit - Themes&Pet Widget","PERSONALIZATION"
""com.lockscreendrawing.lockscreendraw.drawonlockscreen","Skizz - Lockscreen Drawing","PERSONALIZATION"
""com.touchtype.swiftkey","Microsoft SwiftKey AI Keyboard","PERSONALIZATION"
""com.texting.chatting.homescreen","Connect SMS Home Screen","PERSONALIZATION"
""com.eco.iconchanger.themes","Theme, Widget & Icon changer","PERSONALIZATION"
""com.bblab.time_lockscreen.gesture_lockscreen","Gesture Guard: Screen Lock","PERSONALIZATION"
""hd.uhd.live.wallpapers.topwallpapers","Live Wallpapers, 4K Wallpapers","PERSONALIZATION"
""com.live.fluidwallpaper.magicapp.simulator","4D Wallpaper: Fluid Simulation","PERSONALIZATION"
""com.lbe.parallel.intl","Parallel Space - app cloning","PERSONALIZATION"
""hdwallpaperthemes.dont.touch.my.phone.lockscreen.wallpapers","Don't touch my phone wallpaper","PERSONALIZATION"
""com.coolguy.desktoppet","Pixel Shimeji - Desktop Pet","PERSONALIZATION"
""com.wave.keyboard.theme.fishtankanimatedkeyboard","3D Fish Tank Live Wallpaper","PERSONALIZATION"
""com.wallpaper.parallax.pro","3D Wallpaper Live Parallax","PERSONALIZATION"
""com.an.wifipasswordviewer.wifiqr.wifimap","Show Wifi Password - Wifi Key","PERSONALIZATION"
""livewallpaper.wallpapers.animewallpaper","Live Wallpaper - 4K Background","PERSONALIZATION"
""com.themenotion.icon.widgets","Theme App","PERSONALIZATION"
""com.filmfolio.filmfolio","FilmFolio","PERSONALIZATION"
""fonts.keyboard.fontboard.stylish","Fonts Keyboard Themes & Emoji","PERSONALIZATION"
""com.pixelkraft.edgelightcolors","EDGE Lighting -LED Borderlight","PERSONALIZATION"
""com.clap.find.phone.find.lostphone.by.clap","Find My Phone By Clap, Whistle","PERSONALIZATION"
""com.fontskeyboard.fonts","Fonts Keyboard","PERSONALIZATION"
""com.wuz3470z.characterpro","Character.Me: AI Roleplay Chat","PERSONALIZATION"
""com.glitter.sparkle.diamond.wallpapers.backgrounds.uhd4k","Glitter Wallpaper","PERSONALIZATION"
""aquarium.live.wallpaper.keyboard","Aquarium 3D Live Wallpaper 4K","PERSONALIZATION"
""com.flowerlanguage.keyboard.emoji.font","Flower Language Keyboard","PERSONALIZATION"
""widgetheme.icon.wallpaper.widgetsart","Widgets Art - Wallpaper, Theme","PERSONALIZATION"
""com.launcher.launcher2022","Launcher OS 2024: Fast & Clean","PERSONALIZATION"
""com.wallpaperapp.transparentapp.live.transparent","Transparent & Live Wallpaper","PERSONALIZATION"
""yuh.yuh.finelock","Fine Lock (only for Samsung)","PERSONALIZATION"
""themify.aesthetic.themes.widget.wallpaper.app.icon.changer.pack","Themify: Theme & Icon Changer","PERSONALIZATION"
""helectronsoft.com.live.wallpaper.pixel4d","Pixel 4D™ Live Wallpapers","PERSONALIZATION"
""com.zappcues.gamingmode","Gaming Mode - Game Booster PRO","PERSONALIZATION"
""com.findmyphone.by.clapfinder.lostphone","Phone Finder by Clap & Whistle","PERSONALIZATION"
""com.wifianalyzer.wifispotsmater.wifipasswordkey","WiFi Password Show: Key Master","PERSONALIZATION"
""com.azmobile.fluidwallpaper","Fluid Magic: 3D Live Wallpaper","PERSONALIZATION"
""ginlemon.flowerfree","Smart Launcher 6","PERSONALIZATION"
""com.lite.themes.wallpaper.icon","ThemeBox-wallpaper&widget","PERSONALIZATION"
""com.app.hdwallpaper.live.walls.background","4K Wallpaper & HD Backgrounds","PERSONALIZATION"
""com.jeremysteckling.facerrel","Facer Watch Faces","PERSONALIZATION"
""com.microsoft.launcher","Microsoft Launcher","PERSONALIZATION"
""com.lutech.callcolor","Color Phone Call Screen Theme","PERSONALIZATION"
""io.wallpaperengine.weclient","Wallpaper Engine","PERSONALIZATION"
""com.neon3d.mechanical.keyboard","Mechanical Keyboard: SwitchKey","PERSONALIZATION"
""com.xiaoyu.hlight","HappyLighting","PERSONALIZATION"
""com.luutinhit.launcherios","Launcher iOS 18","PERSONALIZATION"
""com.sm.mico","Mico - Widget & Wallpaper","PERSONALIZATION"
""com.thmobile.transparentwallpaper","Transparent Wallpaper","PERSONALIZATION"
""com.neupanedinesh.fonts.stylishletters","Letter Fonts - Stylish Text","PERSONALIZATION"
""com.tpas.neon.animals.wallpaper.moving.backgrounds","Moving Backgrounds 4k - WALLPS","PERSONALIZATION"
""com.azmobile.themepack","Themes: Widgets & Icon Changer","PERSONALIZATION"
""com.theme.wallpaper.widget","Themes-Wallpaper&Icons&Widgets","PERSONALIZATION"
""com.find.phone.by.clap.finder.lostphone.whistle.doubleclap","Find My Phone By Clap Whistle","PERSONALIZATION"
""com.wifianalyzer.showwifipassword.wifiqr.wifimaster.speedtest","Show Wifi Password: Wifi List","PERSONALIZATION"
""helectronsoft.com.grubl.live.wallpapers3d","GRUBL™ 4D Live Wallpapers + AI","PERSONALIZATION"
""com.wallpaperscraft.wallpaper","Wallcraft Cool 4K Wallpaper 4D","PERSONALIZATION"
""io.hexman.xiconchanger","X Icon Changer - Change Icons","PERSONALIZATION"
""com.digital.analog.antique.clockwally","Smart Watch - Clock Wallpaper","PERSONALIZATION"
""vault.gallery.lock","Photo Lock App - Hide Pictures","PERSONALIZATION"
""com.yandex.browser","Yandex Browser with Protect","PERSONALIZATION"
""org.artsplanet.android.cinnamonnewmemo","Notepad Cinnamoroll","PERSONALIZATION"
""com.digitalcosmos.shimeji","Shimeji","PERSONALIZATION"
""com.weathermode.weatherlauncherandroidapp","All Weather Mode: Weather Home","PERSONALIZATION"
""battle.royale.wallpapers.hd","Battle Royale Chapter 5 Mobile","PERSONALIZATION"
""com.glitter.aesthetic.wallpaper.girlywallpaper.livewallpaper.wallpapervideo","Aesthetic Wallpaper","PERSONALIZATION"
""com.lifestyle.neon.fonts.emojikeyboard","Fonts Keyboard: Themes & Emoji","PERSONALIZATION"
""art.widgeet.android","Widgeet - Color Widget","PERSONALIZATION"
""com.uniappscenter.lockscreen.ios.notification","Lock Screen OS 17","PERSONALIZATION"
""com.football4k.wallpaper","Football Wallpaper HD 4K","PERSONALIZATION"
""com.asianmobile.callcolor","Color Phone Call Screen App","PERSONALIZATION"
""com.findphone.clap.antitheft.donttouch.alarm","Find Phone Anti-theft No Touch","PERSONALIZATION"
""com.ultimate.charging.screen.effect","Ultimate Charging Animation","PERSONALIZATION"
""com.hd.live.wallpaper.hd.parallax","Wallpo: 3D live wallpaper","PERSONALIZATION"
""com.applabstudios.ai.mail.homescreen.inbox","AI Mail Home","PERSONALIZATION"
""com.emojimaker.funnyemoji.sticker.mixer","DIY Emoji: Funny Emoji Maker","PERSONALIZATION"
""com.google.android.apps.wallpaper","Wallpapers","PERSONALIZATION"
""com.alphazstudio.animewallpapers","Cool Anime Wallpapers 4K | HD","PERSONALIZATION"
""com.remi.widget","Widget 2024: Aesthetic Widgets","PERSONALIZATION"
""com.game.earn.job","Lucky Scratcher & Play Earn","PERSONALIZATION"
""hyde.android.launcher3","Hyde App Hider - Hide Apps","PERSONALIZATION"
""com.bgstudio.applock.photovault","App Lock : Fingerprint & Pin","PERSONALIZATION"
""coolfonts.app.cool.keyboards.icons.widgets.wallpapers.themes","Cool Fonts - Keyboard & Themes","PERSONALIZATION"
""com.finder.phone.by.clap.findphone.lostphone","Find My Phone by Clap, Flash","PERSONALIZATION"
""com.okappz.girlywallpapers","Cute Girly Wallpapers","PERSONALIZATION"
""io.iftech.android.box","Widget Lab:Wallpapers & Themes","PERSONALIZATION"
""freeringtonesforandroid.bestringtoneapp.ringtone","Ringtones songs - RingWall","PERSONALIZATION"
""com.watchfacestudio.v12","TOP GUN - hybrid watch face","PERSONALIZATION"
""com.soccer.ronaldo.wallpapers","Soccer Ronaldo wallpapers CR7","PERSONALIZATION"
""transparent.screen.livewallpaper.wallpaperhd","Transparent Live Wallpaper 8K","PERSONALIZATION"
""com.ilauncher.inoty.icenter.icontrol","Launcher iOS16 - iLauncher","PERSONALIZATION"
""com.wave.keyboard.theme.diamondanimatedkeyboard","Diamond Live Wallpaper HD","PERSONALIZATION"
""com.ikeyboard.theme.pink.rgb.heart","Pink RGB Heart Theme","PERSONALIZATION"
""cute.live.girly.glitter.wallpaper","Live Glitter Girly Wallpaper","PERSONALIZATION"
""com.tcm.laugh.sounds.ringtones.funysounds.tunes","Super Funny Ringtones & Sounds","PERSONALIZATION"
""com.an.livewallpaper.magicfluid.brokenscreen","Magic Wallpaper: Broken Screen","PERSONALIZATION"
""phone.speedup.cleanup","Cleanup Your Phone","PERSONALIZATION"
""com.magic.fluidwallpaper.livefluid","Magic Fluids: Fluid Wallpaper","PERSONALIZATION"
""com.fp.stickerbox","Sticker Box, WASticker Maker","PERSONALIZATION"
""org.kustom.widget","KWGT Kustom Widget Maker","PERSONALIZATION"
""com.tomer.alwayson","Always On AMOLED","PERSONALIZATION"
""com.magic.fluidwallpaper.livewallpaper","Magic Fluid live wallpaper 4D","PERSONALIZATION"
""cg.app.iconchanger","Fingerprint Live Animation","PERSONALIZATION"
""com.call.flash.colorphone.fast.callerscreen","Color Phone: Caller Screen App","PERSONALIZATION"
""com.ezwallpaper.zipper.lockscreen","Zipper Lock Screen - ZippyLock","PERSONALIZATION"
""com.goodwallpapers.phone_wallpapers","Beautiful wallpapers 4k","PERSONALIZATION"
""com.sparkine.muvizedge","Muviz Edge: AOD & Edge Lights","PERSONALIZATION"
""com.clockwallpaper.neonclock.colorfullclock.livewallpaper","Neon Clock Wallpaper","PERSONALIZATION"
""com.hdwallpapers.livewallpaperapp.hdgif.cutephotos.coolthemes.aestheticbackground.fluidwallpaper.footballwallpaper","3D Wallpapers: Live wallpaper","PERSONALIZATION"
""ginlemon.iconpackstudio","Icon Pack Studio","PERSONALIZATION"
""com.wallpapersclub.wallpaper","Wallpaper 4K - Wallpapers Club","PERSONALIZATION"
""any.icon","Icon Changer","PERSONALIZATION"
""com.westpoint.batterycharger.batteryanimation","Battery Charging Animation","PERSONALIZATION"
""com.recreative.outdoor","Outdoor - Mountain & Sea","PERSONALIZATION"
""com.appsgenz.dynamicisland.phone.ios","Dynamic View AZ","PERSONALIZATION"
""com.notificationcenter.iphone.controlcenter.alarm","iPhone Control Center iOS 16","PERSONALIZATION"
""stickermaker.stickercreater.whatsappstickers.stickermakerforwhatsapp","Sticker Maker - WASticker","PERSONALIZATION"
""com.charging.fun","Charging Fun Battery Animation","PERSONALIZATION"
""tomrctregt.tregt.lovephotokeyboardthemes","Love Photo Keyboard Theme 2023","PERSONALIZATION"
""rk.android.app.shortcutmaker","Shortcut Maker","PERSONALIZATION"
""com.thegosa.miuithemes","Themes","PERSONALIZATION"
""com.controlcenter.centercontrol.ostools","iCenter Master","PERSONALIZATION"
""com.anime.wallpaper.hd_4k","Anime Wallpaper HD & 4k Live","PERSONALIZATION"
""com.blueskysoft.colorwidgets","Widgets OS 17 - Color Widgets","PERSONALIZATION"
""com.watchfacestudio.craft01_latukom","Hybrid LATUKOM WS 1 Watch face","PERSONALIZATION"
""com.girlywallpaper.wallpapers.cutewallpaper.offlinewallpaper.butterfly.unicorns.girls","Cute Girly Wallpaper","PERSONALIZATION"
""com.lab465.SmoreApp","Make Money & Earn Cash Rewards","PERSONALIZATION"
""com.mx.apps.iconchanger.customizeicon","Icon Changer - Customize Icon","PERSONALIZATION"
""com.appsgenz.controlcenter.phone.ios","Easy Control AZ","PERSONALIZATION"
""com.bluetoothscanner.bluetoothconnecter.wifikey.wifimaster.deviceinfo","Bluetooth Auto Connect App","PERSONALIZATION"
""com.grice.easylauncher","Launcher 18","PERSONALIZATION"
""com.easyweightloss.homeworkoutforlazy","Lazy Workout","HEALTH_AND_FITNESS"
""com.healthapplines.healthsense.bloodsugarhub","Health Sense: Blood Sugar Hub","HEALTH_AND_FITNESS"
""gen.tech.impulse.android","Impulse - Brain Training Games","HEALTH_AND_FITNESS"
""io.yuka.android","Yuka - Food & Cosmetic Scanner","HEALTH_AND_FITNESS"
""com.appsky.android.bloodpressure","Health Tracker","HEALTH_AND_FITNESS"
""com.planetfitness","Planet Fitness Workouts","HEALTH_AND_FITNESS"
""com.appsky.pulsecare.healthtracker","PulseCare：Health Tracker","HEALTH_AND_FITNESS"
""com.calm.android","Calm - Sleep, Meditate, Relax","HEALTH_AND_FITNESS"
""com.mearsure.heartratepro.manage","Health Kit","HEALTH_AND_FITNESS"
""com.bpfit.bloodpressure.health","Blood Pressure","HEALTH_AND_FITNESS"
""com.alltrails.alltrails","AllTrails: Hike, Bike & Run","HEALTH_AND_FITNESS"
""com.mejordailytracker.app","LazyFit: Home Workout Planner","HEALTH_AND_FITNESS"
""com.ecw.healow","healow","HEALTH_AND_FITNESS"
""app.feelsy","Feelsy: Stress Anxiety Relief","HEALTH_AND_FITNESS"
""com.water.reminder.tracker","My Water Reminder: Drink Water","HEALTH_AND_FITNESS"
""com.finch.finch","Finch: Self-Care Pet","HEALTH_AND_FITNESS"
""bloodsugar.bloodsugarapp.diabetes.diabetesapp","Blood Sugar - Diabetes App","HEALTH_AND_FITNESS"
""stepcounter.pedometer.stepstracker","Step Counter - Pedometer","HEALTH_AND_FITNESS"
""com.gen.workoutme","BetterMe: Health Coaching","HEALTH_AND_FITNESS"
""com.myfitnesspal.android","MyFitnessPal: Calorie Counter","HEALTH_AND_FITNESS"
""org.iggymedia.periodtracker","Flo Period & Pregnancy Tracker","HEALTH_AND_FITNESS"
""heartratemonitor.heartrate.pulse.pulseapp","Heart Rate Monitor - Pulse App","HEALTH_AND_FITNESS"
""com.counter.setp.pedometer","Pedometer - Step Counter","HEALTH_AND_FITNESS"
""com.google.android.apps.fitness","Google Fit: Activity Tracking","HEALTH_AND_FITNESS"
""com.ratemeasure.heart","Heart Rate Health & BP Monitor","HEALTH_AND_FITNESS"
""dance.fit.zumba.weightloss.danceburn","Dancefitme: Fun Workouts","HEALTH_AND_FITNESS"
""pilatesworkout.yogaworkout.loseweight.workoutapps","Pilates Workout at Home","HEALTH_AND_FITNESS"
""com.fitbit.FitbitMobile","Fitbit","HEALTH_AND_FITNESS"
""com.workout.weight.loss.diet.healthknowledge","Fits Me Well","HEALTH_AND_FITNESS"
""daily.planner.routine.habits","Me+ Daily Routine Planner","HEALTH_AND_FITNESS"
""com.appsky.slumbercycle.sleeptracker","SlumberCycle+: Sleep Tracker","HEALTH_AND_FITNESS"
""com.bloodpressure.bplog.bptracker","Blood Pressure Tracker: Bp Log","HEALTH_AND_FITNESS"
""com.strava","Strava: Run, Bike, Hike","HEALTH_AND_FITNESS"
""health.sleep.sounds.tracker.alarm.calm","ShutEye®: Sleep Tracker","HEALTH_AND_FITNESS"
""fitness.home.workout.weight.loss","JustFit - Lazy Workout","HEALTH_AND_FITNESS"
""bloodpressure.bloodpressureapp.bloodpressuretracker","Blood Pressure App","HEALTH_AND_FITNESS"
""com.bowerydigital.bend","Bend: Stretching & Flexibility","HEALTH_AND_FITNESS"
""com.getpaired.app","Paired: Couples & Relationship","HEALTH_AND_FITNESS"
""com.hrd.iam","I am - Daily affirmations","HEALTH_AND_FITNESS"
""com.daily.bloodpressure.sugar.tracker","Blood Sugar & Pressure Tracker","HEALTH_AND_FITNESS"
""com.healthapplines.android.pedometer","Pedometer - Walk & Lose Weight","HEALTH_AND_FITNESS"
""com.google.android.apps.healthdata","Health Connect","HEALTH_AND_FITNESS"
""com.bloodsugar.bloodpressure.bloodsugartracking","Blood Pressure - Blood Sugar","HEALTH_AND_FITNESS"
""com.yc.gloryfit","Glory Fit","HEALTH_AND_FITNESS"
""com.walkfit.weightloss.steptracker.pedometer","Weight Loss Walking: WalkFit","HEALTH_AND_FITNESS"
""homeworkout.homeworkouts.noequipment","Home Workout - No Equipment","HEALTH_AND_FITNESS"
""com.pg.you","Always You: Period Tracker","HEALTH_AND_FITNESS"
""weightloss.weightlossforwomen.workoutforwomen.womenworkout","Weight Loss for Women: Workout","HEALTH_AND_FITNESS"
""com.watch.life","VeryFit","HEALTH_AND_FITNESS"
""pedometer.steptracker.calorieburner.stepcounter","Step Counter - Pedometer","HEALTH_AND_FITNESS"
""com.topstep.fitcloudpro","FitCloudPro","HEALTH_AND_FITNESS"
""com.fourtechnologies.mynetdiary.ad","Calorie Counter - MyNetDiary","HEALTH_AND_FITNESS"
""com.dexcom.g7","Dexcom G7","HEALTH_AND_FITNESS"
""in.sweatco.app","Sweatcoin・Walking Step Counter","HEALTH_AND_FITNESS"
""com.getsomeheadspace.android","Headspace: Meditation & Sleep","HEALTH_AND_FITNESS"
""com.garmin.android.apps.connectmobile","Garmin Connect™","HEALTH_AND_FITNESS"
""com.himshers.hims","Hims: Telehealth for Men","HEALTH_AND_FITNESS"
""com.prayapp.client","Pray.com: Bible & Daily Prayer","HEALTH_AND_FITNESS"
""com.macadamapp","Macadam - Walk And Earn","HEALTH_AND_FITNESS"
""ipnossoft.rma.free","BetterSleep: Sleep tracker","HEALTH_AND_FITNESS"
""de.fastic.app","Fastic: Food & Calorie Tracker","HEALTH_AND_FITNESS"
""com.cashwalklabs.cashwalk","CashWalk - Daily pedometer app","HEALTH_AND_FITNESS"
""com.winwalk.android","winwalk - it pays to walk","HEALTH_AND_FITNESS"
""com.tayu.tau.pedometer","Pedometer - Step Counter App","HEALTH_AND_FITNESS"
""com.cronometer.android.gold","Calorie Counter by Cronometer","HEALTH_AND_FITNESS"
""com.fitbod.fitbod","Fitbod Workout & Fitness Plans","HEALTH_AND_FITNESS"
""life.simple","Simple: Weight Loss Coach","HEALTH_AND_FITNESS"
""com.appsky.bpdiary.healthtracker","Health Tracker: BP Diary","HEALTH_AND_FITNESS"
""sixpack.sixpackabs.absworkout","Six Pack in 30 Days","HEALTH_AND_FITNESS"
""com.app.lively_app","Lively: Cycle, Period tracker","HEALTH_AND_FITNESS"
""musclemonster.fitness.workout.home.gym.planner","Muscle Monster Workout Planner","HEALTH_AND_FITNESS"
""musclebooster.workout.home.gym.abs.loseweight","Workout Planner Muscle Booster","HEALTH_AND_FITNESS"
""com.healthapplines.healthsense.bloodpressure","Health Sense: Pulse & BP","HEALTH_AND_FITNESS"
""com.blood.sugar.diabetes.tracker","Blood Sugar","HEALTH_AND_FITNESS"
""net.magictool.bloodsugar","Blood Sugar & Pressure Tracker","HEALTH_AND_FITNESS"
""homeworkoutapp.homeworkout.fitness.workout.loseweight","Home Workout App: Fitness","HEALTH_AND_FITNESS"
""com.medbridgeed.hep.go","MedBridge GO for Patients","HEALTH_AND_FITNESS"
""com.popularapp.periodcalendar","Period Calendar Period Tracker","HEALTH_AND_FITNESS"
""com.betterhelp","BetterHelp - Therapy","HEALTH_AND_FITNESS"
""com.yc14ec100daa.www","Shmoody: Improve Your Mood","HEALTH_AND_FITNESS"
""com.thinkdirty.thinkdirtyapp","Think Dirty","HEALTH_AND_FITNESS"
""com.renpho.health","Renpho Health","HEALTH_AND_FITNESS"
""com.epedometer.step","E-Pedometer: Step Tracker","HEALTH_AND_FITNESS"
""com.smartwidgetlabs.fitbitandroid","Fitness Band - Fitness Tracker","HEALTH_AND_FITNESS"
""com.blood.pressure.bptracker","Blood Pressure App: BP Monitor","HEALTH_AND_FITNESS"
""net.beginners.weight.loss.workout.women.yoga.go","Yoga For Beginners by Yoga-Go","HEALTH_AND_FITNESS"
""com.tjd.tjdmainS2","Lefun Health","HEALTH_AND_FITNESS"
""com.endel.endel","Endel: Focus, Relax & Sleep","HEALTH_AND_FITNESS"
""com.fitnow.loseit","Calorie Counter by Lose It!","HEALTH_AND_FITNESS"
""io.foodvisor.foodvisor","Foodvisor - Nutrition & Diet","HEALTH_AND_FITNESS"
""co.thefabulous.app","Fabulous Daily Routine Planner","HEALTH_AND_FITNESS"
""us.tx.state.hhsc.ytbmobile","Your Texas Benefits","HEALTH_AND_FITNESS"
""women.workout.female.fitness","Workout for Women: Fit at Home","HEALTH_AND_FITNESS"
""intermittentfasting.weightloss.fastingtracker.yazio","Fasting App & Calorie Counter","HEALTH_AND_FITNESS"
""com.gravitywell.adhdlove","dubbii: the body doubling app","HEALTH_AND_FITNESS"
""com.dexcom.clarity.mobile","Dexcom Clarity","HEALTH_AND_FITNESS"
""com.centene.dxe.ambetter","Ambetter Health","HEALTH_AND_FITNESS"
""com.groundspeak.geocaching.intro","Geocaching®","HEALTH_AND_FITNESS"
""com.hrd.motivation","Motivation - Daily quotes","HEALTH_AND_FITNESS"
""com.hingehealth.phoenix","Hinge Health","HEALTH_AND_FITNESS"
""com.sleepmonitor.aio","Sleep Monitor: Sleep Tracker","HEALTH_AND_FITNESS"
""com.lovense.wear","Lovense Remote","HEALTH_AND_FITNESS"
""org.kp.m","Kaiser Permanente","HEALTH_AND_FITNESS"
""yoga.beginners.workout.dailyyoga.weightloss","Yoga for Beginners | Pilates","HEALTH_AND_FITNESS"
""com.risesci.nyx","RISE: Sleep Tracker","HEALTH_AND_FITNESS"
""com.welltory.client.android","Welltory: Heart Rate Monitor","HEALTH_AND_FITNESS"
""bloodsugar.diabetes.pressuretraker","Blood Sugar & Pressure Tracker","HEALTH_AND_FITNESS"
""itech.wearables","iTech Wearables","HEALTH_AND_FITNESS"
""increaseheightworkout.heightincreaseexercise.tallerexercise","Height Increase Workout","HEALTH_AND_FITNESS"
""com.women.fitness.body.inspire.herworkout","Her Workout- Shape Body","HEALTH_AND_FITNESS"
""com.water.tracker.remind","My Water Tracker & Reminder","HEALTH_AND_FITNESS"
""co.thefab.tm","Clarify: ADHD Organizer & help","HEALTH_AND_FITNESS"
""com.dreams.sweetdream","Sweet Dream - Sleep Sounds","HEALTH_AND_FITNESS"
""com.sec.android.app.shealth","Samsung Health","HEALTH_AND_FITNESS"
""net.sumitk.quotesmeditation","Motivational Quotes - Daily","HEALTH_AND_FITNESS"
""menloseweight.loseweightappformen.weightlossformen","Lose Weight App for Men","HEALTH_AND_FITNESS"
""com.anytimefitness.userapp","AF App","HEALTH_AND_FITNESS"
""loseweight.weightloss.workout.fitness","Lose Weight - Weight Loss App","HEALTH_AND_FITNESS"
""loseweightapp.loseweightappforwomen.womenworkoutathome","Lose Weight App for Women","HEALTH_AND_FITNESS"
""com.runbuddy.prod","Runna: Running Plans & Coach","HEALTH_AND_FITNESS"
""com.nb.benefitspro","Benefits Pro","HEALTH_AND_FITNESS"
""com.codeway.AIFriend","Genesia - AI Friend & Partner","HEALTH_AND_FITNESS"
""relax.sleep.relaxation.sleepingsounds","Sleep Sounds - relaxing sounds","HEALTH_AND_FITNESS"
""steptracker.healthandfitness.walkingtracker.pedometer","Step Tracker - Pedometer","HEALTH_AND_FITNESS"
""com.vshred","V Shred: Diet & Fitness","HEALTH_AND_FITNESS"
""com.hiit.home.workout.jian034lite","HIIT Home Workout Lite","HEALTH_AND_FITNESS"
""com.achievemint.android","Evidation - Rewards for Health","HEALTH_AND_FITNESS"
""com.fitnessapps.yogakidsworkouts","Yoga for Kids & Family fitness","HEALTH_AND_FITNESS"
""com.selectcomfort.SleepIQ","Sleep Number","HEALTH_AND_FITNESS"
""com.spotlightsix.zentimerlite2","Insight Timer - Meditation App","HEALTH_AND_FITNESS"
""com.weward","WeWard - The Walking App","HEALTH_AND_FITNESS"
""com.sbs.diet","MacroFactor - Macro Tracker","HEALTH_AND_FITNESS"
""com.tomsmucenieks.asimplevibrator","Vibrator: Strong Vibration App","HEALTH_AND_FITNESS"
""com.itamarmedical.watchpat","WatchPAT","HEALTH_AND_FITNESS"
""com.glucobit.reframe","Reframe: Drink Less & Thrive","HEALTH_AND_FITNESS"
""com.mindbodyonline.connect","Mindbody: Fitness, Salon & Spa","HEALTH_AND_FITNESS"
""com.omronhealthcare.omronconnect","OMRON connect","HEALTH_AND_FITNESS"
""com.virginpulse.virginpulse","Virgin Pulse","HEALTH_AND_FITNESS"
""stepcounter.steptracker.pedometer.calorie","Pedometer App - Step Counter","HEALTH_AND_FITNESS"
""com.mapmywalk.android2","Walk with Map My Walk","HEALTH_AND_FITNESS"
""com.weightwatchers.mobile","WeightWatchers Program","HEALTH_AND_FITNESS"
""com.humana.myhumana","MyHumana","HEALTH_AND_FITNESS"
""com.lifestyle.relief.anxiety.stress","Stress Relief: Anxiety Relief","HEALTH_AND_FITNESS"
""io.a24go.android.dev","24GO by 24 Hour Fitness","HEALTH_AND_FITNESS"
""com.wakeup.howear","Wearfit Pro","HEALTH_AND_FITNESS"
""com.ihealthlabs.MyVitalsPro","iHealth MyVitals","HEALTH_AND_FITNESS"
""com.wsl.noom","Noom: Weight Loss & Health","HEALTH_AND_FITNESS"
""com.yazio.android","YAZIO Food & Calorie Counter","HEALTH_AND_FITNESS"
""com.speakmobilewhitelabel.release","OTC Health Solutions","HEALTH_AND_FITNESS"
""me.rtrt.app.irma","IRONMAN Tracker","HEALTH_AND_FITNESS"
""com.peptalk.app","PepTalk: Daily Motivation App","HEALTH_AND_FITNESS"
""com.socialaudio.wisdom","Noom Vibe: Pedometer & Advice","HEALTH_AND_FITNESS"
""com.chuzefitness","Chuze Fitness","HEALTH_AND_FITNESS"
""jawline.exercises.slim.face.yoga","Jawline Exercises - Face Yoga","HEALTH_AND_FITNESS"
""com.clue.android","Clue Period Tracker & Calendar","HEALTH_AND_FITNESS"
""com.alphaprogression.alphaprogression","Alpha Progression Gym Tracker","HEALTH_AND_FITNESS"
""com.wombatapps.carbmanager","Carb Manager–Keto Diet Tracker","HEALTH_AND_FITNESS"
""gov.nyc.hra.SelfService","NYC ACCESS HRA","HEALTH_AND_FITNESS"
""com.kooth.serenity","Soluna: Gen Z Mental Health","HEALTH_AND_FITNESS"
""com.focusonsharing.walkcash","WalkWork","HEALTH_AND_FITNESS"
""running.tracker.gps.map","Running App - GPS Run Tracker","HEALTH_AND_FITNESS"
""com.nike.plusgps","Nike Run Club - Running Coach","HEALTH_AND_FITNESS"
""com.twentythreeandme.app","23andMe - DNA Testing","HEALTH_AND_FITNESS"
""de.komoot.android","komoot - hike, bike & run","HEALTH_AND_FITNESS"
""com.classpass.classpass","ClassPass: Fitness, Spa, Salon","HEALTH_AND_FITNESS"
""com.netpulse.mobile.eosfitness","EōS Fitness","HEALTH_AND_FITNESS"
""com.hevy","Hevy - Gym Log Workout Tracker","HEALTH_AND_FITNESS"
""org.howwefeel.moodmeter","How We Feel","HEALTH_AND_FITNESS"
""watertracker.waterreminder.watertrackerapp.drinkwater","Water Tracker: Water Reminder","HEALTH_AND_FITNESS"
""com.easyfastapp.app","Easy Fast Intermittent Fasting","HEALTH_AND_FITNESS"
""com.onepeloton.callisto","Peloton - Fitness & Workouts","HEALTH_AND_FITNESS"
""splits.splitstraining.dothesplits.splitsin30days","Splits Training in 30 Days","HEALTH_AND_FITNESS"
""com.engagedin.freshtri","Fresh Tri: Habits & Mindset","HEALTH_AND_FITNESS"
""com.veepoo.hband","H Band","HEALTH_AND_FITNESS"
""com.walktask.app","WalkTask - Walk work gets paid","HEALTH_AND_FITNESS"
""com.jaga.ibraceletplus.aigoband","JYouPro - Fitness Tracker","HEALTH_AND_FITNESS"
""betwixt.web.app","Betwixt—The Mental Health Game","HEALTH_AND_FITNESS"
""losebellyfat.flatstomach.absworkout.fatburning","Lose Belly Fat  - Abs Workout","HEALTH_AND_FITNESS"
""com.xiaomi.wearable","Mi Fitness (Xiaomi Wear)","HEALTH_AND_FITNESS"
""com.himshers.hers","Hers: Women’s Healthcare","HEALTH_AND_FITNESS"
""com.periodtracker.periodcalendar.ovulation.periodcycle","Period Tracker Ovulation Cycle","HEALTH_AND_FITNESS"
""com.stepsappgmbh.stepsapp","StepsApp – Step Counter","HEALTH_AND_FITNESS"
""com.fig","Fig: Food Scanner & Discovery","HEALTH_AND_FITNESS"
""app.herlife","Herlife-هرلایف","HEALTH_AND_FITNESS"
""ai.mate.app","Mate.AI - Always Beside You","HEALTH_AND_FITNESS"
""com.avibra","Avibra: Benefits for Everyone","HEALTH_AND_FITNESS"
""gymworkout.gym.gymlog.gymtrainer","Gym Workout Tracker: Gym Log","HEALTH_AND_FITNESS"
""com.appsky.calendar.periodtracker","Luna - AI Period Calendar","HEALTH_AND_FITNESS"
""com.bloodpressuretracker.bloodpressureapp.bptracker.bloodsugar.bloodglucose.heartrate","Blood Pressure App & Tracker","HEALTH_AND_FITNESS"
""heartrate.heartratemonitor.bloodpressure","Heart Rate: Blood Pressure App","HEALTH_AND_FITNESS"
""com.thestepupapp.stepup","StepUp Pedometer Step Counter","HEALTH_AND_FITNESS"
""reverse.health.app","RH: Weight Loss and Fitness","HEALTH_AND_FITNESS"
""org.goodlab.day1labs","Day1Lab - Paid Clinical Trials","HEALTH_AND_FITNESS"
""gofasting.fastingtracker.fasting.intermittentfasting","Intermittent Fasting GoFasting","HEALTH_AND_FITNESS"
""com.kitefaster.whitenoise","White Noise Deep Sleep Sounds","HEALTH_AND_FITNESS"
""com.viraldevelopment.calai","Cal AI - Food Calorie Tracker","HEALTH_AND_FITNESS"
""com.mapmyrun.android2","Map My Run by Under Armour","HEALTH_AND_FITNESS"
""com.highsecure.bloodpresure.bloodsugar","Blood pressure - Blood Sugar","HEALTH_AND_FITNESS"
""ai.replika.app","Replika: My AI Friend","HEALTH_AND_FITNESS"
""com.remind.drink.water.hourly","Water Reminder - Remind Drink ","HEALTH_AND_FITNESS"
""com.google.android.apps.messaging","Google Messages","COMMUNICATION"
""com.whatsapp","WhatsApp Messenger","COMMUNICATION"
""org.telegram.messenger","Telegram","COMMUNICATION"
""com.facebook.orca","Messenger","COMMUNICATION"
""com.snapchat.android","Snapchat","COMMUNICATION"
""com.enflick.android.TextNow","TextNow: Call + Text Unlimited","COMMUNICATION"
""org.watchduty.app","Watch Duty (Wildfire)","COMMUNICATION"
""com.discord","Discord - Talk, Play, Hang Out","COMMUNICATION"
""com.microsoft.emmx","Microsoft Edge: AI browser","COMMUNICATION"
""com.whatsapp.w4b","WhatsApp Business","COMMUNICATION"
""com.eet.email.launcher","Inbox Homescreen","COMMUNICATION"
""org.thoughtcrime.securesms","Signal Private Messenger","COMMUNICATION"
""com.groupme.android","GroupMe","COMMUNICATION"
""com.beint.zangi","Zangi Private Messenger","COMMUNICATION"
""com.obrytge.browser","Turbo Secure Browser","COMMUNICATION"
""com.pvstcv.pbrowser","Armored Private Browser","COMMUNICATION"
""com.google.android.apps.googlevoice","Google Voice","COMMUNICATION"
""org.mozilla.firefox","Firefox Fast & Private Browser","COMMUNICATION"
""com.aimessages.sms","Messages","COMMUNICATION"
""com.yahoo.mobile.client.android.mail","Yahoo Mail – Organized Email","COMMUNICATION"
""com.brave.browser","Brave Private Web Browser, VPN","COMMUNICATION"
""com.chating.messages.chat.fun","Messages","COMMUNICATION"
""com.opera.browser","Opera browser with AI","COMMUNICATION"
""net.idt.um.android.bossrevapp","BOSS Revolution: Calling App","COMMUNICATION"
""com.psiphon3.subscription","Psiphon Pro","COMMUNICATION"
""com.callapp.contacts","CallApp: Caller ID & Block","COMMUNICATION"
""com.google.android.contacts","Contacts","COMMUNICATION"
""com.facebook.talk","Messenger Kids – The Messaging","COMMUNICATION"
""com.dish.wireless.boostone","Boost Mobile","COMMUNICATION"
""com.adhoclabs.burner","Burner: Second Phone Number","COMMUNICATION"
""com.allemail.login","All Email Login","COMMUNICATION"
""com.truecaller","Truecaller: AI Call Blocker","COMMUNICATION"
""sms.app.messages.app.message.box.message.me","Messages: SMS Messaging","COMMUNICATION"
""com.skype.raider","Skype","COMMUNICATION"
""com.imo.android.imous","imo video calls and chat HD","COMMUNICATION"
""com.talkatone.android","Talkatone: Texting & Calling","COMMUNICATION"
""com.azarlive.android","Azar: Video Chat & Meet People","COMMUNICATION"
""org.torproject.torbrowser","Tor Browser","COMMUNICATION"
""com.tracfone.straighttalk.myaccount","Straight Talk My Account","COMMUNICATION"
""com.mmcallsapp.duocall.android","Duo Call - Dual Global Calling","COMMUNICATION"
""com.viber.voip","Rakuten Viber Messenger","COMMUNICATION"
""com.securus.videoclient","Securus Mobile","COMMUNICATION"
""com.opera.gx","Opera GX: Gaming Browser","COMMUNICATION"
""me.spam.robo.call.blocker.call.filter.app","Spam Call Blocker for Android","COMMUNICATION"
""com.tencent.mm","WeChat","COMMUNICATION"
""com.android.chrome","Google Chrome","COMMUNICATION"
""jp.naver.line.android","LINE: Calls & Messages","COMMUNICATION"
""com.google.android.gm","Gmail","COMMUNICATION"
""com.textmessages.chatandmessage","Messages: SMS Text Messenger","COMMUNICATION"
""com.opera.mini.native","Opera Mini: Fast Web Browser","COMMUNICATION"
""com.messenger.phone.number.text.sms.service.apps","Messages : SMS & Private Chat","COMMUNICATION"
""messenger.sms","Messenger - Texting App","COMMUNICATION"
""com.google.android.apps.wear.companion","Google Pixel Watch","COMMUNICATION"
""call.blacklist.blocker","Call Blocker - Block Numbers","COMMUNICATION"
""com.mail.inbox.allemailaccess","All Email Connect","COMMUNICATION"
""com.messenger.sms.messages","Messages - SMS Texting App","COMMUNICATION"
""com.schedule.telmate.telmatescheduleandroid","GettingOut Visits","COMMUNICATION"
""com.quickemail.quicklogin.emailonline","Mail - All Email Accounts","COMMUNICATION"
""com.cdyala.blazing","Blazing: Ignite Your Love Life","COMMUNICATION"
""kik.android","Kik — Messaging & Chat App","COMMUNICATION"
""com.cutestudio.led.color.sms","Messenger - SMS Messages","COMMUNICATION"
""messages.chat.free.text.messaging.sms","Messenger: Text Messages, SMS","COMMUNICATION"
""com.esim.numero","Numero eSIM: Virtual Number","COMMUNICATION"
""com.juphoon.justalk","JusTalk - Video Chat & Calls","COMMUNICATION"
""com.visiblemobile.flagship","Visible mobile","COMMUNICATION"
""com.google.android.apps.tachyon","Google Meet","COMMUNICATION"
""com.textmessage.messenger","Messages","COMMUNICATION"
""walkie.talkie.among.us.friends","CastChat - Match & Voice Chat","COMMUNICATION"
""com.frontier.selfserve","MyFrontier","COMMUNICATION"
""com.enflick.android.tn2ndLine","2ndLine - Second Phone Number","COMMUNICATION"
""com.recommended.videocall","Video Call","COMMUNICATION"
""com.kiwibrowser.browser","Kiwi Browser - Fast & Quiet","COMMUNICATION"
""com.sec.android.app.sbrowser","Samsung Internet Browser","COMMUNICATION"
""com.translate.chattranslator.keyboard.android2022","Keyboard Translator for Chat","COMMUNICATION"
""com.snowcorp.stickerly.android","Sticker.ly - Sticker Maker","COMMUNICATION"
""com.bpmobile.second.phone","Second Phone Number - 2Number","COMMUNICATION"
""com.avast.android.vpn","Avast SecureLine VPN & Privacy","COMMUNICATION"
""im.thebot.messenger","Botim - Video and Voice Call","COMMUNICATION"
""com.hsv.freeadblockerbrowser","FAB Adblocker Browser:Adblock","COMMUNICATION"
""com.tracfone.tracfone.myaccount","TracFone My Account","COMMUNICATION"
""ch.protonmail.android","Proton Mail: Encrypted Email","COMMUNICATION"
""com.loudtalks","Zello PTT Walkie Talkie","COMMUNICATION"
""com.youmail.android.vvm","YouMail Spam Block & Voicemail","COMMUNICATION"
""pi.browser","Pi Browser","COMMUNICATION"
""online.smsvirtual.app","SMS Virtual - Receive SMS","COMMUNICATION"
""com.kakao.talk","KakaoTalk : Messenger","COMMUNICATION"
""info.myapp.allemailaccess","All Email Access: Mail Inbox","COMMUNICATION"
""com.smartwatch.bluetooth.sync.notifications","Smart Watch app - BT Notifier","COMMUNICATION"
""com.machinegenius.olelo","CaptionCall","COMMUNICATION"
""com.matchtech.cafe","Cafe - Live video chat","COMMUNICATION"
""com.isharing.isharing","iSharing: GPS Location Tracker","COMMUNICATION"
""wearos.smart.watch.bt.sync.notifier","Watch Sync App - BT Notifier","COMMUNICATION"
""org.adblockplus.browser","Adblock Browser: Fast & Secure","COMMUNICATION"
""phone.contact.call.phonecontact.phonecall.contactpp.dialer.contacts.dialcontacts.calldialerpad","Contacts","COMMUNICATION"
""com.gangverk.sling","Sling: Employee Scheduling App","COMMUNICATION"
""com.app.recover.deleted.messages.messagerecovery.restoredeletedmessages","Recover Deleted Messages App","COMMUNICATION"
""app.source.getcontact","Getcontact","COMMUNICATION"
""com.staypri.vpn","STAYPRI VPN","COMMUNICATION"
""com.contacts.phonecontacts.addressbook","Contacts","COMMUNICATION"
""com.conference.conferenceapp.videoconference.videomeeting.videoconferencemeeting","Video Conference For Meeting","COMMUNICATION"
""me.talkyou.app.im","2nd Phone Number - Call & Text","COMMUNICATION"
""com.mcu.reolink","Reolink","COMMUNICATION"
""co.happybits.marcopolo","Marco Polo - Video Messenger","COMMUNICATION"
""com.tracfone.total.myaccount","My Total Wireless","COMMUNICATION"
""com.innocaption.vpdp","InnoCaption Live Call Captions","COMMUNICATION"
""org.telegram.plus","Plus Messenger","COMMUNICATION"
""com.google.android.accessibility.soundamplifier","Sound Amplifier","COMMUNICATION"
""me.nextplus.smsfreetext.phonecalls","Nextplus: Phone # Text + Call","COMMUNICATION"
""messages.text.chat.imessage.sms.textmessage","Messages: SMS Text App","COMMUNICATION"
""com.sms.messenger","Messenger SMS - Text messages","COMMUNICATION"
""com.justalk.kids.android","JusTalk Kids - Safe Messenger","COMMUNICATION"
""com.tmobile.services.nameid","T-Mobile Scam Shield","COMMUNICATION"
""whatsapp.web.whatscan.whatsweb.qrscan","Dual App - Web Scanner App","COMMUNICATION"
""com.firefriends.frontline","Frontline Wildfire Tracker","COMMUNICATION"
""com.mobogramme.plus.org","تلگرام طلایی بدون فیلتر talaei","COMMUNICATION"
""com.tempmail","Temp Mail - Temporary Email","COMMUNICATION"
""com.verizon.messaging.vzmsgs","Verizon Messages","COMMUNICATION"
""com.dish.vvm","Boost Visual Voicemail","COMMUNICATION"
""com.appsverse.phoner","Phoner 2nd Phone Number + Text","COMMUNICATION"
""com.robokiller.app","Robokiller - Spam Call Blocker","COMMUNICATION"
""com.xbrowser.play","XBrowser - Mini & Super fast","COMMUNICATION"
""com.text.call.textunlimited.free","Text, Call & Phone number","COMMUNICATION"
""vpn.fast.unlimited.free","VPN - secure, fast, unlimited","COMMUNICATION"
""com.fastsigninemail.securemail.bestemail","Email - Fast and Smart Mail","COMMUNICATION"
""com.messages.chat","Smart Messages","COMMUNICATION"
""com.vzw.gizmopal","GizmoHub","COMMUNICATION"
""com.rsa.securidapp","RSA Authenticator (SecurID)","COMMUNICATION"
""mm.com.atom.store","ATOM Store, Myanmar","COMMUNICATION"
""com.OnSoft.android.BluetoothChat","SmartWatch & BT Sync Watch App","COMMUNICATION"
""com.transsion.phoenix","Phoenix - Fast & Safe","COMMUNICATION"
""com.avachat.pro.tel","تلگرام طلایی | بدون فیلتر","COMMUNICATION"
""ir.ilmili.telegraph","Graph Messenger","COMMUNICATION"
""com.mmcallsapp.truecall.android","True Talk - Global Wifi Calls","COMMUNICATION"
""kha.prog.mikrotik","NetShare - no-root-tethering","COMMUNICATION"
""com.glazero.android","Aosu","COMMUNICATION"
""com.google.android.wearable.app","Wear OS by Google Smartwatch","COMMUNICATION"
""com.virtunum.android","VirtuNum - Virtual Number","COMMUNICATION"
""org.torproject.android","Orbot: Tor for Android","COMMUNICATION"
""sp.artificialintelligence.notalone","NotAlone AI Girlfriend Creator","COMMUNICATION"
""com.phone.contact.call.phonecontact","Contacts","COMMUNICATION"
""com.email.emailloginallemailconnect","Email - Email Login","COMMUNICATION"
""freecall.phone.free.call.wifi.calling","Phone Call App & WiFi Call Any","COMMUNICATION"
""ws.loops.app","Zenzap: Chat for working teams","COMMUNICATION"
""com.touwolf.cllappmovil","Cuballama te da más","COMMUNICATION"
""com.messages.textmessage.sms.messagingapp","Messages: Text Message, SMS","COMMUNICATION"
""com.rebtel.android","Rebtel: Recharges And Calls","COMMUNICATION"
""org.mozilla.focus","Firefox Focus: No Fuss Browser","COMMUNICATION"
""mz.onvpn","OnVPN","COMMUNICATION"
""com.goodwy.dialer","Right Dialer","COMMUNICATION"
""com.google.android.ims","Carrier Services","COMMUNICATION"
""air.HomeWAV","HomeWAV","COMMUNICATION"
""com.androidbull.incognito.browser","Incognito Browser - Go Private","COMMUNICATION"
""com.inmatesales.ff_app.prod","InmateSales","COMMUNICATION"
""ch.swisscows.messenger.teleguardapp","TeleGuard","COMMUNICATION"
""message.sms.textmessage.securesms.messaging.chat.messenger","Messages: SMS & Text Messaging","COMMUNICATION"
""com.romanticstickers.lovestickers.wastickers.ly","Romantic Stickers WASticker.ly","COMMUNICATION"
""com.ezetop.world","Ding Top-up: Mobile Recharge","COMMUNICATION"
""com.dish.mydish","MyDISH","COMMUNICATION"
""com.dialcontacts.coantacts","Contacts","COMMUNICATION"
""com.garmin.android.apps.messenger","Garmin Messenger™","COMMUNICATION"
""com.mwp.vendengineapp.cp","CorrectPay","COMMUNICATION"
""com.emailonline.officemail.amoemail","Login Mail For HotMail&Outlook","COMMUNICATION"
""com.multilingual.chat.translatorapp","Chat Translator for All","COMMUNICATION"
""com.hushed.release","Hushed: US Second Phone Number","COMMUNICATION"
""com.icsolutions.icsmobile","ICS Mobile","COMMUNICATION"
""com.samsung.accessory","Samsung Accessory Service","COMMUNICATION"
""org.whiteglow.antinuisance","Call & SMS Blocker - Blacklist","COMMUNICATION"
""com.maccia.contacts.dialer","Contacts: Phone Dialer","COMMUNICATION"
""com.textra","Textra SMS","COMMUNICATION"
""com.diavostar.messages.sms","Messages - SMS & MMS","COMMUNICATION"
""com.opera.mini.native.beta","Opera Mini browser beta","COMMUNICATION"
""com.never_missed_app.never_missed_app","NeverMissed","COMMUNICATION"
""co.fobomi.org","mobo","COMMUNICATION"
""com.iMe.android","iMe: AI Messenger for Telegram","COMMUNICATION"
""lite.cryptotab.android","CryptoTab Browser Lite","COMMUNICATION"
""com.eyecon.global","Eyecon Caller ID & Spam Block","COMMUNICATION"
""me.number.app.im","2nd Line - Second Phone Number","COMMUNICATION"
""com.call.dialer.phone","Phone Dialer - Call Recorder","COMMUNICATION"
""com.att.mobile.android.vvm","AT&T Visual Voicemail","COMMUNICATION"
""com.whatscan.whatsweb.scanqr.qrscanner","Chat Cloner Web QR Scanner","COMMUNICATION"
""dev.hexasoftware.v2box","V2Box - V2ray Client","COMMUNICATION"
""com.beeper.android","Beeper: Universal Chat","COMMUNICATION"
""com.truecaller.callerid.callername","Show Caller ID & Spam Blocker","COMMUNICATION"
""com.automatic.callrecorder.autocallrecord","Phone Call Recorder","COMMUNICATION"
""com.diavostar.email","Email for Hotmail & Outlook","COMMUNICATION"
""com.holafly.holafly","Holafly: eSIM travel card","COMMUNICATION"
""uk.co.newvideocall.messenger.videochat","Dating App: Match, Chat, Meet","COMMUNICATION"
""com.memeandsticker.personal","Personal stickers StickerMaker","COMMUNICATION"
""org.vidogram.messenger","Vidogram","COMMUNICATION"
""global.duovoice.android","Duo Voice - Duo Mobile Calls","COMMUNICATION"
""com.beenverified.android","BeenVerified Background Search","COMMUNICATION"
""com.granita.icloudmail","Sync for iCloud Email","COMMUNICATION"
""com.email.fast.secure.mail.app","Email for Yahoo mail & hotmail","COMMUNICATION"
""com.mysecondline.app","My 2nd Line Text Call Number","COMMUNICATION"
""com.whitepages.search","Whitepages - Find People","COMMUNICATION"
""com.jk.allmail","Email for Outlook, Hotmail","COMMUNICATION"
""com.yollacalls","Yolla: International Calling","COMMUNICATION"
""ai.your.assistant.chats","Spark AI","COMMUNICATION"
""com.tempnumber.Temp_Number.Temp_Number","Temp Number - 2nd Phone Number","COMMUNICATION"
""com.pawxy.browser","Pawxy - Fast VPN & Web Browser","COMMUNICATION"
""com.bethsoft.stronghold","The Elder Scrolls: Castles","GAME_SIMULATION"
""com.tensquaregames.letsfish2","Fishing Clash: Sport Simulator","GAME_SIMULATION"
""com.downhill.race.league","Downhill Race League","GAME_SIMULATION"
""io.supercent.pizzaidle","Pizza Ready!","GAME_SIMULATION"
""com.playspare.supermarket.store.simulator","My Supermarket Simulator 3D","GAME_SIMULATION"
""com.studio27.MelonPlayground","Melon Sandbox","GAME_SIMULATION"
""com.redcell.goldandgoblins","Gold & Goblins: Idle Merger","GAME_SIMULATION"
""com.tree.idle.cat.office","Office Cat: Idle Tycoon Game","GAME_SIMULATION"
""com.decor.life","Decor Life - Home Design Game","GAME_SIMULATION"
""com.mowand.trim","Mow And Trim: Mowing Games 3D","GAME_SIMULATION"
""com.candywriter.bitlife","BitLife - Life Simulator","GAME_SIMULATION"
""com.alexp.eyemix","Eye Color Mix","GAME_SIMULATION"
""com.pixelcraft.legends","Pixel Craft Legends","GAME_SIMULATION"
""com.pd.vehiclemasters","Vehicle Masters","GAME_SIMULATION"
""com.paradyme.solarsmash","Solar Smash","GAME_SIMULATION"
""com.mine.crazy.auto.dragon.maxi","Craft World - Building Craft","GAME_SIMULATION"
""jp.pokemon.pokemonsleep","Pokémon Sleep","GAME_SIMULATION"
""com.vizorapps.klondike","Klondike Adventures: Farm Game","GAME_SIMULATION"
""com.dramaton.slimepet","Bruno - My Super Slime Pet","GAME_SIMULATION"
""com.luckyskeletonstudios.idlebanktycoon","Idle Bank Tycoon: Money Empire","GAME_SIMULATION"
""com.paurau.MakeHer","Move People","GAME_SIMULATION"
""com.queen.drink.bubble.tasty.milktea","Boba DIY Bubble Tea","GAME_SIMULATION"
""com.game.minicraft.village","Village City Life Building","GAME_SIMULATION"
""com.zombie.idleminertycoon","Idle Zombie Miner: Gold Tycoon","GAME_SIMULATION"
""games.flexus.trainminer","Train Miner: Idle Railway Game","GAME_SIMULATION"
""com.yoyo.doll.decor.life.home.design.love.match.makeover.games","YOYO Decor: Doll Dress Up","GAME_SIMULATION"
""com.craftcitypro.game","Block Crazy Robo World Vip 3D","GAME_SIMULATION"
""com.fashion.designer.stylist.super.tailor","Fashion Designer: Super Tailor","GAME_SIMULATION"
""com.supermarket.simulator.game.manage","Supermarket Simulator Game 3D","GAME_SIMULATION"
""com.newnormalgames.phonecasediy","Phone Case DIY","GAME_SIMULATION"
""com.rimashev.nextbots.sandbox","Nextbots In Playground mod","GAME_SIMULATION"
""es.socialpoint.DragonCity","Dragon City: Mobile Adventure","GAME_SIMULATION"
""com.cdtg.we.craft","WeCraft Worlds","GAME_SIMULATION"
""com.ttterbagames.businesssimulator","Business Empire: RichMan","GAME_SIMULATION"
""diy.makeup.master.artist.stylist","Makeup Stylist: Makeup Game","GAME_SIMULATION"
""tr.com.apps.drill.and.collect","Drill & Collect: idle mine dig","GAME_SIMULATION"
""com.Eliten.Turning","Wood Turning 3D - Carving Game","GAME_SIMULATION"
""com.makeoverstory.makeupasmr","Makeup ASMR: Makeover Story","GAME_SIMULATION"
""com.craftworld.blockcrazy.vip3d","Craft World Block Crazy 3D","GAME_SIMULATION"
""com.avatarlife.avatarstory.mystory.myworld.mywonder","Avatar Life World: My Story","GAME_SIMULATION"
""com.duck20.car.driving.open.city","Car Driving Simulator Game 3D","GAME_SIMULATION"
""com.ig.supermarket.manager.simulator","Manage Supermarket Simulator","GAME_SIMULATION"
""com.fumbgames.bitcoinminor","Bitcoin Miner Earn Real Crypto","GAME_SIMULATION"
""com.redcat.hypermarket","Hypermarket 3D Simulator","GAME_SIMULATION"
""com.MDickie.HardTimeIII","Hard Time III","GAME_SIMULATION"
""com.yoyogames.anime.star.princess.doll.dressupgames","Live Star: YOYO Doll Dress Up","GAME_SIMULATION"
""com.flybirdgames.adventureislandmerge","Adventure Island Merge: Save","GAME_SIMULATION"
""com.idle.egg.factory.inc.tycoon","Idle Egg Factory","GAME_SIMULATION"
""com.SnackPlay.LunchBoxReady","Lunch Box Ready","GAME_SIMULATION"
""com.TeamTerrible.BabyInYellow","The Baby In Yellow","GAME_SIMULATION"
""com.moon.craft.buildingcraft","Town Building Life Simulator","GAME_SIMULATION"
""com.crazylabs.acrylic.nails","Acrylic Nails!","GAME_SIMULATION"
""com.cmgames.CoinCars","Coin Car Games: Simulator","GAME_SIMULATION"
""com.fluffyfairygames.idleminertycoon","Idle Miner Tycoon: Gold & Cash","GAME_SIMULATION"
""com.heatherglade.idleguy","Idle Guy: Life Simulator games","GAME_SIMULATION"
""com.corestudios.storemanagementidle","Outlets Rush","GAME_SIMULATION"
""com.qidafcl.sl054","DIY Keyboard","GAME_SIMULATION"
""com.maxkhalikov.merge.hunt","Merge & Hunt","GAME_SIMULATION"
""com.u14.backyardmaster","Backyard Master","GAME_SIMULATION"
""com.craftman.building.craftworld.go","Master Builder City Explore","GAME_SIMULATION"
""com.netflix.NGP.Saga","Netflix Stories","GAME_SIMULATION"
""com.ction.playergames","2 3 4 Player Mini Games","GAME_SIMULATION"
""com.harvest.io","Harvest.io – 3D Farming Arcade","GAME_SIMULATION"
""cat.game.liftapp","My Cat - Virtual pet simulator","GAME_SIMULATION"
""com.BallGames.Woodturning","Woodturning","GAME_SIMULATION"
""com.craftsman.go","Craftsman: Building Craft","GAME_SIMULATION"
""com.weloadin.dessertdiy","Dessert DIY","GAME_SIMULATION"
""com.crazy.plane.landing","Crazy Plane Landing","GAME_SIMULATION"
""com.cdtg.ragdoll.playground","Ragdoll Playground","GAME_SIMULATION"
""com.ragdoll.mutilate.people","Ragdoll Mutilate People","GAME_SIMULATION"
""com.raventurn.realcoaster","Real Coaster: Idle Game","GAME_SIMULATION"
""com.bacon.bc08b.traffic.bike.racing.city","Traffic Moto Bike Rider City","GAME_SIMULATION"
""com.uspex.hts","Cash Masters: Idle Millionaire","GAME_SIMULATION"
""com.udonistemple.magicalmixing","Mystical Mixing","GAME_SIMULATION"
""com.ig.supermarket.fashion.simulator","Clothing Store Simulator","GAME_SIMULATION"
""com.offroad.runner","Offroad Runner","GAME_SIMULATION"
""com.TechTreeGames.TheTower","The Tower - Idle Tower Defense","GAME_SIMULATION"
""com.openworld.indiandriving.bikes","Openworld Indian Driving Game","GAME_SIMULATION"
""dragon.virtual.pet.game","My Dragon - Virtual Pet Game","GAME_SIMULATION"
""com.matchingham.judgementday","Judgment Day: Angel of God","GAME_SIMULATION"
""ocean.nomad.survival.simulator","Raft® Survival - Ocean Nomad","GAME_SIMULATION"
""com.lumber.inc","Idle Lumber Empire","GAME_SIMULATION"
""com.rockbite.zombieoutpost","Idle Outpost: Upgrade Games","GAME_SIMULATION"
""com.girls.nail.salon.games","Girls Nail Salon - Nail Games","GAME_SIMULATION"
""com.idle.breaker.game","Idle Breaker - Loot & Survive","GAME_SIMULATION"
""com.build.craft.master.block.world","Build Craft: Master Block 3D","GAME_SIMULATION"
""com.turborocketgames.wildcraft","WildCraft: Animal Sim Online","GAME_SIMULATION"
""com.hsa.games.pocketbots","Pocket Bots","GAME_SIMULATION"
""com.auxbrain.egginc","Egg, Inc.","GAME_SIMULATION"
""com.zakg.scaryteacher.hellgame","Scary Teacher 3D","GAME_SIMULATION"
""com.falling.art.ragdoll.simulator","Falling Art Ragdoll Simulator","GAME_SIMULATION"
""com.sdpgames.sculptpeople","Sculpt People","GAME_SIMULATION"
""com.tt.my.pets.cat.simulator.catsim.kitties.wildcraft.life.escape","Cat Simulator: My Pets","GAME_SIMULATION"
""com.freak.stan","Freaky Stan: The Life Story","GAME_SIMULATION"
""com.hwqgrhhjfd.idlefastfood","Eatventure","GAME_SIMULATION"
""diy.asmr.simulator.paper.doll.games.makeover.maker","Doll Repair - Doll Makeover","GAME_SIMULATION"
""com.episodeinteractive.android.catalog","Episode - Choose Your Story","GAME_SIMULATION"
""com.jura.coloring.page","Color ASMR: Painting Book","GAME_SIMULATION"
""com.opszzy.sl097","DIY Joystick","GAME_SIMULATION"
""com.olzhas.carparking.multyplayer","Car Parking Multiplayer","GAME_SIMULATION"
""com.lovein.seconds","Love in 60 Seconds","GAME_SIMULATION"
""com.craft.city.vip.game.build.house","Craft City World","GAME_SIMULATION"
""com.crazylabs.tie.dye.art","Tie Dye","GAME_SIMULATION"
""farm.parking.game","Farm Jam: Animal Parking Game","GAME_SIMULATION"
""com.IdleMagicSchool.jlyt","Idle Magic School","GAME_SIMULATION"
""com.style.fashion.game.suitsme","SUITSME: Fashion Stylist Games","GAME_SIMULATION"
""com.wn.hairtattoo","Hair Tattoo: Barber Shop Game","GAME_SIMULATION"
""com.newmoonproduction.sunshineisland","Sunshine Island : Farming Game","GAME_SIMULATION"
""com.mars.avgchapters","Chapters: Interactive Stories","GAME_SIMULATION"
""com.cookapps.bm.fortresssaga","SONIC THE HEDGEHOG X FS Collab","GAME_SIMULATION"
""tatto.the.ink.store.shop.art.asmr","The Ink Shop - Tattoo Art ASMR","GAME_SIMULATION"
""com.playstrom.popus","Pop Us!","GAME_SIMULATION"
""com.advant.streamer","Lamar - Idle Vlogger","GAME_SIMULATION"
""com.streamerrush.game","Streamer Rush","GAME_SIMULATION"
""com.gpp.beefactory","Idle Bee Factory Tycoon","GAME_SIMULATION"
""com.ea.games.simsfreeplay_na","The Sims™ FreePlay","GAME_SIMULATION"
""block.app.wars","Block City Wars: Vice World 3d","GAME_SIMULATION"
""com.bobatea.bubble.tea.drink.diy.game.asmrlive","Cat Boba Tea: ASMR Live Master","GAME_SIMULATION"
""world.playme.mechat","MeChat - Interactive Stories","GAME_SIMULATION"
""com.budgestudios.googleplay.FrozenFRZ","Disney Frozen Royal Castle","GAME_SIMULATION"
""io.supercent.burgeridle","Burger Please!","GAME_SIMULATION"
""com.zynga.farmville3","FarmVille 3 – Farm Animals","GAME_SIMULATION"
""com.gk.hoarding","Hoarding and Cleaning","GAME_SIMULATION"
""com.playsidestudios.garbage","Garbage Truck 3D","GAME_SIMULATION"
""com.fundrivegames.mega.ramp.ultimate.cars.stunts.impossibletracks","Ramp Car Games: GT Car Stunts","GAME_SIMULATION"
""com.cdgames.fidget3d","Fidget Toys 3D - Antistress","GAME_SIMULATION"
""com.playstrom.bramaker","Bra Maker","GAME_SIMULATION"
""com.hookah.sandboxinspace","Sandbox In Space","GAME_SIMULATION"
""com.ea.game.simcitymobile_row","SimCity BuildIt","GAME_SIMULATION"
""com.timebomb.gun.prank.simulator","Timebomb Prank, Gun Simulator","GAME_SIMULATION"
""com.sushirolls.app","Sushi Roll 3D - Cooking ASMR","GAME_SIMULATION"
""com.oppanagames.car.simulator","Car Simulator 2","GAME_SIMULATION"
""com.millecrepestudios.queen","Become an Office Queen","GAME_SIMULATION"
""com.tensquaregames.hunting.clash.wild.hunter.deer","Hunting Clash: Shooting Games","GAME_SIMULATION"
""su.canoe.zoo.elephant","Zoo - Happy Animals","GAME_SIMULATION"
""com.hyperaquapark.game","My Aquapark: Idle Water Empire","GAME_SIMULATION"
""com.dramaton.dolls","Go! Dolliz: 3D Doll Dress Up","GAME_SIMULATION"
""com.cclaw.diypaperdoll","DIY Paper Doll","GAME_SIMULATION"
""com.ig.color.car.coloring","Car Coloring Pages ASMR","GAME_SIMULATION"
""com.hospital.craze.clinic.happy.doctor.ASMR","Hospital Frenzy: Clinic Game","GAME_SIMULATION"
""com.whoyaho.tanghulu","Tanghulu Master - Candy ASMR","GAME_SIMULATION"
""com.crowdstar.covetHome","Design Home™: House Makeover","GAME_SIMULATION"
""com.rcl.nthrrch","Mr.Billion: Idle Rich Tycoon","GAME_SIMULATION"
""com.homedesign.restore.asmr.games","Home Makeover: ASMR Game","GAME_SIMULATION"
""com.apetrus.makeup","Makeup Kit - Color Mixing","GAME_SIMULATION"
""com.rubygames.doctorcare","Beauty Care!","GAME_SIMULATION"
""com.gun.lightsaber.scifigunsounds","Gun Simulator & Lightsaber","GAME_SIMULATION"
""com.mechanist.vampire.aos","Game of Vampires: Twilight Sun","GAME_SIMULATION"
""com.gpg.ninemonths","Idle 9 Months","GAME_SIMULATION"
""com.run.squid.challenges.survival.clash","456 Run Challenge: Clash 3D","GAME_SIMULATION"
""com.shortcut.bemyguest","Be My Guest - Landlord Sim","GAME_SIMULATION"
""com.LGIGameStudio.FallGuyLegend","Fall Guy Legend","GAME_SIMULATION"
""com.pineapple.craft.ragdoll.playground","Human Sandbox: Ragdoll Play","GAME_SIMULATION"
""com.solitairetripeaks.masterdesign","Carnival Tycoon: Idle Games","GAME_SIMULATION"
""com.miniclip.plagueinc","Plague Inc.","GAME_SIMULATION"
""com.SekGames.MyDreamHospital","Dream Hospital","GAME_SIMULATION"
""com.budgestudios.googleplay.MiraculousMIR","Miraculous Ladybug Life","GAME_SIMULATION"
""com.reg.barber.hair.salon.shop.game","Barber Hair Salon Shop","GAME_SIMULATION"
""it.rortos.realflight","Airline Commander: Flight Game","GAME_SIMULATION"
""com.DefaultCompany.BloodBox","BloodBox","GAME_SIMULATION"
""com.battlecreek.americanmarksman","American Marksman","GAME_SIMULATION"
""com.tree.idle.catsnackbar","Cat Snack Bar: Cute Food Games","GAME_SIMULATION"
""com.amb.gangster.spider.crime","Gangster City: Thug King","GAME_SIMULATION"
""com.hg.heromaking","Hero Making Tycoon: Idle Games","GAME_SIMULATION"
""com.suki.detsuki","I like you! Date with me!","GAME_SIMULATION"
""com.avidionmedia.iGun2","iGun Pro 2 - Original Gun Sim","GAME_SIMULATION"
""com.game.colorslime","Jelly Dye: Jelly Games & ASMR","GAME_SIMULATION"
""com.western.escape","West Escape","GAME_SIMULATION"
""com.indian.car.bike.simulator","Open World: Pixel Outlaw","GAME_SIMULATION"
""com.bravestars.lightsaber.scigun.simulator.sounds","LightSaber - Gun Simulator","GAME_SIMULATION"
""com.pooppa.superloop","Super Loop","GAME_SIMULATION"
""com.omer.ropeanddemolishhh","Rope and Demolish","GAME_SIMULATION"
""com.dobrogamesdg.horse.ragdoll","Ragdoll Simulator Fall Game","GAME_SIMULATION"
""org.dashnet.cookieclicker","Cookie Clicker","GAME_SIMULATION"
""com.warrior.officebuilding.gp","Idle Office Tycoon- Money game","GAME_SIMULATION"
""com.shimmergames.tenants.gp","Rent Please!-Landlord Sim","GAME_SIMULATION"
""info.flowersoft.theotown.theotown","TheoTown","GAME_SIMULATION"
""com.ragdoll.city.playground","Ragdoll City Playground","GAME_SIMULATION"
""com.kiwigames.sushi.simulator","My Sushi Story","GAME_SIMULATION"
""com.xgame.vehicleMaster3D","Vehicle Masters：Car Driver 3D","GAME_SIMULATION"
""com.merge.cooking.theme.restaurant.food","Merge Cooking:Theme Restaurant","GAME_SIMULATION"
""io.supercent.janeasmr","ASMR Rainbow Jelly","GAME_SIMULATION"
""io.hyperhug.cube.slicer","Slice Masters: ASMR Game","GAME_SIMULATION"
""com.hg.armytycoonidlebase.android","Army Tycoon : Idle Base","GAME_SIMULATION"
""com.avatarlife.myworld.avatarmaker.avatarstoryvirtual","Avatar Life: My World","GAME_SIMULATION"
""my.perfect.shop.simulation","My Perfect Shop","GAME_SIMULATION"
""com.flatgames.borderlandpatrol","Borderland Defender - SWAT Sim","GAME_SIMULATION"
""com.shdgames.goliath.ac130.gunship","GOLIATH - AC130 Gunship","GAME_SIMULATION"
""com.mobirix.tdwt","Turret Defense King","GAME_SIMULATION"
""com.cdtg.ragdoll.playground2","Ragdoll Playground 2","GAME_SIMULATION"
""com.hidea.cat","Cats & Soup - Cute Cat Game","GAME_SIMULATION"
""com.grumpyrhinogames.necromerger","NecroMerger - Idle Merge Game","GAME_SIMULATION"
""com.budgestudios.googleplay.BarbieDreamhouse","Barbie Dreamhouse Adventures","GAME_SIMULATION"
""com.fidgettrading.game","Fidget Toys Trading・Pop It 3D","GAME_SIMULATION"
""com.htt.vape.simulator.tn","Vape 'N Pod Trick Simulator","GAME_SIMULATION"
""com.mkarpenko.worldbox","WorldBox - Sandbox God Sim","GAME_SIMULATION"
""com.ldw.vv6","Virtual Villagers 6","GAME_SIMULATION"
""business.simulator.casual.tycoon.games","Happy Escape Tycoon","GAME_SIMULATION"
""com.Rohit.IndianBikes","Indian Bikes Driving 3D","GAME_SIMULATION"
""com.real.gangster.crime.city.vegas","Gangster City: Hero vs Monster","GAME_SIMULATION"
""com.naver.linewebtoon","WEBTOON","COMICS"
""com.kodansha.kmanga","K MANGA","COMICS"
""com.viz.wsj.android","Shonen Jump Manga & Comics","COMICS"
""jp.co.shueisha.mangaplus","MANGA Plus by SHUEISHA","COMICS"
""com.globalcomix.mobileapp","GlobalComix: Comic Book Reader","COMICS"
""com.tapastic","Tapas – Comics and Novels","COMICS"
""com.webcomics.manga","WebComics - Webtoon & Manga","COMICS"
""com.dashtoon.app","Dashtoon: Comics & Manga","COMICS"
""com.square_enix.android_googleplay.mangaup_global","Manga UP!","COMICS"
""net.manta.comic","Manta: Comics & Graphic Novels","COMICS"
""com.marvel.unlimited","Marvel Unlimited","COMICS"
""com.vizmanga.android","VIZ Manga","COMICS"
""com.contentsfirst.tappytoon","Tappytoon Manhwa & Novels","COMICS"
""io.comico","POCKET COMICS: Premium Webtoon","COMICS"
""com.hipcomic","My Collection: Comic Scanner","COMICS"
""com.toomics.global.google","Toomics - Read Premium Comics","COMICS"
""com.zalivka.animation2","Draw Cartoons 2","COMICS"
""com.wael.mangamello","Mangamello - مانجاميلو","COMICS"
""com.lezhin.comics","Lezhin Comics - Daily Releases","COMICS"
""com.yhi.street.city.mafia.gangster.thug.crime.shooting.simulator.game","Indian Gangster Bike Games","COMICS"
""com.wb.goog.dcuniverse","DC UNIVERSE INFINITE","COMICS"
""jp.co.amutus.comicle.mangaapp","Comicle Manga: Manhwa & Comics","COMICS"
""com.viewer.comicscreen","ComicScreen - PDF, ComicReader","COMICS"
""com.animetv.sub.dub.origin","Anime tv - Watch Anime Online","COMICS"
""com.voyce.me","VoyceMe: Manga and Webtoons","COMICS"
""mobi.mangatoon.comics.aphone","MangaToon: Comic & Manga","COMICS"
""com.nhn.android.webtoon","네이버 웹툰 - Naver Webtoon","COMICS"
""com.xm.manga","Manga Buz","COMICS"
""com.apluscomics.comics","HanGraphy","COMICS"
""com.srpc.MangaArabia","مانجا للصغار","COMICS"
""com.LeagueofComicGeeks.app2","League of Comic Geeks","COMICS"
""com.jegulabs.manga","Mango: Lector de Manga Español","COMICS"
""com.keycollectorcomics.keycollector","Key Collector Comics","COMICS"
""com.progdigy.cdisplay.free","CDisplayEx Comic Reader Lite","COMICS"
""com.collectorz.javamobile.android.comics","CLZ Comics - comic collection","COMICS"
""ru.androidtools.comic_book_magazine_reader_cbr_cbz","Comic Book Reader (cbz/cbr)","COMICS"
""com.rookiestudio.perfectviewer","Perfect Viewer","COMICS"
""com.mangamo.app","Mangamo Manga & Comics","COMICS"
""com.alpha_manga.alphamanga","Alpha Manga: Read Isekai Manga","COMICS"
""com.animetv.animetvonline.us2002","Anime tv - Anime Tv Online HD","COMICS"
""com.topco.toptoonglobal.iap","DayComics","COMICS"
""com.inkr.comics","INKR — Comics, Manga, Webtoons","COMICS"
""com.initialcoms.ridi","리디 - 웹툰, 만화, 웹소설, 전자책 모두 여기에!","COMICS"
""caz.cartoon.avatarmaker","Avatar Maker - Avatar Creator","COMICS"
""com.ebookrenta.en_app","Manga Renta","COMICS"
""com.manga.library.online","Manga Library - مكتبة المانجا","COMICS"
""co.pamobile.pokemon.cardmaker","Card Maker for PKM (Poke Fan)","COMICS"
""com.comikey.banagher","Comikey - Manga & Webcomics","COMICS"
""com.tmolector.labs","TMOLector: Manga and Stories","COMICS"
""com.balcony.bomtoon.tw","BOMTOON - 正版授權網漫","COMICS"
""com.csmart.cartooncomic.stripmaker","Cartoon Comic Strip Maker","COMICS"
""com.moguo.comic.comicbook","漫畫集 - 追漫神器","COMICS"
""com.fakephonecall.fakecall.prankcall","Fake Video Call - Prank Call","COMICS"
""com.lalatoon.android","Lalatoon - Comics & Webtoon","COMICS"
""com.arkham","Comics Price Guide","COMICS"
""eu.bandainamcoent.LNDC","Little Nightmares Comics","COMICS"
""com.mouaadouajib.mangago","MangaGo - Ultimate Manga App","COMICS"
""com.dhaouadi.MangaUniverse","MangaRise - Manga Reader","COMICS"
""com.shortboxed","Shortboxed","COMICS"
""com.abyss.abyssreader","Abyss Reader","COMICS"
""com.bomcomics.bomtoon.playstore","봄툰","COMICS"
""crie.mycomics","MyComics","COMICS"
""com.toonsutra.comicapp","Toonsutra: Webtoon & Comics","COMICS"
""com.pocketfm.toons","Pocket Toons","COMICS"
""com.amongus.modminecraftformcpe","Among us Mods mcpe","COMICS"
""co.azuki.app","Azuki – Manga Reader App","COMICS"
""com.hand.craft.omblo.handcraft.survival.adventure","Minicraft Crafting Building","COMICS"
""com.tiklol.getfollowers","Tiklol - Get Followers & Likes","COMICS"
""photo.smile.comic.dragonz","SelfComic: Super Saiyan Photo","COMICS"
""com.wiryaimd.mangatranslator","Manga Translator","COMICS"
""marcostudios.funnyjokes","Funny Jokes And Riddles","COMICS"
""com.bl.cod.black.ops","Cover Hunter - 3v3 Team Battle","COMICS"
""dmw.comicworld.app","Ficbook: Read Fictions Anytime","COMICS"
""com.ffmapmcpe.ffFieMaxminecraftaddon","FF Fire Minecraft Map: Max Mod","COMICS"
""com.comichub","ComicHub","COMICS"
""com.manga.player.arabic","مانجا بلاير - Manga Player","COMICS"
""org.kill.geek.bdviewer","Challenger Comics Viewer","COMICS"
""wastickerapps.newemojistickers.stickersforwhatsapp","WASticker-Sticker for WhatsApp","COMICS"
""com.hv.army.toys.war.attack.shooting.game","Army Toys War Attack Shooting","COMICS"
""com.mangaflip","MANGA BANG！","COMICS"
""jp.pxv.android.manga","pixivコミック - みんなのマンガアプリ","COMICS"
""com.knightmodels.batmanminiaturegame","Batman Miniature Game","COMICS"
""com.wexpy.ocaso","ArcStory - AI comic generator","COMICS"
""com.Mensajes.buena.manana.tarde.noche","Buenos días tardes y noches","COMICS"
""com.delitoon","delitoon","COMICS"
""com.newput.tinyview","Tinyview Comics","COMICS"
""com.rookiestudio.perfectviewer.pdfplugin","Perfect Viewer PDF&DJVU Plugin","COMICS"
""com.ai.video.generator.text.to.video","Text to AI Video Generator","COMICS"
""com.manganet_club","MangaNet Club","COMICS"
""com.Pygmies.superhero.flash.rescue.free","Superhero Flying speedster","COMICS"
""com.aigc.ushow.skyreels","SkyReels: AI Comics, and more!","COMICS"
""air.com.winkypinky.iceprincessmakeupsalonforsisters","Ice Princess Makeup Salon","COMICS"
""com.boss.yotepya_manga","YotePya","COMICS"
""com.rahatlabs.pukhto.novel.pakhtonovels","Pashto novels پښتو ناولې قیصی","COMICS"
""com.elegant.classiccomicveiwer","Newspaper Comic Viewer","COMICS"
""com.sonng.sinjab","في منزل أنثى السنجاب دق دق باب","COMICS"
""br.com.escolhatecnologia.voztradutor","Translator Woman's Voice - TTS","COMICS"
""com.ns.ack","ACK Comics","COMICS"
""com.fakecall.prankcall.prankdial","Prank Call - Fake Phone Call","COMICS"
""com.madmustachecompany.comic.book.manga.reader","ComiQuest - Comic Reader","COMICS"
""app.game.rentaapps","漫画 ”Ｒｅｎｔａ”マンガ レンタル漫画アプリ","COMICS"
""dme.systems.zebra_comics","Zebra Comics: Webtoons & Manga","COMICS"
""sunnary.bibleforchildren","The Bible in pictures","COMICS"
""com.modmcpeaddon.spacemodformcpeminecraftaddon","Space Craft Mod for Minecraft","COMICS"
""com.tezcor.heroSearch","HeroSearch: Aid for Heroscape","COMICS"
""com.icollect.comic","iCollect Comic Books","COMICS"
""com.avatarmaker.cartoonmaker","Cartoon Video & Gif Maker","COMICS"
""com.ontinet.comics","KSUKI - Infinite Comics","COMICS"
""com.minecraft_Robot.modsformcpe_Roblox.pixelmonmod_Pikae","I Survived 100 DAYS as a Santa","COMICS"
""nz.yoozoo.gianteagle","CCC: Call of the Giant Eagle","COMICS"
""com.legendary.farm.animal.sim","Animal Farm Sim Farming Games","COMICS"
""com.balcony.boomtoon","BOOMTOON - เว็บตูน มันฮวา","COMICS"
""photo.smile.comic.ninja","SelfComic: Sasuke Ninja Photo","COMICS"
""de.delitoon","DELITOON DE - Manga & Comics","COMICS"
""com.rahatlabs.pukhto.stories.landeqesi","Pashto short stories پښتو قیصی","COMICS"
""app.seeneva.reader","Seeneva: smart comic reader","COMICS"
""com.comet.comics","COMET — Manga, Webtoon, Manhua","COMICS"
""com.heappi.android.Bubble","Bubble BD Comics Mangas","COMICS"
""com.gcg.indian.air.force.game.gcg","Indian Air Force Helicopter","COMICS"
""com.sgs.scarybus.hellgame.creepy.survival.challenge","Scary Bus Creepy Survival","COMICS"
""com.manga.tales.arabic","Manga Tales - قصص المانجا","COMICS"
""co.trulite.pentacomix","Pentacomix","COMICS"
""com.outground.outseamh.yn","ComicCraze","COMICS"
""dev.raizu.yama","Yama: Manga Collector","COMICS"
""apps.android.books.comicx.comicbooks","Comic Books - CBZ, CBR Reader","COMICS"
""com.dj.botaodememes","Botão de Memes","COMICS"
""com.toomics.zzamtoon.google","투믹스","COMICS"
""com.atgc.novelfull","Novelfull-Comic &Book","COMICS"
""top.fumiama.dmzjweb","动漫之家Lite","COMICS"
""us.fakevideocallingprank.jasonfriday","Jason Calling - Fake Friday 13","COMICS"
""com.nyc.indian.farming.heavy.duty.farmer.village.games","Real Farming Tractor Games 3D","COMICS"
""balcony.beltoon.jp","BeLTOON","COMICS"
""com.mkzhan.google","漫客棧-二次元超快看漫畫","COMICS"
""com.pygmies.fighting.rescue.hero.extreme.city","kungfu city fighting game","COMICS"
""com.gentle.ppcat","皮皮喵漫画","COMICS"
""com.wahidabd.komiku","Komiku - Baca Komik Bahasa","COMICS"
""com.ecomi.vevecomics","VeVe Comics Reader","COMICS"
""com.mod.parasiticmodmcpe","Parasitic Creatures Mod mcpe","COMICS"
""com.comic.mangascans","Read manga online - Mangascans","COMICS"
""com.rebellion.app2000ad","2000 AD Comics and Judge Dredd","COMICS"
""my.geulga","Maru - ComicViewer/TextReader","COMICS"
""mobi.ffuuu.rage","Ffuuu - Rage Comic Maker","COMICS"
""de.casparwre.insult","Insult-o-Matic","COMICS"
""com.nayaappdev.reaytababel","رواية ابابيل","COMICS"
""com.ezne.easyview.free","EasyViewer-epub,Comic,Text,PDF","COMICS"
""com.lionosur.ironmanarcreactor","Iron Man Arc Reactor Tshirt Ch","COMICS"
""org.nogreaterjoy.storybook","Good and Evil Comic Book","COMICS"
""com.picker.sdanim","AI Anime","COMICS"
""com.expertapp.story","آموزش زبان انگلیسی با داستان","COMICS"
""com.balcony.beltoon","Beltoon : Arabic Comics","COMICS"
""net.trellisys.papertrell.shelfd78d4014e0644aecb2034389bc08ddb4","Tinkle","COMICS"
""com.mobi.beebook","BeeBook - Mạng xã hội truyện","COMICS"
""gurukula.com.indiancultureonline","Gurukula Stories Comics Audios","COMICS"
""com.mangayo.store","MangaYo! - Collezione Manga","COMICS"
""com.the616comics.app","The 616 Comics","COMICS"
""com.us.president.security.car.game","US President Security Car Game","COMICS"
""com.mayhem.us.army.missile.attack.ultimate.war","US Army Missile Attack & Ultim","COMICS"
""com.grandrapids.comiccon","Grand Rapids Comic Con","COMICS"
""com.limitnil.bloopworm","bloopworm - smart comic reader","COMICS"
""com.akaya.akayamedia","AKAYA - Webcómics en español","COMICS"
""app.vozesclonadas","Cloned Voices","COMICS"
""com.laminaung.gaminghub","Gaming Hub","COMICS"
""com.sgh.policedog.policecrime","Pet Dog Simulator Puppy Life","COMICS"
""jp.co.nspictures.mangahot","マンガほっと-漫画（まんが）アプリ","COMICS"
""com.abacus.io.voicesms2019","English to Spanish Translator","COMICS"
""com.Bossesmod.theModularBossesmodformcpe","Powerful Bosses Mod","COMICS"
""com.wppstickers","Stickers for WhatsApp","COMICS"
""com.lotsoffood.lotoffoodsmodformcpe","Food mod mcpe","COMICS"
""be.moulinsart.tintinbooks","The Adventures of Tintin","COMICS"
""com.devitan.comicsfree","iManga - Comics Reader","COMICS"
""com.bloodbornecomicsen.myapp","Bloodborne Comics EN","COMICS"
""de.tap.easy_xkcd","Easy xkcd","COMICS"
""com.toast.comico.th","comico การ์ตูนและนิยายออนไลน์","COMICS"
""com.iaan.pencilcamera","Pencil Camera","COMICS"
""com.sfacg.comic","菠萝包漫画","COMICS"
""com.uself.ecomic","Comic Fan - Read Comics","COMICS"
""com.bajake.rikshaw","Bicycle Rickshaw Driving Games","COMICS"
""com.waci11.MuOuRen","Make A Pose","COMICS"
""com.wisdomhouse.justoon","코미코","COMICS"
""com.mrblue.mrblue","미스터블루 - 웹툰, 만화, 소설앱","COMICS"
""com.aerilys.acr.android","Astonishing Comic Reader","COMICS"
""photo.smile.comic.pirate","SelfComic: Anime Pirate Photo","COMICS"
""com.kana.yaomicapp","Yaomic - Yaoi Comics & Fiction","COMICS"
""com.iprankstudio.fartingsounds","Haircut prank, air horn & fart","COMICS"
""com.TopWinGames.CounterAttack.GunStrike.ShootingGames","FPS Shooting Gun Games Offline","COMICS"
""com.ezne.easyview.n","EasyViewer-PDF,epub,heic,Tiff","COMICS"
""ca.pullbox","COMICTRADERS","COMICS"
""com.nyc.us.heavy.cargo.world.highways.delivery.games","US Modern Heavy Grand Truck 3D","COMICS"
""xyz.jienan.xkcd","xkcd - comics viewer","COMICS"
""com.prankcalling.fakevideocall.livecall","Prank Call - Fake Video Call","COMICS"
""com.bajake.bikestunt","Bike Stunt Dirt Bike Games","COMICS"
""com.structures.RedsMoreStructures","Red’s More Structures Mod","COMICS"
""com.bajake.halloweenbubble","Halloween Bubble Shooter","COMICS"
""com.bit.yotepya","WZ Comic -  ကာတြန္းစာအုပ္မ်ား","COMICS"
""com.onwardsmg.comicvid","ComicVid","COMICS"
""com.GlazierCompany.ConnectedGlassAddon","Connected Glass Minecraft Mod","COMICS"
""com.nyc.city.tuk.tuk.taxi.driver.rickshaw.games","Modern Tuk Tuk Auto Driver 3D","COMICS"
""com.skollabs.funny","Funny Laughs LOL! - Daily Fun","COMICS"
""com.putet.comic","Putet Comics 2.0","COMICS"
""com.unknowncomics.app","Unknown Comics","COMICS"
""com.einnovation.temu","Temu: Shop Like a Billionaire","SHOPPING"
""com.zzkko","SHEIN-Shopping Online","SHOPPING"
""com.amazon.mShop.android.shopping","Amazon Shopping","SHOPPING"
""com.walmart.android","Walmart: Shopping & Savings","SHOPPING"
""com.alibaba.intl.android.apps.poseidon","Alibaba.com - B2B marketplace","SHOPPING"
""com.cvs.launchers.cvs","CVS/pharmacy","SHOPPING"
""com.alibaba.aliexpresshd","AliExpress - Shopping App","SHOPPING"
""com.fetchrewards.fetchrewards.hop","Fetch: America’s Rewards App","SHOPPING"
""com.shopify.arrive","Shop: All your favorite brands","SHOPPING"
""com.costco.app.android","Costco Wholesale","SHOPPING"
""com.offerup","OfferUp: Buy. Sell. Letgo.","SHOPPING"
""com.ebay.mobile","eBay online shopping & selling","SHOPPING"
""com.etsy.android","Etsy: Shop & Gift with Style","SHOPPING"
""com.rfi.sams.android","Sam's Club","SHOPPING"
""com.thehomedepot","The Home Depot","SHOPPING"
""com.nike.omega","Nike: Shoes, Apparel & Stories","SHOPPING"
""com.affirm.central","Affirm: Buy now, pay over time","SHOPPING"
""com.lowes.android","Lowe's","SHOPPING"
""com.target.ui","Target","SHOPPING"
""com.usablenet.mobile.walgreen","Walgreens","SHOPPING"
""com.bestbuy.android","Best Buy","SHOPPING"
""com.dollargeneral.android","Dollar General","SHOPPING"
""com.wikibuy.prod.main","Capital One Shopping","SHOPPING"
""com.circlek.gmap.na","Circle K","SHOPPING"
""com.wayfair.wayfair","Wayfair - Shop All Things Home","SHOPPING"
""com.myklarnamobile","Klarna | Shop now. Pay later.","SHOPPING"
""com.bathandbody.bbw","My Bath & Body Works","SHOPPING"
""com.afterpaymobile.us","Afterpay - Buy Now, Pay Later","SHOPPING"
""com.benjaminone.client","Benjamin - Earn Cash Rewards","SHOPPING"
""com.chewy.android","Chewy - Where Pet Lovers Shop","SHOPPING"
""com.gowish.app","GoWish - Your Digital Wishlist","SHOPPING"
""org.craigslist.CraigslistMobile","craigslist","SHOPPING"
""com.poshmark.app","Poshmark - Sell & Shop Online","SHOPPING"
""com.whatnot_mobile","Whatnot: Live Video Shopping","SHOPPING"
""com.zennioptical.app","Zenni - Eyewear for Everyone","SHOPPING"
""com.amazon.mShop.android.business.shopping","Amazon Business: B2B Shopping","SHOPPING"
""com.instacart.shopper","Instacart: Earn money to shop","SHOPPING"
""com.kroger.mobile","Kroger","SHOPPING"
""com.quadpay.quadpay","Zip - Buy Now, Pay Later","SHOPPING"
""com.sezzle.sezzlemobile","Sezzle - Buy Now, Pay Later","SHOPPING"
""com.dhgate.buyermob","DHgate-online wholesale stores","SHOPPING"
""com.tiktokshop.seller","TikTok Shop Seller Center","SHOPPING"
""com.biddl.biddl","Blidz - Shop Deals, Earn Money","SHOPPING"
""com.kohls.mcommerce.opal","Kohl's - Shopping & Discounts","SHOPPING"
""com.brandingbrand.reactnative.and.bjs","BJ's Wholesale Club","SHOPPING"
""com.pogotech.pogocash","Pogo: Earn on Everything","SHOPPING"
""io.attaindata.boomerang","Frisbee: Rewards for Receipts","SHOPPING"
""com.harborfreight.app","Harbor Freight Tools","SHOPPING"
""com.familydollar","Family Dollar","SHOPPING"
""com.samsung.ecomm","Shop Samsung","SHOPPING"
""com.ibotta.android","Ibotta: Save & Earn Cash Back","SHOPPING"
""com.backmarket","Back Market - Buy & Sell tech","SHOPPING"
""com.mercariapp.mercari","Mercari: Buy and Sell App","SHOPPING"
""de.apptiv.business.android.aldi_us","ALDI USA","SHOPPING"
""com.puma.ecom.app","PUMA | Clothes & Shoes App","SHOPPING"
""com.route.app","Route: Package Tracker","SHOPPING"
""com.depop","Depop - Buy & Sell Clothes App","SHOPPING"
""com.heb.myheb","My H-E-B","SHOPPING"
""com.payrange.payrange","PayRange","SHOPPING"
""com.consumerapp_v1","Tractor Supply Company","SHOPPING"
""com.loves.finder","Love's Connect","SHOPPING"
""co.tapcart.app.npQt0DXZpj","Fashion Nova","SHOPPING"
""com.groupon","Groupon – Deals & Coupons","SHOPPING"
""com.stockx.stockx","StockX - Sneakers and Apparel","SHOPPING"
""com.dollartree.consumer","Dollar Tree","SHOPPING"
""com.mercadolibre","Mercado Libre: Compras online","SHOPPING"
""com.infoscout.receipthog","Receipt Hog: Cash for Receipts","SHOPPING"
""com.petsmart.consumermobile","PetSmart","SHOPPING"
""dsgui.android","DICK'S Sporting Goods","SHOPPING"
""com.acehardware.rewards","Ace Hardware","SHOPPING"
""com.ingka.ikea.app","IKEA","SHOPPING"
""com.dealdash","DealDash - Bid & Save Auctions","SHOPPING"
""com.macys.android","Macy's: Online Shopping & Save","SHOPPING"
""com.ebates","Rakuten: Cash Back and Deals","SHOPPING"
""com.gap.mobile.oldnavy","Old Navy: Fashion at a Value!","SHOPPING"
""com.marketplace.offer","Marketplace: Tradet Buy & Sell","SHOPPING"
""com.overstock","Bed Bath & Beyond","SHOPPING"
""com.safeway.client.android.albertsons","Albertsons Deals & Delivery","SHOPPING"
""com.shizhuang.poizon.hk","POIZON - Sneakers & Apparel","SHOPPING"
""com.cider","CIDER - Clothing & Fashion","SHOPPING"
""com.shopkick.app","Shopkick: Cash Back Gift Cards","SHOPPING"
""com.dji.overSeaStore","DJI Store - Try Virtual Flight","SHOPPING"
""com.contextlogic.wish","Wish: Shop and Save","SHOPPING"
""com.meijer.mobile.meijer","Meijer - Delivery & Pickup","SHOPPING"
""com.foodlion.mobile","Food Lion","SHOPPING"
""com.groceryoutlet.loyaltyapp","Grocery Outlet Bargain Market","SHOPPING"
""com.jcp","JCPenney – Shopping & Deals","SHOPPING"
""com.flipfit","Flip.shop","SHOPPING"
""com.airgoat.goat","GOAT – Sneakers & Apparel","SHOPPING"
""com.coinout.scan","CoinOut Receipts & Rewards App","SHOPPING"
""com.jd.jdsportsusa","JD Sports: Shoes & sneakers","SHOPPING"
""com.belk.android.belk","Belk – Shopping App","SHOPPING"
""com.walmart.android.b2b","Walmart Business: B2B Shopping","SHOPPING"
""com.receiptpalapp.android","Receipt Pal Scanner & Rewards","SHOPPING"
""com.nextmar.zeelool.android","Zeelool - AR Try On Glasses","SHOPPING"
""app.fori.android","آگهی فوری","SHOPPING"
""com.tjx.tjmaxx","T.J.Maxx","SHOPPING"
""com.doublefs.halara","Halara","SHOPPING"
""com.airjordanshopbigdeels.app","Air Jordan Shop Big Deels","SHOPPING"
""com.ncp.ncpmobile","NCPMobile: Shopping Rewards","SHOPPING"
""com.lidl.android","myLidl","SHOPPING"
""com.petco.mobile","Petco: The Pet Parents Partner","SHOPPING"
""com.rym.door.inter","Doorzo - Japan proxy services","SHOPPING"
""com.ralphlauren.us.app","Ralph Lauren: Luxury Shopping","SHOPPING"
""com.jpma.EBTShopper","WICShopper","SHOPPING"
""com.fifthfinger.clients.joann","JOANN - Shopping & Crafts","SHOPPING"
""com.menards.mobile","Menards®","SHOPPING"
""com.victoriassecret.vsaa","Victoria's Secret—Bras & More","SHOPPING"
""com.iherb","iHerb: Vitamins & Supplements","SHOPPING"
""com.academy.android","Academy Sports + Outdoors","SHOPPING"
""com.lightinthebox.android","LightInTheBox Online Shopping","SHOPPING"
""com.c51","Checkout 51: Cash Back Savings","SHOPPING"
""com.wishabi.flipp","Flipp: Shop Grocery Deals","SHOPPING"
""com.nike.snkrs","Nike SNKRS: Shoes & Streetwear","SHOPPING"
""com.copart.membermobile","Copart - Online Auto Auctions","SHOPPING"
""com.gap.mobile.gap","Gap","SHOPPING"
""com.madeinchina.b2b.trade","Made-in-China B2B Trade Online","SHOPPING"
""co.tapcart.app.id_K2pNP2pYor","New Era Cap","SHOPPING"
""com.instacart.client.biglots","Big Lots: Fast Delivery","SHOPPING"
""com.RaceTrac.Common","RaceTrac","SHOPPING"
""com.auctionmobility.auctions.recommerce412llc","MAC.BID","SHOPPING"
""com.inditex.zara","Zara","SHOPPING"
""com.safeway.client.android.jewelosco","Jewel-Osco Deals & Delivery","SHOPPING"
""com.bloomchic.app","BloomChic | A Re-Imagining","SHOPPING"
""com.fiveguys.olo.android","Five Guys Burgers & Fries","SHOPPING"
""com.wakefern.shoprite","ShopRite: Groceries & Savings","SHOPPING"
""com.givebacks","Givebacks","SHOPPING"
""com.dsw.android","DSW Designer Shoe Warehouse","SHOPPING"
""com.reverb.app","Reverb: Buy & Sell Music Gear","SHOPPING"
""com.thredup.android","thredUP: Online Thrift Store","SHOPPING"
""com.aftership.AfterShip","AfterShip Package Tracker - Tr","SHOPPING"
""com.hollar.android","Five Below","SHOPPING"
""com.progfinance.progressivemobile","Progressive Leasing Mobile","SHOPPING"
""com.uniqlo.usa.catalogue","UNIQLO US - Clothes Shopping","SHOPPING"
""com.poqstudio.app.platform.plt","PrettyLittleThing","SHOPPING"
""com.qvc","QVC Mobile Shopping (US)","SHOPPING"
""net.groceryshopping.SproutsFarmersMarket","Sprouts","SHOPPING"
""com.generalmills.btfe","Box Tops for Education™","SHOPPING"
""com.freshdirect.android","FreshDirect: Grocery Delivery","SHOPPING"
""com.gamestop.powerup","GameStop","SHOPPING"
""com.bootbarn.app","Boot Barn","SHOPPING"
""com.pacolabs.minifigscan","Minifig Scan","SHOPPING"
""com.fredmeyer.mobile","Fred Meyer","SHOPPING"
""com.stopandshop.mobile.droid","Stop & Shop","SHOPPING"
""com.grainger.mobile.android","W.W. Grainger, Inc.","SHOPPING"
""co.tapcart.app.VMWtwhI4Hm","JLab Store and Burn-in Tool","SHOPPING"
""com.abercrombie.hollister","Hollister Co.","SHOPPING"
""com.meesho.supply","Meesho: Online Shopping App","SHOPPING"
""com.warbyparker.app","Warby Parker","SHOPPING"
""com.flipkart.android","Flipkart Online Shopping App","SHOPPING"
""com.thrivemarket.app","Thrive Market: Shop Healthy","SHOPPING"
""com.bluestem.fingerhut.android","Fingerhut Mobile","SHOPPING"
""com.meamobile.printicular","Printicular: Walgreens Photo","SHOPPING"
""com.rarewire.forever21","Forever 21-The Latest Fashion","SHOPPING"
""com.nordstrom.rack.app","Nordstrom Rack","SHOPPING"
""com.ae.ae","AE + Aerie","SHOPPING"
""com.skechers.android","Skechers","SHOPPING"
""com.snapfinance.snap","Snap Finance","SHOPPING"
""com.frysfood.mobile","Fry’s","SHOPPING"
""com.opensooq.OpenSooq","السوق المفتوح - OpenSooq","SHOPPING"
""com.joinhoney.honeyandroid","PayPal Honey: Coupons, Rewards","SHOPPING"
""com.hottopic.android","Hot Topic—All Fandoms Welcome","SHOPPING"
""com.icedblueberry.shoppinglisteasy","Shopping List - Simple & Easy","SHOPPING"
""com.stitchfix.stitchfix","Stitch Fix: Style made easy","SHOPPING"
""com.ralphs.mobile","Ralphs","SHOPPING"
""com.rewardstyle.liketoknowit","LTK","SHOPPING"
""com.lyst.lystapp","Lyst: Shop Fashion Brands","SHOPPING"
""com.truereligion.app.truereligion","True Religion | Since 2002","SHOPPING"
""com.roomstogo.dealstogo","Rooms To Go","SHOPPING"
""com.levistrauss.customer","Levi's - Shop Denim & More","SHOPPING"
""com.tjx.marshalls","Marshalls Official","SHOPPING"
""com.daraz.android","Daraz Online Shopping App","SHOPPING"
""com.smithsfoodanddrug.mobile","Smith's","SHOPPING"
""ir.torob","ترب | بهترین قیمت بازار","SHOPPING"
""fr.vestiairecollective","Vestiaire Collective","SHOPPING"
""com.cat.digital.ecomm","Cat® Central","SHOPPING"
""yqtrack.app","17TRACK Package Tracker","SHOPPING"
""com.influenster","Influenster","SHOPPING"
""com.upliftinc.android","Uplift - Buy Now, Pay Later","SHOPPING"
""com.hca.homelandstores","Homeland Stores","SHOPPING"
""com.victoriassecret.pinknation","Victoria's Secret PINK Apparel","SHOPPING"
""com.l","Listonic: Grocery List App","SHOPPING"
""com.moneydolly","MoneyDolly - Fundraising","SHOPPING"
""com.spencermobile.app","Spencer's Nation","SHOPPING"
""com.nordstrom.app","Nordstrom","SHOPPING"
""com.childrensplace.tcpmobileapp","The Children's Place","SHOPPING"
""ai.vetted.vettedmobile","Vetted AI: Your Shopping Agent","SHOPPING"
""com.basspro.bassprocommerce","Bass Pro Shops","SHOPPING"
""com.gpshopper.boohooman","boohooMAN: Shop Men’s Clothing","SHOPPING"
""com.voghion.app","Voghion - Online shopping app","SHOPPING"
""fr.vinted","Vinted - Buy and sell clothes","SHOPPING"
""com.thekrazycouponlady.kcl","KCL: Coupons, Deals, Discounts","SHOPPING"
""com.mercatustechnologies.staterbros","Stater Bros. Markets","SHOPPING"
""brdata.cms.base.foodbazaar","Food Bazaar","SHOPPING"
""com.safeway.client.android.acme","ACME Markets Deals & Delivery","SHOPPING"
""com.modesens.androidapp","ModeSens - Shopping Assistant","SHOPPING"
""shop.hmall.hmall","HongMall – The Mall for More","SHOPPING"
""com.g2a.marketplace","G2A","SHOPPING"
""com.cafe24.ec.pluseoliveyoung","OLIVEYOUNG GLOBAL","SHOPPING"
""com.WinnersCircle","Finish Line: Shop new sneakers","SHOPPING"
""com.dino.race.master","Car Race 3D: Car Racing","GAME_RACING"
""com.v02c.car.race.city.real.simulation","Driving Real Race City 3D","GAME_RACING"
""com.easygames.race","Race Master 3D - Car Racing","GAME_RACING"
""com.tojgames.trafficracer","Traffic Racer Pro : Car Games","GAME_RACING"
""com.hypermonkgames.HighwayOvertake","Highway Overtake - Car Racing","GAME_RACING"
""com.monster.demolition","Monster Demolition - Giants 3D","GAME_RACING"
""racearena.io","Cars Arena: Fast Race 3D","GAME_RACING"
""com.skgames.trafficrider","Traffic Rider","GAME_RACING"
""com.gameloft.android.ANMP.GloftA8HM","Asphalt 8 - Car Racing Game","GAME_RACING"
""com.refuelgames.rally","Rally Fury - Extreme Racing","GAME_RACING"
""com.drivezone.car.race.game","Drive Zone: Car Simulator Game","GAME_RACING"
""com.fingersoft.hillclimb","Hill Climb Racing","GAME_RACING"
""com.ig.moto.racing","Moto Rider, Bike Racing Game","GAME_RACING"
""com.fingersoft.hcr2","Hill Climb Racing 2","GAME_RACING"
""realcar.driving.traffic.city.car3d.race.openworld","Car Driving Traffic Simulator","GAME_RACING"
""com.ea.game.nfs14_row","Need for Speed™ No Limits","GAME_RACING"
""com.foosegames.brasiltuning2","Brasil Tuning 2","GAME_RACING"
""com.MadOut.BIG","MadOut 2: Grand Auto Racing","GAME_RACING"
""com.hyperkani.trialbike","Stunt Bike Extreme","GAME_RACING"
""com.tiramisu.driftmax2","Drift Max Pro Car Racing Game","GAME_RACING"
""com.ducky.bikehill3d","Riding Extreme 3D","GAME_RACING"
""com.gym.racegame","Epic Race 3D – Parkour Game","GAME_RACING"
""com.combineinc.streetracing.driftthreeD","Street Racing 3D","GAME_RACING"
""car.line.race","Line Race: Police Pursuit","GAME_RACING"
""com.vectorunit.purple.googleplay","Beach Buggy Racing","GAME_RACING"
""racer.idle.merge","Idle Racer — Tap, Merge & Race","GAME_RACING"
""com.eshigames.hajwalasimulator1","Drift & Waznyat Simulator","GAME_RACING"
""game.revani.racemaxpro","Race Max Pro - Car Racing","GAME_RACING"
""com.aim.racing","Extreme Car Driving Simulator","GAME_RACING"
""offroad.racing.game","Off Road 4x4 Driving Simulator","GAME_RACING"
""com.bacon.bc23b.traffic.car.driving.racing.city","Traffic Driving Car Simulator","GAME_RACING"
""com.pf.bmx.cycle.games.extreme.bicycle.games","BMX Cycle Extreme Bicycle Game","GAME_RACING"
""com.budgestudios.googleplay.HotWheelsUnlimited","Hot Wheels Unlimited","GAME_RACING"
""com.x3m.tx4","Trial Xtreme 4 Bike Racing","GAME_RACING"
""com.tbegames.and.best_moto_race","Moto Rider GO: Highway Traffic","GAME_RACING"
""com.ea.games.r3_na","Real Racing 3","GAME_RACING"
""com.d18c.epic.high.speed.car.jump.game","High Speed Car : Car Racing 3D","GAME_RACING"
""com.naturalmotion.customstreetracer2","CSR 2 Realistic Drag Racing","GAME_RACING"
""com.bacon.bc19c.real.racing.bike.master","Moto Rider Bike Race Game","GAME_RACING"
""com.money.run.hypercasual3d","Money Run 3D","GAME_RACING"
""com.hyperkani.stuntcarextreme","Stunt Car Extreme","GAME_RACING"
""com.yg.bike.racinggame","Motocross Bike Racing Game","GAME_RACING"
""com.duck10.mega.ramp.car.driving","Mega Ramp Car: Ultimate Racing","GAME_RACING"
""com.gameloft.android.ANMP.GloftA9HM","Asphalt Legends Unite","GAME_RACING"
""com.v02.stunt.master.mega.ramp.racing.car","Real Car Racing: Race Master","GAME_RACING"
""com.fengiiley.frlegends","FR Legends","GAME_RACING"
""com.hutchgames.ccw","Forza Customs - Restore Cars","GAME_RACING"
""com.dogbytegames.offtheroad","OTR - Offroad Car Driving Game","GAME_RACING"
""com.notdoppler.earntodierogue","Earn to Die Rogue","GAME_RACING"
""com.kayac.mannequinDownhill","Mannequin Downhill","GAME_RACING"
""com.turborilla.bike.racing.madskillsmotocross3","Mad Skills Motocross 3","GAME_RACING"
""com.vectorunit.red","Riptide GP2","GAME_RACING"
""air.com.aceviral.motox3m","Moto X3M Bike Race Game","GAME_RACING"
""com.jura.monster.truck.stunt","Car Games: Monster Truck Stunt","GAME_RACING"
""com.olzhas.carparking.multyplayer2","Car Parking Multiplayer 2","GAME_RACING"
""com.vectorunit.cobalt.googleplay","Beach Buggy Racing 2","GAME_RACING"
""com.vodigitalarts.rally1","Rally One : Race to glory","GAME_RACING"
""com.topfreegames.bikeracefreeworld","Bike Race：Motorcycle Games","GAME_RACING"
""com.gameloft.anmp.disney.speedstorm","Disney Speedstorm","GAME_RACING"
""com.StudioFurukawa.PixelCarRacer","Pixel Car Racer","GAME_RACING"
""com.duck13.car.driving.crash.game3d.simulator.v2","Car Driving Game : Car Crash","GAME_RACING"
""com.hypermonkgames.Drift2Drag","Drift 2 Drag","GAME_RACING"
""com.battlecreek.offroadoutlaws","Offroad Outlaws","GAME_RACING"
""com.jura.motor.stunt.master","GT Moto Stunt 3D: Driving Game","GAME_RACING"
""com.boombitgames.DrivingSchoolParking","Car Driving School Simulator","GAME_RACING"
""com.kayac.PuppetmanOffRoad","Puppetman Off-Road","GAME_RACING"
""com.slippy.linerusher","Fun Race 3D — Run and Parkour","GAME_RACING"
""com.CarXTech.highWay","CarX Highway Racing","GAME_RACING"
""com.ansangha.drparking4","Dr. Parking 4","GAME_RACING"
""com.battlecreek.nolimit2","No Limit Drag Racing 2","GAME_RACING"
""com.games.bus.arrival","Bus Arrival","GAME_RACING"
""com.nathanmalville.slalom2","Double Drift","GAME_RACING"
""com.volcanogames.mudracing","Mud Racing: 4х4 Off-Road","GAME_RACING"
""com.dodreams.driveahead","Drive Ahead! - Fun Car Battles","GAME_RACING"
""com.carxtech.sr","CarX Street","GAME_RACING"
""com.budgestudios.googleplay.BudgeRacing","Race Craft - Kids Car Games","GAME_RACING"
""com.hutchgames.rebelracing","Rebel Racing","GAME_RACING"
""mobi.gameguru.racingfevermoto","Racing Fever: Moto","GAME_RACING"
""com.dino.moto.race.master","Bike Race: Racing Game","GAME_RACING"
""com.race.master.stunt.drift.racing.drive.free.car.games","Car Racing 3D: Racer Master","GAME_RACING"
""com.notdoppler.earntodie2","Earn to Die 2","GAME_RACING"
""com.hutchgames.cccg","Top Drives – Car Cards Racing","GAME_RACING"
""com.carxtech.carxdr2","CarX Drift Racing 2","GAME_RACING"
""com.plane.chase","Plane Chase","GAME_RACING"
""com.fancyforce.happywheels","Happy Wheels","GAME_RACING"
""com.smokoko.race","RACE: Rocket Arena Car Extreme","GAME_RACING"
""com.d03.real.bike.stunt.xtreme.game3D","Bike Xtreme Skill - Bike Race","GAME_RACING"
""com.wolvesinteractive.racinggo","Racing Go: Speed Thrills","GAME_RACING"
""com.tbegames.and.top_speed_racing","TopSpeed: Drag & Fast Racing","GAME_RACING"
""leagueofmonkeys.torqueburnout","Torque Burnout","GAME_RACING"
""flying.car.driving","Car games drive car parking","GAME_RACING"
""com.cerebelliumapps.motoextremeracing","Motorcycle Real Simulator","GAME_RACING"
""com.PixelJoy.MountainBikeXtreme","Mountain Bike Xtreme","GAME_RACING"
""com.DAPALAB.RaceClicker","Race Clicker: Tap Tap Game","GAME_RACING"
""com.plug.head.man.adventure.racing.hyper.casual.games","Head Connector Plug Race Game","GAME_RACING"
""com.cagames.racing.real.speed.cars.drive","Car Real Simulator","GAME_RACING"
""car.smash.drive","Crazy Rush 3D: Race Master","GAME_RACING"
""com.ansangha.drdriving","Dr. Driving","GAME_RACING"
""com.MantisGames.FormulaUnlimitedFREE","Fx Racer","GAME_RACING"
""com.gzl.drivebus.parking.game","Modern Bus Simulator: Bus Game","GAME_RACING"
""com.Graypow.RallyHorizon","Rally Horizon","GAME_RACING"
""com.minicades.stockcars","Stock Car Racing","GAME_RACING"
""com.kamgam.sbr2","Airborne Motocross Bike Racing","GAME_RACING"
""com.avecreation.drivingzonegermany","Driving Zone: Germany","GAME_RACING"
""com.vive.riderleague","Race.io","GAME_RACING"
""com.semeevs.driftyrace3d","Hyper Drift!","GAME_RACING"
""com.hutchgames.nascar","NASCAR Manager","GAME_RACING"
""com.carxtech.rally","CarX Rally","GAME_RACING"
""com.hypermonkgames.Dyno2RaceCarTuning","Dyno 2 Race - Car Tuning","GAME_RACING"
""com.OpenWorldCarGames.CarS","Car S: Parking Simulator Games","GAME_RACING"
""com.twoheadedshark.tco","Tuning Club Online","GAME_RACING"
""com.kayac.type_spin","Type Spin: alphabet run game","GAME_RACING"
""com.mehdirabiee.XtremeMotorbikes","Xtreme Motorbikes","GAME_RACING"
""com.turbo.stars","Turbo Stars - Rival Racing","GAME_RACING"
""com.utincomputer.hyperovertake","Rush Hour 3D: Car Game","GAME_RACING"
""com.silevel.mcjump","Mountain Climb : Jump","GAME_RACING"
""com.ht.mini.car.raceway.endless.drive","Mini Car Racing Game Legends","GAME_RACING"
""com.kingkodestudio.classicracing","Classic Drag Racing Car Game","GAME_RACING"
""com.miniit.iracing","Instant Drag Racing: Car Games","GAME_RACING"
""com.azurgames.taxi","Taxi Run: Traffic Driver","GAME_RACING"
""com.skgames.trafficracer","Traffic Racer","GAME_RACING"
""com.mirai.obby.parkour.bike.challenge","Bike Master Challenge","GAME_RACING"
""com.game.bus.rush","Level Up Bus","GAME_RACING"
""com.kn.trafficracer.bikeracegames","Moto World Tour: Bike Racing","GAME_RACING"
""com.cassette.ballsgohigh","Balls Go High","GAME_RACING"
""com.gabama.monopostolite","Monoposto","GAME_RACING"
""com.turborilla.MadSkillsMotocross2","Mad Skills Motocross 2","GAME_RACING"
""com.dogbytegames.blockyrush","Blocky Highway: Traffic Racing","GAME_RACING"
""real.car.race.master.city3d.simulator","Real Car Driving: Racing 3D","GAME_RACING"
""com.levelappstudios.racinglegends","Racing Legends - Offline Games","GAME_RACING"
""com.gezellig.roadcrash","Road Crash","GAME_RACING"
""com.gravity.rider.balance.run.bike","Gravity Rider: Space Bike Race","GAME_RACING"
""com.wordsmobile.RealBikeRacing","Real Bike Racing","GAME_RACING"
""com.hepagames.buildacar","Build A Car : Racing Game","GAME_RACING"
""com.CandyGaming.CarGame","Fast&Grand: Car Driving Game","GAME_RACING"
""com.hikboo.trial.motox3m.xtreme.motorbikes.motorcycle.games","Trial Mania: Dirt Bike Games","GAME_RACING"
""com.FailGames.RoyalCarDestroy","Car Crash Royale","GAME_RACING"
""com.hutchgames.formularacing","F1 Clash - Car Racing Manager","GAME_RACING"
""com.budgestudios.ThomasAndFriendsGoGoThomas","Thomas & Friends: Go Go Thomas","GAME_RACING"
""com.dogbytegames.zombiesafari","Zombie Offroad Safari","GAME_RACING"
""com.race.motorush","Wild Wheels: Bike Racing","GAME_RACING"
""com.blackdrive.drivedodge","Driving Dodge Charger Race Car","GAME_RACING"
""com.gt.club.drag.racing.car.game","GT Nitro: Drag Racing Car Game","GAME_RACING"
""com.wolvesinteractive.motortour","Motor Tour: Biker's Challenge","GAME_RACING"
""com.creativemobile.nno","Nitro Nation: Car Racing Game","GAME_RACING"
""com.titan.BikeRacing.moto","Moto Bike: Offroad Racing","GAME_RACING"
""com.speedwaylabs.draftycar","DRAFTYCAR","GAME_RACING"
""com.iabuzz.HelloKittyRacingAdventure","Hello Kitty games for girls","GAME_RACING"
""com.ambratorgames.Hajwalahlife","Drift for Life","GAME_RACING"
""www.wheelroad.wheeloffroad","Wheel Offroad","GAME_RACING"
""com.matabgames.driftonline","Hajwala & Drift Online","GAME_RACING"
""com.mobirate.bigrig","Big Rig Racing: Drag racing","GAME_RACING"
""com.studionum43.drift_hunters_car_tuning","Drift Hunters","GAME_RACING"
""com.a25apps.HillClimber","Prime Peaks","GAME_RACING"
""com.CrashTime.RealCarCrash","RCC - Real Car Crash Simulator","GAME_RACING"
""com.game.animal.race","Animal Racing","GAME_RACING"
""com.FailGames.RealCarCrash","Car Crash Premium offline","GAME_RACING"
""com.redbull.moto","Dirt Bike Unchained: MX Racing","GAME_RACING"
""com.weplay.motogp","MotoGP Racing '23","GAME_RACING"
""com.bycodec.project_drift","Project Drift 2.0 : Online","GAME_RACING"
""com.carj.racinj","Race Master Legends","GAME_RACING"
""com.ps.flying.superhero.monster.truck.stunt.racing.games","Mega Ramp Monster Truck Stunts","GAME_RACING"
""leagueofmonkeys.torquedrift","Torque Drift","GAME_RACING"
""com.train.ramp.jumping","Train Ramp Jumping","GAME_RACING"
""com.sir.racing.ultimatecardrivingsimulator","Ultimate Car Driving Simulator","GAME_RACING"
""com.unicorn.superhero.run","Superhero Run - Epic Race 3D","GAME_RACING"
""com.timbojimbo.ssr","Static Shift Racing","GAME_RACING"
""com.herocraft.game.drag.auto.street.racing.heat","SRGT－Racing & Car Driving Game","GAME_RACING"
""com.dirtybit.fire","Fun Run 4 - Multiplayer Games","GAME_RACING"
""com.mobadu.BlockyCarRacer","Blocky Car Racer - racing game","GAME_RACING"
""com.gf.changer.shape.shift.race.shape.shifting.transform.race.shapeshifting.shapechanger","Shape Switch Fun Games","GAME_RACING"
""com.imayi.monstertruckgofree","Monster Truck Go: Racing Games","GAME_RACING"
""com.bc10c.racing.car.master.crazy","Car Driving Master Racing 3D","GAME_RACING"
""com.notdoppler.renegaderacing","Renegade Racing","GAME_RACING"
""com.gamersquad.racing.car.racecar.games.extremecardriving.racemaster.speedcar.speedforneed","Car Racing 2023 Offline Game","GAME_RACING"
""com.abi.car.parking","Car Parking 3D Pro: City Drive","GAME_RACING"
""com.drift.burnout.race","Drift No Limit: Car racing","GAME_RACING"
""com.akdev.wheelielife3","Wheelie Life 3","GAME_RACING"
""com.EasyWays.DriftClash","Drift Clash Online Racing","GAME_RACING"
""com.aquiris.horizonchase","Horizon Chase – Arcade Racing","GAME_RACING"
""com.vividgames.gravity.rider.zero.bike","Gravity Rider Zero","GAME_RACING"
""com.tapcheer.hotslide","Hot Slide","GAME_RACING"
""com.bennettracingsimulations.dirttrackin2","Dirt Trackin 2","GAME_RACING"
""com.beermoneygames.demolition3","Demolition Derby 3","GAME_RACING"
""com.ovilex.drivingschoolsim","Driving School Simulator","GAME_RACING"
""com.bc10b.top.racing.car.master.game3d","Car Race 3D - Racing Master","GAME_RACING"
""com.imayi.dinocode3","Coding for kids - Racing games","GAME_RACING"
""com.turner.boomerangmakeandrace2","Boomerang Make and Race 2","GAME_RACING"
""com.game.shape.shift","Shape-shifting","GAME_RACING"
""com.dirtybit.fra","Fun Run 3 - Multiplayer Games","GAME_RACING"
""com.car.crash.car.stunt.master","Mega Rampa Car Stunt Master","GAME_RACING"
""com.mirai.obby.parkour.motor.challenge","Motor Master Challenge","GAME_RACING"
""car.hillside.rush.racing","Hillside Drive: car racing","GAME_RACING"
""com.maleo.cardrivingonline","Car Driving Online: Race World","GAME_RACING"
""com.spiral.race.game","Spiral Race","GAME_RACING"
""com.ovilex.drivingschoolsimulatorevo","Driving School Simulator : Evo","GAME_RACING"
""com.AnderK.WheelScale","Wheel Scale!","GAME_RACING"
""com.doodle.turboracing3d","Turbo Driving Racing 3D","GAME_RACING"
""com.tbegames.and.top_speed_drag_racing2","TopSpeed 2: Drag Rivals Race","GAME_RACING"
""com.LastCall.CarCrashArena","Car Crash Arena: Sandbox","GAME_RACING"
""com.zillow.android.zillowmap","Zillow: Homes For Sale & Rent","HOUSE_AND_HOME"
""com.move.realtor","Realtor.com: Buy, Sell & Rent","HOUSE_AND_HOME"
""com.thumbtack.consumer","Thumbtack: Hire Service Pros","HOUSE_AND_HOME"
""com.sherwin.diy","Sherwin-Williams Color Expert™","HOUSE_AND_HOME"
""com.redfin.android","Redfin Houses for Sale & Rent","HOUSE_AND_HOME"
""com.roku.rokuhome","Roku Smart Home","HOUSE_AND_HOME"
""app.visory.security_camera","Surveillance camera Visory","HOUSE_AND_HOME"
""com.ivuu","AlfredCamera Home Security app","HOUSE_AND_HOME"
""com.wizconnected.wiz2","WiZ Connected","HOUSE_AND_HOME"
""com.rent","Rent. Apartments & Homes","HOUSE_AND_HOME"
""com.apartments.mobile.android","Apartments.com Rental Search a","HOUSE_AND_HOME"
""com.apartmentlist.mobile","Apartment List","HOUSE_AND_HOME"
""com.homes.homesdotcom","Homes.com for Sale & Rent","HOUSE_AND_HOME"
""com.servicemagic.consumer","Angi: Hire Home Service Pros","HOUSE_AND_HOME"
""com.trulia.android","Trulia: Homes For Sale & Rent","HOUSE_AND_HOME"
""com.appfolio.resident_portal","Online Portal by AppFolio","HOUSE_AND_HOME"
""com.boost.samsung.remote","Remote for Smart Samsung TV","HOUSE_AND_HOME"
""com.taskrabbit.droid.consumer","Taskrabbit - Handyman, Errands","HOUSE_AND_HOME"
""com.sunrun.customerapp","Sunrun","HOUSE_AND_HOME"
""com.zillow.android.rentals","Apartments & Rentals - Zillow","HOUSE_AND_HOME"
""com.vivint.vivintsky","Vivint","HOUSE_AND_HOME"
""io.gam.tvremote.smarttv","Universal TV Remote Control","HOUSE_AND_HOME"
""com.ecobee.athenamobile","ecobee","HOUSE_AND_HOME"
""io.afero.partner.hubspace","Hubspace","HOUSE_AND_HOME"
""com.planner5d.planner5d","Planner 5D: Home Design, Decor","HOUSE_AND_HOME"
""com.touchberry.plant.story.identification.gardening","Palmstreet - Buy Plants Live","HOUSE_AND_HOME"
""com.merkury.geeni","Merkury Smart","HOUSE_AND_HOME"
""com.xtreme.monstersmartlighting","Monster Smart Lighting","HOUSE_AND_HOME"
""com.tvapp.remote.tvremote.universalremote","Universal TV Remote Control","HOUSE_AND_HOME"
""com.stromming.planta","Planta - Care for your plants","HOUSE_AND_HOME"
""com.icandesignapp.all","Room Planner: Home Interior 3D","HOUSE_AND_HOME"
""com.tv.cast.screen.mirroring.remote.control","TV Cast: Anycast in smart view","HOUSE_AND_HOME"
""com.activebuilding.residents","ActiveBuilding","HOUSE_AND_HOME"
""io.betidy.BeTidy","BeTidy: Home Cleaning Schedule","HOUSE_AND_HOME"
""codematics.universal.tv.remote.control","Universal TV Remote Control","HOUSE_AND_HOME"
""com.padsplit.memberapp","PadSplit: Rooms for rent","HOUSE_AND_HOME"
""com.hunterindustries.hydrawise","Hydrawise","HOUSE_AND_HOME"
""com.smartwidgetlabs.philipshue","Hue Light App Remote Control","HOUSE_AND_HOME"
""com.trulia.android.rentals","Trulia Rent Apartments & Homes","HOUSE_AND_HOME"
""com.whiskerlabs.sparkfault.mobile","Ting Sensor","HOUSE_AND_HOME"
""com.allegion.leopard","Schlage Home","HOUSE_AND_HOME"
""app.sweepy.sweepy","Sweepy: Home Cleaning Schedule","HOUSE_AND_HOME"
""com.universal.tv.remote.control.screen.mirroring","Remote Control for All TV","HOUSE_AND_HOME"
""com.primedia.apartmentguide","Apartments by Apartment Guide","HOUSE_AND_HOME"
""cz.master.lois","Home Security Camera ZoomOn","HOUSE_AND_HOME"
""com.universal.ac.remote.control.air.conditioner","AC Remote - Air Conditioner","HOUSE_AND_HOME"
""io.homeassistant.companion.android","Home Assistant","HOUSE_AND_HOME"
""com.hotpads.mobile","HotPads Rent Apartments","HOUSE_AND_HOME"
""com.parcelpendingmobile.app","Parcel Pending","HOUSE_AND_HOME"
""com.variable.sw","ColorSnap® Match","HOUSE_AND_HOME"
""com.houzz.app","Houzz - Home Design & Remodel","HOUSE_AND_HOME"
""com.ushud","USHUD Foreclosure Home Search","HOUSE_AND_HOME"
""com.orbit.orbitsmarthome","b-hyve","HOUSE_AND_HOME"
""com.smartrent.resident","SmartRent","HOUSE_AND_HOME"
""com.showingtime.ConsumerApp","Home by ShowingTime","HOUSE_AND_HOME"
""vizio.remote.control.tv.smartcast","Vizio Smart TV Remote","HOUSE_AND_HOME"
""com.fineart.universal.tv.remote.control","Universal TV Remote & Roku Tv","HOUSE_AND_HOME"
""com.buildium.resident.android","Resident Center","HOUSE_AND_HOME"
""com.hisense.smart.tv.remote.hisensesmarttvremote","HiSense Smart TV Remote","HOUSE_AND_HOME"
""com.matterport.android.capture","Matterport","HOUSE_AND_HOME"
""com.opendoor.buyerapp","Opendoor - Buy and Sell Homes","HOUSE_AND_HOME"
""com.purascents.android","Pura","HOUSE_AND_HOME"
""com.benjaminmoore.colorportfolio","Color Portfolio","HOUSE_AND_HOME"
""com.kapron.ap.aicamview.tv","IP Camera Viewer","HOUSE_AND_HOME"
""com.roku.tv.remote.control","Remote Control for Roku TV","HOUSE_AND_HOME"
""com.veteransunited.my.twa","MyVeteransUnited","HOUSE_AND_HOME"
""onn.smart.tv.remote","Onn Smart TV Remote","HOUSE_AND_HOME"
""com.bonc.paintmyroom","Paint my Room - Try wall color","HOUSE_AND_HOME"
""cam.camy","Camy — Live Video CCTV","HOUSE_AND_HOME"
""io.hometasker.android","House Chores Cleaning Schedule","HOUSE_AND_HOME"
""com.trialx.ora","The ORA App","HOUSE_AND_HOME"
""com.RentRedi.RentRedi2","RentRedi for Tenants & Owners","HOUSE_AND_HOME"
""com.boomtownroi.android.consumer","HomeSearchNOW","HOUSE_AND_HOME"
""com.rachio.iro","Rachio","HOUSE_AND_HOME"
""com.zumper.rentals","Zumper - Apartment Finder","HOUSE_AND_HOME"
""fr.anuman.HomeDesign3D","Home Design 3D","HOUSE_AND_HOME"
""com.housedesing.homeplanner.floorplan","House Design 3D - Home Planner","HOUSE_AND_HOME"
""com.universal.tv.remote.control.all.tv.controller","Universal TV Remote Control","HOUSE_AND_HOME"
""insignia.fire.tv.remote","Insignia Fire TV Remote","HOUSE_AND_HOME"
""cz.scamera.securitycamera","Security Camera CZ","HOUSE_AND_HOME"
""com.mtgeek.housingvoucherinfo","Housing. Voucher Information","HOUSE_AND_HOME"
""com.autodesk.homestyler","Homestyler-Room Realize design","HOUSE_AND_HOME"
""com.theithubbs.universaltvremote","Universal TV Remote Control","HOUSE_AND_HOME"
""com.looploop.tody","Tody - Smarter Cleaning","HOUSE_AND_HOME"
""com.rentler.mobile","Rentler","HOUSE_AND_HOME"
""com.niceforyou.nicego","Nice G.O.","HOUSE_AND_HOME"
""com.houserion","Housy: House Cleaning Schedule","HOUSE_AND_HOME"
""com.selfhealing.candle11","Night Light | Candle Fireplace","HOUSE_AND_HOME"
""com.kangaroo.security","Kangaroo: Simple Home Security","HOUSE_AND_HOME"
""com.zillow.android.streeteasy","StreetEasy - Apartments in NYC","HOUSE_AND_HOME"
""com.yosmart.yolink","YoLink","HOUSE_AND_HOME"
""com.fineart.universal.tv.remote.control.sams","Smart Remote for Samsung TV","HOUSE_AND_HOME"
""hisensetvremote.tvremote.remote.remotecontrol.hisense","Hisense TV Remote","HOUSE_AND_HOME"
""com.palettecad.palettehome","Palette Home","HOUSE_AND_HOME"
""com.skybell.gen5","SkyBell","HOUSE_AND_HOME"
""com.tcl.android.tv.remote.tclandroidtvremote","TCL Android TV Remote","HOUSE_AND_HOME"
""com.ppg.ppg_ppgac_mobileapp_glidden","Glidden","HOUSE_AND_HOME"
""app.renovateai","Renovate AI - Home Remodel","HOUSE_AND_HOME"
""com.idealista.android","idealista","HOUSE_AND_HOME"
""com.alarm.alarmmobile.android.vivint","Vivint Classic","HOUSE_AND_HOME"
""com.alexvas.dvr","tinyCam Monitor","HOUSE_AND_HOME"
""com.tidbyt.android","Tidbyt","HOUSE_AND_HOME"
""io.ionic.seed2spoon","Seed to Spoon - Garden Planner","HOUSE_AND_HOME"
""com.rhi.rockethq","Rocket Homes Real Estate","HOUSE_AND_HOME"
""com.windlogics.energy_optimizer","Gexa Energy","HOUSE_AND_HOME"
""com.har.androidapp","Real Estate by HAR.com - Texas","HOUSE_AND_HOME"
""com.photoshareframe.app","PhotoShare Frame v2","HOUSE_AND_HOME"
""com.sunnova.mysunnova","Sunnova","HOUSE_AND_HOME"
""mobiletoolsshop.tvremote.philips","Philips TV Remote","HOUSE_AND_HOME"
""com.atco.luma","Mi LUMA","HOUSE_AND_HOME"
""com.electrolux.oneapp.android.frigidaire","Frigidaire","HOUSE_AND_HOME"
""com.interiordesignai.homedecor","AI Interior Design Home Decor","HOUSE_AND_HOME"
""com.daikincomfort.daikinonehome","Daikin One Home","HOUSE_AND_HOME"
""com.airthings.app.android","Airthings","HOUSE_AND_HOME"
""com.cooingestate.cooing_app","Nawy - Real Estate","HOUSE_AND_HOME"
""com.nnacres.app","99acres Buy/Rent/Sell Property","HOUSE_AND_HOME"
""com.roetteri.colorx.behr","Behr Paint Colors","HOUSE_AND_HOME"
""com.invitationhomes.invitationhomesapp","Invitation Homes","HOUSE_AND_HOME"
""com.warden.cam","Home Security Camera WardenCam","HOUSE_AND_HOME"
""com.yandex.iot","Дом с Алисой","HOUSE_AND_HOME"
""com.dwellinai.dwellin","Dwellin: easy home maintenance","HOUSE_AND_HOME"
""com.zillowgroup.capture3d","Zillow 3D Home Tours","HOUSE_AND_HOME"
""com.kitchensketches","My Kitchen: 3D Planner","HOUSE_AND_HOME"
""my.tensorflow.lite.examples.classification","Mushroom Identification","HOUSE_AND_HOME"
""com.sav.tenantcloud","TenantCloud Pro","HOUSE_AND_HOME"
""com.fix.fix_android","Fix app by Fix.com","HOUSE_AND_HOME"
""com.secureapps.antitheftalarm","Phone Anti-theft alarm","HOUSE_AND_HOME"
""westinghouse.smart.tv.remote","WestingHouse Smart TV Remote","HOUSE_AND_HOME"
""codematics.vizio.remote.control.smartcast","Vizio Smart TV Remote","HOUSE_AND_HOME"
""com.lumary.smart","Lumary","HOUSE_AND_HOME"
""ae.propertyfinder.propertyfinder","Property Finder - Real Estate","HOUSE_AND_HOME"
""com.uzeegar.universal.smart.tv.remote.control","Universal TV Remote Control","HOUSE_AND_HOME"
""com.homeserveapp.homeserve","HomeServe - Home Repair","HOUSE_AND_HOME"
""com.nipto.niptoapp","Nipto: Split Household Chores","HOUSE_AND_HOME"
""com.yardmastery.lawnjournal","Yard Mastery: DIY Lawn Care","HOUSE_AND_HOME"
""com.as.housemap.designcreator.floorplan","House Design Floor Plan App 3D","HOUSE_AND_HOME"
""io.olibra.bondapp","Bond Home","HOUSE_AND_HOME"
""interiordesigner.ai.decor.homedesign","Home AI: AI Interior Design","HOUSE_AND_HOME"
""com.wifi.password.map.hotspot","Wifi Password - Wifi Connect","HOUSE_AND_HOME"
""com.urbanclap.urbanclap","Urban Company (Prev UrbanClap)","HOUSE_AND_HOME"
""com.floor.planner","Draw Floor,3D Floor Plan Ideas","HOUSE_AND_HOME"
""com.element.smart.tv.remote.elementsmarttvremote","Element Smart TV Remote","HOUSE_AND_HOME"
""com.tenantcloud.tenant","TenantCloud","HOUSE_AND_HOME"
""com.tinyhouselistings.app","Tiny House Listings","HOUSE_AND_HOME"
""com.hunter.hunterWifiConnectAndroid","SIMPLEconnect®","HOUSE_AND_HOME"
""com.flume_inc.flume","Flume","HOUSE_AND_HOME"
""com.brownberry.screen.mirroring.app.tv.cast.sharing","Screen Mirroring for All TV","HOUSE_AND_HOME"
""com.icandesignapp.kitchen","Kitchen Design: 3D Planner","HOUSE_AND_HOME"
""ru.cian.main","Циан. Недвижимость, квартиры","HOUSE_AND_HOME"
""com.code.bluegeny.myhomeview","Home Security Camera - SeeCiTV","HOUSE_AND_HOME"
""universal.smart.tv.remote","Universal Smart TV Remote","HOUSE_AND_HOME"
""com.sanags.a4f3client","آچاره خدمات و تعمیرات در منزل","HOUSE_AND_HOME"
""com.compass.compass","Compass: Real Estate & Homes","HOUSE_AND_HOME"
""codematics.roku.smart.rokutvremote.tvremote","Remote for Roku : Codematics","HOUSE_AND_HOME"
""com.encureit.laundryheap","Laundryheap: On-Demand Laundry","HOUSE_AND_HOME"
""com.aircoookie.WLED","WLED","HOUSE_AND_HOME"
""com.fbsdata.consumer","Flexmls For Homebuyers","HOUSE_AND_HOME"
""com.closetsketcher","Closet Planner 3D","HOUSE_AND_HOME"
""rca.smart.tv.remote","RCA Smart TV Remote","HOUSE_AND_HOME"
""com.sharp.smart.tv.remote.sharpsmarttvremote","Sharp Smart TV Remote","HOUSE_AND_HOME"
""com.afica.remotetv","My Remote: Universal Control","HOUSE_AND_HOME"
""com.mydroid.tv.remote.control.all.tv.controller","Universal Smart Tv Remote Ctrl","HOUSE_AND_HOME"
""com.twinkly","Twinkly","HOUSE_AND_HOME"
""com.mehvac.kumocloud","kumo cloud","HOUSE_AND_HOME"
""com.velocitywebworks.parade.cshba","Colorado Springs Parade Homes","HOUSE_AND_HOME"
""com.wuuklabs.android.store","Wuuk","HOUSE_AND_HOME"
""com.HawkBro.DrawFloorPlan","Draw Floor Plan","HOUSE_AND_HOME"
""com.mtgeek.energyinfoguide","Energy. Info Guide","HOUSE_AND_HOME"
""com.antiquesnavigator.antique_price_guides","Antique Price Guides","HOUSE_AND_HOME"
""com.nobroker.app","NoBroker Rent, Buy, Sell Flats","HOUSE_AND_HOME"
""com.ohm.plug","OhmPlug","HOUSE_AND_HOME"
""es.inmovens.badi","Badi – Rooms & Flats for rent","HOUSE_AND_HOME"
""com.vantacahome","Vantaca Home","HOUSE_AND_HOME"
""net.alula.android","Alula Security","HOUSE_AND_HOME"
""com.dict.bricoram","Bricoram سوق الخدمات الجزائري","HOUSE_AND_HOME"
""com.lesliespool.mobile","Leslie's - Pool Care","HOUSE_AND_HOME"
""io.nuki","Nuki Smart Lock","HOUSE_AND_HOME"
""com.nternow.android","NterNow","HOUSE_AND_HOME"
""com.myrealm","Realm: Create your best home","HOUSE_AND_HOME"
""ca.crea.app.consumer","REALTOR.ca Real Estate & Homes","HOUSE_AND_HOME"
""com.chandler.systems.csi","Legacy View","HOUSE_AND_HOME"
""com.miquelcms.homeorganizer","Find my stuff: Home inventory","HOUSE_AND_HOME"
""com.igloo.home","igloohome","HOUSE_AND_HOME"
""com.lascade.wallpaper","Paint My Wall・Color Visualizer","HOUSE_AND_HOME"
""samsung.universal.tv.remote","Universal Remote Samsung TV","HOUSE_AND_HOME"
""com.realgeeks.moveto","MoveTo","HOUSE_AND_HOME"
""com.liveoakfiber.smarthome","LiveOak Fiber","HOUSE_AND_HOME"
""com.daikincomfort.aohome","Amana Home","HOUSE_AND_HOME"
""com.app.UrbanGarden","Farm Your Yard: Gardening App","HOUSE_AND_HOME"
""dhq.CameraFTPRemoteViewer","CameraFTP IP Camera Viewer","HOUSE_AND_HOME"
""tech.cloudsystems.mearealestate","MEA Real Estate","HOUSE_AND_HOME"
""it.immobiliare.android","Immobiliare.it - Indomio","HOUSE_AND_HOME"
""com.hubzu.android","Hubzu - Real Estate Auctions","HOUSE_AND_HOME"
""tv.remote.sanyo","TV Remote For Sanyo","HOUSE_AND_HOME"
""com.timesgroup.magicbricks","Magicbricks Buy, Rent Property","HOUSE_AND_HOME"
""com.neurio.generachome","Generac PWRview","HOUSE_AND_HOME"
""com.hippo.insurance","Hippo Home: Maintain & Insure","HOUSE_AND_HOME"
""es.roid.and.trovit","Real Estate sale & rent Trovit","HOUSE_AND_HOME"
""com.listglobally.properstar","Properstar","HOUSE_AND_HOME"
""com.remotecontrol.tvremote.universal","Universal TV Remote Control","HOUSE_AND_HOME"
""com.audible.application","Audible: Audio Entertainment","BOOKS_AND_REFERENCE"
""bible.kjvbible.audio.plan.verse","Holy Bible - KJV+Verse","BOOKS_AND_REFERENCE"
""com.sirma.mobile.bible.android","YouVersion Bible App + Audio","BOOKS_AND_REFERENCE"
""com.overdrive.mobile.android.libby","Libby, the Library App","BOOKS_AND_REFERENCE"
""com.bible.holy.bible.for.women","Bible For Women","BOOKS_AND_REFERENCE"
""com.offline.bible","Bible Offline-KJV Holy Bible","BOOKS_AND_REFERENCE"
""com.mybible.todaypraybible","My Bible - Verse+Audio","BOOKS_AND_REFERENCE"
""com.amazon.kindle","Amazon Kindle","BOOKS_AND_REFERENCE"
""com.kjv.bible.now","KJV Bible Now: Audio+Verse","BOOKS_AND_REFERENCE"
""bible.offline.kingjames.holy.kjv.bible.daily.verse","Bible Daily, KJV Bible + Audio","BOOKS_AND_REFERENCE"
""kjvbible.verse.daily.bible.prayer","KJV Daily Bible - Verse+Audio","BOOKS_AND_REFERENCE"
""bible.pray.daily.women.offline.kjv","Pray Daily - KJV Bible & Verse","BOOKS_AND_REFERENCE"
""com.bible.catholic.ismla","Pray Bible-Verses+Audio","BOOKS_AND_REFERENCE"
""com.dailybible.lite","DailyBible Lite - KJV Version","BOOKS_AND_REFERENCE"
""com.hoopladigital.android","hoopla Digital","BOOKS_AND_REFERENCE"
""com.google.android.apps.books","Google Play Books & Audiobooks","BOOKS_AND_REFERENCE"
""com.rnovel.android.app","NovelFlow","BOOKS_AND_REFERENCE"
""holy.bible.kjv.kingjamesbible.verse.biblia","Holy Bible, KJV Bible + Audio","BOOKS_AND_REFERENCE"
""com.cliffweitzman.speechify2","Speechify Text to Speech Voice","BOOKS_AND_REFERENCE"
""com.kbible.htimegix","Holy Bible Time-Verses&Audio","BOOKS_AND_REFERENCE"
""wp.wattpad","Wattpad - Read & Write Stories","BOOKS_AND_REFERENCE"
""com.zhangyue.read.ireaderpor","Fatednovel- Web novel & Story","BOOKS_AND_REFERENCE"
""com.liotek.lannbible","KJV Bible Library","BOOKS_AND_REFERENCE"
""com.oremus.catholic.bible.rosary.prayer","Oremus - Catholic Bible&Prayer","BOOKS_AND_REFERENCE"
""app.hallow.android","Hallow: Prayer & Meditation","BOOKS_AND_REFERENCE"
""com.labs.merlinbirdid.app","Merlin Bird ID by Cornell Lab","BOOKS_AND_REFERENCE"
""com.bible.truth.reading.daily","Truth Bible: Audio+Verse","BOOKS_AND_REFERENCE"
""com.goodreads","Goodreads - Find & Track Books","BOOKS_AND_REFERENCE"
""com.kingjamesbible.kjvbible.offline","Holy Bible - KJV & Prayer","BOOKS_AND_REFERENCE"
""com.islamicworld.qurankareem","Al Quran MP3 - القرآن الكريم","BOOKS_AND_REFERENCE"
""com.ancestry.android.apps.ancestry","Ancestry: Family History & DNA","BOOKS_AND_REFERENCE"
""com.bible.holybible.nkjv.dailyverse","Bible-Daily Bible Verse","BOOKS_AND_REFERENCE"
""org.jw.jwlibrary.mobile","JW Library","BOOKS_AND_REFERENCE"
""org.readera","ReadEra – book reader pdf epub","BOOKS_AND_REFERENCE"
""com.deepl.mobiletranslator","DeepL: translate & write","BOOKS_AND_REFERENCE"
""com.scribd.app.reader0","Everand: Ebooks and audiobooks","BOOKS_AND_REFERENCE"
""com.eet.bible.launcher","Bible Homescreen - Read Now","BOOKS_AND_REFERENCE"
""holy.bible.verse.audio.kjv","Holy Bible - Verse+Audio","BOOKS_AND_REFERENCE"
""com.colt","GALATEA: Novels & Audiobooks","BOOKS_AND_REFERENCE"
""com.dwellapp.dwell","Dwell: Audio Bible","BOOKS_AND_REFERENCE"
""com.kw.fournovel","MetroNovel - Let Stories Shine","BOOKS_AND_REFERENCE"
""com.audiobooks.androidapp","Audiobooks.com: Books & More","BOOKS_AND_REFERENCE"
""kjv.holy.bible.verse.audio","Holy Bible - KJV+Audio+Verse","BOOKS_AND_REFERENCE"
""com.mobisystems.msdict.embedded.wireless.collins.ee","Talk & Translate - Translator","BOOKS_AND_REFERENCE"
""com.read.goodnovel","GoodNovel - Web Novel, Fiction","BOOKS_AND_REFERENCE"
""com.basmo.BibleChat","Bible Chat - Christian Prayer","BOOKS_AND_REFERENCE"
""amen.blessed.app","Blessed - Daily Verse & Prayer","BOOKS_AND_REFERENCE"
""io.alpha.novel","AlphaNovel — Books & Stories","BOOKS_AND_REFERENCE"
""com.heapsol.spanishenglishtranslator","Spanish English Translator","BOOKS_AND_REFERENCE"
""com.vitotechnology.sky.tonight.map.star.walk","Sky Tonight - Star Gazer Guide","BOOKS_AND_REFERENCE"
""com.mobisystems.msdict.embedded.wireless.oxford.dictionaryofenglish","Oxford Dictionary & Thesaurus","BOOKS_AND_REFERENCE"
""com.jbstuk.bible.now","Daily Bible Now:Verse+Audio","BOOKS_AND_REFERENCE"
""com.ibooktok.novel","BookTok- Read Good Novel","BOOKS_AND_REFERENCE"
""holy.bible.kjv.verse.audio","Bible Audio - KJV Daily Verse","BOOKS_AND_REFERENCE"
""kjv.bible.kingjamesbible","King James Bible - Verse+Audio","BOOKS_AND_REFERENCE"
""com.zhangyue.read.rosanovela","Novelmates-Stories&Novels","BOOKS_AND_REFERENCE"
""com.appgame.free.books.read.free.books","Books - Read and Download","BOOKS_AND_REFERENCE"
""com.qvon.novellair","Novellair-Your Book Nook","BOOKS_AND_REFERENCE"
""gm.passion.app","My Passion: Reading App","BOOKS_AND_REFERENCE"
""org.blueletterbible.blb","Blue Letter Bible","BOOKS_AND_REFERENCE"
""com.zhangyue.read.novelreader","NovelsReader","BOOKS_AND_REFERENCE"
""com.JabazavrStudioCraftia.OneBlock","One Block for Minecraft Maps","BOOKS_AND_REFERENCE"
""org.familysearch.mobile","FamilySearch Tree","BOOKS_AND_REFERENCE"
""com.thriftbooks.mobile","ThriftBooks: New & Used Books","BOOKS_AND_REFERENCE"
""org.lds.ldssa","Gospel Library","BOOKS_AND_REFERENCE"
""org.wikipedia","Wikipedia","BOOKS_AND_REFERENCE"
""com.qidian.Int.reader","WebNovel","BOOKS_AND_REFERENCE"
""com.novel.fiction.read.story.book","Readict -One Click Away Novels","BOOKS_AND_REFERENCE"
""com.softissimo.reverso.context","Reverso Translate and Learn","BOOKS_AND_REFERENCE"
""com.dreame.unlimited.gp","Starynovel: Read Novel & Story","BOOKS_AND_REFERENCE"
""com.acellus.acellus","Acellus","BOOKS_AND_REFERENCE"
""com.changdu.ereader","MoboReader","BOOKS_AND_REFERENCE"
""com.ascension.app","Ascension | Bible & Catechism","BOOKS_AND_REFERENCE"
""org.bsfinternational.bsfapp","Bible Study Fellowship App","BOOKS_AND_REFERENCE"
""com.merriamwebster","Dictionary - Merriam-Webster","BOOKS_AND_REFERENCE"
""com.pakdata.QuranMajeed","Quran Majeed – القران الكريم","BOOKS_AND_REFERENCE"
""com.pcgs.coinfacts","PCGS CoinFacts - U.S. Coin Val","BOOKS_AND_REFERENCE"
""com.dreame.reader","Dreame-Read Romance Stories","BOOKS_AND_REFERENCE"
""com.miccron.coinoscope","Coinoscope: Coin identifier","BOOKS_AND_REFERENCE"
""com.stardust.kissreader","Kiss: Read & Write Romance","BOOKS_AND_REFERENCE"
""new.international.version.bible.niv","NIV Bible version, Offline app","BOOKS_AND_REFERENCE"
""free.alquran.holyquran","Al QURAN - القرآن الكريم","BOOKS_AND_REFERENCE"
""com.bookfunnel.bookfunnel","BookFunnel","BOOKS_AND_REFERENCE"
""com.mheducation.readerShellApp.readAnywhere","ReadAnywhere","BOOKS_AND_REFERENCE"
""org.lds.stream","Gospel Stream","BOOKS_AND_REFERENCE"
""com.chirpbirding.birda","Birda: Birding Made Better","BOOKS_AND_REFERENCE"
""com.qvon.novelbar","NovelBar-Your Reading Haven","BOOKS_AND_REFERENCE"
""com.wromance.mobile","Tempt: Romance Audiobooks","BOOKS_AND_REFERENCE"
""com.fiction.me","FictionMe: Stories & Novels","BOOKS_AND_REFERENCE"
""com.logos.androidlogos","Logos Bible Study App","BOOKS_AND_REFERENCE"
""com.visionwizard.holybible","Bible Path: Chat with Bible","BOOKS_AND_REFERENCE"
""com.newreading.meganovel","MegaNovel: Fictions & Webnovel","BOOKS_AND_REFERENCE"
""com.beloved.bible.prayer.verse.android","Holy Bible Launcher: KJV+Audio","BOOKS_AND_REFERENCE"
""com.tecarta.TecartaBible","Life Bible","BOOKS_AND_REFERENCE"
""bn.ereader","Barnes & Noble NOOK","BOOKS_AND_REFERENCE"
""fff.ff.skintools.zone.emotes.elitepass","FFF Skin Tool Elite Pass","BOOKS_AND_REFERENCE"
""com.google.android.stardroid","Sky Map","BOOKS_AND_REFERENCE"
""io.readsy.app","Readsy: Books and Stories","BOOKS_AND_REFERENCE"
""com.whaledream.novel","Joyread","BOOKS_AND_REFERENCE"
""org.rbc.odb","Our Daily Bread","BOOKS_AND_REFERENCE"
""com.dailyfm.star.reading","DailyFM: Audiobooks & Stories","BOOKS_AND_REFERENCE"
""org.lds.bom","The Book of Mormon","BOOKS_AND_REFERENCE"
""com.hifiction.novel.android","JoyLit","BOOKS_AND_REFERENCE"
""com.appriss.vinemobile","VINELink","BOOKS_AND_REFERENCE"
""com.glorify.app","Glorify | Prayer & Devotional","BOOKS_AND_REFERENCE"
""co.fable.fable","Fable: Books & TV","BOOKS_AND_REFERENCE"
""com.chirpbooks.chirp","Chirp Audiobooks","BOOKS_AND_REFERENCE"
""com.psacard.certverification","PSA | Card Grading Service","BOOKS_AND_REFERENCE"
""com.embria.freefm","WhisperFM - Romance Novels","BOOKS_AND_REFERENCE"
""com.quran.andi.alquran.holyquran","Holy Quran Book and Audio","BOOKS_AND_REFERENCE"
""com.app.android.qw.readink","Readink - Read Good Web Novel","BOOKS_AND_REFERENCE"
""air.com.myheritage.mobile","MyHeritage: Family Tree & DNA","BOOKS_AND_REFERENCE"
""com.scribd.app.reader0.docs","Scribd: 170M+ documents","BOOKS_AND_REFERENCE"
""com.thestorygraph.thestorygraph","StoryGraph","BOOKS_AND_REFERENCE"
""com.txtr.android.mmm","cloudLibrary","BOOKS_AND_REFERENCE"
""kjv.holy.bible.kingjames","Daily Bible: Holy Bible KJV","BOOKS_AND_REFERENCE"
""com.biblehub.app","Bible Hub","BOOKS_AND_REFERENCE"
""com.kw.literie","Literie-Endless Stories Await","BOOKS_AND_REFERENCE"
""com.zhangyue.read.storyaholic","Storyaholic-Novel & Fiction","BOOKS_AND_REFERENCE"
""com.goodfic.novel","Goodfic - Web Novel & Story","BOOKS_AND_REFERENCE"
""com.bloomhut.novelhaven","BloomHut - Werewolf&iRomance","BOOKS_AND_REFERENCE"
""com.imagenestop.labiblia2","Biblia Reina Valera en español","BOOKS_AND_REFERENCE"
""com.obreey.reader","PocketBook reader - any books","BOOKS_AND_REFERENCE"
""com.spanishdict.spanishdict","SpanishDictionary.com Learning","BOOKS_AND_REFERENCE"
""com.cozyread.app","CozyRead - Explore Reading","BOOKS_AND_REFERENCE"
""com.flyersoft.moonreader","Moon+ Reader","BOOKS_AND_REFERENCE"
""com.taghche.books","طاقچه؛ کتاب الکترونیکی و صوتی","BOOKS_AND_REFERENCE"
""com.inkitt.android.hermione","Inkitt: Books, Novels, Stories","BOOKS_AND_REFERENCE"
""com.solodevs.fortnitewallpapers","Battle Royale Chapter5 Season2","BOOKS_AND_REFERENCE"
""sanity.freeaudiobooks","Freed Audiobooks","BOOKS_AND_REFERENCE"
""org.lds.ldstools","Member Tools","BOOKS_AND_REFERENCE"
""com.subsplash.esv","ESV Bible","BOOKS_AND_REFERENCE"
""com.simppro.quran.offline","القرآن الكريم كامل بدون انترنت","BOOKS_AND_REFERENCE"
""com.oasis.noveloasis","NovelOasis-Romance & Webnovel","BOOKS_AND_REFERENCE"
""com.nanhm.mmcalendar","MM-Calendar","BOOKS_AND_REFERENCE"
""com.kobobooks.android","Kobo Books - eBooks Audiobooks","BOOKS_AND_REFERENCE"
""com.tapon.read","Tapon","BOOKS_AND_REFERENCE"
""com.messengerx","MessengerX App","BOOKS_AND_REFERENCE"
""com.quranly.app","Quranly","BOOKS_AND_REFERENCE"
""com.JurazCraftStudio.CamouflageDoors","Camouflage Doors Mod for MCPE","BOOKS_AND_REFERENCE"
""com.joyreading.wehear","Wehear - Audiobooks & Stories","BOOKS_AND_REFERENCE"
""com.IreptioCraftiaCorporation.SecurityCamera","Security Camera Mod Minecraft","BOOKS_AND_REFERENCE"
""com.spencerpages","Coin Collection","BOOKS_AND_REFERENCE"
""com.audio.livres","InStories - Werewolf Romance","BOOKS_AND_REFERENCE"
""com.webfic.novel","Webfic - Fantastic Reading","BOOKS_AND_REFERENCE"
""bible.kingjamesbiblelite","King James Bible - KJV Offline","BOOKS_AND_REFERENCE"
""com.audioholybible.verse.devotion","Audio Bible - NIV Bible App","BOOKS_AND_REFERENCE"
""uk.co.highapp.audiobook.ebooks","Languager: Learn Language Fast","BOOKS_AND_REFERENCE"
""net.tonysoft.bookmory","Bookmory - reading tracker","BOOKS_AND_REFERENCE"
""com.jr.cdxs.ereader","ReadNow - My CEO Daddy -Novels","BOOKS_AND_REFERENCE"
""com.bible.nkjvbible","NKJV Bible offline app","BOOKS_AND_REFERENCE"
""br.com.appstarsbiblia.bibliasagradamulher","Giant Print Women Bible","BOOKS_AND_REFERENCE"
""com.reader.books","eBoox: ePub PDF e-book Reader","BOOKS_AND_REFERENCE"
""com.playdatedigital.mlpmoviefree","My Little Pony - The Movie","BOOKS_AND_REFERENCE"
""topstory.fiction.novel","Fictio - Good Novels, Stories","BOOKS_AND_REFERENCE"
""com.naing.englishmyanmardictionary","English-Myanmar Dictionary","BOOKS_AND_REFERENCE"
""holy.bible.verse.daily.kjv.audio","KJV Holy Bible - Verse+Audio","BOOKS_AND_REFERENCE"
""com.tibok.app","MiniNovel-Find Short Novels","BOOKS_AND_REFERENCE"
""us.pacourts.docket","PAeDocket","BOOKS_AND_REFERENCE"
""com.novelsago.cz","Novelsago","BOOKS_AND_REFERENCE"
""com.aynovel.vixs","Hinovel","BOOKS_AND_REFERENCE"
""com.free.goodstories","GoodStories-Read romance novel","BOOKS_AND_REFERENCE"
""com.bookshelf.prod","Bookshelf-Your virtual library","BOOKS_AND_REFERENCE"
""com.richshapero.tfma","TooFar Media","BOOKS_AND_REFERENCE"
""com.hyperionics.avar","@Voice Aloud Reader (TTS)","BOOKS_AND_REFERENCE"
""com.biryudumkitap","Fabula: Audiobook Summaries","BOOKS_AND_REFERENCE"
""com.quran.labs.androidquran","Quran for Android","BOOKS_AND_REFERENCE"
""com.dictionary","Dictionary.com: English Words","BOOKS_AND_REFERENCE"
""com.khatmah.android","ختمة Khatmah - مصحف،أذان،أذكار","BOOKS_AND_REFERENCE"
""org.lds.ldsmusic","Sacred Music","BOOKS_AND_REFERENCE"
""com.multibook.read.novellink","Novelink","BOOKS_AND_REFERENCE"
""com.ketabrah","کتابراه: کتاب الکترونیک و صوتی","BOOKS_AND_REFERENCE"
""com.multibook.read.favoread","Favoread","BOOKS_AND_REFERENCE"
""com.tiim.goforexx24","Forex Trading for Beginners","BOOKS_AND_REFERENCE"
""com.lemonovel.app","Wownovel - Ebook Reader","BOOKS_AND_REFERENCE"
""livio.pack.lang.en_US","English Dictionary - Offline","BOOKS_AND_REFERENCE"
""by.uniq.es_reinavalera_1909_traducciones_de_la_biblia_al_espanol","La Biblia Reina Valera 1960","BOOKS_AND_REFERENCE"
""com.azwstudios.theholybible.kjv","King James Bible (KJV)","BOOKS_AND_REFERENCE"
""jp.co.studyswitch.dictionaryippatsuen","The English Dictionary","BOOKS_AND_REFERENCE"
""com.bf.aistory","AI Story Generator Novel Maker","BOOKS_AND_REFERENCE"
""app.android.bible","Bible Study - Verse & Audio","BOOKS_AND_REFERENCE"
""com.eznetsoft.chantsdesperance","Chants D'Esperance with Tunes","BOOKS_AND_REFERENCE"
""app.librivox.android","LibriVox Audio Books","BOOKS_AND_REFERENCE"
""com.faithcomesbyhearing.android.bibleis","Bible - Audio & Video Bibles","BOOKS_AND_REFERENCE"
""com.betterme.booksnap","BookSnap: 15min a book","BOOKS_AND_REFERENCE"
""com.manualslib.app","Manualslib - User Guides & Own","BOOKS_AND_REFERENCE"
""com.wolfram.android.alphapro","WolframAlpha","BOOKS_AND_REFERENCE"
""com.dictionary.words1","English Dictionary : Thesaurus","BOOKS_AND_REFERENCE"
""com.chereads.reader","Chereads","BOOKS_AND_REFERENCE"
""com.tecarta.kjv2","Holy Bible King James + Audio","BOOKS_AND_REFERENCE"
""santa.biblia.reina.valera.gratis","Holy Bible Reina Valera 1960","BOOKS_AND_REFERENCE"
""com.appgp.bibliacatolicaenespanol","Biblia Católica en español","BOOKS_AND_REFERENCE"
""com.inkling.android.axis","Inkling","BOOKS_AND_REFERENCE"
""com.aycka.apps.MassReadings","Laudate","BOOKS_AND_REFERENCE"
""com.crystalyze.crystalyze","Crystalyze: Crystal Guide","BOOKS_AND_REFERENCE"
""com.NotYetMedia.RoyalRoad","Royal Road - Read Stories","BOOKS_AND_REFERENCE"
""com.tyndale.filament","Filament Bible","BOOKS_AND_REFERENCE"
""com.pocketfm.novel","Pocket Novels","BOOKS_AND_REFERENCE"
""com.bookofthemonth","Book of the Month","BOOKS_AND_REFERENCE"
""com.azwstudios.theholybible.em","La Biblia en Español","BOOKS_AND_REFERENCE"
""com.google.android.apps.messaging","Google Messages","APPLICATION"
""com.pdf.reader.offcer.pdf","PDF Reader","APPLICATION"
""com.americasbestpics","ABPV America’s best pics&vids","APPLICATION"
""com.einnovation.temu","Temu: Shop Like a Billionaire","APPLICATION"
""com.zhiliaoapp.musically","TikTok","APPLICATION"
""com.whatsapp","WhatsApp Messenger","APPLICATION"
""com.instagram.android","Instagram","APPLICATION"
""com.peacocktv.peacockandroid","Peacock TV: Stream TV & Movies","APPLICATION"
""com.instagram.barcelona","Threads","APPLICATION"
""com.google.android.apps.bard","Google Gemini","APPLICATION"
""com.zzkko","SHEIN-Shopping Online","APPLICATION"
""org.telegram.messenger","Telegram","APPLICATION"
""com.education.android.h.intelligence","Gauth: AI Study Companion","APPLICATION"
""com.qr.code.reader.scanner.qrscan.android","QR & Barcode Scanner Launcher","APPLICATION"
""com.facebook.orca","Messenger","APPLICATION"
""com.gotv.nflgamecenter.us.lite","NFL","APPLICATION"
""com.squareup.cash","Cash App","APPLICATION"
""com.google.android.apps.youtube.unplugged","YouTube TV: Live TV & more","APPLICATION"
""com.snapchat.android","Snapchat","APPLICATION"
""com.facebook.katana","Facebook","APPLICATION"
""com.espn.score_center","ESPN","APPLICATION"
""com.foxsports.android","FOX Sports: Watch Live","APPLICATION"
""com.indeed.android.jobsearch","Indeed Job Search","APPLICATION"
""com.localaiapp.scoops","Scoopz: Real Life, Real Video","APPLICATION"
""com.lemon.lvoverseas","CapCut - Video Editor","APPLICATION"
""com.paypal.android.p2pmobile","PayPal - Pay, Send, Save","APPLICATION"
""com.amazon.mShop.android.shopping","Amazon Shopping","APPLICATION"
""com.openai.chatgpt","ChatGPT","APPLICATION"
""com.walmart.android","Walmart: Shopping & Savings","APPLICATION"
""com.enflick.android.TextNow","TextNow: Call + Text Unlimited","APPLICATION"
""com.netflix.mediaclient","Netflix","APPLICATION"
""pdf.pdfreader.viewer.editor.free","PDF Reader - PDF Viewer","APPLICATION"
""com.google.android.apps.walletnfcrel","Google Wallet","APPLICATION"
""com.life360.android.safetymapd","Life360: Live Location Sharing","APPLICATION"
""com.best.quick.browser","Ai Browser - Smarter & Safer","APPLICATION"
""us.zoom.videomeetings","Zoom Workplace","APPLICATION"
""org.watchduty.app","Watch Duty (Wildfire)","APPLICATION"
""com.dd.doordash","DoorDash - Food Delivery","APPLICATION"
""com.tubitv","Tubi: Free Movies & Live TV","APPLICATION"
""com.newleaf.app.android.victor","ReelShort - Short Movie & TV","APPLICATION"
""com.onedebit.chime","Chime – Mobile Banking","APPLICATION"
""tv.fubo.mobile","Fubo: Watch Live TV & Sports","APPLICATION"
""com.cbs.app","Paramount+","APPLICATION"
""ai.socialapps.speakmaster","Poly.AI - Create AI Chat Bot","APPLICATION"
""com.mcdonalds.app","McDonald's","APPLICATION"
""com.reddit.frontpage","Reddit","APPLICATION"
""com.easyweightloss.homeworkoutforlazy","Lazy Workout","APPLICATION"
""com.discord","Discord - Talk, Play, Hang Out","APPLICATION"
""com.twitter.android","X","APPLICATION"
""tv.pluto.android","Pluto TV: Watch Movies & TV","APPLICATION"
""com.storymatrix.drama","DramaBox - Stream Drama Shorts","APPLICATION"
""easy.launcher","Easy Homescreen","APPLICATION"
""com.wbd.stream","Max: Stream HBO, TV, & Movies","APPLICATION"
""com.ubercab","Uber - Request a ride","APPLICATION"
""com.weaver.app.prod","Talkie AI: Chat With Character","APPLICATION"
""remote.control.tv.universal.forall.roku","Remote Control for TV - All TV","APPLICATION"
""com.alibaba.intl.android.apps.poseidon","Alibaba.com - B2B marketplace","APPLICATION"
""com.microsoft.teams","Microsoft Teams","APPLICATION"
""com.instabridge.android","Instabridge: WiFi Map","APPLICATION"
""com.pinterest","Pinterest","APPLICATION"
""com.azure.authenticator","Microsoft Authenticator","APPLICATION"
""com.venmo","Venmo","APPLICATION"
""com.plexapp.android","Plex: Stream Movies & TV","APPLICATION"
""me.lyft.android","Lyft","APPLICATION"
""com.spotify.music","Spotify: Music and Podcasts","APPLICATION"
""com.documentsviewer.all","All Documents Viewer","APPLICATION"
""com.hulu.plus","Hulu: Stream TV shows & movies","APPLICATION"
""com.google.android.apps.translate","Google Translate","APPLICATION"
""com.healthapplines.healthsense.bloodsugarhub","Health Sense: Blood Sugar Hub","APPLICATION"
""com.duolingo","Duolingo: Language Lessons","APPLICATION"
""com.gamma.scan","QR & Barcode Scanner","APPLICATION"
""com.roku.remote","The Roku App (Official)","APPLICATION"
""com.subway.mobile.subwayapp03","Subway®","APPLICATION"
""com.disney.disneyplus","Disney+","APPLICATION"
""roxa.vpn.android","Roxa VPN","APPLICATION"
""com.pandora.android","Pandora - Music & Podcasts","APPLICATION"
""com.amazon.avod.thirdpartyclient","Amazon Prime Video","APPLICATION"
""live.shorttv.apps","ShortMax - Watch Dramas & Show","APPLICATION"
""com.bp.app.bpme.global.ros","earnify","APPLICATION"
""com.mistplay.mistplay","MISTPLAY: Play to Earn Money","APPLICATION"
""com.link.work","فیلتر شکن قوی پرسرعت Teta vpn","APPLICATION"
""com.draftkings.sportsbook","DraftKings Sportsbook & Casino","APPLICATION"
""com.locationshare.family.phone","Phone Locator: Family Location","APPLICATION"
""com.radio.pocketfm","Pocket FM: Audio Series","APPLICATION"
""gen.tech.impulse.android","Impulse - Brain Training Games","APPLICATION"
""com.canva.editor","Canva: Design, Art & AI Editor","APPLICATION"
""com.classdojo.android","ClassDojo","APPLICATION"
""com.facebook.lite","Facebook Lite","APPLICATION"
""com.cvs.launchers.cvs","CVS/pharmacy","APPLICATION"
""com.sec.android.easyMover","Samsung Smart Switch Mobile","APPLICATION"
""com.alibaba.aliexpresshd","AliExpress - Shopping App","APPLICATION"
""com.photoroom.app","Photoroom AI Photo Editor","APPLICATION"
""com.genraltv.app","Genral Tv | Video Player","APPLICATION"
""com.cleanplanner","Clean Planner","APPLICATION"
""com.zellepay.zelle","Zelle","APPLICATION"
""com.particlenews.newsbreak","NewsBreak: Local News & Alerts","APPLICATION"
""com.sling","Sling TV: Live TV + Freestream","APPLICATION"
""com.konylabs.capitalone","Capital One Mobile","APPLICATION"
""com.microsoft.emmx","Microsoft Edge: AI browser","APPLICATION"
""com.fanduel.sportsbook","FanDuel Sportsbook & Casino","APPLICATION"
""musicplayer.playmusic.audioplayer","Music Player & MP3 - DDMusic","APPLICATION"
""com.google.android.apps.authenticator2","Google Authenticator","APPLICATION"
""com.google.android.apps.youtube.kids","YouTube Kids","APPLICATION"
""com.mwm.sampler","Beat Maker Pro - DJ Drum Pad","APPLICATION"
""clean.master.antivirus.battery.ora","Ora Clean & Master, Antivirus","APPLICATION"
""com.whatsapp.w4b","WhatsApp Business","APPLICATION"
""com.google.android.apps.paidtasks","Google Opinion Rewards","APPLICATION"
""com.fetchrewards.fetchrewards.hop","Fetch: America’s Rewards App","APPLICATION"
""com.make.audker.mipbui","Audio Master - Ringtone Maker","APPLICATION"
""com.fast.free.unblock.secure.vpn","Secure VPN－Safer Internet","APPLICATION"
""com.ubercab.eats","Uber Eats: Food Delivery","APPLICATION"
""com.shopify.arrive","Shop: All your favorite brands","APPLICATION"
""com.waze","Waze Navigation & Live Traffic","APPLICATION"
""de.empfohlen","testerup - earn money","APPLICATION"
""com.airbnb.android","Airbnb","APPLICATION"
""com.nordvpn.android","NordVPN – fast VPN for privacy","APPLICATION"
""com.art.cool.wallpapers.themes.background","Cool Fonts Keyboard & Themes","APPLICATION"
""com.clean.fast.launcher","Fast Launcher","APPLICATION"
""com.costco.app.android","Costco Wholesale","APPLICATION"
""com.ton_keeper","Tonkeeper — TON Wallet","APPLICATION"
""com.eet.email.launcher","Inbox Homescreen","APPLICATION"
""authenticator.two.factor.authentication.otp","Authenticator App - SafeAuth","APPLICATION"
""com.offerup","OfferUp: Buy. Sell. Letgo.","APPLICATION"
""com.ebay.mobile","eBay online shopping & selling","APPLICATION"
""org.thoughtcrime.securesms","Signal Private Messenger","APPLICATION"
""com.dfnfl.live","Dofu Live NFL NBA MLB NHL NCAA","APPLICATION"
""com.groupme.android","GroupMe","APPLICATION"
""com.google.android.apps.adm","Google Find My Device","APPLICATION"
""com.justplay.app","JustPlay: Earn Money or Donate","APPLICATION"
""com.adobe.reader","Adobe Acrobat Reader: Edit PDF","APPLICATION"
""com.doordash.driverapp","DoorDash - Dasher","APPLICATION"
""com.duckduckgo.mobile.android","DuckDuckGo Private Browser","APPLICATION"
""com.applock.launcher","Shield: Antivirus Home Screen","APPLICATION"
""epic.mychart.android","MyChart","APPLICATION"
""com.fivesurveys.mobile","Five Surveys - Earn Money Fast","APPLICATION"
""com.tmobile.tuesdays","T Life","APPLICATION"
""com.remind101","Remind: School Communication","APPLICATION"
""com.expedia.bookings","Expedia: Hotels, Flights & Car","APPLICATION"
""com.apple.movetoios","Move to iOS","APPLICATION"
""com.ubercab.driver","Uber - Driver: Drive & Deliver","APPLICATION"
""com.pdfreader.free.viewer.documentreader","PDF Reader - PDF Viewer","APPLICATION"
""com.pdfviewer.scanner","PDF Viewer＆Scanner","APPLICATION"
""com.chase.sig.android","Chase Mobile","APPLICATION"
""com.brighthouse.mybhn","My Spectrum","APPLICATION"
""com.etsy.android","Etsy: Shop & Gift with Style","APPLICATION"
""com.beint.zangi","Zangi Private Messenger","APPLICATION"
""com.sirius","SiriusXM: Music, Sports & News","APPLICATION"
""com.phonevalley.progressive","Progressive","APPLICATION"
""com.rfi.sams.android","Sam's Club","APPLICATION"
""com.fubo.firetv.screen","Fubo: Watch Live TV & Sports","APPLICATION"
""com.thehomedepot","The Home Depot","APPLICATION"
""com.freecash.app2","Freecash: Earn Money & Rewards","APPLICATION"
""cashgiraffe.app","Cash Giraffe - Play and earn","APPLICATION"
""com.nbcuni.nbc","The NBC App - Stream TV Shows","APPLICATION"
""com.crunchyroll.crunchyroid","Crunchyroll","APPLICATION"
""sg.bigo.live","Bigo Live - Live Streaming App","APPLICATION"
""com.symantec.mobilesecurity","Norton360 Antivirus & Security","APPLICATION"
""com.obrytge.browser","Turbo Secure Browser","APPLICATION"
""com.tinder","Tinder Dating App: Chat & Date","APPLICATION"
""com.audible.application","Audible: Audio Entertainment","APPLICATION"
""com.disney.datg.videoplatforms.android.abc","ABC: TV Shows & Live Sports","APPLICATION"
""com.bd.nproject","Lemon8 - Lifestyle Community","APPLICATION"
""com.xfinity.digitalhome","Xfinity","APPLICATION"
""com.chickfila.cfaflagship","Chick-fil-A®","APPLICATION"
""com.novanews.localnews.en","Local News: Breaking & Latest","APPLICATION"
""com.littlecaesars","Little Caesars","APPLICATION"
""com.coinidentifyer.ai","CoinSnap - Coin Identifier","APPLICATION"
""com.zillow.android.zillowmap","Zillow: Homes For Sale & Rent","APPLICATION"
""cn.danatech.xingseus","PictureThis - Plant Identifier","APPLICATION"
""com.gps.location.live.earth.map.diriving.direction.weather.voice.navigation","Live Earth Map & GPS Map","APPLICATION"
""com.boost.roku.remote","Remote for Roku: TV Remote","APPLICATION"
""com.hsv.privatebrowser","Private Browser-Incognito&Safe","APPLICATION"
""proxy.browser.unblock.sites.proxybrowser.unblocksites","Proxy Browser","APPLICATION"
""com.instacart.client","Instacart: Get Food Delivery","APPLICATION"
""ai.chat.gpt.bot","ChatOn - AI Chat Bot Assistant","APPLICATION"
""com.espn.fantasy.lm.football","ESPN Fantasy Sports","APPLICATION"
""net.zedge.android","Zedge™ Wallpapers & Ringtones","APPLICATION"
""com.bumble.app","Bumble Dating App: Meet & Date","APPLICATION"
""com.localweather.radar.climate","Local Weather: Live Forecast","APPLICATION"
""com.vrbo.android","Vrbo Vacation Rentals","APPLICATION"
""com.starmakerinteractive.starmaker","StarMaker: Sing Karaoke Songs","APPLICATION"
""com.app.tgtg","Too Good To Go: End Food Waste","APPLICATION"
""tv.twitch.android.app","Twitch: Live Streaming","APPLICATION"
""ai.character.app","Character AI: Chat, Talk, Text","APPLICATION"
""com.emn8.mobilem8.nativeapp.bk","BURGER KING® App","APPLICATION"
""com.pinger.textfree","Text Free: Second Phone Number","APPLICATION"
""com.weather.Weather","The Weather Channel - Radar","APPLICATION"
""videoplayer.videodownloader.downloader","All Video Downloader & Player","APPLICATION"
""com.adpmobile.android","ADP Mobile Solutions","APPLICATION"
""com.maps.locator.gps.gpstracker.phone","Phone Tracker and GPS Location","APPLICATION"
""com.google.android.apps.docs.editors.docs","Google Docs","APPLICATION"
""com.kashkick.kashkickapp","KashKick: Get paid to have fun","APPLICATION"
""qrcodescanner.barcodescanner.qrscanner.qrcodereader","QR Code Scanner & Scanner App","APPLICATION"
""com.nike.omega","Nike: Shoes, Apparel & Stories","APPLICATION"
""com.creditkarma.mobile","Intuit Credit Karma","APPLICATION"
""com.infonow.bofa","Bank of America Mobile Banking","APPLICATION"
""com.tigervpnsoft.org","فیلتر شکن قوی پرسرعت Tiger VPN","APPLICATION"
""com.voicechanger.voiceeffect.audiorecorder.funnysound","Voice Changer & Sound Effects","APPLICATION"
""verde.vpn.android","Verde VPN","APPLICATION"
""com.cleanertool.box","Cleaner Toolbox","APPLICATION"
""org.findmykids.app","Find my kids: live GPS tracker","PARENTING"
""com.babycenter.pregnancytracker","Pregnancy App & Baby Tracker","PARENTING"
""us.mitene","FamilyAlbum - Photo Sharing","PARENTING"
""com.wte.view","Pregnancy Tracker & Baby App","PARENTING"
""com.microsoft.familysafety","Microsoft Family Safety","PARENTING"
""com.testlab.family360","Family360 - GPS Live Locator","PARENTING"
""com.huckleberry_labs.app","Huckleberry: Baby & Child","PARENTING"
""com.appclose.androidapp","AppClose: Co-Parent Essentials","PARENTING"
""cm.pt.barkparent","Bark - Parental Controls","PARENTING"
""com.becloser","Be Closer: Family location","PARENTING"
""com.hp.pregnancy.lite","Pregnancy + | Tracker App","PARENTING"
""com.sand.airdroidkidp","AirDroid Parental Control","PARENTING"
""app.kids360.parent","Kids360: Child Monitoring App","PARENTING"
""org.blubblub.app.speechblubs","Speech Blubs: Language Therapy","PARENTING"
""com.pg.clubpampers.android.us","Pampers Club - Rewards & Deals","PARENTING"
""com.antonio.family.locator.phone.tracker","Phone Tracker By Number in US","PARENTING"
""global.gps.location.tracker.kids","GPS Location Tracker For Kids","PARENTING"
""com.amazon.tahoe.freetime","Amazon Kids+: Books, Videos…","PARENTING"
""com.qustodio.family.parental.control.app.screentime","Qustodio Parental Control App","PARENTING"
""vision.pathfinder.iparent","Hearty App: Everyday Bonding","PARENTING"
""com.securly.pnphub","Securly Home","PARENTING"
""com.digitas.solidstarts","Solid Starts","PARENTING"
""com.happyfamily.coloringbook","Family Love Coloring Book","PARENTING"
""com.neiman.contractions","Contraction Timer & Counter 9m","PARENTING"
""com.nanit.baby","Nanit","PARENTING"
""com.app.findmesa","FindMesa","PARENTING"
""com.hearth.hearthcompanion","Hearth Companion App","PARENTING"
""com.talkingparents.tpandroid","TalkingParents: Co-Parent App","PARENTING"
""com.tmobile.familycontrols","T-Mobile® FamilyMode™","PARENTING"
""com.kinedu.appkinedu","Kinedu: Baby Development","PARENTING"
""com.mmguardian.parentapp","MMGuardian Parental Control","PARENTING"
""org.twisevictory.apps.ex","The Wonder Weeks - Leaps","PARENTING"
""com.flashget.parentalcontrol","FlashGet Kids:parental control","PARENTING"
""com.nighp.babytracker_android","Baby Tracker - Newborn Log","PARENTING"
""com.oubapps.po.ch","شرطة الأطفال - مكالمة وهمية","PARENTING"
""com.canopy.vpn.filter.parent","Canopy - Parental Control App","PARENTING"
""app.kids360.kid","Alli360 by Kids360","PARENTING"
""com.naraorganics.nara","Baby Tracker by Nara","PARENTING"
""com.pg.smartsleepcoach","Smart Sleep Coach by Pampers™","PARENTING"
""com.codefit.trackerapp","GPS Phone Location Tracker","PARENTING"
""com.ourfamilywizard","OurFamilyWizard Co-Parent App","PARENTING"
""com.diveomedia.little.stories.bedtime.books.kids","Little Stories: Bedtime Books","PARENTING"
""pr.gahvare.gahvare","گهواره تربیت کودک و بارداری","PARENTING"
""com.rb.enfamil","Enfamil: Baby Rewards Tracker®","PARENTING"
""com.saby.babymonitor3g","Baby Monitor Saby. 3G BabyCam","PARENTING"
""bebi.family.baby.photo.album","Baby Photo Editor","PARENTING"
""androidgecko.com.himommy","HiMommy: Pregnancy Tracker App","PARENTING"
""com.sunny.monster.maker","Monster Maker","PARENTING"
""com.baby_sleep_sounds","Baby Sleep Sounds","PARENTING"
""com.locatormidgard.findnumber","Phone Number Location Tracker","PARENTING"
""com.women.pregnancytrackerapp22","Pregnancy Tracker, Maternity","PARENTING"
""com.wachanga.pregnancy","Pregnancy and Due Date Tracker","PARENTING"
""com.appbards.baby.heartbeat.monitor","Hear My Baby Heartbeat Monitor","PARENTING"
""com.xogrp.thebump","Pregnancy App & Baby Tracker","PARENTING"
""com.hubblebaby.nursery","HubbleClub By Hubble Connected","PARENTING"
""com.goodinside.gimobile","Good Inside: Parenting","PARENTING"
""fr.wemoms","WeMoms Pregnancy Baby Tracker","PARENTING"
""ru.drivepixels.babyname","Babyname","PARENTING"
""com.evoprox.morningroutines","Happy Kids Timer Chores","PARENTING"
""com.orange.magic.board.doodle.coloring","Magic Board - Doodle & Color","PARENTING"
""by.si.soundsleeper.free","Sound Sleeper - White Noise","PARENTING"
""com.arjonasoftware.babycam","BabyCam - Baby Monitor Camera","PARENTING"
""com.family.locator.find.my.kids","Family Tracker by Phone Number","PARENTING"
""pl.trpaslik.babynoise","White Noise: Baby Sleep Sounds","PARENTING"
""com.wachanga.contractions","Contraction Timer & Counter","PARENTING"
""ru.mobiledimension.kbr","Pregnancy Tracker: amma","PARENTING"
""com.safelagoon.parenting","Safe Lagoon Parental Control","PARENTING"
""com.BabyName.start","Baby Name Together","PARENTING"
""com.coquisoft.parentlove","Baby & Breastfeeding Tracker","PARENTING"
""jp.firstascent.cryanalyzer","CryAnalyzer - baby translator","PARENTING"
""com.motorola.spaces","Family Space","PARENTING"
""org.commonsensemedia.mobile","Common Sense Media","PARENTING"
""com.tinybeans","Tinybeans Private Family Album","PARENTING"
""com.supportpay","SupportPay: Share Family Bills","PARENTING"
""com.easymobs.pregnancy","Pregnancy App","PARENTING"
""com.babyappsleepysounds","Baby Sleep Sounds: White Noise","PARENTING"
""com.amila.parenting","Baby tracker - feeding, sleep","PARENTING"
""com.pathwaysapp","Pathways.org Baby Milestones","PARENTING"
""family.tracker.my","My Family - Family Locator","PARENTING"
""com.clevguard.kidsguardpro.parent","KidsGuard Pro-Phone Monitoring","PARENTING"
""com.applicaster.babytv.vod","BabyTV - Kids Videos & Songs","PARENTING"
""cz.masterapp.annie3","Annie Baby Monitor: Nanny Cam","PARENTING"
""jp.co.sakabou.piyolog","PiyoLog: Newborn Baby Tracker","PARENTING"
""gov.in.isdh.askliv","Liv – Pregnancy App","PARENTING"
""com.babyg","Baby Development & Milestones","PARENTING"
""com.hp.babyapp","Baby + | Your Baby Tracker","PARENTING"
""fake.police.calls","Fake Police Calls","PARENTING"
""maybebaby.getpregnant.getbaby.flo","Ovulation Calendar & Fertility","PARENTING"
""com.angelsense.mobile","AngelSense Guardian","PARENTING"
""com.mightybell.thereconnected","The Reconnected","PARENTING"
""com.blinkhd","Hubble Connected for Motorola","PARENTING"
""com.realdream.kidspolice_sp","Policía de niños - para padres","PARENTING"
""org.dreamoriented.leeloo","Leeloo AAC - Autism Speech App","PARENTING"
""viticly.intrudersfinder","Find who's spying my phone","PARENTING"
""com.wingboat.AllowanceBot","Chores & Allowance Bot","PARENTING"
""com.ns804.mamava","Mamava - Breastfeed on the Go","PARENTING"
""com.speakeasy.community","SpeakEasy: Home Speech Therapy","PARENTING"
""com.evenflo.sensorsafe","Evenflo SensorSafe","PARENTING"
""com.hifamily.hidaddy","HiDaddy: Pregnancy app for Dad","PARENTING"
""io.familytime.dashboard","Parental Control FamilyTime","PARENTING"
""com.drillyapps.babydaybook","Baby Daybook - Newborn Tracker","PARENTING"
""com.urbansitter.android","UrbanSitter - Find a Caregiver","PARENTING"
""com.screentime.rc","Screen Time - Parental Control","PARENTING"
""com.aumio.baby","Happy Baby Sleep & Development","PARENTING"
""ro.heykids.povesti.desene.app","Bedtime Stories - HeyKids","PARENTING"
""io.neatkid.android","NeatKid - Daily Kids Chore App","PARENTING"
""com.babysits","Babysits - Find Babysitters","PARENTING"
""net.cleverbit.VegeFruits","Fruits and Vegetables for Kids","PARENTING"
""kz.sirius.kidssecurity","Parental Control App Blocker","PARENTING"
""com.symantec.familysafety","Norton Family Parental Control","PARENTING"
""app.mamana","مامانا | بارداری هفته به هفته","PARENTING"
""com.childreward","Child Reward","PARENTING"
""com.PlayTale.BedtimeStories","Bedtime Stories with Lullabies","PARENTING"
""app.storybook.story","Storybook: Calm Bedtime, Sleep","PARENTING"
""app.kidplay.pottywhiz","Potty Whiz: Potty Training Log","PARENTING"
""com.kidoprotect.app","Kido Protect Parental Control","PARENTING"
""com.unboundapplications.theshortyears","The Short Years Baby Book","PARENTING"
""com.whisperarts.erby","Breastfeeding tracker Pump log","PARENTING"
""com.babysparks.babysparks","BabySparks - Development Activ","PARENTING"
""com.charlie_names.charlies_names","Baby Names / First Names 2024","PARENTING"
""com.verdantlabs.nametrix","Baby Name Genius by Nametrix","PARENTING"
""com.simka.ai.children.bed.stories.android","Bedtime Stories for your Kids","PARENTING"
""com.aethiumapps.babylight","BabyLight - Baby Night Light","PARENTING"
""com.glow.android.nurture","Glow: Track. Shop. Nurture.","PARENTING"
""com.enbyin.babylanguage","Baby Language","PARENTING"
""com.bebi.family.baby.rattle","Baby Rattle: Giggles & Lullaby","PARENTING"
""com.glow.android.baby","Glow: Track. Shop. Growth.","PARENTING"
""com.pregnancy.tracker.due.date.countdown.contraction.timer","Momly: Pregnancy App & Tracker","PARENTING"
""com.pinwheel.caregiver","Pinwheel Caregiver","PARENTING"
""com.absolute.magicweavestories","Magic Weave AI bedtime stories","PARENTING"
""com.sgfamily.sgparentsstat","XLoger","PARENTING"
""com.babyTranslator.bankr0t","Baby Translator & Cry Analyzer","PARENTING"
""com.sunny.paint.learn.animals","Paint and Learn Animals","PARENTING"
""com.pregnancy.due.date.calculator.tracker","Pregnancy Calculator: Due Date","PARENTING"
""com.rotation5.smoresup","S'moresUp - Smart Chores App","PARENTING"
""com.dreamstudio.lullabies","Lullaby for Babies","PARENTING"
""com.sunny.magic.music.xylophone","Learn Music & Songs Xylophone","PARENTING"
""com.wachanga.babycare","Baby: Breastfeeding Tracker","PARENTING"
""io.kawaiiq","KawaiiQ: Intelligence & Growth","PARENTING"
""com.hubble.care","Motorola by Hubble Connected","PARENTING"
""com.stanislau.bedtime.audio.stories.kids","Bedtime Stories for Kids Sleep","PARENTING"
""com.familami","FamiLami - Habit Tracker","PARENTING"
""co.justababy.app","Just a Baby: Become a parent","PARENTING"
""com.nanit.lite","Nanit Sound and Light","PARENTING"
""com.heyqqgmbh.oscarai","Oscar bedtime story generator","PARENTING"
""com.thelittleco.pumplog","Exclusive Pumping Tracker","PARENTING"
""com.playfuleats.playfuleats","Playful Eats: Fix Picky Eating","PARENTING"
""com.alawfa.points","Points - Behavior Task Rewards","PARENTING"
""com.iteachtinyhumans.inspired_minds","Inspired Minds: Kid Activities","PARENTING"
""yducky.application.babytime","BabyTime (Tracking & Analysis)","PARENTING"
""com.alfredsystems.circle","AlfredCircle: Family Locator","PARENTING"
""com.safesurfer","Safe Surfer: Block Porn & Apps","PARENTING"
""com.realdream.kidspolice","Kids police - for parents","PARENTING"
""com.kaspersky.safekids","Kaspersky SafeKids with GPS","PARENTING"
""com.urbandroid.babysleep","BabySleep: Whitenoise lullaby","PARENTING"
""com.jeelapp.android","Jeel: Kids Early Education","PARENTING"
""com.napper","Napper: Baby Sleep & Parenting","PARENTING"
""com.tappytaps.android.bibino","Bibino Baby Monitor - Baby Cam","PARENTING"
""ua.com.tim_berners.parental_control","Parental Control Kroha","PARENTING"
""com.tryohana.android","Ohana Screen Time Control App","PARENTING"
""pl.metasoft.babymonitor","Simple Nanny - Baby Monitor","PARENTING"
""locator24.com.main","family locator - Locator 24","PARENTING"
""com.bitraptors.babyweather","BabyWeather","PARENTING"
""net.hourglass.familycore.qa","The Family Core","PARENTING"
""com.harrycarter.rewardapp","Chores 4 Rewards","PARENTING"
""com.seacloud.bc","Baby Connect: Newborn Tracker","PARENTING"
""com.pbjtv.family","PB&J TV Family","PARENTING"
""com.gravid.gravid","Preglife - Pregnancy Tracker","PARENTING"
""eu.vrseeds.BabyZone","Baby Zone for Toddler & Parent","PARENTING"
""com.frontguard.when","When: Last Seen Online Tracker","PARENTING"
""com.dreamstudio.babysleepsounds","Baby Sleep Sounds","PARENTING"
""au.com.penguinapps.android.babyfeeding.client.android","Feed Baby - Baby Tracker","PARENTING"
""com.preemptivetechnologies.daddyup","Daddy Up","PARENTING"
""com.explot.gouda","Kids Storybook · Truth & Tales","PARENTING"
""com.n51951dd8177.app","BLW Meals: How to Start Solids","PARENTING"
""com.parental.control_kids","کنترل سریع گوشی فرزندان -نظارت","PARENTING"
""com.babytiger.babydomisong.a","Baby Domi-Kids Music& Rhymes","PARENTING"
""com.nutri.parentapp","CurbSmart Parent","PARENTING"
""com.timskiy.pregnancy","Pregnancy Tracker & Day by Day","PARENTING"
""com.ourdayscalendar.android.app","Our Days Co-Parenting Calendar","PARENTING"
""com.contraction.timer.counter.ninemonths","Contraction Timer & Counter","PARENTING"
""com.fisher_price.android","Fisher-Price® Smart Connect™","PARENTING"
""com.kart2023.kids_police","شرطة الاطفال العراقية المطورة","PARENTING"
""com.nickwatch.app","NickWatch","PARENTING"
""by.applications.mamatracker","Contraction timer, kick count","PARENTING"
""com.kidzoye.parentalcontrol","Kids Mode - Kids Lock App","PARENTING"
""co.wiserapps.babyweaningsolids","Start Solids & Baby Recipes","PARENTING"
""com.camhart.netcountable","Truple - Online Accountability","PARENTING"
""com.wtwt.lggwhat","WhatsTraker","PARENTING"
""com.hisense.nursery","Babysense Smart Nursery","PARENTING"
""de.nintec.video_baby_monitor","Nani − Baby Monitor Cam","PARENTING"
""uk.co.christianhypnobirthing.androidoverview","Christian Hypnobirthing","PARENTING"
""com.vv.facebaby","AI Baby Generator: Baby Maker","PARENTING"
""com.cubtale.button","Cubtale Baby Tracker","PARENTING"
""com.backthen.android","BackThen baby milestones album","PARENTING"
""app.bomad","Allowance Tracker - Bomad","PARENTING"
""com.WaterBearInteractiveLLC.WBISensoryFireworks","WBI Sensory Fireworks","PARENTING"
""com.dokdoapps.mybabyfirework","My baby firework","PARENTING"
""uk.co.disciplemedia.catholichom","CatholicHÔM","PARENTING"
""com.sleekbit.dormi","Dormi - Baby Monitor","PARENTING"
""com.peacocktv.peacockandroid","Peacock TV: Stream TV & Movies","ENTERTAINMENT"
""com.google.android.apps.youtube.unplugged","YouTube TV: Live TV & more","ENTERTAINMENT"
""com.localaiapp.scoops","Scoopz: Real Life, Real Video","ENTERTAINMENT"
""com.netflix.mediaclient","Netflix","ENTERTAINMENT"
""com.tubitv","Tubi: Free Movies & Live TV","ENTERTAINMENT"
""com.newleaf.app.android.victor","ReelShort - Short Movie & TV","ENTERTAINMENT"
""tv.fubo.mobile","Fubo: Watch Live TV & Sports","ENTERTAINMENT"
""com.cbs.app","Paramount+","ENTERTAINMENT"
""ai.socialapps.speakmaster","Poly.AI - Create AI Chat Bot","ENTERTAINMENT"
""tv.pluto.android","Pluto TV: Watch Movies & TV","ENTERTAINMENT"
""com.storymatrix.drama","DramaBox - Stream Drama Shorts","ENTERTAINMENT"
""com.wbd.stream","Max: Stream HBO, TV, & Movies","ENTERTAINMENT"
""com.weaver.app.prod","Talkie AI: Chat With Character","ENTERTAINMENT"
""com.plexapp.android","Plex: Stream Movies & TV","ENTERTAINMENT"
""com.hulu.plus","Hulu: Stream TV shows & movies","ENTERTAINMENT"
""com.roku.remote","The Roku App (Official)","ENTERTAINMENT"
""com.disney.disneyplus","Disney+","ENTERTAINMENT"
""com.amazon.avod.thirdpartyclient","Amazon Prime Video","ENTERTAINMENT"
""live.shorttv.apps","ShortMax - Watch Dramas & Show","ENTERTAINMENT"
""com.mistplay.mistplay","MISTPLAY: Play to Earn Money","ENTERTAINMENT"
""com.sling","Sling TV: Live TV + Freestream","ENTERTAINMENT"
""com.google.android.apps.youtube.kids","YouTube Kids","ENTERTAINMENT"
""com.justplay.app","JustPlay: Earn Money or Donate","ENTERTAINMENT"
""com.nbcuni.nbc","The NBC App - Stream TV Shows","ENTERTAINMENT"
""com.crunchyroll.crunchyroid","Crunchyroll","ENTERTAINMENT"
""com.disney.datg.videoplatforms.android.abc","ABC: TV Shows & Live Sports","ENTERTAINMENT"
""com.hsv.privatebrowser","Private Browser-Incognito&Safe","ENTERTAINMENT"
""tv.twitch.android.app","Twitch: Live Streaming","ENTERTAINMENT"
""ai.character.app","Character AI: Chat, Talk, Text","ENTERTAINMENT"
""com.berslex.tiktokofflinevideoplayer","Berslex Video Player","ENTERTAINMENT"
""me.zepeto.main","ZEPETO: Avatar, Connect & Live","ENTERTAINMENT"
""com.stickermobi.avatarmaker","Neku: OC character creator","ENTERTAINMENT"
""com.philo.philo.google","Philo: Shows, Movies, Live TV.","ENTERTAINMENT"
""com.vidgetet.browser","Incognito Browser-faster&Safe","ENTERTAINMENT"
""com.eventbrite.attendee","Eventbrite – Discover events","ENTERTAINMENT"
""com.cbs.tve","CBS","ENTERTAINMENT"
""com.scee.psxandroid","PlayStation App","ENTERTAINMENT"
""com.univision.prendetv","ViX: TV, Deportes y Noticias","ENTERTAINMENT"
""com.mwm.procolor","Color Pop - Fun Coloring Games","ENTERTAINMENT"
""com.vizio.vue.launcher","VIZIO | WatchFree+","ENTERTAINMENT"
""tv.remote.control.firetv","Remote for Fire TV & FireStick","ENTERTAINMENT"
""com.emojievolution.emojimixstickerhdia","Emoji Evolution - Mix Stickers","ENTERTAINMENT"
""com.veiltge.browser","Wave Browser","ENTERTAINMENT"
""com.TWCableTV","Spectrum TV","ENTERTAINMENT"
""com.microsoft.xboxone.smartglass","Xbox","ENTERTAINMENT"
""com.amazon.imdb.tv.mobile.app","Amazon Freevee: Free Movies/TV","ENTERTAINMENT"
""com.haircut.hairclipper.razor.shaver.pranksound","Haircut Prank - Hair Clipper","ENTERTAINMENT"
""com.bydeluxe.d3.android.program.starz","STARZ","ENTERTAINMENT"
""com.patreon.android","Patreon","ENTERTAINMENT"
""com.airhorn.funny.prank.sounds","Air Horn: Funny Prank Sounds","ENTERTAINMENT"
""com.play.lucky.real.earn.money.free.fun.games.play.reward.income","PlayWell: Play to Earn","ENTERTAINMENT"
""com.hairclipper.pranksounds.funnyjoke","Hair Clipper Prank: Fun Sounds","ENTERTAINMENT"
""com.ninnguyen.roblox.skin.paint.shirt.tshirt","Skins Master for Roblox Shirts","ENTERTAINMENT"
""com.att.tv","DIRECTV","ENTERTAINMENT"
""com.cloaktp.browser","Privacy Pioneer Browser","ENTERTAINMENT"
""com.imdb.mobile","IMDb: Movies & TV Shows","ENTERTAINMENT"
""jigsaw.puzzle.free.coloring.game","Super Jigsaw - HD Puzzle Games","ENTERTAINMENT"
""com.axs.android","AXS Tickets","ENTERTAINMENT"
""com.entertaiment.prank.app.pettranslator","Dog & Cat Translator Prank App","ENTERTAINMENT"
""com.Beauchamp.Messenger.external","Chai: Chat AI Platform","ENTERTAINMENT"
""pro.cashtree","PLAYTIME - Earn Money Playing","ENTERTAINMENT"
""com.harman.ble.jbllink","JBL Portable","ENTERTAINMENT"
""com.telemundo.awe","Telemundo: Series y TV en vivo","ENTERTAINMENT"
""com.bala.ai.android","BALA AI: Character AI Chat App","ENTERTAINMENT"
""com.thezeusnetwork.www","Zeus","ENTERTAINMENT"
""com.reelrush.video.mobilink","Reel Rush","ENTERTAINMENT"
""com.lego.legobuildinginstructions","LEGO® Builder","ENTERTAINMENT"
""com.google.android.play.games","Google Play Games","ENTERTAINMENT"
""com.pranksounds.appglobaltd","Haircut prank, air horn & fart","ENTERTAINMENT"
""com.newreading.goodreels","GoodShort - Movies & Dramas","ENTERTAINMENT"
""com.bitstrips.imoji","Bitmoji","ENTERTAINMENT"
""com.burakgon.gamebooster3","Richie Games - Play & Earn","ENTERTAINMENT"
""io.playtime","MONEY CASH - Play Games & Earn","ENTERTAINMENT"
""com.jackpocket","Jackpocket Lottery App","ENTERTAINMENT"
""com.money.time","MoneyTime - Play & Earn","ENTERTAINMENT"
""com.oculus.twilight","Meta Horizon","ENTERTAINMENT"
""com.viacom.betplus","BET+","ENTERTAINMENT"
""com.ifriend.app","EVA Character AI & AI Friend","ENTERTAINMENT"
""com.kick.mobile","Kick: Live Streaming","ENTERTAINMENT"
""com.amc","AMC Theatres: Movies & More","ENTERTAINMENT"
""com.syncbak.zeam","Zeam","ENTERTAINMENT"
""com.roku.web.trc","The Roku Channel","ENTERTAINMENT"
""com.digidust.elokence.akinator.freemium","Akinator","ENTERTAINMENT"
""mobi.ifunny","iFunny - cool memes & videos","ENTERTAINMENT"
""ai.metaverse.iptv.smartplayer.onlinetv","Smart IPTV Player - Online TV","ENTERTAINMENT"
""com.gamepass","Xbox Game Pass","ENTERTAINMENT"
""com.owlsup.modaddon.morph","Morph Mod for Minecraft PE","ENTERTAINMENT"
""air.com.vudu.air.DownloaderTablet","Fandango at Home","ENTERTAINMENT"
""com.fandango.regal","Regal: Tickets and Showtimes","ENTERTAINMENT"
""meow.world.hello","Meow AI: Your AI Companion","ENTERTAINMENT"
""com.bluesky.best_ringtone.free2017","Ringtones for android phones","ENTERTAINMENT"
""com.changdu.mobovideo","MoboReels","ENTERTAINMENT"
""com.codewaystudios.facedance","Face Dance: AI Photo Animator","ENTERTAINMENT"
""com.emoji.merge.makeover.diy.mixer.funny","Emoji Kitchen - DIY Emoji Mix","ENTERTAINMENT"
""com.skinape.games.giftcards.coins","SkinApe for Games & Gift Cards","ENTERTAINMENT"
""musica.musicfree.snaptube.weezer.mp3app","Offline Music Player- Weezer","ENTERTAINMENT"
""com.wejoy.weplay.us","WePlay - Game & Party","ENTERTAINMENT"
""com.moviesanywhere.goo","Movies Anywhere","ENTERTAINMENT"
""com.texas.lottery","Texas Lottery Official App","ENTERTAINMENT"
""gov.ca.lot.caLotteryApp","CA Lottery Official App","ENTERTAINMENT"
""com.pixel_ai.emulator.delta.psp","GBA Game Emulator","ENTERTAINMENT"
""ott.tonightsconversation","Tonight's Conversation","ENTERTAINMENT"
""com.pbs.video","PBS: Watch Live TV Shows","ENTERTAINMENT"
""com.vidangel.thechosen","Angel Studios","ENTERTAINMENT"
""com.inkitt.app.galateatv.android","GalateaTV","ENTERTAINMENT"
""com.cw.fullepisodes.android","The CW","ENTERTAINMENT"
""com.lie.detector.test.prank.fingerprintscanner","Lie Detector Test for Prank","ENTERTAINMENT"
""com.fandom.playercompanion","D&D Beyond","ENTERTAINMENT"
""com.kakideveloper.pickupline","Pickup Lines - Flirt Messages","ENTERTAINMENT"
""com.viki.android","Viki: Asian Dramas & Movies","ENTERTAINMENT"
""com.popt.poptoon","PoPo Manga","ENTERTAINMENT"
""com.nvidia.geforcenow","GeForce NOW Cloud Gaming","ENTERTAINMENT"
""io.zebedee.wallet","ZBD: Earn Bitcoin Rewards","ENTERTAINMENT"
""com.cinemark.mobile","Cinemark Theatres","ENTERTAINMENT"
""playstation.ps.remote.play.controller","Remote Play Controller for PS","ENTERTAINMENT"
""com.xumo.xumo.tv","Xumo Play","ENTERTAINMENT"
""com.urbanizationcool.tearupdown","Mod for Teardown in Minecraft","ENTERTAINMENT"
""com.iqiyi.i18n","iQIYI - Drama, Anime, Show","ENTERTAINMENT"
""com.zype.oftvandroid","OFTV","ENTERTAINMENT"
""com.nintendo.znca","Nintendo Switch Online","ENTERTAINMENT"
""com.usanetwork.watcher","USA Network","ENTERTAINMENT"
""com.draftkings.casino","DraftKings Casino - Real Money","ENTERTAINMENT"
""com.kanopy","Kanopy","ENTERTAINMENT"
""com.police.scanner.radio.police_scanner","Police Scanner 5.0","ENTERTAINMENT"
""xyz.surfsphere.android","MiLive - Live & Chat","ENTERTAINMENT"
""com.broken.screen.funny.pranks","Broken Screen 4K Funny Pranks","ENTERTAINMENT"
""com.gofindmm.sdpro","LoveDate - AI Romantic Match","ENTERTAINMENT"
""com.fakechat.prank.fakecall.fakecallgame","Prank Video Call: Simulate SMS","ENTERTAINMENT"
""com.outfit7.talkingben","Talking Ben the Dog","ENTERTAINMENT"
""com.disney.datg.videoplatforms.android.watchdc","DisneyNOW – Episodes & Live TV","ENTERTAINMENT"
""com.spinthewheeldecider","Spin The Wheel - Random Picker","ENTERTAINMENT"
""com.fandango","Fandango - Buy Movie Tickets","ENTERTAINMENT"
""translate.dog.meaning","Human to Dog Translator","ENTERTAINMENT"
""com.game.mcpe.mods.oneblock","One Block Lucky Mod for MCPE","ENTERTAINMENT"
""com.honey.chat.gp","Honey Chat - AI Girlfriend","ENTERTAINMENT"
""com.canela.ott","Canela.TV Series and movies","ENTERTAINMENT"
""com.playnearn","Snakzy: Earn While You Play","ENTERTAINMENT"
""com.valvesoftware.steamlink","Steam Link","ENTERTAINMENT"
""com.flalottery.FLALOTTERY","Florida Lottery","ENTERTAINMENT"
""com.domireel.video","DomiReel-Short Dramas & Shows","ENTERTAINMENT"
""com.stremio.one","Stremio","ENTERTAINMENT"
""me.apptivise.vladnikita","Vlad and Niki – games & videos","ENTERTAINMENT"
""cashcow.app","Cash Cow","ENTERTAINMENT"
""com.bestnovel.reader","NovaBeats-AudioBooks&Series","ENTERTAINMENT"
""com.mentormate.android.inboxdollars","InboxDollars","ENTERTAINMENT"
""com.rosytales.hairsmakeupartistsalon","Hairs Makeup Artist Salon","ENTERTAINMENT"
""com.dashdramas","My Drama: Short reel stories!","ENTERTAINMENT"
""com.hd.movies.free.play.hdmovies2024.ogre","Watch HD Movies 2024","ENTERTAINMENT"
""com.aimate.boochat","TruMate-Character AI & Story","ENTERTAINMENT"
""com.fahlo.fahlo","Fahlo Animal Tracker","ENTERTAINMENT"
""com.free.hd.movies.justwatch","HD Movies 2024 - Watch Movie","ENTERTAINMENT"
""com.fanduel.casino","FanDuel Casino - Real Money","ENTERTAINMENT"
""com.blizzard.messenger","Battle.net","ENTERTAINMENT"
""time.bomb.simulator.pranksounds","Time Bomb - Prank Gun Sounds","ENTERTAINMENT"
""com.amazon.tahoe.grownups","Amazon Kids+ Parent Dashboard","ENTERTAINMENT"
""com.sereal.short.app","Sereal+ - Stream Short Dramas","ENTERTAINMENT"
""com.icocofun.us.maga","CocoFun - Funny Videos & Memes","ENTERTAINMENT"
""net.comeandsee.thechosen","The Chosen","ENTERTAINMENT"
""com.lutech.liedetector","Lie Detector Test : Prank App","ENTERTAINMENT"
""com.noventure.minishorts","MiniShorts","ENTERTAINMENT"
""com.anilab.anime","Anilab - Anime TV SUB and DUB","ENTERTAINMENT"
""com.FFFFFSkinTools.elitegames11","FFF Skin Tool Emotes","ENTERTAINMENT"
""com.dobroapps.anti.stress.toys","Fidget Games: Pop It & Dimple","ENTERTAINMENT"
""com.magiclabs.mimic","Mimic - AI Photo Face Animator","ENTERTAINMENT"
""ai.music.app","My Tunes : AI Music Generator","ENTERTAINMENT"
""com.gofindmm.chat","HotChat - Your AI Soulmate","ENTERTAINMENT"
""com.time.bomb.gun.sound.simulator.prank","Time Bomb Prank, Gun Simulator","ENTERTAINMENT"
""com.stary.dreamshort","DreameShort - Dramas and Shows","ENTERTAINMENT"
""com.pheon","Pheon: AI Girlfriend Chat Bot","ENTERTAINMENT"
""com.sm.SlingGuide.Dish","DISH Anywhere","ENTERTAINMENT"
""com.hdmoviesboxhd.onlinestreamfree","HD Movies 2024","ENTERTAINMENT"
""com.gunsimulator.shotgun.prank.sounds","Gun Simulator: Real Gun Sounds","ENTERTAINMENT"
""com.btbapps.entertainment.gun.simulator","Lightsaber & Gun Simulator","ENTERTAINMENT"
""com.fakecall.videocallandchat.celebrity","Celebrity Prank Call & Chat","ENTERTAINMENT"
""com.dreamapp.dubhe","AI Video Generator -Dream Face","ENTERTAINMENT"
""io.drama.shorts","DramaShorts: Watch TV & Shows","ENTERTAINMENT"
""com.cargunmap.mod","Mods, addons for minecraft","ENTERTAINMENT"
""translate.cat.meaning","Human to Cat Translator","ENTERTAINMENT"
""com.funnyai.chatplay","Funny _Happy Chat","ENTERTAINMENT"
""com.discovery.discoveryplus.mobile","discovery+ | Stream TV Shows","ENTERTAINMENT"
""com.no.color","No.Pix Color by Number & Pixel","ENTERTAINMENT"
""com.feeln.android","Hallmark+","ENTERTAINMENT"
""com.kayenworks.mcpeaddons","Addons for Minecraft","ENTERTAINMENT"
""com.aetn.lifetime.watch","Lifetime: TV Shows & Movies","ENTERTAINMENT"
""com.giftsun.app","gift sun","ENTERTAINMENT"
""com.zleaguemobile","Z League: Mini Games & Friends","ENTERTAINMENT"
""com.skin.editor.avatar.maker","Makerblox - Create Skins","ENTERTAINMENT"
""jcutting.ghosttubesls","GhostTube SLS Camera Alternate","ENTERTAINMENT"
""com.xphotokit.aipixtool","Photo AI","ENTERTAINMENT"
""com.future.moviesByFawesomeAndroidTV","Fawesome - Movies & TV Shows","ENTERTAINMENT"
""com.roleplaychatwithme.mollie","Mollie: Anime Chatbot Roleplay","ENTERTAINMENT"
""com.lego.supermario","LEGO® Super Mario™","ENTERTAINMENT"
""com.modernapps.frozencash","FrozenCash - Make Money Online","ENTERTAINMENT"
""start.flixInsight.com","FlixInsight","ENTERTAINMENT"
""revive.app","Revive: Animation & AI Photos","ENTERTAINMENT"
""com.storytoys.marvelhq.googleplay","Marvel HQ: Kids Super Hero Fun","ENTERTAINMENT"
""com.britbox.us","BritBox: Brilliant British TV","ENTERTAINMENT"
""com.caesarsdigital.igaming.caesarspalaceonline","Caesars Palace Online Casino","ENTERTAINMENT"
""com.gotv.crackle.handset","Crackle","ENTERTAINMENT"
""ai.botify.app","Botify AI: Create. Chat. Bot.","ENTERTAINMENT"
""com.indiecode.dungeon","Dungeon Manager : Mine King","GAME_ACTION"
""com.supercell.brawlstars","Brawl Stars","GAME_ACTION"
""com.dts.freefireth","Free Fire","GAME_ACTION"
""com.playstrom.hero.tower","TDS - Tower Destiny Survive","GAME_ACTION"
""com.playgendary.kickthebuddy","Kick the Buddy－Fun Action Game","GAME_ACTION"
""com.starplay.spider.fighter.openworld","Spider Fighter 3: Hero Game","GAME_ACTION"
""com.amelosinteractive.snake","Snake.io - Fun Snake .io Games","GAME_ACTION"
""com.playgendary.bowmasters","Bowmasters: Archery Shooting","GAME_ACTION"
""com.activision.callofduty.shooter","Call of Duty: Mobile Season 8","GAME_ACTION"
""com.innersloth.spacemafia","Among Us","GAME_ACTION"
""com.playgendary.ktbremaster","Kick the Buddy: Second Kick","GAME_ACTION"
""com.Neurononfire.SupremeDuelist","Supreme Duelist","GAME_ACTION"
""com.dts.freefiremax","Free Fire MAX","GAME_ACTION"
""com.playflix.kick.breakragdoll.games","Kick & Break The Ragdoll Games","GAME_ACTION"
""com.kitkagames.fallbuddies","Stumble Guys","GAME_ACTION"
""com.tencent.ig","PUBG MOBILE","GAME_ACTION"
""com.kayac.JetpackMaster","Jetpack Master : Flying Action","GAME_ACTION"
""jp.co.dwango.HcgDW007SandwichRun","Sandwich Runner","GAME_ACTION"
""com.gnarlygamestudio.agenthunt","Agent Hunt - Hitman Shooter","GAME_ACTION"
""com.cassette.aquapark","aquapark.io","GAME_ACTION"
""com.atknsyl.weaponmaster","Weapon Master: Run & Gun Games","GAME_ACTION"
""com.higame.par.escape.prank.run.game","Escape Run: Endless Die Fun","GAME_ACTION"
""com.atesgamestudio.rollance","Rollance : Adventure Balls","GAME_ACTION"
""com.playgendary.tom","Tomb of the Mask","GAME_ACTION"
""com.seenax.HideAndSeek","Hide 'N Seek!","GAME_ACTION"
""com.outfit7.talkingtomgoldrun","Talking Tom Gold Run","GAME_ACTION"
""com.kayac.chargefist","ChargeFist: Punch Action!","GAME_ACTION"
""com.slicing.hero","Slicing Hero Sword Master Game","GAME_ACTION"
""com.netease.newspike","Blood Strike - FPS for all","GAME_ACTION"
""com.fungames.sniper3d","Sniper 3D：Gun Shooting Games","GAME_ACTION"
""hide.seek.room","Hide in The Backrooms: Horror","GAME_ACTION"
""com.animal.hunter.sniper","Animal Hunter: Wild Shooting","GAME_ACTION"
""com.fungames.battletanksbeta","War Machines：Tanks Battle Game","GAME_ACTION"
""epic.fight.stick.warriors","Stick Fight: Epic Warriors","GAME_ACTION"
""com.geishatokyo.trafficrun","Traffic Run!: Driving Game","GAME_ACTION"
""com.miniclip.realsniper","Pure Sniper: Gun Shooter Games","GAME_ACTION"
""com.stealthgame.master","Stealth Master: Assassin Ninja","GAME_ACTION"
""com.creativestarsgames.bombevolution","Evolving Bombs!","GAME_ACTION"
""com.GnarlyGameStudio.FrontlineHeroes","Frontline Heroes: WW2 Warfare","GAME_ACTION"
""vh.one","I, The One — Fun Fighting Game","GAME_ACTION"
""io.supercent.ageofdinosaurs","Dinosaur Universe","GAME_ACTION"
""com.kayac.level_up_number","Number Master: Run and merge","GAME_ACTION"
""com.Hitica.FightForAmerica","Fight For America: Country War","GAME_ACTION"
""com.oreon.monsterdraft","Monster Draft : Running Game","GAME_ACTION"
""com.outfit7.herodash","Talking Tom Hero Dash","GAME_ACTION"
""com.RastleksGames.TheShootout","Zombie Apocalypse: Doomsday-Z","GAME_ACTION"
""com.actopolus.PixelDudeSandbox","Gangs Wars: Pixel Shooter RP","GAME_ACTION"
""com.nintendo.zaka","Mario Kart Tour","GAME_ACTION"
""com.hit.master","Hit Master 3D - Knife Assassin","GAME_ACTION"
""com.hypergutura.tearthemall","Tear Them All: Robot fighting","GAME_ACTION"
""com.imangi.templerun2","Temple Run 2","GAME_ACTION"
""com.stickman.warriors.stickwarriors.dragon.shadow.fight","Stickman Warriors","GAME_ACTION"
""com.RocinanteGames.SwatTacticalShooter","SWAT Tactical Shooter","GAME_ACTION"
""com.playnoob.homeflip","Home Flip: Crazy Jump Master","GAME_ACTION"
""com.rubygames.assassin","Hunter Assassin","GAME_ACTION"
""com.time.trigger","Johnny Trigger: Action Shooter","GAME_ACTION"
""com.kayac.breakragdoll","Ragdoll Break: Let's destroy!","GAME_ACTION"
""com.kabam.marvelbattle","Marvel Contest of Champions","GAME_ACTION"
""com.kayac.DrawFight","Draw Action: Freestyle Fight","GAME_ACTION"
""com.zeptolab.cats.google","CATS: Crash Arena Turbo Stars","GAME_ACTION"
""com.yodo1.crossyroad","Crossy Road","GAME_ACTION"
""com.heli.monsters","Heli Monsters - Giant Hunter","GAME_ACTION"
""com.generagames.resistance","Cover Fire: Offline Shooting","GAME_ACTION"
""com.starform.metalstorm","Metalstorm","GAME_ACTION"
""com.tinybytes.massivewarfare2","Massive Warfare: Tanks PvP War","GAME_ACTION"
""flexus.dye.hard","Dye Hard - Color War","GAME_ACTION"
""com.hookah.tear.down.pixel.playground","Nextbots in Playground: Pixel","GAME_ACTION"
""studio.tg.rescue.cop","Rescue Cop: Shooting Game","GAME_ACTION"
""com.scream.imposter.monster.survival","Space Survivor","GAME_ACTION"
""com.ohbibi.fps","FRAG Pro Shooter","GAME_ACTION"
""com.TrofyGames.UboatAttack","Uboat Attack","GAME_ACTION"
""freeplay.crowdrun.com","Count Masters: Stickman Games","GAME_ACTION"
""com.horus.beach.head","World War: Army Battle FPS 3D","GAME_ACTION"
""com.nintendo.zara","Super Mario Run","GAME_ACTION"
""com.devilgame.trolllevel","Die Again: Troll Game Ever","GAME_ACTION"
""com.proximabeta.mf.uamo","Arena Breakout: Realistic FPS","GAME_ACTION"
""com.pixonic.wwr","War Robots Multiplayer Battles","GAME_ACTION"
""com.hepagames.wheelevolution","Steering Wheel Evolution","GAME_ACTION"
""com.activision.callofduty.warzone","Call of Duty®: Warzone™ Mobile","GAME_ACTION"
""com.mysterytag.cryptominer","Crypto Miner Tycoon","GAME_ACTION"
""com.Born2Play.StackyDash","Stacky Dash","GAME_ACTION"
""com.jarvigames.viceonline","Vice Online: Flex City","GAME_ACTION"
""com.evogames.duoshooter","Mr and Mrs Shooter: City Hunt","GAME_ACTION"
""jp.pokemon.pokemonunite","Pokémon UNITE","GAME_ACTION"
""com.starplay.spider.fighter3d","Spider Fighter 2","GAME_ACTION"
""com.pixel.gun3d","Pixel Gun 3D - FPS Shooter","GAME_ACTION"
""com.netmarble.sololv","Solo Leveling:Arise","GAME_ACTION"
""wild.west.sniper","Western Sniper: Wild West FPS","GAME_ACTION"
""com.mobile.legends","Mobile Legends: Bang Bang","GAME_ACTION"
""com.barsstudios.swordplay","Sword Play! Ninja Slice Runner","GAME_ACTION"
""com.bandainamcoent.dblegends_ww","DRAGON BALL LEGENDS","GAME_ACTION"
""com.plarium.mechlegion","Mech Arena - Shooting Game","GAME_ACTION"
""com.rescue.agent","Helicopter Escape 3D","GAME_ACTION"
""com.miniclip.puresoldier","War Sniper: FPS Shooting Game","GAME_ACTION"
""ghost.shooting.sniper.real3d.action.free.android","Ghost Shooting: hunting games","GAME_ACTION"
""com.netflix.NGP.GTASanAndreasDefinitiveEdition","GTA: San Andreas – NETFLIX","GAME_ACTION"
""ngx100.escape.rooms.mystery.door","100 Monsters Game: Escape Room","GAME_ACTION"
""lol.onevone","1v1.LOL - Battle Royale Game","GAME_ACTION"
""com.htt.alpha.shooter.fps","Alphabet Shooter: Survival FPS","GAME_ACTION"
""ru.galya.drawjoust","Draw Joust!","GAME_ACTION"
""com.edkongames.mobs","Modern Ops: Gun Shooting Games","GAME_ACTION"
""com.jtsniper.game","Johnny Trigger - Sniper Game","GAME_ACTION"
""com.autumn.skullgirls","Skullgirls: Fighting RPG","GAME_ACTION"
""com.Lightneer.BazookaBoy","Bazooka Boy","GAME_ACTION"
""com.Cybernate.SlapstickFighter","Slapstick Fighter - Fight Game","GAME_ACTION"
""org.ppsspp.ppsspp","PPSSPP - PSP emulator","GAME_ACTION"
""com.supercell.squad","Squad Busters","GAME_ACTION"
""air.com.hypah.io.slither","slither.io","GAME_ACTION"
""com.wildlife.games.battle.royale.free.zooba","Zooba: Fun Battle Royale Games","GAME_ACTION"
""sniper.shooting.game","Monster Shooting: Zombie Hunt","GAME_ACTION"
""com.wb.goog.mkx","Mortal Kombat","GAME_ACTION"
""com.freeplaysultanov.shootit","Shoot Out: Gun Shooting Games","GAME_ACTION"
""com.noorgames.basketbattle","Basket Battle","GAME_ACTION"
""com.merge.animals","Merge Animals 3D - Mutant race","GAME_ACTION"
""com.mgs.sniper1","Sniper Strike FPS 3D Shooting","GAME_ACTION"
""com.sega.sonic1px","Sonic the Hedgehog™ Classic","GAME_ACTION"
""com.stickmanteleport.master","Stickman Teleport Master 3D","GAME_ACTION"
""com.rimashev.nextbot","Nextbots In Backrooms: Shooter","GAME_ACTION"
""com.gamedevltd.modernstrike","Modern Strike Online: War Game","GAME_ACTION"
""com.gaijingames.wtm","War Thunder Mobile","GAME_ACTION"
""com.KisekiGames.smart","My Mini Mart","GAME_ACTION"
""zombie.survival.craft.z","Last Day on Earth: Survival","GAME_ACTION"
""com.alfaondo.monstersgang","Monsters Gang 3D: beast fights","GAME_ACTION"
""com.kayac.drawSaber","Draw Saber","GAME_ACTION"
""com.crazylabs.football.master.kick","Touch Down 3D","GAME_ACTION"
""com.YsoCorp.NinjaHands","Ninja Hands","GAME_ACTION"
""com.kayac.balloon_crusher","Balloon Crusher: Shoot’em all","GAME_ACTION"
""com.pixelbite.ga2","Reckless Getaway 2: Car Chase","GAME_ACTION"
""com.brotato.shooting.survivors.action.roguelike","Brotato","GAME_ACTION"
""com.wildlifestudios.jet.airplane.games.sky.warriors","Sky Warriors: Airplane Games","GAME_ACTION"
""zombie.shooter.survival","Dead Raid — Zombie Shooter 3D","GAME_ACTION"
""com.swiftgames.survival","Heroes vs. Hordes: Survivor","GAME_ACTION"
""com.jura.robot.battle.transformation","Robot Game: Transform & Fight","GAME_ACTION"
""com.yolostudio.theimpostor","Red Imposter","GAME_ACTION"
""com.wolf.objecthunt","Hide and Go Seek: Monster Hunt","GAME_ACTION"
""com.kamilbilge.supercloner3d","Super Cloner 3D","GAME_ACTION"
""com.aldagames.zombieshooter","The Walking Zombie 2: Shooter","GAME_ACTION"
""com.wildspike.wormszone","Worms Zone .io - Hungry Snake","GAME_ACTION"
""com.cover.zombie.fire.shooter","Zombie Fire 3D: Offline Game","GAME_ACTION"
""com.WalkTalk.FlightMaster","Epic Plane Evolution","GAME_ACTION"
""com.obby.escape.prison2024","Obby Escape: Prison Breakout","GAME_ACTION"
""com.allinc.bagfight","Bag Fight","GAME_ACTION"
""com.gunclans.shooter.run.hero.war.survival.game","Weapon Run Games: GunClans Go","GAME_ACTION"
""com.gamedevltd.wwh","World War Heroes — WW2 PvP FPS","GAME_ACTION"
""com.xd.hide.and.seek","Hide And Seek 3D: Who is Daddy","GAME_ACTION"
""com.junesoftware.maskgun","MaskGun: FPS Shooting Gun Game","GAME_ACTION"
""com.nekki.shadowfight","Shadow Fight 2","GAME_ACTION"
""com.whitespiritgames.winter","Winter: Frozen Bot","GAME_ACTION"
""com.sgs.sniper.agent.agenthunt.shootergame.snipergame.gun.game","Agent Shooter - Shooting Game","GAME_ACTION"
""com.twodestudios.octofeast","Octopus Feast","GAME_ACTION"
""com.tapped.snipersiege","Sniper Siege: Defend & Destroy","GAME_ACTION"
""com.bg.shooting.cs.contractsniper","CS Contract Sniper: Gun War","GAME_ACTION"
""com.tibith.badboxing","Bloody Bastards","GAME_ACTION"
""com.cassette.airborneattack","Airborne Attack","GAME_ACTION"
""com.soccer.football.kick","Super Goal: Fun Soccer Game","GAME_ACTION"
""net.wargaming.wot.blitz","World of Tanks Blitz","GAME_ACTION"
""com.nianticlabs.monsterhunter","Monster Hunter Now","GAME_ACTION"
""com.zoo.smiling.monster.keeper","Zoo Critters: Monster Keeper","GAME_ACTION"
""com.sensusgames.powerzone","Power Zone: Battle Royale, 1v1","GAME_ACTION"
""com.je.supersus","Super Sus","GAME_ACTION"
""com.snake.io.slither.merge.fun.game","Worms Merge: idle snake game","GAME_ACTION"
""com.starplay.spider.fighter","Spider Fighter","GAME_ACTION"
""com.whitespiritgames.the.room","The Room: Tiny Bot","GAME_ACTION"
""com.symbiote.shooting.puzzle.swing","Symbiote Shooting Puzzle","GAME_ACTION"
""com.cg.cowboy","West Gunfighter","GAME_ACTION"
""com.og.gangster.game.crime.simulator","Gangster Simulator Crime Game","GAME_ACTION"
""com.crazylabs.lady.bug","Miraculous Ladybug & Cat Noir","GAME_ACTION"
""com.joydo.minestrikenew","Cops N Robbers:Pixel Craft Gun","GAME_ACTION"
""com.snake.io.slither.worms","Snake Lite - Snake Game","GAME_ACTION"
""com.h8games.helixjump","Helix Jump","GAME_ACTION"
""fi.twomenandadog.zombiecatchers","Zombie Catchers : Hunt & sell","GAME_ACTION"
""com.tummygames.sliceit","Slice It All!","GAME_ACTION"
""com.gameloft.android.ANMP.GloftM5HM","Modern Combat 5: mobile FPS","GAME_ACTION"
""com.survival.squid.impostor","Survival 456 But It's Impostor","GAME_ACTION"
""com.criticalforceentertainment.criticalops","Critical Ops: Multiplayer FPS","GAME_ACTION"
""com.noorgames.ballup","Ball Up: Knife Racing","GAME_ACTION"
""com.bandainamcoent.opbrww","ONE PIECE Bounty Rush","GAME_ACTION"
""com.weup.meme.shooter.sanbox.mods.playgrounds","Meme Shooter in Sandbox Mods","GAME_ACTION"
""com.aurecas.stickmanzombieshooter","Stick vs Zombies","GAME_ACTION"
""com.rsg.smash.punch.hero.rubber.arms","Punch to Smash: Rubber Arms","GAME_ACTION"
""io.hyperhug.slime.io","Clash of Slimes: IO Game","GAME_ACTION"
""com.blockycars.online","Blocky Cars online games","GAME_ACTION"
""com.horus.sky.defense","Sky Defense: War Duty","GAME_ACTION"
""com.StarLegion.EnergyFight","Energy Fight - Dragon Fighters","GAME_ACTION"
""com.dsemu.drastic","DraStic DS Emulator","GAME_ACTION"
""com.blitzteam.battleprime","Battle Prime: FPS gun shooting","GAME_ACTION"
""com.gsgames.pixel.combat","Pixel Combat: Zombies Strike","GAME_ACTION"
""com.zeptolab.bulletecho.google","Bullet Echo","GAME_ACTION"
""com.zombie.gun.shooter","Zombie 3D: Offline Gun Games","GAME_ACTION"
""com.StudioGamebit.WildWestCowboy","Wild West Cowboy Redemption","GAME_ACTION"
""com.levelinfinite.sgameGlobal","Honor of Kings","GAME_ACTION"
""com.unept.leveldevil","Level Devil - NOT A Troll Game","GAME_ACTION"
""com.outfit7.talkingtomtimerush","Talking Tom Time Rush","GAME_ACTION"
""com.topface.kisskiss","Kiss Kiss: Spin the Bottle","GAME_ACTION"
""games.tatsumaki.drawcreatures","Draw Creatures","GAME_ACTION"
""com.chillingo.robberybobfree.android.row","Robbery Bob - King of Sneak","GAME_ACTION"
""com.JESoftware.LastHopeSniper3","Zombie Sniper War 3 - Fire FPS","GAME_ACTION"
""com.naxeex.ropehero.mafia.city.wars","Rope Hero: Mafia City Wars","GAME_ACTION"
""marble.strike.battle.royale","Marble Clash: Fun Shooter","GAME_ACTION"
""com.netflix.NGP.SonicMania","Sonic Mania Plus - NETFLIX","GAME_ACTION"
""kidultlovin.word.zen","Zen Word® - Relax Puzzle Game","GAME_WORD"
""in.playsimple.wordsearch","Word Search Explorer","GAME_WORD"
""com.crypt.gram.puzz","Cryptogram Letters and Numbers","GAME_WORD"
""com.peoplefun.wordsolitaire","Wordscapes Solitaire","GAME_WORD"
""com.platinumplayer.word.addict","Word Collect - Word Games Fun","GAME_WORD"
""com.peoplefun.wordcross","Wordscapes","GAME_WORD"
""bible.wordgame.words.connect.crossword.cookies","Bible Word Puzzle - Word Games","GAME_WORD"
""com.fugo.wow","Words of Wonders: Crossword","GAME_WORD"
""com.nytimes.crossword","NYT Games: Word, Number, Logic","GAME_WORD"
""com.mobilegame.wordsearch","Word Search","GAME_WORD"
""word.cross.connect.puzzle.games","Word Cross - Crossword Puzzle","GAME_WORD"
""com.playvalve.wsjourney","Word Search - Word Puzzle Game","GAME_WORD"
""in.crossy.daily_crossword","Daily Themed Crossword Puzzles","GAME_WORD"
""word.connect.puzzle.games","Word Connect - Train Brain","GAME_WORD"
""com.braindom","Braindom: Brain Games Test","GAME_WORD"
""com.zynga.words3","Words With Friends","GAME_WORD"
""com.kiwifun.game.android.wordsearch.puzzles","Word Search Trip","GAME_WORD"
""words.puzzle.wordgame.free.connect","Word Link-Connect puzzle game","GAME_WORD"
""word.search.cross.games","Word Search","GAME_WORD"
""com.joyvendor.wordhike.android.en","Word Hike -Inventive Crossword","GAME_WORD"
""spelling.quiz.trivia.question.answer.correct.word.learn.language.puzzle","Spelling Quiz - Word Trivia","GAME_WORD"
""com.hitapps.associations","Associations - Word Games","GAME_WORD"
""com.word.madness","Word Madness","GAME_WORD"
""com.easybrain.crossword.puzzles","Crossword Master - Word Puzzle","GAME_WORD"
""in.playsimple.tripcross","Crossword Jam","GAME_WORD"
""com.blackout.word","Word Search - Word Puzzle Game","GAME_WORD"
""in.daily_puzzle.crossword","Crossword Puzzle Explorer","GAME_WORD"
""com.fanatee.stop2","Stop 2 - Word Trivia Game","GAME_WORD"
""in.playsimple.wordtrip","Word Trip - Word Puzzle Game","GAME_WORD"
""com.pieyel.scrabble","Scrabble® GO-Classic Word Game","GAME_WORD"
""com.severex.cross.word.puzzle.logic","Crostic Crossword－Word Puzzles","GAME_WORD"
""in.WordSearch.WordBliss","Word Bliss","GAME_WORD"
""com.funcraft.dicewords","Dice Words - Fun Word Game","GAME_WORD"
""com.word.block.puzzle.free.relax","Word Search Block Puzzle Game","GAME_WORD"
""com.openmygame.magicwordsearch","Word Spells: Word Puzzle Game","GAME_WORD"
""in.playsimple.wordbingo","Word Roll","GAME_WORD"
""com.vottzapps.wordle","Wordle!","GAME_WORD"
""com.braingames.wordsearch","Word Search Hunt","GAME_WORD"
""com.wordfarm.scapes","Word Farm Adventure: Word Game","GAME_WORD"
""com.bigstarkids.wordtravel","Word City: Connect Word Game","GAME_WORD"
""com.peoplefun.wordsearch","Wordscapes Search","GAME_WORD"
""com.scopely.wheeloffortune","Wheel of Fortune: TV Game","GAME_WORD"
""com.gsr.wordcross","Crossword Quest","GAME_WORD"
""com.funcraft.whamzee","Word Yatzy - Fun Word Puzzler","GAME_WORD"
""com.playvalve.crossword","Crossword Deluxe: Word Puzzles","GAME_WORD"
""com.wb.headsup","Heads Up!","GAME_WORD"
""fun.neal.infinite.craft","Infinite Craft by Neal","GAME_WORD"
""hang.man.word.guessing.games","Hangman Words:Two Player Games","GAME_WORD"
""word.connect.free","Word Connect - Words of Nature","GAME_WORD"
""com.aaaudi.wordmaker","Word Maker: Words Games Puzzle","GAME_WORD"
""com.fbig.words","Word Galaxy Challenge","GAME_WORD"
""com.wordsearch.wordtrip.crossword.puzzle","Word Trip Search","GAME_WORD"
""com.partycharades.wordguessinggame.party","Party Charades: Guessing Game","GAME_WORD"
""com.tellmewow.senior.hangman","Hangman","GAME_WORD"
""com.matchingham.drawpuzzle.something","Draw Puzzle: Tricky Brain Test","GAME_WORD"
""com.fanatee.cody","CodyCross: Crossword Puzzles","GAME_WORD"
""com.starfish.cryptogram.an","Cryptogram Go","GAME_WORD"
""com.braindom2riddle","Brain Who? Tricky Riddle Tests","GAME_WORD"
""com.fugo.wowsearch","Words of Wonders: Search","GAME_WORD"
""com.wordgame.words.connect","Word Connect","GAME_WORD"
""com.tangramgames.gourddoll.wordcrush","Word Crush - Fun Puzzle Game","GAME_WORD"
""com.joyvendor.wordsmore.android.en","Words More -Ultimate Crossword","GAME_WORD"
""se.maginteractive.wordzee","Wordzee! - Social Word Game","GAME_WORD"
""com.openmygame.android.sky.words","Sky Words: Word Game","GAME_WORD"
""ai.easy.puzzle.word.cryptogram.free","Cryptogram Word Puzzle Game","GAME_WORD"
""com.holycowstudio.my.home.makeover.design.word.house.life","My Home Makeover Design: Games","GAME_WORD"
""com.histudiogames.wordserenityg","Word Serenity: Fun Word Search","GAME_WORD"
""com.openmygame.games.android.fillwordsoffline","Word Search - Evolution Puzzle","GAME_WORD"
""com.matchingham.braindom3","Riddle Test: Brain Teaser Game","GAME_WORD"
""infinite.alchemy.magic.merge","Magic Merge: Infinite Alchemy","GAME_WORD"
""trivia.quiz.trivia.star.millionaire.word.question.offine.game.free","Word Trivia - Word Quiz Games","GAME_WORD"
""com.randomlogicgames.wordsearch","Infinite Word Search Puzzles","GAME_WORD"
""com.joyvendor.cryptogram.android.en","Cryptogram Word Challenge","GAME_WORD"
""com.easybrain.word.puzzle.game","Easy Words - Word Puzzle Games","GAME_WORD"
""com.Eventyr.WS","Word Journey: Word Search Game","GAME_WORD"
""in.playsimple.wordtour","Word Tour","GAME_WORD"
""com.gimica.wordseeker","Word Seeker","GAME_WORD"
""com.dreambiggames.wordcandy","Word Sweets - Crossword Puzzle","GAME_WORD"
""com.word.search.find.puzzle","Word Search!","GAME_WORD"
""com.zynga.words","Words with Friends Word Puzzle","GAME_WORD"
""de.lotum.whatsinthefoto.us","4 Pics 1 Word","GAME_WORD"
""com.megarama.connections","Words: Associations Word Game","GAME_WORD"
""com.hyperthought.lingolegend","Lingo Legend Language Learning","GAME_WORD"
""com.fugo.wowguru","Words of Wonders: Guru","GAME_WORD"
""com.unicostudio.cryptoletter","Logicross: Crossword Puzzle","GAME_WORD"
""com.holycowstudio.my.home.design.makeover.games.dream.word.redecorate.masters.life.house.decorating","My Home Design: Makeover Games","GAME_WORD"
""word.search.wordsearch.wordgames.kids.adults.free.puzzle.games","Word Search - Find Word Puzzle","GAME_WORD"
""com.hitappsgames.syllatiles","Syllatiles - Word Puzzle Game","GAME_WORD"
""com.gimica.wordkitchen","Word Kitchen","GAME_WORD"
""com.PalmCourt.Wavelength","Wavelength","GAME_WORD"
""com.zytoona.wordscrush","كلمات كراش - لعبة تسلية وتحدي ","GAME_WORD"
""net.artgamestudio.charadesapp","Charades App - Guess the Word","GAME_WORD"
""com.blueoxtech.sevenlittlewords","7 Little Words","GAME_WORD"
""com.bitmango.go.wordcookies","Word Cookies! ®","GAME_WORD"
""com.unicostudio.wordassociation","Word Match: Connections Game","GAME_WORD"
""mobi.redstonegames.crossword.en","Crossword Puzzle Redstone","GAME_WORD"
""com.wordgame.newcross.android.en","Word Craze - Trivia Crossword","GAME_WORD"
""infinite.funmerge.word.craft.puzzworld","Infinite: Word Puzz Craft","GAME_WORD"
""com.aperfectpartnership.sqworble","sQworble : Crossword Scramble","GAME_WORD"
""com.funcraft.yatzygram","Anagram Yatzy - Word Game","GAME_WORD"
""com.hideseek.vocabventure","WordVenture","GAME_WORD"
""com.tellmewow.senior.word.search","Word Search","GAME_WORD"
""com.iscoolentertainment.word.flip","Word Flip - Duel of Words","GAME_WORD"
""com.ajgame.app.picsword","4 Pics Puzzles: guess word","GAME_WORD"
""com.appspot.orium_blog.crossword.eng","English Crossword puzzle","GAME_WORD"
""com.TinyBit.GameOfWords","Game of Words: Word Puzzles","GAME_WORD"
""com.hitappsgames.ciphermaster","Cryptogram Words Master","GAME_WORD"
""com.iscoolentertainment.word.search","Word Search 2 - Hidden Words","GAME_WORD"
""com.BrainLadder.AmirzaGP","آمیرزا","GAME_WORD"
""com.fzcq.wzcqand","Warriors and Adventure","GAME_WORD"
""com.PulsSoftware.WS","Word Search - Word Puzzle Game","GAME_WORD"
""com.lotum.wordblitz","Word Blitz","GAME_WORD"
""com.hitapps.figgerits","Figgerits - Word Puzzle Game","GAME_WORD"
""com.fugo.wowzen","Words of Wonders: Zen","GAME_WORD"
""word.puzzles.wordsearch.search.game.wordcross","Word Search Journey: Word Game","GAME_WORD"
""com.fiddlerswork.drawwithfriends","Draw With Friends Multiplayer","GAME_WORD"
""com.funcraft.wordgrams","Wordgrams - Crossword & Puzzle","GAME_WORD"
""com.gl.monstertruck.drivinggame.racinggame2020","4x4 SUV Car Driving Simulator","GAME_WORD"
""com.histudiogames.wordblastg","Word Blast: Word Search Games","GAME_WORD"
""com.wk.trivia.quiz","Millionaire Quiz: Trivia Games","GAME_WORD"
""com.iscoolentertainment.snc","Word Garden : Crosswords","GAME_WORD"
""com.pch.wordmania","PCH Wordmania - Word Games","GAME_WORD"
""com.fanatee.noodles","Word Lanes: Relaxing Puzzles","GAME_WORD"
""com.marulgames.wordsurf","Word Surf - Word Game","GAME_WORD"
""com.epicpandagames.word.connect.search","Senior Word Game","GAME_WORD"
""com.havnor.holding.wgskit.wss","Word Search Scanner and Solver","GAME_WORD"
""com.word.search.butterfly.puzzle.game","Word Search Butterfly","GAME_WORD"
""com.histudiogames.wordcarnivalg","Word Carnival - All in One","GAME_WORD"
""com.fingerlab.block.wordgame","Aplasta Palabras: Word Games","GAME_WORD"
""pt.cosmicode.guessup","Charades & Headbands: Guess Up","GAME_WORD"
""com.evilapples.app","Evil Apples: Funny as ____","GAME_WORD"
""word.game.wordscapes.wordconnect","Word Connect - Fun Word Puzzle","GAME_WORD"
""com.funcraft.unscramble.that","Unscramble That - Word Puzzle","GAME_WORD"
""com.softtowelgames.cwp.android","Calming Crosswords Word Puzzle","GAME_WORD"
""com.bible.verse.word.search.game","Bible Verse Search-Word Search","GAME_WORD"
""com.wordgame.wordzenith","Word Zenith Relax Puzzle Game","GAME_WORD"
""wordcross.wordscapes.wordconnect.lots.free","Word Lots","GAME_WORD"
""com.funcraft.pictawordsolo","Daily Crossword Arrow Solo","GAME_WORD"
""com.oakgames.wordgame","Word Pearls: Word Games","GAME_WORD"
""com.wordconnect.word.games.search.find","Word Search: Word Find","GAME_WORD"
""com.razzlepuzzles.cryptograms","Cryptograms · Decrypt Quotes","GAME_WORD"
""com.bigstarkids.quotescapes","Quotescapes: Word Game","GAME_WORD"
""holyscapes.bible.words.scapes.puzzle.free","Holyscapes - Bible Word Game","GAME_WORD"
""com.wordle.wordlegame.today.word.puzzle.game","Wordaily ®-With No Daily Limit","GAME_WORD"
""com.pixplicity.cryptogram","Cryptogram - puzzle quotes","GAME_WORD"
""com.milimimili.pc","Word Search - Puzzle Game","GAME_WORD"
""best.word.connect.search.free.offline.puzzle.word.games.world","Word Find - Word Connect Games","GAME_WORD"
""com.razzlepuzzles.fillins","Fill-Ins · Word Fit Puzzles","GAME_WORD"
""com.netflix.NGP.WordTrails","Word Trails NETFLIX","GAME_WORD"
""word.connect.game.wordscapes","Word Connect","GAME_WORD"
""com.word.jumble.puzz","Tile Twist: Word Puzzle Game","GAME_WORD"
""com.androidmate.drinking.party.couples.dirty.bachelorette.sleepover.would.you.rather","Would u Rather? Party Game","GAME_WORD"
""com.hbwares.wordfeud.free","Wordfeud","GAME_WORD"
""com.openmygame.games.android.wordpizza","Word Pizza - Word Games","GAME_WORD"
""word.bubble.pop.parts.combine.guess.find.swipe.crush.scrabble.puzzle.game","Word Bubble Puzzle - Word Game","GAME_WORD"
""com.librasoftworks.worduniverse","Word Universe - CrossWord","GAME_WORD"
""com.eggheadgames.lp","Logic Grid Puzzles: Brain Game","GAME_WORD"
""com.tgmedia.wordrelax","Word Relax: Word Puzzle Games","GAME_WORD"
""com.chippymediallc.word.nut.android","Word Nut - Word Puzzle Games","GAME_WORD"
""word.connect.cross.games.puzzle","Ring of Words2: Cats Party","GAME_WORD"
""com.hideseek.hexawords","HexaWords","GAME_WORD"
""com.kooapps.pictowordandroid","Pictoword: Fun Brain Word Game","GAME_WORD"
""com.lulo.scrabble.classicwords","Classic Words Solo","GAME_WORD"
""com.cloudycastlegames.wordline","Word Line: Crossword Adventure","GAME_WORD"
""word.game.wordscapes","Word Connect: Crossword Puzzle","GAME_WORD"
""com.fbig.crosswords","Crossword Puzzle Universe","GAME_WORD"
""com.fatchicken007.headsupcharades2","Charades!","GAME_WORD"
""de.lotum.whatsinthefoto.es","4 Fotos 1 Palabra","GAME_WORD"
""com.lovetoknow.wordfinder","WordFinder by YourDictionary","GAME_WORD"
""se.maginteractive.crozzle","Crozzle - Crossword Puzzles","GAME_WORD"
""in.crossword.wordplanet","Word Planet","GAME_WORD"
""word.wordsearch.search.wordcross.puzzle.connect.game","Word Search: Fun Word Game","GAME_WORD"
""com.littleengine.wordpal","Word Wars - Word Game","GAME_WORD"
""com.preza.adabzi","ادا بازی | پانتومیم","GAME_WORD"
""com.softowelgames.casual.free.word.puzzle.game.connect.letters.paradise","Words of Paradise","GAME_WORD"
""com.IedeGirl","Runaway girl: Picked up a girl","GAME_WORD"
""com.puzzle.word.wordfreetime.gp","Word Puzzle Time - Crossword","GAME_WORD"
""com.puzzlegamelab.wordsearchpopg","Word Search Pop: Find Words","GAME_WORD"
""com.fanatee.stop","Stop - Categories Word Game","GAME_WORD"
""com.victorhom.connections_assist","Connections Game Archive","GAME_WORD"
""com.zynga.boggle","Boggle With Friends: Word Game","GAME_WORD"
""com.iscoolentertainment.word.classic","Word Game Classic","GAME_WORD"
""com.histudiogames.wordtowng","Word Town: Find Words & Crush!","GAME_WORD"
""wordcross.bible.wordscapes.word.cookies.puzzle.collect.word.games","Bible Word Cross Puzzle","GAME_WORD"
""com.nocturnal.wordtrails","Word Trails: Search","GAME_WORD"
""io.digitalsnacks.wordchallenge","Wordling: Daily Word Challenge","GAME_WORD"
""com.androidmate.drinking.party.couples.dirty.truth.or.dare","Truth Or Dare - Dirty Game","GAME_WORD"
""com.apprope.wordmansion","Word Mansion","GAME_WORD"
""com.GulliversGames.Wordjong","Word Tiles Puzzle: Word Search","GAME_WORD"
""word.tips.wordfinderx","Wordfinder by WordTips","GAME_WORD"
""com.lamington.wordgame","Words Collide","GAME_WORD"
""word.game.wordconnect","Word Connect - Fun Word Game","GAME_WORD"
""com.microsoft.wordament","Wordament® by Microsoft","GAME_WORD"
""game.brain.games.iq.test.brain.test.teasers","Brain Help: Brain Games","GAME_WORD"
""in.playsimple.word_up","Word Trek - Word Brain streak ","GAME_WORD"
""com.peoplefun.wordflowers","Wordscapes In Bloom","GAME_WORD"
""com.wb.goog.ellen.psych","Psych! Outwit your friends","GAME_WORD"
""com.ham.game.connections","Connections: Group words","GAME_WORD"
""word.cross.jigsaw.puzzle.crossword.connect.block.part.fit.free.game","Word Cross Jigsaw - Word Games","GAME_WORD"
""com.unicostudio.fortunewords","Fortune Words – Lucky Spin","GAME_WORD"
""com.indiecode.masters","Moba League:PvP Trainer","GAME_STRATEGY"
""com.gof.global","Whiteout Survival","GAME_STRATEGY"
""com.fun.lastwar.gp","Last War:Survival Game","GAME_STRATEGY"
""com.datsgames.citysiege","Fluff Crusade","GAME_STRATEGY"
""com.stoneage.privatesub","Stone Age: Settlement survival","GAME_STRATEGY"
""com.igg.android.doomsdaylastsurvivors","Doomsday: Metal Warriors","GAME_STRATEGY"
""com.topgamesinc.evony","Evony: The King's Return","GAME_STRATEGY"
""com.totalbattle","Total Battle: War of Empires","GAME_STRATEGY"
""com.ea.game.pvzfree_row","Plants vs. Zombies™","GAME_STRATEGY"
""com.supercell.clashofclans","Clash of Clans","GAME_STRATEGY"
""com.global.ztmslg","Puzzles & Survival","GAME_STRATEGY"
""com.igg.android.lordsmobile","Lords Mobile: Last Rise of Qin","GAME_STRATEGY"
""com.vjsjlqvlmp.wearewarriors","We Are Warriors!","GAME_STRATEGY"
""com.gamepark.cop.simulator.police.games","Police Simulator: Police Games","GAME_STRATEGY"
""com.nvsgames.snap","MARVEL SNAP","GAME_STRATEGY"
""com.playakor.clashofcolor","Color Clash","GAME_STRATEGY"
""com.supercell.clashroyale","Clash Royale","GAME_STRATEGY"
""com.global.antgame","Ant Legion: For The Swarm","GAME_STRATEGY"
""com.snowprintstudios.tacticus","Warhammer 40,000: Tacticus ™","GAME_STRATEGY"
""com.ht2.stick.hero","Stick Hero: Tower Defense","GAME_STRATEGY"
""com.global.pnck","Puzzles & Chaos: Frozen Castle","GAME_STRATEGY"
""com.tt.flying.car.driving.ultimate.cars","Flying Car Simulator: Car Game","GAME_STRATEGY"
""com.maxgames.stickwarlegacy","Stick War: Legacy","GAME_STRATEGY"
""com.oreon.trapall","Slice Master","GAME_STRATEGY"
""com.star.union.planetant","The Ants: Underground Kingdom","GAME_STRATEGY"
""com.yottagames.gameofmafia","The Grand Mafia","GAME_STRATEGY"
""com.dino.steel","Mecha Domination: Rampage","GAME_STRATEGY"
""io.state.fight","State.io — Conquer the World","GAME_STRATEGY"
""com.tap4fun.odin.kingdomguard","Kingdom Guard:Tower Defense TD","GAME_STRATEGY"
""com.tap4fun.ape.gplay","Age of Apes","GAME_STRATEGY"
""com.gv.gangster.crime.attack.world.city","Rope Gangster Crime City","GAME_STRATEGY"
""com.gf.busdriving.publictransport.citypassenger.drivinggames","Bus Simulator : 3D Bus Games","GAME_STRATEGY"
""com.lilithgame.roc.gp","Rise of Kingdoms: Lost Crusade","GAME_STRATEGY"
""com.my.defense","Rush Royale: Tower Defense TD","GAME_STRATEGY"
""com.imi.nitikowa","Fridge Horror Game","GAME_STRATEGY"
""com.unitedracing.coach.bus.simulator.coachbus.simulatorbus","Bus Simulator 3D: Bus Games","GAME_STRATEGY"
""com.igg.android.vikingriseglobal","Viking Rise: Valhalla","GAME_STRATEGY"
""com.material.shoot22","Survival Frontline: Zombie War","GAME_STRATEGY"
""com.ninjakiwi.bloonstdbattles2","Bloons TD Battles 2","GAME_STRATEGY"
""com.netflix.NGP.BloonsTDSix","Bloons TD 6 NETFLIX","GAME_STRATEGY"
""com.FreeDust.UnderDark","UnderDark : Defense","GAME_STRATEGY"
""com.sivona.stormshot.e","Stormshot: Isle of Adventure","GAME_STRATEGY"
""com.pixelfederation.ts2","Train Station 2: Rail Tycoon","GAME_STRATEGY"
""com.wireless.defenseland","Raid Rush: Tower Defense TD","GAME_STRATEGY"
""com.mustardgames.police.bike.stunt.mega.ramp.impossibletracks","Parking Jam: Car Parking Games","GAME_STRATEGY"
""com.redtailworks.slimetd","Slime Castle — Idle TD Game","GAME_STRATEGY"
""com.StarLegion.WhipMaster","Whip Master","GAME_STRATEGY"
""com.yottagames.mafiawar","Mafia City","GAME_STRATEGY"
""com.quantumgames.skyscraper","Tower Craft - Block Building","GAME_STRATEGY"
""com.bytro.callofwar1942","Call of War: Frontlines","GAME_STRATEGY"
""com.i89trillion.strategy.survival","War Inc: Rise","GAME_STRATEGY"
""com.camelgames.aoz","Age of Origins","GAME_STRATEGY"
""com.toilet.skibidi.hide.seek.find.daddy.baby.hunt","Block Survivor: Seek Monster","GAME_STRATEGY"
""com.multirobotgames.flying.hero.robot","Spider Robot Hero Car Games","GAME_STRATEGY"
""com.scopely.startrek","Star Trek™ Fleet Command","GAME_STRATEGY"
""es.socialpoint.MonsterLegends","Monster Legends","GAME_STRATEGY"
""com.mobirate.DeadAheadTactics","Dead Ahead: Zombie Warfare","GAME_STRATEGY"
""com.igg.castleclash","Castle Clash: World Ruler","GAME_STRATEGY"
""com.mys.iwakanmys","Mystery : Something is strange","GAME_STRATEGY"
""games.war.regions","War Regions - Tactical Game","GAME_STRATEGY"
""com.blackhammer.castledefenseusa","Castle Defense Online","GAME_STRATEGY"
""com.bekids.save.dog.puzzle.games","Dog Bee Rescue - Save the Dog","GAME_STRATEGY"
""com.farlightgames.samo.gp","Call of Dragons","GAME_STRATEGY"
""com.funplus.kingofavalon","Frost & Flame: King of Avalon","GAME_STRATEGY"
""com.BasicallyGames.BaldisBasicsClassic","Baldi's Basics Classic","GAME_STRATEGY"
""com.seaofconquest.global","Sea of Conquest: Pirate War","GAME_STRATEGY"
""com.volcanoforce.lost2","LOST in Blue 2: Fate's Island","GAME_STRATEGY"
""com.leme.coe","Last Land: War of Survival","GAME_STRATEGY"
""com.dg.grand.cargo.helicopter.robot.transformation.games","Vice Gangstar Mafia Crime Game","GAME_STRATEGY"
""com.ti.police.car.simulator.police.game.police.carchase.police.car.driving","US Police Cop Car Chase Game","GAME_STRATEGY"
""com.global.zljslg","Primal Conquest: Dino Era","GAME_STRATEGY"
""com.tas.wild.west.sniper","West Cowboy: Shooting Games","GAME_STRATEGY"
""com.gf.stickman.smash.infinity.stick.fighter","Stick Hero Stickman Smasher","GAME_STRATEGY"
""com.bw.ud.googleplay","Sea War: Raid","GAME_STRATEGY"
""com.gq.car.parking.lite.games","Real Car Parking Driving Game","GAME_STRATEGY"
""com.kingsgroup.sos","State of Survival: Zombie War","GAME_STRATEGY"
""com.backflipstudios.transformersearthwars","TRANSFORMERS: Earth Wars","GAME_STRATEGY"
""games.resourcer.hex","States Builder: Trade Empire","GAME_STRATEGY"
""risk.city.dominations.strategy.io.games","Space Takeover: Over City","GAME_STRATEGY"
""com.og.robot.car.transformation.fighting.sim.game","Robot Game: Robot Transform 3D","GAME_STRATEGY"
""com.rom.game","Realm of Mystery","GAME_STRATEGY"
""br.com.tapps.vloggergoviral","Vlogger Go Viral: Tuber Life","GAME_STRATEGY"
""com.innogames.foeandroid","Forge of Empires: Build a City","GAME_STRATEGY"
""com.maxgames.stickwar3","Stick War: Saga","GAME_STRATEGY"
""com.cyberjoy.geometrytower","Geometry Tower","GAME_STRATEGY"
""com.rapidfiregames.backpackbrawl","Backpack Brawl","GAME_STRATEGY"
""com.camelgames.superking","War and Order","GAME_STRATEGY"
""com.world.war.defence","WWII Defense: RTS Army TD game","GAME_STRATEGY"
""com.bytro.supremacy1914","Supremacy 1914 - WW1 Strategy","GAME_STRATEGY"
""com.elex.twdsaw.gp","The Walking Dead: Survivors","GAME_STRATEGY"
""com.odin.riseofbelles.gplay","Diva Produce Inc.","GAME_STRATEGY"
""com.more.dayzsurvival.gp","Last Shelter: Survival","GAME_STRATEGY"
""com.rgs.grandmegaramp.mafiacriminal.gangshooting","Crime Car City Gangster Games","GAME_STRATEGY"
""com.haunted.silentinvade","Silent Invade","GAME_STRATEGY"
""com.immersivegames.newroa.gp","Rise of Arks: Raft Survival","GAME_STRATEGY"
""com.metropolis.xcity","Frontier City","GAME_STRATEGY"
""com.riotgames.league.wildrift","League of Legends: Wild Rift","GAME_STRATEGY"
""com.wb.goog.got.conquest","Game of Thrones: Conquest ™","GAME_STRATEGY"
""com.YoStarEN.Arknights","Arknights","GAME_STRATEGY"
""com.ggv.grand.city.thug.crime.gangester","Grand City Thug Crime Games","GAME_STRATEGY"
""com.doradogames.conflictnations.worldwar3","Conflict of Nations: WW3","GAME_STRATEGY"
""com.diandian.gog","Guns of Glory: Lost Island","GAME_STRATEGY"
""com.allstarunion.beastlord","Beast Lord: The New Land","GAME_STRATEGY"
""com.minigamelab.soulquest","Soul Quest: Epic War RPG","GAME_STRATEGY"
""com.rr.games.police.chase","City Cop Chase Adventure","GAME_STRATEGY"
""com.allstarunion.wow.gp","World of Water","GAME_STRATEGY"
""com.rlg.multirobot.dino.attackgames.flying.bike.transform","Dino Transform Robot Games","GAME_STRATEGY"
""com.arcgames.rhinoceros","De-Extinct: Jurassic Dinosaurs","GAME_STRATEGY"
""com.gamecream.beefarm","Bee Farm: Idle Tycoon","GAME_STRATEGY"
""tycoon.building.simulator.games.aldagames.com","Transport Tycoon Empire: City","GAME_STRATEGY"
""com.gf.bike.race.free.racing.games","Indian Bike Gangster Simulator","GAME_STRATEGY"
""com.rr.airplane.simulator.game","City Pilot Airplane Journey","GAME_STRATEGY"
""com.wondergames.warpath.gp","Warpath: Ace Shooter","GAME_STRATEGY"
""com.manuelgenaro.fnam","Five Nights at Maggie's","GAME_STRATEGY"
""com.fcg.diy.cakemaker.cakegames.dessertgames","Cake Maker: Cooking Cake Games","GAME_STRATEGY"
""com.pixio.google.mtd","Summoners Greed: Tower Defense","GAME_STRATEGY"
""com.riotgames.league.teamfighttactics","TFT: Teamfight Tactics","GAME_STRATEGY"
""com.material.parkour21","Frontline War Survival","GAME_STRATEGY"
""com.pg.spider.hero.man.grand.auto.gangster.theft.crime.games","Spider Vice Town Rope Hero Man","GAME_STRATEGY"
""azurgames.idle.war","Kingdom Clash - Strategy Game","GAME_STRATEGY"
""com.kingkodestudio.towerdefense.battlestrategy","Battle Strategy: Tower Defense","GAME_STRATEGY"
""com.socialquantum.acityint","Megapolis: City Building Sim","GAME_STRATEGY"
""com.haugland.woa","World of Airports","GAME_STRATEGY"
""air.com.midjiwan.polytopia","The Battle of Polytopia","GAME_STRATEGY"
""com.ninjakiwi.bloonstdbattles","Bloons TD Battles","GAME_STRATEGY"
""com.ironhidegames.android.kingdomrush","Kingdom Rush Tower Defense TD","GAME_STRATEGY"
""com.tap4fun.apemj3.gplay","Ape TD: Tower Takeover","GAME_STRATEGY"
""com.more.lastfortress.gp","Last Fortress: Underground","GAME_STRATEGY"
""com.ageofwarpath.globalwarzone","Age of Warpath: Global Warzone","GAME_STRATEGY"
""com.playrion.airportmanager","Airport Simulator: Tycoon City","GAME_STRATEGY"
""com.im30.ROE.gp","Rise of Castles: Ice and Fire","GAME_STRATEGY"
""br.com.tapps.bidwars2","Bid Wars 2: Business Simulator","GAME_STRATEGY"
""com.dragonplus.happyrestaurant","Happy Restaurant™: Cooking","GAME_STRATEGY"
""com.avid.cue","Cards, Universe & Everything","GAME_STRATEGY"
""com.gpp.RollerCoaster","Idle Roller Coaster","GAME_STRATEGY"
""com.erepubliklabs.warandpeace","War and Peace: Civil War","GAME_STRATEGY"
""com.nng.animal.cargo.truck.driving.game","Animal Cargo Truck Game 3D","GAME_STRATEGY"
""game.socialempiresmerge","Top Troops: Adventure RPG","GAME_STRATEGY"
""com.percent.royaldice","Random Dice Defense : PvP TD","GAME_STRATEGY"
""com.dmg.grand.superheroes.robot.wrestling.ring.fighting","Police Crime Chase: Vice Town","GAME_STRATEGY"
""com.rene.gladiatormanager","Gladiator manager","GAME_STRATEGY"
""com.Gaggle.fun.GooseGooseDuck","Goose Goose Duck","GAME_STRATEGY"
""com.readygo.barrel.gp","Last Z: Survival Shooter","GAME_STRATEGY"
""net.percas.stickwar","Stick Saga: Endless War","GAME_STRATEGY"
""com.mafiakingen.android","Mafia King","GAME_STRATEGY"
""com.gp.offroad.hill.trainsimulator","Railway Train Simulator Games","GAME_STRATEGY"
""com.rr.drivingsimulatorgame","Expert Car Steer Academy","GAME_STRATEGY"
""com.haunteddorm.mihuan","Haunted Dorm","GAME_STRATEGY"
""com.fcg.construction.vehicles.hq","Road Construction Simulator 3D","GAME_STRATEGY"
""com.tap4fun.apemj5.gplay","Monkey Control","GAME_STRATEGY"
""com.indianbikes.indiancars.driving","Indian Bike Driving Games 3D","GAME_STRATEGY"
""com.netflix.NGP.ReignsThreeKingdoms","Reigns: Three Kingdoms","GAME_STRATEGY"
""com.gf.offroad.driving.games","Offroad Jeep Driving - 3D Game","GAME_STRATEGY"
""com.tg.speed.car.mega.stunts","StickMan Rope Hero Spider Game","GAME_STRATEGY"
""com.ninjakiwi.btdadventuretime","Bloons Adventure Time TD","GAME_STRATEGY"
""com.dustlands.android","Dust Lands Survival GO!","GAME_STRATEGY"
""com.playsidestudios.animal","Animal Warfare","GAME_STRATEGY"
""com.studion.mergearena","LUDUS - Merge Arena PvP","GAME_STRATEGY"
""com.abi.grimace.run","Grimase Run: Merge Master","GAME_STRATEGY"
""com.tap4fun.callofsparta","Call of Spartan","GAME_STRATEGY"
""com.tapps.roguelike.rpg.cardguardians","Card Guardians: Rogue Deck RPG","GAME_STRATEGY"
""com.readygo.luck.gp","Dice War","GAME_STRATEGY"
""com.zalmayapps.borderwars","Border Wars: Army Simulator","GAME_STRATEGY"
""com.ig.army.warriors","The Army: Age of War","GAME_STRATEGY"
""com.bigbreakgames.wot","World War: Machines Conquest","GAME_STRATEGY"
""com.joycity.potc","Pirates of the Caribbean: ToW","GAME_STRATEGY"
""com.se.car.driving.drift.simulator.school.game","City Car Game Offline","GAME_STRATEGY"
""com.netease.lagrange","Infinite Lagrange","GAME_STRATEGY"
""com.geargames.aow","Art of War 3:RTS strategy game","GAME_STRATEGY"
""com.gel.bottle.shooting.game.free","Extreme Car Driving Games","GAME_STRATEGY"
""bubble.shooter.exxtreme","Bubble Shooter! Extreme","GAME_STRATEGY"
""com.es.civilization.rise.empire","Rising: War for Dominion","GAME_STRATEGY"
""conquer.the.tower.city.wars","Conquer the Tower 2: War Games","GAME_STRATEGY"
""com.manuelgenaro.fnam3","Five Nights at Maggie's 3","GAME_STRATEGY"
""com.outplayentertainment.aliencreeps","Alien Creeps TD","GAME_STRATEGY"
""com.special.thewolfgame","Wolf Game: Wild Animal Wars","GAME_STRATEGY"
""com.zombie.war.idle.defense","Zombie War Idle Defense Game","GAME_STRATEGY"
""com.fgz.us.flying.police.robot.rope.hero.crime.city.hero.games","Spider Rope Hero: Superhero","GAME_STRATEGY"
""com.cgs.us.flying.police.robot.speed.hero.crime.city.hero.games","Speed Hero: Superhero Games","GAME_STRATEGY"
""com.SwellGamesLLC.IdleHeroTD","Idle Hero TD Tower Defense RPG","GAME_STRATEGY"
""com.mti.Car.parking.games","Car Games: Car Driving School","GAME_STRATEGY"
""com.tt.airplane.game.simulator.airport.flight.simulator","Real Plane Game Simulator 3d","GAME_STRATEGY"
""com.com.tann.dice","Slice & Dice","GAME_STRATEGY"
""com.Deload.LittleArmyManager","Little Army Manager","GAME_STRATEGY"
""com.stone3.ig","Nova: Space Armada","GAME_STRATEGY"
""com.yhi.police.truck.city.cop.extreme.real.gangster.chase","US Police Car Helicopter Chase","GAME_STRATEGY"
""com.ProjectMoon.LimbusCompany","Limbus Company","GAME_STRATEGY"
""com.redantz.game.stickarmy","Stick Army: World War Strategy","GAME_STRATEGY"
""com.lpg.aom","Monster Masters","GAME_STRATEGY"
""com.riotgames.mobile.leagueconnect","Riot Mobile","GAME_STRATEGY"
""com.Everguild.WarhammerWarpforge","Warhammer 40,000: Warpforge","GAME_STRATEGY"
""com.ubisoft.dragonfire","South Park: Phone Destroyer™","GAME_STRATEGY"
""com.gf.taxi.DrivingSchoolParking","Taxi Car Driving Simulator","GAME_STRATEGY"
""com.noxgames.hex.polis.civilization.empire","Hexapolis: Civilization wars","GAME_STRATEGY"
""com.tiltingpoint.warhammer","Warhammer: Chaos & Conquest","GAME_STRATEGY"
""com.Hypemasters.rts","World War Armies: WW2 PvP RTS","GAME_STRATEGY"
""com.gf.oil.tanker.transport.offroad.truckdriver","Oil Truck Games: Driving Games","GAME_STRATEGY"
""state.countryballs.dictators.io","Country Balls: World War","GAME_STRATEGY"
""com.nextgames.android.twd","The Walking Dead No Man's Land","GAME_STRATEGY"
""com.gdp.gungame.fps.commando.strike.shooting.games","Modern Commando Strike Mission","GAME_STRATEGY"
""com.squareup.cash","Cash App","FINANCE"
""com.paypal.android.p2pmobile","PayPal - Pay, Send, Save","FINANCE"
""com.google.android.apps.walletnfcrel","Google Wallet","FINANCE"
""com.onedebit.chime","Chime – Mobile Banking","FINANCE"
""com.venmo","Venmo","FINANCE"
""com.zellepay.zelle","Zelle","FINANCE"
""com.konylabs.capitalone","Capital One Mobile","FINANCE"
""de.empfohlen","testerup - earn money","FINANCE"
""com.ton_keeper","Tonkeeper — TON Wallet","FINANCE"
""com.chase.sig.android","Chase Mobile","FINANCE"
""com.phonevalley.progressive","Progressive","FINANCE"
""com.freecash.app2","Freecash: Earn Money & Rewards","FINANCE"
""com.creditkarma.mobile","Intuit Credit Karma","FINANCE"
""com.infonow.bofa","Bank of America Mobile Banking","FINANCE"
""com.experian.android","Experian","FINANCE"
""com.propel.ebenefits","Propel EBT (Providers)","FINANCE"
""com.onefinance.one","One — Mobile Banking","FINANCE"
""com.kikoff","Kikoff - Build Credit Quickly","FINANCE"
""com.truebill","Rocket Money - Bills & Budgets","FINANCE"
""finance.empower","Empower: Advance & Credit","FINANCE"
""com.wf.wellsfargomobile","Wells Fargo Mobile","FINANCE"
""com.remitly.androidapp","Remitly: Send Money & Transfer","FINANCE"
""com.dave","Dave: Fast Cash & Banking","FINANCE"
""com.fidelity.android","Fidelity Investments","FINANCE"
""com.hellobrigit.Brigit","Brigit: Borrow & Build Credit","FINANCE"
""com.citi.citimobile","Citi Mobile®","FINANCE"
""com.statefarm.pocketagent","State Farm®","FINANCE"
""com.bitkeep.wallet","Bitget Wallet: Crypto and BTC","FINANCE"
""com.geico.mobile","GEICO Mobile - Car Insurance","FINANCE"
""com.statefarm.dssm","Drive Safe & Save™","FINANCE"
""com.moneylion","MoneyLion: Bank & Earn Rewards","FINANCE"
""com.activehours","EarnIn: Make Every Day Payday","FINANCE"
""com.westernunion.android.mtapp","Western Union Send Money Now","FINANCE"
""com.robinhood.android","Robinhood: Stocks & Crypto","FINANCE"
""com.meetalbert","Albert: Budgeting and Banking","FINANCE"
""com.creditonebank.mobile","Credit One Bank Mobile","FINANCE"
""com.bybit.app","Bybit: Buy Bitcoin & Crypto","FINANCE"
""com.discoverfinancial.mobile","Discover Mobile","FINANCE"
""com.klovercredit.android_app","Klover - Instant Cash Advance","FINANCE"
""co.mona.android","Crypto.com - Buy Bitcoin, ETH","FINANCE"
""com.sofi.mobile","SoFi - Banking & Investing","FINANCE"
""com.current.app","Current: The Future of Banking","FINANCE"
""com.americanexpress.android.acctsvcs.us","Amex","FINANCE"
""com.meetcleo.cleo","Cleo: Budget & Cash Advance","FINANCE"
""com.allstate.view","Allstate Mobile","FINANCE"
""com.bitget.exchange","Bitget - Buy & Sell Crypto","FINANCE"
""com.wallet.crypto.trustapp","Trust: Crypto & Bitcoin Wallet","FINANCE"
""com.coinbase.android","Coinbase: Buy Bitcoin & Ether","FINANCE"
""com.fis.ebtedge","ebtEDGE","FINANCE"
""com.DailyPay.DailyPay","DailyPay On-Demand Pay","FINANCE"
""com.creditgenie.app","Credit Genie: Get Cash Advance","FINANCE"
""com.greendotcorp.go2bank","GO2bank: Mobile banking","FINANCE"
""com.bossrevolution.money.production","BOSS Money: Send Cash Fast","FINANCE"
""com.usbank.mobilebanking","U.S. Bank Mobile Banking","FINANCE"
""com.exto.arrow","Atlas - Rewards Credit Card","FINANCE"
""com.binance.us","Binance.US: Buy Bitcoin & ETH","FINANCE"
""com.payfare.doordash","DasherDirect, by Payfare","FINANCE"
""com.snaptravel.core","Super.com - Save, Earn, Travel","FINANCE"
""com.okinc.okex.gp","OKX: Buy Bitcoin BTC & Crypto","FINANCE"
""com.barclaycardus","Barclays US","FINANCE"
""com.participantmobileapp","Empower®","FINANCE"
""com.adp.wiselymobile","myWisely: Mobile Banking","FINANCE"
""com.pnc.ecommerce.mobile","PNC Mobile","FINANCE"
""com.acorns.android","Acorns: Save & Invest","FINANCE"
""io.floatme.floatmeapp","FloatMe: Budget & Cash Advance","FINANCE"
""com.majority.android","MAJORITY: Mobile banking","FINANCE"
""com.everydollar.android","EveryDollar: Budget Tracker","FINANCE"
""ci.atlasearth.client","Atlas Earth - Buy Virtual Land","FINANCE"
""com.dtm.bambu","MyBambu","FINANCE"
""com.varomoney.bank","Varo Bank: Mobile Banking","FINANCE"
""org.mytonwallet.app","MyTonWallet • TON Wallet","FINANCE"
""org.dayup.stocks","Webull: Investing & Trading","FINANCE"
""com.brightcapital.app","Bright - Crush Your Card Debt","FINANCE"
""io.metamask","MetaMask - Blockchain Wallet","FINANCE"
""org.toshi","Coinbase Wallet: NFTs & Crypto","FINANCE"
""com.instant.cash.advance.loan.app","Instant Cash Advance Loan App","FINANCE"
""com.fastcash.app","StoreCash","FINANCE"
""com.aura.suite","Aura: Security & Protection","FINANCE"
""com.navyfederal.android","Navy Federal Credit Union","FINANCE"
""com.netspend.product.android","Classic Netspend","FINANCE"
""com.gpshopper.moneygram","MoneyGram® Money Transfers App","FINANCE"
""com.netspend.mobileapp.netspend","Netspend Wallet","FINANCE"
""com.fidelity.wi.activity","NetBenefits - Fidelity at Work","FINANCE"
""com.greendot.walmart.prepaid","Walmart MoneyCard","FINANCE"
""com.pktmny.mobile","GoHenry by Acorns Kids Banking","FINANCE"
""com.truist.mobile","Truist Mobile","FINANCE"
""com.possible_mobile","Possible: Fast Cash & Credit","FINANCE"
""get.instant.personal.loan.app","Cash Advance App: Borrow Money","FINANCE"
""net.thesimplest.creditcardmanager","Credit Card Manager","FINANCE"
""com.transferwise.android","Wise","FINANCE"
""com.ria.moneytransfer","Ria Money Transfer: Send Money","FINANCE"
""com.potradeweb","Pocket Broker - trading","FINANCE"
""com.tdbank","TD Bank (US)","FINANCE"
""com.dotin.wepod","Wepod | ویپاد","FINANCE"
""com.syf.cc","CareCredit Mobile","FINANCE"
""com.brisk.jpay","JPay","FINANCE"
""com.cardinalcommerce.greendot","Green Dot - Mobile Banking","FINANCE"
""com.selflender.thor","Self Is For Building Credit","FINANCE"
""com.tradingview.tradingviewapp","TradingView: Track All Markets","FINANCE"
""com.usaa.mobile.android.usaa","USAA Mobile","FINANCE"
""com.messapps.vola","Vola Finance","FINANCE"
""app.SubscriptionStopper","Subscription Stopper & Manager","FINANCE"
""com.taptapsend","Taptap Send: Send money abroad","FINANCE"
""com.lend.me","Get 250 Cash Advance – LendMe","FINANCE"
""com.dovly.app","Dovly: Grow your Credit Score","FINANCE"
""com.capitalone.credittracker","CreditWise from Capital One","FINANCE"
""inc.zerofinancial.level","Avant","FINANCE"
""com.kraken.invest.app","Kraken: Buy Crypto & Bitcoin","FINANCE"
""org.genesis.fs.prod.MobileApplication","Concora Credit","FINANCE"
""com.branchapp.uberprocard","Uber Pro Card","FINANCE"
""com.freedom.mobile","Freedom Mortgage","FINANCE"
""com.arrofinance.production","Arro: Credit Your Way","FINANCE"
""com.usdirectexpress.mobileapp","Direct Express® Mobile","FINANCE"
""com.gusto.money","Gusto Wallet","FINANCE"
""com.perpay.mobile","Perpay - Shop and Build Credit","FINANCE"
""co.uk.getmondo","Monzo - Mobile Banking","FINANCE"
""io.gmt.app.twa","GoMining","FINANCE"
""com.loans.instant.cash.advance.app","Instant Cash Advance: CashHoop","FINANCE"
""com.clairmail.fth","Fifth Third: 53 Mobile Banking","FINANCE"
""com.transunion.TransUnion","TransUnion: Credit Monitoring","FINANCE"
""com.b9.app","B9: Fast Cash Advance","FINANCE"
""com.symantec.lifelock.memberapp","LifeLock Identity by Norton","FINANCE"
""com.even.harmony","ONE@Work (formerly Even)","FINANCE"
""com.Splitwise.SplitwiseMobile","Splitwise","FINANCE"
""me.greenlight","Greenlight Kids & Teen Banking","FINANCE"
""crypto.bitcoin.ethereum.litecoin.cloud.mining.eth.btc.ltc.hash.pool.cloud_mining","Bitcoin Mining (Crypto Miner)","FINANCE"
""net.metaquotes.metatrader5","MetaTrader 5 — Forex, Stocks","FINANCE"
""com.atm.atm.prod","ATM Instant Cash™ & Rewards","FINANCE"
""com.jerrym","Jerry: The AllCar™ App","FINANCE"
""us.rain.app","Rain Instant Pay","FINANCE"
""com.rapid.rapidpay","rapid! Pay","FINANCE"
""com.yahoo.mobile.client.android.finance","Yahoo Finance: Stock News","FINANCE"
""com.lcard_app","Mission Lane","FINANCE"
""net.gtl.mobile_app","ConnectNetwork by GTL","FINANCE"
""com.creditsesame","Credit Sesame","FINANCE"
""com.prgventures.moneyapp","Money App - Cash Advance","FINANCE"
""com.revolut.revolut","Revolut: Spend, Save, Trade","FINANCE"
""com.step.step","Step: Bank & Build Credit","FINANCE"
""borrow.money.cash.advance.app","Borrow Money: Cash Advance App","FINANCE"
""com.huntington.m","Huntington Mobile","FINANCE"
""com.moomoo.trade","moomoo: options & stocks","FINANCE"
""com.kbzbank.kpaycustomer","KBZPay","FINANCE"
""com.lonoperationsllc.breadmobile","Bread Financial","FINANCE"
""com.seis","Seis: banca móvil en español","FINANCE"
""com.quick.cash.advance.loans","No Credit Check Loans Cash","FINANCE"
""com.joinroot.root","Root: Better car insurance","FINANCE"
""com.conduent.ebt","ConnectEBT","FINANCE"
""com.springleaf.mobile","OneMain Financial","FINANCE"
""com.myfico","myFICO: FICO Credit Check","FINANCE"
""com.healthequity.healthequitymobile","HealthEquity Mobile","FINANCE"
""com.redotpay","RedotPay: Buy Crypto Card","FINANCE"
""com.borrow.money.app.payday.loans","Borrow Money App: Payday Loans","FINANCE"
""com.fusionmedia.investing","Investing.com: Stock Market","FINANCE"
""com.monarchmoney.mobile","Monarch: Budget & Track Money","FINANCE"
""com.citizensbank.androidapp","Citizens Bank Mobile Banking","FINANCE"
""com.natgen.d2cplatform.mobileapps","Direct Auto Insurance","FINANCE"
""com.public.app","Public – Stocks and Options","FINANCE"
""com.lemonadeinc.lemonade","Lemonade Insurance","FINANCE"
""br.com.intermedium","Inter&Co: Financial APP","FINANCE"
""com.upgrademobile","Upgrade","FINANCE"
""com.merrickbank.smartclient.prod","Merrick Bank Mobile","FINANCE"
""app.comun.mobile","Comun: Tu banca moderna en USA","FINANCE"
""com.regions.mobbanking","Regions Bank","FINANCE"
""gov.irs","IRS2Go","FINANCE"
""com.firstpremier.mypremiercreditcard.app","PREMIER Credit Card","FINANCE"
""com.moonpay","MoonPay: Buy Bitcoin, Solana","FINANCE"
""com.bankofabyssinia.cashgo","CashGo","FINANCE"
""com.coinmarketcap.android","CoinMarketCap: Crypto Tracker","FINANCE"
""com.mobilecreditcards","NerdWallet: Manage Your Money","FINANCE"
""com.intermexwire.itmxwebagent","Amigo Paisano","FINANCE"
""com.mychime.waveremit.app","Sendwave—Send Money","FINANCE"
""com.sweatwallet","Sweat Wallet","FINANCE"
""com.springleaf.omf.cards.prod","BrightWay Credit Card Mobile","FINANCE"
""tech.enjaz.qicardservices","Qi Services","FINANCE"
""com.lmig.pm.internet.mobile.android.libertymutual","Liberty Mutual Mobile","FINANCE"
""com.vanguard","Vanguard","FINANCE"
""com.acima.leasing","Acima Leasing","FINANCE"
""com.xoom.android.app","Xoom Money Transfer","FINANCE"
""com.ProActMobile","Payactiv","FINANCE"
""com.paysign.app","Paysign®","FINANCE"
""com.tonhub.wallet","Tonhub — TON wallet","FINANCE"
""com.branchmessenger","Branch: A Better Payday","FINANCE"
""com.greendotcorp.pls","Xpectations!® Plus","FINANCE"
""com.gridwise.app","Gridwise: Gig-Driver Assistant","FINANCE"
""io.cex.app.prod","CEX.IO App - Buy Crypto & BTC","FINANCE"
""io.bankingon.dora","Dora – Mobile Banking","FINANCE"
""com.btcc.hy","BTCC - Trade Bitcoin & Crypto","FINANCE"
""com.aven.advisor","Aven Advisor: Credit Check App","FINANCE"
""com.gmfinancial.myaccount","GM Financial Mobile","FINANCE"
""app.phantom","Phantom","FINANCE"
""exodusmovement.exodus","Exodus: Crypto Bitcoin Wallet","FINANCE"
""com.lenmoinc.lenmo","Lenme: Investing and Borrowing","FINANCE"
""com.bmoharris.digital","BMO Digital Banking","FINANCE"
""com.phonepe.app","PhonePe UPI, Payment, Recharge","FINANCE"
""com.keefegroup.access.corrections","Access Corrections","FINANCE"
""au.com.deferit.app","Deferit: Pay bills in 4","FINANCE"
""mm.com.wavemoney.wavepay","WavePay APP by Wave Money","FINANCE"
""com.ApprizaPayTechnologies.CoppelAccess","Coppel Access","FINANCE"
""de.schildbach.wallet","Bitcoin Wallet","FINANCE"
""com.chexar.ingo.android","Ingo Money App – Cash Checks","FINANCE"
""com.spotify.music","Spotify: Music and Podcasts","MUSIC_AND_AUDIO"
""com.pandora.android","Pandora - Music & Podcasts","MUSIC_AND_AUDIO"
""com.radio.pocketfm","Pocket FM: Audio Series","MUSIC_AND_AUDIO"
""musicplayer.playmusic.audioplayer","Music Player & MP3 - DDMusic","MUSIC_AND_AUDIO"
""com.mwm.sampler","Beat Maker Pro - DJ Drum Pad","MUSIC_AND_AUDIO"
""com.make.audker.mipbui","Audio Master - Ringtone Maker","MUSIC_AND_AUDIO"
""com.sirius","SiriusXM: Music, Sports & News","MUSIC_AND_AUDIO"
""com.starmakerinteractive.starmaker","StarMaker: Sing Karaoke Songs","MUSIC_AND_AUDIO"
""com.musicho.andro","Music Holic-Offline Music","MUSIC_AND_AUDIO"
""jbl.stc.com","JBL Headphones","MUSIC_AND_AUDIO"
""com.amazon.mp3","Amazon Music: Songs & Podcasts","MUSIC_AND_AUDIO"
""com.bandlab.bandlab","BandLab – Music Making Studio","MUSIC_AND_AUDIO"
""com.soundcloud.android","SoundCloud: Play Music & Songs","MUSIC_AND_AUDIO"
""volumebooster.soundspeaker.louder","Volume Booster - Sound Booster","MUSIC_AND_AUDIO"
""com.shazam.android","Shazam: Find Music & Concerts","MUSIC_AND_AUDIO"
""com.apple.android.music","Apple Music","MUSIC_AND_AUDIO"
""com.ai.sound.donna","Donna AI Song & Music Maker","MUSIC_AND_AUDIO"
""com.radiocom","Audacy: Radio & Sports Talk","MUSIC_AND_AUDIO"
""com.hellosimply.simplysingdroid","Simply Sing: My Singing App","MUSIC_AND_AUDIO"
""com.mwm.piano","Piano - music & songs games","MUSIC_AND_AUDIO"
""com.voiceeffects.supereffect.voicechanger","Voice changer & Sound Effects","MUSIC_AND_AUDIO"
""com.audiomack","Audiomack: Music Downloader","MUSIC_AND_AUDIO"
""com.google.android.apps.youtube.music","YouTube Music","MUSIC_AND_AUDIO"
""com.agminstruments.drumpadmachine","Drum Pad Machine - beat maker","MUSIC_AND_AUDIO"
""music.disc.dj.mixer.music.mixer","DJ Mixer Studio - DJ Music Mix","MUSIC_AND_AUDIO"
""tunein.player","TuneIn Radio: Music & Sports","MUSIC_AND_AUDIO"
""com.clearchannel.iheartradio.controller","iHeart: Music, Radio, Podcasts","MUSIC_AND_AUDIO"
""com.easybrain.make.music","Groovepad - music & beat maker","MUSIC_AND_AUDIO"
""radio.usa","Radio USA - Live Radio FM / AM","MUSIC_AND_AUDIO"
""com.bestringtonesapps.freeringtonesforandroid","Ringtones for Android™","MUSIC_AND_AUDIO"
""com.pianokeyboard.learnpiano.playmusic.instrument","Learn Piano - Real Keyboard","MUSIC_AND_AUDIO"
""com.radio.fmradio","Radio FM","MUSIC_AND_AUDIO"
""ringtonesforandroidphonefree.ringtones.ringtonessongs.ringtonesapp","Ringtones for Android Phone","MUSIC_AND_AUDIO"
""musicplayer.musicapps.music.mp3player","Music Player & MP3 Player","MUSIC_AND_AUDIO"
""com.record.voice.day.all","Voice Recorder Sound Recorder","MUSIC_AND_AUDIO"
""com.streema.simpleradio","Simple Radio: Live AM FM Radio","MUSIC_AND_AUDIO"
""com.touchtunes.android","TouchTunes: Play the jukebox","MUSIC_AND_AUDIO"
""com.dywx.larkplayer","Lark Player:Music Player & MP3","MUSIC_AND_AUDIO"
""com.spotify.tv.android","Spotify - Music and Podcasts","MUSIC_AND_AUDIO"
""com.mmm.trebelmusic","TREBEL: Music, MP3 & Podcasts","MUSIC_AND_AUDIO"
""musicplayer.musicapp.playmusic.mp3player","Music Player Offline & MP3","MUSIC_AND_AUDIO"
""com.bose.bosemusic","Bose","MUSIC_AND_AUDIO"
""com.media.bestrecorder.audiorecorder","Voice Recorder","MUSIC_AND_AUDIO"
""com.voicerecorder.audiorecorder.voicenote","Voice Recorder Pro","MUSIC_AND_AUDIO"
""com.synthesia.synthesia","Synthesia","MUSIC_AND_AUDIO"
""com.productivity.musicdj.mixer2.sound.effect","DJ Music Mixer - DJ Mix Studio","MUSIC_AND_AUDIO"
""com.smule.singandroid","Smule: Karaoke, Sing & Record","MUSIC_AND_AUDIO"
""com.tianxingjian.supersound","Music Audio Editor, MP3 Cutter","MUSIC_AND_AUDIO"
""com.sec.android.app.music","Samsung Music","MUSIC_AND_AUDIO"
""com.lutech.pianoapp","Learn Piano - Piano lessons","MUSIC_AND_AUDIO"
""ai.moises","Moises: The Musician's AI App","MUSIC_AND_AUDIO"
""com.ai.voice.recorder","Voice Recorder Sound Memo Pro","MUSIC_AND_AUDIO"
""voicerecorder.audiorecorder.voice","Voice Recorder & Voice Memos","MUSIC_AND_AUDIO"
""com.capp.poplive","Airbuds Widget","MUSIC_AND_AUDIO"
""net.melodify.android","ملودیفای | مرجع تخصصی آهنگ","MUSIC_AND_AUDIO"
""com.mwm.stems","Stemz: AI Tool for Musicians","MUSIC_AND_AUDIO"
""com.mx.ringtone.pro","Ringtones for Android 2024","MUSIC_AND_AUDIO"
""com.adjust.volume.booster.go","Volume Booster EQ 200% Louder","MUSIC_AND_AUDIO"
""volumebooster.sound.loud.speaker.booster","Volume Booster - Sound Booster","MUSIC_AND_AUDIO"
""com.ultimateguitar.tabs","Ultimate Guitar: Chords & Tabs","MUSIC_AND_AUDIO"
""com.volume.equalizer.bass.booster","Volume Booster & Bass Booster","MUSIC_AND_AUDIO"
""com.drum.muse.pad.bit","Beat Maker Beat Music Maker","MUSIC_AND_AUDIO"
""com.appgeneration.itunerfree","myTuner Radio App: FM stations","MUSIC_AND_AUDIO"
""com.media.music.mp3.musicplayer","Music player","MUSIC_AND_AUDIO"
""com.weezerlite.and","Weezer-Lite, MP3 Music player","MUSIC_AND_AUDIO"
""fm.castbox.audiobook.radio.podcast","Podcast Player - Castbox","MUSIC_AND_AUDIO"
""com.komspek.battleme","Rap Fame - Rap Music Studio","MUSIC_AND_AUDIO"
""com.ring.fantasy.today","Android Ringtones 2024","MUSIC_AND_AUDIO"
""com.happymusic.music.downloader.free.online.offline.music","MP3 Music Download","MUSIC_AND_AUDIO"
""com.eliferun.music","Music Player for Android","MUSIC_AND_AUDIO"
""com.gamestar.perfectpiano","Perfect Piano","MUSIC_AND_AUDIO"
""com.toto.jcyj.mvmix","Offline Music Player - Mixtube","MUSIC_AND_AUDIO"
""dj.music.mixer.sound.effects","DJ Music mixer - DJ Mix Studio","MUSIC_AND_AUDIO"
""com.effect.voicechanger.aichanger.soundeffects","Voice Changer by Sound Effects","MUSIC_AND_AUDIO"
""com.bose.monet","Bose Connect","MUSIC_AND_AUDIO"
""mymusic.offlinemusicplayer.mp3player.playmusic","Offline Music Player: Play MP3","MUSIC_AND_AUDIO"
""com.bandsintown","Bandsintown Concerts","MUSIC_AND_AUDIO"
""com.soundcorset.client.android","Tuner & Metronome","MUSIC_AND_AUDIO"
""ai.music.generator.song.maker","Shoom - AI Music Generator","MUSIC_AND_AUDIO"
""myrecorder.voicerecorder.voicememos.audiorecorder.recordingapp","Voice Recorder & Voice Memos","MUSIC_AND_AUDIO"
""equalizer.bassbooster.volumebooster.soundeffect","Volume Bass Booster, Equalizer","MUSIC_AND_AUDIO"
""www.whimmusic.info","Unlimited MP3 Music Downloader","MUSIC_AND_AUDIO"
""com.akrodevelopers.radiofmam","Radio FM AM","MUSIC_AND_AUDIO"
""dev.netlob.spotistats","stats.fm for Spotify","MUSIC_AND_AUDIO"
""com.podbean.app.podcast","Podcast Player App - Podbean","MUSIC_AND_AUDIO"
""com.vlv.aravali","Kuku FM: Audio Series","MUSIC_AND_AUDIO"
""com.gismart.drum.pads.machine","Drum Pads - Beat Maker Go","MUSIC_AND_AUDIO"
""com.sofeh.android.musicstudio3","ORG 24: Your Music","MUSIC_AND_AUDIO"
""com.atpc","MP3 Downloader - Music Player","MUSIC_AND_AUDIO"
""app.mmap.mobile","Soundmap - Find Your Songs","MUSIC_AND_AUDIO"
""com.bassbosster.equalizer.volumebooster","Volume Booster & Sound Booster","MUSIC_AND_AUDIO"
""com.excellent.tools.voice.changer","Video Voice Changer + Effects","MUSIC_AND_AUDIO"
""de.radio.android","radio.net - AM FM Radio Tuner","MUSIC_AND_AUDIO"
""com.fender.tuner","Fender Guitar Tuner","MUSIC_AND_AUDIO"
""com.splendapps.voicerec","Voice Recorder Pro","MUSIC_AND_AUDIO"
""com.ai.music.generate","AI Music Generator","MUSIC_AND_AUDIO"
""volumebooster.equalizer.soundbooster.bassboost","Volume Booster - Equalizer","MUSIC_AND_AUDIO"
""com.jazarimusic.voloco","Voloco: Auto Vocal Tune Studio","MUSIC_AND_AUDIO"
""com.freemusic.offline.usa","Free Music - music downloader","MUSIC_AND_AUDIO"
""com.player.esound","eSound: MP3 Music Player App","MUSIC_AND_AUDIO"
""com.edjing.edjingdjturntable","edjing Mix - Music DJ app","MUSIC_AND_AUDIO"
""com.mwm.guitartuner","Guitar Tuner Pro: Music Tuning","MUSIC_AND_AUDIO"
""com.jazibkhan.equalizer","Flat Equalizer - Bass Booster","MUSIC_AND_AUDIO"
""ringtone.maker.mp3.cutter.audio","MP3 Cutter and Ringtone Maker","MUSIC_AND_AUDIO"
""com.tools.magiceffects.voicechanger","Voice Changer: Audio Effects","MUSIC_AND_AUDIO"
""com.andymstone.metronome","Metronome Beats","MUSIC_AND_AUDIO"
""com.afmobi.boomplayer","Boomplay: Music & Live Stream","MUSIC_AND_AUDIO"
""music.downloader.free.download.music.mp3.song.app","Music Downloader Mp3 Download","MUSIC_AND_AUDIO"
""com.abrar.volumeboost","Volume Booster for Android","MUSIC_AND_AUDIO"
""com.bas.hit.volm.dy","Bass Booster Volume Booster EQ","MUSIC_AND_AUDIO"
""com.realguitarsimulator.learnguitar.playguitar.simplyguitar.tabsandchords.musicband","Learn Guitar - Real Tabs","MUSIC_AND_AUDIO"
""musicplayer.hdvideoplayer.backgroundmusic","Music Player - MP3 Player","MUSIC_AND_AUDIO"
""com.bork.dsp.datuna","DaTuner: Tuner & Metronome","MUSIC_AND_AUDIO"
""fmradio.radiostation.livefm.musicradio","FM Radio, Live FM, Live radio","MUSIC_AND_AUDIO"
""com.musicplayer.mp3player.musicplaylist","Play Music - MP3 Music Player","MUSIC_AND_AUDIO"
""com.sonlam.mypianophone","My Piano Phone","MUSIC_AND_AUDIO"
""com.light.music.recognition","Music Recognition - Find Songs","MUSIC_AND_AUDIO"
""com.banix.voiceeffect.voicechanger","Voice Changer, Sound Effects","MUSIC_AND_AUDIO"
""io.musistream","xMUSI - Simple Music Streaming","MUSIC_AND_AUDIO"
""com.shaiban.audioplayer.mplayer","Music Player - MP3 Player","MUSIC_AND_AUDIO"
""com.taymay.haircut","Prank sound: Hair Cut & Fart","MUSIC_AND_AUDIO"
""com.splendapps.decibel","Sound Meter","MUSIC_AND_AUDIO"
""ringtonemaker.musiccutter.customringtones.freeringtonemaker","Ringtone Maker: Music Cutter","MUSIC_AND_AUDIO"
""com.tunecho.music","Tunecho music-Play offline","MUSIC_AND_AUDIO"
""com.aspiro.tidal","TIDAL Music: HiFi sound","MUSIC_AND_AUDIO"
""fm.dice","DICE","MUSIC_AND_AUDIO"
""free.mediaplayer.mp3.audio.music","Music Player - MP3 & Equalizer","MUSIC_AND_AUDIO"
""com.musescore.playerlite","MuseScore: sheet music","MUSIC_AND_AUDIO"
""voicechanger.voiceeffects.soundeffects.voiceavatar","Voice Changer - Voice Effects","MUSIC_AND_AUDIO"
""com.appmabro.topislamicringtone","Islamic Ringtones and Songs","MUSIC_AND_AUDIO"
""animalringtones.birdcallssoundsandringtones.animalsoundsandringtones","Animal sounds & Bird songs","MUSIC_AND_AUDIO"
""com.ElfizMedia.DubstepMusicCreator3RhythmMachineBeatMaker","DubStep Music & Beat Creator","MUSIC_AND_AUDIO"
""audioeditor.musiceditor.soundeditor.songeditor","Audio Editor & Music Editor","MUSIC_AND_AUDIO"
""cn.com.aftershokz.app","Shokz","MUSIC_AND_AUDIO"
""com.fc.p.bk.ringtone.ringtonesapp","Ringtones Music for Phone","MUSIC_AND_AUDIO"
""recorderpro.voicememos.audio.lite","Voice Recorder - XVoice Lite","MUSIC_AND_AUDIO"
""au.com.revheadz.revheadz","RevHeadz Engine Sounds","MUSIC_AND_AUDIO"
""musicplayer.playmusic.musicapp.mp3player","Offline Music Player & MP3","MUSIC_AND_AUDIO"
""net.andromo.dev58853.app253629","Today's Hit Music Ringtones","MUSIC_AND_AUDIO"
""com.tohsoft.music.mp3.mp3player","Music Player - MP3 Player","MUSIC_AND_AUDIO"
""com.bestringtonesapps.bestringtonesfree","Phone Ringtones","MUSIC_AND_AUDIO"
""fm.radio.amradio.liveradio.radiostation.music.live","Radio FM AM Live Radio Station","MUSIC_AND_AUDIO"
""drum.pads.beat.drumpadmachine","Drum Pad Pro - DJ Beat Maker","MUSIC_AND_AUDIO"
""volumebooster.bassbooster.sound.speaker.equalizer","Volume Booster - Sound Booster","MUSIC_AND_AUDIO"
""com.Project100Pi.themusicplayer","Pi Music Player: Offline Music","MUSIC_AND_AUDIO"
""umito.android.minipiano","Mini Piano Lite","MUSIC_AND_AUDIO"
""com.melodis.midomiMusicIdentifier.freemium","SoundHound - Music Discovery","MUSIC_AND_AUDIO"
""com.voicechanger.audioeffect.editor.funnyvoice","Voice Changer - Audio Effects","MUSIC_AND_AUDIO"
""com.uminate.beatmachine","Beat Machine: Music Maker & DJ","MUSIC_AND_AUDIO"
""com.famousbluemedia.piano","Piano - Play Unlimited songs","MUSIC_AND_AUDIO"
""com.feraset.tune","AI Cover & Songs: Music AI","MUSIC_AND_AUDIO"
""com.onlineradiofm.phonkmusic","Phonk Music - Song Remix Radio","MUSIC_AND_AUDIO"
""com.hitrolab.audioeditor","AudioLab Audio Editor Recorder","MUSIC_AND_AUDIO"
""com.beat.light","Music Recognition","MUSIC_AND_AUDIO"
""com.ai.volume.ring","Volume Booster 2X Louder Phone","MUSIC_AND_AUDIO"
""net.chordify.chordify","Chordify: Song Chords & Tuner","MUSIC_AND_AUDIO"
""iTunes.Sync.Android","iSyncr: iTunes to Android","MUSIC_AND_AUDIO"
""pro.vitalii.andropods","AndroPods - Airpods on Android","MUSIC_AND_AUDIO"
""org.player","Music player & mp3 player","MUSIC_AND_AUDIO"
""com.tap.music.piano.fun","Piano fun - Magic Music","MUSIC_AND_AUDIO"
""deezer.android.app","Deezer: Music & Podcast Player","MUSIC_AND_AUDIO"
""com.amientertainment.AMISmartBar","AMI Music","MUSIC_AND_AUDIO"
""com.lutech.djmixer","DJ Mixer Music: Virtual DJ Mix","MUSIC_AND_AUDIO"
""in.krosbits.musicolet","Musicolet Music Player","MUSIC_AND_AUDIO"
""com.jbl.partybox","JBL PartyBox","MUSIC_AND_AUDIO"
""com.wondery","Wondery: Discover Podcasts","MUSIC_AND_AUDIO"
""com.volumebooster.superloud.sound.speaker.booster","Volume Booster: Extra Sound","MUSIC_AND_AUDIO"
""com.fcmusicplayer.app","Music Echo-Offline Music","MUSIC_AND_AUDIO"
""com.appmind.radios.mx","Radio Mexico - online radio","MUSIC_AND_AUDIO"
""com.music.downloader.sptfifst","TubeCatcher：MP3 Music Download","MUSIC_AND_AUDIO"
""com.first75.voicerecorder2","Voice Recorder","MUSIC_AND_AUDIO"
""com.piggl.snippets","Snippets: Romance Audio","MUSIC_AND_AUDIO"
""com.jonathanpuckey.radiogarden","Radio Garden","MUSIC_AND_AUDIO"
""app.maxeq.equalizer.music.volume.booster.bass.booster.audio.fx","Equalizer EQ & Volume Booster","MUSIC_AND_AUDIO"
""com.learningpiano.simplepiano.easy.piano","Easy Piano Learning App","MUSIC_AND_AUDIO"
""com.opalastudios.pads","SUPER PADS DJ: Music & Beats","MUSIC_AND_AUDIO"
""com.snapmusi.mp3","Offline Music, Mp3 Player Tube","MUSIC_AND_AUDIO"
""media.music.musicplayer","Music Player - Audio Player","MUSIC_AND_AUDIO"
""com.maxmpz.equalizer","Poweramp Equalizer","MUSIC_AND_AUDIO"
""com.digipom.easymetronome","Easy Metronome","MUSIC_AND_AUDIO"
""media.audioplayer.musicplayer","Music Player","MUSIC_AND_AUDIO"
""com.muso.musicplayer","Offline Music Mp3 Player- Muso","MUSIC_AND_AUDIO"
""com.mixvibes.remixlive","Remixlive - Make Music & Beats","MUSIC_AND_AUDIO"
""com.oxgtunb.freeoldiesringtones","Oldies Ringtones","MUSIC_AND_AUDIO"
""am.trackify","Trackify - Spotify Stats","MUSIC_AND_AUDIO"
""com.onlineradio.radiofm","FM Radio: AM, FM, Local Radio","MUSIC_AND_AUDIO"
""com.soundtrap.studioapp","Soundtrap Studio","MUSIC_AND_AUDIO"
""com.musicplayer.playermusic","Music Player - Audify Player","MUSIC_AND_AUDIO"
""com.gomusic.music.app.download.song.mp3music.free","GO Music - MP3 Music Download","MUSIC_AND_AUDIO"
""volume.booster.sound.enhance","Volume Booster - Loud Speaker","MUSIC_AND_AUDIO"
""com.springwalk.mediaconverter","MP3 Video Converter","MUSIC_AND_AUDIO"
""com.jrinnovation.proguitartuner","Pro Guitar Tuner","MUSIC_AND_AUDIO"
""com.free.music.downloader.eron","Music Downloader-Song Download","MUSIC_AND_AUDIO"
""com.magix.android.mmjam","Music Maker JAM: Beatmaker app","MUSIC_AND_AUDIO"
""com.simplemobiletools.voicerecorder","Simple Voice Recorder","MUSIC_AND_AUDIO"
""com.maxmpz.audioplayer","Poweramp Music Player (Trial)","MUSIC_AND_AUDIO"
""com.ntrack.studio.demo","n-Track Studio DAW: Make Music","MUSIC_AND_AUDIO"
""com.liveradio.fmradio.radiotuner.radiostation.amradio","FM Radio : AM, FM, Radio Tuner","MUSIC_AND_AUDIO"
""me.rapchat.rapchat","Rapchat: Music Maker Studio","MUSIC_AND_AUDIO"
""com.emf.klove","K-LOVE","MUSIC_AND_AUDIO"
""com.life360.android.safetymapd","Life360: Live Location Sharing","LIFESTYLE"
""com.pinterest","Pinterest","LIFESTYLE"
""com.fivesurveys.mobile","Five Surveys - Earn Money Fast","LIFESTYLE"
""com.tmobile.tuesdays","T Life","LIFESTYLE"
""cashgiraffe.app","Cash Giraffe - Play and earn","LIFESTYLE"
""com.bd.nproject","Lemon8 - Lifestyle Community","LIFESTYLE"
""com.kashkick.kashkickapp","KashKick: Get paid to have fun","LIFESTYLE"
""com.ringapp","Ring - Always Home","LIFESTYLE"
""com.amazon.dee.app","Amazon Alexa","LIFESTYLE"
""com.nextdoor","Nextdoor: Neighborhood network","LIFESTYLE"
""com.google.android.apps.chromecast.app","Google Home","LIFESTYLE"
""com.affinity.rewarded_play","Rewarded Play: Earn Gift Cards","LIFESTYLE"
""com.chamberlain.android.liftmaster.myq","myQ Garage & Access Control","LIFESTYLE"
""video.clip.call.fake.chat.message.prank","Prank Video Call - Fake Chat","LIFESTYLE"
""com.lgeha.nuts","LG ThinQ","LIFESTYLE"
""com.dramaton.slime","Super Slime Simulator: DIY Art","LIFESTYLE"
""com.picturerock.rock","Rock Identifier: Stone ID","LIFESTYLE"
""com.prodege.swagbucksmobile","Swagbucks Play Games + Surveys","LIFESTYLE"
""com.eero.android","eero wifi system","LIFESTYLE"
""io.purrcat","Supreme King: Earn Money","LIFESTYLE"
""com.safeway.client.android.safeway","Safeway Deals & Delivery","LIFESTYLE"
""com.substack.app","Substack","LIFESTYLE"
""com.aaa.android.discounts","AAA Mobile","LIFESTYLE"
""com.publix.main","Publix","LIFESTYLE"
""com.ford.fordpass","FordPass™","LIFESTYLE"
""aichat.chatgpt","AiGo - Chat with AI Girlfriend","LIFESTYLE"
""com.hualai","Wyze - Make Your Home Smarter","LIFESTYLE"
""com.tuya.smartlife","Smart Life - Smart Living","LIFESTYLE"
""com.sotg.surveys","Surveys On The Go","LIFESTYLE"
""com.astra.games","Astra: Play Games Earn Rewards","LIFESTYLE"
""com.scrambly","Play & Earn Rewards - Scrambly","LIFESTYLE"
""com.thetileapp.tile","Tile: Making Things Findable","LIFESTYLE"
""com.tuya.smart","Tuya Smart","LIFESTYLE"
""com.christmas.santa.clause.fakecall.prankcall","Call Santa Claus - Prank Call","LIFESTYLE"
""com.ust.sheetzretapp","Sheetz Food Delivery & Rewards","LIFESTYLE"
""com.plantparentai.app","Plant Parent: Plant Care Guide","LIFESTYLE"
""com.ministrycentered.churchcenter","Church Center App","LIFESTYLE"
""com.heypiggy.heypiggy","HeyPiggy - Earn with Surveys","LIFESTYLE"
""com.palmaging.palmistrywizardfhauwihg","Palmistry Wizard：Palm & Aging","LIFESTYLE"
""thetestemall.app","Test'em All: Test & Get Paid","LIFESTYLE"
""com.samsung.android.samsungpay.gear","Samsung Wallet/Pay (Watch)","LIFESTYLE"
""com.habit.record.reward.tracker","DailyGift: Earn Reward","LIFESTYLE"
""com.gm.chevrolet.nomad.ownership","myChevrolet","LIFESTYLE"
""com.fet.ideawise","FET: Kink & BDSM Dating","LIFESTYLE"
""com.aarp.app","AARP Now","LIFESTYLE"
""com.samsung.android.oneconnect","SmartThings","LIFESTYLE"
""diary.diarywithlock.diaryforgirls","Diary with Fingerprint Lock","LIFESTYLE"
""com.bjoernbartels.mylove","My Love - Relationship Counter","LIFESTYLE"
""mydiary.journal.diary.diarywithlock.diaryjournal.secretdiary","My Diary - Daily Diary Journal","LIFESTYLE"
""com.onstar.guardian","OnStar Guardian: Safety App","LIFESTYLE"
""com.oceanwing.battery.cam","eufy Security","LIFESTYLE"
""com.nestle.us.purina.fellowshipapp","myPurina – Pet Rewards & Care","LIFESTYLE"
""com.primeopinion.appname","Prime Opinion: Survey for Cash","LIFESTYLE"
""com.greatclips.android","Great Clips Online Check-in","LIFESTYLE"
""com.nest.android","Nest","LIFESTYLE"
""com.excentus.frn.android","Fuel Rewards® program","LIFESTYLE"
""interior.home.design.ai","Home AI - AI Interior Design","LIFESTYLE"
""connectiq.miles.app","Miles - Travel, Shop, Get Cash","LIFESTYLE"
""online.moneywell.app","Money Well - Games for rewards","LIFESTYLE"
""com.locai.petpartner","PetDesk - Pet Health Reminders","LIFESTYLE"
""com.teslamotors.tesla","Tesla","LIFESTYLE"
""com.cashday.reward","CashDay: Earn Money Daily","LIFESTYLE"
""com.ezt.cat.wallpp","Cat Language Wallpaper","LIFESTYLE"
""com.tplink.iot","TP-Link Tapo","LIFESTYLE"
""cpro.freestuff","Free Stuff","LIFESTYLE"
""iq.qicard.qipay.prod","SuperQi","LIFESTYLE"
""com.bilt.mobile","BILT: 3D Instructions","LIFESTYLE"
""com.pch.pchworld","PCH+ - Real Prizes, Fun Games","LIFESTYLE"
""com.horoscopedaily.astrology.zodiac.horoscope.android","Horoscope & Zodiac Launcher","LIFESTYLE"
""com.etekcity.vesyncplatform","VeSync","LIFESTYLE"
""com.ace.shell.production","Auto Club","LIFESTYLE"
""com.ge.kitchen","SmartHQ","LIFESTYLE"
""online.cashemall.app","Cash’em All: Play & Win","LIFESTYLE"
""com.northstar.gratitude","Gratitude: Self-Care Journal","LIFESTYLE"
""com.aveola.android","Aveola: Random Live Video Chat","LIFESTYLE"
""com.life.palm","Life Palmistry - Palm&Gender","LIFESTYLE"
""com.tplink.kasa_android","Kasa Smart","LIFESTYLE"
""com.fakecall.fakechat.prank.app","Prank Call - Fake Call & Chat","LIFESTYLE"
""com.aigirlfriend.anna","My AI Sweetheart","LIFESTYLE"
""com.smartremote.djiflydrone","DJI Fly Skylink For DJI Drones","LIFESTYLE"
""com.michaels.michaelsstores","Michaels Stores","LIFESTYLE"
""com.rizzlabs.rizz","RIZZ","LIFESTYLE"
""com.yardi.systems.rentcafe.resident","RentCafe Resident","LIFESTYLE"
""com.make.money.now.big.cash.reward.app.paid.surveys.earn.money.mini.job","Earn Money: Get Paid Get Cash","LIFESTYLE"
""com.verizon.familybase.parent","Verizon Smart Family - Parent","LIFESTYLE"
""com.find.connect.family","Famio: Connect With Family","LIFESTYLE"
""com.arlo.app","Arlo Secure: Home Security","LIFESTYLE"
""com.mydiary.dailyjournal.voicediary","My Diary - Journal with Lock","LIFESTYLE"
""com.survjun","Survey Junkie","LIFESTYLE"
""com.familywall","FamilyWall: Family Organizer","LIFESTYLE"
""com.brinker.chilis","Chilis","LIFESTYLE"
""com.costarastrology","Co–Star Personalized Astrology","LIFESTYLE"
""com.geozilla.family","GeoZilla - Find My Family","LIFESTYLE"
""com.looksmax.ai","LooksMax AI - Get Your Rating","LIFESTYLE"
""com.adt.adtcontrolalarm","ADT Control ®","LIFESTYLE"
""com.hm.goe","H&M - we love fashion","LIFESTYLE"
""com.irobot.home","iRobot Home","LIFESTYLE"
""com.kwiktrip","Kwik Rewards","LIFESTYLE"
""com.cricut.designspace","Design Space: DIY with Cricut","LIFESTYLE"
""com.develhoping.days_to","Days To | Countdown","LIFESTYLE"
""com.embeepay.mpm","BrandBee: Surveys & Gift Cards","LIFESTYLE"
""io.gametime","CASH BUDDY - Play & Earn Money","LIFESTYLE"
""com.thecut.mobile.android.thecut","theCut: Find Barbers Anywhere","LIFESTYLE"
""com.hobbylobbystores.android","Hobby Lobby Stores","LIFESTYLE"
""org.meetingguide","Meeting Guide","LIFESTYLE"
""com.hugmi.meet.friends.love.chat","Hugmi – Chat & Meet","LIFESTYLE"
""com.vetrov.astromagic","Zodiac Palm Reader: MagicWay","LIFESTYLE"
""st.babyli.babylist","Babylist Baby Registry","LIFESTYLE"
""ai.metaverse.remote.control.smarthome","Smart Light Smart Home Control","LIFESTYLE"
""com.fyxtech.muslim","WeMuslim: Athan, Qibla&Quran","LIFESTYLE"
""com.playtimecash.money.game.paid.survey.free.cash.play.win.real.reward","PlayTime Cash - Cash Rewards","LIFESTYLE"
""com.sharkninja.shark","SharkClean","LIFESTYLE"
""com.umax.tech","Umax - Become Hot","LIFESTYLE"
""com.weedmaps.app.android","Weedmaps: Buy Local Weed","LIFESTYLE"
""ir.mci.ecareapp","MyMCI","LIFESTYLE"
""com.majx.geoloc","Friend Tracker: Find Anyone","LIFESTYLE"
""genesis.nebula","Nebula: Horoscope & Astrology","LIFESTYLE"
""com.iproyal.android","Pawns.app: Surveys for Money","LIFESTYLE"
""com.theoremreach.wizardbucks","Playful Rewards: Play & Earn","LIFESTYLE"
""com.cashrewardsplay.free.cash.rewards.play.gift.cards.income.win.real.money.paid.survey","Cash Rewards Play","LIFESTYLE"
""com.sky.languagetranslator","All Translate AI: Voice, Text","LIFESTYLE"
""ai.inflection.pi","Pi, Your Personal AI Assistant","LIFESTYLE"
""colorwidgets.ios.widget.topwidgets","Color Widgets, Theme: iWidgets","LIFESTYLE"
""find.my.friends.family.phone.gps.location.device.tracker.locator","Findo: Find my Friends, Phone","LIFESTYLE"
""com.walmart.customerspark","Customer Spark","LIFESTYLE"
""com.ge.cbyge","Cync (the new name of C by GE)","LIFESTYLE"
""com.astrosouls","AstroSoul: Astro Palm Reader","LIFESTYLE"
""ai.bohemian.multipolls","MultiPolls - Surveys on The Go","LIFESTYLE"
""com.muslim.quran.muslima.muslimpro","Muslim: Azkar Prayer Times","LIFESTYLE"
""com.mycashery","myCashery: Play & Make Money","LIFESTYLE"
""com.heycash.surveys.earn.money","Hey Cash: Earn Money Today!","LIFESTYLE"
""com.biloholdings.mywinndixie.prod","Winn-Dixie","LIFESTYLE"
""com.mm.android.DMSS","DMSS","LIFESTYLE"
""net.bitburst.pollpay","Poll Pay: Earn Money & Cash","LIFESTYLE"
""com.alliancelaundry.app.speedqueen","Speed Queen","LIFESTYLE"
""video.chat.gaze","Gaze - Live Random Video Chat","LIFESTYLE"
""diary.journal.daily.mood.diarywithlock","My Diary - journal diary","LIFESTYLE"
""com.honeywell.android.lyric","Resideo - Smart Home","LIFESTYLE"
""com.tlm.location.tracker","Location Tracker: GPS App","LIFESTYLE"
""my.ai.chat.character.entertainment","Fantasy Chat AI","LIFESTYLE"
""com.requapp.requ","AttaPoll - Paid Surveys","LIFESTYLE"
""com.snapfinger.mobile.mcalisters","McAlister's Deli","LIFESTYLE"
""com.taskrabbit.droid.rabbit","Tasker by Taskrabbit","LIFESTYLE"
""com.fambase.venus","Fambase: Live & Group Chat","LIFESTYLE"
""com.sandboxx.android","Sandboxx","LIFESTYLE"
""com.cupidabo.android","Cupidabo - flirt chat & dating","LIFESTYLE"
""com.qmee.mobile","Qmee: Paid Survey Cash Rewards","LIFESTYLE"
""com.roborock.smart","Roborock","LIFESTYLE"
""jfmapo.findphone.com","Find My Phone","LIFESTYLE"
""com.pinterest.shuffles","Shuffles by Pinterest","LIFESTYLE"
""com.fca.myconnect.nafta","Jeep®","LIFESTYLE"
""com.safeway.client.android.vons","Vons Deals & Delivery","LIFESTYLE"
""jp.geot.trimaglobal","GeoSmile - Move to Earn Money","LIFESTYLE"
""com.getperka.android","Clover: Perks and Order Ahead","LIFESTYLE"
""com.alarm.alarmmobile.android","Alarm.com","LIFESTYLE"
""com.nintendo.znma","Nintendo Switch Parental Cont…","LIFESTYLE"
""com.roomster","Roomster","LIFESTYLE"
""com.cloudedge.smarteye","CloudEdge","LIFESTYLE"
""com.thehungrywasp.iamsober","I Am Sober","LIFESTYLE"
""com.kantarprofiles.lifepoints","LifePoints","LIFESTYLE"
""com.partiful.partiful","Partiful","LIFESTYLE"
""reel.reelsage.sage","ReelSage","LIFESTYLE"
""net.ajcloud.wansviewplus","Wansview Cloud","LIFESTYLE"
""com.live.bling.android","Bling - Video Chat","LIFESTYLE"
""com.skindeep.mobile","EWG's Healthy Living","LIFESTYLE"
""com.bigbook3","Everything AA","LIFESTYLE"
""com.gm.gmc.nomad.ownership","myGMC","LIFESTYLE"
""com.justanswer.google","JustAnswer: Ask for help, 24/7","LIFESTYLE"
""com.fivestars.FiveStarsConsumer","Fivestars","LIFESTYLE"
""net.daylio","Daylio Journal - Mood Tracker","LIFESTYLE"
""com.simplisafe.mobile","SimpliSafe Home Security App","LIFESTYLE"
""com.matchpublive","MatchPub - Live Video Chat","LIFESTYLE"
""company.coinpop.coinpop","Coin Pop- Win Gift Cards","LIFESTYLE"
""mmapps.mobile.magnifier","Magnifier Plus with Flashlight","LIFESTYLE"
""com.higame.par.sweet.girl.prank.video.chat.phone.call","Celebs Prank Call & Fake Chat","LIFESTYLE"
""the.phoenix.android","The Phoenix: A sober community","LIFESTYLE"
""style.dna.app","Style DNA: Fashion AI Stylist","LIFESTYLE"
""com.neris.sixteenpersonalities","16Personalities","LIFESTYLE"
""com.sportclips.ultimatemvp","Sport Clips Haircuts Check In","LIFESTYLE"
""com.pinkapp","Lovely – Meet and Date Locals","LIFESTYLE"
""com.dyson.mobile.android","MyDyson™","LIFESTYLE"
""com.yobzh.tarot","AI Tarot Card Reading","LIFESTYLE"
""com.bit.androsmart.kbinapp","Bagan - Myanmar Keyboard","LIFESTYLE"
""com.pluto.news","Pluto: Buzz News & Rewards","LIFESTYLE"
""com.swibe.dating.chat.to.meet","Swibe","LIFESTYLE"
""com.vivid.visage","VividVisage","LIFESTYLE"
""com.care.android.careview.providerapp","Care.com: Find Caregiving Jobs","LIFESTYLE"
""com.thepattern.app","The Pattern Astrology","LIFESTYLE"
""com.aiuta.fashion","Aiuta – AI Stylist","LIFESTYLE"
""com.punchh.moes","Moe’s Southwest Grill","LIFESTYLE"
""com.ants360.yicamera.international","Yi Home","LIFESTYLE"
""com.vagaro","Vagaro","LIFESTYLE"
""prayertime.compassdirection.qiblafinder.hijricalender","Muslim Prayer - Qibla Compass","LIFESTYLE"
""com.fca.myconnect.ram.nafta","RAM","LIFESTYLE"
""com.orionhoroscope.daily.horoscope","Palm Reader & Zodiac Horoscope","LIFESTYLE"
""com.osu.cleanandsobertoolboxandroid","Sober","LIFESTYLE"
""com.psi.residentportal","Resident Portal","LIFESTYLE"
""com.bshg.homeconnect.android.release.na","Home Connect (America)","LIFESTYLE"
""nhq.uij.incorrecto","Incorrecto","LIFESTYLE"
""com.airfind.uscc","UScellular Prepaid Rewards","LIFESTYLE"
""com.block.juggle","Block Blast!","GAME_PUZZLE"
""com.zm.nuts","Nuts — Color Sort Puzzle Games","GAME_PUZZLE"
""net.peakgames.match","Match Factory!","GAME_PUZZLE"
""com.together.CrazyBus","Bus Mania - Car Parking Jam","GAME_PUZZLE"
""com.melon.drop.fruit.merge.master","Fruit Merge: Juicy Drop Game","GAME_PUZZLE"
""com.dreamgames.royalmatch","Royal Match","GAME_PUZZLE"
""com.ig.screw.jam.nuts.bolts","Screw Out: Jam Puzzle","GAME_PUZZLE"
""ball.sort.color.water.puzzle.games","Ball Sort","GAME_PUZZLE"
""com.balloon.master.cube.match","Balloon Master 3D:Triple Match","GAME_PUZZLE"
""com.ig.color.wood.screw","Color Wood Screw","GAME_PUZZLE"
""com.screenshake.dominodreams","Domino Dreams™","GAME_PUZZLE"
""com.bonnie.trafficescape","Traffic Escape!","GAME_PUZZLE"
""com.weegoon.thiefpuzzle","Thief Puzzle: to pass a level","GAME_PUZZLE"
""com.balloon.triple.match.master3d.game","Balloon Triple Match: Match 3D","GAME_PUZZLE"
""com.gamebrain.hexasort","Hexa Sort","GAME_PUZZLE"
""com.cedar.homeowner.tiles.match.merge","Tile Trio: Makeover Match 3d","GAME_PUZZLE"
""com.wood.nut.and.bolts.puzzle","Wood Nuts & Bolts Puzzle","GAME_PUZZLE"
""com.fc.nut.screw.bolt.washer.fastener.puzzle","Screw Puzzle: Wood Nut & Bolt™","GAME_PUZZLE"
""io.randomco.travel","Travel Town - Merge Adventure","GAME_PUZZLE"
""com.fc.goods.sort.matching.puzzle.triplemaster","Goods Sorting: Match 3 Puzzle","GAME_PUZZLE"
""com.onebutton.mrsuper2","The Superhero League 2","GAME_PUZZLE"
""com.gplay.annoying.puzzle.game","Annoying Puzzle Game","GAME_PUZZLE"
""nuts.sort.bolts.master","Nuts Sort Master","GAME_PUZZLE"
""com.scavenger.hunt.find.my.cat.hidden.object.free.brainly.game","Tidy Master: Hidden Objects","GAME_PUZZLE"
""com.cdg.tictactoe","Tic Tac Toe - 2 Player XO","GAME_PUZZLE"
""com.draw.one.line","One Line: Drawing Puzzle Game","GAME_PUZZLE"
""com.ig.screw.puzzle.nuts.botls","Wood Screw Puzzle","GAME_PUZZLE"
""math.puzzle.games.crossmath.number.puzzles.free","Crossmath - Math Puzzle Games","GAME_PUZZLE"
""com.playrix.fishdomdd.gplay","Fishdom","GAME_PUZZLE"
""com.europosit.pixelcoloring","Pixel Art - Color by Number","GAME_PUZZLE"
""com.gamincat.roomsort","Room Sort - Floor Plan Game","GAME_PUZZLE"
""com.fc.sn.satisy.makeup.ocd.organizer","Satisroom: Perfectly Organize","GAME_PUZZLE"
""com.baf.connectballs","Connect Balls - Line Puzzle -","GAME_PUZZLE"
""com.screw.jam.puzzle","Screw Pin - Nuts Jam","GAME_PUZZLE"
""hidden.objects.find.it.out.seek.puzzle.games.free","Find It - Hidden Object Games","GAME_PUZZLE"
""com.smashing.draw2","Draw To Smash: Logic puzzle","GAME_PUZZLE"
""com.bubble.shooter.family","Bubble Shooter Family","GAME_PUZZLE"
""traffic.parking.jam.escape.car3d.games","Traffic 3D Parking: Escape Jam","GAME_PUZZLE"
""com.tripledot.woodoku","Woodoku - Wood Block Puzzle","GAME_PUZZLE"
""com.n3twork.tetris","Tetris®","GAME_PUZZLE"
""com.maroieqrwlk.unpin","Pull the Pin","GAME_PUZZLE"
""com.dxm.nopuzzle","Block Puzzle","GAME_PUZZLE"
""com.mergegames.gossipharbor","Gossip Harbor: Merge & Story","GAME_PUZZLE"
""com.AliceTile.Story.Secret.and","Alice's Tile Story: Garden","GAME_PUZZLE"
""com.kadka.forknsausage","Fork N Sausage","GAME_PUZZLE"
""com.bitmango.go.bubblepop","Bubble Pop! Puzzle Game Legend","GAME_PUZZLE"
""com.MegaJoy.Switch","Role Swap: Tricky Puzzle","GAME_PUZZLE"
""water.sort.puzzle.color.sort.games","Water Sort","GAME_PUZZLE"
""ball.sort.puzzle.color.sorting.bubble.games","Ball Sort Puzzle - Color Game","GAME_PUZZLE"
""com.color.busfrenzy","Bus Frenzy : Station Shuffle","GAME_PUZZLE"
""com.bubblepop.cannon.puzzle","Bubble Pop! Cannon Shooter","GAME_PUZZLE"
""com.car.jam.puzzle","Car Jam: Escape Puzzle","GAME_PUZZLE"
""com.ig.delete.one.part","Delete Puzzle: Brain Games","GAME_PUZZLE"
""com.tcg.fpsdungeonminer","Merge Miners","GAME_PUZZLE"
""com.easybrain.number.puzzle.game","Number Match - Number Games","GAME_PUZZLE"
""com.onebutton.mrsuper","The Superhero League","GAME_PUZZLE"
""com.hide.ball","Hide Ball: Brain Teaser Games","GAME_PUZZLE"
""com.gimica.sugarmatch","Sugar Rush Adventure","GAME_PUZZLE"
""com.gamovation.tileclub","Tile Club - Match Puzzle Game","GAME_PUZZLE"
""com.playvalve.ballsort","Ball Sort Puz - Color Game","GAME_PUZZLE"
""com.crazylabs.amaze.game","AMAZE!","GAME_PUZZLE"
""com.fenghenda.mahjong","Mahjong","GAME_PUZZLE"
""com.find.hidden.object.out.treasure.hunt.seek.puzzle.games","Find N Seek: Spy Hidden Object","GAME_PUZZLE"
""games.urmobi.found.it","Found It! Hidden Object Game","GAME_PUZZLE"
""com.kiwifun.game.android.ball.sort","Color Ball Sort : Puzzle Game","GAME_PUZZLE"
""com.block.blast.free.cube.puzzle.game","Block Crush: Block Puzzle Game","GAME_PUZZLE"
""net.peakgames.toonblast","Toon Blast","GAME_PUZZLE"
""com.ozn.busqueuee","Seat Away","GAME_PUZZLE"
""jigsaw.puzzle.game.banana","Jigsawscapes® - Jigsaw Puzzles","GAME_PUZZLE"
""com.screw.pin.nuts.bolts.jam.puzzle","Screw Master: Nuts Jam Puzzle","GAME_PUZZLE"
""com.gjg.colorfill3d","Color Fill 3D","GAME_PUZZLE"
""com.deletemaster2.brain.puzzle","Delete Master 2, Brain Puzzle","GAME_PUZZLE"
""com.neapxnlhwk.woodnuts","Nuts & Woods: Screw Puzzle","GAME_PUZZLE"
""com.woodscrew.nuts.bolts.unscrew","Wood Screw: Nuts And Bolts","GAME_PUZZLE"
""com.JindoBlu.Antistress","Antistress - relaxation toys","GAME_PUZZLE"
""com.zynga.gotm","Game of Thrones: Legends RPG","GAME_PUZZLE"
""com.easybrain.art.puzzle","Art Puzzle - Jigsaw Art Games","GAME_PUZZLE"
""com.tile.match.blockpuzzle","Tile Family®:Match Puzzle Game","GAME_PUZZLE"
""com.nut.bolt.color.sort.puzzle","Nut n Bolt Sort: Color Puzzle","GAME_PUZZLE"
""com.draw.to.pee.bo","Toilet Rush Race: Draw Puzzle","GAME_PUZZLE"
""sudoku.puzzle.free.game.brain","Sudoku - Classic Sudoku Puzzle","GAME_PUZZLE"
""find.out.hidden.objects.seek.puzzle.games.free","Find It Out - Hidden Object","GAME_PUZZLE"
""com.no1ornothing.color.water.sort.woody.puzzle","Color Water Sort Woody Puzzle","GAME_PUZZLE"
""games.supermesh.dropjellies","Drop Jelly","GAME_PUZZLE"
""com.gramgames.mergedragons","Merge Dragons!","GAME_PUZZLE"
""com.DifLabs.Differences","Find Differences Search & Spot","GAME_PUZZLE"
""com.delete.erase.tricky.parts.master","DOP Delete Stories: Erase Game","GAME_PUZZLE"
""car.jam.traffic.seat.unblock","Car Jam","GAME_PUZZLE"
""com.falcon.dm.water.cake.sort.puzzle","Cake Sort - Color Puzzle Game","GAME_PUZZLE"
""com.abi.satisort","Satisdom","GAME_PUZZLE"
""com.matchingham.flashback.tricky.riddles","Flashback: Tricky Fun Riddles","GAME_PUZZLE"
""games.burny.color.sort.woody.puzzle","Colorwood Sort Puzzle Game","GAME_PUZZLE"
""com.metagame.watermelonmastermergefruit","Fruit Drop Master","GAME_PUZZLE"
""com.goods.sorting.games.triple.match3d.puzzle","Goods Triple Match: Sorting 3D","GAME_PUZZLE"
""puzzle.game.find.differences","Differences - Find Difference","GAME_PUZZLE"
""com.master.triple3d.find","Triple Match 3D","GAME_PUZZLE"
""water.sort.puzzle.game.color.sorting.free","Water Sort Puzzle - Sort Color","GAME_PUZZLE"
""com.easybrain.jigsaw.puzzles","Jigsaw Puzzles - Puzzle Games","GAME_PUZZLE"
""com.bigcake.android.bpdaily","Block Puzzle","GAME_PUZZLE"
""jp.co.goodroid.hyper.hexaaway","Hexa Away","GAME_PUZZLE"
""com.gamee.projectmakeover.pullthepin.puzzle","Makeover Pin: Makeup & Fashion","GAME_PUZZLE"
""com.playvalve.connect.dots","Dot Link - Connect the Dots","GAME_PUZZLE"
""com.miracle.block.smash.journey","Block Puzzle: Block Smash Game","GAME_PUZZLE"
""com.mathbrain.sudoku","Sudoku Master!","GAME_PUZZLE"
""com.find.hidden.objects.game.hunt.out","Find It Out: Hidden Objects","GAME_PUZZLE"
""com.futureplay.mergematch","Merge Gardens","GAME_PUZZLE"
""easy.sudoku.puzzle.solver.free","Sudoku - Classic Sudoku Puzzle","GAME_PUZZLE"
""park.master.car.parking.games","Car Out: Car Parking Jam Games","GAME_PUZZLE"
""com.rud.twelvelocks2","12 Locks II","GAME_PUZZLE"
""com.block.game.jigsaw.puzzles","BlockPuz: Block Puzzle Games","GAME_PUZZLE"
""com.chichi.love.water.puzzle.color.sort","Water Sort Puzzle — Love Water","GAME_PUZZLE"
""com.everywear.game5","Merge Mansion","GAME_PUZZLE"
""wood.block.crush.adventure.puzzle.games","Block Crush: Wood Block Puzzle","GAME_PUZZLE"
""com.jctswbglsm.SwipeAway","Tap Away","GAME_PUZZLE"
""com.onet.connect.puzzle.match.game.wh","Fantasy Onet - Match Girl Game","GAME_PUZZLE"
""com.jigfungame.jigsaw.puzzle","JigFun-Jigsaw Puzzle HD Photo","GAME_PUZZLE"
""com.blockpuzzle.comboblastmaster.freegame","ColorBlock : Combo Blast","GAME_PUZZLE"
""com.puzzle.pool.android","Cube Block - Woody Puzzle Game","GAME_PUZZLE"
""com.playvalve.watersort","Water Sort Puz - Color Game","GAME_PUZZLE"
""com.mintgames.fantasycolor","Fantasy Color-Color by Number","GAME_PUZZLE"
""com.nostel.parking.car","Car Parking Jam 3D: Move it!","GAME_PUZZLE"
""com.sorting.games.match3d.goods.triple.puzzle","Triple Goods: 3D Puzzle Game","GAME_PUZZLE"
""com.bigcake.android.bubbledaily","Daily Bubble","GAME_PUZZLE"
""net.peakgames.amy","Toy Blast","GAME_PUZZLE"
""com.constructor.games","Construction Set","GAME_PUZZLE"
""com.smallgiantgames.empires","Empires & Puzzles: Match-3 RPG","GAME_PUZZLE"
""com.miracle.savethedoge.an","Save the Doge","GAME_PUZZLE"
""com.takeoffbolts.screw.puzzle","Take Off Bolts: Screw Puzzle","GAME_PUZZLE"
""com.puzzle1studio.go.brickoutshoottheball","Brick Out - Shoot the ball","GAME_PUZZLE"
""com.gamedots.seasideescape","Seaside Escape®: Merge & Story","GAME_PUZZLE"
""com.bus.chaos","Bus Chaos: Match & Parking Jam","GAME_PUZZLE"
""com.inspiredsquare.jupiter","2248 - Number Games 2048","GAME_PUZZLE"
""com.crashing.smashing.banana.cat.draw","Draw A Line Puzzle","GAME_PUZZLE"
""com.loop.block.mania.pethereum","Block Mania - Block Puzzle","GAME_PUZZLE"
""com.snapbreak.boxes","Boxes: Lost Fragments","GAME_PUZZLE"
""com.bigcake.android.hexaconnect","Hexa Puzzle - 2048 Game","GAME_PUZZLE"
""com.playstrom.drawonepart","DOP: Draw One Part","GAME_PUZZLE"
""com.traffic.jam.hop.on","Traffic Jam: Hop On!","GAME_PUZZLE"
""daily.number.match.free.puzzle","Daily Number Match","GAME_PUZZLE"
""color.match.line.connect.brain.puzzle","Blossom Sort® - Flower Games","GAME_PUZZLE"
""com.peoplefun.bricksnballs","Bricks n Balls","GAME_PUZZLE"
""com.dysugar.jewels.prince","Jewels Classic - Crush Jewels","GAME_PUZZLE"
""com.charge.them.all","Recharge Please!","GAME_PUZZLE"
""com.higgs.cubemaster3d","Cube Master 3D®:Matching Game","GAME_PUZZLE"
""com.tile.match.puzzle.master","Match 3 Tiles - Sorting Games","GAME_PUZZLE"
""com.bhe.tiles","Treasure Tiles: Win Cash","GAME_PUZZLE"
""games.taplab.thejourney","Hidden Objects - The Journey","GAME_PUZZLE"
""com.yolo.hiddenobjects","Find Hidden Objects - Spot It!","GAME_PUZZLE"
""com.taptapgames.unpuzzle","Unpuzzle: Tap Away Blocks Game","GAME_PUZZLE"
""com.easybrain.nonogram","Nonogram.com - Picture Cross","GAME_PUZZLE"
""linkdesks.block.puzzle.classic.puzzlegames","Block Puzzle","GAME_PUZZLE"
""com.hungrystudio.block.puzzle.fun.brain.free","Block Journey - Puzzle Games","GAME_PUZZLE"
""com.paxiegames.mergestudio","Merge Studio: Fashion Makeover","GAME_PUZZLE"
""com.puzzlegame.match.jewels.adventure","Jewels Adventure Match Blast","GAME_PUZZLE"
""fill.up.the.frigde.organization.games","Fill Up Fridge：Organizing Game","GAME_PUZZLE"
""ball.sort.water.puzzle","Ball Sort: Sorting-Bubble Sort","GAME_PUZZLE"
""com.unicostudio.balltubes","Woody Sort: Ball Sort Puzzle","GAME_PUZZLE"
""com.luwukmeliana.familytree","Family Tree! - Logic Puzzles","GAME_PUZZLE"
""jp.co.goodroid.hyper.nutsandboltssort","Nuts And Bolts Sort","GAME_PUZZLE"
""com.globalplay.birdsort","Bird Sort: Color Puzzle Game","GAME_PUZZLE"
""games.playpack.mergeaway","Merge Away!","GAME_PUZZLE"
""water.sort.puzzle.color.sorting.games","Water Sort Puzzle - Color Sort","GAME_PUZZLE"
""find.spot.fun.relax.difference","Find Fun Difference: Spot it!","GAME_PUZZLE"
""find.difference.spot.differences.hidden.puzzle.games.free","Differences - Find & Spot It","GAME_PUZZLE"
""com.arizonags.puzzlesocietyalpha","Secret Puzzle Society","GAME_PUZZLE"
""com.playstrom.dop2","DOP 2: Delete One Part","GAME_PUZZLE"
""com.higgs.tilemaster3d","Tile Master 3D® - Triple Match","GAME_PUZZLE"
""com.YsoCorp.StretchGuy","Stretch Guy","GAME_PUZZLE"
""com.disney.thoughtbubbles_goo","Inside Out Thought Bubbles","GAME_PUZZLE"
""ball.sort.color.puz.game.puzzle","Ball Sort - Color Puz Game","GAME_PUZZLE"
""com.game.rope.and.balls","Rope And Balls","GAME_PUZZLE"
""com.niuaigo.solitaire.klondike","Solitaire Classic: Card Game","GAME_PUZZLE"
""com.niuaigo.bubble.shooter","Bubble Shooter Pop - Blast Fun","GAME_PUZZLE"
""com.uc.wood.bolts.puzzle","Nuts & Bolts 3D: Screw Master","GAME_PUZZLE"
""spot.hidden.difference","Spot the Difference: Find out!","GAME_PUZZLE"
""com.bigcake.android.dicemerge","Dice Puzzle - Merge puzzle","GAME_PUZZLE"
""com.playspare.watersort3d","Color Water Sort Puzzle Games","GAME_PUZZLE"
""com.oakever.tiletrip","Tile Explorer - Triple Match","GAME_PUZZLE"
""com.game.foldpuzzle","Paper Fold","GAME_PUZZLE"
""com.zm.watersort","Get Color - Water Sort Puzzle","GAME_PUZZLE"
""power.pop.blast","Power Pop Blast","GAME_PUZZLE"
""com.rovio.dream","Angry Birds Dream Blast","GAME_PUZZLE"
""com.gabblestudios.boredbutton","Play Pass Games","GAME_PUZZLE"
""com.matchingham.impossible.date.tricky.riddles","Impossible Date: Tricky Riddle","GAME_PUZZLE"
""stickman.thief.brain.puzzle","Robber Thief Long Hand Puzzle","GAME_PUZZLE"
""linkdesks.tile.match.fun","Tile Match: Triple Puzzle Game","GAME_PUZZLE"
""com.triple.tile.crush","Triple Tile Crush","GAME_PUZZLE"
""com.globalplay.birdsort2.color.puzzle","Bird Sort 2: Color Puzzle","GAME_PUZZLE"
""loppipoppi.numbermatch","Number Clash - Math Game","GAME_PUZZLE"
""onetap.game.tictactoe","Tic Tac Toe 2 Player: XO Game","GAME_PUZZLE"
""com.titan.ball.sort.woody.puzzle","Color Ball Sort Wooden Puzzle","GAME_PUZZLE"
""com.bravestars.savethedog.drawgame","Save The Pets","GAME_PUZZLE"
""com.triple.match3d.goods.puzzle.games","Match Master: Goods Triple 3D","GAME_PUZZLE"
""jigsaw.puzzle.free.games","Jigsaw Puzzles HD Puzzle Games","GAME_PUZZLE"
""in.playsimple.jigsaw_puzzle","Jigsaw Premium Puzzles HD","GAME_PUZZLE"
""com.puzzle.carmatch","Park Match","GAME_PUZZLE"
""com.nnxshcwrkg.scavengerhunt","Scavenger Hunt","GAME_PUZZLE"
""merge.blocks.drop.number.puzzle.games","2048 Merge Games - M2 Blocks","GAME_PUZZLE"
""com.belkatechnologies.clockmaker","Clockmaker: Jewel Match 3 Game","GAME_PUZZLE"
""mahjongsolitaire.mahjong.solitaire.free.offline.game","Mahjong Solitaire - Tile Match","GAME_PUZZLE"
""com.google.android.apps.messaging","Google Messages","ANDROID_WEAR"
""com.whatsapp","WhatsApp Messenger","ANDROID_WEAR"
""com.google.android.apps.walletnfcrel","Google Wallet","ANDROID_WEAR"
""com.spotify.music","Spotify: Music and Podcasts","ANDROID_WEAR"
""com.radio.pocketfm","Pocket FM: Audio Series","ANDROID_WEAR"
""com.audible.application","Audible: Audio Entertainment","ANDROID_WEAR"
""com.amazon.mp3","Amazon Music: Songs & Podcasts","ANDROID_WEAR"
""com.soundcloud.android","SoundCloud: Play Music & Songs","ANDROID_WEAR"
""com.google.android.apps.chromecast.app","Google Home","ANDROID_WEAR"
""onxmaps.hunt","onX Hunt: GPS Hunting Maps","ANDROID_WEAR"
""com.shazam.android","Shazam: Find Music & Concerts","ANDROID_WEAR"
""com.microsoft.office.outlook","Microsoft Outlook","ANDROID_WEAR"
""com.calm.android","Calm - Sleep, Meditate, Relax","ANDROID_WEAR"
""com.google.android.apps.photos","Google Photos","ANDROID_WEAR"
""com.alltrails.alltrails","AllTrails: Hike, Bike & Run","ANDROID_WEAR"
""com.acmeaom.android.myradar","MyRadar Weather Radar","ANDROID_WEAR"
""com.google.android.calendar","Google Calendar","ANDROID_WEAR"
""com.callapp.contacts","CallApp: Caller ID & Block","ANDROID_WEAR"
""com.google.android.contacts","Contacts","ANDROID_WEAR"
""com.audiomack","Audiomack: Music Downloader","ANDROID_WEAR"
""com.google.android.apps.youtube.music","YouTube Music","ANDROID_WEAR"
""com.myfitnesspal.android","MyFitnessPal: Calorie Counter","ANDROID_WEAR"
""org.iggymedia.periodtracker","Flo Period & Pregnancy Tracker","ANDROID_WEAR"
""com.google.android.apps.fitness","Google Fit: Activity Tracking","ANDROID_WEAR"
""com.clearchannel.iheartradio.controller","iHeart: Music, Radio, Podcasts","ANDROID_WEAR"
""com.stuzo.chevron","Chevron","ANDROID_WEAR"
""com.fitbit.FitbitMobile","Fitbit","ANDROID_WEAR"
""com.truecaller","Truecaller: AI Call Blocker","ANDROID_WEAR"
""com.google.android.keep","Google Keep - Notes and Lists","ANDROID_WEAR"
""com.strava","Strava: Run, Bike, Hike","ANDROID_WEAR"
""todolist.scheduleplanner.dailyplanner.todo.reminders","To-Do List - Schedule Planner","ANDROID_WEAR"
""com.google.android.inputmethod.latin","Gboard - the Google Keyboard","ANDROID_WEAR"
""com.hrd.iam","I am - Daily affirmations","ANDROID_WEAR"
""com.coffeebeanventures.easyvoicerecorder","Easy Voice Recorder","ANDROID_WEAR"
""com.flightradar24free","Flightradar24 Flight Tracker","ANDROID_WEAR"
""jp.naver.line.android","LINE: Calls & Messages","ANDROID_WEAR"
""com.walkfit.weightloss.steptracker.pedometer","Weight Loss Walking: WalkFit","ANDROID_WEAR"
""com.google.android.gm","Gmail","ANDROID_WEAR"
""com.samsung.android.oneconnect","SmartThings","ANDROID_WEAR"
""com.fourtechnologies.mynetdiary.ad","Calorie Counter - MyNetDiary","ANDROID_WEAR"
""com.google.android.dialer","Phone by Google","ANDROID_WEAR"
""com.accuweather.android","AccuWeather: Weather Radar","ANDROID_WEAR"
""com.windyty.android","Windy.com - Weather Forecast","ANDROID_WEAR"
""com.popularapp.periodcalendar","Period Calendar Period Tracker","ANDROID_WEAR"
""com.cronometer.android.gold","Calorie Counter by Cronometer","ANDROID_WEAR"
""com.fitbod.fitbod","Fitbod Workout & Fitness Plans","ANDROID_WEAR"
""com.sec.android.app.sbrowser","Samsung Internet Browser","ANDROID_WEAR"
""com.coulombtech","ChargePoint","ANDROID_WEAR"
""com.google.android.apps.maps","Google Maps","ANDROID_WEAR"
""com.geozilla.family","GeoZilla - Find My Family","ANDROID_WEAR"
""com.aligntech.myinvisalign","My Invisalign - Official App","ANDROID_WEAR"
""com.endel.endel","Endel: Focus, Relax & Sleep","ANDROID_WEAR"
""com.kakao.talk","KakaoTalk : Messenger","ANDROID_WEAR"
""calendar.agenda.calendarplanner.agendaplanner","Calendar Planner - Agenda App","ANDROID_WEAR"
""com.sofascore.results","Sofascore - Live sports scores","ANDROID_WEAR"
""com.hrd.motivation","Motivation - Daily quotes","ANDROID_WEAR"
""com.hrd.vocabulary","Vocabulary - Learn words daily","ANDROID_WEAR"
""com.google.android.deskclock","Clock","ANDROID_WEAR"
""wearos.smart.watch.bt.sync.notifier","Watch Sync App - BT Notifier","ANDROID_WEAR"
""com.habitrpg.android.habitica","Habitica: Gamify Your Tasks","ANDROID_WEAR"
""com.welltory.client.android","Welltory: Heart Rate Monitor","ANDROID_WEAR"
""com.myuvo.link","Kia Access","ANDROID_WEAR"
""com.stationdm.bluelink","MyHyundai with Bluelink","ANDROID_WEAR"
""com.nissan.mynissan","MyNISSAN®","ANDROID_WEAR"
""com.squarevalley.i8birdies","18Birdies Golf GPS Rangefinder","ANDROID_WEAR"
""com.citymapper.app.release","Citymapper","ANDROID_WEAR"
""com.midea.ai.overseas","SmartHome (MSmartHome)","ANDROID_WEAR"
""com.mobilefootie.wc2010","FotMob - Soccer Live Scores","ANDROID_WEAR"
""apps.r.calculator","Calculator","ANDROID_WEAR"
""com.jeremysteckling.facerrel","Facer Watch Faces","ANDROID_WEAR"
""com.todoist","Todoist: Planner & Calendar","ANDROID_WEAR"
""com.rabbl.blinq","Blinq - Digital Business Card","ANDROID_WEAR"
""com.infinitygames.loopenergy","Energy: Anti-Stress Loops","ANDROID_WEAR"
""io.a24go.android.dev","24GO by 24 Hour Fitness","ANDROID_WEAR"
""com.kmshack.onewallet","ONEWallet - Cards Wallet","ANDROID_WEAR"
""com.digitalinsight.cma.fiid01685","FNBT & FCB Mobile","ANDROID_WEAR"
""com.google.android.wearable.app","Wear OS by Google Smartwatch","ANDROID_WEAR"
""com.burockgames.timeclocker","Screen Time - StayFree","ANDROID_WEAR"
""com.nike.plusgps","Nike Run Club - Running Coach","ANDROID_WEAR"
""deezer.android.app","Deezer: Music & Podcast Player","ANDROID_WEAR"
""de.komoot.android","komoot - hike, bike & run","ANDROID_WEAR"
""com.hevy","Hevy - Gym Log Workout Tracker","ANDROID_WEAR"
""com.ticktick.task","TickTick:To Do List & Calendar","ANDROID_WEAR"
""com.onepeloton.callisto","Peloton - Fitness & Workouts","ANDROID_WEAR"
""com.fca.myconnect.ram.nafta","RAM","ANDROID_WEAR"
""au.com.shiftyjelly.pocketcasts","Pocket Casts - Podcast Player","ANDROID_WEAR"
""com.bshg.homeconnect.android.release.na","Home Connect (America)","ANDROID_WEAR"
""com.arlosoft.macrodroid","MacroDroid - Device Automation","ANDROID_WEAR"
""com.watchfacestudio.v12","TOP GUN - hybrid watch face","ANDROID_WEAR"
""com.regasoftware.udisc","UDisc Disc Golf App","ANDROID_WEAR"
""com.balysv.loop","Infinity Loop: Relaxing Puzzle","ANDROID_WEAR"
""com.kraftwerk9.rokie","Remote Control for Roku","ANDROID_WEAR"
""com.sillens.shapeupclub","Lifesum Food Tracker & Fasting","ANDROID_WEAR"
""com.zumba.consumerapp","Zumba - Dance Fitness Workout","ANDROID_WEAR"
""io.homeassistant.companion.android","Home Assistant","ANDROID_WEAR"
""com.northcube.sleepcycle","Sleep Cycle: Sleep Tracker","ANDROID_WEAR"
""com.taxsee.taxsee","maxim — order a taxi & food","ANDROID_WEAR"
""apps.r.compass","Compass: Accurate Compass","ANDROID_WEAR"
""com.recreative.outdoor","Outdoor - Mountain & Sea","ANDROID_WEAR"
""com.fiton.android","FitOn Workouts & Fitness Plans","ANDROID_WEAR"
""com.apptionlabs.meater_app","MEATER® Smart Meat Thermometer","ANDROID_WEAR"
""com.applidium.vianavigo","Île-de-France Mobilités","ANDROID_WEAR"
""com.watchfacestudio.craft01_latukom","Hybrid LATUKOM WS 1 Watch face","ANDROID_WEAR"
""com.ua.makeev.antitheft","Find My: Phone, Watch, Earbuds","ANDROID_WEAR"
""com.urbandroid.sleep","Sleep as Android: Smart alarm","ANDROID_WEAR"
""com.grint.thegrint.pro","TheGrint | Golf Handicap & GPS","ANDROID_WEAR"
""com.zoho.notebook","Notebook - Note-taking & To-do","ANDROID_WEAR"
""com.swingbyswing","SwingU: Golf GPS Range Finder","ANDROID_WEAR"
""com.watchfacestudio.ficture_reflecto_light","Ficture Reflecto Light","ANDROID_WEAR"
""com.pujie.watchfaces","Watch Faces - Pujie","ANDROID_WEAR"
""com.what3words.android","what3words: Navigation & Maps","ANDROID_WEAR"
""com.inbody2014.inbody","InBody","ANDROID_WEAR"
""com.fca.myconnect.dodge.nafta","DODGE","ANDROID_WEAR"
""com.runtastic.android","adidas Running: Run Tracker","ANDROID_WEAR"
""com.zaheer.scifi","Sci-Fi Digital Watch Face","ANDROID_WEAR"
""com.digitalinsight.cma.fiid01688","Provident Bank","ANDROID_WEAR"
""com.flipperdevices.app","Flipper Mobile App","ANDROID_WEAR"
""com.contorra.golfpad","Golf Pad: Golf GPS & Scorecard","ANDROID_WEAR"
""com.newreading.goodfm","GoodFM - Dramas & Audiobooks","ANDROID_WEAR"
""com.quanticapps.remotelgtvs","LG Smart TV Remote Control","ANDROID_WEAR"
""com.stuzo.texaco","Texaco","ANDROID_WEAR"
""je.fit","JEFIT Gym Workout Plan Tracker","ANDROID_WEAR"
""com.glidetalk.glideapp","Glide - Video Chat Messenger","ANDROID_WEAR"
""com.virtualmaze.offlinemapnavigationtracker","Offline Map Navigation","ANDROID_WEAR"
""com.watch.face.wallpaper","Watch Face Wallpaper","ANDROID_WEAR"
""de.kisi.android","Kisi","ANDROID_WEAR"
""com.watchfacestudio.lihtnes024","Sporty Watch Face 024","ANDROID_WEAR"
""com.selfcare.diary.mood.tracker.moodpress","Moodpress - Mood Diary Tracker","ANDROID_WEAR"
""com.luxsank.analogclassic","Analog Classic - Luxsank","ANDROID_WEAR"
""com.foxxymobile.singletapgames","Single Tap Games","ANDROID_WEAR"
""com.watchfacestudio.PER009_Mesaa","Sport Watch Face PER009 Mesa","ANDROID_WEAR"
""com.watchfacestudio.wfp225_brutal","WFP 225 Hybrid watch face","ANDROID_WEAR"
""com.ifttt.ifttt","IFTTT - Automate work and home","ANDROID_WEAR"
""slide.watchFrenzy","WatchMaker Watch Faces","ANDROID_WEAR"
""com.fca.myconnect.chrysler.nafta","Chrysler","ANDROID_WEAR"
""com.gywatchface.gyd003","GYD003 | Digital watchface","ANDROID_WEAR"
""watch.richface.androidwear.jubilee","RF Jubilee Watch Face Preview","ANDROID_WEAR"
""com.exovoid.weather.app","Weather XL PRO","ANDROID_WEAR"
""com.koreanair.passenger","Korean Air My","ANDROID_WEAR"
""com.solaredge.homeowner","mySolarEdge","ANDROID_WEAR"
""com.swordhealth.guarda","Sword Health","ANDROID_WEAR"
""net.daum.android.map","KakaoMap - Map / Navigation","ANDROID_WEAR"
""com.anghami","Anghami: Play music & Podcasts","ANDROID_WEAR"
""com.kraftwerk9.appletv","Remote for Apple TV","ANDROID_WEAR"
""com.headcode.ourgroceries","Our Groceries Shopping List","ANDROID_WEAR"
""com.amdroidalarmclock.amdroid","Alarm Clock for Heavy Sleepers","ANDROID_WEAR"
""com.reneph.passwordsafe","Password Safe and Manager","ANDROID_WEAR"
""com.watchfacestudio.s4urconefree","S4U RC ONE - Basic watch face","ANDROID_WEAR"
""shu.galaxy.camera","Camera One: Wear, Galaxy Watch","ANDROID_WEAR"
""com.superelement.pomodoro","Focus To-Do: Pomodoro & Tasks","ANDROID_WEAR"
""com.aqsmartphone.android.nissan","NissanConnect® EV & Services","ANDROID_WEAR"
""com.handcent.app.nextsms","Handcent Next SMS messenger","ANDROID_WEAR"
""net.kusik.wristchess","Wrist Chess","ANDROID_WEAR"
""com.anydo","Any.do - To do list & Calendar","ANDROID_WEAR"
""com.safetrekapp.safetrek","Noonlight: Feel Protected 24/7","ANDROID_WEAR"
""com.watchfacestudio.lihtnes044","Health Watch Face 044","ANDROID_WEAR"
""com.watchfacestudio.blaine021","Blaine 021 Hybrid Watch Face","ANDROID_WEAR"
""com.quanticapps.android.rokutv","Roku Remote TV: Control & Cast","ANDROID_WEAR"
""com.space.galaxy.galaxy3d.watchface.wear","3D Galaxy Watch Face","ANDROID_WEAR"
""com.nosixfive.nemesis","Jump Drive: Get Away","ANDROID_WEAR"
""com.appgenix.bizcal","Business Calendar 2 Planner","ANDROID_WEAR"
""com.row_counter","My Row Counter: Knit & Crochet","ANDROID_WEAR"
""com.recreative.recreative01","Minimal & Simple Watch - RE","ANDROID_WEAR"
""com.urbandroid.lux","Twilight: Blue light filter","ANDROID_WEAR"
""com.nhn.android.search","네이버 - NAVER","ANDROID_WEAR"
""com.centr.app","Centr: Personal Training App","ANDROID_WEAR"
""com.watch.richface.challenger","Challenger Watch Face","ANDROID_WEAR"
""fr.thema.wear.watch.minimalistpixel","Simple Pixel Watch Face","ANDROID_WEAR"
""de.mdiener.rain.usa","Rain Alarm","ANDROID_WEAR"
""com.watchfacedesigns.Vanish","Vanishing Hour - Watch Face","ANDROID_WEAR"
""com.customsolutions.android.alexa","Ultimate Alexa Voice Assistant","ANDROID_WEAR"
""com.hidglobal.mobilekeys.android.v3","HID Mobile Access","ANDROID_WEAR"
""com.nosixfive.verto","Cosmo Run","ANDROID_WEAR"
""com.ifs.banking.fiid1589","Old National Bank","ANDROID_WEAR"
""grit.storytel.app","Storytel: Audiobooks & Ebooks","ANDROID_WEAR"
""com.zeopoxa.fitness.cycling.bike","Cycling app — Bike Tracker","ANDROID_WEAR"
""com.razeeman.util.simpletimetracker","Simple Time Tracker","ANDROID_WEAR"
""com.linku.android.mobile_emergency.app.activity","CrisisGo","ANDROID_WEAR"
""secureauth.android.token","SecureAuth Authenticate","ANDROID_WEAR"
""com.watchfacestudio.md266","MD266 Classic Watch Face","ANDROID_WEAR"
""com.google.android.marvin.talkback","Android Accessibility Suite","ANDROID_WEAR"
""de.stocard.stocard","Stocard - Rewards Cards Wallet","ANDROID_WEAR"
""com.hole19golf.hole19.beta","Hole19 Golf GPS & Range Finder","ANDROID_WEAR"
""com.infinitygames.connection","Connection: Logic Games","ANDROID_WEAR"
""com.wear.smartwatch.morn","Wear App for Smartwatch","ANDROID_WEAR"
""com.somyac.watch.translator","Translator (Wear OS)","ANDROID_WEAR"
""com.fastsoft.game2048w","2048 for smart watch","ANDROID_WEAR"
""com.watchfacestudio.sg_61","SG-61","ANDROID_WEAR"
""watch.richface.androidwear.fazer","Fazer Watch Face","ANDROID_WEAR"
""com.sparkistic.photowear","PhotoWear Classic Watch Face","ANDROID_WEAR"
""com.c25k","C25K® - 5K Running Trainer","ANDROID_WEAR"
""com.furyapps.scoreswidget","Scores Widget","ANDROID_WEAR"
""com.watchfacestudio.ballozi.skynox.watchface","Ballozi SKYNOX Analog","ANDROID_WEAR"
""com.samsung.sree","Samsung Global Goals","ANDROID_WEAR"
""com.watchfacestudio.per015","Sport Watch Face PER015 Luna","ANDROID_WEAR"
""com.hct2.nursegrid.android.web","NurseGrid: Nursing Calendar","ANDROID_WEAR"
""com.customsolutions.gptapp","PowerChat AI","ANDROID_WEAR"
""com.freemium.android.apps.gps.coordinates","My GPS Coordinates","ANDROID_WEAR"
""com.wikiloc.wikilocandroid","Wikiloc - Trails of the World","ANDROID_WEAR"
""com.kodiak.kodiakgolf","Kodiak Golf | Scorecard + GPS","ANDROID_WEAR"
""com.roblox.client","Roblox","GAME_ADVENTURE"
""com.miHoYo.GenshinImpact","Genshin Impact: Natlan Launch","GAME_ADVENTURE"
""com.nianticlabs.pokemongo","Pokémon GO","GAME_ADVENTURE"
""com.iwi.toolevolution","Tool Evolution: Mine & Evolve","GAME_ADVENTURE"
""com.candyroom.clubcraft","School Party Craft","GAME_ADVENTURE"
""com.byabyak.Tartar","The Legend of Tartar","GAME_ADVENTURE"
""com.sega.sprint","Sonic Forces: PvP Battle Race","GAME_ADVENTURE"
""com.innplaylabs.animalkingdomraid","Animals & Coins Adventure Game","GAME_ADVENTURE"
""com.AgainstGravity.RecRoom","Rec Room - Play with friends!","GAME_ADVENTURE"
""com.movile.playkids.pkxd","PK XD: Fun, friends & games","GAME_ADVENTURE"
""com.Chillgaming.oneState","One State RP - Role Play Life","GAME_ADVENTURE"
""com.ddup.zombiewaves.zw","Zombie Waves","GAME_ADVENTURE"
""com.nb.craft.prison.obby.escape","Craft Prison: Obby Escape","GAME_ADVENTURE"
""com.HoYoverse.hkrpgoversea","Honkai: Star Rail","GAME_ADVENTURE"
""com.dxx.firenow","Survivor.io","GAME_ADVENTURE"
""net.wooga.junes_journey_hidden_object_mystery_game","June's Journey: Hidden Objects","GAME_ADVENTURE"
""com.MegaJoy.LoveStory68","Star Girl: Love Story","GAME_ADVENTURE"
""com.kgs.housedesigner","House Designer : Fix & Flip","GAME_ADVENTURE"
""com.tinybuildgames.hndiaries","Hello Neighbor Nicky's Diaries","GAME_ADVENTURE"
""com.xgamesgroup.puzzleisland","Island Hoppers: Jungle Farm","GAME_ADVENTURE"
""com.superbinogo.jungleboyadventure","Super Bino Go:Adventure Jungle","GAME_ADVENTURE"
""com.greenmushroom.boomblitz.gp","Top Heroes: Kingdom Saga","GAME_ADVENTURE"
""com.peekaphone.app","Peek a Phone - Detective Game","GAME_ADVENTURE"
""com.mmircil.cnb2","Crafting and Building","GAME_ADVENTURE"
""com.fansipan.epic.stickman.survival.rpg.idle.game","Epic Stickman: RPG Idle War","GAME_ADVENTURE"
""com.bitgamesoft.TommyRun","Super Mano Bros - Jungle World","GAME_ADVENTURE"
""com.tellurionmobile.realmcraft","Mini Block Craft Realm Craft","GAME_ADVENTURE"
""com.royal.hero.lord.of.sword","Royal Hero: Lord of Swords","GAME_ADVENTURE"
""com.rockstargames.gtalcs","GTA: Liberty City Stories","GAME_ADVENTURE"
""com.tinyco.potter","Harry Potter: Hogwarts Mystery","GAME_ADVENTURE"
""com.ta.strike.ops","FPS Strike Ops : Modern Arena","GAME_ADVENTURE"
""com.loltap.farmland","Farm Land - Farming life game","GAME_ADVENTURE"
""com.nb.obby.block.lava.parkour.mod","Obby Block World: Lava Fall","GAME_ADVENTURE"
""com.blackpanther.ninjaarashi2","Ninja Arashi 2","GAME_ADVENTURE"
""com.artifexmundi.mopa1.gp","Unsolved: Hidden Mystery Games","GAME_ADVENTURE"
""com.tinybuildgames.helloneighbor","Hello Neighbor","GAME_ADVENTURE"
""com.hoyoverse.cloudgames.GenshinImpact","Genshin Impact · Cloud","GAME_ADVENTURE"
""com.miniit.save.the.guy.game","Save the Guy: Funny Choice","GAME_ADVENTURE"
""com.upjers.zoo2animalpark","Zoo 2: Animal Park","GAME_ADVENTURE"
""com.pixelfederation.solve.mystery.puzzle.adventure","Puzzle Adventure: Mystery Tale","GAME_ADVENTURE"
""com.CAYN.TowerOfHellObby","Obby Parkour: Runner Game","GAME_ADVENTURE"
""org.nanobit.hollywood","Hollywood Story®: Fashion Star","GAME_ADVENTURE"
""monkey.mobile.arena","Monkey Mobile Arena","GAME_ADVENTURE"
""com.heliogames.westland","Westland Survival: Cowboy Game","GAME_ADVENTURE"
""com.mytona.seekersnotes.android","Seekers Notes: Hidden Objects","GAME_ADVENTURE"
""com.bitgamesoft.SuperBillyBros","Super Billy Bros - Jump & Run","GAME_ADVENTURE"
""com.playrix.manormatters","Manor Matters","GAME_ADVENTURE"
""com.slay.pengu","Pengu - Virtual Pets","GAME_ADVENTURE"
""com.one.m2.world","Super Jungle Bros: Tribe Boy","GAME_ADVENTURE"
""ru.skanersoft.house","Bunker: Zombie Survival Games","GAME_ADVENTURE"
""air.com.darkdome.beyond.the.room","Beyond the Room","GAME_ADVENTURE"
""com.oneway.Deathcoming","Death Incoming!","GAME_ADVENTURE"
""com.one.m1.world","Pop's World - Running game","GAME_ADVENTURE"
""com.goodville.goodgame","Goodville: Farm Game Adventure","GAME_ADVENTURE"
""com.wb.goog.legoswtfa","LEGO® Star Wars™: TFA","GAME_ADVENTURE"
""com.playkot.adventure","Spring Valley: Farm Game","GAME_ADVENTURE"
""com.MegaJoy.PrisonBreak68","Prison Break: Stick Story","GAME_ADVENTURE"
""com.Earthkwak.Platformer","Super Bear Adventure","GAME_ADVENTURE"
""com.multicraft.game","MultiCraft — Build and Mine!","GAME_ADVENTURE"
""com.nianticlabs.pikmin","Pikmin Bloom","GAME_ADVENTURE"
""com.pridegames.risenhero","Last Hero: Shooter vs. Horde","GAME_ADVENTURE"
""com.playrix.mysterymatters","Mystery Matters","GAME_ADVENTURE"
""com.sgs.antiterrorism.counterattack.commandomissiongame","FPS Commando Shooting Games","GAME_ADVENTURE"
""com.blackpanther.ninjaarashi","Ninja Arashi","GAME_ADVENTURE"
""com.haiku.adventure.escape.game.mystery.stories","Adventure Escape Mysteries","GAME_ADVENTURE"
""biggiant.prisonescape","Prison Escape Puzzle Adventure","GAME_ADVENTURE"
""com.loadcomplete.slimeidle","Legend of Slime: Idle RPG War","GAME_ADVENTURE"
""com.arireuh.mcpeaddons","4Craft : Addons for MCPE","GAME_ADVENTURE"
""com.enteriosoft.extremebalancer3","Extreme Balancer 3","GAME_ADVENTURE"
""com.Deven.PerfectArcher3D","Hit Perfect 3D","GAME_ADVENTURE"
""com.jagex.oldscape.android","Old School RuneScape","GAME_ADVENTURE"
""com.gamesunion.idleracingtycoon","Idle Racing Tycoon-Car Games","GAME_ADVENTURE"
""com.starstable.ssom","Star Stable Online","GAME_ADVENTURE"
""com.Khadiev.SirenHeadHorrorGame","Siren horror: Big head game 3d","GAME_ADVENTURE"
""free.os.jump.superbros.adventure.world","Bob's World - Super Bob Run","GAME_ADVENTURE"
""com.tragsoft.coromon","Coromon","GAME_ADVENTURE"
""com.blyts.nobodiescrypto","Nobodies: Silent Blood","GAME_ADVENTURE"
""com.aidungeon","AI Dungeon","GAME_ADVENTURE"
""com.prettysimple.criminalcaseandroid","Criminal Case","GAME_ADVENTURE"
""jp.co.muse.matsuro","Death Palette","GAME_ADVENTURE"
""com.techyonic.textbasedrpg","An Elmwood Trail - Crime Story","GAME_ADVENTURE"
""com.budgestudios.googleplay.ThomasAndFriendsMagicalTracks","Thomas & Friends: Magic Tracks","GAME_ADVENTURE"
""com.crazylabs.hotel.transylvania.adventure","Hotel Transylvania Adventures","GAME_ADVENTURE"
""com.eyesthegame.eyes","Eyes Horror & Coop Multiplayer","GAME_ADVENTURE"
""com.action.platformer.kungfu.panda.stick","Panda Master: Legend of Kungfu","GAME_ADVENTURE"
""com.blyts.nobodies","Nobodies: Murder Cleaner","GAME_ADVENTURE"
""com.FireTotemGames.AWebbingJourney","A Webbing Journey Demo","GAME_ADVENTURE"
""com.al.airport","Airplane Game Flight Simulator","GAME_ADVENTURE"
""com.BlissGames.Juego23","Web Hero","GAME_ADVENTURE"
""com.feralinteractive.alienisolation_android","Alien: Isolation","GAME_ADVENTURE"
""com.pantelisdev.cowboyvalley","Cowboy Valley: Idle RPG Texas","GAME_ADVENTURE"
""com.DefaultCompany.HoboLife","Street Dude - Homeless Empire","GAME_ADVENTURE"
""com.adventure.super.machino.go","Super Machino: adventure game","GAME_ADVENTURE"
""air.com.darkdome.the.ghost.mistery","Ghost Case","GAME_ADVENTURE"
""com.fingersoft.legohillclimbadventures","LEGO® Hill Climb Adventures","GAME_ADVENTURE"
""com.xd.craft.school.monster","Craft School: Monster Madness","GAME_ADVENTURE"
""com.mobiloids.findjoe.mystery_of_the_stones.margaret","Find Joe: Secret of The Stones","GAME_ADVENTURE"
""games.rivvy.eternalherorpg","Eternal Hero","GAME_ADVENTURE"
""tser.omolgame.free","The Secret Elevator Remastered","GAME_ADVENTURE"
""com.g5e.hiddencity.android","Hidden City: Hidden Object","GAME_ADVENTURE"
""com.xd.craft.school","Craft School: Monster Class","GAME_ADVENTURE"
""com.budgestudios.TransformersRescueBotsHeroAdventures","Transformers Rescue Bots: Hero","GAME_ADVENTURE"
""com.naturalmotion.clumsyninja","Clumsy Ninja","GAME_ADVENTURE"
""air.com.darkdome.girlinthewindow","The Girl in the Window","GAME_ADVENTURE"
""com.moyu.diguorensheng_taiwan","Empire Rebooted Rpg Game","GAME_ADVENTURE"
""com.bbtv.shilohbros","Shiloh & Bros Impostor Chase","GAME_ADVENTURE"
""com.kongregate.mobile.throwdown.google","Animation Throwdown: Epic CCG","GAME_ADVENTURE"
""com.lobstargames.dungeon.idle.rpg","Dungeon Sisters : IDLE RPG","GAME_ADVENTURE"
""com.shadow.war.legend.slime.idle.rpg.survival.game","Shadow War: Idle RPG Survival","GAME_ADVENTURE"
""com.game.hero.survival.war","Hero Survival IO","GAME_ADVENTURE"
""obby.prison","Obby Prison Escape from Barry","GAME_ADVENTURE"
""com.mg0.perfect_heroes","Questbound","GAME_ADVENTURE"
""com.geda.matino","Super Matino - Adventure Game","GAME_ADVENTURE"
""com.hfg.darkventures","Escape Room: Mystery Legacy","GAME_ADVENTURE"
""com.eg.horrortale2","Horror Tale 2: Samantha","GAME_ADVENTURE"
""com.game.two.legend.ninja.warrior","Kaz Warrior 2: Warzone & RPG","GAME_ADVENTURE"
""com.ShondurasInc.AdleysPlaySpace","Adley's PlaySpace","GAME_ADVENTURE"
""com.mgif.ball.v","Ball V - Red Boss Challenge","GAME_ADVENTURE"
""com.g5e.sherlock.android","Sherlock・Hidden Object Mystery","GAME_ADVENTURE"
""air.com.moviestarplanet.roboblastplanet","BlockStarPlanet","GAME_ADVENTURE"
""com.gear2.growslayer","Slayer Legend : Idle RPG","GAME_ADVENTURE"
""com.nordcurrent.murderisland","Murder by Choice: Mystery Game","GAME_ADVENTURE"
""com.GalacticSlice.OneBitAdventure","OneBit Adventure (Roguelike)","GAME_ADVENTURE"
""com.fansipan.monster.slayer.idle.rpg.legends.war.games","Monster Slayer: Offline Games","GAME_ADVENTURE"
""animal.summon.master","Animal Master: Hardcore Safari","GAME_ADVENTURE"
""com.tohsoft.arashi.ninja.shadow","Ninja warrior: legend of adven","GAME_ADVENTURE"
""com.gameloft.android.ANMP.GloftDOHM","Dragon Mania Legends","GAME_ADVENTURE"
""com.es.uptogether","Chained Together","GAME_ADVENTURE"
""com.fun.marvelat.strikeforce.heroes","Pro Sniper: PvP Gunfight 3D","GAME_ADVENTURE"
""com.dillointeractive.bloodcult","My Little Blood Cult *Spooky*","GAME_ADVENTURE"
""com.zgame.legendwarriorsbattleofgod","Legend Warriors: Battle of God","GAME_ADVENTURE"
""com.fivebn.trickydoors","Tricky Doors","GAME_ADVENTURE"
""com.spongegranny.scarysponge.horrorgranny","Horror Sponge Granny V1.8","GAME_ADVENTURE"
""air.com.lunime.wonderend0","WonderEnd 0","GAME_ADVENTURE"
""com.teamone.rnb3","Stick Red and Blue 3","GAME_ADVENTURE"
""com.eg.deathpark2","Death Park 2: Horror Clown","GAME_ADVENTURE"
""com.dorian.playtogether","Dorian: Comics Game Platform","GAME_ADVENTURE"
""pl.idreams.cotd","Creatures of the Deep: Fishing","GAME_ADVENTURE"
""com.keplerians.icescream4","Ice Scream 4: Rod's Factory","GAME_ADVENTURE"
""com.escape.adventure.scary2","Scary Horror 2: Escape Games","GAME_ADVENTURE"
""com.dhzSoft.SuperBobbysAdventure","Super Bobby Bros :Running Game","GAME_ADVENTURE"
""com.limebolt.idlepirate","Bounty Bash","GAME_ADVENTURE"
""com.playmini.miniworld","Mini World: CREATA","GAME_ADVENTURE"
""com.euphoricbrothersgames.gartenofbanban","Garten of Banban","GAME_ADVENTURE"
""com.zatg.scary.clown.horrorgames","Freaky Clown : Town Mystery","GAME_ADVENTURE"
""com.jmsc.fableai","FableAI - Endless RPG","GAME_ADVENTURE"
""com.gb.monkey.arena.games","Monkey Arena Tag Mayhem Games","GAME_ADVENTURE"
""com.frogmind.badland","BADLAND","GAME_ADVENTURE"
""com.bravestars.redandblue.stickman.adventure","Red & Blue Adventure","GAME_ADVENTURE"
""com.lastquarterstudios.catsareliquidabp","Cats are Liquid - ABP","GAME_ADVENTURE"
""games.tatsumaki.jellyadventure","Jelly Adventure","GAME_ADVENTURE"
""com.hitcents.drawastickmanepic3","Draw a Stickman: EPIC 3","GAME_ADVENTURE"
""com.keplerians.icescream5","Ice Scream 5 Friends: Mike","GAME_ADVENTURE"
""com.cgs.us.police.transform.robot.shark.game","Shark Robot Car Transform Game","GAME_ADVENTURE"
""com.special.strike.shooter.sss","Special Strike Shooter","GAME_ADVENTURE"
""air.HardTime","Hard Time","GAME_ADVENTURE"
""air.com.RustyLake.CubeEscapeCollection","Cube Escape Collection","GAME_ADVENTURE"
""com.vincellstudios.hiddenescapelosttemple","Hidden Escape Mysteries","GAME_ADVENTURE"
""com.gameinsight.gplay.mmanor","Mystery Manor: hidden objects","GAME_ADVENTURE"
""com.keplerians.icescream6","Ice Scream 6 Friends: Charlie","GAME_ADVENTURE"
""com.snapbreak.lip","Lost in Play","GAME_ADVENTURE"
""com.armnomads.hamstermazer","Hamster Maze","GAME_ADVENTURE"
""com.shonengames.shonenbladegame","Shonen Blade","GAME_ADVENTURE"
""com.Avecom.PlayforGrannyorGrandpaorSlendrina","Play for Grandma 4 Grandpa","GAME_ADVENTURE"
""air.SuperCity","Super City","GAME_ADVENTURE"
""com.breakthrough.backpacktrial","Backpack Trial","GAME_ADVENTURE"
""com.candyrufusgames.survivalcraft2trial","Survivalcraft 2 Day One","GAME_ADVENTURE"
""io.hyperhug.mr.slice","Mr. Slice","GAME_ADVENTURE"
""kathreynharris.hedgehog.run","Run Hedgehog Run","GAME_ADVENTURE"
""com.senspark.mine.build.block.craft.free.game","Build Block Craft","GAME_ADVENTURE"
""com.dead.zombies.insideescape.survival","Escape Story Inside Game","GAME_ADVENTURE"
""com.neutronized.slimelabs2","Slime Labs 2","GAME_ADVENTURE"
""com.g5e.twilight.land.hidden.object.android","Twilight Land: Hidden Objects","GAME_ADVENTURE"
""com.LunariteStudio.WastelandStory","Wasteland Story : Survival RPG","GAME_ADVENTURE"
""com.MegaJoy.Rescue","Rescue The Lover","GAME_ADVENTURE"
""com.SushiStudios.BackroomsDescent","Backrooms Descent: Horror Game","GAME_ADVENTURE"
""com.grekhotel.scarynight.fivenight","Scary Nights At Grek's Hotel","GAME_ADVENTURE"
""com.skygo.stickman.exilehero","Stickmen Exile Fighter","GAME_ADVENTURE"
""com.tinyco.familyguy","Family Guy The Quest for Stuff","GAME_ADVENTURE"
""com.gh.airplane.simulator.flightpilot.game","Airplane Flight Game Simulator","GAME_ADVENTURE"
""com.fivebn.md1.f2p","Mystery Detective Adventure","GAME_ADVENTURE"
""com.birdydogstudio.oceanishome","Ocean Is Home: Survival Island","GAME_ADVENTURE"
""com.YovoGames.paintinganimals","Animal coloring pages","GAME_ADVENTURE"
""com.xd.craft.alphabet","Pixel ABCD: Escape Game","GAME_ADVENTURE"
""com.funqueue.android.cog1","Op Clash Mobile","GAME_ADVENTURE"
""com.nature.eternalempire","Eternal Empire","GAME_ADVENTURE"
""com.onegame.petsave.doggame.drawpuzzle","Save the Doge","GAME_ADVENTURE"
""com.xd.craft.ender.monster","Craft Guys: Stumble Run","GAME_ADVENTURE"
""com.Chaos.LegendaryMonster","Legends of Monster:Idle RPG","GAME_ADVENTURE"
""com.HonestChronicle.ViragoMobile","Virago: Herstory","GAME_ADVENTURE"
""com.g5e.homicidesquadpg.android","Homicide Squad: New York Cases","GAME_ADVENTURE"
""com.sh.stickman.parkour.race.jump","Stick-man Parkour Run","GAME_ADVENTURE"
""com.vipgame.stickwarsuper","Stick Legions: Infinite","GAME_ADVENTURE"
""com.caracolu.aznana","AZNANA","GAME_ADVENTURE"
""com.ta.offline.bullet.force","Bullet Strike:Offline Shooting","GAME_ADVENTURE"
""com.tps.battleground.unknown.shooting.freefire.royal","Call of World War Fire Duty","GAME_ADVENTURE"
""com.seikami.slime.village","Slime Village","GAME_ADVENTURE"
""run.anime.nextbots","Nextbot online: Evade nextbots","GAME_ADVENTURE"
""com.westover.mechzombie","Merge Mech vs. Zombie Brawl","GAME_ADVENTURE"
""com.bf.call.commando.shooting.games","Call Of IGI Commando: Mob Duty","GAME_ADVENTURE"
""com.vitastudio.mahjong","Vita Mahjong","GAME_BOARD"
""com.scopely.monopolygo","MONOPOLY GO!","GAME_BOARD"
""and.lihuhu.woober","Woodber - Classic Number Game","GAME_BOARD"
""air.com.buffalo_studios.newflashbingo","Bingo Blitz™️ - Bingo Games","GAME_BOARD"
""com.pixel.art.coloring.color.number","Happy Color®: Coloring Book","GAME_BOARD"
""com.kiwifun.game.android.mahjong","Mahjong Solitaire - Master","GAME_BOARD"
""com.gamovation.mahjongclub","Mahjong Club - Solitaire Game","GAME_BOARD"
""com.tfgco.apps.coloring.free.color.by.number","Color by Number：Coloring Games","GAME_BOARD"
""com.mystery.hidden.objects.find.clue.puzzle.games.free","Hidden Folks: Scavenger Hunt","GAME_BOARD"
""com.tapcolor.color.coloring.number.paint.free","Color Oasis - Color by Number","GAME_BOARD"
""com.chess","Chess - Play and Learn","GAME_BOARD"
""happy.paint.coloring.color.number","Zen Color - Color By Number","GAME_BOARD"
""com.playvalve.yatzy","Yatzy - Fun Classic Dice Game","GAME_BOARD"
""com.iceors.colorbook.release","Coloring Book: Color by Number","GAME_BOARD"
""mahjong.free.games","Mahjong for Seniors","GAME_BOARD"
""com.yatzy.blitz.dice.roll.game","Yatzy Blitz: Classic Dice Game","GAME_BOARD"
""com.funcraft.diceyatzy","Dice Yatzy - Classic Fun Game","GAME_BOARD"
""and.brainworks.nummatch","NumMatch: Logic Puzzle","GAME_BOARD"
""com.fiogonia.dominoes","Dominos Game Classic Dominoes","GAME_BOARD"
""coloring.color.number.happy.paint.art.drawing.puzzle","Tap Color Pro: Color By Number","GAME_BOARD"
""com.meta.inno.sticker","StickerHub - Mono GO Stickers","GAME_BOARD"
""paint.by.number.pixel.art.coloring.drawing.puzzle","Paint by Number: Coloring Game","GAME_BOARD"
""com.splendapps.checkmate","Chess","GAME_BOARD"
""com.LoopGames.Domino","Dominoes","GAME_BOARD"
""onet.tile.match.puzzle.android","Onet Puzzle - Tile Match Game","GAME_BOARD"
""com.mintgames.jigsawmaster","Jigsaw Master - Jigsaw Puzzles","GAME_BOARD"
""mahjong.solitaire.card.games.free.senior.match.puzzle","Mahjong Solitaire Classic Game","GAME_BOARD"
""com.gamovation.chessclubpilot","Chess - Offline Board Game","GAME_BOARD"
""com.art.pixel.pet.games.paint.color.by.numbers","Halloween Coloring Game Book","GAME_BOARD"
""com.fairy.tale.happy.paint.by.number.coloring.game","Fairytale Color by number game","GAME_BOARD"
""com.jetstartgames.chess","Chess","GAME_BOARD"
""com.yatzy.classic.dice.duel.game","Yatzy GO! Classic Dice Game","GAME_BOARD"
""com.painting.book.colorme","ColorMe - Painting Book","GAME_BOARD"
""com.playvalve.tm","Tilescapes Match - Puzzle Game","GAME_BOARD"
""com.color.by.numbers.halloween.painting","Fluid Art:Color By Number","GAME_BOARD"
""com.playvalve.tc","Tilescapes - Onnect Match Game","GAME_BOARD"
""classic.relax.happy.color.by.number.game","Color Up - Color By Number","GAME_BOARD"
""spider.classic.solitaire.card.pgmaker","Spider Solitaire","GAME_BOARD"
""com.mandala.pattern.happy.paint.by.number.coloring.game","Mandala Color by Number Book","GAME_BOARD"
""com.ludo.king","Ludo King®","GAME_BOARD"
""com.bingo.cruise.free.best.top.game","Bingo Voyage - Live Bingo Game","GAME_BOARD"
""com.art.pixel.bible.games.paint.color.by.numbers","Bible Color Paint By Number","GAME_BOARD"
""solitaire.classic.klondike.patience.card.game","Beauty Solitaire - Card Games","GAME_BOARD"
""com.cooking.bingo.ldkwh","Bingo Frenzy™-Live Bingo Games","GAME_BOARD"
""air.com.spicerackmedia.bingoshowdown","Bingo Showdown - Classic Bingo","GAME_BOARD"
""and.lihuhu.findmatch","Triple Find - Match Triple 3D","GAME_BOARD"
""com.mintgames.memorycolor","Memory Color - Paint by Number","GAME_BOARD"
""com.vitastudio.color.paint.free.coloring.number","Vita Color for Seniors","GAME_BOARD"
""com.paint.by.numbers.coloring.pages.blend.coloring","Adult Sexy Coloring Games","GAME_BOARD"
""loppipoppi.dominoes","Dominoes: Classic Dominos Game","GAME_BOARD"
""com.coloring.games.color.by.number","Retro Style Coloring Games","GAME_BOARD"
""com.mintgames.fancycolorpro","Fancy Color - Paint By Number","GAME_BOARD"
""com.playvalve.dominoes","Dominoes Master: Classic Game","GAME_BOARD"
""com.coloring.games.paint.by.number.magic.color","Tattoo Coloring games","GAME_BOARD"
""com.scopely.yux","YAHTZEE With Buddies Dice Game","GAME_BOARD"
""com.art.pixel.vivid.games.paint.color.by.numbers","Vivid Color Paint By Number","GAME_BOARD"
""com.country.farm.happy.paint.coloring.game","Country Farm Coloring Book","GAME_BOARD"
""com.numpuzzles.number.riddle.puzzle.numpuz.paint","Street Art-Color by number","GAME_BOARD"
""solitaire.arcadegames.freecard.solitaireplus.epic.klodike","Solitaire - Classic Card Game","GAME_BOARD"
""com.iceors.color.joy","Anima Color for Seniors","GAME_BOARD"
""st.ows.chess","Chess Master: Board Game","GAME_BOARD"
""com.gown.happy.paint.by.number.coloring.game","Gown Color by Number Book","GAME_BOARD"
""air.com.bitrhymes.bingo","Bingo Bash: Live Bingo Games","GAME_BOARD"
""com.paint.by.numbers.color.fun","Anime Cosplay Coloring Pages","GAME_BOARD"
""com.pop.happy.art.paint.by.number.coloring.game","Pop Color - Paint by number","GAME_BOARD"
""com.courage.ludo","Lama Ludo-Ludo&Chatroom","GAME_BOARD"
""com.moonfrog.ludo.club","Ludo Club - Dice & Board Game","GAME_BOARD"
""solitaire.card.games.klondike.solitaire.classic.free","Solitaire","GAME_BOARD"
""com.fiogonia.yatzy","Yazy the yatzy dice game","GAME_BOARD"
""com.mintgames.adultcoloring","Adult Color - Paint by Number","GAME_BOARD"
""com.art.pixel.beauty.girl.games.paint.color.by.numbers","Nostalgia Color by number game","GAME_BOARD"
""com.kiaora.dominoes","Dominoes Classic Dominos Game","GAME_BOARD"
""com.easybrain.backgammon.board.games","Backgammon - Board Game","GAME_BOARD"
""ru.skillcap.dominoes","Domino - Dominos online game","GAME_BOARD"
""com.paint.by.number.pixel.art.coloring.pages","Dark, Horror Color by Number","GAME_BOARD"
""com.board.free.number.match.puzzle.game.emoji.match","Halloween Color by Number Game","GAME_BOARD"
""com.jellybtn.boardkings","Board Kings: Board Dice Games","GAME_BOARD"
""com.coloring.games.color.by.numbers","Graffiti Quote Color by number","GAME_BOARD"
""spider.solitaire.classic.solitaire.card.games","Spider Solitaire, large cards","GAME_BOARD"
""spider.solitaire.card.bgames","Spider Solitaire Card Game","GAME_BOARD"
""com.dream.home.house.happy.paint.by.number.coloring.game","Dream Home Coloring book","GAME_BOARD"
""tile.master.connect.matching.game","3 Tiles - Tile Matching Games","GAME_BOARD"
""com.coloring.game.black.app.by.number","Black Family Coloring Games","GAME_BOARD"
""com.microjoy.number.crush.match.numberzilla.ten.saga.puzzle","Number Crush: Match Ten Puzzle","GAME_BOARD"
""com.arcadiastudio.mahjong.puzzle","Arcadia Mahjong","GAME_BOARD"
""com.solitaire.jianhuan.card","Witt Solitaire - Card Games","GAME_BOARD"
""com.boardworld","Board World - All in one game","GAME_BOARD"
""com.weplaydots.twodotsandroid","Two Dots: Fun Dot & Line Games","GAME_BOARD"
""com.paint.by.numbers.coloring.pages.christmas","Halloween Witch Coloring Games","GAME_BOARD"
""com.dg.turbonuke.bingo.quest.summer.garden","Bingo Quest: Summer Adventure","GAME_BOARD"
""com.DefaultCompany.MergeShark","Merge Sharks","GAME_BOARD"
""link.merge.puzzle.onnect.number","Tile Connect - Matching Games","GAME_BOARD"
""and.lihuhu.mahjongtriple3d","Mahjong Triple 3D -Tile Match","GAME_BOARD"
""com.superking.parchisi.star","Parchisi STAR Online","GAME_BOARD"
""com.dimcoms.checkers","Checkers","GAME_BOARD"
""com.alpg.bingo","Bingo Classic - Bingo Games","GAME_BOARD"
""com.yalla.yallagames","Yalla Ludo - Ludo&Domino","GAME_BOARD"
""com.color.by.numbers.dark.skull","Dark Skeleton Color by number","GAME_BOARD"
""com.art.pixel.travel.games.paint.color.by.numbers","Miniature Color By Number Game","GAME_BOARD"
""com.coloring.book.paint.by.number.sing2","Death Park Coloring Games","GAME_BOARD"
""com.tilemaster.puzzle.block.match","Tile Master® - Triple Match","GAME_BOARD"
""com.uken.BingoPop","Bingo Pop: Play Live Online","GAME_BOARD"
""air.ynfo.stickergo","Sticker GO!","GAME_BOARD"
""com.paint.by.numbers.coloring.book","Silver Color: Color by number","GAME_BOARD"
""com.coloring.book.paint.by.number","Black Color : Color By Number","GAME_BOARD"
""com.pixel.art.coloring.color.number.paint.wolf","Cute Color:Color By Number","GAME_BOARD"
""com.playcus.crosstitchcoloringart","Cross Stitch Coloring Art","GAME_BOARD"
""com.theangrykraken.bingo","Bingo Odyssey - Offline Games","GAME_BOARD"
""com.bingo.tour.party.crazy.free","Bingo Party - Lucky Bingo Game","GAME_BOARD"
""com.gm11.bingocraze","Bingo Aloha-Bingo tour at home","GAME_BOARD"
""com.godlike.vigormahjong","Vigor Mahjong","GAME_BOARD"
""com.coloring.games.coloring.book.paint.by.numbers","Cars, Transport Coloring Games","GAME_BOARD"
""and.lihuhu.tiletriple3d","Tile Triple 3D","GAME_BOARD"
""com.coloring.book.color.by.numbers.painting","Movie Color, Color by number","GAME_BOARD"
""com.kingsofgames.chessuniverse","Chess Universe - Play Online","GAME_BOARD"
""com.gamovation.quickcheckers","Checkers - Online & Offline","GAME_BOARD"
""classic.card.solitaire.pgmaker","Solitaire Classic Card","GAME_BOARD"
""com.agedstudio.board.game.dominoes","Dominoes","GAME_BOARD"
""io.yarsa.games.ludo","Ludo","GAME_BOARD"
""com.match.ten.wood.number.relax.wooden.puzzle","Wood Number - Match Ten Games","GAME_BOARD"
""com.moonfrog.parchisi.club","Parchis CLUB - Pro Ludo","GAME_BOARD"
""com.painting.book.color.by.numbers.painting.us","Farm Country Color By Number","GAME_BOARD"
""com.mintgames.colorpainting","Color Painting-Color by Number","GAME_BOARD"
""linkdesks.tile.match.story","Tile Story: Match Puzzle Game","GAME_BOARD"
""com.zimad.domino.rivals","Domino Rivals - Board game","GAME_BOARD"
""com.severex.bingo.lottery.number","Bingo Lotto: Win Lucky Number","GAME_BOARD"
""com.xten.starfall","Chess Royale - Play and Learn","GAME_BOARD"
""com.mahjong.solitaire.zen.match.tile.relax.onet.puzzle","Mahjong Solitaire - Zen Match","GAME_BOARD"
""com.dg.puzzlebrothers.mahjong.halloween","Mahjong - Monster Mania","GAME_BOARD"
""com.mahjong.solitaire.tile.match.mahjongclub.onet.link.puzzle","Mahjong Solitaire - Tile Match","GAME_BOARD"
""com.hasbro.riskbigscreen","RISK: Global Domination","GAME_BOARD"
""live.fun.bingo.online.story.casino.free.game.android","Bravo Bingo-Lucky Bingo Game","GAME_BOARD"
""animal.connect.relax.match.puzzle","Animal Onet- Tile Connect","GAME_BOARD"
""com.panda.mahjong.classic.tile.match.relaxing.puzzle","Panda Mahjong - Classic Tile","GAME_BOARD"
""and.brainworks.mbz","Mall Blitz","GAME_BOARD"
""color.by.number.coloring.paint.puzzle.pixel.art.drawing.painting.games.kids.adults.fun.pictures","Color Master - Color by Number","GAME_BOARD"
""com.miniclip.chess","Chess Clash: Online & Offline","GAME_BOARD"
""uk.co.aifactory.chessfree","Chess","GAME_BOARD"
""com.genixgames.block.puzzle.gems","Block Puzzle - Gems Adventure","GAME_BOARD"
""com.enchantedpixel.bingo","Bingo - Enchanted Bingo Games","GAME_BOARD"
""com.coloring.book.festival.paint.by.numbers","Betty Boop Vintage Coloring","GAME_BOARD"
""com.mobilityware.Dominoes","Dominoes: Classic Tile Game🂑","GAME_BOARD"
""com.free.drawing.coloring.book.paint.by.number","Color Spark Color By Number","GAME_BOARD"
""and.lihuhu.threedotscollectemall","3 Dots - Connect em all","GAME_BOARD"
""com.artlife.coloringbook","Colorscapes® - Color by Number","GAME_BOARD"
""com.yy.toki.mahjong.solitaire.free","Toki Mahjong Games For Seniors","GAME_BOARD"
""com.bingo.wild.android","Bingo Wild - Animal BINGO Game","GAME_BOARD"
""org.lichess.mobileapp","lichess • Free Online Chess","GAME_BOARD"
""com.creative.cross.stitch.relaxing.game","Cross Stitch Joy","GAME_BOARD"
""com.paint.coloring.book.pixel.color.number.puzzle","Daily Color - Color By Number","GAME_BOARD"
""pl.lukok.draughts","Checkers Online","GAME_BOARD"
""com.TikGames.DominoMaster","Domino Master - Play Dominoes","GAME_BOARD"
""backgammon.classic.free.online.live.gamao","Backgammon Online Classic","GAME_BOARD"
""com.playcus.artbook.paint.colorbynumber","Art Book Paint Color by Number","GAME_BOARD"
""com.agedstudio.board.aged.color.coloring.number.art.paint.draw","Aged Color","GAME_BOARD"
""com.ludo.master.hippo","Ludo Master™ - Ludo Board Game","GAME_BOARD"
""com.sngict.dominoes","Dominoes - Offline Domino Game","GAME_BOARD"
""com.LoopGames.Yatzy","Yatzy","GAME_BOARD"
""com.supercosi.cosiyatzy","Yatzy Royale","GAME_BOARD"
""com.superking.ludo.star","Ludo STAR: Online Dice Game","GAME_BOARD"
""com.creative.sandbox.number.drawning.coloring","Color by Number ®: No.Draw","GAME_BOARD"
""ludo.tycoon.online.board.game","Ludo Go: Online Board Game","GAME_BOARD"
""puzzle.pixel.art.coloring.drawing.sandbox.free.painting.games.kids.adults.fun","Pixel Coloring-Color by number","GAME_BOARD"
""com.staplegames.yatzy","Yatzy","GAME_BOARD"
""and.dinlygo.tilepair3d","Tile Pair 3D - Tile Connect 3D","GAME_BOARD"
""com.wooduko.wood.block.puzzle","Wood Block Doku","GAME_BOARD"
""de.smuttlewerk.fleetbattle","Fleet Battle - Sea Battle","GAME_BOARD"
""air.com.beachbumgammon","Backgammon - Lord of the Board","GAME_BOARD"
""com.blackout.backgammon","Backgammon: Dice Board Game","GAME_BOARD"
""com.inkgames.prizekingdoms","Prize Kingdoms - Real Prizes!","GAME_BOARD"
""com.artlife.color.number.coloring.book","Colorswipes® - Color by Number","GAME_BOARD"
""block.puzzle.girls","Block Girls","GAME_BOARD"
""com.sng.yatzy","Yatzy - Offline Dice Games","GAME_BOARD"
""com.sudoku.number.puzzle.board.game.brain.android.slover.free.master","Sudoku-Classic Brain Puzzle","GAME_BOARD"
""com.arcadiastudio.onet.match.puzzle","Arcadia Onet Match","GAME_BOARD"
""com.tellmewow.senior.bingo","Bingo","GAME_BOARD"
""com.zariba.domino","Domino Duel - Online Dominoes","GAME_BOARD"
""dominoes.game.free.domino.online.dominos","Domino Classic Online","GAME_BOARD"
""com.playcus.crossstitchcoloringbook","Cross-Stitch: Coloring Book","GAME_BOARD"
""com.wejoy.jackaroo","Jackaroo King","GAME_BOARD"
""com.gameberrylabs.backgammonfriends","Backgammon Friends Online","GAME_BOARD"
""ludo.bead.online.board.game","Ludo Super: Fun Board Game","GAME_BOARD"
""live.party.bingo.free.vegas.online.jackpot.casino.game","Live Party™ Bingo - Bingo Wave","GAME_BOARD"
""subra.v2.app","سوبرا","GAME_BOARD"
""com.funkoscream","Scream The Game","GAME_BOARD"
""com.pcoloring.art.puzzle.color.by.number","Art Coloring - Color by Number","GAME_BOARD"
""and.lihuhu.matchpair3d","Match Pair 3D - Matching Game","GAME_BOARD"
""uk.co.aifactory.backgammonfree","Backgammon","GAME_BOARD"
""legendary.hero.bingo.online.free.android","Legendary Hero Bingo","GAME_BOARD"
""com.ngoc.tictactoe2player","Tic Tac Toe & All Board Games","GAME_BOARD"
""com.chess.chesscoach","Learn Chess with Dr. Wolf","GAME_BOARD"
""com.casual.color.paint.number.art.happy.coloring.puzzle","Casual Color - Color by Number","GAME_BOARD"
""tic.tac.toe.xo.xoxo.two.player.ox","OX Game - XOXO · Tic Tac Toe","GAME_BOARD"
""com.dupuz.checkers.checkmate","Chess Kingdom : Online Chess","GAME_BOARD"
""com.paint.coloring.book.sexy.adult.color.number","Adult Sexy Color Paint Games","GAME_BOARD"
""com.paint.color.by.number.coloring.pages.pixel.art","Calm Color Coloring games","GAME_BOARD"
""com.dg.puzzlebrothers.mahjong.mysterymansion","Mahjong: Secret Mansion","GAME_BOARD"
""com.theangrykraken.fourinarow","Four in a Row - 2 Player","GAME_BOARD"
""com.rummikubfree","Rummikub®","GAME_BOARD"
""chess.online.offline.real.checkmate.king.ai.board.logic.strategy","Chess - Classic Chess Offline","GAME_BOARD"
""com.google.android.apps.bard","Google Gemini","PRODUCTIVITY"
""com.openai.chatgpt","ChatGPT","PRODUCTIVITY"
""pdf.pdfreader.viewer.editor.free","PDF Reader - PDF Viewer","PRODUCTIVITY"
""com.instabridge.android","Instabridge: WiFi Map","PRODUCTIVITY"
""com.documentsviewer.all","All Documents Viewer","PRODUCTIVITY"
""com.adobe.reader","Adobe Acrobat Reader: Edit PDF","PRODUCTIVITY"
""com.xfinity.digitalhome","Xfinity","PRODUCTIVITY"
""ai.chat.gpt.bot","ChatOn - AI Chat Bot Assistant","PRODUCTIVITY"
""com.google.android.apps.docs.editors.docs","Google Docs","PRODUCTIVITY"
""com.hp.printercontrol","HP Smart","PRODUCTIVITY"
""com.google.android.apps.docs.editors.sheets","Google Sheets","PRODUCTIVITY"
""com.microsoft.office.outlook","Microsoft Outlook","PRODUCTIVITY"
""com.antivirus.viruscleaner.mobilesecurity","Antivirus: Virus Cleaner, Junk","PRODUCTIVITY"
""com.microsoft.office.word","Microsoft Word: Edit Documents","PRODUCTIVITY"
""smart.air.printer","Smart Print - Air Printer App","PRODUCTIVITY"
""com.dropbox.android","Dropbox: Secure Cloud Storage","PRODUCTIVITY"
""com.scaleup.chatai","AI Chatbot - Nova","PRODUCTIVITY"
""com.intsig.camscanner","CamScanner- scanner, PDF maker","PRODUCTIVITY"
""com.teacapps.barcodescanner","QR & Barcode Reader","PRODUCTIVITY"
""com.microsoft.office.officehubrow","Microsoft 365 (Office)","PRODUCTIVITY"
""com.microsoft.copilot","​​Microsoft Copilot","PRODUCTIVITY"
""applock.lockapps.fingerprint.password.applocker","App Lock - Fingerprint Lock","PRODUCTIVITY"
""com.google.android.apps.subscriptions.red","Google One","PRODUCTIVITY"
""com.notes.todolist.notebook.checklist.notepad.android","Notes Launcher: Notepad, To-do","PRODUCTIVITY"
""com.google.android.calendar","Google Calendar","PRODUCTIVITY"
""com.okta.android.auth","Okta Verify","PRODUCTIVITY"
""com.aol.mobile.aolapp","AOL: Email News Weather Video","PRODUCTIVITY"
""com.google.android.apps.docs.editors.slides","Google Slides","PRODUCTIVITY"
""com.google.android.apps.tasks","Google Tasks","PRODUCTIVITY"
""com.freevpnplanet","Free VPN Proxy by Planet VPN","PRODUCTIVITY"
""com.att.shm","Smart Home Manager","PRODUCTIVITY"
""pdf.tap.scanner","PDF Scanner app - TapScanner","PRODUCTIVITY"
""com.ezt.pdfreader.pdfviewer","PDF Reader – PDF Viewer","PRODUCTIVITY"
""com.appswing.qr.barcodescanner.barcodereader","QR Scanner - Barcode Scanner","PRODUCTIVITY"
""pdf.reader.pdfviewer.pdfeditor","PDF Reader - PDF Viewer","PRODUCTIVITY"
""notes.notepad.checklist.calendar.todolist.notebook","Notepad, Notes, Easy Notebook","PRODUCTIVITY"
""com.documentreader.free.viewer.all","All Document Reader","PRODUCTIVITY"
""com.avg.cleaner","AVG Cleaner – Storage Cleaner","PRODUCTIVITY"
""com.microsoft.appmanager","Link to Windows","PRODUCTIVITY"
""com.codespaceapps.aichat","Chatbot AI & Smart Assistant","PRODUCTIVITY"
""com.google.android.keep","Google Keep - Notes and Lists","PRODUCTIVITY"
""all.documentreader.filereader.office.viewer","Document Reader & PDF Editor","PRODUCTIVITY"
""email.home.allmail.launcher","Email Lite - Smart Mail","PRODUCTIVITY"
""com.an.wifimaster.showwifipassword.wifianalyzer","Wifi Password: Auto Connect","PRODUCTIVITY"
""com.microsoft.office.excel","Microsoft Excel: Spreadsheets","PRODUCTIVITY"
""com.calendar2019.hindicalendar","Calendar 2024","PRODUCTIVITY"
""alldocumentreader.office.viewer.filereader","Document Reader - PDF Editor","PRODUCTIVITY"
""com.docusign.ink","Docusign - Upload & Sign Docs","PRODUCTIVITY"
""ai.perplexity.app.android","Perplexity - Ask Anything","PRODUCTIVITY"
""com.cardsapp.android","Cards - Mobile Wallet","PRODUCTIVITY"
""com.trustedapp.qrcodebarcode","QR Scanner - Barcode Reader","PRODUCTIVITY"
""com.hp.android.printservice","HP Print Service Plugin","PRODUCTIVITY"
""com.ibragunduz.applockpro","Applock Pro - App Lock & Guard","PRODUCTIVITY"
""todolist.scheduleplanner.dailyplanner.todo.reminders","To-Do List - Schedule Planner","PRODUCTIVITY"
""com.grammarly.android.keyboard","Grammarly-AI Writing Assistant","PRODUCTIVITY"
""com.microsoft.outlooklite","Microsoft Outlook Lite: Email","PRODUCTIVITY"
""com.unrollme","Unroll.Me - Email Cleanup","PRODUCTIVITY"
""com.mlink.ai.chat.assistant.robot","AI Chat・Ask Chatbot Assistant","PRODUCTIVITY"
""com.coffeebeanventures.easyvoicerecorder","Easy Voice Recorder","PRODUCTIVITY"
""applock.lockapps.fingerprint.password.lockit","App Lock - Applock Fingerprint","PRODUCTIVITY"
""com.clockhome.android.clock.alarm","Clock Launcher: Set Alarms","PRODUCTIVITY"
""com.smart.net.secure","NET SECURE - Smooth Proxy","PRODUCTIVITY"
""com.anthropic.claude","Claude by Anthropic","PRODUCTIVITY"
""com.calendarlauncher.calendar.agenda.planner.schedule.events.android","Calendar Launcher","PRODUCTIVITY"
""mega.privacy.android.app","MEGA","PRODUCTIVITY"
""me.id.auth","ID.me Authenticator","PRODUCTIVITY"
""translate.voice.translator.camera.translation.free.all.language.app","Translate - Translator","PRODUCTIVITY"
""com.microsoft.office.onenote","Microsoft OneNote: Save Notes","PRODUCTIVITY"
""com.microsoft.skydrive","Microsoft OneDrive","PRODUCTIVITY"
""com.mmm.postit","Post-it®","PRODUCTIVITY"
""com.authenticator.app.starnest","Authenticator App","PRODUCTIVITY"
""com.atomczak.notepat","Notepad - simple notes","PRODUCTIVITY"
""com.google.android.apps.googleassistant","Google Assistant","PRODUCTIVITY"
""com.duokelike.box","Antivirus - PhoneMaster","PRODUCTIVITY"
""ai.chat.app","Chatbot - AI Smart Assistant","PRODUCTIVITY"
""private.internet.access.vpn.lumos","VPN Lumos: Secure VPN & Proxy","PRODUCTIVITY"
""notion.id","Notion: Notes, Tasks, AI","PRODUCTIVITY"
""com.tsheets.android.hammerhead","QuickBooks Workforce","PRODUCTIVITY"
""com.alphainventor.filemanager","File Manager","PRODUCTIVITY"
""com.netgear.netgearup","NETGEAR Nighthawk WiFi Router","PRODUCTIVITY"
""com.microsoft.office.powerpoint","Microsoft PowerPoint","PRODUCTIVITY"
""cn.wps.moffice_eng","WPS Office-PDF,Word,Sheet,PPT","PRODUCTIVITY"
""com.joinsaturn.android1","Saturn Calendar","PRODUCTIVITY"
""ar.com.basejuegos.simplealarm","Simple Alarm Clock","PRODUCTIVITY"
""com.verizon.contenttransfer","Content Transfer","PRODUCTIVITY"
""com.google.android.apps.docs","Google Drive","PRODUCTIVITY"
""com.codeway.chatapp","Ask AI - Chat with AI Chatbot","PRODUCTIVITY"
""im.monica.app.monica","Monica AI: Chat, Create, Read","PRODUCTIVITY"
""word.office.docxviewer.document.docx.reader","Word Office - Docx Viewer","PRODUCTIVITY"
""com.app.security.antivirus.gp","File Cleaner & Antivirus","PRODUCTIVITY"
""com.utilitiesandtool.pdfreader","PDF Reader: Read all PDF files","PRODUCTIVITY"
""com.supervpn.vpn.free.proxy","VPN Proxy Speed - Super VPN","PRODUCTIVITY"
""com.wix.android","Spaces: Follow Businesses","PRODUCTIVITY"
""note.notesapp.notebook.notepad.stickynotes.colornote","Notes: Color Notepad, Notebook","PRODUCTIVITY"
""com.tylertech.myridek12","My Ride K-12","PRODUCTIVITY"
""com.leonfiedler.voiceai","Voices AI: Voice Changer AI","PRODUCTIVITY"
""free.translate.all.language.translator","Translate All Languages","PRODUCTIVITY"
""com.socialnmobile.dictapps.notepad.color.note","ColorNote Notepad Notes","PRODUCTIVITY"
""com.apalon.myclockfree","Alarm Clock for Me","PRODUCTIVITY"
""com.newgeneration.translator.speech.translate.languages.text.voice.translation","Translate- Language Translator","PRODUCTIVITY"
""easynotes.notes.notepad.notebook.privatenotes.note","Easy Notes - Note Taking Apps","PRODUCTIVITY"
""shareit.lite","SHAREit Lite - Fast File Share","PRODUCTIVITY"
""journal.notes.planner.starnest","Journal: Notes, Planner, PDFs","PRODUCTIVITY"
""com.docxreader.documentreader.wordoffice","All Document Reader & Viewer","PRODUCTIVITY"
""com.glority.everlens","Mobile Scanner App - Scan PDF","PRODUCTIVITY"
""com.chrome.beta","Chrome Beta","PRODUCTIVITY"
""com.krode.translate","Krode Translation(Camera,Text)","PRODUCTIVITY"
""com.calendar.schedule.event","Calendar","PRODUCTIVITY"
""com.pdffiller","pdfFiller Edit, fill, sign PDF","PRODUCTIVITY"
""com.sat.swiftaccessvpn.app","SwiftAccess VPN","PRODUCTIVITY"
""com.evernote","Evernote - Note Organizer","PRODUCTIVITY"
""com.microsoft.translator","Microsoft Translator","PRODUCTIVITY"
""com.signnow.android","signNow: Sign & Fill PDF Docs","PRODUCTIVITY"
""screen.mirroring.tv.cast","Cast to TV - Mirroring","PRODUCTIVITY"
""com.officedocument.word.docx.document.viewer","Office Word Reader: PDF, DOCX","PRODUCTIVITY"
""com.easilydo.mail","Email - Fast & Secure Mail","PRODUCTIVITY"
""com.xdev.docxreader.docx.docxviewer.document.doc.office.viewer.reader.word","Office App - Word, DOCX, PDF","PRODUCTIVITY"
""com.microsoft.todos","Microsoft To Do: Lists & Tasks","PRODUCTIVITY"
""com.pdf.editor.viewer.pdfreader.pdfviewer","PDF Reader and Photo to PDF","PRODUCTIVITY"
""imagetopdf.pdfmaker.pdfconverter.pdfreader","Image to PDF - PDF Maker","PRODUCTIVITY"
""com.cox.android.mobileconnect","Cox","PRODUCTIVITY"
""com.smartwidgetlabs.chatgpt","AI Chat Smith Smart Assistant","PRODUCTIVITY"
""pdf.reader.all.pdfviewer.pdfeditor","PDF Reader Pro- All PDF Viewer","PRODUCTIVITY"
""co.blocksite","BlockSite: Block Apps & Sites","PRODUCTIVITY"
""com.best.free.vpn.proxy","Ostrich VPN - Proxy Unlimited","PRODUCTIVITY"
""com.dencreak.dlcalculator","ClevCalc - Calculator","PRODUCTIVITY"
""calendar.agenda.calendarplanner.agendaplanner","Calendar Planner - Agenda App","PRODUCTIVITY"
""md.obsidian","Obsidian","PRODUCTIVITY"
""pdfscanner.scan.pdf.scanner.free","ACE Scanner - PDF Scanner App","PRODUCTIVITY"
""io.cleanfox.android","Cleanfox - Mail & Spam Cleaner","PRODUCTIVITY"
""ac.voicenote.voicerecorder.audio","Voice Recorder","PRODUCTIVITY"
""com.github.android","GitHub","PRODUCTIVITY"
""com.cozi.androidfree","Cozi Family Organizer","PRODUCTIVITY"
""works.jubilee.timetree","TimeTree - Shared Calendar","PRODUCTIVITY"
""com.wix.admin","Wix Owner - Website Builder","PRODUCTIVITY"
""com.norton.genieapp","Norton Genie: AI Scam Detector","PRODUCTIVITY"
""com.simplemobiletools.calendar","Simple Calendar","PRODUCTIVITY"
""com.habitrpg.android.habitica","Habitica: Gamify Your Tasks","PRODUCTIVITY"
""droom.sleepIfUCan","Alarmy - Alarm Clock & Sleep","PRODUCTIVITY"
""herclr.frmdist.bstsnd","Hearing Clear: Sound Amplifier","PRODUCTIVITY"
""com.beanstudiohq.vpn","VPN Pro - Fast & Secure VPN","PRODUCTIVITY"
""com.clockalarms.worldclock","Alarm Clock - Smart Alarm","PRODUCTIVITY"
""com.pdf.note.reader","PDF Note Reader","PRODUCTIVITY"
""com.code.use","QR Elite-Code Linker","PRODUCTIVITY"
""com.dufftranslate.cameratranslatorapp21","Duff Translate, Cam Translator","PRODUCTIVITY"
""net.one97.selfcare.globacom","Glo Cafe Nigeria","PRODUCTIVITY"
""com.myuvo.link","Kia Access","PRODUCTIVITY"
""com.x8bit.bitwarden","Bitwarden Password Manager","PRODUCTIVITY"
""com.wa.status.app.downloader.photo.video.status","Save Video Status - Status App","PRODUCTIVITY"
""com.stationdm.bluelink","MyHyundai with Bluelink","PRODUCTIVITY"
""com.language.translate.all.voice.translator","All Language Translate App","PRODUCTIVITY"
""com.fazconapps.backup.restore.data","Cloud Storage: Cloud Drive App","PRODUCTIVITY"
""com.yoti.mobile.android.live","Yoti - your digital identity","PRODUCTIVITY"
""com.wifispotsmater.wifimaps.wifianalyzer","WiFi Password Show WiFi Master","PRODUCTIVITY"
""io.wifimap.wifimap","WiFi Map®: Internet, eSIM, VPN","PRODUCTIVITY"
""io.elevenlabs.readerapp","ElevenLabs Reader: AI Audio","PRODUCTIVITY"
""com.doublegood.nativeapp","Double Good","PRODUCTIVITY"
""com.ministrycentered.PlanningCenter","Planning Center Services","PRODUCTIVITY"
""com.mobile.file.scrub","File Scrub Master","PRODUCTIVITY"
""com.simple.scientific.calculatorapp.math","Basic Calculator For Android","PRODUCTIVITY"
""com.savy.translate","Savy Translate:Voice&Photo","PRODUCTIVITY"
""com.samsung.android.app.notes","Samsung Notes","PRODUCTIVITY"
""com.trello","Trello: Manage Team Projects","PRODUCTIVITY"
""authenticator.app.otp.mfa.authentication","Authenticator App - 2FA","PRODUCTIVITY"
""cz.mobilesoft.appblock","AppBlock - Block Apps & Sites","PRODUCTIVITY"
""com.aisecurity","AI Security","PRODUCTIVITY"
""com.trustedapp.pdfreaderpdfviewer","PDF Reader: Ebook PDFs Reader","PRODUCTIVITY"
""com.hide.applock.protect.vaultg.fingerlock.free","Lock Apps - App Lock, Password","PRODUCTIVITY"
""com.onepassword.android","1Password: Password Manager","PRODUCTIVITY"
""com.poe.android","Poe - Fast AI Chat","PRODUCTIVITY"
""com.pdf.reader.editor.fill.sign","PDF Editor: PDF Fill & Sign","PRODUCTIVITY"
""to.hover.android.app","Hover - measure, design, quote","PRODUCTIVITY"
""com.scanteam.qrcodereader","QR & Barcode Reader","PRODUCTIVITY"
""com.cox.panowifi","Cox Panoramic Wifi","PRODUCTIVITY"
""com.zillow.postlet","Zillow Rental Manager","PRODUCTIVITY"
""com.tdr3.hs.android.cfa","HS Team","PRODUCTIVITY"
""com.documentreader.filereader.documenteditor","All Document Reader and Editor","PRODUCTIVITY"
""imagetopdf.pdfconverter.jpgtopdf.pdfeditor","Image to PDF - PDF Maker","PRODUCTIVITY"
""com.funnyvideo.comedystatus.freeapp","Snake Funny - Short Videos","PRODUCTIVITY"
""com.microsoft.office.officelens","Microsoft Lens - PDF Scanner","PRODUCTIVITY"
""org.mopria.printplugin","Mopria Print Service","PRODUCTIVITY"
""com.aisense.otter","Otter Transcribe Voice Notes","PRODUCTIVITY"
""com.microsoft.sharepoint","Microsoft SharePoint","PRODUCTIVITY"
""com.todoist","Todoist: Planner & Calendar","PRODUCTIVITY"
""com.qqlabs.minimalistlauncher","minimalist phone: Screen Time","PRODUCTIVITY"
""com.microsoft.whiteboard.publicpreview","Microsoft Whiteboard","PRODUCTIVITY"
""com.sec.app.samsungprintservice","Samsung Print Service Plugin","PRODUCTIVITY"
""qrcodereader.barcodescanner.scan.qrscanner","QR Scanner: Barcode Scanner","PRODUCTIVITY"
""com.eco.note","Notes - Notepad, Note taking","PRODUCTIVITY"
""com.yygg.note.app","Notewise - Notes & PDF","PRODUCTIVITY"
""hueledlight.remotecontrol.smartapp","Led Light Controller Home App","PRODUCTIVITY"
""com.teamviewer.quicksupport.market","TeamViewer QuickSupport","PRODUCTIVITY"
""com.naturalsoft.personalweb","NaturalReader - Text to Speech","PRODUCTIVITY"
""com.chatbot.ai.aichat.openaibot.chat","AI Chat: Ask AI Chat Anything","PRODUCTIVITY"
""com.shippity","Shippity - Package Tracker","PRODUCTIVITY"
""com.alarmclock.xtreme.free","Alarm Clock Xtreme & Timer","PRODUCTIVITY"
""com.butterflymx.butterflymx","ButterflyMX","PRODUCTIVITY"
""evolly.ai.chatbot.chatgpt","Ask Me Anything - AI Chatbot","PRODUCTIVITY"
""com.rsupport.mvagent","Mobizen Screen Recorder","PRODUCTIVITY"
""chatgpt.ai.chatbot.open.chat.gpt.bot.writer.assistant","ChatBox: AI Chat Bot Assistant","PRODUCTIVITY"
""com.playvalve.solitaire","Solitaire - Classic Card Game","GAME_CARD"
""solitaire.patience.card.games.klondike.free","Solitaire - Classic Card Games","GAME_CARD"
""com.evergreen.games.card.solitaire.free","Solitaire - 2024","GAME_CARD"
""com.smilerlee.klondike","Solitaire","GAME_CARD"
""com.solitaire.fish.klondike.card.aquarium","Solitaire 3D Fish","GAME_CARD"
""com.matteljv.uno","UNO!™","GAME_CARD"
""com.tripledot.solitaire","Solitaire: Classic Card Games","GAME_CARD"
""net.supertreat.solitaire","Solitaire Grand Harvest","GAME_CARD"
""com.catdaddy.phoenix","NFL 2K Playmakers Card Battler","GAME_CARD"
""com.playvalve.spades","Spades Stars - Card Game","GAME_CARD"
""com.newpubco.klondikesolitaire","Solitaire: Classic Card Game","GAME_CARD"
""com.kamagames.blackjack","Blackjack 21: Blackjackist","GAME_CARD"
""com.gimica.solitaireverse","Solitaire Verse","GAME_CARD"
""com.game.whatdoyoumeme","Meme Challenge: Dank Memes","GAME_CARD"
""com.blackout.spades","Spades - Card Game","GAME_CARD"
""com.playvalve.solitaire.spider","Spider Solitaire - Card Games","GAME_CARD"
""com.homa.free.solitaire.card.game","Classic Solitaire - Klondike","GAME_CARD"
""solitaire.klondike.classic.card.games","Solitaire, Classic Card Game","GAME_CARD"
""solitaire.puzzlemaker.solitaire.klondike.cardgame.patience","Solitaire","GAME_CARD"
""com.agedstudio.card.solitaire.klondike","Solitaire","GAME_CARD"
""com.playtika.wsop.gp","WSOP Poker: Texas Holdem Game","GAME_CARD"
""com.happy.solitaire.card.puzzles","Jolly Solitaire - Card Games","GAME_CARD"
""com.mobilityware.spider","Spider Solitaire: Card Games","GAME_CARD"
""com.solitaire.daily.challenge.card.game","Solitaire, Klondike Card Games","GAME_CARD"
""com.mobilityware.solitaire","Solitaire - Classic Card Games","GAME_CARD"
""com.kidultlovin.royalsolitaire","Jenny Solitaire - Card Games","GAME_CARD"
""com.solitaire.blast.puzzle","Classic Solitaire : Card Games","GAME_CARD"
""com.free.spider.solitaire.card.game","Spider Solitaire: Card Game","GAME_CARD"
""at.ner.SolitaireKlondike","Solitaire - Classic Card Games","GAME_CARD"
""com.mattel163.phase10","Phase 10: World Tour","GAME_CARD"
""com.gosub60.sol5","Solitaire Deluxe® 2","GAME_CARD"
""com.greyfun.card.solitaire.classic","Solitaire Classic","GAME_CARD"
""com.xiyou.puzzle.card.solitaire.classic","Solitaire Classic Card","GAME_CARD"
""com.fiogonia.gin","Gin Rummy *","GAME_CARD"
""solitaire.collection.klondike.card.games.free.game","Solitaire for Seniors Game","GAME_CARD"
""solitaire.solitairemaker.solitaire.klondike.card","Solitaire","GAME_CARD"
""beetles.puzzle.solitaire","Solitaire - Classic Card Games","GAME_CARD"
""com.newpubco.spades","Spades: Classic Card Game","GAME_CARD"
""com.mobilityware.Spades","Spades: Classic Card Games","GAME_CARD"
""com.bbumgames.opa","OPA! - Family Card Game","GAME_CARD"
""com.vitastudio.solitaire","Vita Solitaire for Seniors","GAME_CARD"
""com.vitastudio.spider","Vita Spider Solitaire","GAME_CARD"
""spider.solitaire.card.games.free.klondike.patience","Spider Solitaire Classic Games","GAME_CARD"
""com.brainium.solitairefree","Solitaire: Classic Card Games","GAME_CARD"
""com.mobilityware.MahjongSolitaire","Mahjong Solitaire","GAME_CARD"
""solitaire.classic.hungrystudio.free.klondike.card.patience","Solitaire Master!","GAME_CARD"
""com.mattel163.skipbo","Skip-Bo™: Solitaire Card Game","GAME_CARD"
""com.solitaire.classic.game","Classic Solitaire 2024","GAME_CARD"
""com.fiogonia.spades","Spades","GAME_CARD"
""net.peakgames.mobile.spades.android","Spades Plus - Card Game","GAME_CARD"
""com.zimad.spades","Spades Online - Card Game","GAME_CARD"
""com.neverold.solitaire.card.game.klondike","Solitaire","GAME_CARD"
""com.spades.solitaire.online.plus.offline.free.card.games","Spades Solitaire - Card Games","GAME_CARD"
""com.wizards.mtga","Magic: The Gathering Arena","GAME_CARD"
""com.sauceapp.solitaire.lite.klondike","Solitaire Lite","GAME_CARD"
""solitaire.spider.card.free.mania","Spider Solitaire Classic","GAME_CARD"
""com.mobilityware.MonopolySolitaire","MONOPOLY Solitaire: Card Games","GAME_CARD"
""com.kamagames.videopoker","Video Poker by Pokerist","GAME_CARD"
""com.klondike.solitaire.girls.puzzle.card","Solitaire Date-Girls Journey","GAME_CARD"
""com.solitaire.klondike.patience.ocean.aquarium","Solitaire","GAME_CARD"
""com.mintgames.solitaire.classic.card.game.free","Solitaire Classic","GAME_CARD"
""com.fugo.solitaire.tripeaks","Solitaire Sunday: Card Game","GAME_CARD"
""com.inforcegames.blackdeck","Black Deck - Card Battle CCG","GAME_CARD"
""com.mobilityware.PyramidFree","Pyramid Solitaire - Card Games","GAME_CARD"
""com.termggb.beimei","Titan War","GAME_CARD"
""spider.solitaire.card.games","Spider Solitaire","GAME_CARD"
""com.fancygame.solitaire.fish.girl","Solitaire - Passion Card Game","GAME_CARD"
""com.sciplay.solitairepuzzle","Solitaire Daily Break","GAME_CARD"
""cribbage.card.game.classic.board.offline.multiplayer.poker.dice.score","Cribbage - Card Game","GAME_CARD"
""com.mobilityware.CrazyEights","Crazy Eights","GAME_CARD"
""com.yy.solitaire.classic.card.game.free","Solitaire: Big Card Games","GAME_CARD"
""com.solitaire.card","Classic Solitaire","GAME_CARD"
""com.wonderpeople.megahitpoker.global","Mega Hit Poker: Texas Holdem","GAME_CARD"
""spades.classic.card.free.online.offline.multiplayer","Spades: Classic Card Game","GAME_CARD"
""solitaire.klondike.classic.patience.card.games","Solitaire","GAME_CARD"
""jp.konami.masterduel","Yu-Gi-Oh! Master Duel","GAME_CARD"
""com.zynga.livepoker","Zynga Poker- Texas Holdem Game","GAME_CARD"
""com.blackout.gin","Gin Rummy - Classic Card Game","GAME_CARD"
""com.gsn.android.tripeaks","Tiki Solitaire TriPeaks","GAME_CARD"
""com.mobilityware.freecell","FreeCell Solitaire: Card Games","GAME_CARD"
""linkdesks.classicsolitaire.klondike.cardgames","Solitaire Ocean","GAME_CARD"
""com.euchre.solitaire.plus.offline.free.card.games","Euchre - Card Game Offline","GAME_CARD"
""com.ordinaryjoy.solitaire.largecard","Daily Solitaire Classic Game","GAME_CARD"
""com.wildcard.spades","Spades Fever: Card Plus Royale","GAME_CARD"
""com.bigcake.android.solitairefish","Solitaire","GAME_CARD"
""klondike.solitaire.cardgames.puzzle.free.offline.freecell.spider","Solitaire Pal: Big Card","GAME_CARD"
""com.Solitaire.Card.MoneyGame.CashRewards","Solitaire - Win Real Money","GAME_CARD"
""com.tripledot.blackjack","Blackjack","GAME_CARD"
""com.duole.solitaire.romance.journey.patience.free.card.games","Solitaire Journey:Romance Time","GAME_CARD"
""com.solitaire.klondike.my.magic.dragon.friends.cardgames","Solitaire Dragons","GAME_CARD"
""com.mobilityware.SpiderGo","Spider Go: Solitaire Card Game","GAME_CARD"
""com.mobilityware.GinRummySolitaire","Gin Rummy Classic","GAME_CARD"
""solitaire.card.games.free.klondike.solitaire.classic.fun","Solitaire","GAME_CARD"
""spider.solitaire.play.classic.card.games.klondike.free.patience.garden","Spider Solitaire","GAME_CARD"
""com.standard.puzzle.solitaire","Solitaire - 2024","GAME_CARD"
""solitaire.collection.klondike.spider.card.games","Solitaire Collection","GAME_CARD"
""jp.konami.duellinks","Yu-Gi-Oh! Duel Links","GAME_CARD"
""spades.solitaire.card.games.free","Spades - Classic Card Game","GAME_CARD"
""com.staplegames.spades","Spades (Classic Card Game)","GAME_CARD"
""gin.rummy.ginrummy.free.online.offline.classic.card.game","Gin Rummy: Classic Card Game","GAME_CARD"
""com.mintgames.ace.solitaire","Mint Solitaire","GAME_CARD"
""spider.solitaire.classic.card.games.makeup","Spider Solitaire","GAME_CARD"
""com.kamagames.pokerist","Texas Hold'em Poker: Pokerist","GAME_CARD"
""com.ptfarm.pokerrrr","Pokerrrr 2: Texas Holdem Poker","GAME_CARD"
""com.gosub60.sol5spdr2","Spider Solitaire Deluxe® 2","GAME_CARD"
""com.ea.gp.pvzheroes","Plants vs. Zombies™ Heroes","GAME_CARD"
""com.reachjunction.card.game.solitaire","Solitaire","GAME_CARD"
""com.bbumgames.spadesroyale","Spades Royale","GAME_CARD"
""com.mobilityware.CastleSolitaire","Castle Solitaire: Card Game","GAME_CARD"
""linkdesks.classic.solitaire.klondike","Solitaire","GAME_CARD"
""com.hideseek.solacesolitaire","SolaceSolitaire","GAME_CARD"
""com.wildcard.classicspades","Spades Classic: Card Game","GAME_CARD"
""com.dna.solitaireapp","Solitaire - Classic Card Game","GAME_CARD"
""solitaire.nostal.cardgame.puzzle","Nostal Solitaire: Card Games","GAME_CARD"
""canasta.card.game.trick.rummy.poker.joker.online.multiplayer.offline.game","Canasta","GAME_CARD"
""com.microsoft.microsoftsolitairecollection","Microsoft Solitaire Collection","GAME_CARD"
""com.hearts.solitaire.plus.offline.free.card.games","Hearts: Classic Card Game","GAME_CARD"
""solitaire.collection.girls.klondike.spider","Solitaire Collection Girls","GAME_CARD"
""games.conifer.card.solitaire.klondike.free","Solitaire","GAME_CARD"
""com.yallaplay.spadesmasters","Spades Masters - Card Game","GAME_CARD"
""solitaire.card.classic.bgames","Solitaire Card Game","GAME_CARD"
""com.mobilityware.CrownSolitaire","Crown Solitaire: Card Game","GAME_CARD"
""spidersolitaire.card.games.klondike.solitaire.spider","Spider Solitaire","GAME_CARD"
""com.solitaire.klondike.beautiful.flower.butterfly.card.game","Solitaire Butterfly","GAME_CARD"
""com.winrgames.solitaire","Solitaire - Make Money","GAME_CARD"
""com.me2zen.tripeaks","Solitaire TriPeaks Journey","GAME_CARD"
""com.solitaire.patience.klondike.classic.card.games","Solitaire: Card Games","GAME_CARD"
""eu.mvns.games","BlackJack 21 - Online Casino","GAME_CARD"
""spider.solitaire.card.games.free.no.ads.klondike.solitare.patience.king","Spider Solitaire - Card Games","GAME_CARD"
""com.youxi.spades","Spades","GAME_CARD"
""com.bbumgames.rummystars","Gin Rummy Stars - Card Game","GAME_CARD"
""com.bingo.island.android","Bingo Island 2024 Club Bingo","GAME_CARD"
""com.fiogonia.hearts","Hearts - Card Game Classic","GAME_CARD"
""com.comunix.pokerface","Poker Face: Texas Holdem Poker","GAME_CARD"
""com.fbig.spades","Spades: The Classic Card Game","GAME_CARD"
""com.trivialtechnology.Cribbage","Ultimate Cribbage: Card Board","GAME_CARD"
""com.duole.klondike","Solitaire Classic:Card Game","GAME_CARD"
""com.zcmxd.pokergaga","PokerGaga: Texas Holdem Live","GAME_CARD"
""com.absolute.bingo","Absolute Bingo","GAME_CARD"
""com.youdagames.gop3multiplayer","Governor of Poker 3 - Holdem","GAME_CARD"
""com.mobilecardgames.solitaire","Solitaire","GAME_CARD"
""com.mobilityware.Hearts","Hearts: Card Game","GAME_CARD"
""linkdesks.solitaire.rescue.story","Solitaire Story","GAME_CARD"
""com.me2zen.tripeaks.v4.and","Solitaire Farm Adventure Games","GAME_CARD"
""game.card.solitaire.klondike.classic","Solitaire Classic Klondike","GAME_CARD"
""com.uken.solitaire.story","Solitaire Story - Ava's Manor","GAME_CARD"
""gin.rummy.plus.free.online.offline.classic.card.game","Gin Rummy -Gin Rummy Card Game","GAME_CARD"
""solitaire.tripeaks.farm.free.card.games.grand.harvest.garden","Solitaire Tripeaks - Farm Trip","GAME_CARD"
""solitaire.mahjongmaker.collection.card.solitaire.klondike","Solitaire","GAME_CARD"
""com.blizzard.wtcg.hearthstone","Hearthstone","GAME_CARD"
""solitaire.card.games.klondike.free.patience.classic.challenge","Solitaire Daily: Card Game","GAME_CARD"
""com.pokerstars.uspa","PokerStars Poker Real Money","GAME_CARD"
""com.alleylabs.battlegrounds","ARCANE RUSH: Battlegrounds","GAME_CARD"
""pinochle.card.game.trick.solitaire.spades.bridge.bid.meld.multiplayer.game","Pinochle","GAME_CARD"
""com.standard.puzzle.collection.solitaire","Solitaire Collection - 2024","GAME_CARD"
""net.peakgames.ginrummyplus","Gin Rummy Plus: Fun Card Game","GAME_CARD"
""linkdesks.classic.solitaire","Solitaire","GAME_CARD"
""com.braingames.solitairetriplematch","Solitaire Triple Match","GAME_CARD"
""com.runonetworks.correyseva","Baraja de Lotería Mexicana","GAME_CARD"
""com.slx.sollux","Solitaire Card & Luxury Design","GAME_CARD"
""com.youdagames.monopolypoker","MONOPOLY Poker - Texas Holdem","GAME_CARD"
""com.yy.classic.spider.big.card","Spider Solitaire Card Games","GAME_CARD"
""loppipoppi.ginrummy","Gin Rummy: Card Game Online","GAME_CARD"
""com.murka.scatterholdem","Texas Holdem - Scatter Poker","GAME_CARD"
""solitaire.collection.klondike.spider.freecell.tripeaks.pyramid.cardgame","Solitaire Collection","GAME_CARD"
""com.bbumgames.rummyrush","Rummy Rush - Classic Card Game","GAME_CARD"
""com.cardgame.klondike.solitaire.classic.freecell.basic","Solitaire -Klondike Card Games","GAME_CARD"
""nova.solitaire.patience.card.games.klondike.free","Classic Solitaire: Card Games","GAME_CARD"
""freecell.solitaire.free.cardgame.king.spades.klondike.no.ads.pro.patience","FreeCell Solitaire - Card Game","GAME_CARD"
""uk.co.aifactory.spadesfree","Spades","GAME_CARD"
""com.agedstudio.card.spider.solitaire","Spider Solitaire","GAME_CARD"
""spades.classic.card.game","Spades Classic Card Game","GAME_CARD"
""com.casheeno.cashqueen","Cash Queen - Real Money Games","GAME_CARD"
""com.videopoker.ultimate.x.poker.free","Ultimate X Poker™ Video Poker","GAME_CARD"
""com.forevernine.texaspoker.android","Holdem or Foldem - Texas Poker","GAME_CARD"
""at.ner.SolitaireSpider","Spider Solitaire","GAME_CARD"
""crazyeights.maumau.crazy8.free.online.offline.classic.card.game","ONE: Crazy 8s Style Game","GAME_CARD"
""com.boundless.jawaker","Jawaker Hand, Trix & Solitaire","GAME_CARD"
""com.fiogonia.canasta","Canasta *","GAME_CARD"
""com.brainium.spiderfree","Spider Solitaire","GAME_CARD"
""solitaire.tripeaks.blooming.scapes.adventure.story.flower.garden.harvest.farm","Solitaire Tripeaks : Blooming","GAME_CARD"
""com.agedstudio.card.solitaire.collection.classic","Aged Solitaire Collection","GAME_CARD"
""com.murka.solitaire.play.klondike","Solitaire Play - Card Klondike","GAME_CARD"
""com.crazy.dragon.hokm","Hokm حکم آنلاین: پاسور بازی","GAME_CARD"
""com.hiplay.solitaire.Fishland.free","Solitaire - Fishland","GAME_CARD"
""blackjack.casino.card.game","Blackjack 21: casino card game","GAME_CARD"
""com.gameeapp.android.app.solitaire","Treasure Solitaire: Cash Game","GAME_CARD"
""com.newpubco.spidersolitaire","Spider Solitaire: Classic Game","GAME_CARD"
""com.skrew.skroo.skru","Skru","GAME_CARD"
""com.trivialtechnology.Rummy500D","Rummy 500","GAME_CARD"
""com.easybrain.spider.solitaire","Spider Solitaire","GAME_CARD"
""com.rikkigames.solsuite","Classic Card Games Collection","GAME_CARD"
""solitaire.card.games.free.klondike.solitaire.fishdom.fish","Solitaire Daily","GAME_CARD"
""klondike.solitaire.card.games.free.patience.spider.freecell.classic","Klondike Solitaire - Patience","GAME_CARD"
""games.conifer.card.spider.solitaire.free","Spider Solitaire","GAME_CARD"
""com.staplegames.solitaireGP","Solitaire","GAME_CARD"
""com.sozeray.baccarat","Baccarat! ♠️ Real Baccarat Exp","GAME_CARD"
""callbreak.classic.card.free.online.offline.multiplayer","Callbreak: Classic Card Games","GAME_CARD"
""com.lemongame.freecell.solitaire","FreeCell Solitaire","GAME_CARD"
""io.yarsa.games.spades","Spades","GAME_CARD"
""com.canva.editor","Canva: Design, Art & AI Editor","ART_AND_DESIGN"
""com.facechanger.agingapp.futureself","Future Self Face Aging Changer","ART_AND_DESIGN"
""jp.ne.ibis.ibispaintx.app","ibis Paint X","ART_AND_DESIGN"
""com.adobe.spark.post","Adobe Express: AI Video Design","ART_AND_DESIGN"
""com.draw.sketch.ardrawing.trace.anime.paint","AR Drawing - Sketchar App","ART_AND_DESIGN"
""com.adsk.sketchbook","Sketchbook","ART_AND_DESIGN"
""com.vyroai.aiart","ImagineArt : AI Art Generator","ART_AND_DESIGN"
""com.logomaster.logomaker","Logo Master - Design & Maker","ART_AND_DESIGN"
""com.banix.drawsketch.animationmaker","Draw Animation - Anim Creator","ART_AND_DESIGN"
""com.circular.pixels","Pixelcut AI Photo Editor","ART_AND_DESIGN"
""co.appnation.interiordesigner","Arch - AI Home Design","ART_AND_DESIGN"
""com.vblast.flipaclip","FlipaClip: Create 2D Animation","ART_AND_DESIGN"
""ai.art.generator.paint.draw.photo","AI Art Generator: Photo, Draw","ART_AND_DESIGN"
""com.metacortext.tattoo.ai","Ink AI – Tattoo design maker","ART_AND_DESIGN"
""com.cem.flipartify","FlipArtify - Draw & Animations","ART_AND_DESIGN"
""com.feraset.livensa","AI Video Art Creator - Livensa","ART_AND_DESIGN"
""io.mewtant.pixaiart","PixAI: AI Anime Art Generator","ART_AND_DESIGN"
""com.artgenerator.texttoimage.aiart.outpaiting","Genius: AI Art Photo Editor","ART_AND_DESIGN"
""com.photoeditor.objectremover.bgeraser.aiphoto.enhancer","AI Photo Editor: BG Remover","ART_AND_DESIGN"
""com.tc.picrew.me","Picrew-Make your own Character","ART_AND_DESIGN"
""com.hubx.imagination","DaVinci - AI Image Generator","ART_AND_DESIGN"
""com.codespaceapps.aiartapp","AI Image Generator - Dali","ART_AND_DESIGN"
""com.cem.draw.animation","Animation Draw - Flipbook App","ART_AND_DESIGN"
""xyz.castle","Castle - Make and Pla‪y","ART_AND_DESIGN"
""com.hangoverstudios.faceswap.ai.art.avatar.generator","Face Swap Magic: AI Avatars","ART_AND_DESIGN"
""com.brakefield.painter","Infinite Painter","ART_AND_DESIGN"
""ai.video.generator","AI Video - AI Video Generator","ART_AND_DESIGN"
""com.ardrawing.drawingsketch.easydraw.trace","AR Drawing: Sketch, Art, Trace","ART_AND_DESIGN"
""com.drawing.pad.desk.app.coloring.book.paint.sketch","Drawing Apps: Draw, Sketch Pad","ART_AND_DESIGN"
""com.customuse.customuse","Customuse: Skins Maker Roblox","ART_AND_DESIGN"
""com.artimind.aiart.artgenerator.artavatar","Artimind: AI Art Generator","ART_AND_DESIGN"
""com.keego.ar.drawing.drawsketch.paint","AR Draw Sketch: Trace & Paint","ART_AND_DESIGN"
""com.raed.drawing","Sketchbook Lite - Artbook","ART_AND_DESIGN"
""com.azmobile.card.design.invitation.maker","Invitation Maker & Card Design","ART_AND_DESIGN"
""com.univenn.videogen","Sora - AI Video Generator","ART_AND_DESIGN"
""ai.aiart.aiartgenerator.creart","CreArt - AI Art Generator","ART_AND_DESIGN"
""jp.co.celsys.clipstudiopaint.googleplay","Clip Studio Paint","ART_AND_DESIGN"
""com.fototweak.ai.photo.enhancer.pixelup.photoeditor","FotoTweak - AI Image Generator","ART_AND_DESIGN"
""pl.planmieszkania.android","Floor Plan Creator","ART_AND_DESIGN"
""ai.reimage.remodel","Remodel AI - Home Renovation","ART_AND_DESIGN"
""com.zimad.magicpaintings","Magic Diamond Painting－Art App","ART_AND_DESIGN"
""com.codeway.wonder","Wonder - AI Art Generator","ART_AND_DESIGN"
""com.ardrawing.sketch.trace.paint.drawsketch.aipainting.paper","AR Draw Sketch: Trace & Paint","ART_AND_DESIGN"
""com.lightricks.photoleap","Photoleap: Photo Editor/AI Art","ART_AND_DESIGN"
""com.madcat.easyposer","Easy Pose - 3D pose making app","ART_AND_DESIGN"
""ar.drawing.sketch.paint.trace.draw.picture.paper","AR Drawing: Sketch & Paint","ART_AND_DESIGN"
""com.vyroai.animeart","Animagic: Anime Art Generator","ART_AND_DESIGN"
""com.microsoft.designer","Microsoft Designer","ART_AND_DESIGN"
""com.reart.ai.photo.android","ReArt AI: Art Photo Generator","ART_AND_DESIGN"
""com.appolo13.stickmandrawanimation","Stickman: draw animation maker","ART_AND_DESIGN"
""ai.generated.art.photo","Artist AI Art Photo Generator","ART_AND_DESIGN"
""com.prequelapp.oji","Oji: AI Avatar Photo Generator","ART_AND_DESIGN"
""com.eyewind.paperone","PaperColor","ART_AND_DESIGN"
""com.ardrawing.tracedrawing.drawingsketch.drawingapps","AR Drawing Sketch Paint","ART_AND_DESIGN"
""org.contentarcade.apps.logomaker","Logo Maker : Logo Creator","ART_AND_DESIGN"
""com.aitubo.image.creator","AI Photo Animator: Video Maker","ART_AND_DESIGN"
""com.gencraftandroid","Gencraft - AI Art Generator","ART_AND_DESIGN"
""com.axis.drawingdesk.v3","Drawing Desk: Draw, Paint Art","ART_AND_DESIGN"
""com.starryai","starryai - AI Art Generator","ART_AND_DESIGN"
""com.aige.hipaint","HiPaint -Sketch Draw Paint it!","ART_AND_DESIGN"
""com.ezwallpaper.flower.diy","Flower Language Wallpaper","ART_AND_DESIGN"
""aesthetic.wallpaper","aesthetic background","ART_AND_DESIGN"
""com.ai.polyverse.spell.pro","Spellai - AI Art Maker","ART_AND_DESIGN"
""com.inforcegames.app3dmodelling","3D Modeling App: Sculpt & Draw","ART_AND_DESIGN"
""com.crafto.android","Crafto","ART_AND_DESIGN"
""com.zxaeclub.codebyanju.project.drawingpadpro","Drawing Pad Pro - Sketchpad","ART_AND_DESIGN"
""com.ar.drawing.sketch.tracedrawing.tracingapp.artdrawing","AR Drawing - Trace Drawing App","ART_AND_DESIGN"
""com.PixelStudio","Pixel Studio: pixel art editor","ART_AND_DESIGN"
""com.zimad.mpixel","Magic Cross Stitch: Pixel Art","ART_AND_DESIGN"
""com.veraxen.colorbynumber.oilpainting","Color by Number for Adults","ART_AND_DESIGN"
""text.write.font.calligraphy.writer","Fonts - Logo Maker","ART_AND_DESIGN"
""com.dephotos.crello","VistaCreate: Graphic Design","ART_AND_DESIGN"
""com.diamond.painting.by.number","Diamond Painting by Number","ART_AND_DESIGN"
""com.tophatch.concepts","Concepts: Sketch, Note, Draw","ART_AND_DESIGN"
""art.tattoo.designs.photo.maker","Tattoo Maker - Tattoo Design","ART_AND_DESIGN"
""br.com.blackmountain.photo.tattoosimulator","Tattoo Simulator Tattoo Maker","ART_AND_DESIGN"
""print.svg.craft.graphic.design.studio","Design Maker For Space Art","ART_AND_DESIGN"
""com.agascreative.elposer3d","El Pose 3D","ART_AND_DESIGN"
""com.feraset.ink","AI Tattoo Maker - Ink","ART_AND_DESIGN"
""com.magicdoodleart.quickdrawingapp","Doodle Art: Magic Drawing App","ART_AND_DESIGN"
""com.OneManBand.PoseIt","Poseit","ART_AND_DESIGN"
""com.womboai.wombodream","WOMBO Dream - AI Art Generator","ART_AND_DESIGN"
""com.adobe.creativeapps.gather","Adobe Capture: Illustrator,Ps","ART_AND_DESIGN"
""com.stephaneginier.nomad","Nomad Sculpt","ART_AND_DESIGN"
""com.doodle.master.draw.glow.art","Doodle Master - Glow Art","ART_AND_DESIGN"
""com.storyfont.android","StoryFont for Instagram Story","ART_AND_DESIGN"
""com.digitalpalette.emojimaker","Emoji Maker Pro: Design Emojis","ART_AND_DESIGN"
""com.ardraw.sketchpaint.chibi","AR Draw Sketch & Paint","ART_AND_DESIGN"
""ai.generated.art.maker.image.picture.photo.generator.painting","ARTA: AI Art & Photo Generator","ART_AND_DESIGN"
""photocollage.photoeditor.layout.collagemaker.photo.grid","Photo Touch - AI Photo Edit","ART_AND_DESIGN"
""me.bazaart.app","Bazaart AI Photo Editor Design","ART_AND_DESIGN"
""com.covermaker.thumbnail.maker","Thumbnail Maker - Channel art","ART_AND_DESIGN"
""com.sec.penup","PENUP – Drawing-sharing SNS","ART_AND_DESIGN"
""com.pixilart.app","Pixilart - Make Pixel Art","ART_AND_DESIGN"
""draw.animation.flipbook.flipclip.animated.drawings","Flip Clip: 2D Draw Animation","ART_AND_DESIGN"
""com.appxstudio.blenderdoubleexposure","Blend Photo Editor & Effect","ART_AND_DESIGN"
""com.figma.mirror","Figma – prototype mirror share","ART_AND_DESIGN"
""com.qualitylogomaker.fflogomakernew","FF Logo Maker - Gaming Esport","ART_AND_DESIGN"
""com.banix.drawsketch.ardraw","AR Draw Sketch: Sketch & Trace","ART_AND_DESIGN"
""com.tapuniverse.aiartgenerator","AI Art Generator - AI Drawing","ART_AND_DESIGN"
""com.yenling.picpop","PicPop：Popular AI photo filter","ART_AND_DESIGN"
""com.ardrawingsketch.animetracesketch","ARDraw - Anime Trace & Sketch","ART_AND_DESIGN"
""video.faceswap.app","AI Face Swap Video App-Swapme","ART_AND_DESIGN"
""com.colorbynumber.unicorn.pixel.art.pokepix3.draw.paintbynumber","Pokepix Color By Number","ART_AND_DESIGN"
""com.simplemobiletools.draw","Simple Drawing - Sketchbook","ART_AND_DESIGN"
""com.appxstudio.esportlogo","Esports Gaming Logo Maker","ART_AND_DESIGN"
""com.toddler.coloring.book","Toddler Coloring Book","ART_AND_DESIGN"
""com.medibang.android.paint.tablet","MediBang Paint - Make Art !","ART_AND_DESIGN"
""com.coloring.asmr.draw.alphabet.lore.number.block.emoji","Coloring Paint: ASMR Superhero","ART_AND_DESIGN"
""ai.interior.design.home.renovation.app","AI Interior Design: Home Plan","ART_AND_DESIGN"
""alpha.sticker.maker","Animated Sticker Maker (FSM)","ART_AND_DESIGN"
""com.omyteq.leonardopromptgenerator","Leonardo: AI Art Generator Kit","ART_AND_DESIGN"
""drawing.trace.sketch.draw.anything","AI Drawing : Trace & Sketch","ART_AND_DESIGN"
""com.create.pottery.paint.by.color","Pottery Master: Ceramic Art","ART_AND_DESIGN"
""ai.art.generated.drawing.anime.photo.dream","Anime AI - Photo Maker","ART_AND_DESIGN"
""com.ng_labs.paint","Paint","ART_AND_DESIGN"
""com.appxstudio.postro","Poster Maker - Flyer Creator","ART_AND_DESIGN"
""com.delgeo.desygner","Desygner: Graphic Design Maker","ART_AND_DESIGN"
""umagic.ai.aiart.aiartgenrator","AI Photo Generator - Umagic AI","ART_AND_DESIGN"
""ar.artprojector.trace.drawing.paint.sketch","Trace Anything with AR Drawing","ART_AND_DESIGN"
""com.advancedweb.tracing_paper_sketching","Tracing Paper - Light Box","ART_AND_DESIGN"
""com.invitation.maker.birthday.card","Invitation maker & Card Design","ART_AND_DESIGN"
""ai.seaart.app.global","SeaArt: AI Art Generator","ART_AND_DESIGN"
""com.ss.logo.creator.esports.gaming.logo.maker.app","Logo Maker And Logo Creator 3D","ART_AND_DESIGN"
""com.ar.drawing.anime.drawsketch.picture.paper","Trace and Sketch Anime Photo","ART_AND_DESIGN"
""com.fonto.storyfont","Fonto - story font for IG","ART_AND_DESIGN"
""com.Endvoid.SculptPlus","Sculpt+","ART_AND_DESIGN"
""org.ai.create.filter","Creati AI Photo Generator","ART_AND_DESIGN"
""me.easy.remix","Remix: AI Image Generator","ART_AND_DESIGN"
""com.behance.behance","Behance - Creative Portfolios","ART_AND_DESIGN"
""com.bytestorm.artflow","ArtFlow: Paint Draw Sketchbook","ART_AND_DESIGN"
""com.color.anime.paint.number.funanime","Anime Art: Color by Number","ART_AND_DESIGN"
""com.kanishka_developer.SketchPad","SketchPad - Doodle On The Go","ART_AND_DESIGN"
""com.createlogo.logomaker","Logo Maker : Graphic Design","ART_AND_DESIGN"
""com.nra.flyermaker","Poster Maker, Flyer Maker","ART_AND_DESIGN"
""com.axis.sketchpro","Sketch Pro: Create Paint Art","ART_AND_DESIGN"
""app.poster.maker.postermaker.flyer.designer","Flyers, Poster Maker, Design","ART_AND_DESIGN"
""com.appxstudio.smokearteffect","Smoke Name Art Maker","ART_AND_DESIGN"
""com.aiart.photoedit","Honey: AI Art Generator & Edit","ART_AND_DESIGN"
""com.tayasui.sketches","Tayasui Sketches","ART_AND_DESIGN"
""com.brother.ph.mobile.craftsewing","Brother Artspira","ART_AND_DESIGN"
""ob.stylish.photo.stylishnamemaker","Stylish Name Art Maker - Name ","ART_AND_DESIGN"
""com.ayzalpearls.learntodraw","Learn To Draw Step By Step","ART_AND_DESIGN"
""com.pocketartsturiogp.FashionDesignSketches","Fashion Design Sketches Book","ART_AND_DESIGN"
""learn.all.anime.drawing","Learn to Draw Anime by Steps","ART_AND_DESIGN"
""com.starcomputer.aimaker","AI Maker Pro","ART_AND_DESIGN"
""com.digitalpalette.mememakerpro","Meme Maker Pro: Design Memes","ART_AND_DESIGN"
""com.optimumbrewlab.invitationcardmaker","Invitation Maker, Card Creator","ART_AND_DESIGN"
""fr.moblo","Moblo - 3D furniture modeling","ART_AND_DESIGN"
""com.scroll.post.for.instagram.panorama.caro","Panorama Scroll Carousel Maker","ART_AND_DESIGN"
""com.graphionica.app","Graphionica: insta story maker","ART_AND_DESIGN"
""com.ar.sketch.trace.outliner.drawing","AR Tracer: Trace Drawing","ART_AND_DESIGN"
""com.bg.logomaker","Logo Maker, Logo Creator","ART_AND_DESIGN"
""com.lutech.ardrawing","AR Drawing: Paint & Sketch Art","ART_AND_DESIGN"
""com.whidev.mapchart","MapChart","ART_AND_DESIGN"
""jp.nekomimimi.dot","Pixel Art Maker","ART_AND_DESIGN"
""com.brakefield.idfree","Infinite Design","ART_AND_DESIGN"
""com.cl.svgEditor","Design Space For Cricut Maker","ART_AND_DESIGN"
""com.logofly.logo.maker","Logo Maker : Easy Logo Creator","ART_AND_DESIGN"
""grant.grid.maker.drawing","Grid Drawing","ART_AND_DESIGN"
""com.tattoodesign.tattoomaker.tattoogenerator.tattoocreator.piercing","Tattoo Maker - Tattoo Design","ART_AND_DESIGN"
""com.rstream.learndrawing","Learn Drawing","ART_AND_DESIGN"
""com.ioslauncher.free2","X Launcher","ART_AND_DESIGN"
""free.robux.roblox.Skins","skins clothes maker for roblox","ART_AND_DESIGN"
""com.SilhouetteSoftware.SilhouetteGo","Silhouette Go","ART_AND_DESIGN"
""ktech.sketchar","Sketchar: Learn to Draw","ART_AND_DESIGN"
""com.stylestudio.mehndidesign.best","Mehndi Design 2024","ART_AND_DESIGN"
""com.create.logo.maker.generator.graphic.designer","Logo Maker and Logo Creator","ART_AND_DESIGN"
""com.freepikcompany.freepik","Freepik: Design & edit with AI","ART_AND_DESIGN"
""co.pamobile.editor.pixelart.studio","Texture Maker for Minecraft PE","ART_AND_DESIGN"
""app.over.editor","GoDaddy Studio: Graphic Design","ART_AND_DESIGN"
""com.drawing.pencil.at.draw.paint.trace.sketch.ar","AR Draw Sketch - Trace Anime","ART_AND_DESIGN"
""twitch.angelandroidapps.tracerlightbox","Tracer!  Lightbox tracing app","ART_AND_DESIGN"
""skywave.draw.food","How to draw cute food","ART_AND_DESIGN"
""com.everimaging.goart","AI Art Image Generator – GoArt","ART_AND_DESIGN"
""lv.crochet.app","Crochet row counter & patterns","ART_AND_DESIGN"
""com.mmicunovic.papercopy","Papercopy - Tracer","ART_AND_DESIGN"
""com.tapuniverse.aianimegenerator","AI Anime Generator: Anime Art","ART_AND_DESIGN"
""com.spellbrush.nijijourney","niji・journey - AI Anime Art","ART_AND_DESIGN"
""ar.drawing.paint.draw.sketch.art.trace.drawing.app","AR Drawing Paint Sketch Trace","ART_AND_DESIGN"
""com.inknangels.TatAngel","Tattoo Font Designer","ART_AND_DESIGN"
""com.kazegames.coloring.brawler.colorbynumber.asmr.brawlstar.all.seasons.skins","Coloring Brawl Stars All Skins","ART_AND_DESIGN"
""com.app.vectorink","Vector Ink: SVG, Illustrator","ART_AND_DESIGN"
""com.howtodraw.easykawaii","How To Draw Kawaii","ART_AND_DESIGN"
""com.ng_labs.markers","Markers","ART_AND_DESIGN"
""com.newmjy04.MurderDrones","Murder Drones Wallpapers HD 4K","ART_AND_DESIGN"
""com.svg.designs.for.design.space","Design Studio: DIY Craft Space","ART_AND_DESIGN"
""com.app.postermywall12","PosterMyWall: Design & Promote","ART_AND_DESIGN"
""com.picsart.animate","Picsart Animator: GIF & Video","ART_AND_DESIGN"
""com.animegirlgenerator.aiartgenerator","WizArt: AI Image & Headshot","ART_AND_DESIGN"
""com.khoben.fontpicker","Font Picker - font downloader","ART_AND_DESIGN"
""com.tapuniverse.animefilter","AI Anime Filter - Anime AI","ART_AND_DESIGN"
""com.fourksoft.genzart","GenZArt: Fast AI Art Generator","ART_AND_DESIGN"
""com.sencatech.iwawa.iwawadraw","iDraw","ART_AND_DESIGN"
""com.tesseractmobile.aiart","monAI - AI Art Generator","ART_AND_DESIGN"
""tshirt.clothing.designer","T-Shirt Designer - Clothing","ART_AND_DESIGN"
""com.learn.how.to.draw.anime.step.by.step.drawing.lessons","How to Draw Anime - Mangaka","ART_AND_DESIGN"
""splendid.postermaker.designer","Poster Maker & flyer maker app","ART_AND_DESIGN"
""com.ma.textgraphy","Matnnegar (Write On Photos)","ART_AND_DESIGN"
""com.skyapps.fashionillustration","Fashion Illustration: Drawing","ART_AND_DESIGN"
""com.pazugames.avatarworld","Avatar World ®","GAME_ROLE_PLAYING"
""com.studio501.cuphero","Cup Heroes","GAME_ROLE_PLAYING"
""com.nexters.herowars","Hero Wars: Alliance","GAME_ROLE_PLAYING"
""com.qcwx.fyden","Maple Tale","GAME_ROLE_PLAYING"
""io.superbrick.minimartmaster","My Dream Store!","GAME_ROLE_PLAYING"
""com.plarium.raidlegends","RAID: Shadow Legends","GAME_ROLE_PLAYING"
""com.foxnextgames.m3","MARVEL Strike Force: Squad RPG","GAME_ROLE_PLAYING"
""com.crazylabs.monster.high","Monster High™ Beauty Salon","GAME_ROLE_PLAYING"
""com.wasteland.heart","Wasteland Life: Survival Idle","GAME_ROLE_PLAYING"
""com.playfocus.king","King or Fail - Castle Takeover","GAME_ROLE_PLAYING"
""com.elex.catfantasy.gp","Cat Fantasy: Isekai Adventure","GAME_ROLE_PLAYING"
""com.moe.aylalife","Ayla World : Avatar Life","GAME_ROLE_PLAYING"
""io.supercent.prison","Prison Life: Idle Game","GAME_ROLE_PLAYING"
""tr.com.apps.fashion.battle","Fashion Battle - Dress up game","GAME_ROLE_PLAYING"
""com.manekigames.fashionqueen","Fashion Queen: Dress Up Game","GAME_ROLE_PLAYING"
""com.mob.crowd.arena.wars","Epic Heroes","GAME_ROLE_PLAYING"
""com.ridgge.conquercountries","Conquer Countries","GAME_ROLE_PLAYING"
""com.gaming.mob.grand.gangster.chase.openworld.city.crime.simulator","Gangster Game Crime Mafia City","GAME_ROLE_PLAYING"
""com.YovoGames.dentist","Children's doctor : dentist","GAME_ROLE_PLAYING"
""com.HoYoverse.Nap","Zenless Zone Zero","GAME_ROLE_PLAYING"
""com.tfv.ice.princess.high.school.crush","Ice Princess High School Crush","GAME_ROLE_PLAYING"
""com.devgame.masha.and.bear.my.friends","Masha and the Bear: My Friends","GAME_ROLE_PLAYING"
""mermaid.life.games","Mermaid Games: Princess Salon","GAME_ROLE_PLAYING"
""com.devgame.masha.and.bear.pizzeria.games","Masha and the Bear Pizza Maker","GAME_ROLE_PLAYING"
""com.global.mus","MU: Dark Epoch","GAME_ROLE_PLAYING"
""com.fivebits.emeregencydispatch","911 Emergency Dispatcher","GAME_ROLE_PLAYING"
""com.dlitegames.terminalmaster","Terminal Master - Bus Tycoon","GAME_ROLE_PLAYING"
""com.ea.game.starwarscapital_row","Star Wars™: Galaxy of Heroes","GAME_ROLE_PLAYING"
""com.summoners.kingdom.usagoogle","Summoners Kingdom:Goddess","GAME_ROLE_PLAYING"
""com.pizza.maker.game.baking.making.cooking","Pizza Maker Kids Cooking Games","GAME_ROLE_PLAYING"
""com.netmarble.mherosgb","MARVEL Future Fight","GAME_ROLE_PLAYING"
""com.iskslowtest.mislen","Isekai:Slow Life","GAME_ROLE_PLAYING"
""com.eu.firegp","Flame of Valhalla Global","GAME_ROLE_PLAYING"
""com.fowgames.legendofheroes","The Legend of Heroes : Gagharv","GAME_ROLE_PLAYING"
""com.prisonangels.google.global","Prison Angels : Sin City","GAME_ROLE_PLAYING"
""com.blizzard.diablo.immortal","Diablo Immortal","GAME_ROLE_PLAYING"
""com.pz.life.android","Highrise: Avatar, Chat & Games","GAME_ROLE_PLAYING"
""com.gameberrystudio.animals","Animal Quest: Idle RPG","GAME_ROLE_PLAYING"
""com.mxdzzus.google","Legend of Mushroom","GAME_ROLE_PLAYING"
""com.panoramik.mightyparty","Mighty Party","GAME_ROLE_PLAYING"
""com.xxx.rpg.en.an","Echoes of Eternity","GAME_ROLE_PLAYING"
""com.nekki.shadowfightarena","Shadow Fight 4: Arena","GAME_ROLE_PLAYING"
""com.playducky.sandblox","Sandblox: City sandbox","GAME_ROLE_PLAYING"
""com.solou.catendless.run","Cat Runner: Decorate Home","GAME_ROLE_PLAYING"
""com.snmjglo.google","X-Samkok","GAME_ROLE_PLAYING"
""com.nekki.shadowfight3","Shadow Fight 3 - RPG fighting","GAME_ROLE_PLAYING"
""com.piggy.panda.cake.maker.games","Cake Maker: Kids Cooking Games","GAME_ROLE_PLAYING"
""com.ludia.tmnt","Ninja Turtles: Legends","GAME_ROLE_PLAYING"
""com.libii.march","SuitU: Fashion Avatar Dress Up","GAME_ROLE_PLAYING"
""com.farlightgames.igame.gp","AFK Journey","GAME_ROLE_PLAYING"
""com.funcell.petsimulator","Dog Life Simulator","GAME_ROLE_PLAYING"
""com.cocoplay.fashion.style","Super Stylist Fashion Makeover","GAME_ROLE_PLAYING"
""com.dream.dale","Dreamdale - Fairy Adventure","GAME_ROLE_PLAYING"
""com.cww.laststronghold","Last Stronghold: Idle Survival","GAME_ROLE_PLAYING"
""com.carolgames.everlegion","Ever Legion","GAME_ROLE_PLAYING"
""com.playdigious.loophero","Loop Hero","GAME_ROLE_PLAYING"
""com.lockwoodpublishing.avakinlife","Avakin Life - 3D Virtual World","GAME_ROLE_PLAYING"
""com.cww.cubecraft","CubeCrafter","GAME_ROLE_PLAYING"
""com.battle.worldofartillery","World of Artillery: Cannon War","GAME_ROLE_PLAYING"
""com.yoozoo.jgame.us","Echocalypse: Scarlet Covenant","GAME_ROLE_PLAYING"
""com.dreamcitystory.dreamcitystory","Tut world：Dream City Story","GAME_ROLE_PLAYING"
""com.crazylabs.hair.dye.challenge","Hair Dye","GAME_ROLE_PLAYING"
""com.avalon.rpg","Hero of Aethric | Classic RPG","GAME_ROLE_PLAYING"
""com.dena.a12026418","Pokémon Masters EX","GAME_ROLE_PLAYING"
""jp.pokemon.pokemonquest","Pokémon Quest","GAME_ROLE_PLAYING"
""com.tgc.sky.android","Sky: Children of the Light","GAME_ROLE_PLAYING"
""com.gp.angry.crocodile.simulator.attack","Crocodile Games - Animal Games","GAME_ROLE_PLAYING"
""com.pazugames.sushimaker","Sushi Maker Kids Cooking Games","GAME_ROLE_PLAYING"
""com.devgame.booba.cooking.kids.games","Booba Kitchen: Kids Cooking!","GAME_ROLE_PLAYING"
""com.rlg.future.robot.transform.car.racing","Spider Rope Games - Crime Hero","GAME_ROLE_PLAYING"
""com.arcade.mine","Craft Valley - Building Game","GAME_ROLE_PLAYING"
""com.allstarunion.myths","Myths of Moonrise","GAME_ROLE_PLAYING"
""com.td.watcherofrealms","Watcher of Realms","GAME_ROLE_PLAYING"
""com.ImaginativeGames.GunUp2048","Gun up Weapon Ball Shooter","GAME_ROLE_PLAYING"
""com.devsisters.ck","CookieRun: Kingdom","GAME_ROLE_PLAYING"
""com.fungames.flightpilot","Flight Pilot: 3D Simulator","GAME_ROLE_PLAYING"
""com.aniplex.fategrandorder.en","Fate/Grand Order (English)","GAME_ROLE_PLAYING"
""com.swiftappskom.thewolfrpg","The Wolf","GAME_ROLE_PLAYING"
""com.overseas.totnew","Tales of Terrarum","GAME_ROLE_PLAYING"
""com.ltgames.android.m71.us","Overmortal","GAME_ROLE_PLAYING"
""com.rlg.multi.robot.transform.jetgame.tankgames","Crocodile Animal Robot Games","GAME_ROLE_PLAYING"
""com.neowizgames.game.browndust2","BrownDust2 - Adventure RPG","GAME_ROLE_PLAYING"
""com.square_enix.android_googleplay.ff7ecww","FINAL FANTASY VII EVER CRISIS","GAME_ROLE_PLAYING"
""fantasy.survival.game.rpg","Grim Soul: Dark Survival RPG","GAME_ROLE_PLAYING"
""com.proximabeta.nikke","GODDESS OF VICTORY: NIKKE","GAME_ROLE_PLAYING"
""com.sptoyin.glgp","Arcadia: Breath of the Land","GAME_ROLE_PLAYING"
""com.albiononline","Albion Online","GAME_ROLE_PLAYING"
""com.pazugames.princesspetpalace","Princess Palace Pets World","GAME_ROLE_PLAYING"
""com.stove.epic7.google","Epic Seven","GAME_ROLE_PLAYING"
""com.fp.fashionbattle.catwalkshow.dressupgame","Rampwalk Fashion Game","GAME_ROLE_PLAYING"
""com.scopely.whiplash","WWE Champions","GAME_ROLE_PLAYING"
""com.global.tmslg","Puzzles & Conquest","GAME_ROLE_PLAYING"
""com.h8games.littlefarmstory","Little Farm Story: Idle Tycoon","GAME_ROLE_PLAYING"
""com.onemt.and.kc","King's Choice","GAME_ROLE_PLAYING"
""com.cookapps.titanslayer","Titan Slayer : Action Idle RPG","GAME_ROLE_PLAYING"
""com.smartfunapps.crazyhospital","Crazy Hospital®️","GAME_ROLE_PLAYING"
""com.arkgames.ggplay.tlonglobal","The Legend of Neverland","GAME_ROLE_PLAYING"
""com.gameloft.android.ANMP.GloftOLHM","Gangstar New Orleans","GAME_ROLE_PLAYING"
""com.hyper.hundredmysterybuttons","100 Mystery Buttons - Escape","GAME_ROLE_PLAYING"
""com.xd.ssrpgen","Sword of Convallaria","GAME_ROLE_PLAYING"
""com.FoxieGames.WildWolfAnimalSim","Wolf Tales - Wild Animal Sim","GAME_ROLE_PLAYING"
""com.myhometown2.myhometown2","Super City2:Tut Life World","GAME_ROLE_PLAYING"
""com.bethsoft.blade","The Elder Scrolls: Blades","GAME_ROLE_PLAYING"
""com.lightcore.endlessgradespixelsaga","Endless Grades: Pixel Saga","GAME_ROLE_PLAYING"
""com.goatgames.snd.gb.gp","Bloodline: Heroes of Lithas","GAME_ROLE_PLAYING"
""org.nanobit.mystory","My Story: Choose Your Own Path","GAME_ROLE_PLAYING"
""com.UnityUserco.EscapeHauntedHouseOnline","Cursed house Multiplayer(GMM)","GAME_ROLE_PLAYING"
""com.kunpo88.baba2.say","PPSS22 arm64 Plugins","GAME_ROLE_PLAYING"
""com.oriwish.witch","Witch's Tale","GAME_ROLE_PLAYING"
""com.stick.hero.spider.rope.superhero.game","Spider Stick Hero Prison Break","GAME_ROLE_PLAYING"
""com.pabloleban.IdleSlayer","Idle Slayer","GAME_ROLE_PLAYING"
""com.ss.sparkle","Sparkle Sweepers - Cleaning","GAME_ROLE_PLAYING"
""com.candywriter.catlife","BitLife Cats - CatLife","GAME_ROLE_PLAYING"
""com.fansipan.mutant.llama.idle.rpg.monster.war.games","Mutant Llama: IDLE Breed Games","GAME_ROLE_PLAYING"
""com.playkot.ageofmagic","Age of Magic: Turn Based RPG","GAME_ROLE_PLAYING"
""com.tutotoons.app.kikififipetbeautysalon.free","Kiki & Fifi Pet Beauty Salon","GAME_ROLE_PLAYING"
""com.lionroar.mobilefun.toddler","princess phone game","GAME_ROLE_PLAYING"
""com.candywriter.doglife","BitLife Dogs – DogLife","GAME_ROLE_PLAYING"
""com.ludia.jw2","Jurassic World Alive","GAME_ROLE_PLAYING"
""com.namcobandaigames.spmoja010E","ONE PIECE TREASURE CRUISE-RPG","GAME_ROLE_PLAYING"
""com.wideview.lovers","Loverz: Interactive stories","GAME_ROLE_PLAYING"
""com.ntori.JicheonGlobal","12SKY: LAST Ember","GAME_ROLE_PLAYING"
""com.taxisimulator.taxicar.driving.game.inmotion","US Taxi Car Parking Simulator","GAME_ROLE_PLAYING"
""com.jedi.renovation","Renovation Day","GAME_ROLE_PLAYING"
""com.tutotoons.app.sweetbabygirlbeautysalon3.free","Sweet Baby Girl Beauty Salon 3","GAME_ROLE_PLAYING"
""com.netease.idv.googleplay","Identity V","GAME_ROLE_PLAYING"
""com.haoplay.game.and.hero","Pixel Heroes: Tales of Emond","GAME_ROLE_PLAYING"
""com.paradoxplaza.kopp2","Knights of Pen & Paper 2: RPG","GAME_ROLE_PLAYING"
""com.Flanne.MinutesTillDawn.roguelike.shooting.fr.gp","20 Minutes Till Dawn","GAME_ROLE_PLAYING"
""com.gameverse.epicquest","Epic Quest - Dungeon Crawler","GAME_ROLE_PLAYING"
""com.lionroar.puppydaycare","My Puppy Daycare Salon - Cute ","GAME_ROLE_PLAYING"
""com.hss.offline.sniper.simulator","Silent Shooter: Sniper Game","GAME_ROLE_PLAYING"
""com.rat.carcrash.games.megacrashes.car.simulator","Car Crashes Simulator Car Game","GAME_ROLE_PLAYING"
""com.archosaur.seareal.yslzm.gp","Life Makeover","GAME_ROLE_PLAYING"
""dawsn.idlemmo","IdleMMO - Online Idle RPG","GAME_ROLE_PLAYING"
""com.sofish.ybxzrpg.gp","Adventure City - Idle RPG","GAME_ROLE_PLAYING"
""com.mujoysg.hxbb","Idle Angels: Goddess' Warfare","GAME_ROLE_PLAYING"
""org.nanobit.virtuallife","Winked: Episodes of Romance","GAME_ROLE_PLAYING"
""com.gs.real.car.driving.drifting.game","Real Car Driving Drifting Game","GAME_ROLE_PLAYING"
""com.Konsordo.IdleShark","Idle Shark World - Tycoon Game","GAME_ROLE_PLAYING"
""com.heliogames.amikin.survival","Amikin Survival: Anime RPG","GAME_ROLE_PLAYING"
""com.igg.android.dressuptimeprincess","Time Princess: Pearl Girl","GAME_ROLE_PLAYING"
""com.gspell.monster.truck.driving.games","Extreme Monster Truck Game 3D","GAME_ROLE_PLAYING"
""com.elegant.games.car.drifting.driving.simulator","Car Drifting and Driving Games","GAME_ROLE_PLAYING"
""com.itechappstudios.petstailor","Pets Tailor","GAME_ROLE_PLAYING"
""com.ciprosoft.ads","Anime Dating Sim: Spicy Novel","GAME_ROLE_PLAYING"
""com.ddd.americansniper3d","American Sniper 3D - Gun Games","GAME_ROLE_PLAYING"
""com.butchersgames.telekinesisquest","Telekinesis Quest 3D","GAME_ROLE_PLAYING"
""com.dawinstone.b2ba","Bad 2 Bad: Apocalypse","GAME_ROLE_PLAYING"
""com.jimaapps.city.coach.bus.simulator.driving","Bus Simulator - Bus Games 3D","GAME_ROLE_PLAYING"
""com.swiftappskom.thetigerrpg","The Tiger","GAME_ROLE_PLAYING"
""com.garena.game.bc","Black Clover M","GAME_ROLE_PLAYING"
""com.pazugames.pizza","Pizza maker cooking games","GAME_ROLE_PLAYING"
""com.abi.fashion.catwalk.battle","Fashion Show - Catwalk Battle","GAME_ROLE_PLAYING"
""com.zenc.labradordog","Puppy pet care salon game","GAME_ROLE_PLAYING"
""com.afterverse.afterme","XDRP","GAME_ROLE_PLAYING"
""com.mti.police.car.chase.game","Police Car Chase: City Police","GAME_ROLE_PLAYING"
""com.playstove.truck.drivingsimulator","Oil Truck Simulator Driving 3D","GAME_ROLE_PLAYING"
""com.d3p.mpq","MARVEL Puzzle Quest: Match RPG","GAME_ROLE_PLAYING"
""com.gs.going.up.parkour.game","Going Up 3D - Parkour Games","GAME_ROLE_PLAYING"
""com.my.ffs.simulator.americandad","American Dad! Apocalypse Soon","GAME_ROLE_PLAYING"
""com.origin.black.spider.rope.superhero.games","Black Spider Rope SuperHero","GAME_ROLE_PLAYING"
""com.ionicframework.tornv2301860","TORN","GAME_ROLE_PLAYING"
""com.dn.games.dtmafia","Downtown Mafia: Gang Wars Game","GAME_ROLE_PLAYING"
""com.tutotoons.app.hannahsfashionworld.free","Hannah’s Fashion World","GAME_ROLE_PLAYING"
""com.ktv.weedfactory","Weed Factory Idle","GAME_ROLE_PLAYING"
""com.habby.souls","SOULS","GAME_ROLE_PLAYING"
""com.netmarble.nanagb","The Seven Deadly Sins","GAME_ROLE_PLAYING"
""com.com2us.smon.normal.freefull.google.kr.android.common","Summoners War","GAME_ROLE_PLAYING"
""com.panoramik.lyssa","LYSSA: Goddess of LOVE","GAME_ROLE_PLAYING"
""com.everskies.app","Everskies: Virtual Dress up","GAME_ROLE_PLAYING"
""com.omnidream.ohs","Omniheroes","GAME_ROLE_PLAYING"
""com.forqan.tech.Fireman","Fireman for Kids - Fire Truck","GAME_ROLE_PLAYING"
""com.express.odyssey","Express Odyssey","GAME_ROLE_PLAYING"
""com.nexon.bluearchive","Blue Archive","GAME_ROLE_PLAYING"
""com.gf.mega.ramps.games","Mega Ramp Stunt - Bike Games","GAME_ROLE_PLAYING"
""com.tfv.paper.doll.diy","Sticker Doll DIY Dressup Diary","GAME_ROLE_PLAYING"
""com.ring.rpg.en.an","Soul Of Ring: Revive","GAME_ROLE_PLAYING"
""game.rpg.action.cyber","Cyberika: Action Cyberpunk RPG","GAME_ROLE_PLAYING"
""com.everbytestudio.interactive.text.chat.story.rpg.cyoa.duskwood","Duskwood - Detective Story","GAME_ROLE_PLAYING"
""com.my.hc.rpg.kingdom.simulator","Hustle Castle: Medieval games","GAME_ROLE_PLAYING"
""com.obg.real.gangster.crime.mafia.theft.simulator.battletown.game","Grand City Vegas Crime Games","GAME_ROLE_PLAYING"
""com.HorizonGames.HuntCreed","Ninja Ryuko: Shadow Ninja Game","GAME_ROLE_PLAYING"
""com.jagex.runescape.android","RuneScape - Fantasy MMORPG","GAME_ROLE_PLAYING"
""com.pgs.doll.house.design.girl.games","Doll House Design: Girl Games","GAME_ROLE_PLAYING"
""com.frsjz.gp","Nevermore-W: Idle Immortal RPG","GAME_ROLE_PLAYING"
""com.lavaflame.MMO","IdleOn - The Idle RPG","GAME_ROLE_PLAYING"
""com.famous.fashion.stylist","Famous Fashion - Dress Up Game","GAME_ROLE_PLAYING"
""town.pony.game","Pony Town - Social MMORPG","GAME_ROLE_PLAYING"
""com.ragequitgames.evillands","Evil Lands: Online Action RPG","GAME_ROLE_PLAYING"
""com.tosgame.android.gp","Temple of Shadows","GAME_ROLE_PLAYING"
""com.lion.big.cat.ropehero.openworld.superhero.games","Bat Hero Dark Crime City Game","GAME_ROLE_PLAYING"
""com.zigzagame.tokyodebunker","Tokyo Debunker","GAME_ROLE_PLAYING"
""com.g247.robot.transform.cruise.ship.driving.shooting.game","Dino Robot: Car Transform Game","GAME_ROLE_PLAYING"
""com.asanteegames.magicrampage","Magic Rampage","GAME_ROLE_PLAYING"
""com.goatgames.dhs.gb.gp","Dungeon Hunter 6","GAME_ROLE_PLAYING"
""com.gotterdammerung.untold","Eldrum: Untold, Text-Based RPG","GAME_ROLE_PLAYING"
""com.was.real.euro.truck.driving.simulator2019","Euro Transporter Truck Games","GAME_ROLE_PLAYING"
""com.gaminglegends.taxigame.taxisimulator.grand.car.driving2020","Taxi Games: Taxi Driving Games","GAME_ROLE_PLAYING"
""com.ksrgland.goat","King's Throne: Royal Delights","GAME_ROLE_PLAYING"
""com.tocaboca.tocalifeworld","Toca Boca World","GAME_EDUCATIONAL"
""com.tocaboca.tocakitchen2","Toca Boca Jr","GAME_EDUCATIONAL"
""org.pbskids.gamesapp","PBS KIDS Games App","GAME_EDUCATIONAL"
""com.ahaworld.ahaworld","Aha World: Doll Dress-Up Game","GAME_EDUCATIONAL"
""com.rvappstudios.baby.games.piano.phone.kids","Baby Games: Piano & Baby Phone","GAME_EDUCATIONAL"
""com.peppapig.worldofpeppapig_g","World of Peppa Pig: Kids Games","GAME_EDUCATIONAL"
""com.tutotoons.app.fluvsies.free","Fluvsies - A Fluff to Luv","GAME_EDUCATIONAL"
""com.spinmaster.gabbysdollhouse","Gabbys Dollhouse: Games & Cats","GAME_EDUCATIONAL"
""com.rvappstudios.baby.toddler.kids.games.learning.activity","Kids Games: For Toddlers 3-5","GAME_EDUCATIONAL"
""com.rvappstudios.kids.coloring.book.color.painting","Coloring Games: Color & Paint","GAME_EDUCATIONAL"
""com.rvappstudios.abc_kids_toddler_tracing_phonics","ABC Kids - Tracing & Phonics","GAME_EDUCATIONAL"
""com.pazugames.avatarmaker","Avatar Maker Dress up for kids","GAME_EDUCATIONAL"
""com.prodigygame.prodigy","Prodigy Math: Kids Game","GAME_EDUCATIONAL"
""com.my.tizi.modern.home.decor.room.design.house","Tizi Modern Home & Room Design","GAME_EDUCATIONAL"
""com.psv.like_nastya.event_agency","Like Nastya: Party Time","GAME_EDUCATIONAL"
""com.storytoys.lego.duplo.peppa.pig.googleplay","LEGO® DUPLO® PEPPA PIG","GAME_EDUCATIONAL"
""com.sinyee.babybus.recommendapp.global","Baby Panda's Kids Play","GAME_EDUCATIONAL"
""com.rvappstudios.kids.drawing.games.coloring.book.paint","Drawing Games: Draw & Color","GAME_EDUCATIONAL"
""com.psv.hello_kitty.doctor_hospital","Hello Kitty: Kids Hospital","GAME_EDUCATIONAL"
""com.edujoy.dentist","Dentist games","GAME_EDUCATIONAL"
""com.sagosago.World.googleplay","Sago Mini World: Kids Games","GAME_EDUCATIONAL"
""com.tutotoons.app.sweetbabygirlcleanup5.free","Sweet Baby Girl Cleanup 5","GAME_EDUCATIONAL"
""com.tutotoons.app.animalhairsalonaustralia.free","Animal Hair Salon Australia","GAME_EDUCATIONAL"
""com.sesameworkshop.alphabetkitchen.play","Sesame Street Alphabet Kitchen","GAME_EDUCATIONAL"
""com.appquiz.baby.ballons","Baby Balloons pop","GAME_EDUCATIONAL"
""de.softan.multiplication.table","Times Table  - Learn Math","GAME_EDUCATIONAL"
""com.tutotoons.app.princesses","Princesses - Enchanted Castle","GAME_EDUCATIONAL"
""com.sinyee.babybus.foodstory","Baby Panda's Food Party","GAME_EDUCATIONAL"
""com.sinyee.babybus.taxi","Baby Panda's School Bus","GAME_EDUCATIONAL"
""com.mcmnw.lzg","Loomi World: Your Avatar Life","GAME_EDUCATIONAL"
""com.sagosago.School.googleplay","Sago Mini School (Kids 2-5)","GAME_EDUCATIONAL"
""com.rvappstudios.math.kids.counting","Math Kids: Math Games For Kids","GAME_EDUCATIONAL"
""com.Edugamus.CityPatrol","City Patrol : Rescue Vehicles","GAME_EDUCATIONAL"
""com.storytoys.disney.pixar.coloring.princess.googleplay","Disney Coloring World","GAME_EDUCATIONAL"
""com.educational.baby.games","Baby Games for 1-3 Year Olds","GAME_EDUCATIONAL"
""wolfoo.spa.beautysalon.hairsalon.hairstyle.fashion","Lucy: Makeup and Dress up","GAME_EDUCATIONAL"
""com.orange.coloring.learn.kids","Coloring & Learn","GAME_EDUCATIONAL"
""com.tutotoons.app.lolsurprisediscohouse","L.O.L. Surprise! Disco House","GAME_EDUCATIONAL"
""com.tutotoons.app.gigglebabies","Giggle Babies - Toddler Care","GAME_EDUCATIONAL"
""com.tutotoons.app.junglefloof","Jungle Floof - Island Pet Care","GAME_EDUCATIONAL"
""com.tutotoons.app.floofmypethouse","Floof - My Pet House","GAME_EDUCATIONAL"
""com.sinyee.babybus.icecream","Little Panda's Ice Cream Games","GAME_EDUCATIONAL"
""com.sinyee.babybus.restaurant","Little Panda's Restaurant","GAME_EDUCATIONAL"
""com.tt.coloring.drawing.girls","Coloring and Drawing For Girls","GAME_EDUCATIONAL"
""com.sinyee.babybus.safetytips","Sheriff Labrador's Safety Tips","GAME_EDUCATIONAL"
""com.libii.frozenworld","Paper Princess's Fantasy Life","GAME_EDUCATIONAL"
""com.melemoe.catlife","Lovely Cat World : Avatar Life","GAME_EDUCATIONAL"
""com.tutotoons.app.jungleanimalhairsalon2.free","Jungle Animal Hair Salon 2","GAME_EDUCATIONAL"
""com.iz.tizi.royal.princess.dollhouse.life.games.home.design.world.my.wonder.town","Tizi Town: My Princess Games","GAME_EDUCATIONAL"
""tv.alphablocks.numberblocksworld","Numberblocks World","GAME_EDUCATIONAL"
""art.games.color.princess.coloring","Doll Color: Princess Coloring","GAME_EDUCATIONAL"
""com.boddle.learning","Boddle","GAME_EDUCATIONAL"
""com.tutotoons.app.mybabyunicorn.free","My Baby Unicorn - Pony Care","GAME_EDUCATIONAL"
""com.tutotoons.app.fluvsiesmergeparty","Fluvsies Merge Party","GAME_EDUCATIONAL"
""com.iz.coloring.games.kids.drawing.book.color.by.number","Coloring Games for Kids: Color","GAME_EDUCATIONAL"
""com.happytap.mermaidphone","Baby Princess Mermaid Phone","GAME_EDUCATIONAL"
""jp.co.ofcr.cm00","Cooking Mama: Let's cook!","GAME_EDUCATIONAL"
""com.tutotoons.app.fruitsies","Fruitsies - Pet Friends","GAME_EDUCATIONAL"
""com.rvappstudios.abc.spelling.toddler.spell.phonics","Spelling & Phonics: Kids Games","GAME_EDUCATIONAL"
""com.sinyee.babybus.world","Baby Panda World : Kids Games","GAME_EDUCATIONAL"
""com.PepiPlay.PepiHospital","Pepi Hospital: Learn & Care","GAME_EDUCATIONAL"
""com.pazugames.nailsalon","Girls Nail Salon - Kids Games","GAME_EDUCATIONAL"
""cute.color.coloring.puzzle","Cute Drawing : Anime Color Fan","GAME_EDUCATIONAL"
""com.rvappstudios.math.games.kids.addition.subtraction.multiplication.division","Math Games: Math for Kids","GAME_EDUCATIONAL"
""gen.tech.keiki.world.learning","Keiki Learning games for Kids","GAME_EDUCATIONAL"
""com.forqan.tech.PrincessColoring","Princess Coloring Book & Games","GAME_EDUCATIONAL"
""glitter.color.beauty.coloring.games","Glitter Beauty Color For Kids","GAME_EDUCATIONAL"
""com.edujoy.vlad.niki","Vlad and Niki - Smart Games","GAME_EDUCATIONAL"
""com.playtoddlers.sweethomestories.free","Sweet Home Stories","GAME_EDUCATIONAL"
""com.tutotoons.app.kpopsiescuteunicornpets","Kpopsies - Hatch Baby Unicorns","GAME_EDUCATIONAL"
""com.sinyee.babybus.marketIII","Panda Games: Town Home","GAME_EDUCATIONAL"
""com.kigle.cocobi.hospital","Cocobi Hospital - Kids Doctor","GAME_EDUCATIONAL"
""com.pepiplay.pepischool","Pepi School: Playful Learning","GAME_EDUCATIONAL"
""com.bimiboo.kids.cooking.games","Kids Cooking Games 2 year olds","GAME_EDUCATIONAL"
""mytown.mytownworld","My Town World - Mega Doll City","GAME_EDUCATIONAL"
""com.sinyee.babybus.shopping","Baby Panda's Supermarket","GAME_EDUCATIONAL"
""com.sinyee.babybus.princess_coloring_fantasy_magic_girls_games","Princess Game Fantasy Coloring","GAME_EDUCATIONAL"
""com.playtoddlers.centralhospitalstories.free","Central Hospital Stories","GAME_EDUCATIONAL"
""com.kigle.cocobi.babycare","Cocobi Baby Care - Babysitter","GAME_EDUCATIONAL"
""com.YovoGames.babycare","Baby Care : Toddler games","GAME_EDUCATIONAL"
""com.ninja.coloringbook","Boys Ninja Coloring & Memory","GAME_EDUCATIONAL"
""com.tutotoons.app.smolsies2","Smolsies 2 - Cute Pet Stories","GAME_EDUCATIONAL"
""com.rvappstudios.numbers123.toddler.counting.tracing","123 Numbers - Count & Tracing","GAME_EDUCATIONAL"
""com.rvappstudios.jigsaw.puzzles.kids","Puzzle Kids: Jigsaw Puzzles","GAME_EDUCATIONAL"
""com.toddler.coloring","Toddler Coloring Book For Kids","GAME_EDUCATIONAL"
""com.miaworld.life.avatar.doll.dressup.design.makeover","Mia World - Makeover Life","GAME_EDUCATIONAL"
""com.ferrero.applayduGP","Applaydu Play & Discover","GAME_EDUCATIONAL"
""mycity.pjparty","My City : Pajama Party","GAME_EDUCATIONAL"
""com.sinyee.babybus.princessII","Little Panda: Princess Makeup","GAME_EDUCATIONAL"
""com.rvappstudios.sight.words.phonics.reading.kids.games","Learn to Read: Kids Games","GAME_EDUCATIONAL"
""com.abcya.android.games","ABCya! Games","GAME_EDUCATIONAL"
""com.playtoddlers.happydaycarestories.free","Happy Daycare Stories - School","GAME_EDUCATIONAL"
""com.playtoddlers.urbancitystories.free","Urban City Stories: World Game","GAME_EDUCATIONAL"
""com.sinyee.babybus.tailor","Baby Panda's Fashion Dress Up","GAME_EDUCATIONAL"
""com.doll.lifeworld","Pippi World :Avatar Life","GAME_EDUCATIONAL"
""com.tutotoons.app.powergirlsfantasticheroes","Power Girls - Fantastic Heroes","GAME_EDUCATIONAL"
""com.bonbongame.toys.games.kids","Toy And Games for kids & Baby","GAME_EDUCATIONAL"
""com.kidgame.supermarket","Supermarket: Shopping Games","GAME_EDUCATIONAL"
""com.sinyee.babybus.dress","Little Panda: Doll Dress up","GAME_EDUCATIONAL"
""com.rvappstudios.toddler.preschool.kids.learning.games","Kids Toddler & Preschool Games","GAME_EDUCATIONAL"
""com.yasapets.town","Yasa Pets Town","GAME_EDUCATIONAL"
""com.imctoys.crybabiesmagictears","Cry Babies","GAME_EDUCATIONAL"
""air.com.tutotoons.app.animalhairsalon2jungle.free","Jungle Animal Hair Salon","GAME_EDUCATIONAL"
""com.bonbongame.life.world.kids.games","BonBon Life World Make Stories","GAME_EDUCATIONAL"
""com.rvappstudios.kids.multiplication.games.multiply.math","Kids Multiplication Math Games","GAME_EDUCATIONAL"
""com.KidsAcademy123.games.coco.spa.salon","Coco's Spa & Salon","GAME_EDUCATIONAL"
""com.kigle.cocobi.lifeworld","Cocobi Life World - city, town","GAME_EDUCATIONAL"
""com.psv.lol.surprise.pet_center","L.O.L. Surprise! Pet Center","GAME_EDUCATIONAL"
""boys.coloring.book.painting.games","Kids Coloring Pages For Boys","GAME_EDUCATIONAL"
""com.subara.stories.travels","World Travel Stories - Airport","GAME_EDUCATIONAL"
""com.kigle.cocobi.littlepolice","Cocobi Little Police - Kids","GAME_EDUCATIONAL"
""com.iz.my.doctor.hospital.kids.world.life.town.pretend.play.games","My Hospital Town Doctor Games","GAME_EDUCATIONAL"
""com.psv.vlad_and_niki.birthday_party","Vlad and Niki: Birthday Party","GAME_EDUCATIONAL"
""com.pepiplay.pepihome","Pepi House: Happy Family","GAME_EDUCATIONAL"
""com.tutotoons.app.smolsiesmycutepethouse.free","Smolsies - My Cute Pet House","GAME_EDUCATIONAL"
""com.playtoddlers.vacationhotelstories.free","Vacation Hotel Stories","GAME_EDUCATIONAL"
""com.kids.learning.abc.games","ABC Games: Tracing & phonics","GAME_EDUCATIONAL"
""com.kigle.cocobi.world.one","Cocobi World 1 - Kids Game","GAME_EDUCATIONAL"
""uk.co.bluezoo.numberblocks.meet","Meet the Numberblocks","GAME_EDUCATIONAL"
""com.my.tizi.town.pink.room.home.decor.house.design.decoration","Tizi Town - Pink Home Decor","GAME_EDUCATIONAL"
""com.ailiyong.world.course","Baby Panda's Kids School","GAME_EDUCATIONAL"
""com.sinyee.babybus.bakery","Little Panda's Cake Shop","GAME_EDUCATIONAL"
""com.crayolallc.crayola_create_and_play","Crayola Create & Play","GAME_EDUCATIONAL"
""com.pazugames.chicbaby2","Baby care game & Dress up","GAME_EDUCATIONAL"
""com.tutotoons.app.bunnsies","Bunnsies - Happy Pet World","GAME_EDUCATIONAL"
""com.gfarm.constructiontruck","Construction Truck Kids Games","GAME_EDUCATIONAL"
""com.storytoys.lego.duplo.world.kids.play.free.friends.animals.android.googleplay","LEGO® DUPLO® WORLD","GAME_EDUCATIONAL"
""com.knbmedia.kidexplorerdino","Dinosaur VR Educational Game","GAME_EDUCATIONAL"
""com.beansprites.emmasworldtownandfamilyFREE","Emma's World - Town & Family","GAME_EDUCATIONAL"
""com.sinyee.babybus.careII","Panda Games: Baby Girls Care","GAME_EDUCATIONAL"
""mycity.mansion","My City : Mansion","GAME_EDUCATIONAL"
""com.sinyee.babybus.care","Baby Panda Care","GAME_EDUCATIONAL"
""com.edujoy.masha.games","Masha and the Bear Educational","GAME_EDUCATIONAL"
""com.sinyee.babybus.diner","Baby Panda's Breakfast Cooking","GAME_EDUCATIONAL"
""mycity.friendshouse","My City : My Friend's House","GAME_EDUCATIONAL"
""com.tutotoons.app.fluvsiespocketworld","Fluvsies Pocket World","GAME_EDUCATIONAL"
""mytown.wedding.free","My Town: Wedding Day girl game","GAME_EDUCATIONAL"
""com.tz.nail.salon.art.nails.design.girl.games","Nail Salon Games Acrylic Nails","GAME_EDUCATIONAL"
""tech.powerz.powerz","PowerZ: New WorldZ","GAME_EDUCATIONAL"
""ge.bebi.balloon.pop.game","Balloon Pop Kids Learning Game","GAME_EDUCATIONAL"
""com.laboladoapp.labo_brick_car2","Labo Brick Car 2 Game for Kids","GAME_EDUCATIONAL"
""com.sinyee.babybus.market","Little Panda's Game: My World","GAME_EDUCATIONAL"
""com.forqan.tech.Jobs","Kids Games: Learning Games 3+","GAME_EDUCATIONAL"
""com.sinyee.babybus.marketIV","Little Panda's Town: Street","GAME_EDUCATIONAL"
""com.tutotoons.app.princessgloriamakeupsalon.free","Princess Gloria Makeup Salon","GAME_EDUCATIONAL"
""com.libii.paperdollcastle","Paper Princess's Dream Castle","GAME_EDUCATIONAL"
""com.iz.cooking.kitchen.games.girls.kids.food","Timpy Cooking Games for Kids","GAME_EDUCATIONAL"
""com.sinyee.babybus.ambulance","Baby Panda's Emergency Tips","GAME_EDUCATIONAL"
""com.tt.toddlergames.preschoollearning.educationalgames","Toddler Games: Kids Learning","GAME_EDUCATIONAL"
""com.eruditoplus.funny.food5.kids.toddlers.learning.games","Educational games for toddlers","GAME_EDUCATIONAL"
""com.bonbongame.kids.toddler.baby.care.games","Baby care game for kids","GAME_EDUCATIONAL"
""com.bebi.family.baby.coloring","Coloring games for kids: 2-5 y","GAME_EDUCATIONAL"
""com.PepiPlay.KingsCastle","Pepi Wonder World: Magic Isle!","GAME_EDUCATIONAL"
""com.tutotoons.app.amysanimalhairsalon.free","Amy's Animal Hair Salon","GAME_EDUCATIONAL"
""com.bubadu.bubbuschool","Bubbu School - My Virtual Pets","GAME_EDUCATIONAL"
""app.princessbabyphone.phonegame","Princess Baby Phone Game","GAME_EDUCATIONAL"
""com.pjmasks.heroacademy","PJ Masks™: Hero Academy","GAME_EDUCATIONAL"
""mycity.jailbreak","My City : Jail House","GAME_EDUCATIONAL"
""com.orange.gamesforkids.coloring.princess","Princess Coloring Book & Games","GAME_EDUCATIONAL"
""com.sinyee.babybus.selfcare","Baby Panda's Daily Habits","GAME_EDUCATIONAL"
""mycity.wedding","My City : Wedding Party","GAME_EDUCATIONAL"
""com.sinyee.babybus.marketV","Little Panda's Town: Vacation","GAME_EDUCATIONAL"
""com.happytools.learning.kids.games","Bebi: Baby Games for 2-4y kids","GAME_EDUCATIONAL"
""com.budgestudios.googleplay.BudgeWorld","Budge World - Kids Games 2-7","GAME_EDUCATIONAL"
""com.amayasoft.cars.kids.racing.toddlers.garage.game","Car games for kids & toddler","GAME_EDUCATIONAL"
""com.gamesforkids.preschoolworksheets.alphabets","ABC Tracing Preschool Games 2+","GAME_EDUCATIONAL"
""com.sinyee.babybus.townprincess","Little Panda's Town: Princess","GAME_EDUCATIONAL"
""com.fabulousfun.babysitterdaycare","BabySitter DayCare Games","GAME_EDUCATIONAL"
""com.ttcoin.network","TTcoin Network - 2024","GAME_EDUCATIONAL"
""es.monkimun.stlrunnervegetables","Runner Game by Lingokids","GAME_EDUCATIONAL"
""com.PepiPlay.PepiShopping","Pepi Super Stores: Fun & Games","GAME_EDUCATIONAL"
""com.sinyee.babybus.kids","BabyBus Kids: Baby Game World","GAME_EDUCATIONAL"
""com.MomoEs.KarfarolGames","Momo Words: vocabulary builder","GAME_EDUCATIONAL"
""mycity.highschool","My City : High School","GAME_EDUCATIONAL"
""com.sinyee.babybus.talk2kiki.global","Baby Panda's House Games","GAME_EDUCATIONAL"
""com.yasapets.hospital","Yasa Pets Hospital","GAME_EDUCATIONAL"
""com.playtoddlers.sunnyschoolstories.free","Sunny School Stories","GAME_EDUCATIONAL"
""coloring.car.paint.drawing.color.book","Car coloring games - Color car","GAME_EDUCATIONAL"
""com.rvappstudios.shapes.colors.toddler","Color Kids: Coloring Games","GAME_EDUCATIONAL"
""mytown.preschool.free","My Town: Preschool kids game","GAME_EDUCATIONAL"
""com.jg.spongeminds.preschooldemo","Kids School Games","GAME_EDUCATIONAL"
""com.kigle.cocobi.dentist","Cocobi Dentist - Kids Hospital","GAME_EDUCATIONAL"
""com.playwindgames.miiworld","Mii World: Avatar Life Story","GAME_EDUCATIONAL"
""com.libii.paperdollworld","Paper Princess: Shining World","GAME_EDUCATIONAL"
""com.AzonGroup.VladNiki","Vlad & Niki Car Games for Kids","GAME_EDUCATIONAL"
""com.iz.pretend.play.my.monster.town.airport.games.kids","Tizi Town - My Airport Games","GAME_EDUCATIONAL"
""com.iz.my.daycare.baby.sitter.kids.family.town.twins.games","My Tizi Town Daycare Baby Game","GAME_EDUCATIONAL"
""com.sinyee.babybus.dance","Little Panda: Princess Party","GAME_EDUCATIONAL"
""com.tt.coloring.drawing","Coloring and Drawing For Kids","GAME_EDUCATIONAL"
""com.tutotoons.app.amycare","Amy Care - My Leopard Baby","GAME_EDUCATIONAL"
""preschool.kidsgames.coloringbook","Toddler Drawing Games For Kids","GAME_EDUCATIONAL"
""com.tutotoons.app.candylockshairsalon.free","Candylocks Hair Salon","GAME_EDUCATIONAL"
""com.storytoys.myveryhungrycaterpillar.free.android.googleplay","My Very Hungry Caterpillar","GAME_EDUCATIONAL"
""com.playtoddlers.dailyshoppingstories.free","Daily Shopping Stories","GAME_EDUCATIONAL"
""myhome.kdomo.com","Minni Family Home - Play House","GAME_EDUCATIONAL"
""com.laboladoapp.labo_brick_train_5y_free","Labo Brick Train Game For Kids","GAME_EDUCATIONAL"
""com.kigle.cocobi.goodnight","Cocobi Goodnight - kids Habit","GAME_EDUCATIONAL"
""com.iz.hotel.my.world.town.life.pretend.play.kids.games","Tizi Town - My Hotel Games","GAME_EDUCATIONAL"
""com.laboladoapp.labo_engineering_vehicle","Labo Construction Truck-Kids","GAME_EDUCATIONAL"
""mycity.seaport","My City - Boat adventures","GAME_EDUCATIONAL"
""com.ubercab","Uber - Request a ride","MAPS_AND_NAVIGATION"
""me.lyft.android","Lyft","MAPS_AND_NAVIGATION"
""com.locationshare.family.phone","Phone Locator: Family Location","MAPS_AND_NAVIGATION"
""com.waze","Waze Navigation & Live Traffic","MAPS_AND_NAVIGATION"
""com.gps.location.live.earth.map.diriving.direction.weather.voice.navigation","Live Earth Map & GPS Map","MAPS_AND_NAVIGATION"
""com.maps.locator.gps.gpstracker.phone","Phone Tracker and GPS Location","MAPS_AND_NAVIGATION"
""com.maps.voice.navigation.traffic.gps.location.route.driving.directions","GPS, Maps, Voice Navigation","MAPS_AND_NAVIGATION"
""com.thetransitapp.droid","Transit • Subway & Bus Times","MAPS_AND_NAVIGATION"
""com.phonetracker.location.share","Phone Tracker","MAPS_AND_NAVIGATION"
""com.gps.phonelocation.tracker.locatorsharing.maps","GPS Location Tracker for Phone","MAPS_AND_NAVIGATION"
""com.tranzmate","Moovit: Bus & Train Schedules","MAPS_AND_NAVIGATION"
""onxmaps.offroad","onX Offroad: Trail Maps & GPS","MAPS_AND_NAVIGATION"
""com.location.finder.torres","Location Finder & Share","MAPS_AND_NAVIGATION"
""com.jvstudios.gpstracker","GPS+ Maps, Navigation, Traffic","MAPS_AND_NAVIGATION"
""gps.speedometer.digihud.odometer","GPS Speedometer - Odometer App","MAPS_AND_NAVIGATION"
""sinet.startup.inDriver","inDrive. Save on city rides","MAPS_AND_NAVIGATION"
""com.passportparking.mobile","Passport Parking","MAPS_AND_NAVIGATION"
""com.sharetracker.live.location","Live Location Share","MAPS_AND_NAVIGATION"
""com.sharlocation.friend.family","Location Share","MAPS_AND_NAVIGATION"
""ee.mtakso.client","Bolt: Request a Ride","MAPS_AND_NAVIGATION"
""gps.speedometer.gpsspeedometer.odometer","Speedometer: GPS Speedometer","MAPS_AND_NAVIGATION"
""com.parkwhiz.driverApp","ParkWhiz -- Parking App","MAPS_AND_NAVIGATION"
""org.rajman.neshan.traffic.tehran.navigator","نشان | نقشه و مسیریاب Neshan","MAPS_AND_NAVIGATION"
""com.waymo.carapp","Waymo One","MAPS_AND_NAVIGATION"
""com.radarapp.trip.speedometer","Offline Maps, GPS, Speedometer","MAPS_AND_NAVIGATION"
""com.spothero.spothero","SpotHero - Find Parking","MAPS_AND_NAVIGATION"
""com.voice.gps.driving.directions.gps.navigation.maps.location","Voice GPS & Driving Directions","MAPS_AND_NAVIGATION"
""com.webmarketing.exxonmpl","Exxon Mobil Rewards+","MAPS_AND_NAVIGATION"
""liveearthmap.liveearthcam.livestreetview","Live Earth Map HD - Live Cam","MAPS_AND_NAVIGATION"
""com.live.voice.navigation.driving.directions.gps.maps","GPS, Maps Driving Directions","MAPS_AND_NAVIGATION"
""com.radar.offlinemap.radarapp","Radar - Speed Camera Detector","MAPS_AND_NAVIGATION"
""com.coulombtech","ChargePoint","MAPS_AND_NAVIGATION"
""com.sixdays.truckerpath","Trucker Path: Truck GPS & Fuel","MAPS_AND_NAVIGATION"
""com.gpsearth.maphd.view3d.livesatellite.route.finderfree.navigation","Live Satellite View, GPS Maps","MAPS_AND_NAVIGATION"
""com.roadie.drive.android.app","Roadie Driver","MAPS_AND_NAVIGATION"
""com.maps.gps.navigation.drivingdirections.live.earth.gpsnavigation","GPS, Earth Maps & Navigation","MAPS_AND_NAVIGATION"
""com.njtransit.njtapp","NJ TRANSIT Mobile App","MAPS_AND_NAVIGATION"
""com.voice.navigation.driving.voicegps.map.directions","GPS Voice Navigation: Live Map","MAPS_AND_NAVIGATION"
""com.didiglobal.passenger","DiDi Rider: Affordable rides","MAPS_AND_NAVIGATION"
""com.mta.mobileapp","MTA TrainTime","MAPS_AND_NAVIGATION"
""com.theparkingspot.tpscustomer","The Parking Spot","MAPS_AND_NAVIGATION"
""com.tmt.gpsnavigation.satellitemap.driving.routefinder","Live Earth Map- Satellite View","MAPS_AND_NAVIGATION"
""phonetracker.locationtracker.gpstracker.familylocator","Phone Tracker: Phone Locator","MAPS_AND_NAVIGATION"
""com.locator.gps.trackinglocation","Phone Location Tracker via GPS","MAPS_AND_NAVIGATION"
""com.vialsoft.radarbot_free","Radarbot Speed Camera Detector","MAPS_AND_NAVIGATION"
""com.lutech.trackerlocation","Phone Tracker Location Tracker","MAPS_AND_NAVIGATION"
""com.nyctrans.it","MyTransit NYC Subway & MTA Bus","MAPS_AND_NAVIGATION"
""com.negroni.android.radar.maps.app","Radar Map, Radar Detector, HUD","MAPS_AND_NAVIGATION"
""com.citymapper.app.release","Citymapper","MAPS_AND_NAVIGATION"
""com.goxradar.hudnavigationapp21","Radar GO-X: HUD, GPS, Maps","MAPS_AND_NAVIGATION"
""com.Avenza","Avenza Maps: Offline Mapping","MAPS_AND_NAVIGATION"
""com.streetview.liveearthview.mapsnavigation.gpsfinder","Street View Earth Map Live GPS","MAPS_AND_NAVIGATION"
""com.navigationstreet.areafinder.livemaps.earthview.free","GPS Satellite Maps: Live Earth","MAPS_AND_NAVIGATION"
""com.gpsmaps.navigation.streetview.live.earthmap","GPS Navigation Live Earth Map","MAPS_AND_NAVIGATION"
""com.ea.evowner","Electrify America","MAPS_AND_NAVIGATION"
""com.thetrainline","Trainline: Train travel Europe","MAPS_AND_NAVIGATION"
""com.wavve.boating.gps","Wavve Boating: Marine Boat GPS","MAPS_AND_NAVIGATION"
""com.xatori.Plugshare","PlugShare - EV & Tesla Map","MAPS_AND_NAVIGATION"
""com.yandex.yango","Yango — different from a taxi","MAPS_AND_NAVIGATION"
""com.riserapp","RISER - the motorcycle app","MAPS_AND_NAVIGATION"
""com.loveland.pr","The Regrid Property App","MAPS_AND_NAVIGATION"
""map.ly.gps.navigation.route.planer","GPS Navigation Route Finder","MAPS_AND_NAVIGATION"
""com.generalmagic.magicearth","Magic Earth Navigation & Maps","MAPS_AND_NAVIGATION"
""shandy.radar.map.hud.navigation","Radar, HUD, Map, Speed Camera","MAPS_AND_NAVIGATION"
""com.live.earthmap.streetview.livecam","Live Earth Map - World Map 3D","MAPS_AND_NAVIGATION"
""com.trailbehind.android.gaiagps.pro","Gaia GPS: Offroad Hiking Maps","MAPS_AND_NAVIGATION"
""com.tomtom.gplay.navapp","TomTom GO Navigation","MAPS_AND_NAVIGATION"
""com.gps.maps.appsence","GPS, Maps & Driving Directions","MAPS_AND_NAVIGATION"
""com.mapquest.android.ace","MapQuest: Get Directions","MAPS_AND_NAVIGATION"
""com.tmobile.syncuptag","SyncUP TRACKER","MAPS_AND_NAVIGATION"
""com.mudflap.mudflap","Mudflap","MAPS_AND_NAVIGATION"
""fakegps.fakelocation.mocklocation.gpsfaker","FlashGo: Fake GPS Location","MAPS_AND_NAVIGATION"
""com.gps.map.navigation.tracker.location.compass.handy","GPS Navigation - Route Finder","MAPS_AND_NAVIGATION"
""com.think.earth","Earth 3D Map","MAPS_AND_NAVIGATION"
""com.live.earth.map.satellite.map.view.driving.directions.navigation","Earth Map Satellite: View Live","MAPS_AND_NAVIGATION"
""com.live.earth.map.satellite.earth.landmarks.live.earth.cam","Earth Map: Live Satellite View","MAPS_AND_NAVIGATION"
""com.yellowishdev.hyrecarandroid","HyreCar Driver - Gig Rentals","MAPS_AND_NAVIGATION"
""com.gpsmaps.streetview.gpsnavigation.live.routefinder","GPS Satellite View: Live Maps","MAPS_AND_NAVIGATION"
""io.apptitude.premiumparking","Premium Parking","MAPS_AND_NAVIGATION"
""com.gpsnavigation.maps.gpsroutefinder.routemap","GPS Navigation: Road Map Route","MAPS_AND_NAVIGATION"
""com.ridecharge.android.taximagic","Curb - Request & Pay for Taxis","MAPS_AND_NAVIGATION"
""com.marinetraffic.android","MarineTraffic - Ship Tracking","MAPS_AND_NAVIGATION"
""dk.unwire.projects.dart","GoPass ®","MAPS_AND_NAVIGATION"
""com.truckmap.truckmap","TruckMap - Truck GPS Routes","MAPS_AND_NAVIGATION"
""com.sygic.aura","Sygic GPS Navigation & Maps","MAPS_AND_NAVIGATION"
""com.citibikenyc.citibike","Citi Bike","MAPS_AND_NAVIGATION"
""com.digitalspeedometer.odometer.speedometer.speed","Speedometer: GPS Speed Tracker","MAPS_AND_NAVIGATION"
""com.rosteam.gpsemulator","GPS Emulator","MAPS_AND_NAVIGATION"
""com.macropoint.application","MacroPoint for Truckers","MAPS_AND_NAVIGATION"
""com.gss.street.view.gps.map","Street View Live 3D GPS Map","MAPS_AND_NAVIGATION"
""com.truckersreport.hammer","Hammer: Truck GPS & Maps","MAPS_AND_NAVIGATION"
""apps.r.compass","Compass: Accurate Compass","MAPS_AND_NAVIGATION"
""com.frayt.driverv3","FRAYT Driver","MAPS_AND_NAVIGATION"
""com.volta.android","Volta Charging","MAPS_AND_NAVIGATION"
""com.maps.android.trafficradarapp","Map Drive - Radar, Speedometer","MAPS_AND_NAVIGATION"
""com.ridezum.zum","Zum - Student Transportation","MAPS_AND_NAVIGATION"
""com.geotracker.gps.location.global","Phone Locator Tracker with GPS","MAPS_AND_NAVIGATION"
""com.AvailTec.MyStop","myStop® Mobile","MAPS_AND_NAVIGATION"
""com.careem.acma","Careem – rides, food & more","MAPS_AND_NAVIGATION"
""com.underwood.route_optimiser","Circuit Route Planner","MAPS_AND_NAVIGATION"
""com.mbta.mobileapp","MBTA mTicket","MAPS_AND_NAVIGATION"
""com.applidium.vianavigo","Île-de-France Mobilités","MAPS_AND_NAVIGATION"
""com.live.street.view.streetview.maps.gps.navigation.route.finder.gpsnav","Mobile Number Locator App","MAPS_AND_NAVIGATION"
""com.maps.radar.navigation.android2023","MapXplorer: Navigation, Radar","MAPS_AND_NAVIGATION"
""org.valleymetro.app","Valley Metro","MAPS_AND_NAVIGATION"
""com.lynxspa.prontotreno","Trenitalia","MAPS_AND_NAVIGATION"
""com.passportparking.mobile.parkchicago","ParkChicago®","MAPS_AND_NAVIGATION"
""com.reverllc.rever","REVER - Motorcycle GPS & Rides","MAPS_AND_NAVIGATION"
""com.nhn.android.nmap","NAVER Map, Navigation","MAPS_AND_NAVIGATION"
""com.uae.airport.flightsstatus","Flight Tracker - Flight Radar","MAPS_AND_NAVIGATION"
""speedometer.gpsspeedometer.gps.odometer.speed","GPS Speedometer & Odometer","MAPS_AND_NAVIGATION"
""com.mapcord.gps.coordinates","GPS Coordinates Locator Map","MAPS_AND_NAVIGATION"
""se.app.detecht","Detecht - Motorcycle App & GPS","MAPS_AND_NAVIGATION"
""com.driving.guide.earth.navigationmap.trackingfree","GPS Earth Maps Live Navigation","MAPS_AND_NAVIGATION"
""ru.yandex.taxi","Yandex Go: Taxi Food Delivery","MAPS_AND_NAVIGATION"
""com.garmin.android.apps.explore","Garmin Explore™","MAPS_AND_NAVIGATION"
""com.dena.automotive.taxibell","GO / Taxi app for Japan","MAPS_AND_NAVIGATION"
""com.salebug.truckstop","Trucker Tools","MAPS_AND_NAVIGATION"
""com.what3words.android","what3words: Navigation & Maps","MAPS_AND_NAVIGATION"
""com.maps.radar.mapapp22","Maps All in One, Speedometer","MAPS_AND_NAVIGATION"
""com.cellular.finder","Cellular Tower - Signal Finder","MAPS_AND_NAVIGATION"
""com.appslogix.drivingroute.gps.map","Live Satellite View GPS Map","MAPS_AND_NAVIGATION"
""com.catscale.weighmytruck","Weigh My Truck","MAPS_AND_NAVIGATION"
""com.rstech.maps.gps.route.finder.number.location.tracker.directions.maps.gpsarea.navigation.compass","GPS Navigation, Map Directions","MAPS_AND_NAVIGATION"
""com.zecosystems.greenlots","Shell Recharge","MAPS_AND_NAVIGATION"
""com.live.earth.map.gps.navigation.directions.streetview.speedometer.satellite.webcam","Earth Map Satellite","MAPS_AND_NAVIGATION"
""com.baladmaps","بلد - مسیریاب، نقشه - Balad","MAPS_AND_NAVIGATION"
""com_3d.earth.map.live.earth.satellite.world.map.navigator","Earth Map Satellite Live View","MAPS_AND_NAVIGATION"
""navigation.location.maps.finder.directions.gps.gpsroutefinder","GPS Navigation Maps Directions","MAPS_AND_NAVIGATION"
""com.truckerguide.droid","Trucker Guide: Navigation Tool","MAPS_AND_NAVIGATION"
""com.evconnect.ionic","EV Connect","MAPS_AND_NAVIGATION"
""com.norta.lepass","Le Pass","MAPS_AND_NAVIGATION"
""com.grabtaxi.driver2","Grab Driver: App for Partners","MAPS_AND_NAVIGATION"
""com.rapido.passenger","Rapido: Bike-Taxi, Auto & Cabs","MAPS_AND_NAVIGATION"
""com.taymay.compass","Compass App: Direction Compass","MAPS_AND_NAVIGATION"
""org.septa.android.app","SEPTA","MAPS_AND_NAVIGATION"
""com.tql.carrierdashboard","TQL Carrier Dashboard","MAPS_AND_NAVIGATION"
""ru.yandex.yandexmaps","Yandex Maps and Navigator","MAPS_AND_NAVIGATION"
""com.roadwarrior.android","RoadWarrior Route Planner","MAPS_AND_NAVIGATION"
""com.virtualmaze.offlinemapnavigationtracker","Offline Map Navigation","MAPS_AND_NAVIGATION"
""com.miczon.sharelocation","GPS Location Tracker by Phone","MAPS_AND_NAVIGATION"
""com.satellitemap.gpsnavigation.directions.drivingroute.tracking.free","GPS Satellite Maps Navigation","MAPS_AND_NAVIGATION"
""ch.sbb.mobile.android.b2c","SBB Mobile","MAPS_AND_NAVIGATION"
""live.camera.earthcam.street.view.world.map","Live Earth Cam - Street View","MAPS_AND_NAVIGATION"
""com.motivateco.chicagoapp","Divvy","MAPS_AND_NAVIGATION"
""com.navitime.inbound.walk","Japan Travel – Route,Map,Guide","MAPS_AND_NAVIGATION"
""com.fabernovel.ratp","Bonjour RATP","MAPS_AND_NAVIGATION"
""com.spotangels.android","SpotAngels Parking & Gas","MAPS_AND_NAVIGATION"
""com.milu.compass22g","Compass 22G (GPS Camera)","MAPS_AND_NAVIGATION"
""com.zc.android","Zipcar","MAPS_AND_NAVIGATION"
""com.ridemetro.houstontrip","RideMETRO","MAPS_AND_NAVIGATION"
""livestreetview.gpsnavigation.liveearthmap","Live Street View - Earth Map","MAPS_AND_NAVIGATION"
""com.location.test","My Location - Track GPS & Maps","MAPS_AND_NAVIGATION"
""com.savvy.navvy.android.app","savvy navvy : Boat Navigation","MAPS_AND_NAVIGATION"
""com.location.sharing.fwhere.mapswithme.android","Real-time GPS Location Sharing","MAPS_AND_NAVIGATION"
""com.gps.navigation.maps.directions","Maps Driving Directions","MAPS_AND_NAVIGATION"
""com.tripshot.rider","TripShot","MAPS_AND_NAVIGATION"
""com.joulespersecond.seattlebusbot","OneBusAway","MAPS_AND_NAVIGATION"
""com.itsmarta.martaapp","MARTA On the Go","MAPS_AND_NAVIGATION"
""com.appscourt.livestreetview.gps.maps.travelnavigation.apps","Live Satellite View GPS Map","MAPS_AND_NAVIGATION"
""com.yatechnologies.yassir_rider","Yassir - Ride, Eat & Shop","MAPS_AND_NAVIGATION"
""ee.mtakso.driver","Bolt Driver: Drive & Earn","MAPS_AND_NAVIGATION"
""com.onwaterapp","onWater Fish - Fishing Spots","MAPS_AND_NAVIGATION"
""net.mtmlink.member","MTM Link Member","MAPS_AND_NAVIGATION"
""eu.flightapps.airtraffic","Air Traffic - flight tracker","MAPS_AND_NAVIGATION"
""com.trackimo.android.tracki","Tracki GPS – Track Cars, Kids,","MAPS_AND_NAVIGATION"
""com.compassfree.digitalcompass.forandroid.app","Compass app - Accurate Compass","MAPS_AND_NAVIGATION"
""com.lazparking","LAZ Parking","MAPS_AND_NAVIGATION"
""uk.gov.tfl.gotfl","TfL Go: Live Tube, Bus & Rail","MAPS_AND_NAVIGATION"
""tat.example.ildar.seer","Police Detector - Speed Radar","MAPS_AND_NAVIGATION"
""com.geotab.androidCheckmate","Geotab Drive","MAPS_AND_NAVIGATION"
""com.halfmilelabs.footpath","Footpath Route Planner","MAPS_AND_NAVIGATION"
""com.ztrip","zTrip","MAPS_AND_NAVIGATION"
""net.psyberia.offlinemaps","All-In-One Offline Maps","MAPS_AND_NAVIGATION"
""com.coveragemap.coveragemap","Coverage Map - LTE & 5G Maps","MAPS_AND_NAVIGATION"
""com.live.street.views.solar.system","Street View: Satellite Map","MAPS_AND_NAVIGATION"
""com.satellitefinder.currentlocation.map.levelmeter.satfinder.inclinometer","Satellite Finder Director: GPS","MAPS_AND_NAVIGATION"
""com.chrobinson.navispherecarrier","Navisphere Carrier","MAPS_AND_NAVIGATION"
""com.gps.speedometer.odometer.speedtracker.pedometer.stepcounter","Speedometer - Odometer App","MAPS_AND_NAVIGATION"
""com.hundred.qibla.finder","Qibla Finder Compass 100%","MAPS_AND_NAVIGATION"
""com.morkam.speedometer.gps","GPS Speedometer","MAPS_AND_NAVIGATION"
""com.intpark.android.iparkit","iParkit Garage Parking","MAPS_AND_NAVIGATION"
""com.mobile.fakelocation","Fake GPS Location- LocaEdit","MAPS_AND_NAVIGATION"
""com.rayo.savecurrentlocation","Save Location GPS","MAPS_AND_NAVIGATION"
""com.garmin.android.marine","Garmin ActiveCaptain®","MAPS_AND_NAVIGATION"
""mobile.fourkites.com.carrierLink","FourKites CarrierLink App","MAPS_AND_NAVIGATION"
""com.cedarelectronics.smartsight","Drive Smarter","MAPS_AND_NAVIGATION"
""com.theappninjas.fakegpsjoystick","Fake GPS Location-GPS JoyStick","MAPS_AND_NAVIGATION"
""maps.gpstracker.phonetracker","Phone Tracker - GPS Location","MAPS_AND_NAVIGATION"
""com.caltopo.android","CalTopo: Backcountry Mapping","MAPS_AND_NAVIGATION"
""com.is.satellite.finder.gps.detector.app","Satellite Tracker: Dish Finder","MAPS_AND_NAVIGATION"
""com.arhiled.gpstracker","GPS Tracker & Speedometer","MAPS_AND_NAVIGATION"
""com.huawei.maps.app","Petal Maps – GPS & Navigation","MAPS_AND_NAVIGATION"
""com.tomtom.speedcams.android.map","TomTom AmiGO - GPS Navigation","MAPS_AND_NAVIGATION"
""gps.speedometer.tripmeter.odometer.speedtracker.stepcounter","GPS Speedometer -Speed Tracker","MAPS_AND_NAVIGATION"
""com.gpsnavigation.satellitemap","Street View & Satellite Map","MAPS_AND_NAVIGATION"
""com.truckerpath.truckloads","Trucker Path Load Board","MAPS_AND_NAVIGATION"
""com.qvyshift.e85","E85 Stations USA","MAPS_AND_NAVIGATION"
""com.raa.gps.maps.voice.navigation.location.traffic.route.driving.directions","GPS Route Maps & Navigation","MAPS_AND_NAVIGATION"
""com.jixit.qibladirection.salahtimes","Qibla Finder - Qibla Direction","MAPS_AND_NAVIGATION"
""com.classdojo.android","ClassDojo","FAMILY"
""com.google.android.apps.youtube.kids","YouTube Kids","FAMILY"
""com.pazugames.avatarworld","Avatar World ®","FAMILY"
""com.tocaboca.tocalifeworld","Toca Boca World","FAMILY"
""com.microblink.photomath","Photomath","FAMILY"
""com.budgestudios.googleplay.BlueyBLU","Bluey: Let's Play!","FAMILY"
""org.pbskids.video","PBS KIDS Video","FAMILY"
""mobi.abcmouse.academy_goo","ABCmouse – Kids Learning Games","FAMILY"
""com.tocaboca.tocakitchen2","Toca Boca Jr","FAMILY"
""com.facebook.talk","Messenger Kids – The Messaging","FAMILY"
""org.videolan.vlc","VLC for Android","FAMILY"
""com.mojang.minecraftedu","Minecraft Education","FAMILY"
""org.pbskids.gamesapp","PBS KIDS Games App","FAMILY"
""com.budgestudios.HelloKittyNailSalon","Hello Kitty Nail Salon","FAMILY"
""com.ahaworld.ahaworld","Aha World: Doll Dress-Up Game","FAMILY"
""com.ixl.ixlmath","IXL","FAMILY"
""com.lego.legobuildinginstructions","LEGO® Builder","FAMILY"
""no.mobitroll.kahoot.android","Kahoot! Play & Create Quizzes","FAMILY"
""com.rud.twelvelocks2","12 Locks II","FAMILY"
""com.tocaboca.tocahairsalon4","Toca Boca Hair Salon 4","FAMILY"
""com.rvappstudios.baby.games.piano.phone.kids","Baby Games: Piano & Baby Phone","FAMILY"
""com.peppapig.worldofpeppapig_g","World of Peppa Pig: Kids Games","FAMILY"
""com.storytoys.lego.duplo.disney.mickey.and.friends.googleplay","LEGO® DUPLO® DISNEY","FAMILY"
""com.kgs.housedesigner","House Designer : Fix & Flip","FAMILY"
""com.tutotoons.app.fluvsies.free","Fluvsies - A Fluff to Luv","FAMILY"
""com.spinmaster.gabbysdollhouse","Gabbys Dollhouse: Games & Cats","FAMILY"
""com.budgestudios.googleplay.PawPatrolRescueWorld","PAW Patrol Rescue World","FAMILY"
""com.rvappstudios.baby.toddler.kids.games.learning.activity","Kids Games: For Toddlers 3-5","FAMILY"
""com.storytoys.lego.duplo.marvel.spiderman.avengers.kids.preschool.free.googleplay","LEGO® DUPLO® MARVEL","FAMILY"
""com.rvappstudios.kids.coloring.book.color.painting","Coloring Games: Color & Paint","FAMILY"
""com.turborocketgames.wildcraft","WildCraft: Animal Sim Online","FAMILY"
""com.rvappstudios.abc_kids_toddler_tracing_phonics","ABC Kids - Tracing & Phonics","FAMILY"
""com.pazugames.avatarmaker","Avatar Maker Dress up for kids","FAMILY"
""com.prodigygame.prodigy","Prodigy Math: Kids Game","FAMILY"
""ai.mybuddy.talkingflashcards_new","Buddy.ai: Fun Learning Games","FAMILY"
""com.my.tizi.modern.home.decor.room.design.house","Tizi Modern Home & Room Design","FAMILY"
""air.com.starfall.more","Starfall","FAMILY"
""com.psv.like_nastya.event_agency","Like Nastya: Party Time","FAMILY"
""com.storytoys.lego.duplo.peppa.pig.googleplay","LEGO® DUPLO® PEPPA PIG","FAMILY"
""com.originatorkids.paw","PAW Patrol Academy","FAMILY"
""com.synthesia.synthesia","Synthesia","FAMILY"
""com.sinyee.babybus.recommendapp.global","Baby Panda's Kids Play","FAMILY"
""com.budgestudios.googleplay.HotWheelsUnlimited","Hot Wheels Unlimited","FAMILY"
""kr.co.smartstudy.babyshark_android_googlemarket","Pinkfong Baby Shark: Kid Games","FAMILY"
""com.orange.kidspiano.music.songs","Piano Kids - Music & Songs","FAMILY"
""com.YovoGames.dentist","Children's doctor : dentist","FAMILY"
""com.rvappstudios.kids.drawing.games.coloring.book.paint","Drawing Games: Draw & Color","FAMILY"
""com.getepic.Epic","Epic: Kids' Books & Reading","FAMILY"
""com.duolingo.literacy","Learn to Read - Duolingo ABC","FAMILY"
""com.budgestudios.googleplay.FrozenFRZ","Disney Frozen Royal Castle","FAMILY"
""com.WildWorks.RyansTag","Tag with Ryan","FAMILY"
""com.devgame.masha.and.bear.my.friends","Masha and the Bear: My Friends","FAMILY"
""mermaid.life.games","Mermaid Games: Princess Salon","FAMILY"
""com.devgame.masha.and.bear.pizzeria.games","Masha and the Bear Pizza Maker","FAMILY"
""com.psv.hello_kitty.doctor_hospital","Hello Kitty: Kids Hospital","FAMILY"
""com.gameloft.android.ANMP.GloftPOHM","My Little Pony: Magic Princess","FAMILY"
""com.edujoy.dentist","Dentist games","FAMILY"
""com.sagosago.World.googleplay","Sago Mini World: Kids Games","FAMILY"
""com.tutotoons.app.sweetbabygirlcleanup5.free","Sweet Baby Girl Cleanup 5","FAMILY"
""air.com.hypah.io.slither","slither.io","FAMILY"
""com.tutotoons.app.animalhairsalonaustralia.free","Animal Hair Salon Australia","FAMILY"
""smellymoo.sand","sand:box","FAMILY"
""es.monkimun.lingokids","Lingokids - Play and Learn","FAMILY"
""com.sesameworkshop.alphabetkitchen.play","Sesame Street Alphabet Kitchen","FAMILY"
""com.pizza.maker.game.baking.making.cooking","Pizza Maker Kids Cooking Games","FAMILY"
""com.budgestudios.googleplay.MiraculousMIR","Miraculous Ladybug Life","FAMILY"
""com.appquiz.baby.ballons","Baby Balloons pop","FAMILY"
""com.tutotoons.app.princesses","Princesses - Enchanted Castle","FAMILY"
""com.sinyee.babybus.foodstory","Baby Panda's Food Party","FAMILY"
""com.gi.talkinggummybear","Talking Gummy Bear Kids Games","FAMILY"
""com.sinyee.babybus.taxi","Baby Panda's School Bus","FAMILY"
""com.sagosago.School.googleplay","Sago Mini School (Kids 2-5)","FAMILY"
""com.rvappstudios.math.kids.counting","Math Kids: Math Games For Kids","FAMILY"
""me.apptivise.vladnikita","Vlad and Niki – games & videos","FAMILY"
""org.khankids.android","Khan Academy Kids","FAMILY"
""com.Edugamus.CityPatrol","City Patrol : Rescue Vehicles","FAMILY"
""com.storytoys.disney.pixar.coloring.princess.googleplay","Disney Coloring World","FAMILY"
""com.educational.baby.games","Baby Games for 1-3 Year Olds","FAMILY"
""wolfoo.spa.beautysalon.hairsalon.hairstyle.fashion","Lucy: Makeup and Dress up","FAMILY"
""com.orange.coloring.learn.kids","Coloring & Learn","FAMILY"
""com.budgestudios.googleplay.BarbieDreamhouse","Barbie Dreamhouse Adventures","FAMILY"
""com.piggy.panda.cake.maker.games","Cake Maker: Kids Cooking Games","FAMILY"
""com.tutotoons.app.lolsurprisediscohouse","L.O.L. Surprise! Disco House","FAMILY"
""com.tutotoons.app.gigglebabies","Giggle Babies - Toddler Care","FAMILY"
""com.mojang.minecraftedu_preview","Minecraft Education Preview","FAMILY"
""com.tutotoons.app.junglefloof","Jungle Floof - Island Pet Care","FAMILY"
""doll.makeover.fashion.makeup.anime.avatar.dressupgames","Doll Makeup: Dress up for kids","FAMILY"
""com.tutotoons.app.floofmypethouse","Floof - My Pet House","FAMILY"
""com.bubadu.bubbu","Bubbu – My Virtual Pet Cat","FAMILY"
""com.sinyee.babybus.icecream","Little Panda's Ice Cream Games","FAMILY"
""com.sinyee.babybus.restaurant","Little Panda's Restaurant","FAMILY"
""com.turner.cnvideoapp","Cartoon Network App","FAMILY"
""com.tt.coloring.drawing.girls","Coloring and Drawing For Girls","FAMILY"
""com.sinyee.babybus.safetytips","Sheriff Labrador's Safety Tips","FAMILY"
""com.drawing.pad.desk.app.coloring.book.paint.sketch","Drawing Apps: Draw, Sketch Pad","FAMILY"
""com.libii.frozenworld","Paper Princess's Fantasy Life","FAMILY"
""com.tutotoons.app.jungleanimalhairsalon2.free","Jungle Animal Hair Salon 2","FAMILY"
""com.iz.tizi.royal.princess.dollhouse.life.games.home.design.world.my.wonder.town","Tizi Town: My Princess Games","FAMILY"
""tv.alphablocks.numberblocksworld","Numberblocks World","FAMILY"
""com.bible.kids","Bible App for Kids","FAMILY"
""art.games.color.princess.coloring","Doll Color: Princess Coloring","FAMILY"
""com.tutotoons.app.mybabyunicorn.free","My Baby Unicorn - Pony Care","FAMILY"
""com.sinyee.babybus.marketIII","Panda Games: Town Home","FAMILY"
""com.tutotoons.app.fluvsiesmergeparty","Fluvsies Merge Party","FAMILY"
""com.iz.coloring.games.kids.drawing.book.color.by.number","Coloring Games for Kids: Color","FAMILY"
""com.happytap.mermaidphone","Baby Princess Mermaid Phone","FAMILY"
""com.paperboatapps.google.kiddopia","Kiddopia - Kids Learning Games","FAMILY"
""com.tutotoons.app.fruitsies","Fruitsies - Pet Friends","FAMILY"
""com.rvappstudios.abc.spelling.toddler.spell.phonics","Spelling & Phonics: Kids Games","FAMILY"
""com.sinyee.babybus.world","Baby Panda World : Kids Games","FAMILY"
""com.lego.supermario","LEGO® Super Mario™","FAMILY"
""com.storytoys.marvelhq.googleplay","Marvel HQ: Kids Super Hero Fun","FAMILY"
""com.PepiPlay.PepiHospital","Pepi Hospital: Learn & Care","FAMILY"
""com.pazugames.nailsalon","Girls Nail Salon - Kids Games","FAMILY"
""cute.color.coloring.puzzle","Cute Drawing : Anime Color Fan","FAMILY"
""com.rvappstudios.math.games.kids.addition.subtraction.multiplication.division","Math Games: Math for Kids","FAMILY"
""gen.tech.keiki.world.learning","Keiki Learning games for Kids","FAMILY"
""com.forqan.tech.PrincessColoring","Princess Coloring Book & Games","FAMILY"
""jp.pokemon.pokemonquest","Pokémon Quest","FAMILY"
""glitter.color.beauty.coloring.games","Glitter Beauty Color For Kids","FAMILY"
""com.edujoy.vlad.niki","Vlad and Niki - Smart Games","FAMILY"
""com.playtoddlers.sweethomestories.free","Sweet Home Stories","FAMILY"
""com.tutotoons.app.kpopsiescuteunicornpets","Kpopsies - Hatch Baby Unicorns","FAMILY"
""com.kigle.cocobi.hospital","Cocobi Hospital - Kids Doctor","FAMILY"
""com.pepiplay.pepischool","Pepi School: Playful Learning","FAMILY"
""com.bekids.save.dog.puzzle.games","Dog Bee Rescue - Save the Dog","FAMILY"
""com.playhome.plus","My PlayHome Plus","FAMILY"
""com.bimiboo.kids.cooking.games","Kids Cooking Games 2 year olds","FAMILY"
""com.pazugames.sushimaker","Sushi Maker Kids Cooking Games","FAMILY"
""com.devgame.booba.cooking.kids.games","Booba Kitchen: Kids Cooking!","FAMILY"
""com.nailsalon.acrylic.polish.designs.nails.art.game.forgirls","Nails Salon Games - Nail Art","FAMILY"
""mytown.mytownworld","My Town World - Mega Doll City","FAMILY"
""com.sinyee.babybus.shopping","Baby Panda's Supermarket","FAMILY"
""com.sinyee.babybus.princess_coloring_fantasy_magic_girls_games","Princess Game Fantasy Coloring","FAMILY"
""com.playtoddlers.centralhospitalstories.free","Central Hospital Stories","FAMILY"
""com.kigle.cocobi.babycare","Cocobi Baby Care - Babysitter","FAMILY"
""com.YovoGames.babycare","Baby Care : Toddler games","FAMILY"
""com.ninja.coloringbook","Boys Ninja Coloring & Memory","FAMILY"
""com.tutotoons.app.smolsies2","Smolsies 2 - Cute Pet Stories","FAMILY"
""com.rvappstudios.numbers123.toddler.counting.tracing","123 Numbers - Count & Tracing","FAMILY"
""com.rvappstudios.jigsaw.puzzles.kids","Puzzle Kids: Jigsaw Puzzles","FAMILY"
""com.toddler.coloring","Toddler Coloring Book For Kids","FAMILY"
""com.epicrondigital.romadianashow","Diana and Roma: Videos & Games","FAMILY"
""com.miaworld.life.avatar.doll.dressup.design.makeover","Mia World - Makeover Life","FAMILY"
""com.ferrero.applayduGP","Applaydu Play & Discover","FAMILY"
""com.coloring.dinosaur","Dino Coloring Game","FAMILY"
""kr.co.smartstudy.singingphone_android_googlemarket","Pinkfong Baby Shark Phone Game","FAMILY"
""mycity.pjparty","My City : Pajama Party","FAMILY"
""com.sinyee.babybus.princessII","Little Panda: Princess Makeup","FAMILY"
""com.rvappstudios.sight.words.phonics.reading.kids.games","Learn to Read: Kids Games","FAMILY"
""com.pjmasks.powerheroes","PJ Masks™: Power Heroes","FAMILY"
""com.abcya.android.games","ABCya! Games","FAMILY"
""com.budgestudios.googleplay.BudgeRacing","Race Craft - Kids Car Games","FAMILY"
""com.budgestudios.HelloKittyLunchBox","Hello Kitty Lunchbox","FAMILY"
""com.playtoddlers.happydaycarestories.free","Happy Daycare Stories - School","FAMILY"
""com.playtoddlers.urbancitystories.free","Urban City Stories: World Game","FAMILY"
""com.sinyee.babybus.tailor","Baby Panda's Fashion Dress Up","FAMILY"
""teaching_com.reading_com","Learn to Read: Reading.com","FAMILY"
""com.tutotoons.app.powergirlsfantasticheroes","Power Girls - Fantastic Heroes","FAMILY"
""com.bonbongame.toys.games.kids","Toy And Games for kids & Baby","FAMILY"
""com.kidgame.supermarket","Supermarket: Shopping Games","FAMILY"
""com.justalk.kids.android","JusTalk Kids - Safe Messenger","FAMILY"
""com.wb.goog.legoswtfa","LEGO® Star Wars™: TFA","FAMILY"
""com.sinyee.babybus.dress","Little Panda: Doll Dress up","FAMILY"
""com.rvappstudios.toddler.preschool.kids.learning.games","Kids Toddler & Preschool Games","FAMILY"
""com.yasapets.town","Yasa Pets Town","FAMILY"
""com.miga.world","Miga Town: My World","FAMILY"
""com.bubadu.supermarket","Supermarket Game","FAMILY"
""com.imctoys.crybabiesmagictears","Cry Babies","FAMILY"
""air.com.tutotoons.app.animalhairsalon2jungle.free","Jungle Animal Hair Salon","FAMILY"
""com.bonbongame.life.world.kids.games","BonBon Life World Make Stories","FAMILY"
""com.budgestudios.BarbieMagicalFashion","Barbie Magical Fashion","FAMILY"
""com.rvappstudios.kids.multiplication.games.multiply.math","Kids Multiplication Math Games","FAMILY"
""com.KidsAcademy123.games.coco.spa.salon","Coco's Spa & Salon","FAMILY"
""com.tutotoons.app.lolsurpriseomgfashionclub","LOL Surprise! OMG Fashion Club","FAMILY"
""com.movile.playkids","PlayKids+ Cartoons and Games","FAMILY"
""com.kigle.cocobi.lifeworld","Cocobi Life World - city, town","FAMILY"
""com.budgestudios.googleplay.ThomasAndFriendsMinis","Thomas & Friends Minis","FAMILY"
""com.psv.lol.surprise.pet_center","L.O.L. Surprise! Pet Center","FAMILY"
""com.learninga_z.onyourown","Kids A-Z","FAMILY"
""boys.coloring.book.painting.games","Kids Coloring Pages For Boys","FAMILY"
""com.subara.stories.travels","World Travel Stories - Airport","FAMILY"
""com.redberry.glitterdressa2","Glitter Dress Coloring Game","FAMILY"
""se.illusionlabs.bmx","Touchgrind BMX","FAMILY"
""com.kigle.cocobi.littlepolice","Cocobi Little Police - Kids","FAMILY"
""com.frojo.moy7","Moy 7 - Virtual Pet Game","FAMILY"
""com.fitnessapps.yogakidsworkouts","Yoga for Kids & Family fitness","FAMILY"
""com.budgestudios.googleplay.hellokittyfashionstar","Hello Kitty Fashion Star","FAMILY"
""com.iz.my.doctor.hospital.kids.world.life.town.pretend.play.games","My Hospital Town Doctor Games","FAMILY"
""com.pazugames.princesspetpalace","Princess Palace Pets World","FAMILY"
""com.cateater.stopmotionstudio","Stop Motion Studio","FAMILY"
""com.budgestudios.googleplay.MyLittlePonyRainbowRunners","My Little Pony Rainbow Runners","FAMILY"
""com.psv.vlad_and_niki.birthday_party","Vlad and Niki: Birthday Party","FAMILY"
""com.pepiplay.pepihome","Pepi House: Happy Family","FAMILY"
""com.tutotoons.app.smolsiesmycutepethouse.free","Smolsies - My Cute Pet House","FAMILY"
""com.playtoddlers.vacationhotelstories.free","Vacation Hotel Stories","FAMILY"
""hu.crabs.kidmaze","Maze for Kids","FAMILY"
""com.kids.learning.abc.games","ABC Games: Tracing & phonics","FAMILY"
""com.kigle.cocobi.world.one","Cocobi World 1 - Kids Game","FAMILY"
""org.scratchjr.android","ScratchJr","FAMILY"
""com.education.android.h.intelligence","Gauth: AI Study Companion","EDUCATION"
""com.duolingo","Duolingo: Language Lessons","EDUCATION"
""com.classdojo.android","ClassDojo","EDUCATION"
""com.remind101","Remind: School Communication","EDUCATION"
""cn.danatech.xingseus","PictureThis - Plant Identifier","EDUCATION"
""com.microblink.photomath","Photomath","EDUCATION"
""com.instructure.candroid","Canvas Student","EDUCATION"
""com.joytunes.simplypiano","Simply Piano: Learn Piano Fast","EDUCATION"
""com.parentsquare.psapp","ParentSquare","EDUCATION"
""com.babbel.mobile.android.en","Babbel - Learn Languages","EDUCATION"
""org.pbskids.video","PBS KIDS Video","EDUCATION"
""mobi.abcmouse.academy_goo","ABCmouse – Kids Learning Games","EDUCATION"
""com.qianfan.aihomework","Question.AI - Chatbot&Math AI","EDUCATION"
""com.quizlet.quizletandroid","Quizlet: AI-powered Flashcards","EDUCATION"
""com.headway.books","Headway: 15-Min Book Summaries","EDUCATION"
""com.mojang.minecraftedu","Minecraft Education","EDUCATION"
""org.talkingpoints.parents","FAMILIES | TalkingPoints","EDUCATION"
""com.ixl.ixlmath","IXL","EDUCATION"
""no.mobitroll.kahoot.android","Kahoot! Play & Create Quizzes","EDUCATION"
""com.codeway.homework","Nerd AI - Tutor & Math Helper","EDUCATION"
""com.adaptedmind.mobile","AdaptedMind Math","EDUCATION"
""seesaw.shadowpuppet.co.classroom","Seesaw","EDUCATION"
""com.storytoys.lego.duplo.disney.mickey.and.friends.googleplay","LEGO® DUPLO® DISNEY","EDUCATION"
""co.brainly","Brainly: AI Homework Helper","EDUCATION"
""com.dmvwrittentest.android","Driver Written Test: 2024 Test","EDUCATION"
""com.wonder","Elevate - Brain Training Games","EDUCATION"
""co.kidcasa.app","brightwheel: Childcare App","EDUCATION"
""com.tocaboca.tocahairsalon4","Toca Boca Hair Salon 4","EDUCATION"
""com.storytoys.lego.duplo.marvel.spiderman.avengers.kids.preschool.free.googleplay","LEGO® DUPLO® MARVEL","EDUCATION"
""com.scaleup.plantid","Plant App - Plant Identifier","EDUCATION"
""ai.mybuddy.talkingflashcards_new","Buddy.ai: Fun Learning Games","EDUCATION"
""com.bagatrix.mathway.android","Mathway: Scan & Solve Problems","EDUCATION"
""io.legacy.academy","Legacy Academy – Learn Success","EDUCATION"
""air.com.starfall.more","Starfall","EDUCATION"
""us.nobarriers.elsa","ELSA Speak: English Learning","EDUCATION"
""com.learnlanguage.languagelearning.app2022","Lingutown - Learn Languages","EDUCATION"
""com.myplantin.app","PlantIn Plant Identifier, Care","EDUCATION"
""com.originatorkids.paw","PAW Patrol Academy","EDUCATION"
""kr.co.smartstudy.babyshark_android_googlemarket","Pinkfong Baby Shark: Kid Games","EDUCATION"
""com.codeway.brainapp","IQMasters Brain Training Games","EDUCATION"
""com.getepic.Epic","Epic: Kids' Books & Reading","EDUCATION"
""com.duolingo.literacy","Learn to Read - Duolingo ABC","EDUCATION"
""com.noctuasoftware.stellarium_free","Stellarium Mobile - Star Map","EDUCATION"
""com.infinitecampus.parent.campusportalhybrid","Campus Parent","EDUCATION"
""net.wordbit.enes","WordBit Inglés","EDUCATION"
""com.getmimo","Learn Coding/Programming: Mimo","EDUCATION"
""ai.praktika.android","Speak English with Praktika","EDUCATION"
""com.yousician.yousician","Yousician: Learn Guitar & Bass","EDUCATION"
""gov.nasa","NASA","EDUCATION"
""es.monkimun.lingokids","Lingokids - Play and Learn","EDUCATION"
""com.kinderlime.dev","Procare: Childcare App","EDUCATION"
""com.polywise.lucid","Imprint: Learn Visually","EDUCATION"
""com.chegg","Chegg Study - Homework Helper","EDUCATION"
""com.infinitecampus.student.campusportalhybrid","Campus Student","EDUCATION"
""org.plantnet","PlantNet Plant Identification","EDUCATION"
""com.astralerstudio.mydmv.android","DMV Permit Practice Test 2024","EDUCATION"
""scientific.graphing.calculator.t84.t36.t83","Graphing calculator plus 84 83","EDUCATION"
""com.selabs.speak","Speak - Language Learning","EDUCATION"
""com.hss.msb","MSB Parent, USA","EDUCATION"
""com.glority.pictureinsect","Picture Insect: Bug Identifier","EDUCATION"
""org.khankids.android","Khan Academy Kids","EDUCATION"
""com.busuu.android.enc","Busuu: Learn & Speak Languages","EDUCATION"
""org.khanacademy.android","Khan Academy","EDUCATION"
""com.hellotalk","HelloTalk - Learn Languages","EDUCATION"
""com.d2l.brightspace.student.android","Brightspace Pulse","EDUCATION"
""com.aeries.mobile.psp","Aeries Mobile Portal","EDUCATION"
""ai.metaverselabs.grammargpt","Grammar Check by AI Writing","EDUCATION"
""com.vitalsource.bookshelf","Bookshelf","EDUCATION"
""org.coursera.android","Coursera: Learn career skills","EDUCATION"
""com.mojang.minecraftedu_preview","Minecraft Education Preview","EDUCATION"
""com.codeway.plantapp","Plantify: AI Plant Identifier","EDUCATION"
""com.instructure.parentapp","Canvas Parent","EDUCATION"
""com.synovia.herecomesthebus","Here Comes the Bus","EDUCATION"
""com.loora.app","Speak English with Loora AI","EDUCATION"
""com.crazylab.cameramath","UpStudy - Camera Math Solver","EDUCATION"
""com.cappital.prageru","PragerU","EDUCATION"
""rock.identifier.stone.gem.crystal.mineral","Rock ID - Stone Identifier","EDUCATION"
""com.bible.kids","Bible App for Kids","EDUCATION"
""com.pearson.plus","Pearson+","EDUCATION"
""com.testgames.psyhologytests","Psychological Assessment Test","EDUCATION"
""com.driverlicenseapp","Zutobi: Permit Practice Test","EDUCATION"
""com.lingvano.app","Lingvano: Sign Language - ASL","EDUCATION"
""com.unacademy.antonio","Unacademy Languages","EDUCATION"
""com.paperboatapps.google.kiddopia","Kiddopia - Kids Learning Games","EDUCATION"
""com.simonandschuster.pimsleur.unified.android","Pimsleur: Language Learning","EDUCATION"
""com.goperceptron.superteacher","Super Teacher","EDUCATION"
""com.civicapps.getagameplanla","Get A Game Plan","EDUCATION"
""com.hrd.vocabulary","Vocabulary - Learn words daily","EDUCATION"
""air.com.rosettastone.mobile.CoursePlayer","Rosetta Stone: Learn, Practice","EDUCATION"
""com.languagelearningapp.learnandspeak.android2023","Lingual Coach: Learn with AI","EDUCATION"
""com.cleverapps.english","10 Minute English","EDUCATION"
""com.memrise.android.memrisecompanion","Memrise: speak a new language","EDUCATION"
""com.blinkslabs.blinkist.android","Blinkist: Book Summaries Daily","EDUCATION"
""ai.turbolearn","Turbolearn - AI Note Taker","EDUCATION"
""com.easymath.smartcalculator.unitconverter.basiccalculator","Easy Math: AI Homework Helper","EDUCATION"
""com.deepstash","Deepstash: Smarter Every Day!","EDUCATION"
""com.ichi2.anki","AnkiDroid Flashcards","EDUCATION"
""com.weipaitang.coin","HeritCoin: AI Identify Coins","EDUCATION"
""com.wiserapp.android","Wiser - 15 minutes Audio Books","EDUCATION"
""org.inaturalist.seek","Seek by iNaturalist","EDUCATION"
""com.PYOPYO.StarTracker","Star Tracker - Mobile Sky Map ","EDUCATION"
""com.coloring.dinosaur","Dino Coloring Game","EDUCATION"
""kr.co.smartstudy.singingphone_android_googlemarket","Pinkfong Baby Shark Phone Game","EDUCATION"
""com.intsig.camexam","Quiz.AI: Math Solver&Chatbot","EDUCATION"
""com.devsense.symbolab","Symbolab: AI Math Solver","EDUCATION"
""com.blackboard.android.bbstudent","Blackboard Learn","EDUCATION"
""com.frontline.frontlinemobile","Frontline Education","EDUCATION"
""teaching_com.reading_com","Learn to Read: Reading.com","EDUCATION"
""org.inaturalist.android","iNaturalist","EDUCATION"
""com.t11.skyviewfree","SkyView® Lite","EDUCATION"
""com.jeffreydiaz.android.app.cdlprep","CDL Prep","EDUCATION"
""com.traductor.englishtospanishtranslator.Translatoralllanguages.spanish.english.translatespainlanguage","English Spanish Translator","EDUCATION"
""com.joytunes.simplyguitar","Simply Guitar - Learn Guitar","EDUCATION"
""advanced.scientific.calculator.calc991.plus","Scientific calculator plus 991","EDUCATION"
""com.atistudios.mondly.languages","Mondly: Learn 33 Languages","EDUCATION"
""com.miga.world","Miga Town: My World","EDUCATION"
""com.burlingtonenglish.burlingtonenglish","BurlingtonEnglish","EDUCATION"
""com.alison.mobile.flutter","Alison: Online Education App","EDUCATION"
""com.learninga_z.onyourown","Kids A-Z","EDUCATION"
""com.redberry.glitterdressa2","Glitter Dress Coloring Game","EDUCATION"
""com.bestfungames.cdl","CDL Prep Practice Test 2024","EDUCATION"
""com.desmos.calculator","Desmos Graphing Calculator","EDUCATION"
""com.transfinder.stopfinder","Stopfinder","EDUCATION"
""com.udemy.android","Udemy - Online Courses","EDUCATION"
""com.firststudentinc.firstview","FirstView","EDUCATION"
""com.linq.linqconnect","LINQ Connect","EDUCATION"
""com.linkedin.android.learning","LinkedIn Learning","EDUCATION"
""org.scratchjr.android","ScratchJr","EDUCATION"
""com.practicum.mobile.flutter","Coding Courses by TripleTen","EDUCATION"
""com.dmvwrittentest.android.cdl","CDL Practice Written Test","EDUCATION"
""com.languageeducation.learnanewlanguage","MemoryLingo - Learn Languages","EDUCATION"
""com.mobireactor.signlanguage","Sign Language ASL Pocket Sign","EDUCATION"
""com.anjeldeveloper.essentialword","آموزش زبان انگلیسی 504 واژه","EDUCATION"
""net.bloomz","Bloomz","EDUCATION"
""kr.co.smartstudy.bbshospitalgame_android_googlemarket","Baby Shark Hospital Play: Game","EDUCATION"
""com.edkey.quicktakes","QuickTakes-AI Study Companion","EDUCATION"
""com.lingodeer","LingoDeer - Learn Languages","EDUCATION"
""com.newmg.yurao.pro","Translator: Screen Translation","EDUCATION"
""com.moodle.moodlemobile","Moodle","EDUCATION"
""com.parentsquare.studentsquare","StudentSquare","EDUCATION"
""homework.helper","Homework Helper & Math Solver","EDUCATION"
""plant.identification.snap","LeafSnap Plant Identification","EDUCATION"
""com.wtb.mrider","WheresTheBus","EDUCATION"
""com.siwalusoftware.dogscanner","Dog Scanner: Breed Recognition","EDUCATION"
""net.tandem","Tandem: Language exchange","EDUCATION"
""kizcastle.junytony","JunyTony- Learning & Games!","EDUCATION"
""daldev.android.gradehelper","School Planner","EDUCATION"
""com.logicappkids","LogicLike: Math Games for kids","EDUCATION"
""com.vitotechnology.StarWalk2Free","Star Walk 2 Ads+ Sky Map View","EDUCATION"
""com.moymer.falou","Falou - Fast language learning","EDUCATION"
""com.preply","Preply: Learn Languages","EDUCATION"
""com.playdatedigital.playdohabcsfreemium","PLAY-DOH Create ABCs","EDUCATION"
""air.com.eu.inove.sss2","Solar System Scope","EDUCATION"
""kr.co.smartstudy.bbsworld_android_googlemarket","Baby Shark World for Kids","EDUCATION"
""ru.iiec.pydroid3","Pydroid 3 - IDE for Python 3","EDUCATION"
""com.lumoslabs.lumosity","Lumosity: Brain Training","EDUCATION"
""kr.co.smartstudy.bbspizzagame_android_googlemarket","Baby Shark Pizza Game for Kids","EDUCATION"
""com.languagedrops.drops.international","Drops: Language Learning Games","EDUCATION"
""org.bloomberg.connects.docent","Bloomberg Connects","EDUCATION"
""com.babybus.overseas.superjojo","BabyBus TV:Kids Videos & Games","EDUCATION"
""com.blarma.high5","Learn English Vocabulary","EDUCATION"
""org.commonapp.apply","Common App","EDUCATION"
""com.mathmaji.app","Mathmaji - Math Learning","EDUCATION"
""com.dzano.drivingtests","Driving Test – Road Junctions","EDUCATION"
""com.blake.readingeggs.android","Reading Eggs - Learn to Read","EDUCATION"
""curso.d.ingles.gratis","Aprender Inglés Curso","EDUCATION"
""plant.identification.flower.tree.leaf.identifier.identify.cat.dog.breed.nature","Plantum - Plant Identifier","EDUCATION"
""com.BigYellowTaxi.HookedPhonics","Hooked on Phonics Learning","EDUCATION"
""woofz.dog.training.app","Woofz - Puppy and Dog Training","EDUCATION"
""app.dogo.com.dogo_android","Dogo — Puppy and Dog Training","EDUCATION"
""com.ionicframework.cursosdegraca","Cursa - Online courses","EDUCATION"
""com.hotmart.sparkle","Hotmart","EDUCATION"
""com.cyberdavinci.gptkeyboard","Answer.AI - Your AI tutor","EDUCATION"
""com.magicmath.mathslover.cameramath.aimath","Magic Math- Photo Math Scanner","EDUCATION"
""kr.co.smartstudy.bbfbabycare_android_googlemarket","Bebefinn Baby Care: Kids Game","EDUCATION"
""com.sesameworkshop.elabcs.play","Elmo Loves ABCs","EDUCATION"
""com.aihomework","Quizard AI - Homework Helper","EDUCATION"
""bug.identifier.insect.identification.spider.pest","Bug ID - Insect Identifier","EDUCATION"
""com.sololearn","Sololearn: Learn to code","EDUCATION"
""com.datacamp","DataCamp | Data, AI and Coding","EDUCATION"
""com.vedasapps.flashcards","Anki Pro: Flashcards Learning","EDUCATION"
""com.coursehero.coursehero","Course Hero: AI Homework Help","EDUCATION"
""com.bestfungames.asvab","ASVAB Practice Test 2024 Prep","EDUCATION"
""com.learnyland.animals","The Animals: Animal Kids Games","EDUCATION"
""com.vexcel.mywic","myWIC Mosaic","EDUCATION"
""com.rallsoftwares.dmvpracticetest","Driver's License Practice Test","EDUCATION"
""kr.co.smartstudy.babysharkcoloring_android_googlemarket","Baby Shark Coloring Book: Kids","EDUCATION"
""com.glority.picturemushroom","Picture Mushroom - Mushroom ID","EDUCATION"
""com.fantasy.star.inour.sky","Star Roam Sky Map Planet","EDUCATION"
""com.blackboard.transact.android.v2","Transact eAccounts","EDUCATION"
""ru.zengalt.simpler","Simpler: English learning app","EDUCATION"
""tinytap.kids.learning.games","TinyTap: Kids' Learning Games","EDUCATION"
""tv.skyship.supersimple","Super Simple - Kids Songs","EDUCATION"
""game.gamedevelopment.gamedev.makegames.mobilegames.creategame.learngame","Build Your First Game","EDUCATION"
""com.learnwithhomer.webapp","HOMER: Fun Learning For Kids","EDUCATION"
""org.brilliant.android","Brilliant: Learn by doing","EDUCATION"
""hacking.learnhacking.learn.hack.ethicalhacking.programming.coding.hackerx.cybersecurity","Learn Ethical Hacking: HackerX","EDUCATION"
""io.zimran.prosperi","Prosperi Academy","EDUCATION"
""kr.co.smartstudy.shapescolors_android_googlemarket","Pinkfong Shapes & Colors","EDUCATION"
""com.schoolcafe.app","SchoolCafé","EDUCATION"
""com.google.android.apps.photos","Google Photos","WATCH_FACE"
""com.jeremysteckling.facerrel","Facer Watch Faces","WATCH_FACE"
""com.watchfacestudio.v12","TOP GUN - hybrid watch face","WATCH_FACE"
""com.recreative.outdoor","Outdoor - Mountain & Sea","WATCH_FACE"
""com.watchfacestudio.craft01_latukom","Hybrid LATUKOM WS 1 Watch face","WATCH_FACE"
""com.watchfacestudio.ficture_reflecto_light","Ficture Reflecto Light","WATCH_FACE"
""com.pujie.watchfaces","Watch Faces - Pujie","WATCH_FACE"
""com.inbody2014.inbody","InBody","WATCH_FACE"
""com.zaheer.scifi","Sci-Fi Digital Watch Face","WATCH_FACE"
""com.watch.face.wallpaper","Watch Face Wallpaper","WATCH_FACE"
""com.watchfacestudio.lihtnes024","Sporty Watch Face 024","WATCH_FACE"
""com.luxsank.analogclassic","Analog Classic - Luxsank","WATCH_FACE"
""com.watchfacestudio.PER009_Mesaa","Sport Watch Face PER009 Mesa","WATCH_FACE"
""com.watchfacestudio.wfp225_brutal","WFP 225 Hybrid watch face","WATCH_FACE"
""slide.watchFrenzy","WatchMaker Watch Faces","WATCH_FACE"
""com.gywatchface.gyd003","GYD003 | Digital watchface","WATCH_FACE"
""watch.richface.androidwear.jubilee","RF Jubilee Watch Face Preview","WATCH_FACE"
""com.watchfacestudio.s4urconefree","S4U RC ONE - Basic watch face","WATCH_FACE"
""com.watchfacestudio.lihtnes044","Health Watch Face 044","WATCH_FACE"
""com.watchfacestudio.blaine021","Blaine 021 Hybrid Watch Face","WATCH_FACE"
""com.space.galaxy.galaxy3d.watchface.wear","3D Galaxy Watch Face","WATCH_FACE"
""com.recreative.recreative01","Minimal & Simple Watch - RE","WATCH_FACE"
""com.watch.richface.challenger","Challenger Watch Face","WATCH_FACE"
""fr.thema.wear.watch.minimalistpixel","Simple Pixel Watch Face","WATCH_FACE"
""com.watchfacedesigns.Vanish","Vanishing Hour - Watch Face","WATCH_FACE"
""com.watchfacestudio.md266","MD266 Classic Watch Face","WATCH_FACE"
""com.watchfacestudio.sg_61","SG-61","WATCH_FACE"
""watch.richface.androidwear.fazer","Fazer Watch Face","WATCH_FACE"
""com.sparkistic.photowear","PhotoWear Classic Watch Face","WATCH_FACE"
""com.watchfacestudio.ballozi.skynox.watchface","Ballozi SKYNOX Analog","WATCH_FACE"
""com.samsung.sree","Samsung Global Goals","WATCH_FACE"
""com.watchfacestudio.per015","Sport Watch Face PER015 Luna","WATCH_FACE"
""com.watchfacestudio.sg_sport_2","SG Sport 2","WATCH_FACE"
""com.watchfacestudio.sh098","SH098 Watch Face, WearOS watch","WATCH_FACE"
""fr.thema.wear.watch.flower","Flower Watch Face","WATCH_FACE"
""com.sixty9design.magicroad2","[69D] Magic Road 2  watch face","WATCH_FACE"
""com.watchfacestudio.lihtnes001","Lihtnes Watch Face 001","WATCH_FACE"
""com.benoitletondor.pixelminimalwatchface","Minimal Watch Faces","WATCH_FACE"
""com.watchfacestudio.otsa4silver2","OT | Analog Watch Face 4 S","WATCH_FACE"
""com.watchfacedesigns.Rotate","Rotate - Digital Watch Face","WATCH_FACE"
""com.watchfacestudio.lihtnes019","Sports Watch Face 019","WATCH_FACE"
""com.watchfacestudio.minimalblack1","Minimal Black Watch Face","WATCH_FACE"
""com.gluroo.app","Gluroo: Diabetes Log Tracker","WATCH_FACE"
""com.myzone.myzoneble","Myzone","WATCH_FACE"
""com.sparkine.watchfaces","Muviz Watch Faces Collection","WATCH_FACE"
""com.watchfacestudio.kf154","KF154 WATCH FACE","WATCH_FACE"
""com.watchfacestudio.ac24","Analog Classic 24 Wear OS 4+","WATCH_FACE"
""lunarmoonphasewatchface.fullmoonviewonmywatch.moonplanetartwatchfaces","Lunar Moon Phase Watch Faces","WATCH_FACE"
""com.watchfacestudio.awfwave","Wave: Wear OS Watch face","WATCH_FACE"
""com.watchfacestudio.sunlight","Sunlight Watch Face","WATCH_FACE"
""com.amoledwatchfaces.digitalinformer","Digital Informer: Watch face","WATCH_FACE"
""neonwatchface.neonlightwatch.neonsignwatchfaces","Neon Glow Watch Faces","WATCH_FACE"
""com.watchfacestudio.samwatch_basic_2_2021","SamWatch Basic 2 2024","WATCH_FACE"
""com.watchfacestudio.per003_signatra","Retro Digital PER003 Signatra","WATCH_FACE"
""wfs.wtw.m13b10free","WTW M13B10 Basic watch face","WATCH_FACE"
""com.gywatchface.gyh007","GYH007: Hybrid watchface","WATCH_FACE"
""com.GD.Minimal","Minimal Watch Face","WATCH_FACE"
""com.bosenko.watchface.marinecaptain","Marine Captain Watch Face","WATCH_FACE"
""com.watchfacestudio.ai_code_black_F","AI Code Black F","WATCH_FACE"
""com.watchfacestudio.goldensimple","Golden Simple Classic Watch","WATCH_FACE"
""watch.richface.androidwear.novus","Novus WatchFace","WATCH_FACE"
""com.recreative.pumpkinframe","Autumn Frame & Halloween","WATCH_FACE"
""com.watch.richface.ultra","Ultra Watch Face","WATCH_FACE"
""com.futorum.w5","Weather watch face W5","WATCH_FACE"
""watch.richface.androidwear.metrix","Metrix Watch Face","WATCH_FACE"
""com.apposter.watchmaker","TIMEFLIK Watch Face","WATCH_FACE"
""com.watchfacestudio.chromebasic","Chrome Basic Watch Face","WATCH_FACE"
""com.gs.watchface.halloween","GS Halloween Animated Face","WATCH_FACE"
""com.mahmoudzadah.watchface.arabic.premium","Arabic Premium Watchface","WATCH_FACE"
""com.recreative.recreative23","Military Classic - Army - RE23","WATCH_FACE"
""com.ammarptn.willow.digital.watch.face","Willow - Photo Watch face","WATCH_FACE"
""com.watchfacestudio.az251halloweenwatch","AZ251 Halloween Watch","WATCH_FACE"
""com.watchfacestudio.ey01","EY01 Flowers Watch Face","WATCH_FACE"
""com.cogulplanet.watchfacestudio.autumnblossom","Autumn Blossom_Watchface","WATCH_FACE"
""com.citadelle_du_web.custom_luxury_watchface","Custom Luxury Watchface","WATCH_FACE"
""fr.thema.wear.watch.summerflower","Summer Flower Watch Face","WATCH_FACE"
""com.watchfacestudio.per004_nova","Sport Watch Face PER004 Nova","WATCH_FACE"
""com.karzt.kz01digital","KZ01 - Digital Watch face","WATCH_FACE"
""com.watchfacestudio.s4urconeusa","S4U RC ONE - USA watch face","WATCH_FACE"
""sk.trupici.gwatch.wear","G-Watch Wear App","WATCH_FACE"
""skullwatchface.scaryskullonwearoswatch.neonskullartwatchfaces","Skull Watchface: Wear OS Watch","WATCH_FACE"
""com.cogulplanet.watchfacestudio.colorfulskulltattoo","Colorful Skull_Watchface","WATCH_FACE"
""fr.thema.wear.watch.feisar","Feisar Watch Face","WATCH_FACE"
""com.watchfacestudio.awfmnmlthin","MNML Thin Watch face","WATCH_FACE"
""com.watchfacestudio.samwatch_basic_2021","SamWatch Basic 2024","WATCH_FACE"
""huskydev.android.watchface.halloween","Halloween Watch Face HuskyDEV","WATCH_FACE"
""dyna.logix.bookmarkbubbles","Bubble Cloud Wear OS Launcher","WATCH_FACE"
""com.watchfacestudio.digital_rubik_animation","Pump Up The Flame Animated","WATCH_FACE"
""com.watchfacestudio.wfp1","WFP 239 Ultra watch face","WATCH_FACE"
""com.watchfacedesigns.Concentric","Concentric - Pixel Watch Face","WATCH_FACE"
""com.primedesign.galaxywatchface","Galaxy Watch Face","WATCH_FACE"
""fr.thema.wear.watch.destroy","Destroy Watch Face","WATCH_FACE"
""de.mindfabrik.watchface.android.dos","DOS Style Watch face","WATCH_FACE"
""watch.richface.androidwear.cyber","Cyber Watch Face","WATCH_FACE"
""com.watchfacestudio.NeonShatter","Wear OS Watch Neon Shatte","WATCH_FACE"
""com.recreative.brightmarble","Bright Marble - Rose Gold","WATCH_FACE"
""fr.thema.wear.watch.butterfly","Butterfly Watch Face","WATCH_FACE"
""com.amoledwatchfaces.simpledigital","Simple Digital Watch Face","WATCH_FACE"
""fr.thema.wear.watch.spacetraveler","Space Traveler Watch Face","WATCH_FACE"
""fr.thema.wear.watch.octane","Octane Watch Face","WATCH_FACE"
""com.mpw.bc.big.eyes","Black Meaw","WATCH_FACE"
""com.watchfacestudio.zion_blue","ZION Blue - digital watch face","WATCH_FACE"
""com.recreative.recreative30","RE30 - Minimal - Simple","WATCH_FACE"
""time.flies.nebula","Nebula Watch Face","WATCH_FACE"
""autumnwatchfaceforestscene.animatedautumnweatheronwatch.beautifulautumnwatchfaces","Autumn Watchface: Forest Scene","WATCH_FACE"
""com.orhanyapici.mnm","MNM","WATCH_FACE"
""watch.richface.androidwear.digitec","Digitec Watch Face","WATCH_FACE"
""fr.thema.wear.watch.legion","Legion Watch Face","WATCH_FACE"
""com.watchfacestudio.wdesignwos125","W-Design WOS125 - Watch Face","WATCH_FACE"
""watch.richface.androidwear.digitalvision","Digital Vision Watch Face","WATCH_FACE"
""com.rzrdesign.ticboy","Atomic Tic Watch Face","WATCH_FACE"
""wb.traveller.analog","Traveller Watch face","WATCH_FACE"
""com.cogulplanet.watchfacestudio.believeinyourselfneonflower","Neon Flower_Watchface","WATCH_FACE"
""com.watchface.minimalabstract","Pixel - minimal watch face","WATCH_FACE"
""com.futorum.h6","Futorum H6 Digital watch face","WATCH_FACE"
""com.watchfacestudio.per019","Classic Watch Face PER019","WATCH_FACE"
""com.sparkine.mwf.bigapple","Big & Bold - Apple Watch Face","WATCH_FACE"
""watch.richface.androidwear.walker","Walker Watch Face","WATCH_FACE"
""com.watchfacestudio.perslot_06","ULTRA-2","WATCH_FACE"
""com.cogulplanet.watch.loverindarknight","Lover In Dark Night -Watchface","WATCH_FACE"
""com.gw.thesunset","The Sunset Digital Watchface","WATCH_FACE"
""com.futorum.w6","Weather watch face W6","WATCH_FACE"
""com.amoledwatchfaces.photowatchface","Photo Watch face for Wear OS","WATCH_FACE"
""com.watchfacestudio.AnalogClassic5","Analog Classic 5 Wear OS4","WATCH_FACE"
""watch.richface.androidwear.evander","Evander Watch Face","WATCH_FACE"
""com.watchfacestudio.tanchahalloween","Tancha Halloween Watch Face","WATCH_FACE"
""com.messa.messabn70","Classic Watch Face White Messa","WATCH_FACE"
""watch.richface.androidwear.visor","Visor: Smartwatch Faces App","WATCH_FACE"
""com.heartdustdesign.railwayclock","Railway Clock Watch Face","WATCH_FACE"
""fr.thema.wear.watch.christmaslights","Christmas Lights Watch Face","WATCH_FACE"
""com.starwatchfaces.summervibes","Summer Vibes","WATCH_FACE"
""com.messa.messabn28","Messa Watch Face BN28 Classic","WATCH_FACE"
""com.kacera.photos","Photos - Wear OS Image Gallery","WATCH_FACE"
""com.albuquerquedesign.adanalog013","AD ELgnT - Watch Face","WATCH_FACE"
""com.gs.watchface.hybrid7","GS Hybrid 7 Watch Face","WATCH_FACE"
""com.amoledwatchfaces.athlete2lite","Athlete 2 Lite: Watch face","WATCH_FACE"
""fr.thema.wear.watch.dmax","D-Max Watch Face","WATCH_FACE"
""com.watchfacestudio.messabn25","Messa Watch Face BN25 Classic","WATCH_FACE"
""fr.thema.wear.watch.minimalanalog","Minimal Analog Watch Face","WATCH_FACE"
""com.tvisuals.tvvluxuryflowers","TVV Luxury Flowers Watch Face","WATCH_FACE"
""com.watchfacestudio.perslot_07","ULTRA-3","WATCH_FACE"
""com.watchfacestudio.sumoinfo","Digital watch face - SUMO INFO","WATCH_FACE"
""com.gs.watchface.weather11","GS Weather 11 Hybrid Watchface","WATCH_FACE"
""fr.thema.wear.watch.sonar","Sonar Watch Face","WATCH_FACE"
""es.watchfaces.wes21","WES21 - Colorful Watch Face","WATCH_FACE"
""com.f2pool.f2pool","F2Pool","WATCH_FACE"
""com.cogulplanet.watchfacestudio.rainbowsunflowerpattern","Rainbow Sunflower_Watchface","WATCH_FACE"
""com.watchfacestudio.WFP243_Sporty","WFP 243 Sporty watch face","WATCH_FACE"
""com.watchfacestudio.minia","MINI DIGITAL","WATCH_FACE"
""fr.thema.wear.watch.swift","Swift Watch Face","WATCH_FACE"
""fr.thema.wear.watch.cvoid","C-Void Watch Face","WATCH_FACE"
""fr.thema.wear.watch.gover","G-Over Watch Face","WATCH_FACE"
""watch.richface.androidwear.fury","Fury Watch Face","WATCH_FACE"
""com.watchfacestudio.tanchas32","Tancha S32 Classic Watch Face","WATCH_FACE"
""com.spwatch.spclassic6","SP Classic 6","WATCH_FACE"
""com.watchfacestudio.perslot_05","ULTRA-1","WATCH_FACE"
""com.denite.watchface.comicpow","Comic Pow HD Watch Face","WATCH_FACE"
""com.denite.watchface.galaxyglow","Galaxy Glow HD Watch Face","WATCH_FACE"
""watch.richface.androidwear.striker","Digital Striker Watch Face","WATCH_FACE"
""com.futorum.h8","Futorum H8 Digital watch face","WATCH_FACE"
""com.tinyapps.facegallerypro","Face Gallery Pro Wear Tizen OS","WATCH_FACE"
""com.djay.pixelsimple","Pixel Style Watch Face","WATCH_FACE"
""com.nbsix.wff.contour","nbWatch Contour WFF","WATCH_FACE"
""com.artistrytimestudios.f03","Retro 8Bit Pixel Castle - F03","WATCH_FACE"
""com.cool.watch.faces.maker.igor","Watch faces - Clock Wallpaper","WATCH_FACE"
""wolfwatchfacewearos.fullmoonnightwolfwatchfaces.scarydangerwolfonwatch","Wolf Watch Face: Wear OS Watch","WATCH_FACE"
""com.nrwatchfaceshop.nr03","NR03:Watch Face","WATCH_FACE"
""com.watchfacestudio.nightysaver","Nighty Saver - watch face","WATCH_FACE"
""com.denite.watchface.diamondbling","Diamond Bling HD Watch Face","WATCH_FACE"
""com.swisswatchface.swf.solar.v2.planets.proseries","SWF Solar Planets Watch Face","WATCH_FACE"
""com.tks.noir","TKS 10 Noir Watch Face","WATCH_FACE"
""com.watchfacestudio.dbgrd1","Digital Gradient WF Wear OS 4+","WATCH_FACE"
""com.silversun.digital_oled","Digital OLED","WATCH_FACE"
""fr.thema.wear.watch.venom","Venom Watch Face","WATCH_FACE"
""fr.thema.wear.watch.minimaldigital","Minimal Digital Watch Face","WATCH_FACE"
""animatedcarbongear.animatedgearcomplication.gearmechanisumanimate","Animated Gears Watchfaces","WATCH_FACE"
""com.sparkine.mwf.cmfanalog","Retro Analog Watch Face","WATCH_FACE"
""com.watchfacestudio.goldclassic1","Gold Classic 1 Wear OS 4+","WATCH_FACE"
""fr.thema.wear.watch.cuteanimals","Cute Animals Watch Face","WATCH_FACE"
""com.futorum.bdw","Basic Digital Watch Face","WATCH_FACE"
""com.amoledwatchfaces.pacifice","Pacific E: watch face","WATCH_FACE"
""com.watch.richface.guard","Guard Watch Face","WATCH_FACE"
""fr.thema.wear.watch.advanced","Advanced Watch Face","WATCH_FACE"
""wb.tourbillon.classic","Tourbillon Classic Watch face","WATCH_FACE"
""com.watchfacestudio.militaryf01","Military Watch Face - F01","WATCH_FACE"
""qwf.ammarptn.com.qwf","Holo Watch face","WATCH_FACE"
""com.watchfacestudio.pww77","PW77 - Simple Lady Watch Face","WATCH_FACE"
""fr.thema.wear.watch.rtype","R-Type Watch Face","WATCH_FACE"
""com.creationcue.crc046","Analog watch face CRC046","WATCH_FACE"
""com.watch.richface.shield","Shield Watch Face","WATCH_FACE"
""com.watchfaces.garbi100","Garbi 100 - Hybrid watch face","WATCH_FACE"
""ie.mug.zerophase","Zero Phase Watch Face","WATCH_FACE"
""skeletonwatchface.skullwithskeletonwatchface.scaryskeletononwearoswatch","Skeleton Watch Face","WATCH_FACE"
""in.thedesigncycle.radii","Radii - Wear OS Watch Face","WATCH_FACE"
""com.arkadiykruglov.LabradorRetrieversWallpapers","DIGITAL DIRING 04 Watch face","WATCH_FACE"
""com.watchfacestudio.dadam32","DADAM32 Analog Watch Face","WATCH_FACE"
""dev.kirnbauer.nexachrono","NexaChrono","WATCH_FACE"
""com.starwatchfaces.springvibes","Spring Vibes","WATCH_FACE"
""com.facer.fcr92roLrEAdC","Animated Fire Watch Face","WATCH_FACE"
""fr.thema.wear.watch.guardian","Guardian Watch Face","WATCH_FACE"
""com.photoroom.app","Photoroom AI Photo Editor","PHOTOGRAPHY"
""com.camerasideas.instashot","Video Editor & Maker - InShot","PHOTOGRAPHY"
""com.gpsmapcamera.live.map.geotag.gps","GPS Camera & Photo Timestamp","PHOTOGRAPHY"
""com.picsart.studio","Picsart: AI Photo Video Editor","PHOTOGRAPHY"
""com.google.android.apps.photos","Google Photos","PHOTOGRAPHY"
""com.yes366.etm","ETM: AI Art Generator","PHOTOGRAPHY"
""com.amazon.clouddrive.photos","Amazon Photos","PHOTOGRAPHY"
""com.adobe.psmobile","Photoshop Express Photo Editor","PHOTOGRAPHY"
""com.scaleup.photofx","PhotoApp - AI Photo Enhancer","PHOTOGRAPHY"
""com.adobe.lrmobile","Lightroom Photo & Video Editor","PHOTOGRAPHY"
""photo.editor.photoeditor.photoeditorpro","AI Photo Editor - Polish","PHOTOGRAPHY"
""ai.photo.enhancer.photoclear","UpFoto - AI Photo Enhancer","PHOTOGRAPHY"
""com.ai.polyverse.mirror","AI Mirror: Hugs Video & Photo","PHOTOGRAPHY"
""gallery.photogallery.pictures.vault.album","Gallery - Photo Gallery, Album","PHOTOGRAPHY"
""com.lyrebirdstudio.facelab","FaceLab Face Editor App, Aging","PHOTOGRAPHY"
""hair.style.changer.filter.haircut.color.cut.hairstyle.beard.editor.bald.dye","HairApp: Hair Styler App, Bald","PHOTOGRAPHY"
""com.bigwinepot.nwdn.international","Remini - AI Photo Enhancer","PHOTOGRAPHY"
""com.intermedia.hd.camera.professional","ProCam X - Lite :HD Camera Pro","PHOTOGRAPHY"
""com.appostrophe.scrl","SCRL: Photo Collage Maker","PHOTOGRAPHY"
""com.google.android.apps.photosgo","Gallery","PHOTOGRAPHY"
""com.photoaffections.freeprints","FreePrints","PHOTOGRAPHY"
""photoeditor.piccollage.grid.collagemaker","Photo Collage Maker - FunPic","PHOTOGRAPHY"
""photoeditor.layout.collagemaker","Collage Maker | Photo Editor","PHOTOGRAPHY"
""com.animax.max","AniDub Max","PHOTOGRAPHY"
""com.lightricks.facetune.free","Facetune: AI Hair/Photo Editor","PHOTOGRAPHY"
""cosplay.ai.art.generator","Future Baby Generator: Cosplay","PHOTOGRAPHY"
""com.cyberlink.youcammakeup","YouCam Makeup - Selfie Editor","PHOTOGRAPHY"
""com.cyberlink.youperfect","YouCam Perfect - Photo Editor","PHOTOGRAPHY"
""com.gpsmapcamera.phototimestamp.datestamper.gpscamera.photodatestamp.geotagapp","GPS maps timestamp camera app","PHOTOGRAPHY"
""vsin.t16_funny_photo","Photo Lab Picture Editor & Art","PHOTOGRAPHY"
""com.xt.retouchoversea","Hypic - Photo Editor & AI Art","PHOTOGRAPHY"
""com.shutterfly","Shutterfly: Prints Cards Gifts","PHOTOGRAPHY"
""com.photo.android.camera","Camera for Android","PHOTOGRAPHY"
""com.photo.ai.art.agecam.fx","AgeCam: Face Age Changer App","PHOTOGRAPHY"
""io.faceapp","FaceApp: Perfect Face Editor","PHOTOGRAPHY"
""net.sourceforge.opencamera","Open Camera","PHOTOGRAPHY"
""com.niksoftware.snapseed","Snapseed","PHOTOGRAPHY"
""uk.co.commonapps.apufuturebabyface","AI Baby Generator: Face Maker","PHOTOGRAPHY"
""com.kgs.timewarpscan","Time Warp Scan : Trendy Filter","PHOTOGRAPHY"
""com.photogrid.collage.videomaker","PhotoGrid: Video Collage Maker","PHOTOGRAPHY"
""com.cam001.selfie361","SelfyzAI: AI Photo Dance","PHOTOGRAPHY"
""net.frameo.app","Frameo: Share to photo frames","PHOTOGRAPHY"
""photoframe.lovecollage.truelove.loveframes","Photo Frame & Collage Maker","PHOTOGRAPHY"
""faceapp.photoeditor.face.faceedit.faceeditor","FacePic - AI Face App","PHOTOGRAPHY"
""com.photoappworld.cut.paste.photo","Cut and Paste Photos","PHOTOGRAPHY"
""com.google.android.apps.photos.scanner","PhotoScan by Google Photos","PHOTOGRAPHY"
""photoeditor.aiart.animefilter.snapai","AI Photo Editor - AI Morph","PHOTOGRAPHY"
""io.instories","InStories: Insta Stories Maker","PHOTOGRAPHY"
""peachy.bodyeditor.faceapp","Peachy - AI Face & Body Editor","PHOTOGRAPHY"
""photocollage.photoeditor.collagemaker","Photo Editor - Collage Maker","PHOTOGRAPHY"
""com.lensa.app","Lensa: photo editor & AI art","PHOTOGRAPHY"
""com.app.resort.time.warp.scan.face.scanner.offline","Time Warp Scan : Face Scanner","PHOTOGRAPHY"
""com.kii.safe","Private Photo Vault - Keepsafe","PHOTOGRAPHY"
""com.cyberlink.photodirector","PhotoDirector: AI Photo Editor","PHOTOGRAPHY"
""com.xphotokit.app","X PhotoKit","PHOTOGRAPHY"
""com.scaleup.dreame","Momo - AI Photo Generator","PHOTOGRAPHY"
""com.pj.blackandwhite.photoeditor","Black & White Photo, Retro Cam","PHOTOGRAPHY"
""com.etoolkit.fitpix","FitPix - Face & Body Editor","PHOTOGRAPHY"
""gallery.photomanager.picturegalleryapp.imagegallery","Gallery - photo gallery, album","PHOTOGRAPHY"
""com.tactacam.reveal","Tactacam REVEAL","PHOTOGRAPHY"
""com.linecorp.b612.android","B612 AI Photo&Video Editor","PHOTOGRAPHY"
""com.lyrebirdstudio.cartoon","ToonApp Cartoon Photo Editor","PHOTOGRAPHY"
""beauty.hd.camera","HD Camera: Professional Camera","PHOTOGRAPHY"
""com.ai.avatar.face.portrait.app","AI Photo・Future Baby Generator","PHOTOGRAPHY"
""photoeditor.photoretouch.removeobjects.retouch","Pic Retouch - Remove Objects","PHOTOGRAPHY"
""xprocamera.hd.camera","HD Camera for Android: XCamera","PHOTOGRAPHY"
""com.camera.photolocation.geotasgphoto.cameralocation","Camera Location: Geotag Photos","PHOTOGRAPHY"
""com.cardinalblue.piccollage.google","PicCollage: Photo Grid Editor","PHOTOGRAPHY"
""photo.editor.photoeditor.filtersforpictures","AI Photo Editor - Lumii","PHOTOGRAPHY"
""com.timewarp.scanface.selfiephotoeditor.videopopulartiktok","Time Warp Scan Cam&Face Filter","PHOTOGRAPHY"
""com.everimaging.photoeffectstudio","AI Photo Editor, Collage-Fotor","PHOTOGRAPHY"
""com.snapfish.mobile","Snapfish: Prints + Photo Books","PHOTOGRAPHY"
""mobi.charmer.fotocollage","Collage Maker & Photo Editor","PHOTOGRAPHY"
""dasgrfti.dasgrfiticrter.dasgrfitinmmkr","Graffiti Name Logo Maker","PHOTOGRAPHY"
""com.pj.changebackground.collagemaker","Photo Edit, Background Changer","PHOTOGRAPHY"
""com.codespaceapps.you","Retake AI: Face & Photo Editor","PHOTOGRAPHY"
""com.photomyne","Photo Scan App by Photomyne","PHOTOGRAPHY"
""com.vyroai.photoeditorone","PhotoShot - Photo Editor","PHOTOGRAPHY"
""photo.manager.private.photogallery","Photo Gallery - Album, Vault","PHOTOGRAPHY"
""jp.co.canon.ic.cameraconnect","Canon Camera Connect","PHOTOGRAPHY"
""com.ror.removal","Photo Retouch- Object Removal","PHOTOGRAPHY"
""collage.photocollage.collagemaker.photoeditor.photogrid","Collage Maker - Photo Editor","PHOTOGRAPHY"
""com.mt.mtxx.mtxx","Meitu","PHOTOGRAPHY"
""photoeditor.cutout.backgrounderaser","Background Eraser Photo Editor","PHOTOGRAPHY"
""com.timewarp.scan.bluelinefiltertiktok.free","Time Warp Scan - Face Scanner","PHOTOGRAPHY"
""com.wangxutech.picwish","PicWish: AI Photo Editor","PHOTOGRAPHY"
""com.toonpics.cam","Toonpics - Cartoon Photo Edit","PHOTOGRAPHY"
""com.cutestudio.photomixer","Blend Photos - Photo Blender","PHOTOGRAPHY"
""com.vsco.cam","VSCO: Photo & Video Editor","PHOTOGRAPHY"
""com.skylightframe.mobile","Skylight","PHOTOGRAPHY"
""photoeditor.backgrounderaser.cutandpastephotos","Cut and Paste Photo Editor","PHOTOGRAPHY"
""com.commsource.beautyplus","BeautyPlus-AI Photo/Video Edit","PHOTOGRAPHY"
""com.cooingdv.rcfpv","RC FPV","PHOTOGRAPHY"
""com.make.gif.pro","GIF Maker Pro","PHOTOGRAPHY"
""ai.photo.enhancer.ig.tiktok.editor.remini.pixelup.hd.free","AI Photo Enhancer - Evoke","PHOTOGRAPHY"
""editingapp.pictureeditor.photoeditor","AI Photo Editor - DoFoto","PHOTOGRAPHY"
""com.kvadgroup.photostudio","Photo Studio: pictures editor!","PHOTOGRAPHY"
""com.smartwidgetlabs.djidrone","Go Fly Drone models controller","PHOTOGRAPHY"
""com.jeyluta.timestampcamerafree","Timestamp Camera","PHOTOGRAPHY"
""tool.photo.collage.maker.photoeditor","Photo Collage Maker,Pic Editor","PHOTOGRAPHY"
""photo.android.hd.camera","HD Camera for Android","PHOTOGRAPHY"
""photo.selfie.sweet.effect.camera","Selfie Camera - Beauty Camera","PHOTOGRAPHY"
""com.risingcabbage.hd.camera","HD Camera 2024 for Android","PHOTOGRAPHY"
""com.photofilter.hdcamera","HD Camera - Beauty Camera","PHOTOGRAPHY"
""com.cateater.stopmotionstudio","Stop Motion Studio","PHOTOGRAPHY"
""com.autodatetimestamp.timestampcamera","GPS Camera with Time Stamp","PHOTOGRAPHY"
""com.duygiangdg.magiceraser","Magic Eraser - Remove Objects","PHOTOGRAPHY"
""albums.gallery.photo.folder.picasa.app.web.gallery","Gallery: Photo Gallery, Album","PHOTOGRAPHY"
""cartoon.picture.photo.editor.caricature.maker.yourself.caricaturas.fotos.ai","Cartoonify: AI Cartoon Picture","PHOTOGRAPHY"
""com.prequel.app","PREQUEL AI Filter Photo Editor","PHOTOGRAPHY"
""com.ai.photoeditor.fx","Face Me - AI Art Photo Editor","PHOTOGRAPHY"
""ai.lumalabs.polar","Luma AI: 3D Capture","PHOTOGRAPHY"
""com.cerdillac.proccd","ProCCD - Digital Film Camera","PHOTOGRAPHY"
""com.magic.retouch","Retouch Remove Objects Editor","PHOTOGRAPHY"
""com.cameratag.geotagphoto.gpscamera","Geotag Photo: Camera Location","PHOTOGRAPHY"
""photoeditor.photocut.background.eraser.collagemaker.cutout","PhotoEditor - CollageMaker Pro","PHOTOGRAPHY"
""photo.gallery.photoeditor.photo.album","Gallery- Photo Gallery & Album","PHOTOGRAPHY"
""photo.filter.selfie.beauty.camera","Beauty Camera -Selfie, Sticker","PHOTOGRAPHY"
""com.hdcampro.procameralens.photography","HD Cam Pro-Professional Camera","PHOTOGRAPHY"
""com.accordion.analogcam","OldRoll - Vintage Film Camera","PHOTOGRAPHY"
""com.facebook.stella","Meta View","PHOTOGRAPHY"
""com.realistic.texturesmcpe","HD Textures for Minecraft","PHOTOGRAPHY"
""com.littlelf.smarthome","littlelf smart","PHOTOGRAPHY"
""photo.beauty.sticker.ar.camera","Beauty Camera - Selfie Camera","PHOTOGRAPHY"
""com.photoaffections.wrendaus","FreePrints Photobooks","PHOTOGRAPHY"
""cartoon.cartoonyourself.toonapp","Cartoon Photo Editor - ToonAI","PHOTOGRAPHY"
""video.reface.app","Reface: Face Swap AI Photo App","PHOTOGRAPHY"
""beauty.makeup.cosmo.app","Cosmo Hair Editor, Face Filter","PHOTOGRAPHY"
""com.prequelapp.aistudio","GIO: AI Headshot Generator Pro","PHOTOGRAPHY"
""com.popsa.android","Popsa | Print Your Photos","PHOTOGRAPHY"
""com.camera.sweet.beauty.fillter.cameraeditor","Sweet Beauty Camera Filter","PHOTOGRAPHY"
""com.imaginstudio.imagetools.pixellab","PixelLab - Text on pictures","PHOTOGRAPHY"
""com.handycloset.android.eraser","Background Eraser","PHOTOGRAPHY"
""video.mojo","Mojo: Reels and Video Captions","PHOTOGRAPHY"
""com.aging.ai.toonme","Dressup: AI photo Editor & Art","PHOTOGRAPHY"
""com.unbound.retrolens","RetroLens: AI Time Travel","PHOTOGRAPHY"
""com.collage.m2","Facelab - Selfie Face Editor","PHOTOGRAPHY"
""com.catchy.tools.funny.camera","Live Funny Face Camera","PHOTOGRAPHY"
""com.vicman.toonmeapp","ToonMe photo cartoon maker","PHOTOGRAPHY"
""com.gam.photo.collage.photoeditor.maker","Photo Collage Maker, Editor","PHOTOGRAPHY"
""com.gurushots.app","GuruShots: Photo Game","PHOTOGRAPHY"
""com.sweetplus.sweetcamera.sweeteditor","Beauty Sweet Plus - Camera","PHOTOGRAPHY"
""com.media.zatashima.studio","GIF Maker, GIF Editor","PHOTOGRAPHY"
""djifly.drone.gofly","Go Fly Drone Remote Controller","PHOTOGRAPHY"
""app.getglam","Glam AI: Video & Photo Editor","PHOTOGRAPHY"
""com.planetart.fpgifts.ww","FreePrints Gifts","PHOTOGRAPHY"
""com.night.mode.camera.photo.video","Night Camera Mode: Video Photo","PHOTOGRAPHY"
""com.snowcorp.epik","EPIK - AI Photo & Video Editor","PHOTOGRAPHY"
""hd.camera","HD Camera","PHOTOGRAPHY"
""ai.vyro.retake","ReShot : AI Headshot, AI Photo","PHOTOGRAPHY"
""com.tikipcamera.android.cameraapp","TikiCam: Pro HD Beauty Camera","PHOTOGRAPHY"
""com.collagemaker.photo.frames","Photo frame app, collage maker","PHOTOGRAPHY"
""ai.polycam","Polycam: 3D Scanner & Editor","PHOTOGRAPHY"
""com.lyrebirdstudio.toonart","ToonArt: Cartoon Yourself","PHOTOGRAPHY"
""co.appnation.aiphotostudio","Fotorama - AI Photo Generator","PHOTOGRAPHY"
""de.swejuppotto.timewarpscan","TIME WARP SCAN: Face Scanner","PHOTOGRAPHY"
""com.thmobile.logomaker","Logo Maker & Logo Creator","PHOTOGRAPHY"
""com.vysionapps.face28","Funny Face Changer Warp Camera","PHOTOGRAPHY"
""com.footej.camera2","Footej Camera - PRO HD Camera","PHOTOGRAPHY"
""online.passportphoto.visa.id.app","Passport Size Photo Maker","PHOTOGRAPHY"
""photoeditor.ai.photo.editor.photoeditorpro","AI Photo Editor - AIFoto","PHOTOGRAPHY"
""com.funcamerastudio.collagemaker","Collage Maker Photo Editor PIP","PHOTOGRAPHY"
""com.thmobile.sketchphotomaker","Pencil Sketch Photo Editor","PHOTOGRAPHY"
""com.blackmagicdesign.android.blackmagiccam","Blackmagic Camera","PHOTOGRAPHY"
""com.lightx","LightX AI Photo Editor Retouch","PHOTOGRAPHY"
""com.type.cartoon.video","ArtPlay - Cartoon Video editor","PHOTOGRAPHY"
""photo.editor.picture.cartoon.face.maker.body.enhance.object.remover.eraser","Photo Editor Effects: PhotoPic","PHOTOGRAPHY"
""com.timewarpscan.timewarpfilter.warpscan.facescanner.slitscan.warpfilter","Time Warp Scan - Face Scanner","PHOTOGRAPHY"
""com.iosgalleryigallery.iphonegallery","Gallery - Photos & Videos App","PHOTOGRAPHY"
""com.photoeditor.beautycamera.facemakeup","Photo Editor - Face Makeup","PHOTOGRAPHY"
""app.grapheneos.camera.play","Secure Camera","PHOTOGRAPHY"
""collage.maker.photoeditor","Collage Maker - Photo Editor","PHOTOGRAPHY"
""com.app.inmatephotos","Inmate Photos: Photos to Jail","PHOTOGRAPHY"
""tap.photo.boost.restoration","PhotoBoost: Clear Blurry Photo","PHOTOGRAPHY"
""com.photoeditor.sunflower","Remover bg - Photo Editor","PHOTOGRAPHY"
""com.wtmp.svdsoftware","WTMP — Who touched my phone?","PHOTOGRAPHY"
""com.storybeat","Storybeat Reels & Story Maker","PHOTOGRAPHY"
""com.photogallery.privategallery.album","Gallery","PHOTOGRAPHY"
""com.gpsmapcamera.geotagging.map.gpscamera","GPS Photo Location & Timestamp","PHOTOGRAPHY"
""com.locationonphoto.gpsmapcamera.geotagging.gpscamera","GPS Camera - GPS Map","PHOTOGRAPHY"
""com.cartoonphoto.toonapp.cartoonavatar","Cartoon Yourself, Toonme, Face","PHOTOGRAPHY"
""com.prinics.kodak.photoprinter","KODAK Photo Printer","PHOTOGRAPHY"
""com.energysh.quickarte","AI Image Generator & AI Video","PHOTOGRAPHY"
""com.gif.gifmaker","GIF Maker - GIF Editor","PHOTOGRAPHY"
""ai.photo.generator.cartoon.picture.editor.face.filter.make.anime.avatar.art","AI Future Baby Maker: GenArt","PHOTOGRAPHY"
""com.planetart.fptiles.ww","FreePrints Photo Tiles","PHOTOGRAPHY"
""com.camerafilm.lofiretro","Dazz Cam: Retro Filter Effect","PHOTOGRAPHY"
""com.photoeditor.photo.effects","Music Video Maker Photo Editor","PHOTOGRAPHY"
""ai.photify.app","Photify AI","PHOTOGRAPHY"
""com.baseapp.eyeem","EyeEm - Sell Your Photos","PHOTOGRAPHY"
""hd.camera.sticker.filter","Camera - Fast Snap with Filter","PHOTOGRAPHY"
""com.picframes.android","Collage Maker - Grid & Frames","PHOTOGRAPHY"
""instasquare.photoeditor.effect.cutout","InstaSquare Photo Editor","PHOTOGRAPHY"
""com.magicv.airbrush","AirBrush: Photo/Video Editor","PHOTOGRAPHY"
""com.trevelLinse.nightcamhin","Night Mode: Photo & Video","PHOTOGRAPHY"
""photo.camera.beauty.makeup.camera","Beauty Camera - Selfie, Makeup","PHOTOGRAPHY"
""us.keepsake.keepsake","Keepsake Frames","PHOTOGRAPHY"
""se.onceupon.onceuponapp","Once Upon | Photo Book Creator","PHOTOGRAPHY"
""com.ai.gallery.android","Gallery - Photo Gallery, Vault","PHOTOGRAPHY"
""com.jsdev.instasize","InstaSize Photo Editor＋Resizer","PHOTOGRAPHY"
""com.use.specie.scratch.card","Fortune Scratch Life:Earn cash","GAME_CASINO"
""co.vgw.chumbalite","Chumba Casino Lite","GAME_CASINO"
""com.diamondlife.slots.vegas.free","Lotsa Slots - Casino Games","GAME_CASINO"
""net.playtowingames.casino","Play To Win: Real Money Games","GAME_CASINO"
""com.ballytechnologies.quickhitslots","Quick Hit Casino Slots Games","GAME_CASINO"
""com.productmadness.cashmancasino","Cashman Casino Slots Games","GAME_CASINO"
""com.grandegames.slots.dafu.casino","Jackpot World™ - Slots Casino","GAME_CASINO"
""air.com.playtika.slotomania","Slotomania™ Slots Casino Games","GAME_CASINO"
""com.productmadness.lightninglink","Lightning Link Casino Slots","GAME_CASINO"
""com.grandcashslots.free.gp","Grand Cash Casino Slots Games","GAME_CASINO"
""com.jmsgame.jackpotmastercasino","Jackpot Master™ Slots - Casino","GAME_CASINO"
""com.williamsinteractive.jackpotparty","Jackpot Party Casino Slots","GAME_CASINO"
""com.bagelcode.slots1","Club Vegas Slots Casino Games","GAME_CASINO"
""slots.pcg.casino.games.free.android","Cash Frenzy™ - Casino Slots","GAME_CASINO"
""com.trpz.travel","Match To Win: Real Money Games","GAME_CASINO"
""com.productmadness.hovmobile","Slots: Heart of Vegas Casino","GAME_CASINO"
""com.playtika.caesarscasino","Caesars Slots: Casino Games","GAME_CASINO"
""com.playmgmcasino.nj","BetMGM Casino - Real Money","GAME_CASINO"
""com.murka.scatterslots","Scatter Slots - Slot Machines","GAME_CASINO"
""com.lucky.sweepstakes.match.cash.paypal.win","Lucky Match - Real Money Games","GAME_CASINO"
""com.topultragame.slotlasvega","Cash Tornado™ Slots - Casino","GAME_CASINO"
""com.higgs.slotsmash","Slotsmash™ - Casino Slots Game","GAME_CASINO"
""com.grandvegas.casino.slot.games","Grand Vegas Casino Slot Games","GAME_CASINO"
""com.jackpotfriends.slots","Jackpot Friends™ Slots Casino","GAME_CASINO"
""net.flysher.rockncash","Rock N' Cash Vegas Slot Casino","GAME_CASINO"
""com.gsn.android.casino","GSN Casino: Slot Machine Games","GAME_CASINO"
""com.huuuge.casino.slots","Huuuge Casino 777 Slots Games","GAME_CASINO"
""com.h5g.high5casino","High 5 Casino: Real Slot Games","GAME_CASINO"
""com.pacificinteractive.HouseOfFun","House of Fun™ - Casino Slots","GAME_CASINO"
""slots.acg.casino.games.free.android","Cash Rally - Slots Casino Game","GAME_CASINO"
""com.clipwiregames.tpirbingo","The Price Is Right: Bingo!","GAME_CASINO"
""com.luckyday.app","Lucky Day","GAME_CASINO"
""com.wordgame.words.towin.cash.rewardify","Words to Win: Real Money Games","GAME_CASINO"
""com.goldennugget.casino","Golden Nugget Online Casino","GAME_CASINO"
""com.pulsz","Pulsz: Fun Slots & Casino","GAME_CASINO"
""com.zynga.wizardofoz","Wizard of Oz Slots Games","GAME_CASINO"
""com.mcluck","McLuck Casino: Jackpot Slots","GAME_CASINO"
""com.zynga.gotslots","Game of Thrones Slots Casino","GAME_CASINO"
""com.unicornstudio.cashparty.slots.casino.vegas.free","Cash Club Casino - Vegas Slots","GAME_CASINO"
""com.slots.free.vegas.casino.jackpotland","Jackpotland-Vegas Casino Slots","GAME_CASINO"
""com.ballytechnologies.f88","88 Fortunes Casino Slot Games","GAME_CASINO"
""com.funtriolimited.slots.casino.free","Jackpot Wins - Slots Casino","GAME_CASINO"
""com.jackpotwinner.slots","Jackpot Winner - Slots Casino","GAME_CASINO"
""com.aaagame.aaacasino","Classic Slots™ - Casino Games","GAME_CASINO"
""com.slotsgame.juwa","Juwa Casino 777 Online","GAME_CASINO"
""com.sciplay.dancingdrumsslots","Dancing Drums Slots Casino","GAME_CASINO"
""com.productmadness.fafafagold","Mighty Fu Casino - Slots Game","GAME_CASINO"
""slots.dcg.casino.games.free.android","Jackpot Crush - Slots Games","GAME_CASINO"
""com.murka.slotsera","Slots Era - Jackpot Slots Game","GAME_CASINO"
""com.huuuge.casino.texas","Billionaire Casino Slots 777","GAME_CASINO"
""com.playstudios.popslots","POP! Slots™ Vegas Casino Games","GAME_CASINO"
""com.lynxgames.hrv","HighRoller Vegas: Casino Games","GAME_CASINO"
""com.igs.slotverse","Slotverse - Slots Casino","GAME_CASINO"
""com.bigfishgames.jackpotcityslotsf2pgoogle","Jackpot Magic - Casino Slots","GAME_CASINO"
""com.kamagames.slotist","Vegas Casino & Slots: Slottist","GAME_CASINO"
""com.casino.slots.bingo.poker.free.jackpot.spins","Lucky Spin Slot Casino","GAME_CASINO"
""com.rds.game.client","River game","GAME_CASINO"
""com.slotslimited.goldencasino","Golden Casino - Slots Games","GAME_CASINO"
""casino.legendary.cash.slots.android","Legendary Hero Slots - Casino","GAME_CASINO"
""com.huge.slots.casino.vegas.android.avidly","Double Win Slots- Vegas Casino","GAME_CASINO"
""com.williamsinteractive.goldfish","Gold Fish Casino Slot Games","GAME_CASINO"
""com.playstudios.showstar","MGM Slots Live - Vegas Casino","GAME_CASINO"
""com.playstudios.myvegas","myVEGAS Slots: Casino Slots","GAME_CASINO"
""com.selfawaregames.acecasino","Big Fish Casino - Slots Games","GAME_CASINO"
""billion.cash.free.games.jackpot.casino.slots.android","Billion Cash Slots Casino Game","GAME_CASINO"
""com.vegas.casino.buffaloslots.free.slotmachines","Vegas Casino: Witch Slots","GAME_CASINO"
""com.jackpot.fever.slots.android","Cash Hoard Slots-Casino slots!","GAME_CASINO"
""com.leftover.CoinDozer","Coin Dozer - Carnival Prizes","GAME_CASINO"
""com.ignite.igniteslots","Ignite Classic Slots","GAME_CASINO"
""com.uphill.slot.classic","Superb Casino - HD Slots Games","GAME_CASINO"
""com.bingo.scape.android.free","Bingo Journey - Lucky Casino","GAME_CASINO"
""com.kamagames.roulettist","Casino Roulette: Roulettist","GAME_CASINO"
""com.kamagames.keno","Vegas Keno by Pokerist","GAME_CASINO"
""com.fruitgames.slot.machines","Slots","GAME_CASINO"
""com.winning.jackpot.slots.casino.mania.slotmachines.free","Winning Jackpot Slots Casino","GAME_CASINO"
""com.ddi","DoubleDown Casino Vegas Slots","GAME_CASINO"
""com.luckyslots.lucky.lands.slots.casino.money","Lucky Lands Slots: Casino-Cash","GAME_CASINO"
""com.byte3d.poker","Poker Offline","GAME_CASINO"
""com.playstudios.mykonami","myKONAMI® Casino Slot Machines","GAME_CASINO"
""com.borgatapoker.casino.wrapper","Borgata Casino - Real Money","GAME_CASINO"
""com.playlinks.slotmate","Slot Mate - Vegas Slot Casino","GAME_CASINO"
""com.palm.jackpotsagacasino","Jackpot Saga - Slots Casino","GAME_CASINO"
""tinysoft.casino.slots.slot.machines","777 Casino Slot Machines","GAME_CASINO"
""slots.machine.winning.android","Winning Slots Las Vegas Casino","GAME_CASINO"
""com.scientificgames.monopolyslots","MONOPOLY Slots - Casino Games","GAME_CASINO"
""com.cashstorm.slots","Cash Storm Slots Games","GAME_CASINO"
""com.newclassic.doublerich","Double Rich - Casino Slots","GAME_CASINO"
""com.fatman.games.pocket.bolt","Bingo Bolt: Winner Take All","GAME_CASINO"
""com.pulszbingo","PulszBingo: Social Casino","GAME_CASINO"
""com.blowfire.wildclassic","Wild Classic Slots Casino Game","GAME_CASINO"
""com.bagelcode.slots3","Cash Billionaire  - VIP Slots","GAME_CASINO"
""com.purplekiwii.vegaslive","Vegas Live Slots: Casino Games","GAME_CASINO"
""com.kamagames.baccarat","Baccarat Online: Baccarist","GAME_CASINO"
""casino.vegas.legend.classic.slots.android","Legendary Hero Classic Slots","GAME_CASINO"
""casino.tinysoft.slot.machines.slots","Slots 7777 -Slot Machine 77777","GAME_CASINO"
""com.bravo.slots.casino.android","Lucky Hit Classic Casino Slots","GAME_CASINO"
""com.harrahs.rl","Harrah’s Online Casino NJ","GAME_CASINO"
""com.vegas.casino.slotmachines","Vegas Casino: Dragon Slots","GAME_CASINO"
""com.vivuga.coindozer","Coin Pusher - Vegas Dozer","GAME_CASINO"
""casinoslots.classic.thereels.android","The Reels:Classic Casino Slots","GAME_CASINO"
""com.DesignWorks.DscAndroid","Diamond Sky Casino: Slot Games","GAME_CASINO"
""com.casino.games.slots.free","Slots Rush: Vegas Casino Slots","GAME_CASINO"
""com.gamecircus.CoinDozerJackpot","Coin Dozer: Casino","GAME_CASINO"
""com.RocketGames.ClassicSlots","Viva Slots Vegas: Casino Slots","GAME_CASINO"
""com.citrusjoy.trojan","Huge Win Slots - Casino Game","GAME_CASINO"
""com.igs.goldentigerslots","Diamond Slot - Slot Game","GAME_CASINO"
""com.tw.tycoon.casino","Tycoon Casino Vegas Slot Games","GAME_CASINO"
""com.tritonesoft.playlasvegas","Play Las Vegas - Casino Slots","GAME_CASINO"
""com.sl.cashCraze","Fun Of Vegas - Casino Slots","GAME_CASINO"
""com.slot.casino.games.win.jackpot.zeusslots.free","Jackpot Casino: Zeus Slots","GAME_CASINO"
""com.wh.free.jackpot.casino.slots","Woohoo™ Slots - Casino Games","GAME_CASINO"
""com.liveplaymobile","Live Play Bingo: Real Hosts","GAME_CASINO"
""com.winnersclub.empire88slots","Lucky Time Slots Casino Games","GAME_CASINO"
""com.kamagames.craps","Vegas Craps by Pokerist","GAME_CASINO"
""com.aemobile.games.bingo.vacation","Bingo Vacation - Bingo Games","GAME_CASINO"
""slots.casino.jackpot.island.free.android","Jackpot Island - Slots Machine","GAME_CASINO"
""com.MocaTree.GoldWingGlobal","GoldWing Casino Global","GAME_CASINO"
""com.hollywoodcasino","PENN Play Casino jackpot slots","GAME_CASINO"
""com.dynamicgames.bingohalloween","Halloween Bingo","GAME_CASINO"
""com.LuckyPlanetGames.Scratchers.Mega.Lottery.Bingo.Casino","Scratch Off Lottery Casino","GAME_CASINO"
""com.gameeapp.android.app","GAMEE Prizes: Real Money Games","GAME_CASINO"
""com.boydgaming.stardustcasino","Stardust Casino Real Money","GAME_CASINO"
""com.purplekiwii.vegaskeno","Vegas Keno","GAME_CASINO"
""com.gamepoint.bingo","GamePoint Bingo World of Bingo","GAME_CASINO"
""com.banditmovie.slotsofvegas","Slots of Vegas","GAME_CASINO"
""com.arcadegame.games.bingo.holiday.free.slots.bash","Bingo Holiday: Live Bingo Game","GAME_CASINO"
""com.palainteractive.fourwinds.michigan","Four Winds Online Casino - MI","GAME_CASINO"
""com.wgames.en.neverlandcasino","Hard Rock Neverland Casino","GAME_CASINO"
""com.games.duomi.greenslots","Dream Castle Slots Games","GAME_CASINO"
""com.zynga.hititrich","Hit it Rich! Casino Slots Game","GAME_CASINO"
""com.theotino.bingo.luckybingo.wonderland","Bingo: Play Lucky Bingo Games","GAME_CASINO"
""com.mw.rouletteroyale","Roulette Royale - Grand Casino","GAME_CASINO"
""com.actiongaming.originalvideopoker","Video Poker ™ - Classic Games","GAME_CASINO"
""com.jackpocket.casino","Jackpocket Casino","GAME_CASINO"
""fishing.casino.app","Fire Kirin - fishing online","GAME_CASINO"
""com.SBLY.JackpotSlotMaster","Jackpot Hit Slots - Casino Win","GAME_CASINO"
""com.fassor.android.blackjack","Blackjack","GAME_CASINO"
""com.userjoy.yaas","YAAS Vegas - Casino Slots","GAME_CASINO"
""com.happysky.slots","Cash Link Slots: Casino Games","GAME_CASINO"
""com.williamsinteractive.hotshotcasino","Hot Shot Casino Slot Games","GAME_CASINO"
""uspa.pokerstars.casino","PokerStars Casino - Real Money","GAME_CASINO"
""com.winrgames.bigtime","Big Time Cash - Make Money","GAME_CASINO"
""com.doubleugames.DoubleUCasino","DoubleU Casino™ - Vegas Slots","GAME_CASINO"
""com.platogo.pmp","Slotpark Casino Slots Games","GAME_CASINO"
""com.boydinteractive.mohegansun","Mohegan Pennsylvania","GAME_CASINO"
""com.superluckycasino.billionaire.slots.vegas.android.free","Get Rich Slots Games Offline","GAME_CASINO"
""com.igs.fafafa","Golden HoYeah- Casino Slots","GAME_CASINO"
""com.ClStudioGamewn.BingoBlackout","Bingo Blackout Real Cash","GAME_CASINO"
""kr.co.tk.game.bingo75.google","Bingo City 75 : Bingo & Slots","GAME_CASINO"
""net.odasoft.xtremeslots","Xtreme Slots: 777 Vegas Casino","GAME_CASINO"
""air.com.classicslotgalaxy","Classic Slots Galaxy: 777 Slot","GAME_CASINO"
""com.slotslimited.fatcatcasino.android","Fat Cat Casino - Slots Game","GAME_CASINO"
""com.ksgmobileinc.showmevegasslotsv2","Show Me Vegas Slots Casino","GAME_CASINO"
""com.magic.vegas.casino","Magic Vegas Casino Slots","GAME_CASINO"
""com.bet365.bet365CasinoApp.play.NewJersey","bet365 Casino Real Money Games","GAME_CASINO"
""com.foxwoods.foxplay","FoxPlay Casino: Slots & More","GAME_CASINO"
""com.stgame.slots.cash","Cash Blitz Slots: Casino Games","GAME_CASINO"
""com.rhinogames.ngslots","NG Slot - Vegas Casino Games","GAME_CASINO"
""com.luckyjackpot.roulette.casino.games.free","Roulette Casino Vegas Games","GAME_CASINO"
""com.megarama.classic.vegas","Vegas Classic Slots—777 Casino","GAME_CASINO"
""com.gan.playeagle","Eagle Casino & Sports","GAME_CASINO"
""gambino.android","Gambino Slots - Online Casino","GAME_CASINO"
""com.maxbet.wondercashcasino","Wonder Cash Casino Vegas Slots","GAME_CASINO"
""com.greentubepro.millelacs","Grand on Demand Slots","GAME_CASINO"
""com.wofbrave.casino","Wheel of Fortune NJ Casino App","GAME_CASINO"
""clubillion.social.slots.casino.friends.free.android","Clubillion Vegas Casino Slots","GAME_CASINO"
""com.app.WindCreek.RMG.cashcasino","Wind Creek Cash Casino","GAME_CASINO"
""com.video.poker.keno.games.free.bonus.cleopatra","Keno Games with Cleopatra Keno","GAME_CASINO"
""com.bws","Baba Wild Slots - Casino Games","GAME_CASINO"
""com.phonato.craps","Craps - Casino Style","GAME_CASINO"
""com.teenpatti.hd.gold","Teen Patti Gold:3 Patti Rummy","GAME_CASINO"
""com.gamesofa.android.wowslot","WOW Slots: VIP Online Casino","GAME_CASINO"
""com.flyingturtle.holymoly","Holy Moly Casino Slots","GAME_CASINO"
""com.sgd.firekeepers.mi","FireKeepers iCasino & Sports","GAME_CASINO"
""com.playstudios.myvegas.blackjack","myVEGAS BlackJack 21 Card Game","GAME_CASINO"
""com.money.bingo.clash.win.real.cash.games","Bingo Deluxe city","GAME_CASINO"
""com.CoinGame.CoinPusher","Coin Pusher","GAME_CASINO"
""com.fsgolv.herbst","Terrible's Social House","GAME_CASINO"
""house.of.fortune.slots.casino.free.games","House of Fortune - Slots Vegas","GAME_CASINO"
""com.rubyseven.mysticslots","Mystic Slots® - Casino Games","GAME_CASINO"
""com.cervomedia.spw","Slots - Pharaoh's Way Casino","GAME_CASINO"
""com.megarama.slotsape","Ape Slots: Vegas Casino Deluxe","GAME_CASINO"
""com.tfunslots.cashcarnival.android","Cash Carnival™ - Casino Slots","GAME_CASINO"
""com.ballyscorp.ballyplay","Bally Play Social Casino Games","GAME_CASINO"
""com.godlike.slotcasio","Jackpot Cash Casino Slots","GAME_CASINO"
""com.gamespring.dac","Baccarat – Dragon Ace Casino","GAME_CASINO"
""com.nurigames.casinolive","Galaxy Casino - Slots game","GAME_CASINO"
""com.slot.jackpot.bonus","Slots - Vegas Slot Machine","GAME_CASINO"
""com.playstar.casino.prod","PlayStar: Real Money Casino NJ","GAME_CASINO"
""com.rubyseven.choctawslots","Choctaw Slots - Casino Games","GAME_CASINO"
""com.gamepoint.uptownbingo","Uptown Bingo - Citylife","GAME_CASINO"
""com.zynga.wonka","Willy Wonka Vegas Casino Slots","GAME_CASINO"
""com.parxcasino.pa.app.play.us","betPARX PA Casino x Sportsbook","GAME_CASINO"
""com.greentubepro.hri","Hard Rock Jackpot Casino","GAME_CASINO"
""vegas.classic.slots.bravo.free.android","Bravo Classic Slots-777 Casino","GAME_CASINO"
""com.aemobile.games.casino","Slots Royale: 777 Vegas Casino","GAME_CASINO"
""com.pch.lottoblast","PCH Lotto","GAME_CASINO"
""com.hardrock.casinoandroid","Hard Rock Blackjack & Casino","GAME_CASINO"
""com.FortyOneGames.Scratchers","Lucky Lottery Scratchers","GAME_CASINO"
""com.hncgames.realcasino","777 Real Vegas Casino Slots","GAME_CASINO"
""com.ea.gp.maddennfl21mobile","Madden NFL 25 Mobile Football","GAME_SPORTS"
""com.miniclip.eightballpool","8 Ball Pool","GAME_SPORTS"
""com.ea.gp.fifamobile","EA SPORTS FC™ Mobile Soccer","GAME_SPORTS"
""archery.clash.tournament","Archery Clash!","GAME_SPORTS"
""com.myprizepicks.myprizepicks","PrizePicks - DFS Game","GAME_SPORTS"
""com.underdogsports.fantasy","Underdog Fantasy Sports","GAME_SPORTS"
""com.soccer.score.star","Soccer Superstar","GAME_SPORTS"
""com.football.soccer.league","Football League 2024","GAME_SPORTS"
""com.boombitgames.Dartsy","Darts Club: PvP Multiplayer","GAME_SPORTS"
""com.newstargames.retrobowl","Retro Bowl","GAME_SPORTS"
""com.billiards.shooting.ball.pool","Shooting Ball","GAME_SPORTS"
""com.qs.pool","Pool Tour - Pocket Billiards","GAME_SPORTS"
""com.mythical.superteam","NFL Rivals - Football Game","GAME_SPORTS"
""com.firsttouchgames.dls7","Dream League Soccer 2024","GAME_SPORTS"
""com.tetrox.bowl","Bowling Crew — 3D bowling game","GAME_SPORTS"
""com.newstargames.retrobowlcollege","Retro Bowl College","GAME_SPORTS"
""com.afgame.app.poolball","8 Pool Master","GAME_SPORTS"
""com.gamebasics.afm","Football Head Coach 25 NFL PA","GAME_SPORTS"
""com.cg.archery","Archery Battle 3D","GAME_SPORTS"
""com.playdemic.golf.android","Golf Clash - Golfing Simulator","GAME_SPORTS"
""com.sports.real.golf.rival.online","Golf Rival - Multiplayer Game","GAME_SPORTS"
""com.motionvolt.flipbounce","Flip Master","GAME_SPORTS"
""com.ea.gp.nbamobile","NBA LIVE Mobile Basketball","GAME_SPORTS"
""us.kr.baseballnine","BASEBALL 9","GAME_SPORTS"
""jp.konami.pesam","eFootball™ 2024","GAME_SPORTS"
""com.catdaddy.nba2km","NBA 2K Mobile Basketball Game","GAME_SPORTS"
""com.masomo.headball2","Head Ball 2 - Online Soccer","GAME_SPORTS"
""se.illusionlabs.touchgrindbmx2","Touchgrind BMX 2","GAME_SPORTS"
""com.motionvolt.flipdiving","Flip Diving","GAME_SPORTS"
""com.vividgames.realboxing2","Real Boxing 2","GAME_SPORTS"
""com.billiards.city.pool.nation.club","Pooking - Billiards City","GAME_SPORTS"
""com.masomo.basketballarena","Basketball Arena: Online Game","GAME_SPORTS"
""com.sport.cornhole","Cornhole League - Board Games","GAME_SPORTS"
""com.ea.gp.easportsufc2","EA SPORTS™ UFC® Mobile 2","GAME_SPORTS"
""com.fliff.fapp","Fliff - Sports Picks","GAME_SPORTS"
""com.malvo.frisbee","Ultimate Disc 3D","GAME_SPORTS"
""com.bowling.club","Bowling Club: Realistic 3D PvP","GAME_SPORTS"
""eu.nordeus.topeleven.android","Top Eleven Be a Soccer Manager","GAME_SPORTS"
""com.wgt.android.golf","WGT Golf","GAME_SPORTS"
""com.rugby.swiperugby","Touchdown Glory: Football Game","GAME_SPORTS"
""com.threed.bowling","3D Bowling","GAME_SPORTS"
""games.onebutton.golfbattle","Golf Battle","GAME_SPORTS"
""se.illusionlabs.skate2","Touchgrind Skate 2","GAME_SPORTS"
""com.doubletapsoftware.basketballbattle","Basketball Battle","GAME_SPORTS"
""com.miniclip.carrom","Carrom Pool: Disc Game","GAME_SPORTS"
""com.miniclip.basketballstars","Basketball Stars: Multiplayer","GAME_SPORTS"
""com.gameloft.anmp.sniper.champions","Sniper Champions: 3D shooting","GAME_SPORTS"
""com.tfgco.games.sports.free.tennis.clash","Tennis Clash: Multiplayer Game","GAME_SPORTS"
""com.fgw.eightballbrawl","8 Ball Brawl: Pool & Billiards","GAME_SPORTS"
""com.miniclip.footballstrike","Football Strike: Online Soccer","GAME_SPORTS"
""com.finalflow.AFKBB","Basketball Manager 2024","GAME_SPORTS"
""com.breiange.superleage","Badminton Hero-Championship","GAME_SPORTS"
""com.touch2goal.soccer","Mini Soccer Star - 2024 MLS","GAME_SPORTS"
""com.boombit.easy.boxing","Boxing Ring","GAME_SPORTS"
""com.archery.battlehero.tournament.game","Archery Master: Hero Battle","GAME_SPORTS"
""com.thebosokacompany.skylinebowling","Skyline Bowling","GAME_SPORTS"
""uk.co.yakuto.DartsOfFury","Darts of Fury","GAME_SPORTS"
""com.tapped.dunkworld","Hoop World: Flip Dunk Game 3D","GAME_SPORTS"
""com.nexelon.fishinglife","Fishing and Life","GAME_SPORTS"
""com.miniclip.topskater","Flip Skater","GAME_SPORTS"
""com.big.bikelife","Bike Life Moto Stunt Games","GAME_SPORTS"
""com.azgame.app.poolcity","Billiards City - 8 Ball Pool","GAME_SPORTS"
""com.miniclip.minibasketball","Mini Basketball","GAME_SPORTS"
""com.com2us.ninepb3d.normal.freefull.google.global.android.common","MLB 9 Innings 24","GAME_SPORTS"
""com.wildbeep.dribblehoops","Dribble Hoops","GAME_SPORTS"
""se.illusionlabs.bmx","Touchgrind BMX","GAME_SPORTS"
""com.firsttouchgames.story","Score! Hero - Soccer Games","GAME_SPORTS"
""com.miniclip.footballbattle","Football Battle: Touchdown!","GAME_SPORTS"
""com.SPSoftwareProductions.TheRealJuggle","The Real Juggle: Soccer 2024","GAME_SPORTS"
""com.boss.fight","Boss Fight","GAME_SPORTS"
""com.hypgames.ultimatepool","Ultimate 8 Ball Pool","GAME_SPORTS"
""com.gorealgames.skateparkrunner","Skatepark Run","GAME_SPORTS"
""com.levelzed.waterjump","Purple Diver","GAME_SPORTS"
""com.concretesoftware.golf","PGA TOUR Golf Shootout","GAME_SPORTS"
""com.miniclip.autosoccer","Soccer Hero: PvP Football Game","GAME_SPORTS"
""com.miniclip.minifootball","Mini Football - Soccer Games","GAME_SPORTS"
""com.rasugames.pls","Pro League Soccer","GAME_SPORTS"
""com.stoneaxe.CatchAndShoot","Catch And Shoot","GAME_SPORTS"
""com.miniclip.flipworld","Street Diver","GAME_SPORTS"
""com.mgc.runnergame","Run Race 3D — Fun Parkour Game","GAME_SPORTS"
""com.t2ksports.myteam","NBA 2K24 MyTEAM","GAME_SPORTS"
""com.racoondigi.jqhw","Streetball Allstar","GAME_SPORTS"
""com.allenmm.archery","Shooting Archery","GAME_SPORTS"
""com.TabOne.MyFishingWorld","My Fishing World","GAME_SPORTS"
""com.hypgames.ultimategolf","Ultimate Golf!","GAME_SPORTS"
""com.ea.gp.fifaultimate","EA SPORTS FC™ 24 Companion","GAME_SPORTS"
""com.invinciblesstudioltd.soccermanager2024","Soccer Manager 2024 - Football","GAME_SPORTS"
""com.levelinfinite.supernba2021","NBA Infinite - PvP Basketball","GAME_SPORTS"
""com.neowiz.game.baseball.clash","Baseball Clash: Real-time game","GAME_SPORTS"
""com.pnixgames.golfkingwt","Golf King - World Tour","GAME_SPORTS"
""com.gamebasics.osm","OSM 24/25 Soccer Manager Game","GAME_SPORTS"
""com.miniclip.ultimatefishing","Ultimate Fishing! Fish Game","GAME_SPORTS"
""com.sm.golfmaster","Golf Master 3D","GAME_SPORTS"
""com.atomic.collegefootball","The Program: College Football","GAME_SPORTS"
""com.outthinking.basketballshoot","Basketball Shooting","GAME_SPORTS"
""com.fc.pool.live.billiards","8 Ball Clash - Pool Billiards","GAME_SPORTS"
""com.ftt.boxingstar.gl.aos","Boxing Star: Real Boxing Fight","GAME_SPORTS"
""com.driftwood.galaxybowl.free","Galaxy Bowling 3D","GAME_SPORTS"
""uk.co.yakuto.Bowling","Bowling Fury: 3D Bowl Game","GAME_SPORTS"
""com.scoring.champion","Scoring Champion","GAME_SPORTS"
""com.vividgames.realboxing","Real Boxing – Fighting Game","GAME_SPORTS"
""com.pikpok.hrc.play","Rival Stars Horse Racing","GAME_SPORTS"
""com.powerplaymanager.athleticsmaniagames","Athletics Mania: Track & Field","GAME_SPORTS"
""com.miniclip.cricketleague","Cricket League","GAME_SPORTS"
""com.bhgame.app.poolclash","8 Pool Clash","GAME_SPORTS"
""com.GoldHelmGames.MasterBassAngler","Master Bass: Fishing Games","GAME_SPORTS"
""com.sports.eightball.pool.rival","Infinity 8 Ball™ Pool King","GAME_SPORTS"
""com.RoshanGames.ShuffleBoard","Shuffleboard Challenge","GAME_SPORTS"
""com.MobileSportsTime.MiniGolfEldoradoGolfCourse","Mini Golf 3D Multiplayer Rival","GAME_SPORTS"
""com.audify.football","Football World - Real People","GAME_SPORTS"
""uk.co.yakuto.PingPongKing","Ping Pong Fury","GAME_SPORTS"
""com.shallotgames.coffeegolf","Coffee Golf","GAME_SPORTS"
""com.mobirix.airhockey","Air Hockey Challenge","GAME_SPORTS"
""com.koalitygame.prizefighters2","Prizefighters 2","GAME_SPORTS"
""se.illusionlabs.touchgrindscooter","Touchgrind Scooter","GAME_SPORTS"
""com.neowiz.game.golflegends","Golf Impact - Real Golf Game","GAME_SPORTS"
""com.tapped.flipdunk","Flip Dunk","GAME_SPORTS"
""com.flamingo.nfllife3d","Hyper Touchdown 3D","GAME_SPORTS"
""jp.drsv.BMXSpace","BMX Space","GAME_SPORTS"
""jp.drsv.SkateSpace","Skate Space","GAME_SPORTS"
""com.Partyup.GolfRoyale","Golf Guys","GAME_SPORTS"
""com.com2ususa.mlbpiul.android.google.global.normal","MLB Perfect Inning 24","GAME_SPORTS"
""com.madfut.madfut24","MADFUT 24","GAME_SPORTS"
""com.concretesoftware.pbachallenge_androidmarket","PBA® Bowling Challenge","GAME_SPORTS"
""com.square_enix.pool","8 Ball Shoot It All - 3D Pool","GAME_SPORTS"
""com.uncosoft.powerslap","Power Slap","GAME_SPORTS"
""com.uefa.eurofantasy","UEFA Gaming: Fantasy Football","GAME_SPORTS"
""com.refinedgames.americanfootballchamps","American Football Champs","GAME_SPORTS"
""com.parkourrace.game","Parkour Race - FreeRun Game","GAME_SPORTS"
""com.newstargames.retrogoal","Retro Goal","GAME_SPORTS"
""com.lazyboydevelopments.footballsuperstar2","Football Superstar 2","GAME_SPORTS"
""com.free.gun.shooter.snipershooting","Sniper Shooting : 3D Gun Game","GAME_SPORTS"
""us.kr.baseball","Baseball Star","GAME_SPORTS"
""air.WR3DFree","Wrestling Revolution 3D","GAME_SPORTS"
""com.Three.Point.Contest.Basketball","3pt Contest: Basketball Games","GAME_SPORTS"
""com.miniclip.minitennis","Mini Tennis: Perfect Smash","GAME_SPORTS"
""com.cbssports.fantasy.franchisebasketball2018","Franchise Basketball 2024","GAME_SPORTS"
""com.miniclip.soccerstars","Soccer Games: Soccer Stars","GAME_SPORTS"
""com.wildcaly.chbaseball.global","MLB Clutch Hit Baseball 2024","GAME_SPORTS"
""jp.drsv.ScooterSpace","Scooter Space","GAME_SPORTS"
""com.gamegou.perfectkick2","Perfect Kick 2 - Online Soccer","GAME_SPORTS"
""com.toppluva.grandmountain","Grand Mountain Adventure","GAME_SPORTS"
""com.oskankayirci.skeeball","Arcade Ball.io - Let's Bowl!","GAME_SPORTS"
""com.motionvolt.fliprunner","Flip Runner","GAME_SPORTS"
""com.lfp.laligafantasy","LALIGA FANTASY: Soccer Manager","GAME_SPORTS"
""com.smoqgames.packopen24","Smoq Games 24 Pack Opener","GAME_SPORTS"
""com.CherryPopGames.PoolNationClash","Pool Blitz","GAME_SPORTS"
""com.hugogames.daybrook","Ronaldo: Kick'n'Run Football","GAME_SPORTS"
""com.betcha.sports.v2","Vivid Picks Fantasy Sports","GAME_SPORTS"
""uk.co.yakuto.TableTennisTouch","Table Tennis Touch","GAME_SPORTS"
""com.boombitgames.ArcheryClubTournament","Archery Club: PvP Multiplayer","GAME_SPORTS"
""com.slayer.wrestling.fighting.games.offline.worstelen.world.lucha.gures","Wrestling Games 2023","GAME_SPORTS"
""com.slowmo.twinvolley","Beach Volley Clash","GAME_SPORTS"
""com.shooting.master","Guns Master","GAME_SPORTS"
""com.Helium9Games.TennisArena2021","Tennis Arena","GAME_SPORTS"
""com.com2us.nbanow2.android.google.global.normal","NBA NOW 24","GAME_SPORTS"
""com.flamingogamestudio.basketballlife3d","Basketball Life 3D - Dunk Game","GAME_SPORTS"
""jp.konami.wecc","eFootball™  CHAMPION SQUADS","GAME_SPORTS"
""com.tara.flicksoccer","Go Flick Soccer","GAME_SPORTS"
""com.koalitygame.hoopland","Hoop Land","GAME_SPORTS"
""com.pnixgames.minigolfking","Mini Golf King","GAME_SPORTS"
""com.distinctivegames.hockeyallstars2","Hockey All Stars 24","GAME_SPORTS"
""cricketgames.hitwicket.strategy","Hitwicket Cricket Game 2024","GAME_SPORTS"
""com.flexi.shoot","Gun Idle","GAME_SPORTS"
""com.xs.pooltd","3D Pool Ball","GAME_SPORTS"
""com.funrock.mma.manager","MMA Manager 2: Ultimate Fight","GAME_SPORTS"
""com.crazylabs.flip.jump.stack","Flip Jump Stack!","GAME_SPORTS"
""eu.inlogic.tennis.open.tournament2019","Tennis World Open 2024 - Sport","GAME_SPORTS"
""air.WRCareer","Wrestling Revolution","GAME_SPORTS"
""com.haegin.homerunclash","Homerun Clash","GAME_SPORTS"
""gs.rrh.ac","Athletics Championship","GAME_SPORTS"
""com.nexelon.realmonsterfishing2018","Monster Fishing 2024","GAME_SPORTS"
""com.monkeyibrow.worldsoccerchamps","World Soccer Champs","GAME_SPORTS"
""com.firsttouchgames.mpx","Ultimate Clash Soccer","GAME_SPORTS"
""com.trueaxis.truesurf","True Surf","GAME_SPORTS"
""com.aag.world.football.league","FSL 24 League : Soccer Game","GAME_SPORTS"
""com.distinctivegames.hockey2019","Hockey All Stars","GAME_SPORTS"
""com.nexelon.bowlingclub","Bowling Club : 3D bowling","GAME_SPORTS"
""eightball.pool.live.eightballpool.billiards","8 Ball Live - Billiards Games","GAME_SPORTS"
""com.daerisoft.thespikerm","The Spike - Volleyball Story","GAME_SPORTS"
""com.eivaagames.RealSnooker3D","Real Snooker 3D","GAME_SPORTS"
""com.gmz2rk.ucfc","Ultimate College Football HC","GAME_SPORTS"
""com.itsgames.goldenteegolf","Golden Tee Golf: Online Games","GAME_SPORTS"
""com.netflix.NGP.FootballManagerMobile","Football Manager 2024 Mobile","GAME_SPORTS"
""com.catdaddy.cat22","WWE SuperCard - Battle Cards","GAME_SPORTS"
""com.bowlfing.game","Perfect Golf - Satisfying Game","GAME_SPORTS"
""com.lite.slots.casino.sweep.online","Chumba Slots Win-Money","GAME_SPORTS"
""com.redvel.soccer.star.football.legends.games.clash.multiplayer.online","Soccer Star 24 Super Football","GAME_SPORTS"
""com.miniclip.minivolley","Volleyball Arena: Spike Hard","GAME_SPORTS"
""com.imbagame.shootingpool","Shooting Pool","GAME_SPORTS"
""com.miniclip.flipbmx","Flip Rider - BMX Tricks","GAME_SPORTS"
""badminton.king.sportsgame.smash","Badminton League","GAME_SPORTS"
""com.generagames.soccerstarleaguesfootball","Soccer Star 24 Top Leagues","GAME_SPORTS"
""com.cg.tennis","3D Tennis","GAME_SPORTS"
""com.MDickie.WrestlingEmpire","Wrestling Empire","GAME_SPORTS"
""com.baseball.club.pvp.tournament","Baseball Club: PvP Multiplayer","GAME_SPORTS"
""com.mobirix.wal","World Archery League","GAME_SPORTS"
""com.miniclip.baseballhomerun","Baseball: Home Run Sports Game","GAME_SPORTS"
""com.SPSoftwareProductions.UnlimitedBowling","Unlimited Bowling","GAME_SPORTS"
""com.distinctivegames.rugbynations24","Rugby Nations 24","GAME_SPORTS"
""com.bethsoft.stronghold","The Elder Scrolls: Castles","GAME"
""com.indiecode.dungeon","Dungeon Manager : Mine King","GAME"
""com.indiecode.masters","Moba League:PvP Trainer","GAME"
""com.supercell.brawlstars","Brawl Stars","GAME"
""com.roblox.client","Roblox","GAME"
""com.vitastudio.mahjong","Vita Mahjong","GAME"
""com.tensquaregames.letsfish2","Fishing Clash: Sport Simulator","GAME"
""com.downhill.race.league","Downhill Race League","GAME"
""com.block.juggle","Block Blast!","GAME"
""com.scopely.monopolygo","MONOPOLY GO!","GAME"
""com.JindoBlu.OfflineGames","Offline Games - No Wifi Games","GAME"
""com.zm.nuts","Nuts — Color Sort Puzzle Games","GAME"
""com.Polystation.BuildABabe","Build A Queen","GAME"
""io.voodoo.holeio","Hole.io","GAME"
""net.peakgames.match","Match Factory!","GAME"
""io.supercent.pizzaidle","Pizza Ready!","GAME"
""com.together.CrazyBus","Bus Mania - Car Parking Jam","GAME"
""com.gof.global","Whiteout Survival","GAME"
""kidultlovin.word.zen","Zen Word® - Relax Puzzle Game","GAME"
""com.melon.drop.fruit.merge.master","Fruit Merge: Juicy Drop Game","GAME"
""com.dreamgames.royalmatch","Royal Match","GAME"
""com.playspare.supermarket.store.simulator","My Supermarket Simulator 3D","GAME"
""com.fun.lastwar.gp","Last War:Survival Game","GAME"
""io.voodoo.paper2","Paper.io 2","GAME"
""com.dts.freefireth","Free Fire","GAME"
""com.superplaystudios.dicedreams","Dice Dreams™️","GAME"
""com.kiloo.subwaysurf","Subway Surfers","GAME"
""com.datsgames.citysiege","Fluff Crusade","GAME"
""com.playrix.township","Township","GAME"
""com.easystudio.screw.pin.jam.puzzle","Screw Pin Jam Puzzle","GAME"
""com.playstrom.hero.tower","TDS - Tower Destiny Survive","GAME"
""com.robtopx.geometryjumplite","Geometry Dash Lite","GAME"
""io.supercent.linkedcubic","Snake Clash!","GAME"
""com.ig.screw.jam.nuts.bolts","Screw Out: Jam Puzzle","GAME"
""ball.sort.color.water.puzzle.games","Ball Sort","GAME"
""com.miHoYo.GenshinImpact","Genshin Impact: Natlan Launch","GAME"
""com.studio27.MelonPlayground","Melon Sandbox","GAME"
""in.playsimple.wordsearch","Word Search Explorer","GAME"
""com.ken.supermarket","Supermarket Master 3D","GAME"
""com.king.candycrushsaga","Candy Crush Saga","GAME"
""com.crypt.gram.puzz","Cryptogram Letters and Numbers","GAME"
""com.balloon.master.cube.match","Balloon Master 3D:Triple Match","GAME"
""com.ig.color.wood.screw","Color Wood Screw","GAME"
""com.paperdoll.diary.dressup.game","Paper Doll Diary: Dress Up DIY","GAME"
""com.pronetis.ironball2","Going Balls","GAME"
""com.stoneage.privatesub","Stone Age: Settlement survival","GAME"
""com.moonactive.coinmaster","Coin Master","GAME"
""com.peoplefun.wordsolitaire","Wordscapes Solitaire","GAME"
""com.screenshake.dominodreams","Domino Dreams™","GAME"
""com.bonnie.trafficescape","Traffic Escape!","GAME"
""com.redcell.goldandgoblins","Gold & Goblins: Idle Merger","GAME"
""com.freeplay.twerk","Twerk Race 3d — Fun run game!","GAME"
""com.playgendary.kickthebuddy","Kick the Buddy－Fun Action Game","GAME"
""com.ea.gp.maddennfl21mobile","Madden NFL 25 Mobile Football","GAME"
""com.weegoon.thiefpuzzle","Thief Puzzle: to pass a level","GAME"
""com.balloon.triple.match.master3d.game","Balloon Triple Match: Match 3D","GAME"
""com.gamebrain.hexasort","Hexa Sort","GAME"
""com.cedar.homeowner.tiles.match.merge","Tile Trio: Makeover Match 3d","GAME"
""com.playvalve.solitaire","Solitaire - Classic Card Game","GAME"
""solitaire.patience.card.games.klondike.free","Solitaire - Classic Card Games","GAME"
""com.youmusic.magictiles","Magic Tiles 3","GAME"
""com.wood.nut.and.bolts.puzzle","Wood Nuts & Bolts Puzzle","GAME"
""com.starplay.spider.fighter.openworld","Spider Fighter 3: Hero Game","GAME"
""com.amelosinteractive.snake","Snake.io - Fun Snake .io Games","GAME"
""com.fc.nut.screw.bolt.washer.fastener.puzzle","Screw Puzzle: Wood Nut & Bolt™","GAME"
""com.master.hotelmaster","My Perfect Hotel","GAME"
""com.pazugames.avatarworld","Avatar World ®","GAME"
""com.igg.android.doomsdaylastsurvivors","Doomsday: Metal Warriors","GAME"
""com.outfit7.mytalkingtom2","My Talking Tom 2","GAME"
""com.vincentb.MobControl","Mob Control","GAME"
""com.studio501.cuphero","Cup Heroes","GAME"
""com.miniclip.eightballpool","8 Ball Pool","GAME"
""com.fungames.blockcraft","Block Craft 3D：Building Game","GAME"
""com.tree.idle.cat.office","Office Cat: Idle Tycoon Game","GAME"
""com.online.huntingsniper","Hunting Sniper","GAME"
""com.playgendary.bowmasters","Bowmasters: Archery Shooting","GAME"
""com.nexters.herowars","Hero Wars: Alliance","GAME"
""io.randomco.travel","Travel Town - Merge Adventure","GAME"
""com.activision.callofduty.shooter","Call of Duty: Mobile Season 8","GAME"
""com.outfit7.mytalkingangela2","My Talking Angela 2","GAME"
""com.innersloth.spacemafia","Among Us","GAME"
""com.qcwx.fyden","Maple Tale","GAME"
""com.playgendary.ktbremaster","Kick the Buddy: Second Kick","GAME"
""and.lihuhu.woober","Woodber - Classic Number Game","GAME"
""air.com.buffalo_studios.newflashbingo","Bingo Blitz™️ - Bingo Games","GAME"
""com.Neurononfire.SupremeDuelist","Supreme Duelist","GAME"
""com.topgamesinc.evony","Evony: The King's Return","GAME"
""com.fc.goods.sort.matching.puzzle.triplemaster","Goods Sorting: Match 3 Puzzle","GAME"
""com.platinumplayer.word.addict","Word Collect - Word Games Fun","GAME"
""com.outfit7.mytalkingtomfriends","My Talking Tom Friends","GAME"
""com.onebutton.mrsuper2","The Superhero League 2","GAME"
""com.dino.race.master","Car Race 3D: Car Racing","GAME"
""com.luckyfortune.screwhome","Screw Home: ASMR Clean","GAME"
""com.dts.freefiremax","Free Fire MAX","GAME"
""com.gplay.annoying.puzzle.game","Annoying Puzzle Game","GAME"
""com.playflix.kick.breakragdoll.games","Kick & Break The Ragdoll Games","GAME"
""com.peoplefun.wordcross","Wordscapes","GAME"
""bible.wordgame.words.connect.crossword.cookies","Bible Word Puzzle - Word Games","GAME"
""com.kitkagames.fallbuddies","Stumble Guys","GAME"
""nuts.sort.bolts.master","Nuts Sort Master","GAME"
""com.whirlwind.evolution","Whirlwind Evolution","GAME"
""com.scavenger.hunt.find.my.cat.hidden.object.free.brainly.game","Tidy Master: Hidden Objects","GAME"
""com.cdg.tictactoe","Tic Tac Toe - 2 Player XO","GAME"
""com.playrix.gardenscapes","Gardenscapes","GAME"
""com.draw.one.line","One Line: Drawing Puzzle Game","GAME"
""com.ig.screw.puzzle.nuts.botls","Wood Screw Puzzle","GAME"
""com.tocaboca.tocalifeworld","Toca Boca World","GAME"
""com.tencent.ig","PUBG MOBILE","GAME"
""com.pixel.art.coloring.color.number","Happy Color®: Coloring Book","GAME"
""com.goods.master3d.triple.puzzle","Goods Master 3D: Puzzle Games","GAME"
""com.kayac.JetpackMaster","Jetpack Master : Flying Action","GAME"
""com.os.space.force.galaxy.alien","Galaxiga Arcade Shooting Game","GAME"
""com.kiwifun.game.android.mahjong","Mahjong Solitaire - Master","GAME"
""com.totalbattle","Total Battle: War of Empires","GAME"
""com.gamovation.mahjongclub","Mahjong Club - Solitaire Game","GAME"
""com.evergreen.games.card.solitaire.free","Solitaire - 2024","GAME"
""com.v02c.car.race.city.real.simulation","Driving Real Race City 3D","GAME"
""com.nianticlabs.pokemongo","Pokémon GO","GAME"
""com.colobolo.chainball","Chain Cube 2048: Number Match","GAME"
""com.Garawell.BridgeRace","Bridge Race","GAME"
""com.unicostudio.braintestlegacy","Brain Test All-Star: IQ Boost","GAME"
""math.puzzle.games.crossmath.number.puzzles.free","Crossmath - Math Puzzle Games","GAME"
""io.supercent.downhill","Downhill Racer","GAME"
""com.playrix.fishdomdd.gplay","Fishdom","GAME"
""com.decor.life","Decor Life - Home Design Game","GAME"
""jp.co.dwango.HcgDW007SandwichRun","Sandwich Runner","GAME"
""me.pou.app","Pou","GAME"
""com.xplay.pop_antistress_simulator","Antistress relaxing toy game","GAME"
""com.mowand.trim","Mow And Trim: Mowing Games 3D","GAME"
""com.easygames.race","Race Master 3D - Car Racing","GAME"
""com.candywriter.bitlife","BitLife - Life Simulator","GAME"
""com.alexp.eyemix","Eye Color Mix","GAME"
""com.pixelcraft.legends","Pixel Craft Legends","GAME"
""com.gnarlygamestudio.agenthunt","Agent Hunt - Hitman Shooter","GAME"
""com.bestplaygame.screwmatch","Screw Match: ASMR Story","GAME"
""com.ea.gp.fifamobile","EA SPORTS FC™ Mobile Soccer","GAME"
""com.europosit.pixelcoloring","Pixel Art - Color by Number","GAME"
""com.ea.game.pvzfree_row","Plants vs. Zombies™","GAME"
""archery.clash.tournament","Archery Clash!","GAME"
""com.myprizepicks.myprizepicks","PrizePicks - DFS Game","GAME"
""com.diy.phonecase.phonemaker","Mobile Phone Case Design & DIY","GAME"
""com.vm3.global","Truck Star","GAME"
""com.gamincat.roomsort","Room Sort - Floor Plan Game","GAME"
""com.smilerlee.klondike","Solitaire","GAME"
""com.bravestars.hair.salon.beauty","Hair Salon: Beauty Salon Game","GAME"
""com.unicostudio.braintest","Brain Test: Tricky Puzzles","GAME"
""com.use.specie.scratch.card","Fortune Scratch Life:Earn cash","GAME"
""com.pd.vehiclemasters","Vehicle Masters","GAME"
""com.paradyme.solarsmash","Solar Smash","GAME"
""com.fc.sn.satisy.makeup.ocd.organizer","Satisroom: Perfectly Organize","GAME"
""com.cassette.aquapark","aquapark.io","GAME"
""com.supercell.clashofclans","Clash of Clans","GAME"
""com.baf.connectballs","Connect Balls - Line Puzzle -","GAME"
""com.foursgames.camouflagesniper","Camo Sniper","GAME"
""com.os.airforce","1945 Air Force: Airplane games","GAME"
""com.screw.jam.puzzle","Screw Pin - Nuts Jam","GAME"
""com.iwi.toolevolution","Tool Evolution: Mine & Evolve","GAME"
""com.playgendary.polyspherecoolgame","Polysphere: Art Puzzle Game","GAME"
""games.vaveda.militaryoverturn","Tower War - Tactical Conquest","GAME"
""hidden.objects.find.it.out.seek.puzzle.games.free","Find It - Hidden Object Games","GAME"
""com.atesgamestudio.rollance","Rollance : Adventure Balls","GAME"
""com.smashing.draw2","Draw To Smash: Logic puzzle","GAME"
""com.solitaire.fish.klondike.card.aquarium","Solitaire 3D Fish","GAME"
""com.budgestudios.googleplay.BlueyBLU","Bluey: Let's Play!","GAME"
""com.underdogsports.fantasy","Underdog Fantasy Sports","GAME"
""com.candyroom.clubcraft","School Party Craft","GAME"
""com.mine.crazy.auto.dragon.maxi","Craft World - Building Craft","GAME"
""com.matteljv.uno","UNO!™","GAME"
""com.shape.shifting.shape.transforming","Shape Transforming: Shape Race","GAME"
""com.global.ztmslg","Puzzles & Survival","GAME"
""jp.pokemon.pokemonsleep","Pokémon Sleep","GAME"
""com.vizorapps.klondike","Klondike Adventures: Farm Game","GAME"
""com.sh.fidget.toys.mini.relaxing.antistress.games","Mini Relaxing Game- pop it","GAME"
""com.tripledot.tile.dynasty","Tile Dynasty: Triple Mahjong","GAME"
""com.tojgames.trafficracer","Traffic Racer Pro : Car Games","GAME"
""com.bubblepop.cannon.puzzle","Bubble Pop! Cannon Shooter","GAME"
""com.fugo.wow","Words of Wonders: Crossword","GAME"
""com.hypermonkgames.HighwayOvertake","Highway Overtake - Car Racing","GAME"
""com.bubble.shooter.family","Bubble Shooter Family","GAME"
""com.dramaton.slimepet","Bruno - My Super Slime Pet","GAME"
""com.paurau.MakeHer","Move People","GAME"
""com.luckyskeletonstudios.idlebanktycoon","Idle Bank Tycoon: Money Empire","GAME"
""traffic.parking.jam.escape.car3d.games","Traffic 3D Parking: Escape Jam","GAME"
""com.readygo.dark.gp","Dark War Survival","GAME"
""com.atknsyl.weaponmaster","Weapon Master: Run & Gun Games","GAME"
""com.tictoc.challenge","TickTock Challenge","GAME"
""com.dancing.smash.hop.game.tiles.beat.piano.surfer","Cyber Surfer","GAME"
""com.hibox.pickmeupidlegame","Pick me up - idle","GAME"
""com.tripledot.woodoku","Woodoku - Wood Block Puzzle","GAME"
""com.amanotes.gs.g06","Duet Cats: Cute Cat Game","GAME"
""com.queen.drink.bubble.tasty.milktea","Boba DIY Bubble Tea","GAME"
""com.tfgco.apps.coloring.free.color.by.number","Color by Number：Coloring Games","GAME"
""com.n3twork.tetris","Tetris®","GAME"
""com.game.space.shooter2","Space shooter - Galaxy attack","GAME"
""com.maroieqrwlk.unpin","Pull the Pin","GAME"
""com.monster.demolition","Monster Demolition - Giants 3D","GAME"
""com.soccer.score.star","Soccer Superstar","GAME"
""com.tripledot.solitaire","Solitaire: Classic Card Games","GAME"
""com.mystery.hidden.objects.find.clue.puzzle.games.free","Hidden Folks: Scavenger Hunt","GAME"
""com.dxm.nopuzzle","Block Puzzle","GAME"