appId,title，type
"com.applisto.appcloner.premium","App Cloner Premium & Add-ons","LIBRARIES_AND_DEMO"
""melon.playground.mod.addons","Addons for Melon","LIBRARIES_AND_DEMO"
""com.bettertomorrowapps.camerablockfree","Camera Block: Guard & Anti spy","LIBRARIES_AND_DEMO"
""com.quanticapps.quranandroid","Quran Pro: Read the Holy Quran","LIBRARIES_AND_DEMO"
""app.apk.backup","APK Backup & App Recovery","LIBRARIES_AND_DEMO"
""com.bettertomorrowapps.microphoneblockfree","Microphone Block: Mic Anti Spy","LIBRARIES_AND_DEMO"
""com.modsformelon","Mods for Melon Playground","LIBRARIES_AND_DEMO"
""com.daddonmod","Mods for Dmod","LIBRARIES_AND_DEMO"
""com.lightsaber.gunsound.simulator.prank","Lightsaber: Gun Sound Effects","LIBRARIES_AND_DEMO"
""com.booster.gfxpro","Game Booster VIP Lag Fix & GFX","LIBRARIES_AND_DEMO"
""com.bettertomorrowapps.camerablock","Camera Block Pro: Anti spyware","LIBRARIES_AND_DEMO"
""com.bettertomorrowapps.microphoneblock","Microphone Block Pro: Anti spy","LIBRARIES_AND_DEMO"
""com.findmybluetooth.wifi","Carplay Android auto sync","LIBRARIES_AND_DEMO"
""com.smartswitch.phonecloneapp.easydatatransfer.alldatatransfer","Smart Mobile phone clone","LIBRARIES_AND_DEMO"
""com.booster.gameboostermega2","Game Booster Fire GFX- Fix Lag","LIBRARIES_AND_DEMO"
""com.asistan.AsistanPro","Engineering Tools : Mechanical","LIBRARIES_AND_DEMO"
""com.whatscan.pro.whats.web.app","Web Scanner - Multiple Account","LIBRARIES_AND_DEMO"
""com.mobilesecretcodes.allandroidtips.androidtricks.allsecretcodes","Secret codes and Ciphers","LIBRARIES_AND_DEMO"
""com.nicewallpaper55.nicewallpaper4k","Nice Wallpaper 4K","LIBRARIES_AND_DEMO"
""study.bible.with.explanation.offline","Study Bible with explanation","LIBRARIES_AND_DEMO"
""pro.whatscan.whats.web.app","Web Scan - Dual Accounts","LIBRARIES_AND_DEMO"
""whats.web.app","Web Scan - Dual Accounts","LIBRARIES_AND_DEMO"
""com.addons.gamerbubbles","Crosshair & Nickname Pro","LIBRARIES_AND_DEMO"
""com.digimoncardencyclopedia","Digimon Card Game Encyclopedia","LIBRARIES_AND_DEMO"
""kjv.bible.with.concordance","KJV Study Bible with concordan","LIBRARIES_AND_DEMO"
""bible.en.francais.COURANT","Bible en français courant","LIBRARIES_AND_DEMO"
""newking.james.version.BIBLE","NewKing James Version Bible","LIBRARIES_AND_DEMO"
""com.timeleft.app","Timeleft","EVENTS"
""com.greetingsisland.sam","Invitation Maker: Card Creator","EVENTS"
""com.untitledshows.pov","POV – Disposable Camera Events","EVENTS"
""io.hobnob.hobnob","Hobnob - Invitation Card Maker","EVENTS"
""com.ether.aiminers","ETH Cloud Miner- Earn Ethereum","EVENTS"
""app.lense.lense","Lense: Disposable Event Camera","EVENTS"
""com.cloud.remotely.miner.usdt.tether","USDT Mining, Crypto USDT Miner","EVENTS"
""com.kaboom.apps.free.invitation.maker","Invitation Maker－Card Creator","EVENTS"
""pro.eventlive","EventLive - Live Stream Events","EVENTS"
""com.weatec.churchdir","Church Directory – Weaverland","EVENTS"
""wedding.card.maker","Wedding Invitation Card Maker","EVENTS"
""app.topevent.android","Event Planner: Birthday, Party","EVENTS"
""com.wpwatcherpro","WP Watcher: Online Tracker","EVENTS"
""com.modgormodbox","Mods for GoreBox","EVENTS"
""app.pixelparty.site","PixelParty - Camera for Events","EVENTS"
""swift.alert.app","Swift Alert","EVENTS"
""com.arba.walsworth","ARBA","EVENTS"
""com.modfrcaraddon","Mods for Fr Legends","EVENTS"
""com.bitsens.daytracker","Day Counter. Count Up & Down","EVENTS"
""oms.mmc.fortunetelling.gmpay.eightcharacters.zwz","八字算命-生肖運勢 線上算命 生辰八字命盤解析 八字流年","EVENTS"
""app.mywed.android","Wedding Planner by MyWed","EVENTS"
""com.sitters.managemywedding","Manage My Wedding Planner","EVENTS"
""hr.apps.n193978","MY FAVORITE YEAR /Arts Almanac","EVENTS"
""com.muslimappassistant.Islampro.qiblafinder.quranprayerdua","Easy Quran Mp3 Audio Offline","EVENTS"
""com.contactsight","Sight 2.0","EVENTS"
""caroping.myapp","California Roping","EVENTS"
""com.pitambaridigicare.ganeshpoojaapp","Pitambari Ganesh Puja","EVENTS"
""com.ss.invitation.card.maker.rsvp","Invitation Maker & Card Design","EVENTS"
""com.agsi.RBTComplianceTrackerRBT","ABA Compliance Tracker for RBT","EVENTS"
""splendid.invitation.maker","Invitation card Maker, Design","EVENTS"
""com.desygner.invitations","Invitation Maker","EVENTS"
""com.tourlabprod.app","TourLab","EVENTS"
""com.vlabs.eventplanner","Event Planner - Guests, Todo","EVENTS"
""com.amoledwatchfaces.pride","Pride Flag Watch Face","EVENTS"
""com.wedding.planner.guest.list","Wedding Guest List. WedGuest","EVENTS"
""br.com.costaw.conviteaniversario","Birthday Invitation","EVENTS"
""com.spwatches.valentinedial","Valentine Dial - Watch face","EVENTS"
""net.booksy.business","Booksy Biz: For Businesses","BEAUTY"
""com.arcsoft.perfect365","Perfect365 Makeup Photo Editor","BEAUTY"
""com.standysoftware.colorstyle","Color Analysis - Dressika","BEAUTY"
""com.colorwise.me.allseasons","My Best Colors","BEAUTY"
""com.mw.hd.mobile.mirror.pro","Mirror App - Makeup Mirror","BEAUTY"
""io.mindgarden.colorme","WhatColors: AI Color Analysis","BEAUTY"
""com.hair_flutter","AI Hairstyle Try On・Bangs・Wigs","BEAUTY"
""com.ai.lab.face.swap","FunSwap - AI Face Swap","BEAUTY"
""com.microblading_academy.MeasuringTool","PhiApp","BEAUTY"
""com.mladvicedevcarti.ml_advice_app","Switch Natural","BEAUTY"
""com.nerovero.beautycalculator","Beauty Calculator Pretty Scale","BEAUTY"
""com.shearshare.android","ShearShare: Find Space to Work","BEAUTY"
""com.getskinbliss.skinbliss","Skin Bliss: Skincare Routines","BEAUTY"
""com.myolift.myoliftqt","myoliftQT","BEAUTY"
""com.vivaldicolor.twa","Vivaldi Color Analysis","BEAUTY"
""com.netigen.bestmirror","Phone Mirror app - True Mirror","BEAUTY"
""com.feelinmyskin.app","Skincare Routine: FeelinMySkin","BEAUTY"
""com.program.allyoucanfacev2.app","All You Can Face","BEAUTY"
""selfie.camera.filter","Selfie Camera - Photo Effects","BEAUTY"
""com.rstream.haircare","Haircare app for women","BEAUTY"
""com.ahmetburak.haircuts","Men's Hair Cuts & Hairstyles","BEAUTY"
""com.colorscan.app","Color Analysis AI","BEAUTY"
""com.colorcoach","Color Coach","BEAUTY"
""com.mobile.bizo.inpainting.clothes","AI Dress up-Try Clothes Design","BEAUTY"
""com.lyrebirdstudio.beauty","Beauty Makeup Editor & Camera","BEAUTY"
""beauty.skin.care.app","Skincare and Face Care Routine","BEAUTY"
""com.ck.ai.video.background.changer.remover","Video Background Changer","BEAUTY"
""makeup.app.artist.tips.tutorial","Makeup Tutorial App","BEAUTY"
""com.bs.brilliantseasons2","Show My Colors: Color Palettes","BEAUTY"
""mirrorapp.lightmirror.beautymirror.makeupmirror","Beauty Mirror, The Mirror App","BEAUTY"
""com.antiapps.polishRack2","Nail Polish Rack","BEAUTY"
""com.hairstyle.ai","CutAI - AI Hair Style Changer","BEAUTY"
""app.foryou","Face Massage, Skincare: forYou","BEAUTY"
""com.showoffapp","Showoff: create an ideal look","BEAUTY"
""sweet.snap.art.camera.lite.snap.cat.face.camera","Sweet Editor Camera Lite","BEAUTY"
""com.thetotalbeautyplanner.app","Total Beauty Planner","BEAUTY"
""com.theordinaryguide.app","Skincare Routine","BEAUTY"
""com.app.pureple","Pureple Outfit Planner","BEAUTY"
""com.faceai.swap","Face AI:AI Face Swap","BEAUTY"
""com.truecolourmatch.android","True Colour Match by TCI","BEAUTY"
""xyz.sindan.facescore","Face Shape & Color Analysis","BEAUTY"
""com.dominusmathias.dm119","DM | 119 Cool Digital Face","BEAUTY"
""com.inapplab.faceyoga","Face Yoga Exercises - Vitonica","BEAUTY"
""io.takeclass.facetone","FaceTone: Face Fitness & Yoga","BEAUTY"
""com.abodesystems.faceyoga","Koko Face Yoga","BEAUTY"
""mmapps.mirror.free","Mirror Plus: Mirror with Light","BEAUTY"
""com.nixgames.motivation.mirror","Daily affirmations mirror","BEAUTY"
""com.lajeuneandassociatesllc.barberchopdev","Barber Chop","BEAUTY"
""com.trove","TroveSkin: Your Skincare Coach","BEAUTY"
""com.rstream.hairstyles","Hairstyles for your face","BEAUTY"
""com.toontech.umaxlooksmaxxing","Umax AI:A Mewing app for girls","BEAUTY"
""com.lacquergram.android","Lacquergram: for Nail Polish L","BEAUTY"
""com.ilhanllcwomanstyle","Hairstyle Expert for Women's","BEAUTY"
""com.arbo.agenda","Manicure Calendar","BEAUTY"
""com.photoenhancer.ai","AI Photo Enhancer - Editor Pro","BEAUTY"
""com.maz.combo3493","VIP Pageantry","BEAUTY"
""hairstyle.colorChanger.haircut_salon","Hair Makeover-modiface・haircut","BEAUTY"
""com.blink.beautycam.facemakeup.photoeditor","Blink Beauty Cam: Photo Makeup","BEAUTY"
""com.bride.bridelook","BrideLook AI: Hair Designer","BEAUTY"
""com.ryohei.FaceCheck","FaceChecker - Face Analyze App","BEAUTY"
""com.studio360apps.mirror","Mirror - Fullscreen Mirror App","BEAUTY"
""com.apstech.howolddoyoulooklike.app","FaceSwap: Aging & Cartoon Me","BEAUTY"
""beat.photoretouch.beautycamera.photoeditor","Beatrix: Natural Beauty Camera","BEAUTY"
""kynguyen.app.mirror","Mirror - Makeup and Shaving","BEAUTY"
""com.maxsol.beautistics","Beautistics: Makeup Organizer","BEAUTY"
""com.glinttec.beautyscan.beautyscore.photoBeautyScan","Face Shape - Pretty Scale","BEAUTY"
""maa.ps.dynamic_waves.live_wallpaper","PSWaves Live Wallpapers","BEAUTY"
""style.cocon.app","COCON - 패션 천재 AI 코콘","BEAUTY"
""com.photoeditor.filtersforpictures.frames.android","Beautify: Beauty makeup editor","BEAUTY"
""com.dominusmathias.dm099","DM | 099 Analog Minimal Face","BEAUTY"
""com.firebaseapp.manicurecalendar","Nail Tech Appointment App","BEAUTY"
""com.naver.linewebtoon","WEBTOON","COMICS"
""com.tapastic","Tapas – Comics and Novels","COMICS"
""com.viz.wsj.android","Shonen Jump Manga & Comics","COMICS"
""com.contentsfirst.tappytoon","Tappytoon Manhwa & Novels","COMICS"
""net.manta.comic","Manta: Comics & Graphic Novels","COMICS"
""io.comico","POCKET COMICS: Premium Webtoon","COMICS"
""com.marvel.unlimited","Marvel Unlimited","COMICS"
""com.lezhin.comics","Lezhin Comics - Daily Releases","COMICS"
""com.wb.goog.dcuniverse","DC UNIVERSE INFINITE","COMICS"
""com.webcomics.manga","WebComics - Webtoon & Manga","COMICS"
""com.dashtoon.app","Dashtoon: Comics & Manga","COMICS"
""com.toomics.global.google","Toomics - Read Premium Comics","COMICS"
""com.vizmanga.android","VIZ Manga","COMICS"
""jp.co.shueisha.mangaplus","MANGA Plus by SHUEISHA","COMICS"
""com.initialcoms.ridi","리디 - 웹툰, 만화, 웹소설, 전자책 모두 여기에!","COMICS"
""com.nhn.android.webtoon","네이버 웹툰 - Naver Webtoon","COMICS"
""com.collectorz.javamobile.android.comics","CLZ Comics - comic collection","COMICS"
""com.kodansha.kmanga","K MANGA","COMICS"
""com.ebookrenta.en_app","Manga Renta","COMICS"
""com.xm.manga","Manga Buz","COMICS"
""com.square_enix.android_googleplay.mangaup_global","Manga UP!","COMICS"
""mobi.mangatoon.comics.aphone","MangaToon: Comic & Manga","COMICS"
""com.keycollectorcomics.keycollector","Key Collector Comics","COMICS"
""app.game.rentaapps","漫画 ”Ｒｅｎｔａ”マンガ レンタル漫画アプリ","COMICS"
""com.inkr.comics","INKR — Comics, Manga, Webtoons","COMICS"
""com.newput.tinyview","Tinyview Comics","COMICS"
""com.globalcomix.mobileapp","GlobalComix: Comic Book Reader","COMICS"
""com.mangamo.app","Mangamo Manga & Comics","COMICS"
""jp.co.amutus.comicle.mangaapp","Comicle Manga: Manhwa & Comics","COMICS"
""com.comikey.banagher","Comikey - Manga & Webcomics","COMICS"
""com.alpha_manga.alphamanga","Alpha Manga: Read Isekai Manga","COMICS"
""com.apluscomics.comics","HanGraphy","COMICS"
""com.progdigy.cdisplay","CDisplayEx Comic Reader","COMICS"
""com.mrblue.mrblue","미스터블루 - 웹툰, 만화, 소설앱","COMICS"
""com.jegulabs.manga","Mango: Lector de Manga Español","COMICS"
""com.topco.toptoonglobal.iap","DayComics","COMICS"
""com.lalatoon.android","Lalatoon - Comics & Webtoon","COMICS"
""co.azuki.app","Azuki – Manga Reader App","COMICS"
""jp.pxv.android.manga","pixivコミック - みんなのマンガアプリ","COMICS"
""com.rebellion.app2000ad","2000 AD Comics and Judge Dredd","COMICS"
""com.comet.comics","COMET — Manga, Webtoon, Manhua","COMICS"
""com.zalivka.animation2","Draw Cartoons 2","COMICS"
""com.whakoom.app","Whakoom: Organize Your Comics!","COMICS"
""com.ns.ack","ACK Comics","COMICS"
""com.yacreader.yacreader","YACReader Remote","COMICS"
""com.bomcomics.bomtoon.playstore","봄툰","COMICS"
""com.viewer.comicscreen","ComicScreen - PDF, ComicReader","COMICS"
""goodnovel.novelcat.stories.online","Web Novel Romance: Fictions","COMICS"
""com.ai.create.comic","Comickey - AI Comic Maker","COMICS"
""com.alienthink.posetool3d","Pose Tool 3D","COMICS"
""ru.androidtools.comic_book_magazine_reader_cbr_cbz","Comic Book Reader (cbz/cbr)","COMICS"
""com.mangaflip","MANGA BANG！","COMICS"
""app.theredwing","Redwing: Comic Reading Orders","COMICS"
""com.animetv.animetvonline.us2002","Anime tv - Anime Tv Online HD","COMICS"
""com.toomics.zzamtoon.google","투믹스","COMICS"
""com.balcony.boomtoon","BOOMTOON - เว็บตูน มันฮวา","COMICS"
""air.manhwa","인터넷만화방 - 만화/웹툰/소설","COMICS"
""com.beliefengine.handyapp","Handy Art Reference Tool","COMICS"
""gurukula.com.indiancultureonline","Gurukula Stories Comics Audios","COMICS"
""air.com.studiopango.pangocomics","Pango Comics: cartoon for kids","COMICS"
""dmw.comicworld.app","Ficbook: Read Fictions Anytime","COMICS"
""com.emanbae","이만배 - 이걸? 만화로 배워!?","COMICS"
""com.wiryaimd.mangatranslator","Manga Translator","COMICS"
""com.csmart.cartooncomic.stripmaker","Cartoon Comic Strip Maker","COMICS"
""com.rookiestudio.perfectviewer.donate3","Perfect Viewer Donation 3","COMICS"
""com.netcomics.app","NETCOMICS - Webtoon & Manga","COMICS"
""com.toast.comico.th","comico การ์ตูนและนิยายออนไลน์","COMICS"
""kr.co.dwci.yulhyulgangho","[Comics] The ruler of the land","COMICS"
""jp.co.nspictures.mangahot","マンガほっと-漫画（まんが）アプリ","COMICS"
""com.rookiestudio.perfectviewer.donate2","Perfect Viewer Donation 2","COMICS"
""com.wexpy.ocaso","ArcStory - AI comic generator","COMICS"
""com.m2action.deadtown","Macroverse: Next Gen Comics","COMICS"
""com.animetv.sub.dub.origin","Anime tv - Watch Anime Online","COMICS"
""com.funtoon","FunToon","COMICS"
""com.mhr.mangamini","漫畫人Mini","COMICS"
""com.rookiestudio.perfectviewer.donate","Perfect Viewer Donation","COMICS"
""com.mkzhan.google","漫客棧-二次元超快看漫畫","COMICS"
""com.shrine.shrine_app","Shrine Comics","COMICS"
""com.aerilys.acr.android","Astonishing Comic Reader","COMICS"
""com.madmustachecompany.comic.book.manga.reader","ComiQuest - Comic Reader","COMICS"
""com.watchfacestudio.vs044","Floral & Flower Power VS44","COMICS"
""com.androidserenity.comicshopper1","Comic Shopper 1","COMICS"
""com.akaya.akayamedia","AKAYA - Webcómics en español","COMICS"
""br.com.escolhatecnologia.voztradutor","Translator Woman's Voice - TTS","COMICS"
""com.uself.ecomic","Comic Fan - Read Comics","COMICS"
""co.trulite.pentacomix","Pentacomix","COMICS"
""com.test.dailysub03","Test Application - Daily Sub03","COMICS"
""com.amazon.mShop.android.shopping","Amazon Shopping","SHOPPING"
""com.offerup","OfferUp: Buy. Sell. Letgo.","SHOPPING"
""com.srsoftwareltd.playpointsell","Play Point Sell","SHOPPING"
""com.soleretrieverapp.soleretriever","Sole Retriever - Sneakers","SHOPPING"
""co.bridgemoney.bridge_debit_card","Bridge: Rent Rewards & More","SHOPPING"
""com.worthpoint.priceguide","WorthPoint","SHOPPING"
""org.consumerreports.ratings","Consumer Reports: Ratings App","SHOPPING"
""com.suwdesign.ssc","Starving Student Card App","SHOPPING"
""com.headcode.ourgroceries","Our Groceries Shopping List","SHOPPING"
""com.pricklyfish.hotstock","HotStock - in-stock alerts","SHOPPING"
""com.getswoopa.swoopa","Swoopa","SHOPPING"
""com.looko.acloset","Acloset - AI Fashion Assistant","SHOPPING"
""com.webmap","Yard Sale Treasure Map","SHOPPING"
""com.marketplace.offer","Marketplace: Tradet Buy & Sell","SHOPPING"
""com.l","Listonic: Grocery List App","SHOPPING"
""com.lootboy.app","LootBoy: Packs. Drops. Games.","SHOPPING"
""com.solesavyts","DROPS by SoleSavy - Sneakers","SHOPPING"
""com.thecarousell.Carousell","Carousell: Sell and Buy","SHOPPING"
""net.larixon.jacars","Jacars.net","SHOPPING"
""com.shoptrack.android","Package Tracker: Track Parcels","SHOPPING"
""com.opensooq.OpenSooq","السوق المفتوح - OpenSooq","SHOPPING"
""com.vbscorp.android","Veebs","SHOPPING"
""com.sked.playcreditconverter","Reward Redemption","SHOPPING"
""com.whering.app","Whering:Digital Closet Stylist","SHOPPING"
""com.paysec.safepurchase","Safe Purchase","SHOPPING"
""fi.eleima.company","WinStamp Business","SHOPPING"
""com.salesup_mobile","Jungle scout - Seller App","SHOPPING"
""com.hopupapp.android","HopUp - Airsoft Marketplace","SHOPPING"
""com.tech.fallen","FallenTech","SHOPPING"
""com.myibidder.aclient1","Auction Bid Sniper for eBay","SHOPPING"
""com.brightstripe.parcels","Parcels: Track Online Orders","SHOPPING"
""free.imei.unlock.xiaomi","Network Unlock App For All Mi","SHOPPING"
""com.icedblueberry.shoppinglisteasy","Shopping List - Simple & Easy","SHOPPING"
""com.nogamelabs.parcel.tracker","Package Tracker - Track Parcel","SHOPPING"
""golf.swag.swag","Swag Golf","SHOPPING"
""com.kaverk.seespotbid","SeeSpotBid - Alerts for eBay","SHOPPING"
""yqtrack.app","17TRACK Package Tracker","SHOPPING"
""com.negroni.android.packagetracker.app","Package Tracker, Flight Radar","SHOPPING"
""com.thetrojanapps.qrcode.reader.scanner","QR Code Reader: QR Code Maker","SHOPPING"
""art.letsbloom","Off/Script: Design, Earn, Shop","SHOPPING"
""com.mourjan.classifieds","mourjan","SHOPPING"
""com.shervinkoushan.anyTracker","AnyTracker - track anything!","SHOPPING"
""de.koloch.evaluator","What's it worth on eBay?","SHOPPING"
""io.eferret.eferret","eFerret - eBay Search Alerts","SHOPPING"
""com.pacolabs.minifigscan","Minifig Scan","SHOPPING"
""me.swiftgift.swiftgift.samsung","Monster Deals Plus","SHOPPING"
""com.buymeapie.bmap","Shopping List - Buy Me a Pie!","SHOPPING"
""app.kosherscan.kosher_scan","KosherScan","SHOPPING"
""com.bestoflogan.android","Best of Logan","SHOPPING"
""io.inventorybot.app","Inventory Bot","SHOPPING"
""com.ild.geocouponalert","GeoCoupons","SHOPPING"
""br.com.ridsoftware.shoppinglist","Shopping List - SoftList","SHOPPING"
""by.giveaway.app","GiveAway: Buy Stuff, Earn Cash","SHOPPING"
""com.olivaresventuraricardo.minventapp","Ganvent: Crea tu tienda online","SHOPPING"
""com.larixon.bazaraki","Bazaraki","SHOPPING"
""com.tksolution.einkaufszettelmitspracheingabe","Shopping list voice input","SHOPPING"
""com.larixon.pin","Pin.tt","SHOPPING"
""com.xbox_deals.sales","Xb Bargains","SHOPPING"
""co.shopney.equaleats","Equal Eats - Allergy Cards","SHOPPING"
""com.passpassllc.passpass","PassPass App","SHOPPING"
""com.RayDarLLC.rShopping","Grocery List App - rShopping","SHOPPING"
""de.markusliebschner.thatlist","That Shopping List","SHOPPING"
""com.oussx.dzads","Sell stuff: find deals, cars","SHOPPING"
""hk.eu.shoppinglistpro","Shopping List Pro","SHOPPING"
""com.shopping.compareprices.app2023","Shopping All-in-one: Compare","SHOPPING"
""com.restockify.mobileapp","Restockify: In Stock Alerts","SHOPPING"
""com.parcelee","Spottrack: Package Tracker","SHOPPING"
""com.freeya.app","Freeya","SHOPPING"
""com.bhanu.RedeemerPro","Paid app sales & Promocodes","SHOPPING"
""com.yayatech.walmartscanner","Barcode Scanner for Walmart","SHOPPING"
""com.usa.freepeople","Bohomian Free Peoples Clothes","SHOPPING"
""com.tradera","Tradera – buy & sell","SHOPPING"
""net.tsapps.appsales","AppSales","SHOPPING"
""com.tambucho.milistacompras","My Shopping List Pro","SHOPPING"
""com.light.paidappssalespro","Paid Apps Sales Pro","SHOPPING"
""com.selloldcoins.in","Sell old coins online","SHOPPING"
""com.kosherdev.koshergator","Is it Kosher?","SHOPPING"
""com.dealsfinders.app","Deals Finders: Coupons & Deals","SHOPPING"
""studio.pvs.t_shirtdesignstudio","T-Shirt Design Studio","SHOPPING"
""de.sandnersoft.ecm","Extreme Couponing Manager","SHOPPING"
""com.best.grocery.list.pro","Shopping List: BigBag Pro","SHOPPING"
""com.the.little.local.book.app","The Little Local Book","SHOPPING"
""com.yoshi.pagsamp","PAGSAMP","SHOPPING"
""easicorp.gtrackerpro","Grocery-Tracker ProKey","SHOPPING"
""com.findmyk9match.app","Find My K9 Match","SHOPPING"
""com.shoppinglist","Shopping List","SHOPPING"
""com.rkk.closet","Smart Closet - Your Stylist","SHOPPING"
""com.chotot.vn","Cho Tot -Chuyên mua bán online","SHOPPING"
""tv.conger.shopping","Shopping List","SHOPPING"
""com.petsstore.petsmarket","Pet Store-Buy and Sell Dog Cat","SHOPPING"
""app.costcocompanion.dev","Companion for Costco","SHOPPING"
""com.spicix.girly_shopping","Cute princess shopping","SHOPPING"
""com.shufflebuy.app","Shufflebuy","SHOPPING"
""com.bitwize10.supersimpleshoppinglist","Super Simple Shopping List","SHOPPING"
""com.biggu.shopsavvy","ShopSavvy - Barcode Scanner","SHOPPING"
""com.mybabysheartbeatbeatbear.plus","Baby's Heartbeat Backup+","SHOPPING"
""com.tksolution.einkaufszettelmitspracheingabepro","Shopping list voice input PRO","SHOPPING"
""ai.arqx.arqjewelry","ARQ Jewelry Design","SHOPPING"
""xyz.wootcheck.woot","Woot Watcher","SHOPPING"
""com.rym.door.inter","Doorzo - Japan proxy services","SHOPPING"
""com.xmaslist","Christmas Gift List","SHOPPING"
""com.consumer.salereporter","Kooberi","SHOPPING"
""com.lightning.bug","LightningBug:Catch Local Deals","SHOPPING"
""com.cawbrands.happygira","HappyGira","SHOPPING"
""com.trz.grocereasy","To Buy - Grocery Shopping List","SHOPPING"
""mmapps.mobile.discount.calculator","Discount and tax percentage ca","SHOPPING"
""com.justxelliot.eBay_Completed_Listings","Cloe Completed Listing on eBay","SHOPPING"
""appinventor.ai_riccordi1064.listacompras","XEPA lista de compras","SHOPPING"
""com.ivuu","AlfredCamera Home Security app","HOUSE_AND_HOME"
""app.visory.security_camera","Surveillance camera Visory","HOUSE_AND_HOME"
""com.stromming.planta","Planta - Care for your plants","HOUSE_AND_HOME"
""com.icandesignapp.all","Room Planner: Home Interior 3D","HOUSE_AND_HOME"
""com.planner5d.planner5d","Planner 5D: Home Design, Decor","HOUSE_AND_HOME"
""app.sweepy.sweepy","Sweepy: Home Cleaning Schedule","HOUSE_AND_HOME"
""com.looploop.tody","Tody - Smarter Cleaning","HOUSE_AND_HOME"
""com.smartwidgetlabs.philipshue","Hue Light App Remote Control","HOUSE_AND_HOME"
""com.boost.samsung.remote","Remote for Smart Samsung TV","HOUSE_AND_HOME"
""io.hometasker.android","House Chores Cleaning Schedule","HOUSE_AND_HOME"
""com.universal.tv.remote.control.screen.mirroring","Remote Control for All TV","HOUSE_AND_HOME"
""io.ionic.seed2spoon","Seed to Spoon - Garden Planner","HOUSE_AND_HOME"
""cz.master.lois","Home Security Camera ZoomOn","HOUSE_AND_HOME"
""com.houserion","Housy: House Cleaning Schedule","HOUSE_AND_HOME"
""io.betidy.BeTidy","BeTidy: Home Cleaning Schedule","HOUSE_AND_HOME"
""com.rachio.iro","Rachio","HOUSE_AND_HOME"
""com.icandesignapp.kitchen","Kitchen Design: 3D Planner","HOUSE_AND_HOME"
""com.roomsketcher.homedesigner","RoomSketcher for Tablets","HOUSE_AND_HOME"
""app.renovateai","Renovate AI - Home Remodel","HOUSE_AND_HOME"
""com.bonc.paintmyroom","Paint my Room - Try wall color","HOUSE_AND_HOME"
""com.wuuklabs.android.store","Wuuk","HOUSE_AND_HOME"
""com.zype.thisoldhouse","This Old House","HOUSE_AND_HOME"
""com.mobileintegratedsolutions.mobilincx","MobiLinc X","HOUSE_AND_HOME"
""com.kitchensketches","My Kitchen: 3D Planner","HOUSE_AND_HOME"
""cam.camy","Camy — Live Video CCTV","HOUSE_AND_HOME"
""com.lumiunited.aqarahome.play","Aqara Home","HOUSE_AND_HOME"
""com.touchberry.plant.story.identification.gardening","Palmstreet - Buy Plants Live","HOUSE_AND_HOME"
""com.timesgroup.magicbricks","Magicbricks Buy, Rent Property","HOUSE_AND_HOME"
""com.code.bluegeny.myhomeview","Home Security Camera - SeeCiTV","HOUSE_AND_HOME"
""com.nipto.niptoapp","Nipto: Split Household Chores","HOUSE_AND_HOME"
""com.kapron.ap.aicamview.tv","IP Camera Viewer","HOUSE_AND_HOME"
""com.autodesk.homestyler","Homestyler-Room Realize design","HOUSE_AND_HOME"
""com.organisedmum","The Organised Mum","HOUSE_AND_HOME"
""com.interiordesignai.homedecor","AI Interior Design Home Decor","HOUSE_AND_HOME"
""com.eteks.sweethome3d.mobile","Sweet Home 3D Mobile","HOUSE_AND_HOME"
""com.variable.inspire","Color Muse","HOUSE_AND_HOME"
""com.chestersw.homelist","Home Inventory, Food, Shopping","HOUSE_AND_HOME"
""com.orbit.orbitsmarthome.pro","b-hyve Pro","HOUSE_AND_HOME"
""my.tensorflow.lite.examples.classification","Mushroom Identification","HOUSE_AND_HOME"
""app.bonsaicare","Bonsai Care App","HOUSE_AND_HOME"
""com.arwong09.SmartLabels","Smart Labels","HOUSE_AND_HOME"
""com.fineart.universal.tv.remote.control","Universal TV Remote & Roku Tv","HOUSE_AND_HOME"
""es.inmovens.badi","Badi – Rooms & Flats for rent","HOUSE_AND_HOME"
""cz.scamera.securitycamera","Security Camera CZ","HOUSE_AND_HOME"
""com.cklab.cleaning","Tidy: House Cleaning Schedule","HOUSE_AND_HOME"
""com.htec.gardenize","Gardenize: Garden & Plant care","HOUSE_AND_HOME"
""app.homey","Homey — A better smart home","HOUSE_AND_HOME"
""com.zoneminder.zmNinja","zmNinja","HOUSE_AND_HOME"
""com.vdmnszk.hb","MoodBoard maker - HomeBoard","HOUSE_AND_HOME"
""com.lascade.wallpaper","Paint My Wall・Color Visualizer","HOUSE_AND_HOME"
""com.uzeegar.universal.smart.tv.remote.control","Universal TV Remote Control","HOUSE_AND_HOME"
""net.bpi.breakerbox","Breaker Box - Panel Tool","HOUSE_AND_HOME"
""com.pseudomath.ceilingfanbalancer","Ceiling Fan Balancer","HOUSE_AND_HOME"
""fr.anuman.HomeDesign3D","Home Design 3D","HOUSE_AND_HOME"
""se.homeowner","Homer: The Home Management App","HOUSE_AND_HOME"
""com.warden.cam","Home Security Camera WardenCam","HOUSE_AND_HOME"
""app.febriq","Febriq","HOUSE_AND_HOME"
""com.psiflow.poolcalculator","Pool-Calculator","HOUSE_AND_HOME"
""com.HawkBro.DrawFloorPlan","Draw Floor Plan","HOUSE_AND_HOME"
""io.higgins.knoxweb","Inspect Plus","HOUSE_AND_HOME"
""com.roku.tv.remote.control","Remote Control for Roku TV","HOUSE_AND_HOME"
""com.ourflat.app","OurFlat: Household & Chores","HOUSE_AND_HOME"
""com.homeoutside.landscapedesign","Home Outside®","HOUSE_AND_HOME"
""com.housedesing.homeplanner.floorplan","House Design 3D - Home Planner","HOUSE_AND_HOME"
""au.com.realestate.app","realestate.com.au - Property","HOUSE_AND_HOME"
""xyz.zedler.patrick.grocy.unlock","Grocy: Unlock Key","HOUSE_AND_HOME"
""app.homehabit.view","HomeHabit - Smart Home Panel","HOUSE_AND_HOME"
""authenticator.twofactor.authy","Authenticator 2FA Two Factor","HOUSE_AND_HOME"
""com.koicontrol.koiapp","KoiControl - The Koi App","HOUSE_AND_HOME"
""com.closetsketcher","Closet Planner 3D","HOUSE_AND_HOME"
""com.mydroid.tv.remote.control.all.tv.controller","Universal Smart Tv Remote Ctrl","HOUSE_AND_HOME"
""app.stuffkeeper.au","StuffKeeper: Home inventory","HOUSE_AND_HOME"
""com.ohc.nomo","Nomo Smart Care","HOUSE_AND_HOME"
""maa.standby_ios.widgets.lock_screen_pro","StandBy PRO: Always On Display","HOUSE_AND_HOME"
""com.poolchemicalcalculator.poolcalc","Pool Chemical Calculator","HOUSE_AND_HOME"
""com.supremevue.ecobeewrap","ecobee Wrap","HOUSE_AND_HOME"
""com.swish.eye","Swish Eye Home Security Camera","HOUSE_AND_HOME"
""com.miquelcms.homeorganizer","Find my stuff: Home inventory","HOUSE_AND_HOME"
""com.tidbyt.android","Tidbyt","HOUSE_AND_HOME"
""es.jma.app.prof","JMARemotesPro","HOUSE_AND_HOME"
""codematics.universal.tv.remote.control","Universal TV Remote Control","HOUSE_AND_HOME"
""eu.hoermann.ast.bluesecur","BlueSecur","HOUSE_AND_HOME"
""acremotecontrol.airconditionerapp","Air Conditioner Remote Control","HOUSE_AND_HOME"
""co.abetterhome.lighter","Lighter for Philips Hue Lights","HOUSE_AND_HOME"
""pl.homeorganizer","Domownik - home organizer","HOUSE_AND_HOME"
""by.makarov.smarttvlgrc.wifi","Lg Smart TV Service Remote","HOUSE_AND_HOME"
""com.wizconnected.wiz2","WiZ Connected","HOUSE_AND_HOME"
""com.idealista.android","idealista","HOUSE_AND_HOME"
""com.bentosoftware.gartenplaner","Veggie Garden Planner","HOUSE_AND_HOME"
""com.selfhealing.candle11","Night Light | Candle Fireplace","HOUSE_AND_HOME"
""com.fineart.universal.tv.remote.control.roku","Remote Control For Roku TV","HOUSE_AND_HOME"
""com.pirinel.blaze","Blaze - 4K Virtual Fireplace","HOUSE_AND_HOME"
""acremote.airconditionercontrol.universal","AC Remote Control Universal","HOUSE_AND_HOME"
""com.SoftwareDevelopmentKemper.HomeDesignFloorPlan","Home Design | Floor Plan","HOUSE_AND_HOME"
""codematics.android.smarttv.wifi.remote.tvremote","Remote for Android TV","HOUSE_AND_HOME"
""com.roetteri.colorx.rodda.pro","Rodda Paint Colors Pro","HOUSE_AND_HOME"
""com.homeAiApp.homeAi","HomeAI - Home Design with AI","HOUSE_AND_HOME"
""com.ants360.yicamera.yilife","YI Life","HOUSE_AND_HOME"
""com.hookmountain.sasha.paid.release","Sun & Shade Analyzer (SASHA)","HOUSE_AND_HOME"
""com.roetteri.colorx.hallman.pro","Hallman Lindsay Colors Pro","HOUSE_AND_HOME"
""hu.adlunam.planti","Planti: Plant Care","HOUSE_AND_HOME"
""com.shplv.structura.pro","Building Cost Calculator PRO","HOUSE_AND_HOME"
""com.roetteri.colorx.behr","Behr Paint Colors","HOUSE_AND_HOME"
""com.darxide.android.plantguide","Indoor Plant Guide Pocket Ed.","HOUSE_AND_HOME"
""love.communitystar.app","Community Star","HOUSE_AND_HOME"
""flatify.com.flatify","Flatify: Household & Chores","HOUSE_AND_HOME"
""interiordesigner.ai.decor.homedesign","Home AI: AI Interior Design","HOUSE_AND_HOME"
""com.SoftwareentwicklungKemper.FloorPlanAugmentedReality","Floor Plan Augmented Reality","HOUSE_AND_HOME"
""com.tvapp.remote.tvremote.universalremote","Universal TV Remote Control","HOUSE_AND_HOME"
""uk.co.neos.retail.android","Neos SmartHome","HOUSE_AND_HOME"
""com.fengshui.pass","羅盤指南針-家居風水 羅庚 風水師看風水 方位吉兇布局","HOUSE_AND_HOME"
""com.dimonnwc3.meterable","Meterable - Meter readings app","HOUSE_AND_HOME"
""com.decorator.ai","DecoratorsAI","HOUSE_AND_HOME"
""com.secureapps.antitheftalarm","Phone Anti-theft alarm","HOUSE_AND_HOME"
""com.naipaka.pikapika","Chores Schedule App - PikaPika","HOUSE_AND_HOME"
""com.kadilo.inc.flatty","Flatty - rent or buy apartment","HOUSE_AND_HOME"
""com.itemeyes","ItemEyes Logs Your Valuables","HOUSE_AND_HOME"
""com.manoramaonline.twixl.vanithaveedu","Vanitha Veedu","HOUSE_AND_HOME"
""com.chatany.keyboardtranslator.translatorapp.chattranslator.translation","ChatAny- Translator Keyboard","HOUSE_AND_HOME"
""com.palettecad.palettehome","Palette Home","HOUSE_AND_HOME"
""com.vmt.recoverdeletedmessages.unseen.whatsavepro","Recover Deleted Messages Pro","HOUSE_AND_HOME"
""com.h3apps.baluster_layout","Baluster Layout","HOUSE_AND_HOME"
""com.kowalczewski.oven_to_air_fryer_calculator","Oven to Air Fryer Calculator","HOUSE_AND_HOME"
""com.roetteri.colorx.dunn","Dunn-Edwards Paint Colors","HOUSE_AND_HOME"
""com.nytimes.android","The New York Times","NEWS_AND_MAGAZINES"
""wsj.reader_sp","The Wall Street Journal.","NEWS_AND_MAGAZINES"
""sp0n.citizen","Citizen: Local Safety Alerts","NEWS_AND_MAGAZINES"
""com.washingtonpost.android","Washington Post","NEWS_AND_MAGAZINES"
""police.scanner.radio.broadcastify.citizen","Police Scanner - Live Radio","NEWS_AND_MAGAZINES"
""com.theepochtimes.news","The Epoch Times: Breaking News","NEWS_AND_MAGAZINES"
""com.fng.foxnation","FOX Nation: Celebrate America","NEWS_AND_MAGAZINES"
""com.medium.reader","Medium","NEWS_AND_MAGAZINES"
""com.guardian","The Guardian - News & Sport","NEWS_AND_MAGAZINES"
""com.checkitt","Ground News","NEWS_AND_MAGAZINES"
""com.bloomberg.android.plus","Bloomberg: Finance Market News","NEWS_AND_MAGAZINES"
""com.scannerradio","Scanner Radio - Police Scanner","NEWS_AND_MAGAZINES"
""com.washingtonpost.rainbow","Washington Post Select","NEWS_AND_MAGAZINES"
""com.economist.lamarr","The Economist - News, Podcasts","NEWS_AND_MAGAZINES"
""com.levintv","BlazeTV","NEWS_AND_MAGAZINES"
""com.lemonde.androidapp","Le Monde, Live News","NEWS_AND_MAGAZINES"
""au.com.shiftyjelly.pocketcasts","Pocket Casts - Podcast Player","NEWS_AND_MAGAZINES"
""com.usatoday.android.news","USA TODAY: US & Breaking News","NEWS_AND_MAGAZINES"
""com.elpais.elpais","EL PAÍS","NEWS_AND_MAGAZINES"
""com.ft.news","Financial Times: Business News","NEWS_AND_MAGAZINES"
""com.barrons.us","Barron's: Investing Insights","NEWS_AND_MAGAZINES"
""com.herald.newsapp","Miami Herald","NEWS_AND_MAGAZINES"
""com.doapps.android.mln.MLN_fac245c0cd451a91e8fa12de5db066de","Detroit Free Press: Freep","NEWS_AND_MAGAZINES"
""com.freerange360.mpp.businessinsider","Business Insider","NEWS_AND_MAGAZINES"
""com.premiereradio.android.c2c","Coast To Coast AM Insider","NEWS_AND_MAGAZINES"
""com.apptivateme.next.la","LA Times: Essential California","NEWS_AND_MAGAZINES"
""com.condenast.thenewyorker.android","The New Yorker","NEWS_AND_MAGAZINES"
""uk.co.thetimes","The Times: UK & World News","NEWS_AND_MAGAZINES"
""com.stocks.news","Stocks News","NEWS_AND_MAGAZINES"
""com.doapps.android.mln.MLN_04a7d5453645333814797f7653739861","The Detroit News: Local News","NEWS_AND_MAGAZINES"
""com.readly.client","Readly Magazines & Newspapers","NEWS_AND_MAGAZINES"
""com.ideashower.readitlater.pro","Pocket: Save. Read. Grow.","NEWS_AND_MAGAZINES"
""com.kansascity.android","Kansas City Star Newspaper","NEWS_AND_MAGAZINES"
""com.ap.advnj","NJ.com","NEWS_AND_MAGAZINES"
""com.apptivateme.next.ct","Chicago Tribune","NEWS_AND_MAGAZINES"
""fr.playsoft.lefigarov3","Le Figaro.fr: Actu en direct","NEWS_AND_MAGAZINES"
""com.ap.sacramento","The Sacramento Bee newspaper","NEWS_AND_MAGAZINES"
""com.theatlantic.newsstand","The Atlantic","NEWS_AND_MAGAZINES"
""com.newsobserver.android","News & Observer (N&O): Mobile","NEWS_AND_MAGAZINES"
""com.dci.magzter","Magzter: Magazines, Newspapers","NEWS_AND_MAGAZINES"
""com.sfchronicle.newsapp","San Francisco Chronicle News","NEWS_AND_MAGAZINES"
""com.opentech.haaretz","Haaretz English Edition","NEWS_AND_MAGAZINES"
""org.aagrapevine.app","AA Grapevine","NEWS_AND_MAGAZINES"
""com.triactivemedia.pocketmags","Pocketmags Magazine Newsstand","NEWS_AND_MAGAZINES"
""com.gannett.local.library.news.azcentral","AZ Central: Arizona Republic","NEWS_AND_MAGAZINES"
""com.nypost.tablet","New York Post for Tablet","NEWS_AND_MAGAZINES"
""com.mjs.android","Milwaukee Journal Sentinel","NEWS_AND_MAGAZINES"
""com.ap.philly","The Philadelphia Inquirer","NEWS_AND_MAGAZINES"
""com.apptivateme.next.bs","Baltimore Sun","NEWS_AND_MAGAZINES"
""com.ap.advpenn","PennLive.com","NEWS_AND_MAGAZINES"
""com.zinio.mobile.android.reader","ZINIO - Magazine Newsstand","NEWS_AND_MAGAZINES"
""lequipe.fr","L'Équipe : live sport and news","NEWS_AND_MAGAZINES"
""com.charlotteobserver.android","The Charlotte Observer","NEWS_AND_MAGAZINES"
""org.wau.android","The Word Among Us Mass Edition","NEWS_AND_MAGAZINES"
""com.tyt.battlecruiser","TYT - Home of Progressives","NEWS_AND_MAGAZINES"
""com.gannett.local.library.news.indystar","IndyStar: Indianapolis Star","NEWS_AND_MAGAZINES"
""com.oan.live","OAN Live","NEWS_AND_MAGAZINES"
""com.devhd.feedly","Feedly - Smarter News Reader","NEWS_AND_MAGAZINES"
""com.ap.advml","MLive.com","NEWS_AND_MAGAZINES"
""com.herringnetworks.oanlive","One America News OAN","NEWS_AND_MAGAZINES"
""com.ap.cleveland","cleveland.com","NEWS_AND_MAGAZINES"
""com.ap.oregon","OregonLive.com","NEWS_AND_MAGAZINES"
""com.fairfaxmedia.ink.metro.afr","Australian Financial Review","NEWS_AND_MAGAZINES"
""com.newspaperdirect.pressreader.android","PressReader: News & Magazines","NEWS_AND_MAGAZINES"
""com.natgeomobile.ngmagazine","National Geographic","NEWS_AND_MAGAZINES"
""com.thenewstribune.android","Tacoma News Tribune Newspaper","NEWS_AND_MAGAZINES"
""com.ap.star","Fort Worth Star-Telegram","NEWS_AND_MAGAZINES"
""com.haaretz","הארץ - Haaretz","NEWS_AND_MAGAZINES"
""com.economist.darwin","Espresso from The Economist","NEWS_AND_MAGAZINES"
""com.houstonchronicle.newsapp","Houston Chronicle News","NEWS_AND_MAGAZINES"
""com.freerange360.mpp.NYDN","New York Daily News","NEWS_AND_MAGAZINES"
""com.thelocal.app","The Local","NEWS_AND_MAGAZINES"
""uk.co.telegraph.kindlefire","The Telegraph UK Latest News","NEWS_AND_MAGAZINES"
""com.cincinnati.CincyMobile","Cincinnati.com: The Enquirer","NEWS_AND_MAGAZINES"
""com.thestate.android","The State News: Columbia, SC","NEWS_AND_MAGAZINES"
""com.ap.advsyra","syracuse.com","NEWS_AND_MAGAZINES"
""com.dispatch.coldispatch","Columbus Dispatch: Local News","NEWS_AND_MAGAZINES"
""com.podcast.podcasts","Podcast Player","NEWS_AND_MAGAZINES"
""com.haystack.android","Haystack News: Local TV News","NEWS_AND_MAGAZINES"
""com.startribune.android.newsclient","The Minnesota Star Tribune","NEWS_AND_MAGAZINES"
""com.scmp.newspulse","South China Morning Post","NEWS_AND_MAGAZINES"
""de.spiegel.android.app.spon","DER SPIEGEL - Nachrichten","NEWS_AND_MAGAZINES"
""com.kentucky.android","Herald-Leader - Lexington KY","NEWS_AND_MAGAZINES"
""com.elnuevodia.androidapplication","El Nuevo Día","NEWS_AND_MAGAZINES"
""com.idahostatesman.android","Idaho Statesman - Boise News","NEWS_AND_MAGAZINES"
""com.sanluisobispo.android","San Luis Obispo Tribune news","NEWS_AND_MAGAZINES"
""com.gannett.local.library.news.rgj","Reno Gazette Journal","NEWS_AND_MAGAZINES"
""com.tricityherald.android","Tri-City Herald: WA state news","NEWS_AND_MAGAZINES"
""com.wapo.slate.android","Slate","NEWS_AND_MAGAZINES"
""com.apptivateme.next.sdut","The San Diego Union-Tribune","NEWS_AND_MAGAZINES"
""com.ap.postdispatch","St. Louis Post-Dispatch","NEWS_AND_MAGAZINES"
""com.gannett.local.library.news.delawareonline","Delaware Online","NEWS_AND_MAGAZINES"
""com.rawstory.rawstory","Raw Story","NEWS_AND_MAGAZINES"
""com.newscientist.mobile","New Scientist","NEWS_AND_MAGAZINES"
""com.instapaper.android","Instapaper","NEWS_AND_MAGAZINES"
""com.theolympian.android","The Olympian- Olympia WA news","NEWS_AND_MAGAZINES"
""com.kreactive.leparisienrssplayer","Le Parisien : l'info en direct","NEWS_AND_MAGAZINES"
""com.islandpacket.android","Island Packet Hilton Head news","NEWS_AND_MAGAZINES"
""com.pagesuite.newsday","Newsday","NEWS_AND_MAGAZINES"
""com.bellinghamherald.android","Bellingham Herald WA newspaper","NEWS_AND_MAGAZINES"
""com.ap.denverpost","The Denver Post","NEWS_AND_MAGAZINES"
""com.newspicks","NewsPicks（ニューズピックス）/経済ニュースアプリ","NEWS_AND_MAGAZINES"
""com.fresnobee.android","Fresno Bee newspaper","NEWS_AND_MAGAZINES"
""com.tuckercarlson.tv","Tucker Carlson Network","NEWS_AND_MAGAZINES"
""com.inkl.app","inkl: world news that matters","NEWS_AND_MAGAZINES"
""com.gannett.local.library.news.tennessean","Tennessean: News & eNewspaper","NEWS_AND_MAGAZINES"
""com.gannett.local.library.news.democratandchronicle","Democrat & Chronicle","NEWS_AND_MAGAZINES"
""com.apptivateme.next.hc","Hartford Courant","NEWS_AND_MAGAZINES"
""com.ap.advmasslive","MassLive.com","NEWS_AND_MAGAZINES"
""com.gannett.local.library.news.lsj","Lansing State Journal","NEWS_AND_MAGAZINES"
""com.timesunion.newsapp","Albany Times Union News","NEWS_AND_MAGAZINES"
""com.visuamobile.liberation","Libération: Info et Actualités","NEWS_AND_MAGAZINES"
""com.kansas.android","The Wichita Eagle & Kansas.com","NEWS_AND_MAGAZINES"
""com.gannett.local.library.news.coloradoan","Coloradoan: Local News","NEWS_AND_MAGAZINES"
""com.gatehousemedia.id3006","Cape Cod Times, Hyannis, Mass.","NEWS_AND_MAGAZINES"
""com.gannett.local.library.news.citizentimes","Citizen Times","NEWS_AND_MAGAZINES"
""com.apptivateme.next.sfss","Sun Sentinel","NEWS_AND_MAGAZINES"
""com.dynamic.sku.test.app","Moscra test app","NEWS_AND_MAGAZINES"
""com.gannett.local.library.news.dmregister","Des Moines Register","NEWS_AND_MAGAZINES"
""com.scripps.knoxnews.mobile","Knoxville News","NEWS_AND_MAGAZINES"
""com.apptivateme.next.amc","Allentown - Morning Call","NEWS_AND_MAGAZINES"
""it.rcs.corriere","Corriere della Sera","NEWS_AND_MAGAZINES"
""com.foreignaffairs.magazine","Foreign Affairs Magazine","NEWS_AND_MAGAZINES"
""com.bnd.android","Belleville News Democrat News","NEWS_AND_MAGAZINES"
""com.modbee.android","The Modesto Bee & ModBee.com","NEWS_AND_MAGAZINES"
""com.gruporeforma.reforma","REFORMA","NEWS_AND_MAGAZINES"
""com.gannett.local.library.news.thestarpress","Star Press","NEWS_AND_MAGAZINES"
""com.innologica.inoreader","Inoreader: News & RSS reader","NEWS_AND_MAGAZINES"
""com.gannett.local.library.news.app","Asbury Park Press: Local News","NEWS_AND_MAGAZINES"
""com.scripps.naplesnews.mobile","Naples Daily News","NEWS_AND_MAGAZINES"
""com.gatehousemedia.id3103","Worcester Telegram & Gazette","NEWS_AND_MAGAZINES"
""com.nzherald.activities","NZ Herald News","NEWS_AND_MAGAZINES"
""com.ken.core","The Ken","NEWS_AND_MAGAZINES"
""com.fairfaxmedia.ink.metro.smh","The Sydney Morning Herald","NEWS_AND_MAGAZINES"
""app.lanacion.activity","LA NACION","NEWS_AND_MAGAZINES"
""com.expressnews.newsapp","San Antonio Express-News","NEWS_AND_MAGAZINES"
""com.gatehousemedia.id3049","The Providence Journal, R.I.","NEWS_AND_MAGAZINES"
""com.theUpperRoom.devoapp","The Upper Room","NEWS_AND_MAGAZINES"
""uk.co.spectator.pugpigmobile","The Spectator Magazine","NEWS_AND_MAGAZINES"
""com.freedom.ocregister","Orange County Register","NEWS_AND_MAGAZINES"
""com.nacion.android.nacioncostarica","La Nación Costa Rica","NEWS_AND_MAGAZINES"
""com.spreedinc.providers.gatehousemedia.cantonrepository","The Repository - Canton, OH","NEWS_AND_MAGAZINES"
""com.gannett.local.library.news.pnj","Pensacola News Journal","NEWS_AND_MAGAZINES"
""com.gatehousemedia.id3160","Sarasota Herald-Tribune","NEWS_AND_MAGAZINES"
""tv.i24news.i24news","i24NEWS","NEWS_AND_MAGAZINES"
""com.theglobeandmail.headliner","The Globe and Mail","NEWS_AND_MAGAZINES"
""com.roularta.lexpress","L'Express | Infos & Analyses","NEWS_AND_MAGAZINES"
""com.beckett.beckbasketball","Beckett Basketball","NEWS_AND_MAGAZINES"
""com.dailybeast.app","The Daily Beast","NEWS_AND_MAGAZINES"
""com.gannett.local.library.news.tallahassee","Tallahassee Democrat","NEWS_AND_MAGAZINES"
""com.nikkei.asia","Nikkei Asia","NEWS_AND_MAGAZINES"
""com.thepulse.plus","Pulse+ News and Podcasts","NEWS_AND_MAGAZINES"
""com.ghm.akronbeaconjournal","Akron Beacon Journal Now","NEWS_AND_MAGAZINES"
""com.scripps.courierpress.mobile","Evansville Courier & Press","NEWS_AND_MAGAZINES"
""com.northjersey.developer.northjerseylatestnews","North Jersey: Record & Herald","NEWS_AND_MAGAZINES"
""com.pioneer.nycfirewire","FireWire","NEWS_AND_MAGAZINES"
""com.dennis.theweek.us","The Week Magazine US","NEWS_AND_MAGAZINES"
""com.ap.advstaten","SILive.com","NEWS_AND_MAGAZINES"
""com.nouvelobs.androidapp","Le Nouvel Obs : actus et infos","NEWS_AND_MAGAZINES"
""com.gannett.local.library.news.floridatoday","Florida Today: Local News","NEWS_AND_MAGAZINES"
""com.gannett.local.library.news.lohud","lohud","NEWS_AND_MAGAZINES"
""com.scripps.vcstar.mobile","Ventura County Star","NEWS_AND_MAGAZINES"
""com.ghm.goerie","The Erie Times-News","NEWS_AND_MAGAZINES"
""com.gannett.local.library.news.clarionledger","Clarion Ledger","NEWS_AND_MAGAZINES"
""com.gannett.local.library.news.mansfieldnewsjournal","Mansfield News Journal","NEWS_AND_MAGAZINES"
""com.whiz.buffalo","The Buffalo News","NEWS_AND_MAGAZINES"
""com.newslaundry.android.app","Newslaundry","NEWS_AND_MAGAZINES"
""com.gannett.local.library.news.jconline","Journal & Courier","NEWS_AND_MAGAZINES"
""com.gruporeforma.elnorte","EL NORTE","NEWS_AND_MAGAZINES"
""com.scripps.redding.mobile","Record Searchlight","NEWS_AND_MAGAZINES"
""com.et.reader.activities","Economic Times : Business News","NEWS_AND_MAGAZINES"
""com.spreedinc.providers.gatehousemedia.peoriajournalstar","Peoria Journal Star","NEWS_AND_MAGAZINES"
""com.nikkei.newspaper","日本経済新聞 電子版【公式】／経済ニュースアプリ","NEWS_AND_MAGAZINES"
""com.scripps.tcpalm.mobile","TCPalm","NEWS_AND_MAGAZINES"
""fr.lepoint.android","Le Point | Actualités & Info","NEWS_AND_MAGAZINES"
""com.mobstac.thehindu","The Hindu: Live News Updates","NEWS_AND_MAGAZINES"
""com.ap.advlehigh","lehighvalleylive.com","NEWS_AND_MAGAZINES"
""com.gatehousemedia.id3161","News-Journal-Daytona Beach, FL","NEWS_AND_MAGAZINES"
""com.premiereradio.branded.clayandbuck","Clay and Buck","NEWS_AND_MAGAZINES"
""com.fairfaxmedia.ink.metro.age","The Age","NEWS_AND_MAGAZINES"
""com.goldtouch.ynet","ynet","NEWS_AND_MAGAZINES"
""com.bradenton.android","Bradenton Herald Newspaper","NEWS_AND_MAGAZINES"
""com.telerama.fr","Télérama : culture, tv, cinéma","NEWS_AND_MAGAZINES"
""com.milibris.courrierinternationallemag","Courrier international","NEWS_AND_MAGAZINES"
""com.spreedinc.providers.elpasotimes.news","El Paso Times","NEWS_AND_MAGAZINES"
""com.gannett.local.library.news.statesmanjournal","Statesman Journal","NEWS_AND_MAGAZINES"
""com.tribpub.vp","The Virginian-Pilot","NEWS_AND_MAGAZINES"
""com.gannett.local.library.news.postcrescent","Post Crescent","NEWS_AND_MAGAZINES"
""com.gannett.local.library.news.mydesert","The Desert Sun","NEWS_AND_MAGAZINES"
""com.whiz.MediaFlow_CA","Commercial Appeal","NEWS_AND_MAGAZINES"
""com.spreedinc.providers.gatehousemedia.rockfordregisterstar","Rockford Register Star, IL","NEWS_AND_MAGAZINES"
""br.com.folha.app","Folha de S.Paulo","NEWS_AND_MAGAZINES"
""com.gatehousemedia.id3102","Seacoastonline.com Portsmouth","NEWS_AND_MAGAZINES"
""com.townhallmedia.townhallonehybrid","THM News","NEWS_AND_MAGAZINES"
""com.heraldonline.android","Rock Hill Herald SC newspaper","NEWS_AND_MAGAZINES"
""com.cmgdigital.AASBreakingNews","Austin American Statesman","NEWS_AND_MAGAZINES"
""com.zinio.mobile.android.zu","ZINIO Unlimited","NEWS_AND_MAGAZINES"
""com.gannett.local.library.news.courierjournal","Courier Journal","NEWS_AND_MAGAZINES"
""com.gannett.local.library.news.newarkadvocate","Newark Advocate","NEWS_AND_MAGAZINES"
""com.apptivateme.next.os","Orlando Sentinel","NEWS_AND_MAGAZINES"
""com.tinder","Tinder Dating App: Chat & Date","DATING"
""com.bumble.app","Bumble Dating App: Meet & Date","DATING"
""co.hinge.app","Hinge Dating App: Match & Date","DATING"
""com.hily.app","Hily Dating app: Meet & Date","DATING"
""com.match.android.matchmobile","Match Dating App: Chat & Meet","DATING"
""co.feeld","Feeld: Date & Meet New People","DATING"
""com.affinityapps.blk","BLK Dating: Meet Black Singles","DATING"
""com.udates","Once: Find your Perfect Match","DATING"
""com.affinityapps.chispa","Chispa: Dating App for Latinos","DATING"
""com.badoo.mobile","Badoo Dating App: Meet & Date","DATING"
""com.affinityapps.twozerofour","Upward: Christian Dating App","DATING"
""enterprises.dating.boo","Boo: Dating. Friends. Chat.","DATING"
""com.okcupid.okcupid","OkCupid Dating: Date Singles","DATING"
""com.hickeyapp.app.android","Local Meet & Dating App：Hickey","DATING"
""com.zoosk.zoosk","Zoosk - Social Dating App","DATING"
""com.ashleymadison.mobile","Ashley Madison","DATING"
""io.cmbus.app","Coffee Meets Bagel: Dating App","DATING"
""com.getpure.pure","PURE: Anonymous Dating & Chat","DATING"
""com.match.android.stir","Stir - Single Parent Dating","DATING"
""com.datemyage","DateMyAge Mature & Senior Date","DATING"
""com.infostream.seekingarrangement","Seeking","DATING"
""co.dilmil.android","Dil Mil: South Asian Dating","DATING"
""com.peoplemedia.ourtime","Ourtime Date, Meet 50+ Singles","DATING"
""com.threesome.swingers.threefun","3Fun: Threesome Couples Dating","DATING"
""com.mason.wooplus","WooPlus Dating App: Meet Curvy","DATING"
""com.stddating.positivesingles","Positive Singles Herpes Dating","DATING"
""com.dating.android","Dating.com: Global Online Date","DATING"
""com.mutualapp","Mutual LDS Dating: Meet & Chat","DATING"
""com.muzmatch.muzmatchapp","Muzz: Muslim Marriage & Social","DATING"
""com.flure.app","Flure Dating:Made for Pleasure","DATING"
""com.picpals.app","Snap, Chat & Dating - Picpals","DATING"
""com.magnetappdate","Magnet Anonymous Match Dating","DATING"
""com.league.theleague","The League: Intelligent Dating","DATING"
""com.chinalove","ZenDate - Meet Asian Singles","DATING"
""com.spark.christianmingle","Christian Mingle: Dating app -","DATING"
""com.cupidmedia.wrapper.filipinocupid","FilipinoCupid: Filipino Dating","DATING"
""com.sdm.dating","SDM: Sweet & Discreet Meet","DATING"
""com.millionairedating.millionairematch","Meet, Date the Rich Elite - MM","DATING"
""com.peoplemedia.blackpeoplemeet","Black People Meet Singles Date","DATING"
""com.blissbond.chat","Blissbond：Fun Chat and Dating","DATING"
""com.gagasoft.randomchat","Random Chat - Stranger Chat","DATING"
""com.fwbhookup.xpal","FWB Hookup & NSA Dating: XFun","DATING"
""com.fun2lite.app","Cikcik: Live, Share & Connect","DATING"
""com.flirtini","Flirtini - Chat, Flirt, Date","DATING"
""com.ihappydate","Dating and Chat - iHappy","DATING"
""com.sdcmedia.swingers.g4","Swingers & Threesomes by SDC","DATING"
""com.dately","Turn Up - Match through music!","DATING"
""app.blackgentry","BlackGentry – Black Dating App","DATING"
""app.bumpy.android","Bumpy – International Dating","DATING"
""com.amolatina","AmoLatina - Chat, Meet, Date","DATING"
""ru.fotostrana.sweetmeet","Dating and Chat - SweetMeet","DATING"
""com.instinct.dating.unl","Instinct: Casual Dating App","DATING"
""com.ftw_and_co.happn","happn: Dating, Chat & Meet","DATING"
""com.catholicmatch.app","CatholicMatch Dating App","DATING"
""com.mate1se.edate","eDate: Spin A Date","DATING"
""com.cougardating.cougard","Cougar Dating & Hook Up App","DATING"
""com.bi.bicupid","BiCupid: Date Singles, Couples","DATING"
""co.hud.app","HUD™: Hookup Dating App","DATING"
""com.cupidmedia.wrapper.bbwcupid","BBWCupid: BBW Dating Plus Size","DATING"
""com.eurodate","EuroDate - Dating: Meet People","DATING"
""com.evermatch","Dating and Chat - Evermatch","DATING"
""com.free.hookup.dating.apps.wild","Wild: Hook up, Meet, Dating Me","DATING"
""com.cupidmedia.wrapper.latinamericancupid","LatinAmericanCupid: Latin Chat","DATING"
""com.antiland","Anonymous Chat Rooms, Dating","DATING"
""com.archerapp.archer","Archer: Gay Dating & Gay Chat","DATING"
""net.spark.silversingles.android.app.m1","SilverSingles: Mature Dating","DATING"
""app.linduuus","Linduu, and you?","DATING"
""co.lucky.hookup","Casual Hookup Dating - Kasual","DATING"
""com.rusdate.net","RusDate. Знакомства на русском","DATING"
""com.video18.dating","Live Me - Video Chat online","DATING"
""app.threesome.dating","3way: Threesome Hookup Dating","DATING"
""com.cupidmedia.wrapper.asiandating","AsianDating: Asian Dating","DATING"
""com.itonline.anastasiadate","Anastasia Date - Meet People","DATING"
""com.singleslive.app","Kendra G Singles","DATING"
""chat.roulette","Roulette Chat Video Omegle Ome","DATING"
""down.date.hookup.app","DOWN Dating App: Date Near Me","DATING"
""com.cheerioworld.nevermet","Nevermet - VR Dating Metaverse","DATING"
""com.asiandate","AsianDate: Asian Dating & Chat","DATING"
""com.successfulmatch.seniormatchdating","Senior Match: Mature Dating","DATING"
""com.cupichat.android","CUPI CHAT: dating, flirt, meet","DATING"
""com.onlyspark","Dating and Chat - Only Spark","DATING"
""com.kinky.fetlifestyle","Kink D - BDSM, Fetish Dating","DATING"
""com.cupidmedia.wrapper.colombiancupid","ColombianCupid Colombia Dating","DATING"
""com.hotti.android","Hotti Dating: Chat, Meet, Date","DATING"
""com.cupidmedia.wrapper.dominicancupid","DominicanCupid Dating","DATING"
""com.besalt.app","SALT - Christian Dating App","DATING"
""com.raw.app","RAW: date 100% real people","DATING"
""com.cupidmedia.wrapper.internationalcupid","InternationalCupid: Dating","DATING"
""com.cupidmedia.wrapper.afrointroductions","AfroIntroductions: Afro Dating","DATING"
""kr.dateasia.an","DateAsia - Asian Dating Apps","DATING"
""com.dating.pheromance","Pheromance Dating: Meet & Date","DATING"
""com.panda.likerro","Dating and chat - Likerro","DATING"
""net.spark.elitesingles.android.app.m1","EliteSingles: Serious Dating","DATING"
""com.maybeyou","Maybe You Dating: Chat & Date","DATING"
""com.fbm.BikerPlanet","Biker Planet Dating App","DATING"
""com.loosidapp.dating","Loosid: Sober Dating & Meetups","DATING"
""com.jaumo.prime","BLOOM, Meet Singles. Find Love","DATING"
""mingle.android.mingle2","Mingle2: Dating, Chat & Meet","DATING"
""com.video.omeet.live.meet","Ukaku - Live video chat","DATING"
""com.luzeon.BiggerCity","BiggerCity: Gay bears & chubs","DATING"
""com.covalent.kippo","Kippo - Dating App for Gamers","DATING"
""ru.taboo.app","Secret - Dating Nearby Casual","DATING"
""com.pickyuda.ringle","Ringle - Jewish Dating","DATING"
""com.cupidmedia.wrapper.muslima","Muslima: Arab & Muslim Dating","DATING"
""com.hotornot.app","Chat & Date: Dating Made Simpl","DATING"
""com.luxypro","Luxy Pro - Elite Dating","DATING"
""com.blackwhitemeet","Black White Interracial Dating","DATING"
""com.cupidmedia.wrapper.interracialcupid","InterracialCupid: Mixed Dating","DATING"
""com.yourtravelmates","Travel dating: YourTravelMates","DATING"
""love.waiter.android","Waiter: one date a day","DATING"
""com.sysoft.strangerhub","Random Chat - Stranger Hub","DATING"
""ru.mamba.client","Mamba Dating App: Make friends","DATING"
""com.veggly","Veggly – Vegan Dating App","DATING"
""com.cupidmedia.wrapper.thaicupid","ThaiCupid: Thai Dating","DATING"
""com.idealmatch.idma","iris Dating: Find Love with AI","DATING"
""com.pinadate","PinaDate - Filipino Dating App","DATING"
""com.successfulmatch.mpwh","Herpes Positive Singles Dating","DATING"
""com.cupidmedia.wrapper.pinkcupid","PinkCupid: Lesbian Dating","DATING"
""com.baklava.android","baklava: Arab Relationships","DATING"
""com.mobeze.obc","OBC Club","DATING"
""com.jacupid.com.appp","Jacupid","DATING"
""com.fbm.FarmersDatingSite","Farmers Dating Site App","DATING"
""com.cupidmedia.wrapper.vietnamcupid","VietnamCupid: Vietnam Dating","DATING"
""com.cupidmedia.wrapper.militarycupid","MilitaryCupid: Military Dating","DATING"
""fiori.transgender","Fiorry: Transgender Dating","DATING"
""com.cupidmedia.wrapper.mexicancupid","MexicanCupid: Mexican Dating","DATING"
""com.glambu","Glambu - Luxury dating","DATING"
""com.syas.phonechat","SawYouAtSinai","DATING"
""cdff.mobileapp","CDFF:  Christian Dating App","DATING"
""com.cupidmedia.wrapper.ukrainedate","UkraineDate: Ukrainian Dating","DATING"
""com.goldspoon","골드스푼 : 검증기반 하이엔드 데이팅앱","DATING"
""com.inchallah.inchmobile","Inshallah muslims for Marriage","DATING"
""zone.homie.flirtual.pwa","Flirtual - VR Dating App","DATING"
""com.theinnercircle","Inner Circle: Dating Community","DATING"
""com.mytransgenderdate.app","My Transgender Date: TS Dating","DATING"
""com.cupidmedia.wrapper.blackcupid","BlackCupid: Black Dating","DATING"
""com.topstar.chat","Top Star - توب ستار","DATING"
""com.localhookupdating.android","Local Hookup Dating Chat Date","DATING"
""com.cupidmedia.wrapper.japancupid","JapanCupid: Japanese Dating","DATING"
""com.yourchristiandate","Your Christian Date - Dating","DATING"
""com.meetville.dating","Meeting & Dating - Meetville","DATING"
""com.hashtagopen","#open Polyamory & ENM Dating","DATING"
""com.grandview.youflirt","YouFlirt - flirt & chat app","DATING"
""so.nymph.android","Nymph: Inclusive Dating & Chat","DATING"
""com.rankontreapp","Rankontre: Chat, Date, Network","DATING"
""de.mobiletrend.lovidoo","yoomee: Dating & Relationships","DATING"
""com.one.goodnight","Goodnight: Voice Chat & Dating","DATING"
""net.unicornlanding.app","Unicorn Landing","DATING"
""com.timny","Timny -  Dating, Find Soulmate","DATING"
""com.dating.spoilme","SpoilMe-Seeking Secret Age Gap","DATING"
""com.higherbond.android","Higher Bond","DATING"
""mobi.videochatdatingapp.live","CamMate: video chat dating app","DATING"
""com.migenteapp.migenteandroid","Mi Gente - Latino Dating","DATING"
""com.cupidmedia.wrapper.brazilcupid","BrazilCupid: Brazilian Dating","DATING"
""com.chyrpe.chyrpe","Chyrpe Dating: Match & Love","DATING"
""com.adult.friend.finder.friendswithbenifits.fwbapp","FWB: Friends with Benefits App","DATING"
""com.social.onenight","ONE Night - Hook Up Dating App","DATING"
""com.meetandright","Meet & Right","DATING"
""com.tabooapp.dating","Hookup Adult Dating : YBOO","DATING"
""com.cupidmedia.wrapper.russiancupid","EuroCupid: European Dating","DATING"
""com.atom.barev","Barev — Armenian Dating","DATING"
""com.cupidmedia.wrapper.caribbeancupid","CaribbeanCupid: Carib Dating","DATING"
""com.soudfa","Soudfa - دردشة، تعارف، زواج","DATING"
""com.fbm.DatingAWidower","Dating A Widower","DATING"
""com.jaumo.mature","FINALLY: Mature singles dating","DATING"
""com.netsells.jigtalk","Jigsaw Dating","DATING"
""ru.mobstudio.andgalaxy","Galaxy - Chat Rooms & Games","DATING"
""com.sisterwivesapp","Sister Wives - Poly Dating APP","DATING"
""com.jaumo.casual","CSL – Meet, Chat, Pla‪y & Date","DATING"
""com.flingnative.app","Fling Dating App: Meet & Play","DATING"
""com.fbm.DatingForSeniors","Dating for Seniors","DATING"
""datingorhookup.theunicorn.threesomechat","YOLO: Hookup. 3Some. Dating.","DATING"
""com.fbm.HippieDates","Hippie Dates Dating App","DATING"
""com.videochat.dateu.online","Join - Meet & Live chat","DATING"
""com.duaag.android","dua.com - Dating, Chat & Meet.","DATING"
""com.dating.apps.farmers.only","Farmers Dating Only - FarmersD","DATING"
""com.cougardating.olderwomendating","Cougar: Older Women Dating App","DATING"
""com.aplicacionesyrecursos.u4bear","u4Bear: Gay Dating & Chat","DATING"
""com.kumnegerapp.and","Kum Neger | ቁም ነገር - Dating","DATING"
""com.fbm.BlackChristianSoulmates","Black Christian Soulmates","DATING"
""com.theystream","Match and Meet - Dating app","DATING"
""com.eastmeeteast.eme_android","EME Hive - Meet, Chat, Go Live","DATING"
""dating.hookup.apps","Casualx Hookup: Hook Up Dating","DATING"
""app.hookup.com","HookUP.com Hook UP Dating Apps","DATING"
""app.hook.dating","Hookup & NSA Dating - Hook","DATING"
""com.cupidmedia.wrapper.christiancupid","ChristianCupid Christian Dates","DATING"
""gayfriendly.gay.dating.app","Gay guys chat & dating app","DATING"
""com.fbm.MeetLocalGolfers","Meet Local Golfers Dating","DATING"
""com.wildflingmatch.intimatespark","Seeking Arrangement - WildX","DATING"
""com.purematrimony.purematrimonyapp","PureMatrimony: Muslim Marriage","DATING"
""com.arabiandate","AmalDate: Arab, Eastern Dating","DATING"
""com.embrace_2redbeans","2RedBeans|两颗红豆: The Asian Dati","DATING"
""net.dateangel.aos","AsianDateMe : Asia Dating Chat","DATING"
""com.iranianpersonals.erosapp","Iranian Personals Dating","DATING"
""com.onlinebuddies.manhuntgaychat","Manhunt – Gay Chat, Meet, Date","DATING"
""com.ethiopianpersonals.erosapp","Ethiopian Personals Dating","DATING"
""com.grandview.maturespace","MatureSpace - Mature Flirts","DATING"
""com.quiptgsm.kylecoach","Quip: text Game & Social media","DATING"
""herpesdating.hope","Herpes Dating & Support - HOPE","DATING"
""com.cupidmedia.wrapper.chinalovecupid","ChinaLoveCupid: Chinese Dating","DATING"
""com.fixdapp.two","FIXD OBD2 Scanner","AUTO_AND_VEHICLES"
""com.AlfaOBD.AlfaOBD","AlfaOBD","AUTO_AND_VEHICLES"
""com.keyconnect.android","KeyConnect Digital Car Key","AUTO_AND_VEHICLES"
""de.appomotive.bimmercode","BimmerCode for BMW and MINI","AUTO_AND_VEHICLES"
""com.voltasit.obdeleven","OBDeleven VAG car diagnostics","AUTO_AND_VEHICLES"
""com.iViNi.bmwhatLite","Carly — OBD2 car scanner","AUTO_AND_VEHICLES"
""com.prizmos.carista","Carista OBD2","AUTO_AND_VEHICLES"
""dto.ee.dmv.genius","DMV Permit Practice Test Genie","AUTO_AND_VEHICLES"
""net.clever.obd4u","OBD JScan","AUTO_AND_VEHICLES"
""io.sgsoftware.bimmerlink","BimmerLink for BMW and MINI","AUTO_AND_VEHICLES"
""dto.ee.cdl.genius","CDL Prep Test DMV Genie","AUTO_AND_VEHICLES"
""com.obdautodoctor","OBD Auto Doctor scanner","AUTO_AND_VEHICLES"
""com.AutoRepairInvoice","ARI (Auto Repair Software)","AUTO_AND_VEHICLES"
""com.zymbia.carpm_mechanic","GaragePro Car OBD2 Scanner","AUTO_AND_VEHICLES"
""com.bumper","Bumper Vehicle History Reports","AUTO_AND_VEHICLES"
""com.obdocker.obdocker","OBDocker - OBD2 Car Scanner","AUTO_AND_VEHICLES"
""com.ovz.carscanner","Car Scanner ELM OBD2","AUTO_AND_VEHICLES"
""com.nhra","NHRA.TV","AUTO_AND_VEHICLES"
""ai.metaverselabs.smartcar","Car Key: Smart Car Remote Lock","AUTO_AND_VEHICLES"
""com.mustname.car_connect","Auto Sync for Android/Car Play","AUTO_AND_VEHICLES"
""com.autel.maxiap200.autelap","Autel MaxiAP200","AUTO_AND_VEHICLES"
""com.nexcell.app","Dr. Prius / Dr. Hybrid","AUTO_AND_VEHICLES"
""key.connect.car.remote","Car Key Smart Remote Connect","AUTO_AND_VEHICLES"
""com.savagesoftware.converterconnection","Converter Connections","AUTO_AND_VEHICLES"
""com.diesellaptops.dieseldecoder","Diesel Decoder","AUTO_AND_VEHICLES"
""com.autel.maxiap200.ht200","HT200","AUTO_AND_VEHICLES"
""com.ktm.bikeapp.ktm","KTMconnect","AUTO_AND_VEHICLES"
""br.com.ctncardoso.ctncar","Drivvo - car management","AUTO_AND_VEHICLES"
""com.drac.drac","DRAC Converter Pricing","AUTO_AND_VEHICLES"
""com.innova.rs2","RepairSolutions2","AUTO_AND_VEHICLES"
""com.zonewalker.acar","aCar - Car Management, Mileage","AUTO_AND_VEHICLES"
""com.bookinglane.manager","Bookinglane Manager","AUTO_AND_VEHICLES"
""vibratesoftware.jacobkelly.nvh","NVH For Android","AUTO_AND_VEHICLES"
""cdl.study","CDL Study: Permit Prep Test","AUTO_AND_VEHICLES"
""com.towtaled.app","Towtaled - Incident Tracking","AUTO_AND_VEHICLES"
""com.autolauncher.motorcar","Car Launcher Pro","AUTO_AND_VEHICLES"
""com.connectionsdesign.ecri","ECRI Vehicle Calibrator","AUTO_AND_VEHICLES"
""com.happyfuncorp.tesla","TezLab","AUTO_AND_VEHICLES"
""org.eobdfacile.android","EOBD Facile: OBD 2 Car Scanner","AUTO_AND_VEHICLES"
""com.softartstudio.carwebguru","CarWebGuru Car Launcher","AUTO_AND_VEHICLES"
""altergames.carlauncher","AGAMA Car Launcher","AUTO_AND_VEHICLES"
""us.nonda.zus","ZUS - Save Car Expenses","AUTO_AND_VEHICLES"
""com.moniqtap.obd2torque.scanner.fixd","OBD2 Car Scanner: Torque ELM","AUTO_AND_VEHICLES"
""com.iseecars.android.vin","VIN Report for Used Cars","AUTO_AND_VEHICLES"
""com.keyconnect.carremote","CarKey: Car Play & Digital Key","AUTO_AND_VEHICLES"
""com.min.car","Carmin","AUTO_AND_VEHICLES"
""com.monroney.labels","Monroney Labels VIN Decoder","AUTO_AND_VEHICLES"
""com.zenthek.autozen","AutoZen-Car Dashboard&Launcher","AUTO_AND_VEHICLES"
""mrigapps.andriod.fuelcons","Simply Auto: Car Maintenance","AUTO_AND_VEHICLES"
""com.surrealdev.max","Gretio - Automotive Scan Tool","AUTO_AND_VEHICLES"
""com.kajda.fuelio","Fuelio: gas log & gas prices","AUTO_AND_VEHICLES"
""com.cvtz50.cvtz50","CVTz50","AUTO_AND_VEHICLES"
""pl.gswierczynski.motolog","Mileage Tracker & Vehicle Log","AUTO_AND_VEHICLES"
""eu.nlogn.sentrypro","Sentry Pro—Tesla Notifications","AUTO_AND_VEHICLES"
""com.platelookup","Plate Lookup","AUTO_AND_VEHICLES"
""com.MotoJitsu.Books","MotoJitsu","AUTO_AND_VEHICLES"
""com.mtsdealersolutions.vindecoded","VIN Check Report for Used Cars","AUTO_AND_VEHICLES"
""pl.pw.btool.expert","bimmer-tool","AUTO_AND_VEHICLES"
""com.lemi.hands.free.auto.reply","Safe Driving -Calls, SMS Reply","AUTO_AND_VEHICLES"
""com.planetcoops.android.taximeter","Taximeter","AUTO_AND_VEHICLES"
""com.emon.canbus.tesla","scan my tesla","AUTO_AND_VEHICLES"
""com.thinktech.automendpro","Automend Pro OBD 2 Car Scanner","AUTO_AND_VEHICLES"
""com.maps.radar.trafficappfordriving","Driving Instructor-Theory Test","AUTO_AND_VEHICLES"
""com.sgiroux.aldldroid","ALDLdroid","AUTO_AND_VEHICLES"
""com.helge.droiddashcam","Droid Dashcam - Video Recorder","AUTO_AND_VEHICLES"
""com.kineapps.mycar","My Car - Car Management","AUTO_AND_VEHICLES"
""com.mechly.gyraline","Gyraline DIY","AUTO_AND_VEHICLES"
""com.smartestimator.app","SMART Estimator App","AUTO_AND_VEHICLES"
""pitlogic.csi","PitLogic","AUTO_AND_VEHICLES"
""guru.surreal.gmexpandedpids","BiScan for GM","AUTO_AND_VEHICLES"
""com.hustmobile.teslamirror","TeslaMirror","AUTO_AND_VEHICLES"
""com.dayun.driverecorder","Drive Recorder - Dash Cam App","AUTO_AND_VEHICLES"
""com.autocatalystmarket","Auto Catalyst Market app","AUTO_AND_VEHICLES"
""ru.ecutula.extratool","eXtratool for BMW and ELM327","AUTO_AND_VEHICLES"
""mureung.obdproject","Infocar - OBD2 ELM Diagnostic","AUTO_AND_VEHICLES"
""com.raceyear.race_prep","RacePrep: Maintenance Tracker","AUTO_AND_VEHICLES"
""com.radiocodeford.fordradiocodegenerator","Radio Code Generator","AUTO_AND_VEHICLES"
""com.kfirapps.testi","Testi Driving Cancellations UK","AUTO_AND_VEHICLES"
""com.pnn.obdcardoctor_full","inCarDoc Pro | OBD2","AUTO_AND_VEHICLES"
""com.digitalcarkeyllc.car.scanner.obd.elm.torque.fixd.carly","OBD2 Car Scanner - Torque FixD","AUTO_AND_VEHICLES"
""com.bimma_ewd_v2","Bimma EWD - Wiring Diagrams","AUTO_AND_VEHICLES"
""com.wonderapps.speedometergps","GPS Speedometer HUD - Odometer","AUTO_AND_VEHICLES"
""com.napko.RealDash","RealDash","AUTO_AND_VEHICLES"
""police.speed.gps.antiradar","Police Radar - Camera Detector","AUTO_AND_VEHICLES"
""com.softronix.V1Driver","V1-Driver [Release]","AUTO_AND_VEHICLES"
""com.connectedtravel.bfgontrail","BFGoodrich OnTrail","AUTO_AND_VEHICLES"
""com.coding1024.tslshow","Light Show Creator for Tesla","AUTO_AND_VEHICLES"
""com.chopperswapper","Chopper Swapper","AUTO_AND_VEHICLES"
""com.pjt.realtimecharts_v1","Realtime Charts for Torque Pro","AUTO_AND_VEHICLES"
""com.ax.car.engine.sounds","Car Engine Sounds - Gas Pedal","AUTO_AND_VEHICLES"
""com.usedcars.history.carfax.vin.report.data","VIN Report for Used Car Sale","AUTO_AND_VEHICLES"
""com.codingfy.timer","Car Timer - 0-100km/h, 0-60mph","AUTO_AND_VEHICLES"
""com.motordata.obd","MotorData OBD2 ELM car scanner","AUTO_AND_VEHICLES"
""com.elm.elm327.obd2.eobd.obd.car.scanner.diagnostics.tool.dashboard.doctor.check.engine.torque.speed.trouble.codes.mary","Obd Mary – Car Scanner for ELM","AUTO_AND_VEHICLES"
""com.vincheckupapp","VINCheckUp","AUTO_AND_VEHICLES"
""com.app.sodialed","RC Setup App & Race Log","AUTO_AND_VEHICLES"
""com.b4unlimited.springrithm3","SpringRithm","AUTO_AND_VEHICLES"
""com.manerrors.truck","MAN Truck Fault Codes","AUTO_AND_VEHICLES"
""com.Alfaapps.AlfaOBD.pro","AlfaOBD Premium","AUTO_AND_VEHICLES"
""appsolutions.HMT","Help My Truck","AUTO_AND_VEHICLES"
""carradiocodeunlocker.unlockgenerator","Radio Code Generator Unlocker","AUTO_AND_VEHICLES"
""pl.pw.btool.lite","bimmer-tool Lite","AUTO_AND_VEHICLES"
""design.quintessential.helmet","QUIN","AUTO_AND_VEHICLES"
""tv.uscreen.zero2sixty","0260.TV","AUTO_AND_VEHICLES"
""com.crazydog.bolt","Bolt for Tesla - Tasker Plugin","AUTO_AND_VEHICLES"
""com.ideeo.tyadvanced","Advanced EX for TOYOTA","AUTO_AND_VEHICLES"
""team.vc.quattroruote","Quattroruote","AUTO_AND_VEHICLES"
""com.bitspice.automate","AutoMate - Car Dashboard","AUTO_AND_VEHICLES"
""mars.area51.arunchainednr","AppRadio Unchained Rootless","AUTO_AND_VEHICLES"
""com.darknessproduction.darknessbot","DarknessBot","AUTO_AND_VEHICLES"
""com.pross.unclechip","PROSS UNCLECHIP","AUTO_AND_VEHICLES"
""com.applagapp.vagdpf","VAG DPF","AUTO_AND_VEHICLES"
""com.pross.methan","PROSS METHAN","AUTO_AND_VEHICLES"
""com.williwoodstudios.pureviews","Brainiac Car Launcher","AUTO_AND_VEHICLES"
""com.navimods.radio","NavRadio+","AUTO_AND_VEHICLES"
""com.vitalengarage.pedalcommander","Pedal Commander","AUTO_AND_VEHICLES"
""com.pross.unclechippro","UNCLECHIP PRO","AUTO_AND_VEHICLES"
""cz.chjrcc.apk","RADIO CODE for CHRYSLER JEEP","AUTO_AND_VEHICLES"
""cz.mbtruck.apk","RADIO CODE for MERCEDES TRUCK","AUTO_AND_VEHICLES"
""tech.zeroed.hush","Hush: Android Auto Audio Fix","AUTO_AND_VEHICLES"
""com.jeepswj.WJdiagPro","WJdiag Pro - Diagnostics for J","AUTO_AND_VEHICLES"
""space.gurtam.ruhavik","Ruhavik — Analyze your trips","AUTO_AND_VEHICLES"
""com.autel.maxiap200.linkap","MaxiAP Diag","AUTO_AND_VEHICLES"
""com.dg.dpamd","DPA Mobile Diagnostics","AUTO_AND_VEHICLES"
""com.aplications.main.torobid","Tor OBD2 Diagnostics","AUTO_AND_VEHICLES"
""com.digiwrecks.leasetrack","LeaseTrack","AUTO_AND_VEHICLES"
""com.ecm.dashobd","DashOBD","AUTO_AND_VEHICLES"
""com.glydsphere.app","Glydsphere EV Sound Customizer","AUTO_AND_VEHICLES"
""cz.fcmvps.apk","RADIO CODE for FIAT VP2 MEXICO","AUTO_AND_VEHICLES"
""mrigapps.andriod.simplyfleet","Simply Fleet: Fleet Management","AUTO_AND_VEHICLES"
""com.app.auto","VIN Check","AUTO_AND_VEHICLES"
""phev.watchdog.full","PHEV Watchdog","AUTO_AND_VEHICLES"
""com.evranger.soulspy","Soul EV Spy","AUTO_AND_VEHICLES"
""com.obdhightech.fordsysscanpro.fordcodereader.fordscantool.fordelm327.fordscanner","FordSys Scan Pro","AUTO_AND_VEHICLES"
""cz.tomasvalek.dashcamtravel","Dash Cam Travel — Car Camera","AUTO_AND_VEHICLES"
""com.dynogeek.bradenton","DragBMP","AUTO_AND_VEHICLES"
""com.bluelionsolutions.mytaxicontrol","TaxiController Driver","AUTO_AND_VEHICLES"
""com.code.lock.lockcode","Incode to Outcode for Ford/GM","AUTO_AND_VEHICLES"
""app.cartomizer","Cartomizer - Wheels Visualizer","AUTO_AND_VEHICLES"
""app.mechai.mobile","MECH.AI","AUTO_AND_VEHICLES"
""com.realrider","REALRIDER® Crash Detection","AUTO_AND_VEHICLES"
""com.ProfiSoft.LogDyno","Log Dyno Horsepower CSV Dyno","AUTO_AND_VEHICLES"
""com.rcf.nissangen","Nissan Radio Code Generator","AUTO_AND_VEHICLES"
""com.rcf.vagrad1and","VW Radio Code Generator","AUTO_AND_VEHICLES"
""dmv.practice.driving.motor.vehicles.test","DMV Written Exam Practice App","AUTO_AND_VEHICLES"
""com.live.tractorpal2","TractorPal","AUTO_AND_VEHICLES"
""com.ideeo.niadvanced","Advanced EX for NISSAN","AUTO_AND_VEHICLES"
""br.com.carango","Carango - Car Management","AUTO_AND_VEHICLES"
""com.ideeo.kyadvanced","Advanced EX for KIA","AUTO_AND_VEHICLES"
""com.evoffer.lightedapplique2","Lighted Applique 2 - EVOffer","AUTO_AND_VEHICLES"
""com.safextract.vehiclerecoveryapp","Safe-Xtract Vehicle Recovery","AUTO_AND_VEHICLES"
""com.shpavda.fuel_calculator","Fuel Calculator","AUTO_AND_VEHICLES"
""spinninghead.carhome","Car Home Ultra","AUTO_AND_VEHICLES"
""com.andrzejsalwin.motorcyclefuellogfree","Fuel Log - Mileage And Service","AUTO_AND_VEHICLES"
""com.zevaglobal.zeva","ZEVA","AUTO_AND_VEHICLES"
""com.volvo.obdconverter.prevost","Prevost OBD Code Converter","AUTO_AND_VEHICLES"
""com.carlauncher.theme.al.classic2","Theme Gradient for CL","AUTO_AND_VEHICLES"
""com.motogadget.mapp","mo.ride - The motorcycle app.","AUTO_AND_VEHICLES"
""com.ten.motortrendmag","Motor Trend Digital Magazine","AUTO_AND_VEHICLES"
""kb2.soft.fuelmanagerpro","Fuel Manager Pro (Consumption)","AUTO_AND_VEHICLES"
""com.juggernaut_tech.hinsearch","HIN Search - Boat HIN Decoder","AUTO_AND_VEHICLES"
""com.dynogeek.racingslips","Racing Slips","AUTO_AND_VEHICLES"
""com.wheelsize","Wheel Size - Fitment database","AUTO_AND_VEHICLES"
""com.mlsoft.VirtualDyno","Virtual Dyno PRO","AUTO_AND_VEHICLES"
""com.carlauncher.theme.al.card","CL Theme Card","AUTO_AND_VEHICLES"
""nl.gvli.boltp","Chevy Bolt monitor pro","AUTO_AND_VEHICLES"
""com.carlauncher.theme.N5.one","N5_Theme for Car Launcher app","AUTO_AND_VEHICLES"
""kb2.soft.carexpensespro","Car Expenses Manager Pro","AUTO_AND_VEHICLES"
""ru.speedfire.flycontrolcenter","Fcc Car Launcher","AUTO_AND_VEHICLES"
""com.triactivemedia.aviationnews","AviationNews incorporatingJETS","AUTO_AND_VEHICLES"
""ru.fytmods.autofan","AutoFan for Teyes","AUTO_AND_VEHICLES"
""com.cheyoujia.carplusplus","Car++","AUTO_AND_VEHICLES"
""xiaotec.fi.obdii","850 OBD-II","AUTO_AND_VEHICLES"
""com.drcapp.drc_test_4","DRC - Detailing Calculator","AUTO_AND_VEHICLES"
""com.hovans.autoguard","AutoGuard Dash Cam - Blackbox","AUTO_AND_VEHICLES"
""com.anse.milesfortax","MilesforTax - Mileage Tracker","AUTO_AND_VEHICLES"
""tv.uscreen.flyingtv","Air2AirTV","AUTO_AND_VEHICLES"
""com.IBS.EA.Mobile.TechnicianApp","Elmo Anywhere","AUTO_AND_VEHICLES"
""com.juggernaut_tech.wiresizer","WireSizer - DC Voltage Drop","AUTO_AND_VEHICLES"
""com.dmacdev.flowt_wear","Flowt Wear","AUTO_AND_VEHICLES"
""com.dailyroads.v.pro","DailyRoads Voyager Pro","AUTO_AND_VEHICLES"
""com.aguirre.android.mycarpro","My Cars Pro Key","AUTO_AND_VEHICLES"
""appinventor.ai_verkaufsagentur28.Becker5_billo_copy","Becker 5Digit Radio Code","AUTO_AND_VEHICLES"
""com.carlauncher.theme.N6.one","N6_Theme for Car Launcher app","AUTO_AND_VEHICLES"
""com.harren.rfidwalleteasytripautosweep","RFID Wallet EasyTrip AutoSweep","AUTO_AND_VEHICLES"
""appinventor.ai_verkaufsagentur28.Becker4_billo","Becker 4Digit Radio Code","AUTO_AND_VEHICLES"
""air.com.readysquare.carid","Car Digital Cockpit - CARID","AUTO_AND_VEHICLES"
""com.snailboat.teslacamreviewer","TeslaCam / Sentry Reviewer","AUTO_AND_VEHICLES"
""com.carpros.pro","CarPros - OBD Car Logger (PRO)","AUTO_AND_VEHICLES"
""com.crazydog.blackviewer","Viewer for BlackVue","AUTO_AND_VEHICLES"
""com.coresupply.corepromobile","CorePro Mobile","AUTO_AND_VEHICLES"
""com.capra.android.auto.carplay","CarPlay Sync for Android","AUTO_AND_VEHICLES"
""com.mda.carbit","CarBit ELM327 OBD2","AUTO_AND_VEHICLES"
""com.technospeak.reversemytrailer","ReverseMyTrailer","AUTO_AND_VEHICLES"
""com.daytoday.autoassistant","AutoAssistant","AUTO_AND_VEHICLES"
""com.car.android.parking.locator","Where is my car","AUTO_AND_VEHICLES"
""com.carlauncher.theme.new.v1","CL theme V1","AUTO_AND_VEHICLES"
""com.carlauncher.theme.new_glass_ff","CL Theme Glass2","AUTO_AND_VEHICLES"
""com.bintangracingteam.juken","JUKEN 5+","AUTO_AND_VEHICLES"
""obdhightech.com.remotekey.keyprogramprocedurepro","Key Program Guide Pro","AUTO_AND_VEHICLES"
""com.peacocktv.peacockandroid","Peacock TV: Stream TV & Movies","ENTERTAINMENT"
""com.wbd.stream","Max: Stream HBO, TV, & Movies","ENTERTAINMENT"
""com.disney.disneyplus","Disney+","ENTERTAINMENT"
""com.crunchyroll.crunchyroid","Crunchyroll","ENTERTAINMENT"
""com.cbs.app","Paramount+","ENTERTAINMENT"
""tv.twitch.android.app","Twitch: Live Streaming","ENTERTAINMENT"
""com.hulu.plus","Hulu: Stream TV shows & movies","ENTERTAINMENT"
""com.storymatrix.drama","DramaBox - Stream Drama Shorts","ENTERTAINMENT"
""com.newleaf.app.android.victor","ReelShort - Short Movie & TV","ENTERTAINMENT"
""live.shorttv.apps","ShortMax - Watch Dramas & Show","ENTERTAINMENT"
""air.com.vudu.air.DownloaderTablet","Fandango at Home","ENTERTAINMENT"
""com.sling","Sling TV: Live TV + Freestream","ENTERTAINMENT"
""com.bydeluxe.d3.android.program.starz","STARZ","ENTERTAINMENT"
""com.amazon.avod.thirdpartyclient","Amazon Prime Video","ENTERTAINMENT"
""com.cbs.ott","Paramount+","ENTERTAINMENT"
""com.discovery.discoveryplus.mobile","discovery+ | Stream TV Shows","ENTERTAINMENT"
""com.viacom.betplus","BET+","ENTERTAINMENT"
""com.univision.prendetv","ViX: TV, Deportes y Noticias","ENTERTAINMENT"
""com.newreading.goodreels","GoodShort - Movies & Dramas","ENTERTAINMENT"
""com.sereal.short.app","Sereal+ - Stream Short Dramas","ENTERTAINMENT"
""com.philo.philo.google","Philo: Shows, Movies, Live TV.","ENTERTAINMENT"
""com.viki.android","Viki: Asian Dramas & Movies","ENTERTAINMENT"
""com.hulu.livingroomplus","Hulu for Android TV","ENTERTAINMENT"
""com.noventure.minishorts","MiniShorts","ENTERTAINMENT"
""com.thezeusnetwork.www","Zeus","ENTERTAINMENT"
""com.kwshortvideo.kalostv","Kalos TV","ENTERTAINMENT"
""com.dashdramas","My Drama: Short reel stories!","ENTERTAINMENT"
""com.inkitt.app.galateatv.android","GalateaTV","ENTERTAINMENT"
""com.amazon.amazonvideo.livingroom","Prime Video","ENTERTAINMENT"
""com.changdu.mobovideo","MoboReels","ENTERTAINMENT"
""com.fandom.playercompanion","D&D Beyond","ENTERTAINMENT"
""com.stary.dreamshort","DreameShort - Dramas and Shows","ENTERTAINMENT"
""com.discovery.discoveryplus.androidtv","discovery+ | Stream TV Shows","ENTERTAINMENT"
""com.amcplus.amcfullepisodes","AMC+","ENTERTAINMENT"
""com.plotshow.snackshow","SnackShort","ENTERTAINMENT"
""com.aytech.flextv","FlexTV - Watch Short Dramas","ENTERTAINMENT"
""ai.socialapps.speakmaster","Poly.AI - Create AI Chat Bot","ENTERTAINMENT"
""com.collegehumor.chdropout","Dropout","ENTERTAINMENT"
""com.shorts.wave.drama","ShortsWave: Watch Drama Series","ENTERTAINMENT"
""com.iqiyi.i18n","iQIYI - Drama, Anime, Show","ENTERTAINMENT"
""com.live.allo","Allo: Group Voice & Video Chat","ENTERTAINMENT"
""com.shdj.test","StardustTV - Movies & Dramas","ENTERTAINMENT"
""com.ig.chat.group","Candy Chat - Live video chat","ENTERTAINMENT"
""com.vidangel.thechosen","Angel Studios","ENTERTAINMENT"
""com.epix.epix.now","MGM+","ENTERTAINMENT"
""io.drama.shorts","DramaShorts: Watch TV & Shows","ENTERTAINMENT"
""com.domireel.video","DomiReel-Short Dramas & Shows","ENTERTAINMENT"
""com.kick.mobile","Kick: Live Streaming","ENTERTAINMENT"
""com.dramafever.shudder","Shudder: Horror & Thrillers","ENTERTAINMENT"
""com.ifriend.app","EVA Character AI & AI Friend","ENTERTAINMENT"
""com.upfaithandfamily","UP Faith & Family","ENTERTAINMENT"
""com.britbox.us","BritBox: Brilliant British TV","ENTERTAINMENT"
""com.xgd.magicface","FaceMagic: AI Videos & Photos","ENTERTAINMENT"
""ott.nowthatstv","Now Thats TV","ENTERTAINMENT"
""com.codewaystudios.facedance","Face Dance: AI Photo Animator","ENTERTAINMENT"
""com.hidive.android","HIDIVE","ENTERTAINMENT"
""com.Beauchamp.Messenger.external","Chai: Chat AI Platform","ENTERTAINMENT"
""com.univision.univisionnow","Univision Now: Live TV","ENTERTAINMENT"
""me.zepeto.main","ZEPETO: Avatar, Connect & Live","ENTERTAINMENT"
""com.weaver.app.prod","Talkie AI: Chat With Character","ENTERTAINMENT"
""com.kc.redshort","RedShort","ENTERTAINMENT"
""com.mediaradiance.shotshort","Shot Short-Watch Indie Dramas","ENTERTAINMENT"
""com.aichatroleplay.characterschat","CharacterX:Anime Roleplay Chat","ENTERTAINMENT"
""com.palringo.android","WOLF Qanawat","ENTERTAINMENT"
""com.topps.disney","Disney Collect! by Topps®","ENTERTAINMENT"
""com.drama.android.toooshort","DramaLet","ENTERTAINMENT"
""revive.app","Revive: Animation & AI Photos","ENTERTAINMENT"
""com.short.movie.app","LoveShots- Stream Drama Shorts","ENTERTAINMENT"
""com.shortvideo.playlet","Playlet: Watch Short Dramas&TV","ENTERTAINMENT"
""tv.remote.control.firetv","Remote for Fire TV & FireStick","ENTERTAINMENT"
""net.mbc.shahid","ﺷﺎﻫﺪ - Shahid","ENTERTAINMENT"
""chat.yay.app","Yaychat-Voice chat room","ENTERTAINMENT"
""com.feeln.android","Hallmark+","ENTERTAINMENT"
""com.wejoy.weplay.us","WePlay - Game & Party","ENTERTAINMENT"
""com.roleplaychatcharacters.sandy","Sandy - Anime Friend Chat","ENTERTAINMENT"
""com.bala.ai.android","BALA AI: Character AI Chat App","ENTERTAINMENT"
""ai.character.app","Character AI: Chat, Talk, Text","ENTERTAINMENT"
""com.airoleplaychat.aichatallworld","Susan - AI Anime Chat","ENTERTAINMENT"
""com.hkelephant.shorts","HiShort","ENTERTAINMENT"
""com.plexapp.android","Plex: Stream Movies & TV","ENTERTAINMENT"
""com.shorts.drama.ireel.tv","iReel TV","ENTERTAINMENT"
""com.ecomi.veve","VeVe","ENTERTAINMENT"
""com.dobai.kis","Ahlan-Group Voice Chat Room","ENTERTAINMENT"
""com.aimate.boochat","TruMate-Character AI & Story","ENTERTAINMENT"
""com.amcplus.amcandroidtv","AMC+","ENTERTAINMENT"
""com.xparty.androidapp","Xena Live -Group Voice Chat","ENTERTAINMENT"
""com.qige.wowbox","S Comics - Manga & video","ENTERTAINMENT"
""com.joyreels.video","JoyReels","ENTERTAINMENT"
""com.tencent.qqlivei18n.us","WeTV Official App in U.S.","ENTERTAINMENT"
""com.roleplaychatwithme.mollie","Mollie: Anime Chatbot Roleplay","ENTERTAINMENT"
""com.rljentertainment.umc.android","ALLBLK: Exclusive Movies & TV","ENTERTAINMENT"
""com.boomerang.boomerangapp","Boomerang","ENTERTAINMENT"
""com.fun.share","YoYo - Voice Chat Room, Games","ENTERTAINMENT"
""com.lmmobi.lereader","LeReader-Fantastic Novels","ENTERTAINMENT"
""net.soulgen.lite.android","SoulGen Lite - Official App","ENTERTAINMENT"
""com.rocketboosterapps.futureme","Future Self - Old Age Filter","ENTERTAINMENT"
""com.globo.globotv","Globoplay: Futebol Brasileiro!","ENTERTAINMENT"
""fm.sakura.app","Sakura - Chat with AI Bots","ENTERTAINMENT"
""com.acorn.tv","Acorn TV: Brilliant Hit Series","ENTERTAINMENT"
""io.dlive","DLive · Your Stream Your Rules","ENTERTAINMENT"
""com.netshort.abroad","NetShort：Popular Dramas & TV","ENTERTAINMENT"
""com.kindroid.app","Kindroid: AI Companion Chat","ENTERTAINMENT"
""com.haki.mobile","Haki-Group Chatroom","ENTERTAINMENT"
""ai.botify.app","Botify AI: Create. Chat. Bot.","ENTERTAINMENT"
""com.criterionchannel","The Criterion Channel","ENTERTAINMENT"
""tv.vhx.worldofwonder","WOW Presents Plus","ENTERTAINMENT"
""com.absi.tfctv","iWantTFC","ENTERTAINMENT"
""com.incongruity.swordandscale","Sword And Scale","ENTERTAINMENT"
""ott.tonightsconversation","Tonight's Conversation","ENTERTAINMENT"
""com.yawentv.ywshortplay","HoneyReels","ENTERTAINMENT"
""com.britbox.tv","BritBox: Brilliant British TV","ENTERTAINMENT"
""com.bestnovel.reader","NovaBeats-AudioBooks&Series","ENTERTAINMENT"
""com.tt.dramatime","DramaTime: Watch Mini Dramas","ENTERTAINMENT"
""com.aetnd.svod.lmc","Lifetime Movie Club","ENTERTAINMENT"
""com.magic.face.future","FutureMagic - See future self","ENTERTAINMENT"
""com.angel.tv","Angel Studios","ENTERTAINMENT"
""com.rollingstorm.iamflix","Pure Flix","ENTERTAINMENT"
""com.kuaidu.reader","eReader-eBooks,Webnovels&More","ENTERTAINMENT"
""com.youku.international.phone","YOUKU-Drama, Film, Show, Anime","ENTERTAINMENT"
""com.video.oneshort","OneShort - Watch Short Dramas","ENTERTAINMENT"
""app.lovewise","Love Wise: Relationship Advice","ENTERTAINMENT"
""com.aipersona.camera","Persona.AI: your AI soulmate","ENTERTAINMENT"
""com.weieyu.yalla","Yalla - Group Voice Chat Rooms","ENTERTAINMENT"
""sg.partying.lcb.android","Party Star: Live, Chat & Games","ENTERTAINMENT"
""com.pheon","Pheon: AI Girlfriend Chat Bot","ENTERTAINMENT"
""com.wheat.mango","Mango live-Go Live Streaming","ENTERTAINMENT"
""com.gagaoolala.app","GagaOOLala: Gay, Les, BL Films","ENTERTAINMENT"
""com.wejoy.weplay.ar","ويبلاي - ألعاب ودردشة","ENTERTAINMENT"
""tv.standard.nebula","Nebula","ENTERTAINMENT"
""com.kocowa.android.mobile","KOCOWA+: K-Dramas, Movies & TV","ENTERTAINMENT"
""com.mwm.procolor","Color Pop - Fun Coloring Games","ENTERTAINMENT"
""com.romanticai.chatgirlfriend","Vivy AI: Chat, AI Girlfriend","ENTERTAINMENT"
""com.juhaoliao.vochat","Falla-Group Voice Chat Rooms","ENTERTAINMENT"
""com.acorntv.androidtv","Acorn TV: Brilliant Hit Series","ENTERTAINMENT"
""com.comicbl.toonapp","Comic-BL","ENTERTAINMENT"
""com.aetnd.svod.historyvault","HISTORY Vault","ENTERTAINMENT"
""com.dating.ai","Flipped: Chat & Dating with AI","ENTERTAINMENT"
""com.vettv","VET Tv","ENTERTAINMENT"
""com.peachlive.android","PeachLive - Live Video Chat","ENTERTAINMENT"
""com.buildingupgradesubara.newasualersion","Lust Character：AI Character","ENTERTAINMENT"
""xyz.surfsphere.android","MiLive - Live & Chat","ENTERTAINMENT"
""com.ireel.playlet","Reel.AI","ENTERTAINMENT"
""com.stingray.karaoke.smc","Singing Machine Karaoke","ENTERTAINMENT"
""com.rushshorts.tv","RushShort - Short Dramas & TV","ENTERTAINMENT"
""com.feeln.androidapp","Hallmark+","ENTERTAINMENT"
""com.parrot.ai_voice_generator_changer","Parrot: Voice Generator AI App","ENTERTAINMENT"
""com.jellytelly","Minno - Kids Bible Videos","ENTERTAINMENT"
""com.starmakerinteractive.thevoice","StarMaker Lite: Sing Karaoke","ENTERTAINMENT"
""com.magiclabs.mimic","Mimic - AI Photo Face Animator","ENTERTAINMENT"
""com.cpc.confidant.paradise.chat","Hiha - Video Chat Online","ENTERTAINMENT"
""com.tikshorts.novelvideos","TopShort - Novels & Drama","ENTERTAINMENT"
""com.deepfake.facemagic","MorphMe: Face Swap Video App","ENTERTAINMENT"
""com.safehappy.safechat","Beela Chat - Voice Room","ENTERTAINMENT"
""com.piacredit.gen","PIA Games","ENTERTAINMENT"
""com.geode.dazzly","Dazzly: Color by Number Game","ENTERTAINMENT"
""com.animechatfriends.rori","Rori: Fun Anime Roleplay Chat","ENTERTAINMENT"
""ott.channel85","Channel 85","ENTERTAINMENT"
""com.yippeeentertainment","Yippee TV: Christian Streaming","ENTERTAINMENT"
""com.wolftv.wolf","RadReel","ENTERTAINMENT"
""com.vimeo.android.videoapp","Vimeo","ENTERTAINMENT"
""com.facehub.deepswap","FaceHub -AI Photo&Face Swap","ENTERTAINMENT"
""com.biddenknowledge","4biddenknowledge TV","ENTERTAINMENT"
""com.party.go.android","Party Go","ENTERTAINMENT"
""ai.metaverse.iptv.smartplayer.onlinetv","Smart IPTV Player - Online TV","ENTERTAINMENT"
""com.theaterears","TheaterEars Movies in Spanish","ENTERTAINMENT"
""com.toonwave.toonapp","Toon Wave","ENTERTAINMENT"
""com.fight.tna","TNA+","ENTERTAINMENT"
""com.magicai.android","Magic: Fantasy Roleplay Chat","ENTERTAINMENT"
""com.bliss.virtual.soulmate","TruMate - Character AI Chat","ENTERTAINMENT"
""com.curiosity.curiositystream","Curiosity Stream","ENTERTAINMENT"
""com.funnyai.chatplay","Funny _Happy Chat","ENTERTAINMENT"
""com.glive.niki","Niki Live - Live Party & Club","ENTERTAINMENT"
""com.lollyy.aichat","Lollyy - AI Characters Chat","ENTERTAINMENT"
""com.dapperlabs.pinnacle","Disney Pinnacle by Dapper Labs","ENTERTAINMENT"
""com.vibex.wdswaab","Whirlwind Duel: Shinobi Way","ENTERTAINMENT"
""com.pita.kito","Kito - Chat Video Call","ENTERTAINMENT"
""com.heartsync.lover.ai.chatbot","Lover AI","ENTERTAINMENT"
""com.wooya.mobile","Ligo Live","ENTERTAINMENT"
""com.slimy.makeover","Talk To Me Slimy: AI Buddy","ENTERTAINMENT"
""co.topinnovations.tigerfm","TigerFM","ENTERTAINMENT"
""com.sumoing.recolor","Recolor - Adult Coloring Book","ENTERTAINMENT"
""com.esbook.dk","EaShort","ENTERTAINMENT"
""com.wild_pine_35027","UNIFYD TV","ENTERTAINMENT"
""com.kiyo.mobile","KIYO","ENTERTAINMENT"
""com.aetnd.svod.crimecentral","A&E Crime Central","ENTERTAINMENT"
""com.inkfan.lunashort","LunaShort - Mini Drama Story","ENTERTAINMENT"
""com.viva.vivamax","Vivamax","ENTERTAINMENT"
""com.palmsecret.horoscope","Palm Secret - Aging&Cartoon","ENTERTAINMENT"
""top.loverai.android","Lover.AI: Meet Your AI Lover","ENTERTAINMENT"
""com.future.heatwave","HeatShort - Wonderful TV","ENTERTAINMENT"
""com.dreamapp.dubhe","AI Video Generator -Dream Face","ENTERTAINMENT"
""com.global.live","Hiya-Group Voice Chat","ENTERTAINMENT"
""com.warriorpoetsociety","Warrior Poet Society Network","ENTERTAINMENT"
""com.jibjab.android.messages.fbmessenger","JibJab: Funny Birthday Cards","ENTERTAINMENT"
""mini.show.short.drama.android","Mini Show - Short & Drama","ENTERTAINMENT"
""com.pokercentral.poker","PokerGO: Stream Poker TV","ENTERTAINMENT"
""info.wobamedia.mytalkingpet.free","My Talking Pet","ENTERTAINMENT"
""com.halo.mobile","LightChat -Voice Chat & Meet &","ENTERTAINMENT"
""com.maz.combo3310","Canon+","ENTERTAINMENT"
""com.passionflix.app","Passionflix","ENTERTAINMENT"
""com.truebill","Rocket Money - Bills & Budgets","FINANCE"
""ci.atlasearth.client","Atlas Earth - Buy Virtual Land","FINANCE"
""com.mobiledatalabs.mileiq","Mileage Tracker & Log - MileIQ","FINANCE"
""com.tradingview.tradingviewapp","TradingView: Track All Markets","FINANCE"
""com.everydollar.android","EveryDollar: Budget Tracker","FINANCE"
""com.seekingalpha.webwrapper","Seeking Alpha: News & Analysis","FINANCE"
""com.youneedabudget.evergreen.app","YNAB","FINANCE"
""io.gmt.app.twa","GoMining","FINANCE"
""crypto.bitcoin.ethereum.litecoin.cloud.mining.eth.btc.ltc.hash.pool.cloud_mining","Bitcoin Mining (Crypto Miner)","FINANCE"
""org.dayup.stocks","Webull: Investing & Trading","FINANCE"
""com.dovly.app","Dovly: Grow your Credit Score","FINANCE"
""com.aura.suite","Aura: Security & Protection","FINANCE"
""com.monarchmoney.mobile","Monarch: Budget & Track Money","FINANCE"
""com.symantec.lifelock.memberapp","LifeLock Identity by Norton","FINANCE"
""com.everlance","Everlance: Mileage Tracker","FINANCE"
""com.ctfarm","CryptoTab Farm PRO","FINANCE"
""com.simplywise.mobile","SimplyWise: Receipts, Expenses","FINANCE"
""com.quicken.acme","Quicken Simplifi: Budget Smart","FINANCE"
""com.marketwatch","MarketWatch","FINANCE"
""com.gridwise.app","Gridwise: Gig-Driver Assistant","FINANCE"
""com.Splitwise.SplitwiseMobile","Splitwise","FINANCE"
""com.cnbc.client","CNBC: Business & Stock News","FINANCE"
""com.fusionmedia.investing","Investing.com: Stock Market","FINANCE"
""com.pocketguard.android.app","PocketGuard・Budget Tracker App","FINANCE"
""app.hurdlr.com","Hurdlr: Mileage, Expense & Tax","FINANCE"
""ani.tradingapps.optionsignals","Option Signals -Picker Alerter","FINANCE"
""com.hithink.stockscreener","Stock Screener, AI Scanner","FINANCE"
""com.tipranks.android","TipRanks Stock Market Analysis","FINANCE"
""com.lenmoinc.lenmo","Lenme: Investing and Borrowing","FINANCE"
""com.yahoo.mobile.client.android.finance","Yahoo Finance: Stock News","FINANCE"
""com.roboxnet","Robox – Tap & Earn!","FINANCE"
""com.experian.android","Experian","FINANCE"
""in.usefulapp.timelybills","Bill Payment Organizer, Budget","FINANCE"
""com.creditsesame","Credit Sesame","FINANCE"
""com.cryptofarm","CryptoTab Farm: Digital Gold","FINANCE"
""com.investors.business.daily","Investor's Business Daily","FINANCE"
""com.emberfund.ember","Ember - Earn Crypto","FINANCE"
""com.newcompany.stocker","Stocks To Buy Now : AI Signals","FINANCE"
""com.maza.maza","Maza - Tu Vida Financiera","FINANCE"
""com.oxbowsoft.debtplanner","Debt Payoff Planner & Tracker","FINANCE"
""com.vectorvest.mango","VectorVest Stock Advisory","FINANCE"
""ini.tradingapps.tradesignals","Trade Signals - Stocks Options","FINANCE"
""com.unest.android","UNest: Investing for Your Kids","FINANCE"
""com.uphold.wallet","Uphold: Buy BTC, ETH and 300+","FINANCE"
""com.mzbapps.serverlife","ServerLife - Tip Tracker","FINANCE"
""com.droid4you.application.wallet","Wallet: Budget Expense Tracker","FINANCE"
""com.investors.marketsurge","MarketSurge","FINANCE"
""com.cardpointers.app","CardPointers: Maximize Rewards","FINANCE"
""com.benoitletondor.easybudgetapp","EasyBudget - Budget planning","FINANCE"
""com.ainvest.android","AInvest: AI Invests & Trades","FINANCE"
""io.getdelta.android","Delta Investment Tracker","FINANCE"
""unusualwhales.com","Unusual Whales","FINANCE"
""com.zengo.wallet","Zengo: Crypto & Bitcoin Wallet","FINANCE"
""com.bakua.worktimemanager","Timesheet: Work Hours Tracker","FINANCE"
""com.gigahashmine.pro","GigaHash Bitcoin Cloud Mining","FINANCE"
""com.coinstats.crypto.portfolio","CoinStats - Crypto Tracker","FINANCE"
""com.optionstrat.app","OptionStrat - Options Toolkit","FINANCE"
""com.mileagewise.mileagewiseonline","Mileage Tracker by MileageWise","FINANCE"
""co.peeksoft.stocks","My Stocks Portfolio & Market","FINANCE"
""com.GameonCreation.GiftToMoney","Rewardify","FINANCE"
""vivid.optionsignals","Options Alerts - Swing Signals","FINANCE"
""app.stockevents.android","Stock Events Market Tracker","FINANCE"
""ai.rafa.finance","RAFA: AI Investment Copilot","FINANCE"
""com.budget.tracker_app","Cashew—Expense Budget Tracker","FINANCE"
""com.magnifi.app","Magnifi: Invest with AI","FINANCE"
""com.cloudmining.ethmining.ethcoin","ETH Miner - Crypto cloud miner","FINANCE"
""com.moomoo.trade","moomoo: options & stocks","FINANCE"
""com.threeinvesteers.app","Stock Market Simulator Game","FINANCE"
""bitcoin.minning.com","Bitcoin mining - Crypto Miner","FINANCE"
""com.doitnowcompany.usstockscanner","Realtime Stock Screener","FINANCE"
""com.sked.manadam","Mandam","FINANCE"
""com.sagamill.stocksalerter","Stocks Signals - Stock Tracker","FINANCE"
""com.appxy.checkbook2","Checkbook - Account Tracker","FINANCE"
""io.threecommas.wallet","3Commas: Crypto Trading Tools","FINANCE"
""com.rocketsafepay.wallet","Rocket: Safe Pay","FINANCE"
""com.beyondbudget","Beyond Budget - Budget Planner","FINANCE"
""com.LynnfieldLLC.MilitaryRetire","Military Retirement","FINANCE"
""com.askmos.mosapp","Mos: Money for students","FINANCE"
""com.fortnofffinancial.dealcheck_rentals","DealCheck: Analyze Real Estate","FINANCE"
""org.stocktwits.android.activity","Stocktwits - Stock Market Chat","FINANCE"
""saldo.receiptscanner.app","Receipt Scanner by Saldo Apps","FINANCE"
""com.finimize.oban","Finimize - Finance Insights","FINANCE"
""com.dasbudget","DAS Budget","FINANCE"
""com.saga.stock.screener.stockscreener","Stock Screener - Stock Screens","FINANCE"
""org.moneywise.app","FaithFi: Faith & Finance","FINANCE"
""com.investors.leaderboard.android","Leaderboard","FINANCE"
""com.inadaydevelopment.cashcalculator","10bii Financial Calculator","FINANCE"
""com.savved.uptick","Stock Market Tracker","FINANCE"
""ai.candlestick.picks","Candlestick: AI Stock Picks","FINANCE"
""com.investry.dev.tsptips","TSP TIPS","FINANCE"
""com.cryptohopper_mobile","Cryptohopper - Crypto Trading","FINANCE"
""com.cleevio.spendee","Spendee Budget & Money Tracker","FINANCE"
""com.roaddogssoftware.cardapp","MyCard - Contactless Payment","FINANCE"
""com.StockMarketAlarms.StockAlarm","Stock Alarm - Alerts, Tracker","FINANCE"
""com.sagamill.stockscanner","Stock Scanner - Market Mover","FINANCE"
""com.emmaprod","Emma - Budget Planner Tracker","FINANCE"
""com.dayspringtech.envelopes","Goodbudget: Budget & Finance","FINANCE"
""com.tabtrader.android","TabTrader Buy & Trade Bitcoin","FINANCE"
""co.dollarbird","Dollarbird Pro","FINANCE"
""com.gravy","Gravy: Homebuying for renters","FINANCE"
""com.dannyconnell.fudget2","Fudget 2: Budget Planner","FINANCE"
""com.investroo.zoya","Zoya - Halal Investing App","FINANCE"
""com.monefy.app.lite","Monefy - Budget & Expenses app","FINANCE"
""wb.receiptspro","Smart Receipts Plus","FINANCE"
""app.goodcrypto","Good Crypto: trading terminal","FINANCE"
""org.usdebtclock","US Debt Clock .org","FINANCE"
""com.investorvista.stockspyod","Stocks: Realtime Quotes Charts","FINANCE"
""com.ware2now.taxbird","TaxBird - Residency Tracker","FINANCE"
""com.daveramsey.tdrsapp","Ramsey Network","FINANCE"
""paystub.calculator.epaystub.paycheck.payroll.fakeid.generator.free","Paystub Maker: Easy Paycheck","FINANCE"
""com.ortex.application","ORTEX - Stock Market Analytics","FINANCE"
""com.thirdframestudios.android.expensoor","Toshl Finance - budget manager","FINANCE"
""com.fin.plan","Budge: Smart Spending Tracker","FINANCE"
""lv.fitstergroup.forexhero","Forex Trading School & Game","FINANCE"
""com.procryptosignals","Pro Crypto Signals","FINANCE"
""com.pvveb.billout","BillOut - Bill Organizer","FINANCE"
""ca.blossomsocial.android","Blossom: Social Investing","FINANCE"
""com.cryptocurrencyalerting.app","Cryptocurrency Alerting","FINANCE"
""com.getquin.app","getquin - Portfolio Tracker","FINANCE"
""com.selectivetrades.selective_signals_app","Selective Signals App","FINANCE"
""com.pieremobile","Piere: Budget & Manage Money","FINANCE"
""com.playwallwallet","PlayWall Wallet","FINANCE"
""br.com.gerenciadorfinanceiro.controller","Mobills: Budget Planner","FINANCE"
""com.wcd.tipsee","TipSee Tip Tracker App","FINANCE"
""com.colpit.diamondcoming.isavemoney","Budget planner—Expense tracker","FINANCE"
""com.realbyteapps.moneymanagerfree","Money Manager Expense & Budget","FINANCE"
""com.ditch","Ditch: Pay Debt As You Spend","FINANCE"
""com.streakmeta.fxsignals","Forex Signals(Daily)","FINANCE"
""com.mobill.app","MoBill Budget and Reminder","FINANCE"
""com.cryptopumpfinder","Crypto Pump: Signals & Tracker","FINANCE"
""zeinentech.forexprecision","Forex Precision Forex Signals","FINANCE"
""cz.destil.settleup","Settle Up – Group Expenses","FINANCE"
""com.theexotech.wwjd","What Would Joel Do App","FINANCE"
""com.raha.app.mymoney.pro","MyMoney Pro - Expense & Budget","FINANCE"
""palmagent.FidelityAgent.Two","FidelityAgent ONE","FINANCE"
""com.yksapps.playbalancego","Play Balance Converter","FINANCE"
""com.benzinga.app","Benzinga Financial News & Data","FINANCE"
""palmagent.ChicagoAgent.Three","ChicagoAgent ONE","FINANCE"
""com.bloom.invest","Bloom: Stock Market Research","FINANCE"
""com.tazatechnology.dailytsp","Daily TSP","FINANCE"
""com.brockmann.beyondetfspro","BeyondETFs Pro","FINANCE"
""com.blodhgard.easybudget","Fast Budget - Expense Manager","FINANCE"
""com.ultimatesoftil.currency.converter","Currency Converter & Exchange","FINANCE"
""ru.innim.my_finance","Money manager & expenses","FINANCE"
""com.blacktowerinvestments.fxmeter","FX Meter - Currency Strength","FINANCE"
""com.glgjing.money.manager.bookkeeping.meow","Meow Money Manager - Cute Cat","FINANCE"
""come.myindianow.protradingsignal","AI Pro Trading Signal","FINANCE"
""io.sesterce.androidapp","Sesterce – Share Expenses","FINANCE"
""com.ftnetid.xrprippleminer","XRP 42 Miner","FINANCE"
""io.vembar.fundamentalspeculation","FundSpec: Stock Market Quotes","FINANCE"
""in.beaconcha.mobile","Beaconchain Dashboard","FINANCE"
""com.useorigin.employee.android","Origin: Budget & Track Money","FINANCE"
""com.abukai.expenses","Expense Reports, Receipts with","FINANCE"
""com.cinstock.stocktimingtech","The Laser","FINANCE"
""org.pixelrush.moneyiq","1Money: expense tracker budget","FINANCE"
""com.handyapps.expenseiq","Expense IQ Money Manager","FINANCE"
""com.cloud.online.btc.bitcoinm","Bitcoin Cloud Mining","FINANCE"
""com.vcoin.dogecoinminer","DOGE Miner by YDS","FINANCE"
""com.stockringdist","StockRank: AI-guided Investing","FINANCE"
""com.app.emvnfccard.emv.nfc.creditcardreader","Credit Card : Wallet & NFC","FINANCE"
""com.audiencemedia.app3010","Capital Magazin","FINANCE"
""com.trulysmall.invoices","TrulySmall Business Invoices","FINANCE"
""com.fourdesire.fortunecity","Fortune City - A Finance App","FINANCE"
""com.astepanov.mobile.splitcheck","Scan & Split Bill - OCR Check","FINANCE"
""sa.drahim.app","Drahim","FINANCE"
""com.volkron.checkbook.android","Volkron CheckBook","FINANCE"
""com.jojdevx.expense.tracker","Mony: Budget & Expense Tracker","FINANCE"
""com.ibearsoft.moneyproandroid","Money Pro: Personal Finance AR","FINANCE"
""com.borsahq.earningscalls","Earnings Calls","FINANCE"
""com.golden1team.goldenapp","Ai Crypto Signals - Golden","FINANCE"
""com.vernalissystems.TaxDay","Taxday","FINANCE"
""com.yds.trxminer","TRX Miner by YDS","FINANCE"
""com.mhriley.spendingtracker","Spending Tracker","FINANCE"
""com.aadhk.timesheet","Work Log: Timesheet & Invoice","FINANCE"
""com.eduarve.myloans","Payo - Gestor de préstamos","FINANCE"
""com.flashratings.hodl","HODL Real-Time Crypto Tracker","FINANCE"
""com.linxo.androlinxo","Linxo - L'app de votre budget","FINANCE"
""com.siftwallet.sift.android","SIFT - Cashback & Bill Tracker","FINANCE"
""com.sagamill.optionscanner","Stocks Advisor, Stock Analysis","FINANCE"
""com.zotiger.accountbook","Money+ Cute Expense Tracker","FINANCE"
""com.nikitadev.stockspro","Stoxy PRO - Stock Market Live","FINANCE"
""co.timesclub.rewards","Abound: Send Money to India","FINANCE"
""com.crypter.cryptocyrrency","The Crypto App: News & Alerts","FINANCE"
""com.yyndev.dogefastminer","DOGE Fast Miner","FINANCE"
""com.brandontrautmann.lumy","Lumy for YNAB - Charts & Data","FINANCE"
""com.encodemx.gastosdiarios4","Daily Expenses 4","FINANCE"
""com.ftm.sniper","Trading Room - Forex signals a","FINANCE"
""com.loheden.investing_stock_market","Wall Street Stock Predictions","FINANCE"
""com.simplysoftsolutions.eprofit","eProfit eBay Profit Calculator","FINANCE"
""com.usdtcollect.cloudmining.usdtmining","USDT Cloud Miner - Tether","FINANCE"
""com.bookmark.money","Money Lover - Spending Manager","FINANCE"
""com.sbits.currencyconverter.rn","Instant Currency Converter","FINANCE"
""com.zyncas.signals","Crypto Trading App by Zyncas","FINANCE"
""com.jamal.jamjars","JamJars: Savings Tracker","FINANCE"
""com.freeman.moneymanager","Money Tracker-Expense & Budget","FINANCE"
""ventures.novum.stockhero","StockHero: Smart Trading Bot","FINANCE"
""ai.alphanso.frontend","Alphanso: AI Stock Investing","FINANCE"
""com.blacktowerinvestments.stinu","STINU-Position Size Calculator","FINANCE"
""com.quantgate.pilot","Pilot Trading: Trade with AI","FINANCE"
""com.nowfaith","NowFaith™","FINANCE"
""com.zhiliaoapp.musically","TikTok","SOCIAL"
""sg.bigo.live","Bigo Live - Live Streaming App","SOCIAL"
""com.grindrapp.android","Grindr - Gay Dating & Chat","SOCIAL"
""com.facebook.katana","Facebook","SOCIAL"
""com.pof.android","Plenty of Fish Dating App","SOCIAL"
""com.instagram.android","Instagram","SOCIAL"
""com.twitter.android","X","SOCIAL"
""com.hkfuliao.chamet","Chamet - Live Video Chat","SOCIAL"
""com.sgiggle.production","Tango- Live Stream, Video Chat","SOCIAL"
""video.chat.joi","Joi - Live Video Chat","SOCIAL"
""com.baitu.qingshu","Poppo live","SOCIAL"
""com.takimi.android","Taimi - LGBTQ+ Dating & Chat","SOCIAL"
""com.newsclapper.video","Clapper: Video, Live, Chat","SOCIAL"
""com.guochao.faceshow","BuzzCast - Live Video Chat App","SOCIAL"
""com.plamfy.platform","Plamfy: Live Stream Video Chat","SOCIAL"
""com.myyearbook.m","MeetMe: Chat & Meet New People","SOCIAL"
""com.taggedapp","Tagged - Meet, Chat & Dating","SOCIAL"
""com.firelight.android.app","Vibe Dating App: Meet People","SOCIAL"
""app.local.single","Local Single: Chat & Friends","SOCIAL"
""com.kismia.app","Kismia - Meet Singles Nearby","SOCIAL"
""com.scorp.who","Who - Live Video Chat","SOCIAL"
""com.superlive.liveapp","SuperLive- Live Stream & Chat","SOCIAL"
""com.thvine.nayo","Nayo: Chat, Meet & Dating App","SOCIAL"
""com.textmeinc.textme","Text Me: Second Phone Number","SOCIAL"
""com.honeycam","Honeycam Chat-Short Video&Chat","SOCIAL"
""com.imvu.mobilecordova","IMVU: Social Chat & Avatar app","SOCIAL"
""com.voicemaker.android","SUGO：Voice Live Chat Party","SOCIAL"
""com.plusme.live","LiveMe+: Live Stream & Go Live","SOCIAL"
""com.appspot.scruffapp","SCRUFF","SOCIAL"
""co.yellw.yellowapp","Yubo: Make new friends","SOCIAL"
""com.pinger.textfree","Text Free: Second Phone Number","SOCIAL"
""video.chat.peachat","Peachat - Live Video Chat","SOCIAL"
""com.joymeet.lite","Joymeet: Dating, Match & Chat","SOCIAL"
""cool.monkey.android","Monkey - random video chat","SOCIAL"
""com.xiaoyu.heyo","Heyo- Chat & Message","SOCIAL"
""com.videochat.olive","Olive: Live Video Chat App","SOCIAL"
""com.livhub.android","LivHub - Video Chat Online","SOCIAL"
""com.kly.meboo","Meboo: Match, Chat & Connect","SOCIAL"
""com.tigo.flower","Tigo - Live Video Chat&More","SOCIAL"
""com.fun.d2m","D2M Dating: Match Chat & Meet","SOCIAL"
""com.overseas.hizone","HiZone App: Meet. Chat. Dating","SOCIAL"
""net.wrightflyer.le.reality","REALITY-Become an Anime Avatar","SOCIAL"
""com.aigc.ushow.ichat","Linky AI: Chat, Play, Connect","SOCIAL"
""com.mico","MICO: Go Live Streaming & Chat","SOCIAL"
""com.matchtech.solive","SoLive - Live Video Chat","SOCIAL"
""videochat.juds","Juds- Random Live Video Chat","SOCIAL"
""com.videostreamapp.meet","Pandalive - Video Chat","SOCIAL"
""ly.omegle.android","Omega - Live video call & chat","SOCIAL"
""video.like","Likee - Short Video Community","SOCIAL"
""com.tangerine.live.cake","cake live stream video chat","SOCIAL"
""me.dingtone.app.im","Second Number for Call & Text","SOCIAL"
""com.weareher.her","HER Lesbian, bi & queer dating","SOCIAL"
""info.wizzapp","Wizz App - chat now","SOCIAL"
""com.reddit.frontpage","Reddit","SOCIAL"
""com.baronapp.cameo","Cameo - Personal celeb videos","SOCIAL"
""com.waplog.social","Waplog: Dating, Match & Chat","SOCIAL"
""io.chatyapp","Chaty - Chat & Make Friends","SOCIAL"
""omegle.tv","OmeTV – Video Chat Alternative","SOCIAL"
""com.fmt.adr","FunMeet-connects with fun","SOCIAL"
""com.dearu.bubble.jyp","bubble for JYPnation","SOCIAL"
""com.streamtech.chat","DODO - Live Video Chat","SOCIAL"
""com.voicechat.live.group","YoHo: Group Voice Chat Room","SOCIAL"
""com.miles.androidliv","Miles - Video chat online","SOCIAL"
""com.skout.android","SKOUT - Meet, Chat, Go Live","SOCIAL"
""com.peeglelive","Peegle Live - Live Stream","SOCIAL"
""com.minderapps.minder","Salams - Where Muslims Meet","SOCIAL"
""com.overseas.hapend","HapEnd: Dating, Love & Fun","SOCIAL"
""com.olamet.mobile","Olamet - Video Chat Online","SOCIAL"
""com.waooolive.android","Xviews - Video Chat&Hook Up","SOCIAL"
""mobi.jackd.android","Jack’d - Gay Chat & Dating","SOCIAL"
""com.zipchat.funny","TeeseMee - Live Video Chat","SOCIAL"
""com.playbackbone.android","Backbone — Next-Level Play","SOCIAL"
""net.familo.android","Familo: Find My Phone Locator","SOCIAL"
""com.initechapps.growlr","GROWLR: Gay Bears Near You","SOCIAL"
""com.pita.oyem","MeYo : be friends","SOCIAL"
""com.rosyandroid.xme","X Me - Live Video Chat","SOCIAL"
""com.textmeinc.freetone","FreeTone Calls & Texting","SOCIAL"
""im.kumu.ph","Kumu Livestream Community","SOCIAL"
""com.tailtales.android","Do it - Meet & Video Chat","SOCIAL"
""com.kpgame.PokerBros","PokerBROS: Play NLH, PLO, OFC","SOCIAL"
""com.bumblebff.app","Bumble For Friends: Meet IRL","SOCIAL"
""com.fullsenders.sendit","sendit","SOCIAL"
""com.new.meet","Meete - Text & Chat","SOCIAL"
""com.hiwaifu.app","HiWaifu: AI Friend & Waifu Hub","SOCIAL"
""com.exutech.chacha","HOLLA - Live Random Video Chat","SOCIAL"
""com.bonhub.happy","BonHub - Video Chat Online","SOCIAL"
""com.honeycam.pro","Honeycam Pro-Live Video Chat","SOCIAL"
""com.locals.localsapp","Locals.com","SOCIAL"
""com.meetup","Meetup: Social Events & Groups","SOCIAL"
""com.clubcooee.cooee","Club Cooee - 3D Avatar Chat","SOCIAL"
""tech.plink.PlinkApp","Plink: Team up, Chat & Play","SOCIAL"
""com.hkjustar.gemgala","Gemgala - Party & Chat & Games","SOCIAL"
""com.pandoraroom.pandora","Nicee - Video Chat & Meet","SOCIAL"
""cloud.asiandating.www","VibeNow: Dating Chat & Flirt","SOCIAL"
""com.yy.hiyo","Hago- Party, Chat & Games","SOCIAL"
""com.camsea.videochat","Camsea - Live Video Call","SOCIAL"
""com.scorp.wholite","Who Lite - Video chat now","SOCIAL"
""com.isugarabc.android","Sparkle - Live Video Chat","SOCIAL"
""com.zeetok.videochat","Zeetok - Meet and Chat","SOCIAL"
""jp.cocone.livly","Livly Island","SOCIAL"
""com.client.tenderu.android","TenderU - Real Video Chat","SOCIAL"
""app.aichat.www","Aiboo: Find Friends, Real Chat","SOCIAL"
""com.fine202.xiaosu","Sweetlover - Online Video Chat","SOCIAL"
""com.evite","Evite: Email & SMS Invitations","SOCIAL"
""com.iaznl.holme","HolMe Dating app. Meet People","SOCIAL"
""com.nsus.clubgg","ClubGG Poker","SOCIAL"
""com.ditto.mobile","Ditto Live -Match&meet someone","SOCIAL"
""com.p1.mobile.putong","TanTan - Asian Dating App","SOCIAL"
""xyz.copiee.android","CloseMee","SOCIAL"
""com.stellavenus.android","XOXO 2 - Live Video Chat","SOCIAL"
""com.nighttalk","NightTalk","SOCIAL"
""com.oraplay.android","Pompon - Video Chat And Joy","SOCIAL"
""jp.pxv.android","pixiv","SOCIAL"
""com.blued.international","HeeSay - Gay LIVE & Community","SOCIAL"
""com.vb.hush","Hush","SOCIAL"
""com.yaku","Yaku","SOCIAL"
""com.nglreactnative","NGL: ask me anything","SOCIAL"
""com.download.funny.online","Live Chat Video Call-Whatslive","SOCIAL"
""com.apps.coshi.chatspace","ChatSpace - Chat, Talk & Fun","SOCIAL"
""com.yippee.andr","ToChat - Make Friends Nearby","SOCIAL"
""match.live.stream.social","Chatmeet live chat & meet","SOCIAL"
""com.star.ayar.android","Ayar-Chat&Play","SOCIAL"
""com.vidiq.app","vidIQ for YouTube","SOCIAL"
""com.litatom.app","Litmatch—Make new friends","SOCIAL"
""com.bobo.happy","KissMee - Live Video Chat","SOCIAL"
""reddit.news","Relay for reddit","SOCIAL"
""me.pokeraid","PokeRaid - Worldwide Remote Ra","SOCIAL"
""com.tumblr","Tumblr—Fandom, Art, Chaos","SOCIAL"
""com.videochat.livu","LivU - Live Video Chat","SOCIAL"
""com.guppir.swipr","BeFriend: make friends nearby","SOCIAL"
""nozy.video.livestream","Nozy: Live Stream & Broadcast","SOCIAL"
""com.ilocatemobile.navigation","Track Any Phone","SOCIAL"
""com.mole.talktalk","TalkTalk: Chat, Party & Ludo","SOCIAL"
""com.matchu.machat","Mako - Live Streams&Chat","SOCIAL"
""com.live.soulchill","SoulChill - Voice Chat & Party","SOCIAL"
""com.thaifriendly.app","ThaiFriendly Dating","SOCIAL"
""com.gogii.textplus","textPlus: Text Message + Call","SOCIAL"
""com.ciliz.spinthebottle","Spin the Bottle: chatroom app","SOCIAL"
""co.ninecount.wink","Wink - Friends & Dating App","SOCIAL"
""com.lovematch.livechat.videocall","Dating Match - Live Video Chat","SOCIAL"
""com.ohla.socialapps","Karawan - Group Voice Chat","SOCIAL"
""com.hubolabs.hubo","purp - Make new friends","SOCIAL"
""com.chatroullete.alternative","Chat Alternative — android app","SOCIAL"
""com.igliverec.video.recorder.downloader","GREC - Live Video Recorder","SOCIAL"
""com.haflla.soulu","SOYO-Live Chat &Make Friends","SOCIAL"
""ml.docilealligator.infinityforreddit","Infinity for Reddit","SOCIAL"
""com.who.tracky","Tracky : Location GPS Sharing","SOCIAL"
""com.migo.mobile","MIGO Live-Voice and Video Chat","SOCIAL"
""com.ollalive.mobile","Cocco - Party & Live Streaming","SOCIAL"
""com.live.streamer.online.app.video","Pora Live & Video Call","SOCIAL"
""co.benx.weverse","weverse","SOCIAL"
""com.pulsechats","Pulsechat-Live Video Chat","SOCIAL"
""com.social.feetfans","FeetFan - Buy & Sell Fastly","SOCIAL"
""com.zyanqin.echoo","Echoo-make friends & Live chat","SOCIAL"
""com.PokaLive","PokaLive-Live Video Chat","SOCIAL"
""camsurf.com","Camsurf: Chat Random & Flirt","SOCIAL"
""com.pinger.textfree.call","Text Free: Calling & Texting","SOCIAL"
""com.yxchao.whispo","Whispo-Online video chat","SOCIAL"
""ee.linktr.admin","Linktree: Link in bio creator","SOCIAL"
""com.comlive","ComLive - Live Video Chat","SOCIAL"
""com.thankyo.hwgame","StreamKar - Live Stream & Chat","SOCIAL"
""com.wegolive.android","WeGo Party-Chat&Games","SOCIAL"
""com.mewe","MeWe","SOCIAL"
""com.nebula.mamu.lite","4Fun lite - Group Voice Chat","SOCIAL"
""com.wjxapp.befeel","BeFeel-Online video chat","SOCIAL"
""tv.medal.recorder","Medal.tv - Share Game Moments","SOCIAL"
""com.shbztou.hiya","Hiyala-Live Video Chat","SOCIAL"
""com.eaewner.burning","Burning-Video Chat","SOCIAL"
""com.clozd.live","Cloz - Chat&Make real friends","SOCIAL"
""com.plato.android","Plato: Fun Multiplayer Games","SOCIAL"
""co.c2live.c2live","C2 - Live Streaming","SOCIAL"
""com.app.meego.android","Meego - Video Call, Live Chat","SOCIAL"
""biz.trans","Trans: Transgender Dating App","SOCIAL"
""com.joychat.live","JOJOO - Live Video Chat","SOCIAL"
""xyz.oceanzz.android","OceanLive - Video Chat & Match","SOCIAL"
""com.affinityapps.yuzu","Yuzu - for the Asian community","SOCIAL"
""uni.UNI8B6FFA0","Aoocat","SOCIAL"
""com.lmancang.melva","Melva-Live Chat & Find","SOCIAL"
""com.yuhuankj.tmxq","Oohla","SOCIAL"
""younow.live","YouNow: Live Stream Video Chat","SOCIAL"
""com.boldd.bold","Joke - Live Video chat","SOCIAL"
""com.wenext.lama","Lama—Voice Chat Rooms&Ludo","SOCIAL"
""com.eaplbour.karma","Karma-Video chat & Meet","SOCIAL"
""com.Treat.TreatApp","TREAT: Play & impact REAL dogs","SOCIAL"
""com.wannachat.live","Wanna - Live Video Chat","SOCIAL"
""com.epal.android","E-Pal: Your Kind Teammates","SOCIAL"
""com.luxy","Luxy Upscale Mature Dating App","SOCIAL"
""com.hi5.app","hi5 - meet, chat & flirt","SOCIAL"
""com.beki.live","Beki- Live Video Chat","SOCIAL"
""com.yumy.live","Yumy - Live Video Chat","SOCIAL"
""com.letterboxd.letterboxd","Letterboxd","SOCIAL"
""in.mohalla.sharechat","ShareChat Trends Videos & Live","SOCIAL"
""com.hokchat.funny","DezireU:Video Chat With Friend","SOCIAL"
""com.binmotalk.live","Binmo - Group Voice Chat Rooms","SOCIAL"
""com.jaumo","Jaumo Dating App: Flirt & Date","SOCIAL"
""com.love.vone","Vone","SOCIAL"
""com.dream.like","DreamLike-Video-Chat","SOCIAL"
""com.polaris.live","WeJoy-Live video chat&party","SOCIAL"
""com.boloup.lite","Boloup Lite - Chat & Date","SOCIAL"
""com.chatous.chatous","Chatous","SOCIAL"
""com.epocrates","epocrates","MEDICAL"
""com.sanfordguide.amt","Sanford Guide","MEDICAL"
""com.unbound.android.cqddl","Davis's Drug Guide","MEDICAL"
""com.lbrc.PeriodCalendar","My Calendar - Period Tracker","MEDICAL"
""com.healint.migraineapp","Migraine Buddy: Track Headache","MEDICAL"
""com.monashuniversity.fodmap","Monash University FODMAP diet","MEDICAL"
""com.rocateer.mediscount","Pilleye – tablet, pill counter","MEDICAL"
""com.rrsolutions.fevercheckup","Body Temperature・Fever Tracker","MEDICAL"
""com.imago.preplyarmds","Prepry - ARDMS & CCI Exam Prep","MEDICAL"
""com.pathwaymedical.pathway","Pathway","MEDICAL"
""com.ekodevices.android","Eko: Digital Stethoscopes","MEDICAL"
""com.a3d4medical.completeanatomy","Complete Anatomy 2024","MEDICAL"
""com.lexi.android","Uptodate Lexidrug","MEDICAL"
""com.minerva_medical.minerva","Full Code Medical Simulation","MEDICAL"
""com.usbmis.reader.dadg","Davis's Drug Guide for Nurses","MEDICAL"
""com.emra.mobilem","EMRA MobilEM","MEDICAL"
""com.unbound.android.ubjhl","Johns Hopkins Antibiotic Guide","MEDICAL"
""com.visualdx.android","VisualDx","MEDICAL"
""com.visiblebody.atlas","Human Anatomy Atlas 2025","MEDICAL"
""com.mysugr.android.companion","mySugr - Diabetes Tracker Log","MEDICAL"
""com.AnatomyLearning.Anatomy3DViewer3","Anatomy Learning - 3D Anatomy","MEDICAL"
""com.unbound.android.cq59l","5-Minute Clinical Consult","MEDICAL"
""com.usbmis.troposphere.fpnb","FP Notebook","MEDICAL"
""com.vargoanesthesia.masterapp","Vargo Anesthesia Mega App","MEDICAL"
""com.nrsng.academygo","NURSING.com | NCLEX & Nursing","MEDICAL"
""com.blood.sugar.tracker.glucometer.Diary.test.diabetes.checker.info.glucose.convert.logger.health.fitness.monitor.history","Blood Sugar Diary for Diabetes","MEDICAL"
""com.akiliinteractive.t01a","EndeavorOTC®: Outplay ADHD","MEDICAL"
""xyz.rtrvr.pillo","Angry Pill Box&Reminder, Pillo","MEDICAL"
""net.imaios.eanatomy","e-Anatomy","MEDICAL"
""org.asccp.app2019","ASCCP Management Guidelines","MEDICAL"
""com.unbound.android.ubds","DSM-5-TR Differential Dx","MEDICAL"
""com.unbound.android.ubnc2l","Nursing Central","MEDICAL"
""com.it4you.petralex","HEARING AID APP:PETRALEX 4 EAR","MEDICAL"
""com.tactustherapy.languagetherapy","Language Therapy: Aphasia","MEDICAL"
""com.pyrls.pyrls7000","Pyrls","MEDICAL"
""com.emra.AntibioticGuide","EMRA Antibiotic Guide","MEDICAL"
""com.catfishanimationstudio.MuscularSystemLite","Anatomy 3D Atlas","MEDICAL"
""org.psychiatry.dsm","DSM-5-TR® Diagnostic Criteria","MEDICAL"
""com.the3d4medical.EssentialAnatomy","Essential Anatomy 5","MEDICAL"
""com.curablehealth.clara","Curable Pain Relief","MEDICAL"
""com.mindsethealth.quit","Finito: Stop Smoking","MEDICAL"
""com.limmercreative.passengine.emt","EMT PASS- NEW","MEDICAL"
""com.visiblebody.subscription","Visible Body Suite","MEDICAL"
""com.khnsolutions.view","BACtrack View","MEDICAL"
""com.powerfulmedical.pmcardio","PMcardio - ECG Analysis","MEDICAL"
""com.jotform.health","Jotform Health: Medical Forms","MEDICAL"
""com.mybabylogger.babylogger","Talli Baby","MEDICAL"
""com.phonegap.higrade","HiGrade: Cannabis Testing","MEDICAL"
""com.iotait.criticalx","Critical - Medical Guide","MEDICAL"
""com.vetcalculators.android","Vetcalculators","MEDICAL"
""com.masteranesthesia","Master Anesthesia","MEDICAL"
""com.mymedicwatch.wear3.seizure.prod","Seizure Alert Wear3 - MMW","MEDICAL"
""com.mydiabetes","Diabetes:M - Blood Sugar Diary","MEDICAL"
""com.acidremap.paramedicprotocolprovider","Paramedic Protocol Provider","MEDICAL"
""com.qxmd.pedistat","Pedi STAT","MEDICAL"
""com.hltcorp.medsmilk","HalesMeds","MEDICAL"
""com.tactustherapy.advancedlanguagetherapy","Advanced Language Therapy","MEDICAL"
""com.myaphasiacoach","My Aphasia Coach","MEDICAL"
""com.terrywahls.tw","Wahls Diet App","MEDICAL"
""com.EAGINsoftware.dejaloYa","QuitNow: Quit smoking for good","MEDICAL"
""com.healthcaretransformationlab.mghacls_android","AHA ACLS","MEDICAL"
""hearingaid.app","Hear Clear: Hear from Distance","MEDICAL"
""com.unbound.android.ubndh","Nursing Drug Handbook - NDH","MEDICAL"
""com.vetpocket.calculator","Vetpocket","MEDICAL"
""com.medpresso.testzapp.crnclex_rn","Saunders Comp Review NCLEX RN","MEDICAL"
""com.eedojo.ScribeMD","ScribeMD - AI Medical Scribe","MEDICAL"
""eu.smartpatient.mytherapy","MyTherapy Pill Reminder","MEDICAL"
""com.xrayusa.iradtech","iRadTech","MEDICAL"
""com.babyflix.mobileapp","Babyflix","MEDICAL"
""de.alber.emotion_m25","e-motion® M25","MEDICAL"
""nl.asoft.speechassistant","Speech Assistant AAC","MEDICAL"
""com.vargo.coex","Coexisting Diseases & Surgery","MEDICAL"
""com.lww.lna.mobile.android","Lippincott Nursing Advisor","MEDICAL"
""com.montunosoftware.dosecast","Dosecast - Pill Reminder App","MEDICAL"
""com.ezresus.app","EZResus","MEDICAL"
""com.kushscan.kushscan","Kush Scan: AI Weed Identifier","MEDICAL"
""com.microphone.soundmagnifier","Super Hearing from Distance","MEDICAL"
""com.aadhk.lite.bptracker","Blood Pressure Tracker","MEDICAL"
""com.skyhealth.glucosebuddyfree","Glucose Buddy Diabetes Tracker","MEDICAL"
""dogcat.app.android","Pet Care Tracker - Dog Cat App","MEDICAL"
""com.medpresso.Lonestar.drugguide","Davis’s Drug Guide for Nurses","MEDICAL"
""com.medpresso.testzapp.passccrn","PASS CCRN!","MEDICAL"
""com.tactustherapy.apraxiatherapy","Apraxia Therapy: Aphasia","MEDICAL"
""com.it4you.dectone","Listening device, Hearing Aid","MEDICAL"
""com.usbmis.reader.mpr","MPR Drug and Medical Guide","MEDICAL"
""app.avax.health","AVAX Blood Pressure Diary","MEDICAL"
""com.aadhk.vitalsigns","Vital Signs - Blood Pressure","MEDICAL"
""com.scanbooster.scanbaby","ScanBaby learn baby ultrasound","MEDICAL"
""com.usbmis.troposphere.nursedhb2","Nurse's Drug Handbook","MEDICAL"
""ott.zinniatv1","Zinnia TV","MEDICAL"
""com.nukkuaa.app","sleep²","MEDICAL"
""com.main.xvein","X-Vein","MEDICAL"
""air.com.samuramu.gg.oc","OCD.app Anxiety, Mood & Sleep","MEDICAL"
""com.anatomyka.android","Anatomyka - 3D Anatomy Atlas","MEDICAL"
""co.speechtools.voiceanalyst","Voice Analyst","MEDICAL"
""com.shinynewapp.migraineinsight2","Migraine Insight: Tracker","MEDICAL"
""com.medm.app.health","Health Diary by MedM","MEDICAL"
""com.creamsoft.mygi","Glycemic Index. Diabetes diary","MEDICAL"
""com.goes.mobile","GOES Health: Outdoor First Aid","MEDICAL"
""com.robleridge.Moodfit","Moodfit: Mental Health Fitness","MEDICAL"
""com.unbound.android.ub5pl","5-Minute Pediatric Consult","MEDICAL"
""com.usbmis.reader.gayf14","Geriatrics At Your Fingertips","MEDICAL"
""com.drugscom.app","Drugs.com Medication Guide","MEDICAL"
""com.iconiqStudios.pillID","Smart Pill Identifier","MEDICAL"
""com.medpresso.testzapp.crnclex_pn","Saunders Comp Review NCLEX PN","MEDICAL"
""com.nekologic.anso","AnSo Anaesthesia Sonoanatomy","MEDICAL"
""com.viaapp","Autism 360","MEDICAL"
""com.unbound.android.cqhm","Harrison's Manual of Medicine","MEDICAL"
""com.y.visualmedv2","Visualmed","MEDICAL"
""com.clinical.pub","Clinical Tree","MEDICAL"
""com.buildloop.pilltally","PillTally pill, tablet counter","MEDICAL"
""com.starinix.icoder","iCoder CPT RVU ICD10 2023","MEDICAL"
""com.apirox.sleeprecorder","Prime Sleep Recorder","MEDICAL"
""com.usatineMediaLLC.harrisonsReview20","Harrison's Board Review, 20E","MEDICAL"
""com.graphicvizion.visualacupuncturefr","Visual Acupuncture 3D","MEDICAL"
""dto.ee.cna.genie","CNA Practice Test Genie","MEDICAL"
""app.photodoc.application","PhotoDoc","MEDICAL"
""com.medprescricao","Afya Whitebook: Medicina","MEDICAL"
""com.unbound.android.ubwml","The Washington Manual","MEDICAL"
""com.booksofdiscovery.anatomymapper","AnatomyMapp","MEDICAL"
""com.medpresso.Lonestar.pcguide","CURRENT Practice Guidelines","MEDICAL"
""com.unbound.android.cqtal","Taber's Medical Dictionary...","MEDICAL"
""com.DevExtras.VoiceTools","Voice Tools","MEDICAL"
""com.medpresso.Lonestar.emergmed","Tintinalli's Emergency Med Man","MEDICAL"
""com.h2sync.android.h2syncapp","Health2Sync - Diabetes Tracker","MEDICAL"
""com.thepositivebirthcompany.freyasurgetimer","Freya - Surge Timer","MEDICAL"
""com.lcs.mmp.lite","Manage My Pain","MEDICAL"
""net.imaios.vetanatomy","vet-Anatomy","MEDICAL"
""fan.noise.sleep.sounds.geastrum","Fan Noise for Sleeping - App","MEDICAL"
""com.real.bodywork.muscle.trigger.points","Muscle Trigger Point Anatomy","MEDICAL"
""com.unbound.android.ubpkl","Pocket ICU","MEDICAL"
""ai.thedeep.droracleandroid","Dr.Oracle AI Medical Assistant","MEDICAL"
""com.medpresso.Lonestar.saundersdx","Saunders Nursing Drug Handbook","MEDICAL"
""com.unbound.android.ubdx","Dermatology DDx","MEDICAL"
""com.ekg.ecg.electrocardiography","ECG Academy | Doctors, EMT","MEDICAL"
""com.asra.asracoags","ASRA Coags","MEDICAL"
""app.medicalid","Medical ID (premium)","MEDICAL"
""com.allenresources.testbank.nclex_rn_prep","NCLEX Exam Questions & Answers","MEDICAL"
""com.ronasoftstudios.soundmagnifier","Microphone Amplifier","MEDICAL"
""com.biodigitalhuman.humanAndroid","BioDigital Human - 3D Anatomy","MEDICAL"
""com.medpresso.Lonestar.labtests","Manual Lab & Diagnostic Tests","MEDICAL"
""com.medpresso.testzapp.qanclex_rn","NCLEX RN Q&A Tutoring Saunders","MEDICAL"
""com.contentmaster.PTCMaster","PT Content Master","MEDICAL"
""com.mymedicwatch.seizure.prod","Seizure Alert – My Medic Watch","MEDICAL"
""air.com.samuramu.gg.bi","Body+ Positive body mindset","MEDICAL"
""com.cards","A Manual of Acupuncture","MEDICAL"
""com.unbound.android.cqhlil","Harriet Lane Handbook","MEDICAL"
""com.medpresso.Lonestar.ivmed","IV Medications Elsevier","MEDICAL"
""com.medpresso.Lonestar.nurclinpro","Nurse Guide Clinical Procedure","MEDICAL"
""com.snorelab.snoregym","SnoreGym : Reduce Your Snoring","MEDICAL"
""com.cliniconline","Medical Records","MEDICAL"
""com.zlamanit.blood.pressure","Blood Pressure Log - MyDiary","MEDICAL"
""com.unbound.android.ubivl","Intravenous Medications Gahart","MEDICAL"
""com.fourtechnologies.mynetdiary.diabetes","Diabetes & Diet Tracker","MEDICAL"
""me.talli.tallicare","Talli Care","MEDICAL"
""com.smartbloodpressure","Blood Pressure App - SmartBP","MEDICAL"
""org.wikijournalclub","Journal Club: Medicine","MEDICAL"
""wikem.chris","WikEM - Emergency Medicine","MEDICAL"
""com.healthcaretransformationlab.pals_android","AHA PALS","MEDICAL"
""com.attainment.gotalk","GoTalk Everywhere","MEDICAL"
""com.brc.PeriodTrackerDiary","Period Tracker & Ovulation","MEDICAL"
""com.portalgroove.bpjournal","BP Journal: Blood Pressure Log","MEDICAL"
""com.trivie.engage.aha","AHA Knowledge Booster","MEDICAL"
""com.palmem.palmem","palmEM AI: EM Quick Reference","MEDICAL"
""com.unbound.android.cqdzl","Diagnosaurus DDx","MEDICAL"
""com.bestfuncoolapps.TakeYourPills","TakeYourPills Pill Reminder","MEDICAL"
""com.medpresso.Lonestar.abclabdata","Bakerman's ABC's Lab Data","MEDICAL"
""com.accella.paramedicreview","Paramedic Review Plus™","MEDICAL"
""com.earcare.apps.hearingaid","Hearing Aid App for Android","MEDICAL"
""com.medpresso.Lonestar.netterflash","Netter's Anatomy Flash Cards","MEDICAL"
""com.watchmedcircle","MedCircle","MEDICAL"
""com.tactustherapy.categorytherapy","Category Therapy: Categories","MEDICAL"
""com.atmoapps.mida","Guide to Clinical Midwifery","MEDICAL"
""webviewgold.budwatcher","BudWatcher","MEDICAL"
""com.AmazeHealth","Amaze Health","MEDICAL"
""com.medpresso.testzapp.apflash","Anatomy Physiology Flash Cards","MEDICAL"
""com.iHatch_Apps.PuppyFat","Breedera - Dog Breeder App","MEDICAL"
""com.themedicalcompany.medschool","MedSchool","MEDICAL"
""com.mohitatray.prescriptionmaker","Prescription Maker","MEDICAL"
""com.atmoapps.pcch","Physicians Cancer Chemotherapy","MEDICAL"
""com.otomaru.themeridian","Acupoints","MEDICAL"
""com.ystefanov.gynapp","Storc: OB Patient Tracker","MEDICAL"
""com.scanbooster.scanboosterultrasoundsim","Scanbooster Ultrasound Sim","MEDICAL"
""com.brar.vet","Vet Easy - Drugs & Calculators","MEDICAL"
""com.equineadvances.equinedrugs","Equine Drugs","MEDICAL"
""com.ideabus.heroeyesall","Captain Lazy eye","MEDICAL"
""com.mymedicwatch.prod","Fall Alert – My Medic Watch","MEDICAL"
""com.medpresso.testzapp.ccmqa","CCM Exam Practice Test","MEDICAL"
""org.iatrocom.statworkup","STATworkUP® Differential Dx MD","MEDICAL"
""com.irwaa.medicareminders","Medication Reminder & Tracker","MEDICAL"
""com.siv","Care to Translate","MEDICAL"
""com.laserriffic.lasertherapy","Laser Therapy Tips","MEDICAL"
""com.contentmaster.PTACMaster","PTA Content Master","MEDICAL"
""com.ags.beers","AGS Beers Criteria®","MEDICAL"
""com.graphicvizion.visualAnatomy3D","Visual Anatomy 3D - Human body","MEDICAL"
""com.belongtail.ai","BelongAI Dave - Cancer Mentor","MEDICAL"
""com.ronasoftstudios.earmaxfxpro","Microphone Amplifier","MEDICAL"
""com.roinova.ekgdx","EKGDX","MEDICAL"
""com.lcs.mmp.full","Manage My Pain Pro","MEDICAL"
""com.bryx.bryx911","Bryx Mobile","MEDICAL"
""com.nytimes.cooking","NYT Cooking","FOOD_AND_DRINK"
""com.extravirginventures.seedoilscout","Seed Oil Scout: Healthy Dining","FOOD_AND_DRINK"
""com.mealime","Mealime Meal Plans & Recipes","FOOD_AND_DRINK"
""vivino.web.app","Vivino: Buy the Right Wine","FOOD_AND_DRINK"
""com.pickuplimes.pulapp","Pick Up Limes","FOOD_AND_DRINK"
""com.tudorspan.recipekeeper","Recipe Keeper","FOOD_AND_DRINK"
""com.foodient.whisk","Samsung Food: Meal Planning","FOOD_AND_DRINK"
""com.cooklist.android","Cooklist: Pantry & Cooking App","FOOD_AND_DRINK"
""com.americastestkitchen.groceryapp","America's Test Kitchen","FOOD_AND_DRINK"
""com.untappdllc.app","Untappd: Find Beer You'll Love","FOOD_AND_DRINK"
""club.sorted.cook","Sidekick by Sorted Food","FOOD_AND_DRINK"
""com.anovaculinary.android","Anova Culinary","FOOD_AND_DRINK"
""com.hindsightlabs.paprika.android.v3","Paprika Recipe Manager 3","FOOD_AND_DRINK"
""com.stashbox.stashcook","Meal Planner & Recipe Keeper","FOOD_AND_DRINK"
""com.menu.maker","Menu Maker, Menu Templates","FOOD_AND_DRINK"
""fr.icuisto.icuisto","KITCHENPAL: Pantry Inventory","FOOD_AND_DRINK"
""com.warpkode.brewfather","Brewfather","FOOD_AND_DRINK"
""com.winesearcher","Wine-Searcher","FOOD_AND_DRINK"
""com.cfdrink","Mixel, Cocktail Recipes","FOOD_AND_DRINK"
""com.frm.fullyraw","FullyRaw by Kristina","FOOD_AND_DRINK"
""com.sdei.realplans.realplans","Real Plans - Meal Planner","FOOD_AND_DRINK"
""com.streamline.justtherecipe","Just the Recipe: Easy Cooking","FOOD_AND_DRINK"
""com.yinqs.weeklymealplanner","Meal Planner-Plan Weekly Meals","FOOD_AND_DRINK"
""com.cookbook.cbapp","CookBook - Recipe Manager","FOOD_AND_DRINK"
""com.deliciouslyella.delella","Deliciously Ella: Feel Better","FOOD_AND_DRINK"
""fr.recettetek","My Recipe Box: My Cookbook","FOOD_AND_DRINK"
""com.app.lovemanuela","Love, Manuela The Baking APP","FOOD_AND_DRINK"
""com.wholesomeyum.easyketoapp","Wholesome Yum","FOOD_AND_DRINK"
""com.platinumdiningclub.app","Eatz 365 Platinum Dining Club","FOOD_AND_DRINK"
""com.organizeat.android","OrganizEat | Recipe Keeper box","FOOD_AND_DRINK"
""com.bigoven.android","BigOven Recipes & Meal Planner","FOOD_AND_DRINK"
""fr.cookbook","COOKmate - My recipe organizer","FOOD_AND_DRINK"
""com.fivesechealth","Fivesec Health by Alexandra","FOOD_AND_DRINK"
""com.mufumbo.android.recipe.search","Cookpad recipes, daily cooking","FOOD_AND_DRINK"
""com.cookpad.android.activities","クックパッド -みんなが作ってる料理レシピで、ご飯をおいしく","FOOD_AND_DRINK"
""ott.emberstv","Embers TV","FOOD_AND_DRINK"
""com.sommtv","SOMM TV","FOOD_AND_DRINK"
""com.riatech.cookbook","Cookbook Recipes & Meal Plans","FOOD_AND_DRINK"
""de.jonahhadt.intoler","InTolerApp: Histamine & FODMAP","FOOD_AND_DRINK"
""com.cleanmondaymeals.app","Clean Monday Meals","FOOD_AND_DRINK"
""com.wearesovegan.app","SO VEGAN","FOOD_AND_DRINK"
""com.prepear.android","Prepear - Meal Planner, Grocer","FOOD_AND_DRINK"
""au.com.hellotable.heygrillhey","Hey Grill Hey BBQ Recipes","FOOD_AND_DRINK"
""com.plantyouplanner.app","PlantYou: Vegan Meal Planner","FOOD_AND_DRINK"
""com.mylittlefoodcritic","My Little Food Critic","FOOD_AND_DRINK"
""com.anthemventures.secretmenu","Starbucks Secret Menu: Drinks","FOOD_AND_DRINK"
""com.onlydrams.slb.only_drams","OnlyDrams","FOOD_AND_DRINK"
""com.forksoverknives.mealplanner","Forks Plant-Based Meal Planner","FOOD_AND_DRINK"
""net.cakecost.app","CakeCost","FOOD_AND_DRINK"
""com.littlelunchess.android","Little Lunches - Meal Planning","FOOD_AND_DRINK"
""co.peppertheapp.android","Pepper - Recipes with Friends","FOOD_AND_DRINK"
""com.goodbarber.loadedteas","Silver Lining Lessons","FOOD_AND_DRINK"
""com.openreply.pam","Pam App","FOOD_AND_DRINK"
""com.junelife.companion","June","FOOD_AND_DRINK"
""com.simplecookingtipsforfree.vinaigrettesandherbs","Vinaigrettes and Herbs","FOOD_AND_DRINK"
""com.nibbleapps.fitmencook","FitMenCook - Healthy Recipes","FOOD_AND_DRINK"
""club.sorted.books","Cookbooks by Sorted Food","FOOD_AND_DRINK"
""com.chestersw.foodlist","Food List Tracking & Shopping","FOOD_AND_DRINK"
""com.kptncook.app.kptncook","KptnCook Recipes, Cooking, Eat","FOOD_AND_DRINK"
""com.cooperbold.cocktailparty","Cocktail Party: Drink Recipes","FOOD_AND_DRINK"
""nikhil.frap","Starbucks Secret Menu","FOOD_AND_DRINK"
""com.kneadytechnologies.kneady","Kneady: Bread & Baking Recipes","FOOD_AND_DRINK"
""com.resx.nyc","ResX","FOOD_AND_DRINK"
""com.sidechef.sidechef","SideChef: Recipes & Meal Plans","FOOD_AND_DRINK"
""com.pocketlabs.groceryking2","Grocery AI: Shop, Cook, Pantry","FOOD_AND_DRINK"
""com.gasavings.citysaver.mobile.plus","City Saver Mobile Plus +","FOOD_AND_DRINK"
""com.riatech.fitberry","Healthy Recipes - Weight Loss","FOOD_AND_DRINK"
""com.recipeno.vegetarian_keto_recipes","Easy Keto Diet - Keto Recipes","FOOD_AND_DRINK"
""com.kurashiru","クラシル - 毎日の献立に！レシピ動画で料理がおいしく作れる","FOOD_AND_DRINK"
""figwee.com.figweevisualfooddiary","Figwee Visual Food Diary","FOOD_AND_DRINK"
""it.slowfood.osterie.edition2024","Osterie d'Italia 2024","FOOD_AND_DRINK"
""com.diet.recipes.meal.plan","Healthy Recipes & Meal Planner","FOOD_AND_DRINK"
""co.uk.bluepixl.glutenfreescanner","Gluten Free Scanner","FOOD_AND_DRINK"
""com.healthcenter.drmcdougalls.newApp","Dr. McDougall Mobile Cookbook","FOOD_AND_DRINK"
""com.delish.mobilechef","Delish recipe app","FOOD_AND_DRINK"
""app.oeni","Oeni - Wine cellar management","FOOD_AND_DRINK"
""com.shakeandstraincocktails","Shake and Strain Cocktails","FOOD_AND_DRINK"
""com.applikation.annabelkarmel","Annabel’s Baby Toddler Recipes","FOOD_AND_DRINK"
""com.appking.MyPantryTracker","My Pantry Tracker","FOOD_AND_DRINK"
""com.HarderuesCompany.YourFood","Your Food - No Waste Inventory","FOOD_AND_DRINK"
""com.desygner.menus","Price List & Menu Maker","FOOD_AND_DRINK"
""com.riatech.diabeticrecipes","Diabetic Recipes App & Planner","FOOD_AND_DRINK"
""com.endless.cookbook","Daily Recipes Cook Book","FOOD_AND_DRINK"
""com.aaltostudio.arabesquekitchen.android","Recipes by Arabesque Kitchen","FOOD_AND_DRINK"
""com.riatech.crockpotrecipes","Crockpot Recipes","FOOD_AND_DRINK"
""com.rstream.ketorecipes","Keto Recipes : Keto Diet App","FOOD_AND_DRINK"
""uk.co.resortmarketing.curryguy","The Curry Guy - Indian Recipes","FOOD_AND_DRINK"
""app.chefbot.client","ChefBot","FOOD_AND_DRINK"
""com.endless.smoothierecipes","Smoothie Recipes","FOOD_AND_DRINK"
""com.flat_salad_25575","a better meal - Meal Planner","FOOD_AND_DRINK"
""low.budget.recipes.app","Cheap Food Recipes App","FOOD_AND_DRINK"
""com.riatech.souprecipes","Soup Recipes app","FOOD_AND_DRINK"
""com.riatech.breakfastrecipes","Breakfast Recipes App","FOOD_AND_DRINK"
""dash.diet.meal.plan","Dash diet : Food Tracker","FOOD_AND_DRINK"
""paleo.diet.app","Paleo diet app: Diet tracker","FOOD_AND_DRINK"
""com.blkfry.cocktails","Cocktail Hobbyist - Recipes","FOOD_AND_DRINK"
""com.pearsonsoft.wedding.cake.decorating","Bakely Wedding Cake Decorating","FOOD_AND_DRINK"
""com.cookbook.fbm","foodbymaria Delicious Recipes","FOOD_AND_DRINK"
""de.pixelhouse","Chefkoch - Rezepte & Kochen","FOOD_AND_DRINK"
""com.riatech.indianRecipesNew","Indian Cooking Recipes App","FOOD_AND_DRINK"
""coffee.ibrew.ibrewcoffee","iBrewCoffee - Coffee Journal","FOOD_AND_DRINK"
""com.eatmoreplants","EatMorePlants – Vegan Recipes","FOOD_AND_DRINK"
""com.digisense.cocktailsart","Cocktail Art - Light Edition","FOOD_AND_DRINK"
""vyten.fitfoodiele","Fit Foodie Le","FOOD_AND_DRINK"
""com.skollabs.tipcalc","Tip Calculator","FOOD_AND_DRINK"
""com.insolence.recipes","iCook: Meal Planner & Recipes","FOOD_AND_DRINK"
""com.globakeryco.ohsheglows","Oh She Glows - Healthy Recipes","FOOD_AND_DRINK"
""jp.co.oceans_corp.nadia","Nadia - プロの料理家のおいしいレシピが満載","FOOD_AND_DRINK"
""com.gateauxsurmesure.app","My Cake Calculator","FOOD_AND_DRINK"
""com.robertparker.rp","Robert Parker","FOOD_AND_DRINK"
""uk.co.guardian.feast","Guardian Feast","FOOD_AND_DRINK"
""com.awardsense.aeromatic","Aeromatic: AeroPress Recipes","FOOD_AND_DRINK"
""com.gelostech.pocketbartender","Pocket Bartender - Cocktails","FOOD_AND_DRINK"
""com.oneabsolute.mealplanner","Plan Meals - Meal Planner","FOOD_AND_DRINK"
""org.thecarrollinstitute.database","Carroll Food Intolerance","FOOD_AND_DRINK"
""com.mybarapp.free","My Cocktail Bar","FOOD_AND_DRINK"
""it.ubisive.masterbiga","MasterBiga","FOOD_AND_DRINK"
""tv.every.delishkitchen","レシピ動画で料理を簡単‪に - デリッシュキッチン","FOOD_AND_DRINK"
""com.fittoservegroup.fittoserve.app","Fit To Serve Group","FOOD_AND_DRINK"
""com.studiokamay.coupe","Coupe - cocktail recipes","FOOD_AND_DRINK"
""com.aquila.diabetic.diet.diabetes.recipes.diabetics","Diabetes App - Diabetic Diet","FOOD_AND_DRINK"
""uk.co.theappdesigner.apps.androidvault","Vault 139","FOOD_AND_DRINK"
""com.my.cocktail.bar.classic.drink.recipes.easy.oldfashioned.by.ingredient.mixology.baretender","Cocktail Recipes Mixology App","FOOD_AND_DRINK"
""com.draughtPick","DraughtPick","FOOD_AND_DRINK"
""com.sizzlifyapp.android","Sizzlify Food: Recipe Cooking","FOOD_AND_DRINK"
""com.endless.healthyrecipes","Healthy Recipes","FOOD_AND_DRINK"
""com.ikdong.recipe.b01ciyurje","Instant Pressure Cooker Recipe","FOOD_AND_DRINK"
""com.audiencemedia.app5427","Bake From Scratch","FOOD_AND_DRINK"
""com.maz.combo208","Food Network Magazine US","FOOD_AND_DRINK"
""com.roastwin.mars","Sandbox Smart","FOOD_AND_DRINK"
""com.aduilio.recipes","My Cookbook","FOOD_AND_DRINK"
""ai.flavorish.app","Flavorish | Smart Recipe App","FOOD_AND_DRINK"
""com.ikdong.recipe.b078sk93zj","Keto One Pot Cookbook","FOOD_AND_DRINK"
""com.oneunifiedhome.eattogether","Eat Together: Meal Planner","FOOD_AND_DRINK"
""us.thatrecipe","That Recipe","FOOD_AND_DRINK"
""com.olioex.android","Olio — Share More, Waste Less","FOOD_AND_DRINK"
""com.specialtyproduce.android.sp","Specialty Produce","FOOD_AND_DRINK"
""com.miudigital.chefgpt","ChefGPT","FOOD_AND_DRINK"
""com.imbiblia.app","Imbiblia","FOOD_AND_DRINK"
""com.dishgen.dishgen","DishGen","FOOD_AND_DRINK"
""com.jojopagan.CraftMixologistAI","Mixology AI","FOOD_AND_DRINK"
""com.jojoapps.food_log_diary_diet_tracker","Daily Food Log - Meal Logger","FOOD_AND_DRINK"
""com.eduven.cc.mediterranean","All Mediterranean Diet Recipes","FOOD_AND_DRINK"
""com.ezhld.recipe","Korean Food Recipes","FOOD_AND_DRINK"
""healthy.smoothie.recipes","Easy smoothie recipes","FOOD_AND_DRINK"
""com.polydice.icook","愛料理 - 美食自己做","FOOD_AND_DRINK"
""keto.vegetarian.diet.plan","Keto Diet App - Veg Recipes","FOOD_AND_DRINK"
""low.carb.recipes.diet","Low carb recipes diet app","FOOD_AND_DRINK"
""com.compellingsoftware.privaterp","Grosh Intelligent Grocery List","FOOD_AND_DRINK"
""co.wiserapps.pregnancydiet","Pregnancy Diet: Recipes, Foods","FOOD_AND_DRINK"
""com.tost.gilles.frenchbreadrecipemaker","HOME Bread Recipe","FOOD_AND_DRINK"
""com.blackapps.kochbuch2","My Cookbook | All your recipes","FOOD_AND_DRINK"
""com.abethlehem.bible","베들레헴 성경 - Bethlehem Bible","FOOD_AND_DRINK"
""com.steve_brill.foraging_with_the_wildman","Foraging with the "Wildman"","FOOD_AND_DRINK"
""com.fatboyapp","Fat Boy","FOOD_AND_DRINK"
""com.digitalapps.pressurecooker","Instant Pot/Air Fryer Recipes","FOOD_AND_DRINK"
""com.calculadora_de_pan.gluten_morgen","Gluten Morgen","FOOD_AND_DRINK"
""com.ibuild.fooddiary","Food Diary - Food Tracker","FOOD_AND_DRINK"
""com.bitstem.vinomobile.wineprofiles","Wine Profiles & Varietals","FOOD_AND_DRINK"
""com.ninja.mobilechef","Ninja Foodi Recipes","FOOD_AND_DRINK"
""com.app.sibosafe","SiboSafe","FOOD_AND_DRINK"
""com.artemsuharev.timbu.myapplicationnew","Calculation of recipes","FOOD_AND_DRINK"
""com.appsniver.govegan","Go Vegan Recipes & Meal Plan","FOOD_AND_DRINK"
""com.smokelab","SmokeLab","FOOD_AND_DRINK"
""com.pddscsjrilyj.pniizjsqapp","You Can Heal You","FOOD_AND_DRINK"
""com.luckycreators.beerquiz","Beer Certification Quiz","FOOD_AND_DRINK"
""com.speedi.mobilechef","Ninja Speedi Recipes","FOOD_AND_DRINK"
""com.zils.weeklymenu","Weekly Menu","FOOD_AND_DRINK"
""digital.raisin","Raisin","FOOD_AND_DRINK"
""jp.tokyo_calendar.tokyocalendarandroid","東京カレンダー","FOOD_AND_DRINK"
""com.clanelite.exams.servsafe","ServSafe Practice Test 2024","FOOD_AND_DRINK"
""com.ajnsnewmedia.kitchenstories","Kitchen Stories: Recipes","FOOD_AND_DRINK"
""me.lwwd.mealplan","Recipe Calendar - Meal Planner","FOOD_AND_DRINK"
""com.asian.recipes.cg","Asian Recipes","FOOD_AND_DRINK"
""com.slowroadtripping.brewfecto","Brewfecto Coffee Calculator","FOOD_AND_DRINK"
""de.pnpq.restaurantlocator","Restaurant Locator Anywhere","FOOD_AND_DRINK"
""theappmatch.foodforfitness","Food For Fitness: Recipes App","FOOD_AND_DRINK"
""com.mybarapp.pro","My Cocktail Bar Pro","FOOD_AND_DRINK"
""com.pirocso.cuisine","Cuisine: Inventory and Recipes","FOOD_AND_DRINK"
""com.sourdough.mobilechef","Sourdough Discard Recipes","FOOD_AND_DRINK"
""com.interstitialllc.recipesocr","RecipeIQ: Recipe Organizer","FOOD_AND_DRINK"
""com.quarantadue.cocktails","Cocktails for Real Bartender","FOOD_AND_DRINK"
""info.amc.cookandgo","AMC Cook & Go","FOOD_AND_DRINK"
""com.materano.costorecetas","Cost Recipes","FOOD_AND_DRINK"
""com.app.veganbowls","Vegan Bowls: Plant Based Meals","FOOD_AND_DRINK"
""com.creami.mobilechef","Ninja Creami Ice Cream Recipes","FOOD_AND_DRINK"
""jlink.barback","BarBack - Cocktail Assistant","FOOD_AND_DRINK"
""jp.co.excite.woman.erecipe","E・レシピ　料理のプロが献立レシピを毎日提案","FOOD_AND_DRINK"
""com.aquila.ketodiet.ketogenicdiet.lowcarbrecipes","Keto Diet App - Keto Recipes","FOOD_AND_DRINK"
""com.cookpad.android.cookpad_tv","NATSLIVE","FOOD_AND_DRINK"
""com.dcmademedia.crushit","Crush'd","FOOD_AND_DRINK"
""com.appifany.cocktailbuilders","Cocktail Builder","FOOD_AND_DRINK"
""com.endless.souprecipe","Soup Recipes","FOOD_AND_DRINK"
""com.app.winegrapes","200+ Wine Grapes","FOOD_AND_DRINK"
""com.endless.juicerecipes","Juice Recipes","FOOD_AND_DRINK"
""com.foomingo.app","Foomingo","FOOD_AND_DRINK"
""uk.co.florisbooks.whenwinetastesbest","When Wine Tastes Best","FOOD_AND_DRINK"
""com.endless.a15minuterecipes","15 Minutes Recipes","FOOD_AND_DRINK"
""com.sgm.recipe.souppro","200+ Soup Recipes","FOOD_AND_DRINK"
""com.riatech.barbecueRecipesNew","Barbecue Recipes: Grilled Meat","FOOD_AND_DRINK"
""com.lemon.lvoverseas","CapCut - Video Editor","VIDEO_PLAYERS"
""com.gopro.smarty","GoPro Quik: Video Editor","VIDEO_PLAYERS"
""com.smartaddx.vicohome","VicoHome: Security Camera App","VIDEO_PLAYERS"
""com.cyberlink.powerdirector.DRA140225_01","PowerDirector - Video Editor","VIDEO_PLAYERS"
""com.yunyi.smartcamera","YI IoT","VIDEO_PLAYERS"
""io.invideo.ai","invideo AI: Video Generator","VIDEO_PLAYERS"
""com.rumble.battles","Rumble","VIDEO_PLAYERS"
""com.wondershare.filmorago","Filmora：AI Video Editor, Maker","VIDEO_PLAYERS"
""com.nexstreaming.app.kinemasterfree","KineMaster-Video Editor&Maker","VIDEO_PLAYERS"
""ar.tvplayer.tv","TiviMate IPTV Player","VIDEO_PLAYERS"
""com.lightricks.videoleap","Videoleap: AI Video Editor","VIDEO_PLAYERS"
""com.quvideo.xiaoying","VivaVideo - Video Editor&Maker","VIDEO_PLAYERS"
""com.splice.video.editor","Splice - Video Editor & Maker","VIDEO_PLAYERS"
""video.editor.videomaker.effects.fx","AI Video Editor: ShotCut AI","VIDEO_PLAYERS"
""com.funcamerastudio.videomaker","Video Maker Music Video Editor","VIDEO_PLAYERS"
""bigvu.com.reporter","BIGVU Teleprompter & Captions","VIDEO_PLAYERS"
""com.vistring.blink.android","Blink: Captions & Teleprompter","VIDEO_PLAYERS"
""com.magisto","Magisto - Video Editor & Music","VIDEO_PLAYERS"
""com.camerasideas.trimmer","YouCut - Video Editor & Maker","VIDEO_PLAYERS"
""com.alightcreative.motion","Alight Motion","VIDEO_PLAYERS"
""screenmirroring.casttotv.tvcast.chromecast","Cast to TV - Screen Mirroring","VIDEO_PLAYERS"
""co.onese.android","1 Second Everyday Video Diary","VIDEO_PLAYERS"
""screenrecorder.recorder.editor","Screen Recorder Video Recorder","VIDEO_PLAYERS"
""com.recorder.screen.handy","Screen Recorder Video Recorder","VIDEO_PLAYERS"
""com.videoeditorpro.android","Video Editor APP - VivaCut","VIDEO_PLAYERS"
""com.xvideostudio.videoeditor","Video Editor & Maker VideoShow","VIDEO_PLAYERS"
""com.camera.secretvideorecorder","background video recorder","VIDEO_PLAYERS"
""com.smarterspro.smartersprotv","Smarters Pro","VIDEO_PLAYERS"
""com.alldigital.android.livingscriptures","Living Scriptures","VIDEO_PLAYERS"
""com.youcam.videoeditor.reface.makeup","YouCam Video Editor & Retouch","VIDEO_PLAYERS"
""com.microapps.screenmirroring","Screen Mirroring - Cast to TV","VIDEO_PLAYERS"
""com.streamlabs","Streamlabs: Live Streaming","VIDEO_PLAYERS"
""com.vimeocreate.videoeditor.moviemaker","Vimeo Create - Video Editor","VIDEO_PLAYERS"
""com.nocap.captions","Captions: For Talking Videos","VIDEO_PLAYERS"
""com.lightricks.videoboost","Boosted Ad Maker by Lightricks","VIDEO_PLAYERS"
""com.accordion.prettyo","PrettyUp - Video Body Editor","VIDEO_PLAYERS"
""com.luma_touch.lumafusion","LumaFusion: Pro Video Editing","VIDEO_PLAYERS"
""vidma.screenrecorder.videorecorder.videoeditor.pro","Screen Recorder - Vidma Record","VIDEO_PLAYERS"
""com.promptsmart.promptsmart","PromptSmart+","VIDEO_PLAYERS"
""com.mevo.multicam","Logitech Mevo Multicam","VIDEO_PLAYERS"
""videoeditor.videomaker.slideshow.fotoplay","Video Maker & Photo Music","VIDEO_PLAYERS"
""com.videocreator.android","iCut: Video Editor & Maker","VIDEO_PLAYERS"
""com.adobe.premiererush.videoeditor","Adobe Premiere Rush: Video","VIDEO_PLAYERS"
""com.vtool.photovideomaker.slideshow.videoeditor","Photo Video Maker With Music","VIDEO_PLAYERS"
""videoeditor.videomaker.videoeditorforyoutube","Video Maker","VIDEO_PLAYERS"
""com.boostvision.player.iptv","IPTV Player: Watch Live TV","VIDEO_PLAYERS"
""com.videoshop.app","Videoshop - Video Editor","VIDEO_PLAYERS"
""com.meitu.wink","Wink - Video Enhancing Tool","VIDEO_PLAYERS"
""de.twokit.video.tv.cast.browser.firetv.pro","TV Cast Pro for Fire TV","VIDEO_PLAYERS"
""iplayer.and.new.com","lPlayer - Offline Video Player","VIDEO_PLAYERS"
""vidma.video.editor.videomaker","AI Video Editor - Vidma AI Cut","VIDEO_PLAYERS"
""com.pt.auto.background.video.recorder.hidden.camera","Auto Background Video Recorder","VIDEO_PLAYERS"
""com.ipc360home","IPC360 Home","VIDEO_PLAYERS"
""de.twokit.video.tv.cast.browser.lg.pro","TV Cast Pro for LG webOS","VIDEO_PLAYERS"
""de.twokit.video.tv.cast.browser.roku.pro","TV Cast Pro for Roku","VIDEO_PLAYERS"
""com.instantbits.cast.webvideo","Web Video Cast | Browser to TV","VIDEO_PLAYERS"
""com.snaptik.app.snaptik.snaptick10","SnapTick - Download Video TT","VIDEO_PLAYERS"
""videoeditor.videorecorder.screenrecorder","Screen Recorder - XRecorder","VIDEO_PLAYERS"
""com.tianxingjian.screenshot","Screen Recorder+Video Recorder","VIDEO_PLAYERS"
""com.picadelic.moshow","MoShow Slideshow Maker Video","VIDEO_PLAYERS"
""com.vaultmicro.camerafi.live","CameraFi Live","VIDEO_PLAYERS"
""com.tera.provid.iplayer","Provid - Video Player","VIDEO_PLAYERS"
""instasaver.videodownloader.photodownloader.repost","Video Downloader - Story Saver","VIDEO_PLAYERS"
""com.livestream.mevo","Logitech Mevo","VIDEO_PLAYERS"
""com.avcrbt.funimate","Funimate Video Editor & Maker","VIDEO_PLAYERS"
""com.elven.video","VideoGPT - AI Video Generator","VIDEO_PLAYERS"
""us.rec.screen","REC - Screen | Video Recorder","VIDEO_PLAYERS"
""com.cyberlink.actiondirector","ActionDirector - Video Editing","VIDEO_PLAYERS"
""com.hunantv.imgo.activity.inter","MangoTV","VIDEO_PLAYERS"
""com.jugaadsoft.removeunwantedobject","Remove Objects - Photo & Video","VIDEO_PLAYERS"
""tiktok.video.downloader.nowatermark.tiktokdownload","Download video no watermark","VIDEO_PLAYERS"
""com.bilibili.app.in","bilibili-弹幕动画直播高清视频","VIDEO_PLAYERS"
""video.player.videoplayer","Video Player All Format","VIDEO_PLAYERS"
""com.sarafan.boomerang","Boomerang Video Maker & Loops","VIDEO_PLAYERS"
""com.frontrow.vlog","VN - Video Editor & Maker","VIDEO_PLAYERS"
""com.bpva.video.player.free","All Video Player Media Player","VIDEO_PLAYERS"
""com.deidentification.studio","D-ID: AI Video Generator","VIDEO_PLAYERS"
""com.editor.video.photoslideshow.videomaker","Photo Video Maker with Music","VIDEO_PLAYERS"
""cn.bluepulse.caption","Zeemo: Captions & Subtitles","VIDEO_PLAYERS"
""fnzstudios.com.videocrop","Crop, Cut & Trim Video Editor","VIDEO_PLAYERS"
""com.darinsoft.vimo","VLLO, My First Video Editor","VIDEO_PLAYERS"
""se.hedekonsult.sparkle","Sparkle TV - IPTV Player","VIDEO_PLAYERS"
""tr.com.mobilus.invidyo","Invidyo","VIDEO_PLAYERS"
""com.real.RealPlayerMobile","RealPlayer","VIDEO_PLAYERS"
""com.video_converter.video_compressor","Compress Video Size Compressor","VIDEO_PLAYERS"
""com.captionsai","Subtitles & Captions for video","VIDEO_PLAYERS"
""com.thinkyeah.galleryvault","Gallery Vault-Hide Photo Video","VIDEO_PLAYERS"
""com.yantech.zoomerang","Zoomerang - Ai Video Maker","VIDEO_PLAYERS"
""com.bongasoft.blurimagevideo","Blur Video and Photo Editor","VIDEO_PLAYERS"
""com.iptv.smart.smarters.player.stream.tv.live.watch.streaming.chromecast","IPTV Smart Player Pro","VIDEO_PLAYERS"
""glitchvideoeditor.videoeffects.glitchvideoeffect","Video Editor&Maker - VideoCook","VIDEO_PLAYERS"
""com.renderforest.videomaker","Renderforest Video & Animation","VIDEO_PLAYERS"
""com.ottplay.ottplay","Televizo - IPTV player","VIDEO_PLAYERS"
""com.vtool.screenrecorder.screenrecording.videoeditor","Screen Recorder - eRecorder","VIDEO_PLAYERS"
""ins.freevideodownload.pro","Video Downloader: Story Video","VIDEO_PLAYERS"
""de.twokit.video.tv.cast.browser.samsung.pro","TV Cast Pro for Samsung TV","VIDEO_PLAYERS"
""com.virtual.video.i18n","Virbo-AI Video & AI Generator","VIDEO_PLAYERS"
""com.blueirissoftware.blueiris","Blue Iris","VIDEO_PLAYERS"
""com.picardia.nacional","Picardía Nacional: Cine MX","VIDEO_PLAYERS"
""video.downloader.videodownloader","Video Downloader","VIDEO_PLAYERS"
""com.video.master","Wonder Video Editor Crop Video","VIDEO_PLAYERS"
""com.braincraftapps.droid.gifmaker","GIF maker & editor - GifBuz","VIDEO_PLAYERS"
""com.boomerang.video.maker.looper.boomerit","Boomerit Boomerang Video Maker","VIDEO_PLAYERS"
""com.hld.anzenbokusucal","Calculator - photo vault","VIDEO_PLAYERS"
""app.video.converter","Video Converter-ConverterBlack","VIDEO_PLAYERS"
""slideshow.videomaker.music.photoslideshow","Photo Video Maker - InSlide","VIDEO_PLAYERS"
""com.boost.cast.universal","Cast to TV - Screen Mirroring","VIDEO_PLAYERS"
""com.hecorat.screenrecorder.free","Screen Recorder - AZ Recorder","VIDEO_PLAYERS"
""videoeditor.videomaker.aieffect","AI Video Enhancer - Utool","VIDEO_PLAYERS"
""de.twokit.castbrowsernexusplayer.pro","TV Cast Pro for Android TV","VIDEO_PLAYERS"
""com.mvas.stb.emu.pro","StbEmu (Pro)","VIDEO_PLAYERS"
""video.downloader.tiktok.instagram.file.saver.vault","X Video Downloader & Player","VIDEO_PLAYERS"
""com.saveinsta.app.savevideo.saveclip","SaveVideo - No Watermark & HD","VIDEO_PLAYERS"
""com.audio.mp3cutter.videotoaudio","Video to MP3 Convert","VIDEO_PLAYERS"
""com.futuremoments.audiofixpro","AudioFix: Video Volume Booster","VIDEO_PLAYERS"
""com.video.videorecord.backgroundvideorecorder","Background Video Recorder","VIDEO_PLAYERS"
""com.tempo.video.edit","Tempo - Music Video Maker","VIDEO_PLAYERS"
""com.utorrent.client.pro","µTorrent® Pro - Torrent App","VIDEO_PLAYERS"
""com.pandavideocompressor","Panda Video Compress & Convert","VIDEO_PLAYERS"
""com.wevideo.mobile.android","Video Editor","VIDEO_PLAYERS"
""com.videoeditor.reducesizevideo.videocompressor","Video compressor - Reduce size","VIDEO_PLAYERS"
""com.smartcast.android","Smart Cast TV -Phone Projector","VIDEO_PLAYERS"
""com.movavi.mobile.movaviclips","Movavi Clips - Video Editor","VIDEO_PLAYERS"
""com.shenyaocn.android.usbcamerapro","USB Camera Pro","VIDEO_PLAYERS"
""com.editor.slideshow.videoeditor.videomaker.music","Photo Video Maker with Music","VIDEO_PLAYERS"
""com.utorrent.client","µTorrent®- Torrent Downloader","VIDEO_PLAYERS"
""com.alexvas.dvr.pro","tinyCam Monitor PRO for IP Cam","VIDEO_PLAYERS"
""com.kamivision.yismart","YI Smart","VIDEO_PLAYERS"
""com.myiptvonline.implayerm","iMPlayer Mobile IPTV Player","VIDEO_PLAYERS"
""com.gzch.lsapp.bitdogbro","LongPlus","VIDEO_PLAYERS"
""io.urobots.travelboast","TravelBoast™ My Journey Routes","VIDEO_PLAYERS"
""cast.video.screenmirroring.casttotv","Cast to TV, Chromecast & Roku","VIDEO_PLAYERS"
""music.videomaker.slideshow","MVideo - Music Video Maker","VIDEO_PLAYERS"
""com.lite.tera.iplayerbox","iPlayer Lite- Video Plalyer","VIDEO_PLAYERS"
""com.all.social.video.downloader","Video Downloader: All Socials","VIDEO_PLAYERS"
""com.travelanimator.routemap","TravelAnimator・Journey Route","VIDEO_PLAYERS"
""com.cyberlink.addirector","Promeo - Story & Reels Maker","VIDEO_PLAYERS"
""com.laika.kinetictypovid","AutoCap: captions & subtitles","VIDEO_PLAYERS"
""com.mb.android","Emby for Android","VIDEO_PLAYERS"
""org.atomixproductions.VirtualDJRemote","VirtualDJ Remote","VIDEO_PLAYERS"
""com.sensustech.mytvcast","Screen Mirroring & TV Miracast","VIDEO_PLAYERS"
""iptv.pro.player.m3u8.chromecast","IPTV Player Smart TV Streaming","VIDEO_PLAYERS"
""com.getchannels.app","Channels for HDHomeRun","VIDEO_PLAYERS"
""com.perfect365.video","Perfect365 Video Makeup Editor","VIDEO_PLAYERS"
""com.damtechdesigns.purepixel","PureStatus: ByeBye Blur Status","VIDEO_PLAYERS"
""com.imgur.mobile","Imgur: Funny Memes & GIF Maker","VIDEO_PLAYERS"
""com.picastory.ins.editor","FaceShow: Face Swap Video","VIDEO_PLAYERS"
""com.jeyluta.timestampcamera","Timestamp Camera Pro","VIDEO_PLAYERS"
""com.momenzo.momenzo","Momenzo: The Listing Video App","VIDEO_PLAYERS"
""com.videoconverter.videocompressor","Video Compressor & Converter","VIDEO_PLAYERS"
""com.futuremoments.videoverb","VideoVerb: Add Reverb to Video","VIDEO_PLAYERS"
""com.ryzenrise.intromaker","Intro Maker -video intro outro","VIDEO_PLAYERS"
""tv.emby.embyatv","Emby for Android TV","VIDEO_PLAYERS"
""org.mediaflyer.mp3converter","Any MP3 Converter -Extract MP3","VIDEO_PLAYERS"
""co.mixcord.mixcaptions","MixCaptions Add Text, Subtitle","VIDEO_PLAYERS"
""iptv.app","Smart IPTV","VIDEO_PLAYERS"
""com.dcsapp.iptv","NexTv IPTV player","VIDEO_PLAYERS"
""com.biel.opus.mediaplayer","OPUS IPTV Smarters Player Live","VIDEO_PLAYERS"
""photoslideshow.videomaker.slideshow.fotoslider","Photo SlideShow & Video Maker","VIDEO_PLAYERS"
""com.feraset.dub","Dub AI - AI Video Translator","VIDEO_PLAYERS"
""com.softmedia.receiver","AirReceiver AirPlay Cast DLNA","VIDEO_PLAYERS"
""com.myiptvonline.implayer","iMPlayer TV IPTV Player","VIDEO_PLAYERS"
""ai.hypernatural.stories","Hypernatural: AI Video Stories","VIDEO_PLAYERS"
""mobidev.apps.vd.pro","Video Downloader Pro","VIDEO_PLAYERS"
""com.screen.mirroring.cast.tv","Screen Mirroring for all TV","VIDEO_PLAYERS"
""com.futuremoments.videomasterpro","VideoMaster Video Sound Editor","VIDEO_PLAYERS"
""top.reelme.reelplayer","Reel Player - Video Player","VIDEO_PLAYERS"
""io.synople.mideo","Mideo - Listen to Music while ","VIDEO_PLAYERS"
""com.screencastomatic.app","Screen Recorder • Video Editor","VIDEO_PLAYERS"
""com.birdinox.videonoisecleaner","Video Noise Cleaner - ByeNoise","VIDEO_PLAYERS"
""com.wondershare.filmora","FilmoraHD - Video Creator","VIDEO_PLAYERS"
""com.raytechnoto.video.compressor.converter","Compress Video: Downsize Video","VIDEO_PLAYERS"
""com.blurams.ipc","blurams","VIDEO_PLAYERS"
""vinkle.video.editor","Beat.ly: AI music video maker","VIDEO_PLAYERS"
""com.gsetech.smartiptv2","GSE SMART IPTV PRO","VIDEO_PLAYERS"
""com.strawberry.playlet","草莓劇場","VIDEO_PLAYERS"
""com.accarunit.motionvideoeditor","Motion Ninja Video Editor","VIDEO_PLAYERS"
""com.delphicoder.flud.paid","Flud+","VIDEO_PLAYERS"
""com.wallisonfx.videovelocity","Video Velocity: Slow Motion HD","VIDEO_PLAYERS"
""kallossoft.videostabilizer","Shaky Video Stabilizer","VIDEO_PLAYERS"
""com.alienstagecraft.oscrfr","oscRFR","VIDEO_PLAYERS"
""de.twokit.video.tv.cast.browser.sony.pro","TV Cast Pro for Sony TV","VIDEO_PLAYERS"
""com.mca.iptvplayer.new","Xtream IPTV","VIDEO_PLAYERS"
""beat.music.motion.tempo.video.editor.filmola","AI Chat RPG Game, AI Character","VIDEO_PLAYERS"
""ru.iptvremote.android.iptv.pro","IPTV Pro","VIDEO_PLAYERS"
""com.videoeditor.motionfastslow","SlowMo・Slow Motion Video Maker","VIDEO_PLAYERS"
""com.braincraftapps.cropvideos","Video Crop :editor, trim & cut","VIDEO_PLAYERS"
""com.youtv.android","YouTV german TV in your pocket","VIDEO_PLAYERS"
""com.cpr.videoeffect.pro","Video FX Effect Maker","VIDEO_PLAYERS"
""app.headliner.headliner","Headliner.App - Podcast Videos","VIDEO_PLAYERS"
""de.twokit.video.tv.cast.browser.ultimate","TV Cast | Ultimate Edition","VIDEO_PLAYERS"
""free.video.downloader.converter.music","Video Downloader, Download All","VIDEO_PLAYERS"
""de.twokit.castbrowser","TV Cast for Chromecast","VIDEO_PLAYERS"
""ins.story.unfold","Mivo: Face swap video bride","VIDEO_PLAYERS"
""com.bittorrent.client.pro","BitTorrent Pro - Torrent App","VIDEO_PLAYERS"
""com.real.RealPlayerCloud","RealTimes Video Maker","VIDEO_PLAYERS"
""borama.co.zoomplayer","Looper! Loop Video Player","VIDEO_PLAYERS"
""bitstory.story.maker.animated.storymaker","Instory | Story Video Maker","VIDEO_PLAYERS"
""com.btbapps.camera.videorecorder.bvr","Background Video Recorder(BVR)","VIDEO_PLAYERS"
""chromecast.tv.cast.caster","Cast to Chromecast - Screen mi","VIDEO_PLAYERS"
""com.audible.application","Audible: Audio Entertainment","BOOKS_AND_REFERENCE"
""com.read.goodnovel","GoodNovel - Web Novel, Fiction","BOOKS_AND_REFERENCE"
""com.qidian.Int.reader","WebNovel","BOOKS_AND_REFERENCE"
""com.ancestry.android.apps.ancestry","Ancestry: Family History & DNA","BOOKS_AND_REFERENCE"
""com.dreame.reader","Dreame-Read Romance Stories","BOOKS_AND_REFERENCE"
""com.app.android.qw.readink","Readink - Read Good Web Novel","BOOKS_AND_REFERENCE"
""com.colt","GALATEA: Novels & Audiobooks","BOOKS_AND_REFERENCE"
""com.newreading.meganovel","MegaNovel: Fictions & Webnovel","BOOKS_AND_REFERENCE"
""com.qvon.novellair","Novellair-Your Book Nook","BOOKS_AND_REFERENCE"
""com.qvon.novelbar","NovelBar-Your Reading Haven","BOOKS_AND_REFERENCE"
""com.changdu.ereader","MoboReader","BOOKS_AND_REFERENCE"
""com.kw.fournovel","MetroNovel - Let Stories Shine","BOOKS_AND_REFERENCE"
""gm.passion.app","My Passion: Reading App","BOOKS_AND_REFERENCE"
""io.alpha.novel","AlphaNovel — Books & Stories","BOOKS_AND_REFERENCE"
""com.joyreading.wehear","Wehear - Audiobooks & Stories","BOOKS_AND_REFERENCE"
""com.cliffweitzman.speechify2","Speechify Text to Speech Voice","BOOKS_AND_REFERENCE"
""com.webfic.novel","Webfic - Fantastic Reading","BOOKS_AND_REFERENCE"
""com.hifiction.novel.android","JoyLit","BOOKS_AND_REFERENCE"
""com.whaledream.novel","Joyread","BOOKS_AND_REFERENCE"
""com.oasis.noveloasis","NovelOasis-Romance & Webnovel","BOOKS_AND_REFERENCE"
""app.hallow.android","Hallow: Prayer & Meditation","BOOKS_AND_REFERENCE"
""com.kw.literie","Literie-Endless Stories Await","BOOKS_AND_REFERENCE"
""com.zhangyue.read.rosanovela","Novelmates-Stories&Novels","BOOKS_AND_REFERENCE"
""com.scribd.app.reader0","Everand: Ebooks and audiobooks","BOOKS_AND_REFERENCE"
""com.stardust.kissreader","Kiss: Read & Write Romance","BOOKS_AND_REFERENCE"
""wp.wattpad","Wattpad - Read & Write Stories","BOOKS_AND_REFERENCE"
""com.goodfic.novel","Goodfic - Web Novel & Story","BOOKS_AND_REFERENCE"
""com.aynovel.vixs","Hinovel","BOOKS_AND_REFERENCE"
""com.zhangyue.read.ireaderpor","Fatednovel- Web novel & Story","BOOKS_AND_REFERENCE"
""com.magfic.novel.buu","Magfic - Read Novels & Stories","BOOKS_AND_REFERENCE"
""com.novelshort.book","NovelShort","BOOKS_AND_REFERENCE"
""com.zhangyue.read.novelreader","NovelsReader","BOOKS_AND_REFERENCE"
""com.fic.buenovela","Buenovela - Webnovel & Stories","BOOKS_AND_REFERENCE"
""com.yestory.cc.ebook","Yestory-Good Novel and Story","BOOKS_AND_REFERENCE"
""com.zhangyue.read.novelworld","NovelWorld - Enjoy novels","BOOKS_AND_REFERENCE"
""com.zhangyue.read.storyaholic","Storyaholic-Novel & Fiction","BOOKS_AND_REFERENCE"
""com.tapon.read","Tapon","BOOKS_AND_REFERENCE"
""com.zhangyue.read.novelzoom","NovelZoom","BOOKS_AND_REFERENCE"
""com.audiobooks.androidapp","Audiobooks.com: Books & More","BOOKS_AND_REFERENCE"
""com.noahclient","Radish Fiction","BOOKS_AND_REFERENCE"
""com.wromance.mobile","Tempt: Romance Audiobooks","BOOKS_AND_REFERENCE"
""com.zhangyue.read.fancyread","FancyRead","BOOKS_AND_REFERENCE"
""com.novelsago.cz","Novelsago","BOOKS_AND_REFERENCE"
""com.dwellapp.dwell","Dwell: Audio Bible","BOOKS_AND_REFERENCE"
""com.fiction.me","FictionMe: Stories & Novels","BOOKS_AND_REFERENCE"
""com.kobobooks.android","Kobo Books - eBooks Audiobooks","BOOKS_AND_REFERENCE"
""com.chereads.reader","Chereads","BOOKS_AND_REFERENCE"
""com.rnovel.android.app","NovelFlow","BOOKS_AND_REFERENCE"
""com.jr.cdxs.ereader","ReadNow - My CEO Daddy -Novels","BOOKS_AND_REFERENCE"
""com.ascension.app","Ascension | Bible & Catechism","BOOKS_AND_REFERENCE"
""com.dreame.unlimited.gp","Starynovel: Read Novel & Story","BOOKS_AND_REFERENCE"
""com.mobisystems.msdict.embedded.wireless.collins.ee","Talk & Translate - Translator","BOOKS_AND_REFERENCE"
""com.novel.fiction.read.story.book","Readict -One Click Away Novels","BOOKS_AND_REFERENCE"
""jp.bookwalker.kreader.android.epub","BOOK WALKER - Manga & Novels","BOOKS_AND_REFERENCE"
""com.wuxiaworld.mobile","Wuxiaworld","BOOKS_AND_REFERENCE"
""com.bloomhut.novelhaven","BloomHut - Werewolf&iRomance","BOOKS_AND_REFERENCE"
""air.com.myheritage.mobile","MyHeritage: Family Tree & DNA","BOOKS_AND_REFERENCE"
""com.zhangyue.read.novelnew","Novel+","BOOKS_AND_REFERENCE"
""com.adoread.book","Adoread: Romance Story","BOOKS_AND_REFERENCE"
""com.cozyread.app","CozyRead - Explore Reading","BOOKS_AND_REFERENCE"
""com.multibook.read.novellink","Novelink","BOOKS_AND_REFERENCE"
""com.dailyfm.star.reading","DailyFM: Audiobooks & Stories","BOOKS_AND_REFERENCE"
""com.changdu.spainreader","Manobook - Los Besos de Jacob ","BOOKS_AND_REFERENCE"
""com.aynovel.landxs","PickNovel - Novels & Stories","BOOKS_AND_REFERENCE"
""topstory.fiction.novel","Fictio - Good Novels, Stories","BOOKS_AND_REFERENCE"
""com.multibook.read.favoread","Favoread","BOOKS_AND_REFERENCE"
""com.scribd.app.reader0.docs","Scribd: 170M+ documents","BOOKS_AND_REFERENCE"
""com.dipsea","Dipsea – Spicy Audiobooks","BOOKS_AND_REFERENCE"
""com.master.novel","NovelMaster","BOOKS_AND_REFERENCE"
""com.sago.novel","Sago - Novel","BOOKS_AND_REFERENCE"
""com.zhangyue.read","iReader-Novels, Romance Story","BOOKS_AND_REFERENCE"
""com.embria.freefm","WhisperFM - Romance Novels","BOOKS_AND_REFERENCE"
""com.nhn.android.nbooks","SERIES","BOOKS_AND_REFERENCE"
""com.heartify.app","Heartify Novel","BOOKS_AND_REFERENCE"
""com.reelshortnovel.reader","ReelShort Novel","BOOKS_AND_REFERENCE"
""biblereader.olivetree","Bible App by Olive Tree","BOOKS_AND_REFERENCE"
""com.basmo.BibleChat","Bible Chat - Christian Prayer","BOOKS_AND_REFERENCE"
""com.tecarta.TecartaBible","Life Bible","BOOKS_AND_REFERENCE"
""com.booksource.novelread","NovelRead","BOOKS_AND_REFERENCE"
""com.suenovela.reader","Sueñovela","BOOKS_AND_REFERENCE"
""com.novelwolf.app","NovelWolf-Werewolf Story Novel","BOOKS_AND_REFERENCE"
""com.lemonovel.app","Wownovel - Ebook Reader","BOOKS_AND_REFERENCE"
""com.changdu.ereader3.en","WeRead - My CEO Daddy, Sweet T","BOOKS_AND_REFERENCE"
""com.webtoons.yonder","YONDER: Fiction & Books","BOOKS_AND_REFERENCE"
""com.vitotechnology.sky.tonight.map.star.walk","Sky Tonight - Star Gazer Guide","BOOKS_AND_REFERENCE"
""com.zhangyun.bravo","Bravonovel - Fictions & Webnov","BOOKS_AND_REFERENCE"
""com.tibok.app","MiniNovel-Find Short Novels","BOOKS_AND_REFERENCE"
""com.exodus90.app","Exodus 90: The #1 Freedom App","BOOKS_AND_REFERENCE"
""com.pocketfm.novel","Pocket Novels","BOOKS_AND_REFERENCE"
""kr.co.millie.millieshelf","밀리의 서재 - 독서와 무제한 친해지리","BOOKS_AND_REFERENCE"
""com.lycan.fiction","LycanFiction -Werewolf&Romance","BOOKS_AND_REFERENCE"
""io.readsy.app","Readsy: Books and Stories","BOOKS_AND_REFERENCE"
""com.zhangyue.read.storytube","Storysome - Books,Web Novel","BOOKS_AND_REFERENCE"
""com.zhangyue.read.storyroom","Storyroom-Romance Stories","BOOKS_AND_REFERENCE"
""org.readera.premium","ReadEra Premium – ebook reader","BOOKS_AND_REFERENCE"
""grit.storytel.app","Storytel: Audiobooks & Ebooks","BOOKS_AND_REFERENCE"
""com.zhangyue.read.favornovel","FavorNovel - Story, Web novels","BOOKS_AND_REFERENCE"
""kjv.bible.kingjamesbible","King James Bible - Verse+Audio","BOOKS_AND_REFERENCE"
""com.read.novel.topnovel","TopNovel","BOOKS_AND_REFERENCE"
""net.novelfox.novelcat","NovelCat - Reading & Writing","BOOKS_AND_REFERENCE"
""dmw.mangacat.app","HandyNovel - For Popular Novel","BOOKS_AND_REFERENCE"
""com.mobisystems.msdict.embedded.wireless.oxford.dictionaryofenglish","Oxford Dictionary & Thesaurus","BOOKS_AND_REFERENCE"
""com.lycan.novel","LycanNovel - Werewolf &Romance","BOOKS_AND_REFERENCE"
""com.logos.androidlogos","Logos Bible Study App","BOOKS_AND_REFERENCE"
""com.multibook.read.forNovel","ForNovel","BOOKS_AND_REFERENCE"
""com.bjz.romanfic","Romanfic - Romance & Werewolf","BOOKS_AND_REFERENCE"
""com.NotYetMedia.RoyalRoad","Royal Road - Read Stories","BOOKS_AND_REFERENCE"
""kr.munpia.forandroid","문피아 - 웹소설의 유토피아","BOOKS_AND_REFERENCE"
""com.csnmedia.android.bg","Bible Gateway","BOOKS_AND_REFERENCE"
""com.softissimo.reverso.context","Reverso Translate and Learn","BOOKS_AND_REFERENCE"
""com.ringdom.reader","Ringdom","BOOKS_AND_REFERENCE"
""com.glorify.app","Glorify | Prayer & Devotional","BOOKS_AND_REFERENCE"
""com.mcdz.novelplant","Novelplant- Web Novel, Fiction","BOOKS_AND_REFERENCE"
""com.opomah.app","Onlynovel, reader of novels","BOOKS_AND_REFERENCE"
""com.crtech.yaread","Yaread","BOOKS_AND_REFERENCE"
""com.novelpoly.app","NovelPoly - Read Good Novels","BOOKS_AND_REFERENCE"
""com.mmmoussa.iqra","Tarteel - ترتيل | Quran App","BOOKS_AND_REFERENCE"
""com.quranly.app","Quranly","BOOKS_AND_REFERENCE"
""com.bf.aistory","AI Story Generator Novel Maker","BOOKS_AND_REFERENCE"
""com.flyersoft.moonreaderp","Moon+ Reader Pro","BOOKS_AND_REFERENCE"
""net.tonysoft.bookmory","Bookmory - reading tracker","BOOKS_AND_REFERENCE"
""com.yhxc.wolffiction","WolfFiction - Werewolf&Romance","BOOKS_AND_REFERENCE"
""com.zhangyue.read.novelful","Novelful - Romance Story","BOOKS_AND_REFERENCE"
""com.spanishdict.spanishdict","SpanishDictionary.com Learning","BOOKS_AND_REFERENCE"
""com.novelmobl.novelenders","Novelenders-Read&Write Novels","BOOKS_AND_REFERENCE"
""com.pleco.chinesesystem","Pleco Chinese Dictionary","BOOKS_AND_REFERENCE"
""com.dreamebooks.reader","Romance Novel - Good Web Novel","BOOKS_AND_REFERENCE"
""com.askmedia.meb","Meb : หนังสือดี นิยายดัง","BOOKS_AND_REFERENCE"
""com.ximalaya.ting.himalaya","Himalaya: Stories and Courses","BOOKS_AND_REFERENCE"
""amen.blessed.app","Blessed - Daily Verse & Prayer","BOOKS_AND_REFERENCE"
""com.jr.cdxs.spain","Novella-Novels and Fiction","BOOKS_AND_REFERENCE"
""com.benefit.novelverse","Novelverse - Novels & Stories","BOOKS_AND_REFERENCE"
""com.thestorygraph.thestorygraph","StoryGraph","BOOKS_AND_REFERENCE"
""global.swan.novel.reader","SwanRead","BOOKS_AND_REFERENCE"
""com.merriamwebster","Dictionary - Merriam-Webster","BOOKS_AND_REFERENCE"
""com.betterme.booksnap","BookSnap: 15min a book","BOOKS_AND_REFERENCE"
""com.magnificat.magnificat.usa","Magnificat (US edition)","BOOKS_AND_REFERENCE"
""net.esword.esword","e-Sword: Bible Study to Go","BOOKS_AND_REFERENCE"
""com.twodoor.bookly","Bookly: Book & Reading Tracker","BOOKS_AND_REFERENCE"
""com.visionwizard.holybible","Bible Path: Chat with Bible","BOOKS_AND_REFERENCE"
""com.handylibrary.main","Handy Library - Book Organizer","BOOKS_AND_REFERENCE"
""com.popnovel.app","PopNovel","BOOKS_AND_REFERENCE"
""com.changdu.frenchreader","Kifflire -Good romance stories","BOOKS_AND_REFERENCE"
""com.cepher.cepherapp","The Cepher","BOOKS_AND_REFERENCE"
""tv.telepathic.hooked","HOOKED - Chat Stories","BOOKS_AND_REFERENCE"
""io.listening.main","Listening: Text to Speech","BOOKS_AND_REFERENCE"
""com.collectorz.javamobile.android.books","CLZ Books - library organizer","BOOKS_AND_REFERENCE"
""com.free.goodstories","GoodStories-Read romance novel","BOOKS_AND_REFERENCE"
""com.thomasnelson.jesuscalling","Jesus Calling Daily Devotional","BOOKS_AND_REFERENCE"
""com.offline.bible","Bible Offline-KJV Holy Bible","BOOKS_AND_REFERENCE"
""com.multibook.read.heyNovel","HeyNovel","BOOKS_AND_REFERENCE"
""com.kikistory.read","Kikistory","BOOKS_AND_REFERENCE"
""com.universalis.android.universalis","Universalis","BOOKS_AND_REFERENCE"
""com.tecarta.kjv2","Holy Bible King James + Audio","BOOKS_AND_REFERENCE"
""com.changdu.portugalreader","Lera - Webnovels Romance","BOOKS_AND_REFERENCE"
""com.babelnovel.story","Babel Novel - Books & Webnovel","BOOKS_AND_REFERENCE"
""com.artscroll.digitallibrary","ArtScroll Digital Library","BOOKS_AND_REFERENCE"
""com.caribu.Caribu","Caribu by Mattel","BOOKS_AND_REFERENCE"
""com.exandus.mfr.app","MyFavReads: Novels & Books","BOOKS_AND_REFERENCE"
""ru.litres.android.global","Litres: Books and audiobooks","BOOKS_AND_REFERENCE"
""kr.co.influential.youngkangapp","윌라 - 독서의 모든 것","BOOKS_AND_REFERENCE"
""com.mydigitalearth.sibleybirds","Sibley Birds 2nd Edition","BOOKS_AND_REFERENCE"
""com.star.novelhive","Novelhive - Novels & Stories","BOOKS_AND_REFERENCE"
""com.yugong.rosyread","RosyRead","BOOKS_AND_REFERENCE"
""com.jgmw.alphafiction","AlphaFiction-Werewolf&Romance","BOOKS_AND_REFERENCE"
""joansoft.dailybible","Daily Bible Study: Audio, Plan","BOOKS_AND_REFERENCE"
""com.vesperead.app","Vesperead - Alpha Werewolf","BOOKS_AND_REFERENCE"
""com.mirrorstudybible","Mirror Study Bible","BOOKS_AND_REFERENCE"
""com.yugto.reader","Yugto","BOOKS_AND_REFERENCE"
""com.chirpbirding.birda","Birda: Birding Made Better","BOOKS_AND_REFERENCE"
""com.changdu.idreader","Bakisah - Webnovels Romance","BOOKS_AND_REFERENCE"
""com.mobisystems.ubreader_west","Media365 - eBooks","BOOKS_AND_REFERENCE"
""com.nynix.knots3d","Knots 3D","BOOKS_AND_REFERENCE"
""com.jr.cdxs.frreader","Onlit-Novels and Fiction Story","BOOKS_AND_REFERENCE"
""com.wolfram.android.alphapro","WolframAlpha","BOOKS_AND_REFERENCE"
""com.readmio.app","Readmio: Bedtime Stories Aloud","BOOKS_AND_REFERENCE"
""com.pakdata.QuranMajeed","Quran Majeed – القران الكريم","BOOKS_AND_REFERENCE"
""com.bible.studycommentary","Hebrew Bible Study Translation","BOOKS_AND_REFERENCE"
""net.novelfox.foxnovel","FoxNovel-Read Stories & Books","BOOKS_AND_REFERENCE"
""com.happy.topnovels","Your Fictional Novels Hub","BOOKS_AND_REFERENCE"
""com.audiobooksnow.app","Audiobooks Now Audio Books","BOOKS_AND_REFERENCE"
""ru.mybook","MyBook: books and audiobooks","BOOKS_AND_REFERENCE"
""com.oona.novel.reader.app","Evoread – Illustrated Novels","BOOKS_AND_REFERENCE"
""com.abcd.hotnovel","HoneyNovel - Romantic Fictions","BOOKS_AND_REFERENCE"
""bible.pray.daily.women.offline.kjv","Pray Daily - KJV Bible & Verse","BOOKS_AND_REFERENCE"
""com.chois.soulspace","Soulspace Prayer & Meditation","BOOKS_AND_REFERENCE"
""com.millennialsolutions.scripturetyper","The Bible Memory App","BOOKS_AND_REFERENCE"
""com.adamlyttleapps.tarotdeckrider","Learn Tarot Cards: Rider Waite","BOOKS_AND_REFERENCE"
""com.ticktalk.spanishenglish","English Spanish AI Translator","BOOKS_AND_REFERENCE"
""com.subsplash.esv","ESV Bible","BOOKS_AND_REFERENCE"
""kr.co.aladin.third_shop","알라딘 인터넷서점","BOOKS_AND_REFERENCE"
""com.heleo.nbic","Next Big Idea – Books in 15min","BOOKS_AND_REFERENCE"
""com.moonovel.app","Moonovel-Werewolf Romance","BOOKS_AND_REFERENCE"
""vn.fonos.mobile","Fonos: Sách nói & PodCourse","BOOKS_AND_REFERENCE"
""ryan.ccw","CCW – Concealed Carry 50 State","BOOKS_AND_REFERENCE"
""com.changdu.novel.reader4","BestNovel","BOOKS_AND_REFERENCE"
""com.cantree.haread","Haread","BOOKS_AND_REFERENCE"
""com.rere.android.flying_lines","Flying Lines – BL, Yaoi & LGBT","BOOKS_AND_REFERENCE"
""com.appsinnova.android.novel","Libri Novel: WebNovel, Story","BOOKS_AND_REFERENCE"
""com.dreamelite.reader","Dreame Lite - Web Book Library","BOOKS_AND_REFERENCE"
""com.google.android.apps.subscriptions.red","Google One","PRODUCTIVITY"
""com.microsoft.skydrive","Microsoft OneDrive","PRODUCTIVITY"
""com.dropbox.android","Dropbox: Secure Cloud Storage","PRODUCTIVITY"
""com.openai.chatgpt","ChatGPT","PRODUCTIVITY"
""com.adobe.reader","Adobe Acrobat Reader: Edit PDF","PRODUCTIVITY"
""com.intsig.camscanner","CamScanner- scanner, PDF maker","PRODUCTIVITY"
""com.microsoft.office.officehubrow","Microsoft 365 (Office)","PRODUCTIVITY"
""com.evernote","Evernote - Note Organizer","PRODUCTIVITY"
""com.microsoft.office.outlook","Microsoft Outlook","PRODUCTIVITY"
""ai.chat.gpt.bot","ChatOn - AI Chat Bot Assistant","PRODUCTIVITY"
""com.microsoft.office.word","Microsoft Word: Edit Documents","PRODUCTIVITY"
""pdf.tap.scanner","PDF Scanner app - TapScanner","PRODUCTIVITY"
""com.scaleup.chatai","AI Chatbot - Nova","PRODUCTIVITY"
""com.codespaceapps.aichat","Chatbot AI & Smart Assistant","PRODUCTIVITY"
""com.codeway.chatapp","Ask AI - Chat with AI Chatbot","PRODUCTIVITY"
""mega.privacy.android.app","MEGA","PRODUCTIVITY"
""com.callpod.android_apps.keeper","Keeper Password Manager","PRODUCTIVITY"
""com.grammarly.android.keyboard","Grammarly-AI Writing Assistant","PRODUCTIVITY"
""com.cozi.androidfree","Cozi Family Organizer","PRODUCTIVITY"
""com.microsoft.office.excel","Microsoft Excel: Spreadsheets","PRODUCTIVITY"
""com.mlink.ai.chat.assistant.robot","AI Chat・Ask Chatbot Assistant","PRODUCTIVITY"
""com.avg.cleaner","AVG Cleaner – Storage Cleaner","PRODUCTIVITY"
""com.aisense.otter","Otter Transcribe Voice Notes","PRODUCTIVITY"
""com.docusign.ink","Docusign - Upload & Sign Docs","PRODUCTIVITY"
""com.glority.everlens","Mobile Scanner App - Scan PDF","PRODUCTIVITY"
""com.dashlane","Dashlane - Password Manager","PRODUCTIVITY"
""smart.air.printer","Smart Print - Air Printer App","PRODUCTIVITY"
""ai.chat.app","Chatbot - AI Smart Assistant","PRODUCTIVITY"
""ai.perplexity.app.android","Perplexity - Ask Anything","PRODUCTIVITY"
""com.smartwidgetlabs.chatgpt","AI Chat Smith Smart Assistant","PRODUCTIVITY"
""com.signnow.android","signNow: Sign & Fill PDF Docs","PRODUCTIVITY"
""com.qqlabs.minimalistlauncher","minimalist phone: Screen Time","PRODUCTIVITY"
""droom.sleepIfUCan","Alarmy - Alarm Clock & Sleep","PRODUCTIVITY"
""com.microsoft.copilot","​​Microsoft Copilot","PRODUCTIVITY"
""com.pdffiller","pdfFiller Edit, fill, sign PDF","PRODUCTIVITY"
""cn.wps.moffice_eng","WPS Office-PDF,Word,Sheet,PPT","PRODUCTIVITY"
""chatgpt.ai.chatbot.open.chat.gpt.bot.writer.assistant","ChatBox: AI Chat Bot Assistant","PRODUCTIVITY"
""com.cardsapp.android","Cards - Mobile Wallet","PRODUCTIVITY"
""tech.plink.friday","Friday: AI E-mail Assistant","PRODUCTIVITY"
""com.appointfix","Goldie: Schedule Appointments","PRODUCTIVITY"
""pdf.pdfreader.viewer.editor.free","PDF Reader - PDF Viewer","PRODUCTIVITY"
""com.todoist","Todoist: Planner & Calendar","PRODUCTIVITY"
""com.naturalsoft.personalweb","NaturalReader - Text to Speech","PRODUCTIVITY"
""com.app.AdTranquilityPro","AdTranquility Spam Protection","PRODUCTIVITY"
""com.lastpass.lpandroid","LastPass Password Manager","PRODUCTIVITY"
""co.blocksite","BlockSite: Block Apps & Sites","PRODUCTIVITY"
""com.swannsecurity","Swann Security","PRODUCTIVITY"
""scanner.app.documents.scanshot","Scan Shot: PDF Scanner & OCR","PRODUCTIVITY"
""com.ticktick.task","TickTick:To Do List & Calendar","PRODUCTIVITY"
""journal.notes.planner.starnest","Journal: Notes, Planner, PDFs","PRODUCTIVITY"
""com.onepassword.android","1Password: Password Manager","PRODUCTIVITY"
""com.rocketlawyer.mobile.android","Rocket Lawyer Legal & Law Help","PRODUCTIVITY"
""com.anthropic.claude","Claude by Anthropic","PRODUCTIVITY"
""com.artfulagenda.app","Artful Agenda - Plan in Style!","PRODUCTIVITY"
""com.everaccountable.android","Ever Accountable - Quit Porn","PRODUCTIVITY"
""com.poe.android","Poe - Fast AI Chat","PRODUCTIVITY"
""com.workpail.inkpad.notepad.notes","Inkpad Notepad & To do list","PRODUCTIVITY"
""cz.mobilesoft.appblock","AppBlock - Block Apps & Sites","PRODUCTIVITY"
""at.nk.tools.iTranslate","iTranslate Translator","PRODUCTIVITY"
""todolist.scheduleplanner.dailyplanner.todo.reminders","To-Do List - Schedule Planner","PRODUCTIVITY"
""com.ifttt.ifttt","IFTTT - Automate work and home","PRODUCTIVITY"
""private.internet.access.vpn.lumos","VPN Lumos: Secure VPN & Proxy","PRODUCTIVITY"
""com.microsoft.office.powerpoint","Microsoft PowerPoint","PRODUCTIVITY"
""co.appnation.geniechat","Genie - AI Chatbot Assistant","PRODUCTIVITY"
""com.trimbox.app","Trimbox: Easy Email Cleaner","PRODUCTIVITY"
""com.mapright.android","Land id™","PRODUCTIVITY"
""authenticator.app.otp.mfa.authentication","Authenticator App - 2FA","PRODUCTIVITY"
""com.kmo.pdf.editor","PDF Pro: Edit, Sign & Fill PDF","PRODUCTIVITY"
""com.mystrodriver","Mystro Driver: Drive & Deliver","PRODUCTIVITY"
""easynotes.notes.notepad.notebook.privatenotes.note","Easy Notes - Note Taking Apps","PRODUCTIVITY"
""com.authenticator.app.starnest","Authenticator App","PRODUCTIVITY"
""com.sense.android","6Sense","PRODUCTIVITY"
""evolly.ai.chatbot.chatgpt","Ask Me Anything - AI Chatbot","PRODUCTIVITY"
""com.wetransfer.transfer","WeTransfer : File Transfer","PRODUCTIVITY"
""com.dlink.mydlinkunified","mydlink","PRODUCTIVITY"
""com.purplecover.anylist","AnyList: Grocery Shopping List","PRODUCTIVITY"
""com.genie9.gcloudbackup","G Cloud Backup","PRODUCTIVITY"
""com.anydo","Any.do - To do list & Calendar","PRODUCTIVITY"
""herclr.frmdist.bstsnd","Hearing Clear: Sound Amplifier","PRODUCTIVITY"
""com.voice.audio.text.transcribe.converter.free","iTranscribe - Voice to Text","PRODUCTIVITY"
""com.xodo.pdf.reader","Xodo | PDF Editor & Converter","PRODUCTIVITY"
""chatpdf.pro","PDF AI Reader: Editor, Scanner","PRODUCTIVITY"
""com.leonfiedler.voiceai","Voices AI: Voice Changer AI","PRODUCTIVITY"
""app.zeely.android","Zeely: AI Sales Growth App","PRODUCTIVITY"
""com.officedocument.word.docx.document.viewer","Office Word Reader: PDF, DOCX","PRODUCTIVITY"
""com.yygg.note.app","Notewise - Notes & PDF","PRODUCTIVITY"
""com.mobisystems.mobidrive","MobiDrive Cloud Storage & Sync","PRODUCTIVITY"
""com.habitrpg.android.habitica","Habitica: Gamify Your Tasks","PRODUCTIVITY"
""com.tdr3.hs.android","HotSchedules","PRODUCTIVITY"
""com.bitcoin.prominer.digital.service","Bitcoin Miner BTC Cloud Mining","PRODUCTIVITY"
""youdao.smart.voice.recorder.memo.transcribe.free","iRecord: Transcribe Voice Note","PRODUCTIVITY"
""com.ai.chat.bot.aichat","Chat AI: AI Chat Bot Assistant","PRODUCTIVITY"
""com.steadfastinnovation.android.projectpapyrus","Squid: Take Notes, Markup PDFs","PRODUCTIVITY"
""com.corsair.android.streamdeck","Elgato Stream Deck Mobile","PRODUCTIVITY"
""com.sensopia.magicplan","magicplan","PRODUCTIVITY"
""newway.open.chatgpt.ai.chat.bot.free","Chatbot AI - Chat & Ask AI","PRODUCTIVITY"
""com.twitter.videodownload.videodownloaderfortwitter","AI Notes, Ask AI Chat to Write","PRODUCTIVITY"
""calendar.agenda.calendarplanner.agendaplanner","Calendar Planner - Agenda App","PRODUCTIVITY"
""app.android.cloaked","Cloaked: Protect your privacy","PRODUCTIVITY"
""chatgpt.writer.chatbot.assistant.open.chat.ai.gpt.bot","ChatGen - AI Chatbot & Writer","PRODUCTIVITY"
""com.getupnote.android","UpNote - notes, diary, journal","PRODUCTIVITY"
""com.familyfirsttechnology.pornblocker","DETOXIFY - Porn App Blocker","PRODUCTIVITY"
""org.freevpn","Free VPN by Free VPN .org™","PRODUCTIVITY"
""com.fazconapps.backup.restore.data","Cloud Storage: Cloud Drive App","PRODUCTIVITY"
""com.aloha.browser","Aloha Private Browser - VPN","PRODUCTIVITY"
""io.labhouse.chatbotapp","Super AI Chat: Ask Everything","PRODUCTIVITY"
""com.nordpass.android.app.password.manager","NordPass® Password Manager","PRODUCTIVITY"
""com.langogo.transcribe","Notta-Transcribe Audio to Text","PRODUCTIVITY"
""com.infraware.office.link","Polaris Office: Edit&View, PDF","PRODUCTIVITY"
""com.nuance.dragonanywhere","Dragon Anywhere","PRODUCTIVITY"
""com.transkriptor.app","Transcribe Speech to Text","PRODUCTIVITY"
""org.chatai.ai.chat","AI Chat - Chatbot AI Assistant","PRODUCTIVITY"
""com.replit.app","Replit: Idea to software, fast","PRODUCTIVITY"
""com.goodnotes.android.app","Goodnotes for Android","PRODUCTIVITY"
""app.routineflow.routineflow","RoutineFlow: Routine for ADHD","PRODUCTIVITY"
""com.penly.penly","Penly: Digital Planner & Notes","PRODUCTIVITY"
""com.pcloud.pcloud","pCloud: Cloud Storage","PRODUCTIVITY"
""to.freedom.android2","Freedom: Site/App Blocker","PRODUCTIVITY"
""com.voxist.vm.android","Voxist: read your voicemail","PRODUCTIVITY"
""com.xdev.docxreader.docx.docxviewer.document.doc.office.viewer.reader.word","Office App - Word, DOCX, PDF","PRODUCTIVITY"
""all.documentreader.filereader.office.viewer","Document Reader & PDF Editor","PRODUCTIVITY"
""qrcodegenerator.qrcreator.qrmaker.createqrcode","QR Code Generator & QR Maker","PRODUCTIVITY"
""com.document.viewer.doc.reader","Office Reader - WORD/PDF/EXCEL","PRODUCTIVITY"
""com.pocketai.app","AI Chat - AI Chatbot Assistant","PRODUCTIVITY"
""com.covve.businesscardscanner","Business Card Scanner","PRODUCTIVITY"
""com.xsdev.pdfreader.pdfeditor.pdf.document","PDF Editor: Edit PDF, Sign PDF","PRODUCTIVITY"
""pdfscanner.scan.pdf.scanner.free","ACE Scanner - PDF Scanner App","PRODUCTIVITY"
""com.freevpnplanet","Free VPN Proxy by Planet VPN","PRODUCTIVITY"
""com.readdle.spark","Spark Mail – AI Email Inbox","PRODUCTIVITY"
""com.directfreight.driver","Direct Freight Load Board","PRODUCTIVITY"
""com.autodesk.autocadws","AutoCAD - DWG Viewer & Editor","PRODUCTIVITY"
""com.tasks.android","Tasks: to do list & planner","PRODUCTIVITY"
""com.aol.mobile.aolapp","AOL: Email News Weather Video","PRODUCTIVITY"
""com.pikcloud.pikpak","PikPak-Safe Cloud, Video Saver","PRODUCTIVITY"
""works.jubilee.timetree","TimeTree - Shared Calendar","PRODUCTIVITY"
""neurolist.app.neurolist","neurolist: AI Planner for ADHD","PRODUCTIVITY"
""com.toktumi.line2","Line2 - Second Phone Number","PRODUCTIVITY"
""pdf.document.scanner.pro","PDF Document Scanner Pro","PRODUCTIVITY"
""com.kelocube.mirrorclient","SuperDisplay - Virtual Monitor","PRODUCTIVITY"
""com.easilydo.mail","Email - Fast & Secure Mail","PRODUCTIVITY"
""com.blackberry.infrastructure","BlackBerry Hub+ Services","PRODUCTIVITY"
""com.shexa.permissionmanager","App Permission Manager","PRODUCTIVITY"
""com.game.console.emulator","Gamu: Emulator Console Game","PRODUCTIVITY"
""com.adaptavant.setmore","Setmore Appointment Scheduling","PRODUCTIVITY"
""com.content.writing.assistant.ai","AI Writer: Chatbot Assistant","PRODUCTIVITY"
""com.breakroom","Breakroom Chat & Scheduling","PRODUCTIVITY"
""com.innosq.soundtypeai","SoundType AI - Voice To Text","PRODUCTIVITY"
""com.luckydroid.droidbase","Memento: Smart Database & AI","PRODUCTIVITY"
""com.bublup.bublup","Bublup","PRODUCTIVITY"
""newway.good.note.ai.notepad.notebook.checklist.gpt","AI Note Taker: Chat with GPT","PRODUCTIVITY"
""com.gstarmc.android","DWG FastView-CAD Viewer&Editor","PRODUCTIVITY"
""com.appsuite.imagetotext","OCR Image to Text Converter","PRODUCTIVITY"
""org.smartsoft.pdf.scanner.document.scan","PDF Scanner App: Document Scan","PRODUCTIVITY"
""imagetopdf.pdfconverter.img2pdf.jpgtopdf.pdfmaker","PDF Maker - Image to PDF","PRODUCTIVITY"
""com.bnx.dacoi","22BT Coin Mining","PRODUCTIVITY"
""com.veamstudios.siteauditpro","Site Audit Pro","PRODUCTIVITY"
""com.airbeamtv.roku","Roku Screen Mirroring + Cast","PRODUCTIVITY"
""com.norton.antitrack","Norton AntiTrack","PRODUCTIVITY"
""com.appxy.famcal","Family Shared Calendar: FamCal","PRODUCTIVITY"
""io.konveier.timo","Daily Planner Organizer: Brite","PRODUCTIVITY"
""email.clean.android","Clean Email - Inbox Cleaner","PRODUCTIVITY"
""com.ornet.torbrowser","TOR Browser: OrNET Onion Web","PRODUCTIVITY"
""com.surveymonkey","SurveyMonkey","PRODUCTIVITY"
""com.quillbot.mobile","QuillBot - AI Writing Keyboard","PRODUCTIVITY"
""com.myscript.nebo","Nebo: Note Taking for Students","PRODUCTIVITY"
""com.alt.goodmorning","Routine Planner, Habit Tracker","PRODUCTIVITY"
""ai.email.write","AI Email, Reply Writer: Xemail","PRODUCTIVITY"
""norton.five.teleprompter","Teleprompter for Video","PRODUCTIVITY"
""hardman.bret.quickbend.pro","QuickBend: Conduit Bending","PRODUCTIVITY"
""com.stayfocused","Stay Focused: Site/App Blocker","PRODUCTIVITY"
""cc.forestapp","Forest: Focus for Productivity","PRODUCTIVITY"
""com.habitnow","HabitNow Daily Routine Planner","PRODUCTIVITY"
""starnest.aitype.aikeyboard.chatbot.chatgpt","AI Keyboard: Writer, Fonts","PRODUCTIVITY"
""com.rhapsodyreader","Rhapsody of Realities Official","PRODUCTIVITY"
""com.teacapps.barcodescanner","QR & Barcode Reader","PRODUCTIVITY"
""com.calendar.cute","Cute Calendar Schedule Planner","PRODUCTIVITY"
""com.orion.notein.global","Notein: Handwriting,Notes,PDFs","PRODUCTIVITY"
""com.studio.hellohabit","HelloHabit - Habit Tracker","PRODUCTIVITY"
""free.translate.all.language.translator","Translate All Languages","PRODUCTIVITY"
""io.autopylot.app_v2","AutoPylot for Drones","PRODUCTIVITY"
""com.simplexsolutionsinc.vpn_unlimited","KeepSolid VPN Unlimited","PRODUCTIVITY"
""com.plantiary","Plant Identifier: Plantiary","PRODUCTIVITY"
""com.ma.waveapp","Wave AI Note Taker","PRODUCTIVITY"
""com.vtool.qrcodereader.barcodescanner","QR & Barcode Scanner: Scan QR","PRODUCTIVITY"
""com.martianmode.applock","AI Locker: Hide & Lock any App","PRODUCTIVITY"
""com.ezt.pdfreader.pdfviewer","PDF Reader – PDF Viewer","PRODUCTIVITY"
""com.chat.gtp","Chat AI - Ask Anything","PRODUCTIVITY"
""com.foyer.merlin","Merlin - Chat with 4o AI","PRODUCTIVITY"
""app.getatoms.android","Atoms - from Atomic Habits","PRODUCTIVITY"
""zc.image.to.pdf","JPG to PDF Converter","PRODUCTIVITY"
""com.paragraphai.paragraphai","ParagraphAI: GPT Writer & Chat","PRODUCTIVITY"
""com.pingapp.app","Email - Spike mail","PRODUCTIVITY"
""com.digipom.easyvoicerecorder.pro","Easy Voice Recorder Pro","PRODUCTIVITY"
""com.pixatel.apps.notepad","Ultimate Notes & Tasks w/ Sync","PRODUCTIVITY"
""com.cloud.earning","Fone Network AI, Earning, NFTs","PRODUCTIVITY"
""io.unorderly.structured","Structured - Daily Planner","PRODUCTIVITY"
""com.solid.teleprompter","Teleprompter for Video","PRODUCTIVITY"
""pdf.scanner.scannerapp.free.pdfscanner","PDF Scanner - Document Scanner","PRODUCTIVITY"
""com.devotedcoders.praythecatholicnovenaapp","Pray Catholic Prayers","PRODUCTIVITY"
""com.rsupport.mvagent","Mobizen Screen Recorder","PRODUCTIVITY"
""com.canva.editor","Canva: Design, Art & AI Editor","ART_AND_DESIGN"
""com.hubx.imagination","DaVinci - AI Image Generator","ART_AND_DESIGN"
""com.vyroai.aiart","ImagineArt : AI Art Generator","ART_AND_DESIGN"
""com.codeway.wonder","Wonder - AI Art Generator","ART_AND_DESIGN"
""com.metacortext.tattoo.ai","Ink AI – Tattoo design maker","ART_AND_DESIGN"
""co.appnation.interiordesigner","Arch - AI Home Design","ART_AND_DESIGN"
""jp.ne.ibis.ibispaintx.app","ibis Paint X","ART_AND_DESIGN"
""com.adobe.spark.post","Adobe Express: AI Video Design","ART_AND_DESIGN"
""jp.co.celsys.clipstudiopaint.googleplay","Clip Studio Paint","ART_AND_DESIGN"
""com.circular.pixels","Pixelcut AI Photo Editor","ART_AND_DESIGN"
""com.univenn.videogen","Sora - AI Video Generator","ART_AND_DESIGN"
""com.codespaceapps.aiartapp","AI Image Generator - Dali","ART_AND_DESIGN"
""com.feraset.livensa","AI Video Art Creator - Livensa","ART_AND_DESIGN"
""com.lightricks.photoleap","Photoleap: Photo Editor/AI Art","ART_AND_DESIGN"
""ai.reimage.remodel","Remodel AI - Home Renovation","ART_AND_DESIGN"
""com.womboai.wombodream","WOMBO Dream - AI Art Generator","ART_AND_DESIGN"
""io.mewtant.pixaiart","PixAI: AI Anime Art Generator","ART_AND_DESIGN"
""ai.video.generator","AI Video - AI Video Generator","ART_AND_DESIGN"
""me.bazaart.app","Bazaart AI Photo Editor Design","ART_AND_DESIGN"
""com.prequelapp.oji","Oji: AI Avatar Photo Generator","ART_AND_DESIGN"
""com.vblast.flipaclip","FlipaClip: Create 2D Animation","ART_AND_DESIGN"
""com.aitubo.image.creator","AI Photo Animator: Video Maker","ART_AND_DESIGN"
""com.brother.ph.mobile.craftsewing","Brother Artspira","ART_AND_DESIGN"
""com.ripl.android","Ripl: Social Media Marketing","ART_AND_DESIGN"
""com.crafto.android","Crafto","ART_AND_DESIGN"
""com.tophatch.concepts","Concepts: Sketch, Note, Draw","ART_AND_DESIGN"
""com.aiart.photoedit","Honey: AI Art Generator & Edit","ART_AND_DESIGN"
""com.dephotos.crello","VistaCreate: Graphic Design","ART_AND_DESIGN"
""app.over.editor","GoDaddy Studio: Graphic Design","ART_AND_DESIGN"
""com.brakefield.painter","Infinite Painter","ART_AND_DESIGN"
""ai.generated.art.maker.image.picture.photo.generator.painting","ARTA: AI Art & Photo Generator","ART_AND_DESIGN"
""ar.drawing.sketch.paint.trace.draw.picture.paper","AR Drawing: Sketch & Paint","ART_AND_DESIGN"
""jp.ne.ibis.ibispaint.app","ibis Paint","ART_AND_DESIGN"
""com.starryai","starryai - AI Art Generator","ART_AND_DESIGN"
""com.spellbrush.nijijourney","niji・journey - AI Anime Art","ART_AND_DESIGN"
""ai.aiart.aiartgenerator.creart","CreArt - AI Art Generator","ART_AND_DESIGN"
""com.gencraftandroid","Gencraft - AI Art Generator","ART_AND_DESIGN"
""com.axis.drawingdesk.v3","Drawing Desk: Draw, Paint Art","ART_AND_DESIGN"
""com.omyteq.leonardopromptgenerator","Leonardo: AI Art Generator Kit","ART_AND_DESIGN"
""com.stephaneginier.nomad","Nomad Sculpt","ART_AND_DESIGN"
""com.raed.drawing","Sketchbook Lite - Artbook","ART_AND_DESIGN"
""video.faceswap.app","AI Face Swap Video App-Swapme","ART_AND_DESIGN"
""com.vyroai.animeart","Animagic: Anime Art Generator","ART_AND_DESIGN"
""com.ai.polyverse.spell.pro","Spellai - AI Art Maker","ART_AND_DESIGN"
""print.svg.craft.graphic.design.studio","Design Maker For Space Art","ART_AND_DESIGN"
""com.reart.ai.photo.android","ReArt AI: Art Photo Generator","ART_AND_DESIGN"
""com.feraset.ink","AI Tattoo Maker - Ink","ART_AND_DESIGN"
""com.dream.u.ai","Dream U: Your Art Generator","ART_AND_DESIGN"
""com.medibang.android.paint.tablet","MediBang Paint - Make Art !","ART_AND_DESIGN"
""ai.seaart.app.global","SeaArt: AI Art Generator","ART_AND_DESIGN"
""br.com.blackmountain.photo.tattoosimulator","Tattoo Simulator Tattoo Maker","ART_AND_DESIGN"
""ai.art.generator.paint.draw.photo","AI Art Generator: Photo, Draw","ART_AND_DESIGN"
""com.customuse.customuse","Customuse: Skins Maker Roblox","ART_AND_DESIGN"
""ai.generated.art.photo","Artist AI Art Photo Generator","ART_AND_DESIGN"
""com.tapuniverse.aiartgenerator","AI Art Generator - AI Drawing","ART_AND_DESIGN"
""com.azmobile.card.design.invitation.maker","Invitation Maker & Card Design","ART_AND_DESIGN"
""com.adsk.sketchbook","Sketchbook","ART_AND_DESIGN"
""com.scroll.post.for.instagram.panorama.caro","Panorama Scroll Carousel Maker","ART_AND_DESIGN"
""com.artroomsapp.honuandroid","Artrooms - Art on Walls Insitu","ART_AND_DESIGN"
""com.inforcegames.app3dmodelling","3D Modeling App: Sculpt & Draw","ART_AND_DESIGN"
""com.appxstudio.blenderdoubleexposure","Blend Photo Editor & Effect","ART_AND_DESIGN"
""com.magicposernew","Magic Poser - Art Pose Tool","ART_AND_DESIGN"
""com.nft.creator.nftartmaker.crypto","Anime Art - AI Art Generator","ART_AND_DESIGN"
""pl.planmieszkania.android","Floor Plan Creator","ART_AND_DESIGN"
""ai.photo.painting.art.generator","Kyral: Imagine AI Art, Video","ART_AND_DESIGN"
""com.picso.android","PicSo – Customize Your AI Girl","ART_AND_DESIGN"
""com.delgeo.desygner","Desygner: Graphic Design Maker","ART_AND_DESIGN"
""com.cupixel.canvas","Cupixel: AR Trace & Classes","ART_AND_DESIGN"
""org.contentarcade.apps.logomaker","Logo Maker : Logo Creator","ART_AND_DESIGN"
""ai.interior.design.home.renovation.app","AI Interior Design: Home Plan","ART_AND_DESIGN"
""com.tesseractmobile.aiart","monAI - AI Art Generator","ART_AND_DESIGN"
""org.ai.create.filter","Creati AI Photo Generator","ART_AND_DESIGN"
""co.appnation.artgenerator","Text to AI Video & Image Monet","ART_AND_DESIGN"
""com.appxstudio.postro","Poster Maker - Flyer Creator","ART_AND_DESIGN"
""com.neo.kaf.art","NeoArt-AI Art Generator","ART_AND_DESIGN"
""com.nra.flyermaker","Poster Maker, Flyer Maker","ART_AND_DESIGN"
""com.pocketartsturiogp.FashionDesignSketches","Fashion Design Sketches Book","ART_AND_DESIGN"
""com.design.space.sublimation","Sublimation Designer & Printer","ART_AND_DESIGN"
""com.veraxen.colorbynumber.oilpainting","Color by Number for Adults","ART_AND_DESIGN"
""com.codewaystudios.selfbooth","Voi - AI Avatar Portrait Maker","ART_AND_DESIGN"
""ktech.sketchar","Sketchar: Learn to Draw","ART_AND_DESIGN"
""ai.imgit.art_generator","IMGIT Art & Headshot Generator","ART_AND_DESIGN"
""com.jxfq.dalle","AI Girl generator - AI video","ART_AND_DESIGN"
""com.everimaging.goart","AI Art Image Generator – GoArt","ART_AND_DESIGN"
""com.zxaeclub.codebyanju.project.drawingpadpro","Drawing Pad Pro - Sketchpad","ART_AND_DESIGN"
""me.easy.remix","Remix: AI Image Generator","ART_AND_DESIGN"
""com.appxstudio.esportlogo","Esports Gaming Logo Maker","ART_AND_DESIGN"
""wordswag.stylishfree.gwyn","Word Swag - Add Text On Photos","ART_AND_DESIGN"
""com.bendingspoons.dawn.ai","Dawn AI - Avatar Generator","ART_AND_DESIGN"
""ai.kaiber.mobile","Kaiber","ART_AND_DESIGN"
""com.appxstudio.smokearteffect","Smoke Name Art Maker","ART_AND_DESIGN"
""app.poster.maker.postermaker.flyer.designer","Flyers, Poster Maker, Design","ART_AND_DESIGN"
""com.cyberlink.vividai","Vivid AI: AI Image Generator","ART_AND_DESIGN"
""app.aitip.revid","Revid-Make Images Vivid","ART_AND_DESIGN"
""com.appicon.theme.changer","Magic icon changer-wallpaper","ART_AND_DESIGN"
""com.bg.logomaker","Logo Maker, Logo Creator","ART_AND_DESIGN"
""net.placeit.tin","Placeit Mockups & Design","ART_AND_DESIGN"
""com.madcat.easyposer","Easy Pose - 3D pose making app","ART_AND_DESIGN"
""com.weirdhat.roughanimator","RoughAnimator - animation app","ART_AND_DESIGN"
""com.zimad.magicpaintings","Magic Diamond Painting－Art App","ART_AND_DESIGN"
""com.luckycatarts.glo","Glo: AI Avatar Photo Generator","ART_AND_DESIGN"
""splendid.postermaker.designer","Poster Maker & flyer maker app","ART_AND_DESIGN"
""tech.ula.gimp","GIMP","ART_AND_DESIGN"
""com.invitation.maker.birthday.card","Invitation maker & Card Design","ART_AND_DESIGN"
""com.aige.hipaint","HiPaint -Sketch Draw Paint it!","ART_AND_DESIGN"
""com.covermaker.thumbnail.maker","Thumbnail Maker - Channel art","ART_AND_DESIGN"
""com.optimumbrewlab.invitationcardmaker","Invitation Maker, Card Creator","ART_AND_DESIGN"
""uk.co.kewinlawsonsmith.markup","Markup R-XP","ART_AND_DESIGN"
""com.cubemg.davincieye","AR Art Projector: Da Vinci Eye","ART_AND_DESIGN"
""aiart.generator.aigc","Anime AI Art Generator：AimeGen","ART_AND_DESIGN"
""com.microsoft.designer","Microsoft Designer","ART_AND_DESIGN"
""com.facechanger.agingapp.futureself","Future Self Face Aging Changer","ART_AND_DESIGN"
""com.diamond.painting.by.number","Diamond Painting by Number","ART_AND_DESIGN"
""org.britishmuseum.tapartme","British Museum Audio","ART_AND_DESIGN"
""fr.moblo","Moblo - 3D furniture modeling","ART_AND_DESIGN"
""com.svg.designs.for.design.space","Design Studio: DIY Craft Space","ART_AND_DESIGN"
""com.PixelStudio","Pixel Studio: pixel art editor","ART_AND_DESIGN"
""com.design.mania","Design Studio For Cut Machine","ART_AND_DESIGN"
""com.cl.svgEditor","Design Space For Cricut Maker","ART_AND_DESIGN"
""com.motion.frame.aignite","AI Comic：Hug & Dance Video","ART_AND_DESIGN"
""com.artimind.aiart.artgenerator.artavatar","Artimind: AI Art Generator","ART_AND_DESIGN"
""com.animegirlgenerator.aiartgenerator","WizArt: AI Image & Headshot","ART_AND_DESIGN"
""com.ai.dalleai","Dalle-4: AI Image Generator","ART_AND_DESIGN"
""ai.dreamerland.android","Dreamerland: AI Art Generator","ART_AND_DESIGN"
""com.fonts.crafting.stylish.monogram","Fonts For Cutting Machines","ART_AND_DESIGN"
""ai.art.generated.drawing.anime.photo.dream","Anime AI - Photo Maker","ART_AND_DESIGN"
""umagic.ai.aiart.aiartgenrator","AI Photo Generator - Umagic AI","ART_AND_DESIGN"
""com.ai.profile","Music Maker: AI Song Generator","ART_AND_DESIGN"
""com.remodelai.android","RemodelAI Interior Home Design","ART_AND_DESIGN"
""com.OneManBand.PoseIt","Poseit","ART_AND_DESIGN"
""com.OnionTavern.MokcupCreator","Mockup Creator 2 Video Mockups","ART_AND_DESIGN"
""com.zimad.mpixel","Magic Cross Stitch: Pixel Art","ART_AND_DESIGN"
""com.azmobile.esport.gaming.logo.maker","Gaming Logo Maker: Esport Logo","ART_AND_DESIGN"
""com.hugetoothstudios.stashhub","Stash Hub: Sewing Organiser","ART_AND_DESIGN"
""com.app.vectorink","Vector Ink: SVG, Illustrator","ART_AND_DESIGN"
""com.aimage","AI Art - AI Image Generator","ART_AND_DESIGN"
""ai.postermaker.graphicdesign","Poster Maker AI flyer maker","ART_AND_DESIGN"
""com.hangoverstudios.faceswap.ai.art.avatar.generator","Face Swap Magic: AI Avatars","ART_AND_DESIGN"
""com.cross.stitch.color.by.number","Color by Letter: Sewing game","ART_AND_DESIGN"
""interior.ai.design","AI Interior Design","ART_AND_DESIGN"
""com.banix.drawsketch.animationmaker","Draw Animation - Anim Creator","ART_AND_DESIGN"
""com.ai.art.photo.video.generator.editor","Pixpic: Professional Headshot","ART_AND_DESIGN"
""ai.logomaker.design","Logo maker AI Logo generator","ART_AND_DESIGN"
""com.hugelettuce.unidream.ai.drawing","AI Art Generator - UniDream","ART_AND_DESIGN"
""com.pixelstudio.pro","Pixel Studio PRO: editor","ART_AND_DESIGN"
""com.tayasui.sketches","Tayasui Sketches","ART_AND_DESIGN"
""com.ayzalpearls.learntodraw","Learn To Draw Step By Step","ART_AND_DESIGN"
""com.mydroid.svg.print.craft.design.graphic.sticker","Design Studio for Cut Machine","ART_AND_DESIGN"
""com.svg.design.space.studio.print.sticker","Cut Files, Monograms, Fonts","ART_AND_DESIGN"
""com.omyteq.tattooai","AI Tattoo Generator Toolkit","ART_AND_DESIGN"
""com.decory.interior","Decory - AI Home & Room Design","ART_AND_DESIGN"
""lv.crochet.app","Crochet row counter & patterns","ART_AND_DESIGN"
""com.tapuniverse.animefilter","AI Anime Filter - Anime AI","ART_AND_DESIGN"
""org.caprinter.labelmaker","Label Maker apps & Label Pics","ART_AND_DESIGN"
""com.eyewind.paperone","PaperColor","ART_AND_DESIGN"
""co.pixo.apps.logoshop.androidApp","Logo Maker Shop - AI Generator","ART_AND_DESIGN"
""com.graphionica.app","Graphionica: insta story maker","ART_AND_DESIGN"
""com.accordion.mockup","Mockup Generator App- Mockitup","ART_AND_DESIGN"
""com.wildinart.coralinescuriouscat","Coraline's Curious Cat Trail","ART_AND_DESIGN"
""io.castain.headmodel","Head Model Studio","ART_AND_DESIGN"
""com.ecsmobi.aibrush.ai.artwork","AIbrush - AI Art Generator","ART_AND_DESIGN"
""com.axis.sketchpro","Sketch Pro: Create Paint Art","ART_AND_DESIGN"
""com.afandu.craftdesign.design.studio.graphic.cut.files","Craft Space for Cut Machine","ART_AND_DESIGN"
""com.fourksoft.genzart","GenZArt: Fast AI Art Generator","ART_AND_DESIGN"
""com.tapuniverse.aianimegenerator","AI Anime Generator: Anime Art","ART_AND_DESIGN"
""com.artfiltersai.apps.deepart","Art Filters: Photo to Painting","ART_AND_DESIGN"
""com.createlogo.logomaker","Logo Maker : Graphic Design","ART_AND_DESIGN"
""com.ss.logo.creator.esports.gaming.logo.maker.app","Logo Maker And Logo Creator 3D","ART_AND_DESIGN"
""tech.ula.inkscape","Inky - Run Inkscape on Android","ART_AND_DESIGN"
""com.rstream.learndrawing","Learn Drawing","ART_AND_DESIGN"
""com.nancymaj.Insitu","Insitu Art Room - Art on Wall","ART_AND_DESIGN"
""com.icon.iconchanger.thems.go","Icon Park：Themes&icon changer","ART_AND_DESIGN"
""com.draw.sketch.ardrawing.trace.anime.paint","AR Drawing - Sketchar App","ART_AND_DESIGN"
""com.apowersoft.backgrounderaser","Apowersoft Background Eraser","ART_AND_DESIGN"
""com.inkme.app","Tattoo design creator: InkMe","ART_AND_DESIGN"
""com.drawing.pencil.at.draw.paint.trace.sketch.ar","AR Draw Sketch - Trace Anime","ART_AND_DESIGN"
""com.pofiart.create","Pofi Create - Art Pose & Paint","ART_AND_DESIGN"
""com.ffs.birthday.photo.frames","Birthday Photo Frame Maker","ART_AND_DESIGN"
""com.smartwidgetlabs.aiart","Dream AI Art Generator Wonder","ART_AND_DESIGN"
""ai.art.generator.design","Fizzum:Ideogram AI Logo","ART_AND_DESIGN"
""com.brandspot365","Brands.live - Poster Maker","ART_AND_DESIGN"
""ai.artgenerator.texttoimage.converter.imagegenerator","Dall: AI Image & Art Generator","ART_AND_DESIGN"
""com.app.ai.poetry","AI Poem Generator-Write a Poem","ART_AND_DESIGN"
""com.artforkidshub","Art For Kids Hub","ART_AND_DESIGN"
""com.digitalmarketing.slideshowmaker","Marketing Video Maker Ad Maker","ART_AND_DESIGN"
""com.fluer.app","Fluer: AI Design, Photo, Video","ART_AND_DESIGN"
""com.brakefield.idfree","Infinite Design","ART_AND_DESIGN"
""learn.all.anime.drawing","Learn to Draw Anime by Steps","ART_AND_DESIGN"
""com.tapuniverse.removeobjects","Remove Objects - Magic Eraser","ART_AND_DESIGN"
""com.designsessions","Design Sessions","ART_AND_DESIGN"
""com.create.pottery.paint.by.color","Pottery Master: Ceramic Art","ART_AND_DESIGN"
""com.tapuniverse.backgrounderaser","Background Remover - PNG Maker","ART_AND_DESIGN"
""com.ardrawingsketch.animetracesketch","ARDraw - Anime Trace & Sketch","ART_AND_DESIGN"
""deepfilter.app","Smoothie AI: Video Generator","ART_AND_DESIGN"
""com.digitalpalette.emojimaker","Emoji Maker Pro: Design Emojis","ART_AND_DESIGN"
""com.neupanedinesh.fonts.fontskeyboard","Fonts Aa - Keyboard Fonts Art","ART_AND_DESIGN"
""com.appme.singpets","My Pet Singing & Talking","ART_AND_DESIGN"
""bueno.android.paint.my","Paint for Android","ART_AND_DESIGN"
""com.stockimgai.stockimg_app","Stockimg AI: AI Art Generator","ART_AND_DESIGN"
""com.wallpicture.full","WallPicture2 - Art room design","ART_AND_DESIGN"
""com.gotv.nflgamecenter.us.lite","NFL","SPORTS"
""com.espn.score_center","ESPN","SPORTS"
""onxmaps.hunt","onX Hunt: GPS Hunting Maps","SPORTS"
""com.gc.teammanager","GameChanger","SPORTS"
""com.dazn","DAZN - Watch Live Sports","SPORTS"
""com.bamnetworks.mobile.android.gameday.atbat","MLB","SPORTS"
""com.yahoo.mobile.client.android.fantasyfootball","Yahoo Fantasy Football, Sports","SPORTS"
""com.bleacherreport.android.teamstream","Bleacher Report: Sports News","SPORTS"
""com.fantasypros.myplaybook","Fantasy Football My Playbook","SPORTS"
""com.topps.bunt","Topps® BUNT® MLB Card Trader","SPORTS"
""com.foxsports.videogo","Bally Sports","SPORTS"
""com.nfl.fantasy.core.android","NFL Fantasy Football","SPORTS"
""com.huntstand.core","HuntStand - GPS Maps & Tools","SPORTS"
""com.formulaone.production","F1 TV","SPORTS"
""com.fishbrain.app","Fishbrain - Fishing App","SPORTS"
""com.squarevalley.i8birdies","18Birdies Golf GPS Rangefinder","SPORTS"
""com.flipps.fitetv","TrillerTV: Live Sports","SPORTS"
""com.playon.nfhslive","NFHS Network","SPORTS"
""com.nbaimd.gametime.nba2011","NBA: Live Games & Scores","SPORTS"
""com.pinkbike.trailforks","Trailforks","SPORTS"
""com.neulion.smartphone.btn2go.android","B1G+: Watch College Sports","SPORTS"
""com.regasoftware.udisc","UDisc Disc Golf App","SPORTS"
""com.appdirtvision","DIRTVision","SPORTS"
""com.theathletic","The Athletic: Sports News","SPORTS"
""com.fantasypros.draftwizard.football","Fantasy Football Draft Wizard","SPORTS"
""com.contorra.golfpad","Golf Pad: Golf GPS & Scorecard","SPORTS"
""com.sportsaction.action","Action Network: Sports Tracker","SPORTS"
""com.neulion.smartphone.ufc.android","UFC","SPORTS"
""tv.willow","Willow - Watch Live Cricket","SPORTS"
""com.buoy76.huntpredictor","HuntWise: A Better Hunting App","SPORTS"
""com.myracepass.myracepass","MyRacePass - Official MRP App","SPORTS"
""com.yesnetwork.mobile","YES Network","SPORTS"
""com.scoreholio.android","Scoreholio","SPORTS"
""com.bluetees","Blue Tees Game","SPORTS"
""com.wnba.centercourt","WNBA - Live Games & Scores","SPORTS"
""com.ludexmobile","LUDEX Sports Card Scanner +TCG","SPORTS"
""com.mobile.basemap","BaseMap: Hunting Maps and GPS","SPORTS"
""com.sbgtv.marqueesports","Marquee Sports Network","SPORTS"
""com.garmin.android.apps.golf","Garmin Golf","SPORTS"
""com.advancedmobile.android.ghin","GHIN","SPORTS"
""com.nascar.nascarmobile","NASCAR MOBILE","SPORTS"
""onxmaps.backcountry","onX Backcountry Trail Maps GPS","SPORTS"
""com.espn.fantasy.lm.football","ESPN Fantasy Sports","SPORTS"
""com.golflogix.ui","GolfLogix Golf GPS + 3D Putts","SPORTS"
""com.huami.watch.hmwatchmanager","Zepp（formerly Amazfit）","SPORTS"
""com.grint.thegrint.pro","TheGrint | Golf Handicap & GPS","SPORTS"
""com.active.aps.meetmobile","Meet Mobile: Swim","SPORTS"
""app.collx.android","CollX: Sports Card Scanner","SPORTS"
""com.smartboxtv.nunchee.fanatiz","Fanatiz","SPORTS"
""com.bkfc","Bare Knuckle BKFC","SPORTS"
""com.lanetalk","Lanetalk","SPORTS"
""com.bettingpros.app.play","BettingPros: Sports Betting","SPORTS"
""com.voidsoftware.outfitter","Spartan Forge","SPORTS"
""com.teamsnap.teamsnap","TeamSnap: manage youth sports","SPORTS"
""com.rmg.cowboychannel","The Cowboy Channel Plus","SPORTS"
""com.gregacucnik.fishingpoints","Fishing Points - Fishing App","SPORTS"
""com.hole19golf.hole19.beta","Hole19 Golf GPS & Range Finder","SPORTS"
""cash.props.app","Props.Cash | Player Props Data","SPORTS"
""com.beckett","Beckett Mobile","SPORTS"
""com.karttuner.racemonitor","Race Monitor","SPORTS"
""com.softpauer.f1timingapp2014.basic","Formula 1®","SPORTS"
""com.playon.nfhslive.googletv","NFHS Network TV","SPORTS"
""com.shotzoom.golfshot2","Golfshot Golf GPS RangeFinder","SPORTS"
""com.walterpicks.picksapp","WalterPicks - Fantasy Football","SPORTS"
""com.discgolfprotour","Disc Golf Network","SPORTS"
""com.memsgroupinc.fishbox","Fishbox - Fishing Forecast","SPORTS"
""com.greatdetail.ags","Awesome Golf Simulator","SPORTS"
""com.golfbuddy.smartcaddie","SMART CADDIE by GOLFBUDDY","SPORTS"
""com.myoutdoortv","MyOutdoorTV: Hunt, Fish, Shoot","SPORTS"
""eu.gowod","GOWOD","SPORTS"
""com.fantasysportsco.yahoodf","LineStar DFS & Props Optimizer","SPORTS"
""com.footballguys.fbgdraftx","Draft Dominator","SPORTS"
""com.msgi.msggo","MSG+","SPORTS"
""com.rohwrestling.android","Ring of Honor","SPORTS"
""com.leaguesecretary.mobile","League Secretary","SPORTS"
""ca.compusport.compusport","CompuSport","SPORTS"
""com.yesnetwork.yes","YES Network","SPORTS"
""com.swingbyswing","SwingU: Golf GPS Range Finder","SPORTS"
""com.fishingai","Deep Dive","SPORTS"
""sport.mojo.android","MOJO Sports","SPORTS"
""com.omniafishing.app","Omnia Fishing App: Plan + Shop","SPORTS"
""com.dorna.officialmotogp","MotoGP™","SPORTS"
""com.bassforecast.android","BassForecast: Fishing Forecast","SPORTS"
""com.racindirttv","RacinDirt TV","SPORTS"
""com.ballistic.calculator.strelok","Ballistics Calculator 2024","SPORTS"
""com.footballguys.fbgmyx","League Dominator","SPORTS"
""com.bpdj.ballparkdj","BallparkDJ Walkout Intros","SPORTS"
""com.ladderstudios.cardladder","Card Ladder","SPORTS"
""horse.schvung.equilab","Equilab: Horse & Riding App","SPORTS"
""com.rotogrinders.rg_lineups","RotoGrinders Daily Fantasy","SPORTS"
""com.fargorate.player","FargoRate Player","SPORTS"
""com.jome.oneboat","One-Boat Network","SPORTS"
""com.optimal.optimalbets","Optimal: +EV Picks & Analysis","SPORTS"
""com.fishangler.fishangler","FishAngler - Fishing App","SPORTS"
""com.heja.app","Heja Sports Team Communication","SPORTS"
""com.speed51","RacingAmerica.tv","SPORTS"
""com.tomboley.walleyenow","Walleye Now","SPORTS"
""com.precisiontrollingdata.precisiontrollingdata","Precision Trolling Data","SPORTS"
""com.wearetrue.playmakerx.tackle","Tackle Football Playmaker X","SPORTS"
""com.atlasappco.fanduellineups","LineStar for FanDuel","SPORTS"
""com.rotoql.betql","BetQL - Sports Betting Data","SPORTS"
""com.atlasappco.draftkingsdailyfootball","LineStar for DK","SPORTS"
""com.scoresandodds.mobile","Scores And Odds Sports Betting","SPORTS"
""com.draftkitapp","Fantasy Football Draft Kit UDK","SPORTS"
""laola1.wrc","Rally TV","SPORTS"
""com.smart_fishing_spots.app","Smart Fishing Spots","SPORTS"
""com.pickwatch.mobile","Pickwatch","SPORTS"
""com.dmacpro91.jb4_mobile","JB4 Mobile","SPORTS"
""com.ut.utr","UTR Sports","SPORTS"
""com.gametimes","SubTime: Game Management","SPORTS"
""com.appliedballisticsllc.appliedballistics","Applied Ballistics","SPORTS"
""com.appforceus.elknut","ElkNut","SPORTS"
""com.fishangler.fishingspots","Fishing Spots - Fish Maps","SPORTS"
""com.juiceintegration.juicereel","Juice Reel: Bet Tracker & Tips","SPORTS"
""com.teamtopia.swimtopia","SwimTopia","SPORTS"
""com.edufii","CoachNow: Coaching Platform","SPORTS"
""com.freedropinnovations.gamebookInter","Golf GameBook Scorecard & GPS","SPORTS"
""com.rankedin.video","SportCam - Video & Scoreboard","SPORTS"
""com.wearetrue.playmakerx.flag","Flag Football Playmaker X","SPORTS"
""com.project9a.redpoint","KAYA: THE CLIMBER’S APP","SPORTS"
""com.feetofgame","94FEETOFGAME","SPORTS"
""com.athletesgolive.streamingapp","AthletesGoLive","SPORTS"
""com.linemate","Linemate","SPORTS"
""com.lifeplus.diveplus","Dive+ : Diving Community","SPORTS"
""com.horseplayertoolkit.horseplayer","Horse Racing Picks & Bet Tips","SPORTS"
""global.nebo","Nebo - Boat Logging Made Easy.","SPORTS"
""com.hellotldr.tldr","Imagine Golf: Score Better","SPORTS"
""eu.virtualtraining.rouvy.android","ROUVY: Indoor Cycling Training","SPORTS"
""com.fishidy","Fishidy: Fishing Hot Spot Maps","SPORTS"
""com.fishrulesapp.fishrules2013","Fish Rules: Fishing App","SPORTS"
""ott.gosports","GoSports Live","SPORTS"
""com.v1.v1golf2","V1 Golf: Golf Swing Analyzer","SPORTS"
""com.paninidigitalinc.nbadunk","NBA Dunk - Trading Card Games","SPORTS"
""com.midco.sportsplus","Midco Sports Plus","SPORTS"
""eu.deeper.fishdeeper","Fish Deeper - Fishing App","SPORTS"
""ott.thecushion","The Cushion","SPORTS"
""com.fishverify","FishVerify: ID & Regulations","SPORTS"
""com.performancegolf.mobile","Performance Golf AI Swing Fix","SPORTS"
""co.refsix","REFSIX - Soccer Referee Watch","SPORTS"
""com.flygaggle.flutterapp","Gaggle - Flight Recorder","SPORTS"
""com.pikkit.android","Pikkit: Sports Betting Tracker","SPORTS"
""com.tennistv.cdtv","Tennis TV - Live Streaming","SPORTS"
""com.pinpal.full","PinPal","SPORTS"
""com.widex.goalkolik","Live football TV","SPORTS"
""dce.fivb.volleyballtv","Volleyball TV - Streaming App","SPORTS"
""air.com.thetourtracker.cntt","Tour Tracker Grand Tours","SPORTS"
""com.coliseum.therugbynetwork","The Rugby Network","SPORTS"
""com.sharpapp","Sharp App: Sports Betting","SPORTS"
""com.geoballistics.ballisticsarc","GeoBallistics","SPORTS"
""app.salotto.salottomobile","Salotto","SPORTS"
""us.openocean.proangler","Pro Angler Fishing App","SPORTS"
""com.betsmartai.betsmartai","AI Sports Betting : BetSmartAI","SPORTS"
""com.nbn23.fansapp","SWISH by NBN23","SPORTS"
""kr.co.moais.golffix","GolfFix | AI Coach Golf Lesson","SPORTS"
""com.rideiq","Ride iQ: Daily Riding Lessons","SPORTS"
""lunosoftware.scoresandodds","Live Scores & Odds","SPORTS"
""com.rotowire.picks","RotoWire Picks | Player Props","SPORTS"
""com.krackwins.app","KrackWins","SPORTS"
""com.mu.muclubapp","Manchester United Official App","SPORTS"
""com.toad.sports.mobile.toad_sports","Toad Sports","SPORTS"
""net.athletic.app","AthleticAPP","SPORTS"
""com.tennischannel.tceverywhere","Tennis Channel+","SPORTS"
""com.sportsmax","SportsMax","SPORTS"
""com.sportsbox.golfai","Sportsbox 3D Golf","SPORTS"
""com.traineffective","Train Effective Soccer Academy","SPORTS"
""com.dynastynerds.mockdraft","Dynasty Nerds","SPORTS"
""com.tenpintoolkit.app","Tenpin Toolkit: Bowling Tools","SPORTS"
""com.tourtempo.totalgame","Tour Tempo Golf Total Game","SPORTS"
""com.dartcounter.mobile","DartCounter","SPORTS"
""com.gannett.dolly.Hawkeyes","Hawk Central","SPORTS"
""com.ballisticx.ballisticxapp","Ballistic X","SPORTS"
""net.usasportstatistics.SoccerRankings","Soccer Rankings","SPORTS"
""com.nznlabs.litpro_mx","LITPro - GPS Lap Timer","SPORTS"
""com.arkeapps.fantasylife","Bleacher Nation Fantasy","SPORTS"
""com.insideoutside.ihuntersk","iHunter Saskatchewan","SPORTS"
""com.fantasypros.myplaybookmlb","Fantasy Baseball My Playbook","SPORTS"
""com.compughter.ratings","Versus Sports Simulator","SPORTS"
""tv.independentwrestling.app","IWTV.live for Android","SPORTS"
""com.sports.schedules.football.ncaa","Scores App: College Football","SPORTS"
""com.radgolf","Rad Golf, Rangefinder Golf GPS","SPORTS"
""com.swingtweaks.swingtweaksapp","Swingtweaks","SPORTS"
""com.goodbarber.fadethepublic","Fade The Public","SPORTS"
""com.BOBs.BBS","Bowling Brackets / Sidepots","SPORTS"
""se.ztabler.app.ztable","Ridely - Horse Riding","SPORTS"
""com.antonnikitin.solunarforecast","Fishing & Hunting Solunar Time","SPORTS"
""com.playyourcourt.app","PlayYourCourt - Play Tennis","SPORTS"
""com.sofascore.results","Sofascore - Live sports scores","SPORTS"
""com.akkastech.bmsu.bmsu","Beast Mode Soccer+","SPORTS"
""com.crosscountryapp.mobile","CrossCountry - Eventing App","SPORTS"
""com.fantasyfootballcalculator.mobile","Fantasy Football Calculator","SPORTS"
""com.rotogrinders.rg_lineups_dk","LineupHQ Express for DK","SPORTS"
""uk.co.disciplemedia.dgacademy","Dan Grieve Academy","SPORTS"
""com.futbin","FUTBIN 24 Database & Draft","SPORTS"
""com.tipsters.betonair","Bet On Air - Betting Tips","SPORTS"
""com.hotclays.android","HotClays Trap, Skeet, and Spor","SPORTS"
""com.PhiNetworks.GolfiN","PhiGolf","SPORTS"
""com.skygolf.skycaddie","SkyCaddie Mobile Golf GPS","SPORTS"
""com.dapperlabs.NFLAllDay","NFL ALL DAY","SPORTS"
""com.setanta.app","Setanta Sports: Sports TV App","SPORTS"
""com.switchedonapp.switchedonapp","SwitchedOn - Reaction Training","SPORTS"
""com.linkedin.android","LinkedIn: Jobs & Business News","BUSINESS"
""com.aadhk.woinvoice","Invoice Simple: Invoice Maker","BUSINESS"
""com.intuit.quickbooks","QuickBooks Online Accounting","BUSINESS"
""com.joistapp.android.joist","Joist Invoices for Contractors","BUSINESS"
""us.zoom.videomeetings","Zoom Workplace","BUSINESS"
""com.reportallusa.landglide","LandGlide","BUSINESS"
""biz.faxapp.app","FAX App: Send Faxes from Phone","BUSINESS"
""com.invoice2go.invoice2goplus","Invoice2go: Easy Invoice Maker","BUSINESS"
""com.mobisystems.office","OfficeSuite: Word, Sheets, PDF","BUSINESS"
""com.bpmobile.iscanner.free","iScanner - PDF Scanner App","BUSINESS"
""com.adobe.scan.android","Adobe Scan: PDF Scanner, OCR","BUSINESS"
""co.heybliss.blisskeyboard","Boards.com","BUSINESS"
""io.labhouse.invoicesapp","Invoice Fly - Quote Maker","BUSINESS"
""com.bold.mpr","MyPerfectResume Builder","BUSINESS"
""com.invoicehome.invoicehome","Invoice Maker & Billing App","BUSINESS"
""com.nfc.popl","Popl - Digital Business Card","BUSINESS"
""com.sitefinder.wellsitenavigatorusa","Wellsite Navigator","BUSINESS"
""com.bg.flyermaker","Flyers, Poster Maker, Design","BUSINESS"
""com.paveapp","Solo: Your Gig Business App","BUSINESS"
""com.godaddy.gdm.smartline","SmartLine Second Phone Number","BUSINESS"
""com.mobisystems.mobiscanner","PDF Extra PDF Editor & Scanner","BUSINESS"
""com.appxy.tinyscanner","Tiny Scanner - PDF Scanner App","BUSINESS"
""com.allinone.logomaker.app","Logo Maker : Graphic Designer","BUSINESS"
""com.getjobber.jobber","Jobber: For Home Service Pros","BUSINESS"
""me.fax.im","FAX - Send Fax from Phone","BUSINESS"
""com.thegrizzlylabs.geniusscan.free","Genius Scan - PDF Scanner","BUSINESS"
""com.appxy.tinyfax","Tiny Fax - Send Fax from Phone","BUSINESS"
""com.rabbl.blinq","Blinq - Digital Business Card","BUSINESS"
""com.tapeacall.com","TapeACall: Call Recorder","BUSINESS"
""com.waveapps.sales","Wave: Small Business Software","BUSINESS"
""com.easyexpense","Receipt Scanner: Easy Expense","BUSINESS"
""de.minirechnung","Invoice Maker by Billdu","BUSINESS"
""com.easyinvoice","Easy Invoice & Estimate Maker","BUSINESS"
""com.netqin.ps","Vault - Hide Pics, App Lock","BUSINESS"
""com.sinc.sincandroid","SINC: Employee Time Clock","BUSINESS"
""co.timesquared.timetracker","Time Clock: Easy Tracker","BUSINESS"
""com.mobisystems.fileman","File Commander Manager & Vault","BUSINESS"
""com.coolmobilesolution.easyfax","Easy Fax - Send Fax from Phone","BUSINESS"
""app.bakesy.release","Bakesy: Home Bakery Biz App","BUSINESS"
""crowdedroad.iFax","iFax - Send & receive fax app","BUSINESS"
""com.acretrader.acremapsmobile","Acres: Land Data & Parcel Maps","BUSINESS"
""com.freshbooks.andromeda","FreshBooks Invoicing App","BUSINESS"
""com.admin.linkedphone","Linked Phone Business Number","BUSINESS"
""com.jotform.v2","Jotform Mobile Forms & Survey","BUSINESS"
""io.trigger.forge633ed212c46d11e185cd12313d1adcbe","Bushel Farm","BUSINESS"
""com.gizwood","Contractor Estimate & Invoice","BUSINESS"
""com.tofu.invoices","Invoice Maker & Receipt App","BUSINESS"
""com.barkpro","Bark for Professionals","BUSINESS"
""com.taskiboonpublishers.taskiopinionrewardsconverter","Taski Opinion Reward Converter","BUSINESS"
""com.glykka.easysign","Signeasy | Sign and Fill Docs","BUSINESS"
""invoice.invoicemaker.estimatemaker.billingapp","My Invoice Maker & Invoice","BUSINESS"
""com.doft.android.carrier","Doft Load Board & Truck Loads","BUSINESS"
""com.index.mobile.crm.small.business.texting.tools","Index: Business Phone Number","BUSINESS"
""com.honeybook.alfred","HoneyBook - Small Business CRM","BUSINESS"
""com.t65locator.t65","T65 Locator","BUSINESS"
""free.faxing.app.machine.fax.documents.from.phone","FAX FREE™: Send FAX From Phone","BUSINESS"
""corp.quoteiq.app","QuoteIQ","BUSINESS"
""com.hypereact.faxappgp","Smart Fax: Send Fax from Phone","BUSINESS"
""com.houzz.pro","Houzz Pro","BUSINESS"
""com.iplum.android","iPlum: 2nd Phone Number App","BUSINESS"
""com.intsig.BCRLite","CamCard-Digital business card","BUSINESS"
""au.com.speedinvoice.android","Invoice Maker","BUSINESS"
""com.zumimall.protecthome","ZUMIMALL","BUSINESS"
""com.linkedin.android.salesnavigator","LinkedIn Sales Navigator","BUSINESS"
""com.jetsign.app","JetSign: Fill & Sign PDF Forms","BUSINESS"
""com.thegrizzlylabs.geniusfax","Genius Fax","BUSINESS"
""com.stockmanagment.online.app","Stock and Inventory Online","BUSINESS"
""com.simplescan.scanner","Simple Scan - PDF Scanner App","BUSINESS"
""org.kman.AquaMail","Email Aqua Mail - Fast, Secure","BUSINESS"
""me.easyline.call.text","EasyLine Business Phone Number","BUSINESS"
""com.simpleapp.fax","Simple Fax-Send Fax from Phone","BUSINESS"
""com.dynamixsoftware.printershare","PrinterShare Mobile Print","BUSINESS"
""com.countthis.count.things.counting.template.counter","Count This・Counting Things App","BUSINESS"
""com.splashtop.remote.pad.v2","Splashtop Personal","BUSINESS"
""com.mobapps.scanner","xScan: Document Scanner","BUSINESS"
""com.joinhomebase.homebase.homebase","Homebase: Staff Scheduling App","BUSINESS"
""com.cribasoft.HoursTrackerFree.Android","Hours Tracker Time Tracking","BUSINESS"
""com.epitosoft.wellsitemaps","Petrix Maps Oilfield Navigator","BUSINESS"
""amplify.fill","Fill and Sign Easy PDF Editor","BUSINESS"
""com.appxy.tinyinvoice","Invoice Maker - Tiny Invoice","BUSINESS"
""com.pixsterstudio.printerapp","Smart HPrinter Service :ePrint","BUSINESS"
""com.ezclocker","ezClocker: Employee Time Track","BUSINESS"
""com.ecwid.android","Ecwid Ecommerce","BUSINESS"
""com.apalon.scanner.app","Scan Hero: Scanner App","BUSINESS"
""com.tasmanic.camtoplanfree","Tape measure Measurement ruler","BUSINESS"
""fax.app","Send Fax plus Receive Faxes","BUSINESS"
""com.petropath.first","Petro Path","BUSINESS"
""com.appmystique.businesscardmaker","Business Card Maker","BUSINESS"
""wb.receipts","Smart Receipts: Expenses Scan","BUSINESS"
""com.rewardconverter.rainbow","Rainbow Rewards","BUSINESS"
""com.supportstream.lifesteps","Life Steps","BUSINESS"
""com.mor.tedooo","Tedooo","BUSINESS"
""com.onebuild.handoff","Handoff Construction Estimator","BUSINESS"
""play.me.hihello.app","HiHello: Digital Business Card","BUSINESS"
""com.wooask.zx","Wooask | Offline translation","BUSINESS"
""net.pkge.pkge","Package Tracker - pkge Mobile","BUSINESS"
""com.server.auditor.ssh.client","Termius - SSH and SFTP client","BUSINESS"
""de.ozerov.fully","Fully Kiosk Browser & Lockdown","BUSINESS"
""com.barefeet.logomaker","AI Logo Generator Logo Maker","BUSINESS"
""com.applaudsoft.wabi.virtual_number","Wabi - Virtual Phone Number","BUSINESS"
""com.plangrid.android","Autodesk Construction Cloud","BUSINESS"
""com.rapidbooksapp.invoice","Invoice Maker & Template","BUSINESS"
""pdf.scanner.editor.cam","Docly: PDF Scanner & Editor","BUSINESS"
""com.jobflex.android","Invoice Maker & Estimating App","BUSINESS"
""com.actualsoftware.faxfile","FaxFile - Send Fax from phone","BUSINESS"
""com.simple.invoice.maker","Saldo: Bill & Invoice Maker","BUSINESS"
""com.invoiceasap.nativeapp","Invoice ASAP: Mobile Invoicing","BUSINESS"
""sendfax.app","FREE FAX - Easy PDF Faxing App","BUSINESS"
""com.kdanmobile.android.pdfreader.google.pad","PDF Reader: Edit & Convert PDF","BUSINESS"
""com.municorn.scanner","Scanner App: Scan PDF Document","BUSINESS"
""com.aimobiapps.onphone","OnPhone - Second Phone Number","BUSINESS"
""com.thunderproco","Thunder Pro","BUSINESS"
""com.zoho.invoice","Zoho Invoice - Invoice Maker","BUSINESS"
""com.zoho.books","Accounting App - Zoho Books","BUSINESS"
""com.scottsware.ezccsa","EzCCS","BUSINESS"
""net.invoice.bee","Invoice Maker | Bill clients |","BUSINESS"
""com.invoiceapp","Simple Invoice Manager","BUSINESS"
""com.resumemakerapp.cvmaker","Resume Builder: CV maker PDF","BUSINESS"
""com.freeconferencecall.fccmeetingclient","Free Conference Call","BUSINESS"
""com.stockmanagment.next.app","Stock and Inventory Simple","BUSINESS"
""com.squareup.invoicesapp","Square Invoices: Invoice Maker","BUSINESS"
""com.twansoftware.invoicemakerpro","ProBooks: Invoice Maker","BUSINESS"
""com.piksoft.turboscan.free","TurboScan™: PDF scanner","BUSINESS"
""com.beintch.intch","Intch: The Future of Work App","BUSINESS"
""sampson.cvbuilder","Resume Builder - CV Engineer","BUSINESS"
""com.piksoft.turbofax","Turbo Fax: send fax from phone","BUSINESS"
""com.tvscreencasting.screencast.screenmirroring","Cast Phone to TV, Chromecast","BUSINESS"
""com.mobisystems.editor.office_registered","OfficeSuite Pro + PDF","BUSINESS"
""virtualnumber.secondphone.virtualphone","GetCode - Virtual Number SMS","BUSINESS"
""com.dotloop.mobile","dotloop","BUSINESS"
""com.extracomm.snapfax","Snapfax:  Pay-as-you-go Fax","BUSINESS"
""net.bookedin.bam","Bookedin Appointment Scheduler","BUSINESS"
""com.receiptbank.android","Dext: Receipt Tracker & Bills","BUSINESS"
""com.xactware.remodel","XactRemodel","BUSINESS"
""com.buildcalc.buildcalc","BuildCalc","BUSINESS"
""com.bestfarrierapp.bestfarrier","Best Farrier - a farrier app","BUSINESS"
""app.catdb","Cat DB - Catalytic Converters","BUSINESS"
""cm.confide.android","Confide - secure messenger","BUSINESS"
""com.bg.socialcardmaker","Social Media Post Maker","BUSINESS"
""com.maz.combo1126","Harvard Business Review","BUSINESS"
""com.zebra.android.barcode.duplicator","Barcode Duplicator","BUSINESS"
""com.origa.salt","Watermark Photos & Videos","BUSINESS"
""com.graingersoftwaresolutions.cattlemarketmobile","Cattle Market Mobile","BUSINESS"
""us.bioapp.bioapp_wetland_app","BioApp: Wetland Delineation","BUSINESS"
""com.mobiletek.driverlens","DriverLens","BUSINESS"
""com.zobaze.pos","Retail POS Billing & Inventory","BUSINESS"
""com.coin.checker","Coin Identifier Coin Scanner","BUSINESS"
""com.prolandscape.contractor","PRO Landscape Contractor","BUSINESS"
""lv.eprotect.droid.landlordy","Landlordy: Property Management","BUSINESS"
""co.quicksell.app","QuickSell Catalogue Commerce","BUSINESS"
""com.morgantrudeau.employeelink","Employee Link - Time Tracker","BUSINESS"
""co.parceled","Parceled - Real Estate","BUSINESS"
""com.rst.bedbooking","BedBooking Booking Calendar","BUSINESS"
""com.appll.superfax","Super Fax -Send Fax From Phone","BUSINESS"
""com.weeklyplannerapp.weekplan","Weekly Planner - Diary, Notes","BUSINESS"
""free.fax.app","FAX APP - Send Fax Online","BUSINESS"
""com.lawnbuddyict.provider","Lawn Buddy Management Software","BUSINESS"
""com.sendfaxonline","Fax app - Send Fax From Phone","BUSINESS"
""com.intsig.BizCardReader","CamCard-Digital business card","BUSINESS"
""net.tapgroom","TapGroom Pet Grooming Salon","BUSINESS"
""com.roboxfit","Robox Fit - Walk & Earn","BUSINESS"
""com.business.card.scanner.reader","Business Card Scanner & Reader","BUSINESS"
""com.gumroad.app","Gumroad","BUSINESS"
""com.jobtoday.app","JOB TODAY: Hire & Find Jobs","BUSINESS"
""com.kyte","Kyte POS: Store Inventory","BUSINESS"
""com.atominvoice.app","Invoice Maker: Easy & Reliable","BUSINESS"
""com.cat.digital.mobile.sis2go","SIS2GO","BUSINESS"
""com.buildout.BuildoutMobile","Buildout","BUSINESS"
""com.TTT.watermark.addwatermark.watermarkphotos","Watermark - Watermark Photos","BUSINESS"
""com.appmystique.resume","Resume Builder CV Maker App","BUSINESS"
""com.mobiletranstorapps.all.languages.translator.free.voice.translation","All Languages Translator","BUSINESS"
""ott.forgottenweapons","History of Weapons & War","BUSINESS"
""com.showami.showamiapp","Showami Showing Agent Services","BUSINESS"
""com.ivant.orderreadyandroid","OrderReady TV Number Screen","BUSINESS"
""com.airbrush.vmake","Vmake AI Fashion Model Studio","BUSINESS"
""com.knock24.app","Dingdoor - Service Pros Now","BUSINESS"
""com.aadhk.time","Timesheet - Work Hours Tracker","BUSINESS"
""io.knoxweb.smartcheck","Home Inspection Fast","BUSINESS"
""com.calculated.iticalc4187","ITI Calc","BUSINESS"
""invoice.maker.estimate.billing","Easy Invoice & Estimates Maker","BUSINESS"
""app.shiftflow","ShiftFlow - Track Team Hours","BUSINESS"
""com.accounting.bookkeeping","Accounting Bookkeeping","BUSINESS"
""com.bpmobile.ifax.free","Fax App: Send Faxеs From Phone","BUSINESS"
""com.gamepower7.gp7","Game Power 7","BUSINESS"
""com.perdiemplus.perdiemplus","Per Diem Plus®-Owner Operators","BUSINESS"
""com.appmystique.letterhead","Letterhead Maker","BUSINESS"
""pdf.scanner.reader.online.pro","PDF scanner - Scan Documents","BUSINESS"
""com.svgapps.android.invoice","Invoice & Estimate Maker","BUSINESS"
""partl.workinghours","WorkingHours - Time Tracking","BUSINESS"
""com.app.ai.proposal","AI Proposal Writer, Generator","BUSINESS"
""com.second.phone.number.text.now.sideline_2ndline","2nd Line - Second Phone Number","BUSINESS"
""com.trailofbits.iverify","iVerify Basic","BUSINESS"
""au.com.tapstyle","TapStyle for hair salon","BUSINESS"
""com.rollerbannermaker","Thumbnail Maker, Banner Maker","BUSINESS"
""osacky.ridemeter","Meter for Taxis","BUSINESS"
""com.svgapps.android.receiptmaker","Receipt Maker - Sign & Send","BUSINESS"
""com.OnTrackApps.OTACommercialRoofingEstimates","Performance Roofing Estimates","BUSINESS"
""splendid.logomaker.designer","Logo maker Design Logo creator","BUSINESS"
""com.mobiuslabs.liquortx","LiquorTX – Bar Sales Data","BUSINESS"
""com.piksoft.turboscan","TurboScan™ Pro: PDF scanner","BUSINESS"
""com.scopely.monopolygo","MONOPOLY GO!","GAME"
""com.dreamgames.royalmatch","Royal Match","GAME"
""com.king.candycrushsaga","Candy Crush Saga","GAME"
""com.fun.lastwar.gp","Last War:Survival Game","GAME"
""com.roblox.client","Roblox","GAME"
""com.moonactive.coinmaster","Coin Master","GAME"
""com.gof.global","Whiteout Survival","GAME"
""com.nianticlabs.pokemongo","Pokémon GO","GAME"
""com.playrix.township","Township","GAME"
""air.com.buffalo_studios.newflashbingo","Bingo Blitz™️ - Bingo Games","GAME"
""net.supertreat.solitaire","Solitaire Grand Harvest","GAME"
""com.superplaystudios.dicedreams","Dice Dreams™️","GAME"
""com.supercell.brawlstars","Brawl Stars","GAME"
""com.plarium.raidlegends","RAID: Shadow Legends","GAME"
""com.williamsinteractive.jackpotparty","Jackpot Party Casino Slots","GAME"
""com.topgamesinc.evony","Evony: The King's Return","GAME"
""com.dts.freefireth","Free Fire","GAME"
""com.playrix.fishdomdd.gplay","Fishdom","GAME"
""com.activision.callofduty.shooter","Call of Duty: Mobile Season 8","GAME"
""com.king.candycrushsodasaga","Candy Crush Soda Saga","GAME"
""net.peakgames.toonblast","Toon Blast","GAME"
""com.playrix.gardenscapes","Gardenscapes","GAME"
""com.productmadness.cashmancasino","Cashman Casino Slots Games","GAME"
""net.peakgames.match","Match Factory!","GAME"
""com.HoYoverse.hkrpgoversea","Honkai: Star Rail","GAME"
""com.playrix.homescapes","Homescapes","GAME"
""air.com.playtika.slotomania","Slotomania™ Slots Casino Games","GAME"
""com.productmadness.lightninglink","Lightning Link Casino Slots","GAME"
""net.wooga.junes_journey_hidden_object_mystery_game","June's Journey: Hidden Objects","GAME"
""com.diamondlife.slots.vegas.free","Lotsa Slots - Casino Games","GAME"
""com.global.ztmslg","Puzzles & Survival","GAME"
""com.mergegames.gossipharbor","Gossip Harbor: Merge & Story","GAME"
""com.HoYoverse.Nap","Zenless Zone Zero","GAME"
""com.ballytechnologies.quickhitslots","Quick Hit Casino Slots Games","GAME"
""com.more.dayzsurvival.gp","Last Shelter: Survival","GAME"
""com.totalbattle","Total Battle: War of Empires","GAME"
""io.randomco.travel","Travel Town - Merge Adventure","GAME"
""com.bandainamcogames.dbzdokkanww","DRAGON BALL Z DOKKAN BATTLE","GAME"
""com.supercell.clashofclans","Clash of Clans","GAME"
""com.ddi","DoubleDown Casino Vegas Slots","GAME"
""com.playstudios.popslots","POP! Slots™ Vegas Casino Games","GAME"
""com.foxnextgames.m3","MARVEL Strike Force: Squad RPG","GAME"
""slots.pcg.casino.games.free.android","Cash Frenzy™ - Casino Slots","GAME"
""com.productmadness.hovmobile","Slots: Heart of Vegas Casino","GAME"
""com.vizorapps.klondike","Klondike Adventures: Farm Game","GAME"
""com.smallgiantgames.empires","Empires & Puzzles: Match-3 RPG","GAME"
""com.nvsgames.snap","MARVEL SNAP","GAME"
""com.camelgames.aoz","Age of Origins","GAME"
""com.funtomic.matchmasters","Match Masters ‎- PvP Match 3","GAME"
""com.im30.ROE.gp","Rise of Castles: Ice and Fire","GAME"
""com.kabam.marvelbattle","Marvel Contest of Champions","GAME"
""com.proximabeta.nikke","GODDESS OF VICTORY: NIKKE","GAME"
""com.MelsoftGames.FamilyIslandFarm","Family Island™ — Farming game","GAME"
""com.gramgames.mergedragons","Merge Dragons!","GAME"
""com.williamsinteractive.goldfish","Gold Fish Casino Slot Games","GAME"
""com.joycastle.mergematch","Matching Story - Puzzle Games","GAME"
""com.ea.game.starwarscapital_row","Star Wars™: Galaxy of Heroes","GAME"
""com.topultragame.slotlasvega","Cash Tornado™ Slots - Casino","GAME"
""com.huuuge.casino.slots","Huuuge Casino 777 Slots Games","GAME"
""com.grandegames.slots.dafu.casino","Jackpot World™ - Slots Casino","GAME"
""net.peakgames.amy","Toy Blast","GAME"
""com.playdemic.golf.android","Golf Clash - Golfing Simulator","GAME"
""com.nexters.herowars","Hero Wars: Alliance","GAME"
""com.bgg.jump","Project Makeover","GAME"
""com.gsn.android.tripeaks","Tiki Solitaire TriPeaks","GAME"
""com.tencent.ig","PUBG MOBILE","GAME"
""com.doubleugames.DoubleUCasino","DoubleU Casino™ - Vegas Slots","GAME"
""com.scopely.startrek","Star Trek™ Fleet Command","GAME"
""com.supercell.clashroyale","Clash Royale","GAME"
""jp.konami.pesam","eFootball™ 2024","GAME"
""com.topwar.gp","Top War: Battle Game","GAME"
""com.igg.android.lordsmobile","Lords Mobile: Last Rise of Qin","GAME"
""com.everywear.game5","Merge Mansion","GAME"
""com.global.pnck","Puzzles & Chaos: Frozen Castle","GAME"
""com.master.triple3d.find","Triple Match 3D","GAME"
""com.crowdstar.covetHome","Design Home™: House Makeover","GAME"
""com.pacificinteractive.HouseOfFun","House of Fun™ - Casino Slots","GAME"
""com.playtika.wsop.gp","WSOP Poker: Texas Holdem Game","GAME"
""com.YoStarEN.Arknights","Arknights","GAME"
""com.miHoYo.GenshinImpact","Genshin Impact: Natlan Launch","GAME"
""com.iskslowtest.mislen","Isekai:Slow Life","GAME"
""com.selfawaregames.acecasino","Big Fish Casino - Slots Games","GAME"
""com.yottagames.gameofmafia","The Grand Mafia","GAME"
""com.online.huntingsniper","Hunting Sniper","GAME"
""com.com2us.smon.normal.freefull.google.kr.android.common","Summoners War","GAME"
""com.screenshake.dominodreams","Domino Dreams™","GAME"
""com.kingsgroup.sos","State of Survival: Zombie War","GAME"
""com.funplus.kingofavalon","Frost & Flame: King of Avalon","GAME"
""com.lilithgame.roc.gp","Rise of Kingdoms: Lost Crusade","GAME"
""com.mxdzzus.google","Legend of Mushroom","GAME"
""com.jmsgame.jackpotmastercasino","Jackpot Master™ Slots - Casino","GAME"
""com.zynga.wizardofoz","Wizard of Oz Slots Games","GAME"
""com.Seriously.BestFiends","Best Fiends - Match 3 Puzzles","GAME"
""com.scopely.yux","YAHTZEE With Buddies Dice Game","GAME"
""com.diandian.gog","Guns of Glory: Lost Island","GAME"
""com.dts.freefiremax","Free Fire MAX","GAME"
""com.gamedots.seasideescape","Seaside Escape®: Merge & Story","GAME"
""com.supercell.hayday","Hay Day","GAME"
""air.com.bitrhymes.bingo","Bingo Bash: Live Bingo Games","GAME"
""com.redcell.goldandgoblins","Gold & Goblins: Idle Merger","GAME"
""com.seaofconquest.global","Sea of Conquest: Pirate War","GAME"
""com.king.farmheroessaga","Farm Heroes Saga","GAME"
""com.camelgames.superking","War and Order","GAME"
""com.futureplay.mergematch","Merge Gardens","GAME"
""com.snowprintstudios.tacticus","Warhammer 40,000: Tacticus ™","GAME"
""com.aniplex.fategrandorder.en","Fate/Grand Order (English)","GAME"
""com.zynga.words3","Words With Friends","GAME"
""com.sivona.stormshot.e","Stormshot: Isle of Adventure","GAME"
""com.unicornstudio.cashparty.slots.casino.vegas.free","Cash Club Casino - Vegas Slots","GAME"
""com.rovio.dream","Angry Birds Dream Blast","GAME"
""com.yottagames.mafiawar","Mafia City","GAME"
""com.cooking.bingo.ldkwh","Bingo Frenzy™-Live Bingo Games","GAME"
""com.huuuge.casino.texas","Billionaire Casino Slots 777","GAME"
""com.pixonic.wwr","War Robots Multiplayer Battles","GAME"
""com.nintendo.zaba","Fire Emblem Heroes","GAME"
""com.mattel163.phase10","Phase 10: World Tour","GAME"
""com.ballytechnologies.f88","88 Fortunes Casino Slot Games","GAME"
""com.tap4fun.odin.kingdomguard","Kingdom Guard:Tower Defense TD","GAME"
""com.eu.firegp","Flame of Valhalla Global","GAME"
""com.bagelcode.slots1","Club Vegas Slots Casino Games","GAME"
""com.readygo.dark.gp","Dark War Survival","GAME"
""com.bigfishgames.jackpotcityslotsf2pgoogle","Jackpot Magic - Casino Slots","GAME"
""com.zynga.hititrich","Hit it Rich! Casino Slots Game","GAME"
""com.playtika.caesarscasino","Caesars Slots: Casino Games","GAME"
""com.netmarble.nanagb","The Seven Deadly Sins","GAME"
""com.bandainamcoent.dblegends_ww","DRAGON BALL LEGENDS","GAME"
""com.greenmushroom.boomblitz.gp","Top Heroes: Kingdom Saga","GAME"
""com.orcas.panthia.island.fairyscapes","Panthia-Magical Merge Game","GAME"
""com.more.lastfortress.gp","Last Fortress: Underground","GAME"
""com.zynga.pottermatch","Harry Potter: Puzzles & Spells","GAME"
""com.innplaylabs.animalkingdomraid","Animals & Coins Adventure Game","GAME"
""com.sports.real.golf.rival.online","Golf Rival - Multiplayer Game","GAME"
""com.zynga.gotslots","Game of Thrones Slots Casino","GAME"
""com.stove.epic7.google","Epic Seven","GAME"
""com.blizzard.diablo.immortal","Diablo Immortal","GAME"
""com.devsisters.ck","CookieRun: Kingdom","GAME"
""com.wb.goog.got.conquest","Game of Thrones: Conquest ™","GAME"
""com.rovio.baba","Angry Birds 2","GAME"
""dk.tactile.lilysgarden","Lily’s Garden - Design & Relax","GAME"
""com.mojang.minecraftpe","Minecraft","GAME"
""com.peoplefun.wordcross","Wordscapes","GAME"
""com.igg.android.doomsdaylastsurvivors","Doomsday: Metal Warriors","GAME"
""com.dxx.firenow","Survivor.io","GAME"
""com.playstudios.myvegas","myVEGAS Slots: Casino Slots","GAME"
""com.mars.avgchapters","Chapters: Interactive Stories","GAME"
""com.mobile.legends","Mobile Legends: Bang Bang","GAME"
""com.global.antgame","Ant Legion: For The Swarm","GAME"
""leyi.westgame","West Game","GAME"
""com.zynga.livepoker","Zynga Poker- Texas Holdem Game","GAME"
""com.wizards.mtga","Magic: The Gathering Arena","GAME"
""com.miniclip.eightballpool","8 Ball Pool","GAME"
""com.papegames.lysk.en","Love and Deepspace","GAME"
""com.td.watcherofrealms","Watcher of Realms","GAME"
""com.belkatechnologies.clockmaker","Clockmaker: Jewel Match 3 Game","GAME"
""com.netmarble.sololv","Solo Leveling:Arise","GAME"
""com.TechTreeGames.TheTower","The Tower - Idle Tower Defense","GAME"
""com.farlightgames.igame.gp","AFK Journey","GAME"
""com.naturalmotion.customstreetracer2","CSR 2 Realistic Drag Racing","GAME"
""com.playstudios.mykonami","myKONAMI® Casino Slot Machines","GAME"
""com.matchington.mansion","Matchington Mansion","GAME"
""com.supercell.squad","Squad Busters","GAME"
""com.ea.gp.maddennfl21mobile","Madden NFL 25 Mobile Football","GAME"
""com.photonfox.g001","Magicabin: Witch's Adventure","GAME"
""com.jackpotfriends.slots","Jackpot Friends™ Slots Casino","GAME"
""com.scopely.gardenjoy","Garden Joy: Design Game","GAME"
""com.ig.screw.jam.nuts.bolts","Screw Out: Jam Puzzle","GAME"
""com.clipwiregames.tpirbingo","The Price Is Right: Bingo!","GAME"
""com.gamebrain.hexasort","Hexa Sort","GAME"
""com.ea.gp.fifamobile","EA SPORTS FC™ Mobile Soccer","GAME"
""com.dino.steel","Mecha Domination: Rampage","GAME"
""com.tinyco.potter","Harry Potter: Hogwarts Mystery","GAME"
""fi.reworks.redecor","Redecor - Home Design Game","GAME"
""com.tap4fun.ape.gplay","Age of Apes","GAME"
""com.plarium.mechlegion","Mech Arena - Shooting Game","GAME"
""com.onemt.and.kc","King's Choice","GAME"
""com.scopely.whiplash","WWE Champions","GAME"
""com.murka.scatterslots","Scatter Slots - Slot Machines","GAME"
""com.mechanist.vampire.aos","Game of Vampires: Twilight Sun","GAME"
""com.ddup.zombiewaves.zw","Zombie Waves","GAME"
""com.netmarble.mherosgb","MARVEL Future Fight","GAME"
""com.tap4fun.kissofwar.googleplay","Kiss of War","GAME"
""slots.dcg.casino.games.free.android","Jackpot Crush - Slots Games","GAME"
""net.peakgames.mobile.spades.android","Spades Plus - Card Game","GAME"
""com.gsn.android.casino","GSN Casino: Slot Machine Games","GAME"
""com.disney.emojimatch_goo","Disney Emoji Blitz Game","GAME"
""com.olleyo.piggy.king.free","Piggy Kingdom","GAME"
""com.funtriolimited.slots.casino.free","Jackpot Wins - Slots Casino","GAME"
""air.com.sgn.cookiejam.gp","Cookie Jam™ Match 3 Games","GAME"
""com.tile.match.blockpuzzle","Tile Family®:Match Puzzle Game","GAME"
""com.mergeland.alices.wonder.adventure","Alice's Dream ： Merge Games","GAME"
""com.homagames.studio.allinhole","All in Hole","GAME"
""com.kurogame.wutheringwaves.global","Wuthering Waves","GAME"
""com.slots.free.vegas.casino.jackpotland","Jackpotland-Vegas Casino Slots","GAME"
""jp.pokemon.pokemonsleep","Pokémon Sleep","GAME"
""com.playrix.manormatters","Manor Matters","GAME"
""com.bw.ud.googleplay","Sea War: Raid","GAME"
""jp.konami.duellinks","Yu-Gi-Oh! Duel Links","GAME"
""com.vincentb.MobControl","Mob Control","GAME"
""com.pocketchamps.game","Pocket Champs: 3D Racing Games","GAME"
""com.vm3.global","Truck Star","GAME"
""com.life360.android.safetymapd","Life360: Live Location Sharing","LIFESTYLE"
""com.hualai","Wyze - Make Your Home Smarter","LIFESTYLE"
""com.cricut.designspace","Design Space: DIY with Cricut","LIFESTYLE"
""com.fambase.venus","Fambase: Live & Group Chat","LIFESTYLE"
""com.thetileapp.tile","Tile: Making Things Findable","LIFESTYLE"
""com.gamesworkshop.w40k","Warhammer 40,000: The App","LIFESTYLE"
""net.psychicbook.app","PsychicBook - Psychic Readings","LIFESTYLE"
""video.chat.gaze","Gaze - Live Random Video Chat","LIFESTYLE"
""com.aveola.android","Aveola: Random Live Video Chat","LIFESTYLE"
""com.eero.android","eero wifi system","LIFESTYLE"
""com.picturerock.rock","Rock Identifier: Stone ID","LIFESTYLE"
""com.zmodo","Zmodo","LIFESTYLE"
""com.plantparentai.app","Plant Parent: Plant Care Guide","LIFESTYLE"
""genesis.nebula","Nebula: Horoscope & Astrology","LIFESTYLE"
""com.familywall","FamilyWall: Family Organizer","LIFESTYLE"
""com.oceanwing.battery.cam","eufy Security","LIFESTYLE"
""com.fet.ideawise","FET: Kink & BDSM Dating","LIFESTYLE"
""com.ants360.yicamera.international","Yi Home","LIFESTYLE"
""com.tplink.iot","TP-Link Tapo","LIFESTYLE"
""com.covenanteyes.androidservice","Covenant Eyes","LIFESTYLE"
""com.hatchbaby.rest","Hatch Sleep","LIFESTYLE"
""com.geozilla.family","GeoZilla - Find My Family","LIFESTYLE"
""com.swinglifestyle.and","SwingLifeStyle (SLS)","LIFESTYLE"
""com.thepattern.app","The Pattern Astrology","LIFESTYLE"
""com.rcplatform.livechat","Tumile - Live Video Chat","LIFESTYLE"
""com.life.palm","Life Palmistry - Palm&Gender","LIFESTYLE"
""com.gaiamtv","Gaia: Streaming Consciousness","LIFESTYLE"
""com.find.connect.family","Famio: Connect With Family","LIFESTYLE"
""vixr.bermuda","Bermuda Video Chat","LIFESTYLE"
""com.roomster","Roomster","LIFESTYLE"
""com.costarastrology","Co–Star Personalized Astrology","LIFESTYLE"
""co.purpleocean.android","Purple Ocean Psychic Readings","LIFESTYLE"
""com.chani_nicholas_inc.chani","CHANI: Your Astrology Guide","LIFESTYLE"
""com.live.bling.android","Bling - Video Chat","LIFESTYLE"
""com.tlm.location.tracker","Location Tracker: GPS App","LIFESTYLE"
""com.matchpublive","MatchPub - Live Video Chat","LIFESTYLE"
""com.cloudedge.smarteye","CloudEdge","LIFESTYLE"
""com.astrosouls","AstroSoul: Astro Palm Reader","LIFESTYLE"
""com.video.welive","WeLive - Video Chat&Meet","LIFESTYLE"
""com.minstinct.life","Pocket Insight","LIFESTYLE"
""com.smartremote.djiflydrone","DJI Fly Skylink For DJI Drones","LIFESTYLE"
""com.moonly.android","Moonly: Moon Phases & Calendar","LIFESTYLE"
""com.xiaoyu.amo","AMO","LIFESTYLE"
""io.tessie.app","Tessie — For your Tesla","LIFESTYLE"
""com.cupidabo.android","Cupidabo - flirt chat & dating","LIFESTYLE"
""net.daylio","Daylio Journal - Mood Tracker","LIFESTYLE"
""com.live.vcast.and","Ti.Live-Live Stream&Chat","LIFESTYLE"
""com.theliven.livenhabits","Liven: Improving Wellbeing","LIFESTYLE"
""com.rizzlabs.rizz","RIZZ","LIFESTYLE"
""interior.home.design.ai","Home AI - AI Interior Design","LIFESTYLE"
""com.smartriver.looka","Looka - Find Family & Friends","LIFESTYLE"
""com.meshare","meShare","LIFESTYLE"
""ai.nomi.twa","Nomi: AI Companion with a Soul","LIFESTYLE"
""com.cyanmoon","Cyanmoon","LIFESTYLE"
""com.paperless.paperlesspost","Invitation Maker & Card Design","LIFESTYLE"
""com.upriselabs.stella","Human Design: Stella","LIFESTYLE"
""com.josephprince","Joseph Prince | Gospel Partner","LIFESTYLE"
""com.majx.geoloc","Friend Tracker: Find Anyone","LIFESTYLE"
""io.funswitch.blocker","BlockerX: Porn Blocker/ NotFap","LIFESTYLE"
""com.mspy.lite","mLite - GPS Location Tracker","LIFESTYLE"
""com.journey.app","Journey: Diary, Journal","LIFESTYLE"
""com.northstar.gratitude","Gratitude: Self-Care Journal","LIFESTYLE"
""com.thehungrywasp.iamsober","I Am Sober","LIFESTYLE"
""style.dna.app","Style DNA: Fashion AI Stylist","LIFESTYLE"
""com.smooch.labs.jswipe","JSwipe – Jewish Dating & Love","LIFESTYLE"
""com.honeyai.fastreplay","Honey & Roleplay AI Chatbot","LIFESTYLE"
""com.lzlz.qifei","Zaki Chat: Live Video Chat","LIFESTYLE"
""com.vetrov.astromagic","Zodiac Palm Reader: MagicWay","LIFESTYLE"
""com.circlemedia.circlehome","Circle 1st generation","LIFESTYLE"
""com.aigirlfriend.anna","My AI Sweetheart","LIFESTYLE"
""com.likelabs.favorited","favorited","LIFESTYLE"
""mydiary.journal.diary.diarywithlock.diaryjournal.secretdiary","My Diary - Daily Diary Journal","LIFESTYLE"
""org.katy.okpdsa","Katy","LIFESTYLE"
""com.smartz","Smartz Eaze","LIFESTYLE"
""com.SpottedGhosts.SpiritTalker","Spirit Talker ™","LIFESTYLE"
""com.obedience","Obedience: BDSM habit tracker","LIFESTYLE"
""com.urbandroid.sleep","Sleep as Android: Smart alarm","LIFESTYLE"
""com.fmgf.free","Find Me Gluten Free","LIFESTYLE"
""com.clarity.cozycouples","Cozy Couples: Relationship App","LIFESTYLE"
""com.gryphonconnect.gryphon","Gryphon Connect","LIFESTYLE"
""com.ourpact.androidparent","OurPact – Parental Control App","LIFESTYLE"
""com.astrograph.timepassages","TimePassages Astrology App","LIFESTYLE"
""aichat.chatgpt","AiGo - Chat with AI Girlfriend","LIFESTYLE"
""com.vupoint.toucan","Toucan Smart Home","LIFESTYLE"
""com.raio.app","RAIO","LIFESTYLE"
""com.compasswearable","Compass - Your AI Navigator","LIFESTYLE"
""com.dayoneapp.dayone","Day One Journal: Private Diary","LIFESTYLE"
""com.growit.ai","GrowIt: Vegetable Garden Care","LIFESTYLE"
""com.everaccountable.bulldog","Bulldog Blocker AI Porn Filter","LIFESTYLE"
""com.psychictxt.psychictxtapplication","Psychic Txt - Psychic Readings","LIFESTYLE"
""dji.drone.go.fly.models","Fly Go for DJI Drone models","LIFESTYLE"
""com.yalla.yallalite","Yalla Lite - Group Voice Chat","LIFESTYLE"
""com.umax.tech","Umax - Become Hot","LIFESTYLE"
""com.myracle.light","Soulight - Psychic Reading","LIFESTYLE"
""com.anran.arcloud","ANRAN","LIFESTYLE"
""com.hayhouse.hayhouseaudio","Empower You: Unlimited Audio","LIFESTYLE"
""com.myhumandesignhd","HD - Human Design App","LIFESTYLE"
""com.yitechnology.kamihome","Kami Home","LIFESTYLE"
""com.bitsmedia.android.muslimpro","Muslim Pro: Quran Athan Prayer","LIFESTYLE"
""com.aboveok.chatlive","aboveok","LIFESTYLE"
""com.socialgood_foundation.sg_app_android","SocialGood:Crypto Rewards","LIFESTYLE"
""com.astrolink.webapp","Astrolink: Birth Chart","LIFESTYLE"
""com.colive.guroja","Guroja - Live Video Chat","LIFESTYLE"
""com.chato.amigo","Chato - Video Chat&Have Fun","LIFESTYLE"
""com.scifate.salviaplus","Salvia - Tarot & Psychics","LIFESTYLE"
""com.astroid.yodha.pro","Yodha My Astrology Horoscope","LIFESTYLE"
""org.katypro.ksaf","Katy Pro","LIFESTYLE"
""com.pinkapp","Lovely – Meet and Date Locals","LIFESTYLE"
""com.chatterbox.soulalign","SoulAlign - Emotional support","LIFESTYLE"
""com.looksmax.ai","LooksMax AI - Get Your Rating","LIFESTYLE"
""com.punchbowl.mobile","Punchbowl: Invites & eCards","LIFESTYLE"
""com.create2thrive.knitcompanion","knitCompanion","LIFESTYLE"
""com.find.phone.gps.locator.location.tracker","Chapters-eBooks,Stories&Novels","LIFESTYLE"
""com.bluemountain.ecards","Blue Mountain Ecards","LIFESTYLE"
""com.anemon.socifind","Socifind - Family Safety","LIFESTYLE"
""com.handson.h2o.az2014","Astrology Zone Horoscopes","LIFESTYLE"
""com.expect.seeyo","Seeyo","LIFESTYLE"
""com.row_counter","My Row Counter: Knit & Crochet","LIFESTYLE"
""connectiq.miles.app","Miles - Travel, Shop, Get Cash","LIFESTYLE"
""com.abode.abode","Abode","LIFESTYLE"
""mobigram.cardsnacks","CardSnacks: ecards, gift cards","LIFESTYLE"
""com.museeclub.videocall","BoloJi Pro: Live Call & Chat","LIFESTYLE"
""com.zmodo.funlux.activity","Funlux","LIFESTYLE"
""com.chillseekers.Necrophonic","Necrophonic","LIFESTYLE"
""com.jacquielawson.ecards","Jacquie Lawson Ecards","LIFESTYLE"
""com.gamesworkshop.warhammer40k","(OLD)Warhammer 40,000:The App","LIFESTYLE"
""com.cdxswx.sloda","Sloda - Meet, Chat & Dating","LIFESTYLE"
""by.olion.Moon","Moon Phase Calendar - MoonX","LIFESTYLE"
""com.BitPlague.Necrometer","Necrometer","LIFESTYLE"
""com.faladdin.app","Faladdin: Tarot & Horoscopes","LIFESTYLE"
""com.cuewebapp.cue","CUE Astrology","LIFESTYLE"
""com.lura.fit","Lura","LIFESTYLE"
""com.onlylove.chat.to.flirt","Only Love","LIFESTYLE"
""com.gaia.firetv","Gaia for TV","LIFESTYLE"
""ai.metaverse.remote.control.smarthome","Smart Light Smart Home Control","LIFESTYLE"
""com.triovent.datingapp","Sheytoon","LIFESTYLE"
""com.ioglessons","IOG Bible TV","LIFESTYLE"
""com.bambinoapp.bambino","Bambino: Babysitting made easy","LIFESTYLE"
""find.my.friends.family.phone.gps.location.device.tracker.locator","Findo: Find my Friends, Phone","LIFESTYLE"
""com.bigheadtechies.diary","Daybook - Diary, Journal, Note","LIFESTYLE"
""fr.telemaque.voyance","iPsychic : live psychic chat","LIFESTYLE"
""com.spareroom.spareroomus","SpareRoom US","LIFESTYLE"
""com.getyourmarriageon.iu","Intimately Us for Couples","LIFESTYLE"
""com.daila.jfao","Daila","LIFESTYLE"
""com.orionhoroscope.daily.horoscope","Palm Reader & Zodiac Horoscope","LIFESTYLE"
""com.rulegrid.pawscout","Pawscout","LIFESTYLE"
""com.readabl.paperkarma","PaperKarma - Stop Junk Mail","LIFESTYLE"
""com.vivid.visage","VividVisage","LIFESTYLE"
""com.positivise.moyra","Moyra: Astrology & Horoscopes","LIFESTYLE"
""com.dailyinsights","align27 Vedic Astrology Guide","LIFESTYLE"
""com.misa.chat","Misa","LIFESTYLE"
""reel.reelsage.sage","ReelSage","LIFESTYLE"
""instantportrait.ai.profile.pic","AI Professional Headshot","LIFESTYLE"
""com.topu.livechat","TopU - video chat online","LIFESTYLE"
""com.vertmedia.wingman","Plug AI: Texting Assistant","LIFESTYLE"
""com.slowlyapp","Slowly - Make Global Friends","LIFESTYLE"
""com.idesign","Neutrino Design","LIFESTYLE"
""com.covenanteyes.victoryandroid","Victory","LIFESTYLE"
""org.suky.kcsae","Suky","LIFESTYLE"
""com.thewayapp.mobile","The Way: meditation path","LIFESTYLE"
""com.straitonapps.plantcare","PlantMe - Plant identification","LIFESTYLE"
""com.seachangedigital.quiverus","Quiver: The Swinger Lifestyle","LIFESTYLE"
""com.alexbernat.bookofchanges","The Book of Changes (I-Ching)","LIFESTYLE"
""com.cga.my.color.note.notepad","My Color Note Notepad","LIFESTYLE"
""com.astroid.yodha","Yodha My Astrology & Horoscope","LIFESTYLE"
""com.spark.lds","LDSSingles","LIFESTYLE"
""com.xiaomi.smarthome","Mi Home","LIFESTYLE"
""com.bluesignum.bluediary","DailyBean: Simplest Journal","LIFESTYLE"
""com.americangreetings.ecards","American Greetings Ecards","LIFESTYLE"
""com.icollect.icollecteverything","iCollect Everything: Inventory","LIFESTYLE"
""com.halamate.app","HalaMe-Chat&meet real people","LIFESTYLE"
""com.ahoy.love.dating.meet.friends","Ahoy – Meet & Chat","LIFESTYLE"
""com.purpledotdigital.livepsychic","Live Psychic Chat","LIFESTYLE"
""com.astopia.app","Astopia: Astrology & Horoscope","LIFESTYLE"
""com.vetrov.cosmicvibe","CosmicVibe: Astrology & Moon","LIFESTYLE"
""pl.horoscope","AstroMe: Horoscope & Zodiac","LIFESTYLE"
""app.jointribe","Relay - Quit Addiction Smarter","LIFESTYLE"
""io.cordova.astromatrix","AstroMatrix Birth Horoscopes","LIFESTYLE"
""com.gratitude.challenge","365 Gratitude Journal","LIFESTYLE"
""ott.activeselfprotection","ASP UNLIMITED","LIFESTYLE"
""rish.crearo.lifehacks","Bring Life Hacks, Tips, Tricks","LIFESTYLE"
""com.starmet","StarMet","LIFESTYLE"
""com.aisle.app","Aisle — Dating App For Indians","LIFESTYLE"
""com.heyla.jfao","Heyla","LIFESTYLE"
""com.wavemarket.waplauncher","AT&T Secure Family® parent app","LIFESTYLE"
""com.guardingthegospel","AGTV","LIFESTYLE"
""com.iroomit.iroomitapp","Roommates & Rooms for Rent","LIFESTYLE"
""com.lumos.lumoschat","LumosChat: Astro Tarot Reading","LIFESTYLE"
""com.dating.kink","KNKI: Kink & Fetish Dating App","LIFESTYLE"
""com.tappytaps.android.barkio","Barkio: Dog Monitor & Pet Cam","LIFESTYLE"
""com.hiface","Hiface - Face Shape Detector","LIFESTYLE"
""com.vadeapps.frasesaniversario","Happy Birthday Wishes 2024","LIFESTYLE"
""tv.vhx.dekkoo","Dekkoo","LIFESTYLE"
""com.warriornotes","Warrior Notes TV","LIFESTYLE"
""com.et3arraf.Et3arrafApp","AlKhattaba - Muslim Marriage","LIFESTYLE"
""com.agbtechnologies.live.microphone.to.bluetooth.speaker","Live Mic to Bluetooth Speaker","LIFESTYLE"
""com.bigbook3","Everything AA","LIFESTYLE"
""com.hiiclub.live","Hiiclub:Live video call chat","LIFESTYLE"
""com.smashups","SmashUps","LIFESTYLE"
""com.scifate.salvia","Salvia - Tarot & Videncia","LIFESTYLE"
""com.picsart.studio","Picsart: AI Photo Video Editor","PHOTOGRAPHY"
""com.photoroom.app","Photoroom AI Photo Editor","PHOTOGRAPHY"
""io.faceapp","FaceApp: Perfect Face Editor","PHOTOGRAPHY"
""com.adobe.lrmobile","Lightroom Photo & Video Editor","PHOTOGRAPHY"
""com.kii.safe","Private Photo Vault - Keepsafe","PHOTOGRAPHY"
""com.bigwinepot.nwdn.international","Remini - AI Photo Enhancer","PHOTOGRAPHY"
""com.lightricks.facetune.free","Facetune: AI Hair/Photo Editor","PHOTOGRAPHY"
""com.magicv.airbrush","AirBrush: Photo/Video Editor","PHOTOGRAPHY"
""com.ai.polyverse.mirror","AI Mirror: Hugs Video & Photo","PHOTOGRAPHY"
""cosplay.ai.art.generator","Future Baby Generator: Cosplay","PHOTOGRAPHY"
""video.reface.app","Reface: Face Swap AI Photo App","PHOTOGRAPHY"
""com.cyberlink.youcammakeup","YouCam Makeup - Selfie Editor","PHOTOGRAPHY"
""com.adobe.psmobile","Photoshop Express Photo Editor","PHOTOGRAPHY"
""com.cyberlink.youperfect","YouCam Perfect - Photo Editor","PHOTOGRAPHY"
""com.codespaceapps.you","Retake AI: Face & Photo Editor","PHOTOGRAPHY"
""com.camerasideas.instashot","Video Editor & Maker - InShot","PHOTOGRAPHY"
""com.lyrebirdstudio.facelab","FaceLab Face Editor App, Aging","PHOTOGRAPHY"
""vsin.t16_funny_photo","Photo Lab Picture Editor & Art","PHOTOGRAPHY"
""com.scaleup.photofx","PhotoApp - AI Photo Enhancer","PHOTOGRAPHY"
""com.commsource.beautyplus","BeautyPlus-AI Photo/Video Edit","PHOTOGRAPHY"
""app.mymoodai","MyMood AI: AI Photo Generator","PHOTOGRAPHY"
""com.cardinalblue.piccollage.google","PicCollage: Photo Grid Editor","PHOTOGRAPHY"
""com.prequel.app","PREQUEL AI Filter Photo Editor","PHOTOGRAPHY"
""com.vsco.cam","VSCO: Photo & Video Editor","PHOTOGRAPHY"
""ai.photo.enhancer.photoclear","UpFoto - AI Photo Enhancer","PHOTOGRAPHY"
""com.appostrophe.scrl","SCRL: Photo Collage Maker","PHOTOGRAPHY"
""com.cyberlink.photodirector","PhotoDirector: AI Photo Editor","PHOTOGRAPHY"
""com.prequelapp.aistudio","GIO: AI Headshot Generator Pro","PHOTOGRAPHY"
""com.photomyne","Photo Scan App by Photomyne","PHOTOGRAPHY"
""com.lyrebirdstudio.cartoon","ToonApp Cartoon Photo Editor","PHOTOGRAPHY"
""com.lensa.app","Lensa: photo editor & AI art","PHOTOGRAPHY"
""com.photoappworld.cut.paste.photo","Cut and Paste Photos","PHOTOGRAPHY"
""com.cam001.selfie361","SelfyzAI: AI Photo Dance","PHOTOGRAPHY"
""com.gurushots.app","GuruShots: Photo Game","PHOTOGRAPHY"
""com.scaleup.dreame","Momo - AI Photo Generator","PHOTOGRAPHY"
""com.everimaging.photoeffectstudio","AI Photo Editor, Collage-Fotor","PHOTOGRAPHY"
""com.pixerylabs.cloneai","CloneAI: AI Video Generator","PHOTOGRAPHY"
""com.vicman.toonmeapp","ToonMe photo cartoon maker","PHOTOGRAPHY"
""co.appnation.aiphotostudio","Fotorama - AI Photo Generator","PHOTOGRAPHY"
""photo.editor.photoeditor.photoeditorpro","AI Photo Editor - Polish","PHOTOGRAPHY"
""net.frameo.app","Frameo: Share to photo frames","PHOTOGRAPHY"
""ai.polycam","Polycam: 3D Scanner & Editor","PHOTOGRAPHY"
""com.lyrebirdstudio.toonart","ToonArt: Cartoon Yourself","PHOTOGRAPHY"
""com.codeway.pixelup","Pixelup - AI Photo Enhancer","PHOTOGRAPHY"
""hair.style.changer.filter.haircut.color.cut.hairstyle.beard.editor.bald.dye","HairApp: Hair Styler App, Bald","PHOTOGRAPHY"
""com.smartwidgetlabs.djidrone","Go Fly Drone models controller","PHOTOGRAPHY"
""ai.photo.enhancer.ig.tiktok.editor.remini.pixelup.hd.free","AI Photo Enhancer - Evoke","PHOTOGRAPHY"
""com.lightricks.pixaloop","Motionleap by Lightricks","PHOTOGRAPHY"
""com.etoolkit.fitpix","FitPix - Face & Body Editor","PHOTOGRAPHY"
""com.unscripted.posing.app","Unscripted Photography Posing","PHOTOGRAPHY"
""io.instories","InStories: Insta Stories Maker","PHOTOGRAPHY"
""sutv.facetool.app","FaceTool: Face Swap & Generate","PHOTOGRAPHY"
""com.magictiger.ai.picma","PicMa - AI Photo Enhancer","PHOTOGRAPHY"
""ai.face.future.futureme","Future Face - See Your Future","PHOTOGRAPHY"
""video.mojo","Mojo: Reels and Video Captions","PHOTOGRAPHY"
""com.photogrid.collage.videomaker","PhotoGrid: Video Collage Maker","PHOTOGRAPHY"
""beauty.makeup.cosmo.app","Cosmo Hair Editor, Face Filter","PHOTOGRAPHY"
""com.mt.mtxx.mtxx","Meitu","PHOTOGRAPHY"
""com.theronrogers.vaultyfree","Vaulty: Hide Pictures & Videos","PHOTOGRAPHY"
""uk.co.commonapps.apufuturebabyface","AI Baby Generator: Face Maker","PHOTOGRAPHY"
""com.skylightframe.mobile","Skylight","PHOTOGRAPHY"
""com.enchantedcloud.photovault","Private Photo Vault","PHOTOGRAPHY"
""com.creedon.Nixplay","Nixplay App","PHOTOGRAPHY"
""com.flickr.android","Flickr","PHOTOGRAPHY"
""com.tickettothemoon.persona","Persona: Beauty Camera","PHOTOGRAPHY"
""com.km.cutpaste.util","Cut Paste Photos","PHOTOGRAPHY"
""tap.photo.boost.restoration","PhotoBoost: Clear Blurry Photo","PHOTOGRAPHY"
""com.magic.retouch","Retouch Remove Objects Editor","PHOTOGRAPHY"
""com.linecorp.b612.android","B612 AI Photo&Video Editor","PHOTOGRAPHY"
""com.jsdev.instasize","InstaSize Photo Editor＋Resizer","PHOTOGRAPHY"
""com.campmobile.snow","SNOW - AI Profile","PHOTOGRAPHY"
""app.getglam","Glam AI: Video & Photo Editor","PHOTOGRAPHY"
""com.type.cartoon.video","ArtPlay - Cartoon Video editor","PHOTOGRAPHY"
""com.storybeat","Storybeat Reels & Story Maker","PHOTOGRAPHY"
""com.youfan.chacktok","ChackTok","PHOTOGRAPHY"
""com.codeway.videoapp","Video AI Art Generator & Maker","PHOTOGRAPHY"
""com.toonpics.cam","Toonpics - Cartoon Photo Edit","PHOTOGRAPHY"
""com.picmonkey.picmonkey","PicMonkey Photo Editor","PHOTOGRAPHY"
""com.neuralprisma","Prisma Art Effect Photo Editor","PHOTOGRAPHY"
""photoeditor.piccollage.grid.collagemaker","Photo Collage Maker - FunPic","PHOTOGRAPHY"
""com.retouchme.body.editor.face.retouch","Retouch Me - Body, Face Editor","PHOTOGRAPHY"
""com.vicman.newprofilepic","NewProfilePic: Profile Picture","PHOTOGRAPHY"
""com.hideitpro","Hide Photos, Video and App Loc","PHOTOGRAPHY"
""com.moonlab.unfold","Unfold: Photo & Video Editor","PHOTOGRAPHY"
""com.atrisse.app.android","Artisse - Realistic AI Photos","PHOTOGRAPHY"
""air.com.befunky.BeFunkyPhotoEditor","Photo Editor by BeFunky","PHOTOGRAPHY"
""de.swejuppotto.timewarpscan","TIME WARP SCAN: Face Scanner","PHOTOGRAPHY"
""com.filmic.filmicpro","Filmic Pro: Mobile Cine Camera","PHOTOGRAPHY"
""com.aryuthere.visionplus","Litchi for DJI Drones","PHOTOGRAPHY"
""com.wma.restoreimage.photorecovery.deletedPhotoRecovery.backup.restore","Recover Deleted Photos App","PHOTOGRAPHY"
""com.feelty","Presets for Lightroom - FLTR","PHOTOGRAPHY"
""org.tezza","Tezza: Aesthetic Editor","PHOTOGRAPHY"
""photoeditor.layout.collagemaker","Collage Maker | Photo Editor","PHOTOGRAPHY"
""com.kiriengine.app","KIRI Engine: 3D Scanner App","PHOTOGRAPHY"
""collage.photocollage.collagemaker.photoeditor.photogrid","Collage Maker - Photo Editor","PHOTOGRAPHY"
""photoeditor.aiart.animefilter.snapai","AI Photo Editor - AI Morph","PHOTOGRAPHY"
""ai.photify.app","Photify AI","PHOTOGRAPHY"
""com.energysh.onlinecamera1","Background Eraser Photo Editor","PHOTOGRAPHY"
""com.collage.m2","Facelab - Selfie Face Editor","PHOTOGRAPHY"
""com.meitu.meiyancamera","BeautyCam-AI Photo Editor","PHOTOGRAPHY"
""com.lightricks.quickshot","Lightleap by Lightricks","PHOTOGRAPHY"
""com.footej.camera2","Footej Camera - PRO HD Camera","PHOTOGRAPHY"
""com.thmobile.logomaker","Logo Maker & Logo Creator","PHOTOGRAPHY"
""com.photopills.android.photopills","PhotoPills","PHOTOGRAPHY"
""photoeditor.photocollage.ai.editor.photoart","AI Photo Editor - PhotoArt","PHOTOGRAPHY"
""com.ai.video.mova","MOVA - AI Hugs Video & Filter","PHOTOGRAPHY"
""com.face.replacer","FaceSwapper: AI Swap Videos","PHOTOGRAPHY"
""com.kvadgroup.photostudio","Photo Studio: pictures editor!","PHOTOGRAPHY"
""cartoon.picture.photo.editor.caricature.maker.yourself.caricaturas.fotos.ai","Cartoonify: AI Cartoon Picture","PHOTOGRAPHY"
""com.picmepicme.app","PicMe:AI Hugs Video & Portrait","PHOTOGRAPHY"
""com.SimplyEntertaining.addwatermark","Add Watermark on Photos","PHOTOGRAPHY"
""photoeditor.backgrounderaser.cutandpastephotos","Cut and Paste Photo Editor","PHOTOGRAPHY"
""photo.editor.photoeditor.filtersforpictures","AI Photo Editor - Lumii","PHOTOGRAPHY"
""com.pixlr.express","Pixlr AI Art Photo Editor","PHOTOGRAPHY"
""com.yes366.etm","ETM: AI Art Generator","PHOTOGRAPHY"
""photocollage.photoeditor.collagemaker","Photo Editor - Collage Maker","PHOTOGRAPHY"
""com.nogamelabs.ai.photo.enhancer.photoeditor.photoclear","Remaxi: AI Photo Enhancer","PHOTOGRAPHY"
""mobi.zeezoo.photoenhancer","AI Photo Enhancer - EnhanceAI","PHOTOGRAPHY"
""com.snowcorp.epik","EPIK - AI Photo & Video Editor","PHOTOGRAPHY"
""photoeditor.photocut.background.eraser.collagemaker.cutout","PhotoEditor - CollageMaker Pro","PHOTOGRAPHY"
""com.vimage.android","VIMAGE - AI Photo Animation","PHOTOGRAPHY"
""intechsolutions.photorestore","FixMyPics - Restore Old Photos","PHOTOGRAPHY"
""djifly.drone.gofly","Go Fly Drone Remote Controller","PHOTOGRAPHY"
""mobi.charmer.fotocollage","Collage Maker & Photo Editor","PHOTOGRAPHY"
""com.jaredco.screengrabber8","Screenshot X - Screen Capture","PHOTOGRAPHY"
""com.restyle.app","Restyle: AI Headshot Generator","PHOTOGRAPHY"
""com.ai.photoeditor.fx","Face Me - AI Art Photo Editor","PHOTOGRAPHY"
""com.photoappworld.photo.sticker.creator.wastickerapps","Sticker Maker - WAStickers","PHOTOGRAPHY"
""com.ai.face.play","FacePlay - AI Filter&Face Swap","PHOTOGRAPHY"
""com.fourchars.lmpfree","LockMyPix Safe Photo Vault","PHOTOGRAPHY"
""face.editing.photo.editor.edit.hair.styler.beard.filter.old.age.changer.app","Beard App: Mustache, Hair Edit","PHOTOGRAPHY"
""ai.photo.generator.cartoon.picture.editor.face.filter.make.anime.avatar.art","AI Future Baby Maker: GenArt","PHOTOGRAPHY"
""br.com.blackmountain.photo.text","Add Text on Photo","PHOTOGRAPHY"
""com.cateater.stopmotionstudio","Stop Motion Studio","PHOTOGRAPHY"
""com.riseupgames.proshot2","ProShot","PHOTOGRAPHY"
""com.cutestudio.photomixer","Blend Photos - Photo Blender","PHOTOGRAPHY"
""dasgrfti.dasgrfiticrter.dasgrfitinmmkr","Graffiti Name Logo Maker","PHOTOGRAPHY"
""com.energysh.quickarte","AI Image Generator & AI Video","PHOTOGRAPHY"
""io.onelightapps.video.reels.maker.beat","Reels Maker for Instagram BEAT","PHOTOGRAPHY"
""com.sensio.instapreview","PREVIEW - Plan your Instagram","PHOTOGRAPHY"
""com.accordion.analogcam","OldRoll - Vintage Film Camera","PHOTOGRAPHY"
""intechsolutions.photoenhancer","AI Photo Enhancer - BlurBuster","PHOTOGRAPHY"
""vStudio.Android.Camera360","Camera360 :Photo Editor&Selfie","PHOTOGRAPHY"
""com.wemagineai.voila","Voila AI Artist Cartoon Photo","PHOTOGRAPHY"
""com.lift.android.app","Lift: Reels & Stories Maker","PHOTOGRAPHY"
""photoeditor.cutout.backgrounderaser","Background Eraser Photo Editor","PHOTOGRAPHY"
""com.duygiangdg.magiceraser","Magic Eraser - Remove Objects","PHOTOGRAPHY"
""com.video.reface.app.faceplay.deepface.photo","AI Video Face Swap AI Headshot","PHOTOGRAPHY"
""com.photomyne.slidescan","SlideScan - Slide Scanner App","PHOTOGRAPHY"
""com.lightx","LightX AI Photo Editor Retouch","PHOTOGRAPHY"
""com.flambestudios.picplaypost","PicPlayPost Collage, Slideshow","PHOTOGRAPHY"
""com.animator","Animator - Face Dance","PHOTOGRAPHY"
""com.jiahk.jiahuakuang","Frameit: Art & Drawing Preview","PHOTOGRAPHY"
""com.perfectcorp.yce","YouCam Enhance: Photo Enhancer","PHOTOGRAPHY"
""com.bigblueclip.picstitch","Pic Stitch: Collage Maker","PHOTOGRAPHY"
""com.quickart.cam.cartoon","Quick Art: 1-Tap Photo Editor","PHOTOGRAPHY"
""com.tickettothemoon.gradient.photo","Gradient: Celebrity Look Like","PHOTOGRAPHY"
""to.blend.mobile_app","Blend: AI Background Eraser","PHOTOGRAPHY"
""photo.editor.polarr","Polarr: Photo Filters & Editor","PHOTOGRAPHY"
""com.tenada.android","TENADA: 3D Animated Text Art","PHOTOGRAPHY"
""photoeditor.photoretouch.removeobjects.retouch","Pic Retouch - Remove Objects","PHOTOGRAPHY"
""com.sergeyotro.squaredroid","No Crop Square Pic SquareDroid","PHOTOGRAPHY"
""com.xt.retouchoversea","Hypic - Photo Editor & AI Art","PHOTOGRAPHY"
""com.photoscan.enhancer.remini.photomyne.colorize.scanner","AI Photo Enhancer, AI Enhancer","PHOTOGRAPHY"
""us.pixomatic.pixomatic","Pixomatic - Background eraser","PHOTOGRAPHY"
""com.genewarrior.sunlocator.lite","Sun Locator - Position Seeker","PHOTOGRAPHY"
""com.cerdillac.filmmaker","Film Maker Pro - Movie Maker","PHOTOGRAPHY"
""com.facefun.app","FaceFun : AI face swap videos","PHOTOGRAPHY"
""com.ai.avatar.face.portrait.app","AI Photo・Future Baby Generator","PHOTOGRAPHY"
""peachy.bodyeditor.faceapp","Peachy - AI Face & Body Editor","PHOTOGRAPHY"
""photoeditor.ai.photo.editor.photoeditorpro","AI Photo Editor - AIFoto","PHOTOGRAPHY"
""com.cerdillac.proccd","ProCCD - Digital Film Camera","PHOTOGRAPHY"
""photo.enhancer.ai.avatar.removal.cutout.retouch","AI Photo Enhancer - PhotoLight","PHOTOGRAPHY"
""com.aging.ai.toonme","Dressup: AI photo Editor & Art","PHOTOGRAPHY"
""com.eabdrazakov.photomontage","Cut Paste Photo Seamless Edit","PHOTOGRAPHY"
""com.snowcorp.soda.android","SODA - Natural Beauty Camera","PHOTOGRAPHY"
""com.inspire.ai","Lisa AI: Avatar & Image Maker","PHOTOGRAPHY"
""com.gif.gifmaker","GIF Maker - GIF Editor","PHOTOGRAPHY"
""com.viewbug.viewbug","VIEWBUG - Photography","PHOTOGRAPHY"
""com.sarafan.sidly","Before and after: side by side","PHOTOGRAPHY"
""com.burleighlabs.babypics","Baby Pics","PHOTOGRAPHY"
""com.wejoy.photodance.oversea","Photo Dance: AI Photo Animator","PHOTOGRAPHY"
""com.cateater.stopmotionstudiopro","Stop Motion Studio Pro","PHOTOGRAPHY"
""com.remote.dgo","DJI Fly - GO Drone Controller","PHOTOGRAPHY"
""com.photo.retouch.objects.remove","Photo Retouch: Picture Editor","PHOTOGRAPHY"
""com.ror.removal","Photo Retouch- Object Removal","PHOTOGRAPHY"
""com.text.art.addtext.textonphoto","Add Text To Photo - Text Art","PHOTOGRAPHY"
""faceapp.photoeditor.face.faceedit.faceeditor","FacePic - AI Face App","PHOTOGRAPHY"
""com.photomyne.filmbox","FilmBox Film Negatives Scanner","PHOTOGRAPHY"
""editingapp.pictureeditor.photoeditor","AI Photo Editor - DoFoto","PHOTOGRAPHY"
""com.wangxutech.picwish","PicWish: AI Photo Editor","PHOTOGRAPHY"
""com.scoompa.slideshow","Scoompa Video: Slideshow Maker","PHOTOGRAPHY"
""toontap.photoeditor.cartoon.cartoonphotoeditor","ToonTap: AI Headshot Generator","PHOTOGRAPHY"
""com.golden.ratio.face","Beauty Scanner - Face Analyzer","PHOTOGRAPHY"
""com.fourchars.privary","PRIVARY Secure Photo Vault","PHOTOGRAPHY"
""photo.editor.picture.cartoon.face.maker.body.enhance.object.remover.eraser","Photo Editor Effects: PhotoPic","PHOTOGRAPHY"
""com.digitalpalette.pizap","piZap: Design & Edit Photos","PHOTOGRAPHY"
""reaimagine.picturizeit","AI Photo to Art Converter","PHOTOGRAPHY"
""com.timewarp.scanface.selfiephotoeditor.videopopulartiktok","Time Warp Scan Cam&Face Filter","PHOTOGRAPHY"
""com.pentabit.image.compressor.photo.resizer.photo.editor","Image Size - Photo Resizer","PHOTOGRAPHY"
""com.nordvpn.android","NordVPN – fast VPN for privacy","TOOLS"
""com.symantec.mobilesecurity","Norton360 Antivirus & Security","TOOLS"
""com.antivirus","AVG AntiVirus & Security","TOOLS"
""com.expressvpn.vpn","ExpressVPN: VPN Fast & Secure","TOOLS"
""org.malwarebytes.antimalware","Malwarebytes Mobile Security","TOOLS"
""com.eken.aiwit","Aiwit","TOOLS"
""com.cinetoolkit.cinetoolkit","CineToolkit:Caster&Roku Remote","TOOLS"
""com.coinidentifyer.ai","CoinSnap - Coin Identifier","TOOLS"
""com.avast.android.mobilesecurity","Avast Antivirus & Security","TOOLS"
""com.castly.castly","Castly -Roku, Chromecast,DLNA","TOOLS"
""com.surfshark.vpnclient.android","Surfshark: Secure VPN service","TOOLS"
""com.lookout","Lookout Life - Mobile Security","TOOLS"
""com.overseas.realtalk","RealTalk: Perfect Dating App","TOOLS"
""jp.pokemon.pokemonhome","Pokémon HOME","TOOLS"
""com.wsandroid.suite","McAfee Security: Antivirus VPN","TOOLS"
""com.symantec.securewifi","Norton VPN – Fast & Secure","TOOLS"
""com.boost.roku.remote","Remote for Roku: TV Remote","TOOLS"
""com.totalav.android","TotalAV Mobile Security","TOOLS"
""com.ld.cph.gl","LDCloud - Android On Cloud","TOOLS"
""ar.tvplayer.companion","TiviMate Companion","TOOLS"
""network.xyo.coin","COIN: Always Be Earning","TOOLS"
""com.streamplayer.telesim","Telesim IPTV Player","TOOLS"
""authenticator.two.factor.authentication.otp","Authenticator App - SafeAuth","TOOLS"
""com.ovelin.guitartuna","GuitarTuna: Tuner,Chords,Tabs","TOOLS"
""com.att.mobilesecurity","AT&T ActiveArmor℠","TOOLS"
""com.ixolit.ipvanish","IPVanish: VPN Location Changer","TOOLS"
""com.catalinagroup.callrecorder","Call Recorder - Cube ACR","TOOLS"
""ch.protonvpn.android","VPN Proton: Fast & Secure VPN","TOOLS"
""chromecast.tv.streaming.screen.share","TV Cast for Chromecast","TOOLS"
""com.piriform.ccleaner","CCleaner – Phone Cleaner","TOOLS"
""com.bitdefender.security","Bitdefender Mobile Security","TOOLS"
""com.fast.free.unblock.secure.vpn","Secure VPN－Safer Internet","TOOLS"
""com.mediamushroom.copymydata","Copy My Data: Transfer Content","TOOLS"
""com.casttv.castforchromecast.screencast","Cast for Chromecast & TV Cast","TOOLS"
""gba.game.emulator.metaverse","GBA Emulator: Classic gameboy","TOOLS"
""com.duckduckgo.mobile.android","DuckDuckGo Private Browser","TOOLS"
""screen.mirroring.smart.tv","Screen Mirroring TV & Miracast","TOOLS"
""com.cjin.pokegenie.standard","Poke Genie -Remote Raid IV PvP","TOOLS"
""com.truthfinder.app","TruthFinder Background Check","TOOLS"
""com.tvcast.cast.chromecast.remotetv","TV Cast for Chromecast","TOOLS"
""com.avast.android.cleaner","Avast Cleanup – Phone Cleaner","TOOLS"
""com.hydrix.laurene","Construction Master Pro Calc","TOOLS"
""com.smart.switch.data.transfer.switcher","Smart switch - copy my data","TOOLS"
""coin.identifier","Coin ID - Coin Identifier","TOOLS"
""net.mullvad.mullvadvpn","Mullvad VPN","TOOLS"
""ai.plaud.android.plaud","PLAUD","TOOLS"
""com.lawfully.lawfully_ai_tracker","Lawfully Case Status Tracker","TOOLS"
""com.codewuz.roleai","RoleCard.AI: AI Chat Companion","TOOLS"
""co.vulcanlabs.rokuremote","TV Control for Roku TV","TOOLS"
""tv.remote.universal.control","TV Remote - Universal Control","TOOLS"
""com.tplink.tpm5","TP-Link Deco","TOOLS"
""free.vpn.unblock.proxy.turbovpn","Turbo VPN - Secure VPN Proxy","TOOLS"
""com.privateinternetaccess.android","Private Internet Access VPN","TOOLS"
""com.avg.android.vpn","AVG Secure VPN Proxy & Privacy","TOOLS"
""com.restore.sms.mms","Recover Deleted Messages","TOOLS"
""com.astralertechnology.android.printer","Smart Print App: For HPrinters","TOOLS"
""com.buchdeals.cardbase","Collectibles.com: Scan + Value","TOOLS"
""com.bitdefender.vpn","Bitdefender VPN: Fast & Secure","TOOLS"
""com.boost.chromecast","TV Cast for Chromecast","TOOLS"
""ai.deepswap.pro.android","DeepSwap PRO","TOOLS"
""com.eset.ems2.gp","ESET Mobile Security Antivirus","TOOLS"
""app.androld.printer","Canon & HP Smart Printer App","TOOLS"
""com.dubox.drive","TeraBox: Cloud Storage Space","TOOLS"
""com.psafe.msuite","dfndr security: antivirus","TOOLS"
""com.remotetv.rukutv.remotecontrol","Universal Remote - TV Control!","TOOLS"
""net.tinywhale.remote","GO Raid Party - Worldwide Raid","TOOLS"
""de.mobileconcepts.cyberghost","CyberGhost VPN: Secure VPN","TOOLS"
""com.grymala.aruler","AR Ruler App: Tape Measure Cam","TOOLS"
""hotspotshield.android.vpn","Hotspot Shield™ VPN Fast Proxy","TOOLS"
""com.sensustech.smarttvcast","Smart TV Cast Screen Mirroring","TOOLS"
""net.ctpool","CT Pool","TOOLS"
""com.apponfire.android.droneapp","Go Fly Drone Remote Controller","TOOLS"
""com.fast.free.unblock.thunder.vpn","Thunder VPN - Fast, Safe VPN","TOOLS"
""com.findmybluetooth.headset.headphones.devices","Find My Bluetooth Device","TOOLS"
""com.intelius.app","Intelius Background Check Pro","TOOLS"
""qrscanner.barcodescanner.qrcodereader.qrgenerator","QR scanner - Barcode reader","TOOLS"
""com.baloota.dumpster","Dumpster: Photo/Video Recovery","TOOLS"
""com.trendmicro.tmmspersonal","Mobile Security & Antivirus","TOOLS"
""call.recorder.automatic.acr","Call Recorder - Auto Recording","TOOLS"
""com.collectrinc.collectr","Collectr - TCG Collector App","TOOLS"
""com.freevpnintouch","Betternet™ VPN Fast Proxy Wifi","TOOLS"
""com.desygner.pdf","PDF Editor – Edit Everything!","TOOLS"
""skilldevs.com.manabox","ManaBox","TOOLS"
""com.widgetable.theme.android","Widgetable: Adorable Screen","TOOLS"
""com.banknote.ai","NoteSnap - Banknote Identifier","TOOLS"
""com.fans.tiklike.follower.tok.tik.like.app","Followers & Like - FansLike","TOOLS"
""soundhearingamplifier.clearhearing.voiceamplifier","Ear Spy - Listening Device","TOOLS"
""com.free.vpn.super.hotspot.open","VPN - Super Unlimited Proxy","TOOLS"
""com.boost.universal.remote","TV Remote for Ruku & Smart TV","TOOLS"
""com.wb.lsr","Love Spouse Pro","TOOLS"
""remote.control.for.roku","Remote Control for RokuTV","TOOLS"
""co.vulcanlabs.printer","Smart Print for HP Printer App","TOOLS"
""com.rokuremote.casttv.remotecontrol.tvcontrol","TV Remote Control for RokuTV","TOOLS"
""com.eco.screenmirroring.casttotv.miracast","Screen Mirroring & TV Cast","TOOLS"
""com.grymala.arplan","AR Plan 3D Tape Measure, Ruler","TOOLS"
""com.windscribe.vpn","Windscribe VPN","TOOLS"
""com.security.xvpn.z35kb","X-VPN - Private Browser VPN","TOOLS"
""com.studiosoolter.screenmirroring.miracast.apps","Screen Mirroring - TV Miracast","TOOLS"
""com.shortv.playlet","DramaFlow: Movies&Short TV","TOOLS"
""com.avast.android.antivirus.one","Avast One – Privacy & Security","TOOLS"
""com.ofotech.app","OFO: Magmeet ng bagong friends","TOOLS"
""com.tunnelbear.android","TunnelBear VPN","TOOLS"
""pl.netigen.bestlevel","Perfect Level (Bubble & Laser)","TOOLS"
""com.overlook.android.fing","Fing - Network Tools","TOOLS"
""com.whotrackmyphonemhk","Who Is Tracking My Phone?","TOOLS"
""com.maplelabs.alexa","Voice Commands Smart Speaker","TOOLS"
""com.microsoft.scmx","Microsoft Defender: Antivirus","TOOLS"
""com.tikbooster.fans.follower.like.app","Followers & Like - TikTracker","TOOLS"
""io.guard.luna","Guardio - Mobile Security","TOOLS"
""com.casttotv.screenmirroring.smartview.smarttvlcd","Samsung Smart View - Cast To","TOOLS"
""com.gearup.booster","GearUP Game Booster: Lower Lag","TOOLS"
""com.GDDS.MyTarot","MyTarot","TOOLS"
""tech.kma.smart.printer","Smart Printer: Print Documents","TOOLS"
""com.tplink.tether","TP-Link Tether","TOOLS"
""com.anilymepro.ani","Venabox - Ani Planet","TOOLS"
""hn.zip.unzip.compressfile.extractfile.compressfolder","Zip Extractor - UnZIP & UnRAR","TOOLS"
""com.camscanner.documentscanner.pdfscanner.textscanner.photos.scanner","PDF Scanner - Document Scanner","TOOLS"
""com.puwell.homev","Home V","TOOLS"
""com.wondershare.drfoneapp","Dr.Fone: Photo & Data Recovery","TOOLS"
""us.flexswag.flexutilitypremium","Flex Utility Premium","TOOLS"
""com.speed.gc.autoclicker.automatictap","Auto Click - Automatic Clicker","TOOLS"
""com.seeing.doorbell","Seeing","TOOLS"
""com.calculated.laurene4050","Construction Master 5 Calc","TOOLS"
""com.reachtheapp.reach","Reach: Mass Text for Business","TOOLS"
""com.glority.picturebird","Picture Bird - Bird Identifier","TOOLS"
""co.vulcanlabs.miracastandroid","Miracast: TV Screen Mirroring","TOOLS"
""com.tenorshare.ianygo.fakegps","iAnyGo: Fake GPS, JoyStick","TOOLS"
""greg.io.care_app_android","Plant Identifier & Care - Greg","TOOLS"
""com.instantcheckmate.app","Instant Checkmate Search","TOOLS"
""com.tvcast.firetv","Firestick Remote for Fire TV","TOOLS"
""com.fame.plus.follow","Get Real Followers & Likes +","TOOLS"
""all.backup.restore","SMS Backup & Restore","TOOLS"
""smart.vizio.tv.remote.control","Smart Remote For Vizio TV","TOOLS"
""com.gilapps.smsshare2","SMS Backup, Print & Restore","TOOLS"
""com.zumimall.dzees.junan","Dzees Home","TOOLS"
""com.wondershare.mobiletrans","Data Transfer - MobileTrans","TOOLS"
""com.tikreports.like.fans.tik.follow.tok.app","Followers & Like - TikReports","TOOLS"
""skyview.star.map.stargazing","Night Sky View 3D - SkyViewer","TOOLS"
""com.elink.fittrackhealth.pro","Hume","TOOLS"
""com.mining.app.mipca","MIPC","TOOLS"
""com.smmservice.authenticator","Authenticator","TOOLS"
""co.vulcanlabs.castandroid","TV Cast for Chromecast TV","TOOLS"
""com.astraler.android.hiddencamera","Hidden Camera Detector FindSpy","TOOLS"
""com.robert.fcView","Flight Crew View","TOOLS"
""tv.screen.cast.mirror","Screen Mirroring Z - TV Cast","TOOLS"
""com.cxsw.sdprinter","Creality Cloud - 3D Printing","TOOLS"
""com.tvcast.smartthings","Smart TV Remote for Samsung TV","TOOLS"
""com.talker.acr","Call Recorder - Talker ACR","TOOLS"
""universal.remote.control.cast","Universal Remote Control TV","TOOLS"
""co.vulcanlabs.samsungremote","Samsung TV Remote SmartThings","TOOLS"
""pdfreader.pdfviewer.officetool.pdfscanner","PDF Reader App : Read All PDF","TOOLS"
""com.mcafee.safeconnect.android","Safe Connect VPN: Secure Wi-Fi","TOOLS"
""online.chat.tracker","Chat Tracker","TOOLS"
""com.kidslox.app","Parental Control - Kidslox","TOOLS"
""com.adguard.vpn","AdGuard VPN — private proxy","TOOLS"
""com.tinybyteapps.robyte","Roku TV Remote Control: RoByte","TOOLS"
""com.macpaw.clearvpn.android","ClearVPN - Fast & Secure VPN","TOOLS"
""com.calculated.josephine","Pipe Trades Pro Calculator","TOOLS"
""file.reviver.fr","File Reviver - Restore Photos","TOOLS"
""cleaner.antivirus","Antivirus - Cleaner + VPN","TOOLS"
""com.jpg.image.converter.jpeg.convert.photo.png","Image Converter - PDF/JPG/PNG","TOOLS"
""com.designlibro.petlibro","Petlibro","TOOLS"
""com.aiphoned.cameradetector","AI Hidden Camera Detector 2024","TOOLS"
""com.camera.hidden.detector","Camera Detector: Hidden Spy","TOOLS"
""lg.tv.plus","LG Smart TV Remote plus ThinQ","TOOLS"
""whats.app.family.tracker","LastSeen","TOOLS"
""org.mozilla.firefox.vpn","Mozilla VPN - Secure & Private","TOOLS"
""com.macrovideo.v380pro","V380 Pro","TOOLS"
""org.milkyapps.gbaemu","GBA Emulator: My Retro Gameboy","TOOLS"
""com.venamax.max","Venabox Max:More DUBs","TOOLS"
""com.pixsterstudio.authenticator","Authenticator App","TOOLS"
""com.vimtag.vimtaga","Vimtag","TOOLS"
""com.hidemyass.hidemyassprovpn","HMA VPN Proxy & WiFi Security","TOOLS"
""com.fanstracker.like.follower.fans.app","Followers & Like - TikFans","TOOLS"
""real.caller.mobile.number.locator.tracker.mobihome","Number Locator","TOOLS"
""psplay.grill.com","PSPlay: Remote Play","TOOLS"
""de.twokit.screen.mirroring.app.roku.pro","Screen Mirroring Pro for Roku","TOOLS"
""com.toralabs.apkextractor","Apk Extractor - Apk Manager","TOOLS"
""com.wot.security","WOT Mobile Security Protection","TOOLS"
""com.crystalsoft.crystalcleaner","Crystal Cleaner","TOOLS"
""xbean.image.picture.translate.ocr","Photo Translator - Translate","TOOLS"
""com.followers.like.ins.fans.tik.tok.app","Followers - Fans Like","TOOLS"
""ai.metaverselabs.obdandroid","OBD2: Torque Car Scanner FixD","TOOLS"
""com.casttotv.screenmirroring.smarttv.castvideo","Screen Mirroring & Cast to TV","TOOLS"
""de.wgsoft.motoscan","MotoScan for BMW Motorcycles","TOOLS"
""com.sand.airdroid","AirDroid: File & Remote Access","TOOLS"
""ltd.love8.couples.relationship","Love8 - App for Couples","TOOLS"
""to.load.tigtog","Tigtog","TOOLS"
""com.ai.chat.writer","AI Writer: Email Essay Writing","TOOLS"
""com.oddsjam.app","OddsJam: Win At Sports Betting","TOOLS"
""samsung.tv.remote.mirror","Remote Control for Samsung TV","TOOLS"
""com.bluetooth.mobile.connect.goodpositivemole","Bluetooth - Easy Auto Connect","TOOLS"
""com.clario.clario.mobile","Clario AntiSpy","TOOLS"
""com.screenmirrorapp","Screen Mirroring & Sharing","TOOLS"
""com.coinidentifier.coinsnap.coinvalue.ai","Coin Value - Coin Identifier","TOOLS"
""com.imyfone.anytoandroid","Fake Location Spoofer - AnyTo","TOOLS"
""com.mobispeedy.recovery","Data & Photo Recovery","TOOLS"
""remote.control.tv.universal.forall.roku","Remote Control for TV - All TV","TOOLS"
""com.stolitomson","Cleaner - Clean Phone & VPN","TOOLS"
""com.facebook.videodownload.videodownloaderforfacebook","AI ChatBot AI Friend Generator","TOOLS"
""com.weather.Weather","The Weather Channel - Radar","WEATHER"
""com.apalon.weatherradar.free","Clime: NOAA Weather Radar Live","WEATHER"
""com.accuweather.android","AccuWeather: Weather Radar","WEATHER"
""com.radarx.stormmapping.stormmapping","RadarOmega","WEATHER"
""com.acmeaom.android.myradar","MyRadar Weather Radar","WEATHER"
""co.windyapp.android","Windy.app - Enhanced forecast","WEATHER"
""com.basevelocity.radarscope","RadarScope","WEATHER"
""com.windyty.android","Windy.com - Weather Forecast","WEATHER"
""com.druryoutdoors.deercast.app","DeerCast: Weather, Maps, Track","WEATHER"
""com.surfline.android","Surfline: Wave & Surf Reports","WEATHER"
""com.digcy.pilot","Garmin Pilot","WEATHER"
""com.wunderground.android.weather","Weather data & microclimate : ","WEATHER"
""com.aws.android","Weather Radar by WeatherBug","WEATHER"
""com.qstartlabs.moonguide","Deer Hunters MoonGuide 3.0","WEATHER"
""com.apalon.weatherlive.free","Weather Live°","WEATHER"
""com.acmeaom.android.myradarpro","MyRadar Weather Radar Pro","WEATHER"
""com.droid27.transparentclockweather","Transparent clock and weather","WEATHER"
""cz.ackee.ventusky","Ventusky: Weather Maps & Radar","WEATHER"
""com.wdtinc.android.stormshield","Storm Shield","WEATHER"
""com.predictwind.mobile.android","PredictWind - Marine Forecasts","WEATHER"
""com.buoyweather.android","Buoyweather - Marine Weather","WEATHER"
""com.uavforecast","UAV Forecast for Drone Pilots","WEATHER"
""com.droid27.transparentclockweather.premium","Transparent clock weather Pro","WEATHER"
""com.accurate.weather.forecast.live","Weather: Live radar & widgets","WEATHER"
""com.studioeleven.windfinder","Windfinder: Wind & Weather map","WEATHER"
""com.lacrosseview.app","La Crosse View","WEATHER"
""com.noaimgames.shadowweather","Shadow Weather","WEATHER"
""com.neave.zoomearth","Zoom Earth - Live Weather Map","WEATHER"
""net.ambientweather.dashboard","Ambient Weather Network","WEATHER"
""com.nautide.app","Nautide","WEATHER"
""com.weathercreative.weatherkitty","Weather Kitty - App & Widget","WEATHER"
""com.astrospheric.dfior.astrospheric","Astrospheric","WEATHER"
""com.weawow","Weather & Widget - Weawow","WEATHER"
""com.enzuredigital.weatherbomb","Flowx: Weather Map Forecast","WEATHER"
""live.weather.vitality.studio.forecast.widget","Local Weather Alerts - Widget","WEATHER"
""com.raindroptest","RainDrop: Virtual Rain Gauge","WEATHER"
""com.grailr.carrotweather","CARROT Weather","WEATHER"
""live.weather.vitality.local.channel.forecast","Local Weather Forecast - Radar","WEATHER"
""com.droid27.senseflipclockweather","Sense Flip Clock & Weather","WEATHER"
""widget.dd.com.overdrop.free","Overdrop: Weather today, radar","WEATHER"
""mobi.lockdown.weather","Today Weather:Data by NOAA/NWS","WEATHER"
""de.wetteronline.wetterapp","Weather & Radar","WEATHER"
""com.handmark.expressweather","1Weather Forecasts & Radar","WEATHER"
""com.weathercreative.weatherpuppy","Weather Puppy - App & Widget","WEATHER"
""com.driveweather","Drive Weather","WEATHER"
""com.weather.nold.forecast","Live Weather: Weather Forecast","WEATHER"
""buoysweather.nextstack.com.buoysweather","NOAA Marine Weather","WEATHER"
""com.lucky_apps.RainViewer","Weather Radar RainViewer","WEATHER"
""appyweather.appyweather","Appy Weather","WEATHER"
""mobi.byss.instaweather.watchface","Weather for Wear OS","WEATHER"
""com.jrustonapps.mylightningtrackerpro","My Lightning Tracker Pro","WEATHER"
""com.mcy.cihan.darkskyxweather","Dark Sky Tech Weather App","WEATHER"
""com.voyagegames.weatherroute","Highway Weather","WEATHER"
""com.droid27.sensev2flipclockweather","Sense V2 Flip Clock & Weather","WEATHER"
""com.rainbowmeteo.weather.rainbow.ai","Rainbow Weather: AI Forecast","WEATHER"
""com.aviatorassistant.weather","Weather Scope NOAA Live Radar","WEATHER"
""com.goodtostargaze","Good To Stargaze","WEATHER"
""com.accurate.local.weather.forecast.live","Weather app - Radar & Widget","WEATHER"
""com.mountainforecast","Mountain Forecast","WEATHER"
""aplicacion.tiempo","Weather Radar - Meteored News","WEATHER"
""com.fishtrack.android","FishTrack - Fishing Charts","WEATHER"
""com.epsilonv.funnyweather","Funny Weather: Rude Forecast","WEATHER"
""com.getprecip.precip","Precip - Rainfall Totals","WEATHER"
""com.opensnow.android","OpenSnow: Weather Forecast","WEATHER"
""com.jrustonapps.myauroraforecastpro","My Aurora Forecast Pro","WEATHER"
""com.Elecont.WeatherClock.free","Weather app - eWeather HDF","WEATHER"
""com.spaceweatherlive.app","SpaceWeatherLive","WEATHER"
""com.drone.assist","Drone App: Forecast for UAV","WEATHER"
""com.weather.radar.clime.weathernews","Weather Now: Radar & Forecast","WEATHER"
""com.futorum.w55","Weather watch face W5.5","WEATHER"
""com.jpltech.hurricanetracker","Tropical Hurricane Tracker","WEATHER"
""com.topapp.fishingcalendarlt","Fishing Calendar","WEATHER"
""com.jrustonapps.myearthquakealertspro","My Earthquake Alerts Pro","WEATHER"
""com.vnilapps.auroranow","Aurora Now - Northern Lights","WEATHER"
""com.williamking.whattheforecast","What The Forecast","WEATHER"
""com.studioeleven.windfinderpaid","Windfinder Pro: Wind & Weather","WEATHER"
""com.windhub.marine.weather","WindHub - Marine Weather","WEATHER"
""com.skysky.livewallpapers","Weather Live Wallpapers","WEATHER"
""com.oceani.seaview","SeaView Mobile","WEATHER"
""com.helloweatherapp","Hello Weather","WEATHER"
""com.arf.weatherstation","Weather Station","WEATHER"
""com.weather.weatherforcast.accurateweather.aleartwidget","Weather forecast: Live Radar","WEATHER"
""com.steveparker.hurricaneTrackerAndroid","Hurricane Tracker","WEATHER"
""net.cirrusweather.swplus","StormWatch+","WEATHER"
""com.aws.android.elite","Weather Elite by WeatherBug","WEATHER"
""com.greensopinion.rideweather","Epic Ride Weather","WEATHER"
""com.inmobi.weather","Weather","WEATHER"
""com.nativefirewatch","Space-Eyes","WEATHER"
""com.weather2020.app","Global Predictor","WEATHER"
""co.climacell.climacell","Tomorrow.io: Weather Forecast","WEATHER"
""org.kustom.weather","Kustom Weather Plugin","WEATHER"
""com.juggernaut_tech.buoycast","NOAA Buoy Reports & Data","WEATHER"
""com.aviatorassistant.aviatorassistant","Aviator Assistant - Pilot App","WEATHER"
""com.aurora_alerts.auroraalerts","Aurora Alerts - Northern Light","WEATHER"
""com.application.zelus","Zelus WBGT","WEATHER"
""com.mytowntonight.aviationweather","Avia Weather - METAR & TAF","WEATHER"
""weather.forecast.channel.live","Weather Forecast & Live Radar","WEATHER"
""life.channel.accurate.local.weather.forecast","Local Weather：Weather Forecast","WEATHER"
""pl.lawiusz.funnyweather.release","FuWeather","WEATHER"
""com.snowfore.surfforecast.com","Surf-Forecast.com","WEATHER"
""com.anapaapps.android.windcompass","Wind Compass","WEATHER"
""com.lifewaresolutions.deluxemoonpremium","Deluxe Moon Premium","WEATHER"
""com.accurate.live.weather.widget","Weather Forecast - Live Radar","WEATHER"
""de.mdiener.rain.usa","Rain Alarm","WEATHER"
""com.droid27.digitalclockweather","Digital Clock & World Weather","WEATHER"
""de.android.riverapp","RiverApp - River levels","WEATHER"
""com.nstudio.weatherhere","NOAA Weather Unofficial (Pro)","WEATHER"
""com.weathercreative.grumpycatweather","Grumpy Cat Weather","WEATHER"
""com.juggernaut_tech.rivercast","Rivercast - River Levels App","WEATHER"
""com.jrustonapps.myhurricanetrackerpro","My Hurricane Tracker Pro","WEATHER"
""com.lakehorn.android.aeroweather","AeroWeather","WEATHER"
""com.droneforecast.app","Dronecast - Weather & Fly Map","WEATHER"
""com.fansipan.thermometer.roomtemperature","Room Temperature Thermometer","WEATHER"
""com.futorum.w5","Weather watch face W5","WEATHER"
""weatherradar.livemaps.free","Weather Radar: Forecast & Maps","WEATHER"
""com.channel.weather.forecast","Weather Forecast: Live Weather","WEATHER"
""com.sailgrib_wr","Weather - Routing - Navigation","WEATHER"
""com.pa.skycandy","SkyCandy - Sunset Forecast App","WEATHER"
""com.livewings.spotassist","Spot Assist Skydiving Tool","WEATHER"
""yo.app.free","YoWindow Weather and wallpaper","WEATHER"
""com.usnaviguide.radar_now","RadarNow! ®","WEATHER"
""com.weather.free.forecast.dailyweather","Daily Weather","WEATHER"
""net.tinyoctopus.CurrentAtlas","PNW Current Atlas","WEATHER"
""com.weartools.weathercomplications","Weather Complications: Wear OS","WEATHER"
""com.weatherradar.liveradar.weathermap","Weather Radar & Weather Live","WEATHER"
""com.livingearth.pro","3D EARTH PRO - local forecast","WEATHER"
""com.roomthermometer.interior","Room Temperature Thermometer","WEATHER"
""com.kolov.weatherstation","WhatWeather - Weather Station","WEATHER"
""com.compass.digital.direction.directionfinder","Digital Compass for Android","WEATHER"
""com.mg.android","WeatherPro: Forecast & Radar","WEATHER"
""com.severeweatheralerts","Severe Weather Alerts","WEATHER"
""com.weathernowapp.weathernow","WEATHER NOW","WEATHER"
""com.ml.TXSC","Texas Storm Chasers","WEATHER"
""com.droid27.senseflipclockweather.premium","Sense flip clock & weather Pro","WEATHER"
""com.cloud3squared.meteogram","Meteogram Weather Widget","WEATHER"
""com.foreca.android.weather","Foreca Weather & Radar","WEATHER"
""au.com.willyweather","WillyWeather","WEATHER"
""com.channel.weather.forecast.live.radar","Weather App - Weather Forecast","WEATHER"
""com.gorjan.airquality","Air Quality & Pollen - AirCare","WEATHER"
""yo.app","YoWindow Weather","WEATHER"
""com.meteoblue.droid","meteoblue weather & maps","WEATHER"
""com.witt.software.weatherthetrip.googleplay","Weather the Trip","WEATHER"
""com.jrustonapps.mytidetimespro","My Tide Times Pro","WEATHER"
""com.channel.liveweather.localweather.weatherforecast.weather","Weather Forecast - Live Radar","WEATHER"
""com.droid27.d3senseclockweather","3D Sense Clock & Weather","WEATHER"
""com.universetoday.moon.phases","Phases of the Moon Pro","WEATHER"
""com.omni.weather.launcher","Live Weather Radar Launcher","WEATHER"
""com.eveline.metar_taf","Metar-Taf - Visual decoder","WEATHER"
""com.accurate.live.weather.forecast.pro","Weather Live - Radar & Widget","WEATHER"
""com.weathercreative.weatherbub","Weather BUB","WEATHER"
""com.kokoschka.michael.weather","Weather Today","WEATHER"
""com.futorum.w65","Weather watch face W6.5","WEATHER"
""com.droid27.d3flipclockweather","3D Flip Clock & Weather","WEATHER"
""com.andydev.alpenglowapp","Alpenglow: Sunset Predictions","WEATHER"
""com.gs.watchface.weather11","GS Weather 11 Hybrid Watchface","WEATHER"
""de.wetteronline.wetterapppro","Weather & Radar USA - Pro","WEATHER"
""com.lunatico.GNS","Good Night System","WEATHER"
""com.surf_captain_native","Surf Captain","WEATHER"
""com.storevn.weather.forecast","Weather Real-time Forecast","WEATHER"
""com.musumeche.salty.solutions","Salty Solutions","WEATHER"
""dev.ipapps.uvindex","UV Index - Tan Widget","WEATHER"
""com.dungelin.barometerplus","Barometer Plus - Altimeter","WEATHER"
""com.coolz.wisuki","Wisuki","WEATHER"
""com.fsoydan.howistheweather","How is the Weather? - Wear OS","WEATHER"
""dev.ipapps.anemometer","Anemometer - Wind Weather","WEATHER"
""widget.dd.com.overdrop.pro","Overdrop Pro READ DESCRIPTION","WEATHER"
""com.weathercreative.weatherbiblephrases","Faith Forecast - Weather Bible","WEATHER"
""com.daugherty.nws_remastered","NWS Weather","WEATHER"
""com.thermometer.roomtemp","Accurate Indoor Thermometer","WEATHER"
""com.tinyvital.wxr.pro","Radar Alive Pro Weather Radar","WEATHER"
""com.apical.saltwatercentral.reefcast","ReefCast","WEATHER"
""amobi.weather.forecast.storm.radar","9Weather: Weather forecast","WEATHER"
""com.cloud3squared.meteogram.pro","Meteogram Pro Weather Widget","WEATHER"
""com.weather.channel.accurate.widget","Weather Forecast & Radar","WEATHER"
""com.perfectly.lightweather.advanced.weather","Local Weather - Weather Widget","WEATHER"
""aplicacionpago.tiempo","Weather - Meteored Pro News","WEATHER"
""com.futorum.w6","Weather watch face W6","WEATHER"
""com.sailgrib","Marine Weather | SailGrib","WEATHER"
""com.montiscorp.visroute","VisRoute: Visualize Your Route","WEATHER"
""com.storevn.weather","Weather Forecast (Radar Map)","WEATHER"
""de.mdiener.unwetter.gm","UnWX (Severe Weather Alerts)","WEATHER"
""com.accurate.forecast.live.weather.channel","Weather Forecast & Widget","WEATHER"
""com.helloaurora","hello aurora: forecast app","WEATHER"
""com.livingearth.free","3D EARTH - weather forecast","WEATHER"
""ru.bastion7.livewallpapers","Weather Live Wallpaper","WEATHER"
""com.meteoplaza.flash","Lightning Alarm Weatherplaza","WEATHER"
""com.topzonestudio.internet.speed.test.meter.speedx","Wifi Speed Test - Speed Test","WEATHER"
""com.kellytechnology.NOAA_Now","global storms","WEATHER"
""com.futorum.dwp1","Digital Weather Watch face P1","WEATHER"
""com.accurate.channel.forecast.live.weather","Live Weather Forecast","WEATHER"
""com.morecast.weather","Weather & Radar - Morecast","WEATHER"
""com.SeventhGear.tides","Tide Charts","WEATHER"
""com.jrustonapps.mymoonphasepro","My Moon Phase Pro","WEATHER"
""jp.co.rcsc.yurekuru.android","Yurekuru Call","WEATHER"
""com.rsoftr.android.earthquakestracker.add","Earthquakes Tracker","WEATHER"
""nextstack.org.tidesweather","NOAA Tide Chart","WEATHER"
""weather.forecast.alert.storm.radar.platinum","Weather Forecast","WEATHER"
""com.weather.ZWeather","Z Weather & Widget, Radar","WEATHER"
""net.difer.weather","Simple weather & clock widget","WEATHER"
""weather.weasnap.platinum","Live Weather Forecast: WeaSnap","WEATHER"
""com.jeremysteckling.facerrel","Facer Watch Faces","WATCH_FACE"
""slide.watchFrenzy","WatchMaker Watch Faces","WATCH_FACE"
""com.facer.pipboy_se","Fallout Pip-Boy SE Watch Face","WATCH_FACE"
""com.facer.ultraretrodigital","ULTRA Digital Retro watch face","WATCH_FACE"
""com.watchfacestudio.md307digital","MD307 Digital watch face","WATCH_FACE"
""com.watchfacestudio.md242","MD242 Hybrid watch face","WATCH_FACE"
""com.watchfacestudio.s4uassen","S4U Assen - Hybrid watch face","WATCH_FACE"
""com.fenivan.fw100","FW100 Digital Watch Face","WATCH_FACE"
""com.watchfacestudio.s4urconeretro","S4U RC ONE - Retro watch face","WATCH_FACE"
""com.apposter.watchmaker","TIMEFLIK Watch Face","WATCH_FACE"
""com.watchfacestudio.per008_soho","Weather Watch Face PER008 Soho","WATCH_FACE"
""com.facer.avoStjoiE4","Fallout Pip-Boy Watch Face","WATCH_FACE"
""com.watchfacestudio.md338","MD338 Hybrid watch face","WATCH_FACE"
""com.pujie.watchfaces","Watch Faces - Pujie","WATCH_FACE"
""com.watchfacestudio.s4umystique","S4U Mystique - Gold watch face","WATCH_FACE"
""wb.illuminator.digital","ILLUMINATOR Digital Watch face","WATCH_FACE"
""com.watchfacestudio.per27","Digital WatchFace PER27 Galaxy","WATCH_FACE"
""com.watchfacestudio.mocatod","Hybrid TAG CARRERA Watch face","WATCH_FACE"
""com.watchfacestudio.WFP309_classic_watch_face","WFP 309 Elegant watch face","WATCH_FACE"
""com.watchfacestudio.md324hybrid","MD324 Hybrid watch face","WATCH_FACE"
""watch.richface.androidwear.premium.jubilee","RF Jubilee Watch Face Full","WATCH_FACE"
""com.watchfacestudio.simplesunflowerswf","Simple Sunflowers watch face","WATCH_FACE"
""com.futorum.w55","Weather watch face W5.5","WATCH_FACE"
""com.watchfacestudio.s4ulondonshift","S4U Shift - Analog watch face","WATCH_FACE"
""com.watchfacestudio.s4ufrost","S4U Frost - classic watch face","WATCH_FACE"
""com.watchfacestudio.md301","MD301 Hybrid watch face","WATCH_FACE"
""wb.military.zulu","Military ZULU Tactical watch","WATCH_FACE"
""com.watchfacestudio.md335","MD335 Hybrid watch face","WATCH_FACE"
""com.linkt.stepquest","Step Quest Watch Face","WATCH_FACE"
""com.pujie.wristwear.pujieblack","Watch Faces - Pujie - Premium","WATCH_FACE"
""com.mobvoi.mwf.magicfaces","TimeShow Watch Faces","WATCH_FACE"
""com.ekwatchfaces.zodiacconstellation","Zodiac Constellation Watch","WATCH_FACE"
""com.rzrdesign.constellation","Planet in stars Watch Face","WATCH_FACE"
""com.watchfacestudio.md332","MD332 Digital watch face","WATCH_FACE"
""we.rallyx.delta","Rally-X R.T. Delta watch face","WATCH_FACE"
""com.watchfacestudio.ballozi_vero","Ballozi VERO Hybrid Analog","WATCH_FACE"
""com.facer.yTWy6G6hRsSE","TMNT - Cowabunga SE Watch Face","WATCH_FACE"
""com.watchfacestudio.per023pro","Health Sport PER23 PlatinumPro","WATCH_FACE"
""com.sparkistic.photowear","PhotoWear Classic Watch Face","WATCH_FACE"
""com.watchfacestudio.chesterflowertime","Chester Flower time","WATCH_FACE"
""watch.richface.androidwear.premium.fazer","Fazer Premium Watch Face","WATCH_FACE"
""com.watchfacestudio.wfp129_digital_watch_face","WFP 129 Military watch face","WATCH_FACE"
""com.rzrshrp.starfield","To the stars Watch Face","WATCH_FACE"
""com.sixty9design.flowerpower2","[69D] Flower Power 2 watchface","WATCH_FACE"
""com.watchfacestudio.shadow_division","Shadow Divide - watch face","WATCH_FACE"
""com.facer.constellationlpv6se","Starfield LPV6 SE Watch Face","WATCH_FACE"
""com.ekwatchfaces.paperoftime","Paper of Time - Watch Face","WATCH_FACE"
""com.watchfacestudio.wfp125_digital_watch_face","WFP 125 Digital watch face","WATCH_FACE"
""wb.military.field","Military FIELD watch face","WATCH_FACE"
""com.rzrdesign.programmer","Programmer Watch Face","WATCH_FACE"
""com.watchfacestudio.sol_3","Sol 3 - animated watch face","WATCH_FACE"
""com.watchfacestudio.per017","Digital Watch Face PER017 Axis","WATCH_FACE"
""com.realitylabs.android.wearable.app.secretmissionwatchface","Secret Mission - Watch Face","WATCH_FACE"
""com.facer.Xu4dfKJzshSE","Star Trek LCARS SE Watch Face","WATCH_FACE"
""com.recreative.halloweenframe","Halloween Cute Frame - Wear OS","WATCH_FACE"
""com.sparkine.watchfaces","Muviz Watch Faces Collection","WATCH_FACE"
""com.facer.constellation","Starfield Constellation","WATCH_FACE"
""fr.thema.wear.watch.minimalistpixel","Simple Pixel Watch Face","WATCH_FACE"
""com.watchfacestudio.kaleidoscope","Kaleidoscope Watch Face","WATCH_FACE"
""com.chester_watch_faces.chester_galaxy_star","Chester Galaxy Star watch face","WATCH_FACE"
""com.watchfacestudio.md318digital","MD318 3D Digital Watch Face","WATCH_FACE"
""com.facer.ultrahybrid","ULTRA Hybrid watch face","WATCH_FACE"
""com.watchfacestudio.simplefloralwatchface","Simple Floral Watch Face","WATCH_FACE"
""com.watchfacestudio.PER0010_Brooch","PER010 Butterfly Brooch","WATCH_FACE"
""com.watchfacestudio.d380","D380 Analog Classic Watch Face","WATCH_FACE"
""com.watchfacestudio.dream132watchface","Dream 132 bronze watch face","WATCH_FACE"
""com.watchfacestudio.WFP308_analog_watch_face","WFP 308 Business watch face","WATCH_FACE"
""com.watchfacestudio.PER0012_Sera","Sport Watch Face PER012 Sera","WATCH_FACE"
""com.watchfacestudio.ballozi.vero2.watchface","Ballozi VERO 2 Hybrid Analog","WATCH_FACE"
""com.sparkine.mwf.galaxyultra","Galaxy Ultra Watch Face","WATCH_FACE"
""com.ekwatchfaces.sharperclock","Sharper Clock - Watch Face","WATCH_FACE"
""com.watchfacestudio.smartpersona","Animated Weather PER007 Storm","WATCH_FACE"
""com.watchfacestudio.kna003","[KNA003] SHADOW","WATCH_FACE"
""com.watchfacestudio.s4urace","S4U Race digital watch face","WATCH_FACE"
""com.recreative.recreative01plus","RE Plus+ Minimal & Simple","WATCH_FACE"
""com.watchfacestudio.WFP305_Butterfly_modern","WFP 305 Butterfly watch face","WATCH_FACE"
""com.futorum.w5","Weather watch face W5","WATCH_FACE"
""com.mikichblaz.mb370","Nixie Watch MB370","WATCH_FACE"
""com.watchfacestudio.s4uphoenix","S4U Phoenix Luxury Watch Face","WATCH_FACE"
""com.watchfacestudio.shadow_division_ultra","Shadow Divide Ultra","WATCH_FACE"
""com.watchfacestudio.halloweenrosegold","Halloween Rose Gold watch face","WATCH_FACE"
""com.watchfacestudio.s4umidnightblue","S4U Midnight Blue - watch face","WATCH_FACE"
""com.exdwatchface.exd070_digital","EXD070: Digital Watch Face","WATCH_FACE"
""com.facer.XqbSACcK3WSE","Tetris™ 1989 SE Watch Face","WATCH_FACE"
""com.watchfacestudio.jwstudio_a_212","JW212 jwstudio watchface","WATCH_FACE"
""com.watchfacestudio.fsw263","FS W263 Hybrid Watch face","WATCH_FACE"
""com.watchfacestudio.voron_classic","Voron CLASSIC Analog WatchFace","WATCH_FACE"
""com.animewatchface.animewatchfaceanalog","Anime Watch Face","WATCH_FACE"
""com.watchfacestudio.per026","Digital WatchFace PER26 Legend","WATCH_FACE"
""com.watchfacestudio.blocks","Colorful blocks Watch Face","WATCH_FACE"
""com.watch.richface.challenger","Challenger Watch Face","WATCH_FACE"
""com.watchfacestudio.watchg008","WaTchG008: Digital watch face","WATCH_FACE"
""com.watchfacestudio.md308digital","MD308 Digital watch face","WATCH_FACE"
""wb.everyday.style","EVERYDAY 10-Hands Style","WATCH_FACE"
""com.ekwatchfaces.backtothefuture","Back to the Future Watch Face","WATCH_FACE"
""com.cool.watch.faces.maker.igor","Watch faces - Clock Wallpaper","WATCH_FACE"
""com.watchfacestudio.pww38","PW38 - Digi Quick Press Watch","WATCH_FACE"
""com.watchfacestudio.gm5","GM5 Peonies Flowers","WATCH_FACE"
""com.watchfacestudio.dream117","Dream 117 - Analog watch face","WATCH_FACE"
""lunarmoonphasewatchface.fullmoonviewonmywatch.moonplanetartwatchfaces","Lunar Moon Phase Watch Faces","WATCH_FACE"
""com.watchfacestudio.grayfloralwatchface","Gray Floral elegant watch face","WATCH_FACE"
""com.watchfacestudio.ska35calendar","SKA 35 Calendar","WATCH_FACE"
""watch.richface.androidwear.metrix","Metrix Watch Face","WATCH_FACE"
""com.seresk.horizon.live.wallpaper.ultra","Horizon Live Wallpaper Ultra","WATCH_FACE"
""com.watchfacestudio.per023","PER023 Platinum Watch Face","WATCH_FACE"
""com.recreative.flowers2","Seasonal Moods & Flowers","WATCH_FACE"
""com.utopiastudios.skyrim","Dragonborn Watchface","WATCH_FACE"
""neonwatchface.neonlightwatch.neonsignwatchfaces","Neon Glow Watch Faces","WATCH_FACE"
""com.watchfacestudio.sh001_electronic","SH001 Watch Face, WearOS watch","WATCH_FACE"
""com.watchfacestudio.nuclearproorig","WIN Nuclear PRO Watch face","WATCH_FACE"
""com.watchface.EliteHybrid","DigitX - Elite Hybrid","WATCH_FACE"
""com.gw.catblocks","Cat Blocks","WATCH_FACE"
""com.rzrdesign.walkboy","Walk Boy Watch Face","WATCH_FACE"
""com.recreative.flowers","Flowers - Spring Summer Watch","WATCH_FACE"
""com.watchfacestudio.otdigitalminimalist2","OT | Digital Minimalist 2","WATCH_FACE"
""com.facer.ultradiver","ULTRA Diver watch face","WATCH_FACE"
""com.cem.watch.faces","Smart Watch Faces Gallery App","WATCH_FACE"
""com.watchfacestudio.hmk_Analog_264","HMKWatch Analog 264","WATCH_FACE"
""com.spwatches.pixelprotwo","Pixel Pro 2 - Watch face","WATCH_FACE"
""watch.richface.androidwear.novus","Novus WatchFace","WATCH_FACE"
""com.watchfacestudio.ska46neoclassic","SKA 46 Neo Classic","WATCH_FACE"
""com.ammarptn.willow.digital.watch.face","Willow - Photo Watch face","WATCH_FACE"
""com.watchfacestudio.awfsportxr","SPORT xR: Watch face","WATCH_FACE"
""com.watchface.timestudios.ultra","Ultra Watch Face","WATCH_FACE"
""com.watchfacestudio.md221b","MD221 Digital watch face","WATCH_FACE"
""com.watchfacestudio.rosegoldanalogface","Rose Gold Analog Watch Face","WATCH_FACE"
""com.rzrdesign.topographic","Animated Curves Watch Face","WATCH_FACE"
""com.watch.richface.ultra","Ultra Watch Face","WATCH_FACE"
""xyz.dobleu.gfanboy","Pixel Fanboy","WATCH_FACE"
""com.watchfacestudio.ntv251","Big Digital Sport NTV251","WATCH_FACE"
""com.benoitletondor.pixelminimalwatchface","Minimal Watch Faces","WATCH_FACE"
""com.watchfacestudio.cyber_agent","Cyber Agent digital watch face","WATCH_FACE"
""com.watchfacestudio.kf162","KF162 WATCH FACE","WATCH_FACE"
""com.watchfacestudio.awfterminal","Terminal Watch face","WATCH_FACE"
""com.futorum.h6","Futorum H6 Digital watch face","WATCH_FACE"
""com.watchfacestudio.halloweencatwatchface","Halloween Cute Cat watch face","WATCH_FACE"
""com.watchfacestudio.fsw260","FSW260 WATCHFACE","WATCH_FACE"
""time.flies.nothingfancy","Nothing Fancy Watch Face","WATCH_FACE"
""com.watchfacestudio.md219","MD219 Minimal watch face","WATCH_FACE"
""com.watchfacestudio.acro_classic_space1_sirius","ACRO Classic SPACE1 SIRIUS","WATCH_FACE"
""com.watchfacestudio.bronzeflowers","Bronze Flowers watch face","WATCH_FACE"
""com.watchfacestudio.fsw246","FS W246 Watchface","WATCH_FACE"
""com.usadesign.goldenflower","UsA Golden Flower - USA157","WATCH_FACE"
""com.futorum.w65","Weather watch face W6.5","WATCH_FACE"
""com.caveclub.flowers","Flowers Elegant Watch Face","WATCH_FACE"
""com.GD.galaxyhd","Galaxy Time Watch Face","WATCH_FACE"
""com.watchfacestudio.vva110","VVA110 Journey Watch face","WATCH_FACE"
""com.rzrshrp.cyberneon","Cyberpunk Watch Face","WATCH_FACE"
""com.spwatch.lumen","Lumen","WATCH_FACE"
""com.watchfacestudio.WFP334","WFP 334 Business watch face","WATCH_FACE"
""com.watchfacestudio.h010","Retro Chic Analog","WATCH_FACE"
""com.ekwatchfaces.modulararcade","Modular Arcade - Watch Face","WATCH_FACE"
""com.watchfacestudio.winearthmod","Earth MOD space animated","WATCH_FACE"
""com.watchfacestudio.vva213","VVA213 Hybrid  Watch face","WATCH_FACE"
""com.watchfacestudio.awfpixelface","Pixel Watch Face for Wear OS","WATCH_FACE"
""com.watchfacestudio.ska30digital","SKA 30 Digital","WATCH_FACE"
""com.watchfacestudio.jwstudio_a_002","JW002 jwstudio watchface","WATCH_FACE"
""fr.thema.wear.watch.flower","Flower Watch Face","WATCH_FACE"
""com.watchfacestudio.tgheightinone","Tag Heuer 8 in 1 Watch Face","WATCH_FACE"
""com.watchfacestudio.wfp314_Earth_day","WFP 314 Earth animated watch","WATCH_FACE"
""com.sparkine.mwf.analogultra","Analog Ultra Watch Face","WATCH_FACE"
""com.watchfacestudio.s4uancient","S4U Ancient Gold Watch Face","WATCH_FACE"
""com.watchfacestudio.kh_01","Breitling Hybrid Watchface","WATCH_FACE"
""com.gs.watchface.weather11","GS Weather 11 Hybrid Watchface","WATCH_FACE"
""com.watchfacestudio.kna008","[KNA008] COMBINE","WATCH_FACE"
""com.seresk.horizon.watchface2","Horizon Smart Watch Face Ultra","WATCH_FACE"
""com.watchfacestudio.ska44digital","SKA 44 Digital","WATCH_FACE"
""com.watchfacestudio.whiterosegold","White Rose Gold watch face","WATCH_FACE"
""fr.thema.wear.watch.halloween","Halloween Watch Face","WATCH_FACE"
""com.watchfacestudio.retroiv","Retro watch face","WATCH_FACE"
""com.watchfacestudio.md337","MD337 Digital watch face","WATCH_FACE"
""com.watchfacestudio.s4udive","S4U Dive - Diver watch face","WATCH_FACE"
""com.watchfacestudio.ska43autostyle","SKA 43 Autostyle","WATCH_FACE"
""com.watchfacestudio.ballozi.legance.watchface","Ballozi LEGANCE Classic Luxury","WATCH_FACE"
""com.watchfacestudio.kh_06","Formula Tag Heuer","WATCH_FACE"
""com.watchfacestudio.lavandaflowers","Lavanda - Flowers","WATCH_FACE"
""com.watchfacestudio.MuchaZodiacWatchFace","Mucha Zodiac Watch Face","WATCH_FACE"
""com.watchfacestudio.wfp313_urban_watch_face","WFP 313 Urban animated watch","WATCH_FACE"
""com.recreative.summervacation","Summer Vacation - Sunny Vibes","WATCH_FACE"
""com.amoledwatchfaces.symmetrical","Symmetrical Watch Face","WATCH_FACE"
""com.turcuradu.magicalartwatchface","Magical Art Watch Face","WATCH_FACE"
""com.watchfacestudio.jwstudio_a_115","JW115 jwstudio watchface","WATCH_FACE"
""com.watchfacestudio.md336","MD336 Digital watch face","WATCH_FACE"
""com.watchfacestudio.nocat","Hybrid Tacon Watch Face","WATCH_FACE"
""wb.illuminator.hybridlcd","ILLUMINATOR Hybrid-LCD","WATCH_FACE"
""com.watchfacestudio.dadam79","DADAM79 Hybrid Watch Face","WATCH_FACE"
""com.watchfacestudio.nebulus","Nebulus - watch face","WATCH_FACE"
""com.watchfacedesigns.Chronos","Chronos - Minimal Watch Face","WATCH_FACE"
""com.watchfacestudio.ballozi.virtu.watchface","Ballozi VIRTU Hybrid Analog","WATCH_FACE"
""com.djay.pixelminimalpro","Pixel Minimal Pro Watch Face","WATCH_FACE"
""com.watchfacestudio.samwatch_sign_epsilon","SamWatch SIGN Epsilon","WATCH_FACE"
""huskydev.android.watchface.halloween","Halloween Watch Face HuskyDEV","WATCH_FACE"
""time.flies.lagom","Lagom Watch Face","WATCH_FACE"
""com.watchfacestudio.butterflybloom","Butterfly Bloom","WATCH_FACE"
""com.watchfacestudio.fsw257","FSW257 Watch face","WATCH_FACE"
""watch.richface.androidwear.cyber","Cyber Watch Face","WATCH_FACE"
""skullwatchface.scaryskullonwearoswatch.neonskullartwatchfaces","Skull Watchface: Wear OS Watch","WATCH_FACE"
""com.inspirewatchface.game","Game Joystick - Ready to Play","WATCH_FACE"
""com.sprakenturn.roguemoonphase","Rogue Moon Phase Watch Face","WATCH_FACE"
""com.watchfacestudio.sketalon_ws36","DIGI SKETALON WS36 Watch face","WATCH_FACE"
""com.sixdays.truckerpath","Trucker Path: Truck GPS & Fuel","MAPS_AND_NAVIGATION"
""onxmaps.offroad","onX Offroad: Trail Maps & GPS","MAPS_AND_NAVIGATION"
""it.navionics.singleAppMarineLakesHD","Navionics® Boating","MAPS_AND_NAVIGATION"
""com.trailbehind.android.gaiagps.pro","Gaia GPS: Offroad Hiking Maps","MAPS_AND_NAVIGATION"
""com.underwood.route_optimiser","Circuit Route Planner","MAPS_AND_NAVIGATION"
""com.drivewyze.agatha2","Drivewyze: Tools for Truckers","MAPS_AND_NAVIGATION"
""com.wavve.boating.gps","Wavve Boating: Marine Boat GPS","MAPS_AND_NAVIGATION"
""com.roadwarrior.android","RoadWarrior Route Planner","MAPS_AND_NAVIGATION"
""com.thetransitapp.droid","Transit • Subway & Bus Times","MAPS_AND_NAVIGATION"
""com.Avenza","Avenza Maps: Offline Mapping","MAPS_AND_NAVIGATION"
""com.alk.copilot.mapviewer","CoPilot GPS Navigation","MAPS_AND_NAVIGATION"
""com.teletype.smarttruckroute4","SmartTruckRoute 2  Nav & IFTA","MAPS_AND_NAVIGATION"
""com.tomtom.gplay.navapp","TomTom GO Navigation","MAPS_AND_NAVIGATION"
""com.truckerpath.truckloads","Trucker Path Load Board","MAPS_AND_NAVIGATION"
""com.garmin.android.marine","Garmin ActiveCaptain®","MAPS_AND_NAVIGATION"
""com.atlasguides.guthook","FarOut","MAPS_AND_NAVIGATION"
""com.loveland.pr","The Regrid Property App","MAPS_AND_NAVIGATION"
""com.tranzmate","Moovit: Bus & Train Schedules","MAPS_AND_NAVIGATION"
""com.savvy.navvy.android.app","savvy navvy : Boat Navigation","MAPS_AND_NAVIGATION"
""com.reverllc.rever","REVER - Motorcycle GPS & Rides","MAPS_AND_NAVIGATION"
""comb.blackvuec","BlackVue","MAPS_AND_NAVIGATION"
""se.app.detecht","Detecht - Motorcycle App & GPS","MAPS_AND_NAVIGATION"
""com.troutinsights.troutroutes","TroutRoutes","MAPS_AND_NAVIGATION"
""com.route4me.routeoptimizer","Route4Me Route Planner","MAPS_AND_NAVIGATION"
""com.calimoto.calimoto","calimoto — Motorcycle GPS","MAPS_AND_NAVIGATION"
""com.marinetraffic.android","MarineTraffic - Ship Tracking","MAPS_AND_NAVIGATION"
""com.lowrance.Lowrance","Lowrance: app for anglers","MAPS_AND_NAVIGATION"
""com.sygic.aura","Sygic GPS Navigation & Maps","MAPS_AND_NAVIGATION"
""com.zeoauto.zeocircuit","Zeo Fast Multi Stop Route Plan","MAPS_AND_NAVIGATION"
""com.iternio.abrpapp","A Better Routeplanner (ABRP)","MAPS_AND_NAVIGATION"
""com.gohunt","GOHUNT / Hunt Research & Maps","MAPS_AND_NAVIGATION"
""com.mapcord.gps.coordinates","GPS Coordinates Locator Map","MAPS_AND_NAVIGATION"
""com.mapamai.maps.batchgeocode","Multi-Stop Route Planner","MAPS_AND_NAVIGATION"
""com.simrad.yachting.Simrad","Simrad: Companion for Boaters","MAPS_AND_NAVIGATION"
""com.vialsoft.radarbot_free","Radarbot Speed Camera Detector","MAPS_AND_NAVIGATION"
""com.isea.Embark","C-MAP Boating","MAPS_AND_NAVIGATION"
""com.trailsoffroad.app","Trails Offroad","MAPS_AND_NAVIGATION"
""com.digitalspeedometer.odometer.speedometer.speed","Speedometer: GPS Speed Tracker","MAPS_AND_NAVIGATION"
""com.umotional.bikeapp","Cyclers: Bike Navigation & Map","MAPS_AND_NAVIGATION"
""com.escort.androidui.root","Escort Live Radar","MAPS_AND_NAVIGATION"
""com.qworkly.placemaker","PlaceMaker Route Planner","MAPS_AND_NAVIGATION"
""gps.speedometer.digihud.odometer","GPS Speedometer - Odometer App","MAPS_AND_NAVIGATION"
""com.truckersreport.hammer","Hammer: Truck GPS & Maps","MAPS_AND_NAVIGATION"
""com.rosteam.gpsemulator","GPS Emulator","MAPS_AND_NAVIGATION"
""com.crittermap.backcountrynavigator.license","BackCountry Navigator GPS PRO","MAPS_AND_NAVIGATION"
""com.maps.voice.navigation.traffic.gps.location.route.driving.directions","GPS, Maps, Voice Navigation","MAPS_AND_NAVIGATION"
""com.gpsnavigation.maps.gpsroutefinder.routemap","GPS Navigation: Road Map Route","MAPS_AND_NAVIGATION"
""ai.beans.consumer","Beans - Maps for Apartments","MAPS_AND_NAVIGATION"
""com.teletype.smarttruckroute","SmartTruckRoute Truck GPS Navi","MAPS_AND_NAVIGATION"
""com.gec.MarineApp.WorldViewerLite","Aqua Map Boating","MAPS_AND_NAVIGATION"
""com.wikiloc.wikilocandroid","Wikiloc - Trails of the World","MAPS_AND_NAVIGATION"
""com.mobile.fakelocation","Fake GPS Location- LocaEdit","MAPS_AND_NAVIGATION"
""com.droidefb.play","DroidEFB, US Only","MAPS_AND_NAVIGATION"
""com.mobileappnrs","Paddle Ways - Lets Go Paddling","MAPS_AND_NAVIGATION"
""com.sygic.truck","Sygic GPS Truck & Caravan","MAPS_AND_NAVIGATION"
""com.riserapp","RISER - the motorcycle app","MAPS_AND_NAVIGATION"
""tech.suzero.route","Droppath Route Planner","MAPS_AND_NAVIGATION"
""com.reidx.locato","GPS Phone Location Tracker","MAPS_AND_NAVIGATION"
""tr.com.ussal.smartrouteplanner","Routin Smart Route Planner","MAPS_AND_NAVIGATION"
""com.locationfinder.app","Friend Location Tracker: GPS","MAPS_AND_NAVIGATION"
""gb.xxy.hr","Headunit Reloaded Emulator HUR","MAPS_AND_NAVIGATION"
""locate.finder.maps","Locate Friends and Find Family","MAPS_AND_NAVIGATION"
""com.onwaterapp","onWater Fish - Fishing Spots","MAPS_AND_NAVIGATION"
""com.toursprung.bikemap","Bikemap: Cycling Tracker & GPS","MAPS_AND_NAVIGATION"
""com.goxradar.hudnavigationapp21","Radar GO-X: HUD, GPS, Maps","MAPS_AND_NAVIGATION"
""fakegps.fakelocation.mocklocation.gpsfaker","FlashGo: Fake GPS Location","MAPS_AND_NAVIGATION"
""com.halfmilelabs.footpath","Footpath Route Planner","MAPS_AND_NAVIGATION"
""com.spotangels.android","SpotAngels Parking & Gas","MAPS_AND_NAVIGATION"
""com.naturalatlas.NaturalAtlas","Natural Atlas: Trail Map & GPS","MAPS_AND_NAVIGATION"
""com.navitime.inbound.walk","Japan Travel – Route,Map,Guide","MAPS_AND_NAVIGATION"
""digitalcompass.gps.navigation.direction.compass.compass360.free.app","Digital Compass & Weather LIVE","MAPS_AND_NAVIGATION"
""de.app.shiptracker","Vessel Tracking - Ship Radar","MAPS_AND_NAVIGATION"
""com.citymapper.app.release","Citymapper","MAPS_AND_NAVIGATION"
""com.jvstudios.gpstracker","GPS+ Maps, Navigation, Traffic","MAPS_AND_NAVIGATION"
""com.kukundev.virtualland","Virtual Land Metaverse with AI","MAPS_AND_NAVIGATION"
""com.compassfree.digitalcompass.forandroid.app","Compass app - Accurate Compass","MAPS_AND_NAVIGATION"
""com.getstraightaway.android","Straightaway Powered by Mapbox","MAPS_AND_NAVIGATION"
""com.jackreports","Jack Reports: Truck GPS & Maps","MAPS_AND_NAVIGATION"
""menion.android.locus","Locus Map 4 Outdoor Navigation","MAPS_AND_NAVIGATION"
""com.gpsnavx.iNavX","iNavX: Marine Navigation","MAPS_AND_NAVIGATION"
""com.atlogis.northamerica.free","US Topo Maps","MAPS_AND_NAVIGATION"
""location.changer.fake.gps.spoof.emulator","Gmocker: Fake GPS Location","MAPS_AND_NAVIGATION"
""cn.bassy.kingcompass","King Compass 2024","MAPS_AND_NAVIGATION"
""com.cellular.finder","Cellular Tower - Signal Finder","MAPS_AND_NAVIGATION"
""com.thorkracing.dmd2launcher","DMD2","MAPS_AND_NAVIGATION"
""com.tacnav.android","Tactical NAV","MAPS_AND_NAVIGATION"
""com.sunlandsoftware.gotowell","Go To Well","MAPS_AND_NAVIGATION"
""com.xatori.Plugshare","PlugShare - EV & Tesla Map","MAPS_AND_NAVIGATION"
""com.virtualmaze.offlinemapnavigationtracker","Offline Map Navigation","MAPS_AND_NAVIGATION"
""com.fieldmargin","fieldmargin: manage your farm","MAPS_AND_NAVIGATION"
""taxi.muver.driver","Muver: Gig Driver workspace","MAPS_AND_NAVIGATION"
""com.hitech.gps_navigationmaps","GPS Navigation, Road Maps","MAPS_AND_NAVIGATION"
""com.naviter.SeeYouNavigator","SeeYou Navigator","MAPS_AND_NAVIGATION"
""com.tmt.gpsnavigation.satellitemap.driving.routefinder","Live Earth Map- Satellite View","MAPS_AND_NAVIGATION"
""com.speedcameraalerts.map.kozalakug","Radar Cam - Speed Detector","MAPS_AND_NAVIGATION"
""uk.co.ordnancesurvey.osmaps","OS Maps: Explore hiking trails","MAPS_AND_NAVIGATION"
""com.jixit.qibladirection.salahtimes","Qibla Finder - Qibla Direction","MAPS_AND_NAVIGATION"
""com.live.earthmap.streetview.livecam","Live Earth Map - World Map 3D","MAPS_AND_NAVIGATION"
""app.huntingpoints.android","Hunting Points: GPS Hunt Map","MAPS_AND_NAVIGATION"
""com.zahidcataltas.mgrsutmmappro","Mgrs & Utm Map Pro","MAPS_AND_NAVIGATION"
""com.hiltonsoftware.wingxpro7","WingX","MAPS_AND_NAVIGATION"
""com.bandg.Bandg","B&G: Companion App for Sailors","MAPS_AND_NAVIGATION"
""com.blabapps.thenexttrail","The Next Trail","MAPS_AND_NAVIGATION"
""com.crittermap.backcountrynavigator.xe","BackCountry Navigator XE: Topo","MAPS_AND_NAVIGATION"
""com.wellai.router","Well-AI Router","MAPS_AND_NAVIGATION"
""upper.route.planner.navigation.routing.app","Upper Multi Stop Route Planner","MAPS_AND_NAVIGATION"
""com.golfcart","Villages GPS","MAPS_AND_NAVIGATION"
""com.rosepoint.planz","Coastal Explorer","MAPS_AND_NAVIGATION"
""tat.example.ildar.seer","Police Detector - Speed Radar","MAPS_AND_NAVIGATION"
""org.opencpn.opencpn","OpenCPN","MAPS_AND_NAVIGATION"
""com.overlandbound.ob1","Overland Bound One: Map & GPS","MAPS_AND_NAVIGATION"
""com.route66navigation","Route 66 Navigation","MAPS_AND_NAVIGATION"
""com.teletype.smartbusroute4","BUS  Routing and Navigation","MAPS_AND_NAVIGATION"
""com.cargotour.app","Truck Navigation by CargoTour","MAPS_AND_NAVIGATION"
""com.vecturagames.android.app.gpxviewer.pro","GPX Viewer PRO","MAPS_AND_NAVIGATION"
""com.zigbuddy.app","ZigBuddy! Home Health Planner","MAPS_AND_NAVIGATION"
""com.nyctrans.it","MyTransit NYC Subway & MTA Bus","MAPS_AND_NAVIGATION"
""com.trackingdeluxe.shiptracker","Ship Tracker - AIS Marine Rada","MAPS_AND_NAVIGATION"
""liveearthmap.liveearthcam.livestreetview","Live Earth Map HD - Live Cam","MAPS_AND_NAVIGATION"
""com.kurviger.app","Kurviger Motorcycle Navigation","MAPS_AND_NAVIGATION"
""com.gps.speedometer.odometer.speedtracker.pedometer.stepcounter","Speedometer - Odometer App","MAPS_AND_NAVIGATION"
""com.mapfactor.navigator","MapFactor Navigator","MAPS_AND_NAVIGATION"
""com.brp.brpgo","BRP GO!: Maps & Navigation","MAPS_AND_NAVIGATION"
""smartwatchstudios.app.gears3navigation","Navigation Pro: Maps on Watch","MAPS_AND_NAVIGATION"
""co.beeline","Beeline","MAPS_AND_NAVIGATION"
""net.cupla.sendmylocation","Send My Location - GPS Tracker","MAPS_AND_NAVIGATION"
""com.bygonefisherman.bristol_maps","Bristol Maps","MAPS_AND_NAVIGATION"
""com.zipoapps.compass","Compass - Digital Compass 2024","MAPS_AND_NAVIGATION"
""mobi.nexar.dashcam","Nexar Classic","MAPS_AND_NAVIGATION"
""com.stonegate.lakewinninavigator","Bizer Navigator","MAPS_AND_NAVIGATION"
""com.argonav","Argo - Boating Navigation","MAPS_AND_NAVIGATION"
""com.liveearthmap.streetviewmap.webcams.earthcam.liveweathermap.onlinecams","Live earth Maps: GPS","MAPS_AND_NAVIGATION"
""com.hundred.qibla.finder","Qibla Finder Compass 100%","MAPS_AND_NAVIGATION"
""com.gammonapps.android.straightlinenavigator","Land Nav Assistant","MAPS_AND_NAVIGATION"
""com.electricpocket.boatbeacon","Boat Beacon - AIS Navigation","MAPS_AND_NAVIGATION"
""com.lascade.marinetracker","Marine Traffic Tracker : Shipy","MAPS_AND_NAVIGATION"
""com.backroadmapbooks.backroadmapbookscanada","BRMB Maps by Backroad Maps","MAPS_AND_NAVIGATION"
""com.theappninjas.fakegpsjoystick","Fake GPS Location-GPS JoyStick","MAPS_AND_NAVIGATION"
""com.neotreks.funtreks","FunTreks 4x4 Offroad Trails","MAPS_AND_NAVIGATION"
""uk.co.mxdata.newyorksub","New York Subway – MTA Map NYC","MAPS_AND_NAVIGATION"
""com.proalab.mywayapp","Route Planner, Delivery, MyWay","MAPS_AND_NAVIGATION"
""com.xample.airnavigation","Air Navigation Pro","MAPS_AND_NAVIGATION"
""com.bridge3","Pile Driving","MAPS_AND_NAVIGATION"
""com.squareroute.drive","Route Planner by SquareRoute","MAPS_AND_NAVIGATION"
""com.maps.radar.mapapp22","Maps All in One, Speedometer","MAPS_AND_NAVIGATION"
""psyberia.alpinequest.full","AlpineQuest Off-Road Explorer","MAPS_AND_NAVIGATION"
""com.mxdata.tube.Market","Tube Map - London Underground","MAPS_AND_NAVIGATION"
""com.garmin.android.apps.motorize","Garmin Motorize","MAPS_AND_NAVIGATION"
""com.think.earth","Earth 3D Map","MAPS_AND_NAVIGATION"
""com.infotalk.android.tollcalc","Toll Calculator - Truck RV Car","MAPS_AND_NAVIGATION"
""com.gis.toptoshirou.landmeasure.Glandmeasure","GLand : GPS Field Area Measure","MAPS_AND_NAVIGATION"
""com.live.street.view.streetview.maps.gps.navigation.route.finder.gpsnav","Mobile Number Locator App","MAPS_AND_NAVIGATION"
""com.coolniks.speedometerandodometerpro","GPS Speedometer Odometer (Pro)","MAPS_AND_NAVIGATION"
""com.pointzofficialapp","Pointz: Safer bike mapping","MAPS_AND_NAVIGATION"
""com.astraler.android.routeplanner","enRoute: Smart Route Planner","MAPS_AND_NAVIGATION"
""us.avnav.efb","AvNav EFB","MAPS_AND_NAVIGATION"
""com.mgmwireless.allmytribe3","Spacetalk","MAPS_AND_NAVIGATION"
""com.dolphinmath.fly_fishing","Fly Fishing Trails","MAPS_AND_NAVIGATION"
""com.bodunov.GalileoPro","Guru Maps Pro & GPS Tracker","MAPS_AND_NAVIGATION"
""com.galasoft2013.shipinfo","Ship Info","MAPS_AND_NAVIGATION"
""com.trailtreker","Trail Treker","MAPS_AND_NAVIGATION"
""com.waterwayguide.explorerapp","Waterway Guide","MAPS_AND_NAVIGATION"
""com.outdooractive.alpenverein","alpenvereinaktiv","MAPS_AND_NAVIGATION"
""mobi.byss.weather.navigation","Weather Radar for Auto","MAPS_AND_NAVIGATION"
""com.getmotobit","Motorcycle riding with Motobit","MAPS_AND_NAVIGATION"
""com.rmtheis.mines","Mine Locator Map","MAPS_AND_NAVIGATION"
""com.liveearth.streetviewmap.gpstracking.pro","Street View Map-Route Planner","MAPS_AND_NAVIGATION"
""com.talosavionics.aefis","A-EFIS pro","MAPS_AND_NAVIGATION"
""in.smartsys.bluetoothgpspro","Bluetooth GPS Pro","MAPS_AND_NAVIGATION"
""com.gps.maps.navigation.routeplanner","GPS Route Planner","MAPS_AND_NAVIGATION"
""com.marinetraffic.iais","OnCourse - boating & sailing","MAPS_AND_NAVIGATION"
""com.aspect.trailz","Trailz Off-Road ATV Map & Nav","MAPS_AND_NAVIGATION"
""com.streetview.liveearthview.mapsnavigation.gpsfinder","Street View Earth Map Live GPS","MAPS_AND_NAVIGATION"
""uk.co.mxdata.parismetro","Paris Metro – Map and Routes","MAPS_AND_NAVIGATION"
""hr.apps.n185022","DIY Fly Fishing V3","MAPS_AND_NAVIGATION"
""com.abl.gpstracker.navigation.maps.routefinder.app","GPS Maps Voice Navigation App","MAPS_AND_NAVIGATION"
""com.mapway.global","Mapway: City Journey Planner","MAPS_AND_NAVIGATION"
""com.discipleskies.android.gpswaypointsnavigator","GPS Waypoints Navigator | MAPS","MAPS_AND_NAVIGATION"
""com.bluelionsolutions.srilanka.mytaxicontrol","Taximeter-GPS","MAPS_AND_NAVIGATION"
""menion.android.locus.pro","Locus Map 3 Classic","MAPS_AND_NAVIGATION"
""gps.speedometer.tripmeter.odometer.speedtracker.stepcounter","GPS Speedometer -Speed Tracker","MAPS_AND_NAVIGATION"
""com.nightcatproductions.backseatnavigator","Back Seat Navigator","MAPS_AND_NAVIGATION"
""nl.anwb.android.anwbwaterkaarten","Waterkaarten: Boat Navigation","MAPS_AND_NAVIGATION"
""com.letstop.android","LETSTOP","MAPS_AND_NAVIGATION"
""com.maps.radar.navigation.android2023","MapXplorer: Navigation, Radar","MAPS_AND_NAVIGATION"
""hr.mireo.arthur","Genius Maps Car GPS Navigation","MAPS_AND_NAVIGATION"
""com.geopoi.blmus","BLM Public Lands Map Guide USA","MAPS_AND_NAVIGATION"
""se.jagareforbundet.wehunt","WeHunt","MAPS_AND_NAVIGATION"
""com.swae.porpl.cdrue.imei","Find My Device (IMEI Tracker)","MAPS_AND_NAVIGATION"
""com.theorca.slate","Orca: Boat GPS, Charts, Routes","MAPS_AND_NAVIGATION"
""com.negroni.android.radar.maps.app","Radar Map, Radar Detector, HUD","MAPS_AND_NAVIGATION"
""com.globe.worldmap.streetview.gpsnavigation.weather.satellitemap.liveglobemap","GPS Navigation Globe Map 3D","MAPS_AND_NAVIGATION"
""com.sensorworks.fdeck","fDeck: flight instruments","MAPS_AND_NAVIGATION"
""info.lightpollutionmap.mobile","Light pollution map","MAPS_AND_NAVIGATION"
""info.yogantara.utmgeomap","UTM Geo Map","MAPS_AND_NAVIGATION"
""com.mytowntonight.aviamap","Avia Maps Aeronautical Charts","MAPS_AND_NAVIGATION"
""com.headupnav.navigationwear","Navigation Wear","MAPS_AND_NAVIGATION"
""com.bigqsys.gpsspeedometer.speedmonitor","GPS Speedometer: Speed Monitor","MAPS_AND_NAVIGATION"
""com.buildyourweb_app.boondocking_usa","Boondocking USA","MAPS_AND_NAVIGATION"
""navigation.location.maps.finder.directions.gps.gpsroutefinder","GPS Navigation Maps Directions","MAPS_AND_NAVIGATION"
""com.flightradar24free","Flightradar24 Flight Tracker","TRAVEL_AND_LOCAL"
""com.sygic.familywhere.android","Find my Phone - Family Locator","TRAVEL_AND_LOCAL"
""com.thedyrt.wayfinder","The Dyrt: Tent & RV Camping","TRAVEL_AND_LOCAL"
""com.gypsyguide.audio.tour.guide.driving.maui.yellowstone","GuideAlong | GPS Audio Tours","TRAVEL_AND_LOCAL"
""com.rvlife.rvlife","RV LIFE - RV GPS & Campgrounds","TRAVEL_AND_LOCAL"
""com.wanderlog.android","Wanderlog - Trip Planner App","TRAVEL_AND_LOCAL"
""com.roadtrippers","Roadtrippers - Trip Planner","TRAVEL_AND_LOCAL"
""com.ventures1898.kayo","Kayo","TRAVEL_AND_LOCAL"
""us.mobilepassport","Mobile Passport by Airside","TRAVEL_AND_LOCAL"
""com.nbelapro.pro","Bella Pro","TRAVEL_AND_LOCAL"
""com.shakaguide.android","Shaka Guide | GPS Audio Tours","TRAVEL_AND_LOCAL"
""com.tripit","TripIt: Travel Planner","TRAVEL_AND_LOCAL"
""com.apalon.flight.tracker","Planes Live - Flight Tracker","TRAVEL_AND_LOCAL"
""com.ioverlander.ioverlander","iOverlander 2","TRAVEL_AND_LOCAL"
""com.gpsmycity.iwtmaster","GPSmyCity: Walks in 1K+ Cities","TRAVEL_AND_LOCAL"
""com.steps.app.steps","Atly – Know where to go","TRAVEL_AND_LOCAL"
""com.randonautica.app","Randonautica","TRAVEL_AND_LOCAL"
""com.stafftraveler.webview","StaffTraveler","TRAVEL_AND_LOCAL"
""com.going.mobile","Going: Find Flight Deals","TRAVEL_AND_LOCAL"
""com.couchsurfing.mobile.android","Couchsurfing Travel App","TRAVEL_AND_LOCAL"
""com.skiracer.nautical_astore_lite","i-Boating:Marine Navigation","TRAVEL_AND_LOCAL"
""net.osmand","OsmAnd — Maps & GPS Offline","TRAVEL_AND_LOCAL"
""com.shaka.guide.maui","Road to Hana Maui Audio Tours","TRAVEL_AND_LOCAL"
""iFly.GPS","iFly EFB","TRAVEL_AND_LOCAL"
""com.timeshifter.timeshifter","Timeshifter Jet Lag","TRAVEL_AND_LOCAL"
""net.osmand.plus","OsmAnd+ — Maps & GPS Offline","TRAVEL_AND_LOCAL"
""me.voicemap.android","VoiceMap: Audio Tours & Guides","TRAVEL_AND_LOCAL"
""com.runswithtogo.togo","Togo RV ⁠– RV GPS and more","TRAVEL_AND_LOCAL"
""org.peakfinder.area.alps","PeakFinder","TRAVEL_AND_LOCAL"
""com.WizardPublicationsInc.revealed","Revealed Travel Guides","TRAVEL_AND_LOCAL"
""com.flistholding.flightplus","The Flight Tracker","TRAVEL_AND_LOCAL"
""com.actiontouguide.yellowstone","Yellowstone National Park Tour","TRAVEL_AND_LOCAL"
""com.airnav.radarbox","RadarBox · Live Flight Tracker","TRAVEL_AND_LOCAL"
""com.digitalchemy.currencyconverter","Currency Converter Plus","TRAVEL_AND_LOCAL"
""com.pinkfroot.planefinderfree","Plane Finder - Flight Tracker","TRAVEL_AND_LOCAL"
""net.liveatc.liveatc_app","LiveATC for Android","TRAVEL_AND_LOCAL"
""com.cobra.iradar","Cobra iRadar®","TRAVEL_AND_LOCAL"
""com.madebylotus.windrockpark","Windrock Park","TRAVEL_AND_LOCAL"
""com.actioncharts.smartmansions.gpstour.atg","Action Tour Guide: Experiences","TRAVEL_AND_LOCAL"
""com.shaka.guide.kauai","Kauai GPS Audio Tour Guide","TRAVEL_AND_LOCAL"
""com.itlogy.awardwallet","AwardWallet: Track Rewards","TRAVEL_AND_LOCAL"
""app.web.lost_riders","Lost Riders","TRAVEL_AND_LOCAL"
""mg.locations.track5","Phone Tracker by Number","TRAVEL_AND_LOCAL"
""com.editorialbuencamino.buencamino","Buen Camino de Santiago App","TRAVEL_AND_LOCAL"
""com.outdooractive.Outdooractive","Outdooractive. Hike and Ride","TRAVEL_AND_LOCAL"
""com.flightview.flightview_free","FlightView: Flight Tracker","TRAVEL_AND_LOCAL"
""net.wildcardsoftware.stakeout","Stakeout","TRAVEL_AND_LOCAL"
""com.trailview.app","TrailView","TRAVEL_AND_LOCAL"
""net.myarx.placesbeen","Places Been - Travel Tracker","TRAVEL_AND_LOCAL"
""com.teletype.smartrvroute4","SmartRVRoute 2 RV Navigation","TRAVEL_AND_LOCAL"
""com.liveearth.webcams.live.earth.cam.maps.livecams.exploreworld.earthcams","Live Camera - Street View","TRAVEL_AND_LOCAL"
""com.actiontourguide.freedomtrail","Freedom Trail Boston Guide","TRAVEL_AND_LOCAL"
""com.flightaware.android.liveFlightTracker","FlightAware Flight Tracker","TRAVEL_AND_LOCAL"
""com.altimeter.smart.gps.elevation.altitude.app","GPS Altimeter - Altitude App","TRAVEL_AND_LOCAL"
""app.getroadie.android","Roadie: road trip planner & rv","TRAVEL_AND_LOCAL"
""com.crucedirecto.garitasblazor","Cruce Directo Garitas","TRAVEL_AND_LOCAL"
""tech.jonas.travelbudget","TravelSpend: Travel Budget App","TRAVEL_AND_LOCAL"
""com.earthcam.webcams","Webcams","TRAVEL_AND_LOCAL"
""com.stukalov.staffairlines.pro","Staff Airlines","TRAVEL_AND_LOCAL"
""com.glutendudeapp","Gluten Dude: GF Restaurants","TRAVEL_AND_LOCAL"
""de.app.flighttracker","Flight Tracker & Flight Radar","TRAVEL_AND_LOCAL"
""com.nordicwise.translator","Lingvanex Online AI Translator","TRAVEL_AND_LOCAL"
""com.findpenguins.app","FindPenguins: Travel Tracker","TRAVEL_AND_LOCAL"
""com.actiontourguide.gettysburg","Gettysburg Battle Auto Tour","TRAVEL_AND_LOCAL"
""com.shaka.guide.big.island","Big Island Audio Tour Guide","TRAVEL_AND_LOCAL"
""com.touringplans.lines.android","Disney World Lines by TouringP","TRAVEL_AND_LOCAL"
""com.ollix.fogofworld","Fog of World","TRAVEL_AND_LOCAL"
""org.warmshowers.app","WarmShowers","TRAVEL_AND_LOCAL"
""app.locationscout.net","Locationscout - Photo Spots","TRAVEL_AND_LOCAL"
""com.jettip.mobile","JetTip","TRAVEL_AND_LOCAL"
""com.atlantia.bell","MagicTable: Mouse Watcher","TRAVEL_AND_LOCAL"
""org.adventurecycling.maps","Bicycle Route Navigator","TRAVEL_AND_LOCAL"
""com.compass.weatherforecast.navigation2021","Digital Compass for Android","TRAVEL_AND_LOCAL"
""com.bodunov.galileo","Guru Maps — GPS Route Planner","TRAVEL_AND_LOCAL"
""com.aita","App in the Air - Trip Planner","TRAVEL_AND_LOCAL"
""com.AudioTourAlaska.AudioTourAK","Audio Tour Alaska","TRAVEL_AND_LOCAL"
""com.earthcam.earthcamtv.android","EarthCamTV 2","TRAVEL_AND_LOCAL"
""com.orux.oruxmapsDonate","OruxMaps GP","TRAVEL_AND_LOCAL"
""com.shaka.guide","Oahu Hawaii Audio Tour Guide","TRAVEL_AND_LOCAL"
""com.ckcnet.android.navily","Navily - Your Cruising Guide","TRAVEL_AND_LOCAL"
""com.tripomatic","Sygic Travel Maps Trip Planner","TRAVEL_AND_LOCAL"
""com.erudite.translator","Instant Voice Translate","TRAVEL_AND_LOCAL"
""com.mytoursapp.android.app3313","Official Freedom Trail® App","TRAVEL_AND_LOCAL"
""com.parkmyrig_locations","ParkMyRig, Truck Parking Guide","TRAVEL_AND_LOCAL"
""com.app.walkntours","WalknTours","TRAVEL_AND_LOCAL"
""com.honso.ai.felotranslator","Felo Translator","TRAVEL_AND_LOCAL"
""fr.tramb.park4night","park4night - Motorhome camper","TRAVEL_AND_LOCAL"
""com.rvovernights.rvovernights","RV Overnights - Camping Sites","TRAVEL_AND_LOCAL"
""com.chimani.parks.free","National Park Guides - Chimani","TRAVEL_AND_LOCAL"
""com.brainyapps.bedandbale","Bed and Bale","TRAVEL_AND_LOCAL"
""net.easyconn.carman.wws","CarbitLink-EasyConnection","TRAVEL_AND_LOCAL"
""com.shakaguide.android.yellowstone","Yellowstone | Audio Tour Guide","TRAVEL_AND_LOCAL"
""com.pintraveler.pintraveler","Pin Traveler: Trip, Travel Map","TRAVEL_AND_LOCAL"
""kulana.tools.vacationcountdown","Vacation Countdown App","TRAVEL_AND_LOCAL"
""com.candomaps.islamujeres","MapChick's Isla Mujeres","TRAVEL_AND_LOCAL"
""com.tourlive","투어라이브 - 유럽/일본 여행 오디오 가이드","TRAVEL_AND_LOCAL"
""com.ilyabogdanovich.geotracker","Geo Tracker - GPS tracker","TRAVEL_AND_LOCAL"
""com.twostepsbeyond.uspubliclands","US Public Lands","TRAVEL_AND_LOCAL"
""com.liveearthmap.streetview.navigaion.app","Street View - Satellite Map","TRAVEL_AND_LOCAL"
""com.newcity.brpa","Blue Ridge Parkway Planner","TRAVEL_AND_LOCAL"
""ott.outdoorclass","OutdoorClass: Hunting Courses","TRAVEL_AND_LOCAL"
""com.zihua.android.mytracks","My Track","TRAVEL_AND_LOCAL"
""tips.routes.peakvisor","PeakVisor - 3D Maps & Peaks ID","TRAVEL_AND_LOCAL"
""com.walkme","WalkMe | Walking in Madeira","TRAVEL_AND_LOCAL"
""com.omshyapps.london","London Underground: Tube Map","TRAVEL_AND_LOCAL"
""com.actiontourguide.bar_harbor","Acadia National Park GPS Guide","TRAVEL_AND_LOCAL"
""com.wisepilgrim.caminofrances","Wise Pilgrim Camino Francés","TRAVEL_AND_LOCAL"
""com.roadtripryan.android.play","Road Trip Ryan Trip Guide","TRAVEL_AND_LOCAL"
""visited.countries.tracker.been.places.map","been: track visited countries","TRAVEL_AND_LOCAL"
""com.blinkvisa.flightgen","FlightGen Flight Itinerary App","TRAVEL_AND_LOCAL"
""com.eatsleepride.esrandroid","EatSleepRIDE Motorcycle GPS","TRAVEL_AND_LOCAL"
""com.travelfriend","Travelfriend","TRAVEL_AND_LOCAL"
""com.campendium.android","Campendium - RV & Tent Camping","TRAVEL_AND_LOCAL"
""com.YRH.PackPoint","PackPoint travel packing list","TRAVEL_AND_LOCAL"
""com.tripio.co","Tripio","TRAVEL_AND_LOCAL"
""us.stoeckert.thomas.logride","LogRide - Theme Park Database","TRAVEL_AND_LOCAL"
""org.naviki","Naviki – Bike navigation","TRAVEL_AND_LOCAL"
""com.theoutbound.theoutbound","Outbound: Hike, Camp, Roadtrip","TRAVEL_AND_LOCAL"
""com.ctatracker.chicagotransitcta","Chicago CTA Train Bus Tracker","TRAVEL_AND_LOCAL"
""com.actiontourguide.iceland","Iceland Golden Circle GPS Tour","TRAVEL_AND_LOCAL"
""com.ivilamobie.navigation.digital.compass","Digital Compass for Android","TRAVEL_AND_LOCAL"
""com.aquavue","AquaVue","TRAVEL_AND_LOCAL"
""com.mysteryhike.mystery_hike","MysteryHike: Reveal World Maps","TRAVEL_AND_LOCAL"
""digital.compass.forandroid.directionalcompass.liveearth.maps.gps.navigation","Digital Compass - GPS Compass","TRAVEL_AND_LOCAL"
""co.langlang.translator_for_wsp","Chat Translator - LangLang","TRAVEL_AND_LOCAL"
""com.explorestmobile","Explorest — Photo Locations","TRAVEL_AND_LOCAL"
""com.maz.combo2225rs","Railstream","TRAVEL_AND_LOCAL"
""simply.learn.greek","Simply Learn Greek","TRAVEL_AND_LOCAL"
""com.marineways.android","Marine Ways - Nautical Charts","TRAVEL_AND_LOCAL"
""com.lamiaceae.catmint","Catmint","TRAVEL_AND_LOCAL"
""com.enthusiasticcoder.adsbflightmonitor","ADSB Flight Tracker","TRAVEL_AND_LOCAL"
""com.mytoursapp.android.app5256","Patriots Point Experience","TRAVEL_AND_LOCAL"
""simply.learn.cantonese","Simply Learn Cantonese","TRAVEL_AND_LOCAL"
""com.questo.questoapp","Questo: Real World Experiences","TRAVEL_AND_LOCAL"
""com.althist.app","Old World Search ...","TRAVEL_AND_LOCAL"
""com.travelstorysgps.travelstorys","TravelStorys - Audio Guide","TRAVEL_AND_LOCAL"
""com.mytoursapp.android.app2177","Bonaventure Cemetery Tour","TRAVEL_AND_LOCAL"
""org.visorando.android","Visorando - Walking routes","TRAVEL_AND_LOCAL"
""com.action.maui","Hawaii Road to Hana Tour","TRAVEL_AND_LOCAL"
""com.rvparktime.android","RV Parks & Campgrounds","TRAVEL_AND_LOCAL"
""com.actiontouguide.grandteton","Grand Teton National Park","TRAVEL_AND_LOCAL"
""id.passport.photo.lite","ID Passport VISA Photo Maker","TRAVEL_AND_LOCAL"
""co.hysatech.tourAi","TourAI - AI Travel Planner","TRAVEL_AND_LOCAL"
""com.mnappsstudio.speedometer.speedcamera.detector","Speedometer GPS HUD - Odometer","TRAVEL_AND_LOCAL"
""com.fxv.g3photo","G3 Passport & Visa Photo Booth","TRAVEL_AND_LOCAL"
""com.mike.unikoom.lucy","Tripmaker: AI Travel Assistant","TRAVEL_AND_LOCAL"
""net.hubalek.android.worldclock","World Clock Widget","TRAVEL_AND_LOCAL"
""com.stayfree.app","StayFree Vanlife Camping Sites","TRAVEL_AND_LOCAL"
""com.teenee","Teenee","TRAVEL_AND_LOCAL"
""com.appmosaic.tidechart","Tide Table Chart","TRAVEL_AND_LOCAL"
""com.eclipsim.gpsstatus2","GPS Status & Toolbox","TRAVEL_AND_LOCAL"
""com.landandseasoft.doyleguides","Doyle Guides","TRAVEL_AND_LOCAL"
""com.actiontourguide.canyonlands","Canyonlands GPS Audio Guide","TRAVEL_AND_LOCAL"
""com.discover.pompeii.free","Discover Pompeii - Pompei Tour","TRAVEL_AND_LOCAL"
""org.tourstart","Tourstart","TRAVEL_AND_LOCAL"
""com.actiontourguide.mtlemmon","Mount Lemmon Audio Tour Guide","TRAVEL_AND_LOCAL"
""org.smart_guide.smartguide.T_00007","SmartGuide: Digital Tour Guide","TRAVEL_AND_LOCAL"
""com.st.glaciernp","Glacier National Park GPS Tour","TRAVEL_AND_LOCAL"
""com.appmosaic.moonwatch","Moon Calendar Watch","TRAVEL_AND_LOCAL"
""io.lambus.app","Lambus | Travel Planner","TRAVEL_AND_LOCAL"
""com.briteapps.diggersmap","Digger's Map","TRAVEL_AND_LOCAL"
""app.fairytrail.release","Travel Buddy Finder－Fairytrail","TRAVEL_AND_LOCAL"
""com.adamsappls.carc","California Road Report","TRAVEL_AND_LOCAL"
""com.byairapp.android","byAir: Live Flight Tracker","TRAVEL_AND_LOCAL"
""com.NesiyaTova","Nesiya Tova - נסיעה טובה","TRAVEL_AND_LOCAL"
""pl.mapa_turystyczna.app","Hiking Map Poland","TRAVEL_AND_LOCAL"
""ott.overlandernetwork","XOVERLAND Network","TRAVEL_AND_LOCAL"
""tv.uscreen.aeroverse","Aeroverse","TRAVEL_AND_LOCAL"
""gr.ild.MeteoraAudioGuide","Meteora Audio Guide","TRAVEL_AND_LOCAL"
""com.freemium.android.apps.tracker.altimeter","Altimeter Mountain GPS Tracker","TRAVEL_AND_LOCAL"
""com.digitaledgecreations.adsbradar","Flight Tracker Radar Live 24","TRAVEL_AND_LOCAL"
""com.FishTopia.alaskaFishTopia","Alaska Fishtopia","TRAVEL_AND_LOCAL"
""com.visitacity.visitacityapp","Visit A City","TRAVEL_AND_LOCAL"
""com.actiontouguide.grandcanyon","Grand Canyon NP South Rim Tour","TRAVEL_AND_LOCAL"
""com.tollsmart.leonidiogansen.tolls","Tollsmart Toll Calculator - No","TRAVEL_AND_LOCAL"
""wra.development.DisneyCountdown","Countdown To The Mouse WDW","TRAVEL_AND_LOCAL"
""flymat.live.flight.tracker.radar","Flymat: Live Flight Tracker","TRAVEL_AND_LOCAL"
""za.co.tracks4africa.guide.hybrid","Tracks4Africa Guide","TRAVEL_AND_LOCAL"
""com.eurotalk.utalk.brazilian_portuguese","Learn Brazilian Portuguese","TRAVEL_AND_LOCAL"
""com.eurotalk.utalk.scottish_gaelic","Learn Scottish Gaelic","TRAVEL_AND_LOCAL"
""com.spottedbylocals.guide","Spotted by Locals Travel Guide","TRAVEL_AND_LOCAL"
""com.tabaccoeditrice.tabaccomapp","TABACCOmapp","TRAVEL_AND_LOCAL"
""com.wisepilgrim.portugues","Wise Pilgrim Camino Portugués","TRAVEL_AND_LOCAL"
""com.pballart.campernight","Campernight RV Camper Parking","TRAVEL_AND_LOCAL"
""com.live.earth.gpstracking.panorama.view.streetviewmap","Live Street View Map HD","TRAVEL_AND_LOCAL"
""com.mytoursapp.android.app1228","Tripvia Tours","TRAVEL_AND_LOCAL"
""com.ezebeck.mxnusd","Mexican Peso US Dollar Convert","TRAVEL_AND_LOCAL"
""com.mytoursapp.android.app6904","SoundAround","TRAVEL_AND_LOCAL"
""app.roasters.roasters","Roasters: Find Great Coffee","TRAVEL_AND_LOCAL"
""com.loneoaktech.apps.herestory","HereStory Gettysburg Auto Tour","TRAVEL_AND_LOCAL"
""uk.co.workingedge.iwalk.cornwall","iWalk Cornwall","TRAVEL_AND_LOCAL"
""com.atg.gardenofgods","Garden of the Gods GPS Tour","TRAVEL_AND_LOCAL"
""technologies.realsafe.triumph","Triumph SOS","TRAVEL_AND_LOCAL"
""com.flightstatus.flytracker.flighttracker","Flighty app - flight tracker","TRAVEL_AND_LOCAL"
""com.mezhevikin.converter","Currency converter offline","TRAVEL_AND_LOCAL"
""com.pindropapp","Pin Drop - Map & Navigate","TRAVEL_AND_LOCAL"
""nz.co.roady.app","Roady","TRAVEL_AND_LOCAL"
""ch.texetera.chillon_castle","Chillon","TRAVEL_AND_LOCAL"
""com.amphebia.mapsspeedlimits","Maps Speed Limits","TRAVEL_AND_LOCAL"
""com.constitutional.android.app2042","Walking Tour of Philadelphia","TRAVEL_AND_LOCAL"
""com.google.android.apps.subscriptions.red","Google One","APPLICATION"
""com.zhiliaoapp.musically","TikTok","APPLICATION"
""com.amazon.mShop.android.shopping","Amazon Shopping","APPLICATION"
""com.peacocktv.peacockandroid","Peacock TV: Stream TV & Movies","APPLICATION"
""com.wbd.stream","Max: Stream HBO, TV, & Movies","APPLICATION"
""com.disney.disneyplus","Disney+","APPLICATION"
""com.tinder","Tinder Dating App: Chat & Date","APPLICATION"
""com.pandora.android","Pandora - Music & Podcasts","APPLICATION"
""com.spotify.music","Spotify: Music and Podcasts","APPLICATION"
""com.crunchyroll.crunchyroid","Crunchyroll","APPLICATION"
""com.cbs.app","Paramount+","APPLICATION"
""com.gotv.nflgamecenter.us.lite","NFL","APPLICATION"
""com.bumble.app","Bumble Dating App: Meet & Date","APPLICATION"
""tv.twitch.android.app","Twitch: Live Streaming","APPLICATION"
""com.espn.score_center","ESPN","APPLICATION"
""com.hulu.plus","Hulu: Stream TV shows & movies","APPLICATION"
""com.storymatrix.drama","DramaBox - Stream Drama Shorts","APPLICATION"
""com.life360.android.safetymapd","Life360: Live Location Sharing","APPLICATION"
""com.radio.pocketfm","Pocket FM: Audio Series","APPLICATION"
""com.duolingo","Duolingo: Language Lessons","APPLICATION"
""com.linkedin.android","LinkedIn: Jobs & Business News","APPLICATION"
""co.hinge.app","Hinge Dating App: Match & Date","APPLICATION"
""com.newleaf.app.android.victor","ReelShort - Short Movie & TV","APPLICATION"
""sg.bigo.live","Bigo Live - Live Streaming App","APPLICATION"
""live.shorttv.apps","ShortMax - Watch Dramas & Show","APPLICATION"
""onxmaps.hunt","onX Hunt: GPS Hunting Maps","APPLICATION"
""com.discord","Discord - Talk, Play, Hang Out","APPLICATION"
""com.audible.application","Audible: Audio Entertainment","APPLICATION"
""air.com.vudu.air.DownloaderTablet","Fandango at Home","APPLICATION"
""com.microsoft.skydrive","Microsoft OneDrive","APPLICATION"
""com.grindrapp.android","Grindr - Gay Dating & Chat","APPLICATION"
""com.fitbit.FitbitMobile","Fitbit","APPLICATION"
""com.sling","Sling TV: Live TV + Freestream","APPLICATION"
""com.bydeluxe.d3.android.program.starz","STARZ","APPLICATION"
""com.dropbox.android","Dropbox: Secure Cloud Storage","APPLICATION"
""com.myfitnesspal.android","MyFitnessPal: Calorie Counter","APPLICATION"
""com.canva.editor","Canva: Design, Art & AI Editor","APPLICATION"
""com.amazon.avod.thirdpartyclient","Amazon Prime Video","APPLICATION"
""com.openai.chatgpt","ChatGPT","APPLICATION"
""com.naver.linewebtoon","WEBTOON","APPLICATION"
""com.cbs.ott","Paramount+","APPLICATION"
""com.discovery.discoveryplus.mobile","discovery+ | Stream TV Shows","APPLICATION"
""com.classdojo.android","ClassDojo","APPLICATION"
""com.snapchat.android","Snapchat","APPLICATION"
""com.nordvpn.android","NordVPN – fast VPN for privacy","APPLICATION"
""com.hualai","Wyze - Make Your Home Smarter","APPLICATION"
""com.facebook.katana","Facebook","APPLICATION"
""com.read.goodnovel","GoodNovel - Web Novel, Fiction","APPLICATION"
""com.adobe.reader","Adobe Acrobat Reader: Edit PDF","APPLICATION"
""com.apple.android.music","Apple Music","APPLICATION"
""com.alltrails.alltrails","AllTrails: Hike, Bike & Run","APPLICATION"
""com.viacom.betplus","BET+","APPLICATION"
""com.pof.android","Plenty of Fish Dating App","APPLICATION"
""com.hily.app","Hily Dating app: Meet & Date","APPLICATION"
""com.univision.prendetv","ViX: TV, Deportes y Noticias","APPLICATION"
""com.gc.teammanager","GameChanger","APPLICATION"
""com.instagram.android","Instagram","APPLICATION"
""com.twitter.android","X","APPLICATION"
""com.newreading.goodreels","GoodShort - Movies & Dramas","APPLICATION"
""com.lemon.lvoverseas","CapCut - Video Editor","APPLICATION"
""com.cricut.designspace","Design Space: DIY with Cricut","APPLICATION"
""cn.danatech.xingseus","PictureThis - Plant Identifier","APPLICATION"
""com.tapastic","Tapas – Comics and Novels","APPLICATION"
""com.symantec.mobilesecurity","Norton360 Antivirus & Security","APPLICATION"
""com.enflick.android.TextNow","TextNow: Call + Text Unlimited","APPLICATION"
""com.qidian.Int.reader","WebNovel","APPLICATION"
""com.match.android.matchmobile","Match Dating App: Chat & Meet","APPLICATION"
""com.sereal.short.app","Sereal+ - Stream Short Dramas","APPLICATION"
""com.hkfuliao.chamet","Chamet - Live Video Chat","APPLICATION"
""com.philo.philo.google","Philo: Shows, Movies, Live TV.","APPLICATION"
""com.sgiggle.production","Tango- Live Stream, Video Chat","APPLICATION"
""com.strava","Strava: Run, Bike, Hike","APPLICATION"
""video.chat.joi","Joi - Live Video Chat","APPLICATION"
""com.viki.android","Viki: Asian Dramas & Movies","APPLICATION"
""org.telegram.messenger","Telegram","APPLICATION"
""com.ancestry.android.apps.ancestry","Ancestry: Family History & DNA","APPLICATION"
""com.hulu.livingroomplus","Hulu for Android TV","APPLICATION"
""com.clearchannel.iheartradio.controller","iHeart: Music, Radio, Podcasts","APPLICATION"
""com.dazn","DAZN - Watch Live Sports","APPLICATION"
""com.babbel.mobile.android.en","Babbel - Learn Languages","APPLICATION"
""co.feeld","Feeld: Date & Meet New People","APPLICATION"
""com.calm.android","Calm - Sleep, Meditate, Relax","APPLICATION"
""com.amazon.mp3","Amazon Music: Songs & Podcasts","APPLICATION"
""com.baitu.qingshu","Poppo live","APPLICATION"
""com.nytimes.android","The New York Times","APPLICATION"
""com.offerup","OfferUp: Buy. Sell. Letgo.","APPLICATION"
""wsj.reader_sp","The Wall Street Journal.","APPLICATION"
""com.dreame.reader","Dreame-Read Romance Stories","APPLICATION"
""com.takimi.android","Taimi - LGBTQ+ Dating & Chat","APPLICATION"
""com.affinityapps.blk","BLK Dating: Meet Black Singles","APPLICATION"
""com.soundcloud.android","SoundCloud: Play Music & Songs","APPLICATION"
""com.newsclapper.video","Clapper: Video, Live, Chat","APPLICATION"
""com.picsart.studio","Picsart: AI Photo Video Editor","APPLICATION"
""com.noventure.minishorts","MiniShorts","APPLICATION"
""org.iggymedia.periodtracker","Flo Period & Pregnancy Tracker","APPLICATION"
""com.photoroom.app","Photoroom AI Photo Editor","APPLICATION"
""com.antivirus","AVG AntiVirus & Security","APPLICATION"
""com.thezeusnetwork.www","Zeus","APPLICATION"
""com.ultimateguitar.tabs","Ultimate Guitar: Chords & Tabs","APPLICATION"
""com.guochao.faceshow","BuzzCast - Live Video Chat App","APPLICATION"
""com.app.android.qw.readink","Readink - Read Good Web Novel","APPLICATION"
""com.aadhk.woinvoice","Invoice Simple: Invoice Maker","APPLICATION"
""com.plamfy.platform","Plamfy: Live Stream Video Chat","APPLICATION"
""gen.tech.impulse.android","Impulse - Brain Training Games","APPLICATION"
""com.udates","Once: Find your Perfect Match","APPLICATION"
""com.bamnetworks.mobile.android.gameday.atbat","MLB","APPLICATION"
""com.intsig.camscanner","CamScanner- scanner, PDF maker","APPLICATION"
""com.intuit.quickbooks","QuickBooks Online Accounting","APPLICATION"
""com.kwshortvideo.kalostv","Kalos TV","APPLICATION"
""com.microsoft.office.officehubrow","Microsoft 365 (Office)","APPLICATION"
""com.sixdays.truckerpath","Trucker Path: Truck GPS & Fuel","APPLICATION"
""com.myyearbook.m","MeetMe: Chat & Meet New People","APPLICATION"
""com.yahoo.mobile.client.android.fantasyfootball","Yahoo Fantasy Football, Sports","APPLICATION"
""com.dashdramas","My Drama: Short reel stories!","APPLICATION"
""com.bleacherreport.android.teamstream","Bleacher Report: Sports News","APPLICATION"
""com.taggedapp","Tagged - Meet, Chat & Dating","APPLICATION"
""com.adhoclabs.burner","Burner: Second Phone Number","APPLICATION"
""com.fitnow.loseit","Calorie Counter by Lose It!","APPLICATION"
""com.sirius","SiriusXM: Music, Sports & News","APPLICATION"
""com.affinityapps.chispa","Chispa: Dating App for Latinos","APPLICATION"
""com.inkitt.app.galateatv.android","GalateaTV","APPLICATION"
""com.firelight.android.app","Vibe Dating App: Meet People","APPLICATION"
""app.local.single","Local Single: Chat & Friends","APPLICATION"
""com.amazon.amazonvideo.livingroom","Prime Video","APPLICATION"
""com.kismia.app","Kismia - Meet Singles Nearby","APPLICATION"
""com.badoo.mobile","Badoo Dating App: Meet & Date","APPLICATION"
""com.affinityapps.twozerofour","Upward: Christian Dating App","APPLICATION"
""com.weightwatchers.mobile","WeightWatchers Program","APPLICATION"
""com.evernote","Evernote - Note Organizer","APPLICATION"
""com.gopro.smarty","GoPro Quik: Video Editor","APPLICATION"
""com.colt","GALATEA: Novels & Audiobooks","APPLICATION"
""com.changdu.mobovideo","MoboReels","APPLICATION"
""com.weather.Weather","The Weather Channel - Radar","APPLICATION"
""com.expressvpn.vpn","ExpressVPN: VPN Fast & Secure","APPLICATION"
""enterprises.dating.boo","Boo: Dating. Friends. Chat.","APPLICATION"
""com.okcupid.okcupid","OkCupid Dating: Date Singles","APPLICATION"
""com.fantasypros.myplaybook","Fantasy Football My Playbook","APPLICATION"
""com.hickeyapp.app.android","Local Meet & Dating App：Hickey","APPLICATION"
""com.viz.wsj.android","Shonen Jump Manga & Comics","APPLICATION"
""com.joistapp.android.joist","Joist Invoices for Contractors","APPLICATION"
""com.scorp.who","Who - Live Video Chat","APPLICATION"
""org.malwarebytes.antimalware","Malwarebytes Mobile Security","APPLICATION"
""com.fambase.venus","Fambase: Live & Group Chat","APPLICATION"
""com.finch.finch","Finch: Self-Care Pet","APPLICATION"
""us.zoom.videomeetings","Zoom Workplace","APPLICATION"
""com.ai.sound.donna","Donna AI Song & Music Maker","APPLICATION"
""com.contentsfirst.tappytoon","Tappytoon Manhwa & Novels","APPLICATION"
""com.superlive.liveapp","SuperLive- Live Stream & Chat","APPLICATION"
""com.fandom.playercompanion","D&D Beyond","APPLICATION"
""fitness.home.workout.weight.loss","JustFit - Lazy Workout","APPLICATION"
""com.newreading.meganovel","MegaNovel: Fictions & Webnovel","APPLICATION"
""com.stary.dreamshort","DreameShort - Dramas and Shows","APPLICATION"
""com.qvon.novellair","Novellair-Your Book Nook","APPLICATION"
""net.manta.comic","Manta: Comics & Graphic Novels","APPLICATION"
""com.topps.bunt","Topps® BUNT® MLB Card Trader","APPLICATION"
""io.faceapp","FaceApp: Perfect Face Editor","APPLICATION"
""com.eken.aiwit","Aiwit","APPLICATION"
""com.discovery.discoveryplus.androidtv","discovery+ | Stream TV Shows","APPLICATION"
""com.qvon.novelbar","NovelBar-Your Reading Haven","APPLICATION"
""com.amcplus.amcfullepisodes","AMC+","APPLICATION"
""com.matchtech.cafe","Cafe - Live video chat","APPLICATION"
""com.smartaddx.vicohome","VicoHome: Security Camera App","APPLICATION"
""com.headway.books","Headway: 15-Min Book Summaries","APPLICATION"
""com.robokiller.app","Robokiller - Spam Call Blocker","APPLICATION"
""com.thetileapp.tile","Tile: Making Things Findable","APPLICATION"
""net.zedge.android","Zedge™ Wallpapers & Ringtones","APPLICATION"
""com.changdu.ereader","MoboReader","APPLICATION"
""com.microsoft.office.outlook","Microsoft Outlook","APPLICATION"
""ai.chat.gpt.bot","ChatOn - AI Chat Bot Assistant","APPLICATION"
""com.plotshow.snackshow","SnackShort","APPLICATION"
""onxmaps.offroad","onX Offroad: Trail Maps & GPS","APPLICATION"
""com.adobe.lrmobile","Lightroom Photo & Video Editor","APPLICATION"
""com.onepeloton.callisto","Peloton - Fitness & Workouts","APPLICATION"
""com.thvine.nayo","Nayo: Chat, Meet & Dating App","APPLICATION"
""com.textmeinc.textme","Text Me: Second Phone Number","APPLICATION"
""com.foxsports.videogo","Bally Sports","APPLICATION"
""com.kw.fournovel","MetroNovel - Let Stories Shine","APPLICATION"
""com.aytech.flextv","FlexTV - Watch Short Dramas","APPLICATION"
""com.nfl.fantasy.core.android","NFL Fantasy Football","APPLICATION"
""com.gen.workoutme","BetterMe: Health Coaching","APPLICATION"
""com.zoosk.zoosk","Zoosk - Social Dating App","APPLICATION"
""gm.passion.app","My Passion: Reading App","APPLICATION"
""co.happybits.marcopolo","Marco Polo - Video Messenger","APPLICATION"
""kik.android","Kik — Messaging & Chat App","APPLICATION"
""com.microsoft.office.word","Microsoft Word: Edit Documents","APPLICATION"
""com.cinetoolkit.cinetoolkit","CineToolkit:Caster&Roku Remote","APPLICATION"
""com.simonandschuster.pimsleur.unified.android","Pimsleur: Language Learning","APPLICATION"
""com.cdyala.blazing","Blazing: Ignite Your Love Life","APPLICATION"
""ai.socialapps.speakmaster","Poly.AI - Create AI Chat Bot","APPLICATION"
""com.collegehumor.chdropout","Dropout","APPLICATION"
""com.getsomeheadspace.android","Headspace: Meditation & Sleep","APPLICATION"
""com.truebill","Rocket Money - Bills & Budgets","APPLICATION"
""com.honeycam","Honeycam Chat-Short Video&Chat","APPLICATION"
""com.coinidentifyer.ai","CoinSnap - Coin Identifier","APPLICATION"
""com.shorts.wave.drama","ShortsWave: Watch Drama Series","APPLICATION"
""com.ashleymadison.mobile","Ashley Madison","APPLICATION"
""io.alpha.novel","AlphaNovel — Books & Stories","APPLICATION"
""com.iqiyi.i18n","iQIYI - Drama, Anime, Show","APPLICATION"
""io.cmbus.app","Coffee Meets Bagel: Dating App","APPLICATION"
""tunein.player","TuneIn Radio: Music & Sports","APPLICATION"
""com.pandora.android","Pandora - Music & Podcasts","MUSIC_AND_AUDIO"
""com.spotify.music","Spotify: Music and Podcasts","MUSIC_AND_AUDIO"
""com.radio.pocketfm","Pocket FM: Audio Series","MUSIC_AND_AUDIO"
""com.apple.android.music","Apple Music","MUSIC_AND_AUDIO"
""com.clearchannel.iheartradio.controller","iHeart: Music, Radio, Podcasts","MUSIC_AND_AUDIO"
""com.amazon.mp3","Amazon Music: Songs & Podcasts","MUSIC_AND_AUDIO"
""com.soundcloud.android","SoundCloud: Play Music & Songs","MUSIC_AND_AUDIO"
""com.ultimateguitar.tabs","Ultimate Guitar: Chords & Tabs","MUSIC_AND_AUDIO"
""com.sirius","SiriusXM: Music, Sports & News","MUSIC_AND_AUDIO"
""com.ai.sound.donna","Donna AI Song & Music Maker","MUSIC_AND_AUDIO"
""tunein.player","TuneIn Radio: Music & Sports","MUSIC_AND_AUDIO"
""com.aspiro.tidal","TIDAL Music: HiFi sound","MUSIC_AND_AUDIO"
""com.newreading.goodfm","GoodFM - Dramas & Audiobooks","MUSIC_AND_AUDIO"
""com.smule.singandroid","Smule: Karaoke, Sing & Record","MUSIC_AND_AUDIO"
""com.hellosimply.simplysingdroid","Simply Sing: My Singing App","MUSIC_AND_AUDIO"
""com.starmakerinteractive.starmaker","StarMaker: Sing Karaoke Songs","MUSIC_AND_AUDIO"
""deezer.android.app","Deezer: Music & Podcast Player","MUSIC_AND_AUDIO"
""com.audiomack","Audiomack: Music Downloader","MUSIC_AND_AUDIO"
""com.bandlab.bandlab","BandLab – Music Making Studio","MUSIC_AND_AUDIO"
""com.rhapsody","Napster Music","MUSIC_AND_AUDIO"
""com.musescore.playerlite","MuseScore: sheet music","MUSIC_AND_AUDIO"
""com.joyreading.dreamefm","Dreame FM - Audiobooks & Story","MUSIC_AND_AUDIO"
""net.nugs.multiband","nugs.net","MUSIC_AND_AUDIO"
""com.slacker.radio","LiveOne: Stream Music & More","MUSIC_AND_AUDIO"
""com.komspek.battleme","Rap Fame - Rap Music Studio","MUSIC_AND_AUDIO"
""com.mwm.sampler","Beat Maker Pro - DJ Drum Pad","MUSIC_AND_AUDIO"
""com.wondery","Wondery: Discover Podcasts","MUSIC_AND_AUDIO"
""com.recisio.kfandroid","KaraFun - Karaoke Party","MUSIC_AND_AUDIO"
""ai.moises","Moises: The Musician's AI App","MUSIC_AND_AUDIO"
""net.nugs.livephish","LivePhish","MUSIC_AND_AUDIO"
""ai.music.generator.song.maker","Shoom - AI Music Generator","MUSIC_AND_AUDIO"
""net.chordify.chordify","Chordify: Song Chords & Tuner","MUSIC_AND_AUDIO"
""fm.castbox.audiobook.radio.podcast","Podcast Player - Castbox","MUSIC_AND_AUDIO"
""com.vlv.aravali","Kuku FM: Audio Series","MUSIC_AND_AUDIO"
""com.songsterr","Songsterr Guitar Tabs & Chords","MUSIC_AND_AUDIO"
""com.talentme.singup","SingUp Music: AI Cover Songs","MUSIC_AND_AUDIO"
""com.jazarimusic.voloco","Voloco: Auto Vocal Tune Studio","MUSIC_AND_AUDIO"
""com.gismart.drum.pads.machine","Drum Pads - Beat Maker Go","MUSIC_AND_AUDIO"
""com.edjing.edjingdjturntable","edjing Mix - Music DJ app","MUSIC_AND_AUDIO"
""com.bestringtonesapps.freeringtonesforandroid","Ringtones for Android™","MUSIC_AND_AUDIO"
""com.mwm.stems","Stemz: AI Tool for Musicians","MUSIC_AND_AUDIO"
""com.mwm.guitartuner","Guitar Tuner Pro: Music Tuning","MUSIC_AND_AUDIO"
""com.cdub.whooptriggerzplus","Whoop Triggerz Plus","MUSIC_AND_AUDIO"
""dev.netlob.spotistats","stats.fm for Spotify","MUSIC_AND_AUDIO"
""com.feraset.tune","AI Cover & Songs: Music AI","MUSIC_AND_AUDIO"
""com.adjust.volume.booster.go","Volume Booster EQ 200% Louder","MUSIC_AND_AUDIO"
""com.imageline.FLM","FL STUDIO MOBILE","MUSIC_AND_AUDIO"
""com.tianxingjian.supersound","Music Audio Editor, MP3 Cutter","MUSIC_AND_AUDIO"
""com.qobuz.music","Qobuz: Music & Editorial","MUSIC_AND_AUDIO"
""app.mmap.mobile","Soundmap - Find Your Songs","MUSIC_AND_AUDIO"
""fm.jewishmusic.application","Zing - Jewish Music Streaming","MUSIC_AND_AUDIO"
""com.singgenix.suno","Music AI: Cover Song Generator","MUSIC_AND_AUDIO"
""com.musicnotes.xamarin.android.smv","Musicnotes Sheet Music Player","MUSIC_AND_AUDIO"
""com.bas.hit.volm.dy","Bass Booster Volume Booster EQ","MUSIC_AND_AUDIO"
""com.streema.podcast","Podcast App -  Podcasts","MUSIC_AND_AUDIO"
""com.ai.music.generate","AI Music Generator","MUSIC_AND_AUDIO"
""com.umandroid","UnitedMasters: Release Music","MUSIC_AND_AUDIO"
""com.abrar.volumeboost","Volume Booster for Android","MUSIC_AND_AUDIO"
""com.ai.voice.recorder","Voice Recorder Sound Memo Pro","MUSIC_AND_AUDIO"
""com.topfan.IceNineKills","Ice Nine Kills","MUSIC_AND_AUDIO"
""com.playcus.groovemasters","Groove Masters - DJ Drum Pad","MUSIC_AND_AUDIO"
""com.streema.simpleradio","Simple Radio: Live AM FM Radio","MUSIC_AND_AUDIO"
""volumebooster.soundspeaker.louder","Volume Booster - Sound Booster","MUSIC_AND_AUDIO"
""com.algoriddim.djay_free","djay - DJ App & Mixer","MUSIC_AND_AUDIO"
""com.anghami","Anghami: Play music & Podcasts","MUSIC_AND_AUDIO"
""com.magix.android.mmjam","Music Maker JAM: Beatmaker app","MUSIC_AND_AUDIO"
""com.bork.dsp.datuna","DaTuner: Tuner & Metronome","MUSIC_AND_AUDIO"
""dj.mixer.music.pro.sound.effects","Dj it! - Music Mixer","MUSIC_AND_AUDIO"
""com.coulddog.loopsbycdub","Loops By CDUB","MUSIC_AND_AUDIO"
""com.bambuna.podcastaddict","Podcast Addict: Podcast player","MUSIC_AND_AUDIO"
""com.distrokid.dk","DistroKid","MUSIC_AND_AUDIO"
""radiotime.player","TuneIn Radio Pro - Live Radio","MUSIC_AND_AUDIO"
""com.jazibkhan.equalizer","Flat Equalizer - Bass Booster","MUSIC_AND_AUDIO"
""com.excellent.tools.voice.changer","Video Voice Changer + Effects","MUSIC_AND_AUDIO"
""com.massimobiolcati.irealb","iReal Pro","MUSIC_AND_AUDIO"
""com.MojoFilterMediaLLC.RPGSoundSystem","Pocket Bard","MUSIC_AND_AUDIO"
""com.easybrain.make.music","Groovepad - music & beat maker","MUSIC_AND_AUDIO"
""musiclab.suno.udio.ai","MusicLab AI Song & Lyric Maker","MUSIC_AND_AUDIO"
""com.talentme.vocalme","VocalMe Music: AI Cover Songs","MUSIC_AND_AUDIO"
""com.xmeinc.wbt","Worship Backing Tracks","MUSIC_AND_AUDIO"
""com.record.voice.day.all","Voice Recorder Sound Recorder","MUSIC_AND_AUDIO"
""com.audioaddict.di","DI.FM: Electronic Music Radio","MUSIC_AND_AUDIO"
""com.appcompanist.appcompanist","Appcompanist","MUSIC_AND_AUDIO"
""com.maxmpz.audioplayer.unlock","Poweramp Full Version Unlocker","MUSIC_AND_AUDIO"
""com.recisio.jamzone","Jamzone - Sing & Play Along","MUSIC_AND_AUDIO"
""com.sonosaurus.tonalenergytuner","TonalEnergy Tuner & Metronome","MUSIC_AND_AUDIO"
""com.simplemobiletools.voicerecorder","Simple Voice Recorder","MUSIC_AND_AUDIO"
""com.zubersoft.mobilesheetspro","MobileSheets","MUSIC_AND_AUDIO"
""com.ubisoft.rocksmith.play.bass.guitar.lessons.tuner.recorder","Rocksmith+ Fast Music Learning","MUSIC_AND_AUDIO"
""app.xmeinc.com.loopsbyxme","XME LOOPS","MUSIC_AND_AUDIO"
""com.tianxingjian.superrecorder","Voice Recorder Audio Sound MP3","MUSIC_AND_AUDIO"
""com.gamesworkshop.blacklibraryaudio","Black Library Audio","MUSIC_AND_AUDIO"
""com.ring.fantasy.today","Android Ringtones 2024","MUSIC_AND_AUDIO"
""myrecorder.voicerecorder.voicememos.audiorecorder.recordingapp","Voice Recorder & Voice Memos","MUSIC_AND_AUDIO"
""com.soundtrap.studioapp","Soundtrap Studio","MUSIC_AND_AUDIO"
""audioeditor.musiceditor.soundeditor.songeditor","Audio Editor & Music Editor","MUSIC_AND_AUDIO"
""com.allied.sns","Sound & Soulful","MUSIC_AND_AUDIO"
""com.light.music.recognition","Music Recognition - Find Songs","MUSIC_AND_AUDIO"
""me.rapchat.rapchat","Rapchat: Music Maker Studio","MUSIC_AND_AUDIO"
""com.mixvibes.remixlive","Remixlive - Make Music & Beats","MUSIC_AND_AUDIO"
""com.chordai","Chord ai - learn any song","MUSIC_AND_AUDIO"
""com.kalay.equalizer","Equalizer Sound & Bass Booster","MUSIC_AND_AUDIO"
""mobi.omegacentauri.SpeakerBoost","Sound Booster・Increase Volume","MUSIC_AND_AUDIO"
""com.atpc","MP3 Downloader - Music Player","MUSIC_AND_AUDIO"
""pads.loops.dj.make.music.beat","Loop Maker Pro: Dj Beat Maker","MUSIC_AND_AUDIO"
""voice.changer.auto.tune.editor.recorder","Voice Changer - Tune my Voice","MUSIC_AND_AUDIO"
""com.qingot.voice.overseas1","Magic Voice Changer","MUSIC_AND_AUDIO"
""com.mwm.piano","Piano - music & songs games","MUSIC_AND_AUDIO"
""com.emelianov.audio","Offtop Rap Studio & Song Maker","MUSIC_AND_AUDIO"
""com.idagio.app","IDAGIO Stream Classical Music","MUSIC_AND_AUDIO"
""com.ponicamedia.voicechanger","Voice Changer - Fast Tuner","MUSIC_AND_AUDIO"
""iTunes.Sync.Android","iSyncr: iTunes to Android","MUSIC_AND_AUDIO"
""vocal.remover.karaoke.instrumental.app","AI Vocal Remover & Karaoke","MUSIC_AND_AUDIO"
""ringtonemaker.musiccutter.customringtones.freeringtonemaker","Ringtone Maker: Music Cutter","MUSIC_AND_AUDIO"
""com.smule.magicpiano","Magic Piano by Smule","MUSIC_AND_AUDIO"
""com.drum.muse.pad.bit","Beat Maker Beat Music Maker","MUSIC_AND_AUDIO"
""com.ntrack.studio.demo","n-Track Studio DAW: Make Music","MUSIC_AND_AUDIO"
""net.musopia.kalatuner","Kala: Learn Ukulele & Tuner","MUSIC_AND_AUDIO"
""com.steinberg.cubasis3","Cubasis 3 - DAW & Music Studio","MUSIC_AND_AUDIO"
""ai.vyro.musicly","Saaz : AI Covers and Songs","MUSIC_AND_AUDIO"
""com.jio.media.jiobeats","JioSaavn - Music & Podcasts","MUSIC_AND_AUDIO"
""fm.player","Offline Podcast App: Player FM","MUSIC_AND_AUDIO"
""com.megaj.guitartuner","Guitar Tuner - Simple Tuners","MUSIC_AND_AUDIO"
""com.pioneerdj.rekordbox","DJ rekordbox – DJ App & Mixer","MUSIC_AND_AUDIO"
""com.manythingsdev.headphonetools","Sound Booster for Headphones","MUSIC_AND_AUDIO"
""com.toto.jcyj.mvmix","Offline Music Player - Mixtube","MUSIC_AND_AUDIO"
""com.amp.android","AmpMe - Speaker Booster","MUSIC_AND_AUDIO"
""com.script8888.magicmusicai","Magic Music - Create AI Songs","MUSIC_AND_AUDIO"
""com.lonict.android.subwooferbass","Subwoofer Bass - Bass Booster","MUSIC_AND_AUDIO"
""co.appnation.aimusic","AI Cover & AI Music - Melodia","MUSIC_AND_AUDIO"
""com.soundbrenner.pulse","The Metronome by Soundbrenner","MUSIC_AND_AUDIO"
""com.tombooks.tomplay","Tomplay Sheet Music","MUSIC_AND_AUDIO"
""com.elf.koalasampler","Koala Sampler","MUSIC_AND_AUDIO"
""com.organum.playscore","PlayScore2 needs hi-end camera","MUSIC_AND_AUDIO"
""com.tutteo.flat","Flat: Music Score & Tab Editor","MUSIC_AND_AUDIO"
""com.mx.ringtone.pro","Ringtones for Android 2024","MUSIC_AND_AUDIO"
""my.googlemusic.play","My Mixtapez: Music & Podcasts","MUSIC_AND_AUDIO"
""com.extreamsd.usbaudioplayerpro","USB Audio Player PRO","MUSIC_AND_AUDIO"
""com.maxmpz.equalizer","Poweramp Equalizer","MUSIC_AND_AUDIO"
""com.hearfm.app","HearFM - Exclusive Audio World","MUSIC_AND_AUDIO"
""io.amuse.android","Amuse Music Distribution","MUSIC_AND_AUDIO"
""com.lolofit.yesgo","Yes!GO","MUSIC_AND_AUDIO"
""com.freeyourmusic.stamp","FreeYourMusic - Easy Transfers","MUSIC_AND_AUDIO"
""com.guitartricks.gt","Guitar Lessons by GuitarTricks","MUSIC_AND_AUDIO"
""com.gaana","Gaana Music: Mp3 Song, Radio","MUSIC_AND_AUDIO"
""com.digdig","Record Scanner for Vinyl & CD","MUSIC_AND_AUDIO"
""com.ai.volume.ring","Volume Booster 2X Louder Phone","MUSIC_AND_AUDIO"
""com.uminate.beatmachine","Beat Machine: Music Maker & DJ","MUSIC_AND_AUDIO"
""musicplayer.musicapps.music.mp3player","Music Player & MP3 Player","MUSIC_AND_AUDIO"
""com.dwave.noiseraser","Noise Eraser","MUSIC_AND_AUDIO"
""com.pandora.android.atv","Pandora Music for TV","MUSIC_AND_AUDIO"
""app.swipefy.mobile","Swipefy for Spotify","MUSIC_AND_AUDIO"
""com.dmholdings.AudysseyMultEq","Audyssey MultEQ Editor app","MUSIC_AND_AUDIO"
""com.mmm.trebelmusic","TREBEL: Music, MP3 & Podcasts","MUSIC_AND_AUDIO"
""com.agminstruments.drumpadmachine","Drum Pad Machine - beat maker","MUSIC_AND_AUDIO"
""com.audioaddict.jr","JAZZ MUSIC RADIO","MUSIC_AND_AUDIO"
""com.upallnitesoftware.walkoutsongdj","Walkout Song DJ","MUSIC_AND_AUDIO"
""com.singa.client","Singa: Sing Karaoke & Lyrics","MUSIC_AND_AUDIO"
""com.km.karaoke","SingNow - Hát kara duet & live","MUSIC_AND_AUDIO"
""com.songbookpro.songbookpro","SongbookPro","MUSIC_AND_AUDIO"
""com.pittvandewitt.wavelet","Wavelet: headphone specific EQ","MUSIC_AND_AUDIO"
""ai.cover.suno.song.music","CoverX - AI Cover Song Maker","MUSIC_AND_AUDIO"
""com.shaiban.audioplayer.mplayer","Music Player - MP3 Player","MUSIC_AND_AUDIO"
""com.willeypianotuning.toneanalyzer","PianoMeter – Piano Tuner","MUSIC_AND_AUDIO"
""com.id.mp3.trimmer.many.files.merger.audio.converter.editor.and.cutter","MP3 Cutter & Audio Trimmer","MUSIC_AND_AUDIO"
""www.whimmusic.info","Unlimited MP3 Music Downloader","MUSIC_AND_AUDIO"
""com.entermedia.mobile.karaoke","Magicsing Karaoke","MUSIC_AND_AUDIO"
""in.krosbits.musicolet","Musicolet Music Player","MUSIC_AND_AUDIO"
""com.positivegrid.spark","Spark: Chords, Backing Tracks","MUSIC_AND_AUDIO"
""com.hemisync.hemisyncflow","Hemi-Sync® Flow","MUSIC_AND_AUDIO"
""com.beatstars.studio","BeatStars Studio: My Media","MUSIC_AND_AUDIO"
""net.relaxio.relaxio","White Noise Generator","MUSIC_AND_AUDIO"
""mymusic.offlinemusicplayer.mp3player.playmusic","Offline Music Player: Play MP3","MUSIC_AND_AUDIO"
""ak.alizandro.smartaudiobookplayer","Smart AudioBook Player","MUSIC_AND_AUDIO"
""hai.lior.instrumenttunerfree","Instrument Tuner","MUSIC_AND_AUDIO"
""com.harmonynetwork.singsharp","Learn to Sing - Sing Sharp","MUSIC_AND_AUDIO"
""com.podbean.app.podcast","Podcast Player App - Podbean","MUSIC_AND_AUDIO"
""com.xemsoft.sheetmusicscanner","Sheet Music Scanner & Reader","MUSIC_AND_AUDIO"
""com.jrinnovation.proguitartuner","Pro Guitar Tuner","MUSIC_AND_AUDIO"
""fmradio.radiostation.livefm.musicradio","FM Radio, Live FM, Live radio","MUSIC_AND_AUDIO"
""com.audioaddict.cr","Classical Music Radio","MUSIC_AND_AUDIO"
""am.trackify","Trackify - Spotify Stats","MUSIC_AND_AUDIO"
""com.mixvibes.crossdjfree","Cross DJ - Music Mixer App","MUSIC_AND_AUDIO"
""soundbooster.volumebooster.bassbooster.equalizer","Equalizer, Bass Booster Volume","MUSIC_AND_AUDIO"
""com.afmobi.boomplayer","Boomplay: Music & Live Stream","MUSIC_AND_AUDIO"
""app.symfonik.music.player","Symfonium: Music player & cast","MUSIC_AND_AUDIO"
""mobi.bgn.sound.speaker.headphone.audio.equalizer","Volume Booster - Equalizer Pro","MUSIC_AND_AUDIO"
""com.collectorz.javamobile.android.music","CLZ Music, CD/vinyl collection","MUSIC_AND_AUDIO"
""com.nchsoftware.pocketwavepad_free","WavePad Audio Editor","MUSIC_AND_AUDIO"
""com.voicefun","VoiceFun - Voice Generator","MUSIC_AND_AUDIO"
""com.trackstats","Songstats: Music Analytics","MUSIC_AND_AUDIO"
""com.player.esound","eSound: MP3 Music Player App","MUSIC_AND_AUDIO"
""dbeats.app.mp3.merger.trimmer.mixer.converter.speedchanger.mp3editor","Audio Editor - Ringtone Maker","MUSIC_AND_AUDIO"
""com.fragileheart.mp3editor","Music Editor: Ringtone & MP3","MUSIC_AND_AUDIO"
""djmixer.djmixerplayer.remixsong.bassbooster","DJ Music Mixer - Dj Remix Pro","MUSIC_AND_AUDIO"
""com.first75.voicerecorder2","Voice Recorder","MUSIC_AND_AUDIO"
""com.zona.aimusic","AI Song & Music Generator Zona","MUSIC_AND_AUDIO"
""voicerecorder.audiorecorder.voice","Voice Recorder & Voice Memos","MUSIC_AND_AUDIO"
""com.ventismedia.android.mediamonkeypro","MediaMonkey Pro","MUSIC_AND_AUDIO"
""de.radio.android","radio.net - AM FM Radio Tuner","MUSIC_AND_AUDIO"
""com.discord","Discord - Talk, Play, Hang Out","COMMUNICATION"
""com.snapchat.android","Snapchat","COMMUNICATION"
""com.enflick.android.TextNow","TextNow: Call + Text Unlimited","COMMUNICATION"
""org.telegram.messenger","Telegram","COMMUNICATION"
""com.adhoclabs.burner","Burner: Second Phone Number","COMMUNICATION"
""com.matchtech.cafe","Cafe - Live video chat","COMMUNICATION"
""com.robokiller.app","Robokiller - Spam Call Blocker","COMMUNICATION"
""co.happybits.marcopolo","Marco Polo - Video Messenger","COMMUNICATION"
""kik.android","Kik — Messaging & Chat App","COMMUNICATION"
""com.cdyala.blazing","Blazing: Ignite Your Love Life","COMMUNICATION"
""com.sideline.phone.number","Sideline: Second Phone Number","COMMUNICATION"
""com.skype.raider","Skype","COMMUNICATION"
""com.newellmediallc.live.coco","Coco - Live Video Chat HD","COMMUNICATION"
""com.yahoo.mobile.client.android.mail","Yahoo Mail – Organized Email","COMMUNICATION"
""com.beenverified.android","BeenVerified Background Search","COMMUNICATION"
""com.truecaller","Truecaller: AI Call Blocker","COMMUNICATION"
""com.brave.browser","Brave Private Web Browser, VPN","COMMUNICATION"
""com.talkatone.android","Talkatone: Texting & Calling","COMMUNICATION"
""com.callapp.contacts","CallApp: Caller ID & Block","COMMUNICATION"
""com.azarlive.android","Azar: Video Chat & Meet People","COMMUNICATION"
""com.hushed.release","Hushed: US Second Phone Number","COMMUNICATION"
""com.youmail.android.vvm","YouMail Spam Block & Voicemail","COMMUNICATION"
""me.spam.robo.call.blocker.call.filter.app","Spam Call Blocker for Android","COMMUNICATION"
""me.number.app.im","2nd Line - Second Phone Number","COMMUNICATION"
""com.whitepages.search","Whitepages - Find People","COMMUNICATION"
""com.webascender.callerid","Hiya: Spam Blocker & Caller ID","COMMUNICATION"
""net.rapidgator","Rapidgator.net File Manager","COMMUNICATION"
""com.viber.voip","Rakuten Viber Messenger","COMMUNICATION"
""com.facebook.orca","Messenger","COMMUNICATION"
""com.esim.numero","Numero eSIM: Virtual Number","COMMUNICATION"
""com.spoofcard.app","SpoofCard - Privacy Protection","COMMUNICATION"
""com.mrnumber.blocker","Mr. Number: Spam Call Blocker","COMMUNICATION"
""com.avast.android.vpn","Avast SecureLine VPN & Privacy","COMMUNICATION"
""me.talkyou.app.im","2nd Phone Number - Call & Text","COMMUNICATION"
""com.anonyome.mysudo","MySudo - Private & Secure","COMMUNICATION"
""com.magicjack","magicApp Calling & Messaging","COMMUNICATION"
""com.nomorobo","Nomorobo Basic Robocall Block","COMMUNICATION"
""com.isharing.isharing","iSharing: GPS Location Tracker","COMMUNICATION"
""com.kakao.talk","KakaoTalk : Messenger","COMMUNICATION"
""com.popa.video.status.download","Popa Live Video Call","COMMUNICATION"
""phone.id.faker.real.one","Phone Id - Fake Caller Buster","COMMUNICATION"
""com.hayo.chacha","Hotchat- Video Chat&Live&Party","COMMUNICATION"
""com.bpmobile.second.phone","Second Phone Number - 2Number","COMMUNICATION"
""com.kodrak.aidreamgirls","LoveGPT: AI Boy & Girlfriend","COMMUNICATION"
""com.appsverse.phoner","Phoner 2nd Phone Number + Text","COMMUNICATION"
""com.enflick.android.tn2ndLine","2ndLine - Second Phone Number","COMMUNICATION"
""jp.naver.line.android","LINE: Calls & Messages","COMMUNICATION"
""online.smsvirtual.app","SMS Virtual - Receive SMS","COMMUNICATION"
""com.advtechgrp.android.corrlinks","CorrLinks","COMMUNICATION"
""com.keepcalling.ui","KeepCalling International","COMMUNICATION"
""com.rebelvox.voxer","Voxer Walkie Talkie Messenger","COMMUNICATION"
""ch.protonmail.android","Proton Mail: Encrypted Email","COMMUNICATION"
""com.smartwatch.bluetooth.sync.notifications","Smart Watch app - BT Notifier","COMMUNICATION"
""ai.your.assistant.chats","Spark AI","COMMUNICATION"
""com.opera.browser","Opera browser with AI","COMMUNICATION"
""com.ertunga.wifihotspot","Portable WiFi - Mobile Hotspot","COMMUNICATION"
""com.app.recover.deleted.messages.messagerecovery.restoredeletedmessages","Recover Deleted Messages App","COMMUNICATION"
""com.appsborn.whatsdelete.recover.deleted.messages.rdm","All Deleted Messages Recovery","COMMUNICATION"
""org.prowl.torque","Torque Pro (OBD 2 & Car)","COMMUNICATION"
""com.whatsapp.w4b","WhatsApp Business","COMMUNICATION"
""com.mensajes.borrados.deleted.messages","Deleted Messages Recovery","COMMUNICATION"
""xyz.klinker.messenger","Pulse SMS (Phone/Tablet/Web)","COMMUNICATION"
""sp.artificialintelligence.notalone","NotAlone AI Girlfriend Creator","COMMUNICATION"
""com.whapp.groove","Groove-Live video chat","COMMUNICATION"
""com.juphoon.justalk","JusTalk - Video Chat & Calls","COMMUNICATION"
""tel.pingme","PingMe - Second Phone Number","COMMUNICATION"
""com.mysecondline.app","My 2nd Line Text Call Number","COMMUNICATION"
""com.OnSoft.android.BluetoothChat","SmartWatch & BT Sync Watch App","COMMUNICATION"
""com.vyke.vtl","Vyke: Second Phone/2nd Line","COMMUNICATION"
""ws.coverme.im","CoverMe - Second Phone Number","COMMUNICATION"
""wearos.smart.watch.bt.sync.notifier","Watch Sync App - BT Notifier","COMMUNICATION"
""com.beint.zangi","Zangi Private Messenger","COMMUNICATION"
""com.yollacalls","Yolla: International Calling","COMMUNICATION"
""com.handcent.app.nextsms","Handcent Next SMS messenger","COMMUNICATION"
""max.cryptotab.android","CryptoTab Browser Max Speed","COMMUNICATION"
""com.speaktranslate.tts.speechtotext.voicetyping.translator","Speak and Translate Languages","COMMUNICATION"
""com.hitemup","Hit Em Up: Mass Text Bulk SMS","COMMUNICATION"
""com.textmeinc.textme3","TextMe Up Calling & Texts","COMMUNICATION"
""to.likey.android","Likey - Interact with creators","COMMUNICATION"
""com.godaddy.conversations","GoDaddy Conversations","COMMUNICATION"
""app.source.getcontact","Getcontact","COMMUNICATION"
""com.justalk.kids.android","JusTalk Kids - Safe Messenger","COMMUNICATION"
""another.caller.id.changer","Caller id Changer Sec","COMMUNICATION"
""com.talkheap.fax","Send & Receive Fax Number","COMMUNICATION"
""com.softinit.iquitos.mainapp","RDM: Recover Deleted Messages","COMMUNICATION"
""lite.cryptotab.android","CryptoTab Browser Lite","COMMUNICATION"
""com.flexaspect.android.everycallcontrol","Call Control. Call Blocker","COMMUNICATION"
""com.ringcredible","Talk360: International Calling","COMMUNICATION"
""me.nextplus.smsfreetext.phonecalls","Nextplus: Phone # Text + Call","COMMUNICATION"
""ch.threema.app","Threema. The Secure Messenger","COMMUNICATION"
""com.telephonescience.nomorobomax","Nomorobo Max","COMMUNICATION"
""com.roman.vpnmaster","VPN Proxy Shield Proxy Servers","COMMUNICATION"
""ws.coverme.burnerline","Second Phone Number","COMMUNICATION"
""com.aiphone.secondphonenumber","AIPhone.AI: AI Call Translate","COMMUNICATION"
""pro.cryptotab.android","CryptoTab Browser Pro Level","COMMUNICATION"
""com.twiq.app","Twiq - Anonymous Chat","COMMUNICATION"
""messenger.sms","Messenger - Texting App","COMMUNICATION"
""com.foxfi.key","FoxFi Key (supports PdaNet)","COMMUNICATION"
""il.co.smedia.callrecorder.yoni","Call Recorder Automatic","COMMUNICATION"
""com.tempmail","Temp Mail - Temporary Email","COMMUNICATION"
""OCTech.Mobile.Applications.TouchScan","OBD Fusion (Car Diagnostics)","COMMUNICATION"
""com.mail.mobile.android.mail","mail.com: Mail app & Cloud","COMMUNICATION"
""com.virtunum.android","VirtuNum - Virtual Number","COMMUNICATION"
""com.gotsport.mobile","GotSport","COMMUNICATION"
""spokeo.com.spokeomobile","Spokeo - Identify Unknown Call","COMMUNICATION"
""com.snowcorp.stickerly.android","Sticker.ly - Sticker Maker","COMMUNICATION"
""livemobilelocationtracker.teccreations","Live Location, GPS Coordinates","COMMUNICATION"
""lifeisbetteron.com","Libon: Calls and Recharge","COMMUNICATION"
""com.privatecallr","Private Callr - Secure & Anony","COMMUNICATION"
""messenger.messenger.os","Messages OS 17 - Messenger","COMMUNICATION"
""com.app.fanytelbusiness","Virtual Number - Fanytel","COMMUNICATION"
""com.hsv.freeadblockerbrowser","FAB Adblocker Browser:Adblock","COMMUNICATION"
""com.videochat.pure","PureChat - Live Video Chat","COMMUNICATION"
""com.hnib.smslater","Auto Text: Schedule, Auto Send","COMMUNICATION"
""com.realcall.spamcallblocker","RealCall.AI: Spam Call Blocker","COMMUNICATION"
""com.oceansecondnum","2nd Line+ Phone Number & eSIM","COMMUNICATION"
""com.snugapps.messaging.text.sms","Magic SMS - Text Messages","COMMUNICATION"
""com.tgtools.vnumber","VSim - Verification SMS","COMMUNICATION"
""com.unlistedmobile.unlisted","Unlisted - Second Phone Number","COMMUNICATION"
""com.colive.yaja","Yaja Live Video Chat","COMMUNICATION"
""com.reverse.PhoneLookup","Reverse Phone Lookup — rLookup","COMMUNICATION"
""com.telos.app.im","2nd Phone Number: Text & Call","COMMUNICATION"
""com.callassistant.android","AI Call Assistant & Screener","COMMUNICATION"
""com.callyo.police_phone_1021","10-21 Police Phone","COMMUNICATION"
""com.cutestudio.led.color.sms","Messenger - SMS Messages","COMMUNICATION"
""com.onoffapp.app","Onoff","COMMUNICATION"
""com.wmspanel.larix_broadcaster","Larix Broadcaster","COMMUNICATION"
""sms.mms.messages.text.free","Messenger SMS & MMS","COMMUNICATION"
""com.psiphon3.subscription","Psiphon Pro","COMMUNICATION"
""OCTech.Mobile.Applications.OBDLink","OBDLink (OBD car diagnostics)","COMMUNICATION"
""com.yeoboya.com.yeoboya","YEOBOYA - Marriage and Meet","COMMUNICATION"
""org.mistergroup.shouldianswer","Should I Answer?","COMMUNICATION"
""com.smsBlocker","Mezo - Spam Blocker, SMS Block","COMMUNICATION"
""com.avg.android.secure.browser","AVG Secure Browser","COMMUNICATION"
""com.messenger.phone.number.text.sms.service.apps","Messages : SMS & Private Chat","COMMUNICATION"
""com.anotherball.anilive","AniLive - Discover New VTubers","COMMUNICATION"
""com.textra","Textra SMS","COMMUNICATION"
""messages.chat.free.text.messaging.sms","Messenger: Text Messages, SMS","COMMUNICATION"
""walkie.talkie.among.us.friends","CastChat - Match & Voice Chat","COMMUNICATION"
""com.xxgirl.chat","xxxx:Live Video Chat Call","COMMUNICATION"
""com.xsdev.recover.deleted.messages","Deleted Messages Recovery App","COMMUNICATION"
""com.syncme.syncmeapp","Sync.ME: Caller ID & Contacts","COMMUNICATION"
""com.recommended.videocall","Video Call","COMMUNICATION"
""com.newtek.ndi.hxcam","NDI HX Camera: Easy Streaming","COMMUNICATION"
""com.codebaker.textcall","Text Now Second Phone Number","COMMUNICATION"
""com.aosapp.chatradar","클럽5678 - 실시간 동네친구 찾기","COMMUNICATION"
""call.free.international.phone.call","Call App:Unlimited Call & Text","COMMUNICATION"
""app.phound.app","Phound Phone","COMMUNICATION"
""com.getyourmarriageon.chat","Just Between Us","COMMUNICATION"
""com.avast.android.secure.browser","Avast Secure Browser","COMMUNICATION"
""com.mysms.android.sms","mysms - Remote Text Messages","COMMUNICATION"
""com.margoapps.callrecorder","Call Recorder Pro","COMMUNICATION"
""com.backupcontacts.easycontactsbackup","Recover Contacts & Backup","COMMUNICATION"
""com.palmerperformance.DashCommand","DashCommand (OBD ELM App)","COMMUNICATION"
""com.app.aphone","Second Line - US Phone Number","COMMUNICATION"
""com.hullomail.messaging.android","Hullomail Voicemail","COMMUNICATION"
""sms.app.messages.app.message.box.message.me","Messages: SMS Messaging","COMMUNICATION"
""com.duoface.duonumber.android","Duo Number - 2nd Phone Line","COMMUNICATION"
""com.dev.slynumber","SLYNUMBER","COMMUNICATION"
""com.cloudsimapp.vtl","Cloud SIM:Second Phone/2ndLine","COMMUNICATION"
""com.tencent.mm","WeChat","COMMUNICATION"
""org.alanon.meetings","Al-Anon Family Groups","COMMUNICATION"
""com.jb.gosms","GO SMS Pro - Messenger, Free T","COMMUNICATION"
""kha.prog.mikrotik","NetShare - no-root-tethering","COMMUNICATION"
""com.mycodd.app","ODD APP","COMMUNICATION"
""com.tangerine.live.cam","Cam - Random Video Chats","COMMUNICATION"
""com.appvillis.esim","eSIM Plus: Mobile Virtual SIM","COMMUNICATION"
""com.whatsnextlabs.autoresponder","Smarter: Missed Call Assistant","COMMUNICATION"
""com.zoiper.android.app","Zoiper IAX SIP VOIP Softphone","COMMUNICATION"
""com.messages.chat","Smart Messages","COMMUNICATION"
""com.geeksoftapps.whatsweb","Web Tool - Multiple Accounts","COMMUNICATION"
""com.wephoneapp","WePhone: WiFi Phone Call &Text","COMMUNICATION"
""com.text.call.textunlimited.free","Text, Call & Phone number","COMMUNICATION"
""com.calea.echo","Mood SMS - Messages App","COMMUNICATION"
""com.contapps.android","Contacts+","COMMUNICATION"
""eu.faircode.email","FairEmail, privacy aware email","COMMUNICATION"
""com.heavenecom.smartscheduler","AUTO MESSAGE send response sms","COMMUNICATION"
""whatsapp.web.whatscan.whatsweb.qrscan","Dual App - Web Scanner App","COMMUNICATION"
""com.plugmind.cbtest","CB Radio Chat - for friends!","COMMUNICATION"
""im.thebot.messenger","Botim - Video and Voice Call","COMMUNICATION"
""com.messaging.textrasms.manager","Messages: Phone SMS Text App","COMMUNICATION"
""com.cellact.secnum","Israeli Mobile Number","COMMUNICATION"
""com.fongo.international","Fongo World Edition","COMMUNICATION"
""com.counterpath.bria","Bria Mobile: VoIP Softphone","COMMUNICATION"
""caller.phone.id.fakecall","Fake Call","COMMUNICATION"
""stickerwhatsapp.com.stickers","Sticker Maker for WhatsApp","COMMUNICATION"
""cz.acrobits.softphone.aliengroundwire","Groundwire: VoIP SIP Softphone","COMMUNICATION"
""com.microsoft.emmx","Microsoft Edge: AI browser","COMMUNICATION"
""com.legaltextcollector","Legal Text Collector","COMMUNICATION"
""com.nll.cb","ACR Phone","COMMUNICATION"
""com.whatscan.whatsweb.scanqr.qrscanner","Chat Cloner Web QR Scanner","COMMUNICATION"
""com.unknownphone.callblocker","Call Blocker - Stop spam calls","COMMUNICATION"
""mobi.drupe.app","Phone Dialer & Contacts: drupe","COMMUNICATION"
""com.appybuilder.abdulsajid6491.SpoofSMSSenderFake","Spoof SMS Sender fake","COMMUNICATION"
""com.messenger.sms.messages","Messages - SMS Texting App","COMMUNICATION"
""com.radaris.app","Radaris Caller Id Phone Lookup","COMMUNICATION"
""io.efon","International calls","COMMUNICATION"
""com.translate.chattranslator.keyboard.android2022","Keyboard Translator for Chat","COMMUNICATION"
""com.mysosfamily","My SOS Family Emergency Alerts","COMMUNICATION"
""com.cascadialabs.who","Who - Caller ID, Spam Block","COMMUNICATION"
""net.zedge.android","Zedge™ Wallpapers & Ringtones","PERSONALIZATION"
""com.penguins.write","Penguins-Read Good Novels","PERSONALIZATION"
""com.jeremysteckling.facerrel","Facer Watch Faces","PERSONALIZATION"
""com.wuz3470z.characterpro","Character.Me: AI Roleplay Chat","PERSONALIZATION"
""bitpit.launcher","Niagara Launcher ‧ Home Screen","PERSONALIZATION"
""cool.fonts.symbol.keyboard.custom.fancy.text.editor","Fonts Art: Cute Keyboard Font","PERSONALIZATION"
""com.applock.launcher","Shield: Antivirus Home Screen","PERSONALIZATION"
""com.mhlhdmi.two","USB Screen Share - Phone to TV","PERSONALIZATION"
""phone.speedup.cleanup","Cleanup Your Phone","PERSONALIZATION"
""ginlemon.flowerfree","Smart Launcher 6","PERSONALIZATION"
""com.teslacoilsw.launcher.prime","Nova Launcher Prime","PERSONALIZATION"
""com.pixelkraft.edgelighting","Edge Lighting - Borderlight","PERSONALIZATION"
""slide.watchFrenzy","WatchMaker Watch Faces","PERSONALIZATION"
""com.shanga.walli","Walli - Stunning Wallpapers","PERSONALIZATION"
""com.iconchanger.widget.theme.shortcut","Themepack - App Icons, Widgets","PERSONALIZATION"
""com.simejikeyboard","Facemoji AI Emoji Keyboard","PERSONALIZATION"
""helectronsoft.com.live.wallpaper.pixel4d","Pixel 4D™ Live Wallpapers","PERSONALIZATION"
""themify.aesthetic.themes.widget.wallpaper.app.icon.changer.pack","Themify: Theme & Icon Changer","PERSONALIZATION"
""com.facer.pipboy_se","Fallout Pip-Boy SE Watch Face","PERSONALIZATION"
""com.neupanedinesh.fonts.stylishletters","Letter Fonts - Stylish Text","PERSONALIZATION"
""com.filmfolio.filmfolio","FilmFolio","PERSONALIZATION"
""com.themekit.widgets.themes","ThemeKit - Themes & Widgets","PERSONALIZATION"
""helectronsoft.com.grubl.live.wallpapers3d","GRUBL™ 4D Live Wallpapers + AI","PERSONALIZATION"
""br.com.zetabit.ios_standby","StandBy Mode Pro","PERSONALIZATION"
""com.clean.fast.launcher","Fast Launcher","PERSONALIZATION"
""com.mediapro.entertainment.freeringtone","Music ringtones for android","PERSONALIZATION"
""com.facer.ultraretrodigital","ULTRA Digital Retro watch face","PERSONALIZATION"
""com.zappcues.gamingmode","Gaming Mode - Game Booster PRO","PERSONALIZATION"
""hyde.android.launcher3","Hyde App Hider - Hide Apps","PERSONALIZATION"
""ginlemon.iconpackstudio","Icon Pack Studio","PERSONALIZATION"
""com.wallpaper.express.daily","Cute Wallpapers Cool Wallpaper","PERSONALIZATION"
""com.wallpaperscraft.wallpaper","Wallcraft Cool 4K Wallpaper 4D","PERSONALIZATION"
""org.kustom.widget","KWGT Kustom Widget Maker","PERSONALIZATION"
""amonguslock.amonguslockscreen.amonglock","AmongLock: AmongUs Lock Screen","PERSONALIZATION"
""com.tpas.neon.animals.wallpaper.moving.backgrounds","Moving Backgrounds 4k - WALLPS","PERSONALIZATION"
""com.mazzocchibrothers.emojiup.emoji.avatar","Emoji Up genmoji maker sticker","PERSONALIZATION"
""io.iftech.android.box","Widget Lab:Wallpapers & Themes","PERSONALIZATION"
""com.sparkine.muvizedge","Muviz Edge: AOD & Edge Lights","PERSONALIZATION"
""fun.shocktaser.gun.pranksimulator","TrueAI Wallpaper 3D","PERSONALIZATION"
""com.wolf.maid","Maid - Online video Chat","PERSONALIZATION"
""com.widgetkit.widget.theme.wallpaper.icon.sceen.scape","WidgetKit - Themes&Pet Widget","PERSONALIZATION"
""com.charging.batteryanimations","3D Battery Charging Animation","PERSONALIZATION"
""com.moteleb.livewalls","Enigma Toolbox - LiveWalls","PERSONALIZATION"
""com.lbe.parallel.intl","Parallel Space - app cloning","PERSONALIZATION"
""com.watchfacestudio.md307digital","MD307 Digital watch face","PERSONALIZATION"
""flar2.homebutton","Button Mapper: Remap your keys","PERSONALIZATION"
""com.appsgenz.launcherios.pro","Launcher OS Pro","PERSONALIZATION"
""com.watchfacestudio.md242","MD242 Hybrid watch face","PERSONALIZATION"
""hd.uhd.live.wallpapers.topwallpapers","Live Wallpapers, 4K Wallpapers","PERSONALIZATION"
""com.circle.profile.picture.border.maker.dp.instagram","Profile Picture Border Frame","PERSONALIZATION"
""com.rare.wallpapers","Wallpapers HD - Backgrounds 4K","PERSONALIZATION"
""com.mirrorai.app","Mirror: Emoji maker, Stickers","PERSONALIZATION"
""com.themekit.lite.widgets.themes","ThemePro - Widget & Wallpaper","PERSONALIZATION"
""com.watchfacestudio.s4uassen","S4U Assen - Hybrid watch face","PERSONALIZATION"
""com.backdrops.wallpapers","Backdrops - Wallpapers","PERSONALIZATION"
""com.redcherry.hotquotes.hot.followers","Real Followers & Likes via Tag","PERSONALIZATION"
""app.moertel.retro.iconpack.neon","Retro Mode - Icon Pack (Neon)","PERSONALIZATION"
""com.gau.go.launcherex.s","GO Launcher S – 3D Theme, Wall","PERSONALIZATION"
""com.digitalcosmos.shimeji","Shimeji","PERSONALIZATION"
""com.oneblockmap.survivalskyblocks","Mod One Block for MCPE","PERSONALIZATION"
""com.fenivan.fw100","FW100 Digital Watch Face","PERSONALIZATION"
""com.watchfacestudio.s4urconeretro","S4U RC ONE - Retro watch face","PERSONALIZATION"
""me.craftsapp.video.wallpaper","Video Live Wallpaper Maker","PERSONALIZATION"
""com.beforesoft.launcher","Before Launcher | Go Minimal","PERSONALIZATION"
""com.tcm.laugh.sounds.ringtones.funysounds.tunes","Super Funny Ringtones & Sounds","PERSONALIZATION"
""com.theme.wallpaper.widget","Themes-Wallpaper&Icons&Widgets","PERSONALIZATION"
""com.themes.wallpapers.widgets.starnest","Themes : Wallpapers & Widgets","PERSONALIZATION"
""com.apposter.watchmaker","TIMEFLIK Watch Face","PERSONALIZATION"
""com.watchfacestudio.per008_soho","Weather Watch Face PER008 Soho","PERSONALIZATION"
""com.facer.avoStjoiE4","Fallout Pip-Boy Watch Face","PERSONALIZATION"
""tik.carlyule.com","1000 Followers For Tik","PERSONALIZATION"
""lddan.tik.followers","Tikup-Followers&Likes","PERSONALIZATION"
""com.panda.moira","Moira - Online video Chat","PERSONALIZATION"
""com.photoappworld.photo.animated.sticker","Video to Sticker Maker","PERSONALIZATION"
""com.watchfacestudio.md338","MD338 Hybrid watch face","PERSONALIZATION"
""com.actionlauncher.playstore","Action Launcher: Pixel Edition","PERSONALIZATION"
""ch.icoaching.typewise","Typewise Custom Keyboard","PERSONALIZATION"
""com.pujie.watchfaces","Watch Faces - Pujie","PERSONALIZATION"
""com.watchfacestudio.s4umystique","S4U Mystique - Gold watch face","PERSONALIZATION"
""com.fonts.emoji.fontkeyboard.free","Fonts Keyboard - Fonts & Emoji","PERSONALIZATION"
""vault.gallery.lock","Photo Lock App - Hide Pictures","PERSONALIZATION"
""wb.illuminator.digital","ILLUMINATOR Digital Watch face","PERSONALIZATION"
""com.treydev.volume","Ultra Volume Control Styles","PERSONALIZATION"
""com.mobilefastcharger.chargingshow.flashing.batterycharginganimationscreen.charginganimationeffects.chargingapp","Battery Charging Animation","PERSONALIZATION"
""com.watchfacestudio.per27","Digital WatchFace PER27 Galaxy","PERSONALIZATION"
""hd.uhd.wallpapers.best.quality","4K Wallpapers - Auto Changer","PERSONALIZATION"
""com.tools.animation.batterycharging.chargingeffect","Battery Charging Animation","PERSONALIZATION"
""com.ss.launcher2","Total Launcher","PERSONALIZATION"
""com.photowidgets.magicwidgets","MagicWidgets - iOS Widgets","PERSONALIZATION"
""com.watchfacestudio.mocatod","Hybrid TAG CARRERA Watch face","PERSONALIZATION"
""com.modevil.grandmaobbyescape","Mod Grandma Obby Escape Tips","PERSONALIZATION"
""com.lutech.theme","Themes - Wallpapers & Widgets","PERSONALIZATION"
""com.widgetclub","Icon changer & Widget Themes","PERSONALIZATION"
""com.desygner.wattpadcovers","Book Cover Maker for Wattpad","PERSONALIZATION"
""com.jupitermedia.TvBoxIndependent","大吉电视 中国电视央视卫视体育频道 高清直播 DajiTV","PERSONALIZATION"
""com.zhekapps.leddigitalclock","SmartClock - LED Digital Clock","PERSONALIZATION"
""com.watchfacestudio.WFP309_classic_watch_face","WFP 309 Elegant watch face","PERSONALIZATION"
""com.radikal.gamelauncher","Beacon Game Launcher","PERSONALIZATION"
""com.watchfacestudio.md324hybrid","MD324 Hybrid watch face","PERSONALIZATION"
""watch.richface.androidwear.premium.jubilee","RF Jubilee Watch Face Full","PERSONALIZATION"
""Orion.Soft","Sound Profile (Volume control)","PERSONALIZATION"
""com.watchfacestudio.simplesunflowerswf","Simple Sunflowers watch face","PERSONALIZATION"
""com.watchfacestudio.s4ulondonshift","S4U Shift - Analog watch face","PERSONALIZATION"
""com.watchfacestudio.s4ufrost","S4U Frost - classic watch face","PERSONALIZATION"
""com.uniappscenter.lockscreen.ios.notification","Lock Screen OS 17","PERSONALIZATION"
""com.gallery.easy.photo.editor.album.lyrical.video.status.maker","Photo Gallery: AI Photo Editor","PERSONALIZATION"
""com.ss.squarehome2","Square Home","PERSONALIZATION"
""io.onelightapps.fonts","Stylish Fonts & Fancy Keyboard","PERSONALIZATION"
""com.unvoid.borealis","Borealis - Icon Pack","PERSONALIZATION"
""coolfonts.app.cool.keyboards.icons.widgets.wallpapers.themes","Cool Fonts - Keyboard & Themes","PERSONALIZATION"
""com.watchfacestudio.md301","MD301 Hybrid watch face","PERSONALIZATION"
""com.awesome.giflivewallpaper","GIF Live Wallpaper","PERSONALIZATION"
""wb.military.zulu","Military ZULU Tactical watch","PERSONALIZATION"
""com.art.cool.wallpapers.themes.background","Cool Fonts Keyboard & Themes","PERSONALIZATION"
""vip.invit.anna","Invitation Maker Greeting Card","PERSONALIZATION"
""com.watchfacestudio.md335","MD335 Hybrid watch face","PERSONALIZATION"
""com.bassbooster.equalizer.virtrualizer.pro","Music Equalizer - Bass Booster","PERSONALIZATION"
""fonts.keyboard.fontboard.stylish","Fonts Keyboard Themes & Emoji","PERSONALIZATION"
""igamethis.wallpaper.free2018","Wallpaper 4K: Cool Backgrounds","PERSONALIZATION"
""com.linkt.stepquest","Step Quest Watch Face","PERSONALIZATION"
""com.techpro.livevideo.wallpaper","Live Wallpapers HD 4K","PERSONALIZATION"
""ru.execbit.aiolauncher","AIO Launcher","PERSONALIZATION"
""com.azanstudio.batterycharginganimation.chargingshow.batterylife.batterywidget","Battery Charging Animation 4D","PERSONALIZATION"
""com.remi.widget","Widget 2024: Aesthetic Widgets","PERSONALIZATION"
""com.used.aoe","Always On Edge : LED & AOD","PERSONALIZATION"
""com.lion.ditapro","Dita Pro","PERSONALIZATION"
""com.genius.inotify.notificationlockscreen","iNotify - Lock Screen","PERSONALIZATION"
""com.pujie.wristwear.pujieblack","Watch Faces - Pujie - Premium","PERSONALIZATION"
""com.mobvoi.mwf.magicfaces","TimeShow Watch Faces","PERSONALIZATION"
""com.ekwatchfaces.zodiacconstellation","Zodiac Constellation Watch","PERSONALIZATION"
""calleridannounce.callernameannouncer.announcer.speaker.smsnameannouncer.callrecording.callerid","Caller Name Announcer App","PERSONALIZATION"
""com.ladybird.fontskeyboard.stylishkeyboard.fancytext","Stylish Fonts Keyboard","PERSONALIZATION"
""com.fontkeyboard.fonts","Font Keyboard: Text Fonts+","PERSONALIZATION"
""com.tomer.alwayson","Always On AMOLED","PERSONALIZATION"
""com.babydola.launcherios","Launcher OS","PERSONALIZATION"
""com.rzrdesign.constellation","Planet in stars Watch Face","PERSONALIZATION"
""com.DesignBench.impcat","impcat","PERSONALIZATION"
""com.logan20.fonts_letrasparawhatsapp","Fonts: Stylish Text Cool Fonts","PERSONALIZATION"
""jp.snowlife01.android.rotationcontrolpro","Rotation Control Pro","PERSONALIZATION"
""com.watchfacestudio.md332","MD332 Digital watch face","PERSONALIZATION"
""com.beautiful.wallpaper.backgrounds.interesting","40000 Wallpapers & Backgrounds","PERSONALIZATION"
""com.eco.iconchanger.themes","Theme, Widget & Icon changer","PERSONALIZATION"
""com.ss.launcher2.key","Total Launcher Key","PERSONALIZATION"
""ninja.sesame.app.edge","Sesame Search & Shortcuts","PERSONALIZATION"
""we.rallyx.delta","Rally-X R.T. Delta watch face","PERSONALIZATION"
""com.watchfacestudio.ballozi_vero","Ballozi VERO Hybrid Analog","PERSONALIZATION"
""tad.hideapps.hiddenspace.apphider.webapps","Hide Apps - Secret Calculator","PERSONALIZATION"
""com.gt.name.dev","Nickname Maker: Name Generator","PERSONALIZATION"
""com.facer.yTWy6G6hRsSE","TMNT - Cowabunga SE Watch Face","PERSONALIZATION"
""com.watchfacestudio.per023pro","Health Sport PER23 PlatinumPro","PERSONALIZATION"
""com.sparkistic.photowear","PhotoWear Classic Watch Face","PERSONALIZATION"
""com.watchfacestudio.chesterflowertime","Chester Flower time","PERSONALIZATION"
""com.nstenterprises.tltheme.lcars","TREK: Total Interface","PERSONALIZATION"
""org.kustom.wallpaper","KLWP Live Wallpaper Maker","PERSONALIZATION"
""com.blueskysoft.colorwidgets","Widgets OS 17 - Color Widgets","PERSONALIZATION"
""com.ald.devs47.sam.beckman.palettesetups","Palette: Home Screen Setups","PERSONALIZATION"
""alexapp.echodot.echoplus.tap.com","Voice Commands Assistant App","PERSONALIZATION"
""one4studio.iconpack.lenawhite","Lena White: Glyph Icon Pack","PERSONALIZATION"
""app.moertel.retro.iconpack.light","Retro Mode - Icon Pack (Light)","PERSONALIZATION"
""com.nightmode.darkmode","Dark Mode: Night Mode All Apps","PERSONALIZATION"
""com.lovetender.lovelylanguage.flowerlanguage","FloraSpeak - Lovely Language","PERSONALIZATION"
""io.hexman.xiconchanger","X Icon Changer - Change Icons","PERSONALIZATION"
""com.jndapp.line.x.iconpack","LineX Icon Pack","PERSONALIZATION"
""com.cutestudio.neonledkeyboard","Custom Keyboard - Led Keyboard","PERSONALIZATION"
""com.incorporateapps.fakegps_route","Fake GPS Joystick & Routes Go","PERSONALIZATION"
""watch.richface.androidwear.premium.fazer","Fazer Premium Watch Face","PERSONALIZATION"
""com.watchfacestudio.wfp129_digital_watch_face","WFP 129 Military watch face","PERSONALIZATION"
""com.micontrolcenter.customnotification","Launcher and Themes","PERSONALIZATION"
""com.rzrshrp.starfield","To the stars Watch Face","PERSONALIZATION"
""com.sixty9design.flowerpower2","[69D] Flower Power 2 watchface","PERSONALIZATION"
""com.watchfacestudio.shadow_division","Shadow Divide - watch face","PERSONALIZATION"
""com.hd.live.wallpaper.hd.parallax","Wallpo: 3D live wallpaper","PERSONALIZATION"
""com.facer.constellationlpv6se","Starfield LPV6 SE Watch Face","PERSONALIZATION"
""com.ekwatchfaces.paperoftime","Paper of Time - Watch Face","PERSONALIZATION"
""com.watchfacestudio.wfp125_digital_watch_face","WFP 125 Digital watch face","PERSONALIZATION"
""com.azmobile.fluidwallpaper","Fluid Magic: 3D Live Wallpaper","PERSONALIZATION"
""com.rockidentify.rockid","Rock identifier: Stone Scanner","PERSONALIZATION"
""wb.military.field","Military FIELD watch face","PERSONALIZATION"
""com.meditaide.old.t9.keyboard","Old T9 Keyboard","PERSONALIZATION"
""ca.dstudio.atvlauncher.pro","ATV Launcher Pro","PERSONALIZATION"
""com.rzrdesign.programmer","Programmer Watch Face","PERSONALIZATION"
""nstenterprises.star.trek.multilauncher","Sci-Fi Themes","PERSONALIZATION"
""pub.hanks.appfolderwidget","Folder Widget - Large Folders","PERSONALIZATION"
""com.myicon.themeiconchanger","MyICON - Icon Changer, Themes","PERSONALIZATION"
""com.watchfacestudio.sol_3","Sol 3 - animated watch face","PERSONALIZATION"
""com.watchfacestudio.per017","Digital Watch Face PER017 Axis","PERSONALIZATION"
""life.minimis.launcher","Minimis Phone | Detox Launcher","PERSONALIZATION"
""com.wallpaper.parallax.pro","3D Wallpaper Live Parallax","PERSONALIZATION"
""cs14.pixelperfect.iconpack.vera","Vera Icon Pack: shapeless icon","PERSONALIZATION"
""com.consicon.miglobalthemes","Global Themes and Wallpapers","PERSONALIZATION"
""org.oftn.rainpaper","Rainpaper","PERSONALIZATION"
""elementskwgt.kustom.pack","Elements KWGT","PERSONALIZATION"
""com.nfwebdev.launcher10","Launcher 10","PERSONALIZATION"
""slide.watchFrenzy.premium","Watch Faces WatchMaker License","PERSONALIZATION"
""com.realitylabs.android.wearable.app.secretmissionwatchface","Secret Mission - Watch Face","PERSONALIZATION"
""com.zipoapps.animalringtones","Animal Sounds and Ringtones","PERSONALIZATION"
""com.facer.Xu4dfKJzshSE","Star Trek LCARS SE Watch Face","PERSONALIZATION"
""com.recreative.halloweenframe","Halloween Cute Frame - Wear OS","PERSONALIZATION"
""cs14.pixelperfect.iconpack.novadark","Nova Dark Icon Pack","PERSONALIZATION"
""com.sparkine.watchfaces","Muviz Watch Faces Collection","PERSONALIZATION"
""org.findmykids.app","Find my kids: live GPS tracker","PARENTING"
""com.talkingparents.tpandroid","TalkingParents: Co-Parent App","PARENTING"
""org.blubblub.app.speechblubs","Speech Blubs: Language Therapy","PARENTING"
""com.qustodio.family.parental.control.app.screentime","Qustodio Parental Control App","PARENTING"
""com.nanit.baby","Nanit","PARENTING"
""com.tinybeans","Tinybeans Private Family Album","PARENTING"
""com.huckleberry_labs.app","Huckleberry: Baby & Child","PARENTING"
""com.digitas.solidstarts","Solid Starts","PARENTING"
""com.becloser","Be Closer: Family location","PARENTING"
""us.mitene","FamilyAlbum - Photo Sharing","PARENTING"
""com.testlab.family360","Family360 - GPS Live Locator","PARENTING"
""com.mmguardian.parentapp","MMGuardian Parental Control","PARENTING"
""global.gps.location.tracker.kids","GPS Location Tracker For Kids","PARENTING"
""com.sand.airdroidkidp","AirDroid Parental Control","PARENTING"
""com.miku.mikucare","MIKU","PARENTING"
""com.wondershare.famisafe","Parental Control App- FamiSafe","PARENTING"
""app.kids360.parent","Kids360: Child Monitoring App","PARENTING"
""vision.pathfinder.iparent","Hearty App: Everyday Bonding","PARENTING"
""org.twisevictory.apps.ex","The Wonder Weeks - Leaps","PARENTING"
""com.pg.smartsleepcoach","Smart Sleep Coach by Pampers™","PARENTING"
""com.meetcircle.circle","Circle Parental Controls App","PARENTING"
""com.canopy.vpn.filter.parent","Canopy - Parental Control App","PARENTING"
""com.camhart.netcountable","Truple - Online Accountability","PARENTING"
""com.screentime.rc","Screen Time - Parental Control","PARENTING"
""com.eyezy.android","Eyezy – GPS Location Tracker","PARENTING"
""com.backthen.android","BackThen baby milestones album","PARENTING"
""com.happiestbaby.hbi","Happiest Baby, makers of SNOO","PARENTING"
""com.goodinside.gimobile","Good Inside: Parenting","PARENTING"
""com.kinedu.appkinedu","Kinedu: Baby Development","PARENTING"
""com.clevguard.kidsguardpro.parent","KidsGuard Pro-Phone Monitoring","PARENTING"
""co.justababy.app","Just a Baby: Become a parent","PARENTING"
""com.hubblebaby.nursery","HubbleClub By Hubble Connected","PARENTING"
""co.qeepsake.qeepsakeApp","Qeepsake: Family & Baby Book","PARENTING"
""com.babysparks.babysparks","BabySparks - Development Activ","PARENTING"
""com.seacloud.bc","Baby Connect: Newborn Tracker","PARENTING"
""com.drillyapps.babydaybook","Baby Daybook - Newborn Tracker","PARENTING"
""com.locatormidgard.findnumber","Phone Number Location Tracker","PARENTING"
""com.saby.babymonitor3g","Baby Monitor Saby. 3G BabyCam","PARENTING"
""family.tracker.my","My Family - Family Locator","PARENTING"
""com.blinkhd","Hubble Connected for Motorola","PARENTING"
""com.wingboat.AllowanceBot","Chores & Allowance Bot","PARENTING"
""com.glow.android.baby","Glow: Track. Shop. Growth.","PARENTING"
""kz.sirius.kidssecurity","Parental Control App Blocker","PARENTING"
""com.codefit.trackerapp","GPS Phone Location Tracker","PARENTING"
""fr.wemoms","WeMoms Pregnancy Baby Tracker","PARENTING"
""com.coparenter.coparenterandroid","coParenter","PARENTING"
""com.twohouses.app","2houses | Co-Parenting App","PARENTING"
""com.diveomedia.little.stories.bedtime.books.kids","Little Stories: Bedtime Books","PARENTING"
""uk.co.christianhypnobirthing.androidoverview","Christian Hypnobirthing","PARENTING"
""com.getcubo.app","CuboAi Smart Baby Monitor","PARENTING"
""com.flashget.parentalcontrol","FlashGet Kids:parental control","PARENTING"
""com.coquisoft.parentlove","Baby & Breastfeeding Tracker","PARENTING"
""com.reasonlabs.familykeeper.parentalcontrol.parents","FamilyKeeper Parental Control","PARENTING"
""androidgecko.com.himommy","HiMommy: Pregnancy Tracker App","PARENTING"
""com.n51951dd8177.app","BLW Meals: How to Start Solids","PARENTING"
""pl.trpaslik.babynoise","White Noise: Baby Sleep Sounds","PARENTING"
""com.napper","Napper: Baby Sleep & Parenting","PARENTING"
""com.liveyap.timehut","TimeHut - Baby Album","PARENTING"
""com.hp.pregnancy.lite","Pregnancy + | Tracker App","PARENTING"
""app.storybook.story","Storybook: Calm Bedtime, Sleep","PARENTING"
""com.microsoft.familysafety","Microsoft Family Safety","PARENTING"
""com.hifamily.hidaddy","HiDaddy: Pregnancy app for Dad","PARENTING"
""com.hubble.care","Motorola by Hubble Connected","PARENTING"
""uk.co.disciplemedia.catholichom","CatholicHÔM","PARENTING"
""com.glow.android.nurture","Glow: Track. Shop. Nurture.","PARENTING"
""com.familami","FamiLami - Habit Tracker","PARENTING"
""com.babyg","Baby Development & Milestones","PARENTING"
""app.kidplay.pottywhiz","Potty Whiz: Potty Training Log","PARENTING"
""org.commonsensemedia.mobile","Common Sense Media","PARENTING"
""ru.drivepixels.babyname","Babyname","PARENTING"
""ua.com.tim_berners.parental_control","Parental Control Kroha","PARENTING"
""com.whisperarts.erby","Breastfeeding tracker Pump log","PARENTING"
""com.cubtale.button","Cubtale Baby Tracker","PARENTING"
""com.aoitek.lollipop","Lollipop - Smart baby monitor","PARENTING"
""app.geoloc","GeoLocator — We Link Family","PARENTING"
""com.babysits","Babysits - Find Babysitters","PARENTING"
""com.canopy.vpn.filter","Canopy Shield","PARENTING"
""com.mamazen.app","MamaZen: Mindful Parenting App","PARENTING"
""com.wachanga.contractions","Contraction Timer & Counter","PARENTING"
""ru.mobiledimension.kbr","Pregnancy Tracker: amma","PARENTING"
""com.applicaster.babytv.vod","BabyTV - Kids Videos & Songs","PARENTING"
""com.weparent_supportpay.android.co_parenting.custody.calendar","WeParent: Coparenting. Custody","PARENTING"
""com.autismspeech.autismspeech","Autism Speech and Language","PARENTING"
""com.raising.prodigy","Prodigy Baby - Parenting App","PARENTING"
""org.dreamoriented.leeloo","Leeloo AAC - Autism Speech App","PARENTING"
""co.appnation.babygenerator","AI Baby Generator - TinyFaces","PARENTING"
""com.articulationteacher.articulationteacher","Articulation Teacher - Speech","PARENTING"
""com.onoco","Onoco - Shareable Baby tracker","PARENTING"
""city.russ.alltracker_control","AllTracker Control Center","PARENTING"
""com.lsa.findfamily","Find Family - Location Tracker","PARENTING"
""com.safesurfer","Safe Surfer: Block Porn & Apps","PARENTING"
""co.myensemble.ensembleapp","Onward: Co-Parenting Expenses","PARENTING"
""com.app.findmesa","FindMesa","PARENTING"
""com.v26b775ab37d.www","Moms on Call Scheduler 2.0","PARENTING"
""com.amila.parenting","Baby tracker - feeding, sleep","PARENTING"
""com.wachanga.pregnancy","Pregnancy and Due Date Tracker","PARENTING"
""com.clevguard.kidsguard.parent","KidsGuard-Parental Control App","PARENTING"
""com.innerexplorer.present","Inner Explorer HOME","PARENTING"
""cz.masterapp.annie3","Annie Baby Monitor: Nanny Cam","PARENTING"
""com.family.locator.find.my.kids","Family Tracker by Phone Number","PARENTING"
""nz.co.littleones.prod","Little Ones™","PARENTING"
""com.rdcbca80b3d2.www","BLW Ideas","PARENTING"
""com.nighp.babytracker_android","Baby Tracker - Newborn Log","PARENTING"
""com.aumio.baby","Happy Baby Sleep & Development","PARENTING"
""com.eset.parental","ESET Parental Control","PARENTING"
""com.iteachtinyhumans.inspired_minds","Inspired Minds: Kid Activities","PARENTING"
""co.pixo.apps.babystory","Baby Story: Pregnancy Pictures","PARENTING"
""com.JLB.DairyBar","DairyBar","PARENTING"
""com.tappytaps.android.bibino","Bibino Baby Monitor - Baby Cam","PARENTING"
""com.safelagoon.parent","Parental Control - Safe Lagoon","PARENTING"
""com.mas.apps.baby","Baby Tracker","PARENTING"
""com.ourdayscalendar.android.app","Our Days Co-Parenting Calendar","PARENTING"
""com.m67bf3291828.app","Kids Meals: Recipes & Guides","PARENTING"
""de.sternx.safes","Safes - Parental Control","PARENTING"
""com.teadoku.fa","Family Rewards: Habit & Chores","PARENTING"
""com.alfredsystems.circle","AlfredCircle: Family Locator","PARENTING"
""com.harrycarter.rewardapp","Chores 4 Rewards","PARENTING"
""com.safelagoon.parenting","Safe Lagoon Parental Control","PARENTING"
""co.wiserapps.babyweaningsolids","Start Solids & Baby Recipes","PARENTING"
""com.koben.thumbs","Thumsters - Parenting App","PARENTING"
""com.kidoprotect.app","Kido Protect Parental Control","PARENTING"
""com.thestorytimes.app","FoxStoria: Stories for Kids","PARENTING"
""com.childreward","Child Reward","PARENTING"
""io.corneille","Corneille: reading in French","PARENTING"
""com.frontguard.when","When: Last Seen Online Tracker","PARENTING"
""com.fehnerssoftware.babyfeedtimer","Baby Feed Timer, Breastfeeding","PARENTING"
""com.women.pregnancytrackerapp22","Pregnancy Tracker, Maternity","PARENTING"
""com.jeelapp.android","Jeel: Kids Early Education","PARENTING"
""com.alawfa.points","Points - Behavior Task Rewards","PARENTING"
""com.lat.onlinemonitor","Online Monitor (Last Seen)","PARENTING"
""com.whisperarts.kids.breastfeeding","Breastfeeding Newborn tracker","PARENTING"
""com.mobilefence.family","MobileFence - Parental Control","PARENTING"
""ru.mimizavr.brush.teeth","Mimizaur: Tooth Brushing Timer","PARENTING"
""pl.metasoft.babymonitor","Simple Nanny - Baby Monitor","PARENTING"
""com.wtwt.lggwhat","WhatsTraker","PARENTING"
""com.wachanga.babycare","Baby: Breastfeeding Tracker","PARENTING"
""app.bomad","Allowance Tracker - Bomad","PARENTING"
""com.sleekbit.dormi","Dormi - Baby Monitor","PARENTING"
""com.kidzoye.parentalcontrol","Kids Mode - Kids Lock App","PARENTING"
""com.wtwn.whatsnotify","WaStatz - Tracker for WA","PARENTING"
""mobicip.com.safeBrowserff","Parental Control App - Mobicip","PARENTING"
""app.familytools.twa","Family Tools: Family Organizer","PARENTING"
""com.thelittleco.pumplog","Exclusive Pumping Tracker","PARENTING"
""com.simka.ai.children.bed.stories.android","Bedtime Stories for your Kids","PARENTING"
""com.speakeasy.community","SpeakEasy: Home Speech Therapy","PARENTING"
""com.vv.facebaby","AI Baby Generator: Baby Maker","PARENTING"
""net.madeforthisbirth.madeforthis","Made For This Birth","PARENTING"
""com.tryohana.android","Ohana Screen Time Control App","PARENTING"
""happy.eaters.picky.baby.led.weaning.feeding.BLW.toddler.recipes.solids.meal.planner.nutrition.diet.chart","Happy Eaters: Weaning Recipes","PARENTING"
""by.si.soundsleeper.free","Sound Sleeper - White Noise","PARENTING"
""com.ally.android","Ally Couples & Relationships","PARENTING"
""life.stroller.preggers","Preggers: Pregnancy & Baby App","PARENTING"
""me.village.protect","Protect: Internet Safety Lesso","PARENTING"
""com.tappytaps.android.babymonitor3g","Baby Monitor 3G - Video Nanny","PARENTING"
""com.pregnancyapp.babyinside","Pregnancy Tracker & Baby Guide","PARENTING"
""com.beehive.production","Beehive - Parenting Simplified","PARENTING"
""com.hogandmole.baby","Find Baby Names Together 2024","PARENTING"
""com.timo.time","Timo Kids Weekly Routine Timer","PARENTING"
""com.droidsoftware.onlineguardian","LastSeen Chat Tracker","PARENTING"
""com.harvey.sleepify","Baby Sleep: White Noise & Care","PARENTING"
""app.pathfinder.health","Baby Milestones & Development","PARENTING"
""com.getlovebug.app","Lovebug","PARENTING"
""com.ruleoffun.mrbomb2","Mr Bomb & Friends 2","PARENTING"
""com.sgfamily.sgparentsstat","XLoger","PARENTING"
""com.BabyName.start","Baby Name Together","PARENTING"
""com.mythicowl.pocketparent","HOW TO TALK: Parenting Tips","PARENTING"
""com.compal.bioslab.pixsee.pixm01","pixsee","PARENTING"
""com.arjonasoftware.babycam","BabyCam - Baby Monitor Camera","PARENTING"
""com.stanislau.bedtime.audio.stories.kids","Bedtime Stories for Kids Sleep","PARENTING"
""com.tings.goodnaming","작명 어플 네이머 작명, 이름짓기, 이름풀이, 개명","PARENTING"
""com.e8c5a3102a45.app","BLW Brasil - Alimentação Bebês","PARENTING"
""eu.vrseeds.BabyZone","Baby Zone for Toddler & Parent","PARENTING"
""com.dunstan.babylanguage","Dunstan Baby","PARENTING"
""yducky.application.babytime","BabyTime (Tracking & Analysis)","PARENTING"
""com.wamob.lastseen.family.online.tracker","WaMob Online Lastseen Tracker","PARENTING"
""com.happypillar.happypillar","Happypillar","PARENTING"
""bebi.family.baby.photo.album","Baby Photo Editor","PARENTING"
""com.neiman.contractions","Contraction Timer & Counter 9m","PARENTING"
""com.evoprox.morningroutines","Happy Kids Timer Chores","PARENTING"
""au.com.penguinapps.android.babyfeeding.client.android","Feed Baby - Baby Tracker","PARENTING"
""jp.co.sakabou.piyolog","PiyoLog: Newborn Baby Tracker","PARENTING"
""com.pomelody","Pomelody Family Music & Fun","PARENTING"
""com.babydiariesapp","Baby Diaries Newborn Baby Book","PARENTING"
""jp.firstascent.cryanalyzer","CryAnalyzer - baby translator","PARENTING"
""com.easybitesapp.easybites","Easy Bites - Child Food Coach","PARENTING"
""com.thescootapp.scoot","Scoot Family Calendar","PARENTING"
""com.mjello.baby","Mjello: Baby Tracker","PARENTING"
""com.babyappsleepysounds","Baby Sleep Sounds: White Noise","PARENTING"
""locator24.com.main","family locator - Locator 24","PARENTING"
""com.parenttochild","Parent2Child - Parenting App","PARENTING"
""com.absolute.magicweavestories","Magic Weave AI bedtime stories","PARENTING"
""com.heyqqgmbh.oscarai","Oscar bedtime story generator","PARENTING"
""dk.superfilm.toothfairycameraandroid","Tooth Fairy CAMERA","PARENTING"
""com.acousticReport","Nanni AI: Baby Cry Translator","PARENTING"
""com.Hypnobirthing.app","HypnoBirthing Fit Pregnancy TL","PARENTING"
""com.whatlogapp","WhenLog - Last Seen Tracker","PARENTING"
""net.ehonnavi.actibook","絵本ナビ：絵本が読める＆読み放題も 絵本4万冊を掲載！","PARENTING"
""com.homey.app","Homey - Chores and Allowance","PARENTING"
""com.lastlogapp","LastLog - Last Seen Online Tra","PARENTING"
""com.pregnancy.tracker.due.date.countdown.contraction.timer","Momly: Pregnancy App & Tracker","PARENTING"
""com.fitbit.FitbitMobile","Fitbit","HEALTH_AND_FITNESS"
""com.myfitnesspal.android","MyFitnessPal: Calorie Counter","HEALTH_AND_FITNESS"
""com.alltrails.alltrails","AllTrails: Hike, Bike & Run","HEALTH_AND_FITNESS"
""com.strava","Strava: Run, Bike, Hike","HEALTH_AND_FITNESS"
""com.calm.android","Calm - Sleep, Meditate, Relax","HEALTH_AND_FITNESS"
""org.iggymedia.periodtracker","Flo Period & Pregnancy Tracker","HEALTH_AND_FITNESS"
""gen.tech.impulse.android","Impulse - Brain Training Games","HEALTH_AND_FITNESS"
""com.fitnow.loseit","Calorie Counter by Lose It!","HEALTH_AND_FITNESS"
""com.weightwatchers.mobile","WeightWatchers Program","HEALTH_AND_FITNESS"
""com.finch.finch","Finch: Self-Care Pet","HEALTH_AND_FITNESS"
""fitness.home.workout.weight.loss","JustFit - Lazy Workout","HEALTH_AND_FITNESS"
""com.onepeloton.callisto","Peloton - Fitness & Workouts","HEALTH_AND_FITNESS"
""com.gen.workoutme","BetterMe: Health Coaching","HEALTH_AND_FITNESS"
""com.getsomeheadspace.android","Headspace: Meditation & Sleep","HEALTH_AND_FITNESS"
""com.getpaired.app","Paired: Couples & Relationship","HEALTH_AND_FITNESS"
""health.sleep.sounds.tracker.alarm.calm","ShutEye®: Sleep Tracker","HEALTH_AND_FITNESS"
""dance.fit.zumba.weightloss.danceburn","Dancefitme: Fun Workouts","HEALTH_AND_FITNESS"
""com.sbs.diet","MacroFactor - Macro Tracker","HEALTH_AND_FITNESS"
""daily.planner.routine.habits","Me+ Daily Routine Planner","HEALTH_AND_FITNESS"
""com.groundspeak.geocaching.intro","Geocaching®","HEALTH_AND_FITNESS"
""com.fitbod.fitbod","Fitbod Workout & Fitness Plans","HEALTH_AND_FITNESS"
""app.feelsy","Feelsy: Stress Anxiety Relief","HEALTH_AND_FITNESS"
""pilatesworkout.yogaworkout.loseweight.workoutapps","Pilates Workout at Home","HEALTH_AND_FITNESS"
""com.fourtechnologies.mynetdiary.ad","Calorie Counter - MyNetDiary","HEALTH_AND_FITNESS"
""com.spotlightsix.zentimerlite2","Insight Timer - Meditation App","HEALTH_AND_FITNESS"
""ai.replika.app","Replika: My AI Friend","HEALTH_AND_FITNESS"
""com.walkfit.weightloss.steptracker.pedometer","Weight Loss Walking: WalkFit","HEALTH_AND_FITNESS"
""musclebooster.workout.home.gym.abs.loseweight","Workout Planner Muscle Booster","HEALTH_AND_FITNESS"
""com.firstphorm.apps","1st Phorm","HEALTH_AND_FITNESS"
""com.ifit.wolf","iFIT - At Home Fitness Coach","HEALTH_AND_FITNESS"
""com.mejordailytracker.app","LazyFit: Home Workout Planner","HEALTH_AND_FITNESS"
""com.cronometer.android.gold","Calorie Counter by Cronometer","HEALTH_AND_FITNESS"
""net.beginners.weight.loss.workout.women.yoga.go","Yoga For Beginners by Yoga-Go","HEALTH_AND_FITNESS"
""de.fastic.app","Fastic: Food & Calorie Tracker","HEALTH_AND_FITNESS"
""ipnossoft.rma.free","BetterSleep: Sleep tracker","HEALTH_AND_FITNESS"
""org.wakingup.android","Waking Up: Beyond Meditation","HEALTH_AND_FITNESS"
""com.bowerydigital.bend","Bend: Stretching & Flexibility","HEALTH_AND_FITNESS"
""com.wombatapps.carbmanager","Carb Manager–Keto Diet Tracker","HEALTH_AND_FITNESS"
""com.elevatelabs.geonosis","Balance: Meditation & Sleep","HEALTH_AND_FITNESS"
""com.glucobit.reframe","Reframe: Drink Less & Thrive","HEALTH_AND_FITNESS"
""com.ridewithgps.mobile","Ride with GPS: Bike Navigation","HEALTH_AND_FITNESS"
""com.quinn.android","Quinn - Audio Stories","HEALTH_AND_FITNESS"
""com.beachbody.bod","BODi by Beachbody","HEALTH_AND_FITNESS"
""io.foodvisor.foodvisor","Foodvisor - Nutrition & Diet","HEALTH_AND_FITNESS"
""musclemonster.fitness.workout.home.gym.planner","Muscle Monster Workout Planner","HEALTH_AND_FITNESS"
""com.rp.rpdiet","RP Diet Coach & Meal Planner","HEALTH_AND_FITNESS"
""com.endel.endel","Endel: Focus, Relax & Sleep","HEALTH_AND_FITNESS"
""io.yuka.android","Yuka - Food & Cosmetic Scanner","HEALTH_AND_FITNESS"
""com.clue.android","Clue Period Tracker & Calendar","HEALTH_AND_FITNESS"
""com.kaylaitsines.sweatwithkayla","Sweat: Fitness App For Women","HEALTH_AND_FITNESS"
""com.welltory.client.android","Welltory: Heart Rate Monitor","HEALTH_AND_FITNESS"
""life.simple","Simple: Weight Loss Coach","HEALTH_AND_FITNESS"
""com.runbuddy.prod","Runna: Running Plans & Coach","HEALTH_AND_FITNESS"
""com.dailyyoga.inc","Daily Yoga®: Yoga for Fitness","HEALTH_AND_FITNESS"
""com.fig","Fig: Food Scanner & Discovery","HEALTH_AND_FITNESS"
""com.app.lively_app","Lively: Cycle, Period tracker","HEALTH_AND_FITNESS"
""com.downdogapp","Yoga | Down Dog","HEALTH_AND_FITNESS"
""com.northcube.sleepcycle","Sleep Cycle: Sleep Tracker","HEALTH_AND_FITNESS"
""com.sillens.shapeupclub","Lifesum Food Tracker & Fasting","HEALTH_AND_FITNESS"
""je.fit","JEFIT Gym Workout Plan Tracker","HEALTH_AND_FITNESS"
""com.risesci.nyx","RISE: Sleep Tracker","HEALTH_AND_FITNESS"
""com.sleepmonitor.aio","Sleep Monitor: Sleep Tracker","HEALTH_AND_FITNESS"
""homeworkout.homeworkouts.noequipment","Home Workout - No Equipment","HEALTH_AND_FITNESS"
""com.hrd.iam","I am - Daily affirmations","HEALTH_AND_FITNESS"
""com.fiton.android","FitOn Workouts & Fitness Plans","HEALTH_AND_FITNESS"
""com.basenjiapps.breeze","Breeze: mental health","HEALTH_AND_FITNESS"
""com.datechnologies.tappingsolution","The Tapping Solution","HEALTH_AND_FITNESS"
""com.joincarbon.nutrition","Carbon - Macro Coach & Tracker","HEALTH_AND_FITNESS"
""premom.eh.com.ehpremomapp","Ovulation Tracker App - Premom","HEALTH_AND_FITNESS"
""com.alphaprogression.alphaprogression","Alpha Progression Gym Tracker","HEALTH_AND_FITNESS"
""com.centr.app","Centr: Personal Training App","HEALTH_AND_FITNESS"
""com.changecollective.tenpercenthappier","Happier: Meditation","HEALTH_AND_FITNESS"
""co.thefabulous.app","Fabulous Daily Routine Planner","HEALTH_AND_FITNESS"
""is.abide","Abide - Bible Meditation Sleep","HEALTH_AND_FITNESS"
""com.bodybuilding.rise","BodyFit Fitness Training Coach","HEALTH_AND_FITNESS"
""com.bodyfast","BodyFast: Intermittent Fasting","HEALTH_AND_FITNESS"
""com.ddpyoga.android","DDP Yoga Fitness & Motivation","HEALTH_AND_FITNESS"
""com.brainbuddy.android","Brainbuddy: Quit Porn Forever","HEALTH_AND_FITNESS"
""com.snorelab.app","SnoreLab : Record Your Snoring","HEALTH_AND_FITNESS"
""com.codeway.AIFriend","Genesia - AI Friend & Partner","HEALTH_AND_FITNESS"
""bodyfast.zero.fastingtracker.weightloss","168 Intermittent Fasting App","HEALTH_AND_FITNESS"
""com.hevy","Hevy - Gym Log Workout Tracker","HEALTH_AND_FITNESS"
""io.strongapp.strong","Strong Workout Tracker Gym Log","HEALTH_AND_FITNESS"
""com.peptalk.app","PepTalk: Daily Motivation App","HEALTH_AND_FITNESS"
""com.ellisapps.itrackbitesplus","Healthi: Weight Loss, Diet App","HEALTH_AND_FITNESS"
""com.carolinegirvan.mobile","CGX by Caroline Girvan","HEALTH_AND_FITNESS"
""net.workout.lose.weight.fitness.fit.coach","Home Fitness Coach: FitCoach","HEALTH_AND_FITNESS"
""com.prayapp.client","Pray.com: Bible & Daily Prayer","HEALTH_AND_FITNESS"
""com.stronglifts.app","StrongLifts Weight Lifting Log","HEALTH_AND_FITNESS"
""com.jtsstrength.juggernautai","JuggernautAI","HEALTH_AND_FITNESS"
""cc.relive.reliveapp","Relive: Run, Ride, Hike & more","HEALTH_AND_FITNESS"
""com.amomedia.madmuscles","MadMuscles","HEALTH_AND_FITNESS"
""women.workout.female.fitness","Workout for Women: Fit at Home","HEALTH_AND_FITNESS"
""com.cc.alive","Alive by Whitney Simmons","HEALTH_AND_FITNESS"
""com.zerofasting.zero","Zero - Intermittent Fasting","HEALTH_AND_FITNESS"
""com.yazio.android","YAZIO Food & Calorie Counter","HEALTH_AND_FITNESS"
""com.sixtostart.zombiesrunclient","ZRX: Zombies Run + Marvel Move","HEALTH_AND_FITNESS"
""intermittentfasting.weightloss.fastingtracker.yazio","Fasting App & Calorie Counter","HEALTH_AND_FITNESS"
""betwixt.web.app","Betwixt—The Mental Health Game","HEALTH_AND_FITNESS"
""com.romwodllc.android","pliability: mobility+recovery","HEALTH_AND_FITNESS"
""com.fitnesskeeper.runkeeper.pro","ASICS Runkeeper - Run Tracker","HEALTH_AND_FITNESS"
""com.zumba.consumerapp","Zumba - Dance Fitness Workout","HEALTH_AND_FITNESS"
""fasteasy.dailyburn.fastingtracker","Intermittent Fasting: FastEasy","HEALTH_AND_FITNESS"
""com.yc14ec100daa.www","Shmoody: Improve Your Mood","HEALTH_AND_FITNESS"
""menloseweight.loseweightappformen.weightlossformen","Lose Weight App for Men","HEALTH_AND_FITNESS"
""com.the.pump","The Pump","HEALTH_AND_FITNESS"
""com.fitifyworkouts.bodyweight.workoutapp","Fitify: Fitness, Home Workout","HEALTH_AND_FITNESS"
""com.bodbot.trainer","BodBot AI Personal Trainer","HEALTH_AND_FITNESS"
""homeworkout.fitness.app","Workout Planner Gym&Home:FitAI","HEALTH_AND_FITNESS"
""co.loona","Loóna: Bedtime Calm & Sleep","HEALTH_AND_FITNESS"
""com.asanayoga.asanarebel","Asana Rebel: Get in Shape","HEALTH_AND_FITNESS"
""com.bearable","Symptom & Mood Tracker","HEALTH_AND_FITNESS"
""ai.mate.app","Mate.AI - Always Beside You","HEALTH_AND_FITNESS"
""com.mapmyrun.android2","Map My Run by Under Armour","HEALTH_AND_FITNESS"
""in.sweatco.app","Sweatcoin・Walking Step Counter","HEALTH_AND_FITNESS"
""com.bpmhealth.boostcamp","Boostcamp: Gym Workout Planner","HEALTH_AND_FITNESS"
""com.caliberfitness.app","Caliber Strength Training","HEALTH_AND_FITNESS"
""com.stardust.app","Stardust: Period & Pregnancy","HEALTH_AND_FITNESS"
""de.komoot.android","komoot - hike, bike & run","HEALTH_AND_FITNESS"
""dance.workout.home.fitness","Dancebit: Weight Loss Dance","HEALTH_AND_FITNESS"
""com.Meditation.app","Breethe - Meditation & Sleep","HEALTH_AND_FITNESS"
""nl.deckeron.apps.innerfire","Wim Hof Method: Breathing&Cold","HEALTH_AND_FITNESS"
""com.brainfm.app","Music for Focus by Brain.fm","HEALTH_AND_FITNESS"
""com.fitness22.workout","Gym Workout Planner & Tracker","HEALTH_AND_FITNESS"
""com.nutrition.technologies.Fitia","Fitia - Diet & Meal Planner","HEALTH_AND_FITNESS"
""com.bodycode.droid","The Body Code System","HEALTH_AND_FITNESS"
""com.freeletics.lite","Freeletics: Fitness Workouts","HEALTH_AND_FITNESS"
""de.myfitcoach.tim.mfc","MyFitCoach Gym Workout Planner","HEALTH_AND_FITNESS"
""com.kompanion.fasting.android","Kompanion Intermittent Fasting","HEALTH_AND_FITNESS"
""coach.zing.fitness","Zing AI: Home & Gym Workouts","HEALTH_AND_FITNESS"
""com.cardiogram.v1","Cardiogram","HEALTH_AND_FITNESS"
""com.fitradio","Fit Radio: Train Inspired","HEALTH_AND_FITNESS"
""com.omronhealthcare.omronconnect","OMRON connect","HEALTH_AND_FITNESS"
""com.nautilus.bowflex","JRNY®","HEALTH_AND_FITNESS"
""com.eatthismuch","Eat This Much - Meal Planner","HEALTH_AND_FITNESS"
""com.appercut.kegel","Dr. Kegel: For Men’s Health","HEALTH_AND_FITNESS"
""com.yesoulchina.international.bicycle","YESOUL FITNESS","HEALTH_AND_FITNESS"
""org.railstotrails.traillink","TrailLink: Bike, Run, Walk","HEALTH_AND_FITNESS"
""ca.awesome.travis.crossrope.crossrope","Jump Rope Training | Crossrope","HEALTH_AND_FITNESS"
""com.smartwidgetlabs.fitbitandroid","Fitness Band - Fitness Tracker","HEALTH_AND_FITNESS"
""weightloss.weightlossforwomen.workoutforwomen.womenworkout","Weight Loss for Women: Workout","HEALTH_AND_FITNESS"
""org.monroeinstitute.expand","Expand: Beyond Meditation","HEALTH_AND_FITNESS"
""com.c25k","C25K® - 5K Running Trainer","HEALTH_AND_FITNESS"
""app.growwithjo.diet.fitness","growwithjo = meal & workout","HEALTH_AND_FITNESS"
""com.calorie.counter.food.tracker","Calorie Counter and Weigh Loss","HEALTH_AND_FITNESS"
""com.waybetter.app","WayBetter: Weight Loss Games","HEALTH_AND_FITNESS"
""com.gravitywell.adhdlove","dubbii: the body doubling app","HEALTH_AND_FITNESS"
""cc.pacer.androidapp","Pacer Pedometer & Step Tracker","HEALTH_AND_FITNESS"
""ott.beatboxingfitnessworkouts","Beat Boxing Fitness","HEALTH_AND_FITNESS"
""tv.uscreen.findwhatfeelsgood","Find What Feels Good Yoga","HEALTH_AND_FITNESS"
""com.withings.wiscale2","Withings Health Mate","HEALTH_AND_FITNESS"
""com.bm.android.thermometer","Femometer - Fertility Tracker","HEALTH_AND_FITNESS"
""com.aurahealth","Aura: Meditation & Sleep, CBT","HEALTH_AND_FITNESS"
""com.golfforever","GOLFFOREVER","HEALTH_AND_FITNESS"
""com.lasta","Lasta: Healthy Weight Loss","HEALTH_AND_FITNESS"
""org.instaquit.app","QuitSure: Quit Smoking Smartly","HEALTH_AND_FITNESS"
""loseweightapp.loseweightappforwomen.womenworkoutathome","Lose Weight App for Women","HEALTH_AND_FITNESS"
""com.hrd.motivation","Motivation - Daily quotes","HEALTH_AND_FITNESS"
""com.celassimplicity.toneandsculptapp","EvolveYou: Strength For Women","HEALTH_AND_FITNESS"
""com.viraldevelopment.calai","Cal AI - Food Calorie Tracker","HEALTH_AND_FITNESS"
""com.mindsethealth.ibs","Nerva: IBS & Gut Hypnotherapy","HEALTH_AND_FITNESS"
""gofasting.fastingtracker.fasting.intermittentfasting","Intermittent Fasting GoFasting","HEALTH_AND_FITNESS"
""co.sunnyside","Sunnyside: Drink Less Alcohol","HEALTH_AND_FITNESS"
""ott.mtntough","MTNTOUGH: Home & Gym Workouts","HEALTH_AND_FITNESS"
""nz.co.madfit","MadFit: Workout At Home, Gym","HEALTH_AND_FITNESS"
""com.eightsleep.eight","Eight Sleep","HEALTH_AND_FITNESS"
""gymworkout.gym.gymlog.gymtrainer","Gym Workout Tracker: Gym Log","HEALTH_AND_FITNESS"
""com.nutratech.app.android","Calorie Counter +","HEALTH_AND_FITNESS"
""ie.armour.dare2","Dare: Anxiety & Panic Attacks","HEALTH_AND_FITNESS"
""sleeptrakcer.sleeprecorder.sleepapp.sleep","Sleep Tracker - Sleep Recorder","HEALTH_AND_FITNESS"
""com.olearis.uplife","UpLife: Mental Health Therapy","HEALTH_AND_FITNESS"
""yoga.beginners.workout.dailyyoga.weightloss","Yoga for Beginners | Pilates","HEALTH_AND_FITNESS"
""com.lumenate.lumenateaa","Lumenate: Explore & Relax","HEALTH_AND_FITNESS"
""com.fatsecret.android","Calorie Counter by FatSecret","HEALTH_AND_FITNESS"
""com.reveri.reverihealth","Reveri: Self-Hypnosis","HEALTH_AND_FITNESS"
""com.peaksware.trainingpeaks","TrainingPeaks","HEALTH_AND_FITNESS"
""com.peaksware.labs.halbot","Run With Hal","HEALTH_AND_FITNESS"
""tv.uscreen.walkathome","Walk At Home","HEALTH_AND_FITNESS"
""com.yesfitclient","Yes.Fit","HEALTH_AND_FITNESS"
""com.stealth.stealthcorechallenge2","Stealth Fitness","HEALTH_AND_FITNESS"
""calorie.counter.lose.weight.track","Omo: Healthy Weight Loss App","HEALTH_AND_FITNESS"
""com.snapcalorie.alpha002","SnapCalorie AI Calorie Counter","HEALTH_AND_FITNESS"
""com.dribbleupmedball","DribbleUp - Sports & Fitness","HEALTH_AND_FITNESS"
""com.reflectio.io","Pulsebit: Heart Rate Monitor","HEALTH_AND_FITNESS"
""tv.uscreen.fitwithcoco","Fit with Coco","HEALTH_AND_FITNESS"
""ai.undefined.fitbykaty","Sesh: Workouts for Women","HEALTH_AND_FITNESS"
""face.yoga.skincare.app","Luvly: Face Yoga & Exercise","HEALTH_AND_FITNESS"
""com.mapmywalk.android2","Walk with Map My Walk","HEALTH_AND_FITNESS"
""app.meditasyon","Meditopia: Sleep & Meditation","HEALTH_AND_FITNESS"
""com.garagestrength.peakstrength","Peak Strength","HEALTH_AND_FITNESS"
""com.constanttherapy.android.main","Constant Therapy: Brain Rehab","HEALTH_AND_FITNESS"
""com.kimfrenchfitness.KimFrench","Believe by Kim French","HEALTH_AND_FITNESS"
""com.joshua.hasfit","HASfit Home Workout Routines","HEALTH_AND_FITNESS"
""com.vshred","V Shred: Diet & Fitness","HEALTH_AND_FITNESS"
""com.blogilates.body","Blogilates","HEALTH_AND_FITNESS"
""uni.cbum","STNDRD: Bodybuilding Workouts","HEALTH_AND_FITNESS"
""homeworkoutapp.homeworkout.fitness.workout.loseweight","Home Workout App: Fitness","HEALTH_AND_FITNESS"
""com.skinnerai.app","Skinner","HEALTH_AND_FITNESS"
""com.aaptiv.android","Aaptiv: Fitness for Everyone","HEALTH_AND_FITNESS"
""com.getdailyagape","Agapé: Feel Close When Apart","HEALTH_AND_FITNESS"
""com.duolingo","Duolingo: Language Lessons","EDUCATION"
""com.classdojo.android","ClassDojo","EDUCATION"
""cn.danatech.xingseus","PictureThis - Plant Identifier","EDUCATION"
""com.babbel.mobile.android.en","Babbel - Learn Languages","EDUCATION"
""com.headway.books","Headway: 15-Min Book Summaries","EDUCATION"
""com.simonandschuster.pimsleur.unified.android","Pimsleur: Language Learning","EDUCATION"
""com.quizlet.quizletandroid","Quizlet: AI-powered Flashcards","EDUCATION"
""com.wonder","Elevate - Brain Training Games","EDUCATION"
""com.udemy.android","Udemy - Online Courses","EDUCATION"
""com.joytunes.simplypiano","Simply Piano: Learn Piano Fast","EDUCATION"
""com.myplantin.app","PlantIn Plant Identifier, Care","EDUCATION"
""org.coursera.android","Coursera: Learn career skills","EDUCATION"
""com.microblink.photomath","Photomath","EDUCATION"
""com.getepic.Epic","Epic: Kids' Books & Reading","EDUCATION"
""com.yousician.yousician","Yousician: Learn Guitar & Bass","EDUCATION"
""com.lingvano.app","Lingvano: Sign Language - ASL","EDUCATION"
""com.scaleup.plantid","Plant App - Plant Identifier","EDUCATION"
""com.chegg","Chegg Study - Homework Helper","EDUCATION"
""com.mnv.reef","iClicker Student","EDUCATION"
""com.codeway.homework","Nerd AI - Tutor & Math Helper","EDUCATION"
""com.bagatrix.mathway.android","Mathway: Scan & Solve Problems","EDUCATION"
""com.blinkslabs.blinkist.android","Blinkist: Book Summaries Daily","EDUCATION"
""es.monkimun.lingokids","Lingokids - Play and Learn","EDUCATION"
""com.qianfan.aihomework","Question.AI - Chatbot&Math AI","EDUCATION"
""air.com.rosettastone.mobile.CoursePlayer","Rosetta Stone: Learn, Practice","EDUCATION"
""mobi.abcmouse.academy_goo","ABCmouse – Kids Learning Games","EDUCATION"
""com.glority.pictureinsect","Picture Insect: Bug Identifier","EDUCATION"
""com.codeway.plantapp","Plantify: AI Plant Identifier","EDUCATION"
""com.paperboatapps.google.kiddopia","Kiddopia - Kids Learning Games","EDUCATION"
""com.polywise.lucid","Imprint: Learn Visually","EDUCATION"
""com.busuu.android.enc","Busuu: Learn & Speak Languages","EDUCATION"
""plant.identification.flower.tree.leaf.identifier.identify.cat.dog.breed.nature","Plantum - Plant Identifier","EDUCATION"
""com.hellotalk","HelloTalk - Learn Languages","EDUCATION"
""co.brainly","Brainly: AI Homework Helper","EDUCATION"
""ai.praktika.android","Speak English with Praktika","EDUCATION"
""com.coursehero.coursehero","Course Hero: AI Homework Help","EDUCATION"
""org.brilliant.android","Brilliant: Learn by doing","EDUCATION"
""com.blake.readingeggs.android","Reading Eggs - Learn to Read","EDUCATION"
""com.lumoslabs.lumosity","Lumosity: Brain Training","EDUCATION"
""net.musopia.fourchordsjustin","Justin Guitar Lessons & Songs","EDUCATION"
""com.originatorkids.paw","PAW Patrol Academy","EDUCATION"
""com.memrise.android.memrisecompanion","Memrise: speak a new language","EDUCATION"
""com.atistudios.mondly.languages","Mondly: Learn 33 Languages","EDUCATION"
""com.getmimo","Learn Coding/Programming: Mimo","EDUCATION"
""com.glority.picturemushroom","Picture Mushroom - Mushroom ID","EDUCATION"
""com.masterenglishprogram","Master English","EDUCATION"
""com.yanka.mc","MasterClass: Become More You","EDUCATION"
""com.pocketprep.android.ems","EMS Pocket Prep","EDUCATION"
""com.rype.go","Language Learning | Jumpspeak","EDUCATION"
""com.driverlicenseapp","Zutobi: Permit Practice Test","EDUCATION"
""com.plant.identify.plantcare.identifier","Plant Identifier & Plant Care","EDUCATION"
""com.mindvalley.mva","Mindvalley: Self-Improvement","EDUCATION"
""com.joytunes.simplyguitar","Simply Guitar - Learn Guitar","EDUCATION"
""teaching_com.reading_com","Learn to Read: Reading.com","EDUCATION"
""ai.metaverselabs.grammargpt","Grammar Check by AI Writing","EDUCATION"
""com.flowkey.app","flowkey: Learn piano","EDUCATION"
""com.codeway.brainapp","IQMasters Brain Training Games","EDUCATION"
""com.languagedrops.drops.international","Drops: Language Learning Games","EDUCATION"
""us.nobarriers.elsa","ELSA Speak: English Learning","EDUCATION"
""com.aceable.aceablede_android","Aceable Drivers Ed","EDUCATION"
""com.tgc.greatcoursesplus","The Great Courses Plus","EDUCATION"
""com.BigYellowTaxi.HookedPhonics","Hooked on Phonics Learning","EDUCATION"
""com.lingodeer","LingoDeer - Learn Languages","EDUCATION"
""com.selabs.speak","Speak - Language Learning","EDUCATION"
""com.learnwithhomer.webapp","HOMER: Fun Learning For Kids","EDUCATION"
""tinytap.kids.learning.games","TinyTap: Kids' Learning Games","EDUCATION"
""com.pocketprep.android.behavioralhealth","Behavioral Health Pocket Prep","EDUCATION"
""com.linkedin.android.learning","LinkedIn Learning","EDUCATION"
""com.bestfungames.cdl","CDL Prep Practice Test 2024","EDUCATION"
""com.education.android.h.intelligence","Gauth: AI Study Companion","EDUCATION"
""app.dogo.com.dogo_android","Dogo — Puppy and Dog Training","EDUCATION"
""com.sololearn","Sololearn: Learn to code","EDUCATION"
""ai.mybuddy.talkingflashcards_new","Buddy.ai: Fun Learning Games","EDUCATION"
""com.wiserapp.android","Wiser - 15 minutes Audio Books","EDUCATION"
""com.ewa.ewaapp","EWA: Learn English & Spanish","EDUCATION"
""com.fender.play","Fender Play - Learn Guitar","EDUCATION"
""plant.identification.snap","LeafSnap Plant Identification","EDUCATION"
""com.noctuasoftware.stellarium_free","Stellarium Mobile - Star Map","EDUCATION"
""woofz.dog.training.app","Woofz - Puppy and Dog Training","EDUCATION"
""com.conceptivapps.blossom","Blossom - Plant Identifier","EDUCATION"
""com.vedasapps.flashcards","Anki Pro: Flashcards Learning","EDUCATION"
""com.devsense.symbolab","Symbolab: AI Math Solver","EDUCATION"
""com.pocketprep.android.itcybersecurity","IT & Cybersecurity Pocket Prep","EDUCATION"
""net.tandem","Tandem: Language exchange","EDUCATION"
""com.skillcat","SkillCat: HVAC School, EPA 608","EDUCATION"
""com.skillshare.Skillshare","Skillshare: Online Classes App","EDUCATION"
""com.mindcandy.sleepstories","Moshi Kids: Sleep, Relax, Play","EDUCATION"
""com.linguist","LingQ - Learn 47 Languages","EDUCATION"
""com.fws.plantsnap2","PlantSnap: plant identifier","EDUCATION"
""no.mobitroll.kahoot.android","Kahoot! Play & Create Quizzes","EDUCATION"
""com.medictests.ionic.app","MedicTests 2024 EMS Education","EDUCATION"
""com.moymer.falou","Falou - Fast language learning","EDUCATION"
""com.aware3.facts_parent","FACTS Family","EDUCATION"
""com.storytoys.lego.duplo.marvel.spiderman.avengers.kids.preschool.free.googleplay","LEGO® DUPLO® MARVEL","EDUCATION"
""air.com.starfall.more","Starfall","EDUCATION"
""com.logicappkids","LogicLike: Math Games for kids","EDUCATION"
""com.testgames.psyhologytests","Psychological Assessment Test","EDUCATION"
""com.aihomework","Quizard AI - Homework Helper","EDUCATION"
""com.drumeo","Musora: The Music Lessons App","EDUCATION"
""com.deepstash","Deepstash: Smarter Every Day!","EDUCATION"
""air.nn.mobile.app.main","NeuroNation - Brain Training","EDUCATION"
""rock.identifier.stone.gem.crystal.mineral","Rock ID - Stone Identifier","EDUCATION"
""io.zimran.prosperi","Prosperi Academy","EDUCATION"
""com.sportys.pilottraining","Sporty's Pilot Training","EDUCATION"
""com.tocaboca.tocahairsalon4","Toca Boca Hair Salon 4","EDUCATION"
""com.cyberdavinci.gptkeyboard","Answer.AI - Your AI tutor","EDUCATION"
""com.myhumandesignapp","My Human Design","EDUCATION"
""com.simyasolutions.ling.universal","Ling: Language Learning App","EDUCATION"
""com.mobireactor.signlanguage","Sign Language ASL Pocket Sign","EDUCATION"
""com.noveleffect.book","Novel Effect: Read Aloud Books","EDUCATION"
""com.yousician.ukulele","Ukulele by Yousician","EDUCATION"
""com.hellochinese","HelloChinese: Learn Chinese","EDUCATION"
""com.storytoys.lego.duplo.disney.mickey.and.friends.googleplay","LEGO® DUPLO® DISNEY","EDUCATION"
""com.toleio.us","ASL Bloom - Sign Language","EDUCATION"
""com.bunpoapp","Bunpo: Learn Japanese","EDUCATION"
""com.alison.mobile.flutter","Alison: Online Education App","EDUCATION"
""com.loora.app","Speak English with Loora AI","EDUCATION"
""com.readability.androidapp","Learn to Read - Readability","EDUCATION"
""com.bestfungames.asvab","ASVAB Practice Test 2024 Prep","EDUCATION"
""com.pocketprep.android.professional","Professional Pocket Prep","EDUCATION"
""org.ifsta.e7","IFSTA Essentials 7","EDUCATION"
""tv.skyship.supersimple","Super Simple - Kids Songs","EDUCATION"
""help.truckdriver.cdlhelp","CDL Help","EDUCATION"
""com.learnzapp.cissp","CISSP-CCSP-SSCP ISC2 Official","EDUCATION"
""com.pocketprep.android.nursing","Nursing Pocket Prep","EDUCATION"
""com.edokicademy.montessoriacademy","Montessori Preschool, kids 3-7","EDUCATION"
""com.alux","Alux: Self-Help & Productivity","EDUCATION"
""com.yousician.piano","Piano by Yousician","EDUCATION"
""com.appsci.tenwords","Promova Easy Language Learning","EDUCATION"
""com.jinpeng.quizai","Quiz.AI - Math Problem Solver","EDUCATION"
""bestwaymediagroupinc.cc_scc_study_program_2024_new","ClerkOne Study App","EDUCATION"
""app.plant.identification","Plant Lens Plant identifier","EDUCATION"
""app.vocalimage.bessia","Vocal Image: AI Voice Coach","EDUCATION"
""com.astralerstudio.mydmv.android","DMV Permit Practice Test 2024","EDUCATION"
""com.archerreview.nclex","Archer Review - NCLEX","EDUCATION"
""app.immersely.immersely","Umi - Language Learning","EDUCATION"
""com.fantasy.star.inour.sky","Star Roam Sky Map Planet","EDUCATION"
""com.bestfungames.comptiaA","CompTIA A+ Exam Prep Test 2024","EDUCATION"
""com.datacamp","DataCamp | Data, AI and Coding","EDUCATION"
""com.duocards.app","DuoCards - Vocabulary Builder","EDUCATION"
""com.techconsolidated.photosolve","Pic Answer","EDUCATION"
""com.memoryos.app","memoryOS: Improve Your Memory","EDUCATION"
""mushroom.identification.picture.identifier.fungi.id.foraging.identify.fungus","Mushroom ID - Fungi Identifier","EDUCATION"
""python.learnpython.learn.pythonx.coding.programming.python3.tutorials.codingx","Learn Python","EDUCATION"
""com.flatearthsun","Flat Earth Sun & Moon Clock","EDUCATION"
""com.newmg.yurao.pro","Translator: Screen Translation","EDUCATION"
""com.mobile.ai.chatgpt","Ask Chatbot - AI Math Tutor","EDUCATION"
""com.appslux.math","MathMaster: Math Solver & Help","EDUCATION"
""kr.epopsoft.word","말해보카: 영단어, 문법, 리스닝, 스피킹, 영어 공부","EDUCATION"
""bug.identifier.insect.identification.spider.pest","Bug ID - Insect Identifier","EDUCATION"
""com.mango.android","Mango Languages Learning","EDUCATION"
""org.sinamon.duchinese","Du Chinese - Read Mandarin 读中文","EDUCATION"
""co.steezy.app","STEEZY - Learn How To Dance","EDUCATION"
""com.ululab.numbers","Math Makers: Kids School Games","EDUCATION"
""com.brainscape.mobile.portal","Brainscape: Smarter Flashcards","EDUCATION"
""com.zoundio.amped","Gibson: Learn to Play Guitar","EDUCATION"
""hlt.nursing.com","NCLEX RN Mastery 2024","EDUCATION"
""ru.iiec.pydroid3","Pydroid 3 - IDE for Python 3","EDUCATION"
""com.hltcorp.teas","ATI TEAS Mastery 2024","EDUCATION"
""com.hltcorp.fnp","FNP Mastery 2024 | Family NP","EDUCATION"
""com.innovativelanguage.innovativelanguage101","Innovative Language Learning","EDUCATION"
""com.vitotechnology.StarWalk2Free","Star Walk 2 Ads+ Sky Map View","EDUCATION"
""com.abide.magellantv","MagellanTV Documentaries","EDUCATION"
""com.crazylab.cameramath","UpStudy - Camera Math Solver","EDUCATION"
""com.superchinese","Learn Chinese - SuperChinese","EDUCATION"
""com.lingopie.android.stg","Lingopie: Language Learning","EDUCATION"
""com.hrd.vocabulary","Vocabulary - Learn words daily","EDUCATION"
""nl.navara.zigzag","Zigzag - Puppy & Dog Training","EDUCATION"
""com.classicalconversations.tutorials.cycle1","Foundations Memory Work C1","EDUCATION"
""com.noctuasoftware.stellarium_plus","Stellarium Plus - Star Map","EDUCATION"
""com.credu.craudio","Lisn аудио уроки Английского","EDUCATION"
""net.teuida.teuida","Teuida: Learn Languages","EDUCATION"
""com.allaboutlearningpress.letter_tiles","Letter Tiles for Learning","EDUCATION"
""com.freeit.java","Programming Hub: Learn to code","EDUCATION"
""com.tonestro.strings","Violin Lessons by tonestro","EDUCATION"
""com.brainbow.peak.app","Peak – Brain Games & Training","EDUCATION"
""com.hltcorp.ptce","PTCB PTCE: Pharmacy Technician","EDUCATION"
""com.cleverapps.english","10 Minute English","EDUCATION"
""com.mindtwisted.kanjistudy","Japanese Kanji Study - 漢字学習","EDUCATION"
""com.gwhizmobile.dearbornrealestate","Dearborn Real Estate Exam Prep","EDUCATION"
""com.positscience.brainhq.app","BrainHQ","EDUCATION"
""com.bestfungames.emtems","EMT Prep 2024: Pass Exam Test","EDUCATION"
""com.adaptedmind.mobile","AdaptedMind Math","EDUCATION"
""me.mycake","Cake - Learn English & Korean","EDUCATION"
""org.domestika","Domestika - Online courses","EDUCATION"
""com.langotalk.app","Langotalk","EDUCATION"
""com.tlm.botan","Botan: Plant Identifier App","EDUCATION"
""com.david.android.languageswitch","Beelinguapp Language Audiobook","EDUCATION"
""com.elektron.mindpal","MindPal - Brain Training Games","EDUCATION"
""com.asanarebel.visualgpt","VisualMind: AI MindMap/Chatbot","EDUCATION"
""app.legentibus.shelf","Legentibus: Learn Latin","EDUCATION"
""com.curiosity.curiositystream.androidtv","Curiosity Stream (TV)","EDUCATION"
""ru.zengalt.simpler","Simpler: English learning app","EDUCATION"
""com.shroomid","ShroomID - Identify Mushrooms!","EDUCATION"
""com.ai.formed.formed","FORMED","EDUCATION"
""com.mheducation.redi","Sharpen – College Exam Prep","EDUCATION"
""com.applicaster.il.babyfirsttv","First™ | Fun Learning For Kids","EDUCATION"
""com.skoove.piano","Skoove: Learn Piano","EDUCATION"
""com.splash.kids.education.learning.games.free.multiplication.reading.math.grade.app.splashmath","SplashLearn Math & Reading App","EDUCATION"
""com.vooks","Vooks: Read-alouds for kids","EDUCATION"
""com.spotify.music","Spotify: Music and Podcasts","ANDROID_WEAR"
""com.radio.pocketfm","Pocket FM: Audio Series","ANDROID_WEAR"
""onxmaps.hunt","onX Hunt: GPS Hunting Maps","ANDROID_WEAR"
""com.audible.application","Audible: Audio Entertainment","ANDROID_WEAR"
""com.fitbit.FitbitMobile","Fitbit","ANDROID_WEAR"
""com.myfitnesspal.android","MyFitnessPal: Calorie Counter","ANDROID_WEAR"
""com.alltrails.alltrails","AllTrails: Hike, Bike & Run","ANDROID_WEAR"
""com.strava","Strava: Run, Bike, Hike","ANDROID_WEAR"
""com.clearchannel.iheartradio.controller","iHeart: Music, Radio, Podcasts","ANDROID_WEAR"
""com.calm.android","Calm - Sleep, Meditate, Relax","ANDROID_WEAR"
""com.amazon.mp3","Amazon Music: Songs & Podcasts","ANDROID_WEAR"
""com.soundcloud.android","SoundCloud: Play Music & Songs","ANDROID_WEAR"
""org.iggymedia.periodtracker","Flo Period & Pregnancy Tracker","ANDROID_WEAR"
""com.microsoft.office.outlook","Microsoft Outlook","ANDROID_WEAR"
""com.onepeloton.callisto","Peloton - Fitness & Workouts","ANDROID_WEAR"
""com.newreading.goodfm","GoodFM - Dramas & Audiobooks","ANDROID_WEAR"
""com.squarevalley.i8birdies","18Birdies Golf GPS Rangefinder","ANDROID_WEAR"
""com.fitbod.fitbod","Fitbod Workout & Fitness Plans","ANDROID_WEAR"
""com.fourtechnologies.mynetdiary.ad","Calorie Counter - MyNetDiary","ANDROID_WEAR"
""com.walkfit.weightloss.steptracker.pedometer","Weight Loss Walking: WalkFit","ANDROID_WEAR"
""com.flightradar24free","Flightradar24 Flight Tracker","ANDROID_WEAR"
""deezer.android.app","Deezer: Music & Podcast Player","ANDROID_WEAR"
""com.cronometer.android.gold","Calorie Counter by Cronometer","ANDROID_WEAR"
""com.accuweather.android","AccuWeather: Weather Radar","ANDROID_WEAR"
""com.audiomack","Audiomack: Music Downloader","ANDROID_WEAR"
""com.regasoftware.udisc","UDisc Disc Golf App","ANDROID_WEAR"
""com.slacker.radio","LiveOne: Stream Music & More","ANDROID_WEAR"
""com.acmeaom.android.myradar","MyRadar Weather Radar","ANDROID_WEAR"
""com.jeremysteckling.facerrel","Facer Watch Faces","ANDROID_WEAR"
""com.truecaller","Truecaller: AI Call Blocker","ANDROID_WEAR"
""com.geozilla.family","GeoZilla - Find My Family","ANDROID_WEAR"
""com.basevelocity.radarscope","RadarScope","ANDROID_WEAR"
""com.contorra.golfpad","Golf Pad: Golf GPS & Scorecard","ANDROID_WEAR"
""com.callapp.contacts","CallApp: Caller ID & Block","ANDROID_WEAR"
""com.endel.endel","Endel: Focus, Relax & Sleep","ANDROID_WEAR"
""com.windyty.android","Windy.com - Weather Forecast","ANDROID_WEAR"
""com.welltory.client.android","Welltory: Heart Rate Monitor","ANDROID_WEAR"
""com.northcube.sleepcycle","Sleep Cycle: Sleep Tracker","ANDROID_WEAR"
""com.sillens.shapeupclub","Lifesum Food Tracker & Fasting","ANDROID_WEAR"
""je.fit","JEFIT Gym Workout Plan Tracker","ANDROID_WEAR"
""com.todoist","Todoist: Planner & Calendar","ANDROID_WEAR"
""com.hrd.iam","I am - Daily affirmations","ANDROID_WEAR"
""com.fiton.android","FitOn Workouts & Fitness Plans","ANDROID_WEAR"
""com.centr.app","Centr: Personal Training App","ANDROID_WEAR"
""com.ticktick.task","TickTick:To Do List & Calendar","ANDROID_WEAR"
""com.hevy","Hevy - Gym Log Workout Tracker","ANDROID_WEAR"
""io.tessie.app","Tessie — For your Tesla","ANDROID_WEAR"
""com.grint.thegrint.pro","TheGrint | Golf Handicap & GPS","ANDROID_WEAR"
""todolist.scheduleplanner.dailyplanner.todo.reminders","To-Do List - Schedule Planner","ANDROID_WEAR"
""com.kakao.talk","KakaoTalk : Messenger","ANDROID_WEAR"
""au.com.shiftyjelly.pocketcasts","Pocket Casts - Podcast Player","ANDROID_WEAR"
""com.ifttt.ifttt","IFTTT - Automate work and home","ANDROID_WEAR"
""com.rabbl.blinq","Blinq - Digital Business Card","ANDROID_WEAR"
""com.hole19golf.hole19.beta","Hole19 Golf GPS & Range Finder","ANDROID_WEAR"
""jp.naver.line.android","LINE: Calls & Messages","ANDROID_WEAR"
""com.zumba.consumerapp","Zumba - Dance Fitness Workout","ANDROID_WEAR"
""com.shotzoom.golfshot2","Golfshot Golf GPS RangeFinder","ANDROID_WEAR"
""com.anydo","Any.do - To do list & Calendar","ANDROID_WEAR"
""de.komoot.android","komoot - hike, bike & run","ANDROID_WEAR"
""com.golfbuddy.smartcaddie","SMART CADDIE by GOLFBUDDY","ANDROID_WEAR"
""com.cardiogram.v1","Cardiogram","ANDROID_WEAR"
""com.anghami","Anghami: Play music & Podcasts","ANDROID_WEAR"
""com.urbandroid.sleep","Sleep as Android: Smart alarm","ANDROID_WEAR"
""com.habitrpg.android.habitica","Habitica: Gamify Your Tasks","ANDROID_WEAR"
""slide.watchFrenzy","WatchMaker Watch Faces","ANDROID_WEAR"
""com.c25k","C25K® - 5K Running Trainer","ANDROID_WEAR"
""com.acmeaom.android.myradarpro","MyRadar Weather Radar Pro","ANDROID_WEAR"
""kr.co.millie.millieshelf","밀리의 서재 - 독서와 무제한 친해지리","ANDROID_WEAR"
""com.swingbyswing","SwingU: Golf GPS Range Finder","ANDROID_WEAR"
""com.hrd.motivation","Motivation - Daily quotes","ANDROID_WEAR"
""calendar.agenda.calendarplanner.agendaplanner","Calendar Planner - Agenda App","ANDROID_WEAR"
""wearos.smart.watch.bt.sync.notifier","Watch Sync App - BT Notifier","ANDROID_WEAR"
""com.handcent.app.nextsms","Handcent Next SMS messenger","ANDROID_WEAR"
""grit.storytel.app","Storytel: Audiobooks & Ebooks","ANDROID_WEAR"
""com.row_counter","My Row Counter: Knit & Crochet","ANDROID_WEAR"
""com.kraftwerk9.rokie","Remote Control for Roku","ANDROID_WEAR"
""com.abode.abode","Abode","ANDROID_WEAR"
""com.hrd.vocabulary","Vocabulary - Learn words daily","ANDROID_WEAR"
""com.facer.pipboy_se","Fallout Pip-Boy SE Watch Face","ANDROID_WEAR"
""se.perigee.android.seven","Seven - 7 Minute Workout","ANDROID_WEAR"
""com.kraftwerk9.appletv","Remote for Apple TV","ANDROID_WEAR"
""com.myswimpro.android.app","MySwimPro: Swim Workout App","ANDROID_WEAR"
""com.askmedia.meb","Meb : หนังสือดี นิยายดัง","ANDROID_WEAR"
""com.drillyapps.babydaybook","Baby Daybook - Newborn Tracker","ANDROID_WEAR"
""com.alt.goodmorning","Routine Planner, Habit Tracker","ANDROID_WEAR"
""com.arlosoft.macrodroid","MacroDroid - Device Automation","ANDROID_WEAR"
""com.wikiloc.wikilocandroid","Wikiloc - Trails of the World","ANDROID_WEAR"
""com.runtastic.android","adidas Running: Run Tracker","ANDROID_WEAR"
""com.facer.ultraretrodigital","ULTRA Digital Retro watch face","ANDROID_WEAR"
""com.digipom.easyvoicerecorder.pro","Easy Voice Recorder Pro","ANDROID_WEAR"
""com.quanticapps.remotelgtvs","LG Smart TV Remote Control","ANDROID_WEAR"
""com.siber.roboform","RoboForm Password Manager","ANDROID_WEAR"
""co.refsix","REFSIX - Soccer Referee Watch","ANDROID_WEAR"
""com.samruston.buzzkill","BuzzKill Notification Manager","ANDROID_WEAR"
""com.skimble.workouts","Workout Trainer AI","ANDROID_WEAR"
""com.flygaggle.flutterapp","Gaggle - Flight Recorder","ANDROID_WEAR"
""com.toursprung.bikemap","Bikemap: Cycling Tracker & GPS","ANDROID_WEAR"
""com.headcode.ourgroceries","Our Groceries Shopping List","ANDROID_WEAR"
""kr.co.influential.youngkangapp","윌라 - 독서의 모든 것","ANDROID_WEAR"
""com.customsolutions.android.alexa","Ultimate Alexa Voice Assistant","ANDROID_WEAR"
""mobi.lockdown.weather","Today Weather:Data by NOAA/NWS","ANDROID_WEAR"
""com.citymapper.app.release","Citymapper","ANDROID_WEAR"
""com.watchfacestudio.md307digital","MD307 Digital watch face","ANDROID_WEAR"
""com.reneph.passwordsafe","Password Safe and Manager","ANDROID_WEAR"
""com.watchfacestudio.md242","MD242 Hybrid watch face","ANDROID_WEAR"
""com.appgenix.bizcal","Business Calendar 2 Planner","ANDROID_WEAR"
""com.outdooractive.Outdooractive","Outdooractive. Hike and Ride","ANDROID_WEAR"
""com.zoho.notebook","Notebook - Note-taking & To-do","ANDROID_WEAR"
""app.symfonik.music.player","Symfonium: Music player & cast","ANDROID_WEAR"
""com.watchfacestudio.s4uassen","S4U Assen - Hybrid watch face","ANDROID_WEAR"
""com.ua.makeev.antitheft","Find My: Phone, Watch, Earbuds","ANDROID_WEAR"
""com.fenivan.fw100","FW100 Digital Watch Face","ANDROID_WEAR"
""com.selfcare.diary.mood.tracker.moodpress","Moodpress - Mood Diary Tracker","ANDROID_WEAR"
""com.watchfacestudio.s4urconeretro","S4U RC ONE - Retro watch face","ANDROID_WEAR"
""com.safeincloud.free","Password Manager SafeInCloud 2","ANDROID_WEAR"
""apps.r.calculator","Calculator","ANDROID_WEAR"
""app.groupcal.www","GroupCal - Shared Calendar","ANDROID_WEAR"
""com.imperon.android.gymapp","Workout Tracker & Gym Plan Log","ANDROID_WEAR"
""com.mymedicwatch.wear3.seizure.prod","Seizure Alert Wear3 - MMW","ANDROID_WEAR"
""com.superelement.pomodoro","Focus To-Do: Pomodoro & Tasks","ANDROID_WEAR"
""com.virtualmaze.offlinemapnavigationtracker","Offline Map Navigation","ANDROID_WEAR"
""com.apposter.watchmaker","TIMEFLIK Watch Face","ANDROID_WEAR"
""com.watchfacestudio.per008_soho","Weather Watch Face PER008 Soho","ANDROID_WEAR"
""com.facer.avoStjoiE4","Fallout Pip-Boy Watch Face","ANDROID_WEAR"
""com.fitiv.fitivapplication","FITIV Pulse Heart Rate Monitor","ANDROID_WEAR"
""com.pextor.batterychargeralarm","Battery Life Monitor and Alarm","ANDROID_WEAR"
""com.alexvas.dvr.pro","tinyCam Monitor PRO for IP Cam","ANDROID_WEAR"
""com.dynamic.sku.test.app","Moscra test app","ANDROID_WEAR"
""mobi.byss.instaweather.watchface","Weather for Wear OS","ANDROID_WEAR"
""no.klokkprojects.driveelectricfortesla","DRIVE Electric for Tesla","ANDROID_WEAR"
""shu.galaxy.camera","Camera One: Wear, Galaxy Watch","ANDROID_WEAR"
""com.watchfacestudio.md338","MD338 Hybrid watch face","ANDROID_WEAR"
""com.chronicinsights","Chronic Insights symptom diary","ANDROID_WEAR"
""org.cagnulen.qdomyoszwift","QZ (qdomyos-zwift)","ANDROID_WEAR"
""com.sofascore.results","Sofascore - Live sports scores","ANDROID_WEAR"
""io.enpass.app","Enpass Password Manager","ANDROID_WEAR"
""de.crysxd.octoapp","OctoApp: OctoPrint & Klipper","ANDROID_WEAR"
""com.pujie.watchfaces","Watch Faces - Pujie","ANDROID_WEAR"
""com.watchfacestudio.s4umystique","S4U Mystique - Gold watch face","ANDROID_WEAR"
""com.nordicwise.translator","Lingvanex Online AI Translator","ANDROID_WEAR"
""wb.illuminator.digital","ILLUMINATOR Digital Watch face","ANDROID_WEAR"
""com.watchfacestudio.per27","Digital WatchFace PER27 Galaxy","ANDROID_WEAR"
""com.funnmedia.calory","Calory: Track Calories & Macro","ANDROID_WEAR"
""com.popularapp.periodcalendar","Period Calendar Period Tracker","ANDROID_WEAR"
""com.kraftwerk9.smartify","Remote for LG Smart TV","ANDROID_WEAR"
""co.unstatic.habitify","Habitify: Daily Habit Tracker","ANDROID_WEAR"
""com.myworkoutplan.myworkoutplan","My Workout Plan - Gym Tracker","ANDROID_WEAR"
""com.watchfacestudio.mocatod","Hybrid TAG CARRERA Watch face","ANDROID_WEAR"
""walking.workout.weightloss","Walking app - Lose weight","ANDROID_WEAR"
""com.infinitygames.loopenergy","Energy: Anti-Stress Loops","ANDROID_WEAR"
""com.watchfacestudio.WFP309_classic_watch_face","WFP 309 Elegant watch face","ANDROID_WEAR"
""com.er.mo.apps.mypasswords","My Passwords Manager","ANDROID_WEAR"
""prox.lab.calclock","Sectograph. Day & Time planner","ANDROID_WEAR"
""com.hrd.facts","Daily Random Facts","ANDROID_WEAR"
""fr.cookbook","COOKmate - My recipe organizer","ANDROID_WEAR"
""com.aita","App in the Air - Trip Planner","ANDROID_WEAR"
""com.watchfacestudio.md324hybrid","MD324 Hybrid watch face","ANDROID_WEAR"
""com.funnmedia.waterminder","Water Tracker: WaterMinder app","ANDROID_WEAR"
""com.orux.oruxmapsDonate","OruxMaps GP","ANDROID_WEAR"
""watch.richface.androidwear.premium.jubilee","RF Jubilee Watch Face Full","ANDROID_WEAR"
""com.kraftwerk9.firetv","Remote for Firestick & Fire TV","ANDROID_WEAR"
""com.nikkei.newspaper","日本経済新聞 電子版【公式】／経済ニュースアプリ","ANDROID_WEAR"
""com.watchfacestudio.simplesunflowerswf","Simple Sunflowers watch face","ANDROID_WEAR"
""com.futorum.w55","Weather watch face W5.5","ANDROID_WEAR"
""com.watchfacestudio.s4ulondonshift","S4U Shift - Analog watch face","ANDROID_WEAR"
""com.watchfacestudio.s4ufrost","S4U Frost - classic watch face","ANDROID_WEAR"
""com.mysosfamily","My SOS Family Emergency Alerts","ANDROID_WEAR"
""com.mvollTech.nflforwear","Premium NFL app for Wear","ANDROID_WEAR"
""com.neurondigital.exercisetimer","Exercise Timer","ANDROID_WEAR"
""com.watchfacestudio.md301","MD301 Hybrid watch face","ANDROID_WEAR"
""wb.military.zulu","Military ZULU Tactical watch","ANDROID_WEAR"
""com.superthomaslab.hueessentials","Hue Essentials","ANDROID_WEAR"
""com.watchfacestudio.md335","MD335 Hybrid watch face","ANDROID_WEAR"
""com.shotzoom.golfshotgps","Golfshot Plus: Golf GPS","ANDROID_WEAR"
""com.linkt.stepquest","Step Quest Watch Face","ANDROID_WEAR"
""smartwatchstudios.app.gears3navigation","Navigation Pro: Maps on Watch","ANDROID_WEAR"
""com.ingravity.woo","WOO Sports","ANDROID_WEAR"
""com.pujie.wristwear.pujieblack","Watch Faces - Pujie - Premium","ANDROID_WEAR"
""com.mobvoi.mwf.magicfaces","TimeShow Watch Faces","ANDROID_WEAR"
""com.ekwatchfaces.zodiacconstellation","Zodiac Constellation Watch","ANDROID_WEAR"
""com.rzrdesign.constellation","Planet in stars Watch Face","ANDROID_WEAR"
""com.mobilefootie.wc2010","FotMob - Soccer Live Scores","ANDROID_WEAR"
""com.kiter","The Surfr. App","ANDROID_WEAR"
""com.watchfacestudio.md332","MD332 Digital watch face","ANDROID_WEAR"
""we.rallyx.delta","Rally-X R.T. Delta watch face","ANDROID_WEAR"
""com.watchfacestudio.ballozi_vero","Ballozi VERO Hybrid Analog","ANDROID_WEAR"
""com.andrej.simulator","Alien Watch: Omnitrix App","ANDROID_WEAR"
""app.navigationwear.teswear","Teswear: Watch app for Tesla","ANDROID_WEAR"
""com.facer.yTWy6G6hRsSE","TMNT - Cowabunga SE Watch Face","ANDROID_WEAR"
""com.watchfacestudio.per023pro","Health Sport PER23 PlatinumPro","ANDROID_WEAR"
""com.sparkistic.photowear","PhotoWear Classic Watch Face","ANDROID_WEAR"
""com.watchfacestudio.chesterflowertime","Chester Flower time","ANDROID_WEAR"
""com.stonegolemstudios.CombatWear2","Combat Wear 2 - Wearable RPG","ANDROID_WEAR"
""com.velocor.mScorecard","mScorecard - Golf Scorecard","ANDROID_WEAR"
""com.mobiltal.geoohGO","Geooh GO","ANDROID_WEAR"
""com.gs.complications.suite","Wear OS Toolset Complications","ANDROID_WEAR"
""com.astepanov.mobile.mindmathtricks","Speed Math Mental Quick Games","ANDROID_WEAR"
""com.safetrekapp.safetrek","Noonlight: Feel Protected 24/7","ANDROID_WEAR"
""watch.richface.androidwear.premium.fazer","Fazer Premium Watch Face","ANDROID_WEAR"
""com.watchfacestudio.wfp129_digital_watch_face","WFP 129 Military watch face","ANDROID_WEAR"
""com.classdojo.android","ClassDojo","FAMILY"
""com.tocaboca.tocalifeworld","Toca Boca World","FAMILY"
""com.ninjakiwi.bloonstd6","Bloons TD 6","FAMILY"
""com.budgestudios.googleplay.BlueyBLU","Bluey: Let's Play!","FAMILY"
""com.microblink.photomath","Photomath","FAMILY"
""com.getepic.Epic","Epic: Kids' Books & Reading","FAMILY"
""es.monkimun.lingokids","Lingokids - Play and Learn","FAMILY"
""com.pazugames.avatarworld","Avatar World ®","FAMILY"
""com.WildWorks.AnimalJamPlayWild","Animal Jam","FAMILY"
""mobi.abcmouse.academy_goo","ABCmouse – Kids Learning Games","FAMILY"
""com.sagosago.World.googleplay","Sago Mini World: Kids Games","FAMILY"
""com.paperboatapps.google.kiddopia","Kiddopia - Kids Learning Games","FAMILY"
""com.tocaboca.tocakitchen2","Toca Boca Jr","FAMILY"
""com.gameloft.android.ANMP.GloftPOHM","My Little Pony: Magic Princess","FAMILY"
""com.boomerang.boomerangapp","Boomerang","FAMILY"
""org.brilliant.android","Brilliant: Learn by doing","FAMILY"
""com.blake.readingeggs.android","Reading Eggs - Learn to Read","FAMILY"
""com.originatorkids.paw","PAW Patrol Academy","FAMILY"
""com.peppapig.worldofpeppapig_g","World of Peppa Pig: Kids Games","FAMILY"
""com.budgestudios.googleplay.BarbieDreamhouse","Barbie Dreamhouse Adventures","FAMILY"
""com.sagosago.School.googleplay","Sago Mini School (Kids 2-5)","FAMILY"
""teaching_com.reading_com","Learn to Read: Reading.com","FAMILY"
""com.happytools.learning.kids.games","Bebi: Baby Games for 2-4y kids","FAMILY"
""com.BigYellowTaxi.HookedPhonics","Hooked on Phonics Learning","FAMILY"
""com.learnwithhomer.webapp","HOMER: Fun Learning For Kids","FAMILY"
""tinytap.kids.learning.games","TinyTap: Kids' Learning Games","FAMILY"
""gen.tech.keiki.world.learning","Keiki Learning games for Kids","FAMILY"
""com.turborocketgames.wildcraft","WildCraft: Animal Sim Online","FAMILY"
""ai.mybuddy.talkingflashcards_new","Buddy.ai: Fun Learning Games","FAMILY"
""com.jellytelly","Minno - Kids Bible Videos","FAMILY"
""com.budgestudios.googleplay.PawPatrolRescueWorld","PAW Patrol Rescue World","FAMILY"
""com.giantssoftware.fs23.google","Farming Simulator 23 Mobile","FAMILY"
""com.mindcandy.sleepstories","Moshi Kids: Sleep, Relax, Play","FAMILY"
""org.codespark.thefoos","codeSpark - Coding for Kids","FAMILY"
""com.abcya.android.games","ABCya! Games","FAMILY"
""no.mobitroll.kahoot.android","Kahoot! Play & Create Quizzes","FAMILY"
""com.imaginalis.HouseFlipperMobile","House Flipper: Home Design","FAMILY"
""com.storytoys.lego.duplo.marvel.spiderman.avengers.kids.preschool.free.googleplay","LEGO® DUPLO® MARVEL","FAMILY"
""air.com.starfall.more","Starfall","FAMILY"
""com.logicappkids","LogicLike: Math Games for kids","FAMILY"
""com.storytoys.lego.duplo.world.kids.play.free.friends.animals.android.googleplay","LEGO® DUPLO® WORLD","FAMILY"
""com.sofarsogood.incredibox","Incredibox","FAMILY"
""com.tocaboca.tocahairsalon4","Toca Boca Hair Salon 4","FAMILY"
""com.budgestudios.googleplay.HotWheelsUnlimited","Hot Wheels Unlimited","FAMILY"
""com.chess.chesscoach","Learn Chess with Dr. Wolf","FAMILY"
""com.noveleffect.book","Novel Effect: Read Aloud Books","FAMILY"
""com.storytoys.lego.duplo.disney.mickey.and.friends.googleplay","LEGO® DUPLO® DISNEY","FAMILY"
""com.ahaworld.ahaworld","Aha World: Doll Dress-Up Game","FAMILY"
""com.readability.androidapp","Learn to Read - Readability","FAMILY"
""tv.skyship.supersimple","Super Simple - Kids Songs","FAMILY"
""com.edokicademy.montessoriacademy","Montessori Preschool, kids 3-7","FAMILY"
""com.storytoys.disney.pixar.coloring.princess.googleplay","Disney Coloring World","FAMILY"
""com.hitgrab.android.mousehunt","MouseHunt: Massive-Passive RPG","FAMILY"
""com.crayolallc.crayola_create_and_play","Crayola Create & Play","FAMILY"
""com.internetdesignzone.nurseryrhymes","KidloLand Kids & Toddler Games","FAMILY"
""com.justalk.kids.android","JusTalk Kids - Safe Messenger","FAMILY"
""com.tutotoons.app.fluvsies.free","Fluvsies - A Fluff to Luv","FAMILY"
""com.ululab.numbers","Math Makers: Kids School Games","FAMILY"
""com.ninjakiwi.btdadventuretime","Bloons Adventure Time TD","FAMILY"
""com.budgestudios.googleplay.BudgeWorld","Budge World - Kids Games 2-7","FAMILY"
""jp.pokemon.pokemonquest","Pokémon Quest","FAMILY"
""com.classicalconversations.tutorials.cycle1","Foundations Memory Work C1","FAMILY"
""com.budgestudios.googleplay.FrozenFRZ","Disney Frozen Royal Castle","FAMILY"
""com.mindtwisted.kanjistudy","Japanese Kanji Study - 漢字学習","FAMILY"
""com.david.android.languageswitch","Beelinguapp Language Audiobook","FAMILY"
""com.applicaster.il.babyfirsttv","First™ | Fun Learning For Kids","FAMILY"
""com.splash.kids.education.learning.games.free.multiplication.reading.math.grade.app.splashmath","SplashLearn Math & Reading App","FAMILY"
""com.vooks","Vooks: Read-alouds for kids","FAMILY"
""com.sinyee.babybus.world","Baby Panda World : Kids Games","FAMILY"
""com.storytoys.lego.duplo.peppa.pig.googleplay","LEGO® DUPLO® PEPPA PIG","FAMILY"
""com.storytoys.hungry.caterpillar.play.school.abc.kids.books.free.android.googleplay","Hungry Caterpillar Play School","FAMILY"
""tv.alphablocks.numberblocksworld","Numberblocks World","FAMILY"
""com.leapfrog.academy","LeapFrog Academy™ Learning","FAMILY"
""com.cateater.stopmotionstudio","Stop Motion Studio","FAMILY"
""com.kevinbradford.games.preschoolgames","Preschool & Kindergarten Games","FAMILY"
""com.kgs.housedesigner","House Designer : Fix & Flip","FAMILY"
""com.YovoGames.dentist","Children's doctor : dentist","FAMILY"
""com.chesskid","Chess for Kids - Play & Learn","FAMILY"
""com.educational.baby.games","Baby Games for 1-3 Year Olds","FAMILY"
""com.budgestudios.googleplay.MiraculousMIR","Miraculous Ladybug Life","FAMILY"
""com.sx.wonsterwords","Wonster Words Learning Games","FAMILY"
""com.zigazoo.zigazoo","Zigazoo","FAMILY"
""com.storytoys.marvelhq.googleplay","Marvel HQ: Kids Super Hero Fun","FAMILY"
""com.playhome.plus","My PlayHome Plus","FAMILY"
""kr.co.smartstudy.bbsworld_android_googlemarket","Baby Shark World for Kids","FAMILY"
""com.sagosago.MathTango.googleplay","MathTango: Grades K-5 Learning","FAMILY"
""com.pazugames.chicbaby2","Baby care game & Dress up","FAMILY"
""net.speedymind.multiplication","Multiplication Games For Kids.","FAMILY"
""com.kevinbradford.games.firstgrade","First Grade Learning Games","FAMILY"
""com.devgame.masha.and.bear.pizzeria.games","Masha and the Bear Pizza Maker","FAMILY"
""com.pazugames.nailsalon","Girls Nail Salon - Kids Games","FAMILY"
""com.bimiboo.kids.cooking.games","Kids Cooking Games 2 year olds","FAMILY"
""com.toybox","Toybox - 3D Print your toys!","FAMILY"
""com.intellectokids.academy","Intellecto Kids Learning Games","FAMILY"
""tv.torahtreasure.android","Toveedo","FAMILY"
""com.budgestudios.ThomasAndFriendsGoGoThomas","Thomas & Friends: Go Go Thomas","FAMILY"
""nz.co.codepoint.minimetro","Mini Metro","FAMILY"
""com.tutotoons.app.floofmypethouse","Floof - My Pet House","FAMILY"
""com.bimiboo.playandlearn","Toddler Games for 2+ year olds","FAMILY"
""com.budgestudios.googleplay.MyLittlePonyMLG","My Little Pony World","FAMILY"
""com.pazugames.avatarmaker","Avatar Maker Dress up for kids","FAMILY"
""com.diveomedia.little.stories.bedtime.books.kids","Little Stories: Bedtime Books","FAMILY"
""com.baby.toddler.games","Toddler Games for 2-3 Year Old","FAMILY"
""com.wb.lego.tcs","LEGO® Star Wars™:  TCS","FAMILY"
""net.studycat.funspanish","Learn Spanish - Studycat","FAMILY"
""com.caribu.Caribu","Caribu by Mattel","FAMILY"
""com.ZipasGames.Frontier","Event Horizon Space Shooting","FAMILY"
""com.amayasoft.dinosaur.games.little.kids.toddlers","Dinosaur games for toddlers","FAMILY"
""kr.co.smartstudy.shapescolors_android_googlemarket","Pinkfong Shapes & Colors","FAMILY"
""com.wb.lego.marvel","LEGO ® Marvel Super Heroes","FAMILY"
""com.drpanda.town.street","Dr. Panda Town Tales","FAMILY"
""com.budgestudios.googleplay.MyLittlePonyColoring","My Little Pony Color By Magic","FAMILY"
""kr.co.smartstudy.dinoworld_android_googlemarket","Pinkfong Dino World: Kids Game","FAMILY"
""com.originatorkids.EndlessAlphabet","Endless Alphabet","FAMILY"
""com.drycactus.polybridge2","Poly Bridge 2","FAMILY"
""com.budgestudios.MyLittlePonyHarmonyQuest","My Little Pony: Harmony Quest","FAMILY"
""air.com.webkinz.webkinzmobile","Webkinz® Classic","FAMILY"
""com.movile.playkids","PlayKids+ Cartoons and Games","FAMILY"
""com.cateater.stopmotionstudiopro","Stop Motion Studio Pro","FAMILY"
""kr.co.smartstudy.phonicsiap_android_googlemarket","Baby Shark ABC Phonics: Games","FAMILY"
""com.kevinbradford.games.secondgradefree","Second Grade Learning Games","FAMILY"
""com.amayasoft.cars.kids.racing.toddlers.garage.game","Car games for kids & toddler","FAMILY"
""com.learnyland.codeland","Code Land: Coding for Kids","FAMILY"
""com.readmio.app","Readmio: Bedtime Stories Aloud","FAMILY"
""fm.pinna.app","Pinna: Podcasts for kids 3-12","FAMILY"
""com.bimiboo.learning.games","Kids Academy: Learning Games","FAMILY"
""com.WildWorks.RyansTag","Tag with Ryan","FAMILY"
""kr.co.smartstudy.babyshark_android_googlemarket","Pinkfong Baby Shark: Kid Games","FAMILY"
""com.tocaboca.tocamysteryhouse","Toca Mystery House","FAMILY"
""com.pazugames.princesspetpalace","Princess Palace Pets World","FAMILY"
""com.bubadu.bubbu","Bubbu – My Virtual Pet Cat","FAMILY"
""com.surenhakobyan.smashinggames","Bug Smashing toddler games","FAMILY"
""bebi.family.kids.learning.games","Learning Games for Toddlers","FAMILY"
""com.budgestudios.googleplay.ThomasAndFriendsMagicalTracks","Thomas & Friends: Magic Tracks","FAMILY"
""com.letterschool.lite","LetterSchool - Learn to Write","FAMILY"
""com.originatorkids.EndlessNumbers","Endless Numbers","FAMILY"
""com.pazugames.pizza","Pizza maker cooking games","FAMILY"
""com.miga.world","Miga Town: My World","FAMILY"
""com.budgestudios.TransformersRescueBotsHeroAdventures","Transformers Rescue Bots: Hero","FAMILY"
""com.budgestudios.googleplay.ThomasAndFriendsMinis","Thomas & Friends Minis","FAMILY"
""com.nimblebit.legotower","LEGO® Tower","FAMILY"
""com.kids.preschool.learning.games","Kids Preschool Learning Games","FAMILY"
""kr.co.smartstudy.tracingworld_android_googlemarket","Pinkfong Tracing World : ABC","FAMILY"
""net.speedymind.mental.arithmetic.trainer.learning.games.practice.k5.grade.math.vs.slimes","Math games for kids: Fun facts","FAMILY"
""com.bimiboo.kids.drawing","Drawing Games for Kids","FAMILY"
""com.kevinbradford.games.fourthgrade","Fourth Grade Learning Games","FAMILY"
""com.budgestudios.googleplay.TransformersDisasterDash","Transformers Rescue Bots: Dash","FAMILY"
""com.appquiz.baby.ballons","Baby Balloons pop","FAMILY"
""com.budgestudios.googleplay.MyLittlePonyRainbowRunners","My Little Pony Rainbow Runners","FAMILY"
""com.projectpixelpress.BloxelsEDU","Bloxels","FAMILY"
""com.bebi.family.baby.games.mg2","Baby Games: 2+ kids, toddlers","FAMILY"
""com.eup.heyjapan","HeyJapan: Learn Japanese","FAMILY"
""com.originatorkids.EndlessReader","Endless Reader","FAMILY"
""com.daveandava.player.subscription","Dave and Ava Learn and Play","FAMILY"
""com.wb.goog.lbbg","LEGO ® Batman: Beyond Gotham","FAMILY"
""com.gusinc.talktableta","TalkTablet PRO Autism & Stroke","FAMILY"
""com.TGSoftware.NoteRush","Note Rush: Learn to Read Music","FAMILY"
""com.pazugames.petdoctor","Pet Doctor Care games for kids","FAMILY"
""com.sinyee.babybus.safetytips","Sheriff Labrador's Safety Tips","FAMILY"
""com.cosmickids","Cosmic Kids Yoga","FAMILY"
""com.kahoot.multiplication","Kahoot! Multiplication Games","FAMILY"
""com.tutotoons.app.princesses","Princesses - Enchanted Castle","FAMILY"
""com.joongly.kids.learning.games","Easy games for kids 2,3,4 year","FAMILY"
""com.tangibleplay.k3us","BYJU’S Learning | Disney","FAMILY"
""com.Bikagu.PetPals","Pet Pals","FAMILY"
""air.com.amanitadesign.chuchel.gp","CHUCHEL","FAMILY"
""com.legendsoflearning.awakening","Awakening – Fun Math Games","FAMILY"
""com.fizzd.connectedworlds","A Dance of Fire and Ice","FAMILY"
""com.storytoys.thomasandfriends.google","Thomas & Friends™: Let's Roll","FAMILY"
""com.bimiboo.kids.puzzles","Puzzle games for kids 2-5 year","FAMILY"
""com.tutotoons.app.gigglebabies","Giggle Babies - Toddler Care","FAMILY"
""preschool.kidsgames.coloringbook","Toddler Drawing Games For Kids","FAMILY"
""com.skc.readtome","Reading App for Kids Books","FAMILY"
""com.storytoys.myveryhungrycaterpillar.free.android.googleplay","My Very Hungry Caterpillar","FAMILY"
""com.dinolingo.dinolearning","Dinolingo Kids Learn Languages","FAMILY"
""com.webkinz.webkinznext","Webkinz® Next","FAMILY"
""com.srujan.up_grade_app","GradeWay for HAC","FAMILY"
""com.mrswordsmith.WordTag","Word Tag - Word Learning Game","FAMILY"
""com.devgame.masha.and.bear.my.friends","Masha and the Bear: My Friends","FAMILY"
""com.kevinbradford.games.thirdgrade","Third Grade Learning Games","FAMILY"
""com.bentkey.android","Bentkey | Kids Entertainment","FAMILY"
""techmasterplus.sudokupuzzlepro","Sudoku Ultimate Offline puzzle","FAMILY"
""com.celticspear.blackies","Cuties","FAMILY"
""com.budgestudios.StrawberryShortcakeBakeShare","Strawberry Shortcake Bake Shop","FAMILY"
""com.bimiboo.adventure","Baby learning games for kids","FAMILY"
""com.eightyeightgames.ymbab","You Must Build A Boat","FAMILY"
""com.imagiration.mita","Language Therapy for Children ","FAMILY"
""com.OskarStalberg.Townscaper","Townscaper","FAMILY"
""com.budgestudios.googleplay.BudgeRacing","Race Craft - Kids Car Games","FAMILY"
""com.arrowstar.FunnyFoodsLite","Educational games for kids 2-4","FAMILY"
""net.speedymind.academy.math.logic.games.kids","Math&Logic games for kids","FAMILY"
""com.budgestudios.HelloKittyLunchBox","Hello Kitty Lunchbox","FAMILY"
""com.tutotoons.app.kpopsiescuteunicornpets","Kpopsies - Hatch Baby Unicorns","FAMILY"
""me.apptivise.vladnikita","Vlad and Niki – games & videos","FAMILY"
""com.gfarm.constructiontruck","Construction Truck Kids Games","FAMILY"
""com.eurotalk.uTalk","uTalk - Learn 150+ Languages","FAMILY"
""net.colorcity.loolookids","LooLoo Kids - Nursery Rhymes","FAMILY"
""smellymoo.sand","sand:box","FAMILY"
""com.tocaboca.tocahairsalon3","Toca Hair Salon 3","FAMILY"
""com.wb.goog.legojurassicworld","LEGO® Jurassic World™","FAMILY"
"