{
    "type": "log",
    "source": "class",
    "method": "getInstance",
    "package_name": "com.fanduel.casino",
    "class_name": "com.google.firebase.analytics.FirebaseAnalytics",
    "timestamp": 1728284035542,
    "ref": "<class: com.google.firebase.analytics.FirebaseAnalytics>",
    "arguments": "{\"0\":\"<instance: android.content.Context, $className: com.casino.template.CasinoApp>\"}",
    "stack_trace": "java.lang.Exception\n\tat com.google.firebase.analytics.FirebaseAnalytics.getInstance(Native Method)\n\tat java.lang.reflect.Method.invoke(Native Method)\n\tat m.tf.f(:com.google.android.gms.dynamite_measurementdynamite@243834029@24.38.34 (190400-0):47)\n\tat m.rp.s(:com.google.android.gms.dynamite_measurementdynamite@243834029@24.38.34 (190400-0):81)\n\tat m.pp.run(:com.google.android.gms.dynamite_measurementdynamite@243834029@24.38.34 (190400-0):2084)\n\tat java.util.concurrent.Executors$RunnableAdapter.call(Executors.java:463)\n\tat java.util.concurrent.FutureTask.run(FutureTask.java:264)\n\tat m.pl.run(:com.google.android.gms.dynamite_measurementdynamite@243834029@24.38.34 (190400-0):48)\n"
},
{
    "type": "log",
    "source": "class",
    "method": "getFirebaseInstanceId",
    "package_name": "com.fanduel.casino",
    "class_name": "com.google.firebase.analytics.FirebaseAnalytics",
    "timestamp": 1728284035549,
    "ref": "com.google.firebase.analytics.FirebaseAnalytics@10d2ae8",
    "arguments": "{}",
    "stack_trace": "java.lang.Exception\n\tat com.google.firebase.analytics.FirebaseAnalytics.getFirebaseInstanceId(Native Method)\n\tat java.lang.reflect.Method.invoke(Native Method)\n\tat m.tf.f(:com.google.android.gms.dynamite_measurementdynamite@243834029@24.38.34 (190400-0):49)\n\tat m.rp.s(:com.google.android.gms.dynamite_measurementdynamite@243834029@24.38.34 (190400-0):81)\n\tat m.pp.run(:com.google.android.gms.dynamite_measurementdynamite@243834029@24.38.34 (190400-0):2084)\n\tat java.util.concurrent.Executors$RunnableAdapter.call(Executors.java:463)\n\tat java.util.concurrent.FutureTask.run(FutureTask.java:264)\n\tat m.pl.run(:com.google.android.gms.dynamite_measurementdynamite@243834029@24.38.34 (190400-0):48)\n"
},
{
    "type": "log",
    "source": "class",
    "method": "getInstance",
    "package_name": "com.fanduel.casino",
    "class_name": "com.google.firebase.analytics.FirebaseAnalytics",
    "timestamp": 1728284036773,
    "ref": "<class: com.google.firebase.analytics.FirebaseAnalytics>",
    "arguments": "{\"0\":\"<instance: android.content.Context, $className: com.casino.template.CasinoApp>\"}",
    "stack_trace": "java.lang.Exception\n\tat com.google.firebase.analytics.FirebaseAnalytics.getInstance(Native Method)\n\tat java.lang.reflect.Method.invoke(Native Method)\n\tat m.tf.f(:com.google.android.gms.dynamite_measurementdynamite@243834029@24.38.34 (190400-0):47)\n\tat m.rp.X(:com.google.android.gms.dynamite_measurementdynamite@243834029@24.38.34 (190400-0):209)\n\tat m.tn.b(:com.google.android.gms.dynamite_measurementdynamite@243834029@24.38.34 (190400-0):70)\n\tat m.tn.a(:com.google.android.gms.dynamite_measurementdynamite@243834029@24.38.34 (190400-0):65)\n\tat m.pp.run(:com.google.android.gms.dynamite_measurementdynamite@243834029@24.38.34 (190400-0):2093)\n\tat java.util.concurrent.Executors$RunnableAdapter.call(Executors.java:463)\n\tat java.util.concurrent.FutureTask.run(FutureTask.java:264)\n\tat m.pl.run(:com.google.android.gms.dynamite_measurementdynamite@243834029@24.38.34 (190400-0):48)\n"
},
{
    "type": "log",
    "source": "class",
    "method": "getFirebaseInstanceId",
    "package_name": "com.fanduel.casino",
    "class_name": "com.google.firebase.analytics.FirebaseAnalytics",
    "timestamp": 1728284036777,
    "ref": "com.google.firebase.analytics.FirebaseAnalytics@10d2ae8",
    "arguments": "{}",
    "stack_trace": "java.lang.Exception\n\tat com.google.firebase.analytics.FirebaseAnalytics.getFirebaseInstanceId(Native Method)\n\tat java.lang.reflect.Method.invoke(Native Method)\n\tat m.tf.f(:com.google.android.gms.dynamite_measurementdynamite@243834029@24.38.34 (190400-0):49)\n\tat m.rp.X(:com.google.android.gms.dynamite_measurementdynamite@243834029@24.38.34 (190400-0):209)\n\tat m.tn.b(:com.google.android.gms.dynamite_measurementdynamite@243834029@24.38.34 (190400-0):70)\n\tat m.tn.a(:com.google.android.gms.dynamite_measurementdynamite@243834029@24.38.34 (190400-0):65)\n\tat m.pp.run(:com.google.android.gms.dynamite_measurementdynamite@243834029@24.38.34 (190400-0):2093)\n\tat java.util.concurrent.Executors$RunnableAdapter.call(Executors.java:463)\n\tat java.util.concurrent.FutureTask.run(FutureTask.java:264)\n\tat m.pl.run(:com.google.android.gms.dynamite_measurementdynamite@243834029@24.38.34 (190400-0):48)\n"
},
{
    "type": "log",
    "source": "class",
    "method": "getScionFrontendApiImplementation",
    "package_name": "com.fanduel.casino",
    "class_name": "com.google.firebase.analytics.FirebaseAnalytics",
    "timestamp": 1728284036859,
    "ref": "<class: com.google.firebase.analytics.FirebaseAnalytics>",
    "arguments": "{\"0\":\"<instance: android.content.Context, $className: com.casino.template.CasinoApp>\",\"1\":null}",
    "stack_trace": "java.lang.Exception\n\tat com.google.firebase.analytics.FirebaseAnalytics.getScionFrontendApiImplementation(Native Method)\n\tat java.lang.reflect.Method.invoke(Native Method)\n\tat com.google.android.gms.measurement.AppMeasurement.zza(SourceFile:13)\n\tat com.google.android.gms.measurement.AppMeasurement.zza(SourceFile:4)\n\tat com.google.android.gms.measurement.AppMeasurement.getInstance(Unknown Source:1)\n\tat com.google.android.gms.tagmanager.zzbo.zzh(Unknown Source:0)\n\tat com.google.android.gms.tagmanager.zzbo.zze(Unknown Source:11)\n\tat com.google.android.gms.tagmanager.TagManagerService.initialize(Unknown Source:0)\n\tat java.lang.reflect.Method.invoke(Native Method)\n\tat m.rp.ab(:com.google.android.gms.dynamite_measurementdynamite@243834029@24.38.34 (190400-0):15)\n\tat m.rp.H(:com.google.android.gms.dynamite_measurementdynamite@243834029@24.38.34 (190400-0):30)\n\tat m.tn.b(:com.google.android.gms.dynamite_measurementdynamite@243834029@24.38.34 (190400-0):123)\n\tat m.tn.a(:com.google.android.gms.dynamite_measurementdynamite@243834029@24.38.34 (190400-0):65)\n\tat m.pp.run(:com.google.android.gms.dynamite_measurementdynamite@243834029@24.38.34 (190400-0):2093)\n\tat java.util.concurrent.Executors$RunnableAdapter.call(Executors.java:463)\n\tat java.util.concurrent.FutureTask.run(FutureTask.java:264)\n\tat m.pl.run(:com.google.android.gms.dynamite_measurementdynamite@243834029@24.38.34 (190400-0):48)\n"
},
{
    "type": "log",
    "source": "class",
    "method": "getInstance",
    "package_name": "com.fanduel.casino",
    "class_name": "com.google.firebase.analytics.FirebaseAnalytics",
    "timestamp": 1728284036893,
    "ref": "<class: com.google.firebase.analytics.FirebaseAnalytics>",
    "arguments": "{\"0\":\"<instance: android.content.Context, $className: com.casino.template.CasinoApp>\"}",
    "stack_trace": "java.lang.Exception\n\tat com.google.firebase.analytics.FirebaseAnalytics.getInstance(Native Method)\n\tat java.lang.reflect.Method.invoke(Native Method)\n\tat m.tf.f(:com.google.android.gms.dynamite_measurementdynamite@243834029@24.38.34 (190400-0):47)\n\tat m.rp.ab(:com.google.android.gms.dynamite_measurementdynamite@243834029@24.38.34 (190400-0):143)\n\tat m.rp.H(:com.google.android.gms.dynamite_measurementdynamite@243834029@24.38.34 (190400-0):30)\n\tat m.tn.b(:com.google.android.gms.dynamite_measurementdynamite@243834029@24.38.34 (190400-0):123)\n\tat m.tn.a(:com.google.android.gms.dynamite_measurementdynamite@243834029@24.38.34 (190400-0):65)\n\tat m.pp.run(:com.google.android.gms.dynamite_measurementdynamite@243834029@24.38.34 (190400-0):2093)\n\tat java.util.concurrent.Executors$RunnableAdapter.call(Executors.java:463)\n\tat java.util.concurrent.FutureTask.run(FutureTask.java:264)\n\tat m.pl.run(:com.google.android.gms.dynamite_measurementdynamite@243834029@24.38.34 (190400-0):48)\n"
},
{
    "type": "log",
    "source": "class",
    "method": "getFirebaseInstanceId",
    "package_name": "com.fanduel.casino",
    "class_name": "com.google.firebase.analytics.FirebaseAnalytics",
    "timestamp": 1728284036896,
    "ref": "com.google.firebase.analytics.FirebaseAnalytics@10d2ae8",
    "arguments": "{}",
    "stack_trace": "java.lang.Exception\n\tat com.google.firebase.analytics.FirebaseAnalytics.getFirebaseInstanceId(Native Method)\n\tat java.lang.reflect.Method.invoke(Native Method)\n\tat m.tf.f(:com.google.android.gms.dynamite_measurementdynamite@243834029@24.38.34 (190400-0):49)\n\tat m.rp.ab(:com.google.android.gms.dynamite_measurementdynamite@243834029@24.38.34 (190400-0):143)\n\tat m.rp.H(:com.google.android.gms.dynamite_measurementdynamite@243834029@24.38.34 (190400-0):30)\n\tat m.tn.b(:com.google.android.gms.dynamite_measurementdynamite@243834029@24.38.34 (190400-0):123)\n\tat m.tn.a(:com.google.android.gms.dynamite_measurementdynamite@243834029@24.38.34 (190400-0):65)\n\tat m.pp.run(:com.google.android.gms.dynamite_measurementdynamite@243834029@24.38.34 (190400-0):2093)\n\tat java.util.concurrent.Executors$RunnableAdapter.call(Executors.java:463)\n\tat java.util.concurrent.FutureTask.run(FutureTask.java:264)\n\tat m.pl.run(:com.google.android.gms.dynamite_measurementdynamite@243834029@24.38.34 (190400-0):48)\n"
},
{
    "type": "log",
    "source": "class",
    "method": "getInstance",
    "package_name": "com.fanduel.casino",
    "class_name": "com.google.firebase.analytics.FirebaseAnalytics",
    "timestamp": 1728284036924,
    "ref": "<class: com.google.firebase.analytics.FirebaseAnalytics>",
    "arguments": "{\"0\":\"<instance: android.content.Context, $className: com.casino.template.CasinoApp>\"}",
    "stack_trace": "java.lang.Exception\n\tat com.google.firebase.analytics.FirebaseAnalytics.getInstance(Native Method)\n\tat java.lang.reflect.Method.invoke(Native Method)\n\tat m.tf.f(:com.google.android.gms.dynamite_measurementdynamite@243834029@24.38.34 (190400-0):47)\n\tat m.tf.s(:com.google.android.gms.dynamite_measurementdynamite@243834029@24.38.34 (190400-0):8)\n\tat m.pp.run(:com.google.android.gms.dynamite_measurementdynamite@243834029@24.38.34 (190400-0):2105)\n\tat java.util.concurrent.Executors$RunnableAdapter.call(Executors.java:463)\n\tat java.util.concurrent.FutureTask.run(FutureTask.java:264)\n\tat m.pl.run(:com.google.android.gms.dynamite_measurementdynamite@243834029@24.38.34 (190400-0):48)\n"
},
{
    "type": "log",
    "source": "class",
    "method": "getFirebaseInstanceId",
    "package_name": "com.fanduel.casino",
    "class_name": "com.google.firebase.analytics.FirebaseAnalytics",
    "timestamp": 1728284036927,
    "ref": "com.google.firebase.analytics.FirebaseAnalytics@10d2ae8",
    "arguments": "{}",
    "stack_trace": "java.lang.Exception\n\tat com.google.firebase.analytics.FirebaseAnalytics.getFirebaseInstanceId(Native Method)\n\tat java.lang.reflect.Method.invoke(Native Method)\n\tat m.tf.f(:com.google.android.gms.dynamite_measurementdynamite@243834029@24.38.34 (190400-0):49)\n\tat m.tf.s(:com.google.android.gms.dynamite_measurementdynamite@243834029@24.38.34 (190400-0):8)\n\tat m.pp.run(:com.google.android.gms.dynamite_measurementdynamite@243834029@24.38.34 (190400-0):2105)\n\tat java.util.concurrent.Executors$RunnableAdapter.call(Executors.java:463)\n\tat java.util.concurrent.FutureTask.run(FutureTask.java:264)\n\tat m.pl.run(:com.google.android.gms.dynamite_measurementdynamite@243834029@24.38.34 (190400-0):48)\n"
},
{
    "type": "log",
    "source": "class",
    "method": "getInstance",
    "package_name": "com.fanduel.casino",
    "class_name": "com.google.firebase.analytics.FirebaseAnalytics",
    "timestamp": 1728284036942,
    "ref": "<class: com.google.firebase.analytics.FirebaseAnalytics>",
    "arguments": "{\"0\":\"<instance: android.content.Context, $className: com.casino.template.CasinoApp>\"}",
    "stack_trace": "java.lang.Exception\n\tat com.google.firebase.analytics.FirebaseAnalytics.getInstance(Native Method)\n\tat java.lang.reflect.Method.invoke(Native Method)\n\tat m.tf.f(:com.google.android.gms.dynamite_measurementdynamite@243834029@24.38.34 (190400-0):47)\n\tat m.tf.G(:com.google.android.gms.dynamite_measurementdynamite@243834029@24.38.34 (190400-0):8)\n\tat m.pp.run(:com.google.android.gms.dynamite_measurementdynamite@243834029@24.38.34 (190400-0):2122)\n\tat java.util.concurrent.Executors$RunnableAdapter.call(Executors.java:463)\n\tat java.util.concurrent.FutureTask.run(FutureTask.java:264)\n\tat m.pl.run(:com.google.android.gms.dynamite_measurementdynamite@243834029@24.38.34 (190400-0):48)\n"
},
{
    "type": "log",
    "source": "class",
    "method": "getFirebaseInstanceId",
    "package_name": "com.fanduel.casino",
    "class_name": "com.google.firebase.analytics.FirebaseAnalytics",
    "timestamp": 1728284036944,
    "ref": "com.google.firebase.analytics.FirebaseAnalytics@10d2ae8",
    "arguments": "{}",
    "stack_trace": "java.lang.Exception\n\tat com.google.firebase.analytics.FirebaseAnalytics.getFirebaseInstanceId(Native Method)\n\tat java.lang.reflect.Method.invoke(Native Method)\n\tat m.tf.f(:com.google.android.gms.dynamite_measurementdynamite@243834029@24.38.34 (190400-0):49)\n\tat m.tf.G(:com.google.android.gms.dynamite_measurementdynamite@243834029@24.38.34 (190400-0):8)\n\tat m.pp.run(:com.google.android.gms.dynamite_measurementdynamite@243834029@24.38.34 (190400-0):2122)\n\tat java.util.concurrent.Executors$RunnableAdapter.call(Executors.java:463)\n\tat java.util.concurrent.FutureTask.run(FutureTask.java:264)\n\tat m.pl.run(:com.google.android.gms.dynamite_measurementdynamite@243834029@24.38.34 (190400-0):48)\n"
},
{
    "type": "log",
    "source": "class",
    "method": "getInstance",
    "package_name": "com.fanduel.casino",
    "class_name": "com.appsflyer.AppsFlyerLib",
    "timestamp": 1728284040332,
    "ref": "<class: com.appsflyer.AppsFlyerLib>",
    "arguments": "{}",
    "stack_trace": "java.lang.Exception\n\tat com.appsflyer.AppsFlyerLib.getInstance(Native Method)\n\tat h8.b.get(Unknown Source:596)\n\tat yg.b.get(Unknown Source:13)\n\tat g8.a.c(Unknown Source:2)\n\tat com.casino.template.CasinoApp.onCreate(Unknown Source:36)\n\tat android.app.Instrumentation.callApplicationOnCreate(Instrumentation.java:1289)\n\tat android.app.ActivityThread.handleBindApplication(ActivityThread.java:7226)\n\tat android.app.ActivityThread.handleBindApplication(Native Method)\n\tat android.app.ActivityThread.-$$Nest$mhandleBindApplication(Unknown Source:0)\n\tat android.app.ActivityThread$H.handleMessage(ActivityThread.java:2241)\n\tat android.os.Handler.dispatchMessage(Handler.java:106)\n\tat android.os.Looper.loopOnce(Looper.java:211)\n\tat android.os.Looper.loop(Looper.java:300)\n\tat android.app.ActivityThread.main(ActivityThread.java:8395)\n\tat java.lang.reflect.Method.invoke(Native Method)\n\tat com.android.internal.os.RuntimeInit$MethodAndArgsCaller.run(RuntimeInit.java:559)\n\tat com.android.internal.os.ZygoteInit.main(ZygoteInit.java:954)\n"
},
{
    "type": "log",
    "source": "class",
    "method": "access$getInstance$cp",
    "package_name": "com.fanduel.casino",
    "class_name": "com.braze.Braze",
    "timestamp": 1728284040338,
    "ref": "<class: com.braze.Braze>",
    "arguments": "{}",
    "stack_trace": "java.lang.Exception\n\tat com.braze.Braze.access$getInstance$cp(Native Method)\n\tat com.braze.Braze$Companion.shouldAllowSingletonInitialization(Unknown Source:0)\n\tat com.braze.Braze$Companion.getInstance(Unknown Source:5)\n\tat h8.b.get(Unknown Source:612)\n\tat yg.b.get(Unknown Source:13)\n\tat g8.a.c(Unknown Source:2)\n\tat com.casino.template.CasinoApp.onCreate(Unknown Source:36)\n\tat android.app.Instrumentation.callApplicationOnCreate(Instrumentation.java:1289)\n\tat android.app.ActivityThread.handleBindApplication(ActivityThread.java:7226)\n\tat android.app.ActivityThread.handleBindApplication(Native Method)\n\tat android.app.ActivityThread.-$$Nest$mhandleBindApplication(Unknown Source:0)\n\tat android.app.ActivityThread$H.handleMessage(ActivityThread.java:2241)\n\tat android.os.Handler.dispatchMessage(Handler.java:106)\n\tat android.os.Looper.loopOnce(Looper.java:211)\n\tat android.os.Looper.loop(Looper.java:300)\n\tat android.app.ActivityThread.main(ActivityThread.java:8395)\n\tat java.lang.reflect.Method.invoke(Native Method)\n\tat com.android.internal.os.RuntimeInit$MethodAndArgsCaller.run(RuntimeInit.java:559)\n\tat com.android.internal.os.ZygoteInit.main(ZygoteInit.java:954)\n"
},
{
    "type": "log",
    "source": "class",
    "method": "access$getBrazeClassLock$cp",
    "package_name": "com.fanduel.casino",
    "class_name": "com.braze.Braze",
    "timestamp": 1728284040342,
    "ref": "<class: com.braze.Braze>",
    "arguments": "{}",
    "stack_trace": "java.lang.Exception\n\tat com.braze.Braze.access$getBrazeClassLock$cp(Native Method)\n\tat com.braze.Braze$Companion.getInstance(Unknown Source:11)\n\tat h8.b.get(Unknown Source:612)\n\tat yg.b.get(Unknown Source:13)\n\tat g8.a.c(Unknown Source:2)\n\tat com.casino.template.CasinoApp.onCreate(Unknown Source:36)\n\tat android.app.Instrumentation.callApplicationOnCreate(Instrumentation.java:1289)\n\tat android.app.ActivityThread.handleBindApplication(ActivityThread.java:7226)\n\tat android.app.ActivityThread.handleBindApplication(Native Method)\n\tat android.app.ActivityThread.-$$Nest$mhandleBindApplication(Unknown Source:0)\n\tat android.app.ActivityThread$H.handleMessage(ActivityThread.java:2241)\n\tat android.os.Handler.dispatchMessage(Handler.java:106)\n\tat android.os.Looper.loopOnce(Looper.java:211)\n\tat android.os.Looper.loop(Looper.java:300)\n\tat android.app.ActivityThread.main(ActivityThread.java:8395)\n\tat java.lang.reflect.Method.invoke(Native Method)\n\tat com.android.internal.os.RuntimeInit$MethodAndArgsCaller.run(RuntimeInit.java:559)\n\tat com.android.internal.os.ZygoteInit.main(ZygoteInit.java:954)\n"
},
{
    "type": "log",
    "source": "class",
    "method": "access$getInstance$cp",
    "package_name": "com.fanduel.casino",
    "class_name": "com.braze.Braze",
    "timestamp": 1728284040347,
    "ref": "<class: com.braze.Braze>",
    "arguments": "{}",
    "stack_trace": "java.lang.Exception\n\tat com.braze.Braze.access$getInstance$cp(Native Method)\n\tat com.braze.Braze$Companion.shouldAllowSingletonInitialization(Unknown Source:0)\n\tat com.braze.Braze$Companion.getInstance(Unknown Source:20)\n\tat h8.b.get(Unknown Source:612)\n\tat yg.b.get(Unknown Source:13)\n\tat g8.a.c(Unknown Source:2)\n\tat com.casino.template.CasinoApp.onCreate(Unknown Source:36)\n\tat android.app.Instrumentation.callApplicationOnCreate(Instrumentation.java:1289)\n\tat android.app.ActivityThread.handleBindApplication(ActivityThread.java:7226)\n\tat android.app.ActivityThread.handleBindApplication(Native Method)\n\tat android.app.ActivityThread.-$$Nest$mhandleBindApplication(Unknown Source:0)\n\tat android.app.ActivityThread$H.handleMessage(ActivityThread.java:2241)\n\tat android.os.Handler.dispatchMessage(Handler.java:106)\n\tat android.os.Looper.loopOnce(Looper.java:211)\n\tat android.os.Looper.loop(Looper.java:300)\n\tat android.app.ActivityThread.main(ActivityThread.java:8395)\n\tat java.lang.reflect.Method.invoke(Native Method)\n\tat com.android.internal.os.RuntimeInit$MethodAndArgsCaller.run(RuntimeInit.java:559)\n\tat com.android.internal.os.ZygoteInit.main(ZygoteInit.java:954)\n"
},
{
    "type": "log",
    "source": "class",
    "method": "setImageLoader",
    "package_name": "com.fanduel.casino",
    "class_name": "com.braze.Braze",
    "timestamp": 1728284040352,
    "ref": "com.braze.Braze@64b68f4",
    "arguments": "{\"0\":\"<instance: com.braze.images.IBrazeImageLoader, $className: com.braze.images.DefaultBrazeImageLoader>\"}",
    "stack_trace": "java.lang.Exception\n\tat com.braze.Braze.setImageLoader(Native Method)\n\tat com.braze.Braze.<init>(Unknown Source:86)\n\tat com.braze.Braze$Companion.getInstance(Unknown Source:28)\n\tat h8.b.get(Unknown Source:612)\n\tat yg.b.get(Unknown Source:13)\n\tat g8.a.c(Unknown Source:2)\n\tat com.casino.template.CasinoApp.onCreate(Unknown Source:36)\n\tat android.app.Instrumentation.callApplicationOnCreate(Instrumentation.java:1289)\n\tat android.app.ActivityThread.handleBindApplication(ActivityThread.java:7226)\n\tat android.app.ActivityThread.handleBindApplication(Native Method)\n\tat android.app.ActivityThread.-$$Nest$mhandleBindApplication(Unknown Source:0)\n\tat android.app.ActivityThread$H.handleMessage(ActivityThread.java:2241)\n\tat android.os.Handler.dispatchMessage(Handler.java:106)\n\tat android.os.Looper.loopOnce(Looper.java:211)\n\tat android.os.Looper.loop(Looper.java:300)\n\tat android.app.ActivityThread.main(ActivityThread.java:8395)\n\tat java.lang.reflect.Method.invoke(Native Method)\n\tat com.android.internal.os.RuntimeInit$MethodAndArgsCaller.run(RuntimeInit.java:559)\n\tat com.android.internal.os.ZygoteInit.main(ZygoteInit.java:954)\n"
},
{
    "type": "log",
    "source": "class",
    "method": "access$getSdkEnablementProvider$cp",
    "package_name": "com.fanduel.casino",
    "class_name": "com.braze.Braze",
    "timestamp": 1728284040356,
    "ref": "<class: com.braze.Braze>",
    "arguments": "{}",
    "stack_trace": "java.lang.Exception\n\tat com.braze.Braze.access$getSdkEnablementProvider$cp(Native Method)\n\tat com.braze.Braze$Companion.getSdkEnablementProvider$android_sdk_base_release(Unknown Source:0)\n\tat com.braze.Braze$Companion.getSdkEnablementProvider(Unknown Source:0)\n\tat com.braze.Braze$Companion.access$getSdkEnablementProvider(Unknown Source:0)\n\tat com.braze.Braze.<init>(Unknown Source:95)\n\tat com.braze.Braze$Companion.getInstance(Unknown Source:28)\n\tat h8.b.get(Unknown Source:612)\n\tat yg.b.get(Unknown Source:13)\n\tat g8.a.c(Unknown Source:2)\n\tat com.casino.template.CasinoApp.onCreate(Unknown Source:36)\n\tat android.app.Instrumentation.callApplicationOnCreate(Instrumentation.java:1289)\n\tat android.app.ActivityThread.handleBindApplication(ActivityThread.java:7226)\n\tat android.app.ActivityThread.handleBindApplication(Native Method)\n\tat android.app.ActivityThread.-$$Nest$mhandleBindApplication(Unknown Source:0)\n\tat android.app.ActivityThread$H.handleMessage(ActivityThread.java:2241)\n\tat android.os.Handler.dispatchMessage(Handler.java:106)\n\tat android.os.Looper.loopOnce(Looper.java:211)\n\tat android.os.Looper.loop(Looper.java:300)\n\tat android.app.ActivityThread.main(ActivityThread.java:8395)\n\tat java.lang.reflect.Method.invoke(Native Method)\n\tat com.android.internal.os.RuntimeInit$MethodAndArgsCaller.run(RuntimeInit.java:559)\n\tat com.android.internal.os.ZygoteInit.main(ZygoteInit.java:954)\n"
},
{
    "type": "log",
    "source": "class",
    "method": "access$setSdkEnablementProvider$cp",
    "package_name": "com.fanduel.casino",
    "class_name": "com.braze.Braze",
    "timestamp": 1728284040362,
    "ref": "<class: com.braze.Braze>",
    "arguments": "{\"0\":\"<instance: bo.app.u70>\"}",
    "stack_trace": "java.lang.Exception\n\tat com.braze.Braze.access$setSdkEnablementProvider$cp(Native Method)\n\tat com.braze.Braze$Companion.setSdkEnablementProvider$android_sdk_base_release(Unknown Source:0)\n\tat com.braze.Braze$Companion.getSdkEnablementProvider(Unknown Source:11)\n\tat com.braze.Braze$Companion.access$getSdkEnablementProvider(Unknown Source:0)\n\tat com.braze.Braze.<init>(Unknown Source:95)\n\tat com.braze.Braze$Companion.getInstance(Unknown Source:28)\n\tat h8.b.get(Unknown Source:612)\n\tat yg.b.get(Unknown Source:13)\n\tat g8.a.c(Unknown Source:2)\n\tat com.casino.template.CasinoApp.onCreate(Unknown Source:36)\n\tat android.app.Instrumentation.callApplicationOnCreate(Instrumentation.java:1289)\n\tat android.app.ActivityThread.handleBindApplication(ActivityThread.java:7226)\n\tat android.app.ActivityThread.handleBindApplication(Native Method)\n\tat android.app.ActivityThread.-$$Nest$mhandleBindApplication(Unknown Source:0)\n\tat android.app.ActivityThread$H.handleMessage(ActivityThread.java:2241)\n\tat android.os.Handler.dispatchMessage(Handler.java:106)\n\tat android.os.Looper.loopOnce(Looper.java:211)\n\tat android.os.Looper.loop(Looper.java:300)\n\tat android.app.ActivityThread.main(ActivityThread.java:8395)\n\tat java.lang.reflect.Method.invoke(Native Method)\n\tat com.android.internal.os.RuntimeInit$MethodAndArgsCaller.run(RuntimeInit.java:559)\n\tat com.android.internal.os.ZygoteInit.main(ZygoteInit.java:954)\n"
},
{
    "type": "log",
    "source": "class",
    "method": "run$android_sdk_base_release",
    "package_name": "com.fanduel.casino",
    "class_name": "com.braze.Braze",
    "timestamp": 1728284040367,
    "ref": "com.braze.Braze@64b68f4",
    "arguments": "{\"0\":\"<instance: kotlin.jvm.functions.Function0, $className: bo.app.c0>\",\"1\":false,\"2\":false,\"3\":\"<instance: kotlin.jvm.functions.Function0, $className: com.braze.a>\"}",
    "stack_trace": "java.lang.Exception\n\tat com.braze.Braze.run$android_sdk_base_release(Native Method)\n\tat com.braze.Braze.<init>(Unknown Source:127)\n\tat com.braze.Braze$Companion.getInstance(Unknown Source:28)\n\tat h8.b.get(Unknown Source:612)\n\tat yg.b.get(Unknown Source:13)\n\tat g8.a.c(Unknown Source:2)\n\tat com.casino.template.CasinoApp.onCreate(Unknown Source:36)\n\tat android.app.Instrumentation.callApplicationOnCreate(Instrumentation.java:1289)\n\tat android.app.ActivityThread.handleBindApplication(ActivityThread.java:7226)\n\tat android.app.ActivityThread.handleBindApplication(Native Method)\n\tat android.app.ActivityThread.-$$Nest$mhandleBindApplication(Unknown Source:0)\n\tat android.app.ActivityThread$H.handleMessage(ActivityThread.java:2241)\n\tat android.os.Handler.dispatchMessage(Handler.java:106)\n\tat android.os.Looper.loopOnce(Looper.java:211)\n\tat android.os.Looper.loop(Looper.java:300)\n\tat android.app.ActivityThread.main(ActivityThread.java:8395)\n\tat java.lang.reflect.Method.invoke(Native Method)\n\tat com.android.internal.os.RuntimeInit$MethodAndArgsCaller.run(RuntimeInit.java:559)\n\tat com.android.internal.os.ZygoteInit.main(ZygoteInit.java:954)\n"
},
{
    "type": "log",
    "source": "class",
    "method": "applyPendingRuntimeConfiguration$android_sdk_base_release",
    "package_name": "com.fanduel.casino",
    "class_name": "com.braze.Braze",
    "timestamp": 1728284040373,
    "ref": "com.braze.Braze@64b68f4",
    "arguments": "{}",
    "stack_trace": "java.lang.Exception\n\tat com.braze.Braze.applyPendingRuntimeConfiguration$android_sdk_base_release(Native Method)\n\tat com.braze.a.invoke(Unknown Source:6)\n\tat bo.app.e6.invokeSuspend(Unknown Source:42)\n\tat nj.a.resumeWith(Unknown Source:12)\n\tat jm.m0.run(Unknown Source:118)\n\tat jm.x0.i0(Unknown Source:138)\n\tat ab.b.w0(Unknown Source:67)\n\tat bo.app.f6.invokeSuspend(Unknown Source:20)\n\tat nj.a.resumeWith(Unknown Source:12)\n\tat jm.m0.run(Unknown Source:118)\n\tat java.util.concurrent.ThreadPoolExecutor.runWorker(ThreadPoolExecutor.java:1137)\n\tat java.util.concurrent.ThreadPoolExecutor$Worker.run(ThreadPoolExecutor.java:637)\n\tat java.lang.Thread.run(Thread.java:1012)\n"
},
{
    "type": "log",
    "source": "class",
    "method": "access$setInstanceStopped$p",
    "package_name": "com.fanduel.casino",
    "class_name": "com.braze.Braze",
    "timestamp": 1728284040373,
    "ref": "<class: com.braze.Braze>",
    "arguments": "{\"0\":\"<instance: com.braze.Braze>\",\"1\":false}",
    "stack_trace": "java.lang.Exception\n\tat com.braze.Braze.access$setInstanceStopped$p(Native Method)\n\tat com.braze.Braze$Companion.getInstance(Unknown Source:32)\n\tat h8.b.get(Unknown Source:612)\n\tat yg.b.get(Unknown Source:13)\n\tat g8.a.c(Unknown Source:2)\n\tat com.casino.template.CasinoApp.onCreate(Unknown Source:36)\n\tat android.app.Instrumentation.callApplicationOnCreate(Instrumentation.java:1289)\n\tat android.app.ActivityThread.handleBindApplication(ActivityThread.java:7226)\n\tat android.app.ActivityThread.handleBindApplication(Native Method)\n\tat android.app.ActivityThread.-$$Nest$mhandleBindApplication(Unknown Source:0)\n\tat android.app.ActivityThread$H.handleMessage(ActivityThread.java:2241)\n\tat android.os.Handler.dispatchMessage(Handler.java:106)\n\tat android.os.Looper.loopOnce(Looper.java:211)\n\tat android.os.Looper.loop(Looper.java:300)\n\tat android.app.ActivityThread.main(ActivityThread.java:8395)\n\tat java.lang.reflect.Method.invoke(Native Method)\n\tat com.android.internal.os.RuntimeInit$MethodAndArgsCaller.run(RuntimeInit.java:559)\n\tat com.android.internal.os.ZygoteInit.main(ZygoteInit.java:954)\n"
},
{
    "type": "log",
    "source": "class",
    "method": "access$setInstance$cp",
    "package_name": "com.fanduel.casino",
    "class_name": "com.braze.Braze",
    "timestamp": 1728284040377,
    "ref": "<class: com.braze.Braze>",
    "arguments": "{\"0\":\"<instance: com.braze.Braze>\"}",
    "stack_trace": "java.lang.Exception\n\tat com.braze.Braze.access$setInstance$cp(Native Method)\n\tat com.braze.Braze$Companion.getInstance(Unknown Source:35)\n\tat h8.b.get(Unknown Source:612)\n\tat yg.b.get(Unknown Source:13)\n\tat g8.a.c(Unknown Source:2)\n\tat com.casino.template.CasinoApp.onCreate(Unknown Source:36)\n\tat android.app.Instrumentation.callApplicationOnCreate(Instrumentation.java:1289)\n\tat android.app.ActivityThread.handleBindApplication(ActivityThread.java:7226)\n\tat android.app.ActivityThread.handleBindApplication(Native Method)\n\tat android.app.ActivityThread.-$$Nest$mhandleBindApplication(Unknown Source:0)\n\tat android.app.ActivityThread$H.handleMessage(ActivityThread.java:2241)\n\tat android.os.Handler.dispatchMessage(Handler.java:106)\n\tat android.os.Looper.loopOnce(Looper.java:211)\n\tat android.os.Looper.loop(Looper.java:300)\n\tat android.app.ActivityThread.main(ActivityThread.java:8395)\n\tat java.lang.reflect.Method.invoke(Native Method)\n\tat com.android.internal.os.RuntimeInit$MethodAndArgsCaller.run(RuntimeInit.java:559)\n\tat com.android.internal.os.ZygoteInit.main(ZygoteInit.java:954)\n"
},
{
    "type": "log",
    "source": "class",
    "method": "getInstance",
    "package_name": "com.fanduel.casino",
    "class_name": "com.google.firebase.analytics.FirebaseAnalytics",
    "timestamp": 1728284040381,
    "ref": "<class: com.google.firebase.analytics.FirebaseAnalytics>",
    "arguments": "{\"0\":\"<instance: android.content.Context, $className: com.casino.template.CasinoApp>\"}",
    "stack_trace": "java.lang.Exception\n\tat com.google.firebase.analytics.FirebaseAnalytics.getInstance(Native Method)\n\tat h8.b.get(Unknown Source:621)\n\tat yg.b.get(Unknown Source:13)\n\tat g8.a.c(Unknown Source:2)\n\tat com.casino.template.CasinoApp.onCreate(Unknown Source:36)\n\tat android.app.Instrumentation.callApplicationOnCreate(Instrumentation.java:1289)\n\tat android.app.ActivityThread.handleBindApplication(ActivityThread.java:7226)\n\tat android.app.ActivityThread.handleBindApplication(Native Method)\n\tat android.app.ActivityThread.-$$Nest$mhandleBindApplication(Unknown Source:0)\n\tat android.app.ActivityThread$H.handleMessage(ActivityThread.java:2241)\n\tat android.os.Handler.dispatchMessage(Handler.java:106)\n\tat android.os.Looper.loopOnce(Looper.java:211)\n\tat android.os.Looper.loop(Looper.java:300)\n\tat android.app.ActivityThread.main(ActivityThread.java:8395)\n\tat java.lang.reflect.Method.invoke(Native Method)\n\tat com.android.internal.os.RuntimeInit$MethodAndArgsCaller.run(RuntimeInit.java:559)\n\tat com.android.internal.os.ZygoteInit.main(ZygoteInit.java:954)\n"
},
{
    "type": "log",
    "source": "class",
    "method": "access$getApplicationContext$p",
    "package_name": "com.fanduel.casino",
    "class_name": "com.braze.Braze",
    "timestamp": 1728284040384,
    "ref": "<class: com.braze.Braze>",
    "arguments": "{\"0\":\"<instance: com.braze.Braze>\"}",
    "stack_trace": "java.lang.Exception\n\tat com.braze.Braze.access$getApplicationContext$p(Native Method)\n\tat com.braze.a.invoke(Unknown Source:15)\n\tat bo.app.e6.invokeSuspend(Unknown Source:42)\n\tat nj.a.resumeWith(Unknown Source:12)\n\tat jm.m0.run(Unknown Source:118)\n\tat jm.x0.i0(Unknown Source:138)\n\tat ab.b.w0(Unknown Source:67)\n\tat bo.app.f6.invokeSuspend(Unknown Source:20)\n\tat nj.a.resumeWith(Unknown Source:12)\n\tat jm.m0.run(Unknown Source:118)\n\tat java.util.concurrent.ThreadPoolExecutor.runWorker(ThreadPoolExecutor.java:1137)\n\tat java.util.concurrent.ThreadPoolExecutor$Worker.run(ThreadPoolExecutor.java:637)\n\tat java.lang.Thread.run(Thread.java:1012)\n"
},
{
    "type": "log",
    "source": "class",
    "method": "setConfigurationProvider$android_sdk_base_release",
    "package_name": "com.fanduel.casino",
    "class_name": "com.braze.Braze",
    "timestamp": 1728284040391,
    "ref": "com.braze.Braze@64b68f4",
    "arguments": "{\"0\":\"<instance: com.braze.configuration.BrazeConfigurationProvider>\"}",
    "stack_trace": "java.lang.Exception\n\tat com.braze.Braze.setConfigurationProvider$android_sdk_base_release(Native Method)\n\tat com.braze.a.invoke(Unknown Source:22)\n\tat bo.app.e6.invokeSuspend(Unknown Source:42)\n\tat nj.a.resumeWith(Unknown Source:12)\n\tat jm.m0.run(Unknown Source:118)\n\tat jm.x0.i0(Unknown Source:138)\n\tat ab.b.w0(Unknown Source:67)\n\tat bo.app.f6.invokeSuspend(Unknown Source:20)\n\tat nj.a.resumeWith(Unknown Source:12)\n\tat jm.m0.run(Unknown Source:118)\n\tat java.util.concurrent.ThreadPoolExecutor.runWorker(ThreadPoolExecutor.java:1137)\n\tat java.util.concurrent.ThreadPoolExecutor$Worker.run(ThreadPoolExecutor.java:637)\n\tat java.lang.Thread.run(Thread.java:1012)\n"
},
{
    "type": "log",
    "source": "class",
    "method": "getConfigurationProvider$android_sdk_base_release",
    "package_name": "com.fanduel.casino",
    "class_name": "com.braze.Braze",
    "timestamp": 1728284040397,
    "ref": "com.braze.Braze@64b68f4",
    "arguments": "{}",
    "stack_trace": "java.lang.Exception\n\tat com.braze.Braze.getConfigurationProvider$android_sdk_base_release(Native Method)\n\tat com.braze.a.invoke(Unknown Source:29)\n\tat bo.app.e6.invokeSuspend(Unknown Source:42)\n\tat nj.a.resumeWith(Unknown Source:12)\n\tat jm.m0.run(Unknown Source:118)\n\tat jm.x0.i0(Unknown Source:138)\n\tat ab.b.w0(Unknown Source:67)\n\tat bo.app.f6.invokeSuspend(Unknown Source:20)\n\tat nj.a.resumeWith(Unknown Source:12)\n\tat jm.m0.run(Unknown Source:118)\n\tat java.util.concurrent.ThreadPoolExecutor.runWorker(ThreadPoolExecutor.java:1137)\n\tat java.util.concurrent.ThreadPoolExecutor$Worker.run(ThreadPoolExecutor.java:637)\n\tat java.lang.Thread.run(Thread.java:1012)\n"
},
{
    "type": "log",
    "source": "class",
    "method": "setApiKeyPresent$android_sdk_base_release",
    "package_name": "com.fanduel.casino",
    "class_name": "com.braze.Braze",
    "timestamp": 1728284040404,
    "ref": "com.braze.Braze@64b68f4",
    "arguments": "{\"0\":\"<instance: java.lang.Boolean>\"}",
    "stack_trace": "java.lang.Exception\n\tat com.braze.Braze.setApiKeyPresent$android_sdk_base_release(Native Method)\n\tat com.braze.a.invoke(Unknown Source:56)\n\tat bo.app.e6.invokeSuspend(Unknown Source:42)\n\tat nj.a.resumeWith(Unknown Source:12)\n\tat jm.m0.run(Unknown Source:118)\n\tat jm.x0.i0(Unknown Source:138)\n\tat ab.b.w0(Unknown Source:67)\n\tat bo.app.f6.invokeSuspend(Unknown Source:20)\n\tat nj.a.resumeWith(Unknown Source:12)\n\tat jm.m0.run(Unknown Source:118)\n\tat java.util.concurrent.ThreadPoolExecutor.runWorker(ThreadPoolExecutor.java:1137)\n\tat java.util.concurrent.ThreadPoolExecutor$Worker.run(ThreadPoolExecutor.java:637)\n\tat java.lang.Thread.run(Thread.java:1012)\n"
},
{
    "type": "log",
    "source": "class",
    "method": "getConfigurationProvider$android_sdk_base_release",
    "package_name": "com.fanduel.casino",
    "class_name": "com.braze.Braze",
    "timestamp": 1728284040408,
    "ref": "com.braze.Braze@64b68f4",
    "arguments": "{}",
    "stack_trace": "java.lang.Exception\n\tat com.braze.Braze.getConfigurationProvider$android_sdk_base_release(Native Method)\n\tat com.braze.a.invoke(Unknown Source:61)\n\tat bo.app.e6.invokeSuspend(Unknown Source:42)\n\tat nj.a.resumeWith(Unknown Source:12)\n\tat jm.m0.run(Unknown Source:118)\n\tat jm.x0.i0(Unknown Source:138)\n\tat ab.b.w0(Unknown Source:67)\n\tat bo.app.f6.invokeSuspend(Unknown Source:20)\n\tat nj.a.resumeWith(Unknown Source:12)\n\tat jm.m0.run(Unknown Source:118)\n\tat java.util.concurrent.ThreadPoolExecutor.runWorker(ThreadPoolExecutor.java:1137)\n\tat java.util.concurrent.ThreadPoolExecutor$Worker.run(ThreadPoolExecutor.java:637)\n\tat java.lang.Thread.run(Thread.java:1012)\n"
},
{
    "type": "log",
    "source": "class",
    "method": "access$getSdkEnablementProvider$cp",
    "package_name": "com.fanduel.casino",
    "class_name": "com.braze.Braze",
    "timestamp": 1728284040423,
    "ref": "<class: com.braze.Braze>",
    "arguments": "{}",
    "stack_trace": "java.lang.Exception\n\tat com.braze.Braze.access$getSdkEnablementProvider$cp(Native Method)\n\tat com.braze.Braze$Companion.getSdkEnablementProvider$android_sdk_base_release(Unknown Source:0)\n\tat com.braze.Braze$Companion.getSdkEnablementProvider(Unknown Source:0)\n\tat com.braze.Braze$Companion.access$getSdkEnablementProvider(Unknown Source:0)\n\tat com.braze.a.invoke(Unknown Source:78)\n\tat bo.app.e6.invokeSuspend(Unknown Source:42)\n\tat nj.a.resumeWith(Unknown Source:12)\n\tat jm.m0.run(Unknown Source:118)\n\tat jm.x0.i0(Unknown Source:138)\n\tat ab.b.w0(Unknown Source:67)\n\tat bo.app.f6.invokeSuspend(Unknown Source:20)\n\tat nj.a.resumeWith(Unknown Source:12)\n\tat jm.m0.run(Unknown Source:118)\n\tat java.util.concurrent.ThreadPoolExecutor.runWorker(ThreadPoolExecutor.java:1137)\n\tat java.util.concurrent.ThreadPoolExecutor$Worker.run(ThreadPoolExecutor.java:637)\n\tat java.lang.Thread.run(Thread.java:1012)\n"
},
{
    "type": "log",
    "source": "class",
    "method": "access$getApplicationContext$p",
    "package_name": "com.fanduel.casino",
    "class_name": "com.braze.Braze",
    "timestamp": 1728284040428,
    "ref": "<class: com.braze.Braze>",
    "arguments": "{\"0\":\"<instance: com.braze.Braze>\"}",
    "stack_trace": "java.lang.Exception\n\tat com.braze.Braze.access$getApplicationContext$p(Native Method)\n\tat com.braze.a.invoke(Unknown Source:95)\n\tat bo.app.e6.invokeSuspend(Unknown Source:42)\n\tat nj.a.resumeWith(Unknown Source:12)\n\tat jm.m0.run(Unknown Source:118)\n\tat jm.x0.i0(Unknown Source:138)\n\tat ab.b.w0(Unknown Source:67)\n\tat bo.app.f6.invokeSuspend(Unknown Source:20)\n\tat nj.a.resumeWith(Unknown Source:12)\n\tat jm.m0.run(Unknown Source:118)\n\tat java.util.concurrent.ThreadPoolExecutor.runWorker(ThreadPoolExecutor.java:1137)\n\tat java.util.concurrent.ThreadPoolExecutor$Worker.run(ThreadPoolExecutor.java:637)\n\tat java.lang.Thread.run(Thread.java:1012)\n"
},
{
    "type": "log",
    "source": "class",
    "method": "getConfigurationProvider$android_sdk_base_release",
    "package_name": "com.fanduel.casino",
    "class_name": "com.braze.Braze",
    "timestamp": 1728284040431,
    "ref": "com.braze.Braze@64b68f4",
    "arguments": "{}",
    "stack_trace": "java.lang.Exception\n\tat com.braze.Braze.getConfigurationProvider$android_sdk_base_release(Native Method)\n\tat com.braze.a.invoke(Unknown Source:101)\n\tat bo.app.e6.invokeSuspend(Unknown Source:42)\n\tat nj.a.resumeWith(Unknown Source:12)\n\tat jm.m0.run(Unknown Source:118)\n\tat jm.x0.i0(Unknown Source:138)\n\tat ab.b.w0(Unknown Source:67)\n\tat bo.app.f6.invokeSuspend(Unknown Source:20)\n\tat nj.a.resumeWith(Unknown Source:12)\n\tat jm.m0.run(Unknown Source:118)\n\tat java.util.concurrent.ThreadPoolExecutor.runWorker(ThreadPoolExecutor.java:1137)\n\tat java.util.concurrent.ThreadPoolExecutor$Worker.run(ThreadPoolExecutor.java:637)\n\tat java.lang.Thread.run(Thread.java:1012)\n"
},
{
    "type": "log",
    "source": "class",
    "method": "setPushDeliveryManager$android_sdk_base_release",
    "package_name": "com.fanduel.casino",
    "class_name": "com.braze.Braze",
    "timestamp": 1728284040442,
    "ref": "com.braze.Braze@64b68f4",
    "arguments": "{\"0\":\"<instance: bo.app.a50>\"}",
    "stack_trace": "java.lang.Exception\n\tat com.braze.Braze.setPushDeliveryManager$android_sdk_base_release(Native Method)\n\tat com.braze.a.invoke(Unknown Source:114)\n\tat bo.app.e6.invokeSuspend(Unknown Source:42)\n\tat nj.a.resumeWith(Unknown Source:12)\n\tat jm.m0.run(Unknown Source:118)\n\tat jm.x0.i0(Unknown Source:138)\n\tat ab.b.w0(Unknown Source:67)\n\tat bo.app.f6.invokeSuspend(Unknown Source:20)\n\tat nj.a.resumeWith(Unknown Source:12)\n\tat jm.m0.run(Unknown Source:118)\n\tat java.util.concurrent.ThreadPoolExecutor.runWorker(ThreadPoolExecutor.java:1137)\n\tat java.util.concurrent.ThreadPoolExecutor$Worker.run(ThreadPoolExecutor.java:637)\n\tat java.lang.Thread.run(Thread.java:1012)\n"
},
{
    "type": "log",
    "source": "class",
    "method": "access$getApplicationContext$p",
    "package_name": "com.fanduel.casino",
    "class_name": "com.braze.Braze",
    "timestamp": 1728284040446,
    "ref": "<class: com.braze.Braze>",
    "arguments": "{\"0\":\"<instance: com.braze.Braze>\"}",
    "stack_trace": "java.lang.Exception\n\tat com.braze.Braze.access$getApplicationContext$p(Native Method)\n\tat com.braze.a.invoke(Unknown Source:121)\n\tat bo.app.e6.invokeSuspend(Unknown Source:42)\n\tat nj.a.resumeWith(Unknown Source:12)\n\tat jm.m0.run(Unknown Source:118)\n\tat jm.x0.i0(Unknown Source:138)\n\tat ab.b.w0(Unknown Source:67)\n\tat bo.app.f6.invokeSuspend(Unknown Source:20)\n\tat nj.a.resumeWith(Unknown Source:12)\n\tat jm.m0.run(Unknown Source:118)\n\tat java.util.concurrent.ThreadPoolExecutor.runWorker(ThreadPoolExecutor.java:1137)\n\tat java.util.concurrent.ThreadPoolExecutor$Worker.run(ThreadPoolExecutor.java:637)\n\tat java.lang.Thread.run(Thread.java:1012)\n"
},
{
    "type": "log",
    "source": "class",
    "method": "setDeviceIdProvider$android_sdk_base_release",
    "package_name": "com.fanduel.casino",
    "class_name": "com.braze.Braze",
    "timestamp": 1728284040452,
    "ref": "com.braze.Braze@64b68f4",
    "arguments": "{\"0\":\"<instance: bo.app.zy, $className: bo.app.zp>\"}",
    "stack_trace": "java.lang.Exception\n\tat com.braze.Braze.setDeviceIdProvider$android_sdk_base_release(Native Method)\n\tat com.braze.a.invoke(Unknown Source:128)\n\tat bo.app.e6.invokeSuspend(Unknown Source:42)\n\tat nj.a.resumeWith(Unknown Source:12)\n\tat jm.m0.run(Unknown Source:118)\n\tat jm.x0.i0(Unknown Source:138)\n\tat ab.b.w0(Unknown Source:67)\n\tat bo.app.f6.invokeSuspend(Unknown Source:20)\n\tat nj.a.resumeWith(Unknown Source:12)\n\tat jm.m0.run(Unknown Source:118)\n\tat java.util.concurrent.ThreadPoolExecutor.runWorker(ThreadPoolExecutor.java:1137)\n\tat java.util.concurrent.ThreadPoolExecutor$Worker.run(ThreadPoolExecutor.java:637)\n\tat java.lang.Thread.run(Thread.java:1012)\n"
},
{
    "type": "log",
    "source": "class",
    "method": "access$getApplicationContext$p",
    "package_name": "com.fanduel.casino",
    "class_name": "com.braze.Braze",
    "timestamp": 1728284040455,
    "ref": "<class: com.braze.Braze>",
    "arguments": "{\"0\":\"<instance: com.braze.Braze>\"}",
    "stack_trace": "java.lang.Exception\n\tat com.braze.Braze.access$getApplicationContext$p(Native Method)\n\tat com.braze.a.invoke(Unknown Source:135)\n\tat bo.app.e6.invokeSuspend(Unknown Source:42)\n\tat nj.a.resumeWith(Unknown Source:12)\n\tat jm.m0.run(Unknown Source:118)\n\tat jm.x0.i0(Unknown Source:138)\n\tat ab.b.w0(Unknown Source:67)\n\tat bo.app.f6.invokeSuspend(Unknown Source:20)\n\tat nj.a.resumeWith(Unknown Source:12)\n\tat jm.m0.run(Unknown Source:118)\n\tat java.util.concurrent.ThreadPoolExecutor.runWorker(ThreadPoolExecutor.java:1137)\n\tat java.util.concurrent.ThreadPoolExecutor$Worker.run(ThreadPoolExecutor.java:637)\n\tat java.lang.Thread.run(Thread.java:1012)\n"
},
{
    "type": "log",
    "source": "class",
    "method": "access$setOfflineUserStorageProvider$p",
    "package_name": "com.fanduel.casino",
    "class_name": "com.braze.Braze",
    "timestamp": 1728284040459,
    "ref": "<class: com.braze.Braze>",
    "arguments": "{\"0\":\"<instance: com.braze.Braze>\",\"1\":\"<instance: bo.app.m30>\"}",
    "stack_trace": "java.lang.Exception\n\tat com.braze.Braze.access$setOfflineUserStorageProvider$p(Native Method)\n\tat com.braze.a.invoke(Unknown Source:142)\n\tat bo.app.e6.invokeSuspend(Unknown Source:42)\n\tat nj.a.resumeWith(Unknown Source:12)\n\tat jm.m0.run(Unknown Source:118)\n\tat jm.x0.i0(Unknown Source:138)\n\tat ab.b.w0(Unknown Source:67)\n\tat bo.app.f6.invokeSuspend(Unknown Source:20)\n\tat nj.a.resumeWith(Unknown Source:12)\n\tat jm.m0.run(Unknown Source:118)\n\tat java.util.concurrent.ThreadPoolExecutor.runWorker(ThreadPoolExecutor.java:1137)\n\tat java.util.concurrent.ThreadPoolExecutor$Worker.run(ThreadPoolExecutor.java:637)\n\tat java.lang.Thread.run(Thread.java:1012)\n"
},
{
    "type": "log",
    "source": "class",
    "method": "access$getApplicationContext$p",
    "package_name": "com.fanduel.casino",
    "class_name": "com.braze.Braze",
    "timestamp": 1728284040463,
    "ref": "<class: com.braze.Braze>",
    "arguments": "{\"0\":\"<instance: com.braze.Braze>\"}",
    "stack_trace": "java.lang.Exception\n\tat com.braze.Braze.access$getApplicationContext$p(Native Method)\n\tat com.braze.a.invoke(Unknown Source:149)\n\tat bo.app.e6.invokeSuspend(Unknown Source:42)\n\tat nj.a.resumeWith(Unknown Source:12)\n\tat jm.m0.run(Unknown Source:118)\n\tat jm.x0.i0(Unknown Source:138)\n\tat ab.b.w0(Unknown Source:67)\n\tat bo.app.f6.invokeSuspend(Unknown Source:20)\n\tat nj.a.resumeWith(Unknown Source:12)\n\tat jm.m0.run(Unknown Source:118)\n\tat java.util.concurrent.ThreadPoolExecutor.runWorker(ThreadPoolExecutor.java:1137)\n\tat java.util.concurrent.ThreadPoolExecutor$Worker.run(ThreadPoolExecutor.java:637)\n\tat java.lang.Thread.run(Thread.java:1012)\n"
},
{
    "type": "log",
    "source": "class",
    "method": "getConfigurationProvider$android_sdk_base_release",
    "package_name": "com.fanduel.casino",
    "class_name": "com.braze.Braze",
    "timestamp": 1728284040466,
    "ref": "com.braze.Braze@64b68f4",
    "arguments": "{}",
    "stack_trace": "java.lang.Exception\n\tat com.braze.Braze.getConfigurationProvider$android_sdk_base_release(Native Method)\n\tat com.braze.a.invoke(Unknown Source:155)\n\tat bo.app.e6.invokeSuspend(Unknown Source:42)\n\tat nj.a.resumeWith(Unknown Source:12)\n\tat jm.m0.run(Unknown Source:118)\n\tat jm.x0.i0(Unknown Source:138)\n\tat ab.b.w0(Unknown Source:67)\n\tat bo.app.f6.invokeSuspend(Unknown Source:20)\n\tat nj.a.resumeWith(Unknown Source:12)\n\tat jm.m0.run(Unknown Source:118)\n\tat java.util.concurrent.ThreadPoolExecutor.runWorker(ThreadPoolExecutor.java:1137)\n\tat java.util.concurrent.ThreadPoolExecutor$Worker.run(ThreadPoolExecutor.java:637)\n\tat java.lang.Thread.run(Thread.java:1012)\n"
},
{
    "type": "log",
    "source": "class",
    "method": "access$setRegistrationDataProvider$p",
    "package_name": "com.fanduel.casino",
    "class_name": "com.braze.Braze",
    "timestamp": 1728284040472,
    "ref": "<class: com.braze.Braze>",
    "arguments": "{\"0\":\"<instance: com.braze.Braze>\",\"1\":\"<instance: bo.app.jz, $className: bo.app.q50>\"}",
    "stack_trace": "java.lang.Exception\n\tat com.braze.Braze.access$setRegistrationDataProvider$p(Native Method)\n\tat com.braze.a.invoke(Unknown Source:162)\n\tat bo.app.e6.invokeSuspend(Unknown Source:42)\n\tat nj.a.resumeWith(Unknown Source:12)\n\tat jm.m0.run(Unknown Source:118)\n\tat jm.x0.i0(Unknown Source:138)\n\tat ab.b.w0(Unknown Source:67)\n\tat bo.app.f6.invokeSuspend(Unknown Source:20)\n\tat nj.a.resumeWith(Unknown Source:12)\n\tat jm.m0.run(Unknown Source:118)\n\tat java.util.concurrent.ThreadPoolExecutor.runWorker(ThreadPoolExecutor.java:1137)\n\tat java.util.concurrent.ThreadPoolExecutor$Worker.run(ThreadPoolExecutor.java:637)\n\tat java.lang.Thread.run(Thread.java:1012)\n"
},
{
    "type": "log",
    "source": "class",
    "method": "getConfigurationProvider$android_sdk_base_release",
    "package_name": "com.fanduel.casino",
    "class_name": "com.braze.Braze",
    "timestamp": 1728284040476,
    "ref": "com.braze.Braze@64b68f4",
    "arguments": "{}",
    "stack_trace": "java.lang.Exception\n\tat com.braze.Braze.getConfigurationProvider$android_sdk_base_release(Native Method)\n\tat com.braze.a.invoke(Unknown Source:167)\n\tat bo.app.e6.invokeSuspend(Unknown Source:42)\n\tat nj.a.resumeWith(Unknown Source:12)\n\tat jm.m0.run(Unknown Source:118)\n\tat jm.x0.i0(Unknown Source:138)\n\tat ab.b.w0(Unknown Source:67)\n\tat bo.app.f6.invokeSuspend(Unknown Source:20)\n\tat nj.a.resumeWith(Unknown Source:12)\n\tat jm.m0.run(Unknown Source:118)\n\tat java.util.concurrent.ThreadPoolExecutor.runWorker(ThreadPoolExecutor.java:1137)\n\tat java.util.concurrent.ThreadPoolExecutor$Worker.run(ThreadPoolExecutor.java:637)\n\tat java.lang.Thread.run(Thread.java:1012)\n"
},
{
    "type": "log",
    "source": "class",
    "method": "getConfigurationProvider$android_sdk_base_release",
    "package_name": "com.fanduel.casino",
    "class_name": "com.braze.Braze",
    "timestamp": 1728284040481,
    "ref": "com.braze.Braze@64b68f4",
    "arguments": "{}",
    "stack_trace": "java.lang.Exception\n\tat com.braze.Braze.getConfigurationProvider$android_sdk_base_release(Native Method)\n\tat com.braze.a.invoke(Unknown Source:186)\n\tat bo.app.e6.invokeSuspend(Unknown Source:42)\n\tat nj.a.resumeWith(Unknown Source:12)\n\tat jm.m0.run(Unknown Source:118)\n\tat jm.x0.i0(Unknown Source:138)\n\tat ab.b.w0(Unknown Source:67)\n\tat bo.app.f6.invokeSuspend(Unknown Source:20)\n\tat nj.a.resumeWith(Unknown Source:12)\n\tat jm.m0.run(Unknown Source:118)\n\tat java.util.concurrent.ThreadPoolExecutor.runWorker(ThreadPoolExecutor.java:1137)\n\tat java.util.concurrent.ThreadPoolExecutor$Worker.run(ThreadPoolExecutor.java:637)\n\tat java.lang.Thread.run(Thread.java:1012)\n"
},
{
    "type": "log",
    "source": "class",
    "method": "access$getEndpointProviderLock$cp",
    "package_name": "com.fanduel.casino",
    "class_name": "com.braze.Braze",
    "timestamp": 1728284040484,
    "ref": "<class: com.braze.Braze>",
    "arguments": "{}",
    "stack_trace": "java.lang.Exception\n\tat com.braze.Braze.access$getEndpointProviderLock$cp(Native Method)\n\tat com.braze.Braze$Companion.setConfiguredCustomEndpoint$android_sdk_base_release(Unknown Source:0)\n\tat com.braze.a.invoke(Unknown Source:194)\n\tat bo.app.e6.invokeSuspend(Unknown Source:42)\n\tat nj.a.resumeWith(Unknown Source:12)\n\tat jm.m0.run(Unknown Source:118)\n\tat jm.x0.i0(Unknown Source:138)\n\tat ab.b.w0(Unknown Source:67)\n\tat bo.app.f6.invokeSuspend(Unknown Source:20)\n\tat nj.a.resumeWith(Unknown Source:12)\n\tat jm.m0.run(Unknown Source:118)\n\tat java.util.concurrent.ThreadPoolExecutor.runWorker(ThreadPoolExecutor.java:1137)\n\tat java.util.concurrent.ThreadPoolExecutor$Worker.run(ThreadPoolExecutor.java:637)\n\tat java.lang.Thread.run(Thread.java:1012)\n"
},
{
    "type": "log",
    "source": "class",
    "method": "access$getEndpointProviderLock$cp",
    "package_name": "com.fanduel.casino",
    "class_name": "com.braze.Braze",
    "timestamp": 1728284040488,
    "ref": "<class: com.braze.Braze>",
    "arguments": "{}",
    "stack_trace": "java.lang.Exception\n\tat com.braze.Braze.access$getEndpointProviderLock$cp(Native Method)\n\tat com.braze.Braze$Companion.setEndpointProvider(Unknown Source:0)\n\tat com.braze.Braze$Companion.setConfiguredCustomEndpoint$android_sdk_base_release(Unknown Source:14)\n\tat com.braze.a.invoke(Unknown Source:194)\n\tat bo.app.e6.invokeSuspend(Unknown Source:42)\n\tat nj.a.resumeWith(Unknown Source:12)\n\tat jm.m0.run(Unknown Source:118)\n\tat jm.x0.i0(Unknown Source:138)\n\tat ab.b.w0(Unknown Source:67)\n\tat bo.app.f6.invokeSuspend(Unknown Source:20)\n\tat nj.a.resumeWith(Unknown Source:12)\n\tat jm.m0.run(Unknown Source:118)\n\tat java.util.concurrent.ThreadPoolExecutor.runWorker(ThreadPoolExecutor.java:1137)\n\tat java.util.concurrent.ThreadPoolExecutor$Worker.run(ThreadPoolExecutor.java:637)\n\tat java.lang.Thread.run(Thread.java:1012)\n"
},
{
    "type": "log",
    "source": "class",
    "method": "access$setEndpointProvider$cp",
    "package_name": "com.fanduel.casino",
    "class_name": "com.braze.Braze",
    "timestamp": 1728284040492,
    "ref": "<class: com.braze.Braze>",
    "arguments": "{\"0\":\"<instance: com.braze.IBrazeEndpointProvider, $className: com.braze.i0>\"}",
    "stack_trace": "java.lang.Exception\n\tat com.braze.Braze.access$setEndpointProvider$cp(Native Method)\n\tat com.braze.Braze$Companion.setEndpointProvider(Unknown Source:7)\n\tat com.braze.Braze$Companion.setConfiguredCustomEndpoint$android_sdk_base_release(Unknown Source:14)\n\tat com.braze.a.invoke(Unknown Source:194)\n\tat bo.app.e6.invokeSuspend(Unknown Source:42)\n\tat nj.a.resumeWith(Unknown Source:12)\n\tat jm.m0.run(Unknown Source:118)\n\tat jm.x0.i0(Unknown Source:138)\n\tat ab.b.w0(Unknown Source:67)\n\tat bo.app.f6.invokeSuspend(Unknown Source:20)\n\tat nj.a.resumeWith(Unknown Source:12)\n\tat jm.m0.run(Unknown Source:118)\n\tat java.util.concurrent.ThreadPoolExecutor.runWorker(ThreadPoolExecutor.java:1137)\n\tat java.util.concurrent.ThreadPoolExecutor$Worker.run(ThreadPoolExecutor.java:637)\n\tat java.lang.Thread.run(Thread.java:1012)\n"
},
{
    "type": "log",
    "source": "class",
    "method": "getConfigurationProvider$android_sdk_base_release",
    "package_name": "com.fanduel.casino",
    "class_name": "com.braze.Braze",
    "timestamp": 1728284040495,
    "ref": "com.braze.Braze@64b68f4",
    "arguments": "{}",
    "stack_trace": "java.lang.Exception\n\tat com.braze.Braze.getConfigurationProvider$android_sdk_base_release(Native Method)\n\tat com.braze.a.invoke(Unknown Source:199)\n\tat bo.app.e6.invokeSuspend(Unknown Source:42)\n\tat nj.a.resumeWith(Unknown Source:12)\n\tat jm.m0.run(Unknown Source:118)\n\tat jm.x0.i0(Unknown Source:138)\n\tat ab.b.w0(Unknown Source:67)\n\tat bo.app.f6.invokeSuspend(Unknown Source:20)\n\tat nj.a.resumeWith(Unknown Source:12)\n\tat jm.m0.run(Unknown Source:118)\n\tat java.util.concurrent.ThreadPoolExecutor.runWorker(ThreadPoolExecutor.java:1137)\n\tat java.util.concurrent.ThreadPoolExecutor$Worker.run(ThreadPoolExecutor.java:637)\n\tat java.lang.Thread.run(Thread.java:1012)\n"
},
{
    "type": "log",
    "source": "class",
    "method": "access$getRegistrationDataProvider$p",
    "package_name": "com.fanduel.casino",
    "class_name": "com.braze.Braze",
    "timestamp": 1728284040499,
    "ref": "<class: com.braze.Braze>",
    "arguments": "{\"0\":\"<instance: com.braze.Braze>\"}",
    "stack_trace": "java.lang.Exception\n\tat com.braze.Braze.access$getRegistrationDataProvider$p(Native Method)\n\tat com.braze.a.invoke(Unknown Source:215)\n\tat bo.app.e6.invokeSuspend(Unknown Source:42)\n\tat nj.a.resumeWith(Unknown Source:12)\n\tat jm.m0.run(Unknown Source:118)\n\tat jm.x0.i0(Unknown Source:138)\n\tat ab.b.w0(Unknown Source:67)\n\tat bo.app.f6.invokeSuspend(Unknown Source:20)\n\tat nj.a.resumeWith(Unknown Source:12)\n\tat jm.m0.run(Unknown Source:118)\n\tat java.util.concurrent.ThreadPoolExecutor.runWorker(ThreadPoolExecutor.java:1137)\n\tat java.util.concurrent.ThreadPoolExecutor$Worker.run(ThreadPoolExecutor.java:637)\n\tat java.lang.Thread.run(Thread.java:1012)\n"
},
{
    "type": "log",
    "source": "class",
    "method": "getConfigurationProvider$android_sdk_base_release",
    "package_name": "com.fanduel.casino",
    "class_name": "com.braze.Braze",
    "timestamp": 1728284040505,
    "ref": "com.braze.Braze@64b68f4",
    "arguments": "{}",
    "stack_trace": "java.lang.Exception\n\tat com.braze.Braze.getConfigurationProvider$android_sdk_base_release(Native Method)\n\tat com.braze.a.invoke(Unknown Source:309)\n\tat bo.app.e6.invokeSuspend(Unknown Source:42)\n\tat nj.a.resumeWith(Unknown Source:12)\n\tat jm.m0.run(Unknown Source:118)\n\tat jm.x0.i0(Unknown Source:138)\n\tat ab.b.w0(Unknown Source:67)\n\tat bo.app.f6.invokeSuspend(Unknown Source:20)\n\tat nj.a.resumeWith(Unknown Source:12)\n\tat jm.m0.run(Unknown Source:118)\n\tat java.util.concurrent.ThreadPoolExecutor.runWorker(ThreadPoolExecutor.java:1137)\n\tat java.util.concurrent.ThreadPoolExecutor$Worker.run(ThreadPoolExecutor.java:637)\n\tat java.lang.Thread.run(Thread.java:1012)\n"
},
{
    "type": "log",
    "source": "class",
    "method": "getConfigurationProvider$android_sdk_base_release",
    "package_name": "com.fanduel.casino",
    "class_name": "com.braze.Braze",
    "timestamp": 1728284040509,
    "ref": "com.braze.Braze@64b68f4",
    "arguments": "{}",
    "stack_trace": "java.lang.Exception\n\tat com.braze.Braze.getConfigurationProvider$android_sdk_base_release(Native Method)\n\tat com.braze.a.invoke(Unknown Source:343)\n\tat bo.app.e6.invokeSuspend(Unknown Source:42)\n\tat nj.a.resumeWith(Unknown Source:12)\n\tat jm.m0.run(Unknown Source:118)\n\tat jm.x0.i0(Unknown Source:138)\n\tat ab.b.w0(Unknown Source:67)\n\tat bo.app.f6.invokeSuspend(Unknown Source:20)\n\tat nj.a.resumeWith(Unknown Source:12)\n\tat jm.m0.run(Unknown Source:118)\n\tat java.util.concurrent.ThreadPoolExecutor.runWorker(ThreadPoolExecutor.java:1137)\n\tat java.util.concurrent.ThreadPoolExecutor$Worker.run(ThreadPoolExecutor.java:637)\n\tat java.lang.Thread.run(Thread.java:1012)\n"
},
{
    "type": "log",
    "source": "class",
    "method": "access$verifyProperSdkSetup",
    "package_name": "com.fanduel.casino",
    "class_name": "com.braze.Braze",
    "timestamp": 1728284040514,
    "ref": "<class: com.braze.Braze>",
    "arguments": "{\"0\":\"<instance: com.braze.Braze>\"}",
    "stack_trace": "java.lang.Exception\n\tat com.braze.Braze.access$verifyProperSdkSetup(Native Method)\n\tat com.braze.a.invoke(Unknown Source:478)\n\tat bo.app.e6.invokeSuspend(Unknown Source:42)\n\tat nj.a.resumeWith(Unknown Source:12)\n\tat jm.m0.run(Unknown Source:118)\n\tat jm.x0.i0(Unknown Source:138)\n\tat ab.b.w0(Unknown Source:67)\n\tat bo.app.f6.invokeSuspend(Unknown Source:20)\n\tat nj.a.resumeWith(Unknown Source:12)\n\tat jm.m0.run(Unknown Source:118)\n\tat java.util.concurrent.ThreadPoolExecutor.runWorker(ThreadPoolExecutor.java:1137)\n\tat java.util.concurrent.ThreadPoolExecutor$Worker.run(ThreadPoolExecutor.java:637)\n\tat java.lang.Thread.run(Thread.java:1012)\n"
},
{
    "type": "log",
    "source": "class",
    "method": "verifyProperSdkSetup",
    "package_name": "com.fanduel.casino",
    "class_name": "com.braze.Braze",
    "timestamp": 1728284040516,
    "ref": "com.braze.Braze@64b68f4",
    "arguments": "{}",
    "stack_trace": "java.lang.Exception\n\tat com.braze.Braze.verifyProperSdkSetup(Native Method)\n\tat com.braze.Braze.access$verifyProperSdkSetup(Unknown Source:0)\n\tat com.braze.Braze.access$verifyProperSdkSetup(Native Method)\n\tat com.braze.a.invoke(Unknown Source:478)\n\tat bo.app.e6.invokeSuspend(Unknown Source:42)\n\tat nj.a.resumeWith(Unknown Source:12)\n\tat jm.m0.run(Unknown Source:118)\n\tat jm.x0.i0(Unknown Source:138)\n\tat ab.b.w0(Unknown Source:67)\n\tat bo.app.f6.invokeSuspend(Unknown Source:20)\n\tat nj.a.resumeWith(Unknown Source:12)\n\tat jm.m0.run(Unknown Source:118)\n\tat java.util.concurrent.ThreadPoolExecutor.runWorker(ThreadPoolExecutor.java:1137)\n\tat java.util.concurrent.ThreadPoolExecutor$Worker.run(ThreadPoolExecutor.java:637)\n\tat java.lang.Thread.run(Thread.java:1012)\n"
},
{
    "type": "log",
    "source": "class",
    "method": "getConfigurationProvider$android_sdk_base_release",
    "package_name": "com.fanduel.casino",
    "class_name": "com.braze.Braze",
    "timestamp": 1728284040520,
    "ref": "com.braze.Braze@64b68f4",
    "arguments": "{}",
    "stack_trace": "java.lang.Exception\n\tat com.braze.Braze.getConfigurationProvider$android_sdk_base_release(Native Method)\n\tat com.braze.Braze.verifyProperSdkSetup(Unknown Source:45)\n\tat com.braze.Braze.verifyProperSdkSetup(Native Method)\n\tat com.braze.Braze.access$verifyProperSdkSetup(Unknown Source:0)\n\tat com.braze.Braze.access$verifyProperSdkSetup(Native Method)\n\tat com.braze.a.invoke(Unknown Source:478)\n\tat bo.app.e6.invokeSuspend(Unknown Source:42)\n\tat nj.a.resumeWith(Unknown Source:12)\n\tat jm.m0.run(Unknown Source:118)\n\tat jm.x0.i0(Unknown Source:138)\n\tat ab.b.w0(Unknown Source:67)\n\tat bo.app.f6.invokeSuspend(Unknown Source:20)\n\tat nj.a.resumeWith(Unknown Source:12)\n\tat jm.m0.run(Unknown Source:118)\n\tat java.util.concurrent.ThreadPoolExecutor.runWorker(ThreadPoolExecutor.java:1137)\n\tat java.util.concurrent.ThreadPoolExecutor$Worker.run(ThreadPoolExecutor.java:637)\n\tat java.lang.Thread.run(Thread.java:1012)\n"
},
{
    "type": "log",
    "source": "class",
    "method": "access$getApplicationContext$p",
    "package_name": "com.fanduel.casino",
    "class_name": "com.braze.Braze",
    "timestamp": 1728284040524,
    "ref": "<class: com.braze.Braze>",
    "arguments": "{\"0\":\"<instance: com.braze.Braze>\"}",
    "stack_trace": "java.lang.Exception\n\tat com.braze.Braze.access$getApplicationContext$p(Native Method)\n\tat com.braze.a.invoke(Unknown Source:513)\n\tat bo.app.e6.invokeSuspend(Unknown Source:42)\n\tat nj.a.resumeWith(Unknown Source:12)\n\tat jm.m0.run(Unknown Source:118)\n\tat jm.x0.i0(Unknown Source:138)\n\tat ab.b.w0(Unknown Source:67)\n\tat bo.app.f6.invokeSuspend(Unknown Source:20)\n\tat nj.a.resumeWith(Unknown Source:12)\n\tat jm.m0.run(Unknown Source:118)\n\tat java.util.concurrent.ThreadPoolExecutor.runWorker(ThreadPoolExecutor.java:1137)\n\tat java.util.concurrent.ThreadPoolExecutor$Worker.run(ThreadPoolExecutor.java:637)\n\tat java.lang.Thread.run(Thread.java:1012)\n"
},
{
    "type": "log",
    "source": "class",
    "method": "access$getOfflineUserStorageProvider$p",
    "package_name": "com.fanduel.casino",
    "class_name": "com.braze.Braze",
    "timestamp": 1728284040527,
    "ref": "<class: com.braze.Braze>",
    "arguments": "{\"0\":\"<instance: com.braze.Braze>\"}",
    "stack_trace": "java.lang.Exception\n\tat com.braze.Braze.access$getOfflineUserStorageProvider$p(Native Method)\n\tat com.braze.a.invoke(Unknown Source:519)\n\tat bo.app.e6.invokeSuspend(Unknown Source:42)\n\tat nj.a.resumeWith(Unknown Source:12)\n\tat jm.m0.run(Unknown Source:118)\n\tat jm.x0.i0(Unknown Source:138)\n\tat ab.b.w0(Unknown Source:67)\n\tat bo.app.f6.invokeSuspend(Unknown Source:20)\n\tat nj.a.resumeWith(Unknown Source:12)\n\tat jm.m0.run(Unknown Source:118)\n\tat java.util.concurrent.ThreadPoolExecutor.runWorker(ThreadPoolExecutor.java:1137)\n\tat java.util.concurrent.ThreadPoolExecutor$Worker.run(ThreadPoolExecutor.java:637)\n\tat java.lang.Thread.run(Thread.java:1012)\n"
},
{
    "type": "log",
    "source": "class",
    "method": "getConfigurationProvider$android_sdk_base_release",
    "package_name": "com.fanduel.casino",
    "class_name": "com.braze.Braze",
    "timestamp": 1728284040530,
    "ref": "com.braze.Braze@64b68f4",
    "arguments": "{}",
    "stack_trace": "java.lang.Exception\n\tat com.braze.Braze.getConfigurationProvider$android_sdk_base_release(Native Method)\n\tat com.braze.a.invoke(Unknown Source:527)\n\tat bo.app.e6.invokeSuspend(Unknown Source:42)\n\tat nj.a.resumeWith(Unknown Source:12)\n\tat jm.m0.run(Unknown Source:118)\n\tat jm.x0.i0(Unknown Source:138)\n\tat ab.b.w0(Unknown Source:67)\n\tat bo.app.f6.invokeSuspend(Unknown Source:20)\n\tat nj.a.resumeWith(Unknown Source:12)\n\tat jm.m0.run(Unknown Source:118)\n\tat java.util.concurrent.ThreadPoolExecutor.runWorker(ThreadPoolExecutor.java:1137)\n\tat java.util.concurrent.ThreadPoolExecutor$Worker.run(ThreadPoolExecutor.java:637)\n\tat java.lang.Thread.run(Thread.java:1012)\n"
},
{
    "type": "log",
    "source": "class",
    "method": "getExternalIEventMessenger$android_sdk_base_release",
    "package_name": "com.fanduel.casino",
    "class_name": "com.braze.Braze",
    "timestamp": 1728284040533,
    "ref": "com.braze.Braze@64b68f4",
    "arguments": "{}",
    "stack_trace": "java.lang.Exception\n\tat com.braze.Braze.getExternalIEventMessenger$android_sdk_base_release(Native Method)\n\tat com.braze.a.invoke(Unknown Source:533)\n\tat bo.app.e6.invokeSuspend(Unknown Source:42)\n\tat nj.a.resumeWith(Unknown Source:12)\n\tat jm.m0.run(Unknown Source:118)\n\tat jm.x0.i0(Unknown Source:138)\n\tat ab.b.w0(Unknown Source:67)\n\tat bo.app.f6.invokeSuspend(Unknown Source:20)\n\tat nj.a.resumeWith(Unknown Source:12)\n\tat jm.m0.run(Unknown Source:118)\n\tat java.util.concurrent.ThreadPoolExecutor.runWorker(ThreadPoolExecutor.java:1137)\n\tat java.util.concurrent.ThreadPoolExecutor$Worker.run(ThreadPoolExecutor.java:637)\n\tat java.lang.Thread.run(Thread.java:1012)\n"
},
{
    "type": "log",
    "source": "class",
    "method": "getDeviceIdProvider$android_sdk_base_release",
    "package_name": "com.fanduel.casino",
    "class_name": "com.braze.Braze",
    "timestamp": 1728284040537,
    "ref": "com.braze.Braze@64b68f4",
    "arguments": "{}",
    "stack_trace": "java.lang.Exception\n\tat com.braze.Braze.getDeviceIdProvider$android_sdk_base_release(Native Method)\n\tat com.braze.a.invoke(Unknown Source:539)\n\tat bo.app.e6.invokeSuspend(Unknown Source:42)\n\tat nj.a.resumeWith(Unknown Source:12)\n\tat jm.m0.run(Unknown Source:118)\n\tat jm.x0.i0(Unknown Source:138)\n\tat ab.b.w0(Unknown Source:67)\n\tat bo.app.f6.invokeSuspend(Unknown Source:20)\n\tat nj.a.resumeWith(Unknown Source:12)\n\tat jm.m0.run(Unknown Source:118)\n\tat java.util.concurrent.ThreadPoolExecutor.runWorker(ThreadPoolExecutor.java:1137)\n\tat java.util.concurrent.ThreadPoolExecutor$Worker.run(ThreadPoolExecutor.java:637)\n\tat java.lang.Thread.run(Thread.java:1012)\n"
},
{
    "type": "log",
    "source": "class",
    "method": "access$getRegistrationDataProvider$p",
    "package_name": "com.fanduel.casino",
    "class_name": "com.braze.Braze",
    "timestamp": 1728284040540,
    "ref": "<class: com.braze.Braze>",
    "arguments": "{\"0\":\"<instance: com.braze.Braze>\"}",
    "stack_trace": "java.lang.Exception\n\tat com.braze.Braze.access$getRegistrationDataProvider$p(Native Method)\n\tat com.braze.a.invoke(Unknown Source:545)\n\tat bo.app.e6.invokeSuspend(Unknown Source:42)\n\tat nj.a.resumeWith(Unknown Source:12)\n\tat jm.m0.run(Unknown Source:118)\n\tat jm.x0.i0(Unknown Source:138)\n\tat ab.b.w0(Unknown Source:67)\n\tat bo.app.f6.invokeSuspend(Unknown Source:20)\n\tat nj.a.resumeWith(Unknown Source:12)\n\tat jm.m0.run(Unknown Source:118)\n\tat java.util.concurrent.ThreadPoolExecutor.runWorker(ThreadPoolExecutor.java:1137)\n\tat java.util.concurrent.ThreadPoolExecutor$Worker.run(ThreadPoolExecutor.java:637)\n\tat java.lang.Thread.run(Thread.java:1012)\n"
},
{
    "type": "log",
    "source": "class",
    "method": "getPushDeliveryManager$android_sdk_base_release",
    "package_name": "com.fanduel.casino",
    "class_name": "com.braze.Braze",
    "timestamp": 1728284040543,
    "ref": "com.braze.Braze@64b68f4",
    "arguments": "{}",
    "stack_trace": "java.lang.Exception\n\tat com.braze.Braze.getPushDeliveryManager$android_sdk_base_release(Native Method)\n\tat com.braze.a.invoke(Unknown Source:553)\n\tat bo.app.e6.invokeSuspend(Unknown Source:42)\n\tat nj.a.resumeWith(Unknown Source:12)\n\tat jm.m0.run(Unknown Source:118)\n\tat jm.x0.i0(Unknown Source:138)\n\tat ab.b.w0(Unknown Source:67)\n\tat bo.app.f6.invokeSuspend(Unknown Source:20)\n\tat nj.a.resumeWith(Unknown Source:12)\n\tat jm.m0.run(Unknown Source:118)\n\tat java.util.concurrent.ThreadPoolExecutor.runWorker(ThreadPoolExecutor.java:1137)\n\tat java.util.concurrent.ThreadPoolExecutor$Worker.run(ThreadPoolExecutor.java:637)\n\tat java.lang.Thread.run(Thread.java:1012)\n"
},
{
    "type": "log",
    "source": "class",
    "method": "access$getShouldMockNetworkRequestsAndDropEvents$cp",
    "package_name": "com.fanduel.casino",
    "class_name": "com.braze.Braze",
    "timestamp": 1728284040546,
    "ref": "<class: com.braze.Braze>",
    "arguments": "{}",
    "stack_trace": "java.lang.Exception\n\tat com.braze.Braze.access$getShouldMockNetworkRequestsAndDropEvents$cp(Native Method)\n\tat com.braze.a.invoke(Unknown Source:557)\n\tat bo.app.e6.invokeSuspend(Unknown Source:42)\n\tat nj.a.resumeWith(Unknown Source:12)\n\tat jm.m0.run(Unknown Source:118)\n\tat jm.x0.i0(Unknown Source:138)\n\tat ab.b.w0(Unknown Source:67)\n\tat bo.app.f6.invokeSuspend(Unknown Source:20)\n\tat nj.a.resumeWith(Unknown Source:12)\n\tat jm.m0.run(Unknown Source:118)\n\tat java.util.concurrent.ThreadPoolExecutor.runWorker(ThreadPoolExecutor.java:1137)\n\tat java.util.concurrent.ThreadPoolExecutor$Worker.run(ThreadPoolExecutor.java:637)\n\tat java.lang.Thread.run(Thread.java:1012)\n"
},
{
    "type": "log",
    "source": "class",
    "method": "access$getAreOutboundNetworkRequestsOffline$cp",
    "package_name": "com.fanduel.casino",
    "class_name": "com.braze.Braze",
    "timestamp": 1728284040549,
    "ref": "<class: com.braze.Braze>",
    "arguments": "{}",
    "stack_trace": "java.lang.Exception\n\tat com.braze.Braze.access$getAreOutboundNetworkRequestsOffline$cp(Native Method)\n\tat com.braze.a.invoke(Unknown Source:561)\n\tat bo.app.e6.invokeSuspend(Unknown Source:42)\n\tat nj.a.resumeWith(Unknown Source:12)\n\tat jm.m0.run(Unknown Source:118)\n\tat jm.x0.i0(Unknown Source:138)\n\tat ab.b.w0(Unknown Source:67)\n\tat bo.app.f6.invokeSuspend(Unknown Source:20)\n\tat nj.a.resumeWith(Unknown Source:12)\n\tat jm.m0.run(Unknown Source:118)\n\tat java.util.concurrent.ThreadPoolExecutor.runWorker(ThreadPoolExecutor.java:1137)\n\tat java.util.concurrent.ThreadPoolExecutor$Worker.run(ThreadPoolExecutor.java:637)\n\tat java.lang.Thread.run(Thread.java:1012)\n"
},
{
    "type": "log",
    "source": "class",
    "method": "access$getDeviceDataProvider",
    "package_name": "com.fanduel.casino",
    "class_name": "com.braze.Braze",
    "timestamp": 1728284040551,
    "ref": "<class: com.braze.Braze>",
    "arguments": "{\"0\":\"<instance: com.braze.Braze>\"}",
    "stack_trace": "java.lang.Exception\n\tat com.braze.Braze.access$getDeviceDataProvider(Native Method)\n\tat com.braze.a.invoke(Unknown Source:567)\n\tat bo.app.e6.invokeSuspend(Unknown Source:42)\n\tat nj.a.resumeWith(Unknown Source:12)\n\tat jm.m0.run(Unknown Source:118)\n\tat jm.x0.i0(Unknown Source:138)\n\tat ab.b.w0(Unknown Source:67)\n\tat bo.app.f6.invokeSuspend(Unknown Source:20)\n\tat nj.a.resumeWith(Unknown Source:12)\n\tat jm.m0.run(Unknown Source:118)\n\tat java.util.concurrent.ThreadPoolExecutor.runWorker(ThreadPoolExecutor.java:1137)\n\tat java.util.concurrent.ThreadPoolExecutor$Worker.run(ThreadPoolExecutor.java:637)\n\tat java.lang.Thread.run(Thread.java:1012)\n"
},
{
    "type": "log",
    "source": "class",
    "method": "getDeviceDataProvider",
    "package_name": "com.fanduel.casino",
    "class_name": "com.braze.Braze",
    "timestamp": 1728284040554,
    "ref": "com.braze.Braze@64b68f4",
    "arguments": "{}",
    "stack_trace": "java.lang.Exception\n\tat com.braze.Braze.getDeviceDataProvider(Native Method)\n\tat com.braze.Braze.access$getDeviceDataProvider(Unknown Source:0)\n\tat com.braze.Braze.access$getDeviceDataProvider(Native Method)\n\tat com.braze.a.invoke(Unknown Source:567)\n\tat bo.app.e6.invokeSuspend(Unknown Source:42)\n\tat nj.a.resumeWith(Unknown Source:12)\n\tat jm.m0.run(Unknown Source:118)\n\tat jm.x0.i0(Unknown Source:138)\n\tat ab.b.w0(Unknown Source:67)\n\tat bo.app.f6.invokeSuspend(Unknown Source:20)\n\tat nj.a.resumeWith(Unknown Source:12)\n\tat jm.m0.run(Unknown Source:118)\n\tat java.util.concurrent.ThreadPoolExecutor.runWorker(ThreadPoolExecutor.java:1137)\n\tat java.util.concurrent.ThreadPoolExecutor$Worker.run(ThreadPoolExecutor.java:637)\n\tat java.lang.Thread.run(Thread.java:1012)\n"
},
{
    "type": "log",
    "source": "class",
    "method": "getConfigurationProvider$android_sdk_base_release",
    "package_name": "com.fanduel.casino",
    "class_name": "com.braze.Braze",
    "timestamp": 1728284040557,
    "ref": "com.braze.Braze@64b68f4",
    "arguments": "{}",
    "stack_trace": "java.lang.Exception\n\tat com.braze.Braze.getConfigurationProvider$android_sdk_base_release(Native Method)\n\tat com.braze.Braze.getDeviceDataProvider(Unknown Source:8)\n\tat com.braze.Braze.getDeviceDataProvider(Native Method)\n\tat com.braze.Braze.access$getDeviceDataProvider(Unknown Source:0)\n\tat com.braze.Braze.access$getDeviceDataProvider(Native Method)\n\tat com.braze.a.invoke(Unknown Source:567)\n\tat bo.app.e6.invokeSuspend(Unknown Source:42)\n\tat nj.a.resumeWith(Unknown Source:12)\n\tat jm.m0.run(Unknown Source:118)\n\tat jm.x0.i0(Unknown Source:138)\n\tat ab.b.w0(Unknown Source:67)\n\tat bo.app.f6.invokeSuspend(Unknown Source:20)\n\tat nj.a.resumeWith(Unknown Source:12)\n\tat jm.m0.run(Unknown Source:118)\n\tat java.util.concurrent.ThreadPoolExecutor.runWorker(ThreadPoolExecutor.java:1137)\n\tat java.util.concurrent.ThreadPoolExecutor$Worker.run(ThreadPoolExecutor.java:637)\n\tat java.lang.Thread.run(Thread.java:1012)\n"
},
{
    "type": "log",
    "source": "class",
    "method": "access$getShouldRequestFrameworkListenToNetworkUpdates$cp",
    "package_name": "com.fanduel.casino",
    "class_name": "com.braze.Braze",
    "timestamp": 1728284040563,
    "ref": "<class: com.braze.Braze>",
    "arguments": "{}",
    "stack_trace": "java.lang.Exception\n\tat com.braze.Braze.access$getShouldRequestFrameworkListenToNetworkUpdates$cp(Native Method)\n\tat com.braze.Braze$Companion.getShouldRequestFrameworkListenToNetworkUpdates$android_sdk_base_release(Unknown Source:0)\n\tat com.braze.a.invoke(Unknown Source:573)\n\tat bo.app.e6.invokeSuspend(Unknown Source:42)\n\tat nj.a.resumeWith(Unknown Source:12)\n\tat jm.m0.run(Unknown Source:118)\n\tat jm.x0.i0(Unknown Source:138)\n\tat ab.b.w0(Unknown Source:67)\n\tat bo.app.f6.invokeSuspend(Unknown Source:20)\n\tat nj.a.resumeWith(Unknown Source:12)\n\tat jm.m0.run(Unknown Source:118)\n\tat java.util.concurrent.ThreadPoolExecutor.runWorker(ThreadPoolExecutor.java:1137)\n\tat java.util.concurrent.ThreadPoolExecutor$Worker.run(ThreadPoolExecutor.java:637)\n\tat java.lang.Thread.run(Thread.java:1012)\n"
},
{
    "type": "log",
    "source": "class",
    "method": "access$setUserSpecificMemberVariablesAndStartDispatch",
    "package_name": "com.fanduel.casino",
    "class_name": "com.braze.Braze",
    "timestamp": 1728284040678,
    "ref": "<class: com.braze.Braze>",
    "arguments": "{\"0\":\"<instance: com.braze.Braze>\",\"1\":\"<instance: bo.app.if0>\"}",
    "stack_trace": "java.lang.Exception\n\tat com.braze.Braze.access$setUserSpecificMemberVariablesAndStartDispatch(Native Method)\n\tat com.braze.a.invoke(Unknown Source:583)\n\tat bo.app.e6.invokeSuspend(Unknown Source:42)\n\tat nj.a.resumeWith(Unknown Source:12)\n\tat jm.m0.run(Unknown Source:118)\n\tat jm.x0.i0(Unknown Source:138)\n\tat ab.b.w0(Unknown Source:67)\n\tat bo.app.f6.invokeSuspend(Unknown Source:20)\n\tat nj.a.resumeWith(Unknown Source:12)\n\tat jm.m0.run(Unknown Source:118)\n\tat java.util.concurrent.ThreadPoolExecutor.runWorker(ThreadPoolExecutor.java:1137)\n\tat java.util.concurrent.ThreadPoolExecutor$Worker.run(ThreadPoolExecutor.java:637)\n\tat java.lang.Thread.run(Thread.java:1012)\n"
},
{
    "type": "log",
    "source": "class",
    "method": "setUserSpecificMemberVariablesAndStartDispatch",
    "package_name": "com.fanduel.casino",
    "class_name": "com.braze.Braze",
    "timestamp": 1728284040682,
    "ref": "com.braze.Braze@64b68f4",
    "arguments": "{\"0\":\"<instance: bo.app.if0>\"}",
    "stack_trace": "java.lang.Exception\n\tat com.braze.Braze.setUserSpecificMemberVariablesAndStartDispatch(Native Method)\n\tat com.braze.Braze.access$setUserSpecificMemberVariablesAndStartDispatch(Unknown Source:0)\n\tat com.braze.Braze.access$setUserSpecificMemberVariablesAndStartDispatch(Native Method)\n\tat com.braze.a.invoke(Unknown Source:583)\n\tat bo.app.e6.invokeSuspend(Unknown Source:42)\n\tat nj.a.resumeWith(Unknown Source:12)\n\tat jm.m0.run(Unknown Source:118)\n\tat jm.x0.i0(Unknown Source:138)\n\tat ab.b.w0(Unknown Source:67)\n\tat bo.app.f6.invokeSuspend(Unknown Source:20)\n\tat nj.a.resumeWith(Unknown Source:12)\n\tat jm.m0.run(Unknown Source:118)\n\tat java.util.concurrent.ThreadPoolExecutor.runWorker(ThreadPoolExecutor.java:1137)\n\tat java.util.concurrent.ThreadPoolExecutor$Worker.run(ThreadPoolExecutor.java:637)\n\tat java.lang.Thread.run(Thread.java:1012)\n"
},
{
    "type": "log",
    "source": "class",
    "method": "setUdm$android_sdk_base_release",
    "package_name": "com.fanduel.casino",
    "class_name": "com.braze.Braze",
    "timestamp": 1728284040686,
    "ref": "com.braze.Braze@64b68f4",
    "arguments": "{\"0\":\"<instance: bo.app.vz, $className: bo.app.if0>\"}",
    "stack_trace": "java.lang.Exception\n\tat com.braze.Braze.setUdm$android_sdk_base_release(Native Method)\n\tat com.braze.Braze.setUserSpecificMemberVariablesAndStartDispatch(Unknown Source:0)\n\tat com.braze.Braze.setUserSpecificMemberVariablesAndStartDispatch(Native Method)\n\tat com.braze.Braze.access$setUserSpecificMemberVariablesAndStartDispatch(Unknown Source:0)\n\tat com.braze.Braze.access$setUserSpecificMemberVariablesAndStartDispatch(Native Method)\n\tat com.braze.a.invoke(Unknown Source:583)\n\tat bo.app.e6.invokeSuspend(Unknown Source:42)\n\tat nj.a.resumeWith(Unknown Source:12)\n\tat jm.m0.run(Unknown Source:118)\n\tat jm.x0.i0(Unknown Source:138)\n\tat ab.b.w0(Unknown Source:67)\n\tat bo.app.f6.invokeSuspend(Unknown Source:20)\n\tat nj.a.resumeWith(Unknown Source:12)\n\tat jm.m0.run(Unknown Source:118)\n\tat java.util.concurrent.ThreadPoolExecutor.runWorker(ThreadPoolExecutor.java:1137)\n\tat java.util.concurrent.ThreadPoolExecutor$Worker.run(ThreadPoolExecutor.java:637)\n\tat java.lang.Thread.run(Thread.java:1012)\n"
},
{
    "type": "log",
    "source": "class",
    "method": "getUdm$android_sdk_base_release",
    "package_name": "com.fanduel.casino",
    "class_name": "com.braze.Braze",
    "timestamp": 1728284040690,
    "ref": "com.braze.Braze@64b68f4",
    "arguments": "{}",
    "stack_trace": "java.lang.Exception\n\tat com.braze.Braze.getUdm$android_sdk_base_release(Native Method)\n\tat com.braze.Braze.setUserSpecificMemberVariablesAndStartDispatch(Unknown Source:5)\n\tat com.braze.Braze.setUserSpecificMemberVariablesAndStartDispatch(Native Method)\n\tat com.braze.Braze.access$setUserSpecificMemberVariablesAndStartDispatch(Unknown Source:0)\n\tat com.braze.Braze.access$setUserSpecificMemberVariablesAndStartDispatch(Native Method)\n\tat com.braze.a.invoke(Unknown Source:583)\n\tat bo.app.e6.invokeSuspend(Unknown Source:42)\n\tat nj.a.resumeWith(Unknown Source:12)\n\tat jm.m0.run(Unknown Source:118)\n\tat jm.x0.i0(Unknown Source:138)\n\tat ab.b.w0(Unknown Source:67)\n\tat bo.app.f6.invokeSuspend(Unknown Source:20)\n\tat nj.a.resumeWith(Unknown Source:12)\n\tat jm.m0.run(Unknown Source:118)\n\tat java.util.concurrent.ThreadPoolExecutor.runWorker(ThreadPoolExecutor.java:1137)\n\tat java.util.concurrent.ThreadPoolExecutor$Worker.run(ThreadPoolExecutor.java:637)\n\tat java.lang.Thread.run(Thread.java:1012)\n"
},
{
    "type": "log",
    "source": "class",
    "method": "getUdm$android_sdk_base_release",
    "package_name": "com.fanduel.casino",
    "class_name": "com.braze.Braze",
    "timestamp": 1728284040695,
    "ref": "com.braze.Braze@64b68f4",
    "arguments": "{}",
    "stack_trace": "java.lang.Exception\n\tat com.braze.Braze.getUdm$android_sdk_base_release(Native Method)\n\tat com.braze.Braze.setUserSpecificMemberVariablesAndStartDispatch(Unknown Source:17)\n\tat com.braze.Braze.setUserSpecificMemberVariablesAndStartDispatch(Native Method)\n\tat com.braze.Braze.access$setUserSpecificMemberVariablesAndStartDispatch(Unknown Source:0)\n\tat com.braze.Braze.access$setUserSpecificMemberVariablesAndStartDispatch(Native Method)\n\tat com.braze.a.invoke(Unknown Source:583)\n\tat bo.app.e6.invokeSuspend(Unknown Source:42)\n\tat nj.a.resumeWith(Unknown Source:12)\n\tat jm.m0.run(Unknown Source:118)\n\tat jm.x0.i0(Unknown Source:138)\n\tat ab.b.w0(Unknown Source:67)\n\tat bo.app.f6.invokeSuspend(Unknown Source:20)\n\tat nj.a.resumeWith(Unknown Source:12)\n\tat jm.m0.run(Unknown Source:118)\n\tat java.util.concurrent.ThreadPoolExecutor.runWorker(ThreadPoolExecutor.java:1137)\n\tat java.util.concurrent.ThreadPoolExecutor$Worker.run(ThreadPoolExecutor.java:637)\n\tat java.lang.Thread.run(Thread.java:1012)\n"
},
{
    "type": "log",
    "source": "class",
    "method": "toString",
    "package_name": "com.fanduel.casino",
    "class_name": "com.braze.configuration.BrazeConfig",
    "timestamp": 1728284040692,
    "ref": "Builder(apiKey=bf9f5907-6b99-4355-9f42-111d6276cbcd, serverTarget=null, smallNotificationIconName=null, largeNotificationIconName=null, customEndpoint=null, defaultNotificationChannelName=null, defaultNotificationChannelDescription=null, pushDeepLinkBackStackActivityClassName=null, firebaseCloudMessagingSenderIdKey=946405838422, customHtmlWebViewActivityClassName=null, sdkFlavor=null, sessionTimeout=null, defaultNotificationAccentColor=null, triggerActionMinimumTimeIntervalSeconds=null, badNetworkInterval=null, goodNetworkInterval=null, greatNetworkInterval=null, inAppMessageWebViewClientMaxOnPageFinishedWaitMs=null, admMessagingRegistrationEnabled=null, handlePushDeepLinksAutomatically=false, isLocationCollectionEnabled=null, isNewsFeedVisualIndicatorOn=null, isPushDeepLinkBackStackActivityEnabled=null, isSessionStartBasedTimeoutEnabled=null, isFirebaseCloudMessagingRegistrationEnabled=true, isContentCardsUnreadVisualIndicatorEnabled=null, isInAppMessageAccessibilityExclusiveModeEnabled=null, isPushWakeScreenForNotificationEnabled=null, isPushHtmlRenderingEnabled=null, isGeofencesEnabled=null, inAppMessageTestPushEagerDisplayEnabled=null, automaticGeofenceRequestsEnabled=null, isFirebaseMessagingServiceOnNewTokenRegistrationEnabled=null, isTouchModeRequiredForHtmlInAppMessages=null, isSdkAuthEnabled=null, deviceObjectAllowlist=null, isDeviceObjectAllowlistEnabled=null, brazeSdkMetadata=null, customLocationProviderNames=null, isHtmlInAppMessageApplyWindowInsetsEnabled=null, isHtmlInAppMessageHtmlLinkTargetEnabled=null, doesPushStoryDismissOnClick=null, isFallbackFirebaseMessagingServiceEnabled=null, fallbackFirebaseMessagingServiceClasspath=null, shouldOptInWhenPushAuthorized=null, shouldUseWindowFlagSecureInActivities=null)",
    "arguments": "{}",
    "stack_trace": "java.lang.Exception\n\tat com.braze.configuration.BrazeConfig.toString(Native Method)\n\tat java.lang.String.valueOf(String.java:3657)\n\tat java.lang.StringBuilder.append(StringBuilder.java:132)\n\tat com.braze.d.invoke(Unknown Source:9)\n\tat com.braze.support.BrazeLogger.toStringSafe(Unknown Source:0)\n\tat com.braze.support.BrazeLogger.access$toStringSafe(Unknown Source:0)\n\tat com.braze.support.b.invoke(Unknown Source:4)\n\tat hj.p.getValue(Unknown Source:20)\n\tat com.braze.support.BrazeLogger.brazelog(SourceFile:15)\n\tat com.braze.support.BrazeLogger.brazelog(SourceFile:3)\n\tat com.braze.support.BrazeLogger.brazelog$default(SourceFile:2)\n\tat com.braze.Braze$Companion.configure(Unknown Source:20)\n\tat com.casino.template.CasinoApp.onCreate(Unknown Source:133)\n\tat android.app.Instrumentation.callApplicationOnCreate(Instrumentation.java:1289)\n\tat android.app.ActivityThread.handleBindApplication(ActivityThread.java:7226)\n\tat android.app.ActivityThread.handleBindApplication(Native Method)\n\tat android.app.ActivityThread.-$$Nest$mhandleBindApplication(Unknown Source:0)\n\tat android.app.ActivityThread$H.handleMessage(ActivityThread.java:2241)\n\tat android.os.Handler.dispatchMessage(Handler.java:106)\n\tat android.os.Looper.loopOnce(Looper.java:211)\n\tat android.os.Looper.loop(Looper.java:300)\n\tat android.app.ActivityThread.main(ActivityThread.java:8395)\n\tat java.lang.reflect.Method.invoke(Native Method)\n\tat com.android.internal.os.RuntimeInit$MethodAndArgsCaller.run(RuntimeInit.java:559)\n\tat com.android.internal.os.ZygoteInit.main(ZygoteInit.java:954)\n"
},
{
    "type": "log",
    "source": "class",
    "method": "getUdm$android_sdk_base_release",
    "package_name": "com.fanduel.casino",
    "class_name": "com.braze.Braze",
    "timestamp": 1728284040698,
    "ref": "com.braze.Braze@64b68f4",
    "arguments": "{}",
    "stack_trace": "java.lang.Exception\n\tat com.braze.Braze.getUdm$android_sdk_base_release(Native Method)\n\tat com.braze.Braze.setUserSpecificMemberVariablesAndStartDispatch(Unknown Source:27)\n\tat com.braze.Braze.setUserSpecificMemberVariablesAndStartDispatch(Native Method)\n\tat com.braze.Braze.access$setUserSpecificMemberVariablesAndStartDispatch(Unknown Source:0)\n\tat com.braze.Braze.access$setUserSpecificMemberVariablesAndStartDispatch(Native Method)\n\tat com.braze.a.invoke(Unknown Source:583)\n\tat bo.app.e6.invokeSuspend(Unknown Source:42)\n\tat nj.a.resumeWith(Unknown Source:12)\n\tat jm.m0.run(Unknown Source:118)\n\tat jm.x0.i0(Unknown Source:138)\n\tat ab.b.w0(Unknown Source:67)\n\tat bo.app.f6.invokeSuspend(Unknown Source:20)\n\tat nj.a.resumeWith(Unknown Source:12)\n\tat jm.m0.run(Unknown Source:118)\n\tat java.util.concurrent.ThreadPoolExecutor.runWorker(ThreadPoolExecutor.java:1137)\n\tat java.util.concurrent.ThreadPoolExecutor$Worker.run(ThreadPoolExecutor.java:637)\n\tat java.lang.Thread.run(Thread.java:1012)\n"
},
{
    "type": "log",
    "source": "class",
    "method": "access$getBrazeClassLock$cp",
    "package_name": "com.fanduel.casino",
    "class_name": "com.braze.Braze",
    "timestamp": 1728284040701,
    "ref": "<class: com.braze.Braze>",
    "arguments": "{}",
    "stack_trace": "java.lang.Exception\n\tat com.braze.Braze.access$getBrazeClassLock$cp(Native Method)\n\tat com.braze.Braze$Companion.configure(Unknown Source:23)\n\tat com.casino.template.CasinoApp.onCreate(Unknown Source:133)\n\tat android.app.Instrumentation.callApplicationOnCreate(Instrumentation.java:1289)\n\tat android.app.ActivityThread.handleBindApplication(ActivityThread.java:7226)\n\tat android.app.ActivityThread.handleBindApplication(Native Method)\n\tat android.app.ActivityThread.-$$Nest$mhandleBindApplication(Unknown Source:0)\n\tat android.app.ActivityThread$H.handleMessage(ActivityThread.java:2241)\n\tat android.os.Handler.dispatchMessage(Handler.java:106)\n\tat android.os.Looper.loopOnce(Looper.java:211)\n\tat android.os.Looper.loop(Looper.java:300)\n\tat android.app.ActivityThread.main(ActivityThread.java:8395)\n\tat java.lang.reflect.Method.invoke(Native Method)\n\tat com.android.internal.os.RuntimeInit$MethodAndArgsCaller.run(RuntimeInit.java:559)\n\tat com.android.internal.os.ZygoteInit.main(ZygoteInit.java:954)\n"
},
{
    "type": "log",
    "source": "class",
    "method": "getUdm$android_sdk_base_release",
    "package_name": "com.fanduel.casino",
    "class_name": "com.braze.Braze",
    "timestamp": 1728284040702,
    "ref": "com.braze.Braze@64b68f4",
    "arguments": "{}",
    "stack_trace": "java.lang.Exception\n\tat com.braze.Braze.getUdm$android_sdk_base_release(Native Method)\n\tat com.braze.Braze.setUserSpecificMemberVariablesAndStartDispatch(Unknown Source:44)\n\tat com.braze.Braze.setUserSpecificMemberVariablesAndStartDispatch(Native Method)\n\tat com.braze.Braze.access$setUserSpecificMemberVariablesAndStartDispatch(Unknown Source:0)\n\tat com.braze.Braze.access$setUserSpecificMemberVariablesAndStartDispatch(Native Method)\n\tat com.braze.a.invoke(Unknown Source:583)\n\tat bo.app.e6.invokeSuspend(Unknown Source:42)\n\tat nj.a.resumeWith(Unknown Source:12)\n\tat jm.m0.run(Unknown Source:118)\n\tat jm.x0.i0(Unknown Source:138)\n\tat ab.b.w0(Unknown Source:67)\n\tat bo.app.f6.invokeSuspend(Unknown Source:20)\n\tat nj.a.resumeWith(Unknown Source:12)\n\tat jm.m0.run(Unknown Source:118)\n\tat java.util.concurrent.ThreadPoolExecutor.runWorker(ThreadPoolExecutor.java:1137)\n\tat java.util.concurrent.ThreadPoolExecutor$Worker.run(ThreadPoolExecutor.java:637)\n\tat java.lang.Thread.run(Thread.java:1012)\n"
},
{
    "type": "log",
    "source": "class",
    "method": "access$getInstance$cp",
    "package_name": "com.fanduel.casino",
    "class_name": "com.braze.Braze",
    "timestamp": 1728284040704,
    "ref": "<class: com.braze.Braze>",
    "arguments": "{}",
    "stack_trace": "java.lang.Exception\n\tat com.braze.Braze.access$getInstance$cp(Native Method)\n\tat com.braze.Braze$Companion.configure(Unknown Source:30)\n\tat com.casino.template.CasinoApp.onCreate(Unknown Source:133)\n\tat android.app.Instrumentation.callApplicationOnCreate(Instrumentation.java:1289)\n\tat android.app.ActivityThread.handleBindApplication(ActivityThread.java:7226)\n\tat android.app.ActivityThread.handleBindApplication(Native Method)\n\tat android.app.ActivityThread.-$$Nest$mhandleBindApplication(Unknown Source:0)\n\tat android.app.ActivityThread$H.handleMessage(ActivityThread.java:2241)\n\tat android.os.Handler.dispatchMessage(Handler.java:106)\n\tat android.os.Looper.loopOnce(Looper.java:211)\n\tat android.os.Looper.loop(Looper.java:300)\n\tat android.app.ActivityThread.main(ActivityThread.java:8395)\n\tat java.lang.reflect.Method.invoke(Native Method)\n\tat com.android.internal.os.RuntimeInit$MethodAndArgsCaller.run(RuntimeInit.java:559)\n\tat com.android.internal.os.ZygoteInit.main(ZygoteInit.java:954)\n"
},
{
    "type": "log",
    "source": "class",
    "method": "getUdm$android_sdk_base_release",
    "package_name": "com.fanduel.casino",
    "class_name": "com.braze.Braze",
    "timestamp": 1728284040706,
    "ref": "com.braze.Braze@64b68f4",
    "arguments": "{}",
    "stack_trace": "java.lang.Exception\n\tat com.braze.Braze.getUdm$android_sdk_base_release(Native Method)\n\tat com.braze.Braze.setUserSpecificMemberVariablesAndStartDispatch(Unknown Source:52)\n\tat com.braze.Braze.setUserSpecificMemberVariablesAndStartDispatch(Native Method)\n\tat com.braze.Braze.access$setUserSpecificMemberVariablesAndStartDispatch(Unknown Source:0)\n\tat com.braze.Braze.access$setUserSpecificMemberVariablesAndStartDispatch(Native Method)\n\tat com.braze.a.invoke(Unknown Source:583)\n\tat bo.app.e6.invokeSuspend(Unknown Source:42)\n\tat nj.a.resumeWith(Unknown Source:12)\n\tat jm.m0.run(Unknown Source:118)\n\tat jm.x0.i0(Unknown Source:138)\n\tat ab.b.w0(Unknown Source:67)\n\tat bo.app.f6.invokeSuspend(Unknown Source:20)\n\tat nj.a.resumeWith(Unknown Source:12)\n\tat jm.m0.run(Unknown Source:118)\n\tat java.util.concurrent.ThreadPoolExecutor.runWorker(ThreadPoolExecutor.java:1137)\n\tat java.util.concurrent.ThreadPoolExecutor$Worker.run(ThreadPoolExecutor.java:637)\n\tat java.lang.Thread.run(Thread.java:1012)\n"
},
{
    "type": "log",
    "source": "class",
    "method": "access$isInstanceStopped$p",
    "package_name": "com.fanduel.casino",
    "class_name": "com.braze.Braze",
    "timestamp": 1728284040707,
    "ref": "<class: com.braze.Braze>",
    "arguments": "{\"0\":\"<instance: com.braze.Braze>\"}",
    "stack_trace": "java.lang.Exception\n\tat com.braze.Braze.access$isInstanceStopped$p(Native Method)\n\tat com.braze.Braze$Companion.configure(Unknown Source:36)\n\tat com.casino.template.CasinoApp.onCreate(Unknown Source:133)\n\tat android.app.Instrumentation.callApplicationOnCreate(Instrumentation.java:1289)\n\tat android.app.ActivityThread.handleBindApplication(ActivityThread.java:7226)\n\tat android.app.ActivityThread.handleBindApplication(Native Method)\n\tat android.app.ActivityThread.-$$Nest$mhandleBindApplication(Unknown Source:0)\n\tat android.app.ActivityThread$H.handleMessage(ActivityThread.java:2241)\n\tat android.os.Handler.dispatchMessage(Handler.java:106)\n\tat android.os.Looper.loopOnce(Looper.java:211)\n\tat android.os.Looper.loop(Looper.java:300)\n\tat android.app.ActivityThread.main(ActivityThread.java:8395)\n\tat java.lang.reflect.Method.invoke(Native Method)\n\tat com.android.internal.os.RuntimeInit$MethodAndArgsCaller.run(RuntimeInit.java:559)\n\tat com.android.internal.os.ZygoteInit.main(ZygoteInit.java:954)\n"
},
{
    "type": "log",
    "source": "class",
    "method": "getUdm$android_sdk_base_release",
    "package_name": "com.fanduel.casino",
    "class_name": "com.braze.Braze",
    "timestamp": 1728284040709,
    "ref": "com.braze.Braze@64b68f4",
    "arguments": "{}",
    "stack_trace": "java.lang.Exception\n\tat com.braze.Braze.getUdm$android_sdk_base_release(Native Method)\n\tat com.braze.Braze.setUserSpecificMemberVariablesAndStartDispatch(Unknown Source:66)\n\tat com.braze.Braze.setUserSpecificMemberVariablesAndStartDispatch(Native Method)\n\tat com.braze.Braze.access$setUserSpecificMemberVariablesAndStartDispatch(Unknown Source:0)\n\tat com.braze.Braze.access$setUserSpecificMemberVariablesAndStartDispatch(Native Method)\n\tat com.braze.a.invoke(Unknown Source:583)\n\tat bo.app.e6.invokeSuspend(Unknown Source:42)\n\tat nj.a.resumeWith(Unknown Source:12)\n\tat jm.m0.run(Unknown Source:118)\n\tat jm.x0.i0(Unknown Source:138)\n\tat ab.b.w0(Unknown Source:67)\n\tat bo.app.f6.invokeSuspend(Unknown Source:20)\n\tat nj.a.resumeWith(Unknown Source:12)\n\tat jm.m0.run(Unknown Source:118)\n\tat java.util.concurrent.ThreadPoolExecutor.runWorker(ThreadPoolExecutor.java:1137)\n\tat java.util.concurrent.ThreadPoolExecutor$Worker.run(ThreadPoolExecutor.java:637)\n\tat java.lang.Thread.run(Thread.java:1012)\n"
},
{
    "type": "log",
    "source": "class",
    "method": "isApiKeyPresent$android_sdk_base_release",
    "package_name": "com.fanduel.casino",
    "class_name": "com.braze.Braze",
    "timestamp": 1728284040711,
    "ref": "com.braze.Braze@64b68f4",
    "arguments": "{}",
    "stack_trace": "java.lang.Exception\n\tat com.braze.Braze.isApiKeyPresent$android_sdk_base_release(Native Method)\n\tat com.braze.Braze$Companion.configure(Unknown Source:44)\n\tat com.casino.template.CasinoApp.onCreate(Unknown Source:133)\n\tat android.app.Instrumentation.callApplicationOnCreate(Instrumentation.java:1289)\n\tat android.app.ActivityThread.handleBindApplication(ActivityThread.java:7226)\n\tat android.app.ActivityThread.handleBindApplication(Native Method)\n\tat android.app.ActivityThread.-$$Nest$mhandleBindApplication(Unknown Source:0)\n\tat android.app.ActivityThread$H.handleMessage(ActivityThread.java:2241)\n\tat android.os.Handler.dispatchMessage(Handler.java:106)\n\tat android.os.Looper.loopOnce(Looper.java:211)\n\tat android.os.Looper.loop(Looper.java:300)\n\tat android.app.ActivityThread.main(ActivityThread.java:8395)\n\tat java.lang.reflect.Method.invoke(Native Method)\n\tat com.android.internal.os.RuntimeInit$MethodAndArgsCaller.run(RuntimeInit.java:559)\n\tat com.android.internal.os.ZygoteInit.main(ZygoteInit.java:954)\n"
},
{
    "type": "log",
    "source": "class",
    "method": "getUdm$android_sdk_base_release",
    "package_name": "com.fanduel.casino",
    "class_name": "com.braze.Braze",
    "timestamp": 1728284040713,
    "ref": "com.braze.Braze@64b68f4",
    "arguments": "{}",
    "stack_trace": "java.lang.Exception\n\tat com.braze.Braze.getUdm$android_sdk_base_release(Native Method)\n\tat com.braze.Braze.setUserSpecificMemberVariablesAndStartDispatch(Unknown Source:74)\n\tat com.braze.Braze.setUserSpecificMemberVariablesAndStartDispatch(Native Method)\n\tat com.braze.Braze.access$setUserSpecificMemberVariablesAndStartDispatch(Unknown Source:0)\n\tat com.braze.Braze.access$setUserSpecificMemberVariablesAndStartDispatch(Native Method)\n\tat com.braze.a.invoke(Unknown Source:583)\n\tat bo.app.e6.invokeSuspend(Unknown Source:42)\n\tat nj.a.resumeWith(Unknown Source:12)\n\tat jm.m0.run(Unknown Source:118)\n\tat jm.x0.i0(Unknown Source:138)\n\tat ab.b.w0(Unknown Source:67)\n\tat bo.app.f6.invokeSuspend(Unknown Source:20)\n\tat nj.a.resumeWith(Unknown Source:12)\n\tat jm.m0.run(Unknown Source:118)\n\tat java.util.concurrent.ThreadPoolExecutor.runWorker(ThreadPoolExecutor.java:1137)\n\tat java.util.concurrent.ThreadPoolExecutor$Worker.run(ThreadPoolExecutor.java:637)\n\tat java.lang.Thread.run(Thread.java:1012)\n"
},
{
    "type": "log",
    "source": "class",
    "method": "access$getInstance$cp",
    "package_name": "com.fanduel.casino",
    "class_name": "com.braze.Braze",
    "timestamp": 1728284040715,
    "ref": "<class: com.braze.Braze>",
    "arguments": "{}",
    "stack_trace": "java.lang.Exception\n\tat com.braze.Braze.access$getInstance$cp(Native Method)\n\tat com.braze.Braze$Companion.shouldAllowSingletonInitialization(Unknown Source:0)\n\tat com.braze.Braze$Companion.getInstance(Unknown Source:5)\n\tat com.casino.template.CasinoApp.onCreate(Unknown Source:136)\n\tat android.app.Instrumentation.callApplicationOnCreate(Instrumentation.java:1289)\n\tat android.app.ActivityThread.handleBindApplication(ActivityThread.java:7226)\n\tat android.app.ActivityThread.handleBindApplication(Native Method)\n\tat android.app.ActivityThread.-$$Nest$mhandleBindApplication(Unknown Source:0)\n\tat android.app.ActivityThread$H.handleMessage(ActivityThread.java:2241)\n\tat android.os.Handler.dispatchMessage(Handler.java:106)\n\tat android.os.Looper.loopOnce(Looper.java:211)\n\tat android.os.Looper.loop(Looper.java:300)\n\tat android.app.ActivityThread.main(ActivityThread.java:8395)\n\tat java.lang.reflect.Method.invoke(Native Method)\n\tat com.android.internal.os.RuntimeInit$MethodAndArgsCaller.run(RuntimeInit.java:559)\n\tat com.android.internal.os.ZygoteInit.main(ZygoteInit.java:954)\n"
},
{
    "type": "log",
    "source": "class",
    "method": "access$isInstanceStopped$p",
    "package_name": "com.fanduel.casino",
    "class_name": "com.braze.Braze",
    "timestamp": 1728284040718,
    "ref": "<class: com.braze.Braze>",
    "arguments": "{\"0\":\"<instance: com.braze.Braze>\"}",
    "stack_trace": "java.lang.Exception\n\tat com.braze.Braze.access$isInstanceStopped$p(Native Method)\n\tat com.braze.Braze$Companion.shouldAllowSingletonInitialization(Unknown Source:21)\n\tat com.braze.Braze$Companion.getInstance(Unknown Source:5)\n\tat com.casino.template.CasinoApp.onCreate(Unknown Source:136)\n\tat android.app.Instrumentation.callApplicationOnCreate(Instrumentation.java:1289)\n\tat android.app.ActivityThread.handleBindApplication(ActivityThread.java:7226)\n\tat android.app.ActivityThread.handleBindApplication(Native Method)\n\tat android.app.ActivityThread.-$$Nest$mhandleBindApplication(Unknown Source:0)\n\tat android.app.ActivityThread$H.handleMessage(ActivityThread.java:2241)\n\tat android.os.Handler.dispatchMessage(Handler.java:106)\n\tat android.os.Looper.loopOnce(Looper.java:211)\n\tat android.os.Looper.loop(Looper.java:300)\n\tat android.app.ActivityThread.main(ActivityThread.java:8395)\n\tat java.lang.reflect.Method.invoke(Native Method)\n\tat com.android.internal.os.RuntimeInit$MethodAndArgsCaller.run(RuntimeInit.java:559)\n\tat com.android.internal.os.ZygoteInit.main(ZygoteInit.java:954)\n"
},
{
    "type": "log",
    "source": "class",
    "method": "getUdm$android_sdk_base_release",
    "package_name": "com.fanduel.casino",
    "class_name": "com.braze.Braze",
    "timestamp": 1728284040720,
    "ref": "com.braze.Braze@64b68f4",
    "arguments": "{}",
    "stack_trace": "java.lang.Exception\n\tat com.braze.Braze.getUdm$android_sdk_base_release(Native Method)\n\tat com.braze.Braze.setUserSpecificMemberVariablesAndStartDispatch(Unknown Source:259)\n\tat com.braze.Braze.setUserSpecificMemberVariablesAndStartDispatch(Native Method)\n\tat com.braze.Braze.access$setUserSpecificMemberVariablesAndStartDispatch(Unknown Source:0)\n\tat com.braze.Braze.access$setUserSpecificMemberVariablesAndStartDispatch(Native Method)\n\tat com.braze.a.invoke(Unknown Source:583)\n\tat bo.app.e6.invokeSuspend(Unknown Source:42)\n\tat nj.a.resumeWith(Unknown Source:12)\n\tat jm.m0.run(Unknown Source:118)\n\tat jm.x0.i0(Unknown Source:138)\n\tat ab.b.w0(Unknown Source:67)\n\tat bo.app.f6.invokeSuspend(Unknown Source:20)\n\tat nj.a.resumeWith(Unknown Source:12)\n\tat jm.m0.run(Unknown Source:118)\n\tat java.util.concurrent.ThreadPoolExecutor.runWorker(ThreadPoolExecutor.java:1137)\n\tat java.util.concurrent.ThreadPoolExecutor$Worker.run(ThreadPoolExecutor.java:637)\n\tat java.lang.Thread.run(Thread.java:1012)\n"
},
{
    "type": "log",
    "source": "class",
    "method": "isApiKeyPresent$android_sdk_base_release",
    "package_name": "com.fanduel.casino",
    "class_name": "com.braze.Braze",
    "timestamp": 1728284040722,
    "ref": "com.braze.Braze@64b68f4",
    "arguments": "{}",
    "stack_trace": "java.lang.Exception\n\tat com.braze.Braze.isApiKeyPresent$android_sdk_base_release(Native Method)\n\tat com.braze.Braze$Companion.shouldAllowSingletonInitialization(Unknown Source:42)\n\tat com.braze.Braze$Companion.getInstance(Unknown Source:5)\n\tat com.casino.template.CasinoApp.onCreate(Unknown Source:136)\n\tat android.app.Instrumentation.callApplicationOnCreate(Instrumentation.java:1289)\n\tat android.app.ActivityThread.handleBindApplication(ActivityThread.java:7226)\n\tat android.app.ActivityThread.handleBindApplication(Native Method)\n\tat android.app.ActivityThread.-$$Nest$mhandleBindApplication(Unknown Source:0)\n\tat android.app.ActivityThread$H.handleMessage(ActivityThread.java:2241)\n\tat android.os.Handler.dispatchMessage(Handler.java:106)\n\tat android.os.Looper.loopOnce(Looper.java:211)\n\tat android.os.Looper.loop(Looper.java:300)\n\tat android.app.ActivityThread.main(ActivityThread.java:8395)\n\tat java.lang.reflect.Method.invoke(Native Method)\n\tat com.android.internal.os.RuntimeInit$MethodAndArgsCaller.run(RuntimeInit.java:559)\n\tat com.android.internal.os.ZygoteInit.main(ZygoteInit.java:954)\n"
},
{
    "type": "log",
    "source": "class",
    "method": "getUdm$android_sdk_base_release",
    "package_name": "com.fanduel.casino",
    "class_name": "com.braze.Braze",
    "timestamp": 1728284040724,
    "ref": "com.braze.Braze@64b68f4",
    "arguments": "{}",
    "stack_trace": "java.lang.Exception\n\tat com.braze.Braze.getUdm$android_sdk_base_release(Native Method)\n\tat com.braze.Braze.setUserSpecificMemberVariablesAndStartDispatch(Unknown Source:267)\n\tat com.braze.Braze.setUserSpecificMemberVariablesAndStartDispatch(Native Method)\n\tat com.braze.Braze.access$setUserSpecificMemberVariablesAndStartDispatch(Unknown Source:0)\n\tat com.braze.Braze.access$setUserSpecificMemberVariablesAndStartDispatch(Native Method)\n\tat com.braze.a.invoke(Unknown Source:583)\n\tat bo.app.e6.invokeSuspend(Unknown Source:42)\n\tat nj.a.resumeWith(Unknown Source:12)\n\tat jm.m0.run(Unknown Source:118)\n\tat jm.x0.i0(Unknown Source:138)\n\tat ab.b.w0(Unknown Source:67)\n\tat bo.app.f6.invokeSuspend(Unknown Source:20)\n\tat nj.a.resumeWith(Unknown Source:12)\n\tat jm.m0.run(Unknown Source:118)\n\tat java.util.concurrent.ThreadPoolExecutor.runWorker(ThreadPoolExecutor.java:1137)\n\tat java.util.concurrent.ThreadPoolExecutor$Worker.run(ThreadPoolExecutor.java:637)\n\tat java.lang.Thread.run(Thread.java:1012)\n"
},
{
    "type": "log",
    "source": "class",
    "method": "access$getInstance$cp",
    "package_name": "com.fanduel.casino",
    "class_name": "com.braze.Braze",
    "timestamp": 1728284040725,
    "ref": "<class: com.braze.Braze>",
    "arguments": "{}",
    "stack_trace": "java.lang.Exception\n\tat com.braze.Braze.access$getInstance$cp(Native Method)\n\tat com.braze.Braze$Companion.getInstance(Unknown Source:54)\n\tat com.casino.template.CasinoApp.onCreate(Unknown Source:136)\n\tat android.app.Instrumentation.callApplicationOnCreate(Instrumentation.java:1289)\n\tat android.app.ActivityThread.handleBindApplication(ActivityThread.java:7226)\n\tat android.app.ActivityThread.handleBindApplication(Native Method)\n\tat android.app.ActivityThread.-$$Nest$mhandleBindApplication(Unknown Source:0)\n\tat android.app.ActivityThread$H.handleMessage(ActivityThread.java:2241)\n\tat android.os.Handler.dispatchMessage(Handler.java:106)\n\tat android.os.Looper.loopOnce(Looper.java:211)\n\tat android.os.Looper.loop(Looper.java:300)\n\tat android.app.ActivityThread.main(ActivityThread.java:8395)\n\tat java.lang.reflect.Method.invoke(Native Method)\n\tat com.android.internal.os.RuntimeInit$MethodAndArgsCaller.run(RuntimeInit.java:559)\n\tat com.android.internal.os.ZygoteInit.main(ZygoteInit.java:954)\n"
},
{
    "type": "log",
    "source": "class",
    "method": "getUdm$android_sdk_base_release",
    "package_name": "com.fanduel.casino",
    "class_name": "com.braze.Braze",
    "timestamp": 1728284040729,
    "ref": "com.braze.Braze@64b68f4",
    "arguments": "{}",
    "stack_trace": "java.lang.Exception\n\tat com.braze.Braze.getUdm$android_sdk_base_release(Native Method)\n\tat com.braze.Braze.setUserSpecificMemberVariablesAndStartDispatch(Unknown Source:353)\n\tat com.braze.Braze.setUserSpecificMemberVariablesAndStartDispatch(Native Method)\n\tat com.braze.Braze.access$setUserSpecificMemberVariablesAndStartDispatch(Unknown Source:0)\n\tat com.braze.Braze.access$setUserSpecificMemberVariablesAndStartDispatch(Native Method)\n\tat com.braze.a.invoke(Unknown Source:583)\n\tat bo.app.e6.invokeSuspend(Unknown Source:42)\n\tat nj.a.resumeWith(Unknown Source:12)\n\tat jm.m0.run(Unknown Source:118)\n\tat jm.x0.i0(Unknown Source:138)\n\tat ab.b.w0(Unknown Source:67)\n\tat bo.app.f6.invokeSuspend(Unknown Source:20)\n\tat nj.a.resumeWith(Unknown Source:12)\n\tat jm.m0.run(Unknown Source:118)\n\tat java.util.concurrent.ThreadPoolExecutor.runWorker(ThreadPoolExecutor.java:1137)\n\tat java.util.concurrent.ThreadPoolExecutor$Worker.run(ThreadPoolExecutor.java:637)\n\tat java.lang.Thread.run(Thread.java:1012)\n"
},
{
    "type": "log",
    "source": "class",
    "method": "subscribeToPushNotificationEvents",
    "package_name": "com.fanduel.casino",
    "class_name": "com.braze.Braze",
    "timestamp": 1728284040730,
    "ref": "com.braze.Braze@64b68f4",
    "arguments": "{\"0\":\"<instance: com.braze.events.IEventSubscriber, $className: f5.h>\"}",
    "stack_trace": "java.lang.Exception\n\tat com.braze.Braze.subscribeToPushNotificationEvents(Native Method)\n\tat com.casino.template.CasinoApp.onCreate(Unknown Source:146)\n\tat android.app.Instrumentation.callApplicationOnCreate(Instrumentation.java:1289)\n\tat android.app.ActivityThread.handleBindApplication(ActivityThread.java:7226)\n\tat android.app.ActivityThread.handleBindApplication(Native Method)\n\tat android.app.ActivityThread.-$$Nest$mhandleBindApplication(Unknown Source:0)\n\tat android.app.ActivityThread$H.handleMessage(ActivityThread.java:2241)\n\tat android.os.Handler.dispatchMessage(Handler.java:106)\n\tat android.os.Looper.loopOnce(Looper.java:211)\n\tat android.os.Looper.loop(Looper.java:300)\n\tat android.app.ActivityThread.main(ActivityThread.java:8395)\n\tat java.lang.reflect.Method.invoke(Native Method)\n\tat com.android.internal.os.RuntimeInit$MethodAndArgsCaller.run(RuntimeInit.java:559)\n\tat com.android.internal.os.ZygoteInit.main(ZygoteInit.java:954)\n"
},
{
    "type": "log",
    "source": "class",
    "method": "getInstance",
    "package_name": "com.fanduel.casino",
    "class_name": "com.appsflyer.AppsFlyerLib",
    "timestamp": 1728284040735,
    "ref": "<class: com.appsflyer.AppsFlyerLib>",
    "arguments": "{}",
    "stack_trace": "java.lang.Exception\n\tat com.appsflyer.AppsFlyerLib.getInstance(Native Method)\n\tat com.casino.template.CasinoApp.onCreate(Unknown Source:193)\n\tat android.app.Instrumentation.callApplicationOnCreate(Instrumentation.java:1289)\n\tat android.app.ActivityThread.handleBindApplication(ActivityThread.java:7226)\n\tat android.app.ActivityThread.handleBindApplication(Native Method)\n\tat android.app.ActivityThread.-$$Nest$mhandleBindApplication(Unknown Source:0)\n\tat android.app.ActivityThread$H.handleMessage(ActivityThread.java:2241)\n\tat android.os.Handler.dispatchMessage(Handler.java:106)\n\tat android.os.Looper.loopOnce(Looper.java:211)\n\tat android.os.Looper.loop(Looper.java:300)\n\tat android.app.ActivityThread.main(ActivityThread.java:8395)\n\tat java.lang.reflect.Method.invoke(Native Method)\n\tat com.android.internal.os.RuntimeInit$MethodAndArgsCaller.run(RuntimeInit.java:559)\n\tat com.android.internal.os.ZygoteInit.main(ZygoteInit.java:954)\n"
},
{
    "type": "log",
    "source": "class",
    "method": "getInstance",
    "package_name": "com.fanduel.casino",
    "class_name": "com.appsflyer.AppsFlyerLib",
    "timestamp": 1728284040781,
    "ref": "<class: com.appsflyer.AppsFlyerLib>",
    "arguments": "{}",
    "stack_trace": "java.lang.Exception\n\tat com.appsflyer.AppsFlyerLib.getInstance(Native Method)\n\tat com.casino.template.CasinoApp.onCreate(Unknown Source:222)\n\tat android.app.Instrumentation.callApplicationOnCreate(Instrumentation.java:1289)\n\tat android.app.ActivityThread.handleBindApplication(ActivityThread.java:7226)\n\tat android.app.ActivityThread.handleBindApplication(Native Method)\n\tat android.app.ActivityThread.-$$Nest$mhandleBindApplication(Unknown Source:0)\n\tat android.app.ActivityThread$H.handleMessage(ActivityThread.java:2241)\n\tat android.os.Handler.dispatchMessage(Handler.java:106)\n\tat android.os.Looper.loopOnce(Looper.java:211)\n\tat android.os.Looper.loop(Looper.java:300)\n\tat android.app.ActivityThread.main(ActivityThread.java:8395)\n\tat java.lang.reflect.Method.invoke(Native Method)\n\tat com.android.internal.os.RuntimeInit$MethodAndArgsCaller.run(RuntimeInit.java:559)\n\tat com.android.internal.os.ZygoteInit.main(ZygoteInit.java:954)\n"
},
{
    "type": "log",
    "source": "class",
    "method": "getInstance",
    "package_name": "com.fanduel.casino",
    "class_name": "com.appsflyer.AppsFlyerLib",
    "timestamp": 1728284040785,
    "ref": "<class: com.appsflyer.AppsFlyerLib>",
    "arguments": "{}",
    "stack_trace": "java.lang.Exception\n\tat com.appsflyer.AppsFlyerLib.getInstance(Native Method)\n\tat com.casino.template.CasinoApp.onCreate(Unknown Source:229)\n\tat android.app.Instrumentation.callApplicationOnCreate(Instrumentation.java:1289)\n\tat android.app.ActivityThread.handleBindApplication(ActivityThread.java:7226)\n\tat android.app.ActivityThread.handleBindApplication(Native Method)\n\tat android.app.ActivityThread.-$$Nest$mhandleBindApplication(Unknown Source:0)\n\tat android.app.ActivityThread$H.handleMessage(ActivityThread.java:2241)\n\tat android.os.Handler.dispatchMessage(Handler.java:106)\n\tat android.os.Looper.loopOnce(Looper.java:211)\n\tat android.os.Looper.loop(Looper.java:300)\n\tat android.app.ActivityThread.main(ActivityThread.java:8395)\n\tat java.lang.reflect.Method.invoke(Native Method)\n\tat com.android.internal.os.RuntimeInit$MethodAndArgsCaller.run(RuntimeInit.java:559)\n\tat com.android.internal.os.ZygoteInit.main(ZygoteInit.java:954)\n"
},
{
    "type": "log",
    "source": "class",
    "method": "logCustomEvent",
    "package_name": "com.fanduel.casino",
    "class_name": "com.braze.Braze",
    "timestamp": 1728284040807,
    "ref": "com.braze.Braze@64b68f4",
    "arguments": "{\"0\":\"first_app_launch\",\"1\":\"<instance: com.braze.models.outgoing.BrazeProperties>\"}",
    "stack_trace": "java.lang.Exception\n\tat com.braze.Braze.logCustomEvent(Native Method)\n\tat v7.f.i(Unknown Source:78)\n\tat v7.b.c(Unknown Source:25)\n\tat v7.j.c(Unknown Source:30)\n\tat com.casino.template.CasinoApp.onCreate(Unknown Source:313)\n\tat android.app.Instrumentation.callApplicationOnCreate(Instrumentation.java:1289)\n\tat android.app.ActivityThread.handleBindApplication(ActivityThread.java:7226)\n\tat android.app.ActivityThread.handleBindApplication(Native Method)\n\tat android.app.ActivityThread.-$$Nest$mhandleBindApplication(Unknown Source:0)\n\tat android.app.ActivityThread$H.handleMessage(ActivityThread.java:2241)\n\tat android.os.Handler.dispatchMessage(Handler.java:106)\n\tat android.os.Looper.loopOnce(Looper.java:211)\n\tat android.os.Looper.loop(Looper.java:300)\n\tat android.app.ActivityThread.main(ActivityThread.java:8395)\n\tat java.lang.reflect.Method.invoke(Native Method)\n\tat com.android.internal.os.RuntimeInit$MethodAndArgsCaller.run(RuntimeInit.java:559)\n\tat com.android.internal.os.ZygoteInit.main(ZygoteInit.java:954)\n"
},
{
    "type": "log",
    "source": "class",
    "method": "run$android_sdk_base_release$default",
    "package_name": "com.fanduel.casino",
    "class_name": "com.braze.Braze",
    "timestamp": 1728284040812,
    "ref": "<class: com.braze.Braze>",
    "arguments": "{\"0\":\"<instance: com.braze.Braze>\",\"1\":\"<instance: kotlin.jvm.functions.Function0, $className: bo.app.r2>\",\"2\":false,\"3\":false,\"4\":\"<instance: kotlin.jvm.functions.Function0, $className: bo.app.u2>\",\"5\":6,\"6\":null}",
    "stack_trace": "java.lang.Exception\n\tat com.braze.Braze.run$android_sdk_base_release$default(Native Method)\n\tat com.braze.Braze.logCustomEvent(SourceFile:3)\n\tat com.braze.Braze.logCustomEvent(Native Method)\n\tat v7.f.i(Unknown Source:78)\n\tat v7.b.c(Unknown Source:25)\n\tat v7.j.c(Unknown Source:30)\n\tat com.casino.template.CasinoApp.onCreate(Unknown Source:313)\n\tat android.app.Instrumentation.callApplicationOnCreate(Instrumentation.java:1289)\n\tat android.app.ActivityThread.handleBindApplication(ActivityThread.java:7226)\n\tat android.app.ActivityThread.handleBindApplication(Native Method)\n\tat android.app.ActivityThread.-$$Nest$mhandleBindApplication(Unknown Source:0)\n\tat android.app.ActivityThread$H.handleMessage(ActivityThread.java:2241)\n\tat android.os.Handler.dispatchMessage(Handler.java:106)\n\tat android.os.Looper.loopOnce(Looper.java:211)\n\tat android.os.Looper.loop(Looper.java:300)\n\tat android.app.ActivityThread.main(ActivityThread.java:8395)\n\tat java.lang.reflect.Method.invoke(Native Method)\n\tat com.android.internal.os.RuntimeInit$MethodAndArgsCaller.run(RuntimeInit.java:559)\n\tat com.android.internal.os.ZygoteInit.main(ZygoteInit.java:954)\n"
},
{
    "type": "log",
    "source": "class",
    "method": "run$android_sdk_base_release",
    "package_name": "com.fanduel.casino",
    "class_name": "com.braze.Braze",
    "timestamp": 1728284040817,
    "ref": "com.braze.Braze@64b68f4",
    "arguments": "{\"0\":\"<instance: kotlin.jvm.functions.Function0, $className: bo.app.r2>\",\"1\":true,\"2\":true,\"3\":\"<instance: kotlin.jvm.functions.Function0, $className: bo.app.u2>\"}",
    "stack_trace": "java.lang.Exception\n\tat com.braze.Braze.run$android_sdk_base_release(Native Method)\n\tat com.braze.Braze.run$android_sdk_base_release$default(Unknown Source:11)\n\tat com.braze.Braze.run$android_sdk_base_release$default(Native Method)\n\tat com.braze.Braze.logCustomEvent(SourceFile:3)\n\tat com.braze.Braze.logCustomEvent(Native Method)\n\tat v7.f.i(Unknown Source:78)\n\tat v7.b.c(Unknown Source:25)\n\tat v7.j.c(Unknown Source:30)\n\tat com.casino.template.CasinoApp.onCreate(Unknown Source:313)\n\tat android.app.Instrumentation.callApplicationOnCreate(Instrumentation.java:1289)\n\tat android.app.ActivityThread.handleBindApplication(ActivityThread.java:7226)\n\tat android.app.ActivityThread.handleBindApplication(Native Method)\n\tat android.app.ActivityThread.-$$Nest$mhandleBindApplication(Unknown Source:0)\n\tat android.app.ActivityThread$H.handleMessage(ActivityThread.java:2241)\n\tat android.os.Handler.dispatchMessage(Handler.java:106)\n\tat android.os.Looper.loopOnce(Looper.java:211)\n\tat android.os.Looper.loop(Looper.java:300)\n\tat android.app.ActivityThread.main(ActivityThread.java:8395)\n\tat java.lang.reflect.Method.invoke(Native Method)\n\tat com.android.internal.os.RuntimeInit$MethodAndArgsCaller.run(RuntimeInit.java:559)\n\tat com.android.internal.os.ZygoteInit.main(ZygoteInit.java:954)\n"
},
{
    "type": "log",
    "source": "class",
    "method": "access$getSdkEnablementProvider$cp",
    "package_name": "com.fanduel.casino",
    "class_name": "com.braze.Braze",
    "timestamp": 1728284040821,
    "ref": "<class: com.braze.Braze>",
    "arguments": "{}",
    "stack_trace": "java.lang.Exception\n\tat com.braze.Braze.access$getSdkEnablementProvider$cp(Native Method)\n\tat com.braze.Braze$Companion.getSdkEnablementProvider$android_sdk_base_release(Unknown Source:0)\n\tat com.braze.Braze$Companion.isDisabled(Unknown Source:0)\n\tat com.braze.Braze.run$android_sdk_base_release(Unknown Source:14)\n\tat com.braze.Braze.run$android_sdk_base_release(Native Method)\n\tat com.braze.Braze.run$android_sdk_base_release$default(Unknown Source:11)\n\tat com.braze.Braze.run$android_sdk_base_release$default(Native Method)\n\tat com.braze.Braze.logCustomEvent(SourceFile:3)\n\tat com.braze.Braze.logCustomEvent(Native Method)\n\tat v7.f.i(Unknown Source:78)\n\tat v7.b.c(Unknown Source:25)\n\tat v7.j.c(Unknown Source:30)\n\tat com.casino.template.CasinoApp.onCreate(Unknown Source:313)\n\tat android.app.Instrumentation.callApplicationOnCreate(Instrumentation.java:1289)\n\tat android.app.ActivityThread.handleBindApplication(ActivityThread.java:7226)\n\tat android.app.ActivityThread.handleBindApplication(Native Method)\n\tat android.app.ActivityThread.-$$Nest$mhandleBindApplication(Unknown Source:0)\n\tat android.app.ActivityThread$H.handleMessage(ActivityThread.java:2241)\n\tat android.os.Handler.dispatchMessage(Handler.java:106)\n\tat android.os.Looper.loopOnce(Looper.java:211)\n\tat android.os.Looper.loop(Looper.java:300)\n\tat android.app.ActivityThread.main(ActivityThread.java:8395)\n\tat java.lang.reflect.Method.invoke(Native Method)\n\tat com.android.internal.os.RuntimeInit$MethodAndArgsCaller.run(RuntimeInit.java:559)\n\tat com.android.internal.os.ZygoteInit.main(ZygoteInit.java:954)\n"
},
{
    "type": "log",
    "source": "class",
    "method": "access$getInstance$cp",
    "package_name": "com.fanduel.casino",
    "class_name": "com.braze.Braze",
    "timestamp": 1728284040826,
    "ref": "<class: com.braze.Braze>",
    "arguments": "{}",
    "stack_trace": "java.lang.Exception\n\tat com.braze.Braze.access$getInstance$cp(Native Method)\n\tat com.braze.Braze$Companion.isDisabled(Unknown Source:20)\n\tat com.braze.Braze.run$android_sdk_base_release(Unknown Source:14)\n\tat com.braze.Braze.run$android_sdk_base_release(Native Method)\n\tat com.braze.Braze.run$android_sdk_base_release$default(Unknown Source:11)\n\tat com.braze.Braze.run$android_sdk_base_release$default(Native Method)\n\tat com.braze.Braze.logCustomEvent(SourceFile:3)\n\tat com.braze.Braze.logCustomEvent(Native Method)\n\tat v7.f.i(Unknown Source:78)\n\tat v7.b.c(Unknown Source:25)\n\tat v7.j.c(Unknown Source:30)\n\tat com.casino.template.CasinoApp.onCreate(Unknown Source:313)\n\tat android.app.Instrumentation.callApplicationOnCreate(Instrumentation.java:1289)\n\tat android.app.ActivityThread.handleBindApplication(ActivityThread.java:7226)\n\tat android.app.ActivityThread.handleBindApplication(Native Method)\n\tat android.app.ActivityThread.-$$Nest$mhandleBindApplication(Unknown Source:0)\n\tat android.app.ActivityThread$H.handleMessage(ActivityThread.java:2241)\n\tat android.os.Handler.dispatchMessage(Handler.java:106)\n\tat android.os.Looper.loopOnce(Looper.java:211)\n\tat android.os.Looper.loop(Looper.java:300)\n\tat android.app.ActivityThread.main(ActivityThread.java:8395)\n\tat java.lang.reflect.Method.invoke(Native Method)\n\tat com.android.internal.os.RuntimeInit$MethodAndArgsCaller.run(RuntimeInit.java:559)\n\tat com.android.internal.os.ZygoteInit.main(ZygoteInit.java:954)\n"
},
{
    "type": "log",
    "source": "class",
    "method": "isApiKeyPresent$android_sdk_base_release",
    "package_name": "com.fanduel.casino",
    "class_name": "com.braze.Braze",
    "timestamp": 1728284040830,
    "ref": "com.braze.Braze@64b68f4",
    "arguments": "{}",
    "stack_trace": "java.lang.Exception\n\tat com.braze.Braze.isApiKeyPresent$android_sdk_base_release(Native Method)\n\tat com.braze.Braze$Companion.isDisabled(Unknown Source:28)\n\tat com.braze.Braze.run$android_sdk_base_release(Unknown Source:14)\n\tat com.braze.Braze.run$android_sdk_base_release(Native Method)\n\tat com.braze.Braze.run$android_sdk_base_release$default(Unknown Source:11)\n\tat com.braze.Braze.run$android_sdk_base_release$default(Native Method)\n\tat com.braze.Braze.logCustomEvent(SourceFile:3)\n\tat com.braze.Braze.logCustomEvent(Native Method)\n\tat v7.f.i(Unknown Source:78)\n\tat v7.b.c(Unknown Source:25)\n\tat v7.j.c(Unknown Source:30)\n\tat com.casino.template.CasinoApp.onCreate(Unknown Source:313)\n\tat android.app.Instrumentation.callApplicationOnCreate(Instrumentation.java:1289)\n\tat android.app.ActivityThread.handleBindApplication(ActivityThread.java:7226)\n\tat android.app.ActivityThread.handleBindApplication(Native Method)\n\tat android.app.ActivityThread.-$$Nest$mhandleBindApplication(Unknown Source:0)\n\tat android.app.ActivityThread$H.handleMessage(ActivityThread.java:2241)\n\tat android.os.Handler.dispatchMessage(Handler.java:106)\n\tat android.os.Looper.loopOnce(Looper.java:211)\n\tat android.os.Looper.loop(Looper.java:300)\n\tat android.app.ActivityThread.main(ActivityThread.java:8395)\n\tat java.lang.reflect.Method.invoke(Native Method)\n\tat com.android.internal.os.RuntimeInit$MethodAndArgsCaller.run(RuntimeInit.java:559)\n\tat com.android.internal.os.ZygoteInit.main(ZygoteInit.java:954)\n"
},
{
    "type": "log",
    "source": "class",
    "method": "getUdm$android_sdk_base_release",
    "package_name": "com.fanduel.casino",
    "class_name": "com.braze.Braze",
    "timestamp": 1728284040837,
    "ref": "com.braze.Braze@64b68f4",
    "arguments": "{}",
    "stack_trace": "java.lang.Exception\n\tat com.braze.Braze.getUdm$android_sdk_base_release(Native Method)\n\tat bo.app.u2.invoke(Unknown Source:11)\n\tat bo.app.e6.invokeSuspend(Unknown Source:42)\n\tat nj.a.resumeWith(Unknown Source:12)\n\tat jm.m0.run(Unknown Source:118)\n\tat jm.x0.i0(Unknown Source:138)\n\tat ab.b.w0(Unknown Source:67)\n\tat bo.app.f6.invokeSuspend(Unknown Source:20)\n\tat nj.a.resumeWith(Unknown Source:12)\n\tat jm.m0.run(Unknown Source:118)\n\tat java.util.concurrent.ThreadPoolExecutor.runWorker(ThreadPoolExecutor.java:1137)\n\tat java.util.concurrent.ThreadPoolExecutor$Worker.run(ThreadPoolExecutor.java:637)\n\tat java.lang.Thread.run(Thread.java:1012)\n"
},
{
    "type": "log",
    "source": "class",
    "method": "logEvent",
    "package_name": "com.fanduel.casino",
    "class_name": "com.google.firebase.analytics.FirebaseAnalytics",
    "timestamp": 1728284040839,
    "ref": "com.google.firebase.analytics.FirebaseAnalytics@10d2ae8",
    "arguments": "{\"0\":\"first_app_launch\",\"1\":\"<instance: android.os.Bundle>\"}",
    "stack_trace": "java.lang.Exception\n\tat com.google.firebase.analytics.FirebaseAnalytics.logEvent(Native Method)\n\tat v7.g.i(Unknown Source:169)\n\tat v7.b.c(Unknown Source:25)\n\tat v7.j.c(Unknown Source:30)\n\tat com.casino.template.CasinoApp.onCreate(Unknown Source:313)\n\tat android.app.Instrumentation.callApplicationOnCreate(Instrumentation.java:1289)\n\tat android.app.ActivityThread.handleBindApplication(ActivityThread.java:7226)\n\tat android.app.ActivityThread.handleBindApplication(Native Method)\n\tat android.app.ActivityThread.-$$Nest$mhandleBindApplication(Unknown Source:0)\n\tat android.app.ActivityThread$H.handleMessage(ActivityThread.java:2241)\n\tat android.os.Handler.dispatchMessage(Handler.java:106)\n\tat android.os.Looper.loopOnce(Looper.java:211)\n\tat android.os.Looper.loop(Looper.java:300)\n\tat android.app.ActivityThread.main(ActivityThread.java:8395)\n\tat java.lang.reflect.Method.invoke(Native Method)\n\tat com.android.internal.os.RuntimeInit$MethodAndArgsCaller.run(RuntimeInit.java:559)\n\tat com.android.internal.os.ZygoteInit.main(ZygoteInit.java:954)\n"
},
{
    "type": "log",
    "source": "class",
    "method": "access$isEphemeralEventKey",
    "package_name": "com.fanduel.casino",
    "class_name": "com.braze.Braze",
    "timestamp": 1728284040845,
    "ref": "<class: com.braze.Braze>",
    "arguments": "{\"0\":\"<instance: com.braze.Braze>\",\"1\":\"first_app_launch\"}",
    "stack_trace": "java.lang.Exception\n\tat com.braze.Braze.access$isEphemeralEventKey(Native Method)\n\tat bo.app.u2.invoke(Unknown Source:113)\n\tat bo.app.e6.invokeSuspend(Unknown Source:42)\n\tat nj.a.resumeWith(Unknown Source:12)\n\tat jm.m0.run(Unknown Source:118)\n\tat jm.x0.i0(Unknown Source:138)\n\tat ab.b.w0(Unknown Source:67)\n\tat bo.app.f6.invokeSuspend(Unknown Source:20)\n\tat nj.a.resumeWith(Unknown Source:12)\n\tat jm.m0.run(Unknown Source:118)\n\tat java.util.concurrent.ThreadPoolExecutor.runWorker(ThreadPoolExecutor.java:1137)\n\tat java.util.concurrent.ThreadPoolExecutor$Worker.run(ThreadPoolExecutor.java:637)\n\tat java.lang.Thread.run(Thread.java:1012)\n"
},
{
    "type": "log",
    "source": "class",
    "method": "getCurrentUser",
    "package_name": "com.fanduel.casino",
    "class_name": "com.braze.Braze",
    "timestamp": 1728284040847,
    "ref": "com.braze.Braze@64b68f4",
    "arguments": "{}",
    "stack_trace": "java.lang.Exception\n\tat com.braze.Braze.getCurrentUser(Native Method)\n\tat v7.f.k(Unknown Source:18)\n\tat v7.j.k(Unknown Source:18)\n\tat com.casino.template.CasinoApp.onCreate(Unknown Source:324)\n\tat android.app.Instrumentation.callApplicationOnCreate(Instrumentation.java:1289)\n\tat android.app.ActivityThread.handleBindApplication(ActivityThread.java:7226)\n\tat android.app.ActivityThread.handleBindApplication(Native Method)\n\tat android.app.ActivityThread.-$$Nest$mhandleBindApplication(Unknown Source:0)\n\tat android.app.ActivityThread$H.handleMessage(ActivityThread.java:2241)\n\tat android.os.Handler.dispatchMessage(Handler.java:106)\n\tat android.os.Looper.loopOnce(Looper.java:211)\n\tat android.os.Looper.loop(Looper.java:300)\n\tat android.app.ActivityThread.main(ActivityThread.java:8395)\n\tat java.lang.reflect.Method.invoke(Native Method)\n\tat com.android.internal.os.RuntimeInit$MethodAndArgsCaller.run(RuntimeInit.java:559)\n\tat com.android.internal.os.ZygoteInit.main(ZygoteInit.java:954)\n"
},
{
    "type": "log",
    "source": "class",
    "method": "isEphemeralEventKey",
    "package_name": "com.fanduel.casino",
    "class_name": "com.braze.Braze",
    "timestamp": 1728284040849,
    "ref": "com.braze.Braze@64b68f4",
    "arguments": "{\"0\":\"first_app_launch\"}",
    "stack_trace": "java.lang.Exception\n\tat com.braze.Braze.isEphemeralEventKey(Native Method)\n\tat com.braze.Braze.access$isEphemeralEventKey(Unknown Source:0)\n\tat com.braze.Braze.access$isEphemeralEventKey(Native Method)\n\tat bo.app.u2.invoke(Unknown Source:113)\n\tat bo.app.e6.invokeSuspend(Unknown Source:42)\n\tat nj.a.resumeWith(Unknown Source:12)\n\tat jm.m0.run(Unknown Source:118)\n\tat jm.x0.i0(Unknown Source:138)\n\tat ab.b.w0(Unknown Source:67)\n\tat bo.app.f6.invokeSuspend(Unknown Source:20)\n\tat nj.a.resumeWith(Unknown Source:12)\n\tat jm.m0.run(Unknown Source:118)\n\tat java.util.concurrent.ThreadPoolExecutor.runWorker(ThreadPoolExecutor.java:1137)\n\tat java.util.concurrent.ThreadPoolExecutor$Worker.run(ThreadPoolExecutor.java:637)\n\tat java.lang.Thread.run(Thread.java:1012)\n"
},
{
    "type": "log",
    "source": "class",
    "method": "runForResult",
    "package_name": "com.fanduel.casino",
    "class_name": "com.braze.Braze",
    "timestamp": 1728284040853,
    "ref": "com.braze.Braze@64b68f4",
    "arguments": "{\"0\":null,\"1\":\"<instance: kotlin.jvm.functions.Function0, $className: bo.app.n1>\",\"2\":false,\"3\":true,\"4\":\"<instance: kotlin.jvm.functions.Function2, $className: bo.app.o1>\"}",
    "stack_trace": "java.lang.Exception\n\tat com.braze.Braze.runForResult(Native Method)\n\tat com.braze.Braze.getCurrentUser(SourceFile:2)\n\tat com.braze.Braze.getCurrentUser(Native Method)\n\tat v7.f.k(Unknown Source:18)\n\tat v7.j.k(Unknown Source:18)\n\tat com.casino.template.CasinoApp.onCreate(Unknown Source:324)\n\tat android.app.Instrumentation.callApplicationOnCreate(Instrumentation.java:1289)\n\tat android.app.ActivityThread.handleBindApplication(ActivityThread.java:7226)\n\tat android.app.ActivityThread.handleBindApplication(Native Method)\n\tat android.app.ActivityThread.-$$Nest$mhandleBindApplication(Unknown Source:0)\n\tat android.app.ActivityThread$H.handleMessage(ActivityThread.java:2241)\n\tat android.os.Handler.dispatchMessage(Handler.java:106)\n\tat android.os.Looper.loopOnce(Looper.java:211)\n\tat android.os.Looper.loop(Looper.java:300)\n\tat android.app.ActivityThread.main(ActivityThread.java:8395)\n\tat java.lang.reflect.Method.invoke(Native Method)\n\tat com.android.internal.os.RuntimeInit$MethodAndArgsCaller.run(RuntimeInit.java:559)\n\tat com.android.internal.os.ZygoteInit.main(ZygoteInit.java:954)\n"
},
{
    "type": "log",
    "source": "class",
    "method": "getConfigurationProvider$android_sdk_base_release",
    "package_name": "com.fanduel.casino",
    "class_name": "com.braze.Braze",
    "timestamp": 1728284040854,
    "ref": "com.braze.Braze@64b68f4",
    "arguments": "{}",
    "stack_trace": "java.lang.Exception\n\tat com.braze.Braze.getConfigurationProvider$android_sdk_base_release(Native Method)\n\tat com.braze.Braze.isEphemeralEventKey(Unknown Source:0)\n\tat com.braze.Braze.isEphemeralEventKey(Native Method)\n\tat com.braze.Braze.access$isEphemeralEventKey(Unknown Source:0)\n\tat com.braze.Braze.access$isEphemeralEventKey(Native Method)\n\tat bo.app.u2.invoke(Unknown Source:113)\n\tat bo.app.e6.invokeSuspend(Unknown Source:42)\n\tat nj.a.resumeWith(Unknown Source:12)\n\tat jm.m0.run(Unknown Source:118)\n\tat jm.x0.i0(Unknown Source:138)\n\tat ab.b.w0(Unknown Source:67)\n\tat bo.app.f6.invokeSuspend(Unknown Source:20)\n\tat nj.a.resumeWith(Unknown Source:12)\n\tat jm.m0.run(Unknown Source:118)\n\tat java.util.concurrent.ThreadPoolExecutor.runWorker(ThreadPoolExecutor.java:1137)\n\tat java.util.concurrent.ThreadPoolExecutor$Worker.run(ThreadPoolExecutor.java:637)\n\tat java.lang.Thread.run(Thread.java:1012)\n"
},
{
    "type": "log",
    "source": "class",
    "method": "getUdm$android_sdk_base_release",
    "package_name": "com.fanduel.casino",
    "class_name": "com.braze.Braze",
    "timestamp": 1728284040867,
    "ref": "com.braze.Braze@64b68f4",
    "arguments": "{}",
    "stack_trace": "java.lang.Exception\n\tat com.braze.Braze.getUdm$android_sdk_base_release(Native Method)\n\tat bo.app.u2.invoke(Unknown Source:136)\n\tat bo.app.e6.invokeSuspend(Unknown Source:42)\n\tat nj.a.resumeWith(Unknown Source:12)\n\tat jm.m0.run(Unknown Source:118)\n\tat jm.x0.i0(Unknown Source:138)\n\tat ab.b.w0(Unknown Source:67)\n\tat bo.app.f6.invokeSuspend(Unknown Source:20)\n\tat nj.a.resumeWith(Unknown Source:12)\n\tat jm.m0.run(Unknown Source:118)\n\tat java.util.concurrent.ThreadPoolExecutor.runWorker(ThreadPoolExecutor.java:1137)\n\tat java.util.concurrent.ThreadPoolExecutor$Worker.run(ThreadPoolExecutor.java:637)\n\tat java.lang.Thread.run(Thread.java:1012)\n"
},
{
    "type": "log",
    "source": "class",
    "method": "getUdm$android_sdk_base_release",
    "package_name": "com.fanduel.casino",
    "class_name": "com.braze.Braze",
    "timestamp": 1728284040876,
    "ref": "com.braze.Braze@64b68f4",
    "arguments": "{}",
    "stack_trace": "java.lang.Exception\n\tat com.braze.Braze.getUdm$android_sdk_base_release(Native Method)\n\tat bo.app.u2.invoke(Unknown Source:152)\n\tat bo.app.e6.invokeSuspend(Unknown Source:42)\n\tat nj.a.resumeWith(Unknown Source:12)\n\tat jm.m0.run(Unknown Source:118)\n\tat jm.x0.i0(Unknown Source:138)\n\tat ab.b.w0(Unknown Source:67)\n\tat bo.app.f6.invokeSuspend(Unknown Source:20)\n\tat nj.a.resumeWith(Unknown Source:12)\n\tat jm.m0.run(Unknown Source:118)\n\tat java.util.concurrent.ThreadPoolExecutor.runWorker(ThreadPoolExecutor.java:1137)\n\tat java.util.concurrent.ThreadPoolExecutor$Worker.run(ThreadPoolExecutor.java:637)\n\tat java.lang.Thread.run(Thread.java:1012)\n"
},
{
    "type": "log",
    "source": "class",
    "method": "access$getBrazeUser$p",
    "package_name": "com.fanduel.casino",
    "class_name": "com.braze.Braze",
    "timestamp": 1728284040882,
    "ref": "<class: com.braze.Braze>",
    "arguments": "{\"0\":\"<instance: com.braze.Braze>\"}",
    "stack_trace": "java.lang.Exception\n\tat com.braze.Braze.access$getBrazeUser$p(Native Method)\n\tat bo.app.o1.invokeSuspend(Unknown Source:7)\n\tat bo.app.o1.invoke(Unknown Source:13)\n\tat bo.app.h6.invokeSuspend(Unknown Source:63)\n\tat nj.a.resumeWith(Unknown Source:12)\n\tat jm.m0.run(Unknown Source:118)\n\tat jm.x0.i0(Unknown Source:138)\n\tat ab.b.w0(Unknown Source:67)\n\tat bo.app.i6.invokeSuspend(Unknown Source:22)\n\tat nj.a.resumeWith(Unknown Source:12)\n\tat jm.m0.run(Unknown Source:118)\n\tat java.util.concurrent.ThreadPoolExecutor.runWorker(ThreadPoolExecutor.java:1137)\n\tat java.util.concurrent.ThreadPoolExecutor$Worker.run(ThreadPoolExecutor.java:637)\n\tat java.lang.Thread.run(Thread.java:1012)\n"
},
{
    "type": "log",
    "source": "class",
    "method": "setCustomUserAttribute",
    "package_name": "com.fanduel.casino",
    "class_name": "com.braze.BrazeUser",
    "timestamp": 1728284040889,
    "ref": "com.braze.BrazeUser@2c2ab15",
    "arguments": "{\"0\":\"App ID\",\"1\":\"com.fanduel.casino\"}",
    "stack_trace": "java.lang.Exception\n\tat com.braze.BrazeUser.setCustomUserAttribute(Native Method)\n\tat v7.f.k(Unknown Source:24)\n\tat v7.j.k(Unknown Source:18)\n\tat com.casino.template.CasinoApp.onCreate(Unknown Source:324)\n\tat android.app.Instrumentation.callApplicationOnCreate(Instrumentation.java:1289)\n\tat android.app.ActivityThread.handleBindApplication(ActivityThread.java:7226)\n\tat android.app.ActivityThread.handleBindApplication(Native Method)\n\tat android.app.ActivityThread.-$$Nest$mhandleBindApplication(Unknown Source:0)\n\tat android.app.ActivityThread$H.handleMessage(ActivityThread.java:2241)\n\tat android.os.Handler.dispatchMessage(Handler.java:106)\n\tat android.os.Looper.loopOnce(Looper.java:211)\n\tat android.os.Looper.loop(Looper.java:300)\n\tat android.app.ActivityThread.main(ActivityThread.java:8395)\n\tat java.lang.reflect.Method.invoke(Native Method)\n\tat com.android.internal.os.RuntimeInit$MethodAndArgsCaller.run(RuntimeInit.java:559)\n\tat com.android.internal.os.ZygoteInit.main(ZygoteInit.java:954)\n"
},
{
    "type": "log",
    "source": "class",
    "method": "setCustomAttribute$default",
    "package_name": "com.fanduel.casino",
    "class_name": "com.braze.BrazeUser",
    "timestamp": 1728284040892,
    "ref": "<class: com.braze.BrazeUser>",
    "arguments": "{\"0\":\"<instance: com.braze.BrazeUser>\",\"1\":\"App ID\",\"2\":\"<instance: java.lang.Object, $className: java.lang.String>\",\"3\":false,\"4\":4,\"5\":null}",
    "stack_trace": "java.lang.Exception\n\tat com.braze.BrazeUser.setCustomAttribute$default(Native Method)\n\tat com.braze.BrazeUser.setCustomUserAttribute(SourceFile:10)\n\tat com.braze.BrazeUser.setCustomUserAttribute(Native Method)\n\tat v7.f.k(Unknown Source:24)\n\tat v7.j.k(Unknown Source:18)\n\tat com.casino.template.CasinoApp.onCreate(Unknown Source:324)\n\tat android.app.Instrumentation.callApplicationOnCreate(Instrumentation.java:1289)\n\tat android.app.ActivityThread.handleBindApplication(ActivityThread.java:7226)\n\tat android.app.ActivityThread.handleBindApplication(Native Method)\n\tat android.app.ActivityThread.-$$Nest$mhandleBindApplication(Unknown Source:0)\n\tat android.app.ActivityThread$H.handleMessage(ActivityThread.java:2241)\n\tat android.os.Handler.dispatchMessage(Handler.java:106)\n\tat android.os.Looper.loopOnce(Looper.java:211)\n\tat android.os.Looper.loop(Looper.java:300)\n\tat android.app.ActivityThread.main(ActivityThread.java:8395)\n\tat java.lang.reflect.Method.invoke(Native Method)\n\tat com.android.internal.os.RuntimeInit$MethodAndArgsCaller.run(RuntimeInit.java:559)\n\tat com.android.internal.os.ZygoteInit.main(ZygoteInit.java:954)\n"
},
{
    "type": "log",
    "source": "class",
    "method": "setCustomAttribute",
    "package_name": "com.fanduel.casino",
    "class_name": "com.braze.BrazeUser",
    "timestamp": 1728284040896,
    "ref": "com.braze.BrazeUser@2c2ab15",
    "arguments": "{\"0\":\"App ID\",\"1\":\"<instance: java.lang.Object, $className: java.lang.String>\",\"2\":false}",
    "stack_trace": "java.lang.Exception\n\tat com.braze.BrazeUser.setCustomAttribute(Native Method)\n\tat com.braze.BrazeUser.setCustomAttribute$default(Unknown Source:5)\n\tat com.braze.BrazeUser.setCustomAttribute$default(Native Method)\n\tat com.braze.BrazeUser.setCustomUserAttribute(SourceFile:10)\n\tat com.braze.BrazeUser.setCustomUserAttribute(Native Method)\n\tat v7.f.k(Unknown Source:24)\n\tat v7.j.k(Unknown Source:18)\n\tat com.casino.template.CasinoApp.onCreate(Unknown Source:324)\n\tat android.app.Instrumentation.callApplicationOnCreate(Instrumentation.java:1289)\n\tat android.app.ActivityThread.handleBindApplication(ActivityThread.java:7226)\n\tat android.app.ActivityThread.handleBindApplication(Native Method)\n\tat android.app.ActivityThread.-$$Nest$mhandleBindApplication(Unknown Source:0)\n\tat android.app.ActivityThread$H.handleMessage(ActivityThread.java:2241)\n\tat android.os.Handler.dispatchMessage(Handler.java:106)\n\tat android.os.Looper.loopOnce(Looper.java:211)\n\tat android.os.Looper.loop(Looper.java:300)\n\tat android.app.ActivityThread.main(ActivityThread.java:8395)\n\tat java.lang.reflect.Method.invoke(Native Method)\n\tat com.android.internal.os.RuntimeInit$MethodAndArgsCaller.run(RuntimeInit.java:559)\n\tat com.android.internal.os.ZygoteInit.main(ZygoteInit.java:954)\n"
},
{
    "type": "log",
    "source": "class",
    "method": "setUserProperty",
    "package_name": "com.fanduel.casino",
    "class_name": "com.google.firebase.analytics.FirebaseAnalytics",
    "timestamp": 1728284040902,
    "ref": "com.google.firebase.analytics.FirebaseAnalytics@10d2ae8",
    "arguments": "{\"0\":\"App ID\",\"1\":\"com.fanduel.casino\"}",
    "stack_trace": "java.lang.Exception\n\tat com.google.firebase.analytics.FirebaseAnalytics.setUserProperty(Native Method)\n\tat v7.g.k(Unknown Source:37)\n\tat v7.j.k(Unknown Source:18)\n\tat com.casino.template.CasinoApp.onCreate(Unknown Source:324)\n\tat android.app.Instrumentation.callApplicationOnCreate(Instrumentation.java:1289)\n\tat android.app.ActivityThread.handleBindApplication(ActivityThread.java:7226)\n\tat android.app.ActivityThread.handleBindApplication(Native Method)\n\tat android.app.ActivityThread.-$$Nest$mhandleBindApplication(Unknown Source:0)\n\tat android.app.ActivityThread$H.handleMessage(ActivityThread.java:2241)\n\tat android.os.Handler.dispatchMessage(Handler.java:106)\n\tat android.os.Looper.loopOnce(Looper.java:211)\n\tat android.os.Looper.loop(Looper.java:300)\n\tat android.app.ActivityThread.main(ActivityThread.java:8395)\n\tat java.lang.reflect.Method.invoke(Native Method)\n\tat com.android.internal.os.RuntimeInit$MethodAndArgsCaller.run(RuntimeInit.java:559)\n\tat com.android.internal.os.ZygoteInit.main(ZygoteInit.java:954)\n"
},
{
    "type": "log",
    "source": "class",
    "method": "getCurrentUser",
    "package_name": "com.fanduel.casino",
    "class_name": "com.braze.Braze",
    "timestamp": 1728284040907,
    "ref": "com.braze.Braze@64b68f4",
    "arguments": "{}",
    "stack_trace": "java.lang.Exception\n\tat com.braze.Braze.getCurrentUser(Native Method)\n\tat v7.f.k(Unknown Source:18)\n\tat v7.j.k(Unknown Source:18)\n\tat com.casino.template.CasinoApp.onCreate(Unknown Source:340)\n\tat android.app.Instrumentation.callApplicationOnCreate(Instrumentation.java:1289)\n\tat android.app.ActivityThread.handleBindApplication(ActivityThread.java:7226)\n\tat android.app.ActivityThread.handleBindApplication(Native Method)\n\tat android.app.ActivityThread.-$$Nest$mhandleBindApplication(Unknown Source:0)\n\tat android.app.ActivityThread$H.handleMessage(ActivityThread.java:2241)\n\tat android.os.Handler.dispatchMessage(Handler.java:106)\n\tat android.os.Looper.loopOnce(Looper.java:211)\n\tat android.os.Looper.loop(Looper.java:300)\n\tat android.app.ActivityThread.main(ActivityThread.java:8395)\n\tat java.lang.reflect.Method.invoke(Native Method)\n\tat com.android.internal.os.RuntimeInit$MethodAndArgsCaller.run(RuntimeInit.java:559)\n\tat com.android.internal.os.ZygoteInit.main(ZygoteInit.java:954)\n"
},
{
    "type": "log",
    "source": "class",
    "method": "runForResult",
    "package_name": "com.fanduel.casino",
    "class_name": "com.braze.Braze",
    "timestamp": 1728284040911,
    "ref": "com.braze.Braze@64b68f4",
    "arguments": "{\"0\":null,\"1\":\"<instance: kotlin.jvm.functions.Function0, $className: bo.app.n1>\",\"2\":false,\"3\":true,\"4\":\"<instance: kotlin.jvm.functions.Function2, $className: bo.app.o1>\"}",
    "stack_trace": "java.lang.Exception\n\tat com.braze.Braze.runForResult(Native Method)\n\tat com.braze.Braze.getCurrentUser(SourceFile:2)\n\tat com.braze.Braze.getCurrentUser(Native Method)\n\tat v7.f.k(Unknown Source:18)\n\tat v7.j.k(Unknown Source:18)\n\tat com.casino.template.CasinoApp.onCreate(Unknown Source:340)\n\tat android.app.Instrumentation.callApplicationOnCreate(Instrumentation.java:1289)\n\tat android.app.ActivityThread.handleBindApplication(ActivityThread.java:7226)\n\tat android.app.ActivityThread.handleBindApplication(Native Method)\n\tat android.app.ActivityThread.-$$Nest$mhandleBindApplication(Unknown Source:0)\n\tat android.app.ActivityThread$H.handleMessage(ActivityThread.java:2241)\n\tat android.os.Handler.dispatchMessage(Handler.java:106)\n\tat android.os.Looper.loopOnce(Looper.java:211)\n\tat android.os.Looper.loop(Looper.java:300)\n\tat android.app.ActivityThread.main(ActivityThread.java:8395)\n\tat java.lang.reflect.Method.invoke(Native Method)\n\tat com.android.internal.os.RuntimeInit$MethodAndArgsCaller.run(RuntimeInit.java:559)\n\tat com.android.internal.os.ZygoteInit.main(ZygoteInit.java:954)\n"
},
{
    "type": "log",
    "source": "class",
    "method": "access$getBrazeUser$p",
    "package_name": "com.fanduel.casino",
    "class_name": "com.braze.Braze",
    "timestamp": 1728284040919,
    "ref": "<class: com.braze.Braze>",
    "arguments": "{\"0\":\"<instance: com.braze.Braze>\"}",
    "stack_trace": "java.lang.Exception\n\tat com.braze.Braze.access$getBrazeUser$p(Native Method)\n\tat bo.app.o1.invokeSuspend(Unknown Source:7)\n\tat bo.app.o1.invoke(Unknown Source:13)\n\tat bo.app.h6.invokeSuspend(Unknown Source:63)\n\tat nj.a.resumeWith(Unknown Source:12)\n\tat jm.m0.run(Unknown Source:118)\n\tat jm.x0.i0(Unknown Source:138)\n\tat ab.b.w0(Unknown Source:67)\n\tat bo.app.i6.invokeSuspend(Unknown Source:22)\n\tat nj.a.resumeWith(Unknown Source:12)\n\tat jm.m0.run(Unknown Source:118)\n\tat java.util.concurrent.ThreadPoolExecutor.runWorker(ThreadPoolExecutor.java:1137)\n\tat java.util.concurrent.ThreadPoolExecutor$Worker.run(ThreadPoolExecutor.java:637)\n\tat java.lang.Thread.run(Thread.java:1012)\n"
},
{
    "type": "log",
    "source": "class",
    "method": "setCustomUserAttribute",
    "package_name": "com.fanduel.casino",
    "class_name": "com.braze.BrazeUser",
    "timestamp": 1728284040925,
    "ref": "com.braze.BrazeUser@2c2ab15",
    "arguments": "{\"0\":\"App Name\",\"1\":\"fanduel_casino_real_money\"}",
    "stack_trace": "java.lang.Exception\n\tat com.braze.BrazeUser.setCustomUserAttribute(Native Method)\n\tat v7.f.k(Unknown Source:24)\n\tat v7.j.k(Unknown Source:18)\n\tat com.casino.template.CasinoApp.onCreate(Unknown Source:340)\n\tat android.app.Instrumentation.callApplicationOnCreate(Instrumentation.java:1289)\n\tat android.app.ActivityThread.handleBindApplication(ActivityThread.java:7226)\n\tat android.app.ActivityThread.handleBindApplication(Native Method)\n\tat android.app.ActivityThread.-$$Nest$mhandleBindApplication(Unknown Source:0)\n\tat android.app.ActivityThread$H.handleMessage(ActivityThread.java:2241)\n\tat android.os.Handler.dispatchMessage(Handler.java:106)\n\tat android.os.Looper.loopOnce(Looper.java:211)\n\tat android.os.Looper.loop(Looper.java:300)\n\tat android.app.ActivityThread.main(ActivityThread.java:8395)\n\tat java.lang.reflect.Method.invoke(Native Method)\n\tat com.android.internal.os.RuntimeInit$MethodAndArgsCaller.run(RuntimeInit.java:559)\n\tat com.android.internal.os.ZygoteInit.main(ZygoteInit.java:954)\n"
},
{
    "type": "log",
    "source": "class",
    "method": "getInstance",
    "package_name": "com.fanduel.casino",
    "class_name": "com.google.firebase.analytics.FirebaseAnalytics",
    "timestamp": 1728284040942,
    "ref": "<class: com.google.firebase.analytics.FirebaseAnalytics>",
    "arguments": "{\"0\":\"<instance: android.content.Context, $className: com.casino.template.CasinoApp>\"}",
    "stack_trace": "java.lang.Exception\n\tat com.google.firebase.analytics.FirebaseAnalytics.getInstance(Native Method)\n\tat java.lang.reflect.Method.invoke(Native Method)\n\tat m.tf.f(:com.google.android.gms.dynamite_measurementdynamite@243834029@24.38.34 (190400-0):47)\n\tat m.rp.ab(:com.google.android.gms.dynamite_measurementdynamite@243834029@24.38.34 (190400-0):143)\n\tat m.qu.run(:com.google.android.gms.dynamite_measurementdynamite@243834029@24.38.34 (190400-0):17)\n\tat java.util.concurrent.Executors$RunnableAdapter.call(Executors.java:463)\n\tat java.util.concurrent.FutureTask.run(FutureTask.java:264)\n\tat m.pl.run(:com.google.android.gms.dynamite_measurementdynamite@243834029@24.38.34 (190400-0):48)\n"
},
{
    "type": "log",
    "source": "class",
    "method": "getFirebaseInstanceId",
    "package_name": "com.fanduel.casino",
    "class_name": "com.google.firebase.analytics.FirebaseAnalytics",
    "timestamp": 1728284040946,
    "ref": "com.google.firebase.analytics.FirebaseAnalytics@10d2ae8",
    "arguments": "{}",
    "stack_trace": "java.lang.Exception\n\tat com.google.firebase.analytics.FirebaseAnalytics.getFirebaseInstanceId(Native Method)\n\tat java.lang.reflect.Method.invoke(Native Method)\n\tat m.tf.f(:com.google.android.gms.dynamite_measurementdynamite@243834029@24.38.34 (190400-0):49)\n\tat m.rp.ab(:com.google.android.gms.dynamite_measurementdynamite@243834029@24.38.34 (190400-0):143)\n\tat m.qu.run(:com.google.android.gms.dynamite_measurementdynamite@243834029@24.38.34 (190400-0):17)\n\tat java.util.concurrent.Executors$RunnableAdapter.call(Executors.java:463)\n\tat java.util.concurrent.FutureTask.run(FutureTask.java:264)\n\tat m.pl.run(:com.google.android.gms.dynamite_measurementdynamite@243834029@24.38.34 (190400-0):48)\n"
},
{
    "type": "log",
    "source": "class",
    "method": "setCustomAttribute$default",
    "package_name": "com.fanduel.casino",
    "class_name": "com.braze.BrazeUser",
    "timestamp": 1728284040938,
    "ref": "<class: com.braze.BrazeUser>",
    "arguments": "{\"0\":\"<instance: com.braze.BrazeUser>\",\"1\":\"App Name\",\"2\":\"<instance: java.lang.Object, $className: java.lang.String>\",\"3\":false,\"4\":4,\"5\":null}",
    "stack_trace": "java.lang.Exception\n\tat com.braze.BrazeUser.setCustomAttribute$default(Native Method)\n\tat com.braze.BrazeUser.setCustomUserAttribute(SourceFile:10)\n\tat com.braze.BrazeUser.setCustomUserAttribute(Native Method)\n\tat v7.f.k(Unknown Source:24)\n\tat v7.j.k(Unknown Source:18)\n\tat com.casino.template.CasinoApp.onCreate(Unknown Source:340)\n\tat android.app.Instrumentation.callApplicationOnCreate(Instrumentation.java:1289)\n\tat android.app.ActivityThread.handleBindApplication(ActivityThread.java:7226)\n\tat android.app.ActivityThread.handleBindApplication(Native Method)\n\tat android.app.ActivityThread.-$$Nest$mhandleBindApplication(Unknown Source:0)\n\tat android.app.ActivityThread$H.handleMessage(ActivityThread.java:2241)\n\tat android.os.Handler.dispatchMessage(Handler.java:106)\n\tat android.os.Looper.loopOnce(Looper.java:211)\n\tat android.os.Looper.loop(Looper.java:300)\n\tat android.app.ActivityThread.main(ActivityThread.java:8395)\n\tat java.lang.reflect.Method.invoke(Native Method)\n\tat com.android.internal.os.RuntimeInit$MethodAndArgsCaller.run(RuntimeInit.java:559)\n\tat com.android.internal.os.ZygoteInit.main(ZygoteInit.java:954)\n"
},
{
    "type": "log",
    "source": "class",
    "method": "setCustomAttribute",
    "package_name": "com.fanduel.casino",
    "class_name": "com.braze.BrazeUser",
    "timestamp": 1728284040953,
    "ref": "com.braze.BrazeUser@2c2ab15",
    "arguments": "{\"0\":\"App Name\",\"1\":\"<instance: java.lang.Object, $className: java.lang.String>\",\"2\":false}",
    "stack_trace": "java.lang.Exception\n\tat com.braze.BrazeUser.setCustomAttribute(Native Method)\n\tat com.braze.BrazeUser.setCustomAttribute$default(Unknown Source:5)\n\tat com.braze.BrazeUser.setCustomAttribute$default(Native Method)\n\tat com.braze.BrazeUser.setCustomUserAttribute(SourceFile:10)\n\tat com.braze.BrazeUser.setCustomUserAttribute(Native Method)\n\tat v7.f.k(Unknown Source:24)\n\tat v7.j.k(Unknown Source:18)\n\tat com.casino.template.CasinoApp.onCreate(Unknown Source:340)\n\tat android.app.Instrumentation.callApplicationOnCreate(Instrumentation.java:1289)\n\tat android.app.ActivityThread.handleBindApplication(ActivityThread.java:7226)\n\tat android.app.ActivityThread.handleBindApplication(Native Method)\n\tat android.app.ActivityThread.-$$Nest$mhandleBindApplication(Unknown Source:0)\n\tat android.app.ActivityThread$H.handleMessage(ActivityThread.java:2241)\n\tat android.os.Handler.dispatchMessage(Handler.java:106)\n\tat android.os.Looper.loopOnce(Looper.java:211)\n\tat android.os.Looper.loop(Looper.java:300)\n\tat android.app.ActivityThread.main(ActivityThread.java:8395)\n\tat java.lang.reflect.Method.invoke(Native Method)\n\tat com.android.internal.os.RuntimeInit$MethodAndArgsCaller.run(RuntimeInit.java:559)\n\tat com.android.internal.os.ZygoteInit.main(ZygoteInit.java:954)\n"
},
{
    "type": "log",
    "source": "class",
    "method": "setUserProperty",
    "package_name": "com.fanduel.casino",
    "class_name": "com.google.firebase.analytics.FirebaseAnalytics",
    "timestamp": 1728284040959,
    "ref": "com.google.firebase.analytics.FirebaseAnalytics@10d2ae8",
    "arguments": "{\"0\":\"App Name\",\"1\":\"fanduel_casino_real_money\"}",
    "stack_trace": "java.lang.Exception\n\tat com.google.firebase.analytics.FirebaseAnalytics.setUserProperty(Native Method)\n\tat v7.g.k(Unknown Source:37)\n\tat v7.j.k(Unknown Source:18)\n\tat com.casino.template.CasinoApp.onCreate(Unknown Source:340)\n\tat android.app.Instrumentation.callApplicationOnCreate(Instrumentation.java:1289)\n\tat android.app.ActivityThread.handleBindApplication(ActivityThread.java:7226)\n\tat android.app.ActivityThread.handleBindApplication(Native Method)\n\tat android.app.ActivityThread.-$$Nest$mhandleBindApplication(Unknown Source:0)\n\tat android.app.ActivityThread$H.handleMessage(ActivityThread.java:2241)\n\tat android.os.Handler.dispatchMessage(Handler.java:106)\n\tat android.os.Looper.loopOnce(Looper.java:211)\n\tat android.os.Looper.loop(Looper.java:300)\n\tat android.app.ActivityThread.main(ActivityThread.java:8395)\n\tat java.lang.reflect.Method.invoke(Native Method)\n\tat com.android.internal.os.RuntimeInit$MethodAndArgsCaller.run(RuntimeInit.java:559)\n\tat com.android.internal.os.ZygoteInit.main(ZygoteInit.java:954)\n"
},
{
    "type": "log",
    "source": "class",
    "method": "getCurrentUser",
    "package_name": "com.fanduel.casino",
    "class_name": "com.braze.Braze",
    "timestamp": 1728284040965,
    "ref": "com.braze.Braze@64b68f4",
    "arguments": "{}",
    "stack_trace": "java.lang.Exception\n\tat com.braze.Braze.getCurrentUser(Native Method)\n\tat v7.f.k(Unknown Source:18)\n\tat v7.j.k(Unknown Source:18)\n\tat com.casino.template.CasinoApp.onCreate(Unknown Source:349)\n\tat android.app.Instrumentation.callApplicationOnCreate(Instrumentation.java:1289)\n\tat android.app.ActivityThread.handleBindApplication(ActivityThread.java:7226)\n\tat android.app.ActivityThread.handleBindApplication(Native Method)\n\tat android.app.ActivityThread.-$$Nest$mhandleBindApplication(Unknown Source:0)\n\tat android.app.ActivityThread$H.handleMessage(ActivityThread.java:2241)\n\tat android.os.Handler.dispatchMessage(Handler.java:106)\n\tat android.os.Looper.loopOnce(Looper.java:211)\n\tat android.os.Looper.loop(Looper.java:300)\n\tat android.app.ActivityThread.main(ActivityThread.java:8395)\n\tat java.lang.reflect.Method.invoke(Native Method)\n\tat com.android.internal.os.RuntimeInit$MethodAndArgsCaller.run(RuntimeInit.java:559)\n\tat com.android.internal.os.ZygoteInit.main(ZygoteInit.java:954)\n"
},
{
    "type": "log",
    "source": "class",
    "method": "runForResult",
    "package_name": "com.fanduel.casino",
    "class_name": "com.braze.Braze",
    "timestamp": 1728284040970,
    "ref": "com.braze.Braze@64b68f4",
    "arguments": "{\"0\":null,\"1\":\"<instance: kotlin.jvm.functions.Function0, $className: bo.app.n1>\",\"2\":false,\"3\":true,\"4\":\"<instance: kotlin.jvm.functions.Function2, $className: bo.app.o1>\"}",
    "stack_trace": "java.lang.Exception\n\tat com.braze.Braze.runForResult(Native Method)\n\tat com.braze.Braze.getCurrentUser(SourceFile:2)\n\tat com.braze.Braze.getCurrentUser(Native Method)\n\tat v7.f.k(Unknown Source:18)\n\tat v7.j.k(Unknown Source:18)\n\tat com.casino.template.CasinoApp.onCreate(Unknown Source:349)\n\tat android.app.Instrumentation.callApplicationOnCreate(Instrumentation.java:1289)\n\tat android.app.ActivityThread.handleBindApplication(ActivityThread.java:7226)\n\tat android.app.ActivityThread.handleBindApplication(Native Method)\n\tat android.app.ActivityThread.-$$Nest$mhandleBindApplication(Unknown Source:0)\n\tat android.app.ActivityThread$H.handleMessage(ActivityThread.java:2241)\n\tat android.os.Handler.dispatchMessage(Handler.java:106)\n\tat android.os.Looper.loopOnce(Looper.java:211)\n\tat android.os.Looper.loop(Looper.java:300)\n\tat android.app.ActivityThread.main(ActivityThread.java:8395)\n\tat java.lang.reflect.Method.invoke(Native Method)\n\tat com.android.internal.os.RuntimeInit$MethodAndArgsCaller.run(RuntimeInit.java:559)\n\tat com.android.internal.os.ZygoteInit.main(ZygoteInit.java:954)\n"
},
{
    "type": "log",
    "source": "class",
    "method": "access$getBrazeUser$p",
    "package_name": "com.fanduel.casino",
    "class_name": "com.braze.Braze",
    "timestamp": 1728284040980,
    "ref": "<class: com.braze.Braze>",
    "arguments": "{\"0\":\"<instance: com.braze.Braze>\"}",
    "stack_trace": "java.lang.Exception\n\tat com.braze.Braze.access$getBrazeUser$p(Native Method)\n\tat bo.app.o1.invokeSuspend(Unknown Source:7)\n\tat bo.app.o1.invoke(Unknown Source:13)\n\tat bo.app.h6.invokeSuspend(Unknown Source:63)\n\tat nj.a.resumeWith(Unknown Source:12)\n\tat jm.m0.run(Unknown Source:118)\n\tat jm.x0.i0(Unknown Source:138)\n\tat ab.b.w0(Unknown Source:67)\n\tat bo.app.i6.invokeSuspend(Unknown Source:22)\n\tat nj.a.resumeWith(Unknown Source:12)\n\tat jm.m0.run(Unknown Source:118)\n\tat java.util.concurrent.ThreadPoolExecutor.runWorker(ThreadPoolExecutor.java:1137)\n\tat java.util.concurrent.ThreadPoolExecutor$Worker.run(ThreadPoolExecutor.java:637)\n\tat java.lang.Thread.run(Thread.java:1012)\n"
},
{
    "type": "log",
    "source": "class",
    "method": "setCustomUserAttribute",
    "package_name": "com.fanduel.casino",
    "class_name": "com.braze.BrazeUser",
    "timestamp": 1728284040988,
    "ref": "com.braze.BrazeUser@2c2ab15",
    "arguments": "{\"0\":\"App Version\",\"1\":\"1.3.6\"}",
    "stack_trace": "java.lang.Exception\n\tat com.braze.BrazeUser.setCustomUserAttribute(Native Method)\n\tat v7.f.k(Unknown Source:24)\n\tat v7.j.k(Unknown Source:18)\n\tat com.casino.template.CasinoApp.onCreate(Unknown Source:349)\n\tat android.app.Instrumentation.callApplicationOnCreate(Instrumentation.java:1289)\n\tat android.app.ActivityThread.handleBindApplication(ActivityThread.java:7226)\n\tat android.app.ActivityThread.handleBindApplication(Native Method)\n\tat android.app.ActivityThread.-$$Nest$mhandleBindApplication(Unknown Source:0)\n\tat android.app.ActivityThread$H.handleMessage(ActivityThread.java:2241)\n\tat android.os.Handler.dispatchMessage(Handler.java:106)\n\tat android.os.Looper.loopOnce(Looper.java:211)\n\tat android.os.Looper.loop(Looper.java:300)\n\tat android.app.ActivityThread.main(ActivityThread.java:8395)\n\tat java.lang.reflect.Method.invoke(Native Method)\n\tat com.android.internal.os.RuntimeInit$MethodAndArgsCaller.run(RuntimeInit.java:559)\n\tat com.android.internal.os.ZygoteInit.main(ZygoteInit.java:954)\n"
},
{
    "type": "log",
    "source": "class",
    "method": "setCustomAttribute$default",
    "package_name": "com.fanduel.casino",
    "class_name": "com.braze.BrazeUser",
    "timestamp": 1728284040995,
    "ref": "<class: com.braze.BrazeUser>",
    "arguments": "{\"0\":\"<instance: com.braze.BrazeUser>\",\"1\":\"App Version\",\"2\":\"<instance: java.lang.Object, $className: java.lang.String>\",\"3\":false,\"4\":4,\"5\":null}",
    "stack_trace": "java.lang.Exception\n\tat com.braze.BrazeUser.setCustomAttribute$default(Native Method)\n\tat com.braze.BrazeUser.setCustomUserAttribute(SourceFile:10)\n\tat com.braze.BrazeUser.setCustomUserAttribute(Native Method)\n\tat v7.f.k(Unknown Source:24)\n\tat v7.j.k(Unknown Source:18)\n\tat com.casino.template.CasinoApp.onCreate(Unknown Source:349)\n\tat android.app.Instrumentation.callApplicationOnCreate(Instrumentation.java:1289)\n\tat android.app.ActivityThread.handleBindApplication(ActivityThread.java:7226)\n\tat android.app.ActivityThread.handleBindApplication(Native Method)\n\tat android.app.ActivityThread.-$$Nest$mhandleBindApplication(Unknown Source:0)\n\tat android.app.ActivityThread$H.handleMessage(ActivityThread.java:2241)\n\tat android.os.Handler.dispatchMessage(Handler.java:106)\n\tat android.os.Looper.loopOnce(Looper.java:211)\n\tat android.os.Looper.loop(Looper.java:300)\n\tat android.app.ActivityThread.main(ActivityThread.java:8395)\n\tat java.lang.reflect.Method.invoke(Native Method)\n\tat com.android.internal.os.RuntimeInit$MethodAndArgsCaller.run(RuntimeInit.java:559)\n\tat com.android.internal.os.ZygoteInit.main(ZygoteInit.java:954)\n"
},
{
    "type": "log",
    "source": "class",
    "method": "setCustomAttribute",
    "package_name": "com.fanduel.casino",
    "class_name": "com.braze.BrazeUser",
    "timestamp": 1728284041002,
    "ref": "com.braze.BrazeUser@2c2ab15",
    "arguments": "{\"0\":\"App Version\",\"1\":\"<instance: java.lang.Object, $className: java.lang.String>\",\"2\":false}",
    "stack_trace": "java.lang.Exception\n\tat com.braze.BrazeUser.setCustomAttribute(Native Method)\n\tat com.braze.BrazeUser.setCustomAttribute$default(Unknown Source:5)\n\tat com.braze.BrazeUser.setCustomAttribute$default(Native Method)\n\tat com.braze.BrazeUser.setCustomUserAttribute(SourceFile:10)\n\tat com.braze.BrazeUser.setCustomUserAttribute(Native Method)\n\tat v7.f.k(Unknown Source:24)\n\tat v7.j.k(Unknown Source:18)\n\tat com.casino.template.CasinoApp.onCreate(Unknown Source:349)\n\tat android.app.Instrumentation.callApplicationOnCreate(Instrumentation.java:1289)\n\tat android.app.ActivityThread.handleBindApplication(ActivityThread.java:7226)\n\tat android.app.ActivityThread.handleBindApplication(Native Method)\n\tat android.app.ActivityThread.-$$Nest$mhandleBindApplication(Unknown Source:0)\n\tat android.app.ActivityThread$H.handleMessage(ActivityThread.java:2241)\n\tat android.os.Handler.dispatchMessage(Handler.java:106)\n\tat android.os.Looper.loopOnce(Looper.java:211)\n\tat android.os.Looper.loop(Looper.java:300)\n\tat android.app.ActivityThread.main(ActivityThread.java:8395)\n\tat java.lang.reflect.Method.invoke(Native Method)\n\tat com.android.internal.os.RuntimeInit$MethodAndArgsCaller.run(RuntimeInit.java:559)\n\tat com.android.internal.os.ZygoteInit.main(ZygoteInit.java:954)\n"
},
{
    "type": "log",
    "source": "class",
    "method": "setUserProperty",
    "package_name": "com.fanduel.casino",
    "class_name": "com.google.firebase.analytics.FirebaseAnalytics",
    "timestamp": 1728284041011,
    "ref": "com.google.firebase.analytics.FirebaseAnalytics@10d2ae8",
    "arguments": "{\"0\":\"App Version\",\"1\":\"1.3.6\"}",
    "stack_trace": "java.lang.Exception\n\tat com.google.firebase.analytics.FirebaseAnalytics.setUserProperty(Native Method)\n\tat v7.g.k(Unknown Source:37)\n\tat v7.j.k(Unknown Source:18)\n\tat com.casino.template.CasinoApp.onCreate(Unknown Source:349)\n\tat android.app.Instrumentation.callApplicationOnCreate(Instrumentation.java:1289)\n\tat android.app.ActivityThread.handleBindApplication(ActivityThread.java:7226)\n\tat android.app.ActivityThread.handleBindApplication(Native Method)\n\tat android.app.ActivityThread.-$$Nest$mhandleBindApplication(Unknown Source:0)\n\tat android.app.ActivityThread$H.handleMessage(ActivityThread.java:2241)\n\tat android.os.Handler.dispatchMessage(Handler.java:106)\n\tat android.os.Looper.loopOnce(Looper.java:211)\n\tat android.os.Looper.loop(Looper.java:300)\n\tat android.app.ActivityThread.main(ActivityThread.java:8395)\n\tat java.lang.reflect.Method.invoke(Native Method)\n\tat com.android.internal.os.RuntimeInit$MethodAndArgsCaller.run(RuntimeInit.java:559)\n\tat com.android.internal.os.ZygoteInit.main(ZygoteInit.java:954)\n"
},
{
    "type": "log",
    "source": "class",
    "method": "getInstance",
    "package_name": "com.fanduel.casino",
    "class_name": "com.google.firebase.analytics.FirebaseAnalytics",
    "timestamp": 1728284041015,
    "ref": "<class: com.google.firebase.analytics.FirebaseAnalytics>",
    "arguments": "{\"0\":\"<instance: android.content.Context, $className: com.casino.template.CasinoApp>\"}",
    "stack_trace": "java.lang.Exception\n\tat com.google.firebase.analytics.FirebaseAnalytics.getInstance(Native Method)\n\tat java.lang.reflect.Method.invoke(Native Method)\n\tat m.tf.f(:com.google.android.gms.dynamite_measurementdynamite@243834029@24.38.34 (190400-0):47)\n\tat m.rp.ab(:com.google.android.gms.dynamite_measurementdynamite@243834029@24.38.34 (190400-0):143)\n\tat m.qu.run(:com.google.android.gms.dynamite_measurementdynamite@243834029@24.38.34 (190400-0):17)\n\tat java.util.concurrent.Executors$RunnableAdapter.call(Executors.java:463)\n\tat java.util.concurrent.FutureTask.run(FutureTask.java:264)\n\tat m.pl.run(:com.google.android.gms.dynamite_measurementdynamite@243834029@24.38.34 (190400-0):48)\n"
},
{
    "type": "log",
    "source": "class",
    "method": "getFirebaseInstanceId",
    "package_name": "com.fanduel.casino",
    "class_name": "com.google.firebase.analytics.FirebaseAnalytics",
    "timestamp": 1728284041019,
    "ref": "com.google.firebase.analytics.FirebaseAnalytics@10d2ae8",
    "arguments": "{}",
    "stack_trace": "java.lang.Exception\n\tat com.google.firebase.analytics.FirebaseAnalytics.getFirebaseInstanceId(Native Method)\n\tat java.lang.reflect.Method.invoke(Native Method)\n\tat m.tf.f(:com.google.android.gms.dynamite_measurementdynamite@243834029@24.38.34 (190400-0):49)\n\tat m.rp.ab(:com.google.android.gms.dynamite_measurementdynamite@243834029@24.38.34 (190400-0):143)\n\tat m.qu.run(:com.google.android.gms.dynamite_measurementdynamite@243834029@24.38.34 (190400-0):17)\n\tat java.util.concurrent.Executors$RunnableAdapter.call(Executors.java:463)\n\tat java.util.concurrent.FutureTask.run(FutureTask.java:264)\n\tat m.pl.run(:com.google.android.gms.dynamite_measurementdynamite@243834029@24.38.34 (190400-0):48)\n"
},
{
    "type": "log",
    "source": "class",
    "method": "getInstance",
    "package_name": "com.fanduel.casino",
    "class_name": "com.google.firebase.analytics.FirebaseAnalytics",
    "timestamp": 1728284041072,
    "ref": "<class: com.google.firebase.analytics.FirebaseAnalytics>",
    "arguments": "{\"0\":\"<instance: android.content.Context, $className: com.casino.template.CasinoApp>\"}",
    "stack_trace": "java.lang.Exception\n\tat com.google.firebase.analytics.FirebaseAnalytics.getInstance(Native Method)\n\tat java.lang.reflect.Method.invoke(Native Method)\n\tat m.tf.f(:com.google.android.gms.dynamite_measurementdynamite@243834029@24.38.34 (190400-0):47)\n\tat m.rp.ab(:com.google.android.gms.dynamite_measurementdynamite@243834029@24.38.34 (190400-0):143)\n\tat m.qu.run(:com.google.android.gms.dynamite_measurementdynamite@243834029@24.38.34 (190400-0):17)\n\tat java.util.concurrent.Executors$RunnableAdapter.call(Executors.java:463)\n\tat java.util.concurrent.FutureTask.run(FutureTask.java:264)\n\tat m.pl.run(:com.google.android.gms.dynamite_measurementdynamite@243834029@24.38.34 (190400-0):48)\n"
},
{
    "type": "log",
    "source": "class",
    "method": "getFirebaseInstanceId",
    "package_name": "com.fanduel.casino",
    "class_name": "com.google.firebase.analytics.FirebaseAnalytics",
    "timestamp": 1728284041079,
    "ref": "com.google.firebase.analytics.FirebaseAnalytics@10d2ae8",
    "arguments": "{}",
    "stack_trace": "java.lang.Exception\n\tat com.google.firebase.analytics.FirebaseAnalytics.getFirebaseInstanceId(Native Method)\n\tat java.lang.reflect.Method.invoke(Native Method)\n\tat m.tf.f(:com.google.android.gms.dynamite_measurementdynamite@243834029@24.38.34 (190400-0):49)\n\tat m.rp.ab(:com.google.android.gms.dynamite_measurementdynamite@243834029@24.38.34 (190400-0):143)\n\tat m.qu.run(:com.google.android.gms.dynamite_measurementdynamite@243834029@24.38.34 (190400-0):17)\n\tat java.util.concurrent.Executors$RunnableAdapter.call(Executors.java:463)\n\tat java.util.concurrent.FutureTask.run(FutureTask.java:264)\n\tat m.pl.run(:com.google.android.gms.dynamite_measurementdynamite@243834029@24.38.34 (190400-0):48)\n"
},
{
    "type": "log",
    "source": "class",
    "method": "access$getInstance$cp",
    "package_name": "com.fanduel.casino",
    "class_name": "com.braze.Braze",
    "timestamp": 1728284041426,
    "ref": "<class: com.braze.Braze>",
    "arguments": "{}",
    "stack_trace": "java.lang.Exception\n\tat com.braze.Braze.access$getInstance$cp(Native Method)\n\tat com.braze.Braze$Companion.shouldAllowSingletonInitialization(Unknown Source:0)\n\tat com.braze.Braze$Companion.getInstance(Unknown Source:5)\n\tat com.braze.ui.inappmessage.BrazeInAppMessageManager.ensureSubscribedToInAppMessageEvents(Unknown Source:53)\n\tat com.braze.BrazeActivityLifecycleCallbackListener.onActivityCreated(Unknown Source:47)\n\tat android.app.Application.dispatchActivityCreated(Application.java:380)\n\tat android.app.Activity.dispatchActivityCreated(Activity.java:1445)\n\tat android.app.Activity.onCreate(Activity.java:1740)\n\tat androidx.core.app.o.onCreate(Unknown Source:0)\n\tat androidx.activity.ComponentActivity.onCreate(Unknown Source:39)\n\tat androidx.fragment.app.FragmentActivity.onCreate(Unknown Source:0)\n\tat com.casino.template.presentation.LandingActivity.onCreate(Unknown Source:0)\n\tat android.app.Activity.performCreate(Activity.java:8538)\n\tat android.app.Activity.performCreate(Activity.java:8502)\n\tat android.app.Instrumentation.callActivityOnCreate(Instrumentation.java:1440)\n\tat android.app.ActivityThread.performLaunchActivity(ActivityThread.java:3890)\n\tat android.app.ActivityThread.handleLaunchActivity(ActivityThread.java:4055)\n\tat android.app.servertransaction.LaunchActivityItem.execute(LaunchActivityItem.java:101)\n\tat android.app.servertransaction.TransactionExecutor.executeCallbacks(TransactionExecutor.java:135)\n\tat android.app.servertransaction.TransactionExecutor.execute(TransactionExecutor.java:95)\n\tat android.app.ActivityThread$H.handleMessage(ActivityThread.java:2415)\n\tat android.os.Handler.dispatchMessage(Handler.java:106)\n\tat android.os.Looper.loopOnce(Looper.java:211)\n\tat android.os.Looper.loop(Looper.java:300)\n\tat android.app.ActivityThread.main(ActivityThread.java:8395)\n\tat java.lang.reflect.Method.invoke(Native Method)\n\tat com.android.internal.os.RuntimeInit$MethodAndArgsCaller.run(RuntimeInit.java:559)\n\tat com.android.internal.os.ZygoteInit.main(ZygoteInit.java:954)\n"
},
{
    "type": "log",
    "source": "class",
    "method": "access$isInstanceStopped$p",
    "package_name": "com.fanduel.casino",
    "class_name": "com.braze.Braze",
    "timestamp": 1728284041443,
    "ref": "<class: com.braze.Braze>",
    "arguments": "{\"0\":\"<instance: com.braze.Braze>\"}",
    "stack_trace": "java.lang.Exception\n\tat com.braze.Braze.access$isInstanceStopped$p(Native Method)\n\tat com.braze.Braze$Companion.shouldAllowSingletonInitialization(Unknown Source:21)\n\tat com.braze.Braze$Companion.getInstance(Unknown Source:5)\n\tat com.braze.ui.inappmessage.BrazeInAppMessageManager.ensureSubscribedToInAppMessageEvents(Unknown Source:53)\n\tat com.braze.BrazeActivityLifecycleCallbackListener.onActivityCreated(Unknown Source:47)\n\tat android.app.Application.dispatchActivityCreated(Application.java:380)\n\tat android.app.Activity.dispatchActivityCreated(Activity.java:1445)\n\tat android.app.Activity.onCreate(Activity.java:1740)\n\tat androidx.core.app.o.onCreate(Unknown Source:0)\n\tat androidx.activity.ComponentActivity.onCreate(Unknown Source:39)\n\tat androidx.fragment.app.FragmentActivity.onCreate(Unknown Source:0)\n\tat com.casino.template.presentation.LandingActivity.onCreate(Unknown Source:0)\n\tat android.app.Activity.performCreate(Activity.java:8538)\n\tat android.app.Activity.performCreate(Activity.java:8502)\n\tat android.app.Instrumentation.callActivityOnCreate(Instrumentation.java:1440)\n\tat android.app.ActivityThread.performLaunchActivity(ActivityThread.java:3890)\n\tat android.app.ActivityThread.handleLaunchActivity(ActivityThread.java:4055)\n\tat android.app.servertransaction.LaunchActivityItem.execute(LaunchActivityItem.java:101)\n\tat android.app.servertransaction.TransactionExecutor.executeCallbacks(TransactionExecutor.java:135)\n\tat android.app.servertransaction.TransactionExecutor.execute(TransactionExecutor.java:95)\n\tat android.app.ActivityThread$H.handleMessage(ActivityThread.java:2415)\n\tat android.os.Handler.dispatchMessage(Handler.java:106)\n\tat android.os.Looper.loopOnce(Looper.java:211)\n\tat android.os.Looper.loop(Looper.java:300)\n\tat android.app.ActivityThread.main(ActivityThread.java:8395)\n\tat java.lang.reflect.Method.invoke(Native Method)\n\tat com.android.internal.os.RuntimeInit$MethodAndArgsCaller.run(RuntimeInit.java:559)\n\tat com.android.internal.os.ZygoteInit.main(ZygoteInit.java:954)\n"
},
{
    "type": "log",
    "source": "class",
    "method": "isApiKeyPresent$android_sdk_base_release",
    "package_name": "com.fanduel.casino",
    "class_name": "com.braze.Braze",
    "timestamp": 1728284041464,
    "ref": "com.braze.Braze@64b68f4",
    "arguments": "{}",
    "stack_trace": "java.lang.Exception\n\tat com.braze.Braze.isApiKeyPresent$android_sdk_base_release(Native Method)\n\tat com.braze.Braze$Companion.shouldAllowSingletonInitialization(Unknown Source:42)\n\tat com.braze.Braze$Companion.getInstance(Unknown Source:5)\n\tat com.braze.ui.inappmessage.BrazeInAppMessageManager.ensureSubscribedToInAppMessageEvents(Unknown Source:53)\n\tat com.braze.BrazeActivityLifecycleCallbackListener.onActivityCreated(Unknown Source:47)\n\tat android.app.Application.dispatchActivityCreated(Application.java:380)\n\tat android.app.Activity.dispatchActivityCreated(Activity.java:1445)\n\tat android.app.Activity.onCreate(Activity.java:1740)\n\tat androidx.core.app.o.onCreate(Unknown Source:0)\n\tat androidx.activity.ComponentActivity.onCreate(Unknown Source:39)\n\tat androidx.fragment.app.FragmentActivity.onCreate(Unknown Source:0)\n\tat com.casino.template.presentation.LandingActivity.onCreate(Unknown Source:0)\n\tat android.app.Activity.performCreate(Activity.java:8538)\n\tat android.app.Activity.performCreate(Activity.java:8502)\n\tat android.app.Instrumentation.callActivityOnCreate(Instrumentation.java:1440)\n\tat android.app.ActivityThread.performLaunchActivity(ActivityThread.java:3890)\n\tat android.app.ActivityThread.handleLaunchActivity(ActivityThread.java:4055)\n\tat android.app.servertransaction.LaunchActivityItem.execute(LaunchActivityItem.java:101)\n\tat android.app.servertransaction.TransactionExecutor.executeCallbacks(TransactionExecutor.java:135)\n\tat android.app.servertransaction.TransactionExecutor.execute(TransactionExecutor.java:95)\n\tat android.app.ActivityThread$H.handleMessage(ActivityThread.java:2415)\n\tat android.os.Handler.dispatchMessage(Handler.java:106)\n\tat android.os.Looper.loopOnce(Looper.java:211)\n\tat android.os.Looper.loop(Looper.java:300)\n\tat android.app.ActivityThread.main(ActivityThread.java:8395)\n\tat java.lang.reflect.Method.invoke(Native Method)\n\tat com.android.internal.os.RuntimeInit$MethodAndArgsCaller.run(RuntimeInit.java:559)\n\tat com.android.internal.os.ZygoteInit.main(ZygoteInit.java:954)\n"
},
{
    "type": "log",
    "source": "class",
    "method": "access$getInstance$cp",
    "package_name": "com.fanduel.casino",
    "class_name": "com.braze.Braze",
    "timestamp": 1728284041507,
    "ref": "<class: com.braze.Braze>",
    "arguments": "{}",
    "stack_trace": "java.lang.Exception\n\tat com.braze.Braze.access$getInstance$cp(Native Method)\n\tat com.braze.Braze$Companion.getInstance(Unknown Source:54)\n\tat com.braze.ui.inappmessage.BrazeInAppMessageManager.ensureSubscribedToInAppMessageEvents(Unknown Source:53)\n\tat com.braze.BrazeActivityLifecycleCallbackListener.onActivityCreated(Unknown Source:47)\n\tat android.app.Application.dispatchActivityCreated(Application.java:380)\n\tat android.app.Activity.dispatchActivityCreated(Activity.java:1445)\n\tat android.app.Activity.onCreate(Activity.java:1740)\n\tat androidx.core.app.o.onCreate(Unknown Source:0)\n\tat androidx.activity.ComponentActivity.onCreate(Unknown Source:39)\n\tat androidx.fragment.app.FragmentActivity.onCreate(Unknown Source:0)\n\tat com.casino.template.presentation.LandingActivity.onCreate(Unknown Source:0)\n\tat android.app.Activity.performCreate(Activity.java:8538)\n\tat android.app.Activity.performCreate(Activity.java:8502)\n\tat android.app.Instrumentation.callActivityOnCreate(Instrumentation.java:1440)\n\tat android.app.ActivityThread.performLaunchActivity(ActivityThread.java:3890)\n\tat android.app.ActivityThread.handleLaunchActivity(ActivityThread.java:4055)\n\tat android.app.servertransaction.LaunchActivityItem.execute(LaunchActivityItem.java:101)\n\tat android.app.servertransaction.TransactionExecutor.executeCallbacks(TransactionExecutor.java:135)\n\tat android.app.servertransaction.TransactionExecutor.execute(TransactionExecutor.java:95)\n\tat android.app.ActivityThread$H.handleMessage(ActivityThread.java:2415)\n\tat android.os.Handler.dispatchMessage(Handler.java:106)\n\tat android.os.Looper.loopOnce(Looper.java:211)\n\tat android.os.Looper.loop(Looper.java:300)\n\tat android.app.ActivityThread.main(ActivityThread.java:8395)\n\tat java.lang.reflect.Method.invoke(Native Method)\n\tat com.android.internal.os.RuntimeInit$MethodAndArgsCaller.run(RuntimeInit.java:559)\n\tat com.android.internal.os.ZygoteInit.main(ZygoteInit.java:954)\n"
},
{
    "type": "log",
    "source": "class",
    "method": "subscribeToNewInAppMessages",
    "package_name": "com.fanduel.casino",
    "class_name": "com.braze.Braze",
    "timestamp": 1728284041519,
    "ref": "com.braze.Braze@64b68f4",
    "arguments": "{\"0\":\"<instance: com.braze.events.IEventSubscriber, $className: com.braze.ui.inappmessage.b>\"}",
    "stack_trace": "java.lang.Exception\n\tat com.braze.Braze.subscribeToNewInAppMessages(Native Method)\n\tat com.braze.ui.inappmessage.BrazeInAppMessageManager.ensureSubscribedToInAppMessageEvents(Unknown Source:57)\n\tat com.braze.BrazeActivityLifecycleCallbackListener.onActivityCreated(Unknown Source:47)\n\tat android.app.Application.dispatchActivityCreated(Application.java:380)\n\tat android.app.Activity.dispatchActivityCreated(Activity.java:1445)\n\tat android.app.Activity.onCreate(Activity.java:1740)\n\tat androidx.core.app.o.onCreate(Unknown Source:0)\n\tat androidx.activity.ComponentActivity.onCreate(Unknown Source:39)\n\tat androidx.fragment.app.FragmentActivity.onCreate(Unknown Source:0)\n\tat com.casino.template.presentation.LandingActivity.onCreate(Unknown Source:0)\n\tat android.app.Activity.performCreate(Activity.java:8538)\n\tat android.app.Activity.performCreate(Activity.java:8502)\n\tat android.app.Instrumentation.callActivityOnCreate(Instrumentation.java:1440)\n\tat android.app.ActivityThread.performLaunchActivity(ActivityThread.java:3890)\n\tat android.app.ActivityThread.handleLaunchActivity(ActivityThread.java:4055)\n\tat android.app.servertransaction.LaunchActivityItem.execute(LaunchActivityItem.java:101)\n\tat android.app.servertransaction.TransactionExecutor.executeCallbacks(TransactionExecutor.java:135)\n\tat android.app.servertransaction.TransactionExecutor.execute(TransactionExecutor.java:95)\n\tat android.app.ActivityThread$H.handleMessage(ActivityThread.java:2415)\n\tat android.os.Handler.dispatchMessage(Handler.java:106)\n\tat android.os.Looper.loopOnce(Looper.java:211)\n\tat android.os.Looper.loop(Looper.java:300)\n\tat android.app.ActivityThread.main(ActivityThread.java:8395)\n\tat java.lang.reflect.Method.invoke(Native Method)\n\tat com.android.internal.os.RuntimeInit$MethodAndArgsCaller.run(RuntimeInit.java:559)\n\tat com.android.internal.os.ZygoteInit.main(ZygoteInit.java:954)\n"
},
{
    "type": "log",
    "source": "class",
    "method": "access$getInstance$cp",
    "package_name": "com.fanduel.casino",
    "class_name": "com.braze.Braze",
    "timestamp": 1728284041532,
    "ref": "<class: com.braze.Braze>",
    "arguments": "{}",
    "stack_trace": "java.lang.Exception\n\tat com.braze.Braze.access$getInstance$cp(Native Method)\n\tat com.braze.Braze$Companion.shouldAllowSingletonInitialization(Unknown Source:0)\n\tat com.braze.Braze$Companion.getInstance(Unknown Source:5)\n\tat com.braze.ui.inappmessage.BrazeInAppMessageManager.ensureSubscribedToInAppMessageEvents(Unknown Source:107)\n\tat com.braze.BrazeActivityLifecycleCallbackListener.onActivityCreated(Unknown Source:47)\n\tat android.app.Application.dispatchActivityCreated(Application.java:380)\n\tat android.app.Activity.dispatchActivityCreated(Activity.java:1445)\n\tat android.app.Activity.onCreate(Activity.java:1740)\n\tat androidx.core.app.o.onCreate(Unknown Source:0)\n\tat androidx.activity.ComponentActivity.onCreate(Unknown Source:39)\n\tat androidx.fragment.app.FragmentActivity.onCreate(Unknown Source:0)\n\tat com.casino.template.presentation.LandingActivity.onCreate(Unknown Source:0)\n\tat android.app.Activity.performCreate(Activity.java:8538)\n\tat android.app.Activity.performCreate(Activity.java:8502)\n\tat android.app.Instrumentation.callActivityOnCreate(Instrumentation.java:1440)\n\tat android.app.ActivityThread.performLaunchActivity(ActivityThread.java:3890)\n\tat android.app.ActivityThread.handleLaunchActivity(ActivityThread.java:4055)\n\tat android.app.servertransaction.LaunchActivityItem.execute(LaunchActivityItem.java:101)\n\tat android.app.servertransaction.TransactionExecutor.executeCallbacks(TransactionExecutor.java:135)\n\tat android.app.servertransaction.TransactionExecutor.execute(TransactionExecutor.java:95)\n\tat android.app.ActivityThread$H.handleMessage(ActivityThread.java:2415)\n\tat android.os.Handler.dispatchMessage(Handler.java:106)\n\tat android.os.Looper.loopOnce(Looper.java:211)\n\tat android.os.Looper.loop(Looper.java:300)\n\tat android.app.ActivityThread.main(ActivityThread.java:8395)\n\tat java.lang.reflect.Method.invoke(Native Method)\n\tat com.android.internal.os.RuntimeInit$MethodAndArgsCaller.run(RuntimeInit.java:559)\n\tat com.android.internal.os.ZygoteInit.main(ZygoteInit.java:954)\n"
},
{
    "type": "log",
    "source": "class",
    "method": "access$isInstanceStopped$p",
    "package_name": "com.fanduel.casino",
    "class_name": "com.braze.Braze",
    "timestamp": 1728284041548,
    "ref": "<class: com.braze.Braze>",
    "arguments": "{\"0\":\"<instance: com.braze.Braze>\"}",
    "stack_trace": "java.lang.Exception\n\tat com.braze.Braze.access$isInstanceStopped$p(Native Method)\n\tat com.braze.Braze$Companion.shouldAllowSingletonInitialization(Unknown Source:21)\n\tat com.braze.Braze$Companion.getInstance(Unknown Source:5)\n\tat com.braze.ui.inappmessage.BrazeInAppMessageManager.ensureSubscribedToInAppMessageEvents(Unknown Source:107)\n\tat com.braze.BrazeActivityLifecycleCallbackListener.onActivityCreated(Unknown Source:47)\n\tat android.app.Application.dispatchActivityCreated(Application.java:380)\n\tat android.app.Activity.dispatchActivityCreated(Activity.java:1445)\n\tat android.app.Activity.onCreate(Activity.java:1740)\n\tat androidx.core.app.o.onCreate(Unknown Source:0)\n\tat androidx.activity.ComponentActivity.onCreate(Unknown Source:39)\n\tat androidx.fragment.app.FragmentActivity.onCreate(Unknown Source:0)\n\tat com.casino.template.presentation.LandingActivity.onCreate(Unknown Source:0)\n\tat android.app.Activity.performCreate(Activity.java:8538)\n\tat android.app.Activity.performCreate(Activity.java:8502)\n\tat android.app.Instrumentation.callActivityOnCreate(Instrumentation.java:1440)\n\tat android.app.ActivityThread.performLaunchActivity(ActivityThread.java:3890)\n\tat android.app.ActivityThread.handleLaunchActivity(ActivityThread.java:4055)\n\tat android.app.servertransaction.LaunchActivityItem.execute(LaunchActivityItem.java:101)\n\tat android.app.servertransaction.TransactionExecutor.executeCallbacks(TransactionExecutor.java:135)\n\tat android.app.servertransaction.TransactionExecutor.execute(TransactionExecutor.java:95)\n\tat android.app.ActivityThread$H.handleMessage(ActivityThread.java:2415)\n\tat android.os.Handler.dispatchMessage(Handler.java:106)\n\tat android.os.Looper.loopOnce(Looper.java:211)\n\tat android.os.Looper.loop(Looper.java:300)\n\tat android.app.ActivityThread.main(ActivityThread.java:8395)\n\tat java.lang.reflect.Method.invoke(Native Method)\n\tat com.android.internal.os.RuntimeInit$MethodAndArgsCaller.run(RuntimeInit.java:559)\n\tat com.android.internal.os.ZygoteInit.main(ZygoteInit.java:954)\n"
},
{
    "type": "log",
    "source": "class",
    "method": "isApiKeyPresent$android_sdk_base_release",
    "package_name": "com.fanduel.casino",
    "class_name": "com.braze.Braze",
    "timestamp": 1728284041562,
    "ref": "com.braze.Braze@64b68f4",
    "arguments": "{}",
    "stack_trace": "java.lang.Exception\n\tat com.braze.Braze.isApiKeyPresent$android_sdk_base_release(Native Method)\n\tat com.braze.Braze$Companion.shouldAllowSingletonInitialization(Unknown Source:42)\n\tat com.braze.Braze$Companion.getInstance(Unknown Source:5)\n\tat com.braze.ui.inappmessage.BrazeInAppMessageManager.ensureSubscribedToInAppMessageEvents(Unknown Source:107)\n\tat com.braze.BrazeActivityLifecycleCallbackListener.onActivityCreated(Unknown Source:47)\n\tat android.app.Application.dispatchActivityCreated(Application.java:380)\n\tat android.app.Activity.dispatchActivityCreated(Activity.java:1445)\n\tat android.app.Activity.onCreate(Activity.java:1740)\n\tat androidx.core.app.o.onCreate(Unknown Source:0)\n\tat androidx.activity.ComponentActivity.onCreate(Unknown Source:39)\n\tat androidx.fragment.app.FragmentActivity.onCreate(Unknown Source:0)\n\tat com.casino.template.presentation.LandingActivity.onCreate(Unknown Source:0)\n\tat android.app.Activity.performCreate(Activity.java:8538)\n\tat android.app.Activity.performCreate(Activity.java:8502)\n\tat android.app.Instrumentation.callActivityOnCreate(Instrumentation.java:1440)\n\tat android.app.ActivityThread.performLaunchActivity(ActivityThread.java:3890)\n\tat android.app.ActivityThread.handleLaunchActivity(ActivityThread.java:4055)\n\tat android.app.servertransaction.LaunchActivityItem.execute(LaunchActivityItem.java:101)\n\tat android.app.servertransaction.TransactionExecutor.executeCallbacks(TransactionExecutor.java:135)\n\tat android.app.servertransaction.TransactionExecutor.execute(TransactionExecutor.java:95)\n\tat android.app.ActivityThread$H.handleMessage(ActivityThread.java:2415)\n\tat android.os.Handler.dispatchMessage(Handler.java:106)\n\tat android.os.Looper.loopOnce(Looper.java:211)\n\tat android.os.Looper.loop(Looper.java:300)\n\tat android.app.ActivityThread.main(ActivityThread.java:8395)\n\tat java.lang.reflect.Method.invoke(Native Method)\n\tat com.android.internal.os.RuntimeInit$MethodAndArgsCaller.run(RuntimeInit.java:559)\n\tat com.android.internal.os.ZygoteInit.main(ZygoteInit.java:954)\n"
},
{
    "type": "log",
    "source": "class",
    "method": "access$getInstance$cp",
    "package_name": "com.fanduel.casino",
    "class_name": "com.braze.Braze",
    "timestamp": 1728284041573,
    "ref": "<class: com.braze.Braze>",
    "arguments": "{}",
    "stack_trace": "java.lang.Exception\n\tat com.braze.Braze.access$getInstance$cp(Native Method)\n\tat com.braze.Braze$Companion.getInstance(Unknown Source:54)\n\tat com.braze.ui.inappmessage.BrazeInAppMessageManager.ensureSubscribedToInAppMessageEvents(Unknown Source:107)\n\tat com.braze.BrazeActivityLifecycleCallbackListener.onActivityCreated(Unknown Source:47)\n\tat android.app.Application.dispatchActivityCreated(Application.java:380)\n\tat android.app.Activity.dispatchActivityCreated(Activity.java:1445)\n\tat android.app.Activity.onCreate(Activity.java:1740)\n\tat androidx.core.app.o.onCreate(Unknown Source:0)\n\tat androidx.activity.ComponentActivity.onCreate(Unknown Source:39)\n\tat androidx.fragment.app.FragmentActivity.onCreate(Unknown Source:0)\n\tat com.casino.template.presentation.LandingActivity.onCreate(Unknown Source:0)\n\tat android.app.Activity.performCreate(Activity.java:8538)\n\tat android.app.Activity.performCreate(Activity.java:8502)\n\tat android.app.Instrumentation.callActivityOnCreate(Instrumentation.java:1440)\n\tat android.app.ActivityThread.performLaunchActivity(ActivityThread.java:3890)\n\tat android.app.ActivityThread.handleLaunchActivity(ActivityThread.java:4055)\n\tat android.app.servertransaction.LaunchActivityItem.execute(LaunchActivityItem.java:101)\n\tat android.app.servertransaction.TransactionExecutor.executeCallbacks(TransactionExecutor.java:135)\n\tat android.app.servertransaction.TransactionExecutor.execute(TransactionExecutor.java:95)\n\tat android.app.ActivityThread$H.handleMessage(ActivityThread.java:2415)\n\tat android.os.Handler.dispatchMessage(Handler.java:106)\n\tat android.os.Looper.loopOnce(Looper.java:211)\n\tat android.os.Looper.loop(Looper.java:300)\n\tat android.app.ActivityThread.main(ActivityThread.java:8395)\n\tat java.lang.reflect.Method.invoke(Native Method)\n\tat com.android.internal.os.RuntimeInit$MethodAndArgsCaller.run(RuntimeInit.java:559)\n\tat com.android.internal.os.ZygoteInit.main(ZygoteInit.java:954)\n"
},
{
    "type": "log",
    "source": "class",
    "method": "addSingleSynchronousSubscription",
    "package_name": "com.fanduel.casino",
    "class_name": "com.braze.Braze",
    "timestamp": 1728284041587,
    "ref": "com.braze.Braze@64b68f4",
    "arguments": "{\"0\":\"<instance: com.braze.events.IEventSubscriber, $className: com.braze.ui.inappmessage.b>\",\"1\":\"<instance: java.lang.Class>\"}",
    "stack_trace": "java.lang.Exception\n\tat com.braze.Braze.addSingleSynchronousSubscription(Native Method)\n\tat com.braze.ui.inappmessage.BrazeInAppMessageManager.ensureSubscribedToInAppMessageEvents(Unknown Source:111)\n\tat com.braze.BrazeActivityLifecycleCallbackListener.onActivityCreated(Unknown Source:47)\n\tat android.app.Application.dispatchActivityCreated(Application.java:380)\n\tat android.app.Activity.dispatchActivityCreated(Activity.java:1445)\n\tat android.app.Activity.onCreate(Activity.java:1740)\n\tat androidx.core.app.o.onCreate(Unknown Source:0)\n\tat androidx.activity.ComponentActivity.onCreate(Unknown Source:39)\n\tat androidx.fragment.app.FragmentActivity.onCreate(Unknown Source:0)\n\tat com.casino.template.presentation.LandingActivity.onCreate(Unknown Source:0)\n\tat android.app.Activity.performCreate(Activity.java:8538)\n\tat android.app.Activity.performCreate(Activity.java:8502)\n\tat android.app.Instrumentation.callActivityOnCreate(Instrumentation.java:1440)\n\tat android.app.ActivityThread.performLaunchActivity(ActivityThread.java:3890)\n\tat android.app.ActivityThread.handleLaunchActivity(ActivityThread.java:4055)\n\tat android.app.servertransaction.LaunchActivityItem.execute(LaunchActivityItem.java:101)\n\tat android.app.servertransaction.TransactionExecutor.executeCallbacks(TransactionExecutor.java:135)\n\tat android.app.servertransaction.TransactionExecutor.execute(TransactionExecutor.java:95)\n\tat android.app.ActivityThread$H.handleMessage(ActivityThread.java:2415)\n\tat android.os.Handler.dispatchMessage(Handler.java:106)\n\tat android.os.Looper.loopOnce(Looper.java:211)\n\tat android.os.Looper.loop(Looper.java:300)\n\tat android.app.ActivityThread.main(ActivityThread.java:8395)\n\tat java.lang.reflect.Method.invoke(Native Method)\n\tat com.android.internal.os.RuntimeInit$MethodAndArgsCaller.run(RuntimeInit.java:559)\n\tat com.android.internal.os.ZygoteInit.main(ZygoteInit.java:954)\n"
},
{
    "type": "log",
    "source": "class",
    "method": "access$getEndpointProviderLock$cp",
    "package_name": "com.fanduel.casino",
    "class_name": "com.braze.Braze",
    "timestamp": 1728284041979,
    "ref": "<class: com.braze.Braze>",
    "arguments": "{}",
    "stack_trace": "java.lang.Exception\n\tat com.braze.Braze.access$getEndpointProviderLock$cp(Native Method)\n\tat com.braze.Braze$Companion.getApiEndpoint(Unknown Source:5)\n\tat bo.app.lg.e(Unknown Source:8)\n\tat bo.app.g60.a(SourceFile:16)\n\tat bo.app.f60.invokeSuspend(Unknown Source:11)\n\tat nj.a.resumeWith(Unknown Source:12)\n\tat jm.m0.run(Unknown Source:118)\n\tat jm.b2.run(Unknown Source:32)\n\tat qm.k.run(Unknown Source:2)\n\tat qm.b.run(Unknown Source:95)\n"
},
{
    "type": "log",
    "source": "class",
    "method": "access$getEndpointProvider$cp",
    "package_name": "com.fanduel.casino",
    "class_name": "com.braze.Braze",
    "timestamp": 1728284041982,
    "ref": "<class: com.braze.Braze>",
    "arguments": "{}",
    "stack_trace": "java.lang.Exception\n\tat com.braze.Braze.access$getEndpointProvider$cp(Native Method)\n\tat com.braze.Braze$Companion.getApiEndpoint(Unknown Source:12)\n\tat bo.app.lg.e(Unknown Source:8)\n\tat bo.app.g60.a(SourceFile:16)\n\tat bo.app.f60.invokeSuspend(Unknown Source:11)\n\tat nj.a.resumeWith(Unknown Source:12)\n\tat jm.m0.run(Unknown Source:118)\n\tat jm.b2.run(Unknown Source:32)\n\tat qm.k.run(Unknown Source:2)\n\tat qm.b.run(Unknown Source:95)\n"
},
{
    "type": "log",
    "source": "class",
    "method": "getInstance",
    "package_name": "com.fanduel.casino",
    "class_name": "com.appsflyer.AppsFlyerLib",
    "timestamp": 1728284042032,
    "ref": "<class: com.appsflyer.AppsFlyerLib>",
    "arguments": "{}",
    "stack_trace": "java.lang.Exception\n\tat com.appsflyer.AppsFlyerLib.getInstance(Native Method)\n\tat com.casino.template.presentation.LandingActivity.onCreate(Unknown Source:673)\n\tat android.app.Activity.performCreate(Activity.java:8538)\n\tat android.app.Activity.performCreate(Activity.java:8502)\n\tat android.app.Instrumentation.callActivityOnCreate(Instrumentation.java:1440)\n\tat android.app.ActivityThread.performLaunchActivity(ActivityThread.java:3890)\n\tat android.app.ActivityThread.handleLaunchActivity(ActivityThread.java:4055)\n\tat android.app.servertransaction.LaunchActivityItem.execute(LaunchActivityItem.java:101)\n\tat android.app.servertransaction.TransactionExecutor.executeCallbacks(TransactionExecutor.java:135)\n\tat android.app.servertransaction.TransactionExecutor.execute(TransactionExecutor.java:95)\n\tat android.app.ActivityThread$H.handleMessage(ActivityThread.java:2415)\n\tat android.os.Handler.dispatchMessage(Handler.java:106)\n\tat android.os.Looper.loopOnce(Looper.java:211)\n\tat android.os.Looper.loop(Looper.java:300)\n\tat android.app.ActivityThread.main(ActivityThread.java:8395)\n\tat java.lang.reflect.Method.invoke(Native Method)\n\tat com.android.internal.os.RuntimeInit$MethodAndArgsCaller.run(RuntimeInit.java:559)\n\tat com.android.internal.os.ZygoteInit.main(ZygoteInit.java:954)\n"
},
{
    "type": "log",
    "source": "class",
    "method": "access$getInstance$cp",
    "package_name": "com.fanduel.casino",
    "class_name": "com.braze.Braze",
    "timestamp": 1728284042052,
    "ref": "<class: com.braze.Braze>",
    "arguments": "{}",
    "stack_trace": "java.lang.Exception\n\tat com.braze.Braze.access$getInstance$cp(Native Method)\n\tat com.braze.Braze$Companion.shouldAllowSingletonInitialization(Unknown Source:0)\n\tat com.braze.Braze$Companion.getInstance(Unknown Source:5)\n\tat com.braze.BrazeActivityLifecycleCallbackListener.onActivityStarted(Unknown Source:43)\n\tat android.app.Application.dispatchActivityStarted(Application.java:413)\n\tat android.app.Activity.dispatchActivityStarted(Activity.java:1482)\n\tat android.app.Activity.onStart(Activity.java:2016)\n\tat androidx.fragment.app.FragmentActivity.onStart(Unknown Source:5)\n\tat androidx.appcompat.app.n.onStart(Unknown Source:0)\n\tat android.app.Instrumentation.callActivityOnStart(Instrumentation.java:1566)\n\tat android.app.Activity.performStart(Activity.java:8570)\n\tat android.app.ActivityThread.handleStartActivity(ActivityThread.java:3934)\n\tat android.app.servertransaction.TransactionExecutor.performLifecycleSequence(TransactionExecutor.java:221)\n\tat android.app.servertransaction.TransactionExecutor.cycleToPath(TransactionExecutor.java:201)\n\tat android.app.servertransaction.TransactionExecutor.executeLifecycleState(TransactionExecutor.java:173)\n\tat android.app.servertransaction.TransactionExecutor.execute(TransactionExecutor.java:97)\n\tat android.app.ActivityThread$H.handleMessage(ActivityThread.java:2415)\n\tat android.os.Handler.dispatchMessage(Handler.java:106)\n\tat android.os.Looper.loopOnce(Looper.java:211)\n\tat android.os.Looper.loop(Looper.java:300)\n\tat android.app.ActivityThread.main(ActivityThread.java:8395)\n\tat java.lang.reflect.Method.invoke(Native Method)\n\tat com.android.internal.os.RuntimeInit$MethodAndArgsCaller.run(RuntimeInit.java:559)\n\tat com.android.internal.os.ZygoteInit.main(ZygoteInit.java:954)\n"
},
{
    "type": "log",
    "source": "class",
    "method": "access$isInstanceStopped$p",
    "package_name": "com.fanduel.casino",
    "class_name": "com.braze.Braze",
    "timestamp": 1728284042057,
    "ref": "<class: com.braze.Braze>",
    "arguments": "{\"0\":\"<instance: com.braze.Braze>\"}",
    "stack_trace": "java.lang.Exception\n\tat com.braze.Braze.access$isInstanceStopped$p(Native Method)\n\tat com.braze.Braze$Companion.shouldAllowSingletonInitialization(Unknown Source:21)\n\tat com.braze.Braze$Companion.getInstance(Unknown Source:5)\n\tat com.braze.BrazeActivityLifecycleCallbackListener.onActivityStarted(Unknown Source:43)\n\tat android.app.Application.dispatchActivityStarted(Application.java:413)\n\tat android.app.Activity.dispatchActivityStarted(Activity.java:1482)\n\tat android.app.Activity.onStart(Activity.java:2016)\n\tat androidx.fragment.app.FragmentActivity.onStart(Unknown Source:5)\n\tat androidx.appcompat.app.n.onStart(Unknown Source:0)\n\tat android.app.Instrumentation.callActivityOnStart(Instrumentation.java:1566)\n\tat android.app.Activity.performStart(Activity.java:8570)\n\tat android.app.ActivityThread.handleStartActivity(ActivityThread.java:3934)\n\tat android.app.servertransaction.TransactionExecutor.performLifecycleSequence(TransactionExecutor.java:221)\n\tat android.app.servertransaction.TransactionExecutor.cycleToPath(TransactionExecutor.java:201)\n\tat android.app.servertransaction.TransactionExecutor.executeLifecycleState(TransactionExecutor.java:173)\n\tat android.app.servertransaction.TransactionExecutor.execute(TransactionExecutor.java:97)\n\tat android.app.ActivityThread$H.handleMessage(ActivityThread.java:2415)\n\tat android.os.Handler.dispatchMessage(Handler.java:106)\n\tat android.os.Looper.loopOnce(Looper.java:211)\n\tat android.os.Looper.loop(Looper.java:300)\n\tat android.app.ActivityThread.main(ActivityThread.java:8395)\n\tat java.lang.reflect.Method.invoke(Native Method)\n\tat com.android.internal.os.RuntimeInit$MethodAndArgsCaller.run(RuntimeInit.java:559)\n\tat com.android.internal.os.ZygoteInit.main(ZygoteInit.java:954)\n"
},
{
    "type": "log",
    "source": "class",
    "method": "isApiKeyPresent$android_sdk_base_release",
    "package_name": "com.fanduel.casino",
    "class_name": "com.braze.Braze",
    "timestamp": 1728284042062,
    "ref": "com.braze.Braze@64b68f4",
    "arguments": "{}",
    "stack_trace": "java.lang.Exception\n\tat com.braze.Braze.isApiKeyPresent$android_sdk_base_release(Native Method)\n\tat com.braze.Braze$Companion.shouldAllowSingletonInitialization(Unknown Source:42)\n\tat com.braze.Braze$Companion.getInstance(Unknown Source:5)\n\tat com.braze.BrazeActivityLifecycleCallbackListener.onActivityStarted(Unknown Source:43)\n\tat android.app.Application.dispatchActivityStarted(Application.java:413)\n\tat android.app.Activity.dispatchActivityStarted(Activity.java:1482)\n\tat android.app.Activity.onStart(Activity.java:2016)\n\tat androidx.fragment.app.FragmentActivity.onStart(Unknown Source:5)\n\tat androidx.appcompat.app.n.onStart(Unknown Source:0)\n\tat android.app.Instrumentation.callActivityOnStart(Instrumentation.java:1566)\n\tat android.app.Activity.performStart(Activity.java:8570)\n\tat android.app.ActivityThread.handleStartActivity(ActivityThread.java:3934)\n\tat android.app.servertransaction.TransactionExecutor.performLifecycleSequence(TransactionExecutor.java:221)\n\tat android.app.servertransaction.TransactionExecutor.cycleToPath(TransactionExecutor.java:201)\n\tat android.app.servertransaction.TransactionExecutor.executeLifecycleState(TransactionExecutor.java:173)\n\tat android.app.servertransaction.TransactionExecutor.execute(TransactionExecutor.java:97)\n\tat android.app.ActivityThread$H.handleMessage(ActivityThread.java:2415)\n\tat android.os.Handler.dispatchMessage(Handler.java:106)\n\tat android.os.Looper.loopOnce(Looper.java:211)\n\tat android.os.Looper.loop(Looper.java:300)\n\tat android.app.ActivityThread.main(ActivityThread.java:8395)\n\tat java.lang.reflect.Method.invoke(Native Method)\n\tat com.android.internal.os.RuntimeInit$MethodAndArgsCaller.run(RuntimeInit.java:559)\n\tat com.android.internal.os.ZygoteInit.main(ZygoteInit.java:954)\n"
},
{
    "type": "log",
    "source": "class",
    "method": "access$getInstance$cp",
    "package_name": "com.fanduel.casino",
    "class_name": "com.braze.Braze",
    "timestamp": 1728284042067,
    "ref": "<class: com.braze.Braze>",
    "arguments": "{}",
    "stack_trace": "java.lang.Exception\n\tat com.braze.Braze.access$getInstance$cp(Native Method)\n\tat com.braze.Braze$Companion.getInstance(Unknown Source:54)\n\tat com.braze.BrazeActivityLifecycleCallbackListener.onActivityStarted(Unknown Source:43)\n\tat android.app.Application.dispatchActivityStarted(Application.java:413)\n\tat android.app.Activity.dispatchActivityStarted(Activity.java:1482)\n\tat android.app.Activity.onStart(Activity.java:2016)\n\tat androidx.fragment.app.FragmentActivity.onStart(Unknown Source:5)\n\tat androidx.appcompat.app.n.onStart(Unknown Source:0)\n\tat android.app.Instrumentation.callActivityOnStart(Instrumentation.java:1566)\n\tat android.app.Activity.performStart(Activity.java:8570)\n\tat android.app.ActivityThread.handleStartActivity(ActivityThread.java:3934)\n\tat android.app.servertransaction.TransactionExecutor.performLifecycleSequence(TransactionExecutor.java:221)\n\tat android.app.servertransaction.TransactionExecutor.cycleToPath(TransactionExecutor.java:201)\n\tat android.app.servertransaction.TransactionExecutor.executeLifecycleState(TransactionExecutor.java:173)\n\tat android.app.servertransaction.TransactionExecutor.execute(TransactionExecutor.java:97)\n\tat android.app.ActivityThread$H.handleMessage(ActivityThread.java:2415)\n\tat android.os.Handler.dispatchMessage(Handler.java:106)\n\tat android.os.Looper.loopOnce(Looper.java:211)\n\tat android.os.Looper.loop(Looper.java:300)\n\tat android.app.ActivityThread.main(ActivityThread.java:8395)\n\tat java.lang.reflect.Method.invoke(Native Method)\n\tat com.android.internal.os.RuntimeInit$MethodAndArgsCaller.run(RuntimeInit.java:559)\n\tat com.android.internal.os.ZygoteInit.main(ZygoteInit.java:954)\n"
},
{
    "type": "log",
    "source": "class",
    "method": "openSession",
    "package_name": "com.fanduel.casino",
    "class_name": "com.braze.Braze",
    "timestamp": 1728284042079,
    "ref": "com.braze.Braze@64b68f4",
    "arguments": "{\"0\":\"<instance: android.app.Activity, $className: com.casino.template.presentation.LandingActivity>\"}",
    "stack_trace": "java.lang.Exception\n\tat com.braze.Braze.openSession(Native Method)\n\tat com.braze.BrazeActivityLifecycleCallbackListener.onActivityStarted(Unknown Source:47)\n\tat android.app.Application.dispatchActivityStarted(Application.java:413)\n\tat android.app.Activity.dispatchActivityStarted(Activity.java:1482)\n\tat android.app.Activity.onStart(Activity.java:2016)\n\tat androidx.fragment.app.FragmentActivity.onStart(Unknown Source:5)\n\tat androidx.appcompat.app.n.onStart(Unknown Source:0)\n\tat android.app.Instrumentation.callActivityOnStart(Instrumentation.java:1566)\n\tat android.app.Activity.performStart(Activity.java:8570)\n\tat android.app.ActivityThread.handleStartActivity(ActivityThread.java:3934)\n\tat android.app.servertransaction.TransactionExecutor.performLifecycleSequence(TransactionExecutor.java:221)\n\tat android.app.servertransaction.TransactionExecutor.cycleToPath(TransactionExecutor.java:201)\n\tat android.app.servertransaction.TransactionExecutor.executeLifecycleState(TransactionExecutor.java:173)\n\tat android.app.servertransaction.TransactionExecutor.execute(TransactionExecutor.java:97)\n\tat android.app.ActivityThread$H.handleMessage(ActivityThread.java:2415)\n\tat android.os.Handler.dispatchMessage(Handler.java:106)\n\tat android.os.Looper.loopOnce(Looper.java:211)\n\tat android.os.Looper.loop(Looper.java:300)\n\tat android.app.ActivityThread.main(ActivityThread.java:8395)\n\tat java.lang.reflect.Method.invoke(Native Method)\n\tat com.android.internal.os.RuntimeInit$MethodAndArgsCaller.run(RuntimeInit.java:559)\n\tat com.android.internal.os.ZygoteInit.main(ZygoteInit.java:954)\n"
},
{
    "type": "log",
    "source": "class",
    "method": "run$android_sdk_base_release$default",
    "package_name": "com.fanduel.casino",
    "class_name": "com.braze.Braze",
    "timestamp": 1728284042086,
    "ref": "<class: com.braze.Braze>",
    "arguments": "{\"0\":\"<instance: com.braze.Braze>\",\"1\":\"<instance: kotlin.jvm.functions.Function0, $className: bo.app.e4>\",\"2\":false,\"3\":false,\"4\":\"<instance: kotlin.jvm.functions.Function0, $className: bo.app.g4>\",\"5\":6,\"6\":null}",
    "stack_trace": "java.lang.Exception\n\tat com.braze.Braze.run$android_sdk_base_release$default(Native Method)\n\tat com.braze.Braze.openSession(Unknown Source:12)\n\tat com.braze.Braze.openSession(Native Method)\n\tat com.braze.BrazeActivityLifecycleCallbackListener.onActivityStarted(Unknown Source:47)\n\tat android.app.Application.dispatchActivityStarted(Application.java:413)\n\tat android.app.Activity.dispatchActivityStarted(Activity.java:1482)\n\tat android.app.Activity.onStart(Activity.java:2016)\n\tat androidx.fragment.app.FragmentActivity.onStart(Unknown Source:5)\n\tat androidx.appcompat.app.n.onStart(Unknown Source:0)\n\tat android.app.Instrumentation.callActivityOnStart(Instrumentation.java:1566)\n\tat android.app.Activity.performStart(Activity.java:8570)\n\tat android.app.ActivityThread.handleStartActivity(ActivityThread.java:3934)\n\tat android.app.servertransaction.TransactionExecutor.performLifecycleSequence(TransactionExecutor.java:221)\n\tat android.app.servertransaction.TransactionExecutor.cycleToPath(TransactionExecutor.java:201)\n\tat android.app.servertransaction.TransactionExecutor.executeLifecycleState(TransactionExecutor.java:173)\n\tat android.app.servertransaction.TransactionExecutor.execute(TransactionExecutor.java:97)\n\tat android.app.ActivityThread$H.handleMessage(ActivityThread.java:2415)\n\tat android.os.Handler.dispatchMessage(Handler.java:106)\n\tat android.os.Looper.loopOnce(Looper.java:211)\n\tat android.os.Looper.loop(Looper.java:300)\n\tat android.app.ActivityThread.main(ActivityThread.java:8395)\n\tat java.lang.reflect.Method.invoke(Native Method)\n\tat com.android.internal.os.RuntimeInit$MethodAndArgsCaller.run(RuntimeInit.java:559)\n\tat com.android.internal.os.ZygoteInit.main(ZygoteInit.java:954)\n"
},
{
    "type": "log",
    "source": "class",
    "method": "run$android_sdk_base_release",
    "package_name": "com.fanduel.casino",
    "class_name": "com.braze.Braze",
    "timestamp": 1728284042091,
    "ref": "com.braze.Braze@64b68f4",
    "arguments": "{\"0\":\"<instance: kotlin.jvm.functions.Function0, $className: bo.app.e4>\",\"1\":true,\"2\":true,\"3\":\"<instance: kotlin.jvm.functions.Function0, $className: bo.app.g4>\"}",
    "stack_trace": "java.lang.Exception\n\tat com.braze.Braze.run$android_sdk_base_release(Native Method)\n\tat com.braze.Braze.run$android_sdk_base_release$default(Unknown Source:11)\n\tat com.braze.Braze.run$android_sdk_base_release$default(Native Method)\n\tat com.braze.Braze.openSession(Unknown Source:12)\n\tat com.braze.Braze.openSession(Native Method)\n\tat com.braze.BrazeActivityLifecycleCallbackListener.onActivityStarted(Unknown Source:47)\n\tat android.app.Application.dispatchActivityStarted(Application.java:413)\n\tat android.app.Activity.dispatchActivityStarted(Activity.java:1482)\n\tat android.app.Activity.onStart(Activity.java:2016)\n\tat androidx.fragment.app.FragmentActivity.onStart(Unknown Source:5)\n\tat androidx.appcompat.app.n.onStart(Unknown Source:0)\n\tat android.app.Instrumentation.callActivityOnStart(Instrumentation.java:1566)\n\tat android.app.Activity.performStart(Activity.java:8570)\n\tat android.app.ActivityThread.handleStartActivity(ActivityThread.java:3934)\n\tat android.app.servertransaction.TransactionExecutor.performLifecycleSequence(TransactionExecutor.java:221)\n\tat android.app.servertransaction.TransactionExecutor.cycleToPath(TransactionExecutor.java:201)\n\tat android.app.servertransaction.TransactionExecutor.executeLifecycleState(TransactionExecutor.java:173)\n\tat android.app.servertransaction.TransactionExecutor.execute(TransactionExecutor.java:97)\n\tat android.app.ActivityThread$H.handleMessage(ActivityThread.java:2415)\n\tat android.os.Handler.dispatchMessage(Handler.java:106)\n\tat android.os.Looper.loopOnce(Looper.java:211)\n\tat android.os.Looper.loop(Looper.java:300)\n\tat android.app.ActivityThread.main(ActivityThread.java:8395)\n\tat java.lang.reflect.Method.invoke(Native Method)\n\tat com.android.internal.os.RuntimeInit$MethodAndArgsCaller.run(RuntimeInit.java:559)\n\tat com.android.internal.os.ZygoteInit.main(ZygoteInit.java:954)\n"
},
{
    "type": "log",
    "source": "class",
    "method": "access$getSdkEnablementProvider$cp",
    "package_name": "com.fanduel.casino",
    "class_name": "com.braze.Braze",
    "timestamp": 1728284042096,
    "ref": "<class: com.braze.Braze>",
    "arguments": "{}",
    "stack_trace": "java.lang.Exception\n\tat com.braze.Braze.access$getSdkEnablementProvider$cp(Native Method)\n\tat com.braze.Braze$Companion.getSdkEnablementProvider$android_sdk_base_release(Unknown Source:0)\n\tat com.braze.Braze$Companion.isDisabled(Unknown Source:0)\n\tat com.braze.Braze.run$android_sdk_base_release(Unknown Source:14)\n\tat com.braze.Braze.run$android_sdk_base_release(Native Method)\n\tat com.braze.Braze.run$android_sdk_base_release$default(Unknown Source:11)\n\tat com.braze.Braze.run$android_sdk_base_release$default(Native Method)\n\tat com.braze.Braze.openSession(Unknown Source:12)\n\tat com.braze.Braze.openSession(Native Method)\n\tat com.braze.BrazeActivityLifecycleCallbackListener.onActivityStarted(Unknown Source:47)\n\tat android.app.Application.dispatchActivityStarted(Application.java:413)\n\tat android.app.Activity.dispatchActivityStarted(Activity.java:1482)\n\tat android.app.Activity.onStart(Activity.java:2016)\n\tat androidx.fragment.app.FragmentActivity.onStart(Unknown Source:5)\n\tat androidx.appcompat.app.n.onStart(Unknown Source:0)\n\tat android.app.Instrumentation.callActivityOnStart(Instrumentation.java:1566)\n\tat android.app.Activity.performStart(Activity.java:8570)\n\tat android.app.ActivityThread.handleStartActivity(ActivityThread.java:3934)\n\tat android.app.servertransaction.TransactionExecutor.performLifecycleSequence(TransactionExecutor.java:221)\n\tat android.app.servertransaction.TransactionExecutor.cycleToPath(TransactionExecutor.java:201)\n\tat android.app.servertransaction.TransactionExecutor.executeLifecycleState(TransactionExecutor.java:173)\n\tat android.app.servertransaction.TransactionExecutor.execute(TransactionExecutor.java:97)\n\tat android.app.ActivityThread$H.handleMessage(ActivityThread.java:2415)\n\tat android.os.Handler.dispatchMessage(Handler.java:106)\n\tat android.os.Looper.loopOnce(Looper.java:211)\n\tat android.os.Looper.loop(Looper.java:300)\n\tat android.app.ActivityThread.main(ActivityThread.java:8395)\n\tat java.lang.reflect.Method.invoke(Native Method)\n\tat com.android.internal.os.RuntimeInit$MethodAndArgsCaller.run(RuntimeInit.java:559)\n\tat com.android.internal.os.ZygoteInit.main(ZygoteInit.java:954)\n"
},
{
    "type": "log",
    "source": "class",
    "method": "access$getInstance$cp",
    "package_name": "com.fanduel.casino",
    "class_name": "com.braze.Braze",
    "timestamp": 1728284042101,
    "ref": "<class: com.braze.Braze>",
    "arguments": "{}",
    "stack_trace": "java.lang.Exception\n\tat com.braze.Braze.access$getInstance$cp(Native Method)\n\tat com.braze.Braze$Companion.isDisabled(Unknown Source:20)\n\tat com.braze.Braze.run$android_sdk_base_release(Unknown Source:14)\n\tat com.braze.Braze.run$android_sdk_base_release(Native Method)\n\tat com.braze.Braze.run$android_sdk_base_release$default(Unknown Source:11)\n\tat com.braze.Braze.run$android_sdk_base_release$default(Native Method)\n\tat com.braze.Braze.openSession(Unknown Source:12)\n\tat com.braze.Braze.openSession(Native Method)\n\tat com.braze.BrazeActivityLifecycleCallbackListener.onActivityStarted(Unknown Source:47)\n\tat android.app.Application.dispatchActivityStarted(Application.java:413)\n\tat android.app.Activity.dispatchActivityStarted(Activity.java:1482)\n\tat android.app.Activity.onStart(Activity.java:2016)\n\tat androidx.fragment.app.FragmentActivity.onStart(Unknown Source:5)\n\tat androidx.appcompat.app.n.onStart(Unknown Source:0)\n\tat android.app.Instrumentation.callActivityOnStart(Instrumentation.java:1566)\n\tat android.app.Activity.performStart(Activity.java:8570)\n\tat android.app.ActivityThread.handleStartActivity(ActivityThread.java:3934)\n\tat android.app.servertransaction.TransactionExecutor.performLifecycleSequence(TransactionExecutor.java:221)\n\tat android.app.servertransaction.TransactionExecutor.cycleToPath(TransactionExecutor.java:201)\n\tat android.app.servertransaction.TransactionExecutor.executeLifecycleState(TransactionExecutor.java:173)\n\tat android.app.servertransaction.TransactionExecutor.execute(TransactionExecutor.java:97)\n\tat android.app.ActivityThread$H.handleMessage(ActivityThread.java:2415)\n\tat android.os.Handler.dispatchMessage(Handler.java:106)\n\tat android.os.Looper.loopOnce(Looper.java:211)\n\tat android.os.Looper.loop(Looper.java:300)\n\tat android.app.ActivityThread.main(ActivityThread.java:8395)\n\tat java.lang.reflect.Method.invoke(Native Method)\n\tat com.android.internal.os.RuntimeInit$MethodAndArgsCaller.run(RuntimeInit.java:559)\n\tat com.android.internal.os.ZygoteInit.main(ZygoteInit.java:954)\n"
},
{
    "type": "log",
    "source": "class",
    "method": "isApiKeyPresent$android_sdk_base_release",
    "package_name": "com.fanduel.casino",
    "class_name": "com.braze.Braze",
    "timestamp": 1728284042107,
    "ref": "com.braze.Braze@64b68f4",
    "arguments": "{}",
    "stack_trace": "java.lang.Exception\n\tat com.braze.Braze.isApiKeyPresent$android_sdk_base_release(Native Method)\n\tat com.braze.Braze$Companion.isDisabled(Unknown Source:28)\n\tat com.braze.Braze.run$android_sdk_base_release(Unknown Source:14)\n\tat com.braze.Braze.run$android_sdk_base_release(Native Method)\n\tat com.braze.Braze.run$android_sdk_base_release$default(Unknown Source:11)\n\tat com.braze.Braze.run$android_sdk_base_release$default(Native Method)\n\tat com.braze.Braze.openSession(Unknown Source:12)\n\tat com.braze.Braze.openSession(Native Method)\n\tat com.braze.BrazeActivityLifecycleCallbackListener.onActivityStarted(Unknown Source:47)\n\tat android.app.Application.dispatchActivityStarted(Application.java:413)\n\tat android.app.Activity.dispatchActivityStarted(Activity.java:1482)\n\tat android.app.Activity.onStart(Activity.java:2016)\n\tat androidx.fragment.app.FragmentActivity.onStart(Unknown Source:5)\n\tat androidx.appcompat.app.n.onStart(Unknown Source:0)\n\tat android.app.Instrumentation.callActivityOnStart(Instrumentation.java:1566)\n\tat android.app.Activity.performStart(Activity.java:8570)\n\tat android.app.ActivityThread.handleStartActivity(ActivityThread.java:3934)\n\tat android.app.servertransaction.TransactionExecutor.performLifecycleSequence(TransactionExecutor.java:221)\n\tat android.app.servertransaction.TransactionExecutor.cycleToPath(TransactionExecutor.java:201)\n\tat android.app.servertransaction.TransactionExecutor.executeLifecycleState(TransactionExecutor.java:173)\n\tat android.app.servertransaction.TransactionExecutor.execute(TransactionExecutor.java:97)\n\tat android.app.ActivityThread$H.handleMessage(ActivityThread.java:2415)\n\tat android.os.Handler.dispatchMessage(Handler.java:106)\n\tat android.os.Looper.loopOnce(Looper.java:211)\n\tat android.os.Looper.loop(Looper.java:300)\n\tat android.app.ActivityThread.main(ActivityThread.java:8395)\n\tat java.lang.reflect.Method.invoke(Native Method)\n\tat com.android.internal.os.RuntimeInit$MethodAndArgsCaller.run(RuntimeInit.java:559)\n\tat com.android.internal.os.ZygoteInit.main(ZygoteInit.java:954)\n"
},
{
    "type": "log",
    "source": "class",
    "method": "getUdm$android_sdk_base_release",
    "package_name": "com.fanduel.casino",
    "class_name": "com.braze.Braze",
    "timestamp": 1728284042113,
    "ref": "com.braze.Braze@64b68f4",
    "arguments": "{}",
    "stack_trace": "java.lang.Exception\n\tat com.braze.Braze.getUdm$android_sdk_base_release(Native Method)\n\tat bo.app.g4.invoke(Unknown Source:24)\n\tat bo.app.e6.invokeSuspend(Unknown Source:42)\n\tat nj.a.resumeWith(Unknown Source:12)\n\tat jm.m0.run(Unknown Source:118)\n\tat jm.x0.i0(Unknown Source:138)\n\tat ab.b.w0(Unknown Source:67)\n\tat bo.app.f6.invokeSuspend(Unknown Source:20)\n\tat nj.a.resumeWith(Unknown Source:12)\n\tat jm.m0.run(Unknown Source:118)\n\tat java.util.concurrent.ThreadPoolExecutor.runWorker(ThreadPoolExecutor.java:1137)\n\tat java.util.concurrent.ThreadPoolExecutor$Worker.run(ThreadPoolExecutor.java:637)\n\tat java.lang.Thread.run(Thread.java:1012)\n"
},
{
    "type": "log",
    "source": "class",
    "method": "access$getInstance$cp",
    "package_name": "com.fanduel.casino",
    "class_name": "com.braze.Braze",
    "timestamp": 1728284042138,
    "ref": "<class: com.braze.Braze>",
    "arguments": "{}",
    "stack_trace": "java.lang.Exception\n\tat com.braze.Braze.access$getInstance$cp(Native Method)\n\tat com.braze.Braze$Companion.shouldAllowSingletonInitialization(Unknown Source:0)\n\tat com.braze.Braze$Companion.getInstance(Unknown Source:5)\n\tat com.braze.BrazeInternal.getInstance(Unknown Source:2)\n\tat com.braze.BrazeInternal.requestGeofenceRefresh(SourceFile:1)\n\tat bo.app.vu.a(SourceFile:179)\n\tat f5.g.trigger(Unknown Source:81)\n\tat bo.app.fv.a(SourceFile:23)\n\tat bo.app.uh.e(Unknown Source:56)\n\tat bo.app.uh.c(Unknown Source:30)\n\tat bo.app.lf.b(Unknown Source:34)\n\tat bo.app.g4.invoke(Unknown Source:70)\n\tat bo.app.e6.invokeSuspend(Unknown Source:42)\n\tat nj.a.resumeWith(Unknown Source:12)\n\tat jm.m0.run(Unknown Source:118)\n\tat jm.x0.i0(Unknown Source:138)\n\tat ab.b.w0(Unknown Source:67)\n\tat bo.app.f6.invokeSuspend(Unknown Source:20)\n\tat nj.a.resumeWith(Unknown Source:12)\n\tat jm.m0.run(Unknown Source:118)\n\tat java.util.concurrent.ThreadPoolExecutor.runWorker(ThreadPoolExecutor.java:1137)\n\tat java.util.concurrent.ThreadPoolExecutor$Worker.run(ThreadPoolExecutor.java:637)\n\tat java.lang.Thread.run(Thread.java:1012)\n"
},
{
    "type": "log",
    "source": "class",
    "method": "access$isInstanceStopped$p",
    "package_name": "com.fanduel.casino",
    "class_name": "com.braze.Braze",
    "timestamp": 1728284042144,
    "ref": "<class: com.braze.Braze>",
    "arguments": "{\"0\":\"<instance: com.braze.Braze>\"}",
    "stack_trace": "java.lang.Exception\n\tat com.braze.Braze.access$isInstanceStopped$p(Native Method)\n\tat com.braze.Braze$Companion.shouldAllowSingletonInitialization(Unknown Source:21)\n\tat com.braze.Braze$Companion.getInstance(Unknown Source:5)\n\tat com.braze.BrazeInternal.getInstance(Unknown Source:2)\n\tat com.braze.BrazeInternal.requestGeofenceRefresh(SourceFile:1)\n\tat bo.app.vu.a(SourceFile:179)\n\tat f5.g.trigger(Unknown Source:81)\n\tat bo.app.fv.a(SourceFile:23)\n\tat bo.app.uh.e(Unknown Source:56)\n\tat bo.app.uh.c(Unknown Source:30)\n\tat bo.app.lf.b(Unknown Source:34)\n\tat bo.app.g4.invoke(Unknown Source:70)\n\tat bo.app.e6.invokeSuspend(Unknown Source:42)\n\tat nj.a.resumeWith(Unknown Source:12)\n\tat jm.m0.run(Unknown Source:118)\n\tat jm.x0.i0(Unknown Source:138)\n\tat ab.b.w0(Unknown Source:67)\n\tat bo.app.f6.invokeSuspend(Unknown Source:20)\n\tat nj.a.resumeWith(Unknown Source:12)\n\tat jm.m0.run(Unknown Source:118)\n\tat java.util.concurrent.ThreadPoolExecutor.runWorker(ThreadPoolExecutor.java:1137)\n\tat java.util.concurrent.ThreadPoolExecutor$Worker.run(ThreadPoolExecutor.java:637)\n\tat java.lang.Thread.run(Thread.java:1012)\n"
},
{
    "type": "log",
    "source": "class",
    "method": "access$getInstance$cp",
    "package_name": "com.fanduel.casino",
    "class_name": "com.braze.Braze",
    "timestamp": 1728284042156,
    "ref": "<class: com.braze.Braze>",
    "arguments": "{}",
    "stack_trace": "java.lang.Exception\n\tat com.braze.Braze.access$getInstance$cp(Native Method)\n\tat com.braze.Braze$Companion.shouldAllowSingletonInitialization(Unknown Source:0)\n\tat com.braze.Braze$Companion.getInstance(Unknown Source:5)\n\tat com.braze.ui.inappmessage.BrazeInAppMessageManager.ensureSubscribedToInAppMessageEvents(Unknown Source:23)\n\tat com.braze.ui.inappmessage.BrazeInAppMessageManager.registerInAppMessageManager(Unknown Source:130)\n\tat com.braze.BrazeActivityLifecycleCallbackListener.onActivityResumed(Unknown Source:38)\n\tat android.app.Application.dispatchActivityResumed(Application.java:443)\n\tat android.app.Activity.dispatchActivityResumed(Activity.java:1513)\n\tat android.app.Activity.onResume(Activity.java:2095)\n\tat androidx.fragment.app.FragmentActivity.onResume(Unknown Source:5)\n\tat com.casino.template.presentation.LandingActivity.onResume(Unknown Source:0)\n\tat android.app.Instrumentation.callActivityOnResume(Instrumentation.java:1587)\n\tat android.app.Activity.performResume(Activity.java:8690)\n\tat android.app.ActivityThread.performResumeActivity(ActivityThread.java:5061)\n\tat android.app.ActivityThread.handleResumeActivity(ActivityThread.java:5104)\n\tat android.app.servertransaction.ResumeActivityItem.execute(ResumeActivityItem.java:54)\n\tat android.app.servertransaction.ActivityTransactionItem.execute(ActivityTransactionItem.java:45)\n\tat android.app.servertransaction.TransactionExecutor.executeLifecycleState(TransactionExecutor.java:176)\n\tat android.app.servertransaction.TransactionExecutor.execute(TransactionExecutor.java:97)\n\tat android.app.ActivityThread$H.handleMessage(ActivityThread.java:2415)\n\tat android.os.Handler.dispatchMessage(Handler.java:106)\n\tat android.os.Looper.loopOnce(Looper.java:211)\n\tat android.os.Looper.loop(Looper.java:300)\n\tat android.app.ActivityThread.main(ActivityThread.java:8395)\n\tat java.lang.reflect.Method.invoke(Native Method)\n\tat com.android.internal.os.RuntimeInit$MethodAndArgsCaller.run(RuntimeInit.java:559)\n\tat com.android.internal.os.ZygoteInit.main(ZygoteInit.java:954)\n"
},
{
    "type": "log",
    "source": "class",
    "method": "isApiKeyPresent$android_sdk_base_release",
    "package_name": "com.fanduel.casino",
    "class_name": "com.braze.Braze",
    "timestamp": 1728284042154,
    "ref": "com.braze.Braze@64b68f4",
    "arguments": "{}",
    "stack_trace": "java.lang.Exception\n\tat com.braze.Braze.isApiKeyPresent$android_sdk_base_release(Native Method)\n\tat com.braze.Braze$Companion.shouldAllowSingletonInitialization(Unknown Source:42)\n\tat com.braze.Braze$Companion.getInstance(Unknown Source:5)\n\tat com.braze.BrazeInternal.getInstance(Unknown Source:2)\n\tat com.braze.BrazeInternal.requestGeofenceRefresh(SourceFile:1)\n\tat bo.app.vu.a(SourceFile:179)\n\tat f5.g.trigger(Unknown Source:81)\n\tat bo.app.fv.a(SourceFile:23)\n\tat bo.app.uh.e(Unknown Source:56)\n\tat bo.app.uh.c(Unknown Source:30)\n\tat bo.app.lf.b(Unknown Source:34)\n\tat bo.app.g4.invoke(Unknown Source:70)\n\tat bo.app.e6.invokeSuspend(Unknown Source:42)\n\tat nj.a.resumeWith(Unknown Source:12)\n\tat jm.m0.run(Unknown Source:118)\n\tat jm.x0.i0(Unknown Source:138)\n\tat ab.b.w0(Unknown Source:67)\n\tat bo.app.f6.invokeSuspend(Unknown Source:20)\n\tat nj.a.resumeWith(Unknown Source:12)\n\tat jm.m0.run(Unknown Source:118)\n\tat java.util.concurrent.ThreadPoolExecutor.runWorker(ThreadPoolExecutor.java:1137)\n\tat java.util.concurrent.ThreadPoolExecutor$Worker.run(ThreadPoolExecutor.java:637)\n\tat java.lang.Thread.run(Thread.java:1012)\n"
},
{
    "type": "log",
    "source": "class",
    "method": "access$isInstanceStopped$p",
    "package_name": "com.fanduel.casino",
    "class_name": "com.braze.Braze",
    "timestamp": 1728284042168,
    "ref": "<class: com.braze.Braze>",
    "arguments": "{\"0\":\"<instance: com.braze.Braze>\"}",
    "stack_trace": "java.lang.Exception\n\tat com.braze.Braze.access$isInstanceStopped$p(Native Method)\n\tat com.braze.Braze$Companion.shouldAllowSingletonInitialization(Unknown Source:21)\n\tat com.braze.Braze$Companion.getInstance(Unknown Source:5)\n\tat com.braze.ui.inappmessage.BrazeInAppMessageManager.ensureSubscribedToInAppMessageEvents(Unknown Source:23)\n\tat com.braze.ui.inappmessage.BrazeInAppMessageManager.registerInAppMessageManager(Unknown Source:130)\n\tat com.braze.BrazeActivityLifecycleCallbackListener.onActivityResumed(Unknown Source:38)\n\tat android.app.Application.dispatchActivityResumed(Application.java:443)\n\tat android.app.Activity.dispatchActivityResumed(Activity.java:1513)\n\tat android.app.Activity.onResume(Activity.java:2095)\n\tat androidx.fragment.app.FragmentActivity.onResume(Unknown Source:5)\n\tat com.casino.template.presentation.LandingActivity.onResume(Unknown Source:0)\n\tat android.app.Instrumentation.callActivityOnResume(Instrumentation.java:1587)\n\tat android.app.Activity.performResume(Activity.java:8690)\n\tat android.app.ActivityThread.performResumeActivity(ActivityThread.java:5061)\n\tat android.app.ActivityThread.handleResumeActivity(ActivityThread.java:5104)\n\tat android.app.servertransaction.ResumeActivityItem.execute(ResumeActivityItem.java:54)\n\tat android.app.servertransaction.ActivityTransactionItem.execute(ActivityTransactionItem.java:45)\n\tat android.app.servertransaction.TransactionExecutor.executeLifecycleState(TransactionExecutor.java:176)\n\tat android.app.servertransaction.TransactionExecutor.execute(TransactionExecutor.java:97)\n\tat android.app.ActivityThread$H.handleMessage(ActivityThread.java:2415)\n\tat android.os.Handler.dispatchMessage(Handler.java:106)\n\tat android.os.Looper.loopOnce(Looper.java:211)\n\tat android.os.Looper.loop(Looper.java:300)\n\tat android.app.ActivityThread.main(ActivityThread.java:8395)\n\tat java.lang.reflect.Method.invoke(Native Method)\n\tat com.android.internal.os.RuntimeInit$MethodAndArgsCaller.run(RuntimeInit.java:559)\n\tat com.android.internal.os.ZygoteInit.main(ZygoteInit.java:954)\n"
},
{
    "type": "log",
    "source": "class",
    "method": "access$getInstance$cp",
    "package_name": "com.fanduel.casino",
    "class_name": "com.braze.Braze",
    "timestamp": 1728284042170,
    "ref": "<class: com.braze.Braze>",
    "arguments": "{}",
    "stack_trace": "java.lang.Exception\n\tat com.braze.Braze.access$getInstance$cp(Native Method)\n\tat com.braze.Braze$Companion.getInstance(Unknown Source:54)\n\tat com.braze.BrazeInternal.getInstance(Unknown Source:2)\n\tat com.braze.BrazeInternal.requestGeofenceRefresh(SourceFile:1)\n\tat bo.app.vu.a(SourceFile:179)\n\tat f5.g.trigger(Unknown Source:81)\n\tat bo.app.fv.a(SourceFile:23)\n\tat bo.app.uh.e(Unknown Source:56)\n\tat bo.app.uh.c(Unknown Source:30)\n\tat bo.app.lf.b(Unknown Source:34)\n\tat bo.app.g4.invoke(Unknown Source:70)\n\tat bo.app.e6.invokeSuspend(Unknown Source:42)\n\tat nj.a.resumeWith(Unknown Source:12)\n\tat jm.m0.run(Unknown Source:118)\n\tat jm.x0.i0(Unknown Source:138)\n\tat ab.b.w0(Unknown Source:67)\n\tat bo.app.f6.invokeSuspend(Unknown Source:20)\n\tat nj.a.resumeWith(Unknown Source:12)\n\tat jm.m0.run(Unknown Source:118)\n\tat java.util.concurrent.ThreadPoolExecutor.runWorker(ThreadPoolExecutor.java:1137)\n\tat java.util.concurrent.ThreadPoolExecutor$Worker.run(ThreadPoolExecutor.java:637)\n\tat java.lang.Thread.run(Thread.java:1012)\n"
},
{
    "type": "log",
    "source": "class",
    "method": "getInstance",
    "package_name": "com.fanduel.casino",
    "class_name": "com.google.firebase.analytics.FirebaseAnalytics",
    "timestamp": 1728284042181,
    "ref": "<class: com.google.firebase.analytics.FirebaseAnalytics>",
    "arguments": "{\"0\":\"<instance: android.content.Context, $className: com.casino.template.CasinoApp>\"}",
    "stack_trace": "java.lang.Exception\n\tat com.google.firebase.analytics.FirebaseAnalytics.getInstance(Native Method)\n\tat java.lang.reflect.Method.invoke(Native Method)\n\tat m.tf.f(:com.google.android.gms.dynamite_measurementdynamite@243834029@24.38.34 (190400-0):47)\n\tat m.rp.ab(:com.google.android.gms.dynamite_measurementdynamite@243834029@24.38.34 (190400-0):143)\n\tat m.rp.H(:com.google.android.gms.dynamite_measurementdynamite@243834029@24.38.34 (190400-0):30)\n\tat m.sc.A(:com.google.android.gms.dynamite_measurementdynamite@243834029@24.38.34 (190400-0):183)\n\tat m.rx.run(:com.google.android.gms.dynamite_measurementdynamite@243834029@24.38.34 (190400-0):12)\n\tat java.util.concurrent.Executors$RunnableAdapter.call(Executors.java:463)\n\tat java.util.concurrent.FutureTask.run(FutureTask.java:264)\n\tat m.pl.run(:com.google.android.gms.dynamite_measurementdynamite@243834029@24.38.34 (190400-0):48)\n"
},
{
    "type": "log",
    "source": "class",
    "method": "requestGeofenceRefresh$android_sdk_base_release",
    "package_name": "com.fanduel.casino",
    "class_name": "com.braze.Braze",
    "timestamp": 1728284042180,
    "ref": "com.braze.Braze@64b68f4",
    "arguments": "{\"0\":false}",
    "stack_trace": "java.lang.Exception\n\tat com.braze.Braze.requestGeofenceRefresh$android_sdk_base_release(Native Method)\n\tat com.braze.BrazeInternal.requestGeofenceRefresh(SourceFile:1)\n\tat bo.app.vu.a(SourceFile:179)\n\tat f5.g.trigger(Unknown Source:81)\n\tat bo.app.fv.a(SourceFile:23)\n\tat bo.app.uh.e(Unknown Source:56)\n\tat bo.app.uh.c(Unknown Source:30)\n\tat bo.app.lf.b(Unknown Source:34)\n\tat bo.app.g4.invoke(Unknown Source:70)\n\tat bo.app.e6.invokeSuspend(Unknown Source:42)\n\tat nj.a.resumeWith(Unknown Source:12)\n\tat jm.m0.run(Unknown Source:118)\n\tat jm.x0.i0(Unknown Source:138)\n\tat ab.b.w0(Unknown Source:67)\n\tat bo.app.f6.invokeSuspend(Unknown Source:20)\n\tat nj.a.resumeWith(Unknown Source:12)\n\tat jm.m0.run(Unknown Source:118)\n\tat java.util.concurrent.ThreadPoolExecutor.runWorker(ThreadPoolExecutor.java:1137)\n\tat java.util.concurrent.ThreadPoolExecutor$Worker.run(ThreadPoolExecutor.java:637)\n\tat java.lang.Thread.run(Thread.java:1012)\n"
},
{
    "type": "log",
    "source": "class",
    "method": "getFirebaseInstanceId",
    "package_name": "com.fanduel.casino",
    "class_name": "com.google.firebase.analytics.FirebaseAnalytics",
    "timestamp": 1728284042185,
    "ref": "com.google.firebase.analytics.FirebaseAnalytics@10d2ae8",
    "arguments": "{}",
    "stack_trace": "java.lang.Exception\n\tat com.google.firebase.analytics.FirebaseAnalytics.getFirebaseInstanceId(Native Method)\n\tat java.lang.reflect.Method.invoke(Native Method)\n\tat m.tf.f(:com.google.android.gms.dynamite_measurementdynamite@243834029@24.38.34 (190400-0):49)\n\tat m.rp.ab(:com.google.android.gms.dynamite_measurementdynamite@243834029@24.38.34 (190400-0):143)\n\tat m.rp.H(:com.google.android.gms.dynamite_measurementdynamite@243834029@24.38.34 (190400-0):30)\n\tat m.sc.A(:com.google.android.gms.dynamite_measurementdynamite@243834029@24.38.34 (190400-0):183)\n\tat m.rx.run(:com.google.android.gms.dynamite_measurementdynamite@243834029@24.38.34 (190400-0):12)\n\tat java.util.concurrent.Executors$RunnableAdapter.call(Executors.java:463)\n\tat java.util.concurrent.FutureTask.run(FutureTask.java:264)\n\tat m.pl.run(:com.google.android.gms.dynamite_measurementdynamite@243834029@24.38.34 (190400-0):48)\n"
},
{
    "type": "log",
    "source": "class",
    "method": "run$android_sdk_base_release$default",
    "package_name": "com.fanduel.casino",
    "class_name": "com.braze.Braze",
    "timestamp": 1728284042189,
    "ref": "<class: com.braze.Braze>",
    "arguments": "{\"0\":\"<instance: com.braze.Braze>\",\"1\":\"<instance: kotlin.jvm.functions.Function0, $className: bo.app.n5>\",\"2\":false,\"3\":false,\"4\":\"<instance: kotlin.jvm.functions.Function0, $className: bo.app.o5>\",\"5\":6,\"6\":null}",
    "stack_trace": "java.lang.Exception\n\tat com.braze.Braze.run$android_sdk_base_release$default(Native Method)\n\tat com.braze.Braze.requestGeofenceRefresh$android_sdk_base_release(SourceFile:2)\n\tat com.braze.Braze.requestGeofenceRefresh$android_sdk_base_release(Native Method)\n\tat com.braze.BrazeInternal.requestGeofenceRefresh(SourceFile:1)\n\tat bo.app.vu.a(SourceFile:179)\n\tat f5.g.trigger(Unknown Source:81)\n\tat bo.app.fv.a(SourceFile:23)\n\tat bo.app.uh.e(Unknown Source:56)\n\tat bo.app.uh.c(Unknown Source:30)\n\tat bo.app.lf.b(Unknown Source:34)\n\tat bo.app.g4.invoke(Unknown Source:70)\n\tat bo.app.e6.invokeSuspend(Unknown Source:42)\n\tat nj.a.resumeWith(Unknown Source:12)\n\tat jm.m0.run(Unknown Source:118)\n\tat jm.x0.i0(Unknown Source:138)\n\tat ab.b.w0(Unknown Source:67)\n\tat bo.app.f6.invokeSuspend(Unknown Source:20)\n\tat nj.a.resumeWith(Unknown Source:12)\n\tat jm.m0.run(Unknown Source:118)\n\tat java.util.concurrent.ThreadPoolExecutor.runWorker(ThreadPoolExecutor.java:1137)\n\tat java.util.concurrent.ThreadPoolExecutor$Worker.run(ThreadPoolExecutor.java:637)\n\tat java.lang.Thread.run(Thread.java:1012)\n"
},
{
    "type": "log",
    "source": "class",
    "method": "isApiKeyPresent$android_sdk_base_release",
    "package_name": "com.fanduel.casino",
    "class_name": "com.braze.Braze",
    "timestamp": 1728284042180,
    "ref": "com.braze.Braze@64b68f4",
    "arguments": "{}",
    "stack_trace": "java.lang.Exception\n\tat com.braze.Braze.isApiKeyPresent$android_sdk_base_release(Native Method)\n\tat com.braze.Braze$Companion.shouldAllowSingletonInitialization(Unknown Source:42)\n\tat com.braze.Braze$Companion.getInstance(Unknown Source:5)\n\tat com.braze.ui.inappmessage.BrazeInAppMessageManager.ensureSubscribedToInAppMessageEvents(Unknown Source:23)\n\tat com.braze.ui.inappmessage.BrazeInAppMessageManager.registerInAppMessageManager(Unknown Source:130)\n\tat com.braze.BrazeActivityLifecycleCallbackListener.onActivityResumed(Unknown Source:38)\n\tat android.app.Application.dispatchActivityResumed(Application.java:443)\n\tat android.app.Activity.dispatchActivityResumed(Activity.java:1513)\n\tat android.app.Activity.onResume(Activity.java:2095)\n\tat androidx.fragment.app.FragmentActivity.onResume(Unknown Source:5)\n\tat com.casino.template.presentation.LandingActivity.onResume(Unknown Source:0)\n\tat android.app.Instrumentation.callActivityOnResume(Instrumentation.java:1587)\n\tat android.app.Activity.performResume(Activity.java:8690)\n\tat android.app.ActivityThread.performResumeActivity(ActivityThread.java:5061)\n\tat android.app.ActivityThread.handleResumeActivity(ActivityThread.java:5104)\n\tat android.app.servertransaction.ResumeActivityItem.execute(ResumeActivityItem.java:54)\n\tat android.app.servertransaction.ActivityTransactionItem.execute(ActivityTransactionItem.java:45)\n\tat android.app.servertransaction.TransactionExecutor.executeLifecycleState(TransactionExecutor.java:176)\n\tat android.app.servertransaction.TransactionExecutor.execute(TransactionExecutor.java:97)\n\tat android.app.ActivityThread$H.handleMessage(ActivityThread.java:2415)\n\tat android.os.Handler.dispatchMessage(Handler.java:106)\n\tat android.os.Looper.loopOnce(Looper.java:211)\n\tat android.os.Looper.loop(Looper.java:300)\n\tat android.app.ActivityThread.main(ActivityThread.java:8395)\n\tat java.lang.reflect.Method.invoke(Native Method)\n\tat com.android.internal.os.RuntimeInit$MethodAndArgsCaller.run(RuntimeInit.java:559)\n\tat com.android.internal.os.ZygoteInit.main(ZygoteInit.java:954)\n"
},
{
    "type": "log",
    "source": "class",
    "method": "access$getInstance$cp",
    "package_name": "com.fanduel.casino",
    "class_name": "com.braze.Braze",
    "timestamp": 1728284042198,
    "ref": "<class: com.braze.Braze>",
    "arguments": "{}",
    "stack_trace": "java.lang.Exception\n\tat com.braze.Braze.access$getInstance$cp(Native Method)\n\tat com.braze.Braze$Companion.getInstance(Unknown Source:54)\n\tat com.braze.ui.inappmessage.BrazeInAppMessageManager.ensureSubscribedToInAppMessageEvents(Unknown Source:23)\n\tat com.braze.ui.inappmessage.BrazeInAppMessageManager.registerInAppMessageManager(Unknown Source:130)\n\tat com.braze.BrazeActivityLifecycleCallbackListener.onActivityResumed(Unknown Source:38)\n\tat android.app.Application.dispatchActivityResumed(Application.java:443)\n\tat android.app.Activity.dispatchActivityResumed(Activity.java:1513)\n\tat android.app.Activity.onResume(Activity.java:2095)\n\tat androidx.fragment.app.FragmentActivity.onResume(Unknown Source:5)\n\tat com.casino.template.presentation.LandingActivity.onResume(Unknown Source:0)\n\tat android.app.Instrumentation.callActivityOnResume(Instrumentation.java:1587)\n\tat android.app.Activity.performResume(Activity.java:8690)\n\tat android.app.ActivityThread.performResumeActivity(ActivityThread.java:5061)\n\tat android.app.ActivityThread.handleResumeActivity(ActivityThread.java:5104)\n\tat android.app.servertransaction.ResumeActivityItem.execute(ResumeActivityItem.java:54)\n\tat android.app.servertransaction.ActivityTransactionItem.execute(ActivityTransactionItem.java:45)\n\tat android.app.servertransaction.TransactionExecutor.executeLifecycleState(TransactionExecutor.java:176)\n\tat android.app.servertransaction.TransactionExecutor.execute(TransactionExecutor.java:97)\n\tat android.app.ActivityThread$H.handleMessage(ActivityThread.java:2415)\n\tat android.os.Handler.dispatchMessage(Handler.java:106)\n\tat android.os.Looper.loopOnce(Looper.java:211)\n\tat android.os.Looper.loop(Looper.java:300)\n\tat android.app.ActivityThread.main(ActivityThread.java:8395)\n\tat java.lang.reflect.Method.invoke(Native Method)\n\tat com.android.internal.os.RuntimeInit$MethodAndArgsCaller.run(RuntimeInit.java:559)\n\tat com.android.internal.os.ZygoteInit.main(ZygoteInit.java:954)\n"
},
{
    "type": "log",
    "source": "class",
    "method": "run$android_sdk_base_release",
    "package_name": "com.fanduel.casino",
    "class_name": "com.braze.Braze",
    "timestamp": 1728284042199,
    "ref": "com.braze.Braze@64b68f4",
    "arguments": "{\"0\":\"<instance: kotlin.jvm.functions.Function0, $className: bo.app.n5>\",\"1\":true,\"2\":true,\"3\":\"<instance: kotlin.jvm.functions.Function0, $className: bo.app.o5>\"}",
    "stack_trace": "java.lang.Exception\n\tat com.braze.Braze.run$android_sdk_base_release(Native Method)\n\tat com.braze.Braze.run$android_sdk_base_release$default(Unknown Source:11)\n\tat com.braze.Braze.run$android_sdk_base_release$default(Native Method)\n\tat com.braze.Braze.requestGeofenceRefresh$android_sdk_base_release(SourceFile:2)\n\tat com.braze.Braze.requestGeofenceRefresh$android_sdk_base_release(Native Method)\n\tat com.braze.BrazeInternal.requestGeofenceRefresh(SourceFile:1)\n\tat bo.app.vu.a(SourceFile:179)\n\tat f5.g.trigger(Unknown Source:81)\n\tat bo.app.fv.a(SourceFile:23)\n\tat bo.app.uh.e(Unknown Source:56)\n\tat bo.app.uh.c(Unknown Source:30)\n\tat bo.app.lf.b(Unknown Source:34)\n\tat bo.app.g4.invoke(Unknown Source:70)\n\tat bo.app.e6.invokeSuspend(Unknown Source:42)\n\tat nj.a.resumeWith(Unknown Source:12)\n\tat jm.m0.run(Unknown Source:118)\n\tat jm.x0.i0(Unknown Source:138)\n\tat ab.b.w0(Unknown Source:67)\n\tat bo.app.f6.invokeSuspend(Unknown Source:20)\n\tat nj.a.resumeWith(Unknown Source:12)\n\tat jm.m0.run(Unknown Source:118)\n\tat java.util.concurrent.ThreadPoolExecutor.runWorker(ThreadPoolExecutor.java:1137)\n\tat java.util.concurrent.ThreadPoolExecutor$Worker.run(ThreadPoolExecutor.java:637)\n\tat java.lang.Thread.run(Thread.java:1012)\n"
},
{
    "type": "log",
    "source": "class",
    "method": "removeSingleSubscription",
    "package_name": "com.fanduel.casino",
    "class_name": "com.braze.Braze",
    "timestamp": 1728284042207,
    "ref": "com.braze.Braze@64b68f4",
    "arguments": "{\"0\":\"<instance: com.braze.events.IEventSubscriber, $className: com.braze.ui.inappmessage.b>\",\"1\":\"<instance: java.lang.Class>\"}",
    "stack_trace": "java.lang.Exception\n\tat com.braze.Braze.removeSingleSubscription(Native Method)\n\tat com.braze.ui.inappmessage.BrazeInAppMessageManager.ensureSubscribedToInAppMessageEvents(Unknown Source:31)\n\tat com.braze.ui.inappmessage.BrazeInAppMessageManager.registerInAppMessageManager(Unknown Source:130)\n\tat com.braze.BrazeActivityLifecycleCallbackListener.onActivityResumed(Unknown Source:38)\n\tat android.app.Application.dispatchActivityResumed(Application.java:443)\n\tat android.app.Activity.dispatchActivityResumed(Activity.java:1513)\n\tat android.app.Activity.onResume(Activity.java:2095)\n\tat androidx.fragment.app.FragmentActivity.onResume(Unknown Source:5)\n\tat com.casino.template.presentation.LandingActivity.onResume(Unknown Source:0)\n\tat android.app.Instrumentation.callActivityOnResume(Instrumentation.java:1587)\n\tat android.app.Activity.performResume(Activity.java:8690)\n\tat android.app.ActivityThread.performResumeActivity(ActivityThread.java:5061)\n\tat android.app.ActivityThread.handleResumeActivity(ActivityThread.java:5104)\n\tat android.app.servertransaction.ResumeActivityItem.execute(ResumeActivityItem.java:54)\n\tat android.app.servertransaction.ActivityTransactionItem.execute(ActivityTransactionItem.java:45)\n\tat android.app.servertransaction.TransactionExecutor.executeLifecycleState(TransactionExecutor.java:176)\n\tat android.app.servertransaction.TransactionExecutor.execute(TransactionExecutor.java:97)\n\tat android.app.ActivityThread$H.handleMessage(ActivityThread.java:2415)\n\tat android.os.Handler.dispatchMessage(Handler.java:106)\n\tat android.os.Looper.loopOnce(Looper.java:211)\n\tat android.os.Looper.loop(Looper.java:300)\n\tat android.app.ActivityThread.main(ActivityThread.java:8395)\n\tat java.lang.reflect.Method.invoke(Native Method)\n\tat com.android.internal.os.RuntimeInit$MethodAndArgsCaller.run(RuntimeInit.java:559)\n\tat com.android.internal.os.ZygoteInit.main(ZygoteInit.java:954)\n"
},
{
    "type": "log",
    "source": "class",
    "method": "access$getInstance$cp",
    "package_name": "com.fanduel.casino",
    "class_name": "com.braze.Braze",
    "timestamp": 1728284042213,
    "ref": "<class: com.braze.Braze>",
    "arguments": "{}",
    "stack_trace": "java.lang.Exception\n\tat com.braze.Braze.access$getInstance$cp(Native Method)\n\tat com.braze.Braze$Companion.shouldAllowSingletonInitialization(Unknown Source:0)\n\tat com.braze.Braze$Companion.getInstance(Unknown Source:5)\n\tat com.braze.ui.inappmessage.BrazeInAppMessageManager.ensureSubscribedToInAppMessageEvents(Unknown Source:53)\n\tat com.braze.ui.inappmessage.BrazeInAppMessageManager.registerInAppMessageManager(Unknown Source:130)\n\tat com.braze.BrazeActivityLifecycleCallbackListener.onActivityResumed(Unknown Source:38)\n\tat android.app.Application.dispatchActivityResumed(Application.java:443)\n\tat android.app.Activity.dispatchActivityResumed(Activity.java:1513)\n\tat android.app.Activity.onResume(Activity.java:2095)\n\tat androidx.fragment.app.FragmentActivity.onResume(Unknown Source:5)\n\tat com.casino.template.presentation.LandingActivity.onResume(Unknown Source:0)\n\tat android.app.Instrumentation.callActivityOnResume(Instrumentation.java:1587)\n\tat android.app.Activity.performResume(Activity.java:8690)\n\tat android.app.ActivityThread.performResumeActivity(ActivityThread.java:5061)\n\tat android.app.ActivityThread.handleResumeActivity(ActivityThread.java:5104)\n\tat android.app.servertransaction.ResumeActivityItem.execute(ResumeActivityItem.java:54)\n\tat android.app.servertransaction.ActivityTransactionItem.execute(ActivityTransactionItem.java:45)\n\tat android.app.servertransaction.TransactionExecutor.executeLifecycleState(TransactionExecutor.java:176)\n\tat android.app.servertransaction.TransactionExecutor.execute(TransactionExecutor.java:97)\n\tat android.app.ActivityThread$H.handleMessage(ActivityThread.java:2415)\n\tat android.os.Handler.dispatchMessage(Handler.java:106)\n\tat android.os.Looper.loopOnce(Looper.java:211)\n\tat android.os.Looper.loop(Looper.java:300)\n\tat android.app.ActivityThread.main(ActivityThread.java:8395)\n\tat java.lang.reflect.Method.invoke(Native Method)\n\tat com.android.internal.os.RuntimeInit$MethodAndArgsCaller.run(RuntimeInit.java:559)\n\tat com.android.internal.os.ZygoteInit.main(ZygoteInit.java:954)\n"
},
{
    "type": "log",
    "source": "class",
    "method": "access$getSdkEnablementProvider$cp",
    "package_name": "com.fanduel.casino",
    "class_name": "com.braze.Braze",
    "timestamp": 1728284042211,
    "ref": "<class: com.braze.Braze>",
    "arguments": "{}",
    "stack_trace": "java.lang.Exception\n\tat com.braze.Braze.access$getSdkEnablementProvider$cp(Native Method)\n\tat com.braze.Braze$Companion.getSdkEnablementProvider$android_sdk_base_release(Unknown Source:0)\n\tat com.braze.Braze$Companion.isDisabled(Unknown Source:0)\n\tat com.braze.Braze.run$android_sdk_base_release(Unknown Source:14)\n\tat com.braze.Braze.run$android_sdk_base_release(Native Method)\n\tat com.braze.Braze.run$android_sdk_base_release$default(Unknown Source:11)\n\tat com.braze.Braze.run$android_sdk_base_release$default(Native Method)\n\tat com.braze.Braze.requestGeofenceRefresh$android_sdk_base_release(SourceFile:2)\n\tat com.braze.Braze.requestGeofenceRefresh$android_sdk_base_release(Native Method)\n\tat com.braze.BrazeInternal.requestGeofenceRefresh(SourceFile:1)\n\tat bo.app.vu.a(SourceFile:179)\n\tat f5.g.trigger(Unknown Source:81)\n\tat bo.app.fv.a(SourceFile:23)\n\tat bo.app.uh.e(Unknown Source:56)\n\tat bo.app.uh.c(Unknown Source:30)\n\tat bo.app.lf.b(Unknown Source:34)\n\tat bo.app.g4.invoke(Unknown Source:70)\n\tat bo.app.e6.invokeSuspend(Unknown Source:42)\n\tat nj.a.resumeWith(Unknown Source:12)\n\tat jm.m0.run(Unknown Source:118)\n\tat jm.x0.i0(Unknown Source:138)\n\tat ab.b.w0(Unknown Source:67)\n\tat bo.app.f6.invokeSuspend(Unknown Source:20)\n\tat nj.a.resumeWith(Unknown Source:12)\n\tat jm.m0.run(Unknown Source:118)\n\tat java.util.concurrent.ThreadPoolExecutor.runWorker(ThreadPoolExecutor.java:1137)\n\tat java.util.concurrent.ThreadPoolExecutor$Worker.run(ThreadPoolExecutor.java:637)\n\tat java.lang.Thread.run(Thread.java:1012)\n"
},
{
    "type": "log",
    "source": "class",
    "method": "access$isInstanceStopped$p",
    "package_name": "com.fanduel.casino",
    "class_name": "com.braze.Braze",
    "timestamp": 1728284042219,
    "ref": "<class: com.braze.Braze>",
    "arguments": "{\"0\":\"<instance: com.braze.Braze>\"}",
    "stack_trace": "java.lang.Exception\n\tat com.braze.Braze.access$isInstanceStopped$p(Native Method)\n\tat com.braze.Braze$Companion.shouldAllowSingletonInitialization(Unknown Source:21)\n\tat com.braze.Braze$Companion.getInstance(Unknown Source:5)\n\tat com.braze.ui.inappmessage.BrazeInAppMessageManager.ensureSubscribedToInAppMessageEvents(Unknown Source:53)\n\tat com.braze.ui.inappmessage.BrazeInAppMessageManager.registerInAppMessageManager(Unknown Source:130)\n\tat com.braze.BrazeActivityLifecycleCallbackListener.onActivityResumed(Unknown Source:38)\n\tat android.app.Application.dispatchActivityResumed(Application.java:443)\n\tat android.app.Activity.dispatchActivityResumed(Activity.java:1513)\n\tat android.app.Activity.onResume(Activity.java:2095)\n\tat androidx.fragment.app.FragmentActivity.onResume(Unknown Source:5)\n\tat com.casino.template.presentation.LandingActivity.onResume(Unknown Source:0)\n\tat android.app.Instrumentation.callActivityOnResume(Instrumentation.java:1587)\n\tat android.app.Activity.performResume(Activity.java:8690)\n\tat android.app.ActivityThread.performResumeActivity(ActivityThread.java:5061)\n\tat android.app.ActivityThread.handleResumeActivity(ActivityThread.java:5104)\n\tat android.app.servertransaction.ResumeActivityItem.execute(ResumeActivityItem.java:54)\n\tat android.app.servertransaction.ActivityTransactionItem.execute(ActivityTransactionItem.java:45)\n\tat android.app.servertransaction.TransactionExecutor.executeLifecycleState(TransactionExecutor.java:176)\n\tat android.app.servertransaction.TransactionExecutor.execute(TransactionExecutor.java:97)\n\tat android.app.ActivityThread$H.handleMessage(ActivityThread.java:2415)\n\tat android.os.Handler.dispatchMessage(Handler.java:106)\n\tat android.os.Looper.loopOnce(Looper.java:211)\n\tat android.os.Looper.loop(Looper.java:300)\n\tat android.app.ActivityThread.main(ActivityThread.java:8395)\n\tat java.lang.reflect.Method.invoke(Native Method)\n\tat com.android.internal.os.RuntimeInit$MethodAndArgsCaller.run(RuntimeInit.java:559)\n\tat com.android.internal.os.ZygoteInit.main(ZygoteInit.java:954)\n"
},
{
    "type": "log",
    "source": "class",
    "method": "access$getInstance$cp",
    "package_name": "com.fanduel.casino",
    "class_name": "com.braze.Braze",
    "timestamp": 1728284042222,
    "ref": "<class: com.braze.Braze>",
    "arguments": "{}",
    "stack_trace": "java.lang.Exception\n\tat com.braze.Braze.access$getInstance$cp(Native Method)\n\tat com.braze.Braze$Companion.isDisabled(Unknown Source:20)\n\tat com.braze.Braze.run$android_sdk_base_release(Unknown Source:14)\n\tat com.braze.Braze.run$android_sdk_base_release(Native Method)\n\tat com.braze.Braze.run$android_sdk_base_release$default(Unknown Source:11)\n\tat com.braze.Braze.run$android_sdk_base_release$default(Native Method)\n\tat com.braze.Braze.requestGeofenceRefresh$android_sdk_base_release(SourceFile:2)\n\tat com.braze.Braze.requestGeofenceRefresh$android_sdk_base_release(Native Method)\n\tat com.braze.BrazeInternal.requestGeofenceRefresh(SourceFile:1)\n\tat bo.app.vu.a(SourceFile:179)\n\tat f5.g.trigger(Unknown Source:81)\n\tat bo.app.fv.a(SourceFile:23)\n\tat bo.app.uh.e(Unknown Source:56)\n\tat bo.app.uh.c(Unknown Source:30)\n\tat bo.app.lf.b(Unknown Source:34)\n\tat bo.app.g4.invoke(Unknown Source:70)\n\tat bo.app.e6.invokeSuspend(Unknown Source:42)\n\tat nj.a.resumeWith(Unknown Source:12)\n\tat jm.m0.run(Unknown Source:118)\n\tat jm.x0.i0(Unknown Source:138)\n\tat ab.b.w0(Unknown Source:67)\n\tat bo.app.f6.invokeSuspend(Unknown Source:20)\n\tat nj.a.resumeWith(Unknown Source:12)\n\tat jm.m0.run(Unknown Source:118)\n\tat java.util.concurrent.ThreadPoolExecutor.runWorker(ThreadPoolExecutor.java:1137)\n\tat java.util.concurrent.ThreadPoolExecutor$Worker.run(ThreadPoolExecutor.java:637)\n\tat java.lang.Thread.run(Thread.java:1012)\n"
},
{
    "type": "log",
    "source": "class",
    "method": "isApiKeyPresent$android_sdk_base_release",
    "package_name": "com.fanduel.casino",
    "class_name": "com.braze.Braze",
    "timestamp": 1728284042225,
    "ref": "com.braze.Braze@64b68f4",
    "arguments": "{}",
    "stack_trace": "java.lang.Exception\n\tat com.braze.Braze.isApiKeyPresent$android_sdk_base_release(Native Method)\n\tat com.braze.Braze$Companion.shouldAllowSingletonInitialization(Unknown Source:42)\n\tat com.braze.Braze$Companion.getInstance(Unknown Source:5)\n\tat com.braze.ui.inappmessage.BrazeInAppMessageManager.ensureSubscribedToInAppMessageEvents(Unknown Source:53)\n\tat com.braze.ui.inappmessage.BrazeInAppMessageManager.registerInAppMessageManager(Unknown Source:130)\n\tat com.braze.BrazeActivityLifecycleCallbackListener.onActivityResumed(Unknown Source:38)\n\tat android.app.Application.dispatchActivityResumed(Application.java:443)\n\tat android.app.Activity.dispatchActivityResumed(Activity.java:1513)\n\tat android.app.Activity.onResume(Activity.java:2095)\n\tat androidx.fragment.app.FragmentActivity.onResume(Unknown Source:5)\n\tat com.casino.template.presentation.LandingActivity.onResume(Unknown Source:0)\n\tat android.app.Instrumentation.callActivityOnResume(Instrumentation.java:1587)\n\tat android.app.Activity.performResume(Activity.java:8690)\n\tat android.app.ActivityThread.performResumeActivity(ActivityThread.java:5061)\n\tat android.app.ActivityThread.handleResumeActivity(ActivityThread.java:5104)\n\tat android.app.servertransaction.ResumeActivityItem.execute(ResumeActivityItem.java:54)\n\tat android.app.servertransaction.ActivityTransactionItem.execute(ActivityTransactionItem.java:45)\n\tat android.app.servertransaction.TransactionExecutor.executeLifecycleState(TransactionExecutor.java:176)\n\tat android.app.servertransaction.TransactionExecutor.execute(TransactionExecutor.java:97)\n\tat android.app.ActivityThread$H.handleMessage(ActivityThread.java:2415)\n\tat android.os.Handler.dispatchMessage(Handler.java:106)\n\tat android.os.Looper.loopOnce(Looper.java:211)\n\tat android.os.Looper.loop(Looper.java:300)\n\tat android.app.ActivityThread.main(ActivityThread.java:8395)\n\tat java.lang.reflect.Method.invoke(Native Method)\n\tat com.android.internal.os.RuntimeInit$MethodAndArgsCaller.run(RuntimeInit.java:559)\n\tat com.android.internal.os.ZygoteInit.main(ZygoteInit.java:954)\n"
},
{
    "type": "log",
    "source": "class",
    "method": "access$getInstance$cp",
    "package_name": "com.fanduel.casino",
    "class_name": "com.braze.Braze",
    "timestamp": 1728284042233,
    "ref": "<class: com.braze.Braze>",
    "arguments": "{}",
    "stack_trace": "java.lang.Exception\n\tat com.braze.Braze.access$getInstance$cp(Native Method)\n\tat com.braze.Braze$Companion.getInstance(Unknown Source:54)\n\tat com.braze.ui.inappmessage.BrazeInAppMessageManager.ensureSubscribedToInAppMessageEvents(Unknown Source:53)\n\tat com.braze.ui.inappmessage.BrazeInAppMessageManager.registerInAppMessageManager(Unknown Source:130)\n\tat com.braze.BrazeActivityLifecycleCallbackListener.onActivityResumed(Unknown Source:38)\n\tat android.app.Application.dispatchActivityResumed(Application.java:443)\n\tat android.app.Activity.dispatchActivityResumed(Activity.java:1513)\n\tat android.app.Activity.onResume(Activity.java:2095)\n\tat androidx.fragment.app.FragmentActivity.onResume(Unknown Source:5)\n\tat com.casino.template.presentation.LandingActivity.onResume(Unknown Source:0)\n\tat android.app.Instrumentation.callActivityOnResume(Instrumentation.java:1587)\n\tat android.app.Activity.performResume(Activity.java:8690)\n\tat android.app.ActivityThread.performResumeActivity(ActivityThread.java:5061)\n\tat android.app.ActivityThread.handleResumeActivity(ActivityThread.java:5104)\n\tat android.app.servertransaction.ResumeActivityItem.execute(ResumeActivityItem.java:54)\n\tat android.app.servertransaction.ActivityTransactionItem.execute(ActivityTransactionItem.java:45)\n\tat android.app.servertransaction.TransactionExecutor.executeLifecycleState(TransactionExecutor.java:176)\n\tat android.app.servertransaction.TransactionExecutor.execute(TransactionExecutor.java:97)\n\tat android.app.ActivityThread$H.handleMessage(ActivityThread.java:2415)\n\tat android.os.Handler.dispatchMessage(Handler.java:106)\n\tat android.os.Looper.loopOnce(Looper.java:211)\n\tat android.os.Looper.loop(Looper.java:300)\n\tat android.app.ActivityThread.main(ActivityThread.java:8395)\n\tat java.lang.reflect.Method.invoke(Native Method)\n\tat com.android.internal.os.RuntimeInit$MethodAndArgsCaller.run(RuntimeInit.java:559)\n\tat com.android.internal.os.ZygoteInit.main(ZygoteInit.java:954)\n"
},
{
    "type": "log",
    "source": "class",
    "method": "isApiKeyPresent$android_sdk_base_release",
    "package_name": "com.fanduel.casino",
    "class_name": "com.braze.Braze",
    "timestamp": 1728284042230,
    "ref": "com.braze.Braze@64b68f4",
    "arguments": "{}",
    "stack_trace": "java.lang.Exception\n\tat com.braze.Braze.isApiKeyPresent$android_sdk_base_release(Native Method)\n\tat com.braze.Braze$Companion.isDisabled(Unknown Source:28)\n\tat com.braze.Braze.run$android_sdk_base_release(Unknown Source:14)\n\tat com.braze.Braze.run$android_sdk_base_release(Native Method)\n\tat com.braze.Braze.run$android_sdk_base_release$default(Unknown Source:11)\n\tat com.braze.Braze.run$android_sdk_base_release$default(Native Method)\n\tat com.braze.Braze.requestGeofenceRefresh$android_sdk_base_release(SourceFile:2)\n\tat com.braze.Braze.requestGeofenceRefresh$android_sdk_base_release(Native Method)\n\tat com.braze.BrazeInternal.requestGeofenceRefresh(SourceFile:1)\n\tat bo.app.vu.a(SourceFile:179)\n\tat f5.g.trigger(Unknown Source:81)\n\tat bo.app.fv.a(SourceFile:23)\n\tat bo.app.uh.e(Unknown Source:56)\n\tat bo.app.uh.c(Unknown Source:30)\n\tat bo.app.lf.b(Unknown Source:34)\n\tat bo.app.g4.invoke(Unknown Source:70)\n\tat bo.app.e6.invokeSuspend(Unknown Source:42)\n\tat nj.a.resumeWith(Unknown Source:12)\n\tat jm.m0.run(Unknown Source:118)\n\tat jm.x0.i0(Unknown Source:138)\n\tat ab.b.w0(Unknown Source:67)\n\tat bo.app.f6.invokeSuspend(Unknown Source:20)\n\tat nj.a.resumeWith(Unknown Source:12)\n\tat jm.m0.run(Unknown Source:118)\n\tat java.util.concurrent.ThreadPoolExecutor.runWorker(ThreadPoolExecutor.java:1137)\n\tat java.util.concurrent.ThreadPoolExecutor$Worker.run(ThreadPoolExecutor.java:637)\n\tat java.lang.Thread.run(Thread.java:1012)\n"
},
{
    "type": "log",
    "source": "class",
    "method": "subscribeToNewInAppMessages",
    "package_name": "com.fanduel.casino",
    "class_name": "com.braze.Braze",
    "timestamp": 1728284042239,
    "ref": "com.braze.Braze@64b68f4",
    "arguments": "{\"0\":\"<instance: com.braze.events.IEventSubscriber, $className: com.braze.ui.inappmessage.b>\"}",
    "stack_trace": "java.lang.Exception\n\tat com.braze.Braze.subscribeToNewInAppMessages(Native Method)\n\tat com.braze.ui.inappmessage.BrazeInAppMessageManager.ensureSubscribedToInAppMessageEvents(Unknown Source:57)\n\tat com.braze.ui.inappmessage.BrazeInAppMessageManager.registerInAppMessageManager(Unknown Source:130)\n\tat com.braze.BrazeActivityLifecycleCallbackListener.onActivityResumed(Unknown Source:38)\n\tat android.app.Application.dispatchActivityResumed(Application.java:443)\n\tat android.app.Activity.dispatchActivityResumed(Activity.java:1513)\n\tat android.app.Activity.onResume(Activity.java:2095)\n\tat androidx.fragment.app.FragmentActivity.onResume(Unknown Source:5)\n\tat com.casino.template.presentation.LandingActivity.onResume(Unknown Source:0)\n\tat android.app.Instrumentation.callActivityOnResume(Instrumentation.java:1587)\n\tat android.app.Activity.performResume(Activity.java:8690)\n\tat android.app.ActivityThread.performResumeActivity(ActivityThread.java:5061)\n\tat android.app.ActivityThread.handleResumeActivity(ActivityThread.java:5104)\n\tat android.app.servertransaction.ResumeActivityItem.execute(ResumeActivityItem.java:54)\n\tat android.app.servertransaction.ActivityTransactionItem.execute(ActivityTransactionItem.java:45)\n\tat android.app.servertransaction.TransactionExecutor.executeLifecycleState(TransactionExecutor.java:176)\n\tat android.app.servertransaction.TransactionExecutor.execute(TransactionExecutor.java:97)\n\tat android.app.ActivityThread$H.handleMessage(ActivityThread.java:2415)\n\tat android.os.Handler.dispatchMessage(Handler.java:106)\n\tat android.os.Looper.loopOnce(Looper.java:211)\n\tat android.os.Looper.loop(Looper.java:300)\n\tat android.app.ActivityThread.main(ActivityThread.java:8395)\n\tat java.lang.reflect.Method.invoke(Native Method)\n\tat com.android.internal.os.RuntimeInit$MethodAndArgsCaller.run(RuntimeInit.java:559)\n\tat com.android.internal.os.ZygoteInit.main(ZygoteInit.java:954)\n"
},
{
    "type": "log",
    "source": "class",
    "method": "access$getInstance$cp",
    "package_name": "com.fanduel.casino",
    "class_name": "com.braze.Braze",
    "timestamp": 1728284042244,
    "ref": "<class: com.braze.Braze>",
    "arguments": "{}",
    "stack_trace": "java.lang.Exception\n\tat com.braze.Braze.access$getInstance$cp(Native Method)\n\tat com.braze.Braze$Companion.shouldAllowSingletonInitialization(Unknown Source:0)\n\tat com.braze.Braze$Companion.getInstance(Unknown Source:5)\n\tat com.braze.ui.inappmessage.BrazeInAppMessageManager.ensureSubscribedToInAppMessageEvents(Unknown Source:80)\n\tat com.braze.ui.inappmessage.BrazeInAppMessageManager.registerInAppMessageManager(Unknown Source:130)\n\tat com.braze.BrazeActivityLifecycleCallbackListener.onActivityResumed(Unknown Source:38)\n\tat android.app.Application.dispatchActivityResumed(Application.java:443)\n\tat android.app.Activity.dispatchActivityResumed(Activity.java:1513)\n\tat android.app.Activity.onResume(Activity.java:2095)\n\tat androidx.fragment.app.FragmentActivity.onResume(Unknown Source:5)\n\tat com.casino.template.presentation.LandingActivity.onResume(Unknown Source:0)\n\tat android.app.Instrumentation.callActivityOnResume(Instrumentation.java:1587)\n\tat android.app.Activity.performResume(Activity.java:8690)\n\tat android.app.ActivityThread.performResumeActivity(ActivityThread.java:5061)\n\tat android.app.ActivityThread.handleResumeActivity(ActivityThread.java:5104)\n\tat android.app.servertransaction.ResumeActivityItem.execute(ResumeActivityItem.java:54)\n\tat android.app.servertransaction.ActivityTransactionItem.execute(ActivityTransactionItem.java:45)\n\tat android.app.servertransaction.TransactionExecutor.executeLifecycleState(TransactionExecutor.java:176)\n\tat android.app.servertransaction.TransactionExecutor.execute(TransactionExecutor.java:97)\n\tat android.app.ActivityThread$H.handleMessage(ActivityThread.java:2415)\n\tat android.os.Handler.dispatchMessage(Handler.java:106)\n\tat android.os.Looper.loopOnce(Looper.java:211)\n\tat android.os.Looper.loop(Looper.java:300)\n\tat android.app.ActivityThread.main(ActivityThread.java:8395)\n\tat java.lang.reflect.Method.invoke(Native Method)\n\tat com.android.internal.os.RuntimeInit$MethodAndArgsCaller.run(RuntimeInit.java:559)\n\tat com.android.internal.os.ZygoteInit.main(ZygoteInit.java:954)\n"
},
{
    "type": "log",
    "source": "class",
    "method": "access$isInstanceStopped$p",
    "package_name": "com.fanduel.casino",
    "class_name": "com.braze.Braze",
    "timestamp": 1728284042250,
    "ref": "<class: com.braze.Braze>",
    "arguments": "{\"0\":\"<instance: com.braze.Braze>\"}",
    "stack_trace": "java.lang.Exception\n\tat com.braze.Braze.access$isInstanceStopped$p(Native Method)\n\tat com.braze.Braze$Companion.shouldAllowSingletonInitialization(Unknown Source:21)\n\tat com.braze.Braze$Companion.getInstance(Unknown Source:5)\n\tat com.braze.ui.inappmessage.BrazeInAppMessageManager.ensureSubscribedToInAppMessageEvents(Unknown Source:80)\n\tat com.braze.ui.inappmessage.BrazeInAppMessageManager.registerInAppMessageManager(Unknown Source:130)\n\tat com.braze.BrazeActivityLifecycleCallbackListener.onActivityResumed(Unknown Source:38)\n\tat android.app.Application.dispatchActivityResumed(Application.java:443)\n\tat android.app.Activity.dispatchActivityResumed(Activity.java:1513)\n\tat android.app.Activity.onResume(Activity.java:2095)\n\tat androidx.fragment.app.FragmentActivity.onResume(Unknown Source:5)\n\tat com.casino.template.presentation.LandingActivity.onResume(Unknown Source:0)\n\tat android.app.Instrumentation.callActivityOnResume(Instrumentation.java:1587)\n\tat android.app.Activity.performResume(Activity.java:8690)\n\tat android.app.ActivityThread.performResumeActivity(ActivityThread.java:5061)\n\tat android.app.ActivityThread.handleResumeActivity(ActivityThread.java:5104)\n\tat android.app.servertransaction.ResumeActivityItem.execute(ResumeActivityItem.java:54)\n\tat android.app.servertransaction.ActivityTransactionItem.execute(ActivityTransactionItem.java:45)\n\tat android.app.servertransaction.TransactionExecutor.executeLifecycleState(TransactionExecutor.java:176)\n\tat android.app.servertransaction.TransactionExecutor.execute(TransactionExecutor.java:97)\n\tat android.app.ActivityThread$H.handleMessage(ActivityThread.java:2415)\n\tat android.os.Handler.dispatchMessage(Handler.java:106)\n\tat android.os.Looper.loopOnce(Looper.java:211)\n\tat android.os.Looper.loop(Looper.java:300)\n\tat android.app.ActivityThread.main(ActivityThread.java:8395)\n\tat java.lang.reflect.Method.invoke(Native Method)\n\tat com.android.internal.os.RuntimeInit$MethodAndArgsCaller.run(RuntimeInit.java:559)\n\tat com.android.internal.os.ZygoteInit.main(ZygoteInit.java:954)\n"
},
{
    "type": "log",
    "source": "class",
    "method": "isApiKeyPresent$android_sdk_base_release",
    "package_name": "com.fanduel.casino",
    "class_name": "com.braze.Braze",
    "timestamp": 1728284042257,
    "ref": "com.braze.Braze@64b68f4",
    "arguments": "{}",
    "stack_trace": "java.lang.Exception\n\tat com.braze.Braze.isApiKeyPresent$android_sdk_base_release(Native Method)\n\tat com.braze.Braze$Companion.shouldAllowSingletonInitialization(Unknown Source:42)\n\tat com.braze.Braze$Companion.getInstance(Unknown Source:5)\n\tat com.braze.ui.inappmessage.BrazeInAppMessageManager.ensureSubscribedToInAppMessageEvents(Unknown Source:80)\n\tat com.braze.ui.inappmessage.BrazeInAppMessageManager.registerInAppMessageManager(Unknown Source:130)\n\tat com.braze.BrazeActivityLifecycleCallbackListener.onActivityResumed(Unknown Source:38)\n\tat android.app.Application.dispatchActivityResumed(Application.java:443)\n\tat android.app.Activity.dispatchActivityResumed(Activity.java:1513)\n\tat android.app.Activity.onResume(Activity.java:2095)\n\tat androidx.fragment.app.FragmentActivity.onResume(Unknown Source:5)\n\tat com.casino.template.presentation.LandingActivity.onResume(Unknown Source:0)\n\tat android.app.Instrumentation.callActivityOnResume(Instrumentation.java:1587)\n\tat android.app.Activity.performResume(Activity.java:8690)\n\tat android.app.ActivityThread.performResumeActivity(ActivityThread.java:5061)\n\tat android.app.ActivityThread.handleResumeActivity(ActivityThread.java:5104)\n\tat android.app.servertransaction.ResumeActivityItem.execute(ResumeActivityItem.java:54)\n\tat android.app.servertransaction.ActivityTransactionItem.execute(ActivityTransactionItem.java:45)\n\tat android.app.servertransaction.TransactionExecutor.executeLifecycleState(TransactionExecutor.java:176)\n\tat android.app.servertransaction.TransactionExecutor.execute(TransactionExecutor.java:97)\n\tat android.app.ActivityThread$H.handleMessage(ActivityThread.java:2415)\n\tat android.os.Handler.dispatchMessage(Handler.java:106)\n\tat android.os.Looper.loopOnce(Looper.java:211)\n\tat android.os.Looper.loop(Looper.java:300)\n\tat android.app.ActivityThread.main(ActivityThread.java:8395)\n\tat java.lang.reflect.Method.invoke(Native Method)\n\tat com.android.internal.os.RuntimeInit$MethodAndArgsCaller.run(RuntimeInit.java:559)\n\tat com.android.internal.os.ZygoteInit.main(ZygoteInit.java:954)\n"
},
{
    "type": "log",
    "source": "class",
    "method": "access$getInstance$cp",
    "package_name": "com.fanduel.casino",
    "class_name": "com.braze.Braze",
    "timestamp": 1728284042268,
    "ref": "<class: com.braze.Braze>",
    "arguments": "{}",
    "stack_trace": "java.lang.Exception\n\tat com.braze.Braze.access$getInstance$cp(Native Method)\n\tat com.braze.Braze$Companion.getInstance(Unknown Source:54)\n\tat com.braze.ui.inappmessage.BrazeInAppMessageManager.ensureSubscribedToInAppMessageEvents(Unknown Source:80)\n\tat com.braze.ui.inappmessage.BrazeInAppMessageManager.registerInAppMessageManager(Unknown Source:130)\n\tat com.braze.BrazeActivityLifecycleCallbackListener.onActivityResumed(Unknown Source:38)\n\tat android.app.Application.dispatchActivityResumed(Application.java:443)\n\tat android.app.Activity.dispatchActivityResumed(Activity.java:1513)\n\tat android.app.Activity.onResume(Activity.java:2095)\n\tat androidx.fragment.app.FragmentActivity.onResume(Unknown Source:5)\n\tat com.casino.template.presentation.LandingActivity.onResume(Unknown Source:0)\n\tat android.app.Instrumentation.callActivityOnResume(Instrumentation.java:1587)\n\tat android.app.Activity.performResume(Activity.java:8690)\n\tat android.app.ActivityThread.performResumeActivity(ActivityThread.java:5061)\n\tat android.app.ActivityThread.handleResumeActivity(ActivityThread.java:5104)\n\tat android.app.servertransaction.ResumeActivityItem.execute(ResumeActivityItem.java:54)\n\tat android.app.servertransaction.ActivityTransactionItem.execute(ActivityTransactionItem.java:45)\n\tat android.app.servertransaction.TransactionExecutor.executeLifecycleState(TransactionExecutor.java:176)\n\tat android.app.servertransaction.TransactionExecutor.execute(TransactionExecutor.java:97)\n\tat android.app.ActivityThread$H.handleMessage(ActivityThread.java:2415)\n\tat android.os.Handler.dispatchMessage(Handler.java:106)\n\tat android.os.Looper.loopOnce(Looper.java:211)\n\tat android.os.Looper.loop(Looper.java:300)\n\tat android.app.ActivityThread.main(ActivityThread.java:8395)\n\tat java.lang.reflect.Method.invoke(Native Method)\n\tat com.android.internal.os.RuntimeInit$MethodAndArgsCaller.run(RuntimeInit.java:559)\n\tat com.android.internal.os.ZygoteInit.main(ZygoteInit.java:954)\n"
},
{
    "type": "log",
    "source": "class",
    "method": "getUdm$android_sdk_base_release",
    "package_name": "com.fanduel.casino",
    "class_name": "com.braze.Braze",
    "timestamp": 1728284042277,
    "ref": "com.braze.Braze@64b68f4",
    "arguments": "{}",
    "stack_trace": "java.lang.Exception\n\tat com.braze.Braze.getUdm$android_sdk_base_release(Native Method)\n\tat bo.app.o5.invoke(Unknown Source:2)\n\tat bo.app.e6.invokeSuspend(Unknown Source:42)\n\tat nj.a.resumeWith(Unknown Source:12)\n\tat jm.m0.run(Unknown Source:118)\n\tat jm.x0.i0(Unknown Source:138)\n\tat ab.b.w0(Unknown Source:67)\n\tat bo.app.f6.invokeSuspend(Unknown Source:20)\n\tat nj.a.resumeWith(Unknown Source:12)\n\tat jm.m0.run(Unknown Source:118)\n\tat java.util.concurrent.ThreadPoolExecutor.runWorker(ThreadPoolExecutor.java:1137)\n\tat java.util.concurrent.ThreadPoolExecutor$Worker.run(ThreadPoolExecutor.java:637)\n\tat java.lang.Thread.run(Thread.java:1012)\n"
},
{
    "type": "log",
    "source": "class",
    "method": "removeSingleSubscription",
    "package_name": "com.fanduel.casino",
    "class_name": "com.braze.Braze",
    "timestamp": 1728284042278,
    "ref": "com.braze.Braze@64b68f4",
    "arguments": "{\"0\":\"<instance: com.braze.events.IEventSubscriber, $className: com.braze.ui.inappmessage.b>\",\"1\":\"<instance: java.lang.Class>\"}",
    "stack_trace": "java.lang.Exception\n\tat com.braze.Braze.removeSingleSubscription(Native Method)\n\tat com.braze.ui.inappmessage.BrazeInAppMessageManager.ensureSubscribedToInAppMessageEvents(Unknown Source:86)\n\tat com.braze.ui.inappmessage.BrazeInAppMessageManager.registerInAppMessageManager(Unknown Source:130)\n\tat com.braze.BrazeActivityLifecycleCallbackListener.onActivityResumed(Unknown Source:38)\n\tat android.app.Application.dispatchActivityResumed(Application.java:443)\n\tat android.app.Activity.dispatchActivityResumed(Activity.java:1513)\n\tat android.app.Activity.onResume(Activity.java:2095)\n\tat androidx.fragment.app.FragmentActivity.onResume(Unknown Source:5)\n\tat com.casino.template.presentation.LandingActivity.onResume(Unknown Source:0)\n\tat android.app.Instrumentation.callActivityOnResume(Instrumentation.java:1587)\n\tat android.app.Activity.performResume(Activity.java:8690)\n\tat android.app.ActivityThread.performResumeActivity(ActivityThread.java:5061)\n\tat android.app.ActivityThread.handleResumeActivity(ActivityThread.java:5104)\n\tat android.app.servertransaction.ResumeActivityItem.execute(ResumeActivityItem.java:54)\n\tat android.app.servertransaction.ActivityTransactionItem.execute(ActivityTransactionItem.java:45)\n\tat android.app.servertransaction.TransactionExecutor.executeLifecycleState(TransactionExecutor.java:176)\n\tat android.app.servertransaction.TransactionExecutor.execute(TransactionExecutor.java:97)\n\tat android.app.ActivityThread$H.handleMessage(ActivityThread.java:2415)\n\tat android.os.Handler.dispatchMessage(Handler.java:106)\n\tat android.os.Looper.loopOnce(Looper.java:211)\n\tat android.os.Looper.loop(Looper.java:300)\n\tat android.app.ActivityThread.main(ActivityThread.java:8395)\n\tat java.lang.reflect.Method.invoke(Native Method)\n\tat com.android.internal.os.RuntimeInit$MethodAndArgsCaller.run(RuntimeInit.java:559)\n\tat com.android.internal.os.ZygoteInit.main(ZygoteInit.java:954)\n"
},
{
    "type": "log",
    "source": "class",
    "method": "access$getInstance$cp",
    "package_name": "com.fanduel.casino",
    "class_name": "com.braze.Braze",
    "timestamp": 1728284042287,
    "ref": "<class: com.braze.Braze>",
    "arguments": "{}",
    "stack_trace": "java.lang.Exception\n\tat com.braze.Braze.access$getInstance$cp(Native Method)\n\tat com.braze.Braze$Companion.shouldAllowSingletonInitialization(Unknown Source:0)\n\tat com.braze.Braze$Companion.getInstance(Unknown Source:5)\n\tat com.braze.ui.inappmessage.BrazeInAppMessageManager.ensureSubscribedToInAppMessageEvents(Unknown Source:107)\n\tat com.braze.ui.inappmessage.BrazeInAppMessageManager.registerInAppMessageManager(Unknown Source:130)\n\tat com.braze.BrazeActivityLifecycleCallbackListener.onActivityResumed(Unknown Source:38)\n\tat android.app.Application.dispatchActivityResumed(Application.java:443)\n\tat android.app.Activity.dispatchActivityResumed(Activity.java:1513)\n\tat android.app.Activity.onResume(Activity.java:2095)\n\tat androidx.fragment.app.FragmentActivity.onResume(Unknown Source:5)\n\tat com.casino.template.presentation.LandingActivity.onResume(Unknown Source:0)\n\tat android.app.Instrumentation.callActivityOnResume(Instrumentation.java:1587)\n\tat android.app.Activity.performResume(Activity.java:8690)\n\tat android.app.ActivityThread.performResumeActivity(ActivityThread.java:5061)\n\tat android.app.ActivityThread.handleResumeActivity(ActivityThread.java:5104)\n\tat android.app.servertransaction.ResumeActivityItem.execute(ResumeActivityItem.java:54)\n\tat android.app.servertransaction.ActivityTransactionItem.execute(ActivityTransactionItem.java:45)\n\tat android.app.servertransaction.TransactionExecutor.executeLifecycleState(TransactionExecutor.java:176)\n\tat android.app.servertransaction.TransactionExecutor.execute(TransactionExecutor.java:97)\n\tat android.app.ActivityThread$H.handleMessage(ActivityThread.java:2415)\n\tat android.os.Handler.dispatchMessage(Handler.java:106)\n\tat android.os.Looper.loopOnce(Looper.java:211)\n\tat android.os.Looper.loop(Looper.java:300)\n\tat android.app.ActivityThread.main(ActivityThread.java:8395)\n\tat java.lang.reflect.Method.invoke(Native Method)\n\tat com.android.internal.os.RuntimeInit$MethodAndArgsCaller.run(RuntimeInit.java:559)\n\tat com.android.internal.os.ZygoteInit.main(ZygoteInit.java:954)\n"
},
{
    "type": "log",
    "source": "class",
    "method": "access$isInstanceStopped$p",
    "package_name": "com.fanduel.casino",
    "class_name": "com.braze.Braze",
    "timestamp": 1728284042293,
    "ref": "<class: com.braze.Braze>",
    "arguments": "{\"0\":\"<instance: com.braze.Braze>\"}",
    "stack_trace": "java.lang.Exception\n\tat com.braze.Braze.access$isInstanceStopped$p(Native Method)\n\tat com.braze.Braze$Companion.shouldAllowSingletonInitialization(Unknown Source:21)\n\tat com.braze.Braze$Companion.getInstance(Unknown Source:5)\n\tat com.braze.ui.inappmessage.BrazeInAppMessageManager.ensureSubscribedToInAppMessageEvents(Unknown Source:107)\n\tat com.braze.ui.inappmessage.BrazeInAppMessageManager.registerInAppMessageManager(Unknown Source:130)\n\tat com.braze.BrazeActivityLifecycleCallbackListener.onActivityResumed(Unknown Source:38)\n\tat android.app.Application.dispatchActivityResumed(Application.java:443)\n\tat android.app.Activity.dispatchActivityResumed(Activity.java:1513)\n\tat android.app.Activity.onResume(Activity.java:2095)\n\tat androidx.fragment.app.FragmentActivity.onResume(Unknown Source:5)\n\tat com.casino.template.presentation.LandingActivity.onResume(Unknown Source:0)\n\tat android.app.Instrumentation.callActivityOnResume(Instrumentation.java:1587)\n\tat android.app.Activity.performResume(Activity.java:8690)\n\tat android.app.ActivityThread.performResumeActivity(ActivityThread.java:5061)\n\tat android.app.ActivityThread.handleResumeActivity(ActivityThread.java:5104)\n\tat android.app.servertransaction.ResumeActivityItem.execute(ResumeActivityItem.java:54)\n\tat android.app.servertransaction.ActivityTransactionItem.execute(ActivityTransactionItem.java:45)\n\tat android.app.servertransaction.TransactionExecutor.executeLifecycleState(TransactionExecutor.java:176)\n\tat android.app.servertransaction.TransactionExecutor.execute(TransactionExecutor.java:97)\n\tat android.app.ActivityThread$H.handleMessage(ActivityThread.java:2415)\n\tat android.os.Handler.dispatchMessage(Handler.java:106)\n\tat android.os.Looper.loopOnce(Looper.java:211)\n\tat android.os.Looper.loop(Looper.java:300)\n\tat android.app.ActivityThread.main(ActivityThread.java:8395)\n\tat java.lang.reflect.Method.invoke(Native Method)\n\tat com.android.internal.os.RuntimeInit$MethodAndArgsCaller.run(RuntimeInit.java:559)\n\tat com.android.internal.os.ZygoteInit.main(ZygoteInit.java:954)\n"
},
{
    "type": "log",
    "source": "class",
    "method": "isApiKeyPresent$android_sdk_base_release",
    "package_name": "com.fanduel.casino",
    "class_name": "com.braze.Braze",
    "timestamp": 1728284042298,
    "ref": "com.braze.Braze@64b68f4",
    "arguments": "{}",
    "stack_trace": "java.lang.Exception\n\tat com.braze.Braze.isApiKeyPresent$android_sdk_base_release(Native Method)\n\tat com.braze.Braze$Companion.shouldAllowSingletonInitialization(Unknown Source:42)\n\tat com.braze.Braze$Companion.getInstance(Unknown Source:5)\n\tat com.braze.ui.inappmessage.BrazeInAppMessageManager.ensureSubscribedToInAppMessageEvents(Unknown Source:107)\n\tat com.braze.ui.inappmessage.BrazeInAppMessageManager.registerInAppMessageManager(Unknown Source:130)\n\tat com.braze.BrazeActivityLifecycleCallbackListener.onActivityResumed(Unknown Source:38)\n\tat android.app.Application.dispatchActivityResumed(Application.java:443)\n\tat android.app.Activity.dispatchActivityResumed(Activity.java:1513)\n\tat android.app.Activity.onResume(Activity.java:2095)\n\tat androidx.fragment.app.FragmentActivity.onResume(Unknown Source:5)\n\tat com.casino.template.presentation.LandingActivity.onResume(Unknown Source:0)\n\tat android.app.Instrumentation.callActivityOnResume(Instrumentation.java:1587)\n\tat android.app.Activity.performResume(Activity.java:8690)\n\tat android.app.ActivityThread.performResumeActivity(ActivityThread.java:5061)\n\tat android.app.ActivityThread.handleResumeActivity(ActivityThread.java:5104)\n\tat android.app.servertransaction.ResumeActivityItem.execute(ResumeActivityItem.java:54)\n\tat android.app.servertransaction.ActivityTransactionItem.execute(ActivityTransactionItem.java:45)\n\tat android.app.servertransaction.TransactionExecutor.executeLifecycleState(TransactionExecutor.java:176)\n\tat android.app.servertransaction.TransactionExecutor.execute(TransactionExecutor.java:97)\n\tat android.app.ActivityThread$H.handleMessage(ActivityThread.java:2415)\n\tat android.os.Handler.dispatchMessage(Handler.java:106)\n\tat android.os.Looper.loopOnce(Looper.java:211)\n\tat android.os.Looper.loop(Looper.java:300)\n\tat android.app.ActivityThread.main(ActivityThread.java:8395)\n\tat java.lang.reflect.Method.invoke(Native Method)\n\tat com.android.internal.os.RuntimeInit$MethodAndArgsCaller.run(RuntimeInit.java:559)\n\tat com.android.internal.os.ZygoteInit.main(ZygoteInit.java:954)\n"
},
{
    "type": "log",
    "source": "class",
    "method": "access$getInstance$cp",
    "package_name": "com.fanduel.casino",
    "class_name": "com.braze.Braze",
    "timestamp": 1728284042303,
    "ref": "<class: com.braze.Braze>",
    "arguments": "{}",
    "stack_trace": "java.lang.Exception\n\tat com.braze.Braze.access$getInstance$cp(Native Method)\n\tat com.braze.Braze$Companion.getInstance(Unknown Source:54)\n\tat com.braze.ui.inappmessage.BrazeInAppMessageManager.ensureSubscribedToInAppMessageEvents(Unknown Source:107)\n\tat com.braze.ui.inappmessage.BrazeInAppMessageManager.registerInAppMessageManager(Unknown Source:130)\n\tat com.braze.BrazeActivityLifecycleCallbackListener.onActivityResumed(Unknown Source:38)\n\tat android.app.Application.dispatchActivityResumed(Application.java:443)\n\tat android.app.Activity.dispatchActivityResumed(Activity.java:1513)\n\tat android.app.Activity.onResume(Activity.java:2095)\n\tat androidx.fragment.app.FragmentActivity.onResume(Unknown Source:5)\n\tat com.casino.template.presentation.LandingActivity.onResume(Unknown Source:0)\n\tat android.app.Instrumentation.callActivityOnResume(Instrumentation.java:1587)\n\tat android.app.Activity.performResume(Activity.java:8690)\n\tat android.app.ActivityThread.performResumeActivity(ActivityThread.java:5061)\n\tat android.app.ActivityThread.handleResumeActivity(ActivityThread.java:5104)\n\tat android.app.servertransaction.ResumeActivityItem.execute(ResumeActivityItem.java:54)\n\tat android.app.servertransaction.ActivityTransactionItem.execute(ActivityTransactionItem.java:45)\n\tat android.app.servertransaction.TransactionExecutor.executeLifecycleState(TransactionExecutor.java:176)\n\tat android.app.servertransaction.TransactionExecutor.execute(TransactionExecutor.java:97)\n\tat android.app.ActivityThread$H.handleMessage(ActivityThread.java:2415)\n\tat android.os.Handler.dispatchMessage(Handler.java:106)\n\tat android.os.Looper.loopOnce(Looper.java:211)\n\tat android.os.Looper.loop(Looper.java:300)\n\tat android.app.ActivityThread.main(ActivityThread.java:8395)\n\tat java.lang.reflect.Method.invoke(Native Method)\n\tat com.android.internal.os.RuntimeInit$MethodAndArgsCaller.run(RuntimeInit.java:559)\n\tat com.android.internal.os.ZygoteInit.main(ZygoteInit.java:954)\n"
},
{
    "type": "log",
    "source": "class",
    "method": "addSingleSynchronousSubscription",
    "package_name": "com.fanduel.casino",
    "class_name": "com.braze.Braze",
    "timestamp": 1728284042308,
    "ref": "com.braze.Braze@64b68f4",
    "arguments": "{\"0\":\"<instance: com.braze.events.IEventSubscriber, $className: com.braze.ui.inappmessage.b>\",\"1\":\"<instance: java.lang.Class>\"}",
    "stack_trace": "java.lang.Exception\n\tat com.braze.Braze.addSingleSynchronousSubscription(Native Method)\n\tat com.braze.ui.inappmessage.BrazeInAppMessageManager.ensureSubscribedToInAppMessageEvents(Unknown Source:111)\n\tat com.braze.ui.inappmessage.BrazeInAppMessageManager.registerInAppMessageManager(Unknown Source:130)\n\tat com.braze.BrazeActivityLifecycleCallbackListener.onActivityResumed(Unknown Source:38)\n\tat android.app.Application.dispatchActivityResumed(Application.java:443)\n\tat android.app.Activity.dispatchActivityResumed(Activity.java:1513)\n\tat android.app.Activity.onResume(Activity.java:2095)\n\tat androidx.fragment.app.FragmentActivity.onResume(Unknown Source:5)\n\tat com.casino.template.presentation.LandingActivity.onResume(Unknown Source:0)\n\tat android.app.Instrumentation.callActivityOnResume(Instrumentation.java:1587)\n\tat android.app.Activity.performResume(Activity.java:8690)\n\tat android.app.ActivityThread.performResumeActivity(ActivityThread.java:5061)\n\tat android.app.ActivityThread.handleResumeActivity(ActivityThread.java:5104)\n\tat android.app.servertransaction.ResumeActivityItem.execute(ResumeActivityItem.java:54)\n\tat android.app.servertransaction.ActivityTransactionItem.execute(ActivityTransactionItem.java:45)\n\tat android.app.servertransaction.TransactionExecutor.executeLifecycleState(TransactionExecutor.java:176)\n\tat android.app.servertransaction.TransactionExecutor.execute(TransactionExecutor.java:97)\n\tat android.app.ActivityThread$H.handleMessage(ActivityThread.java:2415)\n\tat android.os.Handler.dispatchMessage(Handler.java:106)\n\tat android.os.Looper.loopOnce(Looper.java:211)\n\tat android.os.Looper.loop(Looper.java:300)\n\tat android.app.ActivityThread.main(ActivityThread.java:8395)\n\tat java.lang.reflect.Method.invoke(Native Method)\n\tat com.android.internal.os.RuntimeInit$MethodAndArgsCaller.run(RuntimeInit.java:559)\n\tat com.android.internal.os.ZygoteInit.main(ZygoteInit.java:954)\n"
},
{
    "type": "log",
    "source": "class",
    "method": "access$getEndpointProviderLock$cp",
    "package_name": "com.fanduel.casino",
    "class_name": "com.braze.Braze",
    "timestamp": 1728284042351,
    "ref": "<class: com.braze.Braze>",
    "arguments": "{}",
    "stack_trace": "java.lang.Exception\n\tat com.braze.Braze.access$getEndpointProviderLock$cp(Native Method)\n\tat com.braze.Braze$Companion.getApiEndpoint(Unknown Source:5)\n\tat bo.app.lg.e(Unknown Source:8)\n\tat bo.app.g60.a(SourceFile:16)\n\tat bo.app.f60.invokeSuspend(Unknown Source:11)\n\tat nj.a.resumeWith(Unknown Source:12)\n\tat jm.m0.run(Unknown Source:118)\n\tat jm.b2.run(Unknown Source:32)\n\tat qm.k.run(Unknown Source:2)\n\tat qm.b.run(Unknown Source:95)\n"
},
{
    "type": "log",
    "source": "class",
    "method": "access$getEndpointProvider$cp",
    "package_name": "com.fanduel.casino",
    "class_name": "com.braze.Braze",
    "timestamp": 1728284042358,
    "ref": "<class: com.braze.Braze>",
    "arguments": "{}",
    "stack_trace": "java.lang.Exception\n\tat com.braze.Braze.access$getEndpointProvider$cp(Native Method)\n\tat com.braze.Braze$Companion.getApiEndpoint(Unknown Source:12)\n\tat bo.app.lg.e(Unknown Source:8)\n\tat bo.app.g60.a(SourceFile:16)\n\tat bo.app.f60.invokeSuspend(Unknown Source:11)\n\tat nj.a.resumeWith(Unknown Source:12)\n\tat jm.m0.run(Unknown Source:118)\n\tat jm.b2.run(Unknown Source:32)\n\tat qm.k.run(Unknown Source:2)\n\tat qm.b.run(Unknown Source:95)\n"
},
{
    "type": "log",
    "source": "class",
    "method": "getInstance",
    "package_name": "com.fanduel.casino",
    "class_name": "com.appsflyer.AppsFlyerLib",
    "timestamp": 1728284043363,
    "ref": "<class: com.appsflyer.AppsFlyerLib>",
    "arguments": "{}",
    "stack_trace": "java.lang.Exception\n\tat com.appsflyer.AppsFlyerLib.getInstance(Native Method)\n\tat com.appsflyer.internal.AFf1bSDK.values(SourceFile:1)\n\tat com.appsflyer.internal.AFg1wSDK.AFVersionDeclaration(Unknown Source:21)\n\tat com.appsflyer.internal.AFg1wSDK.valueOf(SourceFile:20)\n\tat com.appsflyer.internal.AFb1tSDK.AFKeystoreWrapper(SourceFile:59)\n\tat com.appsflyer.internal.AFb1tSDK.valueOf(SourceFile:72)\n\tat com.appsflyer.internal.AFb1tSDK.AFKeystoreWrapper(SourceFile:2)\n\tat com.appsflyer.internal.AFb1tSDK$AFa1tSDK.run(Unknown Source:4)\n\tat java.util.concurrent.Executors$RunnableAdapter.call(Executors.java:463)\n\tat java.util.concurrent.FutureTask.run(FutureTask.java:264)\n\tat java.util.concurrent.ScheduledThreadPoolExecutor$ScheduledFutureTask.run(ScheduledThreadPoolExecutor.java:307)\n\tat java.util.concurrent.ThreadPoolExecutor.runWorker(ThreadPoolExecutor.java:1137)\n\tat java.util.concurrent.ThreadPoolExecutor$Worker.run(ThreadPoolExecutor.java:637)\n\tat java.lang.Thread.run(Thread.java:1012)\n"
},
{
    "type": "log",
    "source": "class",
    "method": "getInstance",
    "package_name": "com.fanduel.casino",
    "class_name": "com.appsflyer.AppsFlyerLib",
    "timestamp": 1728284043474,
    "ref": "<class: com.appsflyer.AppsFlyerLib>",
    "arguments": "{}",
    "stack_trace": "java.lang.Exception\n\tat com.appsflyer.AppsFlyerLib.getInstance(Native Method)\n\tat com.appsflyer.internal.AFf1bSDK.values(SourceFile:1)\n\tat com.appsflyer.internal.AFg1wSDK.AFVersionDeclaration(Unknown Source:21)\n\tat com.appsflyer.internal.AFg1wSDK.valueOf(SourceFile:20)\n\tat com.appsflyer.internal.AFb1tSDK.AFKeystoreWrapper(SourceFile:59)\n\tat com.appsflyer.internal.AFb1tSDK.valueOf(SourceFile:72)\n\tat com.appsflyer.internal.AFb1tSDK.AFKeystoreWrapper(SourceFile:2)\n\tat com.appsflyer.internal.AFb1tSDK$AFa1tSDK.run(Unknown Source:4)\n\tat java.util.concurrent.Executors$RunnableAdapter.call(Executors.java:463)\n\tat java.util.concurrent.FutureTask.run(FutureTask.java:264)\n\tat java.util.concurrent.ScheduledThreadPoolExecutor$ScheduledFutureTask.run(ScheduledThreadPoolExecutor.java:307)\n\tat java.util.concurrent.ThreadPoolExecutor.runWorker(ThreadPoolExecutor.java:1137)\n\tat java.util.concurrent.ThreadPoolExecutor$Worker.run(ThreadPoolExecutor.java:637)\n\tat java.lang.Thread.run(Thread.java:1012)\n"
},
{
    "type": "log",
    "source": "class",
    "method": "getInstance",
    "package_name": "com.fanduel.casino",
    "class_name": "com.appsflyer.AppsFlyerLib",
    "timestamp": 1728284043502,
    "ref": "<class: com.appsflyer.AppsFlyerLib>",
    "arguments": "{}",
    "stack_trace": "java.lang.Exception\n\tat com.appsflyer.AppsFlyerLib.getInstance(Native Method)\n\tat com.appsflyer.internal.AFi1gSDK.AFKeystoreWrapper(Unknown Source:5)\n\tat com.appsflyer.internal.AFb1tSDK.valueOf(SourceFile:95)\n\tat com.appsflyer.internal.AFb1tSDK.AFKeystoreWrapper(SourceFile:2)\n\tat com.appsflyer.internal.AFb1tSDK$AFa1tSDK.run(Unknown Source:4)\n\tat java.util.concurrent.Executors$RunnableAdapter.call(Executors.java:463)\n\tat java.util.concurrent.FutureTask.run(FutureTask.java:264)\n\tat java.util.concurrent.ScheduledThreadPoolExecutor$ScheduledFutureTask.run(ScheduledThreadPoolExecutor.java:307)\n\tat java.util.concurrent.ThreadPoolExecutor.runWorker(ThreadPoolExecutor.java:1137)\n\tat java.util.concurrent.ThreadPoolExecutor$Worker.run(ThreadPoolExecutor.java:637)\n\tat java.lang.Thread.run(Thread.java:1012)\n"
},
{
    "type": "log",
    "source": "class",
    "method": "getInstance",
    "package_name": "com.fanduel.casino",
    "class_name": "com.appsflyer.AppsFlyerLib",
    "timestamp": 1728284043504,
    "ref": "<class: com.appsflyer.AppsFlyerLib>",
    "arguments": "{}",
    "stack_trace": "java.lang.Exception\n\tat com.appsflyer.AppsFlyerLib.getInstance(Native Method)\n\tat com.appsflyer.internal.AFi1gSDK.AFKeystoreWrapper(Unknown Source:5)\n\tat com.appsflyer.internal.AFi1fSDK.values(Unknown Source:63)\n\tat com.appsflyer.internal.AFc1oSDK.afRDLog(Unknown Source:21)\n\tat com.appsflyer.internal.AFc1oSDK.w(Unknown Source:302)\n\tat com.appsflyer.internal.AFc1oSDK.valueOf(SourceFile:1)\n\tat com.appsflyer.internal.AFc1oSDK$3.call(Unknown Source:7)\n\tat java.util.concurrent.FutureTask.run(FutureTask.java:264)\n\tat java.util.concurrent.ThreadPoolExecutor.runWorker(ThreadPoolExecutor.java:1137)\n\tat java.util.concurrent.ThreadPoolExecutor$Worker.run(ThreadPoolExecutor.java:637)\n\tat java.lang.Thread.run(Thread.java:1012)\n"
},
{
    "type": "log",
    "source": "class",
    "method": "getInstance",
    "package_name": "com.fanduel.casino",
    "class_name": "com.appsflyer.AppsFlyerLib",
    "timestamp": 1728284043608,
    "ref": "<class: com.appsflyer.AppsFlyerLib>",
    "arguments": "{}",
    "stack_trace": "java.lang.Exception\n\tat com.appsflyer.AppsFlyerLib.getInstance(Native Method)\n\tat com.appsflyer.internal.AFi1gSDK.AFKeystoreWrapper(Unknown Source:5)\n\tat com.appsflyer.internal.AFb1tSDK.valueOf(SourceFile:97)\n\tat com.appsflyer.internal.AFb1tSDK.AFKeystoreWrapper(SourceFile:2)\n\tat com.appsflyer.internal.AFb1tSDK$AFa1tSDK.run(Unknown Source:4)\n\tat java.util.concurrent.Executors$RunnableAdapter.call(Executors.java:463)\n\tat java.util.concurrent.FutureTask.run(FutureTask.java:264)\n\tat java.util.concurrent.ScheduledThreadPoolExecutor$ScheduledFutureTask.run(ScheduledThreadPoolExecutor.java:307)\n\tat java.util.concurrent.ThreadPoolExecutor.runWorker(ThreadPoolExecutor.java:1137)\n\tat java.util.concurrent.ThreadPoolExecutor$Worker.run(ThreadPoolExecutor.java:637)\n\tat java.lang.Thread.run(Thread.java:1012)\n"
},
{
    "type": "log",
    "source": "class",
    "method": "getInstance",
    "package_name": "com.fanduel.casino",
    "class_name": "com.google.firebase.analytics.FirebaseAnalytics",
    "timestamp": 1728284043736,
    "ref": "<class: com.google.firebase.analytics.FirebaseAnalytics>",
    "arguments": "{\"0\":\"<instance: android.content.Context, $className: com.casino.template.CasinoApp>\"}",
    "stack_trace": "java.lang.Exception\n\tat com.google.firebase.analytics.FirebaseAnalytics.getInstance(Native Method)\n\tat java.lang.reflect.Method.invoke(Native Method)\n\tat m.tf.f(:com.google.android.gms.dynamite_measurementdynamite@243834029@24.38.34 (190400-0):47)\n\tat m.rp.ab(:com.google.android.gms.dynamite_measurementdynamite@243834029@24.38.34 (190400-0):143)\n\tat m.qu.run(:com.google.android.gms.dynamite_measurementdynamite@243834029@24.38.34 (190400-0):17)\n\tat java.util.concurrent.Executors$RunnableAdapter.call(Executors.java:463)\n\tat java.util.concurrent.FutureTask.run(FutureTask.java:264)\n\tat m.pl.run(:com.google.android.gms.dynamite_measurementdynamite@243834029@24.38.34 (190400-0):48)\n"
},
{
    "type": "log",
    "source": "class",
    "method": "access$getEndpointProviderLock$cp",
    "package_name": "com.fanduel.casino",
    "class_name": "com.braze.Braze",
    "timestamp": 1728284043747,
    "ref": "<class: com.braze.Braze>",
    "arguments": "{}",
    "stack_trace": "java.lang.Exception\n\tat com.braze.Braze.access$getEndpointProviderLock$cp(Native Method)\n\tat com.braze.Braze$Companion.getApiEndpoint(Unknown Source:5)\n\tat bo.app.lg.e(Unknown Source:8)\n\tat bo.app.g60.a(SourceFile:36)\n\tat bo.app.f60.invokeSuspend(Unknown Source:11)\n\tat nj.a.resumeWith(Unknown Source:12)\n\tat jm.m0.run(Unknown Source:118)\n\tat jm.b2.run(Unknown Source:32)\n\tat qm.k.run(Unknown Source:2)\n\tat qm.b.run(Unknown Source:95)\n"
},
{
    "type": "log",
    "source": "class",
    "method": "getFirebaseInstanceId",
    "package_name": "com.fanduel.casino",
    "class_name": "com.google.firebase.analytics.FirebaseAnalytics",
    "timestamp": 1728284043752,
    "ref": "com.google.firebase.analytics.FirebaseAnalytics@10d2ae8",
    "arguments": "{}",
    "stack_trace": "java.lang.Exception\n\tat com.google.firebase.analytics.FirebaseAnalytics.getFirebaseInstanceId(Native Method)\n\tat java.lang.reflect.Method.invoke(Native Method)\n\tat m.tf.f(:com.google.android.gms.dynamite_measurementdynamite@243834029@24.38.34 (190400-0):49)\n\tat m.rp.ab(:com.google.android.gms.dynamite_measurementdynamite@243834029@24.38.34 (190400-0):143)\n\tat m.qu.run(:com.google.android.gms.dynamite_measurementdynamite@243834029@24.38.34 (190400-0):17)\n\tat java.util.concurrent.Executors$RunnableAdapter.call(Executors.java:463)\n\tat java.util.concurrent.FutureTask.run(FutureTask.java:264)\n\tat m.pl.run(:com.google.android.gms.dynamite_measurementdynamite@243834029@24.38.34 (190400-0):48)\n"
},
{
    "type": "log",
    "source": "class",
    "method": "access$getEndpointProvider$cp",
    "package_name": "com.fanduel.casino",
    "class_name": "com.braze.Braze",
    "timestamp": 1728284043759,
    "ref": "<class: com.braze.Braze>",
    "arguments": "{}",
    "stack_trace": "java.lang.Exception\n\tat com.braze.Braze.access$getEndpointProvider$cp(Native Method)\n\tat com.braze.Braze$Companion.getApiEndpoint(Unknown Source:12)\n\tat bo.app.lg.e(Unknown Source:8)\n\tat bo.app.g60.a(SourceFile:36)\n\tat bo.app.f60.invokeSuspend(Unknown Source:11)\n\tat nj.a.resumeWith(Unknown Source:12)\n\tat jm.m0.run(Unknown Source:118)\n\tat jm.b2.run(Unknown Source:32)\n\tat qm.k.run(Unknown Source:2)\n\tat qm.b.run(Unknown Source:95)\n"
},
{
    "type": "log",
    "source": "class",
    "method": "access$getEndpointProviderLock$cp",
    "package_name": "com.fanduel.casino",
    "class_name": "com.braze.Braze",
    "timestamp": 1728284043805,
    "ref": "<class: com.braze.Braze>",
    "arguments": "{}",
    "stack_trace": "java.lang.Exception\n\tat com.braze.Braze.access$getEndpointProviderLock$cp(Native Method)\n\tat com.braze.Braze$Companion.getApiEndpoint(Unknown Source:5)\n\tat bo.app.lg.e(Unknown Source:8)\n\tat bo.app.g60.a(SourceFile:36)\n\tat bo.app.f60.invokeSuspend(Unknown Source:11)\n\tat nj.a.resumeWith(Unknown Source:12)\n\tat jm.m0.run(Unknown Source:118)\n\tat jm.b2.run(Unknown Source:32)\n\tat qm.k.run(Unknown Source:2)\n\tat qm.b.run(Unknown Source:95)\n"
},
{
    "type": "log",
    "source": "class",
    "method": "access$getEndpointProvider$cp",
    "package_name": "com.fanduel.casino",
    "class_name": "com.braze.Braze",
    "timestamp": 1728284043821,
    "ref": "<class: com.braze.Braze>",
    "arguments": "{}",
    "stack_trace": "java.lang.Exception\n\tat com.braze.Braze.access$getEndpointProvider$cp(Native Method)\n\tat com.braze.Braze$Companion.getApiEndpoint(Unknown Source:12)\n\tat bo.app.lg.e(Unknown Source:8)\n\tat bo.app.g60.a(SourceFile:36)\n\tat bo.app.f60.invokeSuspend(Unknown Source:11)\n\tat nj.a.resumeWith(Unknown Source:12)\n\tat jm.m0.run(Unknown Source:118)\n\tat jm.b2.run(Unknown Source:32)\n\tat qm.k.run(Unknown Source:2)\n\tat qm.b.run(Unknown Source:95)\n"
},
{
    "type": "log",
    "source": "class",
    "method": "access$getEndpointProviderLock$cp",
    "package_name": "com.fanduel.casino",
    "class_name": "com.braze.Braze",
    "timestamp": 1728284044032,
    "ref": "<class: com.braze.Braze>",
    "arguments": "{}",
    "stack_trace": "java.lang.Exception\n\tat com.braze.Braze.access$getEndpointProviderLock$cp(Native Method)\n\tat com.braze.Braze$Companion.getApiEndpoint(Unknown Source:5)\n\tat bo.app.lg.e(Unknown Source:8)\n\tat bo.app.g60.a(SourceFile:16)\n\tat bo.app.f60.invokeSuspend(Unknown Source:11)\n\tat nj.a.resumeWith(Unknown Source:12)\n\tat jm.m0.run(Unknown Source:118)\n\tat jm.b2.run(Unknown Source:32)\n\tat qm.k.run(Unknown Source:2)\n\tat qm.b.run(Unknown Source:95)\n"
},
{
    "type": "log",
    "source": "class",
    "method": "access$getEndpointProvider$cp",
    "package_name": "com.fanduel.casino",
    "class_name": "com.braze.Braze",
    "timestamp": 1728284044043,
    "ref": "<class: com.braze.Braze>",
    "arguments": "{}",
    "stack_trace": "java.lang.Exception\n\tat com.braze.Braze.access$getEndpointProvider$cp(Native Method)\n\tat com.braze.Braze$Companion.getApiEndpoint(Unknown Source:12)\n\tat bo.app.lg.e(Unknown Source:8)\n\tat bo.app.g60.a(SourceFile:16)\n\tat bo.app.f60.invokeSuspend(Unknown Source:11)\n\tat nj.a.resumeWith(Unknown Source:12)\n\tat jm.m0.run(Unknown Source:118)\n\tat jm.b2.run(Unknown Source:32)\n\tat qm.k.run(Unknown Source:2)\n\tat qm.b.run(Unknown Source:95)\n"
},
{
    "type": "log",
    "source": "class",
    "method": "access$getEndpointProviderLock$cp",
    "package_name": "com.fanduel.casino",
    "class_name": "com.braze.Braze",
    "timestamp": 1728284044515,
    "ref": "<class: com.braze.Braze>",
    "arguments": "{}",
    "stack_trace": "java.lang.Exception\n\tat com.braze.Braze.access$getEndpointProviderLock$cp(Native Method)\n\tat com.braze.Braze$Companion.getApiEndpoint(Unknown Source:5)\n\tat bo.app.lg.e(Unknown Source:8)\n\tat bo.app.g60.a(SourceFile:36)\n\tat bo.app.f60.invokeSuspend(Unknown Source:11)\n\tat nj.a.resumeWith(Unknown Source:12)\n\tat jm.m0.run(Unknown Source:118)\n\tat jm.b2.run(Unknown Source:32)\n\tat qm.k.run(Unknown Source:2)\n\tat qm.b.run(Unknown Source:95)\n"
},
{
    "type": "log",
    "source": "class",
    "method": "access$getEndpointProvider$cp",
    "package_name": "com.fanduel.casino",
    "class_name": "com.braze.Braze",
    "timestamp": 1728284044522,
    "ref": "<class: com.braze.Braze>",
    "arguments": "{}",
    "stack_trace": "java.lang.Exception\n\tat com.braze.Braze.access$getEndpointProvider$cp(Native Method)\n\tat com.braze.Braze$Companion.getApiEndpoint(Unknown Source:12)\n\tat bo.app.lg.e(Unknown Source:8)\n\tat bo.app.g60.a(SourceFile:36)\n\tat bo.app.f60.invokeSuspend(Unknown Source:11)\n\tat nj.a.resumeWith(Unknown Source:12)\n\tat jm.m0.run(Unknown Source:118)\n\tat jm.b2.run(Unknown Source:32)\n\tat qm.k.run(Unknown Source:2)\n\tat qm.b.run(Unknown Source:95)\n"
},
{
    "type": "log",
    "source": "class",
    "method": "getInstance",
    "package_name": "com.fanduel.casino",
    "class_name": "com.appsflyer.AppsFlyerLib",
    "timestamp": 1728284045301,
    "ref": "<class: com.appsflyer.AppsFlyerLib>",
    "arguments": "{}",
    "stack_trace": "java.lang.Exception\n\tat com.appsflyer.AppsFlyerLib.getInstance(Native Method)\n\tat com.appsflyer.internal.AFf1bSDK.values(SourceFile:1)\n\tat com.appsflyer.internal.AFg1wSDK.AFVersionDeclaration(Unknown Source:21)\n\tat com.appsflyer.internal.AFg1wSDK.valueOf(SourceFile:20)\n\tat com.appsflyer.internal.AFb1tSDK.AFKeystoreWrapper(SourceFile:59)\n\tat com.appsflyer.internal.AFb1tSDK.valueOf(SourceFile:72)\n\tat com.appsflyer.internal.AFb1tSDK.unregisterClient(SourceFile:1)\n\tat com.appsflyer.internal.AFb1tSDK.b(Unknown Source:0)\n\tat com.appsflyer.internal.a.run(Unknown Source:15)\n\tat com.appsflyer.internal.AFi1rSDK.AFInAppEventType(Unknown Source:11)\n\tat com.appsflyer.internal.AFi1rSDK.b(Unknown Source:0)\n\tat com.appsflyer.internal.j.run(Unknown Source:9)\n\tat java.util.concurrent.Executors$RunnableAdapter.call(Executors.java:463)\n\tat java.util.concurrent.FutureTask.run(FutureTask.java:264)\n\tat java.util.concurrent.ScheduledThreadPoolExecutor$ScheduledFutureTask.run(ScheduledThreadPoolExecutor.java:307)\n\tat java.util.concurrent.ThreadPoolExecutor.runWorker(ThreadPoolExecutor.java:1137)\n\tat java.util.concurrent.ThreadPoolExecutor$Worker.run(ThreadPoolExecutor.java:637)\n\tat java.lang.Thread.run(Thread.java:1012)\n"
},
{
    "type": "log",
    "source": "class",
    "method": "getInstance",
    "package_name": "com.fanduel.casino",
    "class_name": "com.appsflyer.AppsFlyerLib",
    "timestamp": 1728284045363,
    "ref": "<class: com.appsflyer.AppsFlyerLib>",
    "arguments": "{}",
    "stack_trace": "java.lang.Exception\n\tat com.appsflyer.AppsFlyerLib.getInstance(Native Method)\n\tat com.appsflyer.internal.AFi1gSDK.AFKeystoreWrapper(Unknown Source:5)\n\tat com.appsflyer.internal.AFb1tSDK.valueOf(SourceFile:98)\n\tat com.appsflyer.internal.AFb1tSDK.unregisterClient(SourceFile:1)\n\tat com.appsflyer.internal.AFb1tSDK.b(Unknown Source:0)\n\tat com.appsflyer.internal.a.run(Unknown Source:15)\n\tat com.appsflyer.internal.AFi1rSDK.AFInAppEventType(Unknown Source:11)\n\tat com.appsflyer.internal.AFi1rSDK.b(Unknown Source:0)\n\tat com.appsflyer.internal.j.run(Unknown Source:9)\n\tat java.util.concurrent.Executors$RunnableAdapter.call(Executors.java:463)\n\tat java.util.concurrent.FutureTask.run(FutureTask.java:264)\n\tat java.util.concurrent.ScheduledThreadPoolExecutor$ScheduledFutureTask.run(ScheduledThreadPoolExecutor.java:307)\n\tat java.util.concurrent.ThreadPoolExecutor.runWorker(ThreadPoolExecutor.java:1137)\n\tat java.util.concurrent.ThreadPoolExecutor$Worker.run(ThreadPoolExecutor.java:637)\n\tat java.lang.Thread.run(Thread.java:1012)\n"
},
{
    "type": "log",
    "source": "class",
    "method": "access$getInstance$cp",
    "package_name": "com.fanduel.casino",
    "class_name": "com.braze.Braze",
    "timestamp": 1728284045601,
    "ref": "<class: com.braze.Braze>",
    "arguments": "{}",
    "stack_trace": "java.lang.Exception\n\tat com.braze.Braze.access$getInstance$cp(Native Method)\n\tat com.braze.Braze$Companion.shouldAllowSingletonInitialization(Unknown Source:0)\n\tat com.braze.Braze$Companion.getInstance(Unknown Source:5)\n\tat com.braze.BrazeInternal.getInstance(Unknown Source:2)\n\tat com.braze.BrazeInternal.applyPendingRuntimeConfiguration(Unknown Source:7)\n\tat com.braze.push.BrazeFirebaseMessagingService.onNewToken(Unknown Source:8)\n\tat com.google.firebase.messaging.FirebaseMessagingService.handleIntent(Unknown Source:35)\n\tat com.google.firebase.messaging.EnhancedIntentService.lambda$processIntent$0(Unknown Source:1)\n\tat com.google.firebase.messaging.EnhancedIntentService.a(Unknown Source:0)\n\tat com.google.firebase.messaging.b.run(Unknown Source:6)\n\tat java.util.concurrent.ThreadPoolExecutor.runWorker(ThreadPoolExecutor.java:1137)\n\tat java.util.concurrent.ThreadPoolExecutor$Worker.run(ThreadPoolExecutor.java:637)\n\tat com.google.android.gms.common.util.concurrent.zza.run(Unknown Source:6)\n\tat java.lang.Thread.run(Thread.java:1012)\n"
},
{
    "type": "log",
    "source": "class",
    "method": "access$isInstanceStopped$p",
    "package_name": "com.fanduel.casino",
    "class_name": "com.braze.Braze",
    "timestamp": 1728284045613,
    "ref": "<class: com.braze.Braze>",
    "arguments": "{\"0\":\"<instance: com.braze.Braze>\"}",
    "stack_trace": "java.lang.Exception\n\tat com.braze.Braze.access$isInstanceStopped$p(Native Method)\n\tat com.braze.Braze$Companion.shouldAllowSingletonInitialization(Unknown Source:21)\n\tat com.braze.Braze$Companion.getInstance(Unknown Source:5)\n\tat com.braze.BrazeInternal.getInstance(Unknown Source:2)\n\tat com.braze.BrazeInternal.applyPendingRuntimeConfiguration(Unknown Source:7)\n\tat com.braze.push.BrazeFirebaseMessagingService.onNewToken(Unknown Source:8)\n\tat com.google.firebase.messaging.FirebaseMessagingService.handleIntent(Unknown Source:35)\n\tat com.google.firebase.messaging.EnhancedIntentService.lambda$processIntent$0(Unknown Source:1)\n\tat com.google.firebase.messaging.EnhancedIntentService.a(Unknown Source:0)\n\tat com.google.firebase.messaging.b.run(Unknown Source:6)\n\tat java.util.concurrent.ThreadPoolExecutor.runWorker(ThreadPoolExecutor.java:1137)\n\tat java.util.concurrent.ThreadPoolExecutor$Worker.run(ThreadPoolExecutor.java:637)\n\tat com.google.android.gms.common.util.concurrent.zza.run(Unknown Source:6)\n\tat java.lang.Thread.run(Thread.java:1012)\n"
},
{
    "type": "log",
    "source": "class",
    "method": "isApiKeyPresent$android_sdk_base_release",
    "package_name": "com.fanduel.casino",
    "class_name": "com.braze.Braze",
    "timestamp": 1728284045624,
    "ref": "com.braze.Braze@64b68f4",
    "arguments": "{}",
    "stack_trace": "java.lang.Exception\n\tat com.braze.Braze.isApiKeyPresent$android_sdk_base_release(Native Method)\n\tat com.braze.Braze$Companion.shouldAllowSingletonInitialization(Unknown Source:42)\n\tat com.braze.Braze$Companion.getInstance(Unknown Source:5)\n\tat com.braze.BrazeInternal.getInstance(Unknown Source:2)\n\tat com.braze.BrazeInternal.applyPendingRuntimeConfiguration(Unknown Source:7)\n\tat com.braze.push.BrazeFirebaseMessagingService.onNewToken(Unknown Source:8)\n\tat com.google.firebase.messaging.FirebaseMessagingService.handleIntent(Unknown Source:35)\n\tat com.google.firebase.messaging.EnhancedIntentService.lambda$processIntent$0(Unknown Source:1)\n\tat com.google.firebase.messaging.EnhancedIntentService.a(Unknown Source:0)\n\tat com.google.firebase.messaging.b.run(Unknown Source:6)\n\tat java.util.concurrent.ThreadPoolExecutor.runWorker(ThreadPoolExecutor.java:1137)\n\tat java.util.concurrent.ThreadPoolExecutor$Worker.run(ThreadPoolExecutor.java:637)\n\tat com.google.android.gms.common.util.concurrent.zza.run(Unknown Source:6)\n\tat java.lang.Thread.run(Thread.java:1012)\n"
},
{
    "type": "log",
    "source": "class",
    "method": "access$getInstance$cp",
    "package_name": "com.fanduel.casino",
    "class_name": "com.braze.Braze",
    "timestamp": 1728284045636,
    "ref": "<class: com.braze.Braze>",
    "arguments": "{}",
    "stack_trace": "java.lang.Exception\n\tat com.braze.Braze.access$getInstance$cp(Native Method)\n\tat com.braze.Braze$Companion.getInstance(Unknown Source:54)\n\tat com.braze.BrazeInternal.getInstance(Unknown Source:2)\n\tat com.braze.BrazeInternal.applyPendingRuntimeConfiguration(Unknown Source:7)\n\tat com.braze.push.BrazeFirebaseMessagingService.onNewToken(Unknown Source:8)\n\tat com.google.firebase.messaging.FirebaseMessagingService.handleIntent(Unknown Source:35)\n\tat com.google.firebase.messaging.EnhancedIntentService.lambda$processIntent$0(Unknown Source:1)\n\tat com.google.firebase.messaging.EnhancedIntentService.a(Unknown Source:0)\n\tat com.google.firebase.messaging.b.run(Unknown Source:6)\n\tat java.util.concurrent.ThreadPoolExecutor.runWorker(ThreadPoolExecutor.java:1137)\n\tat java.util.concurrent.ThreadPoolExecutor$Worker.run(ThreadPoolExecutor.java:637)\n\tat com.google.android.gms.common.util.concurrent.zza.run(Unknown Source:6)\n\tat java.lang.Thread.run(Thread.java:1012)\n"
},
{
    "type": "log",
    "source": "class",
    "method": "applyPendingRuntimeConfiguration$android_sdk_base_release",
    "package_name": "com.fanduel.casino",
    "class_name": "com.braze.Braze",
    "timestamp": 1728284045643,
    "ref": "com.braze.Braze@64b68f4",
    "arguments": "{}",
    "stack_trace": "java.lang.Exception\n\tat com.braze.Braze.applyPendingRuntimeConfiguration$android_sdk_base_release(Native Method)\n\tat com.braze.BrazeInternal.applyPendingRuntimeConfiguration(Unknown Source:11)\n\tat com.braze.push.BrazeFirebaseMessagingService.onNewToken(Unknown Source:8)\n\tat com.google.firebase.messaging.FirebaseMessagingService.handleIntent(Unknown Source:35)\n\tat com.google.firebase.messaging.EnhancedIntentService.lambda$processIntent$0(Unknown Source:1)\n\tat com.google.firebase.messaging.EnhancedIntentService.a(Unknown Source:0)\n\tat com.google.firebase.messaging.b.run(Unknown Source:6)\n\tat java.util.concurrent.ThreadPoolExecutor.runWorker(ThreadPoolExecutor.java:1137)\n\tat java.util.concurrent.ThreadPoolExecutor$Worker.run(ThreadPoolExecutor.java:637)\n\tat com.google.android.gms.common.util.concurrent.zza.run(Unknown Source:6)\n\tat java.lang.Thread.run(Thread.java:1012)\n"
},
{
    "type": "log",
    "source": "class",
    "method": "access$getInstance$cp",
    "package_name": "com.fanduel.casino",
    "class_name": "com.braze.Braze",
    "timestamp": 1728284045649,
    "ref": "<class: com.braze.Braze>",
    "arguments": "{}",
    "stack_trace": "java.lang.Exception\n\tat com.braze.Braze.access$getInstance$cp(Native Method)\n\tat com.braze.Braze$Companion.shouldAllowSingletonInitialization(Unknown Source:0)\n\tat com.braze.Braze$Companion.getInstance(Unknown Source:5)\n\tat com.braze.BrazeInternal.getInstance(Unknown Source:2)\n\tat com.braze.BrazeInternal.getConfigurationProvider(Unknown Source:5)\n\tat com.braze.push.BrazeFirebaseMessagingService.onNewToken(Unknown Source:13)\n\tat com.google.firebase.messaging.FirebaseMessagingService.handleIntent(Unknown Source:35)\n\tat com.google.firebase.messaging.EnhancedIntentService.lambda$processIntent$0(Unknown Source:1)\n\tat com.google.firebase.messaging.EnhancedIntentService.a(Unknown Source:0)\n\tat com.google.firebase.messaging.b.run(Unknown Source:6)\n\tat java.util.concurrent.ThreadPoolExecutor.runWorker(ThreadPoolExecutor.java:1137)\n\tat java.util.concurrent.ThreadPoolExecutor$Worker.run(ThreadPoolExecutor.java:637)\n\tat com.google.android.gms.common.util.concurrent.zza.run(Unknown Source:6)\n\tat java.lang.Thread.run(Thread.java:1012)\n"
},
{
    "type": "log",
    "source": "class",
    "method": "access$isInstanceStopped$p",
    "package_name": "com.fanduel.casino",
    "class_name": "com.braze.Braze",
    "timestamp": 1728284045657,
    "ref": "<class: com.braze.Braze>",
    "arguments": "{\"0\":\"<instance: com.braze.Braze>\"}",
    "stack_trace": "java.lang.Exception\n\tat com.braze.Braze.access$isInstanceStopped$p(Native Method)\n\tat com.braze.Braze$Companion.shouldAllowSingletonInitialization(Unknown Source:21)\n\tat com.braze.Braze$Companion.getInstance(Unknown Source:5)\n\tat com.braze.BrazeInternal.getInstance(Unknown Source:2)\n\tat com.braze.BrazeInternal.getConfigurationProvider(Unknown Source:5)\n\tat com.braze.push.BrazeFirebaseMessagingService.onNewToken(Unknown Source:13)\n\tat com.google.firebase.messaging.FirebaseMessagingService.handleIntent(Unknown Source:35)\n\tat com.google.firebase.messaging.EnhancedIntentService.lambda$processIntent$0(Unknown Source:1)\n\tat com.google.firebase.messaging.EnhancedIntentService.a(Unknown Source:0)\n\tat com.google.firebase.messaging.b.run(Unknown Source:6)\n\tat java.util.concurrent.ThreadPoolExecutor.runWorker(ThreadPoolExecutor.java:1137)\n\tat java.util.concurrent.ThreadPoolExecutor$Worker.run(ThreadPoolExecutor.java:637)\n\tat com.google.android.gms.common.util.concurrent.zza.run(Unknown Source:6)\n\tat java.lang.Thread.run(Thread.java:1012)\n"
},
{
    "type": "log",
    "source": "class",
    "method": "isApiKeyPresent$android_sdk_base_release",
    "package_name": "com.fanduel.casino",
    "class_name": "com.braze.Braze",
    "timestamp": 1728284045662,
    "ref": "com.braze.Braze@64b68f4",
    "arguments": "{}",
    "stack_trace": "java.lang.Exception\n\tat com.braze.Braze.isApiKeyPresent$android_sdk_base_release(Native Method)\n\tat com.braze.Braze$Companion.shouldAllowSingletonInitialization(Unknown Source:42)\n\tat com.braze.Braze$Companion.getInstance(Unknown Source:5)\n\tat com.braze.BrazeInternal.getInstance(Unknown Source:2)\n\tat com.braze.BrazeInternal.getConfigurationProvider(Unknown Source:5)\n\tat com.braze.push.BrazeFirebaseMessagingService.onNewToken(Unknown Source:13)\n\tat com.google.firebase.messaging.FirebaseMessagingService.handleIntent(Unknown Source:35)\n\tat com.google.firebase.messaging.EnhancedIntentService.lambda$processIntent$0(Unknown Source:1)\n\tat com.google.firebase.messaging.EnhancedIntentService.a(Unknown Source:0)\n\tat com.google.firebase.messaging.b.run(Unknown Source:6)\n\tat java.util.concurrent.ThreadPoolExecutor.runWorker(ThreadPoolExecutor.java:1137)\n\tat java.util.concurrent.ThreadPoolExecutor$Worker.run(ThreadPoolExecutor.java:637)\n\tat com.google.android.gms.common.util.concurrent.zza.run(Unknown Source:6)\n\tat java.lang.Thread.run(Thread.java:1012)\n"
},
{
    "type": "log",
    "source": "class",
    "method": "access$getInstance$cp",
    "package_name": "com.fanduel.casino",
    "class_name": "com.braze.Braze",
    "timestamp": 1728284045671,
    "ref": "<class: com.braze.Braze>",
    "arguments": "{}",
    "stack_trace": "java.lang.Exception\n\tat com.braze.Braze.access$getInstance$cp(Native Method)\n\tat com.braze.Braze$Companion.getInstance(Unknown Source:54)\n\tat com.braze.BrazeInternal.getInstance(Unknown Source:2)\n\tat com.braze.BrazeInternal.getConfigurationProvider(Unknown Source:5)\n\tat com.braze.push.BrazeFirebaseMessagingService.onNewToken(Unknown Source:13)\n\tat com.google.firebase.messaging.FirebaseMessagingService.handleIntent(Unknown Source:35)\n\tat com.google.firebase.messaging.EnhancedIntentService.lambda$processIntent$0(Unknown Source:1)\n\tat com.google.firebase.messaging.EnhancedIntentService.a(Unknown Source:0)\n\tat com.google.firebase.messaging.b.run(Unknown Source:6)\n\tat java.util.concurrent.ThreadPoolExecutor.runWorker(ThreadPoolExecutor.java:1137)\n\tat java.util.concurrent.ThreadPoolExecutor$Worker.run(ThreadPoolExecutor.java:637)\n\tat com.google.android.gms.common.util.concurrent.zza.run(Unknown Source:6)\n\tat java.lang.Thread.run(Thread.java:1012)\n"
},
{
    "type": "log",
    "source": "class",
    "method": "getConfigurationProviderSafe$android_sdk_base_release",
    "package_name": "com.fanduel.casino",
    "class_name": "com.braze.Braze",
    "timestamp": 1728284045679,
    "ref": "com.braze.Braze@64b68f4",
    "arguments": "{\"0\":\"<instance: android.content.Context, $className: com.braze.push.BrazeFirebaseMessagingService>\"}",
    "stack_trace": "java.lang.Exception\n\tat com.braze.Braze.getConfigurationProviderSafe$android_sdk_base_release(Native Method)\n\tat com.braze.BrazeInternal.getConfigurationProvider(Unknown Source:9)\n\tat com.braze.push.BrazeFirebaseMessagingService.onNewToken(Unknown Source:13)\n\tat com.google.firebase.messaging.FirebaseMessagingService.handleIntent(Unknown Source:35)\n\tat com.google.firebase.messaging.EnhancedIntentService.lambda$processIntent$0(Unknown Source:1)\n\tat com.google.firebase.messaging.EnhancedIntentService.a(Unknown Source:0)\n\tat com.google.firebase.messaging.b.run(Unknown Source:6)\n\tat java.util.concurrent.ThreadPoolExecutor.runWorker(ThreadPoolExecutor.java:1137)\n\tat java.util.concurrent.ThreadPoolExecutor$Worker.run(ThreadPoolExecutor.java:637)\n\tat com.google.android.gms.common.util.concurrent.zza.run(Unknown Source:6)\n\tat java.lang.Thread.run(Thread.java:1012)\n"
},
{
    "type": "log",
    "source": "class",
    "method": "getConfigurationProvider$android_sdk_base_release",
    "package_name": "com.fanduel.casino",
    "class_name": "com.braze.Braze",
    "timestamp": 1728284045687,
    "ref": "com.braze.Braze@64b68f4",
    "arguments": "{}",
    "stack_trace": "java.lang.Exception\n\tat com.braze.Braze.getConfigurationProvider$android_sdk_base_release(Native Method)\n\tat com.braze.Braze.getConfigurationProviderSafe$android_sdk_base_release(Unknown Source:9)\n\tat com.braze.Braze.getConfigurationProviderSafe$android_sdk_base_release(Native Method)\n\tat com.braze.BrazeInternal.getConfigurationProvider(Unknown Source:9)\n\tat com.braze.push.BrazeFirebaseMessagingService.onNewToken(Unknown Source:13)\n\tat com.google.firebase.messaging.FirebaseMessagingService.handleIntent(Unknown Source:35)\n\tat com.google.firebase.messaging.EnhancedIntentService.lambda$processIntent$0(Unknown Source:1)\n\tat com.google.firebase.messaging.EnhancedIntentService.a(Unknown Source:0)\n\tat com.google.firebase.messaging.b.run(Unknown Source:6)\n\tat java.util.concurrent.ThreadPoolExecutor.runWorker(ThreadPoolExecutor.java:1137)\n\tat java.util.concurrent.ThreadPoolExecutor$Worker.run(ThreadPoolExecutor.java:637)\n\tat com.google.android.gms.common.util.concurrent.zza.run(Unknown Source:6)\n\tat java.lang.Thread.run(Thread.java:1012)\n"
},
{
    "type": "log",
    "source": "class",
    "method": "access$getInstance$cp",
    "package_name": "com.fanduel.casino",
    "class_name": "com.braze.Braze",
    "timestamp": 1728284045696,
    "ref": "<class: com.braze.Braze>",
    "arguments": "{}",
    "stack_trace": "java.lang.Exception\n\tat com.braze.Braze.access$getInstance$cp(Native Method)\n\tat com.braze.Braze$Companion.shouldAllowSingletonInitialization(Unknown Source:0)\n\tat com.braze.Braze$Companion.getInstance(Unknown Source:5)\n\tat com.braze.push.BrazeFirebaseMessagingService.onNewToken(Unknown Source:71)\n\tat com.google.firebase.messaging.FirebaseMessagingService.handleIntent(Unknown Source:35)\n\tat com.google.firebase.messaging.EnhancedIntentService.lambda$processIntent$0(Unknown Source:1)\n\tat com.google.firebase.messaging.EnhancedIntentService.a(Unknown Source:0)\n\tat com.google.firebase.messaging.b.run(Unknown Source:6)\n\tat java.util.concurrent.ThreadPoolExecutor.runWorker(ThreadPoolExecutor.java:1137)\n\tat java.util.concurrent.ThreadPoolExecutor$Worker.run(ThreadPoolExecutor.java:637)\n\tat com.google.android.gms.common.util.concurrent.zza.run(Unknown Source:6)\n\tat java.lang.Thread.run(Thread.java:1012)\n"
},
{
    "type": "log",
    "source": "class",
    "method": "access$isInstanceStopped$p",
    "package_name": "com.fanduel.casino",
    "class_name": "com.braze.Braze",
    "timestamp": 1728284045702,
    "ref": "<class: com.braze.Braze>",
    "arguments": "{\"0\":\"<instance: com.braze.Braze>\"}",
    "stack_trace": "java.lang.Exception\n\tat com.braze.Braze.access$isInstanceStopped$p(Native Method)\n\tat com.braze.Braze$Companion.shouldAllowSingletonInitialization(Unknown Source:21)\n\tat com.braze.Braze$Companion.getInstance(Unknown Source:5)\n\tat com.braze.push.BrazeFirebaseMessagingService.onNewToken(Unknown Source:71)\n\tat com.google.firebase.messaging.FirebaseMessagingService.handleIntent(Unknown Source:35)\n\tat com.google.firebase.messaging.EnhancedIntentService.lambda$processIntent$0(Unknown Source:1)\n\tat com.google.firebase.messaging.EnhancedIntentService.a(Unknown Source:0)\n\tat com.google.firebase.messaging.b.run(Unknown Source:6)\n\tat java.util.concurrent.ThreadPoolExecutor.runWorker(ThreadPoolExecutor.java:1137)\n\tat java.util.concurrent.ThreadPoolExecutor$Worker.run(ThreadPoolExecutor.java:637)\n\tat com.google.android.gms.common.util.concurrent.zza.run(Unknown Source:6)\n\tat java.lang.Thread.run(Thread.java:1012)\n"
},
{
    "type": "log",
    "source": "class",
    "method": "isApiKeyPresent$android_sdk_base_release",
    "package_name": "com.fanduel.casino",
    "class_name": "com.braze.Braze",
    "timestamp": 1728284045709,
    "ref": "com.braze.Braze@64b68f4",
    "arguments": "{}",
    "stack_trace": "java.lang.Exception\n\tat com.braze.Braze.isApiKeyPresent$android_sdk_base_release(Native Method)\n\tat com.braze.Braze$Companion.shouldAllowSingletonInitialization(Unknown Source:42)\n\tat com.braze.Braze$Companion.getInstance(Unknown Source:5)\n\tat com.braze.push.BrazeFirebaseMessagingService.onNewToken(Unknown Source:71)\n\tat com.google.firebase.messaging.FirebaseMessagingService.handleIntent(Unknown Source:35)\n\tat com.google.firebase.messaging.EnhancedIntentService.lambda$processIntent$0(Unknown Source:1)\n\tat com.google.firebase.messaging.EnhancedIntentService.a(Unknown Source:0)\n\tat com.google.firebase.messaging.b.run(Unknown Source:6)\n\tat java.util.concurrent.ThreadPoolExecutor.runWorker(ThreadPoolExecutor.java:1137)\n\tat java.util.concurrent.ThreadPoolExecutor$Worker.run(ThreadPoolExecutor.java:637)\n\tat com.google.android.gms.common.util.concurrent.zza.run(Unknown Source:6)\n\tat java.lang.Thread.run(Thread.java:1012)\n"
},
{
    "type": "log",
    "source": "class",
    "method": "access$getInstance$cp",
    "package_name": "com.fanduel.casino",
    "class_name": "com.braze.Braze",
    "timestamp": 1728284045715,
    "ref": "<class: com.braze.Braze>",
    "arguments": "{}",
    "stack_trace": "java.lang.Exception\n\tat com.braze.Braze.access$getInstance$cp(Native Method)\n\tat com.braze.Braze$Companion.getInstance(Unknown Source:54)\n\tat com.braze.push.BrazeFirebaseMessagingService.onNewToken(Unknown Source:71)\n\tat com.google.firebase.messaging.FirebaseMessagingService.handleIntent(Unknown Source:35)\n\tat com.google.firebase.messaging.EnhancedIntentService.lambda$processIntent$0(Unknown Source:1)\n\tat com.google.firebase.messaging.EnhancedIntentService.a(Unknown Source:0)\n\tat com.google.firebase.messaging.b.run(Unknown Source:6)\n\tat java.util.concurrent.ThreadPoolExecutor.runWorker(ThreadPoolExecutor.java:1137)\n\tat java.util.concurrent.ThreadPoolExecutor$Worker.run(ThreadPoolExecutor.java:637)\n\tat com.google.android.gms.common.util.concurrent.zza.run(Unknown Source:6)\n\tat java.lang.Thread.run(Thread.java:1012)\n"
},
{
    "type": "log",
    "source": "class",
    "method": "setRegisteredPushToken",
    "package_name": "com.fanduel.casino",
    "class_name": "com.braze.Braze",
    "timestamp": 1728284045721,
    "ref": "com.braze.Braze@64b68f4",
    "arguments": "{\"0\":\"caFVmC4hTMeMtQiOsv9qYT:APA91bG406eJeD71gy24V8oKO8L5WNyQHHftc08r-62JbUnSoxCfcgjmaL9pk3OsmzUp7M0BaLyoZxYDiN_g74eNYRLhjInSgGaLUm9ymty7BPoazQXseuerCcZmpmsFORLQqTPiawCZ\"}",
    "stack_trace": "java.lang.Exception\n\tat com.braze.Braze.setRegisteredPushToken(Native Method)\n\tat com.braze.push.BrazeFirebaseMessagingService.onNewToken(Unknown Source:75)\n\tat com.google.firebase.messaging.FirebaseMessagingService.handleIntent(Unknown Source:35)\n\tat com.google.firebase.messaging.EnhancedIntentService.lambda$processIntent$0(Unknown Source:1)\n\tat com.google.firebase.messaging.EnhancedIntentService.a(Unknown Source:0)\n\tat com.google.firebase.messaging.b.run(Unknown Source:6)\n\tat java.util.concurrent.ThreadPoolExecutor.runWorker(ThreadPoolExecutor.java:1137)\n\tat java.util.concurrent.ThreadPoolExecutor$Worker.run(ThreadPoolExecutor.java:637)\n\tat com.google.android.gms.common.util.concurrent.zza.run(Unknown Source:6)\n\tat java.lang.Thread.run(Thread.java:1012)\n"
},
{
    "type": "log",
    "source": "class",
    "method": "run$android_sdk_base_release$default",
    "package_name": "com.fanduel.casino",
    "class_name": "com.braze.Braze",
    "timestamp": 1728284045730,
    "ref": "<class: com.braze.Braze>",
    "arguments": "{\"0\":\"<instance: com.braze.Braze>\",\"1\":\"<instance: kotlin.jvm.functions.Function0, $className: bo.app.u4>\",\"2\":false,\"3\":false,\"4\":\"<instance: kotlin.jvm.functions.Function0, $className: bo.app.x4>\",\"5\":6,\"6\":null}",
    "stack_trace": "java.lang.Exception\n\tat com.braze.Braze.run$android_sdk_base_release$default(Native Method)\n\tat com.braze.Braze.setRegisteredPushToken(Unknown Source:15)\n\tat com.braze.Braze.setRegisteredPushToken(Native Method)\n\tat com.braze.push.BrazeFirebaseMessagingService.onNewToken(Unknown Source:75)\n\tat com.google.firebase.messaging.FirebaseMessagingService.handleIntent(Unknown Source:35)\n\tat com.google.firebase.messaging.EnhancedIntentService.lambda$processIntent$0(Unknown Source:1)\n\tat com.google.firebase.messaging.EnhancedIntentService.a(Unknown Source:0)\n\tat com.google.firebase.messaging.b.run(Unknown Source:6)\n\tat java.util.concurrent.ThreadPoolExecutor.runWorker(ThreadPoolExecutor.java:1137)\n\tat java.util.concurrent.ThreadPoolExecutor$Worker.run(ThreadPoolExecutor.java:637)\n\tat com.google.android.gms.common.util.concurrent.zza.run(Unknown Source:6)\n\tat java.lang.Thread.run(Thread.java:1012)\n"
},
{
    "type": "log",
    "source": "class",
    "method": "run$android_sdk_base_release",
    "package_name": "com.fanduel.casino",
    "class_name": "com.braze.Braze",
    "timestamp": 1728284045738,
    "ref": "com.braze.Braze@64b68f4",
    "arguments": "{\"0\":\"<instance: kotlin.jvm.functions.Function0, $className: bo.app.u4>\",\"1\":true,\"2\":true,\"3\":\"<instance: kotlin.jvm.functions.Function0, $className: bo.app.x4>\"}",
    "stack_trace": "java.lang.Exception\n\tat com.braze.Braze.run$android_sdk_base_release(Native Method)\n\tat com.braze.Braze.run$android_sdk_base_release$default(Unknown Source:11)\n\tat com.braze.Braze.run$android_sdk_base_release$default(Native Method)\n\tat com.braze.Braze.setRegisteredPushToken(Unknown Source:15)\n\tat com.braze.Braze.setRegisteredPushToken(Native Method)\n\tat com.braze.push.BrazeFirebaseMessagingService.onNewToken(Unknown Source:75)\n\tat com.google.firebase.messaging.FirebaseMessagingService.handleIntent(Unknown Source:35)\n\tat com.google.firebase.messaging.EnhancedIntentService.lambda$processIntent$0(Unknown Source:1)\n\tat com.google.firebase.messaging.EnhancedIntentService.a(Unknown Source:0)\n\tat com.google.firebase.messaging.b.run(Unknown Source:6)\n\tat java.util.concurrent.ThreadPoolExecutor.runWorker(ThreadPoolExecutor.java:1137)\n\tat java.util.concurrent.ThreadPoolExecutor$Worker.run(ThreadPoolExecutor.java:637)\n\tat com.google.android.gms.common.util.concurrent.zza.run(Unknown Source:6)\n\tat java.lang.Thread.run(Thread.java:1012)\n"
},
{
    "type": "log",
    "source": "class",
    "method": "access$getSdkEnablementProvider$cp",
    "package_name": "com.fanduel.casino",
    "class_name": "com.braze.Braze",
    "timestamp": 1728284045745,
    "ref": "<class: com.braze.Braze>",
    "arguments": "{}",
    "stack_trace": "java.lang.Exception\n\tat com.braze.Braze.access$getSdkEnablementProvider$cp(Native Method)\n\tat com.braze.Braze$Companion.getSdkEnablementProvider$android_sdk_base_release(Unknown Source:0)\n\tat com.braze.Braze$Companion.isDisabled(Unknown Source:0)\n\tat com.braze.Braze.run$android_sdk_base_release(Unknown Source:14)\n\tat com.braze.Braze.run$android_sdk_base_release(Native Method)\n\tat com.braze.Braze.run$android_sdk_base_release$default(Unknown Source:11)\n\tat com.braze.Braze.run$android_sdk_base_release$default(Native Method)\n\tat com.braze.Braze.setRegisteredPushToken(Unknown Source:15)\n\tat com.braze.Braze.setRegisteredPushToken(Native Method)\n\tat com.braze.push.BrazeFirebaseMessagingService.onNewToken(Unknown Source:75)\n\tat com.google.firebase.messaging.FirebaseMessagingService.handleIntent(Unknown Source:35)\n\tat com.google.firebase.messaging.EnhancedIntentService.lambda$processIntent$0(Unknown Source:1)\n\tat com.google.firebase.messaging.EnhancedIntentService.a(Unknown Source:0)\n\tat com.google.firebase.messaging.b.run(Unknown Source:6)\n\tat java.util.concurrent.ThreadPoolExecutor.runWorker(ThreadPoolExecutor.java:1137)\n\tat java.util.concurrent.ThreadPoolExecutor$Worker.run(ThreadPoolExecutor.java:637)\n\tat com.google.android.gms.common.util.concurrent.zza.run(Unknown Source:6)\n\tat java.lang.Thread.run(Thread.java:1012)\n"
},
{
    "type": "log",
    "source": "class",
    "method": "access$getInstance$cp",
    "package_name": "com.fanduel.casino",
    "class_name": "com.braze.Braze",
    "timestamp": 1728284045758,
    "ref": "<class: com.braze.Braze>",
    "arguments": "{}",
    "stack_trace": "java.lang.Exception\n\tat com.braze.Braze.access$getInstance$cp(Native Method)\n\tat com.braze.Braze$Companion.isDisabled(Unknown Source:20)\n\tat com.braze.Braze.run$android_sdk_base_release(Unknown Source:14)\n\tat com.braze.Braze.run$android_sdk_base_release(Native Method)\n\tat com.braze.Braze.run$android_sdk_base_release$default(Unknown Source:11)\n\tat com.braze.Braze.run$android_sdk_base_release$default(Native Method)\n\tat com.braze.Braze.setRegisteredPushToken(Unknown Source:15)\n\tat com.braze.Braze.setRegisteredPushToken(Native Method)\n\tat com.braze.push.BrazeFirebaseMessagingService.onNewToken(Unknown Source:75)\n\tat com.google.firebase.messaging.FirebaseMessagingService.handleIntent(Unknown Source:35)\n\tat com.google.firebase.messaging.EnhancedIntentService.lambda$processIntent$0(Unknown Source:1)\n\tat com.google.firebase.messaging.EnhancedIntentService.a(Unknown Source:0)\n\tat com.google.firebase.messaging.b.run(Unknown Source:6)\n\tat java.util.concurrent.ThreadPoolExecutor.runWorker(ThreadPoolExecutor.java:1137)\n\tat java.util.concurrent.ThreadPoolExecutor$Worker.run(ThreadPoolExecutor.java:637)\n\tat com.google.android.gms.common.util.concurrent.zza.run(Unknown Source:6)\n\tat java.lang.Thread.run(Thread.java:1012)\n"
},
{
    "type": "log",
    "source": "class",
    "method": "isApiKeyPresent$android_sdk_base_release",
    "package_name": "com.fanduel.casino",
    "class_name": "com.braze.Braze",
    "timestamp": 1728284045767,
    "ref": "com.braze.Braze@64b68f4",
    "arguments": "{}",
    "stack_trace": "java.lang.Exception\n\tat com.braze.Braze.isApiKeyPresent$android_sdk_base_release(Native Method)\n\tat com.braze.Braze$Companion.isDisabled(Unknown Source:28)\n\tat com.braze.Braze.run$android_sdk_base_release(Unknown Source:14)\n\tat com.braze.Braze.run$android_sdk_base_release(Native Method)\n\tat com.braze.Braze.run$android_sdk_base_release$default(Unknown Source:11)\n\tat com.braze.Braze.run$android_sdk_base_release$default(Native Method)\n\tat com.braze.Braze.setRegisteredPushToken(Unknown Source:15)\n\tat com.braze.Braze.setRegisteredPushToken(Native Method)\n\tat com.braze.push.BrazeFirebaseMessagingService.onNewToken(Unknown Source:75)\n\tat com.google.firebase.messaging.FirebaseMessagingService.handleIntent(Unknown Source:35)\n\tat com.google.firebase.messaging.EnhancedIntentService.lambda$processIntent$0(Unknown Source:1)\n\tat com.google.firebase.messaging.EnhancedIntentService.a(Unknown Source:0)\n\tat com.google.firebase.messaging.b.run(Unknown Source:6)\n\tat java.util.concurrent.ThreadPoolExecutor.runWorker(ThreadPoolExecutor.java:1137)\n\tat java.util.concurrent.ThreadPoolExecutor$Worker.run(ThreadPoolExecutor.java:637)\n\tat com.google.android.gms.common.util.concurrent.zza.run(Unknown Source:6)\n\tat java.lang.Thread.run(Thread.java:1012)\n"
},
{
    "type": "log",
    "source": "class",
    "method": "access$getRegistrationDataProvider$p",
    "package_name": "com.fanduel.casino",
    "class_name": "com.braze.Braze",
    "timestamp": 1728284045782,
    "ref": "<class: com.braze.Braze>",
    "arguments": "{\"0\":\"<instance: com.braze.Braze>\"}",
    "stack_trace": "java.lang.Exception\n\tat com.braze.Braze.access$getRegistrationDataProvider$p(Native Method)\n\tat bo.app.x4.invoke(Unknown Source:33)\n\tat bo.app.e6.invokeSuspend(Unknown Source:42)\n\tat nj.a.resumeWith(Unknown Source:12)\n\tat jm.m0.run(Unknown Source:118)\n\tat jm.x0.i0(Unknown Source:138)\n\tat ab.b.w0(Unknown Source:67)\n\tat bo.app.f6.invokeSuspend(Unknown Source:20)\n\tat nj.a.resumeWith(Unknown Source:12)\n\tat jm.m0.run(Unknown Source:118)\n\tat java.util.concurrent.ThreadPoolExecutor.runWorker(ThreadPoolExecutor.java:1137)\n\tat java.util.concurrent.ThreadPoolExecutor$Worker.run(ThreadPoolExecutor.java:637)\n\tat java.lang.Thread.run(Thread.java:1012)\n"
},
{
    "type": "log",
    "source": "class",
    "method": "getUdm$android_sdk_base_release",
    "package_name": "com.fanduel.casino",
    "class_name": "com.braze.Braze",
    "timestamp": 1728284045790,
    "ref": "com.braze.Braze@64b68f4",
    "arguments": "{}",
    "stack_trace": "java.lang.Exception\n\tat com.braze.Braze.getUdm$android_sdk_base_release(Native Method)\n\tat bo.app.x4.invoke(Unknown Source:48)\n\tat bo.app.e6.invokeSuspend(Unknown Source:42)\n\tat nj.a.resumeWith(Unknown Source:12)\n\tat jm.m0.run(Unknown Source:118)\n\tat jm.x0.i0(Unknown Source:138)\n\tat ab.b.w0(Unknown Source:67)\n\tat bo.app.f6.invokeSuspend(Unknown Source:20)\n\tat nj.a.resumeWith(Unknown Source:12)\n\tat jm.m0.run(Unknown Source:118)\n\tat java.util.concurrent.ThreadPoolExecutor.runWorker(ThreadPoolExecutor.java:1137)\n\tat java.util.concurrent.ThreadPoolExecutor$Worker.run(ThreadPoolExecutor.java:637)\n\tat java.lang.Thread.run(Thread.java:1012)\n"
},
{
    "type": "log",
    "source": "class",
    "method": "requestImmediateDataFlush",
    "package_name": "com.fanduel.casino",
    "class_name": "com.braze.Braze",
    "timestamp": 1728284045798,
    "ref": "com.braze.Braze@64b68f4",
    "arguments": "{}",
    "stack_trace": "java.lang.Exception\n\tat com.braze.Braze.requestImmediateDataFlush(Native Method)\n\tat bo.app.x4.invoke(Unknown Source:63)\n\tat bo.app.e6.invokeSuspend(Unknown Source:42)\n\tat nj.a.resumeWith(Unknown Source:12)\n\tat jm.m0.run(Unknown Source:118)\n\tat jm.x0.i0(Unknown Source:138)\n\tat ab.b.w0(Unknown Source:67)\n\tat bo.app.f6.invokeSuspend(Unknown Source:20)\n\tat nj.a.resumeWith(Unknown Source:12)\n\tat jm.m0.run(Unknown Source:118)\n\tat java.util.concurrent.ThreadPoolExecutor.runWorker(ThreadPoolExecutor.java:1137)\n\tat java.util.concurrent.ThreadPoolExecutor$Worker.run(ThreadPoolExecutor.java:637)\n\tat java.lang.Thread.run(Thread.java:1012)\n"
},
{
    "type": "log",
    "source": "class",
    "method": "run$android_sdk_base_release$default",
    "package_name": "com.fanduel.casino",
    "class_name": "com.braze.Braze",
    "timestamp": 1728284045807,
    "ref": "<class: com.braze.Braze>",
    "arguments": "{\"0\":\"<instance: com.braze.Braze>\",\"1\":\"<instance: kotlin.jvm.functions.Function0, $className: bo.app.v5>\",\"2\":false,\"3\":false,\"4\":\"<instance: kotlin.jvm.functions.Function0, $className: bo.app.x5>\",\"5\":6,\"6\":null}",
    "stack_trace": "java.lang.Exception\n\tat com.braze.Braze.run$android_sdk_base_release$default(Native Method)\n\tat com.braze.Braze.requestImmediateDataFlush(Unknown Source:12)\n\tat com.braze.Braze.requestImmediateDataFlush(Native Method)\n\tat bo.app.x4.invoke(Unknown Source:63)\n\tat bo.app.e6.invokeSuspend(Unknown Source:42)\n\tat nj.a.resumeWith(Unknown Source:12)\n\tat jm.m0.run(Unknown Source:118)\n\tat jm.x0.i0(Unknown Source:138)\n\tat ab.b.w0(Unknown Source:67)\n\tat bo.app.f6.invokeSuspend(Unknown Source:20)\n\tat nj.a.resumeWith(Unknown Source:12)\n\tat jm.m0.run(Unknown Source:118)\n\tat java.util.concurrent.ThreadPoolExecutor.runWorker(ThreadPoolExecutor.java:1137)\n\tat java.util.concurrent.ThreadPoolExecutor$Worker.run(ThreadPoolExecutor.java:637)\n\tat java.lang.Thread.run(Thread.java:1012)\n"
},
{
    "type": "log",
    "source": "class",
    "method": "run$android_sdk_base_release",
    "package_name": "com.fanduel.casino",
    "class_name": "com.braze.Braze",
    "timestamp": 1728284045811,
    "ref": "com.braze.Braze@64b68f4",
    "arguments": "{\"0\":\"<instance: kotlin.jvm.functions.Function0, $className: bo.app.v5>\",\"1\":true,\"2\":true,\"3\":\"<instance: kotlin.jvm.functions.Function0, $className: bo.app.x5>\"}",
    "stack_trace": "java.lang.Exception\n\tat com.braze.Braze.run$android_sdk_base_release(Native Method)\n\tat com.braze.Braze.run$android_sdk_base_release$default(Unknown Source:11)\n\tat com.braze.Braze.run$android_sdk_base_release$default(Native Method)\n\tat com.braze.Braze.requestImmediateDataFlush(Unknown Source:12)\n\tat com.braze.Braze.requestImmediateDataFlush(Native Method)\n\tat bo.app.x4.invoke(Unknown Source:63)\n\tat bo.app.e6.invokeSuspend(Unknown Source:42)\n\tat nj.a.resumeWith(Unknown Source:12)\n\tat jm.m0.run(Unknown Source:118)\n\tat jm.x0.i0(Unknown Source:138)\n\tat ab.b.w0(Unknown Source:67)\n\tat bo.app.f6.invokeSuspend(Unknown Source:20)\n\tat nj.a.resumeWith(Unknown Source:12)\n\tat jm.m0.run(Unknown Source:118)\n\tat java.util.concurrent.ThreadPoolExecutor.runWorker(ThreadPoolExecutor.java:1137)\n\tat java.util.concurrent.ThreadPoolExecutor$Worker.run(ThreadPoolExecutor.java:637)\n\tat java.lang.Thread.run(Thread.java:1012)\n"
},
{
    "type": "log",
    "source": "class",
    "method": "access$getSdkEnablementProvider$cp",
    "package_name": "com.fanduel.casino",
    "class_name": "com.braze.Braze",
    "timestamp": 1728284045818,
    "ref": "<class: com.braze.Braze>",
    "arguments": "{}",
    "stack_trace": "java.lang.Exception\n\tat com.braze.Braze.access$getSdkEnablementProvider$cp(Native Method)\n\tat com.braze.Braze$Companion.getSdkEnablementProvider$android_sdk_base_release(Unknown Source:0)\n\tat com.braze.Braze$Companion.isDisabled(Unknown Source:0)\n\tat com.braze.Braze.run$android_sdk_base_release(Unknown Source:14)\n\tat com.braze.Braze.run$android_sdk_base_release(Native Method)\n\tat com.braze.Braze.run$android_sdk_base_release$default(Unknown Source:11)\n\tat com.braze.Braze.run$android_sdk_base_release$default(Native Method)\n\tat com.braze.Braze.requestImmediateDataFlush(Unknown Source:12)\n\tat com.braze.Braze.requestImmediateDataFlush(Native Method)\n\tat bo.app.x4.invoke(Unknown Source:63)\n\tat bo.app.e6.invokeSuspend(Unknown Source:42)\n\tat nj.a.resumeWith(Unknown Source:12)\n\tat jm.m0.run(Unknown Source:118)\n\tat jm.x0.i0(Unknown Source:138)\n\tat ab.b.w0(Unknown Source:67)\n\tat bo.app.f6.invokeSuspend(Unknown Source:20)\n\tat nj.a.resumeWith(Unknown Source:12)\n\tat jm.m0.run(Unknown Source:118)\n\tat java.util.concurrent.ThreadPoolExecutor.runWorker(ThreadPoolExecutor.java:1137)\n\tat java.util.concurrent.ThreadPoolExecutor$Worker.run(ThreadPoolExecutor.java:637)\n\tat java.lang.Thread.run(Thread.java:1012)\n"
},
{
    "type": "log",
    "source": "class",
    "method": "access$getInstance$cp",
    "package_name": "com.fanduel.casino",
    "class_name": "com.braze.Braze",
    "timestamp": 1728284045826,
    "ref": "<class: com.braze.Braze>",
    "arguments": "{}",
    "stack_trace": "java.lang.Exception\n\tat com.braze.Braze.access$getInstance$cp(Native Method)\n\tat com.braze.Braze$Companion.isDisabled(Unknown Source:20)\n\tat com.braze.Braze.run$android_sdk_base_release(Unknown Source:14)\n\tat com.braze.Braze.run$android_sdk_base_release(Native Method)\n\tat com.braze.Braze.run$android_sdk_base_release$default(Unknown Source:11)\n\tat com.braze.Braze.run$android_sdk_base_release$default(Native Method)\n\tat com.braze.Braze.requestImmediateDataFlush(Unknown Source:12)\n\tat com.braze.Braze.requestImmediateDataFlush(Native Method)\n\tat bo.app.x4.invoke(Unknown Source:63)\n\tat bo.app.e6.invokeSuspend(Unknown Source:42)\n\tat nj.a.resumeWith(Unknown Source:12)\n\tat jm.m0.run(Unknown Source:118)\n\tat jm.x0.i0(Unknown Source:138)\n\tat ab.b.w0(Unknown Source:67)\n\tat bo.app.f6.invokeSuspend(Unknown Source:20)\n\tat nj.a.resumeWith(Unknown Source:12)\n\tat jm.m0.run(Unknown Source:118)\n\tat java.util.concurrent.ThreadPoolExecutor.runWorker(ThreadPoolExecutor.java:1137)\n\tat java.util.concurrent.ThreadPoolExecutor$Worker.run(ThreadPoolExecutor.java:637)\n\tat java.lang.Thread.run(Thread.java:1012)\n"
},
{
    "type": "log",
    "source": "class",
    "method": "isApiKeyPresent$android_sdk_base_release",
    "package_name": "com.fanduel.casino",
    "class_name": "com.braze.Braze",
    "timestamp": 1728284045833,
    "ref": "com.braze.Braze@64b68f4",
    "arguments": "{}",
    "stack_trace": "java.lang.Exception\n\tat com.braze.Braze.isApiKeyPresent$android_sdk_base_release(Native Method)\n\tat com.braze.Braze$Companion.isDisabled(Unknown Source:28)\n\tat com.braze.Braze.run$android_sdk_base_release(Unknown Source:14)\n\tat com.braze.Braze.run$android_sdk_base_release(Native Method)\n\tat com.braze.Braze.run$android_sdk_base_release$default(Unknown Source:11)\n\tat com.braze.Braze.run$android_sdk_base_release$default(Native Method)\n\tat com.braze.Braze.requestImmediateDataFlush(Unknown Source:12)\n\tat com.braze.Braze.requestImmediateDataFlush(Native Method)\n\tat bo.app.x4.invoke(Unknown Source:63)\n\tat bo.app.e6.invokeSuspend(Unknown Source:42)\n\tat nj.a.resumeWith(Unknown Source:12)\n\tat jm.m0.run(Unknown Source:118)\n\tat jm.x0.i0(Unknown Source:138)\n\tat ab.b.w0(Unknown Source:67)\n\tat bo.app.f6.invokeSuspend(Unknown Source:20)\n\tat nj.a.resumeWith(Unknown Source:12)\n\tat jm.m0.run(Unknown Source:118)\n\tat java.util.concurrent.ThreadPoolExecutor.runWorker(ThreadPoolExecutor.java:1137)\n\tat java.util.concurrent.ThreadPoolExecutor$Worker.run(ThreadPoolExecutor.java:637)\n\tat java.lang.Thread.run(Thread.java:1012)\n"
},
{
    "type": "log",
    "source": "class",
    "method": "getUdm$android_sdk_base_release",
    "package_name": "com.fanduel.casino",
    "class_name": "com.braze.Braze",
    "timestamp": 1728284045847,
    "ref": "com.braze.Braze@64b68f4",
    "arguments": "{}",
    "stack_trace": "java.lang.Exception\n\tat com.braze.Braze.getUdm$android_sdk_base_release(Native Method)\n\tat bo.app.x5.invoke(Unknown Source:16)\n\tat bo.app.e6.invokeSuspend(Unknown Source:42)\n\tat nj.a.resumeWith(Unknown Source:12)\n\tat jm.m0.run(Unknown Source:118)\n\tat jm.x0.i0(Unknown Source:138)\n\tat ab.b.w0(Unknown Source:67)\n\tat bo.app.f6.invokeSuspend(Unknown Source:20)\n\tat nj.a.resumeWith(Unknown Source:12)\n\tat jm.m0.run(Unknown Source:118)\n\tat java.util.concurrent.ThreadPoolExecutor.runWorker(ThreadPoolExecutor.java:1137)\n\tat java.util.concurrent.ThreadPoolExecutor$Worker.run(ThreadPoolExecutor.java:637)\n\tat java.lang.Thread.run(Thread.java:1012)\n"
},
{
    "type": "log",
    "source": "class",
    "method": "access$getEndpointProviderLock$cp",
    "package_name": "com.fanduel.casino",
    "class_name": "com.braze.Braze",
    "timestamp": 1728284045961,
    "ref": "<class: com.braze.Braze>",
    "arguments": "{}",
    "stack_trace": "java.lang.Exception\n\tat com.braze.Braze.access$getEndpointProviderLock$cp(Native Method)\n\tat com.braze.Braze$Companion.getApiEndpoint(Unknown Source:5)\n\tat bo.app.lg.e(Unknown Source:8)\n\tat bo.app.g60.a(SourceFile:16)\n\tat bo.app.f60.invokeSuspend(Unknown Source:11)\n\tat nj.a.resumeWith(Unknown Source:12)\n\tat jm.m0.run(Unknown Source:118)\n\tat jm.b2.run(Unknown Source:32)\n\tat qm.k.run(Unknown Source:2)\n\tat qm.b.run(Unknown Source:95)\n"
},
{
    "type": "log",
    "source": "class",
    "method": "access$getEndpointProvider$cp",
    "package_name": "com.fanduel.casino",
    "class_name": "com.braze.Braze",
    "timestamp": 1728284045974,
    "ref": "<class: com.braze.Braze>",
    "arguments": "{}",
    "stack_trace": "java.lang.Exception\n\tat com.braze.Braze.access$getEndpointProvider$cp(Native Method)\n\tat com.braze.Braze$Companion.getApiEndpoint(Unknown Source:12)\n\tat bo.app.lg.e(Unknown Source:8)\n\tat bo.app.g60.a(SourceFile:16)\n\tat bo.app.f60.invokeSuspend(Unknown Source:11)\n\tat nj.a.resumeWith(Unknown Source:12)\n\tat jm.m0.run(Unknown Source:118)\n\tat jm.b2.run(Unknown Source:32)\n\tat qm.k.run(Unknown Source:2)\n\tat qm.b.run(Unknown Source:95)\n"
},
{
    "type": "log",
    "source": "class",
    "method": "access$getEndpointProviderLock$cp",
    "package_name": "com.fanduel.casino",
    "class_name": "com.braze.Braze",
    "timestamp": 1728284046342,
    "ref": "<class: com.braze.Braze>",
    "arguments": "{}",
    "stack_trace": "java.lang.Exception\n\tat com.braze.Braze.access$getEndpointProviderLock$cp(Native Method)\n\tat com.braze.Braze$Companion.getApiEndpoint(Unknown Source:5)\n\tat bo.app.lg.e(Unknown Source:8)\n\tat bo.app.g60.a(SourceFile:36)\n\tat bo.app.f60.invokeSuspend(Unknown Source:11)\n\tat nj.a.resumeWith(Unknown Source:12)\n\tat jm.m0.run(Unknown Source:118)\n\tat jm.b2.run(Unknown Source:32)\n\tat qm.k.run(Unknown Source:2)\n\tat qm.b.run(Unknown Source:95)\n"
},
{
    "type": "log",
    "source": "class",
    "method": "access$getEndpointProvider$cp",
    "package_name": "com.fanduel.casino",
    "class_name": "com.braze.Braze",
    "timestamp": 1728284046345,
    "ref": "<class: com.braze.Braze>",
    "arguments": "{}",
    "stack_trace": "java.lang.Exception\n\tat com.braze.Braze.access$getEndpointProvider$cp(Native Method)\n\tat com.braze.Braze$Companion.getApiEndpoint(Unknown Source:12)\n\tat bo.app.lg.e(Unknown Source:8)\n\tat bo.app.g60.a(SourceFile:36)\n\tat bo.app.f60.invokeSuspend(Unknown Source:11)\n\tat nj.a.resumeWith(Unknown Source:12)\n\tat jm.m0.run(Unknown Source:118)\n\tat jm.b2.run(Unknown Source:32)\n\tat qm.k.run(Unknown Source:2)\n\tat qm.b.run(Unknown Source:95)\n"
},
{
    "type": "log",
    "source": "class",
    "method": "getInstance",
    "package_name": "com.fanduel.casino",
    "class_name": "com.appsflyer.AppsFlyerLib",
    "timestamp": 1728284056834,
    "ref": "<class: com.appsflyer.AppsFlyerLib>",
    "arguments": "{}",
    "stack_trace": "java.lang.Exception\n\tat com.appsflyer.AppsFlyerLib.getInstance(Native Method)\n\tat com.appsflyer.internal.AFe1sSDK$AFa1tSDK.AFInAppEventType(Unknown Source:7)\n\tat com.appsflyer.internal.AFe1sSDK.AFInAppEventType(Unknown Source:13)\n\tat com.appsflyer.internal.AFe1wSDK.AFInAppEventParameterName(SourceFile:42)\n\tat com.appsflyer.internal.AFg1tSDK.values(SourceFile:6)\n\tat com.appsflyer.internal.AFf1rSDK.values(SourceFile:8)\n\tat com.appsflyer.internal.AFg1tSDK.values(SourceFile:15)\n\tat com.appsflyer.internal.AFe1dSDK.e(Unknown Source:24)\n\tat com.appsflyer.internal.AFe1cSDK$1.run(Unknown Source:107)\n\tat java.util.concurrent.Executors$RunnableAdapter.call(Executors.java:463)\n\tat java.util.concurrent.FutureTask.run(FutureTask.java:264)\n\tat java.util.concurrent.ThreadPoolExecutor.runWorker(ThreadPoolExecutor.java:1137)\n\tat java.util.concurrent.ThreadPoolExecutor$Worker.run(ThreadPoolExecutor.java:637)\n\tat java.lang.Thread.run(Thread.java:1012)\n"
},
{
    "type": "log",
    "source": "class",
    "method": "access$getInstance$cp",
    "package_name": "com.fanduel.casino",
    "class_name": "com.braze.Braze",
    "timestamp": 1728284072279,
    "ref": "<class: com.braze.Braze>",
    "arguments": "{}",
    "stack_trace": "java.lang.Exception\n\tat com.braze.Braze.access$getInstance$cp(Native Method)\n\tat com.braze.Braze$Companion.shouldAllowSingletonInitialization(Unknown Source:0)\n\tat com.braze.Braze$Companion.getInstance(Unknown Source:5)\n\tat bo.app.fn.invokeSuspend(Unknown Source:74)\n\tat nj.a.resumeWith(Unknown Source:12)\n\tat jm.m0.run(Unknown Source:118)\n\tat jm.b2.run(Unknown Source:32)\n\tat qm.k.run(Unknown Source:2)\n\tat qm.b.run(Unknown Source:95)\n"
},
{
    "type": "log",
    "source": "class",
    "method": "access$isInstanceStopped$p",
    "package_name": "com.fanduel.casino",
    "class_name": "com.braze.Braze",
    "timestamp": 1728284072281,
    "ref": "<class: com.braze.Braze>",
    "arguments": "{\"0\":\"<instance: com.braze.Braze>\"}",
    "stack_trace": "java.lang.Exception\n\tat com.braze.Braze.access$isInstanceStopped$p(Native Method)\n\tat com.braze.Braze$Companion.shouldAllowSingletonInitialization(Unknown Source:21)\n\tat com.braze.Braze$Companion.getInstance(Unknown Source:5)\n\tat bo.app.fn.invokeSuspend(Unknown Source:74)\n\tat nj.a.resumeWith(Unknown Source:12)\n\tat jm.m0.run(Unknown Source:118)\n\tat jm.b2.run(Unknown Source:32)\n\tat qm.k.run(Unknown Source:2)\n\tat qm.b.run(Unknown Source:95)\n"
},
{
    "type": "log",
    "source": "class",
    "method": "isApiKeyPresent$android_sdk_base_release",
    "package_name": "com.fanduel.casino",
    "class_name": "com.braze.Braze",
    "timestamp": 1728284072284,
    "ref": "com.braze.Braze@64b68f4",
    "arguments": "{}",
    "stack_trace": "java.lang.Exception\n\tat com.braze.Braze.isApiKeyPresent$android_sdk_base_release(Native Method)\n\tat com.braze.Braze$Companion.shouldAllowSingletonInitialization(Unknown Source:42)\n\tat com.braze.Braze$Companion.getInstance(Unknown Source:5)\n\tat bo.app.fn.invokeSuspend(Unknown Source:74)\n\tat nj.a.resumeWith(Unknown Source:12)\n\tat jm.m0.run(Unknown Source:118)\n\tat jm.b2.run(Unknown Source:32)\n\tat qm.k.run(Unknown Source:2)\n\tat qm.b.run(Unknown Source:95)\n"
},
{
    "type": "log",
    "source": "class",
    "method": "access$getInstance$cp",
    "package_name": "com.fanduel.casino",
    "class_name": "com.braze.Braze",
    "timestamp": 1728284072286,
    "ref": "<class: com.braze.Braze>",
    "arguments": "{}",
    "stack_trace": "java.lang.Exception\n\tat com.braze.Braze.access$getInstance$cp(Native Method)\n\tat com.braze.Braze$Companion.getInstance(Unknown Source:54)\n\tat bo.app.fn.invokeSuspend(Unknown Source:74)\n\tat nj.a.resumeWith(Unknown Source:12)\n\tat jm.m0.run(Unknown Source:118)\n\tat jm.b2.run(Unknown Source:32)\n\tat qm.k.run(Unknown Source:2)\n\tat qm.b.run(Unknown Source:95)\n"
},
{
    "type": "log",
    "source": "class",
    "method": "requestImmediateDataFlush",
    "package_name": "com.fanduel.casino",
    "class_name": "com.braze.Braze",
    "timestamp": 1728284072288,
    "ref": "com.braze.Braze@64b68f4",
    "arguments": "{}",
    "stack_trace": "java.lang.Exception\n\tat com.braze.Braze.requestImmediateDataFlush(Native Method)\n\tat bo.app.fn.invokeSuspend(Unknown Source:78)\n\tat nj.a.resumeWith(Unknown Source:12)\n\tat jm.m0.run(Unknown Source:118)\n\tat jm.b2.run(Unknown Source:32)\n\tat qm.k.run(Unknown Source:2)\n\tat qm.b.run(Unknown Source:95)\n"
},
{
    "type": "log",
    "source": "class",
    "method": "run$android_sdk_base_release$default",
    "package_name": "com.fanduel.casino",
    "class_name": "com.braze.Braze",
    "timestamp": 1728284072290,
    "ref": "<class: com.braze.Braze>",
    "arguments": "{\"0\":\"<instance: com.braze.Braze>\",\"1\":\"<instance: kotlin.jvm.functions.Function0, $className: bo.app.v5>\",\"2\":false,\"3\":false,\"4\":\"<instance: kotlin.jvm.functions.Function0, $className: bo.app.x5>\",\"5\":6,\"6\":null}",
    "stack_trace": "java.lang.Exception\n\tat com.braze.Braze.run$android_sdk_base_release$default(Native Method)\n\tat com.braze.Braze.requestImmediateDataFlush(Unknown Source:12)\n\tat com.braze.Braze.requestImmediateDataFlush(Native Method)\n\tat bo.app.fn.invokeSuspend(Unknown Source:78)\n\tat nj.a.resumeWith(Unknown Source:12)\n\tat jm.m0.run(Unknown Source:118)\n\tat jm.b2.run(Unknown Source:32)\n\tat qm.k.run(Unknown Source:2)\n\tat qm.b.run(Unknown Source:95)\n"
},
{
    "type": "log",
    "source": "class",
    "method": "run$android_sdk_base_release",
    "package_name": "com.fanduel.casino",
    "class_name": "com.braze.Braze",
    "timestamp": 1728284072293,
    "ref": "com.braze.Braze@64b68f4",
    "arguments": "{\"0\":\"<instance: kotlin.jvm.functions.Function0, $className: bo.app.v5>\",\"1\":true,\"2\":true,\"3\":\"<instance: kotlin.jvm.functions.Function0, $className: bo.app.x5>\"}",
    "stack_trace": "java.lang.Exception\n\tat com.braze.Braze.run$android_sdk_base_release(Native Method)\n\tat com.braze.Braze.run$android_sdk_base_release$default(Unknown Source:11)\n\tat com.braze.Braze.run$android_sdk_base_release$default(Native Method)\n\tat com.braze.Braze.requestImmediateDataFlush(Unknown Source:12)\n\tat com.braze.Braze.requestImmediateDataFlush(Native Method)\n\tat bo.app.fn.invokeSuspend(Unknown Source:78)\n\tat nj.a.resumeWith(Unknown Source:12)\n\tat jm.m0.run(Unknown Source:118)\n\tat jm.b2.run(Unknown Source:32)\n\tat qm.k.run(Unknown Source:2)\n\tat qm.b.run(Unknown Source:95)\n"
},
{
    "type": "log",
    "source": "class",
    "method": "access$getSdkEnablementProvider$cp",
    "package_name": "com.fanduel.casino",
    "class_name": "com.braze.Braze",
    "timestamp": 1728284072295,
    "ref": "<class: com.braze.Braze>",
    "arguments": "{}",
    "stack_trace": "java.lang.Exception\n\tat com.braze.Braze.access$getSdkEnablementProvider$cp(Native Method)\n\tat com.braze.Braze$Companion.getSdkEnablementProvider$android_sdk_base_release(Unknown Source:0)\n\tat com.braze.Braze$Companion.isDisabled(Unknown Source:0)\n\tat com.braze.Braze.run$android_sdk_base_release(Unknown Source:14)\n\tat com.braze.Braze.run$android_sdk_base_release(Native Method)\n\tat com.braze.Braze.run$android_sdk_base_release$default(Unknown Source:11)\n\tat com.braze.Braze.run$android_sdk_base_release$default(Native Method)\n\tat com.braze.Braze.requestImmediateDataFlush(Unknown Source:12)\n\tat com.braze.Braze.requestImmediateDataFlush(Native Method)\n\tat bo.app.fn.invokeSuspend(Unknown Source:78)\n\tat nj.a.resumeWith(Unknown Source:12)\n\tat jm.m0.run(Unknown Source:118)\n\tat jm.b2.run(Unknown Source:32)\n\tat qm.k.run(Unknown Source:2)\n\tat qm.b.run(Unknown Source:95)\n"
},
{
    "type": "log",
    "source": "class",
    "method": "access$getInstance$cp",
    "package_name": "com.fanduel.casino",
    "class_name": "com.braze.Braze",
    "timestamp": 1728284072298,
    "ref": "<class: com.braze.Braze>",
    "arguments": "{}",
    "stack_trace": "java.lang.Exception\n\tat com.braze.Braze.access$getInstance$cp(Native Method)\n\tat com.braze.Braze$Companion.isDisabled(Unknown Source:20)\n\tat com.braze.Braze.run$android_sdk_base_release(Unknown Source:14)\n\tat com.braze.Braze.run$android_sdk_base_release(Native Method)\n\tat com.braze.Braze.run$android_sdk_base_release$default(Unknown Source:11)\n\tat com.braze.Braze.run$android_sdk_base_release$default(Native Method)\n\tat com.braze.Braze.requestImmediateDataFlush(Unknown Source:12)\n\tat com.braze.Braze.requestImmediateDataFlush(Native Method)\n\tat bo.app.fn.invokeSuspend(Unknown Source:78)\n\tat nj.a.resumeWith(Unknown Source:12)\n\tat jm.m0.run(Unknown Source:118)\n\tat jm.b2.run(Unknown Source:32)\n\tat qm.k.run(Unknown Source:2)\n\tat qm.b.run(Unknown Source:95)\n"
},
{
    "type": "log",
    "source": "class",
    "method": "isApiKeyPresent$android_sdk_base_release",
    "package_name": "com.fanduel.casino",
    "class_name": "com.braze.Braze",
    "timestamp": 1728284072301,
    "ref": "com.braze.Braze@64b68f4",
    "arguments": "{}",
    "stack_trace": "java.lang.Exception\n\tat com.braze.Braze.isApiKeyPresent$android_sdk_base_release(Native Method)\n\tat com.braze.Braze$Companion.isDisabled(Unknown Source:28)\n\tat com.braze.Braze.run$android_sdk_base_release(Unknown Source:14)\n\tat com.braze.Braze.run$android_sdk_base_release(Native Method)\n\tat com.braze.Braze.run$android_sdk_base_release$default(Unknown Source:11)\n\tat com.braze.Braze.run$android_sdk_base_release$default(Native Method)\n\tat com.braze.Braze.requestImmediateDataFlush(Unknown Source:12)\n\tat com.braze.Braze.requestImmediateDataFlush(Native Method)\n\tat bo.app.fn.invokeSuspend(Unknown Source:78)\n\tat nj.a.resumeWith(Unknown Source:12)\n\tat jm.m0.run(Unknown Source:118)\n\tat jm.b2.run(Unknown Source:32)\n\tat qm.k.run(Unknown Source:2)\n\tat qm.b.run(Unknown Source:95)\n"
},
{
    "type": "log",
    "source": "class",
    "method": "getUdm$android_sdk_base_release",
    "package_name": "com.fanduel.casino",
    "class_name": "com.braze.Braze",
    "timestamp": 1728284072305,
    "ref": "com.braze.Braze@64b68f4",
    "arguments": "{}",
    "stack_trace": "java.lang.Exception\n\tat com.braze.Braze.getUdm$android_sdk_base_release(Native Method)\n\tat bo.app.x5.invoke(Unknown Source:16)\n\tat bo.app.e6.invokeSuspend(Unknown Source:42)\n\tat nj.a.resumeWith(Unknown Source:12)\n\tat jm.m0.run(Unknown Source:118)\n\tat jm.x0.i0(Unknown Source:138)\n\tat ab.b.w0(Unknown Source:67)\n\tat bo.app.f6.invokeSuspend(Unknown Source:20)\n\tat nj.a.resumeWith(Unknown Source:12)\n\tat jm.m0.run(Unknown Source:118)\n\tat java.util.concurrent.ThreadPoolExecutor.runWorker(ThreadPoolExecutor.java:1137)\n\tat java.util.concurrent.ThreadPoolExecutor$Worker.run(ThreadPoolExecutor.java:637)\n\tat java.lang.Thread.run(Thread.java:1012)\n"
},
