{
    "type": "log",
    "source": "class",
    "method": "sdkInitialize",
    "package_name": "com.fambase.venus",
    "class_name": "com.facebook.FacebookSdk",
    "timestamp": 1728283767415,
    "ref": "<class: com.facebook.FacebookSdk>",
    "arguments": "{\"0\":\"<instance: android.content.Context, $className: com.fambase.venus.VenusApp>\"}",
    "stack_trace": "java.lang.Exception\n\tat com.facebook.FacebookSdk.sdkInitialize(Native Method)\n\tat com.facebook.internal.FacebookInitProvider.onCreate(FacebookInitProvider.java:22)\n\tat android.content.ContentProvider.attachInfo(ContentProvider.java:2468)\n\tat android.content.ContentProvider.attachInfo(ContentProvider.java:2433)\n\tat android.app.ActivityThread.installProvider(ActivityThread.java:7966)\n\tat android.app.ActivityThread.installContentProviders(ActivityThread.java:7477)\n\tat android.app.ActivityThread.handleBindApplication(ActivityThread.java:7205)\n\tat android.app.ActivityThread.handleBindApplication(Native Method)\n\tat android.app.ActivityThread.-$$Nest$mhandleBindApplication(Unknown Source:0)\n\tat android.app.ActivityThread$H.handleMessage(ActivityThread.java:2241)\n\tat android.os.Handler.dispatchMessage(Handler.java:106)\n\tat android.os.Looper.loopOnce(Looper.java:211)\n\tat android.os.Looper.loop(Looper.java:300)\n\tat android.app.ActivityThread.main(ActivityThread.java:8395)\n\tat java.lang.reflect.Method.invoke(Native Method)\n\tat com.android.internal.os.RuntimeInit$MethodAndArgsCaller.run(RuntimeInit.java:559)\n\tat com.android.internal.os.ZygoteInit.main(ZygoteInit.java:954)\n"
},
{
    "type": "log",
    "source": "class",
    "method": "sdkInitialize",
    "package_name": "com.fambase.venus",
    "class_name": "com.facebook.FacebookSdk",
    "timestamp": 1728283767424,
    "ref": "<class: com.facebook.FacebookSdk>",
    "arguments": "{\"0\":\"<instance: android.content.Context, $className: com.fambase.venus.VenusApp>\",\"1\":null}",
    "stack_trace": "java.lang.Exception\n\tat com.facebook.FacebookSdk.sdkInitialize(Native Method)\n\tat com.facebook.FacebookSdk.sdkInitialize(FacebookSdk.java:248)\n\tat com.facebook.FacebookSdk.sdkInitialize(Native Method)\n\tat com.facebook.internal.FacebookInitProvider.onCreate(FacebookInitProvider.java:22)\n\tat android.content.ContentProvider.attachInfo(ContentProvider.java:2468)\n\tat android.content.ContentProvider.attachInfo(ContentProvider.java:2433)\n\tat android.app.ActivityThread.installProvider(ActivityThread.java:7966)\n\tat android.app.ActivityThread.installContentProviders(ActivityThread.java:7477)\n\tat android.app.ActivityThread.handleBindApplication(ActivityThread.java:7205)\n\tat android.app.ActivityThread.handleBindApplication(Native Method)\n\tat android.app.ActivityThread.-$$Nest$mhandleBindApplication(Unknown Source:0)\n\tat android.app.ActivityThread$H.handleMessage(ActivityThread.java:2241)\n\tat android.os.Handler.dispatchMessage(Handler.java:106)\n\tat android.os.Looper.loopOnce(Looper.java:211)\n\tat android.os.Looper.loop(Looper.java:300)\n\tat android.app.ActivityThread.main(ActivityThread.java:8395)\n\tat java.lang.reflect.Method.invoke(Native Method)\n\tat com.android.internal.os.RuntimeInit$MethodAndArgsCaller.run(RuntimeInit.java:559)\n\tat com.android.internal.os.ZygoteInit.main(ZygoteInit.java:954)\n"
},
{
    "type": "log",
    "source": "class",
    "method": "loadDefaultsFromMetadata",
    "package_name": "com.fambase.venus",
    "class_name": "com.facebook.FacebookSdk",
    "timestamp": 1728283767438,
    "ref": "<class: com.facebook.FacebookSdk>",
    "arguments": "{\"0\":\"<instance: android.content.Context, $className: com.fambase.venus.VenusApp>\"}",
    "stack_trace": "java.lang.Exception\n\tat com.facebook.FacebookSdk.loadDefaultsFromMetadata(Native Method)\n\tat com.facebook.FacebookSdk.sdkInitialize(FacebookSdk.java:289)\n\tat com.facebook.FacebookSdk.sdkInitialize(Native Method)\n\tat com.facebook.FacebookSdk.sdkInitialize(FacebookSdk.java:248)\n\tat com.facebook.FacebookSdk.sdkInitialize(Native Method)\n\tat com.facebook.internal.FacebookInitProvider.onCreate(FacebookInitProvider.java:22)\n\tat android.content.ContentProvider.attachInfo(ContentProvider.java:2468)\n\tat android.content.ContentProvider.attachInfo(ContentProvider.java:2433)\n\tat android.app.ActivityThread.installProvider(ActivityThread.java:7966)\n\tat android.app.ActivityThread.installContentProviders(ActivityThread.java:7477)\n\tat android.app.ActivityThread.handleBindApplication(ActivityThread.java:7205)\n\tat android.app.ActivityThread.handleBindApplication(Native Method)\n\tat android.app.ActivityThread.-$$Nest$mhandleBindApplication(Unknown Source:0)\n\tat android.app.ActivityThread$H.handleMessage(ActivityThread.java:2241)\n\tat android.os.Handler.dispatchMessage(Handler.java:106)\n\tat android.os.Looper.loopOnce(Looper.java:211)\n\tat android.os.Looper.loop(Looper.java:300)\n\tat android.app.ActivityThread.main(ActivityThread.java:8395)\n\tat java.lang.reflect.Method.invoke(Native Method)\n\tat com.android.internal.os.RuntimeInit$MethodAndArgsCaller.run(RuntimeInit.java:559)\n\tat com.android.internal.os.ZygoteInit.main(ZygoteInit.java:954)\n"
},
{
    "type": "log",
    "source": "class",
    "method": "getAutoInitEnabled",
    "package_name": "com.fambase.venus",
    "class_name": "com.facebook.FacebookSdk",
    "timestamp": 1728283767442,
    "ref": "<class: com.facebook.FacebookSdk>",
    "arguments": "{}",
    "stack_trace": "java.lang.Exception\n\tat com.facebook.FacebookSdk.getAutoInitEnabled(Native Method)\n\tat com.facebook.FacebookSdk.sdkInitialize(FacebookSdk.java:304)\n\tat com.facebook.FacebookSdk.sdkInitialize(Native Method)\n\tat com.facebook.FacebookSdk.sdkInitialize(FacebookSdk.java:248)\n\tat com.facebook.FacebookSdk.sdkInitialize(Native Method)\n\tat com.facebook.internal.FacebookInitProvider.onCreate(FacebookInitProvider.java:22)\n\tat android.content.ContentProvider.attachInfo(ContentProvider.java:2468)\n\tat android.content.ContentProvider.attachInfo(ContentProvider.java:2433)\n\tat android.app.ActivityThread.installProvider(ActivityThread.java:7966)\n\tat android.app.ActivityThread.installContentProviders(ActivityThread.java:7477)\n\tat android.app.ActivityThread.handleBindApplication(ActivityThread.java:7205)\n\tat android.app.ActivityThread.handleBindApplication(Native Method)\n\tat android.app.ActivityThread.-$$Nest$mhandleBindApplication(Unknown Source:0)\n\tat android.app.ActivityThread$H.handleMessage(ActivityThread.java:2241)\n\tat android.os.Handler.dispatchMessage(Handler.java:106)\n\tat android.os.Looper.loopOnce(Looper.java:211)\n\tat android.os.Looper.loop(Looper.java:300)\n\tat android.app.ActivityThread.main(ActivityThread.java:8395)\n\tat java.lang.reflect.Method.invoke(Native Method)\n\tat com.android.internal.os.RuntimeInit$MethodAndArgsCaller.run(RuntimeInit.java:559)\n\tat com.android.internal.os.ZygoteInit.main(ZygoteInit.java:954)\n"
},
{
    "type": "log",
    "source": "class",
    "method": "isInitialized",
    "package_name": "com.fambase.venus",
    "class_name": "com.facebook.FacebookSdk",
    "timestamp": 1728283767446,
    "ref": "<class: com.facebook.FacebookSdk>",
    "arguments": "{}",
    "stack_trace": "java.lang.Exception\n\tat com.facebook.FacebookSdk.isInitialized(Native Method)\n\tat com.facebook.UserSettingsManager.initializeIfNotInitialized(UserSettingsManager.java:98)\n\tat com.facebook.UserSettingsManager.getAutoInitEnabled(UserSettingsManager.java:355)\n\tat com.facebook.FacebookSdk.getAutoInitEnabled(FacebookSdk.java:965)\n\tat com.facebook.FacebookSdk.getAutoInitEnabled(Native Method)\n\tat com.facebook.FacebookSdk.sdkInitialize(FacebookSdk.java:304)\n\tat com.facebook.FacebookSdk.sdkInitialize(Native Method)\n\tat com.facebook.FacebookSdk.sdkInitialize(FacebookSdk.java:248)\n\tat com.facebook.FacebookSdk.sdkInitialize(Native Method)\n\tat com.facebook.internal.FacebookInitProvider.onCreate(FacebookInitProvider.java:22)\n\tat android.content.ContentProvider.attachInfo(ContentProvider.java:2468)\n\tat android.content.ContentProvider.attachInfo(ContentProvider.java:2433)\n\tat android.app.ActivityThread.installProvider(ActivityThread.java:7966)\n\tat android.app.ActivityThread.installContentProviders(ActivityThread.java:7477)\n\tat android.app.ActivityThread.handleBindApplication(ActivityThread.java:7205)\n\tat android.app.ActivityThread.handleBindApplication(Native Method)\n\tat android.app.ActivityThread.-$$Nest$mhandleBindApplication(Unknown Source:0)\n\tat android.app.ActivityThread$H.handleMessage(ActivityThread.java:2241)\n\tat android.os.Handler.dispatchMessage(Handler.java:106)\n\tat android.os.Looper.loopOnce(Looper.java:211)\n\tat android.os.Looper.loop(Looper.java:300)\n\tat android.app.ActivityThread.main(ActivityThread.java:8395)\n\tat java.lang.reflect.Method.invoke(Native Method)\n\tat com.android.internal.os.RuntimeInit$MethodAndArgsCaller.run(RuntimeInit.java:559)\n\tat com.android.internal.os.ZygoteInit.main(ZygoteInit.java:954)\n"
},
{
    "type": "log",
    "source": "class",
    "method": "getApplicationContext",
    "package_name": "com.fambase.venus",
    "class_name": "com.facebook.FacebookSdk",
    "timestamp": 1728283767451,
    "ref": "<class: com.facebook.FacebookSdk>",
    "arguments": "{}",
    "stack_trace": "java.lang.Exception\n\tat com.facebook.FacebookSdk.getApplicationContext(Native Method)\n\tat com.facebook.UserSettingsManager.initializeIfNotInitialized(UserSettingsManager.java:107)\n\tat com.facebook.UserSettingsManager.getAutoInitEnabled(UserSettingsManager.java:355)\n\tat com.facebook.FacebookSdk.getAutoInitEnabled(FacebookSdk.java:965)\n\tat com.facebook.FacebookSdk.getAutoInitEnabled(Native Method)\n\tat com.facebook.FacebookSdk.sdkInitialize(FacebookSdk.java:304)\n\tat com.facebook.FacebookSdk.sdkInitialize(Native Method)\n\tat com.facebook.FacebookSdk.sdkInitialize(FacebookSdk.java:248)\n\tat com.facebook.FacebookSdk.sdkInitialize(Native Method)\n\tat com.facebook.internal.FacebookInitProvider.onCreate(FacebookInitProvider.java:22)\n\tat android.content.ContentProvider.attachInfo(ContentProvider.java:2468)\n\tat android.content.ContentProvider.attachInfo(ContentProvider.java:2433)\n\tat android.app.ActivityThread.installProvider(ActivityThread.java:7966)\n\tat android.app.ActivityThread.installContentProviders(ActivityThread.java:7477)\n\tat android.app.ActivityThread.handleBindApplication(ActivityThread.java:7205)\n\tat android.app.ActivityThread.handleBindApplication(Native Method)\n\tat android.app.ActivityThread.-$$Nest$mhandleBindApplication(Unknown Source:0)\n\tat android.app.ActivityThread$H.handleMessage(ActivityThread.java:2241)\n\tat android.os.Handler.dispatchMessage(Handler.java:106)\n\tat android.os.Looper.loopOnce(Looper.java:211)\n\tat android.os.Looper.loop(Looper.java:300)\n\tat android.app.ActivityThread.main(ActivityThread.java:8395)\n\tat java.lang.reflect.Method.invoke(Native Method)\n\tat com.android.internal.os.RuntimeInit$MethodAndArgsCaller.run(RuntimeInit.java:559)\n\tat com.android.internal.os.ZygoteInit.main(ZygoteInit.java:954)\n"
},
{
    "type": "log",
    "source": "class",
    "method": "isInitialized",
    "package_name": "com.fambase.venus",
    "class_name": "com.facebook.FacebookSdk",
    "timestamp": 1728283767455,
    "ref": "<class: com.facebook.FacebookSdk>",
    "arguments": "{}",
    "stack_trace": "java.lang.Exception\n\tat com.facebook.FacebookSdk.isInitialized(Native Method)\n\tat com.facebook.internal.Validate.sdkInitialized(Validate.java:134)\n\tat com.facebook.FacebookSdk.getApplicationContext(FacebookSdk.java:648)\n\tat com.facebook.FacebookSdk.getApplicationContext(Native Method)\n\tat com.facebook.UserSettingsManager.initializeIfNotInitialized(UserSettingsManager.java:107)\n\tat com.facebook.UserSettingsManager.getAutoInitEnabled(UserSettingsManager.java:355)\n\tat com.facebook.FacebookSdk.getAutoInitEnabled(FacebookSdk.java:965)\n\tat com.facebook.FacebookSdk.getAutoInitEnabled(Native Method)\n\tat com.facebook.FacebookSdk.sdkInitialize(FacebookSdk.java:304)\n\tat com.facebook.FacebookSdk.sdkInitialize(Native Method)\n\tat com.facebook.FacebookSdk.sdkInitialize(FacebookSdk.java:248)\n\tat com.facebook.FacebookSdk.sdkInitialize(Native Method)\n\tat com.facebook.internal.FacebookInitProvider.onCreate(FacebookInitProvider.java:22)\n\tat android.content.ContentProvider.attachInfo(ContentProvider.java:2468)\n\tat android.content.ContentProvider.attachInfo(ContentProvider.java:2433)\n\tat android.app.ActivityThread.installProvider(ActivityThread.java:7966)\n\tat android.app.ActivityThread.installContentProviders(ActivityThread.java:7477)\n\tat android.app.ActivityThread.handleBindApplication(ActivityThread.java:7205)\n\tat android.app.ActivityThread.handleBindApplication(Native Method)\n\tat android.app.ActivityThread.-$$Nest$mhandleBindApplication(Unknown Source:0)\n\tat android.app.ActivityThread$H.handleMessage(ActivityThread.java:2241)\n\tat android.os.Handler.dispatchMessage(Handler.java:106)\n\tat android.os.Looper.loopOnce(Looper.java:211)\n\tat android.os.Looper.loop(Looper.java:300)\n\tat android.app.ActivityThread.main(ActivityThread.java:8395)\n\tat java.lang.reflect.Method.invoke(Native Method)\n\tat com.android.internal.os.RuntimeInit$MethodAndArgsCaller.run(RuntimeInit.java:559)\n\tat com.android.internal.os.ZygoteInit.main(ZygoteInit.java:954)\n"
},
{
    "type": "log",
    "source": "class",
    "method": "getApplicationContext",
    "package_name": "com.fambase.venus",
    "class_name": "com.facebook.FacebookSdk",
    "timestamp": 1728283767463,
    "ref": "<class: com.facebook.FacebookSdk>",
    "arguments": "{}",
    "stack_trace": "java.lang.Exception\n\tat com.facebook.FacebookSdk.getApplicationContext(Native Method)\n\tat com.facebook.UserSettingsManager.loadSettingFromManifest(UserSettingsManager.java:222)\n\tat com.facebook.UserSettingsManager.initializeUserSetting(UserSettingsManager.java:125)\n\tat com.facebook.UserSettingsManager.initializeIfNotInitialized(UserSettingsManager.java:110)\n\tat com.facebook.UserSettingsManager.getAutoInitEnabled(UserSettingsManager.java:355)\n\tat com.facebook.FacebookSdk.getAutoInitEnabled(FacebookSdk.java:965)\n\tat com.facebook.FacebookSdk.getAutoInitEnabled(Native Method)\n\tat com.facebook.FacebookSdk.sdkInitialize(FacebookSdk.java:304)\n\tat com.facebook.FacebookSdk.sdkInitialize(Native Method)\n\tat com.facebook.FacebookSdk.sdkInitialize(FacebookSdk.java:248)\n\tat com.facebook.FacebookSdk.sdkInitialize(Native Method)\n\tat com.facebook.internal.FacebookInitProvider.onCreate(FacebookInitProvider.java:22)\n\tat android.content.ContentProvider.attachInfo(ContentProvider.java:2468)\n\tat android.content.ContentProvider.attachInfo(ContentProvider.java:2433)\n\tat android.app.ActivityThread.installProvider(ActivityThread.java:7966)\n\tat android.app.ActivityThread.installContentProviders(ActivityThread.java:7477)\n\tat android.app.ActivityThread.handleBindApplication(ActivityThread.java:7205)\n\tat android.app.ActivityThread.handleBindApplication(Native Method)\n\tat android.app.ActivityThread.-$$Nest$mhandleBindApplication(Unknown Source:0)\n\tat android.app.ActivityThread$H.handleMessage(ActivityThread.java:2241)\n\tat android.os.Handler.dispatchMessage(Handler.java:106)\n\tat android.os.Looper.loopOnce(Looper.java:211)\n\tat android.os.Looper.loop(Looper.java:300)\n\tat android.app.ActivityThread.main(ActivityThread.java:8395)\n\tat java.lang.reflect.Method.invoke(Native Method)\n\tat com.android.internal.os.RuntimeInit$MethodAndArgsCaller.run(RuntimeInit.java:559)\n\tat com.android.internal.os.ZygoteInit.main(ZygoteInit.java:954)\n"
},
{
    "type": "log",
    "source": "class",
    "method": "isInitialized",
    "package_name": "com.fambase.venus",
    "class_name": "com.facebook.FacebookSdk",
    "timestamp": 1728283767467,
    "ref": "<class: com.facebook.FacebookSdk>",
    "arguments": "{}",
    "stack_trace": "java.lang.Exception\n\tat com.facebook.FacebookSdk.isInitialized(Native Method)\n\tat com.facebook.internal.Validate.sdkInitialized(Validate.java:134)\n\tat com.facebook.FacebookSdk.getApplicationContext(FacebookSdk.java:648)\n\tat com.facebook.FacebookSdk.getApplicationContext(Native Method)\n\tat com.facebook.UserSettingsManager.loadSettingFromManifest(UserSettingsManager.java:222)\n\tat com.facebook.UserSettingsManager.initializeUserSetting(UserSettingsManager.java:125)\n\tat com.facebook.UserSettingsManager.initializeIfNotInitialized(UserSettingsManager.java:110)\n\tat com.facebook.UserSettingsManager.getAutoInitEnabled(UserSettingsManager.java:355)\n\tat com.facebook.FacebookSdk.getAutoInitEnabled(FacebookSdk.java:965)\n\tat com.facebook.FacebookSdk.getAutoInitEnabled(Native Method)\n\tat com.facebook.FacebookSdk.sdkInitialize(FacebookSdk.java:304)\n\tat com.facebook.FacebookSdk.sdkInitialize(Native Method)\n\tat com.facebook.FacebookSdk.sdkInitialize(FacebookSdk.java:248)\n\tat com.facebook.FacebookSdk.sdkInitialize(Native Method)\n\tat com.facebook.internal.FacebookInitProvider.onCreate(FacebookInitProvider.java:22)\n\tat android.content.ContentProvider.attachInfo(ContentProvider.java:2468)\n\tat android.content.ContentProvider.attachInfo(ContentProvider.java:2433)\n\tat android.app.ActivityThread.installProvider(ActivityThread.java:7966)\n\tat android.app.ActivityThread.installContentProviders(ActivityThread.java:7477)\n\tat android.app.ActivityThread.handleBindApplication(ActivityThread.java:7205)\n\tat android.app.ActivityThread.handleBindApplication(Native Method)\n\tat android.app.ActivityThread.-$$Nest$mhandleBindApplication(Unknown Source:0)\n\tat android.app.ActivityThread$H.handleMessage(ActivityThread.java:2241)\n\tat android.os.Handler.dispatchMessage(Handler.java:106)\n\tat android.os.Looper.loopOnce(Looper.java:211)\n\tat android.os.Looper.loop(Looper.java:300)\n\tat android.app.ActivityThread.main(ActivityThread.java:8395)\n\tat java.lang.reflect.Method.invoke(Native Method)\n\tat com.android.internal.os.RuntimeInit$MethodAndArgsCaller.run(RuntimeInit.java:559)\n\tat com.android.internal.os.ZygoteInit.main(ZygoteInit.java:954)\n"
},
{
    "type": "log",
    "source": "class",
    "method": "getApplicationContext",
    "package_name": "com.fambase.venus",
    "class_name": "com.facebook.FacebookSdk",
    "timestamp": 1728283767473,
    "ref": "<class: com.facebook.FacebookSdk>",
    "arguments": "{}",
    "stack_trace": "java.lang.Exception\n\tat com.facebook.FacebookSdk.getApplicationContext(Native Method)\n\tat com.facebook.UserSettingsManager.loadSettingFromManifest(UserSettingsManager.java:222)\n\tat com.facebook.UserSettingsManager.initializeUserSetting(UserSettingsManager.java:125)\n\tat com.facebook.UserSettingsManager.initializeIfNotInitialized(UserSettingsManager.java:110)\n\tat com.facebook.UserSettingsManager.getAutoInitEnabled(UserSettingsManager.java:355)\n\tat com.facebook.FacebookSdk.getAutoInitEnabled(FacebookSdk.java:965)\n\tat com.facebook.FacebookSdk.getAutoInitEnabled(Native Method)\n\tat com.facebook.FacebookSdk.sdkInitialize(FacebookSdk.java:304)\n\tat com.facebook.FacebookSdk.sdkInitialize(Native Method)\n\tat com.facebook.FacebookSdk.sdkInitialize(FacebookSdk.java:248)\n\tat com.facebook.FacebookSdk.sdkInitialize(Native Method)\n\tat com.facebook.internal.FacebookInitProvider.onCreate(FacebookInitProvider.java:22)\n\tat android.content.ContentProvider.attachInfo(ContentProvider.java:2468)\n\tat android.content.ContentProvider.attachInfo(ContentProvider.java:2433)\n\tat android.app.ActivityThread.installProvider(ActivityThread.java:7966)\n\tat android.app.ActivityThread.installContentProviders(ActivityThread.java:7477)\n\tat android.app.ActivityThread.handleBindApplication(ActivityThread.java:7205)\n\tat android.app.ActivityThread.handleBindApplication(Native Method)\n\tat android.app.ActivityThread.-$$Nest$mhandleBindApplication(Unknown Source:0)\n\tat android.app.ActivityThread$H.handleMessage(ActivityThread.java:2241)\n\tat android.os.Handler.dispatchMessage(Handler.java:106)\n\tat android.os.Looper.loopOnce(Looper.java:211)\n\tat android.os.Looper.loop(Looper.java:300)\n\tat android.app.ActivityThread.main(ActivityThread.java:8395)\n\tat java.lang.reflect.Method.invoke(Native Method)\n\tat com.android.internal.os.RuntimeInit$MethodAndArgsCaller.run(RuntimeInit.java:559)\n\tat com.android.internal.os.ZygoteInit.main(ZygoteInit.java:954)\n"
},
{
    "type": "log",
    "source": "class",
    "method": "isInitialized",
    "package_name": "com.fambase.venus",
    "class_name": "com.facebook.FacebookSdk",
    "timestamp": 1728283767477,
    "ref": "<class: com.facebook.FacebookSdk>",
    "arguments": "{}",
    "stack_trace": "java.lang.Exception\n\tat com.facebook.FacebookSdk.isInitialized(Native Method)\n\tat com.facebook.internal.Validate.sdkInitialized(Validate.java:134)\n\tat com.facebook.FacebookSdk.getApplicationContext(FacebookSdk.java:648)\n\tat com.facebook.FacebookSdk.getApplicationContext(Native Method)\n\tat com.facebook.UserSettingsManager.loadSettingFromManifest(UserSettingsManager.java:222)\n\tat com.facebook.UserSettingsManager.initializeUserSetting(UserSettingsManager.java:125)\n\tat com.facebook.UserSettingsManager.initializeIfNotInitialized(UserSettingsManager.java:110)\n\tat com.facebook.UserSettingsManager.getAutoInitEnabled(UserSettingsManager.java:355)\n\tat com.facebook.FacebookSdk.getAutoInitEnabled(FacebookSdk.java:965)\n\tat com.facebook.FacebookSdk.getAutoInitEnabled(Native Method)\n\tat com.facebook.FacebookSdk.sdkInitialize(FacebookSdk.java:304)\n\tat com.facebook.FacebookSdk.sdkInitialize(Native Method)\n\tat com.facebook.FacebookSdk.sdkInitialize(FacebookSdk.java:248)\n\tat com.facebook.FacebookSdk.sdkInitialize(Native Method)\n\tat com.facebook.internal.FacebookInitProvider.onCreate(FacebookInitProvider.java:22)\n\tat android.content.ContentProvider.attachInfo(ContentProvider.java:2468)\n\tat android.content.ContentProvider.attachInfo(ContentProvider.java:2433)\n\tat android.app.ActivityThread.installProvider(ActivityThread.java:7966)\n\tat android.app.ActivityThread.installContentProviders(ActivityThread.java:7477)\n\tat android.app.ActivityThread.handleBindApplication(ActivityThread.java:7205)\n\tat android.app.ActivityThread.handleBindApplication(Native Method)\n\tat android.app.ActivityThread.-$$Nest$mhandleBindApplication(Unknown Source:0)\n\tat android.app.ActivityThread$H.handleMessage(ActivityThread.java:2241)\n\tat android.os.Handler.dispatchMessage(Handler.java:106)\n\tat android.os.Looper.loopOnce(Looper.java:211)\n\tat android.os.Looper.loop(Looper.java:300)\n\tat android.app.ActivityThread.main(ActivityThread.java:8395)\n\tat java.lang.reflect.Method.invoke(Native Method)\n\tat com.android.internal.os.RuntimeInit$MethodAndArgsCaller.run(RuntimeInit.java:559)\n\tat com.android.internal.os.ZygoteInit.main(ZygoteInit.java:954)\n"
},
{
    "type": "log",
    "source": "class",
    "method": "getInstance",
    "package_name": "com.fambase.venus",
    "class_name": "com.google.firebase.analytics.FirebaseAnalytics",
    "timestamp": 1728283767484,
    "ref": "<class: com.google.firebase.analytics.FirebaseAnalytics>",
    "arguments": "{\"0\":\"<instance: android.content.Context, $className: com.fambase.venus.VenusApp>\"}",
    "stack_trace": "java.lang.Exception\n\tat com.google.firebase.analytics.FirebaseAnalytics.getInstance(Native Method)\n\tat java.lang.reflect.Method.invoke(Native Method)\n\tat m.tf.f(:com.google.android.gms.dynamite_measurementdynamite@243834029@24.38.34 (190400-0):47)\n\tat m.rp.s(:com.google.android.gms.dynamite_measurementdynamite@243834029@24.38.34 (190400-0):81)\n\tat m.pp.run(:com.google.android.gms.dynamite_measurementdynamite@243834029@24.38.34 (190400-0):2084)\n\tat java.util.concurrent.Executors$RunnableAdapter.call(Executors.java:463)\n\tat java.util.concurrent.FutureTask.run(FutureTask.java:264)\n\tat m.pl.run(:com.google.android.gms.dynamite_measurementdynamite@243834029@24.38.34 (190400-0):48)\n"
},
{
    "type": "log",
    "source": "class",
    "method": "getApplicationContext",
    "package_name": "com.fambase.venus",
    "class_name": "com.facebook.FacebookSdk",
    "timestamp": 1728283767483,
    "ref": "<class: com.facebook.FacebookSdk>",
    "arguments": "{}",
    "stack_trace": "java.lang.Exception\n\tat com.facebook.FacebookSdk.getApplicationContext(Native Method)\n\tat com.facebook.UserSettingsManager.loadSettingFromManifest(UserSettingsManager.java:222)\n\tat com.facebook.UserSettingsManager.initializeUserSetting(UserSettingsManager.java:125)\n\tat com.facebook.UserSettingsManager.initializeIfNotInitialized(UserSettingsManager.java:110)\n\tat com.facebook.UserSettingsManager.getAutoInitEnabled(UserSettingsManager.java:355)\n\tat com.facebook.FacebookSdk.getAutoInitEnabled(FacebookSdk.java:965)\n\tat com.facebook.FacebookSdk.getAutoInitEnabled(Native Method)\n\tat com.facebook.FacebookSdk.sdkInitialize(FacebookSdk.java:304)\n\tat com.facebook.FacebookSdk.sdkInitialize(Native Method)\n\tat com.facebook.FacebookSdk.sdkInitialize(FacebookSdk.java:248)\n\tat com.facebook.FacebookSdk.sdkInitialize(Native Method)\n\tat com.facebook.internal.FacebookInitProvider.onCreate(FacebookInitProvider.java:22)\n\tat android.content.ContentProvider.attachInfo(ContentProvider.java:2468)\n\tat android.content.ContentProvider.attachInfo(ContentProvider.java:2433)\n\tat android.app.ActivityThread.installProvider(ActivityThread.java:7966)\n\tat android.app.ActivityThread.installContentProviders(ActivityThread.java:7477)\n\tat android.app.ActivityThread.handleBindApplication(ActivityThread.java:7205)\n\tat android.app.ActivityThread.handleBindApplication(Native Method)\n\tat android.app.ActivityThread.-$$Nest$mhandleBindApplication(Unknown Source:0)\n\tat android.app.ActivityThread$H.handleMessage(ActivityThread.java:2241)\n\tat android.os.Handler.dispatchMessage(Handler.java:106)\n\tat android.os.Looper.loopOnce(Looper.java:211)\n\tat android.os.Looper.loop(Looper.java:300)\n\tat android.app.ActivityThread.main(ActivityThread.java:8395)\n\tat java.lang.reflect.Method.invoke(Native Method)\n\tat com.android.internal.os.RuntimeInit$MethodAndArgsCaller.run(RuntimeInit.java:559)\n\tat com.android.internal.os.ZygoteInit.main(ZygoteInit.java:954)\n"
},
{
    "type": "log",
    "source": "class",
    "method": "getFirebaseInstanceId",
    "package_name": "com.fambase.venus",
    "class_name": "com.google.firebase.analytics.FirebaseAnalytics",
    "timestamp": 1728283767488,
    "ref": "com.google.firebase.analytics.FirebaseAnalytics@709fbab",
    "arguments": "{}",
    "stack_trace": "java.lang.Exception\n\tat com.google.firebase.analytics.FirebaseAnalytics.getFirebaseInstanceId(Native Method)\n\tat java.lang.reflect.Method.invoke(Native Method)\n\tat m.tf.f(:com.google.android.gms.dynamite_measurementdynamite@243834029@24.38.34 (190400-0):49)\n\tat m.rp.s(:com.google.android.gms.dynamite_measurementdynamite@243834029@24.38.34 (190400-0):81)\n\tat m.pp.run(:com.google.android.gms.dynamite_measurementdynamite@243834029@24.38.34 (190400-0):2084)\n\tat java.util.concurrent.Executors$RunnableAdapter.call(Executors.java:463)\n\tat java.util.concurrent.FutureTask.run(FutureTask.java:264)\n\tat m.pl.run(:com.google.android.gms.dynamite_measurementdynamite@243834029@24.38.34 (190400-0):48)\n"
},
{
    "type": "log",
    "source": "class",
    "method": "isInitialized",
    "package_name": "com.fambase.venus",
    "class_name": "com.facebook.FacebookSdk",
    "timestamp": 1728283767487,
    "ref": "<class: com.facebook.FacebookSdk>",
    "arguments": "{}",
    "stack_trace": "java.lang.Exception\n\tat com.facebook.FacebookSdk.isInitialized(Native Method)\n\tat com.facebook.internal.Validate.sdkInitialized(Validate.java:134)\n\tat com.facebook.FacebookSdk.getApplicationContext(FacebookSdk.java:648)\n\tat com.facebook.FacebookSdk.getApplicationContext(Native Method)\n\tat com.facebook.UserSettingsManager.loadSettingFromManifest(UserSettingsManager.java:222)\n\tat com.facebook.UserSettingsManager.initializeUserSetting(UserSettingsManager.java:125)\n\tat com.facebook.UserSettingsManager.initializeIfNotInitialized(UserSettingsManager.java:110)\n\tat com.facebook.UserSettingsManager.getAutoInitEnabled(UserSettingsManager.java:355)\n\tat com.facebook.FacebookSdk.getAutoInitEnabled(FacebookSdk.java:965)\n\tat com.facebook.FacebookSdk.getAutoInitEnabled(Native Method)\n\tat com.facebook.FacebookSdk.sdkInitialize(FacebookSdk.java:304)\n\tat com.facebook.FacebookSdk.sdkInitialize(Native Method)\n\tat com.facebook.FacebookSdk.sdkInitialize(FacebookSdk.java:248)\n\tat com.facebook.FacebookSdk.sdkInitialize(Native Method)\n\tat com.facebook.internal.FacebookInitProvider.onCreate(FacebookInitProvider.java:22)\n\tat android.content.ContentProvider.attachInfo(ContentProvider.java:2468)\n\tat android.content.ContentProvider.attachInfo(ContentProvider.java:2433)\n\tat android.app.ActivityThread.installProvider(ActivityThread.java:7966)\n\tat android.app.ActivityThread.installContentProviders(ActivityThread.java:7477)\n\tat android.app.ActivityThread.handleBindApplication(ActivityThread.java:7205)\n\tat android.app.ActivityThread.handleBindApplication(Native Method)\n\tat android.app.ActivityThread.-$$Nest$mhandleBindApplication(Unknown Source:0)\n\tat android.app.ActivityThread$H.handleMessage(ActivityThread.java:2241)\n\tat android.os.Handler.dispatchMessage(Handler.java:106)\n\tat android.os.Looper.loopOnce(Looper.java:211)\n\tat android.os.Looper.loop(Looper.java:300)\n\tat android.app.ActivityThread.main(ActivityThread.java:8395)\n\tat java.lang.reflect.Method.invoke(Native Method)\n\tat com.android.internal.os.RuntimeInit$MethodAndArgsCaller.run(RuntimeInit.java:559)\n\tat com.android.internal.os.ZygoteInit.main(ZygoteInit.java:954)\n"
},
{
    "type": "log",
    "source": "class",
    "method": "getExecutor",
    "package_name": "com.fambase.venus",
    "class_name": "com.facebook.FacebookSdk",
    "timestamp": 1728283767492,
    "ref": "<class: com.facebook.FacebookSdk>",
    "arguments": "{}",
    "stack_trace": "java.lang.Exception\n\tat com.facebook.FacebookSdk.getExecutor(Native Method)\n\tat com.facebook.UserSettingsManager.initializeCodelessSetupEnabledAsync(UserSettingsManager.java:149)\n\tat com.facebook.UserSettingsManager.initializeIfNotInitialized(UserSettingsManager.java:111)\n\tat com.facebook.UserSettingsManager.getAutoInitEnabled(UserSettingsManager.java:355)\n\tat com.facebook.FacebookSdk.getAutoInitEnabled(FacebookSdk.java:965)\n\tat com.facebook.FacebookSdk.getAutoInitEnabled(Native Method)\n\tat com.facebook.FacebookSdk.sdkInitialize(FacebookSdk.java:304)\n\tat com.facebook.FacebookSdk.sdkInitialize(Native Method)\n\tat com.facebook.FacebookSdk.sdkInitialize(FacebookSdk.java:248)\n\tat com.facebook.FacebookSdk.sdkInitialize(Native Method)\n\tat com.facebook.internal.FacebookInitProvider.onCreate(FacebookInitProvider.java:22)\n\tat android.content.ContentProvider.attachInfo(ContentProvider.java:2468)\n\tat android.content.ContentProvider.attachInfo(ContentProvider.java:2433)\n\tat android.app.ActivityThread.installProvider(ActivityThread.java:7966)\n\tat android.app.ActivityThread.installContentProviders(ActivityThread.java:7477)\n\tat android.app.ActivityThread.handleBindApplication(ActivityThread.java:7205)\n\tat android.app.ActivityThread.handleBindApplication(Native Method)\n\tat android.app.ActivityThread.-$$Nest$mhandleBindApplication(Unknown Source:0)\n\tat android.app.ActivityThread$H.handleMessage(ActivityThread.java:2241)\n\tat android.os.Handler.dispatchMessage(Handler.java:106)\n\tat android.os.Looper.loopOnce(Looper.java:211)\n\tat android.os.Looper.loop(Looper.java:300)\n\tat android.app.ActivityThread.main(ActivityThread.java:8395)\n\tat java.lang.reflect.Method.invoke(Native Method)\n\tat com.android.internal.os.RuntimeInit$MethodAndArgsCaller.run(RuntimeInit.java:559)\n\tat com.android.internal.os.ZygoteInit.main(ZygoteInit.java:954)\n"
},
{
    "type": "log",
    "source": "class",
    "method": "getApplicationContext",
    "package_name": "com.fambase.venus",
    "class_name": "com.facebook.FacebookSdk",
    "timestamp": 1728283767499,
    "ref": "<class: com.facebook.FacebookSdk>",
    "arguments": "{}",
    "stack_trace": "java.lang.Exception\n\tat com.facebook.FacebookSdk.getApplicationContext(Native Method)\n\tat com.facebook.UserSettingsManager.logWarnings(UserSettingsManager.java:238)\n\tat com.facebook.UserSettingsManager.initializeIfNotInitialized(UserSettingsManager.java:112)\n\tat com.facebook.UserSettingsManager.getAutoInitEnabled(UserSettingsManager.java:355)\n\tat com.facebook.FacebookSdk.getAutoInitEnabled(FacebookSdk.java:965)\n\tat com.facebook.FacebookSdk.getAutoInitEnabled(Native Method)\n\tat com.facebook.FacebookSdk.sdkInitialize(FacebookSdk.java:304)\n\tat com.facebook.FacebookSdk.sdkInitialize(Native Method)\n\tat com.facebook.FacebookSdk.sdkInitialize(FacebookSdk.java:248)\n\tat com.facebook.FacebookSdk.sdkInitialize(Native Method)\n\tat com.facebook.internal.FacebookInitProvider.onCreate(FacebookInitProvider.java:22)\n\tat android.content.ContentProvider.attachInfo(ContentProvider.java:2468)\n\tat android.content.ContentProvider.attachInfo(ContentProvider.java:2433)\n\tat android.app.ActivityThread.installProvider(ActivityThread.java:7966)\n\tat android.app.ActivityThread.installContentProviders(ActivityThread.java:7477)\n\tat android.app.ActivityThread.handleBindApplication(ActivityThread.java:7205)\n\tat android.app.ActivityThread.handleBindApplication(Native Method)\n\tat android.app.ActivityThread.-$$Nest$mhandleBindApplication(Unknown Source:0)\n\tat android.app.ActivityThread$H.handleMessage(ActivityThread.java:2241)\n\tat android.os.Handler.dispatchMessage(Handler.java:106)\n\tat android.os.Looper.loopOnce(Looper.java:211)\n\tat android.os.Looper.loop(Looper.java:300)\n\tat android.app.ActivityThread.main(ActivityThread.java:8395)\n\tat java.lang.reflect.Method.invoke(Native Method)\n\tat com.android.internal.os.RuntimeInit$MethodAndArgsCaller.run(RuntimeInit.java:559)\n\tat com.android.internal.os.ZygoteInit.main(ZygoteInit.java:954)\n"
},
{
    "type": "log",
    "source": "class",
    "method": "isInitialized",
    "package_name": "com.fambase.venus",
    "class_name": "com.facebook.FacebookSdk",
    "timestamp": 1728283767503,
    "ref": "<class: com.facebook.FacebookSdk>",
    "arguments": "{}",
    "stack_trace": "java.lang.Exception\n\tat com.facebook.FacebookSdk.isInitialized(Native Method)\n\tat com.facebook.internal.Validate.sdkInitialized(Validate.java:134)\n\tat com.facebook.FacebookSdk.getApplicationContext(FacebookSdk.java:648)\n\tat com.facebook.FacebookSdk.getApplicationContext(Native Method)\n\tat com.facebook.UserSettingsManager.logWarnings(UserSettingsManager.java:238)\n\tat com.facebook.UserSettingsManager.initializeIfNotInitialized(UserSettingsManager.java:112)\n\tat com.facebook.UserSettingsManager.getAutoInitEnabled(UserSettingsManager.java:355)\n\tat com.facebook.FacebookSdk.getAutoInitEnabled(FacebookSdk.java:965)\n\tat com.facebook.FacebookSdk.getAutoInitEnabled(Native Method)\n\tat com.facebook.FacebookSdk.sdkInitialize(FacebookSdk.java:304)\n\tat com.facebook.FacebookSdk.sdkInitialize(Native Method)\n\tat com.facebook.FacebookSdk.sdkInitialize(FacebookSdk.java:248)\n\tat com.facebook.FacebookSdk.sdkInitialize(Native Method)\n\tat com.facebook.internal.FacebookInitProvider.onCreate(FacebookInitProvider.java:22)\n\tat android.content.ContentProvider.attachInfo(ContentProvider.java:2468)\n\tat android.content.ContentProvider.attachInfo(ContentProvider.java:2433)\n\tat android.app.ActivityThread.installProvider(ActivityThread.java:7966)\n\tat android.app.ActivityThread.installContentProviders(ActivityThread.java:7477)\n\tat android.app.ActivityThread.handleBindApplication(ActivityThread.java:7205)\n\tat android.app.ActivityThread.handleBindApplication(Native Method)\n\tat android.app.ActivityThread.-$$Nest$mhandleBindApplication(Unknown Source:0)\n\tat android.app.ActivityThread$H.handleMessage(ActivityThread.java:2241)\n\tat android.os.Handler.dispatchMessage(Handler.java:106)\n\tat android.os.Looper.loopOnce(Looper.java:211)\n\tat android.os.Looper.loop(Looper.java:300)\n\tat android.app.ActivityThread.main(ActivityThread.java:8395)\n\tat java.lang.reflect.Method.invoke(Native Method)\n\tat com.android.internal.os.RuntimeInit$MethodAndArgsCaller.run(RuntimeInit.java:559)\n\tat com.android.internal.os.ZygoteInit.main(ZygoteInit.java:954)\n"
},
{
    "type": "log",
    "source": "class",
    "method": "getApplicationId",
    "package_name": "com.fambase.venus",
    "class_name": "com.facebook.FacebookSdk",
    "timestamp": 1728283767501,
    "ref": "<class: com.facebook.FacebookSdk>",
    "arguments": "{}",
    "stack_trace": "java.lang.Exception\n\tat com.facebook.FacebookSdk.getApplicationId(Native Method)\n\tat com.facebook.UserSettingsManager$1.run(UserSettingsManager.java:157)\n\tat java.util.concurrent.ThreadPoolExecutor.runWorker(ThreadPoolExecutor.java:1137)\n\tat java.util.concurrent.ThreadPoolExecutor$Worker.run(ThreadPoolExecutor.java:637)\n\tat java.lang.Thread.run(Thread.java:1012)\n"
},
{
    "type": "log",
    "source": "class",
    "method": "isInitialized",
    "package_name": "com.fambase.venus",
    "class_name": "com.facebook.FacebookSdk",
    "timestamp": 1728283767508,
    "ref": "<class: com.facebook.FacebookSdk>",
    "arguments": "{}",
    "stack_trace": "java.lang.Exception\n\tat com.facebook.FacebookSdk.isInitialized(Native Method)\n\tat com.facebook.UserSettingsManager.initializeIfNotInitialized(UserSettingsManager.java:98)\n\tat com.facebook.UserSettingsManager.getAdvertiserIDCollectionEnabled(UserSettingsManager.java:385)\n\tat com.facebook.UserSettingsManager.logWarnings(UserSettingsManager.java:250)\n\tat com.facebook.UserSettingsManager.initializeIfNotInitialized(UserSettingsManager.java:112)\n\tat com.facebook.UserSettingsManager.getAutoInitEnabled(UserSettingsManager.java:355)\n\tat com.facebook.FacebookSdk.getAutoInitEnabled(FacebookSdk.java:965)\n\tat com.facebook.FacebookSdk.getAutoInitEnabled(Native Method)\n\tat com.facebook.FacebookSdk.sdkInitialize(FacebookSdk.java:304)\n\tat com.facebook.FacebookSdk.sdkInitialize(Native Method)\n\tat com.facebook.FacebookSdk.sdkInitialize(FacebookSdk.java:248)\n\tat com.facebook.FacebookSdk.sdkInitialize(Native Method)\n\tat com.facebook.internal.FacebookInitProvider.onCreate(FacebookInitProvider.java:22)\n\tat android.content.ContentProvider.attachInfo(ContentProvider.java:2468)\n\tat android.content.ContentProvider.attachInfo(ContentProvider.java:2433)\n\tat android.app.ActivityThread.installProvider(ActivityThread.java:7966)\n\tat android.app.ActivityThread.installContentProviders(ActivityThread.java:7477)\n\tat android.app.ActivityThread.handleBindApplication(ActivityThread.java:7205)\n\tat android.app.ActivityThread.handleBindApplication(Native Method)\n\tat android.app.ActivityThread.-$$Nest$mhandleBindApplication(Unknown Source:0)\n\tat android.app.ActivityThread$H.handleMessage(ActivityThread.java:2241)\n\tat android.os.Handler.dispatchMessage(Handler.java:106)\n\tat android.os.Looper.loopOnce(Looper.java:211)\n\tat android.os.Looper.loop(Looper.java:300)\n\tat android.app.ActivityThread.main(ActivityThread.java:8395)\n\tat java.lang.reflect.Method.invoke(Native Method)\n\tat com.android.internal.os.RuntimeInit$MethodAndArgsCaller.run(RuntimeInit.java:559)\n\tat com.android.internal.os.ZygoteInit.main(ZygoteInit.java:954)\n"
},
{
    "type": "log",
    "source": "class",
    "method": "isInitialized",
    "package_name": "com.fambase.venus",
    "class_name": "com.facebook.FacebookSdk",
    "timestamp": 1728283767514,
    "ref": "<class: com.facebook.FacebookSdk>",
    "arguments": "{}",
    "stack_trace": "java.lang.Exception\n\tat com.facebook.FacebookSdk.isInitialized(Native Method)\n\tat com.facebook.UserSettingsManager.logIfSDKSettingsChanged(UserSettingsManager.java:264)\n\tat com.facebook.UserSettingsManager.initializeIfNotInitialized(UserSettingsManager.java:113)\n\tat com.facebook.UserSettingsManager.getAutoInitEnabled(UserSettingsManager.java:355)\n\tat com.facebook.FacebookSdk.getAutoInitEnabled(FacebookSdk.java:965)\n\tat com.facebook.FacebookSdk.getAutoInitEnabled(Native Method)\n\tat com.facebook.FacebookSdk.sdkInitialize(FacebookSdk.java:304)\n\tat com.facebook.FacebookSdk.sdkInitialize(Native Method)\n\tat com.facebook.FacebookSdk.sdkInitialize(FacebookSdk.java:248)\n\tat com.facebook.FacebookSdk.sdkInitialize(Native Method)\n\tat com.facebook.internal.FacebookInitProvider.onCreate(FacebookInitProvider.java:22)\n\tat android.content.ContentProvider.attachInfo(ContentProvider.java:2468)\n\tat android.content.ContentProvider.attachInfo(ContentProvider.java:2433)\n\tat android.app.ActivityThread.installProvider(ActivityThread.java:7966)\n\tat android.app.ActivityThread.installContentProviders(ActivityThread.java:7477)\n\tat android.app.ActivityThread.handleBindApplication(ActivityThread.java:7205)\n\tat android.app.ActivityThread.handleBindApplication(Native Method)\n\tat android.app.ActivityThread.-$$Nest$mhandleBindApplication(Unknown Source:0)\n\tat android.app.ActivityThread$H.handleMessage(ActivityThread.java:2241)\n\tat android.os.Handler.dispatchMessage(Handler.java:106)\n\tat android.os.Looper.loopOnce(Looper.java:211)\n\tat android.os.Looper.loop(Looper.java:300)\n\tat android.app.ActivityThread.main(ActivityThread.java:8395)\n\tat java.lang.reflect.Method.invoke(Native Method)\n\tat com.android.internal.os.RuntimeInit$MethodAndArgsCaller.run(RuntimeInit.java:559)\n\tat com.android.internal.os.ZygoteInit.main(ZygoteInit.java:954)\n"
},
{
    "type": "log",
    "source": "class",
    "method": "getApplicationContext",
    "package_name": "com.fambase.venus",
    "class_name": "com.facebook.FacebookSdk",
    "timestamp": 1728283767520,
    "ref": "<class: com.facebook.FacebookSdk>",
    "arguments": "{}",
    "stack_trace": "java.lang.Exception\n\tat com.facebook.FacebookSdk.getApplicationContext(Native Method)\n\tat com.facebook.UserSettingsManager.logIfSDKSettingsChanged(UserSettingsManager.java:268)\n\tat com.facebook.UserSettingsManager.initializeIfNotInitialized(UserSettingsManager.java:113)\n\tat com.facebook.UserSettingsManager.getAutoInitEnabled(UserSettingsManager.java:355)\n\tat com.facebook.FacebookSdk.getAutoInitEnabled(FacebookSdk.java:965)\n\tat com.facebook.FacebookSdk.getAutoInitEnabled(Native Method)\n\tat com.facebook.FacebookSdk.sdkInitialize(FacebookSdk.java:304)\n\tat com.facebook.FacebookSdk.sdkInitialize(Native Method)\n\tat com.facebook.FacebookSdk.sdkInitialize(FacebookSdk.java:248)\n\tat com.facebook.FacebookSdk.sdkInitialize(Native Method)\n\tat com.facebook.internal.FacebookInitProvider.onCreate(FacebookInitProvider.java:22)\n\tat android.content.ContentProvider.attachInfo(ContentProvider.java:2468)\n\tat android.content.ContentProvider.attachInfo(ContentProvider.java:2433)\n\tat android.app.ActivityThread.installProvider(ActivityThread.java:7966)\n\tat android.app.ActivityThread.installContentProviders(ActivityThread.java:7477)\n\tat android.app.ActivityThread.handleBindApplication(ActivityThread.java:7205)\n\tat android.app.ActivityThread.handleBindApplication(Native Method)\n\tat android.app.ActivityThread.-$$Nest$mhandleBindApplication(Unknown Source:0)\n\tat android.app.ActivityThread$H.handleMessage(ActivityThread.java:2241)\n\tat android.os.Handler.dispatchMessage(Handler.java:106)\n\tat android.os.Looper.loopOnce(Looper.java:211)\n\tat android.os.Looper.loop(Looper.java:300)\n\tat android.app.ActivityThread.main(ActivityThread.java:8395)\n\tat java.lang.reflect.Method.invoke(Native Method)\n\tat com.android.internal.os.RuntimeInit$MethodAndArgsCaller.run(RuntimeInit.java:559)\n\tat com.android.internal.os.ZygoteInit.main(ZygoteInit.java:954)\n"
},
{
    "type": "log",
    "source": "class",
    "method": "isInitialized",
    "package_name": "com.fambase.venus",
    "class_name": "com.facebook.FacebookSdk",
    "timestamp": 1728283767524,
    "ref": "<class: com.facebook.FacebookSdk>",
    "arguments": "{}",
    "stack_trace": "java.lang.Exception\n\tat com.facebook.FacebookSdk.isInitialized(Native Method)\n\tat com.facebook.internal.Validate.sdkInitialized(Validate.java:134)\n\tat com.facebook.FacebookSdk.getApplicationContext(FacebookSdk.java:648)\n\tat com.facebook.FacebookSdk.getApplicationContext(Native Method)\n\tat com.facebook.UserSettingsManager.logIfSDKSettingsChanged(UserSettingsManager.java:268)\n\tat com.facebook.UserSettingsManager.initializeIfNotInitialized(UserSettingsManager.java:113)\n\tat com.facebook.UserSettingsManager.getAutoInitEnabled(UserSettingsManager.java:355)\n\tat com.facebook.FacebookSdk.getAutoInitEnabled(FacebookSdk.java:965)\n\tat com.facebook.FacebookSdk.getAutoInitEnabled(Native Method)\n\tat com.facebook.FacebookSdk.sdkInitialize(FacebookSdk.java:304)\n\tat com.facebook.FacebookSdk.sdkInitialize(Native Method)\n\tat com.facebook.FacebookSdk.sdkInitialize(FacebookSdk.java:248)\n\tat com.facebook.FacebookSdk.sdkInitialize(Native Method)\n\tat com.facebook.internal.FacebookInitProvider.onCreate(FacebookInitProvider.java:22)\n\tat android.content.ContentProvider.attachInfo(ContentProvider.java:2468)\n\tat android.content.ContentProvider.attachInfo(ContentProvider.java:2433)\n\tat android.app.ActivityThread.installProvider(ActivityThread.java:7966)\n\tat android.app.ActivityThread.installContentProviders(ActivityThread.java:7477)\n\tat android.app.ActivityThread.handleBindApplication(ActivityThread.java:7205)\n\tat android.app.ActivityThread.handleBindApplication(Native Method)\n\tat android.app.ActivityThread.-$$Nest$mhandleBindApplication(Unknown Source:0)\n\tat android.app.ActivityThread$H.handleMessage(ActivityThread.java:2241)\n\tat android.os.Handler.dispatchMessage(Handler.java:106)\n\tat android.os.Looper.loopOnce(Looper.java:211)\n\tat android.os.Looper.loop(Looper.java:300)\n\tat android.app.ActivityThread.main(ActivityThread.java:8395)\n\tat java.lang.reflect.Method.invoke(Native Method)\n\tat com.android.internal.os.RuntimeInit$MethodAndArgsCaller.run(RuntimeInit.java:559)\n\tat com.android.internal.os.ZygoteInit.main(ZygoteInit.java:954)\n"
},
{
    "type": "log",
    "source": "class",
    "method": "isInitialized",
    "package_name": "com.fambase.venus",
    "class_name": "com.facebook.FacebookSdk",
    "timestamp": 1728283767532,
    "ref": "<class: com.facebook.FacebookSdk>",
    "arguments": "{}",
    "stack_trace": "java.lang.Exception\n\tat com.facebook.FacebookSdk.isInitialized(Native Method)\n\tat com.facebook.internal.Validate.sdkInitialized(Validate.java:134)\n\tat com.facebook.appevents.AppEventsLoggerImpl.<init>(AppEventsLoggerImpl.java:487)\n\tat com.facebook.appevents.AppEventsLoggerImpl.<init>(AppEventsLoggerImpl.java:483)\n\tat com.facebook.appevents.InternalAppEventsLogger.<init>(InternalAppEventsLogger.java:45)\n\tat com.facebook.UserSettingsManager.logIfSDKSettingsChanged(UserSettingsManager.java:304)\n\tat com.facebook.UserSettingsManager.initializeIfNotInitialized(UserSettingsManager.java:113)\n\tat com.facebook.UserSettingsManager.getAutoInitEnabled(UserSettingsManager.java:355)\n\tat com.facebook.FacebookSdk.getAutoInitEnabled(FacebookSdk.java:965)\n\tat com.facebook.FacebookSdk.getAutoInitEnabled(Native Method)\n\tat com.facebook.FacebookSdk.sdkInitialize(FacebookSdk.java:304)\n\tat com.facebook.FacebookSdk.sdkInitialize(Native Method)\n\tat com.facebook.FacebookSdk.sdkInitialize(FacebookSdk.java:248)\n\tat com.facebook.FacebookSdk.sdkInitialize(Native Method)\n\tat com.facebook.internal.FacebookInitProvider.onCreate(FacebookInitProvider.java:22)\n\tat android.content.ContentProvider.attachInfo(ContentProvider.java:2468)\n\tat android.content.ContentProvider.attachInfo(ContentProvider.java:2433)\n\tat android.app.ActivityThread.installProvider(ActivityThread.java:7966)\n\tat android.app.ActivityThread.installContentProviders(ActivityThread.java:7477)\n\tat android.app.ActivityThread.handleBindApplication(ActivityThread.java:7205)\n\tat android.app.ActivityThread.handleBindApplication(Native Method)\n\tat android.app.ActivityThread.-$$Nest$mhandleBindApplication(Unknown Source:0)\n\tat android.app.ActivityThread$H.handleMessage(ActivityThread.java:2241)\n\tat android.os.Handler.dispatchMessage(Handler.java:106)\n\tat android.os.Looper.loopOnce(Looper.java:211)\n\tat android.os.Looper.loop(Looper.java:300)\n\tat android.app.ActivityThread.main(ActivityThread.java:8395)\n\tat java.lang.reflect.Method.invoke(Native Method)\n\tat com.android.internal.os.RuntimeInit$MethodAndArgsCaller.run(RuntimeInit.java:559)\n\tat com.android.internal.os.ZygoteInit.main(ZygoteInit.java:954)\n"
},
{
    "type": "log",
    "source": "class",
    "method": "getApplicationContext",
    "package_name": "com.fambase.venus",
    "class_name": "com.facebook.FacebookSdk",
    "timestamp": 1728283767538,
    "ref": "<class: com.facebook.FacebookSdk>",
    "arguments": "{}",
    "stack_trace": "java.lang.Exception\n\tat com.facebook.FacebookSdk.getApplicationContext(Native Method)\n\tat com.facebook.AccessTokenManager.getInstance(AccessTokenManager.java:81)\n\tat com.facebook.AccessToken.getCurrentAccessToken(AccessToken.java:210)\n\tat com.facebook.appevents.AppEventsLoggerImpl.<init>(AppEventsLoggerImpl.java:491)\n\tat com.facebook.appevents.AppEventsLoggerImpl.<init>(AppEventsLoggerImpl.java:483)\n\tat com.facebook.appevents.InternalAppEventsLogger.<init>(InternalAppEventsLogger.java:45)\n\tat com.facebook.UserSettingsManager.logIfSDKSettingsChanged(UserSettingsManager.java:304)\n\tat com.facebook.UserSettingsManager.initializeIfNotInitialized(UserSettingsManager.java:113)\n\tat com.facebook.UserSettingsManager.getAutoInitEnabled(UserSettingsManager.java:355)\n\tat com.facebook.FacebookSdk.getAutoInitEnabled(FacebookSdk.java:965)\n\tat com.facebook.FacebookSdk.getAutoInitEnabled(Native Method)\n\tat com.facebook.FacebookSdk.sdkInitialize(FacebookSdk.java:304)\n\tat com.facebook.FacebookSdk.sdkInitialize(Native Method)\n\tat com.facebook.FacebookSdk.sdkInitialize(FacebookSdk.java:248)\n\tat com.facebook.FacebookSdk.sdkInitialize(Native Method)\n\tat com.facebook.internal.FacebookInitProvider.onCreate(FacebookInitProvider.java:22)\n\tat android.content.ContentProvider.attachInfo(ContentProvider.java:2468)\n\tat android.content.ContentProvider.attachInfo(ContentProvider.java:2433)\n\tat android.app.ActivityThread.installProvider(ActivityThread.java:7966)\n\tat android.app.ActivityThread.installContentProviders(ActivityThread.java:7477)\n\tat android.app.ActivityThread.handleBindApplication(ActivityThread.java:7205)\n\tat android.app.ActivityThread.handleBindApplication(Native Method)\n\tat android.app.ActivityThread.-$$Nest$mhandleBindApplication(Unknown Source:0)\n\tat android.app.ActivityThread$H.handleMessage(ActivityThread.java:2241)\n\tat android.os.Handler.dispatchMessage(Handler.java:106)\n\tat android.os.Looper.loopOnce(Looper.java:211)\n\tat android.os.Looper.loop(Looper.java:300)\n\tat android.app.ActivityThread.main(ActivityThread.java:8395)\n\tat java.lang.reflect.Method.invoke(Native Method)\n\tat com.android.internal.os.RuntimeInit$MethodAndArgsCaller.run(RuntimeInit.java:559)\n\tat com.android.internal.os.ZygoteInit.main(ZygoteInit.java:954)\n"
},
{
    "type": "log",
    "source": "class",
    "method": "isInitialized",
    "package_name": "com.fambase.venus",
    "class_name": "com.facebook.FacebookSdk",
    "timestamp": 1728283767543,
    "ref": "<class: com.facebook.FacebookSdk>",
    "arguments": "{}",
    "stack_trace": "java.lang.Exception\n\tat com.facebook.FacebookSdk.isInitialized(Native Method)\n\tat com.facebook.internal.Validate.sdkInitialized(Validate.java:134)\n\tat com.facebook.FacebookSdk.getApplicationContext(FacebookSdk.java:648)\n\tat com.facebook.FacebookSdk.getApplicationContext(Native Method)\n\tat com.facebook.AccessTokenManager.getInstance(AccessTokenManager.java:81)\n\tat com.facebook.AccessToken.getCurrentAccessToken(AccessToken.java:210)\n\tat com.facebook.appevents.AppEventsLoggerImpl.<init>(AppEventsLoggerImpl.java:491)\n\tat com.facebook.appevents.AppEventsLoggerImpl.<init>(AppEventsLoggerImpl.java:483)\n\tat com.facebook.appevents.InternalAppEventsLogger.<init>(InternalAppEventsLogger.java:45)\n\tat com.facebook.UserSettingsManager.logIfSDKSettingsChanged(UserSettingsManager.java:304)\n\tat com.facebook.UserSettingsManager.initializeIfNotInitialized(UserSettingsManager.java:113)\n\tat com.facebook.UserSettingsManager.getAutoInitEnabled(UserSettingsManager.java:355)\n\tat com.facebook.FacebookSdk.getAutoInitEnabled(FacebookSdk.java:965)\n\tat com.facebook.FacebookSdk.getAutoInitEnabled(Native Method)\n\tat com.facebook.FacebookSdk.sdkInitialize(FacebookSdk.java:304)\n\tat com.facebook.FacebookSdk.sdkInitialize(Native Method)\n\tat com.facebook.FacebookSdk.sdkInitialize(FacebookSdk.java:248)\n\tat com.facebook.FacebookSdk.sdkInitialize(Native Method)\n\tat com.facebook.internal.FacebookInitProvider.onCreate(FacebookInitProvider.java:22)\n\tat android.content.ContentProvider.attachInfo(ContentProvider.java:2468)\n\tat android.content.ContentProvider.attachInfo(ContentProvider.java:2433)\n\tat android.app.ActivityThread.installProvider(ActivityThread.java:7966)\n\tat android.app.ActivityThread.installContentProviders(ActivityThread.java:7477)\n\tat android.app.ActivityThread.handleBindApplication(ActivityThread.java:7205)\n\tat android.app.ActivityThread.handleBindApplication(Native Method)\n\tat android.app.ActivityThread.-$$Nest$mhandleBindApplication(Unknown Source:0)\n\tat android.app.ActivityThread$H.handleMessage(ActivityThread.java:2241)\n\tat android.os.Handler.dispatchMessage(Handler.java:106)\n\tat android.os.Looper.loopOnce(Looper.java:211)\n\tat android.os.Looper.loop(Looper.java:300)\n\tat android.app.ActivityThread.main(ActivityThread.java:8395)\n\tat java.lang.reflect.Method.invoke(Native Method)\n\tat com.android.internal.os.RuntimeInit$MethodAndArgsCaller.run(RuntimeInit.java:559)\n\tat com.android.internal.os.ZygoteInit.main(ZygoteInit.java:954)\n"
},
{
    "type": "log",
    "source": "class",
    "method": "getApplicationContext",
    "package_name": "com.fambase.venus",
    "class_name": "com.facebook.FacebookSdk",
    "timestamp": 1728283767552,
    "ref": "<class: com.facebook.FacebookSdk>",
    "arguments": "{}",
    "stack_trace": "java.lang.Exception\n\tat com.facebook.FacebookSdk.getApplicationContext(Native Method)\n\tat com.facebook.AccessTokenCache.<init>(AccessTokenCache.java:46)\n\tat com.facebook.AccessTokenManager.getInstance(AccessTokenManager.java:84)\n\tat com.facebook.AccessToken.getCurrentAccessToken(AccessToken.java:210)\n\tat com.facebook.appevents.AppEventsLoggerImpl.<init>(AppEventsLoggerImpl.java:491)\n\tat com.facebook.appevents.AppEventsLoggerImpl.<init>(AppEventsLoggerImpl.java:483)\n\tat com.facebook.appevents.InternalAppEventsLogger.<init>(InternalAppEventsLogger.java:45)\n\tat com.facebook.UserSettingsManager.logIfSDKSettingsChanged(UserSettingsManager.java:304)\n\tat com.facebook.UserSettingsManager.initializeIfNotInitialized(UserSettingsManager.java:113)\n\tat com.facebook.UserSettingsManager.getAutoInitEnabled(UserSettingsManager.java:355)\n\tat com.facebook.FacebookSdk.getAutoInitEnabled(FacebookSdk.java:965)\n\tat com.facebook.FacebookSdk.getAutoInitEnabled(Native Method)\n\tat com.facebook.FacebookSdk.sdkInitialize(FacebookSdk.java:304)\n\tat com.facebook.FacebookSdk.sdkInitialize(Native Method)\n\tat com.facebook.FacebookSdk.sdkInitialize(FacebookSdk.java:248)\n\tat com.facebook.FacebookSdk.sdkInitialize(Native Method)\n\tat com.facebook.internal.FacebookInitProvider.onCreate(FacebookInitProvider.java:22)\n\tat android.content.ContentProvider.attachInfo(ContentProvider.java:2468)\n\tat android.content.ContentProvider.attachInfo(ContentProvider.java:2433)\n\tat android.app.ActivityThread.installProvider(ActivityThread.java:7966)\n\tat android.app.ActivityThread.installContentProviders(ActivityThread.java:7477)\n\tat android.app.ActivityThread.handleBindApplication(ActivityThread.java:7205)\n\tat android.app.ActivityThread.handleBindApplication(Native Method)\n\tat android.app.ActivityThread.-$$Nest$mhandleBindApplication(Unknown Source:0)\n\tat android.app.ActivityThread$H.handleMessage(ActivityThread.java:2241)\n\tat android.os.Handler.dispatchMessage(Handler.java:106)\n\tat android.os.Looper.loopOnce(Looper.java:211)\n\tat android.os.Looper.loop(Looper.java:300)\n\tat android.app.ActivityThread.main(ActivityThread.java:8395)\n\tat java.lang.reflect.Method.invoke(Native Method)\n\tat com.android.internal.os.RuntimeInit$MethodAndArgsCaller.run(RuntimeInit.java:559)\n\tat com.android.internal.os.ZygoteInit.main(ZygoteInit.java:954)\n"
},
{
    "type": "log",
    "source": "class",
    "method": "isInitialized",
    "package_name": "com.fambase.venus",
    "class_name": "com.facebook.FacebookSdk",
    "timestamp": 1728283767558,
    "ref": "<class: com.facebook.FacebookSdk>",
    "arguments": "{}",
    "stack_trace": "java.lang.Exception\n\tat com.facebook.FacebookSdk.isInitialized(Native Method)\n\tat com.facebook.internal.Validate.sdkInitialized(Validate.java:134)\n\tat com.facebook.FacebookSdk.getApplicationContext(FacebookSdk.java:648)\n\tat com.facebook.FacebookSdk.getApplicationContext(Native Method)\n\tat com.facebook.AccessTokenCache.<init>(AccessTokenCache.java:46)\n\tat com.facebook.AccessTokenManager.getInstance(AccessTokenManager.java:84)\n\tat com.facebook.AccessToken.getCurrentAccessToken(AccessToken.java:210)\n\tat com.facebook.appevents.AppEventsLoggerImpl.<init>(AppEventsLoggerImpl.java:491)\n\tat com.facebook.appevents.AppEventsLoggerImpl.<init>(AppEventsLoggerImpl.java:483)\n\tat com.facebook.appevents.InternalAppEventsLogger.<init>(InternalAppEventsLogger.java:45)\n\tat com.facebook.UserSettingsManager.logIfSDKSettingsChanged(UserSettingsManager.java:304)\n\tat com.facebook.UserSettingsManager.initializeIfNotInitialized(UserSettingsManager.java:113)\n\tat com.facebook.UserSettingsManager.getAutoInitEnabled(UserSettingsManager.java:355)\n\tat com.facebook.FacebookSdk.getAutoInitEnabled(FacebookSdk.java:965)\n\tat com.facebook.FacebookSdk.getAutoInitEnabled(Native Method)\n\tat com.facebook.FacebookSdk.sdkInitialize(FacebookSdk.java:304)\n\tat com.facebook.FacebookSdk.sdkInitialize(Native Method)\n\tat com.facebook.FacebookSdk.sdkInitialize(FacebookSdk.java:248)\n\tat com.facebook.FacebookSdk.sdkInitialize(Native Method)\n\tat com.facebook.internal.FacebookInitProvider.onCreate(FacebookInitProvider.java:22)\n\tat android.content.ContentProvider.attachInfo(ContentProvider.java:2468)\n\tat android.content.ContentProvider.attachInfo(ContentProvider.java:2433)\n\tat android.app.ActivityThread.installProvider(ActivityThread.java:7966)\n\tat android.app.ActivityThread.installContentProviders(ActivityThread.java:7477)\n\tat android.app.ActivityThread.handleBindApplication(ActivityThread.java:7205)\n\tat android.app.ActivityThread.handleBindApplication(Native Method)\n\tat android.app.ActivityThread.-$$Nest$mhandleBindApplication(Unknown Source:0)\n\tat android.app.ActivityThread$H.handleMessage(ActivityThread.java:2241)\n\tat android.os.Handler.dispatchMessage(Handler.java:106)\n\tat android.os.Looper.loopOnce(Looper.java:211)\n\tat android.os.Looper.loop(Looper.java:300)\n\tat android.app.ActivityThread.main(ActivityThread.java:8395)\n\tat java.lang.reflect.Method.invoke(Native Method)\n\tat com.android.internal.os.RuntimeInit$MethodAndArgsCaller.run(RuntimeInit.java:559)\n\tat com.android.internal.os.ZygoteInit.main(ZygoteInit.java:954)\n"
},
{
    "type": "log",
    "source": "class",
    "method": "getApplicationContext",
    "package_name": "com.fambase.venus",
    "class_name": "com.facebook.FacebookSdk",
    "timestamp": 1728283767565,
    "ref": "<class: com.facebook.FacebookSdk>",
    "arguments": "{}",
    "stack_trace": "java.lang.Exception\n\tat com.facebook.FacebookSdk.getApplicationContext(Native Method)\n\tat com.facebook.appevents.AppEventsLoggerImpl.<init>(AppEventsLoggerImpl.java:501)\n\tat com.facebook.appevents.AppEventsLoggerImpl.<init>(AppEventsLoggerImpl.java:483)\n\tat com.facebook.appevents.InternalAppEventsLogger.<init>(InternalAppEventsLogger.java:45)\n\tat com.facebook.UserSettingsManager.logIfSDKSettingsChanged(UserSettingsManager.java:304)\n\tat com.facebook.UserSettingsManager.initializeIfNotInitialized(UserSettingsManager.java:113)\n\tat com.facebook.UserSettingsManager.getAutoInitEnabled(UserSettingsManager.java:355)\n\tat com.facebook.FacebookSdk.getAutoInitEnabled(FacebookSdk.java:965)\n\tat com.facebook.FacebookSdk.getAutoInitEnabled(Native Method)\n\tat com.facebook.FacebookSdk.sdkInitialize(FacebookSdk.java:304)\n\tat com.facebook.FacebookSdk.sdkInitialize(Native Method)\n\tat com.facebook.FacebookSdk.sdkInitialize(FacebookSdk.java:248)\n\tat com.facebook.FacebookSdk.sdkInitialize(Native Method)\n\tat com.facebook.internal.FacebookInitProvider.onCreate(FacebookInitProvider.java:22)\n\tat android.content.ContentProvider.attachInfo(ContentProvider.java:2468)\n\tat android.content.ContentProvider.attachInfo(ContentProvider.java:2433)\n\tat android.app.ActivityThread.installProvider(ActivityThread.java:7966)\n\tat android.app.ActivityThread.installContentProviders(ActivityThread.java:7477)\n\tat android.app.ActivityThread.handleBindApplication(ActivityThread.java:7205)\n\tat android.app.ActivityThread.handleBindApplication(Native Method)\n\tat android.app.ActivityThread.-$$Nest$mhandleBindApplication(Unknown Source:0)\n\tat android.app.ActivityThread$H.handleMessage(ActivityThread.java:2241)\n\tat android.os.Handler.dispatchMessage(Handler.java:106)\n\tat android.os.Looper.loopOnce(Looper.java:211)\n\tat android.os.Looper.loop(Looper.java:300)\n\tat android.app.ActivityThread.main(ActivityThread.java:8395)\n\tat java.lang.reflect.Method.invoke(Native Method)\n\tat com.android.internal.os.RuntimeInit$MethodAndArgsCaller.run(RuntimeInit.java:559)\n\tat com.android.internal.os.ZygoteInit.main(ZygoteInit.java:954)\n"
},
{
    "type": "log",
    "source": "class",
    "method": "getInstance",
    "package_name": "com.fambase.venus",
    "class_name": "com.google.firebase.analytics.FirebaseAnalytics",
    "timestamp": 1728283767569,
    "ref": "<class: com.google.firebase.analytics.FirebaseAnalytics>",
    "arguments": "{\"0\":\"<instance: android.content.Context, $className: com.fambase.venus.VenusApp>\"}",
    "stack_trace": "java.lang.Exception\n\tat com.google.firebase.analytics.FirebaseAnalytics.getInstance(Native Method)\n\tat java.lang.reflect.Method.invoke(Native Method)\n\tat m.tf.f(:com.google.android.gms.dynamite_measurementdynamite@243834029@24.38.34 (190400-0):47)\n\tat m.rp.X(:com.google.android.gms.dynamite_measurementdynamite@243834029@24.38.34 (190400-0):209)\n\tat m.tn.b(:com.google.android.gms.dynamite_measurementdynamite@243834029@24.38.34 (190400-0):70)\n\tat m.tn.a(:com.google.android.gms.dynamite_measurementdynamite@243834029@24.38.34 (190400-0):65)\n\tat m.pp.run(:com.google.android.gms.dynamite_measurementdynamite@243834029@24.38.34 (190400-0):2093)\n\tat java.util.concurrent.Executors$RunnableAdapter.call(Executors.java:463)\n\tat java.util.concurrent.FutureTask.run(FutureTask.java:264)\n\tat m.pl.run(:com.google.android.gms.dynamite_measurementdynamite@243834029@24.38.34 (190400-0):48)\n"
},
{
    "type": "log",
    "source": "class",
    "method": "getFirebaseInstanceId",
    "package_name": "com.fambase.venus",
    "class_name": "com.google.firebase.analytics.FirebaseAnalytics",
    "timestamp": 1728283767573,
    "ref": "com.google.firebase.analytics.FirebaseAnalytics@709fbab",
    "arguments": "{}",
    "stack_trace": "java.lang.Exception\n\tat com.google.firebase.analytics.FirebaseAnalytics.getFirebaseInstanceId(Native Method)\n\tat java.lang.reflect.Method.invoke(Native Method)\n\tat m.tf.f(:com.google.android.gms.dynamite_measurementdynamite@243834029@24.38.34 (190400-0):49)\n\tat m.rp.X(:com.google.android.gms.dynamite_measurementdynamite@243834029@24.38.34 (190400-0):209)\n\tat m.tn.b(:com.google.android.gms.dynamite_measurementdynamite@243834029@24.38.34 (190400-0):70)\n\tat m.tn.a(:com.google.android.gms.dynamite_measurementdynamite@243834029@24.38.34 (190400-0):65)\n\tat m.pp.run(:com.google.android.gms.dynamite_measurementdynamite@243834029@24.38.34 (190400-0):2093)\n\tat java.util.concurrent.Executors$RunnableAdapter.call(Executors.java:463)\n\tat java.util.concurrent.FutureTask.run(FutureTask.java:264)\n\tat m.pl.run(:com.google.android.gms.dynamite_measurementdynamite@243834029@24.38.34 (190400-0):48)\n"
},
{
    "type": "log",
    "source": "class",
    "method": "isInitialized",
    "package_name": "com.fambase.venus",
    "class_name": "com.facebook.FacebookSdk",
    "timestamp": 1728283767571,
    "ref": "<class: com.facebook.FacebookSdk>",
    "arguments": "{}",
    "stack_trace": "java.lang.Exception\n\tat com.facebook.FacebookSdk.isInitialized(Native Method)\n\tat com.facebook.internal.Validate.sdkInitialized(Validate.java:134)\n\tat com.facebook.FacebookSdk.getApplicationContext(FacebookSdk.java:648)\n\tat com.facebook.FacebookSdk.getApplicationContext(Native Method)\n\tat com.facebook.appevents.AppEventsLoggerImpl.<init>(AppEventsLoggerImpl.java:501)\n\tat com.facebook.appevents.AppEventsLoggerImpl.<init>(AppEventsLoggerImpl.java:483)\n\tat com.facebook.appevents.InternalAppEventsLogger.<init>(InternalAppEventsLogger.java:45)\n\tat com.facebook.UserSettingsManager.logIfSDKSettingsChanged(UserSettingsManager.java:304)\n\tat com.facebook.UserSettingsManager.initializeIfNotInitialized(UserSettingsManager.java:113)\n\tat com.facebook.UserSettingsManager.getAutoInitEnabled(UserSettingsManager.java:355)\n\tat com.facebook.FacebookSdk.getAutoInitEnabled(FacebookSdk.java:965)\n\tat com.facebook.FacebookSdk.getAutoInitEnabled(Native Method)\n\tat com.facebook.FacebookSdk.sdkInitialize(FacebookSdk.java:304)\n\tat com.facebook.FacebookSdk.sdkInitialize(Native Method)\n\tat com.facebook.FacebookSdk.sdkInitialize(FacebookSdk.java:248)\n\tat com.facebook.FacebookSdk.sdkInitialize(Native Method)\n\tat com.facebook.internal.FacebookInitProvider.onCreate(FacebookInitProvider.java:22)\n\tat android.content.ContentProvider.attachInfo(ContentProvider.java:2468)\n\tat android.content.ContentProvider.attachInfo(ContentProvider.java:2433)\n\tat android.app.ActivityThread.installProvider(ActivityThread.java:7966)\n\tat android.app.ActivityThread.installContentProviders(ActivityThread.java:7477)\n\tat android.app.ActivityThread.handleBindApplication(ActivityThread.java:7205)\n\tat android.app.ActivityThread.handleBindApplication(Native Method)\n\tat android.app.ActivityThread.-$$Nest$mhandleBindApplication(Unknown Source:0)\n\tat android.app.ActivityThread$H.handleMessage(ActivityThread.java:2241)\n\tat android.os.Handler.dispatchMessage(Handler.java:106)\n\tat android.os.Looper.loopOnce(Looper.java:211)\n\tat android.os.Looper.loop(Looper.java:300)\n\tat android.app.ActivityThread.main(ActivityThread.java:8395)\n\tat java.lang.reflect.Method.invoke(Native Method)\n\tat com.android.internal.os.RuntimeInit$MethodAndArgsCaller.run(RuntimeInit.java:559)\n\tat com.android.internal.os.ZygoteInit.main(ZygoteInit.java:954)\n"
},
{
    "type": "log",
    "source": "class",
    "method": "sdkInitialize",
    "package_name": "com.fambase.venus",
    "class_name": "com.facebook.FacebookSdk",
    "timestamp": 1728283767576,
    "ref": "<class: com.facebook.FacebookSdk>",
    "arguments": "{\"0\":\"<instance: android.content.Context, $className: com.fambase.venus.VenusApp>\"}",
    "stack_trace": "java.lang.Exception\n\tat com.facebook.FacebookSdk.sdkInitialize(Native Method)\n\tat com.facebook.internal.Utility.getMetadataApplicationId(Utility.java:442)\n\tat com.facebook.appevents.AppEventsLoggerImpl.<init>(AppEventsLoggerImpl.java:501)\n\tat com.facebook.appevents.AppEventsLoggerImpl.<init>(AppEventsLoggerImpl.java:483)\n\tat com.facebook.appevents.InternalAppEventsLogger.<init>(InternalAppEventsLogger.java:45)\n\tat com.facebook.UserSettingsManager.logIfSDKSettingsChanged(UserSettingsManager.java:304)\n\tat com.facebook.UserSettingsManager.initializeIfNotInitialized(UserSettingsManager.java:113)\n\tat com.facebook.UserSettingsManager.getAutoInitEnabled(UserSettingsManager.java:355)\n\tat com.facebook.FacebookSdk.getAutoInitEnabled(FacebookSdk.java:965)\n\tat com.facebook.FacebookSdk.getAutoInitEnabled(Native Method)\n\tat com.facebook.FacebookSdk.sdkInitialize(FacebookSdk.java:304)\n\tat com.facebook.FacebookSdk.sdkInitialize(Native Method)\n\tat com.facebook.FacebookSdk.sdkInitialize(FacebookSdk.java:248)\n\tat com.facebook.FacebookSdk.sdkInitialize(Native Method)\n\tat com.facebook.internal.FacebookInitProvider.onCreate(FacebookInitProvider.java:22)\n\tat android.content.ContentProvider.attachInfo(ContentProvider.java:2468)\n\tat android.content.ContentProvider.attachInfo(ContentProvider.java:2433)\n\tat android.app.ActivityThread.installProvider(ActivityThread.java:7966)\n\tat android.app.ActivityThread.installContentProviders(ActivityThread.java:7477)\n\tat android.app.ActivityThread.handleBindApplication(ActivityThread.java:7205)\n\tat android.app.ActivityThread.handleBindApplication(Native Method)\n\tat android.app.ActivityThread.-$$Nest$mhandleBindApplication(Unknown Source:0)\n\tat android.app.ActivityThread$H.handleMessage(ActivityThread.java:2241)\n\tat android.os.Handler.dispatchMessage(Handler.java:106)\n\tat android.os.Looper.loopOnce(Looper.java:211)\n\tat android.os.Looper.loop(Looper.java:300)\n\tat android.app.ActivityThread.main(ActivityThread.java:8395)\n\tat java.lang.reflect.Method.invoke(Native Method)\n\tat com.android.internal.os.RuntimeInit$MethodAndArgsCaller.run(RuntimeInit.java:559)\n\tat com.android.internal.os.ZygoteInit.main(ZygoteInit.java:954)\n"
},
{
    "type": "log",
    "source": "class",
    "method": "sdkInitialize",
    "package_name": "com.fambase.venus",
    "class_name": "com.facebook.FacebookSdk",
    "timestamp": 1728283767581,
    "ref": "<class: com.facebook.FacebookSdk>",
    "arguments": "{\"0\":\"<instance: android.content.Context, $className: com.fambase.venus.VenusApp>\",\"1\":null}",
    "stack_trace": "java.lang.Exception\n\tat com.facebook.FacebookSdk.sdkInitialize(Native Method)\n\tat com.facebook.FacebookSdk.sdkInitialize(FacebookSdk.java:248)\n\tat com.facebook.FacebookSdk.sdkInitialize(Native Method)\n\tat com.facebook.internal.Utility.getMetadataApplicationId(Utility.java:442)\n\tat com.facebook.appevents.AppEventsLoggerImpl.<init>(AppEventsLoggerImpl.java:501)\n\tat com.facebook.appevents.AppEventsLoggerImpl.<init>(AppEventsLoggerImpl.java:483)\n\tat com.facebook.appevents.InternalAppEventsLogger.<init>(InternalAppEventsLogger.java:45)\n\tat com.facebook.UserSettingsManager.logIfSDKSettingsChanged(UserSettingsManager.java:304)\n\tat com.facebook.UserSettingsManager.initializeIfNotInitialized(UserSettingsManager.java:113)\n\tat com.facebook.UserSettingsManager.getAutoInitEnabled(UserSettingsManager.java:355)\n\tat com.facebook.FacebookSdk.getAutoInitEnabled(FacebookSdk.java:965)\n\tat com.facebook.FacebookSdk.getAutoInitEnabled(Native Method)\n\tat com.facebook.FacebookSdk.sdkInitialize(FacebookSdk.java:304)\n\tat com.facebook.FacebookSdk.sdkInitialize(Native Method)\n\tat com.facebook.FacebookSdk.sdkInitialize(FacebookSdk.java:248)\n\tat com.facebook.FacebookSdk.sdkInitialize(Native Method)\n\tat com.facebook.internal.FacebookInitProvider.onCreate(FacebookInitProvider.java:22)\n\tat android.content.ContentProvider.attachInfo(ContentProvider.java:2468)\n\tat android.content.ContentProvider.attachInfo(ContentProvider.java:2433)\n\tat android.app.ActivityThread.installProvider(ActivityThread.java:7966)\n\tat android.app.ActivityThread.installContentProviders(ActivityThread.java:7477)\n\tat android.app.ActivityThread.handleBindApplication(ActivityThread.java:7205)\n\tat android.app.ActivityThread.handleBindApplication(Native Method)\n\tat android.app.ActivityThread.-$$Nest$mhandleBindApplication(Unknown Source:0)\n\tat android.app.ActivityThread$H.handleMessage(ActivityThread.java:2241)\n\tat android.os.Handler.dispatchMessage(Handler.java:106)\n\tat android.os.Looper.loopOnce(Looper.java:211)\n\tat android.os.Looper.loop(Looper.java:300)\n\tat android.app.ActivityThread.main(ActivityThread.java:8395)\n\tat java.lang.reflect.Method.invoke(Native Method)\n\tat com.android.internal.os.RuntimeInit$MethodAndArgsCaller.run(RuntimeInit.java:559)\n\tat com.android.internal.os.ZygoteInit.main(ZygoteInit.java:954)\n"
},
{
    "type": "log",
    "source": "class",
    "method": "getApplicationId",
    "package_name": "com.fambase.venus",
    "class_name": "com.facebook.FacebookSdk",
    "timestamp": 1728283767586,
    "ref": "<class: com.facebook.FacebookSdk>",
    "arguments": "{}",
    "stack_trace": "java.lang.Exception\n\tat com.facebook.FacebookSdk.getApplicationId(Native Method)\n\tat com.facebook.internal.Utility.getMetadataApplicationId(Utility.java:444)\n\tat com.facebook.appevents.AppEventsLoggerImpl.<init>(AppEventsLoggerImpl.java:501)\n\tat com.facebook.appevents.AppEventsLoggerImpl.<init>(AppEventsLoggerImpl.java:483)\n\tat com.facebook.appevents.InternalAppEventsLogger.<init>(InternalAppEventsLogger.java:45)\n\tat com.facebook.UserSettingsManager.logIfSDKSettingsChanged(UserSettingsManager.java:304)\n\tat com.facebook.UserSettingsManager.initializeIfNotInitialized(UserSettingsManager.java:113)\n\tat com.facebook.UserSettingsManager.getAutoInitEnabled(UserSettingsManager.java:355)\n\tat com.facebook.FacebookSdk.getAutoInitEnabled(FacebookSdk.java:965)\n\tat com.facebook.FacebookSdk.getAutoInitEnabled(Native Method)\n\tat com.facebook.FacebookSdk.sdkInitialize(FacebookSdk.java:304)\n\tat com.facebook.FacebookSdk.sdkInitialize(Native Method)\n\tat com.facebook.FacebookSdk.sdkInitialize(FacebookSdk.java:248)\n\tat com.facebook.FacebookSdk.sdkInitialize(Native Method)\n\tat com.facebook.internal.FacebookInitProvider.onCreate(FacebookInitProvider.java:22)\n\tat android.content.ContentProvider.attachInfo(ContentProvider.java:2468)\n\tat android.content.ContentProvider.attachInfo(ContentProvider.java:2433)\n\tat android.app.ActivityThread.installProvider(ActivityThread.java:7966)\n\tat android.app.ActivityThread.installContentProviders(ActivityThread.java:7477)\n\tat android.app.ActivityThread.handleBindApplication(ActivityThread.java:7205)\n\tat android.app.ActivityThread.handleBindApplication(Native Method)\n\tat android.app.ActivityThread.-$$Nest$mhandleBindApplication(Unknown Source:0)\n\tat android.app.ActivityThread$H.handleMessage(ActivityThread.java:2241)\n\tat android.os.Handler.dispatchMessage(Handler.java:106)\n\tat android.os.Looper.loopOnce(Looper.java:211)\n\tat android.os.Looper.loop(Looper.java:300)\n\tat android.app.ActivityThread.main(ActivityThread.java:8395)\n\tat java.lang.reflect.Method.invoke(Native Method)\n\tat com.android.internal.os.RuntimeInit$MethodAndArgsCaller.run(RuntimeInit.java:559)\n\tat com.android.internal.os.ZygoteInit.main(ZygoteInit.java:954)\n"
},
{
    "type": "log",
    "source": "class",
    "method": "isInitialized",
    "package_name": "com.fambase.venus",
    "class_name": "com.facebook.FacebookSdk",
    "timestamp": 1728283767591,
    "ref": "<class: com.facebook.FacebookSdk>",
    "arguments": "{}",
    "stack_trace": "java.lang.Exception\n\tat com.facebook.FacebookSdk.isInitialized(Native Method)\n\tat com.facebook.internal.Validate.sdkInitialized(Validate.java:134)\n\tat com.facebook.FacebookSdk.getApplicationId(FacebookSdk.java:909)\n\tat com.facebook.FacebookSdk.getApplicationId(Native Method)\n\tat com.facebook.internal.Utility.getMetadataApplicationId(Utility.java:444)\n\tat com.facebook.appevents.AppEventsLoggerImpl.<init>(AppEventsLoggerImpl.java:501)\n\tat com.facebook.appevents.AppEventsLoggerImpl.<init>(AppEventsLoggerImpl.java:483)\n\tat com.facebook.appevents.InternalAppEventsLogger.<init>(InternalAppEventsLogger.java:45)\n\tat com.facebook.UserSettingsManager.logIfSDKSettingsChanged(UserSettingsManager.java:304)\n\tat com.facebook.UserSettingsManager.initializeIfNotInitialized(UserSettingsManager.java:113)\n\tat com.facebook.UserSettingsManager.getAutoInitEnabled(UserSettingsManager.java:355)\n\tat com.facebook.FacebookSdk.getAutoInitEnabled(FacebookSdk.java:965)\n\tat com.facebook.FacebookSdk.getAutoInitEnabled(Native Method)\n\tat com.facebook.FacebookSdk.sdkInitialize(FacebookSdk.java:304)\n\tat com.facebook.FacebookSdk.sdkInitialize(Native Method)\n\tat com.facebook.FacebookSdk.sdkInitialize(FacebookSdk.java:248)\n\tat com.facebook.FacebookSdk.sdkInitialize(Native Method)\n\tat com.facebook.internal.FacebookInitProvider.onCreate(FacebookInitProvider.java:22)\n\tat android.content.ContentProvider.attachInfo(ContentProvider.java:2468)\n\tat android.content.ContentProvider.attachInfo(ContentProvider.java:2433)\n\tat android.app.ActivityThread.installProvider(ActivityThread.java:7966)\n\tat android.app.ActivityThread.installContentProviders(ActivityThread.java:7477)\n\tat android.app.ActivityThread.handleBindApplication(ActivityThread.java:7205)\n\tat android.app.ActivityThread.handleBindApplication(Native Method)\n\tat android.app.ActivityThread.-$$Nest$mhandleBindApplication(Unknown Source:0)\n\tat android.app.ActivityThread$H.handleMessage(ActivityThread.java:2241)\n\tat android.os.Handler.dispatchMessage(Handler.java:106)\n\tat android.os.Looper.loopOnce(Looper.java:211)\n\tat android.os.Looper.loop(Looper.java:300)\n\tat android.app.ActivityThread.main(ActivityThread.java:8395)\n\tat java.lang.reflect.Method.invoke(Native Method)\n\tat com.android.internal.os.RuntimeInit$MethodAndArgsCaller.run(RuntimeInit.java:559)\n\tat com.android.internal.os.ZygoteInit.main(ZygoteInit.java:954)\n"
},
{
    "type": "log",
    "source": "class",
    "method": "getAutoLogAppEventsEnabled",
    "package_name": "com.fambase.venus",
    "class_name": "com.facebook.FacebookSdk",
    "timestamp": 1728283767598,
    "ref": "<class: com.facebook.FacebookSdk>",
    "arguments": "{}",
    "stack_trace": "java.lang.Exception\n\tat com.facebook.FacebookSdk.getAutoLogAppEventsEnabled(Native Method)\n\tat com.facebook.appevents.InternalAppEventsLogger.logEventImplicitly(InternalAppEventsLogger.java:105)\n\tat com.facebook.UserSettingsManager.logIfSDKSettingsChanged(UserSettingsManager.java:310)\n\tat com.facebook.UserSettingsManager.initializeIfNotInitialized(UserSettingsManager.java:113)\n\tat com.facebook.UserSettingsManager.getAutoInitEnabled(UserSettingsManager.java:355)\n\tat com.facebook.FacebookSdk.getAutoInitEnabled(FacebookSdk.java:965)\n\tat com.facebook.FacebookSdk.getAutoInitEnabled(Native Method)\n\tat com.facebook.FacebookSdk.sdkInitialize(FacebookSdk.java:304)\n\tat com.facebook.FacebookSdk.sdkInitialize(Native Method)\n\tat com.facebook.FacebookSdk.sdkInitialize(FacebookSdk.java:248)\n\tat com.facebook.FacebookSdk.sdkInitialize(Native Method)\n\tat com.facebook.internal.FacebookInitProvider.onCreate(FacebookInitProvider.java:22)\n\tat android.content.ContentProvider.attachInfo(ContentProvider.java:2468)\n\tat android.content.ContentProvider.attachInfo(ContentProvider.java:2433)\n\tat android.app.ActivityThread.installProvider(ActivityThread.java:7966)\n\tat android.app.ActivityThread.installContentProviders(ActivityThread.java:7477)\n\tat android.app.ActivityThread.handleBindApplication(ActivityThread.java:7205)\n\tat android.app.ActivityThread.handleBindApplication(Native Method)\n\tat android.app.ActivityThread.-$$Nest$mhandleBindApplication(Unknown Source:0)\n\tat android.app.ActivityThread$H.handleMessage(ActivityThread.java:2241)\n\tat android.os.Handler.dispatchMessage(Handler.java:106)\n\tat android.os.Looper.loopOnce(Looper.java:211)\n\tat android.os.Looper.loop(Looper.java:300)\n\tat android.app.ActivityThread.main(ActivityThread.java:8395)\n\tat java.lang.reflect.Method.invoke(Native Method)\n\tat com.android.internal.os.RuntimeInit$MethodAndArgsCaller.run(RuntimeInit.java:559)\n\tat com.android.internal.os.ZygoteInit.main(ZygoteInit.java:954)\n"
},
{
    "type": "log",
    "source": "class",
    "method": "getInstance",
    "package_name": "com.fambase.venus",
    "class_name": "com.google.firebase.analytics.FirebaseAnalytics",
    "timestamp": 1728283767604,
    "ref": "<class: com.google.firebase.analytics.FirebaseAnalytics>",
    "arguments": "{\"0\":\"<instance: android.content.Context, $className: com.fambase.venus.VenusApp>\"}",
    "stack_trace": "java.lang.Exception\n\tat com.google.firebase.analytics.FirebaseAnalytics.getInstance(Native Method)\n\tat java.lang.reflect.Method.invoke(Native Method)\n\tat m.tf.f(:com.google.android.gms.dynamite_measurementdynamite@243834029@24.38.34 (190400-0):47)\n\tat m.rp.ab(:com.google.android.gms.dynamite_measurementdynamite@243834029@24.38.34 (190400-0):143)\n\tat m.rp.H(:com.google.android.gms.dynamite_measurementdynamite@243834029@24.38.34 (190400-0):30)\n\tat m.tn.b(:com.google.android.gms.dynamite_measurementdynamite@243834029@24.38.34 (190400-0):123)\n\tat m.tn.a(:com.google.android.gms.dynamite_measurementdynamite@243834029@24.38.34 (190400-0):65)\n\tat m.pp.run(:com.google.android.gms.dynamite_measurementdynamite@243834029@24.38.34 (190400-0):2093)\n\tat java.util.concurrent.Executors$RunnableAdapter.call(Executors.java:463)\n\tat java.util.concurrent.FutureTask.run(FutureTask.java:264)\n\tat m.pl.run(:com.google.android.gms.dynamite_measurementdynamite@243834029@24.38.34 (190400-0):48)\n"
},
{
    "type": "log",
    "source": "class",
    "method": "isInitialized",
    "package_name": "com.fambase.venus",
    "class_name": "com.facebook.FacebookSdk",
    "timestamp": 1728283767602,
    "ref": "<class: com.facebook.FacebookSdk>",
    "arguments": "{}",
    "stack_trace": "java.lang.Exception\n\tat com.facebook.FacebookSdk.isInitialized(Native Method)\n\tat com.facebook.UserSettingsManager.initializeIfNotInitialized(UserSettingsManager.java:98)\n\tat com.facebook.UserSettingsManager.getAutoLogAppEventsEnabled(UserSettingsManager.java:370)\n\tat com.facebook.FacebookSdk.getAutoLogAppEventsEnabled(FacebookSdk.java:987)\n\tat com.facebook.FacebookSdk.getAutoLogAppEventsEnabled(Native Method)\n\tat com.facebook.appevents.InternalAppEventsLogger.logEventImplicitly(InternalAppEventsLogger.java:105)\n\tat com.facebook.UserSettingsManager.logIfSDKSettingsChanged(UserSettingsManager.java:310)\n\tat com.facebook.UserSettingsManager.initializeIfNotInitialized(UserSettingsManager.java:113)\n\tat com.facebook.UserSettingsManager.getAutoInitEnabled(UserSettingsManager.java:355)\n\tat com.facebook.FacebookSdk.getAutoInitEnabled(FacebookSdk.java:965)\n\tat com.facebook.FacebookSdk.getAutoInitEnabled(Native Method)\n\tat com.facebook.FacebookSdk.sdkInitialize(FacebookSdk.java:304)\n\tat com.facebook.FacebookSdk.sdkInitialize(Native Method)\n\tat com.facebook.FacebookSdk.sdkInitialize(FacebookSdk.java:248)\n\tat com.facebook.FacebookSdk.sdkInitialize(Native Method)\n\tat com.facebook.internal.FacebookInitProvider.onCreate(FacebookInitProvider.java:22)\n\tat android.content.ContentProvider.attachInfo(ContentProvider.java:2468)\n\tat android.content.ContentProvider.attachInfo(ContentProvider.java:2433)\n\tat android.app.ActivityThread.installProvider(ActivityThread.java:7966)\n\tat android.app.ActivityThread.installContentProviders(ActivityThread.java:7477)\n\tat android.app.ActivityThread.handleBindApplication(ActivityThread.java:7205)\n\tat android.app.ActivityThread.handleBindApplication(Native Method)\n\tat android.app.ActivityThread.-$$Nest$mhandleBindApplication(Unknown Source:0)\n\tat android.app.ActivityThread$H.handleMessage(ActivityThread.java:2241)\n\tat android.os.Handler.dispatchMessage(Handler.java:106)\n\tat android.os.Looper.loopOnce(Looper.java:211)\n\tat android.os.Looper.loop(Looper.java:300)\n\tat android.app.ActivityThread.main(ActivityThread.java:8395)\n\tat java.lang.reflect.Method.invoke(Native Method)\n\tat com.android.internal.os.RuntimeInit$MethodAndArgsCaller.run(RuntimeInit.java:559)\n\tat com.android.internal.os.ZygoteInit.main(ZygoteInit.java:954)\n"
},
{
    "type": "log",
    "source": "class",
    "method": "getFirebaseInstanceId",
    "package_name": "com.fambase.venus",
    "class_name": "com.google.firebase.analytics.FirebaseAnalytics",
    "timestamp": 1728283767607,
    "ref": "com.google.firebase.analytics.FirebaseAnalytics@709fbab",
    "arguments": "{}",
    "stack_trace": "java.lang.Exception\n\tat com.google.firebase.analytics.FirebaseAnalytics.getFirebaseInstanceId(Native Method)\n\tat java.lang.reflect.Method.invoke(Native Method)\n\tat m.tf.f(:com.google.android.gms.dynamite_measurementdynamite@243834029@24.38.34 (190400-0):49)\n\tat m.rp.ab(:com.google.android.gms.dynamite_measurementdynamite@243834029@24.38.34 (190400-0):143)\n\tat m.rp.H(:com.google.android.gms.dynamite_measurementdynamite@243834029@24.38.34 (190400-0):30)\n\tat m.tn.b(:com.google.android.gms.dynamite_measurementdynamite@243834029@24.38.34 (190400-0):123)\n\tat m.tn.a(:com.google.android.gms.dynamite_measurementdynamite@243834029@24.38.34 (190400-0):65)\n\tat m.pp.run(:com.google.android.gms.dynamite_measurementdynamite@243834029@24.38.34 (190400-0):2093)\n\tat java.util.concurrent.Executors$RunnableAdapter.call(Executors.java:463)\n\tat java.util.concurrent.FutureTask.run(FutureTask.java:264)\n\tat m.pl.run(:com.google.android.gms.dynamite_measurementdynamite@243834029@24.38.34 (190400-0):48)\n"
},
{
    "type": "log",
    "source": "class",
    "method": "getApplicationId",
    "package_name": "com.fambase.venus",
    "class_name": "com.facebook.FacebookSdk",
    "timestamp": 1728283767608,
    "ref": "<class: com.facebook.FacebookSdk>",
    "arguments": "{}",
    "stack_trace": "java.lang.Exception\n\tat com.facebook.FacebookSdk.getApplicationId(Native Method)\n\tat com.facebook.appevents.AppEventsLoggerImpl.logEvent(AppEventsLoggerImpl.java:578)\n\tat com.facebook.appevents.AppEventsLoggerImpl.logEventImplicitly(AppEventsLoggerImpl.java:543)\n\tat com.facebook.appevents.InternalAppEventsLogger.logEventImplicitly(InternalAppEventsLogger.java:106)\n\tat com.facebook.UserSettingsManager.logIfSDKSettingsChanged(UserSettingsManager.java:310)\n\tat com.facebook.UserSettingsManager.initializeIfNotInitialized(UserSettingsManager.java:113)\n\tat com.facebook.UserSettingsManager.getAutoInitEnabled(UserSettingsManager.java:355)\n\tat com.facebook.FacebookSdk.getAutoInitEnabled(FacebookSdk.java:965)\n\tat com.facebook.FacebookSdk.getAutoInitEnabled(Native Method)\n\tat com.facebook.FacebookSdk.sdkInitialize(FacebookSdk.java:304)\n\tat com.facebook.FacebookSdk.sdkInitialize(Native Method)\n\tat com.facebook.FacebookSdk.sdkInitialize(FacebookSdk.java:248)\n\tat com.facebook.FacebookSdk.sdkInitialize(Native Method)\n\tat com.facebook.internal.FacebookInitProvider.onCreate(FacebookInitProvider.java:22)\n\tat android.content.ContentProvider.attachInfo(ContentProvider.java:2468)\n\tat android.content.ContentProvider.attachInfo(ContentProvider.java:2433)\n\tat android.app.ActivityThread.installProvider(ActivityThread.java:7966)\n\tat android.app.ActivityThread.installContentProviders(ActivityThread.java:7477)\n\tat android.app.ActivityThread.handleBindApplication(ActivityThread.java:7205)\n\tat android.app.ActivityThread.handleBindApplication(Native Method)\n\tat android.app.ActivityThread.-$$Nest$mhandleBindApplication(Unknown Source:0)\n\tat android.app.ActivityThread$H.handleMessage(ActivityThread.java:2241)\n\tat android.os.Handler.dispatchMessage(Handler.java:106)\n\tat android.os.Looper.loopOnce(Looper.java:211)\n\tat android.os.Looper.loop(Looper.java:300)\n\tat android.app.ActivityThread.main(ActivityThread.java:8395)\n\tat java.lang.reflect.Method.invoke(Native Method)\n\tat com.android.internal.os.RuntimeInit$MethodAndArgsCaller.run(RuntimeInit.java:559)\n\tat com.android.internal.os.ZygoteInit.main(ZygoteInit.java:954)\n"
},
{
    "type": "log",
    "source": "class",
    "method": "isInitialized",
    "package_name": "com.fambase.venus",
    "class_name": "com.facebook.FacebookSdk",
    "timestamp": 1728283767612,
    "ref": "<class: com.facebook.FacebookSdk>",
    "arguments": "{}",
    "stack_trace": "java.lang.Exception\n\tat com.facebook.FacebookSdk.isInitialized(Native Method)\n\tat com.facebook.internal.Validate.sdkInitialized(Validate.java:134)\n\tat com.facebook.FacebookSdk.getApplicationId(FacebookSdk.java:909)\n\tat com.facebook.FacebookSdk.getApplicationId(Native Method)\n\tat com.facebook.appevents.AppEventsLoggerImpl.logEvent(AppEventsLoggerImpl.java:578)\n\tat com.facebook.appevents.AppEventsLoggerImpl.logEventImplicitly(AppEventsLoggerImpl.java:543)\n\tat com.facebook.appevents.InternalAppEventsLogger.logEventImplicitly(InternalAppEventsLogger.java:106)\n\tat com.facebook.UserSettingsManager.logIfSDKSettingsChanged(UserSettingsManager.java:310)\n\tat com.facebook.UserSettingsManager.initializeIfNotInitialized(UserSettingsManager.java:113)\n\tat com.facebook.UserSettingsManager.getAutoInitEnabled(UserSettingsManager.java:355)\n\tat com.facebook.FacebookSdk.getAutoInitEnabled(FacebookSdk.java:965)\n\tat com.facebook.FacebookSdk.getAutoInitEnabled(Native Method)\n\tat com.facebook.FacebookSdk.sdkInitialize(FacebookSdk.java:304)\n\tat com.facebook.FacebookSdk.sdkInitialize(Native Method)\n\tat com.facebook.FacebookSdk.sdkInitialize(FacebookSdk.java:248)\n\tat com.facebook.FacebookSdk.sdkInitialize(Native Method)\n\tat com.facebook.internal.FacebookInitProvider.onCreate(FacebookInitProvider.java:22)\n\tat android.content.ContentProvider.attachInfo(ContentProvider.java:2468)\n\tat android.content.ContentProvider.attachInfo(ContentProvider.java:2433)\n\tat android.app.ActivityThread.installProvider(ActivityThread.java:7966)\n\tat android.app.ActivityThread.installContentProviders(ActivityThread.java:7477)\n\tat android.app.ActivityThread.handleBindApplication(ActivityThread.java:7205)\n\tat android.app.ActivityThread.handleBindApplication(Native Method)\n\tat android.app.ActivityThread.-$$Nest$mhandleBindApplication(Unknown Source:0)\n\tat android.app.ActivityThread$H.handleMessage(ActivityThread.java:2241)\n\tat android.os.Handler.dispatchMessage(Handler.java:106)\n\tat android.os.Looper.loopOnce(Looper.java:211)\n\tat android.os.Looper.loop(Looper.java:300)\n\tat android.app.ActivityThread.main(ActivityThread.java:8395)\n\tat java.lang.reflect.Method.invoke(Native Method)\n\tat com.android.internal.os.RuntimeInit$MethodAndArgsCaller.run(RuntimeInit.java:559)\n\tat com.android.internal.os.ZygoteInit.main(ZygoteInit.java:954)\n"
},
{
    "type": "log",
    "source": "class",
    "method": "getApplicationContext",
    "package_name": "com.fambase.venus",
    "class_name": "com.facebook.FacebookSdk",
    "timestamp": 1728283767618,
    "ref": "<class: com.facebook.FacebookSdk>",
    "arguments": "{}",
    "stack_trace": "java.lang.Exception\n\tat com.facebook.FacebookSdk.getApplicationContext(Native Method)\n\tat com.facebook.internal.FetchedAppGateKeepersManager.loadAppGateKeepersAsync(FetchedAppGateKeepersManager.java:84)\n\tat com.facebook.internal.FetchedAppGateKeepersManager.loadAppGateKeepersAsync(FetchedAppGateKeepersManager.java:71)\n\tat com.facebook.internal.FetchedAppGateKeepersManager.getGateKeepersForApplication(FetchedAppGateKeepersManager.java:191)\n\tat com.facebook.internal.FetchedAppGateKeepersManager.getGateKeeperForKey(FetchedAppGateKeepersManager.java:212)\n\tat com.facebook.appevents.AppEventsLoggerImpl.logEvent(AppEventsLoggerImpl.java:577)\n\tat com.facebook.appevents.AppEventsLoggerImpl.logEventImplicitly(AppEventsLoggerImpl.java:543)\n\tat com.facebook.appevents.InternalAppEventsLogger.logEventImplicitly(InternalAppEventsLogger.java:106)\n\tat com.facebook.UserSettingsManager.logIfSDKSettingsChanged(UserSettingsManager.java:310)\n\tat com.facebook.UserSettingsManager.initializeIfNotInitialized(UserSettingsManager.java:113)\n\tat com.facebook.UserSettingsManager.getAutoInitEnabled(UserSettingsManager.java:355)\n\tat com.facebook.FacebookSdk.getAutoInitEnabled(FacebookSdk.java:965)\n\tat com.facebook.FacebookSdk.getAutoInitEnabled(Native Method)\n\tat com.facebook.FacebookSdk.sdkInitialize(FacebookSdk.java:304)\n\tat com.facebook.FacebookSdk.sdkInitialize(Native Method)\n\tat com.facebook.FacebookSdk.sdkInitialize(FacebookSdk.java:248)\n\tat com.facebook.FacebookSdk.sdkInitialize(Native Method)\n\tat com.facebook.internal.FacebookInitProvider.onCreate(FacebookInitProvider.java:22)\n\tat android.content.ContentProvider.attachInfo(ContentProvider.java:2468)\n\tat android.content.ContentProvider.attachInfo(ContentProvider.java:2433)\n\tat android.app.ActivityThread.installProvider(ActivityThread.java:7966)\n\tat android.app.ActivityThread.installContentProviders(ActivityThread.java:7477)\n\tat android.app.ActivityThread.handleBindApplication(ActivityThread.java:7205)\n\tat android.app.ActivityThread.handleBindApplication(Native Method)\n\tat android.app.ActivityThread.-$$Nest$mhandleBindApplication(Unknown Source:0)\n\tat android.app.ActivityThread$H.handleMessage(ActivityThread.java:2241)\n\tat android.os.Handler.dispatchMessage(Handler.java:106)\n\tat android.os.Looper.loopOnce(Looper.java:211)\n\tat android.os.Looper.loop(Looper.java:300)\n\tat android.app.ActivityThread.main(ActivityThread.java:8395)\n\tat java.lang.reflect.Method.invoke(Native Method)\n\tat com.android.internal.os.RuntimeInit$MethodAndArgsCaller.run(RuntimeInit.java:559)\n\tat com.android.internal.os.ZygoteInit.main(ZygoteInit.java:954)\n"
},
{
    "type": "log",
    "source": "class",
    "method": "getInstance",
    "package_name": "com.fambase.venus",
    "class_name": "com.google.firebase.analytics.FirebaseAnalytics",
    "timestamp": 1728283767624,
    "ref": "<class: com.google.firebase.analytics.FirebaseAnalytics>",
    "arguments": "{\"0\":\"<instance: android.content.Context, $className: com.fambase.venus.VenusApp>\"}",
    "stack_trace": "java.lang.Exception\n\tat com.google.firebase.analytics.FirebaseAnalytics.getInstance(Native Method)\n\tat java.lang.reflect.Method.invoke(Native Method)\n\tat m.tf.f(:com.google.android.gms.dynamite_measurementdynamite@243834029@24.38.34 (190400-0):47)\n\tat m.tf.s(:com.google.android.gms.dynamite_measurementdynamite@243834029@24.38.34 (190400-0):8)\n\tat m.pp.run(:com.google.android.gms.dynamite_measurementdynamite@243834029@24.38.34 (190400-0):2105)\n\tat java.util.concurrent.Executors$RunnableAdapter.call(Executors.java:463)\n\tat java.util.concurrent.FutureTask.run(FutureTask.java:264)\n\tat m.pl.run(:com.google.android.gms.dynamite_measurementdynamite@243834029@24.38.34 (190400-0):48)\n"
},
{
    "type": "log",
    "source": "class",
    "method": "getFirebaseInstanceId",
    "package_name": "com.fambase.venus",
    "class_name": "com.google.firebase.analytics.FirebaseAnalytics",
    "timestamp": 1728283767627,
    "ref": "com.google.firebase.analytics.FirebaseAnalytics@709fbab",
    "arguments": "{}",
    "stack_trace": "java.lang.Exception\n\tat com.google.firebase.analytics.FirebaseAnalytics.getFirebaseInstanceId(Native Method)\n\tat java.lang.reflect.Method.invoke(Native Method)\n\tat m.tf.f(:com.google.android.gms.dynamite_measurementdynamite@243834029@24.38.34 (190400-0):49)\n\tat m.tf.s(:com.google.android.gms.dynamite_measurementdynamite@243834029@24.38.34 (190400-0):8)\n\tat m.pp.run(:com.google.android.gms.dynamite_measurementdynamite@243834029@24.38.34 (190400-0):2105)\n\tat java.util.concurrent.Executors$RunnableAdapter.call(Executors.java:463)\n\tat java.util.concurrent.FutureTask.run(FutureTask.java:264)\n\tat m.pl.run(:com.google.android.gms.dynamite_measurementdynamite@243834029@24.38.34 (190400-0):48)\n"
},
{
    "type": "log",
    "source": "class",
    "method": "isInitialized",
    "package_name": "com.fambase.venus",
    "class_name": "com.facebook.FacebookSdk",
    "timestamp": 1728283767623,
    "ref": "<class: com.facebook.FacebookSdk>",
    "arguments": "{}",
    "stack_trace": "java.lang.Exception\n\tat com.facebook.FacebookSdk.isInitialized(Native Method)\n\tat com.facebook.internal.Validate.sdkInitialized(Validate.java:134)\n\tat com.facebook.FacebookSdk.getApplicationContext(FacebookSdk.java:648)\n\tat com.facebook.FacebookSdk.getApplicationContext(Native Method)\n\tat com.facebook.internal.FetchedAppGateKeepersManager.loadAppGateKeepersAsync(FetchedAppGateKeepersManager.java:84)\n\tat com.facebook.internal.FetchedAppGateKeepersManager.loadAppGateKeepersAsync(FetchedAppGateKeepersManager.java:71)\n\tat com.facebook.internal.FetchedAppGateKeepersManager.getGateKeepersForApplication(FetchedAppGateKeepersManager.java:191)\n\tat com.facebook.internal.FetchedAppGateKeepersManager.getGateKeeperForKey(FetchedAppGateKeepersManager.java:212)\n\tat com.facebook.appevents.AppEventsLoggerImpl.logEvent(AppEventsLoggerImpl.java:577)\n\tat com.facebook.appevents.AppEventsLoggerImpl.logEventImplicitly(AppEventsLoggerImpl.java:543)\n\tat com.facebook.appevents.InternalAppEventsLogger.logEventImplicitly(InternalAppEventsLogger.java:106)\n\tat com.facebook.UserSettingsManager.logIfSDKSettingsChanged(UserSettingsManager.java:310)\n\tat com.facebook.UserSettingsManager.initializeIfNotInitialized(UserSettingsManager.java:113)\n\tat com.facebook.UserSettingsManager.getAutoInitEnabled(UserSettingsManager.java:355)\n\tat com.facebook.FacebookSdk.getAutoInitEnabled(FacebookSdk.java:965)\n\tat com.facebook.FacebookSdk.getAutoInitEnabled(Native Method)\n\tat com.facebook.FacebookSdk.sdkInitialize(FacebookSdk.java:304)\n\tat com.facebook.FacebookSdk.sdkInitialize(Native Method)\n\tat com.facebook.FacebookSdk.sdkInitialize(FacebookSdk.java:248)\n\tat com.facebook.FacebookSdk.sdkInitialize(Native Method)\n\tat com.facebook.internal.FacebookInitProvider.onCreate(FacebookInitProvider.java:22)\n\tat android.content.ContentProvider.attachInfo(ContentProvider.java:2468)\n\tat android.content.ContentProvider.attachInfo(ContentProvider.java:2433)\n\tat android.app.ActivityThread.installProvider(ActivityThread.java:7966)\n\tat android.app.ActivityThread.installContentProviders(ActivityThread.java:7477)\n\tat android.app.ActivityThread.handleBindApplication(ActivityThread.java:7205)\n\tat android.app.ActivityThread.handleBindApplication(Native Method)\n\tat android.app.ActivityThread.-$$Nest$mhandleBindApplication(Unknown Source:0)\n\tat android.app.ActivityThread$H.handleMessage(ActivityThread.java:2241)\n\tat android.os.Handler.dispatchMessage(Handler.java:106)\n\tat android.os.Looper.loopOnce(Looper.java:211)\n\tat android.os.Looper.loop(Looper.java:300)\n\tat android.app.ActivityThread.main(ActivityThread.java:8395)\n\tat java.lang.reflect.Method.invoke(Native Method)\n\tat com.android.internal.os.RuntimeInit$MethodAndArgsCaller.run(RuntimeInit.java:559)\n\tat com.android.internal.os.ZygoteInit.main(ZygoteInit.java:954)\n"
},
{
    "type": "log",
    "source": "class",
    "method": "getApplicationId",
    "package_name": "com.fambase.venus",
    "class_name": "com.facebook.FacebookSdk",
    "timestamp": 1728283767631,
    "ref": "<class: com.facebook.FacebookSdk>",
    "arguments": "{}",
    "stack_trace": "java.lang.Exception\n\tat com.facebook.FacebookSdk.getApplicationId(Native Method)\n\tat com.facebook.internal.FetchedAppGateKeepersManager.loadAppGateKeepersAsync(FetchedAppGateKeepersManager.java:85)\n\tat com.facebook.internal.FetchedAppGateKeepersManager.loadAppGateKeepersAsync(FetchedAppGateKeepersManager.java:71)\n\tat com.facebook.internal.FetchedAppGateKeepersManager.getGateKeepersForApplication(FetchedAppGateKeepersManager.java:191)\n\tat com.facebook.internal.FetchedAppGateKeepersManager.getGateKeeperForKey(FetchedAppGateKeepersManager.java:212)\n\tat com.facebook.appevents.AppEventsLoggerImpl.logEvent(AppEventsLoggerImpl.java:577)\n\tat com.facebook.appevents.AppEventsLoggerImpl.logEventImplicitly(AppEventsLoggerImpl.java:543)\n\tat com.facebook.appevents.InternalAppEventsLogger.logEventImplicitly(InternalAppEventsLogger.java:106)\n\tat com.facebook.UserSettingsManager.logIfSDKSettingsChanged(UserSettingsManager.java:310)\n\tat com.facebook.UserSettingsManager.initializeIfNotInitialized(UserSettingsManager.java:113)\n\tat com.facebook.UserSettingsManager.getAutoInitEnabled(UserSettingsManager.java:355)\n\tat com.facebook.FacebookSdk.getAutoInitEnabled(FacebookSdk.java:965)\n\tat com.facebook.FacebookSdk.getAutoInitEnabled(Native Method)\n\tat com.facebook.FacebookSdk.sdkInitialize(FacebookSdk.java:304)\n\tat com.facebook.FacebookSdk.sdkInitialize(Native Method)\n\tat com.facebook.FacebookSdk.sdkInitialize(FacebookSdk.java:248)\n\tat com.facebook.FacebookSdk.sdkInitialize(Native Method)\n\tat com.facebook.internal.FacebookInitProvider.onCreate(FacebookInitProvider.java:22)\n\tat android.content.ContentProvider.attachInfo(ContentProvider.java:2468)\n\tat android.content.ContentProvider.attachInfo(ContentProvider.java:2433)\n\tat android.app.ActivityThread.installProvider(ActivityThread.java:7966)\n\tat android.app.ActivityThread.installContentProviders(ActivityThread.java:7477)\n\tat android.app.ActivityThread.handleBindApplication(ActivityThread.java:7205)\n\tat android.app.ActivityThread.handleBindApplication(Native Method)\n\tat android.app.ActivityThread.-$$Nest$mhandleBindApplication(Unknown Source:0)\n\tat android.app.ActivityThread$H.handleMessage(ActivityThread.java:2241)\n\tat android.os.Handler.dispatchMessage(Handler.java:106)\n\tat android.os.Looper.loopOnce(Looper.java:211)\n\tat android.os.Looper.loop(Looper.java:300)\n\tat android.app.ActivityThread.main(ActivityThread.java:8395)\n\tat java.lang.reflect.Method.invoke(Native Method)\n\tat com.android.internal.os.RuntimeInit$MethodAndArgsCaller.run(RuntimeInit.java:559)\n\tat com.android.internal.os.ZygoteInit.main(ZygoteInit.java:954)\n"
},
{
    "type": "log",
    "source": "class",
    "method": "isInitialized",
    "package_name": "com.fambase.venus",
    "class_name": "com.facebook.FacebookSdk",
    "timestamp": 1728283767636,
    "ref": "<class: com.facebook.FacebookSdk>",
    "arguments": "{}",
    "stack_trace": "java.lang.Exception\n\tat com.facebook.FacebookSdk.isInitialized(Native Method)\n\tat com.facebook.internal.Validate.sdkInitialized(Validate.java:134)\n\tat com.facebook.FacebookSdk.getApplicationId(FacebookSdk.java:909)\n\tat com.facebook.FacebookSdk.getApplicationId(Native Method)\n\tat com.facebook.internal.FetchedAppGateKeepersManager.loadAppGateKeepersAsync(FetchedAppGateKeepersManager.java:85)\n\tat com.facebook.internal.FetchedAppGateKeepersManager.loadAppGateKeepersAsync(FetchedAppGateKeepersManager.java:71)\n\tat com.facebook.internal.FetchedAppGateKeepersManager.getGateKeepersForApplication(FetchedAppGateKeepersManager.java:191)\n\tat com.facebook.internal.FetchedAppGateKeepersManager.getGateKeeperForKey(FetchedAppGateKeepersManager.java:212)\n\tat com.facebook.appevents.AppEventsLoggerImpl.logEvent(AppEventsLoggerImpl.java:577)\n\tat com.facebook.appevents.AppEventsLoggerImpl.logEventImplicitly(AppEventsLoggerImpl.java:543)\n\tat com.facebook.appevents.InternalAppEventsLogger.logEventImplicitly(InternalAppEventsLogger.java:106)\n\tat com.facebook.UserSettingsManager.logIfSDKSettingsChanged(UserSettingsManager.java:310)\n\tat com.facebook.UserSettingsManager.initializeIfNotInitialized(UserSettingsManager.java:113)\n\tat com.facebook.UserSettingsManager.getAutoInitEnabled(UserSettingsManager.java:355)\n\tat com.facebook.FacebookSdk.getAutoInitEnabled(FacebookSdk.java:965)\n\tat com.facebook.FacebookSdk.getAutoInitEnabled(Native Method)\n\tat com.facebook.FacebookSdk.sdkInitialize(FacebookSdk.java:304)\n\tat com.facebook.FacebookSdk.sdkInitialize(Native Method)\n\tat com.facebook.FacebookSdk.sdkInitialize(FacebookSdk.java:248)\n\tat com.facebook.FacebookSdk.sdkInitialize(Native Method)\n\tat com.facebook.internal.FacebookInitProvider.onCreate(FacebookInitProvider.java:22)\n\tat android.content.ContentProvider.attachInfo(ContentProvider.java:2468)\n\tat android.content.ContentProvider.attachInfo(ContentProvider.java:2433)\n\tat android.app.ActivityThread.installProvider(ActivityThread.java:7966)\n\tat android.app.ActivityThread.installContentProviders(ActivityThread.java:7477)\n\tat android.app.ActivityThread.handleBindApplication(ActivityThread.java:7205)\n\tat android.app.ActivityThread.handleBindApplication(Native Method)\n\tat android.app.ActivityThread.-$$Nest$mhandleBindApplication(Unknown Source:0)\n\tat android.app.ActivityThread$H.handleMessage(ActivityThread.java:2241)\n\tat android.os.Handler.dispatchMessage(Handler.java:106)\n\tat android.os.Looper.loopOnce(Looper.java:211)\n\tat android.os.Looper.loop(Looper.java:300)\n\tat android.app.ActivityThread.main(ActivityThread.java:8395)\n\tat java.lang.reflect.Method.invoke(Native Method)\n\tat com.android.internal.os.RuntimeInit$MethodAndArgsCaller.run(RuntimeInit.java:559)\n\tat com.android.internal.os.ZygoteInit.main(ZygoteInit.java:954)\n"
},
{
    "type": "log",
    "source": "class",
    "method": "getInstance",
    "package_name": "com.fambase.venus",
    "class_name": "com.google.firebase.analytics.FirebaseAnalytics",
    "timestamp": 1728283767643,
    "ref": "<class: com.google.firebase.analytics.FirebaseAnalytics>",
    "arguments": "{\"0\":\"<instance: android.content.Context, $className: com.fambase.venus.VenusApp>\"}",
    "stack_trace": "java.lang.Exception\n\tat com.google.firebase.analytics.FirebaseAnalytics.getInstance(Native Method)\n\tat java.lang.reflect.Method.invoke(Native Method)\n\tat m.tf.f(:com.google.android.gms.dynamite_measurementdynamite@243834029@24.38.34 (190400-0):47)\n\tat m.tf.G(:com.google.android.gms.dynamite_measurementdynamite@243834029@24.38.34 (190400-0):8)\n\tat m.pp.run(:com.google.android.gms.dynamite_measurementdynamite@243834029@24.38.34 (190400-0):2122)\n\tat java.util.concurrent.Executors$RunnableAdapter.call(Executors.java:463)\n\tat java.util.concurrent.FutureTask.run(FutureTask.java:264)\n\tat m.pl.run(:com.google.android.gms.dynamite_measurementdynamite@243834029@24.38.34 (190400-0):48)\n"
},
{
    "type": "log",
    "source": "class",
    "method": "getFirebaseInstanceId",
    "package_name": "com.fambase.venus",
    "class_name": "com.google.firebase.analytics.FirebaseAnalytics",
    "timestamp": 1728283767646,
    "ref": "com.google.firebase.analytics.FirebaseAnalytics@709fbab",
    "arguments": "{}",
    "stack_trace": "java.lang.Exception\n\tat com.google.firebase.analytics.FirebaseAnalytics.getFirebaseInstanceId(Native Method)\n\tat java.lang.reflect.Method.invoke(Native Method)\n\tat m.tf.f(:com.google.android.gms.dynamite_measurementdynamite@243834029@24.38.34 (190400-0):49)\n\tat m.tf.G(:com.google.android.gms.dynamite_measurementdynamite@243834029@24.38.34 (190400-0):8)\n\tat m.pp.run(:com.google.android.gms.dynamite_measurementdynamite@243834029@24.38.34 (190400-0):2122)\n\tat java.util.concurrent.Executors$RunnableAdapter.call(Executors.java:463)\n\tat java.util.concurrent.FutureTask.run(FutureTask.java:264)\n\tat m.pl.run(:com.google.android.gms.dynamite_measurementdynamite@243834029@24.38.34 (190400-0):48)\n"
},
{
    "type": "log",
    "source": "class",
    "method": "getExecutor",
    "package_name": "com.fambase.venus",
    "class_name": "com.facebook.FacebookSdk",
    "timestamp": 1728283767645,
    "ref": "<class: com.facebook.FacebookSdk>",
    "arguments": "{}",
    "stack_trace": "java.lang.Exception\n\tat com.facebook.FacebookSdk.getExecutor(Native Method)\n\tat com.facebook.internal.FetchedAppGateKeepersManager.loadAppGateKeepersAsync(FetchedAppGateKeepersManager.java:109)\n\tat com.facebook.internal.FetchedAppGateKeepersManager.loadAppGateKeepersAsync(FetchedAppGateKeepersManager.java:71)\n\tat com.facebook.internal.FetchedAppGateKeepersManager.getGateKeepersForApplication(FetchedAppGateKeepersManager.java:191)\n\tat com.facebook.internal.FetchedAppGateKeepersManager.getGateKeeperForKey(FetchedAppGateKeepersManager.java:212)\n\tat com.facebook.appevents.AppEventsLoggerImpl.logEvent(AppEventsLoggerImpl.java:577)\n\tat com.facebook.appevents.AppEventsLoggerImpl.logEventImplicitly(AppEventsLoggerImpl.java:543)\n\tat com.facebook.appevents.InternalAppEventsLogger.logEventImplicitly(InternalAppEventsLogger.java:106)\n\tat com.facebook.UserSettingsManager.logIfSDKSettingsChanged(UserSettingsManager.java:310)\n\tat com.facebook.UserSettingsManager.initializeIfNotInitialized(UserSettingsManager.java:113)\n\tat com.facebook.UserSettingsManager.getAutoInitEnabled(UserSettingsManager.java:355)\n\tat com.facebook.FacebookSdk.getAutoInitEnabled(FacebookSdk.java:965)\n\tat com.facebook.FacebookSdk.getAutoInitEnabled(Native Method)\n\tat com.facebook.FacebookSdk.sdkInitialize(FacebookSdk.java:304)\n\tat com.facebook.FacebookSdk.sdkInitialize(Native Method)\n\tat com.facebook.FacebookSdk.sdkInitialize(FacebookSdk.java:248)\n\tat com.facebook.FacebookSdk.sdkInitialize(Native Method)\n\tat com.facebook.internal.FacebookInitProvider.onCreate(FacebookInitProvider.java:22)\n\tat android.content.ContentProvider.attachInfo(ContentProvider.java:2468)\n\tat android.content.ContentProvider.attachInfo(ContentProvider.java:2433)\n\tat android.app.ActivityThread.installProvider(ActivityThread.java:7966)\n\tat android.app.ActivityThread.installContentProviders(ActivityThread.java:7477)\n\tat android.app.ActivityThread.handleBindApplication(ActivityThread.java:7205)\n\tat android.app.ActivityThread.handleBindApplication(Native Method)\n\tat android.app.ActivityThread.-$$Nest$mhandleBindApplication(Unknown Source:0)\n\tat android.app.ActivityThread$H.handleMessage(ActivityThread.java:2241)\n\tat android.os.Handler.dispatchMessage(Handler.java:106)\n\tat android.os.Looper.loopOnce(Looper.java:211)\n\tat android.os.Looper.loop(Looper.java:300)\n\tat android.app.ActivityThread.main(ActivityThread.java:8395)\n\tat java.lang.reflect.Method.invoke(Native Method)\n\tat com.android.internal.os.RuntimeInit$MethodAndArgsCaller.run(RuntimeInit.java:559)\n\tat com.android.internal.os.ZygoteInit.main(ZygoteInit.java:954)\n"
},
{
    "type": "log",
    "source": "class",
    "method": "getSdkVersion",
    "package_name": "com.fambase.venus",
    "class_name": "com.facebook.FacebookSdk",
    "timestamp": 1728283767652,
    "ref": "<class: com.facebook.FacebookSdk>",
    "arguments": "{}",
    "stack_trace": "java.lang.Exception\n\tat com.facebook.FacebookSdk.getSdkVersion(Native Method)\n\tat com.facebook.internal.FetchedAppGateKeepersManager.getAppGateKeepersQueryResponse(FetchedAppGateKeepersManager.java:230)\n\tat com.facebook.internal.FetchedAppGateKeepersManager.access$000(FetchedAppGateKeepersManager.java:49)\n\tat com.facebook.internal.FetchedAppGateKeepersManager$1.run(FetchedAppGateKeepersManager.java:122)\n\tat java.util.concurrent.ThreadPoolExecutor.runWorker(ThreadPoolExecutor.java:1137)\n\tat java.util.concurrent.ThreadPoolExecutor$Worker.run(ThreadPoolExecutor.java:637)\n\tat java.lang.Thread.run(Thread.java:1012)\n"
},
{
    "type": "log",
    "source": "class",
    "method": "getApplicationContext",
    "package_name": "com.fambase.venus",
    "class_name": "com.facebook.FacebookSdk",
    "timestamp": 1728283767677,
    "ref": "<class: com.facebook.FacebookSdk>",
    "arguments": "{}",
    "stack_trace": "java.lang.Exception\n\tat com.facebook.FacebookSdk.getApplicationContext(Native Method)\n\tat com.facebook.appevents.AppEventCollection.getSessionEventsState(AppEventCollection.java:79)\n\tat com.facebook.appevents.AppEventCollection.addEvent(AppEventCollection.java:54)\n\tat com.facebook.appevents.AppEventQueue$4.run(AppEventQueue.java:101)\n\tat java.util.concurrent.Executors$RunnableAdapter.call(Executors.java:463)\n\tat java.util.concurrent.FutureTask.run(FutureTask.java:264)\n\tat java.util.concurrent.ScheduledThreadPoolExecutor$ScheduledFutureTask.run(ScheduledThreadPoolExecutor.java:307)\n\tat java.util.concurrent.ThreadPoolExecutor.runWorker(ThreadPoolExecutor.java:1137)\n\tat java.util.concurrent.ThreadPoolExecutor$Worker.run(ThreadPoolExecutor.java:637)\n\tat java.lang.Thread.run(Thread.java:1012)\n"
},
{
    "type": "log",
    "source": "class",
    "method": "fullyInitialize",
    "package_name": "com.fambase.venus",
    "class_name": "com.facebook.FacebookSdk",
    "timestamp": 1728283767677,
    "ref": "<class: com.facebook.FacebookSdk>",
    "arguments": "{}",
    "stack_trace": "java.lang.Exception\n\tat com.facebook.FacebookSdk.fullyInitialize(Native Method)\n\tat com.facebook.FacebookSdk.sdkInitialize(FacebookSdk.java:305)\n\tat com.facebook.FacebookSdk.sdkInitialize(Native Method)\n\tat com.facebook.FacebookSdk.sdkInitialize(FacebookSdk.java:248)\n\tat com.facebook.FacebookSdk.sdkInitialize(Native Method)\n\tat com.facebook.internal.FacebookInitProvider.onCreate(FacebookInitProvider.java:22)\n\tat android.content.ContentProvider.attachInfo(ContentProvider.java:2468)\n\tat android.content.ContentProvider.attachInfo(ContentProvider.java:2433)\n\tat android.app.ActivityThread.installProvider(ActivityThread.java:7966)\n\tat android.app.ActivityThread.installContentProviders(ActivityThread.java:7477)\n\tat android.app.ActivityThread.handleBindApplication(ActivityThread.java:7205)\n\tat android.app.ActivityThread.handleBindApplication(Native Method)\n\tat android.app.ActivityThread.-$$Nest$mhandleBindApplication(Unknown Source:0)\n\tat android.app.ActivityThread$H.handleMessage(ActivityThread.java:2241)\n\tat android.os.Handler.dispatchMessage(Handler.java:106)\n\tat android.os.Looper.loopOnce(Looper.java:211)\n\tat android.os.Looper.loop(Looper.java:300)\n\tat android.app.ActivityThread.main(ActivityThread.java:8395)\n\tat java.lang.reflect.Method.invoke(Native Method)\n\tat com.android.internal.os.RuntimeInit$MethodAndArgsCaller.run(RuntimeInit.java:559)\n\tat com.android.internal.os.ZygoteInit.main(ZygoteInit.java:954)\n"
},
{
    "type": "log",
    "source": "class",
    "method": "isLoggingBehaviorEnabled",
    "package_name": "com.fambase.venus",
    "class_name": "com.facebook.FacebookSdk",
    "timestamp": 1728283767680,
    "ref": "<class: com.facebook.FacebookSdk>",
    "arguments": "{\"0\":\"<instance: com.facebook.LoggingBehavior>\"}",
    "stack_trace": "java.lang.Exception\n\tat com.facebook.FacebookSdk.isLoggingBehaviorEnabled(Native Method)\n\tat com.facebook.GraphRequest.setCallback(GraphRequest.java:880)\n\tat com.facebook.GraphRequest.<init>(GraphRequest.java:252)\n\tat com.facebook.GraphRequest.<init>(GraphRequest.java:219)\n\tat com.facebook.GraphRequest.newGraphPathRequest(GraphRequest.java:368)\n\tat com.facebook.internal.FetchedAppGateKeepersManager.getAppGateKeepersQueryResponse(FetchedAppGateKeepersManager.java:234)\n\tat com.facebook.internal.FetchedAppGateKeepersManager.access$000(FetchedAppGateKeepersManager.java:49)\n\tat com.facebook.internal.FetchedAppGateKeepersManager$1.run(FetchedAppGateKeepersManager.java:122)\n\tat java.util.concurrent.ThreadPoolExecutor.runWorker(ThreadPoolExecutor.java:1137)\n\tat java.util.concurrent.ThreadPoolExecutor$Worker.run(ThreadPoolExecutor.java:637)\n\tat java.lang.Thread.run(Thread.java:1012)\n"
},
{
    "type": "log",
    "source": "class",
    "method": "isDebugEnabled",
    "package_name": "com.fambase.venus",
    "class_name": "com.facebook.FacebookSdk",
    "timestamp": 1728283767683,
    "ref": "<class: com.facebook.FacebookSdk>",
    "arguments": "{}",
    "stack_trace": "java.lang.Exception\n\tat com.facebook.FacebookSdk.isDebugEnabled(Native Method)\n\tat com.facebook.FacebookSdk.isLoggingBehaviorEnabled(FacebookSdk.java:510)\n\tat com.facebook.FacebookSdk.isLoggingBehaviorEnabled(Native Method)\n\tat com.facebook.GraphRequest.setCallback(GraphRequest.java:880)\n\tat com.facebook.GraphRequest.<init>(GraphRequest.java:252)\n\tat com.facebook.GraphRequest.<init>(GraphRequest.java:219)\n\tat com.facebook.GraphRequest.newGraphPathRequest(GraphRequest.java:368)\n\tat com.facebook.internal.FetchedAppGateKeepersManager.getAppGateKeepersQueryResponse(FetchedAppGateKeepersManager.java:234)\n\tat com.facebook.internal.FetchedAppGateKeepersManager.access$000(FetchedAppGateKeepersManager.java:49)\n\tat com.facebook.internal.FetchedAppGateKeepersManager$1.run(FetchedAppGateKeepersManager.java:122)\n\tat java.util.concurrent.ThreadPoolExecutor.runWorker(ThreadPoolExecutor.java:1137)\n\tat java.util.concurrent.ThreadPoolExecutor$Worker.run(ThreadPoolExecutor.java:637)\n\tat java.lang.Thread.run(Thread.java:1012)\n"
},
{
    "type": "log",
    "source": "class",
    "method": "isInitialized",
    "package_name": "com.fambase.venus",
    "class_name": "com.facebook.FacebookSdk",
    "timestamp": 1728283767682,
    "ref": "<class: com.facebook.FacebookSdk>",
    "arguments": "{}",
    "stack_trace": "java.lang.Exception\n\tat com.facebook.FacebookSdk.isInitialized(Native Method)\n\tat com.facebook.UserSettingsManager.initializeIfNotInitialized(UserSettingsManager.java:98)\n\tat com.facebook.UserSettingsManager.getAutoLogAppEventsEnabled(UserSettingsManager.java:370)\n\tat com.facebook.FacebookSdk.sdkInitialize(FacebookSdk.java:310)\n\tat com.facebook.FacebookSdk.sdkInitialize(Native Method)\n\tat com.facebook.FacebookSdk.sdkInitialize(FacebookSdk.java:248)\n\tat com.facebook.FacebookSdk.sdkInitialize(Native Method)\n\tat com.facebook.internal.FacebookInitProvider.onCreate(FacebookInitProvider.java:22)\n\tat android.content.ContentProvider.attachInfo(ContentProvider.java:2468)\n\tat android.content.ContentProvider.attachInfo(ContentProvider.java:2433)\n\tat android.app.ActivityThread.installProvider(ActivityThread.java:7966)\n\tat android.app.ActivityThread.installContentProviders(ActivityThread.java:7477)\n\tat android.app.ActivityThread.handleBindApplication(ActivityThread.java:7205)\n\tat android.app.ActivityThread.handleBindApplication(Native Method)\n\tat android.app.ActivityThread.-$$Nest$mhandleBindApplication(Unknown Source:0)\n\tat android.app.ActivityThread$H.handleMessage(ActivityThread.java:2241)\n\tat android.os.Handler.dispatchMessage(Handler.java:106)\n\tat android.os.Looper.loopOnce(Looper.java:211)\n\tat android.os.Looper.loop(Looper.java:300)\n\tat android.app.ActivityThread.main(ActivityThread.java:8395)\n\tat java.lang.reflect.Method.invoke(Native Method)\n\tat com.android.internal.os.RuntimeInit$MethodAndArgsCaller.run(RuntimeInit.java:559)\n\tat com.android.internal.os.ZygoteInit.main(ZygoteInit.java:954)\n"
},
{
    "type": "log",
    "source": "class",
    "method": "isLoggingBehaviorEnabled",
    "package_name": "com.fambase.venus",
    "class_name": "com.facebook.FacebookSdk",
    "timestamp": 1728283767686,
    "ref": "<class: com.facebook.FacebookSdk>",
    "arguments": "{\"0\":\"<instance: com.facebook.LoggingBehavior>\"}",
    "stack_trace": "java.lang.Exception\n\tat com.facebook.FacebookSdk.isLoggingBehaviorEnabled(Native Method)\n\tat com.facebook.GraphRequest.setCallback(GraphRequest.java:881)\n\tat com.facebook.GraphRequest.<init>(GraphRequest.java:252)\n\tat com.facebook.GraphRequest.<init>(GraphRequest.java:219)\n\tat com.facebook.GraphRequest.newGraphPathRequest(GraphRequest.java:368)\n\tat com.facebook.internal.FetchedAppGateKeepersManager.getAppGateKeepersQueryResponse(FetchedAppGateKeepersManager.java:234)\n\tat com.facebook.internal.FetchedAppGateKeepersManager.access$000(FetchedAppGateKeepersManager.java:49)\n\tat com.facebook.internal.FetchedAppGateKeepersManager$1.run(FetchedAppGateKeepersManager.java:122)\n\tat java.util.concurrent.ThreadPoolExecutor.runWorker(ThreadPoolExecutor.java:1137)\n\tat java.util.concurrent.ThreadPoolExecutor$Worker.run(ThreadPoolExecutor.java:637)\n\tat java.lang.Thread.run(Thread.java:1012)\n"
},
{
    "type": "log",
    "source": "class",
    "method": "getApplicationContext",
    "package_name": "com.fambase.venus",
    "class_name": "com.facebook.FacebookSdk",
    "timestamp": 1728283767687,
    "ref": "<class: com.facebook.FacebookSdk>",
    "arguments": "{}",
    "stack_trace": "java.lang.Exception\n\tat com.facebook.FacebookSdk.getApplicationContext(Native Method)\n\tat com.facebook.internal.FetchedAppGateKeepersManager.loadAppGateKeepersAsync(FetchedAppGateKeepersManager.java:84)\n\tat com.facebook.internal.FeatureManager.checkFeature(FeatureManager.java:42)\n\tat com.facebook.appevents.internal.ActivityLifecycleTracker.startTracking(ActivityLifecycleTracker.java:80)\n\tat com.facebook.FacebookSdk.sdkInitialize(FacebookSdk.java:311)\n\tat com.facebook.FacebookSdk.sdkInitialize(Native Method)\n\tat com.facebook.FacebookSdk.sdkInitialize(FacebookSdk.java:248)\n\tat com.facebook.FacebookSdk.sdkInitialize(Native Method)\n\tat com.facebook.internal.FacebookInitProvider.onCreate(FacebookInitProvider.java:22)\n\tat android.content.ContentProvider.attachInfo(ContentProvider.java:2468)\n\tat android.content.ContentProvider.attachInfo(ContentProvider.java:2433)\n\tat android.app.ActivityThread.installProvider(ActivityThread.java:7966)\n\tat android.app.ActivityThread.installContentProviders(ActivityThread.java:7477)\n\tat android.app.ActivityThread.handleBindApplication(ActivityThread.java:7205)\n\tat android.app.ActivityThread.handleBindApplication(Native Method)\n\tat android.app.ActivityThread.-$$Nest$mhandleBindApplication(Unknown Source:0)\n\tat android.app.ActivityThread$H.handleMessage(ActivityThread.java:2241)\n\tat android.os.Handler.dispatchMessage(Handler.java:106)\n\tat android.os.Looper.loopOnce(Looper.java:211)\n\tat android.os.Looper.loop(Looper.java:300)\n\tat android.app.ActivityThread.main(ActivityThread.java:8395)\n\tat java.lang.reflect.Method.invoke(Native Method)\n\tat com.android.internal.os.RuntimeInit$MethodAndArgsCaller.run(RuntimeInit.java:559)\n\tat com.android.internal.os.ZygoteInit.main(ZygoteInit.java:954)\n"
},
{
    "type": "log",
    "source": "class",
    "method": "isDebugEnabled",
    "package_name": "com.fambase.venus",
    "class_name": "com.facebook.FacebookSdk",
    "timestamp": 1728283767689,
    "ref": "<class: com.facebook.FacebookSdk>",
    "arguments": "{}",
    "stack_trace": "java.lang.Exception\n\tat com.facebook.FacebookSdk.isDebugEnabled(Native Method)\n\tat com.facebook.FacebookSdk.isLoggingBehaviorEnabled(FacebookSdk.java:510)\n\tat com.facebook.FacebookSdk.isLoggingBehaviorEnabled(Native Method)\n\tat com.facebook.GraphRequest.setCallback(GraphRequest.java:881)\n\tat com.facebook.GraphRequest.<init>(GraphRequest.java:252)\n\tat com.facebook.GraphRequest.<init>(GraphRequest.java:219)\n\tat com.facebook.GraphRequest.newGraphPathRequest(GraphRequest.java:368)\n\tat com.facebook.internal.FetchedAppGateKeepersManager.getAppGateKeepersQueryResponse(FetchedAppGateKeepersManager.java:234)\n\tat com.facebook.internal.FetchedAppGateKeepersManager.access$000(FetchedAppGateKeepersManager.java:49)\n\tat com.facebook.internal.FetchedAppGateKeepersManager$1.run(FetchedAppGateKeepersManager.java:122)\n\tat java.util.concurrent.ThreadPoolExecutor.runWorker(ThreadPoolExecutor.java:1137)\n\tat java.util.concurrent.ThreadPoolExecutor$Worker.run(ThreadPoolExecutor.java:637)\n\tat java.lang.Thread.run(Thread.java:1012)\n"
},
{
    "type": "log",
    "source": "class",
    "method": "getGraphApiVersion",
    "package_name": "com.fambase.venus",
    "class_name": "com.facebook.FacebookSdk",
    "timestamp": 1728283767692,
    "ref": "<class: com.facebook.FacebookSdk>",
    "arguments": "{}",
    "stack_trace": "java.lang.Exception\n\tat com.facebook.FacebookSdk.getGraphApiVersion(Native Method)\n\tat com.facebook.GraphRequest.<init>(GraphRequest.java:262)\n\tat com.facebook.GraphRequest.<init>(GraphRequest.java:219)\n\tat com.facebook.GraphRequest.newGraphPathRequest(GraphRequest.java:368)\n\tat com.facebook.internal.FetchedAppGateKeepersManager.getAppGateKeepersQueryResponse(FetchedAppGateKeepersManager.java:234)\n\tat com.facebook.internal.FetchedAppGateKeepersManager.access$000(FetchedAppGateKeepersManager.java:49)\n\tat com.facebook.internal.FetchedAppGateKeepersManager$1.run(FetchedAppGateKeepersManager.java:122)\n\tat java.util.concurrent.ThreadPoolExecutor.runWorker(ThreadPoolExecutor.java:1137)\n\tat java.util.concurrent.ThreadPoolExecutor$Worker.run(ThreadPoolExecutor.java:637)\n\tat java.lang.Thread.run(Thread.java:1012)\n"
},
{
    "type": "log",
    "source": "class",
    "method": "isInitialized",
    "package_name": "com.fambase.venus",
    "class_name": "com.facebook.FacebookSdk",
    "timestamp": 1728283767691,
    "ref": "<class: com.facebook.FacebookSdk>",
    "arguments": "{}",
    "stack_trace": "java.lang.Exception\n\tat com.facebook.FacebookSdk.isInitialized(Native Method)\n\tat com.facebook.internal.Validate.sdkInitialized(Validate.java:134)\n\tat com.facebook.FacebookSdk.getApplicationContext(FacebookSdk.java:648)\n\tat com.facebook.FacebookSdk.getApplicationContext(Native Method)\n\tat com.facebook.internal.FetchedAppGateKeepersManager.loadAppGateKeepersAsync(FetchedAppGateKeepersManager.java:84)\n\tat com.facebook.internal.FeatureManager.checkFeature(FeatureManager.java:42)\n\tat com.facebook.appevents.internal.ActivityLifecycleTracker.startTracking(ActivityLifecycleTracker.java:80)\n\tat com.facebook.FacebookSdk.sdkInitialize(FacebookSdk.java:311)\n\tat com.facebook.FacebookSdk.sdkInitialize(Native Method)\n\tat com.facebook.FacebookSdk.sdkInitialize(FacebookSdk.java:248)\n\tat com.facebook.FacebookSdk.sdkInitialize(Native Method)\n\tat com.facebook.internal.FacebookInitProvider.onCreate(FacebookInitProvider.java:22)\n\tat android.content.ContentProvider.attachInfo(ContentProvider.java:2468)\n\tat android.content.ContentProvider.attachInfo(ContentProvider.java:2433)\n\tat android.app.ActivityThread.installProvider(ActivityThread.java:7966)\n\tat android.app.ActivityThread.installContentProviders(ActivityThread.java:7477)\n\tat android.app.ActivityThread.handleBindApplication(ActivityThread.java:7205)\n\tat android.app.ActivityThread.handleBindApplication(Native Method)\n\tat android.app.ActivityThread.-$$Nest$mhandleBindApplication(Unknown Source:0)\n\tat android.app.ActivityThread$H.handleMessage(ActivityThread.java:2241)\n\tat android.os.Handler.dispatchMessage(Handler.java:106)\n\tat android.os.Looper.loopOnce(Looper.java:211)\n\tat android.os.Looper.loop(Looper.java:300)\n\tat android.app.ActivityThread.main(ActivityThread.java:8395)\n\tat java.lang.reflect.Method.invoke(Native Method)\n\tat com.android.internal.os.RuntimeInit$MethodAndArgsCaller.run(RuntimeInit.java:559)\n\tat com.android.internal.os.ZygoteInit.main(ZygoteInit.java:954)\n"
},
{
    "type": "log",
    "source": "class",
    "method": "isDebugEnabled",
    "package_name": "com.fambase.venus",
    "class_name": "com.facebook.FacebookSdk",
    "timestamp": 1728283767695,
    "ref": "<class: com.facebook.FacebookSdk>",
    "arguments": "{}",
    "stack_trace": "java.lang.Exception\n\tat com.facebook.FacebookSdk.isDebugEnabled(Native Method)\n\tat com.facebook.internal.Utility.logd(Utility.java:621)\n\tat com.facebook.FacebookSdk.getGraphApiVersion(FacebookSdk.java:677)\n\tat com.facebook.FacebookSdk.getGraphApiVersion(Native Method)\n\tat com.facebook.GraphRequest.<init>(GraphRequest.java:262)\n\tat com.facebook.GraphRequest.<init>(GraphRequest.java:219)\n\tat com.facebook.GraphRequest.newGraphPathRequest(GraphRequest.java:368)\n\tat com.facebook.internal.FetchedAppGateKeepersManager.getAppGateKeepersQueryResponse(FetchedAppGateKeepersManager.java:234)\n\tat com.facebook.internal.FetchedAppGateKeepersManager.access$000(FetchedAppGateKeepersManager.java:49)\n\tat com.facebook.internal.FetchedAppGateKeepersManager$1.run(FetchedAppGateKeepersManager.java:122)\n\tat java.util.concurrent.ThreadPoolExecutor.runWorker(ThreadPoolExecutor.java:1137)\n\tat java.util.concurrent.ThreadPoolExecutor$Worker.run(ThreadPoolExecutor.java:637)\n\tat java.lang.Thread.run(Thread.java:1012)\n"
},
{
    "type": "log",
    "source": "class",
    "method": "getApplicationId",
    "package_name": "com.fambase.venus",
    "class_name": "com.facebook.FacebookSdk",
    "timestamp": 1728283767696,
    "ref": "<class: com.facebook.FacebookSdk>",
    "arguments": "{}",
    "stack_trace": "java.lang.Exception\n\tat com.facebook.FacebookSdk.getApplicationId(Native Method)\n\tat com.facebook.internal.FetchedAppGateKeepersManager.loadAppGateKeepersAsync(FetchedAppGateKeepersManager.java:85)\n\tat com.facebook.internal.FeatureManager.checkFeature(FeatureManager.java:42)\n\tat com.facebook.appevents.internal.ActivityLifecycleTracker.startTracking(ActivityLifecycleTracker.java:80)\n\tat com.facebook.FacebookSdk.sdkInitialize(FacebookSdk.java:311)\n\tat com.facebook.FacebookSdk.sdkInitialize(Native Method)\n\tat com.facebook.FacebookSdk.sdkInitialize(FacebookSdk.java:248)\n\tat com.facebook.FacebookSdk.sdkInitialize(Native Method)\n\tat com.facebook.internal.FacebookInitProvider.onCreate(FacebookInitProvider.java:22)\n\tat android.content.ContentProvider.attachInfo(ContentProvider.java:2468)\n\tat android.content.ContentProvider.attachInfo(ContentProvider.java:2433)\n\tat android.app.ActivityThread.installProvider(ActivityThread.java:7966)\n\tat android.app.ActivityThread.installContentProviders(ActivityThread.java:7477)\n\tat android.app.ActivityThread.handleBindApplication(ActivityThread.java:7205)\n\tat android.app.ActivityThread.handleBindApplication(Native Method)\n\tat android.app.ActivityThread.-$$Nest$mhandleBindApplication(Unknown Source:0)\n\tat android.app.ActivityThread$H.handleMessage(ActivityThread.java:2241)\n\tat android.os.Handler.dispatchMessage(Handler.java:106)\n\tat android.os.Looper.loopOnce(Looper.java:211)\n\tat android.os.Looper.loop(Looper.java:300)\n\tat android.app.ActivityThread.main(ActivityThread.java:8395)\n\tat java.lang.reflect.Method.invoke(Native Method)\n\tat com.android.internal.os.RuntimeInit$MethodAndArgsCaller.run(RuntimeInit.java:559)\n\tat com.android.internal.os.ZygoteInit.main(ZygoteInit.java:954)\n"
},
{
    "type": "log",
    "source": "class",
    "method": "getGraphDomain",
    "package_name": "com.fambase.venus",
    "class_name": "com.facebook.FacebookSdk",
    "timestamp": 1728283767698,
    "ref": "<class: com.facebook.FacebookSdk>",
    "arguments": "{}",
    "stack_trace": "java.lang.Exception\n\tat com.facebook.FacebookSdk.getGraphDomain(Native Method)\n\tat com.facebook.internal.ServerProtocol.getGraphUrlBase(ServerProtocol.java:96)\n\tat com.facebook.GraphRequest.getUrlForSingleRequest(GraphRequest.java:1472)\n\tat com.facebook.GraphRequest.toHttpConnection(GraphRequest.java:1033)\n\tat com.facebook.GraphRequest.executeBatchAndWait(GraphRequest.java:1132)\n\tat com.facebook.GraphRequest.executeBatchAndWait(GraphRequest.java:1109)\n\tat com.facebook.GraphRequest.executeBatchAndWait(GraphRequest.java:1093)\n\tat com.facebook.GraphRequest.executeAndWait(GraphRequest.java:1068)\n\tat com.facebook.GraphRequest.executeAndWait(GraphRequest.java:962)\n\tat com.facebook.internal.FetchedAppGateKeepersManager.getAppGateKeepersQueryResponse(FetchedAppGateKeepersManager.java:239)\n\tat com.facebook.internal.FetchedAppGateKeepersManager.access$000(FetchedAppGateKeepersManager.java:49)\n\tat com.facebook.internal.FetchedAppGateKeepersManager$1.run(FetchedAppGateKeepersManager.java:122)\n\tat java.util.concurrent.ThreadPoolExecutor.runWorker(ThreadPoolExecutor.java:1137)\n\tat java.util.concurrent.ThreadPoolExecutor$Worker.run(ThreadPoolExecutor.java:637)\n\tat java.lang.Thread.run(Thread.java:1012)\n"
},
{
    "type": "log",
    "source": "class",
    "method": "isInitialized",
    "package_name": "com.fambase.venus",
    "class_name": "com.facebook.FacebookSdk",
    "timestamp": 1728283767700,
    "ref": "<class: com.facebook.FacebookSdk>",
    "arguments": "{}",
    "stack_trace": "java.lang.Exception\n\tat com.facebook.FacebookSdk.isInitialized(Native Method)\n\tat com.facebook.internal.Validate.sdkInitialized(Validate.java:134)\n\tat com.facebook.FacebookSdk.getApplicationId(FacebookSdk.java:909)\n\tat com.facebook.FacebookSdk.getApplicationId(Native Method)\n\tat com.facebook.internal.FetchedAppGateKeepersManager.loadAppGateKeepersAsync(FetchedAppGateKeepersManager.java:85)\n\tat com.facebook.internal.FeatureManager.checkFeature(FeatureManager.java:42)\n\tat com.facebook.appevents.internal.ActivityLifecycleTracker.startTracking(ActivityLifecycleTracker.java:80)\n\tat com.facebook.FacebookSdk.sdkInitialize(FacebookSdk.java:311)\n\tat com.facebook.FacebookSdk.sdkInitialize(Native Method)\n\tat com.facebook.FacebookSdk.sdkInitialize(FacebookSdk.java:248)\n\tat com.facebook.FacebookSdk.sdkInitialize(Native Method)\n\tat com.facebook.internal.FacebookInitProvider.onCreate(FacebookInitProvider.java:22)\n\tat android.content.ContentProvider.attachInfo(ContentProvider.java:2468)\n\tat android.content.ContentProvider.attachInfo(ContentProvider.java:2433)\n\tat android.app.ActivityThread.installProvider(ActivityThread.java:7966)\n\tat android.app.ActivityThread.installContentProviders(ActivityThread.java:7477)\n\tat android.app.ActivityThread.handleBindApplication(ActivityThread.java:7205)\n\tat android.app.ActivityThread.handleBindApplication(Native Method)\n\tat android.app.ActivityThread.-$$Nest$mhandleBindApplication(Unknown Source:0)\n\tat android.app.ActivityThread$H.handleMessage(ActivityThread.java:2241)\n\tat android.os.Handler.dispatchMessage(Handler.java:106)\n\tat android.os.Looper.loopOnce(Looper.java:211)\n\tat android.os.Looper.loop(Looper.java:300)\n\tat android.app.ActivityThread.main(ActivityThread.java:8395)\n\tat java.lang.reflect.Method.invoke(Native Method)\n\tat com.android.internal.os.RuntimeInit$MethodAndArgsCaller.run(RuntimeInit.java:559)\n\tat com.android.internal.os.ZygoteInit.main(ZygoteInit.java:954)\n"
},
{
    "type": "log",
    "source": "class",
    "method": "isLoggingBehaviorEnabled",
    "package_name": "com.fambase.venus",
    "class_name": "com.facebook.FacebookSdk",
    "timestamp": 1728283767702,
    "ref": "<class: com.facebook.FacebookSdk>",
    "arguments": "{\"0\":\"<instance: com.facebook.LoggingBehavior>\"}",
    "stack_trace": "java.lang.Exception\n\tat com.facebook.FacebookSdk.isLoggingBehaviorEnabled(Native Method)\n\tat com.facebook.GraphRequest.addCommonParameters(GraphRequest.java:1407)\n\tat com.facebook.GraphRequest.getUrlForSingleRequest(GraphRequest.java:1476)\n\tat com.facebook.GraphRequest.toHttpConnection(GraphRequest.java:1033)\n\tat com.facebook.GraphRequest.executeBatchAndWait(GraphRequest.java:1132)\n\tat com.facebook.GraphRequest.executeBatchAndWait(GraphRequest.java:1109)\n\tat com.facebook.GraphRequest.executeBatchAndWait(GraphRequest.java:1093)\n\tat com.facebook.GraphRequest.executeAndWait(GraphRequest.java:1068)\n\tat com.facebook.GraphRequest.executeAndWait(GraphRequest.java:962)\n\tat com.facebook.internal.FetchedAppGateKeepersManager.getAppGateKeepersQueryResponse(FetchedAppGateKeepersManager.java:239)\n\tat com.facebook.internal.FetchedAppGateKeepersManager.access$000(FetchedAppGateKeepersManager.java:49)\n\tat com.facebook.internal.FetchedAppGateKeepersManager$1.run(FetchedAppGateKeepersManager.java:122)\n\tat java.util.concurrent.ThreadPoolExecutor.runWorker(ThreadPoolExecutor.java:1137)\n\tat java.util.concurrent.ThreadPoolExecutor$Worker.run(ThreadPoolExecutor.java:637)\n\tat java.lang.Thread.run(Thread.java:1012)\n"
},
{
    "type": "log",
    "source": "class",
    "method": "isDebugEnabled",
    "package_name": "com.fambase.venus",
    "class_name": "com.facebook.FacebookSdk",
    "timestamp": 1728283767705,
    "ref": "<class: com.facebook.FacebookSdk>",
    "arguments": "{}",
    "stack_trace": "java.lang.Exception\n\tat com.facebook.FacebookSdk.isDebugEnabled(Native Method)\n\tat com.facebook.FacebookSdk.isLoggingBehaviorEnabled(FacebookSdk.java:510)\n\tat com.facebook.FacebookSdk.isLoggingBehaviorEnabled(Native Method)\n\tat com.facebook.GraphRequest.addCommonParameters(GraphRequest.java:1407)\n\tat com.facebook.GraphRequest.getUrlForSingleRequest(GraphRequest.java:1476)\n\tat com.facebook.GraphRequest.toHttpConnection(GraphRequest.java:1033)\n\tat com.facebook.GraphRequest.executeBatchAndWait(GraphRequest.java:1132)\n\tat com.facebook.GraphRequest.executeBatchAndWait(GraphRequest.java:1109)\n\tat com.facebook.GraphRequest.executeBatchAndWait(GraphRequest.java:1093)\n\tat com.facebook.GraphRequest.executeAndWait(GraphRequest.java:1068)\n\tat com.facebook.GraphRequest.executeAndWait(GraphRequest.java:962)\n\tat com.facebook.internal.FetchedAppGateKeepersManager.getAppGateKeepersQueryResponse(FetchedAppGateKeepersManager.java:239)\n\tat com.facebook.internal.FetchedAppGateKeepersManager.access$000(FetchedAppGateKeepersManager.java:49)\n\tat com.facebook.internal.FetchedAppGateKeepersManager$1.run(FetchedAppGateKeepersManager.java:122)\n\tat java.util.concurrent.ThreadPoolExecutor.runWorker(ThreadPoolExecutor.java:1137)\n\tat java.util.concurrent.ThreadPoolExecutor$Worker.run(ThreadPoolExecutor.java:637)\n\tat java.lang.Thread.run(Thread.java:1012)\n"
},
{
    "type": "log",
    "source": "class",
    "method": "getExecutor",
    "package_name": "com.fambase.venus",
    "class_name": "com.facebook.FacebookSdk",
    "timestamp": 1728283767705,
    "ref": "<class: com.facebook.FacebookSdk>",
    "arguments": "{}",
    "stack_trace": "java.lang.Exception\n\tat com.facebook.FacebookSdk.getExecutor(Native Method)\n\tat com.facebook.internal.FetchedAppGateKeepersManager.loadAppGateKeepersAsync(FetchedAppGateKeepersManager.java:109)\n\tat com.facebook.internal.FeatureManager.checkFeature(FeatureManager.java:42)\n\tat com.facebook.appevents.internal.ActivityLifecycleTracker.startTracking(ActivityLifecycleTracker.java:80)\n\tat com.facebook.FacebookSdk.sdkInitialize(FacebookSdk.java:311)\n\tat com.facebook.FacebookSdk.sdkInitialize(Native Method)\n\tat com.facebook.FacebookSdk.sdkInitialize(FacebookSdk.java:248)\n\tat com.facebook.FacebookSdk.sdkInitialize(Native Method)\n\tat com.facebook.internal.FacebookInitProvider.onCreate(FacebookInitProvider.java:22)\n\tat android.content.ContentProvider.attachInfo(ContentProvider.java:2468)\n\tat android.content.ContentProvider.attachInfo(ContentProvider.java:2433)\n\tat android.app.ActivityThread.installProvider(ActivityThread.java:7966)\n\tat android.app.ActivityThread.installContentProviders(ActivityThread.java:7477)\n\tat android.app.ActivityThread.handleBindApplication(ActivityThread.java:7205)\n\tat android.app.ActivityThread.handleBindApplication(Native Method)\n\tat android.app.ActivityThread.-$$Nest$mhandleBindApplication(Unknown Source:0)\n\tat android.app.ActivityThread$H.handleMessage(ActivityThread.java:2241)\n\tat android.os.Handler.dispatchMessage(Handler.java:106)\n\tat android.os.Looper.loopOnce(Looper.java:211)\n\tat android.os.Looper.loop(Looper.java:300)\n\tat android.app.ActivityThread.main(ActivityThread.java:8395)\n\tat java.lang.reflect.Method.invoke(Native Method)\n\tat com.android.internal.os.RuntimeInit$MethodAndArgsCaller.run(RuntimeInit.java:559)\n\tat com.android.internal.os.ZygoteInit.main(ZygoteInit.java:954)\n"
},
{
    "type": "log",
    "source": "class",
    "method": "isLoggingBehaviorEnabled",
    "package_name": "com.fambase.venus",
    "class_name": "com.facebook.FacebookSdk",
    "timestamp": 1728283767709,
    "ref": "<class: com.facebook.FacebookSdk>",
    "arguments": "{\"0\":\"<instance: com.facebook.LoggingBehavior>\"}",
    "stack_trace": "java.lang.Exception\n\tat com.facebook.FacebookSdk.isLoggingBehaviorEnabled(Native Method)\n\tat com.facebook.GraphRequest.addCommonParameters(GraphRequest.java:1409)\n\tat com.facebook.GraphRequest.getUrlForSingleRequest(GraphRequest.java:1476)\n\tat com.facebook.GraphRequest.toHttpConnection(GraphRequest.java:1033)\n\tat com.facebook.GraphRequest.executeBatchAndWait(GraphRequest.java:1132)\n\tat com.facebook.GraphRequest.executeBatchAndWait(GraphRequest.java:1109)\n\tat com.facebook.GraphRequest.executeBatchAndWait(GraphRequest.java:1093)\n\tat com.facebook.GraphRequest.executeAndWait(GraphRequest.java:1068)\n\tat com.facebook.GraphRequest.executeAndWait(GraphRequest.java:962)\n\tat com.facebook.internal.FetchedAppGateKeepersManager.getAppGateKeepersQueryResponse(FetchedAppGateKeepersManager.java:239)\n\tat com.facebook.internal.FetchedAppGateKeepersManager.access$000(FetchedAppGateKeepersManager.java:49)\n\tat com.facebook.internal.FetchedAppGateKeepersManager$1.run(FetchedAppGateKeepersManager.java:122)\n\tat java.util.concurrent.ThreadPoolExecutor.runWorker(ThreadPoolExecutor.java:1137)\n\tat java.util.concurrent.ThreadPoolExecutor$Worker.run(ThreadPoolExecutor.java:637)\n\tat java.lang.Thread.run(Thread.java:1012)\n"
},
{
    "type": "log",
    "source": "class",
    "method": "getApplicationContext",
    "package_name": "com.fambase.venus",
    "class_name": "com.facebook.FacebookSdk",
    "timestamp": 1728283767711,
    "ref": "<class: com.facebook.FacebookSdk>",
    "arguments": "{}",
    "stack_trace": "java.lang.Exception\n\tat com.facebook.FacebookSdk.getApplicationContext(Native Method)\n\tat com.facebook.internal.FetchedAppSettingsManager.loadAppSettingsAsync(FetchedAppSettingsManager.java:131)\n\tat com.facebook.FacebookSdk.sdkInitialize(FacebookSdk.java:316)\n\tat com.facebook.FacebookSdk.sdkInitialize(Native Method)\n\tat com.facebook.FacebookSdk.sdkInitialize(FacebookSdk.java:248)\n\tat com.facebook.FacebookSdk.sdkInitialize(Native Method)\n\tat com.facebook.internal.FacebookInitProvider.onCreate(FacebookInitProvider.java:22)\n\tat android.content.ContentProvider.attachInfo(ContentProvider.java:2468)\n\tat android.content.ContentProvider.attachInfo(ContentProvider.java:2433)\n\tat android.app.ActivityThread.installProvider(ActivityThread.java:7966)\n\tat android.app.ActivityThread.installContentProviders(ActivityThread.java:7477)\n\tat android.app.ActivityThread.handleBindApplication(ActivityThread.java:7205)\n\tat android.app.ActivityThread.handleBindApplication(Native Method)\n\tat android.app.ActivityThread.-$$Nest$mhandleBindApplication(Unknown Source:0)\n\tat android.app.ActivityThread$H.handleMessage(ActivityThread.java:2241)\n\tat android.os.Handler.dispatchMessage(Handler.java:106)\n\tat android.os.Looper.loopOnce(Looper.java:211)\n\tat android.os.Looper.loop(Looper.java:300)\n\tat android.app.ActivityThread.main(ActivityThread.java:8395)\n\tat java.lang.reflect.Method.invoke(Native Method)\n\tat com.android.internal.os.RuntimeInit$MethodAndArgsCaller.run(RuntimeInit.java:559)\n\tat com.android.internal.os.ZygoteInit.main(ZygoteInit.java:954)\n"
},
{
    "type": "log",
    "source": "class",
    "method": "isDebugEnabled",
    "package_name": "com.fambase.venus",
    "class_name": "com.facebook.FacebookSdk",
    "timestamp": 1728283767713,
    "ref": "<class: com.facebook.FacebookSdk>",
    "arguments": "{}",
    "stack_trace": "java.lang.Exception\n\tat com.facebook.FacebookSdk.isDebugEnabled(Native Method)\n\tat com.facebook.FacebookSdk.isLoggingBehaviorEnabled(FacebookSdk.java:510)\n\tat com.facebook.FacebookSdk.isLoggingBehaviorEnabled(Native Method)\n\tat com.facebook.GraphRequest.addCommonParameters(GraphRequest.java:1409)\n\tat com.facebook.GraphRequest.getUrlForSingleRequest(GraphRequest.java:1476)\n\tat com.facebook.GraphRequest.toHttpConnection(GraphRequest.java:1033)\n\tat com.facebook.GraphRequest.executeBatchAndWait(GraphRequest.java:1132)\n\tat com.facebook.GraphRequest.executeBatchAndWait(GraphRequest.java:1109)\n\tat com.facebook.GraphRequest.executeBatchAndWait(GraphRequest.java:1093)\n\tat com.facebook.GraphRequest.executeAndWait(GraphRequest.java:1068)\n\tat com.facebook.GraphRequest.executeAndWait(GraphRequest.java:962)\n\tat com.facebook.internal.FetchedAppGateKeepersManager.getAppGateKeepersQueryResponse(FetchedAppGateKeepersManager.java:239)\n\tat com.facebook.internal.FetchedAppGateKeepersManager.access$000(FetchedAppGateKeepersManager.java:49)\n\tat com.facebook.internal.FetchedAppGateKeepersManager$1.run(FetchedAppGateKeepersManager.java:122)\n\tat java.util.concurrent.ThreadPoolExecutor.runWorker(ThreadPoolExecutor.java:1137)\n\tat java.util.concurrent.ThreadPoolExecutor$Worker.run(ThreadPoolExecutor.java:637)\n\tat java.lang.Thread.run(Thread.java:1012)\n"
},
{
    "type": "log",
    "source": "class",
    "method": "isInitialized",
    "package_name": "com.fambase.venus",
    "class_name": "com.facebook.FacebookSdk",
    "timestamp": 1728283767714,
    "ref": "<class: com.facebook.FacebookSdk>",
    "arguments": "{}",
    "stack_trace": "java.lang.Exception\n\tat com.facebook.FacebookSdk.isInitialized(Native Method)\n\tat com.facebook.internal.Validate.sdkInitialized(Validate.java:134)\n\tat com.facebook.FacebookSdk.getApplicationContext(FacebookSdk.java:648)\n\tat com.facebook.FacebookSdk.getApplicationContext(Native Method)\n\tat com.facebook.internal.FetchedAppSettingsManager.loadAppSettingsAsync(FetchedAppSettingsManager.java:131)\n\tat com.facebook.FacebookSdk.sdkInitialize(FacebookSdk.java:316)\n\tat com.facebook.FacebookSdk.sdkInitialize(Native Method)\n\tat com.facebook.FacebookSdk.sdkInitialize(FacebookSdk.java:248)\n\tat com.facebook.FacebookSdk.sdkInitialize(Native Method)\n\tat com.facebook.internal.FacebookInitProvider.onCreate(FacebookInitProvider.java:22)\n\tat android.content.ContentProvider.attachInfo(ContentProvider.java:2468)\n\tat android.content.ContentProvider.attachInfo(ContentProvider.java:2433)\n\tat android.app.ActivityThread.installProvider(ActivityThread.java:7966)\n\tat android.app.ActivityThread.installContentProviders(ActivityThread.java:7477)\n\tat android.app.ActivityThread.handleBindApplication(ActivityThread.java:7205)\n\tat android.app.ActivityThread.handleBindApplication(Native Method)\n\tat android.app.ActivityThread.-$$Nest$mhandleBindApplication(Unknown Source:0)\n\tat android.app.ActivityThread$H.handleMessage(ActivityThread.java:2241)\n\tat android.os.Handler.dispatchMessage(Handler.java:106)\n\tat android.os.Looper.loopOnce(Looper.java:211)\n\tat android.os.Looper.loop(Looper.java:300)\n\tat android.app.ActivityThread.main(ActivityThread.java:8395)\n\tat java.lang.reflect.Method.invoke(Native Method)\n\tat com.android.internal.os.RuntimeInit$MethodAndArgsCaller.run(RuntimeInit.java:559)\n\tat com.android.internal.os.ZygoteInit.main(ZygoteInit.java:954)\n"
},
{
    "type": "log",
    "source": "class",
    "method": "getApplicationId",
    "package_name": "com.fambase.venus",
    "class_name": "com.facebook.FacebookSdk",
    "timestamp": 1728283767718,
    "ref": "<class: com.facebook.FacebookSdk>",
    "arguments": "{}",
    "stack_trace": "java.lang.Exception\n\tat com.facebook.FacebookSdk.getApplicationId(Native Method)\n\tat com.facebook.internal.FetchedAppSettingsManager.loadAppSettingsAsync(FetchedAppSettingsManager.java:132)\n\tat com.facebook.FacebookSdk.sdkInitialize(FacebookSdk.java:316)\n\tat com.facebook.FacebookSdk.sdkInitialize(Native Method)\n\tat com.facebook.FacebookSdk.sdkInitialize(FacebookSdk.java:248)\n\tat com.facebook.FacebookSdk.sdkInitialize(Native Method)\n\tat com.facebook.internal.FacebookInitProvider.onCreate(FacebookInitProvider.java:22)\n\tat android.content.ContentProvider.attachInfo(ContentProvider.java:2468)\n\tat android.content.ContentProvider.attachInfo(ContentProvider.java:2433)\n\tat android.app.ActivityThread.installProvider(ActivityThread.java:7966)\n\tat android.app.ActivityThread.installContentProviders(ActivityThread.java:7477)\n\tat android.app.ActivityThread.handleBindApplication(ActivityThread.java:7205)\n\tat android.app.ActivityThread.handleBindApplication(Native Method)\n\tat android.app.ActivityThread.-$$Nest$mhandleBindApplication(Unknown Source:0)\n\tat android.app.ActivityThread$H.handleMessage(ActivityThread.java:2241)\n\tat android.os.Handler.dispatchMessage(Handler.java:106)\n\tat android.os.Looper.loopOnce(Looper.java:211)\n\tat android.os.Looper.loop(Looper.java:300)\n\tat android.app.ActivityThread.main(ActivityThread.java:8395)\n\tat java.lang.reflect.Method.invoke(Native Method)\n\tat com.android.internal.os.RuntimeInit$MethodAndArgsCaller.run(RuntimeInit.java:559)\n\tat com.android.internal.os.ZygoteInit.main(ZygoteInit.java:954)\n"
},
{
    "type": "log",
    "source": "class",
    "method": "isLoggingBehaviorEnabled",
    "package_name": "com.fambase.venus",
    "class_name": "com.facebook.FacebookSdk",
    "timestamp": 1728283767720,
    "ref": "<class: com.facebook.FacebookSdk>",
    "arguments": "{\"0\":\"<instance: com.facebook.LoggingBehavior>\"}",
    "stack_trace": "java.lang.Exception\n\tat com.facebook.FacebookSdk.isLoggingBehaviorEnabled(Native Method)\n\tat com.facebook.internal.Logger.shouldLog(Logger.java:157)\n\tat com.facebook.internal.Logger.append(Logger.java:141)\n\tat com.facebook.GraphRequest.serializeToUrlConnection(GraphRequest.java:1652)\n\tat com.facebook.GraphRequest.toHttpConnection(GraphRequest.java:1047)\n\tat com.facebook.GraphRequest.executeBatchAndWait(GraphRequest.java:1132)\n\tat com.facebook.GraphRequest.executeBatchAndWait(GraphRequest.java:1109)\n\tat com.facebook.GraphRequest.executeBatchAndWait(GraphRequest.java:1093)\n\tat com.facebook.GraphRequest.executeAndWait(GraphRequest.java:1068)\n\tat com.facebook.GraphRequest.executeAndWait(GraphRequest.java:962)\n\tat com.facebook.internal.FetchedAppGateKeepersManager.getAppGateKeepersQueryResponse(FetchedAppGateKeepersManager.java:239)\n\tat com.facebook.internal.FetchedAppGateKeepersManager.access$000(FetchedAppGateKeepersManager.java:49)\n\tat com.facebook.internal.FetchedAppGateKeepersManager$1.run(FetchedAppGateKeepersManager.java:122)\n\tat java.util.concurrent.ThreadPoolExecutor.runWorker(ThreadPoolExecutor.java:1137)\n\tat java.util.concurrent.ThreadPoolExecutor$Worker.run(ThreadPoolExecutor.java:637)\n\tat java.lang.Thread.run(Thread.java:1012)\n"
},
{
    "type": "log",
    "source": "class",
    "method": "isDebugEnabled",
    "package_name": "com.fambase.venus",
    "class_name": "com.facebook.FacebookSdk",
    "timestamp": 1728283767723,
    "ref": "<class: com.facebook.FacebookSdk>",
    "arguments": "{}",
    "stack_trace": "java.lang.Exception\n\tat com.facebook.FacebookSdk.isDebugEnabled(Native Method)\n\tat com.facebook.FacebookSdk.isLoggingBehaviorEnabled(FacebookSdk.java:510)\n\tat com.facebook.FacebookSdk.isLoggingBehaviorEnabled(Native Method)\n\tat com.facebook.internal.Logger.shouldLog(Logger.java:157)\n\tat com.facebook.internal.Logger.append(Logger.java:141)\n\tat com.facebook.GraphRequest.serializeToUrlConnection(GraphRequest.java:1652)\n\tat com.facebook.GraphRequest.toHttpConnection(GraphRequest.java:1047)\n\tat com.facebook.GraphRequest.executeBatchAndWait(GraphRequest.java:1132)\n\tat com.facebook.GraphRequest.executeBatchAndWait(GraphRequest.java:1109)\n\tat com.facebook.GraphRequest.executeBatchAndWait(GraphRequest.java:1093)\n\tat com.facebook.GraphRequest.executeAndWait(GraphRequest.java:1068)\n\tat com.facebook.GraphRequest.executeAndWait(GraphRequest.java:962)\n\tat com.facebook.internal.FetchedAppGateKeepersManager.getAppGateKeepersQueryResponse(FetchedAppGateKeepersManager.java:239)\n\tat com.facebook.internal.FetchedAppGateKeepersManager.access$000(FetchedAppGateKeepersManager.java:49)\n\tat com.facebook.internal.FetchedAppGateKeepersManager$1.run(FetchedAppGateKeepersManager.java:122)\n\tat java.util.concurrent.ThreadPoolExecutor.runWorker(ThreadPoolExecutor.java:1137)\n\tat java.util.concurrent.ThreadPoolExecutor$Worker.run(ThreadPoolExecutor.java:637)\n\tat java.lang.Thread.run(Thread.java:1012)\n"
},
{
    "type": "log",
    "source": "class",
    "method": "isInitialized",
    "package_name": "com.fambase.venus",
    "class_name": "com.facebook.FacebookSdk",
    "timestamp": 1728283767722,
    "ref": "<class: com.facebook.FacebookSdk>",
    "arguments": "{}",
    "stack_trace": "java.lang.Exception\n\tat com.facebook.FacebookSdk.isInitialized(Native Method)\n\tat com.facebook.internal.Validate.sdkInitialized(Validate.java:134)\n\tat com.facebook.FacebookSdk.getApplicationId(FacebookSdk.java:909)\n\tat com.facebook.FacebookSdk.getApplicationId(Native Method)\n\tat com.facebook.internal.FetchedAppSettingsManager.loadAppSettingsAsync(FetchedAppSettingsManager.java:132)\n\tat com.facebook.FacebookSdk.sdkInitialize(FacebookSdk.java:316)\n\tat com.facebook.FacebookSdk.sdkInitialize(Native Method)\n\tat com.facebook.FacebookSdk.sdkInitialize(FacebookSdk.java:248)\n\tat com.facebook.FacebookSdk.sdkInitialize(Native Method)\n\tat com.facebook.internal.FacebookInitProvider.onCreate(FacebookInitProvider.java:22)\n\tat android.content.ContentProvider.attachInfo(ContentProvider.java:2468)\n\tat android.content.ContentProvider.attachInfo(ContentProvider.java:2433)\n\tat android.app.ActivityThread.installProvider(ActivityThread.java:7966)\n\tat android.app.ActivityThread.installContentProviders(ActivityThread.java:7477)\n\tat android.app.ActivityThread.handleBindApplication(ActivityThread.java:7205)\n\tat android.app.ActivityThread.handleBindApplication(Native Method)\n\tat android.app.ActivityThread.-$$Nest$mhandleBindApplication(Unknown Source:0)\n\tat android.app.ActivityThread$H.handleMessage(ActivityThread.java:2241)\n\tat android.os.Handler.dispatchMessage(Handler.java:106)\n\tat android.os.Looper.loopOnce(Looper.java:211)\n\tat android.os.Looper.loop(Looper.java:300)\n\tat android.app.ActivityThread.main(ActivityThread.java:8395)\n\tat java.lang.reflect.Method.invoke(Native Method)\n\tat com.android.internal.os.RuntimeInit$MethodAndArgsCaller.run(RuntimeInit.java:559)\n\tat com.android.internal.os.ZygoteInit.main(ZygoteInit.java:954)\n"
},
{
    "type": "log",
    "source": "class",
    "method": "isLoggingBehaviorEnabled",
    "package_name": "com.fambase.venus",
    "class_name": "com.facebook.FacebookSdk",
    "timestamp": 1728283767726,
    "ref": "<class: com.facebook.FacebookSdk>",
    "arguments": "{\"0\":\"<instance: com.facebook.LoggingBehavior>\"}",
    "stack_trace": "java.lang.Exception\n\tat com.facebook.FacebookSdk.isLoggingBehaviorEnabled(Native Method)\n\tat com.facebook.internal.Logger.shouldLog(Logger.java:157)\n\tat com.facebook.internal.Logger.append(Logger.java:147)\n\tat com.facebook.internal.Logger.appendKeyValue(Logger.java:153)\n\tat com.facebook.GraphRequest.serializeToUrlConnection(GraphRequest.java:1653)\n\tat com.facebook.GraphRequest.toHttpConnection(GraphRequest.java:1047)\n\tat com.facebook.GraphRequest.executeBatchAndWait(GraphRequest.java:1132)\n\tat com.facebook.GraphRequest.executeBatchAndWait(GraphRequest.java:1109)\n\tat com.facebook.GraphRequest.executeBatchAndWait(GraphRequest.java:1093)\n\tat com.facebook.GraphRequest.executeAndWait(GraphRequest.java:1068)\n\tat com.facebook.GraphRequest.executeAndWait(GraphRequest.java:962)\n\tat com.facebook.internal.FetchedAppGateKeepersManager.getAppGateKeepersQueryResponse(FetchedAppGateKeepersManager.java:239)\n\tat com.facebook.internal.FetchedAppGateKeepersManager.access$000(FetchedAppGateKeepersManager.java:49)\n\tat com.facebook.internal.FetchedAppGateKeepersManager$1.run(FetchedAppGateKeepersManager.java:122)\n\tat java.util.concurrent.ThreadPoolExecutor.runWorker(ThreadPoolExecutor.java:1137)\n\tat java.util.concurrent.ThreadPoolExecutor$Worker.run(ThreadPoolExecutor.java:637)\n\tat java.lang.Thread.run(Thread.java:1012)\n"
},
{
    "type": "log",
    "source": "class",
    "method": "getExecutor",
    "package_name": "com.fambase.venus",
    "class_name": "com.facebook.FacebookSdk",
    "timestamp": 1728283767727,
    "ref": "<class: com.facebook.FacebookSdk>",
    "arguments": "{}",
    "stack_trace": "java.lang.Exception\n\tat com.facebook.FacebookSdk.getExecutor(Native Method)\n\tat com.facebook.internal.FetchedAppSettingsManager.loadAppSettingsAsync(FetchedAppSettingsManager.java:155)\n\tat com.facebook.FacebookSdk.sdkInitialize(FacebookSdk.java:316)\n\tat com.facebook.FacebookSdk.sdkInitialize(Native Method)\n\tat com.facebook.FacebookSdk.sdkInitialize(FacebookSdk.java:248)\n\tat com.facebook.FacebookSdk.sdkInitialize(Native Method)\n\tat com.facebook.internal.FacebookInitProvider.onCreate(FacebookInitProvider.java:22)\n\tat android.content.ContentProvider.attachInfo(ContentProvider.java:2468)\n\tat android.content.ContentProvider.attachInfo(ContentProvider.java:2433)\n\tat android.app.ActivityThread.installProvider(ActivityThread.java:7966)\n\tat android.app.ActivityThread.installContentProviders(ActivityThread.java:7477)\n\tat android.app.ActivityThread.handleBindApplication(ActivityThread.java:7205)\n\tat android.app.ActivityThread.handleBindApplication(Native Method)\n\tat android.app.ActivityThread.-$$Nest$mhandleBindApplication(Unknown Source:0)\n\tat android.app.ActivityThread$H.handleMessage(ActivityThread.java:2241)\n\tat android.os.Handler.dispatchMessage(Handler.java:106)\n\tat android.os.Looper.loopOnce(Looper.java:211)\n\tat android.os.Looper.loop(Looper.java:300)\n\tat android.app.ActivityThread.main(ActivityThread.java:8395)\n\tat java.lang.reflect.Method.invoke(Native Method)\n\tat com.android.internal.os.RuntimeInit$MethodAndArgsCaller.run(RuntimeInit.java:559)\n\tat com.android.internal.os.ZygoteInit.main(ZygoteInit.java:954)\n"
},
{
    "type": "log",
    "source": "class",
    "method": "isDebugEnabled",
    "package_name": "com.fambase.venus",
    "class_name": "com.facebook.FacebookSdk",
    "timestamp": 1728283767730,
    "ref": "<class: com.facebook.FacebookSdk>",
    "arguments": "{}",
    "stack_trace": "java.lang.Exception\n\tat com.facebook.FacebookSdk.isDebugEnabled(Native Method)\n\tat com.facebook.FacebookSdk.isLoggingBehaviorEnabled(FacebookSdk.java:510)\n\tat com.facebook.FacebookSdk.isLoggingBehaviorEnabled(Native Method)\n\tat com.facebook.internal.Logger.shouldLog(Logger.java:157)\n\tat com.facebook.internal.Logger.append(Logger.java:147)\n\tat com.facebook.internal.Logger.appendKeyValue(Logger.java:153)\n\tat com.facebook.GraphRequest.serializeToUrlConnection(GraphRequest.java:1653)\n\tat com.facebook.GraphRequest.toHttpConnection(GraphRequest.java:1047)\n\tat com.facebook.GraphRequest.executeBatchAndWait(GraphRequest.java:1132)\n\tat com.facebook.GraphRequest.executeBatchAndWait(GraphRequest.java:1109)\n\tat com.facebook.GraphRequest.executeBatchAndWait(GraphRequest.java:1093)\n\tat com.facebook.GraphRequest.executeAndWait(GraphRequest.java:1068)\n\tat com.facebook.GraphRequest.executeAndWait(GraphRequest.java:962)\n\tat com.facebook.internal.FetchedAppGateKeepersManager.getAppGateKeepersQueryResponse(FetchedAppGateKeepersManager.java:239)\n\tat com.facebook.internal.FetchedAppGateKeepersManager.access$000(FetchedAppGateKeepersManager.java:49)\n\tat com.facebook.internal.FetchedAppGateKeepersManager$1.run(FetchedAppGateKeepersManager.java:122)\n\tat java.util.concurrent.ThreadPoolExecutor.runWorker(ThreadPoolExecutor.java:1137)\n\tat java.util.concurrent.ThreadPoolExecutor$Worker.run(ThreadPoolExecutor.java:637)\n\tat java.lang.Thread.run(Thread.java:1012)\n"
},
{
    "type": "log",
    "source": "class",
    "method": "isLoggingBehaviorEnabled",
    "package_name": "com.fambase.venus",
    "class_name": "com.facebook.FacebookSdk",
    "timestamp": 1728283767734,
    "ref": "<class: com.facebook.FacebookSdk>",
    "arguments": "{\"0\":\"<instance: com.facebook.LoggingBehavior>\"}",
    "stack_trace": "java.lang.Exception\n\tat com.facebook.FacebookSdk.isLoggingBehaviorEnabled(Native Method)\n\tat com.facebook.internal.Logger.shouldLog(Logger.java:157)\n\tat com.facebook.internal.Logger.append(Logger.java:147)\n\tat com.facebook.internal.Logger.appendKeyValue(Logger.java:153)\n\tat com.facebook.GraphRequest.serializeToUrlConnection(GraphRequest.java:1654)\n\tat com.facebook.GraphRequest.toHttpConnection(GraphRequest.java:1047)\n\tat com.facebook.GraphRequest.executeBatchAndWait(GraphRequest.java:1132)\n\tat com.facebook.GraphRequest.executeBatchAndWait(GraphRequest.java:1109)\n\tat com.facebook.GraphRequest.executeBatchAndWait(GraphRequest.java:1093)\n\tat com.facebook.GraphRequest.executeAndWait(GraphRequest.java:1068)\n\tat com.facebook.GraphRequest.executeAndWait(GraphRequest.java:962)\n\tat com.facebook.internal.FetchedAppGateKeepersManager.getAppGateKeepersQueryResponse(FetchedAppGateKeepersManager.java:239)\n\tat com.facebook.internal.FetchedAppGateKeepersManager.access$000(FetchedAppGateKeepersManager.java:49)\n\tat com.facebook.internal.FetchedAppGateKeepersManager$1.run(FetchedAppGateKeepersManager.java:122)\n\tat java.util.concurrent.ThreadPoolExecutor.runWorker(ThreadPoolExecutor.java:1137)\n\tat java.util.concurrent.ThreadPoolExecutor$Worker.run(ThreadPoolExecutor.java:637)\n\tat java.lang.Thread.run(Thread.java:1012)\n"
},
{
    "type": "log",
    "source": "class",
    "method": "getExecutor",
    "package_name": "com.fambase.venus",
    "class_name": "com.facebook.FacebookSdk",
    "timestamp": 1728283767732,
    "ref": "<class: com.facebook.FacebookSdk>",
    "arguments": "{}",
    "stack_trace": "java.lang.Exception\n\tat com.facebook.FacebookSdk.getExecutor(Native Method)\n\tat com.facebook.internal.NativeProtocol.updateAllAvailableProtocolVersionsAsync(NativeProtocol.java:852)\n\tat com.facebook.FacebookSdk.sdkInitialize(FacebookSdk.java:319)\n\tat com.facebook.FacebookSdk.sdkInitialize(Native Method)\n\tat com.facebook.FacebookSdk.sdkInitialize(FacebookSdk.java:248)\n\tat com.facebook.FacebookSdk.sdkInitialize(Native Method)\n\tat com.facebook.internal.FacebookInitProvider.onCreate(FacebookInitProvider.java:22)\n\tat android.content.ContentProvider.attachInfo(ContentProvider.java:2468)\n\tat android.content.ContentProvider.attachInfo(ContentProvider.java:2433)\n\tat android.app.ActivityThread.installProvider(ActivityThread.java:7966)\n\tat android.app.ActivityThread.installContentProviders(ActivityThread.java:7477)\n\tat android.app.ActivityThread.handleBindApplication(ActivityThread.java:7205)\n\tat android.app.ActivityThread.handleBindApplication(Native Method)\n\tat android.app.ActivityThread.-$$Nest$mhandleBindApplication(Unknown Source:0)\n\tat android.app.ActivityThread$H.handleMessage(ActivityThread.java:2241)\n\tat android.os.Handler.dispatchMessage(Handler.java:106)\n\tat android.os.Looper.loopOnce(Looper.java:211)\n\tat android.os.Looper.loop(Looper.java:300)\n\tat android.app.ActivityThread.main(ActivityThread.java:8395)\n\tat java.lang.reflect.Method.invoke(Native Method)\n\tat com.android.internal.os.RuntimeInit$MethodAndArgsCaller.run(RuntimeInit.java:559)\n\tat com.android.internal.os.ZygoteInit.main(ZygoteInit.java:954)\n"
},
{
    "type": "log",
    "source": "class",
    "method": "isDebugEnabled",
    "package_name": "com.fambase.venus",
    "class_name": "com.facebook.FacebookSdk",
    "timestamp": 1728283767737,
    "ref": "<class: com.facebook.FacebookSdk>",
    "arguments": "{}",
    "stack_trace": "java.lang.Exception\n\tat com.facebook.FacebookSdk.isDebugEnabled(Native Method)\n\tat com.facebook.FacebookSdk.isLoggingBehaviorEnabled(FacebookSdk.java:510)\n\tat com.facebook.FacebookSdk.isLoggingBehaviorEnabled(Native Method)\n\tat com.facebook.internal.Logger.shouldLog(Logger.java:157)\n\tat com.facebook.internal.Logger.append(Logger.java:147)\n\tat com.facebook.internal.Logger.appendKeyValue(Logger.java:153)\n\tat com.facebook.GraphRequest.serializeToUrlConnection(GraphRequest.java:1654)\n\tat com.facebook.GraphRequest.toHttpConnection(GraphRequest.java:1047)\n\tat com.facebook.GraphRequest.executeBatchAndWait(GraphRequest.java:1132)\n\tat com.facebook.GraphRequest.executeBatchAndWait(GraphRequest.java:1109)\n\tat com.facebook.GraphRequest.executeBatchAndWait(GraphRequest.java:1093)\n\tat com.facebook.GraphRequest.executeAndWait(GraphRequest.java:1068)\n\tat com.facebook.GraphRequest.executeAndWait(GraphRequest.java:962)\n\tat com.facebook.internal.FetchedAppGateKeepersManager.getAppGateKeepersQueryResponse(FetchedAppGateKeepersManager.java:239)\n\tat com.facebook.internal.FetchedAppGateKeepersManager.access$000(FetchedAppGateKeepersManager.java:49)\n\tat com.facebook.internal.FetchedAppGateKeepersManager$1.run(FetchedAppGateKeepersManager.java:122)\n\tat java.util.concurrent.ThreadPoolExecutor.runWorker(ThreadPoolExecutor.java:1137)\n\tat java.util.concurrent.ThreadPoolExecutor$Worker.run(ThreadPoolExecutor.java:637)\n\tat java.lang.Thread.run(Thread.java:1012)\n"
},
{
    "type": "log",
    "source": "class",
    "method": "getExecutor",
    "package_name": "com.fambase.venus",
    "class_name": "com.facebook.FacebookSdk",
    "timestamp": 1728283767739,
    "ref": "<class: com.facebook.FacebookSdk>",
    "arguments": "{}",
    "stack_trace": "java.lang.Exception\n\tat com.facebook.FacebookSdk.getExecutor(Native Method)\n\tat com.facebook.internal.LockOnGetVariable.<init>(LockOnGetVariable.java:41)\n\tat com.facebook.FacebookSdk.sdkInitialize(FacebookSdk.java:323)\n\tat com.facebook.FacebookSdk.sdkInitialize(Native Method)\n\tat com.facebook.FacebookSdk.sdkInitialize(FacebookSdk.java:248)\n\tat com.facebook.FacebookSdk.sdkInitialize(Native Method)\n\tat com.facebook.internal.FacebookInitProvider.onCreate(FacebookInitProvider.java:22)\n\tat android.content.ContentProvider.attachInfo(ContentProvider.java:2468)\n\tat android.content.ContentProvider.attachInfo(ContentProvider.java:2433)\n\tat android.app.ActivityThread.installProvider(ActivityThread.java:7966)\n\tat android.app.ActivityThread.installContentProviders(ActivityThread.java:7477)\n\tat android.app.ActivityThread.handleBindApplication(ActivityThread.java:7205)\n\tat android.app.ActivityThread.handleBindApplication(Native Method)\n\tat android.app.ActivityThread.-$$Nest$mhandleBindApplication(Unknown Source:0)\n\tat android.app.ActivityThread$H.handleMessage(ActivityThread.java:2241)\n\tat android.os.Handler.dispatchMessage(Handler.java:106)\n\tat android.os.Looper.loopOnce(Looper.java:211)\n\tat android.os.Looper.loop(Looper.java:300)\n\tat android.app.ActivityThread.main(ActivityThread.java:8395)\n\tat java.lang.reflect.Method.invoke(Native Method)\n\tat com.android.internal.os.RuntimeInit$MethodAndArgsCaller.run(RuntimeInit.java:559)\n\tat com.android.internal.os.ZygoteInit.main(ZygoteInit.java:954)\n"
},
{
    "type": "log",
    "source": "class",
    "method": "isLoggingBehaviorEnabled",
    "package_name": "com.fambase.venus",
    "class_name": "com.facebook.FacebookSdk",
    "timestamp": 1728283767741,
    "ref": "<class: com.facebook.FacebookSdk>",
    "arguments": "{\"0\":\"<instance: com.facebook.LoggingBehavior>\"}",
    "stack_trace": "java.lang.Exception\n\tat com.facebook.FacebookSdk.isLoggingBehaviorEnabled(Native Method)\n\tat com.facebook.internal.Logger.shouldLog(Logger.java:157)\n\tat com.facebook.internal.Logger.append(Logger.java:147)\n\tat com.facebook.internal.Logger.appendKeyValue(Logger.java:153)\n\tat com.facebook.GraphRequest.serializeToUrlConnection(GraphRequest.java:1655)\n\tat com.facebook.GraphRequest.toHttpConnection(GraphRequest.java:1047)\n\tat com.facebook.GraphRequest.executeBatchAndWait(GraphRequest.java:1132)\n\tat com.facebook.GraphRequest.executeBatchAndWait(GraphRequest.java:1109)\n\tat com.facebook.GraphRequest.executeBatchAndWait(GraphRequest.java:1093)\n\tat com.facebook.GraphRequest.executeAndWait(GraphRequest.java:1068)\n\tat com.facebook.GraphRequest.executeAndWait(GraphRequest.java:962)\n\tat com.facebook.internal.FetchedAppGateKeepersManager.getAppGateKeepersQueryResponse(FetchedAppGateKeepersManager.java:239)\n\tat com.facebook.internal.FetchedAppGateKeepersManager.access$000(FetchedAppGateKeepersManager.java:49)\n\tat com.facebook.internal.FetchedAppGateKeepersManager$1.run(FetchedAppGateKeepersManager.java:122)\n\tat java.util.concurrent.ThreadPoolExecutor.runWorker(ThreadPoolExecutor.java:1137)\n\tat java.util.concurrent.ThreadPoolExecutor$Worker.run(ThreadPoolExecutor.java:637)\n\tat java.lang.Thread.run(Thread.java:1012)\n"
},
{
    "type": "log",
    "source": "class",
    "method": "getApplicationContext",
    "package_name": "com.fambase.venus",
    "class_name": "com.facebook.FacebookSdk",
    "timestamp": 1728283767744,
    "ref": "<class: com.facebook.FacebookSdk>",
    "arguments": "{}",
    "stack_trace": "java.lang.Exception\n\tat com.facebook.FacebookSdk.getApplicationContext(Native Method)\n\tat com.facebook.internal.FetchedAppGateKeepersManager.loadAppGateKeepersAsync(FetchedAppGateKeepersManager.java:84)\n\tat com.facebook.internal.FeatureManager.checkFeature(FeatureManager.java:42)\n\tat com.facebook.FacebookSdk.sdkInitialize(FacebookSdk.java:332)\n\tat com.facebook.FacebookSdk.sdkInitialize(Native Method)\n\tat com.facebook.FacebookSdk.sdkInitialize(FacebookSdk.java:248)\n\tat com.facebook.FacebookSdk.sdkInitialize(Native Method)\n\tat com.facebook.internal.FacebookInitProvider.onCreate(FacebookInitProvider.java:22)\n\tat android.content.ContentProvider.attachInfo(ContentProvider.java:2468)\n\tat android.content.ContentProvider.attachInfo(ContentProvider.java:2433)\n\tat android.app.ActivityThread.installProvider(ActivityThread.java:7966)\n\tat android.app.ActivityThread.installContentProviders(ActivityThread.java:7477)\n\tat android.app.ActivityThread.handleBindApplication(ActivityThread.java:7205)\n\tat android.app.ActivityThread.handleBindApplication(Native Method)\n\tat android.app.ActivityThread.-$$Nest$mhandleBindApplication(Unknown Source:0)\n\tat android.app.ActivityThread$H.handleMessage(ActivityThread.java:2241)\n\tat android.os.Handler.dispatchMessage(Handler.java:106)\n\tat android.os.Looper.loopOnce(Looper.java:211)\n\tat android.os.Looper.loop(Looper.java:300)\n\tat android.app.ActivityThread.main(ActivityThread.java:8395)\n\tat java.lang.reflect.Method.invoke(Native Method)\n\tat com.android.internal.os.RuntimeInit$MethodAndArgsCaller.run(RuntimeInit.java:559)\n\tat com.android.internal.os.ZygoteInit.main(ZygoteInit.java:954)\n"
},
{
    "type": "log",
    "source": "class",
    "method": "isDebugEnabled",
    "package_name": "com.fambase.venus",
    "class_name": "com.facebook.FacebookSdk",
    "timestamp": 1728283767744,
    "ref": "<class: com.facebook.FacebookSdk>",
    "arguments": "{}",
    "stack_trace": "java.lang.Exception\n\tat com.facebook.FacebookSdk.isDebugEnabled(Native Method)\n\tat com.facebook.FacebookSdk.isLoggingBehaviorEnabled(FacebookSdk.java:510)\n\tat com.facebook.FacebookSdk.isLoggingBehaviorEnabled(Native Method)\n\tat com.facebook.internal.Logger.shouldLog(Logger.java:157)\n\tat com.facebook.internal.Logger.append(Logger.java:147)\n\tat com.facebook.internal.Logger.appendKeyValue(Logger.java:153)\n\tat com.facebook.GraphRequest.serializeToUrlConnection(GraphRequest.java:1655)\n\tat com.facebook.GraphRequest.toHttpConnection(GraphRequest.java:1047)\n\tat com.facebook.GraphRequest.executeBatchAndWait(GraphRequest.java:1132)\n\tat com.facebook.GraphRequest.executeBatchAndWait(GraphRequest.java:1109)\n\tat com.facebook.GraphRequest.executeBatchAndWait(GraphRequest.java:1093)\n\tat com.facebook.GraphRequest.executeAndWait(GraphRequest.java:1068)\n\tat com.facebook.GraphRequest.executeAndWait(GraphRequest.java:962)\n\tat com.facebook.internal.FetchedAppGateKeepersManager.getAppGateKeepersQueryResponse(FetchedAppGateKeepersManager.java:239)\n\tat com.facebook.internal.FetchedAppGateKeepersManager.access$000(FetchedAppGateKeepersManager.java:49)\n\tat com.facebook.internal.FetchedAppGateKeepersManager$1.run(FetchedAppGateKeepersManager.java:122)\n\tat java.util.concurrent.ThreadPoolExecutor.runWorker(ThreadPoolExecutor.java:1137)\n\tat java.util.concurrent.ThreadPoolExecutor$Worker.run(ThreadPoolExecutor.java:637)\n\tat java.lang.Thread.run(Thread.java:1012)\n"
},
{
    "type": "log",
    "source": "class",
    "method": "isInitialized",
    "package_name": "com.fambase.venus",
    "class_name": "com.facebook.FacebookSdk",
    "timestamp": 1728283767748,
    "ref": "<class: com.facebook.FacebookSdk>",
    "arguments": "{}",
    "stack_trace": "java.lang.Exception\n\tat com.facebook.FacebookSdk.isInitialized(Native Method)\n\tat com.facebook.internal.Validate.sdkInitialized(Validate.java:134)\n\tat com.facebook.FacebookSdk.getApplicationContext(FacebookSdk.java:648)\n\tat com.facebook.FacebookSdk.getApplicationContext(Native Method)\n\tat com.facebook.internal.FetchedAppGateKeepersManager.loadAppGateKeepersAsync(FetchedAppGateKeepersManager.java:84)\n\tat com.facebook.internal.FeatureManager.checkFeature(FeatureManager.java:42)\n\tat com.facebook.FacebookSdk.sdkInitialize(FacebookSdk.java:332)\n\tat com.facebook.FacebookSdk.sdkInitialize(Native Method)\n\tat com.facebook.FacebookSdk.sdkInitialize(FacebookSdk.java:248)\n\tat com.facebook.FacebookSdk.sdkInitialize(Native Method)\n\tat com.facebook.internal.FacebookInitProvider.onCreate(FacebookInitProvider.java:22)\n\tat android.content.ContentProvider.attachInfo(ContentProvider.java:2468)\n\tat android.content.ContentProvider.attachInfo(ContentProvider.java:2433)\n\tat android.app.ActivityThread.installProvider(ActivityThread.java:7966)\n\tat android.app.ActivityThread.installContentProviders(ActivityThread.java:7477)\n\tat android.app.ActivityThread.handleBindApplication(ActivityThread.java:7205)\n\tat android.app.ActivityThread.handleBindApplication(Native Method)\n\tat android.app.ActivityThread.-$$Nest$mhandleBindApplication(Unknown Source:0)\n\tat android.app.ActivityThread$H.handleMessage(ActivityThread.java:2241)\n\tat android.os.Handler.dispatchMessage(Handler.java:106)\n\tat android.os.Looper.loopOnce(Looper.java:211)\n\tat android.os.Looper.loop(Looper.java:300)\n\tat android.app.ActivityThread.main(ActivityThread.java:8395)\n\tat java.lang.reflect.Method.invoke(Native Method)\n\tat com.android.internal.os.RuntimeInit$MethodAndArgsCaller.run(RuntimeInit.java:559)\n\tat com.android.internal.os.ZygoteInit.main(ZygoteInit.java:954)\n"
},
{
    "type": "log",
    "source": "class",
    "method": "isLoggingBehaviorEnabled",
    "package_name": "com.fambase.venus",
    "class_name": "com.facebook.FacebookSdk",
    "timestamp": 1728283767751,
    "ref": "<class: com.facebook.FacebookSdk>",
    "arguments": "{\"0\":\"<instance: com.facebook.LoggingBehavior>\"}",
    "stack_trace": "java.lang.Exception\n\tat com.facebook.FacebookSdk.isLoggingBehaviorEnabled(Native Method)\n\tat com.facebook.internal.Logger.shouldLog(Logger.java:157)\n\tat com.facebook.internal.Logger.append(Logger.java:147)\n\tat com.facebook.internal.Logger.appendKeyValue(Logger.java:153)\n\tat com.facebook.GraphRequest.serializeToUrlConnection(GraphRequest.java:1656)\n\tat com.facebook.GraphRequest.toHttpConnection(GraphRequest.java:1047)\n\tat com.facebook.GraphRequest.executeBatchAndWait(GraphRequest.java:1132)\n\tat com.facebook.GraphRequest.executeBatchAndWait(GraphRequest.java:1109)\n\tat com.facebook.GraphRequest.executeBatchAndWait(GraphRequest.java:1093)\n\tat com.facebook.GraphRequest.executeAndWait(GraphRequest.java:1068)\n\tat com.facebook.GraphRequest.executeAndWait(GraphRequest.java:962)\n\tat com.facebook.internal.FetchedAppGateKeepersManager.getAppGateKeepersQueryResponse(FetchedAppGateKeepersManager.java:239)\n\tat com.facebook.internal.FetchedAppGateKeepersManager.access$000(FetchedAppGateKeepersManager.java:49)\n\tat com.facebook.internal.FetchedAppGateKeepersManager$1.run(FetchedAppGateKeepersManager.java:122)\n\tat java.util.concurrent.ThreadPoolExecutor.runWorker(ThreadPoolExecutor.java:1137)\n\tat java.util.concurrent.ThreadPoolExecutor$Worker.run(ThreadPoolExecutor.java:637)\n\tat java.lang.Thread.run(Thread.java:1012)\n"
},
{
    "type": "log",
    "source": "class",
    "method": "getApplicationId",
    "package_name": "com.fambase.venus",
    "class_name": "com.facebook.FacebookSdk",
    "timestamp": 1728283767753,
    "ref": "<class: com.facebook.FacebookSdk>",
    "arguments": "{}",
    "stack_trace": "java.lang.Exception\n\tat com.facebook.FacebookSdk.getApplicationId(Native Method)\n\tat com.facebook.internal.FetchedAppGateKeepersManager.loadAppGateKeepersAsync(FetchedAppGateKeepersManager.java:85)\n\tat com.facebook.internal.FeatureManager.checkFeature(FeatureManager.java:42)\n\tat com.facebook.FacebookSdk.sdkInitialize(FacebookSdk.java:332)\n\tat com.facebook.FacebookSdk.sdkInitialize(Native Method)\n\tat com.facebook.FacebookSdk.sdkInitialize(FacebookSdk.java:248)\n\tat com.facebook.FacebookSdk.sdkInitialize(Native Method)\n\tat com.facebook.internal.FacebookInitProvider.onCreate(FacebookInitProvider.java:22)\n\tat android.content.ContentProvider.attachInfo(ContentProvider.java:2468)\n\tat android.content.ContentProvider.attachInfo(ContentProvider.java:2433)\n\tat android.app.ActivityThread.installProvider(ActivityThread.java:7966)\n\tat android.app.ActivityThread.installContentProviders(ActivityThread.java:7477)\n\tat android.app.ActivityThread.handleBindApplication(ActivityThread.java:7205)\n\tat android.app.ActivityThread.handleBindApplication(Native Method)\n\tat android.app.ActivityThread.-$$Nest$mhandleBindApplication(Unknown Source:0)\n\tat android.app.ActivityThread$H.handleMessage(ActivityThread.java:2241)\n\tat android.os.Handler.dispatchMessage(Handler.java:106)\n\tat android.os.Looper.loopOnce(Looper.java:211)\n\tat android.os.Looper.loop(Looper.java:300)\n\tat android.app.ActivityThread.main(ActivityThread.java:8395)\n\tat java.lang.reflect.Method.invoke(Native Method)\n\tat com.android.internal.os.RuntimeInit$MethodAndArgsCaller.run(RuntimeInit.java:559)\n\tat com.android.internal.os.ZygoteInit.main(ZygoteInit.java:954)\n"
},
{
    "type": "log",
    "source": "class",
    "method": "getApplicationContext",
    "package_name": "com.fambase.venus",
    "class_name": "com.facebook.FacebookSdk",
    "timestamp": 1728283767747,
    "ref": "<class: com.facebook.FacebookSdk>",
    "arguments": "{}",
    "stack_trace": "java.lang.Exception\n\tat com.facebook.FacebookSdk.getApplicationContext(Native Method)\n\tat com.facebook.internal.NativeProtocol.fetchAllAvailableProtocolVersionsForAppInfo(NativeProtocol.java:872)\n\tat com.facebook.internal.NativeProtocol.access$000(NativeProtocol.java:57)\n\tat com.facebook.internal.NativeProtocol$NativeAppInfo.fetchAvailableVersions(NativeProtocol.java:275)\n\tat com.facebook.internal.NativeProtocol$NativeAppInfo.access$1000(NativeProtocol.java:259)\n\tat com.facebook.internal.NativeProtocol$1.run(NativeProtocol.java:859)\n\tat java.util.concurrent.ThreadPoolExecutor.runWorker(ThreadPoolExecutor.java:1137)\n\tat java.util.concurrent.ThreadPoolExecutor$Worker.run(ThreadPoolExecutor.java:637)\n\tat java.lang.Thread.run(Thread.java:1012)\n"
},
{
    "type": "log",
    "source": "class",
    "method": "isDebugEnabled",
    "package_name": "com.fambase.venus",
    "class_name": "com.facebook.FacebookSdk",
    "timestamp": 1728283767755,
    "ref": "<class: com.facebook.FacebookSdk>",
    "arguments": "{}",
    "stack_trace": "java.lang.Exception\n\tat com.facebook.FacebookSdk.isDebugEnabled(Native Method)\n\tat com.facebook.FacebookSdk.isLoggingBehaviorEnabled(FacebookSdk.java:510)\n\tat com.facebook.FacebookSdk.isLoggingBehaviorEnabled(Native Method)\n\tat com.facebook.internal.Logger.shouldLog(Logger.java:157)\n\tat com.facebook.internal.Logger.append(Logger.java:147)\n\tat com.facebook.internal.Logger.appendKeyValue(Logger.java:153)\n\tat com.facebook.GraphRequest.serializeToUrlConnection(GraphRequest.java:1656)\n\tat com.facebook.GraphRequest.toHttpConnection(GraphRequest.java:1047)\n\tat com.facebook.GraphRequest.executeBatchAndWait(GraphRequest.java:1132)\n\tat com.facebook.GraphRequest.executeBatchAndWait(GraphRequest.java:1109)\n\tat com.facebook.GraphRequest.executeBatchAndWait(GraphRequest.java:1093)\n\tat com.facebook.GraphRequest.executeAndWait(GraphRequest.java:1068)\n\tat com.facebook.GraphRequest.executeAndWait(GraphRequest.java:962)\n\tat com.facebook.internal.FetchedAppGateKeepersManager.getAppGateKeepersQueryResponse(FetchedAppGateKeepersManager.java:239)\n\tat com.facebook.internal.FetchedAppGateKeepersManager.access$000(FetchedAppGateKeepersManager.java:49)\n\tat com.facebook.internal.FetchedAppGateKeepersManager$1.run(FetchedAppGateKeepersManager.java:122)\n\tat java.util.concurrent.ThreadPoolExecutor.runWorker(ThreadPoolExecutor.java:1137)\n\tat java.util.concurrent.ThreadPoolExecutor$Worker.run(ThreadPoolExecutor.java:637)\n\tat java.lang.Thread.run(Thread.java:1012)\n"
},
{
    "type": "log",
    "source": "class",
    "method": "isLoggingBehaviorEnabled",
    "package_name": "com.fambase.venus",
    "class_name": "com.facebook.FacebookSdk",
    "timestamp": 1728283767750,
    "ref": "<class: com.facebook.FacebookSdk>",
    "arguments": "{\"0\":\"<instance: com.facebook.LoggingBehavior>\"}",
    "stack_trace": "java.lang.Exception\n\tat com.facebook.FacebookSdk.isLoggingBehaviorEnabled(Native Method)\n\tat com.facebook.GraphRequest.setCallback(GraphRequest.java:880)\n\tat com.facebook.GraphRequest.<init>(GraphRequest.java:252)\n\tat com.facebook.GraphRequest.<init>(GraphRequest.java:219)\n\tat com.facebook.GraphRequest.newGraphPathRequest(GraphRequest.java:368)\n\tat com.facebook.internal.FetchedAppSettingsManager.getAppSettingsQueryResponse(FetchedAppSettingsManager.java:364)\n\tat com.facebook.internal.FetchedAppSettingsManager.access$000(FetchedAppSettingsManager.java:59)\n\tat com.facebook.internal.FetchedAppSettingsManager$1.run(FetchedAppSettingsManager.java:177)\n\tat java.util.concurrent.ThreadPoolExecutor.runWorker(ThreadPoolExecutor.java:1137)\n\tat java.util.concurrent.ThreadPoolExecutor$Worker.run(ThreadPoolExecutor.java:637)\n\tat java.lang.Thread.run(Thread.java:1012)\n"
},
{
    "type": "log",
    "source": "class",
    "method": "isInitialized",
    "package_name": "com.fambase.venus",
    "class_name": "com.facebook.FacebookSdk",
    "timestamp": 1728283767757,
    "ref": "<class: com.facebook.FacebookSdk>",
    "arguments": "{}",
    "stack_trace": "java.lang.Exception\n\tat com.facebook.FacebookSdk.isInitialized(Native Method)\n\tat com.facebook.internal.Validate.sdkInitialized(Validate.java:134)\n\tat com.facebook.FacebookSdk.getApplicationId(FacebookSdk.java:909)\n\tat com.facebook.FacebookSdk.getApplicationId(Native Method)\n\tat com.facebook.internal.FetchedAppGateKeepersManager.loadAppGateKeepersAsync(FetchedAppGateKeepersManager.java:85)\n\tat com.facebook.internal.FeatureManager.checkFeature(FeatureManager.java:42)\n\tat com.facebook.FacebookSdk.sdkInitialize(FacebookSdk.java:332)\n\tat com.facebook.FacebookSdk.sdkInitialize(Native Method)\n\tat com.facebook.FacebookSdk.sdkInitialize(FacebookSdk.java:248)\n\tat com.facebook.FacebookSdk.sdkInitialize(Native Method)\n\tat com.facebook.internal.FacebookInitProvider.onCreate(FacebookInitProvider.java:22)\n\tat android.content.ContentProvider.attachInfo(ContentProvider.java:2468)\n\tat android.content.ContentProvider.attachInfo(ContentProvider.java:2433)\n\tat android.app.ActivityThread.installProvider(ActivityThread.java:7966)\n\tat android.app.ActivityThread.installContentProviders(ActivityThread.java:7477)\n\tat android.app.ActivityThread.handleBindApplication(ActivityThread.java:7205)\n\tat android.app.ActivityThread.handleBindApplication(Native Method)\n\tat android.app.ActivityThread.-$$Nest$mhandleBindApplication(Unknown Source:0)\n\tat android.app.ActivityThread$H.handleMessage(ActivityThread.java:2241)\n\tat android.os.Handler.dispatchMessage(Handler.java:106)\n\tat android.os.Looper.loopOnce(Looper.java:211)\n\tat android.os.Looper.loop(Looper.java:300)\n\tat android.app.ActivityThread.main(ActivityThread.java:8395)\n\tat java.lang.reflect.Method.invoke(Native Method)\n\tat com.android.internal.os.RuntimeInit$MethodAndArgsCaller.run(RuntimeInit.java:559)\n\tat com.android.internal.os.ZygoteInit.main(ZygoteInit.java:954)\n"
},
{
    "type": "log",
    "source": "class",
    "method": "isLoggingBehaviorEnabled",
    "package_name": "com.fambase.venus",
    "class_name": "com.facebook.FacebookSdk",
    "timestamp": 1728283767760,
    "ref": "<class: com.facebook.FacebookSdk>",
    "arguments": "{\"0\":\"<instance: com.facebook.LoggingBehavior>\"}",
    "stack_trace": "java.lang.Exception\n\tat com.facebook.FacebookSdk.isLoggingBehaviorEnabled(Native Method)\n\tat com.facebook.internal.Logger.shouldLog(Logger.java:157)\n\tat com.facebook.internal.Logger.append(Logger.java:147)\n\tat com.facebook.internal.Logger.appendKeyValue(Logger.java:153)\n\tat com.facebook.GraphRequest.serializeToUrlConnection(GraphRequest.java:1657)\n\tat com.facebook.GraphRequest.toHttpConnection(GraphRequest.java:1047)\n\tat com.facebook.GraphRequest.executeBatchAndWait(GraphRequest.java:1132)\n\tat com.facebook.GraphRequest.executeBatchAndWait(GraphRequest.java:1109)\n\tat com.facebook.GraphRequest.executeBatchAndWait(GraphRequest.java:1093)\n\tat com.facebook.GraphRequest.executeAndWait(GraphRequest.java:1068)\n\tat com.facebook.GraphRequest.executeAndWait(GraphRequest.java:962)\n\tat com.facebook.internal.FetchedAppGateKeepersManager.getAppGateKeepersQueryResponse(FetchedAppGateKeepersManager.java:239)\n\tat com.facebook.internal.FetchedAppGateKeepersManager.access$000(FetchedAppGateKeepersManager.java:49)\n\tat com.facebook.internal.FetchedAppGateKeepersManager$1.run(FetchedAppGateKeepersManager.java:122)\n\tat java.util.concurrent.ThreadPoolExecutor.runWorker(ThreadPoolExecutor.java:1137)\n\tat java.util.concurrent.ThreadPoolExecutor$Worker.run(ThreadPoolExecutor.java:637)\n\tat java.lang.Thread.run(Thread.java:1012)\n"
},
{
    "type": "log",
    "source": "class",
    "method": "access$000",
    "package_name": "com.fambase.venus",
    "class_name": "com.facebook.FacebookSdk",
    "timestamp": 1728283767752,
    "ref": "<class: com.facebook.FacebookSdk>",
    "arguments": "{}",
    "stack_trace": "java.lang.Exception\n\tat com.facebook.FacebookSdk.access$000(Native Method)\n\tat com.facebook.FacebookSdk$2.call(FacebookSdk.java:328)\n\tat com.facebook.FacebookSdk$2.call(FacebookSdk.java:325)\n\tat com.facebook.internal.LockOnGetVariable$1.call(LockOnGetVariable.java:48)\n\tat com.facebook.internal.LockOnGetVariable$1.call(LockOnGetVariable.java:44)\n\tat java.util.concurrent.FutureTask.run(FutureTask.java:264)\n\tat java.util.concurrent.ThreadPoolExecutor.runWorker(ThreadPoolExecutor.java:1137)\n\tat java.util.concurrent.ThreadPoolExecutor$Worker.run(ThreadPoolExecutor.java:637)\n\tat java.lang.Thread.run(Thread.java:1012)\n"
},
{
    "type": "log",
    "source": "class",
    "method": "getExecutor",
    "package_name": "com.fambase.venus",
    "class_name": "com.facebook.FacebookSdk",
    "timestamp": 1728283767763,
    "ref": "<class: com.facebook.FacebookSdk>",
    "arguments": "{}",
    "stack_trace": "java.lang.Exception\n\tat com.facebook.FacebookSdk.getExecutor(Native Method)\n\tat com.facebook.internal.FetchedAppGateKeepersManager.loadAppGateKeepersAsync(FetchedAppGateKeepersManager.java:109)\n\tat com.facebook.internal.FeatureManager.checkFeature(FeatureManager.java:42)\n\tat com.facebook.FacebookSdk.sdkInitialize(FacebookSdk.java:332)\n\tat com.facebook.FacebookSdk.sdkInitialize(Native Method)\n\tat com.facebook.FacebookSdk.sdkInitialize(FacebookSdk.java:248)\n\tat com.facebook.FacebookSdk.sdkInitialize(Native Method)\n\tat com.facebook.internal.FacebookInitProvider.onCreate(FacebookInitProvider.java:22)\n\tat android.content.ContentProvider.attachInfo(ContentProvider.java:2468)\n\tat android.content.ContentProvider.attachInfo(ContentProvider.java:2433)\n\tat android.app.ActivityThread.installProvider(ActivityThread.java:7966)\n\tat android.app.ActivityThread.installContentProviders(ActivityThread.java:7477)\n\tat android.app.ActivityThread.handleBindApplication(ActivityThread.java:7205)\n\tat android.app.ActivityThread.handleBindApplication(Native Method)\n\tat android.app.ActivityThread.-$$Nest$mhandleBindApplication(Unknown Source:0)\n\tat android.app.ActivityThread$H.handleMessage(ActivityThread.java:2241)\n\tat android.os.Handler.dispatchMessage(Handler.java:106)\n\tat android.os.Looper.loopOnce(Looper.java:211)\n\tat android.os.Looper.loop(Looper.java:300)\n\tat android.app.ActivityThread.main(ActivityThread.java:8395)\n\tat java.lang.reflect.Method.invoke(Native Method)\n\tat com.android.internal.os.RuntimeInit$MethodAndArgsCaller.run(RuntimeInit.java:559)\n\tat com.android.internal.os.ZygoteInit.main(ZygoteInit.java:954)\n"
},
{
    "type": "log",
    "source": "class",
    "method": "isDebugEnabled",
    "package_name": "com.fambase.venus",
    "class_name": "com.facebook.FacebookSdk",
    "timestamp": 1728283767762,
    "ref": "<class: com.facebook.FacebookSdk>",
    "arguments": "{}",
    "stack_trace": "java.lang.Exception\n\tat com.facebook.FacebookSdk.isDebugEnabled(Native Method)\n\tat com.facebook.FacebookSdk.isLoggingBehaviorEnabled(FacebookSdk.java:510)\n\tat com.facebook.FacebookSdk.isLoggingBehaviorEnabled(Native Method)\n\tat com.facebook.GraphRequest.setCallback(GraphRequest.java:880)\n\tat com.facebook.GraphRequest.<init>(GraphRequest.java:252)\n\tat com.facebook.GraphRequest.<init>(GraphRequest.java:219)\n\tat com.facebook.GraphRequest.newGraphPathRequest(GraphRequest.java:368)\n\tat com.facebook.internal.FetchedAppSettingsManager.getAppSettingsQueryResponse(FetchedAppSettingsManager.java:364)\n\tat com.facebook.internal.FetchedAppSettingsManager.access$000(FetchedAppSettingsManager.java:59)\n\tat com.facebook.internal.FetchedAppSettingsManager$1.run(FetchedAppSettingsManager.java:177)\n\tat java.util.concurrent.ThreadPoolExecutor.runWorker(ThreadPoolExecutor.java:1137)\n\tat java.util.concurrent.ThreadPoolExecutor$Worker.run(ThreadPoolExecutor.java:637)\n\tat java.lang.Thread.run(Thread.java:1012)\n"
},
{
    "type": "log",
    "source": "class",
    "method": "isLoggingBehaviorEnabled",
    "package_name": "com.fambase.venus",
    "class_name": "com.facebook.FacebookSdk",
    "timestamp": 1728283767772,
    "ref": "<class: com.facebook.FacebookSdk>",
    "arguments": "{\"0\":\"<instance: com.facebook.LoggingBehavior>\"}",
    "stack_trace": "java.lang.Exception\n\tat com.facebook.FacebookSdk.isLoggingBehaviorEnabled(Native Method)\n\tat com.facebook.GraphRequest.setCallback(GraphRequest.java:881)\n\tat com.facebook.GraphRequest.<init>(GraphRequest.java:252)\n\tat com.facebook.GraphRequest.<init>(GraphRequest.java:219)\n\tat com.facebook.GraphRequest.newGraphPathRequest(GraphRequest.java:368)\n\tat com.facebook.internal.FetchedAppSettingsManager.getAppSettingsQueryResponse(FetchedAppSettingsManager.java:364)\n\tat com.facebook.internal.FetchedAppSettingsManager.access$000(FetchedAppSettingsManager.java:59)\n\tat com.facebook.internal.FetchedAppSettingsManager$1.run(FetchedAppSettingsManager.java:177)\n\tat java.util.concurrent.ThreadPoolExecutor.runWorker(ThreadPoolExecutor.java:1137)\n\tat java.util.concurrent.ThreadPoolExecutor$Worker.run(ThreadPoolExecutor.java:637)\n\tat java.lang.Thread.run(Thread.java:1012)\n"
},
{
    "type": "log",
    "source": "class",
    "method": "getApplicationContext",
    "package_name": "com.fambase.venus",
    "class_name": "com.facebook.FacebookSdk",
    "timestamp": 1728283767770,
    "ref": "<class: com.facebook.FacebookSdk>",
    "arguments": "{}",
    "stack_trace": "java.lang.Exception\n\tat com.facebook.FacebookSdk.getApplicationContext(Native Method)\n\tat com.facebook.internal.FetchedAppGateKeepersManager.loadAppGateKeepersAsync(FetchedAppGateKeepersManager.java:84)\n\tat com.facebook.internal.FeatureManager.checkFeature(FeatureManager.java:42)\n\tat com.facebook.FacebookSdk.sdkInitialize(FacebookSdk.java:343)\n\tat com.facebook.FacebookSdk.sdkInitialize(Native Method)\n\tat com.facebook.FacebookSdk.sdkInitialize(FacebookSdk.java:248)\n\tat com.facebook.FacebookSdk.sdkInitialize(Native Method)\n\tat com.facebook.internal.FacebookInitProvider.onCreate(FacebookInitProvider.java:22)\n\tat android.content.ContentProvider.attachInfo(ContentProvider.java:2468)\n\tat android.content.ContentProvider.attachInfo(ContentProvider.java:2433)\n\tat android.app.ActivityThread.installProvider(ActivityThread.java:7966)\n\tat android.app.ActivityThread.installContentProviders(ActivityThread.java:7477)\n\tat android.app.ActivityThread.handleBindApplication(ActivityThread.java:7205)\n\tat android.app.ActivityThread.handleBindApplication(Native Method)\n\tat android.app.ActivityThread.-$$Nest$mhandleBindApplication(Unknown Source:0)\n\tat android.app.ActivityThread$H.handleMessage(ActivityThread.java:2241)\n\tat android.os.Handler.dispatchMessage(Handler.java:106)\n\tat android.os.Looper.loopOnce(Looper.java:211)\n\tat android.os.Looper.loop(Looper.java:300)\n\tat android.app.ActivityThread.main(ActivityThread.java:8395)\n\tat java.lang.reflect.Method.invoke(Native Method)\n\tat com.android.internal.os.RuntimeInit$MethodAndArgsCaller.run(RuntimeInit.java:559)\n\tat com.android.internal.os.ZygoteInit.main(ZygoteInit.java:954)\n"
},
{
    "type": "log",
    "source": "class",
    "method": "isDebugEnabled",
    "package_name": "com.fambase.venus",
    "class_name": "com.facebook.FacebookSdk",
    "timestamp": 1728283767775,
    "ref": "<class: com.facebook.FacebookSdk>",
    "arguments": "{}",
    "stack_trace": "java.lang.Exception\n\tat com.facebook.FacebookSdk.isDebugEnabled(Native Method)\n\tat com.facebook.FacebookSdk.isLoggingBehaviorEnabled(FacebookSdk.java:510)\n\tat com.facebook.FacebookSdk.isLoggingBehaviorEnabled(Native Method)\n\tat com.facebook.internal.Logger.shouldLog(Logger.java:157)\n\tat com.facebook.internal.Logger.append(Logger.java:147)\n\tat com.facebook.internal.Logger.appendKeyValue(Logger.java:153)\n\tat com.facebook.GraphRequest.serializeToUrlConnection(GraphRequest.java:1657)\n\tat com.facebook.GraphRequest.toHttpConnection(GraphRequest.java:1047)\n\tat com.facebook.GraphRequest.executeBatchAndWait(GraphRequest.java:1132)\n\tat com.facebook.GraphRequest.executeBatchAndWait(GraphRequest.java:1109)\n\tat com.facebook.GraphRequest.executeBatchAndWait(GraphRequest.java:1093)\n\tat com.facebook.GraphRequest.executeAndWait(GraphRequest.java:1068)\n\tat com.facebook.GraphRequest.executeAndWait(GraphRequest.java:962)\n\tat com.facebook.internal.FetchedAppGateKeepersManager.getAppGateKeepersQueryResponse(FetchedAppGateKeepersManager.java:239)\n\tat com.facebook.internal.FetchedAppGateKeepersManager.access$000(FetchedAppGateKeepersManager.java:49)\n\tat com.facebook.internal.FetchedAppGateKeepersManager$1.run(FetchedAppGateKeepersManager.java:122)\n\tat java.util.concurrent.ThreadPoolExecutor.runWorker(ThreadPoolExecutor.java:1137)\n\tat java.util.concurrent.ThreadPoolExecutor$Worker.run(ThreadPoolExecutor.java:637)\n\tat java.lang.Thread.run(Thread.java:1012)\n"
},
{
    "type": "log",
    "source": "class",
    "method": "isInitialized",
    "package_name": "com.fambase.venus",
    "class_name": "com.facebook.FacebookSdk",
    "timestamp": 1728283767776,
    "ref": "<class: com.facebook.FacebookSdk>",
    "arguments": "{}",
    "stack_trace": "java.lang.Exception\n\tat com.facebook.FacebookSdk.isInitialized(Native Method)\n\tat com.facebook.internal.Validate.sdkInitialized(Validate.java:134)\n\tat com.facebook.FacebookSdk.getApplicationContext(FacebookSdk.java:648)\n\tat com.facebook.FacebookSdk.getApplicationContext(Native Method)\n\tat com.facebook.internal.FetchedAppGateKeepersManager.loadAppGateKeepersAsync(FetchedAppGateKeepersManager.java:84)\n\tat com.facebook.internal.FeatureManager.checkFeature(FeatureManager.java:42)\n\tat com.facebook.FacebookSdk.sdkInitialize(FacebookSdk.java:343)\n\tat com.facebook.FacebookSdk.sdkInitialize(Native Method)\n\tat com.facebook.FacebookSdk.sdkInitialize(FacebookSdk.java:248)\n\tat com.facebook.FacebookSdk.sdkInitialize(Native Method)\n\tat com.facebook.internal.FacebookInitProvider.onCreate(FacebookInitProvider.java:22)\n\tat android.content.ContentProvider.attachInfo(ContentProvider.java:2468)\n\tat android.content.ContentProvider.attachInfo(ContentProvider.java:2433)\n\tat android.app.ActivityThread.installProvider(ActivityThread.java:7966)\n\tat android.app.ActivityThread.installContentProviders(ActivityThread.java:7477)\n\tat android.app.ActivityThread.handleBindApplication(ActivityThread.java:7205)\n\tat android.app.ActivityThread.handleBindApplication(Native Method)\n\tat android.app.ActivityThread.-$$Nest$mhandleBindApplication(Unknown Source:0)\n\tat android.app.ActivityThread$H.handleMessage(ActivityThread.java:2241)\n\tat android.os.Handler.dispatchMessage(Handler.java:106)\n\tat android.os.Looper.loopOnce(Looper.java:211)\n\tat android.os.Looper.loop(Looper.java:300)\n\tat android.app.ActivityThread.main(ActivityThread.java:8395)\n\tat java.lang.reflect.Method.invoke(Native Method)\n\tat com.android.internal.os.RuntimeInit$MethodAndArgsCaller.run(RuntimeInit.java:559)\n\tat com.android.internal.os.ZygoteInit.main(ZygoteInit.java:954)\n"
},
{
    "type": "log",
    "source": "class",
    "method": "isLoggingBehaviorEnabled",
    "package_name": "com.fambase.venus",
    "class_name": "com.facebook.FacebookSdk",
    "timestamp": 1728283767780,
    "ref": "<class: com.facebook.FacebookSdk>",
    "arguments": "{\"0\":\"<instance: com.facebook.LoggingBehavior>\"}",
    "stack_trace": "java.lang.Exception\n\tat com.facebook.FacebookSdk.isLoggingBehaviorEnabled(Native Method)\n\tat com.facebook.internal.Logger.log(Logger.java:78)\n\tat com.facebook.internal.Logger.logString(Logger.java:131)\n\tat com.facebook.internal.Logger.log(Logger.java:125)\n\tat com.facebook.GraphRequest.serializeToUrlConnection(GraphRequest.java:1666)\n\tat com.facebook.GraphRequest.toHttpConnection(GraphRequest.java:1047)\n\tat com.facebook.GraphRequest.executeBatchAndWait(GraphRequest.java:1132)\n\tat com.facebook.GraphRequest.executeBatchAndWait(GraphRequest.java:1109)\n\tat com.facebook.GraphRequest.executeBatchAndWait(GraphRequest.java:1093)\n\tat com.facebook.GraphRequest.executeAndWait(GraphRequest.java:1068)\n\tat com.facebook.GraphRequest.executeAndWait(GraphRequest.java:962)\n\tat com.facebook.internal.FetchedAppGateKeepersManager.getAppGateKeepersQueryResponse(FetchedAppGateKeepersManager.java:239)\n\tat com.facebook.internal.FetchedAppGateKeepersManager.access$000(FetchedAppGateKeepersManager.java:49)\n\tat com.facebook.internal.FetchedAppGateKeepersManager$1.run(FetchedAppGateKeepersManager.java:122)\n\tat java.util.concurrent.ThreadPoolExecutor.runWorker(ThreadPoolExecutor.java:1137)\n\tat java.util.concurrent.ThreadPoolExecutor$Worker.run(ThreadPoolExecutor.java:637)\n\tat java.lang.Thread.run(Thread.java:1012)\n"
},
{
    "type": "log",
    "source": "class",
    "method": "getApplicationId",
    "package_name": "com.fambase.venus",
    "class_name": "com.facebook.FacebookSdk",
    "timestamp": 1728283767782,
    "ref": "<class: com.facebook.FacebookSdk>",
    "arguments": "{}",
    "stack_trace": "java.lang.Exception\n\tat com.facebook.FacebookSdk.getApplicationId(Native Method)\n\tat com.facebook.internal.FetchedAppGateKeepersManager.loadAppGateKeepersAsync(FetchedAppGateKeepersManager.java:85)\n\tat com.facebook.internal.FeatureManager.checkFeature(FeatureManager.java:42)\n\tat com.facebook.FacebookSdk.sdkInitialize(FacebookSdk.java:343)\n\tat com.facebook.FacebookSdk.sdkInitialize(Native Method)\n\tat com.facebook.FacebookSdk.sdkInitialize(FacebookSdk.java:248)\n\tat com.facebook.FacebookSdk.sdkInitialize(Native Method)\n\tat com.facebook.internal.FacebookInitProvider.onCreate(FacebookInitProvider.java:22)\n\tat android.content.ContentProvider.attachInfo(ContentProvider.java:2468)\n\tat android.content.ContentProvider.attachInfo(ContentProvider.java:2433)\n\tat android.app.ActivityThread.installProvider(ActivityThread.java:7966)\n\tat android.app.ActivityThread.installContentProviders(ActivityThread.java:7477)\n\tat android.app.ActivityThread.handleBindApplication(ActivityThread.java:7205)\n\tat android.app.ActivityThread.handleBindApplication(Native Method)\n\tat android.app.ActivityThread.-$$Nest$mhandleBindApplication(Unknown Source:0)\n\tat android.app.ActivityThread$H.handleMessage(ActivityThread.java:2241)\n\tat android.os.Handler.dispatchMessage(Handler.java:106)\n\tat android.os.Looper.loopOnce(Looper.java:211)\n\tat android.os.Looper.loop(Looper.java:300)\n\tat android.app.ActivityThread.main(ActivityThread.java:8395)\n\tat java.lang.reflect.Method.invoke(Native Method)\n\tat com.android.internal.os.RuntimeInit$MethodAndArgsCaller.run(RuntimeInit.java:559)\n\tat com.android.internal.os.ZygoteInit.main(ZygoteInit.java:954)\n"
},
{
    "type": "log",
    "source": "class",
    "method": "isInitialized",
    "package_name": "com.fambase.venus",
    "class_name": "com.facebook.FacebookSdk",
    "timestamp": 1728283767786,
    "ref": "<class: com.facebook.FacebookSdk>",
    "arguments": "{}",
    "stack_trace": "java.lang.Exception\n\tat com.facebook.FacebookSdk.isInitialized(Native Method)\n\tat com.facebook.internal.Validate.sdkInitialized(Validate.java:134)\n\tat com.facebook.FacebookSdk.getApplicationId(FacebookSdk.java:909)\n\tat com.facebook.FacebookSdk.getApplicationId(Native Method)\n\tat com.facebook.internal.FetchedAppGateKeepersManager.loadAppGateKeepersAsync(FetchedAppGateKeepersManager.java:85)\n\tat com.facebook.internal.FeatureManager.checkFeature(FeatureManager.java:42)\n\tat com.facebook.FacebookSdk.sdkInitialize(FacebookSdk.java:343)\n\tat com.facebook.FacebookSdk.sdkInitialize(Native Method)\n\tat com.facebook.FacebookSdk.sdkInitialize(FacebookSdk.java:248)\n\tat com.facebook.FacebookSdk.sdkInitialize(Native Method)\n\tat com.facebook.internal.FacebookInitProvider.onCreate(FacebookInitProvider.java:22)\n\tat android.content.ContentProvider.attachInfo(ContentProvider.java:2468)\n\tat android.content.ContentProvider.attachInfo(ContentProvider.java:2433)\n\tat android.app.ActivityThread.installProvider(ActivityThread.java:7966)\n\tat android.app.ActivityThread.installContentProviders(ActivityThread.java:7477)\n\tat android.app.ActivityThread.handleBindApplication(ActivityThread.java:7205)\n\tat android.app.ActivityThread.handleBindApplication(Native Method)\n\tat android.app.ActivityThread.-$$Nest$mhandleBindApplication(Unknown Source:0)\n\tat android.app.ActivityThread$H.handleMessage(ActivityThread.java:2241)\n\tat android.os.Handler.dispatchMessage(Handler.java:106)\n\tat android.os.Looper.loopOnce(Looper.java:211)\n\tat android.os.Looper.loop(Looper.java:300)\n\tat android.app.ActivityThread.main(ActivityThread.java:8395)\n\tat java.lang.reflect.Method.invoke(Native Method)\n\tat com.android.internal.os.RuntimeInit$MethodAndArgsCaller.run(RuntimeInit.java:559)\n\tat com.android.internal.os.ZygoteInit.main(ZygoteInit.java:954)\n"
},
{
    "type": "log",
    "source": "class",
    "method": "isDebugEnabled",
    "package_name": "com.fambase.venus",
    "class_name": "com.facebook.FacebookSdk",
    "timestamp": 1728283767788,
    "ref": "<class: com.facebook.FacebookSdk>",
    "arguments": "{}",
    "stack_trace": "java.lang.Exception\n\tat com.facebook.FacebookSdk.isDebugEnabled(Native Method)\n\tat com.facebook.FacebookSdk.isLoggingBehaviorEnabled(FacebookSdk.java:510)\n\tat com.facebook.FacebookSdk.isLoggingBehaviorEnabled(Native Method)\n\tat com.facebook.GraphRequest.setCallback(GraphRequest.java:881)\n\tat com.facebook.GraphRequest.<init>(GraphRequest.java:252)\n\tat com.facebook.GraphRequest.<init>(GraphRequest.java:219)\n\tat com.facebook.GraphRequest.newGraphPathRequest(GraphRequest.java:368)\n\tat com.facebook.internal.FetchedAppSettingsManager.getAppSettingsQueryResponse(FetchedAppSettingsManager.java:364)\n\tat com.facebook.internal.FetchedAppSettingsManager.access$000(FetchedAppSettingsManager.java:59)\n\tat com.facebook.internal.FetchedAppSettingsManager$1.run(FetchedAppSettingsManager.java:177)\n\tat java.util.concurrent.ThreadPoolExecutor.runWorker(ThreadPoolExecutor.java:1137)\n\tat java.util.concurrent.ThreadPoolExecutor$Worker.run(ThreadPoolExecutor.java:637)\n\tat java.lang.Thread.run(Thread.java:1012)\n"
},
{
    "type": "log",
    "source": "class",
    "method": "getGraphApiVersion",
    "package_name": "com.fambase.venus",
    "class_name": "com.facebook.FacebookSdk",
    "timestamp": 1728283767792,
    "ref": "<class: com.facebook.FacebookSdk>",
    "arguments": "{}",
    "stack_trace": "java.lang.Exception\n\tat com.facebook.FacebookSdk.getGraphApiVersion(Native Method)\n\tat com.facebook.GraphRequest.<init>(GraphRequest.java:262)\n\tat com.facebook.GraphRequest.<init>(GraphRequest.java:219)\n\tat com.facebook.GraphRequest.newGraphPathRequest(GraphRequest.java:368)\n\tat com.facebook.internal.FetchedAppSettingsManager.getAppSettingsQueryResponse(FetchedAppSettingsManager.java:364)\n\tat com.facebook.internal.FetchedAppSettingsManager.access$000(FetchedAppSettingsManager.java:59)\n\tat com.facebook.internal.FetchedAppSettingsManager$1.run(FetchedAppSettingsManager.java:177)\n\tat java.util.concurrent.ThreadPoolExecutor.runWorker(ThreadPoolExecutor.java:1137)\n\tat java.util.concurrent.ThreadPoolExecutor$Worker.run(ThreadPoolExecutor.java:637)\n\tat java.lang.Thread.run(Thread.java:1012)\n"
},
{
    "type": "log",
    "source": "class",
    "method": "isDebugEnabled",
    "package_name": "com.fambase.venus",
    "class_name": "com.facebook.FacebookSdk",
    "timestamp": 1728283767792,
    "ref": "<class: com.facebook.FacebookSdk>",
    "arguments": "{}",
    "stack_trace": "java.lang.Exception\n\tat com.facebook.FacebookSdk.isDebugEnabled(Native Method)\n\tat com.facebook.FacebookSdk.isLoggingBehaviorEnabled(FacebookSdk.java:510)\n\tat com.facebook.FacebookSdk.isLoggingBehaviorEnabled(Native Method)\n\tat com.facebook.internal.Logger.log(Logger.java:78)\n\tat com.facebook.internal.Logger.logString(Logger.java:131)\n\tat com.facebook.internal.Logger.log(Logger.java:125)\n\tat com.facebook.GraphRequest.serializeToUrlConnection(GraphRequest.java:1666)\n\tat com.facebook.GraphRequest.toHttpConnection(GraphRequest.java:1047)\n\tat com.facebook.GraphRequest.executeBatchAndWait(GraphRequest.java:1132)\n\tat com.facebook.GraphRequest.executeBatchAndWait(GraphRequest.java:1109)\n\tat com.facebook.GraphRequest.executeBatchAndWait(GraphRequest.java:1093)\n\tat com.facebook.GraphRequest.executeAndWait(GraphRequest.java:1068)\n\tat com.facebook.GraphRequest.executeAndWait(GraphRequest.java:962)\n\tat com.facebook.internal.FetchedAppGateKeepersManager.getAppGateKeepersQueryResponse(FetchedAppGateKeepersManager.java:239)\n\tat com.facebook.internal.FetchedAppGateKeepersManager.access$000(FetchedAppGateKeepersManager.java:49)\n\tat com.facebook.internal.FetchedAppGateKeepersManager$1.run(FetchedAppGateKeepersManager.java:122)\n\tat java.util.concurrent.ThreadPoolExecutor.runWorker(ThreadPoolExecutor.java:1137)\n\tat java.util.concurrent.ThreadPoolExecutor$Worker.run(ThreadPoolExecutor.java:637)\n\tat java.lang.Thread.run(Thread.java:1012)\n"
},
{
    "type": "log",
    "source": "class",
    "method": "getExecutor",
    "package_name": "com.fambase.venus",
    "class_name": "com.facebook.FacebookSdk",
    "timestamp": 1728283767791,
    "ref": "<class: com.facebook.FacebookSdk>",
    "arguments": "{}",
    "stack_trace": "java.lang.Exception\n\tat com.facebook.FacebookSdk.getExecutor(Native Method)\n\tat com.facebook.internal.FetchedAppGateKeepersManager.loadAppGateKeepersAsync(FetchedAppGateKeepersManager.java:109)\n\tat com.facebook.internal.FeatureManager.checkFeature(FeatureManager.java:42)\n\tat com.facebook.FacebookSdk.sdkInitialize(FacebookSdk.java:343)\n\tat com.facebook.FacebookSdk.sdkInitialize(Native Method)\n\tat com.facebook.FacebookSdk.sdkInitialize(FacebookSdk.java:248)\n\tat com.facebook.FacebookSdk.sdkInitialize(Native Method)\n\tat com.facebook.internal.FacebookInitProvider.onCreate(FacebookInitProvider.java:22)\n\tat android.content.ContentProvider.attachInfo(ContentProvider.java:2468)\n\tat android.content.ContentProvider.attachInfo(ContentProvider.java:2433)\n\tat android.app.ActivityThread.installProvider(ActivityThread.java:7966)\n\tat android.app.ActivityThread.installContentProviders(ActivityThread.java:7477)\n\tat android.app.ActivityThread.handleBindApplication(ActivityThread.java:7205)\n\tat android.app.ActivityThread.handleBindApplication(Native Method)\n\tat android.app.ActivityThread.-$$Nest$mhandleBindApplication(Unknown Source:0)\n\tat android.app.ActivityThread$H.handleMessage(ActivityThread.java:2241)\n\tat android.os.Handler.dispatchMessage(Handler.java:106)\n\tat android.os.Looper.loopOnce(Looper.java:211)\n\tat android.os.Looper.loop(Looper.java:300)\n\tat android.app.ActivityThread.main(ActivityThread.java:8395)\n\tat java.lang.reflect.Method.invoke(Native Method)\n\tat com.android.internal.os.RuntimeInit$MethodAndArgsCaller.run(RuntimeInit.java:559)\n\tat com.android.internal.os.ZygoteInit.main(ZygoteInit.java:954)\n"
},
{
    "type": "log",
    "source": "class",
    "method": "isDebugEnabled",
    "package_name": "com.fambase.venus",
    "class_name": "com.facebook.FacebookSdk",
    "timestamp": 1728283767797,
    "ref": "<class: com.facebook.FacebookSdk>",
    "arguments": "{}",
    "stack_trace": "java.lang.Exception\n\tat com.facebook.FacebookSdk.isDebugEnabled(Native Method)\n\tat com.facebook.internal.Utility.logd(Utility.java:621)\n\tat com.facebook.FacebookSdk.getGraphApiVersion(FacebookSdk.java:677)\n\tat com.facebook.FacebookSdk.getGraphApiVersion(Native Method)\n\tat com.facebook.GraphRequest.<init>(GraphRequest.java:262)\n\tat com.facebook.GraphRequest.<init>(GraphRequest.java:219)\n\tat com.facebook.GraphRequest.newGraphPathRequest(GraphRequest.java:368)\n\tat com.facebook.internal.FetchedAppSettingsManager.getAppSettingsQueryResponse(FetchedAppSettingsManager.java:364)\n\tat com.facebook.internal.FetchedAppSettingsManager.access$000(FetchedAppSettingsManager.java:59)\n\tat com.facebook.internal.FetchedAppSettingsManager$1.run(FetchedAppSettingsManager.java:177)\n\tat java.util.concurrent.ThreadPoolExecutor.runWorker(ThreadPoolExecutor.java:1137)\n\tat java.util.concurrent.ThreadPoolExecutor$Worker.run(ThreadPoolExecutor.java:637)\n\tat java.lang.Thread.run(Thread.java:1012)\n"
},
{
    "type": "log",
    "source": "class",
    "method": "getApplicationContext",
    "package_name": "com.fambase.venus",
    "class_name": "com.facebook.FacebookSdk",
    "timestamp": 1728283767798,
    "ref": "<class: com.facebook.FacebookSdk>",
    "arguments": "{}",
    "stack_trace": "java.lang.Exception\n\tat com.facebook.FacebookSdk.getApplicationContext(Native Method)\n\tat com.facebook.internal.FetchedAppGateKeepersManager.loadAppGateKeepersAsync(FetchedAppGateKeepersManager.java:84)\n\tat com.facebook.internal.FeatureManager.checkFeature(FeatureManager.java:42)\n\tat com.facebook.FacebookSdk.sdkInitialize(FacebookSdk.java:354)\n\tat com.facebook.FacebookSdk.sdkInitialize(Native Method)\n\tat com.facebook.FacebookSdk.sdkInitialize(FacebookSdk.java:248)\n\tat com.facebook.FacebookSdk.sdkInitialize(Native Method)\n\tat com.facebook.internal.FacebookInitProvider.onCreate(FacebookInitProvider.java:22)\n\tat android.content.ContentProvider.attachInfo(ContentProvider.java:2468)\n\tat android.content.ContentProvider.attachInfo(ContentProvider.java:2433)\n\tat android.app.ActivityThread.installProvider(ActivityThread.java:7966)\n\tat android.app.ActivityThread.installContentProviders(ActivityThread.java:7477)\n\tat android.app.ActivityThread.handleBindApplication(ActivityThread.java:7205)\n\tat android.app.ActivityThread.handleBindApplication(Native Method)\n\tat android.app.ActivityThread.-$$Nest$mhandleBindApplication(Unknown Source:0)\n\tat android.app.ActivityThread$H.handleMessage(ActivityThread.java:2241)\n\tat android.os.Handler.dispatchMessage(Handler.java:106)\n\tat android.os.Looper.loopOnce(Looper.java:211)\n\tat android.os.Looper.loop(Looper.java:300)\n\tat android.app.ActivityThread.main(ActivityThread.java:8395)\n\tat java.lang.reflect.Method.invoke(Native Method)\n\tat com.android.internal.os.RuntimeInit$MethodAndArgsCaller.run(RuntimeInit.java:559)\n\tat com.android.internal.os.ZygoteInit.main(ZygoteInit.java:954)\n"
},
{
    "type": "log",
    "source": "class",
    "method": "getGraphDomain",
    "package_name": "com.fambase.venus",
    "class_name": "com.facebook.FacebookSdk",
    "timestamp": 1728283767800,
    "ref": "<class: com.facebook.FacebookSdk>",
    "arguments": "{}",
    "stack_trace": "java.lang.Exception\n\tat com.facebook.FacebookSdk.getGraphDomain(Native Method)\n\tat com.facebook.internal.ServerProtocol.getGraphUrlBase(ServerProtocol.java:96)\n\tat com.facebook.GraphRequest.getUrlForSingleRequest(GraphRequest.java:1472)\n\tat com.facebook.GraphRequest.toHttpConnection(GraphRequest.java:1033)\n\tat com.facebook.GraphRequest.executeBatchAndWait(GraphRequest.java:1132)\n\tat com.facebook.GraphRequest.executeBatchAndWait(GraphRequest.java:1109)\n\tat com.facebook.GraphRequest.executeBatchAndWait(GraphRequest.java:1093)\n\tat com.facebook.GraphRequest.executeAndWait(GraphRequest.java:1068)\n\tat com.facebook.GraphRequest.executeAndWait(GraphRequest.java:962)\n\tat com.facebook.internal.FetchedAppSettingsManager.getAppSettingsQueryResponse(FetchedAppSettingsManager.java:368)\n\tat com.facebook.internal.FetchedAppSettingsManager.access$000(FetchedAppSettingsManager.java:59)\n\tat com.facebook.internal.FetchedAppSettingsManager$1.run(FetchedAppSettingsManager.java:177)\n\tat java.util.concurrent.ThreadPoolExecutor.runWorker(ThreadPoolExecutor.java:1137)\n\tat java.util.concurrent.ThreadPoolExecutor$Worker.run(ThreadPoolExecutor.java:637)\n\tat java.lang.Thread.run(Thread.java:1012)\n"
},
{
    "type": "log",
    "source": "class",
    "method": "isInitialized",
    "package_name": "com.fambase.venus",
    "class_name": "com.facebook.FacebookSdk",
    "timestamp": 1728283767801,
    "ref": "<class: com.facebook.FacebookSdk>",
    "arguments": "{}",
    "stack_trace": "java.lang.Exception\n\tat com.facebook.FacebookSdk.isInitialized(Native Method)\n\tat com.facebook.internal.Validate.sdkInitialized(Validate.java:134)\n\tat com.facebook.FacebookSdk.getApplicationContext(FacebookSdk.java:648)\n\tat com.facebook.FacebookSdk.getApplicationContext(Native Method)\n\tat com.facebook.internal.FetchedAppGateKeepersManager.loadAppGateKeepersAsync(FetchedAppGateKeepersManager.java:84)\n\tat com.facebook.internal.FeatureManager.checkFeature(FeatureManager.java:42)\n\tat com.facebook.FacebookSdk.sdkInitialize(FacebookSdk.java:354)\n\tat com.facebook.FacebookSdk.sdkInitialize(Native Method)\n\tat com.facebook.FacebookSdk.sdkInitialize(FacebookSdk.java:248)\n\tat com.facebook.FacebookSdk.sdkInitialize(Native Method)\n\tat com.facebook.internal.FacebookInitProvider.onCreate(FacebookInitProvider.java:22)\n\tat android.content.ContentProvider.attachInfo(ContentProvider.java:2468)\n\tat android.content.ContentProvider.attachInfo(ContentProvider.java:2433)\n\tat android.app.ActivityThread.installProvider(ActivityThread.java:7966)\n\tat android.app.ActivityThread.installContentProviders(ActivityThread.java:7477)\n\tat android.app.ActivityThread.handleBindApplication(ActivityThread.java:7205)\n\tat android.app.ActivityThread.handleBindApplication(Native Method)\n\tat android.app.ActivityThread.-$$Nest$mhandleBindApplication(Unknown Source:0)\n\tat android.app.ActivityThread$H.handleMessage(ActivityThread.java:2241)\n\tat android.os.Handler.dispatchMessage(Handler.java:106)\n\tat android.os.Looper.loopOnce(Looper.java:211)\n\tat android.os.Looper.loop(Looper.java:300)\n\tat android.app.ActivityThread.main(ActivityThread.java:8395)\n\tat java.lang.reflect.Method.invoke(Native Method)\n\tat com.android.internal.os.RuntimeInit$MethodAndArgsCaller.run(RuntimeInit.java:559)\n\tat com.android.internal.os.ZygoteInit.main(ZygoteInit.java:954)\n"
},
{
    "type": "log",
    "source": "class",
    "method": "isLoggingBehaviorEnabled",
    "package_name": "com.fambase.venus",
    "class_name": "com.facebook.FacebookSdk",
    "timestamp": 1728283767805,
    "ref": "<class: com.facebook.FacebookSdk>",
    "arguments": "{\"0\":\"<instance: com.facebook.LoggingBehavior>\"}",
    "stack_trace": "java.lang.Exception\n\tat com.facebook.FacebookSdk.isLoggingBehaviorEnabled(Native Method)\n\tat com.facebook.GraphRequest.addCommonParameters(GraphRequest.java:1407)\n\tat com.facebook.GraphRequest.getUrlForSingleRequest(GraphRequest.java:1476)\n\tat com.facebook.GraphRequest.toHttpConnection(GraphRequest.java:1033)\n\tat com.facebook.GraphRequest.executeBatchAndWait(GraphRequest.java:1132)\n\tat com.facebook.GraphRequest.executeBatchAndWait(GraphRequest.java:1109)\n\tat com.facebook.GraphRequest.executeBatchAndWait(GraphRequest.java:1093)\n\tat com.facebook.GraphRequest.executeAndWait(GraphRequest.java:1068)\n\tat com.facebook.GraphRequest.executeAndWait(GraphRequest.java:962)\n\tat com.facebook.internal.FetchedAppSettingsManager.getAppSettingsQueryResponse(FetchedAppSettingsManager.java:368)\n\tat com.facebook.internal.FetchedAppSettingsManager.access$000(FetchedAppSettingsManager.java:59)\n\tat com.facebook.internal.FetchedAppSettingsManager$1.run(FetchedAppSettingsManager.java:177)\n\tat java.util.concurrent.ThreadPoolExecutor.runWorker(ThreadPoolExecutor.java:1137)\n\tat java.util.concurrent.ThreadPoolExecutor$Worker.run(ThreadPoolExecutor.java:637)\n\tat java.lang.Thread.run(Thread.java:1012)\n"
},
{
    "type": "log",
    "source": "class",
    "method": "getApplicationId",
    "package_name": "com.fambase.venus",
    "class_name": "com.facebook.FacebookSdk",
    "timestamp": 1728283767806,
    "ref": "<class: com.facebook.FacebookSdk>",
    "arguments": "{}",
    "stack_trace": "java.lang.Exception\n\tat com.facebook.FacebookSdk.getApplicationId(Native Method)\n\tat com.facebook.internal.FetchedAppGateKeepersManager.loadAppGateKeepersAsync(FetchedAppGateKeepersManager.java:85)\n\tat com.facebook.internal.FeatureManager.checkFeature(FeatureManager.java:42)\n\tat com.facebook.FacebookSdk.sdkInitialize(FacebookSdk.java:354)\n\tat com.facebook.FacebookSdk.sdkInitialize(Native Method)\n\tat com.facebook.FacebookSdk.sdkInitialize(FacebookSdk.java:248)\n\tat com.facebook.FacebookSdk.sdkInitialize(Native Method)\n\tat com.facebook.internal.FacebookInitProvider.onCreate(FacebookInitProvider.java:22)\n\tat android.content.ContentProvider.attachInfo(ContentProvider.java:2468)\n\tat android.content.ContentProvider.attachInfo(ContentProvider.java:2433)\n\tat android.app.ActivityThread.installProvider(ActivityThread.java:7966)\n\tat android.app.ActivityThread.installContentProviders(ActivityThread.java:7477)\n\tat android.app.ActivityThread.handleBindApplication(ActivityThread.java:7205)\n\tat android.app.ActivityThread.handleBindApplication(Native Method)\n\tat android.app.ActivityThread.-$$Nest$mhandleBindApplication(Unknown Source:0)\n\tat android.app.ActivityThread$H.handleMessage(ActivityThread.java:2241)\n\tat android.os.Handler.dispatchMessage(Handler.java:106)\n\tat android.os.Looper.loopOnce(Looper.java:211)\n\tat android.os.Looper.loop(Looper.java:300)\n\tat android.app.ActivityThread.main(ActivityThread.java:8395)\n\tat java.lang.reflect.Method.invoke(Native Method)\n\tat com.android.internal.os.RuntimeInit$MethodAndArgsCaller.run(RuntimeInit.java:559)\n\tat com.android.internal.os.ZygoteInit.main(ZygoteInit.java:954)\n"
},
{
    "type": "log",
    "source": "class",
    "method": "isDebugEnabled",
    "package_name": "com.fambase.venus",
    "class_name": "com.facebook.FacebookSdk",
    "timestamp": 1728283767808,
    "ref": "<class: com.facebook.FacebookSdk>",
    "arguments": "{}",
    "stack_trace": "java.lang.Exception\n\tat com.facebook.FacebookSdk.isDebugEnabled(Native Method)\n\tat com.facebook.FacebookSdk.isLoggingBehaviorEnabled(FacebookSdk.java:510)\n\tat com.facebook.FacebookSdk.isLoggingBehaviorEnabled(Native Method)\n\tat com.facebook.GraphRequest.addCommonParameters(GraphRequest.java:1407)\n\tat com.facebook.GraphRequest.getUrlForSingleRequest(GraphRequest.java:1476)\n\tat com.facebook.GraphRequest.toHttpConnection(GraphRequest.java:1033)\n\tat com.facebook.GraphRequest.executeBatchAndWait(GraphRequest.java:1132)\n\tat com.facebook.GraphRequest.executeBatchAndWait(GraphRequest.java:1109)\n\tat com.facebook.GraphRequest.executeBatchAndWait(GraphRequest.java:1093)\n\tat com.facebook.GraphRequest.executeAndWait(GraphRequest.java:1068)\n\tat com.facebook.GraphRequest.executeAndWait(GraphRequest.java:962)\n\tat com.facebook.internal.FetchedAppSettingsManager.getAppSettingsQueryResponse(FetchedAppSettingsManager.java:368)\n\tat com.facebook.internal.FetchedAppSettingsManager.access$000(FetchedAppSettingsManager.java:59)\n\tat com.facebook.internal.FetchedAppSettingsManager$1.run(FetchedAppSettingsManager.java:177)\n\tat java.util.concurrent.ThreadPoolExecutor.runWorker(ThreadPoolExecutor.java:1137)\n\tat java.util.concurrent.ThreadPoolExecutor$Worker.run(ThreadPoolExecutor.java:637)\n\tat java.lang.Thread.run(Thread.java:1012)\n"
},
{
    "type": "log",
    "source": "class",
    "method": "isInitialized",
    "package_name": "com.fambase.venus",
    "class_name": "com.facebook.FacebookSdk",
    "timestamp": 1728283767810,
    "ref": "<class: com.facebook.FacebookSdk>",
    "arguments": "{}",
    "stack_trace": "java.lang.Exception\n\tat com.facebook.FacebookSdk.isInitialized(Native Method)\n\tat com.facebook.internal.Validate.sdkInitialized(Validate.java:134)\n\tat com.facebook.FacebookSdk.getApplicationId(FacebookSdk.java:909)\n\tat com.facebook.FacebookSdk.getApplicationId(Native Method)\n\tat com.facebook.internal.FetchedAppGateKeepersManager.loadAppGateKeepersAsync(FetchedAppGateKeepersManager.java:85)\n\tat com.facebook.internal.FeatureManager.checkFeature(FeatureManager.java:42)\n\tat com.facebook.FacebookSdk.sdkInitialize(FacebookSdk.java:354)\n\tat com.facebook.FacebookSdk.sdkInitialize(Native Method)\n\tat com.facebook.FacebookSdk.sdkInitialize(FacebookSdk.java:248)\n\tat com.facebook.FacebookSdk.sdkInitialize(Native Method)\n\tat com.facebook.internal.FacebookInitProvider.onCreate(FacebookInitProvider.java:22)\n\tat android.content.ContentProvider.attachInfo(ContentProvider.java:2468)\n\tat android.content.ContentProvider.attachInfo(ContentProvider.java:2433)\n\tat android.app.ActivityThread.installProvider(ActivityThread.java:7966)\n\tat android.app.ActivityThread.installContentProviders(ActivityThread.java:7477)\n\tat android.app.ActivityThread.handleBindApplication(ActivityThread.java:7205)\n\tat android.app.ActivityThread.handleBindApplication(Native Method)\n\tat android.app.ActivityThread.-$$Nest$mhandleBindApplication(Unknown Source:0)\n\tat android.app.ActivityThread$H.handleMessage(ActivityThread.java:2241)\n\tat android.os.Handler.dispatchMessage(Handler.java:106)\n\tat android.os.Looper.loopOnce(Looper.java:211)\n\tat android.os.Looper.loop(Looper.java:300)\n\tat android.app.ActivityThread.main(ActivityThread.java:8395)\n\tat java.lang.reflect.Method.invoke(Native Method)\n\tat com.android.internal.os.RuntimeInit$MethodAndArgsCaller.run(RuntimeInit.java:559)\n\tat com.android.internal.os.ZygoteInit.main(ZygoteInit.java:954)\n"
},
{
    "type": "log",
    "source": "class",
    "method": "isLoggingBehaviorEnabled",
    "package_name": "com.fambase.venus",
    "class_name": "com.facebook.FacebookSdk",
    "timestamp": 1728283767811,
    "ref": "<class: com.facebook.FacebookSdk>",
    "arguments": "{\"0\":\"<instance: com.facebook.LoggingBehavior>\"}",
    "stack_trace": "java.lang.Exception\n\tat com.facebook.FacebookSdk.isLoggingBehaviorEnabled(Native Method)\n\tat com.facebook.GraphRequest.addCommonParameters(GraphRequest.java:1409)\n\tat com.facebook.GraphRequest.getUrlForSingleRequest(GraphRequest.java:1476)\n\tat com.facebook.GraphRequest.toHttpConnection(GraphRequest.java:1033)\n\tat com.facebook.GraphRequest.executeBatchAndWait(GraphRequest.java:1132)\n\tat com.facebook.GraphRequest.executeBatchAndWait(GraphRequest.java:1109)\n\tat com.facebook.GraphRequest.executeBatchAndWait(GraphRequest.java:1093)\n\tat com.facebook.GraphRequest.executeAndWait(GraphRequest.java:1068)\n\tat com.facebook.GraphRequest.executeAndWait(GraphRequest.java:962)\n\tat com.facebook.internal.FetchedAppSettingsManager.getAppSettingsQueryResponse(FetchedAppSettingsManager.java:368)\n\tat com.facebook.internal.FetchedAppSettingsManager.access$000(FetchedAppSettingsManager.java:59)\n\tat com.facebook.internal.FetchedAppSettingsManager$1.run(FetchedAppSettingsManager.java:177)\n\tat java.util.concurrent.ThreadPoolExecutor.runWorker(ThreadPoolExecutor.java:1137)\n\tat java.util.concurrent.ThreadPoolExecutor$Worker.run(ThreadPoolExecutor.java:637)\n\tat java.lang.Thread.run(Thread.java:1012)\n"
},
{
    "type": "log",
    "source": "class",
    "method": "isDebugEnabled",
    "package_name": "com.fambase.venus",
    "class_name": "com.facebook.FacebookSdk",
    "timestamp": 1728283767815,
    "ref": "<class: com.facebook.FacebookSdk>",
    "arguments": "{}",
    "stack_trace": "java.lang.Exception\n\tat com.facebook.FacebookSdk.isDebugEnabled(Native Method)\n\tat com.facebook.FacebookSdk.isLoggingBehaviorEnabled(FacebookSdk.java:510)\n\tat com.facebook.FacebookSdk.isLoggingBehaviorEnabled(Native Method)\n\tat com.facebook.GraphRequest.addCommonParameters(GraphRequest.java:1409)\n\tat com.facebook.GraphRequest.getUrlForSingleRequest(GraphRequest.java:1476)\n\tat com.facebook.GraphRequest.toHttpConnection(GraphRequest.java:1033)\n\tat com.facebook.GraphRequest.executeBatchAndWait(GraphRequest.java:1132)\n\tat com.facebook.GraphRequest.executeBatchAndWait(GraphRequest.java:1109)\n\tat com.facebook.GraphRequest.executeBatchAndWait(GraphRequest.java:1093)\n\tat com.facebook.GraphRequest.executeAndWait(GraphRequest.java:1068)\n\tat com.facebook.GraphRequest.executeAndWait(GraphRequest.java:962)\n\tat com.facebook.internal.FetchedAppSettingsManager.getAppSettingsQueryResponse(FetchedAppSettingsManager.java:368)\n\tat com.facebook.internal.FetchedAppSettingsManager.access$000(FetchedAppSettingsManager.java:59)\n\tat com.facebook.internal.FetchedAppSettingsManager$1.run(FetchedAppSettingsManager.java:177)\n\tat java.util.concurrent.ThreadPoolExecutor.runWorker(ThreadPoolExecutor.java:1137)\n\tat java.util.concurrent.ThreadPoolExecutor$Worker.run(ThreadPoolExecutor.java:637)\n\tat java.lang.Thread.run(Thread.java:1012)\n"
},
{
    "type": "log",
    "source": "class",
    "method": "getExecutor",
    "package_name": "com.fambase.venus",
    "class_name": "com.facebook.FacebookSdk",
    "timestamp": 1728283767815,
    "ref": "<class: com.facebook.FacebookSdk>",
    "arguments": "{}",
    "stack_trace": "java.lang.Exception\n\tat com.facebook.FacebookSdk.getExecutor(Native Method)\n\tat com.facebook.internal.FetchedAppGateKeepersManager.loadAppGateKeepersAsync(FetchedAppGateKeepersManager.java:109)\n\tat com.facebook.internal.FeatureManager.checkFeature(FeatureManager.java:42)\n\tat com.facebook.FacebookSdk.sdkInitialize(FacebookSdk.java:354)\n\tat com.facebook.FacebookSdk.sdkInitialize(Native Method)\n\tat com.facebook.FacebookSdk.sdkInitialize(FacebookSdk.java:248)\n\tat com.facebook.FacebookSdk.sdkInitialize(Native Method)\n\tat com.facebook.internal.FacebookInitProvider.onCreate(FacebookInitProvider.java:22)\n\tat android.content.ContentProvider.attachInfo(ContentProvider.java:2468)\n\tat android.content.ContentProvider.attachInfo(ContentProvider.java:2433)\n\tat android.app.ActivityThread.installProvider(ActivityThread.java:7966)\n\tat android.app.ActivityThread.installContentProviders(ActivityThread.java:7477)\n\tat android.app.ActivityThread.handleBindApplication(ActivityThread.java:7205)\n\tat android.app.ActivityThread.handleBindApplication(Native Method)\n\tat android.app.ActivityThread.-$$Nest$mhandleBindApplication(Unknown Source:0)\n\tat android.app.ActivityThread$H.handleMessage(ActivityThread.java:2241)\n\tat android.os.Handler.dispatchMessage(Handler.java:106)\n\tat android.os.Looper.loopOnce(Looper.java:211)\n\tat android.os.Looper.loop(Looper.java:300)\n\tat android.app.ActivityThread.main(ActivityThread.java:8395)\n\tat java.lang.reflect.Method.invoke(Native Method)\n\tat com.android.internal.os.RuntimeInit$MethodAndArgsCaller.run(RuntimeInit.java:559)\n\tat com.android.internal.os.ZygoteInit.main(ZygoteInit.java:954)\n"
},
{
    "type": "log",
    "source": "class",
    "method": "getApplicationContext",
    "package_name": "com.fambase.venus",
    "class_name": "com.facebook.FacebookSdk",
    "timestamp": 1728283767820,
    "ref": "<class: com.facebook.FacebookSdk>",
    "arguments": "{}",
    "stack_trace": "java.lang.Exception\n\tat com.facebook.FacebookSdk.getApplicationContext(Native Method)\n\tat com.facebook.internal.FetchedAppGateKeepersManager.loadAppGateKeepersAsync(FetchedAppGateKeepersManager.java:84)\n\tat com.facebook.internal.FeatureManager.checkFeature(FeatureManager.java:42)\n\tat com.facebook.FacebookSdk.sdkInitialize(FacebookSdk.java:365)\n\tat com.facebook.FacebookSdk.sdkInitialize(Native Method)\n\tat com.facebook.FacebookSdk.sdkInitialize(FacebookSdk.java:248)\n\tat com.facebook.FacebookSdk.sdkInitialize(Native Method)\n\tat com.facebook.internal.FacebookInitProvider.onCreate(FacebookInitProvider.java:22)\n\tat android.content.ContentProvider.attachInfo(ContentProvider.java:2468)\n\tat android.content.ContentProvider.attachInfo(ContentProvider.java:2433)\n\tat android.app.ActivityThread.installProvider(ActivityThread.java:7966)\n\tat android.app.ActivityThread.installContentProviders(ActivityThread.java:7477)\n\tat android.app.ActivityThread.handleBindApplication(ActivityThread.java:7205)\n\tat android.app.ActivityThread.handleBindApplication(Native Method)\n\tat android.app.ActivityThread.-$$Nest$mhandleBindApplication(Unknown Source:0)\n\tat android.app.ActivityThread$H.handleMessage(ActivityThread.java:2241)\n\tat android.os.Handler.dispatchMessage(Handler.java:106)\n\tat android.os.Looper.loopOnce(Looper.java:211)\n\tat android.os.Looper.loop(Looper.java:300)\n\tat android.app.ActivityThread.main(ActivityThread.java:8395)\n\tat java.lang.reflect.Method.invoke(Native Method)\n\tat com.android.internal.os.RuntimeInit$MethodAndArgsCaller.run(RuntimeInit.java:559)\n\tat com.android.internal.os.ZygoteInit.main(ZygoteInit.java:954)\n"
},
{
    "type": "log",
    "source": "class",
    "method": "isLoggingBehaviorEnabled",
    "package_name": "com.fambase.venus",
    "class_name": "com.facebook.FacebookSdk",
    "timestamp": 1728283767824,
    "ref": "<class: com.facebook.FacebookSdk>",
    "arguments": "{\"0\":\"<instance: com.facebook.LoggingBehavior>\"}",
    "stack_trace": "java.lang.Exception\n\tat com.facebook.FacebookSdk.isLoggingBehaviorEnabled(Native Method)\n\tat com.facebook.internal.Logger.shouldLog(Logger.java:157)\n\tat com.facebook.internal.Logger.append(Logger.java:141)\n\tat com.facebook.GraphRequest.serializeToUrlConnection(GraphRequest.java:1652)\n\tat com.facebook.GraphRequest.toHttpConnection(GraphRequest.java:1047)\n\tat com.facebook.GraphRequest.executeBatchAndWait(GraphRequest.java:1132)\n\tat com.facebook.GraphRequest.executeBatchAndWait(GraphRequest.java:1109)\n\tat com.facebook.GraphRequest.executeBatchAndWait(GraphRequest.java:1093)\n\tat com.facebook.GraphRequest.executeAndWait(GraphRequest.java:1068)\n\tat com.facebook.GraphRequest.executeAndWait(GraphRequest.java:962)\n\tat com.facebook.internal.FetchedAppSettingsManager.getAppSettingsQueryResponse(FetchedAppSettingsManager.java:368)\n\tat com.facebook.internal.FetchedAppSettingsManager.access$000(FetchedAppSettingsManager.java:59)\n\tat com.facebook.internal.FetchedAppSettingsManager$1.run(FetchedAppSettingsManager.java:177)\n\tat java.util.concurrent.ThreadPoolExecutor.runWorker(ThreadPoolExecutor.java:1137)\n\tat java.util.concurrent.ThreadPoolExecutor$Worker.run(ThreadPoolExecutor.java:637)\n\tat java.lang.Thread.run(Thread.java:1012)\n"
},
{
    "type": "log",
    "source": "class",
    "method": "isInitialized",
    "package_name": "com.fambase.venus",
    "class_name": "com.facebook.FacebookSdk",
    "timestamp": 1728283767823,
    "ref": "<class: com.facebook.FacebookSdk>",
    "arguments": "{}",
    "stack_trace": "java.lang.Exception\n\tat com.facebook.FacebookSdk.isInitialized(Native Method)\n\tat com.facebook.internal.Validate.sdkInitialized(Validate.java:134)\n\tat com.facebook.FacebookSdk.getApplicationContext(FacebookSdk.java:648)\n\tat com.facebook.FacebookSdk.getApplicationContext(Native Method)\n\tat com.facebook.internal.FetchedAppGateKeepersManager.loadAppGateKeepersAsync(FetchedAppGateKeepersManager.java:84)\n\tat com.facebook.internal.FeatureManager.checkFeature(FeatureManager.java:42)\n\tat com.facebook.FacebookSdk.sdkInitialize(FacebookSdk.java:365)\n\tat com.facebook.FacebookSdk.sdkInitialize(Native Method)\n\tat com.facebook.FacebookSdk.sdkInitialize(FacebookSdk.java:248)\n\tat com.facebook.FacebookSdk.sdkInitialize(Native Method)\n\tat com.facebook.internal.FacebookInitProvider.onCreate(FacebookInitProvider.java:22)\n\tat android.content.ContentProvider.attachInfo(ContentProvider.java:2468)\n\tat android.content.ContentProvider.attachInfo(ContentProvider.java:2433)\n\tat android.app.ActivityThread.installProvider(ActivityThread.java:7966)\n\tat android.app.ActivityThread.installContentProviders(ActivityThread.java:7477)\n\tat android.app.ActivityThread.handleBindApplication(ActivityThread.java:7205)\n\tat android.app.ActivityThread.handleBindApplication(Native Method)\n\tat android.app.ActivityThread.-$$Nest$mhandleBindApplication(Unknown Source:0)\n\tat android.app.ActivityThread$H.handleMessage(ActivityThread.java:2241)\n\tat android.os.Handler.dispatchMessage(Handler.java:106)\n\tat android.os.Looper.loopOnce(Looper.java:211)\n\tat android.os.Looper.loop(Looper.java:300)\n\tat android.app.ActivityThread.main(ActivityThread.java:8395)\n\tat java.lang.reflect.Method.invoke(Native Method)\n\tat com.android.internal.os.RuntimeInit$MethodAndArgsCaller.run(RuntimeInit.java:559)\n\tat com.android.internal.os.ZygoteInit.main(ZygoteInit.java:954)\n"
},
{
    "type": "log",
    "source": "class",
    "method": "isDebugEnabled",
    "package_name": "com.fambase.venus",
    "class_name": "com.facebook.FacebookSdk",
    "timestamp": 1728283767827,
    "ref": "<class: com.facebook.FacebookSdk>",
    "arguments": "{}",
    "stack_trace": "java.lang.Exception\n\tat com.facebook.FacebookSdk.isDebugEnabled(Native Method)\n\tat com.facebook.FacebookSdk.isLoggingBehaviorEnabled(FacebookSdk.java:510)\n\tat com.facebook.FacebookSdk.isLoggingBehaviorEnabled(Native Method)\n\tat com.facebook.internal.Logger.shouldLog(Logger.java:157)\n\tat com.facebook.internal.Logger.append(Logger.java:141)\n\tat com.facebook.GraphRequest.serializeToUrlConnection(GraphRequest.java:1652)\n\tat com.facebook.GraphRequest.toHttpConnection(GraphRequest.java:1047)\n\tat com.facebook.GraphRequest.executeBatchAndWait(GraphRequest.java:1132)\n\tat com.facebook.GraphRequest.executeBatchAndWait(GraphRequest.java:1109)\n\tat com.facebook.GraphRequest.executeBatchAndWait(GraphRequest.java:1093)\n\tat com.facebook.GraphRequest.executeAndWait(GraphRequest.java:1068)\n\tat com.facebook.GraphRequest.executeAndWait(GraphRequest.java:962)\n\tat com.facebook.internal.FetchedAppSettingsManager.getAppSettingsQueryResponse(FetchedAppSettingsManager.java:368)\n\tat com.facebook.internal.FetchedAppSettingsManager.access$000(FetchedAppSettingsManager.java:59)\n\tat com.facebook.internal.FetchedAppSettingsManager$1.run(FetchedAppSettingsManager.java:177)\n\tat java.util.concurrent.ThreadPoolExecutor.runWorker(ThreadPoolExecutor.java:1137)\n\tat java.util.concurrent.ThreadPoolExecutor$Worker.run(ThreadPoolExecutor.java:637)\n\tat java.lang.Thread.run(Thread.java:1012)\n"
},
{
    "type": "log",
    "source": "class",
    "method": "getApplicationId",
    "package_name": "com.fambase.venus",
    "class_name": "com.facebook.FacebookSdk",
    "timestamp": 1728283767829,
    "ref": "<class: com.facebook.FacebookSdk>",
    "arguments": "{}",
    "stack_trace": "java.lang.Exception\n\tat com.facebook.FacebookSdk.getApplicationId(Native Method)\n\tat com.facebook.internal.FetchedAppGateKeepersManager.loadAppGateKeepersAsync(FetchedAppGateKeepersManager.java:85)\n\tat com.facebook.internal.FeatureManager.checkFeature(FeatureManager.java:42)\n\tat com.facebook.FacebookSdk.sdkInitialize(FacebookSdk.java:365)\n\tat com.facebook.FacebookSdk.sdkInitialize(Native Method)\n\tat com.facebook.FacebookSdk.sdkInitialize(FacebookSdk.java:248)\n\tat com.facebook.FacebookSdk.sdkInitialize(Native Method)\n\tat com.facebook.internal.FacebookInitProvider.onCreate(FacebookInitProvider.java:22)\n\tat android.content.ContentProvider.attachInfo(ContentProvider.java:2468)\n\tat android.content.ContentProvider.attachInfo(ContentProvider.java:2433)\n\tat android.app.ActivityThread.installProvider(ActivityThread.java:7966)\n\tat android.app.ActivityThread.installContentProviders(ActivityThread.java:7477)\n\tat android.app.ActivityThread.handleBindApplication(ActivityThread.java:7205)\n\tat android.app.ActivityThread.handleBindApplication(Native Method)\n\tat android.app.ActivityThread.-$$Nest$mhandleBindApplication(Unknown Source:0)\n\tat android.app.ActivityThread$H.handleMessage(ActivityThread.java:2241)\n\tat android.os.Handler.dispatchMessage(Handler.java:106)\n\tat android.os.Looper.loopOnce(Looper.java:211)\n\tat android.os.Looper.loop(Looper.java:300)\n\tat android.app.ActivityThread.main(ActivityThread.java:8395)\n\tat java.lang.reflect.Method.invoke(Native Method)\n\tat com.android.internal.os.RuntimeInit$MethodAndArgsCaller.run(RuntimeInit.java:559)\n\tat com.android.internal.os.ZygoteInit.main(ZygoteInit.java:954)\n"
},
{
    "type": "log",
    "source": "class",
    "method": "isLoggingBehaviorEnabled",
    "package_name": "com.fambase.venus",
    "class_name": "com.facebook.FacebookSdk",
    "timestamp": 1728283767831,
    "ref": "<class: com.facebook.FacebookSdk>",
    "arguments": "{\"0\":\"<instance: com.facebook.LoggingBehavior>\"}",
    "stack_trace": "java.lang.Exception\n\tat com.facebook.FacebookSdk.isLoggingBehaviorEnabled(Native Method)\n\tat com.facebook.internal.Logger.shouldLog(Logger.java:157)\n\tat com.facebook.internal.Logger.append(Logger.java:147)\n\tat com.facebook.internal.Logger.appendKeyValue(Logger.java:153)\n\tat com.facebook.GraphRequest.serializeToUrlConnection(GraphRequest.java:1653)\n\tat com.facebook.GraphRequest.toHttpConnection(GraphRequest.java:1047)\n\tat com.facebook.GraphRequest.executeBatchAndWait(GraphRequest.java:1132)\n\tat com.facebook.GraphRequest.executeBatchAndWait(GraphRequest.java:1109)\n\tat com.facebook.GraphRequest.executeBatchAndWait(GraphRequest.java:1093)\n\tat com.facebook.GraphRequest.executeAndWait(GraphRequest.java:1068)\n\tat com.facebook.GraphRequest.executeAndWait(GraphRequest.java:962)\n\tat com.facebook.internal.FetchedAppSettingsManager.getAppSettingsQueryResponse(FetchedAppSettingsManager.java:368)\n\tat com.facebook.internal.FetchedAppSettingsManager.access$000(FetchedAppSettingsManager.java:59)\n\tat com.facebook.internal.FetchedAppSettingsManager$1.run(FetchedAppSettingsManager.java:177)\n\tat java.util.concurrent.ThreadPoolExecutor.runWorker(ThreadPoolExecutor.java:1137)\n\tat java.util.concurrent.ThreadPoolExecutor$Worker.run(ThreadPoolExecutor.java:637)\n\tat java.lang.Thread.run(Thread.java:1012)\n"
},
{
    "type": "log",
    "source": "class",
    "method": "isInitialized",
    "package_name": "com.fambase.venus",
    "class_name": "com.facebook.FacebookSdk",
    "timestamp": 1728283767833,
    "ref": "<class: com.facebook.FacebookSdk>",
    "arguments": "{}",
    "stack_trace": "java.lang.Exception\n\tat com.facebook.FacebookSdk.isInitialized(Native Method)\n\tat com.facebook.internal.Validate.sdkInitialized(Validate.java:134)\n\tat com.facebook.FacebookSdk.getApplicationId(FacebookSdk.java:909)\n\tat com.facebook.FacebookSdk.getApplicationId(Native Method)\n\tat com.facebook.internal.FetchedAppGateKeepersManager.loadAppGateKeepersAsync(FetchedAppGateKeepersManager.java:85)\n\tat com.facebook.internal.FeatureManager.checkFeature(FeatureManager.java:42)\n\tat com.facebook.FacebookSdk.sdkInitialize(FacebookSdk.java:365)\n\tat com.facebook.FacebookSdk.sdkInitialize(Native Method)\n\tat com.facebook.FacebookSdk.sdkInitialize(FacebookSdk.java:248)\n\tat com.facebook.FacebookSdk.sdkInitialize(Native Method)\n\tat com.facebook.internal.FacebookInitProvider.onCreate(FacebookInitProvider.java:22)\n\tat android.content.ContentProvider.attachInfo(ContentProvider.java:2468)\n\tat android.content.ContentProvider.attachInfo(ContentProvider.java:2433)\n\tat android.app.ActivityThread.installProvider(ActivityThread.java:7966)\n\tat android.app.ActivityThread.installContentProviders(ActivityThread.java:7477)\n\tat android.app.ActivityThread.handleBindApplication(ActivityThread.java:7205)\n\tat android.app.ActivityThread.handleBindApplication(Native Method)\n\tat android.app.ActivityThread.-$$Nest$mhandleBindApplication(Unknown Source:0)\n\tat android.app.ActivityThread$H.handleMessage(ActivityThread.java:2241)\n\tat android.os.Handler.dispatchMessage(Handler.java:106)\n\tat android.os.Looper.loopOnce(Looper.java:211)\n\tat android.os.Looper.loop(Looper.java:300)\n\tat android.app.ActivityThread.main(ActivityThread.java:8395)\n\tat java.lang.reflect.Method.invoke(Native Method)\n\tat com.android.internal.os.RuntimeInit$MethodAndArgsCaller.run(RuntimeInit.java:559)\n\tat com.android.internal.os.ZygoteInit.main(ZygoteInit.java:954)\n"
},
{
    "type": "log",
    "source": "class",
    "method": "isDebugEnabled",
    "package_name": "com.fambase.venus",
    "class_name": "com.facebook.FacebookSdk",
    "timestamp": 1728283767835,
    "ref": "<class: com.facebook.FacebookSdk>",
    "arguments": "{}",
    "stack_trace": "java.lang.Exception\n\tat com.facebook.FacebookSdk.isDebugEnabled(Native Method)\n\tat com.facebook.FacebookSdk.isLoggingBehaviorEnabled(FacebookSdk.java:510)\n\tat com.facebook.FacebookSdk.isLoggingBehaviorEnabled(Native Method)\n\tat com.facebook.internal.Logger.shouldLog(Logger.java:157)\n\tat com.facebook.internal.Logger.append(Logger.java:147)\n\tat com.facebook.internal.Logger.appendKeyValue(Logger.java:153)\n\tat com.facebook.GraphRequest.serializeToUrlConnection(GraphRequest.java:1653)\n\tat com.facebook.GraphRequest.toHttpConnection(GraphRequest.java:1047)\n\tat com.facebook.GraphRequest.executeBatchAndWait(GraphRequest.java:1132)\n\tat com.facebook.GraphRequest.executeBatchAndWait(GraphRequest.java:1109)\n\tat com.facebook.GraphRequest.executeBatchAndWait(GraphRequest.java:1093)\n\tat com.facebook.GraphRequest.executeAndWait(GraphRequest.java:1068)\n\tat com.facebook.GraphRequest.executeAndWait(GraphRequest.java:962)\n\tat com.facebook.internal.FetchedAppSettingsManager.getAppSettingsQueryResponse(FetchedAppSettingsManager.java:368)\n\tat com.facebook.internal.FetchedAppSettingsManager.access$000(FetchedAppSettingsManager.java:59)\n\tat com.facebook.internal.FetchedAppSettingsManager$1.run(FetchedAppSettingsManager.java:177)\n\tat java.util.concurrent.ThreadPoolExecutor.runWorker(ThreadPoolExecutor.java:1137)\n\tat java.util.concurrent.ThreadPoolExecutor$Worker.run(ThreadPoolExecutor.java:637)\n\tat java.lang.Thread.run(Thread.java:1012)\n"
},
{
    "type": "log",
    "source": "class",
    "method": "isLoggingBehaviorEnabled",
    "package_name": "com.fambase.venus",
    "class_name": "com.facebook.FacebookSdk",
    "timestamp": 1728283767839,
    "ref": "<class: com.facebook.FacebookSdk>",
    "arguments": "{\"0\":\"<instance: com.facebook.LoggingBehavior>\"}",
    "stack_trace": "java.lang.Exception\n\tat com.facebook.FacebookSdk.isLoggingBehaviorEnabled(Native Method)\n\tat com.facebook.internal.Logger.shouldLog(Logger.java:157)\n\tat com.facebook.internal.Logger.append(Logger.java:147)\n\tat com.facebook.internal.Logger.appendKeyValue(Logger.java:153)\n\tat com.facebook.GraphRequest.serializeToUrlConnection(GraphRequest.java:1654)\n\tat com.facebook.GraphRequest.toHttpConnection(GraphRequest.java:1047)\n\tat com.facebook.GraphRequest.executeBatchAndWait(GraphRequest.java:1132)\n\tat com.facebook.GraphRequest.executeBatchAndWait(GraphRequest.java:1109)\n\tat com.facebook.GraphRequest.executeBatchAndWait(GraphRequest.java:1093)\n\tat com.facebook.GraphRequest.executeAndWait(GraphRequest.java:1068)\n\tat com.facebook.GraphRequest.executeAndWait(GraphRequest.java:962)\n\tat com.facebook.internal.FetchedAppSettingsManager.getAppSettingsQueryResponse(FetchedAppSettingsManager.java:368)\n\tat com.facebook.internal.FetchedAppSettingsManager.access$000(FetchedAppSettingsManager.java:59)\n\tat com.facebook.internal.FetchedAppSettingsManager$1.run(FetchedAppSettingsManager.java:177)\n\tat java.util.concurrent.ThreadPoolExecutor.runWorker(ThreadPoolExecutor.java:1137)\n\tat java.util.concurrent.ThreadPoolExecutor$Worker.run(ThreadPoolExecutor.java:637)\n\tat java.lang.Thread.run(Thread.java:1012)\n"
},
{
    "type": "log",
    "source": "class",
    "method": "getExecutor",
    "package_name": "com.fambase.venus",
    "class_name": "com.facebook.FacebookSdk",
    "timestamp": 1728283767838,
    "ref": "<class: com.facebook.FacebookSdk>",
    "arguments": "{}",
    "stack_trace": "java.lang.Exception\n\tat com.facebook.FacebookSdk.getExecutor(Native Method)\n\tat com.facebook.internal.FetchedAppGateKeepersManager.loadAppGateKeepersAsync(FetchedAppGateKeepersManager.java:109)\n\tat com.facebook.internal.FeatureManager.checkFeature(FeatureManager.java:42)\n\tat com.facebook.FacebookSdk.sdkInitialize(FacebookSdk.java:365)\n\tat com.facebook.FacebookSdk.sdkInitialize(Native Method)\n\tat com.facebook.FacebookSdk.sdkInitialize(FacebookSdk.java:248)\n\tat com.facebook.FacebookSdk.sdkInitialize(Native Method)\n\tat com.facebook.internal.FacebookInitProvider.onCreate(FacebookInitProvider.java:22)\n\tat android.content.ContentProvider.attachInfo(ContentProvider.java:2468)\n\tat android.content.ContentProvider.attachInfo(ContentProvider.java:2433)\n\tat android.app.ActivityThread.installProvider(ActivityThread.java:7966)\n\tat android.app.ActivityThread.installContentProviders(ActivityThread.java:7477)\n\tat android.app.ActivityThread.handleBindApplication(ActivityThread.java:7205)\n\tat android.app.ActivityThread.handleBindApplication(Native Method)\n\tat android.app.ActivityThread.-$$Nest$mhandleBindApplication(Unknown Source:0)\n\tat android.app.ActivityThread$H.handleMessage(ActivityThread.java:2241)\n\tat android.os.Handler.dispatchMessage(Handler.java:106)\n\tat android.os.Looper.loopOnce(Looper.java:211)\n\tat android.os.Looper.loop(Looper.java:300)\n\tat android.app.ActivityThread.main(ActivityThread.java:8395)\n\tat java.lang.reflect.Method.invoke(Native Method)\n\tat com.android.internal.os.RuntimeInit$MethodAndArgsCaller.run(RuntimeInit.java:559)\n\tat com.android.internal.os.ZygoteInit.main(ZygoteInit.java:954)\n"
},
{
    "type": "log",
    "source": "class",
    "method": "isDebugEnabled",
    "package_name": "com.fambase.venus",
    "class_name": "com.facebook.FacebookSdk",
    "timestamp": 1728283767842,
    "ref": "<class: com.facebook.FacebookSdk>",
    "arguments": "{}",
    "stack_trace": "java.lang.Exception\n\tat com.facebook.FacebookSdk.isDebugEnabled(Native Method)\n\tat com.facebook.FacebookSdk.isLoggingBehaviorEnabled(FacebookSdk.java:510)\n\tat com.facebook.FacebookSdk.isLoggingBehaviorEnabled(Native Method)\n\tat com.facebook.internal.Logger.shouldLog(Logger.java:157)\n\tat com.facebook.internal.Logger.append(Logger.java:147)\n\tat com.facebook.internal.Logger.appendKeyValue(Logger.java:153)\n\tat com.facebook.GraphRequest.serializeToUrlConnection(GraphRequest.java:1654)\n\tat com.facebook.GraphRequest.toHttpConnection(GraphRequest.java:1047)\n\tat com.facebook.GraphRequest.executeBatchAndWait(GraphRequest.java:1132)\n\tat com.facebook.GraphRequest.executeBatchAndWait(GraphRequest.java:1109)\n\tat com.facebook.GraphRequest.executeBatchAndWait(GraphRequest.java:1093)\n\tat com.facebook.GraphRequest.executeAndWait(GraphRequest.java:1068)\n\tat com.facebook.GraphRequest.executeAndWait(GraphRequest.java:962)\n\tat com.facebook.internal.FetchedAppSettingsManager.getAppSettingsQueryResponse(FetchedAppSettingsManager.java:368)\n\tat com.facebook.internal.FetchedAppSettingsManager.access$000(FetchedAppSettingsManager.java:59)\n\tat com.facebook.internal.FetchedAppSettingsManager$1.run(FetchedAppSettingsManager.java:177)\n\tat java.util.concurrent.ThreadPoolExecutor.runWorker(ThreadPoolExecutor.java:1137)\n\tat java.util.concurrent.ThreadPoolExecutor$Worker.run(ThreadPoolExecutor.java:637)\n\tat java.lang.Thread.run(Thread.java:1012)\n"
},
{
    "type": "log",
    "source": "class",
    "method": "getApplicationContext",
    "package_name": "com.fambase.venus",
    "class_name": "com.facebook.FacebookSdk",
    "timestamp": 1728283767843,
    "ref": "<class: com.facebook.FacebookSdk>",
    "arguments": "{}",
    "stack_trace": "java.lang.Exception\n\tat com.facebook.FacebookSdk.getApplicationContext(Native Method)\n\tat com.facebook.internal.FetchedAppGateKeepersManager.loadAppGateKeepersAsync(FetchedAppGateKeepersManager.java:84)\n\tat com.facebook.internal.FeatureManager.checkFeature(FeatureManager.java:42)\n\tat com.facebook.FacebookSdk.sdkInitialize(FacebookSdk.java:376)\n\tat com.facebook.FacebookSdk.sdkInitialize(Native Method)\n\tat com.facebook.FacebookSdk.sdkInitialize(FacebookSdk.java:248)\n\tat com.facebook.FacebookSdk.sdkInitialize(Native Method)\n\tat com.facebook.internal.FacebookInitProvider.onCreate(FacebookInitProvider.java:22)\n\tat android.content.ContentProvider.attachInfo(ContentProvider.java:2468)\n\tat android.content.ContentProvider.attachInfo(ContentProvider.java:2433)\n\tat android.app.ActivityThread.installProvider(ActivityThread.java:7966)\n\tat android.app.ActivityThread.installContentProviders(ActivityThread.java:7477)\n\tat android.app.ActivityThread.handleBindApplication(ActivityThread.java:7205)\n\tat android.app.ActivityThread.handleBindApplication(Native Method)\n\tat android.app.ActivityThread.-$$Nest$mhandleBindApplication(Unknown Source:0)\n\tat android.app.ActivityThread$H.handleMessage(ActivityThread.java:2241)\n\tat android.os.Handler.dispatchMessage(Handler.java:106)\n\tat android.os.Looper.loopOnce(Looper.java:211)\n\tat android.os.Looper.loop(Looper.java:300)\n\tat android.app.ActivityThread.main(ActivityThread.java:8395)\n\tat java.lang.reflect.Method.invoke(Native Method)\n\tat com.android.internal.os.RuntimeInit$MethodAndArgsCaller.run(RuntimeInit.java:559)\n\tat com.android.internal.os.ZygoteInit.main(ZygoteInit.java:954)\n"
},
{
    "type": "log",
    "source": "class",
    "method": "isLoggingBehaviorEnabled",
    "package_name": "com.fambase.venus",
    "class_name": "com.facebook.FacebookSdk",
    "timestamp": 1728283767847,
    "ref": "<class: com.facebook.FacebookSdk>",
    "arguments": "{\"0\":\"<instance: com.facebook.LoggingBehavior>\"}",
    "stack_trace": "java.lang.Exception\n\tat com.facebook.FacebookSdk.isLoggingBehaviorEnabled(Native Method)\n\tat com.facebook.internal.Logger.shouldLog(Logger.java:157)\n\tat com.facebook.internal.Logger.append(Logger.java:147)\n\tat com.facebook.internal.Logger.appendKeyValue(Logger.java:153)\n\tat com.facebook.GraphRequest.serializeToUrlConnection(GraphRequest.java:1655)\n\tat com.facebook.GraphRequest.toHttpConnection(GraphRequest.java:1047)\n\tat com.facebook.GraphRequest.executeBatchAndWait(GraphRequest.java:1132)\n\tat com.facebook.GraphRequest.executeBatchAndWait(GraphRequest.java:1109)\n\tat com.facebook.GraphRequest.executeBatchAndWait(GraphRequest.java:1093)\n\tat com.facebook.GraphRequest.executeAndWait(GraphRequest.java:1068)\n\tat com.facebook.GraphRequest.executeAndWait(GraphRequest.java:962)\n\tat com.facebook.internal.FetchedAppSettingsManager.getAppSettingsQueryResponse(FetchedAppSettingsManager.java:368)\n\tat com.facebook.internal.FetchedAppSettingsManager.access$000(FetchedAppSettingsManager.java:59)\n\tat com.facebook.internal.FetchedAppSettingsManager$1.run(FetchedAppSettingsManager.java:177)\n\tat java.util.concurrent.ThreadPoolExecutor.runWorker(ThreadPoolExecutor.java:1137)\n\tat java.util.concurrent.ThreadPoolExecutor$Worker.run(ThreadPoolExecutor.java:637)\n\tat java.lang.Thread.run(Thread.java:1012)\n"
},
{
    "type": "log",
    "source": "class",
    "method": "isInitialized",
    "package_name": "com.fambase.venus",
    "class_name": "com.facebook.FacebookSdk",
    "timestamp": 1728283767848,
    "ref": "<class: com.facebook.FacebookSdk>",
    "arguments": "{}",
    "stack_trace": "java.lang.Exception\n\tat com.facebook.FacebookSdk.isInitialized(Native Method)\n\tat com.facebook.internal.Validate.sdkInitialized(Validate.java:134)\n\tat com.facebook.FacebookSdk.getApplicationContext(FacebookSdk.java:648)\n\tat com.facebook.FacebookSdk.getApplicationContext(Native Method)\n\tat com.facebook.internal.FetchedAppGateKeepersManager.loadAppGateKeepersAsync(FetchedAppGateKeepersManager.java:84)\n\tat com.facebook.internal.FeatureManager.checkFeature(FeatureManager.java:42)\n\tat com.facebook.FacebookSdk.sdkInitialize(FacebookSdk.java:376)\n\tat com.facebook.FacebookSdk.sdkInitialize(Native Method)\n\tat com.facebook.FacebookSdk.sdkInitialize(FacebookSdk.java:248)\n\tat com.facebook.FacebookSdk.sdkInitialize(Native Method)\n\tat com.facebook.internal.FacebookInitProvider.onCreate(FacebookInitProvider.java:22)\n\tat android.content.ContentProvider.attachInfo(ContentProvider.java:2468)\n\tat android.content.ContentProvider.attachInfo(ContentProvider.java:2433)\n\tat android.app.ActivityThread.installProvider(ActivityThread.java:7966)\n\tat android.app.ActivityThread.installContentProviders(ActivityThread.java:7477)\n\tat android.app.ActivityThread.handleBindApplication(ActivityThread.java:7205)\n\tat android.app.ActivityThread.handleBindApplication(Native Method)\n\tat android.app.ActivityThread.-$$Nest$mhandleBindApplication(Unknown Source:0)\n\tat android.app.ActivityThread$H.handleMessage(ActivityThread.java:2241)\n\tat android.os.Handler.dispatchMessage(Handler.java:106)\n\tat android.os.Looper.loopOnce(Looper.java:211)\n\tat android.os.Looper.loop(Looper.java:300)\n\tat android.app.ActivityThread.main(ActivityThread.java:8395)\n\tat java.lang.reflect.Method.invoke(Native Method)\n\tat com.android.internal.os.RuntimeInit$MethodAndArgsCaller.run(RuntimeInit.java:559)\n\tat com.android.internal.os.ZygoteInit.main(ZygoteInit.java:954)\n"
},
{
    "type": "log",
    "source": "class",
    "method": "isDebugEnabled",
    "package_name": "com.fambase.venus",
    "class_name": "com.facebook.FacebookSdk",
    "timestamp": 1728283767850,
    "ref": "<class: com.facebook.FacebookSdk>",
    "arguments": "{}",
    "stack_trace": "java.lang.Exception\n\tat com.facebook.FacebookSdk.isDebugEnabled(Native Method)\n\tat com.facebook.FacebookSdk.isLoggingBehaviorEnabled(FacebookSdk.java:510)\n\tat com.facebook.FacebookSdk.isLoggingBehaviorEnabled(Native Method)\n\tat com.facebook.internal.Logger.shouldLog(Logger.java:157)\n\tat com.facebook.internal.Logger.append(Logger.java:147)\n\tat com.facebook.internal.Logger.appendKeyValue(Logger.java:153)\n\tat com.facebook.GraphRequest.serializeToUrlConnection(GraphRequest.java:1655)\n\tat com.facebook.GraphRequest.toHttpConnection(GraphRequest.java:1047)\n\tat com.facebook.GraphRequest.executeBatchAndWait(GraphRequest.java:1132)\n\tat com.facebook.GraphRequest.executeBatchAndWait(GraphRequest.java:1109)\n\tat com.facebook.GraphRequest.executeBatchAndWait(GraphRequest.java:1093)\n\tat com.facebook.GraphRequest.executeAndWait(GraphRequest.java:1068)\n\tat com.facebook.GraphRequest.executeAndWait(GraphRequest.java:962)\n\tat com.facebook.internal.FetchedAppSettingsManager.getAppSettingsQueryResponse(FetchedAppSettingsManager.java:368)\n\tat com.facebook.internal.FetchedAppSettingsManager.access$000(FetchedAppSettingsManager.java:59)\n\tat com.facebook.internal.FetchedAppSettingsManager$1.run(FetchedAppSettingsManager.java:177)\n\tat java.util.concurrent.ThreadPoolExecutor.runWorker(ThreadPoolExecutor.java:1137)\n\tat java.util.concurrent.ThreadPoolExecutor$Worker.run(ThreadPoolExecutor.java:637)\n\tat java.lang.Thread.run(Thread.java:1012)\n"
},
{
    "type": "log",
    "source": "class",
    "method": "getApplicationId",
    "package_name": "com.fambase.venus",
    "class_name": "com.facebook.FacebookSdk",
    "timestamp": 1728283767852,
    "ref": "<class: com.facebook.FacebookSdk>",
    "arguments": "{}",
    "stack_trace": "java.lang.Exception\n\tat com.facebook.FacebookSdk.getApplicationId(Native Method)\n\tat com.facebook.internal.FetchedAppGateKeepersManager.loadAppGateKeepersAsync(FetchedAppGateKeepersManager.java:85)\n\tat com.facebook.internal.FeatureManager.checkFeature(FeatureManager.java:42)\n\tat com.facebook.FacebookSdk.sdkInitialize(FacebookSdk.java:376)\n\tat com.facebook.FacebookSdk.sdkInitialize(Native Method)\n\tat com.facebook.FacebookSdk.sdkInitialize(FacebookSdk.java:248)\n\tat com.facebook.FacebookSdk.sdkInitialize(Native Method)\n\tat com.facebook.internal.FacebookInitProvider.onCreate(FacebookInitProvider.java:22)\n\tat android.content.ContentProvider.attachInfo(ContentProvider.java:2468)\n\tat android.content.ContentProvider.attachInfo(ContentProvider.java:2433)\n\tat android.app.ActivityThread.installProvider(ActivityThread.java:7966)\n\tat android.app.ActivityThread.installContentProviders(ActivityThread.java:7477)\n\tat android.app.ActivityThread.handleBindApplication(ActivityThread.java:7205)\n\tat android.app.ActivityThread.handleBindApplication(Native Method)\n\tat android.app.ActivityThread.-$$Nest$mhandleBindApplication(Unknown Source:0)\n\tat android.app.ActivityThread$H.handleMessage(ActivityThread.java:2241)\n\tat android.os.Handler.dispatchMessage(Handler.java:106)\n\tat android.os.Looper.loopOnce(Looper.java:211)\n\tat android.os.Looper.loop(Looper.java:300)\n\tat android.app.ActivityThread.main(ActivityThread.java:8395)\n\tat java.lang.reflect.Method.invoke(Native Method)\n\tat com.android.internal.os.RuntimeInit$MethodAndArgsCaller.run(RuntimeInit.java:559)\n\tat com.android.internal.os.ZygoteInit.main(ZygoteInit.java:954)\n"
},
{
    "type": "log",
    "source": "class",
    "method": "isLoggingBehaviorEnabled",
    "package_name": "com.fambase.venus",
    "class_name": "com.facebook.FacebookSdk",
    "timestamp": 1728283767854,
    "ref": "<class: com.facebook.FacebookSdk>",
    "arguments": "{\"0\":\"<instance: com.facebook.LoggingBehavior>\"}",
    "stack_trace": "java.lang.Exception\n\tat com.facebook.FacebookSdk.isLoggingBehaviorEnabled(Native Method)\n\tat com.facebook.internal.Logger.shouldLog(Logger.java:157)\n\tat com.facebook.internal.Logger.append(Logger.java:147)\n\tat com.facebook.internal.Logger.appendKeyValue(Logger.java:153)\n\tat com.facebook.GraphRequest.serializeToUrlConnection(GraphRequest.java:1656)\n\tat com.facebook.GraphRequest.toHttpConnection(GraphRequest.java:1047)\n\tat com.facebook.GraphRequest.executeBatchAndWait(GraphRequest.java:1132)\n\tat com.facebook.GraphRequest.executeBatchAndWait(GraphRequest.java:1109)\n\tat com.facebook.GraphRequest.executeBatchAndWait(GraphRequest.java:1093)\n\tat com.facebook.GraphRequest.executeAndWait(GraphRequest.java:1068)\n\tat com.facebook.GraphRequest.executeAndWait(GraphRequest.java:962)\n\tat com.facebook.internal.FetchedAppSettingsManager.getAppSettingsQueryResponse(FetchedAppSettingsManager.java:368)\n\tat com.facebook.internal.FetchedAppSettingsManager.access$000(FetchedAppSettingsManager.java:59)\n\tat com.facebook.internal.FetchedAppSettingsManager$1.run(FetchedAppSettingsManager.java:177)\n\tat java.util.concurrent.ThreadPoolExecutor.runWorker(ThreadPoolExecutor.java:1137)\n\tat java.util.concurrent.ThreadPoolExecutor$Worker.run(ThreadPoolExecutor.java:637)\n\tat java.lang.Thread.run(Thread.java:1012)\n"
},
{
    "type": "log",
    "source": "class",
    "method": "isInitialized",
    "package_name": "com.fambase.venus",
    "class_name": "com.facebook.FacebookSdk",
    "timestamp": 1728283767856,
    "ref": "<class: com.facebook.FacebookSdk>",
    "arguments": "{}",
    "stack_trace": "java.lang.Exception\n\tat com.facebook.FacebookSdk.isInitialized(Native Method)\n\tat com.facebook.internal.Validate.sdkInitialized(Validate.java:134)\n\tat com.facebook.FacebookSdk.getApplicationId(FacebookSdk.java:909)\n\tat com.facebook.FacebookSdk.getApplicationId(Native Method)\n\tat com.facebook.internal.FetchedAppGateKeepersManager.loadAppGateKeepersAsync(FetchedAppGateKeepersManager.java:85)\n\tat com.facebook.internal.FeatureManager.checkFeature(FeatureManager.java:42)\n\tat com.facebook.FacebookSdk.sdkInitialize(FacebookSdk.java:376)\n\tat com.facebook.FacebookSdk.sdkInitialize(Native Method)\n\tat com.facebook.FacebookSdk.sdkInitialize(FacebookSdk.java:248)\n\tat com.facebook.FacebookSdk.sdkInitialize(Native Method)\n\tat com.facebook.internal.FacebookInitProvider.onCreate(FacebookInitProvider.java:22)\n\tat android.content.ContentProvider.attachInfo(ContentProvider.java:2468)\n\tat android.content.ContentProvider.attachInfo(ContentProvider.java:2433)\n\tat android.app.ActivityThread.installProvider(ActivityThread.java:7966)\n\tat android.app.ActivityThread.installContentProviders(ActivityThread.java:7477)\n\tat android.app.ActivityThread.handleBindApplication(ActivityThread.java:7205)\n\tat android.app.ActivityThread.handleBindApplication(Native Method)\n\tat android.app.ActivityThread.-$$Nest$mhandleBindApplication(Unknown Source:0)\n\tat android.app.ActivityThread$H.handleMessage(ActivityThread.java:2241)\n\tat android.os.Handler.dispatchMessage(Handler.java:106)\n\tat android.os.Looper.loopOnce(Looper.java:211)\n\tat android.os.Looper.loop(Looper.java:300)\n\tat android.app.ActivityThread.main(ActivityThread.java:8395)\n\tat java.lang.reflect.Method.invoke(Native Method)\n\tat com.android.internal.os.RuntimeInit$MethodAndArgsCaller.run(RuntimeInit.java:559)\n\tat com.android.internal.os.ZygoteInit.main(ZygoteInit.java:954)\n"
},
{
    "type": "log",
    "source": "class",
    "method": "isDebugEnabled",
    "package_name": "com.fambase.venus",
    "class_name": "com.facebook.FacebookSdk",
    "timestamp": 1728283767857,
    "ref": "<class: com.facebook.FacebookSdk>",
    "arguments": "{}",
    "stack_trace": "java.lang.Exception\n\tat com.facebook.FacebookSdk.isDebugEnabled(Native Method)\n\tat com.facebook.FacebookSdk.isLoggingBehaviorEnabled(FacebookSdk.java:510)\n\tat com.facebook.FacebookSdk.isLoggingBehaviorEnabled(Native Method)\n\tat com.facebook.internal.Logger.shouldLog(Logger.java:157)\n\tat com.facebook.internal.Logger.append(Logger.java:147)\n\tat com.facebook.internal.Logger.appendKeyValue(Logger.java:153)\n\tat com.facebook.GraphRequest.serializeToUrlConnection(GraphRequest.java:1656)\n\tat com.facebook.GraphRequest.toHttpConnection(GraphRequest.java:1047)\n\tat com.facebook.GraphRequest.executeBatchAndWait(GraphRequest.java:1132)\n\tat com.facebook.GraphRequest.executeBatchAndWait(GraphRequest.java:1109)\n\tat com.facebook.GraphRequest.executeBatchAndWait(GraphRequest.java:1093)\n\tat com.facebook.GraphRequest.executeAndWait(GraphRequest.java:1068)\n\tat com.facebook.GraphRequest.executeAndWait(GraphRequest.java:962)\n\tat com.facebook.internal.FetchedAppSettingsManager.getAppSettingsQueryResponse(FetchedAppSettingsManager.java:368)\n\tat com.facebook.internal.FetchedAppSettingsManager.access$000(FetchedAppSettingsManager.java:59)\n\tat com.facebook.internal.FetchedAppSettingsManager$1.run(FetchedAppSettingsManager.java:177)\n\tat java.util.concurrent.ThreadPoolExecutor.runWorker(ThreadPoolExecutor.java:1137)\n\tat java.util.concurrent.ThreadPoolExecutor$Worker.run(ThreadPoolExecutor.java:637)\n\tat java.lang.Thread.run(Thread.java:1012)\n"
},
{
    "type": "log",
    "source": "class",
    "method": "isLoggingBehaviorEnabled",
    "package_name": "com.fambase.venus",
    "class_name": "com.facebook.FacebookSdk",
    "timestamp": 1728283767861,
    "ref": "<class: com.facebook.FacebookSdk>",
    "arguments": "{\"0\":\"<instance: com.facebook.LoggingBehavior>\"}",
    "stack_trace": "java.lang.Exception\n\tat com.facebook.FacebookSdk.isLoggingBehaviorEnabled(Native Method)\n\tat com.facebook.internal.Logger.shouldLog(Logger.java:157)\n\tat com.facebook.internal.Logger.append(Logger.java:147)\n\tat com.facebook.internal.Logger.appendKeyValue(Logger.java:153)\n\tat com.facebook.GraphRequest.serializeToUrlConnection(GraphRequest.java:1657)\n\tat com.facebook.GraphRequest.toHttpConnection(GraphRequest.java:1047)\n\tat com.facebook.GraphRequest.executeBatchAndWait(GraphRequest.java:1132)\n\tat com.facebook.GraphRequest.executeBatchAndWait(GraphRequest.java:1109)\n\tat com.facebook.GraphRequest.executeBatchAndWait(GraphRequest.java:1093)\n\tat com.facebook.GraphRequest.executeAndWait(GraphRequest.java:1068)\n\tat com.facebook.GraphRequest.executeAndWait(GraphRequest.java:962)\n\tat com.facebook.internal.FetchedAppSettingsManager.getAppSettingsQueryResponse(FetchedAppSettingsManager.java:368)\n\tat com.facebook.internal.FetchedAppSettingsManager.access$000(FetchedAppSettingsManager.java:59)\n\tat com.facebook.internal.FetchedAppSettingsManager$1.run(FetchedAppSettingsManager.java:177)\n\tat java.util.concurrent.ThreadPoolExecutor.runWorker(ThreadPoolExecutor.java:1137)\n\tat java.util.concurrent.ThreadPoolExecutor$Worker.run(ThreadPoolExecutor.java:637)\n\tat java.lang.Thread.run(Thread.java:1012)\n"
},
{
    "type": "log",
    "source": "class",
    "method": "getExecutor",
    "package_name": "com.fambase.venus",
    "class_name": "com.facebook.FacebookSdk",
    "timestamp": 1728283767862,
    "ref": "<class: com.facebook.FacebookSdk>",
    "arguments": "{}",
    "stack_trace": "java.lang.Exception\n\tat com.facebook.FacebookSdk.getExecutor(Native Method)\n\tat com.facebook.internal.FetchedAppGateKeepersManager.loadAppGateKeepersAsync(FetchedAppGateKeepersManager.java:109)\n\tat com.facebook.internal.FeatureManager.checkFeature(FeatureManager.java:42)\n\tat com.facebook.FacebookSdk.sdkInitialize(FacebookSdk.java:376)\n\tat com.facebook.FacebookSdk.sdkInitialize(Native Method)\n\tat com.facebook.FacebookSdk.sdkInitialize(FacebookSdk.java:248)\n\tat com.facebook.FacebookSdk.sdkInitialize(Native Method)\n\tat com.facebook.internal.FacebookInitProvider.onCreate(FacebookInitProvider.java:22)\n\tat android.content.ContentProvider.attachInfo(ContentProvider.java:2468)\n\tat android.content.ContentProvider.attachInfo(ContentProvider.java:2433)\n\tat android.app.ActivityThread.installProvider(ActivityThread.java:7966)\n\tat android.app.ActivityThread.installContentProviders(ActivityThread.java:7477)\n\tat android.app.ActivityThread.handleBindApplication(ActivityThread.java:7205)\n\tat android.app.ActivityThread.handleBindApplication(Native Method)\n\tat android.app.ActivityThread.-$$Nest$mhandleBindApplication(Unknown Source:0)\n\tat android.app.ActivityThread$H.handleMessage(ActivityThread.java:2241)\n\tat android.os.Handler.dispatchMessage(Handler.java:106)\n\tat android.os.Looper.loopOnce(Looper.java:211)\n\tat android.os.Looper.loop(Looper.java:300)\n\tat android.app.ActivityThread.main(ActivityThread.java:8395)\n\tat java.lang.reflect.Method.invoke(Native Method)\n\tat com.android.internal.os.RuntimeInit$MethodAndArgsCaller.run(RuntimeInit.java:559)\n\tat com.android.internal.os.ZygoteInit.main(ZygoteInit.java:954)\n"
},
{
    "type": "log",
    "source": "class",
    "method": "isDebugEnabled",
    "package_name": "com.fambase.venus",
    "class_name": "com.facebook.FacebookSdk",
    "timestamp": 1728283767865,
    "ref": "<class: com.facebook.FacebookSdk>",
    "arguments": "{}",
    "stack_trace": "java.lang.Exception\n\tat com.facebook.FacebookSdk.isDebugEnabled(Native Method)\n\tat com.facebook.FacebookSdk.isLoggingBehaviorEnabled(FacebookSdk.java:510)\n\tat com.facebook.FacebookSdk.isLoggingBehaviorEnabled(Native Method)\n\tat com.facebook.internal.Logger.shouldLog(Logger.java:157)\n\tat com.facebook.internal.Logger.append(Logger.java:147)\n\tat com.facebook.internal.Logger.appendKeyValue(Logger.java:153)\n\tat com.facebook.GraphRequest.serializeToUrlConnection(GraphRequest.java:1657)\n\tat com.facebook.GraphRequest.toHttpConnection(GraphRequest.java:1047)\n\tat com.facebook.GraphRequest.executeBatchAndWait(GraphRequest.java:1132)\n\tat com.facebook.GraphRequest.executeBatchAndWait(GraphRequest.java:1109)\n\tat com.facebook.GraphRequest.executeBatchAndWait(GraphRequest.java:1093)\n\tat com.facebook.GraphRequest.executeAndWait(GraphRequest.java:1068)\n\tat com.facebook.GraphRequest.executeAndWait(GraphRequest.java:962)\n\tat com.facebook.internal.FetchedAppSettingsManager.getAppSettingsQueryResponse(FetchedAppSettingsManager.java:368)\n\tat com.facebook.internal.FetchedAppSettingsManager.access$000(FetchedAppSettingsManager.java:59)\n\tat com.facebook.internal.FetchedAppSettingsManager$1.run(FetchedAppSettingsManager.java:177)\n\tat java.util.concurrent.ThreadPoolExecutor.runWorker(ThreadPoolExecutor.java:1137)\n\tat java.util.concurrent.ThreadPoolExecutor$Worker.run(ThreadPoolExecutor.java:637)\n\tat java.lang.Thread.run(Thread.java:1012)\n"
},
{
    "type": "log",
    "source": "class",
    "method": "getExecutor",
    "package_name": "com.fambase.venus",
    "class_name": "com.facebook.FacebookSdk",
    "timestamp": 1728283767866,
    "ref": "<class: com.facebook.FacebookSdk>",
    "arguments": "{}",
    "stack_trace": "java.lang.Exception\n\tat com.facebook.FacebookSdk.getExecutor(Native Method)\n\tat com.facebook.FacebookSdk.sdkInitialize(FacebookSdk.java:415)\n\tat com.facebook.FacebookSdk.sdkInitialize(Native Method)\n\tat com.facebook.FacebookSdk.sdkInitialize(FacebookSdk.java:248)\n\tat com.facebook.FacebookSdk.sdkInitialize(Native Method)\n\tat com.facebook.internal.FacebookInitProvider.onCreate(FacebookInitProvider.java:22)\n\tat android.content.ContentProvider.attachInfo(ContentProvider.java:2468)\n\tat android.content.ContentProvider.attachInfo(ContentProvider.java:2433)\n\tat android.app.ActivityThread.installProvider(ActivityThread.java:7966)\n\tat android.app.ActivityThread.installContentProviders(ActivityThread.java:7477)\n\tat android.app.ActivityThread.handleBindApplication(ActivityThread.java:7205)\n\tat android.app.ActivityThread.handleBindApplication(Native Method)\n\tat android.app.ActivityThread.-$$Nest$mhandleBindApplication(Unknown Source:0)\n\tat android.app.ActivityThread$H.handleMessage(ActivityThread.java:2241)\n\tat android.os.Handler.dispatchMessage(Handler.java:106)\n\tat android.os.Looper.loopOnce(Looper.java:211)\n\tat android.os.Looper.loop(Looper.java:300)\n\tat android.app.ActivityThread.main(ActivityThread.java:8395)\n\tat java.lang.reflect.Method.invoke(Native Method)\n\tat com.android.internal.os.RuntimeInit$MethodAndArgsCaller.run(RuntimeInit.java:559)\n\tat com.android.internal.os.ZygoteInit.main(ZygoteInit.java:954)\n"
},
{
    "type": "log",
    "source": "class",
    "method": "isLoggingBehaviorEnabled",
    "package_name": "com.fambase.venus",
    "class_name": "com.facebook.FacebookSdk",
    "timestamp": 1728283767869,
    "ref": "<class: com.facebook.FacebookSdk>",
    "arguments": "{\"0\":\"<instance: com.facebook.LoggingBehavior>\"}",
    "stack_trace": "java.lang.Exception\n\tat com.facebook.FacebookSdk.isLoggingBehaviorEnabled(Native Method)\n\tat com.facebook.internal.Logger.log(Logger.java:78)\n\tat com.facebook.internal.Logger.logString(Logger.java:131)\n\tat com.facebook.internal.Logger.log(Logger.java:125)\n\tat com.facebook.GraphRequest.serializeToUrlConnection(GraphRequest.java:1666)\n\tat com.facebook.GraphRequest.toHttpConnection(GraphRequest.java:1047)\n\tat com.facebook.GraphRequest.executeBatchAndWait(GraphRequest.java:1132)\n\tat com.facebook.GraphRequest.executeBatchAndWait(GraphRequest.java:1109)\n\tat com.facebook.GraphRequest.executeBatchAndWait(GraphRequest.java:1093)\n\tat com.facebook.GraphRequest.executeAndWait(GraphRequest.java:1068)\n\tat com.facebook.GraphRequest.executeAndWait(GraphRequest.java:962)\n\tat com.facebook.internal.FetchedAppSettingsManager.getAppSettingsQueryResponse(FetchedAppSettingsManager.java:368)\n\tat com.facebook.internal.FetchedAppSettingsManager.access$000(FetchedAppSettingsManager.java:59)\n\tat com.facebook.internal.FetchedAppSettingsManager$1.run(FetchedAppSettingsManager.java:177)\n\tat java.util.concurrent.ThreadPoolExecutor.runWorker(ThreadPoolExecutor.java:1137)\n\tat java.util.concurrent.ThreadPoolExecutor$Worker.run(ThreadPoolExecutor.java:637)\n\tat java.lang.Thread.run(Thread.java:1012)\n"
},
{
    "type": "log",
    "source": "class",
    "method": "isInitialized",
    "package_name": "com.fambase.venus",
    "class_name": "com.facebook.FacebookSdk",
    "timestamp": 1728283767874,
    "ref": "<class: com.facebook.FacebookSdk>",
    "arguments": "{}",
    "stack_trace": "java.lang.Exception\n\tat com.facebook.FacebookSdk.isInitialized(Native Method)\n\tat com.facebook.internal.Validate.sdkInitialized(Validate.java:134)\n\tat com.facebook.FacebookSdk.getApplicationId(FacebookSdk.java:909)\n\tat com.facebook.FacebookSdk.getApplicationId(Native Method)\n\tat com.facebook.UserSettingsManager$1.run(UserSettingsManager.java:157)\n\tat java.util.concurrent.ThreadPoolExecutor.runWorker(ThreadPoolExecutor.java:1137)\n\tat java.util.concurrent.ThreadPoolExecutor$Worker.run(ThreadPoolExecutor.java:637)\n\tat java.lang.Thread.run(Thread.java:1012)\n"
},
{
    "type": "log",
    "source": "class",
    "method": "isDebugEnabled",
    "package_name": "com.fambase.venus",
    "class_name": "com.facebook.FacebookSdk",
    "timestamp": 1728283767875,
    "ref": "<class: com.facebook.FacebookSdk>",
    "arguments": "{}",
    "stack_trace": "java.lang.Exception\n\tat com.facebook.FacebookSdk.isDebugEnabled(Native Method)\n\tat com.facebook.FacebookSdk.isLoggingBehaviorEnabled(FacebookSdk.java:510)\n\tat com.facebook.FacebookSdk.isLoggingBehaviorEnabled(Native Method)\n\tat com.facebook.internal.Logger.log(Logger.java:78)\n\tat com.facebook.internal.Logger.logString(Logger.java:131)\n\tat com.facebook.internal.Logger.log(Logger.java:125)\n\tat com.facebook.GraphRequest.serializeToUrlConnection(GraphRequest.java:1666)\n\tat com.facebook.GraphRequest.toHttpConnection(GraphRequest.java:1047)\n\tat com.facebook.GraphRequest.executeBatchAndWait(GraphRequest.java:1132)\n\tat com.facebook.GraphRequest.executeBatchAndWait(GraphRequest.java:1109)\n\tat com.facebook.GraphRequest.executeBatchAndWait(GraphRequest.java:1093)\n\tat com.facebook.GraphRequest.executeAndWait(GraphRequest.java:1068)\n\tat com.facebook.GraphRequest.executeAndWait(GraphRequest.java:962)\n\tat com.facebook.internal.FetchedAppSettingsManager.getAppSettingsQueryResponse(FetchedAppSettingsManager.java:368)\n\tat com.facebook.internal.FetchedAppSettingsManager.access$000(FetchedAppSettingsManager.java:59)\n\tat com.facebook.internal.FetchedAppSettingsManager$1.run(FetchedAppSettingsManager.java:177)\n\tat java.util.concurrent.ThreadPoolExecutor.runWorker(ThreadPoolExecutor.java:1137)\n\tat java.util.concurrent.ThreadPoolExecutor$Worker.run(ThreadPoolExecutor.java:637)\n\tat java.lang.Thread.run(Thread.java:1012)\n"
},
{
    "type": "log",
    "source": "class",
    "method": "isLegacyTokenUpgradeSupported",
    "package_name": "com.fambase.venus",
    "class_name": "com.facebook.FacebookSdk",
    "timestamp": 1728283767871,
    "ref": "<class: com.facebook.FacebookSdk>",
    "arguments": "{}",
    "stack_trace": "java.lang.Exception\n\tat com.facebook.FacebookSdk.isLegacyTokenUpgradeSupported(Native Method)\n\tat com.facebook.AccessTokenCache.shouldCheckLegacyToken(AccessTokenCache.java:106)\n\tat com.facebook.AccessTokenCache.load(AccessTokenCache.java:57)\n\tat com.facebook.AccessTokenManager.loadCurrentAccessToken(AccessTokenManager.java:99)\n\tat com.facebook.FacebookSdk$8.call(FacebookSdk.java:392)\n\tat com.facebook.FacebookSdk$8.call(FacebookSdk.java:389)\n\tat java.util.concurrent.FutureTask.run(FutureTask.java:264)\n\tat java.util.concurrent.ThreadPoolExecutor.runWorker(ThreadPoolExecutor.java:1137)\n\tat java.util.concurrent.ThreadPoolExecutor$Worker.run(ThreadPoolExecutor.java:637)\n\tat java.lang.Thread.run(Thread.java:1012)\n"
},
{
    "type": "log",
    "source": "class",
    "method": "isInitialized",
    "package_name": "com.fambase.venus",
    "class_name": "com.facebook.FacebookSdk",
    "timestamp": 1728283767877,
    "ref": "<class: com.facebook.FacebookSdk>",
    "arguments": "{}",
    "stack_trace": "java.lang.Exception\n\tat com.facebook.FacebookSdk.isInitialized(Native Method)\n\tat com.facebook.internal.Validate.sdkInitialized(Validate.java:134)\n\tat com.facebook.FacebookSdk.getApplicationContext(FacebookSdk.java:648)\n\tat com.facebook.FacebookSdk.getApplicationContext(Native Method)\n\tat com.facebook.appevents.AppEventCollection.getSessionEventsState(AppEventCollection.java:79)\n\tat com.facebook.appevents.AppEventCollection.addEvent(AppEventCollection.java:54)\n\tat com.facebook.appevents.AppEventQueue$4.run(AppEventQueue.java:101)\n\tat java.util.concurrent.Executors$RunnableAdapter.call(Executors.java:463)\n\tat java.util.concurrent.FutureTask.run(FutureTask.java:264)\n\tat java.util.concurrent.ScheduledThreadPoolExecutor$ScheduledFutureTask.run(ScheduledThreadPoolExecutor.java:307)\n\tat java.util.concurrent.ThreadPoolExecutor.runWorker(ThreadPoolExecutor.java:1137)\n\tat java.util.concurrent.ThreadPoolExecutor$Worker.run(ThreadPoolExecutor.java:637)\n\tat java.lang.Thread.run(Thread.java:1012)\n"
},
{
    "type": "log",
    "source": "class",
    "method": "getApplicationContext",
    "package_name": "com.fambase.venus",
    "class_name": "com.facebook.FacebookSdk",
    "timestamp": 1728283767881,
    "ref": "<class: com.facebook.FacebookSdk>",
    "arguments": "{}",
    "stack_trace": "java.lang.Exception\n\tat com.facebook.FacebookSdk.getApplicationContext(Native Method)\n\tat com.facebook.ProfileManager.getInstance(ProfileManager.java:53)\n\tat com.facebook.FacebookSdk$8.call(FacebookSdk.java:393)\n\tat com.facebook.FacebookSdk$8.call(FacebookSdk.java:389)\n\tat java.util.concurrent.FutureTask.run(FutureTask.java:264)\n\tat java.util.concurrent.ThreadPoolExecutor.runWorker(ThreadPoolExecutor.java:1137)\n\tat java.util.concurrent.ThreadPoolExecutor$Worker.run(ThreadPoolExecutor.java:637)\n\tat java.lang.Thread.run(Thread.java:1012)\n"
},
{
    "type": "log",
    "source": "class",
    "method": "isInitialized",
    "package_name": "com.fambase.venus",
    "class_name": "com.facebook.FacebookSdk",
    "timestamp": 1728283767883,
    "ref": "<class: com.facebook.FacebookSdk>",
    "arguments": "{}",
    "stack_trace": "java.lang.Exception\n\tat com.facebook.FacebookSdk.isInitialized(Native Method)\n\tat com.facebook.internal.Validate.sdkInitialized(Validate.java:134)\n\tat com.facebook.FacebookSdk.getApplicationContext(FacebookSdk.java:648)\n\tat com.facebook.FacebookSdk.getApplicationContext(Native Method)\n\tat com.facebook.internal.NativeProtocol.fetchAllAvailableProtocolVersionsForAppInfo(NativeProtocol.java:872)\n\tat com.facebook.internal.NativeProtocol.access$000(NativeProtocol.java:57)\n\tat com.facebook.internal.NativeProtocol$NativeAppInfo.fetchAvailableVersions(NativeProtocol.java:275)\n\tat com.facebook.internal.NativeProtocol$NativeAppInfo.access$1000(NativeProtocol.java:259)\n\tat com.facebook.internal.NativeProtocol$1.run(NativeProtocol.java:859)\n\tat java.util.concurrent.ThreadPoolExecutor.runWorker(ThreadPoolExecutor.java:1137)\n\tat java.util.concurrent.ThreadPoolExecutor$Worker.run(ThreadPoolExecutor.java:637)\n\tat java.lang.Thread.run(Thread.java:1012)\n"
},
{
    "type": "log",
    "source": "class",
    "method": "isLoggingBehaviorEnabled",
    "package_name": "com.fambase.venus",
    "class_name": "com.facebook.FacebookSdk",
    "timestamp": 1728283767878,
    "ref": "<class: com.facebook.FacebookSdk>",
    "arguments": "{\"0\":\"<instance: com.facebook.LoggingBehavior>\"}",
    "stack_trace": "java.lang.Exception\n\tat com.facebook.FacebookSdk.isLoggingBehaviorEnabled(Native Method)\n\tat com.facebook.GraphRequest.setCallback(GraphRequest.java:880)\n\tat com.facebook.GraphRequest.<init>(GraphRequest.java:252)\n\tat com.facebook.GraphRequest.<init>(GraphRequest.java:219)\n\tat com.facebook.GraphRequest.newGraphPathRequest(GraphRequest.java:368)\n\tat com.facebook.internal.FetchedAppSettingsManager.getAppSettingsQueryResponse(FetchedAppSettingsManager.java:364)\n\tat com.facebook.internal.FetchedAppSettingsManager.queryAppSettings(FetchedAppSettingsManager.java:278)\n\tat com.facebook.UserSettingsManager$1.run(UserSettingsManager.java:156)\n\tat java.util.concurrent.ThreadPoolExecutor.runWorker(ThreadPoolExecutor.java:1137)\n\tat java.util.concurrent.ThreadPoolExecutor$Worker.run(ThreadPoolExecutor.java:637)\n\tat java.lang.Thread.run(Thread.java:1012)\n"
},
{
    "type": "log",
    "source": "class",
    "method": "isFullyInitialized",
    "package_name": "com.fambase.venus",
    "class_name": "com.facebook.FacebookSdk",
    "timestamp": 1728283767890,
    "ref": "<class: com.facebook.FacebookSdk>",
    "arguments": "{}",
    "stack_trace": "java.lang.Exception\n\tat com.facebook.FacebookSdk.isFullyInitialized(Native Method)\n\tat com.facebook.GraphResponse.fromHttpConnection(GraphResponse.java:243)\n\tat com.facebook.GraphRequest.executeConnectionAndWait(GraphRequest.java:1238)\n\tat com.facebook.GraphRequest.executeBatchAndWait(GraphRequest.java:1141)\n\tat com.facebook.GraphRequest.executeBatchAndWait(GraphRequest.java:1109)\n\tat com.facebook.GraphRequest.executeBatchAndWait(GraphRequest.java:1093)\n\tat com.facebook.GraphRequest.executeAndWait(GraphRequest.java:1068)\n\tat com.facebook.GraphRequest.executeAndWait(GraphRequest.java:962)\n\tat com.facebook.internal.FetchedAppGateKeepersManager.getAppGateKeepersQueryResponse(FetchedAppGateKeepersManager.java:239)\n\tat com.facebook.internal.FetchedAppGateKeepersManager.access$000(FetchedAppGateKeepersManager.java:49)\n\tat com.facebook.internal.FetchedAppGateKeepersManager$1.run(FetchedAppGateKeepersManager.java:122)\n\tat java.util.concurrent.ThreadPoolExecutor.runWorker(ThreadPoolExecutor.java:1137)\n\tat java.util.concurrent.ThreadPoolExecutor$Worker.run(ThreadPoolExecutor.java:637)\n\tat java.lang.Thread.run(Thread.java:1012)\n"
},
{
    "type": "log",
    "source": "class",
    "method": "getApplicationContext",
    "package_name": "com.fambase.venus",
    "class_name": "com.facebook.FacebookSdk",
    "timestamp": 1728283767889,
    "ref": "<class: com.facebook.FacebookSdk>",
    "arguments": "{}",
    "stack_trace": "java.lang.Exception\n\tat com.facebook.FacebookSdk.getApplicationContext(Native Method)\n\tat com.facebook.internal.NativeProtocol.fetchAllAvailableProtocolVersionsForAppInfo(NativeProtocol.java:882)\n\tat com.facebook.internal.NativeProtocol.access$000(NativeProtocol.java:57)\n\tat com.facebook.internal.NativeProtocol$NativeAppInfo.fetchAvailableVersions(NativeProtocol.java:275)\n\tat com.facebook.internal.NativeProtocol$NativeAppInfo.access$1000(NativeProtocol.java:259)\n\tat com.facebook.internal.NativeProtocol$1.run(NativeProtocol.java:859)\n\tat java.util.concurrent.ThreadPoolExecutor.runWorker(ThreadPoolExecutor.java:1137)\n\tat java.util.concurrent.ThreadPoolExecutor$Worker.run(ThreadPoolExecutor.java:637)\n\tat java.lang.Thread.run(Thread.java:1012)\n"
},
{
    "type": "log",
    "source": "class",
    "method": "isFullyInitialized",
    "package_name": "com.fambase.venus",
    "class_name": "com.facebook.FacebookSdk",
    "timestamp": 1728283767895,
    "ref": "<class: com.facebook.FacebookSdk>",
    "arguments": "{}",
    "stack_trace": "java.lang.Exception\n\tat com.facebook.FacebookSdk.isFullyInitialized(Native Method)\n\tat com.facebook.GraphResponse.fromHttpConnection(GraphResponse.java:243)\n\tat com.facebook.GraphRequest.executeConnectionAndWait(GraphRequest.java:1238)\n\tat com.facebook.GraphRequest.executeBatchAndWait(GraphRequest.java:1141)\n\tat com.facebook.GraphRequest.executeBatchAndWait(GraphRequest.java:1109)\n\tat com.facebook.GraphRequest.executeBatchAndWait(GraphRequest.java:1093)\n\tat com.facebook.GraphRequest.executeAndWait(GraphRequest.java:1068)\n\tat com.facebook.GraphRequest.executeAndWait(GraphRequest.java:962)\n\tat com.facebook.internal.FetchedAppSettingsManager.getAppSettingsQueryResponse(FetchedAppSettingsManager.java:368)\n\tat com.facebook.internal.FetchedAppSettingsManager.access$000(FetchedAppSettingsManager.java:59)\n\tat com.facebook.internal.FetchedAppSettingsManager$1.run(FetchedAppSettingsManager.java:177)\n\tat java.util.concurrent.ThreadPoolExecutor.runWorker(ThreadPoolExecutor.java:1137)\n\tat java.util.concurrent.ThreadPoolExecutor$Worker.run(ThreadPoolExecutor.java:637)\n\tat java.lang.Thread.run(Thread.java:1012)\n"
},
{
    "type": "log",
    "source": "class",
    "method": "isInitialized",
    "package_name": "com.fambase.venus",
    "class_name": "com.facebook.FacebookSdk",
    "timestamp": 1728283767902,
    "ref": "<class: com.facebook.FacebookSdk>",
    "arguments": "{}",
    "stack_trace": "java.lang.Exception\n\tat com.facebook.FacebookSdk.isInitialized(Native Method)\n\tat com.facebook.internal.Validate.sdkInitialized(Validate.java:134)\n\tat com.facebook.FacebookSdk.getApplicationContext(FacebookSdk.java:648)\n\tat com.facebook.FacebookSdk.getApplicationContext(Native Method)\n\tat com.facebook.ProfileManager.getInstance(ProfileManager.java:53)\n\tat com.facebook.FacebookSdk$8.call(FacebookSdk.java:393)\n\tat com.facebook.FacebookSdk$8.call(FacebookSdk.java:389)\n\tat java.util.concurrent.FutureTask.run(FutureTask.java:264)\n\tat java.util.concurrent.ThreadPoolExecutor.runWorker(ThreadPoolExecutor.java:1137)\n\tat java.util.concurrent.ThreadPoolExecutor$Worker.run(ThreadPoolExecutor.java:637)\n\tat java.lang.Thread.run(Thread.java:1012)\n"
},
{
    "type": "log",
    "source": "class",
    "method": "getApplicationContext",
    "package_name": "com.fambase.venus",
    "class_name": "com.facebook.FacebookSdk",
    "timestamp": 1728283767907,
    "ref": "<class: com.facebook.FacebookSdk>",
    "arguments": "{}",
    "stack_trace": "java.lang.Exception\n\tat com.facebook.FacebookSdk.getApplicationContext(Native Method)\n\tat com.facebook.ProfileCache.<init>(ProfileCache.java:37)\n\tat com.facebook.ProfileManager.getInstance(ProfileManager.java:57)\n\tat com.facebook.FacebookSdk$8.call(FacebookSdk.java:393)\n\tat com.facebook.FacebookSdk$8.call(FacebookSdk.java:389)\n\tat java.util.concurrent.FutureTask.run(FutureTask.java:264)\n\tat java.util.concurrent.ThreadPoolExecutor.runWorker(ThreadPoolExecutor.java:1137)\n\tat java.util.concurrent.ThreadPoolExecutor$Worker.run(ThreadPoolExecutor.java:637)\n\tat java.lang.Thread.run(Thread.java:1012)\n"
},
{
    "type": "log",
    "source": "class",
    "method": "isInitialized",
    "package_name": "com.fambase.venus",
    "class_name": "com.facebook.FacebookSdk",
    "timestamp": 1728283767908,
    "ref": "<class: com.facebook.FacebookSdk>",
    "arguments": "{}",
    "stack_trace": "java.lang.Exception\n\tat com.facebook.FacebookSdk.isInitialized(Native Method)\n\tat com.facebook.internal.Validate.sdkInitialized(Validate.java:134)\n\tat com.facebook.FacebookSdk.getApplicationContext(FacebookSdk.java:648)\n\tat com.facebook.FacebookSdk.getApplicationContext(Native Method)\n\tat com.facebook.internal.NativeProtocol.fetchAllAvailableProtocolVersionsForAppInfo(NativeProtocol.java:882)\n\tat com.facebook.internal.NativeProtocol.access$000(NativeProtocol.java:57)\n\tat com.facebook.internal.NativeProtocol$NativeAppInfo.fetchAvailableVersions(NativeProtocol.java:275)\n\tat com.facebook.internal.NativeProtocol$NativeAppInfo.access$1000(NativeProtocol.java:259)\n\tat com.facebook.internal.NativeProtocol$1.run(NativeProtocol.java:859)\n\tat java.util.concurrent.ThreadPoolExecutor.runWorker(ThreadPoolExecutor.java:1137)\n\tat java.util.concurrent.ThreadPoolExecutor$Worker.run(ThreadPoolExecutor.java:637)\n\tat java.lang.Thread.run(Thread.java:1012)\n"
},
{
    "type": "log",
    "source": "class",
    "method": "isInitialized",
    "package_name": "com.fambase.venus",
    "class_name": "com.facebook.FacebookSdk",
    "timestamp": 1728283767920,
    "ref": "<class: com.facebook.FacebookSdk>",
    "arguments": "{}",
    "stack_trace": "java.lang.Exception\n\tat com.facebook.FacebookSdk.isInitialized(Native Method)\n\tat com.facebook.internal.Validate.sdkInitialized(Validate.java:134)\n\tat com.facebook.FacebookSdk.getApplicationContext(FacebookSdk.java:648)\n\tat com.facebook.FacebookSdk.getApplicationContext(Native Method)\n\tat com.facebook.ProfileCache.<init>(ProfileCache.java:37)\n\tat com.facebook.ProfileManager.getInstance(ProfileManager.java:57)\n\tat com.facebook.FacebookSdk$8.call(FacebookSdk.java:393)\n\tat com.facebook.FacebookSdk$8.call(FacebookSdk.java:389)\n\tat java.util.concurrent.FutureTask.run(FutureTask.java:264)\n\tat java.util.concurrent.ThreadPoolExecutor.runWorker(ThreadPoolExecutor.java:1137)\n\tat java.util.concurrent.ThreadPoolExecutor$Worker.run(ThreadPoolExecutor.java:637)\n\tat java.lang.Thread.run(Thread.java:1012)\n"
},
{
    "type": "log",
    "source": "class",
    "method": "isDebugEnabled",
    "package_name": "com.fambase.venus",
    "class_name": "com.facebook.FacebookSdk",
    "timestamp": 1728283767892,
    "ref": "<class: com.facebook.FacebookSdk>",
    "arguments": "{}",
    "stack_trace": "java.lang.Exception\n\tat com.facebook.FacebookSdk.isDebugEnabled(Native Method)\n\tat com.facebook.FacebookSdk.isLoggingBehaviorEnabled(FacebookSdk.java:510)\n\tat com.facebook.FacebookSdk.isLoggingBehaviorEnabled(Native Method)\n\tat com.facebook.GraphRequest.setCallback(GraphRequest.java:880)\n\tat com.facebook.GraphRequest.<init>(GraphRequest.java:252)\n\tat com.facebook.GraphRequest.<init>(GraphRequest.java:219)\n\tat com.facebook.GraphRequest.newGraphPathRequest(GraphRequest.java:368)\n\tat com.facebook.internal.FetchedAppSettingsManager.getAppSettingsQueryResponse(FetchedAppSettingsManager.java:364)\n\tat com.facebook.internal.FetchedAppSettingsManager.queryAppSettings(FetchedAppSettingsManager.java:278)\n\tat com.facebook.UserSettingsManager$1.run(UserSettingsManager.java:156)\n\tat java.util.concurrent.ThreadPoolExecutor.runWorker(ThreadPoolExecutor.java:1137)\n\tat java.util.concurrent.ThreadPoolExecutor$Worker.run(ThreadPoolExecutor.java:637)\n\tat java.lang.Thread.run(Thread.java:1012)\n"
},
{
    "type": "log",
    "source": "class",
    "method": "isLoggingBehaviorEnabled",
    "package_name": "com.fambase.venus",
    "class_name": "com.facebook.FacebookSdk",
    "timestamp": 1728283767941,
    "ref": "<class: com.facebook.FacebookSdk>",
    "arguments": "{\"0\":\"<instance: com.facebook.LoggingBehavior>\"}",
    "stack_trace": "java.lang.Exception\n\tat com.facebook.FacebookSdk.isLoggingBehaviorEnabled(Native Method)\n\tat com.facebook.GraphRequest.setCallback(GraphRequest.java:881)\n\tat com.facebook.GraphRequest.<init>(GraphRequest.java:252)\n\tat com.facebook.GraphRequest.<init>(GraphRequest.java:219)\n\tat com.facebook.GraphRequest.newGraphPathRequest(GraphRequest.java:368)\n\tat com.facebook.internal.FetchedAppSettingsManager.getAppSettingsQueryResponse(FetchedAppSettingsManager.java:364)\n\tat com.facebook.internal.FetchedAppSettingsManager.queryAppSettings(FetchedAppSettingsManager.java:278)\n\tat com.facebook.UserSettingsManager$1.run(UserSettingsManager.java:156)\n\tat java.util.concurrent.ThreadPoolExecutor.runWorker(ThreadPoolExecutor.java:1137)\n\tat java.util.concurrent.ThreadPoolExecutor$Worker.run(ThreadPoolExecutor.java:637)\n\tat java.lang.Thread.run(Thread.java:1012)\n"
},
{
    "type": "log",
    "source": "class",
    "method": "access$000",
    "package_name": "com.fambase.venus",
    "class_name": "com.facebook.FacebookSdk",
    "timestamp": 1728283767947,
    "ref": "<class: com.facebook.FacebookSdk>",
    "arguments": "{}",
    "stack_trace": "java.lang.Exception\n\tat com.facebook.FacebookSdk.access$000(Native Method)\n\tat com.facebook.FacebookSdk$8.call(FacebookSdk.java:405)\n\tat com.facebook.FacebookSdk$8.call(FacebookSdk.java:389)\n\tat java.util.concurrent.FutureTask.run(FutureTask.java:264)\n\tat java.util.concurrent.ThreadPoolExecutor.runWorker(ThreadPoolExecutor.java:1137)\n\tat java.util.concurrent.ThreadPoolExecutor$Worker.run(ThreadPoolExecutor.java:637)\n\tat java.lang.Thread.run(Thread.java:1012)\n"
},
{
    "type": "log",
    "source": "class",
    "method": "getApplicationContext",
    "package_name": "com.fambase.venus",
    "class_name": "com.facebook.FacebookSdk",
    "timestamp": 1728283767924,
    "ref": "<class: com.facebook.FacebookSdk>",
    "arguments": "{}",
    "stack_trace": "java.lang.Exception\n\tat com.facebook.FacebookSdk.getApplicationContext(Native Method)\n\tat com.facebook.internal.NativeProtocol.fetchAllAvailableProtocolVersionsForAppInfo(NativeProtocol.java:872)\n\tat com.facebook.internal.NativeProtocol.access$000(NativeProtocol.java:57)\n\tat com.facebook.internal.NativeProtocol$NativeAppInfo.fetchAvailableVersions(NativeProtocol.java:275)\n\tat com.facebook.internal.NativeProtocol$NativeAppInfo.access$1000(NativeProtocol.java:259)\n\tat com.facebook.internal.NativeProtocol$1.run(NativeProtocol.java:859)\n\tat java.util.concurrent.ThreadPoolExecutor.runWorker(ThreadPoolExecutor.java:1137)\n\tat java.util.concurrent.ThreadPoolExecutor$Worker.run(ThreadPoolExecutor.java:637)\n\tat java.lang.Thread.run(Thread.java:1012)\n"
},
{
    "type": "log",
    "source": "class",
    "method": "isDebugEnabled",
    "package_name": "com.fambase.venus",
    "class_name": "com.facebook.FacebookSdk",
    "timestamp": 1728283767950,
    "ref": "<class: com.facebook.FacebookSdk>",
    "arguments": "{}",
    "stack_trace": "java.lang.Exception\n\tat com.facebook.FacebookSdk.isDebugEnabled(Native Method)\n\tat com.facebook.FacebookSdk.isLoggingBehaviorEnabled(FacebookSdk.java:510)\n\tat com.facebook.FacebookSdk.isLoggingBehaviorEnabled(Native Method)\n\tat com.facebook.GraphRequest.setCallback(GraphRequest.java:881)\n\tat com.facebook.GraphRequest.<init>(GraphRequest.java:252)\n\tat com.facebook.GraphRequest.<init>(GraphRequest.java:219)\n\tat com.facebook.GraphRequest.newGraphPathRequest(GraphRequest.java:368)\n\tat com.facebook.internal.FetchedAppSettingsManager.getAppSettingsQueryResponse(FetchedAppSettingsManager.java:364)\n\tat com.facebook.internal.FetchedAppSettingsManager.queryAppSettings(FetchedAppSettingsManager.java:278)\n\tat com.facebook.UserSettingsManager$1.run(UserSettingsManager.java:156)\n\tat java.util.concurrent.ThreadPoolExecutor.runWorker(ThreadPoolExecutor.java:1137)\n\tat java.util.concurrent.ThreadPoolExecutor$Worker.run(ThreadPoolExecutor.java:637)\n\tat java.lang.Thread.run(Thread.java:1012)\n"
},
{
    "type": "log",
    "source": "class",
    "method": "getGraphApiVersion",
    "package_name": "com.fambase.venus",
    "class_name": "com.facebook.FacebookSdk",
    "timestamp": 1728283767957,
    "ref": "<class: com.facebook.FacebookSdk>",
    "arguments": "{}",
    "stack_trace": "java.lang.Exception\n\tat com.facebook.FacebookSdk.getGraphApiVersion(Native Method)\n\tat com.facebook.GraphRequest.<init>(GraphRequest.java:262)\n\tat com.facebook.GraphRequest.<init>(GraphRequest.java:219)\n\tat com.facebook.GraphRequest.newGraphPathRequest(GraphRequest.java:368)\n\tat com.facebook.internal.FetchedAppSettingsManager.getAppSettingsQueryResponse(FetchedAppSettingsManager.java:364)\n\tat com.facebook.internal.FetchedAppSettingsManager.queryAppSettings(FetchedAppSettingsManager.java:278)\n\tat com.facebook.UserSettingsManager$1.run(UserSettingsManager.java:156)\n\tat java.util.concurrent.ThreadPoolExecutor.runWorker(ThreadPoolExecutor.java:1137)\n\tat java.util.concurrent.ThreadPoolExecutor$Worker.run(ThreadPoolExecutor.java:637)\n\tat java.lang.Thread.run(Thread.java:1012)\n"
},
{
    "type": "log",
    "source": "class",
    "method": "isInitialized",
    "package_name": "com.fambase.venus",
    "class_name": "com.facebook.FacebookSdk",
    "timestamp": 1728283767955,
    "ref": "<class: com.facebook.FacebookSdk>",
    "arguments": "{}",
    "stack_trace": "java.lang.Exception\n\tat com.facebook.FacebookSdk.isInitialized(Native Method)\n\tat com.facebook.internal.Validate.sdkInitialized(Validate.java:134)\n\tat com.facebook.FacebookSdk.getApplicationContext(FacebookSdk.java:648)\n\tat com.facebook.FacebookSdk.getApplicationContext(Native Method)\n\tat com.facebook.internal.NativeProtocol.fetchAllAvailableProtocolVersionsForAppInfo(NativeProtocol.java:872)\n\tat com.facebook.internal.NativeProtocol.access$000(NativeProtocol.java:57)\n\tat com.facebook.internal.NativeProtocol$NativeAppInfo.fetchAvailableVersions(NativeProtocol.java:275)\n\tat com.facebook.internal.NativeProtocol$NativeAppInfo.access$1000(NativeProtocol.java:259)\n\tat com.facebook.internal.NativeProtocol$1.run(NativeProtocol.java:859)\n\tat java.util.concurrent.ThreadPoolExecutor.runWorker(ThreadPoolExecutor.java:1137)\n\tat java.util.concurrent.ThreadPoolExecutor$Worker.run(ThreadPoolExecutor.java:637)\n\tat java.lang.Thread.run(Thread.java:1012)\n"
},
{
    "type": "log",
    "source": "class",
    "method": "access$100",
    "package_name": "com.fambase.venus",
    "class_name": "com.facebook.FacebookSdk",
    "timestamp": 1728283767952,
    "ref": "<class: com.facebook.FacebookSdk>",
    "arguments": "{}",
    "stack_trace": "java.lang.Exception\n\tat com.facebook.FacebookSdk.access$100(Native Method)\n\tat com.facebook.FacebookSdk$8.call(FacebookSdk.java:405)\n\tat com.facebook.FacebookSdk$8.call(FacebookSdk.java:389)\n\tat java.util.concurrent.FutureTask.run(FutureTask.java:264)\n\tat java.util.concurrent.ThreadPoolExecutor.runWorker(ThreadPoolExecutor.java:1137)\n\tat java.util.concurrent.ThreadPoolExecutor$Worker.run(ThreadPoolExecutor.java:637)\n\tat java.lang.Thread.run(Thread.java:1012)\n"
},
{
    "type": "log",
    "source": "class",
    "method": "getAutoLogAppEventsEnabled",
    "package_name": "com.fambase.venus",
    "class_name": "com.facebook.FacebookSdk",
    "timestamp": 1728283767967,
    "ref": "<class: com.facebook.FacebookSdk>",
    "arguments": "{}",
    "stack_trace": "java.lang.Exception\n\tat com.facebook.FacebookSdk.getAutoLogAppEventsEnabled(Native Method)\n\tat com.facebook.appevents.AppEventsLoggerImpl.initializeLib(AppEventsLoggerImpl.java:119)\n\tat com.facebook.appevents.AppEventsLogger.initializeLib(AppEventsLogger.java:197)\n\tat com.facebook.FacebookSdk$8.call(FacebookSdk.java:405)\n\tat com.facebook.FacebookSdk$8.call(FacebookSdk.java:389)\n\tat java.util.concurrent.FutureTask.run(FutureTask.java:264)\n\tat java.util.concurrent.ThreadPoolExecutor.runWorker(ThreadPoolExecutor.java:1137)\n\tat java.util.concurrent.ThreadPoolExecutor$Worker.run(ThreadPoolExecutor.java:637)\n\tat java.lang.Thread.run(Thread.java:1012)\n"
},
{
    "type": "log",
    "source": "class",
    "method": "getApplicationContext",
    "package_name": "com.fambase.venus",
    "class_name": "com.facebook.FacebookSdk",
    "timestamp": 1728283767964,
    "ref": "<class: com.facebook.FacebookSdk>",
    "arguments": "{}",
    "stack_trace": "java.lang.Exception\n\tat com.facebook.FacebookSdk.getApplicationContext(Native Method)\n\tat com.facebook.internal.NativeProtocol.fetchAllAvailableProtocolVersionsForAppInfo(NativeProtocol.java:882)\n\tat com.facebook.internal.NativeProtocol.access$000(NativeProtocol.java:57)\n\tat com.facebook.internal.NativeProtocol$NativeAppInfo.fetchAvailableVersions(NativeProtocol.java:275)\n\tat com.facebook.internal.NativeProtocol$NativeAppInfo.access$1000(NativeProtocol.java:259)\n\tat com.facebook.internal.NativeProtocol$1.run(NativeProtocol.java:859)\n\tat java.util.concurrent.ThreadPoolExecutor.runWorker(ThreadPoolExecutor.java:1137)\n\tat java.util.concurrent.ThreadPoolExecutor$Worker.run(ThreadPoolExecutor.java:637)\n\tat java.lang.Thread.run(Thread.java:1012)\n"
},
{
    "type": "log",
    "source": "class",
    "method": "isInitialized",
    "package_name": "com.fambase.venus",
    "class_name": "com.facebook.FacebookSdk",
    "timestamp": 1728283767974,
    "ref": "<class: com.facebook.FacebookSdk>",
    "arguments": "{}",
    "stack_trace": "java.lang.Exception\n\tat com.facebook.FacebookSdk.isInitialized(Native Method)\n\tat com.facebook.UserSettingsManager.initializeIfNotInitialized(UserSettingsManager.java:98)\n\tat com.facebook.UserSettingsManager.getAutoLogAppEventsEnabled(UserSettingsManager.java:370)\n\tat com.facebook.FacebookSdk.getAutoLogAppEventsEnabled(FacebookSdk.java:987)\n\tat com.facebook.FacebookSdk.getAutoLogAppEventsEnabled(Native Method)\n\tat com.facebook.appevents.AppEventsLoggerImpl.initializeLib(AppEventsLoggerImpl.java:119)\n\tat com.facebook.appevents.AppEventsLogger.initializeLib(AppEventsLogger.java:197)\n\tat com.facebook.FacebookSdk$8.call(FacebookSdk.java:405)\n\tat com.facebook.FacebookSdk$8.call(FacebookSdk.java:389)\n\tat java.util.concurrent.FutureTask.run(FutureTask.java:264)\n\tat java.util.concurrent.ThreadPoolExecutor.runWorker(ThreadPoolExecutor.java:1137)\n\tat java.util.concurrent.ThreadPoolExecutor$Worker.run(ThreadPoolExecutor.java:637)\n\tat java.lang.Thread.run(Thread.java:1012)\n"
},
{
    "type": "log",
    "source": "class",
    "method": "isDebugEnabled",
    "package_name": "com.fambase.venus",
    "class_name": "com.facebook.FacebookSdk",
    "timestamp": 1728283767968,
    "ref": "<class: com.facebook.FacebookSdk>",
    "arguments": "{}",
    "stack_trace": "java.lang.Exception\n\tat com.facebook.FacebookSdk.isDebugEnabled(Native Method)\n\tat com.facebook.internal.Utility.logd(Utility.java:621)\n\tat com.facebook.FacebookSdk.getGraphApiVersion(FacebookSdk.java:677)\n\tat com.facebook.FacebookSdk.getGraphApiVersion(Native Method)\n\tat com.facebook.GraphRequest.<init>(GraphRequest.java:262)\n\tat com.facebook.GraphRequest.<init>(GraphRequest.java:219)\n\tat com.facebook.GraphRequest.newGraphPathRequest(GraphRequest.java:368)\n\tat com.facebook.internal.FetchedAppSettingsManager.getAppSettingsQueryResponse(FetchedAppSettingsManager.java:364)\n\tat com.facebook.internal.FetchedAppSettingsManager.queryAppSettings(FetchedAppSettingsManager.java:278)\n\tat com.facebook.UserSettingsManager$1.run(UserSettingsManager.java:156)\n\tat java.util.concurrent.ThreadPoolExecutor.runWorker(ThreadPoolExecutor.java:1137)\n\tat java.util.concurrent.ThreadPoolExecutor$Worker.run(ThreadPoolExecutor.java:637)\n\tat java.lang.Thread.run(Thread.java:1012)\n"
},
{
    "type": "log",
    "source": "class",
    "method": "isInitialized",
    "package_name": "com.fambase.venus",
    "class_name": "com.facebook.FacebookSdk",
    "timestamp": 1728283767978,
    "ref": "<class: com.facebook.FacebookSdk>",
    "arguments": "{}",
    "stack_trace": "java.lang.Exception\n\tat com.facebook.FacebookSdk.isInitialized(Native Method)\n\tat com.facebook.internal.Validate.sdkInitialized(Validate.java:134)\n\tat com.facebook.appevents.AppEventsLoggerImpl.<init>(AppEventsLoggerImpl.java:487)\n\tat com.facebook.appevents.AppEventsLoggerImpl.<init>(AppEventsLoggerImpl.java:483)\n\tat com.facebook.appevents.AppEventsLoggerImpl.initializeLib(AppEventsLoggerImpl.java:122)\n\tat com.facebook.appevents.AppEventsLogger.initializeLib(AppEventsLogger.java:197)\n\tat com.facebook.FacebookSdk$8.call(FacebookSdk.java:405)\n\tat com.facebook.FacebookSdk$8.call(FacebookSdk.java:389)\n\tat java.util.concurrent.FutureTask.run(FutureTask.java:264)\n\tat java.util.concurrent.ThreadPoolExecutor.runWorker(ThreadPoolExecutor.java:1137)\n\tat java.util.concurrent.ThreadPoolExecutor$Worker.run(ThreadPoolExecutor.java:637)\n\tat java.lang.Thread.run(Thread.java:1012)\n"
},
{
    "type": "log",
    "source": "class",
    "method": "isInitialized",
    "package_name": "com.fambase.venus",
    "class_name": "com.facebook.FacebookSdk",
    "timestamp": 1728283768004,
    "ref": "<class: com.facebook.FacebookSdk>",
    "arguments": "{}",
    "stack_trace": "java.lang.Exception\n\tat com.facebook.FacebookSdk.isInitialized(Native Method)\n\tat com.facebook.internal.Validate.sdkInitialized(Validate.java:134)\n\tat com.facebook.FacebookSdk.getApplicationContext(FacebookSdk.java:648)\n\tat com.facebook.FacebookSdk.getApplicationContext(Native Method)\n\tat com.facebook.internal.NativeProtocol.fetchAllAvailableProtocolVersionsForAppInfo(NativeProtocol.java:882)\n\tat com.facebook.internal.NativeProtocol.access$000(NativeProtocol.java:57)\n\tat com.facebook.internal.NativeProtocol$NativeAppInfo.fetchAvailableVersions(NativeProtocol.java:275)\n\tat com.facebook.internal.NativeProtocol$NativeAppInfo.access$1000(NativeProtocol.java:259)\n\tat com.facebook.internal.NativeProtocol$1.run(NativeProtocol.java:859)\n\tat java.util.concurrent.ThreadPoolExecutor.runWorker(ThreadPoolExecutor.java:1137)\n\tat java.util.concurrent.ThreadPoolExecutor$Worker.run(ThreadPoolExecutor.java:637)\n\tat java.lang.Thread.run(Thread.java:1012)\n"
},
{
    "type": "log",
    "source": "class",
    "method": "getApplicationContext",
    "package_name": "com.fambase.venus",
    "class_name": "com.facebook.FacebookSdk",
    "timestamp": 1728283768002,
    "ref": "<class: com.facebook.FacebookSdk>",
    "arguments": "{}",
    "stack_trace": "java.lang.Exception\n\tat com.facebook.FacebookSdk.getApplicationContext(Native Method)\n\tat com.facebook.UserSettingsManager.logIfAutoAppLinkEnabled(UserSettingsManager.java:316)\n\tat com.facebook.FacebookSdk$8.call(FacebookSdk.java:407)\n\tat com.facebook.FacebookSdk$8.call(FacebookSdk.java:389)\n\tat java.util.concurrent.FutureTask.run(FutureTask.java:264)\n\tat java.util.concurrent.ThreadPoolExecutor.runWorker(ThreadPoolExecutor.java:1137)\n\tat java.util.concurrent.ThreadPoolExecutor$Worker.run(ThreadPoolExecutor.java:637)\n\tat java.lang.Thread.run(Thread.java:1012)\n"
},
{
    "type": "log",
    "source": "class",
    "method": "getGraphDomain",
    "package_name": "com.fambase.venus",
    "class_name": "com.facebook.FacebookSdk",
    "timestamp": 1728283767999,
    "ref": "<class: com.facebook.FacebookSdk>",
    "arguments": "{}",
    "stack_trace": "java.lang.Exception\n\tat com.facebook.FacebookSdk.getGraphDomain(Native Method)\n\tat com.facebook.internal.ServerProtocol.getGraphUrlBase(ServerProtocol.java:96)\n\tat com.facebook.GraphRequest.getUrlForSingleRequest(GraphRequest.java:1472)\n\tat com.facebook.GraphRequest.toHttpConnection(GraphRequest.java:1033)\n\tat com.facebook.GraphRequest.executeBatchAndWait(GraphRequest.java:1132)\n\tat com.facebook.GraphRequest.executeBatchAndWait(GraphRequest.java:1109)\n\tat com.facebook.GraphRequest.executeBatchAndWait(GraphRequest.java:1093)\n\tat com.facebook.GraphRequest.executeAndWait(GraphRequest.java:1068)\n\tat com.facebook.GraphRequest.executeAndWait(GraphRequest.java:962)\n\tat com.facebook.internal.FetchedAppSettingsManager.getAppSettingsQueryResponse(FetchedAppSettingsManager.java:368)\n\tat com.facebook.internal.FetchedAppSettingsManager.queryAppSettings(FetchedAppSettingsManager.java:278)\n\tat com.facebook.UserSettingsManager$1.run(UserSettingsManager.java:156)\n\tat java.util.concurrent.ThreadPoolExecutor.runWorker(ThreadPoolExecutor.java:1137)\n\tat java.util.concurrent.ThreadPoolExecutor$Worker.run(ThreadPoolExecutor.java:637)\n\tat java.lang.Thread.run(Thread.java:1012)\n"
},
{
    "type": "log",
    "source": "class",
    "method": "getApplicationId",
    "package_name": "com.fambase.venus",
    "class_name": "com.facebook.FacebookSdk",
    "timestamp": 1728283768010,
    "ref": "<class: com.facebook.FacebookSdk>",
    "arguments": "{}",
    "stack_trace": "java.lang.Exception\n\tat com.facebook.FacebookSdk.getApplicationId(Native Method)\n\tat com.facebook.appevents.AppEventsLoggerImpl.logEvent(AppEventsLoggerImpl.java:578)\n\tat com.facebook.appevents.AppEventsLoggerImpl.logEventImplicitly(AppEventsLoggerImpl.java:543)\n\tat com.facebook.appevents.AppEventsLoggerImpl$1.run(AppEventsLoggerImpl.java:184)\n\tat java.util.concurrent.Executors$RunnableAdapter.call(Executors.java:463)\n\tat java.util.concurrent.FutureTask.run(FutureTask.java:264)\n\tat java.util.concurrent.ScheduledThreadPoolExecutor$ScheduledFutureTask.run(ScheduledThreadPoolExecutor.java:307)\n\tat java.util.concurrent.ThreadPoolExecutor.runWorker(ThreadPoolExecutor.java:1137)\n\tat java.util.concurrent.ThreadPoolExecutor$Worker.run(ThreadPoolExecutor.java:637)\n\tat java.lang.Thread.run(Thread.java:1012)\n"
},
{
    "type": "log",
    "source": "class",
    "method": "isInitialized",
    "package_name": "com.fambase.venus",
    "class_name": "com.facebook.FacebookSdk",
    "timestamp": 1728283768024,
    "ref": "<class: com.facebook.FacebookSdk>",
    "arguments": "{}",
    "stack_trace": "java.lang.Exception\n\tat com.facebook.FacebookSdk.isInitialized(Native Method)\n\tat com.facebook.internal.Validate.sdkInitialized(Validate.java:134)\n\tat com.facebook.FacebookSdk.getApplicationContext(FacebookSdk.java:648)\n\tat com.facebook.FacebookSdk.getApplicationContext(Native Method)\n\tat com.facebook.UserSettingsManager.logIfAutoAppLinkEnabled(UserSettingsManager.java:316)\n\tat com.facebook.FacebookSdk$8.call(FacebookSdk.java:407)\n\tat com.facebook.FacebookSdk$8.call(FacebookSdk.java:389)\n\tat java.util.concurrent.FutureTask.run(FutureTask.java:264)\n\tat java.util.concurrent.ThreadPoolExecutor.runWorker(ThreadPoolExecutor.java:1137)\n\tat java.util.concurrent.ThreadPoolExecutor$Worker.run(ThreadPoolExecutor.java:637)\n\tat java.lang.Thread.run(Thread.java:1012)\n"
},
{
    "type": "log",
    "source": "class",
    "method": "isLoggingBehaviorEnabled",
    "package_name": "com.fambase.venus",
    "class_name": "com.facebook.FacebookSdk",
    "timestamp": 1728283768025,
    "ref": "<class: com.facebook.FacebookSdk>",
    "arguments": "{\"0\":\"<instance: com.facebook.LoggingBehavior>\"}",
    "stack_trace": "java.lang.Exception\n\tat com.facebook.FacebookSdk.isLoggingBehaviorEnabled(Native Method)\n\tat com.facebook.GraphRequest.addCommonParameters(GraphRequest.java:1407)\n\tat com.facebook.GraphRequest.getUrlForSingleRequest(GraphRequest.java:1476)\n\tat com.facebook.GraphRequest.toHttpConnection(GraphRequest.java:1033)\n\tat com.facebook.GraphRequest.executeBatchAndWait(GraphRequest.java:1132)\n\tat com.facebook.GraphRequest.executeBatchAndWait(GraphRequest.java:1109)\n\tat com.facebook.GraphRequest.executeBatchAndWait(GraphRequest.java:1093)\n\tat com.facebook.GraphRequest.executeAndWait(GraphRequest.java:1068)\n\tat com.facebook.GraphRequest.executeAndWait(GraphRequest.java:962)\n\tat com.facebook.internal.FetchedAppSettingsManager.getAppSettingsQueryResponse(FetchedAppSettingsManager.java:368)\n\tat com.facebook.internal.FetchedAppSettingsManager.queryAppSettings(FetchedAppSettingsManager.java:278)\n\tat com.facebook.UserSettingsManager$1.run(UserSettingsManager.java:156)\n\tat java.util.concurrent.ThreadPoolExecutor.runWorker(ThreadPoolExecutor.java:1137)\n\tat java.util.concurrent.ThreadPoolExecutor$Worker.run(ThreadPoolExecutor.java:637)\n\tat java.lang.Thread.run(Thread.java:1012)\n"
},
{
    "type": "log",
    "source": "class",
    "method": "isInitialized",
    "package_name": "com.fambase.venus",
    "class_name": "com.facebook.FacebookSdk",
    "timestamp": 1728283768035,
    "ref": "<class: com.facebook.FacebookSdk>",
    "arguments": "{}",
    "stack_trace": "java.lang.Exception\n\tat com.facebook.FacebookSdk.isInitialized(Native Method)\n\tat com.facebook.internal.Validate.sdkInitialized(Validate.java:134)\n\tat com.facebook.FacebookSdk.getApplicationId(FacebookSdk.java:909)\n\tat com.facebook.FacebookSdk.getApplicationId(Native Method)\n\tat com.facebook.appevents.AppEventsLoggerImpl.logEvent(AppEventsLoggerImpl.java:578)\n\tat com.facebook.appevents.AppEventsLoggerImpl.logEventImplicitly(AppEventsLoggerImpl.java:543)\n\tat com.facebook.appevents.AppEventsLoggerImpl$1.run(AppEventsLoggerImpl.java:184)\n\tat java.util.concurrent.Executors$RunnableAdapter.call(Executors.java:463)\n\tat java.util.concurrent.FutureTask.run(FutureTask.java:264)\n\tat java.util.concurrent.ScheduledThreadPoolExecutor$ScheduledFutureTask.run(ScheduledThreadPoolExecutor.java:307)\n\tat java.util.concurrent.ThreadPoolExecutor.runWorker(ThreadPoolExecutor.java:1137)\n\tat java.util.concurrent.ThreadPoolExecutor$Worker.run(ThreadPoolExecutor.java:637)\n\tat java.lang.Thread.run(Thread.java:1012)\n"
},
{
    "type": "log",
    "source": "class",
    "method": "isInitialized",
    "package_name": "com.fambase.venus",
    "class_name": "com.facebook.FacebookSdk",
    "timestamp": 1728283768050,
    "ref": "<class: com.facebook.FacebookSdk>",
    "arguments": "{}",
    "stack_trace": "java.lang.Exception\n\tat com.facebook.FacebookSdk.isInitialized(Native Method)\n\tat com.facebook.internal.Validate.sdkInitialized(Validate.java:134)\n\tat com.facebook.appevents.AppEventsLoggerImpl.<init>(AppEventsLoggerImpl.java:487)\n\tat com.facebook.appevents.AppEventsLoggerImpl.<init>(AppEventsLoggerImpl.java:483)\n\tat com.facebook.appevents.AppEventsLogger.<init>(AppEventsLogger.java:256)\n\tat com.facebook.appevents.AppEventsLogger.newLogger(AppEventsLogger.java:210)\n\tat com.facebook.FacebookSdk$8.call(FacebookSdk.java:410)\n\tat com.facebook.FacebookSdk$8.call(FacebookSdk.java:389)\n\tat java.util.concurrent.FutureTask.run(FutureTask.java:264)\n\tat java.util.concurrent.ThreadPoolExecutor.runWorker(ThreadPoolExecutor.java:1137)\n\tat java.util.concurrent.ThreadPoolExecutor$Worker.run(ThreadPoolExecutor.java:637)\n\tat java.lang.Thread.run(Thread.java:1012)\n"
},
{
    "type": "log",
    "source": "class",
    "method": "getApplicationContext",
    "package_name": "com.fambase.venus",
    "class_name": "com.facebook.FacebookSdk",
    "timestamp": 1728283768052,
    "ref": "<class: com.facebook.FacebookSdk>",
    "arguments": "{}",
    "stack_trace": "java.lang.Exception\n\tat com.facebook.FacebookSdk.getApplicationContext(Native Method)\n\tat com.facebook.internal.FetchedAppGateKeepersManager.loadAppGateKeepersAsync(FetchedAppGateKeepersManager.java:84)\n\tat com.facebook.internal.FetchedAppGateKeepersManager.loadAppGateKeepersAsync(FetchedAppGateKeepersManager.java:71)\n\tat com.facebook.internal.FetchedAppGateKeepersManager.getGateKeepersForApplication(FetchedAppGateKeepersManager.java:191)\n\tat com.facebook.internal.FetchedAppGateKeepersManager.getGateKeeperForKey(FetchedAppGateKeepersManager.java:212)\n\tat com.facebook.appevents.AppEventsLoggerImpl.logEvent(AppEventsLoggerImpl.java:577)\n\tat com.facebook.appevents.AppEventsLoggerImpl.logEventImplicitly(AppEventsLoggerImpl.java:543)\n\tat com.facebook.appevents.AppEventsLoggerImpl$1.run(AppEventsLoggerImpl.java:184)\n\tat java.util.concurrent.Executors$RunnableAdapter.call(Executors.java:463)\n\tat java.util.concurrent.FutureTask.run(FutureTask.java:264)\n\tat java.util.concurrent.ScheduledThreadPoolExecutor$ScheduledFutureTask.run(ScheduledThreadPoolExecutor.java:307)\n\tat java.util.concurrent.ThreadPoolExecutor.runWorker(ThreadPoolExecutor.java:1137)\n\tat java.util.concurrent.ThreadPoolExecutor$Worker.run(ThreadPoolExecutor.java:637)\n\tat java.lang.Thread.run(Thread.java:1012)\n"
},
{
    "type": "log",
    "source": "class",
    "method": "isDebugEnabled",
    "package_name": "com.fambase.venus",
    "class_name": "com.facebook.FacebookSdk",
    "timestamp": 1728283768040,
    "ref": "<class: com.facebook.FacebookSdk>",
    "arguments": "{}",
    "stack_trace": "java.lang.Exception\n\tat com.facebook.FacebookSdk.isDebugEnabled(Native Method)\n\tat com.facebook.FacebookSdk.isLoggingBehaviorEnabled(FacebookSdk.java:510)\n\tat com.facebook.FacebookSdk.isLoggingBehaviorEnabled(Native Method)\n\tat com.facebook.GraphRequest.addCommonParameters(GraphRequest.java:1407)\n\tat com.facebook.GraphRequest.getUrlForSingleRequest(GraphRequest.java:1476)\n\tat com.facebook.GraphRequest.toHttpConnection(GraphRequest.java:1033)\n\tat com.facebook.GraphRequest.executeBatchAndWait(GraphRequest.java:1132)\n\tat com.facebook.GraphRequest.executeBatchAndWait(GraphRequest.java:1109)\n\tat com.facebook.GraphRequest.executeBatchAndWait(GraphRequest.java:1093)\n\tat com.facebook.GraphRequest.executeAndWait(GraphRequest.java:1068)\n\tat com.facebook.GraphRequest.executeAndWait(GraphRequest.java:962)\n\tat com.facebook.internal.FetchedAppSettingsManager.getAppSettingsQueryResponse(FetchedAppSettingsManager.java:368)\n\tat com.facebook.internal.FetchedAppSettingsManager.queryAppSettings(FetchedAppSettingsManager.java:278)\n\tat com.facebook.UserSettingsManager$1.run(UserSettingsManager.java:156)\n\tat java.util.concurrent.ThreadPoolExecutor.runWorker(ThreadPoolExecutor.java:1137)\n\tat java.util.concurrent.ThreadPoolExecutor$Worker.run(ThreadPoolExecutor.java:637)\n\tat java.lang.Thread.run(Thread.java:1012)\n"
},
{
    "type": "log",
    "source": "class",
    "method": "getApplicationContext",
    "package_name": "com.fambase.venus",
    "class_name": "com.facebook.FacebookSdk",
    "timestamp": 1728283768059,
    "ref": "<class: com.facebook.FacebookSdk>",
    "arguments": "{}",
    "stack_trace": "java.lang.Exception\n\tat com.facebook.FacebookSdk.getApplicationContext(Native Method)\n\tat com.facebook.appevents.AppEventsLoggerImpl.<init>(AppEventsLoggerImpl.java:501)\n\tat com.facebook.appevents.AppEventsLoggerImpl.<init>(AppEventsLoggerImpl.java:483)\n\tat com.facebook.appevents.AppEventsLogger.<init>(AppEventsLogger.java:256)\n\tat com.facebook.appevents.AppEventsLogger.newLogger(AppEventsLogger.java:210)\n\tat com.facebook.FacebookSdk$8.call(FacebookSdk.java:410)\n\tat com.facebook.FacebookSdk$8.call(FacebookSdk.java:389)\n\tat java.util.concurrent.FutureTask.run(FutureTask.java:264)\n\tat java.util.concurrent.ThreadPoolExecutor.runWorker(ThreadPoolExecutor.java:1137)\n\tat java.util.concurrent.ThreadPoolExecutor$Worker.run(ThreadPoolExecutor.java:637)\n\tat java.lang.Thread.run(Thread.java:1012)\n"
},
{
    "type": "log",
    "source": "class",
    "method": "isLoggingBehaviorEnabled",
    "package_name": "com.fambase.venus",
    "class_name": "com.facebook.FacebookSdk",
    "timestamp": 1728283768061,
    "ref": "<class: com.facebook.FacebookSdk>",
    "arguments": "{\"0\":\"<instance: com.facebook.LoggingBehavior>\"}",
    "stack_trace": "java.lang.Exception\n\tat com.facebook.FacebookSdk.isLoggingBehaviorEnabled(Native Method)\n\tat com.facebook.GraphRequest.addCommonParameters(GraphRequest.java:1409)\n\tat com.facebook.GraphRequest.getUrlForSingleRequest(GraphRequest.java:1476)\n\tat com.facebook.GraphRequest.toHttpConnection(GraphRequest.java:1033)\n\tat com.facebook.GraphRequest.executeBatchAndWait(GraphRequest.java:1132)\n\tat com.facebook.GraphRequest.executeBatchAndWait(GraphRequest.java:1109)\n\tat com.facebook.GraphRequest.executeBatchAndWait(GraphRequest.java:1093)\n\tat com.facebook.GraphRequest.executeAndWait(GraphRequest.java:1068)\n\tat com.facebook.GraphRequest.executeAndWait(GraphRequest.java:962)\n\tat com.facebook.internal.FetchedAppSettingsManager.getAppSettingsQueryResponse(FetchedAppSettingsManager.java:368)\n\tat com.facebook.internal.FetchedAppSettingsManager.queryAppSettings(FetchedAppSettingsManager.java:278)\n\tat com.facebook.UserSettingsManager$1.run(UserSettingsManager.java:156)\n\tat java.util.concurrent.ThreadPoolExecutor.runWorker(ThreadPoolExecutor.java:1137)\n\tat java.util.concurrent.ThreadPoolExecutor$Worker.run(ThreadPoolExecutor.java:637)\n\tat java.lang.Thread.run(Thread.java:1012)\n"
},
{
    "type": "log",
    "source": "class",
    "method": "isInitialized",
    "package_name": "com.fambase.venus",
    "class_name": "com.facebook.FacebookSdk",
    "timestamp": 1728283768060,
    "ref": "<class: com.facebook.FacebookSdk>",
    "arguments": "{}",
    "stack_trace": "java.lang.Exception\n\tat com.facebook.FacebookSdk.isInitialized(Native Method)\n\tat com.facebook.internal.Validate.sdkInitialized(Validate.java:134)\n\tat com.facebook.FacebookSdk.getApplicationContext(FacebookSdk.java:648)\n\tat com.facebook.FacebookSdk.getApplicationContext(Native Method)\n\tat com.facebook.internal.FetchedAppGateKeepersManager.loadAppGateKeepersAsync(FetchedAppGateKeepersManager.java:84)\n\tat com.facebook.internal.FetchedAppGateKeepersManager.loadAppGateKeepersAsync(FetchedAppGateKeepersManager.java:71)\n\tat com.facebook.internal.FetchedAppGateKeepersManager.getGateKeepersForApplication(FetchedAppGateKeepersManager.java:191)\n\tat com.facebook.internal.FetchedAppGateKeepersManager.getGateKeeperForKey(FetchedAppGateKeepersManager.java:212)\n\tat com.facebook.appevents.AppEventsLoggerImpl.logEvent(AppEventsLoggerImpl.java:577)\n\tat com.facebook.appevents.AppEventsLoggerImpl.logEventImplicitly(AppEventsLoggerImpl.java:543)\n\tat com.facebook.appevents.AppEventsLoggerImpl$1.run(AppEventsLoggerImpl.java:184)\n\tat java.util.concurrent.Executors$RunnableAdapter.call(Executors.java:463)\n\tat java.util.concurrent.FutureTask.run(FutureTask.java:264)\n\tat java.util.concurrent.ScheduledThreadPoolExecutor$ScheduledFutureTask.run(ScheduledThreadPoolExecutor.java:307)\n\tat java.util.concurrent.ThreadPoolExecutor.runWorker(ThreadPoolExecutor.java:1137)\n\tat java.util.concurrent.ThreadPoolExecutor$Worker.run(ThreadPoolExecutor.java:637)\n\tat java.lang.Thread.run(Thread.java:1012)\n"
},
{
    "type": "log",
    "source": "class",
    "method": "isDebugEnabled",
    "package_name": "com.fambase.venus",
    "class_name": "com.facebook.FacebookSdk",
    "timestamp": 1728283768075,
    "ref": "<class: com.facebook.FacebookSdk>",
    "arguments": "{}",
    "stack_trace": "java.lang.Exception\n\tat com.facebook.FacebookSdk.isDebugEnabled(Native Method)\n\tat com.facebook.FacebookSdk.isLoggingBehaviorEnabled(FacebookSdk.java:510)\n\tat com.facebook.FacebookSdk.isLoggingBehaviorEnabled(Native Method)\n\tat com.facebook.GraphRequest.addCommonParameters(GraphRequest.java:1409)\n\tat com.facebook.GraphRequest.getUrlForSingleRequest(GraphRequest.java:1476)\n\tat com.facebook.GraphRequest.toHttpConnection(GraphRequest.java:1033)\n\tat com.facebook.GraphRequest.executeBatchAndWait(GraphRequest.java:1132)\n\tat com.facebook.GraphRequest.executeBatchAndWait(GraphRequest.java:1109)\n\tat com.facebook.GraphRequest.executeBatchAndWait(GraphRequest.java:1093)\n\tat com.facebook.GraphRequest.executeAndWait(GraphRequest.java:1068)\n\tat com.facebook.GraphRequest.executeAndWait(GraphRequest.java:962)\n\tat com.facebook.internal.FetchedAppSettingsManager.getAppSettingsQueryResponse(FetchedAppSettingsManager.java:368)\n\tat com.facebook.internal.FetchedAppSettingsManager.queryAppSettings(FetchedAppSettingsManager.java:278)\n\tat com.facebook.UserSettingsManager$1.run(UserSettingsManager.java:156)\n\tat java.util.concurrent.ThreadPoolExecutor.runWorker(ThreadPoolExecutor.java:1137)\n\tat java.util.concurrent.ThreadPoolExecutor$Worker.run(ThreadPoolExecutor.java:637)\n\tat java.lang.Thread.run(Thread.java:1012)\n"
},
{
    "type": "log",
    "source": "class",
    "method": "isInitialized",
    "package_name": "com.fambase.venus",
    "class_name": "com.facebook.FacebookSdk",
    "timestamp": 1728283768085,
    "ref": "<class: com.facebook.FacebookSdk>",
    "arguments": "{}",
    "stack_trace": "java.lang.Exception\n\tat com.facebook.FacebookSdk.isInitialized(Native Method)\n\tat com.facebook.internal.Validate.sdkInitialized(Validate.java:134)\n\tat com.facebook.FacebookSdk.getApplicationContext(FacebookSdk.java:648)\n\tat com.facebook.FacebookSdk.getApplicationContext(Native Method)\n\tat com.facebook.appevents.AppEventsLoggerImpl.<init>(AppEventsLoggerImpl.java:501)\n\tat com.facebook.appevents.AppEventsLoggerImpl.<init>(AppEventsLoggerImpl.java:483)\n\tat com.facebook.appevents.AppEventsLogger.<init>(AppEventsLogger.java:256)\n\tat com.facebook.appevents.AppEventsLogger.newLogger(AppEventsLogger.java:210)\n\tat com.facebook.FacebookSdk$8.call(FacebookSdk.java:410)\n\tat com.facebook.FacebookSdk$8.call(FacebookSdk.java:389)\n\tat java.util.concurrent.FutureTask.run(FutureTask.java:264)\n\tat java.util.concurrent.ThreadPoolExecutor.runWorker(ThreadPoolExecutor.java:1137)\n\tat java.util.concurrent.ThreadPoolExecutor$Worker.run(ThreadPoolExecutor.java:637)\n\tat java.lang.Thread.run(Thread.java:1012)\n"
},
{
    "type": "log",
    "source": "class",
    "method": "getApplicationId",
    "package_name": "com.fambase.venus",
    "class_name": "com.facebook.FacebookSdk",
    "timestamp": 1728283768077,
    "ref": "<class: com.facebook.FacebookSdk>",
    "arguments": "{}",
    "stack_trace": "java.lang.Exception\n\tat com.facebook.FacebookSdk.getApplicationId(Native Method)\n\tat com.facebook.internal.FetchedAppGateKeepersManager.loadAppGateKeepersAsync(FetchedAppGateKeepersManager.java:85)\n\tat com.facebook.internal.FetchedAppGateKeepersManager.loadAppGateKeepersAsync(FetchedAppGateKeepersManager.java:71)\n\tat com.facebook.internal.FetchedAppGateKeepersManager.getGateKeepersForApplication(FetchedAppGateKeepersManager.java:191)\n\tat com.facebook.internal.FetchedAppGateKeepersManager.getGateKeeperForKey(FetchedAppGateKeepersManager.java:212)\n\tat com.facebook.appevents.AppEventsLoggerImpl.logEvent(AppEventsLoggerImpl.java:577)\n\tat com.facebook.appevents.AppEventsLoggerImpl.logEventImplicitly(AppEventsLoggerImpl.java:543)\n\tat com.facebook.appevents.AppEventsLoggerImpl$1.run(AppEventsLoggerImpl.java:184)\n\tat java.util.concurrent.Executors$RunnableAdapter.call(Executors.java:463)\n\tat java.util.concurrent.FutureTask.run(FutureTask.java:264)\n\tat java.util.concurrent.ScheduledThreadPoolExecutor$ScheduledFutureTask.run(ScheduledThreadPoolExecutor.java:307)\n\tat java.util.concurrent.ThreadPoolExecutor.runWorker(ThreadPoolExecutor.java:1137)\n\tat java.util.concurrent.ThreadPoolExecutor$Worker.run(ThreadPoolExecutor.java:637)\n\tat java.lang.Thread.run(Thread.java:1012)\n"
},
{
    "type": "log",
    "source": "class",
    "method": "sdkInitialize",
    "package_name": "com.fambase.venus",
    "class_name": "com.facebook.FacebookSdk",
    "timestamp": 1728283768091,
    "ref": "<class: com.facebook.FacebookSdk>",
    "arguments": "{\"0\":\"<instance: android.content.Context, $className: com.fambase.venus.VenusApp>\"}",
    "stack_trace": "java.lang.Exception\n\tat com.facebook.FacebookSdk.sdkInitialize(Native Method)\n\tat com.facebook.internal.Utility.getMetadataApplicationId(Utility.java:442)\n\tat com.facebook.appevents.AppEventsLoggerImpl.<init>(AppEventsLoggerImpl.java:501)\n\tat com.facebook.appevents.AppEventsLoggerImpl.<init>(AppEventsLoggerImpl.java:483)\n\tat com.facebook.appevents.AppEventsLogger.<init>(AppEventsLogger.java:256)\n\tat com.facebook.appevents.AppEventsLogger.newLogger(AppEventsLogger.java:210)\n\tat com.facebook.FacebookSdk$8.call(FacebookSdk.java:410)\n\tat com.facebook.FacebookSdk$8.call(FacebookSdk.java:389)\n\tat java.util.concurrent.FutureTask.run(FutureTask.java:264)\n\tat java.util.concurrent.ThreadPoolExecutor.runWorker(ThreadPoolExecutor.java:1137)\n\tat java.util.concurrent.ThreadPoolExecutor$Worker.run(ThreadPoolExecutor.java:637)\n\tat java.lang.Thread.run(Thread.java:1012)\n"
},
{
    "type": "log",
    "source": "class",
    "method": "isLoggingBehaviorEnabled",
    "package_name": "com.fambase.venus",
    "class_name": "com.facebook.FacebookSdk",
    "timestamp": 1728283768107,
    "ref": "<class: com.facebook.FacebookSdk>",
    "arguments": "{\"0\":\"<instance: com.facebook.LoggingBehavior>\"}",
    "stack_trace": "java.lang.Exception\n\tat com.facebook.FacebookSdk.isLoggingBehaviorEnabled(Native Method)\n\tat com.facebook.internal.Logger.shouldLog(Logger.java:157)\n\tat com.facebook.internal.Logger.append(Logger.java:141)\n\tat com.facebook.GraphRequest.serializeToUrlConnection(GraphRequest.java:1652)\n\tat com.facebook.GraphRequest.toHttpConnection(GraphRequest.java:1047)\n\tat com.facebook.GraphRequest.executeBatchAndWait(GraphRequest.java:1132)\n\tat com.facebook.GraphRequest.executeBatchAndWait(GraphRequest.java:1109)\n\tat com.facebook.GraphRequest.executeBatchAndWait(GraphRequest.java:1093)\n\tat com.facebook.GraphRequest.executeAndWait(GraphRequest.java:1068)\n\tat com.facebook.GraphRequest.executeAndWait(GraphRequest.java:962)\n\tat com.facebook.internal.FetchedAppSettingsManager.getAppSettingsQueryResponse(FetchedAppSettingsManager.java:368)\n\tat com.facebook.internal.FetchedAppSettingsManager.queryAppSettings(FetchedAppSettingsManager.java:278)\n\tat com.facebook.UserSettingsManager$1.run(UserSettingsManager.java:156)\n\tat java.util.concurrent.ThreadPoolExecutor.runWorker(ThreadPoolExecutor.java:1137)\n\tat java.util.concurrent.ThreadPoolExecutor$Worker.run(ThreadPoolExecutor.java:637)\n\tat java.lang.Thread.run(Thread.java:1012)\n"
},
{
    "type": "log",
    "source": "class",
    "method": "isDebugEnabled",
    "package_name": "com.fambase.venus",
    "class_name": "com.facebook.FacebookSdk",
    "timestamp": 1728283768119,
    "ref": "<class: com.facebook.FacebookSdk>",
    "arguments": "{}",
    "stack_trace": "java.lang.Exception\n\tat com.facebook.FacebookSdk.isDebugEnabled(Native Method)\n\tat com.facebook.FacebookSdk.isLoggingBehaviorEnabled(FacebookSdk.java:510)\n\tat com.facebook.FacebookSdk.isLoggingBehaviorEnabled(Native Method)\n\tat com.facebook.internal.Logger.shouldLog(Logger.java:157)\n\tat com.facebook.internal.Logger.append(Logger.java:141)\n\tat com.facebook.GraphRequest.serializeToUrlConnection(GraphRequest.java:1652)\n\tat com.facebook.GraphRequest.toHttpConnection(GraphRequest.java:1047)\n\tat com.facebook.GraphRequest.executeBatchAndWait(GraphRequest.java:1132)\n\tat com.facebook.GraphRequest.executeBatchAndWait(GraphRequest.java:1109)\n\tat com.facebook.GraphRequest.executeBatchAndWait(GraphRequest.java:1093)\n\tat com.facebook.GraphRequest.executeAndWait(GraphRequest.java:1068)\n\tat com.facebook.GraphRequest.executeAndWait(GraphRequest.java:962)\n\tat com.facebook.internal.FetchedAppSettingsManager.getAppSettingsQueryResponse(FetchedAppSettingsManager.java:368)\n\tat com.facebook.internal.FetchedAppSettingsManager.queryAppSettings(FetchedAppSettingsManager.java:278)\n\tat com.facebook.UserSettingsManager$1.run(UserSettingsManager.java:156)\n\tat java.util.concurrent.ThreadPoolExecutor.runWorker(ThreadPoolExecutor.java:1137)\n\tat java.util.concurrent.ThreadPoolExecutor$Worker.run(ThreadPoolExecutor.java:637)\n\tat java.lang.Thread.run(Thread.java:1012)\n"
},
{
    "type": "log",
    "source": "class",
    "method": "isLoggingBehaviorEnabled",
    "package_name": "com.fambase.venus",
    "class_name": "com.facebook.FacebookSdk",
    "timestamp": 1728283768265,
    "ref": "<class: com.facebook.FacebookSdk>",
    "arguments": "{\"0\":\"<instance: com.facebook.LoggingBehavior>\"}",
    "stack_trace": "java.lang.Exception\n\tat com.facebook.FacebookSdk.isLoggingBehaviorEnabled(Native Method)\n\tat com.facebook.internal.Logger.shouldLog(Logger.java:157)\n\tat com.facebook.internal.Logger.append(Logger.java:147)\n\tat com.facebook.internal.Logger.appendKeyValue(Logger.java:153)\n\tat com.facebook.GraphRequest.serializeToUrlConnection(GraphRequest.java:1653)\n\tat com.facebook.GraphRequest.toHttpConnection(GraphRequest.java:1047)\n\tat com.facebook.GraphRequest.executeBatchAndWait(GraphRequest.java:1132)\n\tat com.facebook.GraphRequest.executeBatchAndWait(GraphRequest.java:1109)\n\tat com.facebook.GraphRequest.executeBatchAndWait(GraphRequest.java:1093)\n\tat com.facebook.GraphRequest.executeAndWait(GraphRequest.java:1068)\n\tat com.facebook.GraphRequest.executeAndWait(GraphRequest.java:962)\n\tat com.facebook.internal.FetchedAppSettingsManager.getAppSettingsQueryResponse(FetchedAppSettingsManager.java:368)\n\tat com.facebook.internal.FetchedAppSettingsManager.queryAppSettings(FetchedAppSettingsManager.java:278)\n\tat com.facebook.UserSettingsManager$1.run(UserSettingsManager.java:156)\n\tat java.util.concurrent.ThreadPoolExecutor.runWorker(ThreadPoolExecutor.java:1137)\n\tat java.util.concurrent.ThreadPoolExecutor$Worker.run(ThreadPoolExecutor.java:637)\n\tat java.lang.Thread.run(Thread.java:1012)\n"
},
{
    "type": "log",
    "source": "class",
    "method": "isDebugEnabled",
    "package_name": "com.fambase.venus",
    "class_name": "com.facebook.FacebookSdk",
    "timestamp": 1728283768276,
    "ref": "<class: com.facebook.FacebookSdk>",
    "arguments": "{}",
    "stack_trace": "java.lang.Exception\n\tat com.facebook.FacebookSdk.isDebugEnabled(Native Method)\n\tat com.facebook.FacebookSdk.isLoggingBehaviorEnabled(FacebookSdk.java:510)\n\tat com.facebook.FacebookSdk.isLoggingBehaviorEnabled(Native Method)\n\tat com.facebook.internal.Logger.shouldLog(Logger.java:157)\n\tat com.facebook.internal.Logger.append(Logger.java:147)\n\tat com.facebook.internal.Logger.appendKeyValue(Logger.java:153)\n\tat com.facebook.GraphRequest.serializeToUrlConnection(GraphRequest.java:1653)\n\tat com.facebook.GraphRequest.toHttpConnection(GraphRequest.java:1047)\n\tat com.facebook.GraphRequest.executeBatchAndWait(GraphRequest.java:1132)\n\tat com.facebook.GraphRequest.executeBatchAndWait(GraphRequest.java:1109)\n\tat com.facebook.GraphRequest.executeBatchAndWait(GraphRequest.java:1093)\n\tat com.facebook.GraphRequest.executeAndWait(GraphRequest.java:1068)\n\tat com.facebook.GraphRequest.executeAndWait(GraphRequest.java:962)\n\tat com.facebook.internal.FetchedAppSettingsManager.getAppSettingsQueryResponse(FetchedAppSettingsManager.java:368)\n\tat com.facebook.internal.FetchedAppSettingsManager.queryAppSettings(FetchedAppSettingsManager.java:278)\n\tat com.facebook.UserSettingsManager$1.run(UserSettingsManager.java:156)\n\tat java.util.concurrent.ThreadPoolExecutor.runWorker(ThreadPoolExecutor.java:1137)\n\tat java.util.concurrent.ThreadPoolExecutor$Worker.run(ThreadPoolExecutor.java:637)\n\tat java.lang.Thread.run(Thread.java:1012)\n"
},
{
    "type": "log",
    "source": "class",
    "method": "sdkInitialize",
    "package_name": "com.fambase.venus",
    "class_name": "com.facebook.FacebookSdk",
    "timestamp": 1728283768108,
    "ref": "<class: com.facebook.FacebookSdk>",
    "arguments": "{\"0\":\"<instance: android.content.Context, $className: com.fambase.venus.VenusApp>\",\"1\":null}",
    "stack_trace": "java.lang.Exception\n\tat com.facebook.FacebookSdk.sdkInitialize(Native Method)\n\tat com.facebook.FacebookSdk.sdkInitialize(FacebookSdk.java:248)\n\tat com.facebook.FacebookSdk.sdkInitialize(Native Method)\n\tat com.facebook.internal.Utility.getMetadataApplicationId(Utility.java:442)\n\tat com.facebook.appevents.AppEventsLoggerImpl.<init>(AppEventsLoggerImpl.java:501)\n\tat com.facebook.appevents.AppEventsLoggerImpl.<init>(AppEventsLoggerImpl.java:483)\n\tat com.facebook.appevents.AppEventsLogger.<init>(AppEventsLogger.java:256)\n\tat com.facebook.appevents.AppEventsLogger.newLogger(AppEventsLogger.java:210)\n\tat com.facebook.FacebookSdk$8.call(FacebookSdk.java:410)\n\tat com.facebook.FacebookSdk$8.call(FacebookSdk.java:389)\n\tat java.util.concurrent.FutureTask.run(FutureTask.java:264)\n\tat java.util.concurrent.ThreadPoolExecutor.runWorker(ThreadPoolExecutor.java:1137)\n\tat java.util.concurrent.ThreadPoolExecutor$Worker.run(ThreadPoolExecutor.java:637)\n\tat java.lang.Thread.run(Thread.java:1012)\n"
},
{
    "type": "log",
    "source": "class",
    "method": "getApplicationId",
    "package_name": "com.fambase.venus",
    "class_name": "com.facebook.FacebookSdk",
    "timestamp": 1728283768285,
    "ref": "<class: com.facebook.FacebookSdk>",
    "arguments": "{}",
    "stack_trace": "java.lang.Exception\n\tat com.facebook.FacebookSdk.getApplicationId(Native Method)\n\tat com.facebook.internal.Utility.getMetadataApplicationId(Utility.java:444)\n\tat com.facebook.appevents.AppEventsLoggerImpl.<init>(AppEventsLoggerImpl.java:501)\n\tat com.facebook.appevents.AppEventsLoggerImpl.<init>(AppEventsLoggerImpl.java:483)\n\tat com.facebook.appevents.AppEventsLogger.<init>(AppEventsLogger.java:256)\n\tat com.facebook.appevents.AppEventsLogger.newLogger(AppEventsLogger.java:210)\n\tat com.facebook.FacebookSdk$8.call(FacebookSdk.java:410)\n\tat com.facebook.FacebookSdk$8.call(FacebookSdk.java:389)\n\tat java.util.concurrent.FutureTask.run(FutureTask.java:264)\n\tat java.util.concurrent.ThreadPoolExecutor.runWorker(ThreadPoolExecutor.java:1137)\n\tat java.util.concurrent.ThreadPoolExecutor$Worker.run(ThreadPoolExecutor.java:637)\n\tat java.lang.Thread.run(Thread.java:1012)\n"
},
{
    "type": "log",
    "source": "class",
    "method": "isInitialized",
    "package_name": "com.fambase.venus",
    "class_name": "com.facebook.FacebookSdk",
    "timestamp": 1728283768287,
    "ref": "<class: com.facebook.FacebookSdk>",
    "arguments": "{}",
    "stack_trace": "java.lang.Exception\n\tat com.facebook.FacebookSdk.isInitialized(Native Method)\n\tat com.facebook.internal.Validate.sdkInitialized(Validate.java:134)\n\tat com.facebook.FacebookSdk.getApplicationId(FacebookSdk.java:909)\n\tat com.facebook.FacebookSdk.getApplicationId(Native Method)\n\tat com.facebook.internal.FetchedAppGateKeepersManager.loadAppGateKeepersAsync(FetchedAppGateKeepersManager.java:85)\n\tat com.facebook.internal.FetchedAppGateKeepersManager.loadAppGateKeepersAsync(FetchedAppGateKeepersManager.java:71)\n\tat com.facebook.internal.FetchedAppGateKeepersManager.getGateKeepersForApplication(FetchedAppGateKeepersManager.java:191)\n\tat com.facebook.internal.FetchedAppGateKeepersManager.getGateKeeperForKey(FetchedAppGateKeepersManager.java:212)\n\tat com.facebook.appevents.AppEventsLoggerImpl.logEvent(AppEventsLoggerImpl.java:577)\n\tat com.facebook.appevents.AppEventsLoggerImpl.logEventImplicitly(AppEventsLoggerImpl.java:543)\n\tat com.facebook.appevents.AppEventsLoggerImpl$1.run(AppEventsLoggerImpl.java:184)\n\tat java.util.concurrent.Executors$RunnableAdapter.call(Executors.java:463)\n\tat java.util.concurrent.FutureTask.run(FutureTask.java:264)\n\tat java.util.concurrent.ScheduledThreadPoolExecutor$ScheduledFutureTask.run(ScheduledThreadPoolExecutor.java:307)\n\tat java.util.concurrent.ThreadPoolExecutor.runWorker(ThreadPoolExecutor.java:1137)\n\tat java.util.concurrent.ThreadPoolExecutor$Worker.run(ThreadPoolExecutor.java:637)\n\tat java.lang.Thread.run(Thread.java:1012)\n"
},
{
    "type": "log",
    "source": "class",
    "method": "isLoggingBehaviorEnabled",
    "package_name": "com.fambase.venus",
    "class_name": "com.facebook.FacebookSdk",
    "timestamp": 1728283768286,
    "ref": "<class: com.facebook.FacebookSdk>",
    "arguments": "{\"0\":\"<instance: com.facebook.LoggingBehavior>\"}",
    "stack_trace": "java.lang.Exception\n\tat com.facebook.FacebookSdk.isLoggingBehaviorEnabled(Native Method)\n\tat com.facebook.internal.Logger.shouldLog(Logger.java:157)\n\tat com.facebook.internal.Logger.append(Logger.java:147)\n\tat com.facebook.internal.Logger.appendKeyValue(Logger.java:153)\n\tat com.facebook.GraphRequest.serializeToUrlConnection(GraphRequest.java:1654)\n\tat com.facebook.GraphRequest.toHttpConnection(GraphRequest.java:1047)\n\tat com.facebook.GraphRequest.executeBatchAndWait(GraphRequest.java:1132)\n\tat com.facebook.GraphRequest.executeBatchAndWait(GraphRequest.java:1109)\n\tat com.facebook.GraphRequest.executeBatchAndWait(GraphRequest.java:1093)\n\tat com.facebook.GraphRequest.executeAndWait(GraphRequest.java:1068)\n\tat com.facebook.GraphRequest.executeAndWait(GraphRequest.java:962)\n\tat com.facebook.internal.FetchedAppSettingsManager.getAppSettingsQueryResponse(FetchedAppSettingsManager.java:368)\n\tat com.facebook.internal.FetchedAppSettingsManager.queryAppSettings(FetchedAppSettingsManager.java:278)\n\tat com.facebook.UserSettingsManager$1.run(UserSettingsManager.java:156)\n\tat java.util.concurrent.ThreadPoolExecutor.runWorker(ThreadPoolExecutor.java:1137)\n\tat java.util.concurrent.ThreadPoolExecutor$Worker.run(ThreadPoolExecutor.java:637)\n\tat java.lang.Thread.run(Thread.java:1012)\n"
},
{
    "type": "log",
    "source": "class",
    "method": "isInitialized",
    "package_name": "com.fambase.venus",
    "class_name": "com.facebook.FacebookSdk",
    "timestamp": 1728283768300,
    "ref": "<class: com.facebook.FacebookSdk>",
    "arguments": "{}",
    "stack_trace": "java.lang.Exception\n\tat com.facebook.FacebookSdk.isInitialized(Native Method)\n\tat com.facebook.internal.Validate.sdkInitialized(Validate.java:134)\n\tat com.facebook.FacebookSdk.getApplicationId(FacebookSdk.java:909)\n\tat com.facebook.FacebookSdk.getApplicationId(Native Method)\n\tat com.facebook.internal.Utility.getMetadataApplicationId(Utility.java:444)\n\tat com.facebook.appevents.AppEventsLoggerImpl.<init>(AppEventsLoggerImpl.java:501)\n\tat com.facebook.appevents.AppEventsLoggerImpl.<init>(AppEventsLoggerImpl.java:483)\n\tat com.facebook.appevents.AppEventsLogger.<init>(AppEventsLogger.java:256)\n\tat com.facebook.appevents.AppEventsLogger.newLogger(AppEventsLogger.java:210)\n\tat com.facebook.FacebookSdk$8.call(FacebookSdk.java:410)\n\tat com.facebook.FacebookSdk$8.call(FacebookSdk.java:389)\n\tat java.util.concurrent.FutureTask.run(FutureTask.java:264)\n\tat java.util.concurrent.ThreadPoolExecutor.runWorker(ThreadPoolExecutor.java:1137)\n\tat java.util.concurrent.ThreadPoolExecutor$Worker.run(ThreadPoolExecutor.java:637)\n\tat java.lang.Thread.run(Thread.java:1012)\n"
},
{
    "type": "log",
    "source": "class",
    "method": "isDebugEnabled",
    "package_name": "com.fambase.venus",
    "class_name": "com.facebook.FacebookSdk",
    "timestamp": 1728283768317,
    "ref": "<class: com.facebook.FacebookSdk>",
    "arguments": "{}",
    "stack_trace": "java.lang.Exception\n\tat com.facebook.FacebookSdk.isDebugEnabled(Native Method)\n\tat com.facebook.FacebookSdk.isLoggingBehaviorEnabled(FacebookSdk.java:510)\n\tat com.facebook.FacebookSdk.isLoggingBehaviorEnabled(Native Method)\n\tat com.facebook.internal.Logger.shouldLog(Logger.java:157)\n\tat com.facebook.internal.Logger.append(Logger.java:147)\n\tat com.facebook.internal.Logger.appendKeyValue(Logger.java:153)\n\tat com.facebook.GraphRequest.serializeToUrlConnection(GraphRequest.java:1654)\n\tat com.facebook.GraphRequest.toHttpConnection(GraphRequest.java:1047)\n\tat com.facebook.GraphRequest.executeBatchAndWait(GraphRequest.java:1132)\n\tat com.facebook.GraphRequest.executeBatchAndWait(GraphRequest.java:1109)\n\tat com.facebook.GraphRequest.executeBatchAndWait(GraphRequest.java:1093)\n\tat com.facebook.GraphRequest.executeAndWait(GraphRequest.java:1068)\n\tat com.facebook.GraphRequest.executeAndWait(GraphRequest.java:962)\n\tat com.facebook.internal.FetchedAppSettingsManager.getAppSettingsQueryResponse(FetchedAppSettingsManager.java:368)\n\tat com.facebook.internal.FetchedAppSettingsManager.queryAppSettings(FetchedAppSettingsManager.java:278)\n\tat com.facebook.UserSettingsManager$1.run(UserSettingsManager.java:156)\n\tat java.util.concurrent.ThreadPoolExecutor.runWorker(ThreadPoolExecutor.java:1137)\n\tat java.util.concurrent.ThreadPoolExecutor$Worker.run(ThreadPoolExecutor.java:637)\n\tat java.lang.Thread.run(Thread.java:1012)\n"
},
{
    "type": "log",
    "source": "class",
    "method": "getExecutor",
    "package_name": "com.fambase.venus",
    "class_name": "com.facebook.FacebookSdk",
    "timestamp": 1728283768313,
    "ref": "<class: com.facebook.FacebookSdk>",
    "arguments": "{}",
    "stack_trace": "java.lang.Exception\n\tat com.facebook.FacebookSdk.getExecutor(Native Method)\n\tat com.facebook.internal.FetchedAppGateKeepersManager.loadAppGateKeepersAsync(FetchedAppGateKeepersManager.java:109)\n\tat com.facebook.internal.FetchedAppGateKeepersManager.loadAppGateKeepersAsync(FetchedAppGateKeepersManager.java:71)\n\tat com.facebook.internal.FetchedAppGateKeepersManager.getGateKeepersForApplication(FetchedAppGateKeepersManager.java:191)\n\tat com.facebook.internal.FetchedAppGateKeepersManager.getGateKeeperForKey(FetchedAppGateKeepersManager.java:212)\n\tat com.facebook.appevents.AppEventsLoggerImpl.logEvent(AppEventsLoggerImpl.java:577)\n\tat com.facebook.appevents.AppEventsLoggerImpl.logEventImplicitly(AppEventsLoggerImpl.java:543)\n\tat com.facebook.appevents.AppEventsLoggerImpl$1.run(AppEventsLoggerImpl.java:184)\n\tat java.util.concurrent.Executors$RunnableAdapter.call(Executors.java:463)\n\tat java.util.concurrent.FutureTask.run(FutureTask.java:264)\n\tat java.util.concurrent.ScheduledThreadPoolExecutor$ScheduledFutureTask.run(ScheduledThreadPoolExecutor.java:307)\n\tat java.util.concurrent.ThreadPoolExecutor.runWorker(ThreadPoolExecutor.java:1137)\n\tat java.util.concurrent.ThreadPoolExecutor$Worker.run(ThreadPoolExecutor.java:637)\n\tat java.lang.Thread.run(Thread.java:1012)\n"
},
{
    "type": "log",
    "source": "class",
    "method": "isLoggingBehaviorEnabled",
    "package_name": "com.fambase.venus",
    "class_name": "com.facebook.FacebookSdk",
    "timestamp": 1728283768330,
    "ref": "<class: com.facebook.FacebookSdk>",
    "arguments": "{\"0\":\"<instance: com.facebook.LoggingBehavior>\"}",
    "stack_trace": "java.lang.Exception\n\tat com.facebook.FacebookSdk.isLoggingBehaviorEnabled(Native Method)\n\tat com.facebook.internal.Logger.shouldLog(Logger.java:157)\n\tat com.facebook.internal.Logger.append(Logger.java:147)\n\tat com.facebook.internal.Logger.appendKeyValue(Logger.java:153)\n\tat com.facebook.GraphRequest.serializeToUrlConnection(GraphRequest.java:1655)\n\tat com.facebook.GraphRequest.toHttpConnection(GraphRequest.java:1047)\n\tat com.facebook.GraphRequest.executeBatchAndWait(GraphRequest.java:1132)\n\tat com.facebook.GraphRequest.executeBatchAndWait(GraphRequest.java:1109)\n\tat com.facebook.GraphRequest.executeBatchAndWait(GraphRequest.java:1093)\n\tat com.facebook.GraphRequest.executeAndWait(GraphRequest.java:1068)\n\tat com.facebook.GraphRequest.executeAndWait(GraphRequest.java:962)\n\tat com.facebook.internal.FetchedAppSettingsManager.getAppSettingsQueryResponse(FetchedAppSettingsManager.java:368)\n\tat com.facebook.internal.FetchedAppSettingsManager.queryAppSettings(FetchedAppSettingsManager.java:278)\n\tat com.facebook.UserSettingsManager$1.run(UserSettingsManager.java:156)\n\tat java.util.concurrent.ThreadPoolExecutor.runWorker(ThreadPoolExecutor.java:1137)\n\tat java.util.concurrent.ThreadPoolExecutor$Worker.run(ThreadPoolExecutor.java:637)\n\tat java.lang.Thread.run(Thread.java:1012)\n"
},
{
    "type": "log",
    "source": "class",
    "method": "isDebugEnabled",
    "package_name": "com.fambase.venus",
    "class_name": "com.facebook.FacebookSdk",
    "timestamp": 1728283768346,
    "ref": "<class: com.facebook.FacebookSdk>",
    "arguments": "{}",
    "stack_trace": "java.lang.Exception\n\tat com.facebook.FacebookSdk.isDebugEnabled(Native Method)\n\tat com.facebook.FacebookSdk.isLoggingBehaviorEnabled(FacebookSdk.java:510)\n\tat com.facebook.FacebookSdk.isLoggingBehaviorEnabled(Native Method)\n\tat com.facebook.internal.Logger.shouldLog(Logger.java:157)\n\tat com.facebook.internal.Logger.append(Logger.java:147)\n\tat com.facebook.internal.Logger.appendKeyValue(Logger.java:153)\n\tat com.facebook.GraphRequest.serializeToUrlConnection(GraphRequest.java:1655)\n\tat com.facebook.GraphRequest.toHttpConnection(GraphRequest.java:1047)\n\tat com.facebook.GraphRequest.executeBatchAndWait(GraphRequest.java:1132)\n\tat com.facebook.GraphRequest.executeBatchAndWait(GraphRequest.java:1109)\n\tat com.facebook.GraphRequest.executeBatchAndWait(GraphRequest.java:1093)\n\tat com.facebook.GraphRequest.executeAndWait(GraphRequest.java:1068)\n\tat com.facebook.GraphRequest.executeAndWait(GraphRequest.java:962)\n\tat com.facebook.internal.FetchedAppSettingsManager.getAppSettingsQueryResponse(FetchedAppSettingsManager.java:368)\n\tat com.facebook.internal.FetchedAppSettingsManager.queryAppSettings(FetchedAppSettingsManager.java:278)\n\tat com.facebook.UserSettingsManager$1.run(UserSettingsManager.java:156)\n\tat java.util.concurrent.ThreadPoolExecutor.runWorker(ThreadPoolExecutor.java:1137)\n\tat java.util.concurrent.ThreadPoolExecutor$Worker.run(ThreadPoolExecutor.java:637)\n\tat java.lang.Thread.run(Thread.java:1012)\n"
},
{
    "type": "log",
    "source": "class",
    "method": "isLoggingBehaviorEnabled",
    "package_name": "com.fambase.venus",
    "class_name": "com.facebook.FacebookSdk",
    "timestamp": 1728283768358,
    "ref": "<class: com.facebook.FacebookSdk>",
    "arguments": "{\"0\":\"<instance: com.facebook.LoggingBehavior>\"}",
    "stack_trace": "java.lang.Exception\n\tat com.facebook.FacebookSdk.isLoggingBehaviorEnabled(Native Method)\n\tat com.facebook.internal.Logger.shouldLog(Logger.java:157)\n\tat com.facebook.internal.Logger.append(Logger.java:147)\n\tat com.facebook.internal.Logger.appendKeyValue(Logger.java:153)\n\tat com.facebook.GraphRequest.serializeToUrlConnection(GraphRequest.java:1656)\n\tat com.facebook.GraphRequest.toHttpConnection(GraphRequest.java:1047)\n\tat com.facebook.GraphRequest.executeBatchAndWait(GraphRequest.java:1132)\n\tat com.facebook.GraphRequest.executeBatchAndWait(GraphRequest.java:1109)\n\tat com.facebook.GraphRequest.executeBatchAndWait(GraphRequest.java:1093)\n\tat com.facebook.GraphRequest.executeAndWait(GraphRequest.java:1068)\n\tat com.facebook.GraphRequest.executeAndWait(GraphRequest.java:962)\n\tat com.facebook.internal.FetchedAppSettingsManager.getAppSettingsQueryResponse(FetchedAppSettingsManager.java:368)\n\tat com.facebook.internal.FetchedAppSettingsManager.queryAppSettings(FetchedAppSettingsManager.java:278)\n\tat com.facebook.UserSettingsManager$1.run(UserSettingsManager.java:156)\n\tat java.util.concurrent.ThreadPoolExecutor.runWorker(ThreadPoolExecutor.java:1137)\n\tat java.util.concurrent.ThreadPoolExecutor$Worker.run(ThreadPoolExecutor.java:637)\n\tat java.lang.Thread.run(Thread.java:1012)\n"
},
{
    "type": "log",
    "source": "class",
    "method": "isDebugEnabled",
    "package_name": "com.fambase.venus",
    "class_name": "com.facebook.FacebookSdk",
    "timestamp": 1728283768366,
    "ref": "<class: com.facebook.FacebookSdk>",
    "arguments": "{}",
    "stack_trace": "java.lang.Exception\n\tat com.facebook.FacebookSdk.isDebugEnabled(Native Method)\n\tat com.facebook.FacebookSdk.isLoggingBehaviorEnabled(FacebookSdk.java:510)\n\tat com.facebook.FacebookSdk.isLoggingBehaviorEnabled(Native Method)\n\tat com.facebook.internal.Logger.shouldLog(Logger.java:157)\n\tat com.facebook.internal.Logger.append(Logger.java:147)\n\tat com.facebook.internal.Logger.appendKeyValue(Logger.java:153)\n\tat com.facebook.GraphRequest.serializeToUrlConnection(GraphRequest.java:1656)\n\tat com.facebook.GraphRequest.toHttpConnection(GraphRequest.java:1047)\n\tat com.facebook.GraphRequest.executeBatchAndWait(GraphRequest.java:1132)\n\tat com.facebook.GraphRequest.executeBatchAndWait(GraphRequest.java:1109)\n\tat com.facebook.GraphRequest.executeBatchAndWait(GraphRequest.java:1093)\n\tat com.facebook.GraphRequest.executeAndWait(GraphRequest.java:1068)\n\tat com.facebook.GraphRequest.executeAndWait(GraphRequest.java:962)\n\tat com.facebook.internal.FetchedAppSettingsManager.getAppSettingsQueryResponse(FetchedAppSettingsManager.java:368)\n\tat com.facebook.internal.FetchedAppSettingsManager.queryAppSettings(FetchedAppSettingsManager.java:278)\n\tat com.facebook.UserSettingsManager$1.run(UserSettingsManager.java:156)\n\tat java.util.concurrent.ThreadPoolExecutor.runWorker(ThreadPoolExecutor.java:1137)\n\tat java.util.concurrent.ThreadPoolExecutor$Worker.run(ThreadPoolExecutor.java:637)\n\tat java.lang.Thread.run(Thread.java:1012)\n"
},
{
    "type": "log",
    "source": "class",
    "method": "isLoggingBehaviorEnabled",
    "package_name": "com.fambase.venus",
    "class_name": "com.facebook.FacebookSdk",
    "timestamp": 1728283768376,
    "ref": "<class: com.facebook.FacebookSdk>",
    "arguments": "{\"0\":\"<instance: com.facebook.LoggingBehavior>\"}",
    "stack_trace": "java.lang.Exception\n\tat com.facebook.FacebookSdk.isLoggingBehaviorEnabled(Native Method)\n\tat com.facebook.internal.Logger.shouldLog(Logger.java:157)\n\tat com.facebook.internal.Logger.append(Logger.java:147)\n\tat com.facebook.internal.Logger.appendKeyValue(Logger.java:153)\n\tat com.facebook.GraphRequest.serializeToUrlConnection(GraphRequest.java:1657)\n\tat com.facebook.GraphRequest.toHttpConnection(GraphRequest.java:1047)\n\tat com.facebook.GraphRequest.executeBatchAndWait(GraphRequest.java:1132)\n\tat com.facebook.GraphRequest.executeBatchAndWait(GraphRequest.java:1109)\n\tat com.facebook.GraphRequest.executeBatchAndWait(GraphRequest.java:1093)\n\tat com.facebook.GraphRequest.executeAndWait(GraphRequest.java:1068)\n\tat com.facebook.GraphRequest.executeAndWait(GraphRequest.java:962)\n\tat com.facebook.internal.FetchedAppSettingsManager.getAppSettingsQueryResponse(FetchedAppSettingsManager.java:368)\n\tat com.facebook.internal.FetchedAppSettingsManager.queryAppSettings(FetchedAppSettingsManager.java:278)\n\tat com.facebook.UserSettingsManager$1.run(UserSettingsManager.java:156)\n\tat java.util.concurrent.ThreadPoolExecutor.runWorker(ThreadPoolExecutor.java:1137)\n\tat java.util.concurrent.ThreadPoolExecutor$Worker.run(ThreadPoolExecutor.java:637)\n\tat java.lang.Thread.run(Thread.java:1012)\n"
},
{
    "type": "log",
    "source": "class",
    "method": "isDebugEnabled",
    "package_name": "com.fambase.venus",
    "class_name": "com.facebook.FacebookSdk",
    "timestamp": 1728283768385,
    "ref": "<class: com.facebook.FacebookSdk>",
    "arguments": "{}",
    "stack_trace": "java.lang.Exception\n\tat com.facebook.FacebookSdk.isDebugEnabled(Native Method)\n\tat com.facebook.FacebookSdk.isLoggingBehaviorEnabled(FacebookSdk.java:510)\n\tat com.facebook.FacebookSdk.isLoggingBehaviorEnabled(Native Method)\n\tat com.facebook.internal.Logger.shouldLog(Logger.java:157)\n\tat com.facebook.internal.Logger.append(Logger.java:147)\n\tat com.facebook.internal.Logger.appendKeyValue(Logger.java:153)\n\tat com.facebook.GraphRequest.serializeToUrlConnection(GraphRequest.java:1657)\n\tat com.facebook.GraphRequest.toHttpConnection(GraphRequest.java:1047)\n\tat com.facebook.GraphRequest.executeBatchAndWait(GraphRequest.java:1132)\n\tat com.facebook.GraphRequest.executeBatchAndWait(GraphRequest.java:1109)\n\tat com.facebook.GraphRequest.executeBatchAndWait(GraphRequest.java:1093)\n\tat com.facebook.GraphRequest.executeAndWait(GraphRequest.java:1068)\n\tat com.facebook.GraphRequest.executeAndWait(GraphRequest.java:962)\n\tat com.facebook.internal.FetchedAppSettingsManager.getAppSettingsQueryResponse(FetchedAppSettingsManager.java:368)\n\tat com.facebook.internal.FetchedAppSettingsManager.queryAppSettings(FetchedAppSettingsManager.java:278)\n\tat com.facebook.UserSettingsManager$1.run(UserSettingsManager.java:156)\n\tat java.util.concurrent.ThreadPoolExecutor.runWorker(ThreadPoolExecutor.java:1137)\n\tat java.util.concurrent.ThreadPoolExecutor$Worker.run(ThreadPoolExecutor.java:637)\n\tat java.lang.Thread.run(Thread.java:1012)\n"
},
{
    "type": "log",
    "source": "class",
    "method": "isLoggingBehaviorEnabled",
    "package_name": "com.fambase.venus",
    "class_name": "com.facebook.FacebookSdk",
    "timestamp": 1728283768393,
    "ref": "<class: com.facebook.FacebookSdk>",
    "arguments": "{\"0\":\"<instance: com.facebook.LoggingBehavior>\"}",
    "stack_trace": "java.lang.Exception\n\tat com.facebook.FacebookSdk.isLoggingBehaviorEnabled(Native Method)\n\tat com.facebook.internal.Logger.log(Logger.java:78)\n\tat com.facebook.internal.Logger.logString(Logger.java:131)\n\tat com.facebook.internal.Logger.log(Logger.java:125)\n\tat com.facebook.GraphRequest.serializeToUrlConnection(GraphRequest.java:1666)\n\tat com.facebook.GraphRequest.toHttpConnection(GraphRequest.java:1047)\n\tat com.facebook.GraphRequest.executeBatchAndWait(GraphRequest.java:1132)\n\tat com.facebook.GraphRequest.executeBatchAndWait(GraphRequest.java:1109)\n\tat com.facebook.GraphRequest.executeBatchAndWait(GraphRequest.java:1093)\n\tat com.facebook.GraphRequest.executeAndWait(GraphRequest.java:1068)\n\tat com.facebook.GraphRequest.executeAndWait(GraphRequest.java:962)\n\tat com.facebook.internal.FetchedAppSettingsManager.getAppSettingsQueryResponse(FetchedAppSettingsManager.java:368)\n\tat com.facebook.internal.FetchedAppSettingsManager.queryAppSettings(FetchedAppSettingsManager.java:278)\n\tat com.facebook.UserSettingsManager$1.run(UserSettingsManager.java:156)\n\tat java.util.concurrent.ThreadPoolExecutor.runWorker(ThreadPoolExecutor.java:1137)\n\tat java.util.concurrent.ThreadPoolExecutor$Worker.run(ThreadPoolExecutor.java:637)\n\tat java.lang.Thread.run(Thread.java:1012)\n"
},
{
    "type": "log",
    "source": "class",
    "method": "isDebugEnabled",
    "package_name": "com.fambase.venus",
    "class_name": "com.facebook.FacebookSdk",
    "timestamp": 1728283768401,
    "ref": "<class: com.facebook.FacebookSdk>",
    "arguments": "{}",
    "stack_trace": "java.lang.Exception\n\tat com.facebook.FacebookSdk.isDebugEnabled(Native Method)\n\tat com.facebook.FacebookSdk.isLoggingBehaviorEnabled(FacebookSdk.java:510)\n\tat com.facebook.FacebookSdk.isLoggingBehaviorEnabled(Native Method)\n\tat com.facebook.internal.Logger.log(Logger.java:78)\n\tat com.facebook.internal.Logger.logString(Logger.java:131)\n\tat com.facebook.internal.Logger.log(Logger.java:125)\n\tat com.facebook.GraphRequest.serializeToUrlConnection(GraphRequest.java:1666)\n\tat com.facebook.GraphRequest.toHttpConnection(GraphRequest.java:1047)\n\tat com.facebook.GraphRequest.executeBatchAndWait(GraphRequest.java:1132)\n\tat com.facebook.GraphRequest.executeBatchAndWait(GraphRequest.java:1109)\n\tat com.facebook.GraphRequest.executeBatchAndWait(GraphRequest.java:1093)\n\tat com.facebook.GraphRequest.executeAndWait(GraphRequest.java:1068)\n\tat com.facebook.GraphRequest.executeAndWait(GraphRequest.java:962)\n\tat com.facebook.internal.FetchedAppSettingsManager.getAppSettingsQueryResponse(FetchedAppSettingsManager.java:368)\n\tat com.facebook.internal.FetchedAppSettingsManager.queryAppSettings(FetchedAppSettingsManager.java:278)\n\tat com.facebook.UserSettingsManager$1.run(UserSettingsManager.java:156)\n\tat java.util.concurrent.ThreadPoolExecutor.runWorker(ThreadPoolExecutor.java:1137)\n\tat java.util.concurrent.ThreadPoolExecutor$Worker.run(ThreadPoolExecutor.java:637)\n\tat java.lang.Thread.run(Thread.java:1012)\n"
},
{
    "type": "log",
    "source": "class",
    "method": "isFullyInitialized",
    "package_name": "com.fambase.venus",
    "class_name": "com.facebook.FacebookSdk",
    "timestamp": 1728283768406,
    "ref": "<class: com.facebook.FacebookSdk>",
    "arguments": "{}",
    "stack_trace": "java.lang.Exception\n\tat com.facebook.FacebookSdk.isFullyInitialized(Native Method)\n\tat com.facebook.GraphResponse.fromHttpConnection(GraphResponse.java:243)\n\tat com.facebook.GraphRequest.executeConnectionAndWait(GraphRequest.java:1238)\n\tat com.facebook.GraphRequest.executeBatchAndWait(GraphRequest.java:1141)\n\tat com.facebook.GraphRequest.executeBatchAndWait(GraphRequest.java:1109)\n\tat com.facebook.GraphRequest.executeBatchAndWait(GraphRequest.java:1093)\n\tat com.facebook.GraphRequest.executeAndWait(GraphRequest.java:1068)\n\tat com.facebook.GraphRequest.executeAndWait(GraphRequest.java:962)\n\tat com.facebook.internal.FetchedAppSettingsManager.getAppSettingsQueryResponse(FetchedAppSettingsManager.java:368)\n\tat com.facebook.internal.FetchedAppSettingsManager.queryAppSettings(FetchedAppSettingsManager.java:278)\n\tat com.facebook.UserSettingsManager$1.run(UserSettingsManager.java:156)\n\tat java.util.concurrent.ThreadPoolExecutor.runWorker(ThreadPoolExecutor.java:1137)\n\tat java.util.concurrent.ThreadPoolExecutor$Worker.run(ThreadPoolExecutor.java:637)\n\tat java.lang.Thread.run(Thread.java:1012)\n"
},
{
    "type": "log",
    "source": "class",
    "method": "isLoggingBehaviorEnabled",
    "package_name": "com.fambase.venus",
    "class_name": "com.facebook.FacebookSdk",
    "timestamp": 1728283769134,
    "ref": "<class: com.facebook.FacebookSdk>",
    "arguments": "{\"0\":\"<instance: com.facebook.LoggingBehavior>\"}",
    "stack_trace": "java.lang.Exception\n\tat com.facebook.FacebookSdk.isLoggingBehaviorEnabled(Native Method)\n\tat com.facebook.internal.Logger.log(Logger.java:63)\n\tat com.facebook.GraphResponse.createResponsesFromStream(GraphResponse.java:277)\n\tat com.facebook.GraphResponse.fromHttpConnection(GraphResponse.java:255)\n\tat com.facebook.GraphRequest.executeConnectionAndWait(GraphRequest.java:1238)\n\tat com.facebook.GraphRequest.executeBatchAndWait(GraphRequest.java:1141)\n\tat com.facebook.GraphRequest.executeBatchAndWait(GraphRequest.java:1109)\n\tat com.facebook.GraphRequest.executeBatchAndWait(GraphRequest.java:1093)\n\tat com.facebook.GraphRequest.executeAndWait(GraphRequest.java:1068)\n\tat com.facebook.GraphRequest.executeAndWait(GraphRequest.java:962)\n\tat com.facebook.internal.FetchedAppGateKeepersManager.getAppGateKeepersQueryResponse(FetchedAppGateKeepersManager.java:239)\n\tat com.facebook.internal.FetchedAppGateKeepersManager.access$000(FetchedAppGateKeepersManager.java:49)\n\tat com.facebook.internal.FetchedAppGateKeepersManager$1.run(FetchedAppGateKeepersManager.java:122)\n\tat java.util.concurrent.ThreadPoolExecutor.runWorker(ThreadPoolExecutor.java:1137)\n\tat java.util.concurrent.ThreadPoolExecutor$Worker.run(ThreadPoolExecutor.java:637)\n\tat java.lang.Thread.run(Thread.java:1012)\n"
},
{
    "type": "log",
    "source": "class",
    "method": "isLoggingBehaviorEnabled",
    "package_name": "com.fambase.venus",
    "class_name": "com.facebook.FacebookSdk",
    "timestamp": 1728283769133,
    "ref": "<class: com.facebook.FacebookSdk>",
    "arguments": "{\"0\":\"<instance: com.facebook.LoggingBehavior>\"}",
    "stack_trace": "java.lang.Exception\n\tat com.facebook.FacebookSdk.isLoggingBehaviorEnabled(Native Method)\n\tat com.facebook.internal.Logger.log(Logger.java:63)\n\tat com.facebook.GraphResponse.createResponsesFromStream(GraphResponse.java:277)\n\tat com.facebook.GraphResponse.fromHttpConnection(GraphResponse.java:255)\n\tat com.facebook.GraphRequest.executeConnectionAndWait(GraphRequest.java:1238)\n\tat com.facebook.GraphRequest.executeBatchAndWait(GraphRequest.java:1141)\n\tat com.facebook.GraphRequest.executeBatchAndWait(GraphRequest.java:1109)\n\tat com.facebook.GraphRequest.executeBatchAndWait(GraphRequest.java:1093)\n\tat com.facebook.GraphRequest.executeAndWait(GraphRequest.java:1068)\n\tat com.facebook.GraphRequest.executeAndWait(GraphRequest.java:962)\n\tat com.facebook.internal.FetchedAppSettingsManager.getAppSettingsQueryResponse(FetchedAppSettingsManager.java:368)\n\tat com.facebook.internal.FetchedAppSettingsManager.access$000(FetchedAppSettingsManager.java:59)\n\tat com.facebook.internal.FetchedAppSettingsManager$1.run(FetchedAppSettingsManager.java:177)\n\tat java.util.concurrent.ThreadPoolExecutor.runWorker(ThreadPoolExecutor.java:1137)\n\tat java.util.concurrent.ThreadPoolExecutor$Worker.run(ThreadPoolExecutor.java:637)\n\tat java.lang.Thread.run(Thread.java:1012)\n"
},
{
    "type": "log",
    "source": "class",
    "method": "isDebugEnabled",
    "package_name": "com.fambase.venus",
    "class_name": "com.facebook.FacebookSdk",
    "timestamp": 1728283769138,
    "ref": "<class: com.facebook.FacebookSdk>",
    "arguments": "{}",
    "stack_trace": "java.lang.Exception\n\tat com.facebook.FacebookSdk.isDebugEnabled(Native Method)\n\tat com.facebook.FacebookSdk.isLoggingBehaviorEnabled(FacebookSdk.java:510)\n\tat com.facebook.FacebookSdk.isLoggingBehaviorEnabled(Native Method)\n\tat com.facebook.internal.Logger.log(Logger.java:63)\n\tat com.facebook.GraphResponse.createResponsesFromStream(GraphResponse.java:277)\n\tat com.facebook.GraphResponse.fromHttpConnection(GraphResponse.java:255)\n\tat com.facebook.GraphRequest.executeConnectionAndWait(GraphRequest.java:1238)\n\tat com.facebook.GraphRequest.executeBatchAndWait(GraphRequest.java:1141)\n\tat com.facebook.GraphRequest.executeBatchAndWait(GraphRequest.java:1109)\n\tat com.facebook.GraphRequest.executeBatchAndWait(GraphRequest.java:1093)\n\tat com.facebook.GraphRequest.executeAndWait(GraphRequest.java:1068)\n\tat com.facebook.GraphRequest.executeAndWait(GraphRequest.java:962)\n\tat com.facebook.internal.FetchedAppGateKeepersManager.getAppGateKeepersQueryResponse(FetchedAppGateKeepersManager.java:239)\n\tat com.facebook.internal.FetchedAppGateKeepersManager.access$000(FetchedAppGateKeepersManager.java:49)\n\tat com.facebook.internal.FetchedAppGateKeepersManager$1.run(FetchedAppGateKeepersManager.java:122)\n\tat java.util.concurrent.ThreadPoolExecutor.runWorker(ThreadPoolExecutor.java:1137)\n\tat java.util.concurrent.ThreadPoolExecutor$Worker.run(ThreadPoolExecutor.java:637)\n\tat java.lang.Thread.run(Thread.java:1012)\n"
},
{
    "type": "log",
    "source": "class",
    "method": "isDebugEnabled",
    "package_name": "com.fambase.venus",
    "class_name": "com.facebook.FacebookSdk",
    "timestamp": 1728283769141,
    "ref": "<class: com.facebook.FacebookSdk>",
    "arguments": "{}",
    "stack_trace": "java.lang.Exception\n\tat com.facebook.FacebookSdk.isDebugEnabled(Native Method)\n\tat com.facebook.FacebookSdk.isLoggingBehaviorEnabled(FacebookSdk.java:510)\n\tat com.facebook.FacebookSdk.isLoggingBehaviorEnabled(Native Method)\n\tat com.facebook.internal.Logger.log(Logger.java:63)\n\tat com.facebook.GraphResponse.createResponsesFromStream(GraphResponse.java:277)\n\tat com.facebook.GraphResponse.fromHttpConnection(GraphResponse.java:255)\n\tat com.facebook.GraphRequest.executeConnectionAndWait(GraphRequest.java:1238)\n\tat com.facebook.GraphRequest.executeBatchAndWait(GraphRequest.java:1141)\n\tat com.facebook.GraphRequest.executeBatchAndWait(GraphRequest.java:1109)\n\tat com.facebook.GraphRequest.executeBatchAndWait(GraphRequest.java:1093)\n\tat com.facebook.GraphRequest.executeAndWait(GraphRequest.java:1068)\n\tat com.facebook.GraphRequest.executeAndWait(GraphRequest.java:962)\n\tat com.facebook.internal.FetchedAppSettingsManager.getAppSettingsQueryResponse(FetchedAppSettingsManager.java:368)\n\tat com.facebook.internal.FetchedAppSettingsManager.access$000(FetchedAppSettingsManager.java:59)\n\tat com.facebook.internal.FetchedAppSettingsManager$1.run(FetchedAppSettingsManager.java:177)\n\tat java.util.concurrent.ThreadPoolExecutor.runWorker(ThreadPoolExecutor.java:1137)\n\tat java.util.concurrent.ThreadPoolExecutor$Worker.run(ThreadPoolExecutor.java:637)\n\tat java.lang.Thread.run(Thread.java:1012)\n"
},
{
    "type": "log",
    "source": "class",
    "method": "isLoggingBehaviorEnabled",
    "package_name": "com.fambase.venus",
    "class_name": "com.facebook.FacebookSdk",
    "timestamp": 1728283769158,
    "ref": "<class: com.facebook.FacebookSdk>",
    "arguments": "{\"0\":\"<instance: com.facebook.LoggingBehavior>\"}",
    "stack_trace": "java.lang.Exception\n\tat com.facebook.FacebookSdk.isLoggingBehaviorEnabled(Native Method)\n\tat com.facebook.internal.Logger.log(Logger.java:63)\n\tat com.facebook.GraphResponse.createResponsesFromString(GraphResponse.java:294)\n\tat com.facebook.GraphResponse.createResponsesFromStream(GraphResponse.java:284)\n\tat com.facebook.GraphResponse.fromHttpConnection(GraphResponse.java:255)\n\tat com.facebook.GraphRequest.executeConnectionAndWait(GraphRequest.java:1238)\n\tat com.facebook.GraphRequest.executeBatchAndWait(GraphRequest.java:1141)\n\tat com.facebook.GraphRequest.executeBatchAndWait(GraphRequest.java:1109)\n\tat com.facebook.GraphRequest.executeBatchAndWait(GraphRequest.java:1093)\n\tat com.facebook.GraphRequest.executeAndWait(GraphRequest.java:1068)\n\tat com.facebook.GraphRequest.executeAndWait(GraphRequest.java:962)\n\tat com.facebook.internal.FetchedAppSettingsManager.getAppSettingsQueryResponse(FetchedAppSettingsManager.java:368)\n\tat com.facebook.internal.FetchedAppSettingsManager.access$000(FetchedAppSettingsManager.java:59)\n\tat com.facebook.internal.FetchedAppSettingsManager$1.run(FetchedAppSettingsManager.java:177)\n\tat java.util.concurrent.ThreadPoolExecutor.runWorker(ThreadPoolExecutor.java:1137)\n\tat java.util.concurrent.ThreadPoolExecutor$Worker.run(ThreadPoolExecutor.java:637)\n\tat java.lang.Thread.run(Thread.java:1012)\n"
},
{
    "type": "log",
    "source": "class",
    "method": "isDebugEnabled",
    "package_name": "com.fambase.venus",
    "class_name": "com.facebook.FacebookSdk",
    "timestamp": 1728283769161,
    "ref": "<class: com.facebook.FacebookSdk>",
    "arguments": "{}",
    "stack_trace": "java.lang.Exception\n\tat com.facebook.FacebookSdk.isDebugEnabled(Native Method)\n\tat com.facebook.FacebookSdk.isLoggingBehaviorEnabled(FacebookSdk.java:510)\n\tat com.facebook.FacebookSdk.isLoggingBehaviorEnabled(Native Method)\n\tat com.facebook.internal.Logger.log(Logger.java:63)\n\tat com.facebook.GraphResponse.createResponsesFromString(GraphResponse.java:294)\n\tat com.facebook.GraphResponse.createResponsesFromStream(GraphResponse.java:284)\n\tat com.facebook.GraphResponse.fromHttpConnection(GraphResponse.java:255)\n\tat com.facebook.GraphRequest.executeConnectionAndWait(GraphRequest.java:1238)\n\tat com.facebook.GraphRequest.executeBatchAndWait(GraphRequest.java:1141)\n\tat com.facebook.GraphRequest.executeBatchAndWait(GraphRequest.java:1109)\n\tat com.facebook.GraphRequest.executeBatchAndWait(GraphRequest.java:1093)\n\tat com.facebook.GraphRequest.executeAndWait(GraphRequest.java:1068)\n\tat com.facebook.GraphRequest.executeAndWait(GraphRequest.java:962)\n\tat com.facebook.internal.FetchedAppSettingsManager.getAppSettingsQueryResponse(FetchedAppSettingsManager.java:368)\n\tat com.facebook.internal.FetchedAppSettingsManager.access$000(FetchedAppSettingsManager.java:59)\n\tat com.facebook.internal.FetchedAppSettingsManager$1.run(FetchedAppSettingsManager.java:177)\n\tat java.util.concurrent.ThreadPoolExecutor.runWorker(ThreadPoolExecutor.java:1137)\n\tat java.util.concurrent.ThreadPoolExecutor$Worker.run(ThreadPoolExecutor.java:637)\n\tat java.lang.Thread.run(Thread.java:1012)\n"
},
{
    "type": "log",
    "source": "class",
    "method": "getSdkVersion",
    "package_name": "com.fambase.venus",
    "class_name": "com.facebook.FacebookSdk",
    "timestamp": 1728283769172,
    "ref": "<class: com.facebook.FacebookSdk>",
    "arguments": "{}",
    "stack_trace": "java.lang.Exception\n\tat com.facebook.FacebookSdk.getSdkVersion(Native Method)\n\tat com.facebook.internal.FetchedAppGateKeepersManager.getAppGateKeepersQueryResponse(FetchedAppGateKeepersManager.java:230)\n\tat com.facebook.internal.FetchedAppGateKeepersManager.queryAppGateKeepers(FetchedAppGateKeepersManager.java:169)\n\tat com.facebook.internal.FetchedAppSettingsManager$1.run(FetchedAppSettingsManager.java:196)\n\tat java.util.concurrent.ThreadPoolExecutor.runWorker(ThreadPoolExecutor.java:1137)\n\tat java.util.concurrent.ThreadPoolExecutor$Worker.run(ThreadPoolExecutor.java:637)\n\tat java.lang.Thread.run(Thread.java:1012)\n"
},
{
    "type": "log",
    "source": "class",
    "method": "isLoggingBehaviorEnabled",
    "package_name": "com.fambase.venus",
    "class_name": "com.facebook.FacebookSdk",
    "timestamp": 1728283769175,
    "ref": "<class: com.facebook.FacebookSdk>",
    "arguments": "{\"0\":\"<instance: com.facebook.LoggingBehavior>\"}",
    "stack_trace": "java.lang.Exception\n\tat com.facebook.FacebookSdk.isLoggingBehaviorEnabled(Native Method)\n\tat com.facebook.GraphRequest.setCallback(GraphRequest.java:880)\n\tat com.facebook.GraphRequest.<init>(GraphRequest.java:252)\n\tat com.facebook.GraphRequest.<init>(GraphRequest.java:219)\n\tat com.facebook.GraphRequest.newGraphPathRequest(GraphRequest.java:368)\n\tat com.facebook.internal.FetchedAppGateKeepersManager.getAppGateKeepersQueryResponse(FetchedAppGateKeepersManager.java:234)\n\tat com.facebook.internal.FetchedAppGateKeepersManager.queryAppGateKeepers(FetchedAppGateKeepersManager.java:169)\n\tat com.facebook.internal.FetchedAppSettingsManager$1.run(FetchedAppSettingsManager.java:196)\n\tat java.util.concurrent.ThreadPoolExecutor.runWorker(ThreadPoolExecutor.java:1137)\n\tat java.util.concurrent.ThreadPoolExecutor$Worker.run(ThreadPoolExecutor.java:637)\n\tat java.lang.Thread.run(Thread.java:1012)\n"
},
{
    "type": "log",
    "source": "class",
    "method": "isDebugEnabled",
    "package_name": "com.fambase.venus",
    "class_name": "com.facebook.FacebookSdk",
    "timestamp": 1728283769179,
    "ref": "<class: com.facebook.FacebookSdk>",
    "arguments": "{}",
    "stack_trace": "java.lang.Exception\n\tat com.facebook.FacebookSdk.isDebugEnabled(Native Method)\n\tat com.facebook.FacebookSdk.isLoggingBehaviorEnabled(FacebookSdk.java:510)\n\tat com.facebook.FacebookSdk.isLoggingBehaviorEnabled(Native Method)\n\tat com.facebook.GraphRequest.setCallback(GraphRequest.java:880)\n\tat com.facebook.GraphRequest.<init>(GraphRequest.java:252)\n\tat com.facebook.GraphRequest.<init>(GraphRequest.java:219)\n\tat com.facebook.GraphRequest.newGraphPathRequest(GraphRequest.java:368)\n\tat com.facebook.internal.FetchedAppGateKeepersManager.getAppGateKeepersQueryResponse(FetchedAppGateKeepersManager.java:234)\n\tat com.facebook.internal.FetchedAppGateKeepersManager.queryAppGateKeepers(FetchedAppGateKeepersManager.java:169)\n\tat com.facebook.internal.FetchedAppSettingsManager$1.run(FetchedAppSettingsManager.java:196)\n\tat java.util.concurrent.ThreadPoolExecutor.runWorker(ThreadPoolExecutor.java:1137)\n\tat java.util.concurrent.ThreadPoolExecutor$Worker.run(ThreadPoolExecutor.java:637)\n\tat java.lang.Thread.run(Thread.java:1012)\n"
},
{
    "type": "log",
    "source": "class",
    "method": "isLoggingBehaviorEnabled",
    "package_name": "com.fambase.venus",
    "class_name": "com.facebook.FacebookSdk",
    "timestamp": 1728283769182,
    "ref": "<class: com.facebook.FacebookSdk>",
    "arguments": "{\"0\":\"<instance: com.facebook.LoggingBehavior>\"}",
    "stack_trace": "java.lang.Exception\n\tat com.facebook.FacebookSdk.isLoggingBehaviorEnabled(Native Method)\n\tat com.facebook.internal.Logger.log(Logger.java:63)\n\tat com.facebook.GraphResponse.createResponsesFromString(GraphResponse.java:294)\n\tat com.facebook.GraphResponse.createResponsesFromStream(GraphResponse.java:284)\n\tat com.facebook.GraphResponse.fromHttpConnection(GraphResponse.java:255)\n\tat com.facebook.GraphRequest.executeConnectionAndWait(GraphRequest.java:1238)\n\tat com.facebook.GraphRequest.executeBatchAndWait(GraphRequest.java:1141)\n\tat com.facebook.GraphRequest.executeBatchAndWait(GraphRequest.java:1109)\n\tat com.facebook.GraphRequest.executeBatchAndWait(GraphRequest.java:1093)\n\tat com.facebook.GraphRequest.executeAndWait(GraphRequest.java:1068)\n\tat com.facebook.GraphRequest.executeAndWait(GraphRequest.java:962)\n\tat com.facebook.internal.FetchedAppGateKeepersManager.getAppGateKeepersQueryResponse(FetchedAppGateKeepersManager.java:239)\n\tat com.facebook.internal.FetchedAppGateKeepersManager.access$000(FetchedAppGateKeepersManager.java:49)\n\tat com.facebook.internal.FetchedAppGateKeepersManager$1.run(FetchedAppGateKeepersManager.java:122)\n\tat java.util.concurrent.ThreadPoolExecutor.runWorker(ThreadPoolExecutor.java:1137)\n\tat java.util.concurrent.ThreadPoolExecutor$Worker.run(ThreadPoolExecutor.java:637)\n\tat java.lang.Thread.run(Thread.java:1012)\n"
},
{
    "type": "log",
    "source": "class",
    "method": "isDebugEnabled",
    "package_name": "com.fambase.venus",
    "class_name": "com.facebook.FacebookSdk",
    "timestamp": 1728283769186,
    "ref": "<class: com.facebook.FacebookSdk>",
    "arguments": "{}",
    "stack_trace": "java.lang.Exception\n\tat com.facebook.FacebookSdk.isDebugEnabled(Native Method)\n\tat com.facebook.FacebookSdk.isLoggingBehaviorEnabled(FacebookSdk.java:510)\n\tat com.facebook.FacebookSdk.isLoggingBehaviorEnabled(Native Method)\n\tat com.facebook.internal.Logger.log(Logger.java:63)\n\tat com.facebook.GraphResponse.createResponsesFromString(GraphResponse.java:294)\n\tat com.facebook.GraphResponse.createResponsesFromStream(GraphResponse.java:284)\n\tat com.facebook.GraphResponse.fromHttpConnection(GraphResponse.java:255)\n\tat com.facebook.GraphRequest.executeConnectionAndWait(GraphRequest.java:1238)\n\tat com.facebook.GraphRequest.executeBatchAndWait(GraphRequest.java:1141)\n\tat com.facebook.GraphRequest.executeBatchAndWait(GraphRequest.java:1109)\n\tat com.facebook.GraphRequest.executeBatchAndWait(GraphRequest.java:1093)\n\tat com.facebook.GraphRequest.executeAndWait(GraphRequest.java:1068)\n\tat com.facebook.GraphRequest.executeAndWait(GraphRequest.java:962)\n\tat com.facebook.internal.FetchedAppGateKeepersManager.getAppGateKeepersQueryResponse(FetchedAppGateKeepersManager.java:239)\n\tat com.facebook.internal.FetchedAppGateKeepersManager.access$000(FetchedAppGateKeepersManager.java:49)\n\tat com.facebook.internal.FetchedAppGateKeepersManager$1.run(FetchedAppGateKeepersManager.java:122)\n\tat java.util.concurrent.ThreadPoolExecutor.runWorker(ThreadPoolExecutor.java:1137)\n\tat java.util.concurrent.ThreadPoolExecutor$Worker.run(ThreadPoolExecutor.java:637)\n\tat java.lang.Thread.run(Thread.java:1012)\n"
},
{
    "type": "log",
    "source": "class",
    "method": "isLoggingBehaviorEnabled",
    "package_name": "com.fambase.venus",
    "class_name": "com.facebook.FacebookSdk",
    "timestamp": 1728283769184,
    "ref": "<class: com.facebook.FacebookSdk>",
    "arguments": "{\"0\":\"<instance: com.facebook.LoggingBehavior>\"}",
    "stack_trace": "java.lang.Exception\n\tat com.facebook.FacebookSdk.isLoggingBehaviorEnabled(Native Method)\n\tat com.facebook.GraphRequest.setCallback(GraphRequest.java:881)\n\tat com.facebook.GraphRequest.<init>(GraphRequest.java:252)\n\tat com.facebook.GraphRequest.<init>(GraphRequest.java:219)\n\tat com.facebook.GraphRequest.newGraphPathRequest(GraphRequest.java:368)\n\tat com.facebook.internal.FetchedAppGateKeepersManager.getAppGateKeepersQueryResponse(FetchedAppGateKeepersManager.java:234)\n\tat com.facebook.internal.FetchedAppGateKeepersManager.queryAppGateKeepers(FetchedAppGateKeepersManager.java:169)\n\tat com.facebook.internal.FetchedAppSettingsManager$1.run(FetchedAppSettingsManager.java:196)\n\tat java.util.concurrent.ThreadPoolExecutor.runWorker(ThreadPoolExecutor.java:1137)\n\tat java.util.concurrent.ThreadPoolExecutor$Worker.run(ThreadPoolExecutor.java:637)\n\tat java.lang.Thread.run(Thread.java:1012)\n"
},
{
    "type": "log",
    "source": "class",
    "method": "isDebugEnabled",
    "package_name": "com.fambase.venus",
    "class_name": "com.facebook.FacebookSdk",
    "timestamp": 1728283769190,
    "ref": "<class: com.facebook.FacebookSdk>",
    "arguments": "{}",
    "stack_trace": "java.lang.Exception\n\tat com.facebook.FacebookSdk.isDebugEnabled(Native Method)\n\tat com.facebook.FacebookSdk.isLoggingBehaviorEnabled(FacebookSdk.java:510)\n\tat com.facebook.FacebookSdk.isLoggingBehaviorEnabled(Native Method)\n\tat com.facebook.GraphRequest.setCallback(GraphRequest.java:881)\n\tat com.facebook.GraphRequest.<init>(GraphRequest.java:252)\n\tat com.facebook.GraphRequest.<init>(GraphRequest.java:219)\n\tat com.facebook.GraphRequest.newGraphPathRequest(GraphRequest.java:368)\n\tat com.facebook.internal.FetchedAppGateKeepersManager.getAppGateKeepersQueryResponse(FetchedAppGateKeepersManager.java:234)\n\tat com.facebook.internal.FetchedAppGateKeepersManager.queryAppGateKeepers(FetchedAppGateKeepersManager.java:169)\n\tat com.facebook.internal.FetchedAppSettingsManager$1.run(FetchedAppSettingsManager.java:196)\n\tat java.util.concurrent.ThreadPoolExecutor.runWorker(ThreadPoolExecutor.java:1137)\n\tat java.util.concurrent.ThreadPoolExecutor$Worker.run(ThreadPoolExecutor.java:637)\n\tat java.lang.Thread.run(Thread.java:1012)\n"
},
{
    "type": "log",
    "source": "class",
    "method": "getGraphApiVersion",
    "package_name": "com.fambase.venus",
    "class_name": "com.facebook.FacebookSdk",
    "timestamp": 1728283769193,
    "ref": "<class: com.facebook.FacebookSdk>",
    "arguments": "{}",
    "stack_trace": "java.lang.Exception\n\tat com.facebook.FacebookSdk.getGraphApiVersion(Native Method)\n\tat com.facebook.GraphRequest.<init>(GraphRequest.java:262)\n\tat com.facebook.GraphRequest.<init>(GraphRequest.java:219)\n\tat com.facebook.GraphRequest.newGraphPathRequest(GraphRequest.java:368)\n\tat com.facebook.internal.FetchedAppGateKeepersManager.getAppGateKeepersQueryResponse(FetchedAppGateKeepersManager.java:234)\n\tat com.facebook.internal.FetchedAppGateKeepersManager.queryAppGateKeepers(FetchedAppGateKeepersManager.java:169)\n\tat com.facebook.internal.FetchedAppSettingsManager$1.run(FetchedAppSettingsManager.java:196)\n\tat java.util.concurrent.ThreadPoolExecutor.runWorker(ThreadPoolExecutor.java:1137)\n\tat java.util.concurrent.ThreadPoolExecutor$Worker.run(ThreadPoolExecutor.java:637)\n\tat java.lang.Thread.run(Thread.java:1012)\n"
},
{
    "type": "log",
    "source": "class",
    "method": "isDebugEnabled",
    "package_name": "com.fambase.venus",
    "class_name": "com.facebook.FacebookSdk",
    "timestamp": 1728283769197,
    "ref": "<class: com.facebook.FacebookSdk>",
    "arguments": "{}",
    "stack_trace": "java.lang.Exception\n\tat com.facebook.FacebookSdk.isDebugEnabled(Native Method)\n\tat com.facebook.internal.Utility.logd(Utility.java:621)\n\tat com.facebook.FacebookSdk.getGraphApiVersion(FacebookSdk.java:677)\n\tat com.facebook.FacebookSdk.getGraphApiVersion(Native Method)\n\tat com.facebook.GraphRequest.<init>(GraphRequest.java:262)\n\tat com.facebook.GraphRequest.<init>(GraphRequest.java:219)\n\tat com.facebook.GraphRequest.newGraphPathRequest(GraphRequest.java:368)\n\tat com.facebook.internal.FetchedAppGateKeepersManager.getAppGateKeepersQueryResponse(FetchedAppGateKeepersManager.java:234)\n\tat com.facebook.internal.FetchedAppGateKeepersManager.queryAppGateKeepers(FetchedAppGateKeepersManager.java:169)\n\tat com.facebook.internal.FetchedAppSettingsManager$1.run(FetchedAppSettingsManager.java:196)\n\tat java.util.concurrent.ThreadPoolExecutor.runWorker(ThreadPoolExecutor.java:1137)\n\tat java.util.concurrent.ThreadPoolExecutor$Worker.run(ThreadPoolExecutor.java:637)\n\tat java.lang.Thread.run(Thread.java:1012)\n"
},
{
    "type": "log",
    "source": "class",
    "method": "getGraphDomain",
    "package_name": "com.fambase.venus",
    "class_name": "com.facebook.FacebookSdk",
    "timestamp": 1728283769200,
    "ref": "<class: com.facebook.FacebookSdk>",
    "arguments": "{}",
    "stack_trace": "java.lang.Exception\n\tat com.facebook.FacebookSdk.getGraphDomain(Native Method)\n\tat com.facebook.internal.ServerProtocol.getGraphUrlBase(ServerProtocol.java:96)\n\tat com.facebook.GraphRequest.getUrlForSingleRequest(GraphRequest.java:1472)\n\tat com.facebook.GraphRequest.toHttpConnection(GraphRequest.java:1033)\n\tat com.facebook.GraphRequest.executeBatchAndWait(GraphRequest.java:1132)\n\tat com.facebook.GraphRequest.executeBatchAndWait(GraphRequest.java:1109)\n\tat com.facebook.GraphRequest.executeBatchAndWait(GraphRequest.java:1093)\n\tat com.facebook.GraphRequest.executeAndWait(GraphRequest.java:1068)\n\tat com.facebook.GraphRequest.executeAndWait(GraphRequest.java:962)\n\tat com.facebook.internal.FetchedAppGateKeepersManager.getAppGateKeepersQueryResponse(FetchedAppGateKeepersManager.java:239)\n\tat com.facebook.internal.FetchedAppGateKeepersManager.queryAppGateKeepers(FetchedAppGateKeepersManager.java:169)\n\tat com.facebook.internal.FetchedAppSettingsManager$1.run(FetchedAppSettingsManager.java:196)\n\tat java.util.concurrent.ThreadPoolExecutor.runWorker(ThreadPoolExecutor.java:1137)\n\tat java.util.concurrent.ThreadPoolExecutor$Worker.run(ThreadPoolExecutor.java:637)\n\tat java.lang.Thread.run(Thread.java:1012)\n"
},
{
    "type": "log",
    "source": "class",
    "method": "isLoggingBehaviorEnabled",
    "package_name": "com.fambase.venus",
    "class_name": "com.facebook.FacebookSdk",
    "timestamp": 1728283769205,
    "ref": "<class: com.facebook.FacebookSdk>",
    "arguments": "{\"0\":\"<instance: com.facebook.LoggingBehavior>\"}",
    "stack_trace": "java.lang.Exception\n\tat com.facebook.FacebookSdk.isLoggingBehaviorEnabled(Native Method)\n\tat com.facebook.GraphRequest.addCommonParameters(GraphRequest.java:1407)\n\tat com.facebook.GraphRequest.getUrlForSingleRequest(GraphRequest.java:1476)\n\tat com.facebook.GraphRequest.toHttpConnection(GraphRequest.java:1033)\n\tat com.facebook.GraphRequest.executeBatchAndWait(GraphRequest.java:1132)\n\tat com.facebook.GraphRequest.executeBatchAndWait(GraphRequest.java:1109)\n\tat com.facebook.GraphRequest.executeBatchAndWait(GraphRequest.java:1093)\n\tat com.facebook.GraphRequest.executeAndWait(GraphRequest.java:1068)\n\tat com.facebook.GraphRequest.executeAndWait(GraphRequest.java:962)\n\tat com.facebook.internal.FetchedAppGateKeepersManager.getAppGateKeepersQueryResponse(FetchedAppGateKeepersManager.java:239)\n\tat com.facebook.internal.FetchedAppGateKeepersManager.queryAppGateKeepers(FetchedAppGateKeepersManager.java:169)\n\tat com.facebook.internal.FetchedAppSettingsManager$1.run(FetchedAppSettingsManager.java:196)\n\tat java.util.concurrent.ThreadPoolExecutor.runWorker(ThreadPoolExecutor.java:1137)\n\tat java.util.concurrent.ThreadPoolExecutor$Worker.run(ThreadPoolExecutor.java:637)\n\tat java.lang.Thread.run(Thread.java:1012)\n"
},
{
    "type": "log",
    "source": "class",
    "method": "isDebugEnabled",
    "package_name": "com.fambase.venus",
    "class_name": "com.facebook.FacebookSdk",
    "timestamp": 1728283769210,
    "ref": "<class: com.facebook.FacebookSdk>",
    "arguments": "{}",
    "stack_trace": "java.lang.Exception\n\tat com.facebook.FacebookSdk.isDebugEnabled(Native Method)\n\tat com.facebook.FacebookSdk.isLoggingBehaviorEnabled(FacebookSdk.java:510)\n\tat com.facebook.FacebookSdk.isLoggingBehaviorEnabled(Native Method)\n\tat com.facebook.GraphRequest.addCommonParameters(GraphRequest.java:1407)\n\tat com.facebook.GraphRequest.getUrlForSingleRequest(GraphRequest.java:1476)\n\tat com.facebook.GraphRequest.toHttpConnection(GraphRequest.java:1033)\n\tat com.facebook.GraphRequest.executeBatchAndWait(GraphRequest.java:1132)\n\tat com.facebook.GraphRequest.executeBatchAndWait(GraphRequest.java:1109)\n\tat com.facebook.GraphRequest.executeBatchAndWait(GraphRequest.java:1093)\n\tat com.facebook.GraphRequest.executeAndWait(GraphRequest.java:1068)\n\tat com.facebook.GraphRequest.executeAndWait(GraphRequest.java:962)\n\tat com.facebook.internal.FetchedAppGateKeepersManager.getAppGateKeepersQueryResponse(FetchedAppGateKeepersManager.java:239)\n\tat com.facebook.internal.FetchedAppGateKeepersManager.queryAppGateKeepers(FetchedAppGateKeepersManager.java:169)\n\tat com.facebook.internal.FetchedAppSettingsManager$1.run(FetchedAppSettingsManager.java:196)\n\tat java.util.concurrent.ThreadPoolExecutor.runWorker(ThreadPoolExecutor.java:1137)\n\tat java.util.concurrent.ThreadPoolExecutor$Worker.run(ThreadPoolExecutor.java:637)\n\tat java.lang.Thread.run(Thread.java:1012)\n"
},
{
    "type": "log",
    "source": "class",
    "method": "isLoggingBehaviorEnabled",
    "package_name": "com.fambase.venus",
    "class_name": "com.facebook.FacebookSdk",
    "timestamp": 1728283769214,
    "ref": "<class: com.facebook.FacebookSdk>",
    "arguments": "{\"0\":\"<instance: com.facebook.LoggingBehavior>\"}",
    "stack_trace": "java.lang.Exception\n\tat com.facebook.FacebookSdk.isLoggingBehaviorEnabled(Native Method)\n\tat com.facebook.GraphRequest.addCommonParameters(GraphRequest.java:1409)\n\tat com.facebook.GraphRequest.getUrlForSingleRequest(GraphRequest.java:1476)\n\tat com.facebook.GraphRequest.toHttpConnection(GraphRequest.java:1033)\n\tat com.facebook.GraphRequest.executeBatchAndWait(GraphRequest.java:1132)\n\tat com.facebook.GraphRequest.executeBatchAndWait(GraphRequest.java:1109)\n\tat com.facebook.GraphRequest.executeBatchAndWait(GraphRequest.java:1093)\n\tat com.facebook.GraphRequest.executeAndWait(GraphRequest.java:1068)\n\tat com.facebook.GraphRequest.executeAndWait(GraphRequest.java:962)\n\tat com.facebook.internal.FetchedAppGateKeepersManager.getAppGateKeepersQueryResponse(FetchedAppGateKeepersManager.java:239)\n\tat com.facebook.internal.FetchedAppGateKeepersManager.queryAppGateKeepers(FetchedAppGateKeepersManager.java:169)\n\tat com.facebook.internal.FetchedAppSettingsManager$1.run(FetchedAppSettingsManager.java:196)\n\tat java.util.concurrent.ThreadPoolExecutor.runWorker(ThreadPoolExecutor.java:1137)\n\tat java.util.concurrent.ThreadPoolExecutor$Worker.run(ThreadPoolExecutor.java:637)\n\tat java.lang.Thread.run(Thread.java:1012)\n"
},
{
    "type": "log",
    "source": "class",
    "method": "isDebugEnabled",
    "package_name": "com.fambase.venus",
    "class_name": "com.facebook.FacebookSdk",
    "timestamp": 1728283769219,
    "ref": "<class: com.facebook.FacebookSdk>",
    "arguments": "{}",
    "stack_trace": "java.lang.Exception\n\tat com.facebook.FacebookSdk.isDebugEnabled(Native Method)\n\tat com.facebook.FacebookSdk.isLoggingBehaviorEnabled(FacebookSdk.java:510)\n\tat com.facebook.FacebookSdk.isLoggingBehaviorEnabled(Native Method)\n\tat com.facebook.GraphRequest.addCommonParameters(GraphRequest.java:1409)\n\tat com.facebook.GraphRequest.getUrlForSingleRequest(GraphRequest.java:1476)\n\tat com.facebook.GraphRequest.toHttpConnection(GraphRequest.java:1033)\n\tat com.facebook.GraphRequest.executeBatchAndWait(GraphRequest.java:1132)\n\tat com.facebook.GraphRequest.executeBatchAndWait(GraphRequest.java:1109)\n\tat com.facebook.GraphRequest.executeBatchAndWait(GraphRequest.java:1093)\n\tat com.facebook.GraphRequest.executeAndWait(GraphRequest.java:1068)\n\tat com.facebook.GraphRequest.executeAndWait(GraphRequest.java:962)\n\tat com.facebook.internal.FetchedAppGateKeepersManager.getAppGateKeepersQueryResponse(FetchedAppGateKeepersManager.java:239)\n\tat com.facebook.internal.FetchedAppGateKeepersManager.queryAppGateKeepers(FetchedAppGateKeepersManager.java:169)\n\tat com.facebook.internal.FetchedAppSettingsManager$1.run(FetchedAppSettingsManager.java:196)\n\tat java.util.concurrent.ThreadPoolExecutor.runWorker(ThreadPoolExecutor.java:1137)\n\tat java.util.concurrent.ThreadPoolExecutor$Worker.run(ThreadPoolExecutor.java:637)\n\tat java.lang.Thread.run(Thread.java:1012)\n"
},
{
    "type": "log",
    "source": "class",
    "method": "isLoggingBehaviorEnabled",
    "package_name": "com.fambase.venus",
    "class_name": "com.facebook.FacebookSdk",
    "timestamp": 1728283769228,
    "ref": "<class: com.facebook.FacebookSdk>",
    "arguments": "{\"0\":\"<instance: com.facebook.LoggingBehavior>\"}",
    "stack_trace": "java.lang.Exception\n\tat com.facebook.FacebookSdk.isLoggingBehaviorEnabled(Native Method)\n\tat com.facebook.internal.Logger.shouldLog(Logger.java:157)\n\tat com.facebook.internal.Logger.append(Logger.java:141)\n\tat com.facebook.GraphRequest.serializeToUrlConnection(GraphRequest.java:1652)\n\tat com.facebook.GraphRequest.toHttpConnection(GraphRequest.java:1047)\n\tat com.facebook.GraphRequest.executeBatchAndWait(GraphRequest.java:1132)\n\tat com.facebook.GraphRequest.executeBatchAndWait(GraphRequest.java:1109)\n\tat com.facebook.GraphRequest.executeBatchAndWait(GraphRequest.java:1093)\n\tat com.facebook.GraphRequest.executeAndWait(GraphRequest.java:1068)\n\tat com.facebook.GraphRequest.executeAndWait(GraphRequest.java:962)\n\tat com.facebook.internal.FetchedAppGateKeepersManager.getAppGateKeepersQueryResponse(FetchedAppGateKeepersManager.java:239)\n\tat com.facebook.internal.FetchedAppGateKeepersManager.queryAppGateKeepers(FetchedAppGateKeepersManager.java:169)\n\tat com.facebook.internal.FetchedAppSettingsManager$1.run(FetchedAppSettingsManager.java:196)\n\tat java.util.concurrent.ThreadPoolExecutor.runWorker(ThreadPoolExecutor.java:1137)\n\tat java.util.concurrent.ThreadPoolExecutor$Worker.run(ThreadPoolExecutor.java:637)\n\tat java.lang.Thread.run(Thread.java:1012)\n"
},
{
    "type": "log",
    "source": "class",
    "method": "isDebugEnabled",
    "package_name": "com.fambase.venus",
    "class_name": "com.facebook.FacebookSdk",
    "timestamp": 1728283769232,
    "ref": "<class: com.facebook.FacebookSdk>",
    "arguments": "{}",
    "stack_trace": "java.lang.Exception\n\tat com.facebook.FacebookSdk.isDebugEnabled(Native Method)\n\tat com.facebook.FacebookSdk.isLoggingBehaviorEnabled(FacebookSdk.java:510)\n\tat com.facebook.FacebookSdk.isLoggingBehaviorEnabled(Native Method)\n\tat com.facebook.internal.Logger.shouldLog(Logger.java:157)\n\tat com.facebook.internal.Logger.append(Logger.java:141)\n\tat com.facebook.GraphRequest.serializeToUrlConnection(GraphRequest.java:1652)\n\tat com.facebook.GraphRequest.toHttpConnection(GraphRequest.java:1047)\n\tat com.facebook.GraphRequest.executeBatchAndWait(GraphRequest.java:1132)\n\tat com.facebook.GraphRequest.executeBatchAndWait(GraphRequest.java:1109)\n\tat com.facebook.GraphRequest.executeBatchAndWait(GraphRequest.java:1093)\n\tat com.facebook.GraphRequest.executeAndWait(GraphRequest.java:1068)\n\tat com.facebook.GraphRequest.executeAndWait(GraphRequest.java:962)\n\tat com.facebook.internal.FetchedAppGateKeepersManager.getAppGateKeepersQueryResponse(FetchedAppGateKeepersManager.java:239)\n\tat com.facebook.internal.FetchedAppGateKeepersManager.queryAppGateKeepers(FetchedAppGateKeepersManager.java:169)\n\tat com.facebook.internal.FetchedAppSettingsManager$1.run(FetchedAppSettingsManager.java:196)\n\tat java.util.concurrent.ThreadPoolExecutor.runWorker(ThreadPoolExecutor.java:1137)\n\tat java.util.concurrent.ThreadPoolExecutor$Worker.run(ThreadPoolExecutor.java:637)\n\tat java.lang.Thread.run(Thread.java:1012)\n"
},
{
    "type": "log",
    "source": "class",
    "method": "isLoggingBehaviorEnabled",
    "package_name": "com.fambase.venus",
    "class_name": "com.facebook.FacebookSdk",
    "timestamp": 1728283769236,
    "ref": "<class: com.facebook.FacebookSdk>",
    "arguments": "{\"0\":\"<instance: com.facebook.LoggingBehavior>\"}",
    "stack_trace": "java.lang.Exception\n\tat com.facebook.FacebookSdk.isLoggingBehaviorEnabled(Native Method)\n\tat com.facebook.internal.Logger.shouldLog(Logger.java:157)\n\tat com.facebook.internal.Logger.append(Logger.java:147)\n\tat com.facebook.internal.Logger.appendKeyValue(Logger.java:153)\n\tat com.facebook.GraphRequest.serializeToUrlConnection(GraphRequest.java:1653)\n\tat com.facebook.GraphRequest.toHttpConnection(GraphRequest.java:1047)\n\tat com.facebook.GraphRequest.executeBatchAndWait(GraphRequest.java:1132)\n\tat com.facebook.GraphRequest.executeBatchAndWait(GraphRequest.java:1109)\n\tat com.facebook.GraphRequest.executeBatchAndWait(GraphRequest.java:1093)\n\tat com.facebook.GraphRequest.executeAndWait(GraphRequest.java:1068)\n\tat com.facebook.GraphRequest.executeAndWait(GraphRequest.java:962)\n\tat com.facebook.internal.FetchedAppGateKeepersManager.getAppGateKeepersQueryResponse(FetchedAppGateKeepersManager.java:239)\n\tat com.facebook.internal.FetchedAppGateKeepersManager.queryAppGateKeepers(FetchedAppGateKeepersManager.java:169)\n\tat com.facebook.internal.FetchedAppSettingsManager$1.run(FetchedAppSettingsManager.java:196)\n\tat java.util.concurrent.ThreadPoolExecutor.runWorker(ThreadPoolExecutor.java:1137)\n\tat java.util.concurrent.ThreadPoolExecutor$Worker.run(ThreadPoolExecutor.java:637)\n\tat java.lang.Thread.run(Thread.java:1012)\n"
},
{
    "type": "log",
    "source": "class",
    "method": "isDebugEnabled",
    "package_name": "com.fambase.venus",
    "class_name": "com.facebook.FacebookSdk",
    "timestamp": 1728283769240,
    "ref": "<class: com.facebook.FacebookSdk>",
    "arguments": "{}",
    "stack_trace": "java.lang.Exception\n\tat com.facebook.FacebookSdk.isDebugEnabled(Native Method)\n\tat com.facebook.FacebookSdk.isLoggingBehaviorEnabled(FacebookSdk.java:510)\n\tat com.facebook.FacebookSdk.isLoggingBehaviorEnabled(Native Method)\n\tat com.facebook.internal.Logger.shouldLog(Logger.java:157)\n\tat com.facebook.internal.Logger.append(Logger.java:147)\n\tat com.facebook.internal.Logger.appendKeyValue(Logger.java:153)\n\tat com.facebook.GraphRequest.serializeToUrlConnection(GraphRequest.java:1653)\n\tat com.facebook.GraphRequest.toHttpConnection(GraphRequest.java:1047)\n\tat com.facebook.GraphRequest.executeBatchAndWait(GraphRequest.java:1132)\n\tat com.facebook.GraphRequest.executeBatchAndWait(GraphRequest.java:1109)\n\tat com.facebook.GraphRequest.executeBatchAndWait(GraphRequest.java:1093)\n\tat com.facebook.GraphRequest.executeAndWait(GraphRequest.java:1068)\n\tat com.facebook.GraphRequest.executeAndWait(GraphRequest.java:962)\n\tat com.facebook.internal.FetchedAppGateKeepersManager.getAppGateKeepersQueryResponse(FetchedAppGateKeepersManager.java:239)\n\tat com.facebook.internal.FetchedAppGateKeepersManager.queryAppGateKeepers(FetchedAppGateKeepersManager.java:169)\n\tat com.facebook.internal.FetchedAppSettingsManager$1.run(FetchedAppSettingsManager.java:196)\n\tat java.util.concurrent.ThreadPoolExecutor.runWorker(ThreadPoolExecutor.java:1137)\n\tat java.util.concurrent.ThreadPoolExecutor$Worker.run(ThreadPoolExecutor.java:637)\n\tat java.lang.Thread.run(Thread.java:1012)\n"
},
{
    "type": "log",
    "source": "class",
    "method": "isLoggingBehaviorEnabled",
    "package_name": "com.fambase.venus",
    "class_name": "com.facebook.FacebookSdk",
    "timestamp": 1728283769244,
    "ref": "<class: com.facebook.FacebookSdk>",
    "arguments": "{\"0\":\"<instance: com.facebook.LoggingBehavior>\"}",
    "stack_trace": "java.lang.Exception\n\tat com.facebook.FacebookSdk.isLoggingBehaviorEnabled(Native Method)\n\tat com.facebook.internal.Logger.shouldLog(Logger.java:157)\n\tat com.facebook.internal.Logger.append(Logger.java:147)\n\tat com.facebook.internal.Logger.appendKeyValue(Logger.java:153)\n\tat com.facebook.GraphRequest.serializeToUrlConnection(GraphRequest.java:1654)\n\tat com.facebook.GraphRequest.toHttpConnection(GraphRequest.java:1047)\n\tat com.facebook.GraphRequest.executeBatchAndWait(GraphRequest.java:1132)\n\tat com.facebook.GraphRequest.executeBatchAndWait(GraphRequest.java:1109)\n\tat com.facebook.GraphRequest.executeBatchAndWait(GraphRequest.java:1093)\n\tat com.facebook.GraphRequest.executeAndWait(GraphRequest.java:1068)\n\tat com.facebook.GraphRequest.executeAndWait(GraphRequest.java:962)\n\tat com.facebook.internal.FetchedAppGateKeepersManager.getAppGateKeepersQueryResponse(FetchedAppGateKeepersManager.java:239)\n\tat com.facebook.internal.FetchedAppGateKeepersManager.queryAppGateKeepers(FetchedAppGateKeepersManager.java:169)\n\tat com.facebook.internal.FetchedAppSettingsManager$1.run(FetchedAppSettingsManager.java:196)\n\tat java.util.concurrent.ThreadPoolExecutor.runWorker(ThreadPoolExecutor.java:1137)\n\tat java.util.concurrent.ThreadPoolExecutor$Worker.run(ThreadPoolExecutor.java:637)\n\tat java.lang.Thread.run(Thread.java:1012)\n"
},
{
    "type": "log",
    "source": "class",
    "method": "isDebugEnabled",
    "package_name": "com.fambase.venus",
    "class_name": "com.facebook.FacebookSdk",
    "timestamp": 1728283769248,
    "ref": "<class: com.facebook.FacebookSdk>",
    "arguments": "{}",
    "stack_trace": "java.lang.Exception\n\tat com.facebook.FacebookSdk.isDebugEnabled(Native Method)\n\tat com.facebook.FacebookSdk.isLoggingBehaviorEnabled(FacebookSdk.java:510)\n\tat com.facebook.FacebookSdk.isLoggingBehaviorEnabled(Native Method)\n\tat com.facebook.internal.Logger.shouldLog(Logger.java:157)\n\tat com.facebook.internal.Logger.append(Logger.java:147)\n\tat com.facebook.internal.Logger.appendKeyValue(Logger.java:153)\n\tat com.facebook.GraphRequest.serializeToUrlConnection(GraphRequest.java:1654)\n\tat com.facebook.GraphRequest.toHttpConnection(GraphRequest.java:1047)\n\tat com.facebook.GraphRequest.executeBatchAndWait(GraphRequest.java:1132)\n\tat com.facebook.GraphRequest.executeBatchAndWait(GraphRequest.java:1109)\n\tat com.facebook.GraphRequest.executeBatchAndWait(GraphRequest.java:1093)\n\tat com.facebook.GraphRequest.executeAndWait(GraphRequest.java:1068)\n\tat com.facebook.GraphRequest.executeAndWait(GraphRequest.java:962)\n\tat com.facebook.internal.FetchedAppGateKeepersManager.getAppGateKeepersQueryResponse(FetchedAppGateKeepersManager.java:239)\n\tat com.facebook.internal.FetchedAppGateKeepersManager.queryAppGateKeepers(FetchedAppGateKeepersManager.java:169)\n\tat com.facebook.internal.FetchedAppSettingsManager$1.run(FetchedAppSettingsManager.java:196)\n\tat java.util.concurrent.ThreadPoolExecutor.runWorker(ThreadPoolExecutor.java:1137)\n\tat java.util.concurrent.ThreadPoolExecutor$Worker.run(ThreadPoolExecutor.java:637)\n\tat java.lang.Thread.run(Thread.java:1012)\n"
},
{
    "type": "log",
    "source": "class",
    "method": "isLoggingBehaviorEnabled",
    "package_name": "com.fambase.venus",
    "class_name": "com.facebook.FacebookSdk",
    "timestamp": 1728283769252,
    "ref": "<class: com.facebook.FacebookSdk>",
    "arguments": "{\"0\":\"<instance: com.facebook.LoggingBehavior>\"}",
    "stack_trace": "java.lang.Exception\n\tat com.facebook.FacebookSdk.isLoggingBehaviorEnabled(Native Method)\n\tat com.facebook.internal.Logger.shouldLog(Logger.java:157)\n\tat com.facebook.internal.Logger.append(Logger.java:147)\n\tat com.facebook.internal.Logger.appendKeyValue(Logger.java:153)\n\tat com.facebook.GraphRequest.serializeToUrlConnection(GraphRequest.java:1655)\n\tat com.facebook.GraphRequest.toHttpConnection(GraphRequest.java:1047)\n\tat com.facebook.GraphRequest.executeBatchAndWait(GraphRequest.java:1132)\n\tat com.facebook.GraphRequest.executeBatchAndWait(GraphRequest.java:1109)\n\tat com.facebook.GraphRequest.executeBatchAndWait(GraphRequest.java:1093)\n\tat com.facebook.GraphRequest.executeAndWait(GraphRequest.java:1068)\n\tat com.facebook.GraphRequest.executeAndWait(GraphRequest.java:962)\n\tat com.facebook.internal.FetchedAppGateKeepersManager.getAppGateKeepersQueryResponse(FetchedAppGateKeepersManager.java:239)\n\tat com.facebook.internal.FetchedAppGateKeepersManager.queryAppGateKeepers(FetchedAppGateKeepersManager.java:169)\n\tat com.facebook.internal.FetchedAppSettingsManager$1.run(FetchedAppSettingsManager.java:196)\n\tat java.util.concurrent.ThreadPoolExecutor.runWorker(ThreadPoolExecutor.java:1137)\n\tat java.util.concurrent.ThreadPoolExecutor$Worker.run(ThreadPoolExecutor.java:637)\n\tat java.lang.Thread.run(Thread.java:1012)\n"
},
{
    "type": "log",
    "source": "class",
    "method": "isDebugEnabled",
    "package_name": "com.fambase.venus",
    "class_name": "com.facebook.FacebookSdk",
    "timestamp": 1728283769255,
    "ref": "<class: com.facebook.FacebookSdk>",
    "arguments": "{}",
    "stack_trace": "java.lang.Exception\n\tat com.facebook.FacebookSdk.isDebugEnabled(Native Method)\n\tat com.facebook.FacebookSdk.isLoggingBehaviorEnabled(FacebookSdk.java:510)\n\tat com.facebook.FacebookSdk.isLoggingBehaviorEnabled(Native Method)\n\tat com.facebook.internal.Logger.shouldLog(Logger.java:157)\n\tat com.facebook.internal.Logger.append(Logger.java:147)\n\tat com.facebook.internal.Logger.appendKeyValue(Logger.java:153)\n\tat com.facebook.GraphRequest.serializeToUrlConnection(GraphRequest.java:1655)\n\tat com.facebook.GraphRequest.toHttpConnection(GraphRequest.java:1047)\n\tat com.facebook.GraphRequest.executeBatchAndWait(GraphRequest.java:1132)\n\tat com.facebook.GraphRequest.executeBatchAndWait(GraphRequest.java:1109)\n\tat com.facebook.GraphRequest.executeBatchAndWait(GraphRequest.java:1093)\n\tat com.facebook.GraphRequest.executeAndWait(GraphRequest.java:1068)\n\tat com.facebook.GraphRequest.executeAndWait(GraphRequest.java:962)\n\tat com.facebook.internal.FetchedAppGateKeepersManager.getAppGateKeepersQueryResponse(FetchedAppGateKeepersManager.java:239)\n\tat com.facebook.internal.FetchedAppGateKeepersManager.queryAppGateKeepers(FetchedAppGateKeepersManager.java:169)\n\tat com.facebook.internal.FetchedAppSettingsManager$1.run(FetchedAppSettingsManager.java:196)\n\tat java.util.concurrent.ThreadPoolExecutor.runWorker(ThreadPoolExecutor.java:1137)\n\tat java.util.concurrent.ThreadPoolExecutor$Worker.run(ThreadPoolExecutor.java:637)\n\tat java.lang.Thread.run(Thread.java:1012)\n"
},
{
    "type": "log",
    "source": "class",
    "method": "isLoggingBehaviorEnabled",
    "package_name": "com.fambase.venus",
    "class_name": "com.facebook.FacebookSdk",
    "timestamp": 1728283769259,
    "ref": "<class: com.facebook.FacebookSdk>",
    "arguments": "{\"0\":\"<instance: com.facebook.LoggingBehavior>\"}",
    "stack_trace": "java.lang.Exception\n\tat com.facebook.FacebookSdk.isLoggingBehaviorEnabled(Native Method)\n\tat com.facebook.internal.Logger.shouldLog(Logger.java:157)\n\tat com.facebook.internal.Logger.append(Logger.java:147)\n\tat com.facebook.internal.Logger.appendKeyValue(Logger.java:153)\n\tat com.facebook.GraphRequest.serializeToUrlConnection(GraphRequest.java:1656)\n\tat com.facebook.GraphRequest.toHttpConnection(GraphRequest.java:1047)\n\tat com.facebook.GraphRequest.executeBatchAndWait(GraphRequest.java:1132)\n\tat com.facebook.GraphRequest.executeBatchAndWait(GraphRequest.java:1109)\n\tat com.facebook.GraphRequest.executeBatchAndWait(GraphRequest.java:1093)\n\tat com.facebook.GraphRequest.executeAndWait(GraphRequest.java:1068)\n\tat com.facebook.GraphRequest.executeAndWait(GraphRequest.java:962)\n\tat com.facebook.internal.FetchedAppGateKeepersManager.getAppGateKeepersQueryResponse(FetchedAppGateKeepersManager.java:239)\n\tat com.facebook.internal.FetchedAppGateKeepersManager.queryAppGateKeepers(FetchedAppGateKeepersManager.java:169)\n\tat com.facebook.internal.FetchedAppSettingsManager$1.run(FetchedAppSettingsManager.java:196)\n\tat java.util.concurrent.ThreadPoolExecutor.runWorker(ThreadPoolExecutor.java:1137)\n\tat java.util.concurrent.ThreadPoolExecutor$Worker.run(ThreadPoolExecutor.java:637)\n\tat java.lang.Thread.run(Thread.java:1012)\n"
},
{
    "type": "log",
    "source": "class",
    "method": "isDebugEnabled",
    "package_name": "com.fambase.venus",
    "class_name": "com.facebook.FacebookSdk",
    "timestamp": 1728283769263,
    "ref": "<class: com.facebook.FacebookSdk>",
    "arguments": "{}",
    "stack_trace": "java.lang.Exception\n\tat com.facebook.FacebookSdk.isDebugEnabled(Native Method)\n\tat com.facebook.FacebookSdk.isLoggingBehaviorEnabled(FacebookSdk.java:510)\n\tat com.facebook.FacebookSdk.isLoggingBehaviorEnabled(Native Method)\n\tat com.facebook.internal.Logger.shouldLog(Logger.java:157)\n\tat com.facebook.internal.Logger.append(Logger.java:147)\n\tat com.facebook.internal.Logger.appendKeyValue(Logger.java:153)\n\tat com.facebook.GraphRequest.serializeToUrlConnection(GraphRequest.java:1656)\n\tat com.facebook.GraphRequest.toHttpConnection(GraphRequest.java:1047)\n\tat com.facebook.GraphRequest.executeBatchAndWait(GraphRequest.java:1132)\n\tat com.facebook.GraphRequest.executeBatchAndWait(GraphRequest.java:1109)\n\tat com.facebook.GraphRequest.executeBatchAndWait(GraphRequest.java:1093)\n\tat com.facebook.GraphRequest.executeAndWait(GraphRequest.java:1068)\n\tat com.facebook.GraphRequest.executeAndWait(GraphRequest.java:962)\n\tat com.facebook.internal.FetchedAppGateKeepersManager.getAppGateKeepersQueryResponse(FetchedAppGateKeepersManager.java:239)\n\tat com.facebook.internal.FetchedAppGateKeepersManager.queryAppGateKeepers(FetchedAppGateKeepersManager.java:169)\n\tat com.facebook.internal.FetchedAppSettingsManager$1.run(FetchedAppSettingsManager.java:196)\n\tat java.util.concurrent.ThreadPoolExecutor.runWorker(ThreadPoolExecutor.java:1137)\n\tat java.util.concurrent.ThreadPoolExecutor$Worker.run(ThreadPoolExecutor.java:637)\n\tat java.lang.Thread.run(Thread.java:1012)\n"
},
{
    "type": "log",
    "source": "class",
    "method": "isLoggingBehaviorEnabled",
    "package_name": "com.fambase.venus",
    "class_name": "com.facebook.FacebookSdk",
    "timestamp": 1728283769267,
    "ref": "<class: com.facebook.FacebookSdk>",
    "arguments": "{\"0\":\"<instance: com.facebook.LoggingBehavior>\"}",
    "stack_trace": "java.lang.Exception\n\tat com.facebook.FacebookSdk.isLoggingBehaviorEnabled(Native Method)\n\tat com.facebook.internal.Logger.shouldLog(Logger.java:157)\n\tat com.facebook.internal.Logger.append(Logger.java:147)\n\tat com.facebook.internal.Logger.appendKeyValue(Logger.java:153)\n\tat com.facebook.GraphRequest.serializeToUrlConnection(GraphRequest.java:1657)\n\tat com.facebook.GraphRequest.toHttpConnection(GraphRequest.java:1047)\n\tat com.facebook.GraphRequest.executeBatchAndWait(GraphRequest.java:1132)\n\tat com.facebook.GraphRequest.executeBatchAndWait(GraphRequest.java:1109)\n\tat com.facebook.GraphRequest.executeBatchAndWait(GraphRequest.java:1093)\n\tat com.facebook.GraphRequest.executeAndWait(GraphRequest.java:1068)\n\tat com.facebook.GraphRequest.executeAndWait(GraphRequest.java:962)\n\tat com.facebook.internal.FetchedAppGateKeepersManager.getAppGateKeepersQueryResponse(FetchedAppGateKeepersManager.java:239)\n\tat com.facebook.internal.FetchedAppGateKeepersManager.queryAppGateKeepers(FetchedAppGateKeepersManager.java:169)\n\tat com.facebook.internal.FetchedAppSettingsManager$1.run(FetchedAppSettingsManager.java:196)\n\tat java.util.concurrent.ThreadPoolExecutor.runWorker(ThreadPoolExecutor.java:1137)\n\tat java.util.concurrent.ThreadPoolExecutor$Worker.run(ThreadPoolExecutor.java:637)\n\tat java.lang.Thread.run(Thread.java:1012)\n"
},
{
    "type": "log",
    "source": "class",
    "method": "isDebugEnabled",
    "package_name": "com.fambase.venus",
    "class_name": "com.facebook.FacebookSdk",
    "timestamp": 1728283769271,
    "ref": "<class: com.facebook.FacebookSdk>",
    "arguments": "{}",
    "stack_trace": "java.lang.Exception\n\tat com.facebook.FacebookSdk.isDebugEnabled(Native Method)\n\tat com.facebook.FacebookSdk.isLoggingBehaviorEnabled(FacebookSdk.java:510)\n\tat com.facebook.FacebookSdk.isLoggingBehaviorEnabled(Native Method)\n\tat com.facebook.internal.Logger.shouldLog(Logger.java:157)\n\tat com.facebook.internal.Logger.append(Logger.java:147)\n\tat com.facebook.internal.Logger.appendKeyValue(Logger.java:153)\n\tat com.facebook.GraphRequest.serializeToUrlConnection(GraphRequest.java:1657)\n\tat com.facebook.GraphRequest.toHttpConnection(GraphRequest.java:1047)\n\tat com.facebook.GraphRequest.executeBatchAndWait(GraphRequest.java:1132)\n\tat com.facebook.GraphRequest.executeBatchAndWait(GraphRequest.java:1109)\n\tat com.facebook.GraphRequest.executeBatchAndWait(GraphRequest.java:1093)\n\tat com.facebook.GraphRequest.executeAndWait(GraphRequest.java:1068)\n\tat com.facebook.GraphRequest.executeAndWait(GraphRequest.java:962)\n\tat com.facebook.internal.FetchedAppGateKeepersManager.getAppGateKeepersQueryResponse(FetchedAppGateKeepersManager.java:239)\n\tat com.facebook.internal.FetchedAppGateKeepersManager.queryAppGateKeepers(FetchedAppGateKeepersManager.java:169)\n\tat com.facebook.internal.FetchedAppSettingsManager$1.run(FetchedAppSettingsManager.java:196)\n\tat java.util.concurrent.ThreadPoolExecutor.runWorker(ThreadPoolExecutor.java:1137)\n\tat java.util.concurrent.ThreadPoolExecutor$Worker.run(ThreadPoolExecutor.java:637)\n\tat java.lang.Thread.run(Thread.java:1012)\n"
},
{
    "type": "log",
    "source": "class",
    "method": "isLoggingBehaviorEnabled",
    "package_name": "com.fambase.venus",
    "class_name": "com.facebook.FacebookSdk",
    "timestamp": 1728283769276,
    "ref": "<class: com.facebook.FacebookSdk>",
    "arguments": "{\"0\":\"<instance: com.facebook.LoggingBehavior>\"}",
    "stack_trace": "java.lang.Exception\n\tat com.facebook.FacebookSdk.isLoggingBehaviorEnabled(Native Method)\n\tat com.facebook.internal.Logger.log(Logger.java:78)\n\tat com.facebook.internal.Logger.logString(Logger.java:131)\n\tat com.facebook.internal.Logger.log(Logger.java:125)\n\tat com.facebook.GraphRequest.serializeToUrlConnection(GraphRequest.java:1666)\n\tat com.facebook.GraphRequest.toHttpConnection(GraphRequest.java:1047)\n\tat com.facebook.GraphRequest.executeBatchAndWait(GraphRequest.java:1132)\n\tat com.facebook.GraphRequest.executeBatchAndWait(GraphRequest.java:1109)\n\tat com.facebook.GraphRequest.executeBatchAndWait(GraphRequest.java:1093)\n\tat com.facebook.GraphRequest.executeAndWait(GraphRequest.java:1068)\n\tat com.facebook.GraphRequest.executeAndWait(GraphRequest.java:962)\n\tat com.facebook.internal.FetchedAppGateKeepersManager.getAppGateKeepersQueryResponse(FetchedAppGateKeepersManager.java:239)\n\tat com.facebook.internal.FetchedAppGateKeepersManager.queryAppGateKeepers(FetchedAppGateKeepersManager.java:169)\n\tat com.facebook.internal.FetchedAppSettingsManager$1.run(FetchedAppSettingsManager.java:196)\n\tat java.util.concurrent.ThreadPoolExecutor.runWorker(ThreadPoolExecutor.java:1137)\n\tat java.util.concurrent.ThreadPoolExecutor$Worker.run(ThreadPoolExecutor.java:637)\n\tat java.lang.Thread.run(Thread.java:1012)\n"
},
{
    "type": "log",
    "source": "class",
    "method": "isDebugEnabled",
    "package_name": "com.fambase.venus",
    "class_name": "com.facebook.FacebookSdk",
    "timestamp": 1728283769280,
    "ref": "<class: com.facebook.FacebookSdk>",
    "arguments": "{}",
    "stack_trace": "java.lang.Exception\n\tat com.facebook.FacebookSdk.isDebugEnabled(Native Method)\n\tat com.facebook.FacebookSdk.isLoggingBehaviorEnabled(FacebookSdk.java:510)\n\tat com.facebook.FacebookSdk.isLoggingBehaviorEnabled(Native Method)\n\tat com.facebook.internal.Logger.log(Logger.java:78)\n\tat com.facebook.internal.Logger.logString(Logger.java:131)\n\tat com.facebook.internal.Logger.log(Logger.java:125)\n\tat com.facebook.GraphRequest.serializeToUrlConnection(GraphRequest.java:1666)\n\tat com.facebook.GraphRequest.toHttpConnection(GraphRequest.java:1047)\n\tat com.facebook.GraphRequest.executeBatchAndWait(GraphRequest.java:1132)\n\tat com.facebook.GraphRequest.executeBatchAndWait(GraphRequest.java:1109)\n\tat com.facebook.GraphRequest.executeBatchAndWait(GraphRequest.java:1093)\n\tat com.facebook.GraphRequest.executeAndWait(GraphRequest.java:1068)\n\tat com.facebook.GraphRequest.executeAndWait(GraphRequest.java:962)\n\tat com.facebook.internal.FetchedAppGateKeepersManager.getAppGateKeepersQueryResponse(FetchedAppGateKeepersManager.java:239)\n\tat com.facebook.internal.FetchedAppGateKeepersManager.queryAppGateKeepers(FetchedAppGateKeepersManager.java:169)\n\tat com.facebook.internal.FetchedAppSettingsManager$1.run(FetchedAppSettingsManager.java:196)\n\tat java.util.concurrent.ThreadPoolExecutor.runWorker(ThreadPoolExecutor.java:1137)\n\tat java.util.concurrent.ThreadPoolExecutor$Worker.run(ThreadPoolExecutor.java:637)\n\tat java.lang.Thread.run(Thread.java:1012)\n"
},
{
    "type": "log",
    "source": "class",
    "method": "isFullyInitialized",
    "package_name": "com.fambase.venus",
    "class_name": "com.facebook.FacebookSdk",
    "timestamp": 1728283769283,
    "ref": "<class: com.facebook.FacebookSdk>",
    "arguments": "{}",
    "stack_trace": "java.lang.Exception\n\tat com.facebook.FacebookSdk.isFullyInitialized(Native Method)\n\tat com.facebook.GraphResponse.fromHttpConnection(GraphResponse.java:243)\n\tat com.facebook.GraphRequest.executeConnectionAndWait(GraphRequest.java:1238)\n\tat com.facebook.GraphRequest.executeBatchAndWait(GraphRequest.java:1141)\n\tat com.facebook.GraphRequest.executeBatchAndWait(GraphRequest.java:1109)\n\tat com.facebook.GraphRequest.executeBatchAndWait(GraphRequest.java:1093)\n\tat com.facebook.GraphRequest.executeAndWait(GraphRequest.java:1068)\n\tat com.facebook.GraphRequest.executeAndWait(GraphRequest.java:962)\n\tat com.facebook.internal.FetchedAppGateKeepersManager.getAppGateKeepersQueryResponse(FetchedAppGateKeepersManager.java:239)\n\tat com.facebook.internal.FetchedAppGateKeepersManager.queryAppGateKeepers(FetchedAppGateKeepersManager.java:169)\n\tat com.facebook.internal.FetchedAppSettingsManager$1.run(FetchedAppSettingsManager.java:196)\n\tat java.util.concurrent.ThreadPoolExecutor.runWorker(ThreadPoolExecutor.java:1137)\n\tat java.util.concurrent.ThreadPoolExecutor$Worker.run(ThreadPoolExecutor.java:637)\n\tat java.lang.Thread.run(Thread.java:1012)\n"
},
{
    "type": "log",
    "source": "class",
    "method": "isLoggingBehaviorEnabled",
    "package_name": "com.fambase.venus",
    "class_name": "com.facebook.FacebookSdk",
    "timestamp": 1728283769355,
    "ref": "<class: com.facebook.FacebookSdk>",
    "arguments": "{\"0\":\"<instance: com.facebook.LoggingBehavior>\"}",
    "stack_trace": "java.lang.Exception\n\tat com.facebook.FacebookSdk.isLoggingBehaviorEnabled(Native Method)\n\tat com.facebook.internal.Logger.log(Logger.java:63)\n\tat com.facebook.GraphResponse.createResponsesFromStream(GraphResponse.java:277)\n\tat com.facebook.GraphResponse.fromHttpConnection(GraphResponse.java:255)\n\tat com.facebook.GraphRequest.executeConnectionAndWait(GraphRequest.java:1238)\n\tat com.facebook.GraphRequest.executeBatchAndWait(GraphRequest.java:1141)\n\tat com.facebook.GraphRequest.executeBatchAndWait(GraphRequest.java:1109)\n\tat com.facebook.GraphRequest.executeBatchAndWait(GraphRequest.java:1093)\n\tat com.facebook.GraphRequest.executeAndWait(GraphRequest.java:1068)\n\tat com.facebook.GraphRequest.executeAndWait(GraphRequest.java:962)\n\tat com.facebook.internal.FetchedAppSettingsManager.getAppSettingsQueryResponse(FetchedAppSettingsManager.java:368)\n\tat com.facebook.internal.FetchedAppSettingsManager.queryAppSettings(FetchedAppSettingsManager.java:278)\n\tat com.facebook.UserSettingsManager$1.run(UserSettingsManager.java:156)\n\tat java.util.concurrent.ThreadPoolExecutor.runWorker(ThreadPoolExecutor.java:1137)\n\tat java.util.concurrent.ThreadPoolExecutor$Worker.run(ThreadPoolExecutor.java:637)\n\tat java.lang.Thread.run(Thread.java:1012)\n"
},
{
    "type": "log",
    "source": "class",
    "method": "isDebugEnabled",
    "package_name": "com.fambase.venus",
    "class_name": "com.facebook.FacebookSdk",
    "timestamp": 1728283769358,
    "ref": "<class: com.facebook.FacebookSdk>",
    "arguments": "{}",
    "stack_trace": "java.lang.Exception\n\tat com.facebook.FacebookSdk.isDebugEnabled(Native Method)\n\tat com.facebook.FacebookSdk.isLoggingBehaviorEnabled(FacebookSdk.java:510)\n\tat com.facebook.FacebookSdk.isLoggingBehaviorEnabled(Native Method)\n\tat com.facebook.internal.Logger.log(Logger.java:63)\n\tat com.facebook.GraphResponse.createResponsesFromStream(GraphResponse.java:277)\n\tat com.facebook.GraphResponse.fromHttpConnection(GraphResponse.java:255)\n\tat com.facebook.GraphRequest.executeConnectionAndWait(GraphRequest.java:1238)\n\tat com.facebook.GraphRequest.executeBatchAndWait(GraphRequest.java:1141)\n\tat com.facebook.GraphRequest.executeBatchAndWait(GraphRequest.java:1109)\n\tat com.facebook.GraphRequest.executeBatchAndWait(GraphRequest.java:1093)\n\tat com.facebook.GraphRequest.executeAndWait(GraphRequest.java:1068)\n\tat com.facebook.GraphRequest.executeAndWait(GraphRequest.java:962)\n\tat com.facebook.internal.FetchedAppSettingsManager.getAppSettingsQueryResponse(FetchedAppSettingsManager.java:368)\n\tat com.facebook.internal.FetchedAppSettingsManager.queryAppSettings(FetchedAppSettingsManager.java:278)\n\tat com.facebook.UserSettingsManager$1.run(UserSettingsManager.java:156)\n\tat java.util.concurrent.ThreadPoolExecutor.runWorker(ThreadPoolExecutor.java:1137)\n\tat java.util.concurrent.ThreadPoolExecutor$Worker.run(ThreadPoolExecutor.java:637)\n\tat java.lang.Thread.run(Thread.java:1012)\n"
},
{
    "type": "log",
    "source": "class",
    "method": "isLoggingBehaviorEnabled",
    "package_name": "com.fambase.venus",
    "class_name": "com.facebook.FacebookSdk",
    "timestamp": 1728283769371,
    "ref": "<class: com.facebook.FacebookSdk>",
    "arguments": "{\"0\":\"<instance: com.facebook.LoggingBehavior>\"}",
    "stack_trace": "java.lang.Exception\n\tat com.facebook.FacebookSdk.isLoggingBehaviorEnabled(Native Method)\n\tat com.facebook.internal.Logger.log(Logger.java:63)\n\tat com.facebook.GraphResponse.createResponsesFromString(GraphResponse.java:294)\n\tat com.facebook.GraphResponse.createResponsesFromStream(GraphResponse.java:284)\n\tat com.facebook.GraphResponse.fromHttpConnection(GraphResponse.java:255)\n\tat com.facebook.GraphRequest.executeConnectionAndWait(GraphRequest.java:1238)\n\tat com.facebook.GraphRequest.executeBatchAndWait(GraphRequest.java:1141)\n\tat com.facebook.GraphRequest.executeBatchAndWait(GraphRequest.java:1109)\n\tat com.facebook.GraphRequest.executeBatchAndWait(GraphRequest.java:1093)\n\tat com.facebook.GraphRequest.executeAndWait(GraphRequest.java:1068)\n\tat com.facebook.GraphRequest.executeAndWait(GraphRequest.java:962)\n\tat com.facebook.internal.FetchedAppSettingsManager.getAppSettingsQueryResponse(FetchedAppSettingsManager.java:368)\n\tat com.facebook.internal.FetchedAppSettingsManager.queryAppSettings(FetchedAppSettingsManager.java:278)\n\tat com.facebook.UserSettingsManager$1.run(UserSettingsManager.java:156)\n\tat java.util.concurrent.ThreadPoolExecutor.runWorker(ThreadPoolExecutor.java:1137)\n\tat java.util.concurrent.ThreadPoolExecutor$Worker.run(ThreadPoolExecutor.java:637)\n\tat java.lang.Thread.run(Thread.java:1012)\n"
},
{
    "type": "log",
    "source": "class",
    "method": "isDebugEnabled",
    "package_name": "com.fambase.venus",
    "class_name": "com.facebook.FacebookSdk",
    "timestamp": 1728283769374,
    "ref": "<class: com.facebook.FacebookSdk>",
    "arguments": "{}",
    "stack_trace": "java.lang.Exception\n\tat com.facebook.FacebookSdk.isDebugEnabled(Native Method)\n\tat com.facebook.FacebookSdk.isLoggingBehaviorEnabled(FacebookSdk.java:510)\n\tat com.facebook.FacebookSdk.isLoggingBehaviorEnabled(Native Method)\n\tat com.facebook.internal.Logger.log(Logger.java:63)\n\tat com.facebook.GraphResponse.createResponsesFromString(GraphResponse.java:294)\n\tat com.facebook.GraphResponse.createResponsesFromStream(GraphResponse.java:284)\n\tat com.facebook.GraphResponse.fromHttpConnection(GraphResponse.java:255)\n\tat com.facebook.GraphRequest.executeConnectionAndWait(GraphRequest.java:1238)\n\tat com.facebook.GraphRequest.executeBatchAndWait(GraphRequest.java:1141)\n\tat com.facebook.GraphRequest.executeBatchAndWait(GraphRequest.java:1109)\n\tat com.facebook.GraphRequest.executeBatchAndWait(GraphRequest.java:1093)\n\tat com.facebook.GraphRequest.executeAndWait(GraphRequest.java:1068)\n\tat com.facebook.GraphRequest.executeAndWait(GraphRequest.java:962)\n\tat com.facebook.internal.FetchedAppSettingsManager.getAppSettingsQueryResponse(FetchedAppSettingsManager.java:368)\n\tat com.facebook.internal.FetchedAppSettingsManager.queryAppSettings(FetchedAppSettingsManager.java:278)\n\tat com.facebook.UserSettingsManager$1.run(UserSettingsManager.java:156)\n\tat java.util.concurrent.ThreadPoolExecutor.runWorker(ThreadPoolExecutor.java:1137)\n\tat java.util.concurrent.ThreadPoolExecutor$Worker.run(ThreadPoolExecutor.java:637)\n\tat java.lang.Thread.run(Thread.java:1012)\n"
},
{
    "type": "log",
    "source": "class",
    "method": "getApplicationId",
    "package_name": "com.fambase.venus",
    "class_name": "com.facebook.FacebookSdk",
    "timestamp": 1728283769379,
    "ref": "<class: com.facebook.FacebookSdk>",
    "arguments": "{}",
    "stack_trace": "java.lang.Exception\n\tat com.facebook.FacebookSdk.getApplicationId(Native Method)\n\tat com.facebook.internal.FetchedAppSettingsManager.queryAppSettings(FetchedAppSettingsManager.java:285)\n\tat com.facebook.UserSettingsManager$1.run(UserSettingsManager.java:156)\n\tat java.util.concurrent.ThreadPoolExecutor.runWorker(ThreadPoolExecutor.java:1137)\n\tat java.util.concurrent.ThreadPoolExecutor$Worker.run(ThreadPoolExecutor.java:637)\n\tat java.lang.Thread.run(Thread.java:1012)\n"
},
{
    "type": "log",
    "source": "class",
    "method": "isInitialized",
    "package_name": "com.fambase.venus",
    "class_name": "com.facebook.FacebookSdk",
    "timestamp": 1728283769380,
    "ref": "<class: com.facebook.FacebookSdk>",
    "arguments": "{}",
    "stack_trace": "java.lang.Exception\n\tat com.facebook.FacebookSdk.isInitialized(Native Method)\n\tat com.facebook.internal.Validate.sdkInitialized(Validate.java:134)\n\tat com.facebook.FacebookSdk.getApplicationId(FacebookSdk.java:909)\n\tat com.facebook.FacebookSdk.getApplicationId(Native Method)\n\tat com.facebook.internal.FetchedAppSettingsManager.queryAppSettings(FetchedAppSettingsManager.java:285)\n\tat com.facebook.UserSettingsManager$1.run(UserSettingsManager.java:156)\n\tat java.util.concurrent.ThreadPoolExecutor.runWorker(ThreadPoolExecutor.java:1137)\n\tat java.util.concurrent.ThreadPoolExecutor$Worker.run(ThreadPoolExecutor.java:637)\n\tat java.lang.Thread.run(Thread.java:1012)\n"
},
{
    "type": "log",
    "source": "class",
    "method": "getApplicationId",
    "package_name": "com.fambase.venus",
    "class_name": "com.facebook.FacebookSdk",
    "timestamp": 1728283769383,
    "ref": "<class: com.facebook.FacebookSdk>",
    "arguments": "{}",
    "stack_trace": "java.lang.Exception\n\tat com.facebook.FacebookSdk.getApplicationId(Native Method)\n\tat com.facebook.internal.FetchedAppSettingsManager.pollCallbacks(FetchedAppSettingsManager.java:237)\n\tat com.facebook.internal.FetchedAppSettingsManager.queryAppSettings(FetchedAppSettingsManager.java:287)\n\tat com.facebook.UserSettingsManager$1.run(UserSettingsManager.java:156)\n\tat java.util.concurrent.ThreadPoolExecutor.runWorker(ThreadPoolExecutor.java:1137)\n\tat java.util.concurrent.ThreadPoolExecutor$Worker.run(ThreadPoolExecutor.java:637)\n\tat java.lang.Thread.run(Thread.java:1012)\n"
},
{
    "type": "log",
    "source": "class",
    "method": "isInitialized",
    "package_name": "com.fambase.venus",
    "class_name": "com.facebook.FacebookSdk",
    "timestamp": 1728283769385,
    "ref": "<class: com.facebook.FacebookSdk>",
    "arguments": "{}",
    "stack_trace": "java.lang.Exception\n\tat com.facebook.FacebookSdk.isInitialized(Native Method)\n\tat com.facebook.internal.Validate.sdkInitialized(Validate.java:134)\n\tat com.facebook.FacebookSdk.getApplicationId(FacebookSdk.java:909)\n\tat com.facebook.FacebookSdk.getApplicationId(Native Method)\n\tat com.facebook.internal.FetchedAppSettingsManager.pollCallbacks(FetchedAppSettingsManager.java:237)\n\tat com.facebook.internal.FetchedAppSettingsManager.queryAppSettings(FetchedAppSettingsManager.java:287)\n\tat com.facebook.UserSettingsManager$1.run(UserSettingsManager.java:156)\n\tat java.util.concurrent.ThreadPoolExecutor.runWorker(ThreadPoolExecutor.java:1137)\n\tat java.util.concurrent.ThreadPoolExecutor$Worker.run(ThreadPoolExecutor.java:637)\n\tat java.lang.Thread.run(Thread.java:1012)\n"
},
{
    "type": "log",
    "source": "class",
    "method": "isLoggingBehaviorEnabled",
    "package_name": "com.fambase.venus",
    "class_name": "com.facebook.FacebookSdk",
    "timestamp": 1728283769553,
    "ref": "<class: com.facebook.FacebookSdk>",
    "arguments": "{\"0\":\"<instance: com.facebook.LoggingBehavior>\"}",
    "stack_trace": "java.lang.Exception\n\tat com.facebook.FacebookSdk.isLoggingBehaviorEnabled(Native Method)\n\tat com.facebook.internal.Logger.log(Logger.java:63)\n\tat com.facebook.GraphResponse.createResponsesFromStream(GraphResponse.java:277)\n\tat com.facebook.GraphResponse.fromHttpConnection(GraphResponse.java:255)\n\tat com.facebook.GraphRequest.executeConnectionAndWait(GraphRequest.java:1238)\n\tat com.facebook.GraphRequest.executeBatchAndWait(GraphRequest.java:1141)\n\tat com.facebook.GraphRequest.executeBatchAndWait(GraphRequest.java:1109)\n\tat com.facebook.GraphRequest.executeBatchAndWait(GraphRequest.java:1093)\n\tat com.facebook.GraphRequest.executeAndWait(GraphRequest.java:1068)\n\tat com.facebook.GraphRequest.executeAndWait(GraphRequest.java:962)\n\tat com.facebook.internal.FetchedAppGateKeepersManager.getAppGateKeepersQueryResponse(FetchedAppGateKeepersManager.java:239)\n\tat com.facebook.internal.FetchedAppGateKeepersManager.queryAppGateKeepers(FetchedAppGateKeepersManager.java:169)\n\tat com.facebook.internal.FetchedAppSettingsManager$1.run(FetchedAppSettingsManager.java:196)\n\tat java.util.concurrent.ThreadPoolExecutor.runWorker(ThreadPoolExecutor.java:1137)\n\tat java.util.concurrent.ThreadPoolExecutor$Worker.run(ThreadPoolExecutor.java:637)\n\tat java.lang.Thread.run(Thread.java:1012)\n"
},
{
    "type": "log",
    "source": "class",
    "method": "isDebugEnabled",
    "package_name": "com.fambase.venus",
    "class_name": "com.facebook.FacebookSdk",
    "timestamp": 1728283769557,
    "ref": "<class: com.facebook.FacebookSdk>",
    "arguments": "{}",
    "stack_trace": "java.lang.Exception\n\tat com.facebook.FacebookSdk.isDebugEnabled(Native Method)\n\tat com.facebook.FacebookSdk.isLoggingBehaviorEnabled(FacebookSdk.java:510)\n\tat com.facebook.FacebookSdk.isLoggingBehaviorEnabled(Native Method)\n\tat com.facebook.internal.Logger.log(Logger.java:63)\n\tat com.facebook.GraphResponse.createResponsesFromStream(GraphResponse.java:277)\n\tat com.facebook.GraphResponse.fromHttpConnection(GraphResponse.java:255)\n\tat com.facebook.GraphRequest.executeConnectionAndWait(GraphRequest.java:1238)\n\tat com.facebook.GraphRequest.executeBatchAndWait(GraphRequest.java:1141)\n\tat com.facebook.GraphRequest.executeBatchAndWait(GraphRequest.java:1109)\n\tat com.facebook.GraphRequest.executeBatchAndWait(GraphRequest.java:1093)\n\tat com.facebook.GraphRequest.executeAndWait(GraphRequest.java:1068)\n\tat com.facebook.GraphRequest.executeAndWait(GraphRequest.java:962)\n\tat com.facebook.internal.FetchedAppGateKeepersManager.getAppGateKeepersQueryResponse(FetchedAppGateKeepersManager.java:239)\n\tat com.facebook.internal.FetchedAppGateKeepersManager.queryAppGateKeepers(FetchedAppGateKeepersManager.java:169)\n\tat com.facebook.internal.FetchedAppSettingsManager$1.run(FetchedAppSettingsManager.java:196)\n\tat java.util.concurrent.ThreadPoolExecutor.runWorker(ThreadPoolExecutor.java:1137)\n\tat java.util.concurrent.ThreadPoolExecutor$Worker.run(ThreadPoolExecutor.java:637)\n\tat java.lang.Thread.run(Thread.java:1012)\n"
},
{
    "type": "log",
    "source": "class",
    "method": "isLoggingBehaviorEnabled",
    "package_name": "com.fambase.venus",
    "class_name": "com.facebook.FacebookSdk",
    "timestamp": 1728283769597,
    "ref": "<class: com.facebook.FacebookSdk>",
    "arguments": "{\"0\":\"<instance: com.facebook.LoggingBehavior>\"}",
    "stack_trace": "java.lang.Exception\n\tat com.facebook.FacebookSdk.isLoggingBehaviorEnabled(Native Method)\n\tat com.facebook.internal.Logger.log(Logger.java:63)\n\tat com.facebook.GraphResponse.createResponsesFromString(GraphResponse.java:294)\n\tat com.facebook.GraphResponse.createResponsesFromStream(GraphResponse.java:284)\n\tat com.facebook.GraphResponse.fromHttpConnection(GraphResponse.java:255)\n\tat com.facebook.GraphRequest.executeConnectionAndWait(GraphRequest.java:1238)\n\tat com.facebook.GraphRequest.executeBatchAndWait(GraphRequest.java:1141)\n\tat com.facebook.GraphRequest.executeBatchAndWait(GraphRequest.java:1109)\n\tat com.facebook.GraphRequest.executeBatchAndWait(GraphRequest.java:1093)\n\tat com.facebook.GraphRequest.executeAndWait(GraphRequest.java:1068)\n\tat com.facebook.GraphRequest.executeAndWait(GraphRequest.java:962)\n\tat com.facebook.internal.FetchedAppGateKeepersManager.getAppGateKeepersQueryResponse(FetchedAppGateKeepersManager.java:239)\n\tat com.facebook.internal.FetchedAppGateKeepersManager.queryAppGateKeepers(FetchedAppGateKeepersManager.java:169)\n\tat com.facebook.internal.FetchedAppSettingsManager$1.run(FetchedAppSettingsManager.java:196)\n\tat java.util.concurrent.ThreadPoolExecutor.runWorker(ThreadPoolExecutor.java:1137)\n\tat java.util.concurrent.ThreadPoolExecutor$Worker.run(ThreadPoolExecutor.java:637)\n\tat java.lang.Thread.run(Thread.java:1012)\n"
},
{
    "type": "log",
    "source": "class",
    "method": "isDebugEnabled",
    "package_name": "com.fambase.venus",
    "class_name": "com.facebook.FacebookSdk",
    "timestamp": 1728283769600,
    "ref": "<class: com.facebook.FacebookSdk>",
    "arguments": "{}",
    "stack_trace": "java.lang.Exception\n\tat com.facebook.FacebookSdk.isDebugEnabled(Native Method)\n\tat com.facebook.FacebookSdk.isLoggingBehaviorEnabled(FacebookSdk.java:510)\n\tat com.facebook.FacebookSdk.isLoggingBehaviorEnabled(Native Method)\n\tat com.facebook.internal.Logger.log(Logger.java:63)\n\tat com.facebook.GraphResponse.createResponsesFromString(GraphResponse.java:294)\n\tat com.facebook.GraphResponse.createResponsesFromStream(GraphResponse.java:284)\n\tat com.facebook.GraphResponse.fromHttpConnection(GraphResponse.java:255)\n\tat com.facebook.GraphRequest.executeConnectionAndWait(GraphRequest.java:1238)\n\tat com.facebook.GraphRequest.executeBatchAndWait(GraphRequest.java:1141)\n\tat com.facebook.GraphRequest.executeBatchAndWait(GraphRequest.java:1109)\n\tat com.facebook.GraphRequest.executeBatchAndWait(GraphRequest.java:1093)\n\tat com.facebook.GraphRequest.executeAndWait(GraphRequest.java:1068)\n\tat com.facebook.GraphRequest.executeAndWait(GraphRequest.java:962)\n\tat com.facebook.internal.FetchedAppGateKeepersManager.getAppGateKeepersQueryResponse(FetchedAppGateKeepersManager.java:239)\n\tat com.facebook.internal.FetchedAppGateKeepersManager.queryAppGateKeepers(FetchedAppGateKeepersManager.java:169)\n\tat com.facebook.internal.FetchedAppSettingsManager$1.run(FetchedAppSettingsManager.java:196)\n\tat java.util.concurrent.ThreadPoolExecutor.runWorker(ThreadPoolExecutor.java:1137)\n\tat java.util.concurrent.ThreadPoolExecutor$Worker.run(ThreadPoolExecutor.java:637)\n\tat java.lang.Thread.run(Thread.java:1012)\n"
},
{
    "type": "log",
    "source": "class",
    "method": "getApplicationContext",
    "package_name": "com.fambase.venus",
    "class_name": "com.facebook.FacebookSdk",
    "timestamp": 1728283769604,
    "ref": "<class: com.facebook.FacebookSdk>",
    "arguments": "{}",
    "stack_trace": "java.lang.Exception\n\tat com.facebook.FacebookSdk.getApplicationContext(Native Method)\n\tat com.facebook.internal.FetchedAppGateKeepersManager.queryAppGateKeepers(FetchedAppGateKeepersManager.java:174)\n\tat com.facebook.internal.FetchedAppSettingsManager$1.run(FetchedAppSettingsManager.java:196)\n\tat java.util.concurrent.ThreadPoolExecutor.runWorker(ThreadPoolExecutor.java:1137)\n\tat java.util.concurrent.ThreadPoolExecutor$Worker.run(ThreadPoolExecutor.java:637)\n\tat java.lang.Thread.run(Thread.java:1012)\n"
},
{
    "type": "log",
    "source": "class",
    "method": "isInitialized",
    "package_name": "com.fambase.venus",
    "class_name": "com.facebook.FacebookSdk",
    "timestamp": 1728283769606,
    "ref": "<class: com.facebook.FacebookSdk>",
    "arguments": "{}",
    "stack_trace": "java.lang.Exception\n\tat com.facebook.FacebookSdk.isInitialized(Native Method)\n\tat com.facebook.internal.Validate.sdkInitialized(Validate.java:134)\n\tat com.facebook.FacebookSdk.getApplicationContext(FacebookSdk.java:648)\n\tat com.facebook.FacebookSdk.getApplicationContext(Native Method)\n\tat com.facebook.internal.FetchedAppGateKeepersManager.queryAppGateKeepers(FetchedAppGateKeepersManager.java:174)\n\tat com.facebook.internal.FetchedAppSettingsManager$1.run(FetchedAppSettingsManager.java:196)\n\tat java.util.concurrent.ThreadPoolExecutor.runWorker(ThreadPoolExecutor.java:1137)\n\tat java.util.concurrent.ThreadPoolExecutor$Worker.run(ThreadPoolExecutor.java:637)\n\tat java.lang.Thread.run(Thread.java:1012)\n"
},
{
    "type": "log",
    "source": "class",
    "method": "getApplicationContext",
    "package_name": "com.fambase.venus",
    "class_name": "com.facebook.FacebookSdk",
    "timestamp": 1728283769648,
    "ref": "<class: com.facebook.FacebookSdk>",
    "arguments": "{}",
    "stack_trace": "java.lang.Exception\n\tat com.facebook.FacebookSdk.getApplicationContext(Native Method)\n\tat com.facebook.appevents.internal.AutomaticAnalyticsLogger.<clinit>(AutomaticAnalyticsLogger.java:57)\n\tat com.facebook.appevents.internal.AutomaticAnalyticsLogger.logActivateAppEvent(AutomaticAnalyticsLogger.java:60)\n\tat com.facebook.internal.FetchedAppSettingsManager$1.run(FetchedAppSettingsManager.java:199)\n\tat java.util.concurrent.ThreadPoolExecutor.runWorker(ThreadPoolExecutor.java:1137)\n\tat java.util.concurrent.ThreadPoolExecutor$Worker.run(ThreadPoolExecutor.java:637)\n\tat java.lang.Thread.run(Thread.java:1012)\n"
},
{
    "type": "log",
    "source": "class",
    "method": "isInitialized",
    "package_name": "com.fambase.venus",
    "class_name": "com.facebook.FacebookSdk",
    "timestamp": 1728283769650,
    "ref": "<class: com.facebook.FacebookSdk>",
    "arguments": "{}",
    "stack_trace": "java.lang.Exception\n\tat com.facebook.FacebookSdk.isInitialized(Native Method)\n\tat com.facebook.internal.Validate.sdkInitialized(Validate.java:134)\n\tat com.facebook.FacebookSdk.getApplicationContext(FacebookSdk.java:648)\n\tat com.facebook.FacebookSdk.getApplicationContext(Native Method)\n\tat com.facebook.appevents.internal.AutomaticAnalyticsLogger.<clinit>(AutomaticAnalyticsLogger.java:57)\n\tat com.facebook.appevents.internal.AutomaticAnalyticsLogger.logActivateAppEvent(AutomaticAnalyticsLogger.java:60)\n\tat com.facebook.internal.FetchedAppSettingsManager$1.run(FetchedAppSettingsManager.java:199)\n\tat java.util.concurrent.ThreadPoolExecutor.runWorker(ThreadPoolExecutor.java:1137)\n\tat java.util.concurrent.ThreadPoolExecutor$Worker.run(ThreadPoolExecutor.java:637)\n\tat java.lang.Thread.run(Thread.java:1012)\n"
},
{
    "type": "log",
    "source": "class",
    "method": "isInitialized",
    "package_name": "com.fambase.venus",
    "class_name": "com.facebook.FacebookSdk",
    "timestamp": 1728283769652,
    "ref": "<class: com.facebook.FacebookSdk>",
    "arguments": "{}",
    "stack_trace": "java.lang.Exception\n\tat com.facebook.FacebookSdk.isInitialized(Native Method)\n\tat com.facebook.internal.Validate.sdkInitialized(Validate.java:134)\n\tat com.facebook.appevents.AppEventsLoggerImpl.<init>(AppEventsLoggerImpl.java:487)\n\tat com.facebook.appevents.AppEventsLoggerImpl.<init>(AppEventsLoggerImpl.java:483)\n\tat com.facebook.appevents.InternalAppEventsLogger.<init>(InternalAppEventsLogger.java:45)\n\tat com.facebook.appevents.internal.AutomaticAnalyticsLogger.<clinit>(AutomaticAnalyticsLogger.java:57)\n\tat com.facebook.appevents.internal.AutomaticAnalyticsLogger.logActivateAppEvent(AutomaticAnalyticsLogger.java:60)\n\tat com.facebook.internal.FetchedAppSettingsManager$1.run(FetchedAppSettingsManager.java:199)\n\tat java.util.concurrent.ThreadPoolExecutor.runWorker(ThreadPoolExecutor.java:1137)\n\tat java.util.concurrent.ThreadPoolExecutor$Worker.run(ThreadPoolExecutor.java:637)\n\tat java.lang.Thread.run(Thread.java:1012)\n"
},
{
    "type": "log",
    "source": "class",
    "method": "getApplicationContext",
    "package_name": "com.fambase.venus",
    "class_name": "com.facebook.FacebookSdk",
    "timestamp": 1728283769655,
    "ref": "<class: com.facebook.FacebookSdk>",
    "arguments": "{}",
    "stack_trace": "java.lang.Exception\n\tat com.facebook.FacebookSdk.getApplicationContext(Native Method)\n\tat com.facebook.appevents.AppEventsLoggerImpl.<init>(AppEventsLoggerImpl.java:501)\n\tat com.facebook.appevents.AppEventsLoggerImpl.<init>(AppEventsLoggerImpl.java:483)\n\tat com.facebook.appevents.InternalAppEventsLogger.<init>(InternalAppEventsLogger.java:45)\n\tat com.facebook.appevents.internal.AutomaticAnalyticsLogger.<clinit>(AutomaticAnalyticsLogger.java:57)\n\tat com.facebook.appevents.internal.AutomaticAnalyticsLogger.logActivateAppEvent(AutomaticAnalyticsLogger.java:60)\n\tat com.facebook.internal.FetchedAppSettingsManager$1.run(FetchedAppSettingsManager.java:199)\n\tat java.util.concurrent.ThreadPoolExecutor.runWorker(ThreadPoolExecutor.java:1137)\n\tat java.util.concurrent.ThreadPoolExecutor$Worker.run(ThreadPoolExecutor.java:637)\n\tat java.lang.Thread.run(Thread.java:1012)\n"
},
{
    "type": "log",
    "source": "class",
    "method": "isInitialized",
    "package_name": "com.fambase.venus",
    "class_name": "com.facebook.FacebookSdk",
    "timestamp": 1728283769657,
    "ref": "<class: com.facebook.FacebookSdk>",
    "arguments": "{}",
    "stack_trace": "java.lang.Exception\n\tat com.facebook.FacebookSdk.isInitialized(Native Method)\n\tat com.facebook.internal.Validate.sdkInitialized(Validate.java:134)\n\tat com.facebook.FacebookSdk.getApplicationContext(FacebookSdk.java:648)\n\tat com.facebook.FacebookSdk.getApplicationContext(Native Method)\n\tat com.facebook.appevents.AppEventsLoggerImpl.<init>(AppEventsLoggerImpl.java:501)\n\tat com.facebook.appevents.AppEventsLoggerImpl.<init>(AppEventsLoggerImpl.java:483)\n\tat com.facebook.appevents.InternalAppEventsLogger.<init>(InternalAppEventsLogger.java:45)\n\tat com.facebook.appevents.internal.AutomaticAnalyticsLogger.<clinit>(AutomaticAnalyticsLogger.java:57)\n\tat com.facebook.appevents.internal.AutomaticAnalyticsLogger.logActivateAppEvent(AutomaticAnalyticsLogger.java:60)\n\tat com.facebook.internal.FetchedAppSettingsManager$1.run(FetchedAppSettingsManager.java:199)\n\tat java.util.concurrent.ThreadPoolExecutor.runWorker(ThreadPoolExecutor.java:1137)\n\tat java.util.concurrent.ThreadPoolExecutor$Worker.run(ThreadPoolExecutor.java:637)\n\tat java.lang.Thread.run(Thread.java:1012)\n"
},
{
    "type": "log",
    "source": "class",
    "method": "sdkInitialize",
    "package_name": "com.fambase.venus",
    "class_name": "com.facebook.FacebookSdk",
    "timestamp": 1728283769660,
    "ref": "<class: com.facebook.FacebookSdk>",
    "arguments": "{\"0\":\"<instance: android.content.Context, $className: com.fambase.venus.VenusApp>\"}",
    "stack_trace": "java.lang.Exception\n\tat com.facebook.FacebookSdk.sdkInitialize(Native Method)\n\tat com.facebook.internal.Utility.getMetadataApplicationId(Utility.java:442)\n\tat com.facebook.appevents.AppEventsLoggerImpl.<init>(AppEventsLoggerImpl.java:501)\n\tat com.facebook.appevents.AppEventsLoggerImpl.<init>(AppEventsLoggerImpl.java:483)\n\tat com.facebook.appevents.InternalAppEventsLogger.<init>(InternalAppEventsLogger.java:45)\n\tat com.facebook.appevents.internal.AutomaticAnalyticsLogger.<clinit>(AutomaticAnalyticsLogger.java:57)\n\tat com.facebook.appevents.internal.AutomaticAnalyticsLogger.logActivateAppEvent(AutomaticAnalyticsLogger.java:60)\n\tat com.facebook.internal.FetchedAppSettingsManager$1.run(FetchedAppSettingsManager.java:199)\n\tat java.util.concurrent.ThreadPoolExecutor.runWorker(ThreadPoolExecutor.java:1137)\n\tat java.util.concurrent.ThreadPoolExecutor$Worker.run(ThreadPoolExecutor.java:637)\n\tat java.lang.Thread.run(Thread.java:1012)\n"
},
{
    "type": "log",
    "source": "class",
    "method": "sdkInitialize",
    "package_name": "com.fambase.venus",
    "class_name": "com.facebook.FacebookSdk",
    "timestamp": 1728283769663,
    "ref": "<class: com.facebook.FacebookSdk>",
    "arguments": "{\"0\":\"<instance: android.content.Context, $className: com.fambase.venus.VenusApp>\",\"1\":null}",
    "stack_trace": "java.lang.Exception\n\tat com.facebook.FacebookSdk.sdkInitialize(Native Method)\n\tat com.facebook.FacebookSdk.sdkInitialize(FacebookSdk.java:248)\n\tat com.facebook.FacebookSdk.sdkInitialize(Native Method)\n\tat com.facebook.internal.Utility.getMetadataApplicationId(Utility.java:442)\n\tat com.facebook.appevents.AppEventsLoggerImpl.<init>(AppEventsLoggerImpl.java:501)\n\tat com.facebook.appevents.AppEventsLoggerImpl.<init>(AppEventsLoggerImpl.java:483)\n\tat com.facebook.appevents.InternalAppEventsLogger.<init>(InternalAppEventsLogger.java:45)\n\tat com.facebook.appevents.internal.AutomaticAnalyticsLogger.<clinit>(AutomaticAnalyticsLogger.java:57)\n\tat com.facebook.appevents.internal.AutomaticAnalyticsLogger.logActivateAppEvent(AutomaticAnalyticsLogger.java:60)\n\tat com.facebook.internal.FetchedAppSettingsManager$1.run(FetchedAppSettingsManager.java:199)\n\tat java.util.concurrent.ThreadPoolExecutor.runWorker(ThreadPoolExecutor.java:1137)\n\tat java.util.concurrent.ThreadPoolExecutor$Worker.run(ThreadPoolExecutor.java:637)\n\tat java.lang.Thread.run(Thread.java:1012)\n"
},
{
    "type": "log",
    "source": "class",
    "method": "getApplicationId",
    "package_name": "com.fambase.venus",
    "class_name": "com.facebook.FacebookSdk",
    "timestamp": 1728283769666,
    "ref": "<class: com.facebook.FacebookSdk>",
    "arguments": "{}",
    "stack_trace": "java.lang.Exception\n\tat com.facebook.FacebookSdk.getApplicationId(Native Method)\n\tat com.facebook.internal.Utility.getMetadataApplicationId(Utility.java:444)\n\tat com.facebook.appevents.AppEventsLoggerImpl.<init>(AppEventsLoggerImpl.java:501)\n\tat com.facebook.appevents.AppEventsLoggerImpl.<init>(AppEventsLoggerImpl.java:483)\n\tat com.facebook.appevents.InternalAppEventsLogger.<init>(InternalAppEventsLogger.java:45)\n\tat com.facebook.appevents.internal.AutomaticAnalyticsLogger.<clinit>(AutomaticAnalyticsLogger.java:57)\n\tat com.facebook.appevents.internal.AutomaticAnalyticsLogger.logActivateAppEvent(AutomaticAnalyticsLogger.java:60)\n\tat com.facebook.internal.FetchedAppSettingsManager$1.run(FetchedAppSettingsManager.java:199)\n\tat java.util.concurrent.ThreadPoolExecutor.runWorker(ThreadPoolExecutor.java:1137)\n\tat java.util.concurrent.ThreadPoolExecutor$Worker.run(ThreadPoolExecutor.java:637)\n\tat java.lang.Thread.run(Thread.java:1012)\n"
},
{
    "type": "log",
    "source": "class",
    "method": "isInitialized",
    "package_name": "com.fambase.venus",
    "class_name": "com.facebook.FacebookSdk",
    "timestamp": 1728283769668,
    "ref": "<class: com.facebook.FacebookSdk>",
    "arguments": "{}",
    "stack_trace": "java.lang.Exception\n\tat com.facebook.FacebookSdk.isInitialized(Native Method)\n\tat com.facebook.internal.Validate.sdkInitialized(Validate.java:134)\n\tat com.facebook.FacebookSdk.getApplicationId(FacebookSdk.java:909)\n\tat com.facebook.FacebookSdk.getApplicationId(Native Method)\n\tat com.facebook.internal.Utility.getMetadataApplicationId(Utility.java:444)\n\tat com.facebook.appevents.AppEventsLoggerImpl.<init>(AppEventsLoggerImpl.java:501)\n\tat com.facebook.appevents.AppEventsLoggerImpl.<init>(AppEventsLoggerImpl.java:483)\n\tat com.facebook.appevents.InternalAppEventsLogger.<init>(InternalAppEventsLogger.java:45)\n\tat com.facebook.appevents.internal.AutomaticAnalyticsLogger.<clinit>(AutomaticAnalyticsLogger.java:57)\n\tat com.facebook.appevents.internal.AutomaticAnalyticsLogger.logActivateAppEvent(AutomaticAnalyticsLogger.java:60)\n\tat com.facebook.internal.FetchedAppSettingsManager$1.run(FetchedAppSettingsManager.java:199)\n\tat java.util.concurrent.ThreadPoolExecutor.runWorker(ThreadPoolExecutor.java:1137)\n\tat java.util.concurrent.ThreadPoolExecutor$Worker.run(ThreadPoolExecutor.java:637)\n\tat java.lang.Thread.run(Thread.java:1012)\n"
},
{
    "type": "log",
    "source": "class",
    "method": "getApplicationContext",
    "package_name": "com.fambase.venus",
    "class_name": "com.facebook.FacebookSdk",
    "timestamp": 1728283769671,
    "ref": "<class: com.facebook.FacebookSdk>",
    "arguments": "{}",
    "stack_trace": "java.lang.Exception\n\tat com.facebook.FacebookSdk.getApplicationContext(Native Method)\n\tat com.facebook.appevents.internal.AutomaticAnalyticsLogger.logActivateAppEvent(AutomaticAnalyticsLogger.java:60)\n\tat com.facebook.internal.FetchedAppSettingsManager$1.run(FetchedAppSettingsManager.java:199)\n\tat java.util.concurrent.ThreadPoolExecutor.runWorker(ThreadPoolExecutor.java:1137)\n\tat java.util.concurrent.ThreadPoolExecutor$Worker.run(ThreadPoolExecutor.java:637)\n\tat java.lang.Thread.run(Thread.java:1012)\n"
},
{
    "type": "log",
    "source": "class",
    "method": "isInitialized",
    "package_name": "com.fambase.venus",
    "class_name": "com.facebook.FacebookSdk",
    "timestamp": 1728283769673,
    "ref": "<class: com.facebook.FacebookSdk>",
    "arguments": "{}",
    "stack_trace": "java.lang.Exception\n\tat com.facebook.FacebookSdk.isInitialized(Native Method)\n\tat com.facebook.internal.Validate.sdkInitialized(Validate.java:134)\n\tat com.facebook.FacebookSdk.getApplicationContext(FacebookSdk.java:648)\n\tat com.facebook.FacebookSdk.getApplicationContext(Native Method)\n\tat com.facebook.appevents.internal.AutomaticAnalyticsLogger.logActivateAppEvent(AutomaticAnalyticsLogger.java:60)\n\tat com.facebook.internal.FetchedAppSettingsManager$1.run(FetchedAppSettingsManager.java:199)\n\tat java.util.concurrent.ThreadPoolExecutor.runWorker(ThreadPoolExecutor.java:1137)\n\tat java.util.concurrent.ThreadPoolExecutor$Worker.run(ThreadPoolExecutor.java:637)\n\tat java.lang.Thread.run(Thread.java:1012)\n"
},
{
    "type": "log",
    "source": "class",
    "method": "getApplicationId",
    "package_name": "com.fambase.venus",
    "class_name": "com.facebook.FacebookSdk",
    "timestamp": 1728283769675,
    "ref": "<class: com.facebook.FacebookSdk>",
    "arguments": "{}",
    "stack_trace": "java.lang.Exception\n\tat com.facebook.FacebookSdk.getApplicationId(Native Method)\n\tat com.facebook.appevents.internal.AutomaticAnalyticsLogger.logActivateAppEvent(AutomaticAnalyticsLogger.java:61)\n\tat com.facebook.internal.FetchedAppSettingsManager$1.run(FetchedAppSettingsManager.java:199)\n\tat java.util.concurrent.ThreadPoolExecutor.runWorker(ThreadPoolExecutor.java:1137)\n\tat java.util.concurrent.ThreadPoolExecutor$Worker.run(ThreadPoolExecutor.java:637)\n\tat java.lang.Thread.run(Thread.java:1012)\n"
},
{
    "type": "log",
    "source": "class",
    "method": "isInitialized",
    "package_name": "com.fambase.venus",
    "class_name": "com.facebook.FacebookSdk",
    "timestamp": 1728283769677,
    "ref": "<class: com.facebook.FacebookSdk>",
    "arguments": "{}",
    "stack_trace": "java.lang.Exception\n\tat com.facebook.FacebookSdk.isInitialized(Native Method)\n\tat com.facebook.internal.Validate.sdkInitialized(Validate.java:134)\n\tat com.facebook.FacebookSdk.getApplicationId(FacebookSdk.java:909)\n\tat com.facebook.FacebookSdk.getApplicationId(Native Method)\n\tat com.facebook.appevents.internal.AutomaticAnalyticsLogger.logActivateAppEvent(AutomaticAnalyticsLogger.java:61)\n\tat com.facebook.internal.FetchedAppSettingsManager$1.run(FetchedAppSettingsManager.java:199)\n\tat java.util.concurrent.ThreadPoolExecutor.runWorker(ThreadPoolExecutor.java:1137)\n\tat java.util.concurrent.ThreadPoolExecutor$Worker.run(ThreadPoolExecutor.java:637)\n\tat java.lang.Thread.run(Thread.java:1012)\n"
},
{
    "type": "log",
    "source": "class",
    "method": "getAutoLogAppEventsEnabled",
    "package_name": "com.fambase.venus",
    "class_name": "com.facebook.FacebookSdk",
    "timestamp": 1728283769679,
    "ref": "<class: com.facebook.FacebookSdk>",
    "arguments": "{}",
    "stack_trace": "java.lang.Exception\n\tat com.facebook.FacebookSdk.getAutoLogAppEventsEnabled(Native Method)\n\tat com.facebook.appevents.internal.AutomaticAnalyticsLogger.logActivateAppEvent(AutomaticAnalyticsLogger.java:62)\n\tat com.facebook.internal.FetchedAppSettingsManager$1.run(FetchedAppSettingsManager.java:199)\n\tat java.util.concurrent.ThreadPoolExecutor.runWorker(ThreadPoolExecutor.java:1137)\n\tat java.util.concurrent.ThreadPoolExecutor$Worker.run(ThreadPoolExecutor.java:637)\n\tat java.lang.Thread.run(Thread.java:1012)\n"
},
{
    "type": "log",
    "source": "class",
    "method": "isInitialized",
    "package_name": "com.fambase.venus",
    "class_name": "com.facebook.FacebookSdk",
    "timestamp": 1728283769680,
    "ref": "<class: com.facebook.FacebookSdk>",
    "arguments": "{}",
    "stack_trace": "java.lang.Exception\n\tat com.facebook.FacebookSdk.isInitialized(Native Method)\n\tat com.facebook.UserSettingsManager.initializeIfNotInitialized(UserSettingsManager.java:98)\n\tat com.facebook.UserSettingsManager.getAutoLogAppEventsEnabled(UserSettingsManager.java:370)\n\tat com.facebook.FacebookSdk.getAutoLogAppEventsEnabled(FacebookSdk.java:987)\n\tat com.facebook.FacebookSdk.getAutoLogAppEventsEnabled(Native Method)\n\tat com.facebook.appevents.internal.AutomaticAnalyticsLogger.logActivateAppEvent(AutomaticAnalyticsLogger.java:62)\n\tat com.facebook.internal.FetchedAppSettingsManager$1.run(FetchedAppSettingsManager.java:199)\n\tat java.util.concurrent.ThreadPoolExecutor.runWorker(ThreadPoolExecutor.java:1137)\n\tat java.util.concurrent.ThreadPoolExecutor$Worker.run(ThreadPoolExecutor.java:637)\n\tat java.lang.Thread.run(Thread.java:1012)\n"
},
{
    "type": "log",
    "source": "class",
    "method": "isInitialized",
    "package_name": "com.fambase.venus",
    "class_name": "com.facebook.FacebookSdk",
    "timestamp": 1728283769683,
    "ref": "<class: com.facebook.FacebookSdk>",
    "arguments": "{}",
    "stack_trace": "java.lang.Exception\n\tat com.facebook.FacebookSdk.isInitialized(Native Method)\n\tat com.facebook.appevents.AppEventsLoggerImpl.activateApp(AppEventsLoggerImpl.java:92)\n\tat com.facebook.appevents.AppEventsLogger.activateApp(AppEventsLogger.java:153)\n\tat com.facebook.appevents.internal.AutomaticAnalyticsLogger.logActivateAppEvent(AutomaticAnalyticsLogger.java:66)\n\tat com.facebook.internal.FetchedAppSettingsManager$1.run(FetchedAppSettingsManager.java:199)\n\tat java.util.concurrent.ThreadPoolExecutor.runWorker(ThreadPoolExecutor.java:1137)\n\tat java.util.concurrent.ThreadPoolExecutor$Worker.run(ThreadPoolExecutor.java:637)\n\tat java.lang.Thread.run(Thread.java:1012)\n"
},
{
    "type": "log",
    "source": "class",
    "method": "getApplicationContext",
    "package_name": "com.fambase.venus",
    "class_name": "com.facebook.FacebookSdk",
    "timestamp": 1728283769686,
    "ref": "<class: com.facebook.FacebookSdk>",
    "arguments": "{}",
    "stack_trace": "java.lang.Exception\n\tat com.facebook.FacebookSdk.getApplicationContext(Native Method)\n\tat com.facebook.appevents.UserDataStore.initAndWait(UserDataStore.java:208)\n\tat com.facebook.appevents.UserDataStore.initStore(UserDataStore.java:75)\n\tat com.facebook.appevents.AppEventsLoggerImpl.activateApp(AppEventsLoggerImpl.java:98)\n\tat com.facebook.appevents.AppEventsLogger.activateApp(AppEventsLogger.java:153)\n\tat com.facebook.appevents.internal.AutomaticAnalyticsLogger.logActivateAppEvent(AutomaticAnalyticsLogger.java:66)\n\tat com.facebook.internal.FetchedAppSettingsManager$1.run(FetchedAppSettingsManager.java:199)\n\tat java.util.concurrent.ThreadPoolExecutor.runWorker(ThreadPoolExecutor.java:1137)\n\tat java.util.concurrent.ThreadPoolExecutor$Worker.run(ThreadPoolExecutor.java:637)\n\tat java.lang.Thread.run(Thread.java:1012)\n"
},
{
    "type": "log",
    "source": "class",
    "method": "getApplicationContext",
    "package_name": "com.fambase.venus",
    "class_name": "com.facebook.FacebookSdk",
    "timestamp": 1728283769686,
    "ref": "<class: com.facebook.FacebookSdk>",
    "arguments": "{}",
    "stack_trace": "java.lang.Exception\n\tat com.facebook.FacebookSdk.getApplicationContext(Native Method)\n\tat com.facebook.appevents.AnalyticsUserIDStore.initAndWait(AnalyticsUserIDStore.java:111)\n\tat com.facebook.appevents.AnalyticsUserIDStore.access$000(AnalyticsUserIDStore.java:33)\n\tat com.facebook.appevents.AnalyticsUserIDStore$1.run(AnalyticsUserIDStore.java:52)\n\tat java.util.concurrent.Executors$RunnableAdapter.call(Executors.java:463)\n\tat java.util.concurrent.FutureTask.run(FutureTask.java:264)\n\tat java.util.concurrent.ScheduledThreadPoolExecutor$ScheduledFutureTask.run(ScheduledThreadPoolExecutor.java:307)\n\tat java.util.concurrent.ThreadPoolExecutor.runWorker(ThreadPoolExecutor.java:1137)\n\tat java.util.concurrent.ThreadPoolExecutor$Worker.run(ThreadPoolExecutor.java:637)\n\tat java.lang.Thread.run(Thread.java:1012)\n"
},
{
    "type": "log",
    "source": "class",
    "method": "isInitialized",
    "package_name": "com.fambase.venus",
    "class_name": "com.facebook.FacebookSdk",
    "timestamp": 1728283769689,
    "ref": "<class: com.facebook.FacebookSdk>",
    "arguments": "{}",
    "stack_trace": "java.lang.Exception\n\tat com.facebook.FacebookSdk.isInitialized(Native Method)\n\tat com.facebook.internal.Validate.sdkInitialized(Validate.java:134)\n\tat com.facebook.FacebookSdk.getApplicationContext(FacebookSdk.java:648)\n\tat com.facebook.FacebookSdk.getApplicationContext(Native Method)\n\tat com.facebook.appevents.UserDataStore.initAndWait(UserDataStore.java:208)\n\tat com.facebook.appevents.UserDataStore.initStore(UserDataStore.java:75)\n\tat com.facebook.appevents.AppEventsLoggerImpl.activateApp(AppEventsLoggerImpl.java:98)\n\tat com.facebook.appevents.AppEventsLogger.activateApp(AppEventsLogger.java:153)\n\tat com.facebook.appevents.internal.AutomaticAnalyticsLogger.logActivateAppEvent(AutomaticAnalyticsLogger.java:66)\n\tat com.facebook.internal.FetchedAppSettingsManager$1.run(FetchedAppSettingsManager.java:199)\n\tat java.util.concurrent.ThreadPoolExecutor.runWorker(ThreadPoolExecutor.java:1137)\n\tat java.util.concurrent.ThreadPoolExecutor$Worker.run(ThreadPoolExecutor.java:637)\n\tat java.lang.Thread.run(Thread.java:1012)\n"
},
{
    "type": "log",
    "source": "class",
    "method": "isInitialized",
    "package_name": "com.fambase.venus",
    "class_name": "com.facebook.FacebookSdk",
    "timestamp": 1728283769692,
    "ref": "<class: com.facebook.FacebookSdk>",
    "arguments": "{}",
    "stack_trace": "java.lang.Exception\n\tat com.facebook.FacebookSdk.isInitialized(Native Method)\n\tat com.facebook.internal.Validate.sdkInitialized(Validate.java:134)\n\tat com.facebook.FacebookSdk.getApplicationContext(FacebookSdk.java:648)\n\tat com.facebook.FacebookSdk.getApplicationContext(Native Method)\n\tat com.facebook.appevents.AnalyticsUserIDStore.initAndWait(AnalyticsUserIDStore.java:111)\n\tat com.facebook.appevents.AnalyticsUserIDStore.access$000(AnalyticsUserIDStore.java:33)\n\tat com.facebook.appevents.AnalyticsUserIDStore$1.run(AnalyticsUserIDStore.java:52)\n\tat java.util.concurrent.Executors$RunnableAdapter.call(Executors.java:463)\n\tat java.util.concurrent.FutureTask.run(FutureTask.java:264)\n\tat java.util.concurrent.ScheduledThreadPoolExecutor$ScheduledFutureTask.run(ScheduledThreadPoolExecutor.java:307)\n\tat java.util.concurrent.ThreadPoolExecutor.runWorker(ThreadPoolExecutor.java:1137)\n\tat java.util.concurrent.ThreadPoolExecutor$Worker.run(ThreadPoolExecutor.java:637)\n\tat java.lang.Thread.run(Thread.java:1012)\n"
},
{
    "type": "log",
    "source": "class",
    "method": "publishInstallAsync",
    "package_name": "com.fambase.venus",
    "class_name": "com.facebook.FacebookSdk",
    "timestamp": 1728283769693,
    "ref": "<class: com.facebook.FacebookSdk>",
    "arguments": "{\"0\":\"<instance: android.content.Context, $className: com.fambase.venus.VenusApp>\",\"1\":\"274139400435343\"}",
    "stack_trace": "java.lang.Exception\n\tat com.facebook.FacebookSdk.publishInstallAsync(Native Method)\n\tat com.facebook.appevents.AppEventsLoggerImpl.activateApp(AppEventsLoggerImpl.java:107)\n\tat com.facebook.appevents.AppEventsLogger.activateApp(AppEventsLogger.java:153)\n\tat com.facebook.appevents.internal.AutomaticAnalyticsLogger.logActivateAppEvent(AutomaticAnalyticsLogger.java:66)\n\tat com.facebook.internal.FetchedAppSettingsManager$1.run(FetchedAppSettingsManager.java:199)\n\tat java.util.concurrent.ThreadPoolExecutor.runWorker(ThreadPoolExecutor.java:1137)\n\tat java.util.concurrent.ThreadPoolExecutor$Worker.run(ThreadPoolExecutor.java:637)\n\tat java.lang.Thread.run(Thread.java:1012)\n"
},
{
    "type": "log",
    "source": "class",
    "method": "getExecutor",
    "package_name": "com.fambase.venus",
    "class_name": "com.facebook.FacebookSdk",
    "timestamp": 1728283769695,
    "ref": "<class: com.facebook.FacebookSdk>",
    "arguments": "{}",
    "stack_trace": "java.lang.Exception\n\tat com.facebook.FacebookSdk.getExecutor(Native Method)\n\tat com.facebook.FacebookSdk.publishInstallAsync(FacebookSdk.java:692)\n\tat com.facebook.FacebookSdk.publishInstallAsync(Native Method)\n\tat com.facebook.appevents.AppEventsLoggerImpl.activateApp(AppEventsLoggerImpl.java:107)\n\tat com.facebook.appevents.AppEventsLogger.activateApp(AppEventsLogger.java:153)\n\tat com.facebook.appevents.internal.AutomaticAnalyticsLogger.logActivateAppEvent(AutomaticAnalyticsLogger.java:66)\n\tat com.facebook.internal.FetchedAppSettingsManager$1.run(FetchedAppSettingsManager.java:199)\n\tat java.util.concurrent.ThreadPoolExecutor.runWorker(ThreadPoolExecutor.java:1137)\n\tat java.util.concurrent.ThreadPoolExecutor$Worker.run(ThreadPoolExecutor.java:637)\n\tat java.lang.Thread.run(Thread.java:1012)\n"
},
{
    "type": "log",
    "source": "class",
    "method": "publishInstallAndWaitForResponse",
    "package_name": "com.fambase.venus",
    "class_name": "com.facebook.FacebookSdk",
    "timestamp": 1728283769698,
    "ref": "<class: com.facebook.FacebookSdk>",
    "arguments": "{\"0\":\"<instance: android.content.Context, $className: com.fambase.venus.VenusApp>\",\"1\":\"274139400435343\"}",
    "stack_trace": "java.lang.Exception\n\tat com.facebook.FacebookSdk.publishInstallAndWaitForResponse(Native Method)\n\tat com.facebook.FacebookSdk$9.run(FacebookSdk.java:697)\n\tat java.util.concurrent.ThreadPoolExecutor.runWorker(ThreadPoolExecutor.java:1137)\n\tat java.util.concurrent.ThreadPoolExecutor$Worker.run(ThreadPoolExecutor.java:637)\n\tat java.lang.Thread.run(Thread.java:1012)\n"
},
{
    "type": "log",
    "source": "class",
    "method": "getApplicationId",
    "package_name": "com.fambase.venus",
    "class_name": "com.facebook.FacebookSdk",
    "timestamp": 1728283769698,
    "ref": "<class: com.facebook.FacebookSdk>",
    "arguments": "{}",
    "stack_trace": "java.lang.Exception\n\tat com.facebook.FacebookSdk.getApplicationId(Native Method)\n\tat com.facebook.internal.FetchedAppSettingsManager.pollCallbacks(FetchedAppSettingsManager.java:237)\n\tat com.facebook.internal.FetchedAppSettingsManager.access$500(FetchedAppSettingsManager.java:59)\n\tat com.facebook.internal.FetchedAppSettingsManager$1.run(FetchedAppSettingsManager.java:205)\n\tat java.util.concurrent.ThreadPoolExecutor.runWorker(ThreadPoolExecutor.java:1137)\n\tat java.util.concurrent.ThreadPoolExecutor$Worker.run(ThreadPoolExecutor.java:637)\n\tat java.lang.Thread.run(Thread.java:1012)\n"
},
{
    "type": "log",
    "source": "class",
    "method": "isInitialized",
    "package_name": "com.fambase.venus",
    "class_name": "com.facebook.FacebookSdk",
    "timestamp": 1728283769700,
    "ref": "<class: com.facebook.FacebookSdk>",
    "arguments": "{}",
    "stack_trace": "java.lang.Exception\n\tat com.facebook.FacebookSdk.isInitialized(Native Method)\n\tat com.facebook.internal.Validate.sdkInitialized(Validate.java:134)\n\tat com.facebook.FacebookSdk.getApplicationId(FacebookSdk.java:909)\n\tat com.facebook.FacebookSdk.getApplicationId(Native Method)\n\tat com.facebook.internal.FetchedAppSettingsManager.pollCallbacks(FetchedAppSettingsManager.java:237)\n\tat com.facebook.internal.FetchedAppSettingsManager.access$500(FetchedAppSettingsManager.java:59)\n\tat com.facebook.internal.FetchedAppSettingsManager$1.run(FetchedAppSettingsManager.java:205)\n\tat java.util.concurrent.ThreadPoolExecutor.runWorker(ThreadPoolExecutor.java:1137)\n\tat java.util.concurrent.ThreadPoolExecutor$Worker.run(ThreadPoolExecutor.java:637)\n\tat java.lang.Thread.run(Thread.java:1012)\n"
},
