{
    "type": "log",
    "source": "class",
    "method": "getInstance",
    "package_name": "com.feels",
    "class_name": "com.google.firebase.analytics.FirebaseAnalytics",
    "timestamp": 1728283924907,
    "ref": "<class: com.google.firebase.analytics.FirebaseAnalytics>",
    "arguments": "{\"0\":\"<instance: android.content.Context, $className: com.feels.MainApplication>\"}",
    "stack_trace": "java.lang.Exception\n\tat com.google.firebase.analytics.FirebaseAnalytics.getInstance(Native Method)\n\tat java.lang.reflect.Method.invoke(Native Method)\n\tat m.tf.f(:com.google.android.gms.dynamite_measurementdynamite@243834029@24.38.34 (190400-0):47)\n\tat m.rp.s(:com.google.android.gms.dynamite_measurementdynamite@243834029@24.38.34 (190400-0):81)\n\tat m.pp.run(:com.google.android.gms.dynamite_measurementdynamite@243834029@24.38.34 (190400-0):2084)\n\tat java.util.concurrent.Executors$RunnableAdapter.call(Executors.java:463)\n\tat java.util.concurrent.FutureTask.run(FutureTask.java:264)\n\tat m.pl.run(:com.google.android.gms.dynamite_measurementdynamite@243834029@24.38.34 (190400-0):48)\n"
},
{
    "type": "log",
    "source": "class",
    "method": "getFirebaseInstanceId",
    "package_name": "com.feels",
    "class_name": "com.google.firebase.analytics.FirebaseAnalytics",
    "timestamp": 1728283924918,
    "ref": "com.google.firebase.analytics.FirebaseAnalytics@ff5a389",
    "arguments": "{}",
    "stack_trace": "java.lang.Exception\n\tat com.google.firebase.analytics.FirebaseAnalytics.getFirebaseInstanceId(Native Method)\n\tat java.lang.reflect.Method.invoke(Native Method)\n\tat m.tf.f(:com.google.android.gms.dynamite_measurementdynamite@243834029@24.38.34 (190400-0):49)\n\tat m.rp.s(:com.google.android.gms.dynamite_measurementdynamite@243834029@24.38.34 (190400-0):81)\n\tat m.pp.run(:com.google.android.gms.dynamite_measurementdynamite@243834029@24.38.34 (190400-0):2084)\n\tat java.util.concurrent.Executors$RunnableAdapter.call(Executors.java:463)\n\tat java.util.concurrent.FutureTask.run(FutureTask.java:264)\n\tat m.pl.run(:com.google.android.gms.dynamite_measurementdynamite@243834029@24.38.34 (190400-0):48)\n"
},
{
    "type": "log",
    "source": "class",
    "method": "disableMigration",
    "package_name": "com.feels",
    "class_name": "com.batch.android.Batch",
    "timestamp": 1728283924929,
    "ref": "<class: com.batch.android.Batch>",
    "arguments": "{\"0\":\"<instance: java.util.EnumSet, $className: java.util.RegularEnumSet>\"}",
    "stack_trace": "java.lang.Exception\n\tat com.batch.android.Batch.disableMigration(Native Method)\n\tat com.batch.batch_rn.RNBatchModule.setDefaultProfileMigrations(RNBatchModule.java:135)\n\tat com.batch.batch_rn.RNBatchModule.initialize(RNBatchModule.java:101)\n\tat com.batch.batch_rn.RNBatchPackage.<init>(RNBatchPackage.java:18)\n\tat com.facebook.react.PackageList.getPackages(PackageList.java:161)\n\tat com.feels.MainApplication$reactNativeHost$1.getPackages(MainApplication.kt:20)\n\tat com.facebook.react.ReactNativeHost.createReactInstanceManager(ReactNativeHost.java:88)\n\tat com.facebook.react.ReactNativeHost.getReactInstanceManager(ReactNativeHost.java:43)\n\tat com.facebook.react.ReactDelegate.loadApp(ReactDelegate.java:173)\n\tat com.facebook.react.ReactActivityDelegate.loadApp(ReactActivityDelegate.java:123)\n\tat com.facebook.react.ReactActivityDelegate.onCreate(ReactActivityDelegate.java:118)\n\tat com.facebook.react.ReactActivity.onCreate(ReactActivity.java:46)\n\tat com.feels.MainActivity.onCreate(MainActivity.kt:23)\n\tat android.app.Activity.performCreate(Activity.java:8538)\n\tat android.app.Activity.performCreate(Activity.java:8502)\n\tat android.app.Instrumentation.callActivityOnCreate(Instrumentation.java:1440)\n\tat android.app.ActivityThread.performLaunchActivity(ActivityThread.java:3890)\n\tat android.app.ActivityThread.handleLaunchActivity(ActivityThread.java:4055)\n\tat android.app.servertransaction.LaunchActivityItem.execute(LaunchActivityItem.java:101)\n\tat android.app.servertransaction.TransactionExecutor.executeCallbacks(TransactionExecutor.java:135)\n\tat android.app.servertransaction.TransactionExecutor.execute(TransactionExecutor.java:95)\n\tat android.app.ActivityThread$H.handleMessage(ActivityThread.java:2415)\n\tat android.os.Handler.dispatchMessage(Handler.java:106)\n\tat android.os.Looper.loopOnce(Looper.java:211)\n\tat android.os.Looper.loop(Looper.java:300)\n\tat android.app.ActivityThread.main(ActivityThread.java:8395)\n\tat java.lang.reflect.Method.invoke(Native Method)\n\tat com.android.internal.os.RuntimeInit$MethodAndArgsCaller.run(RuntimeInit.java:559)\n\tat com.android.internal.os.ZygoteInit.main(ZygoteInit.java:954)\n"
},
{
    "type": "log",
    "source": "class",
    "method": "a",
    "package_name": "com.feels",
    "class_name": "com.batch.android.Batch",
    "timestamp": 1728283924953,
    "ref": "<class: com.batch.android.Batch>",
    "arguments": "{\"0\":\"<instance: java.util.EnumSet, $className: java.util.RegularEnumSet>\",\"1\":\"<instance: com.batch.android.a1.b>\"}",
    "stack_trace": "java.lang.Exception\n\tat com.batch.android.Batch.a(Native Method)\n\tat com.batch.android.Batch.$r8$lambda$83pLQDsS3zaRTL4-anqnAUnViYM(Unknown Source:0)\n\tat com.batch.android.Batch$$ExternalSyntheticLambda7.a(Unknown Source:2)\n\tat com.batch.android.a1.e.b(SourceFile:426)\n\tat com.batch.android.Batch.disableMigration(SourceFile:4)\n\tat com.batch.android.Batch.disableMigration(Native Method)\n\tat com.batch.batch_rn.RNBatchModule.setDefaultProfileMigrations(RNBatchModule.java:135)\n\tat com.batch.batch_rn.RNBatchModule.initialize(RNBatchModule.java:101)\n\tat com.batch.batch_rn.RNBatchPackage.<init>(RNBatchPackage.java:18)\n\tat com.facebook.react.PackageList.getPackages(PackageList.java:161)\n\tat com.feels.MainApplication$reactNativeHost$1.getPackages(MainApplication.kt:20)\n\tat com.facebook.react.ReactNativeHost.createReactInstanceManager(ReactNativeHost.java:88)\n\tat com.facebook.react.ReactNativeHost.getReactInstanceManager(ReactNativeHost.java:43)\n\tat com.facebook.react.ReactDelegate.loadApp(ReactDelegate.java:173)\n\tat com.facebook.react.ReactActivityDelegate.loadApp(ReactActivityDelegate.java:123)\n\tat com.facebook.react.ReactActivityDelegate.onCreate(ReactActivityDelegate.java:118)\n\tat com.facebook.react.ReactActivity.onCreate(ReactActivity.java:46)\n\tat com.feels.MainActivity.onCreate(MainActivity.kt:23)\n\tat android.app.Activity.performCreate(Activity.java:8538)\n\tat android.app.Activity.performCreate(Activity.java:8502)\n\tat android.app.Instrumentation.callActivityOnCreate(Instrumentation.java:1440)\n\tat android.app.ActivityThread.performLaunchActivity(ActivityThread.java:3890)\n\tat android.app.ActivityThread.handleLaunchActivity(ActivityThread.java:4055)\n\tat android.app.servertransaction.LaunchActivityItem.execute(LaunchActivityItem.java:101)\n\tat android.app.servertransaction.TransactionExecutor.executeCallbacks(TransactionExecutor.java:135)\n\tat android.app.servertransaction.TransactionExecutor.execute(TransactionExecutor.java:95)\n\tat android.app.ActivityThread$H.handleMessage(ActivityThread.java:2415)\n\tat android.os.Handler.dispatchMessage(Handler.java:106)\n\tat android.os.Looper.loopOnce(Looper.java:211)\n\tat android.os.Looper.loop(Looper.java:300)\n\tat android.app.ActivityThread.main(ActivityThread.java:8395)\n\tat java.lang.reflect.Method.invoke(Native Method)\n\tat com.android.internal.os.RuntimeInit$MethodAndArgsCaller.run(RuntimeInit.java:559)\n\tat com.android.internal.os.ZygoteInit.main(ZygoteInit.java:954)\n"
},
{
    "type": "log",
    "source": "class",
    "method": "start",
    "package_name": "com.feels",
    "class_name": "com.batch.android.Batch",
    "timestamp": 1728283924968,
    "ref": "<class: com.batch.android.Batch>",
    "arguments": "{\"0\":\"650C1669568F600F13A6FC4E5CDA85\"}",
    "stack_trace": "java.lang.Exception\n\tat com.batch.android.Batch.start(Native Method)\n\tat com.batch.batch_rn.RNBatchModule.initialize(RNBatchModule.java:103)\n\tat com.batch.batch_rn.RNBatchPackage.<init>(RNBatchPackage.java:18)\n\tat com.facebook.react.PackageList.getPackages(PackageList.java:161)\n\tat com.feels.MainApplication$reactNativeHost$1.getPackages(MainApplication.kt:20)\n\tat com.facebook.react.ReactNativeHost.createReactInstanceManager(ReactNativeHost.java:88)\n\tat com.facebook.react.ReactNativeHost.getReactInstanceManager(ReactNativeHost.java:43)\n\tat com.facebook.react.ReactDelegate.loadApp(ReactDelegate.java:173)\n\tat com.facebook.react.ReactActivityDelegate.loadApp(ReactActivityDelegate.java:123)\n\tat com.facebook.react.ReactActivityDelegate.onCreate(ReactActivityDelegate.java:118)\n\tat com.facebook.react.ReactActivity.onCreate(ReactActivity.java:46)\n\tat com.feels.MainActivity.onCreate(MainActivity.kt:23)\n\tat android.app.Activity.performCreate(Activity.java:8538)\n\tat android.app.Activity.performCreate(Activity.java:8502)\n\tat android.app.Instrumentation.callActivityOnCreate(Instrumentation.java:1440)\n\tat android.app.ActivityThread.performLaunchActivity(ActivityThread.java:3890)\n\tat android.app.ActivityThread.handleLaunchActivity(ActivityThread.java:4055)\n\tat android.app.servertransaction.LaunchActivityItem.execute(LaunchActivityItem.java:101)\n\tat android.app.servertransaction.TransactionExecutor.executeCallbacks(TransactionExecutor.java:135)\n\tat android.app.servertransaction.TransactionExecutor.execute(TransactionExecutor.java:95)\n\tat android.app.ActivityThread$H.handleMessage(ActivityThread.java:2415)\n\tat android.os.Handler.dispatchMessage(Handler.java:106)\n\tat android.os.Looper.loopOnce(Looper.java:211)\n\tat android.os.Looper.loop(Looper.java:300)\n\tat android.app.ActivityThread.main(ActivityThread.java:8395)\n\tat java.lang.reflect.Method.invoke(Native Method)\n\tat com.android.internal.os.RuntimeInit$MethodAndArgsCaller.run(RuntimeInit.java:559)\n\tat com.android.internal.os.ZygoteInit.main(ZygoteInit.java:954)\n"
},
{
    "type": "log",
    "source": "class",
    "method": "a",
    "package_name": "com.feels",
    "class_name": "com.batch.android.Batch",
    "timestamp": 1728283924974,
    "ref": "<class: com.batch.android.Batch>",
    "arguments": "{\"0\":\"650C1669568F600F13A6FC4E5CDA85\",\"1\":\"<instance: com.batch.android.a1.b>\"}",
    "stack_trace": "java.lang.Exception\n\tat com.batch.android.Batch.a(Native Method)\n\tat com.batch.android.Batch.$r8$lambda$XBkXeuUvAbIla49vR5l7DoQcxI0(Unknown Source:0)\n\tat com.batch.android.Batch$$ExternalSyntheticLambda8.a(Unknown Source:2)\n\tat com.batch.android.a1.e.b(SourceFile:426)\n\tat com.batch.android.Batch.start(SourceFile:1)\n\tat com.batch.android.Batch.start(Native Method)\n\tat com.batch.batch_rn.RNBatchModule.initialize(RNBatchModule.java:103)\n\tat com.batch.batch_rn.RNBatchPackage.<init>(RNBatchPackage.java:18)\n\tat com.facebook.react.PackageList.getPackages(PackageList.java:161)\n\tat com.feels.MainApplication$reactNativeHost$1.getPackages(MainApplication.kt:20)\n\tat com.facebook.react.ReactNativeHost.createReactInstanceManager(ReactNativeHost.java:88)\n\tat com.facebook.react.ReactNativeHost.getReactInstanceManager(ReactNativeHost.java:43)\n\tat com.facebook.react.ReactDelegate.loadApp(ReactDelegate.java:173)\n\tat com.facebook.react.ReactActivityDelegate.loadApp(ReactActivityDelegate.java:123)\n\tat com.facebook.react.ReactActivityDelegate.onCreate(ReactActivityDelegate.java:118)\n\tat com.facebook.react.ReactActivity.onCreate(ReactActivity.java:46)\n\tat com.feels.MainActivity.onCreate(MainActivity.kt:23)\n\tat android.app.Activity.performCreate(Activity.java:8538)\n\tat android.app.Activity.performCreate(Activity.java:8502)\n\tat android.app.Instrumentation.callActivityOnCreate(Instrumentation.java:1440)\n\tat android.app.ActivityThread.performLaunchActivity(ActivityThread.java:3890)\n\tat android.app.ActivityThread.handleLaunchActivity(ActivityThread.java:4055)\n\tat android.app.servertransaction.LaunchActivityItem.execute(LaunchActivityItem.java:101)\n\tat android.app.servertransaction.TransactionExecutor.executeCallbacks(TransactionExecutor.java:135)\n\tat android.app.servertransaction.TransactionExecutor.execute(TransactionExecutor.java:95)\n\tat android.app.ActivityThread$H.handleMessage(ActivityThread.java:2415)\n\tat android.os.Handler.dispatchMessage(Handler.java:106)\n\tat android.os.Looper.loopOnce(Looper.java:211)\n\tat android.os.Looper.loop(Looper.java:300)\n\tat android.app.ActivityThread.main(ActivityThread.java:8395)\n\tat java.lang.reflect.Method.invoke(Native Method)\n\tat com.android.internal.os.RuntimeInit$MethodAndArgsCaller.run(RuntimeInit.java:559)\n\tat com.android.internal.os.ZygoteInit.main(ZygoteInit.java:954)\n"
},
{
    "type": "log",
    "source": "class",
    "method": "getInstance",
    "package_name": "com.feels",
    "class_name": "com.google.firebase.analytics.FirebaseAnalytics",
    "timestamp": 1728283925033,
    "ref": "<class: com.google.firebase.analytics.FirebaseAnalytics>",
    "arguments": "{\"0\":\"<instance: android.content.Context, $className: com.feels.MainApplication>\"}",
    "stack_trace": "java.lang.Exception\n\tat com.google.firebase.analytics.FirebaseAnalytics.getInstance(Native Method)\n\tat java.lang.reflect.Method.invoke(Native Method)\n\tat m.tf.f(:com.google.android.gms.dynamite_measurementdynamite@243834029@24.38.34 (190400-0):47)\n\tat m.rp.X(:com.google.android.gms.dynamite_measurementdynamite@243834029@24.38.34 (190400-0):209)\n\tat m.tn.b(:com.google.android.gms.dynamite_measurementdynamite@243834029@24.38.34 (190400-0):70)\n\tat m.tn.a(:com.google.android.gms.dynamite_measurementdynamite@243834029@24.38.34 (190400-0):65)\n\tat m.pp.run(:com.google.android.gms.dynamite_measurementdynamite@243834029@24.38.34 (190400-0):2093)\n\tat java.util.concurrent.Executors$RunnableAdapter.call(Executors.java:463)\n\tat java.util.concurrent.FutureTask.run(FutureTask.java:264)\n\tat m.pl.run(:com.google.android.gms.dynamite_measurementdynamite@243834029@24.38.34 (190400-0):48)\n"
},
{
    "type": "log",
    "source": "class",
    "method": "getFirebaseInstanceId",
    "package_name": "com.feels",
    "class_name": "com.google.firebase.analytics.FirebaseAnalytics",
    "timestamp": 1728283925042,
    "ref": "com.google.firebase.analytics.FirebaseAnalytics@ff5a389",
    "arguments": "{}",
    "stack_trace": "java.lang.Exception\n\tat com.google.firebase.analytics.FirebaseAnalytics.getFirebaseInstanceId(Native Method)\n\tat java.lang.reflect.Method.invoke(Native Method)\n\tat m.tf.f(:com.google.android.gms.dynamite_measurementdynamite@243834029@24.38.34 (190400-0):49)\n\tat m.rp.X(:com.google.android.gms.dynamite_measurementdynamite@243834029@24.38.34 (190400-0):209)\n\tat m.tn.b(:com.google.android.gms.dynamite_measurementdynamite@243834029@24.38.34 (190400-0):70)\n\tat m.tn.a(:com.google.android.gms.dynamite_measurementdynamite@243834029@24.38.34 (190400-0):65)\n\tat m.pp.run(:com.google.android.gms.dynamite_measurementdynamite@243834029@24.38.34 (190400-0):2093)\n\tat java.util.concurrent.Executors$RunnableAdapter.call(Executors.java:463)\n\tat java.util.concurrent.FutureTask.run(FutureTask.java:264)\n\tat m.pl.run(:com.google.android.gms.dynamite_measurementdynamite@243834029@24.38.34 (190400-0):48)\n"
},
{
    "type": "log",
    "source": "class",
    "method": "onStart",
    "package_name": "com.feels",
    "class_name": "com.batch.android.Batch",
    "timestamp": 1728283925140,
    "ref": "<class: com.batch.android.Batch>",
    "arguments": "{\"0\":\"<instance: android.app.Activity, $className: com.feels.MainActivity>\"}",
    "stack_trace": "java.lang.Exception\n\tat com.batch.android.Batch.onStart(Native Method)\n\tat com.batch.android.BatchActivityLifecycleHelper.onActivityStarted(SourceFile:1)\n\tat android.app.Application.dispatchActivityStarted(Application.java:413)\n\tat android.app.Activity.dispatchActivityStarted(Activity.java:1482)\n\tat android.app.Activity.onStart(Activity.java:2016)\n\tat androidx.fragment.app.FragmentActivity.onStart(FragmentActivity.java:345)\n\tat androidx.appcompat.app.AppCompatActivity.onStart(AppCompatActivity.java:251)\n\tat com.feels.MainActivity.onStart(MainActivity.kt:27)\n\tat android.app.Instrumentation.callActivityOnStart(Instrumentation.java:1566)\n\tat android.app.Activity.performStart(Activity.java:8570)\n\tat android.app.ActivityThread.handleStartActivity(ActivityThread.java:3934)\n\tat android.app.servertransaction.TransactionExecutor.performLifecycleSequence(TransactionExecutor.java:221)\n\tat android.app.servertransaction.TransactionExecutor.cycleToPath(TransactionExecutor.java:201)\n\tat android.app.servertransaction.TransactionExecutor.executeLifecycleState(TransactionExecutor.java:173)\n\tat android.app.servertransaction.TransactionExecutor.execute(TransactionExecutor.java:97)\n\tat android.app.ActivityThread$H.handleMessage(ActivityThread.java:2415)\n\tat android.os.Handler.dispatchMessage(Handler.java:106)\n\tat android.os.Looper.loopOnce(Looper.java:211)\n\tat android.os.Looper.loop(Looper.java:300)\n\tat android.app.ActivityThread.main(ActivityThread.java:8395)\n\tat java.lang.reflect.Method.invoke(Native Method)\n\tat com.android.internal.os.RuntimeInit$MethodAndArgsCaller.run(RuntimeInit.java:559)\n\tat com.android.internal.os.ZygoteInit.main(ZygoteInit.java:954)\n"
},
{
    "type": "log",
    "source": "class",
    "method": "a",
    "package_name": "com.feels",
    "class_name": "com.batch.android.Batch",
    "timestamp": 1728283925148,
    "ref": "<class: com.batch.android.Batch>",
    "arguments": "{\"0\":\"<instance: android.content.Context, $className: com.feels.MainActivity>\",\"1\":false,\"2\":true}",
    "stack_trace": "java.lang.Exception\n\tat com.batch.android.Batch.a(Native Method)\n\tat com.batch.android.Batch.onStart(SourceFile:1)\n\tat com.batch.android.Batch.onStart(Native Method)\n\tat com.batch.android.BatchActivityLifecycleHelper.onActivityStarted(SourceFile:1)\n\tat android.app.Application.dispatchActivityStarted(Application.java:413)\n\tat android.app.Activity.dispatchActivityStarted(Activity.java:1482)\n\tat android.app.Activity.onStart(Activity.java:2016)\n\tat androidx.fragment.app.FragmentActivity.onStart(FragmentActivity.java:345)\n\tat androidx.appcompat.app.AppCompatActivity.onStart(AppCompatActivity.java:251)\n\tat com.feels.MainActivity.onStart(MainActivity.kt:27)\n\tat android.app.Instrumentation.callActivityOnStart(Instrumentation.java:1566)\n\tat android.app.Activity.performStart(Activity.java:8570)\n\tat android.app.ActivityThread.handleStartActivity(ActivityThread.java:3934)\n\tat android.app.servertransaction.TransactionExecutor.performLifecycleSequence(TransactionExecutor.java:221)\n\tat android.app.servertransaction.TransactionExecutor.cycleToPath(TransactionExecutor.java:201)\n\tat android.app.servertransaction.TransactionExecutor.executeLifecycleState(TransactionExecutor.java:173)\n\tat android.app.servertransaction.TransactionExecutor.execute(TransactionExecutor.java:97)\n\tat android.app.ActivityThread$H.handleMessage(ActivityThread.java:2415)\n\tat android.os.Handler.dispatchMessage(Handler.java:106)\n\tat android.os.Looper.loopOnce(Looper.java:211)\n\tat android.os.Looper.loop(Looper.java:300)\n\tat android.app.ActivityThread.main(ActivityThread.java:8395)\n\tat java.lang.reflect.Method.invoke(Native Method)\n\tat com.android.internal.os.RuntimeInit$MethodAndArgsCaller.run(RuntimeInit.java:559)\n\tat com.android.internal.os.ZygoteInit.main(ZygoteInit.java:954)\n"
},
{
    "type": "log",
    "source": "class",
    "method": "getInstance",
    "package_name": "com.feels",
    "class_name": "com.google.firebase.analytics.FirebaseAnalytics",
    "timestamp": 1728283925149,
    "ref": "<class: com.google.firebase.analytics.FirebaseAnalytics>",
    "arguments": "{\"0\":\"<instance: android.content.Context, $className: com.feels.MainApplication>\"}",
    "stack_trace": "java.lang.Exception\n\tat com.google.firebase.analytics.FirebaseAnalytics.getInstance(Native Method)\n\tat java.lang.reflect.Method.invoke(Native Method)\n\tat m.tf.f(:com.google.android.gms.dynamite_measurementdynamite@243834029@24.38.34 (190400-0):47)\n\tat m.rp.ab(:com.google.android.gms.dynamite_measurementdynamite@243834029@24.38.34 (190400-0):143)\n\tat m.rp.H(:com.google.android.gms.dynamite_measurementdynamite@243834029@24.38.34 (190400-0):30)\n\tat m.tn.b(:com.google.android.gms.dynamite_measurementdynamite@243834029@24.38.34 (190400-0):123)\n\tat m.tn.a(:com.google.android.gms.dynamite_measurementdynamite@243834029@24.38.34 (190400-0):65)\n\tat m.pp.run(:com.google.android.gms.dynamite_measurementdynamite@243834029@24.38.34 (190400-0):2093)\n\tat java.util.concurrent.Executors$RunnableAdapter.call(Executors.java:463)\n\tat java.util.concurrent.FutureTask.run(FutureTask.java:264)\n\tat m.pl.run(:com.google.android.gms.dynamite_measurementdynamite@243834029@24.38.34 (190400-0):48)\n"
},
{
    "type": "log",
    "source": "class",
    "method": "getFirebaseInstanceId",
    "package_name": "com.feels",
    "class_name": "com.google.firebase.analytics.FirebaseAnalytics",
    "timestamp": 1728283925158,
    "ref": "com.google.firebase.analytics.FirebaseAnalytics@ff5a389",
    "arguments": "{}",
    "stack_trace": "java.lang.Exception\n\tat com.google.firebase.analytics.FirebaseAnalytics.getFirebaseInstanceId(Native Method)\n\tat java.lang.reflect.Method.invoke(Native Method)\n\tat m.tf.f(:com.google.android.gms.dynamite_measurementdynamite@243834029@24.38.34 (190400-0):49)\n\tat m.rp.ab(:com.google.android.gms.dynamite_measurementdynamite@243834029@24.38.34 (190400-0):143)\n\tat m.rp.H(:com.google.android.gms.dynamite_measurementdynamite@243834029@24.38.34 (190400-0):30)\n\tat m.tn.b(:com.google.android.gms.dynamite_measurementdynamite@243834029@24.38.34 (190400-0):123)\n\tat m.tn.a(:com.google.android.gms.dynamite_measurementdynamite@243834029@24.38.34 (190400-0):65)\n\tat m.pp.run(:com.google.android.gms.dynamite_measurementdynamite@243834029@24.38.34 (190400-0):2093)\n\tat java.util.concurrent.Executors$RunnableAdapter.call(Executors.java:463)\n\tat java.util.concurrent.FutureTask.run(FutureTask.java:264)\n\tat m.pl.run(:com.google.android.gms.dynamite_measurementdynamite@243834029@24.38.34 (190400-0):48)\n"
},
{
    "type": "log",
    "source": "class",
    "method": "a",
    "package_name": "com.feels",
    "class_name": "com.batch.android.Batch",
    "timestamp": 1728283925161,
    "ref": "<class: com.batch.android.Batch>",
    "arguments": "{\"0\":\"<instance: com.batch.android.a1.e>\",\"1\":true,\"2\":\"<instance: android.content.Context, $className: com.feels.MainActivity>\",\"3\":false,\"4\":\"<instance: java.util.concurrent.atomic.AtomicBoolean>\",\"5\":\"<instance: java.lang.StringBuilder>\",\"6\":\"<instance: com.batch.android.a1.g>\",\"7\":\"<instance: com.batch.android.a1.b>\"}",
    "stack_trace": "java.lang.Exception\n\tat com.batch.android.Batch.a(Native Method)\n\tat com.batch.android.Batch.$r8$lambda$aBt0dn8WimDVjUTFcsYiS6ZqAbw(Unknown Source:0)\n\tat com.batch.android.Batch$$ExternalSyntheticLambda4.a(Unknown Source:14)\n\tat com.batch.android.a1.e.a(SourceFile:168)\n\tat com.batch.android.Batch.a(SourceFile:11912)\n\tat com.batch.android.Batch.a(Native Method)\n\tat com.batch.android.Batch.onStart(SourceFile:1)\n\tat com.batch.android.Batch.onStart(Native Method)\n\tat com.batch.android.BatchActivityLifecycleHelper.onActivityStarted(SourceFile:1)\n\tat android.app.Application.dispatchActivityStarted(Application.java:413)\n\tat android.app.Activity.dispatchActivityStarted(Activity.java:1482)\n\tat android.app.Activity.onStart(Activity.java:2016)\n\tat androidx.fragment.app.FragmentActivity.onStart(FragmentActivity.java:345)\n\tat androidx.appcompat.app.AppCompatActivity.onStart(AppCompatActivity.java:251)\n\tat com.feels.MainActivity.onStart(MainActivity.kt:27)\n\tat android.app.Instrumentation.callActivityOnStart(Instrumentation.java:1566)\n\tat android.app.Activity.performStart(Activity.java:8570)\n\tat android.app.ActivityThread.handleStartActivity(ActivityThread.java:3934)\n\tat android.app.servertransaction.TransactionExecutor.performLifecycleSequence(TransactionExecutor.java:221)\n\tat android.app.servertransaction.TransactionExecutor.cycleToPath(TransactionExecutor.java:201)\n\tat android.app.servertransaction.TransactionExecutor.executeLifecycleState(TransactionExecutor.java:173)\n\tat android.app.servertransaction.TransactionExecutor.execute(TransactionExecutor.java:97)\n\tat android.app.ActivityThread$H.handleMessage(ActivityThread.java:2415)\n\tat android.os.Handler.dispatchMessage(Handler.java:106)\n\tat android.os.Looper.loopOnce(Looper.java:211)\n\tat android.os.Looper.loop(Looper.java:300)\n\tat android.app.ActivityThread.main(ActivityThread.java:8395)\n\tat java.lang.reflect.Method.invoke(Native Method)\n\tat com.android.internal.os.RuntimeInit$MethodAndArgsCaller.run(RuntimeInit.java:559)\n\tat com.android.internal.os.ZygoteInit.main(ZygoteInit.java:954)\n"
},
{
    "type": "log",
    "source": "class",
    "method": "getInstance",
    "package_name": "com.feels",
    "class_name": "com.google.firebase.analytics.FirebaseAnalytics",
    "timestamp": 1728283925190,
    "ref": "<class: com.google.firebase.analytics.FirebaseAnalytics>",
    "arguments": "{\"0\":\"<instance: android.content.Context, $className: com.feels.MainApplication>\"}",
    "stack_trace": "java.lang.Exception\n\tat com.google.firebase.analytics.FirebaseAnalytics.getInstance(Native Method)\n\tat java.lang.reflect.Method.invoke(Native Method)\n\tat m.tf.f(:com.google.android.gms.dynamite_measurementdynamite@243834029@24.38.34 (190400-0):47)\n\tat m.tf.s(:com.google.android.gms.dynamite_measurementdynamite@243834029@24.38.34 (190400-0):8)\n\tat m.pp.run(:com.google.android.gms.dynamite_measurementdynamite@243834029@24.38.34 (190400-0):2105)\n\tat java.util.concurrent.Executors$RunnableAdapter.call(Executors.java:463)\n\tat java.util.concurrent.FutureTask.run(FutureTask.java:264)\n\tat m.pl.run(:com.google.android.gms.dynamite_measurementdynamite@243834029@24.38.34 (190400-0):48)\n"
},
{
    "type": "log",
    "source": "class",
    "method": "getFirebaseInstanceId",
    "package_name": "com.feels",
    "class_name": "com.google.firebase.analytics.FirebaseAnalytics",
    "timestamp": 1728283925195,
    "ref": "com.google.firebase.analytics.FirebaseAnalytics@ff5a389",
    "arguments": "{}",
    "stack_trace": "java.lang.Exception\n\tat com.google.firebase.analytics.FirebaseAnalytics.getFirebaseInstanceId(Native Method)\n\tat java.lang.reflect.Method.invoke(Native Method)\n\tat m.tf.f(:com.google.android.gms.dynamite_measurementdynamite@243834029@24.38.34 (190400-0):49)\n\tat m.tf.s(:com.google.android.gms.dynamite_measurementdynamite@243834029@24.38.34 (190400-0):8)\n\tat m.pp.run(:com.google.android.gms.dynamite_measurementdynamite@243834029@24.38.34 (190400-0):2105)\n\tat java.util.concurrent.Executors$RunnableAdapter.call(Executors.java:463)\n\tat java.util.concurrent.FutureTask.run(FutureTask.java:264)\n\tat m.pl.run(:com.google.android.gms.dynamite_measurementdynamite@243834029@24.38.34 (190400-0):48)\n"
},
{
    "type": "log",
    "source": "class",
    "method": "getSessionID",
    "package_name": "com.feels",
    "class_name": "com.batch.android.Batch",
    "timestamp": 1728283925195,
    "ref": "<class: com.batch.android.Batch>",
    "arguments": "{}",
    "stack_trace": "java.lang.Exception\n\tat com.batch.android.Batch.getSessionID(Native Method)\n\tat com.batch.android.o.b.<init>(SourceFile:113)\n\tat com.batch.android.m0.l.a(SourceFile:1882)\n\tat com.batch.android.m0.l.a(SourceFile:1534)\n\tat com.batch.android.e.u.b(SourceFile:61)\n\tat com.batch.android.Batch.a(SourceFile:2185)\n\tat com.batch.android.Batch.a(Native Method)\n\tat com.batch.android.Batch.$r8$lambda$aBt0dn8WimDVjUTFcsYiS6ZqAbw(Unknown Source:0)\n\tat com.batch.android.Batch$$ExternalSyntheticLambda4.a(Unknown Source:14)\n\tat com.batch.android.a1.e.a(SourceFile:168)\n\tat com.batch.android.Batch.a(SourceFile:11912)\n\tat com.batch.android.Batch.a(Native Method)\n\tat com.batch.android.Batch.onStart(SourceFile:1)\n\tat com.batch.android.Batch.onStart(Native Method)\n\tat com.batch.android.BatchActivityLifecycleHelper.onActivityStarted(SourceFile:1)\n\tat android.app.Application.dispatchActivityStarted(Application.java:413)\n\tat android.app.Activity.dispatchActivityStarted(Activity.java:1482)\n\tat android.app.Activity.onStart(Activity.java:2016)\n\tat androidx.fragment.app.FragmentActivity.onStart(FragmentActivity.java:345)\n\tat androidx.appcompat.app.AppCompatActivity.onStart(AppCompatActivity.java:251)\n\tat com.feels.MainActivity.onStart(MainActivity.kt:27)\n\tat android.app.Instrumentation.callActivityOnStart(Instrumentation.java:1566)\n\tat android.app.Activity.performStart(Activity.java:8570)\n\tat android.app.ActivityThread.handleStartActivity(ActivityThread.java:3934)\n\tat android.app.servertransaction.TransactionExecutor.performLifecycleSequence(TransactionExecutor.java:221)\n\tat android.app.servertransaction.TransactionExecutor.cycleToPath(TransactionExecutor.java:201)\n\tat android.app.servertransaction.TransactionExecutor.executeLifecycleState(TransactionExecutor.java:173)\n\tat android.app.servertransaction.TransactionExecutor.execute(TransactionExecutor.java:97)\n\tat android.app.ActivityThread$H.handleMessage(ActivityThread.java:2415)\n\tat android.os.Handler.dispatchMessage(Handler.java:106)\n\tat android.os.Looper.loopOnce(Looper.java:211)\n\tat android.os.Looper.loop(Looper.java:300)\n\tat android.app.ActivityThread.main(ActivityThread.java:8395)\n\tat java.lang.reflect.Method.invoke(Native Method)\n\tat com.android.internal.os.RuntimeInit$MethodAndArgsCaller.run(RuntimeInit.java:559)\n\tat com.android.internal.os.ZygoteInit.main(ZygoteInit.java:954)\n"
},
{
    "type": "log",
    "source": "class",
    "method": "a",
    "package_name": "com.feels",
    "class_name": "com.batch.android.Batch",
    "timestamp": 1728283925208,
    "ref": "<class: com.batch.android.Batch>",
    "arguments": "{\"0\":\"<instance: java.lang.StringBuilder>\",\"1\":\"<instance: com.batch.android.a1.g>\"}",
    "stack_trace": "java.lang.Exception\n\tat com.batch.android.Batch.a(Native Method)\n\tat com.batch.android.Batch.$r8$lambda$6JVZ8exSbDQR1v18x-49LMmEa34(Unknown Source:0)\n\tat com.batch.android.Batch$$ExternalSyntheticLambda10.a(Unknown Source:2)\n\tat com.batch.android.a1.e.a(SourceFile:1840)\n\tat com.batch.android.Batch.getSessionID(SourceFile:5)\n\tat com.batch.android.Batch.getSessionID(Native Method)\n\tat com.batch.android.o.b.<init>(SourceFile:113)\n\tat com.batch.android.m0.l.a(SourceFile:1882)\n\tat com.batch.android.m0.l.a(SourceFile:1534)\n\tat com.batch.android.e.u.b(SourceFile:61)\n\tat com.batch.android.Batch.a(SourceFile:2185)\n\tat com.batch.android.Batch.a(Native Method)\n\tat com.batch.android.Batch.$r8$lambda$aBt0dn8WimDVjUTFcsYiS6ZqAbw(Unknown Source:0)\n\tat com.batch.android.Batch$$ExternalSyntheticLambda4.a(Unknown Source:14)\n\tat com.batch.android.a1.e.a(SourceFile:168)\n\tat com.batch.android.Batch.a(SourceFile:11912)\n\tat com.batch.android.Batch.a(Native Method)\n\tat com.batch.android.Batch.onStart(SourceFile:1)\n\tat com.batch.android.Batch.onStart(Native Method)\n\tat com.batch.android.BatchActivityLifecycleHelper.onActivityStarted(SourceFile:1)\n\tat android.app.Application.dispatchActivityStarted(Application.java:413)\n\tat android.app.Activity.dispatchActivityStarted(Activity.java:1482)\n\tat android.app.Activity.onStart(Activity.java:2016)\n\tat androidx.fragment.app.FragmentActivity.onStart(FragmentActivity.java:345)\n\tat androidx.appcompat.app.AppCompatActivity.onStart(AppCompatActivity.java:251)\n\tat com.feels.MainActivity.onStart(MainActivity.kt:27)\n\tat android.app.Instrumentation.callActivityOnStart(Instrumentation.java:1566)\n\tat android.app.Activity.performStart(Activity.java:8570)\n\tat android.app.ActivityThread.handleStartActivity(ActivityThread.java:3934)\n\tat android.app.servertransaction.TransactionExecutor.performLifecycleSequence(TransactionExecutor.java:221)\n\tat android.app.servertransaction.TransactionExecutor.cycleToPath(TransactionExecutor.java:201)\n\tat android.app.servertransaction.TransactionExecutor.executeLifecycleState(TransactionExecutor.java:173)\n\tat android.app.servertransaction.TransactionExecutor.execute(TransactionExecutor.java:97)\n\tat android.app.ActivityThread$H.handleMessage(ActivityThread.java:2415)\n\tat android.os.Handler.dispatchMessage(Handler.java:106)\n\tat android.os.Looper.loopOnce(Looper.java:211)\n\tat android.os.Looper.loop(Looper.java:300)\n\tat android.app.ActivityThread.main(ActivityThread.java:8395)\n\tat java.lang.reflect.Method.invoke(Native Method)\n\tat com.android.internal.os.RuntimeInit$MethodAndArgsCaller.run(RuntimeInit.java:559)\n\tat com.android.internal.os.ZygoteInit.main(ZygoteInit.java:954)\n"
},
{
    "type": "log",
    "source": "class",
    "method": "toString",
    "package_name": "com.feels",
    "class_name": "com.batch.android.BatchDataCollectionConfig",
    "timestamp": 1728283925227,
    "ref": "BatchDataCollectionConfig{geoIPEnabled=null, deviceBrandEnabled=null, deviceModelEnabled=null}",
    "arguments": "{}",
    "stack_trace": "java.lang.Exception\n\tat com.batch.android.BatchDataCollectionConfig.toString(Native Method)\n\tat com.batch.android.BatchDataCollectionConfig.setGeoIPEnabled(Native Method)\n\tat com.batch.android.m0.d.k(SourceFile:319)\n\tat com.batch.android.m0.d.c(SourceFile:311)\n\tat com.batch.android.m0.d.a(SourceFile:93)\n\tat com.batch.android.m0.c.a(SourceFile:71)\n\tat com.batch.android.Batch.a(SourceFile:2214)\n\tat com.batch.android.Batch.a(Native Method)\n\tat com.batch.android.Batch.$r8$lambda$aBt0dn8WimDVjUTFcsYiS6ZqAbw(Unknown Source:0)\n\tat com.batch.android.Batch$$ExternalSyntheticLambda4.a(Unknown Source:14)\n\tat com.batch.android.a1.e.a(SourceFile:168)\n\tat com.batch.android.Batch.a(SourceFile:11912)\n\tat com.batch.android.Batch.a(Native Method)\n\tat com.batch.android.Batch.onStart(SourceFile:1)\n\tat com.batch.android.Batch.onStart(Native Method)\n\tat com.batch.android.BatchActivityLifecycleHelper.onActivityStarted(SourceFile:1)\n\tat android.app.Application.dispatchActivityStarted(Application.java:413)\n\tat android.app.Activity.dispatchActivityStarted(Activity.java:1482)\n\tat android.app.Activity.onStart(Activity.java:2016)\n\tat androidx.fragment.app.FragmentActivity.onStart(FragmentActivity.java:345)\n\tat androidx.appcompat.app.AppCompatActivity.onStart(AppCompatActivity.java:251)\n\tat com.feels.MainActivity.onStart(MainActivity.kt:27)\n\tat android.app.Instrumentation.callActivityOnStart(Instrumentation.java:1566)\n\tat android.app.Activity.performStart(Activity.java:8570)\n\tat android.app.ActivityThread.handleStartActivity(ActivityThread.java:3934)\n\tat android.app.servertransaction.TransactionExecutor.performLifecycleSequence(TransactionExecutor.java:221)\n\tat android.app.servertransaction.TransactionExecutor.cycleToPath(TransactionExecutor.java:201)\n\tat android.app.servertransaction.TransactionExecutor.executeLifecycleState(TransactionExecutor.java:173)\n\tat android.app.servertransaction.TransactionExecutor.execute(TransactionExecutor.java:97)\n\tat android.app.ActivityThread$H.handleMessage(ActivityThread.java:2415)\n\tat android.os.Handler.dispatchMessage(Handler.java:106)\n\tat android.os.Looper.loopOnce(Looper.java:211)\n\tat android.os.Looper.loop(Looper.java:300)\n\tat android.app.ActivityThread.main(ActivityThread.java:8395)\n\tat java.lang.reflect.Method.invoke(Native Method)\n\tat com.android.internal.os.RuntimeInit$MethodAndArgsCaller.run(RuntimeInit.java:559)\n\tat com.android.internal.os.ZygoteInit.main(ZygoteInit.java:954)\n"
},
{
    "type": "log",
    "source": "class",
    "method": "setGeoIPEnabled",
    "package_name": "com.feels",
    "class_name": "com.batch.android.BatchDataCollectionConfig",
    "timestamp": 1728283925227,
    "ref": "BatchDataCollectionConfig{geoIPEnabled=null, deviceBrandEnabled=null, deviceModelEnabled=null}",
    "arguments": "{\"0\":false}",
    "stack_trace": "java.lang.Exception\n\tat com.batch.android.BatchDataCollectionConfig.setGeoIPEnabled(Native Method)\n\tat com.batch.android.m0.d.k(SourceFile:319)\n\tat com.batch.android.m0.d.c(SourceFile:311)\n\tat com.batch.android.m0.d.a(SourceFile:93)\n\tat com.batch.android.m0.c.a(SourceFile:71)\n\tat com.batch.android.Batch.a(SourceFile:2214)\n\tat com.batch.android.Batch.a(Native Method)\n\tat com.batch.android.Batch.$r8$lambda$aBt0dn8WimDVjUTFcsYiS6ZqAbw(Unknown Source:0)\n\tat com.batch.android.Batch$$ExternalSyntheticLambda4.a(Unknown Source:14)\n\tat com.batch.android.a1.e.a(SourceFile:168)\n\tat com.batch.android.Batch.a(SourceFile:11912)\n\tat com.batch.android.Batch.a(Native Method)\n\tat com.batch.android.Batch.onStart(SourceFile:1)\n\tat com.batch.android.Batch.onStart(Native Method)\n\tat com.batch.android.BatchActivityLifecycleHelper.onActivityStarted(SourceFile:1)\n\tat android.app.Application.dispatchActivityStarted(Application.java:413)\n\tat android.app.Activity.dispatchActivityStarted(Activity.java:1482)\n\tat android.app.Activity.onStart(Activity.java:2016)\n\tat androidx.fragment.app.FragmentActivity.onStart(FragmentActivity.java:345)\n\tat androidx.appcompat.app.AppCompatActivity.onStart(AppCompatActivity.java:251)\n\tat com.feels.MainActivity.onStart(MainActivity.kt:27)\n\tat android.app.Instrumentation.callActivityOnStart(Instrumentation.java:1566)\n\tat android.app.Activity.performStart(Activity.java:8570)\n\tat android.app.ActivityThread.handleStartActivity(ActivityThread.java:3934)\n\tat android.app.servertransaction.TransactionExecutor.performLifecycleSequence(TransactionExecutor.java:221)\n\tat android.app.servertransaction.TransactionExecutor.cycleToPath(TransactionExecutor.java:201)\n\tat android.app.servertransaction.TransactionExecutor.executeLifecycleState(TransactionExecutor.java:173)\n\tat android.app.servertransaction.TransactionExecutor.execute(TransactionExecutor.java:97)\n\tat android.app.ActivityThread$H.handleMessage(ActivityThread.java:2415)\n\tat android.os.Handler.dispatchMessage(Handler.java:106)\n\tat android.os.Looper.loopOnce(Looper.java:211)\n\tat android.os.Looper.loop(Looper.java:300)\n\tat android.app.ActivityThread.main(ActivityThread.java:8395)\n\tat java.lang.reflect.Method.invoke(Native Method)\n\tat com.android.internal.os.RuntimeInit$MethodAndArgsCaller.run(RuntimeInit.java:559)\n\tat com.android.internal.os.ZygoteInit.main(ZygoteInit.java:954)\n"
},
{
    "type": "log",
    "source": "class",
    "method": "getInstance",
    "package_name": "com.feels",
    "class_name": "com.google.firebase.analytics.FirebaseAnalytics",
    "timestamp": 1728283925241,
    "ref": "<class: com.google.firebase.analytics.FirebaseAnalytics>",
    "arguments": "{\"0\":\"<instance: android.content.Context, $className: com.feels.MainApplication>\"}",
    "stack_trace": "java.lang.Exception\n\tat com.google.firebase.analytics.FirebaseAnalytics.getInstance(Native Method)\n\tat java.lang.reflect.Method.invoke(Native Method)\n\tat m.tf.f(:com.google.android.gms.dynamite_measurementdynamite@243834029@24.38.34 (190400-0):47)\n\tat m.tf.G(:com.google.android.gms.dynamite_measurementdynamite@243834029@24.38.34 (190400-0):8)\n\tat m.pp.run(:com.google.android.gms.dynamite_measurementdynamite@243834029@24.38.34 (190400-0):2122)\n\tat java.util.concurrent.Executors$RunnableAdapter.call(Executors.java:463)\n\tat java.util.concurrent.FutureTask.run(FutureTask.java:264)\n\tat m.pl.run(:com.google.android.gms.dynamite_measurementdynamite@243834029@24.38.34 (190400-0):48)\n"
},
{
    "type": "log",
    "source": "class",
    "method": "toString",
    "package_name": "com.feels",
    "class_name": "com.batch.android.BatchDataCollectionConfig",
    "timestamp": 1728283925247,
    "ref": "BatchDataCollectionConfig{geoIPEnabled=false, deviceBrandEnabled=null, deviceModelEnabled=null}",
    "arguments": "{}",
    "stack_trace": "java.lang.Exception\n\tat com.batch.android.BatchDataCollectionConfig.toString(Native Method)\n\tat com.batch.android.BatchDataCollectionConfig.setDeviceBrandEnabled(Native Method)\n\tat com.batch.android.m0.d.k(SourceFile:320)\n\tat com.batch.android.m0.d.c(SourceFile:311)\n\tat com.batch.android.m0.d.a(SourceFile:93)\n\tat com.batch.android.m0.c.a(SourceFile:71)\n\tat com.batch.android.Batch.a(SourceFile:2214)\n\tat com.batch.android.Batch.a(Native Method)\n\tat com.batch.android.Batch.$r8$lambda$aBt0dn8WimDVjUTFcsYiS6ZqAbw(Unknown Source:0)\n\tat com.batch.android.Batch$$ExternalSyntheticLambda4.a(Unknown Source:14)\n\tat com.batch.android.a1.e.a(SourceFile:168)\n\tat com.batch.android.Batch.a(SourceFile:11912)\n\tat com.batch.android.Batch.a(Native Method)\n\tat com.batch.android.Batch.onStart(SourceFile:1)\n\tat com.batch.android.Batch.onStart(Native Method)\n\tat com.batch.android.BatchActivityLifecycleHelper.onActivityStarted(SourceFile:1)\n\tat android.app.Application.dispatchActivityStarted(Application.java:413)\n\tat android.app.Activity.dispatchActivityStarted(Activity.java:1482)\n\tat android.app.Activity.onStart(Activity.java:2016)\n\tat androidx.fragment.app.FragmentActivity.onStart(FragmentActivity.java:345)\n\tat androidx.appcompat.app.AppCompatActivity.onStart(AppCompatActivity.java:251)\n\tat com.feels.MainActivity.onStart(MainActivity.kt:27)\n\tat android.app.Instrumentation.callActivityOnStart(Instrumentation.java:1566)\n\tat android.app.Activity.performStart(Activity.java:8570)\n\tat android.app.ActivityThread.handleStartActivity(ActivityThread.java:3934)\n\tat android.app.servertransaction.TransactionExecutor.performLifecycleSequence(TransactionExecutor.java:221)\n\tat android.app.servertransaction.TransactionExecutor.cycleToPath(TransactionExecutor.java:201)\n\tat android.app.servertransaction.TransactionExecutor.executeLifecycleState(TransactionExecutor.java:173)\n\tat android.app.servertransaction.TransactionExecutor.execute(TransactionExecutor.java:97)\n\tat android.app.ActivityThread$H.handleMessage(ActivityThread.java:2415)\n\tat android.os.Handler.dispatchMessage(Handler.java:106)\n\tat android.os.Looper.loopOnce(Looper.java:211)\n\tat android.os.Looper.loop(Looper.java:300)\n\tat android.app.ActivityThread.main(ActivityThread.java:8395)\n\tat java.lang.reflect.Method.invoke(Native Method)\n\tat com.android.internal.os.RuntimeInit$MethodAndArgsCaller.run(RuntimeInit.java:559)\n\tat com.android.internal.os.ZygoteInit.main(ZygoteInit.java:954)\n"
},
{
    "type": "log",
    "source": "class",
    "method": "getFirebaseInstanceId",
    "package_name": "com.feels",
    "class_name": "com.google.firebase.analytics.FirebaseAnalytics",
    "timestamp": 1728283925251,
    "ref": "com.google.firebase.analytics.FirebaseAnalytics@ff5a389",
    "arguments": "{}",
    "stack_trace": "java.lang.Exception\n\tat com.google.firebase.analytics.FirebaseAnalytics.getFirebaseInstanceId(Native Method)\n\tat java.lang.reflect.Method.invoke(Native Method)\n\tat m.tf.f(:com.google.android.gms.dynamite_measurementdynamite@243834029@24.38.34 (190400-0):49)\n\tat m.tf.G(:com.google.android.gms.dynamite_measurementdynamite@243834029@24.38.34 (190400-0):8)\n\tat m.pp.run(:com.google.android.gms.dynamite_measurementdynamite@243834029@24.38.34 (190400-0):2122)\n\tat java.util.concurrent.Executors$RunnableAdapter.call(Executors.java:463)\n\tat java.util.concurrent.FutureTask.run(FutureTask.java:264)\n\tat m.pl.run(:com.google.android.gms.dynamite_measurementdynamite@243834029@24.38.34 (190400-0):48)\n"
},
{
    "type": "log",
    "source": "class",
    "method": "setDeviceBrandEnabled",
    "package_name": "com.feels",
    "class_name": "com.batch.android.BatchDataCollectionConfig",
    "timestamp": 1728283925247,
    "ref": "BatchDataCollectionConfig{geoIPEnabled=false, deviceBrandEnabled=null, deviceModelEnabled=null}",
    "arguments": "{\"0\":false}",
    "stack_trace": "java.lang.Exception\n\tat com.batch.android.BatchDataCollectionConfig.setDeviceBrandEnabled(Native Method)\n\tat com.batch.android.m0.d.k(SourceFile:320)\n\tat com.batch.android.m0.d.c(SourceFile:311)\n\tat com.batch.android.m0.d.a(SourceFile:93)\n\tat com.batch.android.m0.c.a(SourceFile:71)\n\tat com.batch.android.Batch.a(SourceFile:2214)\n\tat com.batch.android.Batch.a(Native Method)\n\tat com.batch.android.Batch.$r8$lambda$aBt0dn8WimDVjUTFcsYiS6ZqAbw(Unknown Source:0)\n\tat com.batch.android.Batch$$ExternalSyntheticLambda4.a(Unknown Source:14)\n\tat com.batch.android.a1.e.a(SourceFile:168)\n\tat com.batch.android.Batch.a(SourceFile:11912)\n\tat com.batch.android.Batch.a(Native Method)\n\tat com.batch.android.Batch.onStart(SourceFile:1)\n\tat com.batch.android.Batch.onStart(Native Method)\n\tat com.batch.android.BatchActivityLifecycleHelper.onActivityStarted(SourceFile:1)\n\tat android.app.Application.dispatchActivityStarted(Application.java:413)\n\tat android.app.Activity.dispatchActivityStarted(Activity.java:1482)\n\tat android.app.Activity.onStart(Activity.java:2016)\n\tat androidx.fragment.app.FragmentActivity.onStart(FragmentActivity.java:345)\n\tat androidx.appcompat.app.AppCompatActivity.onStart(AppCompatActivity.java:251)\n\tat com.feels.MainActivity.onStart(MainActivity.kt:27)\n\tat android.app.Instrumentation.callActivityOnStart(Instrumentation.java:1566)\n\tat android.app.Activity.performStart(Activity.java:8570)\n\tat android.app.ActivityThread.handleStartActivity(ActivityThread.java:3934)\n\tat android.app.servertransaction.TransactionExecutor.performLifecycleSequence(TransactionExecutor.java:221)\n\tat android.app.servertransaction.TransactionExecutor.cycleToPath(TransactionExecutor.java:201)\n\tat android.app.servertransaction.TransactionExecutor.executeLifecycleState(TransactionExecutor.java:173)\n\tat android.app.servertransaction.TransactionExecutor.execute(TransactionExecutor.java:97)\n\tat android.app.ActivityThread$H.handleMessage(ActivityThread.java:2415)\n\tat android.os.Handler.dispatchMessage(Handler.java:106)\n\tat android.os.Looper.loopOnce(Looper.java:211)\n\tat android.os.Looper.loop(Looper.java:300)\n\tat android.app.ActivityThread.main(ActivityThread.java:8395)\n\tat java.lang.reflect.Method.invoke(Native Method)\n\tat com.android.internal.os.RuntimeInit$MethodAndArgsCaller.run(RuntimeInit.java:559)\n\tat com.android.internal.os.ZygoteInit.main(ZygoteInit.java:954)\n"
},
{
    "type": "log",
    "source": "class",
    "method": "toString",
    "package_name": "com.feels",
    "class_name": "com.batch.android.BatchDataCollectionConfig",
    "timestamp": 1728283925267,
    "ref": "BatchDataCollectionConfig{geoIPEnabled=false, deviceBrandEnabled=false, deviceModelEnabled=null}",
    "arguments": "{}",
    "stack_trace": "java.lang.Exception\n\tat com.batch.android.BatchDataCollectionConfig.toString(Native Method)\n\tat com.batch.android.BatchDataCollectionConfig.setDeviceModelEnabled(Native Method)\n\tat com.batch.android.m0.d.k(SourceFile:321)\n\tat com.batch.android.m0.d.c(SourceFile:311)\n\tat com.batch.android.m0.d.a(SourceFile:93)\n\tat com.batch.android.m0.c.a(SourceFile:71)\n\tat com.batch.android.Batch.a(SourceFile:2214)\n\tat com.batch.android.Batch.a(Native Method)\n\tat com.batch.android.Batch.$r8$lambda$aBt0dn8WimDVjUTFcsYiS6ZqAbw(Unknown Source:0)\n\tat com.batch.android.Batch$$ExternalSyntheticLambda4.a(Unknown Source:14)\n\tat com.batch.android.a1.e.a(SourceFile:168)\n\tat com.batch.android.Batch.a(SourceFile:11912)\n\tat com.batch.android.Batch.a(Native Method)\n\tat com.batch.android.Batch.onStart(SourceFile:1)\n\tat com.batch.android.Batch.onStart(Native Method)\n\tat com.batch.android.BatchActivityLifecycleHelper.onActivityStarted(SourceFile:1)\n\tat android.app.Application.dispatchActivityStarted(Application.java:413)\n\tat android.app.Activity.dispatchActivityStarted(Activity.java:1482)\n\tat android.app.Activity.onStart(Activity.java:2016)\n\tat androidx.fragment.app.FragmentActivity.onStart(FragmentActivity.java:345)\n\tat androidx.appcompat.app.AppCompatActivity.onStart(AppCompatActivity.java:251)\n\tat com.feels.MainActivity.onStart(MainActivity.kt:27)\n\tat android.app.Instrumentation.callActivityOnStart(Instrumentation.java:1566)\n\tat android.app.Activity.performStart(Activity.java:8570)\n\tat android.app.ActivityThread.handleStartActivity(ActivityThread.java:3934)\n\tat android.app.servertransaction.TransactionExecutor.performLifecycleSequence(TransactionExecutor.java:221)\n\tat android.app.servertransaction.TransactionExecutor.cycleToPath(TransactionExecutor.java:201)\n\tat android.app.servertransaction.TransactionExecutor.executeLifecycleState(TransactionExecutor.java:173)\n\tat android.app.servertransaction.TransactionExecutor.execute(TransactionExecutor.java:97)\n\tat android.app.ActivityThread$H.handleMessage(ActivityThread.java:2415)\n\tat android.os.Handler.dispatchMessage(Handler.java:106)\n\tat android.os.Looper.loopOnce(Looper.java:211)\n\tat android.os.Looper.loop(Looper.java:300)\n\tat android.app.ActivityThread.main(ActivityThread.java:8395)\n\tat java.lang.reflect.Method.invoke(Native Method)\n\tat com.android.internal.os.RuntimeInit$MethodAndArgsCaller.run(RuntimeInit.java:559)\n\tat com.android.internal.os.ZygoteInit.main(ZygoteInit.java:954)\n"
},
{
    "type": "log",
    "source": "class",
    "method": "setDeviceModelEnabled",
    "package_name": "com.feels",
    "class_name": "com.batch.android.BatchDataCollectionConfig",
    "timestamp": 1728283925266,
    "ref": "BatchDataCollectionConfig{geoIPEnabled=false, deviceBrandEnabled=false, deviceModelEnabled=null}",
    "arguments": "{\"0\":false}",
    "stack_trace": "java.lang.Exception\n\tat com.batch.android.BatchDataCollectionConfig.setDeviceModelEnabled(Native Method)\n\tat com.batch.android.m0.d.k(SourceFile:321)\n\tat com.batch.android.m0.d.c(SourceFile:311)\n\tat com.batch.android.m0.d.a(SourceFile:93)\n\tat com.batch.android.m0.c.a(SourceFile:71)\n\tat com.batch.android.Batch.a(SourceFile:2214)\n\tat com.batch.android.Batch.a(Native Method)\n\tat com.batch.android.Batch.$r8$lambda$aBt0dn8WimDVjUTFcsYiS6ZqAbw(Unknown Source:0)\n\tat com.batch.android.Batch$$ExternalSyntheticLambda4.a(Unknown Source:14)\n\tat com.batch.android.a1.e.a(SourceFile:168)\n\tat com.batch.android.Batch.a(SourceFile:11912)\n\tat com.batch.android.Batch.a(Native Method)\n\tat com.batch.android.Batch.onStart(SourceFile:1)\n\tat com.batch.android.Batch.onStart(Native Method)\n\tat com.batch.android.BatchActivityLifecycleHelper.onActivityStarted(SourceFile:1)\n\tat android.app.Application.dispatchActivityStarted(Application.java:413)\n\tat android.app.Activity.dispatchActivityStarted(Activity.java:1482)\n\tat android.app.Activity.onStart(Activity.java:2016)\n\tat androidx.fragment.app.FragmentActivity.onStart(FragmentActivity.java:345)\n\tat androidx.appcompat.app.AppCompatActivity.onStart(AppCompatActivity.java:251)\n\tat com.feels.MainActivity.onStart(MainActivity.kt:27)\n\tat android.app.Instrumentation.callActivityOnStart(Instrumentation.java:1566)\n\tat android.app.Activity.performStart(Activity.java:8570)\n\tat android.app.ActivityThread.handleStartActivity(ActivityThread.java:3934)\n\tat android.app.servertransaction.TransactionExecutor.performLifecycleSequence(TransactionExecutor.java:221)\n\tat android.app.servertransaction.TransactionExecutor.cycleToPath(TransactionExecutor.java:201)\n\tat android.app.servertransaction.TransactionExecutor.executeLifecycleState(TransactionExecutor.java:173)\n\tat android.app.servertransaction.TransactionExecutor.execute(TransactionExecutor.java:97)\n\tat android.app.ActivityThread$H.handleMessage(ActivityThread.java:2415)\n\tat android.os.Handler.dispatchMessage(Handler.java:106)\n\tat android.os.Looper.loopOnce(Looper.java:211)\n\tat android.os.Looper.loop(Looper.java:300)\n\tat android.app.ActivityThread.main(ActivityThread.java:8395)\n\tat java.lang.reflect.Method.invoke(Native Method)\n\tat com.android.internal.os.RuntimeInit$MethodAndArgsCaller.run(RuntimeInit.java:559)\n\tat com.android.internal.os.ZygoteInit.main(ZygoteInit.java:954)\n"
},
{
    "type": "log",
    "source": "class",
    "method": "h",
    "package_name": "com.feels",
    "class_name": "com.batch.android.Batch",
    "timestamp": 1728283925280,
    "ref": "<class: com.batch.android.Batch>",
    "arguments": "{}",
    "stack_trace": "java.lang.Exception\n\tat com.batch.android.Batch.h(Native Method)\n\tat com.batch.android.Batch.a(SourceFile:2219)\n\tat com.batch.android.Batch.a(Native Method)\n\tat com.batch.android.Batch.$r8$lambda$aBt0dn8WimDVjUTFcsYiS6ZqAbw(Unknown Source:0)\n\tat com.batch.android.Batch$$ExternalSyntheticLambda4.a(Unknown Source:14)\n\tat com.batch.android.a1.e.a(SourceFile:168)\n\tat com.batch.android.Batch.a(SourceFile:11912)\n\tat com.batch.android.Batch.a(Native Method)\n\tat com.batch.android.Batch.onStart(SourceFile:1)\n\tat com.batch.android.Batch.onStart(Native Method)\n\tat com.batch.android.BatchActivityLifecycleHelper.onActivityStarted(SourceFile:1)\n\tat android.app.Application.dispatchActivityStarted(Application.java:413)\n\tat android.app.Activity.dispatchActivityStarted(Activity.java:1482)\n\tat android.app.Activity.onStart(Activity.java:2016)\n\tat androidx.fragment.app.FragmentActivity.onStart(FragmentActivity.java:345)\n\tat androidx.appcompat.app.AppCompatActivity.onStart(AppCompatActivity.java:251)\n\tat com.feels.MainActivity.onStart(MainActivity.kt:27)\n\tat android.app.Instrumentation.callActivityOnStart(Instrumentation.java:1566)\n\tat android.app.Activity.performStart(Activity.java:8570)\n\tat android.app.ActivityThread.handleStartActivity(ActivityThread.java:3934)\n\tat android.app.servertransaction.TransactionExecutor.performLifecycleSequence(TransactionExecutor.java:221)\n\tat android.app.servertransaction.TransactionExecutor.cycleToPath(TransactionExecutor.java:201)\n\tat android.app.servertransaction.TransactionExecutor.executeLifecycleState(TransactionExecutor.java:173)\n\tat android.app.servertransaction.TransactionExecutor.execute(TransactionExecutor.java:97)\n\tat android.app.ActivityThread$H.handleMessage(ActivityThread.java:2415)\n\tat android.os.Handler.dispatchMessage(Handler.java:106)\n\tat android.os.Looper.loopOnce(Looper.java:211)\n\tat android.os.Looper.loop(Looper.java:300)\n\tat android.app.ActivityThread.main(ActivityThread.java:8395)\n\tat java.lang.reflect.Method.invoke(Native Method)\n\tat com.android.internal.os.RuntimeInit$MethodAndArgsCaller.run(RuntimeInit.java:559)\n\tat com.android.internal.os.ZygoteInit.main(ZygoteInit.java:954)\n"
},
{
    "type": "log",
    "source": "class",
    "method": "getSessionID",
    "package_name": "com.feels",
    "class_name": "com.batch.android.Batch",
    "timestamp": 1728283925335,
    "ref": "<class: com.batch.android.Batch>",
    "arguments": "{}",
    "stack_trace": "java.lang.Exception\n\tat com.batch.android.Batch.getSessionID(Native Method)\n\tat com.batch.android.o.b.<init>(SourceFile:113)\n\tat com.batch.android.m0.l.a(SourceFile:1882)\n\tat com.batch.android.m0.l.a(SourceFile:1534)\n\tat com.batch.android.Batch.a(SourceFile:2306)\n\tat com.batch.android.Batch.a(Native Method)\n\tat com.batch.android.Batch.$r8$lambda$aBt0dn8WimDVjUTFcsYiS6ZqAbw(Unknown Source:0)\n\tat com.batch.android.Batch$$ExternalSyntheticLambda4.a(Unknown Source:14)\n\tat com.batch.android.a1.e.a(SourceFile:168)\n\tat com.batch.android.Batch.a(SourceFile:11912)\n\tat com.batch.android.Batch.a(Native Method)\n\tat com.batch.android.Batch.onStart(SourceFile:1)\n\tat com.batch.android.Batch.onStart(Native Method)\n\tat com.batch.android.BatchActivityLifecycleHelper.onActivityStarted(SourceFile:1)\n\tat android.app.Application.dispatchActivityStarted(Application.java:413)\n\tat android.app.Activity.dispatchActivityStarted(Activity.java:1482)\n\tat android.app.Activity.onStart(Activity.java:2016)\n\tat androidx.fragment.app.FragmentActivity.onStart(FragmentActivity.java:345)\n\tat androidx.appcompat.app.AppCompatActivity.onStart(AppCompatActivity.java:251)\n\tat com.feels.MainActivity.onStart(MainActivity.kt:27)\n\tat android.app.Instrumentation.callActivityOnStart(Instrumentation.java:1566)\n\tat android.app.Activity.performStart(Activity.java:8570)\n\tat android.app.ActivityThread.handleStartActivity(ActivityThread.java:3934)\n\tat android.app.servertransaction.TransactionExecutor.performLifecycleSequence(TransactionExecutor.java:221)\n\tat android.app.servertransaction.TransactionExecutor.cycleToPath(TransactionExecutor.java:201)\n\tat android.app.servertransaction.TransactionExecutor.executeLifecycleState(TransactionExecutor.java:173)\n\tat android.app.servertransaction.TransactionExecutor.execute(TransactionExecutor.java:97)\n\tat android.app.ActivityThread$H.handleMessage(ActivityThread.java:2415)\n\tat android.os.Handler.dispatchMessage(Handler.java:106)\n\tat android.os.Looper.loopOnce(Looper.java:211)\n\tat android.os.Looper.loop(Looper.java:300)\n\tat android.app.ActivityThread.main(ActivityThread.java:8395)\n\tat java.lang.reflect.Method.invoke(Native Method)\n\tat com.android.internal.os.RuntimeInit$MethodAndArgsCaller.run(RuntimeInit.java:559)\n\tat com.android.internal.os.ZygoteInit.main(ZygoteInit.java:954)\n"
},
{
    "type": "log",
    "source": "class",
    "method": "a",
    "package_name": "com.feels",
    "class_name": "com.batch.android.Batch",
    "timestamp": 1728283925341,
    "ref": "<class: com.batch.android.Batch>",
    "arguments": "{\"0\":\"<instance: java.lang.StringBuilder>\",\"1\":\"<instance: com.batch.android.a1.g>\"}",
    "stack_trace": "java.lang.Exception\n\tat com.batch.android.Batch.a(Native Method)\n\tat com.batch.android.Batch.$r8$lambda$6JVZ8exSbDQR1v18x-49LMmEa34(Unknown Source:0)\n\tat com.batch.android.Batch$$ExternalSyntheticLambda10.a(Unknown Source:2)\n\tat com.batch.android.a1.e.a(SourceFile:1840)\n\tat com.batch.android.Batch.getSessionID(SourceFile:5)\n\tat com.batch.android.Batch.getSessionID(Native Method)\n\tat com.batch.android.o.b.<init>(SourceFile:113)\n\tat com.batch.android.m0.l.a(SourceFile:1882)\n\tat com.batch.android.m0.l.a(SourceFile:1534)\n\tat com.batch.android.Batch.a(SourceFile:2306)\n\tat com.batch.android.Batch.a(Native Method)\n\tat com.batch.android.Batch.$r8$lambda$aBt0dn8WimDVjUTFcsYiS6ZqAbw(Unknown Source:0)\n\tat com.batch.android.Batch$$ExternalSyntheticLambda4.a(Unknown Source:14)\n\tat com.batch.android.a1.e.a(SourceFile:168)\n\tat com.batch.android.Batch.a(SourceFile:11912)\n\tat com.batch.android.Batch.a(Native Method)\n\tat com.batch.android.Batch.onStart(SourceFile:1)\n\tat com.batch.android.Batch.onStart(Native Method)\n\tat com.batch.android.BatchActivityLifecycleHelper.onActivityStarted(SourceFile:1)\n\tat android.app.Application.dispatchActivityStarted(Application.java:413)\n\tat android.app.Activity.dispatchActivityStarted(Activity.java:1482)\n\tat android.app.Activity.onStart(Activity.java:2016)\n\tat androidx.fragment.app.FragmentActivity.onStart(FragmentActivity.java:345)\n\tat androidx.appcompat.app.AppCompatActivity.onStart(AppCompatActivity.java:251)\n\tat com.feels.MainActivity.onStart(MainActivity.kt:27)\n\tat android.app.Instrumentation.callActivityOnStart(Instrumentation.java:1566)\n\tat android.app.Activity.performStart(Activity.java:8570)\n\tat android.app.ActivityThread.handleStartActivity(ActivityThread.java:3934)\n\tat android.app.servertransaction.TransactionExecutor.performLifecycleSequence(TransactionExecutor.java:221)\n\tat android.app.servertransaction.TransactionExecutor.cycleToPath(TransactionExecutor.java:201)\n\tat android.app.servertransaction.TransactionExecutor.executeLifecycleState(TransactionExecutor.java:173)\n\tat android.app.servertransaction.TransactionExecutor.execute(TransactionExecutor.java:97)\n\tat android.app.ActivityThread$H.handleMessage(ActivityThread.java:2415)\n\tat android.os.Handler.dispatchMessage(Handler.java:106)\n\tat android.os.Looper.loopOnce(Looper.java:211)\n\tat android.os.Looper.loop(Looper.java:300)\n\tat android.app.ActivityThread.main(ActivityThread.java:8395)\n\tat java.lang.reflect.Method.invoke(Native Method)\n\tat com.android.internal.os.RuntimeInit$MethodAndArgsCaller.run(RuntimeInit.java:559)\n\tat com.android.internal.os.ZygoteInit.main(ZygoteInit.java:954)\n"
},
{
    "type": "log",
    "source": "class",
    "method": "a",
    "package_name": "com.feels",
    "class_name": "com.batch.android.Batch",
    "timestamp": 1728283925352,
    "ref": "<class: com.batch.android.Batch>",
    "arguments": "{\"0\":\"<instance: com.batch.android.a1.e>\",\"1\":\"<instance: java.util.concurrent.atomic.AtomicBoolean>\",\"2\":\"<instance: java.lang.StringBuilder>\",\"3\":true,\"4\":\"<instance: com.batch.android.a1.g>\"}",
    "stack_trace": "java.lang.Exception\n\tat com.batch.android.Batch.a(Native Method)\n\tat com.batch.android.Batch.$r8$lambda$IsqiTTbKXs3OGdegG1CJClTpc2w(Unknown Source:0)\n\tat com.batch.android.Batch$$ExternalSyntheticLambda5.a(Unknown Source:8)\n\tat com.batch.android.a1.e.a(SourceFile:2056)\n\tat com.batch.android.Batch.a(SourceFile:12243)\n\tat com.batch.android.Batch.a(Native Method)\n\tat com.batch.android.Batch.onStart(SourceFile:1)\n\tat com.batch.android.Batch.onStart(Native Method)\n\tat com.batch.android.BatchActivityLifecycleHelper.onActivityStarted(SourceFile:1)\n\tat android.app.Application.dispatchActivityStarted(Application.java:413)\n\tat android.app.Activity.dispatchActivityStarted(Activity.java:1482)\n\tat android.app.Activity.onStart(Activity.java:2016)\n\tat androidx.fragment.app.FragmentActivity.onStart(FragmentActivity.java:345)\n\tat androidx.appcompat.app.AppCompatActivity.onStart(AppCompatActivity.java:251)\n\tat com.feels.MainActivity.onStart(MainActivity.kt:27)\n\tat android.app.Instrumentation.callActivityOnStart(Instrumentation.java:1566)\n\tat android.app.Activity.performStart(Activity.java:8570)\n\tat android.app.ActivityThread.handleStartActivity(ActivityThread.java:3934)\n\tat android.app.servertransaction.TransactionExecutor.performLifecycleSequence(TransactionExecutor.java:221)\n\tat android.app.servertransaction.TransactionExecutor.cycleToPath(TransactionExecutor.java:201)\n\tat android.app.servertransaction.TransactionExecutor.executeLifecycleState(TransactionExecutor.java:173)\n\tat android.app.servertransaction.TransactionExecutor.execute(TransactionExecutor.java:97)\n\tat android.app.ActivityThread$H.handleMessage(ActivityThread.java:2415)\n\tat android.os.Handler.dispatchMessage(Handler.java:106)\n\tat android.os.Looper.loopOnce(Looper.java:211)\n\tat android.os.Looper.loop(Looper.java:300)\n\tat android.app.ActivityThread.main(ActivityThread.java:8395)\n\tat java.lang.reflect.Method.invoke(Native Method)\n\tat com.android.internal.os.RuntimeInit$MethodAndArgsCaller.run(RuntimeInit.java:559)\n\tat com.android.internal.os.ZygoteInit.main(ZygoteInit.java:954)\n"
},
{
    "type": "log",
    "source": "class",
    "method": "a",
    "package_name": "com.feels",
    "class_name": "com.batch.android.Batch",
    "timestamp": 1728283925362,
    "ref": "<class: com.batch.android.Batch>",
    "arguments": "{\"0\":\"<instance: com.batch.android.a1.b>\"}",
    "stack_trace": "java.lang.Exception\n\tat com.batch.android.Batch.a(Native Method)\n\tat com.batch.android.Batch.$r8$lambda$v6amI7iSRGKGIYCKVRjOFCdUDlU(Unknown Source:0)\n\tat com.batch.android.Batch$$ExternalSyntheticLambda6.a(Unknown Source:0)\n\tat com.batch.android.a1.e.a(SourceFile:788)\n\tat com.batch.android.Batch.a(SourceFile:12259)\n\tat com.batch.android.Batch.a(Native Method)\n\tat com.batch.android.Batch.onStart(SourceFile:1)\n\tat com.batch.android.Batch.onStart(Native Method)\n\tat com.batch.android.BatchActivityLifecycleHelper.onActivityStarted(SourceFile:1)\n\tat android.app.Application.dispatchActivityStarted(Application.java:413)\n\tat android.app.Activity.dispatchActivityStarted(Activity.java:1482)\n\tat android.app.Activity.onStart(Activity.java:2016)\n\tat androidx.fragment.app.FragmentActivity.onStart(FragmentActivity.java:345)\n\tat androidx.appcompat.app.AppCompatActivity.onStart(AppCompatActivity.java:251)\n\tat com.feels.MainActivity.onStart(MainActivity.kt:27)\n\tat android.app.Instrumentation.callActivityOnStart(Instrumentation.java:1566)\n\tat android.app.Activity.performStart(Activity.java:8570)\n\tat android.app.ActivityThread.handleStartActivity(ActivityThread.java:3934)\n\tat android.app.servertransaction.TransactionExecutor.performLifecycleSequence(TransactionExecutor.java:221)\n\tat android.app.servertransaction.TransactionExecutor.cycleToPath(TransactionExecutor.java:201)\n\tat android.app.servertransaction.TransactionExecutor.executeLifecycleState(TransactionExecutor.java:173)\n\tat android.app.servertransaction.TransactionExecutor.execute(TransactionExecutor.java:97)\n\tat android.app.ActivityThread$H.handleMessage(ActivityThread.java:2415)\n\tat android.os.Handler.dispatchMessage(Handler.java:106)\n\tat android.os.Looper.loopOnce(Looper.java:211)\n\tat android.os.Looper.loop(Looper.java:300)\n\tat android.app.ActivityThread.main(ActivityThread.java:8395)\n\tat java.lang.reflect.Method.invoke(Native Method)\n\tat com.android.internal.os.RuntimeInit$MethodAndArgsCaller.run(RuntimeInit.java:559)\n\tat com.android.internal.os.ZygoteInit.main(ZygoteInit.java:954)\n"
},
{
    "type": "log",
    "source": "class",
    "method": "a",
    "package_name": "com.feels",
    "class_name": "com.batch.android.Batch",
    "timestamp": 1728283925368,
    "ref": "<class: com.batch.android.Batch>",
    "arguments": "{}",
    "stack_trace": "java.lang.Exception\n\tat com.batch.android.Batch.a(Native Method)\n\tat com.batch.android.Batch$User.getInstallationID(SourceFile:1)\n\tat com.batch.android.Batch.a(SourceFile:12267)\n\tat com.batch.android.Batch.a(Native Method)\n\tat com.batch.android.Batch.onStart(SourceFile:1)\n\tat com.batch.android.Batch.onStart(Native Method)\n\tat com.batch.android.BatchActivityLifecycleHelper.onActivityStarted(SourceFile:1)\n\tat android.app.Application.dispatchActivityStarted(Application.java:413)\n\tat android.app.Activity.dispatchActivityStarted(Activity.java:1482)\n\tat android.app.Activity.onStart(Activity.java:2016)\n\tat androidx.fragment.app.FragmentActivity.onStart(FragmentActivity.java:345)\n\tat androidx.appcompat.app.AppCompatActivity.onStart(AppCompatActivity.java:251)\n\tat com.feels.MainActivity.onStart(MainActivity.kt:27)\n\tat android.app.Instrumentation.callActivityOnStart(Instrumentation.java:1566)\n\tat android.app.Activity.performStart(Activity.java:8570)\n\tat android.app.ActivityThread.handleStartActivity(ActivityThread.java:3934)\n\tat android.app.servertransaction.TransactionExecutor.performLifecycleSequence(TransactionExecutor.java:221)\n\tat android.app.servertransaction.TransactionExecutor.cycleToPath(TransactionExecutor.java:201)\n\tat android.app.servertransaction.TransactionExecutor.executeLifecycleState(TransactionExecutor.java:173)\n\tat android.app.servertransaction.TransactionExecutor.execute(TransactionExecutor.java:97)\n\tat android.app.ActivityThread$H.handleMessage(ActivityThread.java:2415)\n\tat android.os.Handler.dispatchMessage(Handler.java:106)\n\tat android.os.Looper.loopOnce(Looper.java:211)\n\tat android.os.Looper.loop(Looper.java:300)\n\tat android.app.ActivityThread.main(ActivityThread.java:8395)\n\tat java.lang.reflect.Method.invoke(Native Method)\n\tat com.android.internal.os.RuntimeInit$MethodAndArgsCaller.run(RuntimeInit.java:559)\n\tat com.android.internal.os.ZygoteInit.main(ZygoteInit.java:954)\n"
},
{
    "type": "log",
    "source": "class",
    "method": "toString",
    "package_name": "com.feels",
    "class_name": "com.batch.android.BatchDataCollectionConfig",
    "timestamp": 1728283925399,
    "ref": "BatchDataCollectionConfig{geoIPEnabled=false, deviceBrandEnabled=false, deviceModelEnabled=false}",
    "arguments": "{}",
    "stack_trace": "java.lang.Exception\n\tat com.batch.android.BatchDataCollectionConfig.toString(Native Method)\n\tat com.batch.android.BatchDataCollectionConfig.isDeviceModelEnabled(Native Method)\n\tat com.batch.android.g.c.<init>(SourceFile:103)\n\tat com.batch.android.g.c.h(SourceFile:1)\n\tat com.batch.android.m.a0.a(SourceFile:14)\n\tat com.batch.android.a.o.a(SourceFile:47)\n\tat com.batch.android.a.o.b(SourceFile:1)\n\tat com.batch.android.a.d.w(SourceFile:6)\n\tat com.batch.android.a.c.w(SourceFile:66)\n\tat com.batch.android.e.k0.f(SourceFile:827)\n\tat com.batch.android.e.k0.k(SourceFile:445)\n\tat com.batch.android.e.k0.D(SourceFile:625)\n\tat com.batch.android.a.m.run(SourceFile:75)\n\tat com.batch.android.o.e.c(SourceFile:166)\n\tat com.batch.android.o.e.$r8$lambda$HBCzgONn44cUXEIQD-AHdNr5XkY(Unknown Source:0)\n\tat com.batch.android.o.e$$ExternalSyntheticLambda0.run(Unknown Source:2)\n\tat java.util.concurrent.Executors$RunnableAdapter.call(Executors.java:463)\n\tat java.util.concurrent.FutureTask.run(FutureTask.java:264)\n\tat java.util.concurrent.ThreadPoolExecutor.runWorker(ThreadPoolExecutor.java:1137)\n\tat java.util.concurrent.ThreadPoolExecutor$Worker.run(ThreadPoolExecutor.java:637)\n\tat java.lang.Thread.run(Thread.java:1012)\n"
},
{
    "type": "log",
    "source": "class",
    "method": "isDeviceModelEnabled",
    "package_name": "com.feels",
    "class_name": "com.batch.android.BatchDataCollectionConfig",
    "timestamp": 1728283925399,
    "ref": "BatchDataCollectionConfig{geoIPEnabled=false, deviceBrandEnabled=false, deviceModelEnabled=false}",
    "arguments": "{}",
    "stack_trace": "java.lang.Exception\n\tat com.batch.android.BatchDataCollectionConfig.isDeviceModelEnabled(Native Method)\n\tat com.batch.android.g.c.<init>(SourceFile:103)\n\tat com.batch.android.g.c.h(SourceFile:1)\n\tat com.batch.android.m.a0.a(SourceFile:14)\n\tat com.batch.android.a.o.a(SourceFile:47)\n\tat com.batch.android.a.o.b(SourceFile:1)\n\tat com.batch.android.a.d.w(SourceFile:6)\n\tat com.batch.android.a.c.w(SourceFile:66)\n\tat com.batch.android.e.k0.f(SourceFile:827)\n\tat com.batch.android.e.k0.k(SourceFile:445)\n\tat com.batch.android.e.k0.D(SourceFile:625)\n\tat com.batch.android.a.m.run(SourceFile:75)\n\tat com.batch.android.o.e.c(SourceFile:166)\n\tat com.batch.android.o.e.$r8$lambda$HBCzgONn44cUXEIQD-AHdNr5XkY(Unknown Source:0)\n\tat com.batch.android.o.e$$ExternalSyntheticLambda0.run(Unknown Source:2)\n\tat java.util.concurrent.Executors$RunnableAdapter.call(Executors.java:463)\n\tat java.util.concurrent.FutureTask.run(FutureTask.java:264)\n\tat java.util.concurrent.ThreadPoolExecutor.runWorker(ThreadPoolExecutor.java:1137)\n\tat java.util.concurrent.ThreadPoolExecutor$Worker.run(ThreadPoolExecutor.java:637)\n\tat java.lang.Thread.run(Thread.java:1012)\n"
},
{
    "type": "log",
    "source": "class",
    "method": "toString",
    "package_name": "com.feels",
    "class_name": "com.batch.android.BatchDataCollectionConfig",
    "timestamp": 1728283925413,
    "ref": "BatchDataCollectionConfig{geoIPEnabled=false, deviceBrandEnabled=false, deviceModelEnabled=false}",
    "arguments": "{}",
    "stack_trace": "java.lang.Exception\n\tat com.batch.android.BatchDataCollectionConfig.toString(Native Method)\n\tat com.batch.android.BatchDataCollectionConfig.isDeviceBrandEnabled(Native Method)\n\tat com.batch.android.g.c.<init>(SourceFile:110)\n\tat com.batch.android.g.c.h(SourceFile:1)\n\tat com.batch.android.m.a0.a(SourceFile:14)\n\tat com.batch.android.a.o.a(SourceFile:47)\n\tat com.batch.android.a.o.b(SourceFile:1)\n\tat com.batch.android.a.d.w(SourceFile:6)\n\tat com.batch.android.a.c.w(SourceFile:66)\n\tat com.batch.android.e.k0.f(SourceFile:827)\n\tat com.batch.android.e.k0.k(SourceFile:445)\n\tat com.batch.android.e.k0.D(SourceFile:625)\n\tat com.batch.android.a.m.run(SourceFile:75)\n\tat com.batch.android.o.e.c(SourceFile:166)\n\tat com.batch.android.o.e.$r8$lambda$HBCzgONn44cUXEIQD-AHdNr5XkY(Unknown Source:0)\n\tat com.batch.android.o.e$$ExternalSyntheticLambda0.run(Unknown Source:2)\n\tat java.util.concurrent.Executors$RunnableAdapter.call(Executors.java:463)\n\tat java.util.concurrent.FutureTask.run(FutureTask.java:264)\n\tat java.util.concurrent.ThreadPoolExecutor.runWorker(ThreadPoolExecutor.java:1137)\n\tat java.util.concurrent.ThreadPoolExecutor$Worker.run(ThreadPoolExecutor.java:637)\n\tat java.lang.Thread.run(Thread.java:1012)\n"
},
{
    "type": "log",
    "source": "class",
    "method": "isDeviceBrandEnabled",
    "package_name": "com.feels",
    "class_name": "com.batch.android.BatchDataCollectionConfig",
    "timestamp": 1728283925412,
    "ref": "BatchDataCollectionConfig{geoIPEnabled=false, deviceBrandEnabled=false, deviceModelEnabled=false}",
    "arguments": "{}",
    "stack_trace": "java.lang.Exception\n\tat com.batch.android.BatchDataCollectionConfig.isDeviceBrandEnabled(Native Method)\n\tat com.batch.android.g.c.<init>(SourceFile:110)\n\tat com.batch.android.g.c.h(SourceFile:1)\n\tat com.batch.android.m.a0.a(SourceFile:14)\n\tat com.batch.android.a.o.a(SourceFile:47)\n\tat com.batch.android.a.o.b(SourceFile:1)\n\tat com.batch.android.a.d.w(SourceFile:6)\n\tat com.batch.android.a.c.w(SourceFile:66)\n\tat com.batch.android.e.k0.f(SourceFile:827)\n\tat com.batch.android.e.k0.k(SourceFile:445)\n\tat com.batch.android.e.k0.D(SourceFile:625)\n\tat com.batch.android.a.m.run(SourceFile:75)\n\tat com.batch.android.o.e.c(SourceFile:166)\n\tat com.batch.android.o.e.$r8$lambda$HBCzgONn44cUXEIQD-AHdNr5XkY(Unknown Source:0)\n\tat com.batch.android.o.e$$ExternalSyntheticLambda0.run(Unknown Source:2)\n\tat java.util.concurrent.Executors$RunnableAdapter.call(Executors.java:463)\n\tat java.util.concurrent.FutureTask.run(FutureTask.java:264)\n\tat java.util.concurrent.ThreadPoolExecutor.runWorker(ThreadPoolExecutor.java:1137)\n\tat java.util.concurrent.ThreadPoolExecutor$Worker.run(ThreadPoolExecutor.java:637)\n\tat java.lang.Thread.run(Thread.java:1012)\n"
},
{
    "type": "log",
    "source": "class",
    "method": "getInstance",
    "package_name": "com.feels",
    "class_name": "com.google.firebase.analytics.FirebaseAnalytics",
    "timestamp": 1728283925421,
    "ref": "<class: com.google.firebase.analytics.FirebaseAnalytics>",
    "arguments": "{\"0\":\"<instance: android.content.Context, $className: com.feels.MainApplication>\"}",
    "stack_trace": "java.lang.Exception\n\tat com.google.firebase.analytics.FirebaseAnalytics.getInstance(Native Method)\n\tat java.lang.reflect.Method.invoke(Native Method)\n\tat m.tf.f(:com.google.android.gms.dynamite_measurementdynamite@243834029@24.38.34 (190400-0):47)\n\tat m.rp.ab(:com.google.android.gms.dynamite_measurementdynamite@243834029@24.38.34 (190400-0):143)\n\tat m.rp.H(:com.google.android.gms.dynamite_measurementdynamite@243834029@24.38.34 (190400-0):30)\n\tat m.sc.A(:com.google.android.gms.dynamite_measurementdynamite@243834029@24.38.34 (190400-0):183)\n\tat m.rx.run(:com.google.android.gms.dynamite_measurementdynamite@243834029@24.38.34 (190400-0):12)\n\tat java.util.concurrent.Executors$RunnableAdapter.call(Executors.java:463)\n\tat java.util.concurrent.FutureTask.run(FutureTask.java:264)\n\tat m.pl.run(:com.google.android.gms.dynamite_measurementdynamite@243834029@24.38.34 (190400-0):48)\n"
},
{
    "type": "log",
    "source": "class",
    "method": "a",
    "package_name": "com.feels",
    "class_name": "com.batch.android.Batch",
    "timestamp": 1728283925424,
    "ref": "<class: com.batch.android.Batch>",
    "arguments": "{}",
    "stack_trace": "java.lang.Exception\n\tat com.batch.android.Batch.a(Native Method)\n\tat com.batch.android.Batch$User.getInstallationID(SourceFile:1)\n\tat com.batch.android.g.c$$ExternalSyntheticLambda0.get(Unknown Source:0)\n\tat com.batch.android.g.a.b(SourceFile:68)\n\tat com.batch.android.a.o.a(SourceFile:51)\n\tat com.batch.android.a.o.b(SourceFile:1)\n\tat com.batch.android.a.d.w(SourceFile:6)\n\tat com.batch.android.a.c.w(SourceFile:66)\n\tat com.batch.android.e.k0.f(SourceFile:827)\n\tat com.batch.android.e.k0.k(SourceFile:445)\n\tat com.batch.android.e.k0.D(SourceFile:625)\n\tat com.batch.android.a.m.run(SourceFile:75)\n\tat com.batch.android.o.e.c(SourceFile:166)\n\tat com.batch.android.o.e.$r8$lambda$HBCzgONn44cUXEIQD-AHdNr5XkY(Unknown Source:0)\n\tat com.batch.android.o.e$$ExternalSyntheticLambda0.run(Unknown Source:2)\n\tat java.util.concurrent.Executors$RunnableAdapter.call(Executors.java:463)\n\tat java.util.concurrent.FutureTask.run(FutureTask.java:264)\n\tat java.util.concurrent.ThreadPoolExecutor.runWorker(ThreadPoolExecutor.java:1137)\n\tat java.util.concurrent.ThreadPoolExecutor$Worker.run(ThreadPoolExecutor.java:637)\n\tat java.lang.Thread.run(Thread.java:1012)\n"
},
{
    "type": "log",
    "source": "class",
    "method": "getFirebaseInstanceId",
    "package_name": "com.feels",
    "class_name": "com.google.firebase.analytics.FirebaseAnalytics",
    "timestamp": 1728283925430,
    "ref": "com.google.firebase.analytics.FirebaseAnalytics@ff5a389",
    "arguments": "{}",
    "stack_trace": "java.lang.Exception\n\tat com.google.firebase.analytics.FirebaseAnalytics.getFirebaseInstanceId(Native Method)\n\tat java.lang.reflect.Method.invoke(Native Method)\n\tat m.tf.f(:com.google.android.gms.dynamite_measurementdynamite@243834029@24.38.34 (190400-0):49)\n\tat m.rp.ab(:com.google.android.gms.dynamite_measurementdynamite@243834029@24.38.34 (190400-0):143)\n\tat m.rp.H(:com.google.android.gms.dynamite_measurementdynamite@243834029@24.38.34 (190400-0):30)\n\tat m.sc.A(:com.google.android.gms.dynamite_measurementdynamite@243834029@24.38.34 (190400-0):183)\n\tat m.rx.run(:com.google.android.gms.dynamite_measurementdynamite@243834029@24.38.34 (190400-0):12)\n\tat java.util.concurrent.Executors$RunnableAdapter.call(Executors.java:463)\n\tat java.util.concurrent.FutureTask.run(FutureTask.java:264)\n\tat m.pl.run(:com.google.android.gms.dynamite_measurementdynamite@243834029@24.38.34 (190400-0):48)\n"
},
{
    "type": "log",
    "source": "class",
    "method": "getSessionID",
    "package_name": "com.feels",
    "class_name": "com.batch.android.Batch",
    "timestamp": 1728283925431,
    "ref": "<class: com.batch.android.Batch>",
    "arguments": "{}",
    "stack_trace": "java.lang.Exception\n\tat com.batch.android.Batch.getSessionID(Native Method)\n\tat com.batch.android.g.c$$ExternalSyntheticLambda2.get(Unknown Source:0)\n\tat com.batch.android.g.a.b(SourceFile:68)\n\tat com.batch.android.a.o.a(SourceFile:51)\n\tat com.batch.android.a.o.b(SourceFile:1)\n\tat com.batch.android.a.d.w(SourceFile:6)\n\tat com.batch.android.a.c.w(SourceFile:66)\n\tat com.batch.android.e.k0.f(SourceFile:827)\n\tat com.batch.android.e.k0.k(SourceFile:445)\n\tat com.batch.android.e.k0.D(SourceFile:625)\n\tat com.batch.android.a.m.run(SourceFile:75)\n\tat com.batch.android.o.e.c(SourceFile:166)\n\tat com.batch.android.o.e.$r8$lambda$HBCzgONn44cUXEIQD-AHdNr5XkY(Unknown Source:0)\n\tat com.batch.android.o.e$$ExternalSyntheticLambda0.run(Unknown Source:2)\n\tat java.util.concurrent.Executors$RunnableAdapter.call(Executors.java:463)\n\tat java.util.concurrent.FutureTask.run(FutureTask.java:264)\n\tat java.util.concurrent.ThreadPoolExecutor.runWorker(ThreadPoolExecutor.java:1137)\n\tat java.util.concurrent.ThreadPoolExecutor$Worker.run(ThreadPoolExecutor.java:637)\n\tat java.lang.Thread.run(Thread.java:1012)\n"
},
{
    "type": "log",
    "source": "class",
    "method": "a",
    "package_name": "com.feels",
    "class_name": "com.batch.android.Batch",
    "timestamp": 1728283925440,
    "ref": "<class: com.batch.android.Batch>",
    "arguments": "{\"0\":\"<instance: java.lang.StringBuilder>\",\"1\":\"<instance: com.batch.android.a1.g>\"}",
    "stack_trace": "java.lang.Exception\n\tat com.batch.android.Batch.a(Native Method)\n\tat com.batch.android.Batch.$r8$lambda$6JVZ8exSbDQR1v18x-49LMmEa34(Unknown Source:0)\n\tat com.batch.android.Batch$$ExternalSyntheticLambda10.a(Unknown Source:2)\n\tat com.batch.android.a1.e.a(SourceFile:1840)\n\tat com.batch.android.Batch.getSessionID(SourceFile:5)\n\tat com.batch.android.Batch.getSessionID(Native Method)\n\tat com.batch.android.g.c$$ExternalSyntheticLambda2.get(Unknown Source:0)\n\tat com.batch.android.g.a.b(SourceFile:68)\n\tat com.batch.android.a.o.a(SourceFile:51)\n\tat com.batch.android.a.o.b(SourceFile:1)\n\tat com.batch.android.a.d.w(SourceFile:6)\n\tat com.batch.android.a.c.w(SourceFile:66)\n\tat com.batch.android.e.k0.f(SourceFile:827)\n\tat com.batch.android.e.k0.k(SourceFile:445)\n\tat com.batch.android.e.k0.D(SourceFile:625)\n\tat com.batch.android.a.m.run(SourceFile:75)\n\tat com.batch.android.o.e.c(SourceFile:166)\n\tat com.batch.android.o.e.$r8$lambda$HBCzgONn44cUXEIQD-AHdNr5XkY(Unknown Source:0)\n\tat com.batch.android.o.e$$ExternalSyntheticLambda0.run(Unknown Source:2)\n\tat java.util.concurrent.Executors$RunnableAdapter.call(Executors.java:463)\n\tat java.util.concurrent.FutureTask.run(FutureTask.java:264)\n\tat java.util.concurrent.ThreadPoolExecutor.runWorker(ThreadPoolExecutor.java:1137)\n\tat java.util.concurrent.ThreadPoolExecutor$Worker.run(ThreadPoolExecutor.java:637)\n\tat java.lang.Thread.run(Thread.java:1012)\n"
},
{
    "type": "log",
    "source": "class",
    "method": "toString",
    "package_name": "com.feels",
    "class_name": "com.batch.android.BatchDataCollectionConfig",
    "timestamp": 1728283925511,
    "ref": "BatchDataCollectionConfig{geoIPEnabled=false, deviceBrandEnabled=false, deviceModelEnabled=false}",
    "arguments": "{}",
    "stack_trace": "java.lang.Exception\n\tat com.batch.android.BatchDataCollectionConfig.toString(Native Method)\n\tat com.batch.android.BatchDataCollectionConfig.isGeoIpEnabled(Native Method)\n\tat com.batch.android.a.o.a(SourceFile:60)\n\tat com.batch.android.a.o.b(SourceFile:1)\n\tat com.batch.android.a.d.w(SourceFile:6)\n\tat com.batch.android.a.c.w(SourceFile:66)\n\tat com.batch.android.e.k0.f(SourceFile:827)\n\tat com.batch.android.e.k0.k(SourceFile:445)\n\tat com.batch.android.e.k0.D(SourceFile:625)\n\tat com.batch.android.a.m.run(SourceFile:75)\n\tat com.batch.android.o.e.c(SourceFile:166)\n\tat com.batch.android.o.e.$r8$lambda$HBCzgONn44cUXEIQD-AHdNr5XkY(Unknown Source:0)\n\tat com.batch.android.o.e$$ExternalSyntheticLambda0.run(Unknown Source:2)\n\tat java.util.concurrent.Executors$RunnableAdapter.call(Executors.java:463)\n\tat java.util.concurrent.FutureTask.run(FutureTask.java:264)\n\tat java.util.concurrent.ThreadPoolExecutor.runWorker(ThreadPoolExecutor.java:1137)\n\tat java.util.concurrent.ThreadPoolExecutor$Worker.run(ThreadPoolExecutor.java:637)\n\tat java.lang.Thread.run(Thread.java:1012)\n"
},
{
    "type": "log",
    "source": "class",
    "method": "isGeoIpEnabled",
    "package_name": "com.feels",
    "class_name": "com.batch.android.BatchDataCollectionConfig",
    "timestamp": 1728283925510,
    "ref": "BatchDataCollectionConfig{geoIPEnabled=false, deviceBrandEnabled=false, deviceModelEnabled=false}",
    "arguments": "{}",
    "stack_trace": "java.lang.Exception\n\tat com.batch.android.BatchDataCollectionConfig.isGeoIpEnabled(Native Method)\n\tat com.batch.android.a.o.a(SourceFile:60)\n\tat com.batch.android.a.o.b(SourceFile:1)\n\tat com.batch.android.a.d.w(SourceFile:6)\n\tat com.batch.android.a.c.w(SourceFile:66)\n\tat com.batch.android.e.k0.f(SourceFile:827)\n\tat com.batch.android.e.k0.k(SourceFile:445)\n\tat com.batch.android.e.k0.D(SourceFile:625)\n\tat com.batch.android.a.m.run(SourceFile:75)\n\tat com.batch.android.o.e.c(SourceFile:166)\n\tat com.batch.android.o.e.$r8$lambda$HBCzgONn44cUXEIQD-AHdNr5XkY(Unknown Source:0)\n\tat com.batch.android.o.e$$ExternalSyntheticLambda0.run(Unknown Source:2)\n\tat java.util.concurrent.Executors$RunnableAdapter.call(Executors.java:463)\n\tat java.util.concurrent.FutureTask.run(FutureTask.java:264)\n\tat java.util.concurrent.ThreadPoolExecutor.runWorker(ThreadPoolExecutor.java:1137)\n\tat java.util.concurrent.ThreadPoolExecutor$Worker.run(ThreadPoolExecutor.java:637)\n\tat java.lang.Thread.run(Thread.java:1012)\n"
},
{
    "type": "log",
    "source": "class",
    "method": "getInstance",
    "package_name": "com.feels",
    "class_name": "com.google.firebase.analytics.FirebaseAnalytics",
    "timestamp": 1728283927090,
    "ref": "<class: com.google.firebase.analytics.FirebaseAnalytics>",
    "arguments": "{\"0\":\"<instance: android.content.Context, $className: com.feels.MainApplication>\"}",
    "stack_trace": "java.lang.Exception\n\tat com.google.firebase.analytics.FirebaseAnalytics.getInstance(Native Method)\n\tat java.lang.reflect.Method.invoke(Native Method)\n\tat m.tf.f(:com.google.android.gms.dynamite_measurementdynamite@243834029@24.38.34 (190400-0):47)\n\tat m.sd.run(:com.google.android.gms.dynamite_measurementdynamite@243834029@24.38.34 (190400-0):20)\n\tat m.tf.r(:com.google.android.gms.dynamite_measurementdynamite@243834029@24.38.34 (190400-0):43)\n\tat m.tf.N(:com.google.android.gms.dynamite_measurementdynamite@243834029@24.38.34 (190400-0):9)\n\tat m.tb.run(:com.google.android.gms.dynamite_measurementdynamite@243834029@24.38.34 (190400-0):40)\n\tat java.util.concurrent.Executors$RunnableAdapter.call(Executors.java:463)\n\tat java.util.concurrent.FutureTask.run(FutureTask.java:264)\n\tat m.pl.run(:com.google.android.gms.dynamite_measurementdynamite@243834029@24.38.34 (190400-0):48)\n"
},
{
    "type": "log",
    "source": "class",
    "method": "getFirebaseInstanceId",
    "package_name": "com.feels",
    "class_name": "com.google.firebase.analytics.FirebaseAnalytics",
    "timestamp": 1728283927094,
    "ref": "com.google.firebase.analytics.FirebaseAnalytics@ff5a389",
    "arguments": "{}",
    "stack_trace": "java.lang.Exception\n\tat com.google.firebase.analytics.FirebaseAnalytics.getFirebaseInstanceId(Native Method)\n\tat java.lang.reflect.Method.invoke(Native Method)\n\tat m.tf.f(:com.google.android.gms.dynamite_measurementdynamite@243834029@24.38.34 (190400-0):49)\n\tat m.sd.run(:com.google.android.gms.dynamite_measurementdynamite@243834029@24.38.34 (190400-0):20)\n\tat m.tf.r(:com.google.android.gms.dynamite_measurementdynamite@243834029@24.38.34 (190400-0):43)\n\tat m.tf.N(:com.google.android.gms.dynamite_measurementdynamite@243834029@24.38.34 (190400-0):9)\n\tat m.tb.run(:com.google.android.gms.dynamite_measurementdynamite@243834029@24.38.34 (190400-0):40)\n\tat java.util.concurrent.Executors$RunnableAdapter.call(Executors.java:463)\n\tat java.util.concurrent.FutureTask.run(FutureTask.java:264)\n\tat m.pl.run(:com.google.android.gms.dynamite_measurementdynamite@243834029@24.38.34 (190400-0):48)\n"
},
{
    "type": "log",
    "source": "class",
    "method": "getInstance",
    "package_name": "com.feels",
    "class_name": "com.google.firebase.analytics.FirebaseAnalytics",
    "timestamp": 1728283927125,
    "ref": "<class: com.google.firebase.analytics.FirebaseAnalytics>",
    "arguments": "{\"0\":\"<instance: android.content.Context, $className: com.feels.MainApplication>\"}",
    "stack_trace": "java.lang.Exception\n\tat com.google.firebase.analytics.FirebaseAnalytics.getInstance(Native Method)\n\tat java.lang.reflect.Method.invoke(Native Method)\n\tat m.tf.f(:com.google.android.gms.dynamite_measurementdynamite@243834029@24.38.34 (190400-0):47)\n\tat m.se.run(:com.google.android.gms.dynamite_measurementdynamite@243834029@24.38.34 (190400-0):20)\n\tat m.tf.r(:com.google.android.gms.dynamite_measurementdynamite@243834029@24.38.34 (190400-0):43)\n\tat m.tf.N(:com.google.android.gms.dynamite_measurementdynamite@243834029@24.38.34 (190400-0):9)\n\tat m.tb.run(:com.google.android.gms.dynamite_measurementdynamite@243834029@24.38.34 (190400-0):40)\n\tat java.util.concurrent.Executors$RunnableAdapter.call(Executors.java:463)\n\tat java.util.concurrent.FutureTask.run(FutureTask.java:264)\n\tat m.pl.run(:com.google.android.gms.dynamite_measurementdynamite@243834029@24.38.34 (190400-0):48)\n"
},
{
    "type": "log",
    "source": "class",
    "method": "getFirebaseInstanceId",
    "package_name": "com.feels",
    "class_name": "com.google.firebase.analytics.FirebaseAnalytics",
    "timestamp": 1728283927128,
    "ref": "com.google.firebase.analytics.FirebaseAnalytics@ff5a389",
    "arguments": "{}",
    "stack_trace": "java.lang.Exception\n\tat com.google.firebase.analytics.FirebaseAnalytics.getFirebaseInstanceId(Native Method)\n\tat java.lang.reflect.Method.invoke(Native Method)\n\tat m.tf.f(:com.google.android.gms.dynamite_measurementdynamite@243834029@24.38.34 (190400-0):49)\n\tat m.se.run(:com.google.android.gms.dynamite_measurementdynamite@243834029@24.38.34 (190400-0):20)\n\tat m.tf.r(:com.google.android.gms.dynamite_measurementdynamite@243834029@24.38.34 (190400-0):43)\n\tat m.tf.N(:com.google.android.gms.dynamite_measurementdynamite@243834029@24.38.34 (190400-0):9)\n\tat m.tb.run(:com.google.android.gms.dynamite_measurementdynamite@243834029@24.38.34 (190400-0):40)\n\tat java.util.concurrent.Executors$RunnableAdapter.call(Executors.java:463)\n\tat java.util.concurrent.FutureTask.run(FutureTask.java:264)\n\tat m.pl.run(:com.google.android.gms.dynamite_measurementdynamite@243834029@24.38.34 (190400-0):48)\n"
},
{
    "type": "log",
    "source": "class",
    "method": "getBroadcastPermissionName",
    "package_name": "com.feels",
    "class_name": "com.batch.android.Batch",
    "timestamp": 1728283927706,
    "ref": "<class: com.batch.android.Batch>",
    "arguments": "{\"0\":\"<instance: android.content.Context, $className: com.feels.MainApplication>\"}",
    "stack_trace": "java.lang.Exception\n\tat com.batch.android.Batch.getBroadcastPermissionName(Native Method)\n\tat com.batch.android.m0.k.a(SourceFile:3719)\n\tat com.batch.android.m0.k.a(SourceFile:66)\n\tat com.batch.android.m0.k$a.run(SourceFile:812)\n\tat java.util.concurrent.Executors$RunnableAdapter.call(Executors.java:463)\n\tat java.util.concurrent.FutureTask.run(FutureTask.java:264)\n\tat java.util.concurrent.ThreadPoolExecutor.runWorker(ThreadPoolExecutor.java:1137)\n\tat java.util.concurrent.ThreadPoolExecutor$Worker.run(ThreadPoolExecutor.java:637)\n\tat java.lang.Thread.run(Thread.java:1012)\n"
},
{
    "type": "log",
    "source": "class",
    "method": "toString",
    "package_name": "com.feels",
    "class_name": "com.batch.android.BatchDataCollectionConfig",
    "timestamp": 1728283927723,
    "ref": "BatchDataCollectionConfig{geoIPEnabled=false, deviceBrandEnabled=false, deviceModelEnabled=false}",
    "arguments": "{}",
    "stack_trace": "java.lang.Exception\n\tat com.batch.android.BatchDataCollectionConfig.toString(Native Method)\n\tat com.batch.android.BatchDataCollectionConfig.isDeviceModelEnabled(Native Method)\n\tat com.batch.android.g.c.<init>(SourceFile:103)\n\tat com.batch.android.g.c.h(SourceFile:1)\n\tat com.batch.android.m.a0.a(SourceFile:14)\n\tat com.batch.android.m0.d.d(SourceFile:127)\n\tat com.batch.android.m0.d.b(SourceFile:230)\n\tat com.batch.android.m0.d.$r8$lambda$hF9K4bUjVgc5SHU26zMm8UH_xhA(Unknown Source:0)\n\tat com.batch.android.m0.d$$ExternalSyntheticLambda0.run(Unknown Source:4)\n\tat java.util.concurrent.Executors$RunnableAdapter.call(Executors.java:463)\n\tat java.util.concurrent.FutureTask.run(FutureTask.java:264)\n\tat java.util.concurrent.ThreadPoolExecutor.runWorker(ThreadPoolExecutor.java:1137)\n\tat java.util.concurrent.ThreadPoolExecutor$Worker.run(ThreadPoolExecutor.java:637)\n\tat java.lang.Thread.run(Thread.java:1012)\n"
},
{
    "type": "log",
    "source": "class",
    "method": "isDeviceModelEnabled",
    "package_name": "com.feels",
    "class_name": "com.batch.android.BatchDataCollectionConfig",
    "timestamp": 1728283927723,
    "ref": "BatchDataCollectionConfig{geoIPEnabled=false, deviceBrandEnabled=false, deviceModelEnabled=false}",
    "arguments": "{}",
    "stack_trace": "java.lang.Exception\n\tat com.batch.android.BatchDataCollectionConfig.isDeviceModelEnabled(Native Method)\n\tat com.batch.android.g.c.<init>(SourceFile:103)\n\tat com.batch.android.g.c.h(SourceFile:1)\n\tat com.batch.android.m.a0.a(SourceFile:14)\n\tat com.batch.android.m0.d.d(SourceFile:127)\n\tat com.batch.android.m0.d.b(SourceFile:230)\n\tat com.batch.android.m0.d.$r8$lambda$hF9K4bUjVgc5SHU26zMm8UH_xhA(Unknown Source:0)\n\tat com.batch.android.m0.d$$ExternalSyntheticLambda0.run(Unknown Source:4)\n\tat java.util.concurrent.Executors$RunnableAdapter.call(Executors.java:463)\n\tat java.util.concurrent.FutureTask.run(FutureTask.java:264)\n\tat java.util.concurrent.ThreadPoolExecutor.runWorker(ThreadPoolExecutor.java:1137)\n\tat java.util.concurrent.ThreadPoolExecutor$Worker.run(ThreadPoolExecutor.java:637)\n\tat java.lang.Thread.run(Thread.java:1012)\n"
},
{
    "type": "log",
    "source": "class",
    "method": "toString",
    "package_name": "com.feels",
    "class_name": "com.batch.android.BatchDataCollectionConfig",
    "timestamp": 1728283927731,
    "ref": "BatchDataCollectionConfig{geoIPEnabled=false, deviceBrandEnabled=false, deviceModelEnabled=false}",
    "arguments": "{}",
    "stack_trace": "java.lang.Exception\n\tat com.batch.android.BatchDataCollectionConfig.toString(Native Method)\n\tat com.batch.android.BatchDataCollectionConfig.isDeviceBrandEnabled(Native Method)\n\tat com.batch.android.g.c.<init>(SourceFile:110)\n\tat com.batch.android.g.c.h(SourceFile:1)\n\tat com.batch.android.m.a0.a(SourceFile:14)\n\tat com.batch.android.m0.d.d(SourceFile:127)\n\tat com.batch.android.m0.d.b(SourceFile:230)\n\tat com.batch.android.m0.d.$r8$lambda$hF9K4bUjVgc5SHU26zMm8UH_xhA(Unknown Source:0)\n\tat com.batch.android.m0.d$$ExternalSyntheticLambda0.run(Unknown Source:4)\n\tat java.util.concurrent.Executors$RunnableAdapter.call(Executors.java:463)\n\tat java.util.concurrent.FutureTask.run(FutureTask.java:264)\n\tat java.util.concurrent.ThreadPoolExecutor.runWorker(ThreadPoolExecutor.java:1137)\n\tat java.util.concurrent.ThreadPoolExecutor$Worker.run(ThreadPoolExecutor.java:637)\n\tat java.lang.Thread.run(Thread.java:1012)\n"
},
{
    "type": "log",
    "source": "class",
    "method": "isDeviceBrandEnabled",
    "package_name": "com.feels",
    "class_name": "com.batch.android.BatchDataCollectionConfig",
    "timestamp": 1728283927731,
    "ref": "BatchDataCollectionConfig{geoIPEnabled=false, deviceBrandEnabled=false, deviceModelEnabled=false}",
    "arguments": "{}",
    "stack_trace": "java.lang.Exception\n\tat com.batch.android.BatchDataCollectionConfig.isDeviceBrandEnabled(Native Method)\n\tat com.batch.android.g.c.<init>(SourceFile:110)\n\tat com.batch.android.g.c.h(SourceFile:1)\n\tat com.batch.android.m.a0.a(SourceFile:14)\n\tat com.batch.android.m0.d.d(SourceFile:127)\n\tat com.batch.android.m0.d.b(SourceFile:230)\n\tat com.batch.android.m0.d.$r8$lambda$hF9K4bUjVgc5SHU26zMm8UH_xhA(Unknown Source:0)\n\tat com.batch.android.m0.d$$ExternalSyntheticLambda0.run(Unknown Source:4)\n\tat java.util.concurrent.Executors$RunnableAdapter.call(Executors.java:463)\n\tat java.util.concurrent.FutureTask.run(FutureTask.java:264)\n\tat java.util.concurrent.ThreadPoolExecutor.runWorker(ThreadPoolExecutor.java:1137)\n\tat java.util.concurrent.ThreadPoolExecutor$Worker.run(ThreadPoolExecutor.java:637)\n\tat java.lang.Thread.run(Thread.java:1012)\n"
},
{
    "type": "log",
    "source": "class",
    "method": "getSessionID",
    "package_name": "com.feels",
    "class_name": "com.batch.android.Batch",
    "timestamp": 1728283927773,
    "ref": "<class: com.batch.android.Batch>",
    "arguments": "{}",
    "stack_trace": "java.lang.Exception\n\tat com.batch.android.Batch.getSessionID(Native Method)\n\tat com.batch.android.o.b.<init>(SourceFile:113)\n\tat com.batch.android.m0.l.a(SourceFile:1882)\n\tat com.batch.android.m0.l.a(SourceFile:1534)\n\tat com.batch.android.m0.d.a(SourceFile:634)\n\tat com.batch.android.m0.d.d(SourceFile:140)\n\tat com.batch.android.m0.d.b(SourceFile:230)\n\tat com.batch.android.m0.d.$r8$lambda$hF9K4bUjVgc5SHU26zMm8UH_xhA(Unknown Source:0)\n\tat com.batch.android.m0.d$$ExternalSyntheticLambda0.run(Unknown Source:4)\n\tat java.util.concurrent.Executors$RunnableAdapter.call(Executors.java:463)\n\tat java.util.concurrent.FutureTask.run(FutureTask.java:264)\n\tat java.util.concurrent.ThreadPoolExecutor.runWorker(ThreadPoolExecutor.java:1137)\n\tat java.util.concurrent.ThreadPoolExecutor$Worker.run(ThreadPoolExecutor.java:637)\n\tat java.lang.Thread.run(Thread.java:1012)\n"
},
{
    "type": "log",
    "source": "class",
    "method": "a",
    "package_name": "com.feels",
    "class_name": "com.batch.android.Batch",
    "timestamp": 1728283927777,
    "ref": "<class: com.batch.android.Batch>",
    "arguments": "{\"0\":\"<instance: java.lang.StringBuilder>\",\"1\":\"<instance: com.batch.android.a1.g>\"}",
    "stack_trace": "java.lang.Exception\n\tat com.batch.android.Batch.a(Native Method)\n\tat com.batch.android.Batch.$r8$lambda$6JVZ8exSbDQR1v18x-49LMmEa34(Unknown Source:0)\n\tat com.batch.android.Batch$$ExternalSyntheticLambda10.a(Unknown Source:2)\n\tat com.batch.android.a1.e.a(SourceFile:1840)\n\tat com.batch.android.Batch.getSessionID(SourceFile:5)\n\tat com.batch.android.Batch.getSessionID(Native Method)\n\tat com.batch.android.o.b.<init>(SourceFile:113)\n\tat com.batch.android.m0.l.a(SourceFile:1882)\n\tat com.batch.android.m0.l.a(SourceFile:1534)\n\tat com.batch.android.m0.d.a(SourceFile:634)\n\tat com.batch.android.m0.d.d(SourceFile:140)\n\tat com.batch.android.m0.d.b(SourceFile:230)\n\tat com.batch.android.m0.d.$r8$lambda$hF9K4bUjVgc5SHU26zMm8UH_xhA(Unknown Source:0)\n\tat com.batch.android.m0.d$$ExternalSyntheticLambda0.run(Unknown Source:4)\n\tat java.util.concurrent.Executors$RunnableAdapter.call(Executors.java:463)\n\tat java.util.concurrent.FutureTask.run(FutureTask.java:264)\n\tat java.util.concurrent.ThreadPoolExecutor.runWorker(ThreadPoolExecutor.java:1137)\n\tat java.util.concurrent.ThreadPoolExecutor$Worker.run(ThreadPoolExecutor.java:637)\n\tat java.lang.Thread.run(Thread.java:1012)\n"
},
{
    "type": "log",
    "source": "class",
    "method": "toString",
    "package_name": "com.feels",
    "class_name": "com.batch.android.BatchDataCollectionConfig",
    "timestamp": 1728283927792,
    "ref": "BatchDataCollectionConfig{geoIPEnabled=false, deviceBrandEnabled=false, deviceModelEnabled=false}",
    "arguments": "{}",
    "stack_trace": "java.lang.Exception\n\tat com.batch.android.BatchDataCollectionConfig.toString(Native Method)\n\tat com.batch.android.BatchDataCollectionConfig.isDeviceModelEnabled(Native Method)\n\tat com.batch.android.g.c.<init>(SourceFile:103)\n\tat com.batch.android.g.c.h(SourceFile:1)\n\tat com.batch.android.m.a0.a(SourceFile:14)\n\tat com.batch.android.a.o.a(SourceFile:47)\n\tat com.batch.android.a.o.b(SourceFile:1)\n\tat com.batch.android.a.d.w(SourceFile:6)\n\tat com.batch.android.a.c.w(SourceFile:66)\n\tat com.batch.android.e.k0.f(SourceFile:827)\n\tat com.batch.android.e.k0.k(SourceFile:445)\n\tat com.batch.android.e.k0.D(SourceFile:625)\n\tat com.batch.android.a.l.run(SourceFile:102)\n\tat java.util.concurrent.Executors$RunnableAdapter.call(Executors.java:463)\n\tat java.util.concurrent.FutureTask.run(FutureTask.java:264)\n\tat java.util.concurrent.ThreadPoolExecutor.runWorker(ThreadPoolExecutor.java:1137)\n\tat java.util.concurrent.ThreadPoolExecutor$Worker.run(ThreadPoolExecutor.java:637)\n\tat java.lang.Thread.run(Thread.java:1012)\n"
},
{
    "type": "log",
    "source": "class",
    "method": "isDeviceModelEnabled",
    "package_name": "com.feels",
    "class_name": "com.batch.android.BatchDataCollectionConfig",
    "timestamp": 1728283927792,
    "ref": "BatchDataCollectionConfig{geoIPEnabled=false, deviceBrandEnabled=false, deviceModelEnabled=false}",
    "arguments": "{}",
    "stack_trace": "java.lang.Exception\n\tat com.batch.android.BatchDataCollectionConfig.isDeviceModelEnabled(Native Method)\n\tat com.batch.android.g.c.<init>(SourceFile:103)\n\tat com.batch.android.g.c.h(SourceFile:1)\n\tat com.batch.android.m.a0.a(SourceFile:14)\n\tat com.batch.android.a.o.a(SourceFile:47)\n\tat com.batch.android.a.o.b(SourceFile:1)\n\tat com.batch.android.a.d.w(SourceFile:6)\n\tat com.batch.android.a.c.w(SourceFile:66)\n\tat com.batch.android.e.k0.f(SourceFile:827)\n\tat com.batch.android.e.k0.k(SourceFile:445)\n\tat com.batch.android.e.k0.D(SourceFile:625)\n\tat com.batch.android.a.l.run(SourceFile:102)\n\tat java.util.concurrent.Executors$RunnableAdapter.call(Executors.java:463)\n\tat java.util.concurrent.FutureTask.run(FutureTask.java:264)\n\tat java.util.concurrent.ThreadPoolExecutor.runWorker(ThreadPoolExecutor.java:1137)\n\tat java.util.concurrent.ThreadPoolExecutor$Worker.run(ThreadPoolExecutor.java:637)\n\tat java.lang.Thread.run(Thread.java:1012)\n"
},
{
    "type": "log",
    "source": "class",
    "method": "toString",
    "package_name": "com.feels",
    "class_name": "com.batch.android.BatchDataCollectionConfig",
    "timestamp": 1728283927800,
    "ref": "BatchDataCollectionConfig{geoIPEnabled=false, deviceBrandEnabled=false, deviceModelEnabled=false}",
    "arguments": "{}",
    "stack_trace": "java.lang.Exception\n\tat com.batch.android.BatchDataCollectionConfig.toString(Native Method)\n\tat com.batch.android.BatchDataCollectionConfig.isDeviceBrandEnabled(Native Method)\n\tat com.batch.android.g.c.<init>(SourceFile:110)\n\tat com.batch.android.g.c.h(SourceFile:1)\n\tat com.batch.android.m.a0.a(SourceFile:14)\n\tat com.batch.android.a.o.a(SourceFile:47)\n\tat com.batch.android.a.o.b(SourceFile:1)\n\tat com.batch.android.a.d.w(SourceFile:6)\n\tat com.batch.android.a.c.w(SourceFile:66)\n\tat com.batch.android.e.k0.f(SourceFile:827)\n\tat com.batch.android.e.k0.k(SourceFile:445)\n\tat com.batch.android.e.k0.D(SourceFile:625)\n\tat com.batch.android.a.l.run(SourceFile:102)\n\tat java.util.concurrent.Executors$RunnableAdapter.call(Executors.java:463)\n\tat java.util.concurrent.FutureTask.run(FutureTask.java:264)\n\tat java.util.concurrent.ThreadPoolExecutor.runWorker(ThreadPoolExecutor.java:1137)\n\tat java.util.concurrent.ThreadPoolExecutor$Worker.run(ThreadPoolExecutor.java:637)\n\tat java.lang.Thread.run(Thread.java:1012)\n"
},
{
    "type": "log",
    "source": "class",
    "method": "isDeviceBrandEnabled",
    "package_name": "com.feels",
    "class_name": "com.batch.android.BatchDataCollectionConfig",
    "timestamp": 1728283927800,
    "ref": "BatchDataCollectionConfig{geoIPEnabled=false, deviceBrandEnabled=false, deviceModelEnabled=false}",
    "arguments": "{}",
    "stack_trace": "java.lang.Exception\n\tat com.batch.android.BatchDataCollectionConfig.isDeviceBrandEnabled(Native Method)\n\tat com.batch.android.g.c.<init>(SourceFile:110)\n\tat com.batch.android.g.c.h(SourceFile:1)\n\tat com.batch.android.m.a0.a(SourceFile:14)\n\tat com.batch.android.a.o.a(SourceFile:47)\n\tat com.batch.android.a.o.b(SourceFile:1)\n\tat com.batch.android.a.d.w(SourceFile:6)\n\tat com.batch.android.a.c.w(SourceFile:66)\n\tat com.batch.android.e.k0.f(SourceFile:827)\n\tat com.batch.android.e.k0.k(SourceFile:445)\n\tat com.batch.android.e.k0.D(SourceFile:625)\n\tat com.batch.android.a.l.run(SourceFile:102)\n\tat java.util.concurrent.Executors$RunnableAdapter.call(Executors.java:463)\n\tat java.util.concurrent.FutureTask.run(FutureTask.java:264)\n\tat java.util.concurrent.ThreadPoolExecutor.runWorker(ThreadPoolExecutor.java:1137)\n\tat java.util.concurrent.ThreadPoolExecutor$Worker.run(ThreadPoolExecutor.java:637)\n\tat java.lang.Thread.run(Thread.java:1012)\n"
},
{
    "type": "log",
    "source": "class",
    "method": "a",
    "package_name": "com.feels",
    "class_name": "com.batch.android.Batch",
    "timestamp": 1728283927807,
    "ref": "<class: com.batch.android.Batch>",
    "arguments": "{}",
    "stack_trace": "java.lang.Exception\n\tat com.batch.android.Batch.a(Native Method)\n\tat com.batch.android.Batch$User.getInstallationID(SourceFile:1)\n\tat com.batch.android.g.c$$ExternalSyntheticLambda0.get(Unknown Source:0)\n\tat com.batch.android.g.a.b(SourceFile:68)\n\tat com.batch.android.a.o.a(SourceFile:51)\n\tat com.batch.android.a.o.b(SourceFile:1)\n\tat com.batch.android.a.d.w(SourceFile:6)\n\tat com.batch.android.a.c.w(SourceFile:66)\n\tat com.batch.android.e.k0.f(SourceFile:827)\n\tat com.batch.android.e.k0.k(SourceFile:445)\n\tat com.batch.android.e.k0.D(SourceFile:625)\n\tat com.batch.android.a.l.run(SourceFile:102)\n\tat java.util.concurrent.Executors$RunnableAdapter.call(Executors.java:463)\n\tat java.util.concurrent.FutureTask.run(FutureTask.java:264)\n\tat java.util.concurrent.ThreadPoolExecutor.runWorker(ThreadPoolExecutor.java:1137)\n\tat java.util.concurrent.ThreadPoolExecutor$Worker.run(ThreadPoolExecutor.java:637)\n\tat java.lang.Thread.run(Thread.java:1012)\n"
},
{
    "type": "log",
    "source": "class",
    "method": "getSessionID",
    "package_name": "com.feels",
    "class_name": "com.batch.android.Batch",
    "timestamp": 1728283927812,
    "ref": "<class: com.batch.android.Batch>",
    "arguments": "{}",
    "stack_trace": "java.lang.Exception\n\tat com.batch.android.Batch.getSessionID(Native Method)\n\tat com.batch.android.g.c$$ExternalSyntheticLambda2.get(Unknown Source:0)\n\tat com.batch.android.g.a.b(SourceFile:68)\n\tat com.batch.android.a.o.a(SourceFile:51)\n\tat com.batch.android.a.o.b(SourceFile:1)\n\tat com.batch.android.a.d.w(SourceFile:6)\n\tat com.batch.android.a.c.w(SourceFile:66)\n\tat com.batch.android.e.k0.f(SourceFile:827)\n\tat com.batch.android.e.k0.k(SourceFile:445)\n\tat com.batch.android.e.k0.D(SourceFile:625)\n\tat com.batch.android.a.l.run(SourceFile:102)\n\tat java.util.concurrent.Executors$RunnableAdapter.call(Executors.java:463)\n\tat java.util.concurrent.FutureTask.run(FutureTask.java:264)\n\tat java.util.concurrent.ThreadPoolExecutor.runWorker(ThreadPoolExecutor.java:1137)\n\tat java.util.concurrent.ThreadPoolExecutor$Worker.run(ThreadPoolExecutor.java:637)\n\tat java.lang.Thread.run(Thread.java:1012)\n"
},
{
    "type": "log",
    "source": "class",
    "method": "a",
    "package_name": "com.feels",
    "class_name": "com.batch.android.Batch",
    "timestamp": 1728283927816,
    "ref": "<class: com.batch.android.Batch>",
    "arguments": "{\"0\":\"<instance: java.lang.StringBuilder>\",\"1\":\"<instance: com.batch.android.a1.g>\"}",
    "stack_trace": "java.lang.Exception\n\tat com.batch.android.Batch.a(Native Method)\n\tat com.batch.android.Batch.$r8$lambda$6JVZ8exSbDQR1v18x-49LMmEa34(Unknown Source:0)\n\tat com.batch.android.Batch$$ExternalSyntheticLambda10.a(Unknown Source:2)\n\tat com.batch.android.a1.e.a(SourceFile:1840)\n\tat com.batch.android.Batch.getSessionID(SourceFile:5)\n\tat com.batch.android.Batch.getSessionID(Native Method)\n\tat com.batch.android.g.c$$ExternalSyntheticLambda2.get(Unknown Source:0)\n\tat com.batch.android.g.a.b(SourceFile:68)\n\tat com.batch.android.a.o.a(SourceFile:51)\n\tat com.batch.android.a.o.b(SourceFile:1)\n\tat com.batch.android.a.d.w(SourceFile:6)\n\tat com.batch.android.a.c.w(SourceFile:66)\n\tat com.batch.android.e.k0.f(SourceFile:827)\n\tat com.batch.android.e.k0.k(SourceFile:445)\n\tat com.batch.android.e.k0.D(SourceFile:625)\n\tat com.batch.android.a.l.run(SourceFile:102)\n\tat java.util.concurrent.Executors$RunnableAdapter.call(Executors.java:463)\n\tat java.util.concurrent.FutureTask.run(FutureTask.java:264)\n\tat java.util.concurrent.ThreadPoolExecutor.runWorker(ThreadPoolExecutor.java:1137)\n\tat java.util.concurrent.ThreadPoolExecutor$Worker.run(ThreadPoolExecutor.java:637)\n\tat java.lang.Thread.run(Thread.java:1012)\n"
},
{
    "type": "log",
    "source": "class",
    "method": "toString",
    "package_name": "com.feels",
    "class_name": "com.batch.android.BatchDataCollectionConfig",
    "timestamp": 1728283927815,
    "ref": "BatchDataCollectionConfig{geoIPEnabled=false, deviceBrandEnabled=false, deviceModelEnabled=false}",
    "arguments": "{}",
    "stack_trace": "java.lang.Exception\n\tat com.batch.android.BatchDataCollectionConfig.toString(Native Method)\n\tat com.batch.android.BatchDataCollectionConfig.isDeviceModelEnabled(Native Method)\n\tat com.batch.android.g.c.<init>(SourceFile:103)\n\tat com.batch.android.g.c.h(SourceFile:1)\n\tat com.batch.android.m.a0.a(SourceFile:14)\n\tat com.batch.android.a.o.a(SourceFile:47)\n\tat com.batch.android.a.o.b(SourceFile:1)\n\tat com.batch.android.a.d.w(SourceFile:6)\n\tat com.batch.android.a.c.w(SourceFile:66)\n\tat com.batch.android.e.k0.f(SourceFile:827)\n\tat com.batch.android.e.k0.k(SourceFile:445)\n\tat com.batch.android.e.k0.D(SourceFile:625)\n\tat com.batch.android.a.m.run(SourceFile:75)\n\tat com.batch.android.o.e.c(SourceFile:166)\n\tat com.batch.android.o.e.$r8$lambda$HBCzgONn44cUXEIQD-AHdNr5XkY(Unknown Source:0)\n\tat com.batch.android.o.e$$ExternalSyntheticLambda0.run(Unknown Source:2)\n\tat java.util.concurrent.Executors$RunnableAdapter.call(Executors.java:463)\n\tat java.util.concurrent.FutureTask.run(FutureTask.java:264)\n\tat java.util.concurrent.ThreadPoolExecutor.runWorker(ThreadPoolExecutor.java:1137)\n\tat java.util.concurrent.ThreadPoolExecutor$Worker.run(ThreadPoolExecutor.java:637)\n\tat java.lang.Thread.run(Thread.java:1012)\n"
},
{
    "type": "log",
    "source": "class",
    "method": "isDeviceModelEnabled",
    "package_name": "com.feels",
    "class_name": "com.batch.android.BatchDataCollectionConfig",
    "timestamp": 1728283927815,
    "ref": "BatchDataCollectionConfig{geoIPEnabled=false, deviceBrandEnabled=false, deviceModelEnabled=false}",
    "arguments": "{}",
    "stack_trace": "java.lang.Exception\n\tat com.batch.android.BatchDataCollectionConfig.isDeviceModelEnabled(Native Method)\n\tat com.batch.android.g.c.<init>(SourceFile:103)\n\tat com.batch.android.g.c.h(SourceFile:1)\n\tat com.batch.android.m.a0.a(SourceFile:14)\n\tat com.batch.android.a.o.a(SourceFile:47)\n\tat com.batch.android.a.o.b(SourceFile:1)\n\tat com.batch.android.a.d.w(SourceFile:6)\n\tat com.batch.android.a.c.w(SourceFile:66)\n\tat com.batch.android.e.k0.f(SourceFile:827)\n\tat com.batch.android.e.k0.k(SourceFile:445)\n\tat com.batch.android.e.k0.D(SourceFile:625)\n\tat com.batch.android.a.m.run(SourceFile:75)\n\tat com.batch.android.o.e.c(SourceFile:166)\n\tat com.batch.android.o.e.$r8$lambda$HBCzgONn44cUXEIQD-AHdNr5XkY(Unknown Source:0)\n\tat com.batch.android.o.e$$ExternalSyntheticLambda0.run(Unknown Source:2)\n\tat java.util.concurrent.Executors$RunnableAdapter.call(Executors.java:463)\n\tat java.util.concurrent.FutureTask.run(FutureTask.java:264)\n\tat java.util.concurrent.ThreadPoolExecutor.runWorker(ThreadPoolExecutor.java:1137)\n\tat java.util.concurrent.ThreadPoolExecutor$Worker.run(ThreadPoolExecutor.java:637)\n\tat java.lang.Thread.run(Thread.java:1012)\n"
},
{
    "type": "log",
    "source": "class",
    "method": "toString",
    "package_name": "com.feels",
    "class_name": "com.batch.android.BatchDataCollectionConfig",
    "timestamp": 1728283927829,
    "ref": "BatchDataCollectionConfig{geoIPEnabled=false, deviceBrandEnabled=false, deviceModelEnabled=false}",
    "arguments": "{}",
    "stack_trace": "java.lang.Exception\n\tat com.batch.android.BatchDataCollectionConfig.toString(Native Method)\n\tat com.batch.android.BatchDataCollectionConfig.isDeviceBrandEnabled(Native Method)\n\tat com.batch.android.g.c.<init>(SourceFile:110)\n\tat com.batch.android.g.c.h(SourceFile:1)\n\tat com.batch.android.m.a0.a(SourceFile:14)\n\tat com.batch.android.a.o.a(SourceFile:47)\n\tat com.batch.android.a.o.b(SourceFile:1)\n\tat com.batch.android.a.d.w(SourceFile:6)\n\tat com.batch.android.a.c.w(SourceFile:66)\n\tat com.batch.android.e.k0.f(SourceFile:827)\n\tat com.batch.android.e.k0.k(SourceFile:445)\n\tat com.batch.android.e.k0.D(SourceFile:625)\n\tat com.batch.android.a.m.run(SourceFile:75)\n\tat com.batch.android.o.e.c(SourceFile:166)\n\tat com.batch.android.o.e.$r8$lambda$HBCzgONn44cUXEIQD-AHdNr5XkY(Unknown Source:0)\n\tat com.batch.android.o.e$$ExternalSyntheticLambda0.run(Unknown Source:2)\n\tat java.util.concurrent.Executors$RunnableAdapter.call(Executors.java:463)\n\tat java.util.concurrent.FutureTask.run(FutureTask.java:264)\n\tat java.util.concurrent.ThreadPoolExecutor.runWorker(ThreadPoolExecutor.java:1137)\n\tat java.util.concurrent.ThreadPoolExecutor$Worker.run(ThreadPoolExecutor.java:637)\n\tat java.lang.Thread.run(Thread.java:1012)\n"
},
{
    "type": "log",
    "source": "class",
    "method": "isDeviceBrandEnabled",
    "package_name": "com.feels",
    "class_name": "com.batch.android.BatchDataCollectionConfig",
    "timestamp": 1728283927829,
    "ref": "BatchDataCollectionConfig{geoIPEnabled=false, deviceBrandEnabled=false, deviceModelEnabled=false}",
    "arguments": "{}",
    "stack_trace": "java.lang.Exception\n\tat com.batch.android.BatchDataCollectionConfig.isDeviceBrandEnabled(Native Method)\n\tat com.batch.android.g.c.<init>(SourceFile:110)\n\tat com.batch.android.g.c.h(SourceFile:1)\n\tat com.batch.android.m.a0.a(SourceFile:14)\n\tat com.batch.android.a.o.a(SourceFile:47)\n\tat com.batch.android.a.o.b(SourceFile:1)\n\tat com.batch.android.a.d.w(SourceFile:6)\n\tat com.batch.android.a.c.w(SourceFile:66)\n\tat com.batch.android.e.k0.f(SourceFile:827)\n\tat com.batch.android.e.k0.k(SourceFile:445)\n\tat com.batch.android.e.k0.D(SourceFile:625)\n\tat com.batch.android.a.m.run(SourceFile:75)\n\tat com.batch.android.o.e.c(SourceFile:166)\n\tat com.batch.android.o.e.$r8$lambda$HBCzgONn44cUXEIQD-AHdNr5XkY(Unknown Source:0)\n\tat com.batch.android.o.e$$ExternalSyntheticLambda0.run(Unknown Source:2)\n\tat java.util.concurrent.Executors$RunnableAdapter.call(Executors.java:463)\n\tat java.util.concurrent.FutureTask.run(FutureTask.java:264)\n\tat java.util.concurrent.ThreadPoolExecutor.runWorker(ThreadPoolExecutor.java:1137)\n\tat java.util.concurrent.ThreadPoolExecutor$Worker.run(ThreadPoolExecutor.java:637)\n\tat java.lang.Thread.run(Thread.java:1012)\n"
},
{
    "type": "log",
    "source": "class",
    "method": "a",
    "package_name": "com.feels",
    "class_name": "com.batch.android.Batch",
    "timestamp": 1728283927842,
    "ref": "<class: com.batch.android.Batch>",
    "arguments": "{}",
    "stack_trace": "java.lang.Exception\n\tat com.batch.android.Batch.a(Native Method)\n\tat com.batch.android.Batch$User.getInstallationID(SourceFile:1)\n\tat com.batch.android.g.c$$ExternalSyntheticLambda0.get(Unknown Source:0)\n\tat com.batch.android.g.a.b(SourceFile:68)\n\tat com.batch.android.a.o.a(SourceFile:51)\n\tat com.batch.android.a.o.b(SourceFile:1)\n\tat com.batch.android.a.d.w(SourceFile:6)\n\tat com.batch.android.a.c.w(SourceFile:66)\n\tat com.batch.android.e.k0.f(SourceFile:827)\n\tat com.batch.android.e.k0.k(SourceFile:445)\n\tat com.batch.android.e.k0.D(SourceFile:625)\n\tat com.batch.android.a.m.run(SourceFile:75)\n\tat com.batch.android.o.e.c(SourceFile:166)\n\tat com.batch.android.o.e.$r8$lambda$HBCzgONn44cUXEIQD-AHdNr5XkY(Unknown Source:0)\n\tat com.batch.android.o.e$$ExternalSyntheticLambda0.run(Unknown Source:2)\n\tat java.util.concurrent.Executors$RunnableAdapter.call(Executors.java:463)\n\tat java.util.concurrent.FutureTask.run(FutureTask.java:264)\n\tat java.util.concurrent.ThreadPoolExecutor.runWorker(ThreadPoolExecutor.java:1137)\n\tat java.util.concurrent.ThreadPoolExecutor$Worker.run(ThreadPoolExecutor.java:637)\n\tat java.lang.Thread.run(Thread.java:1012)\n"
},
{
    "type": "log",
    "source": "class",
    "method": "getSessionID",
    "package_name": "com.feels",
    "class_name": "com.batch.android.Batch",
    "timestamp": 1728283927847,
    "ref": "<class: com.batch.android.Batch>",
    "arguments": "{}",
    "stack_trace": "java.lang.Exception\n\tat com.batch.android.Batch.getSessionID(Native Method)\n\tat com.batch.android.g.c$$ExternalSyntheticLambda2.get(Unknown Source:0)\n\tat com.batch.android.g.a.b(SourceFile:68)\n\tat com.batch.android.a.o.a(SourceFile:51)\n\tat com.batch.android.a.o.b(SourceFile:1)\n\tat com.batch.android.a.d.w(SourceFile:6)\n\tat com.batch.android.a.c.w(SourceFile:66)\n\tat com.batch.android.e.k0.f(SourceFile:827)\n\tat com.batch.android.e.k0.k(SourceFile:445)\n\tat com.batch.android.e.k0.D(SourceFile:625)\n\tat com.batch.android.a.m.run(SourceFile:75)\n\tat com.batch.android.o.e.c(SourceFile:166)\n\tat com.batch.android.o.e.$r8$lambda$HBCzgONn44cUXEIQD-AHdNr5XkY(Unknown Source:0)\n\tat com.batch.android.o.e$$ExternalSyntheticLambda0.run(Unknown Source:2)\n\tat java.util.concurrent.Executors$RunnableAdapter.call(Executors.java:463)\n\tat java.util.concurrent.FutureTask.run(FutureTask.java:264)\n\tat java.util.concurrent.ThreadPoolExecutor.runWorker(ThreadPoolExecutor.java:1137)\n\tat java.util.concurrent.ThreadPoolExecutor$Worker.run(ThreadPoolExecutor.java:637)\n\tat java.lang.Thread.run(Thread.java:1012)\n"
},
{
    "type": "log",
    "source": "class",
    "method": "toString",
    "package_name": "com.feels",
    "class_name": "com.batch.android.BatchDataCollectionConfig",
    "timestamp": 1728283927849,
    "ref": "BatchDataCollectionConfig{geoIPEnabled=false, deviceBrandEnabled=false, deviceModelEnabled=false}",
    "arguments": "{}",
    "stack_trace": "java.lang.Exception\n\tat com.batch.android.BatchDataCollectionConfig.toString(Native Method)\n\tat com.batch.android.BatchDataCollectionConfig.isGeoIpEnabled(Native Method)\n\tat com.batch.android.a.o.a(SourceFile:60)\n\tat com.batch.android.a.o.b(SourceFile:1)\n\tat com.batch.android.a.d.w(SourceFile:6)\n\tat com.batch.android.a.c.w(SourceFile:66)\n\tat com.batch.android.e.k0.f(SourceFile:827)\n\tat com.batch.android.e.k0.k(SourceFile:445)\n\tat com.batch.android.e.k0.D(SourceFile:625)\n\tat com.batch.android.a.l.run(SourceFile:102)\n\tat java.util.concurrent.Executors$RunnableAdapter.call(Executors.java:463)\n\tat java.util.concurrent.FutureTask.run(FutureTask.java:264)\n\tat java.util.concurrent.ThreadPoolExecutor.runWorker(ThreadPoolExecutor.java:1137)\n\tat java.util.concurrent.ThreadPoolExecutor$Worker.run(ThreadPoolExecutor.java:637)\n\tat java.lang.Thread.run(Thread.java:1012)\n"
},
{
    "type": "log",
    "source": "class",
    "method": "a",
    "package_name": "com.feels",
    "class_name": "com.batch.android.Batch",
    "timestamp": 1728283927851,
    "ref": "<class: com.batch.android.Batch>",
    "arguments": "{\"0\":\"<instance: java.lang.StringBuilder>\",\"1\":\"<instance: com.batch.android.a1.g>\"}",
    "stack_trace": "java.lang.Exception\n\tat com.batch.android.Batch.a(Native Method)\n\tat com.batch.android.Batch.$r8$lambda$6JVZ8exSbDQR1v18x-49LMmEa34(Unknown Source:0)\n\tat com.batch.android.Batch$$ExternalSyntheticLambda10.a(Unknown Source:2)\n\tat com.batch.android.a1.e.a(SourceFile:1840)\n\tat com.batch.android.Batch.getSessionID(SourceFile:5)\n\tat com.batch.android.Batch.getSessionID(Native Method)\n\tat com.batch.android.g.c$$ExternalSyntheticLambda2.get(Unknown Source:0)\n\tat com.batch.android.g.a.b(SourceFile:68)\n\tat com.batch.android.a.o.a(SourceFile:51)\n\tat com.batch.android.a.o.b(SourceFile:1)\n\tat com.batch.android.a.d.w(SourceFile:6)\n\tat com.batch.android.a.c.w(SourceFile:66)\n\tat com.batch.android.e.k0.f(SourceFile:827)\n\tat com.batch.android.e.k0.k(SourceFile:445)\n\tat com.batch.android.e.k0.D(SourceFile:625)\n\tat com.batch.android.a.m.run(SourceFile:75)\n\tat com.batch.android.o.e.c(SourceFile:166)\n\tat com.batch.android.o.e.$r8$lambda$HBCzgONn44cUXEIQD-AHdNr5XkY(Unknown Source:0)\n\tat com.batch.android.o.e$$ExternalSyntheticLambda0.run(Unknown Source:2)\n\tat java.util.concurrent.Executors$RunnableAdapter.call(Executors.java:463)\n\tat java.util.concurrent.FutureTask.run(FutureTask.java:264)\n\tat java.util.concurrent.ThreadPoolExecutor.runWorker(ThreadPoolExecutor.java:1137)\n\tat java.util.concurrent.ThreadPoolExecutor$Worker.run(ThreadPoolExecutor.java:637)\n\tat java.lang.Thread.run(Thread.java:1012)\n"
},
{
    "type": "log",
    "source": "class",
    "method": "isGeoIpEnabled",
    "package_name": "com.feels",
    "class_name": "com.batch.android.BatchDataCollectionConfig",
    "timestamp": 1728283927849,
    "ref": "BatchDataCollectionConfig{geoIPEnabled=false, deviceBrandEnabled=false, deviceModelEnabled=false}",
    "arguments": "{}",
    "stack_trace": "java.lang.Exception\n\tat com.batch.android.BatchDataCollectionConfig.isGeoIpEnabled(Native Method)\n\tat com.batch.android.a.o.a(SourceFile:60)\n\tat com.batch.android.a.o.b(SourceFile:1)\n\tat com.batch.android.a.d.w(SourceFile:6)\n\tat com.batch.android.a.c.w(SourceFile:66)\n\tat com.batch.android.e.k0.f(SourceFile:827)\n\tat com.batch.android.e.k0.k(SourceFile:445)\n\tat com.batch.android.e.k0.D(SourceFile:625)\n\tat com.batch.android.a.l.run(SourceFile:102)\n\tat java.util.concurrent.Executors$RunnableAdapter.call(Executors.java:463)\n\tat java.util.concurrent.FutureTask.run(FutureTask.java:264)\n\tat java.util.concurrent.ThreadPoolExecutor.runWorker(ThreadPoolExecutor.java:1137)\n\tat java.util.concurrent.ThreadPoolExecutor$Worker.run(ThreadPoolExecutor.java:637)\n\tat java.lang.Thread.run(Thread.java:1012)\n"
},
{
    "type": "log",
    "source": "class",
    "method": "toString",
    "package_name": "com.feels",
    "class_name": "com.batch.android.BatchDataCollectionConfig",
    "timestamp": 1728283927880,
    "ref": "BatchDataCollectionConfig{geoIPEnabled=false, deviceBrandEnabled=false, deviceModelEnabled=false}",
    "arguments": "{}",
    "stack_trace": "java.lang.Exception\n\tat com.batch.android.BatchDataCollectionConfig.toString(Native Method)\n\tat com.batch.android.BatchDataCollectionConfig.isGeoIpEnabled(Native Method)\n\tat com.batch.android.a.o.a(SourceFile:60)\n\tat com.batch.android.a.o.b(SourceFile:1)\n\tat com.batch.android.a.d.w(SourceFile:6)\n\tat com.batch.android.a.c.w(SourceFile:66)\n\tat com.batch.android.e.k0.f(SourceFile:827)\n\tat com.batch.android.e.k0.k(SourceFile:445)\n\tat com.batch.android.e.k0.D(SourceFile:625)\n\tat com.batch.android.a.m.run(SourceFile:75)\n\tat com.batch.android.o.e.c(SourceFile:166)\n\tat com.batch.android.o.e.$r8$lambda$HBCzgONn44cUXEIQD-AHdNr5XkY(Unknown Source:0)\n\tat com.batch.android.o.e$$ExternalSyntheticLambda0.run(Unknown Source:2)\n\tat java.util.concurrent.Executors$RunnableAdapter.call(Executors.java:463)\n\tat java.util.concurrent.FutureTask.run(FutureTask.java:264)\n\tat java.util.concurrent.ThreadPoolExecutor.runWorker(ThreadPoolExecutor.java:1137)\n\tat java.util.concurrent.ThreadPoolExecutor$Worker.run(ThreadPoolExecutor.java:637)\n\tat java.lang.Thread.run(Thread.java:1012)\n"
},
{
    "type": "log",
    "source": "class",
    "method": "isGeoIpEnabled",
    "package_name": "com.feels",
    "class_name": "com.batch.android.BatchDataCollectionConfig",
    "timestamp": 1728283927879,
    "ref": "BatchDataCollectionConfig{geoIPEnabled=false, deviceBrandEnabled=false, deviceModelEnabled=false}",
    "arguments": "{}",
    "stack_trace": "java.lang.Exception\n\tat com.batch.android.BatchDataCollectionConfig.isGeoIpEnabled(Native Method)\n\tat com.batch.android.a.o.a(SourceFile:60)\n\tat com.batch.android.a.o.b(SourceFile:1)\n\tat com.batch.android.a.d.w(SourceFile:6)\n\tat com.batch.android.a.c.w(SourceFile:66)\n\tat com.batch.android.e.k0.f(SourceFile:827)\n\tat com.batch.android.e.k0.k(SourceFile:445)\n\tat com.batch.android.e.k0.D(SourceFile:625)\n\tat com.batch.android.a.m.run(SourceFile:75)\n\tat com.batch.android.o.e.c(SourceFile:166)\n\tat com.batch.android.o.e.$r8$lambda$HBCzgONn44cUXEIQD-AHdNr5XkY(Unknown Source:0)\n\tat com.batch.android.o.e$$ExternalSyntheticLambda0.run(Unknown Source:2)\n\tat java.util.concurrent.Executors$RunnableAdapter.call(Executors.java:463)\n\tat java.util.concurrent.FutureTask.run(FutureTask.java:264)\n\tat java.util.concurrent.ThreadPoolExecutor.runWorker(ThreadPoolExecutor.java:1137)\n\tat java.util.concurrent.ThreadPoolExecutor$Worker.run(ThreadPoolExecutor.java:637)\n\tat java.lang.Thread.run(Thread.java:1012)\n"
},
