




{
    "type": "log",
    "source": "class",
    "method": "getInstance",
    "package_name": "com.fanatics",
    "class_name": "com.google.firebase.analytics.FirebaseAnalytics",
    "timestamp": 1728283819363,
    "ref": "<class: com.google.firebase.analytics.FirebaseAnalytics>",
    "arguments": "{\"0\":\"<instance: android.content.Context, $className: com.betfanatics.fanapp.FanApplication>\"}",
    "stack_trace": "java.lang.Exception\n\tat com.google.firebase.analytics.FirebaseAnalytics.getInstance(Native Method)\n\tat java.lang.reflect.Method.invoke(Native Method)\n\tat m.tf.f(:com.google.android.gms.dynamite_measurementdynamite@243834029@24.38.34 (190400-0):47)\n\tat m.rp.s(:com.google.android.gms.dynamite_measurementdynamite@243834029@24.38.34 (190400-0):81)\n\tat m.pp.run(:com.google.android.gms.dynamite_measurementdynamite@243834029@24.38.34 (190400-0):2084)\n\tat java.util.concurrent.Executors$RunnableAdapter.call(Executors.java:463)\n\tat java.util.concurrent.FutureTask.run(FutureTask.java:264)\n\tat m.pl.run(:com.google.android.gms.dynamite_measurementdynamite@243834029@24.38.34 (190400-0):48)\n"
},
{
    "type": "log",
    "source": "class",
    "method": "getFirebaseInstanceId",
    "package_name": "com.fanatics",
    "class_name": "com.google.firebase.analytics.FirebaseAnalytics",
    "timestamp": 1728283819370,
    "ref": "com.google.firebase.analytics.FirebaseAnalytics@9b3919",
    "arguments": "{}",
    "stack_trace": "java.lang.Exception\n\tat com.google.firebase.analytics.FirebaseAnalytics.getFirebaseInstanceId(Native Method)\n\tat java.lang.reflect.Method.invoke(Native Method)\n\tat m.tf.f(:com.google.android.gms.dynamite_measurementdynamite@243834029@24.38.34 (190400-0):49)\n\tat m.rp.s(:com.google.android.gms.dynamite_measurementdynamite@243834029@24.38.34 (190400-0):81)\n\tat m.pp.run(:com.google.android.gms.dynamite_measurementdynamite@243834029@24.38.34 (190400-0):2084)\n\tat java.util.concurrent.Executors$RunnableAdapter.call(Executors.java:463)\n\tat java.util.concurrent.FutureTask.run(FutureTask.java:264)\n\tat m.pl.run(:com.google.android.gms.dynamite_measurementdynamite@243834029@24.38.34 (190400-0):48)\n"
},
{
    "type": "log",
    "source": "class",
    "method": "getInstance",
    "package_name": "com.fanatics",
    "class_name": "com.appsflyer.AppsFlyerLib",
    "timestamp": 1728283819387,
    "ref": "<class: com.appsflyer.AppsFlyerLib>",
    "arguments": "{}",
    "stack_trace": "java.lang.Exception\n\tat com.appsflyer.AppsFlyerLib.getInstance(Native Method)\n\tat com.betfanatics.fanapp.FanApplication.g(Unknown Source:0)\n\tat com.betfanatics.fanapp.FanApplication.q(Unknown Source:5)\n\tat com.betfanatics.fanapp.FanApplication.onCreate(Unknown Source:27)\n\tat android.app.Instrumentation.callApplicationOnCreate(Instrumentation.java:1289)\n\tat android.app.ActivityThread.handleBindApplication(ActivityThread.java:7226)\n\tat android.app.ActivityThread.handleBindApplication(Native Method)\n\tat android.app.ActivityThread.-$$Nest$mhandleBindApplication(Unknown Source:0)\n\tat android.app.ActivityThread$H.handleMessage(ActivityThread.java:2241)\n\tat android.os.Handler.dispatchMessage(Handler.java:106)\n\tat android.os.Looper.loopOnce(Looper.java:211)\n\tat android.os.Looper.loop(Looper.java:300)\n\tat android.app.ActivityThread.main(ActivityThread.java:8395)\n\tat java.lang.reflect.Method.invoke(Native Method)\n\tat com.android.internal.os.RuntimeInit$MethodAndArgsCaller.run(RuntimeInit.java:559)\n\tat com.android.internal.os.ZygoteInit.main(ZygoteInit.java:954)\n"
},
{
    "type": "log",
    "source": "class",
    "method": "getInstance",
    "package_name": "com.fanatics",
    "class_name": "com.google.firebase.analytics.FirebaseAnalytics",
    "timestamp": 1728283819469,
    "ref": "<class: com.google.firebase.analytics.FirebaseAnalytics>",
    "arguments": "{\"0\":\"<instance: android.content.Context, $className: com.betfanatics.fanapp.FanApplication>\"}",
    "stack_trace": "java.lang.Exception\n\tat com.google.firebase.analytics.FirebaseAnalytics.getInstance(Native Method)\n\tat java.lang.reflect.Method.invoke(Native Method)\n\tat m.tf.f(:com.google.android.gms.dynamite_measurementdynamite@243834029@24.38.34 (190400-0):47)\n\tat m.rp.X(:com.google.android.gms.dynamite_measurementdynamite@243834029@24.38.34 (190400-0):209)\n\tat m.tn.b(:com.google.android.gms.dynamite_measurementdynamite@243834029@24.38.34 (190400-0):70)\n\tat m.tn.a(:com.google.android.gms.dynamite_measurementdynamite@243834029@24.38.34 (190400-0):65)\n\tat m.pp.run(:com.google.android.gms.dynamite_measurementdynamite@243834029@24.38.34 (190400-0):2093)\n\tat java.util.concurrent.Executors$RunnableAdapter.call(Executors.java:463)\n\tat java.util.concurrent.FutureTask.run(FutureTask.java:264)\n\tat m.pl.run(:com.google.android.gms.dynamite_measurementdynamite@243834029@24.38.34 (190400-0):48)\n"
},
{
    "type": "log",
    "source": "class",
    "method": "getFirebaseInstanceId",
    "package_name": "com.fanatics",
    "class_name": "com.google.firebase.analytics.FirebaseAnalytics",
    "timestamp": 1728283819475,
    "ref": "com.google.firebase.analytics.FirebaseAnalytics@9b3919",
    "arguments": "{}",
    "stack_trace": "java.lang.Exception\n\tat com.google.firebase.analytics.FirebaseAnalytics.getFirebaseInstanceId(Native Method)\n\tat java.lang.reflect.Method.invoke(Native Method)\n\tat m.tf.f(:com.google.android.gms.dynamite_measurementdynamite@243834029@24.38.34 (190400-0):49)\n\tat m.rp.X(:com.google.android.gms.dynamite_measurementdynamite@243834029@24.38.34 (190400-0):209)\n\tat m.tn.b(:com.google.android.gms.dynamite_measurementdynamite@243834029@24.38.34 (190400-0):70)\n\tat m.tn.a(:com.google.android.gms.dynamite_measurementdynamite@243834029@24.38.34 (190400-0):65)\n\tat m.pp.run(:com.google.android.gms.dynamite_measurementdynamite@243834029@24.38.34 (190400-0):2093)\n\tat java.util.concurrent.Executors$RunnableAdapter.call(Executors.java:463)\n\tat java.util.concurrent.FutureTask.run(FutureTask.java:264)\n\tat m.pl.run(:com.google.android.gms.dynamite_measurementdynamite@243834029@24.38.34 (190400-0):48)\n"
},
{
    "type": "log",
    "source": "class",
    "method": "getInstance",
    "package_name": "com.fanatics",
    "class_name": "com.google.firebase.analytics.FirebaseAnalytics",
    "timestamp": 1728283819576,
    "ref": "<class: com.google.firebase.analytics.FirebaseAnalytics>",
    "arguments": "{\"0\":\"<instance: android.content.Context, $className: com.betfanatics.fanapp.FanApplication>\"}",
    "stack_trace": "java.lang.Exception\n\tat com.google.firebase.analytics.FirebaseAnalytics.getInstance(Native Method)\n\tat java.lang.reflect.Method.invoke(Native Method)\n\tat m.tf.f(:com.google.android.gms.dynamite_measurementdynamite@243834029@24.38.34 (190400-0):47)\n\tat m.rp.ab(:com.google.android.gms.dynamite_measurementdynamite@243834029@24.38.34 (190400-0):143)\n\tat m.rp.H(:com.google.android.gms.dynamite_measurementdynamite@243834029@24.38.34 (190400-0):30)\n\tat m.tn.b(:com.google.android.gms.dynamite_measurementdynamite@243834029@24.38.34 (190400-0):123)\n\tat m.tn.a(:com.google.android.gms.dynamite_measurementdynamite@243834029@24.38.34 (190400-0):65)\n\tat m.pp.run(:com.google.android.gms.dynamite_measurementdynamite@243834029@24.38.34 (190400-0):2093)\n\tat java.util.concurrent.Executors$RunnableAdapter.call(Executors.java:463)\n\tat java.util.concurrent.FutureTask.run(FutureTask.java:264)\n\tat m.pl.run(:com.google.android.gms.dynamite_measurementdynamite@243834029@24.38.34 (190400-0):48)\n"
},
{
    "type": "log",
    "source": "class",
    "method": "getFirebaseInstanceId",
    "package_name": "com.fanatics",
    "class_name": "com.google.firebase.analytics.FirebaseAnalytics",
    "timestamp": 1728283819582,
    "ref": "com.google.firebase.analytics.FirebaseAnalytics@9b3919",
    "arguments": "{}",
    "stack_trace": "java.lang.Exception\n\tat com.google.firebase.analytics.FirebaseAnalytics.getFirebaseInstanceId(Native Method)\n\tat java.lang.reflect.Method.invoke(Native Method)\n\tat m.tf.f(:com.google.android.gms.dynamite_measurementdynamite@243834029@24.38.34 (190400-0):49)\n\tat m.rp.ab(:com.google.android.gms.dynamite_measurementdynamite@243834029@24.38.34 (190400-0):143)\n\tat m.rp.H(:com.google.android.gms.dynamite_measurementdynamite@243834029@24.38.34 (190400-0):30)\n\tat m.tn.b(:com.google.android.gms.dynamite_measurementdynamite@243834029@24.38.34 (190400-0):123)\n\tat m.tn.a(:com.google.android.gms.dynamite_measurementdynamite@243834029@24.38.34 (190400-0):65)\n\tat m.pp.run(:com.google.android.gms.dynamite_measurementdynamite@243834029@24.38.34 (190400-0):2093)\n\tat java.util.concurrent.Executors$RunnableAdapter.call(Executors.java:463)\n\tat java.util.concurrent.FutureTask.run(FutureTask.java:264)\n\tat m.pl.run(:com.google.android.gms.dynamite_measurementdynamite@243834029@24.38.34 (190400-0):48)\n"
},
{
    "type": "log",
    "source": "class",
    "method": "getInstance",
    "package_name": "com.fanatics",
    "class_name": "com.google.firebase.analytics.FirebaseAnalytics",
    "timestamp": 1728283819668,
    "ref": "<class: com.google.firebase.analytics.FirebaseAnalytics>",
    "arguments": "{\"0\":\"<instance: android.content.Context, $className: com.betfanatics.fanapp.FanApplication>\"}",
    "stack_trace": "java.lang.Exception\n\tat com.google.firebase.analytics.FirebaseAnalytics.getInstance(Native Method)\n\tat java.lang.reflect.Method.invoke(Native Method)\n\tat m.tf.f(:com.google.android.gms.dynamite_measurementdynamite@243834029@24.38.34 (190400-0):47)\n\tat m.tf.s(:com.google.android.gms.dynamite_measurementdynamite@243834029@24.38.34 (190400-0):8)\n\tat m.pp.run(:com.google.android.gms.dynamite_measurementdynamite@243834029@24.38.34 (190400-0):2105)\n\tat java.util.concurrent.Executors$RunnableAdapter.call(Executors.java:463)\n\tat java.util.concurrent.FutureTask.run(FutureTask.java:264)\n\tat m.pl.run(:com.google.android.gms.dynamite_measurementdynamite@243834029@24.38.34 (190400-0):48)\n"
},
{
    "type": "log",
    "source": "class",
    "method": "getFirebaseInstanceId",
    "package_name": "com.fanatics",
    "class_name": "com.google.firebase.analytics.FirebaseAnalytics",
    "timestamp": 1728283819684,
    "ref": "com.google.firebase.analytics.FirebaseAnalytics@9b3919",
    "arguments": "{}",
    "stack_trace": "java.lang.Exception\n\tat com.google.firebase.analytics.FirebaseAnalytics.getFirebaseInstanceId(Native Method)\n\tat java.lang.reflect.Method.invoke(Native Method)\n\tat m.tf.f(:com.google.android.gms.dynamite_measurementdynamite@243834029@24.38.34 (190400-0):49)\n\tat m.tf.s(:com.google.android.gms.dynamite_measurementdynamite@243834029@24.38.34 (190400-0):8)\n\tat m.pp.run(:com.google.android.gms.dynamite_measurementdynamite@243834029@24.38.34 (190400-0):2105)\n\tat java.util.concurrent.Executors$RunnableAdapter.call(Executors.java:463)\n\tat java.util.concurrent.FutureTask.run(FutureTask.java:264)\n\tat m.pl.run(:com.google.android.gms.dynamite_measurementdynamite@243834029@24.38.34 (190400-0):48)\n"
},
{
    "type": "log",
    "source": "class",
    "method": "getInstance",
    "package_name": "com.fanatics",
    "class_name": "com.google.firebase.analytics.FirebaseAnalytics",
    "timestamp": 1728283819747,
    "ref": "<class: com.google.firebase.analytics.FirebaseAnalytics>",
    "arguments": "{\"0\":\"<instance: android.content.Context, $className: com.betfanatics.fanapp.FanApplication>\"}",
    "stack_trace": "java.lang.Exception\n\tat com.google.firebase.analytics.FirebaseAnalytics.getInstance(Native Method)\n\tat java.lang.reflect.Method.invoke(Native Method)\n\tat m.tf.f(:com.google.android.gms.dynamite_measurementdynamite@243834029@24.38.34 (190400-0):47)\n\tat m.tf.G(:com.google.android.gms.dynamite_measurementdynamite@243834029@24.38.34 (190400-0):8)\n\tat m.pp.run(:com.google.android.gms.dynamite_measurementdynamite@243834029@24.38.34 (190400-0):2122)\n\tat java.util.concurrent.Executors$RunnableAdapter.call(Executors.java:463)\n\tat java.util.concurrent.FutureTask.run(FutureTask.java:264)\n\tat m.pl.run(:com.google.android.gms.dynamite_measurementdynamite@243834029@24.38.34 (190400-0):48)\n"
},
{
    "type": "log",
    "source": "class",
    "method": "getFirebaseInstanceId",
    "package_name": "com.fanatics",
    "class_name": "com.google.firebase.analytics.FirebaseAnalytics",
    "timestamp": 1728283819755,
    "ref": "com.google.firebase.analytics.FirebaseAnalytics@9b3919",
    "arguments": "{}",
    "stack_trace": "java.lang.Exception\n\tat com.google.firebase.analytics.FirebaseAnalytics.getFirebaseInstanceId(Native Method)\n\tat java.lang.reflect.Method.invoke(Native Method)\n\tat m.tf.f(:com.google.android.gms.dynamite_measurementdynamite@243834029@24.38.34 (190400-0):49)\n\tat m.tf.G(:com.google.android.gms.dynamite_measurementdynamite@243834029@24.38.34 (190400-0):8)\n\tat m.pp.run(:com.google.android.gms.dynamite_measurementdynamite@243834029@24.38.34 (190400-0):2122)\n\tat java.util.concurrent.Executors$RunnableAdapter.call(Executors.java:463)\n\tat java.util.concurrent.FutureTask.run(FutureTask.java:264)\n\tat m.pl.run(:com.google.android.gms.dynamite_measurementdynamite@243834029@24.38.34 (190400-0):48)\n"
},
{
    "type": "log",
    "source": "class",
    "method": "getInstance",
    "package_name": "com.fanatics",
    "class_name": "com.google.firebase.analytics.FirebaseAnalytics",
    "timestamp": 1728283820408,
    "ref": "<class: com.google.firebase.analytics.FirebaseAnalytics>",
    "arguments": "{\"0\":\"<instance: android.content.Context, $className: com.betfanatics.fanapp.FanApplication>\"}",
    "stack_trace": "java.lang.Exception\n\tat com.google.firebase.analytics.FirebaseAnalytics.getInstance(Native Method)\n\tat com.betfanatics.fanapp.FanApplication.j(Unknown Source:10)\n\tat com.betfanatics.fanapp.FanApplication.q(Unknown Source:14)\n\tat com.betfanatics.fanapp.FanApplication.onCreate(Unknown Source:27)\n\tat android.app.Instrumentation.callApplicationOnCreate(Instrumentation.java:1289)\n\tat android.app.ActivityThread.handleBindApplication(ActivityThread.java:7226)\n\tat android.app.ActivityThread.handleBindApplication(Native Method)\n\tat android.app.ActivityThread.-$$Nest$mhandleBindApplication(Unknown Source:0)\n\tat android.app.ActivityThread$H.handleMessage(ActivityThread.java:2241)\n\tat android.os.Handler.dispatchMessage(Handler.java:106)\n\tat android.os.Looper.loopOnce(Looper.java:211)\n\tat android.os.Looper.loop(Looper.java:300)\n\tat android.app.ActivityThread.main(ActivityThread.java:8395)\n\tat java.lang.reflect.Method.invoke(Native Method)\n\tat com.android.internal.os.RuntimeInit$MethodAndArgsCaller.run(RuntimeInit.java:559)\n\tat com.android.internal.os.ZygoteInit.main(ZygoteInit.java:954)\n"
},
{
    "type": "log",
    "source": "class",
    "method": "setAnalyticsCollectionEnabled",
    "package_name": "com.fanatics",
    "class_name": "com.google.firebase.analytics.FirebaseAnalytics",
    "timestamp": 1728283820421,
    "ref": "com.google.firebase.analytics.FirebaseAnalytics@9b3919",
    "arguments": "{\"0\":true}",
    "stack_trace": "java.lang.Exception\n\tat com.google.firebase.analytics.FirebaseAnalytics.setAnalyticsCollectionEnabled(Native Method)\n\tat com.betfanatics.fanapp.FanApplication.j(Unknown Source:14)\n\tat com.betfanatics.fanapp.FanApplication.q(Unknown Source:14)\n\tat com.betfanatics.fanapp.FanApplication.onCreate(Unknown Source:27)\n\tat android.app.Instrumentation.callApplicationOnCreate(Instrumentation.java:1289)\n\tat android.app.ActivityThread.handleBindApplication(ActivityThread.java:7226)\n\tat android.app.ActivityThread.handleBindApplication(Native Method)\n\tat android.app.ActivityThread.-$$Nest$mhandleBindApplication(Unknown Source:0)\n\tat android.app.ActivityThread$H.handleMessage(ActivityThread.java:2241)\n\tat android.os.Handler.dispatchMessage(Handler.java:106)\n\tat android.os.Looper.loopOnce(Looper.java:211)\n\tat android.os.Looper.loop(Looper.java:300)\n\tat android.app.ActivityThread.main(ActivityThread.java:8395)\n\tat java.lang.reflect.Method.invoke(Native Method)\n\tat com.android.internal.os.RuntimeInit$MethodAndArgsCaller.run(RuntimeInit.java:559)\n\tat com.android.internal.os.ZygoteInit.main(ZygoteInit.java:954)\n"
},
{
    "type": "log",
    "source": "class",
    "method": "getInstance",
    "package_name": "com.fanatics",
    "class_name": "com.google.firebase.analytics.FirebaseAnalytics",
    "timestamp": 1728283820515,
    "ref": "<class: com.google.firebase.analytics.FirebaseAnalytics>",
    "arguments": "{\"0\":\"<instance: android.content.Context, $className: com.betfanatics.fanapp.FanApplication>\"}",
    "stack_trace": "java.lang.Exception\n\tat com.google.firebase.analytics.FirebaseAnalytics.getInstance(Native Method)\n\tat java.lang.reflect.Method.invoke(Native Method)\n\tat m.tf.f(:com.google.android.gms.dynamite_measurementdynamite@243834029@24.38.34 (190400-0):47)\n\tat m.rp.Y(:com.google.android.gms.dynamite_measurementdynamite@243834029@24.38.34 (190400-0):137)\n\tat m.rp.T(:com.google.android.gms.dynamite_measurementdynamite@243834029@24.38.34 (190400-0):84)\n\tat m.rj.run(:com.google.android.gms.dynamite_measurementdynamite@243834029@24.38.34 (190400-0):6)\n\tat java.util.concurrent.Executors$RunnableAdapter.call(Executors.java:463)\n\tat java.util.concurrent.FutureTask.run(FutureTask.java:264)\n\tat m.pl.run(:com.google.android.gms.dynamite_measurementdynamite@243834029@24.38.34 (190400-0):48)\n"
},
{
    "type": "log",
    "source": "class",
    "method": "getFirebaseInstanceId",
    "package_name": "com.fanatics",
    "class_name": "com.google.firebase.analytics.FirebaseAnalytics",
    "timestamp": 1728283820528,
    "ref": "com.google.firebase.analytics.FirebaseAnalytics@9b3919",
    "arguments": "{}",
    "stack_trace": "java.lang.Exception\n\tat com.google.firebase.analytics.FirebaseAnalytics.getFirebaseInstanceId(Native Method)\n\tat java.lang.reflect.Method.invoke(Native Method)\n\tat m.tf.f(:com.google.android.gms.dynamite_measurementdynamite@243834029@24.38.34 (190400-0):49)\n\tat m.rp.Y(:com.google.android.gms.dynamite_measurementdynamite@243834029@24.38.34 (190400-0):137)\n\tat m.rp.T(:com.google.android.gms.dynamite_measurementdynamite@243834029@24.38.34 (190400-0):84)\n\tat m.rj.run(:com.google.android.gms.dynamite_measurementdynamite@243834029@24.38.34 (190400-0):6)\n\tat java.util.concurrent.Executors$RunnableAdapter.call(Executors.java:463)\n\tat java.util.concurrent.FutureTask.run(FutureTask.java:264)\n\tat m.pl.run(:com.google.android.gms.dynamite_measurementdynamite@243834029@24.38.34 (190400-0):48)\n"
},
{
    "type": "log",
    "source": "class",
    "method": "getInstance",
    "package_name": "com.fanatics",
    "class_name": "com.google.firebase.analytics.FirebaseAnalytics",
    "timestamp": 1728283821341,
    "ref": "<class: com.google.firebase.analytics.FirebaseAnalytics>",
    "arguments": "{\"0\":\"<instance: android.content.Context, $className: com.betfanatics.fanapp.FanApplication>\"}",
    "stack_trace": "java.lang.Exception\n\tat com.google.firebase.analytics.FirebaseAnalytics.getInstance(Native Method)\n\tat com.segment.analytics.kotlin.destinations.firebase.FirebaseDestination.update(Unknown Source:19)\n\tat com.segment.analytics.kotlin.core.SettingsKt$f.a(Unknown Source:45)\n\tat com.segment.analytics.kotlin.core.SettingsKt$f.invoke(Unknown Source:2)\n\tat com.segment.analytics.kotlin.core.platform.Mediator.applyClosure(Unknown Source:28)\n\tat com.segment.analytics.kotlin.core.platform.Timeline.applyClosure(Unknown Source:33)\n\tat com.segment.analytics.kotlin.core.SettingsKt.update(Unknown Source:112)\n\tat com.segment.analytics.kotlin.core.SettingsKt$e.invokeSuspend(Unknown Source:10)\n\tat kotlin.coroutines.jvm.internal.BaseContinuationImpl.resumeWith(Unknown Source:11)\n\tat kotlinx.coroutines.DispatchedTask.run(Unknown Source:128)\n\tat java.util.concurrent.ThreadPoolExecutor.runWorker(ThreadPoolExecutor.java:1137)\n\tat java.util.concurrent.ThreadPoolExecutor$Worker.run(ThreadPoolExecutor.java:637)\n\tat java.lang.Thread.run(Thread.java:1012)\n"
},
{
    "type": "log",
    "source": "class",
    "method": "logEvent",
    "package_name": "com.fanatics",
    "class_name": "com.google.firebase.analytics.FirebaseAnalytics",
    "timestamp": 1728283821446,
    "ref": "com.google.firebase.analytics.FirebaseAnalytics@9b3919",
    "arguments": "{\"0\":\"Application_Installed\",\"1\":\"<instance: android.os.Bundle>\"}",
    "stack_trace": "java.lang.Exception\n\tat com.google.firebase.analytics.FirebaseAnalytics.logEvent(Native Method)\n\tat com.segment.analytics.kotlin.destinations.firebase.FirebaseDestination.track(Unknown Source:35)\n\tat com.segment.analytics.kotlin.core.platform.DestinationPlugin.process(Unknown Source:44)\n\tat com.segment.analytics.kotlin.core.platform.DestinationPlugin.execute(Unknown Source:5)\n\tat com.segment.analytics.kotlin.core.platform.Mediator.execute(Unknown Source:45)\n\tat com.segment.analytics.kotlin.core.platform.Timeline.applyPlugins(SourceFile:3)\n\tat com.segment.analytics.kotlin.core.platform.Timeline.applyPlugins(SourceFile:2)\n\tat com.segment.analytics.kotlin.core.platform.Timeline.process(Unknown Source:27)\n\tat com.segment.analytics.kotlin.core.Analytics$h.invokeSuspend(Unknown Source:85)\n\tat kotlin.coroutines.jvm.internal.BaseContinuationImpl.resumeWith(Unknown Source:11)\n\tat kotlinx.coroutines.DispatchedTask.run(Unknown Source:128)\n\tat java.util.concurrent.ThreadPoolExecutor.runWorker(ThreadPoolExecutor.java:1137)\n\tat java.util.concurrent.ThreadPoolExecutor$Worker.run(ThreadPoolExecutor.java:637)\n\tat java.lang.Thread.run(Thread.java:1012)\n"
},
{
    "type": "log",
    "source": "class",
    "method": "getInstance",
    "package_name": "com.fanatics",
    "class_name": "com.google.firebase.analytics.FirebaseAnalytics",
    "timestamp": 1728283821483,
    "ref": "<class: com.google.firebase.analytics.FirebaseAnalytics>",
    "arguments": "{\"0\":\"<instance: android.content.Context, $className: com.betfanatics.fanapp.FanApplication>\"}",
    "stack_trace": "java.lang.Exception\n\tat com.google.firebase.analytics.FirebaseAnalytics.getInstance(Native Method)\n\tat java.lang.reflect.Method.invoke(Native Method)\n\tat m.tf.f(:com.google.android.gms.dynamite_measurementdynamite@243834029@24.38.34 (190400-0):47)\n\tat m.rp.ab(:com.google.android.gms.dynamite_measurementdynamite@243834029@24.38.34 (190400-0):143)\n\tat m.qu.run(:com.google.android.gms.dynamite_measurementdynamite@243834029@24.38.34 (190400-0):17)\n\tat java.util.concurrent.Executors$RunnableAdapter.call(Executors.java:463)\n\tat java.util.concurrent.FutureTask.run(FutureTask.java:264)\n\tat m.pl.run(:com.google.android.gms.dynamite_measurementdynamite@243834029@24.38.34 (190400-0):48)\n"
},
{
    "type": "log",
    "source": "class",
    "method": "getFirebaseInstanceId",
    "package_name": "com.fanatics",
    "class_name": "com.google.firebase.analytics.FirebaseAnalytics",
    "timestamp": 1728283821485,
    "ref": "com.google.firebase.analytics.FirebaseAnalytics@9b3919",
    "arguments": "{}",
    "stack_trace": "java.lang.Exception\n\tat com.google.firebase.analytics.FirebaseAnalytics.getFirebaseInstanceId(Native Method)\n\tat java.lang.reflect.Method.invoke(Native Method)\n\tat m.tf.f(:com.google.android.gms.dynamite_measurementdynamite@243834029@24.38.34 (190400-0):49)\n\tat m.rp.ab(:com.google.android.gms.dynamite_measurementdynamite@243834029@24.38.34 (190400-0):143)\n\tat m.qu.run(:com.google.android.gms.dynamite_measurementdynamite@243834029@24.38.34 (190400-0):17)\n\tat java.util.concurrent.Executors$RunnableAdapter.call(Executors.java:463)\n\tat java.util.concurrent.FutureTask.run(FutureTask.java:264)\n\tat m.pl.run(:com.google.android.gms.dynamite_measurementdynamite@243834029@24.38.34 (190400-0):48)\n"
},
{
    "type": "log",
    "source": "class",
    "method": "getInstance",
    "package_name": "com.fanatics",
    "class_name": "com.appsflyer.AppsFlyerLib",
    "timestamp": 1728283822597,
    "ref": "<class: com.appsflyer.AppsFlyerLib>",
    "arguments": "{}",
    "stack_trace": "java.lang.Exception\n\tat com.appsflyer.AppsFlyerLib.getInstance(Native Method)\n\tat com.betfanatics.fanapp.navigation.DeeplinkManager.initializeAppsflyer(Unknown Source:5)\n\tat com.betfanatics.fanapp.FanAppActivity.onCreate(Unknown Source:61)\n\tat android.app.Activity.performCreate(Activity.java:8538)\n\tat android.app.Activity.performCreate(Activity.java:8502)\n\tat android.app.Instrumentation.callActivityOnCreate(Instrumentation.java:1440)\n\tat android.app.ActivityThread.performLaunchActivity(ActivityThread.java:3890)\n\tat android.app.ActivityThread.handleLaunchActivity(ActivityThread.java:4055)\n\tat android.app.servertransaction.LaunchActivityItem.execute(LaunchActivityItem.java:101)\n\tat android.app.servertransaction.TransactionExecutor.executeCallbacks(TransactionExecutor.java:135)\n\tat android.app.servertransaction.TransactionExecutor.execute(TransactionExecutor.java:95)\n\tat android.app.ActivityThread$H.handleMessage(ActivityThread.java:2415)\n\tat android.os.Handler.dispatchMessage(Handler.java:106)\n\tat android.os.Looper.loopOnce(Looper.java:211)\n\tat android.os.Looper.loop(Looper.java:300)\n\tat android.app.ActivityThread.main(ActivityThread.java:8395)\n\tat java.lang.reflect.Method.invoke(Native Method)\n\tat com.android.internal.os.RuntimeInit$MethodAndArgsCaller.run(RuntimeInit.java:559)\n\tat com.android.internal.os.ZygoteInit.main(ZygoteInit.java:954)\n"
},
{
    "type": "log",
    "source": "class",
    "method": "getInstance",
    "package_name": "com.fanatics",
    "class_name": "com.appsflyer.AppsFlyerLib",
    "timestamp": 1728283822605,
    "ref": "<class: com.appsflyer.AppsFlyerLib>",
    "arguments": "{}",
    "stack_trace": "java.lang.Exception\n\tat com.appsflyer.AppsFlyerLib.getInstance(Native Method)\n\tat com.betfanatics.fanapp.analytics.AppsflyerSegmentDestinationPlugin.update(Unknown Source:82)\n\tat com.segment.analytics.kotlin.core.platform.Timeline$c.invokeSuspend(Unknown Source:85)\n\tat kotlin.coroutines.jvm.internal.BaseContinuationImpl.resumeWith(Unknown Source:11)\n\tat kotlinx.coroutines.DispatchedTask.run(Unknown Source:128)\n\tat java.util.concurrent.ThreadPoolExecutor.runWorker(ThreadPoolExecutor.java:1137)\n\tat java.util.concurrent.ThreadPoolExecutor$Worker.run(ThreadPoolExecutor.java:637)\n\tat java.lang.Thread.run(Thread.java:1012)\n"
},
{
    "type": "log",
    "source": "class",
    "method": "logEvent",
    "package_name": "com.fanatics",
    "class_name": "com.google.firebase.analytics.FirebaseAnalytics",
    "timestamp": 1728283823113,
    "ref": "com.google.firebase.analytics.FirebaseAnalytics@9b3919",
    "arguments": "{\"0\":\"screen_view\",\"1\":\"<instance: android.os.Bundle>\"}",
    "stack_trace": "java.lang.Exception\n\tat com.google.firebase.analytics.FirebaseAnalytics.logEvent(Native Method)\n\tat com.segment.analytics.kotlin.destinations.firebase.FirebaseDestination.onActivityResumed(Unknown Source:56)\n\tat com.segment.analytics.kotlin.android.plugins.AndroidLifecyclePlugin$d$a.a(Unknown Source:8)\n\tat com.segment.analytics.kotlin.android.plugins.AndroidLifecyclePlugin$d$a.invoke(Unknown Source:2)\n\tat com.segment.analytics.kotlin.core.platform.Mediator.applyClosure(Unknown Source:28)\n\tat com.segment.analytics.kotlin.core.platform.Timeline.applyClosure(Unknown Source:33)\n\tat com.segment.analytics.kotlin.core.Analytics.applyClosureToPlugins(Unknown Source:9)\n\tat com.segment.analytics.kotlin.android.plugins.AndroidLifecyclePlugin$d.invokeSuspend(Unknown Source:23)\n\tat com.segment.analytics.kotlin.android.plugins.AndroidLifecyclePlugin$d.invoke(SourceFile:2)\n\tat com.segment.analytics.kotlin.android.plugins.AndroidLifecyclePlugin$d.invoke(SourceFile:1)\n\tat com.segment.analytics.kotlin.android.plugins.AndroidLifecyclePlugin$h.invokeSuspend(Unknown Source:30)\n\tat kotlin.coroutines.jvm.internal.BaseContinuationImpl.resumeWith(Unknown Source:11)\n\tat kotlinx.coroutines.DispatchedTask.run(Unknown Source:128)\n\tat java.util.concurrent.ThreadPoolExecutor.runWorker(ThreadPoolExecutor.java:1137)\n\tat java.util.concurrent.ThreadPoolExecutor$Worker.run(ThreadPoolExecutor.java:637)\n\tat java.lang.Thread.run(Thread.java:1012)\n"
},
{
    "type": "log",
    "source": "class",
    "method": "getInstance",
    "package_name": "com.fanatics",
    "class_name": "com.google.firebase.analytics.FirebaseAnalytics",
    "timestamp": 1728283823137,
    "ref": "<class: com.google.firebase.analytics.FirebaseAnalytics>",
    "arguments": "{\"0\":\"<instance: android.content.Context, $className: com.betfanatics.fanapp.FanApplication>\"}",
    "stack_trace": "java.lang.Exception\n\tat com.google.firebase.analytics.FirebaseAnalytics.getInstance(Native Method)\n\tat java.lang.reflect.Method.invoke(Native Method)\n\tat m.tf.f(:com.google.android.gms.dynamite_measurementdynamite@243834029@24.38.34 (190400-0):47)\n\tat m.rp.ab(:com.google.android.gms.dynamite_measurementdynamite@243834029@24.38.34 (190400-0):143)\n\tat m.rp.H(:com.google.android.gms.dynamite_measurementdynamite@243834029@24.38.34 (190400-0):30)\n\tat m.sc.A(:com.google.android.gms.dynamite_measurementdynamite@243834029@24.38.34 (190400-0):183)\n\tat m.rx.run(:com.google.android.gms.dynamite_measurementdynamite@243834029@24.38.34 (190400-0):12)\n\tat java.util.concurrent.Executors$RunnableAdapter.call(Executors.java:463)\n\tat java.util.concurrent.FutureTask.run(FutureTask.java:264)\n\tat m.pl.run(:com.google.android.gms.dynamite_measurementdynamite@243834029@24.38.34 (190400-0):48)\n"
},
{
    "type": "log",
    "source": "class",
    "method": "getFirebaseInstanceId",
    "package_name": "com.fanatics",
    "class_name": "com.google.firebase.analytics.FirebaseAnalytics",
    "timestamp": 1728283823149,
    "ref": "com.google.firebase.analytics.FirebaseAnalytics@9b3919",
    "arguments": "{}",
    "stack_trace": "java.lang.Exception\n\tat com.google.firebase.analytics.FirebaseAnalytics.getFirebaseInstanceId(Native Method)\n\tat java.lang.reflect.Method.invoke(Native Method)\n\tat m.tf.f(:com.google.android.gms.dynamite_measurementdynamite@243834029@24.38.34 (190400-0):49)\n\tat m.rp.ab(:com.google.android.gms.dynamite_measurementdynamite@243834029@24.38.34 (190400-0):143)\n\tat m.rp.H(:com.google.android.gms.dynamite_measurementdynamite@243834029@24.38.34 (190400-0):30)\n\tat m.sc.A(:com.google.android.gms.dynamite_measurementdynamite@243834029@24.38.34 (190400-0):183)\n\tat m.rx.run(:com.google.android.gms.dynamite_measurementdynamite@243834029@24.38.34 (190400-0):12)\n\tat java.util.concurrent.Executors$RunnableAdapter.call(Executors.java:463)\n\tat java.util.concurrent.FutureTask.run(FutureTask.java:264)\n\tat m.pl.run(:com.google.android.gms.dynamite_measurementdynamite@243834029@24.38.34 (190400-0):48)\n"
},
{
    "type": "log",
    "source": "class",
    "method": "logEvent",
    "package_name": "com.fanatics",
    "class_name": "com.google.firebase.analytics.FirebaseAnalytics",
    "timestamp": 1728283823154,
    "ref": "com.google.firebase.analytics.FirebaseAnalytics@9b3919",
    "arguments": "{\"0\":\"Application_Opened\",\"1\":\"<instance: android.os.Bundle>\"}",
    "stack_trace": "java.lang.Exception\n\tat com.google.firebase.analytics.FirebaseAnalytics.logEvent(Native Method)\n\tat com.segment.analytics.kotlin.destinations.firebase.FirebaseDestination.track(Unknown Source:35)\n\tat com.segment.analytics.kotlin.core.platform.DestinationPlugin.process(Unknown Source:44)\n\tat com.segment.analytics.kotlin.core.platform.DestinationPlugin.execute(Unknown Source:5)\n\tat com.segment.analytics.kotlin.core.platform.Mediator.execute(Unknown Source:45)\n\tat com.segment.analytics.kotlin.core.platform.Timeline.applyPlugins(SourceFile:3)\n\tat com.segment.analytics.kotlin.core.platform.Timeline.applyPlugins(SourceFile:2)\n\tat com.segment.analytics.kotlin.core.platform.Timeline.process(Unknown Source:27)\n\tat com.segment.analytics.kotlin.core.Analytics$h.invokeSuspend(Unknown Source:85)\n\tat kotlin.coroutines.jvm.internal.BaseContinuationImpl.resumeWith(Unknown Source:11)\n\tat kotlinx.coroutines.DispatchedTask.run(Unknown Source:128)\n\tat java.util.concurrent.ThreadPoolExecutor.runWorker(ThreadPoolExecutor.java:1137)\n\tat java.util.concurrent.ThreadPoolExecutor$Worker.run(ThreadPoolExecutor.java:637)\n\tat java.lang.Thread.run(Thread.java:1012)\n"
},
{
    "type": "log",
    "source": "class",
    "method": "getInstance",
    "package_name": "com.fanatics",
    "class_name": "com.google.firebase.analytics.FirebaseAnalytics",
    "timestamp": 1728283823263,
    "ref": "<class: com.google.firebase.analytics.FirebaseAnalytics>",
    "arguments": "{\"0\":\"<instance: android.content.Context, $className: com.betfanatics.fanapp.FanApplication>\"}",
    "stack_trace": "java.lang.Exception\n\tat com.google.firebase.analytics.FirebaseAnalytics.getInstance(Native Method)\n\tat java.lang.reflect.Method.invoke(Native Method)\n\tat m.tf.f(:com.google.android.gms.dynamite_measurementdynamite@243834029@24.38.34 (190400-0):47)\n\tat m.rp.ab(:com.google.android.gms.dynamite_measurementdynamite@243834029@24.38.34 (190400-0):143)\n\tat m.rp.H(:com.google.android.gms.dynamite_measurementdynamite@243834029@24.38.34 (190400-0):30)\n\tat m.sc.A(:com.google.android.gms.dynamite_measurementdynamite@243834029@24.38.34 (190400-0):183)\n\tat m.rw.run(:com.google.android.gms.dynamite_measurementdynamite@243834029@24.38.34 (190400-0):37)\n\tat java.util.concurrent.Executors$RunnableAdapter.call(Executors.java:463)\n\tat java.util.concurrent.FutureTask.run(FutureTask.java:264)\n\tat m.pl.run(:com.google.android.gms.dynamite_measurementdynamite@243834029@24.38.34 (190400-0):48)\n"
},
{
    "type": "log",
    "source": "class",
    "method": "getFirebaseInstanceId",
    "package_name": "com.fanatics",
    "class_name": "com.google.firebase.analytics.FirebaseAnalytics",
    "timestamp": 1728283823270,
    "ref": "com.google.firebase.analytics.FirebaseAnalytics@9b3919",
    "arguments": "{}",
    "stack_trace": "java.lang.Exception\n\tat com.google.firebase.analytics.FirebaseAnalytics.getFirebaseInstanceId(Native Method)\n\tat java.lang.reflect.Method.invoke(Native Method)\n\tat m.tf.f(:com.google.android.gms.dynamite_measurementdynamite@243834029@24.38.34 (190400-0):49)\n\tat m.rp.ab(:com.google.android.gms.dynamite_measurementdynamite@243834029@24.38.34 (190400-0):143)\n\tat m.rp.H(:com.google.android.gms.dynamite_measurementdynamite@243834029@24.38.34 (190400-0):30)\n\tat m.sc.A(:com.google.android.gms.dynamite_measurementdynamite@243834029@24.38.34 (190400-0):183)\n\tat m.rw.run(:com.google.android.gms.dynamite_measurementdynamite@243834029@24.38.34 (190400-0):37)\n\tat java.util.concurrent.Executors$RunnableAdapter.call(Executors.java:463)\n\tat java.util.concurrent.FutureTask.run(FutureTask.java:264)\n\tat m.pl.run(:com.google.android.gms.dynamite_measurementdynamite@243834029@24.38.34 (190400-0):48)\n"
},
{
    "type": "log",
    "source": "class",
    "method": "getInstance",
    "package_name": "com.fanatics",
    "class_name": "com.appsflyer.AppsFlyerLib",
    "timestamp": 1728283823273,
    "ref": "<class: com.appsflyer.AppsFlyerLib>",
    "arguments": "{}",
    "stack_trace": "java.lang.Exception\n\tat com.appsflyer.AppsFlyerLib.getInstance(Native Method)\n\tat com.appsflyer.internal.AFj1nSDK.AFAdRevenueData(Unknown Source:5)\n\tat com.appsflyer.internal.AFb1tSDK.getRevenue(SourceFile:42)\n\tat com.appsflyer.internal.AFb1tSDK.getCurrencyIso4217Code(SourceFile:1)\n\tat com.appsflyer.internal.AFb1tSDK$AFa1uSDK.run(Unknown Source:4)\n\tat java.util.concurrent.Executors$RunnableAdapter.call(Executors.java:463)\n\tat java.util.concurrent.FutureTask.run(FutureTask.java:264)\n\tat java.util.concurrent.ScheduledThreadPoolExecutor$ScheduledFutureTask.run(ScheduledThreadPoolExecutor.java:307)\n\tat java.util.concurrent.ThreadPoolExecutor.runWorker(ThreadPoolExecutor.java:1137)\n\tat java.util.concurrent.ThreadPoolExecutor$Worker.run(ThreadPoolExecutor.java:637)\n\tat java.lang.Thread.run(Thread.java:1012)\n"
},
{
    "type": "log",
    "source": "class",
    "method": "getInstance",
    "package_name": "com.fanatics",
    "class_name": "com.appsflyer.AppsFlyerLib",
    "timestamp": 1728283823280,
    "ref": "<class: com.appsflyer.AppsFlyerLib>",
    "arguments": "{}",
    "stack_trace": "java.lang.Exception\n\tat com.appsflyer.AppsFlyerLib.getInstance(Native Method)\n\tat com.appsflyer.internal.AFj1nSDK.AFAdRevenueData(Unknown Source:5)\n\tat com.appsflyer.internal.AFb1tSDK.getRevenue(SourceFile:44)\n\tat com.appsflyer.internal.AFb1tSDK.getCurrencyIso4217Code(SourceFile:1)\n\tat com.appsflyer.internal.AFb1tSDK$AFa1uSDK.run(Unknown Source:4)\n\tat java.util.concurrent.Executors$RunnableAdapter.call(Executors.java:463)\n\tat java.util.concurrent.FutureTask.run(FutureTask.java:264)\n\tat java.util.concurrent.ScheduledThreadPoolExecutor$ScheduledFutureTask.run(ScheduledThreadPoolExecutor.java:307)\n\tat java.util.concurrent.ThreadPoolExecutor.runWorker(ThreadPoolExecutor.java:1137)\n\tat java.util.concurrent.ThreadPoolExecutor$Worker.run(ThreadPoolExecutor.java:637)\n\tat java.lang.Thread.run(Thread.java:1012)\n"
},
{
    "type": "log",
    "source": "class",
    "method": "getInstance",
    "package_name": "com.fanatics",
    "class_name": "com.appsflyer.AppsFlyerLib",
    "timestamp": 1728283823337,
    "ref": "<class: com.appsflyer.AppsFlyerLib>",
    "arguments": "{}",
    "stack_trace": "java.lang.Exception\n\tat com.appsflyer.AppsFlyerLib.getInstance(Native Method)\n\tat com.appsflyer.internal.AFg1lSDK.getMediationNetwork(Unknown Source:0)\n\tat com.appsflyer.internal.AFg1eSDK.getCurrencyIso4217Code(SourceFile:28)\n\tat com.appsflyer.internal.AFg1eSDK.getMediationNetwork(SourceFile:24)\n\tat com.appsflyer.internal.AFf1gSDK.AFAdRevenueData(SourceFile:31)\n\tat com.appsflyer.internal.AFf1gSDK.getRevenue(Unknown Source:5)\n\tat com.appsflyer.internal.AFf1gSDK.AFAdRevenueData(SourceFile:1)\n\tat com.appsflyer.internal.AFf1oSDK.getMediationNetwork(SourceFile:6)\n\tat com.appsflyer.internal.AFe1aSDK$5.run(Unknown Source:165)\n\tat java.util.concurrent.ThreadPoolExecutor.runWorker(ThreadPoolExecutor.java:1137)\n\tat java.util.concurrent.ThreadPoolExecutor$Worker.run(ThreadPoolExecutor.java:637)\n\tat java.lang.Thread.run(Thread.java:1012)\n"
},
{
    "type": "log",
    "source": "class",
    "method": "getInstance",
    "package_name": "com.fanatics",
    "class_name": "com.google.firebase.analytics.FirebaseAnalytics",
    "timestamp": 1728283823442,
    "ref": "<class: com.google.firebase.analytics.FirebaseAnalytics>",
    "arguments": "{\"0\":\"<instance: android.content.Context, $className: com.betfanatics.fanapp.FanApplication>\"}",
    "stack_trace": "java.lang.Exception\n\tat com.google.firebase.analytics.FirebaseAnalytics.getInstance(Native Method)\n\tat java.lang.reflect.Method.invoke(Native Method)\n\tat m.tf.f(:com.google.android.gms.dynamite_measurementdynamite@243834029@24.38.34 (190400-0):47)\n\tat m.rp.ab(:com.google.android.gms.dynamite_measurementdynamite@243834029@24.38.34 (190400-0):143)\n\tat m.qu.run(:com.google.android.gms.dynamite_measurementdynamite@243834029@24.38.34 (190400-0):17)\n\tat java.util.concurrent.Executors$RunnableAdapter.call(Executors.java:463)\n\tat java.util.concurrent.FutureTask.run(FutureTask.java:264)\n\tat m.pl.run(:com.google.android.gms.dynamite_measurementdynamite@243834029@24.38.34 (190400-0):48)\n"
},
{
    "type": "log",
    "source": "class",
    "method": "getFirebaseInstanceId",
    "package_name": "com.fanatics",
    "class_name": "com.google.firebase.analytics.FirebaseAnalytics",
    "timestamp": 1728283823447,
    "ref": "com.google.firebase.analytics.FirebaseAnalytics@9b3919",
    "arguments": "{}",
    "stack_trace": "java.lang.Exception\n\tat com.google.firebase.analytics.FirebaseAnalytics.getFirebaseInstanceId(Native Method)\n\tat java.lang.reflect.Method.invoke(Native Method)\n\tat m.tf.f(:com.google.android.gms.dynamite_measurementdynamite@243834029@24.38.34 (190400-0):49)\n\tat m.rp.ab(:com.google.android.gms.dynamite_measurementdynamite@243834029@24.38.34 (190400-0):143)\n\tat m.qu.run(:com.google.android.gms.dynamite_measurementdynamite@243834029@24.38.34 (190400-0):17)\n\tat java.util.concurrent.Executors$RunnableAdapter.call(Executors.java:463)\n\tat java.util.concurrent.FutureTask.run(FutureTask.java:264)\n\tat m.pl.run(:com.google.android.gms.dynamite_measurementdynamite@243834029@24.38.34 (190400-0):48)\n"
},
{
    "type": "log",
    "source": "class",
    "method": "logEvent",
    "package_name": "com.fanatics",
    "class_name": "com.google.firebase.analytics.FirebaseAnalytics",
    "timestamp": 1728283823871,
    "ref": "com.google.firebase.analytics.FirebaseAnalytics@9b3919",
    "arguments": "{\"0\":\"app_open\",\"1\":\"<instance: android.os.Bundle>\"}",
    "stack_trace": "java.lang.Exception\n\tat com.google.firebase.analytics.FirebaseAnalytics.logEvent(Native Method)\n\tat com.segment.analytics.kotlin.destinations.firebase.FirebaseDestination.track(Unknown Source:35)\n\tat com.segment.analytics.kotlin.core.platform.DestinationPlugin.process(Unknown Source:44)\n\tat com.segment.analytics.kotlin.core.platform.DestinationPlugin.execute(Unknown Source:5)\n\tat com.segment.analytics.kotlin.core.platform.Mediator.execute(Unknown Source:45)\n\tat com.segment.analytics.kotlin.core.platform.Timeline.applyPlugins(SourceFile:3)\n\tat com.segment.analytics.kotlin.core.platform.Timeline.applyPlugins(SourceFile:2)\n\tat com.segment.analytics.kotlin.core.platform.Timeline.process(Unknown Source:27)\n\tat com.segment.analytics.kotlin.core.Analytics$h.invokeSuspend(Unknown Source:85)\n\tat kotlin.coroutines.jvm.internal.BaseContinuationImpl.resumeWith(Unknown Source:11)\n\tat kotlinx.coroutines.DispatchedTask.run(Unknown Source:128)\n\tat java.util.concurrent.ThreadPoolExecutor.runWorker(ThreadPoolExecutor.java:1137)\n\tat java.util.concurrent.ThreadPoolExecutor$Worker.run(ThreadPoolExecutor.java:637)\n\tat java.lang.Thread.run(Thread.java:1012)\n"
},
{
    "type": "log",
    "source": "class",
    "method": "getInstance",
    "package_name": "com.fanatics",
    "class_name": "com.appsflyer.AppsFlyerLib",
    "timestamp": 1728283823932,
    "ref": "<class: com.appsflyer.AppsFlyerLib>",
    "arguments": "{}",
    "stack_trace": "java.lang.Exception\n\tat com.appsflyer.AppsFlyerLib.getInstance(Native Method)\n\tat com.appsflyer.internal.AFj1nSDK.AFAdRevenueData(Unknown Source:5)\n\tat com.appsflyer.internal.AFb1tSDK.getRevenue(SourceFile:44)\n\tat com.appsflyer.internal.AFb1tSDK.getCurrencyIso4217Code(SourceFile:1)\n\tat com.appsflyer.internal.AFb1tSDK$AFa1uSDK.run(Unknown Source:4)\n\tat java.util.concurrent.Executors$RunnableAdapter.call(Executors.java:463)\n\tat java.util.concurrent.FutureTask.run(FutureTask.java:264)\n\tat java.util.concurrent.ScheduledThreadPoolExecutor$ScheduledFutureTask.run(ScheduledThreadPoolExecutor.java:307)\n\tat java.util.concurrent.ThreadPoolExecutor.runWorker(ThreadPoolExecutor.java:1137)\n\tat java.util.concurrent.ThreadPoolExecutor$Worker.run(ThreadPoolExecutor.java:637)\n\tat java.lang.Thread.run(Thread.java:1012)\n"
},
{
    "type": "log",
    "source": "class",
    "method": "getInstance",
    "package_name": "com.fanatics",
    "class_name": "com.google.firebase.analytics.FirebaseAnalytics",
    "timestamp": 1728283823960,
    "ref": "<class: com.google.firebase.analytics.FirebaseAnalytics>",
    "arguments": "{\"0\":\"<instance: android.content.Context, $className: com.betfanatics.fanapp.FanApplication>\"}",
    "stack_trace": "java.lang.Exception\n\tat com.google.firebase.analytics.FirebaseAnalytics.getInstance(Native Method)\n\tat java.lang.reflect.Method.invoke(Native Method)\n\tat m.tf.f(:com.google.android.gms.dynamite_measurementdynamite@243834029@24.38.34 (190400-0):47)\n\tat m.rp.ab(:com.google.android.gms.dynamite_measurementdynamite@243834029@24.38.34 (190400-0):143)\n\tat m.qu.run(:com.google.android.gms.dynamite_measurementdynamite@243834029@24.38.34 (190400-0):17)\n\tat java.util.concurrent.Executors$RunnableAdapter.call(Executors.java:463)\n\tat java.util.concurrent.FutureTask.run(FutureTask.java:264)\n\tat m.pl.run(:com.google.android.gms.dynamite_measurementdynamite@243834029@24.38.34 (190400-0):48)\n"
},
{
    "type": "log",
    "source": "class",
    "method": "getFirebaseInstanceId",
    "package_name": "com.fanatics",
    "class_name": "com.google.firebase.analytics.FirebaseAnalytics",
    "timestamp": 1728283823970,
    "ref": "com.google.firebase.analytics.FirebaseAnalytics@9b3919",
    "arguments": "{}",
    "stack_trace": "java.lang.Exception\n\tat com.google.firebase.analytics.FirebaseAnalytics.getFirebaseInstanceId(Native Method)\n\tat java.lang.reflect.Method.invoke(Native Method)\n\tat m.tf.f(:com.google.android.gms.dynamite_measurementdynamite@243834029@24.38.34 (190400-0):49)\n\tat m.rp.ab(:com.google.android.gms.dynamite_measurementdynamite@243834029@24.38.34 (190400-0):143)\n\tat m.qu.run(:com.google.android.gms.dynamite_measurementdynamite@243834029@24.38.34 (190400-0):17)\n\tat java.util.concurrent.Executors$RunnableAdapter.call(Executors.java:463)\n\tat java.util.concurrent.FutureTask.run(FutureTask.java:264)\n\tat m.pl.run(:com.google.android.gms.dynamite_measurementdynamite@243834029@24.38.34 (190400-0):48)\n"
},
{
    "type": "log",
    "source": "class",
    "method": "getInstance",
    "package_name": "com.fanatics",
    "class_name": "com.appsflyer.AppsFlyerLib",
    "timestamp": 1728283824513,
    "ref": "<class: com.appsflyer.AppsFlyerLib>",
    "arguments": "{}",
    "stack_trace": "java.lang.Exception\n\tat com.appsflyer.AppsFlyerLib.getInstance(Native Method)\n\tat com.appsflyer.internal.AFj1nSDK.AFAdRevenueData(Unknown Source:5)\n\tat com.appsflyer.internal.AFb1tSDK.getRevenue(SourceFile:45)\n\tat com.appsflyer.internal.AFb1tSDK.AFAdRevenueData(SourceFile:15)\n\tat com.appsflyer.internal.AFb1tSDK.equals(SourceFile:12)\n\tat com.appsflyer.internal.AFb1tSDK.a(SourceFile:1)\n\tat com.appsflyer.internal.d.run(Unknown Source:2)\n\tat com.appsflyer.internal.AFj1vSDK.getRevenue(SourceFile:5)\n\tat com.appsflyer.internal.AFj1vSDK.d(Unknown Source:0)\n\tat com.appsflyer.internal.h0.run(Unknown Source:4)\n\tat java.util.concurrent.Executors$RunnableAdapter.call(Executors.java:463)\n\tat java.util.concurrent.FutureTask.run(FutureTask.java:264)\n\tat java.util.concurrent.ScheduledThreadPoolExecutor$ScheduledFutureTask.run(ScheduledThreadPoolExecutor.java:307)\n\tat java.util.concurrent.ThreadPoolExecutor.runWorker(ThreadPoolExecutor.java:1137)\n\tat java.util.concurrent.ThreadPoolExecutor$Worker.run(ThreadPoolExecutor.java:637)\n\tat java.lang.Thread.run(Thread.java:1012)\n"
},
{
    "type": "log",
    "source": "class",
    "method": "logEvent",
    "package_name": "com.fanatics",
    "class_name": "com.google.firebase.analytics.FirebaseAnalytics",
    "timestamp": 1728283824638,
    "ref": "com.google.firebase.analytics.FirebaseAnalytics@9b3919",
    "arguments": "{\"0\":\"screen_view\",\"1\":\"<instance: android.os.Bundle>\"}",
    "stack_trace": "java.lang.Exception\n\tat com.google.firebase.analytics.FirebaseAnalytics.logEvent(Native Method)\n\tat com.segment.analytics.kotlin.destinations.firebase.FirebaseDestination.screen(Unknown Source:51)\n\tat com.segment.analytics.kotlin.core.platform.DestinationPlugin.process(Unknown Source:66)\n\tat com.segment.analytics.kotlin.core.platform.DestinationPlugin.execute(Unknown Source:5)\n\tat com.segment.analytics.kotlin.core.platform.Mediator.execute(Unknown Source:45)\n\tat com.segment.analytics.kotlin.core.platform.Timeline.applyPlugins(SourceFile:3)\n\tat com.segment.analytics.kotlin.core.platform.Timeline.applyPlugins(SourceFile:2)\n\tat com.segment.analytics.kotlin.core.platform.Timeline.process(Unknown Source:27)\n\tat com.segment.analytics.kotlin.core.Analytics$h.invokeSuspend(Unknown Source:85)\n\tat kotlin.coroutines.jvm.internal.BaseContinuationImpl.resumeWith(Unknown Source:11)\n\tat kotlinx.coroutines.DispatchedTask.run(Unknown Source:128)\n\tat java.util.concurrent.ThreadPoolExecutor.runWorker(ThreadPoolExecutor.java:1137)\n\tat java.util.concurrent.ThreadPoolExecutor$Worker.run(ThreadPoolExecutor.java:637)\n\tat java.lang.Thread.run(Thread.java:1012)\n"
},
{
    "type": "log",
    "source": "class",
    "method": "getInstance",
    "package_name": "com.fanatics",
    "class_name": "com.google.firebase.analytics.FirebaseAnalytics",
    "timestamp": 1728283824708,
    "ref": "<class: com.google.firebase.analytics.FirebaseAnalytics>",
    "arguments": "{\"0\":\"<instance: android.content.Context, $className: com.betfanatics.fanapp.FanApplication>\"}",
    "stack_trace": "java.lang.Exception\n\tat com.google.firebase.analytics.FirebaseAnalytics.getInstance(Native Method)\n\tat java.lang.reflect.Method.invoke(Native Method)\n\tat m.tf.f(:com.google.android.gms.dynamite_measurementdynamite@243834029@24.38.34 (190400-0):47)\n\tat m.rp.ab(:com.google.android.gms.dynamite_measurementdynamite@243834029@24.38.34 (190400-0):143)\n\tat m.rp.H(:com.google.android.gms.dynamite_measurementdynamite@243834029@24.38.34 (190400-0):30)\n\tat m.sc.A(:com.google.android.gms.dynamite_measurementdynamite@243834029@24.38.34 (190400-0):183)\n\tat m.rw.run(:com.google.android.gms.dynamite_measurementdynamite@243834029@24.38.34 (190400-0):37)\n\tat java.util.concurrent.Executors$RunnableAdapter.call(Executors.java:463)\n\tat java.util.concurrent.FutureTask.run(FutureTask.java:264)\n\tat m.pl.run(:com.google.android.gms.dynamite_measurementdynamite@243834029@24.38.34 (190400-0):48)\n"
},
{
    "type": "log",
    "source": "class",
    "method": "getFirebaseInstanceId",
    "package_name": "com.fanatics",
    "class_name": "com.google.firebase.analytics.FirebaseAnalytics",
    "timestamp": 1728283824713,
    "ref": "com.google.firebase.analytics.FirebaseAnalytics@9b3919",
    "arguments": "{}",
    "stack_trace": "java.lang.Exception\n\tat com.google.firebase.analytics.FirebaseAnalytics.getFirebaseInstanceId(Native Method)\n\tat java.lang.reflect.Method.invoke(Native Method)\n\tat m.tf.f(:com.google.android.gms.dynamite_measurementdynamite@243834029@24.38.34 (190400-0):49)\n\tat m.rp.ab(:com.google.android.gms.dynamite_measurementdynamite@243834029@24.38.34 (190400-0):143)\n\tat m.rp.H(:com.google.android.gms.dynamite_measurementdynamite@243834029@24.38.34 (190400-0):30)\n\tat m.sc.A(:com.google.android.gms.dynamite_measurementdynamite@243834029@24.38.34 (190400-0):183)\n\tat m.rw.run(:com.google.android.gms.dynamite_measurementdynamite@243834029@24.38.34 (190400-0):37)\n\tat java.util.concurrent.Executors$RunnableAdapter.call(Executors.java:463)\n\tat java.util.concurrent.FutureTask.run(FutureTask.java:264)\n\tat m.pl.run(:com.google.android.gms.dynamite_measurementdynamite@243834029@24.38.34 (190400-0):48)\n"
},
{
    "type": "log",
    "source": "class",
    "method": "logEvent",
    "package_name": "com.fanatics",
    "class_name": "com.google.firebase.analytics.FirebaseAnalytics",
    "timestamp": 1728283826975,
    "ref": "com.google.firebase.analytics.FirebaseAnalytics@9b3919",
    "arguments": "{\"0\":\"hydration_device_registration_attempt\",\"1\":\"<instance: android.os.Bundle>\"}",
    "stack_trace": "java.lang.Exception\n\tat com.google.firebase.analytics.FirebaseAnalytics.logEvent(Native Method)\n\tat com.segment.analytics.kotlin.destinations.firebase.FirebaseDestination.track(Unknown Source:35)\n\tat com.segment.analytics.kotlin.core.platform.DestinationPlugin.process(Unknown Source:44)\n\tat com.segment.analytics.kotlin.core.platform.DestinationPlugin.execute(Unknown Source:5)\n\tat com.segment.analytics.kotlin.core.platform.Mediator.execute(Unknown Source:45)\n\tat com.segment.analytics.kotlin.core.platform.Timeline.applyPlugins(SourceFile:3)\n\tat com.segment.analytics.kotlin.core.platform.Timeline.applyPlugins(SourceFile:2)\n\tat com.segment.analytics.kotlin.core.platform.Timeline.process(Unknown Source:27)\n\tat com.segment.analytics.kotlin.core.Analytics$h.invokeSuspend(Unknown Source:85)\n\tat kotlin.coroutines.jvm.internal.BaseContinuationImpl.resumeWith(Unknown Source:11)\n\tat kotlinx.coroutines.DispatchedTask.run(Unknown Source:128)\n\tat java.util.concurrent.ThreadPoolExecutor.runWorker(ThreadPoolExecutor.java:1137)\n\tat java.util.concurrent.ThreadPoolExecutor$Worker.run(ThreadPoolExecutor.java:637)\n\tat java.lang.Thread.run(Thread.java:1012)\n"
},
{
    "type": "log",
    "source": "class",
    "method": "logEvent",
    "package_name": "com.fanatics",
    "class_name": "com.google.firebase.analytics.FirebaseAnalytics",
    "timestamp": 1728283826989,
    "ref": "com.google.firebase.analytics.FirebaseAnalytics@9b3919",
    "arguments": "{\"0\":\"app_session\",\"1\":\"<instance: android.os.Bundle>\"}",
    "stack_trace": "java.lang.Exception\n\tat com.google.firebase.analytics.FirebaseAnalytics.logEvent(Native Method)\n\tat com.segment.analytics.kotlin.destinations.firebase.FirebaseDestination.track(Unknown Source:35)\n\tat com.segment.analytics.kotlin.core.platform.DestinationPlugin.process(Unknown Source:44)\n\tat com.segment.analytics.kotlin.core.platform.DestinationPlugin.execute(Unknown Source:5)\n\tat com.segment.analytics.kotlin.core.platform.Mediator.execute(Unknown Source:45)\n\tat com.segment.analytics.kotlin.core.platform.Timeline.applyPlugins(SourceFile:3)\n\tat com.segment.analytics.kotlin.core.platform.Timeline.applyPlugins(SourceFile:2)\n\tat com.segment.analytics.kotlin.core.platform.Timeline.process(Unknown Source:27)\n\tat com.segment.analytics.kotlin.core.Analytics$h.invokeSuspend(Unknown Source:85)\n\tat kotlin.coroutines.jvm.internal.BaseContinuationImpl.resumeWith(Unknown Source:11)\n\tat kotlinx.coroutines.DispatchedTask.run(Unknown Source:128)\n\tat java.util.concurrent.ThreadPoolExecutor.runWorker(ThreadPoolExecutor.java:1137)\n\tat java.util.concurrent.ThreadPoolExecutor$Worker.run(ThreadPoolExecutor.java:637)\n\tat java.lang.Thread.run(Thread.java:1012)\n"
},
{
    "type": "log",
    "source": "class",
    "method": "getInstance",
    "package_name": "com.fanatics",
    "class_name": "com.appsflyer.AppsFlyerLib",
    "timestamp": 1728283827176,
    "ref": "<class: com.appsflyer.AppsFlyerLib>",
    "arguments": "{}",
    "stack_trace": "java.lang.Exception\n\tat com.appsflyer.AppsFlyerLib.getInstance(Native Method)\n\tat com.appsflyer.internal.AFj1nSDK.AFAdRevenueData(Unknown Source:5)\n\tat com.appsflyer.internal.AFb1tSDK.getRevenue(SourceFile:44)\n\tat com.appsflyer.internal.AFb1tSDK.getCurrencyIso4217Code(SourceFile:1)\n\tat com.appsflyer.internal.AFb1tSDK$AFa1uSDK.run(Unknown Source:4)\n\tat java.util.concurrent.Executors$RunnableAdapter.call(Executors.java:463)\n\tat java.util.concurrent.FutureTask.run(FutureTask.java:264)\n\tat java.util.concurrent.ScheduledThreadPoolExecutor$ScheduledFutureTask.run(ScheduledThreadPoolExecutor.java:307)\n\tat java.util.concurrent.ThreadPoolExecutor.runWorker(ThreadPoolExecutor.java:1137)\n\tat java.util.concurrent.ThreadPoolExecutor$Worker.run(ThreadPoolExecutor.java:637)\n\tat java.lang.Thread.run(Thread.java:1012)\n"
},
{
    "type": "log",
    "source": "class",
    "method": "getInstance",
    "package_name": "com.fanatics",
    "class_name": "com.appsflyer.AppsFlyerLib",
    "timestamp": 1728283827178,
    "ref": "<class: com.appsflyer.AppsFlyerLib>",
    "arguments": "{}",
    "stack_trace": "java.lang.Exception\n\tat com.appsflyer.AppsFlyerLib.getInstance(Native Method)\n\tat com.appsflyer.internal.AFj1nSDK.AFAdRevenueData(Unknown Source:5)\n\tat com.appsflyer.internal.AFb1tSDK.getRevenue(SourceFile:44)\n\tat com.appsflyer.internal.AFb1tSDK.getCurrencyIso4217Code(SourceFile:1)\n\tat com.appsflyer.internal.AFb1tSDK$AFa1uSDK.run(Unknown Source:4)\n\tat java.util.concurrent.Executors$RunnableAdapter.call(Executors.java:463)\n\tat java.util.concurrent.FutureTask.run(FutureTask.java:264)\n\tat java.util.concurrent.ScheduledThreadPoolExecutor$ScheduledFutureTask.run(ScheduledThreadPoolExecutor.java:307)\n\tat java.util.concurrent.ThreadPoolExecutor.runWorker(ThreadPoolExecutor.java:1137)\n\tat java.util.concurrent.ThreadPoolExecutor$Worker.run(ThreadPoolExecutor.java:637)\n\tat java.lang.Thread.run(Thread.java:1012)\n"
},
{
    "type": "log",
    "source": "class",
    "method": "getInstance",
    "package_name": "com.fanatics",
    "class_name": "com.google.firebase.analytics.FirebaseAnalytics",
    "timestamp": 1728283827295,
    "ref": "<class: com.google.firebase.analytics.FirebaseAnalytics>",
    "arguments": "{\"0\":\"<instance: android.content.Context, $className: com.betfanatics.fanapp.FanApplication>\"}",
    "stack_trace": "java.lang.Exception\n\tat com.google.firebase.analytics.FirebaseAnalytics.getInstance(Native Method)\n\tat java.lang.reflect.Method.invoke(Native Method)\n\tat m.tf.f(:com.google.android.gms.dynamite_measurementdynamite@243834029@24.38.34 (190400-0):47)\n\tat m.rp.ab(:com.google.android.gms.dynamite_measurementdynamite@243834029@24.38.34 (190400-0):143)\n\tat m.qu.run(:com.google.android.gms.dynamite_measurementdynamite@243834029@24.38.34 (190400-0):17)\n\tat java.util.concurrent.Executors$RunnableAdapter.call(Executors.java:463)\n\tat java.util.concurrent.FutureTask.run(FutureTask.java:264)\n\tat m.pl.run(:com.google.android.gms.dynamite_measurementdynamite@243834029@24.38.34 (190400-0):48)\n"
},
{
    "type": "log",
    "source": "class",
    "method": "getFirebaseInstanceId",
    "package_name": "com.fanatics",
    "class_name": "com.google.firebase.analytics.FirebaseAnalytics",
    "timestamp": 1728283827309,
    "ref": "com.google.firebase.analytics.FirebaseAnalytics@9b3919",
    "arguments": "{}",
    "stack_trace": "java.lang.Exception\n\tat com.google.firebase.analytics.FirebaseAnalytics.getFirebaseInstanceId(Native Method)\n\tat java.lang.reflect.Method.invoke(Native Method)\n\tat m.tf.f(:com.google.android.gms.dynamite_measurementdynamite@243834029@24.38.34 (190400-0):49)\n\tat m.rp.ab(:com.google.android.gms.dynamite_measurementdynamite@243834029@24.38.34 (190400-0):143)\n\tat m.qu.run(:com.google.android.gms.dynamite_measurementdynamite@243834029@24.38.34 (190400-0):17)\n\tat java.util.concurrent.Executors$RunnableAdapter.call(Executors.java:463)\n\tat java.util.concurrent.FutureTask.run(FutureTask.java:264)\n\tat m.pl.run(:com.google.android.gms.dynamite_measurementdynamite@243834029@24.38.34 (190400-0):48)\n"
},
{
    "type": "log",
    "source": "class",
    "method": "getInstance",
    "package_name": "com.fanatics",
    "class_name": "com.google.firebase.analytics.FirebaseAnalytics",
    "timestamp": 1728283827559,
    "ref": "<class: com.google.firebase.analytics.FirebaseAnalytics>",
    "arguments": "{\"0\":\"<instance: android.content.Context, $className: com.betfanatics.fanapp.FanApplication>\"}",
    "stack_trace": "java.lang.Exception\n\tat com.google.firebase.analytics.FirebaseAnalytics.getInstance(Native Method)\n\tat java.lang.reflect.Method.invoke(Native Method)\n\tat m.tf.f(:com.google.android.gms.dynamite_measurementdynamite@243834029@24.38.34 (190400-0):47)\n\tat m.rp.ab(:com.google.android.gms.dynamite_measurementdynamite@243834029@24.38.34 (190400-0):143)\n\tat m.qu.run(:com.google.android.gms.dynamite_measurementdynamite@243834029@24.38.34 (190400-0):17)\n\tat java.util.concurrent.Executors$RunnableAdapter.call(Executors.java:463)\n\tat java.util.concurrent.FutureTask.run(FutureTask.java:264)\n\tat m.pl.run(:com.google.android.gms.dynamite_measurementdynamite@243834029@24.38.34 (190400-0):48)\n"
},
{
    "type": "log",
    "source": "class",
    "method": "getFirebaseInstanceId",
    "package_name": "com.fanatics",
    "class_name": "com.google.firebase.analytics.FirebaseAnalytics",
    "timestamp": 1728283827562,
    "ref": "com.google.firebase.analytics.FirebaseAnalytics@9b3919",
    "arguments": "{}",
    "stack_trace": "java.lang.Exception\n\tat com.google.firebase.analytics.FirebaseAnalytics.getFirebaseInstanceId(Native Method)\n\tat java.lang.reflect.Method.invoke(Native Method)\n\tat m.tf.f(:com.google.android.gms.dynamite_measurementdynamite@243834029@24.38.34 (190400-0):49)\n\tat m.rp.ab(:com.google.android.gms.dynamite_measurementdynamite@243834029@24.38.34 (190400-0):143)\n\tat m.qu.run(:com.google.android.gms.dynamite_measurementdynamite@243834029@24.38.34 (190400-0):17)\n\tat java.util.concurrent.Executors$RunnableAdapter.call(Executors.java:463)\n\tat java.util.concurrent.FutureTask.run(FutureTask.java:264)\n\tat m.pl.run(:com.google.android.gms.dynamite_measurementdynamite@243834029@24.38.34 (190400-0):48)\n"
},
{
    "type": "log",
    "source": "class",
    "method": "getInstance",
    "package_name": "com.fanatics",
    "class_name": "com.google.firebase.analytics.FirebaseAnalytics",
    "timestamp": 1728283828760,
    "ref": "<class: com.google.firebase.analytics.FirebaseAnalytics>",
    "arguments": "{\"0\":\"<instance: android.content.Context, $className: com.betfanatics.fanapp.FanApplication>\"}",
    "stack_trace": "java.lang.Exception\n\tat com.google.firebase.analytics.FirebaseAnalytics.getInstance(Native Method)\n\tat java.lang.reflect.Method.invoke(Native Method)\n\tat m.tf.f(:com.google.android.gms.dynamite_measurementdynamite@243834029@24.38.34 (190400-0):47)\n\tat m.rp.ab(:com.google.android.gms.dynamite_measurementdynamite@243834029@24.38.34 (190400-0):143)\n\tat m.rp.H(:com.google.android.gms.dynamite_measurementdynamite@243834029@24.38.34 (190400-0):30)\n\tat m.rp.G(:com.google.android.gms.dynamite_measurementdynamite@243834029@24.38.34 (190400-0):15)\n\tat m.tm.c(:com.google.android.gms.dynamite_measurementdynamite@243834029@24.38.34 (190400-0):138)\n\tat m.to.q(:com.google.android.gms.dynamite_measurementdynamite@243834029@24.38.34 (190400-0):3)\n\tat m.sc.C(:com.google.android.gms.dynamite_measurementdynamite@243834029@24.38.34 (190400-0):26)\n\tat m.sa.run(:com.google.android.gms.dynamite_measurementdynamite@243834029@24.38.34 (190400-0):8)\n\tat java.util.concurrent.Executors$RunnableAdapter.call(Executors.java:463)\n\tat java.util.concurrent.FutureTask.run(FutureTask.java:264)\n\tat m.pl.run(:com.google.android.gms.dynamite_measurementdynamite@243834029@24.38.34 (190400-0):48)\n"
},
{
    "type": "log",
    "source": "class",
    "method": "getFirebaseInstanceId",
    "package_name": "com.fanatics",
    "class_name": "com.google.firebase.analytics.FirebaseAnalytics",
    "timestamp": 1728283828772,
    "ref": "com.google.firebase.analytics.FirebaseAnalytics@9b3919",
    "arguments": "{}",
    "stack_trace": "java.lang.Exception\n\tat com.google.firebase.analytics.FirebaseAnalytics.getFirebaseInstanceId(Native Method)\n\tat java.lang.reflect.Method.invoke(Native Method)\n\tat m.tf.f(:com.google.android.gms.dynamite_measurementdynamite@243834029@24.38.34 (190400-0):49)\n\tat m.rp.ab(:com.google.android.gms.dynamite_measurementdynamite@243834029@24.38.34 (190400-0):143)\n\tat m.rp.H(:com.google.android.gms.dynamite_measurementdynamite@243834029@24.38.34 (190400-0):30)\n\tat m.rp.G(:com.google.android.gms.dynamite_measurementdynamite@243834029@24.38.34 (190400-0):15)\n\tat m.tm.c(:com.google.android.gms.dynamite_measurementdynamite@243834029@24.38.34 (190400-0):138)\n\tat m.to.q(:com.google.android.gms.dynamite_measurementdynamite@243834029@24.38.34 (190400-0):3)\n\tat m.sc.C(:com.google.android.gms.dynamite_measurementdynamite@243834029@24.38.34 (190400-0):26)\n\tat m.sa.run(:com.google.android.gms.dynamite_measurementdynamite@243834029@24.38.34 (190400-0):8)\n\tat java.util.concurrent.Executors$RunnableAdapter.call(Executors.java:463)\n\tat java.util.concurrent.FutureTask.run(FutureTask.java:264)\n\tat m.pl.run(:com.google.android.gms.dynamite_measurementdynamite@243834029@24.38.34 (190400-0):48)\n"
},
{
    "type": "log",
    "source": "class",
    "method": "getInstance",
    "package_name": "com.fanatics",
    "class_name": "com.appsflyer.AppsFlyerLib",
    "timestamp": 1728283830190,
    "ref": "<class: com.appsflyer.AppsFlyerLib>",
    "arguments": "{}",
    "stack_trace": "java.lang.Exception\n\tat com.appsflyer.AppsFlyerLib.getInstance(Native Method)\n\tat com.appsflyer.internal.AFg1lSDK.getMediationNetwork(Unknown Source:0)\n\tat com.appsflyer.internal.AFg1eSDK.getCurrencyIso4217Code(SourceFile:28)\n\tat com.appsflyer.internal.AFg1eSDK.getMediationNetwork(SourceFile:24)\n\tat com.appsflyer.internal.AFf1gSDK.AFAdRevenueData(SourceFile:31)\n\tat com.appsflyer.internal.AFf1gSDK.getRevenue(Unknown Source:5)\n\tat com.appsflyer.internal.AFf1dSDK.getRevenue(Unknown Source:0)\n\tat com.appsflyer.internal.AFf1gSDK.AFAdRevenueData(SourceFile:1)\n\tat com.appsflyer.internal.AFf1oSDK.getMediationNetwork(SourceFile:6)\n\tat com.appsflyer.internal.AFe1aSDK$5.run(Unknown Source:165)\n\tat java.util.concurrent.ThreadPoolExecutor.runWorker(ThreadPoolExecutor.java:1137)\n\tat java.util.concurrent.ThreadPoolExecutor$Worker.run(ThreadPoolExecutor.java:637)\n\tat java.lang.Thread.run(Thread.java:1012)\n"
},
{
    "type": "log",
    "source": "class",
    "method": "getInstance",
    "package_name": "com.fanatics",
    "class_name": "com.google.firebase.analytics.FirebaseAnalytics",
    "timestamp": 1728283831019,
    "ref": "<class: com.google.firebase.analytics.FirebaseAnalytics>",
    "arguments": "{\"0\":\"<instance: android.content.Context, $className: com.betfanatics.fanapp.FanApplication>\"}",
    "stack_trace": "java.lang.Exception\n\tat com.google.firebase.analytics.FirebaseAnalytics.getInstance(Native Method)\n\tat java.lang.reflect.Method.invoke(Native Method)\n\tat m.tf.f(:com.google.android.gms.dynamite_measurementdynamite@243834029@24.38.34 (190400-0):47)\n\tat m.ti.run(:com.google.android.gms.dynamite_measurementdynamite@243834029@24.38.34 (190400-0):177)\n\tat java.util.concurrent.Executors$RunnableAdapter.call(Executors.java:463)\n\tat java.util.concurrent.FutureTask.run(FutureTask.java:264)\n\tat m.pl.run(:com.google.android.gms.dynamite_measurementdynamite@243834029@24.38.34 (190400-0):48)\n"
},
{
    "type": "log",
    "source": "class",
    "method": "getFirebaseInstanceId",
    "package_name": "com.fanatics",
    "class_name": "com.google.firebase.analytics.FirebaseAnalytics",
    "timestamp": 1728283831023,
    "ref": "com.google.firebase.analytics.FirebaseAnalytics@9b3919",
    "arguments": "{}",
    "stack_trace": "java.lang.Exception\n\tat com.google.firebase.analytics.FirebaseAnalytics.getFirebaseInstanceId(Native Method)\n\tat java.lang.reflect.Method.invoke(Native Method)\n\tat m.tf.f(:com.google.android.gms.dynamite_measurementdynamite@243834029@24.38.34 (190400-0):49)\n\tat m.ti.run(:com.google.android.gms.dynamite_measurementdynamite@243834029@24.38.34 (190400-0):177)\n\tat java.util.concurrent.Executors$RunnableAdapter.call(Executors.java:463)\n\tat java.util.concurrent.FutureTask.run(FutureTask.java:264)\n\tat m.pl.run(:com.google.android.gms.dynamite_measurementdynamite@243834029@24.38.34 (190400-0):48)\n"
},
{
    "type": "log",
    "source": "class",
    "method": "logEvent",
    "package_name": "com.fanatics",
    "class_name": "com.google.firebase.analytics.FirebaseAnalytics",
    "timestamp": 1728283832229,
    "ref": "com.google.firebase.analytics.FirebaseAnalytics@9b3919",
    "arguments": "{\"0\":\"hydration_device_registration_success\",\"1\":\"<instance: android.os.Bundle>\"}",
    "stack_trace": "java.lang.Exception\n\tat com.google.firebase.analytics.FirebaseAnalytics.logEvent(Native Method)\n\tat com.segment.analytics.kotlin.destinations.firebase.FirebaseDestination.track(Unknown Source:35)\n\tat com.segment.analytics.kotlin.core.platform.DestinationPlugin.process(Unknown Source:44)\n\tat com.segment.analytics.kotlin.core.platform.DestinationPlugin.execute(Unknown Source:5)\n\tat com.segment.analytics.kotlin.core.platform.Mediator.execute(Unknown Source:45)\n\tat com.segment.analytics.kotlin.core.platform.Timeline.applyPlugins(SourceFile:3)\n\tat com.segment.analytics.kotlin.core.platform.Timeline.applyPlugins(SourceFile:2)\n\tat com.segment.analytics.kotlin.core.platform.Timeline.process(Unknown Source:27)\n\tat com.segment.analytics.kotlin.core.Analytics$h.invokeSuspend(Unknown Source:85)\n\tat kotlin.coroutines.jvm.internal.BaseContinuationImpl.resumeWith(Unknown Source:11)\n\tat kotlinx.coroutines.DispatchedTask.run(Unknown Source:128)\n\tat java.util.concurrent.ThreadPoolExecutor.runWorker(ThreadPoolExecutor.java:1137)\n\tat java.util.concurrent.ThreadPoolExecutor$Worker.run(ThreadPoolExecutor.java:637)\n\tat java.lang.Thread.run(Thread.java:1012)\n"
},
{
    "type": "log",
    "source": "class",
    "method": "getInstance",
    "package_name": "com.fanatics",
    "class_name": "com.google.firebase.analytics.FirebaseAnalytics",
    "timestamp": 1728283832296,
    "ref": "<class: com.google.firebase.analytics.FirebaseAnalytics>",
    "arguments": "{\"0\":\"<instance: android.content.Context, $className: com.betfanatics.fanapp.FanApplication>\"}",
    "stack_trace": "java.lang.Exception\n\tat com.google.firebase.analytics.FirebaseAnalytics.getInstance(Native Method)\n\tat java.lang.reflect.Method.invoke(Native Method)\n\tat m.tf.f(:com.google.android.gms.dynamite_measurementdynamite@243834029@24.38.34 (190400-0):47)\n\tat m.rp.ab(:com.google.android.gms.dynamite_measurementdynamite@243834029@24.38.34 (190400-0):143)\n\tat m.qu.run(:com.google.android.gms.dynamite_measurementdynamite@243834029@24.38.34 (190400-0):17)\n\tat java.util.concurrent.Executors$RunnableAdapter.call(Executors.java:463)\n\tat java.util.concurrent.FutureTask.run(FutureTask.java:264)\n\tat m.pl.run(:com.google.android.gms.dynamite_measurementdynamite@243834029@24.38.34 (190400-0):48)\n"
},
{
    "type": "log",
    "source": "class",
    "method": "getFirebaseInstanceId",
    "package_name": "com.fanatics",
    "class_name": "com.google.firebase.analytics.FirebaseAnalytics",
    "timestamp": 1728283832302,
    "ref": "com.google.firebase.analytics.FirebaseAnalytics@9b3919",
    "arguments": "{}",
    "stack_trace": "java.lang.Exception\n\tat com.google.firebase.analytics.FirebaseAnalytics.getFirebaseInstanceId(Native Method)\n\tat java.lang.reflect.Method.invoke(Native Method)\n\tat m.tf.f(:com.google.android.gms.dynamite_measurementdynamite@243834029@24.38.34 (190400-0):49)\n\tat m.rp.ab(:com.google.android.gms.dynamite_measurementdynamite@243834029@24.38.34 (190400-0):143)\n\tat m.qu.run(:com.google.android.gms.dynamite_measurementdynamite@243834029@24.38.34 (190400-0):17)\n\tat java.util.concurrent.Executors$RunnableAdapter.call(Executors.java:463)\n\tat java.util.concurrent.FutureTask.run(FutureTask.java:264)\n\tat m.pl.run(:com.google.android.gms.dynamite_measurementdynamite@243834029@24.38.34 (190400-0):48)\n"
},
{
    "type": "log",
    "source": "class",
    "method": "getInstance",
    "package_name": "com.fanatics",
    "class_name": "com.appsflyer.AppsFlyerLib",
    "timestamp": 1728283832304,
    "ref": "<class: com.appsflyer.AppsFlyerLib>",
    "arguments": "{}",
    "stack_trace": "java.lang.Exception\n\tat com.appsflyer.AppsFlyerLib.getInstance(Native Method)\n\tat com.appsflyer.internal.AFj1nSDK.AFAdRevenueData(Unknown Source:5)\n\tat com.appsflyer.internal.AFb1tSDK.getRevenue(SourceFile:44)\n\tat com.appsflyer.internal.AFb1tSDK.getCurrencyIso4217Code(SourceFile:1)\n\tat com.appsflyer.internal.AFb1tSDK$AFa1uSDK.run(Unknown Source:4)\n\tat java.util.concurrent.Executors$RunnableAdapter.call(Executors.java:463)\n\tat java.util.concurrent.FutureTask.run(FutureTask.java:264)\n\tat java.util.concurrent.ScheduledThreadPoolExecutor$ScheduledFutureTask.run(ScheduledThreadPoolExecutor.java:307)\n\tat java.util.concurrent.ThreadPoolExecutor.runWorker(ThreadPoolExecutor.java:1137)\n\tat java.util.concurrent.ThreadPoolExecutor$Worker.run(ThreadPoolExecutor.java:637)\n\tat java.lang.Thread.run(Thread.java:1012)\n"
},
{
    "type": "log",
    "source": "class",
    "method": "logEvent",
    "package_name": "com.fanatics",
    "class_name": "com.google.firebase.analytics.FirebaseAnalytics",
    "timestamp": 1728283832654,
    "ref": "com.google.firebase.analytics.FirebaseAnalytics@9b3919",
    "arguments": "{\"0\":\"screen_view\",\"1\":\"<instance: android.os.Bundle>\"}",
    "stack_trace": "java.lang.Exception\n\tat com.google.firebase.analytics.FirebaseAnalytics.logEvent(Native Method)\n\tat com.segment.analytics.kotlin.destinations.firebase.FirebaseDestination.onActivityResumed(Unknown Source:56)\n\tat com.segment.analytics.kotlin.android.plugins.AndroidLifecyclePlugin$d$a.a(Unknown Source:8)\n\tat com.segment.analytics.kotlin.android.plugins.AndroidLifecyclePlugin$d$a.invoke(Unknown Source:2)\n\tat com.segment.analytics.kotlin.core.platform.Mediator.applyClosure(Unknown Source:28)\n\tat com.segment.analytics.kotlin.core.platform.Timeline.applyClosure(Unknown Source:33)\n\tat com.segment.analytics.kotlin.core.Analytics.applyClosureToPlugins(Unknown Source:9)\n\tat com.segment.analytics.kotlin.android.plugins.AndroidLifecyclePlugin$d.invokeSuspend(Unknown Source:23)\n\tat com.segment.analytics.kotlin.android.plugins.AndroidLifecyclePlugin$d.invoke(SourceFile:2)\n\tat com.segment.analytics.kotlin.android.plugins.AndroidLifecyclePlugin$d.invoke(SourceFile:1)\n\tat com.segment.analytics.kotlin.android.plugins.AndroidLifecyclePlugin$h.invokeSuspend(Unknown Source:30)\n\tat kotlin.coroutines.jvm.internal.BaseContinuationImpl.resumeWith(Unknown Source:11)\n\tat kotlinx.coroutines.DispatchedTask.run(Unknown Source:128)\n\tat java.util.concurrent.ThreadPoolExecutor.runWorker(ThreadPoolExecutor.java:1137)\n\tat java.util.concurrent.ThreadPoolExecutor$Worker.run(ThreadPoolExecutor.java:637)\n\tat java.lang.Thread.run(Thread.java:1012)\n"
},
{
    "type": "log",
    "source": "class",
    "method": "getInstance",
    "package_name": "com.fanatics",
    "class_name": "com.appsflyer.AppsFlyerLib",
    "timestamp": 1728283832868,
    "ref": "<class: com.appsflyer.AppsFlyerLib>",
    "arguments": "{}",
    "stack_trace": "java.lang.Exception\n\tat com.appsflyer.AppsFlyerLib.getInstance(Native Method)\n\tat com.appsflyer.internal.AFj1nSDK.AFAdRevenueData(Unknown Source:5)\n\tat com.appsflyer.internal.AFb1tSDK.getRevenue(SourceFile:43)\n\tat com.appsflyer.internal.AFb1tSDK.getCurrencyIso4217Code(SourceFile:1)\n\tat com.appsflyer.internal.AFb1tSDK$AFa1uSDK.run(Unknown Source:4)\n\tat java.util.concurrent.Executors$RunnableAdapter.call(Executors.java:463)\n\tat java.util.concurrent.FutureTask.run(FutureTask.java:264)\n\tat java.util.concurrent.ScheduledThreadPoolExecutor$ScheduledFutureTask.run(ScheduledThreadPoolExecutor.java:307)\n\tat java.util.concurrent.ThreadPoolExecutor.runWorker(ThreadPoolExecutor.java:1137)\n\tat java.util.concurrent.ThreadPoolExecutor$Worker.run(ThreadPoolExecutor.java:637)\n\tat java.lang.Thread.run(Thread.java:1012)\n"
},
{
    "type": "log",
    "source": "class",
    "method": "getInstance",
    "package_name": "com.fanatics",
    "class_name": "com.google.firebase.analytics.FirebaseAnalytics",
    "timestamp": 1728283832895,
    "ref": "<class: com.google.firebase.analytics.FirebaseAnalytics>",
    "arguments": "{\"0\":\"<instance: android.content.Context, $className: com.betfanatics.fanapp.FanApplication>\"}",
    "stack_trace": "java.lang.Exception\n\tat com.google.firebase.analytics.FirebaseAnalytics.getInstance(Native Method)\n\tat java.lang.reflect.Method.invoke(Native Method)\n\tat m.tf.f(:com.google.android.gms.dynamite_measurementdynamite@243834029@24.38.34 (190400-0):47)\n\tat m.rp.ab(:com.google.android.gms.dynamite_measurementdynamite@243834029@24.38.34 (190400-0):143)\n\tat m.rp.H(:com.google.android.gms.dynamite_measurementdynamite@243834029@24.38.34 (190400-0):30)\n\tat m.sc.A(:com.google.android.gms.dynamite_measurementdynamite@243834029@24.38.34 (190400-0):183)\n\tat m.rw.run(:com.google.android.gms.dynamite_measurementdynamite@243834029@24.38.34 (190400-0):37)\n\tat java.util.concurrent.Executors$RunnableAdapter.call(Executors.java:463)\n\tat java.util.concurrent.FutureTask.run(FutureTask.java:264)\n\tat m.pl.run(:com.google.android.gms.dynamite_measurementdynamite@243834029@24.38.34 (190400-0):48)\n"
},
{
    "type": "log",
    "source": "class",
    "method": "getFirebaseInstanceId",
    "package_name": "com.fanatics",
    "class_name": "com.google.firebase.analytics.FirebaseAnalytics",
    "timestamp": 1728283832920,
    "ref": "com.google.firebase.analytics.FirebaseAnalytics@9b3919",
    "arguments": "{}",
    "stack_trace": "java.lang.Exception\n\tat com.google.firebase.analytics.FirebaseAnalytics.getFirebaseInstanceId(Native Method)\n\tat java.lang.reflect.Method.invoke(Native Method)\n\tat m.tf.f(:com.google.android.gms.dynamite_measurementdynamite@243834029@24.38.34 (190400-0):49)\n\tat m.rp.ab(:com.google.android.gms.dynamite_measurementdynamite@243834029@24.38.34 (190400-0):143)\n\tat m.rp.H(:com.google.android.gms.dynamite_measurementdynamite@243834029@24.38.34 (190400-0):30)\n\tat m.sc.A(:com.google.android.gms.dynamite_measurementdynamite@243834029@24.38.34 (190400-0):183)\n\tat m.rw.run(:com.google.android.gms.dynamite_measurementdynamite@243834029@24.38.34 (190400-0):37)\n\tat java.util.concurrent.Executors$RunnableAdapter.call(Executors.java:463)\n\tat java.util.concurrent.FutureTask.run(FutureTask.java:264)\n\tat m.pl.run(:com.google.android.gms.dynamite_measurementdynamite@243834029@24.38.34 (190400-0):48)\n"
},
{
    "type": "log",
    "source": "class",
    "method": "logEvent",
    "package_name": "com.fanatics",
    "class_name": "com.google.firebase.analytics.FirebaseAnalytics",
    "timestamp": 1728283833850,
    "ref": "com.google.firebase.analytics.FirebaseAnalytics@9b3919",
    "arguments": "{\"0\":\"welcome_back_cta_tapped\",\"1\":\"<instance: android.os.Bundle>\"}",
    "stack_trace": "java.lang.Exception\n\tat com.google.firebase.analytics.FirebaseAnalytics.logEvent(Native Method)\n\tat com.segment.analytics.kotlin.destinations.firebase.FirebaseDestination.track(Unknown Source:35)\n\tat com.segment.analytics.kotlin.core.platform.DestinationPlugin.process(Unknown Source:44)\n\tat com.segment.analytics.kotlin.core.platform.DestinationPlugin.execute(Unknown Source:5)\n\tat com.segment.analytics.kotlin.core.platform.Mediator.execute(Unknown Source:45)\n\tat com.segment.analytics.kotlin.core.platform.Timeline.applyPlugins(SourceFile:3)\n\tat com.segment.analytics.kotlin.core.platform.Timeline.applyPlugins(SourceFile:2)\n\tat com.segment.analytics.kotlin.core.platform.Timeline.process(Unknown Source:27)\n\tat com.segment.analytics.kotlin.core.Analytics$h.invokeSuspend(Unknown Source:85)\n\tat kotlin.coroutines.jvm.internal.BaseContinuationImpl.resumeWith(Unknown Source:11)\n\tat kotlinx.coroutines.DispatchedTask.run(Unknown Source:128)\n\tat java.util.concurrent.ThreadPoolExecutor.runWorker(ThreadPoolExecutor.java:1137)\n\tat java.util.concurrent.ThreadPoolExecutor$Worker.run(ThreadPoolExecutor.java:637)\n\tat java.lang.Thread.run(Thread.java:1012)\n"
},
{
    "type": "log",
    "source": "class",
    "method": "getInstance",
    "package_name": "com.fanatics",
    "class_name": "com.appsflyer.AppsFlyerLib",
    "timestamp": 1728283833917,
    "ref": "<class: com.appsflyer.AppsFlyerLib>",
    "arguments": "{}",
    "stack_trace": "java.lang.Exception\n\tat com.appsflyer.AppsFlyerLib.getInstance(Native Method)\n\tat com.appsflyer.internal.AFj1nSDK.AFAdRevenueData(Unknown Source:5)\n\tat com.appsflyer.internal.AFb1tSDK.getRevenue(SourceFile:44)\n\tat com.appsflyer.internal.AFb1tSDK.getCurrencyIso4217Code(SourceFile:1)\n\tat com.appsflyer.internal.AFb1tSDK$AFa1uSDK.run(Unknown Source:4)\n\tat java.util.concurrent.Executors$RunnableAdapter.call(Executors.java:463)\n\tat java.util.concurrent.FutureTask.run(FutureTask.java:264)\n\tat java.util.concurrent.ScheduledThreadPoolExecutor$ScheduledFutureTask.run(ScheduledThreadPoolExecutor.java:307)\n\tat java.util.concurrent.ThreadPoolExecutor.runWorker(ThreadPoolExecutor.java:1137)\n\tat java.util.concurrent.ThreadPoolExecutor$Worker.run(ThreadPoolExecutor.java:637)\n\tat java.lang.Thread.run(Thread.java:1012)\n"
},
{
    "type": "log",
    "source": "class",
    "method": "getInstance",
    "package_name": "com.fanatics",
    "class_name": "com.google.firebase.analytics.FirebaseAnalytics",
    "timestamp": 1728283833936,
    "ref": "<class: com.google.firebase.analytics.FirebaseAnalytics>",
    "arguments": "{\"0\":\"<instance: android.content.Context, $className: com.betfanatics.fanapp.FanApplication>\"}",
    "stack_trace": "java.lang.Exception\n\tat com.google.firebase.analytics.FirebaseAnalytics.getInstance(Native Method)\n\tat java.lang.reflect.Method.invoke(Native Method)\n\tat m.tf.f(:com.google.android.gms.dynamite_measurementdynamite@243834029@24.38.34 (190400-0):47)\n\tat m.rp.ab(:com.google.android.gms.dynamite_measurementdynamite@243834029@24.38.34 (190400-0):143)\n\tat m.qu.run(:com.google.android.gms.dynamite_measurementdynamite@243834029@24.38.34 (190400-0):17)\n\tat java.util.concurrent.Executors$RunnableAdapter.call(Executors.java:463)\n\tat java.util.concurrent.FutureTask.run(FutureTask.java:264)\n\tat m.pl.run(:com.google.android.gms.dynamite_measurementdynamite@243834029@24.38.34 (190400-0):48)\n"
},
{
    "type": "log",
    "source": "class",
    "method": "getFirebaseInstanceId",
    "package_name": "com.fanatics",
    "class_name": "com.google.firebase.analytics.FirebaseAnalytics",
    "timestamp": 1728283833944,
    "ref": "com.google.firebase.analytics.FirebaseAnalytics@9b3919",
    "arguments": "{}",
    "stack_trace": "java.lang.Exception\n\tat com.google.firebase.analytics.FirebaseAnalytics.getFirebaseInstanceId(Native Method)\n\tat java.lang.reflect.Method.invoke(Native Method)\n\tat m.tf.f(:com.google.android.gms.dynamite_measurementdynamite@243834029@24.38.34 (190400-0):49)\n\tat m.rp.ab(:com.google.android.gms.dynamite_measurementdynamite@243834029@24.38.34 (190400-0):143)\n\tat m.qu.run(:com.google.android.gms.dynamite_measurementdynamite@243834029@24.38.34 (190400-0):17)\n\tat java.util.concurrent.Executors$RunnableAdapter.call(Executors.java:463)\n\tat java.util.concurrent.FutureTask.run(FutureTask.java:264)\n\tat m.pl.run(:com.google.android.gms.dynamite_measurementdynamite@243834029@24.38.34 (190400-0):48)\n"
},
{
    "type": "log",
    "source": "class",
    "method": "getInstance",
    "package_name": "com.fanatics",
    "class_name": "com.appsflyer.AppsFlyerLib",
    "timestamp": 1728283835198,
    "ref": "<class: com.appsflyer.AppsFlyerLib>",
    "arguments": "{}",
    "stack_trace": "java.lang.Exception\n\tat com.appsflyer.AppsFlyerLib.getInstance(Native Method)\n\tat com.appsflyer.internal.AFg1lSDK.getMediationNetwork(Unknown Source:0)\n\tat com.appsflyer.internal.AFg1eSDK.getCurrencyIso4217Code(SourceFile:28)\n\tat com.appsflyer.internal.AFg1eSDK.getMediationNetwork(SourceFile:24)\n\tat com.appsflyer.internal.AFf1gSDK.AFAdRevenueData(SourceFile:31)\n\tat com.appsflyer.internal.AFf1gSDK.getRevenue(Unknown Source:5)\n\tat com.appsflyer.internal.AFf1gSDK.AFAdRevenueData(SourceFile:1)\n\tat com.appsflyer.internal.AFf1oSDK.getMediationNetwork(SourceFile:6)\n\tat com.appsflyer.internal.AFe1aSDK$5.run(Unknown Source:165)\n\tat java.util.concurrent.ThreadPoolExecutor.runWorker(ThreadPoolExecutor.java:1137)\n\tat java.util.concurrent.ThreadPoolExecutor$Worker.run(ThreadPoolExecutor.java:637)\n\tat java.lang.Thread.run(Thread.java:1012)\n"
},
{
    "type": "log",
    "source": "class",
    "method": "logEvent",
    "package_name": "com.fanatics",
    "class_name": "com.google.firebase.analytics.FirebaseAnalytics",
    "timestamp": 1728283835923,
    "ref": "com.google.firebase.analytics.FirebaseAnalytics@9b3919",
    "arguments": "{\"0\":\"screen_view\",\"1\":\"<instance: android.os.Bundle>\"}",
    "stack_trace": "java.lang.Exception\n\tat com.google.firebase.analytics.FirebaseAnalytics.logEvent(Native Method)\n\tat com.segment.analytics.kotlin.destinations.firebase.FirebaseDestination.screen(Unknown Source:51)\n\tat com.segment.analytics.kotlin.core.platform.DestinationPlugin.process(Unknown Source:66)\n\tat com.segment.analytics.kotlin.core.platform.DestinationPlugin.execute(Unknown Source:5)\n\tat com.segment.analytics.kotlin.core.platform.Mediator.execute(Unknown Source:45)\n\tat com.segment.analytics.kotlin.core.platform.Timeline.applyPlugins(SourceFile:3)\n\tat com.segment.analytics.kotlin.core.platform.Timeline.applyPlugins(SourceFile:2)\n\tat com.segment.analytics.kotlin.core.platform.Timeline.process(Unknown Source:27)\n\tat com.segment.analytics.kotlin.core.Analytics$h.invokeSuspend(Unknown Source:85)\n\tat kotlin.coroutines.jvm.internal.BaseContinuationImpl.resumeWith(Unknown Source:11)\n\tat kotlinx.coroutines.DispatchedTask.run(Unknown Source:128)\n\tat java.util.concurrent.ThreadPoolExecutor.runWorker(ThreadPoolExecutor.java:1137)\n\tat java.util.concurrent.ThreadPoolExecutor$Worker.run(ThreadPoolExecutor.java:637)\n\tat java.lang.Thread.run(Thread.java:1012)\n"
},
{
    "type": "log",
    "source": "class",
    "method": "getInstance",
    "package_name": "com.fanatics",
    "class_name": "com.google.firebase.analytics.FirebaseAnalytics",
    "timestamp": 1728283836038,
    "ref": "<class: com.google.firebase.analytics.FirebaseAnalytics>",
    "arguments": "{\"0\":\"<instance: android.content.Context, $className: com.betfanatics.fanapp.FanApplication>\"}",
    "stack_trace": "java.lang.Exception\n\tat com.google.firebase.analytics.FirebaseAnalytics.getInstance(Native Method)\n\tat java.lang.reflect.Method.invoke(Native Method)\n\tat m.tf.f(:com.google.android.gms.dynamite_measurementdynamite@243834029@24.38.34 (190400-0):47)\n\tat m.rp.ab(:com.google.android.gms.dynamite_measurementdynamite@243834029@24.38.34 (190400-0):143)\n\tat m.rp.H(:com.google.android.gms.dynamite_measurementdynamite@243834029@24.38.34 (190400-0):30)\n\tat m.sc.A(:com.google.android.gms.dynamite_measurementdynamite@243834029@24.38.34 (190400-0):183)\n\tat m.rw.run(:com.google.android.gms.dynamite_measurementdynamite@243834029@24.38.34 (190400-0):37)\n\tat java.util.concurrent.Executors$RunnableAdapter.call(Executors.java:463)\n\tat java.util.concurrent.FutureTask.run(FutureTask.java:264)\n\tat m.pl.run(:com.google.android.gms.dynamite_measurementdynamite@243834029@24.38.34 (190400-0):48)\n"
},
{
    "type": "log",
    "source": "class",
    "method": "getFirebaseInstanceId",
    "package_name": "com.fanatics",
    "class_name": "com.google.firebase.analytics.FirebaseAnalytics",
    "timestamp": 1728283836049,
    "ref": "com.google.firebase.analytics.FirebaseAnalytics@9b3919",
    "arguments": "{}",
    "stack_trace": "java.lang.Exception\n\tat com.google.firebase.analytics.FirebaseAnalytics.getFirebaseInstanceId(Native Method)\n\tat java.lang.reflect.Method.invoke(Native Method)\n\tat m.tf.f(:com.google.android.gms.dynamite_measurementdynamite@243834029@24.38.34 (190400-0):49)\n\tat m.rp.ab(:com.google.android.gms.dynamite_measurementdynamite@243834029@24.38.34 (190400-0):143)\n\tat m.rp.H(:com.google.android.gms.dynamite_measurementdynamite@243834029@24.38.34 (190400-0):30)\n\tat m.sc.A(:com.google.android.gms.dynamite_measurementdynamite@243834029@24.38.34 (190400-0):183)\n\tat m.rw.run(:com.google.android.gms.dynamite_measurementdynamite@243834029@24.38.34 (190400-0):37)\n\tat java.util.concurrent.Executors$RunnableAdapter.call(Executors.java:463)\n\tat java.util.concurrent.FutureTask.run(FutureTask.java:264)\n\tat m.pl.run(:com.google.android.gms.dynamite_measurementdynamite@243834029@24.38.34 (190400-0):48)\n"
},
{
    "type": "log",
    "source": "class",
    "method": "getInstance",
    "package_name": "com.fanatics",
    "class_name": "com.appsflyer.AppsFlyerLib",
    "timestamp": 1728283836879,
    "ref": "<class: com.appsflyer.AppsFlyerLib>",
    "arguments": "{}",
    "stack_trace": "java.lang.Exception\n\tat com.appsflyer.AppsFlyerLib.getInstance(Native Method)\n\tat com.appsflyer.internal.AFg1lSDK.getMediationNetwork(Unknown Source:0)\n\tat com.appsflyer.internal.AFg1eSDK.getCurrencyIso4217Code(SourceFile:28)\n\tat com.appsflyer.internal.AFg1eSDK.getMediationNetwork(SourceFile:24)\n\tat com.appsflyer.internal.AFf1gSDK.AFAdRevenueData(SourceFile:31)\n\tat com.appsflyer.internal.AFf1gSDK.getRevenue(Unknown Source:5)\n\tat com.appsflyer.internal.AFf1dSDK.getRevenue(Unknown Source:0)\n\tat com.appsflyer.internal.AFf1gSDK.AFAdRevenueData(SourceFile:1)\n\tat com.appsflyer.internal.AFf1oSDK.getMediationNetwork(SourceFile:6)\n\tat com.appsflyer.internal.AFe1aSDK$5.run(Unknown Source:165)\n\tat java.util.concurrent.ThreadPoolExecutor.runWorker(ThreadPoolExecutor.java:1137)\n\tat java.util.concurrent.ThreadPoolExecutor$Worker.run(ThreadPoolExecutor.java:637)\n\tat java.lang.Thread.run(Thread.java:1012)\n"
},
{
    "type": "log",
    "source": "class",
    "method": "getInstance",
    "package_name": "com.fanatics",
    "class_name": "com.appsflyer.AppsFlyerLib",
    "timestamp": 1728283837823,
    "ref": "<class: com.appsflyer.AppsFlyerLib>",
    "arguments": "{}",
    "stack_trace": "java.lang.Exception\n\tat com.appsflyer.AppsFlyerLib.getInstance(Native Method)\n\tat com.appsflyer.internal.AFg1lSDK.getMediationNetwork(Unknown Source:0)\n\tat com.appsflyer.internal.AFg1eSDK.getCurrencyIso4217Code(SourceFile:28)\n\tat com.appsflyer.internal.AFg1eSDK.getMediationNetwork(SourceFile:24)\n\tat com.appsflyer.internal.AFf1gSDK.AFAdRevenueData(SourceFile:31)\n\tat com.appsflyer.internal.AFf1gSDK.getRevenue(Unknown Source:5)\n\tat com.appsflyer.internal.AFf1gSDK.AFAdRevenueData(SourceFile:1)\n\tat com.appsflyer.internal.AFf1oSDK.getMediationNetwork(SourceFile:6)\n\tat com.appsflyer.internal.AFe1aSDK$5.run(Unknown Source:165)\n\tat java.util.concurrent.ThreadPoolExecutor.runWorker(ThreadPoolExecutor.java:1137)\n\tat java.util.concurrent.ThreadPoolExecutor$Worker.run(ThreadPoolExecutor.java:637)\n\tat java.lang.Thread.run(Thread.java:1012)\n"
},
{
    "type": "log",
    "source": "class",
    "method": "getInstance",
    "package_name": "com.fanatics",
    "class_name": "com.appsflyer.AppsFlyerLib",
    "timestamp": 1728283837824,
    "ref": "<class: com.appsflyer.AppsFlyerLib>",
    "arguments": "{}",
    "stack_trace": "java.lang.Exception\n\tat com.appsflyer.AppsFlyerLib.getInstance(Native Method)\n\tat com.appsflyer.internal.AFg1lSDK.getMediationNetwork(Unknown Source:0)\n\tat com.appsflyer.internal.AFg1eSDK.getCurrencyIso4217Code(SourceFile:28)\n\tat com.appsflyer.internal.AFg1eSDK.getMediationNetwork(SourceFile:24)\n\tat com.appsflyer.internal.AFf1gSDK.AFAdRevenueData(SourceFile:31)\n\tat com.appsflyer.internal.AFf1gSDK.getRevenue(Unknown Source:5)\n\tat com.appsflyer.internal.AFf1gSDK.AFAdRevenueData(SourceFile:1)\n\tat com.appsflyer.internal.AFf1oSDK.getMonetizationNetwork(Unknown Source:50)\n\tat com.appsflyer.internal.AFf1wSDK.component4(Unknown Source:24)\n\tat com.appsflyer.internal.AFe1aSDK$2.run(Unknown Source:107)\n\tat java.util.concurrent.Executors$RunnableAdapter.call(Executors.java:463)\n\tat java.util.concurrent.FutureTask.run(FutureTask.java:264)\n\tat java.util.concurrent.ThreadPoolExecutor.runWorker(ThreadPoolExecutor.java:1137)\n\tat java.util.concurrent.ThreadPoolExecutor$Worker.run(ThreadPoolExecutor.java:637)\n\tat java.lang.Thread.run(Thread.java:1012)\n"
},
{
    "type": "log",
    "source": "class",
    "method": "getInstance",
    "package_name": "com.fanatics",
    "class_name": "com.appsflyer.AppsFlyerLib",
    "timestamp": 1728283837831,
    "ref": "<class: com.appsflyer.AppsFlyerLib>",
    "arguments": "{}",
    "stack_trace": "java.lang.Exception\n\tat com.appsflyer.AppsFlyerLib.getInstance(Native Method)\n\tat com.appsflyer.internal.AFj1nSDK.AFAdRevenueData(Unknown Source:5)\n\tat com.appsflyer.internal.AFf1hSDK.AFAdRevenueData(SourceFile:70)\n\tat com.appsflyer.internal.AFf1oSDK.getMonetizationNetwork(Unknown Source:50)\n\tat com.appsflyer.internal.AFf1hSDK.getMonetizationNetwork(Unknown Source:8)\n\tat com.appsflyer.internal.AFf1wSDK.component4(Unknown Source:24)\n\tat com.appsflyer.internal.AFe1aSDK$2.run(Unknown Source:107)\n\tat java.util.concurrent.Executors$RunnableAdapter.call(Executors.java:463)\n\tat java.util.concurrent.FutureTask.run(FutureTask.java:264)\n\tat java.util.concurrent.ThreadPoolExecutor.runWorker(ThreadPoolExecutor.java:1137)\n\tat java.util.concurrent.ThreadPoolExecutor$Worker.run(ThreadPoolExecutor.java:637)\n\tat java.lang.Thread.run(Thread.java:1012)\n"
},
{
    "type": "log",
    "source": "class",
    "method": "getInstance",
    "package_name": "com.fanatics",
    "class_name": "com.google.firebase.analytics.FirebaseAnalytics",
    "timestamp": 1728283838200,
    "ref": "<class: com.google.firebase.analytics.FirebaseAnalytics>",
    "arguments": "{\"0\":\"<instance: android.content.Context, $className: com.betfanatics.fanapp.FanApplication>\"}",
    "stack_trace": "java.lang.Exception\n\tat com.google.firebase.analytics.FirebaseAnalytics.getInstance(Native Method)\n\tat java.lang.reflect.Method.invoke(Native Method)\n\tat m.tf.f(:com.google.android.gms.dynamite_measurementdynamite@243834029@24.38.34 (190400-0):47)\n\tat m.rp.ab(:com.google.android.gms.dynamite_measurementdynamite@243834029@24.38.34 (190400-0):143)\n\tat m.rp.H(:com.google.android.gms.dynamite_measurementdynamite@243834029@24.38.34 (190400-0):30)\n\tat m.rp.G(:com.google.android.gms.dynamite_measurementdynamite@243834029@24.38.34 (190400-0):15)\n\tat m.tm.c(:com.google.android.gms.dynamite_measurementdynamite@243834029@24.38.34 (190400-0):138)\n\tat m.to.q(:com.google.android.gms.dynamite_measurementdynamite@243834029@24.38.34 (190400-0):3)\n\tat m.sc.C(:com.google.android.gms.dynamite_measurementdynamite@243834029@24.38.34 (190400-0):26)\n\tat m.sa.run(:com.google.android.gms.dynamite_measurementdynamite@243834029@24.38.34 (190400-0):8)\n\tat java.util.concurrent.Executors$RunnableAdapter.call(Executors.java:463)\n\tat java.util.concurrent.FutureTask.run(FutureTask.java:264)\n\tat m.pl.run(:com.google.android.gms.dynamite_measurementdynamite@243834029@24.38.34 (190400-0):48)\n"
},
{
    "type": "log",
    "source": "class",
    "method": "getFirebaseInstanceId",
    "package_name": "com.fanatics",
    "class_name": "com.google.firebase.analytics.FirebaseAnalytics",
    "timestamp": 1728283838208,
    "ref": "com.google.firebase.analytics.FirebaseAnalytics@9b3919",
    "arguments": "{}",
    "stack_trace": "java.lang.Exception\n\tat com.google.firebase.analytics.FirebaseAnalytics.getFirebaseInstanceId(Native Method)\n\tat java.lang.reflect.Method.invoke(Native Method)\n\tat m.tf.f(:com.google.android.gms.dynamite_measurementdynamite@243834029@24.38.34 (190400-0):49)\n\tat m.rp.ab(:com.google.android.gms.dynamite_measurementdynamite@243834029@24.38.34 (190400-0):143)\n\tat m.rp.H(:com.google.android.gms.dynamite_measurementdynamite@243834029@24.38.34 (190400-0):30)\n\tat m.rp.G(:com.google.android.gms.dynamite_measurementdynamite@243834029@24.38.34 (190400-0):15)\n\tat m.tm.c(:com.google.android.gms.dynamite_measurementdynamite@243834029@24.38.34 (190400-0):138)\n\tat m.to.q(:com.google.android.gms.dynamite_measurementdynamite@243834029@24.38.34 (190400-0):3)\n\tat m.sc.C(:com.google.android.gms.dynamite_measurementdynamite@243834029@24.38.34 (190400-0):26)\n\tat m.sa.run(:com.google.android.gms.dynamite_measurementdynamite@243834029@24.38.34 (190400-0):8)\n\tat java.util.concurrent.Executors$RunnableAdapter.call(Executors.java:463)\n\tat java.util.concurrent.FutureTask.run(FutureTask.java:264)\n\tat m.pl.run(:com.google.android.gms.dynamite_measurementdynamite@243834029@24.38.34 (190400-0):48)\n"
},
{
    "type": "log",
    "source": "class",
    "method": "logEvent",
    "package_name": "com.fanatics",
    "class_name": "com.google.firebase.analytics.FirebaseAnalytics",
    "timestamp": 1728283839415,
    "ref": "com.google.firebase.analytics.FirebaseAnalytics@9b3919",
    "arguments": "{\"0\":\"screen_view\",\"1\":\"<instance: android.os.Bundle>\"}",
    "stack_trace": "java.lang.Exception\n\tat com.google.firebase.analytics.FirebaseAnalytics.logEvent(Native Method)\n\tat com.segment.analytics.kotlin.destinations.firebase.FirebaseDestination.onActivityResumed(Unknown Source:56)\n\tat com.segment.analytics.kotlin.android.plugins.AndroidLifecyclePlugin$d$a.a(Unknown Source:8)\n\tat com.segment.analytics.kotlin.android.plugins.AndroidLifecyclePlugin$d$a.invoke(Unknown Source:2)\n\tat com.segment.analytics.kotlin.core.platform.Mediator.applyClosure(Unknown Source:28)\n\tat com.segment.analytics.kotlin.core.platform.Timeline.applyClosure(Unknown Source:33)\n\tat com.segment.analytics.kotlin.core.Analytics.applyClosureToPlugins(Unknown Source:9)\n\tat com.segment.analytics.kotlin.android.plugins.AndroidLifecyclePlugin$d.invokeSuspend(Unknown Source:23)\n\tat com.segment.analytics.kotlin.android.plugins.AndroidLifecyclePlugin$d.invoke(SourceFile:2)\n\tat com.segment.analytics.kotlin.android.plugins.AndroidLifecyclePlugin$d.invoke(SourceFile:1)\n\tat com.segment.analytics.kotlin.android.plugins.AndroidLifecyclePlugin$h.invokeSuspend(Unknown Source:30)\n\tat kotlin.coroutines.jvm.internal.BaseContinuationImpl.resumeWith(Unknown Source:11)\n\tat kotlinx.coroutines.DispatchedTask.run(Unknown Source:128)\n\tat java.util.concurrent.ThreadPoolExecutor.runWorker(ThreadPoolExecutor.java:1137)\n\tat java.util.concurrent.ThreadPoolExecutor$Worker.run(ThreadPoolExecutor.java:637)\n\tat java.lang.Thread.run(Thread.java:1012)\n"
},
{
    "type": "log",
    "source": "class",
    "method": "logEvent",
    "package_name": "com.fanatics",
    "class_name": "com.google.firebase.analytics.FirebaseAnalytics",
    "timestamp": 1728283839464,
    "ref": "com.google.firebase.analytics.FirebaseAnalytics@9b3919",
    "arguments": "{\"0\":\"notification_status\",\"1\":\"<instance: android.os.Bundle>\"}",
    "stack_trace": "java.lang.Exception\n\tat com.google.firebase.analytics.FirebaseAnalytics.logEvent(Native Method)\n\tat com.segment.analytics.kotlin.destinations.firebase.FirebaseDestination.track(Unknown Source:35)\n\tat com.segment.analytics.kotlin.core.platform.DestinationPlugin.process(Unknown Source:44)\n\tat com.segment.analytics.kotlin.core.platform.DestinationPlugin.execute(Unknown Source:5)\n\tat com.segment.analytics.kotlin.core.platform.Mediator.execute(Unknown Source:45)\n\tat com.segment.analytics.kotlin.core.platform.Timeline.applyPlugins(SourceFile:3)\n\tat com.segment.analytics.kotlin.core.platform.Timeline.applyPlugins(SourceFile:2)\n\tat com.segment.analytics.kotlin.core.platform.Timeline.process(Unknown Source:27)\n\tat com.segment.analytics.kotlin.core.Analytics$h.invokeSuspend(Unknown Source:85)\n\tat kotlin.coroutines.jvm.internal.BaseContinuationImpl.resumeWith(Unknown Source:11)\n\tat kotlinx.coroutines.DispatchedTask.run(Unknown Source:128)\n\tat java.util.concurrent.ThreadPoolExecutor.runWorker(ThreadPoolExecutor.java:1137)\n\tat java.util.concurrent.ThreadPoolExecutor$Worker.run(ThreadPoolExecutor.java:637)\n\tat java.lang.Thread.run(Thread.java:1012)\n"
},
{
    "type": "log",
    "source": "class",
    "method": "logEvent",
    "package_name": "com.fanatics",
    "class_name": "com.google.firebase.analytics.FirebaseAnalytics",
    "timestamp": 1728283839592,
    "ref": "com.google.firebase.analytics.FirebaseAnalytics@9b3919",
    "arguments": "{\"0\":\"screen_view\",\"1\":\"<instance: android.os.Bundle>\"}",
    "stack_trace": "java.lang.Exception\n\tat com.google.firebase.analytics.FirebaseAnalytics.logEvent(Native Method)\n\tat com.segment.analytics.kotlin.destinations.firebase.FirebaseDestination.screen(Unknown Source:51)\n\tat com.segment.analytics.kotlin.core.platform.DestinationPlugin.process(Unknown Source:66)\n\tat com.segment.analytics.kotlin.core.platform.DestinationPlugin.execute(Unknown Source:5)\n\tat com.segment.analytics.kotlin.core.platform.Mediator.execute(Unknown Source:45)\n\tat com.segment.analytics.kotlin.core.platform.Timeline.applyPlugins(SourceFile:3)\n\tat com.segment.analytics.kotlin.core.platform.Timeline.applyPlugins(SourceFile:2)\n\tat com.segment.analytics.kotlin.core.platform.Timeline.process(Unknown Source:27)\n\tat com.segment.analytics.kotlin.core.Analytics$h.invokeSuspend(Unknown Source:85)\n\tat kotlin.coroutines.jvm.internal.BaseContinuationImpl.resumeWith(Unknown Source:11)\n\tat kotlinx.coroutines.DispatchedTask.run(Unknown Source:128)\n\tat java.util.concurrent.ThreadPoolExecutor.runWorker(ThreadPoolExecutor.java:1137)\n\tat java.util.concurrent.ThreadPoolExecutor$Worker.run(ThreadPoolExecutor.java:637)\n\tat java.lang.Thread.run(Thread.java:1012)\n"
},
{
    "type": "log",
    "source": "class",
    "method": "getInstance",
    "package_name": "com.fanatics",
    "class_name": "com.appsflyer.AppsFlyerLib",
    "timestamp": 1728283839599,
    "ref": "<class: com.appsflyer.AppsFlyerLib>",
    "arguments": "{}",
    "stack_trace": "java.lang.Exception\n\tat com.appsflyer.AppsFlyerLib.getInstance(Native Method)\n\tat com.appsflyer.internal.AFj1nSDK.AFAdRevenueData(Unknown Source:5)\n\tat com.appsflyer.internal.AFb1tSDK.getRevenue(SourceFile:44)\n\tat com.appsflyer.internal.AFb1tSDK.getCurrencyIso4217Code(SourceFile:1)\n\tat com.appsflyer.internal.AFb1tSDK$AFa1uSDK.run(Unknown Source:4)\n\tat java.util.concurrent.Executors$RunnableAdapter.call(Executors.java:463)\n\tat java.util.concurrent.FutureTask.run(FutureTask.java:264)\n\tat java.util.concurrent.ScheduledThreadPoolExecutor$ScheduledFutureTask.run(ScheduledThreadPoolExecutor.java:307)\n\tat java.util.concurrent.ThreadPoolExecutor.runWorker(ThreadPoolExecutor.java:1137)\n\tat java.util.concurrent.ThreadPoolExecutor$Worker.run(ThreadPoolExecutor.java:637)\n\tat java.lang.Thread.run(Thread.java:1012)\n"
},
{
    "type": "log",
    "source": "class",
    "method": "getInstance",
    "package_name": "com.fanatics",
    "class_name": "com.appsflyer.AppsFlyerLib",
    "timestamp": 1728283839608,
    "ref": "<class: com.appsflyer.AppsFlyerLib>",
    "arguments": "{}",
    "stack_trace": "java.lang.Exception\n\tat com.appsflyer.AppsFlyerLib.getInstance(Native Method)\n\tat com.appsflyer.internal.AFj1nSDK.AFAdRevenueData(Unknown Source:5)\n\tat com.appsflyer.internal.AFb1tSDK.getRevenue(SourceFile:43)\n\tat com.appsflyer.internal.AFb1tSDK.getCurrencyIso4217Code(SourceFile:1)\n\tat com.appsflyer.internal.AFb1tSDK$AFa1uSDK.run(Unknown Source:4)\n\tat java.util.concurrent.Executors$RunnableAdapter.call(Executors.java:463)\n\tat java.util.concurrent.FutureTask.run(FutureTask.java:264)\n\tat java.util.concurrent.ScheduledThreadPoolExecutor$ScheduledFutureTask.run(ScheduledThreadPoolExecutor.java:307)\n\tat java.util.concurrent.ThreadPoolExecutor.runWorker(ThreadPoolExecutor.java:1137)\n\tat java.util.concurrent.ThreadPoolExecutor$Worker.run(ThreadPoolExecutor.java:637)\n\tat java.lang.Thread.run(Thread.java:1012)\n"
},
{
    "type": "log",
    "source": "class",
    "method": "getInstance",
    "package_name": "com.fanatics",
    "class_name": "com.google.firebase.analytics.FirebaseAnalytics",
    "timestamp": 1728283839663,
    "ref": "<class: com.google.firebase.analytics.FirebaseAnalytics>",
    "arguments": "{\"0\":\"<instance: android.content.Context, $className: com.betfanatics.fanapp.FanApplication>\"}",
    "stack_trace": "java.lang.Exception\n\tat com.google.firebase.analytics.FirebaseAnalytics.getInstance(Native Method)\n\tat java.lang.reflect.Method.invoke(Native Method)\n\tat m.tf.f(:com.google.android.gms.dynamite_measurementdynamite@243834029@24.38.34 (190400-0):47)\n\tat m.rp.ab(:com.google.android.gms.dynamite_measurementdynamite@243834029@24.38.34 (190400-0):143)\n\tat m.rp.H(:com.google.android.gms.dynamite_measurementdynamite@243834029@24.38.34 (190400-0):30)\n\tat m.sc.A(:com.google.android.gms.dynamite_measurementdynamite@243834029@24.38.34 (190400-0):183)\n\tat m.rw.run(:com.google.android.gms.dynamite_measurementdynamite@243834029@24.38.34 (190400-0):37)\n\tat java.util.concurrent.Executors$RunnableAdapter.call(Executors.java:463)\n\tat java.util.concurrent.FutureTask.run(FutureTask.java:264)\n\tat m.pl.run(:com.google.android.gms.dynamite_measurementdynamite@243834029@24.38.34 (190400-0):48)\n"
},
{
    "type": "log",
    "source": "class",
    "method": "getFirebaseInstanceId",
    "package_name": "com.fanatics",
    "class_name": "com.google.firebase.analytics.FirebaseAnalytics",
    "timestamp": 1728283839684,
    "ref": "com.google.firebase.analytics.FirebaseAnalytics@9b3919",
    "arguments": "{}",
    "stack_trace": "java.lang.Exception\n\tat com.google.firebase.analytics.FirebaseAnalytics.getFirebaseInstanceId(Native Method)\n\tat java.lang.reflect.Method.invoke(Native Method)\n\tat m.tf.f(:com.google.android.gms.dynamite_measurementdynamite@243834029@24.38.34 (190400-0):49)\n\tat m.rp.ab(:com.google.android.gms.dynamite_measurementdynamite@243834029@24.38.34 (190400-0):143)\n\tat m.rp.H(:com.google.android.gms.dynamite_measurementdynamite@243834029@24.38.34 (190400-0):30)\n\tat m.sc.A(:com.google.android.gms.dynamite_measurementdynamite@243834029@24.38.34 (190400-0):183)\n\tat m.rw.run(:com.google.android.gms.dynamite_measurementdynamite@243834029@24.38.34 (190400-0):37)\n\tat java.util.concurrent.Executors$RunnableAdapter.call(Executors.java:463)\n\tat java.util.concurrent.FutureTask.run(FutureTask.java:264)\n\tat m.pl.run(:com.google.android.gms.dynamite_measurementdynamite@243834029@24.38.34 (190400-0):48)\n"
},
{
    "type": "log",
    "source": "class",
    "method": "getInstance",
    "package_name": "com.fanatics",
    "class_name": "com.google.firebase.analytics.FirebaseAnalytics",
    "timestamp": 1728283840056,
    "ref": "<class: com.google.firebase.analytics.FirebaseAnalytics>",
    "arguments": "{\"0\":\"<instance: android.content.Context, $className: com.betfanatics.fanapp.FanApplication>\"}",
    "stack_trace": "java.lang.Exception\n\tat com.google.firebase.analytics.FirebaseAnalytics.getInstance(Native Method)\n\tat java.lang.reflect.Method.invoke(Native Method)\n\tat m.tf.f(:com.google.android.gms.dynamite_measurementdynamite@243834029@24.38.34 (190400-0):47)\n\tat m.rp.ab(:com.google.android.gms.dynamite_measurementdynamite@243834029@24.38.34 (190400-0):143)\n\tat m.qu.run(:com.google.android.gms.dynamite_measurementdynamite@243834029@24.38.34 (190400-0):17)\n\tat java.util.concurrent.Executors$RunnableAdapter.call(Executors.java:463)\n\tat java.util.concurrent.FutureTask.run(FutureTask.java:264)\n\tat m.pl.run(:com.google.android.gms.dynamite_measurementdynamite@243834029@24.38.34 (190400-0):48)\n"
},
{
    "type": "log",
    "source": "class",
    "method": "getFirebaseInstanceId",
    "package_name": "com.fanatics",
    "class_name": "com.google.firebase.analytics.FirebaseAnalytics",
    "timestamp": 1728283840068,
    "ref": "com.google.firebase.analytics.FirebaseAnalytics@9b3919",
    "arguments": "{}",
    "stack_trace": "java.lang.Exception\n\tat com.google.firebase.analytics.FirebaseAnalytics.getFirebaseInstanceId(Native Method)\n\tat java.lang.reflect.Method.invoke(Native Method)\n\tat m.tf.f(:com.google.android.gms.dynamite_measurementdynamite@243834029@24.38.34 (190400-0):49)\n\tat m.rp.ab(:com.google.android.gms.dynamite_measurementdynamite@243834029@24.38.34 (190400-0):143)\n\tat m.qu.run(:com.google.android.gms.dynamite_measurementdynamite@243834029@24.38.34 (190400-0):17)\n\tat java.util.concurrent.Executors$RunnableAdapter.call(Executors.java:463)\n\tat java.util.concurrent.FutureTask.run(FutureTask.java:264)\n\tat m.pl.run(:com.google.android.gms.dynamite_measurementdynamite@243834029@24.38.34 (190400-0):48)\n"
},
{
    "type": "log",
    "source": "class",
    "method": "getInstance",
    "package_name": "com.fanatics",
    "class_name": "com.appsflyer.AppsFlyerLib",
    "timestamp": 1728283840263,
    "ref": "<class: com.appsflyer.AppsFlyerLib>",
    "arguments": "{}",
    "stack_trace": "java.lang.Exception\n\tat com.appsflyer.AppsFlyerLib.getInstance(Native Method)\n\tat com.appsflyer.internal.AFg1lSDK.getMediationNetwork(Unknown Source:0)\n\tat com.appsflyer.internal.AFg1eSDK.getCurrencyIso4217Code(SourceFile:28)\n\tat com.appsflyer.internal.AFg1eSDK.getMediationNetwork(SourceFile:24)\n\tat com.appsflyer.internal.AFf1gSDK.AFAdRevenueData(SourceFile:31)\n\tat com.appsflyer.internal.AFf1gSDK.getRevenue(Unknown Source:5)\n\tat com.appsflyer.internal.AFf1gSDK.AFAdRevenueData(SourceFile:1)\n\tat com.appsflyer.internal.AFf1oSDK.getMediationNetwork(SourceFile:6)\n\tat com.appsflyer.internal.AFe1aSDK$5.run(Unknown Source:165)\n\tat java.util.concurrent.ThreadPoolExecutor.runWorker(ThreadPoolExecutor.java:1137)\n\tat java.util.concurrent.ThreadPoolExecutor$Worker.run(ThreadPoolExecutor.java:637)\n\tat java.lang.Thread.run(Thread.java:1012)\n"
},
{
    "type": "log",
    "source": "class",
    "method": "getInstance",
    "package_name": "com.fanatics",
    "class_name": "com.google.firebase.analytics.FirebaseAnalytics",
    "timestamp": 1728283840356,
    "ref": "<class: com.google.firebase.analytics.FirebaseAnalytics>",
    "arguments": "{\"0\":\"<instance: android.content.Context, $className: com.betfanatics.fanapp.FanApplication>\"}",
    "stack_trace": "java.lang.Exception\n\tat com.google.firebase.analytics.FirebaseAnalytics.getInstance(Native Method)\n\tat java.lang.reflect.Method.invoke(Native Method)\n\tat m.tf.f(:com.google.android.gms.dynamite_measurementdynamite@243834029@24.38.34 (190400-0):47)\n\tat m.rp.ab(:com.google.android.gms.dynamite_measurementdynamite@243834029@24.38.34 (190400-0):143)\n\tat m.rp.H(:com.google.android.gms.dynamite_measurementdynamite@243834029@24.38.34 (190400-0):30)\n\tat m.sc.A(:com.google.android.gms.dynamite_measurementdynamite@243834029@24.38.34 (190400-0):183)\n\tat m.rw.run(:com.google.android.gms.dynamite_measurementdynamite@243834029@24.38.34 (190400-0):37)\n\tat java.util.concurrent.Executors$RunnableAdapter.call(Executors.java:463)\n\tat java.util.concurrent.FutureTask.run(FutureTask.java:264)\n\tat m.pl.run(:com.google.android.gms.dynamite_measurementdynamite@243834029@24.38.34 (190400-0):48)\n"
},
{
    "type": "log",
    "source": "class",
    "method": "getFirebaseInstanceId",
    "package_name": "com.fanatics",
    "class_name": "com.google.firebase.analytics.FirebaseAnalytics",
    "timestamp": 1728283840372,
    "ref": "com.google.firebase.analytics.FirebaseAnalytics@9b3919",
    "arguments": "{}",
    "stack_trace": "java.lang.Exception\n\tat com.google.firebase.analytics.FirebaseAnalytics.getFirebaseInstanceId(Native Method)\n\tat java.lang.reflect.Method.invoke(Native Method)\n\tat m.tf.f(:com.google.android.gms.dynamite_measurementdynamite@243834029@24.38.34 (190400-0):49)\n\tat m.rp.ab(:com.google.android.gms.dynamite_measurementdynamite@243834029@24.38.34 (190400-0):143)\n\tat m.rp.H(:com.google.android.gms.dynamite_measurementdynamite@243834029@24.38.34 (190400-0):30)\n\tat m.sc.A(:com.google.android.gms.dynamite_measurementdynamite@243834029@24.38.34 (190400-0):183)\n\tat m.rw.run(:com.google.android.gms.dynamite_measurementdynamite@243834029@24.38.34 (190400-0):37)\n\tat java.util.concurrent.Executors$RunnableAdapter.call(Executors.java:463)\n\tat java.util.concurrent.FutureTask.run(FutureTask.java:264)\n\tat m.pl.run(:com.google.android.gms.dynamite_measurementdynamite@243834029@24.38.34 (190400-0):48)\n"
},
{
    "type": "log",
    "source": "class",
    "method": "getInstance",
    "package_name": "com.fanatics",
    "class_name": "com.appsflyer.AppsFlyerLib",
    "timestamp": 1728283843064,
    "ref": "<class: com.appsflyer.AppsFlyerLib>",
    "arguments": "{}",
    "stack_trace": "java.lang.Exception\n\tat com.appsflyer.AppsFlyerLib.getInstance(Native Method)\n\tat com.appsflyer.internal.AFg1lSDK.getMediationNetwork(Unknown Source:0)\n\tat com.appsflyer.internal.AFg1eSDK.getCurrencyIso4217Code(SourceFile:28)\n\tat com.appsflyer.internal.AFg1eSDK.getMediationNetwork(SourceFile:24)\n\tat com.appsflyer.internal.AFf1gSDK.AFAdRevenueData(SourceFile:31)\n\tat com.appsflyer.internal.AFf1gSDK.getRevenue(Unknown Source:5)\n\tat com.appsflyer.internal.AFf1gSDK.AFAdRevenueData(SourceFile:1)\n\tat com.appsflyer.internal.AFf1oSDK.getMediationNetwork(SourceFile:6)\n\tat com.appsflyer.internal.AFe1aSDK$5.run(Unknown Source:165)\n\tat java.util.concurrent.ThreadPoolExecutor.runWorker(ThreadPoolExecutor.java:1137)\n\tat java.util.concurrent.ThreadPoolExecutor$Worker.run(ThreadPoolExecutor.java:637)\n\tat java.lang.Thread.run(Thread.java:1012)\n"
},
