{
    "type": "error",
    "source": "method",
    "method": "initialize",
    "package_name": "com.feels",
    "class_name": "com.adxcorp.ads.ADXSdk",
    "timestamp": 1728283922144,
    "error": "Error: java.lang.ClassNotFoundException: Didn't find class \"com.adxcorp.ads.ADXSdk\" on path: DexPathList[[zip file \"/data/app/~~mod7R8gax5NFnr6WGLxbCA==/com.feels-twVZykPd60NdJddbUWv_jw==/base.apk\", zip file \"/data/app/~~mod7R8gax5NFnr6WGLxbCA==/com.feels-twVZykPd60NdJddbUWv_jw==/split_config.arm64_v8a.apk\", zip file \"/data/app/~~mod7R8gax5NFnr6WGLxbCA==/com.feels-twVZykPd60NdJddbUWv_jw==/split_config.en.apk\", zip file \"/data/app/~~mod7R8gax5NFnr6WGLxbCA==/com.feels-twVZykPd60NdJddbUWv_jw==/split_config.mdpi.apk\"],nativeLibraryDirectories=[/data/app/~~mod7R8gax5NFnr6WGLxbCA==/com.feels-twVZykPd60NdJddbUWv_jw==/lib/arm64, /data/app/~~mod7R8gax5NFnr6WGLxbCA==/com.feels-twVZykPd60NdJddbUWv_jw==/base.apk!/lib/arm64-v8a, /data/app/~~mod7R8gax5NFnr6WGLxbCA==/com.feels-twVZykPd60NdJddbUWv_jw==/split_config.arm64_v8a.apk!/lib/arm64-v8a, /data/app/~~mod7R8gax5NFnr6WGLxbCA==/com.feels-twVZykPd60NdJddbUWv_jw==/split_config.en.apk!/lib/arm64-v8a, /data/app/~~mod7R8gax5NFnr6WGLxbCA==/com.feels-twVZykPd60NdJddbUWv_jw==/split_config.mdpi.apk!/lib/arm64-v8a, /system/lib64, /system_ext/lib64]]"
},
{
    "type": "error",
    "source": "method",
    "method": "getResultGDPR",
    "package_name": "com.feels",
    "class_name": "com.adxcorp.ads.common.ADXGdprManager",
    "timestamp": 1728283922149,
    "error": "Error: java.lang.ClassNotFoundException: Didn't find class \"com.adxcorp.ads.common.ADXGdprManager\" on path: DexPathList[[zip file \"/data/app/~~mod7R8gax5NFnr6WGLxbCA==/com.feels-twVZykPd60NdJddbUWv_jw==/base.apk\", zip file \"/data/app/~~mod7R8gax5NFnr6WGLxbCA==/com.feels-twVZykPd60NdJddbUWv_jw==/split_config.arm64_v8a.apk\", zip file \"/data/app/~~mod7R8gax5NFnr6WGLxbCA==/com.feels-twVZykPd60NdJddbUWv_jw==/split_config.en.apk\", zip file \"/data/app/~~mod7R8gax5NFnr6WGLxbCA==/com.feels-twVZykPd60NdJddbUWv_jw==/split_config.mdpi.apk\"],nativeLibraryDirectories=[/data/app/~~mod7R8gax5NFnr6WGLxbCA==/com.feels-twVZykPd60NdJddbUWv_jw==/lib/arm64, /data/app/~~mod7R8gax5NFnr6WGLxbCA==/com.feels-twVZykPd60NdJddbUWv_jw==/base.apk!/lib/arm64-v8a, /data/app/~~mod7R8gax5NFnr6WGLxbCA==/com.feels-twVZykPd60NdJddbUWv_jw==/split_config.arm64_v8a.apk!/lib/arm64-v8a, /data/app/~~mod7R8gax5NFnr6WGLxbCA==/com.feels-twVZykPd60NdJddbUWv_jw==/split_config.en.apk!/lib/arm64-v8a, /data/app/~~mod7R8gax5NFnr6WGLxbCA==/com.feels-twVZykPd60NdJddbUWv_jw==/split_config.mdpi.apk!/lib/arm64-v8a, /system/lib64, /system_ext/lib64]]"
},
{
    "type": "error",
    "source": "method",
    "method": "saveResultGDPR",
    "package_name": "com.feels",
    "class_name": "com.adxcorp.ads.common.ADXGdprManager",
    "timestamp": 1728283922154,
    "error": "Error: java.lang.ClassNotFoundException: Didn't find class \"com.adxcorp.ads.common.ADXGdprManager\" on path: DexPathList[[zip file \"/data/app/~~mod7R8gax5NFnr6WGLxbCA==/com.feels-twVZykPd60NdJddbUWv_jw==/base.apk\", zip file \"/data/app/~~mod7R8gax5NFnr6WGLxbCA==/com.feels-twVZykPd60NdJddbUWv_jw==/split_config.arm64_v8a.apk\", zip file \"/data/app/~~mod7R8gax5NFnr6WGLxbCA==/com.feels-twVZykPd60NdJddbUWv_jw==/split_config.en.apk\", zip file \"/data/app/~~mod7R8gax5NFnr6WGLxbCA==/com.feels-twVZykPd60NdJddbUWv_jw==/split_config.mdpi.apk\"],nativeLibraryDirectories=[/data/app/~~mod7R8gax5NFnr6WGLxbCA==/com.feels-twVZykPd60NdJddbUWv_jw==/lib/arm64, /data/app/~~mod7R8gax5NFnr6WGLxbCA==/com.feels-twVZykPd60NdJddbUWv_jw==/base.apk!/lib/arm64-v8a, /data/app/~~mod7R8gax5NFnr6WGLxbCA==/com.feels-twVZykPd60NdJddbUWv_jw==/split_config.arm64_v8a.apk!/lib/arm64-v8a, /data/app/~~mod7R8gax5NFnr6WGLxbCA==/com.feels-twVZykPd60NdJddbUWv_jw==/split_config.en.apk!/lib/arm64-v8a, /data/app/~~mod7R8gax5NFnr6WGLxbCA==/com.feels-twVZykPd60NdJddbUWv_jw==/split_config.mdpi.apk!/lib/arm64-v8a, /system/lib64, /system_ext/lib64]]"
},
{
    "type": "error",
    "source": "method",
    "method": "getPrivacyURL",
    "package_name": "com.feels",
    "class_name": "com.adxcorp.gdpr.ADXGDPR",
    "timestamp": 1728283922158,
    "error": "Error: java.lang.ClassNotFoundException: Didn't find class \"com.adxcorp.gdpr.ADXGDPR\" on path: DexPathList[[zip file \"/data/app/~~mod7R8gax5NFnr6WGLxbCA==/com.feels-twVZykPd60NdJddbUWv_jw==/base.apk\", zip file \"/data/app/~~mod7R8gax5NFnr6WGLxbCA==/com.feels-twVZykPd60NdJddbUWv_jw==/split_config.arm64_v8a.apk\", zip file \"/data/app/~~mod7R8gax5NFnr6WGLxbCA==/com.feels-twVZykPd60NdJddbUWv_jw==/split_config.en.apk\", zip file \"/data/app/~~mod7R8gax5NFnr6WGLxbCA==/com.feels-twVZykPd60NdJddbUWv_jw==/split_config.mdpi.apk\"],nativeLibraryDirectories=[/data/app/~~mod7R8gax5NFnr6WGLxbCA==/com.feels-twVZykPd60NdJddbUWv_jw==/lib/arm64, /data/app/~~mod7R8gax5NFnr6WGLxbCA==/com.feels-twVZykPd60NdJddbUWv_jw==/base.apk!/lib/arm64-v8a, /data/app/~~mod7R8gax5NFnr6WGLxbCA==/com.feels-twVZykPd60NdJddbUWv_jw==/split_config.arm64_v8a.apk!/lib/arm64-v8a, /data/app/~~mod7R8gax5NFnr6WGLxbCA==/com.feels-twVZykPd60NdJddbUWv_jw==/split_config.en.apk!/lib/arm64-v8a, /data/app/~~mod7R8gax5NFnr6WGLxbCA==/com.feels-twVZykPd60NdJddbUWv_jw==/split_config.mdpi.apk!/lib/arm64-v8a, /system/lib64, /system_ext/lib64]]"
},
{
    "type": "error",
    "source": "method",
    "method": "getPrivacyURL",
    "package_name": "com.feels",
    "class_name": "com.adxcorp.ads.common.ADXGdprManager",
    "timestamp": 1728283922162,
    "error": "Error: java.lang.ClassNotFoundException: Didn't find class \"com.adxcorp.ads.common.ADXGdprManager\" on path: DexPathList[[zip file \"/data/app/~~mod7R8gax5NFnr6WGLxbCA==/com.feels-twVZykPd60NdJddbUWv_jw==/base.apk\", zip file \"/data/app/~~mod7R8gax5NFnr6WGLxbCA==/com.feels-twVZykPd60NdJddbUWv_jw==/split_config.arm64_v8a.apk\", zip file \"/data/app/~~mod7R8gax5NFnr6WGLxbCA==/com.feels-twVZykPd60NdJddbUWv_jw==/split_config.en.apk\", zip file \"/data/app/~~mod7R8gax5NFnr6WGLxbCA==/com.feels-twVZykPd60NdJddbUWv_jw==/split_config.mdpi.apk\"],nativeLibraryDirectories=[/data/app/~~mod7R8gax5NFnr6WGLxbCA==/com.feels-twVZykPd60NdJddbUWv_jw==/lib/arm64, /data/app/~~mod7R8gax5NFnr6WGLxbCA==/com.feels-twVZykPd60NdJddbUWv_jw==/base.apk!/lib/arm64-v8a, /data/app/~~mod7R8gax5NFnr6WGLxbCA==/com.feels-twVZykPd60NdJddbUWv_jw==/split_config.arm64_v8a.apk!/lib/arm64-v8a, /data/app/~~mod7R8gax5NFnr6WGLxbCA==/com.feels-twVZykPd60NdJddbUWv_jw==/split_config.en.apk!/lib/arm64-v8a, /data/app/~~mod7R8gax5NFnr6WGLxbCA==/com.feels-twVZykPd60NdJddbUWv_jw==/split_config.mdpi.apk!/lib/arm64-v8a, /system/lib64, /system_ext/lib64]]"
},
{
    "type": "error",
    "source": "method",
    "method": "setGdprConsent",
    "package_name": "com.feels",
    "class_name": "com.fyber.inneractive.sdk.external.InneractiveAdManager",
    "timestamp": 1728283922166,
    "error": "Error: java.lang.ClassNotFoundException: Didn't find class \"com.fyber.inneractive.sdk.external.InneractiveAdManager\" on path: DexPathList[[zip file \"/data/app/~~mod7R8gax5NFnr6WGLxbCA==/com.feels-twVZykPd60NdJddbUWv_jw==/base.apk\", zip file \"/data/app/~~mod7R8gax5NFnr6WGLxbCA==/com.feels-twVZykPd60NdJddbUWv_jw==/split_config.arm64_v8a.apk\", zip file \"/data/app/~~mod7R8gax5NFnr6WGLxbCA==/com.feels-twVZykPd60NdJddbUWv_jw==/split_config.en.apk\", zip file \"/data/app/~~mod7R8gax5NFnr6WGLxbCA==/com.feels-twVZykPd60NdJddbUWv_jw==/split_config.mdpi.apk\"],nativeLibraryDirectories=[/data/app/~~mod7R8gax5NFnr6WGLxbCA==/com.feels-twVZykPd60NdJddbUWv_jw==/lib/arm64, /data/app/~~mod7R8gax5NFnr6WGLxbCA==/com.feels-twVZykPd60NdJddbUWv_jw==/base.apk!/lib/arm64-v8a, /data/app/~~mod7R8gax5NFnr6WGLxbCA==/com.feels-twVZykPd60NdJddbUWv_jw==/split_config.arm64_v8a.apk!/lib/arm64-v8a, /data/app/~~mod7R8gax5NFnr6WGLxbCA==/com.feels-twVZykPd60NdJddbUWv_jw==/split_config.en.apk!/lib/arm64-v8a, /data/app/~~mod7R8gax5NFnr6WGLxbCA==/com.feels-twVZykPd60NdJddbUWv_jw==/split_config.mdpi.apk!/lib/arm64-v8a, /system/lib64, /system_ext/lib64]]"
},
{
    "type": "error",
    "source": "method",
    "method": "setGdprConsentString",
    "package_name": "com.feels",
    "class_name": "com.fyber.inneractive.sdk.external.InneractiveAdManager",
    "timestamp": 1728283922171,
    "error": "Error: java.lang.ClassNotFoundException: Didn't find class \"com.fyber.inneractive.sdk.external.InneractiveAdManager\" on path: DexPathList[[zip file \"/data/app/~~mod7R8gax5NFnr6WGLxbCA==/com.feels-twVZykPd60NdJddbUWv_jw==/base.apk\", zip file \"/data/app/~~mod7R8gax5NFnr6WGLxbCA==/com.feels-twVZykPd60NdJddbUWv_jw==/split_config.arm64_v8a.apk\", zip file \"/data/app/~~mod7R8gax5NFnr6WGLxbCA==/com.feels-twVZykPd60NdJddbUWv_jw==/split_config.en.apk\", zip file \"/data/app/~~mod7R8gax5NFnr6WGLxbCA==/com.feels-twVZykPd60NdJddbUWv_jw==/split_config.mdpi.apk\"],nativeLibraryDirectories=[/data/app/~~mod7R8gax5NFnr6WGLxbCA==/com.feels-twVZykPd60NdJddbUWv_jw==/lib/arm64, /data/app/~~mod7R8gax5NFnr6WGLxbCA==/com.feels-twVZykPd60NdJddbUWv_jw==/base.apk!/lib/arm64-v8a, /data/app/~~mod7R8gax5NFnr6WGLxbCA==/com.feels-twVZykPd60NdJddbUWv_jw==/split_config.arm64_v8a.apk!/lib/arm64-v8a, /data/app/~~mod7R8gax5NFnr6WGLxbCA==/com.feels-twVZykPd60NdJddbUWv_jw==/split_config.en.apk!/lib/arm64-v8a, /data/app/~~mod7R8gax5NFnr6WGLxbCA==/com.feels-twVZykPd60NdJddbUWv_jw==/split_config.mdpi.apk!/lib/arm64-v8a, /system/lib64, /system_ext/lib64]]"
},
{
    "type": "error",
    "source": "method",
    "method": "clearGdprConsentData",
    "package_name": "com.feels",
    "class_name": "com.fyber.inneractive.sdk.external.InneractiveAdManager",
    "timestamp": 1728283922175,
    "error": "Error: java.lang.ClassNotFoundException: Didn't find class \"com.fyber.inneractive.sdk.external.InneractiveAdManager\" on path: DexPathList[[zip file \"/data/app/~~mod7R8gax5NFnr6WGLxbCA==/com.feels-twVZykPd60NdJddbUWv_jw==/base.apk\", zip file \"/data/app/~~mod7R8gax5NFnr6WGLxbCA==/com.feels-twVZykPd60NdJddbUWv_jw==/split_config.arm64_v8a.apk\", zip file \"/data/app/~~mod7R8gax5NFnr6WGLxbCA==/com.feels-twVZykPd60NdJddbUWv_jw==/split_config.en.apk\", zip file \"/data/app/~~mod7R8gax5NFnr6WGLxbCA==/com.feels-twVZykPd60NdJddbUWv_jw==/split_config.mdpi.apk\"],nativeLibraryDirectories=[/data/app/~~mod7R8gax5NFnr6WGLxbCA==/com.feels-twVZykPd60NdJddbUWv_jw==/lib/arm64, /data/app/~~mod7R8gax5NFnr6WGLxbCA==/com.feels-twVZykPd60NdJddbUWv_jw==/base.apk!/lib/arm64-v8a, /data/app/~~mod7R8gax5NFnr6WGLxbCA==/com.feels-twVZykPd60NdJddbUWv_jw==/split_config.arm64_v8a.apk!/lib/arm64-v8a, /data/app/~~mod7R8gax5NFnr6WGLxbCA==/com.feels-twVZykPd60NdJddbUWv_jw==/split_config.en.apk!/lib/arm64-v8a, /data/app/~~mod7R8gax5NFnr6WGLxbCA==/com.feels-twVZykPd60NdJddbUWv_jw==/split_config.mdpi.apk!/lib/arm64-v8a, /system/lib64, /system_ext/lib64]]"
},
{
    "type": "error",
    "source": "method",
    "method": "setUSPrivacyString",
    "package_name": "com.feels",
    "class_name": "com.fyber.inneractive.sdk.external.InneractiveAdManager",
    "timestamp": 1728283922179,
    "error": "Error: java.lang.ClassNotFoundException: Didn't find class \"com.fyber.inneractive.sdk.external.InneractiveAdManager\" on path: DexPathList[[zip file \"/data/app/~~mod7R8gax5NFnr6WGLxbCA==/com.feels-twVZykPd60NdJddbUWv_jw==/base.apk\", zip file \"/data/app/~~mod7R8gax5NFnr6WGLxbCA==/com.feels-twVZykPd60NdJddbUWv_jw==/split_config.arm64_v8a.apk\", zip file \"/data/app/~~mod7R8gax5NFnr6WGLxbCA==/com.feels-twVZykPd60NdJddbUWv_jw==/split_config.en.apk\", zip file \"/data/app/~~mod7R8gax5NFnr6WGLxbCA==/com.feels-twVZykPd60NdJddbUWv_jw==/split_config.mdpi.apk\"],nativeLibraryDirectories=[/data/app/~~mod7R8gax5NFnr6WGLxbCA==/com.feels-twVZykPd60NdJddbUWv_jw==/lib/arm64, /data/app/~~mod7R8gax5NFnr6WGLxbCA==/com.feels-twVZykPd60NdJddbUWv_jw==/base.apk!/lib/arm64-v8a, /data/app/~~mod7R8gax5NFnr6WGLxbCA==/com.feels-twVZykPd60NdJddbUWv_jw==/split_config.arm64_v8a.apk!/lib/arm64-v8a, /data/app/~~mod7R8gax5NFnr6WGLxbCA==/com.feels-twVZykPd60NdJddbUWv_jw==/split_config.en.apk!/lib/arm64-v8a, /data/app/~~mod7R8gax5NFnr6WGLxbCA==/com.feels-twVZykPd60NdJddbUWv_jw==/split_config.mdpi.apk!/lib/arm64-v8a, /system/lib64, /system_ext/lib64]]"
},
{
    "type": "error",
    "source": "method",
    "method": "clearUSPrivacyString",
    "package_name": "com.feels",
    "class_name": "com.fyber.inneractive.sdk.external.InneractiveAdManager",
    "timestamp": 1728283922184,
    "error": "Error: java.lang.ClassNotFoundException: Didn't find class \"com.fyber.inneractive.sdk.external.InneractiveAdManager\" on path: DexPathList[[zip file \"/data/app/~~mod7R8gax5NFnr6WGLxbCA==/com.feels-twVZykPd60NdJddbUWv_jw==/base.apk\", zip file \"/data/app/~~mod7R8gax5NFnr6WGLxbCA==/com.feels-twVZykPd60NdJddbUWv_jw==/split_config.arm64_v8a.apk\", zip file \"/data/app/~~mod7R8gax5NFnr6WGLxbCA==/com.feels-twVZykPd60NdJddbUWv_jw==/split_config.en.apk\", zip file \"/data/app/~~mod7R8gax5NFnr6WGLxbCA==/com.feels-twVZykPd60NdJddbUWv_jw==/split_config.mdpi.apk\"],nativeLibraryDirectories=[/data/app/~~mod7R8gax5NFnr6WGLxbCA==/com.feels-twVZykPd60NdJddbUWv_jw==/lib/arm64, /data/app/~~mod7R8gax5NFnr6WGLxbCA==/com.feels-twVZykPd60NdJddbUWv_jw==/base.apk!/lib/arm64-v8a, /data/app/~~mod7R8gax5NFnr6WGLxbCA==/com.feels-twVZykPd60NdJddbUWv_jw==/split_config.arm64_v8a.apk!/lib/arm64-v8a, /data/app/~~mod7R8gax5NFnr6WGLxbCA==/com.feels-twVZykPd60NdJddbUWv_jw==/split_config.en.apk!/lib/arm64-v8a, /data/app/~~mod7R8gax5NFnr6WGLxbCA==/com.feels-twVZykPd60NdJddbUWv_jw==/split_config.mdpi.apk!/lib/arm64-v8a, /system/lib64, /system_ext/lib64]]"
},
{
    "type": "error",
    "source": "method",
    "method": "setLgpdConsent",
    "package_name": "com.feels",
    "class_name": "com.fyber.inneractive.sdk.external.InneractiveAdManager",
    "timestamp": 1728283922188,
    "error": "Error: java.lang.ClassNotFoundException: Didn't find class \"com.fyber.inneractive.sdk.external.InneractiveAdManager\" on path: DexPathList[[zip file \"/data/app/~~mod7R8gax5NFnr6WGLxbCA==/com.feels-twVZykPd60NdJddbUWv_jw==/base.apk\", zip file \"/data/app/~~mod7R8gax5NFnr6WGLxbCA==/com.feels-twVZykPd60NdJddbUWv_jw==/split_config.arm64_v8a.apk\", zip file \"/data/app/~~mod7R8gax5NFnr6WGLxbCA==/com.feels-twVZykPd60NdJddbUWv_jw==/split_config.en.apk\", zip file \"/data/app/~~mod7R8gax5NFnr6WGLxbCA==/com.feels-twVZykPd60NdJddbUWv_jw==/split_config.mdpi.apk\"],nativeLibraryDirectories=[/data/app/~~mod7R8gax5NFnr6WGLxbCA==/com.feels-twVZykPd60NdJddbUWv_jw==/lib/arm64, /data/app/~~mod7R8gax5NFnr6WGLxbCA==/com.feels-twVZykPd60NdJddbUWv_jw==/base.apk!/lib/arm64-v8a, /data/app/~~mod7R8gax5NFnr6WGLxbCA==/com.feels-twVZykPd60NdJddbUWv_jw==/split_config.arm64_v8a.apk!/lib/arm64-v8a, /data/app/~~mod7R8gax5NFnr6WGLxbCA==/com.feels-twVZykPd60NdJddbUWv_jw==/split_config.en.apk!/lib/arm64-v8a, /data/app/~~mod7R8gax5NFnr6WGLxbCA==/com.feels-twVZykPd60NdJddbUWv_jw==/split_config.mdpi.apk!/lib/arm64-v8a, /system/lib64, /system_ext/lib64]]"
},
{
    "type": "error",
    "source": "method",
    "method": "currentAudienceAppliesToCoppa",
    "package_name": "com.feels",
    "class_name": "com.fyber.inneractive.sdk.external.InneractiveAdManager",
    "timestamp": 1728283922192,
    "error": "Error: java.lang.ClassNotFoundException: Didn't find class \"com.fyber.inneractive.sdk.external.InneractiveAdManager\" on path: DexPathList[[zip file \"/data/app/~~mod7R8gax5NFnr6WGLxbCA==/com.feels-twVZykPd60NdJddbUWv_jw==/base.apk\", zip file \"/data/app/~~mod7R8gax5NFnr6WGLxbCA==/com.feels-twVZykPd60NdJddbUWv_jw==/split_config.arm64_v8a.apk\", zip file \"/data/app/~~mod7R8gax5NFnr6WGLxbCA==/com.feels-twVZykPd60NdJddbUWv_jw==/split_config.en.apk\", zip file \"/data/app/~~mod7R8gax5NFnr6WGLxbCA==/com.feels-twVZykPd60NdJddbUWv_jw==/split_config.mdpi.apk\"],nativeLibraryDirectories=[/data/app/~~mod7R8gax5NFnr6WGLxbCA==/com.feels-twVZykPd60NdJddbUWv_jw==/lib/arm64, /data/app/~~mod7R8gax5NFnr6WGLxbCA==/com.feels-twVZykPd60NdJddbUWv_jw==/base.apk!/lib/arm64-v8a, /data/app/~~mod7R8gax5NFnr6WGLxbCA==/com.feels-twVZykPd60NdJddbUWv_jw==/split_config.arm64_v8a.apk!/lib/arm64-v8a, /data/app/~~mod7R8gax5NFnr6WGLxbCA==/com.feels-twVZykPd60NdJddbUWv_jw==/split_config.en.apk!/lib/arm64-v8a, /data/app/~~mod7R8gax5NFnr6WGLxbCA==/com.feels-twVZykPd60NdJddbUWv_jw==/split_config.mdpi.apk!/lib/arm64-v8a, /system/lib64, /system_ext/lib64]]"
},
{
    "type": "error",
    "source": "method",
    "method": "setTagForUnderAgeOfConsent",
    "package_name": "com.feels",
    "class_name": "com.google.android.ump.ConsentRequestParameters$Builder",
    "timestamp": 1728283922196,
    "error": "Error: java.lang.ClassNotFoundException: Didn't find class \"com.google.android.ump.ConsentRequestParameters$Builder\" on path: DexPathList[[zip file \"/data/app/~~mod7R8gax5NFnr6WGLxbCA==/com.feels-twVZykPd60NdJddbUWv_jw==/base.apk\", zip file \"/data/app/~~mod7R8gax5NFnr6WGLxbCA==/com.feels-twVZykPd60NdJddbUWv_jw==/split_config.arm64_v8a.apk\", zip file \"/data/app/~~mod7R8gax5NFnr6WGLxbCA==/com.feels-twVZykPd60NdJddbUWv_jw==/split_config.en.apk\", zip file \"/data/app/~~mod7R8gax5NFnr6WGLxbCA==/com.feels-twVZykPd60NdJddbUWv_jw==/split_config.mdpi.apk\"],nativeLibraryDirectories=[/data/app/~~mod7R8gax5NFnr6WGLxbCA==/com.feels-twVZykPd60NdJddbUWv_jw==/lib/arm64, /data/app/~~mod7R8gax5NFnr6WGLxbCA==/com.feels-twVZykPd60NdJddbUWv_jw==/base.apk!/lib/arm64-v8a, /data/app/~~mod7R8gax5NFnr6WGLxbCA==/com.feels-twVZykPd60NdJddbUWv_jw==/split_config.arm64_v8a.apk!/lib/arm64-v8a, /data/app/~~mod7R8gax5NFnr6WGLxbCA==/com.feels-twVZykPd60NdJddbUWv_jw==/split_config.en.apk!/lib/arm64-v8a, /data/app/~~mod7R8gax5NFnr6WGLxbCA==/com.feels-twVZykPd60NdJddbUWv_jw==/split_config.mdpi.apk!/lib/arm64-v8a, /system/lib64, /system_ext/lib64]]"
},
{
    "type": "error",
    "source": "method",
    "method": "requestConsentInfoUpdate",
    "package_name": "com.feels",
    "class_name": "com.google.android.ump.ConsentInformation",
    "timestamp": 1728283922201,
    "error": "Error: java.lang.ClassNotFoundException: Didn't find class \"com.google.android.ump.ConsentInformation\" on path: DexPathList[[zip file \"/data/app/~~mod7R8gax5NFnr6WGLxbCA==/com.feels-twVZykPd60NdJddbUWv_jw==/base.apk\", zip file \"/data/app/~~mod7R8gax5NFnr6WGLxbCA==/com.feels-twVZykPd60NdJddbUWv_jw==/split_config.arm64_v8a.apk\", zip file \"/data/app/~~mod7R8gax5NFnr6WGLxbCA==/com.feels-twVZykPd60NdJddbUWv_jw==/split_config.en.apk\", zip file \"/data/app/~~mod7R8gax5NFnr6WGLxbCA==/com.feels-twVZykPd60NdJddbUWv_jw==/split_config.mdpi.apk\"],nativeLibraryDirectories=[/data/app/~~mod7R8gax5NFnr6WGLxbCA==/com.feels-twVZykPd60NdJddbUWv_jw==/lib/arm64, /data/app/~~mod7R8gax5NFnr6WGLxbCA==/com.feels-twVZykPd60NdJddbUWv_jw==/base.apk!/lib/arm64-v8a, /data/app/~~mod7R8gax5NFnr6WGLxbCA==/com.feels-twVZykPd60NdJddbUWv_jw==/split_config.arm64_v8a.apk!/lib/arm64-v8a, /data/app/~~mod7R8gax5NFnr6WGLxbCA==/com.feels-twVZykPd60NdJddbUWv_jw==/split_config.en.apk!/lib/arm64-v8a, /data/app/~~mod7R8gax5NFnr6WGLxbCA==/com.feels-twVZykPd60NdJddbUWv_jw==/split_config.mdpi.apk!/lib/arm64-v8a, /system/lib64, /system_ext/lib64]]"
},
{
    "type": "error",
    "source": "method",
    "method": "setTagForChildDirectedTreatment",
    "package_name": "com.feels",
    "class_name": "com.google.android.gms.ads.RequestConfiguration$Builder",
    "timestamp": 1728283922205,
    "error": "Error: java.lang.ClassNotFoundException: Didn't find class \"com.google.android.gms.ads.RequestConfiguration$Builder\" on path: DexPathList[[zip file \"/data/app/~~mod7R8gax5NFnr6WGLxbCA==/com.feels-twVZykPd60NdJddbUWv_jw==/base.apk\", zip file \"/data/app/~~mod7R8gax5NFnr6WGLxbCA==/com.feels-twVZykPd60NdJddbUWv_jw==/split_config.arm64_v8a.apk\", zip file \"/data/app/~~mod7R8gax5NFnr6WGLxbCA==/com.feels-twVZykPd60NdJddbUWv_jw==/split_config.en.apk\", zip file \"/data/app/~~mod7R8gax5NFnr6WGLxbCA==/com.feels-twVZykPd60NdJddbUWv_jw==/split_config.mdpi.apk\"],nativeLibraryDirectories=[/data/app/~~mod7R8gax5NFnr6WGLxbCA==/com.feels-twVZykPd60NdJddbUWv_jw==/lib/arm64, /data/app/~~mod7R8gax5NFnr6WGLxbCA==/com.feels-twVZykPd60NdJddbUWv_jw==/base.apk!/lib/arm64-v8a, /data/app/~~mod7R8gax5NFnr6WGLxbCA==/com.feels-twVZykPd60NdJddbUWv_jw==/split_config.arm64_v8a.apk!/lib/arm64-v8a, /data/app/~~mod7R8gax5NFnr6WGLxbCA==/com.feels-twVZykPd60NdJddbUWv_jw==/split_config.en.apk!/lib/arm64-v8a, /data/app/~~mod7R8gax5NFnr6WGLxbCA==/com.feels-twVZykPd60NdJddbUWv_jw==/split_config.mdpi.apk!/lib/arm64-v8a, /system/lib64, /system_ext/lib64]]"
},
{
    "type": "error",
    "source": "method",
    "method": "setTagForUnderAgeOfConsent",
    "package_name": "com.feels",
    "class_name": "com.google.android.gms.ads.RequestConfiguration$Builder",
    "timestamp": 1728283922210,
    "error": "Error: java.lang.ClassNotFoundException: Didn't find class \"com.google.android.gms.ads.RequestConfiguration$Builder\" on path: DexPathList[[zip file \"/data/app/~~mod7R8gax5NFnr6WGLxbCA==/com.feels-twVZykPd60NdJddbUWv_jw==/base.apk\", zip file \"/data/app/~~mod7R8gax5NFnr6WGLxbCA==/com.feels-twVZykPd60NdJddbUWv_jw==/split_config.arm64_v8a.apk\", zip file \"/data/app/~~mod7R8gax5NFnr6WGLxbCA==/com.feels-twVZykPd60NdJddbUWv_jw==/split_config.en.apk\", zip file \"/data/app/~~mod7R8gax5NFnr6WGLxbCA==/com.feels-twVZykPd60NdJddbUWv_jw==/split_config.mdpi.apk\"],nativeLibraryDirectories=[/data/app/~~mod7R8gax5NFnr6WGLxbCA==/com.feels-twVZykPd60NdJddbUWv_jw==/lib/arm64, /data/app/~~mod7R8gax5NFnr6WGLxbCA==/com.feels-twVZykPd60NdJddbUWv_jw==/base.apk!/lib/arm64-v8a, /data/app/~~mod7R8gax5NFnr6WGLxbCA==/com.feels-twVZykPd60NdJddbUWv_jw==/split_config.arm64_v8a.apk!/lib/arm64-v8a, /data/app/~~mod7R8gax5NFnr6WGLxbCA==/com.feels-twVZykPd60NdJddbUWv_jw==/split_config.en.apk!/lib/arm64-v8a, /data/app/~~mod7R8gax5NFnr6WGLxbCA==/com.feels-twVZykPd60NdJddbUWv_jw==/split_config.mdpi.apk!/lib/arm64-v8a, /system/lib64, /system_ext/lib64]]"
},
{
    "type": "error",
    "source": "method",
    "method": "setMaxAdContentRating",
    "package_name": "com.feels",
    "class_name": "com.google.android.gms.ads.RequestConfiguration$Builder",
    "timestamp": 1728283922214,
    "error": "Error: java.lang.ClassNotFoundException: Didn't find class \"com.google.android.gms.ads.RequestConfiguration$Builder\" on path: DexPathList[[zip file \"/data/app/~~mod7R8gax5NFnr6WGLxbCA==/com.feels-twVZykPd60NdJddbUWv_jw==/base.apk\", zip file \"/data/app/~~mod7R8gax5NFnr6WGLxbCA==/com.feels-twVZykPd60NdJddbUWv_jw==/split_config.arm64_v8a.apk\", zip file \"/data/app/~~mod7R8gax5NFnr6WGLxbCA==/com.feels-twVZykPd60NdJddbUWv_jw==/split_config.en.apk\", zip file \"/data/app/~~mod7R8gax5NFnr6WGLxbCA==/com.feels-twVZykPd60NdJddbUWv_jw==/split_config.mdpi.apk\"],nativeLibraryDirectories=[/data/app/~~mod7R8gax5NFnr6WGLxbCA==/com.feels-twVZykPd60NdJddbUWv_jw==/lib/arm64, /data/app/~~mod7R8gax5NFnr6WGLxbCA==/com.feels-twVZykPd60NdJddbUWv_jw==/base.apk!/lib/arm64-v8a, /data/app/~~mod7R8gax5NFnr6WGLxbCA==/com.feels-twVZykPd60NdJddbUWv_jw==/split_config.arm64_v8a.apk!/lib/arm64-v8a, /data/app/~~mod7R8gax5NFnr6WGLxbCA==/com.feels-twVZykPd60NdJddbUWv_jw==/split_config.en.apk!/lib/arm64-v8a, /data/app/~~mod7R8gax5NFnr6WGLxbCA==/com.feels-twVZykPd60NdJddbUWv_jw==/split_config.mdpi.apk!/lib/arm64-v8a, /system/lib64, /system_ext/lib64]]"
},
{
    "type": "error",
    "source": "method",
    "method": "setPublisherPrivacyPersonalizationState",
    "package_name": "com.feels",
    "class_name": "com.google.android.gms.ads.RequestConfiguration",
    "timestamp": 1728283922218,
    "error": "Error: java.lang.ClassNotFoundException: Didn't find class \"com.google.android.gms.ads.RequestConfiguration\" on path: DexPathList[[zip file \"/data/app/~~mod7R8gax5NFnr6WGLxbCA==/com.feels-twVZykPd60NdJddbUWv_jw==/base.apk\", zip file \"/data/app/~~mod7R8gax5NFnr6WGLxbCA==/com.feels-twVZykPd60NdJddbUWv_jw==/split_config.arm64_v8a.apk\", zip file \"/data/app/~~mod7R8gax5NFnr6WGLxbCA==/com.feels-twVZykPd60NdJddbUWv_jw==/split_config.en.apk\", zip file \"/data/app/~~mod7R8gax5NFnr6WGLxbCA==/com.feels-twVZykPd60NdJddbUWv_jw==/split_config.mdpi.apk\"],nativeLibraryDirectories=[/data/app/~~mod7R8gax5NFnr6WGLxbCA==/com.feels-twVZykPd60NdJddbUWv_jw==/lib/arm64, /data/app/~~mod7R8gax5NFnr6WGLxbCA==/com.feels-twVZykPd60NdJddbUWv_jw==/base.apk!/lib/arm64-v8a, /data/app/~~mod7R8gax5NFnr6WGLxbCA==/com.feels-twVZykPd60NdJddbUWv_jw==/split_config.arm64_v8a.apk!/lib/arm64-v8a, /data/app/~~mod7R8gax5NFnr6WGLxbCA==/com.feels-twVZykPd60NdJddbUWv_jw==/split_config.en.apk!/lib/arm64-v8a, /data/app/~~mod7R8gax5NFnr6WGLxbCA==/com.feels-twVZykPd60NdJddbUWv_jw==/split_config.mdpi.apk!/lib/arm64-v8a, /system/lib64, /system_ext/lib64]]"
},
{
    "type": "error",
    "source": "method",
    "method": "addNetworkExtrasBundle",
    "package_name": "com.feels",
    "class_name": "com.google.android.gms.ads.AdRequest$Builder",
    "timestamp": 1728283922222,
    "error": "Error: java.lang.ClassNotFoundException: Didn't find class \"com.google.android.gms.ads.AdRequest$Builder\" on path: DexPathList[[zip file \"/data/app/~~mod7R8gax5NFnr6WGLxbCA==/com.feels-twVZykPd60NdJddbUWv_jw==/base.apk\", zip file \"/data/app/~~mod7R8gax5NFnr6WGLxbCA==/com.feels-twVZykPd60NdJddbUWv_jw==/split_config.arm64_v8a.apk\", zip file \"/data/app/~~mod7R8gax5NFnr6WGLxbCA==/com.feels-twVZykPd60NdJddbUWv_jw==/split_config.en.apk\", zip file \"/data/app/~~mod7R8gax5NFnr6WGLxbCA==/com.feels-twVZykPd60NdJddbUWv_jw==/split_config.mdpi.apk\"],nativeLibraryDirectories=[/data/app/~~mod7R8gax5NFnr6WGLxbCA==/com.feels-twVZykPd60NdJddbUWv_jw==/lib/arm64, /data/app/~~mod7R8gax5NFnr6WGLxbCA==/com.feels-twVZykPd60NdJddbUWv_jw==/base.apk!/lib/arm64-v8a, /data/app/~~mod7R8gax5NFnr6WGLxbCA==/com.feels-twVZykPd60NdJddbUWv_jw==/split_config.arm64_v8a.apk!/lib/arm64-v8a, /data/app/~~mod7R8gax5NFnr6WGLxbCA==/com.feels-twVZykPd60NdJddbUWv_jw==/split_config.en.apk!/lib/arm64-v8a, /data/app/~~mod7R8gax5NFnr6WGLxbCA==/com.feels-twVZykPd60NdJddbUWv_jw==/split_config.mdpi.apk!/lib/arm64-v8a, /system/lib64, /system_ext/lib64]]"
},
{
    "type": "error",
    "source": "method",
    "method": "setEnableAdIdTracking",
    "package_name": "com.feels",
    "class_name": "com.igaworks.v2.core.AdBrixRm",
    "timestamp": 1728283922226,
    "error": "Error: java.lang.ClassNotFoundException: Didn't find class \"com.igaworks.v2.core.AdBrixRm\" on path: DexPathList[[zip file \"/data/app/~~mod7R8gax5NFnr6WGLxbCA==/com.feels-twVZykPd60NdJddbUWv_jw==/base.apk\", zip file \"/data/app/~~mod7R8gax5NFnr6WGLxbCA==/com.feels-twVZykPd60NdJddbUWv_jw==/split_config.arm64_v8a.apk\", zip file \"/data/app/~~mod7R8gax5NFnr6WGLxbCA==/com.feels-twVZykPd60NdJddbUWv_jw==/split_config.en.apk\", zip file \"/data/app/~~mod7R8gax5NFnr6WGLxbCA==/com.feels-twVZykPd60NdJddbUWv_jw==/split_config.mdpi.apk\"],nativeLibraryDirectories=[/data/app/~~mod7R8gax5NFnr6WGLxbCA==/com.feels-twVZykPd60NdJddbUWv_jw==/lib/arm64, /data/app/~~mod7R8gax5NFnr6WGLxbCA==/com.feels-twVZykPd60NdJddbUWv_jw==/base.apk!/lib/arm64-v8a, /data/app/~~mod7R8gax5NFnr6WGLxbCA==/com.feels-twVZykPd60NdJddbUWv_jw==/split_config.arm64_v8a.apk!/lib/arm64-v8a, /data/app/~~mod7R8gax5NFnr6WGLxbCA==/com.feels-twVZykPd60NdJddbUWv_jw==/split_config.en.apk!/lib/arm64-v8a, /data/app/~~mod7R8gax5NFnr6WGLxbCA==/com.feels-twVZykPd60NdJddbUWv_jw==/split_config.mdpi.apk!/lib/arm64-v8a, /system/lib64, /system_ext/lib64]]"
},
{
    "type": "error",
    "source": "method",
    "method": "gdprForgetMe",
    "package_name": "com.feels",
    "class_name": "com.igaworks.v2.core.AdBrixRm",
    "timestamp": 1728283922230,
    "error": "Error: java.lang.ClassNotFoundException: Didn't find class \"com.igaworks.v2.core.AdBrixRm\" on path: DexPathList[[zip file \"/data/app/~~mod7R8gax5NFnr6WGLxbCA==/com.feels-twVZykPd60NdJddbUWv_jw==/base.apk\", zip file \"/data/app/~~mod7R8gax5NFnr6WGLxbCA==/com.feels-twVZykPd60NdJddbUWv_jw==/split_config.arm64_v8a.apk\", zip file \"/data/app/~~mod7R8gax5NFnr6WGLxbCA==/com.feels-twVZykPd60NdJddbUWv_jw==/split_config.en.apk\", zip file \"/data/app/~~mod7R8gax5NFnr6WGLxbCA==/com.feels-twVZykPd60NdJddbUWv_jw==/split_config.mdpi.apk\"],nativeLibraryDirectories=[/data/app/~~mod7R8gax5NFnr6WGLxbCA==/com.feels-twVZykPd60NdJddbUWv_jw==/lib/arm64, /data/app/~~mod7R8gax5NFnr6WGLxbCA==/com.feels-twVZykPd60NdJddbUWv_jw==/base.apk!/lib/arm64-v8a, /data/app/~~mod7R8gax5NFnr6WGLxbCA==/com.feels-twVZykPd60NdJddbUWv_jw==/split_config.arm64_v8a.apk!/lib/arm64-v8a, /data/app/~~mod7R8gax5NFnr6WGLxbCA==/com.feels-twVZykPd60NdJddbUWv_jw==/split_config.en.apk!/lib/arm64-v8a, /data/app/~~mod7R8gax5NFnr6WGLxbCA==/com.feels-twVZykPd60NdJddbUWv_jw==/split_config.mdpi.apk!/lib/arm64-v8a, /system/lib64, /system_ext/lib64]]"
},
{
    "type": "error",
    "source": "method",
    "method": "setPrivacyStatus",
    "package_name": "com.feels",
    "class_name": "com.adobe.marketing.mobile.MobileCore",
    "timestamp": 1728283922245,
    "error": "Error: java.lang.ClassNotFoundException: Didn't find class \"com.adobe.marketing.mobile.MobileCore\" on path: DexPathList[[zip file \"/data/app/~~mod7R8gax5NFnr6WGLxbCA==/com.feels-twVZykPd60NdJddbUWv_jw==/base.apk\", zip file \"/data/app/~~mod7R8gax5NFnr6WGLxbCA==/com.feels-twVZykPd60NdJddbUWv_jw==/split_config.arm64_v8a.apk\", zip file \"/data/app/~~mod7R8gax5NFnr6WGLxbCA==/com.feels-twVZykPd60NdJddbUWv_jw==/split_config.en.apk\", zip file \"/data/app/~~mod7R8gax5NFnr6WGLxbCA==/com.feels-twVZykPd60NdJddbUWv_jw==/split_config.mdpi.apk\"],nativeLibraryDirectories=[/data/app/~~mod7R8gax5NFnr6WGLxbCA==/com.feels-twVZykPd60NdJddbUWv_jw==/lib/arm64, /data/app/~~mod7R8gax5NFnr6WGLxbCA==/com.feels-twVZykPd60NdJddbUWv_jw==/base.apk!/lib/arm64-v8a, /data/app/~~mod7R8gax5NFnr6WGLxbCA==/com.feels-twVZykPd60NdJddbUWv_jw==/split_config.arm64_v8a.apk!/lib/arm64-v8a, /data/app/~~mod7R8gax5NFnr6WGLxbCA==/com.feels-twVZykPd60NdJddbUWv_jw==/split_config.en.apk!/lib/arm64-v8a, /data/app/~~mod7R8gax5NFnr6WGLxbCA==/com.feels-twVZykPd60NdJddbUWv_jw==/split_config.mdpi.apk!/lib/arm64-v8a, /system/lib64, /system_ext/lib64]]"
},
{
    "type": "error",
    "source": "method",
    "method": "getPrivacyStatus",
    "package_name": "com.feels",
    "class_name": "com.adobe.marketing.mobile.MobileCore",
    "timestamp": 1728283922249,
    "error": "Error: java.lang.ClassNotFoundException: Didn't find class \"com.adobe.marketing.mobile.MobileCore\" on path: DexPathList[[zip file \"/data/app/~~mod7R8gax5NFnr6WGLxbCA==/com.feels-twVZykPd60NdJddbUWv_jw==/base.apk\", zip file \"/data/app/~~mod7R8gax5NFnr6WGLxbCA==/com.feels-twVZykPd60NdJddbUWv_jw==/split_config.arm64_v8a.apk\", zip file \"/data/app/~~mod7R8gax5NFnr6WGLxbCA==/com.feels-twVZykPd60NdJddbUWv_jw==/split_config.en.apk\", zip file \"/data/app/~~mod7R8gax5NFnr6WGLxbCA==/com.feels-twVZykPd60NdJddbUWv_jw==/split_config.mdpi.apk\"],nativeLibraryDirectories=[/data/app/~~mod7R8gax5NFnr6WGLxbCA==/com.feels-twVZykPd60NdJddbUWv_jw==/lib/arm64, /data/app/~~mod7R8gax5NFnr6WGLxbCA==/com.feels-twVZykPd60NdJddbUWv_jw==/base.apk!/lib/arm64-v8a, /data/app/~~mod7R8gax5NFnr6WGLxbCA==/com.feels-twVZykPd60NdJddbUWv_jw==/split_config.arm64_v8a.apk!/lib/arm64-v8a, /data/app/~~mod7R8gax5NFnr6WGLxbCA==/com.feels-twVZykPd60NdJddbUWv_jw==/split_config.en.apk!/lib/arm64-v8a, /data/app/~~mod7R8gax5NFnr6WGLxbCA==/com.feels-twVZykPd60NdJddbUWv_jw==/split_config.mdpi.apk!/lib/arm64-v8a, /system/lib64, /system_ext/lib64]]"
},
{
    "type": "error",
    "source": "method",
    "method": "getSdkIdentities",
    "package_name": "com.feels",
    "class_name": "com.adobe.marketing.mobile.MobileCore",
    "timestamp": 1728283922253,
    "error": "Error: java.lang.ClassNotFoundException: Didn't find class \"com.adobe.marketing.mobile.MobileCore\" on path: DexPathList[[zip file \"/data/app/~~mod7R8gax5NFnr6WGLxbCA==/com.feels-twVZykPd60NdJddbUWv_jw==/base.apk\", zip file \"/data/app/~~mod7R8gax5NFnr6WGLxbCA==/com.feels-twVZykPd60NdJddbUWv_jw==/split_config.arm64_v8a.apk\", zip file \"/data/app/~~mod7R8gax5NFnr6WGLxbCA==/com.feels-twVZykPd60NdJddbUWv_jw==/split_config.en.apk\", zip file \"/data/app/~~mod7R8gax5NFnr6WGLxbCA==/com.feels-twVZykPd60NdJddbUWv_jw==/split_config.mdpi.apk\"],nativeLibraryDirectories=[/data/app/~~mod7R8gax5NFnr6WGLxbCA==/com.feels-twVZykPd60NdJddbUWv_jw==/lib/arm64, /data/app/~~mod7R8gax5NFnr6WGLxbCA==/com.feels-twVZykPd60NdJddbUWv_jw==/base.apk!/lib/arm64-v8a, /data/app/~~mod7R8gax5NFnr6WGLxbCA==/com.feels-twVZykPd60NdJddbUWv_jw==/split_config.arm64_v8a.apk!/lib/arm64-v8a, /data/app/~~mod7R8gax5NFnr6WGLxbCA==/com.feels-twVZykPd60NdJddbUWv_jw==/split_config.en.apk!/lib/arm64-v8a, /data/app/~~mod7R8gax5NFnr6WGLxbCA==/com.feels-twVZykPd60NdJddbUWv_jw==/split_config.mdpi.apk!/lib/arm64-v8a, /system/lib64, /system_ext/lib64]]"
},
{
    "type": "error",
    "source": "method",
    "method": "collectPii",
    "package_name": "com.feels",
    "class_name": "com.adobe.marketing.mobile.MobileCore",
    "timestamp": 1728283922257,
    "error": "Error: java.lang.ClassNotFoundException: Didn't find class \"com.adobe.marketing.mobile.MobileCore\" on path: DexPathList[[zip file \"/data/app/~~mod7R8gax5NFnr6WGLxbCA==/com.feels-twVZykPd60NdJddbUWv_jw==/base.apk\", zip file \"/data/app/~~mod7R8gax5NFnr6WGLxbCA==/com.feels-twVZykPd60NdJddbUWv_jw==/split_config.arm64_v8a.apk\", zip file \"/data/app/~~mod7R8gax5NFnr6WGLxbCA==/com.feels-twVZykPd60NdJddbUWv_jw==/split_config.en.apk\", zip file \"/data/app/~~mod7R8gax5NFnr6WGLxbCA==/com.feels-twVZykPd60NdJddbUWv_jw==/split_config.mdpi.apk\"],nativeLibraryDirectories=[/data/app/~~mod7R8gax5NFnr6WGLxbCA==/com.feels-twVZykPd60NdJddbUWv_jw==/lib/arm64, /data/app/~~mod7R8gax5NFnr6WGLxbCA==/com.feels-twVZykPd60NdJddbUWv_jw==/base.apk!/lib/arm64-v8a, /data/app/~~mod7R8gax5NFnr6WGLxbCA==/com.feels-twVZykPd60NdJddbUWv_jw==/split_config.arm64_v8a.apk!/lib/arm64-v8a, /data/app/~~mod7R8gax5NFnr6WGLxbCA==/com.feels-twVZykPd60NdJddbUWv_jw==/split_config.en.apk!/lib/arm64-v8a, /data/app/~~mod7R8gax5NFnr6WGLxbCA==/com.feels-twVZykPd60NdJddbUWv_jw==/split_config.mdpi.apk!/lib/arm64-v8a, /system/lib64, /system_ext/lib64]]"
},
{
    "type": "error",
    "source": "method",
    "method": "setUseAdvertisingIdForDeviceId",
    "package_name": "com.feels",
    "class_name": "com.amplitude.android.Amplitude",
    "timestamp": 1728283922263,
    "error": "Error: java.lang.ClassNotFoundException: Didn't find class \"com.amplitude.android.Amplitude\" on path: DexPathList[[zip file \"/data/app/~~mod7R8gax5NFnr6WGLxbCA==/com.feels-twVZykPd60NdJddbUWv_jw==/base.apk\", zip file \"/data/app/~~mod7R8gax5NFnr6WGLxbCA==/com.feels-twVZykPd60NdJddbUWv_jw==/split_config.arm64_v8a.apk\", zip file \"/data/app/~~mod7R8gax5NFnr6WGLxbCA==/com.feels-twVZykPd60NdJddbUWv_jw==/split_config.en.apk\", zip file \"/data/app/~~mod7R8gax5NFnr6WGLxbCA==/com.feels-twVZykPd60NdJddbUWv_jw==/split_config.mdpi.apk\"],nativeLibraryDirectories=[/data/app/~~mod7R8gax5NFnr6WGLxbCA==/com.feels-twVZykPd60NdJddbUWv_jw==/lib/arm64, /data/app/~~mod7R8gax5NFnr6WGLxbCA==/com.feels-twVZykPd60NdJddbUWv_jw==/base.apk!/lib/arm64-v8a, /data/app/~~mod7R8gax5NFnr6WGLxbCA==/com.feels-twVZykPd60NdJddbUWv_jw==/split_config.arm64_v8a.apk!/lib/arm64-v8a, /data/app/~~mod7R8gax5NFnr6WGLxbCA==/com.feels-twVZykPd60NdJddbUWv_jw==/split_config.en.apk!/lib/arm64-v8a, /data/app/~~mod7R8gax5NFnr6WGLxbCA==/com.feels-twVZykPd60NdJddbUWv_jw==/split_config.mdpi.apk!/lib/arm64-v8a, /system/lib64, /system_ext/lib64]]"
},
{
    "type": "error",
    "source": "method",
    "method": "setUseAppSetIdForDeviceId",
    "package_name": "com.feels",
    "class_name": "com.amplitude.android.Amplitude",
    "timestamp": 1728283922267,
    "error": "Error: java.lang.ClassNotFoundException: Didn't find class \"com.amplitude.android.Amplitude\" on path: DexPathList[[zip file \"/data/app/~~mod7R8gax5NFnr6WGLxbCA==/com.feels-twVZykPd60NdJddbUWv_jw==/base.apk\", zip file \"/data/app/~~mod7R8gax5NFnr6WGLxbCA==/com.feels-twVZykPd60NdJddbUWv_jw==/split_config.arm64_v8a.apk\", zip file \"/data/app/~~mod7R8gax5NFnr6WGLxbCA==/com.feels-twVZykPd60NdJddbUWv_jw==/split_config.en.apk\", zip file \"/data/app/~~mod7R8gax5NFnr6WGLxbCA==/com.feels-twVZykPd60NdJddbUWv_jw==/split_config.mdpi.apk\"],nativeLibraryDirectories=[/data/app/~~mod7R8gax5NFnr6WGLxbCA==/com.feels-twVZykPd60NdJddbUWv_jw==/lib/arm64, /data/app/~~mod7R8gax5NFnr6WGLxbCA==/com.feels-twVZykPd60NdJddbUWv_jw==/base.apk!/lib/arm64-v8a, /data/app/~~mod7R8gax5NFnr6WGLxbCA==/com.feels-twVZykPd60NdJddbUWv_jw==/split_config.arm64_v8a.apk!/lib/arm64-v8a, /data/app/~~mod7R8gax5NFnr6WGLxbCA==/com.feels-twVZykPd60NdJddbUWv_jw==/split_config.en.apk!/lib/arm64-v8a, /data/app/~~mod7R8gax5NFnr6WGLxbCA==/com.feels-twVZykPd60NdJddbUWv_jw==/split_config.mdpi.apk!/lib/arm64-v8a, /system/lib64, /system_ext/lib64]]"
},
{
    "type": "error",
    "source": "method",
    "method": "setLocationListening",
    "package_name": "com.feels",
    "class_name": "com.amplitude.android.Amplitude",
    "timestamp": 1728283922271,
    "error": "Error: java.lang.ClassNotFoundException: Didn't find class \"com.amplitude.android.Amplitude\" on path: DexPathList[[zip file \"/data/app/~~mod7R8gax5NFnr6WGLxbCA==/com.feels-twVZykPd60NdJddbUWv_jw==/base.apk\", zip file \"/data/app/~~mod7R8gax5NFnr6WGLxbCA==/com.feels-twVZykPd60NdJddbUWv_jw==/split_config.arm64_v8a.apk\", zip file \"/data/app/~~mod7R8gax5NFnr6WGLxbCA==/com.feels-twVZykPd60NdJddbUWv_jw==/split_config.en.apk\", zip file \"/data/app/~~mod7R8gax5NFnr6WGLxbCA==/com.feels-twVZykPd60NdJddbUWv_jw==/split_config.mdpi.apk\"],nativeLibraryDirectories=[/data/app/~~mod7R8gax5NFnr6WGLxbCA==/com.feels-twVZykPd60NdJddbUWv_jw==/lib/arm64, /data/app/~~mod7R8gax5NFnr6WGLxbCA==/com.feels-twVZykPd60NdJddbUWv_jw==/base.apk!/lib/arm64-v8a, /data/app/~~mod7R8gax5NFnr6WGLxbCA==/com.feels-twVZykPd60NdJddbUWv_jw==/split_config.arm64_v8a.apk!/lib/arm64-v8a, /data/app/~~mod7R8gax5NFnr6WGLxbCA==/com.feels-twVZykPd60NdJddbUWv_jw==/split_config.en.apk!/lib/arm64-v8a, /data/app/~~mod7R8gax5NFnr6WGLxbCA==/com.feels-twVZykPd60NdJddbUWv_jw==/split_config.mdpi.apk!/lib/arm64-v8a, /system/lib64, /system_ext/lib64]]"
},
{
    "type": "error",
    "source": "method",
    "method": "setOptOut",
    "package_name": "com.feels",
    "class_name": "com.amplitude.android.Amplitude",
    "timestamp": 1728283922276,
    "error": "Error: java.lang.ClassNotFoundException: Didn't find class \"com.amplitude.android.Amplitude\" on path: DexPathList[[zip file \"/data/app/~~mod7R8gax5NFnr6WGLxbCA==/com.feels-twVZykPd60NdJddbUWv_jw==/base.apk\", zip file \"/data/app/~~mod7R8gax5NFnr6WGLxbCA==/com.feels-twVZykPd60NdJddbUWv_jw==/split_config.arm64_v8a.apk\", zip file \"/data/app/~~mod7R8gax5NFnr6WGLxbCA==/com.feels-twVZykPd60NdJddbUWv_jw==/split_config.en.apk\", zip file \"/data/app/~~mod7R8gax5NFnr6WGLxbCA==/com.feels-twVZykPd60NdJddbUWv_jw==/split_config.mdpi.apk\"],nativeLibraryDirectories=[/data/app/~~mod7R8gax5NFnr6WGLxbCA==/com.feels-twVZykPd60NdJddbUWv_jw==/lib/arm64, /data/app/~~mod7R8gax5NFnr6WGLxbCA==/com.feels-twVZykPd60NdJddbUWv_jw==/base.apk!/lib/arm64-v8a, /data/app/~~mod7R8gax5NFnr6WGLxbCA==/com.feels-twVZykPd60NdJddbUWv_jw==/split_config.arm64_v8a.apk!/lib/arm64-v8a, /data/app/~~mod7R8gax5NFnr6WGLxbCA==/com.feels-twVZykPd60NdJddbUWv_jw==/split_config.en.apk!/lib/arm64-v8a, /data/app/~~mod7R8gax5NFnr6WGLxbCA==/com.feels-twVZykPd60NdJddbUWv_jw==/split_config.mdpi.apk!/lib/arm64-v8a, /system/lib64, /system_ext/lib64]]"
},
{
    "type": "error",
    "source": "method",
    "method": "setLocationListening",
    "package_name": "com.feels",
    "class_name": "com.amplitude.android.Configuration",
    "timestamp": 1728283922282,
    "error": "Error: java.lang.ClassNotFoundException: Didn't find class \"com.amplitude.android.Configuration\" on path: DexPathList[[zip file \"/data/app/~~mod7R8gax5NFnr6WGLxbCA==/com.feels-twVZykPd60NdJddbUWv_jw==/base.apk\", zip file \"/data/app/~~mod7R8gax5NFnr6WGLxbCA==/com.feels-twVZykPd60NdJddbUWv_jw==/split_config.arm64_v8a.apk\", zip file \"/data/app/~~mod7R8gax5NFnr6WGLxbCA==/com.feels-twVZykPd60NdJddbUWv_jw==/split_config.en.apk\", zip file \"/data/app/~~mod7R8gax5NFnr6WGLxbCA==/com.feels-twVZykPd60NdJddbUWv_jw==/split_config.mdpi.apk\"],nativeLibraryDirectories=[/data/app/~~mod7R8gax5NFnr6WGLxbCA==/com.feels-twVZykPd60NdJddbUWv_jw==/lib/arm64, /data/app/~~mod7R8gax5NFnr6WGLxbCA==/com.feels-twVZykPd60NdJddbUWv_jw==/base.apk!/lib/arm64-v8a, /data/app/~~mod7R8gax5NFnr6WGLxbCA==/com.feels-twVZykPd60NdJddbUWv_jw==/split_config.arm64_v8a.apk!/lib/arm64-v8a, /data/app/~~mod7R8gax5NFnr6WGLxbCA==/com.feels-twVZykPd60NdJddbUWv_jw==/split_config.en.apk!/lib/arm64-v8a, /data/app/~~mod7R8gax5NFnr6WGLxbCA==/com.feels-twVZykPd60NdJddbUWv_jw==/split_config.mdpi.apk!/lib/arm64-v8a, /system/lib64, /system_ext/lib64]]"
},
{
    "type": "error",
    "source": "method",
    "method": "useAdvertisingIdForDeviceId",
    "package_name": "com.feels",
    "class_name": "com.amplitude.android.Amplitude",
    "timestamp": 1728283922287,
    "error": "Error: java.lang.ClassNotFoundException: Didn't find class \"com.amplitude.android.Amplitude\" on path: DexPathList[[zip file \"/data/app/~~mod7R8gax5NFnr6WGLxbCA==/com.feels-twVZykPd60NdJddbUWv_jw==/base.apk\", zip file \"/data/app/~~mod7R8gax5NFnr6WGLxbCA==/com.feels-twVZykPd60NdJddbUWv_jw==/split_config.arm64_v8a.apk\", zip file \"/data/app/~~mod7R8gax5NFnr6WGLxbCA==/com.feels-twVZykPd60NdJddbUWv_jw==/split_config.en.apk\", zip file \"/data/app/~~mod7R8gax5NFnr6WGLxbCA==/com.feels-twVZykPd60NdJddbUWv_jw==/split_config.mdpi.apk\"],nativeLibraryDirectories=[/data/app/~~mod7R8gax5NFnr6WGLxbCA==/com.feels-twVZykPd60NdJddbUWv_jw==/lib/arm64, /data/app/~~mod7R8gax5NFnr6WGLxbCA==/com.feels-twVZykPd60NdJddbUWv_jw==/base.apk!/lib/arm64-v8a, /data/app/~~mod7R8gax5NFnr6WGLxbCA==/com.feels-twVZykPd60NdJddbUWv_jw==/split_config.arm64_v8a.apk!/lib/arm64-v8a, /data/app/~~mod7R8gax5NFnr6WGLxbCA==/com.feels-twVZykPd60NdJddbUWv_jw==/split_config.en.apk!/lib/arm64-v8a, /data/app/~~mod7R8gax5NFnr6WGLxbCA==/com.feels-twVZykPd60NdJddbUWv_jw==/split_config.mdpi.apk!/lib/arm64-v8a, /system/lib64, /system_ext/lib64]]"
},
{
    "type": "error",
    "source": "method",
    "method": "setUseAdvertisingIdForDeviceId",
    "package_name": "com.feels",
    "class_name": "com.amplitude.android.Amplitude",
    "timestamp": 1728283922291,
    "error": "Error: java.lang.ClassNotFoundException: Didn't find class \"com.amplitude.android.Amplitude\" on path: DexPathList[[zip file \"/data/app/~~mod7R8gax5NFnr6WGLxbCA==/com.feels-twVZykPd60NdJddbUWv_jw==/base.apk\", zip file \"/data/app/~~mod7R8gax5NFnr6WGLxbCA==/com.feels-twVZykPd60NdJddbUWv_jw==/split_config.arm64_v8a.apk\", zip file \"/data/app/~~mod7R8gax5NFnr6WGLxbCA==/com.feels-twVZykPd60NdJddbUWv_jw==/split_config.en.apk\", zip file \"/data/app/~~mod7R8gax5NFnr6WGLxbCA==/com.feels-twVZykPd60NdJddbUWv_jw==/split_config.mdpi.apk\"],nativeLibraryDirectories=[/data/app/~~mod7R8gax5NFnr6WGLxbCA==/com.feels-twVZykPd60NdJddbUWv_jw==/lib/arm64, /data/app/~~mod7R8gax5NFnr6WGLxbCA==/com.feels-twVZykPd60NdJddbUWv_jw==/base.apk!/lib/arm64-v8a, /data/app/~~mod7R8gax5NFnr6WGLxbCA==/com.feels-twVZykPd60NdJddbUWv_jw==/split_config.arm64_v8a.apk!/lib/arm64-v8a, /data/app/~~mod7R8gax5NFnr6WGLxbCA==/com.feels-twVZykPd60NdJddbUWv_jw==/split_config.en.apk!/lib/arm64-v8a, /data/app/~~mod7R8gax5NFnr6WGLxbCA==/com.feels-twVZykPd60NdJddbUWv_jw==/split_config.mdpi.apk!/lib/arm64-v8a, /system/lib64, /system_ext/lib64]]"
},
{
    "type": "error",
    "source": "method",
    "method": "useAppSetIdForDeviceId",
    "package_name": "com.feels",
    "class_name": "com.amplitude.android.Amplitude",
    "timestamp": 1728283922296,
    "error": "Error: java.lang.ClassNotFoundException: Didn't find class \"com.amplitude.android.Amplitude\" on path: DexPathList[[zip file \"/data/app/~~mod7R8gax5NFnr6WGLxbCA==/com.feels-twVZykPd60NdJddbUWv_jw==/base.apk\", zip file \"/data/app/~~mod7R8gax5NFnr6WGLxbCA==/com.feels-twVZykPd60NdJddbUWv_jw==/split_config.arm64_v8a.apk\", zip file \"/data/app/~~mod7R8gax5NFnr6WGLxbCA==/com.feels-twVZykPd60NdJddbUWv_jw==/split_config.en.apk\", zip file \"/data/app/~~mod7R8gax5NFnr6WGLxbCA==/com.feels-twVZykPd60NdJddbUWv_jw==/split_config.mdpi.apk\"],nativeLibraryDirectories=[/data/app/~~mod7R8gax5NFnr6WGLxbCA==/com.feels-twVZykPd60NdJddbUWv_jw==/lib/arm64, /data/app/~~mod7R8gax5NFnr6WGLxbCA==/com.feels-twVZykPd60NdJddbUWv_jw==/base.apk!/lib/arm64-v8a, /data/app/~~mod7R8gax5NFnr6WGLxbCA==/com.feels-twVZykPd60NdJddbUWv_jw==/split_config.arm64_v8a.apk!/lib/arm64-v8a, /data/app/~~mod7R8gax5NFnr6WGLxbCA==/com.feels-twVZykPd60NdJddbUWv_jw==/split_config.en.apk!/lib/arm64-v8a, /data/app/~~mod7R8gax5NFnr6WGLxbCA==/com.feels-twVZykPd60NdJddbUWv_jw==/split_config.mdpi.apk!/lib/arm64-v8a, /system/lib64, /system_ext/lib64]]"
},
{
    "type": "error",
    "source": "method",
    "method": "tagForChildDirectedTreatment",
    "package_name": "com.feels",
    "class_name": "com.appbrain.AdService",
    "timestamp": 1728283922300,
    "error": "Error: java.lang.ClassNotFoundException: Didn't find class \"com.appbrain.AdService\" on path: DexPathList[[zip file \"/data/app/~~mod7R8gax5NFnr6WGLxbCA==/com.feels-twVZykPd60NdJddbUWv_jw==/base.apk\", zip file \"/data/app/~~mod7R8gax5NFnr6WGLxbCA==/com.feels-twVZykPd60NdJddbUWv_jw==/split_config.arm64_v8a.apk\", zip file \"/data/app/~~mod7R8gax5NFnr6WGLxbCA==/com.feels-twVZykPd60NdJddbUWv_jw==/split_config.en.apk\", zip file \"/data/app/~~mod7R8gax5NFnr6WGLxbCA==/com.feels-twVZykPd60NdJddbUWv_jw==/split_config.mdpi.apk\"],nativeLibraryDirectories=[/data/app/~~mod7R8gax5NFnr6WGLxbCA==/com.feels-twVZykPd60NdJddbUWv_jw==/lib/arm64, /data/app/~~mod7R8gax5NFnr6WGLxbCA==/com.feels-twVZykPd60NdJddbUWv_jw==/base.apk!/lib/arm64-v8a, /data/app/~~mod7R8gax5NFnr6WGLxbCA==/com.feels-twVZykPd60NdJddbUWv_jw==/split_config.arm64_v8a.apk!/lib/arm64-v8a, /data/app/~~mod7R8gax5NFnr6WGLxbCA==/com.feels-twVZykPd60NdJddbUWv_jw==/split_config.en.apk!/lib/arm64-v8a, /data/app/~~mod7R8gax5NFnr6WGLxbCA==/com.feels-twVZykPd60NdJddbUWv_jw==/split_config.mdpi.apk!/lib/arm64-v8a, /system/lib64, /system_ext/lib64]]"
},
{
    "type": "error",
    "source": "method",
    "method": "setUserData",
    "package_name": "com.feels",
    "class_name": "com.appbrain.AdService",
    "timestamp": 1728283922304,
    "error": "Error: java.lang.ClassNotFoundException: Didn't find class \"com.appbrain.AdService\" on path: DexPathList[[zip file \"/data/app/~~mod7R8gax5NFnr6WGLxbCA==/com.feels-twVZykPd60NdJddbUWv_jw==/base.apk\", zip file \"/data/app/~~mod7R8gax5NFnr6WGLxbCA==/com.feels-twVZykPd60NdJddbUWv_jw==/split_config.arm64_v8a.apk\", zip file \"/data/app/~~mod7R8gax5NFnr6WGLxbCA==/com.feels-twVZykPd60NdJddbUWv_jw==/split_config.en.apk\", zip file \"/data/app/~~mod7R8gax5NFnr6WGLxbCA==/com.feels-twVZykPd60NdJddbUWv_jw==/split_config.mdpi.apk\"],nativeLibraryDirectories=[/data/app/~~mod7R8gax5NFnr6WGLxbCA==/com.feels-twVZykPd60NdJddbUWv_jw==/lib/arm64, /data/app/~~mod7R8gax5NFnr6WGLxbCA==/com.feels-twVZykPd60NdJddbUWv_jw==/base.apk!/lib/arm64-v8a, /data/app/~~mod7R8gax5NFnr6WGLxbCA==/com.feels-twVZykPd60NdJddbUWv_jw==/split_config.arm64_v8a.apk!/lib/arm64-v8a, /data/app/~~mod7R8gax5NFnr6WGLxbCA==/com.feels-twVZykPd60NdJddbUWv_jw==/split_config.en.apk!/lib/arm64-v8a, /data/app/~~mod7R8gax5NFnr6WGLxbCA==/com.feels-twVZykPd60NdJddbUWv_jw==/split_config.mdpi.apk!/lib/arm64-v8a, /system/lib64, /system_ext/lib64]]"
},
{
    "type": "error",
    "source": "method",
    "method": "setHasUserConsent",
    "package_name": "com.feels",
    "class_name": "com.applovin.sdk.AppLovinPrivacySettings",
    "timestamp": 1728283922308,
    "error": "Error: java.lang.ClassNotFoundException: Didn't find class \"com.applovin.sdk.AppLovinPrivacySettings\" on path: DexPathList[[zip file \"/data/app/~~mod7R8gax5NFnr6WGLxbCA==/com.feels-twVZykPd60NdJddbUWv_jw==/base.apk\", zip file \"/data/app/~~mod7R8gax5NFnr6WGLxbCA==/com.feels-twVZykPd60NdJddbUWv_jw==/split_config.arm64_v8a.apk\", zip file \"/data/app/~~mod7R8gax5NFnr6WGLxbCA==/com.feels-twVZykPd60NdJddbUWv_jw==/split_config.en.apk\", zip file \"/data/app/~~mod7R8gax5NFnr6WGLxbCA==/com.feels-twVZykPd60NdJddbUWv_jw==/split_config.mdpi.apk\"],nativeLibraryDirectories=[/data/app/~~mod7R8gax5NFnr6WGLxbCA==/com.feels-twVZykPd60NdJddbUWv_jw==/lib/arm64, /data/app/~~mod7R8gax5NFnr6WGLxbCA==/com.feels-twVZykPd60NdJddbUWv_jw==/base.apk!/lib/arm64-v8a, /data/app/~~mod7R8gax5NFnr6WGLxbCA==/com.feels-twVZykPd60NdJddbUWv_jw==/split_config.arm64_v8a.apk!/lib/arm64-v8a, /data/app/~~mod7R8gax5NFnr6WGLxbCA==/com.feels-twVZykPd60NdJddbUWv_jw==/split_config.en.apk!/lib/arm64-v8a, /data/app/~~mod7R8gax5NFnr6WGLxbCA==/com.feels-twVZykPd60NdJddbUWv_jw==/split_config.mdpi.apk!/lib/arm64-v8a, /system/lib64, /system_ext/lib64]]"
},
{
    "type": "error",
    "source": "method",
    "method": "setIsAgeRestrictedUser",
    "package_name": "com.feels",
    "class_name": "com.applovin.sdk.AppLovinPrivacySettings",
    "timestamp": 1728283922312,
    "error": "Error: java.lang.ClassNotFoundException: Didn't find class \"com.applovin.sdk.AppLovinPrivacySettings\" on path: DexPathList[[zip file \"/data/app/~~mod7R8gax5NFnr6WGLxbCA==/com.feels-twVZykPd60NdJddbUWv_jw==/base.apk\", zip file \"/data/app/~~mod7R8gax5NFnr6WGLxbCA==/com.feels-twVZykPd60NdJddbUWv_jw==/split_config.arm64_v8a.apk\", zip file \"/data/app/~~mod7R8gax5NFnr6WGLxbCA==/com.feels-twVZykPd60NdJddbUWv_jw==/split_config.en.apk\", zip file \"/data/app/~~mod7R8gax5NFnr6WGLxbCA==/com.feels-twVZykPd60NdJddbUWv_jw==/split_config.mdpi.apk\"],nativeLibraryDirectories=[/data/app/~~mod7R8gax5NFnr6WGLxbCA==/com.feels-twVZykPd60NdJddbUWv_jw==/lib/arm64, /data/app/~~mod7R8gax5NFnr6WGLxbCA==/com.feels-twVZykPd60NdJddbUWv_jw==/base.apk!/lib/arm64-v8a, /data/app/~~mod7R8gax5NFnr6WGLxbCA==/com.feels-twVZykPd60NdJddbUWv_jw==/split_config.arm64_v8a.apk!/lib/arm64-v8a, /data/app/~~mod7R8gax5NFnr6WGLxbCA==/com.feels-twVZykPd60NdJddbUWv_jw==/split_config.en.apk!/lib/arm64-v8a, /data/app/~~mod7R8gax5NFnr6WGLxbCA==/com.feels-twVZykPd60NdJddbUWv_jw==/split_config.mdpi.apk!/lib/arm64-v8a, /system/lib64, /system_ext/lib64]]"
},
{
    "type": "error",
    "source": "method",
    "method": "setDoNotSell",
    "package_name": "com.feels",
    "class_name": "com.applovin.sdk.AppLovinPrivacySettings",
    "timestamp": 1728283922317,
    "error": "Error: java.lang.ClassNotFoundException: Didn't find class \"com.applovin.sdk.AppLovinPrivacySettings\" on path: DexPathList[[zip file \"/data/app/~~mod7R8gax5NFnr6WGLxbCA==/com.feels-twVZykPd60NdJddbUWv_jw==/base.apk\", zip file \"/data/app/~~mod7R8gax5NFnr6WGLxbCA==/com.feels-twVZykPd60NdJddbUWv_jw==/split_config.arm64_v8a.apk\", zip file \"/data/app/~~mod7R8gax5NFnr6WGLxbCA==/com.feels-twVZykPd60NdJddbUWv_jw==/split_config.en.apk\", zip file \"/data/app/~~mod7R8gax5NFnr6WGLxbCA==/com.feels-twVZykPd60NdJddbUWv_jw==/split_config.mdpi.apk\"],nativeLibraryDirectories=[/data/app/~~mod7R8gax5NFnr6WGLxbCA==/com.feels-twVZykPd60NdJddbUWv_jw==/lib/arm64, /data/app/~~mod7R8gax5NFnr6WGLxbCA==/com.feels-twVZykPd60NdJddbUWv_jw==/base.apk!/lib/arm64-v8a, /data/app/~~mod7R8gax5NFnr6WGLxbCA==/com.feels-twVZykPd60NdJddbUWv_jw==/split_config.arm64_v8a.apk!/lib/arm64-v8a, /data/app/~~mod7R8gax5NFnr6WGLxbCA==/com.feels-twVZykPd60NdJddbUWv_jw==/split_config.en.apk!/lib/arm64-v8a, /data/app/~~mod7R8gax5NFnr6WGLxbCA==/com.feels-twVZykPd60NdJddbUWv_jw==/split_config.mdpi.apk!/lib/arm64-v8a, /system/lib64, /system_ext/lib64]]"
},
{
    "type": "error",
    "source": "method",
    "method": "setConsent",
    "package_name": "com.feels",
    "class_name": "com.appnext.base.Appnext",
    "timestamp": 1728283922321,
    "error": "Error: java.lang.ClassNotFoundException: Didn't find class \"com.appnext.base.Appnext\" on path: DexPathList[[zip file \"/data/app/~~mod7R8gax5NFnr6WGLxbCA==/com.feels-twVZykPd60NdJddbUWv_jw==/base.apk\", zip file \"/data/app/~~mod7R8gax5NFnr6WGLxbCA==/com.feels-twVZykPd60NdJddbUWv_jw==/split_config.arm64_v8a.apk\", zip file \"/data/app/~~mod7R8gax5NFnr6WGLxbCA==/com.feels-twVZykPd60NdJddbUWv_jw==/split_config.en.apk\", zip file \"/data/app/~~mod7R8gax5NFnr6WGLxbCA==/com.feels-twVZykPd60NdJddbUWv_jw==/split_config.mdpi.apk\"],nativeLibraryDirectories=[/data/app/~~mod7R8gax5NFnr6WGLxbCA==/com.feels-twVZykPd60NdJddbUWv_jw==/lib/arm64, /data/app/~~mod7R8gax5NFnr6WGLxbCA==/com.feels-twVZykPd60NdJddbUWv_jw==/base.apk!/lib/arm64-v8a, /data/app/~~mod7R8gax5NFnr6WGLxbCA==/com.feels-twVZykPd60NdJddbUWv_jw==/split_config.arm64_v8a.apk!/lib/arm64-v8a, /data/app/~~mod7R8gax5NFnr6WGLxbCA==/com.feels-twVZykPd60NdJddbUWv_jw==/split_config.en.apk!/lib/arm64-v8a, /data/app/~~mod7R8gax5NFnr6WGLxbCA==/com.feels-twVZykPd60NdJddbUWv_jw==/split_config.mdpi.apk!/lib/arm64-v8a, /system/lib64, /system_ext/lib64]]"
},
{
    "type": "error",
    "source": "method",
    "method": "setConsentRequired",
    "package_name": "com.feels",
    "class_name": "com.appnexus.opensdk.ANGDPRSettings",
    "timestamp": 1728283922326,
    "error": "Error: java.lang.ClassNotFoundException: Didn't find class \"com.appnexus.opensdk.ANGDPRSettings\" on path: DexPathList[[zip file \"/data/app/~~mod7R8gax5NFnr6WGLxbCA==/com.feels-twVZykPd60NdJddbUWv_jw==/base.apk\", zip file \"/data/app/~~mod7R8gax5NFnr6WGLxbCA==/com.feels-twVZykPd60NdJddbUWv_jw==/split_config.arm64_v8a.apk\", zip file \"/data/app/~~mod7R8gax5NFnr6WGLxbCA==/com.feels-twVZykPd60NdJddbUWv_jw==/split_config.en.apk\", zip file \"/data/app/~~mod7R8gax5NFnr6WGLxbCA==/com.feels-twVZykPd60NdJddbUWv_jw==/split_config.mdpi.apk\"],nativeLibraryDirectories=[/data/app/~~mod7R8gax5NFnr6WGLxbCA==/com.feels-twVZykPd60NdJddbUWv_jw==/lib/arm64, /data/app/~~mod7R8gax5NFnr6WGLxbCA==/com.feels-twVZykPd60NdJddbUWv_jw==/base.apk!/lib/arm64-v8a, /data/app/~~mod7R8gax5NFnr6WGLxbCA==/com.feels-twVZykPd60NdJddbUWv_jw==/split_config.arm64_v8a.apk!/lib/arm64-v8a, /data/app/~~mod7R8gax5NFnr6WGLxbCA==/com.feels-twVZykPd60NdJddbUWv_jw==/split_config.en.apk!/lib/arm64-v8a, /data/app/~~mod7R8gax5NFnr6WGLxbCA==/com.feels-twVZykPd60NdJddbUWv_jw==/split_config.mdpi.apk!/lib/arm64-v8a, /system/lib64, /system_ext/lib64]]"
},
{
    "type": "error",
    "source": "method",
    "method": "setConsentString",
    "package_name": "com.feels",
    "class_name": "com.appnexus.opensdk.ANGDPRSettings",
    "timestamp": 1728283922330,
    "error": "Error: java.lang.ClassNotFoundException: Didn't find class \"com.appnexus.opensdk.ANGDPRSettings\" on path: DexPathList[[zip file \"/data/app/~~mod7R8gax5NFnr6WGLxbCA==/com.feels-twVZykPd60NdJddbUWv_jw==/base.apk\", zip file \"/data/app/~~mod7R8gax5NFnr6WGLxbCA==/com.feels-twVZykPd60NdJddbUWv_jw==/split_config.arm64_v8a.apk\", zip file \"/data/app/~~mod7R8gax5NFnr6WGLxbCA==/com.feels-twVZykPd60NdJddbUWv_jw==/split_config.en.apk\", zip file \"/data/app/~~mod7R8gax5NFnr6WGLxbCA==/com.feels-twVZykPd60NdJddbUWv_jw==/split_config.mdpi.apk\"],nativeLibraryDirectories=[/data/app/~~mod7R8gax5NFnr6WGLxbCA==/com.feels-twVZykPd60NdJddbUWv_jw==/lib/arm64, /data/app/~~mod7R8gax5NFnr6WGLxbCA==/com.feels-twVZykPd60NdJddbUWv_jw==/base.apk!/lib/arm64-v8a, /data/app/~~mod7R8gax5NFnr6WGLxbCA==/com.feels-twVZykPd60NdJddbUWv_jw==/split_config.arm64_v8a.apk!/lib/arm64-v8a, /data/app/~~mod7R8gax5NFnr6WGLxbCA==/com.feels-twVZykPd60NdJddbUWv_jw==/split_config.en.apk!/lib/arm64-v8a, /data/app/~~mod7R8gax5NFnr6WGLxbCA==/com.feels-twVZykPd60NdJddbUWv_jw==/split_config.mdpi.apk!/lib/arm64-v8a, /system/lib64, /system_ext/lib64]]"
},
{
    "type": "error",
    "source": "method",
    "method": "setPurposeConsents",
    "package_name": "com.feels",
    "class_name": "com.appnexus.opensdk.ANGDPRSettings",
    "timestamp": 1728283922334,
    "error": "Error: java.lang.ClassNotFoundException: Didn't find class \"com.appnexus.opensdk.ANGDPRSettings\" on path: DexPathList[[zip file \"/data/app/~~mod7R8gax5NFnr6WGLxbCA==/com.feels-twVZykPd60NdJddbUWv_jw==/base.apk\", zip file \"/data/app/~~mod7R8gax5NFnr6WGLxbCA==/com.feels-twVZykPd60NdJddbUWv_jw==/split_config.arm64_v8a.apk\", zip file \"/data/app/~~mod7R8gax5NFnr6WGLxbCA==/com.feels-twVZykPd60NdJddbUWv_jw==/split_config.en.apk\", zip file \"/data/app/~~mod7R8gax5NFnr6WGLxbCA==/com.feels-twVZykPd60NdJddbUWv_jw==/split_config.mdpi.apk\"],nativeLibraryDirectories=[/data/app/~~mod7R8gax5NFnr6WGLxbCA==/com.feels-twVZykPd60NdJddbUWv_jw==/lib/arm64, /data/app/~~mod7R8gax5NFnr6WGLxbCA==/com.feels-twVZykPd60NdJddbUWv_jw==/base.apk!/lib/arm64-v8a, /data/app/~~mod7R8gax5NFnr6WGLxbCA==/com.feels-twVZykPd60NdJddbUWv_jw==/split_config.arm64_v8a.apk!/lib/arm64-v8a, /data/app/~~mod7R8gax5NFnr6WGLxbCA==/com.feels-twVZykPd60NdJddbUWv_jw==/split_config.en.apk!/lib/arm64-v8a, /data/app/~~mod7R8gax5NFnr6WGLxbCA==/com.feels-twVZykPd60NdJddbUWv_jw==/split_config.mdpi.apk!/lib/arm64-v8a, /system/lib64, /system_ext/lib64]]"
},
{
    "type": "error",
    "source": "method",
    "method": "setUSPrivacyString",
    "package_name": "com.feels",
    "class_name": "com.appnexus.opensdk.ANUSPrivacySettings",
    "timestamp": 1728283922339,
    "error": "Error: java.lang.ClassNotFoundException: Didn't find class \"com.appnexus.opensdk.ANUSPrivacySettings\" on path: DexPathList[[zip file \"/data/app/~~mod7R8gax5NFnr6WGLxbCA==/com.feels-twVZykPd60NdJddbUWv_jw==/base.apk\", zip file \"/data/app/~~mod7R8gax5NFnr6WGLxbCA==/com.feels-twVZykPd60NdJddbUWv_jw==/split_config.arm64_v8a.apk\", zip file \"/data/app/~~mod7R8gax5NFnr6WGLxbCA==/com.feels-twVZykPd60NdJddbUWv_jw==/split_config.en.apk\", zip file \"/data/app/~~mod7R8gax5NFnr6WGLxbCA==/com.feels-twVZykPd60NdJddbUWv_jw==/split_config.mdpi.apk\"],nativeLibraryDirectories=[/data/app/~~mod7R8gax5NFnr6WGLxbCA==/com.feels-twVZykPd60NdJddbUWv_jw==/lib/arm64, /data/app/~~mod7R8gax5NFnr6WGLxbCA==/com.feels-twVZykPd60NdJddbUWv_jw==/base.apk!/lib/arm64-v8a, /data/app/~~mod7R8gax5NFnr6WGLxbCA==/com.feels-twVZykPd60NdJddbUWv_jw==/split_config.arm64_v8a.apk!/lib/arm64-v8a, /data/app/~~mod7R8gax5NFnr6WGLxbCA==/com.feels-twVZykPd60NdJddbUWv_jw==/split_config.en.apk!/lib/arm64-v8a, /data/app/~~mod7R8gax5NFnr6WGLxbCA==/com.feels-twVZykPd60NdJddbUWv_jw==/split_config.mdpi.apk!/lib/arm64-v8a, /system/lib64, /system_ext/lib64]]"
},
{
    "type": "error",
    "source": "method",
    "method": "getUSPrivacyString",
    "package_name": "com.feels",
    "class_name": "com.appnexus.opensdk.ANUSPrivacySettings",
    "timestamp": 1728283922343,
    "error": "Error: java.lang.ClassNotFoundException: Didn't find class \"com.appnexus.opensdk.ANUSPrivacySettings\" on path: DexPathList[[zip file \"/data/app/~~mod7R8gax5NFnr6WGLxbCA==/com.feels-twVZykPd60NdJddbUWv_jw==/base.apk\", zip file \"/data/app/~~mod7R8gax5NFnr6WGLxbCA==/com.feels-twVZykPd60NdJddbUWv_jw==/split_config.arm64_v8a.apk\", zip file \"/data/app/~~mod7R8gax5NFnr6WGLxbCA==/com.feels-twVZykPd60NdJddbUWv_jw==/split_config.en.apk\", zip file \"/data/app/~~mod7R8gax5NFnr6WGLxbCA==/com.feels-twVZykPd60NdJddbUWv_jw==/split_config.mdpi.apk\"],nativeLibraryDirectories=[/data/app/~~mod7R8gax5NFnr6WGLxbCA==/com.feels-twVZykPd60NdJddbUWv_jw==/lib/arm64, /data/app/~~mod7R8gax5NFnr6WGLxbCA==/com.feels-twVZykPd60NdJddbUWv_jw==/base.apk!/lib/arm64-v8a, /data/app/~~mod7R8gax5NFnr6WGLxbCA==/com.feels-twVZykPd60NdJddbUWv_jw==/split_config.arm64_v8a.apk!/lib/arm64-v8a, /data/app/~~mod7R8gax5NFnr6WGLxbCA==/com.feels-twVZykPd60NdJddbUWv_jw==/split_config.en.apk!/lib/arm64-v8a, /data/app/~~mod7R8gax5NFnr6WGLxbCA==/com.feels-twVZykPd60NdJddbUWv_jw==/split_config.mdpi.apk!/lib/arm64-v8a, /system/lib64, /system_ext/lib64]]"
},
{
    "type": "error",
    "source": "method",
    "method": "reset",
    "package_name": "com.feels",
    "class_name": "com.appnexus.opensdk.ANUSPrivacySettings",
    "timestamp": 1728283922348,
    "error": "Error: java.lang.ClassNotFoundException: Didn't find class \"com.appnexus.opensdk.ANUSPrivacySettings\" on path: DexPathList[[zip file \"/data/app/~~mod7R8gax5NFnr6WGLxbCA==/com.feels-twVZykPd60NdJddbUWv_jw==/base.apk\", zip file \"/data/app/~~mod7R8gax5NFnr6WGLxbCA==/com.feels-twVZykPd60NdJddbUWv_jw==/split_config.arm64_v8a.apk\", zip file \"/data/app/~~mod7R8gax5NFnr6WGLxbCA==/com.feels-twVZykPd60NdJddbUWv_jw==/split_config.en.apk\", zip file \"/data/app/~~mod7R8gax5NFnr6WGLxbCA==/com.feels-twVZykPd60NdJddbUWv_jw==/split_config.mdpi.apk\"],nativeLibraryDirectories=[/data/app/~~mod7R8gax5NFnr6WGLxbCA==/com.feels-twVZykPd60NdJddbUWv_jw==/lib/arm64, /data/app/~~mod7R8gax5NFnr6WGLxbCA==/com.feels-twVZykPd60NdJddbUWv_jw==/base.apk!/lib/arm64-v8a, /data/app/~~mod7R8gax5NFnr6WGLxbCA==/com.feels-twVZykPd60NdJddbUWv_jw==/split_config.arm64_v8a.apk!/lib/arm64-v8a, /data/app/~~mod7R8gax5NFnr6WGLxbCA==/com.feels-twVZykPd60NdJddbUWv_jw==/split_config.en.apk!/lib/arm64-v8a, /data/app/~~mod7R8gax5NFnr6WGLxbCA==/com.feels-twVZykPd60NdJddbUWv_jw==/split_config.mdpi.apk!/lib/arm64-v8a, /system/lib64, /system_ext/lib64]]"
},
{
    "type": "error",
    "source": "method",
    "method": "setDSARequired",
    "package_name": "com.feels",
    "class_name": "com.appnexus.opensdk.ANDSASettings",
    "timestamp": 1728283922352,
    "error": "Error: java.lang.ClassNotFoundException: Didn't find class \"com.appnexus.opensdk.ANDSASettings\" on path: DexPathList[[zip file \"/data/app/~~mod7R8gax5NFnr6WGLxbCA==/com.feels-twVZykPd60NdJddbUWv_jw==/base.apk\", zip file \"/data/app/~~mod7R8gax5NFnr6WGLxbCA==/com.feels-twVZykPd60NdJddbUWv_jw==/split_config.arm64_v8a.apk\", zip file \"/data/app/~~mod7R8gax5NFnr6WGLxbCA==/com.feels-twVZykPd60NdJddbUWv_jw==/split_config.en.apk\", zip file \"/data/app/~~mod7R8gax5NFnr6WGLxbCA==/com.feels-twVZykPd60NdJddbUWv_jw==/split_config.mdpi.apk\"],nativeLibraryDirectories=[/data/app/~~mod7R8gax5NFnr6WGLxbCA==/com.feels-twVZykPd60NdJddbUWv_jw==/lib/arm64, /data/app/~~mod7R8gax5NFnr6WGLxbCA==/com.feels-twVZykPd60NdJddbUWv_jw==/base.apk!/lib/arm64-v8a, /data/app/~~mod7R8gax5NFnr6WGLxbCA==/com.feels-twVZykPd60NdJddbUWv_jw==/split_config.arm64_v8a.apk!/lib/arm64-v8a, /data/app/~~mod7R8gax5NFnr6WGLxbCA==/com.feels-twVZykPd60NdJddbUWv_jw==/split_config.en.apk!/lib/arm64-v8a, /data/app/~~mod7R8gax5NFnr6WGLxbCA==/com.feels-twVZykPd60NdJddbUWv_jw==/split_config.mdpi.apk!/lib/arm64-v8a, /system/lib64, /system_ext/lib64]]"
},
{
    "type": "error",
    "source": "method",
    "method": "setPubRender",
    "package_name": "com.feels",
    "class_name": "com.appnexus.opensdk.ANDSASettings",
    "timestamp": 1728283922356,
    "error": "Error: java.lang.ClassNotFoundException: Didn't find class \"com.appnexus.opensdk.ANDSASettings\" on path: DexPathList[[zip file \"/data/app/~~mod7R8gax5NFnr6WGLxbCA==/com.feels-twVZykPd60NdJddbUWv_jw==/base.apk\", zip file \"/data/app/~~mod7R8gax5NFnr6WGLxbCA==/com.feels-twVZykPd60NdJddbUWv_jw==/split_config.arm64_v8a.apk\", zip file \"/data/app/~~mod7R8gax5NFnr6WGLxbCA==/com.feels-twVZykPd60NdJddbUWv_jw==/split_config.en.apk\", zip file \"/data/app/~~mod7R8gax5NFnr6WGLxbCA==/com.feels-twVZykPd60NdJddbUWv_jw==/split_config.mdpi.apk\"],nativeLibraryDirectories=[/data/app/~~mod7R8gax5NFnr6WGLxbCA==/com.feels-twVZykPd60NdJddbUWv_jw==/lib/arm64, /data/app/~~mod7R8gax5NFnr6WGLxbCA==/com.feels-twVZykPd60NdJddbUWv_jw==/base.apk!/lib/arm64-v8a, /data/app/~~mod7R8gax5NFnr6WGLxbCA==/com.feels-twVZykPd60NdJddbUWv_jw==/split_config.arm64_v8a.apk!/lib/arm64-v8a, /data/app/~~mod7R8gax5NFnr6WGLxbCA==/com.feels-twVZykPd60NdJddbUWv_jw==/split_config.en.apk!/lib/arm64-v8a, /data/app/~~mod7R8gax5NFnr6WGLxbCA==/com.feels-twVZykPd60NdJddbUWv_jw==/split_config.mdpi.apk!/lib/arm64-v8a, /system/lib64, /system_ext/lib64]]"
},
{
    "type": "error",
    "source": "method",
    "method": "setTransparencyList",
    "package_name": "com.feels",
    "class_name": "com.appnexus.opensdk.ANDSASettings",
    "timestamp": 1728283922360,
    "error": "Error: java.lang.ClassNotFoundException: Didn't find class \"com.appnexus.opensdk.ANDSASettings\" on path: DexPathList[[zip file \"/data/app/~~mod7R8gax5NFnr6WGLxbCA==/com.feels-twVZykPd60NdJddbUWv_jw==/base.apk\", zip file \"/data/app/~~mod7R8gax5NFnr6WGLxbCA==/com.feels-twVZykPd60NdJddbUWv_jw==/split_config.arm64_v8a.apk\", zip file \"/data/app/~~mod7R8gax5NFnr6WGLxbCA==/com.feels-twVZykPd60NdJddbUWv_jw==/split_config.en.apk\", zip file \"/data/app/~~mod7R8gax5NFnr6WGLxbCA==/com.feels-twVZykPd60NdJddbUWv_jw==/split_config.mdpi.apk\"],nativeLibraryDirectories=[/data/app/~~mod7R8gax5NFnr6WGLxbCA==/com.feels-twVZykPd60NdJddbUWv_jw==/lib/arm64, /data/app/~~mod7R8gax5NFnr6WGLxbCA==/com.feels-twVZykPd60NdJddbUWv_jw==/base.apk!/lib/arm64-v8a, /data/app/~~mod7R8gax5NFnr6WGLxbCA==/com.feels-twVZykPd60NdJddbUWv_jw==/split_config.arm64_v8a.apk!/lib/arm64-v8a, /data/app/~~mod7R8gax5NFnr6WGLxbCA==/com.feels-twVZykPd60NdJddbUWv_jw==/split_config.en.apk!/lib/arm64-v8a, /data/app/~~mod7R8gax5NFnr6WGLxbCA==/com.feels-twVZykPd60NdJddbUWv_jw==/split_config.mdpi.apk!/lib/arm64-v8a, /system/lib64, /system_ext/lib64]]"
},
{
    "type": "error",
    "source": "method",
    "method": "getDSARequired",
    "package_name": "com.feels",
    "class_name": "com.appnexus.opensdk.ANDSASettings",
    "timestamp": 1728283922364,
    "error": "Error: java.lang.ClassNotFoundException: Didn't find class \"com.appnexus.opensdk.ANDSASettings\" on path: DexPathList[[zip file \"/data/app/~~mod7R8gax5NFnr6WGLxbCA==/com.feels-twVZykPd60NdJddbUWv_jw==/base.apk\", zip file \"/data/app/~~mod7R8gax5NFnr6WGLxbCA==/com.feels-twVZykPd60NdJddbUWv_jw==/split_config.arm64_v8a.apk\", zip file \"/data/app/~~mod7R8gax5NFnr6WGLxbCA==/com.feels-twVZykPd60NdJddbUWv_jw==/split_config.en.apk\", zip file \"/data/app/~~mod7R8gax5NFnr6WGLxbCA==/com.feels-twVZykPd60NdJddbUWv_jw==/split_config.mdpi.apk\"],nativeLibraryDirectories=[/data/app/~~mod7R8gax5NFnr6WGLxbCA==/com.feels-twVZykPd60NdJddbUWv_jw==/lib/arm64, /data/app/~~mod7R8gax5NFnr6WGLxbCA==/com.feels-twVZykPd60NdJddbUWv_jw==/base.apk!/lib/arm64-v8a, /data/app/~~mod7R8gax5NFnr6WGLxbCA==/com.feels-twVZykPd60NdJddbUWv_jw==/split_config.arm64_v8a.apk!/lib/arm64-v8a, /data/app/~~mod7R8gax5NFnr6WGLxbCA==/com.feels-twVZykPd60NdJddbUWv_jw==/split_config.en.apk!/lib/arm64-v8a, /data/app/~~mod7R8gax5NFnr6WGLxbCA==/com.feels-twVZykPd60NdJddbUWv_jw==/split_config.mdpi.apk!/lib/arm64-v8a, /system/lib64, /system_ext/lib64]]"
},
{
    "type": "error",
    "source": "method",
    "method": "getPubRender",
    "package_name": "com.feels",
    "class_name": "com.appnexus.opensdk.ANDSASettings",
    "timestamp": 1728283922369,
    "error": "Error: java.lang.ClassNotFoundException: Didn't find class \"com.appnexus.opensdk.ANDSASettings\" on path: DexPathList[[zip file \"/data/app/~~mod7R8gax5NFnr6WGLxbCA==/com.feels-twVZykPd60NdJddbUWv_jw==/base.apk\", zip file \"/data/app/~~mod7R8gax5NFnr6WGLxbCA==/com.feels-twVZykPd60NdJddbUWv_jw==/split_config.arm64_v8a.apk\", zip file \"/data/app/~~mod7R8gax5NFnr6WGLxbCA==/com.feels-twVZykPd60NdJddbUWv_jw==/split_config.en.apk\", zip file \"/data/app/~~mod7R8gax5NFnr6WGLxbCA==/com.feels-twVZykPd60NdJddbUWv_jw==/split_config.mdpi.apk\"],nativeLibraryDirectories=[/data/app/~~mod7R8gax5NFnr6WGLxbCA==/com.feels-twVZykPd60NdJddbUWv_jw==/lib/arm64, /data/app/~~mod7R8gax5NFnr6WGLxbCA==/com.feels-twVZykPd60NdJddbUWv_jw==/base.apk!/lib/arm64-v8a, /data/app/~~mod7R8gax5NFnr6WGLxbCA==/com.feels-twVZykPd60NdJddbUWv_jw==/split_config.arm64_v8a.apk!/lib/arm64-v8a, /data/app/~~mod7R8gax5NFnr6WGLxbCA==/com.feels-twVZykPd60NdJddbUWv_jw==/split_config.en.apk!/lib/arm64-v8a, /data/app/~~mod7R8gax5NFnr6WGLxbCA==/com.feels-twVZykPd60NdJddbUWv_jw==/split_config.mdpi.apk!/lib/arm64-v8a, /system/lib64, /system_ext/lib64]]"
},
{
    "type": "error",
    "source": "method",
    "method": "getTransparencyList",
    "package_name": "com.feels",
    "class_name": "com.appnexus.opensdk.ANDSASettings",
    "timestamp": 1728283922373,
    "error": "Error: java.lang.ClassNotFoundException: Didn't find class \"com.appnexus.opensdk.ANDSASettings\" on path: DexPathList[[zip file \"/data/app/~~mod7R8gax5NFnr6WGLxbCA==/com.feels-twVZykPd60NdJddbUWv_jw==/base.apk\", zip file \"/data/app/~~mod7R8gax5NFnr6WGLxbCA==/com.feels-twVZykPd60NdJddbUWv_jw==/split_config.arm64_v8a.apk\", zip file \"/data/app/~~mod7R8gax5NFnr6WGLxbCA==/com.feels-twVZykPd60NdJddbUWv_jw==/split_config.en.apk\", zip file \"/data/app/~~mod7R8gax5NFnr6WGLxbCA==/com.feels-twVZykPd60NdJddbUWv_jw==/split_config.mdpi.apk\"],nativeLibraryDirectories=[/data/app/~~mod7R8gax5NFnr6WGLxbCA==/com.feels-twVZykPd60NdJddbUWv_jw==/lib/arm64, /data/app/~~mod7R8gax5NFnr6WGLxbCA==/com.feels-twVZykPd60NdJddbUWv_jw==/base.apk!/lib/arm64-v8a, /data/app/~~mod7R8gax5NFnr6WGLxbCA==/com.feels-twVZykPd60NdJddbUWv_jw==/split_config.arm64_v8a.apk!/lib/arm64-v8a, /data/app/~~mod7R8gax5NFnr6WGLxbCA==/com.feels-twVZykPd60NdJddbUWv_jw==/split_config.en.apk!/lib/arm64-v8a, /data/app/~~mod7R8gax5NFnr6WGLxbCA==/com.feels-twVZykPd60NdJddbUWv_jw==/split_config.mdpi.apk!/lib/arm64-v8a, /system/lib64, /system_ext/lib64]]"
},
{
    "type": "error",
    "source": "method",
    "method": "setChildDirectedTreatment",
    "package_name": "com.feels",
    "class_name": "com.appodeal.ads.Appodeal",
    "timestamp": 1728283922377,
    "error": "Error: java.lang.ClassNotFoundException: Didn't find class \"com.appodeal.ads.Appodeal\" on path: DexPathList[[zip file \"/data/app/~~mod7R8gax5NFnr6WGLxbCA==/com.feels-twVZykPd60NdJddbUWv_jw==/base.apk\", zip file \"/data/app/~~mod7R8gax5NFnr6WGLxbCA==/com.feels-twVZykPd60NdJddbUWv_jw==/split_config.arm64_v8a.apk\", zip file \"/data/app/~~mod7R8gax5NFnr6WGLxbCA==/com.feels-twVZykPd60NdJddbUWv_jw==/split_config.en.apk\", zip file \"/data/app/~~mod7R8gax5NFnr6WGLxbCA==/com.feels-twVZykPd60NdJddbUWv_jw==/split_config.mdpi.apk\"],nativeLibraryDirectories=[/data/app/~~mod7R8gax5NFnr6WGLxbCA==/com.feels-twVZykPd60NdJddbUWv_jw==/lib/arm64, /data/app/~~mod7R8gax5NFnr6WGLxbCA==/com.feels-twVZykPd60NdJddbUWv_jw==/base.apk!/lib/arm64-v8a, /data/app/~~mod7R8gax5NFnr6WGLxbCA==/com.feels-twVZykPd60NdJddbUWv_jw==/split_config.arm64_v8a.apk!/lib/arm64-v8a, /data/app/~~mod7R8gax5NFnr6WGLxbCA==/com.feels-twVZykPd60NdJddbUWv_jw==/split_config.en.apk!/lib/arm64-v8a, /data/app/~~mod7R8gax5NFnr6WGLxbCA==/com.feels-twVZykPd60NdJddbUWv_jw==/split_config.mdpi.apk!/lib/arm64-v8a, /system/lib64, /system_ext/lib64]]"
},
{
    "type": "error",
    "source": "method",
    "method": "requestConsentInfoUpdate",
    "package_name": "com.feels",
    "class_name": "com.appodeal.consent.ConsentManager",
    "timestamp": 1728283922381,
    "error": "Error: java.lang.ClassNotFoundException: Didn't find class \"com.appodeal.consent.ConsentManager\" on path: DexPathList[[zip file \"/data/app/~~mod7R8gax5NFnr6WGLxbCA==/com.feels-twVZykPd60NdJddbUWv_jw==/base.apk\", zip file \"/data/app/~~mod7R8gax5NFnr6WGLxbCA==/com.feels-twVZykPd60NdJddbUWv_jw==/split_config.arm64_v8a.apk\", zip file \"/data/app/~~mod7R8gax5NFnr6WGLxbCA==/com.feels-twVZykPd60NdJddbUWv_jw==/split_config.en.apk\", zip file \"/data/app/~~mod7R8gax5NFnr6WGLxbCA==/com.feels-twVZykPd60NdJddbUWv_jw==/split_config.mdpi.apk\"],nativeLibraryDirectories=[/data/app/~~mod7R8gax5NFnr6WGLxbCA==/com.feels-twVZykPd60NdJddbUWv_jw==/lib/arm64, /data/app/~~mod7R8gax5NFnr6WGLxbCA==/com.feels-twVZykPd60NdJddbUWv_jw==/base.apk!/lib/arm64-v8a, /data/app/~~mod7R8gax5NFnr6WGLxbCA==/com.feels-twVZykPd60NdJddbUWv_jw==/split_config.arm64_v8a.apk!/lib/arm64-v8a, /data/app/~~mod7R8gax5NFnr6WGLxbCA==/com.feels-twVZykPd60NdJddbUWv_jw==/split_config.en.apk!/lib/arm64-v8a, /data/app/~~mod7R8gax5NFnr6WGLxbCA==/com.feels-twVZykPd60NdJddbUWv_jw==/split_config.mdpi.apk!/lib/arm64-v8a, /system/lib64, /system_ext/lib64]]"
},
{
    "type": "error",
    "source": "method",
    "method": "revoke",
    "package_name": "com.feels",
    "class_name": "com.appodeal.consent.ConsentManager",
    "timestamp": 1728283922385,
    "error": "Error: java.lang.ClassNotFoundException: Didn't find class \"com.appodeal.consent.ConsentManager\" on path: DexPathList[[zip file \"/data/app/~~mod7R8gax5NFnr6WGLxbCA==/com.feels-twVZykPd60NdJddbUWv_jw==/base.apk\", zip file \"/data/app/~~mod7R8gax5NFnr6WGLxbCA==/com.feels-twVZykPd60NdJddbUWv_jw==/split_config.arm64_v8a.apk\", zip file \"/data/app/~~mod7R8gax5NFnr6WGLxbCA==/com.feels-twVZykPd60NdJddbUWv_jw==/split_config.en.apk\", zip file \"/data/app/~~mod7R8gax5NFnr6WGLxbCA==/com.feels-twVZykPd60NdJddbUWv_jw==/split_config.mdpi.apk\"],nativeLibraryDirectories=[/data/app/~~mod7R8gax5NFnr6WGLxbCA==/com.feels-twVZykPd60NdJddbUWv_jw==/lib/arm64, /data/app/~~mod7R8gax5NFnr6WGLxbCA==/com.feels-twVZykPd60NdJddbUWv_jw==/base.apk!/lib/arm64-v8a, /data/app/~~mod7R8gax5NFnr6WGLxbCA==/com.feels-twVZykPd60NdJddbUWv_jw==/split_config.arm64_v8a.apk!/lib/arm64-v8a, /data/app/~~mod7R8gax5NFnr6WGLxbCA==/com.feels-twVZykPd60NdJddbUWv_jw==/split_config.en.apk!/lib/arm64-v8a, /data/app/~~mod7R8gax5NFnr6WGLxbCA==/com.feels-twVZykPd60NdJddbUWv_jw==/split_config.mdpi.apk!/lib/arm64-v8a, /system/lib64, /system_ext/lib64]]"
},
{
    "type": "error",
    "source": "method",
    "method": "anonymizeUser",
    "package_name": "com.feels",
    "class_name": "com.appsflyer.AppsFlyerLib",
    "timestamp": 1728283922389,
    "error": "Error: java.lang.ClassNotFoundException: Didn't find class \"com.appsflyer.AppsFlyerLib\" on path: DexPathList[[zip file \"/data/app/~~mod7R8gax5NFnr6WGLxbCA==/com.feels-twVZykPd60NdJddbUWv_jw==/base.apk\", zip file \"/data/app/~~mod7R8gax5NFnr6WGLxbCA==/com.feels-twVZykPd60NdJddbUWv_jw==/split_config.arm64_v8a.apk\", zip file \"/data/app/~~mod7R8gax5NFnr6WGLxbCA==/com.feels-twVZykPd60NdJddbUWv_jw==/split_config.en.apk\", zip file \"/data/app/~~mod7R8gax5NFnr6WGLxbCA==/com.feels-twVZykPd60NdJddbUWv_jw==/split_config.mdpi.apk\"],nativeLibraryDirectories=[/data/app/~~mod7R8gax5NFnr6WGLxbCA==/com.feels-twVZykPd60NdJddbUWv_jw==/lib/arm64, /data/app/~~mod7R8gax5NFnr6WGLxbCA==/com.feels-twVZykPd60NdJddbUWv_jw==/base.apk!/lib/arm64-v8a, /data/app/~~mod7R8gax5NFnr6WGLxbCA==/com.feels-twVZykPd60NdJddbUWv_jw==/split_config.arm64_v8a.apk!/lib/arm64-v8a, /data/app/~~mod7R8gax5NFnr6WGLxbCA==/com.feels-twVZykPd60NdJddbUWv_jw==/split_config.en.apk!/lib/arm64-v8a, /data/app/~~mod7R8gax5NFnr6WGLxbCA==/com.feels-twVZykPd60NdJddbUWv_jw==/split_config.mdpi.apk!/lib/arm64-v8a, /system/lib64, /system_ext/lib64]]"
},
{
    "type": "error",
    "source": "method",
    "method": "setConsentData",
    "package_name": "com.feels",
    "class_name": "com.appsflyer.AppsFlyerLib",
    "timestamp": 1728283922393,
    "error": "Error: java.lang.ClassNotFoundException: Didn't find class \"com.appsflyer.AppsFlyerLib\" on path: DexPathList[[zip file \"/data/app/~~mod7R8gax5NFnr6WGLxbCA==/com.feels-twVZykPd60NdJddbUWv_jw==/base.apk\", zip file \"/data/app/~~mod7R8gax5NFnr6WGLxbCA==/com.feels-twVZykPd60NdJddbUWv_jw==/split_config.arm64_v8a.apk\", zip file \"/data/app/~~mod7R8gax5NFnr6WGLxbCA==/com.feels-twVZykPd60NdJddbUWv_jw==/split_config.en.apk\", zip file \"/data/app/~~mod7R8gax5NFnr6WGLxbCA==/com.feels-twVZykPd60NdJddbUWv_jw==/split_config.mdpi.apk\"],nativeLibraryDirectories=[/data/app/~~mod7R8gax5NFnr6WGLxbCA==/com.feels-twVZykPd60NdJddbUWv_jw==/lib/arm64, /data/app/~~mod7R8gax5NFnr6WGLxbCA==/com.feels-twVZykPd60NdJddbUWv_jw==/base.apk!/lib/arm64-v8a, /data/app/~~mod7R8gax5NFnr6WGLxbCA==/com.feels-twVZykPd60NdJddbUWv_jw==/split_config.arm64_v8a.apk!/lib/arm64-v8a, /data/app/~~mod7R8gax5NFnr6WGLxbCA==/com.feels-twVZykPd60NdJddbUWv_jw==/split_config.en.apk!/lib/arm64-v8a, /data/app/~~mod7R8gax5NFnr6WGLxbCA==/com.feels-twVZykPd60NdJddbUWv_jw==/split_config.mdpi.apk!/lib/arm64-v8a, /system/lib64, /system_ext/lib64]]"
},
{
    "type": "error",
    "source": "method",
    "method": "enableTCFDataCollection",
    "package_name": "com.feels",
    "class_name": "com.appsflyer.AppsFlyerLib",
    "timestamp": 1728283922397,
    "error": "Error: java.lang.ClassNotFoundException: Didn't find class \"com.appsflyer.AppsFlyerLib\" on path: DexPathList[[zip file \"/data/app/~~mod7R8gax5NFnr6WGLxbCA==/com.feels-twVZykPd60NdJddbUWv_jw==/base.apk\", zip file \"/data/app/~~mod7R8gax5NFnr6WGLxbCA==/com.feels-twVZykPd60NdJddbUWv_jw==/split_config.arm64_v8a.apk\", zip file \"/data/app/~~mod7R8gax5NFnr6WGLxbCA==/com.feels-twVZykPd60NdJddbUWv_jw==/split_config.en.apk\", zip file \"/data/app/~~mod7R8gax5NFnr6WGLxbCA==/com.feels-twVZykPd60NdJddbUWv_jw==/split_config.mdpi.apk\"],nativeLibraryDirectories=[/data/app/~~mod7R8gax5NFnr6WGLxbCA==/com.feels-twVZykPd60NdJddbUWv_jw==/lib/arm64, /data/app/~~mod7R8gax5NFnr6WGLxbCA==/com.feels-twVZykPd60NdJddbUWv_jw==/base.apk!/lib/arm64-v8a, /data/app/~~mod7R8gax5NFnr6WGLxbCA==/com.feels-twVZykPd60NdJddbUWv_jw==/split_config.arm64_v8a.apk!/lib/arm64-v8a, /data/app/~~mod7R8gax5NFnr6WGLxbCA==/com.feels-twVZykPd60NdJddbUWv_jw==/split_config.en.apk!/lib/arm64-v8a, /data/app/~~mod7R8gax5NFnr6WGLxbCA==/com.feels-twVZykPd60NdJddbUWv_jw==/split_config.mdpi.apk!/lib/arm64-v8a, /system/lib64, /system_ext/lib64]]"
},
{
    "type": "error",
    "source": "method",
    "method": "setSharingFilterForPartners",
    "package_name": "com.feels",
    "class_name": "com.appsflyer.AppsFlyerLib",
    "timestamp": 1728283922401,
    "error": "Error: java.lang.ClassNotFoundException: Didn't find class \"com.appsflyer.AppsFlyerLib\" on path: DexPathList[[zip file \"/data/app/~~mod7R8gax5NFnr6WGLxbCA==/com.feels-twVZykPd60NdJddbUWv_jw==/base.apk\", zip file \"/data/app/~~mod7R8gax5NFnr6WGLxbCA==/com.feels-twVZykPd60NdJddbUWv_jw==/split_config.arm64_v8a.apk\", zip file \"/data/app/~~mod7R8gax5NFnr6WGLxbCA==/com.feels-twVZykPd60NdJddbUWv_jw==/split_config.en.apk\", zip file \"/data/app/~~mod7R8gax5NFnr6WGLxbCA==/com.feels-twVZykPd60NdJddbUWv_jw==/split_config.mdpi.apk\"],nativeLibraryDirectories=[/data/app/~~mod7R8gax5NFnr6WGLxbCA==/com.feels-twVZykPd60NdJddbUWv_jw==/lib/arm64, /data/app/~~mod7R8gax5NFnr6WGLxbCA==/com.feels-twVZykPd60NdJddbUWv_jw==/base.apk!/lib/arm64-v8a, /data/app/~~mod7R8gax5NFnr6WGLxbCA==/com.feels-twVZykPd60NdJddbUWv_jw==/split_config.arm64_v8a.apk!/lib/arm64-v8a, /data/app/~~mod7R8gax5NFnr6WGLxbCA==/com.feels-twVZykPd60NdJddbUWv_jw==/split_config.en.apk!/lib/arm64-v8a, /data/app/~~mod7R8gax5NFnr6WGLxbCA==/com.feels-twVZykPd60NdJddbUWv_jw==/split_config.mdpi.apk!/lib/arm64-v8a, /system/lib64, /system_ext/lib64]]"
},
{
    "type": "error",
    "source": "method",
    "method": "setDisableAdvertisingIdentifiers",
    "package_name": "com.feels",
    "class_name": "com.appsflyer.AppsFlyerLib",
    "timestamp": 1728283922405,
    "error": "Error: java.lang.ClassNotFoundException: Didn't find class \"com.appsflyer.AppsFlyerLib\" on path: DexPathList[[zip file \"/data/app/~~mod7R8gax5NFnr6WGLxbCA==/com.feels-twVZykPd60NdJddbUWv_jw==/base.apk\", zip file \"/data/app/~~mod7R8gax5NFnr6WGLxbCA==/com.feels-twVZykPd60NdJddbUWv_jw==/split_config.arm64_v8a.apk\", zip file \"/data/app/~~mod7R8gax5NFnr6WGLxbCA==/com.feels-twVZykPd60NdJddbUWv_jw==/split_config.en.apk\", zip file \"/data/app/~~mod7R8gax5NFnr6WGLxbCA==/com.feels-twVZykPd60NdJddbUWv_jw==/split_config.mdpi.apk\"],nativeLibraryDirectories=[/data/app/~~mod7R8gax5NFnr6WGLxbCA==/com.feels-twVZykPd60NdJddbUWv_jw==/lib/arm64, /data/app/~~mod7R8gax5NFnr6WGLxbCA==/com.feels-twVZykPd60NdJddbUWv_jw==/base.apk!/lib/arm64-v8a, /data/app/~~mod7R8gax5NFnr6WGLxbCA==/com.feels-twVZykPd60NdJddbUWv_jw==/split_config.arm64_v8a.apk!/lib/arm64-v8a, /data/app/~~mod7R8gax5NFnr6WGLxbCA==/com.feels-twVZykPd60NdJddbUWv_jw==/split_config.en.apk!/lib/arm64-v8a, /data/app/~~mod7R8gax5NFnr6WGLxbCA==/com.feels-twVZykPd60NdJddbUWv_jw==/split_config.mdpi.apk!/lib/arm64-v8a, /system/lib64, /system_ext/lib64]]"
},
{
    "type": "error",
    "source": "method",
    "method": "setCollectOaid",
    "package_name": "com.feels",
    "class_name": "com.appsflyer.AppsFlyerLib",
    "timestamp": 1728283922408,
    "error": "Error: java.lang.ClassNotFoundException: Didn't find class \"com.appsflyer.AppsFlyerLib\" on path: DexPathList[[zip file \"/data/app/~~mod7R8gax5NFnr6WGLxbCA==/com.feels-twVZykPd60NdJddbUWv_jw==/base.apk\", zip file \"/data/app/~~mod7R8gax5NFnr6WGLxbCA==/com.feels-twVZykPd60NdJddbUWv_jw==/split_config.arm64_v8a.apk\", zip file \"/data/app/~~mod7R8gax5NFnr6WGLxbCA==/com.feels-twVZykPd60NdJddbUWv_jw==/split_config.en.apk\", zip file \"/data/app/~~mod7R8gax5NFnr6WGLxbCA==/com.feels-twVZykPd60NdJddbUWv_jw==/split_config.mdpi.apk\"],nativeLibraryDirectories=[/data/app/~~mod7R8gax5NFnr6WGLxbCA==/com.feels-twVZykPd60NdJddbUWv_jw==/lib/arm64, /data/app/~~mod7R8gax5NFnr6WGLxbCA==/com.feels-twVZykPd60NdJddbUWv_jw==/base.apk!/lib/arm64-v8a, /data/app/~~mod7R8gax5NFnr6WGLxbCA==/com.feels-twVZykPd60NdJddbUWv_jw==/split_config.arm64_v8a.apk!/lib/arm64-v8a, /data/app/~~mod7R8gax5NFnr6WGLxbCA==/com.feels-twVZykPd60NdJddbUWv_jw==/split_config.en.apk!/lib/arm64-v8a, /data/app/~~mod7R8gax5NFnr6WGLxbCA==/com.feels-twVZykPd60NdJddbUWv_jw==/split_config.mdpi.apk!/lib/arm64-v8a, /system/lib64, /system_ext/lib64]]"
},
{
    "type": "error",
    "source": "method",
    "method": "setCoppa",
    "package_name": "com.feels",
    "class_name": "io.bidmachine.BidMachine",
    "timestamp": 1728283922428,
    "error": "Error: java.lang.ClassNotFoundException: Didn't find class \"io.bidmachine.BidMachine\" on path: DexPathList[[zip file \"/data/app/~~mod7R8gax5NFnr6WGLxbCA==/com.feels-twVZykPd60NdJddbUWv_jw==/base.apk\", zip file \"/data/app/~~mod7R8gax5NFnr6WGLxbCA==/com.feels-twVZykPd60NdJddbUWv_jw==/split_config.arm64_v8a.apk\", zip file \"/data/app/~~mod7R8gax5NFnr6WGLxbCA==/com.feels-twVZykPd60NdJddbUWv_jw==/split_config.en.apk\", zip file \"/data/app/~~mod7R8gax5NFnr6WGLxbCA==/com.feels-twVZykPd60NdJddbUWv_jw==/split_config.mdpi.apk\"],nativeLibraryDirectories=[/data/app/~~mod7R8gax5NFnr6WGLxbCA==/com.feels-twVZykPd60NdJddbUWv_jw==/lib/arm64, /data/app/~~mod7R8gax5NFnr6WGLxbCA==/com.feels-twVZykPd60NdJddbUWv_jw==/base.apk!/lib/arm64-v8a, /data/app/~~mod7R8gax5NFnr6WGLxbCA==/com.feels-twVZykPd60NdJddbUWv_jw==/split_config.arm64_v8a.apk!/lib/arm64-v8a, /data/app/~~mod7R8gax5NFnr6WGLxbCA==/com.feels-twVZykPd60NdJddbUWv_jw==/split_config.en.apk!/lib/arm64-v8a, /data/app/~~mod7R8gax5NFnr6WGLxbCA==/com.feels-twVZykPd60NdJddbUWv_jw==/split_config.mdpi.apk!/lib/arm64-v8a, /system/lib64, /system_ext/lib64]]"
},
{
    "type": "error",
    "source": "method",
    "method": "setSubjectToGDPR",
    "package_name": "com.feels",
    "class_name": "io.bidmachine.BidMachine",
    "timestamp": 1728283922432,
    "error": "Error: java.lang.ClassNotFoundException: Didn't find class \"io.bidmachine.BidMachine\" on path: DexPathList[[zip file \"/data/app/~~mod7R8gax5NFnr6WGLxbCA==/com.feels-twVZykPd60NdJddbUWv_jw==/base.apk\", zip file \"/data/app/~~mod7R8gax5NFnr6WGLxbCA==/com.feels-twVZykPd60NdJddbUWv_jw==/split_config.arm64_v8a.apk\", zip file \"/data/app/~~mod7R8gax5NFnr6WGLxbCA==/com.feels-twVZykPd60NdJddbUWv_jw==/split_config.en.apk\", zip file \"/data/app/~~mod7R8gax5NFnr6WGLxbCA==/com.feels-twVZykPd60NdJddbUWv_jw==/split_config.mdpi.apk\"],nativeLibraryDirectories=[/data/app/~~mod7R8gax5NFnr6WGLxbCA==/com.feels-twVZykPd60NdJddbUWv_jw==/lib/arm64, /data/app/~~mod7R8gax5NFnr6WGLxbCA==/com.feels-twVZykPd60NdJddbUWv_jw==/base.apk!/lib/arm64-v8a, /data/app/~~mod7R8gax5NFnr6WGLxbCA==/com.feels-twVZykPd60NdJddbUWv_jw==/split_config.arm64_v8a.apk!/lib/arm64-v8a, /data/app/~~mod7R8gax5NFnr6WGLxbCA==/com.feels-twVZykPd60NdJddbUWv_jw==/split_config.en.apk!/lib/arm64-v8a, /data/app/~~mod7R8gax5NFnr6WGLxbCA==/com.feels-twVZykPd60NdJddbUWv_jw==/split_config.mdpi.apk!/lib/arm64-v8a, /system/lib64, /system_ext/lib64]]"
},
{
    "type": "error",
    "source": "method",
    "method": "setConsentConfig",
    "package_name": "com.feels",
    "class_name": "io.bidmachine.BidMachine",
    "timestamp": 1728283922436,
    "error": "Error: java.lang.ClassNotFoundException: Didn't find class \"io.bidmachine.BidMachine\" on path: DexPathList[[zip file \"/data/app/~~mod7R8gax5NFnr6WGLxbCA==/com.feels-twVZykPd60NdJddbUWv_jw==/base.apk\", zip file \"/data/app/~~mod7R8gax5NFnr6WGLxbCA==/com.feels-twVZykPd60NdJddbUWv_jw==/split_config.arm64_v8a.apk\", zip file \"/data/app/~~mod7R8gax5NFnr6WGLxbCA==/com.feels-twVZykPd60NdJddbUWv_jw==/split_config.en.apk\", zip file \"/data/app/~~mod7R8gax5NFnr6WGLxbCA==/com.feels-twVZykPd60NdJddbUWv_jw==/split_config.mdpi.apk\"],nativeLibraryDirectories=[/data/app/~~mod7R8gax5NFnr6WGLxbCA==/com.feels-twVZykPd60NdJddbUWv_jw==/lib/arm64, /data/app/~~mod7R8gax5NFnr6WGLxbCA==/com.feels-twVZykPd60NdJddbUWv_jw==/base.apk!/lib/arm64-v8a, /data/app/~~mod7R8gax5NFnr6WGLxbCA==/com.feels-twVZykPd60NdJddbUWv_jw==/split_config.arm64_v8a.apk!/lib/arm64-v8a, /data/app/~~mod7R8gax5NFnr6WGLxbCA==/com.feels-twVZykPd60NdJddbUWv_jw==/split_config.en.apk!/lib/arm64-v8a, /data/app/~~mod7R8gax5NFnr6WGLxbCA==/com.feels-twVZykPd60NdJddbUWv_jw==/split_config.mdpi.apk!/lib/arm64-v8a, /system/lib64, /system_ext/lib64]]"
},
{
    "type": "error",
    "source": "method",
    "method": "setUSPrivacyString",
    "package_name": "com.feels",
    "class_name": "io.bidmachine.BidMachine",
    "timestamp": 1728283922440,
    "error": "Error: java.lang.ClassNotFoundException: Didn't find class \"io.bidmachine.BidMachine\" on path: DexPathList[[zip file \"/data/app/~~mod7R8gax5NFnr6WGLxbCA==/com.feels-twVZykPd60NdJddbUWv_jw==/base.apk\", zip file \"/data/app/~~mod7R8gax5NFnr6WGLxbCA==/com.feels-twVZykPd60NdJddbUWv_jw==/split_config.arm64_v8a.apk\", zip file \"/data/app/~~mod7R8gax5NFnr6WGLxbCA==/com.feels-twVZykPd60NdJddbUWv_jw==/split_config.en.apk\", zip file \"/data/app/~~mod7R8gax5NFnr6WGLxbCA==/com.feels-twVZykPd60NdJddbUWv_jw==/split_config.mdpi.apk\"],nativeLibraryDirectories=[/data/app/~~mod7R8gax5NFnr6WGLxbCA==/com.feels-twVZykPd60NdJddbUWv_jw==/lib/arm64, /data/app/~~mod7R8gax5NFnr6WGLxbCA==/com.feels-twVZykPd60NdJddbUWv_jw==/base.apk!/lib/arm64-v8a, /data/app/~~mod7R8gax5NFnr6WGLxbCA==/com.feels-twVZykPd60NdJddbUWv_jw==/split_config.arm64_v8a.apk!/lib/arm64-v8a, /data/app/~~mod7R8gax5NFnr6WGLxbCA==/com.feels-twVZykPd60NdJddbUWv_jw==/split_config.en.apk!/lib/arm64-v8a, /data/app/~~mod7R8gax5NFnr6WGLxbCA==/com.feels-twVZykPd60NdJddbUWv_jw==/split_config.mdpi.apk!/lib/arm64-v8a, /system/lib64, /system_ext/lib64]]"
},
{
    "type": "error",
    "source": "method",
    "method": "setGPP",
    "package_name": "com.feels",
    "class_name": "io.bidmachine.BidMachine",
    "timestamp": 1728283922444,
    "error": "Error: java.lang.ClassNotFoundException: Didn't find class \"io.bidmachine.BidMachine\" on path: DexPathList[[zip file \"/data/app/~~mod7R8gax5NFnr6WGLxbCA==/com.feels-twVZykPd60NdJddbUWv_jw==/base.apk\", zip file \"/data/app/~~mod7R8gax5NFnr6WGLxbCA==/com.feels-twVZykPd60NdJddbUWv_jw==/split_config.arm64_v8a.apk\", zip file \"/data/app/~~mod7R8gax5NFnr6WGLxbCA==/com.feels-twVZykPd60NdJddbUWv_jw==/split_config.en.apk\", zip file \"/data/app/~~mod7R8gax5NFnr6WGLxbCA==/com.feels-twVZykPd60NdJddbUWv_jw==/split_config.mdpi.apk\"],nativeLibraryDirectories=[/data/app/~~mod7R8gax5NFnr6WGLxbCA==/com.feels-twVZykPd60NdJddbUWv_jw==/lib/arm64, /data/app/~~mod7R8gax5NFnr6WGLxbCA==/com.feels-twVZykPd60NdJddbUWv_jw==/base.apk!/lib/arm64-v8a, /data/app/~~mod7R8gax5NFnr6WGLxbCA==/com.feels-twVZykPd60NdJddbUWv_jw==/split_config.arm64_v8a.apk!/lib/arm64-v8a, /data/app/~~mod7R8gax5NFnr6WGLxbCA==/com.feels-twVZykPd60NdJddbUWv_jw==/split_config.en.apk!/lib/arm64-v8a, /data/app/~~mod7R8gax5NFnr6WGLxbCA==/com.feels-twVZykPd60NdJddbUWv_jw==/split_config.mdpi.apk!/lib/arm64-v8a, /system/lib64, /system_ext/lib64]]"
},
{
    "type": "error",
    "source": "method",
    "method": "setUserConsent",
    "package_name": "com.feels",
    "class_name": "sg.bigo.ads.BigoAdSdk",
    "timestamp": 1728283922448,
    "error": "Error: java.lang.ClassNotFoundException: Didn't find class \"sg.bigo.ads.BigoAdSdk\" on path: DexPathList[[zip file \"/data/app/~~mod7R8gax5NFnr6WGLxbCA==/com.feels-twVZykPd60NdJddbUWv_jw==/base.apk\", zip file \"/data/app/~~mod7R8gax5NFnr6WGLxbCA==/com.feels-twVZykPd60NdJddbUWv_jw==/split_config.arm64_v8a.apk\", zip file \"/data/app/~~mod7R8gax5NFnr6WGLxbCA==/com.feels-twVZykPd60NdJddbUWv_jw==/split_config.en.apk\", zip file \"/data/app/~~mod7R8gax5NFnr6WGLxbCA==/com.feels-twVZykPd60NdJddbUWv_jw==/split_config.mdpi.apk\"],nativeLibraryDirectories=[/data/app/~~mod7R8gax5NFnr6WGLxbCA==/com.feels-twVZykPd60NdJddbUWv_jw==/lib/arm64, /data/app/~~mod7R8gax5NFnr6WGLxbCA==/com.feels-twVZykPd60NdJddbUWv_jw==/base.apk!/lib/arm64-v8a, /data/app/~~mod7R8gax5NFnr6WGLxbCA==/com.feels-twVZykPd60NdJddbUWv_jw==/split_config.arm64_v8a.apk!/lib/arm64-v8a, /data/app/~~mod7R8gax5NFnr6WGLxbCA==/com.feels-twVZykPd60NdJddbUWv_jw==/split_config.en.apk!/lib/arm64-v8a, /data/app/~~mod7R8gax5NFnr6WGLxbCA==/com.feels-twVZykPd60NdJddbUWv_jw==/split_config.mdpi.apk!/lib/arm64-v8a, /system/lib64, /system_ext/lib64]]"
},
{
    "type": "error",
    "source": "method",
    "method": "disableTracking",
    "package_name": "com.feels",
    "class_name": "io.branch.referral.Branch",
    "timestamp": 1728283922452,
    "error": "Error: java.lang.ClassNotFoundException: Didn't find class \"io.branch.referral.Branch\" on path: DexPathList[[zip file \"/data/app/~~mod7R8gax5NFnr6WGLxbCA==/com.feels-twVZykPd60NdJddbUWv_jw==/base.apk\", zip file \"/data/app/~~mod7R8gax5NFnr6WGLxbCA==/com.feels-twVZykPd60NdJddbUWv_jw==/split_config.arm64_v8a.apk\", zip file \"/data/app/~~mod7R8gax5NFnr6WGLxbCA==/com.feels-twVZykPd60NdJddbUWv_jw==/split_config.en.apk\", zip file \"/data/app/~~mod7R8gax5NFnr6WGLxbCA==/com.feels-twVZykPd60NdJddbUWv_jw==/split_config.mdpi.apk\"],nativeLibraryDirectories=[/data/app/~~mod7R8gax5NFnr6WGLxbCA==/com.feels-twVZykPd60NdJddbUWv_jw==/lib/arm64, /data/app/~~mod7R8gax5NFnr6WGLxbCA==/com.feels-twVZykPd60NdJddbUWv_jw==/base.apk!/lib/arm64-v8a, /data/app/~~mod7R8gax5NFnr6WGLxbCA==/com.feels-twVZykPd60NdJddbUWv_jw==/split_config.arm64_v8a.apk!/lib/arm64-v8a, /data/app/~~mod7R8gax5NFnr6WGLxbCA==/com.feels-twVZykPd60NdJddbUWv_jw==/split_config.en.apk!/lib/arm64-v8a, /data/app/~~mod7R8gax5NFnr6WGLxbCA==/com.feels-twVZykPd60NdJddbUWv_jw==/split_config.mdpi.apk!/lib/arm64-v8a, /system/lib64, /system_ext/lib64]]"
},
{
    "type": "error",
    "source": "method",
    "method": "setLimitFacebookTracking",
    "package_name": "com.feels",
    "class_name": "io.branch.referral.Branch",
    "timestamp": 1728283922456,
    "error": "Error: java.lang.ClassNotFoundException: Didn't find class \"io.branch.referral.Branch\" on path: DexPathList[[zip file \"/data/app/~~mod7R8gax5NFnr6WGLxbCA==/com.feels-twVZykPd60NdJddbUWv_jw==/base.apk\", zip file \"/data/app/~~mod7R8gax5NFnr6WGLxbCA==/com.feels-twVZykPd60NdJddbUWv_jw==/split_config.arm64_v8a.apk\", zip file \"/data/app/~~mod7R8gax5NFnr6WGLxbCA==/com.feels-twVZykPd60NdJddbUWv_jw==/split_config.en.apk\", zip file \"/data/app/~~mod7R8gax5NFnr6WGLxbCA==/com.feels-twVZykPd60NdJddbUWv_jw==/split_config.mdpi.apk\"],nativeLibraryDirectories=[/data/app/~~mod7R8gax5NFnr6WGLxbCA==/com.feels-twVZykPd60NdJddbUWv_jw==/lib/arm64, /data/app/~~mod7R8gax5NFnr6WGLxbCA==/com.feels-twVZykPd60NdJddbUWv_jw==/base.apk!/lib/arm64-v8a, /data/app/~~mod7R8gax5NFnr6WGLxbCA==/com.feels-twVZykPd60NdJddbUWv_jw==/split_config.arm64_v8a.apk!/lib/arm64-v8a, /data/app/~~mod7R8gax5NFnr6WGLxbCA==/com.feels-twVZykPd60NdJddbUWv_jw==/split_config.en.apk!/lib/arm64-v8a, /data/app/~~mod7R8gax5NFnr6WGLxbCA==/com.feels-twVZykPd60NdJddbUWv_jw==/split_config.mdpi.apk!/lib/arm64-v8a, /system/lib64, /system_ext/lib64]]"
},
{
    "type": "error",
    "source": "method",
    "method": "setDMAParamsForEEA",
    "package_name": "com.feels",
    "class_name": "io.branch.referral.Branch",
    "timestamp": 1728283922459,
    "error": "Error: java.lang.ClassNotFoundException: Didn't find class \"io.branch.referral.Branch\" on path: DexPathList[[zip file \"/data/app/~~mod7R8gax5NFnr6WGLxbCA==/com.feels-twVZykPd60NdJddbUWv_jw==/base.apk\", zip file \"/data/app/~~mod7R8gax5NFnr6WGLxbCA==/com.feels-twVZykPd60NdJddbUWv_jw==/split_config.arm64_v8a.apk\", zip file \"/data/app/~~mod7R8gax5NFnr6WGLxbCA==/com.feels-twVZykPd60NdJddbUWv_jw==/split_config.en.apk\", zip file \"/data/app/~~mod7R8gax5NFnr6WGLxbCA==/com.feels-twVZykPd60NdJddbUWv_jw==/split_config.mdpi.apk\"],nativeLibraryDirectories=[/data/app/~~mod7R8gax5NFnr6WGLxbCA==/com.feels-twVZykPd60NdJddbUWv_jw==/lib/arm64, /data/app/~~mod7R8gax5NFnr6WGLxbCA==/com.feels-twVZykPd60NdJddbUWv_jw==/base.apk!/lib/arm64-v8a, /data/app/~~mod7R8gax5NFnr6WGLxbCA==/com.feels-twVZykPd60NdJddbUWv_jw==/split_config.arm64_v8a.apk!/lib/arm64-v8a, /data/app/~~mod7R8gax5NFnr6WGLxbCA==/com.feels-twVZykPd60NdJddbUWv_jw==/split_config.en.apk!/lib/arm64-v8a, /data/app/~~mod7R8gax5NFnr6WGLxbCA==/com.feels-twVZykPd60NdJddbUWv_jw==/split_config.mdpi.apk!/lib/arm64-v8a, /system/lib64, /system_ext/lib64]]"
},
{
    "type": "error",
    "source": "method",
    "method": "setLastKnownLocation",
    "package_name": "com.feels",
    "class_name": "com.braze.BrazeUser",
    "timestamp": 1728283922463,
    "error": "Error: java.lang.ClassNotFoundException: Didn't find class \"com.braze.BrazeUser\" on path: DexPathList[[zip file \"/data/app/~~mod7R8gax5NFnr6WGLxbCA==/com.feels-twVZykPd60NdJddbUWv_jw==/base.apk\", zip file \"/data/app/~~mod7R8gax5NFnr6WGLxbCA==/com.feels-twVZykPd60NdJddbUWv_jw==/split_config.arm64_v8a.apk\", zip file \"/data/app/~~mod7R8gax5NFnr6WGLxbCA==/com.feels-twVZykPd60NdJddbUWv_jw==/split_config.en.apk\", zip file \"/data/app/~~mod7R8gax5NFnr6WGLxbCA==/com.feels-twVZykPd60NdJddbUWv_jw==/split_config.mdpi.apk\"],nativeLibraryDirectories=[/data/app/~~mod7R8gax5NFnr6WGLxbCA==/com.feels-twVZykPd60NdJddbUWv_jw==/lib/arm64, /data/app/~~mod7R8gax5NFnr6WGLxbCA==/com.feels-twVZykPd60NdJddbUWv_jw==/base.apk!/lib/arm64-v8a, /data/app/~~mod7R8gax5NFnr6WGLxbCA==/com.feels-twVZykPd60NdJddbUWv_jw==/split_config.arm64_v8a.apk!/lib/arm64-v8a, /data/app/~~mod7R8gax5NFnr6WGLxbCA==/com.feels-twVZykPd60NdJddbUWv_jw==/split_config.en.apk!/lib/arm64-v8a, /data/app/~~mod7R8gax5NFnr6WGLxbCA==/com.feels-twVZykPd60NdJddbUWv_jw==/split_config.mdpi.apk!/lib/arm64-v8a, /system/lib64, /system_ext/lib64]]"
},
{
    "type": "error",
    "source": "method",
    "method": "disableSDK",
    "package_name": "com.feels",
    "class_name": "com.braze.Braze",
    "timestamp": 1728283922467,
    "error": "Error: java.lang.ClassNotFoundException: Didn't find class \"com.braze.Braze\" on path: DexPathList[[zip file \"/data/app/~~mod7R8gax5NFnr6WGLxbCA==/com.feels-twVZykPd60NdJddbUWv_jw==/base.apk\", zip file \"/data/app/~~mod7R8gax5NFnr6WGLxbCA==/com.feels-twVZykPd60NdJddbUWv_jw==/split_config.arm64_v8a.apk\", zip file \"/data/app/~~mod7R8gax5NFnr6WGLxbCA==/com.feels-twVZykPd60NdJddbUWv_jw==/split_config.en.apk\", zip file \"/data/app/~~mod7R8gax5NFnr6WGLxbCA==/com.feels-twVZykPd60NdJddbUWv_jw==/split_config.mdpi.apk\"],nativeLibraryDirectories=[/data/app/~~mod7R8gax5NFnr6WGLxbCA==/com.feels-twVZykPd60NdJddbUWv_jw==/lib/arm64, /data/app/~~mod7R8gax5NFnr6WGLxbCA==/com.feels-twVZykPd60NdJddbUWv_jw==/base.apk!/lib/arm64-v8a, /data/app/~~mod7R8gax5NFnr6WGLxbCA==/com.feels-twVZykPd60NdJddbUWv_jw==/split_config.arm64_v8a.apk!/lib/arm64-v8a, /data/app/~~mod7R8gax5NFnr6WGLxbCA==/com.feels-twVZykPd60NdJddbUWv_jw==/split_config.en.apk!/lib/arm64-v8a, /data/app/~~mod7R8gax5NFnr6WGLxbCA==/com.feels-twVZykPd60NdJddbUWv_jw==/split_config.mdpi.apk!/lib/arm64-v8a, /system/lib64, /system_ext/lib64]]"
},
{
    "type": "error",
    "source": "method",
    "method": "enableSDK",
    "package_name": "com.feels",
    "class_name": "com.braze.Braze",
    "timestamp": 1728283922470,
    "error": "Error: java.lang.ClassNotFoundException: Didn't find class \"com.braze.Braze\" on path: DexPathList[[zip file \"/data/app/~~mod7R8gax5NFnr6WGLxbCA==/com.feels-twVZykPd60NdJddbUWv_jw==/base.apk\", zip file \"/data/app/~~mod7R8gax5NFnr6WGLxbCA==/com.feels-twVZykPd60NdJddbUWv_jw==/split_config.arm64_v8a.apk\", zip file \"/data/app/~~mod7R8gax5NFnr6WGLxbCA==/com.feels-twVZykPd60NdJddbUWv_jw==/split_config.en.apk\", zip file \"/data/app/~~mod7R8gax5NFnr6WGLxbCA==/com.feels-twVZykPd60NdJddbUWv_jw==/split_config.mdpi.apk\"],nativeLibraryDirectories=[/data/app/~~mod7R8gax5NFnr6WGLxbCA==/com.feels-twVZykPd60NdJddbUWv_jw==/lib/arm64, /data/app/~~mod7R8gax5NFnr6WGLxbCA==/com.feels-twVZykPd60NdJddbUWv_jw==/base.apk!/lib/arm64-v8a, /data/app/~~mod7R8gax5NFnr6WGLxbCA==/com.feels-twVZykPd60NdJddbUWv_jw==/split_config.arm64_v8a.apk!/lib/arm64-v8a, /data/app/~~mod7R8gax5NFnr6WGLxbCA==/com.feels-twVZykPd60NdJddbUWv_jw==/split_config.en.apk!/lib/arm64-v8a, /data/app/~~mod7R8gax5NFnr6WGLxbCA==/com.feels-twVZykPd60NdJddbUWv_jw==/split_config.mdpi.apk!/lib/arm64-v8a, /system/lib64, /system_ext/lib64]]"
},
{
    "type": "error",
    "source": "method",
    "method": "wipeData",
    "package_name": "com.feels",
    "class_name": "com.braze.Braze",
    "timestamp": 1728283922474,
    "error": "Error: java.lang.ClassNotFoundException: Didn't find class \"com.braze.Braze\" on path: DexPathList[[zip file \"/data/app/~~mod7R8gax5NFnr6WGLxbCA==/com.feels-twVZykPd60NdJddbUWv_jw==/base.apk\", zip file \"/data/app/~~mod7R8gax5NFnr6WGLxbCA==/com.feels-twVZykPd60NdJddbUWv_jw==/split_config.arm64_v8a.apk\", zip file \"/data/app/~~mod7R8gax5NFnr6WGLxbCA==/com.feels-twVZykPd60NdJddbUWv_jw==/split_config.en.apk\", zip file \"/data/app/~~mod7R8gax5NFnr6WGLxbCA==/com.feels-twVZykPd60NdJddbUWv_jw==/split_config.mdpi.apk\"],nativeLibraryDirectories=[/data/app/~~mod7R8gax5NFnr6WGLxbCA==/com.feels-twVZykPd60NdJddbUWv_jw==/lib/arm64, /data/app/~~mod7R8gax5NFnr6WGLxbCA==/com.feels-twVZykPd60NdJddbUWv_jw==/base.apk!/lib/arm64-v8a, /data/app/~~mod7R8gax5NFnr6WGLxbCA==/com.feels-twVZykPd60NdJddbUWv_jw==/split_config.arm64_v8a.apk!/lib/arm64-v8a, /data/app/~~mod7R8gax5NFnr6WGLxbCA==/com.feels-twVZykPd60NdJddbUWv_jw==/split_config.en.apk!/lib/arm64-v8a, /data/app/~~mod7R8gax5NFnr6WGLxbCA==/com.feels-twVZykPd60NdJddbUWv_jw==/split_config.mdpi.apk!/lib/arm64-v8a, /system/lib64, /system_ext/lib64]]"
},
{
    "type": "error",
    "source": "method",
    "method": "logPurchase",
    "package_name": "com.feels",
    "class_name": "com.braze.Braze",
    "timestamp": 1728283922478,
    "error": "Error: java.lang.ClassNotFoundException: Didn't find class \"com.braze.Braze\" on path: DexPathList[[zip file \"/data/app/~~mod7R8gax5NFnr6WGLxbCA==/com.feels-twVZykPd60NdJddbUWv_jw==/base.apk\", zip file \"/data/app/~~mod7R8gax5NFnr6WGLxbCA==/com.feels-twVZykPd60NdJddbUWv_jw==/split_config.arm64_v8a.apk\", zip file \"/data/app/~~mod7R8gax5NFnr6WGLxbCA==/com.feels-twVZykPd60NdJddbUWv_jw==/split_config.en.apk\", zip file \"/data/app/~~mod7R8gax5NFnr6WGLxbCA==/com.feels-twVZykPd60NdJddbUWv_jw==/split_config.mdpi.apk\"],nativeLibraryDirectories=[/data/app/~~mod7R8gax5NFnr6WGLxbCA==/com.feels-twVZykPd60NdJddbUWv_jw==/lib/arm64, /data/app/~~mod7R8gax5NFnr6WGLxbCA==/com.feels-twVZykPd60NdJddbUWv_jw==/base.apk!/lib/arm64-v8a, /data/app/~~mod7R8gax5NFnr6WGLxbCA==/com.feels-twVZykPd60NdJddbUWv_jw==/split_config.arm64_v8a.apk!/lib/arm64-v8a, /data/app/~~mod7R8gax5NFnr6WGLxbCA==/com.feels-twVZykPd60NdJddbUWv_jw==/split_config.en.apk!/lib/arm64-v8a, /data/app/~~mod7R8gax5NFnr6WGLxbCA==/com.feels-twVZykPd60NdJddbUWv_jw==/split_config.mdpi.apk!/lib/arm64-v8a, /system/lib64, /system_ext/lib64]]"
},
{
    "type": "error",
    "source": "method",
    "method": "addDataUseConsent",
    "package_name": "com.feels",
    "class_name": "com.chartboost.sdk.Chartboost",
    "timestamp": 1728283922482,
    "error": "Error: java.lang.ClassNotFoundException: Didn't find class \"com.chartboost.sdk.Chartboost\" on path: DexPathList[[zip file \"/data/app/~~mod7R8gax5NFnr6WGLxbCA==/com.feels-twVZykPd60NdJddbUWv_jw==/base.apk\", zip file \"/data/app/~~mod7R8gax5NFnr6WGLxbCA==/com.feels-twVZykPd60NdJddbUWv_jw==/split_config.arm64_v8a.apk\", zip file \"/data/app/~~mod7R8gax5NFnr6WGLxbCA==/com.feels-twVZykPd60NdJddbUWv_jw==/split_config.en.apk\", zip file \"/data/app/~~mod7R8gax5NFnr6WGLxbCA==/com.feels-twVZykPd60NdJddbUWv_jw==/split_config.mdpi.apk\"],nativeLibraryDirectories=[/data/app/~~mod7R8gax5NFnr6WGLxbCA==/com.feels-twVZykPd60NdJddbUWv_jw==/lib/arm64, /data/app/~~mod7R8gax5NFnr6WGLxbCA==/com.feels-twVZykPd60NdJddbUWv_jw==/base.apk!/lib/arm64-v8a, /data/app/~~mod7R8gax5NFnr6WGLxbCA==/com.feels-twVZykPd60NdJddbUWv_jw==/split_config.arm64_v8a.apk!/lib/arm64-v8a, /data/app/~~mod7R8gax5NFnr6WGLxbCA==/com.feels-twVZykPd60NdJddbUWv_jw==/split_config.en.apk!/lib/arm64-v8a, /data/app/~~mod7R8gax5NFnr6WGLxbCA==/com.feels-twVZykPd60NdJddbUWv_jw==/split_config.mdpi.apk!/lib/arm64-v8a, /system/lib64, /system_ext/lib64]]"
},
{
    "type": "error",
    "source": "method",
    "method": "clearDataUseConsent",
    "package_name": "com.feels",
    "class_name": "com.chartboost.sdk.Chartboost",
    "timestamp": 1728283922485,
    "error": "Error: java.lang.ClassNotFoundException: Didn't find class \"com.chartboost.sdk.Chartboost\" on path: DexPathList[[zip file \"/data/app/~~mod7R8gax5NFnr6WGLxbCA==/com.feels-twVZykPd60NdJddbUWv_jw==/base.apk\", zip file \"/data/app/~~mod7R8gax5NFnr6WGLxbCA==/com.feels-twVZykPd60NdJddbUWv_jw==/split_config.arm64_v8a.apk\", zip file \"/data/app/~~mod7R8gax5NFnr6WGLxbCA==/com.feels-twVZykPd60NdJddbUWv_jw==/split_config.en.apk\", zip file \"/data/app/~~mod7R8gax5NFnr6WGLxbCA==/com.feels-twVZykPd60NdJddbUWv_jw==/split_config.mdpi.apk\"],nativeLibraryDirectories=[/data/app/~~mod7R8gax5NFnr6WGLxbCA==/com.feels-twVZykPd60NdJddbUWv_jw==/lib/arm64, /data/app/~~mod7R8gax5NFnr6WGLxbCA==/com.feels-twVZykPd60NdJddbUWv_jw==/base.apk!/lib/arm64-v8a, /data/app/~~mod7R8gax5NFnr6WGLxbCA==/com.feels-twVZykPd60NdJddbUWv_jw==/split_config.arm64_v8a.apk!/lib/arm64-v8a, /data/app/~~mod7R8gax5NFnr6WGLxbCA==/com.feels-twVZykPd60NdJddbUWv_jw==/split_config.en.apk!/lib/arm64-v8a, /data/app/~~mod7R8gax5NFnr6WGLxbCA==/com.feels-twVZykPd60NdJddbUWv_jw==/split_config.mdpi.apk!/lib/arm64-v8a, /system/lib64, /system_ext/lib64]]"
},
{
    "type": "error",
    "source": "method",
    "method": "setOptOut",
    "package_name": "com.feels",
    "class_name": "com.clevertap.android.sdk.CleverTapAPI",
    "timestamp": 1728283922489,
    "error": "Error: java.lang.ClassNotFoundException: Didn't find class \"com.clevertap.android.sdk.CleverTapAPI\" on path: DexPathList[[zip file \"/data/app/~~mod7R8gax5NFnr6WGLxbCA==/com.feels-twVZykPd60NdJddbUWv_jw==/base.apk\", zip file \"/data/app/~~mod7R8gax5NFnr6WGLxbCA==/com.feels-twVZykPd60NdJddbUWv_jw==/split_config.arm64_v8a.apk\", zip file \"/data/app/~~mod7R8gax5NFnr6WGLxbCA==/com.feels-twVZykPd60NdJddbUWv_jw==/split_config.en.apk\", zip file \"/data/app/~~mod7R8gax5NFnr6WGLxbCA==/com.feels-twVZykPd60NdJddbUWv_jw==/split_config.mdpi.apk\"],nativeLibraryDirectories=[/data/app/~~mod7R8gax5NFnr6WGLxbCA==/com.feels-twVZykPd60NdJddbUWv_jw==/lib/arm64, /data/app/~~mod7R8gax5NFnr6WGLxbCA==/com.feels-twVZykPd60NdJddbUWv_jw==/base.apk!/lib/arm64-v8a, /data/app/~~mod7R8gax5NFnr6WGLxbCA==/com.feels-twVZykPd60NdJddbUWv_jw==/split_config.arm64_v8a.apk!/lib/arm64-v8a, /data/app/~~mod7R8gax5NFnr6WGLxbCA==/com.feels-twVZykPd60NdJddbUWv_jw==/split_config.en.apk!/lib/arm64-v8a, /data/app/~~mod7R8gax5NFnr6WGLxbCA==/com.feels-twVZykPd60NdJddbUWv_jw==/split_config.mdpi.apk!/lib/arm64-v8a, /system/lib64, /system_ext/lib64]]"
},
{
    "type": "error",
    "source": "method",
    "method": "enableDeviceNetworkInfoReporting",
    "package_name": "com.feels",
    "class_name": "com.clevertap.android.sdk.CleverTapAPI",
    "timestamp": 1728283922493,
    "error": "Error: java.lang.ClassNotFoundException: Didn't find class \"com.clevertap.android.sdk.CleverTapAPI\" on path: DexPathList[[zip file \"/data/app/~~mod7R8gax5NFnr6WGLxbCA==/com.feels-twVZykPd60NdJddbUWv_jw==/base.apk\", zip file \"/data/app/~~mod7R8gax5NFnr6WGLxbCA==/com.feels-twVZykPd60NdJddbUWv_jw==/split_config.arm64_v8a.apk\", zip file \"/data/app/~~mod7R8gax5NFnr6WGLxbCA==/com.feels-twVZykPd60NdJddbUWv_jw==/split_config.en.apk\", zip file \"/data/app/~~mod7R8gax5NFnr6WGLxbCA==/com.feels-twVZykPd60NdJddbUWv_jw==/split_config.mdpi.apk\"],nativeLibraryDirectories=[/data/app/~~mod7R8gax5NFnr6WGLxbCA==/com.feels-twVZykPd60NdJddbUWv_jw==/lib/arm64, /data/app/~~mod7R8gax5NFnr6WGLxbCA==/com.feels-twVZykPd60NdJddbUWv_jw==/base.apk!/lib/arm64-v8a, /data/app/~~mod7R8gax5NFnr6WGLxbCA==/com.feels-twVZykPd60NdJddbUWv_jw==/split_config.arm64_v8a.apk!/lib/arm64-v8a, /data/app/~~mod7R8gax5NFnr6WGLxbCA==/com.feels-twVZykPd60NdJddbUWv_jw==/split_config.en.apk!/lib/arm64-v8a, /data/app/~~mod7R8gax5NFnr6WGLxbCA==/com.feels-twVZykPd60NdJddbUWv_jw==/split_config.mdpi.apk!/lib/arm64-v8a, /system/lib64, /system_ext/lib64]]"
},
{
    "type": "error",
    "source": "method",
    "method": "setOffline",
    "package_name": "com.feels",
    "class_name": "com.clevertap.android.sdk.CleverTapAPI",
    "timestamp": 1728283922496,
    "error": "Error: java.lang.ClassNotFoundException: Didn't find class \"com.clevertap.android.sdk.CleverTapAPI\" on path: DexPathList[[zip file \"/data/app/~~mod7R8gax5NFnr6WGLxbCA==/com.feels-twVZykPd60NdJddbUWv_jw==/base.apk\", zip file \"/data/app/~~mod7R8gax5NFnr6WGLxbCA==/com.feels-twVZykPd60NdJddbUWv_jw==/split_config.arm64_v8a.apk\", zip file \"/data/app/~~mod7R8gax5NFnr6WGLxbCA==/com.feels-twVZykPd60NdJddbUWv_jw==/split_config.en.apk\", zip file \"/data/app/~~mod7R8gax5NFnr6WGLxbCA==/com.feels-twVZykPd60NdJddbUWv_jw==/split_config.mdpi.apk\"],nativeLibraryDirectories=[/data/app/~~mod7R8gax5NFnr6WGLxbCA==/com.feels-twVZykPd60NdJddbUWv_jw==/lib/arm64, /data/app/~~mod7R8gax5NFnr6WGLxbCA==/com.feels-twVZykPd60NdJddbUWv_jw==/base.apk!/lib/arm64-v8a, /data/app/~~mod7R8gax5NFnr6WGLxbCA==/com.feels-twVZykPd60NdJddbUWv_jw==/split_config.arm64_v8a.apk!/lib/arm64-v8a, /data/app/~~mod7R8gax5NFnr6WGLxbCA==/com.feels-twVZykPd60NdJddbUWv_jw==/split_config.en.apk!/lib/arm64-v8a, /data/app/~~mod7R8gax5NFnr6WGLxbCA==/com.feels-twVZykPd60NdJddbUWv_jw==/split_config.mdpi.apk!/lib/arm64-v8a, /system/lib64, /system_ext/lib64]]"
},
{
    "type": "error",
    "source": "method",
    "method": "setLocation",
    "package_name": "com.feels",
    "class_name": "com.clevertap.android.sdk.CleverTapAPI",
    "timestamp": 1728283922500,
    "error": "Error: java.lang.ClassNotFoundException: Didn't find class \"com.clevertap.android.sdk.CleverTapAPI\" on path: DexPathList[[zip file \"/data/app/~~mod7R8gax5NFnr6WGLxbCA==/com.feels-twVZykPd60NdJddbUWv_jw==/base.apk\", zip file \"/data/app/~~mod7R8gax5NFnr6WGLxbCA==/com.feels-twVZykPd60NdJddbUWv_jw==/split_config.arm64_v8a.apk\", zip file \"/data/app/~~mod7R8gax5NFnr6WGLxbCA==/com.feels-twVZykPd60NdJddbUWv_jw==/split_config.en.apk\", zip file \"/data/app/~~mod7R8gax5NFnr6WGLxbCA==/com.feels-twVZykPd60NdJddbUWv_jw==/split_config.mdpi.apk\"],nativeLibraryDirectories=[/data/app/~~mod7R8gax5NFnr6WGLxbCA==/com.feels-twVZykPd60NdJddbUWv_jw==/lib/arm64, /data/app/~~mod7R8gax5NFnr6WGLxbCA==/com.feels-twVZykPd60NdJddbUWv_jw==/base.apk!/lib/arm64-v8a, /data/app/~~mod7R8gax5NFnr6WGLxbCA==/com.feels-twVZykPd60NdJddbUWv_jw==/split_config.arm64_v8a.apk!/lib/arm64-v8a, /data/app/~~mod7R8gax5NFnr6WGLxbCA==/com.feels-twVZykPd60NdJddbUWv_jw==/split_config.en.apk!/lib/arm64-v8a, /data/app/~~mod7R8gax5NFnr6WGLxbCA==/com.feels-twVZykPd60NdJddbUWv_jw==/split_config.mdpi.apk!/lib/arm64-v8a, /system/lib64, /system_ext/lib64]]"
},
{
    "type": "error",
    "source": "method",
    "method": "setEncryptionLevel",
    "package_name": "com.feels",
    "class_name": "com.clevertap.android.sdk.CleverTapAPI",
    "timestamp": 1728283922504,
    "error": "Error: java.lang.ClassNotFoundException: Didn't find class \"com.clevertap.android.sdk.CleverTapAPI\" on path: DexPathList[[zip file \"/data/app/~~mod7R8gax5NFnr6WGLxbCA==/com.feels-twVZykPd60NdJddbUWv_jw==/base.apk\", zip file \"/data/app/~~mod7R8gax5NFnr6WGLxbCA==/com.feels-twVZykPd60NdJddbUWv_jw==/split_config.arm64_v8a.apk\", zip file \"/data/app/~~mod7R8gax5NFnr6WGLxbCA==/com.feels-twVZykPd60NdJddbUWv_jw==/split_config.en.apk\", zip file \"/data/app/~~mod7R8gax5NFnr6WGLxbCA==/com.feels-twVZykPd60NdJddbUWv_jw==/split_config.mdpi.apk\"],nativeLibraryDirectories=[/data/app/~~mod7R8gax5NFnr6WGLxbCA==/com.feels-twVZykPd60NdJddbUWv_jw==/lib/arm64, /data/app/~~mod7R8gax5NFnr6WGLxbCA==/com.feels-twVZykPd60NdJddbUWv_jw==/base.apk!/lib/arm64-v8a, /data/app/~~mod7R8gax5NFnr6WGLxbCA==/com.feels-twVZykPd60NdJddbUWv_jw==/split_config.arm64_v8a.apk!/lib/arm64-v8a, /data/app/~~mod7R8gax5NFnr6WGLxbCA==/com.feels-twVZykPd60NdJddbUWv_jw==/split_config.en.apk!/lib/arm64-v8a, /data/app/~~mod7R8gax5NFnr6WGLxbCA==/com.feels-twVZykPd60NdJddbUWv_jw==/split_config.mdpi.apk!/lib/arm64-v8a, /system/lib64, /system_ext/lib64]]"
},
{
    "type": "error",
    "source": "method",
    "method": "setEncryptionLevel",
    "package_name": "com.feels",
    "class_name": "com.clevertap.android.sdk.CleverTapInstanceConfig",
    "timestamp": 1728283922508,
    "error": "Error: java.lang.ClassNotFoundException: Didn't find class \"com.clevertap.android.sdk.CleverTapInstanceConfig\" on path: DexPathList[[zip file \"/data/app/~~mod7R8gax5NFnr6WGLxbCA==/com.feels-twVZykPd60NdJddbUWv_jw==/base.apk\", zip file \"/data/app/~~mod7R8gax5NFnr6WGLxbCA==/com.feels-twVZykPd60NdJddbUWv_jw==/split_config.arm64_v8a.apk\", zip file \"/data/app/~~mod7R8gax5NFnr6WGLxbCA==/com.feels-twVZykPd60NdJddbUWv_jw==/split_config.en.apk\", zip file \"/data/app/~~mod7R8gax5NFnr6WGLxbCA==/com.feels-twVZykPd60NdJddbUWv_jw==/split_config.mdpi.apk\"],nativeLibraryDirectories=[/data/app/~~mod7R8gax5NFnr6WGLxbCA==/com.feels-twVZykPd60NdJddbUWv_jw==/lib/arm64, /data/app/~~mod7R8gax5NFnr6WGLxbCA==/com.feels-twVZykPd60NdJddbUWv_jw==/base.apk!/lib/arm64-v8a, /data/app/~~mod7R8gax5NFnr6WGLxbCA==/com.feels-twVZykPd60NdJddbUWv_jw==/split_config.arm64_v8a.apk!/lib/arm64-v8a, /data/app/~~mod7R8gax5NFnr6WGLxbCA==/com.feels-twVZykPd60NdJddbUWv_jw==/split_config.en.apk!/lib/arm64-v8a, /data/app/~~mod7R8gax5NFnr6WGLxbCA==/com.feels-twVZykPd60NdJddbUWv_jw==/split_config.mdpi.apk!/lib/arm64-v8a, /system/lib64, /system_ext/lib64]]"
},
{
    "type": "error",
    "source": "method",
    "method": "setLocation",
    "package_name": "com.feels",
    "class_name": "ly.count.android.sdk.Countly",
    "timestamp": 1728283922512,
    "error": "Error: java.lang.ClassNotFoundException: Didn't find class \"ly.count.android.sdk.Countly\" on path: DexPathList[[zip file \"/data/app/~~mod7R8gax5NFnr6WGLxbCA==/com.feels-twVZykPd60NdJddbUWv_jw==/base.apk\", zip file \"/data/app/~~mod7R8gax5NFnr6WGLxbCA==/com.feels-twVZykPd60NdJddbUWv_jw==/split_config.arm64_v8a.apk\", zip file \"/data/app/~~mod7R8gax5NFnr6WGLxbCA==/com.feels-twVZykPd60NdJddbUWv_jw==/split_config.en.apk\", zip file \"/data/app/~~mod7R8gax5NFnr6WGLxbCA==/com.feels-twVZykPd60NdJddbUWv_jw==/split_config.mdpi.apk\"],nativeLibraryDirectories=[/data/app/~~mod7R8gax5NFnr6WGLxbCA==/com.feels-twVZykPd60NdJddbUWv_jw==/lib/arm64, /data/app/~~mod7R8gax5NFnr6WGLxbCA==/com.feels-twVZykPd60NdJddbUWv_jw==/base.apk!/lib/arm64-v8a, /data/app/~~mod7R8gax5NFnr6WGLxbCA==/com.feels-twVZykPd60NdJddbUWv_jw==/split_config.arm64_v8a.apk!/lib/arm64-v8a, /data/app/~~mod7R8gax5NFnr6WGLxbCA==/com.feels-twVZykPd60NdJddbUWv_jw==/split_config.en.apk!/lib/arm64-v8a, /data/app/~~mod7R8gax5NFnr6WGLxbCA==/com.feels-twVZykPd60NdJddbUWv_jw==/split_config.mdpi.apk!/lib/arm64-v8a, /system/lib64, /system_ext/lib64]]"
},
{
    "type": "error",
    "source": "method",
    "method": "setLocation",
    "package_name": "com.feels",
    "class_name": "ly.count.android.sdk.CountlyConfig",
    "timestamp": 1728283922516,
    "error": "Error: java.lang.ClassNotFoundException: Didn't find class \"ly.count.android.sdk.CountlyConfig\" on path: DexPathList[[zip file \"/data/app/~~mod7R8gax5NFnr6WGLxbCA==/com.feels-twVZykPd60NdJddbUWv_jw==/base.apk\", zip file \"/data/app/~~mod7R8gax5NFnr6WGLxbCA==/com.feels-twVZykPd60NdJddbUWv_jw==/split_config.arm64_v8a.apk\", zip file \"/data/app/~~mod7R8gax5NFnr6WGLxbCA==/com.feels-twVZykPd60NdJddbUWv_jw==/split_config.en.apk\", zip file \"/data/app/~~mod7R8gax5NFnr6WGLxbCA==/com.feels-twVZykPd60NdJddbUWv_jw==/split_config.mdpi.apk\"],nativeLibraryDirectories=[/data/app/~~mod7R8gax5NFnr6WGLxbCA==/com.feels-twVZykPd60NdJddbUWv_jw==/lib/arm64, /data/app/~~mod7R8gax5NFnr6WGLxbCA==/com.feels-twVZykPd60NdJddbUWv_jw==/base.apk!/lib/arm64-v8a, /data/app/~~mod7R8gax5NFnr6WGLxbCA==/com.feels-twVZykPd60NdJddbUWv_jw==/split_config.arm64_v8a.apk!/lib/arm64-v8a, /data/app/~~mod7R8gax5NFnr6WGLxbCA==/com.feels-twVZykPd60NdJddbUWv_jw==/split_config.en.apk!/lib/arm64-v8a, /data/app/~~mod7R8gax5NFnr6WGLxbCA==/com.feels-twVZykPd60NdJddbUWv_jw==/split_config.mdpi.apk!/lib/arm64-v8a, /system/lib64, /system_ext/lib64]]"
},
{
    "type": "error",
    "source": "method",
    "method": "disableLocation",
    "package_name": "com.feels",
    "class_name": "ly.count.android.sdk.Countly",
    "timestamp": 1728283922520,
    "error": "Error: java.lang.ClassNotFoundException: Didn't find class \"ly.count.android.sdk.Countly\" on path: DexPathList[[zip file \"/data/app/~~mod7R8gax5NFnr6WGLxbCA==/com.feels-twVZykPd60NdJddbUWv_jw==/base.apk\", zip file \"/data/app/~~mod7R8gax5NFnr6WGLxbCA==/com.feels-twVZykPd60NdJddbUWv_jw==/split_config.arm64_v8a.apk\", zip file \"/data/app/~~mod7R8gax5NFnr6WGLxbCA==/com.feels-twVZykPd60NdJddbUWv_jw==/split_config.en.apk\", zip file \"/data/app/~~mod7R8gax5NFnr6WGLxbCA==/com.feels-twVZykPd60NdJddbUWv_jw==/split_config.mdpi.apk\"],nativeLibraryDirectories=[/data/app/~~mod7R8gax5NFnr6WGLxbCA==/com.feels-twVZykPd60NdJddbUWv_jw==/lib/arm64, /data/app/~~mod7R8gax5NFnr6WGLxbCA==/com.feels-twVZykPd60NdJddbUWv_jw==/base.apk!/lib/arm64-v8a, /data/app/~~mod7R8gax5NFnr6WGLxbCA==/com.feels-twVZykPd60NdJddbUWv_jw==/split_config.arm64_v8a.apk!/lib/arm64-v8a, /data/app/~~mod7R8gax5NFnr6WGLxbCA==/com.feels-twVZykPd60NdJddbUWv_jw==/split_config.en.apk!/lib/arm64-v8a, /data/app/~~mod7R8gax5NFnr6WGLxbCA==/com.feels-twVZykPd60NdJddbUWv_jw==/split_config.mdpi.apk!/lib/arm64-v8a, /system/lib64, /system_ext/lib64]]"
},
{
    "type": "error",
    "source": "method",
    "method": "setRequiresConsent",
    "package_name": "com.feels",
    "class_name": "ly.count.android.sdk.CountlyConfig",
    "timestamp": 1728283922523,
    "error": "Error: java.lang.ClassNotFoundException: Didn't find class \"ly.count.android.sdk.CountlyConfig\" on path: DexPathList[[zip file \"/data/app/~~mod7R8gax5NFnr6WGLxbCA==/com.feels-twVZykPd60NdJddbUWv_jw==/base.apk\", zip file \"/data/app/~~mod7R8gax5NFnr6WGLxbCA==/com.feels-twVZykPd60NdJddbUWv_jw==/split_config.arm64_v8a.apk\", zip file \"/data/app/~~mod7R8gax5NFnr6WGLxbCA==/com.feels-twVZykPd60NdJddbUWv_jw==/split_config.en.apk\", zip file \"/data/app/~~mod7R8gax5NFnr6WGLxbCA==/com.feels-twVZykPd60NdJddbUWv_jw==/split_config.mdpi.apk\"],nativeLibraryDirectories=[/data/app/~~mod7R8gax5NFnr6WGLxbCA==/com.feels-twVZykPd60NdJddbUWv_jw==/lib/arm64, /data/app/~~mod7R8gax5NFnr6WGLxbCA==/com.feels-twVZykPd60NdJddbUWv_jw==/base.apk!/lib/arm64-v8a, /data/app/~~mod7R8gax5NFnr6WGLxbCA==/com.feels-twVZykPd60NdJddbUWv_jw==/split_config.arm64_v8a.apk!/lib/arm64-v8a, /data/app/~~mod7R8gax5NFnr6WGLxbCA==/com.feels-twVZykPd60NdJddbUWv_jw==/split_config.en.apk!/lib/arm64-v8a, /data/app/~~mod7R8gax5NFnr6WGLxbCA==/com.feels-twVZykPd60NdJddbUWv_jw==/split_config.mdpi.apk!/lib/arm64-v8a, /system/lib64, /system_ext/lib64]]"
},
{
    "type": "error",
    "source": "method",
    "method": "giveConsent",
    "package_name": "com.feels",
    "class_name": "ly.count.android.sdk.Countly",
    "timestamp": 1728283922527,
    "error": "Error: java.lang.ClassNotFoundException: Didn't find class \"ly.count.android.sdk.Countly\" on path: DexPathList[[zip file \"/data/app/~~mod7R8gax5NFnr6WGLxbCA==/com.feels-twVZykPd60NdJddbUWv_jw==/base.apk\", zip file \"/data/app/~~mod7R8gax5NFnr6WGLxbCA==/com.feels-twVZykPd60NdJddbUWv_jw==/split_config.arm64_v8a.apk\", zip file \"/data/app/~~mod7R8gax5NFnr6WGLxbCA==/com.feels-twVZykPd60NdJddbUWv_jw==/split_config.en.apk\", zip file \"/data/app/~~mod7R8gax5NFnr6WGLxbCA==/com.feels-twVZykPd60NdJddbUWv_jw==/split_config.mdpi.apk\"],nativeLibraryDirectories=[/data/app/~~mod7R8gax5NFnr6WGLxbCA==/com.feels-twVZykPd60NdJddbUWv_jw==/lib/arm64, /data/app/~~mod7R8gax5NFnr6WGLxbCA==/com.feels-twVZykPd60NdJddbUWv_jw==/base.apk!/lib/arm64-v8a, /data/app/~~mod7R8gax5NFnr6WGLxbCA==/com.feels-twVZykPd60NdJddbUWv_jw==/split_config.arm64_v8a.apk!/lib/arm64-v8a, /data/app/~~mod7R8gax5NFnr6WGLxbCA==/com.feels-twVZykPd60NdJddbUWv_jw==/split_config.en.apk!/lib/arm64-v8a, /data/app/~~mod7R8gax5NFnr6WGLxbCA==/com.feels-twVZykPd60NdJddbUWv_jw==/split_config.mdpi.apk!/lib/arm64-v8a, /system/lib64, /system_ext/lib64]]"
},
{
    "type": "error",
    "source": "method",
    "method": "removeConsent",
    "package_name": "com.feels",
    "class_name": "ly.count.android.sdk.Countly",
    "timestamp": 1728283922531,
    "error": "Error: java.lang.ClassNotFoundException: Didn't find class \"ly.count.android.sdk.Countly\" on path: DexPathList[[zip file \"/data/app/~~mod7R8gax5NFnr6WGLxbCA==/com.feels-twVZykPd60NdJddbUWv_jw==/base.apk\", zip file \"/data/app/~~mod7R8gax5NFnr6WGLxbCA==/com.feels-twVZykPd60NdJddbUWv_jw==/split_config.arm64_v8a.apk\", zip file \"/data/app/~~mod7R8gax5NFnr6WGLxbCA==/com.feels-twVZykPd60NdJddbUWv_jw==/split_config.en.apk\", zip file \"/data/app/~~mod7R8gax5NFnr6WGLxbCA==/com.feels-twVZykPd60NdJddbUWv_jw==/split_config.mdpi.apk\"],nativeLibraryDirectories=[/data/app/~~mod7R8gax5NFnr6WGLxbCA==/com.feels-twVZykPd60NdJddbUWv_jw==/lib/arm64, /data/app/~~mod7R8gax5NFnr6WGLxbCA==/com.feels-twVZykPd60NdJddbUWv_jw==/base.apk!/lib/arm64-v8a, /data/app/~~mod7R8gax5NFnr6WGLxbCA==/com.feels-twVZykPd60NdJddbUWv_jw==/split_config.arm64_v8a.apk!/lib/arm64-v8a, /data/app/~~mod7R8gax5NFnr6WGLxbCA==/com.feels-twVZykPd60NdJddbUWv_jw==/split_config.en.apk!/lib/arm64-v8a, /data/app/~~mod7R8gax5NFnr6WGLxbCA==/com.feels-twVZykPd60NdJddbUWv_jw==/split_config.mdpi.apk!/lib/arm64-v8a, /system/lib64, /system_ext/lib64]]"
},
{
    "type": "error",
    "source": "method",
    "method": "setParameterTamperingProtectionSalt",
    "package_name": "com.feels",
    "class_name": "ly.count.android.sdk.CountlyConfig",
    "timestamp": 1728283922534,
    "error": "Error: java.lang.ClassNotFoundException: Didn't find class \"ly.count.android.sdk.CountlyConfig\" on path: DexPathList[[zip file \"/data/app/~~mod7R8gax5NFnr6WGLxbCA==/com.feels-twVZykPd60NdJddbUWv_jw==/base.apk\", zip file \"/data/app/~~mod7R8gax5NFnr6WGLxbCA==/com.feels-twVZykPd60NdJddbUWv_jw==/split_config.arm64_v8a.apk\", zip file \"/data/app/~~mod7R8gax5NFnr6WGLxbCA==/com.feels-twVZykPd60NdJddbUWv_jw==/split_config.en.apk\", zip file \"/data/app/~~mod7R8gax5NFnr6WGLxbCA==/com.feels-twVZykPd60NdJddbUWv_jw==/split_config.mdpi.apk\"],nativeLibraryDirectories=[/data/app/~~mod7R8gax5NFnr6WGLxbCA==/com.feels-twVZykPd60NdJddbUWv_jw==/lib/arm64, /data/app/~~mod7R8gax5NFnr6WGLxbCA==/com.feels-twVZykPd60NdJddbUWv_jw==/base.apk!/lib/arm64-v8a, /data/app/~~mod7R8gax5NFnr6WGLxbCA==/com.feels-twVZykPd60NdJddbUWv_jw==/split_config.arm64_v8a.apk!/lib/arm64-v8a, /data/app/~~mod7R8gax5NFnr6WGLxbCA==/com.feels-twVZykPd60NdJddbUWv_jw==/split_config.en.apk!/lib/arm64-v8a, /data/app/~~mod7R8gax5NFnr6WGLxbCA==/com.feels-twVZykPd60NdJddbUWv_jw==/split_config.mdpi.apk!/lib/arm64-v8a, /system/lib64, /system_ext/lib64]]"
},
{
    "type": "error",
    "source": "method",
    "method": "setDisableLocation",
    "package_name": "com.feels",
    "class_name": "ly.count.android.sdk.CountlyConfig",
    "timestamp": 1728283922539,
    "error": "Error: java.lang.ClassNotFoundException: Didn't find class \"ly.count.android.sdk.CountlyConfig\" on path: DexPathList[[zip file \"/data/app/~~mod7R8gax5NFnr6WGLxbCA==/com.feels-twVZykPd60NdJddbUWv_jw==/base.apk\", zip file \"/data/app/~~mod7R8gax5NFnr6WGLxbCA==/com.feels-twVZykPd60NdJddbUWv_jw==/split_config.arm64_v8a.apk\", zip file \"/data/app/~~mod7R8gax5NFnr6WGLxbCA==/com.feels-twVZykPd60NdJddbUWv_jw==/split_config.en.apk\", zip file \"/data/app/~~mod7R8gax5NFnr6WGLxbCA==/com.feels-twVZykPd60NdJddbUWv_jw==/split_config.mdpi.apk\"],nativeLibraryDirectories=[/data/app/~~mod7R8gax5NFnr6WGLxbCA==/com.feels-twVZykPd60NdJddbUWv_jw==/lib/arm64, /data/app/~~mod7R8gax5NFnr6WGLxbCA==/com.feels-twVZykPd60NdJddbUWv_jw==/base.apk!/lib/arm64-v8a, /data/app/~~mod7R8gax5NFnr6WGLxbCA==/com.feels-twVZykPd60NdJddbUWv_jw==/split_config.arm64_v8a.apk!/lib/arm64-v8a, /data/app/~~mod7R8gax5NFnr6WGLxbCA==/com.feels-twVZykPd60NdJddbUWv_jw==/split_config.en.apk!/lib/arm64-v8a, /data/app/~~mod7R8gax5NFnr6WGLxbCA==/com.feels-twVZykPd60NdJddbUWv_jw==/split_config.mdpi.apk!/lib/arm64-v8a, /system/lib64, /system_ext/lib64]]"
},
{
    "type": "error",
    "source": "method",
    "method": "setUsPrivacyOptOut",
    "package_name": "com.feels",
    "class_name": "com.criteo.Criteo",
    "timestamp": 1728283922543,
    "error": "Error: java.lang.ClassNotFoundException: Didn't find class \"com.criteo.Criteo\" on path: DexPathList[[zip file \"/data/app/~~mod7R8gax5NFnr6WGLxbCA==/com.feels-twVZykPd60NdJddbUWv_jw==/base.apk\", zip file \"/data/app/~~mod7R8gax5NFnr6WGLxbCA==/com.feels-twVZykPd60NdJddbUWv_jw==/split_config.arm64_v8a.apk\", zip file \"/data/app/~~mod7R8gax5NFnr6WGLxbCA==/com.feels-twVZykPd60NdJddbUWv_jw==/split_config.en.apk\", zip file \"/data/app/~~mod7R8gax5NFnr6WGLxbCA==/com.feels-twVZykPd60NdJddbUWv_jw==/split_config.mdpi.apk\"],nativeLibraryDirectories=[/data/app/~~mod7R8gax5NFnr6WGLxbCA==/com.feels-twVZykPd60NdJddbUWv_jw==/lib/arm64, /data/app/~~mod7R8gax5NFnr6WGLxbCA==/com.feels-twVZykPd60NdJddbUWv_jw==/base.apk!/lib/arm64-v8a, /data/app/~~mod7R8gax5NFnr6WGLxbCA==/com.feels-twVZykPd60NdJddbUWv_jw==/split_config.arm64_v8a.apk!/lib/arm64-v8a, /data/app/~~mod7R8gax5NFnr6WGLxbCA==/com.feels-twVZykPd60NdJddbUWv_jw==/split_config.en.apk!/lib/arm64-v8a, /data/app/~~mod7R8gax5NFnr6WGLxbCA==/com.feels-twVZykPd60NdJddbUWv_jw==/split_config.mdpi.apk!/lib/arm64-v8a, /system/lib64, /system_ext/lib64]]"
},
{
    "type": "error",
    "source": "method",
    "method": "setTagForChildDirectedTreatment",
    "package_name": "com.feels",
    "class_name": "com.criteo.Criteo",
    "timestamp": 1728283922548,
    "error": "Error: java.lang.ClassNotFoundException: Didn't find class \"com.criteo.Criteo\" on path: DexPathList[[zip file \"/data/app/~~mod7R8gax5NFnr6WGLxbCA==/com.feels-twVZykPd60NdJddbUWv_jw==/base.apk\", zip file \"/data/app/~~mod7R8gax5NFnr6WGLxbCA==/com.feels-twVZykPd60NdJddbUWv_jw==/split_config.arm64_v8a.apk\", zip file \"/data/app/~~mod7R8gax5NFnr6WGLxbCA==/com.feels-twVZykPd60NdJddbUWv_jw==/split_config.en.apk\", zip file \"/data/app/~~mod7R8gax5NFnr6WGLxbCA==/com.feels-twVZykPd60NdJddbUWv_jw==/split_config.mdpi.apk\"],nativeLibraryDirectories=[/data/app/~~mod7R8gax5NFnr6WGLxbCA==/com.feels-twVZykPd60NdJddbUWv_jw==/lib/arm64, /data/app/~~mod7R8gax5NFnr6WGLxbCA==/com.feels-twVZykPd60NdJddbUWv_jw==/base.apk!/lib/arm64-v8a, /data/app/~~mod7R8gax5NFnr6WGLxbCA==/com.feels-twVZykPd60NdJddbUWv_jw==/split_config.arm64_v8a.apk!/lib/arm64-v8a, /data/app/~~mod7R8gax5NFnr6WGLxbCA==/com.feels-twVZykPd60NdJddbUWv_jw==/split_config.en.apk!/lib/arm64-v8a, /data/app/~~mod7R8gax5NFnr6WGLxbCA==/com.feels-twVZykPd60NdJddbUWv_jw==/split_config.mdpi.apk!/lib/arm64-v8a, /system/lib64, /system_ext/lib64]]"
},
{
    "type": "error",
    "source": "method",
    "method": "setGdprConsent",
    "package_name": "com.feels",
    "class_name": "com.fyber.fairbid.user.UserInfo",
    "timestamp": 1728283922553,
    "error": "Error: java.lang.ClassNotFoundException: Didn't find class \"com.fyber.fairbid.user.UserInfo\" on path: DexPathList[[zip file \"/data/app/~~mod7R8gax5NFnr6WGLxbCA==/com.feels-twVZykPd60NdJddbUWv_jw==/base.apk\", zip file \"/data/app/~~mod7R8gax5NFnr6WGLxbCA==/com.feels-twVZykPd60NdJddbUWv_jw==/split_config.arm64_v8a.apk\", zip file \"/data/app/~~mod7R8gax5NFnr6WGLxbCA==/com.feels-twVZykPd60NdJddbUWv_jw==/split_config.en.apk\", zip file \"/data/app/~~mod7R8gax5NFnr6WGLxbCA==/com.feels-twVZykPd60NdJddbUWv_jw==/split_config.mdpi.apk\"],nativeLibraryDirectories=[/data/app/~~mod7R8gax5NFnr6WGLxbCA==/com.feels-twVZykPd60NdJddbUWv_jw==/lib/arm64, /data/app/~~mod7R8gax5NFnr6WGLxbCA==/com.feels-twVZykPd60NdJddbUWv_jw==/base.apk!/lib/arm64-v8a, /data/app/~~mod7R8gax5NFnr6WGLxbCA==/com.feels-twVZykPd60NdJddbUWv_jw==/split_config.arm64_v8a.apk!/lib/arm64-v8a, /data/app/~~mod7R8gax5NFnr6WGLxbCA==/com.feels-twVZykPd60NdJddbUWv_jw==/split_config.en.apk!/lib/arm64-v8a, /data/app/~~mod7R8gax5NFnr6WGLxbCA==/com.feels-twVZykPd60NdJddbUWv_jw==/split_config.mdpi.apk!/lib/arm64-v8a, /system/lib64, /system_ext/lib64]]"
},
{
    "type": "error",
    "source": "method",
    "method": "setIabUsPrivacyString",
    "package_name": "com.feels",
    "class_name": "com.fyber.fairbid.user.UserInfo",
    "timestamp": 1728283922558,
    "error": "Error: java.lang.ClassNotFoundException: Didn't find class \"com.fyber.fairbid.user.UserInfo\" on path: DexPathList[[zip file \"/data/app/~~mod7R8gax5NFnr6WGLxbCA==/com.feels-twVZykPd60NdJddbUWv_jw==/base.apk\", zip file \"/data/app/~~mod7R8gax5NFnr6WGLxbCA==/com.feels-twVZykPd60NdJddbUWv_jw==/split_config.arm64_v8a.apk\", zip file \"/data/app/~~mod7R8gax5NFnr6WGLxbCA==/com.feels-twVZykPd60NdJddbUWv_jw==/split_config.en.apk\", zip file \"/data/app/~~mod7R8gax5NFnr6WGLxbCA==/com.feels-twVZykPd60NdJddbUWv_jw==/split_config.mdpi.apk\"],nativeLibraryDirectories=[/data/app/~~mod7R8gax5NFnr6WGLxbCA==/com.feels-twVZykPd60NdJddbUWv_jw==/lib/arm64, /data/app/~~mod7R8gax5NFnr6WGLxbCA==/com.feels-twVZykPd60NdJddbUWv_jw==/base.apk!/lib/arm64-v8a, /data/app/~~mod7R8gax5NFnr6WGLxbCA==/com.feels-twVZykPd60NdJddbUWv_jw==/split_config.arm64_v8a.apk!/lib/arm64-v8a, /data/app/~~mod7R8gax5NFnr6WGLxbCA==/com.feels-twVZykPd60NdJddbUWv_jw==/split_config.en.apk!/lib/arm64-v8a, /data/app/~~mod7R8gax5NFnr6WGLxbCA==/com.feels-twVZykPd60NdJddbUWv_jw==/split_config.mdpi.apk!/lib/arm64-v8a, /system/lib64, /system_ext/lib64]]"
},
{
    "type": "error",
    "source": "method",
    "method": "clearIabUsPrivacyString",
    "package_name": "com.feels",
    "class_name": "com.fyber.fairbid.user.UserInfo",
    "timestamp": 1728283922562,
    "error": "Error: java.lang.ClassNotFoundException: Didn't find class \"com.fyber.fairbid.user.UserInfo\" on path: DexPathList[[zip file \"/data/app/~~mod7R8gax5NFnr6WGLxbCA==/com.feels-twVZykPd60NdJddbUWv_jw==/base.apk\", zip file \"/data/app/~~mod7R8gax5NFnr6WGLxbCA==/com.feels-twVZykPd60NdJddbUWv_jw==/split_config.arm64_v8a.apk\", zip file \"/data/app/~~mod7R8gax5NFnr6WGLxbCA==/com.feels-twVZykPd60NdJddbUWv_jw==/split_config.en.apk\", zip file \"/data/app/~~mod7R8gax5NFnr6WGLxbCA==/com.feels-twVZykPd60NdJddbUWv_jw==/split_config.mdpi.apk\"],nativeLibraryDirectories=[/data/app/~~mod7R8gax5NFnr6WGLxbCA==/com.feels-twVZykPd60NdJddbUWv_jw==/lib/arm64, /data/app/~~mod7R8gax5NFnr6WGLxbCA==/com.feels-twVZykPd60NdJddbUWv_jw==/base.apk!/lib/arm64-v8a, /data/app/~~mod7R8gax5NFnr6WGLxbCA==/com.feels-twVZykPd60NdJddbUWv_jw==/split_config.arm64_v8a.apk!/lib/arm64-v8a, /data/app/~~mod7R8gax5NFnr6WGLxbCA==/com.feels-twVZykPd60NdJddbUWv_jw==/split_config.en.apk!/lib/arm64-v8a, /data/app/~~mod7R8gax5NFnr6WGLxbCA==/com.feels-twVZykPd60NdJddbUWv_jw==/split_config.mdpi.apk!/lib/arm64-v8a, /system/lib64, /system_ext/lib64]]"
},
{
    "type": "error",
    "source": "method",
    "method": "setLgpdConsent",
    "package_name": "com.feels",
    "class_name": "com.fyber.fairbid.user.UserInfo",
    "timestamp": 1728283922566,
    "error": "Error: java.lang.ClassNotFoundException: Didn't find class \"com.fyber.fairbid.user.UserInfo\" on path: DexPathList[[zip file \"/data/app/~~mod7R8gax5NFnr6WGLxbCA==/com.feels-twVZykPd60NdJddbUWv_jw==/base.apk\", zip file \"/data/app/~~mod7R8gax5NFnr6WGLxbCA==/com.feels-twVZykPd60NdJddbUWv_jw==/split_config.arm64_v8a.apk\", zip file \"/data/app/~~mod7R8gax5NFnr6WGLxbCA==/com.feels-twVZykPd60NdJddbUWv_jw==/split_config.en.apk\", zip file \"/data/app/~~mod7R8gax5NFnr6WGLxbCA==/com.feels-twVZykPd60NdJddbUWv_jw==/split_config.mdpi.apk\"],nativeLibraryDirectories=[/data/app/~~mod7R8gax5NFnr6WGLxbCA==/com.feels-twVZykPd60NdJddbUWv_jw==/lib/arm64, /data/app/~~mod7R8gax5NFnr6WGLxbCA==/com.feels-twVZykPd60NdJddbUWv_jw==/base.apk!/lib/arm64-v8a, /data/app/~~mod7R8gax5NFnr6WGLxbCA==/com.feels-twVZykPd60NdJddbUWv_jw==/split_config.arm64_v8a.apk!/lib/arm64-v8a, /data/app/~~mod7R8gax5NFnr6WGLxbCA==/com.feels-twVZykPd60NdJddbUWv_jw==/split_config.en.apk!/lib/arm64-v8a, /data/app/~~mod7R8gax5NFnr6WGLxbCA==/com.feels-twVZykPd60NdJddbUWv_jw==/split_config.mdpi.apk!/lib/arm64-v8a, /system/lib64, /system_ext/lib64]]"
},
{
    "type": "error",
    "source": "method",
    "method": "setGdprConsentString",
    "package_name": "com.feels",
    "class_name": "com.fyber.fairbid.user.UserInfo",
    "timestamp": 1728283922570,
    "error": "Error: java.lang.ClassNotFoundException: Didn't find class \"com.fyber.fairbid.user.UserInfo\" on path: DexPathList[[zip file \"/data/app/~~mod7R8gax5NFnr6WGLxbCA==/com.feels-twVZykPd60NdJddbUWv_jw==/base.apk\", zip file \"/data/app/~~mod7R8gax5NFnr6WGLxbCA==/com.feels-twVZykPd60NdJddbUWv_jw==/split_config.arm64_v8a.apk\", zip file \"/data/app/~~mod7R8gax5NFnr6WGLxbCA==/com.feels-twVZykPd60NdJddbUWv_jw==/split_config.en.apk\", zip file \"/data/app/~~mod7R8gax5NFnr6WGLxbCA==/com.feels-twVZykPd60NdJddbUWv_jw==/split_config.mdpi.apk\"],nativeLibraryDirectories=[/data/app/~~mod7R8gax5NFnr6WGLxbCA==/com.feels-twVZykPd60NdJddbUWv_jw==/lib/arm64, /data/app/~~mod7R8gax5NFnr6WGLxbCA==/com.feels-twVZykPd60NdJddbUWv_jw==/base.apk!/lib/arm64-v8a, /data/app/~~mod7R8gax5NFnr6WGLxbCA==/com.feels-twVZykPd60NdJddbUWv_jw==/split_config.arm64_v8a.apk!/lib/arm64-v8a, /data/app/~~mod7R8gax5NFnr6WGLxbCA==/com.feels-twVZykPd60NdJddbUWv_jw==/split_config.en.apk!/lib/arm64-v8a, /data/app/~~mod7R8gax5NFnr6WGLxbCA==/com.feels-twVZykPd60NdJddbUWv_jw==/split_config.mdpi.apk!/lib/arm64-v8a, /system/lib64, /system_ext/lib64]]"
},
{
    "type": "error",
    "source": "method",
    "method": "setAdvertiserTrackingEnabled",
    "package_name": "com.feels",
    "class_name": "com.facebook.ads.AdSettings",
    "timestamp": 1728283922574,
    "error": "Error: java.lang.ClassNotFoundException: Didn't find class \"com.facebook.ads.AdSettings\" on path: DexPathList[[zip file \"/data/app/~~mod7R8gax5NFnr6WGLxbCA==/com.feels-twVZykPd60NdJddbUWv_jw==/base.apk\", zip file \"/data/app/~~mod7R8gax5NFnr6WGLxbCA==/com.feels-twVZykPd60NdJddbUWv_jw==/split_config.arm64_v8a.apk\", zip file \"/data/app/~~mod7R8gax5NFnr6WGLxbCA==/com.feels-twVZykPd60NdJddbUWv_jw==/split_config.en.apk\", zip file \"/data/app/~~mod7R8gax5NFnr6WGLxbCA==/com.feels-twVZykPd60NdJddbUWv_jw==/split_config.mdpi.apk\"],nativeLibraryDirectories=[/data/app/~~mod7R8gax5NFnr6WGLxbCA==/com.feels-twVZykPd60NdJddbUWv_jw==/lib/arm64, /data/app/~~mod7R8gax5NFnr6WGLxbCA==/com.feels-twVZykPd60NdJddbUWv_jw==/base.apk!/lib/arm64-v8a, /data/app/~~mod7R8gax5NFnr6WGLxbCA==/com.feels-twVZykPd60NdJddbUWv_jw==/split_config.arm64_v8a.apk!/lib/arm64-v8a, /data/app/~~mod7R8gax5NFnr6WGLxbCA==/com.feels-twVZykPd60NdJddbUWv_jw==/split_config.en.apk!/lib/arm64-v8a, /data/app/~~mod7R8gax5NFnr6WGLxbCA==/com.feels-twVZykPd60NdJddbUWv_jw==/split_config.mdpi.apk!/lib/arm64-v8a, /system/lib64, /system_ext/lib64]]"
},
{
    "type": "error",
    "source": "method",
    "method": "setAdvertiserTrackingEnabled",
    "package_name": "com.feels",
    "class_name": "com.facebook.FacebookSdk",
    "timestamp": 1728283922578,
    "error": "Error: java.lang.ClassNotFoundException: Didn't find class \"com.facebook.FacebookSdk\" on path: DexPathList[[zip file \"/data/app/~~mod7R8gax5NFnr6WGLxbCA==/com.feels-twVZykPd60NdJddbUWv_jw==/base.apk\", zip file \"/data/app/~~mod7R8gax5NFnr6WGLxbCA==/com.feels-twVZykPd60NdJddbUWv_jw==/split_config.arm64_v8a.apk\", zip file \"/data/app/~~mod7R8gax5NFnr6WGLxbCA==/com.feels-twVZykPd60NdJddbUWv_jw==/split_config.en.apk\", zip file \"/data/app/~~mod7R8gax5NFnr6WGLxbCA==/com.feels-twVZykPd60NdJddbUWv_jw==/split_config.mdpi.apk\"],nativeLibraryDirectories=[/data/app/~~mod7R8gax5NFnr6WGLxbCA==/com.feels-twVZykPd60NdJddbUWv_jw==/lib/arm64, /data/app/~~mod7R8gax5NFnr6WGLxbCA==/com.feels-twVZykPd60NdJddbUWv_jw==/base.apk!/lib/arm64-v8a, /data/app/~~mod7R8gax5NFnr6WGLxbCA==/com.feels-twVZykPd60NdJddbUWv_jw==/split_config.arm64_v8a.apk!/lib/arm64-v8a, /data/app/~~mod7R8gax5NFnr6WGLxbCA==/com.feels-twVZykPd60NdJddbUWv_jw==/split_config.en.apk!/lib/arm64-v8a, /data/app/~~mod7R8gax5NFnr6WGLxbCA==/com.feels-twVZykPd60NdJddbUWv_jw==/split_config.mdpi.apk!/lib/arm64-v8a, /system/lib64, /system_ext/lib64]]"
},
{
    "type": "error",
    "source": "method",
    "method": "setAutoLogAppEventsEnabled",
    "package_name": "com.feels",
    "class_name": "com.facebook.ads.AdSettings",
    "timestamp": 1728283922582,
    "error": "Error: java.lang.ClassNotFoundException: Didn't find class \"com.facebook.ads.AdSettings\" on path: DexPathList[[zip file \"/data/app/~~mod7R8gax5NFnr6WGLxbCA==/com.feels-twVZykPd60NdJddbUWv_jw==/base.apk\", zip file \"/data/app/~~mod7R8gax5NFnr6WGLxbCA==/com.feels-twVZykPd60NdJddbUWv_jw==/split_config.arm64_v8a.apk\", zip file \"/data/app/~~mod7R8gax5NFnr6WGLxbCA==/com.feels-twVZykPd60NdJddbUWv_jw==/split_config.en.apk\", zip file \"/data/app/~~mod7R8gax5NFnr6WGLxbCA==/com.feels-twVZykPd60NdJddbUWv_jw==/split_config.mdpi.apk\"],nativeLibraryDirectories=[/data/app/~~mod7R8gax5NFnr6WGLxbCA==/com.feels-twVZykPd60NdJddbUWv_jw==/lib/arm64, /data/app/~~mod7R8gax5NFnr6WGLxbCA==/com.feels-twVZykPd60NdJddbUWv_jw==/base.apk!/lib/arm64-v8a, /data/app/~~mod7R8gax5NFnr6WGLxbCA==/com.feels-twVZykPd60NdJddbUWv_jw==/split_config.arm64_v8a.apk!/lib/arm64-v8a, /data/app/~~mod7R8gax5NFnr6WGLxbCA==/com.feels-twVZykPd60NdJddbUWv_jw==/split_config.en.apk!/lib/arm64-v8a, /data/app/~~mod7R8gax5NFnr6WGLxbCA==/com.feels-twVZykPd60NdJddbUWv_jw==/split_config.mdpi.apk!/lib/arm64-v8a, /system/lib64, /system_ext/lib64]]"
},
{
    "type": "error",
    "source": "method",
    "method": "setAutoLogAppEventsEnabled",
    "package_name": "com.feels",
    "class_name": "com.facebook.FacebookSdk",
    "timestamp": 1728283922586,
    "error": "Error: java.lang.ClassNotFoundException: Didn't find class \"com.facebook.FacebookSdk\" on path: DexPathList[[zip file \"/data/app/~~mod7R8gax5NFnr6WGLxbCA==/com.feels-twVZykPd60NdJddbUWv_jw==/base.apk\", zip file \"/data/app/~~mod7R8gax5NFnr6WGLxbCA==/com.feels-twVZykPd60NdJddbUWv_jw==/split_config.arm64_v8a.apk\", zip file \"/data/app/~~mod7R8gax5NFnr6WGLxbCA==/com.feels-twVZykPd60NdJddbUWv_jw==/split_config.en.apk\", zip file \"/data/app/~~mod7R8gax5NFnr6WGLxbCA==/com.feels-twVZykPd60NdJddbUWv_jw==/split_config.mdpi.apk\"],nativeLibraryDirectories=[/data/app/~~mod7R8gax5NFnr6WGLxbCA==/com.feels-twVZykPd60NdJddbUWv_jw==/lib/arm64, /data/app/~~mod7R8gax5NFnr6WGLxbCA==/com.feels-twVZykPd60NdJddbUWv_jw==/base.apk!/lib/arm64-v8a, /data/app/~~mod7R8gax5NFnr6WGLxbCA==/com.feels-twVZykPd60NdJddbUWv_jw==/split_config.arm64_v8a.apk!/lib/arm64-v8a, /data/app/~~mod7R8gax5NFnr6WGLxbCA==/com.feels-twVZykPd60NdJddbUWv_jw==/split_config.en.apk!/lib/arm64-v8a, /data/app/~~mod7R8gax5NFnr6WGLxbCA==/com.feels-twVZykPd60NdJddbUWv_jw==/split_config.mdpi.apk!/lib/arm64-v8a, /system/lib64, /system_ext/lib64]]"
},
{
    "type": "error",
    "source": "method",
    "method": "setDataProcessingOptions",
    "package_name": "com.feels",
    "class_name": "com.facebook.ads.AdSettings",
    "timestamp": 1728283922590,
    "error": "Error: java.lang.ClassNotFoundException: Didn't find class \"com.facebook.ads.AdSettings\" on path: DexPathList[[zip file \"/data/app/~~mod7R8gax5NFnr6WGLxbCA==/com.feels-twVZykPd60NdJddbUWv_jw==/base.apk\", zip file \"/data/app/~~mod7R8gax5NFnr6WGLxbCA==/com.feels-twVZykPd60NdJddbUWv_jw==/split_config.arm64_v8a.apk\", zip file \"/data/app/~~mod7R8gax5NFnr6WGLxbCA==/com.feels-twVZykPd60NdJddbUWv_jw==/split_config.en.apk\", zip file \"/data/app/~~mod7R8gax5NFnr6WGLxbCA==/com.feels-twVZykPd60NdJddbUWv_jw==/split_config.mdpi.apk\"],nativeLibraryDirectories=[/data/app/~~mod7R8gax5NFnr6WGLxbCA==/com.feels-twVZykPd60NdJddbUWv_jw==/lib/arm64, /data/app/~~mod7R8gax5NFnr6WGLxbCA==/com.feels-twVZykPd60NdJddbUWv_jw==/base.apk!/lib/arm64-v8a, /data/app/~~mod7R8gax5NFnr6WGLxbCA==/com.feels-twVZykPd60NdJddbUWv_jw==/split_config.arm64_v8a.apk!/lib/arm64-v8a, /data/app/~~mod7R8gax5NFnr6WGLxbCA==/com.feels-twVZykPd60NdJddbUWv_jw==/split_config.en.apk!/lib/arm64-v8a, /data/app/~~mod7R8gax5NFnr6WGLxbCA==/com.feels-twVZykPd60NdJddbUWv_jw==/split_config.mdpi.apk!/lib/arm64-v8a, /system/lib64, /system_ext/lib64]]"
},
{
    "type": "error",
    "source": "method",
    "method": "setDataProcessingOptions",
    "package_name": "com.feels",
    "class_name": "com.facebook.FacebookSdk",
    "timestamp": 1728283922594,
    "error": "Error: java.lang.ClassNotFoundException: Didn't find class \"com.facebook.FacebookSdk\" on path: DexPathList[[zip file \"/data/app/~~mod7R8gax5NFnr6WGLxbCA==/com.feels-twVZykPd60NdJddbUWv_jw==/base.apk\", zip file \"/data/app/~~mod7R8gax5NFnr6WGLxbCA==/com.feels-twVZykPd60NdJddbUWv_jw==/split_config.arm64_v8a.apk\", zip file \"/data/app/~~mod7R8gax5NFnr6WGLxbCA==/com.feels-twVZykPd60NdJddbUWv_jw==/split_config.en.apk\", zip file \"/data/app/~~mod7R8gax5NFnr6WGLxbCA==/com.feels-twVZykPd60NdJddbUWv_jw==/split_config.mdpi.apk\"],nativeLibraryDirectories=[/data/app/~~mod7R8gax5NFnr6WGLxbCA==/com.feels-twVZykPd60NdJddbUWv_jw==/lib/arm64, /data/app/~~mod7R8gax5NFnr6WGLxbCA==/com.feels-twVZykPd60NdJddbUWv_jw==/base.apk!/lib/arm64-v8a, /data/app/~~mod7R8gax5NFnr6WGLxbCA==/com.feels-twVZykPd60NdJddbUWv_jw==/split_config.arm64_v8a.apk!/lib/arm64-v8a, /data/app/~~mod7R8gax5NFnr6WGLxbCA==/com.feels-twVZykPd60NdJddbUWv_jw==/split_config.en.apk!/lib/arm64-v8a, /data/app/~~mod7R8gax5NFnr6WGLxbCA==/com.feels-twVZykPd60NdJddbUWv_jw==/split_config.mdpi.apk!/lib/arm64-v8a, /system/lib64, /system_ext/lib64]]"
},
{
    "type": "error",
    "source": "method",
    "method": "setDataSaleOptOut",
    "package_name": "com.feels",
    "class_name": "com.flurry.android.FlurryAgent",
    "timestamp": 1728283922602,
    "error": "Error: java.lang.ClassNotFoundException: Didn't find class \"com.flurry.android.FlurryAgent\" on path: DexPathList[[zip file \"/data/app/~~mod7R8gax5NFnr6WGLxbCA==/com.feels-twVZykPd60NdJddbUWv_jw==/base.apk\", zip file \"/data/app/~~mod7R8gax5NFnr6WGLxbCA==/com.feels-twVZykPd60NdJddbUWv_jw==/split_config.arm64_v8a.apk\", zip file \"/data/app/~~mod7R8gax5NFnr6WGLxbCA==/com.feels-twVZykPd60NdJddbUWv_jw==/split_config.en.apk\", zip file \"/data/app/~~mod7R8gax5NFnr6WGLxbCA==/com.feels-twVZykPd60NdJddbUWv_jw==/split_config.mdpi.apk\"],nativeLibraryDirectories=[/data/app/~~mod7R8gax5NFnr6WGLxbCA==/com.feels-twVZykPd60NdJddbUWv_jw==/lib/arm64, /data/app/~~mod7R8gax5NFnr6WGLxbCA==/com.feels-twVZykPd60NdJddbUWv_jw==/base.apk!/lib/arm64-v8a, /data/app/~~mod7R8gax5NFnr6WGLxbCA==/com.feels-twVZykPd60NdJddbUWv_jw==/split_config.arm64_v8a.apk!/lib/arm64-v8a, /data/app/~~mod7R8gax5NFnr6WGLxbCA==/com.feels-twVZykPd60NdJddbUWv_jw==/split_config.en.apk!/lib/arm64-v8a, /data/app/~~mod7R8gax5NFnr6WGLxbCA==/com.feels-twVZykPd60NdJddbUWv_jw==/split_config.mdpi.apk!/lib/arm64-v8a, /system/lib64, /system_ext/lib64]]"
},
{
    "type": "error",
    "source": "method",
    "method": "deleteData",
    "package_name": "com.feels",
    "class_name": "com.flurry.android.FlurryAgent",
    "timestamp": 1728283922605,
    "error": "Error: java.lang.ClassNotFoundException: Didn't find class \"com.flurry.android.FlurryAgent\" on path: DexPathList[[zip file \"/data/app/~~mod7R8gax5NFnr6WGLxbCA==/com.feels-twVZykPd60NdJddbUWv_jw==/base.apk\", zip file \"/data/app/~~mod7R8gax5NFnr6WGLxbCA==/com.feels-twVZykPd60NdJddbUWv_jw==/split_config.arm64_v8a.apk\", zip file \"/data/app/~~mod7R8gax5NFnr6WGLxbCA==/com.feels-twVZykPd60NdJddbUWv_jw==/split_config.en.apk\", zip file \"/data/app/~~mod7R8gax5NFnr6WGLxbCA==/com.feels-twVZykPd60NdJddbUWv_jw==/split_config.mdpi.apk\"],nativeLibraryDirectories=[/data/app/~~mod7R8gax5NFnr6WGLxbCA==/com.feels-twVZykPd60NdJddbUWv_jw==/lib/arm64, /data/app/~~mod7R8gax5NFnr6WGLxbCA==/com.feels-twVZykPd60NdJddbUWv_jw==/base.apk!/lib/arm64-v8a, /data/app/~~mod7R8gax5NFnr6WGLxbCA==/com.feels-twVZykPd60NdJddbUWv_jw==/split_config.arm64_v8a.apk!/lib/arm64-v8a, /data/app/~~mod7R8gax5NFnr6WGLxbCA==/com.feels-twVZykPd60NdJddbUWv_jw==/split_config.en.apk!/lib/arm64-v8a, /data/app/~~mod7R8gax5NFnr6WGLxbCA==/com.feels-twVZykPd60NdJddbUWv_jw==/split_config.mdpi.apk!/lib/arm64-v8a, /system/lib64, /system_ext/lib64]]"
},
{
    "type": "error",
    "source": "method",
    "method": "setGppConsent",
    "package_name": "com.feels",
    "class_name": "com.flurry.android.FlurryAgent",
    "timestamp": 1728283922609,
    "error": "Error: java.lang.ClassNotFoundException: Didn't find class \"com.flurry.android.FlurryAgent\" on path: DexPathList[[zip file \"/data/app/~~mod7R8gax5NFnr6WGLxbCA==/com.feels-twVZykPd60NdJddbUWv_jw==/base.apk\", zip file \"/data/app/~~mod7R8gax5NFnr6WGLxbCA==/com.feels-twVZykPd60NdJddbUWv_jw==/split_config.arm64_v8a.apk\", zip file \"/data/app/~~mod7R8gax5NFnr6WGLxbCA==/com.feels-twVZykPd60NdJddbUWv_jw==/split_config.en.apk\", zip file \"/data/app/~~mod7R8gax5NFnr6WGLxbCA==/com.feels-twVZykPd60NdJddbUWv_jw==/split_config.mdpi.apk\"],nativeLibraryDirectories=[/data/app/~~mod7R8gax5NFnr6WGLxbCA==/com.feels-twVZykPd60NdJddbUWv_jw==/lib/arm64, /data/app/~~mod7R8gax5NFnr6WGLxbCA==/com.feels-twVZykPd60NdJddbUWv_jw==/base.apk!/lib/arm64-v8a, /data/app/~~mod7R8gax5NFnr6WGLxbCA==/com.feels-twVZykPd60NdJddbUWv_jw==/split_config.arm64_v8a.apk!/lib/arm64-v8a, /data/app/~~mod7R8gax5NFnr6WGLxbCA==/com.feels-twVZykPd60NdJddbUWv_jw==/split_config.en.apk!/lib/arm64-v8a, /data/app/~~mod7R8gax5NFnr6WGLxbCA==/com.feels-twVZykPd60NdJddbUWv_jw==/split_config.mdpi.apk!/lib/arm64-v8a, /system/lib64, /system_ext/lib64]]"
},
{
    "type": "error",
    "source": "method",
    "method": "updateFlurryConsent",
    "package_name": "com.feels",
    "class_name": "com.flurry.android.FlurryAgent",
    "timestamp": 1728283922613,
    "error": "Error: java.lang.ClassNotFoundException: Didn't find class \"com.flurry.android.FlurryAgent\" on path: DexPathList[[zip file \"/data/app/~~mod7R8gax5NFnr6WGLxbCA==/com.feels-twVZykPd60NdJddbUWv_jw==/base.apk\", zip file \"/data/app/~~mod7R8gax5NFnr6WGLxbCA==/com.feels-twVZykPd60NdJddbUWv_jw==/split_config.arm64_v8a.apk\", zip file \"/data/app/~~mod7R8gax5NFnr6WGLxbCA==/com.feels-twVZykPd60NdJddbUWv_jw==/split_config.en.apk\", zip file \"/data/app/~~mod7R8gax5NFnr6WGLxbCA==/com.feels-twVZykPd60NdJddbUWv_jw==/split_config.mdpi.apk\"],nativeLibraryDirectories=[/data/app/~~mod7R8gax5NFnr6WGLxbCA==/com.feels-twVZykPd60NdJddbUWv_jw==/lib/arm64, /data/app/~~mod7R8gax5NFnr6WGLxbCA==/com.feels-twVZykPd60NdJddbUWv_jw==/base.apk!/lib/arm64-v8a, /data/app/~~mod7R8gax5NFnr6WGLxbCA==/com.feels-twVZykPd60NdJddbUWv_jw==/split_config.arm64_v8a.apk!/lib/arm64-v8a, /data/app/~~mod7R8gax5NFnr6WGLxbCA==/com.feels-twVZykPd60NdJddbUWv_jw==/split_config.en.apk!/lib/arm64-v8a, /data/app/~~mod7R8gax5NFnr6WGLxbCA==/com.feels-twVZykPd60NdJddbUWv_jw==/split_config.mdpi.apk!/lib/arm64-v8a, /system/lib64, /system_ext/lib64]]"
},
{
    "type": "error",
    "source": "method",
    "method": "setEnabledEventSubmission",
    "package_name": "com.feels",
    "class_name": "com.gameanalytics.sdk.GameAnalytics",
    "timestamp": 1728283922617,
    "error": "Error: java.lang.ClassNotFoundException: Didn't find class \"com.gameanalytics.sdk.GameAnalytics\" on path: DexPathList[[zip file \"/data/app/~~mod7R8gax5NFnr6WGLxbCA==/com.feels-twVZykPd60NdJddbUWv_jw==/base.apk\", zip file \"/data/app/~~mod7R8gax5NFnr6WGLxbCA==/com.feels-twVZykPd60NdJddbUWv_jw==/split_config.arm64_v8a.apk\", zip file \"/data/app/~~mod7R8gax5NFnr6WGLxbCA==/com.feels-twVZykPd60NdJddbUWv_jw==/split_config.en.apk\", zip file \"/data/app/~~mod7R8gax5NFnr6WGLxbCA==/com.feels-twVZykPd60NdJddbUWv_jw==/split_config.mdpi.apk\"],nativeLibraryDirectories=[/data/app/~~mod7R8gax5NFnr6WGLxbCA==/com.feels-twVZykPd60NdJddbUWv_jw==/lib/arm64, /data/app/~~mod7R8gax5NFnr6WGLxbCA==/com.feels-twVZykPd60NdJddbUWv_jw==/base.apk!/lib/arm64-v8a, /data/app/~~mod7R8gax5NFnr6WGLxbCA==/com.feels-twVZykPd60NdJddbUWv_jw==/split_config.arm64_v8a.apk!/lib/arm64-v8a, /data/app/~~mod7R8gax5NFnr6WGLxbCA==/com.feels-twVZykPd60NdJddbUWv_jw==/split_config.en.apk!/lib/arm64-v8a, /data/app/~~mod7R8gax5NFnr6WGLxbCA==/com.feels-twVZykPd60NdJddbUWv_jw==/split_config.mdpi.apk!/lib/arm64-v8a, /system/lib64, /system_ext/lib64]]"
},
{
    "type": "error",
    "source": "method",
    "method": "putPublisherFirstPartyIdEnabled",
    "package_name": "com.feels",
    "class_name": "com.google.android.gms.ads.MobileAds",
    "timestamp": 1728283922621,
    "error": "Error: java.lang.ClassNotFoundException: Didn't find class \"com.google.android.gms.ads.MobileAds\" on path: DexPathList[[zip file \"/data/app/~~mod7R8gax5NFnr6WGLxbCA==/com.feels-twVZykPd60NdJddbUWv_jw==/base.apk\", zip file \"/data/app/~~mod7R8gax5NFnr6WGLxbCA==/com.feels-twVZykPd60NdJddbUWv_jw==/split_config.arm64_v8a.apk\", zip file \"/data/app/~~mod7R8gax5NFnr6WGLxbCA==/com.feels-twVZykPd60NdJddbUWv_jw==/split_config.en.apk\", zip file \"/data/app/~~mod7R8gax5NFnr6WGLxbCA==/com.feels-twVZykPd60NdJddbUWv_jw==/split_config.mdpi.apk\"],nativeLibraryDirectories=[/data/app/~~mod7R8gax5NFnr6WGLxbCA==/com.feels-twVZykPd60NdJddbUWv_jw==/lib/arm64, /data/app/~~mod7R8gax5NFnr6WGLxbCA==/com.feels-twVZykPd60NdJddbUWv_jw==/base.apk!/lib/arm64-v8a, /data/app/~~mod7R8gax5NFnr6WGLxbCA==/com.feels-twVZykPd60NdJddbUWv_jw==/split_config.arm64_v8a.apk!/lib/arm64-v8a, /data/app/~~mod7R8gax5NFnr6WGLxbCA==/com.feels-twVZykPd60NdJddbUWv_jw==/split_config.en.apk!/lib/arm64-v8a, /data/app/~~mod7R8gax5NFnr6WGLxbCA==/com.feels-twVZykPd60NdJddbUWv_jw==/split_config.mdpi.apk!/lib/arm64-v8a, /system/lib64, /system_ext/lib64]]"
},
{
    "type": "error",
    "source": "method",
    "method": "addNetworkExtrasBundle",
    "package_name": "com.feels",
    "class_name": "com.google.android.gms.ads.AdRequest$Builder",
    "timestamp": 1728283922625,
    "error": "Error: java.lang.ClassNotFoundException: Didn't find class \"com.google.android.gms.ads.AdRequest$Builder\" on path: DexPathList[[zip file \"/data/app/~~mod7R8gax5NFnr6WGLxbCA==/com.feels-twVZykPd60NdJddbUWv_jw==/base.apk\", zip file \"/data/app/~~mod7R8gax5NFnr6WGLxbCA==/com.feels-twVZykPd60NdJddbUWv_jw==/split_config.arm64_v8a.apk\", zip file \"/data/app/~~mod7R8gax5NFnr6WGLxbCA==/com.feels-twVZykPd60NdJddbUWv_jw==/split_config.en.apk\", zip file \"/data/app/~~mod7R8gax5NFnr6WGLxbCA==/com.feels-twVZykPd60NdJddbUWv_jw==/split_config.mdpi.apk\"],nativeLibraryDirectories=[/data/app/~~mod7R8gax5NFnr6WGLxbCA==/com.feels-twVZykPd60NdJddbUWv_jw==/lib/arm64, /data/app/~~mod7R8gax5NFnr6WGLxbCA==/com.feels-twVZykPd60NdJddbUWv_jw==/base.apk!/lib/arm64-v8a, /data/app/~~mod7R8gax5NFnr6WGLxbCA==/com.feels-twVZykPd60NdJddbUWv_jw==/split_config.arm64_v8a.apk!/lib/arm64-v8a, /data/app/~~mod7R8gax5NFnr6WGLxbCA==/com.feels-twVZykPd60NdJddbUWv_jw==/split_config.en.apk!/lib/arm64-v8a, /data/app/~~mod7R8gax5NFnr6WGLxbCA==/com.feels-twVZykPd60NdJddbUWv_jw==/split_config.mdpi.apk!/lib/arm64-v8a, /system/lib64, /system_ext/lib64]]"
},
{
    "type": "error",
    "source": "method",
    "method": "setAppOptOut",
    "package_name": "com.feels",
    "class_name": "com.google.android.gms.analytics.GoogleAnalytics",
    "timestamp": 1728283922629,
    "error": "Error: java.lang.ClassNotFoundException: Didn't find class \"com.google.android.gms.analytics.GoogleAnalytics\" on path: DexPathList[[zip file \"/data/app/~~mod7R8gax5NFnr6WGLxbCA==/com.feels-twVZykPd60NdJddbUWv_jw==/base.apk\", zip file \"/data/app/~~mod7R8gax5NFnr6WGLxbCA==/com.feels-twVZykPd60NdJddbUWv_jw==/split_config.arm64_v8a.apk\", zip file \"/data/app/~~mod7R8gax5NFnr6WGLxbCA==/com.feels-twVZykPd60NdJddbUWv_jw==/split_config.en.apk\", zip file \"/data/app/~~mod7R8gax5NFnr6WGLxbCA==/com.feels-twVZykPd60NdJddbUWv_jw==/split_config.mdpi.apk\"],nativeLibraryDirectories=[/data/app/~~mod7R8gax5NFnr6WGLxbCA==/com.feels-twVZykPd60NdJddbUWv_jw==/lib/arm64, /data/app/~~mod7R8gax5NFnr6WGLxbCA==/com.feels-twVZykPd60NdJddbUWv_jw==/base.apk!/lib/arm64-v8a, /data/app/~~mod7R8gax5NFnr6WGLxbCA==/com.feels-twVZykPd60NdJddbUWv_jw==/split_config.arm64_v8a.apk!/lib/arm64-v8a, /data/app/~~mod7R8gax5NFnr6WGLxbCA==/com.feels-twVZykPd60NdJddbUWv_jw==/split_config.en.apk!/lib/arm64-v8a, /data/app/~~mod7R8gax5NFnr6WGLxbCA==/com.feels-twVZykPd60NdJddbUWv_jw==/split_config.mdpi.apk!/lib/arm64-v8a, /system/lib64, /system_ext/lib64]]"
},
{
    "type": "error",
    "source": "method",
    "method": "setConsentStatus",
    "package_name": "com.feels",
    "class_name": "com.hyprmx.android.sdk.core.HyprMX",
    "timestamp": 1728283922633,
    "error": "Error: java.lang.ClassNotFoundException: Didn't find class \"com.hyprmx.android.sdk.core.HyprMX\" on path: DexPathList[[zip file \"/data/app/~~mod7R8gax5NFnr6WGLxbCA==/com.feels-twVZykPd60NdJddbUWv_jw==/base.apk\", zip file \"/data/app/~~mod7R8gax5NFnr6WGLxbCA==/com.feels-twVZykPd60NdJddbUWv_jw==/split_config.arm64_v8a.apk\", zip file \"/data/app/~~mod7R8gax5NFnr6WGLxbCA==/com.feels-twVZykPd60NdJddbUWv_jw==/split_config.en.apk\", zip file \"/data/app/~~mod7R8gax5NFnr6WGLxbCA==/com.feels-twVZykPd60NdJddbUWv_jw==/split_config.mdpi.apk\"],nativeLibraryDirectories=[/data/app/~~mod7R8gax5NFnr6WGLxbCA==/com.feels-twVZykPd60NdJddbUWv_jw==/lib/arm64, /data/app/~~mod7R8gax5NFnr6WGLxbCA==/com.feels-twVZykPd60NdJddbUWv_jw==/base.apk!/lib/arm64-v8a, /data/app/~~mod7R8gax5NFnr6WGLxbCA==/com.feels-twVZykPd60NdJddbUWv_jw==/split_config.arm64_v8a.apk!/lib/arm64-v8a, /data/app/~~mod7R8gax5NFnr6WGLxbCA==/com.feels-twVZykPd60NdJddbUWv_jw==/split_config.en.apk!/lib/arm64-v8a, /data/app/~~mod7R8gax5NFnr6WGLxbCA==/com.feels-twVZykPd60NdJddbUWv_jw==/split_config.mdpi.apk!/lib/arm64-v8a, /system/lib64, /system_ext/lib64]]"
},
{
    "type": "error",
    "source": "method",
    "method": "setAgeRestrictedUser",
    "package_name": "com.feels",
    "class_name": "com.hyprmx.android.sdk.core.HyprMX",
    "timestamp": 1728283922638,
    "error": "Error: java.lang.ClassNotFoundException: Didn't find class \"com.hyprmx.android.sdk.core.HyprMX\" on path: DexPathList[[zip file \"/data/app/~~mod7R8gax5NFnr6WGLxbCA==/com.feels-twVZykPd60NdJddbUWv_jw==/base.apk\", zip file \"/data/app/~~mod7R8gax5NFnr6WGLxbCA==/com.feels-twVZykPd60NdJddbUWv_jw==/split_config.arm64_v8a.apk\", zip file \"/data/app/~~mod7R8gax5NFnr6WGLxbCA==/com.feels-twVZykPd60NdJddbUWv_jw==/split_config.en.apk\", zip file \"/data/app/~~mod7R8gax5NFnr6WGLxbCA==/com.feels-twVZykPd60NdJddbUWv_jw==/split_config.mdpi.apk\"],nativeLibraryDirectories=[/data/app/~~mod7R8gax5NFnr6WGLxbCA==/com.feels-twVZykPd60NdJddbUWv_jw==/lib/arm64, /data/app/~~mod7R8gax5NFnr6WGLxbCA==/com.feels-twVZykPd60NdJddbUWv_jw==/base.apk!/lib/arm64-v8a, /data/app/~~mod7R8gax5NFnr6WGLxbCA==/com.feels-twVZykPd60NdJddbUWv_jw==/split_config.arm64_v8a.apk!/lib/arm64-v8a, /data/app/~~mod7R8gax5NFnr6WGLxbCA==/com.feels-twVZykPd60NdJddbUWv_jw==/split_config.en.apk!/lib/arm64-v8a, /data/app/~~mod7R8gax5NFnr6WGLxbCA==/com.feels-twVZykPd60NdJddbUWv_jw==/split_config.mdpi.apk!/lib/arm64-v8a, /system/lib64, /system_ext/lib64]]"
},
{
    "type": "error",
    "source": "method",
    "method": "setIsAgeRestricted",
    "package_name": "com.feels",
    "class_name": "com.inmobi.sdk.InMobiSdk",
    "timestamp": 1728283922642,
    "error": "Error: java.lang.ClassNotFoundException: Didn't find class \"com.inmobi.sdk.InMobiSdk\" on path: DexPathList[[zip file \"/data/app/~~mod7R8gax5NFnr6WGLxbCA==/com.feels-twVZykPd60NdJddbUWv_jw==/base.apk\", zip file \"/data/app/~~mod7R8gax5NFnr6WGLxbCA==/com.feels-twVZykPd60NdJddbUWv_jw==/split_config.arm64_v8a.apk\", zip file \"/data/app/~~mod7R8gax5NFnr6WGLxbCA==/com.feels-twVZykPd60NdJddbUWv_jw==/split_config.en.apk\", zip file \"/data/app/~~mod7R8gax5NFnr6WGLxbCA==/com.feels-twVZykPd60NdJddbUWv_jw==/split_config.mdpi.apk\"],nativeLibraryDirectories=[/data/app/~~mod7R8gax5NFnr6WGLxbCA==/com.feels-twVZykPd60NdJddbUWv_jw==/lib/arm64, /data/app/~~mod7R8gax5NFnr6WGLxbCA==/com.feels-twVZykPd60NdJddbUWv_jw==/base.apk!/lib/arm64-v8a, /data/app/~~mod7R8gax5NFnr6WGLxbCA==/com.feels-twVZykPd60NdJddbUWv_jw==/split_config.arm64_v8a.apk!/lib/arm64-v8a, /data/app/~~mod7R8gax5NFnr6WGLxbCA==/com.feels-twVZykPd60NdJddbUWv_jw==/split_config.en.apk!/lib/arm64-v8a, /data/app/~~mod7R8gax5NFnr6WGLxbCA==/com.feels-twVZykPd60NdJddbUWv_jw==/split_config.mdpi.apk!/lib/arm64-v8a, /system/lib64, /system_ext/lib64]]"
},
{
    "type": "error",
    "source": "method",
    "method": "setDoNotSell",
    "package_name": "com.feels",
    "class_name": "com.inmobi.compliance.InMobiPrivacyCompliance",
    "timestamp": 1728283922647,
    "error": "Error: java.lang.ClassNotFoundException: Didn't find class \"com.inmobi.compliance.InMobiPrivacyCompliance\" on path: DexPathList[[zip file \"/data/app/~~mod7R8gax5NFnr6WGLxbCA==/com.feels-twVZykPd60NdJddbUWv_jw==/base.apk\", zip file \"/data/app/~~mod7R8gax5NFnr6WGLxbCA==/com.feels-twVZykPd60NdJddbUWv_jw==/split_config.arm64_v8a.apk\", zip file \"/data/app/~~mod7R8gax5NFnr6WGLxbCA==/com.feels-twVZykPd60NdJddbUWv_jw==/split_config.en.apk\", zip file \"/data/app/~~mod7R8gax5NFnr6WGLxbCA==/com.feels-twVZykPd60NdJddbUWv_jw==/split_config.mdpi.apk\"],nativeLibraryDirectories=[/data/app/~~mod7R8gax5NFnr6WGLxbCA==/com.feels-twVZykPd60NdJddbUWv_jw==/lib/arm64, /data/app/~~mod7R8gax5NFnr6WGLxbCA==/com.feels-twVZykPd60NdJddbUWv_jw==/base.apk!/lib/arm64-v8a, /data/app/~~mod7R8gax5NFnr6WGLxbCA==/com.feels-twVZykPd60NdJddbUWv_jw==/split_config.arm64_v8a.apk!/lib/arm64-v8a, /data/app/~~mod7R8gax5NFnr6WGLxbCA==/com.feels-twVZykPd60NdJddbUWv_jw==/split_config.en.apk!/lib/arm64-v8a, /data/app/~~mod7R8gax5NFnr6WGLxbCA==/com.feels-twVZykPd60NdJddbUWv_jw==/split_config.mdpi.apk!/lib/arm64-v8a, /system/lib64, /system_ext/lib64]]"
},
{
    "type": "error",
    "source": "method",
    "method": "setUSPrivacyString",
    "package_name": "com.feels",
    "class_name": "com.inmobi.compliance.InMobiPrivacyCompliance",
    "timestamp": 1728283922651,
    "error": "Error: java.lang.ClassNotFoundException: Didn't find class \"com.inmobi.compliance.InMobiPrivacyCompliance\" on path: DexPathList[[zip file \"/data/app/~~mod7R8gax5NFnr6WGLxbCA==/com.feels-twVZykPd60NdJddbUWv_jw==/base.apk\", zip file \"/data/app/~~mod7R8gax5NFnr6WGLxbCA==/com.feels-twVZykPd60NdJddbUWv_jw==/split_config.arm64_v8a.apk\", zip file \"/data/app/~~mod7R8gax5NFnr6WGLxbCA==/com.feels-twVZykPd60NdJddbUWv_jw==/split_config.en.apk\", zip file \"/data/app/~~mod7R8gax5NFnr6WGLxbCA==/com.feels-twVZykPd60NdJddbUWv_jw==/split_config.mdpi.apk\"],nativeLibraryDirectories=[/data/app/~~mod7R8gax5NFnr6WGLxbCA==/com.feels-twVZykPd60NdJddbUWv_jw==/lib/arm64, /data/app/~~mod7R8gax5NFnr6WGLxbCA==/com.feels-twVZykPd60NdJddbUWv_jw==/base.apk!/lib/arm64-v8a, /data/app/~~mod7R8gax5NFnr6WGLxbCA==/com.feels-twVZykPd60NdJddbUWv_jw==/split_config.arm64_v8a.apk!/lib/arm64-v8a, /data/app/~~mod7R8gax5NFnr6WGLxbCA==/com.feels-twVZykPd60NdJddbUWv_jw==/split_config.en.apk!/lib/arm64-v8a, /data/app/~~mod7R8gax5NFnr6WGLxbCA==/com.feels-twVZykPd60NdJddbUWv_jw==/split_config.mdpi.apk!/lib/arm64-v8a, /system/lib64, /system_ext/lib64]]"
},
{
    "type": "error",
    "source": "method",
    "method": "setConsent",
    "package_name": "com.feels",
    "class_name": "com.ironsource.mediationsdk.IronSource",
    "timestamp": 1728283922656,
    "error": "Error: java.lang.ClassNotFoundException: Didn't find class \"com.ironsource.mediationsdk.IronSource\" on path: DexPathList[[zip file \"/data/app/~~mod7R8gax5NFnr6WGLxbCA==/com.feels-twVZykPd60NdJddbUWv_jw==/base.apk\", zip file \"/data/app/~~mod7R8gax5NFnr6WGLxbCA==/com.feels-twVZykPd60NdJddbUWv_jw==/split_config.arm64_v8a.apk\", zip file \"/data/app/~~mod7R8gax5NFnr6WGLxbCA==/com.feels-twVZykPd60NdJddbUWv_jw==/split_config.en.apk\", zip file \"/data/app/~~mod7R8gax5NFnr6WGLxbCA==/com.feels-twVZykPd60NdJddbUWv_jw==/split_config.mdpi.apk\"],nativeLibraryDirectories=[/data/app/~~mod7R8gax5NFnr6WGLxbCA==/com.feels-twVZykPd60NdJddbUWv_jw==/lib/arm64, /data/app/~~mod7R8gax5NFnr6WGLxbCA==/com.feels-twVZykPd60NdJddbUWv_jw==/base.apk!/lib/arm64-v8a, /data/app/~~mod7R8gax5NFnr6WGLxbCA==/com.feels-twVZykPd60NdJddbUWv_jw==/split_config.arm64_v8a.apk!/lib/arm64-v8a, /data/app/~~mod7R8gax5NFnr6WGLxbCA==/com.feels-twVZykPd60NdJddbUWv_jw==/split_config.en.apk!/lib/arm64-v8a, /data/app/~~mod7R8gax5NFnr6WGLxbCA==/com.feels-twVZykPd60NdJddbUWv_jw==/split_config.mdpi.apk!/lib/arm64-v8a, /system/lib64, /system_ext/lib64]]"
},
{
    "type": "error",
    "source": "method",
    "method": "setMetaData",
    "package_name": "com.feels",
    "class_name": "com.ironsource.mediationsdk.IronSource",
    "timestamp": 1728283922660,
    "error": "Error: java.lang.ClassNotFoundException: Didn't find class \"com.ironsource.mediationsdk.IronSource\" on path: DexPathList[[zip file \"/data/app/~~mod7R8gax5NFnr6WGLxbCA==/com.feels-twVZykPd60NdJddbUWv_jw==/base.apk\", zip file \"/data/app/~~mod7R8gax5NFnr6WGLxbCA==/com.feels-twVZykPd60NdJddbUWv_jw==/split_config.arm64_v8a.apk\", zip file \"/data/app/~~mod7R8gax5NFnr6WGLxbCA==/com.feels-twVZykPd60NdJddbUWv_jw==/split_config.en.apk\", zip file \"/data/app/~~mod7R8gax5NFnr6WGLxbCA==/com.feels-twVZykPd60NdJddbUWv_jw==/split_config.mdpi.apk\"],nativeLibraryDirectories=[/data/app/~~mod7R8gax5NFnr6WGLxbCA==/com.feels-twVZykPd60NdJddbUWv_jw==/lib/arm64, /data/app/~~mod7R8gax5NFnr6WGLxbCA==/com.feels-twVZykPd60NdJddbUWv_jw==/base.apk!/lib/arm64-v8a, /data/app/~~mod7R8gax5NFnr6WGLxbCA==/com.feels-twVZykPd60NdJddbUWv_jw==/split_config.arm64_v8a.apk!/lib/arm64-v8a, /data/app/~~mod7R8gax5NFnr6WGLxbCA==/com.feels-twVZykPd60NdJddbUWv_jw==/split_config.en.apk!/lib/arm64-v8a, /data/app/~~mod7R8gax5NFnr6WGLxbCA==/com.feels-twVZykPd60NdJddbUWv_jw==/split_config.mdpi.apk!/lib/arm64-v8a, /system/lib64, /system_ext/lib64]]"
},
{
    "type": "error",
    "source": "method",
    "method": "setIntelligentConsentGranted",
    "package_name": "com.feels",
    "class_name": "com.kochava.tracker.Tracker",
    "timestamp": 1728283922665,
    "error": "Error: java.lang.ClassNotFoundException: Didn't find class \"com.kochava.tracker.Tracker\" on path: DexPathList[[zip file \"/data/app/~~mod7R8gax5NFnr6WGLxbCA==/com.feels-twVZykPd60NdJddbUWv_jw==/base.apk\", zip file \"/data/app/~~mod7R8gax5NFnr6WGLxbCA==/com.feels-twVZykPd60NdJddbUWv_jw==/split_config.arm64_v8a.apk\", zip file \"/data/app/~~mod7R8gax5NFnr6WGLxbCA==/com.feels-twVZykPd60NdJddbUWv_jw==/split_config.en.apk\", zip file \"/data/app/~~mod7R8gax5NFnr6WGLxbCA==/com.feels-twVZykPd60NdJddbUWv_jw==/split_config.mdpi.apk\"],nativeLibraryDirectories=[/data/app/~~mod7R8gax5NFnr6WGLxbCA==/com.feels-twVZykPd60NdJddbUWv_jw==/lib/arm64, /data/app/~~mod7R8gax5NFnr6WGLxbCA==/com.feels-twVZykPd60NdJddbUWv_jw==/base.apk!/lib/arm64-v8a, /data/app/~~mod7R8gax5NFnr6WGLxbCA==/com.feels-twVZykPd60NdJddbUWv_jw==/split_config.arm64_v8a.apk!/lib/arm64-v8a, /data/app/~~mod7R8gax5NFnr6WGLxbCA==/com.feels-twVZykPd60NdJddbUWv_jw==/split_config.en.apk!/lib/arm64-v8a, /data/app/~~mod7R8gax5NFnr6WGLxbCA==/com.feels-twVZykPd60NdJddbUWv_jw==/split_config.mdpi.apk!/lib/arm64-v8a, /system/lib64, /system_ext/lib64]]"
},
{
    "type": "error",
    "source": "method",
    "method": "registerPrivacyProfile",
    "package_name": "com.feels",
    "class_name": "com.kochava.tracker.Tracker",
    "timestamp": 1728283922670,
    "error": "Error: java.lang.ClassNotFoundException: Didn't find class \"com.kochava.tracker.Tracker\" on path: DexPathList[[zip file \"/data/app/~~mod7R8gax5NFnr6WGLxbCA==/com.feels-twVZykPd60NdJddbUWv_jw==/base.apk\", zip file \"/data/app/~~mod7R8gax5NFnr6WGLxbCA==/com.feels-twVZykPd60NdJddbUWv_jw==/split_config.arm64_v8a.apk\", zip file \"/data/app/~~mod7R8gax5NFnr6WGLxbCA==/com.feels-twVZykPd60NdJddbUWv_jw==/split_config.en.apk\", zip file \"/data/app/~~mod7R8gax5NFnr6WGLxbCA==/com.feels-twVZykPd60NdJddbUWv_jw==/split_config.mdpi.apk\"],nativeLibraryDirectories=[/data/app/~~mod7R8gax5NFnr6WGLxbCA==/com.feels-twVZykPd60NdJddbUWv_jw==/lib/arm64, /data/app/~~mod7R8gax5NFnr6WGLxbCA==/com.feels-twVZykPd60NdJddbUWv_jw==/base.apk!/lib/arm64-v8a, /data/app/~~mod7R8gax5NFnr6WGLxbCA==/com.feels-twVZykPd60NdJddbUWv_jw==/split_config.arm64_v8a.apk!/lib/arm64-v8a, /data/app/~~mod7R8gax5NFnr6WGLxbCA==/com.feels-twVZykPd60NdJddbUWv_jw==/split_config.en.apk!/lib/arm64-v8a, /data/app/~~mod7R8gax5NFnr6WGLxbCA==/com.feels-twVZykPd60NdJddbUWv_jw==/split_config.mdpi.apk!/lib/arm64-v8a, /system/lib64, /system_ext/lib64]]"
},
{
    "type": "error",
    "source": "method",
    "method": "setPrivacyProfileEnabled",
    "package_name": "com.feels",
    "class_name": "com.kochava.tracker.Tracker",
    "timestamp": 1728283922674,
    "error": "Error: java.lang.ClassNotFoundException: Didn't find class \"com.kochava.tracker.Tracker\" on path: DexPathList[[zip file \"/data/app/~~mod7R8gax5NFnr6WGLxbCA==/com.feels-twVZykPd60NdJddbUWv_jw==/base.apk\", zip file \"/data/app/~~mod7R8gax5NFnr6WGLxbCA==/com.feels-twVZykPd60NdJddbUWv_jw==/split_config.arm64_v8a.apk\", zip file \"/data/app/~~mod7R8gax5NFnr6WGLxbCA==/com.feels-twVZykPd60NdJddbUWv_jw==/split_config.en.apk\", zip file \"/data/app/~~mod7R8gax5NFnr6WGLxbCA==/com.feels-twVZykPd60NdJddbUWv_jw==/split_config.mdpi.apk\"],nativeLibraryDirectories=[/data/app/~~mod7R8gax5NFnr6WGLxbCA==/com.feels-twVZykPd60NdJddbUWv_jw==/lib/arm64, /data/app/~~mod7R8gax5NFnr6WGLxbCA==/com.feels-twVZykPd60NdJddbUWv_jw==/base.apk!/lib/arm64-v8a, /data/app/~~mod7R8gax5NFnr6WGLxbCA==/com.feels-twVZykPd60NdJddbUWv_jw==/split_config.arm64_v8a.apk!/lib/arm64-v8a, /data/app/~~mod7R8gax5NFnr6WGLxbCA==/com.feels-twVZykPd60NdJddbUWv_jw==/split_config.en.apk!/lib/arm64-v8a, /data/app/~~mod7R8gax5NFnr6WGLxbCA==/com.feels-twVZykPd60NdJddbUWv_jw==/split_config.mdpi.apk!/lib/arm64-v8a, /system/lib64, /system_ext/lib64]]"
},
{
    "type": "error",
    "source": "method",
    "method": "setAppLimitAdTracking",
    "package_name": "com.feels",
    "class_name": "com.kochava.tracker.Tracker",
    "timestamp": 1728283922679,
    "error": "Error: java.lang.ClassNotFoundException: Didn't find class \"com.kochava.tracker.Tracker\" on path: DexPathList[[zip file \"/data/app/~~mod7R8gax5NFnr6WGLxbCA==/com.feels-twVZykPd60NdJddbUWv_jw==/base.apk\", zip file \"/data/app/~~mod7R8gax5NFnr6WGLxbCA==/com.feels-twVZykPd60NdJddbUWv_jw==/split_config.arm64_v8a.apk\", zip file \"/data/app/~~mod7R8gax5NFnr6WGLxbCA==/com.feels-twVZykPd60NdJddbUWv_jw==/split_config.en.apk\", zip file \"/data/app/~~mod7R8gax5NFnr6WGLxbCA==/com.feels-twVZykPd60NdJddbUWv_jw==/split_config.mdpi.apk\"],nativeLibraryDirectories=[/data/app/~~mod7R8gax5NFnr6WGLxbCA==/com.feels-twVZykPd60NdJddbUWv_jw==/lib/arm64, /data/app/~~mod7R8gax5NFnr6WGLxbCA==/com.feels-twVZykPd60NdJddbUWv_jw==/base.apk!/lib/arm64-v8a, /data/app/~~mod7R8gax5NFnr6WGLxbCA==/com.feels-twVZykPd60NdJddbUWv_jw==/split_config.arm64_v8a.apk!/lib/arm64-v8a, /data/app/~~mod7R8gax5NFnr6WGLxbCA==/com.feels-twVZykPd60NdJddbUWv_jw==/split_config.en.apk!/lib/arm64-v8a, /data/app/~~mod7R8gax5NFnr6WGLxbCA==/com.feels-twVZykPd60NdJddbUWv_jw==/split_config.mdpi.apk!/lib/arm64-v8a, /system/lib64, /system_ext/lib64]]"
},
{
    "type": "error",
    "source": "method",
    "method": "setUserAttributes",
    "package_name": "com.feels",
    "class_name": "com.leanplum.Leanplum",
    "timestamp": 1728283922683,
    "error": "Error: java.lang.ClassNotFoundException: Didn't find class \"com.leanplum.Leanplum\" on path: DexPathList[[zip file \"/data/app/~~mod7R8gax5NFnr6WGLxbCA==/com.feels-twVZykPd60NdJddbUWv_jw==/base.apk\", zip file \"/data/app/~~mod7R8gax5NFnr6WGLxbCA==/com.feels-twVZykPd60NdJddbUWv_jw==/split_config.arm64_v8a.apk\", zip file \"/data/app/~~mod7R8gax5NFnr6WGLxbCA==/com.feels-twVZykPd60NdJddbUWv_jw==/split_config.en.apk\", zip file \"/data/app/~~mod7R8gax5NFnr6WGLxbCA==/com.feels-twVZykPd60NdJddbUWv_jw==/split_config.mdpi.apk\"],nativeLibraryDirectories=[/data/app/~~mod7R8gax5NFnr6WGLxbCA==/com.feels-twVZykPd60NdJddbUWv_jw==/lib/arm64, /data/app/~~mod7R8gax5NFnr6WGLxbCA==/com.feels-twVZykPd60NdJddbUWv_jw==/base.apk!/lib/arm64-v8a, /data/app/~~mod7R8gax5NFnr6WGLxbCA==/com.feels-twVZykPd60NdJddbUWv_jw==/split_config.arm64_v8a.apk!/lib/arm64-v8a, /data/app/~~mod7R8gax5NFnr6WGLxbCA==/com.feels-twVZykPd60NdJddbUWv_jw==/split_config.en.apk!/lib/arm64-v8a, /data/app/~~mod7R8gax5NFnr6WGLxbCA==/com.feels-twVZykPd60NdJddbUWv_jw==/split_config.mdpi.apk!/lib/arm64-v8a, /system/lib64, /system_ext/lib64]]"
},
{
    "type": "error",
    "source": "method",
    "method": "disableLocationCollection",
    "package_name": "com.feels",
    "class_name": "com.leanplum.Leanplum",
    "timestamp": 1728283922688,
    "error": "Error: java.lang.ClassNotFoundException: Didn't find class \"com.leanplum.Leanplum\" on path: DexPathList[[zip file \"/data/app/~~mod7R8gax5NFnr6WGLxbCA==/com.feels-twVZykPd60NdJddbUWv_jw==/base.apk\", zip file \"/data/app/~~mod7R8gax5NFnr6WGLxbCA==/com.feels-twVZykPd60NdJddbUWv_jw==/split_config.arm64_v8a.apk\", zip file \"/data/app/~~mod7R8gax5NFnr6WGLxbCA==/com.feels-twVZykPd60NdJddbUWv_jw==/split_config.en.apk\", zip file \"/data/app/~~mod7R8gax5NFnr6WGLxbCA==/com.feels-twVZykPd60NdJddbUWv_jw==/split_config.mdpi.apk\"],nativeLibraryDirectories=[/data/app/~~mod7R8gax5NFnr6WGLxbCA==/com.feels-twVZykPd60NdJddbUWv_jw==/lib/arm64, /data/app/~~mod7R8gax5NFnr6WGLxbCA==/com.feels-twVZykPd60NdJddbUWv_jw==/base.apk!/lib/arm64-v8a, /data/app/~~mod7R8gax5NFnr6WGLxbCA==/com.feels-twVZykPd60NdJddbUWv_jw==/split_config.arm64_v8a.apk!/lib/arm64-v8a, /data/app/~~mod7R8gax5NFnr6WGLxbCA==/com.feels-twVZykPd60NdJddbUWv_jw==/split_config.en.apk!/lib/arm64-v8a, /data/app/~~mod7R8gax5NFnr6WGLxbCA==/com.feels-twVZykPd60NdJddbUWv_jw==/split_config.mdpi.apk!/lib/arm64-v8a, /system/lib64, /system_ext/lib64]]"
},
{
    "type": "error",
    "source": "method",
    "method": "setDeviceLocation",
    "package_name": "com.feels",
    "class_name": "com.leanplum.Leanplum",
    "timestamp": 1728283922692,
    "error": "Error: java.lang.ClassNotFoundException: Didn't find class \"com.leanplum.Leanplum\" on path: DexPathList[[zip file \"/data/app/~~mod7R8gax5NFnr6WGLxbCA==/com.feels-twVZykPd60NdJddbUWv_jw==/base.apk\", zip file \"/data/app/~~mod7R8gax5NFnr6WGLxbCA==/com.feels-twVZykPd60NdJddbUWv_jw==/split_config.arm64_v8a.apk\", zip file \"/data/app/~~mod7R8gax5NFnr6WGLxbCA==/com.feels-twVZykPd60NdJddbUWv_jw==/split_config.en.apk\", zip file \"/data/app/~~mod7R8gax5NFnr6WGLxbCA==/com.feels-twVZykPd60NdJddbUWv_jw==/split_config.mdpi.apk\"],nativeLibraryDirectories=[/data/app/~~mod7R8gax5NFnr6WGLxbCA==/com.feels-twVZykPd60NdJddbUWv_jw==/lib/arm64, /data/app/~~mod7R8gax5NFnr6WGLxbCA==/com.feels-twVZykPd60NdJddbUWv_jw==/base.apk!/lib/arm64-v8a, /data/app/~~mod7R8gax5NFnr6WGLxbCA==/com.feels-twVZykPd60NdJddbUWv_jw==/split_config.arm64_v8a.apk!/lib/arm64-v8a, /data/app/~~mod7R8gax5NFnr6WGLxbCA==/com.feels-twVZykPd60NdJddbUWv_jw==/split_config.en.apk!/lib/arm64-v8a, /data/app/~~mod7R8gax5NFnr6WGLxbCA==/com.feels-twVZykPd60NdJddbUWv_jw==/split_config.mdpi.apk!/lib/arm64-v8a, /system/lib64, /system_ext/lib64]]"
},
{
    "type": "error",
    "source": "method",
    "method": "setOptedOut",
    "package_name": "com.feels",
    "class_name": "com.localytics.androidx.Localytics",
    "timestamp": 1728283922697,
    "error": "Error: java.lang.ClassNotFoundException: Didn't find class \"com.localytics.androidx.Localytics\" on path: DexPathList[[zip file \"/data/app/~~mod7R8gax5NFnr6WGLxbCA==/com.feels-twVZykPd60NdJddbUWv_jw==/base.apk\", zip file \"/data/app/~~mod7R8gax5NFnr6WGLxbCA==/com.feels-twVZykPd60NdJddbUWv_jw==/split_config.arm64_v8a.apk\", zip file \"/data/app/~~mod7R8gax5NFnr6WGLxbCA==/com.feels-twVZykPd60NdJddbUWv_jw==/split_config.en.apk\", zip file \"/data/app/~~mod7R8gax5NFnr6WGLxbCA==/com.feels-twVZykPd60NdJddbUWv_jw==/split_config.mdpi.apk\"],nativeLibraryDirectories=[/data/app/~~mod7R8gax5NFnr6WGLxbCA==/com.feels-twVZykPd60NdJddbUWv_jw==/lib/arm64, /data/app/~~mod7R8gax5NFnr6WGLxbCA==/com.feels-twVZykPd60NdJddbUWv_jw==/base.apk!/lib/arm64-v8a, /data/app/~~mod7R8gax5NFnr6WGLxbCA==/com.feels-twVZykPd60NdJddbUWv_jw==/split_config.arm64_v8a.apk!/lib/arm64-v8a, /data/app/~~mod7R8gax5NFnr6WGLxbCA==/com.feels-twVZykPd60NdJddbUWv_jw==/split_config.en.apk!/lib/arm64-v8a, /data/app/~~mod7R8gax5NFnr6WGLxbCA==/com.feels-twVZykPd60NdJddbUWv_jw==/split_config.mdpi.apk!/lib/arm64-v8a, /system/lib64, /system_ext/lib64]]"
},
{
    "type": "error",
    "source": "method",
    "method": "setPrivacyOptedOut",
    "package_name": "com.feels",
    "class_name": "com.localytics.androidx.Localytics",
    "timestamp": 1728283922701,
    "error": "Error: java.lang.ClassNotFoundException: Didn't find class \"com.localytics.androidx.Localytics\" on path: DexPathList[[zip file \"/data/app/~~mod7R8gax5NFnr6WGLxbCA==/com.feels-twVZykPd60NdJddbUWv_jw==/base.apk\", zip file \"/data/app/~~mod7R8gax5NFnr6WGLxbCA==/com.feels-twVZykPd60NdJddbUWv_jw==/split_config.arm64_v8a.apk\", zip file \"/data/app/~~mod7R8gax5NFnr6WGLxbCA==/com.feels-twVZykPd60NdJddbUWv_jw==/split_config.en.apk\", zip file \"/data/app/~~mod7R8gax5NFnr6WGLxbCA==/com.feels-twVZykPd60NdJddbUWv_jw==/split_config.mdpi.apk\"],nativeLibraryDirectories=[/data/app/~~mod7R8gax5NFnr6WGLxbCA==/com.feels-twVZykPd60NdJddbUWv_jw==/lib/arm64, /data/app/~~mod7R8gax5NFnr6WGLxbCA==/com.feels-twVZykPd60NdJddbUWv_jw==/base.apk!/lib/arm64-v8a, /data/app/~~mod7R8gax5NFnr6WGLxbCA==/com.feels-twVZykPd60NdJddbUWv_jw==/split_config.arm64_v8a.apk!/lib/arm64-v8a, /data/app/~~mod7R8gax5NFnr6WGLxbCA==/com.feels-twVZykPd60NdJddbUWv_jw==/split_config.en.apk!/lib/arm64-v8a, /data/app/~~mod7R8gax5NFnr6WGLxbCA==/com.feels-twVZykPd60NdJddbUWv_jw==/split_config.mdpi.apk!/lib/arm64-v8a, /system/lib64, /system_ext/lib64]]"
},
{
    "type": "error",
    "source": "method",
    "method": "pauseDataUploading",
    "package_name": "com.feels",
    "class_name": "com.localytics.androidx.Localytics",
    "timestamp": 1728283922705,
    "error": "Error: java.lang.ClassNotFoundException: Didn't find class \"com.localytics.androidx.Localytics\" on path: DexPathList[[zip file \"/data/app/~~mod7R8gax5NFnr6WGLxbCA==/com.feels-twVZykPd60NdJddbUWv_jw==/base.apk\", zip file \"/data/app/~~mod7R8gax5NFnr6WGLxbCA==/com.feels-twVZykPd60NdJddbUWv_jw==/split_config.arm64_v8a.apk\", zip file \"/data/app/~~mod7R8gax5NFnr6WGLxbCA==/com.feels-twVZykPd60NdJddbUWv_jw==/split_config.en.apk\", zip file \"/data/app/~~mod7R8gax5NFnr6WGLxbCA==/com.feels-twVZykPd60NdJddbUWv_jw==/split_config.mdpi.apk\"],nativeLibraryDirectories=[/data/app/~~mod7R8gax5NFnr6WGLxbCA==/com.feels-twVZykPd60NdJddbUWv_jw==/lib/arm64, /data/app/~~mod7R8gax5NFnr6WGLxbCA==/com.feels-twVZykPd60NdJddbUWv_jw==/base.apk!/lib/arm64-v8a, /data/app/~~mod7R8gax5NFnr6WGLxbCA==/com.feels-twVZykPd60NdJddbUWv_jw==/split_config.arm64_v8a.apk!/lib/arm64-v8a, /data/app/~~mod7R8gax5NFnr6WGLxbCA==/com.feels-twVZykPd60NdJddbUWv_jw==/split_config.en.apk!/lib/arm64-v8a, /data/app/~~mod7R8gax5NFnr6WGLxbCA==/com.feels-twVZykPd60NdJddbUWv_jw==/split_config.mdpi.apk!/lib/arm64-v8a, /system/lib64, /system_ext/lib64]]"
},
{
    "type": "error",
    "source": "method",
    "method": "setCustomerIdWithPrivacyOptedOut",
    "package_name": "com.feels",
    "class_name": "com.localytics.androidx.Localytics",
    "timestamp": 1728283922710,
    "error": "Error: java.lang.ClassNotFoundException: Didn't find class \"com.localytics.androidx.Localytics\" on path: DexPathList[[zip file \"/data/app/~~mod7R8gax5NFnr6WGLxbCA==/com.feels-twVZykPd60NdJddbUWv_jw==/base.apk\", zip file \"/data/app/~~mod7R8gax5NFnr6WGLxbCA==/com.feels-twVZykPd60NdJddbUWv_jw==/split_config.arm64_v8a.apk\", zip file \"/data/app/~~mod7R8gax5NFnr6WGLxbCA==/com.feels-twVZykPd60NdJddbUWv_jw==/split_config.en.apk\", zip file \"/data/app/~~mod7R8gax5NFnr6WGLxbCA==/com.feels-twVZykPd60NdJddbUWv_jw==/split_config.mdpi.apk\"],nativeLibraryDirectories=[/data/app/~~mod7R8gax5NFnr6WGLxbCA==/com.feels-twVZykPd60NdJddbUWv_jw==/lib/arm64, /data/app/~~mod7R8gax5NFnr6WGLxbCA==/com.feels-twVZykPd60NdJddbUWv_jw==/base.apk!/lib/arm64-v8a, /data/app/~~mod7R8gax5NFnr6WGLxbCA==/com.feels-twVZykPd60NdJddbUWv_jw==/split_config.arm64_v8a.apk!/lib/arm64-v8a, /data/app/~~mod7R8gax5NFnr6WGLxbCA==/com.feels-twVZykPd60NdJddbUWv_jw==/split_config.en.apk!/lib/arm64-v8a, /data/app/~~mod7R8gax5NFnr6WGLxbCA==/com.feels-twVZykPd60NdJddbUWv_jw==/split_config.mdpi.apk!/lib/arm64-v8a, /system/lib64, /system_ext/lib64]]"
},
{
    "type": "error",
    "source": "method",
    "method": "setLocationMonitoringEnabled",
    "package_name": "com.feels",
    "class_name": "com.localytics.androidx.Localytics",
    "timestamp": 1728283922714,
    "error": "Error: java.lang.ClassNotFoundException: Didn't find class \"com.localytics.androidx.Localytics\" on path: DexPathList[[zip file \"/data/app/~~mod7R8gax5NFnr6WGLxbCA==/com.feels-twVZykPd60NdJddbUWv_jw==/base.apk\", zip file \"/data/app/~~mod7R8gax5NFnr6WGLxbCA==/com.feels-twVZykPd60NdJddbUWv_jw==/split_config.arm64_v8a.apk\", zip file \"/data/app/~~mod7R8gax5NFnr6WGLxbCA==/com.feels-twVZykPd60NdJddbUWv_jw==/split_config.en.apk\", zip file \"/data/app/~~mod7R8gax5NFnr6WGLxbCA==/com.feels-twVZykPd60NdJddbUWv_jw==/split_config.mdpi.apk\"],nativeLibraryDirectories=[/data/app/~~mod7R8gax5NFnr6WGLxbCA==/com.feels-twVZykPd60NdJddbUWv_jw==/lib/arm64, /data/app/~~mod7R8gax5NFnr6WGLxbCA==/com.feels-twVZykPd60NdJddbUWv_jw==/base.apk!/lib/arm64-v8a, /data/app/~~mod7R8gax5NFnr6WGLxbCA==/com.feels-twVZykPd60NdJddbUWv_jw==/split_config.arm64_v8a.apk!/lib/arm64-v8a, /data/app/~~mod7R8gax5NFnr6WGLxbCA==/com.feels-twVZykPd60NdJddbUWv_jw==/split_config.en.apk!/lib/arm64-v8a, /data/app/~~mod7R8gax5NFnr6WGLxbCA==/com.feels-twVZykPd60NdJddbUWv_jw==/split_config.mdpi.apk!/lib/arm64-v8a, /system/lib64, /system_ext/lib64]]"
},
{
    "type": "error",
    "source": "method",
    "method": "setPrivacyPreferences",
    "package_name": "com.feels",
    "class_name": "com.mobilefuse.sdk.MobileFuse",
    "timestamp": 1728283922718,
    "error": "Error: java.lang.ClassNotFoundException: Didn't find class \"com.mobilefuse.sdk.MobileFuse\" on path: DexPathList[[zip file \"/data/app/~~mod7R8gax5NFnr6WGLxbCA==/com.feels-twVZykPd60NdJddbUWv_jw==/base.apk\", zip file \"/data/app/~~mod7R8gax5NFnr6WGLxbCA==/com.feels-twVZykPd60NdJddbUWv_jw==/split_config.arm64_v8a.apk\", zip file \"/data/app/~~mod7R8gax5NFnr6WGLxbCA==/com.feels-twVZykPd60NdJddbUWv_jw==/split_config.en.apk\", zip file \"/data/app/~~mod7R8gax5NFnr6WGLxbCA==/com.feels-twVZykPd60NdJddbUWv_jw==/split_config.mdpi.apk\"],nativeLibraryDirectories=[/data/app/~~mod7R8gax5NFnr6WGLxbCA==/com.feels-twVZykPd60NdJddbUWv_jw==/lib/arm64, /data/app/~~mod7R8gax5NFnr6WGLxbCA==/com.feels-twVZykPd60NdJddbUWv_jw==/base.apk!/lib/arm64-v8a, /data/app/~~mod7R8gax5NFnr6WGLxbCA==/com.feels-twVZykPd60NdJddbUWv_jw==/split_config.arm64_v8a.apk!/lib/arm64-v8a, /data/app/~~mod7R8gax5NFnr6WGLxbCA==/com.feels-twVZykPd60NdJddbUWv_jw==/split_config.en.apk!/lib/arm64-v8a, /data/app/~~mod7R8gax5NFnr6WGLxbCA==/com.feels-twVZykPd60NdJddbUWv_jw==/split_config.mdpi.apk!/lib/arm64-v8a, /system/lib64, /system_ext/lib64]]"
},
{
    "type": "error",
    "source": "method",
    "method": "setAllowLocation",
    "package_name": "com.feels",
    "class_name": "com.mobilefuse.sdk.MobileFuseTargetingData",
    "timestamp": 1728283922723,
    "error": "Error: java.lang.ClassNotFoundException: Didn't find class \"com.mobilefuse.sdk.MobileFuseTargetingData\" on path: DexPathList[[zip file \"/data/app/~~mod7R8gax5NFnr6WGLxbCA==/com.feels-twVZykPd60NdJddbUWv_jw==/base.apk\", zip file \"/data/app/~~mod7R8gax5NFnr6WGLxbCA==/com.feels-twVZykPd60NdJddbUWv_jw==/split_config.arm64_v8a.apk\", zip file \"/data/app/~~mod7R8gax5NFnr6WGLxbCA==/com.feels-twVZykPd60NdJddbUWv_jw==/split_config.en.apk\", zip file \"/data/app/~~mod7R8gax5NFnr6WGLxbCA==/com.feels-twVZykPd60NdJddbUWv_jw==/split_config.mdpi.apk\"],nativeLibraryDirectories=[/data/app/~~mod7R8gax5NFnr6WGLxbCA==/com.feels-twVZykPd60NdJddbUWv_jw==/lib/arm64, /data/app/~~mod7R8gax5NFnr6WGLxbCA==/com.feels-twVZykPd60NdJddbUWv_jw==/base.apk!/lib/arm64-v8a, /data/app/~~mod7R8gax5NFnr6WGLxbCA==/com.feels-twVZykPd60NdJddbUWv_jw==/split_config.arm64_v8a.apk!/lib/arm64-v8a, /data/app/~~mod7R8gax5NFnr6WGLxbCA==/com.feels-twVZykPd60NdJddbUWv_jw==/split_config.en.apk!/lib/arm64-v8a, /data/app/~~mod7R8gax5NFnr6WGLxbCA==/com.feels-twVZykPd60NdJddbUWv_jw==/split_config.mdpi.apk!/lib/arm64-v8a, /system/lib64, /system_ext/lib64]]"
},
{
    "type": "error",
    "source": "method",
    "method": "setUserConsent",
    "package_name": "com.feels",
    "class_name": "com.my.target.common.MyTargetPrivacy",
    "timestamp": 1728283922727,
    "error": "Error: java.lang.ClassNotFoundException: Didn't find class \"com.my.target.common.MyTargetPrivacy\" on path: DexPathList[[zip file \"/data/app/~~mod7R8gax5NFnr6WGLxbCA==/com.feels-twVZykPd60NdJddbUWv_jw==/base.apk\", zip file \"/data/app/~~mod7R8gax5NFnr6WGLxbCA==/com.feels-twVZykPd60NdJddbUWv_jw==/split_config.arm64_v8a.apk\", zip file \"/data/app/~~mod7R8gax5NFnr6WGLxbCA==/com.feels-twVZykPd60NdJddbUWv_jw==/split_config.en.apk\", zip file \"/data/app/~~mod7R8gax5NFnr6WGLxbCA==/com.feels-twVZykPd60NdJddbUWv_jw==/split_config.mdpi.apk\"],nativeLibraryDirectories=[/data/app/~~mod7R8gax5NFnr6WGLxbCA==/com.feels-twVZykPd60NdJddbUWv_jw==/lib/arm64, /data/app/~~mod7R8gax5NFnr6WGLxbCA==/com.feels-twVZykPd60NdJddbUWv_jw==/base.apk!/lib/arm64-v8a, /data/app/~~mod7R8gax5NFnr6WGLxbCA==/com.feels-twVZykPd60NdJddbUWv_jw==/split_config.arm64_v8a.apk!/lib/arm64-v8a, /data/app/~~mod7R8gax5NFnr6WGLxbCA==/com.feels-twVZykPd60NdJddbUWv_jw==/split_config.en.apk!/lib/arm64-v8a, /data/app/~~mod7R8gax5NFnr6WGLxbCA==/com.feels-twVZykPd60NdJddbUWv_jw==/split_config.mdpi.apk!/lib/arm64-v8a, /system/lib64, /system_ext/lib64]]"
},
{
    "type": "error",
    "source": "method",
    "method": "setUserAgeRestricted",
    "package_name": "com.feels",
    "class_name": "com.my.target.common.MyTargetPrivacy",
    "timestamp": 1728283922732,
    "error": "Error: java.lang.ClassNotFoundException: Didn't find class \"com.my.target.common.MyTargetPrivacy\" on path: DexPathList[[zip file \"/data/app/~~mod7R8gax5NFnr6WGLxbCA==/com.feels-twVZykPd60NdJddbUWv_jw==/base.apk\", zip file \"/data/app/~~mod7R8gax5NFnr6WGLxbCA==/com.feels-twVZykPd60NdJddbUWv_jw==/split_config.arm64_v8a.apk\", zip file \"/data/app/~~mod7R8gax5NFnr6WGLxbCA==/com.feels-twVZykPd60NdJddbUWv_jw==/split_config.en.apk\", zip file \"/data/app/~~mod7R8gax5NFnr6WGLxbCA==/com.feels-twVZykPd60NdJddbUWv_jw==/split_config.mdpi.apk\"],nativeLibraryDirectories=[/data/app/~~mod7R8gax5NFnr6WGLxbCA==/com.feels-twVZykPd60NdJddbUWv_jw==/lib/arm64, /data/app/~~mod7R8gax5NFnr6WGLxbCA==/com.feels-twVZykPd60NdJddbUWv_jw==/base.apk!/lib/arm64-v8a, /data/app/~~mod7R8gax5NFnr6WGLxbCA==/com.feels-twVZykPd60NdJddbUWv_jw==/split_config.arm64_v8a.apk!/lib/arm64-v8a, /data/app/~~mod7R8gax5NFnr6WGLxbCA==/com.feels-twVZykPd60NdJddbUWv_jw==/split_config.en.apk!/lib/arm64-v8a, /data/app/~~mod7R8gax5NFnr6WGLxbCA==/com.feels-twVZykPd60NdJddbUWv_jw==/split_config.mdpi.apk!/lib/arm64-v8a, /system/lib64, /system_ext/lib64]]"
},
{
    "type": "error",
    "source": "method",
    "method": "setCcpaUserConsent",
    "package_name": "com.feels",
    "class_name": "com.my.target.common.MyTargetPrivacy",
    "timestamp": 1728283922736,
    "error": "Error: java.lang.ClassNotFoundException: Didn't find class \"com.my.target.common.MyTargetPrivacy\" on path: DexPathList[[zip file \"/data/app/~~mod7R8gax5NFnr6WGLxbCA==/com.feels-twVZykPd60NdJddbUWv_jw==/base.apk\", zip file \"/data/app/~~mod7R8gax5NFnr6WGLxbCA==/com.feels-twVZykPd60NdJddbUWv_jw==/split_config.arm64_v8a.apk\", zip file \"/data/app/~~mod7R8gax5NFnr6WGLxbCA==/com.feels-twVZykPd60NdJddbUWv_jw==/split_config.en.apk\", zip file \"/data/app/~~mod7R8gax5NFnr6WGLxbCA==/com.feels-twVZykPd60NdJddbUWv_jw==/split_config.mdpi.apk\"],nativeLibraryDirectories=[/data/app/~~mod7R8gax5NFnr6WGLxbCA==/com.feels-twVZykPd60NdJddbUWv_jw==/lib/arm64, /data/app/~~mod7R8gax5NFnr6WGLxbCA==/com.feels-twVZykPd60NdJddbUWv_jw==/base.apk!/lib/arm64-v8a, /data/app/~~mod7R8gax5NFnr6WGLxbCA==/com.feels-twVZykPd60NdJddbUWv_jw==/split_config.arm64_v8a.apk!/lib/arm64-v8a, /data/app/~~mod7R8gax5NFnr6WGLxbCA==/com.feels-twVZykPd60NdJddbUWv_jw==/split_config.en.apk!/lib/arm64-v8a, /data/app/~~mod7R8gax5NFnr6WGLxbCA==/com.feels-twVZykPd60NdJddbUWv_jw==/split_config.mdpi.apk!/lib/arm64-v8a, /system/lib64, /system_ext/lib64]]"
},
{
    "type": "error",
    "source": "method",
    "method": "setGdprConsent",
    "package_name": "com.feels",
    "class_name": "com.adsbynimbus.NimbusAdManager",
    "timestamp": 1728283922741,
    "error": "Error: java.lang.ClassNotFoundException: Didn't find class \"com.adsbynimbus.NimbusAdManager\" on path: DexPathList[[zip file \"/data/app/~~mod7R8gax5NFnr6WGLxbCA==/com.feels-twVZykPd60NdJddbUWv_jw==/base.apk\", zip file \"/data/app/~~mod7R8gax5NFnr6WGLxbCA==/com.feels-twVZykPd60NdJddbUWv_jw==/split_config.arm64_v8a.apk\", zip file \"/data/app/~~mod7R8gax5NFnr6WGLxbCA==/com.feels-twVZykPd60NdJddbUWv_jw==/split_config.en.apk\", zip file \"/data/app/~~mod7R8gax5NFnr6WGLxbCA==/com.feels-twVZykPd60NdJddbUWv_jw==/split_config.mdpi.apk\"],nativeLibraryDirectories=[/data/app/~~mod7R8gax5NFnr6WGLxbCA==/com.feels-twVZykPd60NdJddbUWv_jw==/lib/arm64, /data/app/~~mod7R8gax5NFnr6WGLxbCA==/com.feels-twVZykPd60NdJddbUWv_jw==/base.apk!/lib/arm64-v8a, /data/app/~~mod7R8gax5NFnr6WGLxbCA==/com.feels-twVZykPd60NdJddbUWv_jw==/split_config.arm64_v8a.apk!/lib/arm64-v8a, /data/app/~~mod7R8gax5NFnr6WGLxbCA==/com.feels-twVZykPd60NdJddbUWv_jw==/split_config.en.apk!/lib/arm64-v8a, /data/app/~~mod7R8gax5NFnr6WGLxbCA==/com.feels-twVZykPd60NdJddbUWv_jw==/split_config.mdpi.apk!/lib/arm64-v8a, /system/lib64, /system_ext/lib64]]"
},
{
    "type": "error",
    "source": "method",
    "method": "COPPA",
    "package_name": "com.feels",
    "class_name": "com.adsbynimbus.Nimbus",
    "timestamp": 1728283922744,
    "error": "Error: java.lang.ClassNotFoundException: Didn't find class \"com.adsbynimbus.Nimbus\" on path: DexPathList[[zip file \"/data/app/~~mod7R8gax5NFnr6WGLxbCA==/com.feels-twVZykPd60NdJddbUWv_jw==/base.apk\", zip file \"/data/app/~~mod7R8gax5NFnr6WGLxbCA==/com.feels-twVZykPd60NdJddbUWv_jw==/split_config.arm64_v8a.apk\", zip file \"/data/app/~~mod7R8gax5NFnr6WGLxbCA==/com.feels-twVZykPd60NdJddbUWv_jw==/split_config.en.apk\", zip file \"/data/app/~~mod7R8gax5NFnr6WGLxbCA==/com.feels-twVZykPd60NdJddbUWv_jw==/split_config.mdpi.apk\"],nativeLibraryDirectories=[/data/app/~~mod7R8gax5NFnr6WGLxbCA==/com.feels-twVZykPd60NdJddbUWv_jw==/lib/arm64, /data/app/~~mod7R8gax5NFnr6WGLxbCA==/com.feels-twVZykPd60NdJddbUWv_jw==/base.apk!/lib/arm64-v8a, /data/app/~~mod7R8gax5NFnr6WGLxbCA==/com.feels-twVZykPd60NdJddbUWv_jw==/split_config.arm64_v8a.apk!/lib/arm64-v8a, /data/app/~~mod7R8gax5NFnr6WGLxbCA==/com.feels-twVZykPd60NdJddbUWv_jw==/split_config.en.apk!/lib/arm64-v8a, /data/app/~~mod7R8gax5NFnr6WGLxbCA==/com.feels-twVZykPd60NdJddbUWv_jw==/split_config.mdpi.apk!/lib/arm64-v8a, /system/lib64, /system_ext/lib64]]"
},
{
    "type": "error",
    "source": "method",
    "method": "usPrivacyString",
    "package_name": "com.feels",
    "class_name": "com.adsbynimbus.Nimbus",
    "timestamp": 1728283922748,
    "error": "Error: java.lang.ClassNotFoundException: Didn't find class \"com.adsbynimbus.Nimbus\" on path: DexPathList[[zip file \"/data/app/~~mod7R8gax5NFnr6WGLxbCA==/com.feels-twVZykPd60NdJddbUWv_jw==/base.apk\", zip file \"/data/app/~~mod7R8gax5NFnr6WGLxbCA==/com.feels-twVZykPd60NdJddbUWv_jw==/split_config.arm64_v8a.apk\", zip file \"/data/app/~~mod7R8gax5NFnr6WGLxbCA==/com.feels-twVZykPd60NdJddbUWv_jw==/split_config.en.apk\", zip file \"/data/app/~~mod7R8gax5NFnr6WGLxbCA==/com.feels-twVZykPd60NdJddbUWv_jw==/split_config.mdpi.apk\"],nativeLibraryDirectories=[/data/app/~~mod7R8gax5NFnr6WGLxbCA==/com.feels-twVZykPd60NdJddbUWv_jw==/lib/arm64, /data/app/~~mod7R8gax5NFnr6WGLxbCA==/com.feels-twVZykPd60NdJddbUWv_jw==/base.apk!/lib/arm64-v8a, /data/app/~~mod7R8gax5NFnr6WGLxbCA==/com.feels-twVZykPd60NdJddbUWv_jw==/split_config.arm64_v8a.apk!/lib/arm64-v8a, /data/app/~~mod7R8gax5NFnr6WGLxbCA==/com.feels-twVZykPd60NdJddbUWv_jw==/split_config.en.apk!/lib/arm64-v8a, /data/app/~~mod7R8gax5NFnr6WGLxbCA==/com.feels-twVZykPd60NdJddbUWv_jw==/split_config.mdpi.apk!/lib/arm64-v8a, /system/lib64, /system_ext/lib64]]"
},
{
    "type": "error",
    "source": "method",
    "method": "setConsent",
    "package_name": "com.feels",
    "class_name": "com.ogury.cm.OguryChoiceManagerExternal",
    "timestamp": 1728283922752,
    "error": "Error: java.lang.ClassNotFoundException: Didn't find class \"com.ogury.cm.OguryChoiceManagerExternal\" on path: DexPathList[[zip file \"/data/app/~~mod7R8gax5NFnr6WGLxbCA==/com.feels-twVZykPd60NdJddbUWv_jw==/base.apk\", zip file \"/data/app/~~mod7R8gax5NFnr6WGLxbCA==/com.feels-twVZykPd60NdJddbUWv_jw==/split_config.arm64_v8a.apk\", zip file \"/data/app/~~mod7R8gax5NFnr6WGLxbCA==/com.feels-twVZykPd60NdJddbUWv_jw==/split_config.en.apk\", zip file \"/data/app/~~mod7R8gax5NFnr6WGLxbCA==/com.feels-twVZykPd60NdJddbUWv_jw==/split_config.mdpi.apk\"],nativeLibraryDirectories=[/data/app/~~mod7R8gax5NFnr6WGLxbCA==/com.feels-twVZykPd60NdJddbUWv_jw==/lib/arm64, /data/app/~~mod7R8gax5NFnr6WGLxbCA==/com.feels-twVZykPd60NdJddbUWv_jw==/base.apk!/lib/arm64-v8a, /data/app/~~mod7R8gax5NFnr6WGLxbCA==/com.feels-twVZykPd60NdJddbUWv_jw==/split_config.arm64_v8a.apk!/lib/arm64-v8a, /data/app/~~mod7R8gax5NFnr6WGLxbCA==/com.feels-twVZykPd60NdJddbUWv_jw==/split_config.en.apk!/lib/arm64-v8a, /data/app/~~mod7R8gax5NFnr6WGLxbCA==/com.feels-twVZykPd60NdJddbUWv_jw==/split_config.mdpi.apk!/lib/arm64-v8a, /system/lib64, /system_ext/lib64]]"
},
{
    "type": "error",
    "source": "method",
    "method": "setConsent",
    "package_name": "com.feels",
    "class_name": "com.ogury.cm.OguryChoiceManagerExternal$TcfV2.",
    "timestamp": 1728283922756,
    "error": "Error: java.lang.ClassNotFoundException: Didn't find class \"com.ogury.cm.OguryChoiceManagerExternal$TcfV2.\" on path: DexPathList[[zip file \"/data/app/~~mod7R8gax5NFnr6WGLxbCA==/com.feels-twVZykPd60NdJddbUWv_jw==/base.apk\", zip file \"/data/app/~~mod7R8gax5NFnr6WGLxbCA==/com.feels-twVZykPd60NdJddbUWv_jw==/split_config.arm64_v8a.apk\", zip file \"/data/app/~~mod7R8gax5NFnr6WGLxbCA==/com.feels-twVZykPd60NdJddbUWv_jw==/split_config.en.apk\", zip file \"/data/app/~~mod7R8gax5NFnr6WGLxbCA==/com.feels-twVZykPd60NdJddbUWv_jw==/split_config.mdpi.apk\"],nativeLibraryDirectories=[/data/app/~~mod7R8gax5NFnr6WGLxbCA==/com.feels-twVZykPd60NdJddbUWv_jw==/lib/arm64, /data/app/~~mod7R8gax5NFnr6WGLxbCA==/com.feels-twVZykPd60NdJddbUWv_jw==/base.apk!/lib/arm64-v8a, /data/app/~~mod7R8gax5NFnr6WGLxbCA==/com.feels-twVZykPd60NdJddbUWv_jw==/split_config.arm64_v8a.apk!/lib/arm64-v8a, /data/app/~~mod7R8gax5NFnr6WGLxbCA==/com.feels-twVZykPd60NdJddbUWv_jw==/split_config.en.apk!/lib/arm64-v8a, /data/app/~~mod7R8gax5NFnr6WGLxbCA==/com.feels-twVZykPd60NdJddbUWv_jw==/split_config.mdpi.apk!/lib/arm64-v8a, /system/lib64, /system_ext/lib64]]"
},
{
    "type": "error",
    "source": "method",
    "method": "applyChildPrivacy",
    "package_name": "com.feels",
    "class_name": "com.ogury.unity.Ogury",
    "timestamp": 1728283922760,
    "error": "Error: java.lang.ClassNotFoundException: Didn't find class \"com.ogury.unity.Ogury\" on path: DexPathList[[zip file \"/data/app/~~mod7R8gax5NFnr6WGLxbCA==/com.feels-twVZykPd60NdJddbUWv_jw==/base.apk\", zip file \"/data/app/~~mod7R8gax5NFnr6WGLxbCA==/com.feels-twVZykPd60NdJddbUWv_jw==/split_config.arm64_v8a.apk\", zip file \"/data/app/~~mod7R8gax5NFnr6WGLxbCA==/com.feels-twVZykPd60NdJddbUWv_jw==/split_config.en.apk\", zip file \"/data/app/~~mod7R8gax5NFnr6WGLxbCA==/com.feels-twVZykPd60NdJddbUWv_jw==/split_config.mdpi.apk\"],nativeLibraryDirectories=[/data/app/~~mod7R8gax5NFnr6WGLxbCA==/com.feels-twVZykPd60NdJddbUWv_jw==/lib/arm64, /data/app/~~mod7R8gax5NFnr6WGLxbCA==/com.feels-twVZykPd60NdJddbUWv_jw==/base.apk!/lib/arm64-v8a, /data/app/~~mod7R8gax5NFnr6WGLxbCA==/com.feels-twVZykPd60NdJddbUWv_jw==/split_config.arm64_v8a.apk!/lib/arm64-v8a, /data/app/~~mod7R8gax5NFnr6WGLxbCA==/com.feels-twVZykPd60NdJddbUWv_jw==/split_config.en.apk!/lib/arm64-v8a, /data/app/~~mod7R8gax5NFnr6WGLxbCA==/com.feels-twVZykPd60NdJddbUWv_jw==/split_config.mdpi.apk!/lib/arm64-v8a, /system/lib64, /system_ext/lib64]]"
},
{
    "type": "error",
    "source": "method",
    "method": "setAdContentThreshold",
    "package_name": "com.feels",
    "class_name": "com.ogury.ed.OguryAdRequests",
    "timestamp": 1728283922763,
    "error": "Error: java.lang.ClassNotFoundException: Didn't find class \"com.ogury.ed.OguryAdRequests\" on path: DexPathList[[zip file \"/data/app/~~mod7R8gax5NFnr6WGLxbCA==/com.feels-twVZykPd60NdJddbUWv_jw==/base.apk\", zip file \"/data/app/~~mod7R8gax5NFnr6WGLxbCA==/com.feels-twVZykPd60NdJddbUWv_jw==/split_config.arm64_v8a.apk\", zip file \"/data/app/~~mod7R8gax5NFnr6WGLxbCA==/com.feels-twVZykPd60NdJddbUWv_jw==/split_config.en.apk\", zip file \"/data/app/~~mod7R8gax5NFnr6WGLxbCA==/com.feels-twVZykPd60NdJddbUWv_jw==/split_config.mdpi.apk\"],nativeLibraryDirectories=[/data/app/~~mod7R8gax5NFnr6WGLxbCA==/com.feels-twVZykPd60NdJddbUWv_jw==/lib/arm64, /data/app/~~mod7R8gax5NFnr6WGLxbCA==/com.feels-twVZykPd60NdJddbUWv_jw==/base.apk!/lib/arm64-v8a, /data/app/~~mod7R8gax5NFnr6WGLxbCA==/com.feels-twVZykPd60NdJddbUWv_jw==/split_config.arm64_v8a.apk!/lib/arm64-v8a, /data/app/~~mod7R8gax5NFnr6WGLxbCA==/com.feels-twVZykPd60NdJddbUWv_jw==/split_config.en.apk!/lib/arm64-v8a, /data/app/~~mod7R8gax5NFnr6WGLxbCA==/com.feels-twVZykPd60NdJddbUWv_jw==/split_config.mdpi.apk!/lib/arm64-v8a, /system/lib64, /system_ext/lib64]]"
},
{
    "type": "error",
    "source": "method",
    "method": "ask",
    "package_name": "com.feels",
    "class_name": "com.ogury.unity.cm.OguryChoiceManager",
    "timestamp": 1728283922767,
    "error": "Error: java.lang.ClassNotFoundException: Didn't find class \"com.ogury.unity.cm.OguryChoiceManager\" on path: DexPathList[[zip file \"/data/app/~~mod7R8gax5NFnr6WGLxbCA==/com.feels-twVZykPd60NdJddbUWv_jw==/base.apk\", zip file \"/data/app/~~mod7R8gax5NFnr6WGLxbCA==/com.feels-twVZykPd60NdJddbUWv_jw==/split_config.arm64_v8a.apk\", zip file \"/data/app/~~mod7R8gax5NFnr6WGLxbCA==/com.feels-twVZykPd60NdJddbUWv_jw==/split_config.en.apk\", zip file \"/data/app/~~mod7R8gax5NFnr6WGLxbCA==/com.feels-twVZykPd60NdJddbUWv_jw==/split_config.mdpi.apk\"],nativeLibraryDirectories=[/data/app/~~mod7R8gax5NFnr6WGLxbCA==/com.feels-twVZykPd60NdJddbUWv_jw==/lib/arm64, /data/app/~~mod7R8gax5NFnr6WGLxbCA==/com.feels-twVZykPd60NdJddbUWv_jw==/base.apk!/lib/arm64-v8a, /data/app/~~mod7R8gax5NFnr6WGLxbCA==/com.feels-twVZykPd60NdJddbUWv_jw==/split_config.arm64_v8a.apk!/lib/arm64-v8a, /data/app/~~mod7R8gax5NFnr6WGLxbCA==/com.feels-twVZykPd60NdJddbUWv_jw==/split_config.en.apk!/lib/arm64-v8a, /data/app/~~mod7R8gax5NFnr6WGLxbCA==/com.feels-twVZykPd60NdJddbUWv_jw==/split_config.mdpi.apk!/lib/arm64-v8a, /system/lib64, /system_ext/lib64]]"
},
{
    "type": "error",
    "source": "method",
    "method": "edit",
    "package_name": "com.feels",
    "class_name": "com.ogury.unity.cm.OguryChoiceManager",
    "timestamp": 1728283922771,
    "error": "Error: java.lang.ClassNotFoundException: Didn't find class \"com.ogury.unity.cm.OguryChoiceManager\" on path: DexPathList[[zip file \"/data/app/~~mod7R8gax5NFnr6WGLxbCA==/com.feels-twVZykPd60NdJddbUWv_jw==/base.apk\", zip file \"/data/app/~~mod7R8gax5NFnr6WGLxbCA==/com.feels-twVZykPd60NdJddbUWv_jw==/split_config.arm64_v8a.apk\", zip file \"/data/app/~~mod7R8gax5NFnr6WGLxbCA==/com.feels-twVZykPd60NdJddbUWv_jw==/split_config.en.apk\", zip file \"/data/app/~~mod7R8gax5NFnr6WGLxbCA==/com.feels-twVZykPd60NdJddbUWv_jw==/split_config.mdpi.apk\"],nativeLibraryDirectories=[/data/app/~~mod7R8gax5NFnr6WGLxbCA==/com.feels-twVZykPd60NdJddbUWv_jw==/lib/arm64, /data/app/~~mod7R8gax5NFnr6WGLxbCA==/com.feels-twVZykPd60NdJddbUWv_jw==/base.apk!/lib/arm64-v8a, /data/app/~~mod7R8gax5NFnr6WGLxbCA==/com.feels-twVZykPd60NdJddbUWv_jw==/split_config.arm64_v8a.apk!/lib/arm64-v8a, /data/app/~~mod7R8gax5NFnr6WGLxbCA==/com.feels-twVZykPd60NdJddbUWv_jw==/split_config.en.apk!/lib/arm64-v8a, /data/app/~~mod7R8gax5NFnr6WGLxbCA==/com.feels-twVZykPd60NdJddbUWv_jw==/split_config.mdpi.apk!/lib/arm64-v8a, /system/lib64, /system_ext/lib64]]"
},
{
    "type": "error",
    "source": "method",
    "method": "setChildDirected",
    "package_name": "com.feels",
    "class_name": "com.bytedance.sdk.openadsdk.api.init.PAGConfig$Builder",
    "timestamp": 1728283922775,
    "error": "Error: java.lang.ClassNotFoundException: Didn't find class \"com.bytedance.sdk.openadsdk.api.init.PAGConfig$Builder\" on path: DexPathList[[zip file \"/data/app/~~mod7R8gax5NFnr6WGLxbCA==/com.feels-twVZykPd60NdJddbUWv_jw==/base.apk\", zip file \"/data/app/~~mod7R8gax5NFnr6WGLxbCA==/com.feels-twVZykPd60NdJddbUWv_jw==/split_config.arm64_v8a.apk\", zip file \"/data/app/~~mod7R8gax5NFnr6WGLxbCA==/com.feels-twVZykPd60NdJddbUWv_jw==/split_config.en.apk\", zip file \"/data/app/~~mod7R8gax5NFnr6WGLxbCA==/com.feels-twVZykPd60NdJddbUWv_jw==/split_config.mdpi.apk\"],nativeLibraryDirectories=[/data/app/~~mod7R8gax5NFnr6WGLxbCA==/com.feels-twVZykPd60NdJddbUWv_jw==/lib/arm64, /data/app/~~mod7R8gax5NFnr6WGLxbCA==/com.feels-twVZykPd60NdJddbUWv_jw==/base.apk!/lib/arm64-v8a, /data/app/~~mod7R8gax5NFnr6WGLxbCA==/com.feels-twVZykPd60NdJddbUWv_jw==/split_config.arm64_v8a.apk!/lib/arm64-v8a, /data/app/~~mod7R8gax5NFnr6WGLxbCA==/com.feels-twVZykPd60NdJddbUWv_jw==/split_config.en.apk!/lib/arm64-v8a, /data/app/~~mod7R8gax5NFnr6WGLxbCA==/com.feels-twVZykPd60NdJddbUWv_jw==/split_config.mdpi.apk!/lib/arm64-v8a, /system/lib64, /system_ext/lib64]]"
},
{
    "type": "error",
    "source": "method",
    "method": "setGDPRConsent",
    "package_name": "com.feels",
    "class_name": "com.bytedance.sdk.openadsdk.api.init.PAGConfig$Builder",
    "timestamp": 1728283922778,
    "error": "Error: java.lang.ClassNotFoundException: Didn't find class \"com.bytedance.sdk.openadsdk.api.init.PAGConfig$Builder\" on path: DexPathList[[zip file \"/data/app/~~mod7R8gax5NFnr6WGLxbCA==/com.feels-twVZykPd60NdJddbUWv_jw==/base.apk\", zip file \"/data/app/~~mod7R8gax5NFnr6WGLxbCA==/com.feels-twVZykPd60NdJddbUWv_jw==/split_config.arm64_v8a.apk\", zip file \"/data/app/~~mod7R8gax5NFnr6WGLxbCA==/com.feels-twVZykPd60NdJddbUWv_jw==/split_config.en.apk\", zip file \"/data/app/~~mod7R8gax5NFnr6WGLxbCA==/com.feels-twVZykPd60NdJddbUWv_jw==/split_config.mdpi.apk\"],nativeLibraryDirectories=[/data/app/~~mod7R8gax5NFnr6WGLxbCA==/com.feels-twVZykPd60NdJddbUWv_jw==/lib/arm64, /data/app/~~mod7R8gax5NFnr6WGLxbCA==/com.feels-twVZykPd60NdJddbUWv_jw==/base.apk!/lib/arm64-v8a, /data/app/~~mod7R8gax5NFnr6WGLxbCA==/com.feels-twVZykPd60NdJddbUWv_jw==/split_config.arm64_v8a.apk!/lib/arm64-v8a, /data/app/~~mod7R8gax5NFnr6WGLxbCA==/com.feels-twVZykPd60NdJddbUWv_jw==/split_config.en.apk!/lib/arm64-v8a, /data/app/~~mod7R8gax5NFnr6WGLxbCA==/com.feels-twVZykPd60NdJddbUWv_jw==/split_config.mdpi.apk!/lib/arm64-v8a, /system/lib64, /system_ext/lib64]]"
},
{
    "type": "error",
    "source": "method",
    "method": "setDoNotSell",
    "package_name": "com.feels",
    "class_name": "com.bytedance.sdk.openadsdk.api.init.PAGConfig$Builder",
    "timestamp": 1728283922782,
    "error": "Error: java.lang.ClassNotFoundException: Didn't find class \"com.bytedance.sdk.openadsdk.api.init.PAGConfig$Builder\" on path: DexPathList[[zip file \"/data/app/~~mod7R8gax5NFnr6WGLxbCA==/com.feels-twVZykPd60NdJddbUWv_jw==/base.apk\", zip file \"/data/app/~~mod7R8gax5NFnr6WGLxbCA==/com.feels-twVZykPd60NdJddbUWv_jw==/split_config.arm64_v8a.apk\", zip file \"/data/app/~~mod7R8gax5NFnr6WGLxbCA==/com.feels-twVZykPd60NdJddbUWv_jw==/split_config.en.apk\", zip file \"/data/app/~~mod7R8gax5NFnr6WGLxbCA==/com.feels-twVZykPd60NdJddbUWv_jw==/split_config.mdpi.apk\"],nativeLibraryDirectories=[/data/app/~~mod7R8gax5NFnr6WGLxbCA==/com.feels-twVZykPd60NdJddbUWv_jw==/lib/arm64, /data/app/~~mod7R8gax5NFnr6WGLxbCA==/com.feels-twVZykPd60NdJddbUWv_jw==/base.apk!/lib/arm64-v8a, /data/app/~~mod7R8gax5NFnr6WGLxbCA==/com.feels-twVZykPd60NdJddbUWv_jw==/split_config.arm64_v8a.apk!/lib/arm64-v8a, /data/app/~~mod7R8gax5NFnr6WGLxbCA==/com.feels-twVZykPd60NdJddbUWv_jw==/split_config.en.apk!/lib/arm64-v8a, /data/app/~~mod7R8gax5NFnr6WGLxbCA==/com.feels-twVZykPd60NdJddbUWv_jw==/split_config.mdpi.apk!/lib/arm64-v8a, /system/lib64, /system_ext/lib64]]"
},
{
    "type": "error",
    "source": "method",
    "method": "advertisingOptOut",
    "package_name": "com.feels",
    "class_name": "com.prodege.builder.InitOptions$Builder",
    "timestamp": 1728283922786,
    "error": "Error: java.lang.ClassNotFoundException: Didn't find class \"com.prodege.builder.InitOptions$Builder\" on path: DexPathList[[zip file \"/data/app/~~mod7R8gax5NFnr6WGLxbCA==/com.feels-twVZykPd60NdJddbUWv_jw==/base.apk\", zip file \"/data/app/~~mod7R8gax5NFnr6WGLxbCA==/com.feels-twVZykPd60NdJddbUWv_jw==/split_config.arm64_v8a.apk\", zip file \"/data/app/~~mod7R8gax5NFnr6WGLxbCA==/com.feels-twVZykPd60NdJddbUWv_jw==/split_config.en.apk\", zip file \"/data/app/~~mod7R8gax5NFnr6WGLxbCA==/com.feels-twVZykPd60NdJddbUWv_jw==/split_config.mdpi.apk\"],nativeLibraryDirectories=[/data/app/~~mod7R8gax5NFnr6WGLxbCA==/com.feels-twVZykPd60NdJddbUWv_jw==/lib/arm64, /data/app/~~mod7R8gax5NFnr6WGLxbCA==/com.feels-twVZykPd60NdJddbUWv_jw==/base.apk!/lib/arm64-v8a, /data/app/~~mod7R8gax5NFnr6WGLxbCA==/com.feels-twVZykPd60NdJddbUWv_jw==/split_config.arm64_v8a.apk!/lib/arm64-v8a, /data/app/~~mod7R8gax5NFnr6WGLxbCA==/com.feels-twVZykPd60NdJddbUWv_jw==/split_config.en.apk!/lib/arm64-v8a, /data/app/~~mod7R8gax5NFnr6WGLxbCA==/com.feels-twVZykPd60NdJddbUWv_jw==/split_config.mdpi.apk!/lib/arm64-v8a, /system/lib64, /system_ext/lib64]]"
},
{
    "type": "error",
    "source": "method",
    "method": "setSubjectToGDPR",
    "package_name": "com.feels",
    "class_name": "org.prebid.mobile.TargetingParams",
    "timestamp": 1728283922789,
    "error": "Error: java.lang.ClassNotFoundException: Didn't find class \"org.prebid.mobile.TargetingParams\" on path: DexPathList[[zip file \"/data/app/~~mod7R8gax5NFnr6WGLxbCA==/com.feels-twVZykPd60NdJddbUWv_jw==/base.apk\", zip file \"/data/app/~~mod7R8gax5NFnr6WGLxbCA==/com.feels-twVZykPd60NdJddbUWv_jw==/split_config.arm64_v8a.apk\", zip file \"/data/app/~~mod7R8gax5NFnr6WGLxbCA==/com.feels-twVZykPd60NdJddbUWv_jw==/split_config.en.apk\", zip file \"/data/app/~~mod7R8gax5NFnr6WGLxbCA==/com.feels-twVZykPd60NdJddbUWv_jw==/split_config.mdpi.apk\"],nativeLibraryDirectories=[/data/app/~~mod7R8gax5NFnr6WGLxbCA==/com.feels-twVZykPd60NdJddbUWv_jw==/lib/arm64, /data/app/~~mod7R8gax5NFnr6WGLxbCA==/com.feels-twVZykPd60NdJddbUWv_jw==/base.apk!/lib/arm64-v8a, /data/app/~~mod7R8gax5NFnr6WGLxbCA==/com.feels-twVZykPd60NdJddbUWv_jw==/split_config.arm64_v8a.apk!/lib/arm64-v8a, /data/app/~~mod7R8gax5NFnr6WGLxbCA==/com.feels-twVZykPd60NdJddbUWv_jw==/split_config.en.apk!/lib/arm64-v8a, /data/app/~~mod7R8gax5NFnr6WGLxbCA==/com.feels-twVZykPd60NdJddbUWv_jw==/split_config.mdpi.apk!/lib/arm64-v8a, /system/lib64, /system_ext/lib64]]"
},
{
    "type": "error",
    "source": "method",
    "method": "setGDPRConsentString",
    "package_name": "com.feels",
    "class_name": "org.prebid.mobile.TargetingParams",
    "timestamp": 1728283922793,
    "error": "Error: java.lang.ClassNotFoundException: Didn't find class \"org.prebid.mobile.TargetingParams\" on path: DexPathList[[zip file \"/data/app/~~mod7R8gax5NFnr6WGLxbCA==/com.feels-twVZykPd60NdJddbUWv_jw==/base.apk\", zip file \"/data/app/~~mod7R8gax5NFnr6WGLxbCA==/com.feels-twVZykPd60NdJddbUWv_jw==/split_config.arm64_v8a.apk\", zip file \"/data/app/~~mod7R8gax5NFnr6WGLxbCA==/com.feels-twVZykPd60NdJddbUWv_jw==/split_config.en.apk\", zip file \"/data/app/~~mod7R8gax5NFnr6WGLxbCA==/com.feels-twVZykPd60NdJddbUWv_jw==/split_config.mdpi.apk\"],nativeLibraryDirectories=[/data/app/~~mod7R8gax5NFnr6WGLxbCA==/com.feels-twVZykPd60NdJddbUWv_jw==/lib/arm64, /data/app/~~mod7R8gax5NFnr6WGLxbCA==/com.feels-twVZykPd60NdJddbUWv_jw==/base.apk!/lib/arm64-v8a, /data/app/~~mod7R8gax5NFnr6WGLxbCA==/com.feels-twVZykPd60NdJddbUWv_jw==/split_config.arm64_v8a.apk!/lib/arm64-v8a, /data/app/~~mod7R8gax5NFnr6WGLxbCA==/com.feels-twVZykPd60NdJddbUWv_jw==/split_config.en.apk!/lib/arm64-v8a, /data/app/~~mod7R8gax5NFnr6WGLxbCA==/com.feels-twVZykPd60NdJddbUWv_jw==/split_config.mdpi.apk!/lib/arm64-v8a, /system/lib64, /system_ext/lib64]]"
},
{
    "type": "error",
    "source": "method",
    "method": "setSubjectToCOPPA",
    "package_name": "com.feels",
    "class_name": "org.prebid.mobile.TargetingParams",
    "timestamp": 1728283922797,
    "error": "Error: java.lang.ClassNotFoundException: Didn't find class \"org.prebid.mobile.TargetingParams\" on path: DexPathList[[zip file \"/data/app/~~mod7R8gax5NFnr6WGLxbCA==/com.feels-twVZykPd60NdJddbUWv_jw==/base.apk\", zip file \"/data/app/~~mod7R8gax5NFnr6WGLxbCA==/com.feels-twVZykPd60NdJddbUWv_jw==/split_config.arm64_v8a.apk\", zip file \"/data/app/~~mod7R8gax5NFnr6WGLxbCA==/com.feels-twVZykPd60NdJddbUWv_jw==/split_config.en.apk\", zip file \"/data/app/~~mod7R8gax5NFnr6WGLxbCA==/com.feels-twVZykPd60NdJddbUWv_jw==/split_config.mdpi.apk\"],nativeLibraryDirectories=[/data/app/~~mod7R8gax5NFnr6WGLxbCA==/com.feels-twVZykPd60NdJddbUWv_jw==/lib/arm64, /data/app/~~mod7R8gax5NFnr6WGLxbCA==/com.feels-twVZykPd60NdJddbUWv_jw==/base.apk!/lib/arm64-v8a, /data/app/~~mod7R8gax5NFnr6WGLxbCA==/com.feels-twVZykPd60NdJddbUWv_jw==/split_config.arm64_v8a.apk!/lib/arm64-v8a, /data/app/~~mod7R8gax5NFnr6WGLxbCA==/com.feels-twVZykPd60NdJddbUWv_jw==/split_config.en.apk!/lib/arm64-v8a, /data/app/~~mod7R8gax5NFnr6WGLxbCA==/com.feels-twVZykPd60NdJddbUWv_jw==/split_config.mdpi.apk!/lib/arm64-v8a, /system/lib64, /system_ext/lib64]]"
},
{
    "type": "error",
    "source": "method",
    "method": "setPurposeConsents",
    "package_name": "com.feels",
    "class_name": "org.prebid.mobile.TargetingParams",
    "timestamp": 1728283922800,
    "error": "Error: java.lang.ClassNotFoundException: Didn't find class \"org.prebid.mobile.TargetingParams\" on path: DexPathList[[zip file \"/data/app/~~mod7R8gax5NFnr6WGLxbCA==/com.feels-twVZykPd60NdJddbUWv_jw==/base.apk\", zip file \"/data/app/~~mod7R8gax5NFnr6WGLxbCA==/com.feels-twVZykPd60NdJddbUWv_jw==/split_config.arm64_v8a.apk\", zip file \"/data/app/~~mod7R8gax5NFnr6WGLxbCA==/com.feels-twVZykPd60NdJddbUWv_jw==/split_config.en.apk\", zip file \"/data/app/~~mod7R8gax5NFnr6WGLxbCA==/com.feels-twVZykPd60NdJddbUWv_jw==/split_config.mdpi.apk\"],nativeLibraryDirectories=[/data/app/~~mod7R8gax5NFnr6WGLxbCA==/com.feels-twVZykPd60NdJddbUWv_jw==/lib/arm64, /data/app/~~mod7R8gax5NFnr6WGLxbCA==/com.feels-twVZykPd60NdJddbUWv_jw==/base.apk!/lib/arm64-v8a, /data/app/~~mod7R8gax5NFnr6WGLxbCA==/com.feels-twVZykPd60NdJddbUWv_jw==/split_config.arm64_v8a.apk!/lib/arm64-v8a, /data/app/~~mod7R8gax5NFnr6WGLxbCA==/com.feels-twVZykPd60NdJddbUWv_jw==/split_config.en.apk!/lib/arm64-v8a, /data/app/~~mod7R8gax5NFnr6WGLxbCA==/com.feels-twVZykPd60NdJddbUWv_jw==/split_config.mdpi.apk!/lib/arm64-v8a, /system/lib64, /system_ext/lib64]]"
},
{
    "type": "error",
    "source": "method",
    "method": "setShareGeoLocation",
    "package_name": "com.feels",
    "class_name": "org.prebid.mobile.PrebidMobile",
    "timestamp": 1728283922804,
    "error": "Error: java.lang.ClassNotFoundException: Didn't find class \"org.prebid.mobile.PrebidMobile\" on path: DexPathList[[zip file \"/data/app/~~mod7R8gax5NFnr6WGLxbCA==/com.feels-twVZykPd60NdJddbUWv_jw==/base.apk\", zip file \"/data/app/~~mod7R8gax5NFnr6WGLxbCA==/com.feels-twVZykPd60NdJddbUWv_jw==/split_config.arm64_v8a.apk\", zip file \"/data/app/~~mod7R8gax5NFnr6WGLxbCA==/com.feels-twVZykPd60NdJddbUWv_jw==/split_config.en.apk\", zip file \"/data/app/~~mod7R8gax5NFnr6WGLxbCA==/com.feels-twVZykPd60NdJddbUWv_jw==/split_config.mdpi.apk\"],nativeLibraryDirectories=[/data/app/~~mod7R8gax5NFnr6WGLxbCA==/com.feels-twVZykPd60NdJddbUWv_jw==/lib/arm64, /data/app/~~mod7R8gax5NFnr6WGLxbCA==/com.feels-twVZykPd60NdJddbUWv_jw==/base.apk!/lib/arm64-v8a, /data/app/~~mod7R8gax5NFnr6WGLxbCA==/com.feels-twVZykPd60NdJddbUWv_jw==/split_config.arm64_v8a.apk!/lib/arm64-v8a, /data/app/~~mod7R8gax5NFnr6WGLxbCA==/com.feels-twVZykPd60NdJddbUWv_jw==/split_config.en.apk!/lib/arm64-v8a, /data/app/~~mod7R8gax5NFnr6WGLxbCA==/com.feels-twVZykPd60NdJddbUWv_jw==/split_config.mdpi.apk!/lib/arm64-v8a, /system/lib64, /system_ext/lib64]]"
},
{
    "type": "error",
    "source": "method",
    "method": "setLocationTrackingEnabled",
    "package_name": "com.feels",
    "class_name": "net.pubnative.lite.sdk.HyBid",
    "timestamp": 1728283922808,
    "error": "Error: java.lang.ClassNotFoundException: Didn't find class \"net.pubnative.lite.sdk.HyBid\" on path: DexPathList[[zip file \"/data/app/~~mod7R8gax5NFnr6WGLxbCA==/com.feels-twVZykPd60NdJddbUWv_jw==/base.apk\", zip file \"/data/app/~~mod7R8gax5NFnr6WGLxbCA==/com.feels-twVZykPd60NdJddbUWv_jw==/split_config.arm64_v8a.apk\", zip file \"/data/app/~~mod7R8gax5NFnr6WGLxbCA==/com.feels-twVZykPd60NdJddbUWv_jw==/split_config.en.apk\", zip file \"/data/app/~~mod7R8gax5NFnr6WGLxbCA==/com.feels-twVZykPd60NdJddbUWv_jw==/split_config.mdpi.apk\"],nativeLibraryDirectories=[/data/app/~~mod7R8gax5NFnr6WGLxbCA==/com.feels-twVZykPd60NdJddbUWv_jw==/lib/arm64, /data/app/~~mod7R8gax5NFnr6WGLxbCA==/com.feels-twVZykPd60NdJddbUWv_jw==/base.apk!/lib/arm64-v8a, /data/app/~~mod7R8gax5NFnr6WGLxbCA==/com.feels-twVZykPd60NdJddbUWv_jw==/split_config.arm64_v8a.apk!/lib/arm64-v8a, /data/app/~~mod7R8gax5NFnr6WGLxbCA==/com.feels-twVZykPd60NdJddbUWv_jw==/split_config.en.apk!/lib/arm64-v8a, /data/app/~~mod7R8gax5NFnr6WGLxbCA==/com.feels-twVZykPd60NdJddbUWv_jw==/split_config.mdpi.apk!/lib/arm64-v8a, /system/lib64, /system_ext/lib64]]"
},
{
    "type": "error",
    "source": "method",
    "method": "setLocationUpdatesEnabled",
    "package_name": "com.feels",
    "class_name": "net.pubnative.lite.sdk.HyBid",
    "timestamp": 1728283922811,
    "error": "Error: java.lang.ClassNotFoundException: Didn't find class \"net.pubnative.lite.sdk.HyBid\" on path: DexPathList[[zip file \"/data/app/~~mod7R8gax5NFnr6WGLxbCA==/com.feels-twVZykPd60NdJddbUWv_jw==/base.apk\", zip file \"/data/app/~~mod7R8gax5NFnr6WGLxbCA==/com.feels-twVZykPd60NdJddbUWv_jw==/split_config.arm64_v8a.apk\", zip file \"/data/app/~~mod7R8gax5NFnr6WGLxbCA==/com.feels-twVZykPd60NdJddbUWv_jw==/split_config.en.apk\", zip file \"/data/app/~~mod7R8gax5NFnr6WGLxbCA==/com.feels-twVZykPd60NdJddbUWv_jw==/split_config.mdpi.apk\"],nativeLibraryDirectories=[/data/app/~~mod7R8gax5NFnr6WGLxbCA==/com.feels-twVZykPd60NdJddbUWv_jw==/lib/arm64, /data/app/~~mod7R8gax5NFnr6WGLxbCA==/com.feels-twVZykPd60NdJddbUWv_jw==/base.apk!/lib/arm64-v8a, /data/app/~~mod7R8gax5NFnr6WGLxbCA==/com.feels-twVZykPd60NdJddbUWv_jw==/split_config.arm64_v8a.apk!/lib/arm64-v8a, /data/app/~~mod7R8gax5NFnr6WGLxbCA==/com.feels-twVZykPd60NdJddbUWv_jw==/split_config.en.apk!/lib/arm64-v8a, /data/app/~~mod7R8gax5NFnr6WGLxbCA==/com.feels-twVZykPd60NdJddbUWv_jw==/split_config.mdpi.apk!/lib/arm64-v8a, /system/lib64, /system_ext/lib64]]"
},
{
    "type": "error",
    "source": "method",
    "method": "setCoppaEnabled",
    "package_name": "com.feels",
    "class_name": "net.pubnative.lite.sdk.HyBid",
    "timestamp": 1728283922815,
    "error": "Error: java.lang.ClassNotFoundException: Didn't find class \"net.pubnative.lite.sdk.HyBid\" on path: DexPathList[[zip file \"/data/app/~~mod7R8gax5NFnr6WGLxbCA==/com.feels-twVZykPd60NdJddbUWv_jw==/base.apk\", zip file \"/data/app/~~mod7R8gax5NFnr6WGLxbCA==/com.feels-twVZykPd60NdJddbUWv_jw==/split_config.arm64_v8a.apk\", zip file \"/data/app/~~mod7R8gax5NFnr6WGLxbCA==/com.feels-twVZykPd60NdJddbUWv_jw==/split_config.en.apk\", zip file \"/data/app/~~mod7R8gax5NFnr6WGLxbCA==/com.feels-twVZykPd60NdJddbUWv_jw==/split_config.mdpi.apk\"],nativeLibraryDirectories=[/data/app/~~mod7R8gax5NFnr6WGLxbCA==/com.feels-twVZykPd60NdJddbUWv_jw==/lib/arm64, /data/app/~~mod7R8gax5NFnr6WGLxbCA==/com.feels-twVZykPd60NdJddbUWv_jw==/base.apk!/lib/arm64-v8a, /data/app/~~mod7R8gax5NFnr6WGLxbCA==/com.feels-twVZykPd60NdJddbUWv_jw==/split_config.arm64_v8a.apk!/lib/arm64-v8a, /data/app/~~mod7R8gax5NFnr6WGLxbCA==/com.feels-twVZykPd60NdJddbUWv_jw==/split_config.en.apk!/lib/arm64-v8a, /data/app/~~mod7R8gax5NFnr6WGLxbCA==/com.feels-twVZykPd60NdJddbUWv_jw==/split_config.mdpi.apk!/lib/arm64-v8a, /system/lib64, /system_ext/lib64]]"
},
{
    "type": "error",
    "source": "method",
    "method": "setCollectionEnabled",
    "package_name": "com.feels",
    "class_name": "com.quantcast.measurement.service.QuantcastClient",
    "timestamp": 1728283922818,
    "error": "Error: java.lang.ClassNotFoundException: Didn't find class \"com.quantcast.measurement.service.QuantcastClient\" on path: DexPathList[[zip file \"/data/app/~~mod7R8gax5NFnr6WGLxbCA==/com.feels-twVZykPd60NdJddbUWv_jw==/base.apk\", zip file \"/data/app/~~mod7R8gax5NFnr6WGLxbCA==/com.feels-twVZykPd60NdJddbUWv_jw==/split_config.arm64_v8a.apk\", zip file \"/data/app/~~mod7R8gax5NFnr6WGLxbCA==/com.feels-twVZykPd60NdJddbUWv_jw==/split_config.en.apk\", zip file \"/data/app/~~mod7R8gax5NFnr6WGLxbCA==/com.feels-twVZykPd60NdJddbUWv_jw==/split_config.mdpi.apk\"],nativeLibraryDirectories=[/data/app/~~mod7R8gax5NFnr6WGLxbCA==/com.feels-twVZykPd60NdJddbUWv_jw==/lib/arm64, /data/app/~~mod7R8gax5NFnr6WGLxbCA==/com.feels-twVZykPd60NdJddbUWv_jw==/base.apk!/lib/arm64-v8a, /data/app/~~mod7R8gax5NFnr6WGLxbCA==/com.feels-twVZykPd60NdJddbUWv_jw==/split_config.arm64_v8a.apk!/lib/arm64-v8a, /data/app/~~mod7R8gax5NFnr6WGLxbCA==/com.feels-twVZykPd60NdJddbUWv_jw==/split_config.en.apk!/lib/arm64-v8a, /data/app/~~mod7R8gax5NFnr6WGLxbCA==/com.feels-twVZykPd60NdJddbUWv_jw==/split_config.mdpi.apk!/lib/arm64-v8a, /system/lib64, /system_ext/lib64]]"
},
{
    "type": "error",
    "source": "method",
    "method": "recordUserIdentifier",
    "package_name": "com.feels",
    "class_name": "com.quantcast.measurement.service.QuantcastClient",
    "timestamp": 1728283922822,
    "error": "Error: java.lang.ClassNotFoundException: Didn't find class \"com.quantcast.measurement.service.QuantcastClient\" on path: DexPathList[[zip file \"/data/app/~~mod7R8gax5NFnr6WGLxbCA==/com.feels-twVZykPd60NdJddbUWv_jw==/base.apk\", zip file \"/data/app/~~mod7R8gax5NFnr6WGLxbCA==/com.feels-twVZykPd60NdJddbUWv_jw==/split_config.arm64_v8a.apk\", zip file \"/data/app/~~mod7R8gax5NFnr6WGLxbCA==/com.feels-twVZykPd60NdJddbUWv_jw==/split_config.en.apk\", zip file \"/data/app/~~mod7R8gax5NFnr6WGLxbCA==/com.feels-twVZykPd60NdJddbUWv_jw==/split_config.mdpi.apk\"],nativeLibraryDirectories=[/data/app/~~mod7R8gax5NFnr6WGLxbCA==/com.feels-twVZykPd60NdJddbUWv_jw==/lib/arm64, /data/app/~~mod7R8gax5NFnr6WGLxbCA==/com.feels-twVZykPd60NdJddbUWv_jw==/base.apk!/lib/arm64-v8a, /data/app/~~mod7R8gax5NFnr6WGLxbCA==/com.feels-twVZykPd60NdJddbUWv_jw==/split_config.arm64_v8a.apk!/lib/arm64-v8a, /data/app/~~mod7R8gax5NFnr6WGLxbCA==/com.feels-twVZykPd60NdJddbUWv_jw==/split_config.en.apk!/lib/arm64-v8a, /data/app/~~mod7R8gax5NFnr6WGLxbCA==/com.feels-twVZykPd60NdJddbUWv_jw==/split_config.mdpi.apk!/lib/arm64-v8a, /system/lib64, /system_ext/lib64]]"
},
{
    "type": "error",
    "source": "method",
    "method": "optOut",
    "package_name": "com.feels",
    "class_name": "com.segment.analytics.Analytics",
    "timestamp": 1728283922826,
    "error": "Error: java.lang.ClassNotFoundException: Didn't find class \"com.segment.analytics.Analytics\" on path: DexPathList[[zip file \"/data/app/~~mod7R8gax5NFnr6WGLxbCA==/com.feels-twVZykPd60NdJddbUWv_jw==/base.apk\", zip file \"/data/app/~~mod7R8gax5NFnr6WGLxbCA==/com.feels-twVZykPd60NdJddbUWv_jw==/split_config.arm64_v8a.apk\", zip file \"/data/app/~~mod7R8gax5NFnr6WGLxbCA==/com.feels-twVZykPd60NdJddbUWv_jw==/split_config.en.apk\", zip file \"/data/app/~~mod7R8gax5NFnr6WGLxbCA==/com.feels-twVZykPd60NdJddbUWv_jw==/split_config.mdpi.apk\"],nativeLibraryDirectories=[/data/app/~~mod7R8gax5NFnr6WGLxbCA==/com.feels-twVZykPd60NdJddbUWv_jw==/lib/arm64, /data/app/~~mod7R8gax5NFnr6WGLxbCA==/com.feels-twVZykPd60NdJddbUWv_jw==/base.apk!/lib/arm64-v8a, /data/app/~~mod7R8gax5NFnr6WGLxbCA==/com.feels-twVZykPd60NdJddbUWv_jw==/split_config.arm64_v8a.apk!/lib/arm64-v8a, /data/app/~~mod7R8gax5NFnr6WGLxbCA==/com.feels-twVZykPd60NdJddbUWv_jw==/split_config.en.apk!/lib/arm64-v8a, /data/app/~~mod7R8gax5NFnr6WGLxbCA==/com.feels-twVZykPd60NdJddbUWv_jw==/split_config.mdpi.apk!/lib/arm64-v8a, /system/lib64, /system_ext/lib64]]"
},
{
    "type": "error",
    "source": "method",
    "method": "setLgpdConsentEnabled",
    "package_name": "com.feels",
    "class_name": "com.smaato.sdk.core.SmaatoSdk",
    "timestamp": 1728283922830,
    "error": "Error: java.lang.ClassNotFoundException: Didn't find class \"com.smaato.sdk.core.SmaatoSdk\" on path: DexPathList[[zip file \"/data/app/~~mod7R8gax5NFnr6WGLxbCA==/com.feels-twVZykPd60NdJddbUWv_jw==/base.apk\", zip file \"/data/app/~~mod7R8gax5NFnr6WGLxbCA==/com.feels-twVZykPd60NdJddbUWv_jw==/split_config.arm64_v8a.apk\", zip file \"/data/app/~~mod7R8gax5NFnr6WGLxbCA==/com.feels-twVZykPd60NdJddbUWv_jw==/split_config.en.apk\", zip file \"/data/app/~~mod7R8gax5NFnr6WGLxbCA==/com.feels-twVZykPd60NdJddbUWv_jw==/split_config.mdpi.apk\"],nativeLibraryDirectories=[/data/app/~~mod7R8gax5NFnr6WGLxbCA==/com.feels-twVZykPd60NdJddbUWv_jw==/lib/arm64, /data/app/~~mod7R8gax5NFnr6WGLxbCA==/com.feels-twVZykPd60NdJddbUWv_jw==/base.apk!/lib/arm64-v8a, /data/app/~~mod7R8gax5NFnr6WGLxbCA==/com.feels-twVZykPd60NdJddbUWv_jw==/split_config.arm64_v8a.apk!/lib/arm64-v8a, /data/app/~~mod7R8gax5NFnr6WGLxbCA==/com.feels-twVZykPd60NdJddbUWv_jw==/split_config.en.apk!/lib/arm64-v8a, /data/app/~~mod7R8gax5NFnr6WGLxbCA==/com.feels-twVZykPd60NdJddbUWv_jw==/split_config.mdpi.apk!/lib/arm64-v8a, /system/lib64, /system_ext/lib64]]"
},
{
    "type": "error",
    "source": "method",
    "method": "setUsPrivacyString",
    "package_name": "com.feels",
    "class_name": "com.smaato.sdk.core.SmaatoSdk",
    "timestamp": 1728283922835,
    "error": "Error: java.lang.ClassNotFoundException: Didn't find class \"com.smaato.sdk.core.SmaatoSdk\" on path: DexPathList[[zip file \"/data/app/~~mod7R8gax5NFnr6WGLxbCA==/com.feels-twVZykPd60NdJddbUWv_jw==/base.apk\", zip file \"/data/app/~~mod7R8gax5NFnr6WGLxbCA==/com.feels-twVZykPd60NdJddbUWv_jw==/split_config.arm64_v8a.apk\", zip file \"/data/app/~~mod7R8gax5NFnr6WGLxbCA==/com.feels-twVZykPd60NdJddbUWv_jw==/split_config.en.apk\", zip file \"/data/app/~~mod7R8gax5NFnr6WGLxbCA==/com.feels-twVZykPd60NdJddbUWv_jw==/split_config.mdpi.apk\"],nativeLibraryDirectories=[/data/app/~~mod7R8gax5NFnr6WGLxbCA==/com.feels-twVZykPd60NdJddbUWv_jw==/lib/arm64, /data/app/~~mod7R8gax5NFnr6WGLxbCA==/com.feels-twVZykPd60NdJddbUWv_jw==/base.apk!/lib/arm64-v8a, /data/app/~~mod7R8gax5NFnr6WGLxbCA==/com.feels-twVZykPd60NdJddbUWv_jw==/split_config.arm64_v8a.apk!/lib/arm64-v8a, /data/app/~~mod7R8gax5NFnr6WGLxbCA==/com.feels-twVZykPd60NdJddbUWv_jw==/split_config.en.apk!/lib/arm64-v8a, /data/app/~~mod7R8gax5NFnr6WGLxbCA==/com.feels-twVZykPd60NdJddbUWv_jw==/split_config.mdpi.apk!/lib/arm64-v8a, /system/lib64, /system_ext/lib64]]"
},
{
    "type": "error",
    "source": "method",
    "method": "setCoppa",
    "package_name": "com.feels",
    "class_name": "com.smaato.sdk.core.SmaatoSdk",
    "timestamp": 1728283922839,
    "error": "Error: java.lang.ClassNotFoundException: Didn't find class \"com.smaato.sdk.core.SmaatoSdk\" on path: DexPathList[[zip file \"/data/app/~~mod7R8gax5NFnr6WGLxbCA==/com.feels-twVZykPd60NdJddbUWv_jw==/base.apk\", zip file \"/data/app/~~mod7R8gax5NFnr6WGLxbCA==/com.feels-twVZykPd60NdJddbUWv_jw==/split_config.arm64_v8a.apk\", zip file \"/data/app/~~mod7R8gax5NFnr6WGLxbCA==/com.feels-twVZykPd60NdJddbUWv_jw==/split_config.en.apk\", zip file \"/data/app/~~mod7R8gax5NFnr6WGLxbCA==/com.feels-twVZykPd60NdJddbUWv_jw==/split_config.mdpi.apk\"],nativeLibraryDirectories=[/data/app/~~mod7R8gax5NFnr6WGLxbCA==/com.feels-twVZykPd60NdJddbUWv_jw==/lib/arm64, /data/app/~~mod7R8gax5NFnr6WGLxbCA==/com.feels-twVZykPd60NdJddbUWv_jw==/base.apk!/lib/arm64-v8a, /data/app/~~mod7R8gax5NFnr6WGLxbCA==/com.feels-twVZykPd60NdJddbUWv_jw==/split_config.arm64_v8a.apk!/lib/arm64-v8a, /data/app/~~mod7R8gax5NFnr6WGLxbCA==/com.feels-twVZykPd60NdJddbUWv_jw==/split_config.en.apk!/lib/arm64-v8a, /data/app/~~mod7R8gax5NFnr6WGLxbCA==/com.feels-twVZykPd60NdJddbUWv_jw==/split_config.mdpi.apk!/lib/arm64-v8a, /system/lib64, /system_ext/lib64]]"
},
{
    "type": "error",
    "source": "method",
    "method": "setUserIdentifier",
    "package_name": "com.feels",
    "class_name": "com.splunk.mint.Mint",
    "timestamp": 1728283922843,
    "error": "Error: java.lang.ClassNotFoundException: Didn't find class \"com.splunk.mint.Mint\" on path: DexPathList[[zip file \"/data/app/~~mod7R8gax5NFnr6WGLxbCA==/com.feels-twVZykPd60NdJddbUWv_jw==/base.apk\", zip file \"/data/app/~~mod7R8gax5NFnr6WGLxbCA==/com.feels-twVZykPd60NdJddbUWv_jw==/split_config.arm64_v8a.apk\", zip file \"/data/app/~~mod7R8gax5NFnr6WGLxbCA==/com.feels-twVZykPd60NdJddbUWv_jw==/split_config.en.apk\", zip file \"/data/app/~~mod7R8gax5NFnr6WGLxbCA==/com.feels-twVZykPd60NdJddbUWv_jw==/split_config.mdpi.apk\"],nativeLibraryDirectories=[/data/app/~~mod7R8gax5NFnr6WGLxbCA==/com.feels-twVZykPd60NdJddbUWv_jw==/lib/arm64, /data/app/~~mod7R8gax5NFnr6WGLxbCA==/com.feels-twVZykPd60NdJddbUWv_jw==/base.apk!/lib/arm64-v8a, /data/app/~~mod7R8gax5NFnr6WGLxbCA==/com.feels-twVZykPd60NdJddbUWv_jw==/split_config.arm64_v8a.apk!/lib/arm64-v8a, /data/app/~~mod7R8gax5NFnr6WGLxbCA==/com.feels-twVZykPd60NdJddbUWv_jw==/split_config.en.apk!/lib/arm64-v8a, /data/app/~~mod7R8gax5NFnr6WGLxbCA==/com.feels-twVZykPd60NdJddbUWv_jw==/split_config.mdpi.apk!/lib/arm64-v8a, /system/lib64, /system_ext/lib64]]"
},
{
    "type": "error",
    "source": "method",
    "method": "setUserOptOut",
    "package_name": "com.feels",
    "class_name": "com.splunk.mint.Mint",
    "timestamp": 1728283922848,
    "error": "Error: java.lang.ClassNotFoundException: Didn't find class \"com.splunk.mint.Mint\" on path: DexPathList[[zip file \"/data/app/~~mod7R8gax5NFnr6WGLxbCA==/com.feels-twVZykPd60NdJddbUWv_jw==/base.apk\", zip file \"/data/app/~~mod7R8gax5NFnr6WGLxbCA==/com.feels-twVZykPd60NdJddbUWv_jw==/split_config.arm64_v8a.apk\", zip file \"/data/app/~~mod7R8gax5NFnr6WGLxbCA==/com.feels-twVZykPd60NdJddbUWv_jw==/split_config.en.apk\", zip file \"/data/app/~~mod7R8gax5NFnr6WGLxbCA==/com.feels-twVZykPd60NdJddbUWv_jw==/split_config.mdpi.apk\"],nativeLibraryDirectories=[/data/app/~~mod7R8gax5NFnr6WGLxbCA==/com.feels-twVZykPd60NdJddbUWv_jw==/lib/arm64, /data/app/~~mod7R8gax5NFnr6WGLxbCA==/com.feels-twVZykPd60NdJddbUWv_jw==/base.apk!/lib/arm64-v8a, /data/app/~~mod7R8gax5NFnr6WGLxbCA==/com.feels-twVZykPd60NdJddbUWv_jw==/split_config.arm64_v8a.apk!/lib/arm64-v8a, /data/app/~~mod7R8gax5NFnr6WGLxbCA==/com.feels-twVZykPd60NdJddbUWv_jw==/split_config.en.apk!/lib/arm64-v8a, /data/app/~~mod7R8gax5NFnr6WGLxbCA==/com.feels-twVZykPd60NdJddbUWv_jw==/split_config.mdpi.apk!/lib/arm64-v8a, /system/lib64, /system_ext/lib64]]"
},
{
    "type": "error",
    "source": "method",
    "method": "setUserConsent",
    "package_name": "com.feels",
    "class_name": "com.startapp.sdk.adsbase.StartAppSDK",
    "timestamp": 1728283922852,
    "error": "Error: java.lang.ClassNotFoundException: Didn't find class \"com.startapp.sdk.adsbase.StartAppSDK\" on path: DexPathList[[zip file \"/data/app/~~mod7R8gax5NFnr6WGLxbCA==/com.feels-twVZykPd60NdJddbUWv_jw==/base.apk\", zip file \"/data/app/~~mod7R8gax5NFnr6WGLxbCA==/com.feels-twVZykPd60NdJddbUWv_jw==/split_config.arm64_v8a.apk\", zip file \"/data/app/~~mod7R8gax5NFnr6WGLxbCA==/com.feels-twVZykPd60NdJddbUWv_jw==/split_config.en.apk\", zip file \"/data/app/~~mod7R8gax5NFnr6WGLxbCA==/com.feels-twVZykPd60NdJddbUWv_jw==/split_config.mdpi.apk\"],nativeLibraryDirectories=[/data/app/~~mod7R8gax5NFnr6WGLxbCA==/com.feels-twVZykPd60NdJddbUWv_jw==/lib/arm64, /data/app/~~mod7R8gax5NFnr6WGLxbCA==/com.feels-twVZykPd60NdJddbUWv_jw==/base.apk!/lib/arm64-v8a, /data/app/~~mod7R8gax5NFnr6WGLxbCA==/com.feels-twVZykPd60NdJddbUWv_jw==/split_config.arm64_v8a.apk!/lib/arm64-v8a, /data/app/~~mod7R8gax5NFnr6WGLxbCA==/com.feels-twVZykPd60NdJddbUWv_jw==/split_config.en.apk!/lib/arm64-v8a, /data/app/~~mod7R8gax5NFnr6WGLxbCA==/com.feels-twVZykPd60NdJddbUWv_jw==/split_config.mdpi.apk!/lib/arm64-v8a, /system/lib64, /system_ext/lib64]]"
},
{
    "type": "error",
    "source": "method",
    "method": "getExtras",
    "package_name": "com.feels",
    "class_name": "com.startapp.sdk.adsbase.StartAppSDK",
    "timestamp": 1728283922856,
    "error": "Error: java.lang.ClassNotFoundException: Didn't find class \"com.startapp.sdk.adsbase.StartAppSDK\" on path: DexPathList[[zip file \"/data/app/~~mod7R8gax5NFnr6WGLxbCA==/com.feels-twVZykPd60NdJddbUWv_jw==/base.apk\", zip file \"/data/app/~~mod7R8gax5NFnr6WGLxbCA==/com.feels-twVZykPd60NdJddbUWv_jw==/split_config.arm64_v8a.apk\", zip file \"/data/app/~~mod7R8gax5NFnr6WGLxbCA==/com.feels-twVZykPd60NdJddbUWv_jw==/split_config.en.apk\", zip file \"/data/app/~~mod7R8gax5NFnr6WGLxbCA==/com.feels-twVZykPd60NdJddbUWv_jw==/split_config.mdpi.apk\"],nativeLibraryDirectories=[/data/app/~~mod7R8gax5NFnr6WGLxbCA==/com.feels-twVZykPd60NdJddbUWv_jw==/lib/arm64, /data/app/~~mod7R8gax5NFnr6WGLxbCA==/com.feels-twVZykPd60NdJddbUWv_jw==/base.apk!/lib/arm64-v8a, /data/app/~~mod7R8gax5NFnr6WGLxbCA==/com.feels-twVZykPd60NdJddbUWv_jw==/split_config.arm64_v8a.apk!/lib/arm64-v8a, /data/app/~~mod7R8gax5NFnr6WGLxbCA==/com.feels-twVZykPd60NdJddbUWv_jw==/split_config.en.apk!/lib/arm64-v8a, /data/app/~~mod7R8gax5NFnr6WGLxbCA==/com.feels-twVZykPd60NdJddbUWv_jw==/split_config.mdpi.apk!/lib/arm64-v8a, /system/lib64, /system_ext/lib64]]"
},
{
    "type": "error",
    "source": "method",
    "method": "init",
    "package_name": "com.feels",
    "class_name": "com.supersonic.mediationsdk.sdk.Supersonic",
    "timestamp": 1728283922861,
    "error": "Error: java.lang.ClassNotFoundException: Didn't find class \"com.supersonic.mediationsdk.sdk.Supersonic\" on path: DexPathList[[zip file \"/data/app/~~mod7R8gax5NFnr6WGLxbCA==/com.feels-twVZykPd60NdJddbUWv_jw==/base.apk\", zip file \"/data/app/~~mod7R8gax5NFnr6WGLxbCA==/com.feels-twVZykPd60NdJddbUWv_jw==/split_config.arm64_v8a.apk\", zip file \"/data/app/~~mod7R8gax5NFnr6WGLxbCA==/com.feels-twVZykPd60NdJddbUWv_jw==/split_config.en.apk\", zip file \"/data/app/~~mod7R8gax5NFnr6WGLxbCA==/com.feels-twVZykPd60NdJddbUWv_jw==/split_config.mdpi.apk\"],nativeLibraryDirectories=[/data/app/~~mod7R8gax5NFnr6WGLxbCA==/com.feels-twVZykPd60NdJddbUWv_jw==/lib/arm64, /data/app/~~mod7R8gax5NFnr6WGLxbCA==/com.feels-twVZykPd60NdJddbUWv_jw==/base.apk!/lib/arm64-v8a, /data/app/~~mod7R8gax5NFnr6WGLxbCA==/com.feels-twVZykPd60NdJddbUWv_jw==/split_config.arm64_v8a.apk!/lib/arm64-v8a, /data/app/~~mod7R8gax5NFnr6WGLxbCA==/com.feels-twVZykPd60NdJddbUWv_jw==/split_config.en.apk!/lib/arm64-v8a, /data/app/~~mod7R8gax5NFnr6WGLxbCA==/com.feels-twVZykPd60NdJddbUWv_jw==/split_config.mdpi.apk!/lib/arm64-v8a, /system/lib64, /system_ext/lib64]]"
},
{
    "type": "error",
    "source": "method",
    "method": "setExtraProperties",
    "package_name": "com.feels",
    "class_name": "com.taboola.android.TaboolaWidget",
    "timestamp": 1728283922865,
    "error": "Error: java.lang.ClassNotFoundException: Didn't find class \"com.taboola.android.TaboolaWidget\" on path: DexPathList[[zip file \"/data/app/~~mod7R8gax5NFnr6WGLxbCA==/com.feels-twVZykPd60NdJddbUWv_jw==/base.apk\", zip file \"/data/app/~~mod7R8gax5NFnr6WGLxbCA==/com.feels-twVZykPd60NdJddbUWv_jw==/split_config.arm64_v8a.apk\", zip file \"/data/app/~~mod7R8gax5NFnr6WGLxbCA==/com.feels-twVZykPd60NdJddbUWv_jw==/split_config.en.apk\", zip file \"/data/app/~~mod7R8gax5NFnr6WGLxbCA==/com.feels-twVZykPd60NdJddbUWv_jw==/split_config.mdpi.apk\"],nativeLibraryDirectories=[/data/app/~~mod7R8gax5NFnr6WGLxbCA==/com.feels-twVZykPd60NdJddbUWv_jw==/lib/arm64, /data/app/~~mod7R8gax5NFnr6WGLxbCA==/com.feels-twVZykPd60NdJddbUWv_jw==/base.apk!/lib/arm64-v8a, /data/app/~~mod7R8gax5NFnr6WGLxbCA==/com.feels-twVZykPd60NdJddbUWv_jw==/split_config.arm64_v8a.apk!/lib/arm64-v8a, /data/app/~~mod7R8gax5NFnr6WGLxbCA==/com.feels-twVZykPd60NdJddbUWv_jw==/split_config.en.apk!/lib/arm64-v8a, /data/app/~~mod7R8gax5NFnr6WGLxbCA==/com.feels-twVZykPd60NdJddbUWv_jw==/split_config.mdpi.apk!/lib/arm64-v8a, /system/lib64, /system_ext/lib64]]"
},
{
    "type": "error",
    "source": "method",
    "method": "setUserConsent",
    "package_name": "com.feels",
    "class_name": "com.tapjoy.TJPrivacyPolicy",
    "timestamp": 1728283922869,
    "error": "Error: java.lang.ClassNotFoundException: Didn't find class \"com.tapjoy.TJPrivacyPolicy\" on path: DexPathList[[zip file \"/data/app/~~mod7R8gax5NFnr6WGLxbCA==/com.feels-twVZykPd60NdJddbUWv_jw==/base.apk\", zip file \"/data/app/~~mod7R8gax5NFnr6WGLxbCA==/com.feels-twVZykPd60NdJddbUWv_jw==/split_config.arm64_v8a.apk\", zip file \"/data/app/~~mod7R8gax5NFnr6WGLxbCA==/com.feels-twVZykPd60NdJddbUWv_jw==/split_config.en.apk\", zip file \"/data/app/~~mod7R8gax5NFnr6WGLxbCA==/com.feels-twVZykPd60NdJddbUWv_jw==/split_config.mdpi.apk\"],nativeLibraryDirectories=[/data/app/~~mod7R8gax5NFnr6WGLxbCA==/com.feels-twVZykPd60NdJddbUWv_jw==/lib/arm64, /data/app/~~mod7R8gax5NFnr6WGLxbCA==/com.feels-twVZykPd60NdJddbUWv_jw==/base.apk!/lib/arm64-v8a, /data/app/~~mod7R8gax5NFnr6WGLxbCA==/com.feels-twVZykPd60NdJddbUWv_jw==/split_config.arm64_v8a.apk!/lib/arm64-v8a, /data/app/~~mod7R8gax5NFnr6WGLxbCA==/com.feels-twVZykPd60NdJddbUWv_jw==/split_config.en.apk!/lib/arm64-v8a, /data/app/~~mod7R8gax5NFnr6WGLxbCA==/com.feels-twVZykPd60NdJddbUWv_jw==/split_config.mdpi.apk!/lib/arm64-v8a, /system/lib64, /system_ext/lib64]]"
},
{
    "type": "error",
    "source": "method",
    "method": "setSubjectToGDPR",
    "package_name": "com.feels",
    "class_name": "com.tapjoy.TJPrivacyPolicy",
    "timestamp": 1728283922874,
    "error": "Error: java.lang.ClassNotFoundException: Didn't find class \"com.tapjoy.TJPrivacyPolicy\" on path: DexPathList[[zip file \"/data/app/~~mod7R8gax5NFnr6WGLxbCA==/com.feels-twVZykPd60NdJddbUWv_jw==/base.apk\", zip file \"/data/app/~~mod7R8gax5NFnr6WGLxbCA==/com.feels-twVZykPd60NdJddbUWv_jw==/split_config.arm64_v8a.apk\", zip file \"/data/app/~~mod7R8gax5NFnr6WGLxbCA==/com.feels-twVZykPd60NdJddbUWv_jw==/split_config.en.apk\", zip file \"/data/app/~~mod7R8gax5NFnr6WGLxbCA==/com.feels-twVZykPd60NdJddbUWv_jw==/split_config.mdpi.apk\"],nativeLibraryDirectories=[/data/app/~~mod7R8gax5NFnr6WGLxbCA==/com.feels-twVZykPd60NdJddbUWv_jw==/lib/arm64, /data/app/~~mod7R8gax5NFnr6WGLxbCA==/com.feels-twVZykPd60NdJddbUWv_jw==/base.apk!/lib/arm64-v8a, /data/app/~~mod7R8gax5NFnr6WGLxbCA==/com.feels-twVZykPd60NdJddbUWv_jw==/split_config.arm64_v8a.apk!/lib/arm64-v8a, /data/app/~~mod7R8gax5NFnr6WGLxbCA==/com.feels-twVZykPd60NdJddbUWv_jw==/split_config.en.apk!/lib/arm64-v8a, /data/app/~~mod7R8gax5NFnr6WGLxbCA==/com.feels-twVZykPd60NdJddbUWv_jw==/split_config.mdpi.apk!/lib/arm64-v8a, /system/lib64, /system_ext/lib64]]"
},
{
    "type": "error",
    "source": "method",
    "method": "setBelowConsentAge",
    "package_name": "com.feels",
    "class_name": "com.tapjoy.TJPrivacyPolicy",
    "timestamp": 1728283922878,
    "error": "Error: java.lang.ClassNotFoundException: Didn't find class \"com.tapjoy.TJPrivacyPolicy\" on path: DexPathList[[zip file \"/data/app/~~mod7R8gax5NFnr6WGLxbCA==/com.feels-twVZykPd60NdJddbUWv_jw==/base.apk\", zip file \"/data/app/~~mod7R8gax5NFnr6WGLxbCA==/com.feels-twVZykPd60NdJddbUWv_jw==/split_config.arm64_v8a.apk\", zip file \"/data/app/~~mod7R8gax5NFnr6WGLxbCA==/com.feels-twVZykPd60NdJddbUWv_jw==/split_config.en.apk\", zip file \"/data/app/~~mod7R8gax5NFnr6WGLxbCA==/com.feels-twVZykPd60NdJddbUWv_jw==/split_config.mdpi.apk\"],nativeLibraryDirectories=[/data/app/~~mod7R8gax5NFnr6WGLxbCA==/com.feels-twVZykPd60NdJddbUWv_jw==/lib/arm64, /data/app/~~mod7R8gax5NFnr6WGLxbCA==/com.feels-twVZykPd60NdJddbUWv_jw==/base.apk!/lib/arm64-v8a, /data/app/~~mod7R8gax5NFnr6WGLxbCA==/com.feels-twVZykPd60NdJddbUWv_jw==/split_config.arm64_v8a.apk!/lib/arm64-v8a, /data/app/~~mod7R8gax5NFnr6WGLxbCA==/com.feels-twVZykPd60NdJddbUWv_jw==/split_config.en.apk!/lib/arm64-v8a, /data/app/~~mod7R8gax5NFnr6WGLxbCA==/com.feels-twVZykPd60NdJddbUWv_jw==/split_config.mdpi.apk!/lib/arm64-v8a, /system/lib64, /system_ext/lib64]]"
},
{
    "type": "error",
    "source": "method",
    "method": "setUSPrivacy",
    "package_name": "com.feels",
    "class_name": "com.tapjoy.TJPrivacyPolicy",
    "timestamp": 1728283922882,
    "error": "Error: java.lang.ClassNotFoundException: Didn't find class \"com.tapjoy.TJPrivacyPolicy\" on path: DexPathList[[zip file \"/data/app/~~mod7R8gax5NFnr6WGLxbCA==/com.feels-twVZykPd60NdJddbUWv_jw==/base.apk\", zip file \"/data/app/~~mod7R8gax5NFnr6WGLxbCA==/com.feels-twVZykPd60NdJddbUWv_jw==/split_config.arm64_v8a.apk\", zip file \"/data/app/~~mod7R8gax5NFnr6WGLxbCA==/com.feels-twVZykPd60NdJddbUWv_jw==/split_config.en.apk\", zip file \"/data/app/~~mod7R8gax5NFnr6WGLxbCA==/com.feels-twVZykPd60NdJddbUWv_jw==/split_config.mdpi.apk\"],nativeLibraryDirectories=[/data/app/~~mod7R8gax5NFnr6WGLxbCA==/com.feels-twVZykPd60NdJddbUWv_jw==/lib/arm64, /data/app/~~mod7R8gax5NFnr6WGLxbCA==/com.feels-twVZykPd60NdJddbUWv_jw==/base.apk!/lib/arm64-v8a, /data/app/~~mod7R8gax5NFnr6WGLxbCA==/com.feels-twVZykPd60NdJddbUWv_jw==/split_config.arm64_v8a.apk!/lib/arm64-v8a, /data/app/~~mod7R8gax5NFnr6WGLxbCA==/com.feels-twVZykPd60NdJddbUWv_jw==/split_config.en.apk!/lib/arm64-v8a, /data/app/~~mod7R8gax5NFnr6WGLxbCA==/com.feels-twVZykPd60NdJddbUWv_jw==/split_config.mdpi.apk!/lib/arm64-v8a, /system/lib64, /system_ext/lib64]]"
},
{
    "type": "error",
    "source": "method",
    "method": "optOutAdvertisingID",
    "package_name": "com.feels",
    "class_name": "com.tapjoy.Tapjoy",
    "timestamp": 1728283922886,
    "error": "Error: java.lang.ClassNotFoundException: Didn't find class \"com.tapjoy.Tapjoy\" on path: DexPathList[[zip file \"/data/app/~~mod7R8gax5NFnr6WGLxbCA==/com.feels-twVZykPd60NdJddbUWv_jw==/base.apk\", zip file \"/data/app/~~mod7R8gax5NFnr6WGLxbCA==/com.feels-twVZykPd60NdJddbUWv_jw==/split_config.arm64_v8a.apk\", zip file \"/data/app/~~mod7R8gax5NFnr6WGLxbCA==/com.feels-twVZykPd60NdJddbUWv_jw==/split_config.en.apk\", zip file \"/data/app/~~mod7R8gax5NFnr6WGLxbCA==/com.feels-twVZykPd60NdJddbUWv_jw==/split_config.mdpi.apk\"],nativeLibraryDirectories=[/data/app/~~mod7R8gax5NFnr6WGLxbCA==/com.feels-twVZykPd60NdJddbUWv_jw==/lib/arm64, /data/app/~~mod7R8gax5NFnr6WGLxbCA==/com.feels-twVZykPd60NdJddbUWv_jw==/base.apk!/lib/arm64-v8a, /data/app/~~mod7R8gax5NFnr6WGLxbCA==/com.feels-twVZykPd60NdJddbUWv_jw==/split_config.arm64_v8a.apk!/lib/arm64-v8a, /data/app/~~mod7R8gax5NFnr6WGLxbCA==/com.feels-twVZykPd60NdJddbUWv_jw==/split_config.en.apk!/lib/arm64-v8a, /data/app/~~mod7R8gax5NFnr6WGLxbCA==/com.feels-twVZykPd60NdJddbUWv_jw==/split_config.mdpi.apk!/lib/arm64-v8a, /system/lib64, /system_ext/lib64]]"
},
{
    "type": "error",
    "source": "method",
    "method": "setUSPrivacy",
    "package_name": "com.feels",
    "class_name": "com.tappx.sdk.android.TappxPrivacyManager",
    "timestamp": 1728283922890,
    "error": "Error: java.lang.ClassNotFoundException: Didn't find class \"com.tappx.sdk.android.TappxPrivacyManager\" on path: DexPathList[[zip file \"/data/app/~~mod7R8gax5NFnr6WGLxbCA==/com.feels-twVZykPd60NdJddbUWv_jw==/base.apk\", zip file \"/data/app/~~mod7R8gax5NFnr6WGLxbCA==/com.feels-twVZykPd60NdJddbUWv_jw==/split_config.arm64_v8a.apk\", zip file \"/data/app/~~mod7R8gax5NFnr6WGLxbCA==/com.feels-twVZykPd60NdJddbUWv_jw==/split_config.en.apk\", zip file \"/data/app/~~mod7R8gax5NFnr6WGLxbCA==/com.feels-twVZykPd60NdJddbUWv_jw==/split_config.mdpi.apk\"],nativeLibraryDirectories=[/data/app/~~mod7R8gax5NFnr6WGLxbCA==/com.feels-twVZykPd60NdJddbUWv_jw==/lib/arm64, /data/app/~~mod7R8gax5NFnr6WGLxbCA==/com.feels-twVZykPd60NdJddbUWv_jw==/base.apk!/lib/arm64-v8a, /data/app/~~mod7R8gax5NFnr6WGLxbCA==/com.feels-twVZykPd60NdJddbUWv_jw==/split_config.arm64_v8a.apk!/lib/arm64-v8a, /data/app/~~mod7R8gax5NFnr6WGLxbCA==/com.feels-twVZykPd60NdJddbUWv_jw==/split_config.en.apk!/lib/arm64-v8a, /data/app/~~mod7R8gax5NFnr6WGLxbCA==/com.feels-twVZykPd60NdJddbUWv_jw==/split_config.mdpi.apk!/lib/arm64-v8a, /system/lib64, /system_ext/lib64]]"
},
{
    "type": "error",
    "source": "method",
    "method": "grantPersonalInfoConsent",
    "package_name": "com.feels",
    "class_name": "com.tappx.sdk.android.TappxPrivacyManager",
    "timestamp": 1728283922894,
    "error": "Error: java.lang.ClassNotFoundException: Didn't find class \"com.tappx.sdk.android.TappxPrivacyManager\" on path: DexPathList[[zip file \"/data/app/~~mod7R8gax5NFnr6WGLxbCA==/com.feels-twVZykPd60NdJddbUWv_jw==/base.apk\", zip file \"/data/app/~~mod7R8gax5NFnr6WGLxbCA==/com.feels-twVZykPd60NdJddbUWv_jw==/split_config.arm64_v8a.apk\", zip file \"/data/app/~~mod7R8gax5NFnr6WGLxbCA==/com.feels-twVZykPd60NdJddbUWv_jw==/split_config.en.apk\", zip file \"/data/app/~~mod7R8gax5NFnr6WGLxbCA==/com.feels-twVZykPd60NdJddbUWv_jw==/split_config.mdpi.apk\"],nativeLibraryDirectories=[/data/app/~~mod7R8gax5NFnr6WGLxbCA==/com.feels-twVZykPd60NdJddbUWv_jw==/lib/arm64, /data/app/~~mod7R8gax5NFnr6WGLxbCA==/com.feels-twVZykPd60NdJddbUWv_jw==/base.apk!/lib/arm64-v8a, /data/app/~~mod7R8gax5NFnr6WGLxbCA==/com.feels-twVZykPd60NdJddbUWv_jw==/split_config.arm64_v8a.apk!/lib/arm64-v8a, /data/app/~~mod7R8gax5NFnr6WGLxbCA==/com.feels-twVZykPd60NdJddbUWv_jw==/split_config.en.apk!/lib/arm64-v8a, /data/app/~~mod7R8gax5NFnr6WGLxbCA==/com.feels-twVZykPd60NdJddbUWv_jw==/split_config.mdpi.apk!/lib/arm64-v8a, /system/lib64, /system_ext/lib64]]"
},
{
    "type": "error",
    "source": "method",
    "method": "denyPersonalInfoConsent",
    "package_name": "com.feels",
    "class_name": "com.tappx.sdk.android.TappxPrivacyManager",
    "timestamp": 1728283922898,
    "error": "Error: java.lang.ClassNotFoundException: Didn't find class \"com.tappx.sdk.android.TappxPrivacyManager\" on path: DexPathList[[zip file \"/data/app/~~mod7R8gax5NFnr6WGLxbCA==/com.feels-twVZykPd60NdJddbUWv_jw==/base.apk\", zip file \"/data/app/~~mod7R8gax5NFnr6WGLxbCA==/com.feels-twVZykPd60NdJddbUWv_jw==/split_config.arm64_v8a.apk\", zip file \"/data/app/~~mod7R8gax5NFnr6WGLxbCA==/com.feels-twVZykPd60NdJddbUWv_jw==/split_config.en.apk\", zip file \"/data/app/~~mod7R8gax5NFnr6WGLxbCA==/com.feels-twVZykPd60NdJddbUWv_jw==/split_config.mdpi.apk\"],nativeLibraryDirectories=[/data/app/~~mod7R8gax5NFnr6WGLxbCA==/com.feels-twVZykPd60NdJddbUWv_jw==/lib/arm64, /data/app/~~mod7R8gax5NFnr6WGLxbCA==/com.feels-twVZykPd60NdJddbUWv_jw==/base.apk!/lib/arm64-v8a, /data/app/~~mod7R8gax5NFnr6WGLxbCA==/com.feels-twVZykPd60NdJddbUWv_jw==/split_config.arm64_v8a.apk!/lib/arm64-v8a, /data/app/~~mod7R8gax5NFnr6WGLxbCA==/com.feels-twVZykPd60NdJddbUWv_jw==/split_config.en.apk!/lib/arm64-v8a, /data/app/~~mod7R8gax5NFnr6WGLxbCA==/com.feels-twVZykPd60NdJddbUWv_jw==/split_config.mdpi.apk!/lib/arm64-v8a, /system/lib64, /system_ext/lib64]]"
},
{
    "type": "error",
    "source": "method",
    "method": "setGDPRConsent",
    "package_name": "com.feels",
    "class_name": "com.tappx.sdk.android.TappxPrivacyManager",
    "timestamp": 1728283922902,
    "error": "Error: java.lang.ClassNotFoundException: Didn't find class \"com.tappx.sdk.android.TappxPrivacyManager\" on path: DexPathList[[zip file \"/data/app/~~mod7R8gax5NFnr6WGLxbCA==/com.feels-twVZykPd60NdJddbUWv_jw==/base.apk\", zip file \"/data/app/~~mod7R8gax5NFnr6WGLxbCA==/com.feels-twVZykPd60NdJddbUWv_jw==/split_config.arm64_v8a.apk\", zip file \"/data/app/~~mod7R8gax5NFnr6WGLxbCA==/com.feels-twVZykPd60NdJddbUWv_jw==/split_config.en.apk\", zip file \"/data/app/~~mod7R8gax5NFnr6WGLxbCA==/com.feels-twVZykPd60NdJddbUWv_jw==/split_config.mdpi.apk\"],nativeLibraryDirectories=[/data/app/~~mod7R8gax5NFnr6WGLxbCA==/com.feels-twVZykPd60NdJddbUWv_jw==/lib/arm64, /data/app/~~mod7R8gax5NFnr6WGLxbCA==/com.feels-twVZykPd60NdJddbUWv_jw==/base.apk!/lib/arm64-v8a, /data/app/~~mod7R8gax5NFnr6WGLxbCA==/com.feels-twVZykPd60NdJddbUWv_jw==/split_config.arm64_v8a.apk!/lib/arm64-v8a, /data/app/~~mod7R8gax5NFnr6WGLxbCA==/com.feels-twVZykPd60NdJddbUWv_jw==/split_config.en.apk!/lib/arm64-v8a, /data/app/~~mod7R8gax5NFnr6WGLxbCA==/com.feels-twVZykPd60NdJddbUWv_jw==/split_config.mdpi.apk!/lib/arm64-v8a, /system/lib64, /system_ext/lib64]]"
},
{
    "type": "error",
    "source": "method",
    "method": "setCoppaCompliance",
    "package_name": "com.feels",
    "class_name": "com.tappx.sdk.android.Tappx",
    "timestamp": 1728283922906,
    "error": "Error: java.lang.ClassNotFoundException: Didn't find class \"com.tappx.sdk.android.Tappx\" on path: DexPathList[[zip file \"/data/app/~~mod7R8gax5NFnr6WGLxbCA==/com.feels-twVZykPd60NdJddbUWv_jw==/base.apk\", zip file \"/data/app/~~mod7R8gax5NFnr6WGLxbCA==/com.feels-twVZykPd60NdJddbUWv_jw==/split_config.arm64_v8a.apk\", zip file \"/data/app/~~mod7R8gax5NFnr6WGLxbCA==/com.feels-twVZykPd60NdJddbUWv_jw==/split_config.en.apk\", zip file \"/data/app/~~mod7R8gax5NFnr6WGLxbCA==/com.feels-twVZykPd60NdJddbUWv_jw==/split_config.mdpi.apk\"],nativeLibraryDirectories=[/data/app/~~mod7R8gax5NFnr6WGLxbCA==/com.feels-twVZykPd60NdJddbUWv_jw==/lib/arm64, /data/app/~~mod7R8gax5NFnr6WGLxbCA==/com.feels-twVZykPd60NdJddbUWv_jw==/base.apk!/lib/arm64-v8a, /data/app/~~mod7R8gax5NFnr6WGLxbCA==/com.feels-twVZykPd60NdJddbUWv_jw==/split_config.arm64_v8a.apk!/lib/arm64-v8a, /data/app/~~mod7R8gax5NFnr6WGLxbCA==/com.feels-twVZykPd60NdJddbUWv_jw==/split_config.en.apk!/lib/arm64-v8a, /data/app/~~mod7R8gax5NFnr6WGLxbCA==/com.feels-twVZykPd60NdJddbUWv_jw==/split_config.mdpi.apk!/lib/arm64-v8a, /system/lib64, /system_ext/lib64]]"
},
{
    "type": "error",
    "source": "method",
    "method": "setGlobalPrivacyPlatform",
    "package_name": "com.feels",
    "class_name": "com.tappx.sdk.android.TappxPrivacyManager",
    "timestamp": 1728283922910,
    "error": "Error: java.lang.ClassNotFoundException: Didn't find class \"com.tappx.sdk.android.TappxPrivacyManager\" on path: DexPathList[[zip file \"/data/app/~~mod7R8gax5NFnr6WGLxbCA==/com.feels-twVZykPd60NdJddbUWv_jw==/base.apk\", zip file \"/data/app/~~mod7R8gax5NFnr6WGLxbCA==/com.feels-twVZykPd60NdJddbUWv_jw==/split_config.arm64_v8a.apk\", zip file \"/data/app/~~mod7R8gax5NFnr6WGLxbCA==/com.feels-twVZykPd60NdJddbUWv_jw==/split_config.en.apk\", zip file \"/data/app/~~mod7R8gax5NFnr6WGLxbCA==/com.feels-twVZykPd60NdJddbUWv_jw==/split_config.mdpi.apk\"],nativeLibraryDirectories=[/data/app/~~mod7R8gax5NFnr6WGLxbCA==/com.feels-twVZykPd60NdJddbUWv_jw==/lib/arm64, /data/app/~~mod7R8gax5NFnr6WGLxbCA==/com.feels-twVZykPd60NdJddbUWv_jw==/base.apk!/lib/arm64-v8a, /data/app/~~mod7R8gax5NFnr6WGLxbCA==/com.feels-twVZykPd60NdJddbUWv_jw==/split_config.arm64_v8a.apk!/lib/arm64-v8a, /data/app/~~mod7R8gax5NFnr6WGLxbCA==/com.feels-twVZykPd60NdJddbUWv_jw==/split_config.en.apk!/lib/arm64-v8a, /data/app/~~mod7R8gax5NFnr6WGLxbCA==/com.feels-twVZykPd60NdJddbUWv_jw==/split_config.mdpi.apk!/lib/arm64-v8a, /system/lib64, /system_ext/lib64]]"
},
{
    "type": "error",
    "source": "method",
    "method": "optIn",
    "package_name": "com.feels",
    "class_name": "com.tenjin.android.TenjinSDK",
    "timestamp": 1728283922914,
    "error": "Error: java.lang.ClassNotFoundException: Didn't find class \"com.tenjin.android.TenjinSDK\" on path: DexPathList[[zip file \"/data/app/~~mod7R8gax5NFnr6WGLxbCA==/com.feels-twVZykPd60NdJddbUWv_jw==/base.apk\", zip file \"/data/app/~~mod7R8gax5NFnr6WGLxbCA==/com.feels-twVZykPd60NdJddbUWv_jw==/split_config.arm64_v8a.apk\", zip file \"/data/app/~~mod7R8gax5NFnr6WGLxbCA==/com.feels-twVZykPd60NdJddbUWv_jw==/split_config.en.apk\", zip file \"/data/app/~~mod7R8gax5NFnr6WGLxbCA==/com.feels-twVZykPd60NdJddbUWv_jw==/split_config.mdpi.apk\"],nativeLibraryDirectories=[/data/app/~~mod7R8gax5NFnr6WGLxbCA==/com.feels-twVZykPd60NdJddbUWv_jw==/lib/arm64, /data/app/~~mod7R8gax5NFnr6WGLxbCA==/com.feels-twVZykPd60NdJddbUWv_jw==/base.apk!/lib/arm64-v8a, /data/app/~~mod7R8gax5NFnr6WGLxbCA==/com.feels-twVZykPd60NdJddbUWv_jw==/split_config.arm64_v8a.apk!/lib/arm64-v8a, /data/app/~~mod7R8gax5NFnr6WGLxbCA==/com.feels-twVZykPd60NdJddbUWv_jw==/split_config.en.apk!/lib/arm64-v8a, /data/app/~~mod7R8gax5NFnr6WGLxbCA==/com.feels-twVZykPd60NdJddbUWv_jw==/split_config.mdpi.apk!/lib/arm64-v8a, /system/lib64, /system_ext/lib64]]"
},
{
    "type": "error",
    "source": "method",
    "method": "optOut",
    "package_name": "com.feels",
    "class_name": "com.tenjin.android.TenjinSDK",
    "timestamp": 1728283922918,
    "error": "Error: java.lang.ClassNotFoundException: Didn't find class \"com.tenjin.android.TenjinSDK\" on path: DexPathList[[zip file \"/data/app/~~mod7R8gax5NFnr6WGLxbCA==/com.feels-twVZykPd60NdJddbUWv_jw==/base.apk\", zip file \"/data/app/~~mod7R8gax5NFnr6WGLxbCA==/com.feels-twVZykPd60NdJddbUWv_jw==/split_config.arm64_v8a.apk\", zip file \"/data/app/~~mod7R8gax5NFnr6WGLxbCA==/com.feels-twVZykPd60NdJddbUWv_jw==/split_config.en.apk\", zip file \"/data/app/~~mod7R8gax5NFnr6WGLxbCA==/com.feels-twVZykPd60NdJddbUWv_jw==/split_config.mdpi.apk\"],nativeLibraryDirectories=[/data/app/~~mod7R8gax5NFnr6WGLxbCA==/com.feels-twVZykPd60NdJddbUWv_jw==/lib/arm64, /data/app/~~mod7R8gax5NFnr6WGLxbCA==/com.feels-twVZykPd60NdJddbUWv_jw==/base.apk!/lib/arm64-v8a, /data/app/~~mod7R8gax5NFnr6WGLxbCA==/com.feels-twVZykPd60NdJddbUWv_jw==/split_config.arm64_v8a.apk!/lib/arm64-v8a, /data/app/~~mod7R8gax5NFnr6WGLxbCA==/com.feels-twVZykPd60NdJddbUWv_jw==/split_config.en.apk!/lib/arm64-v8a, /data/app/~~mod7R8gax5NFnr6WGLxbCA==/com.feels-twVZykPd60NdJddbUWv_jw==/split_config.mdpi.apk!/lib/arm64-v8a, /system/lib64, /system_ext/lib64]]"
},
{
    "type": "error",
    "source": "method",
    "method": "optInParams",
    "package_name": "com.feels",
    "class_name": "com.tenjin.android.TenjinSDK",
    "timestamp": 1728283922921,
    "error": "Error: java.lang.ClassNotFoundException: Didn't find class \"com.tenjin.android.TenjinSDK\" on path: DexPathList[[zip file \"/data/app/~~mod7R8gax5NFnr6WGLxbCA==/com.feels-twVZykPd60NdJddbUWv_jw==/base.apk\", zip file \"/data/app/~~mod7R8gax5NFnr6WGLxbCA==/com.feels-twVZykPd60NdJddbUWv_jw==/split_config.arm64_v8a.apk\", zip file \"/data/app/~~mod7R8gax5NFnr6WGLxbCA==/com.feels-twVZykPd60NdJddbUWv_jw==/split_config.en.apk\", zip file \"/data/app/~~mod7R8gax5NFnr6WGLxbCA==/com.feels-twVZykPd60NdJddbUWv_jw==/split_config.mdpi.apk\"],nativeLibraryDirectories=[/data/app/~~mod7R8gax5NFnr6WGLxbCA==/com.feels-twVZykPd60NdJddbUWv_jw==/lib/arm64, /data/app/~~mod7R8gax5NFnr6WGLxbCA==/com.feels-twVZykPd60NdJddbUWv_jw==/base.apk!/lib/arm64-v8a, /data/app/~~mod7R8gax5NFnr6WGLxbCA==/com.feels-twVZykPd60NdJddbUWv_jw==/split_config.arm64_v8a.apk!/lib/arm64-v8a, /data/app/~~mod7R8gax5NFnr6WGLxbCA==/com.feels-twVZykPd60NdJddbUWv_jw==/split_config.en.apk!/lib/arm64-v8a, /data/app/~~mod7R8gax5NFnr6WGLxbCA==/com.feels-twVZykPd60NdJddbUWv_jw==/split_config.mdpi.apk!/lib/arm64-v8a, /system/lib64, /system_ext/lib64]]"
},
{
    "type": "error",
    "source": "method",
    "method": "optOutParams",
    "package_name": "com.feels",
    "class_name": "com.tenjin.android.TenjinSDK",
    "timestamp": 1728283922925,
    "error": "Error: java.lang.ClassNotFoundException: Didn't find class \"com.tenjin.android.TenjinSDK\" on path: DexPathList[[zip file \"/data/app/~~mod7R8gax5NFnr6WGLxbCA==/com.feels-twVZykPd60NdJddbUWv_jw==/base.apk\", zip file \"/data/app/~~mod7R8gax5NFnr6WGLxbCA==/com.feels-twVZykPd60NdJddbUWv_jw==/split_config.arm64_v8a.apk\", zip file \"/data/app/~~mod7R8gax5NFnr6WGLxbCA==/com.feels-twVZykPd60NdJddbUWv_jw==/split_config.en.apk\", zip file \"/data/app/~~mod7R8gax5NFnr6WGLxbCA==/com.feels-twVZykPd60NdJddbUWv_jw==/split_config.mdpi.apk\"],nativeLibraryDirectories=[/data/app/~~mod7R8gax5NFnr6WGLxbCA==/com.feels-twVZykPd60NdJddbUWv_jw==/lib/arm64, /data/app/~~mod7R8gax5NFnr6WGLxbCA==/com.feels-twVZykPd60NdJddbUWv_jw==/base.apk!/lib/arm64-v8a, /data/app/~~mod7R8gax5NFnr6WGLxbCA==/com.feels-twVZykPd60NdJddbUWv_jw==/split_config.arm64_v8a.apk!/lib/arm64-v8a, /data/app/~~mod7R8gax5NFnr6WGLxbCA==/com.feels-twVZykPd60NdJddbUWv_jw==/split_config.en.apk!/lib/arm64-v8a, /data/app/~~mod7R8gax5NFnr6WGLxbCA==/com.feels-twVZykPd60NdJddbUWv_jw==/split_config.mdpi.apk!/lib/arm64-v8a, /system/lib64, /system_ext/lib64]]"
},
{
    "type": "error",
    "source": "method",
    "method": "setGoogleDMAParameters",
    "package_name": "com.feels",
    "class_name": "com.tenjin.android.TenjinSDK",
    "timestamp": 1728283922928,
    "error": "Error: java.lang.ClassNotFoundException: Didn't find class \"com.tenjin.android.TenjinSDK\" on path: DexPathList[[zip file \"/data/app/~~mod7R8gax5NFnr6WGLxbCA==/com.feels-twVZykPd60NdJddbUWv_jw==/base.apk\", zip file \"/data/app/~~mod7R8gax5NFnr6WGLxbCA==/com.feels-twVZykPd60NdJddbUWv_jw==/split_config.arm64_v8a.apk\", zip file \"/data/app/~~mod7R8gax5NFnr6WGLxbCA==/com.feels-twVZykPd60NdJddbUWv_jw==/split_config.en.apk\", zip file \"/data/app/~~mod7R8gax5NFnr6WGLxbCA==/com.feels-twVZykPd60NdJddbUWv_jw==/split_config.mdpi.apk\"],nativeLibraryDirectories=[/data/app/~~mod7R8gax5NFnr6WGLxbCA==/com.feels-twVZykPd60NdJddbUWv_jw==/lib/arm64, /data/app/~~mod7R8gax5NFnr6WGLxbCA==/com.feels-twVZykPd60NdJddbUWv_jw==/base.apk!/lib/arm64-v8a, /data/app/~~mod7R8gax5NFnr6WGLxbCA==/com.feels-twVZykPd60NdJddbUWv_jw==/split_config.arm64_v8a.apk!/lib/arm64-v8a, /data/app/~~mod7R8gax5NFnr6WGLxbCA==/com.feels-twVZykPd60NdJddbUWv_jw==/split_config.en.apk!/lib/arm64-v8a, /data/app/~~mod7R8gax5NFnr6WGLxbCA==/com.feels-twVZykPd60NdJddbUWv_jw==/split_config.mdpi.apk!/lib/arm64-v8a, /system/lib64, /system_ext/lib64]]"
},
{
    "type": "error",
    "source": "method",
    "method": "optInGoogleDMA",
    "package_name": "com.feels",
    "class_name": "com.tenjin.android.TenjinSDK",
    "timestamp": 1728283922932,
    "error": "Error: java.lang.ClassNotFoundException: Didn't find class \"com.tenjin.android.TenjinSDK\" on path: DexPathList[[zip file \"/data/app/~~mod7R8gax5NFnr6WGLxbCA==/com.feels-twVZykPd60NdJddbUWv_jw==/base.apk\", zip file \"/data/app/~~mod7R8gax5NFnr6WGLxbCA==/com.feels-twVZykPd60NdJddbUWv_jw==/split_config.arm64_v8a.apk\", zip file \"/data/app/~~mod7R8gax5NFnr6WGLxbCA==/com.feels-twVZykPd60NdJddbUWv_jw==/split_config.en.apk\", zip file \"/data/app/~~mod7R8gax5NFnr6WGLxbCA==/com.feels-twVZykPd60NdJddbUWv_jw==/split_config.mdpi.apk\"],nativeLibraryDirectories=[/data/app/~~mod7R8gax5NFnr6WGLxbCA==/com.feels-twVZykPd60NdJddbUWv_jw==/lib/arm64, /data/app/~~mod7R8gax5NFnr6WGLxbCA==/com.feels-twVZykPd60NdJddbUWv_jw==/base.apk!/lib/arm64-v8a, /data/app/~~mod7R8gax5NFnr6WGLxbCA==/com.feels-twVZykPd60NdJddbUWv_jw==/split_config.arm64_v8a.apk!/lib/arm64-v8a, /data/app/~~mod7R8gax5NFnr6WGLxbCA==/com.feels-twVZykPd60NdJddbUWv_jw==/split_config.en.apk!/lib/arm64-v8a, /data/app/~~mod7R8gax5NFnr6WGLxbCA==/com.feels-twVZykPd60NdJddbUWv_jw==/split_config.mdpi.apk!/lib/arm64-v8a, /system/lib64, /system_ext/lib64]]"
},
{
    "type": "error",
    "source": "method",
    "method": "optOutGoogleDMA",
    "package_name": "com.feels",
    "class_name": "com.tenjin.android.TenjinSDK",
    "timestamp": 1728283922936,
    "error": "Error: java.lang.ClassNotFoundException: Didn't find class \"com.tenjin.android.TenjinSDK\" on path: DexPathList[[zip file \"/data/app/~~mod7R8gax5NFnr6WGLxbCA==/com.feels-twVZykPd60NdJddbUWv_jw==/base.apk\", zip file \"/data/app/~~mod7R8gax5NFnr6WGLxbCA==/com.feels-twVZykPd60NdJddbUWv_jw==/split_config.arm64_v8a.apk\", zip file \"/data/app/~~mod7R8gax5NFnr6WGLxbCA==/com.feels-twVZykPd60NdJddbUWv_jw==/split_config.en.apk\", zip file \"/data/app/~~mod7R8gax5NFnr6WGLxbCA==/com.feels-twVZykPd60NdJddbUWv_jw==/split_config.mdpi.apk\"],nativeLibraryDirectories=[/data/app/~~mod7R8gax5NFnr6WGLxbCA==/com.feels-twVZykPd60NdJddbUWv_jw==/lib/arm64, /data/app/~~mod7R8gax5NFnr6WGLxbCA==/com.feels-twVZykPd60NdJddbUWv_jw==/base.apk!/lib/arm64-v8a, /data/app/~~mod7R8gax5NFnr6WGLxbCA==/com.feels-twVZykPd60NdJddbUWv_jw==/split_config.arm64_v8a.apk!/lib/arm64-v8a, /data/app/~~mod7R8gax5NFnr6WGLxbCA==/com.feels-twVZykPd60NdJddbUWv_jw==/split_config.en.apk!/lib/arm64-v8a, /data/app/~~mod7R8gax5NFnr6WGLxbCA==/com.feels-twVZykPd60NdJddbUWv_jw==/split_config.mdpi.apk!/lib/arm64-v8a, /system/lib64, /system_ext/lib64]]"
},
{
    "type": "error",
    "source": "method",
    "method": "deniedUploadDeviceInfo",
    "package_name": "com.feels",
    "class_name": "com.anythink.core.api.ATSDK",
    "timestamp": 1728283922939,
    "error": "Error: java.lang.ClassNotFoundException: Didn't find class \"com.anythink.core.api.ATSDK\" on path: DexPathList[[zip file \"/data/app/~~mod7R8gax5NFnr6WGLxbCA==/com.feels-twVZykPd60NdJddbUWv_jw==/base.apk\", zip file \"/data/app/~~mod7R8gax5NFnr6WGLxbCA==/com.feels-twVZykPd60NdJddbUWv_jw==/split_config.arm64_v8a.apk\", zip file \"/data/app/~~mod7R8gax5NFnr6WGLxbCA==/com.feels-twVZykPd60NdJddbUWv_jw==/split_config.en.apk\", zip file \"/data/app/~~mod7R8gax5NFnr6WGLxbCA==/com.feels-twVZykPd60NdJddbUWv_jw==/split_config.mdpi.apk\"],nativeLibraryDirectories=[/data/app/~~mod7R8gax5NFnr6WGLxbCA==/com.feels-twVZykPd60NdJddbUWv_jw==/lib/arm64, /data/app/~~mod7R8gax5NFnr6WGLxbCA==/com.feels-twVZykPd60NdJddbUWv_jw==/base.apk!/lib/arm64-v8a, /data/app/~~mod7R8gax5NFnr6WGLxbCA==/com.feels-twVZykPd60NdJddbUWv_jw==/split_config.arm64_v8a.apk!/lib/arm64-v8a, /data/app/~~mod7R8gax5NFnr6WGLxbCA==/com.feels-twVZykPd60NdJddbUWv_jw==/split_config.en.apk!/lib/arm64-v8a, /data/app/~~mod7R8gax5NFnr6WGLxbCA==/com.feels-twVZykPd60NdJddbUWv_jw==/split_config.mdpi.apk!/lib/arm64-v8a, /system/lib64, /system_ext/lib64]]"
},
{
    "type": "error",
    "source": "method",
    "method": "setGDPRUploadDataLevel",
    "package_name": "com.feels",
    "class_name": "com.anythink.core.api.ATSDK",
    "timestamp": 1728283922943,
    "error": "Error: java.lang.ClassNotFoundException: Didn't find class \"com.anythink.core.api.ATSDK\" on path: DexPathList[[zip file \"/data/app/~~mod7R8gax5NFnr6WGLxbCA==/com.feels-twVZykPd60NdJddbUWv_jw==/base.apk\", zip file \"/data/app/~~mod7R8gax5NFnr6WGLxbCA==/com.feels-twVZykPd60NdJddbUWv_jw==/split_config.arm64_v8a.apk\", zip file \"/data/app/~~mod7R8gax5NFnr6WGLxbCA==/com.feels-twVZykPd60NdJddbUWv_jw==/split_config.en.apk\", zip file \"/data/app/~~mod7R8gax5NFnr6WGLxbCA==/com.feels-twVZykPd60NdJddbUWv_jw==/split_config.mdpi.apk\"],nativeLibraryDirectories=[/data/app/~~mod7R8gax5NFnr6WGLxbCA==/com.feels-twVZykPd60NdJddbUWv_jw==/lib/arm64, /data/app/~~mod7R8gax5NFnr6WGLxbCA==/com.feels-twVZykPd60NdJddbUWv_jw==/base.apk!/lib/arm64-v8a, /data/app/~~mod7R8gax5NFnr6WGLxbCA==/com.feels-twVZykPd60NdJddbUWv_jw==/split_config.arm64_v8a.apk!/lib/arm64-v8a, /data/app/~~mod7R8gax5NFnr6WGLxbCA==/com.feels-twVZykPd60NdJddbUWv_jw==/split_config.en.apk!/lib/arm64-v8a, /data/app/~~mod7R8gax5NFnr6WGLxbCA==/com.feels-twVZykPd60NdJddbUWv_jw==/split_config.mdpi.apk!/lib/arm64-v8a, /system/lib64, /system_ext/lib64]]"
},
{
    "type": "error",
    "source": "method",
    "method": "showGdprAuth",
    "package_name": "com.feels",
    "class_name": "com.anythink.core.api.ATSDK",
    "timestamp": 1728283922947,
    "error": "Error: java.lang.ClassNotFoundException: Didn't find class \"com.anythink.core.api.ATSDK\" on path: DexPathList[[zip file \"/data/app/~~mod7R8gax5NFnr6WGLxbCA==/com.feels-twVZykPd60NdJddbUWv_jw==/base.apk\", zip file \"/data/app/~~mod7R8gax5NFnr6WGLxbCA==/com.feels-twVZykPd60NdJddbUWv_jw==/split_config.arm64_v8a.apk\", zip file \"/data/app/~~mod7R8gax5NFnr6WGLxbCA==/com.feels-twVZykPd60NdJddbUWv_jw==/split_config.en.apk\", zip file \"/data/app/~~mod7R8gax5NFnr6WGLxbCA==/com.feels-twVZykPd60NdJddbUWv_jw==/split_config.mdpi.apk\"],nativeLibraryDirectories=[/data/app/~~mod7R8gax5NFnr6WGLxbCA==/com.feels-twVZykPd60NdJddbUWv_jw==/lib/arm64, /data/app/~~mod7R8gax5NFnr6WGLxbCA==/com.feels-twVZykPd60NdJddbUWv_jw==/base.apk!/lib/arm64-v8a, /data/app/~~mod7R8gax5NFnr6WGLxbCA==/com.feels-twVZykPd60NdJddbUWv_jw==/split_config.arm64_v8a.apk!/lib/arm64-v8a, /data/app/~~mod7R8gax5NFnr6WGLxbCA==/com.feels-twVZykPd60NdJddbUWv_jw==/split_config.en.apk!/lib/arm64-v8a, /data/app/~~mod7R8gax5NFnr6WGLxbCA==/com.feels-twVZykPd60NdJddbUWv_jw==/split_config.mdpi.apk!/lib/arm64-v8a, /system/lib64, /system_ext/lib64]]"
},
{
    "type": "error",
    "source": "method",
    "method": "setCCPADoNotSell",
    "package_name": "com.feels",
    "class_name": "com.tradplus.ads.open.TradPlusSdk",
    "timestamp": 1728283922951,
    "error": "Error: java.lang.ClassNotFoundException: Didn't find class \"com.tradplus.ads.open.TradPlusSdk\" on path: DexPathList[[zip file \"/data/app/~~mod7R8gax5NFnr6WGLxbCA==/com.feels-twVZykPd60NdJddbUWv_jw==/base.apk\", zip file \"/data/app/~~mod7R8gax5NFnr6WGLxbCA==/com.feels-twVZykPd60NdJddbUWv_jw==/split_config.arm64_v8a.apk\", zip file \"/data/app/~~mod7R8gax5NFnr6WGLxbCA==/com.feels-twVZykPd60NdJddbUWv_jw==/split_config.en.apk\", zip file \"/data/app/~~mod7R8gax5NFnr6WGLxbCA==/com.feels-twVZykPd60NdJddbUWv_jw==/split_config.mdpi.apk\"],nativeLibraryDirectories=[/data/app/~~mod7R8gax5NFnr6WGLxbCA==/com.feels-twVZykPd60NdJddbUWv_jw==/lib/arm64, /data/app/~~mod7R8gax5NFnr6WGLxbCA==/com.feels-twVZykPd60NdJddbUWv_jw==/base.apk!/lib/arm64-v8a, /data/app/~~mod7R8gax5NFnr6WGLxbCA==/com.feels-twVZykPd60NdJddbUWv_jw==/split_config.arm64_v8a.apk!/lib/arm64-v8a, /data/app/~~mod7R8gax5NFnr6WGLxbCA==/com.feels-twVZykPd60NdJddbUWv_jw==/split_config.en.apk!/lib/arm64-v8a, /data/app/~~mod7R8gax5NFnr6WGLxbCA==/com.feels-twVZykPd60NdJddbUWv_jw==/split_config.mdpi.apk!/lib/arm64-v8a, /system/lib64, /system_ext/lib64]]"
},
{
    "type": "error",
    "source": "method",
    "method": "setCOPPAIsAgeRestrictedUser",
    "package_name": "com.feels",
    "class_name": "com.tradplus.ads.open.TradPlusSdk",
    "timestamp": 1728283922955,
    "error": "Error: java.lang.ClassNotFoundException: Didn't find class \"com.tradplus.ads.open.TradPlusSdk\" on path: DexPathList[[zip file \"/data/app/~~mod7R8gax5NFnr6WGLxbCA==/com.feels-twVZykPd60NdJddbUWv_jw==/base.apk\", zip file \"/data/app/~~mod7R8gax5NFnr6WGLxbCA==/com.feels-twVZykPd60NdJddbUWv_jw==/split_config.arm64_v8a.apk\", zip file \"/data/app/~~mod7R8gax5NFnr6WGLxbCA==/com.feels-twVZykPd60NdJddbUWv_jw==/split_config.en.apk\", zip file \"/data/app/~~mod7R8gax5NFnr6WGLxbCA==/com.feels-twVZykPd60NdJddbUWv_jw==/split_config.mdpi.apk\"],nativeLibraryDirectories=[/data/app/~~mod7R8gax5NFnr6WGLxbCA==/com.feels-twVZykPd60NdJddbUWv_jw==/lib/arm64, /data/app/~~mod7R8gax5NFnr6WGLxbCA==/com.feels-twVZykPd60NdJddbUWv_jw==/base.apk!/lib/arm64-v8a, /data/app/~~mod7R8gax5NFnr6WGLxbCA==/com.feels-twVZykPd60NdJddbUWv_jw==/split_config.arm64_v8a.apk!/lib/arm64-v8a, /data/app/~~mod7R8gax5NFnr6WGLxbCA==/com.feels-twVZykPd60NdJddbUWv_jw==/split_config.en.apk!/lib/arm64-v8a, /data/app/~~mod7R8gax5NFnr6WGLxbCA==/com.feels-twVZykPd60NdJddbUWv_jw==/split_config.mdpi.apk!/lib/arm64-v8a, /system/lib64, /system_ext/lib64]]"
},
{
    "type": "error",
    "source": "method",
    "method": "setGDPRDataCollection",
    "package_name": "com.feels",
    "class_name": "com.tradplus.ads.open.TradPlusSdk",
    "timestamp": 1728283922959,
    "error": "Error: java.lang.ClassNotFoundException: Didn't find class \"com.tradplus.ads.open.TradPlusSdk\" on path: DexPathList[[zip file \"/data/app/~~mod7R8gax5NFnr6WGLxbCA==/com.feels-twVZykPd60NdJddbUWv_jw==/base.apk\", zip file \"/data/app/~~mod7R8gax5NFnr6WGLxbCA==/com.feels-twVZykPd60NdJddbUWv_jw==/split_config.arm64_v8a.apk\", zip file \"/data/app/~~mod7R8gax5NFnr6WGLxbCA==/com.feels-twVZykPd60NdJddbUWv_jw==/split_config.en.apk\", zip file \"/data/app/~~mod7R8gax5NFnr6WGLxbCA==/com.feels-twVZykPd60NdJddbUWv_jw==/split_config.mdpi.apk\"],nativeLibraryDirectories=[/data/app/~~mod7R8gax5NFnr6WGLxbCA==/com.feels-twVZykPd60NdJddbUWv_jw==/lib/arm64, /data/app/~~mod7R8gax5NFnr6WGLxbCA==/com.feels-twVZykPd60NdJddbUWv_jw==/base.apk!/lib/arm64-v8a, /data/app/~~mod7R8gax5NFnr6WGLxbCA==/com.feels-twVZykPd60NdJddbUWv_jw==/split_config.arm64_v8a.apk!/lib/arm64-v8a, /data/app/~~mod7R8gax5NFnr6WGLxbCA==/com.feels-twVZykPd60NdJddbUWv_jw==/split_config.en.apk!/lib/arm64-v8a, /data/app/~~mod7R8gax5NFnr6WGLxbCA==/com.feels-twVZykPd60NdJddbUWv_jw==/split_config.mdpi.apk!/lib/arm64-v8a, /system/lib64, /system_ext/lib64]]"
},
{
    "type": "error",
    "source": "method",
    "method": "setLGPDConsent",
    "package_name": "com.feels",
    "class_name": "com.tradplus.ads.open.TradPlusSdk",
    "timestamp": 1728283922963,
    "error": "Error: java.lang.ClassNotFoundException: Didn't find class \"com.tradplus.ads.open.TradPlusSdk\" on path: DexPathList[[zip file \"/data/app/~~mod7R8gax5NFnr6WGLxbCA==/com.feels-twVZykPd60NdJddbUWv_jw==/base.apk\", zip file \"/data/app/~~mod7R8gax5NFnr6WGLxbCA==/com.feels-twVZykPd60NdJddbUWv_jw==/split_config.arm64_v8a.apk\", zip file \"/data/app/~~mod7R8gax5NFnr6WGLxbCA==/com.feels-twVZykPd60NdJddbUWv_jw==/split_config.en.apk\", zip file \"/data/app/~~mod7R8gax5NFnr6WGLxbCA==/com.feels-twVZykPd60NdJddbUWv_jw==/split_config.mdpi.apk\"],nativeLibraryDirectories=[/data/app/~~mod7R8gax5NFnr6WGLxbCA==/com.feels-twVZykPd60NdJddbUWv_jw==/lib/arm64, /data/app/~~mod7R8gax5NFnr6WGLxbCA==/com.feels-twVZykPd60NdJddbUWv_jw==/base.apk!/lib/arm64-v8a, /data/app/~~mod7R8gax5NFnr6WGLxbCA==/com.feels-twVZykPd60NdJddbUWv_jw==/split_config.arm64_v8a.apk!/lib/arm64-v8a, /data/app/~~mod7R8gax5NFnr6WGLxbCA==/com.feels-twVZykPd60NdJddbUWv_jw==/split_config.en.apk!/lib/arm64-v8a, /data/app/~~mod7R8gax5NFnr6WGLxbCA==/com.feels-twVZykPd60NdJddbUWv_jw==/split_config.mdpi.apk!/lib/arm64-v8a, /system/lib64, /system_ext/lib64]]"
},
{
    "type": "error",
    "source": "method",
    "method": "SetMetaData",
    "package_name": "com.feels",
    "class_name": "com.unity3d.ads.metadata.MetaData",
    "timestamp": 1728283922967,
    "error": "Error: java.lang.ClassNotFoundException: Didn't find class \"com.unity3d.ads.metadata.MetaData\" on path: DexPathList[[zip file \"/data/app/~~mod7R8gax5NFnr6WGLxbCA==/com.feels-twVZykPd60NdJddbUWv_jw==/base.apk\", zip file \"/data/app/~~mod7R8gax5NFnr6WGLxbCA==/com.feels-twVZykPd60NdJddbUWv_jw==/split_config.arm64_v8a.apk\", zip file \"/data/app/~~mod7R8gax5NFnr6WGLxbCA==/com.feels-twVZykPd60NdJddbUWv_jw==/split_config.en.apk\", zip file \"/data/app/~~mod7R8gax5NFnr6WGLxbCA==/com.feels-twVZykPd60NdJddbUWv_jw==/split_config.mdpi.apk\"],nativeLibraryDirectories=[/data/app/~~mod7R8gax5NFnr6WGLxbCA==/com.feels-twVZykPd60NdJddbUWv_jw==/lib/arm64, /data/app/~~mod7R8gax5NFnr6WGLxbCA==/com.feels-twVZykPd60NdJddbUWv_jw==/base.apk!/lib/arm64-v8a, /data/app/~~mod7R8gax5NFnr6WGLxbCA==/com.feels-twVZykPd60NdJddbUWv_jw==/split_config.arm64_v8a.apk!/lib/arm64-v8a, /data/app/~~mod7R8gax5NFnr6WGLxbCA==/com.feels-twVZykPd60NdJddbUWv_jw==/split_config.en.apk!/lib/arm64-v8a, /data/app/~~mod7R8gax5NFnr6WGLxbCA==/com.feels-twVZykPd60NdJddbUWv_jw==/split_config.mdpi.apk!/lib/arm64-v8a, /system/lib64, /system_ext/lib64]]"
},
{
    "type": "error",
    "source": "method",
    "method": "setEnabled",
    "package_name": "com.feels",
    "class_name": "com.microsoft.appcenter.AppCenter",
    "timestamp": 1728283922971,
    "error": "Error: java.lang.ClassNotFoundException: Didn't find class \"com.microsoft.appcenter.AppCenter\" on path: DexPathList[[zip file \"/data/app/~~mod7R8gax5NFnr6WGLxbCA==/com.feels-twVZykPd60NdJddbUWv_jw==/base.apk\", zip file \"/data/app/~~mod7R8gax5NFnr6WGLxbCA==/com.feels-twVZykPd60NdJddbUWv_jw==/split_config.arm64_v8a.apk\", zip file \"/data/app/~~mod7R8gax5NFnr6WGLxbCA==/com.feels-twVZykPd60NdJddbUWv_jw==/split_config.en.apk\", zip file \"/data/app/~~mod7R8gax5NFnr6WGLxbCA==/com.feels-twVZykPd60NdJddbUWv_jw==/split_config.mdpi.apk\"],nativeLibraryDirectories=[/data/app/~~mod7R8gax5NFnr6WGLxbCA==/com.feels-twVZykPd60NdJddbUWv_jw==/lib/arm64, /data/app/~~mod7R8gax5NFnr6WGLxbCA==/com.feels-twVZykPd60NdJddbUWv_jw==/base.apk!/lib/arm64-v8a, /data/app/~~mod7R8gax5NFnr6WGLxbCA==/com.feels-twVZykPd60NdJddbUWv_jw==/split_config.arm64_v8a.apk!/lib/arm64-v8a, /data/app/~~mod7R8gax5NFnr6WGLxbCA==/com.feels-twVZykPd60NdJddbUWv_jw==/split_config.en.apk!/lib/arm64-v8a, /data/app/~~mod7R8gax5NFnr6WGLxbCA==/com.feels-twVZykPd60NdJddbUWv_jw==/split_config.mdpi.apk!/lib/arm64-v8a, /system/lib64, /system_ext/lib64]]"
},
{
    "type": "error",
    "source": "method",
    "method": "setNetworkRequestsAllowed",
    "package_name": "com.feels",
    "class_name": "com.microsoft.appcenter.AppCenter",
    "timestamp": 1728283922974,
    "error": "Error: java.lang.ClassNotFoundException: Didn't find class \"com.microsoft.appcenter.AppCenter\" on path: DexPathList[[zip file \"/data/app/~~mod7R8gax5NFnr6WGLxbCA==/com.feels-twVZykPd60NdJddbUWv_jw==/base.apk\", zip file \"/data/app/~~mod7R8gax5NFnr6WGLxbCA==/com.feels-twVZykPd60NdJddbUWv_jw==/split_config.arm64_v8a.apk\", zip file \"/data/app/~~mod7R8gax5NFnr6WGLxbCA==/com.feels-twVZykPd60NdJddbUWv_jw==/split_config.en.apk\", zip file \"/data/app/~~mod7R8gax5NFnr6WGLxbCA==/com.feels-twVZykPd60NdJddbUWv_jw==/split_config.mdpi.apk\"],nativeLibraryDirectories=[/data/app/~~mod7R8gax5NFnr6WGLxbCA==/com.feels-twVZykPd60NdJddbUWv_jw==/lib/arm64, /data/app/~~mod7R8gax5NFnr6WGLxbCA==/com.feels-twVZykPd60NdJddbUWv_jw==/base.apk!/lib/arm64-v8a, /data/app/~~mod7R8gax5NFnr6WGLxbCA==/com.feels-twVZykPd60NdJddbUWv_jw==/split_config.arm64_v8a.apk!/lib/arm64-v8a, /data/app/~~mod7R8gax5NFnr6WGLxbCA==/com.feels-twVZykPd60NdJddbUWv_jw==/split_config.en.apk!/lib/arm64-v8a, /data/app/~~mod7R8gax5NFnr6WGLxbCA==/com.feels-twVZykPd60NdJddbUWv_jw==/split_config.mdpi.apk!/lib/arm64-v8a, /system/lib64, /system_ext/lib64]]"
},
{
    "type": "error",
    "source": "method",
    "method": "notifyUserConfirmation",
    "package_name": "com.feels",
    "class_name": "com.microsoft.appcenter.crashes.Crashes",
    "timestamp": 1728283922978,
    "error": "Error: java.lang.ClassNotFoundException: Didn't find class \"com.microsoft.appcenter.crashes.Crashes\" on path: DexPathList[[zip file \"/data/app/~~mod7R8gax5NFnr6WGLxbCA==/com.feels-twVZykPd60NdJddbUWv_jw==/base.apk\", zip file \"/data/app/~~mod7R8gax5NFnr6WGLxbCA==/com.feels-twVZykPd60NdJddbUWv_jw==/split_config.arm64_v8a.apk\", zip file \"/data/app/~~mod7R8gax5NFnr6WGLxbCA==/com.feels-twVZykPd60NdJddbUWv_jw==/split_config.en.apk\", zip file \"/data/app/~~mod7R8gax5NFnr6WGLxbCA==/com.feels-twVZykPd60NdJddbUWv_jw==/split_config.mdpi.apk\"],nativeLibraryDirectories=[/data/app/~~mod7R8gax5NFnr6WGLxbCA==/com.feels-twVZykPd60NdJddbUWv_jw==/lib/arm64, /data/app/~~mod7R8gax5NFnr6WGLxbCA==/com.feels-twVZykPd60NdJddbUWv_jw==/base.apk!/lib/arm64-v8a, /data/app/~~mod7R8gax5NFnr6WGLxbCA==/com.feels-twVZykPd60NdJddbUWv_jw==/split_config.arm64_v8a.apk!/lib/arm64-v8a, /data/app/~~mod7R8gax5NFnr6WGLxbCA==/com.feels-twVZykPd60NdJddbUWv_jw==/split_config.en.apk!/lib/arm64-v8a, /data/app/~~mod7R8gax5NFnr6WGLxbCA==/com.feels-twVZykPd60NdJddbUWv_jw==/split_config.mdpi.apk!/lib/arm64-v8a, /system/lib64, /system_ext/lib64]]"
},
{
    "type": "error",
    "source": "method",
    "method": "setLocation",
    "package_name": "com.feels",
    "class_name": "com.vpon.ads.VponAdRequest$Builder",
    "timestamp": 1728283922982,
    "error": "Error: java.lang.ClassNotFoundException: Didn't find class \"com.vpon.ads.VponAdRequest$Builder\" on path: DexPathList[[zip file \"/data/app/~~mod7R8gax5NFnr6WGLxbCA==/com.feels-twVZykPd60NdJddbUWv_jw==/base.apk\", zip file \"/data/app/~~mod7R8gax5NFnr6WGLxbCA==/com.feels-twVZykPd60NdJddbUWv_jw==/split_config.arm64_v8a.apk\", zip file \"/data/app/~~mod7R8gax5NFnr6WGLxbCA==/com.feels-twVZykPd60NdJddbUWv_jw==/split_config.en.apk\", zip file \"/data/app/~~mod7R8gax5NFnr6WGLxbCA==/com.feels-twVZykPd60NdJddbUWv_jw==/split_config.mdpi.apk\"],nativeLibraryDirectories=[/data/app/~~mod7R8gax5NFnr6WGLxbCA==/com.feels-twVZykPd60NdJddbUWv_jw==/lib/arm64, /data/app/~~mod7R8gax5NFnr6WGLxbCA==/com.feels-twVZykPd60NdJddbUWv_jw==/base.apk!/lib/arm64-v8a, /data/app/~~mod7R8gax5NFnr6WGLxbCA==/com.feels-twVZykPd60NdJddbUWv_jw==/split_config.arm64_v8a.apk!/lib/arm64-v8a, /data/app/~~mod7R8gax5NFnr6WGLxbCA==/com.feels-twVZykPd60NdJddbUWv_jw==/split_config.en.apk!/lib/arm64-v8a, /data/app/~~mod7R8gax5NFnr6WGLxbCA==/com.feels-twVZykPd60NdJddbUWv_jw==/split_config.mdpi.apk!/lib/arm64-v8a, /system/lib64, /system_ext/lib64]]"
},
{
    "type": "error",
    "source": "method",
    "method": "setMaxAdContentRating",
    "package_name": "com.feels",
    "class_name": "com.vpon.ads.VponAdRequest$Builder",
    "timestamp": 1728283922985,
    "error": "Error: java.lang.ClassNotFoundException: Didn't find class \"com.vpon.ads.VponAdRequest$Builder\" on path: DexPathList[[zip file \"/data/app/~~mod7R8gax5NFnr6WGLxbCA==/com.feels-twVZykPd60NdJddbUWv_jw==/base.apk\", zip file \"/data/app/~~mod7R8gax5NFnr6WGLxbCA==/com.feels-twVZykPd60NdJddbUWv_jw==/split_config.arm64_v8a.apk\", zip file \"/data/app/~~mod7R8gax5NFnr6WGLxbCA==/com.feels-twVZykPd60NdJddbUWv_jw==/split_config.en.apk\", zip file \"/data/app/~~mod7R8gax5NFnr6WGLxbCA==/com.feels-twVZykPd60NdJddbUWv_jw==/split_config.mdpi.apk\"],nativeLibraryDirectories=[/data/app/~~mod7R8gax5NFnr6WGLxbCA==/com.feels-twVZykPd60NdJddbUWv_jw==/lib/arm64, /data/app/~~mod7R8gax5NFnr6WGLxbCA==/com.feels-twVZykPd60NdJddbUWv_jw==/base.apk!/lib/arm64-v8a, /data/app/~~mod7R8gax5NFnr6WGLxbCA==/com.feels-twVZykPd60NdJddbUWv_jw==/split_config.arm64_v8a.apk!/lib/arm64-v8a, /data/app/~~mod7R8gax5NFnr6WGLxbCA==/com.feels-twVZykPd60NdJddbUWv_jw==/split_config.en.apk!/lib/arm64-v8a, /data/app/~~mod7R8gax5NFnr6WGLxbCA==/com.feels-twVZykPd60NdJddbUWv_jw==/split_config.mdpi.apk!/lib/arm64-v8a, /system/lib64, /system_ext/lib64]]"
},
{
    "type": "error",
    "source": "method",
    "method": "setTagForUnderAgeOfConsent",
    "package_name": "com.feels",
    "class_name": "com.vpon.ads.VponAdRequest$Builder",
    "timestamp": 1728283922989,
    "error": "Error: java.lang.ClassNotFoundException: Didn't find class \"com.vpon.ads.VponAdRequest$Builder\" on path: DexPathList[[zip file \"/data/app/~~mod7R8gax5NFnr6WGLxbCA==/com.feels-twVZykPd60NdJddbUWv_jw==/base.apk\", zip file \"/data/app/~~mod7R8gax5NFnr6WGLxbCA==/com.feels-twVZykPd60NdJddbUWv_jw==/split_config.arm64_v8a.apk\", zip file \"/data/app/~~mod7R8gax5NFnr6WGLxbCA==/com.feels-twVZykPd60NdJddbUWv_jw==/split_config.en.apk\", zip file \"/data/app/~~mod7R8gax5NFnr6WGLxbCA==/com.feels-twVZykPd60NdJddbUWv_jw==/split_config.mdpi.apk\"],nativeLibraryDirectories=[/data/app/~~mod7R8gax5NFnr6WGLxbCA==/com.feels-twVZykPd60NdJddbUWv_jw==/lib/arm64, /data/app/~~mod7R8gax5NFnr6WGLxbCA==/com.feels-twVZykPd60NdJddbUWv_jw==/base.apk!/lib/arm64-v8a, /data/app/~~mod7R8gax5NFnr6WGLxbCA==/com.feels-twVZykPd60NdJddbUWv_jw==/split_config.arm64_v8a.apk!/lib/arm64-v8a, /data/app/~~mod7R8gax5NFnr6WGLxbCA==/com.feels-twVZykPd60NdJddbUWv_jw==/split_config.en.apk!/lib/arm64-v8a, /data/app/~~mod7R8gax5NFnr6WGLxbCA==/com.feels-twVZykPd60NdJddbUWv_jw==/split_config.mdpi.apk!/lib/arm64-v8a, /system/lib64, /system_ext/lib64]]"
},
{
    "type": "error",
    "source": "method",
    "method": "tagForChildDirectedTreatment",
    "package_name": "com.feels",
    "class_name": "com.vpon.ads.VponAdRequest$Builder",
    "timestamp": 1728283922993,
    "error": "Error: java.lang.ClassNotFoundException: Didn't find class \"com.vpon.ads.VponAdRequest$Builder\" on path: DexPathList[[zip file \"/data/app/~~mod7R8gax5NFnr6WGLxbCA==/com.feels-twVZykPd60NdJddbUWv_jw==/base.apk\", zip file \"/data/app/~~mod7R8gax5NFnr6WGLxbCA==/com.feels-twVZykPd60NdJddbUWv_jw==/split_config.arm64_v8a.apk\", zip file \"/data/app/~~mod7R8gax5NFnr6WGLxbCA==/com.feels-twVZykPd60NdJddbUWv_jw==/split_config.en.apk\", zip file \"/data/app/~~mod7R8gax5NFnr6WGLxbCA==/com.feels-twVZykPd60NdJddbUWv_jw==/split_config.mdpi.apk\"],nativeLibraryDirectories=[/data/app/~~mod7R8gax5NFnr6WGLxbCA==/com.feels-twVZykPd60NdJddbUWv_jw==/lib/arm64, /data/app/~~mod7R8gax5NFnr6WGLxbCA==/com.feels-twVZykPd60NdJddbUWv_jw==/base.apk!/lib/arm64-v8a, /data/app/~~mod7R8gax5NFnr6WGLxbCA==/com.feels-twVZykPd60NdJddbUWv_jw==/split_config.arm64_v8a.apk!/lib/arm64-v8a, /data/app/~~mod7R8gax5NFnr6WGLxbCA==/com.feels-twVZykPd60NdJddbUWv_jw==/split_config.en.apk!/lib/arm64-v8a, /data/app/~~mod7R8gax5NFnr6WGLxbCA==/com.feels-twVZykPd60NdJddbUWv_jw==/split_config.mdpi.apk!/lib/arm64-v8a, /system/lib64, /system_ext/lib64]]"
},
{
    "type": "error",
    "source": "method",
    "method": "setGDPRStatus",
    "package_name": "com.feels",
    "class_name": "com.vungle.ads.VunglePrivacySettings",
    "timestamp": 1728283922996,
    "error": "Error: java.lang.ClassNotFoundException: Didn't find class \"com.vungle.ads.VunglePrivacySettings\" on path: DexPathList[[zip file \"/data/app/~~mod7R8gax5NFnr6WGLxbCA==/com.feels-twVZykPd60NdJddbUWv_jw==/base.apk\", zip file \"/data/app/~~mod7R8gax5NFnr6WGLxbCA==/com.feels-twVZykPd60NdJddbUWv_jw==/split_config.arm64_v8a.apk\", zip file \"/data/app/~~mod7R8gax5NFnr6WGLxbCA==/com.feels-twVZykPd60NdJddbUWv_jw==/split_config.en.apk\", zip file \"/data/app/~~mod7R8gax5NFnr6WGLxbCA==/com.feels-twVZykPd60NdJddbUWv_jw==/split_config.mdpi.apk\"],nativeLibraryDirectories=[/data/app/~~mod7R8gax5NFnr6WGLxbCA==/com.feels-twVZykPd60NdJddbUWv_jw==/lib/arm64, /data/app/~~mod7R8gax5NFnr6WGLxbCA==/com.feels-twVZykPd60NdJddbUWv_jw==/base.apk!/lib/arm64-v8a, /data/app/~~mod7R8gax5NFnr6WGLxbCA==/com.feels-twVZykPd60NdJddbUWv_jw==/split_config.arm64_v8a.apk!/lib/arm64-v8a, /data/app/~~mod7R8gax5NFnr6WGLxbCA==/com.feels-twVZykPd60NdJddbUWv_jw==/split_config.en.apk!/lib/arm64-v8a, /data/app/~~mod7R8gax5NFnr6WGLxbCA==/com.feels-twVZykPd60NdJddbUWv_jw==/split_config.mdpi.apk!/lib/arm64-v8a, /system/lib64, /system_ext/lib64]]"
},
{
    "type": "error",
    "source": "method",
    "method": "setCOPPAStatus",
    "package_name": "com.feels",
    "class_name": "com.vungle.ads.VunglePrivacySettings",
    "timestamp": 1728283923000,
    "error": "Error: java.lang.ClassNotFoundException: Didn't find class \"com.vungle.ads.VunglePrivacySettings\" on path: DexPathList[[zip file \"/data/app/~~mod7R8gax5NFnr6WGLxbCA==/com.feels-twVZykPd60NdJddbUWv_jw==/base.apk\", zip file \"/data/app/~~mod7R8gax5NFnr6WGLxbCA==/com.feels-twVZykPd60NdJddbUWv_jw==/split_config.arm64_v8a.apk\", zip file \"/data/app/~~mod7R8gax5NFnr6WGLxbCA==/com.feels-twVZykPd60NdJddbUWv_jw==/split_config.en.apk\", zip file \"/data/app/~~mod7R8gax5NFnr6WGLxbCA==/com.feels-twVZykPd60NdJddbUWv_jw==/split_config.mdpi.apk\"],nativeLibraryDirectories=[/data/app/~~mod7R8gax5NFnr6WGLxbCA==/com.feels-twVZykPd60NdJddbUWv_jw==/lib/arm64, /data/app/~~mod7R8gax5NFnr6WGLxbCA==/com.feels-twVZykPd60NdJddbUWv_jw==/base.apk!/lib/arm64-v8a, /data/app/~~mod7R8gax5NFnr6WGLxbCA==/com.feels-twVZykPd60NdJddbUWv_jw==/split_config.arm64_v8a.apk!/lib/arm64-v8a, /data/app/~~mod7R8gax5NFnr6WGLxbCA==/com.feels-twVZykPd60NdJddbUWv_jw==/split_config.en.apk!/lib/arm64-v8a, /data/app/~~mod7R8gax5NFnr6WGLxbCA==/com.feels-twVZykPd60NdJddbUWv_jw==/split_config.mdpi.apk!/lib/arm64-v8a, /system/lib64, /system_ext/lib64]]"
},
{
    "type": "error",
    "source": "method",
    "method": "setCCPAStatus",
    "package_name": "com.feels",
    "class_name": "com.vungle.ads.VunglePrivacySettings",
    "timestamp": 1728283923003,
    "error": "Error: java.lang.ClassNotFoundException: Didn't find class \"com.vungle.ads.VunglePrivacySettings\" on path: DexPathList[[zip file \"/data/app/~~mod7R8gax5NFnr6WGLxbCA==/com.feels-twVZykPd60NdJddbUWv_jw==/base.apk\", zip file \"/data/app/~~mod7R8gax5NFnr6WGLxbCA==/com.feels-twVZykPd60NdJddbUWv_jw==/split_config.arm64_v8a.apk\", zip file \"/data/app/~~mod7R8gax5NFnr6WGLxbCA==/com.feels-twVZykPd60NdJddbUWv_jw==/split_config.en.apk\", zip file \"/data/app/~~mod7R8gax5NFnr6WGLxbCA==/com.feels-twVZykPd60NdJddbUWv_jw==/split_config.mdpi.apk\"],nativeLibraryDirectories=[/data/app/~~mod7R8gax5NFnr6WGLxbCA==/com.feels-twVZykPd60NdJddbUWv_jw==/lib/arm64, /data/app/~~mod7R8gax5NFnr6WGLxbCA==/com.feels-twVZykPd60NdJddbUWv_jw==/base.apk!/lib/arm64-v8a, /data/app/~~mod7R8gax5NFnr6WGLxbCA==/com.feels-twVZykPd60NdJddbUWv_jw==/split_config.arm64_v8a.apk!/lib/arm64-v8a, /data/app/~~mod7R8gax5NFnr6WGLxbCA==/com.feels-twVZykPd60NdJddbUWv_jw==/split_config.en.apk!/lib/arm64-v8a, /data/app/~~mod7R8gax5NFnr6WGLxbCA==/com.feels-twVZykPd60NdJddbUWv_jw==/split_config.mdpi.apk!/lib/arm64-v8a, /system/lib64, /system_ext/lib64]]"
},
{
    "type": "error",
    "source": "method",
    "method": "setPublishAndroidId",
    "package_name": "com.feels",
    "class_name": "com.vungle.ads.VunglePrivacySettings",
    "timestamp": 1728283923007,
    "error": "Error: java.lang.ClassNotFoundException: Didn't find class \"com.vungle.ads.VunglePrivacySettings\" on path: DexPathList[[zip file \"/data/app/~~mod7R8gax5NFnr6WGLxbCA==/com.feels-twVZykPd60NdJddbUWv_jw==/base.apk\", zip file \"/data/app/~~mod7R8gax5NFnr6WGLxbCA==/com.feels-twVZykPd60NdJddbUWv_jw==/split_config.arm64_v8a.apk\", zip file \"/data/app/~~mod7R8gax5NFnr6WGLxbCA==/com.feels-twVZykPd60NdJddbUWv_jw==/split_config.en.apk\", zip file \"/data/app/~~mod7R8gax5NFnr6WGLxbCA==/com.feels-twVZykPd60NdJddbUWv_jw==/split_config.mdpi.apk\"],nativeLibraryDirectories=[/data/app/~~mod7R8gax5NFnr6WGLxbCA==/com.feels-twVZykPd60NdJddbUWv_jw==/lib/arm64, /data/app/~~mod7R8gax5NFnr6WGLxbCA==/com.feels-twVZykPd60NdJddbUWv_jw==/base.apk!/lib/arm64-v8a, /data/app/~~mod7R8gax5NFnr6WGLxbCA==/com.feels-twVZykPd60NdJddbUWv_jw==/split_config.arm64_v8a.apk!/lib/arm64-v8a, /data/app/~~mod7R8gax5NFnr6WGLxbCA==/com.feels-twVZykPd60NdJddbUWv_jw==/split_config.en.apk!/lib/arm64-v8a, /data/app/~~mod7R8gax5NFnr6WGLxbCA==/com.feels-twVZykPd60NdJddbUWv_jw==/split_config.mdpi.apk!/lib/arm64-v8a, /system/lib64, /system_ext/lib64]]"
},
{
    "type": "error",
    "source": "method",
    "method": "setAgeRestrictedUser",
    "package_name": "com.feels",
    "class_name": "com.yandex.mobile.ads.common.MobileAds",
    "timestamp": 1728283923011,
    "error": "Error: java.lang.ClassNotFoundException: Didn't find class \"com.yandex.mobile.ads.common.MobileAds\" on path: DexPathList[[zip file \"/data/app/~~mod7R8gax5NFnr6WGLxbCA==/com.feels-twVZykPd60NdJddbUWv_jw==/base.apk\", zip file \"/data/app/~~mod7R8gax5NFnr6WGLxbCA==/com.feels-twVZykPd60NdJddbUWv_jw==/split_config.arm64_v8a.apk\", zip file \"/data/app/~~mod7R8gax5NFnr6WGLxbCA==/com.feels-twVZykPd60NdJddbUWv_jw==/split_config.en.apk\", zip file \"/data/app/~~mod7R8gax5NFnr6WGLxbCA==/com.feels-twVZykPd60NdJddbUWv_jw==/split_config.mdpi.apk\"],nativeLibraryDirectories=[/data/app/~~mod7R8gax5NFnr6WGLxbCA==/com.feels-twVZykPd60NdJddbUWv_jw==/lib/arm64, /data/app/~~mod7R8gax5NFnr6WGLxbCA==/com.feels-twVZykPd60NdJddbUWv_jw==/base.apk!/lib/arm64-v8a, /data/app/~~mod7R8gax5NFnr6WGLxbCA==/com.feels-twVZykPd60NdJddbUWv_jw==/split_config.arm64_v8a.apk!/lib/arm64-v8a, /data/app/~~mod7R8gax5NFnr6WGLxbCA==/com.feels-twVZykPd60NdJddbUWv_jw==/split_config.en.apk!/lib/arm64-v8a, /data/app/~~mod7R8gax5NFnr6WGLxbCA==/com.feels-twVZykPd60NdJddbUWv_jw==/split_config.mdpi.apk!/lib/arm64-v8a, /system/lib64, /system_ext/lib64]]"
},
{
    "type": "error",
    "source": "method",
    "method": "setUserConsent",
    "package_name": "com.feels",
    "class_name": "com.yandex.mobile.ads.common.MobileAds",
    "timestamp": 1728283923015,
    "error": "Error: java.lang.ClassNotFoundException: Didn't find class \"com.yandex.mobile.ads.common.MobileAds\" on path: DexPathList[[zip file \"/data/app/~~mod7R8gax5NFnr6WGLxbCA==/com.feels-twVZykPd60NdJddbUWv_jw==/base.apk\", zip file \"/data/app/~~mod7R8gax5NFnr6WGLxbCA==/com.feels-twVZykPd60NdJddbUWv_jw==/split_config.arm64_v8a.apk\", zip file \"/data/app/~~mod7R8gax5NFnr6WGLxbCA==/com.feels-twVZykPd60NdJddbUWv_jw==/split_config.en.apk\", zip file \"/data/app/~~mod7R8gax5NFnr6WGLxbCA==/com.feels-twVZykPd60NdJddbUWv_jw==/split_config.mdpi.apk\"],nativeLibraryDirectories=[/data/app/~~mod7R8gax5NFnr6WGLxbCA==/com.feels-twVZykPd60NdJddbUWv_jw==/lib/arm64, /data/app/~~mod7R8gax5NFnr6WGLxbCA==/com.feels-twVZykPd60NdJddbUWv_jw==/base.apk!/lib/arm64-v8a, /data/app/~~mod7R8gax5NFnr6WGLxbCA==/com.feels-twVZykPd60NdJddbUWv_jw==/split_config.arm64_v8a.apk!/lib/arm64-v8a, /data/app/~~mod7R8gax5NFnr6WGLxbCA==/com.feels-twVZykPd60NdJddbUWv_jw==/split_config.en.apk!/lib/arm64-v8a, /data/app/~~mod7R8gax5NFnr6WGLxbCA==/com.feels-twVZykPd60NdJddbUWv_jw==/split_config.mdpi.apk!/lib/arm64-v8a, /system/lib64, /system_ext/lib64]]"
},
{
    "type": "error",
    "source": "method",
    "method": "init",
    "package_name": "com.feels",
    "class_name": "com.youappi.sdk.YouAPPi",
    "timestamp": 1728283923019,
    "error": "Error: java.lang.ClassNotFoundException: Didn't find class \"com.youappi.sdk.YouAPPi\" on path: DexPathList[[zip file \"/data/app/~~mod7R8gax5NFnr6WGLxbCA==/com.feels-twVZykPd60NdJddbUWv_jw==/base.apk\", zip file \"/data/app/~~mod7R8gax5NFnr6WGLxbCA==/com.feels-twVZykPd60NdJddbUWv_jw==/split_config.arm64_v8a.apk\", zip file \"/data/app/~~mod7R8gax5NFnr6WGLxbCA==/com.feels-twVZykPd60NdJddbUWv_jw==/split_config.en.apk\", zip file \"/data/app/~~mod7R8gax5NFnr6WGLxbCA==/com.feels-twVZykPd60NdJddbUWv_jw==/split_config.mdpi.apk\"],nativeLibraryDirectories=[/data/app/~~mod7R8gax5NFnr6WGLxbCA==/com.feels-twVZykPd60NdJddbUWv_jw==/lib/arm64, /data/app/~~mod7R8gax5NFnr6WGLxbCA==/com.feels-twVZykPd60NdJddbUWv_jw==/base.apk!/lib/arm64-v8a, /data/app/~~mod7R8gax5NFnr6WGLxbCA==/com.feels-twVZykPd60NdJddbUWv_jw==/split_config.arm64_v8a.apk!/lib/arm64-v8a, /data/app/~~mod7R8gax5NFnr6WGLxbCA==/com.feels-twVZykPd60NdJddbUWv_jw==/split_config.en.apk!/lib/arm64-v8a, /data/app/~~mod7R8gax5NFnr6WGLxbCA==/com.feels-twVZykPd60NdJddbUWv_jw==/split_config.mdpi.apk!/lib/arm64-v8a, /system/lib64, /system_ext/lib64]]"
},
{
    "type": "error",
    "source": "method",
    "method": "setUserConsent",
    "package_name": "com.feels",
    "class_name": "com.youappi.sdk.YouAPPi",
    "timestamp": 1728283923023,
    "error": "Error: java.lang.ClassNotFoundException: Didn't find class \"com.youappi.sdk.YouAPPi\" on path: DexPathList[[zip file \"/data/app/~~mod7R8gax5NFnr6WGLxbCA==/com.feels-twVZykPd60NdJddbUWv_jw==/base.apk\", zip file \"/data/app/~~mod7R8gax5NFnr6WGLxbCA==/com.feels-twVZykPd60NdJddbUWv_jw==/split_config.arm64_v8a.apk\", zip file \"/data/app/~~mod7R8gax5NFnr6WGLxbCA==/com.feels-twVZykPd60NdJddbUWv_jw==/split_config.en.apk\", zip file \"/data/app/~~mod7R8gax5NFnr6WGLxbCA==/com.feels-twVZykPd60NdJddbUWv_jw==/split_config.mdpi.apk\"],nativeLibraryDirectories=[/data/app/~~mod7R8gax5NFnr6WGLxbCA==/com.feels-twVZykPd60NdJddbUWv_jw==/lib/arm64, /data/app/~~mod7R8gax5NFnr6WGLxbCA==/com.feels-twVZykPd60NdJddbUWv_jw==/base.apk!/lib/arm64-v8a, /data/app/~~mod7R8gax5NFnr6WGLxbCA==/com.feels-twVZykPd60NdJddbUWv_jw==/split_config.arm64_v8a.apk!/lib/arm64-v8a, /data/app/~~mod7R8gax5NFnr6WGLxbCA==/com.feels-twVZykPd60NdJddbUWv_jw==/split_config.en.apk!/lib/arm64-v8a, /data/app/~~mod7R8gax5NFnr6WGLxbCA==/com.feels-twVZykPd60NdJddbUWv_jw==/split_config.mdpi.apk!/lib/arm64-v8a, /system/lib64, /system_ext/lib64]]"
},
{
    "type": "error",
    "source": "method",
    "method": "setgdpr",
    "package_name": "com.feels",
    "class_name": "com.youappi.sdk.YouAPPi",
    "timestamp": 1728283923028,
    "error": "Error: java.lang.ClassNotFoundException: Didn't find class \"com.youappi.sdk.YouAPPi\" on path: DexPathList[[zip file \"/data/app/~~mod7R8gax5NFnr6WGLxbCA==/com.feels-twVZykPd60NdJddbUWv_jw==/base.apk\", zip file \"/data/app/~~mod7R8gax5NFnr6WGLxbCA==/com.feels-twVZykPd60NdJddbUWv_jw==/split_config.arm64_v8a.apk\", zip file \"/data/app/~~mod7R8gax5NFnr6WGLxbCA==/com.feels-twVZykPd60NdJddbUWv_jw==/split_config.en.apk\", zip file \"/data/app/~~mod7R8gax5NFnr6WGLxbCA==/com.feels-twVZykPd60NdJddbUWv_jw==/split_config.mdpi.apk\"],nativeLibraryDirectories=[/data/app/~~mod7R8gax5NFnr6WGLxbCA==/com.feels-twVZykPd60NdJddbUWv_jw==/lib/arm64, /data/app/~~mod7R8gax5NFnr6WGLxbCA==/com.feels-twVZykPd60NdJddbUWv_jw==/base.apk!/lib/arm64-v8a, /data/app/~~mod7R8gax5NFnr6WGLxbCA==/com.feels-twVZykPd60NdJddbUWv_jw==/split_config.arm64_v8a.apk!/lib/arm64-v8a, /data/app/~~mod7R8gax5NFnr6WGLxbCA==/com.feels-twVZykPd60NdJddbUWv_jw==/split_config.en.apk!/lib/arm64-v8a, /data/app/~~mod7R8gax5NFnr6WGLxbCA==/com.feels-twVZykPd60NdJddbUWv_jw==/split_config.mdpi.apk!/lib/arm64-v8a, /system/lib64, /system_ext/lib64]]"
},
{
    "type": "error",
    "source": "method",
    "method": "setAgeRestrictedUser",
    "package_name": "com.feels",
    "class_name": "com.youappi.sdk.YouAPPi",
    "timestamp": 1728283923032,
    "error": "Error: java.lang.ClassNotFoundException: Didn't find class \"com.youappi.sdk.YouAPPi\" on path: DexPathList[[zip file \"/data/app/~~mod7R8gax5NFnr6WGLxbCA==/com.feels-twVZykPd60NdJddbUWv_jw==/base.apk\", zip file \"/data/app/~~mod7R8gax5NFnr6WGLxbCA==/com.feels-twVZykPd60NdJddbUWv_jw==/split_config.arm64_v8a.apk\", zip file \"/data/app/~~mod7R8gax5NFnr6WGLxbCA==/com.feels-twVZykPd60NdJddbUWv_jw==/split_config.en.apk\", zip file \"/data/app/~~mod7R8gax5NFnr6WGLxbCA==/com.feels-twVZykPd60NdJddbUWv_jw==/split_config.mdpi.apk\"],nativeLibraryDirectories=[/data/app/~~mod7R8gax5NFnr6WGLxbCA==/com.feels-twVZykPd60NdJddbUWv_jw==/lib/arm64, /data/app/~~mod7R8gax5NFnr6WGLxbCA==/com.feels-twVZykPd60NdJddbUWv_jw==/base.apk!/lib/arm64-v8a, /data/app/~~mod7R8gax5NFnr6WGLxbCA==/com.feels-twVZykPd60NdJddbUWv_jw==/split_config.arm64_v8a.apk!/lib/arm64-v8a, /data/app/~~mod7R8gax5NFnr6WGLxbCA==/com.feels-twVZykPd60NdJddbUWv_jw==/split_config.en.apk!/lib/arm64-v8a, /data/app/~~mod7R8gax5NFnr6WGLxbCA==/com.feels-twVZykPd60NdJddbUWv_jw==/split_config.mdpi.apk!/lib/arm64-v8a, /system/lib64, /system_ext/lib64]]"
},
{
    "type": "error",
    "source": "method",
    "method": "setUserConsent",
    "package_name": "com.feels",
    "class_name": "admost.sdk.base.AdMostConfiguration",
    "timestamp": 1728283923037,
    "error": "Error: java.lang.ClassNotFoundException: Didn't find class \"admost.sdk.base.AdMostConfiguration\" on path: DexPathList[[zip file \"/data/app/~~mod7R8gax5NFnr6WGLxbCA==/com.feels-twVZykPd60NdJddbUWv_jw==/base.apk\", zip file \"/data/app/~~mod7R8gax5NFnr6WGLxbCA==/com.feels-twVZykPd60NdJddbUWv_jw==/split_config.arm64_v8a.apk\", zip file \"/data/app/~~mod7R8gax5NFnr6WGLxbCA==/com.feels-twVZykPd60NdJddbUWv_jw==/split_config.en.apk\", zip file \"/data/app/~~mod7R8gax5NFnr6WGLxbCA==/com.feels-twVZykPd60NdJddbUWv_jw==/split_config.mdpi.apk\"],nativeLibraryDirectories=[/data/app/~~mod7R8gax5NFnr6WGLxbCA==/com.feels-twVZykPd60NdJddbUWv_jw==/lib/arm64, /data/app/~~mod7R8gax5NFnr6WGLxbCA==/com.feels-twVZykPd60NdJddbUWv_jw==/base.apk!/lib/arm64-v8a, /data/app/~~mod7R8gax5NFnr6WGLxbCA==/com.feels-twVZykPd60NdJddbUWv_jw==/split_config.arm64_v8a.apk!/lib/arm64-v8a, /data/app/~~mod7R8gax5NFnr6WGLxbCA==/com.feels-twVZykPd60NdJddbUWv_jw==/split_config.en.apk!/lib/arm64-v8a, /data/app/~~mod7R8gax5NFnr6WGLxbCA==/com.feels-twVZykPd60NdJddbUWv_jw==/split_config.mdpi.apk!/lib/arm64-v8a, /system/lib64, /system_ext/lib64]]"
},
{
    "type": "error",
    "source": "method",
    "method": "setSubjectToGDPR",
    "package_name": "com.feels",
    "class_name": "admost.sdk.base.AdMostConfiguration",
    "timestamp": 1728283923041,
    "error": "Error: java.lang.ClassNotFoundException: Didn't find class \"admost.sdk.base.AdMostConfiguration\" on path: DexPathList[[zip file \"/data/app/~~mod7R8gax5NFnr6WGLxbCA==/com.feels-twVZykPd60NdJddbUWv_jw==/base.apk\", zip file \"/data/app/~~mod7R8gax5NFnr6WGLxbCA==/com.feels-twVZykPd60NdJddbUWv_jw==/split_config.arm64_v8a.apk\", zip file \"/data/app/~~mod7R8gax5NFnr6WGLxbCA==/com.feels-twVZykPd60NdJddbUWv_jw==/split_config.en.apk\", zip file \"/data/app/~~mod7R8gax5NFnr6WGLxbCA==/com.feels-twVZykPd60NdJddbUWv_jw==/split_config.mdpi.apk\"],nativeLibraryDirectories=[/data/app/~~mod7R8gax5NFnr6WGLxbCA==/com.feels-twVZykPd60NdJddbUWv_jw==/lib/arm64, /data/app/~~mod7R8gax5NFnr6WGLxbCA==/com.feels-twVZykPd60NdJddbUWv_jw==/base.apk!/lib/arm64-v8a, /data/app/~~mod7R8gax5NFnr6WGLxbCA==/com.feels-twVZykPd60NdJddbUWv_jw==/split_config.arm64_v8a.apk!/lib/arm64-v8a, /data/app/~~mod7R8gax5NFnr6WGLxbCA==/com.feels-twVZykPd60NdJddbUWv_jw==/split_config.en.apk!/lib/arm64-v8a, /data/app/~~mod7R8gax5NFnr6WGLxbCA==/com.feels-twVZykPd60NdJddbUWv_jw==/split_config.mdpi.apk!/lib/arm64-v8a, /system/lib64, /system_ext/lib64]]"
},
{
    "type": "error",
    "source": "method",
    "method": "setSubjectToCCPA",
    "package_name": "com.feels",
    "class_name": "admost.sdk.base.AdMostConfiguration",
    "timestamp": 1728283923046,
    "error": "Error: java.lang.ClassNotFoundException: Didn't find class \"admost.sdk.base.AdMostConfiguration\" on path: DexPathList[[zip file \"/data/app/~~mod7R8gax5NFnr6WGLxbCA==/com.feels-twVZykPd60NdJddbUWv_jw==/base.apk\", zip file \"/data/app/~~mod7R8gax5NFnr6WGLxbCA==/com.feels-twVZykPd60NdJddbUWv_jw==/split_config.arm64_v8a.apk\", zip file \"/data/app/~~mod7R8gax5NFnr6WGLxbCA==/com.feels-twVZykPd60NdJddbUWv_jw==/split_config.en.apk\", zip file \"/data/app/~~mod7R8gax5NFnr6WGLxbCA==/com.feels-twVZykPd60NdJddbUWv_jw==/split_config.mdpi.apk\"],nativeLibraryDirectories=[/data/app/~~mod7R8gax5NFnr6WGLxbCA==/com.feels-twVZykPd60NdJddbUWv_jw==/lib/arm64, /data/app/~~mod7R8gax5NFnr6WGLxbCA==/com.feels-twVZykPd60NdJddbUWv_jw==/base.apk!/lib/arm64-v8a, /data/app/~~mod7R8gax5NFnr6WGLxbCA==/com.feels-twVZykPd60NdJddbUWv_jw==/split_config.arm64_v8a.apk!/lib/arm64-v8a, /data/app/~~mod7R8gax5NFnr6WGLxbCA==/com.feels-twVZykPd60NdJddbUWv_jw==/split_config.en.apk!/lib/arm64-v8a, /data/app/~~mod7R8gax5NFnr6WGLxbCA==/com.feels-twVZykPd60NdJddbUWv_jw==/split_config.mdpi.apk!/lib/arm64-v8a, /system/lib64, /system_ext/lib64]]"
},
{
    "type": "error",
    "source": "method",
    "method": "setUserChild",
    "package_name": "com.feels",
    "class_name": "admost.sdk.base.AdMostConfiguration",
    "timestamp": 1728283923050,
    "error": "Error: java.lang.ClassNotFoundException: Didn't find class \"admost.sdk.base.AdMostConfiguration\" on path: DexPathList[[zip file \"/data/app/~~mod7R8gax5NFnr6WGLxbCA==/com.feels-twVZykPd60NdJddbUWv_jw==/base.apk\", zip file \"/data/app/~~mod7R8gax5NFnr6WGLxbCA==/com.feels-twVZykPd60NdJddbUWv_jw==/split_config.arm64_v8a.apk\", zip file \"/data/app/~~mod7R8gax5NFnr6WGLxbCA==/com.feels-twVZykPd60NdJddbUWv_jw==/split_config.en.apk\", zip file \"/data/app/~~mod7R8gax5NFnr6WGLxbCA==/com.feels-twVZykPd60NdJddbUWv_jw==/split_config.mdpi.apk\"],nativeLibraryDirectories=[/data/app/~~mod7R8gax5NFnr6WGLxbCA==/com.feels-twVZykPd60NdJddbUWv_jw==/lib/arm64, /data/app/~~mod7R8gax5NFnr6WGLxbCA==/com.feels-twVZykPd60NdJddbUWv_jw==/base.apk!/lib/arm64-v8a, /data/app/~~mod7R8gax5NFnr6WGLxbCA==/com.feels-twVZykPd60NdJddbUWv_jw==/split_config.arm64_v8a.apk!/lib/arm64-v8a, /data/app/~~mod7R8gax5NFnr6WGLxbCA==/com.feels-twVZykPd60NdJddbUWv_jw==/split_config.en.apk!/lib/arm64-v8a, /data/app/~~mod7R8gax5NFnr6WGLxbCA==/com.feels-twVZykPd60NdJddbUWv_jw==/split_config.mdpi.apk!/lib/arm64-v8a, /system/lib64, /system_ext/lib64]]"
},
{
    "type": "error",
    "source": "method",
    "method": "setPrivacyConsentListener",
    "package_name": "com.feels",
    "class_name": "admost.sdk.base.AdMost",
    "timestamp": 1728283923054,
    "error": "Error: java.lang.ClassNotFoundException: Didn't find class \"admost.sdk.base.AdMost\" on path: DexPathList[[zip file \"/data/app/~~mod7R8gax5NFnr6WGLxbCA==/com.feels-twVZykPd60NdJddbUWv_jw==/base.apk\", zip file \"/data/app/~~mod7R8gax5NFnr6WGLxbCA==/com.feels-twVZykPd60NdJddbUWv_jw==/split_config.arm64_v8a.apk\", zip file \"/data/app/~~mod7R8gax5NFnr6WGLxbCA==/com.feels-twVZykPd60NdJddbUWv_jw==/split_config.en.apk\", zip file \"/data/app/~~mod7R8gax5NFnr6WGLxbCA==/com.feels-twVZykPd60NdJddbUWv_jw==/split_config.mdpi.apk\"],nativeLibraryDirectories=[/data/app/~~mod7R8gax5NFnr6WGLxbCA==/com.feels-twVZykPd60NdJddbUWv_jw==/lib/arm64, /data/app/~~mod7R8gax5NFnr6WGLxbCA==/com.feels-twVZykPd60NdJddbUWv_jw==/base.apk!/lib/arm64-v8a, /data/app/~~mod7R8gax5NFnr6WGLxbCA==/com.feels-twVZykPd60NdJddbUWv_jw==/split_config.arm64_v8a.apk!/lib/arm64-v8a, /data/app/~~mod7R8gax5NFnr6WGLxbCA==/com.feels-twVZykPd60NdJddbUWv_jw==/split_config.en.apk!/lib/arm64-v8a, /data/app/~~mod7R8gax5NFnr6WGLxbCA==/com.feels-twVZykPd60NdJddbUWv_jw==/split_config.mdpi.apk!/lib/arm64-v8a, /system/lib64, /system_ext/lib64]]"
},
{
    "type": "error",
    "source": "method",
    "method": "identify",
    "package_name": "com.feels",
    "class_name": "com.mixpanel.android.mpmetrics.MixpanelAPI",
    "timestamp": 1728283923058,
    "error": "Error: java.lang.ClassNotFoundException: Didn't find class \"com.mixpanel.android.mpmetrics.MixpanelAPI\" on path: DexPathList[[zip file \"/data/app/~~mod7R8gax5NFnr6WGLxbCA==/com.feels-twVZykPd60NdJddbUWv_jw==/base.apk\", zip file \"/data/app/~~mod7R8gax5NFnr6WGLxbCA==/com.feels-twVZykPd60NdJddbUWv_jw==/split_config.arm64_v8a.apk\", zip file \"/data/app/~~mod7R8gax5NFnr6WGLxbCA==/com.feels-twVZykPd60NdJddbUWv_jw==/split_config.en.apk\", zip file \"/data/app/~~mod7R8gax5NFnr6WGLxbCA==/com.feels-twVZykPd60NdJddbUWv_jw==/split_config.mdpi.apk\"],nativeLibraryDirectories=[/data/app/~~mod7R8gax5NFnr6WGLxbCA==/com.feels-twVZykPd60NdJddbUWv_jw==/lib/arm64, /data/app/~~mod7R8gax5NFnr6WGLxbCA==/com.feels-twVZykPd60NdJddbUWv_jw==/base.apk!/lib/arm64-v8a, /data/app/~~mod7R8gax5NFnr6WGLxbCA==/com.feels-twVZykPd60NdJddbUWv_jw==/split_config.arm64_v8a.apk!/lib/arm64-v8a, /data/app/~~mod7R8gax5NFnr6WGLxbCA==/com.feels-twVZykPd60NdJddbUWv_jw==/split_config.en.apk!/lib/arm64-v8a, /data/app/~~mod7R8gax5NFnr6WGLxbCA==/com.feels-twVZykPd60NdJddbUWv_jw==/split_config.mdpi.apk!/lib/arm64-v8a, /system/lib64, /system_ext/lib64]]"
},
{
    "type": "error",
    "extra": "hook all methods error",
    "package_name": "com.feels",
    "class_name": "com.batch.config.BatchConfiguration",
    "error": "Error: java.lang.ClassNotFoundException: Didn't find class \"com.batch.config.BatchConfiguration\" on path: DexPathList[[zip file \"/data/app/~~mod7R8gax5NFnr6WGLxbCA==/com.feels-twVZykPd60NdJddbUWv_jw==/base.apk\", zip file \"/data/app/~~mod7R8gax5NFnr6WGLxbCA==/com.feels-twVZykPd60NdJddbUWv_jw==/split_config.arm64_v8a.apk\", zip file \"/data/app/~~mod7R8gax5NFnr6WGLxbCA==/com.feels-twVZykPd60NdJddbUWv_jw==/split_config.en.apk\", zip file \"/data/app/~~mod7R8gax5NFnr6WGLxbCA==/com.feels-twVZykPd60NdJddbUWv_jw==/split_config.mdpi.apk\"],nativeLibraryDirectories=[/data/app/~~mod7R8gax5NFnr6WGLxbCA==/com.feels-twVZykPd60NdJddbUWv_jw==/lib/arm64, /data/app/~~mod7R8gax5NFnr6WGLxbCA==/com.feels-twVZykPd60NdJddbUWv_jw==/base.apk!/lib/arm64-v8a, /data/app/~~mod7R8gax5NFnr6WGLxbCA==/com.feels-twVZykPd60NdJddbUWv_jw==/split_config.arm64_v8a.apk!/lib/arm64-v8a, /data/app/~~mod7R8gax5NFnr6WGLxbCA==/com.feels-twVZykPd60NdJddbUWv_jw==/split_config.en.apk!/lib/arm64-v8a, /data/app/~~mod7R8gax5NFnr6WGLxbCA==/com.feels-twVZykPd60NdJddbUWv_jw==/split_config.mdpi.apk!/lib/arm64-v8a, /system/lib64, /system_ext/lib64]]"
},
{
    "type": "error",
    "extra": "hook all methods error",
    "package_name": "com.feels",
    "class_name": "com.braze.configuration.BrazeConfig",
    "error": "Error: java.lang.ClassNotFoundException: Didn't find class \"com.braze.configuration.BrazeConfig\" on path: DexPathList[[zip file \"/data/app/~~mod7R8gax5NFnr6WGLxbCA==/com.feels-twVZykPd60NdJddbUWv_jw==/base.apk\", zip file \"/data/app/~~mod7R8gax5NFnr6WGLxbCA==/com.feels-twVZykPd60NdJddbUWv_jw==/split_config.arm64_v8a.apk\", zip file \"/data/app/~~mod7R8gax5NFnr6WGLxbCA==/com.feels-twVZykPd60NdJddbUWv_jw==/split_config.en.apk\", zip file \"/data/app/~~mod7R8gax5NFnr6WGLxbCA==/com.feels-twVZykPd60NdJddbUWv_jw==/split_config.mdpi.apk\"],nativeLibraryDirectories=[/data/app/~~mod7R8gax5NFnr6WGLxbCA==/com.feels-twVZykPd60NdJddbUWv_jw==/lib/arm64, /data/app/~~mod7R8gax5NFnr6WGLxbCA==/com.feels-twVZykPd60NdJddbUWv_jw==/base.apk!/lib/arm64-v8a, /data/app/~~mod7R8gax5NFnr6WGLxbCA==/com.feels-twVZykPd60NdJddbUWv_jw==/split_config.arm64_v8a.apk!/lib/arm64-v8a, /data/app/~~mod7R8gax5NFnr6WGLxbCA==/com.feels-twVZykPd60NdJddbUWv_jw==/split_config.en.apk!/lib/arm64-v8a, /data/app/~~mod7R8gax5NFnr6WGLxbCA==/com.feels-twVZykPd60NdJddbUWv_jw==/split_config.mdpi.apk!/lib/arm64-v8a, /system/lib64, /system_ext/lib64]]"
},
{
    "type": "error",
    "extra": "hook all methods error",
    "package_name": "com.feels",
    "class_name": "com.tradplus.ads.open.splash.TPSplash",
    "error": "Error: java.lang.ClassNotFoundException: Didn't find class \"com.tradplus.ads.open.splash.TPSplash\" on path: DexPathList[[zip file \"/data/app/~~mod7R8gax5NFnr6WGLxbCA==/com.feels-twVZykPd60NdJddbUWv_jw==/base.apk\", zip file \"/data/app/~~mod7R8gax5NFnr6WGLxbCA==/com.feels-twVZykPd60NdJddbUWv_jw==/split_config.arm64_v8a.apk\", zip file \"/data/app/~~mod7R8gax5NFnr6WGLxbCA==/com.feels-twVZykPd60NdJddbUWv_jw==/split_config.en.apk\", zip file \"/data/app/~~mod7R8gax5NFnr6WGLxbCA==/com.feels-twVZykPd60NdJddbUWv_jw==/split_config.mdpi.apk\"],nativeLibraryDirectories=[/data/app/~~mod7R8gax5NFnr6WGLxbCA==/com.feels-twVZykPd60NdJddbUWv_jw==/lib/arm64, /data/app/~~mod7R8gax5NFnr6WGLxbCA==/com.feels-twVZykPd60NdJddbUWv_jw==/base.apk!/lib/arm64-v8a, /data/app/~~mod7R8gax5NFnr6WGLxbCA==/com.feels-twVZykPd60NdJddbUWv_jw==/split_config.arm64_v8a.apk!/lib/arm64-v8a, /data/app/~~mod7R8gax5NFnr6WGLxbCA==/com.feels-twVZykPd60NdJddbUWv_jw==/split_config.en.apk!/lib/arm64-v8a, /data/app/~~mod7R8gax5NFnr6WGLxbCA==/com.feels-twVZykPd60NdJddbUWv_jw==/split_config.mdpi.apk!/lib/arm64-v8a, /system/lib64, /system_ext/lib64]]"
},
{
    "type": "error",
    "extra": "hook all methods error",
    "package_name": "com.feels",
    "class_name": "com.tenjin.android.TenjinSDK",
    "error": "Error: java.lang.ClassNotFoundException: Didn't find class \"com.tenjin.android.TenjinSDK\" on path: DexPathList[[zip file \"/data/app/~~mod7R8gax5NFnr6WGLxbCA==/com.feels-twVZykPd60NdJddbUWv_jw==/base.apk\", zip file \"/data/app/~~mod7R8gax5NFnr6WGLxbCA==/com.feels-twVZykPd60NdJddbUWv_jw==/split_config.arm64_v8a.apk\", zip file \"/data/app/~~mod7R8gax5NFnr6WGLxbCA==/com.feels-twVZykPd60NdJddbUWv_jw==/split_config.en.apk\", zip file \"/data/app/~~mod7R8gax5NFnr6WGLxbCA==/com.feels-twVZykPd60NdJddbUWv_jw==/split_config.mdpi.apk\"],nativeLibraryDirectories=[/data/app/~~mod7R8gax5NFnr6WGLxbCA==/com.feels-twVZykPd60NdJddbUWv_jw==/lib/arm64, /data/app/~~mod7R8gax5NFnr6WGLxbCA==/com.feels-twVZykPd60NdJddbUWv_jw==/base.apk!/lib/arm64-v8a, /data/app/~~mod7R8gax5NFnr6WGLxbCA==/com.feels-twVZykPd60NdJddbUWv_jw==/split_config.arm64_v8a.apk!/lib/arm64-v8a, /data/app/~~mod7R8gax5NFnr6WGLxbCA==/com.feels-twVZykPd60NdJddbUWv_jw==/split_config.en.apk!/lib/arm64-v8a, /data/app/~~mod7R8gax5NFnr6WGLxbCA==/com.feels-twVZykPd60NdJddbUWv_jw==/split_config.mdpi.apk!/lib/arm64-v8a, /system/lib64, /system_ext/lib64]]"
},
{
    "type": "error",
    "extra": "hook all methods error",
    "package_name": "com.feels",
    "class_name": "com.appnexus.opensdk.ANUSPrivacySettings",
    "error": "Error: java.lang.ClassNotFoundException: Didn't find class \"com.appnexus.opensdk.ANUSPrivacySettings\" on path: DexPathList[[zip file \"/data/app/~~mod7R8gax5NFnr6WGLxbCA==/com.feels-twVZykPd60NdJddbUWv_jw==/base.apk\", zip file \"/data/app/~~mod7R8gax5NFnr6WGLxbCA==/com.feels-twVZykPd60NdJddbUWv_jw==/split_config.arm64_v8a.apk\", zip file \"/data/app/~~mod7R8gax5NFnr6WGLxbCA==/com.feels-twVZykPd60NdJddbUWv_jw==/split_config.en.apk\", zip file \"/data/app/~~mod7R8gax5NFnr6WGLxbCA==/com.feels-twVZykPd60NdJddbUWv_jw==/split_config.mdpi.apk\"],nativeLibraryDirectories=[/data/app/~~mod7R8gax5NFnr6WGLxbCA==/com.feels-twVZykPd60NdJddbUWv_jw==/lib/arm64, /data/app/~~mod7R8gax5NFnr6WGLxbCA==/com.feels-twVZykPd60NdJddbUWv_jw==/base.apk!/lib/arm64-v8a, /data/app/~~mod7R8gax5NFnr6WGLxbCA==/com.feels-twVZykPd60NdJddbUWv_jw==/split_config.arm64_v8a.apk!/lib/arm64-v8a, /data/app/~~mod7R8gax5NFnr6WGLxbCA==/com.feels-twVZykPd60NdJddbUWv_jw==/split_config.en.apk!/lib/arm64-v8a, /data/app/~~mod7R8gax5NFnr6WGLxbCA==/com.feels-twVZykPd60NdJddbUWv_jw==/split_config.mdpi.apk!/lib/arm64-v8a, /system/lib64, /system_ext/lib64]]"
},
{
    "type": "error",
    "extra": "hook all methods error",
    "package_name": "com.feels",
    "class_name": "com.quantcast.measurement.service.QuantcastClient",
    "error": "Error: java.lang.ClassNotFoundException: Didn't find class \"com.quantcast.measurement.service.QuantcastClient\" on path: DexPathList[[zip file \"/data/app/~~mod7R8gax5NFnr6WGLxbCA==/com.feels-twVZykPd60NdJddbUWv_jw==/base.apk\", zip file \"/data/app/~~mod7R8gax5NFnr6WGLxbCA==/com.feels-twVZykPd60NdJddbUWv_jw==/split_config.arm64_v8a.apk\", zip file \"/data/app/~~mod7R8gax5NFnr6WGLxbCA==/com.feels-twVZykPd60NdJddbUWv_jw==/split_config.en.apk\", zip file \"/data/app/~~mod7R8gax5NFnr6WGLxbCA==/com.feels-twVZykPd60NdJddbUWv_jw==/split_config.mdpi.apk\"],nativeLibraryDirectories=[/data/app/~~mod7R8gax5NFnr6WGLxbCA==/com.feels-twVZykPd60NdJddbUWv_jw==/lib/arm64, /data/app/~~mod7R8gax5NFnr6WGLxbCA==/com.feels-twVZykPd60NdJddbUWv_jw==/base.apk!/lib/arm64-v8a, /data/app/~~mod7R8gax5NFnr6WGLxbCA==/com.feels-twVZykPd60NdJddbUWv_jw==/split_config.arm64_v8a.apk!/lib/arm64-v8a, /data/app/~~mod7R8gax5NFnr6WGLxbCA==/com.feels-twVZykPd60NdJddbUWv_jw==/split_config.en.apk!/lib/arm64-v8a, /data/app/~~mod7R8gax5NFnr6WGLxbCA==/com.feels-twVZykPd60NdJddbUWv_jw==/split_config.mdpi.apk!/lib/arm64-v8a, /system/lib64, /system_ext/lib64]]"
},
{
    "type": "error",
    "extra": "hook all methods error",
    "package_name": "com.feels",
    "class_name": "com.criteo.publisher.CriteoInterstitial",
    "error": "Error: java.lang.ClassNotFoundException: Didn't find class \"com.criteo.publisher.CriteoInterstitial\" on path: DexPathList[[zip file \"/data/app/~~mod7R8gax5NFnr6WGLxbCA==/com.feels-twVZykPd60NdJddbUWv_jw==/base.apk\", zip file \"/data/app/~~mod7R8gax5NFnr6WGLxbCA==/com.feels-twVZykPd60NdJddbUWv_jw==/split_config.arm64_v8a.apk\", zip file \"/data/app/~~mod7R8gax5NFnr6WGLxbCA==/com.feels-twVZykPd60NdJddbUWv_jw==/split_config.en.apk\", zip file \"/data/app/~~mod7R8gax5NFnr6WGLxbCA==/com.feels-twVZykPd60NdJddbUWv_jw==/split_config.mdpi.apk\"],nativeLibraryDirectories=[/data/app/~~mod7R8gax5NFnr6WGLxbCA==/com.feels-twVZykPd60NdJddbUWv_jw==/lib/arm64, /data/app/~~mod7R8gax5NFnr6WGLxbCA==/com.feels-twVZykPd60NdJddbUWv_jw==/base.apk!/lib/arm64-v8a, /data/app/~~mod7R8gax5NFnr6WGLxbCA==/com.feels-twVZykPd60NdJddbUWv_jw==/split_config.arm64_v8a.apk!/lib/arm64-v8a, /data/app/~~mod7R8gax5NFnr6WGLxbCA==/com.feels-twVZykPd60NdJddbUWv_jw==/split_config.en.apk!/lib/arm64-v8a, /data/app/~~mod7R8gax5NFnr6WGLxbCA==/com.feels-twVZykPd60NdJddbUWv_jw==/split_config.mdpi.apk!/lib/arm64-v8a, /system/lib64, /system_ext/lib64]]"
},
{
    "type": "error",
    "extra": "hook all methods error",
    "package_name": "com.feels",
    "class_name": "com.appbrain.mediation.AdmobAdapter",
    "error": "Error: java.lang.ClassNotFoundException: Didn't find class \"com.appbrain.mediation.AdmobAdapter\" on path: DexPathList[[zip file \"/data/app/~~mod7R8gax5NFnr6WGLxbCA==/com.feels-twVZykPd60NdJddbUWv_jw==/base.apk\", zip file \"/data/app/~~mod7R8gax5NFnr6WGLxbCA==/com.feels-twVZykPd60NdJddbUWv_jw==/split_config.arm64_v8a.apk\", zip file \"/data/app/~~mod7R8gax5NFnr6WGLxbCA==/com.feels-twVZykPd60NdJddbUWv_jw==/split_config.en.apk\", zip file \"/data/app/~~mod7R8gax5NFnr6WGLxbCA==/com.feels-twVZykPd60NdJddbUWv_jw==/split_config.mdpi.apk\"],nativeLibraryDirectories=[/data/app/~~mod7R8gax5NFnr6WGLxbCA==/com.feels-twVZykPd60NdJddbUWv_jw==/lib/arm64, /data/app/~~mod7R8gax5NFnr6WGLxbCA==/com.feels-twVZykPd60NdJddbUWv_jw==/base.apk!/lib/arm64-v8a, /data/app/~~mod7R8gax5NFnr6WGLxbCA==/com.feels-twVZykPd60NdJddbUWv_jw==/split_config.arm64_v8a.apk!/lib/arm64-v8a, /data/app/~~mod7R8gax5NFnr6WGLxbCA==/com.feels-twVZykPd60NdJddbUWv_jw==/split_config.en.apk!/lib/arm64-v8a, /data/app/~~mod7R8gax5NFnr6WGLxbCA==/com.feels-twVZykPd60NdJddbUWv_jw==/split_config.mdpi.apk!/lib/arm64-v8a, /system/lib64, /system_ext/lib64]]"
},
{
    "type": "error",
    "extra": "hook all methods error",
    "package_name": "com.feels",
    "class_name": "com.bytedance.sdk.openadsdk.api.init.PAGConfig$Builder",
    "error": "Error: java.lang.ClassNotFoundException: Didn't find class \"com.bytedance.sdk.openadsdk.api.init.PAGConfig$Builder\" on path: DexPathList[[zip file \"/data/app/~~mod7R8gax5NFnr6WGLxbCA==/com.feels-twVZykPd60NdJddbUWv_jw==/base.apk\", zip file \"/data/app/~~mod7R8gax5NFnr6WGLxbCA==/com.feels-twVZykPd60NdJddbUWv_jw==/split_config.arm64_v8a.apk\", zip file \"/data/app/~~mod7R8gax5NFnr6WGLxbCA==/com.feels-twVZykPd60NdJddbUWv_jw==/split_config.en.apk\", zip file \"/data/app/~~mod7R8gax5NFnr6WGLxbCA==/com.feels-twVZykPd60NdJddbUWv_jw==/split_config.mdpi.apk\"],nativeLibraryDirectories=[/data/app/~~mod7R8gax5NFnr6WGLxbCA==/com.feels-twVZykPd60NdJddbUWv_jw==/lib/arm64, /data/app/~~mod7R8gax5NFnr6WGLxbCA==/com.feels-twVZykPd60NdJddbUWv_jw==/base.apk!/lib/arm64-v8a, /data/app/~~mod7R8gax5NFnr6WGLxbCA==/com.feels-twVZykPd60NdJddbUWv_jw==/split_config.arm64_v8a.apk!/lib/arm64-v8a, /data/app/~~mod7R8gax5NFnr6WGLxbCA==/com.feels-twVZykPd60NdJddbUWv_jw==/split_config.en.apk!/lib/arm64-v8a, /data/app/~~mod7R8gax5NFnr6WGLxbCA==/com.feels-twVZykPd60NdJddbUWv_jw==/split_config.mdpi.apk!/lib/arm64-v8a, /system/lib64, /system_ext/lib64]]"
},
{
    "type": "error",
    "extra": "hook all methods error",
    "package_name": "com.feels",
    "class_name": "com.tappx.sdk.android.TappxBanner",
    "error": "Error: java.lang.ClassNotFoundException: Didn't find class \"com.tappx.sdk.android.TappxBanner\" on path: DexPathList[[zip file \"/data/app/~~mod7R8gax5NFnr6WGLxbCA==/com.feels-twVZykPd60NdJddbUWv_jw==/base.apk\", zip file \"/data/app/~~mod7R8gax5NFnr6WGLxbCA==/com.feels-twVZykPd60NdJddbUWv_jw==/split_config.arm64_v8a.apk\", zip file \"/data/app/~~mod7R8gax5NFnr6WGLxbCA==/com.feels-twVZykPd60NdJddbUWv_jw==/split_config.en.apk\", zip file \"/data/app/~~mod7R8gax5NFnr6WGLxbCA==/com.feels-twVZykPd60NdJddbUWv_jw==/split_config.mdpi.apk\"],nativeLibraryDirectories=[/data/app/~~mod7R8gax5NFnr6WGLxbCA==/com.feels-twVZykPd60NdJddbUWv_jw==/lib/arm64, /data/app/~~mod7R8gax5NFnr6WGLxbCA==/com.feels-twVZykPd60NdJddbUWv_jw==/base.apk!/lib/arm64-v8a, /data/app/~~mod7R8gax5NFnr6WGLxbCA==/com.feels-twVZykPd60NdJddbUWv_jw==/split_config.arm64_v8a.apk!/lib/arm64-v8a, /data/app/~~mod7R8gax5NFnr6WGLxbCA==/com.feels-twVZykPd60NdJddbUWv_jw==/split_config.en.apk!/lib/arm64-v8a, /data/app/~~mod7R8gax5NFnr6WGLxbCA==/com.feels-twVZykPd60NdJddbUWv_jw==/split_config.mdpi.apk!/lib/arm64-v8a, /system/lib64, /system_ext/lib64]]"
},
{
    "type": "error",
    "extra": "hook all methods error",
    "package_name": "com.feels",
    "class_name": "com.vungle.ads.NativeAd",
    "error": "Error: java.lang.ClassNotFoundException: Didn't find class \"com.vungle.ads.NativeAd\" on path: DexPathList[[zip file \"/data/app/~~mod7R8gax5NFnr6WGLxbCA==/com.feels-twVZykPd60NdJddbUWv_jw==/base.apk\", zip file \"/data/app/~~mod7R8gax5NFnr6WGLxbCA==/com.feels-twVZykPd60NdJddbUWv_jw==/split_config.arm64_v8a.apk\", zip file \"/data/app/~~mod7R8gax5NFnr6WGLxbCA==/com.feels-twVZykPd60NdJddbUWv_jw==/split_config.en.apk\", zip file \"/data/app/~~mod7R8gax5NFnr6WGLxbCA==/com.feels-twVZykPd60NdJddbUWv_jw==/split_config.mdpi.apk\"],nativeLibraryDirectories=[/data/app/~~mod7R8gax5NFnr6WGLxbCA==/com.feels-twVZykPd60NdJddbUWv_jw==/lib/arm64, /data/app/~~mod7R8gax5NFnr6WGLxbCA==/com.feels-twVZykPd60NdJddbUWv_jw==/base.apk!/lib/arm64-v8a, /data/app/~~mod7R8gax5NFnr6WGLxbCA==/com.feels-twVZykPd60NdJddbUWv_jw==/split_config.arm64_v8a.apk!/lib/arm64-v8a, /data/app/~~mod7R8gax5NFnr6WGLxbCA==/com.feels-twVZykPd60NdJddbUWv_jw==/split_config.en.apk!/lib/arm64-v8a, /data/app/~~mod7R8gax5NFnr6WGLxbCA==/com.feels-twVZykPd60NdJddbUWv_jw==/split_config.mdpi.apk!/lib/arm64-v8a, /system/lib64, /system_ext/lib64]]"
},
{
    "type": "error",
    "extra": "hook all methods error",
    "package_name": "com.feels",
    "class_name": "com.clevertap.android.sdk.CleverTapAPI",
    "error": "Error: java.lang.ClassNotFoundException: Didn't find class \"com.clevertap.android.sdk.CleverTapAPI\" on path: DexPathList[[zip file \"/data/app/~~mod7R8gax5NFnr6WGLxbCA==/com.feels-twVZykPd60NdJddbUWv_jw==/base.apk\", zip file \"/data/app/~~mod7R8gax5NFnr6WGLxbCA==/com.feels-twVZykPd60NdJddbUWv_jw==/split_config.arm64_v8a.apk\", zip file \"/data/app/~~mod7R8gax5NFnr6WGLxbCA==/com.feels-twVZykPd60NdJddbUWv_jw==/split_config.en.apk\", zip file \"/data/app/~~mod7R8gax5NFnr6WGLxbCA==/com.feels-twVZykPd60NdJddbUWv_jw==/split_config.mdpi.apk\"],nativeLibraryDirectories=[/data/app/~~mod7R8gax5NFnr6WGLxbCA==/com.feels-twVZykPd60NdJddbUWv_jw==/lib/arm64, /data/app/~~mod7R8gax5NFnr6WGLxbCA==/com.feels-twVZykPd60NdJddbUWv_jw==/base.apk!/lib/arm64-v8a, /data/app/~~mod7R8gax5NFnr6WGLxbCA==/com.feels-twVZykPd60NdJddbUWv_jw==/split_config.arm64_v8a.apk!/lib/arm64-v8a, /data/app/~~mod7R8gax5NFnr6WGLxbCA==/com.feels-twVZykPd60NdJddbUWv_jw==/split_config.en.apk!/lib/arm64-v8a, /data/app/~~mod7R8gax5NFnr6WGLxbCA==/com.feels-twVZykPd60NdJddbUWv_jw==/split_config.mdpi.apk!/lib/arm64-v8a, /system/lib64, /system_ext/lib64]]"
},
{
    "type": "error",
    "extra": "hook all methods error",
    "package_name": "com.feels",
    "class_name": "com.bytedance.sdk.openadsdk.api.reward.PAGRewardedAd",
    "error": "Error: java.lang.ClassNotFoundException: Didn't find class \"com.bytedance.sdk.openadsdk.api.reward.PAGRewardedAd\" on path: DexPathList[[zip file \"/data/app/~~mod7R8gax5NFnr6WGLxbCA==/com.feels-twVZykPd60NdJddbUWv_jw==/base.apk\", zip file \"/data/app/~~mod7R8gax5NFnr6WGLxbCA==/com.feels-twVZykPd60NdJddbUWv_jw==/split_config.arm64_v8a.apk\", zip file \"/data/app/~~mod7R8gax5NFnr6WGLxbCA==/com.feels-twVZykPd60NdJddbUWv_jw==/split_config.en.apk\", zip file \"/data/app/~~mod7R8gax5NFnr6WGLxbCA==/com.feels-twVZykPd60NdJddbUWv_jw==/split_config.mdpi.apk\"],nativeLibraryDirectories=[/data/app/~~mod7R8gax5NFnr6WGLxbCA==/com.feels-twVZykPd60NdJddbUWv_jw==/lib/arm64, /data/app/~~mod7R8gax5NFnr6WGLxbCA==/com.feels-twVZykPd60NdJddbUWv_jw==/base.apk!/lib/arm64-v8a, /data/app/~~mod7R8gax5NFnr6WGLxbCA==/com.feels-twVZykPd60NdJddbUWv_jw==/split_config.arm64_v8a.apk!/lib/arm64-v8a, /data/app/~~mod7R8gax5NFnr6WGLxbCA==/com.feels-twVZykPd60NdJddbUWv_jw==/split_config.en.apk!/lib/arm64-v8a, /data/app/~~mod7R8gax5NFnr6WGLxbCA==/com.feels-twVZykPd60NdJddbUWv_jw==/split_config.mdpi.apk!/lib/arm64-v8a, /system/lib64, /system_ext/lib64]]"
},
{
    "type": "error",
    "extra": "hook all methods error",
    "package_name": "com.feels",
    "class_name": "org.prebid.mobile.TargetingParams",
    "error": "Error: java.lang.ClassNotFoundException: Didn't find class \"org.prebid.mobile.TargetingParams\" on path: DexPathList[[zip file \"/data/app/~~mod7R8gax5NFnr6WGLxbCA==/com.feels-twVZykPd60NdJddbUWv_jw==/base.apk\", zip file \"/data/app/~~mod7R8gax5NFnr6WGLxbCA==/com.feels-twVZykPd60NdJddbUWv_jw==/split_config.arm64_v8a.apk\", zip file \"/data/app/~~mod7R8gax5NFnr6WGLxbCA==/com.feels-twVZykPd60NdJddbUWv_jw==/split_config.en.apk\", zip file \"/data/app/~~mod7R8gax5NFnr6WGLxbCA==/com.feels-twVZykPd60NdJddbUWv_jw==/split_config.mdpi.apk\"],nativeLibraryDirectories=[/data/app/~~mod7R8gax5NFnr6WGLxbCA==/com.feels-twVZykPd60NdJddbUWv_jw==/lib/arm64, /data/app/~~mod7R8gax5NFnr6WGLxbCA==/com.feels-twVZykPd60NdJddbUWv_jw==/base.apk!/lib/arm64-v8a, /data/app/~~mod7R8gax5NFnr6WGLxbCA==/com.feels-twVZykPd60NdJddbUWv_jw==/split_config.arm64_v8a.apk!/lib/arm64-v8a, /data/app/~~mod7R8gax5NFnr6WGLxbCA==/com.feels-twVZykPd60NdJddbUWv_jw==/split_config.en.apk!/lib/arm64-v8a, /data/app/~~mod7R8gax5NFnr6WGLxbCA==/com.feels-twVZykPd60NdJddbUWv_jw==/split_config.mdpi.apk!/lib/arm64-v8a, /system/lib64, /system_ext/lib64]]"
},
{
    "type": "error",
    "extra": "hook all methods error",
    "package_name": "com.feels",
    "class_name": "com.anythink.core.api.ATSDK",
    "error": "Error: java.lang.ClassNotFoundException: Didn't find class \"com.anythink.core.api.ATSDK\" on path: DexPathList[[zip file \"/data/app/~~mod7R8gax5NFnr6WGLxbCA==/com.feels-twVZykPd60NdJddbUWv_jw==/base.apk\", zip file \"/data/app/~~mod7R8gax5NFnr6WGLxbCA==/com.feels-twVZykPd60NdJddbUWv_jw==/split_config.arm64_v8a.apk\", zip file \"/data/app/~~mod7R8gax5NFnr6WGLxbCA==/com.feels-twVZykPd60NdJddbUWv_jw==/split_config.en.apk\", zip file \"/data/app/~~mod7R8gax5NFnr6WGLxbCA==/com.feels-twVZykPd60NdJddbUWv_jw==/split_config.mdpi.apk\"],nativeLibraryDirectories=[/data/app/~~mod7R8gax5NFnr6WGLxbCA==/com.feels-twVZykPd60NdJddbUWv_jw==/lib/arm64, /data/app/~~mod7R8gax5NFnr6WGLxbCA==/com.feels-twVZykPd60NdJddbUWv_jw==/base.apk!/lib/arm64-v8a, /data/app/~~mod7R8gax5NFnr6WGLxbCA==/com.feels-twVZykPd60NdJddbUWv_jw==/split_config.arm64_v8a.apk!/lib/arm64-v8a, /data/app/~~mod7R8gax5NFnr6WGLxbCA==/com.feels-twVZykPd60NdJddbUWv_jw==/split_config.en.apk!/lib/arm64-v8a, /data/app/~~mod7R8gax5NFnr6WGLxbCA==/com.feels-twVZykPd60NdJddbUWv_jw==/split_config.mdpi.apk!/lib/arm64-v8a, /system/lib64, /system_ext/lib64]]"
},
{
    "type": "error",
    "extra": "hook all methods error",
    "package_name": "com.feels",
    "class_name": "com.kochava.tracker.events.Event",
    "error": "Error: java.lang.ClassNotFoundException: Didn't find class \"com.kochava.tracker.events.Event\" on path: DexPathList[[zip file \"/data/app/~~mod7R8gax5NFnr6WGLxbCA==/com.feels-twVZykPd60NdJddbUWv_jw==/base.apk\", zip file \"/data/app/~~mod7R8gax5NFnr6WGLxbCA==/com.feels-twVZykPd60NdJddbUWv_jw==/split_config.arm64_v8a.apk\", zip file \"/data/app/~~mod7R8gax5NFnr6WGLxbCA==/com.feels-twVZykPd60NdJddbUWv_jw==/split_config.en.apk\", zip file \"/data/app/~~mod7R8gax5NFnr6WGLxbCA==/com.feels-twVZykPd60NdJddbUWv_jw==/split_config.mdpi.apk\"],nativeLibraryDirectories=[/data/app/~~mod7R8gax5NFnr6WGLxbCA==/com.feels-twVZykPd60NdJddbUWv_jw==/lib/arm64, /data/app/~~mod7R8gax5NFnr6WGLxbCA==/com.feels-twVZykPd60NdJddbUWv_jw==/base.apk!/lib/arm64-v8a, /data/app/~~mod7R8gax5NFnr6WGLxbCA==/com.feels-twVZykPd60NdJddbUWv_jw==/split_config.arm64_v8a.apk!/lib/arm64-v8a, /data/app/~~mod7R8gax5NFnr6WGLxbCA==/com.feels-twVZykPd60NdJddbUWv_jw==/split_config.en.apk!/lib/arm64-v8a, /data/app/~~mod7R8gax5NFnr6WGLxbCA==/com.feels-twVZykPd60NdJddbUWv_jw==/split_config.mdpi.apk!/lib/arm64-v8a, /system/lib64, /system_ext/lib64]]"
},
{
    "type": "error",
    "extra": "hook all methods error",
    "package_name": "com.feels",
    "class_name": "com.vungle.ads.VungleAds",
    "error": "Error: java.lang.ClassNotFoundException: Didn't find class \"com.vungle.ads.VungleAds\" on path: DexPathList[[zip file \"/data/app/~~mod7R8gax5NFnr6WGLxbCA==/com.feels-twVZykPd60NdJddbUWv_jw==/base.apk\", zip file \"/data/app/~~mod7R8gax5NFnr6WGLxbCA==/com.feels-twVZykPd60NdJddbUWv_jw==/split_config.arm64_v8a.apk\", zip file \"/data/app/~~mod7R8gax5NFnr6WGLxbCA==/com.feels-twVZykPd60NdJddbUWv_jw==/split_config.en.apk\", zip file \"/data/app/~~mod7R8gax5NFnr6WGLxbCA==/com.feels-twVZykPd60NdJddbUWv_jw==/split_config.mdpi.apk\"],nativeLibraryDirectories=[/data/app/~~mod7R8gax5NFnr6WGLxbCA==/com.feels-twVZykPd60NdJddbUWv_jw==/lib/arm64, /data/app/~~mod7R8gax5NFnr6WGLxbCA==/com.feels-twVZykPd60NdJddbUWv_jw==/base.apk!/lib/arm64-v8a, /data/app/~~mod7R8gax5NFnr6WGLxbCA==/com.feels-twVZykPd60NdJddbUWv_jw==/split_config.arm64_v8a.apk!/lib/arm64-v8a, /data/app/~~mod7R8gax5NFnr6WGLxbCA==/com.feels-twVZykPd60NdJddbUWv_jw==/split_config.en.apk!/lib/arm64-v8a, /data/app/~~mod7R8gax5NFnr6WGLxbCA==/com.feels-twVZykPd60NdJddbUWv_jw==/split_config.mdpi.apk!/lib/arm64-v8a, /system/lib64, /system_ext/lib64]]"
},
{
    "type": "error",
    "extra": "hook all methods error",
    "package_name": "com.feels",
    "class_name": "com.adxcorp.ads.BannerAd",
    "error": "Error: java.lang.ClassNotFoundException: Didn't find class \"com.adxcorp.ads.BannerAd\" on path: DexPathList[[zip file \"/data/app/~~mod7R8gax5NFnr6WGLxbCA==/com.feels-twVZykPd60NdJddbUWv_jw==/base.apk\", zip file \"/data/app/~~mod7R8gax5NFnr6WGLxbCA==/com.feels-twVZykPd60NdJddbUWv_jw==/split_config.arm64_v8a.apk\", zip file \"/data/app/~~mod7R8gax5NFnr6WGLxbCA==/com.feels-twVZykPd60NdJddbUWv_jw==/split_config.en.apk\", zip file \"/data/app/~~mod7R8gax5NFnr6WGLxbCA==/com.feels-twVZykPd60NdJddbUWv_jw==/split_config.mdpi.apk\"],nativeLibraryDirectories=[/data/app/~~mod7R8gax5NFnr6WGLxbCA==/com.feels-twVZykPd60NdJddbUWv_jw==/lib/arm64, /data/app/~~mod7R8gax5NFnr6WGLxbCA==/com.feels-twVZykPd60NdJddbUWv_jw==/base.apk!/lib/arm64-v8a, /data/app/~~mod7R8gax5NFnr6WGLxbCA==/com.feels-twVZykPd60NdJddbUWv_jw==/split_config.arm64_v8a.apk!/lib/arm64-v8a, /data/app/~~mod7R8gax5NFnr6WGLxbCA==/com.feels-twVZykPd60NdJddbUWv_jw==/split_config.en.apk!/lib/arm64-v8a, /data/app/~~mod7R8gax5NFnr6WGLxbCA==/com.feels-twVZykPd60NdJddbUWv_jw==/split_config.mdpi.apk!/lib/arm64-v8a, /system/lib64, /system_ext/lib64]]"
},
{
    "type": "error",
    "extra": "hook all methods error",
    "package_name": "com.feels",
    "class_name": "admost.sdk.base.AdMostConfiguration$Builder",
    "error": "Error: java.lang.ClassNotFoundException: Didn't find class \"admost.sdk.base.AdMostConfiguration$Builder\" on path: DexPathList[[zip file \"/data/app/~~mod7R8gax5NFnr6WGLxbCA==/com.feels-twVZykPd60NdJddbUWv_jw==/base.apk\", zip file \"/data/app/~~mod7R8gax5NFnr6WGLxbCA==/com.feels-twVZykPd60NdJddbUWv_jw==/split_config.arm64_v8a.apk\", zip file \"/data/app/~~mod7R8gax5NFnr6WGLxbCA==/com.feels-twVZykPd60NdJddbUWv_jw==/split_config.en.apk\", zip file \"/data/app/~~mod7R8gax5NFnr6WGLxbCA==/com.feels-twVZykPd60NdJddbUWv_jw==/split_config.mdpi.apk\"],nativeLibraryDirectories=[/data/app/~~mod7R8gax5NFnr6WGLxbCA==/com.feels-twVZykPd60NdJddbUWv_jw==/lib/arm64, /data/app/~~mod7R8gax5NFnr6WGLxbCA==/com.feels-twVZykPd60NdJddbUWv_jw==/base.apk!/lib/arm64-v8a, /data/app/~~mod7R8gax5NFnr6WGLxbCA==/com.feels-twVZykPd60NdJddbUWv_jw==/split_config.arm64_v8a.apk!/lib/arm64-v8a, /data/app/~~mod7R8gax5NFnr6WGLxbCA==/com.feels-twVZykPd60NdJddbUWv_jw==/split_config.en.apk!/lib/arm64-v8a, /data/app/~~mod7R8gax5NFnr6WGLxbCA==/com.feels-twVZykPd60NdJddbUWv_jw==/split_config.mdpi.apk!/lib/arm64-v8a, /system/lib64, /system_ext/lib64]]"
},
{
    "type": "error",
    "extra": "hook all methods error",
    "package_name": "com.feels",
    "class_name": "com.appodeal.consent.ConsentManager",
    "error": "Error: java.lang.ClassNotFoundException: Didn't find class \"com.appodeal.consent.ConsentManager\" on path: DexPathList[[zip file \"/data/app/~~mod7R8gax5NFnr6WGLxbCA==/com.feels-twVZykPd60NdJddbUWv_jw==/base.apk\", zip file \"/data/app/~~mod7R8gax5NFnr6WGLxbCA==/com.feels-twVZykPd60NdJddbUWv_jw==/split_config.arm64_v8a.apk\", zip file \"/data/app/~~mod7R8gax5NFnr6WGLxbCA==/com.feels-twVZykPd60NdJddbUWv_jw==/split_config.en.apk\", zip file \"/data/app/~~mod7R8gax5NFnr6WGLxbCA==/com.feels-twVZykPd60NdJddbUWv_jw==/split_config.mdpi.apk\"],nativeLibraryDirectories=[/data/app/~~mod7R8gax5NFnr6WGLxbCA==/com.feels-twVZykPd60NdJddbUWv_jw==/lib/arm64, /data/app/~~mod7R8gax5NFnr6WGLxbCA==/com.feels-twVZykPd60NdJddbUWv_jw==/base.apk!/lib/arm64-v8a, /data/app/~~mod7R8gax5NFnr6WGLxbCA==/com.feels-twVZykPd60NdJddbUWv_jw==/split_config.arm64_v8a.apk!/lib/arm64-v8a, /data/app/~~mod7R8gax5NFnr6WGLxbCA==/com.feels-twVZykPd60NdJddbUWv_jw==/split_config.en.apk!/lib/arm64-v8a, /data/app/~~mod7R8gax5NFnr6WGLxbCA==/com.feels-twVZykPd60NdJddbUWv_jw==/split_config.mdpi.apk!/lib/arm64-v8a, /system/lib64, /system_ext/lib64]]"
},
{
    "type": "error",
    "extra": "hook all methods error",
    "package_name": "com.feels",
    "class_name": "org.prebid.mobile.PrebidMobile",
    "error": "Error: java.lang.ClassNotFoundException: Didn't find class \"org.prebid.mobile.PrebidMobile\" on path: DexPathList[[zip file \"/data/app/~~mod7R8gax5NFnr6WGLxbCA==/com.feels-twVZykPd60NdJddbUWv_jw==/base.apk\", zip file \"/data/app/~~mod7R8gax5NFnr6WGLxbCA==/com.feels-twVZykPd60NdJddbUWv_jw==/split_config.arm64_v8a.apk\", zip file \"/data/app/~~mod7R8gax5NFnr6WGLxbCA==/com.feels-twVZykPd60NdJddbUWv_jw==/split_config.en.apk\", zip file \"/data/app/~~mod7R8gax5NFnr6WGLxbCA==/com.feels-twVZykPd60NdJddbUWv_jw==/split_config.mdpi.apk\"],nativeLibraryDirectories=[/data/app/~~mod7R8gax5NFnr6WGLxbCA==/com.feels-twVZykPd60NdJddbUWv_jw==/lib/arm64, /data/app/~~mod7R8gax5NFnr6WGLxbCA==/com.feels-twVZykPd60NdJddbUWv_jw==/base.apk!/lib/arm64-v8a, /data/app/~~mod7R8gax5NFnr6WGLxbCA==/com.feels-twVZykPd60NdJddbUWv_jw==/split_config.arm64_v8a.apk!/lib/arm64-v8a, /data/app/~~mod7R8gax5NFnr6WGLxbCA==/com.feels-twVZykPd60NdJddbUWv_jw==/split_config.en.apk!/lib/arm64-v8a, /data/app/~~mod7R8gax5NFnr6WGLxbCA==/com.feels-twVZykPd60NdJddbUWv_jw==/split_config.mdpi.apk!/lib/arm64-v8a, /system/lib64, /system_ext/lib64]]"
},
{
    "type": "error",
    "extra": "hook all methods error",
    "package_name": "com.feels",
    "class_name": "com.segment.analytics.Analytics",
    "error": "Error: java.lang.ClassNotFoundException: Didn't find class \"com.segment.analytics.Analytics\" on path: DexPathList[[zip file \"/data/app/~~mod7R8gax5NFnr6WGLxbCA==/com.feels-twVZykPd60NdJddbUWv_jw==/base.apk\", zip file \"/data/app/~~mod7R8gax5NFnr6WGLxbCA==/com.feels-twVZykPd60NdJddbUWv_jw==/split_config.arm64_v8a.apk\", zip file \"/data/app/~~mod7R8gax5NFnr6WGLxbCA==/com.feels-twVZykPd60NdJddbUWv_jw==/split_config.en.apk\", zip file \"/data/app/~~mod7R8gax5NFnr6WGLxbCA==/com.feels-twVZykPd60NdJddbUWv_jw==/split_config.mdpi.apk\"],nativeLibraryDirectories=[/data/app/~~mod7R8gax5NFnr6WGLxbCA==/com.feels-twVZykPd60NdJddbUWv_jw==/lib/arm64, /data/app/~~mod7R8gax5NFnr6WGLxbCA==/com.feels-twVZykPd60NdJddbUWv_jw==/base.apk!/lib/arm64-v8a, /data/app/~~mod7R8gax5NFnr6WGLxbCA==/com.feels-twVZykPd60NdJddbUWv_jw==/split_config.arm64_v8a.apk!/lib/arm64-v8a, /data/app/~~mod7R8gax5NFnr6WGLxbCA==/com.feels-twVZykPd60NdJddbUWv_jw==/split_config.en.apk!/lib/arm64-v8a, /data/app/~~mod7R8gax5NFnr6WGLxbCA==/com.feels-twVZykPd60NdJddbUWv_jw==/split_config.mdpi.apk!/lib/arm64-v8a, /system/lib64, /system_ext/lib64]]"
},
{
    "type": "error",
    "extra": "hook all methods error",
    "package_name": "com.feels",
    "class_name": "com.smaato.sdk.banner.widget.BannerView",
    "error": "Error: java.lang.ClassNotFoundException: Didn't find class \"com.smaato.sdk.banner.widget.BannerView\" on path: DexPathList[[zip file \"/data/app/~~mod7R8gax5NFnr6WGLxbCA==/com.feels-twVZykPd60NdJddbUWv_jw==/base.apk\", zip file \"/data/app/~~mod7R8gax5NFnr6WGLxbCA==/com.feels-twVZykPd60NdJddbUWv_jw==/split_config.arm64_v8a.apk\", zip file \"/data/app/~~mod7R8gax5NFnr6WGLxbCA==/com.feels-twVZykPd60NdJddbUWv_jw==/split_config.en.apk\", zip file \"/data/app/~~mod7R8gax5NFnr6WGLxbCA==/com.feels-twVZykPd60NdJddbUWv_jw==/split_config.mdpi.apk\"],nativeLibraryDirectories=[/data/app/~~mod7R8gax5NFnr6WGLxbCA==/com.feels-twVZykPd60NdJddbUWv_jw==/lib/arm64, /data/app/~~mod7R8gax5NFnr6WGLxbCA==/com.feels-twVZykPd60NdJddbUWv_jw==/base.apk!/lib/arm64-v8a, /data/app/~~mod7R8gax5NFnr6WGLxbCA==/com.feels-twVZykPd60NdJddbUWv_jw==/split_config.arm64_v8a.apk!/lib/arm64-v8a, /data/app/~~mod7R8gax5NFnr6WGLxbCA==/com.feels-twVZykPd60NdJddbUWv_jw==/split_config.en.apk!/lib/arm64-v8a, /data/app/~~mod7R8gax5NFnr6WGLxbCA==/com.feels-twVZykPd60NdJddbUWv_jw==/split_config.mdpi.apk!/lib/arm64-v8a, /system/lib64, /system_ext/lib64]]"
},
{
    "type": "error",
    "extra": "hook all methods error",
    "package_name": "com.feels",
    "class_name": "com.vpon.ads.VponNativeAd",
    "error": "Error: java.lang.ClassNotFoundException: Didn't find class \"com.vpon.ads.VponNativeAd\" on path: DexPathList[[zip file \"/data/app/~~mod7R8gax5NFnr6WGLxbCA==/com.feels-twVZykPd60NdJddbUWv_jw==/base.apk\", zip file \"/data/app/~~mod7R8gax5NFnr6WGLxbCA==/com.feels-twVZykPd60NdJddbUWv_jw==/split_config.arm64_v8a.apk\", zip file \"/data/app/~~mod7R8gax5NFnr6WGLxbCA==/com.feels-twVZykPd60NdJddbUWv_jw==/split_config.en.apk\", zip file \"/data/app/~~mod7R8gax5NFnr6WGLxbCA==/com.feels-twVZykPd60NdJddbUWv_jw==/split_config.mdpi.apk\"],nativeLibraryDirectories=[/data/app/~~mod7R8gax5NFnr6WGLxbCA==/com.feels-twVZykPd60NdJddbUWv_jw==/lib/arm64, /data/app/~~mod7R8gax5NFnr6WGLxbCA==/com.feels-twVZykPd60NdJddbUWv_jw==/base.apk!/lib/arm64-v8a, /data/app/~~mod7R8gax5NFnr6WGLxbCA==/com.feels-twVZykPd60NdJddbUWv_jw==/split_config.arm64_v8a.apk!/lib/arm64-v8a, /data/app/~~mod7R8gax5NFnr6WGLxbCA==/com.feels-twVZykPd60NdJddbUWv_jw==/split_config.en.apk!/lib/arm64-v8a, /data/app/~~mod7R8gax5NFnr6WGLxbCA==/com.feels-twVZykPd60NdJddbUWv_jw==/split_config.mdpi.apk!/lib/arm64-v8a, /system/lib64, /system_ext/lib64]]"
},
{
    "type": "error",
    "extra": "hook all methods error",
    "package_name": "com.feels",
    "class_name": "com.tradplus.ads.open.banner.TPBanner",
    "error": "Error: java.lang.ClassNotFoundException: Didn't find class \"com.tradplus.ads.open.banner.TPBanner\" on path: DexPathList[[zip file \"/data/app/~~mod7R8gax5NFnr6WGLxbCA==/com.feels-twVZykPd60NdJddbUWv_jw==/base.apk\", zip file \"/data/app/~~mod7R8gax5NFnr6WGLxbCA==/com.feels-twVZykPd60NdJddbUWv_jw==/split_config.arm64_v8a.apk\", zip file \"/data/app/~~mod7R8gax5NFnr6WGLxbCA==/com.feels-twVZykPd60NdJddbUWv_jw==/split_config.en.apk\", zip file \"/data/app/~~mod7R8gax5NFnr6WGLxbCA==/com.feels-twVZykPd60NdJddbUWv_jw==/split_config.mdpi.apk\"],nativeLibraryDirectories=[/data/app/~~mod7R8gax5NFnr6WGLxbCA==/com.feels-twVZykPd60NdJddbUWv_jw==/lib/arm64, /data/app/~~mod7R8gax5NFnr6WGLxbCA==/com.feels-twVZykPd60NdJddbUWv_jw==/base.apk!/lib/arm64-v8a, /data/app/~~mod7R8gax5NFnr6WGLxbCA==/com.feels-twVZykPd60NdJddbUWv_jw==/split_config.arm64_v8a.apk!/lib/arm64-v8a, /data/app/~~mod7R8gax5NFnr6WGLxbCA==/com.feels-twVZykPd60NdJddbUWv_jw==/split_config.en.apk!/lib/arm64-v8a, /data/app/~~mod7R8gax5NFnr6WGLxbCA==/com.feels-twVZykPd60NdJddbUWv_jw==/split_config.mdpi.apk!/lib/arm64-v8a, /system/lib64, /system_ext/lib64]]"
},
{
    "type": "error",
    "extra": "hook all methods error",
    "package_name": "com.feels",
    "class_name": "sg.bigo.ads.api.BannerAdLoader",
    "error": "Error: java.lang.ClassNotFoundException: Didn't find class \"sg.bigo.ads.api.BannerAdLoader\" on path: DexPathList[[zip file \"/data/app/~~mod7R8gax5NFnr6WGLxbCA==/com.feels-twVZykPd60NdJddbUWv_jw==/base.apk\", zip file \"/data/app/~~mod7R8gax5NFnr6WGLxbCA==/com.feels-twVZykPd60NdJddbUWv_jw==/split_config.arm64_v8a.apk\", zip file \"/data/app/~~mod7R8gax5NFnr6WGLxbCA==/com.feels-twVZykPd60NdJddbUWv_jw==/split_config.en.apk\", zip file \"/data/app/~~mod7R8gax5NFnr6WGLxbCA==/com.feels-twVZykPd60NdJddbUWv_jw==/split_config.mdpi.apk\"],nativeLibraryDirectories=[/data/app/~~mod7R8gax5NFnr6WGLxbCA==/com.feels-twVZykPd60NdJddbUWv_jw==/lib/arm64, /data/app/~~mod7R8gax5NFnr6WGLxbCA==/com.feels-twVZykPd60NdJddbUWv_jw==/base.apk!/lib/arm64-v8a, /data/app/~~mod7R8gax5NFnr6WGLxbCA==/com.feels-twVZykPd60NdJddbUWv_jw==/split_config.arm64_v8a.apk!/lib/arm64-v8a, /data/app/~~mod7R8gax5NFnr6WGLxbCA==/com.feels-twVZykPd60NdJddbUWv_jw==/split_config.en.apk!/lib/arm64-v8a, /data/app/~~mod7R8gax5NFnr6WGLxbCA==/com.feels-twVZykPd60NdJddbUWv_jw==/split_config.mdpi.apk!/lib/arm64-v8a, /system/lib64, /system_ext/lib64]]"
},
{
    "type": "error",
    "extra": "hook all methods error",
    "package_name": "com.feels",
    "class_name": "com.appbrain.AdService",
    "error": "Error: java.lang.ClassNotFoundException: Didn't find class \"com.appbrain.AdService\" on path: DexPathList[[zip file \"/data/app/~~mod7R8gax5NFnr6WGLxbCA==/com.feels-twVZykPd60NdJddbUWv_jw==/base.apk\", zip file \"/data/app/~~mod7R8gax5NFnr6WGLxbCA==/com.feels-twVZykPd60NdJddbUWv_jw==/split_config.arm64_v8a.apk\", zip file \"/data/app/~~mod7R8gax5NFnr6WGLxbCA==/com.feels-twVZykPd60NdJddbUWv_jw==/split_config.en.apk\", zip file \"/data/app/~~mod7R8gax5NFnr6WGLxbCA==/com.feels-twVZykPd60NdJddbUWv_jw==/split_config.mdpi.apk\"],nativeLibraryDirectories=[/data/app/~~mod7R8gax5NFnr6WGLxbCA==/com.feels-twVZykPd60NdJddbUWv_jw==/lib/arm64, /data/app/~~mod7R8gax5NFnr6WGLxbCA==/com.feels-twVZykPd60NdJddbUWv_jw==/base.apk!/lib/arm64-v8a, /data/app/~~mod7R8gax5NFnr6WGLxbCA==/com.feels-twVZykPd60NdJddbUWv_jw==/split_config.arm64_v8a.apk!/lib/arm64-v8a, /data/app/~~mod7R8gax5NFnr6WGLxbCA==/com.feels-twVZykPd60NdJddbUWv_jw==/split_config.en.apk!/lib/arm64-v8a, /data/app/~~mod7R8gax5NFnr6WGLxbCA==/com.feels-twVZykPd60NdJddbUWv_jw==/split_config.mdpi.apk!/lib/arm64-v8a, /system/lib64, /system_ext/lib64]]"
},
{
    "type": "error",
    "extra": "hook all methods error",
    "package_name": "com.feels",
    "class_name": "com.google.android.gms.ads.RequestConfiguration",
    "error": "Error: java.lang.ClassNotFoundException: Didn't find class \"com.google.android.gms.ads.RequestConfiguration\" on path: DexPathList[[zip file \"/data/app/~~mod7R8gax5NFnr6WGLxbCA==/com.feels-twVZykPd60NdJddbUWv_jw==/base.apk\", zip file \"/data/app/~~mod7R8gax5NFnr6WGLxbCA==/com.feels-twVZykPd60NdJddbUWv_jw==/split_config.arm64_v8a.apk\", zip file \"/data/app/~~mod7R8gax5NFnr6WGLxbCA==/com.feels-twVZykPd60NdJddbUWv_jw==/split_config.en.apk\", zip file \"/data/app/~~mod7R8gax5NFnr6WGLxbCA==/com.feels-twVZykPd60NdJddbUWv_jw==/split_config.mdpi.apk\"],nativeLibraryDirectories=[/data/app/~~mod7R8gax5NFnr6WGLxbCA==/com.feels-twVZykPd60NdJddbUWv_jw==/lib/arm64, /data/app/~~mod7R8gax5NFnr6WGLxbCA==/com.feels-twVZykPd60NdJddbUWv_jw==/base.apk!/lib/arm64-v8a, /data/app/~~mod7R8gax5NFnr6WGLxbCA==/com.feels-twVZykPd60NdJddbUWv_jw==/split_config.arm64_v8a.apk!/lib/arm64-v8a, /data/app/~~mod7R8gax5NFnr6WGLxbCA==/com.feels-twVZykPd60NdJddbUWv_jw==/split_config.en.apk!/lib/arm64-v8a, /data/app/~~mod7R8gax5NFnr6WGLxbCA==/com.feels-twVZykPd60NdJddbUWv_jw==/split_config.mdpi.apk!/lib/arm64-v8a, /system/lib64, /system_ext/lib64]]"
},
{
    "type": "error",
    "extra": "hook all methods error",
    "package_name": "com.feels",
    "class_name": "com.appnext.banners.BannerView",
    "error": "Error: java.lang.ClassNotFoundException: Didn't find class \"com.appnext.banners.BannerView\" on path: DexPathList[[zip file \"/data/app/~~mod7R8gax5NFnr6WGLxbCA==/com.feels-twVZykPd60NdJddbUWv_jw==/base.apk\", zip file \"/data/app/~~mod7R8gax5NFnr6WGLxbCA==/com.feels-twVZykPd60NdJddbUWv_jw==/split_config.arm64_v8a.apk\", zip file \"/data/app/~~mod7R8gax5NFnr6WGLxbCA==/com.feels-twVZykPd60NdJddbUWv_jw==/split_config.en.apk\", zip file \"/data/app/~~mod7R8gax5NFnr6WGLxbCA==/com.feels-twVZykPd60NdJddbUWv_jw==/split_config.mdpi.apk\"],nativeLibraryDirectories=[/data/app/~~mod7R8gax5NFnr6WGLxbCA==/com.feels-twVZykPd60NdJddbUWv_jw==/lib/arm64, /data/app/~~mod7R8gax5NFnr6WGLxbCA==/com.feels-twVZykPd60NdJddbUWv_jw==/base.apk!/lib/arm64-v8a, /data/app/~~mod7R8gax5NFnr6WGLxbCA==/com.feels-twVZykPd60NdJddbUWv_jw==/split_config.arm64_v8a.apk!/lib/arm64-v8a, /data/app/~~mod7R8gax5NFnr6WGLxbCA==/com.feels-twVZykPd60NdJddbUWv_jw==/split_config.en.apk!/lib/arm64-v8a, /data/app/~~mod7R8gax5NFnr6WGLxbCA==/com.feels-twVZykPd60NdJddbUWv_jw==/split_config.mdpi.apk!/lib/arm64-v8a, /system/lib64, /system_ext/lib64]]"
},
{
    "type": "error",
    "extra": "hook all methods error",
    "package_name": "com.feels",
    "class_name": "com.ogury.cm.OguryChoiceManager",
    "error": "Error: java.lang.ClassNotFoundException: Didn't find class \"com.ogury.cm.OguryChoiceManager\" on path: DexPathList[[zip file \"/data/app/~~mod7R8gax5NFnr6WGLxbCA==/com.feels-twVZykPd60NdJddbUWv_jw==/base.apk\", zip file \"/data/app/~~mod7R8gax5NFnr6WGLxbCA==/com.feels-twVZykPd60NdJddbUWv_jw==/split_config.arm64_v8a.apk\", zip file \"/data/app/~~mod7R8gax5NFnr6WGLxbCA==/com.feels-twVZykPd60NdJddbUWv_jw==/split_config.en.apk\", zip file \"/data/app/~~mod7R8gax5NFnr6WGLxbCA==/com.feels-twVZykPd60NdJddbUWv_jw==/split_config.mdpi.apk\"],nativeLibraryDirectories=[/data/app/~~mod7R8gax5NFnr6WGLxbCA==/com.feels-twVZykPd60NdJddbUWv_jw==/lib/arm64, /data/app/~~mod7R8gax5NFnr6WGLxbCA==/com.feels-twVZykPd60NdJddbUWv_jw==/base.apk!/lib/arm64-v8a, /data/app/~~mod7R8gax5NFnr6WGLxbCA==/com.feels-twVZykPd60NdJddbUWv_jw==/split_config.arm64_v8a.apk!/lib/arm64-v8a, /data/app/~~mod7R8gax5NFnr6WGLxbCA==/com.feels-twVZykPd60NdJddbUWv_jw==/split_config.en.apk!/lib/arm64-v8a, /data/app/~~mod7R8gax5NFnr6WGLxbCA==/com.feels-twVZykPd60NdJddbUWv_jw==/split_config.mdpi.apk!/lib/arm64-v8a, /system/lib64, /system_ext/lib64]]"
},
{
    "type": "error",
    "extra": "hook all methods error",
    "package_name": "com.feels",
    "class_name": "com.ogury.sdk.Ogury",
    "error": "Error: java.lang.ClassNotFoundException: Didn't find class \"com.ogury.sdk.Ogury\" on path: DexPathList[[zip file \"/data/app/~~mod7R8gax5NFnr6WGLxbCA==/com.feels-twVZykPd60NdJddbUWv_jw==/base.apk\", zip file \"/data/app/~~mod7R8gax5NFnr6WGLxbCA==/com.feels-twVZykPd60NdJddbUWv_jw==/split_config.arm64_v8a.apk\", zip file \"/data/app/~~mod7R8gax5NFnr6WGLxbCA==/com.feels-twVZykPd60NdJddbUWv_jw==/split_config.en.apk\", zip file \"/data/app/~~mod7R8gax5NFnr6WGLxbCA==/com.feels-twVZykPd60NdJddbUWv_jw==/split_config.mdpi.apk\"],nativeLibraryDirectories=[/data/app/~~mod7R8gax5NFnr6WGLxbCA==/com.feels-twVZykPd60NdJddbUWv_jw==/lib/arm64, /data/app/~~mod7R8gax5NFnr6WGLxbCA==/com.feels-twVZykPd60NdJddbUWv_jw==/base.apk!/lib/arm64-v8a, /data/app/~~mod7R8gax5NFnr6WGLxbCA==/com.feels-twVZykPd60NdJddbUWv_jw==/split_config.arm64_v8a.apk!/lib/arm64-v8a, /data/app/~~mod7R8gax5NFnr6WGLxbCA==/com.feels-twVZykPd60NdJddbUWv_jw==/split_config.en.apk!/lib/arm64-v8a, /data/app/~~mod7R8gax5NFnr6WGLxbCA==/com.feels-twVZykPd60NdJddbUWv_jw==/split_config.mdpi.apk!/lib/arm64-v8a, /system/lib64, /system_ext/lib64]]"
},
{
    "type": "error",
    "extra": "hook all methods error",
    "package_name": "com.feels",
    "class_name": "com.quantcast.measurement.service.QCLocation",
    "error": "Error: java.lang.ClassNotFoundException: Didn't find class \"com.quantcast.measurement.service.QCLocation\" on path: DexPathList[[zip file \"/data/app/~~mod7R8gax5NFnr6WGLxbCA==/com.feels-twVZykPd60NdJddbUWv_jw==/base.apk\", zip file \"/data/app/~~mod7R8gax5NFnr6WGLxbCA==/com.feels-twVZykPd60NdJddbUWv_jw==/split_config.arm64_v8a.apk\", zip file \"/data/app/~~mod7R8gax5NFnr6WGLxbCA==/com.feels-twVZykPd60NdJddbUWv_jw==/split_config.en.apk\", zip file \"/data/app/~~mod7R8gax5NFnr6WGLxbCA==/com.feels-twVZykPd60NdJddbUWv_jw==/split_config.mdpi.apk\"],nativeLibraryDirectories=[/data/app/~~mod7R8gax5NFnr6WGLxbCA==/com.feels-twVZykPd60NdJddbUWv_jw==/lib/arm64, /data/app/~~mod7R8gax5NFnr6WGLxbCA==/com.feels-twVZykPd60NdJddbUWv_jw==/base.apk!/lib/arm64-v8a, /data/app/~~mod7R8gax5NFnr6WGLxbCA==/com.feels-twVZykPd60NdJddbUWv_jw==/split_config.arm64_v8a.apk!/lib/arm64-v8a, /data/app/~~mod7R8gax5NFnr6WGLxbCA==/com.feels-twVZykPd60NdJddbUWv_jw==/split_config.en.apk!/lib/arm64-v8a, /data/app/~~mod7R8gax5NFnr6WGLxbCA==/com.feels-twVZykPd60NdJddbUWv_jw==/split_config.mdpi.apk!/lib/arm64-v8a, /system/lib64, /system_ext/lib64]]"
},
{
    "type": "error",
    "extra": "hook all methods error",
    "package_name": "com.feels",
    "class_name": "com.vungle.ads.BannerAd",
    "error": "Error: java.lang.ClassNotFoundException: Didn't find class \"com.vungle.ads.BannerAd\" on path: DexPathList[[zip file \"/data/app/~~mod7R8gax5NFnr6WGLxbCA==/com.feels-twVZykPd60NdJddbUWv_jw==/base.apk\", zip file \"/data/app/~~mod7R8gax5NFnr6WGLxbCA==/com.feels-twVZykPd60NdJddbUWv_jw==/split_config.arm64_v8a.apk\", zip file \"/data/app/~~mod7R8gax5NFnr6WGLxbCA==/com.feels-twVZykPd60NdJddbUWv_jw==/split_config.en.apk\", zip file \"/data/app/~~mod7R8gax5NFnr6WGLxbCA==/com.feels-twVZykPd60NdJddbUWv_jw==/split_config.mdpi.apk\"],nativeLibraryDirectories=[/data/app/~~mod7R8gax5NFnr6WGLxbCA==/com.feels-twVZykPd60NdJddbUWv_jw==/lib/arm64, /data/app/~~mod7R8gax5NFnr6WGLxbCA==/com.feels-twVZykPd60NdJddbUWv_jw==/base.apk!/lib/arm64-v8a, /data/app/~~mod7R8gax5NFnr6WGLxbCA==/com.feels-twVZykPd60NdJddbUWv_jw==/split_config.arm64_v8a.apk!/lib/arm64-v8a, /data/app/~~mod7R8gax5NFnr6WGLxbCA==/com.feels-twVZykPd60NdJddbUWv_jw==/split_config.en.apk!/lib/arm64-v8a, /data/app/~~mod7R8gax5NFnr6WGLxbCA==/com.feels-twVZykPd60NdJddbUWv_jw==/split_config.mdpi.apk!/lib/arm64-v8a, /system/lib64, /system_ext/lib64]]"
},
{
    "type": "error",
    "extra": "hook all methods error",
    "package_name": "com.feels",
    "class_name": "com.chartboost.sdk.Chartboost",
    "error": "Error: java.lang.ClassNotFoundException: Didn't find class \"com.chartboost.sdk.Chartboost\" on path: DexPathList[[zip file \"/data/app/~~mod7R8gax5NFnr6WGLxbCA==/com.feels-twVZykPd60NdJddbUWv_jw==/base.apk\", zip file \"/data/app/~~mod7R8gax5NFnr6WGLxbCA==/com.feels-twVZykPd60NdJddbUWv_jw==/split_config.arm64_v8a.apk\", zip file \"/data/app/~~mod7R8gax5NFnr6WGLxbCA==/com.feels-twVZykPd60NdJddbUWv_jw==/split_config.en.apk\", zip file \"/data/app/~~mod7R8gax5NFnr6WGLxbCA==/com.feels-twVZykPd60NdJddbUWv_jw==/split_config.mdpi.apk\"],nativeLibraryDirectories=[/data/app/~~mod7R8gax5NFnr6WGLxbCA==/com.feels-twVZykPd60NdJddbUWv_jw==/lib/arm64, /data/app/~~mod7R8gax5NFnr6WGLxbCA==/com.feels-twVZykPd60NdJddbUWv_jw==/base.apk!/lib/arm64-v8a, /data/app/~~mod7R8gax5NFnr6WGLxbCA==/com.feels-twVZykPd60NdJddbUWv_jw==/split_config.arm64_v8a.apk!/lib/arm64-v8a, /data/app/~~mod7R8gax5NFnr6WGLxbCA==/com.feels-twVZykPd60NdJddbUWv_jw==/split_config.en.apk!/lib/arm64-v8a, /data/app/~~mod7R8gax5NFnr6WGLxbCA==/com.feels-twVZykPd60NdJddbUWv_jw==/split_config.mdpi.apk!/lib/arm64-v8a, /system/lib64, /system_ext/lib64]]"
},
{
    "type": "error",
    "extra": "hook all methods error",
    "package_name": "com.feels",
    "class_name": "com.flurry.android.ads.FlurryAdInterstitial",
    "error": "Error: java.lang.ClassNotFoundException: Didn't find class \"com.flurry.android.ads.FlurryAdInterstitial\" on path: DexPathList[[zip file \"/data/app/~~mod7R8gax5NFnr6WGLxbCA==/com.feels-twVZykPd60NdJddbUWv_jw==/base.apk\", zip file \"/data/app/~~mod7R8gax5NFnr6WGLxbCA==/com.feels-twVZykPd60NdJddbUWv_jw==/split_config.arm64_v8a.apk\", zip file \"/data/app/~~mod7R8gax5NFnr6WGLxbCA==/com.feels-twVZykPd60NdJddbUWv_jw==/split_config.en.apk\", zip file \"/data/app/~~mod7R8gax5NFnr6WGLxbCA==/com.feels-twVZykPd60NdJddbUWv_jw==/split_config.mdpi.apk\"],nativeLibraryDirectories=[/data/app/~~mod7R8gax5NFnr6WGLxbCA==/com.feels-twVZykPd60NdJddbUWv_jw==/lib/arm64, /data/app/~~mod7R8gax5NFnr6WGLxbCA==/com.feels-twVZykPd60NdJddbUWv_jw==/base.apk!/lib/arm64-v8a, /data/app/~~mod7R8gax5NFnr6WGLxbCA==/com.feels-twVZykPd60NdJddbUWv_jw==/split_config.arm64_v8a.apk!/lib/arm64-v8a, /data/app/~~mod7R8gax5NFnr6WGLxbCA==/com.feels-twVZykPd60NdJddbUWv_jw==/split_config.en.apk!/lib/arm64-v8a, /data/app/~~mod7R8gax5NFnr6WGLxbCA==/com.feels-twVZykPd60NdJddbUWv_jw==/split_config.mdpi.apk!/lib/arm64-v8a, /system/lib64, /system_ext/lib64]]"
},
{
    "type": "error",
    "extra": "hook all methods error",
    "package_name": "com.feels",
    "class_name": "com.ironsource.mediationsdk.IronSource",
    "error": "Error: java.lang.ClassNotFoundException: Didn't find class \"com.ironsource.mediationsdk.IronSource\" on path: DexPathList[[zip file \"/data/app/~~mod7R8gax5NFnr6WGLxbCA==/com.feels-twVZykPd60NdJddbUWv_jw==/base.apk\", zip file \"/data/app/~~mod7R8gax5NFnr6WGLxbCA==/com.feels-twVZykPd60NdJddbUWv_jw==/split_config.arm64_v8a.apk\", zip file \"/data/app/~~mod7R8gax5NFnr6WGLxbCA==/com.feels-twVZykPd60NdJddbUWv_jw==/split_config.en.apk\", zip file \"/data/app/~~mod7R8gax5NFnr6WGLxbCA==/com.feels-twVZykPd60NdJddbUWv_jw==/split_config.mdpi.apk\"],nativeLibraryDirectories=[/data/app/~~mod7R8gax5NFnr6WGLxbCA==/com.feels-twVZykPd60NdJddbUWv_jw==/lib/arm64, /data/app/~~mod7R8gax5NFnr6WGLxbCA==/com.feels-twVZykPd60NdJddbUWv_jw==/base.apk!/lib/arm64-v8a, /data/app/~~mod7R8gax5NFnr6WGLxbCA==/com.feels-twVZykPd60NdJddbUWv_jw==/split_config.arm64_v8a.apk!/lib/arm64-v8a, /data/app/~~mod7R8gax5NFnr6WGLxbCA==/com.feels-twVZykPd60NdJddbUWv_jw==/split_config.en.apk!/lib/arm64-v8a, /data/app/~~mod7R8gax5NFnr6WGLxbCA==/com.feels-twVZykPd60NdJddbUWv_jw==/split_config.mdpi.apk!/lib/arm64-v8a, /system/lib64, /system_ext/lib64]]"
},
{
    "type": "error",
    "extra": "hook all methods error",
    "package_name": "com.feels",
    "class_name": "sg.bigo.ads.api.AdConfig",
    "error": "Error: java.lang.ClassNotFoundException: Didn't find class \"sg.bigo.ads.api.AdConfig\" on path: DexPathList[[zip file \"/data/app/~~mod7R8gax5NFnr6WGLxbCA==/com.feels-twVZykPd60NdJddbUWv_jw==/base.apk\", zip file \"/data/app/~~mod7R8gax5NFnr6WGLxbCA==/com.feels-twVZykPd60NdJddbUWv_jw==/split_config.arm64_v8a.apk\", zip file \"/data/app/~~mod7R8gax5NFnr6WGLxbCA==/com.feels-twVZykPd60NdJddbUWv_jw==/split_config.en.apk\", zip file \"/data/app/~~mod7R8gax5NFnr6WGLxbCA==/com.feels-twVZykPd60NdJddbUWv_jw==/split_config.mdpi.apk\"],nativeLibraryDirectories=[/data/app/~~mod7R8gax5NFnr6WGLxbCA==/com.feels-twVZykPd60NdJddbUWv_jw==/lib/arm64, /data/app/~~mod7R8gax5NFnr6WGLxbCA==/com.feels-twVZykPd60NdJddbUWv_jw==/base.apk!/lib/arm64-v8a, /data/app/~~mod7R8gax5NFnr6WGLxbCA==/com.feels-twVZykPd60NdJddbUWv_jw==/split_config.arm64_v8a.apk!/lib/arm64-v8a, /data/app/~~mod7R8gax5NFnr6WGLxbCA==/com.feels-twVZykPd60NdJddbUWv_jw==/split_config.en.apk!/lib/arm64-v8a, /data/app/~~mod7R8gax5NFnr6WGLxbCA==/com.feels-twVZykPd60NdJddbUWv_jw==/split_config.mdpi.apk!/lib/arm64-v8a, /system/lib64, /system_ext/lib64]]"
},
{
    "type": "error",
    "extra": "hook all methods error",
    "package_name": "com.feels",
    "class_name": "com.tradplus.ads.open.TradPlusSdk",
    "error": "Error: java.lang.ClassNotFoundException: Didn't find class \"com.tradplus.ads.open.TradPlusSdk\" on path: DexPathList[[zip file \"/data/app/~~mod7R8gax5NFnr6WGLxbCA==/com.feels-twVZykPd60NdJddbUWv_jw==/base.apk\", zip file \"/data/app/~~mod7R8gax5NFnr6WGLxbCA==/com.feels-twVZykPd60NdJddbUWv_jw==/split_config.arm64_v8a.apk\", zip file \"/data/app/~~mod7R8gax5NFnr6WGLxbCA==/com.feels-twVZykPd60NdJddbUWv_jw==/split_config.en.apk\", zip file \"/data/app/~~mod7R8gax5NFnr6WGLxbCA==/com.feels-twVZykPd60NdJddbUWv_jw==/split_config.mdpi.apk\"],nativeLibraryDirectories=[/data/app/~~mod7R8gax5NFnr6WGLxbCA==/com.feels-twVZykPd60NdJddbUWv_jw==/lib/arm64, /data/app/~~mod7R8gax5NFnr6WGLxbCA==/com.feels-twVZykPd60NdJddbUWv_jw==/base.apk!/lib/arm64-v8a, /data/app/~~mod7R8gax5NFnr6WGLxbCA==/com.feels-twVZykPd60NdJddbUWv_jw==/split_config.arm64_v8a.apk!/lib/arm64-v8a, /data/app/~~mod7R8gax5NFnr6WGLxbCA==/com.feels-twVZykPd60NdJddbUWv_jw==/split_config.en.apk!/lib/arm64-v8a, /data/app/~~mod7R8gax5NFnr6WGLxbCA==/com.feels-twVZykPd60NdJddbUWv_jw==/split_config.mdpi.apk!/lib/arm64-v8a, /system/lib64, /system_ext/lib64]]"
},
{
    "type": "error",
    "extra": "hook all methods error",
    "package_name": "com.feels",
    "class_name": "com.my.target.common.MyTargetPrivacy",
    "error": "Error: java.lang.ClassNotFoundException: Didn't find class \"com.my.target.common.MyTargetPrivacy\" on path: DexPathList[[zip file \"/data/app/~~mod7R8gax5NFnr6WGLxbCA==/com.feels-twVZykPd60NdJddbUWv_jw==/base.apk\", zip file \"/data/app/~~mod7R8gax5NFnr6WGLxbCA==/com.feels-twVZykPd60NdJddbUWv_jw==/split_config.arm64_v8a.apk\", zip file \"/data/app/~~mod7R8gax5NFnr6WGLxbCA==/com.feels-twVZykPd60NdJddbUWv_jw==/split_config.en.apk\", zip file \"/data/app/~~mod7R8gax5NFnr6WGLxbCA==/com.feels-twVZykPd60NdJddbUWv_jw==/split_config.mdpi.apk\"],nativeLibraryDirectories=[/data/app/~~mod7R8gax5NFnr6WGLxbCA==/com.feels-twVZykPd60NdJddbUWv_jw==/lib/arm64, /data/app/~~mod7R8gax5NFnr6WGLxbCA==/com.feels-twVZykPd60NdJddbUWv_jw==/base.apk!/lib/arm64-v8a, /data/app/~~mod7R8gax5NFnr6WGLxbCA==/com.feels-twVZykPd60NdJddbUWv_jw==/split_config.arm64_v8a.apk!/lib/arm64-v8a, /data/app/~~mod7R8gax5NFnr6WGLxbCA==/com.feels-twVZykPd60NdJddbUWv_jw==/split_config.en.apk!/lib/arm64-v8a, /data/app/~~mod7R8gax5NFnr6WGLxbCA==/com.feels-twVZykPd60NdJddbUWv_jw==/split_config.mdpi.apk!/lib/arm64-v8a, /system/lib64, /system_ext/lib64]]"
},
{
    "type": "error",
    "extra": "hook all methods error",
    "package_name": "com.feels",
    "class_name": "com.igaworks.v2.core.AdBrixRm",
    "error": "Error: java.lang.ClassNotFoundException: Didn't find class \"com.igaworks.v2.core.AdBrixRm\" on path: DexPathList[[zip file \"/data/app/~~mod7R8gax5NFnr6WGLxbCA==/com.feels-twVZykPd60NdJddbUWv_jw==/base.apk\", zip file \"/data/app/~~mod7R8gax5NFnr6WGLxbCA==/com.feels-twVZykPd60NdJddbUWv_jw==/split_config.arm64_v8a.apk\", zip file \"/data/app/~~mod7R8gax5NFnr6WGLxbCA==/com.feels-twVZykPd60NdJddbUWv_jw==/split_config.en.apk\", zip file \"/data/app/~~mod7R8gax5NFnr6WGLxbCA==/com.feels-twVZykPd60NdJddbUWv_jw==/split_config.mdpi.apk\"],nativeLibraryDirectories=[/data/app/~~mod7R8gax5NFnr6WGLxbCA==/com.feels-twVZykPd60NdJddbUWv_jw==/lib/arm64, /data/app/~~mod7R8gax5NFnr6WGLxbCA==/com.feels-twVZykPd60NdJddbUWv_jw==/base.apk!/lib/arm64-v8a, /data/app/~~mod7R8gax5NFnr6WGLxbCA==/com.feels-twVZykPd60NdJddbUWv_jw==/split_config.arm64_v8a.apk!/lib/arm64-v8a, /data/app/~~mod7R8gax5NFnr6WGLxbCA==/com.feels-twVZykPd60NdJddbUWv_jw==/split_config.en.apk!/lib/arm64-v8a, /data/app/~~mod7R8gax5NFnr6WGLxbCA==/com.feels-twVZykPd60NdJddbUWv_jw==/split_config.mdpi.apk!/lib/arm64-v8a, /system/lib64, /system_ext/lib64]]"
},
{
    "type": "error",
    "extra": "hook all methods error",
    "package_name": "com.feels",
    "class_name": "com.microsoft.appcenter.crashes.Crashes",
    "error": "Error: java.lang.ClassNotFoundException: Didn't find class \"com.microsoft.appcenter.crashes.Crashes\" on path: DexPathList[[zip file \"/data/app/~~mod7R8gax5NFnr6WGLxbCA==/com.feels-twVZykPd60NdJddbUWv_jw==/base.apk\", zip file \"/data/app/~~mod7R8gax5NFnr6WGLxbCA==/com.feels-twVZykPd60NdJddbUWv_jw==/split_config.arm64_v8a.apk\", zip file \"/data/app/~~mod7R8gax5NFnr6WGLxbCA==/com.feels-twVZykPd60NdJddbUWv_jw==/split_config.en.apk\", zip file \"/data/app/~~mod7R8gax5NFnr6WGLxbCA==/com.feels-twVZykPd60NdJddbUWv_jw==/split_config.mdpi.apk\"],nativeLibraryDirectories=[/data/app/~~mod7R8gax5NFnr6WGLxbCA==/com.feels-twVZykPd60NdJddbUWv_jw==/lib/arm64, /data/app/~~mod7R8gax5NFnr6WGLxbCA==/com.feels-twVZykPd60NdJddbUWv_jw==/base.apk!/lib/arm64-v8a, /data/app/~~mod7R8gax5NFnr6WGLxbCA==/com.feels-twVZykPd60NdJddbUWv_jw==/split_config.arm64_v8a.apk!/lib/arm64-v8a, /data/app/~~mod7R8gax5NFnr6WGLxbCA==/com.feels-twVZykPd60NdJddbUWv_jw==/split_config.en.apk!/lib/arm64-v8a, /data/app/~~mod7R8gax5NFnr6WGLxbCA==/com.feels-twVZykPd60NdJddbUWv_jw==/split_config.mdpi.apk!/lib/arm64-v8a, /system/lib64, /system_ext/lib64]]"
},
{
    "type": "error",
    "extra": "hook all methods error",
    "package_name": "com.feels",
    "class_name": "com.adxcorp.ads.ADXConfiguration",
    "error": "Error: java.lang.ClassNotFoundException: Didn't find class \"com.adxcorp.ads.ADXConfiguration\" on path: DexPathList[[zip file \"/data/app/~~mod7R8gax5NFnr6WGLxbCA==/com.feels-twVZykPd60NdJddbUWv_jw==/base.apk\", zip file \"/data/app/~~mod7R8gax5NFnr6WGLxbCA==/com.feels-twVZykPd60NdJddbUWv_jw==/split_config.arm64_v8a.apk\", zip file \"/data/app/~~mod7R8gax5NFnr6WGLxbCA==/com.feels-twVZykPd60NdJddbUWv_jw==/split_config.en.apk\", zip file \"/data/app/~~mod7R8gax5NFnr6WGLxbCA==/com.feels-twVZykPd60NdJddbUWv_jw==/split_config.mdpi.apk\"],nativeLibraryDirectories=[/data/app/~~mod7R8gax5NFnr6WGLxbCA==/com.feels-twVZykPd60NdJddbUWv_jw==/lib/arm64, /data/app/~~mod7R8gax5NFnr6WGLxbCA==/com.feels-twVZykPd60NdJddbUWv_jw==/base.apk!/lib/arm64-v8a, /data/app/~~mod7R8gax5NFnr6WGLxbCA==/com.feels-twVZykPd60NdJddbUWv_jw==/split_config.arm64_v8a.apk!/lib/arm64-v8a, /data/app/~~mod7R8gax5NFnr6WGLxbCA==/com.feels-twVZykPd60NdJddbUWv_jw==/split_config.en.apk!/lib/arm64-v8a, /data/app/~~mod7R8gax5NFnr6WGLxbCA==/com.feels-twVZykPd60NdJddbUWv_jw==/split_config.mdpi.apk!/lib/arm64-v8a, /system/lib64, /system_ext/lib64]]"
},
{
    "type": "error",
    "extra": "hook all methods error",
    "package_name": "com.feels",
    "class_name": "com.hyprmx.android.sdk.core.HyprMX",
    "error": "Error: java.lang.ClassNotFoundException: Didn't find class \"com.hyprmx.android.sdk.core.HyprMX\" on path: DexPathList[[zip file \"/data/app/~~mod7R8gax5NFnr6WGLxbCA==/com.feels-twVZykPd60NdJddbUWv_jw==/base.apk\", zip file \"/data/app/~~mod7R8gax5NFnr6WGLxbCA==/com.feels-twVZykPd60NdJddbUWv_jw==/split_config.arm64_v8a.apk\", zip file \"/data/app/~~mod7R8gax5NFnr6WGLxbCA==/com.feels-twVZykPd60NdJddbUWv_jw==/split_config.en.apk\", zip file \"/data/app/~~mod7R8gax5NFnr6WGLxbCA==/com.feels-twVZykPd60NdJddbUWv_jw==/split_config.mdpi.apk\"],nativeLibraryDirectories=[/data/app/~~mod7R8gax5NFnr6WGLxbCA==/com.feels-twVZykPd60NdJddbUWv_jw==/lib/arm64, /data/app/~~mod7R8gax5NFnr6WGLxbCA==/com.feels-twVZykPd60NdJddbUWv_jw==/base.apk!/lib/arm64-v8a, /data/app/~~mod7R8gax5NFnr6WGLxbCA==/com.feels-twVZykPd60NdJddbUWv_jw==/split_config.arm64_v8a.apk!/lib/arm64-v8a, /data/app/~~mod7R8gax5NFnr6WGLxbCA==/com.feels-twVZykPd60NdJddbUWv_jw==/split_config.en.apk!/lib/arm64-v8a, /data/app/~~mod7R8gax5NFnr6WGLxbCA==/com.feels-twVZykPd60NdJddbUWv_jw==/split_config.mdpi.apk!/lib/arm64-v8a, /system/lib64, /system_ext/lib64]]"
},
{
    "type": "error",
    "extra": "hook all methods error",
    "package_name": "com.feels",
    "class_name": "admost.sdk.base.AdMostConfiguration",
    "error": "Error: java.lang.ClassNotFoundException: Didn't find class \"admost.sdk.base.AdMostConfiguration\" on path: DexPathList[[zip file \"/data/app/~~mod7R8gax5NFnr6WGLxbCA==/com.feels-twVZykPd60NdJddbUWv_jw==/base.apk\", zip file \"/data/app/~~mod7R8gax5NFnr6WGLxbCA==/com.feels-twVZykPd60NdJddbUWv_jw==/split_config.arm64_v8a.apk\", zip file \"/data/app/~~mod7R8gax5NFnr6WGLxbCA==/com.feels-twVZykPd60NdJddbUWv_jw==/split_config.en.apk\", zip file \"/data/app/~~mod7R8gax5NFnr6WGLxbCA==/com.feels-twVZykPd60NdJddbUWv_jw==/split_config.mdpi.apk\"],nativeLibraryDirectories=[/data/app/~~mod7R8gax5NFnr6WGLxbCA==/com.feels-twVZykPd60NdJddbUWv_jw==/lib/arm64, /data/app/~~mod7R8gax5NFnr6WGLxbCA==/com.feels-twVZykPd60NdJddbUWv_jw==/base.apk!/lib/arm64-v8a, /data/app/~~mod7R8gax5NFnr6WGLxbCA==/com.feels-twVZykPd60NdJddbUWv_jw==/split_config.arm64_v8a.apk!/lib/arm64-v8a, /data/app/~~mod7R8gax5NFnr6WGLxbCA==/com.feels-twVZykPd60NdJddbUWv_jw==/split_config.en.apk!/lib/arm64-v8a, /data/app/~~mod7R8gax5NFnr6WGLxbCA==/com.feels-twVZykPd60NdJddbUWv_jw==/split_config.mdpi.apk!/lib/arm64-v8a, /system/lib64, /system_ext/lib64]]"
},
{
    "type": "error",
    "extra": "hook all methods error",
    "package_name": "com.feels",
    "class_name": "com.ogury.cm.OguryChoiceManagerExternal$TcfV2.",
    "error": "Error: java.lang.ClassNotFoundException: Didn't find class \"com.ogury.cm.OguryChoiceManagerExternal$TcfV2.\" on path: DexPathList[[zip file \"/data/app/~~mod7R8gax5NFnr6WGLxbCA==/com.feels-twVZykPd60NdJddbUWv_jw==/base.apk\", zip file \"/data/app/~~mod7R8gax5NFnr6WGLxbCA==/com.feels-twVZykPd60NdJddbUWv_jw==/split_config.arm64_v8a.apk\", zip file \"/data/app/~~mod7R8gax5NFnr6WGLxbCA==/com.feels-twVZykPd60NdJddbUWv_jw==/split_config.en.apk\", zip file \"/data/app/~~mod7R8gax5NFnr6WGLxbCA==/com.feels-twVZykPd60NdJddbUWv_jw==/split_config.mdpi.apk\"],nativeLibraryDirectories=[/data/app/~~mod7R8gax5NFnr6WGLxbCA==/com.feels-twVZykPd60NdJddbUWv_jw==/lib/arm64, /data/app/~~mod7R8gax5NFnr6WGLxbCA==/com.feels-twVZykPd60NdJddbUWv_jw==/base.apk!/lib/arm64-v8a, /data/app/~~mod7R8gax5NFnr6WGLxbCA==/com.feels-twVZykPd60NdJddbUWv_jw==/split_config.arm64_v8a.apk!/lib/arm64-v8a, /data/app/~~mod7R8gax5NFnr6WGLxbCA==/com.feels-twVZykPd60NdJddbUWv_jw==/split_config.en.apk!/lib/arm64-v8a, /data/app/~~mod7R8gax5NFnr6WGLxbCA==/com.feels-twVZykPd60NdJddbUWv_jw==/split_config.mdpi.apk!/lib/arm64-v8a, /system/lib64, /system_ext/lib64]]"
},
{
    "type": "error",
    "extra": "hook all methods error",
    "package_name": "com.feels",
    "class_name": "com.gameanalytics.sdk.imei.GAImei",
    "error": "Error: java.lang.ClassNotFoundException: Didn't find class \"com.gameanalytics.sdk.imei.GAImei\" on path: DexPathList[[zip file \"/data/app/~~mod7R8gax5NFnr6WGLxbCA==/com.feels-twVZykPd60NdJddbUWv_jw==/base.apk\", zip file \"/data/app/~~mod7R8gax5NFnr6WGLxbCA==/com.feels-twVZykPd60NdJddbUWv_jw==/split_config.arm64_v8a.apk\", zip file \"/data/app/~~mod7R8gax5NFnr6WGLxbCA==/com.feels-twVZykPd60NdJddbUWv_jw==/split_config.en.apk\", zip file \"/data/app/~~mod7R8gax5NFnr6WGLxbCA==/com.feels-twVZykPd60NdJddbUWv_jw==/split_config.mdpi.apk\"],nativeLibraryDirectories=[/data/app/~~mod7R8gax5NFnr6WGLxbCA==/com.feels-twVZykPd60NdJddbUWv_jw==/lib/arm64, /data/app/~~mod7R8gax5NFnr6WGLxbCA==/com.feels-twVZykPd60NdJddbUWv_jw==/base.apk!/lib/arm64-v8a, /data/app/~~mod7R8gax5NFnr6WGLxbCA==/com.feels-twVZykPd60NdJddbUWv_jw==/split_config.arm64_v8a.apk!/lib/arm64-v8a, /data/app/~~mod7R8gax5NFnr6WGLxbCA==/com.feels-twVZykPd60NdJddbUWv_jw==/split_config.en.apk!/lib/arm64-v8a, /data/app/~~mod7R8gax5NFnr6WGLxbCA==/com.feels-twVZykPd60NdJddbUWv_jw==/split_config.mdpi.apk!/lib/arm64-v8a, /system/lib64, /system_ext/lib64]]"
},
{
    "type": "error",
    "extra": "hook all methods error",
    "package_name": "com.feels",
    "class_name": "com.tappx.sdk.android.TappxInterstitial",
    "error": "Error: java.lang.ClassNotFoundException: Didn't find class \"com.tappx.sdk.android.TappxInterstitial\" on path: DexPathList[[zip file \"/data/app/~~mod7R8gax5NFnr6WGLxbCA==/com.feels-twVZykPd60NdJddbUWv_jw==/base.apk\", zip file \"/data/app/~~mod7R8gax5NFnr6WGLxbCA==/com.feels-twVZykPd60NdJddbUWv_jw==/split_config.arm64_v8a.apk\", zip file \"/data/app/~~mod7R8gax5NFnr6WGLxbCA==/com.feels-twVZykPd60NdJddbUWv_jw==/split_config.en.apk\", zip file \"/data/app/~~mod7R8gax5NFnr6WGLxbCA==/com.feels-twVZykPd60NdJddbUWv_jw==/split_config.mdpi.apk\"],nativeLibraryDirectories=[/data/app/~~mod7R8gax5NFnr6WGLxbCA==/com.feels-twVZykPd60NdJddbUWv_jw==/lib/arm64, /data/app/~~mod7R8gax5NFnr6WGLxbCA==/com.feels-twVZykPd60NdJddbUWv_jw==/base.apk!/lib/arm64-v8a, /data/app/~~mod7R8gax5NFnr6WGLxbCA==/com.feels-twVZykPd60NdJddbUWv_jw==/split_config.arm64_v8a.apk!/lib/arm64-v8a, /data/app/~~mod7R8gax5NFnr6WGLxbCA==/com.feels-twVZykPd60NdJddbUWv_jw==/split_config.en.apk!/lib/arm64-v8a, /data/app/~~mod7R8gax5NFnr6WGLxbCA==/com.feels-twVZykPd60NdJddbUWv_jw==/split_config.mdpi.apk!/lib/arm64-v8a, /system/lib64, /system_ext/lib64]]"
},
{
    "type": "error",
    "extra": "hook all methods error",
    "package_name": "com.feels",
    "class_name": "com.flurry.android.FlurryAgent.Builder",
    "error": "Error: java.lang.ClassNotFoundException: Didn't find class \"com.flurry.android.FlurryAgent.Builder\" on path: DexPathList[[zip file \"/data/app/~~mod7R8gax5NFnr6WGLxbCA==/com.feels-twVZykPd60NdJddbUWv_jw==/base.apk\", zip file \"/data/app/~~mod7R8gax5NFnr6WGLxbCA==/com.feels-twVZykPd60NdJddbUWv_jw==/split_config.arm64_v8a.apk\", zip file \"/data/app/~~mod7R8gax5NFnr6WGLxbCA==/com.feels-twVZykPd60NdJddbUWv_jw==/split_config.en.apk\", zip file \"/data/app/~~mod7R8gax5NFnr6WGLxbCA==/com.feels-twVZykPd60NdJddbUWv_jw==/split_config.mdpi.apk\"],nativeLibraryDirectories=[/data/app/~~mod7R8gax5NFnr6WGLxbCA==/com.feels-twVZykPd60NdJddbUWv_jw==/lib/arm64, /data/app/~~mod7R8gax5NFnr6WGLxbCA==/com.feels-twVZykPd60NdJddbUWv_jw==/base.apk!/lib/arm64-v8a, /data/app/~~mod7R8gax5NFnr6WGLxbCA==/com.feels-twVZykPd60NdJddbUWv_jw==/split_config.arm64_v8a.apk!/lib/arm64-v8a, /data/app/~~mod7R8gax5NFnr6WGLxbCA==/com.feels-twVZykPd60NdJddbUWv_jw==/split_config.en.apk!/lib/arm64-v8a, /data/app/~~mod7R8gax5NFnr6WGLxbCA==/com.feels-twVZykPd60NdJddbUWv_jw==/split_config.mdpi.apk!/lib/arm64-v8a, /system/lib64, /system_ext/lib64]]"
},
{
    "type": "error",
    "extra": "hook all methods error",
    "package_name": "com.feels",
    "class_name": "com.tappx.sdk.android.AdRequest",
    "error": "Error: java.lang.ClassNotFoundException: Didn't find class \"com.tappx.sdk.android.AdRequest\" on path: DexPathList[[zip file \"/data/app/~~mod7R8gax5NFnr6WGLxbCA==/com.feels-twVZykPd60NdJddbUWv_jw==/base.apk\", zip file \"/data/app/~~mod7R8gax5NFnr6WGLxbCA==/com.feels-twVZykPd60NdJddbUWv_jw==/split_config.arm64_v8a.apk\", zip file \"/data/app/~~mod7R8gax5NFnr6WGLxbCA==/com.feels-twVZykPd60NdJddbUWv_jw==/split_config.en.apk\", zip file \"/data/app/~~mod7R8gax5NFnr6WGLxbCA==/com.feels-twVZykPd60NdJddbUWv_jw==/split_config.mdpi.apk\"],nativeLibraryDirectories=[/data/app/~~mod7R8gax5NFnr6WGLxbCA==/com.feels-twVZykPd60NdJddbUWv_jw==/lib/arm64, /data/app/~~mod7R8gax5NFnr6WGLxbCA==/com.feels-twVZykPd60NdJddbUWv_jw==/base.apk!/lib/arm64-v8a, /data/app/~~mod7R8gax5NFnr6WGLxbCA==/com.feels-twVZykPd60NdJddbUWv_jw==/split_config.arm64_v8a.apk!/lib/arm64-v8a, /data/app/~~mod7R8gax5NFnr6WGLxbCA==/com.feels-twVZykPd60NdJddbUWv_jw==/split_config.en.apk!/lib/arm64-v8a, /data/app/~~mod7R8gax5NFnr6WGLxbCA==/com.feels-twVZykPd60NdJddbUWv_jw==/split_config.mdpi.apk!/lib/arm64-v8a, /system/lib64, /system_ext/lib64]]"
},
{
    "type": "error",
    "extra": "hook all methods error",
    "package_name": "com.feels",
    "class_name": "com.appnexus.opensdk.BannerAdView",
    "error": "Error: java.lang.ClassNotFoundException: Didn't find class \"com.appnexus.opensdk.BannerAdView\" on path: DexPathList[[zip file \"/data/app/~~mod7R8gax5NFnr6WGLxbCA==/com.feels-twVZykPd60NdJddbUWv_jw==/base.apk\", zip file \"/data/app/~~mod7R8gax5NFnr6WGLxbCA==/com.feels-twVZykPd60NdJddbUWv_jw==/split_config.arm64_v8a.apk\", zip file \"/data/app/~~mod7R8gax5NFnr6WGLxbCA==/com.feels-twVZykPd60NdJddbUWv_jw==/split_config.en.apk\", zip file \"/data/app/~~mod7R8gax5NFnr6WGLxbCA==/com.feels-twVZykPd60NdJddbUWv_jw==/split_config.mdpi.apk\"],nativeLibraryDirectories=[/data/app/~~mod7R8gax5NFnr6WGLxbCA==/com.feels-twVZykPd60NdJddbUWv_jw==/lib/arm64, /data/app/~~mod7R8gax5NFnr6WGLxbCA==/com.feels-twVZykPd60NdJddbUWv_jw==/base.apk!/lib/arm64-v8a, /data/app/~~mod7R8gax5NFnr6WGLxbCA==/com.feels-twVZykPd60NdJddbUWv_jw==/split_config.arm64_v8a.apk!/lib/arm64-v8a, /data/app/~~mod7R8gax5NFnr6WGLxbCA==/com.feels-twVZykPd60NdJddbUWv_jw==/split_config.en.apk!/lib/arm64-v8a, /data/app/~~mod7R8gax5NFnr6WGLxbCA==/com.feels-twVZykPd60NdJddbUWv_jw==/split_config.mdpi.apk!/lib/arm64-v8a, /system/lib64, /system_ext/lib64]]"
},
{
    "type": "error",
    "extra": "hook all methods error",
    "package_name": "com.feels",
    "class_name": "com.smaato.sdk.core.Config$ConfigBuilder",
    "error": "Error: java.lang.ClassNotFoundException: Didn't find class \"com.smaato.sdk.core.Config$ConfigBuilder\" on path: DexPathList[[zip file \"/data/app/~~mod7R8gax5NFnr6WGLxbCA==/com.feels-twVZykPd60NdJddbUWv_jw==/base.apk\", zip file \"/data/app/~~mod7R8gax5NFnr6WGLxbCA==/com.feels-twVZykPd60NdJddbUWv_jw==/split_config.arm64_v8a.apk\", zip file \"/data/app/~~mod7R8gax5NFnr6WGLxbCA==/com.feels-twVZykPd60NdJddbUWv_jw==/split_config.en.apk\", zip file \"/data/app/~~mod7R8gax5NFnr6WGLxbCA==/com.feels-twVZykPd60NdJddbUWv_jw==/split_config.mdpi.apk\"],nativeLibraryDirectories=[/data/app/~~mod7R8gax5NFnr6WGLxbCA==/com.feels-twVZykPd60NdJddbUWv_jw==/lib/arm64, /data/app/~~mod7R8gax5NFnr6WGLxbCA==/com.feels-twVZykPd60NdJddbUWv_jw==/base.apk!/lib/arm64-v8a, /data/app/~~mod7R8gax5NFnr6WGLxbCA==/com.feels-twVZykPd60NdJddbUWv_jw==/split_config.arm64_v8a.apk!/lib/arm64-v8a, /data/app/~~mod7R8gax5NFnr6WGLxbCA==/com.feels-twVZykPd60NdJddbUWv_jw==/split_config.en.apk!/lib/arm64-v8a, /data/app/~~mod7R8gax5NFnr6WGLxbCA==/com.feels-twVZykPd60NdJddbUWv_jw==/split_config.mdpi.apk!/lib/arm64-v8a, /system/lib64, /system_ext/lib64]]"
},
{
    "type": "error",
    "extra": "hook all methods error",
    "package_name": "com.feels",
    "class_name": "com.inmobi.ads.InMobiInterstitial",
    "error": "Error: java.lang.ClassNotFoundException: Didn't find class \"com.inmobi.ads.InMobiInterstitial\" on path: DexPathList[[zip file \"/data/app/~~mod7R8gax5NFnr6WGLxbCA==/com.feels-twVZykPd60NdJddbUWv_jw==/base.apk\", zip file \"/data/app/~~mod7R8gax5NFnr6WGLxbCA==/com.feels-twVZykPd60NdJddbUWv_jw==/split_config.arm64_v8a.apk\", zip file \"/data/app/~~mod7R8gax5NFnr6WGLxbCA==/com.feels-twVZykPd60NdJddbUWv_jw==/split_config.en.apk\", zip file \"/data/app/~~mod7R8gax5NFnr6WGLxbCA==/com.feels-twVZykPd60NdJddbUWv_jw==/split_config.mdpi.apk\"],nativeLibraryDirectories=[/data/app/~~mod7R8gax5NFnr6WGLxbCA==/com.feels-twVZykPd60NdJddbUWv_jw==/lib/arm64, /data/app/~~mod7R8gax5NFnr6WGLxbCA==/com.feels-twVZykPd60NdJddbUWv_jw==/base.apk!/lib/arm64-v8a, /data/app/~~mod7R8gax5NFnr6WGLxbCA==/com.feels-twVZykPd60NdJddbUWv_jw==/split_config.arm64_v8a.apk!/lib/arm64-v8a, /data/app/~~mod7R8gax5NFnr6WGLxbCA==/com.feels-twVZykPd60NdJddbUWv_jw==/split_config.en.apk!/lib/arm64-v8a, /data/app/~~mod7R8gax5NFnr6WGLxbCA==/com.feels-twVZykPd60NdJddbUWv_jw==/split_config.mdpi.apk!/lib/arm64-v8a, /system/lib64, /system_ext/lib64]]"
},
{
    "type": "error",
    "extra": "hook all methods error",
    "package_name": "com.feels",
    "class_name": "com.smaato.sdk.interstitial.Interstitial",
    "error": "Error: java.lang.ClassNotFoundException: Didn't find class \"com.smaato.sdk.interstitial.Interstitial\" on path: DexPathList[[zip file \"/data/app/~~mod7R8gax5NFnr6WGLxbCA==/com.feels-twVZykPd60NdJddbUWv_jw==/base.apk\", zip file \"/data/app/~~mod7R8gax5NFnr6WGLxbCA==/com.feels-twVZykPd60NdJddbUWv_jw==/split_config.arm64_v8a.apk\", zip file \"/data/app/~~mod7R8gax5NFnr6WGLxbCA==/com.feels-twVZykPd60NdJddbUWv_jw==/split_config.en.apk\", zip file \"/data/app/~~mod7R8gax5NFnr6WGLxbCA==/com.feels-twVZykPd60NdJddbUWv_jw==/split_config.mdpi.apk\"],nativeLibraryDirectories=[/data/app/~~mod7R8gax5NFnr6WGLxbCA==/com.feels-twVZykPd60NdJddbUWv_jw==/lib/arm64, /data/app/~~mod7R8gax5NFnr6WGLxbCA==/com.feels-twVZykPd60NdJddbUWv_jw==/base.apk!/lib/arm64-v8a, /data/app/~~mod7R8gax5NFnr6WGLxbCA==/com.feels-twVZykPd60NdJddbUWv_jw==/split_config.arm64_v8a.apk!/lib/arm64-v8a, /data/app/~~mod7R8gax5NFnr6WGLxbCA==/com.feels-twVZykPd60NdJddbUWv_jw==/split_config.en.apk!/lib/arm64-v8a, /data/app/~~mod7R8gax5NFnr6WGLxbCA==/com.feels-twVZykPd60NdJddbUWv_jw==/split_config.mdpi.apk!/lib/arm64-v8a, /system/lib64, /system_ext/lib64]]"
},
{
    "type": "error",
    "extra": "hook all methods error",
    "package_name": "com.feels",
    "class_name": "com.aerserv.sdk.AerServInterstitial",
    "error": "Error: java.lang.ClassNotFoundException: Didn't find class \"com.aerserv.sdk.AerServInterstitial\" on path: DexPathList[[zip file \"/data/app/~~mod7R8gax5NFnr6WGLxbCA==/com.feels-twVZykPd60NdJddbUWv_jw==/base.apk\", zip file \"/data/app/~~mod7R8gax5NFnr6WGLxbCA==/com.feels-twVZykPd60NdJddbUWv_jw==/split_config.arm64_v8a.apk\", zip file \"/data/app/~~mod7R8gax5NFnr6WGLxbCA==/com.feels-twVZykPd60NdJddbUWv_jw==/split_config.en.apk\", zip file \"/data/app/~~mod7R8gax5NFnr6WGLxbCA==/com.feels-twVZykPd60NdJddbUWv_jw==/split_config.mdpi.apk\"],nativeLibraryDirectories=[/data/app/~~mod7R8gax5NFnr6WGLxbCA==/com.feels-twVZykPd60NdJddbUWv_jw==/lib/arm64, /data/app/~~mod7R8gax5NFnr6WGLxbCA==/com.feels-twVZykPd60NdJddbUWv_jw==/base.apk!/lib/arm64-v8a, /data/app/~~mod7R8gax5NFnr6WGLxbCA==/com.feels-twVZykPd60NdJddbUWv_jw==/split_config.arm64_v8a.apk!/lib/arm64-v8a, /data/app/~~mod7R8gax5NFnr6WGLxbCA==/com.feels-twVZykPd60NdJddbUWv_jw==/split_config.en.apk!/lib/arm64-v8a, /data/app/~~mod7R8gax5NFnr6WGLxbCA==/com.feels-twVZykPd60NdJddbUWv_jw==/split_config.mdpi.apk!/lib/arm64-v8a, /system/lib64, /system_ext/lib64]]"
},
{
    "type": "error",
    "extra": "hook all methods error",
    "package_name": "com.feels",
    "class_name": "com.adxcorp.ads.RewardedAd",
    "error": "Error: java.lang.ClassNotFoundException: Didn't find class \"com.adxcorp.ads.RewardedAd\" on path: DexPathList[[zip file \"/data/app/~~mod7R8gax5NFnr6WGLxbCA==/com.feels-twVZykPd60NdJddbUWv_jw==/base.apk\", zip file \"/data/app/~~mod7R8gax5NFnr6WGLxbCA==/com.feels-twVZykPd60NdJddbUWv_jw==/split_config.arm64_v8a.apk\", zip file \"/data/app/~~mod7R8gax5NFnr6WGLxbCA==/com.feels-twVZykPd60NdJddbUWv_jw==/split_config.en.apk\", zip file \"/data/app/~~mod7R8gax5NFnr6WGLxbCA==/com.feels-twVZykPd60NdJddbUWv_jw==/split_config.mdpi.apk\"],nativeLibraryDirectories=[/data/app/~~mod7R8gax5NFnr6WGLxbCA==/com.feels-twVZykPd60NdJddbUWv_jw==/lib/arm64, /data/app/~~mod7R8gax5NFnr6WGLxbCA==/com.feels-twVZykPd60NdJddbUWv_jw==/base.apk!/lib/arm64-v8a, /data/app/~~mod7R8gax5NFnr6WGLxbCA==/com.feels-twVZykPd60NdJddbUWv_jw==/split_config.arm64_v8a.apk!/lib/arm64-v8a, /data/app/~~mod7R8gax5NFnr6WGLxbCA==/com.feels-twVZykPd60NdJddbUWv_jw==/split_config.en.apk!/lib/arm64-v8a, /data/app/~~mod7R8gax5NFnr6WGLxbCA==/com.feels-twVZykPd60NdJddbUWv_jw==/split_config.mdpi.apk!/lib/arm64-v8a, /system/lib64, /system_ext/lib64]]"
},
{
    "type": "error",
    "extra": "hook all methods error",
    "package_name": "com.feels",
    "class_name": "com.appnexus.opensdk.utils.SDKSettings",
    "error": "Error: java.lang.ClassNotFoundException: Didn't find class \"com.appnexus.opensdk.utils.SDKSettings\" on path: DexPathList[[zip file \"/data/app/~~mod7R8gax5NFnr6WGLxbCA==/com.feels-twVZykPd60NdJddbUWv_jw==/base.apk\", zip file \"/data/app/~~mod7R8gax5NFnr6WGLxbCA==/com.feels-twVZykPd60NdJddbUWv_jw==/split_config.arm64_v8a.apk\", zip file \"/data/app/~~mod7R8gax5NFnr6WGLxbCA==/com.feels-twVZykPd60NdJddbUWv_jw==/split_config.en.apk\", zip file \"/data/app/~~mod7R8gax5NFnr6WGLxbCA==/com.feels-twVZykPd60NdJddbUWv_jw==/split_config.mdpi.apk\"],nativeLibraryDirectories=[/data/app/~~mod7R8gax5NFnr6WGLxbCA==/com.feels-twVZykPd60NdJddbUWv_jw==/lib/arm64, /data/app/~~mod7R8gax5NFnr6WGLxbCA==/com.feels-twVZykPd60NdJddbUWv_jw==/base.apk!/lib/arm64-v8a, /data/app/~~mod7R8gax5NFnr6WGLxbCA==/com.feels-twVZykPd60NdJddbUWv_jw==/split_config.arm64_v8a.apk!/lib/arm64-v8a, /data/app/~~mod7R8gax5NFnr6WGLxbCA==/com.feels-twVZykPd60NdJddbUWv_jw==/split_config.en.apk!/lib/arm64-v8a, /data/app/~~mod7R8gax5NFnr6WGLxbCA==/com.feels-twVZykPd60NdJddbUWv_jw==/split_config.mdpi.apk!/lib/arm64-v8a, /system/lib64, /system_ext/lib64]]"
},
{
    "type": "error",
    "extra": "hook all methods error",
    "package_name": "com.feels",
    "class_name": "com.tappx.sdk.android.TappxRewardedVideo",
    "error": "Error: java.lang.ClassNotFoundException: Didn't find class \"com.tappx.sdk.android.TappxRewardedVideo\" on path: DexPathList[[zip file \"/data/app/~~mod7R8gax5NFnr6WGLxbCA==/com.feels-twVZykPd60NdJddbUWv_jw==/base.apk\", zip file \"/data/app/~~mod7R8gax5NFnr6WGLxbCA==/com.feels-twVZykPd60NdJddbUWv_jw==/split_config.arm64_v8a.apk\", zip file \"/data/app/~~mod7R8gax5NFnr6WGLxbCA==/com.feels-twVZykPd60NdJddbUWv_jw==/split_config.en.apk\", zip file \"/data/app/~~mod7R8gax5NFnr6WGLxbCA==/com.feels-twVZykPd60NdJddbUWv_jw==/split_config.mdpi.apk\"],nativeLibraryDirectories=[/data/app/~~mod7R8gax5NFnr6WGLxbCA==/com.feels-twVZykPd60NdJddbUWv_jw==/lib/arm64, /data/app/~~mod7R8gax5NFnr6WGLxbCA==/com.feels-twVZykPd60NdJddbUWv_jw==/base.apk!/lib/arm64-v8a, /data/app/~~mod7R8gax5NFnr6WGLxbCA==/com.feels-twVZykPd60NdJddbUWv_jw==/split_config.arm64_v8a.apk!/lib/arm64-v8a, /data/app/~~mod7R8gax5NFnr6WGLxbCA==/com.feels-twVZykPd60NdJddbUWv_jw==/split_config.en.apk!/lib/arm64-v8a, /data/app/~~mod7R8gax5NFnr6WGLxbCA==/com.feels-twVZykPd60NdJddbUWv_jw==/split_config.mdpi.apk!/lib/arm64-v8a, /system/lib64, /system_ext/lib64]]"
},
{
    "type": "error",
    "extra": "hook all methods error",
    "package_name": "com.feels",
    "class_name": "com.google.android.ump.ConsentRequestParameters",
    "error": "Error: java.lang.ClassNotFoundException: Didn't find class \"com.google.android.ump.ConsentRequestParameters\" on path: DexPathList[[zip file \"/data/app/~~mod7R8gax5NFnr6WGLxbCA==/com.feels-twVZykPd60NdJddbUWv_jw==/base.apk\", zip file \"/data/app/~~mod7R8gax5NFnr6WGLxbCA==/com.feels-twVZykPd60NdJddbUWv_jw==/split_config.arm64_v8a.apk\", zip file \"/data/app/~~mod7R8gax5NFnr6WGLxbCA==/com.feels-twVZykPd60NdJddbUWv_jw==/split_config.en.apk\", zip file \"/data/app/~~mod7R8gax5NFnr6WGLxbCA==/com.feels-twVZykPd60NdJddbUWv_jw==/split_config.mdpi.apk\"],nativeLibraryDirectories=[/data/app/~~mod7R8gax5NFnr6WGLxbCA==/com.feels-twVZykPd60NdJddbUWv_jw==/lib/arm64, /data/app/~~mod7R8gax5NFnr6WGLxbCA==/com.feels-twVZykPd60NdJddbUWv_jw==/base.apk!/lib/arm64-v8a, /data/app/~~mod7R8gax5NFnr6WGLxbCA==/com.feels-twVZykPd60NdJddbUWv_jw==/split_config.arm64_v8a.apk!/lib/arm64-v8a, /data/app/~~mod7R8gax5NFnr6WGLxbCA==/com.feels-twVZykPd60NdJddbUWv_jw==/split_config.en.apk!/lib/arm64-v8a, /data/app/~~mod7R8gax5NFnr6WGLxbCA==/com.feels-twVZykPd60NdJddbUWv_jw==/split_config.mdpi.apk!/lib/arm64-v8a, /system/lib64, /system_ext/lib64]]"
},
{
    "type": "error",
    "extra": "hook all methods error",
    "package_name": "com.feels",
    "class_name": "com.smaato.sdk.rewarded.RewardedInterstitial",
    "error": "Error: java.lang.ClassNotFoundException: Didn't find class \"com.smaato.sdk.rewarded.RewardedInterstitial\" on path: DexPathList[[zip file \"/data/app/~~mod7R8gax5NFnr6WGLxbCA==/com.feels-twVZykPd60NdJddbUWv_jw==/base.apk\", zip file \"/data/app/~~mod7R8gax5NFnr6WGLxbCA==/com.feels-twVZykPd60NdJddbUWv_jw==/split_config.arm64_v8a.apk\", zip file \"/data/app/~~mod7R8gax5NFnr6WGLxbCA==/com.feels-twVZykPd60NdJddbUWv_jw==/split_config.en.apk\", zip file \"/data/app/~~mod7R8gax5NFnr6WGLxbCA==/com.feels-twVZykPd60NdJddbUWv_jw==/split_config.mdpi.apk\"],nativeLibraryDirectories=[/data/app/~~mod7R8gax5NFnr6WGLxbCA==/com.feels-twVZykPd60NdJddbUWv_jw==/lib/arm64, /data/app/~~mod7R8gax5NFnr6WGLxbCA==/com.feels-twVZykPd60NdJddbUWv_jw==/base.apk!/lib/arm64-v8a, /data/app/~~mod7R8gax5NFnr6WGLxbCA==/com.feels-twVZykPd60NdJddbUWv_jw==/split_config.arm64_v8a.apk!/lib/arm64-v8a, /data/app/~~mod7R8gax5NFnr6WGLxbCA==/com.feels-twVZykPd60NdJddbUWv_jw==/split_config.en.apk!/lib/arm64-v8a, /data/app/~~mod7R8gax5NFnr6WGLxbCA==/com.feels-twVZykPd60NdJddbUWv_jw==/split_config.mdpi.apk!/lib/arm64-v8a, /system/lib64, /system_ext/lib64]]"
},
{
    "type": "error",
    "extra": "hook all methods error",
    "package_name": "com.feels",
    "class_name": "com.tradplus.ads.open.reward.TPReward",
    "error": "Error: java.lang.ClassNotFoundException: Didn't find class \"com.tradplus.ads.open.reward.TPReward\" on path: DexPathList[[zip file \"/data/app/~~mod7R8gax5NFnr6WGLxbCA==/com.feels-twVZykPd60NdJddbUWv_jw==/base.apk\", zip file \"/data/app/~~mod7R8gax5NFnr6WGLxbCA==/com.feels-twVZykPd60NdJddbUWv_jw==/split_config.arm64_v8a.apk\", zip file \"/data/app/~~mod7R8gax5NFnr6WGLxbCA==/com.feels-twVZykPd60NdJddbUWv_jw==/split_config.en.apk\", zip file \"/data/app/~~mod7R8gax5NFnr6WGLxbCA==/com.feels-twVZykPd60NdJddbUWv_jw==/split_config.mdpi.apk\"],nativeLibraryDirectories=[/data/app/~~mod7R8gax5NFnr6WGLxbCA==/com.feels-twVZykPd60NdJddbUWv_jw==/lib/arm64, /data/app/~~mod7R8gax5NFnr6WGLxbCA==/com.feels-twVZykPd60NdJddbUWv_jw==/base.apk!/lib/arm64-v8a, /data/app/~~mod7R8gax5NFnr6WGLxbCA==/com.feels-twVZykPd60NdJddbUWv_jw==/split_config.arm64_v8a.apk!/lib/arm64-v8a, /data/app/~~mod7R8gax5NFnr6WGLxbCA==/com.feels-twVZykPd60NdJddbUWv_jw==/split_config.en.apk!/lib/arm64-v8a, /data/app/~~mod7R8gax5NFnr6WGLxbCA==/com.feels-twVZykPd60NdJddbUWv_jw==/split_config.mdpi.apk!/lib/arm64-v8a, /system/lib64, /system_ext/lib64]]"
},
{
    "type": "error",
    "extra": "hook all methods error",
    "package_name": "com.feels",
    "class_name": "com.bytedance.sdk.openadsdk.api.banner.PAGBannerAd",
    "error": "Error: java.lang.ClassNotFoundException: Didn't find class \"com.bytedance.sdk.openadsdk.api.banner.PAGBannerAd\" on path: DexPathList[[zip file \"/data/app/~~mod7R8gax5NFnr6WGLxbCA==/com.feels-twVZykPd60NdJddbUWv_jw==/base.apk\", zip file \"/data/app/~~mod7R8gax5NFnr6WGLxbCA==/com.feels-twVZykPd60NdJddbUWv_jw==/split_config.arm64_v8a.apk\", zip file \"/data/app/~~mod7R8gax5NFnr6WGLxbCA==/com.feels-twVZykPd60NdJddbUWv_jw==/split_config.en.apk\", zip file \"/data/app/~~mod7R8gax5NFnr6WGLxbCA==/com.feels-twVZykPd60NdJddbUWv_jw==/split_config.mdpi.apk\"],nativeLibraryDirectories=[/data/app/~~mod7R8gax5NFnr6WGLxbCA==/com.feels-twVZykPd60NdJddbUWv_jw==/lib/arm64, /data/app/~~mod7R8gax5NFnr6WGLxbCA==/com.feels-twVZykPd60NdJddbUWv_jw==/base.apk!/lib/arm64-v8a, /data/app/~~mod7R8gax5NFnr6WGLxbCA==/com.feels-twVZykPd60NdJddbUWv_jw==/split_config.arm64_v8a.apk!/lib/arm64-v8a, /data/app/~~mod7R8gax5NFnr6WGLxbCA==/com.feels-twVZykPd60NdJddbUWv_jw==/split_config.en.apk!/lib/arm64-v8a, /data/app/~~mod7R8gax5NFnr6WGLxbCA==/com.feels-twVZykPd60NdJddbUWv_jw==/split_config.mdpi.apk!/lib/arm64-v8a, /system/lib64, /system_ext/lib64]]"
},
{
    "type": "error",
    "extra": "hook all methods error",
    "package_name": "com.feels",
    "class_name": "com.vpon.ads.VponAdRequest",
    "error": "Error: java.lang.ClassNotFoundException: Didn't find class \"com.vpon.ads.VponAdRequest\" on path: DexPathList[[zip file \"/data/app/~~mod7R8gax5NFnr6WGLxbCA==/com.feels-twVZykPd60NdJddbUWv_jw==/base.apk\", zip file \"/data/app/~~mod7R8gax5NFnr6WGLxbCA==/com.feels-twVZykPd60NdJddbUWv_jw==/split_config.arm64_v8a.apk\", zip file \"/data/app/~~mod7R8gax5NFnr6WGLxbCA==/com.feels-twVZykPd60NdJddbUWv_jw==/split_config.en.apk\", zip file \"/data/app/~~mod7R8gax5NFnr6WGLxbCA==/com.feels-twVZykPd60NdJddbUWv_jw==/split_config.mdpi.apk\"],nativeLibraryDirectories=[/data/app/~~mod7R8gax5NFnr6WGLxbCA==/com.feels-twVZykPd60NdJddbUWv_jw==/lib/arm64, /data/app/~~mod7R8gax5NFnr6WGLxbCA==/com.feels-twVZykPd60NdJddbUWv_jw==/base.apk!/lib/arm64-v8a, /data/app/~~mod7R8gax5NFnr6WGLxbCA==/com.feels-twVZykPd60NdJddbUWv_jw==/split_config.arm64_v8a.apk!/lib/arm64-v8a, /data/app/~~mod7R8gax5NFnr6WGLxbCA==/com.feels-twVZykPd60NdJddbUWv_jw==/split_config.en.apk!/lib/arm64-v8a, /data/app/~~mod7R8gax5NFnr6WGLxbCA==/com.feels-twVZykPd60NdJddbUWv_jw==/split_config.mdpi.apk!/lib/arm64-v8a, /system/lib64, /system_ext/lib64]]"
},
{
    "type": "error",
    "extra": "hook all methods error",
    "package_name": "com.feels",
    "class_name": "com.adobe.marketing.mobile.edge.consent.Consent",
    "error": "Error: java.lang.ClassNotFoundException: Didn't find class \"com.adobe.marketing.mobile.edge.consent.Consent\" on path: DexPathList[[zip file \"/data/app/~~mod7R8gax5NFnr6WGLxbCA==/com.feels-twVZykPd60NdJddbUWv_jw==/base.apk\", zip file \"/data/app/~~mod7R8gax5NFnr6WGLxbCA==/com.feels-twVZykPd60NdJddbUWv_jw==/split_config.arm64_v8a.apk\", zip file \"/data/app/~~mod7R8gax5NFnr6WGLxbCA==/com.feels-twVZykPd60NdJddbUWv_jw==/split_config.en.apk\", zip file \"/data/app/~~mod7R8gax5NFnr6WGLxbCA==/com.feels-twVZykPd60NdJddbUWv_jw==/split_config.mdpi.apk\"],nativeLibraryDirectories=[/data/app/~~mod7R8gax5NFnr6WGLxbCA==/com.feels-twVZykPd60NdJddbUWv_jw==/lib/arm64, /data/app/~~mod7R8gax5NFnr6WGLxbCA==/com.feels-twVZykPd60NdJddbUWv_jw==/base.apk!/lib/arm64-v8a, /data/app/~~mod7R8gax5NFnr6WGLxbCA==/com.feels-twVZykPd60NdJddbUWv_jw==/split_config.arm64_v8a.apk!/lib/arm64-v8a, /data/app/~~mod7R8gax5NFnr6WGLxbCA==/com.feels-twVZykPd60NdJddbUWv_jw==/split_config.en.apk!/lib/arm64-v8a, /data/app/~~mod7R8gax5NFnr6WGLxbCA==/com.feels-twVZykPd60NdJddbUWv_jw==/split_config.mdpi.apk!/lib/arm64-v8a, /system/lib64, /system_ext/lib64]]"
},
{
    "type": "error",
    "extra": "hook all methods error",
    "package_name": "com.feels",
    "class_name": "com.mobilefuse.sdk.MobileFuseOmniAd",
    "error": "Error: java.lang.ClassNotFoundException: Didn't find class \"com.mobilefuse.sdk.MobileFuseOmniAd\" on path: DexPathList[[zip file \"/data/app/~~mod7R8gax5NFnr6WGLxbCA==/com.feels-twVZykPd60NdJddbUWv_jw==/base.apk\", zip file \"/data/app/~~mod7R8gax5NFnr6WGLxbCA==/com.feels-twVZykPd60NdJddbUWv_jw==/split_config.arm64_v8a.apk\", zip file \"/data/app/~~mod7R8gax5NFnr6WGLxbCA==/com.feels-twVZykPd60NdJddbUWv_jw==/split_config.en.apk\", zip file \"/data/app/~~mod7R8gax5NFnr6WGLxbCA==/com.feels-twVZykPd60NdJddbUWv_jw==/split_config.mdpi.apk\"],nativeLibraryDirectories=[/data/app/~~mod7R8gax5NFnr6WGLxbCA==/com.feels-twVZykPd60NdJddbUWv_jw==/lib/arm64, /data/app/~~mod7R8gax5NFnr6WGLxbCA==/com.feels-twVZykPd60NdJddbUWv_jw==/base.apk!/lib/arm64-v8a, /data/app/~~mod7R8gax5NFnr6WGLxbCA==/com.feels-twVZykPd60NdJddbUWv_jw==/split_config.arm64_v8a.apk!/lib/arm64-v8a, /data/app/~~mod7R8gax5NFnr6WGLxbCA==/com.feels-twVZykPd60NdJddbUWv_jw==/split_config.en.apk!/lib/arm64-v8a, /data/app/~~mod7R8gax5NFnr6WGLxbCA==/com.feels-twVZykPd60NdJddbUWv_jw==/split_config.mdpi.apk!/lib/arm64-v8a, /system/lib64, /system_ext/lib64]]"
},
{
    "type": "error",
    "extra": "hook all methods error",
    "package_name": "com.feels",
    "class_name": "com.tapjoy.Tapjoy",
    "error": "Error: java.lang.ClassNotFoundException: Didn't find class \"com.tapjoy.Tapjoy\" on path: DexPathList[[zip file \"/data/app/~~mod7R8gax5NFnr6WGLxbCA==/com.feels-twVZykPd60NdJddbUWv_jw==/base.apk\", zip file \"/data/app/~~mod7R8gax5NFnr6WGLxbCA==/com.feels-twVZykPd60NdJddbUWv_jw==/split_config.arm64_v8a.apk\", zip file \"/data/app/~~mod7R8gax5NFnr6WGLxbCA==/com.feels-twVZykPd60NdJddbUWv_jw==/split_config.en.apk\", zip file \"/data/app/~~mod7R8gax5NFnr6WGLxbCA==/com.feels-twVZykPd60NdJddbUWv_jw==/split_config.mdpi.apk\"],nativeLibraryDirectories=[/data/app/~~mod7R8gax5NFnr6WGLxbCA==/com.feels-twVZykPd60NdJddbUWv_jw==/lib/arm64, /data/app/~~mod7R8gax5NFnr6WGLxbCA==/com.feels-twVZykPd60NdJddbUWv_jw==/base.apk!/lib/arm64-v8a, /data/app/~~mod7R8gax5NFnr6WGLxbCA==/com.feels-twVZykPd60NdJddbUWv_jw==/split_config.arm64_v8a.apk!/lib/arm64-v8a, /data/app/~~mod7R8gax5NFnr6WGLxbCA==/com.feels-twVZykPd60NdJddbUWv_jw==/split_config.en.apk!/lib/arm64-v8a, /data/app/~~mod7R8gax5NFnr6WGLxbCA==/com.feels-twVZykPd60NdJddbUWv_jw==/split_config.mdpi.apk!/lib/arm64-v8a, /system/lib64, /system_ext/lib64]]"
},
{
    "type": "error",
    "extra": "hook all methods error",
    "package_name": "com.feels",
    "class_name": "com.smartadserver.android.library.util.SASConfiguration",
    "error": "Error: java.lang.ClassNotFoundException: Didn't find class \"com.smartadserver.android.library.util.SASConfiguration\" on path: DexPathList[[zip file \"/data/app/~~mod7R8gax5NFnr6WGLxbCA==/com.feels-twVZykPd60NdJddbUWv_jw==/base.apk\", zip file \"/data/app/~~mod7R8gax5NFnr6WGLxbCA==/com.feels-twVZykPd60NdJddbUWv_jw==/split_config.arm64_v8a.apk\", zip file \"/data/app/~~mod7R8gax5NFnr6WGLxbCA==/com.feels-twVZykPd60NdJddbUWv_jw==/split_config.en.apk\", zip file \"/data/app/~~mod7R8gax5NFnr6WGLxbCA==/com.feels-twVZykPd60NdJddbUWv_jw==/split_config.mdpi.apk\"],nativeLibraryDirectories=[/data/app/~~mod7R8gax5NFnr6WGLxbCA==/com.feels-twVZykPd60NdJddbUWv_jw==/lib/arm64, /data/app/~~mod7R8gax5NFnr6WGLxbCA==/com.feels-twVZykPd60NdJddbUWv_jw==/base.apk!/lib/arm64-v8a, /data/app/~~mod7R8gax5NFnr6WGLxbCA==/com.feels-twVZykPd60NdJddbUWv_jw==/split_config.arm64_v8a.apk!/lib/arm64-v8a, /data/app/~~mod7R8gax5NFnr6WGLxbCA==/com.feels-twVZykPd60NdJddbUWv_jw==/split_config.en.apk!/lib/arm64-v8a, /data/app/~~mod7R8gax5NFnr6WGLxbCA==/com.feels-twVZykPd60NdJddbUWv_jw==/split_config.mdpi.apk!/lib/arm64-v8a, /system/lib64, /system_ext/lib64]]"
},
{
    "type": "error",
    "extra": "hook all methods error",
    "package_name": "com.feels",
    "class_name": "com.microsoft.appcenter.analytics.Analytics",
    "error": "Error: java.lang.ClassNotFoundException: Didn't find class \"com.microsoft.appcenter.analytics.Analytics\" on path: DexPathList[[zip file \"/data/app/~~mod7R8gax5NFnr6WGLxbCA==/com.feels-twVZykPd60NdJddbUWv_jw==/base.apk\", zip file \"/data/app/~~mod7R8gax5NFnr6WGLxbCA==/com.feels-twVZykPd60NdJddbUWv_jw==/split_config.arm64_v8a.apk\", zip file \"/data/app/~~mod7R8gax5NFnr6WGLxbCA==/com.feels-twVZykPd60NdJddbUWv_jw==/split_config.en.apk\", zip file \"/data/app/~~mod7R8gax5NFnr6WGLxbCA==/com.feels-twVZykPd60NdJddbUWv_jw==/split_config.mdpi.apk\"],nativeLibraryDirectories=[/data/app/~~mod7R8gax5NFnr6WGLxbCA==/com.feels-twVZykPd60NdJddbUWv_jw==/lib/arm64, /data/app/~~mod7R8gax5NFnr6WGLxbCA==/com.feels-twVZykPd60NdJddbUWv_jw==/base.apk!/lib/arm64-v8a, /data/app/~~mod7R8gax5NFnr6WGLxbCA==/com.feels-twVZykPd60NdJddbUWv_jw==/split_config.arm64_v8a.apk!/lib/arm64-v8a, /data/app/~~mod7R8gax5NFnr6WGLxbCA==/com.feels-twVZykPd60NdJddbUWv_jw==/split_config.en.apk!/lib/arm64-v8a, /data/app/~~mod7R8gax5NFnr6WGLxbCA==/com.feels-twVZykPd60NdJddbUWv_jw==/split_config.mdpi.apk!/lib/arm64-v8a, /system/lib64, /system_ext/lib64]]"
},
{
    "type": "error",
    "extra": "hook all methods error",
    "package_name": "com.feels",
    "class_name": "com.mobilefuse.sdk.MobileFuseRewardedAd",
    "error": "Error: java.lang.ClassNotFoundException: Didn't find class \"com.mobilefuse.sdk.MobileFuseRewardedAd\" on path: DexPathList[[zip file \"/data/app/~~mod7R8gax5NFnr6WGLxbCA==/com.feels-twVZykPd60NdJddbUWv_jw==/base.apk\", zip file \"/data/app/~~mod7R8gax5NFnr6WGLxbCA==/com.feels-twVZykPd60NdJddbUWv_jw==/split_config.arm64_v8a.apk\", zip file \"/data/app/~~mod7R8gax5NFnr6WGLxbCA==/com.feels-twVZykPd60NdJddbUWv_jw==/split_config.en.apk\", zip file \"/data/app/~~mod7R8gax5NFnr6WGLxbCA==/com.feels-twVZykPd60NdJddbUWv_jw==/split_config.mdpi.apk\"],nativeLibraryDirectories=[/data/app/~~mod7R8gax5NFnr6WGLxbCA==/com.feels-twVZykPd60NdJddbUWv_jw==/lib/arm64, /data/app/~~mod7R8gax5NFnr6WGLxbCA==/com.feels-twVZykPd60NdJddbUWv_jw==/base.apk!/lib/arm64-v8a, /data/app/~~mod7R8gax5NFnr6WGLxbCA==/com.feels-twVZykPd60NdJddbUWv_jw==/split_config.arm64_v8a.apk!/lib/arm64-v8a, /data/app/~~mod7R8gax5NFnr6WGLxbCA==/com.feels-twVZykPd60NdJddbUWv_jw==/split_config.en.apk!/lib/arm64-v8a, /data/app/~~mod7R8gax5NFnr6WGLxbCA==/com.feels-twVZykPd60NdJddbUWv_jw==/split_config.mdpi.apk!/lib/arm64-v8a, /system/lib64, /system_ext/lib64]]"
},
{
    "type": "error",
    "extra": "hook all methods error",
    "package_name": "com.feels",
    "class_name": "com.applovin.sdk.AppLovinSdk",
    "error": "Error: java.lang.ClassNotFoundException: Didn't find class \"com.applovin.sdk.AppLovinSdk\" on path: DexPathList[[zip file \"/data/app/~~mod7R8gax5NFnr6WGLxbCA==/com.feels-twVZykPd60NdJddbUWv_jw==/base.apk\", zip file \"/data/app/~~mod7R8gax5NFnr6WGLxbCA==/com.feels-twVZykPd60NdJddbUWv_jw==/split_config.arm64_v8a.apk\", zip file \"/data/app/~~mod7R8gax5NFnr6WGLxbCA==/com.feels-twVZykPd60NdJddbUWv_jw==/split_config.en.apk\", zip file \"/data/app/~~mod7R8gax5NFnr6WGLxbCA==/com.feels-twVZykPd60NdJddbUWv_jw==/split_config.mdpi.apk\"],nativeLibraryDirectories=[/data/app/~~mod7R8gax5NFnr6WGLxbCA==/com.feels-twVZykPd60NdJddbUWv_jw==/lib/arm64, /data/app/~~mod7R8gax5NFnr6WGLxbCA==/com.feels-twVZykPd60NdJddbUWv_jw==/base.apk!/lib/arm64-v8a, /data/app/~~mod7R8gax5NFnr6WGLxbCA==/com.feels-twVZykPd60NdJddbUWv_jw==/split_config.arm64_v8a.apk!/lib/arm64-v8a, /data/app/~~mod7R8gax5NFnr6WGLxbCA==/com.feels-twVZykPd60NdJddbUWv_jw==/split_config.en.apk!/lib/arm64-v8a, /data/app/~~mod7R8gax5NFnr6WGLxbCA==/com.feels-twVZykPd60NdJddbUWv_jw==/split_config.mdpi.apk!/lib/arm64-v8a, /system/lib64, /system_ext/lib64]]"
},
{
    "type": "error",
    "extra": "hook all methods error",
    "package_name": "com.feels",
    "class_name": "com.appnext.ads.interstitial.InterstitialConfig",
    "error": "Error: java.lang.ClassNotFoundException: Didn't find class \"com.appnext.ads.interstitial.InterstitialConfig\" on path: DexPathList[[zip file \"/data/app/~~mod7R8gax5NFnr6WGLxbCA==/com.feels-twVZykPd60NdJddbUWv_jw==/base.apk\", zip file \"/data/app/~~mod7R8gax5NFnr6WGLxbCA==/com.feels-twVZykPd60NdJddbUWv_jw==/split_config.arm64_v8a.apk\", zip file \"/data/app/~~mod7R8gax5NFnr6WGLxbCA==/com.feels-twVZykPd60NdJddbUWv_jw==/split_config.en.apk\", zip file \"/data/app/~~mod7R8gax5NFnr6WGLxbCA==/com.feels-twVZykPd60NdJddbUWv_jw==/split_config.mdpi.apk\"],nativeLibraryDirectories=[/data/app/~~mod7R8gax5NFnr6WGLxbCA==/com.feels-twVZykPd60NdJddbUWv_jw==/lib/arm64, /data/app/~~mod7R8gax5NFnr6WGLxbCA==/com.feels-twVZykPd60NdJddbUWv_jw==/base.apk!/lib/arm64-v8a, /data/app/~~mod7R8gax5NFnr6WGLxbCA==/com.feels-twVZykPd60NdJddbUWv_jw==/split_config.arm64_v8a.apk!/lib/arm64-v8a, /data/app/~~mod7R8gax5NFnr6WGLxbCA==/com.feels-twVZykPd60NdJddbUWv_jw==/split_config.en.apk!/lib/arm64-v8a, /data/app/~~mod7R8gax5NFnr6WGLxbCA==/com.feels-twVZykPd60NdJddbUWv_jw==/split_config.mdpi.apk!/lib/arm64-v8a, /system/lib64, /system_ext/lib64]]"
},
{
    "type": "error",
    "extra": "hook all methods error",
    "package_name": "com.feels",
    "class_name": "com.tappx.sdk.android.TappxPrivacyManager",
    "error": "Error: java.lang.ClassNotFoundException: Didn't find class \"com.tappx.sdk.android.TappxPrivacyManager\" on path: DexPathList[[zip file \"/data/app/~~mod7R8gax5NFnr6WGLxbCA==/com.feels-twVZykPd60NdJddbUWv_jw==/base.apk\", zip file \"/data/app/~~mod7R8gax5NFnr6WGLxbCA==/com.feels-twVZykPd60NdJddbUWv_jw==/split_config.arm64_v8a.apk\", zip file \"/data/app/~~mod7R8gax5NFnr6WGLxbCA==/com.feels-twVZykPd60NdJddbUWv_jw==/split_config.en.apk\", zip file \"/data/app/~~mod7R8gax5NFnr6WGLxbCA==/com.feels-twVZykPd60NdJddbUWv_jw==/split_config.mdpi.apk\"],nativeLibraryDirectories=[/data/app/~~mod7R8gax5NFnr6WGLxbCA==/com.feels-twVZykPd60NdJddbUWv_jw==/lib/arm64, /data/app/~~mod7R8gax5NFnr6WGLxbCA==/com.feels-twVZykPd60NdJddbUWv_jw==/base.apk!/lib/arm64-v8a, /data/app/~~mod7R8gax5NFnr6WGLxbCA==/com.feels-twVZykPd60NdJddbUWv_jw==/split_config.arm64_v8a.apk!/lib/arm64-v8a, /data/app/~~mod7R8gax5NFnr6WGLxbCA==/com.feels-twVZykPd60NdJddbUWv_jw==/split_config.en.apk!/lib/arm64-v8a, /data/app/~~mod7R8gax5NFnr6WGLxbCA==/com.feels-twVZykPd60NdJddbUWv_jw==/split_config.mdpi.apk!/lib/arm64-v8a, /system/lib64, /system_ext/lib64]]"
},
{
    "type": "error",
    "extra": "hook all methods error",
    "package_name": "com.feels",
    "class_name": "com.youappi.sdk.ads.YARewardedVideoAd",
    "error": "Error: java.lang.ClassNotFoundException: Didn't find class \"com.youappi.sdk.ads.YARewardedVideoAd\" on path: DexPathList[[zip file \"/data/app/~~mod7R8gax5NFnr6WGLxbCA==/com.feels-twVZykPd60NdJddbUWv_jw==/base.apk\", zip file \"/data/app/~~mod7R8gax5NFnr6WGLxbCA==/com.feels-twVZykPd60NdJddbUWv_jw==/split_config.arm64_v8a.apk\", zip file \"/data/app/~~mod7R8gax5NFnr6WGLxbCA==/com.feels-twVZykPd60NdJddbUWv_jw==/split_config.en.apk\", zip file \"/data/app/~~mod7R8gax5NFnr6WGLxbCA==/com.feels-twVZykPd60NdJddbUWv_jw==/split_config.mdpi.apk\"],nativeLibraryDirectories=[/data/app/~~mod7R8gax5NFnr6WGLxbCA==/com.feels-twVZykPd60NdJddbUWv_jw==/lib/arm64, /data/app/~~mod7R8gax5NFnr6WGLxbCA==/com.feels-twVZykPd60NdJddbUWv_jw==/base.apk!/lib/arm64-v8a, /data/app/~~mod7R8gax5NFnr6WGLxbCA==/com.feels-twVZykPd60NdJddbUWv_jw==/split_config.arm64_v8a.apk!/lib/arm64-v8a, /data/app/~~mod7R8gax5NFnr6WGLxbCA==/com.feels-twVZykPd60NdJddbUWv_jw==/split_config.en.apk!/lib/arm64-v8a, /data/app/~~mod7R8gax5NFnr6WGLxbCA==/com.feels-twVZykPd60NdJddbUWv_jw==/split_config.mdpi.apk!/lib/arm64-v8a, /system/lib64, /system_ext/lib64]]"
},
{
    "type": "error",
    "extra": "hook all methods error",
    "package_name": "com.feels",
    "class_name": "com.amplitude.android.Amplitude",
    "error": "Error: java.lang.ClassNotFoundException: Didn't find class \"com.amplitude.android.Amplitude\" on path: DexPathList[[zip file \"/data/app/~~mod7R8gax5NFnr6WGLxbCA==/com.feels-twVZykPd60NdJddbUWv_jw==/base.apk\", zip file \"/data/app/~~mod7R8gax5NFnr6WGLxbCA==/com.feels-twVZykPd60NdJddbUWv_jw==/split_config.arm64_v8a.apk\", zip file \"/data/app/~~mod7R8gax5NFnr6WGLxbCA==/com.feels-twVZykPd60NdJddbUWv_jw==/split_config.en.apk\", zip file \"/data/app/~~mod7R8gax5NFnr6WGLxbCA==/com.feels-twVZykPd60NdJddbUWv_jw==/split_config.mdpi.apk\"],nativeLibraryDirectories=[/data/app/~~mod7R8gax5NFnr6WGLxbCA==/com.feels-twVZykPd60NdJddbUWv_jw==/lib/arm64, /data/app/~~mod7R8gax5NFnr6WGLxbCA==/com.feels-twVZykPd60NdJddbUWv_jw==/base.apk!/lib/arm64-v8a, /data/app/~~mod7R8gax5NFnr6WGLxbCA==/com.feels-twVZykPd60NdJddbUWv_jw==/split_config.arm64_v8a.apk!/lib/arm64-v8a, /data/app/~~mod7R8gax5NFnr6WGLxbCA==/com.feels-twVZykPd60NdJddbUWv_jw==/split_config.en.apk!/lib/arm64-v8a, /data/app/~~mod7R8gax5NFnr6WGLxbCA==/com.feels-twVZykPd60NdJddbUWv_jw==/split_config.mdpi.apk!/lib/arm64-v8a, /system/lib64, /system_ext/lib64]]"
},
{
    "type": "error",
    "extra": "hook all methods error",
    "package_name": "com.feels",
    "class_name": "admost.sdk.base.AdMost",
    "error": "Error: java.lang.ClassNotFoundException: Didn't find class \"admost.sdk.base.AdMost\" on path: DexPathList[[zip file \"/data/app/~~mod7R8gax5NFnr6WGLxbCA==/com.feels-twVZykPd60NdJddbUWv_jw==/base.apk\", zip file \"/data/app/~~mod7R8gax5NFnr6WGLxbCA==/com.feels-twVZykPd60NdJddbUWv_jw==/split_config.arm64_v8a.apk\", zip file \"/data/app/~~mod7R8gax5NFnr6WGLxbCA==/com.feels-twVZykPd60NdJddbUWv_jw==/split_config.en.apk\", zip file \"/data/app/~~mod7R8gax5NFnr6WGLxbCA==/com.feels-twVZykPd60NdJddbUWv_jw==/split_config.mdpi.apk\"],nativeLibraryDirectories=[/data/app/~~mod7R8gax5NFnr6WGLxbCA==/com.feels-twVZykPd60NdJddbUWv_jw==/lib/arm64, /data/app/~~mod7R8gax5NFnr6WGLxbCA==/com.feels-twVZykPd60NdJddbUWv_jw==/base.apk!/lib/arm64-v8a, /data/app/~~mod7R8gax5NFnr6WGLxbCA==/com.feels-twVZykPd60NdJddbUWv_jw==/split_config.arm64_v8a.apk!/lib/arm64-v8a, /data/app/~~mod7R8gax5NFnr6WGLxbCA==/com.feels-twVZykPd60NdJddbUWv_jw==/split_config.en.apk!/lib/arm64-v8a, /data/app/~~mod7R8gax5NFnr6WGLxbCA==/com.feels-twVZykPd60NdJddbUWv_jw==/split_config.mdpi.apk!/lib/arm64-v8a, /system/lib64, /system_ext/lib64]]"
},
{
    "type": "error",
    "extra": "hook all methods error",
    "package_name": "com.feels",
    "class_name": "com.appnexus.opensdk.ANGDPRSettings",
    "error": "Error: java.lang.ClassNotFoundException: Didn't find class \"com.appnexus.opensdk.ANGDPRSettings\" on path: DexPathList[[zip file \"/data/app/~~mod7R8gax5NFnr6WGLxbCA==/com.feels-twVZykPd60NdJddbUWv_jw==/base.apk\", zip file \"/data/app/~~mod7R8gax5NFnr6WGLxbCA==/com.feels-twVZykPd60NdJddbUWv_jw==/split_config.arm64_v8a.apk\", zip file \"/data/app/~~mod7R8gax5NFnr6WGLxbCA==/com.feels-twVZykPd60NdJddbUWv_jw==/split_config.en.apk\", zip file \"/data/app/~~mod7R8gax5NFnr6WGLxbCA==/com.feels-twVZykPd60NdJddbUWv_jw==/split_config.mdpi.apk\"],nativeLibraryDirectories=[/data/app/~~mod7R8gax5NFnr6WGLxbCA==/com.feels-twVZykPd60NdJddbUWv_jw==/lib/arm64, /data/app/~~mod7R8gax5NFnr6WGLxbCA==/com.feels-twVZykPd60NdJddbUWv_jw==/base.apk!/lib/arm64-v8a, /data/app/~~mod7R8gax5NFnr6WGLxbCA==/com.feels-twVZykPd60NdJddbUWv_jw==/split_config.arm64_v8a.apk!/lib/arm64-v8a, /data/app/~~mod7R8gax5NFnr6WGLxbCA==/com.feels-twVZykPd60NdJddbUWv_jw==/split_config.en.apk!/lib/arm64-v8a, /data/app/~~mod7R8gax5NFnr6WGLxbCA==/com.feels-twVZykPd60NdJddbUWv_jw==/split_config.mdpi.apk!/lib/arm64-v8a, /system/lib64, /system_ext/lib64]]"
},
{
    "type": "error",
    "extra": "hook all methods error",
    "package_name": "com.feels",
    "class_name": "com.tapjoy.TJStatus",
    "error": "Error: java.lang.ClassNotFoundException: Didn't find class \"com.tapjoy.TJStatus\" on path: DexPathList[[zip file \"/data/app/~~mod7R8gax5NFnr6WGLxbCA==/com.feels-twVZykPd60NdJddbUWv_jw==/base.apk\", zip file \"/data/app/~~mod7R8gax5NFnr6WGLxbCA==/com.feels-twVZykPd60NdJddbUWv_jw==/split_config.arm64_v8a.apk\", zip file \"/data/app/~~mod7R8gax5NFnr6WGLxbCA==/com.feels-twVZykPd60NdJddbUWv_jw==/split_config.en.apk\", zip file \"/data/app/~~mod7R8gax5NFnr6WGLxbCA==/com.feels-twVZykPd60NdJddbUWv_jw==/split_config.mdpi.apk\"],nativeLibraryDirectories=[/data/app/~~mod7R8gax5NFnr6WGLxbCA==/com.feels-twVZykPd60NdJddbUWv_jw==/lib/arm64, /data/app/~~mod7R8gax5NFnr6WGLxbCA==/com.feels-twVZykPd60NdJddbUWv_jw==/base.apk!/lib/arm64-v8a, /data/app/~~mod7R8gax5NFnr6WGLxbCA==/com.feels-twVZykPd60NdJddbUWv_jw==/split_config.arm64_v8a.apk!/lib/arm64-v8a, /data/app/~~mod7R8gax5NFnr6WGLxbCA==/com.feels-twVZykPd60NdJddbUWv_jw==/split_config.en.apk!/lib/arm64-v8a, /data/app/~~mod7R8gax5NFnr6WGLxbCA==/com.feels-twVZykPd60NdJddbUWv_jw==/split_config.mdpi.apk!/lib/arm64-v8a, /system/lib64, /system_ext/lib64]]"
},
{
    "type": "error",
    "extra": "hook all methods error",
    "package_name": "com.feels",
    "class_name": "com.my.target.ads.MyTargetView",
    "error": "Error: java.lang.ClassNotFoundException: Didn't find class \"com.my.target.ads.MyTargetView\" on path: DexPathList[[zip file \"/data/app/~~mod7R8gax5NFnr6WGLxbCA==/com.feels-twVZykPd60NdJddbUWv_jw==/base.apk\", zip file \"/data/app/~~mod7R8gax5NFnr6WGLxbCA==/com.feels-twVZykPd60NdJddbUWv_jw==/split_config.arm64_v8a.apk\", zip file \"/data/app/~~mod7R8gax5NFnr6WGLxbCA==/com.feels-twVZykPd60NdJddbUWv_jw==/split_config.en.apk\", zip file \"/data/app/~~mod7R8gax5NFnr6WGLxbCA==/com.feels-twVZykPd60NdJddbUWv_jw==/split_config.mdpi.apk\"],nativeLibraryDirectories=[/data/app/~~mod7R8gax5NFnr6WGLxbCA==/com.feels-twVZykPd60NdJddbUWv_jw==/lib/arm64, /data/app/~~mod7R8gax5NFnr6WGLxbCA==/com.feels-twVZykPd60NdJddbUWv_jw==/base.apk!/lib/arm64-v8a, /data/app/~~mod7R8gax5NFnr6WGLxbCA==/com.feels-twVZykPd60NdJddbUWv_jw==/split_config.arm64_v8a.apk!/lib/arm64-v8a, /data/app/~~mod7R8gax5NFnr6WGLxbCA==/com.feels-twVZykPd60NdJddbUWv_jw==/split_config.en.apk!/lib/arm64-v8a, /data/app/~~mod7R8gax5NFnr6WGLxbCA==/com.feels-twVZykPd60NdJddbUWv_jw==/split_config.mdpi.apk!/lib/arm64-v8a, /system/lib64, /system_ext/lib64]]"
},
{
    "type": "error",
    "extra": "hook all methods error",
    "package_name": "com.feels",
    "class_name": "com.fyber.FairBid",
    "error": "Error: java.lang.ClassNotFoundException: Didn't find class \"com.fyber.FairBid\" on path: DexPathList[[zip file \"/data/app/~~mod7R8gax5NFnr6WGLxbCA==/com.feels-twVZykPd60NdJddbUWv_jw==/base.apk\", zip file \"/data/app/~~mod7R8gax5NFnr6WGLxbCA==/com.feels-twVZykPd60NdJddbUWv_jw==/split_config.arm64_v8a.apk\", zip file \"/data/app/~~mod7R8gax5NFnr6WGLxbCA==/com.feels-twVZykPd60NdJddbUWv_jw==/split_config.en.apk\", zip file \"/data/app/~~mod7R8gax5NFnr6WGLxbCA==/com.feels-twVZykPd60NdJddbUWv_jw==/split_config.mdpi.apk\"],nativeLibraryDirectories=[/data/app/~~mod7R8gax5NFnr6WGLxbCA==/com.feels-twVZykPd60NdJddbUWv_jw==/lib/arm64, /data/app/~~mod7R8gax5NFnr6WGLxbCA==/com.feels-twVZykPd60NdJddbUWv_jw==/base.apk!/lib/arm64-v8a, /data/app/~~mod7R8gax5NFnr6WGLxbCA==/com.feels-twVZykPd60NdJddbUWv_jw==/split_config.arm64_v8a.apk!/lib/arm64-v8a, /data/app/~~mod7R8gax5NFnr6WGLxbCA==/com.feels-twVZykPd60NdJddbUWv_jw==/split_config.en.apk!/lib/arm64-v8a, /data/app/~~mod7R8gax5NFnr6WGLxbCA==/com.feels-twVZykPd60NdJddbUWv_jw==/split_config.mdpi.apk!/lib/arm64-v8a, /system/lib64, /system_ext/lib64]]"
},
{
    "type": "error",
    "extra": "hook all methods error",
    "package_name": "com.feels",
    "class_name": "com.mobilefuse.sdk.MobileFuseInterstitialAd",
    "error": "Error: java.lang.ClassNotFoundException: Didn't find class \"com.mobilefuse.sdk.MobileFuseInterstitialAd\" on path: DexPathList[[zip file \"/data/app/~~mod7R8gax5NFnr6WGLxbCA==/com.feels-twVZykPd60NdJddbUWv_jw==/base.apk\", zip file \"/data/app/~~mod7R8gax5NFnr6WGLxbCA==/com.feels-twVZykPd60NdJddbUWv_jw==/split_config.arm64_v8a.apk\", zip file \"/data/app/~~mod7R8gax5NFnr6WGLxbCA==/com.feels-twVZykPd60NdJddbUWv_jw==/split_config.en.apk\", zip file \"/data/app/~~mod7R8gax5NFnr6WGLxbCA==/com.feels-twVZykPd60NdJddbUWv_jw==/split_config.mdpi.apk\"],nativeLibraryDirectories=[/data/app/~~mod7R8gax5NFnr6WGLxbCA==/com.feels-twVZykPd60NdJddbUWv_jw==/lib/arm64, /data/app/~~mod7R8gax5NFnr6WGLxbCA==/com.feels-twVZykPd60NdJddbUWv_jw==/base.apk!/lib/arm64-v8a, /data/app/~~mod7R8gax5NFnr6WGLxbCA==/com.feels-twVZykPd60NdJddbUWv_jw==/split_config.arm64_v8a.apk!/lib/arm64-v8a, /data/app/~~mod7R8gax5NFnr6WGLxbCA==/com.feels-twVZykPd60NdJddbUWv_jw==/split_config.en.apk!/lib/arm64-v8a, /data/app/~~mod7R8gax5NFnr6WGLxbCA==/com.feels-twVZykPd60NdJddbUWv_jw==/split_config.mdpi.apk!/lib/arm64-v8a, /system/lib64, /system_ext/lib64]]"
},
{
    "type": "error",
    "extra": "hook all methods error",
    "package_name": "com.feels",
    "class_name": "com.ogury.ed.OguryAdRequests",
    "error": "Error: java.lang.ClassNotFoundException: Didn't find class \"com.ogury.ed.OguryAdRequests\" on path: DexPathList[[zip file \"/data/app/~~mod7R8gax5NFnr6WGLxbCA==/com.feels-twVZykPd60NdJddbUWv_jw==/base.apk\", zip file \"/data/app/~~mod7R8gax5NFnr6WGLxbCA==/com.feels-twVZykPd60NdJddbUWv_jw==/split_config.arm64_v8a.apk\", zip file \"/data/app/~~mod7R8gax5NFnr6WGLxbCA==/com.feels-twVZykPd60NdJddbUWv_jw==/split_config.en.apk\", zip file \"/data/app/~~mod7R8gax5NFnr6WGLxbCA==/com.feels-twVZykPd60NdJddbUWv_jw==/split_config.mdpi.apk\"],nativeLibraryDirectories=[/data/app/~~mod7R8gax5NFnr6WGLxbCA==/com.feels-twVZykPd60NdJddbUWv_jw==/lib/arm64, /data/app/~~mod7R8gax5NFnr6WGLxbCA==/com.feels-twVZykPd60NdJddbUWv_jw==/base.apk!/lib/arm64-v8a, /data/app/~~mod7R8gax5NFnr6WGLxbCA==/com.feels-twVZykPd60NdJddbUWv_jw==/split_config.arm64_v8a.apk!/lib/arm64-v8a, /data/app/~~mod7R8gax5NFnr6WGLxbCA==/com.feels-twVZykPd60NdJddbUWv_jw==/split_config.en.apk!/lib/arm64-v8a, /data/app/~~mod7R8gax5NFnr6WGLxbCA==/com.feels-twVZykPd60NdJddbUWv_jw==/split_config.mdpi.apk!/lib/arm64-v8a, /system/lib64, /system_ext/lib64]]"
},
{
    "type": "error",
    "extra": "hook all methods error",
    "package_name": "com.feels",
    "class_name": "com.bytedance.sdk.openadsdk.api.interstitial.PAGInterstitialAd",
    "error": "Error: java.lang.ClassNotFoundException: Didn't find class \"com.bytedance.sdk.openadsdk.api.interstitial.PAGInterstitialAd\" on path: DexPathList[[zip file \"/data/app/~~mod7R8gax5NFnr6WGLxbCA==/com.feels-twVZykPd60NdJddbUWv_jw==/base.apk\", zip file \"/data/app/~~mod7R8gax5NFnr6WGLxbCA==/com.feels-twVZykPd60NdJddbUWv_jw==/split_config.arm64_v8a.apk\", zip file \"/data/app/~~mod7R8gax5NFnr6WGLxbCA==/com.feels-twVZykPd60NdJddbUWv_jw==/split_config.en.apk\", zip file \"/data/app/~~mod7R8gax5NFnr6WGLxbCA==/com.feels-twVZykPd60NdJddbUWv_jw==/split_config.mdpi.apk\"],nativeLibraryDirectories=[/data/app/~~mod7R8gax5NFnr6WGLxbCA==/com.feels-twVZykPd60NdJddbUWv_jw==/lib/arm64, /data/app/~~mod7R8gax5NFnr6WGLxbCA==/com.feels-twVZykPd60NdJddbUWv_jw==/base.apk!/lib/arm64-v8a, /data/app/~~mod7R8gax5NFnr6WGLxbCA==/com.feels-twVZykPd60NdJddbUWv_jw==/split_config.arm64_v8a.apk!/lib/arm64-v8a, /data/app/~~mod7R8gax5NFnr6WGLxbCA==/com.feels-twVZykPd60NdJddbUWv_jw==/split_config.en.apk!/lib/arm64-v8a, /data/app/~~mod7R8gax5NFnr6WGLxbCA==/com.feels-twVZykPd60NdJddbUWv_jw==/split_config.mdpi.apk!/lib/arm64-v8a, /system/lib64, /system_ext/lib64]]"
},
{
    "type": "error",
    "extra": "hook all methods error",
    "package_name": "com.feels",
    "class_name": "com.bytedance.sdk.openadsdk.api.init.PAGConfig",
    "error": "Error: java.lang.ClassNotFoundException: Didn't find class \"com.bytedance.sdk.openadsdk.api.init.PAGConfig\" on path: DexPathList[[zip file \"/data/app/~~mod7R8gax5NFnr6WGLxbCA==/com.feels-twVZykPd60NdJddbUWv_jw==/base.apk\", zip file \"/data/app/~~mod7R8gax5NFnr6WGLxbCA==/com.feels-twVZykPd60NdJddbUWv_jw==/split_config.arm64_v8a.apk\", zip file \"/data/app/~~mod7R8gax5NFnr6WGLxbCA==/com.feels-twVZykPd60NdJddbUWv_jw==/split_config.en.apk\", zip file \"/data/app/~~mod7R8gax5NFnr6WGLxbCA==/com.feels-twVZykPd60NdJddbUWv_jw==/split_config.mdpi.apk\"],nativeLibraryDirectories=[/data/app/~~mod7R8gax5NFnr6WGLxbCA==/com.feels-twVZykPd60NdJddbUWv_jw==/lib/arm64, /data/app/~~mod7R8gax5NFnr6WGLxbCA==/com.feels-twVZykPd60NdJddbUWv_jw==/base.apk!/lib/arm64-v8a, /data/app/~~mod7R8gax5NFnr6WGLxbCA==/com.feels-twVZykPd60NdJddbUWv_jw==/split_config.arm64_v8a.apk!/lib/arm64-v8a, /data/app/~~mod7R8gax5NFnr6WGLxbCA==/com.feels-twVZykPd60NdJddbUWv_jw==/split_config.en.apk!/lib/arm64-v8a, /data/app/~~mod7R8gax5NFnr6WGLxbCA==/com.feels-twVZykPd60NdJddbUWv_jw==/split_config.mdpi.apk!/lib/arm64-v8a, /system/lib64, /system_ext/lib64]]"
},
{
    "type": "error",
    "extra": "hook all methods error",
    "package_name": "com.feels",
    "class_name": "com.vpon.ads.VponInterstitialAd",
    "error": "Error: java.lang.ClassNotFoundException: Didn't find class \"com.vpon.ads.VponInterstitialAd\" on path: DexPathList[[zip file \"/data/app/~~mod7R8gax5NFnr6WGLxbCA==/com.feels-twVZykPd60NdJddbUWv_jw==/base.apk\", zip file \"/data/app/~~mod7R8gax5NFnr6WGLxbCA==/com.feels-twVZykPd60NdJddbUWv_jw==/split_config.arm64_v8a.apk\", zip file \"/data/app/~~mod7R8gax5NFnr6WGLxbCA==/com.feels-twVZykPd60NdJddbUWv_jw==/split_config.en.apk\", zip file \"/data/app/~~mod7R8gax5NFnr6WGLxbCA==/com.feels-twVZykPd60NdJddbUWv_jw==/split_config.mdpi.apk\"],nativeLibraryDirectories=[/data/app/~~mod7R8gax5NFnr6WGLxbCA==/com.feels-twVZykPd60NdJddbUWv_jw==/lib/arm64, /data/app/~~mod7R8gax5NFnr6WGLxbCA==/com.feels-twVZykPd60NdJddbUWv_jw==/base.apk!/lib/arm64-v8a, /data/app/~~mod7R8gax5NFnr6WGLxbCA==/com.feels-twVZykPd60NdJddbUWv_jw==/split_config.arm64_v8a.apk!/lib/arm64-v8a, /data/app/~~mod7R8gax5NFnr6WGLxbCA==/com.feels-twVZykPd60NdJddbUWv_jw==/split_config.en.apk!/lib/arm64-v8a, /data/app/~~mod7R8gax5NFnr6WGLxbCA==/com.feels-twVZykPd60NdJddbUWv_jw==/split_config.mdpi.apk!/lib/arm64-v8a, /system/lib64, /system_ext/lib64]]"
},
{
    "type": "error",
    "extra": "hook all methods error",
    "package_name": "com.feels",
    "class_name": "com.adsbynimbus.NimbusAdManager",
    "error": "Error: java.lang.ClassNotFoundException: Didn't find class \"com.adsbynimbus.NimbusAdManager\" on path: DexPathList[[zip file \"/data/app/~~mod7R8gax5NFnr6WGLxbCA==/com.feels-twVZykPd60NdJddbUWv_jw==/base.apk\", zip file \"/data/app/~~mod7R8gax5NFnr6WGLxbCA==/com.feels-twVZykPd60NdJddbUWv_jw==/split_config.arm64_v8a.apk\", zip file \"/data/app/~~mod7R8gax5NFnr6WGLxbCA==/com.feels-twVZykPd60NdJddbUWv_jw==/split_config.en.apk\", zip file \"/data/app/~~mod7R8gax5NFnr6WGLxbCA==/com.feels-twVZykPd60NdJddbUWv_jw==/split_config.mdpi.apk\"],nativeLibraryDirectories=[/data/app/~~mod7R8gax5NFnr6WGLxbCA==/com.feels-twVZykPd60NdJddbUWv_jw==/lib/arm64, /data/app/~~mod7R8gax5NFnr6WGLxbCA==/com.feels-twVZykPd60NdJddbUWv_jw==/base.apk!/lib/arm64-v8a, /data/app/~~mod7R8gax5NFnr6WGLxbCA==/com.feels-twVZykPd60NdJddbUWv_jw==/split_config.arm64_v8a.apk!/lib/arm64-v8a, /data/app/~~mod7R8gax5NFnr6WGLxbCA==/com.feels-twVZykPd60NdJddbUWv_jw==/split_config.en.apk!/lib/arm64-v8a, /data/app/~~mod7R8gax5NFnr6WGLxbCA==/com.feels-twVZykPd60NdJddbUWv_jw==/split_config.mdpi.apk!/lib/arm64-v8a, /system/lib64, /system_ext/lib64]]"
},
{
    "type": "error",
    "extra": "hook all methods error",
    "package_name": "com.feels",
    "class_name": "com.inmobi.compliance.InMobiPrivacyCompliance",
    "error": "Error: java.lang.ClassNotFoundException: Didn't find class \"com.inmobi.compliance.InMobiPrivacyCompliance\" on path: DexPathList[[zip file \"/data/app/~~mod7R8gax5NFnr6WGLxbCA==/com.feels-twVZykPd60NdJddbUWv_jw==/base.apk\", zip file \"/data/app/~~mod7R8gax5NFnr6WGLxbCA==/com.feels-twVZykPd60NdJddbUWv_jw==/split_config.arm64_v8a.apk\", zip file \"/data/app/~~mod7R8gax5NFnr6WGLxbCA==/com.feels-twVZykPd60NdJddbUWv_jw==/split_config.en.apk\", zip file \"/data/app/~~mod7R8gax5NFnr6WGLxbCA==/com.feels-twVZykPd60NdJddbUWv_jw==/split_config.mdpi.apk\"],nativeLibraryDirectories=[/data/app/~~mod7R8gax5NFnr6WGLxbCA==/com.feels-twVZykPd60NdJddbUWv_jw==/lib/arm64, /data/app/~~mod7R8gax5NFnr6WGLxbCA==/com.feels-twVZykPd60NdJddbUWv_jw==/base.apk!/lib/arm64-v8a, /data/app/~~mod7R8gax5NFnr6WGLxbCA==/com.feels-twVZykPd60NdJddbUWv_jw==/split_config.arm64_v8a.apk!/lib/arm64-v8a, /data/app/~~mod7R8gax5NFnr6WGLxbCA==/com.feels-twVZykPd60NdJddbUWv_jw==/split_config.en.apk!/lib/arm64-v8a, /data/app/~~mod7R8gax5NFnr6WGLxbCA==/com.feels-twVZykPd60NdJddbUWv_jw==/split_config.mdpi.apk!/lib/arm64-v8a, /system/lib64, /system_ext/lib64]]"
},
{
    "type": "error",
    "extra": "hook all methods error",
    "package_name": "com.feels",
    "class_name": "com.adxcorp.ads.common.ADXGdprManager",
    "error": "Error: java.lang.ClassNotFoundException: Didn't find class \"com.adxcorp.ads.common.ADXGdprManager\" on path: DexPathList[[zip file \"/data/app/~~mod7R8gax5NFnr6WGLxbCA==/com.feels-twVZykPd60NdJddbUWv_jw==/base.apk\", zip file \"/data/app/~~mod7R8gax5NFnr6WGLxbCA==/com.feels-twVZykPd60NdJddbUWv_jw==/split_config.arm64_v8a.apk\", zip file \"/data/app/~~mod7R8gax5NFnr6WGLxbCA==/com.feels-twVZykPd60NdJddbUWv_jw==/split_config.en.apk\", zip file \"/data/app/~~mod7R8gax5NFnr6WGLxbCA==/com.feels-twVZykPd60NdJddbUWv_jw==/split_config.mdpi.apk\"],nativeLibraryDirectories=[/data/app/~~mod7R8gax5NFnr6WGLxbCA==/com.feels-twVZykPd60NdJddbUWv_jw==/lib/arm64, /data/app/~~mod7R8gax5NFnr6WGLxbCA==/com.feels-twVZykPd60NdJddbUWv_jw==/base.apk!/lib/arm64-v8a, /data/app/~~mod7R8gax5NFnr6WGLxbCA==/com.feels-twVZykPd60NdJddbUWv_jw==/split_config.arm64_v8a.apk!/lib/arm64-v8a, /data/app/~~mod7R8gax5NFnr6WGLxbCA==/com.feels-twVZykPd60NdJddbUWv_jw==/split_config.en.apk!/lib/arm64-v8a, /data/app/~~mod7R8gax5NFnr6WGLxbCA==/com.feels-twVZykPd60NdJddbUWv_jw==/split_config.mdpi.apk!/lib/arm64-v8a, /system/lib64, /system_ext/lib64]]"
},
{
    "type": "error",
    "extra": "hook all methods error",
    "package_name": "com.feels",
    "class_name": "com.adobe.marketing.mobile.MobileCore",
    "error": "Error: java.lang.ClassNotFoundException: Didn't find class \"com.adobe.marketing.mobile.MobileCore\" on path: DexPathList[[zip file \"/data/app/~~mod7R8gax5NFnr6WGLxbCA==/com.feels-twVZykPd60NdJddbUWv_jw==/base.apk\", zip file \"/data/app/~~mod7R8gax5NFnr6WGLxbCA==/com.feels-twVZykPd60NdJddbUWv_jw==/split_config.arm64_v8a.apk\", zip file \"/data/app/~~mod7R8gax5NFnr6WGLxbCA==/com.feels-twVZykPd60NdJddbUWv_jw==/split_config.en.apk\", zip file \"/data/app/~~mod7R8gax5NFnr6WGLxbCA==/com.feels-twVZykPd60NdJddbUWv_jw==/split_config.mdpi.apk\"],nativeLibraryDirectories=[/data/app/~~mod7R8gax5NFnr6WGLxbCA==/com.feels-twVZykPd60NdJddbUWv_jw==/lib/arm64, /data/app/~~mod7R8gax5NFnr6WGLxbCA==/com.feels-twVZykPd60NdJddbUWv_jw==/base.apk!/lib/arm64-v8a, /data/app/~~mod7R8gax5NFnr6WGLxbCA==/com.feels-twVZykPd60NdJddbUWv_jw==/split_config.arm64_v8a.apk!/lib/arm64-v8a, /data/app/~~mod7R8gax5NFnr6WGLxbCA==/com.feels-twVZykPd60NdJddbUWv_jw==/split_config.en.apk!/lib/arm64-v8a, /data/app/~~mod7R8gax5NFnr6WGLxbCA==/com.feels-twVZykPd60NdJddbUWv_jw==/split_config.mdpi.apk!/lib/arm64-v8a, /system/lib64, /system_ext/lib64]]"
},
{
    "type": "error",
    "extra": "hook all methods error",
    "package_name": "com.feels",
    "class_name": "com.facebook.ads.AdSettings",
    "error": "Error: java.lang.ClassNotFoundException: Didn't find class \"com.facebook.ads.AdSettings\" on path: DexPathList[[zip file \"/data/app/~~mod7R8gax5NFnr6WGLxbCA==/com.feels-twVZykPd60NdJddbUWv_jw==/base.apk\", zip file \"/data/app/~~mod7R8gax5NFnr6WGLxbCA==/com.feels-twVZykPd60NdJddbUWv_jw==/split_config.arm64_v8a.apk\", zip file \"/data/app/~~mod7R8gax5NFnr6WGLxbCA==/com.feels-twVZykPd60NdJddbUWv_jw==/split_config.en.apk\", zip file \"/data/app/~~mod7R8gax5NFnr6WGLxbCA==/com.feels-twVZykPd60NdJddbUWv_jw==/split_config.mdpi.apk\"],nativeLibraryDirectories=[/data/app/~~mod7R8gax5NFnr6WGLxbCA==/com.feels-twVZykPd60NdJddbUWv_jw==/lib/arm64, /data/app/~~mod7R8gax5NFnr6WGLxbCA==/com.feels-twVZykPd60NdJddbUWv_jw==/base.apk!/lib/arm64-v8a, /data/app/~~mod7R8gax5NFnr6WGLxbCA==/com.feels-twVZykPd60NdJddbUWv_jw==/split_config.arm64_v8a.apk!/lib/arm64-v8a, /data/app/~~mod7R8gax5NFnr6WGLxbCA==/com.feels-twVZykPd60NdJddbUWv_jw==/split_config.en.apk!/lib/arm64-v8a, /data/app/~~mod7R8gax5NFnr6WGLxbCA==/com.feels-twVZykPd60NdJddbUWv_jw==/split_config.mdpi.apk!/lib/arm64-v8a, /system/lib64, /system_ext/lib64]]"
},
{
    "type": "error",
    "extra": "hook all methods error",
    "package_name": "com.feels",
    "class_name": "com.unity3d.ads.UnityAds",
    "error": "Error: java.lang.ClassNotFoundException: Didn't find class \"com.unity3d.ads.UnityAds\" on path: DexPathList[[zip file \"/data/app/~~mod7R8gax5NFnr6WGLxbCA==/com.feels-twVZykPd60NdJddbUWv_jw==/base.apk\", zip file \"/data/app/~~mod7R8gax5NFnr6WGLxbCA==/com.feels-twVZykPd60NdJddbUWv_jw==/split_config.arm64_v8a.apk\", zip file \"/data/app/~~mod7R8gax5NFnr6WGLxbCA==/com.feels-twVZykPd60NdJddbUWv_jw==/split_config.en.apk\", zip file \"/data/app/~~mod7R8gax5NFnr6WGLxbCA==/com.feels-twVZykPd60NdJddbUWv_jw==/split_config.mdpi.apk\"],nativeLibraryDirectories=[/data/app/~~mod7R8gax5NFnr6WGLxbCA==/com.feels-twVZykPd60NdJddbUWv_jw==/lib/arm64, /data/app/~~mod7R8gax5NFnr6WGLxbCA==/com.feels-twVZykPd60NdJddbUWv_jw==/base.apk!/lib/arm64-v8a, /data/app/~~mod7R8gax5NFnr6WGLxbCA==/com.feels-twVZykPd60NdJddbUWv_jw==/split_config.arm64_v8a.apk!/lib/arm64-v8a, /data/app/~~mod7R8gax5NFnr6WGLxbCA==/com.feels-twVZykPd60NdJddbUWv_jw==/split_config.en.apk!/lib/arm64-v8a, /data/app/~~mod7R8gax5NFnr6WGLxbCA==/com.feels-twVZykPd60NdJddbUWv_jw==/split_config.mdpi.apk!/lib/arm64-v8a, /system/lib64, /system_ext/lib64]]"
},
{
    "type": "error",
    "extra": "hook all methods error",
    "package_name": "com.feels",
    "class_name": "com.umeng.commonsdk.UMConfigure",
    "error": "Error: java.lang.ClassNotFoundException: Didn't find class \"com.umeng.commonsdk.UMConfigure\" on path: DexPathList[[zip file \"/data/app/~~mod7R8gax5NFnr6WGLxbCA==/com.feels-twVZykPd60NdJddbUWv_jw==/base.apk\", zip file \"/data/app/~~mod7R8gax5NFnr6WGLxbCA==/com.feels-twVZykPd60NdJddbUWv_jw==/split_config.arm64_v8a.apk\", zip file \"/data/app/~~mod7R8gax5NFnr6WGLxbCA==/com.feels-twVZykPd60NdJddbUWv_jw==/split_config.en.apk\", zip file \"/data/app/~~mod7R8gax5NFnr6WGLxbCA==/com.feels-twVZykPd60NdJddbUWv_jw==/split_config.mdpi.apk\"],nativeLibraryDirectories=[/data/app/~~mod7R8gax5NFnr6WGLxbCA==/com.feels-twVZykPd60NdJddbUWv_jw==/lib/arm64, /data/app/~~mod7R8gax5NFnr6WGLxbCA==/com.feels-twVZykPd60NdJddbUWv_jw==/base.apk!/lib/arm64-v8a, /data/app/~~mod7R8gax5NFnr6WGLxbCA==/com.feels-twVZykPd60NdJddbUWv_jw==/split_config.arm64_v8a.apk!/lib/arm64-v8a, /data/app/~~mod7R8gax5NFnr6WGLxbCA==/com.feels-twVZykPd60NdJddbUWv_jw==/split_config.en.apk!/lib/arm64-v8a, /data/app/~~mod7R8gax5NFnr6WGLxbCA==/com.feels-twVZykPd60NdJddbUWv_jw==/split_config.mdpi.apk!/lib/arm64-v8a, /system/lib64, /system_ext/lib64]]"
},
{
    "type": "error",
    "extra": "hook all methods error",
    "package_name": "com.feels",
    "class_name": "com.inmobi.ads.InMobiNative",
    "error": "Error: java.lang.ClassNotFoundException: Didn't find class \"com.inmobi.ads.InMobiNative\" on path: DexPathList[[zip file \"/data/app/~~mod7R8gax5NFnr6WGLxbCA==/com.feels-twVZykPd60NdJddbUWv_jw==/base.apk\", zip file \"/data/app/~~mod7R8gax5NFnr6WGLxbCA==/com.feels-twVZykPd60NdJddbUWv_jw==/split_config.arm64_v8a.apk\", zip file \"/data/app/~~mod7R8gax5NFnr6WGLxbCA==/com.feels-twVZykPd60NdJddbUWv_jw==/split_config.en.apk\", zip file \"/data/app/~~mod7R8gax5NFnr6WGLxbCA==/com.feels-twVZykPd60NdJddbUWv_jw==/split_config.mdpi.apk\"],nativeLibraryDirectories=[/data/app/~~mod7R8gax5NFnr6WGLxbCA==/com.feels-twVZykPd60NdJddbUWv_jw==/lib/arm64, /data/app/~~mod7R8gax5NFnr6WGLxbCA==/com.feels-twVZykPd60NdJddbUWv_jw==/base.apk!/lib/arm64-v8a, /data/app/~~mod7R8gax5NFnr6WGLxbCA==/com.feels-twVZykPd60NdJddbUWv_jw==/split_config.arm64_v8a.apk!/lib/arm64-v8a, /data/app/~~mod7R8gax5NFnr6WGLxbCA==/com.feels-twVZykPd60NdJddbUWv_jw==/split_config.en.apk!/lib/arm64-v8a, /data/app/~~mod7R8gax5NFnr6WGLxbCA==/com.feels-twVZykPd60NdJddbUWv_jw==/split_config.mdpi.apk!/lib/arm64-v8a, /system/lib64, /system_ext/lib64]]"
},
{
    "type": "error",
    "extra": "hook all methods error",
    "package_name": "com.feels",
    "class_name": "com.youappi.sdk.YouAPPi",
    "error": "Error: java.lang.ClassNotFoundException: Didn't find class \"com.youappi.sdk.YouAPPi\" on path: DexPathList[[zip file \"/data/app/~~mod7R8gax5NFnr6WGLxbCA==/com.feels-twVZykPd60NdJddbUWv_jw==/base.apk\", zip file \"/data/app/~~mod7R8gax5NFnr6WGLxbCA==/com.feels-twVZykPd60NdJddbUWv_jw==/split_config.arm64_v8a.apk\", zip file \"/data/app/~~mod7R8gax5NFnr6WGLxbCA==/com.feels-twVZykPd60NdJddbUWv_jw==/split_config.en.apk\", zip file \"/data/app/~~mod7R8gax5NFnr6WGLxbCA==/com.feels-twVZykPd60NdJddbUWv_jw==/split_config.mdpi.apk\"],nativeLibraryDirectories=[/data/app/~~mod7R8gax5NFnr6WGLxbCA==/com.feels-twVZykPd60NdJddbUWv_jw==/lib/arm64, /data/app/~~mod7R8gax5NFnr6WGLxbCA==/com.feels-twVZykPd60NdJddbUWv_jw==/base.apk!/lib/arm64-v8a, /data/app/~~mod7R8gax5NFnr6WGLxbCA==/com.feels-twVZykPd60NdJddbUWv_jw==/split_config.arm64_v8a.apk!/lib/arm64-v8a, /data/app/~~mod7R8gax5NFnr6WGLxbCA==/com.feels-twVZykPd60NdJddbUWv_jw==/split_config.en.apk!/lib/arm64-v8a, /data/app/~~mod7R8gax5NFnr6WGLxbCA==/com.feels-twVZykPd60NdJddbUWv_jw==/split_config.mdpi.apk!/lib/arm64-v8a, /system/lib64, /system_ext/lib64]]"
},
{
    "type": "error",
    "extra": "hook all methods error",
    "package_name": "com.feels",
    "class_name": "com.mobilefuse.sdk.MobileFuseNativeAd",
    "error": "Error: java.lang.ClassNotFoundException: Didn't find class \"com.mobilefuse.sdk.MobileFuseNativeAd\" on path: DexPathList[[zip file \"/data/app/~~mod7R8gax5NFnr6WGLxbCA==/com.feels-twVZykPd60NdJddbUWv_jw==/base.apk\", zip file \"/data/app/~~mod7R8gax5NFnr6WGLxbCA==/com.feels-twVZykPd60NdJddbUWv_jw==/split_config.arm64_v8a.apk\", zip file \"/data/app/~~mod7R8gax5NFnr6WGLxbCA==/com.feels-twVZykPd60NdJddbUWv_jw==/split_config.en.apk\", zip file \"/data/app/~~mod7R8gax5NFnr6WGLxbCA==/com.feels-twVZykPd60NdJddbUWv_jw==/split_config.mdpi.apk\"],nativeLibraryDirectories=[/data/app/~~mod7R8gax5NFnr6WGLxbCA==/com.feels-twVZykPd60NdJddbUWv_jw==/lib/arm64, /data/app/~~mod7R8gax5NFnr6WGLxbCA==/com.feels-twVZykPd60NdJddbUWv_jw==/base.apk!/lib/arm64-v8a, /data/app/~~mod7R8gax5NFnr6WGLxbCA==/com.feels-twVZykPd60NdJddbUWv_jw==/split_config.arm64_v8a.apk!/lib/arm64-v8a, /data/app/~~mod7R8gax5NFnr6WGLxbCA==/com.feels-twVZykPd60NdJddbUWv_jw==/split_config.en.apk!/lib/arm64-v8a, /data/app/~~mod7R8gax5NFnr6WGLxbCA==/com.feels-twVZykPd60NdJddbUWv_jw==/split_config.mdpi.apk!/lib/arm64-v8a, /system/lib64, /system_ext/lib64]]"
},
{
    "type": "error",
    "extra": "hook all methods error",
    "package_name": "com.feels",
    "class_name": "com.appnext.ads.fullscreen.FullScreenVideo",
    "error": "Error: java.lang.ClassNotFoundException: Didn't find class \"com.appnext.ads.fullscreen.FullScreenVideo\" on path: DexPathList[[zip file \"/data/app/~~mod7R8gax5NFnr6WGLxbCA==/com.feels-twVZykPd60NdJddbUWv_jw==/base.apk\", zip file \"/data/app/~~mod7R8gax5NFnr6WGLxbCA==/com.feels-twVZykPd60NdJddbUWv_jw==/split_config.arm64_v8a.apk\", zip file \"/data/app/~~mod7R8gax5NFnr6WGLxbCA==/com.feels-twVZykPd60NdJddbUWv_jw==/split_config.en.apk\", zip file \"/data/app/~~mod7R8gax5NFnr6WGLxbCA==/com.feels-twVZykPd60NdJddbUWv_jw==/split_config.mdpi.apk\"],nativeLibraryDirectories=[/data/app/~~mod7R8gax5NFnr6WGLxbCA==/com.feels-twVZykPd60NdJddbUWv_jw==/lib/arm64, /data/app/~~mod7R8gax5NFnr6WGLxbCA==/com.feels-twVZykPd60NdJddbUWv_jw==/base.apk!/lib/arm64-v8a, /data/app/~~mod7R8gax5NFnr6WGLxbCA==/com.feels-twVZykPd60NdJddbUWv_jw==/split_config.arm64_v8a.apk!/lib/arm64-v8a, /data/app/~~mod7R8gax5NFnr6WGLxbCA==/com.feels-twVZykPd60NdJddbUWv_jw==/split_config.en.apk!/lib/arm64-v8a, /data/app/~~mod7R8gax5NFnr6WGLxbCA==/com.feels-twVZykPd60NdJddbUWv_jw==/split_config.mdpi.apk!/lib/arm64-v8a, /system/lib64, /system_ext/lib64]]"
},
{
    "type": "error",
    "extra": "hook all methods error",
    "package_name": "com.feels",
    "class_name": "com.amplitude.android.TrackingOptions",
    "error": "Error: java.lang.ClassNotFoundException: Didn't find class \"com.amplitude.android.TrackingOptions\" on path: DexPathList[[zip file \"/data/app/~~mod7R8gax5NFnr6WGLxbCA==/com.feels-twVZykPd60NdJddbUWv_jw==/base.apk\", zip file \"/data/app/~~mod7R8gax5NFnr6WGLxbCA==/com.feels-twVZykPd60NdJddbUWv_jw==/split_config.arm64_v8a.apk\", zip file \"/data/app/~~mod7R8gax5NFnr6WGLxbCA==/com.feels-twVZykPd60NdJddbUWv_jw==/split_config.en.apk\", zip file \"/data/app/~~mod7R8gax5NFnr6WGLxbCA==/com.feels-twVZykPd60NdJddbUWv_jw==/split_config.mdpi.apk\"],nativeLibraryDirectories=[/data/app/~~mod7R8gax5NFnr6WGLxbCA==/com.feels-twVZykPd60NdJddbUWv_jw==/lib/arm64, /data/app/~~mod7R8gax5NFnr6WGLxbCA==/com.feels-twVZykPd60NdJddbUWv_jw==/base.apk!/lib/arm64-v8a, /data/app/~~mod7R8gax5NFnr6WGLxbCA==/com.feels-twVZykPd60NdJddbUWv_jw==/split_config.arm64_v8a.apk!/lib/arm64-v8a, /data/app/~~mod7R8gax5NFnr6WGLxbCA==/com.feels-twVZykPd60NdJddbUWv_jw==/split_config.en.apk!/lib/arm64-v8a, /data/app/~~mod7R8gax5NFnr6WGLxbCA==/com.feels-twVZykPd60NdJddbUWv_jw==/split_config.mdpi.apk!/lib/arm64-v8a, /system/lib64, /system_ext/lib64]]"
},
{
    "type": "error",
    "extra": "hook all methods error",
    "package_name": "com.feels",
    "class_name": "com.amplitude.android.Configuration",
    "error": "Error: java.lang.ClassNotFoundException: Didn't find class \"com.amplitude.android.Configuration\" on path: DexPathList[[zip file \"/data/app/~~mod7R8gax5NFnr6WGLxbCA==/com.feels-twVZykPd60NdJddbUWv_jw==/base.apk\", zip file \"/data/app/~~mod7R8gax5NFnr6WGLxbCA==/com.feels-twVZykPd60NdJddbUWv_jw==/split_config.arm64_v8a.apk\", zip file \"/data/app/~~mod7R8gax5NFnr6WGLxbCA==/com.feels-twVZykPd60NdJddbUWv_jw==/split_config.en.apk\", zip file \"/data/app/~~mod7R8gax5NFnr6WGLxbCA==/com.feels-twVZykPd60NdJddbUWv_jw==/split_config.mdpi.apk\"],nativeLibraryDirectories=[/data/app/~~mod7R8gax5NFnr6WGLxbCA==/com.feels-twVZykPd60NdJddbUWv_jw==/lib/arm64, /data/app/~~mod7R8gax5NFnr6WGLxbCA==/com.feels-twVZykPd60NdJddbUWv_jw==/base.apk!/lib/arm64-v8a, /data/app/~~mod7R8gax5NFnr6WGLxbCA==/com.feels-twVZykPd60NdJddbUWv_jw==/split_config.arm64_v8a.apk!/lib/arm64-v8a, /data/app/~~mod7R8gax5NFnr6WGLxbCA==/com.feels-twVZykPd60NdJddbUWv_jw==/split_config.en.apk!/lib/arm64-v8a, /data/app/~~mod7R8gax5NFnr6WGLxbCA==/com.feels-twVZykPd60NdJddbUWv_jw==/split_config.mdpi.apk!/lib/arm64-v8a, /system/lib64, /system_ext/lib64]]"
},
{
    "type": "error",
    "extra": "hook all methods error",
    "package_name": "com.feels",
    "class_name": "com.gameanalytics.sdk.GameAnalytics",
    "error": "Error: java.lang.ClassNotFoundException: Didn't find class \"com.gameanalytics.sdk.GameAnalytics\" on path: DexPathList[[zip file \"/data/app/~~mod7R8gax5NFnr6WGLxbCA==/com.feels-twVZykPd60NdJddbUWv_jw==/base.apk\", zip file \"/data/app/~~mod7R8gax5NFnr6WGLxbCA==/com.feels-twVZykPd60NdJddbUWv_jw==/split_config.arm64_v8a.apk\", zip file \"/data/app/~~mod7R8gax5NFnr6WGLxbCA==/com.feels-twVZykPd60NdJddbUWv_jw==/split_config.en.apk\", zip file \"/data/app/~~mod7R8gax5NFnr6WGLxbCA==/com.feels-twVZykPd60NdJddbUWv_jw==/split_config.mdpi.apk\"],nativeLibraryDirectories=[/data/app/~~mod7R8gax5NFnr6WGLxbCA==/com.feels-twVZykPd60NdJddbUWv_jw==/lib/arm64, /data/app/~~mod7R8gax5NFnr6WGLxbCA==/com.feels-twVZykPd60NdJddbUWv_jw==/base.apk!/lib/arm64-v8a, /data/app/~~mod7R8gax5NFnr6WGLxbCA==/com.feels-twVZykPd60NdJddbUWv_jw==/split_config.arm64_v8a.apk!/lib/arm64-v8a, /data/app/~~mod7R8gax5NFnr6WGLxbCA==/com.feels-twVZykPd60NdJddbUWv_jw==/split_config.en.apk!/lib/arm64-v8a, /data/app/~~mod7R8gax5NFnr6WGLxbCA==/com.feels-twVZykPd60NdJddbUWv_jw==/split_config.mdpi.apk!/lib/arm64-v8a, /system/lib64, /system_ext/lib64]]"
},
{
    "type": "error",
    "extra": "hook all methods error",
    "package_name": "com.feels",
    "class_name": "com.ogury.ed.OguryInterstitialAd",
    "error": "Error: java.lang.ClassNotFoundException: Didn't find class \"com.ogury.ed.OguryInterstitialAd\" on path: DexPathList[[zip file \"/data/app/~~mod7R8gax5NFnr6WGLxbCA==/com.feels-twVZykPd60NdJddbUWv_jw==/base.apk\", zip file \"/data/app/~~mod7R8gax5NFnr6WGLxbCA==/com.feels-twVZykPd60NdJddbUWv_jw==/split_config.arm64_v8a.apk\", zip file \"/data/app/~~mod7R8gax5NFnr6WGLxbCA==/com.feels-twVZykPd60NdJddbUWv_jw==/split_config.en.apk\", zip file \"/data/app/~~mod7R8gax5NFnr6WGLxbCA==/com.feels-twVZykPd60NdJddbUWv_jw==/split_config.mdpi.apk\"],nativeLibraryDirectories=[/data/app/~~mod7R8gax5NFnr6WGLxbCA==/com.feels-twVZykPd60NdJddbUWv_jw==/lib/arm64, /data/app/~~mod7R8gax5NFnr6WGLxbCA==/com.feels-twVZykPd60NdJddbUWv_jw==/base.apk!/lib/arm64-v8a, /data/app/~~mod7R8gax5NFnr6WGLxbCA==/com.feels-twVZykPd60NdJddbUWv_jw==/split_config.arm64_v8a.apk!/lib/arm64-v8a, /data/app/~~mod7R8gax5NFnr6WGLxbCA==/com.feels-twVZykPd60NdJddbUWv_jw==/split_config.en.apk!/lib/arm64-v8a, /data/app/~~mod7R8gax5NFnr6WGLxbCA==/com.feels-twVZykPd60NdJddbUWv_jw==/split_config.mdpi.apk!/lib/arm64-v8a, /system/lib64, /system_ext/lib64]]"
},
{
    "type": "error",
    "extra": "hook all methods error",
    "package_name": "com.feels",
    "class_name": "com.braze.Braze",
    "error": "Error: java.lang.ClassNotFoundException: Didn't find class \"com.braze.Braze\" on path: DexPathList[[zip file \"/data/app/~~mod7R8gax5NFnr6WGLxbCA==/com.feels-twVZykPd60NdJddbUWv_jw==/base.apk\", zip file \"/data/app/~~mod7R8gax5NFnr6WGLxbCA==/com.feels-twVZykPd60NdJddbUWv_jw==/split_config.arm64_v8a.apk\", zip file \"/data/app/~~mod7R8gax5NFnr6WGLxbCA==/com.feels-twVZykPd60NdJddbUWv_jw==/split_config.en.apk\", zip file \"/data/app/~~mod7R8gax5NFnr6WGLxbCA==/com.feels-twVZykPd60NdJddbUWv_jw==/split_config.mdpi.apk\"],nativeLibraryDirectories=[/data/app/~~mod7R8gax5NFnr6WGLxbCA==/com.feels-twVZykPd60NdJddbUWv_jw==/lib/arm64, /data/app/~~mod7R8gax5NFnr6WGLxbCA==/com.feels-twVZykPd60NdJddbUWv_jw==/base.apk!/lib/arm64-v8a, /data/app/~~mod7R8gax5NFnr6WGLxbCA==/com.feels-twVZykPd60NdJddbUWv_jw==/split_config.arm64_v8a.apk!/lib/arm64-v8a, /data/app/~~mod7R8gax5NFnr6WGLxbCA==/com.feels-twVZykPd60NdJddbUWv_jw==/split_config.en.apk!/lib/arm64-v8a, /data/app/~~mod7R8gax5NFnr6WGLxbCA==/com.feels-twVZykPd60NdJddbUWv_jw==/split_config.mdpi.apk!/lib/arm64-v8a, /system/lib64, /system_ext/lib64]]"
},
{
    "type": "error",
    "extra": "hook all methods error",
    "package_name": "com.feels",
    "class_name": "com.flurry.android.FlurryAgent",
    "error": "Error: java.lang.ClassNotFoundException: Didn't find class \"com.flurry.android.FlurryAgent\" on path: DexPathList[[zip file \"/data/app/~~mod7R8gax5NFnr6WGLxbCA==/com.feels-twVZykPd60NdJddbUWv_jw==/base.apk\", zip file \"/data/app/~~mod7R8gax5NFnr6WGLxbCA==/com.feels-twVZykPd60NdJddbUWv_jw==/split_config.arm64_v8a.apk\", zip file \"/data/app/~~mod7R8gax5NFnr6WGLxbCA==/com.feels-twVZykPd60NdJddbUWv_jw==/split_config.en.apk\", zip file \"/data/app/~~mod7R8gax5NFnr6WGLxbCA==/com.feels-twVZykPd60NdJddbUWv_jw==/split_config.mdpi.apk\"],nativeLibraryDirectories=[/data/app/~~mod7R8gax5NFnr6WGLxbCA==/com.feels-twVZykPd60NdJddbUWv_jw==/lib/arm64, /data/app/~~mod7R8gax5NFnr6WGLxbCA==/com.feels-twVZykPd60NdJddbUWv_jw==/base.apk!/lib/arm64-v8a, /data/app/~~mod7R8gax5NFnr6WGLxbCA==/com.feels-twVZykPd60NdJddbUWv_jw==/split_config.arm64_v8a.apk!/lib/arm64-v8a, /data/app/~~mod7R8gax5NFnr6WGLxbCA==/com.feels-twVZykPd60NdJddbUWv_jw==/split_config.en.apk!/lib/arm64-v8a, /data/app/~~mod7R8gax5NFnr6WGLxbCA==/com.feels-twVZykPd60NdJddbUWv_jw==/split_config.mdpi.apk!/lib/arm64-v8a, /system/lib64, /system_ext/lib64]]"
},
{
    "type": "error",
    "extra": "hook all methods error",
    "package_name": "com.feels",
    "class_name": "com.kochava.tracker.Tracker",
    "error": "Error: java.lang.ClassNotFoundException: Didn't find class \"com.kochava.tracker.Tracker\" on path: DexPathList[[zip file \"/data/app/~~mod7R8gax5NFnr6WGLxbCA==/com.feels-twVZykPd60NdJddbUWv_jw==/base.apk\", zip file \"/data/app/~~mod7R8gax5NFnr6WGLxbCA==/com.feels-twVZykPd60NdJddbUWv_jw==/split_config.arm64_v8a.apk\", zip file \"/data/app/~~mod7R8gax5NFnr6WGLxbCA==/com.feels-twVZykPd60NdJddbUWv_jw==/split_config.en.apk\", zip file \"/data/app/~~mod7R8gax5NFnr6WGLxbCA==/com.feels-twVZykPd60NdJddbUWv_jw==/split_config.mdpi.apk\"],nativeLibraryDirectories=[/data/app/~~mod7R8gax5NFnr6WGLxbCA==/com.feels-twVZykPd60NdJddbUWv_jw==/lib/arm64, /data/app/~~mod7R8gax5NFnr6WGLxbCA==/com.feels-twVZykPd60NdJddbUWv_jw==/base.apk!/lib/arm64-v8a, /data/app/~~mod7R8gax5NFnr6WGLxbCA==/com.feels-twVZykPd60NdJddbUWv_jw==/split_config.arm64_v8a.apk!/lib/arm64-v8a, /data/app/~~mod7R8gax5NFnr6WGLxbCA==/com.feels-twVZykPd60NdJddbUWv_jw==/split_config.en.apk!/lib/arm64-v8a, /data/app/~~mod7R8gax5NFnr6WGLxbCA==/com.feels-twVZykPd60NdJddbUWv_jw==/split_config.mdpi.apk!/lib/arm64-v8a, /system/lib64, /system_ext/lib64]]"
},
{
    "type": "error",
    "extra": "hook all methods error",
    "package_name": "com.feels",
    "class_name": "com.ogury.unity.interstitial.OguryInterstitialAd",
    "error": "Error: java.lang.ClassNotFoundException: Didn't find class \"com.ogury.unity.interstitial.OguryInterstitialAd\" on path: DexPathList[[zip file \"/data/app/~~mod7R8gax5NFnr6WGLxbCA==/com.feels-twVZykPd60NdJddbUWv_jw==/base.apk\", zip file \"/data/app/~~mod7R8gax5NFnr6WGLxbCA==/com.feels-twVZykPd60NdJddbUWv_jw==/split_config.arm64_v8a.apk\", zip file \"/data/app/~~mod7R8gax5NFnr6WGLxbCA==/com.feels-twVZykPd60NdJddbUWv_jw==/split_config.en.apk\", zip file \"/data/app/~~mod7R8gax5NFnr6WGLxbCA==/com.feels-twVZykPd60NdJddbUWv_jw==/split_config.mdpi.apk\"],nativeLibraryDirectories=[/data/app/~~mod7R8gax5NFnr6WGLxbCA==/com.feels-twVZykPd60NdJddbUWv_jw==/lib/arm64, /data/app/~~mod7R8gax5NFnr6WGLxbCA==/com.feels-twVZykPd60NdJddbUWv_jw==/base.apk!/lib/arm64-v8a, /data/app/~~mod7R8gax5NFnr6WGLxbCA==/com.feels-twVZykPd60NdJddbUWv_jw==/split_config.arm64_v8a.apk!/lib/arm64-v8a, /data/app/~~mod7R8gax5NFnr6WGLxbCA==/com.feels-twVZykPd60NdJddbUWv_jw==/split_config.en.apk!/lib/arm64-v8a, /data/app/~~mod7R8gax5NFnr6WGLxbCA==/com.feels-twVZykPd60NdJddbUWv_jw==/split_config.mdpi.apk!/lib/arm64-v8a, /system/lib64, /system_ext/lib64]]"
},
{
    "type": "error",
    "extra": "hook all methods error",
    "package_name": "com.feels",
    "class_name": "com.startapp.sdk.adsbase.StartAppSDK",
    "error": "Error: java.lang.ClassNotFoundException: Didn't find class \"com.startapp.sdk.adsbase.StartAppSDK\" on path: DexPathList[[zip file \"/data/app/~~mod7R8gax5NFnr6WGLxbCA==/com.feels-twVZykPd60NdJddbUWv_jw==/base.apk\", zip file \"/data/app/~~mod7R8gax5NFnr6WGLxbCA==/com.feels-twVZykPd60NdJddbUWv_jw==/split_config.arm64_v8a.apk\", zip file \"/data/app/~~mod7R8gax5NFnr6WGLxbCA==/com.feels-twVZykPd60NdJddbUWv_jw==/split_config.en.apk\", zip file \"/data/app/~~mod7R8gax5NFnr6WGLxbCA==/com.feels-twVZykPd60NdJddbUWv_jw==/split_config.mdpi.apk\"],nativeLibraryDirectories=[/data/app/~~mod7R8gax5NFnr6WGLxbCA==/com.feels-twVZykPd60NdJddbUWv_jw==/lib/arm64, /data/app/~~mod7R8gax5NFnr6WGLxbCA==/com.feels-twVZykPd60NdJddbUWv_jw==/base.apk!/lib/arm64-v8a, /data/app/~~mod7R8gax5NFnr6WGLxbCA==/com.feels-twVZykPd60NdJddbUWv_jw==/split_config.arm64_v8a.apk!/lib/arm64-v8a, /data/app/~~mod7R8gax5NFnr6WGLxbCA==/com.feels-twVZykPd60NdJddbUWv_jw==/split_config.en.apk!/lib/arm64-v8a, /data/app/~~mod7R8gax5NFnr6WGLxbCA==/com.feels-twVZykPd60NdJddbUWv_jw==/split_config.mdpi.apk!/lib/arm64-v8a, /system/lib64, /system_ext/lib64]]"
},
{
    "type": "error",
    "extra": "hook all methods error",
    "package_name": "com.feels",
    "class_name": "com.criteo.Criteo",
    "error": "Error: java.lang.ClassNotFoundException: Didn't find class \"com.criteo.Criteo\" on path: DexPathList[[zip file \"/data/app/~~mod7R8gax5NFnr6WGLxbCA==/com.feels-twVZykPd60NdJddbUWv_jw==/base.apk\", zip file \"/data/app/~~mod7R8gax5NFnr6WGLxbCA==/com.feels-twVZykPd60NdJddbUWv_jw==/split_config.arm64_v8a.apk\", zip file \"/data/app/~~mod7R8gax5NFnr6WGLxbCA==/com.feels-twVZykPd60NdJddbUWv_jw==/split_config.en.apk\", zip file \"/data/app/~~mod7R8gax5NFnr6WGLxbCA==/com.feels-twVZykPd60NdJddbUWv_jw==/split_config.mdpi.apk\"],nativeLibraryDirectories=[/data/app/~~mod7R8gax5NFnr6WGLxbCA==/com.feels-twVZykPd60NdJddbUWv_jw==/lib/arm64, /data/app/~~mod7R8gax5NFnr6WGLxbCA==/com.feels-twVZykPd60NdJddbUWv_jw==/base.apk!/lib/arm64-v8a, /data/app/~~mod7R8gax5NFnr6WGLxbCA==/com.feels-twVZykPd60NdJddbUWv_jw==/split_config.arm64_v8a.apk!/lib/arm64-v8a, /data/app/~~mod7R8gax5NFnr6WGLxbCA==/com.feels-twVZykPd60NdJddbUWv_jw==/split_config.en.apk!/lib/arm64-v8a, /data/app/~~mod7R8gax5NFnr6WGLxbCA==/com.feels-twVZykPd60NdJddbUWv_jw==/split_config.mdpi.apk!/lib/arm64-v8a, /system/lib64, /system_ext/lib64]]"
},
{
    "type": "error",
    "extra": "hook all methods error",
    "package_name": "com.feels",
    "class_name": "com.umeng.analytics.MobclickAgent",
    "error": "Error: java.lang.ClassNotFoundException: Didn't find class \"com.umeng.analytics.MobclickAgent\" on path: DexPathList[[zip file \"/data/app/~~mod7R8gax5NFnr6WGLxbCA==/com.feels-twVZykPd60NdJddbUWv_jw==/base.apk\", zip file \"/data/app/~~mod7R8gax5NFnr6WGLxbCA==/com.feels-twVZykPd60NdJddbUWv_jw==/split_config.arm64_v8a.apk\", zip file \"/data/app/~~mod7R8gax5NFnr6WGLxbCA==/com.feels-twVZykPd60NdJddbUWv_jw==/split_config.en.apk\", zip file \"/data/app/~~mod7R8gax5NFnr6WGLxbCA==/com.feels-twVZykPd60NdJddbUWv_jw==/split_config.mdpi.apk\"],nativeLibraryDirectories=[/data/app/~~mod7R8gax5NFnr6WGLxbCA==/com.feels-twVZykPd60NdJddbUWv_jw==/lib/arm64, /data/app/~~mod7R8gax5NFnr6WGLxbCA==/com.feels-twVZykPd60NdJddbUWv_jw==/base.apk!/lib/arm64-v8a, /data/app/~~mod7R8gax5NFnr6WGLxbCA==/com.feels-twVZykPd60NdJddbUWv_jw==/split_config.arm64_v8a.apk!/lib/arm64-v8a, /data/app/~~mod7R8gax5NFnr6WGLxbCA==/com.feels-twVZykPd60NdJddbUWv_jw==/split_config.en.apk!/lib/arm64-v8a, /data/app/~~mod7R8gax5NFnr6WGLxbCA==/com.feels-twVZykPd60NdJddbUWv_jw==/split_config.mdpi.apk!/lib/arm64-v8a, /system/lib64, /system_ext/lib64]]"
},
{
    "type": "error",
    "extra": "hook all methods error",
    "package_name": "com.feels",
    "class_name": "com.gameanalytics.sdk.GAPlatform",
    "error": "Error: java.lang.ClassNotFoundException: Didn't find class \"com.gameanalytics.sdk.GAPlatform\" on path: DexPathList[[zip file \"/data/app/~~mod7R8gax5NFnr6WGLxbCA==/com.feels-twVZykPd60NdJddbUWv_jw==/base.apk\", zip file \"/data/app/~~mod7R8gax5NFnr6WGLxbCA==/com.feels-twVZykPd60NdJddbUWv_jw==/split_config.arm64_v8a.apk\", zip file \"/data/app/~~mod7R8gax5NFnr6WGLxbCA==/com.feels-twVZykPd60NdJddbUWv_jw==/split_config.en.apk\", zip file \"/data/app/~~mod7R8gax5NFnr6WGLxbCA==/com.feels-twVZykPd60NdJddbUWv_jw==/split_config.mdpi.apk\"],nativeLibraryDirectories=[/data/app/~~mod7R8gax5NFnr6WGLxbCA==/com.feels-twVZykPd60NdJddbUWv_jw==/lib/arm64, /data/app/~~mod7R8gax5NFnr6WGLxbCA==/com.feels-twVZykPd60NdJddbUWv_jw==/base.apk!/lib/arm64-v8a, /data/app/~~mod7R8gax5NFnr6WGLxbCA==/com.feels-twVZykPd60NdJddbUWv_jw==/split_config.arm64_v8a.apk!/lib/arm64-v8a, /data/app/~~mod7R8gax5NFnr6WGLxbCA==/com.feels-twVZykPd60NdJddbUWv_jw==/split_config.en.apk!/lib/arm64-v8a, /data/app/~~mod7R8gax5NFnr6WGLxbCA==/com.feels-twVZykPd60NdJddbUWv_jw==/split_config.mdpi.apk!/lib/arm64-v8a, /system/lib64, /system_ext/lib64]]"
},
{
    "type": "error",
    "extra": "hook all methods error",
    "package_name": "com.feels",
    "class_name": "com.smaato.sdk.nativead.NativeAd",
    "error": "Error: java.lang.ClassNotFoundException: Didn't find class \"com.smaato.sdk.nativead.NativeAd\" on path: DexPathList[[zip file \"/data/app/~~mod7R8gax5NFnr6WGLxbCA==/com.feels-twVZykPd60NdJddbUWv_jw==/base.apk\", zip file \"/data/app/~~mod7R8gax5NFnr6WGLxbCA==/com.feels-twVZykPd60NdJddbUWv_jw==/split_config.arm64_v8a.apk\", zip file \"/data/app/~~mod7R8gax5NFnr6WGLxbCA==/com.feels-twVZykPd60NdJddbUWv_jw==/split_config.en.apk\", zip file \"/data/app/~~mod7R8gax5NFnr6WGLxbCA==/com.feels-twVZykPd60NdJddbUWv_jw==/split_config.mdpi.apk\"],nativeLibraryDirectories=[/data/app/~~mod7R8gax5NFnr6WGLxbCA==/com.feels-twVZykPd60NdJddbUWv_jw==/lib/arm64, /data/app/~~mod7R8gax5NFnr6WGLxbCA==/com.feels-twVZykPd60NdJddbUWv_jw==/base.apk!/lib/arm64-v8a, /data/app/~~mod7R8gax5NFnr6WGLxbCA==/com.feels-twVZykPd60NdJddbUWv_jw==/split_config.arm64_v8a.apk!/lib/arm64-v8a, /data/app/~~mod7R8gax5NFnr6WGLxbCA==/com.feels-twVZykPd60NdJddbUWv_jw==/split_config.en.apk!/lib/arm64-v8a, /data/app/~~mod7R8gax5NFnr6WGLxbCA==/com.feels-twVZykPd60NdJddbUWv_jw==/split_config.mdpi.apk!/lib/arm64-v8a, /system/lib64, /system_ext/lib64]]"
},
{
    "type": "error",
    "extra": "hook all methods error",
    "package_name": "com.feels",
    "class_name": "com.google.android.ump.ConsentRequestParameters$Builder",
    "error": "Error: java.lang.ClassNotFoundException: Didn't find class \"com.google.android.ump.ConsentRequestParameters$Builder\" on path: DexPathList[[zip file \"/data/app/~~mod7R8gax5NFnr6WGLxbCA==/com.feels-twVZykPd60NdJddbUWv_jw==/base.apk\", zip file \"/data/app/~~mod7R8gax5NFnr6WGLxbCA==/com.feels-twVZykPd60NdJddbUWv_jw==/split_config.arm64_v8a.apk\", zip file \"/data/app/~~mod7R8gax5NFnr6WGLxbCA==/com.feels-twVZykPd60NdJddbUWv_jw==/split_config.en.apk\", zip file \"/data/app/~~mod7R8gax5NFnr6WGLxbCA==/com.feels-twVZykPd60NdJddbUWv_jw==/split_config.mdpi.apk\"],nativeLibraryDirectories=[/data/app/~~mod7R8gax5NFnr6WGLxbCA==/com.feels-twVZykPd60NdJddbUWv_jw==/lib/arm64, /data/app/~~mod7R8gax5NFnr6WGLxbCA==/com.feels-twVZykPd60NdJddbUWv_jw==/base.apk!/lib/arm64-v8a, /data/app/~~mod7R8gax5NFnr6WGLxbCA==/com.feels-twVZykPd60NdJddbUWv_jw==/split_config.arm64_v8a.apk!/lib/arm64-v8a, /data/app/~~mod7R8gax5NFnr6WGLxbCA==/com.feels-twVZykPd60NdJddbUWv_jw==/split_config.en.apk!/lib/arm64-v8a, /data/app/~~mod7R8gax5NFnr6WGLxbCA==/com.feels-twVZykPd60NdJddbUWv_jw==/split_config.mdpi.apk!/lib/arm64-v8a, /system/lib64, /system_ext/lib64]]"
},
{
    "type": "error",
    "extra": "hook all methods error",
    "package_name": "com.feels",
    "class_name": "com.aerserv.sdk.AerServBanner",
    "error": "Error: java.lang.ClassNotFoundException: Didn't find class \"com.aerserv.sdk.AerServBanner\" on path: DexPathList[[zip file \"/data/app/~~mod7R8gax5NFnr6WGLxbCA==/com.feels-twVZykPd60NdJddbUWv_jw==/base.apk\", zip file \"/data/app/~~mod7R8gax5NFnr6WGLxbCA==/com.feels-twVZykPd60NdJddbUWv_jw==/split_config.arm64_v8a.apk\", zip file \"/data/app/~~mod7R8gax5NFnr6WGLxbCA==/com.feels-twVZykPd60NdJddbUWv_jw==/split_config.en.apk\", zip file \"/data/app/~~mod7R8gax5NFnr6WGLxbCA==/com.feels-twVZykPd60NdJddbUWv_jw==/split_config.mdpi.apk\"],nativeLibraryDirectories=[/data/app/~~mod7R8gax5NFnr6WGLxbCA==/com.feels-twVZykPd60NdJddbUWv_jw==/lib/arm64, /data/app/~~mod7R8gax5NFnr6WGLxbCA==/com.feels-twVZykPd60NdJddbUWv_jw==/base.apk!/lib/arm64-v8a, /data/app/~~mod7R8gax5NFnr6WGLxbCA==/com.feels-twVZykPd60NdJddbUWv_jw==/split_config.arm64_v8a.apk!/lib/arm64-v8a, /data/app/~~mod7R8gax5NFnr6WGLxbCA==/com.feels-twVZykPd60NdJddbUWv_jw==/split_config.en.apk!/lib/arm64-v8a, /data/app/~~mod7R8gax5NFnr6WGLxbCA==/com.feels-twVZykPd60NdJddbUWv_jw==/split_config.mdpi.apk!/lib/arm64-v8a, /system/lib64, /system_ext/lib64]]"
},
{
    "type": "error",
    "extra": "hook all methods error",
    "package_name": "com.feels",
    "class_name": "com.tradplus.ads.base.TradPlus",
    "error": "Error: java.lang.ClassNotFoundException: Didn't find class \"com.tradplus.ads.base.TradPlus\" on path: DexPathList[[zip file \"/data/app/~~mod7R8gax5NFnr6WGLxbCA==/com.feels-twVZykPd60NdJddbUWv_jw==/base.apk\", zip file \"/data/app/~~mod7R8gax5NFnr6WGLxbCA==/com.feels-twVZykPd60NdJddbUWv_jw==/split_config.arm64_v8a.apk\", zip file \"/data/app/~~mod7R8gax5NFnr6WGLxbCA==/com.feels-twVZykPd60NdJddbUWv_jw==/split_config.en.apk\", zip file \"/data/app/~~mod7R8gax5NFnr6WGLxbCA==/com.feels-twVZykPd60NdJddbUWv_jw==/split_config.mdpi.apk\"],nativeLibraryDirectories=[/data/app/~~mod7R8gax5NFnr6WGLxbCA==/com.feels-twVZykPd60NdJddbUWv_jw==/lib/arm64, /data/app/~~mod7R8gax5NFnr6WGLxbCA==/com.feels-twVZykPd60NdJddbUWv_jw==/base.apk!/lib/arm64-v8a, /data/app/~~mod7R8gax5NFnr6WGLxbCA==/com.feels-twVZykPd60NdJddbUWv_jw==/split_config.arm64_v8a.apk!/lib/arm64-v8a, /data/app/~~mod7R8gax5NFnr6WGLxbCA==/com.feels-twVZykPd60NdJddbUWv_jw==/split_config.en.apk!/lib/arm64-v8a, /data/app/~~mod7R8gax5NFnr6WGLxbCA==/com.feels-twVZykPd60NdJddbUWv_jw==/split_config.mdpi.apk!/lib/arm64-v8a, /system/lib64, /system_ext/lib64]]"
},
{
    "type": "error",
    "extra": "hook all methods error",
    "package_name": "com.feels",
    "class_name": "com.chartboost.sdk.ads.Interstitial",
    "error": "Error: java.lang.ClassNotFoundException: Didn't find class \"com.chartboost.sdk.ads.Interstitial\" on path: DexPathList[[zip file \"/data/app/~~mod7R8gax5NFnr6WGLxbCA==/com.feels-twVZykPd60NdJddbUWv_jw==/base.apk\", zip file \"/data/app/~~mod7R8gax5NFnr6WGLxbCA==/com.feels-twVZykPd60NdJddbUWv_jw==/split_config.arm64_v8a.apk\", zip file \"/data/app/~~mod7R8gax5NFnr6WGLxbCA==/com.feels-twVZykPd60NdJddbUWv_jw==/split_config.en.apk\", zip file \"/data/app/~~mod7R8gax5NFnr6WGLxbCA==/com.feels-twVZykPd60NdJddbUWv_jw==/split_config.mdpi.apk\"],nativeLibraryDirectories=[/data/app/~~mod7R8gax5NFnr6WGLxbCA==/com.feels-twVZykPd60NdJddbUWv_jw==/lib/arm64, /data/app/~~mod7R8gax5NFnr6WGLxbCA==/com.feels-twVZykPd60NdJddbUWv_jw==/base.apk!/lib/arm64-v8a, /data/app/~~mod7R8gax5NFnr6WGLxbCA==/com.feels-twVZykPd60NdJddbUWv_jw==/split_config.arm64_v8a.apk!/lib/arm64-v8a, /data/app/~~mod7R8gax5NFnr6WGLxbCA==/com.feels-twVZykPd60NdJddbUWv_jw==/split_config.en.apk!/lib/arm64-v8a, /data/app/~~mod7R8gax5NFnr6WGLxbCA==/com.feels-twVZykPd60NdJddbUWv_jw==/split_config.mdpi.apk!/lib/arm64-v8a, /system/lib64, /system_ext/lib64]]"
},
{
    "type": "error",
    "extra": "hook all methods error",
    "package_name": "com.feels",
    "class_name": "com.quantcast.measurement.service.QCAdvertising",
    "error": "Error: java.lang.ClassNotFoundException: Didn't find class \"com.quantcast.measurement.service.QCAdvertising\" on path: DexPathList[[zip file \"/data/app/~~mod7R8gax5NFnr6WGLxbCA==/com.feels-twVZykPd60NdJddbUWv_jw==/base.apk\", zip file \"/data/app/~~mod7R8gax5NFnr6WGLxbCA==/com.feels-twVZykPd60NdJddbUWv_jw==/split_config.arm64_v8a.apk\", zip file \"/data/app/~~mod7R8gax5NFnr6WGLxbCA==/com.feels-twVZykPd60NdJddbUWv_jw==/split_config.en.apk\", zip file \"/data/app/~~mod7R8gax5NFnr6WGLxbCA==/com.feels-twVZykPd60NdJddbUWv_jw==/split_config.mdpi.apk\"],nativeLibraryDirectories=[/data/app/~~mod7R8gax5NFnr6WGLxbCA==/com.feels-twVZykPd60NdJddbUWv_jw==/lib/arm64, /data/app/~~mod7R8gax5NFnr6WGLxbCA==/com.feels-twVZykPd60NdJddbUWv_jw==/base.apk!/lib/arm64-v8a, /data/app/~~mod7R8gax5NFnr6WGLxbCA==/com.feels-twVZykPd60NdJddbUWv_jw==/split_config.arm64_v8a.apk!/lib/arm64-v8a, /data/app/~~mod7R8gax5NFnr6WGLxbCA==/com.feels-twVZykPd60NdJddbUWv_jw==/split_config.en.apk!/lib/arm64-v8a, /data/app/~~mod7R8gax5NFnr6WGLxbCA==/com.feels-twVZykPd60NdJddbUWv_jw==/split_config.mdpi.apk!/lib/arm64-v8a, /system/lib64, /system_ext/lib64]]"
},
{
    "type": "error",
    "extra": "hook all methods error",
    "package_name": "com.feels",
    "class_name": "com.prodege.Prodege",
    "error": "Error: java.lang.ClassNotFoundException: Didn't find class \"com.prodege.Prodege\" on path: DexPathList[[zip file \"/data/app/~~mod7R8gax5NFnr6WGLxbCA==/com.feels-twVZykPd60NdJddbUWv_jw==/base.apk\", zip file \"/data/app/~~mod7R8gax5NFnr6WGLxbCA==/com.feels-twVZykPd60NdJddbUWv_jw==/split_config.arm64_v8a.apk\", zip file \"/data/app/~~mod7R8gax5NFnr6WGLxbCA==/com.feels-twVZykPd60NdJddbUWv_jw==/split_config.en.apk\", zip file \"/data/app/~~mod7R8gax5NFnr6WGLxbCA==/com.feels-twVZykPd60NdJddbUWv_jw==/split_config.mdpi.apk\"],nativeLibraryDirectories=[/data/app/~~mod7R8gax5NFnr6WGLxbCA==/com.feels-twVZykPd60NdJddbUWv_jw==/lib/arm64, /data/app/~~mod7R8gax5NFnr6WGLxbCA==/com.feels-twVZykPd60NdJddbUWv_jw==/base.apk!/lib/arm64-v8a, /data/app/~~mod7R8gax5NFnr6WGLxbCA==/com.feels-twVZykPd60NdJddbUWv_jw==/split_config.arm64_v8a.apk!/lib/arm64-v8a, /data/app/~~mod7R8gax5NFnr6WGLxbCA==/com.feels-twVZykPd60NdJddbUWv_jw==/split_config.en.apk!/lib/arm64-v8a, /data/app/~~mod7R8gax5NFnr6WGLxbCA==/com.feels-twVZykPd60NdJddbUWv_jw==/split_config.mdpi.apk!/lib/arm64-v8a, /system/lib64, /system_ext/lib64]]"
},
{
    "type": "error",
    "extra": "hook all methods error",
    "package_name": "com.feels",
    "class_name": "io.branch.referral.Branch",
    "error": "Error: java.lang.ClassNotFoundException: Didn't find class \"io.branch.referral.Branch\" on path: DexPathList[[zip file \"/data/app/~~mod7R8gax5NFnr6WGLxbCA==/com.feels-twVZykPd60NdJddbUWv_jw==/base.apk\", zip file \"/data/app/~~mod7R8gax5NFnr6WGLxbCA==/com.feels-twVZykPd60NdJddbUWv_jw==/split_config.arm64_v8a.apk\", zip file \"/data/app/~~mod7R8gax5NFnr6WGLxbCA==/com.feels-twVZykPd60NdJddbUWv_jw==/split_config.en.apk\", zip file \"/data/app/~~mod7R8gax5NFnr6WGLxbCA==/com.feels-twVZykPd60NdJddbUWv_jw==/split_config.mdpi.apk\"],nativeLibraryDirectories=[/data/app/~~mod7R8gax5NFnr6WGLxbCA==/com.feels-twVZykPd60NdJddbUWv_jw==/lib/arm64, /data/app/~~mod7R8gax5NFnr6WGLxbCA==/com.feels-twVZykPd60NdJddbUWv_jw==/base.apk!/lib/arm64-v8a, /data/app/~~mod7R8gax5NFnr6WGLxbCA==/com.feels-twVZykPd60NdJddbUWv_jw==/split_config.arm64_v8a.apk!/lib/arm64-v8a, /data/app/~~mod7R8gax5NFnr6WGLxbCA==/com.feels-twVZykPd60NdJddbUWv_jw==/split_config.en.apk!/lib/arm64-v8a, /data/app/~~mod7R8gax5NFnr6WGLxbCA==/com.feels-twVZykPd60NdJddbUWv_jw==/split_config.mdpi.apk!/lib/arm64-v8a, /system/lib64, /system_ext/lib64]]"
},
{
    "type": "error",
    "extra": "hook all methods error",
    "package_name": "com.feels",
    "class_name": "com.amplitude.android.events.Identify",
    "error": "Error: java.lang.ClassNotFoundException: Didn't find class \"com.amplitude.android.events.Identify\" on path: DexPathList[[zip file \"/data/app/~~mod7R8gax5NFnr6WGLxbCA==/com.feels-twVZykPd60NdJddbUWv_jw==/base.apk\", zip file \"/data/app/~~mod7R8gax5NFnr6WGLxbCA==/com.feels-twVZykPd60NdJddbUWv_jw==/split_config.arm64_v8a.apk\", zip file \"/data/app/~~mod7R8gax5NFnr6WGLxbCA==/com.feels-twVZykPd60NdJddbUWv_jw==/split_config.en.apk\", zip file \"/data/app/~~mod7R8gax5NFnr6WGLxbCA==/com.feels-twVZykPd60NdJddbUWv_jw==/split_config.mdpi.apk\"],nativeLibraryDirectories=[/data/app/~~mod7R8gax5NFnr6WGLxbCA==/com.feels-twVZykPd60NdJddbUWv_jw==/lib/arm64, /data/app/~~mod7R8gax5NFnr6WGLxbCA==/com.feels-twVZykPd60NdJddbUWv_jw==/base.apk!/lib/arm64-v8a, /data/app/~~mod7R8gax5NFnr6WGLxbCA==/com.feels-twVZykPd60NdJddbUWv_jw==/split_config.arm64_v8a.apk!/lib/arm64-v8a, /data/app/~~mod7R8gax5NFnr6WGLxbCA==/com.feels-twVZykPd60NdJddbUWv_jw==/split_config.en.apk!/lib/arm64-v8a, /data/app/~~mod7R8gax5NFnr6WGLxbCA==/com.feels-twVZykPd60NdJddbUWv_jw==/split_config.mdpi.apk!/lib/arm64-v8a, /system/lib64, /system_ext/lib64]]"
},
{
    "type": "error",
    "extra": "hook all methods error",
    "package_name": "com.feels",
    "class_name": "com.bytedance.sdk.openadsdk.api.init.PAGSdk",
    "error": "Error: java.lang.ClassNotFoundException: Didn't find class \"com.bytedance.sdk.openadsdk.api.init.PAGSdk\" on path: DexPathList[[zip file \"/data/app/~~mod7R8gax5NFnr6WGLxbCA==/com.feels-twVZykPd60NdJddbUWv_jw==/base.apk\", zip file \"/data/app/~~mod7R8gax5NFnr6WGLxbCA==/com.feels-twVZykPd60NdJddbUWv_jw==/split_config.arm64_v8a.apk\", zip file \"/data/app/~~mod7R8gax5NFnr6WGLxbCA==/com.feels-twVZykPd60NdJddbUWv_jw==/split_config.en.apk\", zip file \"/data/app/~~mod7R8gax5NFnr6WGLxbCA==/com.feels-twVZykPd60NdJddbUWv_jw==/split_config.mdpi.apk\"],nativeLibraryDirectories=[/data/app/~~mod7R8gax5NFnr6WGLxbCA==/com.feels-twVZykPd60NdJddbUWv_jw==/lib/arm64, /data/app/~~mod7R8gax5NFnr6WGLxbCA==/com.feels-twVZykPd60NdJddbUWv_jw==/base.apk!/lib/arm64-v8a, /data/app/~~mod7R8gax5NFnr6WGLxbCA==/com.feels-twVZykPd60NdJddbUWv_jw==/split_config.arm64_v8a.apk!/lib/arm64-v8a, /data/app/~~mod7R8gax5NFnr6WGLxbCA==/com.feels-twVZykPd60NdJddbUWv_jw==/split_config.en.apk!/lib/arm64-v8a, /data/app/~~mod7R8gax5NFnr6WGLxbCA==/com.feels-twVZykPd60NdJddbUWv_jw==/split_config.mdpi.apk!/lib/arm64-v8a, /system/lib64, /system_ext/lib64]]"
},
{
    "type": "error",
    "extra": "hook all methods error",
    "package_name": "com.feels",
    "class_name": "com.adxcorp.gdpr.ADXGDPR",
    "error": "Error: java.lang.ClassNotFoundException: Didn't find class \"com.adxcorp.gdpr.ADXGDPR\" on path: DexPathList[[zip file \"/data/app/~~mod7R8gax5NFnr6WGLxbCA==/com.feels-twVZykPd60NdJddbUWv_jw==/base.apk\", zip file \"/data/app/~~mod7R8gax5NFnr6WGLxbCA==/com.feels-twVZykPd60NdJddbUWv_jw==/split_config.arm64_v8a.apk\", zip file \"/data/app/~~mod7R8gax5NFnr6WGLxbCA==/com.feels-twVZykPd60NdJddbUWv_jw==/split_config.en.apk\", zip file \"/data/app/~~mod7R8gax5NFnr6WGLxbCA==/com.feels-twVZykPd60NdJddbUWv_jw==/split_config.mdpi.apk\"],nativeLibraryDirectories=[/data/app/~~mod7R8gax5NFnr6WGLxbCA==/com.feels-twVZykPd60NdJddbUWv_jw==/lib/arm64, /data/app/~~mod7R8gax5NFnr6WGLxbCA==/com.feels-twVZykPd60NdJddbUWv_jw==/base.apk!/lib/arm64-v8a, /data/app/~~mod7R8gax5NFnr6WGLxbCA==/com.feels-twVZykPd60NdJddbUWv_jw==/split_config.arm64_v8a.apk!/lib/arm64-v8a, /data/app/~~mod7R8gax5NFnr6WGLxbCA==/com.feels-twVZykPd60NdJddbUWv_jw==/split_config.en.apk!/lib/arm64-v8a, /data/app/~~mod7R8gax5NFnr6WGLxbCA==/com.feels-twVZykPd60NdJddbUWv_jw==/split_config.mdpi.apk!/lib/arm64-v8a, /system/lib64, /system_ext/lib64]]"
},
{
    "type": "error",
    "extra": "hook all methods error",
    "package_name": "com.feels",
    "class_name": "com.adxcorp.ads.InterstitialAd",
    "error": "Error: java.lang.ClassNotFoundException: Didn't find class \"com.adxcorp.ads.InterstitialAd\" on path: DexPathList[[zip file \"/data/app/~~mod7R8gax5NFnr6WGLxbCA==/com.feels-twVZykPd60NdJddbUWv_jw==/base.apk\", zip file \"/data/app/~~mod7R8gax5NFnr6WGLxbCA==/com.feels-twVZykPd60NdJddbUWv_jw==/split_config.arm64_v8a.apk\", zip file \"/data/app/~~mod7R8gax5NFnr6WGLxbCA==/com.feels-twVZykPd60NdJddbUWv_jw==/split_config.en.apk\", zip file \"/data/app/~~mod7R8gax5NFnr6WGLxbCA==/com.feels-twVZykPd60NdJddbUWv_jw==/split_config.mdpi.apk\"],nativeLibraryDirectories=[/data/app/~~mod7R8gax5NFnr6WGLxbCA==/com.feels-twVZykPd60NdJddbUWv_jw==/lib/arm64, /data/app/~~mod7R8gax5NFnr6WGLxbCA==/com.feels-twVZykPd60NdJddbUWv_jw==/base.apk!/lib/arm64-v8a, /data/app/~~mod7R8gax5NFnr6WGLxbCA==/com.feels-twVZykPd60NdJddbUWv_jw==/split_config.arm64_v8a.apk!/lib/arm64-v8a, /data/app/~~mod7R8gax5NFnr6WGLxbCA==/com.feels-twVZykPd60NdJddbUWv_jw==/split_config.en.apk!/lib/arm64-v8a, /data/app/~~mod7R8gax5NFnr6WGLxbCA==/com.feels-twVZykPd60NdJddbUWv_jw==/split_config.mdpi.apk!/lib/arm64-v8a, /system/lib64, /system_ext/lib64]]"
},
{
    "type": "error",
    "extra": "hook all methods error",
    "package_name": "com.feels",
    "class_name": "com.tradplus.ads.open.nativead.TPNative",
    "error": "Error: java.lang.ClassNotFoundException: Didn't find class \"com.tradplus.ads.open.nativead.TPNative\" on path: DexPathList[[zip file \"/data/app/~~mod7R8gax5NFnr6WGLxbCA==/com.feels-twVZykPd60NdJddbUWv_jw==/base.apk\", zip file \"/data/app/~~mod7R8gax5NFnr6WGLxbCA==/com.feels-twVZykPd60NdJddbUWv_jw==/split_config.arm64_v8a.apk\", zip file \"/data/app/~~mod7R8gax5NFnr6WGLxbCA==/com.feels-twVZykPd60NdJddbUWv_jw==/split_config.en.apk\", zip file \"/data/app/~~mod7R8gax5NFnr6WGLxbCA==/com.feels-twVZykPd60NdJddbUWv_jw==/split_config.mdpi.apk\"],nativeLibraryDirectories=[/data/app/~~mod7R8gax5NFnr6WGLxbCA==/com.feels-twVZykPd60NdJddbUWv_jw==/lib/arm64, /data/app/~~mod7R8gax5NFnr6WGLxbCA==/com.feels-twVZykPd60NdJddbUWv_jw==/base.apk!/lib/arm64-v8a, /data/app/~~mod7R8gax5NFnr6WGLxbCA==/com.feels-twVZykPd60NdJddbUWv_jw==/split_config.arm64_v8a.apk!/lib/arm64-v8a, /data/app/~~mod7R8gax5NFnr6WGLxbCA==/com.feels-twVZykPd60NdJddbUWv_jw==/split_config.en.apk!/lib/arm64-v8a, /data/app/~~mod7R8gax5NFnr6WGLxbCA==/com.feels-twVZykPd60NdJddbUWv_jw==/split_config.mdpi.apk!/lib/arm64-v8a, /system/lib64, /system_ext/lib64]]"
},
{
    "type": "error",
    "extra": "hook all methods error",
    "package_name": "com.feels",
    "class_name": "com.ogury.ed.OguryThumbnailAd",
    "error": "Error: java.lang.ClassNotFoundException: Didn't find class \"com.ogury.ed.OguryThumbnailAd\" on path: DexPathList[[zip file \"/data/app/~~mod7R8gax5NFnr6WGLxbCA==/com.feels-twVZykPd60NdJddbUWv_jw==/base.apk\", zip file \"/data/app/~~mod7R8gax5NFnr6WGLxbCA==/com.feels-twVZykPd60NdJddbUWv_jw==/split_config.arm64_v8a.apk\", zip file \"/data/app/~~mod7R8gax5NFnr6WGLxbCA==/com.feels-twVZykPd60NdJddbUWv_jw==/split_config.en.apk\", zip file \"/data/app/~~mod7R8gax5NFnr6WGLxbCA==/com.feels-twVZykPd60NdJddbUWv_jw==/split_config.mdpi.apk\"],nativeLibraryDirectories=[/data/app/~~mod7R8gax5NFnr6WGLxbCA==/com.feels-twVZykPd60NdJddbUWv_jw==/lib/arm64, /data/app/~~mod7R8gax5NFnr6WGLxbCA==/com.feels-twVZykPd60NdJddbUWv_jw==/base.apk!/lib/arm64-v8a, /data/app/~~mod7R8gax5NFnr6WGLxbCA==/com.feels-twVZykPd60NdJddbUWv_jw==/split_config.arm64_v8a.apk!/lib/arm64-v8a, /data/app/~~mod7R8gax5NFnr6WGLxbCA==/com.feels-twVZykPd60NdJddbUWv_jw==/split_config.en.apk!/lib/arm64-v8a, /data/app/~~mod7R8gax5NFnr6WGLxbCA==/com.feels-twVZykPd60NdJddbUWv_jw==/split_config.mdpi.apk!/lib/arm64-v8a, /system/lib64, /system_ext/lib64]]"
},
{
    "type": "error",
    "extra": "hook all methods error",
    "package_name": "com.feels",
    "class_name": "com.mobilefuse.sdk.MobileFuseBannerAd",
    "error": "Error: java.lang.ClassNotFoundException: Didn't find class \"com.mobilefuse.sdk.MobileFuseBannerAd\" on path: DexPathList[[zip file \"/data/app/~~mod7R8gax5NFnr6WGLxbCA==/com.feels-twVZykPd60NdJddbUWv_jw==/base.apk\", zip file \"/data/app/~~mod7R8gax5NFnr6WGLxbCA==/com.feels-twVZykPd60NdJddbUWv_jw==/split_config.arm64_v8a.apk\", zip file \"/data/app/~~mod7R8gax5NFnr6WGLxbCA==/com.feels-twVZykPd60NdJddbUWv_jw==/split_config.en.apk\", zip file \"/data/app/~~mod7R8gax5NFnr6WGLxbCA==/com.feels-twVZykPd60NdJddbUWv_jw==/split_config.mdpi.apk\"],nativeLibraryDirectories=[/data/app/~~mod7R8gax5NFnr6WGLxbCA==/com.feels-twVZykPd60NdJddbUWv_jw==/lib/arm64, /data/app/~~mod7R8gax5NFnr6WGLxbCA==/com.feels-twVZykPd60NdJddbUWv_jw==/base.apk!/lib/arm64-v8a, /data/app/~~mod7R8gax5NFnr6WGLxbCA==/com.feels-twVZykPd60NdJddbUWv_jw==/split_config.arm64_v8a.apk!/lib/arm64-v8a, /data/app/~~mod7R8gax5NFnr6WGLxbCA==/com.feels-twVZykPd60NdJddbUWv_jw==/split_config.en.apk!/lib/arm64-v8a, /data/app/~~mod7R8gax5NFnr6WGLxbCA==/com.feels-twVZykPd60NdJddbUWv_jw==/split_config.mdpi.apk!/lib/arm64-v8a, /system/lib64, /system_ext/lib64]]"
},
{
    "type": "error",
    "extra": "hook all methods error",
    "package_name": "com.feels",
    "class_name": "io.bidmachine.BidMachine",
    "error": "Error: java.lang.ClassNotFoundException: Didn't find class \"io.bidmachine.BidMachine\" on path: DexPathList[[zip file \"/data/app/~~mod7R8gax5NFnr6WGLxbCA==/com.feels-twVZykPd60NdJddbUWv_jw==/base.apk\", zip file \"/data/app/~~mod7R8gax5NFnr6WGLxbCA==/com.feels-twVZykPd60NdJddbUWv_jw==/split_config.arm64_v8a.apk\", zip file \"/data/app/~~mod7R8gax5NFnr6WGLxbCA==/com.feels-twVZykPd60NdJddbUWv_jw==/split_config.en.apk\", zip file \"/data/app/~~mod7R8gax5NFnr6WGLxbCA==/com.feels-twVZykPd60NdJddbUWv_jw==/split_config.mdpi.apk\"],nativeLibraryDirectories=[/data/app/~~mod7R8gax5NFnr6WGLxbCA==/com.feels-twVZykPd60NdJddbUWv_jw==/lib/arm64, /data/app/~~mod7R8gax5NFnr6WGLxbCA==/com.feels-twVZykPd60NdJddbUWv_jw==/base.apk!/lib/arm64-v8a, /data/app/~~mod7R8gax5NFnr6WGLxbCA==/com.feels-twVZykPd60NdJddbUWv_jw==/split_config.arm64_v8a.apk!/lib/arm64-v8a, /data/app/~~mod7R8gax5NFnr6WGLxbCA==/com.feels-twVZykPd60NdJddbUWv_jw==/split_config.en.apk!/lib/arm64-v8a, /data/app/~~mod7R8gax5NFnr6WGLxbCA==/com.feels-twVZykPd60NdJddbUWv_jw==/split_config.mdpi.apk!/lib/arm64-v8a, /system/lib64, /system_ext/lib64]]"
},
{
    "type": "error",
    "extra": "hook all methods error",
    "package_name": "com.feels",
    "class_name": "com.splunk.mint.Mint",
    "error": "Error: java.lang.ClassNotFoundException: Didn't find class \"com.splunk.mint.Mint\" on path: DexPathList[[zip file \"/data/app/~~mod7R8gax5NFnr6WGLxbCA==/com.feels-twVZykPd60NdJddbUWv_jw==/base.apk\", zip file \"/data/app/~~mod7R8gax5NFnr6WGLxbCA==/com.feels-twVZykPd60NdJddbUWv_jw==/split_config.arm64_v8a.apk\", zip file \"/data/app/~~mod7R8gax5NFnr6WGLxbCA==/com.feels-twVZykPd60NdJddbUWv_jw==/split_config.en.apk\", zip file \"/data/app/~~mod7R8gax5NFnr6WGLxbCA==/com.feels-twVZykPd60NdJddbUWv_jw==/split_config.mdpi.apk\"],nativeLibraryDirectories=[/data/app/~~mod7R8gax5NFnr6WGLxbCA==/com.feels-twVZykPd60NdJddbUWv_jw==/lib/arm64, /data/app/~~mod7R8gax5NFnr6WGLxbCA==/com.feels-twVZykPd60NdJddbUWv_jw==/base.apk!/lib/arm64-v8a, /data/app/~~mod7R8gax5NFnr6WGLxbCA==/com.feels-twVZykPd60NdJddbUWv_jw==/split_config.arm64_v8a.apk!/lib/arm64-v8a, /data/app/~~mod7R8gax5NFnr6WGLxbCA==/com.feels-twVZykPd60NdJddbUWv_jw==/split_config.en.apk!/lib/arm64-v8a, /data/app/~~mod7R8gax5NFnr6WGLxbCA==/com.feels-twVZykPd60NdJddbUWv_jw==/split_config.mdpi.apk!/lib/arm64-v8a, /system/lib64, /system_ext/lib64]]"
},
{
    "type": "error",
    "extra": "hook all methods error",
    "package_name": "com.feels",
    "class_name": "com.tradplus.ads.open.mediavideo.TPMediaVideo",
    "error": "Error: java.lang.ClassNotFoundException: Didn't find class \"com.tradplus.ads.open.mediavideo.TPMediaVideo\" on path: DexPathList[[zip file \"/data/app/~~mod7R8gax5NFnr6WGLxbCA==/com.feels-twVZykPd60NdJddbUWv_jw==/base.apk\", zip file \"/data/app/~~mod7R8gax5NFnr6WGLxbCA==/com.feels-twVZykPd60NdJddbUWv_jw==/split_config.arm64_v8a.apk\", zip file \"/data/app/~~mod7R8gax5NFnr6WGLxbCA==/com.feels-twVZykPd60NdJddbUWv_jw==/split_config.en.apk\", zip file \"/data/app/~~mod7R8gax5NFnr6WGLxbCA==/com.feels-twVZykPd60NdJddbUWv_jw==/split_config.mdpi.apk\"],nativeLibraryDirectories=[/data/app/~~mod7R8gax5NFnr6WGLxbCA==/com.feels-twVZykPd60NdJddbUWv_jw==/lib/arm64, /data/app/~~mod7R8gax5NFnr6WGLxbCA==/com.feels-twVZykPd60NdJddbUWv_jw==/base.apk!/lib/arm64-v8a, /data/app/~~mod7R8gax5NFnr6WGLxbCA==/com.feels-twVZykPd60NdJddbUWv_jw==/split_config.arm64_v8a.apk!/lib/arm64-v8a, /data/app/~~mod7R8gax5NFnr6WGLxbCA==/com.feels-twVZykPd60NdJddbUWv_jw==/split_config.en.apk!/lib/arm64-v8a, /data/app/~~mod7R8gax5NFnr6WGLxbCA==/com.feels-twVZykPd60NdJddbUWv_jw==/split_config.mdpi.apk!/lib/arm64-v8a, /system/lib64, /system_ext/lib64]]"
},
{
    "type": "error",
    "extra": "hook all methods error",
    "package_name": "com.feels",
    "class_name": "com.leanplum.Leanplum",
    "error": "Error: java.lang.ClassNotFoundException: Didn't find class \"com.leanplum.Leanplum\" on path: DexPathList[[zip file \"/data/app/~~mod7R8gax5NFnr6WGLxbCA==/com.feels-twVZykPd60NdJddbUWv_jw==/base.apk\", zip file \"/data/app/~~mod7R8gax5NFnr6WGLxbCA==/com.feels-twVZykPd60NdJddbUWv_jw==/split_config.arm64_v8a.apk\", zip file \"/data/app/~~mod7R8gax5NFnr6WGLxbCA==/com.feels-twVZykPd60NdJddbUWv_jw==/split_config.en.apk\", zip file \"/data/app/~~mod7R8gax5NFnr6WGLxbCA==/com.feels-twVZykPd60NdJddbUWv_jw==/split_config.mdpi.apk\"],nativeLibraryDirectories=[/data/app/~~mod7R8gax5NFnr6WGLxbCA==/com.feels-twVZykPd60NdJddbUWv_jw==/lib/arm64, /data/app/~~mod7R8gax5NFnr6WGLxbCA==/com.feels-twVZykPd60NdJddbUWv_jw==/base.apk!/lib/arm64-v8a, /data/app/~~mod7R8gax5NFnr6WGLxbCA==/com.feels-twVZykPd60NdJddbUWv_jw==/split_config.arm64_v8a.apk!/lib/arm64-v8a, /data/app/~~mod7R8gax5NFnr6WGLxbCA==/com.feels-twVZykPd60NdJddbUWv_jw==/split_config.en.apk!/lib/arm64-v8a, /data/app/~~mod7R8gax5NFnr6WGLxbCA==/com.feels-twVZykPd60NdJddbUWv_jw==/split_config.mdpi.apk!/lib/arm64-v8a, /system/lib64, /system_ext/lib64]]"
},
{
    "type": "error",
    "extra": "hook all methods error",
    "package_name": "com.feels",
    "class_name": "com.braze.BrazeUser",
    "error": "Error: java.lang.ClassNotFoundException: Didn't find class \"com.braze.BrazeUser\" on path: DexPathList[[zip file \"/data/app/~~mod7R8gax5NFnr6WGLxbCA==/com.feels-twVZykPd60NdJddbUWv_jw==/base.apk\", zip file \"/data/app/~~mod7R8gax5NFnr6WGLxbCA==/com.feels-twVZykPd60NdJddbUWv_jw==/split_config.arm64_v8a.apk\", zip file \"/data/app/~~mod7R8gax5NFnr6WGLxbCA==/com.feels-twVZykPd60NdJddbUWv_jw==/split_config.en.apk\", zip file \"/data/app/~~mod7R8gax5NFnr6WGLxbCA==/com.feels-twVZykPd60NdJddbUWv_jw==/split_config.mdpi.apk\"],nativeLibraryDirectories=[/data/app/~~mod7R8gax5NFnr6WGLxbCA==/com.feels-twVZykPd60NdJddbUWv_jw==/lib/arm64, /data/app/~~mod7R8gax5NFnr6WGLxbCA==/com.feels-twVZykPd60NdJddbUWv_jw==/base.apk!/lib/arm64-v8a, /data/app/~~mod7R8gax5NFnr6WGLxbCA==/com.feels-twVZykPd60NdJddbUWv_jw==/split_config.arm64_v8a.apk!/lib/arm64-v8a, /data/app/~~mod7R8gax5NFnr6WGLxbCA==/com.feels-twVZykPd60NdJddbUWv_jw==/split_config.en.apk!/lib/arm64-v8a, /data/app/~~mod7R8gax5NFnr6WGLxbCA==/com.feels-twVZykPd60NdJddbUWv_jw==/split_config.mdpi.apk!/lib/arm64-v8a, /system/lib64, /system_ext/lib64]]"
},
{
    "type": "error",
    "extra": "hook all methods error",
    "package_name": "com.feels",
    "class_name": "com.ogury.unity.Ogury",
    "error": "Error: java.lang.ClassNotFoundException: Didn't find class \"com.ogury.unity.Ogury\" on path: DexPathList[[zip file \"/data/app/~~mod7R8gax5NFnr6WGLxbCA==/com.feels-twVZykPd60NdJddbUWv_jw==/base.apk\", zip file \"/data/app/~~mod7R8gax5NFnr6WGLxbCA==/com.feels-twVZykPd60NdJddbUWv_jw==/split_config.arm64_v8a.apk\", zip file \"/data/app/~~mod7R8gax5NFnr6WGLxbCA==/com.feels-twVZykPd60NdJddbUWv_jw==/split_config.en.apk\", zip file \"/data/app/~~mod7R8gax5NFnr6WGLxbCA==/com.feels-twVZykPd60NdJddbUWv_jw==/split_config.mdpi.apk\"],nativeLibraryDirectories=[/data/app/~~mod7R8gax5NFnr6WGLxbCA==/com.feels-twVZykPd60NdJddbUWv_jw==/lib/arm64, /data/app/~~mod7R8gax5NFnr6WGLxbCA==/com.feels-twVZykPd60NdJddbUWv_jw==/base.apk!/lib/arm64-v8a, /data/app/~~mod7R8gax5NFnr6WGLxbCA==/com.feels-twVZykPd60NdJddbUWv_jw==/split_config.arm64_v8a.apk!/lib/arm64-v8a, /data/app/~~mod7R8gax5NFnr6WGLxbCA==/com.feels-twVZykPd60NdJddbUWv_jw==/split_config.en.apk!/lib/arm64-v8a, /data/app/~~mod7R8gax5NFnr6WGLxbCA==/com.feels-twVZykPd60NdJddbUWv_jw==/split_config.mdpi.apk!/lib/arm64-v8a, /system/lib64, /system_ext/lib64]]"
},
{
    "type": "error",
    "extra": "hook all methods error",
    "package_name": "com.feels",
    "class_name": "com.vungle.ads.RewardedAd",
    "error": "Error: java.lang.ClassNotFoundException: Didn't find class \"com.vungle.ads.RewardedAd\" on path: DexPathList[[zip file \"/data/app/~~mod7R8gax5NFnr6WGLxbCA==/com.feels-twVZykPd60NdJddbUWv_jw==/base.apk\", zip file \"/data/app/~~mod7R8gax5NFnr6WGLxbCA==/com.feels-twVZykPd60NdJddbUWv_jw==/split_config.arm64_v8a.apk\", zip file \"/data/app/~~mod7R8gax5NFnr6WGLxbCA==/com.feels-twVZykPd60NdJddbUWv_jw==/split_config.en.apk\", zip file \"/data/app/~~mod7R8gax5NFnr6WGLxbCA==/com.feels-twVZykPd60NdJddbUWv_jw==/split_config.mdpi.apk\"],nativeLibraryDirectories=[/data/app/~~mod7R8gax5NFnr6WGLxbCA==/com.feels-twVZykPd60NdJddbUWv_jw==/lib/arm64, /data/app/~~mod7R8gax5NFnr6WGLxbCA==/com.feels-twVZykPd60NdJddbUWv_jw==/base.apk!/lib/arm64-v8a, /data/app/~~mod7R8gax5NFnr6WGLxbCA==/com.feels-twVZykPd60NdJddbUWv_jw==/split_config.arm64_v8a.apk!/lib/arm64-v8a, /data/app/~~mod7R8gax5NFnr6WGLxbCA==/com.feels-twVZykPd60NdJddbUWv_jw==/split_config.en.apk!/lib/arm64-v8a, /data/app/~~mod7R8gax5NFnr6WGLxbCA==/com.feels-twVZykPd60NdJddbUWv_jw==/split_config.mdpi.apk!/lib/arm64-v8a, /system/lib64, /system_ext/lib64]]"
},
{
    "type": "error",
    "extra": "hook all methods error",
    "package_name": "com.feels",
    "class_name": "com.aerserv.sdk.AerServSdk",
    "error": "Error: java.lang.ClassNotFoundException: Didn't find class \"com.aerserv.sdk.AerServSdk\" on path: DexPathList[[zip file \"/data/app/~~mod7R8gax5NFnr6WGLxbCA==/com.feels-twVZykPd60NdJddbUWv_jw==/base.apk\", zip file \"/data/app/~~mod7R8gax5NFnr6WGLxbCA==/com.feels-twVZykPd60NdJddbUWv_jw==/split_config.arm64_v8a.apk\", zip file \"/data/app/~~mod7R8gax5NFnr6WGLxbCA==/com.feels-twVZykPd60NdJddbUWv_jw==/split_config.en.apk\", zip file \"/data/app/~~mod7R8gax5NFnr6WGLxbCA==/com.feels-twVZykPd60NdJddbUWv_jw==/split_config.mdpi.apk\"],nativeLibraryDirectories=[/data/app/~~mod7R8gax5NFnr6WGLxbCA==/com.feels-twVZykPd60NdJddbUWv_jw==/lib/arm64, /data/app/~~mod7R8gax5NFnr6WGLxbCA==/com.feels-twVZykPd60NdJddbUWv_jw==/base.apk!/lib/arm64-v8a, /data/app/~~mod7R8gax5NFnr6WGLxbCA==/com.feels-twVZykPd60NdJddbUWv_jw==/split_config.arm64_v8a.apk!/lib/arm64-v8a, /data/app/~~mod7R8gax5NFnr6WGLxbCA==/com.feels-twVZykPd60NdJddbUWv_jw==/split_config.en.apk!/lib/arm64-v8a, /data/app/~~mod7R8gax5NFnr6WGLxbCA==/com.feels-twVZykPd60NdJddbUWv_jw==/split_config.mdpi.apk!/lib/arm64-v8a, /system/lib64, /system_ext/lib64]]"
},
{
    "type": "error",
    "extra": "hook all methods error",
    "package_name": "com.feels",
    "class_name": "com.smartadserver.android.library.model.SASAdPlacement",
    "error": "Error: java.lang.ClassNotFoundException: Didn't find class \"com.smartadserver.android.library.model.SASAdPlacement\" on path: DexPathList[[zip file \"/data/app/~~mod7R8gax5NFnr6WGLxbCA==/com.feels-twVZykPd60NdJddbUWv_jw==/base.apk\", zip file \"/data/app/~~mod7R8gax5NFnr6WGLxbCA==/com.feels-twVZykPd60NdJddbUWv_jw==/split_config.arm64_v8a.apk\", zip file \"/data/app/~~mod7R8gax5NFnr6WGLxbCA==/com.feels-twVZykPd60NdJddbUWv_jw==/split_config.en.apk\", zip file \"/data/app/~~mod7R8gax5NFnr6WGLxbCA==/com.feels-twVZykPd60NdJddbUWv_jw==/split_config.mdpi.apk\"],nativeLibraryDirectories=[/data/app/~~mod7R8gax5NFnr6WGLxbCA==/com.feels-twVZykPd60NdJddbUWv_jw==/lib/arm64, /data/app/~~mod7R8gax5NFnr6WGLxbCA==/com.feels-twVZykPd60NdJddbUWv_jw==/base.apk!/lib/arm64-v8a, /data/app/~~mod7R8gax5NFnr6WGLxbCA==/com.feels-twVZykPd60NdJddbUWv_jw==/split_config.arm64_v8a.apk!/lib/arm64-v8a, /data/app/~~mod7R8gax5NFnr6WGLxbCA==/com.feels-twVZykPd60NdJddbUWv_jw==/split_config.en.apk!/lib/arm64-v8a, /data/app/~~mod7R8gax5NFnr6WGLxbCA==/com.feels-twVZykPd60NdJddbUWv_jw==/split_config.mdpi.apk!/lib/arm64-v8a, /system/lib64, /system_ext/lib64]]"
},
{
    "type": "error",
    "extra": "hook all methods error",
    "package_name": "com.feels",
    "class_name": "com.appsflyer.AppsFlyerConsent",
    "error": "Error: java.lang.ClassNotFoundException: Didn't find class \"com.appsflyer.AppsFlyerConsent\" on path: DexPathList[[zip file \"/data/app/~~mod7R8gax5NFnr6WGLxbCA==/com.feels-twVZykPd60NdJddbUWv_jw==/base.apk\", zip file \"/data/app/~~mod7R8gax5NFnr6WGLxbCA==/com.feels-twVZykPd60NdJddbUWv_jw==/split_config.arm64_v8a.apk\", zip file \"/data/app/~~mod7R8gax5NFnr6WGLxbCA==/com.feels-twVZykPd60NdJddbUWv_jw==/split_config.en.apk\", zip file \"/data/app/~~mod7R8gax5NFnr6WGLxbCA==/com.feels-twVZykPd60NdJddbUWv_jw==/split_config.mdpi.apk\"],nativeLibraryDirectories=[/data/app/~~mod7R8gax5NFnr6WGLxbCA==/com.feels-twVZykPd60NdJddbUWv_jw==/lib/arm64, /data/app/~~mod7R8gax5NFnr6WGLxbCA==/com.feels-twVZykPd60NdJddbUWv_jw==/base.apk!/lib/arm64-v8a, /data/app/~~mod7R8gax5NFnr6WGLxbCA==/com.feels-twVZykPd60NdJddbUWv_jw==/split_config.arm64_v8a.apk!/lib/arm64-v8a, /data/app/~~mod7R8gax5NFnr6WGLxbCA==/com.feels-twVZykPd60NdJddbUWv_jw==/split_config.en.apk!/lib/arm64-v8a, /data/app/~~mod7R8gax5NFnr6WGLxbCA==/com.feels-twVZykPd60NdJddbUWv_jw==/split_config.mdpi.apk!/lib/arm64-v8a, /system/lib64, /system_ext/lib64]]"
},
{
    "type": "error",
    "extra": "hook all methods error",
    "package_name": "com.feels",
    "class_name": "com.fyber.fairbid.user.UserInfo",
    "error": "Error: java.lang.ClassNotFoundException: Didn't find class \"com.fyber.fairbid.user.UserInfo\" on path: DexPathList[[zip file \"/data/app/~~mod7R8gax5NFnr6WGLxbCA==/com.feels-twVZykPd60NdJddbUWv_jw==/base.apk\", zip file \"/data/app/~~mod7R8gax5NFnr6WGLxbCA==/com.feels-twVZykPd60NdJddbUWv_jw==/split_config.arm64_v8a.apk\", zip file \"/data/app/~~mod7R8gax5NFnr6WGLxbCA==/com.feels-twVZykPd60NdJddbUWv_jw==/split_config.en.apk\", zip file \"/data/app/~~mod7R8gax5NFnr6WGLxbCA==/com.feels-twVZykPd60NdJddbUWv_jw==/split_config.mdpi.apk\"],nativeLibraryDirectories=[/data/app/~~mod7R8gax5NFnr6WGLxbCA==/com.feels-twVZykPd60NdJddbUWv_jw==/lib/arm64, /data/app/~~mod7R8gax5NFnr6WGLxbCA==/com.feels-twVZykPd60NdJddbUWv_jw==/base.apk!/lib/arm64-v8a, /data/app/~~mod7R8gax5NFnr6WGLxbCA==/com.feels-twVZykPd60NdJddbUWv_jw==/split_config.arm64_v8a.apk!/lib/arm64-v8a, /data/app/~~mod7R8gax5NFnr6WGLxbCA==/com.feels-twVZykPd60NdJddbUWv_jw==/split_config.en.apk!/lib/arm64-v8a, /data/app/~~mod7R8gax5NFnr6WGLxbCA==/com.feels-twVZykPd60NdJddbUWv_jw==/split_config.mdpi.apk!/lib/arm64-v8a, /system/lib64, /system_ext/lib64]]"
},
{
    "type": "error",
    "extra": "hook all methods error",
    "package_name": "com.feels",
    "class_name": "com.facebook.ads.AudienceNetworkAds",
    "error": "Error: java.lang.ClassNotFoundException: Didn't find class \"com.facebook.ads.AudienceNetworkAds\" on path: DexPathList[[zip file \"/data/app/~~mod7R8gax5NFnr6WGLxbCA==/com.feels-twVZykPd60NdJddbUWv_jw==/base.apk\", zip file \"/data/app/~~mod7R8gax5NFnr6WGLxbCA==/com.feels-twVZykPd60NdJddbUWv_jw==/split_config.arm64_v8a.apk\", zip file \"/data/app/~~mod7R8gax5NFnr6WGLxbCA==/com.feels-twVZykPd60NdJddbUWv_jw==/split_config.en.apk\", zip file \"/data/app/~~mod7R8gax5NFnr6WGLxbCA==/com.feels-twVZykPd60NdJddbUWv_jw==/split_config.mdpi.apk\"],nativeLibraryDirectories=[/data/app/~~mod7R8gax5NFnr6WGLxbCA==/com.feels-twVZykPd60NdJddbUWv_jw==/lib/arm64, /data/app/~~mod7R8gax5NFnr6WGLxbCA==/com.feels-twVZykPd60NdJddbUWv_jw==/base.apk!/lib/arm64-v8a, /data/app/~~mod7R8gax5NFnr6WGLxbCA==/com.feels-twVZykPd60NdJddbUWv_jw==/split_config.arm64_v8a.apk!/lib/arm64-v8a, /data/app/~~mod7R8gax5NFnr6WGLxbCA==/com.feels-twVZykPd60NdJddbUWv_jw==/split_config.en.apk!/lib/arm64-v8a, /data/app/~~mod7R8gax5NFnr6WGLxbCA==/com.feels-twVZykPd60NdJddbUWv_jw==/split_config.mdpi.apk!/lib/arm64-v8a, /system/lib64, /system_ext/lib64]]"
},
{
    "type": "error",
    "extra": "hook all methods error",
    "package_name": "com.feels",
    "class_name": "com.mobilefuse.sdk.MobileFuse",
    "error": "Error: java.lang.ClassNotFoundException: Didn't find class \"com.mobilefuse.sdk.MobileFuse\" on path: DexPathList[[zip file \"/data/app/~~mod7R8gax5NFnr6WGLxbCA==/com.feels-twVZykPd60NdJddbUWv_jw==/base.apk\", zip file \"/data/app/~~mod7R8gax5NFnr6WGLxbCA==/com.feels-twVZykPd60NdJddbUWv_jw==/split_config.arm64_v8a.apk\", zip file \"/data/app/~~mod7R8gax5NFnr6WGLxbCA==/com.feels-twVZykPd60NdJddbUWv_jw==/split_config.en.apk\", zip file \"/data/app/~~mod7R8gax5NFnr6WGLxbCA==/com.feels-twVZykPd60NdJddbUWv_jw==/split_config.mdpi.apk\"],nativeLibraryDirectories=[/data/app/~~mod7R8gax5NFnr6WGLxbCA==/com.feels-twVZykPd60NdJddbUWv_jw==/lib/arm64, /data/app/~~mod7R8gax5NFnr6WGLxbCA==/com.feels-twVZykPd60NdJddbUWv_jw==/base.apk!/lib/arm64-v8a, /data/app/~~mod7R8gax5NFnr6WGLxbCA==/com.feels-twVZykPd60NdJddbUWv_jw==/split_config.arm64_v8a.apk!/lib/arm64-v8a, /data/app/~~mod7R8gax5NFnr6WGLxbCA==/com.feels-twVZykPd60NdJddbUWv_jw==/split_config.en.apk!/lib/arm64-v8a, /data/app/~~mod7R8gax5NFnr6WGLxbCA==/com.feels-twVZykPd60NdJddbUWv_jw==/split_config.mdpi.apk!/lib/arm64-v8a, /system/lib64, /system_ext/lib64]]"
},
{
    "type": "error",
    "extra": "hook all methods error",
    "package_name": "com.feels",
    "class_name": "com.google.android.gms.ads.MobileAds",
    "error": "Error: java.lang.ClassNotFoundException: Didn't find class \"com.google.android.gms.ads.MobileAds\" on path: DexPathList[[zip file \"/data/app/~~mod7R8gax5NFnr6WGLxbCA==/com.feels-twVZykPd60NdJddbUWv_jw==/base.apk\", zip file \"/data/app/~~mod7R8gax5NFnr6WGLxbCA==/com.feels-twVZykPd60NdJddbUWv_jw==/split_config.arm64_v8a.apk\", zip file \"/data/app/~~mod7R8gax5NFnr6WGLxbCA==/com.feels-twVZykPd60NdJddbUWv_jw==/split_config.en.apk\", zip file \"/data/app/~~mod7R8gax5NFnr6WGLxbCA==/com.feels-twVZykPd60NdJddbUWv_jw==/split_config.mdpi.apk\"],nativeLibraryDirectories=[/data/app/~~mod7R8gax5NFnr6WGLxbCA==/com.feels-twVZykPd60NdJddbUWv_jw==/lib/arm64, /data/app/~~mod7R8gax5NFnr6WGLxbCA==/com.feels-twVZykPd60NdJddbUWv_jw==/base.apk!/lib/arm64-v8a, /data/app/~~mod7R8gax5NFnr6WGLxbCA==/com.feels-twVZykPd60NdJddbUWv_jw==/split_config.arm64_v8a.apk!/lib/arm64-v8a, /data/app/~~mod7R8gax5NFnr6WGLxbCA==/com.feels-twVZykPd60NdJddbUWv_jw==/split_config.en.apk!/lib/arm64-v8a, /data/app/~~mod7R8gax5NFnr6WGLxbCA==/com.feels-twVZykPd60NdJddbUWv_jw==/split_config.mdpi.apk!/lib/arm64-v8a, /system/lib64, /system_ext/lib64]]"
},
{
    "type": "error",
    "extra": "hook all methods error",
    "package_name": "com.feels",
    "class_name": "com.tradplus.ads.open.interstitial.TPInterstitial",
    "error": "Error: java.lang.ClassNotFoundException: Didn't find class \"com.tradplus.ads.open.interstitial.TPInterstitial\" on path: DexPathList[[zip file \"/data/app/~~mod7R8gax5NFnr6WGLxbCA==/com.feels-twVZykPd60NdJddbUWv_jw==/base.apk\", zip file \"/data/app/~~mod7R8gax5NFnr6WGLxbCA==/com.feels-twVZykPd60NdJddbUWv_jw==/split_config.arm64_v8a.apk\", zip file \"/data/app/~~mod7R8gax5NFnr6WGLxbCA==/com.feels-twVZykPd60NdJddbUWv_jw==/split_config.en.apk\", zip file \"/data/app/~~mod7R8gax5NFnr6WGLxbCA==/com.feels-twVZykPd60NdJddbUWv_jw==/split_config.mdpi.apk\"],nativeLibraryDirectories=[/data/app/~~mod7R8gax5NFnr6WGLxbCA==/com.feels-twVZykPd60NdJddbUWv_jw==/lib/arm64, /data/app/~~mod7R8gax5NFnr6WGLxbCA==/com.feels-twVZykPd60NdJddbUWv_jw==/base.apk!/lib/arm64-v8a, /data/app/~~mod7R8gax5NFnr6WGLxbCA==/com.feels-twVZykPd60NdJddbUWv_jw==/split_config.arm64_v8a.apk!/lib/arm64-v8a, /data/app/~~mod7R8gax5NFnr6WGLxbCA==/com.feels-twVZykPd60NdJddbUWv_jw==/split_config.en.apk!/lib/arm64-v8a, /data/app/~~mod7R8gax5NFnr6WGLxbCA==/com.feels-twVZykPd60NdJddbUWv_jw==/split_config.mdpi.apk!/lib/arm64-v8a, /system/lib64, /system_ext/lib64]]"
},
{
    "type": "error",
    "extra": "hook all methods error",
    "package_name": "com.feels",
    "class_name": "admost.sdk.AdMostView",
    "error": "Error: java.lang.ClassNotFoundException: Didn't find class \"admost.sdk.AdMostView\" on path: DexPathList[[zip file \"/data/app/~~mod7R8gax5NFnr6WGLxbCA==/com.feels-twVZykPd60NdJddbUWv_jw==/base.apk\", zip file \"/data/app/~~mod7R8gax5NFnr6WGLxbCA==/com.feels-twVZykPd60NdJddbUWv_jw==/split_config.arm64_v8a.apk\", zip file \"/data/app/~~mod7R8gax5NFnr6WGLxbCA==/com.feels-twVZykPd60NdJddbUWv_jw==/split_config.en.apk\", zip file \"/data/app/~~mod7R8gax5NFnr6WGLxbCA==/com.feels-twVZykPd60NdJddbUWv_jw==/split_config.mdpi.apk\"],nativeLibraryDirectories=[/data/app/~~mod7R8gax5NFnr6WGLxbCA==/com.feels-twVZykPd60NdJddbUWv_jw==/lib/arm64, /data/app/~~mod7R8gax5NFnr6WGLxbCA==/com.feels-twVZykPd60NdJddbUWv_jw==/base.apk!/lib/arm64-v8a, /data/app/~~mod7R8gax5NFnr6WGLxbCA==/com.feels-twVZykPd60NdJddbUWv_jw==/split_config.arm64_v8a.apk!/lib/arm64-v8a, /data/app/~~mod7R8gax5NFnr6WGLxbCA==/com.feels-twVZykPd60NdJddbUWv_jw==/split_config.en.apk!/lib/arm64-v8a, /data/app/~~mod7R8gax5NFnr6WGLxbCA==/com.feels-twVZykPd60NdJddbUWv_jw==/split_config.mdpi.apk!/lib/arm64-v8a, /system/lib64, /system_ext/lib64]]"
},
{
    "type": "error",
    "extra": "hook all methods error",
    "package_name": "com.feels",
    "class_name": "com.facebook.FacebookSdk",
    "error": "Error: java.lang.ClassNotFoundException: Didn't find class \"com.facebook.FacebookSdk\" on path: DexPathList[[zip file \"/data/app/~~mod7R8gax5NFnr6WGLxbCA==/com.feels-twVZykPd60NdJddbUWv_jw==/base.apk\", zip file \"/data/app/~~mod7R8gax5NFnr6WGLxbCA==/com.feels-twVZykPd60NdJddbUWv_jw==/split_config.arm64_v8a.apk\", zip file \"/data/app/~~mod7R8gax5NFnr6WGLxbCA==/com.feels-twVZykPd60NdJddbUWv_jw==/split_config.en.apk\", zip file \"/data/app/~~mod7R8gax5NFnr6WGLxbCA==/com.feels-twVZykPd60NdJddbUWv_jw==/split_config.mdpi.apk\"],nativeLibraryDirectories=[/data/app/~~mod7R8gax5NFnr6WGLxbCA==/com.feels-twVZykPd60NdJddbUWv_jw==/lib/arm64, /data/app/~~mod7R8gax5NFnr6WGLxbCA==/com.feels-twVZykPd60NdJddbUWv_jw==/base.apk!/lib/arm64-v8a, /data/app/~~mod7R8gax5NFnr6WGLxbCA==/com.feels-twVZykPd60NdJddbUWv_jw==/split_config.arm64_v8a.apk!/lib/arm64-v8a, /data/app/~~mod7R8gax5NFnr6WGLxbCA==/com.feels-twVZykPd60NdJddbUWv_jw==/split_config.en.apk!/lib/arm64-v8a, /data/app/~~mod7R8gax5NFnr6WGLxbCA==/com.feels-twVZykPd60NdJddbUWv_jw==/split_config.mdpi.apk!/lib/arm64-v8a, /system/lib64, /system_ext/lib64]]"
},
{
    "type": "error",
    "extra": "hook all methods error",
    "package_name": "com.feels",
    "class_name": "com.clevertap.android.sdk.CleverTapInstanceConfig",
    "error": "Error: java.lang.ClassNotFoundException: Didn't find class \"com.clevertap.android.sdk.CleverTapInstanceConfig\" on path: DexPathList[[zip file \"/data/app/~~mod7R8gax5NFnr6WGLxbCA==/com.feels-twVZykPd60NdJddbUWv_jw==/base.apk\", zip file \"/data/app/~~mod7R8gax5NFnr6WGLxbCA==/com.feels-twVZykPd60NdJddbUWv_jw==/split_config.arm64_v8a.apk\", zip file \"/data/app/~~mod7R8gax5NFnr6WGLxbCA==/com.feels-twVZykPd60NdJddbUWv_jw==/split_config.en.apk\", zip file \"/data/app/~~mod7R8gax5NFnr6WGLxbCA==/com.feels-twVZykPd60NdJddbUWv_jw==/split_config.mdpi.apk\"],nativeLibraryDirectories=[/data/app/~~mod7R8gax5NFnr6WGLxbCA==/com.feels-twVZykPd60NdJddbUWv_jw==/lib/arm64, /data/app/~~mod7R8gax5NFnr6WGLxbCA==/com.feels-twVZykPd60NdJddbUWv_jw==/base.apk!/lib/arm64-v8a, /data/app/~~mod7R8gax5NFnr6WGLxbCA==/com.feels-twVZykPd60NdJddbUWv_jw==/split_config.arm64_v8a.apk!/lib/arm64-v8a, /data/app/~~mod7R8gax5NFnr6WGLxbCA==/com.feels-twVZykPd60NdJddbUWv_jw==/split_config.en.apk!/lib/arm64-v8a, /data/app/~~mod7R8gax5NFnr6WGLxbCA==/com.feels-twVZykPd60NdJddbUWv_jw==/split_config.mdpi.apk!/lib/arm64-v8a, /system/lib64, /system_ext/lib64]]"
},
{
    "type": "error",
    "extra": "hook all methods error",
    "package_name": "com.feels",
    "class_name": "sg.bigo.ads.BigoAdSdk",
    "error": "Error: java.lang.ClassNotFoundException: Didn't find class \"sg.bigo.ads.BigoAdSdk\" on path: DexPathList[[zip file \"/data/app/~~mod7R8gax5NFnr6WGLxbCA==/com.feels-twVZykPd60NdJddbUWv_jw==/base.apk\", zip file \"/data/app/~~mod7R8gax5NFnr6WGLxbCA==/com.feels-twVZykPd60NdJddbUWv_jw==/split_config.arm64_v8a.apk\", zip file \"/data/app/~~mod7R8gax5NFnr6WGLxbCA==/com.feels-twVZykPd60NdJddbUWv_jw==/split_config.en.apk\", zip file \"/data/app/~~mod7R8gax5NFnr6WGLxbCA==/com.feels-twVZykPd60NdJddbUWv_jw==/split_config.mdpi.apk\"],nativeLibraryDirectories=[/data/app/~~mod7R8gax5NFnr6WGLxbCA==/com.feels-twVZykPd60NdJddbUWv_jw==/lib/arm64, /data/app/~~mod7R8gax5NFnr6WGLxbCA==/com.feels-twVZykPd60NdJddbUWv_jw==/base.apk!/lib/arm64-v8a, /data/app/~~mod7R8gax5NFnr6WGLxbCA==/com.feels-twVZykPd60NdJddbUWv_jw==/split_config.arm64_v8a.apk!/lib/arm64-v8a, /data/app/~~mod7R8gax5NFnr6WGLxbCA==/com.feels-twVZykPd60NdJddbUWv_jw==/split_config.en.apk!/lib/arm64-v8a, /data/app/~~mod7R8gax5NFnr6WGLxbCA==/com.feels-twVZykPd60NdJddbUWv_jw==/split_config.mdpi.apk!/lib/arm64-v8a, /system/lib64, /system_ext/lib64]]"
},
{
    "type": "error",
    "extra": "hook all methods error",
    "package_name": "com.feels",
    "class_name": "com.appbrain.AppBrain",
    "error": "Error: java.lang.ClassNotFoundException: Didn't find class \"com.appbrain.AppBrain\" on path: DexPathList[[zip file \"/data/app/~~mod7R8gax5NFnr6WGLxbCA==/com.feels-twVZykPd60NdJddbUWv_jw==/base.apk\", zip file \"/data/app/~~mod7R8gax5NFnr6WGLxbCA==/com.feels-twVZykPd60NdJddbUWv_jw==/split_config.arm64_v8a.apk\", zip file \"/data/app/~~mod7R8gax5NFnr6WGLxbCA==/com.feels-twVZykPd60NdJddbUWv_jw==/split_config.en.apk\", zip file \"/data/app/~~mod7R8gax5NFnr6WGLxbCA==/com.feels-twVZykPd60NdJddbUWv_jw==/split_config.mdpi.apk\"],nativeLibraryDirectories=[/data/app/~~mod7R8gax5NFnr6WGLxbCA==/com.feels-twVZykPd60NdJddbUWv_jw==/lib/arm64, /data/app/~~mod7R8gax5NFnr6WGLxbCA==/com.feels-twVZykPd60NdJddbUWv_jw==/base.apk!/lib/arm64-v8a, /data/app/~~mod7R8gax5NFnr6WGLxbCA==/com.feels-twVZykPd60NdJddbUWv_jw==/split_config.arm64_v8a.apk!/lib/arm64-v8a, /data/app/~~mod7R8gax5NFnr6WGLxbCA==/com.feels-twVZykPd60NdJddbUWv_jw==/split_config.en.apk!/lib/arm64-v8a, /data/app/~~mod7R8gax5NFnr6WGLxbCA==/com.feels-twVZykPd60NdJddbUWv_jw==/split_config.mdpi.apk!/lib/arm64-v8a, /system/lib64, /system_ext/lib64]]"
},
{
    "type": "error",
    "extra": "hook all methods error",
    "package_name": "com.feels",
    "class_name": "sg.bigo.ads.api.RewardVideoAdLoader",
    "error": "Error: java.lang.ClassNotFoundException: Didn't find class \"sg.bigo.ads.api.RewardVideoAdLoader\" on path: DexPathList[[zip file \"/data/app/~~mod7R8gax5NFnr6WGLxbCA==/com.feels-twVZykPd60NdJddbUWv_jw==/base.apk\", zip file \"/data/app/~~mod7R8gax5NFnr6WGLxbCA==/com.feels-twVZykPd60NdJddbUWv_jw==/split_config.arm64_v8a.apk\", zip file \"/data/app/~~mod7R8gax5NFnr6WGLxbCA==/com.feels-twVZykPd60NdJddbUWv_jw==/split_config.en.apk\", zip file \"/data/app/~~mod7R8gax5NFnr6WGLxbCA==/com.feels-twVZykPd60NdJddbUWv_jw==/split_config.mdpi.apk\"],nativeLibraryDirectories=[/data/app/~~mod7R8gax5NFnr6WGLxbCA==/com.feels-twVZykPd60NdJddbUWv_jw==/lib/arm64, /data/app/~~mod7R8gax5NFnr6WGLxbCA==/com.feels-twVZykPd60NdJddbUWv_jw==/base.apk!/lib/arm64-v8a, /data/app/~~mod7R8gax5NFnr6WGLxbCA==/com.feels-twVZykPd60NdJddbUWv_jw==/split_config.arm64_v8a.apk!/lib/arm64-v8a, /data/app/~~mod7R8gax5NFnr6WGLxbCA==/com.feels-twVZykPd60NdJddbUWv_jw==/split_config.en.apk!/lib/arm64-v8a, /data/app/~~mod7R8gax5NFnr6WGLxbCA==/com.feels-twVZykPd60NdJddbUWv_jw==/split_config.mdpi.apk!/lib/arm64-v8a, /system/lib64, /system_ext/lib64]]"
},
{
    "type": "error",
    "extra": "hook all methods error",
    "package_name": "com.feels",
    "class_name": "sg.bigo.ads.api.SplashAdLoader",
    "error": "Error: java.lang.ClassNotFoundException: Didn't find class \"sg.bigo.ads.api.SplashAdLoader\" on path: DexPathList[[zip file \"/data/app/~~mod7R8gax5NFnr6WGLxbCA==/com.feels-twVZykPd60NdJddbUWv_jw==/base.apk\", zip file \"/data/app/~~mod7R8gax5NFnr6WGLxbCA==/com.feels-twVZykPd60NdJddbUWv_jw==/split_config.arm64_v8a.apk\", zip file \"/data/app/~~mod7R8gax5NFnr6WGLxbCA==/com.feels-twVZykPd60NdJddbUWv_jw==/split_config.en.apk\", zip file \"/data/app/~~mod7R8gax5NFnr6WGLxbCA==/com.feels-twVZykPd60NdJddbUWv_jw==/split_config.mdpi.apk\"],nativeLibraryDirectories=[/data/app/~~mod7R8gax5NFnr6WGLxbCA==/com.feels-twVZykPd60NdJddbUWv_jw==/lib/arm64, /data/app/~~mod7R8gax5NFnr6WGLxbCA==/com.feels-twVZykPd60NdJddbUWv_jw==/base.apk!/lib/arm64-v8a, /data/app/~~mod7R8gax5NFnr6WGLxbCA==/com.feels-twVZykPd60NdJddbUWv_jw==/split_config.arm64_v8a.apk!/lib/arm64-v8a, /data/app/~~mod7R8gax5NFnr6WGLxbCA==/com.feels-twVZykPd60NdJddbUWv_jw==/split_config.en.apk!/lib/arm64-v8a, /data/app/~~mod7R8gax5NFnr6WGLxbCA==/com.feels-twVZykPd60NdJddbUWv_jw==/split_config.mdpi.apk!/lib/arm64-v8a, /system/lib64, /system_ext/lib64]]"
},
{
    "type": "error",
    "extra": "hook all methods error",
    "package_name": "com.feels",
    "class_name": "net.pubnative.lite.sdk.HyBid",
    "error": "Error: java.lang.ClassNotFoundException: Didn't find class \"net.pubnative.lite.sdk.HyBid\" on path: DexPathList[[zip file \"/data/app/~~mod7R8gax5NFnr6WGLxbCA==/com.feels-twVZykPd60NdJddbUWv_jw==/base.apk\", zip file \"/data/app/~~mod7R8gax5NFnr6WGLxbCA==/com.feels-twVZykPd60NdJddbUWv_jw==/split_config.arm64_v8a.apk\", zip file \"/data/app/~~mod7R8gax5NFnr6WGLxbCA==/com.feels-twVZykPd60NdJddbUWv_jw==/split_config.en.apk\", zip file \"/data/app/~~mod7R8gax5NFnr6WGLxbCA==/com.feels-twVZykPd60NdJddbUWv_jw==/split_config.mdpi.apk\"],nativeLibraryDirectories=[/data/app/~~mod7R8gax5NFnr6WGLxbCA==/com.feels-twVZykPd60NdJddbUWv_jw==/lib/arm64, /data/app/~~mod7R8gax5NFnr6WGLxbCA==/com.feels-twVZykPd60NdJddbUWv_jw==/base.apk!/lib/arm64-v8a, /data/app/~~mod7R8gax5NFnr6WGLxbCA==/com.feels-twVZykPd60NdJddbUWv_jw==/split_config.arm64_v8a.apk!/lib/arm64-v8a, /data/app/~~mod7R8gax5NFnr6WGLxbCA==/com.feels-twVZykPd60NdJddbUWv_jw==/split_config.en.apk!/lib/arm64-v8a, /data/app/~~mod7R8gax5NFnr6WGLxbCA==/com.feels-twVZykPd60NdJddbUWv_jw==/split_config.mdpi.apk!/lib/arm64-v8a, /system/lib64, /system_ext/lib64]]"
},
{
    "type": "error",
    "extra": "hook all methods error",
    "package_name": "com.feels",
    "class_name": "com.smaato.sdk.core.Config",
    "error": "Error: java.lang.ClassNotFoundException: Didn't find class \"com.smaato.sdk.core.Config\" on path: DexPathList[[zip file \"/data/app/~~mod7R8gax5NFnr6WGLxbCA==/com.feels-twVZykPd60NdJddbUWv_jw==/base.apk\", zip file \"/data/app/~~mod7R8gax5NFnr6WGLxbCA==/com.feels-twVZykPd60NdJddbUWv_jw==/split_config.arm64_v8a.apk\", zip file \"/data/app/~~mod7R8gax5NFnr6WGLxbCA==/com.feels-twVZykPd60NdJddbUWv_jw==/split_config.en.apk\", zip file \"/data/app/~~mod7R8gax5NFnr6WGLxbCA==/com.feels-twVZykPd60NdJddbUWv_jw==/split_config.mdpi.apk\"],nativeLibraryDirectories=[/data/app/~~mod7R8gax5NFnr6WGLxbCA==/com.feels-twVZykPd60NdJddbUWv_jw==/lib/arm64, /data/app/~~mod7R8gax5NFnr6WGLxbCA==/com.feels-twVZykPd60NdJddbUWv_jw==/base.apk!/lib/arm64-v8a, /data/app/~~mod7R8gax5NFnr6WGLxbCA==/com.feels-twVZykPd60NdJddbUWv_jw==/split_config.arm64_v8a.apk!/lib/arm64-v8a, /data/app/~~mod7R8gax5NFnr6WGLxbCA==/com.feels-twVZykPd60NdJddbUWv_jw==/split_config.en.apk!/lib/arm64-v8a, /data/app/~~mod7R8gax5NFnr6WGLxbCA==/com.feels-twVZykPd60NdJddbUWv_jw==/split_config.mdpi.apk!/lib/arm64-v8a, /system/lib64, /system_ext/lib64]]"
},
{
    "type": "error",
    "extra": "hook all methods error",
    "package_name": "com.feels",
    "class_name": "com.yandex.mobile.ads.common.MobileAds",
    "error": "Error: java.lang.ClassNotFoundException: Didn't find class \"com.yandex.mobile.ads.common.MobileAds\" on path: DexPathList[[zip file \"/data/app/~~mod7R8gax5NFnr6WGLxbCA==/com.feels-twVZykPd60NdJddbUWv_jw==/base.apk\", zip file \"/data/app/~~mod7R8gax5NFnr6WGLxbCA==/com.feels-twVZykPd60NdJddbUWv_jw==/split_config.arm64_v8a.apk\", zip file \"/data/app/~~mod7R8gax5NFnr6WGLxbCA==/com.feels-twVZykPd60NdJddbUWv_jw==/split_config.en.apk\", zip file \"/data/app/~~mod7R8gax5NFnr6WGLxbCA==/com.feels-twVZykPd60NdJddbUWv_jw==/split_config.mdpi.apk\"],nativeLibraryDirectories=[/data/app/~~mod7R8gax5NFnr6WGLxbCA==/com.feels-twVZykPd60NdJddbUWv_jw==/lib/arm64, /data/app/~~mod7R8gax5NFnr6WGLxbCA==/com.feels-twVZykPd60NdJddbUWv_jw==/base.apk!/lib/arm64-v8a, /data/app/~~mod7R8gax5NFnr6WGLxbCA==/com.feels-twVZykPd60NdJddbUWv_jw==/split_config.arm64_v8a.apk!/lib/arm64-v8a, /data/app/~~mod7R8gax5NFnr6WGLxbCA==/com.feels-twVZykPd60NdJddbUWv_jw==/split_config.en.apk!/lib/arm64-v8a, /data/app/~~mod7R8gax5NFnr6WGLxbCA==/com.feels-twVZykPd60NdJddbUWv_jw==/split_config.mdpi.apk!/lib/arm64-v8a, /system/lib64, /system_ext/lib64]]"
},
{
    "type": "error",
    "extra": "hook all methods error",
    "package_name": "com.feels",
    "class_name": "com.ogury.cm.OguryChoiceManagerExternal",
    "error": "Error: java.lang.ClassNotFoundException: Didn't find class \"com.ogury.cm.OguryChoiceManagerExternal\" on path: DexPathList[[zip file \"/data/app/~~mod7R8gax5NFnr6WGLxbCA==/com.feels-twVZykPd60NdJddbUWv_jw==/base.apk\", zip file \"/data/app/~~mod7R8gax5NFnr6WGLxbCA==/com.feels-twVZykPd60NdJddbUWv_jw==/split_config.arm64_v8a.apk\", zip file \"/data/app/~~mod7R8gax5NFnr6WGLxbCA==/com.feels-twVZykPd60NdJddbUWv_jw==/split_config.en.apk\", zip file \"/data/app/~~mod7R8gax5NFnr6WGLxbCA==/com.feels-twVZykPd60NdJddbUWv_jw==/split_config.mdpi.apk\"],nativeLibraryDirectories=[/data/app/~~mod7R8gax5NFnr6WGLxbCA==/com.feels-twVZykPd60NdJddbUWv_jw==/lib/arm64, /data/app/~~mod7R8gax5NFnr6WGLxbCA==/com.feels-twVZykPd60NdJddbUWv_jw==/base.apk!/lib/arm64-v8a, /data/app/~~mod7R8gax5NFnr6WGLxbCA==/com.feels-twVZykPd60NdJddbUWv_jw==/split_config.arm64_v8a.apk!/lib/arm64-v8a, /data/app/~~mod7R8gax5NFnr6WGLxbCA==/com.feels-twVZykPd60NdJddbUWv_jw==/split_config.en.apk!/lib/arm64-v8a, /data/app/~~mod7R8gax5NFnr6WGLxbCA==/com.feels-twVZykPd60NdJddbUWv_jw==/split_config.mdpi.apk!/lib/arm64-v8a, /system/lib64, /system_ext/lib64]]"
},
{
    "type": "error",
    "extra": "hook all methods error",
    "package_name": "com.feels",
    "class_name": "com.fyber.fairbid.ads.Banner",
    "error": "Error: java.lang.ClassNotFoundException: Didn't find class \"com.fyber.fairbid.ads.Banner\" on path: DexPathList[[zip file \"/data/app/~~mod7R8gax5NFnr6WGLxbCA==/com.feels-twVZykPd60NdJddbUWv_jw==/base.apk\", zip file \"/data/app/~~mod7R8gax5NFnr6WGLxbCA==/com.feels-twVZykPd60NdJddbUWv_jw==/split_config.arm64_v8a.apk\", zip file \"/data/app/~~mod7R8gax5NFnr6WGLxbCA==/com.feels-twVZykPd60NdJddbUWv_jw==/split_config.en.apk\", zip file \"/data/app/~~mod7R8gax5NFnr6WGLxbCA==/com.feels-twVZykPd60NdJddbUWv_jw==/split_config.mdpi.apk\"],nativeLibraryDirectories=[/data/app/~~mod7R8gax5NFnr6WGLxbCA==/com.feels-twVZykPd60NdJddbUWv_jw==/lib/arm64, /data/app/~~mod7R8gax5NFnr6WGLxbCA==/com.feels-twVZykPd60NdJddbUWv_jw==/base.apk!/lib/arm64-v8a, /data/app/~~mod7R8gax5NFnr6WGLxbCA==/com.feels-twVZykPd60NdJddbUWv_jw==/split_config.arm64_v8a.apk!/lib/arm64-v8a, /data/app/~~mod7R8gax5NFnr6WGLxbCA==/com.feels-twVZykPd60NdJddbUWv_jw==/split_config.en.apk!/lib/arm64-v8a, /data/app/~~mod7R8gax5NFnr6WGLxbCA==/com.feels-twVZykPd60NdJddbUWv_jw==/split_config.mdpi.apk!/lib/arm64-v8a, /system/lib64, /system_ext/lib64]]"
},
{
    "type": "error",
    "extra": "hook all methods error",
    "package_name": "com.feels",
    "class_name": "com.flurry.android.FlurryAdSettings",
    "error": "Error: java.lang.ClassNotFoundException: Didn't find class \"com.flurry.android.FlurryAdSettings\" on path: DexPathList[[zip file \"/data/app/~~mod7R8gax5NFnr6WGLxbCA==/com.feels-twVZykPd60NdJddbUWv_jw==/base.apk\", zip file \"/data/app/~~mod7R8gax5NFnr6WGLxbCA==/com.feels-twVZykPd60NdJddbUWv_jw==/split_config.arm64_v8a.apk\", zip file \"/data/app/~~mod7R8gax5NFnr6WGLxbCA==/com.feels-twVZykPd60NdJddbUWv_jw==/split_config.en.apk\", zip file \"/data/app/~~mod7R8gax5NFnr6WGLxbCA==/com.feels-twVZykPd60NdJddbUWv_jw==/split_config.mdpi.apk\"],nativeLibraryDirectories=[/data/app/~~mod7R8gax5NFnr6WGLxbCA==/com.feels-twVZykPd60NdJddbUWv_jw==/lib/arm64, /data/app/~~mod7R8gax5NFnr6WGLxbCA==/com.feels-twVZykPd60NdJddbUWv_jw==/base.apk!/lib/arm64-v8a, /data/app/~~mod7R8gax5NFnr6WGLxbCA==/com.feels-twVZykPd60NdJddbUWv_jw==/split_config.arm64_v8a.apk!/lib/arm64-v8a, /data/app/~~mod7R8gax5NFnr6WGLxbCA==/com.feels-twVZykPd60NdJddbUWv_jw==/split_config.en.apk!/lib/arm64-v8a, /data/app/~~mod7R8gax5NFnr6WGLxbCA==/com.feels-twVZykPd60NdJddbUWv_jw==/split_config.mdpi.apk!/lib/arm64-v8a, /system/lib64, /system_ext/lib64]]"
},
{
    "type": "error",
    "extra": "hook all methods error",
    "package_name": "com.feels",
    "class_name": "com.ogury.sdk.OguryConfiguration$Builder",
    "error": "Error: java.lang.ClassNotFoundException: Didn't find class \"com.ogury.sdk.OguryConfiguration$Builder\" on path: DexPathList[[zip file \"/data/app/~~mod7R8gax5NFnr6WGLxbCA==/com.feels-twVZykPd60NdJddbUWv_jw==/base.apk\", zip file \"/data/app/~~mod7R8gax5NFnr6WGLxbCA==/com.feels-twVZykPd60NdJddbUWv_jw==/split_config.arm64_v8a.apk\", zip file \"/data/app/~~mod7R8gax5NFnr6WGLxbCA==/com.feels-twVZykPd60NdJddbUWv_jw==/split_config.en.apk\", zip file \"/data/app/~~mod7R8gax5NFnr6WGLxbCA==/com.feels-twVZykPd60NdJddbUWv_jw==/split_config.mdpi.apk\"],nativeLibraryDirectories=[/data/app/~~mod7R8gax5NFnr6WGLxbCA==/com.feels-twVZykPd60NdJddbUWv_jw==/lib/arm64, /data/app/~~mod7R8gax5NFnr6WGLxbCA==/com.feels-twVZykPd60NdJddbUWv_jw==/base.apk!/lib/arm64-v8a, /data/app/~~mod7R8gax5NFnr6WGLxbCA==/com.feels-twVZykPd60NdJddbUWv_jw==/split_config.arm64_v8a.apk!/lib/arm64-v8a, /data/app/~~mod7R8gax5NFnr6WGLxbCA==/com.feels-twVZykPd60NdJddbUWv_jw==/split_config.en.apk!/lib/arm64-v8a, /data/app/~~mod7R8gax5NFnr6WGLxbCA==/com.feels-twVZykPd60NdJddbUWv_jw==/split_config.mdpi.apk!/lib/arm64-v8a, /system/lib64, /system_ext/lib64]]"
},
{
    "type": "error",
    "extra": "hook all methods error",
    "package_name": "com.feels",
    "class_name": "com.google.android.gms.ads.AdRequest$Builder",
    "error": "Error: java.lang.ClassNotFoundException: Didn't find class \"com.google.android.gms.ads.AdRequest$Builder\" on path: DexPathList[[zip file \"/data/app/~~mod7R8gax5NFnr6WGLxbCA==/com.feels-twVZykPd60NdJddbUWv_jw==/base.apk\", zip file \"/data/app/~~mod7R8gax5NFnr6WGLxbCA==/com.feels-twVZykPd60NdJddbUWv_jw==/split_config.arm64_v8a.apk\", zip file \"/data/app/~~mod7R8gax5NFnr6WGLxbCA==/com.feels-twVZykPd60NdJddbUWv_jw==/split_config.en.apk\", zip file \"/data/app/~~mod7R8gax5NFnr6WGLxbCA==/com.feels-twVZykPd60NdJddbUWv_jw==/split_config.mdpi.apk\"],nativeLibraryDirectories=[/data/app/~~mod7R8gax5NFnr6WGLxbCA==/com.feels-twVZykPd60NdJddbUWv_jw==/lib/arm64, /data/app/~~mod7R8gax5NFnr6WGLxbCA==/com.feels-twVZykPd60NdJddbUWv_jw==/base.apk!/lib/arm64-v8a, /data/app/~~mod7R8gax5NFnr6WGLxbCA==/com.feels-twVZykPd60NdJddbUWv_jw==/split_config.arm64_v8a.apk!/lib/arm64-v8a, /data/app/~~mod7R8gax5NFnr6WGLxbCA==/com.feels-twVZykPd60NdJddbUWv_jw==/split_config.en.apk!/lib/arm64-v8a, /data/app/~~mod7R8gax5NFnr6WGLxbCA==/com.feels-twVZykPd60NdJddbUWv_jw==/split_config.mdpi.apk!/lib/arm64-v8a, /system/lib64, /system_ext/lib64]]"
},
{
    "type": "error",
    "extra": "hook all methods error",
    "package_name": "com.feels",
    "class_name": "com.appnext.ads.interstitial.Interstitial",
    "error": "Error: java.lang.ClassNotFoundException: Didn't find class \"com.appnext.ads.interstitial.Interstitial\" on path: DexPathList[[zip file \"/data/app/~~mod7R8gax5NFnr6WGLxbCA==/com.feels-twVZykPd60NdJddbUWv_jw==/base.apk\", zip file \"/data/app/~~mod7R8gax5NFnr6WGLxbCA==/com.feels-twVZykPd60NdJddbUWv_jw==/split_config.arm64_v8a.apk\", zip file \"/data/app/~~mod7R8gax5NFnr6WGLxbCA==/com.feels-twVZykPd60NdJddbUWv_jw==/split_config.en.apk\", zip file \"/data/app/~~mod7R8gax5NFnr6WGLxbCA==/com.feels-twVZykPd60NdJddbUWv_jw==/split_config.mdpi.apk\"],nativeLibraryDirectories=[/data/app/~~mod7R8gax5NFnr6WGLxbCA==/com.feels-twVZykPd60NdJddbUWv_jw==/lib/arm64, /data/app/~~mod7R8gax5NFnr6WGLxbCA==/com.feels-twVZykPd60NdJddbUWv_jw==/base.apk!/lib/arm64-v8a, /data/app/~~mod7R8gax5NFnr6WGLxbCA==/com.feels-twVZykPd60NdJddbUWv_jw==/split_config.arm64_v8a.apk!/lib/arm64-v8a, /data/app/~~mod7R8gax5NFnr6WGLxbCA==/com.feels-twVZykPd60NdJddbUWv_jw==/split_config.en.apk!/lib/arm64-v8a, /data/app/~~mod7R8gax5NFnr6WGLxbCA==/com.feels-twVZykPd60NdJddbUWv_jw==/split_config.mdpi.apk!/lib/arm64-v8a, /system/lib64, /system_ext/lib64]]"
},
{
    "type": "error",
    "extra": "hook all methods error",
    "package_name": "com.feels",
    "class_name": "com.vpon.ads.VponAdRequest$Builder",
    "error": "Error: java.lang.ClassNotFoundException: Didn't find class \"com.vpon.ads.VponAdRequest$Builder\" on path: DexPathList[[zip file \"/data/app/~~mod7R8gax5NFnr6WGLxbCA==/com.feels-twVZykPd60NdJddbUWv_jw==/base.apk\", zip file \"/data/app/~~mod7R8gax5NFnr6WGLxbCA==/com.feels-twVZykPd60NdJddbUWv_jw==/split_config.arm64_v8a.apk\", zip file \"/data/app/~~mod7R8gax5NFnr6WGLxbCA==/com.feels-twVZykPd60NdJddbUWv_jw==/split_config.en.apk\", zip file \"/data/app/~~mod7R8gax5NFnr6WGLxbCA==/com.feels-twVZykPd60NdJddbUWv_jw==/split_config.mdpi.apk\"],nativeLibraryDirectories=[/data/app/~~mod7R8gax5NFnr6WGLxbCA==/com.feels-twVZykPd60NdJddbUWv_jw==/lib/arm64, /data/app/~~mod7R8gax5NFnr6WGLxbCA==/com.feels-twVZykPd60NdJddbUWv_jw==/base.apk!/lib/arm64-v8a, /data/app/~~mod7R8gax5NFnr6WGLxbCA==/com.feels-twVZykPd60NdJddbUWv_jw==/split_config.arm64_v8a.apk!/lib/arm64-v8a, /data/app/~~mod7R8gax5NFnr6WGLxbCA==/com.feels-twVZykPd60NdJddbUWv_jw==/split_config.en.apk!/lib/arm64-v8a, /data/app/~~mod7R8gax5NFnr6WGLxbCA==/com.feels-twVZykPd60NdJddbUWv_jw==/split_config.mdpi.apk!/lib/arm64-v8a, /system/lib64, /system_ext/lib64]]"
},
{
    "type": "error",
    "extra": "hook all methods error",
    "package_name": "com.feels",
    "class_name": "com.google.android.gms.ads.admanager.AdManagerAdRequest",
    "error": "Error: java.lang.ClassNotFoundException: Didn't find class \"com.google.android.gms.ads.admanager.AdManagerAdRequest\" on path: DexPathList[[zip file \"/data/app/~~mod7R8gax5NFnr6WGLxbCA==/com.feels-twVZykPd60NdJddbUWv_jw==/base.apk\", zip file \"/data/app/~~mod7R8gax5NFnr6WGLxbCA==/com.feels-twVZykPd60NdJddbUWv_jw==/split_config.arm64_v8a.apk\", zip file \"/data/app/~~mod7R8gax5NFnr6WGLxbCA==/com.feels-twVZykPd60NdJddbUWv_jw==/split_config.en.apk\", zip file \"/data/app/~~mod7R8gax5NFnr6WGLxbCA==/com.feels-twVZykPd60NdJddbUWv_jw==/split_config.mdpi.apk\"],nativeLibraryDirectories=[/data/app/~~mod7R8gax5NFnr6WGLxbCA==/com.feels-twVZykPd60NdJddbUWv_jw==/lib/arm64, /data/app/~~mod7R8gax5NFnr6WGLxbCA==/com.feels-twVZykPd60NdJddbUWv_jw==/base.apk!/lib/arm64-v8a, /data/app/~~mod7R8gax5NFnr6WGLxbCA==/com.feels-twVZykPd60NdJddbUWv_jw==/split_config.arm64_v8a.apk!/lib/arm64-v8a, /data/app/~~mod7R8gax5NFnr6WGLxbCA==/com.feels-twVZykPd60NdJddbUWv_jw==/split_config.en.apk!/lib/arm64-v8a, /data/app/~~mod7R8gax5NFnr6WGLxbCA==/com.feels-twVZykPd60NdJddbUWv_jw==/split_config.mdpi.apk!/lib/arm64-v8a, /system/lib64, /system_ext/lib64]]"
},
{
    "type": "error",
    "extra": "hook all methods error",
    "package_name": "com.feels",
    "class_name": "com.vpon.ads.VponMobileAds",
    "error": "Error: java.lang.ClassNotFoundException: Didn't find class \"com.vpon.ads.VponMobileAds\" on path: DexPathList[[zip file \"/data/app/~~mod7R8gax5NFnr6WGLxbCA==/com.feels-twVZykPd60NdJddbUWv_jw==/base.apk\", zip file \"/data/app/~~mod7R8gax5NFnr6WGLxbCA==/com.feels-twVZykPd60NdJddbUWv_jw==/split_config.arm64_v8a.apk\", zip file \"/data/app/~~mod7R8gax5NFnr6WGLxbCA==/com.feels-twVZykPd60NdJddbUWv_jw==/split_config.en.apk\", zip file \"/data/app/~~mod7R8gax5NFnr6WGLxbCA==/com.feels-twVZykPd60NdJddbUWv_jw==/split_config.mdpi.apk\"],nativeLibraryDirectories=[/data/app/~~mod7R8gax5NFnr6WGLxbCA==/com.feels-twVZykPd60NdJddbUWv_jw==/lib/arm64, /data/app/~~mod7R8gax5NFnr6WGLxbCA==/com.feels-twVZykPd60NdJddbUWv_jw==/base.apk!/lib/arm64-v8a, /data/app/~~mod7R8gax5NFnr6WGLxbCA==/com.feels-twVZykPd60NdJddbUWv_jw==/split_config.arm64_v8a.apk!/lib/arm64-v8a, /data/app/~~mod7R8gax5NFnr6WGLxbCA==/com.feels-twVZykPd60NdJddbUWv_jw==/split_config.en.apk!/lib/arm64-v8a, /data/app/~~mod7R8gax5NFnr6WGLxbCA==/com.feels-twVZykPd60NdJddbUWv_jw==/split_config.mdpi.apk!/lib/arm64-v8a, /system/lib64, /system_ext/lib64]]"
},
{
    "type": "error",
    "extra": "hook all methods error",
    "package_name": "com.feels",
    "class_name": "com.vungle.ads.VunglePrivacySettings",
    "error": "Error: java.lang.ClassNotFoundException: Didn't find class \"com.vungle.ads.VunglePrivacySettings\" on path: DexPathList[[zip file \"/data/app/~~mod7R8gax5NFnr6WGLxbCA==/com.feels-twVZykPd60NdJddbUWv_jw==/base.apk\", zip file \"/data/app/~~mod7R8gax5NFnr6WGLxbCA==/com.feels-twVZykPd60NdJddbUWv_jw==/split_config.arm64_v8a.apk\", zip file \"/data/app/~~mod7R8gax5NFnr6WGLxbCA==/com.feels-twVZykPd60NdJddbUWv_jw==/split_config.en.apk\", zip file \"/data/app/~~mod7R8gax5NFnr6WGLxbCA==/com.feels-twVZykPd60NdJddbUWv_jw==/split_config.mdpi.apk\"],nativeLibraryDirectories=[/data/app/~~mod7R8gax5NFnr6WGLxbCA==/com.feels-twVZykPd60NdJddbUWv_jw==/lib/arm64, /data/app/~~mod7R8gax5NFnr6WGLxbCA==/com.feels-twVZykPd60NdJddbUWv_jw==/base.apk!/lib/arm64-v8a, /data/app/~~mod7R8gax5NFnr6WGLxbCA==/com.feels-twVZykPd60NdJddbUWv_jw==/split_config.arm64_v8a.apk!/lib/arm64-v8a, /data/app/~~mod7R8gax5NFnr6WGLxbCA==/com.feels-twVZykPd60NdJddbUWv_jw==/split_config.en.apk!/lib/arm64-v8a, /data/app/~~mod7R8gax5NFnr6WGLxbCA==/com.feels-twVZykPd60NdJddbUWv_jw==/split_config.mdpi.apk!/lib/arm64-v8a, /system/lib64, /system_ext/lib64]]"
},
{
    "type": "error",
    "extra": "hook all methods error",
    "package_name": "com.feels",
    "class_name": "com.taboola.android.TaboolaWidget",
    "error": "Error: java.lang.ClassNotFoundException: Didn't find class \"com.taboola.android.TaboolaWidget\" on path: DexPathList[[zip file \"/data/app/~~mod7R8gax5NFnr6WGLxbCA==/com.feels-twVZykPd60NdJddbUWv_jw==/base.apk\", zip file \"/data/app/~~mod7R8gax5NFnr6WGLxbCA==/com.feels-twVZykPd60NdJddbUWv_jw==/split_config.arm64_v8a.apk\", zip file \"/data/app/~~mod7R8gax5NFnr6WGLxbCA==/com.feels-twVZykPd60NdJddbUWv_jw==/split_config.en.apk\", zip file \"/data/app/~~mod7R8gax5NFnr6WGLxbCA==/com.feels-twVZykPd60NdJddbUWv_jw==/split_config.mdpi.apk\"],nativeLibraryDirectories=[/data/app/~~mod7R8gax5NFnr6WGLxbCA==/com.feels-twVZykPd60NdJddbUWv_jw==/lib/arm64, /data/app/~~mod7R8gax5NFnr6WGLxbCA==/com.feels-twVZykPd60NdJddbUWv_jw==/base.apk!/lib/arm64-v8a, /data/app/~~mod7R8gax5NFnr6WGLxbCA==/com.feels-twVZykPd60NdJddbUWv_jw==/split_config.arm64_v8a.apk!/lib/arm64-v8a, /data/app/~~mod7R8gax5NFnr6WGLxbCA==/com.feels-twVZykPd60NdJddbUWv_jw==/split_config.en.apk!/lib/arm64-v8a, /data/app/~~mod7R8gax5NFnr6WGLxbCA==/com.feels-twVZykPd60NdJddbUWv_jw==/split_config.mdpi.apk!/lib/arm64-v8a, /system/lib64, /system_ext/lib64]]"
},
{
    "type": "error",
    "extra": "hook all methods error",
    "package_name": "com.feels",
    "class_name": "com.criteo.publisher.advancednative.CriteoNativeLoader",
    "error": "Error: java.lang.ClassNotFoundException: Didn't find class \"com.criteo.publisher.advancednative.CriteoNativeLoader\" on path: DexPathList[[zip file \"/data/app/~~mod7R8gax5NFnr6WGLxbCA==/com.feels-twVZykPd60NdJddbUWv_jw==/base.apk\", zip file \"/data/app/~~mod7R8gax5NFnr6WGLxbCA==/com.feels-twVZykPd60NdJddbUWv_jw==/split_config.arm64_v8a.apk\", zip file \"/data/app/~~mod7R8gax5NFnr6WGLxbCA==/com.feels-twVZykPd60NdJddbUWv_jw==/split_config.en.apk\", zip file \"/data/app/~~mod7R8gax5NFnr6WGLxbCA==/com.feels-twVZykPd60NdJddbUWv_jw==/split_config.mdpi.apk\"],nativeLibraryDirectories=[/data/app/~~mod7R8gax5NFnr6WGLxbCA==/com.feels-twVZykPd60NdJddbUWv_jw==/lib/arm64, /data/app/~~mod7R8gax5NFnr6WGLxbCA==/com.feels-twVZykPd60NdJddbUWv_jw==/base.apk!/lib/arm64-v8a, /data/app/~~mod7R8gax5NFnr6WGLxbCA==/com.feels-twVZykPd60NdJddbUWv_jw==/split_config.arm64_v8a.apk!/lib/arm64-v8a, /data/app/~~mod7R8gax5NFnr6WGLxbCA==/com.feels-twVZykPd60NdJddbUWv_jw==/split_config.en.apk!/lib/arm64-v8a, /data/app/~~mod7R8gax5NFnr6WGLxbCA==/com.feels-twVZykPd60NdJddbUWv_jw==/split_config.mdpi.apk!/lib/arm64-v8a, /system/lib64, /system_ext/lib64]]"
},
{
    "type": "error",
    "extra": "hook all methods error",
    "package_name": "com.feels",
    "class_name": "com.smaato.soma.VideoBannerView",
    "error": "Error: java.lang.ClassNotFoundException: Didn't find class \"com.smaato.soma.VideoBannerView\" on path: DexPathList[[zip file \"/data/app/~~mod7R8gax5NFnr6WGLxbCA==/com.feels-twVZykPd60NdJddbUWv_jw==/base.apk\", zip file \"/data/app/~~mod7R8gax5NFnr6WGLxbCA==/com.feels-twVZykPd60NdJddbUWv_jw==/split_config.arm64_v8a.apk\", zip file \"/data/app/~~mod7R8gax5NFnr6WGLxbCA==/com.feels-twVZykPd60NdJddbUWv_jw==/split_config.en.apk\", zip file \"/data/app/~~mod7R8gax5NFnr6WGLxbCA==/com.feels-twVZykPd60NdJddbUWv_jw==/split_config.mdpi.apk\"],nativeLibraryDirectories=[/data/app/~~mod7R8gax5NFnr6WGLxbCA==/com.feels-twVZykPd60NdJddbUWv_jw==/lib/arm64, /data/app/~~mod7R8gax5NFnr6WGLxbCA==/com.feels-twVZykPd60NdJddbUWv_jw==/base.apk!/lib/arm64-v8a, /data/app/~~mod7R8gax5NFnr6WGLxbCA==/com.feels-twVZykPd60NdJddbUWv_jw==/split_config.arm64_v8a.apk!/lib/arm64-v8a, /data/app/~~mod7R8gax5NFnr6WGLxbCA==/com.feels-twVZykPd60NdJddbUWv_jw==/split_config.en.apk!/lib/arm64-v8a, /data/app/~~mod7R8gax5NFnr6WGLxbCA==/com.feels-twVZykPd60NdJddbUWv_jw==/split_config.mdpi.apk!/lib/arm64-v8a, /system/lib64, /system_ext/lib64]]"
},
{
    "type": "error",
    "extra": "hook all methods error",
    "package_name": "com.feels",
    "class_name": "com.adxcorp.ads.ADXSdk",
    "error": "Error: java.lang.ClassNotFoundException: Didn't find class \"com.adxcorp.ads.ADXSdk\" on path: DexPathList[[zip file \"/data/app/~~mod7R8gax5NFnr6WGLxbCA==/com.feels-twVZykPd60NdJddbUWv_jw==/base.apk\", zip file \"/data/app/~~mod7R8gax5NFnr6WGLxbCA==/com.feels-twVZykPd60NdJddbUWv_jw==/split_config.arm64_v8a.apk\", zip file \"/data/app/~~mod7R8gax5NFnr6WGLxbCA==/com.feels-twVZykPd60NdJddbUWv_jw==/split_config.en.apk\", zip file \"/data/app/~~mod7R8gax5NFnr6WGLxbCA==/com.feels-twVZykPd60NdJddbUWv_jw==/split_config.mdpi.apk\"],nativeLibraryDirectories=[/data/app/~~mod7R8gax5NFnr6WGLxbCA==/com.feels-twVZykPd60NdJddbUWv_jw==/lib/arm64, /data/app/~~mod7R8gax5NFnr6WGLxbCA==/com.feels-twVZykPd60NdJddbUWv_jw==/base.apk!/lib/arm64-v8a, /data/app/~~mod7R8gax5NFnr6WGLxbCA==/com.feels-twVZykPd60NdJddbUWv_jw==/split_config.arm64_v8a.apk!/lib/arm64-v8a, /data/app/~~mod7R8gax5NFnr6WGLxbCA==/com.feels-twVZykPd60NdJddbUWv_jw==/split_config.en.apk!/lib/arm64-v8a, /data/app/~~mod7R8gax5NFnr6WGLxbCA==/com.feels-twVZykPd60NdJddbUWv_jw==/split_config.mdpi.apk!/lib/arm64-v8a, /system/lib64, /system_ext/lib64]]"
},
{
    "type": "error",
    "extra": "hook all methods error",
    "package_name": "com.feels",
    "class_name": "com.taboola.android.Taboola",
    "error": "Error: java.lang.ClassNotFoundException: Didn't find class \"com.taboola.android.Taboola\" on path: DexPathList[[zip file \"/data/app/~~mod7R8gax5NFnr6WGLxbCA==/com.feels-twVZykPd60NdJddbUWv_jw==/base.apk\", zip file \"/data/app/~~mod7R8gax5NFnr6WGLxbCA==/com.feels-twVZykPd60NdJddbUWv_jw==/split_config.arm64_v8a.apk\", zip file \"/data/app/~~mod7R8gax5NFnr6WGLxbCA==/com.feels-twVZykPd60NdJddbUWv_jw==/split_config.en.apk\", zip file \"/data/app/~~mod7R8gax5NFnr6WGLxbCA==/com.feels-twVZykPd60NdJddbUWv_jw==/split_config.mdpi.apk\"],nativeLibraryDirectories=[/data/app/~~mod7R8gax5NFnr6WGLxbCA==/com.feels-twVZykPd60NdJddbUWv_jw==/lib/arm64, /data/app/~~mod7R8gax5NFnr6WGLxbCA==/com.feels-twVZykPd60NdJddbUWv_jw==/base.apk!/lib/arm64-v8a, /data/app/~~mod7R8gax5NFnr6WGLxbCA==/com.feels-twVZykPd60NdJddbUWv_jw==/split_config.arm64_v8a.apk!/lib/arm64-v8a, /data/app/~~mod7R8gax5NFnr6WGLxbCA==/com.feels-twVZykPd60NdJddbUWv_jw==/split_config.en.apk!/lib/arm64-v8a, /data/app/~~mod7R8gax5NFnr6WGLxbCA==/com.feels-twVZykPd60NdJddbUWv_jw==/split_config.mdpi.apk!/lib/arm64-v8a, /system/lib64, /system_ext/lib64]]"
},
{
    "type": "error",
    "extra": "hook all methods error",
    "package_name": "com.feels",
    "class_name": "com.vungle.ads.InterstitialAd",
    "error": "Error: java.lang.ClassNotFoundException: Didn't find class \"com.vungle.ads.InterstitialAd\" on path: DexPathList[[zip file \"/data/app/~~mod7R8gax5NFnr6WGLxbCA==/com.feels-twVZykPd60NdJddbUWv_jw==/base.apk\", zip file \"/data/app/~~mod7R8gax5NFnr6WGLxbCA==/com.feels-twVZykPd60NdJddbUWv_jw==/split_config.arm64_v8a.apk\", zip file \"/data/app/~~mod7R8gax5NFnr6WGLxbCA==/com.feels-twVZykPd60NdJddbUWv_jw==/split_config.en.apk\", zip file \"/data/app/~~mod7R8gax5NFnr6WGLxbCA==/com.feels-twVZykPd60NdJddbUWv_jw==/split_config.mdpi.apk\"],nativeLibraryDirectories=[/data/app/~~mod7R8gax5NFnr6WGLxbCA==/com.feels-twVZykPd60NdJddbUWv_jw==/lib/arm64, /data/app/~~mod7R8gax5NFnr6WGLxbCA==/com.feels-twVZykPd60NdJddbUWv_jw==/base.apk!/lib/arm64-v8a, /data/app/~~mod7R8gax5NFnr6WGLxbCA==/com.feels-twVZykPd60NdJddbUWv_jw==/split_config.arm64_v8a.apk!/lib/arm64-v8a, /data/app/~~mod7R8gax5NFnr6WGLxbCA==/com.feels-twVZykPd60NdJddbUWv_jw==/split_config.en.apk!/lib/arm64-v8a, /data/app/~~mod7R8gax5NFnr6WGLxbCA==/com.feels-twVZykPd60NdJddbUWv_jw==/split_config.mdpi.apk!/lib/arm64-v8a, /system/lib64, /system_ext/lib64]]"
},
{
    "type": "error",
    "extra": "hook all methods error",
    "package_name": "com.feels",
    "class_name": "com.vpon.ads.VponBanner",
    "error": "Error: java.lang.ClassNotFoundException: Didn't find class \"com.vpon.ads.VponBanner\" on path: DexPathList[[zip file \"/data/app/~~mod7R8gax5NFnr6WGLxbCA==/com.feels-twVZykPd60NdJddbUWv_jw==/base.apk\", zip file \"/data/app/~~mod7R8gax5NFnr6WGLxbCA==/com.feels-twVZykPd60NdJddbUWv_jw==/split_config.arm64_v8a.apk\", zip file \"/data/app/~~mod7R8gax5NFnr6WGLxbCA==/com.feels-twVZykPd60NdJddbUWv_jw==/split_config.en.apk\", zip file \"/data/app/~~mod7R8gax5NFnr6WGLxbCA==/com.feels-twVZykPd60NdJddbUWv_jw==/split_config.mdpi.apk\"],nativeLibraryDirectories=[/data/app/~~mod7R8gax5NFnr6WGLxbCA==/com.feels-twVZykPd60NdJddbUWv_jw==/lib/arm64, /data/app/~~mod7R8gax5NFnr6WGLxbCA==/com.feels-twVZykPd60NdJddbUWv_jw==/base.apk!/lib/arm64-v8a, /data/app/~~mod7R8gax5NFnr6WGLxbCA==/com.feels-twVZykPd60NdJddbUWv_jw==/split_config.arm64_v8a.apk!/lib/arm64-v8a, /data/app/~~mod7R8gax5NFnr6WGLxbCA==/com.feels-twVZykPd60NdJddbUWv_jw==/split_config.en.apk!/lib/arm64-v8a, /data/app/~~mod7R8gax5NFnr6WGLxbCA==/com.feels-twVZykPd60NdJddbUWv_jw==/split_config.mdpi.apk!/lib/arm64-v8a, /system/lib64, /system_ext/lib64]]"
},
{
    "type": "error",
    "extra": "hook all methods error",
    "package_name": "com.feels",
    "class_name": "com.ogury.ed.OguryBannerAdView",
    "error": "Error: java.lang.ClassNotFoundException: Didn't find class \"com.ogury.ed.OguryBannerAdView\" on path: DexPathList[[zip file \"/data/app/~~mod7R8gax5NFnr6WGLxbCA==/com.feels-twVZykPd60NdJddbUWv_jw==/base.apk\", zip file \"/data/app/~~mod7R8gax5NFnr6WGLxbCA==/com.feels-twVZykPd60NdJddbUWv_jw==/split_config.arm64_v8a.apk\", zip file \"/data/app/~~mod7R8gax5NFnr6WGLxbCA==/com.feels-twVZykPd60NdJddbUWv_jw==/split_config.en.apk\", zip file \"/data/app/~~mod7R8gax5NFnr6WGLxbCA==/com.feels-twVZykPd60NdJddbUWv_jw==/split_config.mdpi.apk\"],nativeLibraryDirectories=[/data/app/~~mod7R8gax5NFnr6WGLxbCA==/com.feels-twVZykPd60NdJddbUWv_jw==/lib/arm64, /data/app/~~mod7R8gax5NFnr6WGLxbCA==/com.feels-twVZykPd60NdJddbUWv_jw==/base.apk!/lib/arm64-v8a, /data/app/~~mod7R8gax5NFnr6WGLxbCA==/com.feels-twVZykPd60NdJddbUWv_jw==/split_config.arm64_v8a.apk!/lib/arm64-v8a, /data/app/~~mod7R8gax5NFnr6WGLxbCA==/com.feels-twVZykPd60NdJddbUWv_jw==/split_config.en.apk!/lib/arm64-v8a, /data/app/~~mod7R8gax5NFnr6WGLxbCA==/com.feels-twVZykPd60NdJddbUWv_jw==/split_config.mdpi.apk!/lib/arm64-v8a, /system/lib64, /system_ext/lib64]]"
},
{
    "type": "error",
    "extra": "hook all methods error",
    "package_name": "com.feels",
    "class_name": "com.criteo.Criteo$Builder",
    "error": "Error: java.lang.ClassNotFoundException: Didn't find class \"com.criteo.Criteo$Builder\" on path: DexPathList[[zip file \"/data/app/~~mod7R8gax5NFnr6WGLxbCA==/com.feels-twVZykPd60NdJddbUWv_jw==/base.apk\", zip file \"/data/app/~~mod7R8gax5NFnr6WGLxbCA==/com.feels-twVZykPd60NdJddbUWv_jw==/split_config.arm64_v8a.apk\", zip file \"/data/app/~~mod7R8gax5NFnr6WGLxbCA==/com.feels-twVZykPd60NdJddbUWv_jw==/split_config.en.apk\", zip file \"/data/app/~~mod7R8gax5NFnr6WGLxbCA==/com.feels-twVZykPd60NdJddbUWv_jw==/split_config.mdpi.apk\"],nativeLibraryDirectories=[/data/app/~~mod7R8gax5NFnr6WGLxbCA==/com.feels-twVZykPd60NdJddbUWv_jw==/lib/arm64, /data/app/~~mod7R8gax5NFnr6WGLxbCA==/com.feels-twVZykPd60NdJddbUWv_jw==/base.apk!/lib/arm64-v8a, /data/app/~~mod7R8gax5NFnr6WGLxbCA==/com.feels-twVZykPd60NdJddbUWv_jw==/split_config.arm64_v8a.apk!/lib/arm64-v8a, /data/app/~~mod7R8gax5NFnr6WGLxbCA==/com.feels-twVZykPd60NdJddbUWv_jw==/split_config.en.apk!/lib/arm64-v8a, /data/app/~~mod7R8gax5NFnr6WGLxbCA==/com.feels-twVZykPd60NdJddbUWv_jw==/split_config.mdpi.apk!/lib/arm64-v8a, /system/lib64, /system_ext/lib64]]"
},
{
    "type": "error",
    "extra": "hook all methods error",
    "package_name": "com.feels",
    "class_name": "sg.bigo.ads.api.NativeAdLoader",
    "error": "Error: java.lang.ClassNotFoundException: Didn't find class \"sg.bigo.ads.api.NativeAdLoader\" on path: DexPathList[[zip file \"/data/app/~~mod7R8gax5NFnr6WGLxbCA==/com.feels-twVZykPd60NdJddbUWv_jw==/base.apk\", zip file \"/data/app/~~mod7R8gax5NFnr6WGLxbCA==/com.feels-twVZykPd60NdJddbUWv_jw==/split_config.arm64_v8a.apk\", zip file \"/data/app/~~mod7R8gax5NFnr6WGLxbCA==/com.feels-twVZykPd60NdJddbUWv_jw==/split_config.en.apk\", zip file \"/data/app/~~mod7R8gax5NFnr6WGLxbCA==/com.feels-twVZykPd60NdJddbUWv_jw==/split_config.mdpi.apk\"],nativeLibraryDirectories=[/data/app/~~mod7R8gax5NFnr6WGLxbCA==/com.feels-twVZykPd60NdJddbUWv_jw==/lib/arm64, /data/app/~~mod7R8gax5NFnr6WGLxbCA==/com.feels-twVZykPd60NdJddbUWv_jw==/base.apk!/lib/arm64-v8a, /data/app/~~mod7R8gax5NFnr6WGLxbCA==/com.feels-twVZykPd60NdJddbUWv_jw==/split_config.arm64_v8a.apk!/lib/arm64-v8a, /data/app/~~mod7R8gax5NFnr6WGLxbCA==/com.feels-twVZykPd60NdJddbUWv_jw==/split_config.en.apk!/lib/arm64-v8a, /data/app/~~mod7R8gax5NFnr6WGLxbCA==/com.feels-twVZykPd60NdJddbUWv_jw==/split_config.mdpi.apk!/lib/arm64-v8a, /system/lib64, /system_ext/lib64]]"
},
{
    "type": "error",
    "extra": "hook all methods error",
    "package_name": "com.feels",
    "class_name": "com.flurry.android.ads.FlurryAdBanner",
    "error": "Error: java.lang.ClassNotFoundException: Didn't find class \"com.flurry.android.ads.FlurryAdBanner\" on path: DexPathList[[zip file \"/data/app/~~mod7R8gax5NFnr6WGLxbCA==/com.feels-twVZykPd60NdJddbUWv_jw==/base.apk\", zip file \"/data/app/~~mod7R8gax5NFnr6WGLxbCA==/com.feels-twVZykPd60NdJddbUWv_jw==/split_config.arm64_v8a.apk\", zip file \"/data/app/~~mod7R8gax5NFnr6WGLxbCA==/com.feels-twVZykPd60NdJddbUWv_jw==/split_config.en.apk\", zip file \"/data/app/~~mod7R8gax5NFnr6WGLxbCA==/com.feels-twVZykPd60NdJddbUWv_jw==/split_config.mdpi.apk\"],nativeLibraryDirectories=[/data/app/~~mod7R8gax5NFnr6WGLxbCA==/com.feels-twVZykPd60NdJddbUWv_jw==/lib/arm64, /data/app/~~mod7R8gax5NFnr6WGLxbCA==/com.feels-twVZykPd60NdJddbUWv_jw==/base.apk!/lib/arm64-v8a, /data/app/~~mod7R8gax5NFnr6WGLxbCA==/com.feels-twVZykPd60NdJddbUWv_jw==/split_config.arm64_v8a.apk!/lib/arm64-v8a, /data/app/~~mod7R8gax5NFnr6WGLxbCA==/com.feels-twVZykPd60NdJddbUWv_jw==/split_config.en.apk!/lib/arm64-v8a, /data/app/~~mod7R8gax5NFnr6WGLxbCA==/com.feels-twVZykPd60NdJddbUWv_jw==/split_config.mdpi.apk!/lib/arm64-v8a, /system/lib64, /system_ext/lib64]]"
},
{
    "type": "error",
    "extra": "hook all methods error",
    "package_name": "com.feels",
    "class_name": "com.prodege.builder.InitOptions$Builder",
    "error": "Error: java.lang.ClassNotFoundException: Didn't find class \"com.prodege.builder.InitOptions$Builder\" on path: DexPathList[[zip file \"/data/app/~~mod7R8gax5NFnr6WGLxbCA==/com.feels-twVZykPd60NdJddbUWv_jw==/base.apk\", zip file \"/data/app/~~mod7R8gax5NFnr6WGLxbCA==/com.feels-twVZykPd60NdJddbUWv_jw==/split_config.arm64_v8a.apk\", zip file \"/data/app/~~mod7R8gax5NFnr6WGLxbCA==/com.feels-twVZykPd60NdJddbUWv_jw==/split_config.en.apk\", zip file \"/data/app/~~mod7R8gax5NFnr6WGLxbCA==/com.feels-twVZykPd60NdJddbUWv_jw==/split_config.mdpi.apk\"],nativeLibraryDirectories=[/data/app/~~mod7R8gax5NFnr6WGLxbCA==/com.feels-twVZykPd60NdJddbUWv_jw==/lib/arm64, /data/app/~~mod7R8gax5NFnr6WGLxbCA==/com.feels-twVZykPd60NdJddbUWv_jw==/base.apk!/lib/arm64-v8a, /data/app/~~mod7R8gax5NFnr6WGLxbCA==/com.feels-twVZykPd60NdJddbUWv_jw==/split_config.arm64_v8a.apk!/lib/arm64-v8a, /data/app/~~mod7R8gax5NFnr6WGLxbCA==/com.feels-twVZykPd60NdJddbUWv_jw==/split_config.en.apk!/lib/arm64-v8a, /data/app/~~mod7R8gax5NFnr6WGLxbCA==/com.feels-twVZykPd60NdJddbUWv_jw==/split_config.mdpi.apk!/lib/arm64-v8a, /system/lib64, /system_ext/lib64]]"
},
{
    "type": "error",
    "extra": "hook all methods error",
    "package_name": "com.feels",
    "class_name": "com.prodege.builder.InitOptions",
    "error": "Error: java.lang.ClassNotFoundException: Didn't find class \"com.prodege.builder.InitOptions\" on path: DexPathList[[zip file \"/data/app/~~mod7R8gax5NFnr6WGLxbCA==/com.feels-twVZykPd60NdJddbUWv_jw==/base.apk\", zip file \"/data/app/~~mod7R8gax5NFnr6WGLxbCA==/com.feels-twVZykPd60NdJddbUWv_jw==/split_config.arm64_v8a.apk\", zip file \"/data/app/~~mod7R8gax5NFnr6WGLxbCA==/com.feels-twVZykPd60NdJddbUWv_jw==/split_config.en.apk\", zip file \"/data/app/~~mod7R8gax5NFnr6WGLxbCA==/com.feels-twVZykPd60NdJddbUWv_jw==/split_config.mdpi.apk\"],nativeLibraryDirectories=[/data/app/~~mod7R8gax5NFnr6WGLxbCA==/com.feels-twVZykPd60NdJddbUWv_jw==/lib/arm64, /data/app/~~mod7R8gax5NFnr6WGLxbCA==/com.feels-twVZykPd60NdJddbUWv_jw==/base.apk!/lib/arm64-v8a, /data/app/~~mod7R8gax5NFnr6WGLxbCA==/com.feels-twVZykPd60NdJddbUWv_jw==/split_config.arm64_v8a.apk!/lib/arm64-v8a, /data/app/~~mod7R8gax5NFnr6WGLxbCA==/com.feels-twVZykPd60NdJddbUWv_jw==/split_config.en.apk!/lib/arm64-v8a, /data/app/~~mod7R8gax5NFnr6WGLxbCA==/com.feels-twVZykPd60NdJddbUWv_jw==/split_config.mdpi.apk!/lib/arm64-v8a, /system/lib64, /system_ext/lib64]]"
},
{
    "type": "error",
    "extra": "hook all methods error",
    "package_name": "com.feels",
    "class_name": "com.bytedance.sdk.openadsdk.api.open.PAGAppOpenAd",
    "error": "Error: java.lang.ClassNotFoundException: Didn't find class \"com.bytedance.sdk.openadsdk.api.open.PAGAppOpenAd\" on path: DexPathList[[zip file \"/data/app/~~mod7R8gax5NFnr6WGLxbCA==/com.feels-twVZykPd60NdJddbUWv_jw==/base.apk\", zip file \"/data/app/~~mod7R8gax5NFnr6WGLxbCA==/com.feels-twVZykPd60NdJddbUWv_jw==/split_config.arm64_v8a.apk\", zip file \"/data/app/~~mod7R8gax5NFnr6WGLxbCA==/com.feels-twVZykPd60NdJddbUWv_jw==/split_config.en.apk\", zip file \"/data/app/~~mod7R8gax5NFnr6WGLxbCA==/com.feels-twVZykPd60NdJddbUWv_jw==/split_config.mdpi.apk\"],nativeLibraryDirectories=[/data/app/~~mod7R8gax5NFnr6WGLxbCA==/com.feels-twVZykPd60NdJddbUWv_jw==/lib/arm64, /data/app/~~mod7R8gax5NFnr6WGLxbCA==/com.feels-twVZykPd60NdJddbUWv_jw==/base.apk!/lib/arm64-v8a, /data/app/~~mod7R8gax5NFnr6WGLxbCA==/com.feels-twVZykPd60NdJddbUWv_jw==/split_config.arm64_v8a.apk!/lib/arm64-v8a, /data/app/~~mod7R8gax5NFnr6WGLxbCA==/com.feels-twVZykPd60NdJddbUWv_jw==/split_config.en.apk!/lib/arm64-v8a, /data/app/~~mod7R8gax5NFnr6WGLxbCA==/com.feels-twVZykPd60NdJddbUWv_jw==/split_config.mdpi.apk!/lib/arm64-v8a, /system/lib64, /system_ext/lib64]]"
},
{
    "type": "error",
    "extra": "hook all methods error",
    "package_name": "com.feels",
    "class_name": "com.appodeal.consent.ConsentForm",
    "error": "Error: java.lang.ClassNotFoundException: Didn't find class \"com.appodeal.consent.ConsentForm\" on path: DexPathList[[zip file \"/data/app/~~mod7R8gax5NFnr6WGLxbCA==/com.feels-twVZykPd60NdJddbUWv_jw==/base.apk\", zip file \"/data/app/~~mod7R8gax5NFnr6WGLxbCA==/com.feels-twVZykPd60NdJddbUWv_jw==/split_config.arm64_v8a.apk\", zip file \"/data/app/~~mod7R8gax5NFnr6WGLxbCA==/com.feels-twVZykPd60NdJddbUWv_jw==/split_config.en.apk\", zip file \"/data/app/~~mod7R8gax5NFnr6WGLxbCA==/com.feels-twVZykPd60NdJddbUWv_jw==/split_config.mdpi.apk\"],nativeLibraryDirectories=[/data/app/~~mod7R8gax5NFnr6WGLxbCA==/com.feels-twVZykPd60NdJddbUWv_jw==/lib/arm64, /data/app/~~mod7R8gax5NFnr6WGLxbCA==/com.feels-twVZykPd60NdJddbUWv_jw==/base.apk!/lib/arm64-v8a, /data/app/~~mod7R8gax5NFnr6WGLxbCA==/com.feels-twVZykPd60NdJddbUWv_jw==/split_config.arm64_v8a.apk!/lib/arm64-v8a, /data/app/~~mod7R8gax5NFnr6WGLxbCA==/com.feels-twVZykPd60NdJddbUWv_jw==/split_config.en.apk!/lib/arm64-v8a, /data/app/~~mod7R8gax5NFnr6WGLxbCA==/com.feels-twVZykPd60NdJddbUWv_jw==/split_config.mdpi.apk!/lib/arm64-v8a, /system/lib64, /system_ext/lib64]]"
},
{
    "type": "error",
    "extra": "hook all methods error",
    "package_name": "com.feels",
    "class_name": "com.my.target.ads.InterstitialAd",
    "error": "Error: java.lang.ClassNotFoundException: Didn't find class \"com.my.target.ads.InterstitialAd\" on path: DexPathList[[zip file \"/data/app/~~mod7R8gax5NFnr6WGLxbCA==/com.feels-twVZykPd60NdJddbUWv_jw==/base.apk\", zip file \"/data/app/~~mod7R8gax5NFnr6WGLxbCA==/com.feels-twVZykPd60NdJddbUWv_jw==/split_config.arm64_v8a.apk\", zip file \"/data/app/~~mod7R8gax5NFnr6WGLxbCA==/com.feels-twVZykPd60NdJddbUWv_jw==/split_config.en.apk\", zip file \"/data/app/~~mod7R8gax5NFnr6WGLxbCA==/com.feels-twVZykPd60NdJddbUWv_jw==/split_config.mdpi.apk\"],nativeLibraryDirectories=[/data/app/~~mod7R8gax5NFnr6WGLxbCA==/com.feels-twVZykPd60NdJddbUWv_jw==/lib/arm64, /data/app/~~mod7R8gax5NFnr6WGLxbCA==/com.feels-twVZykPd60NdJddbUWv_jw==/base.apk!/lib/arm64-v8a, /data/app/~~mod7R8gax5NFnr6WGLxbCA==/com.feels-twVZykPd60NdJddbUWv_jw==/split_config.arm64_v8a.apk!/lib/arm64-v8a, /data/app/~~mod7R8gax5NFnr6WGLxbCA==/com.feels-twVZykPd60NdJddbUWv_jw==/split_config.en.apk!/lib/arm64-v8a, /data/app/~~mod7R8gax5NFnr6WGLxbCA==/com.feels-twVZykPd60NdJddbUWv_jw==/split_config.mdpi.apk!/lib/arm64-v8a, /system/lib64, /system_ext/lib64]]"
},
{
    "type": "error",
    "extra": "hook all methods error",
    "package_name": "com.feels",
    "class_name": "com.google.android.gms.ads.AdRequest",
    "error": "Error: java.lang.ClassNotFoundException: Didn't find class \"com.google.android.gms.ads.AdRequest\" on path: DexPathList[[zip file \"/data/app/~~mod7R8gax5NFnr6WGLxbCA==/com.feels-twVZykPd60NdJddbUWv_jw==/base.apk\", zip file \"/data/app/~~mod7R8gax5NFnr6WGLxbCA==/com.feels-twVZykPd60NdJddbUWv_jw==/split_config.arm64_v8a.apk\", zip file \"/data/app/~~mod7R8gax5NFnr6WGLxbCA==/com.feels-twVZykPd60NdJddbUWv_jw==/split_config.en.apk\", zip file \"/data/app/~~mod7R8gax5NFnr6WGLxbCA==/com.feels-twVZykPd60NdJddbUWv_jw==/split_config.mdpi.apk\"],nativeLibraryDirectories=[/data/app/~~mod7R8gax5NFnr6WGLxbCA==/com.feels-twVZykPd60NdJddbUWv_jw==/lib/arm64, /data/app/~~mod7R8gax5NFnr6WGLxbCA==/com.feels-twVZykPd60NdJddbUWv_jw==/base.apk!/lib/arm64-v8a, /data/app/~~mod7R8gax5NFnr6WGLxbCA==/com.feels-twVZykPd60NdJddbUWv_jw==/split_config.arm64_v8a.apk!/lib/arm64-v8a, /data/app/~~mod7R8gax5NFnr6WGLxbCA==/com.feels-twVZykPd60NdJddbUWv_jw==/split_config.en.apk!/lib/arm64-v8a, /data/app/~~mod7R8gax5NFnr6WGLxbCA==/com.feels-twVZykPd60NdJddbUWv_jw==/split_config.mdpi.apk!/lib/arm64-v8a, /system/lib64, /system_ext/lib64]]"
},
{
    "type": "error",
    "extra": "hook all methods error",
    "package_name": "com.feels",
    "class_name": "com.fyber.inneractive.sdk.external.InneractiveAdManager",
    "error": "Error: java.lang.ClassNotFoundException: Didn't find class \"com.fyber.inneractive.sdk.external.InneractiveAdManager\" on path: DexPathList[[zip file \"/data/app/~~mod7R8gax5NFnr6WGLxbCA==/com.feels-twVZykPd60NdJddbUWv_jw==/base.apk\", zip file \"/data/app/~~mod7R8gax5NFnr6WGLxbCA==/com.feels-twVZykPd60NdJddbUWv_jw==/split_config.arm64_v8a.apk\", zip file \"/data/app/~~mod7R8gax5NFnr6WGLxbCA==/com.feels-twVZykPd60NdJddbUWv_jw==/split_config.en.apk\", zip file \"/data/app/~~mod7R8gax5NFnr6WGLxbCA==/com.feels-twVZykPd60NdJddbUWv_jw==/split_config.mdpi.apk\"],nativeLibraryDirectories=[/data/app/~~mod7R8gax5NFnr6WGLxbCA==/com.feels-twVZykPd60NdJddbUWv_jw==/lib/arm64, /data/app/~~mod7R8gax5NFnr6WGLxbCA==/com.feels-twVZykPd60NdJddbUWv_jw==/base.apk!/lib/arm64-v8a, /data/app/~~mod7R8gax5NFnr6WGLxbCA==/com.feels-twVZykPd60NdJddbUWv_jw==/split_config.arm64_v8a.apk!/lib/arm64-v8a, /data/app/~~mod7R8gax5NFnr6WGLxbCA==/com.feels-twVZykPd60NdJddbUWv_jw==/split_config.en.apk!/lib/arm64-v8a, /data/app/~~mod7R8gax5NFnr6WGLxbCA==/com.feels-twVZykPd60NdJddbUWv_jw==/split_config.mdpi.apk!/lib/arm64-v8a, /system/lib64, /system_ext/lib64]]"
},
{
    "type": "error",
    "extra": "hook all methods error",
    "package_name": "com.feels",
    "class_name": "com.microsoft.appcenter.AppCenter",
    "error": "Error: java.lang.ClassNotFoundException: Didn't find class \"com.microsoft.appcenter.AppCenter\" on path: DexPathList[[zip file \"/data/app/~~mod7R8gax5NFnr6WGLxbCA==/com.feels-twVZykPd60NdJddbUWv_jw==/base.apk\", zip file \"/data/app/~~mod7R8gax5NFnr6WGLxbCA==/com.feels-twVZykPd60NdJddbUWv_jw==/split_config.arm64_v8a.apk\", zip file \"/data/app/~~mod7R8gax5NFnr6WGLxbCA==/com.feels-twVZykPd60NdJddbUWv_jw==/split_config.en.apk\", zip file \"/data/app/~~mod7R8gax5NFnr6WGLxbCA==/com.feels-twVZykPd60NdJddbUWv_jw==/split_config.mdpi.apk\"],nativeLibraryDirectories=[/data/app/~~mod7R8gax5NFnr6WGLxbCA==/com.feels-twVZykPd60NdJddbUWv_jw==/lib/arm64, /data/app/~~mod7R8gax5NFnr6WGLxbCA==/com.feels-twVZykPd60NdJddbUWv_jw==/base.apk!/lib/arm64-v8a, /data/app/~~mod7R8gax5NFnr6WGLxbCA==/com.feels-twVZykPd60NdJddbUWv_jw==/split_config.arm64_v8a.apk!/lib/arm64-v8a, /data/app/~~mod7R8gax5NFnr6WGLxbCA==/com.feels-twVZykPd60NdJddbUWv_jw==/split_config.en.apk!/lib/arm64-v8a, /data/app/~~mod7R8gax5NFnr6WGLxbCA==/com.feels-twVZykPd60NdJddbUWv_jw==/split_config.mdpi.apk!/lib/arm64-v8a, /system/lib64, /system_ext/lib64]]"
},
{
    "type": "error",
    "extra": "hook all methods error",
    "package_name": "com.feels",
    "class_name": "com.unity3d.ads.metadata.MetaData",
    "error": "Error: java.lang.ClassNotFoundException: Didn't find class \"com.unity3d.ads.metadata.MetaData\" on path: DexPathList[[zip file \"/data/app/~~mod7R8gax5NFnr6WGLxbCA==/com.feels-twVZykPd60NdJddbUWv_jw==/base.apk\", zip file \"/data/app/~~mod7R8gax5NFnr6WGLxbCA==/com.feels-twVZykPd60NdJddbUWv_jw==/split_config.arm64_v8a.apk\", zip file \"/data/app/~~mod7R8gax5NFnr6WGLxbCA==/com.feels-twVZykPd60NdJddbUWv_jw==/split_config.en.apk\", zip file \"/data/app/~~mod7R8gax5NFnr6WGLxbCA==/com.feels-twVZykPd60NdJddbUWv_jw==/split_config.mdpi.apk\"],nativeLibraryDirectories=[/data/app/~~mod7R8gax5NFnr6WGLxbCA==/com.feels-twVZykPd60NdJddbUWv_jw==/lib/arm64, /data/app/~~mod7R8gax5NFnr6WGLxbCA==/com.feels-twVZykPd60NdJddbUWv_jw==/base.apk!/lib/arm64-v8a, /data/app/~~mod7R8gax5NFnr6WGLxbCA==/com.feels-twVZykPd60NdJddbUWv_jw==/split_config.arm64_v8a.apk!/lib/arm64-v8a, /data/app/~~mod7R8gax5NFnr6WGLxbCA==/com.feels-twVZykPd60NdJddbUWv_jw==/split_config.en.apk!/lib/arm64-v8a, /data/app/~~mod7R8gax5NFnr6WGLxbCA==/com.feels-twVZykPd60NdJddbUWv_jw==/split_config.mdpi.apk!/lib/arm64-v8a, /system/lib64, /system_ext/lib64]]"
},
{
    "type": "error",
    "extra": "hook all methods error",
    "package_name": "com.feels",
    "class_name": "com.youappi.sdk.ads.YAInterstitialAd",
    "error": "Error: java.lang.ClassNotFoundException: Didn't find class \"com.youappi.sdk.ads.YAInterstitialAd\" on path: DexPathList[[zip file \"/data/app/~~mod7R8gax5NFnr6WGLxbCA==/com.feels-twVZykPd60NdJddbUWv_jw==/base.apk\", zip file \"/data/app/~~mod7R8gax5NFnr6WGLxbCA==/com.feels-twVZykPd60NdJddbUWv_jw==/split_config.arm64_v8a.apk\", zip file \"/data/app/~~mod7R8gax5NFnr6WGLxbCA==/com.feels-twVZykPd60NdJddbUWv_jw==/split_config.en.apk\", zip file \"/data/app/~~mod7R8gax5NFnr6WGLxbCA==/com.feels-twVZykPd60NdJddbUWv_jw==/split_config.mdpi.apk\"],nativeLibraryDirectories=[/data/app/~~mod7R8gax5NFnr6WGLxbCA==/com.feels-twVZykPd60NdJddbUWv_jw==/lib/arm64, /data/app/~~mod7R8gax5NFnr6WGLxbCA==/com.feels-twVZykPd60NdJddbUWv_jw==/base.apk!/lib/arm64-v8a, /data/app/~~mod7R8gax5NFnr6WGLxbCA==/com.feels-twVZykPd60NdJddbUWv_jw==/split_config.arm64_v8a.apk!/lib/arm64-v8a, /data/app/~~mod7R8gax5NFnr6WGLxbCA==/com.feels-twVZykPd60NdJddbUWv_jw==/split_config.en.apk!/lib/arm64-v8a, /data/app/~~mod7R8gax5NFnr6WGLxbCA==/com.feels-twVZykPd60NdJddbUWv_jw==/split_config.mdpi.apk!/lib/arm64-v8a, /system/lib64, /system_ext/lib64]]"
},
{
    "type": "error",
    "extra": "hook all methods error",
    "package_name": "com.feels",
    "class_name": "com.bytedance.sdk.openadsdk.api.nativeAd.PAGNativeAd",
    "error": "Error: java.lang.ClassNotFoundException: Didn't find class \"com.bytedance.sdk.openadsdk.api.nativeAd.PAGNativeAd\" on path: DexPathList[[zip file \"/data/app/~~mod7R8gax5NFnr6WGLxbCA==/com.feels-twVZykPd60NdJddbUWv_jw==/base.apk\", zip file \"/data/app/~~mod7R8gax5NFnr6WGLxbCA==/com.feels-twVZykPd60NdJddbUWv_jw==/split_config.arm64_v8a.apk\", zip file \"/data/app/~~mod7R8gax5NFnr6WGLxbCA==/com.feels-twVZykPd60NdJddbUWv_jw==/split_config.en.apk\", zip file \"/data/app/~~mod7R8gax5NFnr6WGLxbCA==/com.feels-twVZykPd60NdJddbUWv_jw==/split_config.mdpi.apk\"],nativeLibraryDirectories=[/data/app/~~mod7R8gax5NFnr6WGLxbCA==/com.feels-twVZykPd60NdJddbUWv_jw==/lib/arm64, /data/app/~~mod7R8gax5NFnr6WGLxbCA==/com.feels-twVZykPd60NdJddbUWv_jw==/base.apk!/lib/arm64-v8a, /data/app/~~mod7R8gax5NFnr6WGLxbCA==/com.feels-twVZykPd60NdJddbUWv_jw==/split_config.arm64_v8a.apk!/lib/arm64-v8a, /data/app/~~mod7R8gax5NFnr6WGLxbCA==/com.feels-twVZykPd60NdJddbUWv_jw==/split_config.en.apk!/lib/arm64-v8a, /data/app/~~mod7R8gax5NFnr6WGLxbCA==/com.feels-twVZykPd60NdJddbUWv_jw==/split_config.mdpi.apk!/lib/arm64-v8a, /system/lib64, /system_ext/lib64]]"
},
{
    "type": "error",
    "extra": "hook all methods error",
    "package_name": "com.feels",
    "class_name": "com.fyber.fairbid.ads.Rewarded",
    "error": "Error: java.lang.ClassNotFoundException: Didn't find class \"com.fyber.fairbid.ads.Rewarded\" on path: DexPathList[[zip file \"/data/app/~~mod7R8gax5NFnr6WGLxbCA==/com.feels-twVZykPd60NdJddbUWv_jw==/base.apk\", zip file \"/data/app/~~mod7R8gax5NFnr6WGLxbCA==/com.feels-twVZykPd60NdJddbUWv_jw==/split_config.arm64_v8a.apk\", zip file \"/data/app/~~mod7R8gax5NFnr6WGLxbCA==/com.feels-twVZykPd60NdJddbUWv_jw==/split_config.en.apk\", zip file \"/data/app/~~mod7R8gax5NFnr6WGLxbCA==/com.feels-twVZykPd60NdJddbUWv_jw==/split_config.mdpi.apk\"],nativeLibraryDirectories=[/data/app/~~mod7R8gax5NFnr6WGLxbCA==/com.feels-twVZykPd60NdJddbUWv_jw==/lib/arm64, /data/app/~~mod7R8gax5NFnr6WGLxbCA==/com.feels-twVZykPd60NdJddbUWv_jw==/base.apk!/lib/arm64-v8a, /data/app/~~mod7R8gax5NFnr6WGLxbCA==/com.feels-twVZykPd60NdJddbUWv_jw==/split_config.arm64_v8a.apk!/lib/arm64-v8a, /data/app/~~mod7R8gax5NFnr6WGLxbCA==/com.feels-twVZykPd60NdJddbUWv_jw==/split_config.en.apk!/lib/arm64-v8a, /data/app/~~mod7R8gax5NFnr6WGLxbCA==/com.feels-twVZykPd60NdJddbUWv_jw==/split_config.mdpi.apk!/lib/arm64-v8a, /system/lib64, /system_ext/lib64]]"
},
{
    "type": "error",
    "extra": "hook all methods error",
    "package_name": "com.feels",
    "class_name": "com.google.android.gms.ads.RequestConfiguration$Builder",
    "error": "Error: java.lang.ClassNotFoundException: Didn't find class \"com.google.android.gms.ads.RequestConfiguration$Builder\" on path: DexPathList[[zip file \"/data/app/~~mod7R8gax5NFnr6WGLxbCA==/com.feels-twVZykPd60NdJddbUWv_jw==/base.apk\", zip file \"/data/app/~~mod7R8gax5NFnr6WGLxbCA==/com.feels-twVZykPd60NdJddbUWv_jw==/split_config.arm64_v8a.apk\", zip file \"/data/app/~~mod7R8gax5NFnr6WGLxbCA==/com.feels-twVZykPd60NdJddbUWv_jw==/split_config.en.apk\", zip file \"/data/app/~~mod7R8gax5NFnr6WGLxbCA==/com.feels-twVZykPd60NdJddbUWv_jw==/split_config.mdpi.apk\"],nativeLibraryDirectories=[/data/app/~~mod7R8gax5NFnr6WGLxbCA==/com.feels-twVZykPd60NdJddbUWv_jw==/lib/arm64, /data/app/~~mod7R8gax5NFnr6WGLxbCA==/com.feels-twVZykPd60NdJddbUWv_jw==/base.apk!/lib/arm64-v8a, /data/app/~~mod7R8gax5NFnr6WGLxbCA==/com.feels-twVZykPd60NdJddbUWv_jw==/split_config.arm64_v8a.apk!/lib/arm64-v8a, /data/app/~~mod7R8gax5NFnr6WGLxbCA==/com.feels-twVZykPd60NdJddbUWv_jw==/split_config.en.apk!/lib/arm64-v8a, /data/app/~~mod7R8gax5NFnr6WGLxbCA==/com.feels-twVZykPd60NdJddbUWv_jw==/split_config.mdpi.apk!/lib/arm64-v8a, /system/lib64, /system_ext/lib64]]"
},
{
    "type": "error",
    "extra": "hook all methods error",
    "package_name": "com.feels",
    "class_name": "ly.count.android.sdk.Countly",
    "error": "Error: java.lang.ClassNotFoundException: Didn't find class \"ly.count.android.sdk.Countly\" on path: DexPathList[[zip file \"/data/app/~~mod7R8gax5NFnr6WGLxbCA==/com.feels-twVZykPd60NdJddbUWv_jw==/base.apk\", zip file \"/data/app/~~mod7R8gax5NFnr6WGLxbCA==/com.feels-twVZykPd60NdJddbUWv_jw==/split_config.arm64_v8a.apk\", zip file \"/data/app/~~mod7R8gax5NFnr6WGLxbCA==/com.feels-twVZykPd60NdJddbUWv_jw==/split_config.en.apk\", zip file \"/data/app/~~mod7R8gax5NFnr6WGLxbCA==/com.feels-twVZykPd60NdJddbUWv_jw==/split_config.mdpi.apk\"],nativeLibraryDirectories=[/data/app/~~mod7R8gax5NFnr6WGLxbCA==/com.feels-twVZykPd60NdJddbUWv_jw==/lib/arm64, /data/app/~~mod7R8gax5NFnr6WGLxbCA==/com.feels-twVZykPd60NdJddbUWv_jw==/base.apk!/lib/arm64-v8a, /data/app/~~mod7R8gax5NFnr6WGLxbCA==/com.feels-twVZykPd60NdJddbUWv_jw==/split_config.arm64_v8a.apk!/lib/arm64-v8a, /data/app/~~mod7R8gax5NFnr6WGLxbCA==/com.feels-twVZykPd60NdJddbUWv_jw==/split_config.en.apk!/lib/arm64-v8a, /data/app/~~mod7R8gax5NFnr6WGLxbCA==/com.feels-twVZykPd60NdJddbUWv_jw==/split_config.mdpi.apk!/lib/arm64-v8a, /system/lib64, /system_ext/lib64]]"
},
{
    "type": "error",
    "extra": "hook all methods error",
    "package_name": "com.feels",
    "class_name": "com.my.target.nativeads.NativeAd",
    "error": "Error: java.lang.ClassNotFoundException: Didn't find class \"com.my.target.nativeads.NativeAd\" on path: DexPathList[[zip file \"/data/app/~~mod7R8gax5NFnr6WGLxbCA==/com.feels-twVZykPd60NdJddbUWv_jw==/base.apk\", zip file \"/data/app/~~mod7R8gax5NFnr6WGLxbCA==/com.feels-twVZykPd60NdJddbUWv_jw==/split_config.arm64_v8a.apk\", zip file \"/data/app/~~mod7R8gax5NFnr6WGLxbCA==/com.feels-twVZykPd60NdJddbUWv_jw==/split_config.en.apk\", zip file \"/data/app/~~mod7R8gax5NFnr6WGLxbCA==/com.feels-twVZykPd60NdJddbUWv_jw==/split_config.mdpi.apk\"],nativeLibraryDirectories=[/data/app/~~mod7R8gax5NFnr6WGLxbCA==/com.feels-twVZykPd60NdJddbUWv_jw==/lib/arm64, /data/app/~~mod7R8gax5NFnr6WGLxbCA==/com.feels-twVZykPd60NdJddbUWv_jw==/base.apk!/lib/arm64-v8a, /data/app/~~mod7R8gax5NFnr6WGLxbCA==/com.feels-twVZykPd60NdJddbUWv_jw==/split_config.arm64_v8a.apk!/lib/arm64-v8a, /data/app/~~mod7R8gax5NFnr6WGLxbCA==/com.feels-twVZykPd60NdJddbUWv_jw==/split_config.en.apk!/lib/arm64-v8a, /data/app/~~mod7R8gax5NFnr6WGLxbCA==/com.feels-twVZykPd60NdJddbUWv_jw==/split_config.mdpi.apk!/lib/arm64-v8a, /system/lib64, /system_ext/lib64]]"
},
{
    "type": "error",
    "extra": "hook all methods error",
    "package_name": "com.feels",
    "class_name": "com.adsbynimbus.Nimbus",
    "error": "Error: java.lang.ClassNotFoundException: Didn't find class \"com.adsbynimbus.Nimbus\" on path: DexPathList[[zip file \"/data/app/~~mod7R8gax5NFnr6WGLxbCA==/com.feels-twVZykPd60NdJddbUWv_jw==/base.apk\", zip file \"/data/app/~~mod7R8gax5NFnr6WGLxbCA==/com.feels-twVZykPd60NdJddbUWv_jw==/split_config.arm64_v8a.apk\", zip file \"/data/app/~~mod7R8gax5NFnr6WGLxbCA==/com.feels-twVZykPd60NdJddbUWv_jw==/split_config.en.apk\", zip file \"/data/app/~~mod7R8gax5NFnr6WGLxbCA==/com.feels-twVZykPd60NdJddbUWv_jw==/split_config.mdpi.apk\"],nativeLibraryDirectories=[/data/app/~~mod7R8gax5NFnr6WGLxbCA==/com.feels-twVZykPd60NdJddbUWv_jw==/lib/arm64, /data/app/~~mod7R8gax5NFnr6WGLxbCA==/com.feels-twVZykPd60NdJddbUWv_jw==/base.apk!/lib/arm64-v8a, /data/app/~~mod7R8gax5NFnr6WGLxbCA==/com.feels-twVZykPd60NdJddbUWv_jw==/split_config.arm64_v8a.apk!/lib/arm64-v8a, /data/app/~~mod7R8gax5NFnr6WGLxbCA==/com.feels-twVZykPd60NdJddbUWv_jw==/split_config.en.apk!/lib/arm64-v8a, /data/app/~~mod7R8gax5NFnr6WGLxbCA==/com.feels-twVZykPd60NdJddbUWv_jw==/split_config.mdpi.apk!/lib/arm64-v8a, /system/lib64, /system_ext/lib64]]"
},
{
    "type": "error",
    "extra": "hook all methods error",
    "package_name": "com.feels",
    "class_name": "com.chartboost.sdk.ads.Banner",
    "error": "Error: java.lang.ClassNotFoundException: Didn't find class \"com.chartboost.sdk.ads.Banner\" on path: DexPathList[[zip file \"/data/app/~~mod7R8gax5NFnr6WGLxbCA==/com.feels-twVZykPd60NdJddbUWv_jw==/base.apk\", zip file \"/data/app/~~mod7R8gax5NFnr6WGLxbCA==/com.feels-twVZykPd60NdJddbUWv_jw==/split_config.arm64_v8a.apk\", zip file \"/data/app/~~mod7R8gax5NFnr6WGLxbCA==/com.feels-twVZykPd60NdJddbUWv_jw==/split_config.en.apk\", zip file \"/data/app/~~mod7R8gax5NFnr6WGLxbCA==/com.feels-twVZykPd60NdJddbUWv_jw==/split_config.mdpi.apk\"],nativeLibraryDirectories=[/data/app/~~mod7R8gax5NFnr6WGLxbCA==/com.feels-twVZykPd60NdJddbUWv_jw==/lib/arm64, /data/app/~~mod7R8gax5NFnr6WGLxbCA==/com.feels-twVZykPd60NdJddbUWv_jw==/base.apk!/lib/arm64-v8a, /data/app/~~mod7R8gax5NFnr6WGLxbCA==/com.feels-twVZykPd60NdJddbUWv_jw==/split_config.arm64_v8a.apk!/lib/arm64-v8a, /data/app/~~mod7R8gax5NFnr6WGLxbCA==/com.feels-twVZykPd60NdJddbUWv_jw==/split_config.en.apk!/lib/arm64-v8a, /data/app/~~mod7R8gax5NFnr6WGLxbCA==/com.feels-twVZykPd60NdJddbUWv_jw==/split_config.mdpi.apk!/lib/arm64-v8a, /system/lib64, /system_ext/lib64]]"
},
{
    "type": "error",
    "extra": "hook all methods error",
    "package_name": "com.feels",
    "class_name": "com.prodege.builder.UserProperties",
    "error": "Error: java.lang.ClassNotFoundException: Didn't find class \"com.prodege.builder.UserProperties\" on path: DexPathList[[zip file \"/data/app/~~mod7R8gax5NFnr6WGLxbCA==/com.feels-twVZykPd60NdJddbUWv_jw==/base.apk\", zip file \"/data/app/~~mod7R8gax5NFnr6WGLxbCA==/com.feels-twVZykPd60NdJddbUWv_jw==/split_config.arm64_v8a.apk\", zip file \"/data/app/~~mod7R8gax5NFnr6WGLxbCA==/com.feels-twVZykPd60NdJddbUWv_jw==/split_config.en.apk\", zip file \"/data/app/~~mod7R8gax5NFnr6WGLxbCA==/com.feels-twVZykPd60NdJddbUWv_jw==/split_config.mdpi.apk\"],nativeLibraryDirectories=[/data/app/~~mod7R8gax5NFnr6WGLxbCA==/com.feels-twVZykPd60NdJddbUWv_jw==/lib/arm64, /data/app/~~mod7R8gax5NFnr6WGLxbCA==/com.feels-twVZykPd60NdJddbUWv_jw==/base.apk!/lib/arm64-v8a, /data/app/~~mod7R8gax5NFnr6WGLxbCA==/com.feels-twVZykPd60NdJddbUWv_jw==/split_config.arm64_v8a.apk!/lib/arm64-v8a, /data/app/~~mod7R8gax5NFnr6WGLxbCA==/com.feels-twVZykPd60NdJddbUWv_jw==/split_config.en.apk!/lib/arm64-v8a, /data/app/~~mod7R8gax5NFnr6WGLxbCA==/com.feels-twVZykPd60NdJddbUWv_jw==/split_config.mdpi.apk!/lib/arm64-v8a, /system/lib64, /system_ext/lib64]]"
},
{
    "type": "error",
    "extra": "hook all methods error",
    "package_name": "com.feels",
    "class_name": "com.appnext.nativeads.NativeAd",
    "error": "Error: java.lang.ClassNotFoundException: Didn't find class \"com.appnext.nativeads.NativeAd\" on path: DexPathList[[zip file \"/data/app/~~mod7R8gax5NFnr6WGLxbCA==/com.feels-twVZykPd60NdJddbUWv_jw==/base.apk\", zip file \"/data/app/~~mod7R8gax5NFnr6WGLxbCA==/com.feels-twVZykPd60NdJddbUWv_jw==/split_config.arm64_v8a.apk\", zip file \"/data/app/~~mod7R8gax5NFnr6WGLxbCA==/com.feels-twVZykPd60NdJddbUWv_jw==/split_config.en.apk\", zip file \"/data/app/~~mod7R8gax5NFnr6WGLxbCA==/com.feels-twVZykPd60NdJddbUWv_jw==/split_config.mdpi.apk\"],nativeLibraryDirectories=[/data/app/~~mod7R8gax5NFnr6WGLxbCA==/com.feels-twVZykPd60NdJddbUWv_jw==/lib/arm64, /data/app/~~mod7R8gax5NFnr6WGLxbCA==/com.feels-twVZykPd60NdJddbUWv_jw==/base.apk!/lib/arm64-v8a, /data/app/~~mod7R8gax5NFnr6WGLxbCA==/com.feels-twVZykPd60NdJddbUWv_jw==/split_config.arm64_v8a.apk!/lib/arm64-v8a, /data/app/~~mod7R8gax5NFnr6WGLxbCA==/com.feels-twVZykPd60NdJddbUWv_jw==/split_config.en.apk!/lib/arm64-v8a, /data/app/~~mod7R8gax5NFnr6WGLxbCA==/com.feels-twVZykPd60NdJddbUWv_jw==/split_config.mdpi.apk!/lib/arm64-v8a, /system/lib64, /system_ext/lib64]]"
},
{
    "type": "error",
    "extra": "hook all methods error",
    "package_name": "com.feels",
    "class_name": "com.ogury.unity.optinvideo.OguryOptinVideoAd",
    "error": "Error: java.lang.ClassNotFoundException: Didn't find class \"com.ogury.unity.optinvideo.OguryOptinVideoAd\" on path: DexPathList[[zip file \"/data/app/~~mod7R8gax5NFnr6WGLxbCA==/com.feels-twVZykPd60NdJddbUWv_jw==/base.apk\", zip file \"/data/app/~~mod7R8gax5NFnr6WGLxbCA==/com.feels-twVZykPd60NdJddbUWv_jw==/split_config.arm64_v8a.apk\", zip file \"/data/app/~~mod7R8gax5NFnr6WGLxbCA==/com.feels-twVZykPd60NdJddbUWv_jw==/split_config.en.apk\", zip file \"/data/app/~~mod7R8gax5NFnr6WGLxbCA==/com.feels-twVZykPd60NdJddbUWv_jw==/split_config.mdpi.apk\"],nativeLibraryDirectories=[/data/app/~~mod7R8gax5NFnr6WGLxbCA==/com.feels-twVZykPd60NdJddbUWv_jw==/lib/arm64, /data/app/~~mod7R8gax5NFnr6WGLxbCA==/com.feels-twVZykPd60NdJddbUWv_jw==/base.apk!/lib/arm64-v8a, /data/app/~~mod7R8gax5NFnr6WGLxbCA==/com.feels-twVZykPd60NdJddbUWv_jw==/split_config.arm64_v8a.apk!/lib/arm64-v8a, /data/app/~~mod7R8gax5NFnr6WGLxbCA==/com.feels-twVZykPd60NdJddbUWv_jw==/split_config.en.apk!/lib/arm64-v8a, /data/app/~~mod7R8gax5NFnr6WGLxbCA==/com.feels-twVZykPd60NdJddbUWv_jw==/split_config.mdpi.apk!/lib/arm64-v8a, /system/lib64, /system_ext/lib64]]"
},
{
    "type": "error",
    "extra": "hook all methods error",
    "package_name": "com.feels",
    "class_name": "com.appodeal.ads.Appodeal",
    "error": "Error: java.lang.ClassNotFoundException: Didn't find class \"com.appodeal.ads.Appodeal\" on path: DexPathList[[zip file \"/data/app/~~mod7R8gax5NFnr6WGLxbCA==/com.feels-twVZykPd60NdJddbUWv_jw==/base.apk\", zip file \"/data/app/~~mod7R8gax5NFnr6WGLxbCA==/com.feels-twVZykPd60NdJddbUWv_jw==/split_config.arm64_v8a.apk\", zip file \"/data/app/~~mod7R8gax5NFnr6WGLxbCA==/com.feels-twVZykPd60NdJddbUWv_jw==/split_config.en.apk\", zip file \"/data/app/~~mod7R8gax5NFnr6WGLxbCA==/com.feels-twVZykPd60NdJddbUWv_jw==/split_config.mdpi.apk\"],nativeLibraryDirectories=[/data/app/~~mod7R8gax5NFnr6WGLxbCA==/com.feels-twVZykPd60NdJddbUWv_jw==/lib/arm64, /data/app/~~mod7R8gax5NFnr6WGLxbCA==/com.feels-twVZykPd60NdJddbUWv_jw==/base.apk!/lib/arm64-v8a, /data/app/~~mod7R8gax5NFnr6WGLxbCA==/com.feels-twVZykPd60NdJddbUWv_jw==/split_config.arm64_v8a.apk!/lib/arm64-v8a, /data/app/~~mod7R8gax5NFnr6WGLxbCA==/com.feels-twVZykPd60NdJddbUWv_jw==/split_config.en.apk!/lib/arm64-v8a, /data/app/~~mod7R8gax5NFnr6WGLxbCA==/com.feels-twVZykPd60NdJddbUWv_jw==/split_config.mdpi.apk!/lib/arm64-v8a, /system/lib64, /system_ext/lib64]]"
},
{
    "type": "error",
    "extra": "hook all methods error",
    "package_name": "com.feels",
    "class_name": "com.inmobi.ads.InMobiBanner",
    "error": "Error: java.lang.ClassNotFoundException: Didn't find class \"com.inmobi.ads.InMobiBanner\" on path: DexPathList[[zip file \"/data/app/~~mod7R8gax5NFnr6WGLxbCA==/com.feels-twVZykPd60NdJddbUWv_jw==/base.apk\", zip file \"/data/app/~~mod7R8gax5NFnr6WGLxbCA==/com.feels-twVZykPd60NdJddbUWv_jw==/split_config.arm64_v8a.apk\", zip file \"/data/app/~~mod7R8gax5NFnr6WGLxbCA==/com.feels-twVZykPd60NdJddbUWv_jw==/split_config.en.apk\", zip file \"/data/app/~~mod7R8gax5NFnr6WGLxbCA==/com.feels-twVZykPd60NdJddbUWv_jw==/split_config.mdpi.apk\"],nativeLibraryDirectories=[/data/app/~~mod7R8gax5NFnr6WGLxbCA==/com.feels-twVZykPd60NdJddbUWv_jw==/lib/arm64, /data/app/~~mod7R8gax5NFnr6WGLxbCA==/com.feels-twVZykPd60NdJddbUWv_jw==/base.apk!/lib/arm64-v8a, /data/app/~~mod7R8gax5NFnr6WGLxbCA==/com.feels-twVZykPd60NdJddbUWv_jw==/split_config.arm64_v8a.apk!/lib/arm64-v8a, /data/app/~~mod7R8gax5NFnr6WGLxbCA==/com.feels-twVZykPd60NdJddbUWv_jw==/split_config.en.apk!/lib/arm64-v8a, /data/app/~~mod7R8gax5NFnr6WGLxbCA==/com.feels-twVZykPd60NdJddbUWv_jw==/split_config.mdpi.apk!/lib/arm64-v8a, /system/lib64, /system_ext/lib64]]"
},
{
    "type": "error",
    "extra": "hook all methods error",
    "package_name": "com.feels",
    "class_name": "com.criteo.publisher.CriteoBannerView",
    "error": "Error: java.lang.ClassNotFoundException: Didn't find class \"com.criteo.publisher.CriteoBannerView\" on path: DexPathList[[zip file \"/data/app/~~mod7R8gax5NFnr6WGLxbCA==/com.feels-twVZykPd60NdJddbUWv_jw==/base.apk\", zip file \"/data/app/~~mod7R8gax5NFnr6WGLxbCA==/com.feels-twVZykPd60NdJddbUWv_jw==/split_config.arm64_v8a.apk\", zip file \"/data/app/~~mod7R8gax5NFnr6WGLxbCA==/com.feels-twVZykPd60NdJddbUWv_jw==/split_config.en.apk\", zip file \"/data/app/~~mod7R8gax5NFnr6WGLxbCA==/com.feels-twVZykPd60NdJddbUWv_jw==/split_config.mdpi.apk\"],nativeLibraryDirectories=[/data/app/~~mod7R8gax5NFnr6WGLxbCA==/com.feels-twVZykPd60NdJddbUWv_jw==/lib/arm64, /data/app/~~mod7R8gax5NFnr6WGLxbCA==/com.feels-twVZykPd60NdJddbUWv_jw==/base.apk!/lib/arm64-v8a, /data/app/~~mod7R8gax5NFnr6WGLxbCA==/com.feels-twVZykPd60NdJddbUWv_jw==/split_config.arm64_v8a.apk!/lib/arm64-v8a, /data/app/~~mod7R8gax5NFnr6WGLxbCA==/com.feels-twVZykPd60NdJddbUWv_jw==/split_config.en.apk!/lib/arm64-v8a, /data/app/~~mod7R8gax5NFnr6WGLxbCA==/com.feels-twVZykPd60NdJddbUWv_jw==/split_config.mdpi.apk!/lib/arm64-v8a, /system/lib64, /system_ext/lib64]]"
},
{
    "type": "error",
    "extra": "hook all methods error",
    "package_name": "com.feels",
    "class_name": "com.ogury.sdk.OguryConfiguration",
    "error": "Error: java.lang.ClassNotFoundException: Didn't find class \"com.ogury.sdk.OguryConfiguration\" on path: DexPathList[[zip file \"/data/app/~~mod7R8gax5NFnr6WGLxbCA==/com.feels-twVZykPd60NdJddbUWv_jw==/base.apk\", zip file \"/data/app/~~mod7R8gax5NFnr6WGLxbCA==/com.feels-twVZykPd60NdJddbUWv_jw==/split_config.arm64_v8a.apk\", zip file \"/data/app/~~mod7R8gax5NFnr6WGLxbCA==/com.feels-twVZykPd60NdJddbUWv_jw==/split_config.en.apk\", zip file \"/data/app/~~mod7R8gax5NFnr6WGLxbCA==/com.feels-twVZykPd60NdJddbUWv_jw==/split_config.mdpi.apk\"],nativeLibraryDirectories=[/data/app/~~mod7R8gax5NFnr6WGLxbCA==/com.feels-twVZykPd60NdJddbUWv_jw==/lib/arm64, /data/app/~~mod7R8gax5NFnr6WGLxbCA==/com.feels-twVZykPd60NdJddbUWv_jw==/base.apk!/lib/arm64-v8a, /data/app/~~mod7R8gax5NFnr6WGLxbCA==/com.feels-twVZykPd60NdJddbUWv_jw==/split_config.arm64_v8a.apk!/lib/arm64-v8a, /data/app/~~mod7R8gax5NFnr6WGLxbCA==/com.feels-twVZykPd60NdJddbUWv_jw==/split_config.en.apk!/lib/arm64-v8a, /data/app/~~mod7R8gax5NFnr6WGLxbCA==/com.feels-twVZykPd60NdJddbUWv_jw==/split_config.mdpi.apk!/lib/arm64-v8a, /system/lib64, /system_ext/lib64]]"
},
{
    "type": "error",
    "extra": "hook all methods error",
    "package_name": "com.feels",
    "class_name": "com.fyber.fairbid.ads.Interstitial",
    "error": "Error: java.lang.ClassNotFoundException: Didn't find class \"com.fyber.fairbid.ads.Interstitial\" on path: DexPathList[[zip file \"/data/app/~~mod7R8gax5NFnr6WGLxbCA==/com.feels-twVZykPd60NdJddbUWv_jw==/base.apk\", zip file \"/data/app/~~mod7R8gax5NFnr6WGLxbCA==/com.feels-twVZykPd60NdJddbUWv_jw==/split_config.arm64_v8a.apk\", zip file \"/data/app/~~mod7R8gax5NFnr6WGLxbCA==/com.feels-twVZykPd60NdJddbUWv_jw==/split_config.en.apk\", zip file \"/data/app/~~mod7R8gax5NFnr6WGLxbCA==/com.feels-twVZykPd60NdJddbUWv_jw==/split_config.mdpi.apk\"],nativeLibraryDirectories=[/data/app/~~mod7R8gax5NFnr6WGLxbCA==/com.feels-twVZykPd60NdJddbUWv_jw==/lib/arm64, /data/app/~~mod7R8gax5NFnr6WGLxbCA==/com.feels-twVZykPd60NdJddbUWv_jw==/base.apk!/lib/arm64-v8a, /data/app/~~mod7R8gax5NFnr6WGLxbCA==/com.feels-twVZykPd60NdJddbUWv_jw==/split_config.arm64_v8a.apk!/lib/arm64-v8a, /data/app/~~mod7R8gax5NFnr6WGLxbCA==/com.feels-twVZykPd60NdJddbUWv_jw==/split_config.en.apk!/lib/arm64-v8a, /data/app/~~mod7R8gax5NFnr6WGLxbCA==/com.feels-twVZykPd60NdJddbUWv_jw==/split_config.mdpi.apk!/lib/arm64-v8a, /system/lib64, /system_ext/lib64]]"
},
{
    "type": "error",
    "extra": "hook all methods error",
    "package_name": "com.feels",
    "class_name": "com.ogury.unity.cm.OguryChoiceManager",
    "error": "Error: java.lang.ClassNotFoundException: Didn't find class \"com.ogury.unity.cm.OguryChoiceManager\" on path: DexPathList[[zip file \"/data/app/~~mod7R8gax5NFnr6WGLxbCA==/com.feels-twVZykPd60NdJddbUWv_jw==/base.apk\", zip file \"/data/app/~~mod7R8gax5NFnr6WGLxbCA==/com.feels-twVZykPd60NdJddbUWv_jw==/split_config.arm64_v8a.apk\", zip file \"/data/app/~~mod7R8gax5NFnr6WGLxbCA==/com.feels-twVZykPd60NdJddbUWv_jw==/split_config.en.apk\", zip file \"/data/app/~~mod7R8gax5NFnr6WGLxbCA==/com.feels-twVZykPd60NdJddbUWv_jw==/split_config.mdpi.apk\"],nativeLibraryDirectories=[/data/app/~~mod7R8gax5NFnr6WGLxbCA==/com.feels-twVZykPd60NdJddbUWv_jw==/lib/arm64, /data/app/~~mod7R8gax5NFnr6WGLxbCA==/com.feels-twVZykPd60NdJddbUWv_jw==/base.apk!/lib/arm64-v8a, /data/app/~~mod7R8gax5NFnr6WGLxbCA==/com.feels-twVZykPd60NdJddbUWv_jw==/split_config.arm64_v8a.apk!/lib/arm64-v8a, /data/app/~~mod7R8gax5NFnr6WGLxbCA==/com.feels-twVZykPd60NdJddbUWv_jw==/split_config.en.apk!/lib/arm64-v8a, /data/app/~~mod7R8gax5NFnr6WGLxbCA==/com.feels-twVZykPd60NdJddbUWv_jw==/split_config.mdpi.apk!/lib/arm64-v8a, /system/lib64, /system_ext/lib64]]"
},
{
    "type": "error",
    "extra": "hook all methods error",
    "package_name": "com.feels",
    "class_name": "com.inmobi.sdk.InMobiSdk",
    "error": "Error: java.lang.ClassNotFoundException: Didn't find class \"com.inmobi.sdk.InMobiSdk\" on path: DexPathList[[zip file \"/data/app/~~mod7R8gax5NFnr6WGLxbCA==/com.feels-twVZykPd60NdJddbUWv_jw==/base.apk\", zip file \"/data/app/~~mod7R8gax5NFnr6WGLxbCA==/com.feels-twVZykPd60NdJddbUWv_jw==/split_config.arm64_v8a.apk\", zip file \"/data/app/~~mod7R8gax5NFnr6WGLxbCA==/com.feels-twVZykPd60NdJddbUWv_jw==/split_config.en.apk\", zip file \"/data/app/~~mod7R8gax5NFnr6WGLxbCA==/com.feels-twVZykPd60NdJddbUWv_jw==/split_config.mdpi.apk\"],nativeLibraryDirectories=[/data/app/~~mod7R8gax5NFnr6WGLxbCA==/com.feels-twVZykPd60NdJddbUWv_jw==/lib/arm64, /data/app/~~mod7R8gax5NFnr6WGLxbCA==/com.feels-twVZykPd60NdJddbUWv_jw==/base.apk!/lib/arm64-v8a, /data/app/~~mod7R8gax5NFnr6WGLxbCA==/com.feels-twVZykPd60NdJddbUWv_jw==/split_config.arm64_v8a.apk!/lib/arm64-v8a, /data/app/~~mod7R8gax5NFnr6WGLxbCA==/com.feels-twVZykPd60NdJddbUWv_jw==/split_config.en.apk!/lib/arm64-v8a, /data/app/~~mod7R8gax5NFnr6WGLxbCA==/com.feels-twVZykPd60NdJddbUWv_jw==/split_config.mdpi.apk!/lib/arm64-v8a, /system/lib64, /system_ext/lib64]]"
},
{
    "type": "error",
    "extra": "hook all methods error",
    "package_name": "com.feels",
    "class_name": "com.mixpanel.android.mpmetrics.MixpanelAPI",
    "error": "Error: java.lang.ClassNotFoundException: Didn't find class \"com.mixpanel.android.mpmetrics.MixpanelAPI\" on path: DexPathList[[zip file \"/data/app/~~mod7R8gax5NFnr6WGLxbCA==/com.feels-twVZykPd60NdJddbUWv_jw==/base.apk\", zip file \"/data/app/~~mod7R8gax5NFnr6WGLxbCA==/com.feels-twVZykPd60NdJddbUWv_jw==/split_config.arm64_v8a.apk\", zip file \"/data/app/~~mod7R8gax5NFnr6WGLxbCA==/com.feels-twVZykPd60NdJddbUWv_jw==/split_config.en.apk\", zip file \"/data/app/~~mod7R8gax5NFnr6WGLxbCA==/com.feels-twVZykPd60NdJddbUWv_jw==/split_config.mdpi.apk\"],nativeLibraryDirectories=[/data/app/~~mod7R8gax5NFnr6WGLxbCA==/com.feels-twVZykPd60NdJddbUWv_jw==/lib/arm64, /data/app/~~mod7R8gax5NFnr6WGLxbCA==/com.feels-twVZykPd60NdJddbUWv_jw==/base.apk!/lib/arm64-v8a, /data/app/~~mod7R8gax5NFnr6WGLxbCA==/com.feels-twVZykPd60NdJddbUWv_jw==/split_config.arm64_v8a.apk!/lib/arm64-v8a, /data/app/~~mod7R8gax5NFnr6WGLxbCA==/com.feels-twVZykPd60NdJddbUWv_jw==/split_config.en.apk!/lib/arm64-v8a, /data/app/~~mod7R8gax5NFnr6WGLxbCA==/com.feels-twVZykPd60NdJddbUWv_jw==/split_config.mdpi.apk!/lib/arm64-v8a, /system/lib64, /system_ext/lib64]]"
},
{
    "type": "error",
    "extra": "hook all methods error",
    "package_name": "com.feels",
    "class_name": "com.youappi.sdk.ads.YAAdRequest",
    "error": "Error: java.lang.ClassNotFoundException: Didn't find class \"com.youappi.sdk.ads.YAAdRequest\" on path: DexPathList[[zip file \"/data/app/~~mod7R8gax5NFnr6WGLxbCA==/com.feels-twVZykPd60NdJddbUWv_jw==/base.apk\", zip file \"/data/app/~~mod7R8gax5NFnr6WGLxbCA==/com.feels-twVZykPd60NdJddbUWv_jw==/split_config.arm64_v8a.apk\", zip file \"/data/app/~~mod7R8gax5NFnr6WGLxbCA==/com.feels-twVZykPd60NdJddbUWv_jw==/split_config.en.apk\", zip file \"/data/app/~~mod7R8gax5NFnr6WGLxbCA==/com.feels-twVZykPd60NdJddbUWv_jw==/split_config.mdpi.apk\"],nativeLibraryDirectories=[/data/app/~~mod7R8gax5NFnr6WGLxbCA==/com.feels-twVZykPd60NdJddbUWv_jw==/lib/arm64, /data/app/~~mod7R8gax5NFnr6WGLxbCA==/com.feels-twVZykPd60NdJddbUWv_jw==/base.apk!/lib/arm64-v8a, /data/app/~~mod7R8gax5NFnr6WGLxbCA==/com.feels-twVZykPd60NdJddbUWv_jw==/split_config.arm64_v8a.apk!/lib/arm64-v8a, /data/app/~~mod7R8gax5NFnr6WGLxbCA==/com.feels-twVZykPd60NdJddbUWv_jw==/split_config.en.apk!/lib/arm64-v8a, /data/app/~~mod7R8gax5NFnr6WGLxbCA==/com.feels-twVZykPd60NdJddbUWv_jw==/split_config.mdpi.apk!/lib/arm64-v8a, /system/lib64, /system_ext/lib64]]"
},
{
    "type": "error",
    "extra": "hook all methods error",
    "package_name": "com.feels",
    "class_name": "com.ogury.unity.thumbnailad.OguryThumbnailAd",
    "error": "Error: java.lang.ClassNotFoundException: Didn't find class \"com.ogury.unity.thumbnailad.OguryThumbnailAd\" on path: DexPathList[[zip file \"/data/app/~~mod7R8gax5NFnr6WGLxbCA==/com.feels-twVZykPd60NdJddbUWv_jw==/base.apk\", zip file \"/data/app/~~mod7R8gax5NFnr6WGLxbCA==/com.feels-twVZykPd60NdJddbUWv_jw==/split_config.arm64_v8a.apk\", zip file \"/data/app/~~mod7R8gax5NFnr6WGLxbCA==/com.feels-twVZykPd60NdJddbUWv_jw==/split_config.en.apk\", zip file \"/data/app/~~mod7R8gax5NFnr6WGLxbCA==/com.feels-twVZykPd60NdJddbUWv_jw==/split_config.mdpi.apk\"],nativeLibraryDirectories=[/data/app/~~mod7R8gax5NFnr6WGLxbCA==/com.feels-twVZykPd60NdJddbUWv_jw==/lib/arm64, /data/app/~~mod7R8gax5NFnr6WGLxbCA==/com.feels-twVZykPd60NdJddbUWv_jw==/base.apk!/lib/arm64-v8a, /data/app/~~mod7R8gax5NFnr6WGLxbCA==/com.feels-twVZykPd60NdJddbUWv_jw==/split_config.arm64_v8a.apk!/lib/arm64-v8a, /data/app/~~mod7R8gax5NFnr6WGLxbCA==/com.feels-twVZykPd60NdJddbUWv_jw==/split_config.en.apk!/lib/arm64-v8a, /data/app/~~mod7R8gax5NFnr6WGLxbCA==/com.feels-twVZykPd60NdJddbUWv_jw==/split_config.mdpi.apk!/lib/arm64-v8a, /system/lib64, /system_ext/lib64]]"
},
{
    "type": "error",
    "extra": "hook all methods error",
    "package_name": "com.feels",
    "class_name": "com.tappx.sdk.android.Tappx",
    "error": "Error: java.lang.ClassNotFoundException: Didn't find class \"com.tappx.sdk.android.Tappx\" on path: DexPathList[[zip file \"/data/app/~~mod7R8gax5NFnr6WGLxbCA==/com.feels-twVZykPd60NdJddbUWv_jw==/base.apk\", zip file \"/data/app/~~mod7R8gax5NFnr6WGLxbCA==/com.feels-twVZykPd60NdJddbUWv_jw==/split_config.arm64_v8a.apk\", zip file \"/data/app/~~mod7R8gax5NFnr6WGLxbCA==/com.feels-twVZykPd60NdJddbUWv_jw==/split_config.en.apk\", zip file \"/data/app/~~mod7R8gax5NFnr6WGLxbCA==/com.feels-twVZykPd60NdJddbUWv_jw==/split_config.mdpi.apk\"],nativeLibraryDirectories=[/data/app/~~mod7R8gax5NFnr6WGLxbCA==/com.feels-twVZykPd60NdJddbUWv_jw==/lib/arm64, /data/app/~~mod7R8gax5NFnr6WGLxbCA==/com.feels-twVZykPd60NdJddbUWv_jw==/base.apk!/lib/arm64-v8a, /data/app/~~mod7R8gax5NFnr6WGLxbCA==/com.feels-twVZykPd60NdJddbUWv_jw==/split_config.arm64_v8a.apk!/lib/arm64-v8a, /data/app/~~mod7R8gax5NFnr6WGLxbCA==/com.feels-twVZykPd60NdJddbUWv_jw==/split_config.en.apk!/lib/arm64-v8a, /data/app/~~mod7R8gax5NFnr6WGLxbCA==/com.feels-twVZykPd60NdJddbUWv_jw==/split_config.mdpi.apk!/lib/arm64-v8a, /system/lib64, /system_ext/lib64]]"
},
{
    "type": "error",
    "extra": "hook all methods error",
    "package_name": "com.feels",
    "class_name": "ly.count.android.sdk.CountlyConfig",
    "error": "Error: java.lang.ClassNotFoundException: Didn't find class \"ly.count.android.sdk.CountlyConfig\" on path: DexPathList[[zip file \"/data/app/~~mod7R8gax5NFnr6WGLxbCA==/com.feels-twVZykPd60NdJddbUWv_jw==/base.apk\", zip file \"/data/app/~~mod7R8gax5NFnr6WGLxbCA==/com.feels-twVZykPd60NdJddbUWv_jw==/split_config.arm64_v8a.apk\", zip file \"/data/app/~~mod7R8gax5NFnr6WGLxbCA==/com.feels-twVZykPd60NdJddbUWv_jw==/split_config.en.apk\", zip file \"/data/app/~~mod7R8gax5NFnr6WGLxbCA==/com.feels-twVZykPd60NdJddbUWv_jw==/split_config.mdpi.apk\"],nativeLibraryDirectories=[/data/app/~~mod7R8gax5NFnr6WGLxbCA==/com.feels-twVZykPd60NdJddbUWv_jw==/lib/arm64, /data/app/~~mod7R8gax5NFnr6WGLxbCA==/com.feels-twVZykPd60NdJddbUWv_jw==/base.apk!/lib/arm64-v8a, /data/app/~~mod7R8gax5NFnr6WGLxbCA==/com.feels-twVZykPd60NdJddbUWv_jw==/split_config.arm64_v8a.apk!/lib/arm64-v8a, /data/app/~~mod7R8gax5NFnr6WGLxbCA==/com.feels-twVZykPd60NdJddbUWv_jw==/split_config.en.apk!/lib/arm64-v8a, /data/app/~~mod7R8gax5NFnr6WGLxbCA==/com.feels-twVZykPd60NdJddbUWv_jw==/split_config.mdpi.apk!/lib/arm64-v8a, /system/lib64, /system_ext/lib64]]"
},
{
    "type": "error",
    "extra": "hook all methods error",
    "package_name": "com.feels",
    "class_name": "com.ogury.ed.OguryOptinVideoAd",
    "error": "Error: java.lang.ClassNotFoundException: Didn't find class \"com.ogury.ed.OguryOptinVideoAd\" on path: DexPathList[[zip file \"/data/app/~~mod7R8gax5NFnr6WGLxbCA==/com.feels-twVZykPd60NdJddbUWv_jw==/base.apk\", zip file \"/data/app/~~mod7R8gax5NFnr6WGLxbCA==/com.feels-twVZykPd60NdJddbUWv_jw==/split_config.arm64_v8a.apk\", zip file \"/data/app/~~mod7R8gax5NFnr6WGLxbCA==/com.feels-twVZykPd60NdJddbUWv_jw==/split_config.en.apk\", zip file \"/data/app/~~mod7R8gax5NFnr6WGLxbCA==/com.feels-twVZykPd60NdJddbUWv_jw==/split_config.mdpi.apk\"],nativeLibraryDirectories=[/data/app/~~mod7R8gax5NFnr6WGLxbCA==/com.feels-twVZykPd60NdJddbUWv_jw==/lib/arm64, /data/app/~~mod7R8gax5NFnr6WGLxbCA==/com.feels-twVZykPd60NdJddbUWv_jw==/base.apk!/lib/arm64-v8a, /data/app/~~mod7R8gax5NFnr6WGLxbCA==/com.feels-twVZykPd60NdJddbUWv_jw==/split_config.arm64_v8a.apk!/lib/arm64-v8a, /data/app/~~mod7R8gax5NFnr6WGLxbCA==/com.feels-twVZykPd60NdJddbUWv_jw==/split_config.en.apk!/lib/arm64-v8a, /data/app/~~mod7R8gax5NFnr6WGLxbCA==/com.feels-twVZykPd60NdJddbUWv_jw==/split_config.mdpi.apk!/lib/arm64-v8a, /system/lib64, /system_ext/lib64]]"
},
{
    "type": "error",
    "extra": "hook all methods error",
    "package_name": "com.feels",
    "class_name": "com.gameanalytics.sdk.GameAnalyticsJNI",
    "error": "Error: java.lang.ClassNotFoundException: Didn't find class \"com.gameanalytics.sdk.GameAnalyticsJNI\" on path: DexPathList[[zip file \"/data/app/~~mod7R8gax5NFnr6WGLxbCA==/com.feels-twVZykPd60NdJddbUWv_jw==/base.apk\", zip file \"/data/app/~~mod7R8gax5NFnr6WGLxbCA==/com.feels-twVZykPd60NdJddbUWv_jw==/split_config.arm64_v8a.apk\", zip file \"/data/app/~~mod7R8gax5NFnr6WGLxbCA==/com.feels-twVZykPd60NdJddbUWv_jw==/split_config.en.apk\", zip file \"/data/app/~~mod7R8gax5NFnr6WGLxbCA==/com.feels-twVZykPd60NdJddbUWv_jw==/split_config.mdpi.apk\"],nativeLibraryDirectories=[/data/app/~~mod7R8gax5NFnr6WGLxbCA==/com.feels-twVZykPd60NdJddbUWv_jw==/lib/arm64, /data/app/~~mod7R8gax5NFnr6WGLxbCA==/com.feels-twVZykPd60NdJddbUWv_jw==/base.apk!/lib/arm64-v8a, /data/app/~~mod7R8gax5NFnr6WGLxbCA==/com.feels-twVZykPd60NdJddbUWv_jw==/split_config.arm64_v8a.apk!/lib/arm64-v8a, /data/app/~~mod7R8gax5NFnr6WGLxbCA==/com.feels-twVZykPd60NdJddbUWv_jw==/split_config.en.apk!/lib/arm64-v8a, /data/app/~~mod7R8gax5NFnr6WGLxbCA==/com.feels-twVZykPd60NdJddbUWv_jw==/split_config.mdpi.apk!/lib/arm64-v8a, /system/lib64, /system_ext/lib64]]"
},
{
    "type": "error",
    "extra": "hook all methods error",
    "package_name": "com.feels",
    "class_name": "com.appsflyer.AppsFlyerLib",
    "error": "Error: java.lang.ClassNotFoundException: Didn't find class \"com.appsflyer.AppsFlyerLib\" on path: DexPathList[[zip file \"/data/app/~~mod7R8gax5NFnr6WGLxbCA==/com.feels-twVZykPd60NdJddbUWv_jw==/base.apk\", zip file \"/data/app/~~mod7R8gax5NFnr6WGLxbCA==/com.feels-twVZykPd60NdJddbUWv_jw==/split_config.arm64_v8a.apk\", zip file \"/data/app/~~mod7R8gax5NFnr6WGLxbCA==/com.feels-twVZykPd60NdJddbUWv_jw==/split_config.en.apk\", zip file \"/data/app/~~mod7R8gax5NFnr6WGLxbCA==/com.feels-twVZykPd60NdJddbUWv_jw==/split_config.mdpi.apk\"],nativeLibraryDirectories=[/data/app/~~mod7R8gax5NFnr6WGLxbCA==/com.feels-twVZykPd60NdJddbUWv_jw==/lib/arm64, /data/app/~~mod7R8gax5NFnr6WGLxbCA==/com.feels-twVZykPd60NdJddbUWv_jw==/base.apk!/lib/arm64-v8a, /data/app/~~mod7R8gax5NFnr6WGLxbCA==/com.feels-twVZykPd60NdJddbUWv_jw==/split_config.arm64_v8a.apk!/lib/arm64-v8a, /data/app/~~mod7R8gax5NFnr6WGLxbCA==/com.feels-twVZykPd60NdJddbUWv_jw==/split_config.en.apk!/lib/arm64-v8a, /data/app/~~mod7R8gax5NFnr6WGLxbCA==/com.feels-twVZykPd60NdJddbUWv_jw==/split_config.mdpi.apk!/lib/arm64-v8a, /system/lib64, /system_ext/lib64]]"
},
{
    "type": "error",
    "extra": "hook all methods error",
    "package_name": "com.feels",
    "class_name": "admost.sdk.AdMostInterstitial",
    "error": "Error: java.lang.ClassNotFoundException: Didn't find class \"admost.sdk.AdMostInterstitial\" on path: DexPathList[[zip file \"/data/app/~~mod7R8gax5NFnr6WGLxbCA==/com.feels-twVZykPd60NdJddbUWv_jw==/base.apk\", zip file \"/data/app/~~mod7R8gax5NFnr6WGLxbCA==/com.feels-twVZykPd60NdJddbUWv_jw==/split_config.arm64_v8a.apk\", zip file \"/data/app/~~mod7R8gax5NFnr6WGLxbCA==/com.feels-twVZykPd60NdJddbUWv_jw==/split_config.en.apk\", zip file \"/data/app/~~mod7R8gax5NFnr6WGLxbCA==/com.feels-twVZykPd60NdJddbUWv_jw==/split_config.mdpi.apk\"],nativeLibraryDirectories=[/data/app/~~mod7R8gax5NFnr6WGLxbCA==/com.feels-twVZykPd60NdJddbUWv_jw==/lib/arm64, /data/app/~~mod7R8gax5NFnr6WGLxbCA==/com.feels-twVZykPd60NdJddbUWv_jw==/base.apk!/lib/arm64-v8a, /data/app/~~mod7R8gax5NFnr6WGLxbCA==/com.feels-twVZykPd60NdJddbUWv_jw==/split_config.arm64_v8a.apk!/lib/arm64-v8a, /data/app/~~mod7R8gax5NFnr6WGLxbCA==/com.feels-twVZykPd60NdJddbUWv_jw==/split_config.en.apk!/lib/arm64-v8a, /data/app/~~mod7R8gax5NFnr6WGLxbCA==/com.feels-twVZykPd60NdJddbUWv_jw==/split_config.mdpi.apk!/lib/arm64-v8a, /system/lib64, /system_ext/lib64]]"
},
{
    "type": "error",
    "extra": "hook all methods error",
    "package_name": "com.feels",
    "class_name": "com.smaato.sdk.core.SmaatoSdk",
    "error": "Error: java.lang.ClassNotFoundException: Didn't find class \"com.smaato.sdk.core.SmaatoSdk\" on path: DexPathList[[zip file \"/data/app/~~mod7R8gax5NFnr6WGLxbCA==/com.feels-twVZykPd60NdJddbUWv_jw==/base.apk\", zip file \"/data/app/~~mod7R8gax5NFnr6WGLxbCA==/com.feels-twVZykPd60NdJddbUWv_jw==/split_config.arm64_v8a.apk\", zip file \"/data/app/~~mod7R8gax5NFnr6WGLxbCA==/com.feels-twVZykPd60NdJddbUWv_jw==/split_config.en.apk\", zip file \"/data/app/~~mod7R8gax5NFnr6WGLxbCA==/com.feels-twVZykPd60NdJddbUWv_jw==/split_config.mdpi.apk\"],nativeLibraryDirectories=[/data/app/~~mod7R8gax5NFnr6WGLxbCA==/com.feels-twVZykPd60NdJddbUWv_jw==/lib/arm64, /data/app/~~mod7R8gax5NFnr6WGLxbCA==/com.feels-twVZykPd60NdJddbUWv_jw==/base.apk!/lib/arm64-v8a, /data/app/~~mod7R8gax5NFnr6WGLxbCA==/com.feels-twVZykPd60NdJddbUWv_jw==/split_config.arm64_v8a.apk!/lib/arm64-v8a, /data/app/~~mod7R8gax5NFnr6WGLxbCA==/com.feels-twVZykPd60NdJddbUWv_jw==/split_config.en.apk!/lib/arm64-v8a, /data/app/~~mod7R8gax5NFnr6WGLxbCA==/com.feels-twVZykPd60NdJddbUWv_jw==/split_config.mdpi.apk!/lib/arm64-v8a, /system/lib64, /system_ext/lib64]]"
},
{
    "type": "error",
    "extra": "hook all methods error",
    "package_name": "com.feels",
    "class_name": "sg.bigo.ads.api.InterstitialAdLoader",
    "error": "Error: java.lang.ClassNotFoundException: Didn't find class \"sg.bigo.ads.api.InterstitialAdLoader\" on path: DexPathList[[zip file \"/data/app/~~mod7R8gax5NFnr6WGLxbCA==/com.feels-twVZykPd60NdJddbUWv_jw==/base.apk\", zip file \"/data/app/~~mod7R8gax5NFnr6WGLxbCA==/com.feels-twVZykPd60NdJddbUWv_jw==/split_config.arm64_v8a.apk\", zip file \"/data/app/~~mod7R8gax5NFnr6WGLxbCA==/com.feels-twVZykPd60NdJddbUWv_jw==/split_config.en.apk\", zip file \"/data/app/~~mod7R8gax5NFnr6WGLxbCA==/com.feels-twVZykPd60NdJddbUWv_jw==/split_config.mdpi.apk\"],nativeLibraryDirectories=[/data/app/~~mod7R8gax5NFnr6WGLxbCA==/com.feels-twVZykPd60NdJddbUWv_jw==/lib/arm64, /data/app/~~mod7R8gax5NFnr6WGLxbCA==/com.feels-twVZykPd60NdJddbUWv_jw==/base.apk!/lib/arm64-v8a, /data/app/~~mod7R8gax5NFnr6WGLxbCA==/com.feels-twVZykPd60NdJddbUWv_jw==/split_config.arm64_v8a.apk!/lib/arm64-v8a, /data/app/~~mod7R8gax5NFnr6WGLxbCA==/com.feels-twVZykPd60NdJddbUWv_jw==/split_config.en.apk!/lib/arm64-v8a, /data/app/~~mod7R8gax5NFnr6WGLxbCA==/com.feels-twVZykPd60NdJddbUWv_jw==/split_config.mdpi.apk!/lib/arm64-v8a, /system/lib64, /system_ext/lib64]]"
},
{
    "type": "error",
    "extra": "hook all methods error",
    "package_name": "com.feels",
    "class_name": "com.google.android.ump.ConsentInformation",
    "error": "Error: java.lang.ClassNotFoundException: Didn't find class \"com.google.android.ump.ConsentInformation\" on path: DexPathList[[zip file \"/data/app/~~mod7R8gax5NFnr6WGLxbCA==/com.feels-twVZykPd60NdJddbUWv_jw==/base.apk\", zip file \"/data/app/~~mod7R8gax5NFnr6WGLxbCA==/com.feels-twVZykPd60NdJddbUWv_jw==/split_config.arm64_v8a.apk\", zip file \"/data/app/~~mod7R8gax5NFnr6WGLxbCA==/com.feels-twVZykPd60NdJddbUWv_jw==/split_config.en.apk\", zip file \"/data/app/~~mod7R8gax5NFnr6WGLxbCA==/com.feels-twVZykPd60NdJddbUWv_jw==/split_config.mdpi.apk\"],nativeLibraryDirectories=[/data/app/~~mod7R8gax5NFnr6WGLxbCA==/com.feels-twVZykPd60NdJddbUWv_jw==/lib/arm64, /data/app/~~mod7R8gax5NFnr6WGLxbCA==/com.feels-twVZykPd60NdJddbUWv_jw==/base.apk!/lib/arm64-v8a, /data/app/~~mod7R8gax5NFnr6WGLxbCA==/com.feels-twVZykPd60NdJddbUWv_jw==/split_config.arm64_v8a.apk!/lib/arm64-v8a, /data/app/~~mod7R8gax5NFnr6WGLxbCA==/com.feels-twVZykPd60NdJddbUWv_jw==/split_config.en.apk!/lib/arm64-v8a, /data/app/~~mod7R8gax5NFnr6WGLxbCA==/com.feels-twVZykPd60NdJddbUWv_jw==/split_config.mdpi.apk!/lib/arm64-v8a, /system/lib64, /system_ext/lib64]]"
},
{
    "type": "error",
    "extra": "hook all methods error",
    "package_name": "com.feels",
    "class_name": "com.flurry.android.ads.FlurryAdNative",
    "error": "Error: java.lang.ClassNotFoundException: Didn't find class \"com.flurry.android.ads.FlurryAdNative\" on path: DexPathList[[zip file \"/data/app/~~mod7R8gax5NFnr6WGLxbCA==/com.feels-twVZykPd60NdJddbUWv_jw==/base.apk\", zip file \"/data/app/~~mod7R8gax5NFnr6WGLxbCA==/com.feels-twVZykPd60NdJddbUWv_jw==/split_config.arm64_v8a.apk\", zip file \"/data/app/~~mod7R8gax5NFnr6WGLxbCA==/com.feels-twVZykPd60NdJddbUWv_jw==/split_config.en.apk\", zip file \"/data/app/~~mod7R8gax5NFnr6WGLxbCA==/com.feels-twVZykPd60NdJddbUWv_jw==/split_config.mdpi.apk\"],nativeLibraryDirectories=[/data/app/~~mod7R8gax5NFnr6WGLxbCA==/com.feels-twVZykPd60NdJddbUWv_jw==/lib/arm64, /data/app/~~mod7R8gax5NFnr6WGLxbCA==/com.feels-twVZykPd60NdJddbUWv_jw==/base.apk!/lib/arm64-v8a, /data/app/~~mod7R8gax5NFnr6WGLxbCA==/com.feels-twVZykPd60NdJddbUWv_jw==/split_config.arm64_v8a.apk!/lib/arm64-v8a, /data/app/~~mod7R8gax5NFnr6WGLxbCA==/com.feels-twVZykPd60NdJddbUWv_jw==/split_config.en.apk!/lib/arm64-v8a, /data/app/~~mod7R8gax5NFnr6WGLxbCA==/com.feels-twVZykPd60NdJddbUWv_jw==/split_config.mdpi.apk!/lib/arm64-v8a, /system/lib64, /system_ext/lib64]]"
},
{
    "type": "error",
    "extra": "hook all methods error",
    "package_name": "com.feels",
    "class_name": "com.appsflyer.MediationNetwork",
    "error": "Error: java.lang.ClassNotFoundException: Didn't find class \"com.appsflyer.MediationNetwork\" on path: DexPathList[[zip file \"/data/app/~~mod7R8gax5NFnr6WGLxbCA==/com.feels-twVZykPd60NdJddbUWv_jw==/base.apk\", zip file \"/data/app/~~mod7R8gax5NFnr6WGLxbCA==/com.feels-twVZykPd60NdJddbUWv_jw==/split_config.arm64_v8a.apk\", zip file \"/data/app/~~mod7R8gax5NFnr6WGLxbCA==/com.feels-twVZykPd60NdJddbUWv_jw==/split_config.en.apk\", zip file \"/data/app/~~mod7R8gax5NFnr6WGLxbCA==/com.feels-twVZykPd60NdJddbUWv_jw==/split_config.mdpi.apk\"],nativeLibraryDirectories=[/data/app/~~mod7R8gax5NFnr6WGLxbCA==/com.feels-twVZykPd60NdJddbUWv_jw==/lib/arm64, /data/app/~~mod7R8gax5NFnr6WGLxbCA==/com.feels-twVZykPd60NdJddbUWv_jw==/base.apk!/lib/arm64-v8a, /data/app/~~mod7R8gax5NFnr6WGLxbCA==/com.feels-twVZykPd60NdJddbUWv_jw==/split_config.arm64_v8a.apk!/lib/arm64-v8a, /data/app/~~mod7R8gax5NFnr6WGLxbCA==/com.feels-twVZykPd60NdJddbUWv_jw==/split_config.en.apk!/lib/arm64-v8a, /data/app/~~mod7R8gax5NFnr6WGLxbCA==/com.feels-twVZykPd60NdJddbUWv_jw==/split_config.mdpi.apk!/lib/arm64-v8a, /system/lib64, /system_ext/lib64]]"
},
{
    "type": "error",
    "extra": "hook all methods error",
    "package_name": "com.feels",
    "class_name": "com.applovin.sdk.AppLovinPrivacySettings",
    "error": "Error: java.lang.ClassNotFoundException: Didn't find class \"com.applovin.sdk.AppLovinPrivacySettings\" on path: DexPathList[[zip file \"/data/app/~~mod7R8gax5NFnr6WGLxbCA==/com.feels-twVZykPd60NdJddbUWv_jw==/base.apk\", zip file \"/data/app/~~mod7R8gax5NFnr6WGLxbCA==/com.feels-twVZykPd60NdJddbUWv_jw==/split_config.arm64_v8a.apk\", zip file \"/data/app/~~mod7R8gax5NFnr6WGLxbCA==/com.feels-twVZykPd60NdJddbUWv_jw==/split_config.en.apk\", zip file \"/data/app/~~mod7R8gax5NFnr6WGLxbCA==/com.feels-twVZykPd60NdJddbUWv_jw==/split_config.mdpi.apk\"],nativeLibraryDirectories=[/data/app/~~mod7R8gax5NFnr6WGLxbCA==/com.feels-twVZykPd60NdJddbUWv_jw==/lib/arm64, /data/app/~~mod7R8gax5NFnr6WGLxbCA==/com.feels-twVZykPd60NdJddbUWv_jw==/base.apk!/lib/arm64-v8a, /data/app/~~mod7R8gax5NFnr6WGLxbCA==/com.feels-twVZykPd60NdJddbUWv_jw==/split_config.arm64_v8a.apk!/lib/arm64-v8a, /data/app/~~mod7R8gax5NFnr6WGLxbCA==/com.feels-twVZykPd60NdJddbUWv_jw==/split_config.en.apk!/lib/arm64-v8a, /data/app/~~mod7R8gax5NFnr6WGLxbCA==/com.feels-twVZykPd60NdJddbUWv_jw==/split_config.mdpi.apk!/lib/arm64-v8a, /system/lib64, /system_ext/lib64]]"
},
{
    "type": "error",
    "extra": "hook all methods error",
    "package_name": "com.feels",
    "class_name": "com.appnext.banners.BannerAdRequest",
    "error": "Error: java.lang.ClassNotFoundException: Didn't find class \"com.appnext.banners.BannerAdRequest\" on path: DexPathList[[zip file \"/data/app/~~mod7R8gax5NFnr6WGLxbCA==/com.feels-twVZykPd60NdJddbUWv_jw==/base.apk\", zip file \"/data/app/~~mod7R8gax5NFnr6WGLxbCA==/com.feels-twVZykPd60NdJddbUWv_jw==/split_config.arm64_v8a.apk\", zip file \"/data/app/~~mod7R8gax5NFnr6WGLxbCA==/com.feels-twVZykPd60NdJddbUWv_jw==/split_config.en.apk\", zip file \"/data/app/~~mod7R8gax5NFnr6WGLxbCA==/com.feels-twVZykPd60NdJddbUWv_jw==/split_config.mdpi.apk\"],nativeLibraryDirectories=[/data/app/~~mod7R8gax5NFnr6WGLxbCA==/com.feels-twVZykPd60NdJddbUWv_jw==/lib/arm64, /data/app/~~mod7R8gax5NFnr6WGLxbCA==/com.feels-twVZykPd60NdJddbUWv_jw==/base.apk!/lib/arm64-v8a, /data/app/~~mod7R8gax5NFnr6WGLxbCA==/com.feels-twVZykPd60NdJddbUWv_jw==/split_config.arm64_v8a.apk!/lib/arm64-v8a, /data/app/~~mod7R8gax5NFnr6WGLxbCA==/com.feels-twVZykPd60NdJddbUWv_jw==/split_config.en.apk!/lib/arm64-v8a, /data/app/~~mod7R8gax5NFnr6WGLxbCA==/com.feels-twVZykPd60NdJddbUWv_jw==/split_config.mdpi.apk!/lib/arm64-v8a, /system/lib64, /system_ext/lib64]]"
},
{
    "type": "error",
    "extra": "hook all methods error",
    "package_name": "com.feels",
    "class_name": "com.my.target.ads.RewardedAd",
    "error": "Error: java.lang.ClassNotFoundException: Didn't find class \"com.my.target.ads.RewardedAd\" on path: DexPathList[[zip file \"/data/app/~~mod7R8gax5NFnr6WGLxbCA==/com.feels-twVZykPd60NdJddbUWv_jw==/base.apk\", zip file \"/data/app/~~mod7R8gax5NFnr6WGLxbCA==/com.feels-twVZykPd60NdJddbUWv_jw==/split_config.arm64_v8a.apk\", zip file \"/data/app/~~mod7R8gax5NFnr6WGLxbCA==/com.feels-twVZykPd60NdJddbUWv_jw==/split_config.en.apk\", zip file \"/data/app/~~mod7R8gax5NFnr6WGLxbCA==/com.feels-twVZykPd60NdJddbUWv_jw==/split_config.mdpi.apk\"],nativeLibraryDirectories=[/data/app/~~mod7R8gax5NFnr6WGLxbCA==/com.feels-twVZykPd60NdJddbUWv_jw==/lib/arm64, /data/app/~~mod7R8gax5NFnr6WGLxbCA==/com.feels-twVZykPd60NdJddbUWv_jw==/base.apk!/lib/arm64-v8a, /data/app/~~mod7R8gax5NFnr6WGLxbCA==/com.feels-twVZykPd60NdJddbUWv_jw==/split_config.arm64_v8a.apk!/lib/arm64-v8a, /data/app/~~mod7R8gax5NFnr6WGLxbCA==/com.feels-twVZykPd60NdJddbUWv_jw==/split_config.en.apk!/lib/arm64-v8a, /data/app/~~mod7R8gax5NFnr6WGLxbCA==/com.feels-twVZykPd60NdJddbUWv_jw==/split_config.mdpi.apk!/lib/arm64-v8a, /system/lib64, /system_ext/lib64]]"
},
{
    "type": "error",
    "extra": "hook all methods error",
    "package_name": "com.feels",
    "class_name": "com.flurry.android.FlurryConsent",
    "error": "Error: java.lang.ClassNotFoundException: Didn't find class \"com.flurry.android.FlurryConsent\" on path: DexPathList[[zip file \"/data/app/~~mod7R8gax5NFnr6WGLxbCA==/com.feels-twVZykPd60NdJddbUWv_jw==/base.apk\", zip file \"/data/app/~~mod7R8gax5NFnr6WGLxbCA==/com.feels-twVZykPd60NdJddbUWv_jw==/split_config.arm64_v8a.apk\", zip file \"/data/app/~~mod7R8gax5NFnr6WGLxbCA==/com.feels-twVZykPd60NdJddbUWv_jw==/split_config.en.apk\", zip file \"/data/app/~~mod7R8gax5NFnr6WGLxbCA==/com.feels-twVZykPd60NdJddbUWv_jw==/split_config.mdpi.apk\"],nativeLibraryDirectories=[/data/app/~~mod7R8gax5NFnr6WGLxbCA==/com.feels-twVZykPd60NdJddbUWv_jw==/lib/arm64, /data/app/~~mod7R8gax5NFnr6WGLxbCA==/com.feels-twVZykPd60NdJddbUWv_jw==/base.apk!/lib/arm64-v8a, /data/app/~~mod7R8gax5NFnr6WGLxbCA==/com.feels-twVZykPd60NdJddbUWv_jw==/split_config.arm64_v8a.apk!/lib/arm64-v8a, /data/app/~~mod7R8gax5NFnr6WGLxbCA==/com.feels-twVZykPd60NdJddbUWv_jw==/split_config.en.apk!/lib/arm64-v8a, /data/app/~~mod7R8gax5NFnr6WGLxbCA==/com.feels-twVZykPd60NdJddbUWv_jw==/split_config.mdpi.apk!/lib/arm64-v8a, /system/lib64, /system_ext/lib64]]"
},
{
    "type": "error",
    "extra": "hook all methods error",
    "package_name": "com.feels",
    "class_name": "com.google.android.gms.analytics.GoogleAnalytics",
    "error": "Error: java.lang.ClassNotFoundException: Didn't find class \"com.google.android.gms.analytics.GoogleAnalytics\" on path: DexPathList[[zip file \"/data/app/~~mod7R8gax5NFnr6WGLxbCA==/com.feels-twVZykPd60NdJddbUWv_jw==/base.apk\", zip file \"/data/app/~~mod7R8gax5NFnr6WGLxbCA==/com.feels-twVZykPd60NdJddbUWv_jw==/split_config.arm64_v8a.apk\", zip file \"/data/app/~~mod7R8gax5NFnr6WGLxbCA==/com.feels-twVZykPd60NdJddbUWv_jw==/split_config.en.apk\", zip file \"/data/app/~~mod7R8gax5NFnr6WGLxbCA==/com.feels-twVZykPd60NdJddbUWv_jw==/split_config.mdpi.apk\"],nativeLibraryDirectories=[/data/app/~~mod7R8gax5NFnr6WGLxbCA==/com.feels-twVZykPd60NdJddbUWv_jw==/lib/arm64, /data/app/~~mod7R8gax5NFnr6WGLxbCA==/com.feels-twVZykPd60NdJddbUWv_jw==/base.apk!/lib/arm64-v8a, /data/app/~~mod7R8gax5NFnr6WGLxbCA==/com.feels-twVZykPd60NdJddbUWv_jw==/split_config.arm64_v8a.apk!/lib/arm64-v8a, /data/app/~~mod7R8gax5NFnr6WGLxbCA==/com.feels-twVZykPd60NdJddbUWv_jw==/split_config.en.apk!/lib/arm64-v8a, /data/app/~~mod7R8gax5NFnr6WGLxbCA==/com.feels-twVZykPd60NdJddbUWv_jw==/split_config.mdpi.apk!/lib/arm64-v8a, /system/lib64, /system_ext/lib64]]"
},
{
    "type": "error",
    "extra": "hook all methods error",
    "package_name": "com.feels",
    "class_name": "com.mobilefuse.sdk.MobileFuseTargetingData",
    "error": "Error: java.lang.ClassNotFoundException: Didn't find class \"com.mobilefuse.sdk.MobileFuseTargetingData\" on path: DexPathList[[zip file \"/data/app/~~mod7R8gax5NFnr6WGLxbCA==/com.feels-twVZykPd60NdJddbUWv_jw==/base.apk\", zip file \"/data/app/~~mod7R8gax5NFnr6WGLxbCA==/com.feels-twVZykPd60NdJddbUWv_jw==/split_config.arm64_v8a.apk\", zip file \"/data/app/~~mod7R8gax5NFnr6WGLxbCA==/com.feels-twVZykPd60NdJddbUWv_jw==/split_config.en.apk\", zip file \"/data/app/~~mod7R8gax5NFnr6WGLxbCA==/com.feels-twVZykPd60NdJddbUWv_jw==/split_config.mdpi.apk\"],nativeLibraryDirectories=[/data/app/~~mod7R8gax5NFnr6WGLxbCA==/com.feels-twVZykPd60NdJddbUWv_jw==/lib/arm64, /data/app/~~mod7R8gax5NFnr6WGLxbCA==/com.feels-twVZykPd60NdJddbUWv_jw==/base.apk!/lib/arm64-v8a, /data/app/~~mod7R8gax5NFnr6WGLxbCA==/com.feels-twVZykPd60NdJddbUWv_jw==/split_config.arm64_v8a.apk!/lib/arm64-v8a, /data/app/~~mod7R8gax5NFnr6WGLxbCA==/com.feels-twVZykPd60NdJddbUWv_jw==/split_config.en.apk!/lib/arm64-v8a, /data/app/~~mod7R8gax5NFnr6WGLxbCA==/com.feels-twVZykPd60NdJddbUWv_jw==/split_config.mdpi.apk!/lib/arm64-v8a, /system/lib64, /system_ext/lib64]]"
},
{
    "type": "error",
    "extra": "hook all methods error",
    "package_name": "com.feels",
    "class_name": "com.localytics.androidx.Localytics",
    "error": "Error: java.lang.ClassNotFoundException: Didn't find class \"com.localytics.androidx.Localytics\" on path: DexPathList[[zip file \"/data/app/~~mod7R8gax5NFnr6WGLxbCA==/com.feels-twVZykPd60NdJddbUWv_jw==/base.apk\", zip file \"/data/app/~~mod7R8gax5NFnr6WGLxbCA==/com.feels-twVZykPd60NdJddbUWv_jw==/split_config.arm64_v8a.apk\", zip file \"/data/app/~~mod7R8gax5NFnr6WGLxbCA==/com.feels-twVZykPd60NdJddbUWv_jw==/split_config.en.apk\", zip file \"/data/app/~~mod7R8gax5NFnr6WGLxbCA==/com.feels-twVZykPd60NdJddbUWv_jw==/split_config.mdpi.apk\"],nativeLibraryDirectories=[/data/app/~~mod7R8gax5NFnr6WGLxbCA==/com.feels-twVZykPd60NdJddbUWv_jw==/lib/arm64, /data/app/~~mod7R8gax5NFnr6WGLxbCA==/com.feels-twVZykPd60NdJddbUWv_jw==/base.apk!/lib/arm64-v8a, /data/app/~~mod7R8gax5NFnr6WGLxbCA==/com.feels-twVZykPd60NdJddbUWv_jw==/split_config.arm64_v8a.apk!/lib/arm64-v8a, /data/app/~~mod7R8gax5NFnr6WGLxbCA==/com.feels-twVZykPd60NdJddbUWv_jw==/split_config.en.apk!/lib/arm64-v8a, /data/app/~~mod7R8gax5NFnr6WGLxbCA==/com.feels-twVZykPd60NdJddbUWv_jw==/split_config.mdpi.apk!/lib/arm64-v8a, /system/lib64, /system_ext/lib64]]"
},
{
    "type": "error",
    "extra": "hook all methods error",
    "package_name": "com.feels",
    "class_name": "com.google.android.ump.UserMessagingPlatform",
    "error": "Error: java.lang.ClassNotFoundException: Didn't find class \"com.google.android.ump.UserMessagingPlatform\" on path: DexPathList[[zip file \"/data/app/~~mod7R8gax5NFnr6WGLxbCA==/com.feels-twVZykPd60NdJddbUWv_jw==/base.apk\", zip file \"/data/app/~~mod7R8gax5NFnr6WGLxbCA==/com.feels-twVZykPd60NdJddbUWv_jw==/split_config.arm64_v8a.apk\", zip file \"/data/app/~~mod7R8gax5NFnr6WGLxbCA==/com.feels-twVZykPd60NdJddbUWv_jw==/split_config.en.apk\", zip file \"/data/app/~~mod7R8gax5NFnr6WGLxbCA==/com.feels-twVZykPd60NdJddbUWv_jw==/split_config.mdpi.apk\"],nativeLibraryDirectories=[/data/app/~~mod7R8gax5NFnr6WGLxbCA==/com.feels-twVZykPd60NdJddbUWv_jw==/lib/arm64, /data/app/~~mod7R8gax5NFnr6WGLxbCA==/com.feels-twVZykPd60NdJddbUWv_jw==/base.apk!/lib/arm64-v8a, /data/app/~~mod7R8gax5NFnr6WGLxbCA==/com.feels-twVZykPd60NdJddbUWv_jw==/split_config.arm64_v8a.apk!/lib/arm64-v8a, /data/app/~~mod7R8gax5NFnr6WGLxbCA==/com.feels-twVZykPd60NdJddbUWv_jw==/split_config.en.apk!/lib/arm64-v8a, /data/app/~~mod7R8gax5NFnr6WGLxbCA==/com.feels-twVZykPd60NdJddbUWv_jw==/split_config.mdpi.apk!/lib/arm64-v8a, /system/lib64, /system_ext/lib64]]"
},
{
    "type": "error",
    "extra": "hook all methods error",
    "package_name": "com.feels",
    "class_name": "com.my.target.common.MyTargetManager",
    "error": "Error: java.lang.ClassNotFoundException: Didn't find class \"com.my.target.common.MyTargetManager\" on path: DexPathList[[zip file \"/data/app/~~mod7R8gax5NFnr6WGLxbCA==/com.feels-twVZykPd60NdJddbUWv_jw==/base.apk\", zip file \"/data/app/~~mod7R8gax5NFnr6WGLxbCA==/com.feels-twVZykPd60NdJddbUWv_jw==/split_config.arm64_v8a.apk\", zip file \"/data/app/~~mod7R8gax5NFnr6WGLxbCA==/com.feels-twVZykPd60NdJddbUWv_jw==/split_config.en.apk\", zip file \"/data/app/~~mod7R8gax5NFnr6WGLxbCA==/com.feels-twVZykPd60NdJddbUWv_jw==/split_config.mdpi.apk\"],nativeLibraryDirectories=[/data/app/~~mod7R8gax5NFnr6WGLxbCA==/com.feels-twVZykPd60NdJddbUWv_jw==/lib/arm64, /data/app/~~mod7R8gax5NFnr6WGLxbCA==/com.feels-twVZykPd60NdJddbUWv_jw==/base.apk!/lib/arm64-v8a, /data/app/~~mod7R8gax5NFnr6WGLxbCA==/com.feels-twVZykPd60NdJddbUWv_jw==/split_config.arm64_v8a.apk!/lib/arm64-v8a, /data/app/~~mod7R8gax5NFnr6WGLxbCA==/com.feels-twVZykPd60NdJddbUWv_jw==/split_config.en.apk!/lib/arm64-v8a, /data/app/~~mod7R8gax5NFnr6WGLxbCA==/com.feels-twVZykPd60NdJddbUWv_jw==/split_config.mdpi.apk!/lib/arm64-v8a, /system/lib64, /system_ext/lib64]]"
},
{
    "type": "error",
    "extra": "hook all methods error",
    "package_name": "com.feels",
    "class_name": "com.tapjoy.TJPrivacyPolicy",
    "error": "Error: java.lang.ClassNotFoundException: Didn't find class \"com.tapjoy.TJPrivacyPolicy\" on path: DexPathList[[zip file \"/data/app/~~mod7R8gax5NFnr6WGLxbCA==/com.feels-twVZykPd60NdJddbUWv_jw==/base.apk\", zip file \"/data/app/~~mod7R8gax5NFnr6WGLxbCA==/com.feels-twVZykPd60NdJddbUWv_jw==/split_config.arm64_v8a.apk\", zip file \"/data/app/~~mod7R8gax5NFnr6WGLxbCA==/com.feels-twVZykPd60NdJddbUWv_jw==/split_config.en.apk\", zip file \"/data/app/~~mod7R8gax5NFnr6WGLxbCA==/com.feels-twVZykPd60NdJddbUWv_jw==/split_config.mdpi.apk\"],nativeLibraryDirectories=[/data/app/~~mod7R8gax5NFnr6WGLxbCA==/com.feels-twVZykPd60NdJddbUWv_jw==/lib/arm64, /data/app/~~mod7R8gax5NFnr6WGLxbCA==/com.feels-twVZykPd60NdJddbUWv_jw==/base.apk!/lib/arm64-v8a, /data/app/~~mod7R8gax5NFnr6WGLxbCA==/com.feels-twVZykPd60NdJddbUWv_jw==/split_config.arm64_v8a.apk!/lib/arm64-v8a, /data/app/~~mod7R8gax5NFnr6WGLxbCA==/com.feels-twVZykPd60NdJddbUWv_jw==/split_config.en.apk!/lib/arm64-v8a, /data/app/~~mod7R8gax5NFnr6WGLxbCA==/com.feels-twVZykPd60NdJddbUWv_jw==/split_config.mdpi.apk!/lib/arm64-v8a, /system/lib64, /system_ext/lib64]]"
},
{
    "type": "error",
    "extra": "hook all methods error",
    "package_name": "com.feels",
    "class_name": "com.appnext.nativeads.NativeAdRequest",
    "error": "Error: java.lang.ClassNotFoundException: Didn't find class \"com.appnext.nativeads.NativeAdRequest\" on path: DexPathList[[zip file \"/data/app/~~mod7R8gax5NFnr6WGLxbCA==/com.feels-twVZykPd60NdJddbUWv_jw==/base.apk\", zip file \"/data/app/~~mod7R8gax5NFnr6WGLxbCA==/com.feels-twVZykPd60NdJddbUWv_jw==/split_config.arm64_v8a.apk\", zip file \"/data/app/~~mod7R8gax5NFnr6WGLxbCA==/com.feels-twVZykPd60NdJddbUWv_jw==/split_config.en.apk\", zip file \"/data/app/~~mod7R8gax5NFnr6WGLxbCA==/com.feels-twVZykPd60NdJddbUWv_jw==/split_config.mdpi.apk\"],nativeLibraryDirectories=[/data/app/~~mod7R8gax5NFnr6WGLxbCA==/com.feels-twVZykPd60NdJddbUWv_jw==/lib/arm64, /data/app/~~mod7R8gax5NFnr6WGLxbCA==/com.feels-twVZykPd60NdJddbUWv_jw==/base.apk!/lib/arm64-v8a, /data/app/~~mod7R8gax5NFnr6WGLxbCA==/com.feels-twVZykPd60NdJddbUWv_jw==/split_config.arm64_v8a.apk!/lib/arm64-v8a, /data/app/~~mod7R8gax5NFnr6WGLxbCA==/com.feels-twVZykPd60NdJddbUWv_jw==/split_config.en.apk!/lib/arm64-v8a, /data/app/~~mod7R8gax5NFnr6WGLxbCA==/com.feels-twVZykPd60NdJddbUWv_jw==/split_config.mdpi.apk!/lib/arm64-v8a, /system/lib64, /system_ext/lib64]]"
},
{
    "type": "error",
    "extra": "hook all methods error",
    "package_name": "com.feels",
    "class_name": "com.google.sdk.android.gms.ads.admanager.AdManagerAdRequest",
    "error": "Error: java.lang.ClassNotFoundException: Didn't find class \"com.google.sdk.android.gms.ads.admanager.AdManagerAdRequest\" on path: DexPathList[[zip file \"/data/app/~~mod7R8gax5NFnr6WGLxbCA==/com.feels-twVZykPd60NdJddbUWv_jw==/base.apk\", zip file \"/data/app/~~mod7R8gax5NFnr6WGLxbCA==/com.feels-twVZykPd60NdJddbUWv_jw==/split_config.arm64_v8a.apk\", zip file \"/data/app/~~mod7R8gax5NFnr6WGLxbCA==/com.feels-twVZykPd60NdJddbUWv_jw==/split_config.en.apk\", zip file \"/data/app/~~mod7R8gax5NFnr6WGLxbCA==/com.feels-twVZykPd60NdJddbUWv_jw==/split_config.mdpi.apk\"],nativeLibraryDirectories=[/data/app/~~mod7R8gax5NFnr6WGLxbCA==/com.feels-twVZykPd60NdJddbUWv_jw==/lib/arm64, /data/app/~~mod7R8gax5NFnr6WGLxbCA==/com.feels-twVZykPd60NdJddbUWv_jw==/base.apk!/lib/arm64-v8a, /data/app/~~mod7R8gax5NFnr6WGLxbCA==/com.feels-twVZykPd60NdJddbUWv_jw==/split_config.arm64_v8a.apk!/lib/arm64-v8a, /data/app/~~mod7R8gax5NFnr6WGLxbCA==/com.feels-twVZykPd60NdJddbUWv_jw==/split_config.en.apk!/lib/arm64-v8a, /data/app/~~mod7R8gax5NFnr6WGLxbCA==/com.feels-twVZykPd60NdJddbUWv_jw==/split_config.mdpi.apk!/lib/arm64-v8a, /system/lib64, /system_ext/lib64]]"
},
{
    "type": "error",
    "extra": "hook all methods error",
    "package_name": "com.feels",
    "class_name": "com.startapp.sdk.adsbase.StartAppAd",
    "error": "Error: java.lang.ClassNotFoundException: Didn't find class \"com.startapp.sdk.adsbase.StartAppAd\" on path: DexPathList[[zip file \"/data/app/~~mod7R8gax5NFnr6WGLxbCA==/com.feels-twVZykPd60NdJddbUWv_jw==/base.apk\", zip file \"/data/app/~~mod7R8gax5NFnr6WGLxbCA==/com.feels-twVZykPd60NdJddbUWv_jw==/split_config.arm64_v8a.apk\", zip file \"/data/app/~~mod7R8gax5NFnr6WGLxbCA==/com.feels-twVZykPd60NdJddbUWv_jw==/split_config.en.apk\", zip file \"/data/app/~~mod7R8gax5NFnr6WGLxbCA==/com.feels-twVZykPd60NdJddbUWv_jw==/split_config.mdpi.apk\"],nativeLibraryDirectories=[/data/app/~~mod7R8gax5NFnr6WGLxbCA==/com.feels-twVZykPd60NdJddbUWv_jw==/lib/arm64, /data/app/~~mod7R8gax5NFnr6WGLxbCA==/com.feels-twVZykPd60NdJddbUWv_jw==/base.apk!/lib/arm64-v8a, /data/app/~~mod7R8gax5NFnr6WGLxbCA==/com.feels-twVZykPd60NdJddbUWv_jw==/split_config.arm64_v8a.apk!/lib/arm64-v8a, /data/app/~~mod7R8gax5NFnr6WGLxbCA==/com.feels-twVZykPd60NdJddbUWv_jw==/split_config.en.apk!/lib/arm64-v8a, /data/app/~~mod7R8gax5NFnr6WGLxbCA==/com.feels-twVZykPd60NdJddbUWv_jw==/split_config.mdpi.apk!/lib/arm64-v8a, /system/lib64, /system_ext/lib64]]"
},
{
    "type": "error",
    "extra": "hook all methods error",
    "package_name": "com.feels",
    "class_name": "com.supersonic.mediationsdk.sdk.Supersonic",
    "error": "Error: java.lang.ClassNotFoundException: Didn't find class \"com.supersonic.mediationsdk.sdk.Supersonic\" on path: DexPathList[[zip file \"/data/app/~~mod7R8gax5NFnr6WGLxbCA==/com.feels-twVZykPd60NdJddbUWv_jw==/base.apk\", zip file \"/data/app/~~mod7R8gax5NFnr6WGLxbCA==/com.feels-twVZykPd60NdJddbUWv_jw==/split_config.arm64_v8a.apk\", zip file \"/data/app/~~mod7R8gax5NFnr6WGLxbCA==/com.feels-twVZykPd60NdJddbUWv_jw==/split_config.en.apk\", zip file \"/data/app/~~mod7R8gax5NFnr6WGLxbCA==/com.feels-twVZykPd60NdJddbUWv_jw==/split_config.mdpi.apk\"],nativeLibraryDirectories=[/data/app/~~mod7R8gax5NFnr6WGLxbCA==/com.feels-twVZykPd60NdJddbUWv_jw==/lib/arm64, /data/app/~~mod7R8gax5NFnr6WGLxbCA==/com.feels-twVZykPd60NdJddbUWv_jw==/base.apk!/lib/arm64-v8a, /data/app/~~mod7R8gax5NFnr6WGLxbCA==/com.feels-twVZykPd60NdJddbUWv_jw==/split_config.arm64_v8a.apk!/lib/arm64-v8a, /data/app/~~mod7R8gax5NFnr6WGLxbCA==/com.feels-twVZykPd60NdJddbUWv_jw==/split_config.en.apk!/lib/arm64-v8a, /data/app/~~mod7R8gax5NFnr6WGLxbCA==/com.feels-twVZykPd60NdJddbUWv_jw==/split_config.mdpi.apk!/lib/arm64-v8a, /system/lib64, /system_ext/lib64]]"
},
{
    "type": "error",
    "extra": "hook all methods error",
    "package_name": "com.feels",
    "class_name": "com.appnext.base.Appnext",
    "error": "Error: java.lang.ClassNotFoundException: Didn't find class \"com.appnext.base.Appnext\" on path: DexPathList[[zip file \"/data/app/~~mod7R8gax5NFnr6WGLxbCA==/com.feels-twVZykPd60NdJddbUWv_jw==/base.apk\", zip file \"/data/app/~~mod7R8gax5NFnr6WGLxbCA==/com.feels-twVZykPd60NdJddbUWv_jw==/split_config.arm64_v8a.apk\", zip file \"/data/app/~~mod7R8gax5NFnr6WGLxbCA==/com.feels-twVZykPd60NdJddbUWv_jw==/split_config.en.apk\", zip file \"/data/app/~~mod7R8gax5NFnr6WGLxbCA==/com.feels-twVZykPd60NdJddbUWv_jw==/split_config.mdpi.apk\"],nativeLibraryDirectories=[/data/app/~~mod7R8gax5NFnr6WGLxbCA==/com.feels-twVZykPd60NdJddbUWv_jw==/lib/arm64, /data/app/~~mod7R8gax5NFnr6WGLxbCA==/com.feels-twVZykPd60NdJddbUWv_jw==/base.apk!/lib/arm64-v8a, /data/app/~~mod7R8gax5NFnr6WGLxbCA==/com.feels-twVZykPd60NdJddbUWv_jw==/split_config.arm64_v8a.apk!/lib/arm64-v8a, /data/app/~~mod7R8gax5NFnr6WGLxbCA==/com.feels-twVZykPd60NdJddbUWv_jw==/split_config.en.apk!/lib/arm64-v8a, /data/app/~~mod7R8gax5NFnr6WGLxbCA==/com.feels-twVZykPd60NdJddbUWv_jw==/split_config.mdpi.apk!/lib/arm64-v8a, /system/lib64, /system_ext/lib64]]"
},
{
    "type": "error",
    "extra": "hook all methods error",
    "package_name": "com.feels",
    "class_name": "com.appnext.ads.fullscreen.RewardedVideo",
    "error": "Error: java.lang.ClassNotFoundException: Didn't find class \"com.appnext.ads.fullscreen.RewardedVideo\" on path: DexPathList[[zip file \"/data/app/~~mod7R8gax5NFnr6WGLxbCA==/com.feels-twVZykPd60NdJddbUWv_jw==/base.apk\", zip file \"/data/app/~~mod7R8gax5NFnr6WGLxbCA==/com.feels-twVZykPd60NdJddbUWv_jw==/split_config.arm64_v8a.apk\", zip file \"/data/app/~~mod7R8gax5NFnr6WGLxbCA==/com.feels-twVZykPd60NdJddbUWv_jw==/split_config.en.apk\", zip file \"/data/app/~~mod7R8gax5NFnr6WGLxbCA==/com.feels-twVZykPd60NdJddbUWv_jw==/split_config.mdpi.apk\"],nativeLibraryDirectories=[/data/app/~~mod7R8gax5NFnr6WGLxbCA==/com.feels-twVZykPd60NdJddbUWv_jw==/lib/arm64, /data/app/~~mod7R8gax5NFnr6WGLxbCA==/com.feels-twVZykPd60NdJddbUWv_jw==/base.apk!/lib/arm64-v8a, /data/app/~~mod7R8gax5NFnr6WGLxbCA==/com.feels-twVZykPd60NdJddbUWv_jw==/split_config.arm64_v8a.apk!/lib/arm64-v8a, /data/app/~~mod7R8gax5NFnr6WGLxbCA==/com.feels-twVZykPd60NdJddbUWv_jw==/split_config.en.apk!/lib/arm64-v8a, /data/app/~~mod7R8gax5NFnr6WGLxbCA==/com.feels-twVZykPd60NdJddbUWv_jw==/split_config.mdpi.apk!/lib/arm64-v8a, /system/lib64, /system_ext/lib64]]"
},
{
    "type": "error",
    "extra": "hook all methods error",
    "package_name": "com.feels",
    "class_name": "sg.bigo.ads.ConsentOptions",
    "error": "Error: java.lang.ClassNotFoundException: Didn't find class \"sg.bigo.ads.ConsentOptions\" on path: DexPathList[[zip file \"/data/app/~~mod7R8gax5NFnr6WGLxbCA==/com.feels-twVZykPd60NdJddbUWv_jw==/base.apk\", zip file \"/data/app/~~mod7R8gax5NFnr6WGLxbCA==/com.feels-twVZykPd60NdJddbUWv_jw==/split_config.arm64_v8a.apk\", zip file \"/data/app/~~mod7R8gax5NFnr6WGLxbCA==/com.feels-twVZykPd60NdJddbUWv_jw==/split_config.en.apk\", zip file \"/data/app/~~mod7R8gax5NFnr6WGLxbCA==/com.feels-twVZykPd60NdJddbUWv_jw==/split_config.mdpi.apk\"],nativeLibraryDirectories=[/data/app/~~mod7R8gax5NFnr6WGLxbCA==/com.feels-twVZykPd60NdJddbUWv_jw==/lib/arm64, /data/app/~~mod7R8gax5NFnr6WGLxbCA==/com.feels-twVZykPd60NdJddbUWv_jw==/base.apk!/lib/arm64-v8a, /data/app/~~mod7R8gax5NFnr6WGLxbCA==/com.feels-twVZykPd60NdJddbUWv_jw==/split_config.arm64_v8a.apk!/lib/arm64-v8a, /data/app/~~mod7R8gax5NFnr6WGLxbCA==/com.feels-twVZykPd60NdJddbUWv_jw==/split_config.en.apk!/lib/arm64-v8a, /data/app/~~mod7R8gax5NFnr6WGLxbCA==/com.feels-twVZykPd60NdJddbUWv_jw==/split_config.mdpi.apk!/lib/arm64-v8a, /system/lib64, /system_ext/lib64]]"
},
{
    "type": "error",
    "extra": "hook all methods error",
    "package_name": "com.feels",
    "class_name": "com.chartboost.sdk.ads.Rewarded",
    "error": "Error: java.lang.ClassNotFoundException: Didn't find class \"com.chartboost.sdk.ads.Rewarded\" on path: DexPathList[[zip file \"/data/app/~~mod7R8gax5NFnr6WGLxbCA==/com.feels-twVZykPd60NdJddbUWv_jw==/base.apk\", zip file \"/data/app/~~mod7R8gax5NFnr6WGLxbCA==/com.feels-twVZykPd60NdJddbUWv_jw==/split_config.arm64_v8a.apk\", zip file \"/data/app/~~mod7R8gax5NFnr6WGLxbCA==/com.feels-twVZykPd60NdJddbUWv_jw==/split_config.en.apk\", zip file \"/data/app/~~mod7R8gax5NFnr6WGLxbCA==/com.feels-twVZykPd60NdJddbUWv_jw==/split_config.mdpi.apk\"],nativeLibraryDirectories=[/data/app/~~mod7R8gax5NFnr6WGLxbCA==/com.feels-twVZykPd60NdJddbUWv_jw==/lib/arm64, /data/app/~~mod7R8gax5NFnr6WGLxbCA==/com.feels-twVZykPd60NdJddbUWv_jw==/base.apk!/lib/arm64-v8a, /data/app/~~mod7R8gax5NFnr6WGLxbCA==/com.feels-twVZykPd60NdJddbUWv_jw==/split_config.arm64_v8a.apk!/lib/arm64-v8a, /data/app/~~mod7R8gax5NFnr6WGLxbCA==/com.feels-twVZykPd60NdJddbUWv_jw==/split_config.en.apk!/lib/arm64-v8a, /data/app/~~mod7R8gax5NFnr6WGLxbCA==/com.feels-twVZykPd60NdJddbUWv_jw==/split_config.mdpi.apk!/lib/arm64-v8a, /system/lib64, /system_ext/lib64]]"
},
{
    "type": "error",
    "extra": "hook all methods error",
    "package_name": "com.feels",
    "class_name": "com.chartboost.sdk.Analytics",
    "error": "Error: java.lang.ClassNotFoundException: Didn't find class \"com.chartboost.sdk.Analytics\" on path: DexPathList[[zip file \"/data/app/~~mod7R8gax5NFnr6WGLxbCA==/com.feels-twVZykPd60NdJddbUWv_jw==/base.apk\", zip file \"/data/app/~~mod7R8gax5NFnr6WGLxbCA==/com.feels-twVZykPd60NdJddbUWv_jw==/split_config.arm64_v8a.apk\", zip file \"/data/app/~~mod7R8gax5NFnr6WGLxbCA==/com.feels-twVZykPd60NdJddbUWv_jw==/split_config.en.apk\", zip file \"/data/app/~~mod7R8gax5NFnr6WGLxbCA==/com.feels-twVZykPd60NdJddbUWv_jw==/split_config.mdpi.apk\"],nativeLibraryDirectories=[/data/app/~~mod7R8gax5NFnr6WGLxbCA==/com.feels-twVZykPd60NdJddbUWv_jw==/lib/arm64, /data/app/~~mod7R8gax5NFnr6WGLxbCA==/com.feels-twVZykPd60NdJddbUWv_jw==/base.apk!/lib/arm64-v8a, /data/app/~~mod7R8gax5NFnr6WGLxbCA==/com.feels-twVZykPd60NdJddbUWv_jw==/split_config.arm64_v8a.apk!/lib/arm64-v8a, /data/app/~~mod7R8gax5NFnr6WGLxbCA==/com.feels-twVZykPd60NdJddbUWv_jw==/split_config.en.apk!/lib/arm64-v8a, /data/app/~~mod7R8gax5NFnr6WGLxbCA==/com.feels-twVZykPd60NdJddbUWv_jw==/split_config.mdpi.apk!/lib/arm64-v8a, /system/lib64, /system_ext/lib64]]"
},
{
    "type": "error",
    "extra": "hook all methods error",
    "package_name": "com.feels",
    "class_name": "com.inmobi.ads.InMobiAudio",
    "error": "Error: java.lang.ClassNotFoundException: Didn't find class \"com.inmobi.ads.InMobiAudio\" on path: DexPathList[[zip file \"/data/app/~~mod7R8gax5NFnr6WGLxbCA==/com.feels-twVZykPd60NdJddbUWv_jw==/base.apk\", zip file \"/data/app/~~mod7R8gax5NFnr6WGLxbCA==/com.feels-twVZykPd60NdJddbUWv_jw==/split_config.arm64_v8a.apk\", zip file \"/data/app/~~mod7R8gax5NFnr6WGLxbCA==/com.feels-twVZykPd60NdJddbUWv_jw==/split_config.en.apk\", zip file \"/data/app/~~mod7R8gax5NFnr6WGLxbCA==/com.feels-twVZykPd60NdJddbUWv_jw==/split_config.mdpi.apk\"],nativeLibraryDirectories=[/data/app/~~mod7R8gax5NFnr6WGLxbCA==/com.feels-twVZykPd60NdJddbUWv_jw==/lib/arm64, /data/app/~~mod7R8gax5NFnr6WGLxbCA==/com.feels-twVZykPd60NdJddbUWv_jw==/base.apk!/lib/arm64-v8a, /data/app/~~mod7R8gax5NFnr6WGLxbCA==/com.feels-twVZykPd60NdJddbUWv_jw==/split_config.arm64_v8a.apk!/lib/arm64-v8a, /data/app/~~mod7R8gax5NFnr6WGLxbCA==/com.feels-twVZykPd60NdJddbUWv_jw==/split_config.en.apk!/lib/arm64-v8a, /data/app/~~mod7R8gax5NFnr6WGLxbCA==/com.feels-twVZykPd60NdJddbUWv_jw==/split_config.mdpi.apk!/lib/arm64-v8a, /system/lib64, /system_ext/lib64]]"
},
{
    "type": "error",
    "extra": "hook all methods error",
    "package_name": "com.feels",
    "class_name": "com.mobilefuse.sdk.privacy.MobileFusePrivacyPreferences",
    "error": "Error: java.lang.ClassNotFoundException: Didn't find class \"com.mobilefuse.sdk.privacy.MobileFusePrivacyPreferences\" on path: DexPathList[[zip file \"/data/app/~~mod7R8gax5NFnr6WGLxbCA==/com.feels-twVZykPd60NdJddbUWv_jw==/base.apk\", zip file \"/data/app/~~mod7R8gax5NFnr6WGLxbCA==/com.feels-twVZykPd60NdJddbUWv_jw==/split_config.arm64_v8a.apk\", zip file \"/data/app/~~mod7R8gax5NFnr6WGLxbCA==/com.feels-twVZykPd60NdJddbUWv_jw==/split_config.en.apk\", zip file \"/data/app/~~mod7R8gax5NFnr6WGLxbCA==/com.feels-twVZykPd60NdJddbUWv_jw==/split_config.mdpi.apk\"],nativeLibraryDirectories=[/data/app/~~mod7R8gax5NFnr6WGLxbCA==/com.feels-twVZykPd60NdJddbUWv_jw==/lib/arm64, /data/app/~~mod7R8gax5NFnr6WGLxbCA==/com.feels-twVZykPd60NdJddbUWv_jw==/base.apk!/lib/arm64-v8a, /data/app/~~mod7R8gax5NFnr6WGLxbCA==/com.feels-twVZykPd60NdJddbUWv_jw==/split_config.arm64_v8a.apk!/lib/arm64-v8a, /data/app/~~mod7R8gax5NFnr6WGLxbCA==/com.feels-twVZykPd60NdJddbUWv_jw==/split_config.en.apk!/lib/arm64-v8a, /data/app/~~mod7R8gax5NFnr6WGLxbCA==/com.feels-twVZykPd60NdJddbUWv_jw==/split_config.mdpi.apk!/lib/arm64-v8a, /system/lib64, /system_ext/lib64]]"
},
{
    "type": "error",
    "extra": "hook all methods error",
    "package_name": "com.feels",
    "class_name": "com.appnexus.opensdk.ANDSASettings",
    "error": "Error: java.lang.ClassNotFoundException: Didn't find class \"com.appnexus.opensdk.ANDSASettings\" on path: DexPathList[[zip file \"/data/app/~~mod7R8gax5NFnr6WGLxbCA==/com.feels-twVZykPd60NdJddbUWv_jw==/base.apk\", zip file \"/data/app/~~mod7R8gax5NFnr6WGLxbCA==/com.feels-twVZykPd60NdJddbUWv_jw==/split_config.arm64_v8a.apk\", zip file \"/data/app/~~mod7R8gax5NFnr6WGLxbCA==/com.feels-twVZykPd60NdJddbUWv_jw==/split_config.en.apk\", zip file \"/data/app/~~mod7R8gax5NFnr6WGLxbCA==/com.feels-twVZykPd60NdJddbUWv_jw==/split_config.mdpi.apk\"],nativeLibraryDirectories=[/data/app/~~mod7R8gax5NFnr6WGLxbCA==/com.feels-twVZykPd60NdJddbUWv_jw==/lib/arm64, /data/app/~~mod7R8gax5NFnr6WGLxbCA==/com.feels-twVZykPd60NdJddbUWv_jw==/base.apk!/lib/arm64-v8a, /data/app/~~mod7R8gax5NFnr6WGLxbCA==/com.feels-twVZykPd60NdJddbUWv_jw==/split_config.arm64_v8a.apk!/lib/arm64-v8a, /data/app/~~mod7R8gax5NFnr6WGLxbCA==/com.feels-twVZykPd60NdJddbUWv_jw==/split_config.en.apk!/lib/arm64-v8a, /data/app/~~mod7R8gax5NFnr6WGLxbCA==/com.feels-twVZykPd60NdJddbUWv_jw==/split_config.mdpi.apk!/lib/arm64-v8a, /system/lib64, /system_ext/lib64]]"
},
