{
    "type": "error",
    "source": "method",
    "method": "initialize",
    "package_name": "com.fanduel.casino",
    "class_name": "com.adxcorp.ads.ADXSdk",
    "timestamp": 1728284034033,
    "error": "Error: java.lang.ClassNotFoundException: Didn't find class \"com.adxcorp.ads.ADXSdk\" on path: DexPathList[[zip file \"/data/app/~~e2gUSfwnL1eDTWWP3yG4wQ==/com.fanduel.casino-av4sY1g12DjiHEr1mJ8BGw==/base.apk\"],nativeLibraryDirectories=[/data/app/~~e2gUSfwnL1eDTWWP3yG4wQ==/com.fanduel.casino-av4sY1g12DjiHEr1mJ8BGw==/lib/arm64, /data/app/~~e2gUSfwnL1eDTWWP3yG4wQ==/com.fanduel.casino-av4sY1g12DjiHEr1mJ8BGw==/base.apk!/lib/arm64-v8a, /system/lib64, /system_ext/lib64]]"
},
{
    "type": "error",
    "source": "method",
    "method": "getResultGDPR",
    "package_name": "com.fanduel.casino",
    "class_name": "com.adxcorp.ads.common.ADXGdprManager",
    "timestamp": 1728284034035,
    "error": "Error: java.lang.ClassNotFoundException: Didn't find class \"com.adxcorp.ads.common.ADXGdprManager\" on path: DexPathList[[zip file \"/data/app/~~e2gUSfwnL1eDTWWP3yG4wQ==/com.fanduel.casino-av4sY1g12DjiHEr1mJ8BGw==/base.apk\"],nativeLibraryDirectories=[/data/app/~~e2gUSfwnL1eDTWWP3yG4wQ==/com.fanduel.casino-av4sY1g12DjiHEr1mJ8BGw==/lib/arm64, /data/app/~~e2gUSfwnL1eDTWWP3yG4wQ==/com.fanduel.casino-av4sY1g12DjiHEr1mJ8BGw==/base.apk!/lib/arm64-v8a, /system/lib64, /system_ext/lib64]]"
},
{
    "type": "error",
    "source": "method",
    "method": "saveResultGDPR",
    "package_name": "com.fanduel.casino",
    "class_name": "com.adxcorp.ads.common.ADXGdprManager",
    "timestamp": 1728284034038,
    "error": "Error: java.lang.ClassNotFoundException: Didn't find class \"com.adxcorp.ads.common.ADXGdprManager\" on path: DexPathList[[zip file \"/data/app/~~e2gUSfwnL1eDTWWP3yG4wQ==/com.fanduel.casino-av4sY1g12DjiHEr1mJ8BGw==/base.apk\"],nativeLibraryDirectories=[/data/app/~~e2gUSfwnL1eDTWWP3yG4wQ==/com.fanduel.casino-av4sY1g12DjiHEr1mJ8BGw==/lib/arm64, /data/app/~~e2gUSfwnL1eDTWWP3yG4wQ==/com.fanduel.casino-av4sY1g12DjiHEr1mJ8BGw==/base.apk!/lib/arm64-v8a, /system/lib64, /system_ext/lib64]]"
},
{
    "type": "error",
    "source": "method",
    "method": "getPrivacyURL",
    "package_name": "com.fanduel.casino",
    "class_name": "com.adxcorp.gdpr.ADXGDPR",
    "timestamp": 1728284034043,
    "error": "Error: java.lang.ClassNotFoundException: Didn't find class \"com.adxcorp.gdpr.ADXGDPR\" on path: DexPathList[[zip file \"/data/app/~~e2gUSfwnL1eDTWWP3yG4wQ==/com.fanduel.casino-av4sY1g12DjiHEr1mJ8BGw==/base.apk\"],nativeLibraryDirectories=[/data/app/~~e2gUSfwnL1eDTWWP3yG4wQ==/com.fanduel.casino-av4sY1g12DjiHEr1mJ8BGw==/lib/arm64, /data/app/~~e2gUSfwnL1eDTWWP3yG4wQ==/com.fanduel.casino-av4sY1g12DjiHEr1mJ8BGw==/base.apk!/lib/arm64-v8a, /system/lib64, /system_ext/lib64]]"
},
{
    "type": "error",
    "source": "method",
    "method": "getPrivacyURL",
    "package_name": "com.fanduel.casino",
    "class_name": "com.adxcorp.ads.common.ADXGdprManager",
    "timestamp": 1728284034046,
    "error": "Error: java.lang.ClassNotFoundException: Didn't find class \"com.adxcorp.ads.common.ADXGdprManager\" on path: DexPathList[[zip file \"/data/app/~~e2gUSfwnL1eDTWWP3yG4wQ==/com.fanduel.casino-av4sY1g12DjiHEr1mJ8BGw==/base.apk\"],nativeLibraryDirectories=[/data/app/~~e2gUSfwnL1eDTWWP3yG4wQ==/com.fanduel.casino-av4sY1g12DjiHEr1mJ8BGw==/lib/arm64, /data/app/~~e2gUSfwnL1eDTWWP3yG4wQ==/com.fanduel.casino-av4sY1g12DjiHEr1mJ8BGw==/base.apk!/lib/arm64-v8a, /system/lib64, /system_ext/lib64]]"
},
{
    "type": "error",
    "source": "method",
    "method": "setGdprConsent",
    "package_name": "com.fanduel.casino",
    "class_name": "com.fyber.inneractive.sdk.external.InneractiveAdManager",
    "timestamp": 1728284034047,
    "error": "Error: java.lang.ClassNotFoundException: Didn't find class \"com.fyber.inneractive.sdk.external.InneractiveAdManager\" on path: DexPathList[[zip file \"/data/app/~~e2gUSfwnL1eDTWWP3yG4wQ==/com.fanduel.casino-av4sY1g12DjiHEr1mJ8BGw==/base.apk\"],nativeLibraryDirectories=[/data/app/~~e2gUSfwnL1eDTWWP3yG4wQ==/com.fanduel.casino-av4sY1g12DjiHEr1mJ8BGw==/lib/arm64, /data/app/~~e2gUSfwnL1eDTWWP3yG4wQ==/com.fanduel.casino-av4sY1g12DjiHEr1mJ8BGw==/base.apk!/lib/arm64-v8a, /system/lib64, /system_ext/lib64]]"
},
{
    "type": "error",
    "source": "method",
    "method": "setGdprConsentString",
    "package_name": "com.fanduel.casino",
    "class_name": "com.fyber.inneractive.sdk.external.InneractiveAdManager",
    "timestamp": 1728284034049,
    "error": "Error: java.lang.ClassNotFoundException: Didn't find class \"com.fyber.inneractive.sdk.external.InneractiveAdManager\" on path: DexPathList[[zip file \"/data/app/~~e2gUSfwnL1eDTWWP3yG4wQ==/com.fanduel.casino-av4sY1g12DjiHEr1mJ8BGw==/base.apk\"],nativeLibraryDirectories=[/data/app/~~e2gUSfwnL1eDTWWP3yG4wQ==/com.fanduel.casino-av4sY1g12DjiHEr1mJ8BGw==/lib/arm64, /data/app/~~e2gUSfwnL1eDTWWP3yG4wQ==/com.fanduel.casino-av4sY1g12DjiHEr1mJ8BGw==/base.apk!/lib/arm64-v8a, /system/lib64, /system_ext/lib64]]"
},
{
    "type": "error",
    "source": "method",
    "method": "clearGdprConsentData",
    "package_name": "com.fanduel.casino",
    "class_name": "com.fyber.inneractive.sdk.external.InneractiveAdManager",
    "timestamp": 1728284034052,
    "error": "Error: java.lang.ClassNotFoundException: Didn't find class \"com.fyber.inneractive.sdk.external.InneractiveAdManager\" on path: DexPathList[[zip file \"/data/app/~~e2gUSfwnL1eDTWWP3yG4wQ==/com.fanduel.casino-av4sY1g12DjiHEr1mJ8BGw==/base.apk\"],nativeLibraryDirectories=[/data/app/~~e2gUSfwnL1eDTWWP3yG4wQ==/com.fanduel.casino-av4sY1g12DjiHEr1mJ8BGw==/lib/arm64, /data/app/~~e2gUSfwnL1eDTWWP3yG4wQ==/com.fanduel.casino-av4sY1g12DjiHEr1mJ8BGw==/base.apk!/lib/arm64-v8a, /system/lib64, /system_ext/lib64]]"
},
{
    "type": "error",
    "source": "method",
    "method": "setUSPrivacyString",
    "package_name": "com.fanduel.casino",
    "class_name": "com.fyber.inneractive.sdk.external.InneractiveAdManager",
    "timestamp": 1728284034053,
    "error": "Error: java.lang.ClassNotFoundException: Didn't find class \"com.fyber.inneractive.sdk.external.InneractiveAdManager\" on path: DexPathList[[zip file \"/data/app/~~e2gUSfwnL1eDTWWP3yG4wQ==/com.fanduel.casino-av4sY1g12DjiHEr1mJ8BGw==/base.apk\"],nativeLibraryDirectories=[/data/app/~~e2gUSfwnL1eDTWWP3yG4wQ==/com.fanduel.casino-av4sY1g12DjiHEr1mJ8BGw==/lib/arm64, /data/app/~~e2gUSfwnL1eDTWWP3yG4wQ==/com.fanduel.casino-av4sY1g12DjiHEr1mJ8BGw==/base.apk!/lib/arm64-v8a, /system/lib64, /system_ext/lib64]]"
},
{
    "type": "error",
    "source": "method",
    "method": "clearUSPrivacyString",
    "package_name": "com.fanduel.casino",
    "class_name": "com.fyber.inneractive.sdk.external.InneractiveAdManager",
    "timestamp": 1728284034055,
    "error": "Error: java.lang.ClassNotFoundException: Didn't find class \"com.fyber.inneractive.sdk.external.InneractiveAdManager\" on path: DexPathList[[zip file \"/data/app/~~e2gUSfwnL1eDTWWP3yG4wQ==/com.fanduel.casino-av4sY1g12DjiHEr1mJ8BGw==/base.apk\"],nativeLibraryDirectories=[/data/app/~~e2gUSfwnL1eDTWWP3yG4wQ==/com.fanduel.casino-av4sY1g12DjiHEr1mJ8BGw==/lib/arm64, /data/app/~~e2gUSfwnL1eDTWWP3yG4wQ==/com.fanduel.casino-av4sY1g12DjiHEr1mJ8BGw==/base.apk!/lib/arm64-v8a, /system/lib64, /system_ext/lib64]]"
},
{
    "type": "error",
    "source": "method",
    "method": "setLgpdConsent",
    "package_name": "com.fanduel.casino",
    "class_name": "com.fyber.inneractive.sdk.external.InneractiveAdManager",
    "timestamp": 1728284034056,
    "error": "Error: java.lang.ClassNotFoundException: Didn't find class \"com.fyber.inneractive.sdk.external.InneractiveAdManager\" on path: DexPathList[[zip file \"/data/app/~~e2gUSfwnL1eDTWWP3yG4wQ==/com.fanduel.casino-av4sY1g12DjiHEr1mJ8BGw==/base.apk\"],nativeLibraryDirectories=[/data/app/~~e2gUSfwnL1eDTWWP3yG4wQ==/com.fanduel.casino-av4sY1g12DjiHEr1mJ8BGw==/lib/arm64, /data/app/~~e2gUSfwnL1eDTWWP3yG4wQ==/com.fanduel.casino-av4sY1g12DjiHEr1mJ8BGw==/base.apk!/lib/arm64-v8a, /system/lib64, /system_ext/lib64]]"
},
{
    "type": "error",
    "source": "method",
    "method": "currentAudienceAppliesToCoppa",
    "package_name": "com.fanduel.casino",
    "class_name": "com.fyber.inneractive.sdk.external.InneractiveAdManager",
    "timestamp": 1728284034058,
    "error": "Error: java.lang.ClassNotFoundException: Didn't find class \"com.fyber.inneractive.sdk.external.InneractiveAdManager\" on path: DexPathList[[zip file \"/data/app/~~e2gUSfwnL1eDTWWP3yG4wQ==/com.fanduel.casino-av4sY1g12DjiHEr1mJ8BGw==/base.apk\"],nativeLibraryDirectories=[/data/app/~~e2gUSfwnL1eDTWWP3yG4wQ==/com.fanduel.casino-av4sY1g12DjiHEr1mJ8BGw==/lib/arm64, /data/app/~~e2gUSfwnL1eDTWWP3yG4wQ==/com.fanduel.casino-av4sY1g12DjiHEr1mJ8BGw==/base.apk!/lib/arm64-v8a, /system/lib64, /system_ext/lib64]]"
},
{
    "type": "error",
    "source": "method",
    "method": "setTagForUnderAgeOfConsent",
    "package_name": "com.fanduel.casino",
    "class_name": "com.google.android.ump.ConsentRequestParameters$Builder",
    "timestamp": 1728284034059,
    "error": "Error: java.lang.ClassNotFoundException: Didn't find class \"com.google.android.ump.ConsentRequestParameters$Builder\" on path: DexPathList[[zip file \"/data/app/~~e2gUSfwnL1eDTWWP3yG4wQ==/com.fanduel.casino-av4sY1g12DjiHEr1mJ8BGw==/base.apk\"],nativeLibraryDirectories=[/data/app/~~e2gUSfwnL1eDTWWP3yG4wQ==/com.fanduel.casino-av4sY1g12DjiHEr1mJ8BGw==/lib/arm64, /data/app/~~e2gUSfwnL1eDTWWP3yG4wQ==/com.fanduel.casino-av4sY1g12DjiHEr1mJ8BGw==/base.apk!/lib/arm64-v8a, /system/lib64, /system_ext/lib64]]"
},
{
    "type": "error",
    "source": "method",
    "method": "requestConsentInfoUpdate",
    "package_name": "com.fanduel.casino",
    "class_name": "com.google.android.ump.ConsentInformation",
    "timestamp": 1728284034061,
    "error": "Error: java.lang.ClassNotFoundException: Didn't find class \"com.google.android.ump.ConsentInformation\" on path: DexPathList[[zip file \"/data/app/~~e2gUSfwnL1eDTWWP3yG4wQ==/com.fanduel.casino-av4sY1g12DjiHEr1mJ8BGw==/base.apk\"],nativeLibraryDirectories=[/data/app/~~e2gUSfwnL1eDTWWP3yG4wQ==/com.fanduel.casino-av4sY1g12DjiHEr1mJ8BGw==/lib/arm64, /data/app/~~e2gUSfwnL1eDTWWP3yG4wQ==/com.fanduel.casino-av4sY1g12DjiHEr1mJ8BGw==/base.apk!/lib/arm64-v8a, /system/lib64, /system_ext/lib64]]"
},
{
    "type": "error",
    "source": "method",
    "method": "setTagForChildDirectedTreatment",
    "package_name": "com.fanduel.casino",
    "class_name": "com.google.android.gms.ads.RequestConfiguration$Builder",
    "timestamp": 1728284034062,
    "error": "Error: java.lang.ClassNotFoundException: Didn't find class \"com.google.android.gms.ads.RequestConfiguration$Builder\" on path: DexPathList[[zip file \"/data/app/~~e2gUSfwnL1eDTWWP3yG4wQ==/com.fanduel.casino-av4sY1g12DjiHEr1mJ8BGw==/base.apk\"],nativeLibraryDirectories=[/data/app/~~e2gUSfwnL1eDTWWP3yG4wQ==/com.fanduel.casino-av4sY1g12DjiHEr1mJ8BGw==/lib/arm64, /data/app/~~e2gUSfwnL1eDTWWP3yG4wQ==/com.fanduel.casino-av4sY1g12DjiHEr1mJ8BGw==/base.apk!/lib/arm64-v8a, /system/lib64, /system_ext/lib64]]"
},
{
    "type": "error",
    "source": "method",
    "method": "setTagForUnderAgeOfConsent",
    "package_name": "com.fanduel.casino",
    "class_name": "com.google.android.gms.ads.RequestConfiguration$Builder",
    "timestamp": 1728284034064,
    "error": "Error: java.lang.ClassNotFoundException: Didn't find class \"com.google.android.gms.ads.RequestConfiguration$Builder\" on path: DexPathList[[zip file \"/data/app/~~e2gUSfwnL1eDTWWP3yG4wQ==/com.fanduel.casino-av4sY1g12DjiHEr1mJ8BGw==/base.apk\"],nativeLibraryDirectories=[/data/app/~~e2gUSfwnL1eDTWWP3yG4wQ==/com.fanduel.casino-av4sY1g12DjiHEr1mJ8BGw==/lib/arm64, /data/app/~~e2gUSfwnL1eDTWWP3yG4wQ==/com.fanduel.casino-av4sY1g12DjiHEr1mJ8BGw==/base.apk!/lib/arm64-v8a, /system/lib64, /system_ext/lib64]]"
},
{
    "type": "error",
    "source": "method",
    "method": "setMaxAdContentRating",
    "package_name": "com.fanduel.casino",
    "class_name": "com.google.android.gms.ads.RequestConfiguration$Builder",
    "timestamp": 1728284034065,
    "error": "Error: java.lang.ClassNotFoundException: Didn't find class \"com.google.android.gms.ads.RequestConfiguration$Builder\" on path: DexPathList[[zip file \"/data/app/~~e2gUSfwnL1eDTWWP3yG4wQ==/com.fanduel.casino-av4sY1g12DjiHEr1mJ8BGw==/base.apk\"],nativeLibraryDirectories=[/data/app/~~e2gUSfwnL1eDTWWP3yG4wQ==/com.fanduel.casino-av4sY1g12DjiHEr1mJ8BGw==/lib/arm64, /data/app/~~e2gUSfwnL1eDTWWP3yG4wQ==/com.fanduel.casino-av4sY1g12DjiHEr1mJ8BGw==/base.apk!/lib/arm64-v8a, /system/lib64, /system_ext/lib64]]"
},
{
    "type": "error",
    "source": "method",
    "method": "setPublisherPrivacyPersonalizationState",
    "package_name": "com.fanduel.casino",
    "class_name": "com.google.android.gms.ads.RequestConfiguration",
    "timestamp": 1728284034067,
    "error": "Error: java.lang.ClassNotFoundException: Didn't find class \"com.google.android.gms.ads.RequestConfiguration\" on path: DexPathList[[zip file \"/data/app/~~e2gUSfwnL1eDTWWP3yG4wQ==/com.fanduel.casino-av4sY1g12DjiHEr1mJ8BGw==/base.apk\"],nativeLibraryDirectories=[/data/app/~~e2gUSfwnL1eDTWWP3yG4wQ==/com.fanduel.casino-av4sY1g12DjiHEr1mJ8BGw==/lib/arm64, /data/app/~~e2gUSfwnL1eDTWWP3yG4wQ==/com.fanduel.casino-av4sY1g12DjiHEr1mJ8BGw==/base.apk!/lib/arm64-v8a, /system/lib64, /system_ext/lib64]]"
},
{
    "type": "error",
    "source": "method",
    "method": "addNetworkExtrasBundle",
    "package_name": "com.fanduel.casino",
    "class_name": "com.google.android.gms.ads.AdRequest$Builder",
    "timestamp": 1728284034068,
    "error": "Error: java.lang.ClassNotFoundException: Didn't find class \"com.google.android.gms.ads.AdRequest$Builder\" on path: DexPathList[[zip file \"/data/app/~~e2gUSfwnL1eDTWWP3yG4wQ==/com.fanduel.casino-av4sY1g12DjiHEr1mJ8BGw==/base.apk\"],nativeLibraryDirectories=[/data/app/~~e2gUSfwnL1eDTWWP3yG4wQ==/com.fanduel.casino-av4sY1g12DjiHEr1mJ8BGw==/lib/arm64, /data/app/~~e2gUSfwnL1eDTWWP3yG4wQ==/com.fanduel.casino-av4sY1g12DjiHEr1mJ8BGw==/base.apk!/lib/arm64-v8a, /system/lib64, /system_ext/lib64]]"
},
{
    "type": "error",
    "source": "method",
    "method": "setEnableAdIdTracking",
    "package_name": "com.fanduel.casino",
    "class_name": "com.igaworks.v2.core.AdBrixRm",
    "timestamp": 1728284034070,
    "error": "Error: java.lang.ClassNotFoundException: Didn't find class \"com.igaworks.v2.core.AdBrixRm\" on path: DexPathList[[zip file \"/data/app/~~e2gUSfwnL1eDTWWP3yG4wQ==/com.fanduel.casino-av4sY1g12DjiHEr1mJ8BGw==/base.apk\"],nativeLibraryDirectories=[/data/app/~~e2gUSfwnL1eDTWWP3yG4wQ==/com.fanduel.casino-av4sY1g12DjiHEr1mJ8BGw==/lib/arm64, /data/app/~~e2gUSfwnL1eDTWWP3yG4wQ==/com.fanduel.casino-av4sY1g12DjiHEr1mJ8BGw==/base.apk!/lib/arm64-v8a, /system/lib64, /system_ext/lib64]]"
},
{
    "type": "error",
    "source": "method",
    "method": "gdprForgetMe",
    "package_name": "com.fanduel.casino",
    "class_name": "com.igaworks.v2.core.AdBrixRm",
    "timestamp": 1728284034072,
    "error": "Error: java.lang.ClassNotFoundException: Didn't find class \"com.igaworks.v2.core.AdBrixRm\" on path: DexPathList[[zip file \"/data/app/~~e2gUSfwnL1eDTWWP3yG4wQ==/com.fanduel.casino-av4sY1g12DjiHEr1mJ8BGw==/base.apk\"],nativeLibraryDirectories=[/data/app/~~e2gUSfwnL1eDTWWP3yG4wQ==/com.fanduel.casino-av4sY1g12DjiHEr1mJ8BGw==/lib/arm64, /data/app/~~e2gUSfwnL1eDTWWP3yG4wQ==/com.fanduel.casino-av4sY1g12DjiHEr1mJ8BGw==/base.apk!/lib/arm64-v8a, /system/lib64, /system_ext/lib64]]"
},
{
    "type": "error",
    "source": "method",
    "method": "gdprForgetMe",
    "package_name": "com.fanduel.casino",
    "class_name": "com.adjust.sdk.Adjust",
    "timestamp": 1728284034073,
    "error": "Error: java.lang.ClassNotFoundException: Didn't find class \"com.adjust.sdk.Adjust\" on path: DexPathList[[zip file \"/data/app/~~e2gUSfwnL1eDTWWP3yG4wQ==/com.fanduel.casino-av4sY1g12DjiHEr1mJ8BGw==/base.apk\"],nativeLibraryDirectories=[/data/app/~~e2gUSfwnL1eDTWWP3yG4wQ==/com.fanduel.casino-av4sY1g12DjiHEr1mJ8BGw==/lib/arm64, /data/app/~~e2gUSfwnL1eDTWWP3yG4wQ==/com.fanduel.casino-av4sY1g12DjiHEr1mJ8BGw==/base.apk!/lib/arm64-v8a, /system/lib64, /system_ext/lib64]]"
},
{
    "type": "error",
    "source": "method",
    "method": "$init",
    "package_name": "com.fanduel.casino",
    "class_name": "com.adjust.sdk.AdjustThirdPartySharing",
    "timestamp": 1728284034075,
    "error": "Error: java.lang.ClassNotFoundException: Didn't find class \"com.adjust.sdk.AdjustThirdPartySharing\" on path: DexPathList[[zip file \"/data/app/~~e2gUSfwnL1eDTWWP3yG4wQ==/com.fanduel.casino-av4sY1g12DjiHEr1mJ8BGw==/base.apk\"],nativeLibraryDirectories=[/data/app/~~e2gUSfwnL1eDTWWP3yG4wQ==/com.fanduel.casino-av4sY1g12DjiHEr1mJ8BGw==/lib/arm64, /data/app/~~e2gUSfwnL1eDTWWP3yG4wQ==/com.fanduel.casino-av4sY1g12DjiHEr1mJ8BGw==/base.apk!/lib/arm64-v8a, /system/lib64, /system_ext/lib64]]"
},
{
    "type": "error",
    "source": "method",
    "method": "addGranularOption",
    "package_name": "com.fanduel.casino",
    "class_name": "com.adjust.sdk.AdjustThirdPartySharing",
    "timestamp": 1728284034077,
    "error": "Error: java.lang.ClassNotFoundException: Didn't find class \"com.adjust.sdk.AdjustThirdPartySharing\" on path: DexPathList[[zip file \"/data/app/~~e2gUSfwnL1eDTWWP3yG4wQ==/com.fanduel.casino-av4sY1g12DjiHEr1mJ8BGw==/base.apk\"],nativeLibraryDirectories=[/data/app/~~e2gUSfwnL1eDTWWP3yG4wQ==/com.fanduel.casino-av4sY1g12DjiHEr1mJ8BGw==/lib/arm64, /data/app/~~e2gUSfwnL1eDTWWP3yG4wQ==/com.fanduel.casino-av4sY1g12DjiHEr1mJ8BGw==/base.apk!/lib/arm64-v8a, /system/lib64, /system_ext/lib64]]"
},
{
    "type": "error",
    "source": "method",
    "method": "setUrlStrategy",
    "package_name": "com.fanduel.casino",
    "class_name": "com.adjust.sdk.AdjustConfig",
    "timestamp": 1728284034078,
    "error": "Error: java.lang.ClassNotFoundException: Didn't find class \"com.adjust.sdk.AdjustConfig\" on path: DexPathList[[zip file \"/data/app/~~e2gUSfwnL1eDTWWP3yG4wQ==/com.fanduel.casino-av4sY1g12DjiHEr1mJ8BGw==/base.apk\"],nativeLibraryDirectories=[/data/app/~~e2gUSfwnL1eDTWWP3yG4wQ==/com.fanduel.casino-av4sY1g12DjiHEr1mJ8BGw==/lib/arm64, /data/app/~~e2gUSfwnL1eDTWWP3yG4wQ==/com.fanduel.casino-av4sY1g12DjiHEr1mJ8BGw==/base.apk!/lib/arm64-v8a, /system/lib64, /system_ext/lib64]]"
},
{
    "type": "error",
    "source": "method",
    "method": "trackMeasurementConsent",
    "package_name": "com.fanduel.casino",
    "class_name": "com.adjust.sdk.Adjust",
    "timestamp": 1728284034080,
    "error": "Error: java.lang.ClassNotFoundException: Didn't find class \"com.adjust.sdk.Adjust\" on path: DexPathList[[zip file \"/data/app/~~e2gUSfwnL1eDTWWP3yG4wQ==/com.fanduel.casino-av4sY1g12DjiHEr1mJ8BGw==/base.apk\"],nativeLibraryDirectories=[/data/app/~~e2gUSfwnL1eDTWWP3yG4wQ==/com.fanduel.casino-av4sY1g12DjiHEr1mJ8BGw==/lib/arm64, /data/app/~~e2gUSfwnL1eDTWWP3yG4wQ==/com.fanduel.casino-av4sY1g12DjiHEr1mJ8BGw==/base.apk!/lib/arm64-v8a, /system/lib64, /system_ext/lib64]]"
},
{
    "type": "error",
    "source": "method",
    "method": "enableCoppaCompliance",
    "package_name": "com.fanduel.casino",
    "class_name": "com.adjust.sdk.AdjustConfig",
    "timestamp": 1728284034081,
    "error": "Error: java.lang.ClassNotFoundException: Didn't find class \"com.adjust.sdk.AdjustConfig\" on path: DexPathList[[zip file \"/data/app/~~e2gUSfwnL1eDTWWP3yG4wQ==/com.fanduel.casino-av4sY1g12DjiHEr1mJ8BGw==/base.apk\"],nativeLibraryDirectories=[/data/app/~~e2gUSfwnL1eDTWWP3yG4wQ==/com.fanduel.casino-av4sY1g12DjiHEr1mJ8BGw==/lib/arm64, /data/app/~~e2gUSfwnL1eDTWWP3yG4wQ==/com.fanduel.casino-av4sY1g12DjiHEr1mJ8BGw==/base.apk!/lib/arm64-v8a, /system/lib64, /system_ext/lib64]]"
},
{
    "type": "error",
    "source": "method",
    "method": "disableThirdPartySharing",
    "package_name": "com.fanduel.casino",
    "class_name": "com.adjust.sdk.Adjust",
    "timestamp": 1728284034083,
    "error": "Error: java.lang.ClassNotFoundException: Didn't find class \"com.adjust.sdk.Adjust\" on path: DexPathList[[zip file \"/data/app/~~e2gUSfwnL1eDTWWP3yG4wQ==/com.fanduel.casino-av4sY1g12DjiHEr1mJ8BGw==/base.apk\"],nativeLibraryDirectories=[/data/app/~~e2gUSfwnL1eDTWWP3yG4wQ==/com.fanduel.casino-av4sY1g12DjiHEr1mJ8BGw==/lib/arm64, /data/app/~~e2gUSfwnL1eDTWWP3yG4wQ==/com.fanduel.casino-av4sY1g12DjiHEr1mJ8BGw==/base.apk!/lib/arm64-v8a, /system/lib64, /system_ext/lib64]]"
},
{
    "type": "error",
    "source": "method",
    "method": "addPartnerSharingSetting",
    "package_name": "com.fanduel.casino",
    "class_name": "com.adjust.sdk.AdjustThirdPartySharing",
    "timestamp": 1728284034090,
    "error": "Error: java.lang.ClassNotFoundException: Didn't find class \"com.adjust.sdk.AdjustThirdPartySharing\" on path: DexPathList[[zip file \"/data/app/~~e2gUSfwnL1eDTWWP3yG4wQ==/com.fanduel.casino-av4sY1g12DjiHEr1mJ8BGw==/base.apk\"],nativeLibraryDirectories=[/data/app/~~e2gUSfwnL1eDTWWP3yG4wQ==/com.fanduel.casino-av4sY1g12DjiHEr1mJ8BGw==/lib/arm64, /data/app/~~e2gUSfwnL1eDTWWP3yG4wQ==/com.fanduel.casino-av4sY1g12DjiHEr1mJ8BGw==/base.apk!/lib/arm64-v8a, /system/lib64, /system_ext/lib64]]"
},
{
    "type": "error",
    "source": "method",
    "method": "setPlayStoreKidsAppEnabled",
    "package_name": "com.fanduel.casino",
    "class_name": "com.adjust.sdk.AdjustConfig",
    "timestamp": 1728284034092,
    "error": "Error: java.lang.ClassNotFoundException: Didn't find class \"com.adjust.sdk.AdjustConfig\" on path: DexPathList[[zip file \"/data/app/~~e2gUSfwnL1eDTWWP3yG4wQ==/com.fanduel.casino-av4sY1g12DjiHEr1mJ8BGw==/base.apk\"],nativeLibraryDirectories=[/data/app/~~e2gUSfwnL1eDTWWP3yG4wQ==/com.fanduel.casino-av4sY1g12DjiHEr1mJ8BGw==/lib/arm64, /data/app/~~e2gUSfwnL1eDTWWP3yG4wQ==/com.fanduel.casino-av4sY1g12DjiHEr1mJ8BGw==/base.apk!/lib/arm64-v8a, /system/lib64, /system_ext/lib64]]"
},
{
    "type": "error",
    "source": "method",
    "method": "setPrivacyStatus",
    "package_name": "com.fanduel.casino",
    "class_name": "com.adobe.marketing.mobile.MobileCore",
    "timestamp": 1728284034094,
    "error": "Error: java.lang.ClassNotFoundException: Didn't find class \"com.adobe.marketing.mobile.MobileCore\" on path: DexPathList[[zip file \"/data/app/~~e2gUSfwnL1eDTWWP3yG4wQ==/com.fanduel.casino-av4sY1g12DjiHEr1mJ8BGw==/base.apk\"],nativeLibraryDirectories=[/data/app/~~e2gUSfwnL1eDTWWP3yG4wQ==/com.fanduel.casino-av4sY1g12DjiHEr1mJ8BGw==/lib/arm64, /data/app/~~e2gUSfwnL1eDTWWP3yG4wQ==/com.fanduel.casino-av4sY1g12DjiHEr1mJ8BGw==/base.apk!/lib/arm64-v8a, /system/lib64, /system_ext/lib64]]"
},
{
    "type": "error",
    "source": "method",
    "method": "getPrivacyStatus",
    "package_name": "com.fanduel.casino",
    "class_name": "com.adobe.marketing.mobile.MobileCore",
    "timestamp": 1728284034095,
    "error": "Error: java.lang.ClassNotFoundException: Didn't find class \"com.adobe.marketing.mobile.MobileCore\" on path: DexPathList[[zip file \"/data/app/~~e2gUSfwnL1eDTWWP3yG4wQ==/com.fanduel.casino-av4sY1g12DjiHEr1mJ8BGw==/base.apk\"],nativeLibraryDirectories=[/data/app/~~e2gUSfwnL1eDTWWP3yG4wQ==/com.fanduel.casino-av4sY1g12DjiHEr1mJ8BGw==/lib/arm64, /data/app/~~e2gUSfwnL1eDTWWP3yG4wQ==/com.fanduel.casino-av4sY1g12DjiHEr1mJ8BGw==/base.apk!/lib/arm64-v8a, /system/lib64, /system_ext/lib64]]"
},
{
    "type": "error",
    "source": "method",
    "method": "getSdkIdentities",
    "package_name": "com.fanduel.casino",
    "class_name": "com.adobe.marketing.mobile.MobileCore",
    "timestamp": 1728284034098,
    "error": "Error: java.lang.ClassNotFoundException: Didn't find class \"com.adobe.marketing.mobile.MobileCore\" on path: DexPathList[[zip file \"/data/app/~~e2gUSfwnL1eDTWWP3yG4wQ==/com.fanduel.casino-av4sY1g12DjiHEr1mJ8BGw==/base.apk\"],nativeLibraryDirectories=[/data/app/~~e2gUSfwnL1eDTWWP3yG4wQ==/com.fanduel.casino-av4sY1g12DjiHEr1mJ8BGw==/lib/arm64, /data/app/~~e2gUSfwnL1eDTWWP3yG4wQ==/com.fanduel.casino-av4sY1g12DjiHEr1mJ8BGw==/base.apk!/lib/arm64-v8a, /system/lib64, /system_ext/lib64]]"
},
{
    "type": "error",
    "source": "method",
    "method": "collectPii",
    "package_name": "com.fanduel.casino",
    "class_name": "com.adobe.marketing.mobile.MobileCore",
    "timestamp": 1728284034101,
    "error": "Error: java.lang.ClassNotFoundException: Didn't find class \"com.adobe.marketing.mobile.MobileCore\" on path: DexPathList[[zip file \"/data/app/~~e2gUSfwnL1eDTWWP3yG4wQ==/com.fanduel.casino-av4sY1g12DjiHEr1mJ8BGw==/base.apk\"],nativeLibraryDirectories=[/data/app/~~e2gUSfwnL1eDTWWP3yG4wQ==/com.fanduel.casino-av4sY1g12DjiHEr1mJ8BGw==/lib/arm64, /data/app/~~e2gUSfwnL1eDTWWP3yG4wQ==/com.fanduel.casino-av4sY1g12DjiHEr1mJ8BGw==/base.apk!/lib/arm64-v8a, /system/lib64, /system_ext/lib64]]"
},
{
    "type": "error",
    "source": "method",
    "method": "setUseAdvertisingIdForDeviceId",
    "package_name": "com.fanduel.casino",
    "class_name": "com.amplitude.api.Amplitude",
    "timestamp": 1728284034103,
    "error": "Error: java.lang.ClassNotFoundException: Didn't find class \"com.amplitude.api.Amplitude\" on path: DexPathList[[zip file \"/data/app/~~e2gUSfwnL1eDTWWP3yG4wQ==/com.fanduel.casino-av4sY1g12DjiHEr1mJ8BGw==/base.apk\"],nativeLibraryDirectories=[/data/app/~~e2gUSfwnL1eDTWWP3yG4wQ==/com.fanduel.casino-av4sY1g12DjiHEr1mJ8BGw==/lib/arm64, /data/app/~~e2gUSfwnL1eDTWWP3yG4wQ==/com.fanduel.casino-av4sY1g12DjiHEr1mJ8BGw==/base.apk!/lib/arm64-v8a, /system/lib64, /system_ext/lib64]]"
},
{
    "type": "error",
    "source": "method",
    "method": "setUseAdvertisingIdForDeviceId",
    "package_name": "com.fanduel.casino",
    "class_name": "com.amplitude.android.Amplitude",
    "timestamp": 1728284034105,
    "error": "Error: java.lang.ClassNotFoundException: Didn't find class \"com.amplitude.android.Amplitude\" on path: DexPathList[[zip file \"/data/app/~~e2gUSfwnL1eDTWWP3yG4wQ==/com.fanduel.casino-av4sY1g12DjiHEr1mJ8BGw==/base.apk\"],nativeLibraryDirectories=[/data/app/~~e2gUSfwnL1eDTWWP3yG4wQ==/com.fanduel.casino-av4sY1g12DjiHEr1mJ8BGw==/lib/arm64, /data/app/~~e2gUSfwnL1eDTWWP3yG4wQ==/com.fanduel.casino-av4sY1g12DjiHEr1mJ8BGw==/base.apk!/lib/arm64-v8a, /system/lib64, /system_ext/lib64]]"
},
{
    "type": "error",
    "source": "method",
    "method": "setUseAppSetIdForDeviceId",
    "package_name": "com.fanduel.casino",
    "class_name": "com.amplitude.api.Amplitude",
    "timestamp": 1728284034107,
    "error": "Error: java.lang.ClassNotFoundException: Didn't find class \"com.amplitude.api.Amplitude\" on path: DexPathList[[zip file \"/data/app/~~e2gUSfwnL1eDTWWP3yG4wQ==/com.fanduel.casino-av4sY1g12DjiHEr1mJ8BGw==/base.apk\"],nativeLibraryDirectories=[/data/app/~~e2gUSfwnL1eDTWWP3yG4wQ==/com.fanduel.casino-av4sY1g12DjiHEr1mJ8BGw==/lib/arm64, /data/app/~~e2gUSfwnL1eDTWWP3yG4wQ==/com.fanduel.casino-av4sY1g12DjiHEr1mJ8BGw==/base.apk!/lib/arm64-v8a, /system/lib64, /system_ext/lib64]]"
},
{
    "type": "error",
    "source": "method",
    "method": "setUseAppSetIdForDeviceId",
    "package_name": "com.fanduel.casino",
    "class_name": "com.amplitude.android.Amplitude",
    "timestamp": 1728284034114,
    "error": "Error: java.lang.ClassNotFoundException: Didn't find class \"com.amplitude.android.Amplitude\" on path: DexPathList[[zip file \"/data/app/~~e2gUSfwnL1eDTWWP3yG4wQ==/com.fanduel.casino-av4sY1g12DjiHEr1mJ8BGw==/base.apk\"],nativeLibraryDirectories=[/data/app/~~e2gUSfwnL1eDTWWP3yG4wQ==/com.fanduel.casino-av4sY1g12DjiHEr1mJ8BGw==/lib/arm64, /data/app/~~e2gUSfwnL1eDTWWP3yG4wQ==/com.fanduel.casino-av4sY1g12DjiHEr1mJ8BGw==/base.apk!/lib/arm64-v8a, /system/lib64, /system_ext/lib64]]"
},
{
    "type": "error",
    "source": "method",
    "method": "setLocationListening",
    "package_name": "com.fanduel.casino",
    "class_name": "com.amplitude.api.Amplitude",
    "timestamp": 1728284034116,
    "error": "Error: java.lang.ClassNotFoundException: Didn't find class \"com.amplitude.api.Amplitude\" on path: DexPathList[[zip file \"/data/app/~~e2gUSfwnL1eDTWWP3yG4wQ==/com.fanduel.casino-av4sY1g12DjiHEr1mJ8BGw==/base.apk\"],nativeLibraryDirectories=[/data/app/~~e2gUSfwnL1eDTWWP3yG4wQ==/com.fanduel.casino-av4sY1g12DjiHEr1mJ8BGw==/lib/arm64, /data/app/~~e2gUSfwnL1eDTWWP3yG4wQ==/com.fanduel.casino-av4sY1g12DjiHEr1mJ8BGw==/base.apk!/lib/arm64-v8a, /system/lib64, /system_ext/lib64]]"
},
{
    "type": "error",
    "source": "method",
    "method": "setLocationListening",
    "package_name": "com.fanduel.casino",
    "class_name": "com.amplitude.android.Amplitude",
    "timestamp": 1728284034117,
    "error": "Error: java.lang.ClassNotFoundException: Didn't find class \"com.amplitude.android.Amplitude\" on path: DexPathList[[zip file \"/data/app/~~e2gUSfwnL1eDTWWP3yG4wQ==/com.fanduel.casino-av4sY1g12DjiHEr1mJ8BGw==/base.apk\"],nativeLibraryDirectories=[/data/app/~~e2gUSfwnL1eDTWWP3yG4wQ==/com.fanduel.casino-av4sY1g12DjiHEr1mJ8BGw==/lib/arm64, /data/app/~~e2gUSfwnL1eDTWWP3yG4wQ==/com.fanduel.casino-av4sY1g12DjiHEr1mJ8BGw==/base.apk!/lib/arm64-v8a, /system/lib64, /system_ext/lib64]]"
},
{
    "type": "error",
    "source": "method",
    "method": "setOptOut",
    "package_name": "com.fanduel.casino",
    "class_name": "com.amplitude.api.Amplitude",
    "timestamp": 1728284034121,
    "error": "Error: java.lang.ClassNotFoundException: Didn't find class \"com.amplitude.api.Amplitude\" on path: DexPathList[[zip file \"/data/app/~~e2gUSfwnL1eDTWWP3yG4wQ==/com.fanduel.casino-av4sY1g12DjiHEr1mJ8BGw==/base.apk\"],nativeLibraryDirectories=[/data/app/~~e2gUSfwnL1eDTWWP3yG4wQ==/com.fanduel.casino-av4sY1g12DjiHEr1mJ8BGw==/lib/arm64, /data/app/~~e2gUSfwnL1eDTWWP3yG4wQ==/com.fanduel.casino-av4sY1g12DjiHEr1mJ8BGw==/base.apk!/lib/arm64-v8a, /system/lib64, /system_ext/lib64]]"
},
{
    "type": "error",
    "source": "method",
    "method": "setOptOut",
    "package_name": "com.fanduel.casino",
    "class_name": "com.amplitude.android.Amplitude",
    "timestamp": 1728284034123,
    "error": "Error: java.lang.ClassNotFoundException: Didn't find class \"com.amplitude.android.Amplitude\" on path: DexPathList[[zip file \"/data/app/~~e2gUSfwnL1eDTWWP3yG4wQ==/com.fanduel.casino-av4sY1g12DjiHEr1mJ8BGw==/base.apk\"],nativeLibraryDirectories=[/data/app/~~e2gUSfwnL1eDTWWP3yG4wQ==/com.fanduel.casino-av4sY1g12DjiHEr1mJ8BGw==/lib/arm64, /data/app/~~e2gUSfwnL1eDTWWP3yG4wQ==/com.fanduel.casino-av4sY1g12DjiHEr1mJ8BGw==/base.apk!/lib/arm64-v8a, /system/lib64, /system_ext/lib64]]"
},
{
    "type": "error",
    "source": "method",
    "method": "setLocationListening",
    "package_name": "com.fanduel.casino",
    "class_name": "com.amplitude.api.DeviceInfo",
    "timestamp": 1728284034125,
    "error": "Error: java.lang.ClassNotFoundException: Didn't find class \"com.amplitude.api.DeviceInfo\" on path: DexPathList[[zip file \"/data/app/~~e2gUSfwnL1eDTWWP3yG4wQ==/com.fanduel.casino-av4sY1g12DjiHEr1mJ8BGw==/base.apk\"],nativeLibraryDirectories=[/data/app/~~e2gUSfwnL1eDTWWP3yG4wQ==/com.fanduel.casino-av4sY1g12DjiHEr1mJ8BGw==/lib/arm64, /data/app/~~e2gUSfwnL1eDTWWP3yG4wQ==/com.fanduel.casino-av4sY1g12DjiHEr1mJ8BGw==/base.apk!/lib/arm64-v8a, /system/lib64, /system_ext/lib64]]"
},
{
    "type": "error",
    "source": "method",
    "method": "setLocationListening",
    "package_name": "com.fanduel.casino",
    "class_name": "com.amplitude.android.Configuration",
    "timestamp": 1728284034127,
    "error": "Error: java.lang.ClassNotFoundException: Didn't find class \"com.amplitude.android.Configuration\" on path: DexPathList[[zip file \"/data/app/~~e2gUSfwnL1eDTWWP3yG4wQ==/com.fanduel.casino-av4sY1g12DjiHEr1mJ8BGw==/base.apk\"],nativeLibraryDirectories=[/data/app/~~e2gUSfwnL1eDTWWP3yG4wQ==/com.fanduel.casino-av4sY1g12DjiHEr1mJ8BGw==/lib/arm64, /data/app/~~e2gUSfwnL1eDTWWP3yG4wQ==/com.fanduel.casino-av4sY1g12DjiHEr1mJ8BGw==/base.apk!/lib/arm64-v8a, /system/lib64, /system_ext/lib64]]"
},
{
    "type": "error",
    "source": "method",
    "method": "useAdvertisingIdForDeviceId",
    "package_name": "com.fanduel.casino",
    "class_name": "com.amplitude.api.Amplitude",
    "timestamp": 1728284034129,
    "error": "Error: java.lang.ClassNotFoundException: Didn't find class \"com.amplitude.api.Amplitude\" on path: DexPathList[[zip file \"/data/app/~~e2gUSfwnL1eDTWWP3yG4wQ==/com.fanduel.casino-av4sY1g12DjiHEr1mJ8BGw==/base.apk\"],nativeLibraryDirectories=[/data/app/~~e2gUSfwnL1eDTWWP3yG4wQ==/com.fanduel.casino-av4sY1g12DjiHEr1mJ8BGw==/lib/arm64, /data/app/~~e2gUSfwnL1eDTWWP3yG4wQ==/com.fanduel.casino-av4sY1g12DjiHEr1mJ8BGw==/base.apk!/lib/arm64-v8a, /system/lib64, /system_ext/lib64]]"
},
{
    "type": "error",
    "source": "method",
    "method": "useAdvertisingIdForDeviceId",
    "package_name": "com.fanduel.casino",
    "class_name": "com.amplitude.android.Amplitude",
    "timestamp": 1728284034131,
    "error": "Error: java.lang.ClassNotFoundException: Didn't find class \"com.amplitude.android.Amplitude\" on path: DexPathList[[zip file \"/data/app/~~e2gUSfwnL1eDTWWP3yG4wQ==/com.fanduel.casino-av4sY1g12DjiHEr1mJ8BGw==/base.apk\"],nativeLibraryDirectories=[/data/app/~~e2gUSfwnL1eDTWWP3yG4wQ==/com.fanduel.casino-av4sY1g12DjiHEr1mJ8BGw==/lib/arm64, /data/app/~~e2gUSfwnL1eDTWWP3yG4wQ==/com.fanduel.casino-av4sY1g12DjiHEr1mJ8BGw==/base.apk!/lib/arm64-v8a, /system/lib64, /system_ext/lib64]]"
},
{
    "type": "error",
    "source": "method",
    "method": "setUseAdvertisingIdForDeviceId",
    "package_name": "com.fanduel.casino",
    "class_name": "com.amplitude.api.Amplitude",
    "timestamp": 1728284034132,
    "error": "Error: java.lang.ClassNotFoundException: Didn't find class \"com.amplitude.api.Amplitude\" on path: DexPathList[[zip file \"/data/app/~~e2gUSfwnL1eDTWWP3yG4wQ==/com.fanduel.casino-av4sY1g12DjiHEr1mJ8BGw==/base.apk\"],nativeLibraryDirectories=[/data/app/~~e2gUSfwnL1eDTWWP3yG4wQ==/com.fanduel.casino-av4sY1g12DjiHEr1mJ8BGw==/lib/arm64, /data/app/~~e2gUSfwnL1eDTWWP3yG4wQ==/com.fanduel.casino-av4sY1g12DjiHEr1mJ8BGw==/base.apk!/lib/arm64-v8a, /system/lib64, /system_ext/lib64]]"
},
{
    "type": "error",
    "source": "method",
    "method": "setUseAdvertisingIdForDeviceId",
    "package_name": "com.fanduel.casino",
    "class_name": "com.amplitude.android.Amplitude",
    "timestamp": 1728284034134,
    "error": "Error: java.lang.ClassNotFoundException: Didn't find class \"com.amplitude.android.Amplitude\" on path: DexPathList[[zip file \"/data/app/~~e2gUSfwnL1eDTWWP3yG4wQ==/com.fanduel.casino-av4sY1g12DjiHEr1mJ8BGw==/base.apk\"],nativeLibraryDirectories=[/data/app/~~e2gUSfwnL1eDTWWP3yG4wQ==/com.fanduel.casino-av4sY1g12DjiHEr1mJ8BGw==/lib/arm64, /data/app/~~e2gUSfwnL1eDTWWP3yG4wQ==/com.fanduel.casino-av4sY1g12DjiHEr1mJ8BGw==/base.apk!/lib/arm64-v8a, /system/lib64, /system_ext/lib64]]"
},
{
    "type": "error",
    "source": "method",
    "method": "useAppSetIdForDeviceId",
    "package_name": "com.fanduel.casino",
    "class_name": "com.amplitude.api.Amplitude",
    "timestamp": 1728284034135,
    "error": "Error: java.lang.ClassNotFoundException: Didn't find class \"com.amplitude.api.Amplitude\" on path: DexPathList[[zip file \"/data/app/~~e2gUSfwnL1eDTWWP3yG4wQ==/com.fanduel.casino-av4sY1g12DjiHEr1mJ8BGw==/base.apk\"],nativeLibraryDirectories=[/data/app/~~e2gUSfwnL1eDTWWP3yG4wQ==/com.fanduel.casino-av4sY1g12DjiHEr1mJ8BGw==/lib/arm64, /data/app/~~e2gUSfwnL1eDTWWP3yG4wQ==/com.fanduel.casino-av4sY1g12DjiHEr1mJ8BGw==/base.apk!/lib/arm64-v8a, /system/lib64, /system_ext/lib64]]"
},
{
    "type": "error",
    "source": "method",
    "method": "useAppSetIdForDeviceId",
    "package_name": "com.fanduel.casino",
    "class_name": "com.amplitude.android.Amplitude",
    "timestamp": 1728284034137,
    "error": "Error: java.lang.ClassNotFoundException: Didn't find class \"com.amplitude.android.Amplitude\" on path: DexPathList[[zip file \"/data/app/~~e2gUSfwnL1eDTWWP3yG4wQ==/com.fanduel.casino-av4sY1g12DjiHEr1mJ8BGw==/base.apk\"],nativeLibraryDirectories=[/data/app/~~e2gUSfwnL1eDTWWP3yG4wQ==/com.fanduel.casino-av4sY1g12DjiHEr1mJ8BGw==/lib/arm64, /data/app/~~e2gUSfwnL1eDTWWP3yG4wQ==/com.fanduel.casino-av4sY1g12DjiHEr1mJ8BGw==/base.apk!/lib/arm64-v8a, /system/lib64, /system_ext/lib64]]"
},
{
    "type": "error",
    "source": "method",
    "method": "tagForChildDirectedTreatment",
    "package_name": "com.fanduel.casino",
    "class_name": "com.appbrain.AdService",
    "timestamp": 1728284034139,
    "error": "Error: java.lang.ClassNotFoundException: Didn't find class \"com.appbrain.AdService\" on path: DexPathList[[zip file \"/data/app/~~e2gUSfwnL1eDTWWP3yG4wQ==/com.fanduel.casino-av4sY1g12DjiHEr1mJ8BGw==/base.apk\"],nativeLibraryDirectories=[/data/app/~~e2gUSfwnL1eDTWWP3yG4wQ==/com.fanduel.casino-av4sY1g12DjiHEr1mJ8BGw==/lib/arm64, /data/app/~~e2gUSfwnL1eDTWWP3yG4wQ==/com.fanduel.casino-av4sY1g12DjiHEr1mJ8BGw==/base.apk!/lib/arm64-v8a, /system/lib64, /system_ext/lib64]]"
},
{
    "type": "error",
    "source": "method",
    "method": "setUserData",
    "package_name": "com.fanduel.casino",
    "class_name": "com.appbrain.AdService",
    "timestamp": 1728284034141,
    "error": "Error: java.lang.ClassNotFoundException: Didn't find class \"com.appbrain.AdService\" on path: DexPathList[[zip file \"/data/app/~~e2gUSfwnL1eDTWWP3yG4wQ==/com.fanduel.casino-av4sY1g12DjiHEr1mJ8BGw==/base.apk\"],nativeLibraryDirectories=[/data/app/~~e2gUSfwnL1eDTWWP3yG4wQ==/com.fanduel.casino-av4sY1g12DjiHEr1mJ8BGw==/lib/arm64, /data/app/~~e2gUSfwnL1eDTWWP3yG4wQ==/com.fanduel.casino-av4sY1g12DjiHEr1mJ8BGw==/base.apk!/lib/arm64-v8a, /system/lib64, /system_ext/lib64]]"
},
{
    "type": "error",
    "source": "method",
    "method": "setHasUserConsent",
    "package_name": "com.fanduel.casino",
    "class_name": "com.applovin.sdk.AppLovinPrivacySettings",
    "timestamp": 1728284034142,
    "error": "Error: java.lang.ClassNotFoundException: Didn't find class \"com.applovin.sdk.AppLovinPrivacySettings\" on path: DexPathList[[zip file \"/data/app/~~e2gUSfwnL1eDTWWP3yG4wQ==/com.fanduel.casino-av4sY1g12DjiHEr1mJ8BGw==/base.apk\"],nativeLibraryDirectories=[/data/app/~~e2gUSfwnL1eDTWWP3yG4wQ==/com.fanduel.casino-av4sY1g12DjiHEr1mJ8BGw==/lib/arm64, /data/app/~~e2gUSfwnL1eDTWWP3yG4wQ==/com.fanduel.casino-av4sY1g12DjiHEr1mJ8BGw==/base.apk!/lib/arm64-v8a, /system/lib64, /system_ext/lib64]]"
},
{
    "type": "error",
    "source": "method",
    "method": "setIsAgeRestrictedUser",
    "package_name": "com.fanduel.casino",
    "class_name": "com.applovin.sdk.AppLovinPrivacySettings",
    "timestamp": 1728284034144,
    "error": "Error: java.lang.ClassNotFoundException: Didn't find class \"com.applovin.sdk.AppLovinPrivacySettings\" on path: DexPathList[[zip file \"/data/app/~~e2gUSfwnL1eDTWWP3yG4wQ==/com.fanduel.casino-av4sY1g12DjiHEr1mJ8BGw==/base.apk\"],nativeLibraryDirectories=[/data/app/~~e2gUSfwnL1eDTWWP3yG4wQ==/com.fanduel.casino-av4sY1g12DjiHEr1mJ8BGw==/lib/arm64, /data/app/~~e2gUSfwnL1eDTWWP3yG4wQ==/com.fanduel.casino-av4sY1g12DjiHEr1mJ8BGw==/base.apk!/lib/arm64-v8a, /system/lib64, /system_ext/lib64]]"
},
{
    "type": "error",
    "source": "method",
    "method": "setDoNotSell",
    "package_name": "com.fanduel.casino",
    "class_name": "com.applovin.sdk.AppLovinPrivacySettings",
    "timestamp": 1728284034145,
    "error": "Error: java.lang.ClassNotFoundException: Didn't find class \"com.applovin.sdk.AppLovinPrivacySettings\" on path: DexPathList[[zip file \"/data/app/~~e2gUSfwnL1eDTWWP3yG4wQ==/com.fanduel.casino-av4sY1g12DjiHEr1mJ8BGw==/base.apk\"],nativeLibraryDirectories=[/data/app/~~e2gUSfwnL1eDTWWP3yG4wQ==/com.fanduel.casino-av4sY1g12DjiHEr1mJ8BGw==/lib/arm64, /data/app/~~e2gUSfwnL1eDTWWP3yG4wQ==/com.fanduel.casino-av4sY1g12DjiHEr1mJ8BGw==/base.apk!/lib/arm64-v8a, /system/lib64, /system_ext/lib64]]"
},
{
    "type": "error",
    "source": "method",
    "method": "setConsent",
    "package_name": "com.fanduel.casino",
    "class_name": "com.appnext.base.Appnext",
    "timestamp": 1728284034148,
    "error": "Error: java.lang.ClassNotFoundException: Didn't find class \"com.appnext.base.Appnext\" on path: DexPathList[[zip file \"/data/app/~~e2gUSfwnL1eDTWWP3yG4wQ==/com.fanduel.casino-av4sY1g12DjiHEr1mJ8BGw==/base.apk\"],nativeLibraryDirectories=[/data/app/~~e2gUSfwnL1eDTWWP3yG4wQ==/com.fanduel.casino-av4sY1g12DjiHEr1mJ8BGw==/lib/arm64, /data/app/~~e2gUSfwnL1eDTWWP3yG4wQ==/com.fanduel.casino-av4sY1g12DjiHEr1mJ8BGw==/base.apk!/lib/arm64-v8a, /system/lib64, /system_ext/lib64]]"
},
{
    "type": "error",
    "source": "method",
    "method": "setConsentRequired",
    "package_name": "com.fanduel.casino",
    "class_name": "com.appnexus.opensdk.ANGDPRSettings",
    "timestamp": 1728284034150,
    "error": "Error: java.lang.ClassNotFoundException: Didn't find class \"com.appnexus.opensdk.ANGDPRSettings\" on path: DexPathList[[zip file \"/data/app/~~e2gUSfwnL1eDTWWP3yG4wQ==/com.fanduel.casino-av4sY1g12DjiHEr1mJ8BGw==/base.apk\"],nativeLibraryDirectories=[/data/app/~~e2gUSfwnL1eDTWWP3yG4wQ==/com.fanduel.casino-av4sY1g12DjiHEr1mJ8BGw==/lib/arm64, /data/app/~~e2gUSfwnL1eDTWWP3yG4wQ==/com.fanduel.casino-av4sY1g12DjiHEr1mJ8BGw==/base.apk!/lib/arm64-v8a, /system/lib64, /system_ext/lib64]]"
},
{
    "type": "error",
    "source": "method",
    "method": "setConsentString",
    "package_name": "com.fanduel.casino",
    "class_name": "com.appnexus.opensdk.ANGDPRSettings",
    "timestamp": 1728284034151,
    "error": "Error: java.lang.ClassNotFoundException: Didn't find class \"com.appnexus.opensdk.ANGDPRSettings\" on path: DexPathList[[zip file \"/data/app/~~e2gUSfwnL1eDTWWP3yG4wQ==/com.fanduel.casino-av4sY1g12DjiHEr1mJ8BGw==/base.apk\"],nativeLibraryDirectories=[/data/app/~~e2gUSfwnL1eDTWWP3yG4wQ==/com.fanduel.casino-av4sY1g12DjiHEr1mJ8BGw==/lib/arm64, /data/app/~~e2gUSfwnL1eDTWWP3yG4wQ==/com.fanduel.casino-av4sY1g12DjiHEr1mJ8BGw==/base.apk!/lib/arm64-v8a, /system/lib64, /system_ext/lib64]]"
},
{
    "type": "error",
    "source": "method",
    "method": "setPurposeConsents",
    "package_name": "com.fanduel.casino",
    "class_name": "com.appnexus.opensdk.ANGDPRSettings",
    "timestamp": 1728284034153,
    "error": "Error: java.lang.ClassNotFoundException: Didn't find class \"com.appnexus.opensdk.ANGDPRSettings\" on path: DexPathList[[zip file \"/data/app/~~e2gUSfwnL1eDTWWP3yG4wQ==/com.fanduel.casino-av4sY1g12DjiHEr1mJ8BGw==/base.apk\"],nativeLibraryDirectories=[/data/app/~~e2gUSfwnL1eDTWWP3yG4wQ==/com.fanduel.casino-av4sY1g12DjiHEr1mJ8BGw==/lib/arm64, /data/app/~~e2gUSfwnL1eDTWWP3yG4wQ==/com.fanduel.casino-av4sY1g12DjiHEr1mJ8BGw==/base.apk!/lib/arm64-v8a, /system/lib64, /system_ext/lib64]]"
},
{
    "type": "error",
    "source": "method",
    "method": "setUSPrivacyString",
    "package_name": "com.fanduel.casino",
    "class_name": "com.appnexus.opensdk.ANUSPrivacySettings",
    "timestamp": 1728284034154,
    "error": "Error: java.lang.ClassNotFoundException: Didn't find class \"com.appnexus.opensdk.ANUSPrivacySettings\" on path: DexPathList[[zip file \"/data/app/~~e2gUSfwnL1eDTWWP3yG4wQ==/com.fanduel.casino-av4sY1g12DjiHEr1mJ8BGw==/base.apk\"],nativeLibraryDirectories=[/data/app/~~e2gUSfwnL1eDTWWP3yG4wQ==/com.fanduel.casino-av4sY1g12DjiHEr1mJ8BGw==/lib/arm64, /data/app/~~e2gUSfwnL1eDTWWP3yG4wQ==/com.fanduel.casino-av4sY1g12DjiHEr1mJ8BGw==/base.apk!/lib/arm64-v8a, /system/lib64, /system_ext/lib64]]"
},
{
    "type": "error",
    "source": "method",
    "method": "getUSPrivacyString",
    "package_name": "com.fanduel.casino",
    "class_name": "com.appnexus.opensdk.ANUSPrivacySettings",
    "timestamp": 1728284034156,
    "error": "Error: java.lang.ClassNotFoundException: Didn't find class \"com.appnexus.opensdk.ANUSPrivacySettings\" on path: DexPathList[[zip file \"/data/app/~~e2gUSfwnL1eDTWWP3yG4wQ==/com.fanduel.casino-av4sY1g12DjiHEr1mJ8BGw==/base.apk\"],nativeLibraryDirectories=[/data/app/~~e2gUSfwnL1eDTWWP3yG4wQ==/com.fanduel.casino-av4sY1g12DjiHEr1mJ8BGw==/lib/arm64, /data/app/~~e2gUSfwnL1eDTWWP3yG4wQ==/com.fanduel.casino-av4sY1g12DjiHEr1mJ8BGw==/base.apk!/lib/arm64-v8a, /system/lib64, /system_ext/lib64]]"
},
{
    "type": "error",
    "source": "method",
    "method": "reset",
    "package_name": "com.fanduel.casino",
    "class_name": "com.appnexus.opensdk.ANUSPrivacySettings",
    "timestamp": 1728284034158,
    "error": "Error: java.lang.ClassNotFoundException: Didn't find class \"com.appnexus.opensdk.ANUSPrivacySettings\" on path: DexPathList[[zip file \"/data/app/~~e2gUSfwnL1eDTWWP3yG4wQ==/com.fanduel.casino-av4sY1g12DjiHEr1mJ8BGw==/base.apk\"],nativeLibraryDirectories=[/data/app/~~e2gUSfwnL1eDTWWP3yG4wQ==/com.fanduel.casino-av4sY1g12DjiHEr1mJ8BGw==/lib/arm64, /data/app/~~e2gUSfwnL1eDTWWP3yG4wQ==/com.fanduel.casino-av4sY1g12DjiHEr1mJ8BGw==/base.apk!/lib/arm64-v8a, /system/lib64, /system_ext/lib64]]"
},
{
    "type": "error",
    "source": "method",
    "method": "setDSARequired",
    "package_name": "com.fanduel.casino",
    "class_name": "com.appnexus.opensdk.ANDSASettings",
    "timestamp": 1728284034159,
    "error": "Error: java.lang.ClassNotFoundException: Didn't find class \"com.appnexus.opensdk.ANDSASettings\" on path: DexPathList[[zip file \"/data/app/~~e2gUSfwnL1eDTWWP3yG4wQ==/com.fanduel.casino-av4sY1g12DjiHEr1mJ8BGw==/base.apk\"],nativeLibraryDirectories=[/data/app/~~e2gUSfwnL1eDTWWP3yG4wQ==/com.fanduel.casino-av4sY1g12DjiHEr1mJ8BGw==/lib/arm64, /data/app/~~e2gUSfwnL1eDTWWP3yG4wQ==/com.fanduel.casino-av4sY1g12DjiHEr1mJ8BGw==/base.apk!/lib/arm64-v8a, /system/lib64, /system_ext/lib64]]"
},
{
    "type": "error",
    "source": "method",
    "method": "setPubRender",
    "package_name": "com.fanduel.casino",
    "class_name": "com.appnexus.opensdk.ANDSASettings",
    "timestamp": 1728284034161,
    "error": "Error: java.lang.ClassNotFoundException: Didn't find class \"com.appnexus.opensdk.ANDSASettings\" on path: DexPathList[[zip file \"/data/app/~~e2gUSfwnL1eDTWWP3yG4wQ==/com.fanduel.casino-av4sY1g12DjiHEr1mJ8BGw==/base.apk\"],nativeLibraryDirectories=[/data/app/~~e2gUSfwnL1eDTWWP3yG4wQ==/com.fanduel.casino-av4sY1g12DjiHEr1mJ8BGw==/lib/arm64, /data/app/~~e2gUSfwnL1eDTWWP3yG4wQ==/com.fanduel.casino-av4sY1g12DjiHEr1mJ8BGw==/base.apk!/lib/arm64-v8a, /system/lib64, /system_ext/lib64]]"
},
{
    "type": "error",
    "source": "method",
    "method": "setTransparencyList",
    "package_name": "com.fanduel.casino",
    "class_name": "com.appnexus.opensdk.ANDSASettings",
    "timestamp": 1728284034166,
    "error": "Error: java.lang.ClassNotFoundException: Didn't find class \"com.appnexus.opensdk.ANDSASettings\" on path: DexPathList[[zip file \"/data/app/~~e2gUSfwnL1eDTWWP3yG4wQ==/com.fanduel.casino-av4sY1g12DjiHEr1mJ8BGw==/base.apk\"],nativeLibraryDirectories=[/data/app/~~e2gUSfwnL1eDTWWP3yG4wQ==/com.fanduel.casino-av4sY1g12DjiHEr1mJ8BGw==/lib/arm64, /data/app/~~e2gUSfwnL1eDTWWP3yG4wQ==/com.fanduel.casino-av4sY1g12DjiHEr1mJ8BGw==/base.apk!/lib/arm64-v8a, /system/lib64, /system_ext/lib64]]"
},
{
    "type": "error",
    "source": "method",
    "method": "getDSARequired",
    "package_name": "com.fanduel.casino",
    "class_name": "com.appnexus.opensdk.ANDSASettings",
    "timestamp": 1728284034168,
    "error": "Error: java.lang.ClassNotFoundException: Didn't find class \"com.appnexus.opensdk.ANDSASettings\" on path: DexPathList[[zip file \"/data/app/~~e2gUSfwnL1eDTWWP3yG4wQ==/com.fanduel.casino-av4sY1g12DjiHEr1mJ8BGw==/base.apk\"],nativeLibraryDirectories=[/data/app/~~e2gUSfwnL1eDTWWP3yG4wQ==/com.fanduel.casino-av4sY1g12DjiHEr1mJ8BGw==/lib/arm64, /data/app/~~e2gUSfwnL1eDTWWP3yG4wQ==/com.fanduel.casino-av4sY1g12DjiHEr1mJ8BGw==/base.apk!/lib/arm64-v8a, /system/lib64, /system_ext/lib64]]"
},
{
    "type": "error",
    "source": "method",
    "method": "getPubRender",
    "package_name": "com.fanduel.casino",
    "class_name": "com.appnexus.opensdk.ANDSASettings",
    "timestamp": 1728284034170,
    "error": "Error: java.lang.ClassNotFoundException: Didn't find class \"com.appnexus.opensdk.ANDSASettings\" on path: DexPathList[[zip file \"/data/app/~~e2gUSfwnL1eDTWWP3yG4wQ==/com.fanduel.casino-av4sY1g12DjiHEr1mJ8BGw==/base.apk\"],nativeLibraryDirectories=[/data/app/~~e2gUSfwnL1eDTWWP3yG4wQ==/com.fanduel.casino-av4sY1g12DjiHEr1mJ8BGw==/lib/arm64, /data/app/~~e2gUSfwnL1eDTWWP3yG4wQ==/com.fanduel.casino-av4sY1g12DjiHEr1mJ8BGw==/base.apk!/lib/arm64-v8a, /system/lib64, /system_ext/lib64]]"
},
{
    "type": "error",
    "source": "method",
    "method": "getTransparencyList",
    "package_name": "com.fanduel.casino",
    "class_name": "com.appnexus.opensdk.ANDSASettings",
    "timestamp": 1728284034172,
    "error": "Error: java.lang.ClassNotFoundException: Didn't find class \"com.appnexus.opensdk.ANDSASettings\" on path: DexPathList[[zip file \"/data/app/~~e2gUSfwnL1eDTWWP3yG4wQ==/com.fanduel.casino-av4sY1g12DjiHEr1mJ8BGw==/base.apk\"],nativeLibraryDirectories=[/data/app/~~e2gUSfwnL1eDTWWP3yG4wQ==/com.fanduel.casino-av4sY1g12DjiHEr1mJ8BGw==/lib/arm64, /data/app/~~e2gUSfwnL1eDTWWP3yG4wQ==/com.fanduel.casino-av4sY1g12DjiHEr1mJ8BGw==/base.apk!/lib/arm64-v8a, /system/lib64, /system_ext/lib64]]"
},
{
    "type": "error",
    "source": "method",
    "method": "setChildDirectedTreatment",
    "package_name": "com.fanduel.casino",
    "class_name": "com.appodeal.ads.Appodeal",
    "timestamp": 1728284034176,
    "error": "Error: java.lang.ClassNotFoundException: Didn't find class \"com.appodeal.ads.Appodeal\" on path: DexPathList[[zip file \"/data/app/~~e2gUSfwnL1eDTWWP3yG4wQ==/com.fanduel.casino-av4sY1g12DjiHEr1mJ8BGw==/base.apk\"],nativeLibraryDirectories=[/data/app/~~e2gUSfwnL1eDTWWP3yG4wQ==/com.fanduel.casino-av4sY1g12DjiHEr1mJ8BGw==/lib/arm64, /data/app/~~e2gUSfwnL1eDTWWP3yG4wQ==/com.fanduel.casino-av4sY1g12DjiHEr1mJ8BGw==/base.apk!/lib/arm64-v8a, /system/lib64, /system_ext/lib64]]"
},
{
    "type": "error",
    "source": "method",
    "method": "requestConsentInfoUpdate",
    "package_name": "com.fanduel.casino",
    "class_name": "com.appodeal.consent.ConsentManager",
    "timestamp": 1728284034178,
    "error": "Error: java.lang.ClassNotFoundException: Didn't find class \"com.appodeal.consent.ConsentManager\" on path: DexPathList[[zip file \"/data/app/~~e2gUSfwnL1eDTWWP3yG4wQ==/com.fanduel.casino-av4sY1g12DjiHEr1mJ8BGw==/base.apk\"],nativeLibraryDirectories=[/data/app/~~e2gUSfwnL1eDTWWP3yG4wQ==/com.fanduel.casino-av4sY1g12DjiHEr1mJ8BGw==/lib/arm64, /data/app/~~e2gUSfwnL1eDTWWP3yG4wQ==/com.fanduel.casino-av4sY1g12DjiHEr1mJ8BGw==/base.apk!/lib/arm64-v8a, /system/lib64, /system_ext/lib64]]"
},
{
    "type": "error",
    "source": "method",
    "method": "revoke",
    "package_name": "com.fanduel.casino",
    "class_name": "com.appodeal.consent.ConsentManager",
    "timestamp": 1728284034180,
    "error": "Error: java.lang.ClassNotFoundException: Didn't find class \"com.appodeal.consent.ConsentManager\" on path: DexPathList[[zip file \"/data/app/~~e2gUSfwnL1eDTWWP3yG4wQ==/com.fanduel.casino-av4sY1g12DjiHEr1mJ8BGw==/base.apk\"],nativeLibraryDirectories=[/data/app/~~e2gUSfwnL1eDTWWP3yG4wQ==/com.fanduel.casino-av4sY1g12DjiHEr1mJ8BGw==/lib/arm64, /data/app/~~e2gUSfwnL1eDTWWP3yG4wQ==/com.fanduel.casino-av4sY1g12DjiHEr1mJ8BGw==/base.apk!/lib/arm64-v8a, /system/lib64, /system_ext/lib64]]"
},
{
    "type": "error",
    "source": "method",
    "method": "updateAutomaticDataCollection",
    "package_name": "com.fanduel.casino",
    "class_name": "com.batch.android.Batch",
    "timestamp": 1728284034187,
    "error": "Error: java.lang.ClassNotFoundException: Didn't find class \"com.batch.android.Batch\" on path: DexPathList[[zip file \"/data/app/~~e2gUSfwnL1eDTWWP3yG4wQ==/com.fanduel.casino-av4sY1g12DjiHEr1mJ8BGw==/base.apk\"],nativeLibraryDirectories=[/data/app/~~e2gUSfwnL1eDTWWP3yG4wQ==/com.fanduel.casino-av4sY1g12DjiHEr1mJ8BGw==/lib/arm64, /data/app/~~e2gUSfwnL1eDTWWP3yG4wQ==/com.fanduel.casino-av4sY1g12DjiHEr1mJ8BGw==/base.apk!/lib/arm64-v8a, /system/lib64, /system_ext/lib64]]"
},
{
    "type": "error",
    "source": "method",
    "method": "optOut",
    "package_name": "com.fanduel.casino",
    "class_name": "com.batch.android.Batch",
    "timestamp": 1728284034189,
    "error": "Error: java.lang.ClassNotFoundException: Didn't find class \"com.batch.android.Batch\" on path: DexPathList[[zip file \"/data/app/~~e2gUSfwnL1eDTWWP3yG4wQ==/com.fanduel.casino-av4sY1g12DjiHEr1mJ8BGw==/base.apk\"],nativeLibraryDirectories=[/data/app/~~e2gUSfwnL1eDTWWP3yG4wQ==/com.fanduel.casino-av4sY1g12DjiHEr1mJ8BGw==/lib/arm64, /data/app/~~e2gUSfwnL1eDTWWP3yG4wQ==/com.fanduel.casino-av4sY1g12DjiHEr1mJ8BGw==/base.apk!/lib/arm64-v8a, /system/lib64, /system_ext/lib64]]"
},
{
    "type": "error",
    "source": "method",
    "method": "optOutAndWipeData",
    "package_name": "com.fanduel.casino",
    "class_name": "com.batch.android.Batch",
    "timestamp": 1728284034190,
    "error": "Error: java.lang.ClassNotFoundException: Didn't find class \"com.batch.android.Batch\" on path: DexPathList[[zip file \"/data/app/~~e2gUSfwnL1eDTWWP3yG4wQ==/com.fanduel.casino-av4sY1g12DjiHEr1mJ8BGw==/base.apk\"],nativeLibraryDirectories=[/data/app/~~e2gUSfwnL1eDTWWP3yG4wQ==/com.fanduel.casino-av4sY1g12DjiHEr1mJ8BGw==/lib/arm64, /data/app/~~e2gUSfwnL1eDTWWP3yG4wQ==/com.fanduel.casino-av4sY1g12DjiHEr1mJ8BGw==/base.apk!/lib/arm64-v8a, /system/lib64, /system_ext/lib64]]"
},
{
    "type": "error",
    "source": "method",
    "method": "optIn",
    "package_name": "com.fanduel.casino",
    "class_name": "com.batch.android.Batch",
    "timestamp": 1728284034192,
    "error": "Error: java.lang.ClassNotFoundException: Didn't find class \"com.batch.android.Batch\" on path: DexPathList[[zip file \"/data/app/~~e2gUSfwnL1eDTWWP3yG4wQ==/com.fanduel.casino-av4sY1g12DjiHEr1mJ8BGw==/base.apk\"],nativeLibraryDirectories=[/data/app/~~e2gUSfwnL1eDTWWP3yG4wQ==/com.fanduel.casino-av4sY1g12DjiHEr1mJ8BGw==/lib/arm64, /data/app/~~e2gUSfwnL1eDTWWP3yG4wQ==/com.fanduel.casino-av4sY1g12DjiHEr1mJ8BGw==/base.apk!/lib/arm64-v8a, /system/lib64, /system_ext/lib64]]"
},
{
    "type": "error",
    "source": "method",
    "method": "setGeoIPEnabled",
    "package_name": "com.fanduel.casino",
    "class_name": "com.batch.android.Batch",
    "timestamp": 1728284034194,
    "error": "Error: java.lang.ClassNotFoundException: Didn't find class \"com.batch.android.Batch\" on path: DexPathList[[zip file \"/data/app/~~e2gUSfwnL1eDTWWP3yG4wQ==/com.fanduel.casino-av4sY1g12DjiHEr1mJ8BGw==/base.apk\"],nativeLibraryDirectories=[/data/app/~~e2gUSfwnL1eDTWWP3yG4wQ==/com.fanduel.casino-av4sY1g12DjiHEr1mJ8BGw==/lib/arm64, /data/app/~~e2gUSfwnL1eDTWWP3yG4wQ==/com.fanduel.casino-av4sY1g12DjiHEr1mJ8BGw==/base.apk!/lib/arm64-v8a, /system/lib64, /system_ext/lib64]]"
},
{
    "type": "error",
    "source": "method",
    "method": "setCoppa",
    "package_name": "com.fanduel.casino",
    "class_name": "io.bidmachine.BidMachine",
    "timestamp": 1728284034196,
    "error": "Error: java.lang.ClassNotFoundException: Didn't find class \"io.bidmachine.BidMachine\" on path: DexPathList[[zip file \"/data/app/~~e2gUSfwnL1eDTWWP3yG4wQ==/com.fanduel.casino-av4sY1g12DjiHEr1mJ8BGw==/base.apk\"],nativeLibraryDirectories=[/data/app/~~e2gUSfwnL1eDTWWP3yG4wQ==/com.fanduel.casino-av4sY1g12DjiHEr1mJ8BGw==/lib/arm64, /data/app/~~e2gUSfwnL1eDTWWP3yG4wQ==/com.fanduel.casino-av4sY1g12DjiHEr1mJ8BGw==/base.apk!/lib/arm64-v8a, /system/lib64, /system_ext/lib64]]"
},
{
    "type": "error",
    "source": "method",
    "method": "setSubjectToGDPR",
    "package_name": "com.fanduel.casino",
    "class_name": "io.bidmachine.BidMachine",
    "timestamp": 1728284034197,
    "error": "Error: java.lang.ClassNotFoundException: Didn't find class \"io.bidmachine.BidMachine\" on path: DexPathList[[zip file \"/data/app/~~e2gUSfwnL1eDTWWP3yG4wQ==/com.fanduel.casino-av4sY1g12DjiHEr1mJ8BGw==/base.apk\"],nativeLibraryDirectories=[/data/app/~~e2gUSfwnL1eDTWWP3yG4wQ==/com.fanduel.casino-av4sY1g12DjiHEr1mJ8BGw==/lib/arm64, /data/app/~~e2gUSfwnL1eDTWWP3yG4wQ==/com.fanduel.casino-av4sY1g12DjiHEr1mJ8BGw==/base.apk!/lib/arm64-v8a, /system/lib64, /system_ext/lib64]]"
},
{
    "type": "error",
    "source": "method",
    "method": "setConsentConfig",
    "package_name": "com.fanduel.casino",
    "class_name": "io.bidmachine.BidMachine",
    "timestamp": 1728284034199,
    "error": "Error: java.lang.ClassNotFoundException: Didn't find class \"io.bidmachine.BidMachine\" on path: DexPathList[[zip file \"/data/app/~~e2gUSfwnL1eDTWWP3yG4wQ==/com.fanduel.casino-av4sY1g12DjiHEr1mJ8BGw==/base.apk\"],nativeLibraryDirectories=[/data/app/~~e2gUSfwnL1eDTWWP3yG4wQ==/com.fanduel.casino-av4sY1g12DjiHEr1mJ8BGw==/lib/arm64, /data/app/~~e2gUSfwnL1eDTWWP3yG4wQ==/com.fanduel.casino-av4sY1g12DjiHEr1mJ8BGw==/base.apk!/lib/arm64-v8a, /system/lib64, /system_ext/lib64]]"
},
{
    "type": "error",
    "source": "method",
    "method": "setUSPrivacyString",
    "package_name": "com.fanduel.casino",
    "class_name": "io.bidmachine.BidMachine",
    "timestamp": 1728284034201,
    "error": "Error: java.lang.ClassNotFoundException: Didn't find class \"io.bidmachine.BidMachine\" on path: DexPathList[[zip file \"/data/app/~~e2gUSfwnL1eDTWWP3yG4wQ==/com.fanduel.casino-av4sY1g12DjiHEr1mJ8BGw==/base.apk\"],nativeLibraryDirectories=[/data/app/~~e2gUSfwnL1eDTWWP3yG4wQ==/com.fanduel.casino-av4sY1g12DjiHEr1mJ8BGw==/lib/arm64, /data/app/~~e2gUSfwnL1eDTWWP3yG4wQ==/com.fanduel.casino-av4sY1g12DjiHEr1mJ8BGw==/base.apk!/lib/arm64-v8a, /system/lib64, /system_ext/lib64]]"
},
{
    "type": "error",
    "source": "method",
    "method": "setGPP",
    "package_name": "com.fanduel.casino",
    "class_name": "io.bidmachine.BidMachine",
    "timestamp": 1728284034203,
    "error": "Error: java.lang.ClassNotFoundException: Didn't find class \"io.bidmachine.BidMachine\" on path: DexPathList[[zip file \"/data/app/~~e2gUSfwnL1eDTWWP3yG4wQ==/com.fanduel.casino-av4sY1g12DjiHEr1mJ8BGw==/base.apk\"],nativeLibraryDirectories=[/data/app/~~e2gUSfwnL1eDTWWP3yG4wQ==/com.fanduel.casino-av4sY1g12DjiHEr1mJ8BGw==/lib/arm64, /data/app/~~e2gUSfwnL1eDTWWP3yG4wQ==/com.fanduel.casino-av4sY1g12DjiHEr1mJ8BGw==/base.apk!/lib/arm64-v8a, /system/lib64, /system_ext/lib64]]"
},
{
    "type": "error",
    "source": "method",
    "method": "setUserConsent",
    "package_name": "com.fanduel.casino",
    "class_name": "sg.bigo.ads.BigoAdSdk",
    "timestamp": 1728284034205,
    "error": "Error: java.lang.ClassNotFoundException: Didn't find class \"sg.bigo.ads.BigoAdSdk\" on path: DexPathList[[zip file \"/data/app/~~e2gUSfwnL1eDTWWP3yG4wQ==/com.fanduel.casino-av4sY1g12DjiHEr1mJ8BGw==/base.apk\"],nativeLibraryDirectories=[/data/app/~~e2gUSfwnL1eDTWWP3yG4wQ==/com.fanduel.casino-av4sY1g12DjiHEr1mJ8BGw==/lib/arm64, /data/app/~~e2gUSfwnL1eDTWWP3yG4wQ==/com.fanduel.casino-av4sY1g12DjiHEr1mJ8BGw==/base.apk!/lib/arm64-v8a, /system/lib64, /system_ext/lib64]]"
},
{
    "type": "error",
    "source": "method",
    "method": "disableTracking",
    "package_name": "com.fanduel.casino",
    "class_name": "io.branch.referral.Branch",
    "timestamp": 1728284034206,
    "error": "Error: java.lang.ClassNotFoundException: Didn't find class \"io.branch.referral.Branch\" on path: DexPathList[[zip file \"/data/app/~~e2gUSfwnL1eDTWWP3yG4wQ==/com.fanduel.casino-av4sY1g12DjiHEr1mJ8BGw==/base.apk\"],nativeLibraryDirectories=[/data/app/~~e2gUSfwnL1eDTWWP3yG4wQ==/com.fanduel.casino-av4sY1g12DjiHEr1mJ8BGw==/lib/arm64, /data/app/~~e2gUSfwnL1eDTWWP3yG4wQ==/com.fanduel.casino-av4sY1g12DjiHEr1mJ8BGw==/base.apk!/lib/arm64-v8a, /system/lib64, /system_ext/lib64]]"
},
{
    "type": "error",
    "source": "method",
    "method": "setLimitFacebookTracking",
    "package_name": "com.fanduel.casino",
    "class_name": "io.branch.referral.Branch",
    "timestamp": 1728284034208,
    "error": "Error: java.lang.ClassNotFoundException: Didn't find class \"io.branch.referral.Branch\" on path: DexPathList[[zip file \"/data/app/~~e2gUSfwnL1eDTWWP3yG4wQ==/com.fanduel.casino-av4sY1g12DjiHEr1mJ8BGw==/base.apk\"],nativeLibraryDirectories=[/data/app/~~e2gUSfwnL1eDTWWP3yG4wQ==/com.fanduel.casino-av4sY1g12DjiHEr1mJ8BGw==/lib/arm64, /data/app/~~e2gUSfwnL1eDTWWP3yG4wQ==/com.fanduel.casino-av4sY1g12DjiHEr1mJ8BGw==/base.apk!/lib/arm64-v8a, /system/lib64, /system_ext/lib64]]"
},
{
    "type": "error",
    "source": "method",
    "method": "setDMAParamsForEEA",
    "package_name": "com.fanduel.casino",
    "class_name": "io.branch.referral.Branch",
    "timestamp": 1728284034209,
    "error": "Error: java.lang.ClassNotFoundException: Didn't find class \"io.branch.referral.Branch\" on path: DexPathList[[zip file \"/data/app/~~e2gUSfwnL1eDTWWP3yG4wQ==/com.fanduel.casino-av4sY1g12DjiHEr1mJ8BGw==/base.apk\"],nativeLibraryDirectories=[/data/app/~~e2gUSfwnL1eDTWWP3yG4wQ==/com.fanduel.casino-av4sY1g12DjiHEr1mJ8BGw==/lib/arm64, /data/app/~~e2gUSfwnL1eDTWWP3yG4wQ==/com.fanduel.casino-av4sY1g12DjiHEr1mJ8BGw==/base.apk!/lib/arm64-v8a, /system/lib64, /system_ext/lib64]]"
},
{
    "type": "error",
    "source": "method",
    "method": "addDataUseConsent",
    "package_name": "com.fanduel.casino",
    "class_name": "com.chartboost.sdk.Chartboost",
    "timestamp": 1728284034225,
    "error": "Error: java.lang.ClassNotFoundException: Didn't find class \"com.chartboost.sdk.Chartboost\" on path: DexPathList[[zip file \"/data/app/~~e2gUSfwnL1eDTWWP3yG4wQ==/com.fanduel.casino-av4sY1g12DjiHEr1mJ8BGw==/base.apk\"],nativeLibraryDirectories=[/data/app/~~e2gUSfwnL1eDTWWP3yG4wQ==/com.fanduel.casino-av4sY1g12DjiHEr1mJ8BGw==/lib/arm64, /data/app/~~e2gUSfwnL1eDTWWP3yG4wQ==/com.fanduel.casino-av4sY1g12DjiHEr1mJ8BGw==/base.apk!/lib/arm64-v8a, /system/lib64, /system_ext/lib64]]"
},
{
    "type": "error",
    "source": "method",
    "method": "clearDataUseConsent",
    "package_name": "com.fanduel.casino",
    "class_name": "com.chartboost.sdk.Chartboost",
    "timestamp": 1728284034226,
    "error": "Error: java.lang.ClassNotFoundException: Didn't find class \"com.chartboost.sdk.Chartboost\" on path: DexPathList[[zip file \"/data/app/~~e2gUSfwnL1eDTWWP3yG4wQ==/com.fanduel.casino-av4sY1g12DjiHEr1mJ8BGw==/base.apk\"],nativeLibraryDirectories=[/data/app/~~e2gUSfwnL1eDTWWP3yG4wQ==/com.fanduel.casino-av4sY1g12DjiHEr1mJ8BGw==/lib/arm64, /data/app/~~e2gUSfwnL1eDTWWP3yG4wQ==/com.fanduel.casino-av4sY1g12DjiHEr1mJ8BGw==/base.apk!/lib/arm64-v8a, /system/lib64, /system_ext/lib64]]"
},
{
    "type": "error",
    "source": "method",
    "method": "setOptOut",
    "package_name": "com.fanduel.casino",
    "class_name": "com.clevertap.android.sdk.CleverTapAPI",
    "timestamp": 1728284034227,
    "error": "Error: java.lang.ClassNotFoundException: Didn't find class \"com.clevertap.android.sdk.CleverTapAPI\" on path: DexPathList[[zip file \"/data/app/~~e2gUSfwnL1eDTWWP3yG4wQ==/com.fanduel.casino-av4sY1g12DjiHEr1mJ8BGw==/base.apk\"],nativeLibraryDirectories=[/data/app/~~e2gUSfwnL1eDTWWP3yG4wQ==/com.fanduel.casino-av4sY1g12DjiHEr1mJ8BGw==/lib/arm64, /data/app/~~e2gUSfwnL1eDTWWP3yG4wQ==/com.fanduel.casino-av4sY1g12DjiHEr1mJ8BGw==/base.apk!/lib/arm64-v8a, /system/lib64, /system_ext/lib64]]"
},
{
    "type": "error",
    "source": "method",
    "method": "enableDeviceNetworkInfoReporting",
    "package_name": "com.fanduel.casino",
    "class_name": "com.clevertap.android.sdk.CleverTapAPI",
    "timestamp": 1728284034229,
    "error": "Error: java.lang.ClassNotFoundException: Didn't find class \"com.clevertap.android.sdk.CleverTapAPI\" on path: DexPathList[[zip file \"/data/app/~~e2gUSfwnL1eDTWWP3yG4wQ==/com.fanduel.casino-av4sY1g12DjiHEr1mJ8BGw==/base.apk\"],nativeLibraryDirectories=[/data/app/~~e2gUSfwnL1eDTWWP3yG4wQ==/com.fanduel.casino-av4sY1g12DjiHEr1mJ8BGw==/lib/arm64, /data/app/~~e2gUSfwnL1eDTWWP3yG4wQ==/com.fanduel.casino-av4sY1g12DjiHEr1mJ8BGw==/base.apk!/lib/arm64-v8a, /system/lib64, /system_ext/lib64]]"
},
{
    "type": "error",
    "source": "method",
    "method": "setOffline",
    "package_name": "com.fanduel.casino",
    "class_name": "com.clevertap.android.sdk.CleverTapAPI",
    "timestamp": 1728284034230,
    "error": "Error: java.lang.ClassNotFoundException: Didn't find class \"com.clevertap.android.sdk.CleverTapAPI\" on path: DexPathList[[zip file \"/data/app/~~e2gUSfwnL1eDTWWP3yG4wQ==/com.fanduel.casino-av4sY1g12DjiHEr1mJ8BGw==/base.apk\"],nativeLibraryDirectories=[/data/app/~~e2gUSfwnL1eDTWWP3yG4wQ==/com.fanduel.casino-av4sY1g12DjiHEr1mJ8BGw==/lib/arm64, /data/app/~~e2gUSfwnL1eDTWWP3yG4wQ==/com.fanduel.casino-av4sY1g12DjiHEr1mJ8BGw==/base.apk!/lib/arm64-v8a, /system/lib64, /system_ext/lib64]]"
},
{
    "type": "error",
    "source": "method",
    "method": "setLocation",
    "package_name": "com.fanduel.casino",
    "class_name": "com.clevertap.android.sdk.CleverTapAPI",
    "timestamp": 1728284034232,
    "error": "Error: java.lang.ClassNotFoundException: Didn't find class \"com.clevertap.android.sdk.CleverTapAPI\" on path: DexPathList[[zip file \"/data/app/~~e2gUSfwnL1eDTWWP3yG4wQ==/com.fanduel.casino-av4sY1g12DjiHEr1mJ8BGw==/base.apk\"],nativeLibraryDirectories=[/data/app/~~e2gUSfwnL1eDTWWP3yG4wQ==/com.fanduel.casino-av4sY1g12DjiHEr1mJ8BGw==/lib/arm64, /data/app/~~e2gUSfwnL1eDTWWP3yG4wQ==/com.fanduel.casino-av4sY1g12DjiHEr1mJ8BGw==/base.apk!/lib/arm64-v8a, /system/lib64, /system_ext/lib64]]"
},
{
    "type": "error",
    "source": "method",
    "method": "setEncryptionLevel",
    "package_name": "com.fanduel.casino",
    "class_name": "com.clevertap.android.sdk.CleverTapAPI",
    "timestamp": 1728284034233,
    "error": "Error: java.lang.ClassNotFoundException: Didn't find class \"com.clevertap.android.sdk.CleverTapAPI\" on path: DexPathList[[zip file \"/data/app/~~e2gUSfwnL1eDTWWP3yG4wQ==/com.fanduel.casino-av4sY1g12DjiHEr1mJ8BGw==/base.apk\"],nativeLibraryDirectories=[/data/app/~~e2gUSfwnL1eDTWWP3yG4wQ==/com.fanduel.casino-av4sY1g12DjiHEr1mJ8BGw==/lib/arm64, /data/app/~~e2gUSfwnL1eDTWWP3yG4wQ==/com.fanduel.casino-av4sY1g12DjiHEr1mJ8BGw==/base.apk!/lib/arm64-v8a, /system/lib64, /system_ext/lib64]]"
},
{
    "type": "error",
    "source": "method",
    "method": "setEncryptionLevel",
    "package_name": "com.fanduel.casino",
    "class_name": "com.clevertap.android.sdk.CleverTapInstanceConfig",
    "timestamp": 1728284034235,
    "error": "Error: java.lang.ClassNotFoundException: Didn't find class \"com.clevertap.android.sdk.CleverTapInstanceConfig\" on path: DexPathList[[zip file \"/data/app/~~e2gUSfwnL1eDTWWP3yG4wQ==/com.fanduel.casino-av4sY1g12DjiHEr1mJ8BGw==/base.apk\"],nativeLibraryDirectories=[/data/app/~~e2gUSfwnL1eDTWWP3yG4wQ==/com.fanduel.casino-av4sY1g12DjiHEr1mJ8BGw==/lib/arm64, /data/app/~~e2gUSfwnL1eDTWWP3yG4wQ==/com.fanduel.casino-av4sY1g12DjiHEr1mJ8BGw==/base.apk!/lib/arm64-v8a, /system/lib64, /system_ext/lib64]]"
},
{
    "type": "error",
    "source": "method",
    "method": "setLocation",
    "package_name": "com.fanduel.casino",
    "class_name": "ly.count.android.sdk.Countly",
    "timestamp": 1728284034236,
    "error": "Error: java.lang.ClassNotFoundException: Didn't find class \"ly.count.android.sdk.Countly\" on path: DexPathList[[zip file \"/data/app/~~e2gUSfwnL1eDTWWP3yG4wQ==/com.fanduel.casino-av4sY1g12DjiHEr1mJ8BGw==/base.apk\"],nativeLibraryDirectories=[/data/app/~~e2gUSfwnL1eDTWWP3yG4wQ==/com.fanduel.casino-av4sY1g12DjiHEr1mJ8BGw==/lib/arm64, /data/app/~~e2gUSfwnL1eDTWWP3yG4wQ==/com.fanduel.casino-av4sY1g12DjiHEr1mJ8BGw==/base.apk!/lib/arm64-v8a, /system/lib64, /system_ext/lib64]]"
},
{
    "type": "error",
    "source": "method",
    "method": "setLocation",
    "package_name": "com.fanduel.casino",
    "class_name": "ly.count.android.sdk.CountlyConfig",
    "timestamp": 1728284034237,
    "error": "Error: java.lang.ClassNotFoundException: Didn't find class \"ly.count.android.sdk.CountlyConfig\" on path: DexPathList[[zip file \"/data/app/~~e2gUSfwnL1eDTWWP3yG4wQ==/com.fanduel.casino-av4sY1g12DjiHEr1mJ8BGw==/base.apk\"],nativeLibraryDirectories=[/data/app/~~e2gUSfwnL1eDTWWP3yG4wQ==/com.fanduel.casino-av4sY1g12DjiHEr1mJ8BGw==/lib/arm64, /data/app/~~e2gUSfwnL1eDTWWP3yG4wQ==/com.fanduel.casino-av4sY1g12DjiHEr1mJ8BGw==/base.apk!/lib/arm64-v8a, /system/lib64, /system_ext/lib64]]"
},
{
    "type": "error",
    "source": "method",
    "method": "disableLocation",
    "package_name": "com.fanduel.casino",
    "class_name": "ly.count.android.sdk.Countly",
    "timestamp": 1728284034239,
    "error": "Error: java.lang.ClassNotFoundException: Didn't find class \"ly.count.android.sdk.Countly\" on path: DexPathList[[zip file \"/data/app/~~e2gUSfwnL1eDTWWP3yG4wQ==/com.fanduel.casino-av4sY1g12DjiHEr1mJ8BGw==/base.apk\"],nativeLibraryDirectories=[/data/app/~~e2gUSfwnL1eDTWWP3yG4wQ==/com.fanduel.casino-av4sY1g12DjiHEr1mJ8BGw==/lib/arm64, /data/app/~~e2gUSfwnL1eDTWWP3yG4wQ==/com.fanduel.casino-av4sY1g12DjiHEr1mJ8BGw==/base.apk!/lib/arm64-v8a, /system/lib64, /system_ext/lib64]]"
},
{
    "type": "error",
    "source": "method",
    "method": "setRequiresConsent",
    "package_name": "com.fanduel.casino",
    "class_name": "ly.count.android.sdk.CountlyConfig",
    "timestamp": 1728284034240,
    "error": "Error: java.lang.ClassNotFoundException: Didn't find class \"ly.count.android.sdk.CountlyConfig\" on path: DexPathList[[zip file \"/data/app/~~e2gUSfwnL1eDTWWP3yG4wQ==/com.fanduel.casino-av4sY1g12DjiHEr1mJ8BGw==/base.apk\"],nativeLibraryDirectories=[/data/app/~~e2gUSfwnL1eDTWWP3yG4wQ==/com.fanduel.casino-av4sY1g12DjiHEr1mJ8BGw==/lib/arm64, /data/app/~~e2gUSfwnL1eDTWWP3yG4wQ==/com.fanduel.casino-av4sY1g12DjiHEr1mJ8BGw==/base.apk!/lib/arm64-v8a, /system/lib64, /system_ext/lib64]]"
},
{
    "type": "error",
    "source": "method",
    "method": "giveConsent",
    "package_name": "com.fanduel.casino",
    "class_name": "ly.count.android.sdk.Countly",
    "timestamp": 1728284034242,
    "error": "Error: java.lang.ClassNotFoundException: Didn't find class \"ly.count.android.sdk.Countly\" on path: DexPathList[[zip file \"/data/app/~~e2gUSfwnL1eDTWWP3yG4wQ==/com.fanduel.casino-av4sY1g12DjiHEr1mJ8BGw==/base.apk\"],nativeLibraryDirectories=[/data/app/~~e2gUSfwnL1eDTWWP3yG4wQ==/com.fanduel.casino-av4sY1g12DjiHEr1mJ8BGw==/lib/arm64, /data/app/~~e2gUSfwnL1eDTWWP3yG4wQ==/com.fanduel.casino-av4sY1g12DjiHEr1mJ8BGw==/base.apk!/lib/arm64-v8a, /system/lib64, /system_ext/lib64]]"
},
{
    "type": "error",
    "source": "method",
    "method": "removeConsent",
    "package_name": "com.fanduel.casino",
    "class_name": "ly.count.android.sdk.Countly",
    "timestamp": 1728284034243,
    "error": "Error: java.lang.ClassNotFoundException: Didn't find class \"ly.count.android.sdk.Countly\" on path: DexPathList[[zip file \"/data/app/~~e2gUSfwnL1eDTWWP3yG4wQ==/com.fanduel.casino-av4sY1g12DjiHEr1mJ8BGw==/base.apk\"],nativeLibraryDirectories=[/data/app/~~e2gUSfwnL1eDTWWP3yG4wQ==/com.fanduel.casino-av4sY1g12DjiHEr1mJ8BGw==/lib/arm64, /data/app/~~e2gUSfwnL1eDTWWP3yG4wQ==/com.fanduel.casino-av4sY1g12DjiHEr1mJ8BGw==/base.apk!/lib/arm64-v8a, /system/lib64, /system_ext/lib64]]"
},
{
    "type": "error",
    "source": "method",
    "method": "setParameterTamperingProtectionSalt",
    "package_name": "com.fanduel.casino",
    "class_name": "ly.count.android.sdk.CountlyConfig",
    "timestamp": 1728284034244,
    "error": "Error: java.lang.ClassNotFoundException: Didn't find class \"ly.count.android.sdk.CountlyConfig\" on path: DexPathList[[zip file \"/data/app/~~e2gUSfwnL1eDTWWP3yG4wQ==/com.fanduel.casino-av4sY1g12DjiHEr1mJ8BGw==/base.apk\"],nativeLibraryDirectories=[/data/app/~~e2gUSfwnL1eDTWWP3yG4wQ==/com.fanduel.casino-av4sY1g12DjiHEr1mJ8BGw==/lib/arm64, /data/app/~~e2gUSfwnL1eDTWWP3yG4wQ==/com.fanduel.casino-av4sY1g12DjiHEr1mJ8BGw==/base.apk!/lib/arm64-v8a, /system/lib64, /system_ext/lib64]]"
},
{
    "type": "error",
    "source": "method",
    "method": "setDisableLocation",
    "package_name": "com.fanduel.casino",
    "class_name": "ly.count.android.sdk.CountlyConfig",
    "timestamp": 1728284034246,
    "error": "Error: java.lang.ClassNotFoundException: Didn't find class \"ly.count.android.sdk.CountlyConfig\" on path: DexPathList[[zip file \"/data/app/~~e2gUSfwnL1eDTWWP3yG4wQ==/com.fanduel.casino-av4sY1g12DjiHEr1mJ8BGw==/base.apk\"],nativeLibraryDirectories=[/data/app/~~e2gUSfwnL1eDTWWP3yG4wQ==/com.fanduel.casino-av4sY1g12DjiHEr1mJ8BGw==/lib/arm64, /data/app/~~e2gUSfwnL1eDTWWP3yG4wQ==/com.fanduel.casino-av4sY1g12DjiHEr1mJ8BGw==/base.apk!/lib/arm64-v8a, /system/lib64, /system_ext/lib64]]"
},
{
    "type": "error",
    "source": "method",
    "method": "setUsPrivacyOptOut",
    "package_name": "com.fanduel.casino",
    "class_name": "com.criteo.Criteo",
    "timestamp": 1728284034247,
    "error": "Error: java.lang.ClassNotFoundException: Didn't find class \"com.criteo.Criteo\" on path: DexPathList[[zip file \"/data/app/~~e2gUSfwnL1eDTWWP3yG4wQ==/com.fanduel.casino-av4sY1g12DjiHEr1mJ8BGw==/base.apk\"],nativeLibraryDirectories=[/data/app/~~e2gUSfwnL1eDTWWP3yG4wQ==/com.fanduel.casino-av4sY1g12DjiHEr1mJ8BGw==/lib/arm64, /data/app/~~e2gUSfwnL1eDTWWP3yG4wQ==/com.fanduel.casino-av4sY1g12DjiHEr1mJ8BGw==/base.apk!/lib/arm64-v8a, /system/lib64, /system_ext/lib64]]"
},
{
    "type": "error",
    "source": "method",
    "method": "setTagForChildDirectedTreatment",
    "package_name": "com.fanduel.casino",
    "class_name": "com.criteo.Criteo",
    "timestamp": 1728284034248,
    "error": "Error: java.lang.ClassNotFoundException: Didn't find class \"com.criteo.Criteo\" on path: DexPathList[[zip file \"/data/app/~~e2gUSfwnL1eDTWWP3yG4wQ==/com.fanduel.casino-av4sY1g12DjiHEr1mJ8BGw==/base.apk\"],nativeLibraryDirectories=[/data/app/~~e2gUSfwnL1eDTWWP3yG4wQ==/com.fanduel.casino-av4sY1g12DjiHEr1mJ8BGw==/lib/arm64, /data/app/~~e2gUSfwnL1eDTWWP3yG4wQ==/com.fanduel.casino-av4sY1g12DjiHEr1mJ8BGw==/base.apk!/lib/arm64-v8a, /system/lib64, /system_ext/lib64]]"
},
{
    "type": "error",
    "source": "method",
    "method": "setGdprConsent",
    "package_name": "com.fanduel.casino",
    "class_name": "com.fyber.fairbid.user.UserInfo",
    "timestamp": 1728284034250,
    "error": "Error: java.lang.ClassNotFoundException: Didn't find class \"com.fyber.fairbid.user.UserInfo\" on path: DexPathList[[zip file \"/data/app/~~e2gUSfwnL1eDTWWP3yG4wQ==/com.fanduel.casino-av4sY1g12DjiHEr1mJ8BGw==/base.apk\"],nativeLibraryDirectories=[/data/app/~~e2gUSfwnL1eDTWWP3yG4wQ==/com.fanduel.casino-av4sY1g12DjiHEr1mJ8BGw==/lib/arm64, /data/app/~~e2gUSfwnL1eDTWWP3yG4wQ==/com.fanduel.casino-av4sY1g12DjiHEr1mJ8BGw==/base.apk!/lib/arm64-v8a, /system/lib64, /system_ext/lib64]]"
},
{
    "type": "error",
    "source": "method",
    "method": "setIabUsPrivacyString",
    "package_name": "com.fanduel.casino",
    "class_name": "com.fyber.fairbid.user.UserInfo",
    "timestamp": 1728284034251,
    "error": "Error: java.lang.ClassNotFoundException: Didn't find class \"com.fyber.fairbid.user.UserInfo\" on path: DexPathList[[zip file \"/data/app/~~e2gUSfwnL1eDTWWP3yG4wQ==/com.fanduel.casino-av4sY1g12DjiHEr1mJ8BGw==/base.apk\"],nativeLibraryDirectories=[/data/app/~~e2gUSfwnL1eDTWWP3yG4wQ==/com.fanduel.casino-av4sY1g12DjiHEr1mJ8BGw==/lib/arm64, /data/app/~~e2gUSfwnL1eDTWWP3yG4wQ==/com.fanduel.casino-av4sY1g12DjiHEr1mJ8BGw==/base.apk!/lib/arm64-v8a, /system/lib64, /system_ext/lib64]]"
},
{
    "type": "error",
    "source": "method",
    "method": "clearIabUsPrivacyString",
    "package_name": "com.fanduel.casino",
    "class_name": "com.fyber.fairbid.user.UserInfo",
    "timestamp": 1728284034253,
    "error": "Error: java.lang.ClassNotFoundException: Didn't find class \"com.fyber.fairbid.user.UserInfo\" on path: DexPathList[[zip file \"/data/app/~~e2gUSfwnL1eDTWWP3yG4wQ==/com.fanduel.casino-av4sY1g12DjiHEr1mJ8BGw==/base.apk\"],nativeLibraryDirectories=[/data/app/~~e2gUSfwnL1eDTWWP3yG4wQ==/com.fanduel.casino-av4sY1g12DjiHEr1mJ8BGw==/lib/arm64, /data/app/~~e2gUSfwnL1eDTWWP3yG4wQ==/com.fanduel.casino-av4sY1g12DjiHEr1mJ8BGw==/base.apk!/lib/arm64-v8a, /system/lib64, /system_ext/lib64]]"
},
{
    "type": "error",
    "source": "method",
    "method": "setLgpdConsent",
    "package_name": "com.fanduel.casino",
    "class_name": "com.fyber.fairbid.user.UserInfo",
    "timestamp": 1728284034254,
    "error": "Error: java.lang.ClassNotFoundException: Didn't find class \"com.fyber.fairbid.user.UserInfo\" on path: DexPathList[[zip file \"/data/app/~~e2gUSfwnL1eDTWWP3yG4wQ==/com.fanduel.casino-av4sY1g12DjiHEr1mJ8BGw==/base.apk\"],nativeLibraryDirectories=[/data/app/~~e2gUSfwnL1eDTWWP3yG4wQ==/com.fanduel.casino-av4sY1g12DjiHEr1mJ8BGw==/lib/arm64, /data/app/~~e2gUSfwnL1eDTWWP3yG4wQ==/com.fanduel.casino-av4sY1g12DjiHEr1mJ8BGw==/base.apk!/lib/arm64-v8a, /system/lib64, /system_ext/lib64]]"
},
{
    "type": "error",
    "source": "method",
    "method": "setGdprConsentString",
    "package_name": "com.fanduel.casino",
    "class_name": "com.fyber.fairbid.user.UserInfo",
    "timestamp": 1728284034256,
    "error": "Error: java.lang.ClassNotFoundException: Didn't find class \"com.fyber.fairbid.user.UserInfo\" on path: DexPathList[[zip file \"/data/app/~~e2gUSfwnL1eDTWWP3yG4wQ==/com.fanduel.casino-av4sY1g12DjiHEr1mJ8BGw==/base.apk\"],nativeLibraryDirectories=[/data/app/~~e2gUSfwnL1eDTWWP3yG4wQ==/com.fanduel.casino-av4sY1g12DjiHEr1mJ8BGw==/lib/arm64, /data/app/~~e2gUSfwnL1eDTWWP3yG4wQ==/com.fanduel.casino-av4sY1g12DjiHEr1mJ8BGw==/base.apk!/lib/arm64-v8a, /system/lib64, /system_ext/lib64]]"
},
{
    "type": "error",
    "source": "method",
    "method": "setAdvertiserTrackingEnabled",
    "package_name": "com.fanduel.casino",
    "class_name": "com.facebook.ads.AdSettings",
    "timestamp": 1728284034257,
    "error": "Error: java.lang.ClassNotFoundException: Didn't find class \"com.facebook.ads.AdSettings\" on path: DexPathList[[zip file \"/data/app/~~e2gUSfwnL1eDTWWP3yG4wQ==/com.fanduel.casino-av4sY1g12DjiHEr1mJ8BGw==/base.apk\"],nativeLibraryDirectories=[/data/app/~~e2gUSfwnL1eDTWWP3yG4wQ==/com.fanduel.casino-av4sY1g12DjiHEr1mJ8BGw==/lib/arm64, /data/app/~~e2gUSfwnL1eDTWWP3yG4wQ==/com.fanduel.casino-av4sY1g12DjiHEr1mJ8BGw==/base.apk!/lib/arm64-v8a, /system/lib64, /system_ext/lib64]]"
},
{
    "type": "error",
    "source": "method",
    "method": "setAdvertiserTrackingEnabled",
    "package_name": "com.fanduel.casino",
    "class_name": "com.facebook.FacebookSdk",
    "timestamp": 1728284034259,
    "error": "Error: java.lang.ClassNotFoundException: Didn't find class \"com.facebook.FacebookSdk\" on path: DexPathList[[zip file \"/data/app/~~e2gUSfwnL1eDTWWP3yG4wQ==/com.fanduel.casino-av4sY1g12DjiHEr1mJ8BGw==/base.apk\"],nativeLibraryDirectories=[/data/app/~~e2gUSfwnL1eDTWWP3yG4wQ==/com.fanduel.casino-av4sY1g12DjiHEr1mJ8BGw==/lib/arm64, /data/app/~~e2gUSfwnL1eDTWWP3yG4wQ==/com.fanduel.casino-av4sY1g12DjiHEr1mJ8BGw==/base.apk!/lib/arm64-v8a, /system/lib64, /system_ext/lib64]]"
},
{
    "type": "error",
    "source": "method",
    "method": "setAutoLogAppEventsEnabled",
    "package_name": "com.fanduel.casino",
    "class_name": "com.facebook.ads.AdSettings",
    "timestamp": 1728284034260,
    "error": "Error: java.lang.ClassNotFoundException: Didn't find class \"com.facebook.ads.AdSettings\" on path: DexPathList[[zip file \"/data/app/~~e2gUSfwnL1eDTWWP3yG4wQ==/com.fanduel.casino-av4sY1g12DjiHEr1mJ8BGw==/base.apk\"],nativeLibraryDirectories=[/data/app/~~e2gUSfwnL1eDTWWP3yG4wQ==/com.fanduel.casino-av4sY1g12DjiHEr1mJ8BGw==/lib/arm64, /data/app/~~e2gUSfwnL1eDTWWP3yG4wQ==/com.fanduel.casino-av4sY1g12DjiHEr1mJ8BGw==/base.apk!/lib/arm64-v8a, /system/lib64, /system_ext/lib64]]"
},
{
    "type": "error",
    "source": "method",
    "method": "setAutoLogAppEventsEnabled",
    "package_name": "com.fanduel.casino",
    "class_name": "com.facebook.FacebookSdk",
    "timestamp": 1728284034262,
    "error": "Error: java.lang.ClassNotFoundException: Didn't find class \"com.facebook.FacebookSdk\" on path: DexPathList[[zip file \"/data/app/~~e2gUSfwnL1eDTWWP3yG4wQ==/com.fanduel.casino-av4sY1g12DjiHEr1mJ8BGw==/base.apk\"],nativeLibraryDirectories=[/data/app/~~e2gUSfwnL1eDTWWP3yG4wQ==/com.fanduel.casino-av4sY1g12DjiHEr1mJ8BGw==/lib/arm64, /data/app/~~e2gUSfwnL1eDTWWP3yG4wQ==/com.fanduel.casino-av4sY1g12DjiHEr1mJ8BGw==/base.apk!/lib/arm64-v8a, /system/lib64, /system_ext/lib64]]"
},
{
    "type": "error",
    "source": "method",
    "method": "setDataProcessingOptions",
    "package_name": "com.fanduel.casino",
    "class_name": "com.facebook.ads.AdSettings",
    "timestamp": 1728284034263,
    "error": "Error: java.lang.ClassNotFoundException: Didn't find class \"com.facebook.ads.AdSettings\" on path: DexPathList[[zip file \"/data/app/~~e2gUSfwnL1eDTWWP3yG4wQ==/com.fanduel.casino-av4sY1g12DjiHEr1mJ8BGw==/base.apk\"],nativeLibraryDirectories=[/data/app/~~e2gUSfwnL1eDTWWP3yG4wQ==/com.fanduel.casino-av4sY1g12DjiHEr1mJ8BGw==/lib/arm64, /data/app/~~e2gUSfwnL1eDTWWP3yG4wQ==/com.fanduel.casino-av4sY1g12DjiHEr1mJ8BGw==/base.apk!/lib/arm64-v8a, /system/lib64, /system_ext/lib64]]"
},
{
    "type": "error",
    "source": "method",
    "method": "setDataProcessingOptions",
    "package_name": "com.fanduel.casino",
    "class_name": "com.facebook.FacebookSdk",
    "timestamp": 1728284034265,
    "error": "Error: java.lang.ClassNotFoundException: Didn't find class \"com.facebook.FacebookSdk\" on path: DexPathList[[zip file \"/data/app/~~e2gUSfwnL1eDTWWP3yG4wQ==/com.fanduel.casino-av4sY1g12DjiHEr1mJ8BGw==/base.apk\"],nativeLibraryDirectories=[/data/app/~~e2gUSfwnL1eDTWWP3yG4wQ==/com.fanduel.casino-av4sY1g12DjiHEr1mJ8BGw==/lib/arm64, /data/app/~~e2gUSfwnL1eDTWWP3yG4wQ==/com.fanduel.casino-av4sY1g12DjiHEr1mJ8BGw==/base.apk!/lib/arm64-v8a, /system/lib64, /system_ext/lib64]]"
},
{
    "type": "error",
    "source": "method",
    "method": "setDataSaleOptOut",
    "package_name": "com.fanduel.casino",
    "class_name": "com.flurry.android.FlurryAgent",
    "timestamp": 1728284034271,
    "error": "Error: java.lang.ClassNotFoundException: Didn't find class \"com.flurry.android.FlurryAgent\" on path: DexPathList[[zip file \"/data/app/~~e2gUSfwnL1eDTWWP3yG4wQ==/com.fanduel.casino-av4sY1g12DjiHEr1mJ8BGw==/base.apk\"],nativeLibraryDirectories=[/data/app/~~e2gUSfwnL1eDTWWP3yG4wQ==/com.fanduel.casino-av4sY1g12DjiHEr1mJ8BGw==/lib/arm64, /data/app/~~e2gUSfwnL1eDTWWP3yG4wQ==/com.fanduel.casino-av4sY1g12DjiHEr1mJ8BGw==/base.apk!/lib/arm64-v8a, /system/lib64, /system_ext/lib64]]"
},
{
    "type": "error",
    "source": "method",
    "method": "deleteData",
    "package_name": "com.fanduel.casino",
    "class_name": "com.flurry.android.FlurryAgent",
    "timestamp": 1728284034272,
    "error": "Error: java.lang.ClassNotFoundException: Didn't find class \"com.flurry.android.FlurryAgent\" on path: DexPathList[[zip file \"/data/app/~~e2gUSfwnL1eDTWWP3yG4wQ==/com.fanduel.casino-av4sY1g12DjiHEr1mJ8BGw==/base.apk\"],nativeLibraryDirectories=[/data/app/~~e2gUSfwnL1eDTWWP3yG4wQ==/com.fanduel.casino-av4sY1g12DjiHEr1mJ8BGw==/lib/arm64, /data/app/~~e2gUSfwnL1eDTWWP3yG4wQ==/com.fanduel.casino-av4sY1g12DjiHEr1mJ8BGw==/base.apk!/lib/arm64-v8a, /system/lib64, /system_ext/lib64]]"
},
{
    "type": "error",
    "source": "method",
    "method": "setGppConsent",
    "package_name": "com.fanduel.casino",
    "class_name": "com.flurry.android.FlurryAgent",
    "timestamp": 1728284034274,
    "error": "Error: java.lang.ClassNotFoundException: Didn't find class \"com.flurry.android.FlurryAgent\" on path: DexPathList[[zip file \"/data/app/~~e2gUSfwnL1eDTWWP3yG4wQ==/com.fanduel.casino-av4sY1g12DjiHEr1mJ8BGw==/base.apk\"],nativeLibraryDirectories=[/data/app/~~e2gUSfwnL1eDTWWP3yG4wQ==/com.fanduel.casino-av4sY1g12DjiHEr1mJ8BGw==/lib/arm64, /data/app/~~e2gUSfwnL1eDTWWP3yG4wQ==/com.fanduel.casino-av4sY1g12DjiHEr1mJ8BGw==/base.apk!/lib/arm64-v8a, /system/lib64, /system_ext/lib64]]"
},
{
    "type": "error",
    "source": "method",
    "method": "updateFlurryConsent",
    "package_name": "com.fanduel.casino",
    "class_name": "com.flurry.android.FlurryAgent",
    "timestamp": 1728284034275,
    "error": "Error: java.lang.ClassNotFoundException: Didn't find class \"com.flurry.android.FlurryAgent\" on path: DexPathList[[zip file \"/data/app/~~e2gUSfwnL1eDTWWP3yG4wQ==/com.fanduel.casino-av4sY1g12DjiHEr1mJ8BGw==/base.apk\"],nativeLibraryDirectories=[/data/app/~~e2gUSfwnL1eDTWWP3yG4wQ==/com.fanduel.casino-av4sY1g12DjiHEr1mJ8BGw==/lib/arm64, /data/app/~~e2gUSfwnL1eDTWWP3yG4wQ==/com.fanduel.casino-av4sY1g12DjiHEr1mJ8BGw==/base.apk!/lib/arm64-v8a, /system/lib64, /system_ext/lib64]]"
},
{
    "type": "error",
    "source": "method",
    "method": "setEnabledEventSubmission",
    "package_name": "com.fanduel.casino",
    "class_name": "com.gameanalytics.sdk.GameAnalytics",
    "timestamp": 1728284034277,
    "error": "Error: java.lang.ClassNotFoundException: Didn't find class \"com.gameanalytics.sdk.GameAnalytics\" on path: DexPathList[[zip file \"/data/app/~~e2gUSfwnL1eDTWWP3yG4wQ==/com.fanduel.casino-av4sY1g12DjiHEr1mJ8BGw==/base.apk\"],nativeLibraryDirectories=[/data/app/~~e2gUSfwnL1eDTWWP3yG4wQ==/com.fanduel.casino-av4sY1g12DjiHEr1mJ8BGw==/lib/arm64, /data/app/~~e2gUSfwnL1eDTWWP3yG4wQ==/com.fanduel.casino-av4sY1g12DjiHEr1mJ8BGw==/base.apk!/lib/arm64-v8a, /system/lib64, /system_ext/lib64]]"
},
{
    "type": "error",
    "source": "method",
    "method": "putPublisherFirstPartyIdEnabled",
    "package_name": "com.fanduel.casino",
    "class_name": "com.google.android.gms.ads.MobileAds",
    "timestamp": 1728284034279,
    "error": "Error: java.lang.ClassNotFoundException: Didn't find class \"com.google.android.gms.ads.MobileAds\" on path: DexPathList[[zip file \"/data/app/~~e2gUSfwnL1eDTWWP3yG4wQ==/com.fanduel.casino-av4sY1g12DjiHEr1mJ8BGw==/base.apk\"],nativeLibraryDirectories=[/data/app/~~e2gUSfwnL1eDTWWP3yG4wQ==/com.fanduel.casino-av4sY1g12DjiHEr1mJ8BGw==/lib/arm64, /data/app/~~e2gUSfwnL1eDTWWP3yG4wQ==/com.fanduel.casino-av4sY1g12DjiHEr1mJ8BGw==/base.apk!/lib/arm64-v8a, /system/lib64, /system_ext/lib64]]"
},
{
    "type": "error",
    "source": "method",
    "method": "addNetworkExtrasBundle",
    "package_name": "com.fanduel.casino",
    "class_name": "com.google.android.gms.ads.AdRequest$Builder",
    "timestamp": 1728284034280,
    "error": "Error: java.lang.ClassNotFoundException: Didn't find class \"com.google.android.gms.ads.AdRequest$Builder\" on path: DexPathList[[zip file \"/data/app/~~e2gUSfwnL1eDTWWP3yG4wQ==/com.fanduel.casino-av4sY1g12DjiHEr1mJ8BGw==/base.apk\"],nativeLibraryDirectories=[/data/app/~~e2gUSfwnL1eDTWWP3yG4wQ==/com.fanduel.casino-av4sY1g12DjiHEr1mJ8BGw==/lib/arm64, /data/app/~~e2gUSfwnL1eDTWWP3yG4wQ==/com.fanduel.casino-av4sY1g12DjiHEr1mJ8BGw==/base.apk!/lib/arm64-v8a, /system/lib64, /system_ext/lib64]]"
},
{
    "type": "error",
    "source": "method",
    "method": "setConsentStatus",
    "package_name": "com.fanduel.casino",
    "class_name": "com.hyprmx.android.sdk.core.HyprMX",
    "timestamp": 1728284034283,
    "error": "Error: java.lang.ClassNotFoundException: Didn't find class \"com.hyprmx.android.sdk.core.HyprMX\" on path: DexPathList[[zip file \"/data/app/~~e2gUSfwnL1eDTWWP3yG4wQ==/com.fanduel.casino-av4sY1g12DjiHEr1mJ8BGw==/base.apk\"],nativeLibraryDirectories=[/data/app/~~e2gUSfwnL1eDTWWP3yG4wQ==/com.fanduel.casino-av4sY1g12DjiHEr1mJ8BGw==/lib/arm64, /data/app/~~e2gUSfwnL1eDTWWP3yG4wQ==/com.fanduel.casino-av4sY1g12DjiHEr1mJ8BGw==/base.apk!/lib/arm64-v8a, /system/lib64, /system_ext/lib64]]"
},
{
    "type": "error",
    "source": "method",
    "method": "setAgeRestrictedUser",
    "package_name": "com.fanduel.casino",
    "class_name": "com.hyprmx.android.sdk.core.HyprMX",
    "timestamp": 1728284034285,
    "error": "Error: java.lang.ClassNotFoundException: Didn't find class \"com.hyprmx.android.sdk.core.HyprMX\" on path: DexPathList[[zip file \"/data/app/~~e2gUSfwnL1eDTWWP3yG4wQ==/com.fanduel.casino-av4sY1g12DjiHEr1mJ8BGw==/base.apk\"],nativeLibraryDirectories=[/data/app/~~e2gUSfwnL1eDTWWP3yG4wQ==/com.fanduel.casino-av4sY1g12DjiHEr1mJ8BGw==/lib/arm64, /data/app/~~e2gUSfwnL1eDTWWP3yG4wQ==/com.fanduel.casino-av4sY1g12DjiHEr1mJ8BGw==/base.apk!/lib/arm64-v8a, /system/lib64, /system_ext/lib64]]"
},
{
    "type": "error",
    "source": "method",
    "method": "setIsAgeRestricted",
    "package_name": "com.fanduel.casino",
    "class_name": "com.inmobi.sdk.InMobiSdk",
    "timestamp": 1728284034286,
    "error": "Error: java.lang.ClassNotFoundException: Didn't find class \"com.inmobi.sdk.InMobiSdk\" on path: DexPathList[[zip file \"/data/app/~~e2gUSfwnL1eDTWWP3yG4wQ==/com.fanduel.casino-av4sY1g12DjiHEr1mJ8BGw==/base.apk\"],nativeLibraryDirectories=[/data/app/~~e2gUSfwnL1eDTWWP3yG4wQ==/com.fanduel.casino-av4sY1g12DjiHEr1mJ8BGw==/lib/arm64, /data/app/~~e2gUSfwnL1eDTWWP3yG4wQ==/com.fanduel.casino-av4sY1g12DjiHEr1mJ8BGw==/base.apk!/lib/arm64-v8a, /system/lib64, /system_ext/lib64]]"
},
{
    "type": "error",
    "source": "method",
    "method": "setDoNotSell",
    "package_name": "com.fanduel.casino",
    "class_name": "com.inmobi.compliance.InMobiPrivacyCompliance",
    "timestamp": 1728284034288,
    "error": "Error: java.lang.ClassNotFoundException: Didn't find class \"com.inmobi.compliance.InMobiPrivacyCompliance\" on path: DexPathList[[zip file \"/data/app/~~e2gUSfwnL1eDTWWP3yG4wQ==/com.fanduel.casino-av4sY1g12DjiHEr1mJ8BGw==/base.apk\"],nativeLibraryDirectories=[/data/app/~~e2gUSfwnL1eDTWWP3yG4wQ==/com.fanduel.casino-av4sY1g12DjiHEr1mJ8BGw==/lib/arm64, /data/app/~~e2gUSfwnL1eDTWWP3yG4wQ==/com.fanduel.casino-av4sY1g12DjiHEr1mJ8BGw==/base.apk!/lib/arm64-v8a, /system/lib64, /system_ext/lib64]]"
},
{
    "type": "error",
    "source": "method",
    "method": "setUSPrivacyString",
    "package_name": "com.fanduel.casino",
    "class_name": "com.inmobi.compliance.InMobiPrivacyCompliance",
    "timestamp": 1728284034289,
    "error": "Error: java.lang.ClassNotFoundException: Didn't find class \"com.inmobi.compliance.InMobiPrivacyCompliance\" on path: DexPathList[[zip file \"/data/app/~~e2gUSfwnL1eDTWWP3yG4wQ==/com.fanduel.casino-av4sY1g12DjiHEr1mJ8BGw==/base.apk\"],nativeLibraryDirectories=[/data/app/~~e2gUSfwnL1eDTWWP3yG4wQ==/com.fanduel.casino-av4sY1g12DjiHEr1mJ8BGw==/lib/arm64, /data/app/~~e2gUSfwnL1eDTWWP3yG4wQ==/com.fanduel.casino-av4sY1g12DjiHEr1mJ8BGw==/base.apk!/lib/arm64-v8a, /system/lib64, /system_ext/lib64]]"
},
{
    "type": "error",
    "source": "method",
    "method": "setConsent",
    "package_name": "com.fanduel.casino",
    "class_name": "com.ironsource.mediationsdk.IronSource",
    "timestamp": 1728284034291,
    "error": "Error: java.lang.ClassNotFoundException: Didn't find class \"com.ironsource.mediationsdk.IronSource\" on path: DexPathList[[zip file \"/data/app/~~e2gUSfwnL1eDTWWP3yG4wQ==/com.fanduel.casino-av4sY1g12DjiHEr1mJ8BGw==/base.apk\"],nativeLibraryDirectories=[/data/app/~~e2gUSfwnL1eDTWWP3yG4wQ==/com.fanduel.casino-av4sY1g12DjiHEr1mJ8BGw==/lib/arm64, /data/app/~~e2gUSfwnL1eDTWWP3yG4wQ==/com.fanduel.casino-av4sY1g12DjiHEr1mJ8BGw==/base.apk!/lib/arm64-v8a, /system/lib64, /system_ext/lib64]]"
},
{
    "type": "error",
    "source": "method",
    "method": "setMetaData",
    "package_name": "com.fanduel.casino",
    "class_name": "com.ironsource.mediationsdk.IronSource",
    "timestamp": 1728284034292,
    "error": "Error: java.lang.ClassNotFoundException: Didn't find class \"com.ironsource.mediationsdk.IronSource\" on path: DexPathList[[zip file \"/data/app/~~e2gUSfwnL1eDTWWP3yG4wQ==/com.fanduel.casino-av4sY1g12DjiHEr1mJ8BGw==/base.apk\"],nativeLibraryDirectories=[/data/app/~~e2gUSfwnL1eDTWWP3yG4wQ==/com.fanduel.casino-av4sY1g12DjiHEr1mJ8BGw==/lib/arm64, /data/app/~~e2gUSfwnL1eDTWWP3yG4wQ==/com.fanduel.casino-av4sY1g12DjiHEr1mJ8BGw==/base.apk!/lib/arm64-v8a, /system/lib64, /system_ext/lib64]]"
},
{
    "type": "error",
    "source": "method",
    "method": "setIntelligentConsentGranted",
    "package_name": "com.fanduel.casino",
    "class_name": "com.kochava.tracker.Tracker",
    "timestamp": 1728284034293,
    "error": "Error: java.lang.ClassNotFoundException: Didn't find class \"com.kochava.tracker.Tracker\" on path: DexPathList[[zip file \"/data/app/~~e2gUSfwnL1eDTWWP3yG4wQ==/com.fanduel.casino-av4sY1g12DjiHEr1mJ8BGw==/base.apk\"],nativeLibraryDirectories=[/data/app/~~e2gUSfwnL1eDTWWP3yG4wQ==/com.fanduel.casino-av4sY1g12DjiHEr1mJ8BGw==/lib/arm64, /data/app/~~e2gUSfwnL1eDTWWP3yG4wQ==/com.fanduel.casino-av4sY1g12DjiHEr1mJ8BGw==/base.apk!/lib/arm64-v8a, /system/lib64, /system_ext/lib64]]"
},
{
    "type": "error",
    "source": "method",
    "method": "registerPrivacyProfile",
    "package_name": "com.fanduel.casino",
    "class_name": "com.kochava.tracker.Tracker",
    "timestamp": 1728284034295,
    "error": "Error: java.lang.ClassNotFoundException: Didn't find class \"com.kochava.tracker.Tracker\" on path: DexPathList[[zip file \"/data/app/~~e2gUSfwnL1eDTWWP3yG4wQ==/com.fanduel.casino-av4sY1g12DjiHEr1mJ8BGw==/base.apk\"],nativeLibraryDirectories=[/data/app/~~e2gUSfwnL1eDTWWP3yG4wQ==/com.fanduel.casino-av4sY1g12DjiHEr1mJ8BGw==/lib/arm64, /data/app/~~e2gUSfwnL1eDTWWP3yG4wQ==/com.fanduel.casino-av4sY1g12DjiHEr1mJ8BGw==/base.apk!/lib/arm64-v8a, /system/lib64, /system_ext/lib64]]"
},
{
    "type": "error",
    "source": "method",
    "method": "setPrivacyProfileEnabled",
    "package_name": "com.fanduel.casino",
    "class_name": "com.kochava.tracker.Tracker",
    "timestamp": 1728284034296,
    "error": "Error: java.lang.ClassNotFoundException: Didn't find class \"com.kochava.tracker.Tracker\" on path: DexPathList[[zip file \"/data/app/~~e2gUSfwnL1eDTWWP3yG4wQ==/com.fanduel.casino-av4sY1g12DjiHEr1mJ8BGw==/base.apk\"],nativeLibraryDirectories=[/data/app/~~e2gUSfwnL1eDTWWP3yG4wQ==/com.fanduel.casino-av4sY1g12DjiHEr1mJ8BGw==/lib/arm64, /data/app/~~e2gUSfwnL1eDTWWP3yG4wQ==/com.fanduel.casino-av4sY1g12DjiHEr1mJ8BGw==/base.apk!/lib/arm64-v8a, /system/lib64, /system_ext/lib64]]"
},
{
    "type": "error",
    "source": "method",
    "method": "setAppLimitAdTracking",
    "package_name": "com.fanduel.casino",
    "class_name": "com.kochava.tracker.Tracker",
    "timestamp": 1728284034297,
    "error": "Error: java.lang.ClassNotFoundException: Didn't find class \"com.kochava.tracker.Tracker\" on path: DexPathList[[zip file \"/data/app/~~e2gUSfwnL1eDTWWP3yG4wQ==/com.fanduel.casino-av4sY1g12DjiHEr1mJ8BGw==/base.apk\"],nativeLibraryDirectories=[/data/app/~~e2gUSfwnL1eDTWWP3yG4wQ==/com.fanduel.casino-av4sY1g12DjiHEr1mJ8BGw==/lib/arm64, /data/app/~~e2gUSfwnL1eDTWWP3yG4wQ==/com.fanduel.casino-av4sY1g12DjiHEr1mJ8BGw==/base.apk!/lib/arm64-v8a, /system/lib64, /system_ext/lib64]]"
},
{
    "type": "error",
    "source": "method",
    "method": "setUserAttributes",
    "package_name": "com.fanduel.casino",
    "class_name": "com.leanplum.Leanplum",
    "timestamp": 1728284034299,
    "error": "Error: java.lang.ClassNotFoundException: Didn't find class \"com.leanplum.Leanplum\" on path: DexPathList[[zip file \"/data/app/~~e2gUSfwnL1eDTWWP3yG4wQ==/com.fanduel.casino-av4sY1g12DjiHEr1mJ8BGw==/base.apk\"],nativeLibraryDirectories=[/data/app/~~e2gUSfwnL1eDTWWP3yG4wQ==/com.fanduel.casino-av4sY1g12DjiHEr1mJ8BGw==/lib/arm64, /data/app/~~e2gUSfwnL1eDTWWP3yG4wQ==/com.fanduel.casino-av4sY1g12DjiHEr1mJ8BGw==/base.apk!/lib/arm64-v8a, /system/lib64, /system_ext/lib64]]"
},
{
    "type": "error",
    "source": "method",
    "method": "disableLocationCollection",
    "package_name": "com.fanduel.casino",
    "class_name": "com.leanplum.Leanplum",
    "timestamp": 1728284034300,
    "error": "Error: java.lang.ClassNotFoundException: Didn't find class \"com.leanplum.Leanplum\" on path: DexPathList[[zip file \"/data/app/~~e2gUSfwnL1eDTWWP3yG4wQ==/com.fanduel.casino-av4sY1g12DjiHEr1mJ8BGw==/base.apk\"],nativeLibraryDirectories=[/data/app/~~e2gUSfwnL1eDTWWP3yG4wQ==/com.fanduel.casino-av4sY1g12DjiHEr1mJ8BGw==/lib/arm64, /data/app/~~e2gUSfwnL1eDTWWP3yG4wQ==/com.fanduel.casino-av4sY1g12DjiHEr1mJ8BGw==/base.apk!/lib/arm64-v8a, /system/lib64, /system_ext/lib64]]"
},
{
    "type": "error",
    "source": "method",
    "method": "setDeviceLocation",
    "package_name": "com.fanduel.casino",
    "class_name": "com.leanplum.Leanplum",
    "timestamp": 1728284034302,
    "error": "Error: java.lang.ClassNotFoundException: Didn't find class \"com.leanplum.Leanplum\" on path: DexPathList[[zip file \"/data/app/~~e2gUSfwnL1eDTWWP3yG4wQ==/com.fanduel.casino-av4sY1g12DjiHEr1mJ8BGw==/base.apk\"],nativeLibraryDirectories=[/data/app/~~e2gUSfwnL1eDTWWP3yG4wQ==/com.fanduel.casino-av4sY1g12DjiHEr1mJ8BGw==/lib/arm64, /data/app/~~e2gUSfwnL1eDTWWP3yG4wQ==/com.fanduel.casino-av4sY1g12DjiHEr1mJ8BGw==/base.apk!/lib/arm64-v8a, /system/lib64, /system_ext/lib64]]"
},
{
    "type": "error",
    "source": "method",
    "method": "setOptedOut",
    "package_name": "com.fanduel.casino",
    "class_name": "com.localytics.androidx.Localytics",
    "timestamp": 1728284034303,
    "error": "Error: java.lang.ClassNotFoundException: Didn't find class \"com.localytics.androidx.Localytics\" on path: DexPathList[[zip file \"/data/app/~~e2gUSfwnL1eDTWWP3yG4wQ==/com.fanduel.casino-av4sY1g12DjiHEr1mJ8BGw==/base.apk\"],nativeLibraryDirectories=[/data/app/~~e2gUSfwnL1eDTWWP3yG4wQ==/com.fanduel.casino-av4sY1g12DjiHEr1mJ8BGw==/lib/arm64, /data/app/~~e2gUSfwnL1eDTWWP3yG4wQ==/com.fanduel.casino-av4sY1g12DjiHEr1mJ8BGw==/base.apk!/lib/arm64-v8a, /system/lib64, /system_ext/lib64]]"
},
{
    "type": "error",
    "source": "method",
    "method": "setPrivacyOptedOut",
    "package_name": "com.fanduel.casino",
    "class_name": "com.localytics.androidx.Localytics",
    "timestamp": 1728284034305,
    "error": "Error: java.lang.ClassNotFoundException: Didn't find class \"com.localytics.androidx.Localytics\" on path: DexPathList[[zip file \"/data/app/~~e2gUSfwnL1eDTWWP3yG4wQ==/com.fanduel.casino-av4sY1g12DjiHEr1mJ8BGw==/base.apk\"],nativeLibraryDirectories=[/data/app/~~e2gUSfwnL1eDTWWP3yG4wQ==/com.fanduel.casino-av4sY1g12DjiHEr1mJ8BGw==/lib/arm64, /data/app/~~e2gUSfwnL1eDTWWP3yG4wQ==/com.fanduel.casino-av4sY1g12DjiHEr1mJ8BGw==/base.apk!/lib/arm64-v8a, /system/lib64, /system_ext/lib64]]"
},
{
    "type": "error",
    "source": "method",
    "method": "pauseDataUploading",
    "package_name": "com.fanduel.casino",
    "class_name": "com.localytics.androidx.Localytics",
    "timestamp": 1728284034306,
    "error": "Error: java.lang.ClassNotFoundException: Didn't find class \"com.localytics.androidx.Localytics\" on path: DexPathList[[zip file \"/data/app/~~e2gUSfwnL1eDTWWP3yG4wQ==/com.fanduel.casino-av4sY1g12DjiHEr1mJ8BGw==/base.apk\"],nativeLibraryDirectories=[/data/app/~~e2gUSfwnL1eDTWWP3yG4wQ==/com.fanduel.casino-av4sY1g12DjiHEr1mJ8BGw==/lib/arm64, /data/app/~~e2gUSfwnL1eDTWWP3yG4wQ==/com.fanduel.casino-av4sY1g12DjiHEr1mJ8BGw==/base.apk!/lib/arm64-v8a, /system/lib64, /system_ext/lib64]]"
},
{
    "type": "error",
    "source": "method",
    "method": "setCustomerIdWithPrivacyOptedOut",
    "package_name": "com.fanduel.casino",
    "class_name": "com.localytics.androidx.Localytics",
    "timestamp": 1728284034308,
    "error": "Error: java.lang.ClassNotFoundException: Didn't find class \"com.localytics.androidx.Localytics\" on path: DexPathList[[zip file \"/data/app/~~e2gUSfwnL1eDTWWP3yG4wQ==/com.fanduel.casino-av4sY1g12DjiHEr1mJ8BGw==/base.apk\"],nativeLibraryDirectories=[/data/app/~~e2gUSfwnL1eDTWWP3yG4wQ==/com.fanduel.casino-av4sY1g12DjiHEr1mJ8BGw==/lib/arm64, /data/app/~~e2gUSfwnL1eDTWWP3yG4wQ==/com.fanduel.casino-av4sY1g12DjiHEr1mJ8BGw==/base.apk!/lib/arm64-v8a, /system/lib64, /system_ext/lib64]]"
},
{
    "type": "error",
    "source": "method",
    "method": "setLocationMonitoringEnabled",
    "package_name": "com.fanduel.casino",
    "class_name": "com.localytics.androidx.Localytics",
    "timestamp": 1728284034309,
    "error": "Error: java.lang.ClassNotFoundException: Didn't find class \"com.localytics.androidx.Localytics\" on path: DexPathList[[zip file \"/data/app/~~e2gUSfwnL1eDTWWP3yG4wQ==/com.fanduel.casino-av4sY1g12DjiHEr1mJ8BGw==/base.apk\"],nativeLibraryDirectories=[/data/app/~~e2gUSfwnL1eDTWWP3yG4wQ==/com.fanduel.casino-av4sY1g12DjiHEr1mJ8BGw==/lib/arm64, /data/app/~~e2gUSfwnL1eDTWWP3yG4wQ==/com.fanduel.casino-av4sY1g12DjiHEr1mJ8BGw==/base.apk!/lib/arm64-v8a, /system/lib64, /system_ext/lib64]]"
},
{
    "type": "error",
    "source": "method",
    "method": "setPrivacyPreferences",
    "package_name": "com.fanduel.casino",
    "class_name": "com.mobilefuse.sdk.MobileFuse",
    "timestamp": 1728284034311,
    "error": "Error: java.lang.ClassNotFoundException: Didn't find class \"com.mobilefuse.sdk.MobileFuse\" on path: DexPathList[[zip file \"/data/app/~~e2gUSfwnL1eDTWWP3yG4wQ==/com.fanduel.casino-av4sY1g12DjiHEr1mJ8BGw==/base.apk\"],nativeLibraryDirectories=[/data/app/~~e2gUSfwnL1eDTWWP3yG4wQ==/com.fanduel.casino-av4sY1g12DjiHEr1mJ8BGw==/lib/arm64, /data/app/~~e2gUSfwnL1eDTWWP3yG4wQ==/com.fanduel.casino-av4sY1g12DjiHEr1mJ8BGw==/base.apk!/lib/arm64-v8a, /system/lib64, /system_ext/lib64]]"
},
{
    "type": "error",
    "source": "method",
    "method": "setAllowLocation",
    "package_name": "com.fanduel.casino",
    "class_name": "com.mobilefuse.sdk.MobileFuseTargetingData",
    "timestamp": 1728284034312,
    "error": "Error: java.lang.ClassNotFoundException: Didn't find class \"com.mobilefuse.sdk.MobileFuseTargetingData\" on path: DexPathList[[zip file \"/data/app/~~e2gUSfwnL1eDTWWP3yG4wQ==/com.fanduel.casino-av4sY1g12DjiHEr1mJ8BGw==/base.apk\"],nativeLibraryDirectories=[/data/app/~~e2gUSfwnL1eDTWWP3yG4wQ==/com.fanduel.casino-av4sY1g12DjiHEr1mJ8BGw==/lib/arm64, /data/app/~~e2gUSfwnL1eDTWWP3yG4wQ==/com.fanduel.casino-av4sY1g12DjiHEr1mJ8BGw==/base.apk!/lib/arm64-v8a, /system/lib64, /system_ext/lib64]]"
},
{
    "type": "error",
    "source": "method",
    "method": "setUserConsent",
    "package_name": "com.fanduel.casino",
    "class_name": "com.my.target.common.MyTargetPrivacy",
    "timestamp": 1728284034314,
    "error": "Error: java.lang.ClassNotFoundException: Didn't find class \"com.my.target.common.MyTargetPrivacy\" on path: DexPathList[[zip file \"/data/app/~~e2gUSfwnL1eDTWWP3yG4wQ==/com.fanduel.casino-av4sY1g12DjiHEr1mJ8BGw==/base.apk\"],nativeLibraryDirectories=[/data/app/~~e2gUSfwnL1eDTWWP3yG4wQ==/com.fanduel.casino-av4sY1g12DjiHEr1mJ8BGw==/lib/arm64, /data/app/~~e2gUSfwnL1eDTWWP3yG4wQ==/com.fanduel.casino-av4sY1g12DjiHEr1mJ8BGw==/base.apk!/lib/arm64-v8a, /system/lib64, /system_ext/lib64]]"
},
{
    "type": "error",
    "source": "method",
    "method": "setUserAgeRestricted",
    "package_name": "com.fanduel.casino",
    "class_name": "com.my.target.common.MyTargetPrivacy",
    "timestamp": 1728284034315,
    "error": "Error: java.lang.ClassNotFoundException: Didn't find class \"com.my.target.common.MyTargetPrivacy\" on path: DexPathList[[zip file \"/data/app/~~e2gUSfwnL1eDTWWP3yG4wQ==/com.fanduel.casino-av4sY1g12DjiHEr1mJ8BGw==/base.apk\"],nativeLibraryDirectories=[/data/app/~~e2gUSfwnL1eDTWWP3yG4wQ==/com.fanduel.casino-av4sY1g12DjiHEr1mJ8BGw==/lib/arm64, /data/app/~~e2gUSfwnL1eDTWWP3yG4wQ==/com.fanduel.casino-av4sY1g12DjiHEr1mJ8BGw==/base.apk!/lib/arm64-v8a, /system/lib64, /system_ext/lib64]]"
},
{
    "type": "error",
    "source": "method",
    "method": "setCcpaUserConsent",
    "package_name": "com.fanduel.casino",
    "class_name": "com.my.target.common.MyTargetPrivacy",
    "timestamp": 1728284034317,
    "error": "Error: java.lang.ClassNotFoundException: Didn't find class \"com.my.target.common.MyTargetPrivacy\" on path: DexPathList[[zip file \"/data/app/~~e2gUSfwnL1eDTWWP3yG4wQ==/com.fanduel.casino-av4sY1g12DjiHEr1mJ8BGw==/base.apk\"],nativeLibraryDirectories=[/data/app/~~e2gUSfwnL1eDTWWP3yG4wQ==/com.fanduel.casino-av4sY1g12DjiHEr1mJ8BGw==/lib/arm64, /data/app/~~e2gUSfwnL1eDTWWP3yG4wQ==/com.fanduel.casino-av4sY1g12DjiHEr1mJ8BGw==/base.apk!/lib/arm64-v8a, /system/lib64, /system_ext/lib64]]"
},
{
    "type": "error",
    "source": "method",
    "method": "setGdprConsent",
    "package_name": "com.fanduel.casino",
    "class_name": "com.adsbynimbus.NimbusAdManager",
    "timestamp": 1728284034318,
    "error": "Error: java.lang.ClassNotFoundException: Didn't find class \"com.adsbynimbus.NimbusAdManager\" on path: DexPathList[[zip file \"/data/app/~~e2gUSfwnL1eDTWWP3yG4wQ==/com.fanduel.casino-av4sY1g12DjiHEr1mJ8BGw==/base.apk\"],nativeLibraryDirectories=[/data/app/~~e2gUSfwnL1eDTWWP3yG4wQ==/com.fanduel.casino-av4sY1g12DjiHEr1mJ8BGw==/lib/arm64, /data/app/~~e2gUSfwnL1eDTWWP3yG4wQ==/com.fanduel.casino-av4sY1g12DjiHEr1mJ8BGw==/base.apk!/lib/arm64-v8a, /system/lib64, /system_ext/lib64]]"
},
{
    "type": "error",
    "source": "method",
    "method": "COPPA",
    "package_name": "com.fanduel.casino",
    "class_name": "com.adsbynimbus.Nimbus",
    "timestamp": 1728284034319,
    "error": "Error: java.lang.ClassNotFoundException: Didn't find class \"com.adsbynimbus.Nimbus\" on path: DexPathList[[zip file \"/data/app/~~e2gUSfwnL1eDTWWP3yG4wQ==/com.fanduel.casino-av4sY1g12DjiHEr1mJ8BGw==/base.apk\"],nativeLibraryDirectories=[/data/app/~~e2gUSfwnL1eDTWWP3yG4wQ==/com.fanduel.casino-av4sY1g12DjiHEr1mJ8BGw==/lib/arm64, /data/app/~~e2gUSfwnL1eDTWWP3yG4wQ==/com.fanduel.casino-av4sY1g12DjiHEr1mJ8BGw==/base.apk!/lib/arm64-v8a, /system/lib64, /system_ext/lib64]]"
},
{
    "type": "error",
    "source": "method",
    "method": "usPrivacyString",
    "package_name": "com.fanduel.casino",
    "class_name": "com.adsbynimbus.Nimbus",
    "timestamp": 1728284034321,
    "error": "Error: java.lang.ClassNotFoundException: Didn't find class \"com.adsbynimbus.Nimbus\" on path: DexPathList[[zip file \"/data/app/~~e2gUSfwnL1eDTWWP3yG4wQ==/com.fanduel.casino-av4sY1g12DjiHEr1mJ8BGw==/base.apk\"],nativeLibraryDirectories=[/data/app/~~e2gUSfwnL1eDTWWP3yG4wQ==/com.fanduel.casino-av4sY1g12DjiHEr1mJ8BGw==/lib/arm64, /data/app/~~e2gUSfwnL1eDTWWP3yG4wQ==/com.fanduel.casino-av4sY1g12DjiHEr1mJ8BGw==/base.apk!/lib/arm64-v8a, /system/lib64, /system_ext/lib64]]"
},
{
    "type": "error",
    "source": "method",
    "method": "setConsent",
    "package_name": "com.fanduel.casino",
    "class_name": "com.ogury.cm.OguryChoiceManagerExternal",
    "timestamp": 1728284034322,
    "error": "Error: java.lang.ClassNotFoundException: Didn't find class \"com.ogury.cm.OguryChoiceManagerExternal\" on path: DexPathList[[zip file \"/data/app/~~e2gUSfwnL1eDTWWP3yG4wQ==/com.fanduel.casino-av4sY1g12DjiHEr1mJ8BGw==/base.apk\"],nativeLibraryDirectories=[/data/app/~~e2gUSfwnL1eDTWWP3yG4wQ==/com.fanduel.casino-av4sY1g12DjiHEr1mJ8BGw==/lib/arm64, /data/app/~~e2gUSfwnL1eDTWWP3yG4wQ==/com.fanduel.casino-av4sY1g12DjiHEr1mJ8BGw==/base.apk!/lib/arm64-v8a, /system/lib64, /system_ext/lib64]]"
},
{
    "type": "error",
    "source": "method",
    "method": "setConsent",
    "package_name": "com.fanduel.casino",
    "class_name": "com.ogury.cm.OguryChoiceManagerExternal$TcfV2.",
    "timestamp": 1728284034324,
    "error": "Error: java.lang.ClassNotFoundException: Didn't find class \"com.ogury.cm.OguryChoiceManagerExternal$TcfV2.\" on path: DexPathList[[zip file \"/data/app/~~e2gUSfwnL1eDTWWP3yG4wQ==/com.fanduel.casino-av4sY1g12DjiHEr1mJ8BGw==/base.apk\"],nativeLibraryDirectories=[/data/app/~~e2gUSfwnL1eDTWWP3yG4wQ==/com.fanduel.casino-av4sY1g12DjiHEr1mJ8BGw==/lib/arm64, /data/app/~~e2gUSfwnL1eDTWWP3yG4wQ==/com.fanduel.casino-av4sY1g12DjiHEr1mJ8BGw==/base.apk!/lib/arm64-v8a, /system/lib64, /system_ext/lib64]]"
},
{
    "type": "error",
    "source": "method",
    "method": "applyChildPrivacy",
    "package_name": "com.fanduel.casino",
    "class_name": "com.ogury.unity.Ogury",
    "timestamp": 1728284034325,
    "error": "Error: java.lang.ClassNotFoundException: Didn't find class \"com.ogury.unity.Ogury\" on path: DexPathList[[zip file \"/data/app/~~e2gUSfwnL1eDTWWP3yG4wQ==/com.fanduel.casino-av4sY1g12DjiHEr1mJ8BGw==/base.apk\"],nativeLibraryDirectories=[/data/app/~~e2gUSfwnL1eDTWWP3yG4wQ==/com.fanduel.casino-av4sY1g12DjiHEr1mJ8BGw==/lib/arm64, /data/app/~~e2gUSfwnL1eDTWWP3yG4wQ==/com.fanduel.casino-av4sY1g12DjiHEr1mJ8BGw==/base.apk!/lib/arm64-v8a, /system/lib64, /system_ext/lib64]]"
},
{
    "type": "error",
    "source": "method",
    "method": "setAdContentThreshold",
    "package_name": "com.fanduel.casino",
    "class_name": "com.ogury.ed.OguryAdRequests",
    "timestamp": 1728284034326,
    "error": "Error: java.lang.ClassNotFoundException: Didn't find class \"com.ogury.ed.OguryAdRequests\" on path: DexPathList[[zip file \"/data/app/~~e2gUSfwnL1eDTWWP3yG4wQ==/com.fanduel.casino-av4sY1g12DjiHEr1mJ8BGw==/base.apk\"],nativeLibraryDirectories=[/data/app/~~e2gUSfwnL1eDTWWP3yG4wQ==/com.fanduel.casino-av4sY1g12DjiHEr1mJ8BGw==/lib/arm64, /data/app/~~e2gUSfwnL1eDTWWP3yG4wQ==/com.fanduel.casino-av4sY1g12DjiHEr1mJ8BGw==/base.apk!/lib/arm64-v8a, /system/lib64, /system_ext/lib64]]"
},
{
    "type": "error",
    "source": "method",
    "method": "ask",
    "package_name": "com.fanduel.casino",
    "class_name": "com.ogury.unity.cm.OguryChoiceManager",
    "timestamp": 1728284034327,
    "error": "Error: java.lang.ClassNotFoundException: Didn't find class \"com.ogury.unity.cm.OguryChoiceManager\" on path: DexPathList[[zip file \"/data/app/~~e2gUSfwnL1eDTWWP3yG4wQ==/com.fanduel.casino-av4sY1g12DjiHEr1mJ8BGw==/base.apk\"],nativeLibraryDirectories=[/data/app/~~e2gUSfwnL1eDTWWP3yG4wQ==/com.fanduel.casino-av4sY1g12DjiHEr1mJ8BGw==/lib/arm64, /data/app/~~e2gUSfwnL1eDTWWP3yG4wQ==/com.fanduel.casino-av4sY1g12DjiHEr1mJ8BGw==/base.apk!/lib/arm64-v8a, /system/lib64, /system_ext/lib64]]"
},
{
    "type": "error",
    "source": "method",
    "method": "edit",
    "package_name": "com.fanduel.casino",
    "class_name": "com.ogury.unity.cm.OguryChoiceManager",
    "timestamp": 1728284034329,
    "error": "Error: java.lang.ClassNotFoundException: Didn't find class \"com.ogury.unity.cm.OguryChoiceManager\" on path: DexPathList[[zip file \"/data/app/~~e2gUSfwnL1eDTWWP3yG4wQ==/com.fanduel.casino-av4sY1g12DjiHEr1mJ8BGw==/base.apk\"],nativeLibraryDirectories=[/data/app/~~e2gUSfwnL1eDTWWP3yG4wQ==/com.fanduel.casino-av4sY1g12DjiHEr1mJ8BGw==/lib/arm64, /data/app/~~e2gUSfwnL1eDTWWP3yG4wQ==/com.fanduel.casino-av4sY1g12DjiHEr1mJ8BGw==/base.apk!/lib/arm64-v8a, /system/lib64, /system_ext/lib64]]"
},
{
    "type": "error",
    "source": "method",
    "method": "setChildDirected",
    "package_name": "com.fanduel.casino",
    "class_name": "com.bytedance.sdk.openadsdk.api.init.PAGConfig$Builder",
    "timestamp": 1728284034330,
    "error": "Error: java.lang.ClassNotFoundException: Didn't find class \"com.bytedance.sdk.openadsdk.api.init.PAGConfig$Builder\" on path: DexPathList[[zip file \"/data/app/~~e2gUSfwnL1eDTWWP3yG4wQ==/com.fanduel.casino-av4sY1g12DjiHEr1mJ8BGw==/base.apk\"],nativeLibraryDirectories=[/data/app/~~e2gUSfwnL1eDTWWP3yG4wQ==/com.fanduel.casino-av4sY1g12DjiHEr1mJ8BGw==/lib/arm64, /data/app/~~e2gUSfwnL1eDTWWP3yG4wQ==/com.fanduel.casino-av4sY1g12DjiHEr1mJ8BGw==/base.apk!/lib/arm64-v8a, /system/lib64, /system_ext/lib64]]"
},
{
    "type": "error",
    "source": "method",
    "method": "setGDPRConsent",
    "package_name": "com.fanduel.casino",
    "class_name": "com.bytedance.sdk.openadsdk.api.init.PAGConfig$Builder",
    "timestamp": 1728284034331,
    "error": "Error: java.lang.ClassNotFoundException: Didn't find class \"com.bytedance.sdk.openadsdk.api.init.PAGConfig$Builder\" on path: DexPathList[[zip file \"/data/app/~~e2gUSfwnL1eDTWWP3yG4wQ==/com.fanduel.casino-av4sY1g12DjiHEr1mJ8BGw==/base.apk\"],nativeLibraryDirectories=[/data/app/~~e2gUSfwnL1eDTWWP3yG4wQ==/com.fanduel.casino-av4sY1g12DjiHEr1mJ8BGw==/lib/arm64, /data/app/~~e2gUSfwnL1eDTWWP3yG4wQ==/com.fanduel.casino-av4sY1g12DjiHEr1mJ8BGw==/base.apk!/lib/arm64-v8a, /system/lib64, /system_ext/lib64]]"
},
{
    "type": "error",
    "source": "method",
    "method": "setDoNotSell",
    "package_name": "com.fanduel.casino",
    "class_name": "com.bytedance.sdk.openadsdk.api.init.PAGConfig$Builder",
    "timestamp": 1728284034332,
    "error": "Error: java.lang.ClassNotFoundException: Didn't find class \"com.bytedance.sdk.openadsdk.api.init.PAGConfig$Builder\" on path: DexPathList[[zip file \"/data/app/~~e2gUSfwnL1eDTWWP3yG4wQ==/com.fanduel.casino-av4sY1g12DjiHEr1mJ8BGw==/base.apk\"],nativeLibraryDirectories=[/data/app/~~e2gUSfwnL1eDTWWP3yG4wQ==/com.fanduel.casino-av4sY1g12DjiHEr1mJ8BGw==/lib/arm64, /data/app/~~e2gUSfwnL1eDTWWP3yG4wQ==/com.fanduel.casino-av4sY1g12DjiHEr1mJ8BGw==/base.apk!/lib/arm64-v8a, /system/lib64, /system_ext/lib64]]"
},
{
    "type": "error",
    "source": "method",
    "method": "advertisingOptOut",
    "package_name": "com.fanduel.casino",
    "class_name": "com.prodege.builder.InitOptions$Builder",
    "timestamp": 1728284034333,
    "error": "Error: java.lang.ClassNotFoundException: Didn't find class \"com.prodege.builder.InitOptions$Builder\" on path: DexPathList[[zip file \"/data/app/~~e2gUSfwnL1eDTWWP3yG4wQ==/com.fanduel.casino-av4sY1g12DjiHEr1mJ8BGw==/base.apk\"],nativeLibraryDirectories=[/data/app/~~e2gUSfwnL1eDTWWP3yG4wQ==/com.fanduel.casino-av4sY1g12DjiHEr1mJ8BGw==/lib/arm64, /data/app/~~e2gUSfwnL1eDTWWP3yG4wQ==/com.fanduel.casino-av4sY1g12DjiHEr1mJ8BGw==/base.apk!/lib/arm64-v8a, /system/lib64, /system_ext/lib64]]"
},
{
    "type": "error",
    "source": "method",
    "method": "setSubjectToGDPR",
    "package_name": "com.fanduel.casino",
    "class_name": "org.prebid.mobile.TargetingParams",
    "timestamp": 1728284034334,
    "error": "Error: java.lang.ClassNotFoundException: Didn't find class \"org.prebid.mobile.TargetingParams\" on path: DexPathList[[zip file \"/data/app/~~e2gUSfwnL1eDTWWP3yG4wQ==/com.fanduel.casino-av4sY1g12DjiHEr1mJ8BGw==/base.apk\"],nativeLibraryDirectories=[/data/app/~~e2gUSfwnL1eDTWWP3yG4wQ==/com.fanduel.casino-av4sY1g12DjiHEr1mJ8BGw==/lib/arm64, /data/app/~~e2gUSfwnL1eDTWWP3yG4wQ==/com.fanduel.casino-av4sY1g12DjiHEr1mJ8BGw==/base.apk!/lib/arm64-v8a, /system/lib64, /system_ext/lib64]]"
},
{
    "type": "error",
    "source": "method",
    "method": "setGDPRConsentString",
    "package_name": "com.fanduel.casino",
    "class_name": "org.prebid.mobile.TargetingParams",
    "timestamp": 1728284034335,
    "error": "Error: java.lang.ClassNotFoundException: Didn't find class \"org.prebid.mobile.TargetingParams\" on path: DexPathList[[zip file \"/data/app/~~e2gUSfwnL1eDTWWP3yG4wQ==/com.fanduel.casino-av4sY1g12DjiHEr1mJ8BGw==/base.apk\"],nativeLibraryDirectories=[/data/app/~~e2gUSfwnL1eDTWWP3yG4wQ==/com.fanduel.casino-av4sY1g12DjiHEr1mJ8BGw==/lib/arm64, /data/app/~~e2gUSfwnL1eDTWWP3yG4wQ==/com.fanduel.casino-av4sY1g12DjiHEr1mJ8BGw==/base.apk!/lib/arm64-v8a, /system/lib64, /system_ext/lib64]]"
},
{
    "type": "error",
    "source": "method",
    "method": "setSubjectToCOPPA",
    "package_name": "com.fanduel.casino",
    "class_name": "org.prebid.mobile.TargetingParams",
    "timestamp": 1728284034336,
    "error": "Error: java.lang.ClassNotFoundException: Didn't find class \"org.prebid.mobile.TargetingParams\" on path: DexPathList[[zip file \"/data/app/~~e2gUSfwnL1eDTWWP3yG4wQ==/com.fanduel.casino-av4sY1g12DjiHEr1mJ8BGw==/base.apk\"],nativeLibraryDirectories=[/data/app/~~e2gUSfwnL1eDTWWP3yG4wQ==/com.fanduel.casino-av4sY1g12DjiHEr1mJ8BGw==/lib/arm64, /data/app/~~e2gUSfwnL1eDTWWP3yG4wQ==/com.fanduel.casino-av4sY1g12DjiHEr1mJ8BGw==/base.apk!/lib/arm64-v8a, /system/lib64, /system_ext/lib64]]"
},
{
    "type": "error",
    "source": "method",
    "method": "setPurposeConsents",
    "package_name": "com.fanduel.casino",
    "class_name": "org.prebid.mobile.TargetingParams",
    "timestamp": 1728284034337,
    "error": "Error: java.lang.ClassNotFoundException: Didn't find class \"org.prebid.mobile.TargetingParams\" on path: DexPathList[[zip file \"/data/app/~~e2gUSfwnL1eDTWWP3yG4wQ==/com.fanduel.casino-av4sY1g12DjiHEr1mJ8BGw==/base.apk\"],nativeLibraryDirectories=[/data/app/~~e2gUSfwnL1eDTWWP3yG4wQ==/com.fanduel.casino-av4sY1g12DjiHEr1mJ8BGw==/lib/arm64, /data/app/~~e2gUSfwnL1eDTWWP3yG4wQ==/com.fanduel.casino-av4sY1g12DjiHEr1mJ8BGw==/base.apk!/lib/arm64-v8a, /system/lib64, /system_ext/lib64]]"
},
{
    "type": "error",
    "source": "method",
    "method": "setShareGeoLocation",
    "package_name": "com.fanduel.casino",
    "class_name": "org.prebid.mobile.PrebidMobile",
    "timestamp": 1728284034338,
    "error": "Error: java.lang.ClassNotFoundException: Didn't find class \"org.prebid.mobile.PrebidMobile\" on path: DexPathList[[zip file \"/data/app/~~e2gUSfwnL1eDTWWP3yG4wQ==/com.fanduel.casino-av4sY1g12DjiHEr1mJ8BGw==/base.apk\"],nativeLibraryDirectories=[/data/app/~~e2gUSfwnL1eDTWWP3yG4wQ==/com.fanduel.casino-av4sY1g12DjiHEr1mJ8BGw==/lib/arm64, /data/app/~~e2gUSfwnL1eDTWWP3yG4wQ==/com.fanduel.casino-av4sY1g12DjiHEr1mJ8BGw==/base.apk!/lib/arm64-v8a, /system/lib64, /system_ext/lib64]]"
},
{
    "type": "error",
    "source": "method",
    "method": "setLocationTrackingEnabled",
    "package_name": "com.fanduel.casino",
    "class_name": "net.pubnative.lite.sdk.HyBid",
    "timestamp": 1728284034340,
    "error": "Error: java.lang.ClassNotFoundException: Didn't find class \"net.pubnative.lite.sdk.HyBid\" on path: DexPathList[[zip file \"/data/app/~~e2gUSfwnL1eDTWWP3yG4wQ==/com.fanduel.casino-av4sY1g12DjiHEr1mJ8BGw==/base.apk\"],nativeLibraryDirectories=[/data/app/~~e2gUSfwnL1eDTWWP3yG4wQ==/com.fanduel.casino-av4sY1g12DjiHEr1mJ8BGw==/lib/arm64, /data/app/~~e2gUSfwnL1eDTWWP3yG4wQ==/com.fanduel.casino-av4sY1g12DjiHEr1mJ8BGw==/base.apk!/lib/arm64-v8a, /system/lib64, /system_ext/lib64]]"
},
{
    "type": "error",
    "source": "method",
    "method": "setLocationUpdatesEnabled",
    "package_name": "com.fanduel.casino",
    "class_name": "net.pubnative.lite.sdk.HyBid",
    "timestamp": 1728284034341,
    "error": "Error: java.lang.ClassNotFoundException: Didn't find class \"net.pubnative.lite.sdk.HyBid\" on path: DexPathList[[zip file \"/data/app/~~e2gUSfwnL1eDTWWP3yG4wQ==/com.fanduel.casino-av4sY1g12DjiHEr1mJ8BGw==/base.apk\"],nativeLibraryDirectories=[/data/app/~~e2gUSfwnL1eDTWWP3yG4wQ==/com.fanduel.casino-av4sY1g12DjiHEr1mJ8BGw==/lib/arm64, /data/app/~~e2gUSfwnL1eDTWWP3yG4wQ==/com.fanduel.casino-av4sY1g12DjiHEr1mJ8BGw==/base.apk!/lib/arm64-v8a, /system/lib64, /system_ext/lib64]]"
},
{
    "type": "error",
    "source": "method",
    "method": "setCoppaEnabled",
    "package_name": "com.fanduel.casino",
    "class_name": "net.pubnative.lite.sdk.HyBid",
    "timestamp": 1728284034342,
    "error": "Error: java.lang.ClassNotFoundException: Didn't find class \"net.pubnative.lite.sdk.HyBid\" on path: DexPathList[[zip file \"/data/app/~~e2gUSfwnL1eDTWWP3yG4wQ==/com.fanduel.casino-av4sY1g12DjiHEr1mJ8BGw==/base.apk\"],nativeLibraryDirectories=[/data/app/~~e2gUSfwnL1eDTWWP3yG4wQ==/com.fanduel.casino-av4sY1g12DjiHEr1mJ8BGw==/lib/arm64, /data/app/~~e2gUSfwnL1eDTWWP3yG4wQ==/com.fanduel.casino-av4sY1g12DjiHEr1mJ8BGw==/base.apk!/lib/arm64-v8a, /system/lib64, /system_ext/lib64]]"
},
{
    "type": "error",
    "source": "method",
    "method": "setCollectionEnabled",
    "package_name": "com.fanduel.casino",
    "class_name": "com.quantcast.measurement.service.QuantcastClient",
    "timestamp": 1728284034343,
    "error": "Error: java.lang.ClassNotFoundException: Didn't find class \"com.quantcast.measurement.service.QuantcastClient\" on path: DexPathList[[zip file \"/data/app/~~e2gUSfwnL1eDTWWP3yG4wQ==/com.fanduel.casino-av4sY1g12DjiHEr1mJ8BGw==/base.apk\"],nativeLibraryDirectories=[/data/app/~~e2gUSfwnL1eDTWWP3yG4wQ==/com.fanduel.casino-av4sY1g12DjiHEr1mJ8BGw==/lib/arm64, /data/app/~~e2gUSfwnL1eDTWWP3yG4wQ==/com.fanduel.casino-av4sY1g12DjiHEr1mJ8BGw==/base.apk!/lib/arm64-v8a, /system/lib64, /system_ext/lib64]]"
},
{
    "type": "error",
    "source": "method",
    "method": "recordUserIdentifier",
    "package_name": "com.fanduel.casino",
    "class_name": "com.quantcast.measurement.service.QuantcastClient",
    "timestamp": 1728284034344,
    "error": "Error: java.lang.ClassNotFoundException: Didn't find class \"com.quantcast.measurement.service.QuantcastClient\" on path: DexPathList[[zip file \"/data/app/~~e2gUSfwnL1eDTWWP3yG4wQ==/com.fanduel.casino-av4sY1g12DjiHEr1mJ8BGw==/base.apk\"],nativeLibraryDirectories=[/data/app/~~e2gUSfwnL1eDTWWP3yG4wQ==/com.fanduel.casino-av4sY1g12DjiHEr1mJ8BGw==/lib/arm64, /data/app/~~e2gUSfwnL1eDTWWP3yG4wQ==/com.fanduel.casino-av4sY1g12DjiHEr1mJ8BGw==/base.apk!/lib/arm64-v8a, /system/lib64, /system_ext/lib64]]"
},
{
    "type": "error",
    "source": "method",
    "method": "optOut",
    "package_name": "com.fanduel.casino",
    "class_name": "com.segment.analytics.Analytics",
    "timestamp": 1728284034345,
    "error": "Error: java.lang.ClassNotFoundException: Didn't find class \"com.segment.analytics.Analytics\" on path: DexPathList[[zip file \"/data/app/~~e2gUSfwnL1eDTWWP3yG4wQ==/com.fanduel.casino-av4sY1g12DjiHEr1mJ8BGw==/base.apk\"],nativeLibraryDirectories=[/data/app/~~e2gUSfwnL1eDTWWP3yG4wQ==/com.fanduel.casino-av4sY1g12DjiHEr1mJ8BGw==/lib/arm64, /data/app/~~e2gUSfwnL1eDTWWP3yG4wQ==/com.fanduel.casino-av4sY1g12DjiHEr1mJ8BGw==/base.apk!/lib/arm64-v8a, /system/lib64, /system_ext/lib64]]"
},
{
    "type": "error",
    "source": "method",
    "method": "setLgpdConsentEnabled",
    "package_name": "com.fanduel.casino",
    "class_name": "com.smaato.sdk.core.SmaatoSdk",
    "timestamp": 1728284034346,
    "error": "Error: java.lang.ClassNotFoundException: Didn't find class \"com.smaato.sdk.core.SmaatoSdk\" on path: DexPathList[[zip file \"/data/app/~~e2gUSfwnL1eDTWWP3yG4wQ==/com.fanduel.casino-av4sY1g12DjiHEr1mJ8BGw==/base.apk\"],nativeLibraryDirectories=[/data/app/~~e2gUSfwnL1eDTWWP3yG4wQ==/com.fanduel.casino-av4sY1g12DjiHEr1mJ8BGw==/lib/arm64, /data/app/~~e2gUSfwnL1eDTWWP3yG4wQ==/com.fanduel.casino-av4sY1g12DjiHEr1mJ8BGw==/base.apk!/lib/arm64-v8a, /system/lib64, /system_ext/lib64]]"
},
{
    "type": "error",
    "source": "method",
    "method": "setUsPrivacyString",
    "package_name": "com.fanduel.casino",
    "class_name": "com.smaato.sdk.core.SmaatoSdk",
    "timestamp": 1728284034347,
    "error": "Error: java.lang.ClassNotFoundException: Didn't find class \"com.smaato.sdk.core.SmaatoSdk\" on path: DexPathList[[zip file \"/data/app/~~e2gUSfwnL1eDTWWP3yG4wQ==/com.fanduel.casino-av4sY1g12DjiHEr1mJ8BGw==/base.apk\"],nativeLibraryDirectories=[/data/app/~~e2gUSfwnL1eDTWWP3yG4wQ==/com.fanduel.casino-av4sY1g12DjiHEr1mJ8BGw==/lib/arm64, /data/app/~~e2gUSfwnL1eDTWWP3yG4wQ==/com.fanduel.casino-av4sY1g12DjiHEr1mJ8BGw==/base.apk!/lib/arm64-v8a, /system/lib64, /system_ext/lib64]]"
},
{
    "type": "error",
    "source": "method",
    "method": "setCoppa",
    "package_name": "com.fanduel.casino",
    "class_name": "com.smaato.sdk.core.SmaatoSdk",
    "timestamp": 1728284034348,
    "error": "Error: java.lang.ClassNotFoundException: Didn't find class \"com.smaato.sdk.core.SmaatoSdk\" on path: DexPathList[[zip file \"/data/app/~~e2gUSfwnL1eDTWWP3yG4wQ==/com.fanduel.casino-av4sY1g12DjiHEr1mJ8BGw==/base.apk\"],nativeLibraryDirectories=[/data/app/~~e2gUSfwnL1eDTWWP3yG4wQ==/com.fanduel.casino-av4sY1g12DjiHEr1mJ8BGw==/lib/arm64, /data/app/~~e2gUSfwnL1eDTWWP3yG4wQ==/com.fanduel.casino-av4sY1g12DjiHEr1mJ8BGw==/base.apk!/lib/arm64-v8a, /system/lib64, /system_ext/lib64]]"
},
{
    "type": "error",
    "source": "method",
    "method": "setUserIdentifier",
    "package_name": "com.fanduel.casino",
    "class_name": "com.splunk.mint.Mint",
    "timestamp": 1728284034349,
    "error": "Error: java.lang.ClassNotFoundException: Didn't find class \"com.splunk.mint.Mint\" on path: DexPathList[[zip file \"/data/app/~~e2gUSfwnL1eDTWWP3yG4wQ==/com.fanduel.casino-av4sY1g12DjiHEr1mJ8BGw==/base.apk\"],nativeLibraryDirectories=[/data/app/~~e2gUSfwnL1eDTWWP3yG4wQ==/com.fanduel.casino-av4sY1g12DjiHEr1mJ8BGw==/lib/arm64, /data/app/~~e2gUSfwnL1eDTWWP3yG4wQ==/com.fanduel.casino-av4sY1g12DjiHEr1mJ8BGw==/base.apk!/lib/arm64-v8a, /system/lib64, /system_ext/lib64]]"
},
{
    "type": "error",
    "source": "method",
    "method": "setUserOptOut",
    "package_name": "com.fanduel.casino",
    "class_name": "com.splunk.mint.Mint",
    "timestamp": 1728284034351,
    "error": "Error: java.lang.ClassNotFoundException: Didn't find class \"com.splunk.mint.Mint\" on path: DexPathList[[zip file \"/data/app/~~e2gUSfwnL1eDTWWP3yG4wQ==/com.fanduel.casino-av4sY1g12DjiHEr1mJ8BGw==/base.apk\"],nativeLibraryDirectories=[/data/app/~~e2gUSfwnL1eDTWWP3yG4wQ==/com.fanduel.casino-av4sY1g12DjiHEr1mJ8BGw==/lib/arm64, /data/app/~~e2gUSfwnL1eDTWWP3yG4wQ==/com.fanduel.casino-av4sY1g12DjiHEr1mJ8BGw==/base.apk!/lib/arm64-v8a, /system/lib64, /system_ext/lib64]]"
},
{
    "type": "error",
    "source": "method",
    "method": "setUserConsent",
    "package_name": "com.fanduel.casino",
    "class_name": "com.startapp.sdk.adsbase.StartAppSDK",
    "timestamp": 1728284034352,
    "error": "Error: java.lang.ClassNotFoundException: Didn't find class \"com.startapp.sdk.adsbase.StartAppSDK\" on path: DexPathList[[zip file \"/data/app/~~e2gUSfwnL1eDTWWP3yG4wQ==/com.fanduel.casino-av4sY1g12DjiHEr1mJ8BGw==/base.apk\"],nativeLibraryDirectories=[/data/app/~~e2gUSfwnL1eDTWWP3yG4wQ==/com.fanduel.casino-av4sY1g12DjiHEr1mJ8BGw==/lib/arm64, /data/app/~~e2gUSfwnL1eDTWWP3yG4wQ==/com.fanduel.casino-av4sY1g12DjiHEr1mJ8BGw==/base.apk!/lib/arm64-v8a, /system/lib64, /system_ext/lib64]]"
},
{
    "type": "error",
    "source": "method",
    "method": "getExtras",
    "package_name": "com.fanduel.casino",
    "class_name": "com.startapp.sdk.adsbase.StartAppSDK",
    "timestamp": 1728284034353,
    "error": "Error: java.lang.ClassNotFoundException: Didn't find class \"com.startapp.sdk.adsbase.StartAppSDK\" on path: DexPathList[[zip file \"/data/app/~~e2gUSfwnL1eDTWWP3yG4wQ==/com.fanduel.casino-av4sY1g12DjiHEr1mJ8BGw==/base.apk\"],nativeLibraryDirectories=[/data/app/~~e2gUSfwnL1eDTWWP3yG4wQ==/com.fanduel.casino-av4sY1g12DjiHEr1mJ8BGw==/lib/arm64, /data/app/~~e2gUSfwnL1eDTWWP3yG4wQ==/com.fanduel.casino-av4sY1g12DjiHEr1mJ8BGw==/base.apk!/lib/arm64-v8a, /system/lib64, /system_ext/lib64]]"
},
{
    "type": "error",
    "source": "method",
    "method": "init",
    "package_name": "com.fanduel.casino",
    "class_name": "com.supersonic.mediationsdk.sdk.Supersonic",
    "timestamp": 1728284034354,
    "error": "Error: java.lang.ClassNotFoundException: Didn't find class \"com.supersonic.mediationsdk.sdk.Supersonic\" on path: DexPathList[[zip file \"/data/app/~~e2gUSfwnL1eDTWWP3yG4wQ==/com.fanduel.casino-av4sY1g12DjiHEr1mJ8BGw==/base.apk\"],nativeLibraryDirectories=[/data/app/~~e2gUSfwnL1eDTWWP3yG4wQ==/com.fanduel.casino-av4sY1g12DjiHEr1mJ8BGw==/lib/arm64, /data/app/~~e2gUSfwnL1eDTWWP3yG4wQ==/com.fanduel.casino-av4sY1g12DjiHEr1mJ8BGw==/base.apk!/lib/arm64-v8a, /system/lib64, /system_ext/lib64]]"
},
{
    "type": "error",
    "source": "method",
    "method": "setExtraProperties",
    "package_name": "com.fanduel.casino",
    "class_name": "com.taboola.android.TaboolaWidget",
    "timestamp": 1728284034355,
    "error": "Error: java.lang.ClassNotFoundException: Didn't find class \"com.taboola.android.TaboolaWidget\" on path: DexPathList[[zip file \"/data/app/~~e2gUSfwnL1eDTWWP3yG4wQ==/com.fanduel.casino-av4sY1g12DjiHEr1mJ8BGw==/base.apk\"],nativeLibraryDirectories=[/data/app/~~e2gUSfwnL1eDTWWP3yG4wQ==/com.fanduel.casino-av4sY1g12DjiHEr1mJ8BGw==/lib/arm64, /data/app/~~e2gUSfwnL1eDTWWP3yG4wQ==/com.fanduel.casino-av4sY1g12DjiHEr1mJ8BGw==/base.apk!/lib/arm64-v8a, /system/lib64, /system_ext/lib64]]"
},
{
    "type": "error",
    "source": "method",
    "method": "setUserConsent",
    "package_name": "com.fanduel.casino",
    "class_name": "com.tapjoy.TJPrivacyPolicy",
    "timestamp": 1728284034356,
    "error": "Error: java.lang.ClassNotFoundException: Didn't find class \"com.tapjoy.TJPrivacyPolicy\" on path: DexPathList[[zip file \"/data/app/~~e2gUSfwnL1eDTWWP3yG4wQ==/com.fanduel.casino-av4sY1g12DjiHEr1mJ8BGw==/base.apk\"],nativeLibraryDirectories=[/data/app/~~e2gUSfwnL1eDTWWP3yG4wQ==/com.fanduel.casino-av4sY1g12DjiHEr1mJ8BGw==/lib/arm64, /data/app/~~e2gUSfwnL1eDTWWP3yG4wQ==/com.fanduel.casino-av4sY1g12DjiHEr1mJ8BGw==/base.apk!/lib/arm64-v8a, /system/lib64, /system_ext/lib64]]"
},
{
    "type": "error",
    "source": "method",
    "method": "setSubjectToGDPR",
    "package_name": "com.fanduel.casino",
    "class_name": "com.tapjoy.TJPrivacyPolicy",
    "timestamp": 1728284034357,
    "error": "Error: java.lang.ClassNotFoundException: Didn't find class \"com.tapjoy.TJPrivacyPolicy\" on path: DexPathList[[zip file \"/data/app/~~e2gUSfwnL1eDTWWP3yG4wQ==/com.fanduel.casino-av4sY1g12DjiHEr1mJ8BGw==/base.apk\"],nativeLibraryDirectories=[/data/app/~~e2gUSfwnL1eDTWWP3yG4wQ==/com.fanduel.casino-av4sY1g12DjiHEr1mJ8BGw==/lib/arm64, /data/app/~~e2gUSfwnL1eDTWWP3yG4wQ==/com.fanduel.casino-av4sY1g12DjiHEr1mJ8BGw==/base.apk!/lib/arm64-v8a, /system/lib64, /system_ext/lib64]]"
},
{
    "type": "error",
    "source": "method",
    "method": "setBelowConsentAge",
    "package_name": "com.fanduel.casino",
    "class_name": "com.tapjoy.TJPrivacyPolicy",
    "timestamp": 1728284034358,
    "error": "Error: java.lang.ClassNotFoundException: Didn't find class \"com.tapjoy.TJPrivacyPolicy\" on path: DexPathList[[zip file \"/data/app/~~e2gUSfwnL1eDTWWP3yG4wQ==/com.fanduel.casino-av4sY1g12DjiHEr1mJ8BGw==/base.apk\"],nativeLibraryDirectories=[/data/app/~~e2gUSfwnL1eDTWWP3yG4wQ==/com.fanduel.casino-av4sY1g12DjiHEr1mJ8BGw==/lib/arm64, /data/app/~~e2gUSfwnL1eDTWWP3yG4wQ==/com.fanduel.casino-av4sY1g12DjiHEr1mJ8BGw==/base.apk!/lib/arm64-v8a, /system/lib64, /system_ext/lib64]]"
},
{
    "type": "error",
    "source": "method",
    "method": "setUSPrivacy",
    "package_name": "com.fanduel.casino",
    "class_name": "com.tapjoy.TJPrivacyPolicy",
    "timestamp": 1728284034359,
    "error": "Error: java.lang.ClassNotFoundException: Didn't find class \"com.tapjoy.TJPrivacyPolicy\" on path: DexPathList[[zip file \"/data/app/~~e2gUSfwnL1eDTWWP3yG4wQ==/com.fanduel.casino-av4sY1g12DjiHEr1mJ8BGw==/base.apk\"],nativeLibraryDirectories=[/data/app/~~e2gUSfwnL1eDTWWP3yG4wQ==/com.fanduel.casino-av4sY1g12DjiHEr1mJ8BGw==/lib/arm64, /data/app/~~e2gUSfwnL1eDTWWP3yG4wQ==/com.fanduel.casino-av4sY1g12DjiHEr1mJ8BGw==/base.apk!/lib/arm64-v8a, /system/lib64, /system_ext/lib64]]"
},
{
    "type": "error",
    "source": "method",
    "method": "optOutAdvertisingID",
    "package_name": "com.fanduel.casino",
    "class_name": "com.tapjoy.Tapjoy",
    "timestamp": 1728284034360,
    "error": "Error: java.lang.ClassNotFoundException: Didn't find class \"com.tapjoy.Tapjoy\" on path: DexPathList[[zip file \"/data/app/~~e2gUSfwnL1eDTWWP3yG4wQ==/com.fanduel.casino-av4sY1g12DjiHEr1mJ8BGw==/base.apk\"],nativeLibraryDirectories=[/data/app/~~e2gUSfwnL1eDTWWP3yG4wQ==/com.fanduel.casino-av4sY1g12DjiHEr1mJ8BGw==/lib/arm64, /data/app/~~e2gUSfwnL1eDTWWP3yG4wQ==/com.fanduel.casino-av4sY1g12DjiHEr1mJ8BGw==/base.apk!/lib/arm64-v8a, /system/lib64, /system_ext/lib64]]"
},
{
    "type": "error",
    "source": "method",
    "method": "setUSPrivacy",
    "package_name": "com.fanduel.casino",
    "class_name": "com.tappx.sdk.android.TappxPrivacyManager",
    "timestamp": 1728284034362,
    "error": "Error: java.lang.ClassNotFoundException: Didn't find class \"com.tappx.sdk.android.TappxPrivacyManager\" on path: DexPathList[[zip file \"/data/app/~~e2gUSfwnL1eDTWWP3yG4wQ==/com.fanduel.casino-av4sY1g12DjiHEr1mJ8BGw==/base.apk\"],nativeLibraryDirectories=[/data/app/~~e2gUSfwnL1eDTWWP3yG4wQ==/com.fanduel.casino-av4sY1g12DjiHEr1mJ8BGw==/lib/arm64, /data/app/~~e2gUSfwnL1eDTWWP3yG4wQ==/com.fanduel.casino-av4sY1g12DjiHEr1mJ8BGw==/base.apk!/lib/arm64-v8a, /system/lib64, /system_ext/lib64]]"
},
{
    "type": "error",
    "source": "method",
    "method": "grantPersonalInfoConsent",
    "package_name": "com.fanduel.casino",
    "class_name": "com.tappx.sdk.android.TappxPrivacyManager",
    "timestamp": 1728284034363,
    "error": "Error: java.lang.ClassNotFoundException: Didn't find class \"com.tappx.sdk.android.TappxPrivacyManager\" on path: DexPathList[[zip file \"/data/app/~~e2gUSfwnL1eDTWWP3yG4wQ==/com.fanduel.casino-av4sY1g12DjiHEr1mJ8BGw==/base.apk\"],nativeLibraryDirectories=[/data/app/~~e2gUSfwnL1eDTWWP3yG4wQ==/com.fanduel.casino-av4sY1g12DjiHEr1mJ8BGw==/lib/arm64, /data/app/~~e2gUSfwnL1eDTWWP3yG4wQ==/com.fanduel.casino-av4sY1g12DjiHEr1mJ8BGw==/base.apk!/lib/arm64-v8a, /system/lib64, /system_ext/lib64]]"
},
{
    "type": "error",
    "source": "method",
    "method": "denyPersonalInfoConsent",
    "package_name": "com.fanduel.casino",
    "class_name": "com.tappx.sdk.android.TappxPrivacyManager",
    "timestamp": 1728284034364,
    "error": "Error: java.lang.ClassNotFoundException: Didn't find class \"com.tappx.sdk.android.TappxPrivacyManager\" on path: DexPathList[[zip file \"/data/app/~~e2gUSfwnL1eDTWWP3yG4wQ==/com.fanduel.casino-av4sY1g12DjiHEr1mJ8BGw==/base.apk\"],nativeLibraryDirectories=[/data/app/~~e2gUSfwnL1eDTWWP3yG4wQ==/com.fanduel.casino-av4sY1g12DjiHEr1mJ8BGw==/lib/arm64, /data/app/~~e2gUSfwnL1eDTWWP3yG4wQ==/com.fanduel.casino-av4sY1g12DjiHEr1mJ8BGw==/base.apk!/lib/arm64-v8a, /system/lib64, /system_ext/lib64]]"
},
{
    "type": "error",
    "source": "method",
    "method": "setGDPRConsent",
    "package_name": "com.fanduel.casino",
    "class_name": "com.tappx.sdk.android.TappxPrivacyManager",
    "timestamp": 1728284034365,
    "error": "Error: java.lang.ClassNotFoundException: Didn't find class \"com.tappx.sdk.android.TappxPrivacyManager\" on path: DexPathList[[zip file \"/data/app/~~e2gUSfwnL1eDTWWP3yG4wQ==/com.fanduel.casino-av4sY1g12DjiHEr1mJ8BGw==/base.apk\"],nativeLibraryDirectories=[/data/app/~~e2gUSfwnL1eDTWWP3yG4wQ==/com.fanduel.casino-av4sY1g12DjiHEr1mJ8BGw==/lib/arm64, /data/app/~~e2gUSfwnL1eDTWWP3yG4wQ==/com.fanduel.casino-av4sY1g12DjiHEr1mJ8BGw==/base.apk!/lib/arm64-v8a, /system/lib64, /system_ext/lib64]]"
},
{
    "type": "error",
    "source": "method",
    "method": "setCoppaCompliance",
    "package_name": "com.fanduel.casino",
    "class_name": "com.tappx.sdk.android.Tappx",
    "timestamp": 1728284034366,
    "error": "Error: java.lang.ClassNotFoundException: Didn't find class \"com.tappx.sdk.android.Tappx\" on path: DexPathList[[zip file \"/data/app/~~e2gUSfwnL1eDTWWP3yG4wQ==/com.fanduel.casino-av4sY1g12DjiHEr1mJ8BGw==/base.apk\"],nativeLibraryDirectories=[/data/app/~~e2gUSfwnL1eDTWWP3yG4wQ==/com.fanduel.casino-av4sY1g12DjiHEr1mJ8BGw==/lib/arm64, /data/app/~~e2gUSfwnL1eDTWWP3yG4wQ==/com.fanduel.casino-av4sY1g12DjiHEr1mJ8BGw==/base.apk!/lib/arm64-v8a, /system/lib64, /system_ext/lib64]]"
},
{
    "type": "error",
    "source": "method",
    "method": "setGlobalPrivacyPlatform",
    "package_name": "com.fanduel.casino",
    "class_name": "com.tappx.sdk.android.TappxPrivacyManager",
    "timestamp": 1728284034367,
    "error": "Error: java.lang.ClassNotFoundException: Didn't find class \"com.tappx.sdk.android.TappxPrivacyManager\" on path: DexPathList[[zip file \"/data/app/~~e2gUSfwnL1eDTWWP3yG4wQ==/com.fanduel.casino-av4sY1g12DjiHEr1mJ8BGw==/base.apk\"],nativeLibraryDirectories=[/data/app/~~e2gUSfwnL1eDTWWP3yG4wQ==/com.fanduel.casino-av4sY1g12DjiHEr1mJ8BGw==/lib/arm64, /data/app/~~e2gUSfwnL1eDTWWP3yG4wQ==/com.fanduel.casino-av4sY1g12DjiHEr1mJ8BGw==/base.apk!/lib/arm64-v8a, /system/lib64, /system_ext/lib64]]"
},
{
    "type": "error",
    "source": "method",
    "method": "optIn",
    "package_name": "com.fanduel.casino",
    "class_name": "com.tenjin.android.TenjinSDK",
    "timestamp": 1728284034368,
    "error": "Error: java.lang.ClassNotFoundException: Didn't find class \"com.tenjin.android.TenjinSDK\" on path: DexPathList[[zip file \"/data/app/~~e2gUSfwnL1eDTWWP3yG4wQ==/com.fanduel.casino-av4sY1g12DjiHEr1mJ8BGw==/base.apk\"],nativeLibraryDirectories=[/data/app/~~e2gUSfwnL1eDTWWP3yG4wQ==/com.fanduel.casino-av4sY1g12DjiHEr1mJ8BGw==/lib/arm64, /data/app/~~e2gUSfwnL1eDTWWP3yG4wQ==/com.fanduel.casino-av4sY1g12DjiHEr1mJ8BGw==/base.apk!/lib/arm64-v8a, /system/lib64, /system_ext/lib64]]"
},
{
    "type": "error",
    "source": "method",
    "method": "optOut",
    "package_name": "com.fanduel.casino",
    "class_name": "com.tenjin.android.TenjinSDK",
    "timestamp": 1728284034369,
    "error": "Error: java.lang.ClassNotFoundException: Didn't find class \"com.tenjin.android.TenjinSDK\" on path: DexPathList[[zip file \"/data/app/~~e2gUSfwnL1eDTWWP3yG4wQ==/com.fanduel.casino-av4sY1g12DjiHEr1mJ8BGw==/base.apk\"],nativeLibraryDirectories=[/data/app/~~e2gUSfwnL1eDTWWP3yG4wQ==/com.fanduel.casino-av4sY1g12DjiHEr1mJ8BGw==/lib/arm64, /data/app/~~e2gUSfwnL1eDTWWP3yG4wQ==/com.fanduel.casino-av4sY1g12DjiHEr1mJ8BGw==/base.apk!/lib/arm64-v8a, /system/lib64, /system_ext/lib64]]"
},
{
    "type": "error",
    "source": "method",
    "method": "optInParams",
    "package_name": "com.fanduel.casino",
    "class_name": "com.tenjin.android.TenjinSDK",
    "timestamp": 1728284034371,
    "error": "Error: java.lang.ClassNotFoundException: Didn't find class \"com.tenjin.android.TenjinSDK\" on path: DexPathList[[zip file \"/data/app/~~e2gUSfwnL1eDTWWP3yG4wQ==/com.fanduel.casino-av4sY1g12DjiHEr1mJ8BGw==/base.apk\"],nativeLibraryDirectories=[/data/app/~~e2gUSfwnL1eDTWWP3yG4wQ==/com.fanduel.casino-av4sY1g12DjiHEr1mJ8BGw==/lib/arm64, /data/app/~~e2gUSfwnL1eDTWWP3yG4wQ==/com.fanduel.casino-av4sY1g12DjiHEr1mJ8BGw==/base.apk!/lib/arm64-v8a, /system/lib64, /system_ext/lib64]]"
},
{
    "type": "error",
    "source": "method",
    "method": "optOutParams",
    "package_name": "com.fanduel.casino",
    "class_name": "com.tenjin.android.TenjinSDK",
    "timestamp": 1728284034372,
    "error": "Error: java.lang.ClassNotFoundException: Didn't find class \"com.tenjin.android.TenjinSDK\" on path: DexPathList[[zip file \"/data/app/~~e2gUSfwnL1eDTWWP3yG4wQ==/com.fanduel.casino-av4sY1g12DjiHEr1mJ8BGw==/base.apk\"],nativeLibraryDirectories=[/data/app/~~e2gUSfwnL1eDTWWP3yG4wQ==/com.fanduel.casino-av4sY1g12DjiHEr1mJ8BGw==/lib/arm64, /data/app/~~e2gUSfwnL1eDTWWP3yG4wQ==/com.fanduel.casino-av4sY1g12DjiHEr1mJ8BGw==/base.apk!/lib/arm64-v8a, /system/lib64, /system_ext/lib64]]"
},
{
    "type": "error",
    "source": "method",
    "method": "setGoogleDMAParameters",
    "package_name": "com.fanduel.casino",
    "class_name": "com.tenjin.android.TenjinSDK",
    "timestamp": 1728284034373,
    "error": "Error: java.lang.ClassNotFoundException: Didn't find class \"com.tenjin.android.TenjinSDK\" on path: DexPathList[[zip file \"/data/app/~~e2gUSfwnL1eDTWWP3yG4wQ==/com.fanduel.casino-av4sY1g12DjiHEr1mJ8BGw==/base.apk\"],nativeLibraryDirectories=[/data/app/~~e2gUSfwnL1eDTWWP3yG4wQ==/com.fanduel.casino-av4sY1g12DjiHEr1mJ8BGw==/lib/arm64, /data/app/~~e2gUSfwnL1eDTWWP3yG4wQ==/com.fanduel.casino-av4sY1g12DjiHEr1mJ8BGw==/base.apk!/lib/arm64-v8a, /system/lib64, /system_ext/lib64]]"
},
{
    "type": "error",
    "source": "method",
    "method": "optInGoogleDMA",
    "package_name": "com.fanduel.casino",
    "class_name": "com.tenjin.android.TenjinSDK",
    "timestamp": 1728284034375,
    "error": "Error: java.lang.ClassNotFoundException: Didn't find class \"com.tenjin.android.TenjinSDK\" on path: DexPathList[[zip file \"/data/app/~~e2gUSfwnL1eDTWWP3yG4wQ==/com.fanduel.casino-av4sY1g12DjiHEr1mJ8BGw==/base.apk\"],nativeLibraryDirectories=[/data/app/~~e2gUSfwnL1eDTWWP3yG4wQ==/com.fanduel.casino-av4sY1g12DjiHEr1mJ8BGw==/lib/arm64, /data/app/~~e2gUSfwnL1eDTWWP3yG4wQ==/com.fanduel.casino-av4sY1g12DjiHEr1mJ8BGw==/base.apk!/lib/arm64-v8a, /system/lib64, /system_ext/lib64]]"
},
{
    "type": "error",
    "source": "method",
    "method": "optOutGoogleDMA",
    "package_name": "com.fanduel.casino",
    "class_name": "com.tenjin.android.TenjinSDK",
    "timestamp": 1728284034376,
    "error": "Error: java.lang.ClassNotFoundException: Didn't find class \"com.tenjin.android.TenjinSDK\" on path: DexPathList[[zip file \"/data/app/~~e2gUSfwnL1eDTWWP3yG4wQ==/com.fanduel.casino-av4sY1g12DjiHEr1mJ8BGw==/base.apk\"],nativeLibraryDirectories=[/data/app/~~e2gUSfwnL1eDTWWP3yG4wQ==/com.fanduel.casino-av4sY1g12DjiHEr1mJ8BGw==/lib/arm64, /data/app/~~e2gUSfwnL1eDTWWP3yG4wQ==/com.fanduel.casino-av4sY1g12DjiHEr1mJ8BGw==/base.apk!/lib/arm64-v8a, /system/lib64, /system_ext/lib64]]"
},
{
    "type": "error",
    "source": "method",
    "method": "deniedUploadDeviceInfo",
    "package_name": "com.fanduel.casino",
    "class_name": "com.anythink.core.api.ATSDK",
    "timestamp": 1728284034378,
    "error": "Error: java.lang.ClassNotFoundException: Didn't find class \"com.anythink.core.api.ATSDK\" on path: DexPathList[[zip file \"/data/app/~~e2gUSfwnL1eDTWWP3yG4wQ==/com.fanduel.casino-av4sY1g12DjiHEr1mJ8BGw==/base.apk\"],nativeLibraryDirectories=[/data/app/~~e2gUSfwnL1eDTWWP3yG4wQ==/com.fanduel.casino-av4sY1g12DjiHEr1mJ8BGw==/lib/arm64, /data/app/~~e2gUSfwnL1eDTWWP3yG4wQ==/com.fanduel.casino-av4sY1g12DjiHEr1mJ8BGw==/base.apk!/lib/arm64-v8a, /system/lib64, /system_ext/lib64]]"
},
{
    "type": "error",
    "source": "method",
    "method": "setGDPRUploadDataLevel",
    "package_name": "com.fanduel.casino",
    "class_name": "com.anythink.core.api.ATSDK",
    "timestamp": 1728284034379,
    "error": "Error: java.lang.ClassNotFoundException: Didn't find class \"com.anythink.core.api.ATSDK\" on path: DexPathList[[zip file \"/data/app/~~e2gUSfwnL1eDTWWP3yG4wQ==/com.fanduel.casino-av4sY1g12DjiHEr1mJ8BGw==/base.apk\"],nativeLibraryDirectories=[/data/app/~~e2gUSfwnL1eDTWWP3yG4wQ==/com.fanduel.casino-av4sY1g12DjiHEr1mJ8BGw==/lib/arm64, /data/app/~~e2gUSfwnL1eDTWWP3yG4wQ==/com.fanduel.casino-av4sY1g12DjiHEr1mJ8BGw==/base.apk!/lib/arm64-v8a, /system/lib64, /system_ext/lib64]]"
},
{
    "type": "error",
    "source": "method",
    "method": "showGdprAuth",
    "package_name": "com.fanduel.casino",
    "class_name": "com.anythink.core.api.ATSDK",
    "timestamp": 1728284034380,
    "error": "Error: java.lang.ClassNotFoundException: Didn't find class \"com.anythink.core.api.ATSDK\" on path: DexPathList[[zip file \"/data/app/~~e2gUSfwnL1eDTWWP3yG4wQ==/com.fanduel.casino-av4sY1g12DjiHEr1mJ8BGw==/base.apk\"],nativeLibraryDirectories=[/data/app/~~e2gUSfwnL1eDTWWP3yG4wQ==/com.fanduel.casino-av4sY1g12DjiHEr1mJ8BGw==/lib/arm64, /data/app/~~e2gUSfwnL1eDTWWP3yG4wQ==/com.fanduel.casino-av4sY1g12DjiHEr1mJ8BGw==/base.apk!/lib/arm64-v8a, /system/lib64, /system_ext/lib64]]"
},
{
    "type": "error",
    "source": "method",
    "method": "setCCPADoNotSell",
    "package_name": "com.fanduel.casino",
    "class_name": "com.tradplus.ads.open.TradPlusSdk",
    "timestamp": 1728284034381,
    "error": "Error: java.lang.ClassNotFoundException: Didn't find class \"com.tradplus.ads.open.TradPlusSdk\" on path: DexPathList[[zip file \"/data/app/~~e2gUSfwnL1eDTWWP3yG4wQ==/com.fanduel.casino-av4sY1g12DjiHEr1mJ8BGw==/base.apk\"],nativeLibraryDirectories=[/data/app/~~e2gUSfwnL1eDTWWP3yG4wQ==/com.fanduel.casino-av4sY1g12DjiHEr1mJ8BGw==/lib/arm64, /data/app/~~e2gUSfwnL1eDTWWP3yG4wQ==/com.fanduel.casino-av4sY1g12DjiHEr1mJ8BGw==/base.apk!/lib/arm64-v8a, /system/lib64, /system_ext/lib64]]"
},
{
    "type": "error",
    "source": "method",
    "method": "setCOPPAIsAgeRestrictedUser",
    "package_name": "com.fanduel.casino",
    "class_name": "com.tradplus.ads.open.TradPlusSdk",
    "timestamp": 1728284034383,
    "error": "Error: java.lang.ClassNotFoundException: Didn't find class \"com.tradplus.ads.open.TradPlusSdk\" on path: DexPathList[[zip file \"/data/app/~~e2gUSfwnL1eDTWWP3yG4wQ==/com.fanduel.casino-av4sY1g12DjiHEr1mJ8BGw==/base.apk\"],nativeLibraryDirectories=[/data/app/~~e2gUSfwnL1eDTWWP3yG4wQ==/com.fanduel.casino-av4sY1g12DjiHEr1mJ8BGw==/lib/arm64, /data/app/~~e2gUSfwnL1eDTWWP3yG4wQ==/com.fanduel.casino-av4sY1g12DjiHEr1mJ8BGw==/base.apk!/lib/arm64-v8a, /system/lib64, /system_ext/lib64]]"
},
{
    "type": "error",
    "source": "method",
    "method": "setGDPRDataCollection",
    "package_name": "com.fanduel.casino",
    "class_name": "com.tradplus.ads.open.TradPlusSdk",
    "timestamp": 1728284034384,
    "error": "Error: java.lang.ClassNotFoundException: Didn't find class \"com.tradplus.ads.open.TradPlusSdk\" on path: DexPathList[[zip file \"/data/app/~~e2gUSfwnL1eDTWWP3yG4wQ==/com.fanduel.casino-av4sY1g12DjiHEr1mJ8BGw==/base.apk\"],nativeLibraryDirectories=[/data/app/~~e2gUSfwnL1eDTWWP3yG4wQ==/com.fanduel.casino-av4sY1g12DjiHEr1mJ8BGw==/lib/arm64, /data/app/~~e2gUSfwnL1eDTWWP3yG4wQ==/com.fanduel.casino-av4sY1g12DjiHEr1mJ8BGw==/base.apk!/lib/arm64-v8a, /system/lib64, /system_ext/lib64]]"
},
{
    "type": "error",
    "source": "method",
    "method": "setLGPDConsent",
    "package_name": "com.fanduel.casino",
    "class_name": "com.tradplus.ads.open.TradPlusSdk",
    "timestamp": 1728284034385,
    "error": "Error: java.lang.ClassNotFoundException: Didn't find class \"com.tradplus.ads.open.TradPlusSdk\" on path: DexPathList[[zip file \"/data/app/~~e2gUSfwnL1eDTWWP3yG4wQ==/com.fanduel.casino-av4sY1g12DjiHEr1mJ8BGw==/base.apk\"],nativeLibraryDirectories=[/data/app/~~e2gUSfwnL1eDTWWP3yG4wQ==/com.fanduel.casino-av4sY1g12DjiHEr1mJ8BGw==/lib/arm64, /data/app/~~e2gUSfwnL1eDTWWP3yG4wQ==/com.fanduel.casino-av4sY1g12DjiHEr1mJ8BGw==/base.apk!/lib/arm64-v8a, /system/lib64, /system_ext/lib64]]"
},
{
    "type": "error",
    "source": "method",
    "method": "SetMetaData",
    "package_name": "com.fanduel.casino",
    "class_name": "com.unity3d.ads.metadata.MetaData",
    "timestamp": 1728284034387,
    "error": "Error: java.lang.ClassNotFoundException: Didn't find class \"com.unity3d.ads.metadata.MetaData\" on path: DexPathList[[zip file \"/data/app/~~e2gUSfwnL1eDTWWP3yG4wQ==/com.fanduel.casino-av4sY1g12DjiHEr1mJ8BGw==/base.apk\"],nativeLibraryDirectories=[/data/app/~~e2gUSfwnL1eDTWWP3yG4wQ==/com.fanduel.casino-av4sY1g12DjiHEr1mJ8BGw==/lib/arm64, /data/app/~~e2gUSfwnL1eDTWWP3yG4wQ==/com.fanduel.casino-av4sY1g12DjiHEr1mJ8BGw==/base.apk!/lib/arm64-v8a, /system/lib64, /system_ext/lib64]]"
},
{
    "type": "error",
    "source": "method",
    "method": "setEnabled",
    "package_name": "com.fanduel.casino",
    "class_name": "com.microsoft.appcenter.AppCenter",
    "timestamp": 1728284034388,
    "error": "Error: java.lang.ClassNotFoundException: Didn't find class \"com.microsoft.appcenter.AppCenter\" on path: DexPathList[[zip file \"/data/app/~~e2gUSfwnL1eDTWWP3yG4wQ==/com.fanduel.casino-av4sY1g12DjiHEr1mJ8BGw==/base.apk\"],nativeLibraryDirectories=[/data/app/~~e2gUSfwnL1eDTWWP3yG4wQ==/com.fanduel.casino-av4sY1g12DjiHEr1mJ8BGw==/lib/arm64, /data/app/~~e2gUSfwnL1eDTWWP3yG4wQ==/com.fanduel.casino-av4sY1g12DjiHEr1mJ8BGw==/base.apk!/lib/arm64-v8a, /system/lib64, /system_ext/lib64]]"
},
{
    "type": "error",
    "source": "method",
    "method": "setNetworkRequestsAllowed",
    "package_name": "com.fanduel.casino",
    "class_name": "com.microsoft.appcenter.AppCenter",
    "timestamp": 1728284034390,
    "error": "Error: java.lang.ClassNotFoundException: Didn't find class \"com.microsoft.appcenter.AppCenter\" on path: DexPathList[[zip file \"/data/app/~~e2gUSfwnL1eDTWWP3yG4wQ==/com.fanduel.casino-av4sY1g12DjiHEr1mJ8BGw==/base.apk\"],nativeLibraryDirectories=[/data/app/~~e2gUSfwnL1eDTWWP3yG4wQ==/com.fanduel.casino-av4sY1g12DjiHEr1mJ8BGw==/lib/arm64, /data/app/~~e2gUSfwnL1eDTWWP3yG4wQ==/com.fanduel.casino-av4sY1g12DjiHEr1mJ8BGw==/base.apk!/lib/arm64-v8a, /system/lib64, /system_ext/lib64]]"
},
{
    "type": "error",
    "source": "method",
    "method": "notifyUserConfirmation",
    "package_name": "com.fanduel.casino",
    "class_name": "com.microsoft.appcenter.crashes.Crashes",
    "timestamp": 1728284034391,
    "error": "Error: java.lang.ClassNotFoundException: Didn't find class \"com.microsoft.appcenter.crashes.Crashes\" on path: DexPathList[[zip file \"/data/app/~~e2gUSfwnL1eDTWWP3yG4wQ==/com.fanduel.casino-av4sY1g12DjiHEr1mJ8BGw==/base.apk\"],nativeLibraryDirectories=[/data/app/~~e2gUSfwnL1eDTWWP3yG4wQ==/com.fanduel.casino-av4sY1g12DjiHEr1mJ8BGw==/lib/arm64, /data/app/~~e2gUSfwnL1eDTWWP3yG4wQ==/com.fanduel.casino-av4sY1g12DjiHEr1mJ8BGw==/base.apk!/lib/arm64-v8a, /system/lib64, /system_ext/lib64]]"
},
{
    "type": "error",
    "source": "method",
    "method": "setLocation",
    "package_name": "com.fanduel.casino",
    "class_name": "com.vpon.ads.VponAdRequest$Builder",
    "timestamp": 1728284034392,
    "error": "Error: java.lang.ClassNotFoundException: Didn't find class \"com.vpon.ads.VponAdRequest$Builder\" on path: DexPathList[[zip file \"/data/app/~~e2gUSfwnL1eDTWWP3yG4wQ==/com.fanduel.casino-av4sY1g12DjiHEr1mJ8BGw==/base.apk\"],nativeLibraryDirectories=[/data/app/~~e2gUSfwnL1eDTWWP3yG4wQ==/com.fanduel.casino-av4sY1g12DjiHEr1mJ8BGw==/lib/arm64, /data/app/~~e2gUSfwnL1eDTWWP3yG4wQ==/com.fanduel.casino-av4sY1g12DjiHEr1mJ8BGw==/base.apk!/lib/arm64-v8a, /system/lib64, /system_ext/lib64]]"
},
{
    "type": "error",
    "source": "method",
    "method": "setMaxAdContentRating",
    "package_name": "com.fanduel.casino",
    "class_name": "com.vpon.ads.VponAdRequest$Builder",
    "timestamp": 1728284034394,
    "error": "Error: java.lang.ClassNotFoundException: Didn't find class \"com.vpon.ads.VponAdRequest$Builder\" on path: DexPathList[[zip file \"/data/app/~~e2gUSfwnL1eDTWWP3yG4wQ==/com.fanduel.casino-av4sY1g12DjiHEr1mJ8BGw==/base.apk\"],nativeLibraryDirectories=[/data/app/~~e2gUSfwnL1eDTWWP3yG4wQ==/com.fanduel.casino-av4sY1g12DjiHEr1mJ8BGw==/lib/arm64, /data/app/~~e2gUSfwnL1eDTWWP3yG4wQ==/com.fanduel.casino-av4sY1g12DjiHEr1mJ8BGw==/base.apk!/lib/arm64-v8a, /system/lib64, /system_ext/lib64]]"
},
{
    "type": "error",
    "source": "method",
    "method": "setTagForUnderAgeOfConsent",
    "package_name": "com.fanduel.casino",
    "class_name": "com.vpon.ads.VponAdRequest$Builder",
    "timestamp": 1728284034395,
    "error": "Error: java.lang.ClassNotFoundException: Didn't find class \"com.vpon.ads.VponAdRequest$Builder\" on path: DexPathList[[zip file \"/data/app/~~e2gUSfwnL1eDTWWP3yG4wQ==/com.fanduel.casino-av4sY1g12DjiHEr1mJ8BGw==/base.apk\"],nativeLibraryDirectories=[/data/app/~~e2gUSfwnL1eDTWWP3yG4wQ==/com.fanduel.casino-av4sY1g12DjiHEr1mJ8BGw==/lib/arm64, /data/app/~~e2gUSfwnL1eDTWWP3yG4wQ==/com.fanduel.casino-av4sY1g12DjiHEr1mJ8BGw==/base.apk!/lib/arm64-v8a, /system/lib64, /system_ext/lib64]]"
},
{
    "type": "error",
    "source": "method",
    "method": "tagForChildDirectedTreatment",
    "package_name": "com.fanduel.casino",
    "class_name": "com.vpon.ads.VponAdRequest$Builder",
    "timestamp": 1728284034396,
    "error": "Error: java.lang.ClassNotFoundException: Didn't find class \"com.vpon.ads.VponAdRequest$Builder\" on path: DexPathList[[zip file \"/data/app/~~e2gUSfwnL1eDTWWP3yG4wQ==/com.fanduel.casino-av4sY1g12DjiHEr1mJ8BGw==/base.apk\"],nativeLibraryDirectories=[/data/app/~~e2gUSfwnL1eDTWWP3yG4wQ==/com.fanduel.casino-av4sY1g12DjiHEr1mJ8BGw==/lib/arm64, /data/app/~~e2gUSfwnL1eDTWWP3yG4wQ==/com.fanduel.casino-av4sY1g12DjiHEr1mJ8BGw==/base.apk!/lib/arm64-v8a, /system/lib64, /system_ext/lib64]]"
},
{
    "type": "error",
    "source": "method",
    "method": "setGDPRStatus",
    "package_name": "com.fanduel.casino",
    "class_name": "com.vungle.ads.VunglePrivacySettings",
    "timestamp": 1728284034397,
    "error": "Error: java.lang.ClassNotFoundException: Didn't find class \"com.vungle.ads.VunglePrivacySettings\" on path: DexPathList[[zip file \"/data/app/~~e2gUSfwnL1eDTWWP3yG4wQ==/com.fanduel.casino-av4sY1g12DjiHEr1mJ8BGw==/base.apk\"],nativeLibraryDirectories=[/data/app/~~e2gUSfwnL1eDTWWP3yG4wQ==/com.fanduel.casino-av4sY1g12DjiHEr1mJ8BGw==/lib/arm64, /data/app/~~e2gUSfwnL1eDTWWP3yG4wQ==/com.fanduel.casino-av4sY1g12DjiHEr1mJ8BGw==/base.apk!/lib/arm64-v8a, /system/lib64, /system_ext/lib64]]"
},
{
    "type": "error",
    "source": "method",
    "method": "setCOPPAStatus",
    "package_name": "com.fanduel.casino",
    "class_name": "com.vungle.ads.VunglePrivacySettings",
    "timestamp": 1728284034399,
    "error": "Error: java.lang.ClassNotFoundException: Didn't find class \"com.vungle.ads.VunglePrivacySettings\" on path: DexPathList[[zip file \"/data/app/~~e2gUSfwnL1eDTWWP3yG4wQ==/com.fanduel.casino-av4sY1g12DjiHEr1mJ8BGw==/base.apk\"],nativeLibraryDirectories=[/data/app/~~e2gUSfwnL1eDTWWP3yG4wQ==/com.fanduel.casino-av4sY1g12DjiHEr1mJ8BGw==/lib/arm64, /data/app/~~e2gUSfwnL1eDTWWP3yG4wQ==/com.fanduel.casino-av4sY1g12DjiHEr1mJ8BGw==/base.apk!/lib/arm64-v8a, /system/lib64, /system_ext/lib64]]"
},
{
    "type": "error",
    "source": "method",
    "method": "setCCPAStatus",
    "package_name": "com.fanduel.casino",
    "class_name": "com.vungle.ads.VunglePrivacySettings",
    "timestamp": 1728284034400,
    "error": "Error: java.lang.ClassNotFoundException: Didn't find class \"com.vungle.ads.VunglePrivacySettings\" on path: DexPathList[[zip file \"/data/app/~~e2gUSfwnL1eDTWWP3yG4wQ==/com.fanduel.casino-av4sY1g12DjiHEr1mJ8BGw==/base.apk\"],nativeLibraryDirectories=[/data/app/~~e2gUSfwnL1eDTWWP3yG4wQ==/com.fanduel.casino-av4sY1g12DjiHEr1mJ8BGw==/lib/arm64, /data/app/~~e2gUSfwnL1eDTWWP3yG4wQ==/com.fanduel.casino-av4sY1g12DjiHEr1mJ8BGw==/base.apk!/lib/arm64-v8a, /system/lib64, /system_ext/lib64]]"
},
{
    "type": "error",
    "source": "method",
    "method": "setPublishAndroidId",
    "package_name": "com.fanduel.casino",
    "class_name": "com.vungle.ads.VunglePrivacySettings",
    "timestamp": 1728284034401,
    "error": "Error: java.lang.ClassNotFoundException: Didn't find class \"com.vungle.ads.VunglePrivacySettings\" on path: DexPathList[[zip file \"/data/app/~~e2gUSfwnL1eDTWWP3yG4wQ==/com.fanduel.casino-av4sY1g12DjiHEr1mJ8BGw==/base.apk\"],nativeLibraryDirectories=[/data/app/~~e2gUSfwnL1eDTWWP3yG4wQ==/com.fanduel.casino-av4sY1g12DjiHEr1mJ8BGw==/lib/arm64, /data/app/~~e2gUSfwnL1eDTWWP3yG4wQ==/com.fanduel.casino-av4sY1g12DjiHEr1mJ8BGw==/base.apk!/lib/arm64-v8a, /system/lib64, /system_ext/lib64]]"
},
{
    "type": "error",
    "source": "method",
    "method": "setAgeRestrictedUser",
    "package_name": "com.fanduel.casino",
    "class_name": "com.yandex.mobile.ads.common.MobileAds",
    "timestamp": 1728284034403,
    "error": "Error: java.lang.ClassNotFoundException: Didn't find class \"com.yandex.mobile.ads.common.MobileAds\" on path: DexPathList[[zip file \"/data/app/~~e2gUSfwnL1eDTWWP3yG4wQ==/com.fanduel.casino-av4sY1g12DjiHEr1mJ8BGw==/base.apk\"],nativeLibraryDirectories=[/data/app/~~e2gUSfwnL1eDTWWP3yG4wQ==/com.fanduel.casino-av4sY1g12DjiHEr1mJ8BGw==/lib/arm64, /data/app/~~e2gUSfwnL1eDTWWP3yG4wQ==/com.fanduel.casino-av4sY1g12DjiHEr1mJ8BGw==/base.apk!/lib/arm64-v8a, /system/lib64, /system_ext/lib64]]"
},
{
    "type": "error",
    "source": "method",
    "method": "setUserConsent",
    "package_name": "com.fanduel.casino",
    "class_name": "com.yandex.mobile.ads.common.MobileAds",
    "timestamp": 1728284034404,
    "error": "Error: java.lang.ClassNotFoundException: Didn't find class \"com.yandex.mobile.ads.common.MobileAds\" on path: DexPathList[[zip file \"/data/app/~~e2gUSfwnL1eDTWWP3yG4wQ==/com.fanduel.casino-av4sY1g12DjiHEr1mJ8BGw==/base.apk\"],nativeLibraryDirectories=[/data/app/~~e2gUSfwnL1eDTWWP3yG4wQ==/com.fanduel.casino-av4sY1g12DjiHEr1mJ8BGw==/lib/arm64, /data/app/~~e2gUSfwnL1eDTWWP3yG4wQ==/com.fanduel.casino-av4sY1g12DjiHEr1mJ8BGw==/base.apk!/lib/arm64-v8a, /system/lib64, /system_ext/lib64]]"
},
{
    "type": "error",
    "source": "method",
    "method": "init",
    "package_name": "com.fanduel.casino",
    "class_name": "com.youappi.sdk.YouAPPi",
    "timestamp": 1728284034405,
    "error": "Error: java.lang.ClassNotFoundException: Didn't find class \"com.youappi.sdk.YouAPPi\" on path: DexPathList[[zip file \"/data/app/~~e2gUSfwnL1eDTWWP3yG4wQ==/com.fanduel.casino-av4sY1g12DjiHEr1mJ8BGw==/base.apk\"],nativeLibraryDirectories=[/data/app/~~e2gUSfwnL1eDTWWP3yG4wQ==/com.fanduel.casino-av4sY1g12DjiHEr1mJ8BGw==/lib/arm64, /data/app/~~e2gUSfwnL1eDTWWP3yG4wQ==/com.fanduel.casino-av4sY1g12DjiHEr1mJ8BGw==/base.apk!/lib/arm64-v8a, /system/lib64, /system_ext/lib64]]"
},
{
    "type": "error",
    "source": "method",
    "method": "setUserConsent",
    "package_name": "com.fanduel.casino",
    "class_name": "com.youappi.sdk.YouAPPi",
    "timestamp": 1728284034406,
    "error": "Error: java.lang.ClassNotFoundException: Didn't find class \"com.youappi.sdk.YouAPPi\" on path: DexPathList[[zip file \"/data/app/~~e2gUSfwnL1eDTWWP3yG4wQ==/com.fanduel.casino-av4sY1g12DjiHEr1mJ8BGw==/base.apk\"],nativeLibraryDirectories=[/data/app/~~e2gUSfwnL1eDTWWP3yG4wQ==/com.fanduel.casino-av4sY1g12DjiHEr1mJ8BGw==/lib/arm64, /data/app/~~e2gUSfwnL1eDTWWP3yG4wQ==/com.fanduel.casino-av4sY1g12DjiHEr1mJ8BGw==/base.apk!/lib/arm64-v8a, /system/lib64, /system_ext/lib64]]"
},
{
    "type": "error",
    "source": "method",
    "method": "setgdpr",
    "package_name": "com.fanduel.casino",
    "class_name": "com.youappi.sdk.YouAPPi",
    "timestamp": 1728284034407,
    "error": "Error: java.lang.ClassNotFoundException: Didn't find class \"com.youappi.sdk.YouAPPi\" on path: DexPathList[[zip file \"/data/app/~~e2gUSfwnL1eDTWWP3yG4wQ==/com.fanduel.casino-av4sY1g12DjiHEr1mJ8BGw==/base.apk\"],nativeLibraryDirectories=[/data/app/~~e2gUSfwnL1eDTWWP3yG4wQ==/com.fanduel.casino-av4sY1g12DjiHEr1mJ8BGw==/lib/arm64, /data/app/~~e2gUSfwnL1eDTWWP3yG4wQ==/com.fanduel.casino-av4sY1g12DjiHEr1mJ8BGw==/base.apk!/lib/arm64-v8a, /system/lib64, /system_ext/lib64]]"
},
{
    "type": "error",
    "source": "method",
    "method": "setAgeRestrictedUser",
    "package_name": "com.fanduel.casino",
    "class_name": "com.youappi.sdk.YouAPPi",
    "timestamp": 1728284034408,
    "error": "Error: java.lang.ClassNotFoundException: Didn't find class \"com.youappi.sdk.YouAPPi\" on path: DexPathList[[zip file \"/data/app/~~e2gUSfwnL1eDTWWP3yG4wQ==/com.fanduel.casino-av4sY1g12DjiHEr1mJ8BGw==/base.apk\"],nativeLibraryDirectories=[/data/app/~~e2gUSfwnL1eDTWWP3yG4wQ==/com.fanduel.casino-av4sY1g12DjiHEr1mJ8BGw==/lib/arm64, /data/app/~~e2gUSfwnL1eDTWWP3yG4wQ==/com.fanduel.casino-av4sY1g12DjiHEr1mJ8BGw==/base.apk!/lib/arm64-v8a, /system/lib64, /system_ext/lib64]]"
},
{
    "type": "error",
    "source": "method",
    "method": "setUserConsent",
    "package_name": "com.fanduel.casino",
    "class_name": "admost.sdk.base.AdMostConfiguration",
    "timestamp": 1728284034410,
    "error": "Error: java.lang.ClassNotFoundException: Didn't find class \"admost.sdk.base.AdMostConfiguration\" on path: DexPathList[[zip file \"/data/app/~~e2gUSfwnL1eDTWWP3yG4wQ==/com.fanduel.casino-av4sY1g12DjiHEr1mJ8BGw==/base.apk\"],nativeLibraryDirectories=[/data/app/~~e2gUSfwnL1eDTWWP3yG4wQ==/com.fanduel.casino-av4sY1g12DjiHEr1mJ8BGw==/lib/arm64, /data/app/~~e2gUSfwnL1eDTWWP3yG4wQ==/com.fanduel.casino-av4sY1g12DjiHEr1mJ8BGw==/base.apk!/lib/arm64-v8a, /system/lib64, /system_ext/lib64]]"
},
{
    "type": "error",
    "source": "method",
    "method": "setSubjectToGDPR",
    "package_name": "com.fanduel.casino",
    "class_name": "admost.sdk.base.AdMostConfiguration",
    "timestamp": 1728284034411,
    "error": "Error: java.lang.ClassNotFoundException: Didn't find class \"admost.sdk.base.AdMostConfiguration\" on path: DexPathList[[zip file \"/data/app/~~e2gUSfwnL1eDTWWP3yG4wQ==/com.fanduel.casino-av4sY1g12DjiHEr1mJ8BGw==/base.apk\"],nativeLibraryDirectories=[/data/app/~~e2gUSfwnL1eDTWWP3yG4wQ==/com.fanduel.casino-av4sY1g12DjiHEr1mJ8BGw==/lib/arm64, /data/app/~~e2gUSfwnL1eDTWWP3yG4wQ==/com.fanduel.casino-av4sY1g12DjiHEr1mJ8BGw==/base.apk!/lib/arm64-v8a, /system/lib64, /system_ext/lib64]]"
},
{
    "type": "error",
    "source": "method",
    "method": "setSubjectToCCPA",
    "package_name": "com.fanduel.casino",
    "class_name": "admost.sdk.base.AdMostConfiguration",
    "timestamp": 1728284034412,
    "error": "Error: java.lang.ClassNotFoundException: Didn't find class \"admost.sdk.base.AdMostConfiguration\" on path: DexPathList[[zip file \"/data/app/~~e2gUSfwnL1eDTWWP3yG4wQ==/com.fanduel.casino-av4sY1g12DjiHEr1mJ8BGw==/base.apk\"],nativeLibraryDirectories=[/data/app/~~e2gUSfwnL1eDTWWP3yG4wQ==/com.fanduel.casino-av4sY1g12DjiHEr1mJ8BGw==/lib/arm64, /data/app/~~e2gUSfwnL1eDTWWP3yG4wQ==/com.fanduel.casino-av4sY1g12DjiHEr1mJ8BGw==/base.apk!/lib/arm64-v8a, /system/lib64, /system_ext/lib64]]"
},
{
    "type": "error",
    "source": "method",
    "method": "setUserChild",
    "package_name": "com.fanduel.casino",
    "class_name": "admost.sdk.base.AdMostConfiguration",
    "timestamp": 1728284034413,
    "error": "Error: java.lang.ClassNotFoundException: Didn't find class \"admost.sdk.base.AdMostConfiguration\" on path: DexPathList[[zip file \"/data/app/~~e2gUSfwnL1eDTWWP3yG4wQ==/com.fanduel.casino-av4sY1g12DjiHEr1mJ8BGw==/base.apk\"],nativeLibraryDirectories=[/data/app/~~e2gUSfwnL1eDTWWP3yG4wQ==/com.fanduel.casino-av4sY1g12DjiHEr1mJ8BGw==/lib/arm64, /data/app/~~e2gUSfwnL1eDTWWP3yG4wQ==/com.fanduel.casino-av4sY1g12DjiHEr1mJ8BGw==/base.apk!/lib/arm64-v8a, /system/lib64, /system_ext/lib64]]"
},
{
    "type": "error",
    "source": "method",
    "method": "setPrivacyConsentListener",
    "package_name": "com.fanduel.casino",
    "class_name": "admost.sdk.base.AdMost",
    "timestamp": 1728284034414,
    "error": "Error: java.lang.ClassNotFoundException: Didn't find class \"admost.sdk.base.AdMost\" on path: DexPathList[[zip file \"/data/app/~~e2gUSfwnL1eDTWWP3yG4wQ==/com.fanduel.casino-av4sY1g12DjiHEr1mJ8BGw==/base.apk\"],nativeLibraryDirectories=[/data/app/~~e2gUSfwnL1eDTWWP3yG4wQ==/com.fanduel.casino-av4sY1g12DjiHEr1mJ8BGw==/lib/arm64, /data/app/~~e2gUSfwnL1eDTWWP3yG4wQ==/com.fanduel.casino-av4sY1g12DjiHEr1mJ8BGw==/base.apk!/lib/arm64-v8a, /system/lib64, /system_ext/lib64]]"
},
{
    "type": "error",
    "source": "method",
    "method": "identify",
    "package_name": "com.fanduel.casino",
    "class_name": "com.mixpanel.android.mpmetrics.MixpanelAPI",
    "timestamp": 1728284034415,
    "error": "Error: java.lang.ClassNotFoundException: Didn't find class \"com.mixpanel.android.mpmetrics.MixpanelAPI\" on path: DexPathList[[zip file \"/data/app/~~e2gUSfwnL1eDTWWP3yG4wQ==/com.fanduel.casino-av4sY1g12DjiHEr1mJ8BGw==/base.apk\"],nativeLibraryDirectories=[/data/app/~~e2gUSfwnL1eDTWWP3yG4wQ==/com.fanduel.casino-av4sY1g12DjiHEr1mJ8BGw==/lib/arm64, /data/app/~~e2gUSfwnL1eDTWWP3yG4wQ==/com.fanduel.casino-av4sY1g12DjiHEr1mJ8BGw==/base.apk!/lib/arm64-v8a, /system/lib64, /system_ext/lib64]]"
},
{
    "type": "error",
    "extra": "hook all methods error",
    "package_name": "com.fanduel.casino",
    "class_name": "com.batch.config.BatchConfiguration",
    "error": "Error: java.lang.ClassNotFoundException: Didn't find class \"com.batch.config.BatchConfiguration\" on path: DexPathList[[zip file \"/data/app/~~e2gUSfwnL1eDTWWP3yG4wQ==/com.fanduel.casino-av4sY1g12DjiHEr1mJ8BGw==/base.apk\"],nativeLibraryDirectories=[/data/app/~~e2gUSfwnL1eDTWWP3yG4wQ==/com.fanduel.casino-av4sY1g12DjiHEr1mJ8BGw==/lib/arm64, /data/app/~~e2gUSfwnL1eDTWWP3yG4wQ==/com.fanduel.casino-av4sY1g12DjiHEr1mJ8BGw==/base.apk!/lib/arm64-v8a, /system/lib64, /system_ext/lib64]]"
},
{
    "type": "error",
    "extra": "hook all methods error",
    "package_name": "com.fanduel.casino",
    "class_name": "com.tradplus.ads.open.splash.TPSplash",
    "error": "Error: java.lang.ClassNotFoundException: Didn't find class \"com.tradplus.ads.open.splash.TPSplash\" on path: DexPathList[[zip file \"/data/app/~~e2gUSfwnL1eDTWWP3yG4wQ==/com.fanduel.casino-av4sY1g12DjiHEr1mJ8BGw==/base.apk\"],nativeLibraryDirectories=[/data/app/~~e2gUSfwnL1eDTWWP3yG4wQ==/com.fanduel.casino-av4sY1g12DjiHEr1mJ8BGw==/lib/arm64, /data/app/~~e2gUSfwnL1eDTWWP3yG4wQ==/com.fanduel.casino-av4sY1g12DjiHEr1mJ8BGw==/base.apk!/lib/arm64-v8a, /system/lib64, /system_ext/lib64]]"
},
{
    "type": "error",
    "extra": "hook all methods error",
    "package_name": "com.fanduel.casino",
    "class_name": "com.tenjin.android.TenjinSDK",
    "error": "Error: java.lang.ClassNotFoundException: Didn't find class \"com.tenjin.android.TenjinSDK\" on path: DexPathList[[zip file \"/data/app/~~e2gUSfwnL1eDTWWP3yG4wQ==/com.fanduel.casino-av4sY1g12DjiHEr1mJ8BGw==/base.apk\"],nativeLibraryDirectories=[/data/app/~~e2gUSfwnL1eDTWWP3yG4wQ==/com.fanduel.casino-av4sY1g12DjiHEr1mJ8BGw==/lib/arm64, /data/app/~~e2gUSfwnL1eDTWWP3yG4wQ==/com.fanduel.casino-av4sY1g12DjiHEr1mJ8BGw==/base.apk!/lib/arm64-v8a, /system/lib64, /system_ext/lib64]]"
},
{
    "type": "error",
    "extra": "hook all methods error",
    "package_name": "com.fanduel.casino",
    "class_name": "com.appnexus.opensdk.ANUSPrivacySettings",
    "error": "Error: java.lang.ClassNotFoundException: Didn't find class \"com.appnexus.opensdk.ANUSPrivacySettings\" on path: DexPathList[[zip file \"/data/app/~~e2gUSfwnL1eDTWWP3yG4wQ==/com.fanduel.casino-av4sY1g12DjiHEr1mJ8BGw==/base.apk\"],nativeLibraryDirectories=[/data/app/~~e2gUSfwnL1eDTWWP3yG4wQ==/com.fanduel.casino-av4sY1g12DjiHEr1mJ8BGw==/lib/arm64, /data/app/~~e2gUSfwnL1eDTWWP3yG4wQ==/com.fanduel.casino-av4sY1g12DjiHEr1mJ8BGw==/base.apk!/lib/arm64-v8a, /system/lib64, /system_ext/lib64]]"
},
{
    "type": "error",
    "extra": "hook all methods error",
    "package_name": "com.fanduel.casino",
    "class_name": "com.quantcast.measurement.service.QuantcastClient",
    "error": "Error: java.lang.ClassNotFoundException: Didn't find class \"com.quantcast.measurement.service.QuantcastClient\" on path: DexPathList[[zip file \"/data/app/~~e2gUSfwnL1eDTWWP3yG4wQ==/com.fanduel.casino-av4sY1g12DjiHEr1mJ8BGw==/base.apk\"],nativeLibraryDirectories=[/data/app/~~e2gUSfwnL1eDTWWP3yG4wQ==/com.fanduel.casino-av4sY1g12DjiHEr1mJ8BGw==/lib/arm64, /data/app/~~e2gUSfwnL1eDTWWP3yG4wQ==/com.fanduel.casino-av4sY1g12DjiHEr1mJ8BGw==/base.apk!/lib/arm64-v8a, /system/lib64, /system_ext/lib64]]"
},
{
    "type": "error",
    "extra": "hook all methods error",
    "package_name": "com.fanduel.casino",
    "class_name": "com.criteo.publisher.CriteoInterstitial",
    "error": "Error: java.lang.ClassNotFoundException: Didn't find class \"com.criteo.publisher.CriteoInterstitial\" on path: DexPathList[[zip file \"/data/app/~~e2gUSfwnL1eDTWWP3yG4wQ==/com.fanduel.casino-av4sY1g12DjiHEr1mJ8BGw==/base.apk\"],nativeLibraryDirectories=[/data/app/~~e2gUSfwnL1eDTWWP3yG4wQ==/com.fanduel.casino-av4sY1g12DjiHEr1mJ8BGw==/lib/arm64, /data/app/~~e2gUSfwnL1eDTWWP3yG4wQ==/com.fanduel.casino-av4sY1g12DjiHEr1mJ8BGw==/base.apk!/lib/arm64-v8a, /system/lib64, /system_ext/lib64]]"
},
{
    "type": "error",
    "extra": "hook all methods error",
    "package_name": "com.fanduel.casino",
    "class_name": "com.appbrain.mediation.AdmobAdapter",
    "error": "Error: java.lang.ClassNotFoundException: Didn't find class \"com.appbrain.mediation.AdmobAdapter\" on path: DexPathList[[zip file \"/data/app/~~e2gUSfwnL1eDTWWP3yG4wQ==/com.fanduel.casino-av4sY1g12DjiHEr1mJ8BGw==/base.apk\"],nativeLibraryDirectories=[/data/app/~~e2gUSfwnL1eDTWWP3yG4wQ==/com.fanduel.casino-av4sY1g12DjiHEr1mJ8BGw==/lib/arm64, /data/app/~~e2gUSfwnL1eDTWWP3yG4wQ==/com.fanduel.casino-av4sY1g12DjiHEr1mJ8BGw==/base.apk!/lib/arm64-v8a, /system/lib64, /system_ext/lib64]]"
},
{
    "type": "error",
    "extra": "hook all methods error",
    "package_name": "com.fanduel.casino",
    "class_name": "com.bytedance.sdk.openadsdk.api.init.PAGConfig$Builder",
    "error": "Error: java.lang.ClassNotFoundException: Didn't find class \"com.bytedance.sdk.openadsdk.api.init.PAGConfig$Builder\" on path: DexPathList[[zip file \"/data/app/~~e2gUSfwnL1eDTWWP3yG4wQ==/com.fanduel.casino-av4sY1g12DjiHEr1mJ8BGw==/base.apk\"],nativeLibraryDirectories=[/data/app/~~e2gUSfwnL1eDTWWP3yG4wQ==/com.fanduel.casino-av4sY1g12DjiHEr1mJ8BGw==/lib/arm64, /data/app/~~e2gUSfwnL1eDTWWP3yG4wQ==/com.fanduel.casino-av4sY1g12DjiHEr1mJ8BGw==/base.apk!/lib/arm64-v8a, /system/lib64, /system_ext/lib64]]"
},
{
    "type": "error",
    "extra": "hook all methods error",
    "package_name": "com.fanduel.casino",
    "class_name": "com.tappx.sdk.android.TappxBanner",
    "error": "Error: java.lang.ClassNotFoundException: Didn't find class \"com.tappx.sdk.android.TappxBanner\" on path: DexPathList[[zip file \"/data/app/~~e2gUSfwnL1eDTWWP3yG4wQ==/com.fanduel.casino-av4sY1g12DjiHEr1mJ8BGw==/base.apk\"],nativeLibraryDirectories=[/data/app/~~e2gUSfwnL1eDTWWP3yG4wQ==/com.fanduel.casino-av4sY1g12DjiHEr1mJ8BGw==/lib/arm64, /data/app/~~e2gUSfwnL1eDTWWP3yG4wQ==/com.fanduel.casino-av4sY1g12DjiHEr1mJ8BGw==/base.apk!/lib/arm64-v8a, /system/lib64, /system_ext/lib64]]"
},
{
    "type": "error",
    "extra": "hook all methods error",
    "package_name": "com.fanduel.casino",
    "class_name": "com.vungle.ads.NativeAd",
    "error": "Error: java.lang.ClassNotFoundException: Didn't find class \"com.vungle.ads.NativeAd\" on path: DexPathList[[zip file \"/data/app/~~e2gUSfwnL1eDTWWP3yG4wQ==/com.fanduel.casino-av4sY1g12DjiHEr1mJ8BGw==/base.apk\"],nativeLibraryDirectories=[/data/app/~~e2gUSfwnL1eDTWWP3yG4wQ==/com.fanduel.casino-av4sY1g12DjiHEr1mJ8BGw==/lib/arm64, /data/app/~~e2gUSfwnL1eDTWWP3yG4wQ==/com.fanduel.casino-av4sY1g12DjiHEr1mJ8BGw==/base.apk!/lib/arm64-v8a, /system/lib64, /system_ext/lib64]]"
},
{
    "type": "error",
    "extra": "hook all methods error",
    "package_name": "com.fanduel.casino",
    "class_name": "com.clevertap.android.sdk.CleverTapAPI",
    "error": "Error: java.lang.ClassNotFoundException: Didn't find class \"com.clevertap.android.sdk.CleverTapAPI\" on path: DexPathList[[zip file \"/data/app/~~e2gUSfwnL1eDTWWP3yG4wQ==/com.fanduel.casino-av4sY1g12DjiHEr1mJ8BGw==/base.apk\"],nativeLibraryDirectories=[/data/app/~~e2gUSfwnL1eDTWWP3yG4wQ==/com.fanduel.casino-av4sY1g12DjiHEr1mJ8BGw==/lib/arm64, /data/app/~~e2gUSfwnL1eDTWWP3yG4wQ==/com.fanduel.casino-av4sY1g12DjiHEr1mJ8BGw==/base.apk!/lib/arm64-v8a, /system/lib64, /system_ext/lib64]]"
},
{
    "type": "error",
    "extra": "hook all methods error",
    "package_name": "com.fanduel.casino",
    "class_name": "com.bytedance.sdk.openadsdk.api.reward.PAGRewardedAd",
    "error": "Error: java.lang.ClassNotFoundException: Didn't find class \"com.bytedance.sdk.openadsdk.api.reward.PAGRewardedAd\" on path: DexPathList[[zip file \"/data/app/~~e2gUSfwnL1eDTWWP3yG4wQ==/com.fanduel.casino-av4sY1g12DjiHEr1mJ8BGw==/base.apk\"],nativeLibraryDirectories=[/data/app/~~e2gUSfwnL1eDTWWP3yG4wQ==/com.fanduel.casino-av4sY1g12DjiHEr1mJ8BGw==/lib/arm64, /data/app/~~e2gUSfwnL1eDTWWP3yG4wQ==/com.fanduel.casino-av4sY1g12DjiHEr1mJ8BGw==/base.apk!/lib/arm64-v8a, /system/lib64, /system_ext/lib64]]"
},
{
    "type": "error",
    "extra": "hook all methods error",
    "package_name": "com.fanduel.casino",
    "class_name": "org.prebid.mobile.TargetingParams",
    "error": "Error: java.lang.ClassNotFoundException: Didn't find class \"org.prebid.mobile.TargetingParams\" on path: DexPathList[[zip file \"/data/app/~~e2gUSfwnL1eDTWWP3yG4wQ==/com.fanduel.casino-av4sY1g12DjiHEr1mJ8BGw==/base.apk\"],nativeLibraryDirectories=[/data/app/~~e2gUSfwnL1eDTWWP3yG4wQ==/com.fanduel.casino-av4sY1g12DjiHEr1mJ8BGw==/lib/arm64, /data/app/~~e2gUSfwnL1eDTWWP3yG4wQ==/com.fanduel.casino-av4sY1g12DjiHEr1mJ8BGw==/base.apk!/lib/arm64-v8a, /system/lib64, /system_ext/lib64]]"
},
{
    "type": "error",
    "extra": "hook all methods error",
    "package_name": "com.fanduel.casino",
    "class_name": "com.anythink.core.api.ATSDK",
    "error": "Error: java.lang.ClassNotFoundException: Didn't find class \"com.anythink.core.api.ATSDK\" on path: DexPathList[[zip file \"/data/app/~~e2gUSfwnL1eDTWWP3yG4wQ==/com.fanduel.casino-av4sY1g12DjiHEr1mJ8BGw==/base.apk\"],nativeLibraryDirectories=[/data/app/~~e2gUSfwnL1eDTWWP3yG4wQ==/com.fanduel.casino-av4sY1g12DjiHEr1mJ8BGw==/lib/arm64, /data/app/~~e2gUSfwnL1eDTWWP3yG4wQ==/com.fanduel.casino-av4sY1g12DjiHEr1mJ8BGw==/base.apk!/lib/arm64-v8a, /system/lib64, /system_ext/lib64]]"
},
{
    "type": "error",
    "extra": "hook all methods error",
    "package_name": "com.fanduel.casino",
    "class_name": "com.kochava.tracker.events.Event",
    "error": "Error: java.lang.ClassNotFoundException: Didn't find class \"com.kochava.tracker.events.Event\" on path: DexPathList[[zip file \"/data/app/~~e2gUSfwnL1eDTWWP3yG4wQ==/com.fanduel.casino-av4sY1g12DjiHEr1mJ8BGw==/base.apk\"],nativeLibraryDirectories=[/data/app/~~e2gUSfwnL1eDTWWP3yG4wQ==/com.fanduel.casino-av4sY1g12DjiHEr1mJ8BGw==/lib/arm64, /data/app/~~e2gUSfwnL1eDTWWP3yG4wQ==/com.fanduel.casino-av4sY1g12DjiHEr1mJ8BGw==/base.apk!/lib/arm64-v8a, /system/lib64, /system_ext/lib64]]"
},
{
    "type": "error",
    "extra": "hook all methods error",
    "package_name": "com.fanduel.casino",
    "class_name": "com.vungle.ads.VungleAds",
    "error": "Error: java.lang.ClassNotFoundException: Didn't find class \"com.vungle.ads.VungleAds\" on path: DexPathList[[zip file \"/data/app/~~e2gUSfwnL1eDTWWP3yG4wQ==/com.fanduel.casino-av4sY1g12DjiHEr1mJ8BGw==/base.apk\"],nativeLibraryDirectories=[/data/app/~~e2gUSfwnL1eDTWWP3yG4wQ==/com.fanduel.casino-av4sY1g12DjiHEr1mJ8BGw==/lib/arm64, /data/app/~~e2gUSfwnL1eDTWWP3yG4wQ==/com.fanduel.casino-av4sY1g12DjiHEr1mJ8BGw==/base.apk!/lib/arm64-v8a, /system/lib64, /system_ext/lib64]]"
},
{
    "type": "error",
    "extra": "hook all methods error",
    "package_name": "com.fanduel.casino",
    "class_name": "com.adxcorp.ads.BannerAd",
    "error": "Error: java.lang.ClassNotFoundException: Didn't find class \"com.adxcorp.ads.BannerAd\" on path: DexPathList[[zip file \"/data/app/~~e2gUSfwnL1eDTWWP3yG4wQ==/com.fanduel.casino-av4sY1g12DjiHEr1mJ8BGw==/base.apk\"],nativeLibraryDirectories=[/data/app/~~e2gUSfwnL1eDTWWP3yG4wQ==/com.fanduel.casino-av4sY1g12DjiHEr1mJ8BGw==/lib/arm64, /data/app/~~e2gUSfwnL1eDTWWP3yG4wQ==/com.fanduel.casino-av4sY1g12DjiHEr1mJ8BGw==/base.apk!/lib/arm64-v8a, /system/lib64, /system_ext/lib64]]"
},
{
    "type": "error",
    "extra": "hook all methods error",
    "package_name": "com.fanduel.casino",
    "class_name": "admost.sdk.base.AdMostConfiguration$Builder",
    "error": "Error: java.lang.ClassNotFoundException: Didn't find class \"admost.sdk.base.AdMostConfiguration$Builder\" on path: DexPathList[[zip file \"/data/app/~~e2gUSfwnL1eDTWWP3yG4wQ==/com.fanduel.casino-av4sY1g12DjiHEr1mJ8BGw==/base.apk\"],nativeLibraryDirectories=[/data/app/~~e2gUSfwnL1eDTWWP3yG4wQ==/com.fanduel.casino-av4sY1g12DjiHEr1mJ8BGw==/lib/arm64, /data/app/~~e2gUSfwnL1eDTWWP3yG4wQ==/com.fanduel.casino-av4sY1g12DjiHEr1mJ8BGw==/base.apk!/lib/arm64-v8a, /system/lib64, /system_ext/lib64]]"
},
{
    "type": "error",
    "extra": "hook all methods error",
    "package_name": "com.fanduel.casino",
    "class_name": "com.appodeal.consent.ConsentManager",
    "error": "Error: java.lang.ClassNotFoundException: Didn't find class \"com.appodeal.consent.ConsentManager\" on path: DexPathList[[zip file \"/data/app/~~e2gUSfwnL1eDTWWP3yG4wQ==/com.fanduel.casino-av4sY1g12DjiHEr1mJ8BGw==/base.apk\"],nativeLibraryDirectories=[/data/app/~~e2gUSfwnL1eDTWWP3yG4wQ==/com.fanduel.casino-av4sY1g12DjiHEr1mJ8BGw==/lib/arm64, /data/app/~~e2gUSfwnL1eDTWWP3yG4wQ==/com.fanduel.casino-av4sY1g12DjiHEr1mJ8BGw==/base.apk!/lib/arm64-v8a, /system/lib64, /system_ext/lib64]]"
},
{
    "type": "error",
    "extra": "hook all methods error",
    "package_name": "com.fanduel.casino",
    "class_name": "org.prebid.mobile.PrebidMobile",
    "error": "Error: java.lang.ClassNotFoundException: Didn't find class \"org.prebid.mobile.PrebidMobile\" on path: DexPathList[[zip file \"/data/app/~~e2gUSfwnL1eDTWWP3yG4wQ==/com.fanduel.casino-av4sY1g12DjiHEr1mJ8BGw==/base.apk\"],nativeLibraryDirectories=[/data/app/~~e2gUSfwnL1eDTWWP3yG4wQ==/com.fanduel.casino-av4sY1g12DjiHEr1mJ8BGw==/lib/arm64, /data/app/~~e2gUSfwnL1eDTWWP3yG4wQ==/com.fanduel.casino-av4sY1g12DjiHEr1mJ8BGw==/base.apk!/lib/arm64-v8a, /system/lib64, /system_ext/lib64]]"
},
{
    "type": "error",
    "extra": "hook all methods error",
    "package_name": "com.fanduel.casino",
    "class_name": "com.segment.analytics.Analytics",
    "error": "Error: java.lang.ClassNotFoundException: Didn't find class \"com.segment.analytics.Analytics\" on path: DexPathList[[zip file \"/data/app/~~e2gUSfwnL1eDTWWP3yG4wQ==/com.fanduel.casino-av4sY1g12DjiHEr1mJ8BGw==/base.apk\"],nativeLibraryDirectories=[/data/app/~~e2gUSfwnL1eDTWWP3yG4wQ==/com.fanduel.casino-av4sY1g12DjiHEr1mJ8BGw==/lib/arm64, /data/app/~~e2gUSfwnL1eDTWWP3yG4wQ==/com.fanduel.casino-av4sY1g12DjiHEr1mJ8BGw==/base.apk!/lib/arm64-v8a, /system/lib64, /system_ext/lib64]]"
},
{
    "type": "error",
    "extra": "hook all methods error",
    "package_name": "com.fanduel.casino",
    "class_name": "com.smaato.sdk.banner.widget.BannerView",
    "error": "Error: java.lang.ClassNotFoundException: Didn't find class \"com.smaato.sdk.banner.widget.BannerView\" on path: DexPathList[[zip file \"/data/app/~~e2gUSfwnL1eDTWWP3yG4wQ==/com.fanduel.casino-av4sY1g12DjiHEr1mJ8BGw==/base.apk\"],nativeLibraryDirectories=[/data/app/~~e2gUSfwnL1eDTWWP3yG4wQ==/com.fanduel.casino-av4sY1g12DjiHEr1mJ8BGw==/lib/arm64, /data/app/~~e2gUSfwnL1eDTWWP3yG4wQ==/com.fanduel.casino-av4sY1g12DjiHEr1mJ8BGw==/base.apk!/lib/arm64-v8a, /system/lib64, /system_ext/lib64]]"
},
{
    "type": "error",
    "extra": "hook all methods error",
    "package_name": "com.fanduel.casino",
    "class_name": "com.vpon.ads.VponNativeAd",
    "error": "Error: java.lang.ClassNotFoundException: Didn't find class \"com.vpon.ads.VponNativeAd\" on path: DexPathList[[zip file \"/data/app/~~e2gUSfwnL1eDTWWP3yG4wQ==/com.fanduel.casino-av4sY1g12DjiHEr1mJ8BGw==/base.apk\"],nativeLibraryDirectories=[/data/app/~~e2gUSfwnL1eDTWWP3yG4wQ==/com.fanduel.casino-av4sY1g12DjiHEr1mJ8BGw==/lib/arm64, /data/app/~~e2gUSfwnL1eDTWWP3yG4wQ==/com.fanduel.casino-av4sY1g12DjiHEr1mJ8BGw==/base.apk!/lib/arm64-v8a, /system/lib64, /system_ext/lib64]]"
},
{
    "type": "error",
    "extra": "hook all methods error",
    "package_name": "com.fanduel.casino",
    "class_name": "com.tradplus.ads.open.banner.TPBanner",
    "error": "Error: java.lang.ClassNotFoundException: Didn't find class \"com.tradplus.ads.open.banner.TPBanner\" on path: DexPathList[[zip file \"/data/app/~~e2gUSfwnL1eDTWWP3yG4wQ==/com.fanduel.casino-av4sY1g12DjiHEr1mJ8BGw==/base.apk\"],nativeLibraryDirectories=[/data/app/~~e2gUSfwnL1eDTWWP3yG4wQ==/com.fanduel.casino-av4sY1g12DjiHEr1mJ8BGw==/lib/arm64, /data/app/~~e2gUSfwnL1eDTWWP3yG4wQ==/com.fanduel.casino-av4sY1g12DjiHEr1mJ8BGw==/base.apk!/lib/arm64-v8a, /system/lib64, /system_ext/lib64]]"
},
{
    "type": "error",
    "extra": "hook all methods error",
    "package_name": "com.fanduel.casino",
    "class_name": "sg.bigo.ads.api.BannerAdLoader",
    "error": "Error: java.lang.ClassNotFoundException: Didn't find class \"sg.bigo.ads.api.BannerAdLoader\" on path: DexPathList[[zip file \"/data/app/~~e2gUSfwnL1eDTWWP3yG4wQ==/com.fanduel.casino-av4sY1g12DjiHEr1mJ8BGw==/base.apk\"],nativeLibraryDirectories=[/data/app/~~e2gUSfwnL1eDTWWP3yG4wQ==/com.fanduel.casino-av4sY1g12DjiHEr1mJ8BGw==/lib/arm64, /data/app/~~e2gUSfwnL1eDTWWP3yG4wQ==/com.fanduel.casino-av4sY1g12DjiHEr1mJ8BGw==/base.apk!/lib/arm64-v8a, /system/lib64, /system_ext/lib64]]"
},
{
    "type": "error",
    "extra": "hook all methods error",
    "package_name": "com.fanduel.casino",
    "class_name": "com.appbrain.AdService",
    "error": "Error: java.lang.ClassNotFoundException: Didn't find class \"com.appbrain.AdService\" on path: DexPathList[[zip file \"/data/app/~~e2gUSfwnL1eDTWWP3yG4wQ==/com.fanduel.casino-av4sY1g12DjiHEr1mJ8BGw==/base.apk\"],nativeLibraryDirectories=[/data/app/~~e2gUSfwnL1eDTWWP3yG4wQ==/com.fanduel.casino-av4sY1g12DjiHEr1mJ8BGw==/lib/arm64, /data/app/~~e2gUSfwnL1eDTWWP3yG4wQ==/com.fanduel.casino-av4sY1g12DjiHEr1mJ8BGw==/base.apk!/lib/arm64-v8a, /system/lib64, /system_ext/lib64]]"
},
{
    "type": "error",
    "extra": "hook all methods error",
    "package_name": "com.fanduel.casino",
    "class_name": "com.google.android.gms.ads.RequestConfiguration",
    "error": "Error: java.lang.ClassNotFoundException: Didn't find class \"com.google.android.gms.ads.RequestConfiguration\" on path: DexPathList[[zip file \"/data/app/~~e2gUSfwnL1eDTWWP3yG4wQ==/com.fanduel.casino-av4sY1g12DjiHEr1mJ8BGw==/base.apk\"],nativeLibraryDirectories=[/data/app/~~e2gUSfwnL1eDTWWP3yG4wQ==/com.fanduel.casino-av4sY1g12DjiHEr1mJ8BGw==/lib/arm64, /data/app/~~e2gUSfwnL1eDTWWP3yG4wQ==/com.fanduel.casino-av4sY1g12DjiHEr1mJ8BGw==/base.apk!/lib/arm64-v8a, /system/lib64, /system_ext/lib64]]"
},
{
    "type": "error",
    "extra": "hook all methods error",
    "package_name": "com.fanduel.casino",
    "class_name": "com.appnext.banners.BannerView",
    "error": "Error: java.lang.ClassNotFoundException: Didn't find class \"com.appnext.banners.BannerView\" on path: DexPathList[[zip file \"/data/app/~~e2gUSfwnL1eDTWWP3yG4wQ==/com.fanduel.casino-av4sY1g12DjiHEr1mJ8BGw==/base.apk\"],nativeLibraryDirectories=[/data/app/~~e2gUSfwnL1eDTWWP3yG4wQ==/com.fanduel.casino-av4sY1g12DjiHEr1mJ8BGw==/lib/arm64, /data/app/~~e2gUSfwnL1eDTWWP3yG4wQ==/com.fanduel.casino-av4sY1g12DjiHEr1mJ8BGw==/base.apk!/lib/arm64-v8a, /system/lib64, /system_ext/lib64]]"
},
{
    "type": "error",
    "extra": "hook all methods error",
    "package_name": "com.fanduel.casino",
    "class_name": "com.ogury.cm.OguryChoiceManager",
    "error": "Error: java.lang.ClassNotFoundException: Didn't find class \"com.ogury.cm.OguryChoiceManager\" on path: DexPathList[[zip file \"/data/app/~~e2gUSfwnL1eDTWWP3yG4wQ==/com.fanduel.casino-av4sY1g12DjiHEr1mJ8BGw==/base.apk\"],nativeLibraryDirectories=[/data/app/~~e2gUSfwnL1eDTWWP3yG4wQ==/com.fanduel.casino-av4sY1g12DjiHEr1mJ8BGw==/lib/arm64, /data/app/~~e2gUSfwnL1eDTWWP3yG4wQ==/com.fanduel.casino-av4sY1g12DjiHEr1mJ8BGw==/base.apk!/lib/arm64-v8a, /system/lib64, /system_ext/lib64]]"
},
{
    "type": "error",
    "extra": "hook all methods error",
    "package_name": "com.fanduel.casino",
    "class_name": "com.ogury.sdk.Ogury",
    "error": "Error: java.lang.ClassNotFoundException: Didn't find class \"com.ogury.sdk.Ogury\" on path: DexPathList[[zip file \"/data/app/~~e2gUSfwnL1eDTWWP3yG4wQ==/com.fanduel.casino-av4sY1g12DjiHEr1mJ8BGw==/base.apk\"],nativeLibraryDirectories=[/data/app/~~e2gUSfwnL1eDTWWP3yG4wQ==/com.fanduel.casino-av4sY1g12DjiHEr1mJ8BGw==/lib/arm64, /data/app/~~e2gUSfwnL1eDTWWP3yG4wQ==/com.fanduel.casino-av4sY1g12DjiHEr1mJ8BGw==/base.apk!/lib/arm64-v8a, /system/lib64, /system_ext/lib64]]"
},
{
    "type": "error",
    "extra": "hook all methods error",
    "package_name": "com.fanduel.casino",
    "class_name": "com.quantcast.measurement.service.QCLocation",
    "error": "Error: java.lang.ClassNotFoundException: Didn't find class \"com.quantcast.measurement.service.QCLocation\" on path: DexPathList[[zip file \"/data/app/~~e2gUSfwnL1eDTWWP3yG4wQ==/com.fanduel.casino-av4sY1g12DjiHEr1mJ8BGw==/base.apk\"],nativeLibraryDirectories=[/data/app/~~e2gUSfwnL1eDTWWP3yG4wQ==/com.fanduel.casino-av4sY1g12DjiHEr1mJ8BGw==/lib/arm64, /data/app/~~e2gUSfwnL1eDTWWP3yG4wQ==/com.fanduel.casino-av4sY1g12DjiHEr1mJ8BGw==/base.apk!/lib/arm64-v8a, /system/lib64, /system_ext/lib64]]"
},
{
    "type": "error",
    "extra": "hook all methods error",
    "package_name": "com.fanduel.casino",
    "class_name": "com.vungle.ads.BannerAd",
    "error": "Error: java.lang.ClassNotFoundException: Didn't find class \"com.vungle.ads.BannerAd\" on path: DexPathList[[zip file \"/data/app/~~e2gUSfwnL1eDTWWP3yG4wQ==/com.fanduel.casino-av4sY1g12DjiHEr1mJ8BGw==/base.apk\"],nativeLibraryDirectories=[/data/app/~~e2gUSfwnL1eDTWWP3yG4wQ==/com.fanduel.casino-av4sY1g12DjiHEr1mJ8BGw==/lib/arm64, /data/app/~~e2gUSfwnL1eDTWWP3yG4wQ==/com.fanduel.casino-av4sY1g12DjiHEr1mJ8BGw==/base.apk!/lib/arm64-v8a, /system/lib64, /system_ext/lib64]]"
},
{
    "type": "error",
    "extra": "hook all methods error",
    "package_name": "com.fanduel.casino",
    "class_name": "com.chartboost.sdk.Chartboost",
    "error": "Error: java.lang.ClassNotFoundException: Didn't find class \"com.chartboost.sdk.Chartboost\" on path: DexPathList[[zip file \"/data/app/~~e2gUSfwnL1eDTWWP3yG4wQ==/com.fanduel.casino-av4sY1g12DjiHEr1mJ8BGw==/base.apk\"],nativeLibraryDirectories=[/data/app/~~e2gUSfwnL1eDTWWP3yG4wQ==/com.fanduel.casino-av4sY1g12DjiHEr1mJ8BGw==/lib/arm64, /data/app/~~e2gUSfwnL1eDTWWP3yG4wQ==/com.fanduel.casino-av4sY1g12DjiHEr1mJ8BGw==/base.apk!/lib/arm64-v8a, /system/lib64, /system_ext/lib64]]"
},
{
    "type": "error",
    "extra": "hook all methods error",
    "package_name": "com.fanduel.casino",
    "class_name": "com.flurry.android.ads.FlurryAdInterstitial",
    "error": "Error: java.lang.ClassNotFoundException: Didn't find class \"com.flurry.android.ads.FlurryAdInterstitial\" on path: DexPathList[[zip file \"/data/app/~~e2gUSfwnL1eDTWWP3yG4wQ==/com.fanduel.casino-av4sY1g12DjiHEr1mJ8BGw==/base.apk\"],nativeLibraryDirectories=[/data/app/~~e2gUSfwnL1eDTWWP3yG4wQ==/com.fanduel.casino-av4sY1g12DjiHEr1mJ8BGw==/lib/arm64, /data/app/~~e2gUSfwnL1eDTWWP3yG4wQ==/com.fanduel.casino-av4sY1g12DjiHEr1mJ8BGw==/base.apk!/lib/arm64-v8a, /system/lib64, /system_ext/lib64]]"
},
{
    "type": "error",
    "extra": "hook all methods error",
    "package_name": "com.fanduel.casino",
    "class_name": "com.ironsource.mediationsdk.IronSource",
    "error": "Error: java.lang.ClassNotFoundException: Didn't find class \"com.ironsource.mediationsdk.IronSource\" on path: DexPathList[[zip file \"/data/app/~~e2gUSfwnL1eDTWWP3yG4wQ==/com.fanduel.casino-av4sY1g12DjiHEr1mJ8BGw==/base.apk\"],nativeLibraryDirectories=[/data/app/~~e2gUSfwnL1eDTWWP3yG4wQ==/com.fanduel.casino-av4sY1g12DjiHEr1mJ8BGw==/lib/arm64, /data/app/~~e2gUSfwnL1eDTWWP3yG4wQ==/com.fanduel.casino-av4sY1g12DjiHEr1mJ8BGw==/base.apk!/lib/arm64-v8a, /system/lib64, /system_ext/lib64]]"
},
{
    "type": "error",
    "extra": "hook all methods error",
    "package_name": "com.fanduel.casino",
    "class_name": "sg.bigo.ads.api.AdConfig",
    "error": "Error: java.lang.ClassNotFoundException: Didn't find class \"sg.bigo.ads.api.AdConfig\" on path: DexPathList[[zip file \"/data/app/~~e2gUSfwnL1eDTWWP3yG4wQ==/com.fanduel.casino-av4sY1g12DjiHEr1mJ8BGw==/base.apk\"],nativeLibraryDirectories=[/data/app/~~e2gUSfwnL1eDTWWP3yG4wQ==/com.fanduel.casino-av4sY1g12DjiHEr1mJ8BGw==/lib/arm64, /data/app/~~e2gUSfwnL1eDTWWP3yG4wQ==/com.fanduel.casino-av4sY1g12DjiHEr1mJ8BGw==/base.apk!/lib/arm64-v8a, /system/lib64, /system_ext/lib64]]"
},
{
    "type": "error",
    "extra": "hook all methods error",
    "package_name": "com.fanduel.casino",
    "class_name": "com.tradplus.ads.open.TradPlusSdk",
    "error": "Error: java.lang.ClassNotFoundException: Didn't find class \"com.tradplus.ads.open.TradPlusSdk\" on path: DexPathList[[zip file \"/data/app/~~e2gUSfwnL1eDTWWP3yG4wQ==/com.fanduel.casino-av4sY1g12DjiHEr1mJ8BGw==/base.apk\"],nativeLibraryDirectories=[/data/app/~~e2gUSfwnL1eDTWWP3yG4wQ==/com.fanduel.casino-av4sY1g12DjiHEr1mJ8BGw==/lib/arm64, /data/app/~~e2gUSfwnL1eDTWWP3yG4wQ==/com.fanduel.casino-av4sY1g12DjiHEr1mJ8BGw==/base.apk!/lib/arm64-v8a, /system/lib64, /system_ext/lib64]]"
},
{
    "type": "error",
    "extra": "hook all methods error",
    "package_name": "com.fanduel.casino",
    "class_name": "com.adjust.sdk.AdjustThirdPartySharing",
    "error": "Error: java.lang.ClassNotFoundException: Didn't find class \"com.adjust.sdk.AdjustThirdPartySharing\" on path: DexPathList[[zip file \"/data/app/~~e2gUSfwnL1eDTWWP3yG4wQ==/com.fanduel.casino-av4sY1g12DjiHEr1mJ8BGw==/base.apk\"],nativeLibraryDirectories=[/data/app/~~e2gUSfwnL1eDTWWP3yG4wQ==/com.fanduel.casino-av4sY1g12DjiHEr1mJ8BGw==/lib/arm64, /data/app/~~e2gUSfwnL1eDTWWP3yG4wQ==/com.fanduel.casino-av4sY1g12DjiHEr1mJ8BGw==/base.apk!/lib/arm64-v8a, /system/lib64, /system_ext/lib64]]"
},
{
    "type": "error",
    "extra": "hook all methods error",
    "package_name": "com.fanduel.casino",
    "class_name": "com.my.target.common.MyTargetPrivacy",
    "error": "Error: java.lang.ClassNotFoundException: Didn't find class \"com.my.target.common.MyTargetPrivacy\" on path: DexPathList[[zip file \"/data/app/~~e2gUSfwnL1eDTWWP3yG4wQ==/com.fanduel.casino-av4sY1g12DjiHEr1mJ8BGw==/base.apk\"],nativeLibraryDirectories=[/data/app/~~e2gUSfwnL1eDTWWP3yG4wQ==/com.fanduel.casino-av4sY1g12DjiHEr1mJ8BGw==/lib/arm64, /data/app/~~e2gUSfwnL1eDTWWP3yG4wQ==/com.fanduel.casino-av4sY1g12DjiHEr1mJ8BGw==/base.apk!/lib/arm64-v8a, /system/lib64, /system_ext/lib64]]"
},
{
    "type": "error",
    "extra": "hook all methods error",
    "package_name": "com.fanduel.casino",
    "class_name": "com.igaworks.v2.core.AdBrixRm",
    "error": "Error: java.lang.ClassNotFoundException: Didn't find class \"com.igaworks.v2.core.AdBrixRm\" on path: DexPathList[[zip file \"/data/app/~~e2gUSfwnL1eDTWWP3yG4wQ==/com.fanduel.casino-av4sY1g12DjiHEr1mJ8BGw==/base.apk\"],nativeLibraryDirectories=[/data/app/~~e2gUSfwnL1eDTWWP3yG4wQ==/com.fanduel.casino-av4sY1g12DjiHEr1mJ8BGw==/lib/arm64, /data/app/~~e2gUSfwnL1eDTWWP3yG4wQ==/com.fanduel.casino-av4sY1g12DjiHEr1mJ8BGw==/base.apk!/lib/arm64-v8a, /system/lib64, /system_ext/lib64]]"
},
{
    "type": "error",
    "extra": "hook all methods error",
    "package_name": "com.fanduel.casino",
    "class_name": "com.microsoft.appcenter.crashes.Crashes",
    "error": "Error: java.lang.ClassNotFoundException: Didn't find class \"com.microsoft.appcenter.crashes.Crashes\" on path: DexPathList[[zip file \"/data/app/~~e2gUSfwnL1eDTWWP3yG4wQ==/com.fanduel.casino-av4sY1g12DjiHEr1mJ8BGw==/base.apk\"],nativeLibraryDirectories=[/data/app/~~e2gUSfwnL1eDTWWP3yG4wQ==/com.fanduel.casino-av4sY1g12DjiHEr1mJ8BGw==/lib/arm64, /data/app/~~e2gUSfwnL1eDTWWP3yG4wQ==/com.fanduel.casino-av4sY1g12DjiHEr1mJ8BGw==/base.apk!/lib/arm64-v8a, /system/lib64, /system_ext/lib64]]"
},
{
    "type": "error",
    "extra": "hook all methods error",
    "package_name": "com.fanduel.casino",
    "class_name": "com.adxcorp.ads.ADXConfiguration",
    "error": "Error: java.lang.ClassNotFoundException: Didn't find class \"com.adxcorp.ads.ADXConfiguration\" on path: DexPathList[[zip file \"/data/app/~~e2gUSfwnL1eDTWWP3yG4wQ==/com.fanduel.casino-av4sY1g12DjiHEr1mJ8BGw==/base.apk\"],nativeLibraryDirectories=[/data/app/~~e2gUSfwnL1eDTWWP3yG4wQ==/com.fanduel.casino-av4sY1g12DjiHEr1mJ8BGw==/lib/arm64, /data/app/~~e2gUSfwnL1eDTWWP3yG4wQ==/com.fanduel.casino-av4sY1g12DjiHEr1mJ8BGw==/base.apk!/lib/arm64-v8a, /system/lib64, /system_ext/lib64]]"
},
{
    "type": "error",
    "extra": "hook all methods error",
    "package_name": "com.fanduel.casino",
    "class_name": "com.hyprmx.android.sdk.core.HyprMX",
    "error": "Error: java.lang.ClassNotFoundException: Didn't find class \"com.hyprmx.android.sdk.core.HyprMX\" on path: DexPathList[[zip file \"/data/app/~~e2gUSfwnL1eDTWWP3yG4wQ==/com.fanduel.casino-av4sY1g12DjiHEr1mJ8BGw==/base.apk\"],nativeLibraryDirectories=[/data/app/~~e2gUSfwnL1eDTWWP3yG4wQ==/com.fanduel.casino-av4sY1g12DjiHEr1mJ8BGw==/lib/arm64, /data/app/~~e2gUSfwnL1eDTWWP3yG4wQ==/com.fanduel.casino-av4sY1g12DjiHEr1mJ8BGw==/base.apk!/lib/arm64-v8a, /system/lib64, /system_ext/lib64]]"
},
{
    "type": "error",
    "extra": "hook all methods error",
    "package_name": "com.fanduel.casino",
    "class_name": "admost.sdk.base.AdMostConfiguration",
    "error": "Error: java.lang.ClassNotFoundException: Didn't find class \"admost.sdk.base.AdMostConfiguration\" on path: DexPathList[[zip file \"/data/app/~~e2gUSfwnL1eDTWWP3yG4wQ==/com.fanduel.casino-av4sY1g12DjiHEr1mJ8BGw==/base.apk\"],nativeLibraryDirectories=[/data/app/~~e2gUSfwnL1eDTWWP3yG4wQ==/com.fanduel.casino-av4sY1g12DjiHEr1mJ8BGw==/lib/arm64, /data/app/~~e2gUSfwnL1eDTWWP3yG4wQ==/com.fanduel.casino-av4sY1g12DjiHEr1mJ8BGw==/base.apk!/lib/arm64-v8a, /system/lib64, /system_ext/lib64]]"
},
{
    "type": "error",
    "extra": "hook all methods error",
    "package_name": "com.fanduel.casino",
    "class_name": "com.ogury.cm.OguryChoiceManagerExternal$TcfV2.",
    "error": "Error: java.lang.ClassNotFoundException: Didn't find class \"com.ogury.cm.OguryChoiceManagerExternal$TcfV2.\" on path: DexPathList[[zip file \"/data/app/~~e2gUSfwnL1eDTWWP3yG4wQ==/com.fanduel.casino-av4sY1g12DjiHEr1mJ8BGw==/base.apk\"],nativeLibraryDirectories=[/data/app/~~e2gUSfwnL1eDTWWP3yG4wQ==/com.fanduel.casino-av4sY1g12DjiHEr1mJ8BGw==/lib/arm64, /data/app/~~e2gUSfwnL1eDTWWP3yG4wQ==/com.fanduel.casino-av4sY1g12DjiHEr1mJ8BGw==/base.apk!/lib/arm64-v8a, /system/lib64, /system_ext/lib64]]"
},
{
    "type": "error",
    "extra": "hook all methods error",
    "package_name": "com.fanduel.casino",
    "class_name": "com.gameanalytics.sdk.imei.GAImei",
    "error": "Error: java.lang.ClassNotFoundException: Didn't find class \"com.gameanalytics.sdk.imei.GAImei\" on path: DexPathList[[zip file \"/data/app/~~e2gUSfwnL1eDTWWP3yG4wQ==/com.fanduel.casino-av4sY1g12DjiHEr1mJ8BGw==/base.apk\"],nativeLibraryDirectories=[/data/app/~~e2gUSfwnL1eDTWWP3yG4wQ==/com.fanduel.casino-av4sY1g12DjiHEr1mJ8BGw==/lib/arm64, /data/app/~~e2gUSfwnL1eDTWWP3yG4wQ==/com.fanduel.casino-av4sY1g12DjiHEr1mJ8BGw==/base.apk!/lib/arm64-v8a, /system/lib64, /system_ext/lib64]]"
},
{
    "type": "error",
    "extra": "hook all methods error",
    "package_name": "com.fanduel.casino",
    "class_name": "com.tappx.sdk.android.TappxInterstitial",
    "error": "Error: java.lang.ClassNotFoundException: Didn't find class \"com.tappx.sdk.android.TappxInterstitial\" on path: DexPathList[[zip file \"/data/app/~~e2gUSfwnL1eDTWWP3yG4wQ==/com.fanduel.casino-av4sY1g12DjiHEr1mJ8BGw==/base.apk\"],nativeLibraryDirectories=[/data/app/~~e2gUSfwnL1eDTWWP3yG4wQ==/com.fanduel.casino-av4sY1g12DjiHEr1mJ8BGw==/lib/arm64, /data/app/~~e2gUSfwnL1eDTWWP3yG4wQ==/com.fanduel.casino-av4sY1g12DjiHEr1mJ8BGw==/base.apk!/lib/arm64-v8a, /system/lib64, /system_ext/lib64]]"
},
{
    "type": "error",
    "extra": "hook all methods error",
    "package_name": "com.fanduel.casino",
    "class_name": "com.flurry.android.FlurryAgent.Builder",
    "error": "Error: java.lang.ClassNotFoundException: Didn't find class \"com.flurry.android.FlurryAgent.Builder\" on path: DexPathList[[zip file \"/data/app/~~e2gUSfwnL1eDTWWP3yG4wQ==/com.fanduel.casino-av4sY1g12DjiHEr1mJ8BGw==/base.apk\"],nativeLibraryDirectories=[/data/app/~~e2gUSfwnL1eDTWWP3yG4wQ==/com.fanduel.casino-av4sY1g12DjiHEr1mJ8BGw==/lib/arm64, /data/app/~~e2gUSfwnL1eDTWWP3yG4wQ==/com.fanduel.casino-av4sY1g12DjiHEr1mJ8BGw==/base.apk!/lib/arm64-v8a, /system/lib64, /system_ext/lib64]]"
},
{
    "type": "error",
    "extra": "hook all methods error",
    "package_name": "com.fanduel.casino",
    "class_name": "com.tappx.sdk.android.AdRequest",
    "error": "Error: java.lang.ClassNotFoundException: Didn't find class \"com.tappx.sdk.android.AdRequest\" on path: DexPathList[[zip file \"/data/app/~~e2gUSfwnL1eDTWWP3yG4wQ==/com.fanduel.casino-av4sY1g12DjiHEr1mJ8BGw==/base.apk\"],nativeLibraryDirectories=[/data/app/~~e2gUSfwnL1eDTWWP3yG4wQ==/com.fanduel.casino-av4sY1g12DjiHEr1mJ8BGw==/lib/arm64, /data/app/~~e2gUSfwnL1eDTWWP3yG4wQ==/com.fanduel.casino-av4sY1g12DjiHEr1mJ8BGw==/base.apk!/lib/arm64-v8a, /system/lib64, /system_ext/lib64]]"
},
{
    "type": "error",
    "extra": "hook all methods error",
    "package_name": "com.fanduel.casino",
    "class_name": "com.appnexus.opensdk.BannerAdView",
    "error": "Error: java.lang.ClassNotFoundException: Didn't find class \"com.appnexus.opensdk.BannerAdView\" on path: DexPathList[[zip file \"/data/app/~~e2gUSfwnL1eDTWWP3yG4wQ==/com.fanduel.casino-av4sY1g12DjiHEr1mJ8BGw==/base.apk\"],nativeLibraryDirectories=[/data/app/~~e2gUSfwnL1eDTWWP3yG4wQ==/com.fanduel.casino-av4sY1g12DjiHEr1mJ8BGw==/lib/arm64, /data/app/~~e2gUSfwnL1eDTWWP3yG4wQ==/com.fanduel.casino-av4sY1g12DjiHEr1mJ8BGw==/base.apk!/lib/arm64-v8a, /system/lib64, /system_ext/lib64]]"
},
{
    "type": "error",
    "extra": "hook all methods error",
    "package_name": "com.fanduel.casino",
    "class_name": "com.smaato.sdk.core.Config$ConfigBuilder",
    "error": "Error: java.lang.ClassNotFoundException: Didn't find class \"com.smaato.sdk.core.Config$ConfigBuilder\" on path: DexPathList[[zip file \"/data/app/~~e2gUSfwnL1eDTWWP3yG4wQ==/com.fanduel.casino-av4sY1g12DjiHEr1mJ8BGw==/base.apk\"],nativeLibraryDirectories=[/data/app/~~e2gUSfwnL1eDTWWP3yG4wQ==/com.fanduel.casino-av4sY1g12DjiHEr1mJ8BGw==/lib/arm64, /data/app/~~e2gUSfwnL1eDTWWP3yG4wQ==/com.fanduel.casino-av4sY1g12DjiHEr1mJ8BGw==/base.apk!/lib/arm64-v8a, /system/lib64, /system_ext/lib64]]"
},
{
    "type": "error",
    "extra": "hook all methods error",
    "package_name": "com.fanduel.casino",
    "class_name": "com.inmobi.ads.InMobiInterstitial",
    "error": "Error: java.lang.ClassNotFoundException: Didn't find class \"com.inmobi.ads.InMobiInterstitial\" on path: DexPathList[[zip file \"/data/app/~~e2gUSfwnL1eDTWWP3yG4wQ==/com.fanduel.casino-av4sY1g12DjiHEr1mJ8BGw==/base.apk\"],nativeLibraryDirectories=[/data/app/~~e2gUSfwnL1eDTWWP3yG4wQ==/com.fanduel.casino-av4sY1g12DjiHEr1mJ8BGw==/lib/arm64, /data/app/~~e2gUSfwnL1eDTWWP3yG4wQ==/com.fanduel.casino-av4sY1g12DjiHEr1mJ8BGw==/base.apk!/lib/arm64-v8a, /system/lib64, /system_ext/lib64]]"
},
{
    "type": "error",
    "extra": "hook all methods error",
    "package_name": "com.fanduel.casino",
    "class_name": "com.smaato.sdk.interstitial.Interstitial",
    "error": "Error: java.lang.ClassNotFoundException: Didn't find class \"com.smaato.sdk.interstitial.Interstitial\" on path: DexPathList[[zip file \"/data/app/~~e2gUSfwnL1eDTWWP3yG4wQ==/com.fanduel.casino-av4sY1g12DjiHEr1mJ8BGw==/base.apk\"],nativeLibraryDirectories=[/data/app/~~e2gUSfwnL1eDTWWP3yG4wQ==/com.fanduel.casino-av4sY1g12DjiHEr1mJ8BGw==/lib/arm64, /data/app/~~e2gUSfwnL1eDTWWP3yG4wQ==/com.fanduel.casino-av4sY1g12DjiHEr1mJ8BGw==/base.apk!/lib/arm64-v8a, /system/lib64, /system_ext/lib64]]"
},
{
    "type": "error",
    "extra": "hook all methods error",
    "package_name": "com.fanduel.casino",
    "class_name": "com.aerserv.sdk.AerServInterstitial",
    "error": "Error: java.lang.ClassNotFoundException: Didn't find class \"com.aerserv.sdk.AerServInterstitial\" on path: DexPathList[[zip file \"/data/app/~~e2gUSfwnL1eDTWWP3yG4wQ==/com.fanduel.casino-av4sY1g12DjiHEr1mJ8BGw==/base.apk\"],nativeLibraryDirectories=[/data/app/~~e2gUSfwnL1eDTWWP3yG4wQ==/com.fanduel.casino-av4sY1g12DjiHEr1mJ8BGw==/lib/arm64, /data/app/~~e2gUSfwnL1eDTWWP3yG4wQ==/com.fanduel.casino-av4sY1g12DjiHEr1mJ8BGw==/base.apk!/lib/arm64-v8a, /system/lib64, /system_ext/lib64]]"
},
{
    "type": "error",
    "extra": "hook all methods error",
    "package_name": "com.fanduel.casino",
    "class_name": "com.adxcorp.ads.RewardedAd",
    "error": "Error: java.lang.ClassNotFoundException: Didn't find class \"com.adxcorp.ads.RewardedAd\" on path: DexPathList[[zip file \"/data/app/~~e2gUSfwnL1eDTWWP3yG4wQ==/com.fanduel.casino-av4sY1g12DjiHEr1mJ8BGw==/base.apk\"],nativeLibraryDirectories=[/data/app/~~e2gUSfwnL1eDTWWP3yG4wQ==/com.fanduel.casino-av4sY1g12DjiHEr1mJ8BGw==/lib/arm64, /data/app/~~e2gUSfwnL1eDTWWP3yG4wQ==/com.fanduel.casino-av4sY1g12DjiHEr1mJ8BGw==/base.apk!/lib/arm64-v8a, /system/lib64, /system_ext/lib64]]"
},
{
    "type": "error",
    "extra": "hook all methods error",
    "package_name": "com.fanduel.casino",
    "class_name": "com.appnexus.opensdk.utils.SDKSettings",
    "error": "Error: java.lang.ClassNotFoundException: Didn't find class \"com.appnexus.opensdk.utils.SDKSettings\" on path: DexPathList[[zip file \"/data/app/~~e2gUSfwnL1eDTWWP3yG4wQ==/com.fanduel.casino-av4sY1g12DjiHEr1mJ8BGw==/base.apk\"],nativeLibraryDirectories=[/data/app/~~e2gUSfwnL1eDTWWP3yG4wQ==/com.fanduel.casino-av4sY1g12DjiHEr1mJ8BGw==/lib/arm64, /data/app/~~e2gUSfwnL1eDTWWP3yG4wQ==/com.fanduel.casino-av4sY1g12DjiHEr1mJ8BGw==/base.apk!/lib/arm64-v8a, /system/lib64, /system_ext/lib64]]"
},
{
    "type": "error",
    "extra": "hook all methods error",
    "package_name": "com.fanduel.casino",
    "class_name": "com.tappx.sdk.android.TappxRewardedVideo",
    "error": "Error: java.lang.ClassNotFoundException: Didn't find class \"com.tappx.sdk.android.TappxRewardedVideo\" on path: DexPathList[[zip file \"/data/app/~~e2gUSfwnL1eDTWWP3yG4wQ==/com.fanduel.casino-av4sY1g12DjiHEr1mJ8BGw==/base.apk\"],nativeLibraryDirectories=[/data/app/~~e2gUSfwnL1eDTWWP3yG4wQ==/com.fanduel.casino-av4sY1g12DjiHEr1mJ8BGw==/lib/arm64, /data/app/~~e2gUSfwnL1eDTWWP3yG4wQ==/com.fanduel.casino-av4sY1g12DjiHEr1mJ8BGw==/base.apk!/lib/arm64-v8a, /system/lib64, /system_ext/lib64]]"
},
{
    "type": "error",
    "extra": "hook all methods error",
    "package_name": "com.fanduel.casino",
    "class_name": "com.google.android.ump.ConsentRequestParameters",
    "error": "Error: java.lang.ClassNotFoundException: Didn't find class \"com.google.android.ump.ConsentRequestParameters\" on path: DexPathList[[zip file \"/data/app/~~e2gUSfwnL1eDTWWP3yG4wQ==/com.fanduel.casino-av4sY1g12DjiHEr1mJ8BGw==/base.apk\"],nativeLibraryDirectories=[/data/app/~~e2gUSfwnL1eDTWWP3yG4wQ==/com.fanduel.casino-av4sY1g12DjiHEr1mJ8BGw==/lib/arm64, /data/app/~~e2gUSfwnL1eDTWWP3yG4wQ==/com.fanduel.casino-av4sY1g12DjiHEr1mJ8BGw==/base.apk!/lib/arm64-v8a, /system/lib64, /system_ext/lib64]]"
},
{
    "type": "error",
    "extra": "hook all methods error",
    "package_name": "com.fanduel.casino",
    "class_name": "com.smaato.sdk.rewarded.RewardedInterstitial",
    "error": "Error: java.lang.ClassNotFoundException: Didn't find class \"com.smaato.sdk.rewarded.RewardedInterstitial\" on path: DexPathList[[zip file \"/data/app/~~e2gUSfwnL1eDTWWP3yG4wQ==/com.fanduel.casino-av4sY1g12DjiHEr1mJ8BGw==/base.apk\"],nativeLibraryDirectories=[/data/app/~~e2gUSfwnL1eDTWWP3yG4wQ==/com.fanduel.casino-av4sY1g12DjiHEr1mJ8BGw==/lib/arm64, /data/app/~~e2gUSfwnL1eDTWWP3yG4wQ==/com.fanduel.casino-av4sY1g12DjiHEr1mJ8BGw==/base.apk!/lib/arm64-v8a, /system/lib64, /system_ext/lib64]]"
},
{
    "type": "error",
    "extra": "hook all methods error",
    "package_name": "com.fanduel.casino",
    "class_name": "com.tradplus.ads.open.reward.TPReward",
    "error": "Error: java.lang.ClassNotFoundException: Didn't find class \"com.tradplus.ads.open.reward.TPReward\" on path: DexPathList[[zip file \"/data/app/~~e2gUSfwnL1eDTWWP3yG4wQ==/com.fanduel.casino-av4sY1g12DjiHEr1mJ8BGw==/base.apk\"],nativeLibraryDirectories=[/data/app/~~e2gUSfwnL1eDTWWP3yG4wQ==/com.fanduel.casino-av4sY1g12DjiHEr1mJ8BGw==/lib/arm64, /data/app/~~e2gUSfwnL1eDTWWP3yG4wQ==/com.fanduel.casino-av4sY1g12DjiHEr1mJ8BGw==/base.apk!/lib/arm64-v8a, /system/lib64, /system_ext/lib64]]"
},
{
    "type": "error",
    "extra": "hook all methods error",
    "package_name": "com.fanduel.casino",
    "class_name": "com.bytedance.sdk.openadsdk.api.banner.PAGBannerAd",
    "error": "Error: java.lang.ClassNotFoundException: Didn't find class \"com.bytedance.sdk.openadsdk.api.banner.PAGBannerAd\" on path: DexPathList[[zip file \"/data/app/~~e2gUSfwnL1eDTWWP3yG4wQ==/com.fanduel.casino-av4sY1g12DjiHEr1mJ8BGw==/base.apk\"],nativeLibraryDirectories=[/data/app/~~e2gUSfwnL1eDTWWP3yG4wQ==/com.fanduel.casino-av4sY1g12DjiHEr1mJ8BGw==/lib/arm64, /data/app/~~e2gUSfwnL1eDTWWP3yG4wQ==/com.fanduel.casino-av4sY1g12DjiHEr1mJ8BGw==/base.apk!/lib/arm64-v8a, /system/lib64, /system_ext/lib64]]"
},
{
    "type": "error",
    "extra": "hook all methods error",
    "package_name": "com.fanduel.casino",
    "class_name": "com.vpon.ads.VponAdRequest",
    "error": "Error: java.lang.ClassNotFoundException: Didn't find class \"com.vpon.ads.VponAdRequest\" on path: DexPathList[[zip file \"/data/app/~~e2gUSfwnL1eDTWWP3yG4wQ==/com.fanduel.casino-av4sY1g12DjiHEr1mJ8BGw==/base.apk\"],nativeLibraryDirectories=[/data/app/~~e2gUSfwnL1eDTWWP3yG4wQ==/com.fanduel.casino-av4sY1g12DjiHEr1mJ8BGw==/lib/arm64, /data/app/~~e2gUSfwnL1eDTWWP3yG4wQ==/com.fanduel.casino-av4sY1g12DjiHEr1mJ8BGw==/base.apk!/lib/arm64-v8a, /system/lib64, /system_ext/lib64]]"
},
{
    "type": "error",
    "extra": "hook all methods error",
    "package_name": "com.fanduel.casino",
    "class_name": "com.adobe.marketing.mobile.edge.consent.Consent",
    "error": "Error: java.lang.ClassNotFoundException: Didn't find class \"com.adobe.marketing.mobile.edge.consent.Consent\" on path: DexPathList[[zip file \"/data/app/~~e2gUSfwnL1eDTWWP3yG4wQ==/com.fanduel.casino-av4sY1g12DjiHEr1mJ8BGw==/base.apk\"],nativeLibraryDirectories=[/data/app/~~e2gUSfwnL1eDTWWP3yG4wQ==/com.fanduel.casino-av4sY1g12DjiHEr1mJ8BGw==/lib/arm64, /data/app/~~e2gUSfwnL1eDTWWP3yG4wQ==/com.fanduel.casino-av4sY1g12DjiHEr1mJ8BGw==/base.apk!/lib/arm64-v8a, /system/lib64, /system_ext/lib64]]"
},
{
    "type": "error",
    "extra": "hook all methods error",
    "package_name": "com.fanduel.casino",
    "class_name": "com.mobilefuse.sdk.MobileFuseOmniAd",
    "error": "Error: java.lang.ClassNotFoundException: Didn't find class \"com.mobilefuse.sdk.MobileFuseOmniAd\" on path: DexPathList[[zip file \"/data/app/~~e2gUSfwnL1eDTWWP3yG4wQ==/com.fanduel.casino-av4sY1g12DjiHEr1mJ8BGw==/base.apk\"],nativeLibraryDirectories=[/data/app/~~e2gUSfwnL1eDTWWP3yG4wQ==/com.fanduel.casino-av4sY1g12DjiHEr1mJ8BGw==/lib/arm64, /data/app/~~e2gUSfwnL1eDTWWP3yG4wQ==/com.fanduel.casino-av4sY1g12DjiHEr1mJ8BGw==/base.apk!/lib/arm64-v8a, /system/lib64, /system_ext/lib64]]"
},
{
    "type": "error",
    "extra": "hook all methods error",
    "package_name": "com.fanduel.casino",
    "class_name": "com.tapjoy.Tapjoy",
    "error": "Error: java.lang.ClassNotFoundException: Didn't find class \"com.tapjoy.Tapjoy\" on path: DexPathList[[zip file \"/data/app/~~e2gUSfwnL1eDTWWP3yG4wQ==/com.fanduel.casino-av4sY1g12DjiHEr1mJ8BGw==/base.apk\"],nativeLibraryDirectories=[/data/app/~~e2gUSfwnL1eDTWWP3yG4wQ==/com.fanduel.casino-av4sY1g12DjiHEr1mJ8BGw==/lib/arm64, /data/app/~~e2gUSfwnL1eDTWWP3yG4wQ==/com.fanduel.casino-av4sY1g12DjiHEr1mJ8BGw==/base.apk!/lib/arm64-v8a, /system/lib64, /system_ext/lib64]]"
},
{
    "type": "error",
    "extra": "hook all methods error",
    "package_name": "com.fanduel.casino",
    "class_name": "com.smartadserver.android.library.util.SASConfiguration",
    "error": "Error: java.lang.ClassNotFoundException: Didn't find class \"com.smartadserver.android.library.util.SASConfiguration\" on path: DexPathList[[zip file \"/data/app/~~e2gUSfwnL1eDTWWP3yG4wQ==/com.fanduel.casino-av4sY1g12DjiHEr1mJ8BGw==/base.apk\"],nativeLibraryDirectories=[/data/app/~~e2gUSfwnL1eDTWWP3yG4wQ==/com.fanduel.casino-av4sY1g12DjiHEr1mJ8BGw==/lib/arm64, /data/app/~~e2gUSfwnL1eDTWWP3yG4wQ==/com.fanduel.casino-av4sY1g12DjiHEr1mJ8BGw==/base.apk!/lib/arm64-v8a, /system/lib64, /system_ext/lib64]]"
},
{
    "type": "error",
    "extra": "hook all methods error",
    "package_name": "com.fanduel.casino",
    "class_name": "com.microsoft.appcenter.analytics.Analytics",
    "error": "Error: java.lang.ClassNotFoundException: Didn't find class \"com.microsoft.appcenter.analytics.Analytics\" on path: DexPathList[[zip file \"/data/app/~~e2gUSfwnL1eDTWWP3yG4wQ==/com.fanduel.casino-av4sY1g12DjiHEr1mJ8BGw==/base.apk\"],nativeLibraryDirectories=[/data/app/~~e2gUSfwnL1eDTWWP3yG4wQ==/com.fanduel.casino-av4sY1g12DjiHEr1mJ8BGw==/lib/arm64, /data/app/~~e2gUSfwnL1eDTWWP3yG4wQ==/com.fanduel.casino-av4sY1g12DjiHEr1mJ8BGw==/base.apk!/lib/arm64-v8a, /system/lib64, /system_ext/lib64]]"
},
{
    "type": "error",
    "extra": "hook all methods error",
    "package_name": "com.fanduel.casino",
    "class_name": "com.mobilefuse.sdk.MobileFuseRewardedAd",
    "error": "Error: java.lang.ClassNotFoundException: Didn't find class \"com.mobilefuse.sdk.MobileFuseRewardedAd\" on path: DexPathList[[zip file \"/data/app/~~e2gUSfwnL1eDTWWP3yG4wQ==/com.fanduel.casino-av4sY1g12DjiHEr1mJ8BGw==/base.apk\"],nativeLibraryDirectories=[/data/app/~~e2gUSfwnL1eDTWWP3yG4wQ==/com.fanduel.casino-av4sY1g12DjiHEr1mJ8BGw==/lib/arm64, /data/app/~~e2gUSfwnL1eDTWWP3yG4wQ==/com.fanduel.casino-av4sY1g12DjiHEr1mJ8BGw==/base.apk!/lib/arm64-v8a, /system/lib64, /system_ext/lib64]]"
},
{
    "type": "error",
    "extra": "hook all methods error",
    "package_name": "com.fanduel.casino",
    "class_name": "com.applovin.sdk.AppLovinSdk",
    "error": "Error: java.lang.ClassNotFoundException: Didn't find class \"com.applovin.sdk.AppLovinSdk\" on path: DexPathList[[zip file \"/data/app/~~e2gUSfwnL1eDTWWP3yG4wQ==/com.fanduel.casino-av4sY1g12DjiHEr1mJ8BGw==/base.apk\"],nativeLibraryDirectories=[/data/app/~~e2gUSfwnL1eDTWWP3yG4wQ==/com.fanduel.casino-av4sY1g12DjiHEr1mJ8BGw==/lib/arm64, /data/app/~~e2gUSfwnL1eDTWWP3yG4wQ==/com.fanduel.casino-av4sY1g12DjiHEr1mJ8BGw==/base.apk!/lib/arm64-v8a, /system/lib64, /system_ext/lib64]]"
},
{
    "type": "error",
    "extra": "hook all methods error",
    "package_name": "com.fanduel.casino",
    "class_name": "com.appnext.ads.interstitial.InterstitialConfig",
    "error": "Error: java.lang.ClassNotFoundException: Didn't find class \"com.appnext.ads.interstitial.InterstitialConfig\" on path: DexPathList[[zip file \"/data/app/~~e2gUSfwnL1eDTWWP3yG4wQ==/com.fanduel.casino-av4sY1g12DjiHEr1mJ8BGw==/base.apk\"],nativeLibraryDirectories=[/data/app/~~e2gUSfwnL1eDTWWP3yG4wQ==/com.fanduel.casino-av4sY1g12DjiHEr1mJ8BGw==/lib/arm64, /data/app/~~e2gUSfwnL1eDTWWP3yG4wQ==/com.fanduel.casino-av4sY1g12DjiHEr1mJ8BGw==/base.apk!/lib/arm64-v8a, /system/lib64, /system_ext/lib64]]"
},
{
    "type": "error",
    "extra": "hook all methods error",
    "package_name": "com.fanduel.casino",
    "class_name": "com.tappx.sdk.android.TappxPrivacyManager",
    "error": "Error: java.lang.ClassNotFoundException: Didn't find class \"com.tappx.sdk.android.TappxPrivacyManager\" on path: DexPathList[[zip file \"/data/app/~~e2gUSfwnL1eDTWWP3yG4wQ==/com.fanduel.casino-av4sY1g12DjiHEr1mJ8BGw==/base.apk\"],nativeLibraryDirectories=[/data/app/~~e2gUSfwnL1eDTWWP3yG4wQ==/com.fanduel.casino-av4sY1g12DjiHEr1mJ8BGw==/lib/arm64, /data/app/~~e2gUSfwnL1eDTWWP3yG4wQ==/com.fanduel.casino-av4sY1g12DjiHEr1mJ8BGw==/base.apk!/lib/arm64-v8a, /system/lib64, /system_ext/lib64]]"
},
{
    "type": "error",
    "extra": "hook all methods error",
    "package_name": "com.fanduel.casino",
    "class_name": "com.youappi.sdk.ads.YARewardedVideoAd",
    "error": "Error: java.lang.ClassNotFoundException: Didn't find class \"com.youappi.sdk.ads.YARewardedVideoAd\" on path: DexPathList[[zip file \"/data/app/~~e2gUSfwnL1eDTWWP3yG4wQ==/com.fanduel.casino-av4sY1g12DjiHEr1mJ8BGw==/base.apk\"],nativeLibraryDirectories=[/data/app/~~e2gUSfwnL1eDTWWP3yG4wQ==/com.fanduel.casino-av4sY1g12DjiHEr1mJ8BGw==/lib/arm64, /data/app/~~e2gUSfwnL1eDTWWP3yG4wQ==/com.fanduel.casino-av4sY1g12DjiHEr1mJ8BGw==/base.apk!/lib/arm64-v8a, /system/lib64, /system_ext/lib64]]"
},
{
    "type": "error",
    "extra": "hook all methods error",
    "package_name": "com.fanduel.casino",
    "class_name": "com.amplitude.android.Amplitude",
    "error": "Error: java.lang.ClassNotFoundException: Didn't find class \"com.amplitude.android.Amplitude\" on path: DexPathList[[zip file \"/data/app/~~e2gUSfwnL1eDTWWP3yG4wQ==/com.fanduel.casino-av4sY1g12DjiHEr1mJ8BGw==/base.apk\"],nativeLibraryDirectories=[/data/app/~~e2gUSfwnL1eDTWWP3yG4wQ==/com.fanduel.casino-av4sY1g12DjiHEr1mJ8BGw==/lib/arm64, /data/app/~~e2gUSfwnL1eDTWWP3yG4wQ==/com.fanduel.casino-av4sY1g12DjiHEr1mJ8BGw==/base.apk!/lib/arm64-v8a, /system/lib64, /system_ext/lib64]]"
},
{
    "type": "error",
    "extra": "hook all methods error",
    "package_name": "com.fanduel.casino",
    "class_name": "admost.sdk.base.AdMost",
    "error": "Error: java.lang.ClassNotFoundException: Didn't find class \"admost.sdk.base.AdMost\" on path: DexPathList[[zip file \"/data/app/~~e2gUSfwnL1eDTWWP3yG4wQ==/com.fanduel.casino-av4sY1g12DjiHEr1mJ8BGw==/base.apk\"],nativeLibraryDirectories=[/data/app/~~e2gUSfwnL1eDTWWP3yG4wQ==/com.fanduel.casino-av4sY1g12DjiHEr1mJ8BGw==/lib/arm64, /data/app/~~e2gUSfwnL1eDTWWP3yG4wQ==/com.fanduel.casino-av4sY1g12DjiHEr1mJ8BGw==/base.apk!/lib/arm64-v8a, /system/lib64, /system_ext/lib64]]"
},
{
    "type": "error",
    "extra": "hook all methods error",
    "package_name": "com.fanduel.casino",
    "class_name": "com.adjust.sdk.AdjustAdRevenue",
    "error": "Error: java.lang.ClassNotFoundException: Didn't find class \"com.adjust.sdk.AdjustAdRevenue\" on path: DexPathList[[zip file \"/data/app/~~e2gUSfwnL1eDTWWP3yG4wQ==/com.fanduel.casino-av4sY1g12DjiHEr1mJ8BGw==/base.apk\"],nativeLibraryDirectories=[/data/app/~~e2gUSfwnL1eDTWWP3yG4wQ==/com.fanduel.casino-av4sY1g12DjiHEr1mJ8BGw==/lib/arm64, /data/app/~~e2gUSfwnL1eDTWWP3yG4wQ==/com.fanduel.casino-av4sY1g12DjiHEr1mJ8BGw==/base.apk!/lib/arm64-v8a, /system/lib64, /system_ext/lib64]]"
},
{
    "type": "error",
    "extra": "hook all methods error",
    "package_name": "com.fanduel.casino",
    "class_name": "com.appnexus.opensdk.ANGDPRSettings",
    "error": "Error: java.lang.ClassNotFoundException: Didn't find class \"com.appnexus.opensdk.ANGDPRSettings\" on path: DexPathList[[zip file \"/data/app/~~e2gUSfwnL1eDTWWP3yG4wQ==/com.fanduel.casino-av4sY1g12DjiHEr1mJ8BGw==/base.apk\"],nativeLibraryDirectories=[/data/app/~~e2gUSfwnL1eDTWWP3yG4wQ==/com.fanduel.casino-av4sY1g12DjiHEr1mJ8BGw==/lib/arm64, /data/app/~~e2gUSfwnL1eDTWWP3yG4wQ==/com.fanduel.casino-av4sY1g12DjiHEr1mJ8BGw==/base.apk!/lib/arm64-v8a, /system/lib64, /system_ext/lib64]]"
},
{
    "type": "error",
    "extra": "hook all methods error",
    "package_name": "com.fanduel.casino",
    "class_name": "com.tapjoy.TJStatus",
    "error": "Error: java.lang.ClassNotFoundException: Didn't find class \"com.tapjoy.TJStatus\" on path: DexPathList[[zip file \"/data/app/~~e2gUSfwnL1eDTWWP3yG4wQ==/com.fanduel.casino-av4sY1g12DjiHEr1mJ8BGw==/base.apk\"],nativeLibraryDirectories=[/data/app/~~e2gUSfwnL1eDTWWP3yG4wQ==/com.fanduel.casino-av4sY1g12DjiHEr1mJ8BGw==/lib/arm64, /data/app/~~e2gUSfwnL1eDTWWP3yG4wQ==/com.fanduel.casino-av4sY1g12DjiHEr1mJ8BGw==/base.apk!/lib/arm64-v8a, /system/lib64, /system_ext/lib64]]"
},
{
    "type": "error",
    "extra": "hook all methods error",
    "package_name": "com.fanduel.casino",
    "class_name": "com.my.target.ads.MyTargetView",
    "error": "Error: java.lang.ClassNotFoundException: Didn't find class \"com.my.target.ads.MyTargetView\" on path: DexPathList[[zip file \"/data/app/~~e2gUSfwnL1eDTWWP3yG4wQ==/com.fanduel.casino-av4sY1g12DjiHEr1mJ8BGw==/base.apk\"],nativeLibraryDirectories=[/data/app/~~e2gUSfwnL1eDTWWP3yG4wQ==/com.fanduel.casino-av4sY1g12DjiHEr1mJ8BGw==/lib/arm64, /data/app/~~e2gUSfwnL1eDTWWP3yG4wQ==/com.fanduel.casino-av4sY1g12DjiHEr1mJ8BGw==/base.apk!/lib/arm64-v8a, /system/lib64, /system_ext/lib64]]"
},
{
    "type": "error",
    "extra": "hook all methods error",
    "package_name": "com.fanduel.casino",
    "class_name": "com.fyber.FairBid",
    "error": "Error: java.lang.ClassNotFoundException: Didn't find class \"com.fyber.FairBid\" on path: DexPathList[[zip file \"/data/app/~~e2gUSfwnL1eDTWWP3yG4wQ==/com.fanduel.casino-av4sY1g12DjiHEr1mJ8BGw==/base.apk\"],nativeLibraryDirectories=[/data/app/~~e2gUSfwnL1eDTWWP3yG4wQ==/com.fanduel.casino-av4sY1g12DjiHEr1mJ8BGw==/lib/arm64, /data/app/~~e2gUSfwnL1eDTWWP3yG4wQ==/com.fanduel.casino-av4sY1g12DjiHEr1mJ8BGw==/base.apk!/lib/arm64-v8a, /system/lib64, /system_ext/lib64]]"
},
{
    "type": "error",
    "extra": "hook all methods error",
    "package_name": "com.fanduel.casino",
    "class_name": "com.mobilefuse.sdk.MobileFuseInterstitialAd",
    "error": "Error: java.lang.ClassNotFoundException: Didn't find class \"com.mobilefuse.sdk.MobileFuseInterstitialAd\" on path: DexPathList[[zip file \"/data/app/~~e2gUSfwnL1eDTWWP3yG4wQ==/com.fanduel.casino-av4sY1g12DjiHEr1mJ8BGw==/base.apk\"],nativeLibraryDirectories=[/data/app/~~e2gUSfwnL1eDTWWP3yG4wQ==/com.fanduel.casino-av4sY1g12DjiHEr1mJ8BGw==/lib/arm64, /data/app/~~e2gUSfwnL1eDTWWP3yG4wQ==/com.fanduel.casino-av4sY1g12DjiHEr1mJ8BGw==/base.apk!/lib/arm64-v8a, /system/lib64, /system_ext/lib64]]"
},
{
    "type": "error",
    "extra": "hook all methods error",
    "package_name": "com.fanduel.casino",
    "class_name": "com.ogury.ed.OguryAdRequests",
    "error": "Error: java.lang.ClassNotFoundException: Didn't find class \"com.ogury.ed.OguryAdRequests\" on path: DexPathList[[zip file \"/data/app/~~e2gUSfwnL1eDTWWP3yG4wQ==/com.fanduel.casino-av4sY1g12DjiHEr1mJ8BGw==/base.apk\"],nativeLibraryDirectories=[/data/app/~~e2gUSfwnL1eDTWWP3yG4wQ==/com.fanduel.casino-av4sY1g12DjiHEr1mJ8BGw==/lib/arm64, /data/app/~~e2gUSfwnL1eDTWWP3yG4wQ==/com.fanduel.casino-av4sY1g12DjiHEr1mJ8BGw==/base.apk!/lib/arm64-v8a, /system/lib64, /system_ext/lib64]]"
},
{
    "type": "error",
    "extra": "hook all methods error",
    "package_name": "com.fanduel.casino",
    "class_name": "com.bytedance.sdk.openadsdk.api.interstitial.PAGInterstitialAd",
    "error": "Error: java.lang.ClassNotFoundException: Didn't find class \"com.bytedance.sdk.openadsdk.api.interstitial.PAGInterstitialAd\" on path: DexPathList[[zip file \"/data/app/~~e2gUSfwnL1eDTWWP3yG4wQ==/com.fanduel.casino-av4sY1g12DjiHEr1mJ8BGw==/base.apk\"],nativeLibraryDirectories=[/data/app/~~e2gUSfwnL1eDTWWP3yG4wQ==/com.fanduel.casino-av4sY1g12DjiHEr1mJ8BGw==/lib/arm64, /data/app/~~e2gUSfwnL1eDTWWP3yG4wQ==/com.fanduel.casino-av4sY1g12DjiHEr1mJ8BGw==/base.apk!/lib/arm64-v8a, /system/lib64, /system_ext/lib64]]"
},
{
    "type": "error",
    "extra": "hook all methods error",
    "package_name": "com.fanduel.casino",
    "class_name": "com.bytedance.sdk.openadsdk.api.init.PAGConfig",
    "error": "Error: java.lang.ClassNotFoundException: Didn't find class \"com.bytedance.sdk.openadsdk.api.init.PAGConfig\" on path: DexPathList[[zip file \"/data/app/~~e2gUSfwnL1eDTWWP3yG4wQ==/com.fanduel.casino-av4sY1g12DjiHEr1mJ8BGw==/base.apk\"],nativeLibraryDirectories=[/data/app/~~e2gUSfwnL1eDTWWP3yG4wQ==/com.fanduel.casino-av4sY1g12DjiHEr1mJ8BGw==/lib/arm64, /data/app/~~e2gUSfwnL1eDTWWP3yG4wQ==/com.fanduel.casino-av4sY1g12DjiHEr1mJ8BGw==/base.apk!/lib/arm64-v8a, /system/lib64, /system_ext/lib64]]"
},
{
    "type": "error",
    "extra": "hook all methods error",
    "package_name": "com.fanduel.casino",
    "class_name": "com.vpon.ads.VponInterstitialAd",
    "error": "Error: java.lang.ClassNotFoundException: Didn't find class \"com.vpon.ads.VponInterstitialAd\" on path: DexPathList[[zip file \"/data/app/~~e2gUSfwnL1eDTWWP3yG4wQ==/com.fanduel.casino-av4sY1g12DjiHEr1mJ8BGw==/base.apk\"],nativeLibraryDirectories=[/data/app/~~e2gUSfwnL1eDTWWP3yG4wQ==/com.fanduel.casino-av4sY1g12DjiHEr1mJ8BGw==/lib/arm64, /data/app/~~e2gUSfwnL1eDTWWP3yG4wQ==/com.fanduel.casino-av4sY1g12DjiHEr1mJ8BGw==/base.apk!/lib/arm64-v8a, /system/lib64, /system_ext/lib64]]"
},
{
    "type": "error",
    "extra": "hook all methods error",
    "package_name": "com.fanduel.casino",
    "class_name": "com.adsbynimbus.NimbusAdManager",
    "error": "Error: java.lang.ClassNotFoundException: Didn't find class \"com.adsbynimbus.NimbusAdManager\" on path: DexPathList[[zip file \"/data/app/~~e2gUSfwnL1eDTWWP3yG4wQ==/com.fanduel.casino-av4sY1g12DjiHEr1mJ8BGw==/base.apk\"],nativeLibraryDirectories=[/data/app/~~e2gUSfwnL1eDTWWP3yG4wQ==/com.fanduel.casino-av4sY1g12DjiHEr1mJ8BGw==/lib/arm64, /data/app/~~e2gUSfwnL1eDTWWP3yG4wQ==/com.fanduel.casino-av4sY1g12DjiHEr1mJ8BGw==/base.apk!/lib/arm64-v8a, /system/lib64, /system_ext/lib64]]"
},
{
    "type": "error",
    "extra": "hook all methods error",
    "package_name": "com.fanduel.casino",
    "class_name": "com.inmobi.compliance.InMobiPrivacyCompliance",
    "error": "Error: java.lang.ClassNotFoundException: Didn't find class \"com.inmobi.compliance.InMobiPrivacyCompliance\" on path: DexPathList[[zip file \"/data/app/~~e2gUSfwnL1eDTWWP3yG4wQ==/com.fanduel.casino-av4sY1g12DjiHEr1mJ8BGw==/base.apk\"],nativeLibraryDirectories=[/data/app/~~e2gUSfwnL1eDTWWP3yG4wQ==/com.fanduel.casino-av4sY1g12DjiHEr1mJ8BGw==/lib/arm64, /data/app/~~e2gUSfwnL1eDTWWP3yG4wQ==/com.fanduel.casino-av4sY1g12DjiHEr1mJ8BGw==/base.apk!/lib/arm64-v8a, /system/lib64, /system_ext/lib64]]"
},
{
    "type": "error",
    "extra": "hook all methods error",
    "package_name": "com.fanduel.casino",
    "class_name": "com.adxcorp.ads.common.ADXGdprManager",
    "error": "Error: java.lang.ClassNotFoundException: Didn't find class \"com.adxcorp.ads.common.ADXGdprManager\" on path: DexPathList[[zip file \"/data/app/~~e2gUSfwnL1eDTWWP3yG4wQ==/com.fanduel.casino-av4sY1g12DjiHEr1mJ8BGw==/base.apk\"],nativeLibraryDirectories=[/data/app/~~e2gUSfwnL1eDTWWP3yG4wQ==/com.fanduel.casino-av4sY1g12DjiHEr1mJ8BGw==/lib/arm64, /data/app/~~e2gUSfwnL1eDTWWP3yG4wQ==/com.fanduel.casino-av4sY1g12DjiHEr1mJ8BGw==/base.apk!/lib/arm64-v8a, /system/lib64, /system_ext/lib64]]"
},
{
    "type": "error",
    "extra": "hook all methods error",
    "package_name": "com.fanduel.casino",
    "class_name": "com.adobe.marketing.mobile.MobileCore",
    "error": "Error: java.lang.ClassNotFoundException: Didn't find class \"com.adobe.marketing.mobile.MobileCore\" on path: DexPathList[[zip file \"/data/app/~~e2gUSfwnL1eDTWWP3yG4wQ==/com.fanduel.casino-av4sY1g12DjiHEr1mJ8BGw==/base.apk\"],nativeLibraryDirectories=[/data/app/~~e2gUSfwnL1eDTWWP3yG4wQ==/com.fanduel.casino-av4sY1g12DjiHEr1mJ8BGw==/lib/arm64, /data/app/~~e2gUSfwnL1eDTWWP3yG4wQ==/com.fanduel.casino-av4sY1g12DjiHEr1mJ8BGw==/base.apk!/lib/arm64-v8a, /system/lib64, /system_ext/lib64]]"
},
{
    "type": "error",
    "extra": "hook all methods error",
    "package_name": "com.fanduel.casino",
    "class_name": "com.facebook.ads.AdSettings",
    "error": "Error: java.lang.ClassNotFoundException: Didn't find class \"com.facebook.ads.AdSettings\" on path: DexPathList[[zip file \"/data/app/~~e2gUSfwnL1eDTWWP3yG4wQ==/com.fanduel.casino-av4sY1g12DjiHEr1mJ8BGw==/base.apk\"],nativeLibraryDirectories=[/data/app/~~e2gUSfwnL1eDTWWP3yG4wQ==/com.fanduel.casino-av4sY1g12DjiHEr1mJ8BGw==/lib/arm64, /data/app/~~e2gUSfwnL1eDTWWP3yG4wQ==/com.fanduel.casino-av4sY1g12DjiHEr1mJ8BGw==/base.apk!/lib/arm64-v8a, /system/lib64, /system_ext/lib64]]"
},
{
    "type": "error",
    "extra": "hook all methods error",
    "package_name": "com.fanduel.casino",
    "class_name": "com.unity3d.ads.UnityAds",
    "error": "Error: java.lang.ClassNotFoundException: Didn't find class \"com.unity3d.ads.UnityAds\" on path: DexPathList[[zip file \"/data/app/~~e2gUSfwnL1eDTWWP3yG4wQ==/com.fanduel.casino-av4sY1g12DjiHEr1mJ8BGw==/base.apk\"],nativeLibraryDirectories=[/data/app/~~e2gUSfwnL1eDTWWP3yG4wQ==/com.fanduel.casino-av4sY1g12DjiHEr1mJ8BGw==/lib/arm64, /data/app/~~e2gUSfwnL1eDTWWP3yG4wQ==/com.fanduel.casino-av4sY1g12DjiHEr1mJ8BGw==/base.apk!/lib/arm64-v8a, /system/lib64, /system_ext/lib64]]"
},
{
    "type": "error",
    "extra": "hook all methods error",
    "package_name": "com.fanduel.casino",
    "class_name": "com.umeng.commonsdk.UMConfigure",
    "error": "Error: java.lang.ClassNotFoundException: Didn't find class \"com.umeng.commonsdk.UMConfigure\" on path: DexPathList[[zip file \"/data/app/~~e2gUSfwnL1eDTWWP3yG4wQ==/com.fanduel.casino-av4sY1g12DjiHEr1mJ8BGw==/base.apk\"],nativeLibraryDirectories=[/data/app/~~e2gUSfwnL1eDTWWP3yG4wQ==/com.fanduel.casino-av4sY1g12DjiHEr1mJ8BGw==/lib/arm64, /data/app/~~e2gUSfwnL1eDTWWP3yG4wQ==/com.fanduel.casino-av4sY1g12DjiHEr1mJ8BGw==/base.apk!/lib/arm64-v8a, /system/lib64, /system_ext/lib64]]"
},
{
    "type": "error",
    "extra": "hook all methods error",
    "package_name": "com.fanduel.casino",
    "class_name": "com.inmobi.ads.InMobiNative",
    "error": "Error: java.lang.ClassNotFoundException: Didn't find class \"com.inmobi.ads.InMobiNative\" on path: DexPathList[[zip file \"/data/app/~~e2gUSfwnL1eDTWWP3yG4wQ==/com.fanduel.casino-av4sY1g12DjiHEr1mJ8BGw==/base.apk\"],nativeLibraryDirectories=[/data/app/~~e2gUSfwnL1eDTWWP3yG4wQ==/com.fanduel.casino-av4sY1g12DjiHEr1mJ8BGw==/lib/arm64, /data/app/~~e2gUSfwnL1eDTWWP3yG4wQ==/com.fanduel.casino-av4sY1g12DjiHEr1mJ8BGw==/base.apk!/lib/arm64-v8a, /system/lib64, /system_ext/lib64]]"
},
{
    "type": "error",
    "extra": "hook all methods error",
    "package_name": "com.fanduel.casino",
    "class_name": "com.youappi.sdk.YouAPPi",
    "error": "Error: java.lang.ClassNotFoundException: Didn't find class \"com.youappi.sdk.YouAPPi\" on path: DexPathList[[zip file \"/data/app/~~e2gUSfwnL1eDTWWP3yG4wQ==/com.fanduel.casino-av4sY1g12DjiHEr1mJ8BGw==/base.apk\"],nativeLibraryDirectories=[/data/app/~~e2gUSfwnL1eDTWWP3yG4wQ==/com.fanduel.casino-av4sY1g12DjiHEr1mJ8BGw==/lib/arm64, /data/app/~~e2gUSfwnL1eDTWWP3yG4wQ==/com.fanduel.casino-av4sY1g12DjiHEr1mJ8BGw==/base.apk!/lib/arm64-v8a, /system/lib64, /system_ext/lib64]]"
},
{
    "type": "error",
    "extra": "hook all methods error",
    "package_name": "com.fanduel.casino",
    "class_name": "com.mobilefuse.sdk.MobileFuseNativeAd",
    "error": "Error: java.lang.ClassNotFoundException: Didn't find class \"com.mobilefuse.sdk.MobileFuseNativeAd\" on path: DexPathList[[zip file \"/data/app/~~e2gUSfwnL1eDTWWP3yG4wQ==/com.fanduel.casino-av4sY1g12DjiHEr1mJ8BGw==/base.apk\"],nativeLibraryDirectories=[/data/app/~~e2gUSfwnL1eDTWWP3yG4wQ==/com.fanduel.casino-av4sY1g12DjiHEr1mJ8BGw==/lib/arm64, /data/app/~~e2gUSfwnL1eDTWWP3yG4wQ==/com.fanduel.casino-av4sY1g12DjiHEr1mJ8BGw==/base.apk!/lib/arm64-v8a, /system/lib64, /system_ext/lib64]]"
},
{
    "type": "error",
    "extra": "hook all methods error",
    "package_name": "com.fanduel.casino",
    "class_name": "com.appnext.ads.fullscreen.FullScreenVideo",
    "error": "Error: java.lang.ClassNotFoundException: Didn't find class \"com.appnext.ads.fullscreen.FullScreenVideo\" on path: DexPathList[[zip file \"/data/app/~~e2gUSfwnL1eDTWWP3yG4wQ==/com.fanduel.casino-av4sY1g12DjiHEr1mJ8BGw==/base.apk\"],nativeLibraryDirectories=[/data/app/~~e2gUSfwnL1eDTWWP3yG4wQ==/com.fanduel.casino-av4sY1g12DjiHEr1mJ8BGw==/lib/arm64, /data/app/~~e2gUSfwnL1eDTWWP3yG4wQ==/com.fanduel.casino-av4sY1g12DjiHEr1mJ8BGw==/base.apk!/lib/arm64-v8a, /system/lib64, /system_ext/lib64]]"
},
{
    "type": "error",
    "extra": "hook all methods error",
    "package_name": "com.fanduel.casino",
    "class_name": "com.amplitude.android.TrackingOptions",
    "error": "Error: java.lang.ClassNotFoundException: Didn't find class \"com.amplitude.android.TrackingOptions\" on path: DexPathList[[zip file \"/data/app/~~e2gUSfwnL1eDTWWP3yG4wQ==/com.fanduel.casino-av4sY1g12DjiHEr1mJ8BGw==/base.apk\"],nativeLibraryDirectories=[/data/app/~~e2gUSfwnL1eDTWWP3yG4wQ==/com.fanduel.casino-av4sY1g12DjiHEr1mJ8BGw==/lib/arm64, /data/app/~~e2gUSfwnL1eDTWWP3yG4wQ==/com.fanduel.casino-av4sY1g12DjiHEr1mJ8BGw==/base.apk!/lib/arm64-v8a, /system/lib64, /system_ext/lib64]]"
},
{
    "type": "error",
    "extra": "hook all methods error",
    "package_name": "com.fanduel.casino",
    "class_name": "com.amplitude.android.Configuration",
    "error": "Error: java.lang.ClassNotFoundException: Didn't find class \"com.amplitude.android.Configuration\" on path: DexPathList[[zip file \"/data/app/~~e2gUSfwnL1eDTWWP3yG4wQ==/com.fanduel.casino-av4sY1g12DjiHEr1mJ8BGw==/base.apk\"],nativeLibraryDirectories=[/data/app/~~e2gUSfwnL1eDTWWP3yG4wQ==/com.fanduel.casino-av4sY1g12DjiHEr1mJ8BGw==/lib/arm64, /data/app/~~e2gUSfwnL1eDTWWP3yG4wQ==/com.fanduel.casino-av4sY1g12DjiHEr1mJ8BGw==/base.apk!/lib/arm64-v8a, /system/lib64, /system_ext/lib64]]"
},
{
    "type": "error",
    "extra": "hook all methods error",
    "package_name": "com.fanduel.casino",
    "class_name": "com.gameanalytics.sdk.GameAnalytics",
    "error": "Error: java.lang.ClassNotFoundException: Didn't find class \"com.gameanalytics.sdk.GameAnalytics\" on path: DexPathList[[zip file \"/data/app/~~e2gUSfwnL1eDTWWP3yG4wQ==/com.fanduel.casino-av4sY1g12DjiHEr1mJ8BGw==/base.apk\"],nativeLibraryDirectories=[/data/app/~~e2gUSfwnL1eDTWWP3yG4wQ==/com.fanduel.casino-av4sY1g12DjiHEr1mJ8BGw==/lib/arm64, /data/app/~~e2gUSfwnL1eDTWWP3yG4wQ==/com.fanduel.casino-av4sY1g12DjiHEr1mJ8BGw==/base.apk!/lib/arm64-v8a, /system/lib64, /system_ext/lib64]]"
},
{
    "type": "error",
    "extra": "hook all methods error",
    "package_name": "com.fanduel.casino",
    "class_name": "com.ogury.ed.OguryInterstitialAd",
    "error": "Error: java.lang.ClassNotFoundException: Didn't find class \"com.ogury.ed.OguryInterstitialAd\" on path: DexPathList[[zip file \"/data/app/~~e2gUSfwnL1eDTWWP3yG4wQ==/com.fanduel.casino-av4sY1g12DjiHEr1mJ8BGw==/base.apk\"],nativeLibraryDirectories=[/data/app/~~e2gUSfwnL1eDTWWP3yG4wQ==/com.fanduel.casino-av4sY1g12DjiHEr1mJ8BGw==/lib/arm64, /data/app/~~e2gUSfwnL1eDTWWP3yG4wQ==/com.fanduel.casino-av4sY1g12DjiHEr1mJ8BGw==/base.apk!/lib/arm64-v8a, /system/lib64, /system_ext/lib64]]"
},
{
    "type": "error",
    "extra": "hook all methods error",
    "package_name": "com.fanduel.casino",
    "class_name": "com.flurry.android.FlurryAgent",
    "error": "Error: java.lang.ClassNotFoundException: Didn't find class \"com.flurry.android.FlurryAgent\" on path: DexPathList[[zip file \"/data/app/~~e2gUSfwnL1eDTWWP3yG4wQ==/com.fanduel.casino-av4sY1g12DjiHEr1mJ8BGw==/base.apk\"],nativeLibraryDirectories=[/data/app/~~e2gUSfwnL1eDTWWP3yG4wQ==/com.fanduel.casino-av4sY1g12DjiHEr1mJ8BGw==/lib/arm64, /data/app/~~e2gUSfwnL1eDTWWP3yG4wQ==/com.fanduel.casino-av4sY1g12DjiHEr1mJ8BGw==/base.apk!/lib/arm64-v8a, /system/lib64, /system_ext/lib64]]"
},
{
    "type": "error",
    "extra": "hook all methods error",
    "package_name": "com.fanduel.casino",
    "class_name": "com.kochava.tracker.Tracker",
    "error": "Error: java.lang.ClassNotFoundException: Didn't find class \"com.kochava.tracker.Tracker\" on path: DexPathList[[zip file \"/data/app/~~e2gUSfwnL1eDTWWP3yG4wQ==/com.fanduel.casino-av4sY1g12DjiHEr1mJ8BGw==/base.apk\"],nativeLibraryDirectories=[/data/app/~~e2gUSfwnL1eDTWWP3yG4wQ==/com.fanduel.casino-av4sY1g12DjiHEr1mJ8BGw==/lib/arm64, /data/app/~~e2gUSfwnL1eDTWWP3yG4wQ==/com.fanduel.casino-av4sY1g12DjiHEr1mJ8BGw==/base.apk!/lib/arm64-v8a, /system/lib64, /system_ext/lib64]]"
},
{
    "type": "error",
    "extra": "hook all methods error",
    "package_name": "com.fanduel.casino",
    "class_name": "com.ogury.unity.interstitial.OguryInterstitialAd",
    "error": "Error: java.lang.ClassNotFoundException: Didn't find class \"com.ogury.unity.interstitial.OguryInterstitialAd\" on path: DexPathList[[zip file \"/data/app/~~e2gUSfwnL1eDTWWP3yG4wQ==/com.fanduel.casino-av4sY1g12DjiHEr1mJ8BGw==/base.apk\"],nativeLibraryDirectories=[/data/app/~~e2gUSfwnL1eDTWWP3yG4wQ==/com.fanduel.casino-av4sY1g12DjiHEr1mJ8BGw==/lib/arm64, /data/app/~~e2gUSfwnL1eDTWWP3yG4wQ==/com.fanduel.casino-av4sY1g12DjiHEr1mJ8BGw==/base.apk!/lib/arm64-v8a, /system/lib64, /system_ext/lib64]]"
},
{
    "type": "error",
    "extra": "hook all methods error",
    "package_name": "com.fanduel.casino",
    "class_name": "com.startapp.sdk.adsbase.StartAppSDK",
    "error": "Error: java.lang.ClassNotFoundException: Didn't find class \"com.startapp.sdk.adsbase.StartAppSDK\" on path: DexPathList[[zip file \"/data/app/~~e2gUSfwnL1eDTWWP3yG4wQ==/com.fanduel.casino-av4sY1g12DjiHEr1mJ8BGw==/base.apk\"],nativeLibraryDirectories=[/data/app/~~e2gUSfwnL1eDTWWP3yG4wQ==/com.fanduel.casino-av4sY1g12DjiHEr1mJ8BGw==/lib/arm64, /data/app/~~e2gUSfwnL1eDTWWP3yG4wQ==/com.fanduel.casino-av4sY1g12DjiHEr1mJ8BGw==/base.apk!/lib/arm64-v8a, /system/lib64, /system_ext/lib64]]"
},
{
    "type": "error",
    "extra": "hook all methods error",
    "package_name": "com.fanduel.casino",
    "class_name": "com.criteo.Criteo",
    "error": "Error: java.lang.ClassNotFoundException: Didn't find class \"com.criteo.Criteo\" on path: DexPathList[[zip file \"/data/app/~~e2gUSfwnL1eDTWWP3yG4wQ==/com.fanduel.casino-av4sY1g12DjiHEr1mJ8BGw==/base.apk\"],nativeLibraryDirectories=[/data/app/~~e2gUSfwnL1eDTWWP3yG4wQ==/com.fanduel.casino-av4sY1g12DjiHEr1mJ8BGw==/lib/arm64, /data/app/~~e2gUSfwnL1eDTWWP3yG4wQ==/com.fanduel.casino-av4sY1g12DjiHEr1mJ8BGw==/base.apk!/lib/arm64-v8a, /system/lib64, /system_ext/lib64]]"
},
{
    "type": "error",
    "extra": "hook all methods error",
    "package_name": "com.fanduel.casino",
    "class_name": "com.umeng.analytics.MobclickAgent",
    "error": "Error: java.lang.ClassNotFoundException: Didn't find class \"com.umeng.analytics.MobclickAgent\" on path: DexPathList[[zip file \"/data/app/~~e2gUSfwnL1eDTWWP3yG4wQ==/com.fanduel.casino-av4sY1g12DjiHEr1mJ8BGw==/base.apk\"],nativeLibraryDirectories=[/data/app/~~e2gUSfwnL1eDTWWP3yG4wQ==/com.fanduel.casino-av4sY1g12DjiHEr1mJ8BGw==/lib/arm64, /data/app/~~e2gUSfwnL1eDTWWP3yG4wQ==/com.fanduel.casino-av4sY1g12DjiHEr1mJ8BGw==/base.apk!/lib/arm64-v8a, /system/lib64, /system_ext/lib64]]"
},
{
    "type": "error",
    "extra": "hook all methods error",
    "package_name": "com.fanduel.casino",
    "class_name": "com.gameanalytics.sdk.GAPlatform",
    "error": "Error: java.lang.ClassNotFoundException: Didn't find class \"com.gameanalytics.sdk.GAPlatform\" on path: DexPathList[[zip file \"/data/app/~~e2gUSfwnL1eDTWWP3yG4wQ==/com.fanduel.casino-av4sY1g12DjiHEr1mJ8BGw==/base.apk\"],nativeLibraryDirectories=[/data/app/~~e2gUSfwnL1eDTWWP3yG4wQ==/com.fanduel.casino-av4sY1g12DjiHEr1mJ8BGw==/lib/arm64, /data/app/~~e2gUSfwnL1eDTWWP3yG4wQ==/com.fanduel.casino-av4sY1g12DjiHEr1mJ8BGw==/base.apk!/lib/arm64-v8a, /system/lib64, /system_ext/lib64]]"
},
{
    "type": "error",
    "extra": "hook all methods error",
    "package_name": "com.fanduel.casino",
    "class_name": "com.smaato.sdk.nativead.NativeAd",
    "error": "Error: java.lang.ClassNotFoundException: Didn't find class \"com.smaato.sdk.nativead.NativeAd\" on path: DexPathList[[zip file \"/data/app/~~e2gUSfwnL1eDTWWP3yG4wQ==/com.fanduel.casino-av4sY1g12DjiHEr1mJ8BGw==/base.apk\"],nativeLibraryDirectories=[/data/app/~~e2gUSfwnL1eDTWWP3yG4wQ==/com.fanduel.casino-av4sY1g12DjiHEr1mJ8BGw==/lib/arm64, /data/app/~~e2gUSfwnL1eDTWWP3yG4wQ==/com.fanduel.casino-av4sY1g12DjiHEr1mJ8BGw==/base.apk!/lib/arm64-v8a, /system/lib64, /system_ext/lib64]]"
},
{
    "type": "error",
    "extra": "hook all methods error",
    "package_name": "com.fanduel.casino",
    "class_name": "com.google.android.ump.ConsentRequestParameters$Builder",
    "error": "Error: java.lang.ClassNotFoundException: Didn't find class \"com.google.android.ump.ConsentRequestParameters$Builder\" on path: DexPathList[[zip file \"/data/app/~~e2gUSfwnL1eDTWWP3yG4wQ==/com.fanduel.casino-av4sY1g12DjiHEr1mJ8BGw==/base.apk\"],nativeLibraryDirectories=[/data/app/~~e2gUSfwnL1eDTWWP3yG4wQ==/com.fanduel.casino-av4sY1g12DjiHEr1mJ8BGw==/lib/arm64, /data/app/~~e2gUSfwnL1eDTWWP3yG4wQ==/com.fanduel.casino-av4sY1g12DjiHEr1mJ8BGw==/base.apk!/lib/arm64-v8a, /system/lib64, /system_ext/lib64]]"
},
{
    "type": "error",
    "extra": "hook all methods error",
    "package_name": "com.fanduel.casino",
    "class_name": "com.aerserv.sdk.AerServBanner",
    "error": "Error: java.lang.ClassNotFoundException: Didn't find class \"com.aerserv.sdk.AerServBanner\" on path: DexPathList[[zip file \"/data/app/~~e2gUSfwnL1eDTWWP3yG4wQ==/com.fanduel.casino-av4sY1g12DjiHEr1mJ8BGw==/base.apk\"],nativeLibraryDirectories=[/data/app/~~e2gUSfwnL1eDTWWP3yG4wQ==/com.fanduel.casino-av4sY1g12DjiHEr1mJ8BGw==/lib/arm64, /data/app/~~e2gUSfwnL1eDTWWP3yG4wQ==/com.fanduel.casino-av4sY1g12DjiHEr1mJ8BGw==/base.apk!/lib/arm64-v8a, /system/lib64, /system_ext/lib64]]"
},
{
    "type": "error",
    "extra": "hook all methods error",
    "package_name": "com.fanduel.casino",
    "class_name": "com.tradplus.ads.base.TradPlus",
    "error": "Error: java.lang.ClassNotFoundException: Didn't find class \"com.tradplus.ads.base.TradPlus\" on path: DexPathList[[zip file \"/data/app/~~e2gUSfwnL1eDTWWP3yG4wQ==/com.fanduel.casino-av4sY1g12DjiHEr1mJ8BGw==/base.apk\"],nativeLibraryDirectories=[/data/app/~~e2gUSfwnL1eDTWWP3yG4wQ==/com.fanduel.casino-av4sY1g12DjiHEr1mJ8BGw==/lib/arm64, /data/app/~~e2gUSfwnL1eDTWWP3yG4wQ==/com.fanduel.casino-av4sY1g12DjiHEr1mJ8BGw==/base.apk!/lib/arm64-v8a, /system/lib64, /system_ext/lib64]]"
},
{
    "type": "error",
    "extra": "hook all methods error",
    "package_name": "com.fanduel.casino",
    "class_name": "com.chartboost.sdk.ads.Interstitial",
    "error": "Error: java.lang.ClassNotFoundException: Didn't find class \"com.chartboost.sdk.ads.Interstitial\" on path: DexPathList[[zip file \"/data/app/~~e2gUSfwnL1eDTWWP3yG4wQ==/com.fanduel.casino-av4sY1g12DjiHEr1mJ8BGw==/base.apk\"],nativeLibraryDirectories=[/data/app/~~e2gUSfwnL1eDTWWP3yG4wQ==/com.fanduel.casino-av4sY1g12DjiHEr1mJ8BGw==/lib/arm64, /data/app/~~e2gUSfwnL1eDTWWP3yG4wQ==/com.fanduel.casino-av4sY1g12DjiHEr1mJ8BGw==/base.apk!/lib/arm64-v8a, /system/lib64, /system_ext/lib64]]"
},
{
    "type": "error",
    "extra": "hook all methods error",
    "package_name": "com.fanduel.casino",
    "class_name": "com.quantcast.measurement.service.QCAdvertising",
    "error": "Error: java.lang.ClassNotFoundException: Didn't find class \"com.quantcast.measurement.service.QCAdvertising\" on path: DexPathList[[zip file \"/data/app/~~e2gUSfwnL1eDTWWP3yG4wQ==/com.fanduel.casino-av4sY1g12DjiHEr1mJ8BGw==/base.apk\"],nativeLibraryDirectories=[/data/app/~~e2gUSfwnL1eDTWWP3yG4wQ==/com.fanduel.casino-av4sY1g12DjiHEr1mJ8BGw==/lib/arm64, /data/app/~~e2gUSfwnL1eDTWWP3yG4wQ==/com.fanduel.casino-av4sY1g12DjiHEr1mJ8BGw==/base.apk!/lib/arm64-v8a, /system/lib64, /system_ext/lib64]]"
},
{
    "type": "error",
    "extra": "hook all methods error",
    "package_name": "com.fanduel.casino",
    "class_name": "com.prodege.Prodege",
    "error": "Error: java.lang.ClassNotFoundException: Didn't find class \"com.prodege.Prodege\" on path: DexPathList[[zip file \"/data/app/~~e2gUSfwnL1eDTWWP3yG4wQ==/com.fanduel.casino-av4sY1g12DjiHEr1mJ8BGw==/base.apk\"],nativeLibraryDirectories=[/data/app/~~e2gUSfwnL1eDTWWP3yG4wQ==/com.fanduel.casino-av4sY1g12DjiHEr1mJ8BGw==/lib/arm64, /data/app/~~e2gUSfwnL1eDTWWP3yG4wQ==/com.fanduel.casino-av4sY1g12DjiHEr1mJ8BGw==/base.apk!/lib/arm64-v8a, /system/lib64, /system_ext/lib64]]"
},
{
    "type": "error",
    "extra": "hook all methods error",
    "package_name": "com.fanduel.casino",
    "class_name": "io.branch.referral.Branch",
    "error": "Error: java.lang.ClassNotFoundException: Didn't find class \"io.branch.referral.Branch\" on path: DexPathList[[zip file \"/data/app/~~e2gUSfwnL1eDTWWP3yG4wQ==/com.fanduel.casino-av4sY1g12DjiHEr1mJ8BGw==/base.apk\"],nativeLibraryDirectories=[/data/app/~~e2gUSfwnL1eDTWWP3yG4wQ==/com.fanduel.casino-av4sY1g12DjiHEr1mJ8BGw==/lib/arm64, /data/app/~~e2gUSfwnL1eDTWWP3yG4wQ==/com.fanduel.casino-av4sY1g12DjiHEr1mJ8BGw==/base.apk!/lib/arm64-v8a, /system/lib64, /system_ext/lib64]]"
},
{
    "type": "error",
    "extra": "hook all methods error",
    "package_name": "com.fanduel.casino",
    "class_name": "com.amplitude.android.events.Identify",
    "error": "Error: java.lang.ClassNotFoundException: Didn't find class \"com.amplitude.android.events.Identify\" on path: DexPathList[[zip file \"/data/app/~~e2gUSfwnL1eDTWWP3yG4wQ==/com.fanduel.casino-av4sY1g12DjiHEr1mJ8BGw==/base.apk\"],nativeLibraryDirectories=[/data/app/~~e2gUSfwnL1eDTWWP3yG4wQ==/com.fanduel.casino-av4sY1g12DjiHEr1mJ8BGw==/lib/arm64, /data/app/~~e2gUSfwnL1eDTWWP3yG4wQ==/com.fanduel.casino-av4sY1g12DjiHEr1mJ8BGw==/base.apk!/lib/arm64-v8a, /system/lib64, /system_ext/lib64]]"
},
{
    "type": "error",
    "extra": "hook all methods error",
    "package_name": "com.fanduel.casino",
    "class_name": "com.bytedance.sdk.openadsdk.api.init.PAGSdk",
    "error": "Error: java.lang.ClassNotFoundException: Didn't find class \"com.bytedance.sdk.openadsdk.api.init.PAGSdk\" on path: DexPathList[[zip file \"/data/app/~~e2gUSfwnL1eDTWWP3yG4wQ==/com.fanduel.casino-av4sY1g12DjiHEr1mJ8BGw==/base.apk\"],nativeLibraryDirectories=[/data/app/~~e2gUSfwnL1eDTWWP3yG4wQ==/com.fanduel.casino-av4sY1g12DjiHEr1mJ8BGw==/lib/arm64, /data/app/~~e2gUSfwnL1eDTWWP3yG4wQ==/com.fanduel.casino-av4sY1g12DjiHEr1mJ8BGw==/base.apk!/lib/arm64-v8a, /system/lib64, /system_ext/lib64]]"
},
{
    "type": "error",
    "extra": "hook all methods error",
    "package_name": "com.fanduel.casino",
    "class_name": "com.adxcorp.gdpr.ADXGDPR",
    "error": "Error: java.lang.ClassNotFoundException: Didn't find class \"com.adxcorp.gdpr.ADXGDPR\" on path: DexPathList[[zip file \"/data/app/~~e2gUSfwnL1eDTWWP3yG4wQ==/com.fanduel.casino-av4sY1g12DjiHEr1mJ8BGw==/base.apk\"],nativeLibraryDirectories=[/data/app/~~e2gUSfwnL1eDTWWP3yG4wQ==/com.fanduel.casino-av4sY1g12DjiHEr1mJ8BGw==/lib/arm64, /data/app/~~e2gUSfwnL1eDTWWP3yG4wQ==/com.fanduel.casino-av4sY1g12DjiHEr1mJ8BGw==/base.apk!/lib/arm64-v8a, /system/lib64, /system_ext/lib64]]"
},
{
    "type": "error",
    "extra": "hook all methods error",
    "package_name": "com.fanduel.casino",
    "class_name": "com.adxcorp.ads.InterstitialAd",
    "error": "Error: java.lang.ClassNotFoundException: Didn't find class \"com.adxcorp.ads.InterstitialAd\" on path: DexPathList[[zip file \"/data/app/~~e2gUSfwnL1eDTWWP3yG4wQ==/com.fanduel.casino-av4sY1g12DjiHEr1mJ8BGw==/base.apk\"],nativeLibraryDirectories=[/data/app/~~e2gUSfwnL1eDTWWP3yG4wQ==/com.fanduel.casino-av4sY1g12DjiHEr1mJ8BGw==/lib/arm64, /data/app/~~e2gUSfwnL1eDTWWP3yG4wQ==/com.fanduel.casino-av4sY1g12DjiHEr1mJ8BGw==/base.apk!/lib/arm64-v8a, /system/lib64, /system_ext/lib64]]"
},
{
    "type": "error",
    "extra": "hook all methods error",
    "package_name": "com.fanduel.casino",
    "class_name": "com.tradplus.ads.open.nativead.TPNative",
    "error": "Error: java.lang.ClassNotFoundException: Didn't find class \"com.tradplus.ads.open.nativead.TPNative\" on path: DexPathList[[zip file \"/data/app/~~e2gUSfwnL1eDTWWP3yG4wQ==/com.fanduel.casino-av4sY1g12DjiHEr1mJ8BGw==/base.apk\"],nativeLibraryDirectories=[/data/app/~~e2gUSfwnL1eDTWWP3yG4wQ==/com.fanduel.casino-av4sY1g12DjiHEr1mJ8BGw==/lib/arm64, /data/app/~~e2gUSfwnL1eDTWWP3yG4wQ==/com.fanduel.casino-av4sY1g12DjiHEr1mJ8BGw==/base.apk!/lib/arm64-v8a, /system/lib64, /system_ext/lib64]]"
},
{
    "type": "error",
    "extra": "hook all methods error",
    "package_name": "com.fanduel.casino",
    "class_name": "com.ogury.ed.OguryThumbnailAd",
    "error": "Error: java.lang.ClassNotFoundException: Didn't find class \"com.ogury.ed.OguryThumbnailAd\" on path: DexPathList[[zip file \"/data/app/~~e2gUSfwnL1eDTWWP3yG4wQ==/com.fanduel.casino-av4sY1g12DjiHEr1mJ8BGw==/base.apk\"],nativeLibraryDirectories=[/data/app/~~e2gUSfwnL1eDTWWP3yG4wQ==/com.fanduel.casino-av4sY1g12DjiHEr1mJ8BGw==/lib/arm64, /data/app/~~e2gUSfwnL1eDTWWP3yG4wQ==/com.fanduel.casino-av4sY1g12DjiHEr1mJ8BGw==/base.apk!/lib/arm64-v8a, /system/lib64, /system_ext/lib64]]"
},
{
    "type": "error",
    "extra": "hook all methods error",
    "package_name": "com.fanduel.casino",
    "class_name": "com.mobilefuse.sdk.MobileFuseBannerAd",
    "error": "Error: java.lang.ClassNotFoundException: Didn't find class \"com.mobilefuse.sdk.MobileFuseBannerAd\" on path: DexPathList[[zip file \"/data/app/~~e2gUSfwnL1eDTWWP3yG4wQ==/com.fanduel.casino-av4sY1g12DjiHEr1mJ8BGw==/base.apk\"],nativeLibraryDirectories=[/data/app/~~e2gUSfwnL1eDTWWP3yG4wQ==/com.fanduel.casino-av4sY1g12DjiHEr1mJ8BGw==/lib/arm64, /data/app/~~e2gUSfwnL1eDTWWP3yG4wQ==/com.fanduel.casino-av4sY1g12DjiHEr1mJ8BGw==/base.apk!/lib/arm64-v8a, /system/lib64, /system_ext/lib64]]"
},
{
    "type": "error",
    "extra": "hook all methods error",
    "package_name": "com.fanduel.casino",
    "class_name": "io.bidmachine.BidMachine",
    "error": "Error: java.lang.ClassNotFoundException: Didn't find class \"io.bidmachine.BidMachine\" on path: DexPathList[[zip file \"/data/app/~~e2gUSfwnL1eDTWWP3yG4wQ==/com.fanduel.casino-av4sY1g12DjiHEr1mJ8BGw==/base.apk\"],nativeLibraryDirectories=[/data/app/~~e2gUSfwnL1eDTWWP3yG4wQ==/com.fanduel.casino-av4sY1g12DjiHEr1mJ8BGw==/lib/arm64, /data/app/~~e2gUSfwnL1eDTWWP3yG4wQ==/com.fanduel.casino-av4sY1g12DjiHEr1mJ8BGw==/base.apk!/lib/arm64-v8a, /system/lib64, /system_ext/lib64]]"
},
{
    "type": "error",
    "extra": "hook all methods error",
    "package_name": "com.fanduel.casino",
    "class_name": "com.splunk.mint.Mint",
    "error": "Error: java.lang.ClassNotFoundException: Didn't find class \"com.splunk.mint.Mint\" on path: DexPathList[[zip file \"/data/app/~~e2gUSfwnL1eDTWWP3yG4wQ==/com.fanduel.casino-av4sY1g12DjiHEr1mJ8BGw==/base.apk\"],nativeLibraryDirectories=[/data/app/~~e2gUSfwnL1eDTWWP3yG4wQ==/com.fanduel.casino-av4sY1g12DjiHEr1mJ8BGw==/lib/arm64, /data/app/~~e2gUSfwnL1eDTWWP3yG4wQ==/com.fanduel.casino-av4sY1g12DjiHEr1mJ8BGw==/base.apk!/lib/arm64-v8a, /system/lib64, /system_ext/lib64]]"
},
{
    "type": "error",
    "extra": "hook all methods error",
    "package_name": "com.fanduel.casino",
    "class_name": "com.tradplus.ads.open.mediavideo.TPMediaVideo",
    "error": "Error: java.lang.ClassNotFoundException: Didn't find class \"com.tradplus.ads.open.mediavideo.TPMediaVideo\" on path: DexPathList[[zip file \"/data/app/~~e2gUSfwnL1eDTWWP3yG4wQ==/com.fanduel.casino-av4sY1g12DjiHEr1mJ8BGw==/base.apk\"],nativeLibraryDirectories=[/data/app/~~e2gUSfwnL1eDTWWP3yG4wQ==/com.fanduel.casino-av4sY1g12DjiHEr1mJ8BGw==/lib/arm64, /data/app/~~e2gUSfwnL1eDTWWP3yG4wQ==/com.fanduel.casino-av4sY1g12DjiHEr1mJ8BGw==/base.apk!/lib/arm64-v8a, /system/lib64, /system_ext/lib64]]"
},
{
    "type": "error",
    "extra": "hook all methods error",
    "package_name": "com.fanduel.casino",
    "class_name": "com.leanplum.Leanplum",
    "error": "Error: java.lang.ClassNotFoundException: Didn't find class \"com.leanplum.Leanplum\" on path: DexPathList[[zip file \"/data/app/~~e2gUSfwnL1eDTWWP3yG4wQ==/com.fanduel.casino-av4sY1g12DjiHEr1mJ8BGw==/base.apk\"],nativeLibraryDirectories=[/data/app/~~e2gUSfwnL1eDTWWP3yG4wQ==/com.fanduel.casino-av4sY1g12DjiHEr1mJ8BGw==/lib/arm64, /data/app/~~e2gUSfwnL1eDTWWP3yG4wQ==/com.fanduel.casino-av4sY1g12DjiHEr1mJ8BGw==/base.apk!/lib/arm64-v8a, /system/lib64, /system_ext/lib64]]"
},
{
    "type": "error",
    "extra": "hook all methods error",
    "package_name": "com.fanduel.casino",
    "class_name": "com.ogury.unity.Ogury",
    "error": "Error: java.lang.ClassNotFoundException: Didn't find class \"com.ogury.unity.Ogury\" on path: DexPathList[[zip file \"/data/app/~~e2gUSfwnL1eDTWWP3yG4wQ==/com.fanduel.casino-av4sY1g12DjiHEr1mJ8BGw==/base.apk\"],nativeLibraryDirectories=[/data/app/~~e2gUSfwnL1eDTWWP3yG4wQ==/com.fanduel.casino-av4sY1g12DjiHEr1mJ8BGw==/lib/arm64, /data/app/~~e2gUSfwnL1eDTWWP3yG4wQ==/com.fanduel.casino-av4sY1g12DjiHEr1mJ8BGw==/base.apk!/lib/arm64-v8a, /system/lib64, /system_ext/lib64]]"
},
{
    "type": "error",
    "extra": "hook all methods error",
    "package_name": "com.fanduel.casino",
    "class_name": "com.vungle.ads.RewardedAd",
    "error": "Error: java.lang.ClassNotFoundException: Didn't find class \"com.vungle.ads.RewardedAd\" on path: DexPathList[[zip file \"/data/app/~~e2gUSfwnL1eDTWWP3yG4wQ==/com.fanduel.casino-av4sY1g12DjiHEr1mJ8BGw==/base.apk\"],nativeLibraryDirectories=[/data/app/~~e2gUSfwnL1eDTWWP3yG4wQ==/com.fanduel.casino-av4sY1g12DjiHEr1mJ8BGw==/lib/arm64, /data/app/~~e2gUSfwnL1eDTWWP3yG4wQ==/com.fanduel.casino-av4sY1g12DjiHEr1mJ8BGw==/base.apk!/lib/arm64-v8a, /system/lib64, /system_ext/lib64]]"
},
{
    "type": "error",
    "extra": "hook all methods error",
    "package_name": "com.fanduel.casino",
    "class_name": "com.aerserv.sdk.AerServSdk",
    "error": "Error: java.lang.ClassNotFoundException: Didn't find class \"com.aerserv.sdk.AerServSdk\" on path: DexPathList[[zip file \"/data/app/~~e2gUSfwnL1eDTWWP3yG4wQ==/com.fanduel.casino-av4sY1g12DjiHEr1mJ8BGw==/base.apk\"],nativeLibraryDirectories=[/data/app/~~e2gUSfwnL1eDTWWP3yG4wQ==/com.fanduel.casino-av4sY1g12DjiHEr1mJ8BGw==/lib/arm64, /data/app/~~e2gUSfwnL1eDTWWP3yG4wQ==/com.fanduel.casino-av4sY1g12DjiHEr1mJ8BGw==/base.apk!/lib/arm64-v8a, /system/lib64, /system_ext/lib64]]"
},
{
    "type": "error",
    "extra": "hook all methods error",
    "package_name": "com.fanduel.casino",
    "class_name": "com.smartadserver.android.library.model.SASAdPlacement",
    "error": "Error: java.lang.ClassNotFoundException: Didn't find class \"com.smartadserver.android.library.model.SASAdPlacement\" on path: DexPathList[[zip file \"/data/app/~~e2gUSfwnL1eDTWWP3yG4wQ==/com.fanduel.casino-av4sY1g12DjiHEr1mJ8BGw==/base.apk\"],nativeLibraryDirectories=[/data/app/~~e2gUSfwnL1eDTWWP3yG4wQ==/com.fanduel.casino-av4sY1g12DjiHEr1mJ8BGw==/lib/arm64, /data/app/~~e2gUSfwnL1eDTWWP3yG4wQ==/com.fanduel.casino-av4sY1g12DjiHEr1mJ8BGw==/base.apk!/lib/arm64-v8a, /system/lib64, /system_ext/lib64]]"
},
{
    "type": "error",
    "extra": "hook all methods error",
    "package_name": "com.fanduel.casino",
    "class_name": "com.adjust.sdk.Adjust",
    "error": "Error: java.lang.ClassNotFoundException: Didn't find class \"com.adjust.sdk.Adjust\" on path: DexPathList[[zip file \"/data/app/~~e2gUSfwnL1eDTWWP3yG4wQ==/com.fanduel.casino-av4sY1g12DjiHEr1mJ8BGw==/base.apk\"],nativeLibraryDirectories=[/data/app/~~e2gUSfwnL1eDTWWP3yG4wQ==/com.fanduel.casino-av4sY1g12DjiHEr1mJ8BGw==/lib/arm64, /data/app/~~e2gUSfwnL1eDTWWP3yG4wQ==/com.fanduel.casino-av4sY1g12DjiHEr1mJ8BGw==/base.apk!/lib/arm64-v8a, /system/lib64, /system_ext/lib64]]"
},
{
    "type": "error",
    "extra": "hook all methods error",
    "package_name": "com.fanduel.casino",
    "class_name": "com.appsflyer.AppsFlyerConsent",
    "error": "Error: java.lang.ClassNotFoundException: Didn't find class \"com.appsflyer.AppsFlyerConsent\" on path: DexPathList[[zip file \"/data/app/~~e2gUSfwnL1eDTWWP3yG4wQ==/com.fanduel.casino-av4sY1g12DjiHEr1mJ8BGw==/base.apk\"],nativeLibraryDirectories=[/data/app/~~e2gUSfwnL1eDTWWP3yG4wQ==/com.fanduel.casino-av4sY1g12DjiHEr1mJ8BGw==/lib/arm64, /data/app/~~e2gUSfwnL1eDTWWP3yG4wQ==/com.fanduel.casino-av4sY1g12DjiHEr1mJ8BGw==/base.apk!/lib/arm64-v8a, /system/lib64, /system_ext/lib64]]"
},
{
    "type": "error",
    "extra": "hook all methods error",
    "package_name": "com.fanduel.casino",
    "class_name": "com.fyber.fairbid.user.UserInfo",
    "error": "Error: java.lang.ClassNotFoundException: Didn't find class \"com.fyber.fairbid.user.UserInfo\" on path: DexPathList[[zip file \"/data/app/~~e2gUSfwnL1eDTWWP3yG4wQ==/com.fanduel.casino-av4sY1g12DjiHEr1mJ8BGw==/base.apk\"],nativeLibraryDirectories=[/data/app/~~e2gUSfwnL1eDTWWP3yG4wQ==/com.fanduel.casino-av4sY1g12DjiHEr1mJ8BGw==/lib/arm64, /data/app/~~e2gUSfwnL1eDTWWP3yG4wQ==/com.fanduel.casino-av4sY1g12DjiHEr1mJ8BGw==/base.apk!/lib/arm64-v8a, /system/lib64, /system_ext/lib64]]"
},
{
    "type": "error",
    "extra": "hook all methods error",
    "package_name": "com.fanduel.casino",
    "class_name": "com.facebook.ads.AudienceNetworkAds",
    "error": "Error: java.lang.ClassNotFoundException: Didn't find class \"com.facebook.ads.AudienceNetworkAds\" on path: DexPathList[[zip file \"/data/app/~~e2gUSfwnL1eDTWWP3yG4wQ==/com.fanduel.casino-av4sY1g12DjiHEr1mJ8BGw==/base.apk\"],nativeLibraryDirectories=[/data/app/~~e2gUSfwnL1eDTWWP3yG4wQ==/com.fanduel.casino-av4sY1g12DjiHEr1mJ8BGw==/lib/arm64, /data/app/~~e2gUSfwnL1eDTWWP3yG4wQ==/com.fanduel.casino-av4sY1g12DjiHEr1mJ8BGw==/base.apk!/lib/arm64-v8a, /system/lib64, /system_ext/lib64]]"
},
{
    "type": "error",
    "extra": "hook all methods error",
    "package_name": "com.fanduel.casino",
    "class_name": "com.mobilefuse.sdk.MobileFuse",
    "error": "Error: java.lang.ClassNotFoundException: Didn't find class \"com.mobilefuse.sdk.MobileFuse\" on path: DexPathList[[zip file \"/data/app/~~e2gUSfwnL1eDTWWP3yG4wQ==/com.fanduel.casino-av4sY1g12DjiHEr1mJ8BGw==/base.apk\"],nativeLibraryDirectories=[/data/app/~~e2gUSfwnL1eDTWWP3yG4wQ==/com.fanduel.casino-av4sY1g12DjiHEr1mJ8BGw==/lib/arm64, /data/app/~~e2gUSfwnL1eDTWWP3yG4wQ==/com.fanduel.casino-av4sY1g12DjiHEr1mJ8BGw==/base.apk!/lib/arm64-v8a, /system/lib64, /system_ext/lib64]]"
},
{
    "type": "error",
    "extra": "hook all methods error",
    "package_name": "com.fanduel.casino",
    "class_name": "com.google.android.gms.ads.MobileAds",
    "error": "Error: java.lang.ClassNotFoundException: Didn't find class \"com.google.android.gms.ads.MobileAds\" on path: DexPathList[[zip file \"/data/app/~~e2gUSfwnL1eDTWWP3yG4wQ==/com.fanduel.casino-av4sY1g12DjiHEr1mJ8BGw==/base.apk\"],nativeLibraryDirectories=[/data/app/~~e2gUSfwnL1eDTWWP3yG4wQ==/com.fanduel.casino-av4sY1g12DjiHEr1mJ8BGw==/lib/arm64, /data/app/~~e2gUSfwnL1eDTWWP3yG4wQ==/com.fanduel.casino-av4sY1g12DjiHEr1mJ8BGw==/base.apk!/lib/arm64-v8a, /system/lib64, /system_ext/lib64]]"
},
{
    "type": "error",
    "extra": "hook all methods error",
    "package_name": "com.fanduel.casino",
    "class_name": "com.tradplus.ads.open.interstitial.TPInterstitial",
    "error": "Error: java.lang.ClassNotFoundException: Didn't find class \"com.tradplus.ads.open.interstitial.TPInterstitial\" on path: DexPathList[[zip file \"/data/app/~~e2gUSfwnL1eDTWWP3yG4wQ==/com.fanduel.casino-av4sY1g12DjiHEr1mJ8BGw==/base.apk\"],nativeLibraryDirectories=[/data/app/~~e2gUSfwnL1eDTWWP3yG4wQ==/com.fanduel.casino-av4sY1g12DjiHEr1mJ8BGw==/lib/arm64, /data/app/~~e2gUSfwnL1eDTWWP3yG4wQ==/com.fanduel.casino-av4sY1g12DjiHEr1mJ8BGw==/base.apk!/lib/arm64-v8a, /system/lib64, /system_ext/lib64]]"
},
{
    "type": "error",
    "extra": "hook all methods error",
    "package_name": "com.fanduel.casino",
    "class_name": "admost.sdk.AdMostView",
    "error": "Error: java.lang.ClassNotFoundException: Didn't find class \"admost.sdk.AdMostView\" on path: DexPathList[[zip file \"/data/app/~~e2gUSfwnL1eDTWWP3yG4wQ==/com.fanduel.casino-av4sY1g12DjiHEr1mJ8BGw==/base.apk\"],nativeLibraryDirectories=[/data/app/~~e2gUSfwnL1eDTWWP3yG4wQ==/com.fanduel.casino-av4sY1g12DjiHEr1mJ8BGw==/lib/arm64, /data/app/~~e2gUSfwnL1eDTWWP3yG4wQ==/com.fanduel.casino-av4sY1g12DjiHEr1mJ8BGw==/base.apk!/lib/arm64-v8a, /system/lib64, /system_ext/lib64]]"
},
{
    "type": "error",
    "extra": "hook all methods error",
    "package_name": "com.fanduel.casino",
    "class_name": "com.facebook.FacebookSdk",
    "error": "Error: java.lang.ClassNotFoundException: Didn't find class \"com.facebook.FacebookSdk\" on path: DexPathList[[zip file \"/data/app/~~e2gUSfwnL1eDTWWP3yG4wQ==/com.fanduel.casino-av4sY1g12DjiHEr1mJ8BGw==/base.apk\"],nativeLibraryDirectories=[/data/app/~~e2gUSfwnL1eDTWWP3yG4wQ==/com.fanduel.casino-av4sY1g12DjiHEr1mJ8BGw==/lib/arm64, /data/app/~~e2gUSfwnL1eDTWWP3yG4wQ==/com.fanduel.casino-av4sY1g12DjiHEr1mJ8BGw==/base.apk!/lib/arm64-v8a, /system/lib64, /system_ext/lib64]]"
},
{
    "type": "error",
    "extra": "hook all methods error",
    "package_name": "com.fanduel.casino",
    "class_name": "com.clevertap.android.sdk.CleverTapInstanceConfig",
    "error": "Error: java.lang.ClassNotFoundException: Didn't find class \"com.clevertap.android.sdk.CleverTapInstanceConfig\" on path: DexPathList[[zip file \"/data/app/~~e2gUSfwnL1eDTWWP3yG4wQ==/com.fanduel.casino-av4sY1g12DjiHEr1mJ8BGw==/base.apk\"],nativeLibraryDirectories=[/data/app/~~e2gUSfwnL1eDTWWP3yG4wQ==/com.fanduel.casino-av4sY1g12DjiHEr1mJ8BGw==/lib/arm64, /data/app/~~e2gUSfwnL1eDTWWP3yG4wQ==/com.fanduel.casino-av4sY1g12DjiHEr1mJ8BGw==/base.apk!/lib/arm64-v8a, /system/lib64, /system_ext/lib64]]"
},
{
    "type": "error",
    "extra": "hook all methods error",
    "package_name": "com.fanduel.casino",
    "class_name": "sg.bigo.ads.BigoAdSdk",
    "error": "Error: java.lang.ClassNotFoundException: Didn't find class \"sg.bigo.ads.BigoAdSdk\" on path: DexPathList[[zip file \"/data/app/~~e2gUSfwnL1eDTWWP3yG4wQ==/com.fanduel.casino-av4sY1g12DjiHEr1mJ8BGw==/base.apk\"],nativeLibraryDirectories=[/data/app/~~e2gUSfwnL1eDTWWP3yG4wQ==/com.fanduel.casino-av4sY1g12DjiHEr1mJ8BGw==/lib/arm64, /data/app/~~e2gUSfwnL1eDTWWP3yG4wQ==/com.fanduel.casino-av4sY1g12DjiHEr1mJ8BGw==/base.apk!/lib/arm64-v8a, /system/lib64, /system_ext/lib64]]"
},
{
    "type": "error",
    "extra": "hook all methods error",
    "package_name": "com.fanduel.casino",
    "class_name": "com.appbrain.AppBrain",
    "error": "Error: java.lang.ClassNotFoundException: Didn't find class \"com.appbrain.AppBrain\" on path: DexPathList[[zip file \"/data/app/~~e2gUSfwnL1eDTWWP3yG4wQ==/com.fanduel.casino-av4sY1g12DjiHEr1mJ8BGw==/base.apk\"],nativeLibraryDirectories=[/data/app/~~e2gUSfwnL1eDTWWP3yG4wQ==/com.fanduel.casino-av4sY1g12DjiHEr1mJ8BGw==/lib/arm64, /data/app/~~e2gUSfwnL1eDTWWP3yG4wQ==/com.fanduel.casino-av4sY1g12DjiHEr1mJ8BGw==/base.apk!/lib/arm64-v8a, /system/lib64, /system_ext/lib64]]"
},
{
    "type": "error",
    "extra": "hook all methods error",
    "package_name": "com.fanduel.casino",
    "class_name": "sg.bigo.ads.api.RewardVideoAdLoader",
    "error": "Error: java.lang.ClassNotFoundException: Didn't find class \"sg.bigo.ads.api.RewardVideoAdLoader\" on path: DexPathList[[zip file \"/data/app/~~e2gUSfwnL1eDTWWP3yG4wQ==/com.fanduel.casino-av4sY1g12DjiHEr1mJ8BGw==/base.apk\"],nativeLibraryDirectories=[/data/app/~~e2gUSfwnL1eDTWWP3yG4wQ==/com.fanduel.casino-av4sY1g12DjiHEr1mJ8BGw==/lib/arm64, /data/app/~~e2gUSfwnL1eDTWWP3yG4wQ==/com.fanduel.casino-av4sY1g12DjiHEr1mJ8BGw==/base.apk!/lib/arm64-v8a, /system/lib64, /system_ext/lib64]]"
},
{
    "type": "error",
    "extra": "hook all methods error",
    "package_name": "com.fanduel.casino",
    "class_name": "sg.bigo.ads.api.SplashAdLoader",
    "error": "Error: java.lang.ClassNotFoundException: Didn't find class \"sg.bigo.ads.api.SplashAdLoader\" on path: DexPathList[[zip file \"/data/app/~~e2gUSfwnL1eDTWWP3yG4wQ==/com.fanduel.casino-av4sY1g12DjiHEr1mJ8BGw==/base.apk\"],nativeLibraryDirectories=[/data/app/~~e2gUSfwnL1eDTWWP3yG4wQ==/com.fanduel.casino-av4sY1g12DjiHEr1mJ8BGw==/lib/arm64, /data/app/~~e2gUSfwnL1eDTWWP3yG4wQ==/com.fanduel.casino-av4sY1g12DjiHEr1mJ8BGw==/base.apk!/lib/arm64-v8a, /system/lib64, /system_ext/lib64]]"
},
{
    "type": "error",
    "extra": "hook all methods error",
    "package_name": "com.fanduel.casino",
    "class_name": "net.pubnative.lite.sdk.HyBid",
    "error": "Error: java.lang.ClassNotFoundException: Didn't find class \"net.pubnative.lite.sdk.HyBid\" on path: DexPathList[[zip file \"/data/app/~~e2gUSfwnL1eDTWWP3yG4wQ==/com.fanduel.casino-av4sY1g12DjiHEr1mJ8BGw==/base.apk\"],nativeLibraryDirectories=[/data/app/~~e2gUSfwnL1eDTWWP3yG4wQ==/com.fanduel.casino-av4sY1g12DjiHEr1mJ8BGw==/lib/arm64, /data/app/~~e2gUSfwnL1eDTWWP3yG4wQ==/com.fanduel.casino-av4sY1g12DjiHEr1mJ8BGw==/base.apk!/lib/arm64-v8a, /system/lib64, /system_ext/lib64]]"
},
{
    "type": "error",
    "extra": "hook all methods error",
    "package_name": "com.fanduel.casino",
    "class_name": "com.smaato.sdk.core.Config",
    "error": "Error: java.lang.ClassNotFoundException: Didn't find class \"com.smaato.sdk.core.Config\" on path: DexPathList[[zip file \"/data/app/~~e2gUSfwnL1eDTWWP3yG4wQ==/com.fanduel.casino-av4sY1g12DjiHEr1mJ8BGw==/base.apk\"],nativeLibraryDirectories=[/data/app/~~e2gUSfwnL1eDTWWP3yG4wQ==/com.fanduel.casino-av4sY1g12DjiHEr1mJ8BGw==/lib/arm64, /data/app/~~e2gUSfwnL1eDTWWP3yG4wQ==/com.fanduel.casino-av4sY1g12DjiHEr1mJ8BGw==/base.apk!/lib/arm64-v8a, /system/lib64, /system_ext/lib64]]"
},
{
    "type": "error",
    "extra": "hook all methods error",
    "package_name": "com.fanduel.casino",
    "class_name": "com.yandex.mobile.ads.common.MobileAds",
    "error": "Error: java.lang.ClassNotFoundException: Didn't find class \"com.yandex.mobile.ads.common.MobileAds\" on path: DexPathList[[zip file \"/data/app/~~e2gUSfwnL1eDTWWP3yG4wQ==/com.fanduel.casino-av4sY1g12DjiHEr1mJ8BGw==/base.apk\"],nativeLibraryDirectories=[/data/app/~~e2gUSfwnL1eDTWWP3yG4wQ==/com.fanduel.casino-av4sY1g12DjiHEr1mJ8BGw==/lib/arm64, /data/app/~~e2gUSfwnL1eDTWWP3yG4wQ==/com.fanduel.casino-av4sY1g12DjiHEr1mJ8BGw==/base.apk!/lib/arm64-v8a, /system/lib64, /system_ext/lib64]]"
},
{
    "type": "error",
    "extra": "hook all methods error",
    "package_name": "com.fanduel.casino",
    "class_name": "com.ogury.cm.OguryChoiceManagerExternal",
    "error": "Error: java.lang.ClassNotFoundException: Didn't find class \"com.ogury.cm.OguryChoiceManagerExternal\" on path: DexPathList[[zip file \"/data/app/~~e2gUSfwnL1eDTWWP3yG4wQ==/com.fanduel.casino-av4sY1g12DjiHEr1mJ8BGw==/base.apk\"],nativeLibraryDirectories=[/data/app/~~e2gUSfwnL1eDTWWP3yG4wQ==/com.fanduel.casino-av4sY1g12DjiHEr1mJ8BGw==/lib/arm64, /data/app/~~e2gUSfwnL1eDTWWP3yG4wQ==/com.fanduel.casino-av4sY1g12DjiHEr1mJ8BGw==/base.apk!/lib/arm64-v8a, /system/lib64, /system_ext/lib64]]"
},
{
    "type": "error",
    "extra": "hook all methods error",
    "package_name": "com.fanduel.casino",
    "class_name": "com.fyber.fairbid.ads.Banner",
    "error": "Error: java.lang.ClassNotFoundException: Didn't find class \"com.fyber.fairbid.ads.Banner\" on path: DexPathList[[zip file \"/data/app/~~e2gUSfwnL1eDTWWP3yG4wQ==/com.fanduel.casino-av4sY1g12DjiHEr1mJ8BGw==/base.apk\"],nativeLibraryDirectories=[/data/app/~~e2gUSfwnL1eDTWWP3yG4wQ==/com.fanduel.casino-av4sY1g12DjiHEr1mJ8BGw==/lib/arm64, /data/app/~~e2gUSfwnL1eDTWWP3yG4wQ==/com.fanduel.casino-av4sY1g12DjiHEr1mJ8BGw==/base.apk!/lib/arm64-v8a, /system/lib64, /system_ext/lib64]]"
},
{
    "type": "error",
    "extra": "hook all methods error",
    "package_name": "com.fanduel.casino",
    "class_name": "com.flurry.android.FlurryAdSettings",
    "error": "Error: java.lang.ClassNotFoundException: Didn't find class \"com.flurry.android.FlurryAdSettings\" on path: DexPathList[[zip file \"/data/app/~~e2gUSfwnL1eDTWWP3yG4wQ==/com.fanduel.casino-av4sY1g12DjiHEr1mJ8BGw==/base.apk\"],nativeLibraryDirectories=[/data/app/~~e2gUSfwnL1eDTWWP3yG4wQ==/com.fanduel.casino-av4sY1g12DjiHEr1mJ8BGw==/lib/arm64, /data/app/~~e2gUSfwnL1eDTWWP3yG4wQ==/com.fanduel.casino-av4sY1g12DjiHEr1mJ8BGw==/base.apk!/lib/arm64-v8a, /system/lib64, /system_ext/lib64]]"
},
{
    "type": "error",
    "extra": "hook all methods error",
    "package_name": "com.fanduel.casino",
    "class_name": "com.ogury.sdk.OguryConfiguration$Builder",
    "error": "Error: java.lang.ClassNotFoundException: Didn't find class \"com.ogury.sdk.OguryConfiguration$Builder\" on path: DexPathList[[zip file \"/data/app/~~e2gUSfwnL1eDTWWP3yG4wQ==/com.fanduel.casino-av4sY1g12DjiHEr1mJ8BGw==/base.apk\"],nativeLibraryDirectories=[/data/app/~~e2gUSfwnL1eDTWWP3yG4wQ==/com.fanduel.casino-av4sY1g12DjiHEr1mJ8BGw==/lib/arm64, /data/app/~~e2gUSfwnL1eDTWWP3yG4wQ==/com.fanduel.casino-av4sY1g12DjiHEr1mJ8BGw==/base.apk!/lib/arm64-v8a, /system/lib64, /system_ext/lib64]]"
},
{
    "type": "error",
    "extra": "hook all methods error",
    "package_name": "com.fanduel.casino",
    "class_name": "com.google.android.gms.ads.AdRequest$Builder",
    "error": "Error: java.lang.ClassNotFoundException: Didn't find class \"com.google.android.gms.ads.AdRequest$Builder\" on path: DexPathList[[zip file \"/data/app/~~e2gUSfwnL1eDTWWP3yG4wQ==/com.fanduel.casino-av4sY1g12DjiHEr1mJ8BGw==/base.apk\"],nativeLibraryDirectories=[/data/app/~~e2gUSfwnL1eDTWWP3yG4wQ==/com.fanduel.casino-av4sY1g12DjiHEr1mJ8BGw==/lib/arm64, /data/app/~~e2gUSfwnL1eDTWWP3yG4wQ==/com.fanduel.casino-av4sY1g12DjiHEr1mJ8BGw==/base.apk!/lib/arm64-v8a, /system/lib64, /system_ext/lib64]]"
},
{
    "type": "error",
    "extra": "hook all methods error",
    "package_name": "com.fanduel.casino",
    "class_name": "com.batch.android.BatchDataCollectionConfig",
    "error": "Error: java.lang.ClassNotFoundException: Didn't find class \"com.batch.android.BatchDataCollectionConfig\" on path: DexPathList[[zip file \"/data/app/~~e2gUSfwnL1eDTWWP3yG4wQ==/com.fanduel.casino-av4sY1g12DjiHEr1mJ8BGw==/base.apk\"],nativeLibraryDirectories=[/data/app/~~e2gUSfwnL1eDTWWP3yG4wQ==/com.fanduel.casino-av4sY1g12DjiHEr1mJ8BGw==/lib/arm64, /data/app/~~e2gUSfwnL1eDTWWP3yG4wQ==/com.fanduel.casino-av4sY1g12DjiHEr1mJ8BGw==/base.apk!/lib/arm64-v8a, /system/lib64, /system_ext/lib64]]"
},
{
    "type": "error",
    "extra": "hook all methods error",
    "package_name": "com.fanduel.casino",
    "class_name": "com.appnext.ads.interstitial.Interstitial",
    "error": "Error: java.lang.ClassNotFoundException: Didn't find class \"com.appnext.ads.interstitial.Interstitial\" on path: DexPathList[[zip file \"/data/app/~~e2gUSfwnL1eDTWWP3yG4wQ==/com.fanduel.casino-av4sY1g12DjiHEr1mJ8BGw==/base.apk\"],nativeLibraryDirectories=[/data/app/~~e2gUSfwnL1eDTWWP3yG4wQ==/com.fanduel.casino-av4sY1g12DjiHEr1mJ8BGw==/lib/arm64, /data/app/~~e2gUSfwnL1eDTWWP3yG4wQ==/com.fanduel.casino-av4sY1g12DjiHEr1mJ8BGw==/base.apk!/lib/arm64-v8a, /system/lib64, /system_ext/lib64]]"
},
{
    "type": "error",
    "extra": "hook all methods error",
    "package_name": "com.fanduel.casino",
    "class_name": "com.amplitude.api.DeviceInfo",
    "error": "Error: java.lang.ClassNotFoundException: Didn't find class \"com.amplitude.api.DeviceInfo\" on path: DexPathList[[zip file \"/data/app/~~e2gUSfwnL1eDTWWP3yG4wQ==/com.fanduel.casino-av4sY1g12DjiHEr1mJ8BGw==/base.apk\"],nativeLibraryDirectories=[/data/app/~~e2gUSfwnL1eDTWWP3yG4wQ==/com.fanduel.casino-av4sY1g12DjiHEr1mJ8BGw==/lib/arm64, /data/app/~~e2gUSfwnL1eDTWWP3yG4wQ==/com.fanduel.casino-av4sY1g12DjiHEr1mJ8BGw==/base.apk!/lib/arm64-v8a, /system/lib64, /system_ext/lib64]]"
},
{
    "type": "error",
    "extra": "hook all methods error",
    "package_name": "com.fanduel.casino",
    "class_name": "com.vpon.ads.VponAdRequest$Builder",
    "error": "Error: java.lang.ClassNotFoundException: Didn't find class \"com.vpon.ads.VponAdRequest$Builder\" on path: DexPathList[[zip file \"/data/app/~~e2gUSfwnL1eDTWWP3yG4wQ==/com.fanduel.casino-av4sY1g12DjiHEr1mJ8BGw==/base.apk\"],nativeLibraryDirectories=[/data/app/~~e2gUSfwnL1eDTWWP3yG4wQ==/com.fanduel.casino-av4sY1g12DjiHEr1mJ8BGw==/lib/arm64, /data/app/~~e2gUSfwnL1eDTWWP3yG4wQ==/com.fanduel.casino-av4sY1g12DjiHEr1mJ8BGw==/base.apk!/lib/arm64-v8a, /system/lib64, /system_ext/lib64]]"
},
{
    "type": "error",
    "extra": "hook all methods error",
    "package_name": "com.fanduel.casino",
    "class_name": "com.google.android.gms.ads.admanager.AdManagerAdRequest",
    "error": "Error: java.lang.ClassNotFoundException: Didn't find class \"com.google.android.gms.ads.admanager.AdManagerAdRequest\" on path: DexPathList[[zip file \"/data/app/~~e2gUSfwnL1eDTWWP3yG4wQ==/com.fanduel.casino-av4sY1g12DjiHEr1mJ8BGw==/base.apk\"],nativeLibraryDirectories=[/data/app/~~e2gUSfwnL1eDTWWP3yG4wQ==/com.fanduel.casino-av4sY1g12DjiHEr1mJ8BGw==/lib/arm64, /data/app/~~e2gUSfwnL1eDTWWP3yG4wQ==/com.fanduel.casino-av4sY1g12DjiHEr1mJ8BGw==/base.apk!/lib/arm64-v8a, /system/lib64, /system_ext/lib64]]"
},
{
    "type": "error",
    "extra": "hook all methods error",
    "package_name": "com.fanduel.casino",
    "class_name": "com.batch.android.Batch",
    "error": "Error: java.lang.ClassNotFoundException: Didn't find class \"com.batch.android.Batch\" on path: DexPathList[[zip file \"/data/app/~~e2gUSfwnL1eDTWWP3yG4wQ==/com.fanduel.casino-av4sY1g12DjiHEr1mJ8BGw==/base.apk\"],nativeLibraryDirectories=[/data/app/~~e2gUSfwnL1eDTWWP3yG4wQ==/com.fanduel.casino-av4sY1g12DjiHEr1mJ8BGw==/lib/arm64, /data/app/~~e2gUSfwnL1eDTWWP3yG4wQ==/com.fanduel.casino-av4sY1g12DjiHEr1mJ8BGw==/base.apk!/lib/arm64-v8a, /system/lib64, /system_ext/lib64]]"
},
{
    "type": "error",
    "extra": "hook all methods error",
    "package_name": "com.fanduel.casino",
    "class_name": "com.vpon.ads.VponMobileAds",
    "error": "Error: java.lang.ClassNotFoundException: Didn't find class \"com.vpon.ads.VponMobileAds\" on path: DexPathList[[zip file \"/data/app/~~e2gUSfwnL1eDTWWP3yG4wQ==/com.fanduel.casino-av4sY1g12DjiHEr1mJ8BGw==/base.apk\"],nativeLibraryDirectories=[/data/app/~~e2gUSfwnL1eDTWWP3yG4wQ==/com.fanduel.casino-av4sY1g12DjiHEr1mJ8BGw==/lib/arm64, /data/app/~~e2gUSfwnL1eDTWWP3yG4wQ==/com.fanduel.casino-av4sY1g12DjiHEr1mJ8BGw==/base.apk!/lib/arm64-v8a, /system/lib64, /system_ext/lib64]]"
},
{
    "type": "error",
    "extra": "hook all methods error",
    "package_name": "com.fanduel.casino",
    "class_name": "com.vungle.ads.VunglePrivacySettings",
    "error": "Error: java.lang.ClassNotFoundException: Didn't find class \"com.vungle.ads.VunglePrivacySettings\" on path: DexPathList[[zip file \"/data/app/~~e2gUSfwnL1eDTWWP3yG4wQ==/com.fanduel.casino-av4sY1g12DjiHEr1mJ8BGw==/base.apk\"],nativeLibraryDirectories=[/data/app/~~e2gUSfwnL1eDTWWP3yG4wQ==/com.fanduel.casino-av4sY1g12DjiHEr1mJ8BGw==/lib/arm64, /data/app/~~e2gUSfwnL1eDTWWP3yG4wQ==/com.fanduel.casino-av4sY1g12DjiHEr1mJ8BGw==/base.apk!/lib/arm64-v8a, /system/lib64, /system_ext/lib64]]"
},
{
    "type": "error",
    "extra": "hook all methods error",
    "package_name": "com.fanduel.casino",
    "class_name": "com.taboola.android.TaboolaWidget",
    "error": "Error: java.lang.ClassNotFoundException: Didn't find class \"com.taboola.android.TaboolaWidget\" on path: DexPathList[[zip file \"/data/app/~~e2gUSfwnL1eDTWWP3yG4wQ==/com.fanduel.casino-av4sY1g12DjiHEr1mJ8BGw==/base.apk\"],nativeLibraryDirectories=[/data/app/~~e2gUSfwnL1eDTWWP3yG4wQ==/com.fanduel.casino-av4sY1g12DjiHEr1mJ8BGw==/lib/arm64, /data/app/~~e2gUSfwnL1eDTWWP3yG4wQ==/com.fanduel.casino-av4sY1g12DjiHEr1mJ8BGw==/base.apk!/lib/arm64-v8a, /system/lib64, /system_ext/lib64]]"
},
{
    "type": "error",
    "extra": "hook all methods error",
    "package_name": "com.fanduel.casino",
    "class_name": "com.criteo.publisher.advancednative.CriteoNativeLoader",
    "error": "Error: java.lang.ClassNotFoundException: Didn't find class \"com.criteo.publisher.advancednative.CriteoNativeLoader\" on path: DexPathList[[zip file \"/data/app/~~e2gUSfwnL1eDTWWP3yG4wQ==/com.fanduel.casino-av4sY1g12DjiHEr1mJ8BGw==/base.apk\"],nativeLibraryDirectories=[/data/app/~~e2gUSfwnL1eDTWWP3yG4wQ==/com.fanduel.casino-av4sY1g12DjiHEr1mJ8BGw==/lib/arm64, /data/app/~~e2gUSfwnL1eDTWWP3yG4wQ==/com.fanduel.casino-av4sY1g12DjiHEr1mJ8BGw==/base.apk!/lib/arm64-v8a, /system/lib64, /system_ext/lib64]]"
},
{
    "type": "error",
    "extra": "hook all methods error",
    "package_name": "com.fanduel.casino",
    "class_name": "com.smaato.soma.VideoBannerView",
    "error": "Error: java.lang.ClassNotFoundException: Didn't find class \"com.smaato.soma.VideoBannerView\" on path: DexPathList[[zip file \"/data/app/~~e2gUSfwnL1eDTWWP3yG4wQ==/com.fanduel.casino-av4sY1g12DjiHEr1mJ8BGw==/base.apk\"],nativeLibraryDirectories=[/data/app/~~e2gUSfwnL1eDTWWP3yG4wQ==/com.fanduel.casino-av4sY1g12DjiHEr1mJ8BGw==/lib/arm64, /data/app/~~e2gUSfwnL1eDTWWP3yG4wQ==/com.fanduel.casino-av4sY1g12DjiHEr1mJ8BGw==/base.apk!/lib/arm64-v8a, /system/lib64, /system_ext/lib64]]"
},
{
    "type": "error",
    "extra": "hook all methods error",
    "package_name": "com.fanduel.casino",
    "class_name": "com.adxcorp.ads.ADXSdk",
    "error": "Error: java.lang.ClassNotFoundException: Didn't find class \"com.adxcorp.ads.ADXSdk\" on path: DexPathList[[zip file \"/data/app/~~e2gUSfwnL1eDTWWP3yG4wQ==/com.fanduel.casino-av4sY1g12DjiHEr1mJ8BGw==/base.apk\"],nativeLibraryDirectories=[/data/app/~~e2gUSfwnL1eDTWWP3yG4wQ==/com.fanduel.casino-av4sY1g12DjiHEr1mJ8BGw==/lib/arm64, /data/app/~~e2gUSfwnL1eDTWWP3yG4wQ==/com.fanduel.casino-av4sY1g12DjiHEr1mJ8BGw==/base.apk!/lib/arm64-v8a, /system/lib64, /system_ext/lib64]]"
},
{
    "type": "error",
    "extra": "hook all methods error",
    "package_name": "com.fanduel.casino",
    "class_name": "com.taboola.android.Taboola",
    "error": "Error: java.lang.ClassNotFoundException: Didn't find class \"com.taboola.android.Taboola\" on path: DexPathList[[zip file \"/data/app/~~e2gUSfwnL1eDTWWP3yG4wQ==/com.fanduel.casino-av4sY1g12DjiHEr1mJ8BGw==/base.apk\"],nativeLibraryDirectories=[/data/app/~~e2gUSfwnL1eDTWWP3yG4wQ==/com.fanduel.casino-av4sY1g12DjiHEr1mJ8BGw==/lib/arm64, /data/app/~~e2gUSfwnL1eDTWWP3yG4wQ==/com.fanduel.casino-av4sY1g12DjiHEr1mJ8BGw==/base.apk!/lib/arm64-v8a, /system/lib64, /system_ext/lib64]]"
},
{
    "type": "error",
    "extra": "hook all methods error",
    "package_name": "com.fanduel.casino",
    "class_name": "com.vungle.ads.InterstitialAd",
    "error": "Error: java.lang.ClassNotFoundException: Didn't find class \"com.vungle.ads.InterstitialAd\" on path: DexPathList[[zip file \"/data/app/~~e2gUSfwnL1eDTWWP3yG4wQ==/com.fanduel.casino-av4sY1g12DjiHEr1mJ8BGw==/base.apk\"],nativeLibraryDirectories=[/data/app/~~e2gUSfwnL1eDTWWP3yG4wQ==/com.fanduel.casino-av4sY1g12DjiHEr1mJ8BGw==/lib/arm64, /data/app/~~e2gUSfwnL1eDTWWP3yG4wQ==/com.fanduel.casino-av4sY1g12DjiHEr1mJ8BGw==/base.apk!/lib/arm64-v8a, /system/lib64, /system_ext/lib64]]"
},
{
    "type": "error",
    "extra": "hook all methods error",
    "package_name": "com.fanduel.casino",
    "class_name": "com.vpon.ads.VponBanner",
    "error": "Error: java.lang.ClassNotFoundException: Didn't find class \"com.vpon.ads.VponBanner\" on path: DexPathList[[zip file \"/data/app/~~e2gUSfwnL1eDTWWP3yG4wQ==/com.fanduel.casino-av4sY1g12DjiHEr1mJ8BGw==/base.apk\"],nativeLibraryDirectories=[/data/app/~~e2gUSfwnL1eDTWWP3yG4wQ==/com.fanduel.casino-av4sY1g12DjiHEr1mJ8BGw==/lib/arm64, /data/app/~~e2gUSfwnL1eDTWWP3yG4wQ==/com.fanduel.casino-av4sY1g12DjiHEr1mJ8BGw==/base.apk!/lib/arm64-v8a, /system/lib64, /system_ext/lib64]]"
},
{
    "type": "error",
    "extra": "hook all methods error",
    "package_name": "com.fanduel.casino",
    "class_name": "com.ogury.ed.OguryBannerAdView",
    "error": "Error: java.lang.ClassNotFoundException: Didn't find class \"com.ogury.ed.OguryBannerAdView\" on path: DexPathList[[zip file \"/data/app/~~e2gUSfwnL1eDTWWP3yG4wQ==/com.fanduel.casino-av4sY1g12DjiHEr1mJ8BGw==/base.apk\"],nativeLibraryDirectories=[/data/app/~~e2gUSfwnL1eDTWWP3yG4wQ==/com.fanduel.casino-av4sY1g12DjiHEr1mJ8BGw==/lib/arm64, /data/app/~~e2gUSfwnL1eDTWWP3yG4wQ==/com.fanduel.casino-av4sY1g12DjiHEr1mJ8BGw==/base.apk!/lib/arm64-v8a, /system/lib64, /system_ext/lib64]]"
},
{
    "type": "error",
    "extra": "hook all methods error",
    "package_name": "com.fanduel.casino",
    "class_name": "com.criteo.Criteo$Builder",
    "error": "Error: java.lang.ClassNotFoundException: Didn't find class \"com.criteo.Criteo$Builder\" on path: DexPathList[[zip file \"/data/app/~~e2gUSfwnL1eDTWWP3yG4wQ==/com.fanduel.casino-av4sY1g12DjiHEr1mJ8BGw==/base.apk\"],nativeLibraryDirectories=[/data/app/~~e2gUSfwnL1eDTWWP3yG4wQ==/com.fanduel.casino-av4sY1g12DjiHEr1mJ8BGw==/lib/arm64, /data/app/~~e2gUSfwnL1eDTWWP3yG4wQ==/com.fanduel.casino-av4sY1g12DjiHEr1mJ8BGw==/base.apk!/lib/arm64-v8a, /system/lib64, /system_ext/lib64]]"
},
{
    "type": "error",
    "extra": "hook all methods error",
    "package_name": "com.fanduel.casino",
    "class_name": "sg.bigo.ads.api.NativeAdLoader",
    "error": "Error: java.lang.ClassNotFoundException: Didn't find class \"sg.bigo.ads.api.NativeAdLoader\" on path: DexPathList[[zip file \"/data/app/~~e2gUSfwnL1eDTWWP3yG4wQ==/com.fanduel.casino-av4sY1g12DjiHEr1mJ8BGw==/base.apk\"],nativeLibraryDirectories=[/data/app/~~e2gUSfwnL1eDTWWP3yG4wQ==/com.fanduel.casino-av4sY1g12DjiHEr1mJ8BGw==/lib/arm64, /data/app/~~e2gUSfwnL1eDTWWP3yG4wQ==/com.fanduel.casino-av4sY1g12DjiHEr1mJ8BGw==/base.apk!/lib/arm64-v8a, /system/lib64, /system_ext/lib64]]"
},
{
    "type": "error",
    "extra": "hook all methods error",
    "package_name": "com.fanduel.casino",
    "class_name": "com.flurry.android.ads.FlurryAdBanner",
    "error": "Error: java.lang.ClassNotFoundException: Didn't find class \"com.flurry.android.ads.FlurryAdBanner\" on path: DexPathList[[zip file \"/data/app/~~e2gUSfwnL1eDTWWP3yG4wQ==/com.fanduel.casino-av4sY1g12DjiHEr1mJ8BGw==/base.apk\"],nativeLibraryDirectories=[/data/app/~~e2gUSfwnL1eDTWWP3yG4wQ==/com.fanduel.casino-av4sY1g12DjiHEr1mJ8BGw==/lib/arm64, /data/app/~~e2gUSfwnL1eDTWWP3yG4wQ==/com.fanduel.casino-av4sY1g12DjiHEr1mJ8BGw==/base.apk!/lib/arm64-v8a, /system/lib64, /system_ext/lib64]]"
},
{
    "type": "error",
    "extra": "hook all methods error",
    "package_name": "com.fanduel.casino",
    "class_name": "com.prodege.builder.InitOptions$Builder",
    "error": "Error: java.lang.ClassNotFoundException: Didn't find class \"com.prodege.builder.InitOptions$Builder\" on path: DexPathList[[zip file \"/data/app/~~e2gUSfwnL1eDTWWP3yG4wQ==/com.fanduel.casino-av4sY1g12DjiHEr1mJ8BGw==/base.apk\"],nativeLibraryDirectories=[/data/app/~~e2gUSfwnL1eDTWWP3yG4wQ==/com.fanduel.casino-av4sY1g12DjiHEr1mJ8BGw==/lib/arm64, /data/app/~~e2gUSfwnL1eDTWWP3yG4wQ==/com.fanduel.casino-av4sY1g12DjiHEr1mJ8BGw==/base.apk!/lib/arm64-v8a, /system/lib64, /system_ext/lib64]]"
},
{
    "type": "error",
    "extra": "hook all methods error",
    "package_name": "com.fanduel.casino",
    "class_name": "com.prodege.builder.InitOptions",
    "error": "Error: java.lang.ClassNotFoundException: Didn't find class \"com.prodege.builder.InitOptions\" on path: DexPathList[[zip file \"/data/app/~~e2gUSfwnL1eDTWWP3yG4wQ==/com.fanduel.casino-av4sY1g12DjiHEr1mJ8BGw==/base.apk\"],nativeLibraryDirectories=[/data/app/~~e2gUSfwnL1eDTWWP3yG4wQ==/com.fanduel.casino-av4sY1g12DjiHEr1mJ8BGw==/lib/arm64, /data/app/~~e2gUSfwnL1eDTWWP3yG4wQ==/com.fanduel.casino-av4sY1g12DjiHEr1mJ8BGw==/base.apk!/lib/arm64-v8a, /system/lib64, /system_ext/lib64]]"
},
{
    "type": "error",
    "extra": "hook all methods error",
    "package_name": "com.fanduel.casino",
    "class_name": "com.bytedance.sdk.openadsdk.api.open.PAGAppOpenAd",
    "error": "Error: java.lang.ClassNotFoundException: Didn't find class \"com.bytedance.sdk.openadsdk.api.open.PAGAppOpenAd\" on path: DexPathList[[zip file \"/data/app/~~e2gUSfwnL1eDTWWP3yG4wQ==/com.fanduel.casino-av4sY1g12DjiHEr1mJ8BGw==/base.apk\"],nativeLibraryDirectories=[/data/app/~~e2gUSfwnL1eDTWWP3yG4wQ==/com.fanduel.casino-av4sY1g12DjiHEr1mJ8BGw==/lib/arm64, /data/app/~~e2gUSfwnL1eDTWWP3yG4wQ==/com.fanduel.casino-av4sY1g12DjiHEr1mJ8BGw==/base.apk!/lib/arm64-v8a, /system/lib64, /system_ext/lib64]]"
},
{
    "type": "error",
    "extra": "hook all methods error",
    "package_name": "com.fanduel.casino",
    "class_name": "com.appodeal.consent.ConsentForm",
    "error": "Error: java.lang.ClassNotFoundException: Didn't find class \"com.appodeal.consent.ConsentForm\" on path: DexPathList[[zip file \"/data/app/~~e2gUSfwnL1eDTWWP3yG4wQ==/com.fanduel.casino-av4sY1g12DjiHEr1mJ8BGw==/base.apk\"],nativeLibraryDirectories=[/data/app/~~e2gUSfwnL1eDTWWP3yG4wQ==/com.fanduel.casino-av4sY1g12DjiHEr1mJ8BGw==/lib/arm64, /data/app/~~e2gUSfwnL1eDTWWP3yG4wQ==/com.fanduel.casino-av4sY1g12DjiHEr1mJ8BGw==/base.apk!/lib/arm64-v8a, /system/lib64, /system_ext/lib64]]"
},
{
    "type": "error",
    "extra": "hook all methods error",
    "package_name": "com.fanduel.casino",
    "class_name": "com.my.target.ads.InterstitialAd",
    "error": "Error: java.lang.ClassNotFoundException: Didn't find class \"com.my.target.ads.InterstitialAd\" on path: DexPathList[[zip file \"/data/app/~~e2gUSfwnL1eDTWWP3yG4wQ==/com.fanduel.casino-av4sY1g12DjiHEr1mJ8BGw==/base.apk\"],nativeLibraryDirectories=[/data/app/~~e2gUSfwnL1eDTWWP3yG4wQ==/com.fanduel.casino-av4sY1g12DjiHEr1mJ8BGw==/lib/arm64, /data/app/~~e2gUSfwnL1eDTWWP3yG4wQ==/com.fanduel.casino-av4sY1g12DjiHEr1mJ8BGw==/base.apk!/lib/arm64-v8a, /system/lib64, /system_ext/lib64]]"
},
{
    "type": "error",
    "extra": "hook all methods error",
    "package_name": "com.fanduel.casino",
    "class_name": "com.google.android.gms.ads.AdRequest",
    "error": "Error: java.lang.ClassNotFoundException: Didn't find class \"com.google.android.gms.ads.AdRequest\" on path: DexPathList[[zip file \"/data/app/~~e2gUSfwnL1eDTWWP3yG4wQ==/com.fanduel.casino-av4sY1g12DjiHEr1mJ8BGw==/base.apk\"],nativeLibraryDirectories=[/data/app/~~e2gUSfwnL1eDTWWP3yG4wQ==/com.fanduel.casino-av4sY1g12DjiHEr1mJ8BGw==/lib/arm64, /data/app/~~e2gUSfwnL1eDTWWP3yG4wQ==/com.fanduel.casino-av4sY1g12DjiHEr1mJ8BGw==/base.apk!/lib/arm64-v8a, /system/lib64, /system_ext/lib64]]"
},
{
    "type": "error",
    "extra": "hook all methods error",
    "package_name": "com.fanduel.casino",
    "class_name": "com.fyber.inneractive.sdk.external.InneractiveAdManager",
    "error": "Error: java.lang.ClassNotFoundException: Didn't find class \"com.fyber.inneractive.sdk.external.InneractiveAdManager\" on path: DexPathList[[zip file \"/data/app/~~e2gUSfwnL1eDTWWP3yG4wQ==/com.fanduel.casino-av4sY1g12DjiHEr1mJ8BGw==/base.apk\"],nativeLibraryDirectories=[/data/app/~~e2gUSfwnL1eDTWWP3yG4wQ==/com.fanduel.casino-av4sY1g12DjiHEr1mJ8BGw==/lib/arm64, /data/app/~~e2gUSfwnL1eDTWWP3yG4wQ==/com.fanduel.casino-av4sY1g12DjiHEr1mJ8BGw==/base.apk!/lib/arm64-v8a, /system/lib64, /system_ext/lib64]]"
},
{
    "type": "error",
    "extra": "hook all methods error",
    "package_name": "com.fanduel.casino",
    "class_name": "com.microsoft.appcenter.AppCenter",
    "error": "Error: java.lang.ClassNotFoundException: Didn't find class \"com.microsoft.appcenter.AppCenter\" on path: DexPathList[[zip file \"/data/app/~~e2gUSfwnL1eDTWWP3yG4wQ==/com.fanduel.casino-av4sY1g12DjiHEr1mJ8BGw==/base.apk\"],nativeLibraryDirectories=[/data/app/~~e2gUSfwnL1eDTWWP3yG4wQ==/com.fanduel.casino-av4sY1g12DjiHEr1mJ8BGw==/lib/arm64, /data/app/~~e2gUSfwnL1eDTWWP3yG4wQ==/com.fanduel.casino-av4sY1g12DjiHEr1mJ8BGw==/base.apk!/lib/arm64-v8a, /system/lib64, /system_ext/lib64]]"
},
{
    "type": "error",
    "extra": "hook all methods error",
    "package_name": "com.fanduel.casino",
    "class_name": "com.unity3d.ads.metadata.MetaData",
    "error": "Error: java.lang.ClassNotFoundException: Didn't find class \"com.unity3d.ads.metadata.MetaData\" on path: DexPathList[[zip file \"/data/app/~~e2gUSfwnL1eDTWWP3yG4wQ==/com.fanduel.casino-av4sY1g12DjiHEr1mJ8BGw==/base.apk\"],nativeLibraryDirectories=[/data/app/~~e2gUSfwnL1eDTWWP3yG4wQ==/com.fanduel.casino-av4sY1g12DjiHEr1mJ8BGw==/lib/arm64, /data/app/~~e2gUSfwnL1eDTWWP3yG4wQ==/com.fanduel.casino-av4sY1g12DjiHEr1mJ8BGw==/base.apk!/lib/arm64-v8a, /system/lib64, /system_ext/lib64]]"
},
{
    "type": "error",
    "extra": "hook all methods error",
    "package_name": "com.fanduel.casino",
    "class_name": "com.youappi.sdk.ads.YAInterstitialAd",
    "error": "Error: java.lang.ClassNotFoundException: Didn't find class \"com.youappi.sdk.ads.YAInterstitialAd\" on path: DexPathList[[zip file \"/data/app/~~e2gUSfwnL1eDTWWP3yG4wQ==/com.fanduel.casino-av4sY1g12DjiHEr1mJ8BGw==/base.apk\"],nativeLibraryDirectories=[/data/app/~~e2gUSfwnL1eDTWWP3yG4wQ==/com.fanduel.casino-av4sY1g12DjiHEr1mJ8BGw==/lib/arm64, /data/app/~~e2gUSfwnL1eDTWWP3yG4wQ==/com.fanduel.casino-av4sY1g12DjiHEr1mJ8BGw==/base.apk!/lib/arm64-v8a, /system/lib64, /system_ext/lib64]]"
},
{
    "type": "error",
    "extra": "hook all methods error",
    "package_name": "com.fanduel.casino",
    "class_name": "com.bytedance.sdk.openadsdk.api.nativeAd.PAGNativeAd",
    "error": "Error: java.lang.ClassNotFoundException: Didn't find class \"com.bytedance.sdk.openadsdk.api.nativeAd.PAGNativeAd\" on path: DexPathList[[zip file \"/data/app/~~e2gUSfwnL1eDTWWP3yG4wQ==/com.fanduel.casino-av4sY1g12DjiHEr1mJ8BGw==/base.apk\"],nativeLibraryDirectories=[/data/app/~~e2gUSfwnL1eDTWWP3yG4wQ==/com.fanduel.casino-av4sY1g12DjiHEr1mJ8BGw==/lib/arm64, /data/app/~~e2gUSfwnL1eDTWWP3yG4wQ==/com.fanduel.casino-av4sY1g12DjiHEr1mJ8BGw==/base.apk!/lib/arm64-v8a, /system/lib64, /system_ext/lib64]]"
},
{
    "type": "error",
    "extra": "hook all methods error",
    "package_name": "com.fanduel.casino",
    "class_name": "com.fyber.fairbid.ads.Rewarded",
    "error": "Error: java.lang.ClassNotFoundException: Didn't find class \"com.fyber.fairbid.ads.Rewarded\" on path: DexPathList[[zip file \"/data/app/~~e2gUSfwnL1eDTWWP3yG4wQ==/com.fanduel.casino-av4sY1g12DjiHEr1mJ8BGw==/base.apk\"],nativeLibraryDirectories=[/data/app/~~e2gUSfwnL1eDTWWP3yG4wQ==/com.fanduel.casino-av4sY1g12DjiHEr1mJ8BGw==/lib/arm64, /data/app/~~e2gUSfwnL1eDTWWP3yG4wQ==/com.fanduel.casino-av4sY1g12DjiHEr1mJ8BGw==/base.apk!/lib/arm64-v8a, /system/lib64, /system_ext/lib64]]"
},
{
    "type": "error",
    "extra": "hook all methods error",
    "package_name": "com.fanduel.casino",
    "class_name": "com.google.android.gms.ads.RequestConfiguration$Builder",
    "error": "Error: java.lang.ClassNotFoundException: Didn't find class \"com.google.android.gms.ads.RequestConfiguration$Builder\" on path: DexPathList[[zip file \"/data/app/~~e2gUSfwnL1eDTWWP3yG4wQ==/com.fanduel.casino-av4sY1g12DjiHEr1mJ8BGw==/base.apk\"],nativeLibraryDirectories=[/data/app/~~e2gUSfwnL1eDTWWP3yG4wQ==/com.fanduel.casino-av4sY1g12DjiHEr1mJ8BGw==/lib/arm64, /data/app/~~e2gUSfwnL1eDTWWP3yG4wQ==/com.fanduel.casino-av4sY1g12DjiHEr1mJ8BGw==/base.apk!/lib/arm64-v8a, /system/lib64, /system_ext/lib64]]"
},
{
    "type": "error",
    "extra": "hook all methods error",
    "package_name": "com.fanduel.casino",
    "class_name": "ly.count.android.sdk.Countly",
    "error": "Error: java.lang.ClassNotFoundException: Didn't find class \"ly.count.android.sdk.Countly\" on path: DexPathList[[zip file \"/data/app/~~e2gUSfwnL1eDTWWP3yG4wQ==/com.fanduel.casino-av4sY1g12DjiHEr1mJ8BGw==/base.apk\"],nativeLibraryDirectories=[/data/app/~~e2gUSfwnL1eDTWWP3yG4wQ==/com.fanduel.casino-av4sY1g12DjiHEr1mJ8BGw==/lib/arm64, /data/app/~~e2gUSfwnL1eDTWWP3yG4wQ==/com.fanduel.casino-av4sY1g12DjiHEr1mJ8BGw==/base.apk!/lib/arm64-v8a, /system/lib64, /system_ext/lib64]]"
},
{
    "type": "error",
    "extra": "hook all methods error",
    "package_name": "com.fanduel.casino",
    "class_name": "com.my.target.nativeads.NativeAd",
    "error": "Error: java.lang.ClassNotFoundException: Didn't find class \"com.my.target.nativeads.NativeAd\" on path: DexPathList[[zip file \"/data/app/~~e2gUSfwnL1eDTWWP3yG4wQ==/com.fanduel.casino-av4sY1g12DjiHEr1mJ8BGw==/base.apk\"],nativeLibraryDirectories=[/data/app/~~e2gUSfwnL1eDTWWP3yG4wQ==/com.fanduel.casino-av4sY1g12DjiHEr1mJ8BGw==/lib/arm64, /data/app/~~e2gUSfwnL1eDTWWP3yG4wQ==/com.fanduel.casino-av4sY1g12DjiHEr1mJ8BGw==/base.apk!/lib/arm64-v8a, /system/lib64, /system_ext/lib64]]"
},
{
    "type": "error",
    "extra": "hook all methods error",
    "package_name": "com.fanduel.casino",
    "class_name": "com.adsbynimbus.Nimbus",
    "error": "Error: java.lang.ClassNotFoundException: Didn't find class \"com.adsbynimbus.Nimbus\" on path: DexPathList[[zip file \"/data/app/~~e2gUSfwnL1eDTWWP3yG4wQ==/com.fanduel.casino-av4sY1g12DjiHEr1mJ8BGw==/base.apk\"],nativeLibraryDirectories=[/data/app/~~e2gUSfwnL1eDTWWP3yG4wQ==/com.fanduel.casino-av4sY1g12DjiHEr1mJ8BGw==/lib/arm64, /data/app/~~e2gUSfwnL1eDTWWP3yG4wQ==/com.fanduel.casino-av4sY1g12DjiHEr1mJ8BGw==/base.apk!/lib/arm64-v8a, /system/lib64, /system_ext/lib64]]"
},
{
    "type": "error",
    "extra": "hook all methods error",
    "package_name": "com.fanduel.casino",
    "class_name": "com.chartboost.sdk.ads.Banner",
    "error": "Error: java.lang.ClassNotFoundException: Didn't find class \"com.chartboost.sdk.ads.Banner\" on path: DexPathList[[zip file \"/data/app/~~e2gUSfwnL1eDTWWP3yG4wQ==/com.fanduel.casino-av4sY1g12DjiHEr1mJ8BGw==/base.apk\"],nativeLibraryDirectories=[/data/app/~~e2gUSfwnL1eDTWWP3yG4wQ==/com.fanduel.casino-av4sY1g12DjiHEr1mJ8BGw==/lib/arm64, /data/app/~~e2gUSfwnL1eDTWWP3yG4wQ==/com.fanduel.casino-av4sY1g12DjiHEr1mJ8BGw==/base.apk!/lib/arm64-v8a, /system/lib64, /system_ext/lib64]]"
},
{
    "type": "error",
    "extra": "hook all methods error",
    "package_name": "com.fanduel.casino",
    "class_name": "com.prodege.builder.UserProperties",
    "error": "Error: java.lang.ClassNotFoundException: Didn't find class \"com.prodege.builder.UserProperties\" on path: DexPathList[[zip file \"/data/app/~~e2gUSfwnL1eDTWWP3yG4wQ==/com.fanduel.casino-av4sY1g12DjiHEr1mJ8BGw==/base.apk\"],nativeLibraryDirectories=[/data/app/~~e2gUSfwnL1eDTWWP3yG4wQ==/com.fanduel.casino-av4sY1g12DjiHEr1mJ8BGw==/lib/arm64, /data/app/~~e2gUSfwnL1eDTWWP3yG4wQ==/com.fanduel.casino-av4sY1g12DjiHEr1mJ8BGw==/base.apk!/lib/arm64-v8a, /system/lib64, /system_ext/lib64]]"
},
{
    "type": "error",
    "extra": "hook all methods error",
    "package_name": "com.fanduel.casino",
    "class_name": "com.appnext.nativeads.NativeAd",
    "error": "Error: java.lang.ClassNotFoundException: Didn't find class \"com.appnext.nativeads.NativeAd\" on path: DexPathList[[zip file \"/data/app/~~e2gUSfwnL1eDTWWP3yG4wQ==/com.fanduel.casino-av4sY1g12DjiHEr1mJ8BGw==/base.apk\"],nativeLibraryDirectories=[/data/app/~~e2gUSfwnL1eDTWWP3yG4wQ==/com.fanduel.casino-av4sY1g12DjiHEr1mJ8BGw==/lib/arm64, /data/app/~~e2gUSfwnL1eDTWWP3yG4wQ==/com.fanduel.casino-av4sY1g12DjiHEr1mJ8BGw==/base.apk!/lib/arm64-v8a, /system/lib64, /system_ext/lib64]]"
},
{
    "type": "error",
    "extra": "hook all methods error",
    "package_name": "com.fanduel.casino",
    "class_name": "com.ogury.unity.optinvideo.OguryOptinVideoAd",
    "error": "Error: java.lang.ClassNotFoundException: Didn't find class \"com.ogury.unity.optinvideo.OguryOptinVideoAd\" on path: DexPathList[[zip file \"/data/app/~~e2gUSfwnL1eDTWWP3yG4wQ==/com.fanduel.casino-av4sY1g12DjiHEr1mJ8BGw==/base.apk\"],nativeLibraryDirectories=[/data/app/~~e2gUSfwnL1eDTWWP3yG4wQ==/com.fanduel.casino-av4sY1g12DjiHEr1mJ8BGw==/lib/arm64, /data/app/~~e2gUSfwnL1eDTWWP3yG4wQ==/com.fanduel.casino-av4sY1g12DjiHEr1mJ8BGw==/base.apk!/lib/arm64-v8a, /system/lib64, /system_ext/lib64]]"
},
{
    "type": "error",
    "extra": "hook all methods error",
    "package_name": "com.fanduel.casino",
    "class_name": "com.appodeal.ads.Appodeal",
    "error": "Error: java.lang.ClassNotFoundException: Didn't find class \"com.appodeal.ads.Appodeal\" on path: DexPathList[[zip file \"/data/app/~~e2gUSfwnL1eDTWWP3yG4wQ==/com.fanduel.casino-av4sY1g12DjiHEr1mJ8BGw==/base.apk\"],nativeLibraryDirectories=[/data/app/~~e2gUSfwnL1eDTWWP3yG4wQ==/com.fanduel.casino-av4sY1g12DjiHEr1mJ8BGw==/lib/arm64, /data/app/~~e2gUSfwnL1eDTWWP3yG4wQ==/com.fanduel.casino-av4sY1g12DjiHEr1mJ8BGw==/base.apk!/lib/arm64-v8a, /system/lib64, /system_ext/lib64]]"
},
{
    "type": "error",
    "extra": "hook all methods error",
    "package_name": "com.fanduel.casino",
    "class_name": "com.inmobi.ads.InMobiBanner",
    "error": "Error: java.lang.ClassNotFoundException: Didn't find class \"com.inmobi.ads.InMobiBanner\" on path: DexPathList[[zip file \"/data/app/~~e2gUSfwnL1eDTWWP3yG4wQ==/com.fanduel.casino-av4sY1g12DjiHEr1mJ8BGw==/base.apk\"],nativeLibraryDirectories=[/data/app/~~e2gUSfwnL1eDTWWP3yG4wQ==/com.fanduel.casino-av4sY1g12DjiHEr1mJ8BGw==/lib/arm64, /data/app/~~e2gUSfwnL1eDTWWP3yG4wQ==/com.fanduel.casino-av4sY1g12DjiHEr1mJ8BGw==/base.apk!/lib/arm64-v8a, /system/lib64, /system_ext/lib64]]"
},
{
    "type": "error",
    "extra": "hook all methods error",
    "package_name": "com.fanduel.casino",
    "class_name": "com.criteo.publisher.CriteoBannerView",
    "error": "Error: java.lang.ClassNotFoundException: Didn't find class \"com.criteo.publisher.CriteoBannerView\" on path: DexPathList[[zip file \"/data/app/~~e2gUSfwnL1eDTWWP3yG4wQ==/com.fanduel.casino-av4sY1g12DjiHEr1mJ8BGw==/base.apk\"],nativeLibraryDirectories=[/data/app/~~e2gUSfwnL1eDTWWP3yG4wQ==/com.fanduel.casino-av4sY1g12DjiHEr1mJ8BGw==/lib/arm64, /data/app/~~e2gUSfwnL1eDTWWP3yG4wQ==/com.fanduel.casino-av4sY1g12DjiHEr1mJ8BGw==/base.apk!/lib/arm64-v8a, /system/lib64, /system_ext/lib64]]"
},
{
    "type": "error",
    "extra": "hook all methods error",
    "package_name": "com.fanduel.casino",
    "class_name": "com.ogury.sdk.OguryConfiguration",
    "error": "Error: java.lang.ClassNotFoundException: Didn't find class \"com.ogury.sdk.OguryConfiguration\" on path: DexPathList[[zip file \"/data/app/~~e2gUSfwnL1eDTWWP3yG4wQ==/com.fanduel.casino-av4sY1g12DjiHEr1mJ8BGw==/base.apk\"],nativeLibraryDirectories=[/data/app/~~e2gUSfwnL1eDTWWP3yG4wQ==/com.fanduel.casino-av4sY1g12DjiHEr1mJ8BGw==/lib/arm64, /data/app/~~e2gUSfwnL1eDTWWP3yG4wQ==/com.fanduel.casino-av4sY1g12DjiHEr1mJ8BGw==/base.apk!/lib/arm64-v8a, /system/lib64, /system_ext/lib64]]"
},
{
    "type": "error",
    "extra": "hook all methods error",
    "package_name": "com.fanduel.casino",
    "class_name": "com.fyber.fairbid.ads.Interstitial",
    "error": "Error: java.lang.ClassNotFoundException: Didn't find class \"com.fyber.fairbid.ads.Interstitial\" on path: DexPathList[[zip file \"/data/app/~~e2gUSfwnL1eDTWWP3yG4wQ==/com.fanduel.casino-av4sY1g12DjiHEr1mJ8BGw==/base.apk\"],nativeLibraryDirectories=[/data/app/~~e2gUSfwnL1eDTWWP3yG4wQ==/com.fanduel.casino-av4sY1g12DjiHEr1mJ8BGw==/lib/arm64, /data/app/~~e2gUSfwnL1eDTWWP3yG4wQ==/com.fanduel.casino-av4sY1g12DjiHEr1mJ8BGw==/base.apk!/lib/arm64-v8a, /system/lib64, /system_ext/lib64]]"
},
{
    "type": "error",
    "extra": "hook all methods error",
    "package_name": "com.fanduel.casino",
    "class_name": "com.ogury.unity.cm.OguryChoiceManager",
    "error": "Error: java.lang.ClassNotFoundException: Didn't find class \"com.ogury.unity.cm.OguryChoiceManager\" on path: DexPathList[[zip file \"/data/app/~~e2gUSfwnL1eDTWWP3yG4wQ==/com.fanduel.casino-av4sY1g12DjiHEr1mJ8BGw==/base.apk\"],nativeLibraryDirectories=[/data/app/~~e2gUSfwnL1eDTWWP3yG4wQ==/com.fanduel.casino-av4sY1g12DjiHEr1mJ8BGw==/lib/arm64, /data/app/~~e2gUSfwnL1eDTWWP3yG4wQ==/com.fanduel.casino-av4sY1g12DjiHEr1mJ8BGw==/base.apk!/lib/arm64-v8a, /system/lib64, /system_ext/lib64]]"
},
{
    "type": "error",
    "extra": "hook all methods error",
    "package_name": "com.fanduel.casino",
    "class_name": "com.inmobi.sdk.InMobiSdk",
    "error": "Error: java.lang.ClassNotFoundException: Didn't find class \"com.inmobi.sdk.InMobiSdk\" on path: DexPathList[[zip file \"/data/app/~~e2gUSfwnL1eDTWWP3yG4wQ==/com.fanduel.casino-av4sY1g12DjiHEr1mJ8BGw==/base.apk\"],nativeLibraryDirectories=[/data/app/~~e2gUSfwnL1eDTWWP3yG4wQ==/com.fanduel.casino-av4sY1g12DjiHEr1mJ8BGw==/lib/arm64, /data/app/~~e2gUSfwnL1eDTWWP3yG4wQ==/com.fanduel.casino-av4sY1g12DjiHEr1mJ8BGw==/base.apk!/lib/arm64-v8a, /system/lib64, /system_ext/lib64]]"
},
{
    "type": "error",
    "extra": "hook all methods error",
    "package_name": "com.fanduel.casino",
    "class_name": "com.mixpanel.android.mpmetrics.MixpanelAPI",
    "error": "Error: java.lang.ClassNotFoundException: Didn't find class \"com.mixpanel.android.mpmetrics.MixpanelAPI\" on path: DexPathList[[zip file \"/data/app/~~e2gUSfwnL1eDTWWP3yG4wQ==/com.fanduel.casino-av4sY1g12DjiHEr1mJ8BGw==/base.apk\"],nativeLibraryDirectories=[/data/app/~~e2gUSfwnL1eDTWWP3yG4wQ==/com.fanduel.casino-av4sY1g12DjiHEr1mJ8BGw==/lib/arm64, /data/app/~~e2gUSfwnL1eDTWWP3yG4wQ==/com.fanduel.casino-av4sY1g12DjiHEr1mJ8BGw==/base.apk!/lib/arm64-v8a, /system/lib64, /system_ext/lib64]]"
},
{
    "type": "error",
    "extra": "hook all methods error",
    "package_name": "com.fanduel.casino",
    "class_name": "com.youappi.sdk.ads.YAAdRequest",
    "error": "Error: java.lang.ClassNotFoundException: Didn't find class \"com.youappi.sdk.ads.YAAdRequest\" on path: DexPathList[[zip file \"/data/app/~~e2gUSfwnL1eDTWWP3yG4wQ==/com.fanduel.casino-av4sY1g12DjiHEr1mJ8BGw==/base.apk\"],nativeLibraryDirectories=[/data/app/~~e2gUSfwnL1eDTWWP3yG4wQ==/com.fanduel.casino-av4sY1g12DjiHEr1mJ8BGw==/lib/arm64, /data/app/~~e2gUSfwnL1eDTWWP3yG4wQ==/com.fanduel.casino-av4sY1g12DjiHEr1mJ8BGw==/base.apk!/lib/arm64-v8a, /system/lib64, /system_ext/lib64]]"
},
{
    "type": "error",
    "extra": "hook all methods error",
    "package_name": "com.fanduel.casino",
    "class_name": "com.ogury.unity.thumbnailad.OguryThumbnailAd",
    "error": "Error: java.lang.ClassNotFoundException: Didn't find class \"com.ogury.unity.thumbnailad.OguryThumbnailAd\" on path: DexPathList[[zip file \"/data/app/~~e2gUSfwnL1eDTWWP3yG4wQ==/com.fanduel.casino-av4sY1g12DjiHEr1mJ8BGw==/base.apk\"],nativeLibraryDirectories=[/data/app/~~e2gUSfwnL1eDTWWP3yG4wQ==/com.fanduel.casino-av4sY1g12DjiHEr1mJ8BGw==/lib/arm64, /data/app/~~e2gUSfwnL1eDTWWP3yG4wQ==/com.fanduel.casino-av4sY1g12DjiHEr1mJ8BGw==/base.apk!/lib/arm64-v8a, /system/lib64, /system_ext/lib64]]"
},
{
    "type": "error",
    "extra": "hook all methods error",
    "package_name": "com.fanduel.casino",
    "class_name": "com.tappx.sdk.android.Tappx",
    "error": "Error: java.lang.ClassNotFoundException: Didn't find class \"com.tappx.sdk.android.Tappx\" on path: DexPathList[[zip file \"/data/app/~~e2gUSfwnL1eDTWWP3yG4wQ==/com.fanduel.casino-av4sY1g12DjiHEr1mJ8BGw==/base.apk\"],nativeLibraryDirectories=[/data/app/~~e2gUSfwnL1eDTWWP3yG4wQ==/com.fanduel.casino-av4sY1g12DjiHEr1mJ8BGw==/lib/arm64, /data/app/~~e2gUSfwnL1eDTWWP3yG4wQ==/com.fanduel.casino-av4sY1g12DjiHEr1mJ8BGw==/base.apk!/lib/arm64-v8a, /system/lib64, /system_ext/lib64]]"
},
{
    "type": "error",
    "extra": "hook all methods error",
    "package_name": "com.fanduel.casino",
    "class_name": "ly.count.android.sdk.CountlyConfig",
    "error": "Error: java.lang.ClassNotFoundException: Didn't find class \"ly.count.android.sdk.CountlyConfig\" on path: DexPathList[[zip file \"/data/app/~~e2gUSfwnL1eDTWWP3yG4wQ==/com.fanduel.casino-av4sY1g12DjiHEr1mJ8BGw==/base.apk\"],nativeLibraryDirectories=[/data/app/~~e2gUSfwnL1eDTWWP3yG4wQ==/com.fanduel.casino-av4sY1g12DjiHEr1mJ8BGw==/lib/arm64, /data/app/~~e2gUSfwnL1eDTWWP3yG4wQ==/com.fanduel.casino-av4sY1g12DjiHEr1mJ8BGw==/base.apk!/lib/arm64-v8a, /system/lib64, /system_ext/lib64]]"
},
{
    "type": "error",
    "extra": "hook all methods error",
    "package_name": "com.fanduel.casino",
    "class_name": "com.ogury.ed.OguryOptinVideoAd",
    "error": "Error: java.lang.ClassNotFoundException: Didn't find class \"com.ogury.ed.OguryOptinVideoAd\" on path: DexPathList[[zip file \"/data/app/~~e2gUSfwnL1eDTWWP3yG4wQ==/com.fanduel.casino-av4sY1g12DjiHEr1mJ8BGw==/base.apk\"],nativeLibraryDirectories=[/data/app/~~e2gUSfwnL1eDTWWP3yG4wQ==/com.fanduel.casino-av4sY1g12DjiHEr1mJ8BGw==/lib/arm64, /data/app/~~e2gUSfwnL1eDTWWP3yG4wQ==/com.fanduel.casino-av4sY1g12DjiHEr1mJ8BGw==/base.apk!/lib/arm64-v8a, /system/lib64, /system_ext/lib64]]"
},
{
    "type": "error",
    "extra": "hook all methods error",
    "package_name": "com.fanduel.casino",
    "class_name": "com.gameanalytics.sdk.GameAnalyticsJNI",
    "error": "Error: java.lang.ClassNotFoundException: Didn't find class \"com.gameanalytics.sdk.GameAnalyticsJNI\" on path: DexPathList[[zip file \"/data/app/~~e2gUSfwnL1eDTWWP3yG4wQ==/com.fanduel.casino-av4sY1g12DjiHEr1mJ8BGw==/base.apk\"],nativeLibraryDirectories=[/data/app/~~e2gUSfwnL1eDTWWP3yG4wQ==/com.fanduel.casino-av4sY1g12DjiHEr1mJ8BGw==/lib/arm64, /data/app/~~e2gUSfwnL1eDTWWP3yG4wQ==/com.fanduel.casino-av4sY1g12DjiHEr1mJ8BGw==/base.apk!/lib/arm64-v8a, /system/lib64, /system_ext/lib64]]"
},
{
    "type": "error",
    "extra": "hook all methods error",
    "package_name": "com.fanduel.casino",
    "class_name": "admost.sdk.AdMostInterstitial",
    "error": "Error: java.lang.ClassNotFoundException: Didn't find class \"admost.sdk.AdMostInterstitial\" on path: DexPathList[[zip file \"/data/app/~~e2gUSfwnL1eDTWWP3yG4wQ==/com.fanduel.casino-av4sY1g12DjiHEr1mJ8BGw==/base.apk\"],nativeLibraryDirectories=[/data/app/~~e2gUSfwnL1eDTWWP3yG4wQ==/com.fanduel.casino-av4sY1g12DjiHEr1mJ8BGw==/lib/arm64, /data/app/~~e2gUSfwnL1eDTWWP3yG4wQ==/com.fanduel.casino-av4sY1g12DjiHEr1mJ8BGw==/base.apk!/lib/arm64-v8a, /system/lib64, /system_ext/lib64]]"
},
{
    "type": "error",
    "extra": "hook all methods error",
    "package_name": "com.fanduel.casino",
    "class_name": "com.smaato.sdk.core.SmaatoSdk",
    "error": "Error: java.lang.ClassNotFoundException: Didn't find class \"com.smaato.sdk.core.SmaatoSdk\" on path: DexPathList[[zip file \"/data/app/~~e2gUSfwnL1eDTWWP3yG4wQ==/com.fanduel.casino-av4sY1g12DjiHEr1mJ8BGw==/base.apk\"],nativeLibraryDirectories=[/data/app/~~e2gUSfwnL1eDTWWP3yG4wQ==/com.fanduel.casino-av4sY1g12DjiHEr1mJ8BGw==/lib/arm64, /data/app/~~e2gUSfwnL1eDTWWP3yG4wQ==/com.fanduel.casino-av4sY1g12DjiHEr1mJ8BGw==/base.apk!/lib/arm64-v8a, /system/lib64, /system_ext/lib64]]"
},
{
    "type": "error",
    "extra": "hook all methods error",
    "package_name": "com.fanduel.casino",
    "class_name": "sg.bigo.ads.api.InterstitialAdLoader",
    "error": "Error: java.lang.ClassNotFoundException: Didn't find class \"sg.bigo.ads.api.InterstitialAdLoader\" on path: DexPathList[[zip file \"/data/app/~~e2gUSfwnL1eDTWWP3yG4wQ==/com.fanduel.casino-av4sY1g12DjiHEr1mJ8BGw==/base.apk\"],nativeLibraryDirectories=[/data/app/~~e2gUSfwnL1eDTWWP3yG4wQ==/com.fanduel.casino-av4sY1g12DjiHEr1mJ8BGw==/lib/arm64, /data/app/~~e2gUSfwnL1eDTWWP3yG4wQ==/com.fanduel.casino-av4sY1g12DjiHEr1mJ8BGw==/base.apk!/lib/arm64-v8a, /system/lib64, /system_ext/lib64]]"
},
{
    "type": "error",
    "extra": "hook all methods error",
    "package_name": "com.fanduel.casino",
    "class_name": "com.google.android.ump.ConsentInformation",
    "error": "Error: java.lang.ClassNotFoundException: Didn't find class \"com.google.android.ump.ConsentInformation\" on path: DexPathList[[zip file \"/data/app/~~e2gUSfwnL1eDTWWP3yG4wQ==/com.fanduel.casino-av4sY1g12DjiHEr1mJ8BGw==/base.apk\"],nativeLibraryDirectories=[/data/app/~~e2gUSfwnL1eDTWWP3yG4wQ==/com.fanduel.casino-av4sY1g12DjiHEr1mJ8BGw==/lib/arm64, /data/app/~~e2gUSfwnL1eDTWWP3yG4wQ==/com.fanduel.casino-av4sY1g12DjiHEr1mJ8BGw==/base.apk!/lib/arm64-v8a, /system/lib64, /system_ext/lib64]]"
},
{
    "type": "error",
    "extra": "hook all methods error",
    "package_name": "com.fanduel.casino",
    "class_name": "com.amplitude.api.Amplitude",
    "error": "Error: java.lang.ClassNotFoundException: Didn't find class \"com.amplitude.api.Amplitude\" on path: DexPathList[[zip file \"/data/app/~~e2gUSfwnL1eDTWWP3yG4wQ==/com.fanduel.casino-av4sY1g12DjiHEr1mJ8BGw==/base.apk\"],nativeLibraryDirectories=[/data/app/~~e2gUSfwnL1eDTWWP3yG4wQ==/com.fanduel.casino-av4sY1g12DjiHEr1mJ8BGw==/lib/arm64, /data/app/~~e2gUSfwnL1eDTWWP3yG4wQ==/com.fanduel.casino-av4sY1g12DjiHEr1mJ8BGw==/base.apk!/lib/arm64-v8a, /system/lib64, /system_ext/lib64]]"
},
{
    "type": "error",
    "extra": "hook all methods error",
    "package_name": "com.fanduel.casino",
    "class_name": "com.flurry.android.ads.FlurryAdNative",
    "error": "Error: java.lang.ClassNotFoundException: Didn't find class \"com.flurry.android.ads.FlurryAdNative\" on path: DexPathList[[zip file \"/data/app/~~e2gUSfwnL1eDTWWP3yG4wQ==/com.fanduel.casino-av4sY1g12DjiHEr1mJ8BGw==/base.apk\"],nativeLibraryDirectories=[/data/app/~~e2gUSfwnL1eDTWWP3yG4wQ==/com.fanduel.casino-av4sY1g12DjiHEr1mJ8BGw==/lib/arm64, /data/app/~~e2gUSfwnL1eDTWWP3yG4wQ==/com.fanduel.casino-av4sY1g12DjiHEr1mJ8BGw==/base.apk!/lib/arm64-v8a, /system/lib64, /system_ext/lib64]]"
},
{
    "type": "error",
    "extra": "hook all methods error",
    "package_name": "com.fanduel.casino",
    "class_name": "com.appsflyer.MediationNetwork",
    "error": "Error: java.lang.ClassNotFoundException: Didn't find class \"com.appsflyer.MediationNetwork\" on path: DexPathList[[zip file \"/data/app/~~e2gUSfwnL1eDTWWP3yG4wQ==/com.fanduel.casino-av4sY1g12DjiHEr1mJ8BGw==/base.apk\"],nativeLibraryDirectories=[/data/app/~~e2gUSfwnL1eDTWWP3yG4wQ==/com.fanduel.casino-av4sY1g12DjiHEr1mJ8BGw==/lib/arm64, /data/app/~~e2gUSfwnL1eDTWWP3yG4wQ==/com.fanduel.casino-av4sY1g12DjiHEr1mJ8BGw==/base.apk!/lib/arm64-v8a, /system/lib64, /system_ext/lib64]]"
},
{
    "type": "error",
    "extra": "hook all methods error",
    "package_name": "com.fanduel.casino",
    "class_name": "com.adjust.sdk.AdjustConfig",
    "error": "Error: java.lang.ClassNotFoundException: Didn't find class \"com.adjust.sdk.AdjustConfig\" on path: DexPathList[[zip file \"/data/app/~~e2gUSfwnL1eDTWWP3yG4wQ==/com.fanduel.casino-av4sY1g12DjiHEr1mJ8BGw==/base.apk\"],nativeLibraryDirectories=[/data/app/~~e2gUSfwnL1eDTWWP3yG4wQ==/com.fanduel.casino-av4sY1g12DjiHEr1mJ8BGw==/lib/arm64, /data/app/~~e2gUSfwnL1eDTWWP3yG4wQ==/com.fanduel.casino-av4sY1g12DjiHEr1mJ8BGw==/base.apk!/lib/arm64-v8a, /system/lib64, /system_ext/lib64]]"
},
{
    "type": "error",
    "extra": "hook all methods error",
    "package_name": "com.fanduel.casino",
    "class_name": "com.applovin.sdk.AppLovinPrivacySettings",
    "error": "Error: java.lang.ClassNotFoundException: Didn't find class \"com.applovin.sdk.AppLovinPrivacySettings\" on path: DexPathList[[zip file \"/data/app/~~e2gUSfwnL1eDTWWP3yG4wQ==/com.fanduel.casino-av4sY1g12DjiHEr1mJ8BGw==/base.apk\"],nativeLibraryDirectories=[/data/app/~~e2gUSfwnL1eDTWWP3yG4wQ==/com.fanduel.casino-av4sY1g12DjiHEr1mJ8BGw==/lib/arm64, /data/app/~~e2gUSfwnL1eDTWWP3yG4wQ==/com.fanduel.casino-av4sY1g12DjiHEr1mJ8BGw==/base.apk!/lib/arm64-v8a, /system/lib64, /system_ext/lib64]]"
},
{
    "type": "error",
    "extra": "hook all methods error",
    "package_name": "com.fanduel.casino",
    "class_name": "com.appnext.banners.BannerAdRequest",
    "error": "Error: java.lang.ClassNotFoundException: Didn't find class \"com.appnext.banners.BannerAdRequest\" on path: DexPathList[[zip file \"/data/app/~~e2gUSfwnL1eDTWWP3yG4wQ==/com.fanduel.casino-av4sY1g12DjiHEr1mJ8BGw==/base.apk\"],nativeLibraryDirectories=[/data/app/~~e2gUSfwnL1eDTWWP3yG4wQ==/com.fanduel.casino-av4sY1g12DjiHEr1mJ8BGw==/lib/arm64, /data/app/~~e2gUSfwnL1eDTWWP3yG4wQ==/com.fanduel.casino-av4sY1g12DjiHEr1mJ8BGw==/base.apk!/lib/arm64-v8a, /system/lib64, /system_ext/lib64]]"
},
{
    "type": "error",
    "extra": "hook all methods error",
    "package_name": "com.fanduel.casino",
    "class_name": "com.my.target.ads.RewardedAd",
    "error": "Error: java.lang.ClassNotFoundException: Didn't find class \"com.my.target.ads.RewardedAd\" on path: DexPathList[[zip file \"/data/app/~~e2gUSfwnL1eDTWWP3yG4wQ==/com.fanduel.casino-av4sY1g12DjiHEr1mJ8BGw==/base.apk\"],nativeLibraryDirectories=[/data/app/~~e2gUSfwnL1eDTWWP3yG4wQ==/com.fanduel.casino-av4sY1g12DjiHEr1mJ8BGw==/lib/arm64, /data/app/~~e2gUSfwnL1eDTWWP3yG4wQ==/com.fanduel.casino-av4sY1g12DjiHEr1mJ8BGw==/base.apk!/lib/arm64-v8a, /system/lib64, /system_ext/lib64]]"
},
{
    "type": "error",
    "extra": "hook all methods error",
    "package_name": "com.fanduel.casino",
    "class_name": "com.flurry.android.FlurryConsent",
    "error": "Error: java.lang.ClassNotFoundException: Didn't find class \"com.flurry.android.FlurryConsent\" on path: DexPathList[[zip file \"/data/app/~~e2gUSfwnL1eDTWWP3yG4wQ==/com.fanduel.casino-av4sY1g12DjiHEr1mJ8BGw==/base.apk\"],nativeLibraryDirectories=[/data/app/~~e2gUSfwnL1eDTWWP3yG4wQ==/com.fanduel.casino-av4sY1g12DjiHEr1mJ8BGw==/lib/arm64, /data/app/~~e2gUSfwnL1eDTWWP3yG4wQ==/com.fanduel.casino-av4sY1g12DjiHEr1mJ8BGw==/base.apk!/lib/arm64-v8a, /system/lib64, /system_ext/lib64]]"
},
{
    "type": "error",
    "extra": "hook all methods error",
    "package_name": "com.fanduel.casino",
    "class_name": "com.mobilefuse.sdk.MobileFuseTargetingData",
    "error": "Error: java.lang.ClassNotFoundException: Didn't find class \"com.mobilefuse.sdk.MobileFuseTargetingData\" on path: DexPathList[[zip file \"/data/app/~~e2gUSfwnL1eDTWWP3yG4wQ==/com.fanduel.casino-av4sY1g12DjiHEr1mJ8BGw==/base.apk\"],nativeLibraryDirectories=[/data/app/~~e2gUSfwnL1eDTWWP3yG4wQ==/com.fanduel.casino-av4sY1g12DjiHEr1mJ8BGw==/lib/arm64, /data/app/~~e2gUSfwnL1eDTWWP3yG4wQ==/com.fanduel.casino-av4sY1g12DjiHEr1mJ8BGw==/base.apk!/lib/arm64-v8a, /system/lib64, /system_ext/lib64]]"
},
{
    "type": "error",
    "extra": "hook all methods error",
    "package_name": "com.fanduel.casino",
    "class_name": "com.localytics.androidx.Localytics",
    "error": "Error: java.lang.ClassNotFoundException: Didn't find class \"com.localytics.androidx.Localytics\" on path: DexPathList[[zip file \"/data/app/~~e2gUSfwnL1eDTWWP3yG4wQ==/com.fanduel.casino-av4sY1g12DjiHEr1mJ8BGw==/base.apk\"],nativeLibraryDirectories=[/data/app/~~e2gUSfwnL1eDTWWP3yG4wQ==/com.fanduel.casino-av4sY1g12DjiHEr1mJ8BGw==/lib/arm64, /data/app/~~e2gUSfwnL1eDTWWP3yG4wQ==/com.fanduel.casino-av4sY1g12DjiHEr1mJ8BGw==/base.apk!/lib/arm64-v8a, /system/lib64, /system_ext/lib64]]"
},
{
    "type": "error",
    "extra": "hook all methods error",
    "package_name": "com.fanduel.casino",
    "class_name": "com.google.android.ump.UserMessagingPlatform",
    "error": "Error: java.lang.ClassNotFoundException: Didn't find class \"com.google.android.ump.UserMessagingPlatform\" on path: DexPathList[[zip file \"/data/app/~~e2gUSfwnL1eDTWWP3yG4wQ==/com.fanduel.casino-av4sY1g12DjiHEr1mJ8BGw==/base.apk\"],nativeLibraryDirectories=[/data/app/~~e2gUSfwnL1eDTWWP3yG4wQ==/com.fanduel.casino-av4sY1g12DjiHEr1mJ8BGw==/lib/arm64, /data/app/~~e2gUSfwnL1eDTWWP3yG4wQ==/com.fanduel.casino-av4sY1g12DjiHEr1mJ8BGw==/base.apk!/lib/arm64-v8a, /system/lib64, /system_ext/lib64]]"
},
{
    "type": "error",
    "extra": "hook all methods error",
    "package_name": "com.fanduel.casino",
    "class_name": "com.my.target.common.MyTargetManager",
    "error": "Error: java.lang.ClassNotFoundException: Didn't find class \"com.my.target.common.MyTargetManager\" on path: DexPathList[[zip file \"/data/app/~~e2gUSfwnL1eDTWWP3yG4wQ==/com.fanduel.casino-av4sY1g12DjiHEr1mJ8BGw==/base.apk\"],nativeLibraryDirectories=[/data/app/~~e2gUSfwnL1eDTWWP3yG4wQ==/com.fanduel.casino-av4sY1g12DjiHEr1mJ8BGw==/lib/arm64, /data/app/~~e2gUSfwnL1eDTWWP3yG4wQ==/com.fanduel.casino-av4sY1g12DjiHEr1mJ8BGw==/base.apk!/lib/arm64-v8a, /system/lib64, /system_ext/lib64]]"
},
{
    "type": "error",
    "extra": "hook all methods error",
    "package_name": "com.fanduel.casino",
    "class_name": "com.tapjoy.TJPrivacyPolicy",
    "error": "Error: java.lang.ClassNotFoundException: Didn't find class \"com.tapjoy.TJPrivacyPolicy\" on path: DexPathList[[zip file \"/data/app/~~e2gUSfwnL1eDTWWP3yG4wQ==/com.fanduel.casino-av4sY1g12DjiHEr1mJ8BGw==/base.apk\"],nativeLibraryDirectories=[/data/app/~~e2gUSfwnL1eDTWWP3yG4wQ==/com.fanduel.casino-av4sY1g12DjiHEr1mJ8BGw==/lib/arm64, /data/app/~~e2gUSfwnL1eDTWWP3yG4wQ==/com.fanduel.casino-av4sY1g12DjiHEr1mJ8BGw==/base.apk!/lib/arm64-v8a, /system/lib64, /system_ext/lib64]]"
},
{
    "type": "error",
    "extra": "hook all methods error",
    "package_name": "com.fanduel.casino",
    "class_name": "com.appnext.nativeads.NativeAdRequest",
    "error": "Error: java.lang.ClassNotFoundException: Didn't find class \"com.appnext.nativeads.NativeAdRequest\" on path: DexPathList[[zip file \"/data/app/~~e2gUSfwnL1eDTWWP3yG4wQ==/com.fanduel.casino-av4sY1g12DjiHEr1mJ8BGw==/base.apk\"],nativeLibraryDirectories=[/data/app/~~e2gUSfwnL1eDTWWP3yG4wQ==/com.fanduel.casino-av4sY1g12DjiHEr1mJ8BGw==/lib/arm64, /data/app/~~e2gUSfwnL1eDTWWP3yG4wQ==/com.fanduel.casino-av4sY1g12DjiHEr1mJ8BGw==/base.apk!/lib/arm64-v8a, /system/lib64, /system_ext/lib64]]"
},
{
    "type": "error",
    "extra": "hook all methods error",
    "package_name": "com.fanduel.casino",
    "class_name": "com.google.sdk.android.gms.ads.admanager.AdManagerAdRequest",
    "error": "Error: java.lang.ClassNotFoundException: Didn't find class \"com.google.sdk.android.gms.ads.admanager.AdManagerAdRequest\" on path: DexPathList[[zip file \"/data/app/~~e2gUSfwnL1eDTWWP3yG4wQ==/com.fanduel.casino-av4sY1g12DjiHEr1mJ8BGw==/base.apk\"],nativeLibraryDirectories=[/data/app/~~e2gUSfwnL1eDTWWP3yG4wQ==/com.fanduel.casino-av4sY1g12DjiHEr1mJ8BGw==/lib/arm64, /data/app/~~e2gUSfwnL1eDTWWP3yG4wQ==/com.fanduel.casino-av4sY1g12DjiHEr1mJ8BGw==/base.apk!/lib/arm64-v8a, /system/lib64, /system_ext/lib64]]"
},
{
    "type": "error",
    "extra": "hook all methods error",
    "package_name": "com.fanduel.casino",
    "class_name": "com.startapp.sdk.adsbase.StartAppAd",
    "error": "Error: java.lang.ClassNotFoundException: Didn't find class \"com.startapp.sdk.adsbase.StartAppAd\" on path: DexPathList[[zip file \"/data/app/~~e2gUSfwnL1eDTWWP3yG4wQ==/com.fanduel.casino-av4sY1g12DjiHEr1mJ8BGw==/base.apk\"],nativeLibraryDirectories=[/data/app/~~e2gUSfwnL1eDTWWP3yG4wQ==/com.fanduel.casino-av4sY1g12DjiHEr1mJ8BGw==/lib/arm64, /data/app/~~e2gUSfwnL1eDTWWP3yG4wQ==/com.fanduel.casino-av4sY1g12DjiHEr1mJ8BGw==/base.apk!/lib/arm64-v8a, /system/lib64, /system_ext/lib64]]"
},
{
    "type": "error",
    "extra": "hook all methods error",
    "package_name": "com.fanduel.casino",
    "class_name": "com.supersonic.mediationsdk.sdk.Supersonic",
    "error": "Error: java.lang.ClassNotFoundException: Didn't find class \"com.supersonic.mediationsdk.sdk.Supersonic\" on path: DexPathList[[zip file \"/data/app/~~e2gUSfwnL1eDTWWP3yG4wQ==/com.fanduel.casino-av4sY1g12DjiHEr1mJ8BGw==/base.apk\"],nativeLibraryDirectories=[/data/app/~~e2gUSfwnL1eDTWWP3yG4wQ==/com.fanduel.casino-av4sY1g12DjiHEr1mJ8BGw==/lib/arm64, /data/app/~~e2gUSfwnL1eDTWWP3yG4wQ==/com.fanduel.casino-av4sY1g12DjiHEr1mJ8BGw==/base.apk!/lib/arm64-v8a, /system/lib64, /system_ext/lib64]]"
},
{
    "type": "error",
    "extra": "hook all methods error",
    "package_name": "com.fanduel.casino",
    "class_name": "com.appnext.base.Appnext",
    "error": "Error: java.lang.ClassNotFoundException: Didn't find class \"com.appnext.base.Appnext\" on path: DexPathList[[zip file \"/data/app/~~e2gUSfwnL1eDTWWP3yG4wQ==/com.fanduel.casino-av4sY1g12DjiHEr1mJ8BGw==/base.apk\"],nativeLibraryDirectories=[/data/app/~~e2gUSfwnL1eDTWWP3yG4wQ==/com.fanduel.casino-av4sY1g12DjiHEr1mJ8BGw==/lib/arm64, /data/app/~~e2gUSfwnL1eDTWWP3yG4wQ==/com.fanduel.casino-av4sY1g12DjiHEr1mJ8BGw==/base.apk!/lib/arm64-v8a, /system/lib64, /system_ext/lib64]]"
},
{
    "type": "error",
    "extra": "hook all methods error",
    "package_name": "com.fanduel.casino",
    "class_name": "com.appnext.ads.fullscreen.RewardedVideo",
    "error": "Error: java.lang.ClassNotFoundException: Didn't find class \"com.appnext.ads.fullscreen.RewardedVideo\" on path: DexPathList[[zip file \"/data/app/~~e2gUSfwnL1eDTWWP3yG4wQ==/com.fanduel.casino-av4sY1g12DjiHEr1mJ8BGw==/base.apk\"],nativeLibraryDirectories=[/data/app/~~e2gUSfwnL1eDTWWP3yG4wQ==/com.fanduel.casino-av4sY1g12DjiHEr1mJ8BGw==/lib/arm64, /data/app/~~e2gUSfwnL1eDTWWP3yG4wQ==/com.fanduel.casino-av4sY1g12DjiHEr1mJ8BGw==/base.apk!/lib/arm64-v8a, /system/lib64, /system_ext/lib64]]"
},
{
    "type": "error",
    "extra": "hook all methods error",
    "package_name": "com.fanduel.casino",
    "class_name": "sg.bigo.ads.ConsentOptions",
    "error": "Error: java.lang.ClassNotFoundException: Didn't find class \"sg.bigo.ads.ConsentOptions\" on path: DexPathList[[zip file \"/data/app/~~e2gUSfwnL1eDTWWP3yG4wQ==/com.fanduel.casino-av4sY1g12DjiHEr1mJ8BGw==/base.apk\"],nativeLibraryDirectories=[/data/app/~~e2gUSfwnL1eDTWWP3yG4wQ==/com.fanduel.casino-av4sY1g12DjiHEr1mJ8BGw==/lib/arm64, /data/app/~~e2gUSfwnL1eDTWWP3yG4wQ==/com.fanduel.casino-av4sY1g12DjiHEr1mJ8BGw==/base.apk!/lib/arm64-v8a, /system/lib64, /system_ext/lib64]]"
},
{
    "type": "error",
    "extra": "hook all methods error",
    "package_name": "com.fanduel.casino",
    "class_name": "com.chartboost.sdk.ads.Rewarded",
    "error": "Error: java.lang.ClassNotFoundException: Didn't find class \"com.chartboost.sdk.ads.Rewarded\" on path: DexPathList[[zip file \"/data/app/~~e2gUSfwnL1eDTWWP3yG4wQ==/com.fanduel.casino-av4sY1g12DjiHEr1mJ8BGw==/base.apk\"],nativeLibraryDirectories=[/data/app/~~e2gUSfwnL1eDTWWP3yG4wQ==/com.fanduel.casino-av4sY1g12DjiHEr1mJ8BGw==/lib/arm64, /data/app/~~e2gUSfwnL1eDTWWP3yG4wQ==/com.fanduel.casino-av4sY1g12DjiHEr1mJ8BGw==/base.apk!/lib/arm64-v8a, /system/lib64, /system_ext/lib64]]"
},
{
    "type": "error",
    "extra": "hook all methods error",
    "package_name": "com.fanduel.casino",
    "class_name": "com.chartboost.sdk.Analytics",
    "error": "Error: java.lang.ClassNotFoundException: Didn't find class \"com.chartboost.sdk.Analytics\" on path: DexPathList[[zip file \"/data/app/~~e2gUSfwnL1eDTWWP3yG4wQ==/com.fanduel.casino-av4sY1g12DjiHEr1mJ8BGw==/base.apk\"],nativeLibraryDirectories=[/data/app/~~e2gUSfwnL1eDTWWP3yG4wQ==/com.fanduel.casino-av4sY1g12DjiHEr1mJ8BGw==/lib/arm64, /data/app/~~e2gUSfwnL1eDTWWP3yG4wQ==/com.fanduel.casino-av4sY1g12DjiHEr1mJ8BGw==/base.apk!/lib/arm64-v8a, /system/lib64, /system_ext/lib64]]"
},
{
    "type": "error",
    "extra": "hook all methods error",
    "package_name": "com.fanduel.casino",
    "class_name": "com.inmobi.ads.InMobiAudio",
    "error": "Error: java.lang.ClassNotFoundException: Didn't find class \"com.inmobi.ads.InMobiAudio\" on path: DexPathList[[zip file \"/data/app/~~e2gUSfwnL1eDTWWP3yG4wQ==/com.fanduel.casino-av4sY1g12DjiHEr1mJ8BGw==/base.apk\"],nativeLibraryDirectories=[/data/app/~~e2gUSfwnL1eDTWWP3yG4wQ==/com.fanduel.casino-av4sY1g12DjiHEr1mJ8BGw==/lib/arm64, /data/app/~~e2gUSfwnL1eDTWWP3yG4wQ==/com.fanduel.casino-av4sY1g12DjiHEr1mJ8BGw==/base.apk!/lib/arm64-v8a, /system/lib64, /system_ext/lib64]]"
},
{
    "type": "error",
    "extra": "hook all methods error",
    "package_name": "com.fanduel.casino",
    "class_name": "com.mobilefuse.sdk.privacy.MobileFusePrivacyPreferences",
    "error": "Error: java.lang.ClassNotFoundException: Didn't find class \"com.mobilefuse.sdk.privacy.MobileFusePrivacyPreferences\" on path: DexPathList[[zip file \"/data/app/~~e2gUSfwnL1eDTWWP3yG4wQ==/com.fanduel.casino-av4sY1g12DjiHEr1mJ8BGw==/base.apk\"],nativeLibraryDirectories=[/data/app/~~e2gUSfwnL1eDTWWP3yG4wQ==/com.fanduel.casino-av4sY1g12DjiHEr1mJ8BGw==/lib/arm64, /data/app/~~e2gUSfwnL1eDTWWP3yG4wQ==/com.fanduel.casino-av4sY1g12DjiHEr1mJ8BGw==/base.apk!/lib/arm64-v8a, /system/lib64, /system_ext/lib64]]"
},
{
    "type": "error",
    "extra": "hook all methods error",
    "package_name": "com.fanduel.casino",
    "class_name": "com.appnexus.opensdk.ANDSASettings",
    "error": "Error: java.lang.ClassNotFoundException: Didn't find class \"com.appnexus.opensdk.ANDSASettings\" on path: DexPathList[[zip file \"/data/app/~~e2gUSfwnL1eDTWWP3yG4wQ==/com.fanduel.casino-av4sY1g12DjiHEr1mJ8BGw==/base.apk\"],nativeLibraryDirectories=[/data/app/~~e2gUSfwnL1eDTWWP3yG4wQ==/com.fanduel.casino-av4sY1g12DjiHEr1mJ8BGw==/lib/arm64, /data/app/~~e2gUSfwnL1eDTWWP3yG4wQ==/com.fanduel.casino-av4sY1g12DjiHEr1mJ8BGw==/base.apk!/lib/arm64-v8a, /system/lib64, /system_ext/lib64]]"
},
